fecha_boletin;accion;tipo;fecha_vencimiento;strike;spot;volatilidad_cierre;delta_cierre;volumen_contratos;posicion_abierta
31/08/26;MINI IBEX-35;CALL;Sep-26;7.500;19974.1;66,64;1,00;;3
31/08/26;MINI IBEX-35;CALL;Sep-26;12.200;19974.1;46,77;1,00;;32
31/08/26;MINI IBEX-35;CALL;Sep-26;14.000;19974.1;39,16;1,00;;5
31/08/26;MINI IBEX-35;CALL;Sep-26;15.000;19974.1;34,93;1,00;;2
31/08/26;MINI IBEX-35;CALL;Sep-26;15.500;19974.1;32,81;1,00;;1
31/08/26;MINI IBEX-35;CALL;Sep-26;16.000;19974.1;30,70;1,00;;5.500
31/08/26;MINI IBEX-35;CALL;Sep-26;16.400;19974.1;29,01;1,00;;3
31/08/26;MINI IBEX-35;CALL;Sep-26;16.500;19974.1;28,59;1,00;;1
31/08/26;MINI IBEX-35;CALL;Sep-26;17.000;19974.1;26,47;1,00;;3
31/08/26;MINI IBEX-35;CALL;Sep-26;17.200;19974.1;25,63;1,00;;1
31/08/26;MINI IBEX-35;CALL;Sep-26;17.300;19974.1;25,20;0,99;;5
31/08/26;MINI IBEX-35;CALL;Sep-26;17.400;19974.1;24,78;0,99;;3
31/08/26;MINI IBEX-35;CALL;Sep-26;17.500;19974.1;24,36;0,99;;7
31/08/26;MINI IBEX-35;CALL;Sep-26;17.600;19974.1;23,93;0,99;;2
31/08/26;MINI IBEX-35;CALL;Sep-26;18.000;19974.1;22,24;0,98;;103
31/08/26;MINI IBEX-35;CALL;Sep-26;18.100;19974.1;21,82;0,98;;1
31/08/26;MINI IBEX-35;CALL;Sep-26;18.200;19974.1;21,40;0,98;;6
31/08/26;MINI IBEX-35;CALL;Sep-26;18.300;19974.1;20,97;0,97;;3
31/08/26;MINI IBEX-35;CALL;Sep-26;18.400;19974.1;20,55;0,97;;2
31/08/26;MINI IBEX-35;CALL;Sep-26;18.500;19974.1;20,13;0,96;;25
31/08/26;MINI IBEX-35;CALL;Sep-26;18.600;19974.1;19,71;0,95;;1
31/08/26;MINI IBEX-35;CALL;Sep-26;18.700;19974.1;19,28;0,94;;1
31/08/26;MINI IBEX-35;CALL;Sep-26;18.900;19974.1;18,44;0,92;;3
31/08/26;MINI IBEX-35;CALL;Sep-26;18.950;19974.1;18,23;0,91;;3
31/08/26;MINI IBEX-35;CALL;Sep-26;19.000;19974.1;18,01;0,91;;9
31/08/26;MINI IBEX-35;CALL;Sep-26;19.100;19974.1;17,59;0,89;;18
31/08/26;MINI IBEX-35;CALL;Sep-26;19.200;19974.1;17,17;0,87;;4
31/08/26;MINI IBEX-35;CALL;Sep-26;19.250;19974.1;16,96;0,85;;1
31/08/26;MINI IBEX-35;CALL;Sep-26;19.300;19974.1;16,75;0,84;;5
31/08/26;MINI IBEX-35;CALL;Sep-26;19.350;19974.1;16,53;0,83;;5
31/08/26;MINI IBEX-35;CALL;Sep-26;19.400;19974.1;16,32;0,81;;7
31/08/26;MINI IBEX-35;CALL;Sep-26;19.450;19974.1;16,11;0,79;;3
31/08/26;MINI IBEX-35;CALL;Sep-26;19.500;19974.1;15,90;0,78;;38
31/08/26;MINI IBEX-35;CALL;Sep-26;19.550;19974.1;15,69;0,76;;1
31/08/26;MINI IBEX-35;CALL;Sep-26;19.600;19974.1;15,48;0,74;;2
31/08/26;MINI IBEX-35;CALL;Sep-26;19.650;19974.1;15,27;0,71;;11
31/08/26;MINI IBEX-35;CALL;Sep-26;19.700;19974.1;15,05;0,69;1;5
31/08/26;MINI IBEX-35;CALL;Sep-26;19.750;19974.1;14,84;0,67;;3
31/08/26;MINI IBEX-35;CALL;Sep-26;19.800;19974.1;14,63;0,64;1;8
31/08/26;MINI IBEX-35;CALL;Sep-26;19.850;19974.1;14,42;0,61;;1
31/08/26;MINI IBEX-35;CALL;Sep-26;19.900;19974.1;14,21;0,58;2;120
31/08/26;MINI IBEX-35;CALL;Sep-26;19.950;19974.1;14,00;0,55;;23
31/08/26;MINI IBEX-35;CALL;Sep-26;20.000;19974.1;13,79;0,52;3;89
31/08/26;MINI IBEX-35;CALL;Sep-26;20.050;19974.1;13,64;0,49;;9
31/08/26;MINI IBEX-35;CALL;Sep-26;20.100;19974.1;13,54;0,45;3;9
31/08/26;MINI IBEX-35;CALL;Sep-26;20.150;19974.1;13,45;0,42;1;4
31/08/26;MINI IBEX-35;CALL;Sep-26;20.200;19974.1;13,35;0,39;1;8
31/08/26;MINI IBEX-35;CALL;Sep-26;20.250;19974.1;13,26;0,36;3;14
31/08/26;MINI IBEX-35;CALL;Sep-26;20.300;19974.1;13,16;0,32;2;46
31/08/26;MINI IBEX-35;CALL;Sep-26;20.350;19974.1;13,07;0,29;;12
31/08/26;MINI IBEX-35;CALL;Sep-26;20.400;19974.1;12,97;0,26;;11
31/08/26;MINI IBEX-35;CALL;Sep-26;20.450;19974.1;12,88;0,24;1;7
31/08/26;MINI IBEX-35;CALL;Sep-26;20.500;19974.1;12,78;0,21;;19
31/08/26;MINI IBEX-35;CALL;Sep-26;20.550;19974.1;12,69;0,18;;1
31/08/26;MINI IBEX-35;CALL;Sep-26;20.600;19974.1;12,59;0,16;;8
31/08/26;MINI IBEX-35;CALL;Sep-26;20.650;19974.1;12,50;0,14;;100
31/08/26;MINI IBEX-35;CALL;Sep-26;20.700;19974.1;12,40;0,12;3;107
31/08/26;MINI IBEX-35;CALL;Sep-26;20.750;19974.1;12,31;0,10;;100
31/08/26;MINI IBEX-35;CALL;Sep-26;20.800;19974.1;12,21;0,08;;6
31/08/26;MINI IBEX-35;CALL;Sep-26;20.900;19974.1;12,02;0,06;;6
31/08/26;MINI IBEX-35;CALL;Sep-26;21.000;19974.1;11,83;0,04;1;8
31/08/26;MINI IBEX-35;CALL;Sep-26;21.050;19974.1;11,74;0,03;;2
31/08/26;MINI IBEX-35;CALL;Sep-26;21.100;19974.1;11,65;0,02;;1
31/08/26;MINI IBEX-35;CALL;Sep-26;21.200;19974.1;11,46;0,01;;11
31/08/26;MINI IBEX-35;CALL;Sep-26;21.300;19974.1;11,27;0,01;;5
31/08/26;MINI IBEX-35;CALL;Sep-26;24.000;19974.1;6,14;;;5.500
31/08/26;MINI IBEX-35;CALL;Oct-26;19.450;19974.1;16,21;0,70;;1
31/08/26;MINI IBEX-35;CALL;Oct-26;19.550;19974.1;15,86;0,67;;1
31/08/26;MINI IBEX-35;CALL;Oct-26;20.000;19974.1;14,27;0,52;2;5
31/08/26;MINI IBEX-35;CALL;Oct-26;20.100;19974.1;14,07;0,48;;1
31/08/26;MINI IBEX-35;CALL;Oct-26;20.200;19974.1;13,91;0,44;;8
31/08/26;MINI IBEX-35;CALL;Oct-26;20.250;19974.1;13,84;0,42;;4
31/08/26;MINI IBEX-35;CALL;Oct-26;20.300;19974.1;13,76;0,40;1;1
31/08/26;MINI IBEX-35;CALL;Oct-26;20.400;19974.1;13,61;0,36;;1
31/08/26;MINI IBEX-35;CALL;Oct-26;20.500;19974.1;13,45;0,32;;1
31/08/26;MINI IBEX-35;CALL;Oct-26;20.650;19974.1;13,22;0,26;;100
31/08/26;MINI IBEX-35;CALL;Oct-26;20.700;19974.1;13,15;0,25;11;112
31/08/26;MINI IBEX-35;CALL;Oct-26;20.750;19974.1;13,07;0,23;;100
31/08/26;MINI IBEX-35;CALL;Oct-26;20.800;19974.1;12,99;0,21;;2
31/08/26;MINI IBEX-35;CALL;Oct-26;20.900;19974.1;12,84;0,18;;1
31/08/26;MINI IBEX-35;CALL;Oct-26;21.000;19974.1;12,69;0,15;6;6
31/08/26;MINI IBEX-35;CALL;Oct-26;21.100;19974.1;12,53;0,13;;4
31/08/26;MINI IBEX-35;CALL;Oct-26;21.400;19974.1;12,07;0,06;1;2
31/08/26;MINI IBEX-35;CALL;Oct-26;21.600;19974.1;11,77;0,04;;2
31/08/26;MINI IBEX-35;CALL;Nov-26;19.700;19974.1;16,12;0,58;;1
31/08/26;MINI IBEX-35;CALL;Nov-26;19.900;19974.1;15,48;0,53;;1
31/08/26;MINI IBEX-35;CALL;Nov-26;19.950;19974.1;15,32;0,52;;1
31/08/26;MINI IBEX-35;CALL;Nov-26;20.000;19974.1;15,20;0,50;;1
31/08/26;MINI IBEX-35;CALL;Nov-26;20.700;19974.1;14,19;0,31;;1
31/08/26;MINI IBEX-35;CALL;Nov-26;21.000;19974.1;13,75;0,23;1;1
31/08/26;MINI IBEX-35;CALL;Nov-26;21.250;19974.1;13,39;0,17;;1
31/08/26;MINI IBEX-35;CALL;Nov-26;22.100;19974.1;12,15;0,04;;1
31/08/26;MINI IBEX-35;CALL;Dic-26;8.300;19974.1;50,31;0,99;;655
31/08/26;MINI IBEX-35;CALL;Dic-26;8.600;19974.1;49,42;0,99;;1.250
31/08/26;MINI IBEX-35;CALL;Dic-26;10.500;19974.1;43,82;0,99;;30
31/08/26;MINI IBEX-35;CALL;Dic-26;12.000;19974.1;39,39;0,99;;12
31/08/26;MINI IBEX-35;CALL;Dic-26;12.200;19974.1;38,80;0,98;;32
31/08/26;MINI IBEX-35;CALL;Dic-26;13.000;19974.1;36,44;0,98;;1
31/08/26;MINI IBEX-35;CALL;Dic-26;14.800;19974.1;31,13;0,96;;32
31/08/26;MINI IBEX-35;CALL;Dic-26;15.300;19974.1;29,66;0,95;;1
31/08/26;MINI IBEX-35;CALL;Dic-26;16.000;19974.1;27,59;0,93;;10
31/08/26;MINI IBEX-35;CALL;Dic-26;16.400;19974.1;26,41;0,92;;6.000
31/08/26;MINI IBEX-35;CALL;Dic-26;16.700;19974.1;25,53;0,91;;1.500
31/08/26;MINI IBEX-35;CALL;Dic-26;16.900;19974.1;24,94;0,90;;5
31/08/26;MINI IBEX-35;CALL;Dic-26;17.000;19974.1;24,64;0,89;;19
31/08/26;MINI IBEX-35;CALL;Dic-26;17.100;19974.1;24,34;0,89;;5
31/08/26;MINI IBEX-35;CALL;Dic-26;17.200;19974.1;24,05;0,88;;1
31/08/26;MINI IBEX-35;CALL;Dic-26;17.300;19974.1;23,75;0,87;;1
31/08/26;MINI IBEX-35;CALL;Dic-26;17.400;19974.1;23,46;0,87;;8
31/08/26;MINI IBEX-35;CALL;Dic-26;17.500;19974.1;23,16;0,86;;1.006
31/08/26;MINI IBEX-35;CALL;Dic-26;17.600;19974.1;22,87;0,85;;11
31/08/26;MINI IBEX-35;CALL;Dic-26;17.700;19974.1;22,57;0,85;;5.007
31/08/26;MINI IBEX-35;CALL;Dic-26;17.800;19974.1;22,28;0,84;;92
31/08/26;MINI IBEX-35;CALL;Dic-26;17.900;19974.1;21,98;0,83;;5.004
31/08/26;MINI IBEX-35;CALL;Dic-26;18.000;19974.1;21,69;0,82;;6
31/08/26;MINI IBEX-35;CALL;Dic-26;18.100;19974.1;21,39;0,81;;1
31/08/26;MINI IBEX-35;CALL;Dic-26;18.300;19974.1;20,80;0,79;;5
31/08/26;MINI IBEX-35;CALL;Dic-26;18.400;19974.1;20,51;0,78;;1
31/08/26;MINI IBEX-35;CALL;Dic-26;18.500;19974.1;20,21;0,77;;6.004
31/08/26;MINI IBEX-35;CALL;Dic-26;18.600;19974.1;19,92;0,76;;1
31/08/26;MINI IBEX-35;CALL;Dic-26;18.900;19974.1;19,03;0,72;;1
31/08/26;MINI IBEX-35;CALL;Dic-26;19.000;19974.1;18,74;0,70;;3
31/08/26;MINI IBEX-35;CALL;Dic-26;19.100;19974.1;18,44;0,69;;1
31/08/26;MINI IBEX-35;CALL;Dic-26;19.200;19974.1;18,15;0,67;;4
31/08/26;MINI IBEX-35;CALL;Dic-26;19.300;19974.1;17,85;0,65;;2
31/08/26;MINI IBEX-35;CALL;Dic-26;19.500;19974.1;17,26;0,62;;4
31/08/26;MINI IBEX-35;CALL;Dic-26;19.600;19974.1;16,97;0,60;;1
31/08/26;MINI IBEX-35;CALL;Dic-26;19.700;19974.1;16,67;0,58;;1
31/08/26;MINI IBEX-35;CALL;Dic-26;19.800;19974.1;16,38;0,56;;3
31/08/26;MINI IBEX-35;CALL;Dic-26;19.900;19974.1;16,08;0,54;;6
31/08/26;MINI IBEX-35;CALL;Dic-26;20.000;19974.1;15,79;0,51;;9
31/08/26;MINI IBEX-35;CALL;Dic-26;20.100;19974.1;15,66;0,49;;12
31/08/26;MINI IBEX-35;CALL;Dic-26;20.200;19974.1;15,52;0,47;;11
31/08/26;MINI IBEX-35;CALL;Dic-26;20.300;19974.1;15,38;0,44;;1
31/08/26;MINI IBEX-35;CALL;Dic-26;20.400;19974.1;15,24;0,42;;5
31/08/26;MINI IBEX-35;CALL;Dic-26;20.500;19974.1;15,10;0,40;;6.004
31/08/26;MINI IBEX-35;CALL;Dic-26;20.600;19974.1;14,96;0,37;;7
31/08/26;MINI IBEX-35;CALL;Dic-26;20.700;19974.1;14,83;0,35;;2
31/08/26;MINI IBEX-35;CALL;Dic-26;20.900;19974.1;14,55;0,30;;2
31/08/26;MINI IBEX-35;CALL;Dic-26;21.000;19974.1;14,41;0,28;1;5.203
31/08/26;MINI IBEX-35;CALL;Dic-26;21.100;19974.1;14,27;0,26;;1
31/08/26;MINI IBEX-35;CALL;Dic-26;21.200;19974.1;14,13;0,24;;6
31/08/26;MINI IBEX-35;CALL;Dic-26;21.300;19974.1;14,00;0,22;1;12
31/08/26;MINI IBEX-35;CALL;Dic-26;21.700;19974.1;13,44;0,14;;4
31/08/26;MINI IBEX-35;CALL;Dic-26;21.900;19974.1;13,17;0,11;;1
31/08/26;MINI IBEX-35;CALL;Dic-26;22.000;19974.1;13,03;0,10;;3
31/08/26;MINI IBEX-35;CALL;Dic-26;22.200;19974.1;12,75;0,07;;3
31/08/26;MINI IBEX-35;CALL;Dic-26;22.300;19974.1;12,61;0,06;;1
31/08/26;MINI IBEX-35;CALL;Mar-27;12.600;19974.1;33,73;0,96;;1
31/08/26;MINI IBEX-35;CALL;Mar-27;13.000;19974.1;32,81;0,96;;2
31/08/26;MINI IBEX-35;CALL;Mar-27;13.500;19974.1;31,65;0,95;;3
31/08/26;MINI IBEX-35;CALL;Mar-27;13.900;19974.1;30,73;0,94;;3
31/08/26;MINI IBEX-35;CALL;Mar-27;14.000;19974.1;30,50;0,94;;1
31/08/26;MINI IBEX-35;CALL;Mar-27;14.100;19974.1;30,27;0,94;;1
31/08/26;MINI IBEX-35;CALL;Mar-27;15.300;19974.1;27,49;0,91;;3
31/08/26;MINI IBEX-35;CALL;Mar-27;16.800;19974.1;24,03;0,85;;1
31/08/26;MINI IBEX-35;CALL;Mar-27;17.000;19974.1;23,56;0,84;;2
31/08/26;MINI IBEX-35;CALL;Mar-27;17.900;19974.1;21,48;0,77;;1
31/08/26;MINI IBEX-35;CALL;Mar-27;18.000;19974.1;21,25;0,77;;750
31/08/26;MINI IBEX-35;CALL;Mar-27;18.500;19974.1;20,10;0,72;;2
31/08/26;MINI IBEX-35;CALL;Mar-27;18.900;19974.1;19,17;0,68;;2
31/08/26;MINI IBEX-35;CALL;Mar-27;19.000;19974.1;18,94;0,66;;1
31/08/26;MINI IBEX-35;CALL;Mar-27;19.100;19974.1;18,71;0,65;;1
31/08/26;MINI IBEX-35;CALL;Mar-27;19.300;19974.1;18,25;0,63;;4
31/08/26;MINI IBEX-35;CALL;Mar-27;20.100;19974.1;16,46;0,51;;1
31/08/26;MINI IBEX-35;CALL;Mar-27;20.200;19974.1;16,34;0,49;1;
31/08/26;MINI IBEX-35;CALL;Mar-27;20.500;19974.1;15,98;0,44;;1
31/08/26;MINI IBEX-35;CALL;Mar-27;20.600;19974.1;15,86;0,43;;1
31/08/26;MINI IBEX-35;CALL;Mar-27;20.700;19974.1;15,74;0,41;;2
31/08/26;MINI IBEX-35;CALL;Mar-27;20.800;19974.1;15,62;0,39;;1
31/08/26;MINI IBEX-35;CALL;Mar-27;21.000;19974.1;15,38;0,36;;1
31/08/26;MINI IBEX-35;CALL;Mar-27;22.000;19974.1;14,18;0,20;;3
31/08/26;MINI IBEX-35;CALL;Jun-27;18.500;19974.1;20,44;0,68;;2
31/08/26;MINI IBEX-35;CALL;Jun-27;19.000;19974.1;19,40;0,63;;2
31/08/26;MINI IBEX-35;CALL;Jun-27;19.200;19974.1;18,98;0,61;;6
31/08/26;MINI IBEX-35;CALL;Jun-27;22.000;19974.1;15,07;0,25;;1
31/08/26;MINI IBEX-35;CALL;Jun-27;24.000;19974.1;12,76;0,06;;3
31/08/26;MINI IBEX-35;CALL;Sep-27;19.800;19974.1;18,36;0,53;;1
31/08/26;MINI IBEX-35;CALL;Dic-27;14.000;19974.1;28,97;0,86;;2
31/08/26;MINI IBEX-35;CALL;Dic-27;16.200;19974.1;25,13;0,78;;32
31/08/26;MINI IBEX-35;CALL;Dic-27;16.300;19974.1;24,96;0,77;;96
31/08/26;MINI IBEX-35;CALL;Dic-27;16.400;19974.1;24,78;0,77;;32
31/08/26;MINI IBEX-35;CALL;Dic-27;16.500;19974.1;24,61;0,76;;32
31/08/26;MINI IBEX-35;CALL;Dic-27;16.700;19974.1;24,26;0,75;;32
31/08/26;MINI IBEX-35;CALL;Dic-27;17.600;19974.1;22,69;0,70;;32
31/08/26;MINI IBEX-35;CALL;Dic-27;19.400;19974.1;19,55;0,57;;6.750
31/08/26;MINI IBEX-35;CALL;Dic-27;19.500;19974.1;19,37;0,56;;4
31/08/26;MINI IBEX-35;CALL;Dic-27;20.500;19974.1;18,02;0,46;;1
31/08/26;MINI IBEX-35;CALL;Mar-28;18.400;19974.1;21,44;0,64;;32
31/08/26;MINI IBEX-35;CALL;Mar-28;18.500;19974.1;21,28;0,63;;32
31/08/26;MINI IBEX-35;CALL;Mar-28;18.600;19974.1;21,11;0,63;;32
31/08/26;MINI IBEX-35;CALL;Dic-28;16.800;19974.1;23,17;0,69;;1.800
31/08/26;MINI IBEX-35;PUT;Sep-26;13.000;19974.1;43,39;;;2
31/08/26;MINI IBEX-35;PUT;Sep-26;13.100;19974.1;42,96;;;2
31/08/26;MINI IBEX-35;PUT;Sep-26;13.500;19974.1;41,27;;;2
31/08/26;MINI IBEX-35;PUT;Sep-26;13.600;19974.1;40,85;;;1
31/08/26;MINI IBEX-35;PUT;Sep-26;13.700;19974.1;40,43;;;2
31/08/26;MINI IBEX-35;PUT;Sep-26;13.900;19974.1;39,58;;;1
31/08/26;MINI IBEX-35;PUT;Sep-26;14.000;19974.1;39,16;;;4
31/08/26;MINI IBEX-35;PUT;Sep-26;14.100;19974.1;38,73;;;2
31/08/26;MINI IBEX-35;PUT;Sep-26;14.200;19974.1;38,31;;;1
31/08/26;MINI IBEX-35;PUT;Sep-26;14.300;19974.1;37,89;;;1
31/08/26;MINI IBEX-35;PUT;Sep-26;14.400;19974.1;37,47;;;4
31/08/26;MINI IBEX-35;PUT;Sep-26;14.500;19974.1;37,04;;;5
31/08/26;MINI IBEX-35;PUT;Sep-26;14.600;19974.1;36,62;;;5
31/08/26;MINI IBEX-35;PUT;Sep-26;14.700;19974.1;36,20;;;3
31/08/26;MINI IBEX-35;PUT;Sep-26;15.000;19974.1;34,93;;;41
31/08/26;MINI IBEX-35;PUT;Sep-26;15.100;19974.1;34,51;;;1
31/08/26;MINI IBEX-35;PUT;Sep-26;15.200;19974.1;34,08;;;2
31/08/26;MINI IBEX-35;PUT;Sep-26;15.300;19974.1;33,66;;;7
31/08/26;MINI IBEX-35;PUT;Sep-26;15.400;19974.1;33,24;;;5
31/08/26;MINI IBEX-35;PUT;Sep-26;15.500;19974.1;32,81;;;44
31/08/26;MINI IBEX-35;PUT;Sep-26;15.600;19974.1;32,39;;;1
31/08/26;MINI IBEX-35;PUT;Sep-26;15.700;19974.1;31,97;;;1
31/08/26;MINI IBEX-35;PUT;Sep-26;15.800;19974.1;31,55;;;3
31/08/26;MINI IBEX-35;PUT;Sep-26;15.900;19974.1;31,12;;;17
31/08/26;MINI IBEX-35;PUT;Sep-26;16.000;19974.1;30,70;;;5.506
31/08/26;MINI IBEX-35;PUT;Sep-26;16.100;19974.1;30,28;;;2
31/08/26;MINI IBEX-35;PUT;Sep-26;16.300;19974.1;29,43;;;1
31/08/26;MINI IBEX-35;PUT;Sep-26;16.400;19974.1;29,01;;;3
31/08/26;MINI IBEX-35;PUT;Sep-26;16.500;19974.1;28,59;;;40
31/08/26;MINI IBEX-35;PUT;Sep-26;16.600;19974.1;28,16;;;1
31/08/26;MINI IBEX-35;PUT;Sep-26;16.700;19974.1;27,74;;;1
31/08/26;MINI IBEX-35;PUT;Sep-26;16.800;19974.1;27,32;;;4
31/08/26;MINI IBEX-35;PUT;Sep-26;17.000;19974.1;26,47;;;145
31/08/26;MINI IBEX-35;PUT;Sep-26;17.200;19974.1;25,63;;;2
31/08/26;MINI IBEX-35;PUT;Sep-26;17.300;19974.1;25,20;;;2
31/08/26;MINI IBEX-35;PUT;Sep-26;17.400;19974.1;24,78;-0,01;;8
31/08/26;MINI IBEX-35;PUT;Sep-26;17.500;19974.1;24,36;-0,01;;114
31/08/26;MINI IBEX-35;PUT;Sep-26;17.600;19974.1;23,93;-0,01;;10
31/08/26;MINI IBEX-35;PUT;Sep-26;17.700;19974.1;23,51;-0,01;;3
31/08/26;MINI IBEX-35;PUT;Sep-26;17.800;19974.1;23,09;-0,01;;8
31/08/26;MINI IBEX-35;PUT;Sep-26;17.850;19974.1;22,88;-0,01;;3
31/08/26;MINI IBEX-35;PUT;Sep-26;17.900;19974.1;22,67;-0,01;;3
31/08/26;MINI IBEX-35;PUT;Sep-26;17.950;19974.1;22,45;-0,01;;2
31/08/26;MINI IBEX-35;PUT;Sep-26;18.000;19974.1;22,24;-0,02;;23
31/08/26;MINI IBEX-35;PUT;Sep-26;18.100;19974.1;21,82;-0,02;;5
31/08/26;MINI IBEX-35;PUT;Sep-26;18.150;19974.1;21,61;-0,02;;111
31/08/26;MINI IBEX-35;PUT;Sep-26;18.200;19974.1;21,40;-0,02;;17
31/08/26;MINI IBEX-35;PUT;Sep-26;18.300;19974.1;20,97;-0,03;;4
31/08/26;MINI IBEX-35;PUT;Sep-26;18.350;19974.1;20,76;-0,03;;1
31/08/26;MINI IBEX-35;PUT;Sep-26;18.400;19974.1;20,55;-0,03;;20
31/08/26;MINI IBEX-35;PUT;Sep-26;18.500;19974.1;20,13;-0,04;;20
31/08/26;MINI IBEX-35;PUT;Sep-26;18.550;19974.1;19,92;-0,04;;2
31/08/26;MINI IBEX-35;PUT;Sep-26;18.600;19974.1;19,71;-0,05;;11
31/08/26;MINI IBEX-35;PUT;Sep-26;18.700;19974.1;19,28;-0,05;;5
31/08/26;MINI IBEX-35;PUT;Sep-26;18.750;19974.1;19,07;-0,06;;5
31/08/26;MINI IBEX-35;PUT;Sep-26;18.800;19974.1;18,86;-0,06;;6
31/08/26;MINI IBEX-35;PUT;Sep-26;18.850;19974.1;18,65;-0,07;;2
31/08/26;MINI IBEX-35;PUT;Sep-26;18.900;19974.1;18,44;-0,08;;2
31/08/26;MINI IBEX-35;PUT;Sep-26;18.950;19974.1;18,23;-0,09;;2
31/08/26;MINI IBEX-35;PUT;Sep-26;19.000;19974.1;18,01;-0,09;;10.906
31/08/26;MINI IBEX-35;PUT;Sep-26;19.050;19974.1;17,80;-0,10;;7
31/08/26;MINI IBEX-35;PUT;Sep-26;19.100;19974.1;17,59;-0,11;;26
31/08/26;MINI IBEX-35;PUT;Sep-26;19.150;19974.1;17,38;-0,12;;2
31/08/26;MINI IBEX-35;PUT;Sep-26;19.200;19974.1;17,17;-0,13;;11
31/08/26;MINI IBEX-35;PUT;Sep-26;19.250;19974.1;16,96;-0,15;;1
31/08/26;MINI IBEX-35;PUT;Sep-26;19.300;19974.1;16,75;-0,16;;11
31/08/26;MINI IBEX-35;PUT;Sep-26;19.350;19974.1;16,53;-0,17;;13
31/08/26;MINI IBEX-35;PUT;Sep-26;19.400;19974.1;16,32;-0,19;;9
31/08/26;MINI IBEX-35;PUT;Sep-26;19.500;19974.1;15,90;-0,22;;22
31/08/26;MINI IBEX-35;PUT;Sep-26;19.550;19974.1;15,69;-0,24;;3
31/08/26;MINI IBEX-35;PUT;Sep-26;19.600;19974.1;15,48;-0,26;76;80
31/08/26;MINI IBEX-35;PUT;Sep-26;19.650;19974.1;15,27;-0,29;;76
31/08/26;MINI IBEX-35;PUT;Sep-26;19.700;19974.1;15,05;-0,31;;29
31/08/26;MINI IBEX-35;PUT;Sep-26;19.800;19974.1;14,63;-0,36;;107
31/08/26;MINI IBEX-35;PUT;Sep-26;19.850;19974.1;14,42;-0,39;1;105
31/08/26;MINI IBEX-35;PUT;Sep-26;19.900;19974.1;14,21;-0,42;1;13
31/08/26;MINI IBEX-35;PUT;Sep-26;19.950;19974.1;14,00;-0,45;;1
31/08/26;MINI IBEX-35;PUT;Sep-26;20.000;19974.1;13,79;-0,48;1;41
31/08/26;MINI IBEX-35;PUT;Sep-26;20.050;19974.1;13,64;-0,51;;2
31/08/26;MINI IBEX-35;PUT;Sep-26;20.100;19974.1;13,54;-0,54;29;56
31/08/26;MINI IBEX-35;PUT;Sep-26;20.150;19974.1;13,45;-0,58;;2
31/08/26;MINI IBEX-35;PUT;Sep-26;20.200;19974.1;13,35;-0,61;;6
31/08/26;MINI IBEX-35;PUT;Sep-26;20.250;19974.1;13,26;-0,64;;2
31/08/26;MINI IBEX-35;PUT;Sep-26;20.300;19974.1;13,16;-0,67;5;149
31/08/26;MINI IBEX-35;PUT;Sep-26;20.350;19974.1;13,07;-0,70;;14
31/08/26;MINI IBEX-35;PUT;Sep-26;20.400;19974.1;12,97;-0,73;;1
31/08/26;MINI IBEX-35;PUT;Sep-26;20.500;19974.1;12,78;-0,79;;3
31/08/26;MINI IBEX-35;PUT;Sep-26;20.550;19974.1;12,69;-0,82;;1
31/08/26;MINI IBEX-35;PUT;Sep-26;24.000;19974.1;6,14;-1,00;;5.500
31/08/26;MINI IBEX-35;PUT;Oct-26;16.400;19974.1;26,82;-0,02;;10
31/08/26;MINI IBEX-35;PUT;Oct-26;16.500;19974.1;26,47;-0,02;1;11
31/08/26;MINI IBEX-35;PUT;Oct-26;17.000;19974.1;24,70;-0,03;;1
31/08/26;MINI IBEX-35;PUT;Oct-26;17.500;19974.1;22,94;-0,05;;2
31/08/26;MINI IBEX-35;PUT;Oct-26;18.000;19974.1;21,18;-0,07;;17
31/08/26;MINI IBEX-35;PUT;Oct-26;18.300;19974.1;20,12;-0,10;;1
31/08/26;MINI IBEX-35;PUT;Oct-26;18.400;19974.1;19,76;-0,11;;15
31/08/26;MINI IBEX-35;PUT;Oct-26;18.500;19974.1;19,41;-0,12;;2
31/08/26;MINI IBEX-35;PUT;Oct-26;18.600;19974.1;19,06;-0,13;;1
31/08/26;MINI IBEX-35;PUT;Oct-26;18.650;19974.1;18,88;-0,14;;1
31/08/26;MINI IBEX-35;PUT;Oct-26;18.750;19974.1;18,53;-0,15;1;1
31/08/26;MINI IBEX-35;PUT;Oct-26;18.900;19974.1;18,00;-0,18;;4
31/08/26;MINI IBEX-35;PUT;Oct-26;18.950;19974.1;17,82;-0,18;;4
31/08/26;MINI IBEX-35;PUT;Oct-26;19.000;19974.1;17,65;-0,19;;14
31/08/26;MINI IBEX-35;PUT;Oct-26;19.100;19974.1;17,29;-0,21;;5
31/08/26;MINI IBEX-35;PUT;Oct-26;19.150;19974.1;17,12;-0,22;;3
31/08/26;MINI IBEX-35;PUT;Oct-26;19.250;19974.1;16,76;-0,24;;1
31/08/26;MINI IBEX-35;PUT;Oct-26;19.300;19974.1;16,59;-0,26;;1
31/08/26;MINI IBEX-35;PUT;Oct-26;19.400;19974.1;16,24;-0,28;;1
31/08/26;MINI IBEX-35;PUT;Oct-26;19.450;19974.1;16,06;-0,30;;1
31/08/26;MINI IBEX-35;PUT;Oct-26;19.500;19974.1;15,88;-0,31;;2
31/08/26;MINI IBEX-35;PUT;Oct-26;19.600;19974.1;15,53;-0,34;1;3
31/08/26;MINI IBEX-35;PUT;Oct-26;19.700;19974.1;15,18;-0,37;;2
31/08/26;MINI IBEX-35;PUT;Oct-26;19.900;19974.1;14,47;-0,44;2;21
31/08/26;MINI IBEX-35;PUT;Oct-26;19.950;19974.1;14,29;-0,46;;2
31/08/26;MINI IBEX-35;PUT;Oct-26;20.000;19974.1;14,12;-0,48;2;7
31/08/26;MINI IBEX-35;PUT;Oct-26;20.100;19974.1;13,92;-0,52;;1
31/08/26;MINI IBEX-35;PUT;Oct-26;20.150;19974.1;13,84;-0,54;;8
31/08/26;MINI IBEX-35;PUT;Oct-26;20.300;19974.1;13,61;-0,60;;1
31/08/26;MINI IBEX-35;PUT;Oct-26;20.500;19974.1;13,30;-0,68;1;2
31/08/26;MINI IBEX-35;PUT;Nov-26;19.800;19974.1;14,50;-0,43;1;1
31/08/26;MINI IBEX-35;PUT;Nov-26;19.900;19974.1;14,18;-0,46;;1
31/08/26;MINI IBEX-35;PUT;Nov-26;20.700;19974.1;12,89;-0,71;;1
31/08/26;MINI IBEX-35;PUT;Dic-26;8.600;19974.1;47,86;;;1.250
31/08/26;MINI IBEX-35;PUT;Dic-26;10.900;19974.1;41,08;;;1
31/08/26;MINI IBEX-35;PUT;Dic-26;11.300;19974.1;39,90;;;1
31/08/26;MINI IBEX-35;PUT;Dic-26;11.500;19974.1;39,31;;;2
31/08/26;MINI IBEX-35;PUT;Dic-26;12.200;19974.1;37,24;-0,01;;2
31/08/26;MINI IBEX-35;PUT;Dic-26;12.300;19974.1;36,95;-0,01;;5
31/08/26;MINI IBEX-35;PUT;Dic-26;12.400;19974.1;36,65;-0,01;;1
31/08/26;MINI IBEX-35;PUT;Dic-26;12.500;19974.1;36,36;-0,01;;7
31/08/26;MINI IBEX-35;PUT;Dic-26;12.600;19974.1;36,06;-0,01;;6
31/08/26;MINI IBEX-35;PUT;Dic-26;12.900;19974.1;35,18;-0,01;;7
31/08/26;MINI IBEX-35;PUT;Dic-26;13.000;19974.1;34,88;-0,01;;7
31/08/26;MINI IBEX-35;PUT;Dic-26;13.100;19974.1;34,59;-0,01;;1
31/08/26;MINI IBEX-35;PUT;Dic-26;13.200;19974.1;34,29;-0,01;;1
31/08/26;MINI IBEX-35;PUT;Dic-26;13.500;19974.1;33,41;-0,01;;504
31/08/26;MINI IBEX-35;PUT;Dic-26;13.600;19974.1;33,11;-0,01;;5
31/08/26;MINI IBEX-35;PUT;Dic-26;13.700;19974.1;32,82;-0,01;;2
31/08/26;MINI IBEX-35;PUT;Dic-26;14.000;19974.1;31,93;-0,02;;1.034
31/08/26;MINI IBEX-35;PUT;Dic-26;14.200;19974.1;31,34;-0,02;;3
31/08/26;MINI IBEX-35;PUT;Dic-26;14.300;19974.1;31,05;-0,02;;1
31/08/26;MINI IBEX-35;PUT;Dic-26;14.400;19974.1;30,75;-0,02;;1
31/08/26;MINI IBEX-35;PUT;Dic-26;14.500;19974.1;30,46;-0,02;;1
31/08/26;MINI IBEX-35;PUT;Dic-26;14.600;19974.1;30,16;-0,02;;1
31/08/26;MINI IBEX-35;PUT;Dic-26;14.800;19974.1;29,57;-0,03;;1
31/08/26;MINI IBEX-35;PUT;Dic-26;14.900;19974.1;29,28;-0,03;;3
31/08/26;MINI IBEX-35;PUT;Dic-26;15.000;19974.1;28,98;-0,03;;18
31/08/26;MINI IBEX-35;PUT;Dic-26;15.200;19974.1;28,39;-0,03;;1
31/08/26;MINI IBEX-35;PUT;Dic-26;15.500;19974.1;27,51;-0,04;;28
31/08/26;MINI IBEX-35;PUT;Dic-26;15.600;19974.1;27,21;-0,04;;32
31/08/26;MINI IBEX-35;PUT;Dic-26;15.700;19974.1;26,92;-0,04;;4
31/08/26;MINI IBEX-35;PUT;Dic-26;15.800;19974.1;26,62;-0,05;;4
31/08/26;MINI IBEX-35;PUT;Dic-26;15.900;19974.1;26,33;-0,05;;1
31/08/26;MINI IBEX-35;PUT;Dic-26;16.000;19974.1;26,03;-0,05;;27
31/08/26;MINI IBEX-35;PUT;Dic-26;16.300;19974.1;25,15;-0,06;;10
31/08/26;MINI IBEX-35;PUT;Dic-26;16.400;19974.1;24,85;-0,06;;6.000
31/08/26;MINI IBEX-35;PUT;Dic-26;16.500;19974.1;24,56;-0,07;;3
31/08/26;MINI IBEX-35;PUT;Dic-26;16.600;19974.1;24,26;-0,07;;2
31/08/26;MINI IBEX-35;PUT;Dic-26;16.700;19974.1;23,97;-0,08;;1.516
31/08/26;MINI IBEX-35;PUT;Dic-26;16.800;19974.1;23,67;-0,08;;11
31/08/26;MINI IBEX-35;PUT;Dic-26;16.900;19974.1;23,38;-0,08;;4
31/08/26;MINI IBEX-35;PUT;Dic-26;17.000;19974.1;23,08;-0,09;;24
31/08/26;MINI IBEX-35;PUT;Dic-26;17.100;19974.1;22,78;-0,09;;7
31/08/26;MINI IBEX-35;PUT;Dic-26;17.200;19974.1;22,49;-0,10;;105
31/08/26;MINI IBEX-35;PUT;Dic-26;17.300;19974.1;22,19;-0,11;;6
31/08/26;MINI IBEX-35;PUT;Dic-26;17.400;19974.1;21,90;-0,11;;6
31/08/26;MINI IBEX-35;PUT;Dic-26;17.500;19974.1;21,60;-0,12;;1.024
31/08/26;MINI IBEX-35;PUT;Dic-26;17.600;19974.1;21,31;-0,12;;104
31/08/26;MINI IBEX-35;PUT;Dic-26;17.700;19974.1;21,01;-0,13;;5.011
31/08/26;MINI IBEX-35;PUT;Dic-26;17.800;19974.1;20,72;-0,14;;10
31/08/26;MINI IBEX-35;PUT;Dic-26;17.900;19974.1;20,42;-0,15;;5.001
31/08/26;MINI IBEX-35;PUT;Dic-26;18.000;19974.1;20,13;-0,16;;26
31/08/26;MINI IBEX-35;PUT;Dic-26;18.100;19974.1;19,83;-0,17;;5
31/08/26;MINI IBEX-35;PUT;Dic-26;18.200;19974.1;19,54;-0,18;;11
31/08/26;MINI IBEX-35;PUT;Dic-26;18.300;19974.1;19,24;-0,19;;6
31/08/26;MINI IBEX-35;PUT;Dic-26;18.400;19974.1;18,95;-0,20;;10
31/08/26;MINI IBEX-35;PUT;Dic-26;18.500;19974.1;18,65;-0,21;;212
31/08/26;MINI IBEX-35;PUT;Dic-26;18.700;19974.1;18,06;-0,23;;1
31/08/26;MINI IBEX-35;PUT;Dic-26;18.800;19974.1;17,77;-0,25;1;6
31/08/26;MINI IBEX-35;PUT;Dic-26;18.900;19974.1;17,47;-0,26;;11
31/08/26;MINI IBEX-35;PUT;Dic-26;19.000;19974.1;17,18;-0,28;;8
31/08/26;MINI IBEX-35;PUT;Dic-26;19.100;19974.1;16,88;-0,29;;3
31/08/26;MINI IBEX-35;PUT;Dic-26;19.200;19974.1;16,59;-0,31;;38
31/08/26;MINI IBEX-35;PUT;Dic-26;19.300;19974.1;16,29;-0,33;;4
31/08/26;MINI IBEX-35;PUT;Dic-26;19.400;19974.1;16,00;-0,35;;2
31/08/26;MINI IBEX-35;PUT;Dic-26;19.500;19974.1;15,70;-0,37;;3
31/08/26;MINI IBEX-35;PUT;Dic-26;19.600;19974.1;15,41;-0,39;;6
31/08/26;MINI IBEX-35;PUT;Dic-26;19.700;19974.1;15,11;-0,41;;2
31/08/26;MINI IBEX-35;PUT;Dic-26;19.800;19974.1;14,82;-0,43;1;3
31/08/26;MINI IBEX-35;PUT;Dic-26;19.900;19974.1;14,52;-0,46;;1
31/08/26;MINI IBEX-35;PUT;Dic-26;20.000;19974.1;14,23;-0,48;2;23
31/08/26;MINI IBEX-35;PUT;Dic-26;20.100;19974.1;14,10;-0,51;;10
31/08/26;MINI IBEX-35;PUT;Dic-26;20.500;19974.1;13,54;-0,61;;1
31/08/26;MINI IBEX-35;PUT;Mar-27;13.000;19974.1;30,67;-0,02;;3
31/08/26;MINI IBEX-35;PUT;Mar-27;13.800;19974.1;28,82;-0,03;;32
31/08/26;MINI IBEX-35;PUT;Mar-27;15.200;19974.1;25,58;-0,06;;1
31/08/26;MINI IBEX-35;PUT;Mar-27;15.700;19974.1;24,43;-0,07;;1
31/08/26;MINI IBEX-35;PUT;Mar-27;16.500;19974.1;22,58;-0,11;;1
31/08/26;MINI IBEX-35;PUT;Mar-27;17.000;19974.1;21,42;-0,13;;2
31/08/26;MINI IBEX-35;PUT;Mar-27;17.500;19974.1;20,27;-0,16;;21
31/08/26;MINI IBEX-35;PUT;Mar-27;17.800;19974.1;19,58;-0,18;;1
31/08/26;MINI IBEX-35;PUT;Mar-27;18.000;19974.1;19,11;-0,20;;756
31/08/26;MINI IBEX-35;PUT;Mar-27;18.100;19974.1;18,88;-0,21;;5
31/08/26;MINI IBEX-35;PUT;Mar-27;18.200;19974.1;18,65;-0,22;;5
31/08/26;MINI IBEX-35;PUT;Mar-27;18.300;19974.1;18,42;-0,23;;5
31/08/26;MINI IBEX-35;PUT;Mar-27;18.400;19974.1;18,19;-0,24;;5
31/08/26;MINI IBEX-35;PUT;Mar-27;18.500;19974.1;17,96;-0,25;;3
31/08/26;MINI IBEX-35;PUT;Mar-27;18.600;19974.1;17,73;-0,26;;2
31/08/26;MINI IBEX-35;PUT;Mar-27;18.900;19974.1;17,03;-0,29;;2
31/08/26;MINI IBEX-35;PUT;Mar-27;19.100;19974.1;16,57;-0,32;;5
31/08/26;MINI IBEX-35;PUT;Mar-27;19.300;19974.1;16,11;-0,35;;5
31/08/26;MINI IBEX-35;PUT;Mar-27;19.500;19974.1;15,65;-0,38;;5
31/08/26;MINI IBEX-35;PUT;Mar-27;19.600;19974.1;15,42;-0,39;;5
31/08/26;MINI IBEX-35;PUT;Mar-27;19.800;19974.1;14,95;-0,43;;5
31/08/26;MINI IBEX-35;PUT;Mar-27;19.900;19974.1;14,72;-0,44;;5
31/08/26;MINI IBEX-35;PUT;Mar-27;21.400;19974.1;12,76;-0,73;;1
31/08/26;MINI IBEX-35;PUT;Mar-27;21.600;19974.1;12,52;-0,76;;2
31/08/26;MINI IBEX-35;PUT;Mar-27;21.800;19974.1;12,28;-0,80;;1
31/08/26;MINI IBEX-35;PUT;Mar-27;21.900;19974.1;12,16;-0,81;;3
31/08/26;MINI IBEX-35;PUT;Mar-27;22.000;19974.1;12,04;-0,83;;2
31/08/26;MINI IBEX-35;PUT;Mar-27;22.900;19974.1;10,97;-0,93;;2
31/08/26;MINI IBEX-35;PUT;Jun-27;13.000;19974.1;29,33;-0,04;;2
31/08/26;MINI IBEX-35;PUT;Jun-27;16.000;19974.1;23,05;-0,12;;20
31/08/26;MINI IBEX-35;PUT;Jun-27;17.000;19974.1;20,96;-0,17;;1
31/08/26;MINI IBEX-35;PUT;Jun-27;18.000;19974.1;18,87;-0,24;;1
31/08/26;MINI IBEX-35;PUT;Jun-27;18.500;19974.1;17,82;-0,29;;1
31/08/26;MINI IBEX-35;PUT;Jun-27;19.700;19974.1;15,31;-0,43;;1
31/08/26;MINI IBEX-35;PUT;Jun-27;19.900;19974.1;14,89;-0,46;;1
31/08/26;MINI IBEX-35;PUT;Jun-27;20.300;19974.1;14,41;-0,52;;1
31/08/26;MINI IBEX-35;PUT;Jun-27;23.300;19974.1;10,95;-0,92;;1
31/08/26;MINI IBEX-35;PUT;Jun-27;23.400;19974.1;10,83;-0,93;;2
31/08/26;MINI IBEX-35;PUT;Jun-27;24.200;19974.1;9,91;-0,96;;2
31/08/26;MINI IBEX-35;PUT;Sep-27;12.100;19974.1;29,78;-0,04;;32
31/08/26;MINI IBEX-35;PUT;Sep-27;12.200;19974.1;29,59;-0,04;;32
31/08/26;MINI IBEX-35;PUT;Sep-27;12.300;19974.1;29,40;-0,04;;32
31/08/26;MINI IBEX-35;PUT;Sep-27;12.400;19974.1;29,22;-0,04;;32
31/08/26;MINI IBEX-35;PUT;Sep-27;14.200;19974.1;25,84;-0,08;;32
31/08/26;MINI IBEX-35;PUT;Dic-27;13.400;19974.1;26,66;-0,07;;250
31/08/26;MINI IBEX-35;PUT;Dic-27;14.700;19974.1;24,39;-0,11;;1
31/08/26;MINI IBEX-35;PUT;Dic-27;15.400;19974.1;23,17;-0,13;;32
31/08/26;MINI IBEX-35;PUT;Dic-27;15.700;19974.1;22,64;-0,14;;32
31/08/26;MINI IBEX-35;PUT;Dic-27;15.800;19974.1;22,47;-0,15;;32
31/08/26;MINI IBEX-35;PUT;Dic-27;19.300;19974.1;16,36;-0,39;;3
31/08/26;MINI IBEX-35;PUT;Dic-27;19.400;19974.1;16,19;-0,40;;6.751
31/08/26;MINI IBEX-35;PUT;Jun-28;18.400;19974.1;17,50;-0,32;;64
31/08/26;MINI IBEX-35;PUT;Jun-28;18.500;19974.1;17,34;-0,33;;64
31/08/26;MINI IBEX-35;PUT;Jun-28;19.300;19974.1;16,08;-0,39;;32
31/08/26;MINI IBEX-35;PUT;Jun-28;20.000;19974.1;15,12;-0,46;;32
31/08/26;MINI IBEX-35;PUT;Sep-28;17.500;19974.1;18,38;-0,26;;2
31/08/26;MINI IBEX-35;PUT;Dic-28;16.800;19974.1;19,00;-0,23;;1.800
31/08/26;MINI IBEX-35;PUT;Jun-29;18.800;19974.1;18,23;-0,36;;1
31/08/26;MINI IBEX-35;PUT;Jun-31;18.400;19974.1;18,90;-0,33;;1
31/08/26;ACCIONA;CALL;Sep-26;210,00;209.6;35,24;0,51;;11
31/08/26;ACCIONA;CALL;Sep-26;220,00;209.6;34,59;0,28;1;6
31/08/26;ACCIONA;CALL;Sep-26;230,00;209.6;33,94;0,12;;1
31/08/26;ACCIONA;CALL;Sep-26;260,00;209.6;31,98;;;16
31/08/26;ACCIONA;CALL;Sep-26;280,00;209.6;30,68;;;2
31/08/26;ACCIONA;CALL;Sep-26;310,00;209.6;28,72;;;5
31/08/26;ACCIONA;CALL;Sep-26;340,00;209.6;26,77;;;10
31/08/26;ACCIONA;CALL;Oct-26;220,00;209.6;33,55;0,38;1;1
31/08/26;ACCIONA;CALL;Oct-26;230,00;209.6;32,90;0,24;1;1
31/08/26;ACCIONA;CALL;Dic-26;210,00;209.6;34,47;0,55;;2
31/08/26;ACCIONA;CALL;Dic-26;230,00;209.6;33,61;0,36;;5
31/08/26;ACCIONA;CALL;Dic-26;260,00;209.6;32,33;0,14;;2
31/08/26;ACCIONA;CALL;Dic-26;280,00;209.6;31,47;0,06;;5
31/08/26;ACCIONA;CALL;Dic-26;320,00;209.6;29,75;0,01;;5
31/08/26;ACCIONA;CALL;Mar-27;160,00;209.6;42,29;0,86;;1
31/08/26;ACCIONA;CALL;Mar-27;270,00;209.6;32,67;0,19;;5
31/08/26;ACCIONA;CALL;Mar-27;290,00;209.6;31,94;0,12;;5
31/08/26;ACCIONA;CALL;Jun-27;220,00;209.6;33,31;0,52;;1
31/08/26;ACCIONA;PUT;Sep-26;120,00;209.6;53,52;;;1
31/08/26;ACCIONA;PUT;Sep-26;170,00;209.6;43,51;-0,01;;1
31/08/26;ACCIONA;PUT;Sep-26;185,00;209.6;40,50;-0,07;;3
31/08/26;ACCIONA;PUT;Sep-26;190,00;209.6;39,50;-0,12;;15
31/08/26;ACCIONA;PUT;Sep-26;200,00;209.6;37,49;-0,27;10;16
31/08/26;ACCIONA;PUT;Sep-26;210,00;209.6;35,54;-0,49;;12
31/08/26;ACCIONA;PUT;Oct-26;185,00;209.6;38,90;-0,16;20;20
31/08/26;ACCIONA;PUT;Oct-26;220,00;209.6;33,45;-0,63;;2
31/08/26;ACCIONA;PUT;Dic-26;175,00;209.6;40,49;-0,17;;2
31/08/26;ACCIONA;PUT;Dic-26;195,00;209.6;37,06;-0,31;;15
31/08/26;ACCIONA;PUT;Dic-26;200,00;209.6;36,20;-0,36;;20
31/08/26;ACCIONA;PUT;Dic-26;210,00;209.6;34,53;-0,46;;7
31/08/26;ACCIONA;PUT;Mar-27;170,00;209.6;40,64;-0,19;;2
31/08/26;ACCIONA;PUT;Mar-27;200,00;209.6;36,16;-0,36;;20
31/08/26;ACCIONA;PUT;Mar-27;210,00;209.6;34,71;-0,44;;5
31/08/26;ACCIONA;PUT;Mar-27;290,00;209.6;31,78;-0,93;;5
31/08/26;ACCIONA ENERGIA;CALL;Sep-26;29,00;21.48;31,50;;;1
31/08/26;ACCIONA ENERGIA;CALL;Dic-26;24,00;21.48;31,97;0,31;;3
31/08/26;ACCIONA ENERGIA;CALL;Dic-26;25,00;21.48;31,97;0,23;;1
31/08/26;ACCIONA ENERGIA;CALL;Dic-26;27,00;21.48;31,97;0,12;;1
31/08/26;ACCIONA ENERGIA;CALL;Dic-26;30,00;21.48;31,97;0,04;;1
31/08/26;ACCIONA ENERGIA;CALL;Dic-26;31,00;21.48;31,97;0,02;;1
31/08/26;ACCIONA ENERGIA;PUT;Sep-26;20,00;21.48;34,45;-0,16;;3
31/08/26;ACCIONA ENERGIA;PUT;Sep-26;21,00;21.48;33,76;-0,36;;22
31/08/26;ACCIONA ENERGIA;PUT;Sep-26;23,00;21.48;33,37;-0,81;;2
31/08/26;ACCIONA ENERGIA;PUT;Dic-26;18,00;21.48;36,75;-0,16;;2
31/08/26;ACCIONA ENERGIA;PUT;Dic-26;19,00;21.48;36,05;-0,23;;3
31/08/26;ACCIONA ENERGIA;PUT;Dic-26;20,00;21.48;35,35;-0,31;;1
31/08/26;ACCIONA ENERGIA;PUT;Dic-26;21,00;21.48;34,66;-0,40;;15
31/08/26;ACCIONA ENERGIA;PUT;Jun-27;24,00;21.48;29,41;-0,60;;13
31/08/26;ACERINOX;CALL;Sep-26;14,50;17.92;38,20;0,99;;150
31/08/26;ACERINOX;CALL;Sep-26;15,50;17.92;36,40;0,97;;10
31/08/26;ACERINOX;CALL;Sep-26;16,00;17.92;35,49;0,93;;11
31/08/26;ACERINOX;CALL;Sep-26;17,00;17.92;33,69;0,77;;13
31/08/26;ACERINOX;CALL;Sep-26;17,50;17.92;32,79;0,65;;8
31/08/26;ACERINOX;CALL;Sep-26;18,00;17.92;31,95;0,50;;6
31/08/26;ACERINOX;CALL;Sep-26;18,50;17.92;31,48;0,34;;47
31/08/26;ACERINOX;CALL;Sep-26;19,00;17.92;31,01;0,21;;10
31/08/26;ACERINOX;CALL;Sep-26;21,00;17.92;29,11;0,01;;1
31/08/26;ACERINOX;CALL;Oct-26;17,50;17.92;32,49;0,61;;3
31/08/26;ACERINOX;CALL;Oct-26;18,50;17.92;31,31;0,42;;20
31/08/26;ACERINOX;CALL;Oct-26;19,50;17.92;30,56;0,24;;10
31/08/26;ACERINOX;CALL;Dic-26;6,00;17.92;49,45;1,00;;20
31/08/26;ACERINOX;CALL;Dic-26;9,75;17.92;43,73;1,00;;2
31/08/26;ACERINOX;CALL;Dic-26;11,00;17.92;41,83;0,99;;10
31/08/26;ACERINOX;CALL;Dic-26;13,00;17.92;38,77;0,95;;11
31/08/26;ACERINOX;CALL;Dic-26;13,50;17.92;38,01;0,93;;20
31/08/26;ACERINOX;CALL;Dic-26;14,00;17.92;37,25;0,91;;10
31/08/26;ACERINOX;CALL;Dic-26;14,50;17.92;36,49;0,88;;10
31/08/26;ACERINOX;CALL;Dic-26;15,00;17.92;35,72;0,85;;20
31/08/26;ACERINOX;CALL;Dic-26;16,00;17.92;34,20;0,77;;10
31/08/26;ACERINOX;CALL;Dic-26;16,50;17.92;33,44;0,72;;3
31/08/26;ACERINOX;CALL;Dic-26;17,00;17.92;32,67;0,66;;15
31/08/26;ACERINOX;CALL;Dic-26;17,50;17.92;31,91;0,60;;35
31/08/26;ACERINOX;CALL;Dic-26;18,00;17.92;31,24;0,54;;20
31/08/26;ACERINOX;CALL;Dic-26;19,00;17.92;30,87;0,41;;20
31/08/26;ACERINOX;CALL;Dic-26;19,50;17.92;30,68;0,35;;11
31/08/26;ACERINOX;CALL;Dic-26;20,00;17.92;30,50;0,30;;11
31/08/26;ACERINOX;CALL;Dic-26;22,00;17.92;29,75;0,13;;1
31/08/26;ACERINOX;CALL;Dic-26;24,00;17.92;29,01;0,04;;51
31/08/26;ACERINOX;CALL;Mar-27;8,75;17.92;43,89;1,00;;1
31/08/26;ACERINOX;CALL;Mar-27;11,00;17.92;41,04;0,97;;15
31/08/26;ACERINOX;CALL;Mar-27;13,00;17.92;38,51;0,92;;1
31/08/26;ACERINOX;CALL;Mar-27;13,50;17.92;37,88;0,89;;5
31/08/26;ACERINOX;CALL;Mar-27;14,50;17.92;36,62;0,84;;150
31/08/26;ACERINOX;CALL;Mar-27;15,50;17.92;35,35;0,77;;150
31/08/26;ACERINOX;CALL;Mar-27;16,00;17.92;34,72;0,73;;150
31/08/26;ACERINOX;CALL;Mar-27;17,00;17.92;33,45;0,65;;150
31/08/26;ACERINOX;CALL;Mar-27;17,50;17.92;32,82;0,60;;100
31/08/26;ACERINOX;CALL;Mar-27;18,50;17.92;32,10;0,50;;50
31/08/26;ACERINOX;CALL;Mar-27;19,00;17.92;31,93;0,45;;25
31/08/26;ACERINOX;CALL;Jun-27;16,00;17.92;35,49;0,71;;1
31/08/26;ACERINOX;CALL;Jun-27;17,50;17.92;33,57;0,60;;4
31/08/26;ACERINOX;CALL;Sep-27;13,50;17.92;39,93;0,83;;5
31/08/26;ACERINOX;CALL;Sep-27;14,00;17.92;39,27;0,81;;1
31/08/26;ACERINOX;CALL;Sep-27;16,50;17.92;35,97;0,66;;150
31/08/26;ACERINOX;CALL;Dic-27;11,00;17.92;41,49;0,92;;10
31/08/26;ACERINOX;CALL;Dic-27;12,00;17.92;40,32;0,88;;1
31/08/26;ACERINOX;CALL;Dic-27;13,00;17.92;39,15;0,84;;10
31/08/26;ACERINOX;CALL;Jun-28;12,50;17.92;37,65;0,85;;10
31/08/26;ACERINOX;PUT;Sep-26;9,00;17.92;45,95;;;23
31/08/26;ACERINOX;PUT;Sep-26;9,50;17.92;45,05;;;43
31/08/26;ACERINOX;PUT;Sep-26;9,75;17.92;44,60;;;1
31/08/26;ACERINOX;PUT;Sep-26;10,00;17.92;44,15;;;10
31/08/26;ACERINOX;PUT;Sep-26;10,50;17.92;43,25;;;40
31/08/26;ACERINOX;PUT;Sep-26;11,00;17.92;42,35;;;150
31/08/26;ACERINOX;PUT;Sep-26;12,00;17.92;40,54;;;10
31/08/26;ACERINOX;PUT;Sep-26;13,00;17.92;38,74;;;9
31/08/26;ACERINOX;PUT;Sep-26;14,00;17.92;36,93;;;10
31/08/26;ACERINOX;PUT;Sep-26;15,00;17.92;35,13;-0,01;;5
31/08/26;ACERINOX;PUT;Sep-26;15,50;17.92;34,23;-0,03;;22
31/08/26;ACERINOX;PUT;Sep-26;16,00;17.92;33,32;-0,06;;40
31/08/26;ACERINOX;PUT;Sep-26;17,00;17.92;31,52;-0,21;;7
31/08/26;ACERINOX;PUT;Sep-26;17,50;17.92;30,62;-0,35;;10
31/08/26;ACERINOX;PUT;Sep-26;18,00;17.92;29,78;-0,51;;2
31/08/26;ACERINOX;PUT;Sep-26;18,50;17.92;29,31;-0,67;;25
31/08/26;ACERINOX;PUT;Oct-26;15,50;17.92;33,28;-0,10;;10
31/08/26;ACERINOX;PUT;Dic-26;9,50;17.92;42,24;;;1
31/08/26;ACERINOX;PUT;Dic-26;9,75;17.92;41,86;;;1
31/08/26;ACERINOX;PUT;Dic-26;10,00;17.92;41,48;;;97
31/08/26;ACERINOX;PUT;Dic-26;10,50;17.92;40,72;-0,01;;35
31/08/26;ACERINOX;PUT;Dic-26;11,00;17.92;39,96;-0,01;;51
31/08/26;ACERINOX;PUT;Dic-26;11,50;17.92;39,19;-0,01;;25
31/08/26;ACERINOX;PUT;Dic-26;12,00;17.92;38,43;-0,02;;75
31/08/26;ACERINOX;PUT;Dic-26;12,50;17.92;37,67;-0,03;;145
31/08/26;ACERINOX;PUT;Dic-26;13,00;17.92;36,90;-0,04;;10
31/08/26;ACERINOX;PUT;Dic-26;13,50;17.92;36,14;-0,06;;45
31/08/26;ACERINOX;PUT;Dic-26;15,00;17.92;33,85;-0,14;;20
31/08/26;ACERINOX;PUT;Dic-26;15,50;17.92;33,09;-0,18;;20
31/08/26;ACERINOX;PUT;Dic-26;17,00;17.92;30,80;-0,33;;30
31/08/26;ACERINOX;PUT;Dic-26;18,00;17.92;29,37;-0,47;;50
31/08/26;ACERINOX;PUT;Mar-27;8,00;17.92;42,72;;;2
31/08/26;ACERINOX;PUT;Mar-27;10,00;17.92;40,19;-0,02;;175
31/08/26;ACERINOX;PUT;Mar-27;10,50;17.92;39,56;-0,03;;60
31/08/26;ACERINOX;PUT;Mar-27;11,00;17.92;38,92;-0,03;;160
31/08/26;ACERINOX;PUT;Mar-27;11,50;17.92;38,29;-0,05;;126
31/08/26;ACERINOX;PUT;Mar-27;12,00;17.92;37,66;-0,06;;70
31/08/26;ACERINOX;PUT;Mar-27;13,50;17.92;35,76;-0,12;;7
31/08/26;ACERINOX;PUT;Mar-27;15,00;17.92;33,86;-0,21;;100
31/08/26;ACERINOX;PUT;Mar-27;15,50;17.92;33,23;-0,25;;11
31/08/26;ACERINOX;PUT;Mar-27;16,00;17.92;32,60;-0,29;;3
31/08/26;ACERINOX;PUT;Mar-27;17,00;17.92;31,33;-0,38;;10
31/08/26;ACERINOX;PUT;Jun-27;8,75;17.92;42,38;-0,02;;1
31/08/26;ACERINOX;PUT;Jun-27;10,00;17.92;40,78;-0,04;;243
31/08/26;ACERINOX;PUT;Jun-27;11,00;17.92;39,49;-0,06;;110
31/08/26;ACERINOX;PUT;Jun-27;15,00;17.92;34,36;-0,23;;10
31/08/26;ACERINOX;PUT;Sep-27;10,00;17.92;40,83;-0,06;;150
31/08/26;ACERINOX;PUT;Sep-27;10,50;17.92;40,17;-0,07;;150
31/08/26;ACERINOX;PUT;Sep-27;11,00;17.92;39,51;-0,08;;150
31/08/26;ACERINOX;PUT;Sep-27;11,50;17.92;38,85;-0,10;;150
31/08/26;ACERINOX;PUT;Sep-27;12,00;17.92;38,19;-0,12;;207
31/08/26;ACERINOX;PUT;Dic-27;12,00;17.92;36,86;-0,12;;150
31/08/26;ACERINOX;PUT;Mar-28;12,00;17.92;35,17;-0,13;;208
31/08/26;ACERINOX;PUT;Sep-28;18,00;17.92;29,13;-0,44;;138
31/08/26;ACS;CALL;Sep-26;105,00;102.1;32,38;0,37;;5
31/08/26;ACS;CALL;Sep-26;108,00;102.1;31,81;0,23;;10
31/08/26;ACS;CALL;Sep-26;110,00;102.1;31,43;0,16;1;8
31/08/26;ACS;CALL;Sep-26;115,00;102.1;30,49;0,04;;45
31/08/26;ACS;CALL;Sep-26;120,00;102.1;29,54;0,01;;21
31/08/26;ACS;CALL;Sep-26;125,00;102.1;28,59;;;6
31/08/26;ACS;CALL;Sep-26;130,00;102.1;27,65;;;104
31/08/26;ACS;CALL;Sep-26;140,00;102.1;25,75;;;12
31/08/26;ACS;CALL;Sep-26;145,00;102.1;24,81;;;22
31/08/26;ACS;CALL;Sep-26;150,00;102.1;23,86;;;3
31/08/26;ACS;CALL;Sep-26;155,00;102.1;22,91;;;5
31/08/26;ACS;CALL;Sep-26;165,00;102.1;21,02;;;5
31/08/26;ACS;CALL;Oct-26;110,00;102.1;32,04;0,29;;17
31/08/26;ACS;CALL;Oct-26;115,00;102.1;31,43;0,16;;4
31/08/26;ACS;CALL;Oct-26;120,00;102.1;30,83;0,08;;6
31/08/26;ACS;CALL;Oct-26;125,00;102.1;30,22;0,04;;1
31/08/26;ACS;CALL;Oct-26;130,00;102.1;29,62;0,01;;5
31/08/26;ACS;CALL;Oct-26;140,00;102.1;28,41;;;3
31/08/26;ACS;CALL;Dic-26;86,00;102.1;38,12;0,83;;1
31/08/26;ACS;CALL;Dic-26;90,00;102.1;36,97;0,78;;25
31/08/26;ACS;CALL;Dic-26;92,00;102.1;36,39;0,74;;25
31/08/26;ACS;CALL;Dic-26;105,00;102.1;33,34;0,49;;2
31/08/26;ACS;CALL;Dic-26;110,00;102.1;33,08;0,39;;5
31/08/26;ACS;CALL;Dic-26;115,00;102.1;32,82;0,30;;87
31/08/26;ACS;CALL;Dic-26;120,00;102.1;32,55;0,22;;90
31/08/26;ACS;CALL;Dic-26;125,00;102.1;32,29;0,15;;86
31/08/26;ACS;CALL;Dic-26;130,00;102.1;32,03;0,11;;711
31/08/26;ACS;CALL;Dic-26;135,00;102.1;31,77;0,07;;4
31/08/26;ACS;CALL;Dic-26;140,00;102.1;31,51;0,04;1;2
31/08/26;ACS;CALL;Dic-26;145,00;102.1;31,25;0,03;;9
31/08/26;ACS;CALL;Dic-26;150,00;102.1;30,99;0,02;;80
31/08/26;ACS;CALL;Dic-26;155,00;102.1;30,73;0,01;;15
31/08/26;ACS;CALL;Dic-26;160,00;102.1;30,47;;;15
31/08/26;ACS;CALL;Dic-26;165,00;102.1;30,20;;;25
31/08/26;ACS;CALL;Mar-27;92,00;102.1;36,50;0,71;;1
31/08/26;ACS;CALL;Mar-27;96,00;102.1;35,56;0,66;;1
31/08/26;ACS;CALL;Mar-27;100,00;102.1;34,62;0,60;;1
31/08/26;ACS;CALL;Mar-27;115,00;102.1;33,12;0,37;;5
31/08/26;ACS;CALL;Mar-27;140,00;102.1;31,16;0,11;;180
31/08/26;ACS;CALL;Mar-27;145,00;102.1;30,77;0,08;;5
31/08/26;ACS;CALL;Mar-27;150,00;102.1;30,38;0,06;;200
31/08/26;ACS;CALL;Mar-27;155,00;102.1;29,99;0,04;;20
31/08/26;ACS;CALL;Mar-27;160,00;102.1;29,59;0,03;;20
31/08/26;ACS;CALL;Mar-27;165,00;102.1;29,20;0,02;;60
31/08/26;ACS;CALL;Jun-27;54,00;102.1;45,58;0,96;;1
31/08/26;ACS;CALL;Jun-27;56,00;102.1;45,09;0,96;;2
31/08/26;ACS;CALL;Jun-27;88,00;102.1;37,15;0,75;;1
31/08/26;ACS;CALL;Jun-27;96,00;102.1;35,16;0,66;;25
31/08/26;ACS;CALL;Jun-27;100,00;102.1;34,17;0,61;;25
31/08/26;ACS;CALL;Jun-27;165,00;102.1;30,98;0,06;;5
31/08/26;ACS;CALL;Sep-27;86,00;102.1;37,54;0,76;;25
31/08/26;ACS;CALL;Sep-27;105,00;102.1;33,75;0,55;;25
31/08/26;ACS;CALL;Dic-27;70,00;102.1;39,96;0,87;;60
31/08/26;ACS;CALL;Dic-27;88,00;102.1;36,20;0,73;;5
31/08/26;ACS;CALL;Dic-27;90,00;102.1;35,78;0,71;;5
31/08/26;ACS;CALL;Dic-27;94,00;102.1;34,94;0,67;;25
31/08/26;ACS;CALL;Dic-27;110,00;102.1;33,15;0,51;;250
31/08/26;ACS;CALL;Dic-27;130,00;102.1;32,89;0,33;;10
31/08/26;ACS;CALL;Mar-28;115,00;102.1;31,98;0,47;;1
31/08/26;ACS;PUT;Sep-26;50,00;102.1;48,97;;;25
31/08/26;ACS;PUT;Sep-26;52,00;102.1;48,33;;;50
31/08/26;ACS;PUT;Sep-26;54,00;102.1;47,69;;;50
31/08/26;ACS;PUT;Sep-26;56,00;102.1;47,05;;;51
31/08/26;ACS;PUT;Sep-26;66,00;102.1;43,85;;;25
31/08/26;ACS;PUT;Sep-26;68,00;102.1;43,21;;;25
31/08/26;ACS;PUT;Sep-26;70,00;102.1;42,57;;;25
31/08/26;ACS;PUT;Sep-26;72,00;102.1;41,93;;;1
31/08/26;ACS;PUT;Sep-26;76,00;102.1;40,65;;;42
31/08/26;ACS;PUT;Sep-26;78,00;102.1;40,01;;;52
31/08/26;ACS;PUT;Sep-26;80,00;102.1;39,37;;;27
31/08/26;ACS;PUT;Sep-26;84,00;102.1;38,09;-0,01;;25
31/08/26;ACS;PUT;Sep-26;88,00;102.1;36,81;-0,03;;1
31/08/26;ACS;PUT;Sep-26;90,00;102.1;36,17;-0,05;;25
31/08/26;ACS;PUT;Sep-26;94,00;102.1;34,89;-0,13;;5
31/08/26;ACS;PUT;Sep-26;96,00;102.1;34,25;-0,20;;6
31/08/26;ACS;PUT;Sep-26;98,00;102.1;33,61;-0,27;;4
31/08/26;ACS;PUT;Sep-26;100,00;102.1;32,97;-0,37;;33
31/08/26;ACS;PUT;Sep-26;105,00;102.1;31,75;-0,64;;11
31/08/26;ACS;PUT;Sep-26;108,00;102.1;31,18;-0,78;;1
31/08/26;ACS;PUT;Sep-26;110,00;102.1;30,80;-0,85;;31
31/08/26;ACS;PUT;Sep-26;115,00;102.1;29,86;-0,97;;4
31/08/26;ACS;PUT;Sep-26;120,00;102.1;28,91;-1,00;;6
31/08/26;ACS;PUT;Oct-26;84,00;102.1;37,29;-0,06;;1
31/08/26;ACS;PUT;Oct-26;90,00;102.1;35,43;-0,14;;2
31/08/26;ACS;PUT;Oct-26;100,00;102.1;32,33;-0,40;;1
31/08/26;ACS;PUT;Oct-26;110,00;102.1;30,73;-0,73;;6
31/08/26;ACS;PUT;Nov-26;78,00;102.1;38,87;-0,06;;1
31/08/26;ACS;PUT;Nov-26;92,00;102.1;34,57;-0,23;;1
31/08/26;ACS;PUT;Nov-26;100,00;102.1;32,11;-0,41;;1
31/08/26;ACS;PUT;Dic-26;23,00;102.1;54,79;;;201
31/08/26;ACS;PUT;Dic-26;24,00;102.1;54,50;;;25
31/08/26;ACS;PUT;Dic-26;25,00;102.1;54,21;;;25
31/08/26;ACS;PUT;Dic-26;27,00;102.1;53,64;;;25
31/08/26;ACS;PUT;Dic-26;28,00;102.1;53,35;;;75
31/08/26;ACS;PUT;Dic-26;29,00;102.1;53,06;;;75
31/08/26;ACS;PUT;Dic-26;30,00;102.1;52,77;;;17
31/08/26;ACS;PUT;Dic-26;33,00;102.1;51,91;;;6
31/08/26;ACS;PUT;Dic-26;34,00;102.1;51,63;;;25
31/08/26;ACS;PUT;Dic-26;35,00;102.1;51,34;;;200
31/08/26;ACS;PUT;Dic-26;46,00;102.1;48,18;;;25
31/08/26;ACS;PUT;Dic-26;54,00;102.1;45,88;;;25
31/08/26;ACS;PUT;Dic-26;58,00;102.1;44,73;-0,01;;25
31/08/26;ACS;PUT;Dic-26;60,00;102.1;44,16;-0,01;;95
31/08/26;ACS;PUT;Dic-26;62,00;102.1;43,58;-0,01;;5
31/08/26;ACS;PUT;Dic-26;66,00;102.1;42,43;-0,02;;1
31/08/26;ACS;PUT;Dic-26;68,00;102.1;41,86;-0,03;;4
31/08/26;ACS;PUT;Dic-26;76,00;102.1;39,56;-0,07;;6
31/08/26;ACS;PUT;Dic-26;78,00;102.1;38,98;-0,08;;5
31/08/26;ACS;PUT;Dic-26;80,00;102.1;38,41;-0,10;;5
31/08/26;ACS;PUT;Dic-26;82,00;102.1;37,83;-0,12;;10
31/08/26;ACS;PUT;Dic-26;84,00;102.1;37,26;-0,14;;14
31/08/26;ACS;PUT;Dic-26;86,00;102.1;36,69;-0,16;;10
31/08/26;ACS;PUT;Dic-26;88,00;102.1;36,11;-0,19;;45
31/08/26;ACS;PUT;Dic-26;90,00;102.1;35,54;-0,22;;44
31/08/26;ACS;PUT;Dic-26;94,00;102.1;34,39;-0,29;;46
31/08/26;ACS;PUT;Dic-26;96,00;102.1;33,81;-0,32;;80
31/08/26;ACS;PUT;Dic-26;98,00;102.1;33,24;-0,36;;10
31/08/26;ACS;PUT;Dic-26;100,00;102.1;32,66;-0,41;;177
31/08/26;ACS;PUT;Dic-26;105,00;102.1;31,91;-0,52;;3
31/08/26;ACS;PUT;Dic-26;110,00;102.1;31,65;-0,63;;50
31/08/26;ACS;PUT;Dic-26;115,00;102.1;31,39;-0,72;;10
31/08/26;ACS;PUT;Dic-26;125,00;102.1;30,86;-0,88;;10
31/08/26;ACS;PUT;Mar-27;60,00;102.1;42,27;-0,03;;1
31/08/26;ACS;PUT;Mar-27;68,00;102.1;40,39;-0,06;;1
31/08/26;ACS;PUT;Mar-27;86,00;102.1;36,15;-0,21;;5
31/08/26;ACS;PUT;Mar-27;88,00;102.1;35,68;-0,24;;2
31/08/26;ACS;PUT;Mar-27;90,00;102.1;35,21;-0,26;;17
31/08/26;ACS;PUT;Mar-27;92,00;102.1;34,74;-0,29;;2
31/08/26;ACS;PUT;Mar-27;96,00;102.1;33,80;-0,35;;2
31/08/26;ACS;PUT;Mar-27;98,00;102.1;33,33;-0,38;;115
31/08/26;ACS;PUT;Mar-27;100,00;102.1;32,86;-0,41;;110
31/08/26;ACS;PUT;Mar-27;105,00;102.1;32,14;-0,49;;6
31/08/26;ACS;PUT;Mar-27;110,00;102.1;31,75;-0,57;;10
31/08/26;ACS;PUT;Jun-27;22,00;102.1;51,51;;;360
31/08/26;ACS;PUT;Jun-27;24,00;102.1;51,02;;;85
31/08/26;ACS;PUT;Jun-27;28,00;102.1;50,03;;;2
31/08/26;ACS;PUT;Jun-27;33,00;102.1;48,79;;;2
31/08/26;ACS;PUT;Jun-27;70,00;102.1;39,60;-0,10;;1
31/08/26;ACS;PUT;Jun-27;92,00;102.1;34,15;-0,30;;1
31/08/26;ACS;PUT;Sep-27;78,00;102.1;36,68;-0,18;;25
31/08/26;ACS;PUT;Sep-27;92,00;102.1;33,43;-0,32;;25
31/08/26;ACS;PUT;Dic-27;50,00;102.1;41,76;-0,04;;25
31/08/26;ACS;PUT;Dic-27;78,00;102.1;35,91;-0,19;;25
31/08/26;ACS;PUT;Dic-27;82,00;102.1;35,07;-0,22;;10
31/08/26;ACS;PUT;Dic-27;84,00;102.1;34,65;-0,24;;5
31/08/26;ACS;PUT;Dic-27;98,00;102.1;31,73;-0,38;;25
31/08/26;ACS;PUT;Dic-27;100,00;102.1;31,31;-0,41;;25
31/08/26;ACS;PUT;Dic-27;115,00;102.1;30,70;-0,57;;5
31/08/26;ACS;PUT;Jun-28;105,00;102.1;29,04;-0,45;;1
31/08/26;ACS;CALL;Dic-26;50,00;102.1;48,46;0,99;;1
31/08/26;ACS;PUT;Sep-26;140,00;102.1;25,12;-1,00;;5
31/08/26;AENA;CALL;Sep-26;24,00;26.42;25,16;0,96;;2
31/08/26;AENA;CALL;Sep-26;25,00;26.42;24,05;0,86;;25
31/08/26;AENA;CALL;Sep-26;26,00;26.42;22,94;0,64;;2
31/08/26;AENA;CALL;Sep-26;27,00;26.42;22,06;0,35;;873
31/08/26;AENA;CALL;Sep-26;28,00;26.42;21,35;0,12;;3
31/08/26;AENA;CALL;Oct-26;25,00;26.42;24,23;0,76;;7
31/08/26;AENA;CALL;Oct-26;27,00;26.42;22,24;0,42;;1
31/08/26;AENA;CALL;Oct-26;29,00;26.42;20,83;0,12;;10
31/08/26;AENA;CALL;Dic-26;26,00;26.42;23,03;0,60;;3
31/08/26;AENA;CALL;Dic-26;27,00;26.42;22,27;0,48;;76
31/08/26;AENA;CALL;Dic-26;29,00;26.42;21,14;0,25;;6
31/08/26;AENA;CALL;Mar-27;21,00;26.42;28,40;0,90;;6
31/08/26;AENA;CALL;Mar-27;26,00;26.42;23,73;0,60;;3
31/08/26;AENA;CALL;Mar-27;27,00;26.42;23,09;0,52;;30
31/08/26;AENA;CALL;Jun-27;25,00;26.42;24,32;0,68;;2
31/08/26;AENA;CALL;Jun-27;29,00;26.42;22,20;0,37;;150
31/08/26;AENA;CALL;Jun-27;34,00;26.42;20,50;0,09;;100
31/08/26;AENA;CALL;Dic-27;23,00;26.42;25,78;0,77;;16
31/08/26;AENA;CALL;Dic-27;25,00;26.42;24,44;0,65;;25
31/08/26;AENA;CALL;Dic-27;28,00;26.42;23,01;0,46;;25
31/08/26;AENA;PUT;Sep-26;18,50;26.42;30,85;;;2
31/08/26;AENA;PUT;Sep-26;19,00;26.42;30,30;;;32
31/08/26;AENA;PUT;Sep-26;19,50;26.42;29,74;;;4
31/08/26;AENA;PUT;Sep-26;20,00;26.42;29,19;;;14
31/08/26;AENA;PUT;Sep-26;21,00;26.42;28,08;;;97
31/08/26;AENA;PUT;Sep-26;22,00;26.42;26,97;;;60
31/08/26;AENA;PUT;Sep-26;23,00;26.42;25,86;-0,01;;40
31/08/26;AENA;PUT;Sep-26;24,00;26.42;24,75;-0,04;;11
31/08/26;AENA;PUT;Sep-26;25,00;26.42;23,64;-0,14;;5
31/08/26;AENA;PUT;Sep-26;26,00;26.42;22,53;-0,36;;1
31/08/26;AENA;PUT;Sep-26;26,50;26.42;22,00;-0,51;;1
31/08/26;AENA;PUT;Sep-26;27,00;26.42;21,65;-0,66;;53
31/08/26;AENA;PUT;Sep-26;27,50;26.42;21,30;-0,79;;1
31/08/26;AENA;PUT;Oct-26;25,00;26.42;23,76;-0,23;;2
31/08/26;AENA;PUT;Oct-26;26,00;26.42;22,65;-0,39;;1
31/08/26;AENA;PUT;Oct-26;27,00;26.42;21,77;-0,59;;1
31/08/26;AENA;PUT;Dic-26;18,00;26.42;30,83;-0,01;;2
31/08/26;AENA;PUT;Dic-26;19,00;26.42;29,81;-0,02;;3
31/08/26;AENA;PUT;Dic-26;19,50;26.42;29,30;-0,02;;12
31/08/26;AENA;PUT;Dic-26;20,00;26.42;28,79;-0,03;;4
31/08/26;AENA;PUT;Dic-26;21,00;26.42;27,77;-0,05;;5
31/08/26;AENA;PUT;Dic-26;22,00;26.42;26,75;-0,09;;207
31/08/26;AENA;PUT;Dic-26;23,00;26.42;25,73;-0,14;;2
31/08/26;AENA;PUT;Dic-26;24,00;26.42;24,70;-0,21;;2
31/08/26;AENA;PUT;Dic-26;25,00;26.42;23,68;-0,30;;30
31/08/26;AENA;PUT;Mar-27;18,00;26.42;29,71;-0,03;;2
31/08/26;AENA;PUT;Mar-27;20,00;26.42;27,84;-0,07;;500
31/08/26;AENA;PUT;Mar-27;20,50;26.42;27,38;-0,08;;1
31/08/26;AENA;PUT;Mar-27;21,00;26.42;26,91;-0,09;;9
31/08/26;AENA;PUT;Mar-27;22,00;26.42;25,98;-0,13;;6
31/08/26;AENA;PUT;Mar-27;24,00;26.42;24,11;-0,25;;3
31/08/26;AENA;PUT;Mar-27;26,00;26.42;22,24;-0,41;;6
31/08/26;AENA;PUT;Mar-27;32,00;26.42;19,46;-0,95;;1
31/08/26;AENA;PUT;Jun-27;18,00;26.42;27,13;-0,06;;1
31/08/26;AENA;PUT;Jun-27;19,00;26.42;26,26;-0,08;;1
31/08/26;AENA;PUT;Jun-27;23,00;26.42;22,78;-0,26;;6
31/08/26;AENA;PUT;Jun-27;24,00;26.42;21,91;-0,33;;1
31/08/26;AENA;PUT;Jun-27;25,00;26.42;21,04;-0,41;;25
31/08/26;AENA;PUT;Jun-27;26,00;26.42;20,17;-0,49;;26
31/08/26;AENA;PUT;Jun-27;27,00;26.42;19,60;-0,58;;25
31/08/26;AENA;PUT;Sep-27;18,00;26.42;25,99;-0,07;;1
31/08/26;AENA;PUT;Sep-27;23,00;26.42;22,27;-0,27;;1
31/08/26;ALMIRALL;CALL;Sep-26;11,50;10.32;27,34;0,04;;3
31/08/26;ALMIRALL;CALL;Sep-26;14,00;10.32;27,01;;;10
31/08/26;ALMIRALL;CALL;Dic-26;12,00;10.32;26,73;0,18;;4
31/08/26;ALMIRALL;PUT;Sep-26;10,50;10.32;28,42;-0,59;;2
31/08/26;ALMIRALL;PUT;Sep-26;12,00;10.32;28,22;-1,00;;1
31/08/26;AMADEUS;CALL;Sep-26;38,00;58.22;37,23;1,00;;1
31/08/26;AMADEUS;CALL;Sep-26;49,00;58.22;30,93;0,99;;25
31/08/26;AMADEUS;CALL;Sep-26;50,00;58.22;30,36;0,99;;150
31/08/26;AMADEUS;CALL;Sep-26;52,00;58.22;29,21;0,96;;873
31/08/26;AMADEUS;CALL;Sep-26;54,00;58.22;28,07;0,89;;4
31/08/26;AMADEUS;CALL;Sep-26;56,00;58.22;26,92;0,76;;457
31/08/26;AMADEUS;CALL;Sep-26;58,00;58.22;25,78;0,55;;31
31/08/26;AMADEUS;CALL;Sep-26;60,00;58.22;25,29;0,31;6;30
31/08/26;AMADEUS;CALL;Sep-26;62,00;58.22;24,89;0,14;;1.001
31/08/26;AMADEUS;CALL;Sep-26;64,00;58.22;24,49;0,04;;2
31/08/26;AMADEUS;CALL;Sep-26;66,00;58.22;24,09;0,01;;7
31/08/26;AMADEUS;CALL;Sep-26;70,00;58.22;23,29;;;31
31/08/26;AMADEUS;CALL;Sep-26;72,00;58.22;22,89;;;25
31/08/26;AMADEUS;CALL;Sep-26;74,00;58.22;22,49;;;25
31/08/26;AMADEUS;CALL;Sep-26;84,00;58.22;20,48;;;24
31/08/26;AMADEUS;CALL;Oct-26;48,00;58.22;32,22;0,96;;1
31/08/26;AMADEUS;CALL;Oct-26;56,00;58.22;27,74;0,68;;1
31/08/26;AMADEUS;CALL;Oct-26;60,00;58.22;26,14;0,40;;1
31/08/26;AMADEUS;CALL;Oct-26;62,00;58.22;25,75;0,27;;992
31/08/26;AMADEUS;CALL;Oct-26;64,00;58.22;25,36;0,17;;1.302
31/08/26;AMADEUS;CALL;Oct-26;66,00;58.22;24,98;0,09;;2
31/08/26;AMADEUS;CALL;Nov-26;64,00;58.22;25,71;0,25;;443
31/08/26;AMADEUS;CALL;Nov-26;66,00;58.22;25,33;0,17;;443
31/08/26;AMADEUS;CALL;Dic-26;38,00;58.22;37,64;0,99;;4
31/08/26;AMADEUS;CALL;Dic-26;39,00;58.22;37,10;0,98;;25
31/08/26;AMADEUS;CALL;Dic-26;40,00;58.22;36,57;0,98;;11
31/08/26;AMADEUS;CALL;Dic-26;45,00;58.22;33,87;0,94;;11
31/08/26;AMADEUS;CALL;Dic-26;49,00;58.22;31,72;0,87;;1
31/08/26;AMADEUS;CALL;Dic-26;50,00;58.22;31,18;0,85;;13
31/08/26;AMADEUS;CALL;Dic-26;52,00;58.22;30,11;0,79;;500
31/08/26;AMADEUS;CALL;Dic-26;54,00;58.22;29,03;0,72;;13
31/08/26;AMADEUS;CALL;Dic-26;56,00;58.22;27,95;0,65;;26
31/08/26;AMADEUS;CALL;Dic-26;58,00;58.22;26,88;0,56;;25
31/08/26;AMADEUS;CALL;Dic-26;60,00;58.22;26,51;0,47;;501
31/08/26;AMADEUS;CALL;Dic-26;62,00;58.22;26,22;0,38;;25
31/08/26;AMADEUS;CALL;Dic-26;64,00;58.22;25,93;0,29;;27
31/08/26;AMADEUS;CALL;Dic-26;66,00;58.22;25,65;0,22;;73
31/08/26;AMADEUS;CALL;Dic-26;68,00;58.22;25,36;0,16;;25
31/08/26;AMADEUS;CALL;Dic-26;70,00;58.22;25,07;0,11;;1
31/08/26;AMADEUS;CALL;Dic-26;72,00;58.22;24,79;0,07;;28
31/08/26;AMADEUS;CALL;Dic-26;74,00;58.22;24,50;0,05;;6
31/08/26;AMADEUS;CALL;Dic-26;90,00;58.22;22,21;;;3
31/08/26;AMADEUS;CALL;Mar-27;40,00;58.22;36,07;0,95;;1
31/08/26;AMADEUS;CALL;Mar-27;52,00;58.22;30,02;0,75;;25
31/08/26;AMADEUS;CALL;Mar-27;54,00;58.22;29,02;0,69;;500
31/08/26;AMADEUS;CALL;Mar-27;56,00;58.22;28,01;0,63;;63
31/08/26;AMADEUS;CALL;Mar-27;58,00;58.22;27,00;0,56;;35
31/08/26;AMADEUS;CALL;Mar-27;60,00;58.22;26,70;0,49;;1
31/08/26;AMADEUS;CALL;Mar-27;62,00;58.22;26,48;0,42;;150
31/08/26;AMADEUS;CALL;Mar-27;64,00;58.22;26,26;0,36;;10
31/08/26;AMADEUS;CALL;Mar-27;66,00;58.22;26,04;0,30;;3
31/08/26;AMADEUS;CALL;Jun-27;40,00;58.22;35,44;0,92;;1
31/08/26;AMADEUS;CALL;Jun-27;50,00;58.22;30,97;0,77;;1
31/08/26;AMADEUS;CALL;Jun-27;52,00;58.22;30,08;0,72;;25
31/08/26;AMADEUS;CALL;Jun-27;58,00;58.22;27,40;0,57;;25
31/08/26;AMADEUS;CALL;Jun-27;60,00;58.22;27,06;0,52;;1
31/08/26;AMADEUS;CALL;Jun-27;62,00;58.22;26,78;0,46;;50
31/08/26;AMADEUS;CALL;Jun-27;64,00;58.22;26,51;0,41;;26
31/08/26;AMADEUS;CALL;Jun-27;66,00;58.22;26,23;0,36;;25
31/08/26;AMADEUS;CALL;Jun-27;68,00;58.22;25,96;0,31;;25
31/08/26;AMADEUS;CALL;Jun-27;72,00;58.22;25,41;0,22;;1
31/08/26;AMADEUS;CALL;Sep-27;49,00;58.22;32,07;0,77;;5
31/08/26;AMADEUS;CALL;Sep-27;66,00;58.22;27,21;0,38;;26
31/08/26;AMADEUS;CALL;Dic-27;56,00;58.22;29,75;0,62;;17
31/08/26;AMADEUS;CALL;Dic-27;60,00;58.22;28,72;0,54;;1
31/08/26;AMADEUS;CALL;Dic-27;72,00;58.22;27,14;0,30;;6
31/08/26;AMADEUS;PUT;Sep-26;38,00;58.22;38,34;;;8
31/08/26;AMADEUS;PUT;Sep-26;39,00;58.22;37,76;;;6
31/08/26;AMADEUS;PUT;Sep-26;40,00;58.22;37,19;;;1
31/08/26;AMADEUS;PUT;Sep-26;41,00;58.22;36,62;;;25
31/08/26;AMADEUS;PUT;Sep-26;42,00;58.22;36,05;;;717
31/08/26;AMADEUS;PUT;Sep-26;43,00;58.22;35,47;;;15
31/08/26;AMADEUS;PUT;Sep-26;44,00;58.22;34,90;;;230
31/08/26;AMADEUS;PUT;Sep-26;45,00;58.22;34,33;;;109
31/08/26;AMADEUS;PUT;Sep-26;46,00;58.22;33,76;;;3.537
31/08/26;AMADEUS;PUT;Sep-26;47,00;58.22;33,18;;;202
31/08/26;AMADEUS;PUT;Sep-26;48,00;58.22;32,61;;;94
31/08/26;AMADEUS;PUT;Sep-26;49,00;58.22;32,04;-0,01;;56
31/08/26;AMADEUS;PUT;Sep-26;50,00;58.22;31,47;-0,01;;30
31/08/26;AMADEUS;PUT;Sep-26;52,00;58.22;30,32;-0,04;;25
31/08/26;AMADEUS;PUT;Sep-26;54,00;58.22;29,18;-0,11;;33
31/08/26;AMADEUS;PUT;Sep-26;56,00;58.22;28,03;-0,25;;3
31/08/26;AMADEUS;PUT;Sep-26;58,00;58.22;26,89;-0,46;;25
31/08/26;AMADEUS;PUT;Sep-26;60,00;58.22;26,40;-0,68;;28
31/08/26;AMADEUS;PUT;Sep-26;66,00;58.22;25,20;-1,00;;25
31/08/26;AMADEUS;PUT;Sep-26;68,00;58.22;24,80;-1,00;;50
31/08/26;AMADEUS;PUT;Sep-26;70,00;58.22;24,40;-1,00;;50
31/08/26;AMADEUS;PUT;Oct-26;36,00;58.22;39,37;;;18
31/08/26;AMADEUS;PUT;Oct-26;39,00;58.22;37,68;;;2
31/08/26;AMADEUS;PUT;Oct-26;40,00;58.22;37,12;;;526
31/08/26;AMADEUS;PUT;Oct-26;45,00;58.22;34,32;-0,01;;1
31/08/26;AMADEUS;PUT;Oct-26;48,00;58.22;32,63;-0,04;;4
31/08/26;AMADEUS;PUT;Oct-26;50,00;58.22;31,51;-0,08;;2
31/08/26;AMADEUS;PUT;Oct-26;52,00;58.22;30,39;-0,13;;3
31/08/26;AMADEUS;PUT;Oct-26;54,00;58.22;29,27;-0,21;;2
31/08/26;AMADEUS;PUT;Oct-26;58,00;58.22;27,02;-0,46;;10
31/08/26;AMADEUS;PUT;Nov-26;54,00;58.22;29,07;-0,26;;1
31/08/26;AMADEUS;PUT;Dic-26;38,00;58.22;37,52;-0,01;;54
31/08/26;AMADEUS;PUT;Dic-26;39,00;58.22;36,98;-0,02;;174
31/08/26;AMADEUS;PUT;Dic-26;40,00;58.22;36,45;-0,02;;103
31/08/26;AMADEUS;PUT;Dic-26;42,00;58.22;35,37;-0,03;;2
31/08/26;AMADEUS;PUT;Dic-26;43,00;58.22;34,83;-0,04;;64
31/08/26;AMADEUS;PUT;Dic-26;44,00;58.22;34,29;-0,05;;15
31/08/26;AMADEUS;PUT;Dic-26;45,00;58.22;33,75;-0,06;;79
31/08/26;AMADEUS;PUT;Dic-26;46,00;58.22;33,22;-0,08;;38
31/08/26;AMADEUS;PUT;Dic-26;47,00;58.22;32,68;-0,09;;100
31/08/26;AMADEUS;PUT;Dic-26;48,00;58.22;32,14;-0,11;;2.022
31/08/26;AMADEUS;PUT;Dic-26;49,00;58.22;31,60;-0,13;;15
31/08/26;AMADEUS;PUT;Dic-26;50,00;58.22;31,06;-0,15;;867
31/08/26;AMADEUS;PUT;Dic-26;52,00;58.22;29,99;-0,21;;537
31/08/26;AMADEUS;PUT;Dic-26;54,00;58.22;28,91;-0,28;;91
31/08/26;AMADEUS;PUT;Dic-26;56,00;58.22;27,83;-0,36;;12
31/08/26;AMADEUS;PUT;Dic-26;58,00;58.22;26,76;-0,45;;1
31/08/26;AMADEUS;PUT;Dic-26;60,00;58.22;26,39;-0,54;;26
31/08/26;AMADEUS;PUT;Dic-26;62,00;58.22;26,10;-0,63;;3
31/08/26;AMADEUS;PUT;Dic-26;64,00;58.22;25,81;-0,72;;1
31/08/26;AMADEUS;PUT;Dic-26;68,00;58.22;25,24;-0,87;;25
31/08/26;AMADEUS;PUT;Dic-26;70,00;58.22;24,95;-0,92;;25
31/08/26;AMADEUS;PUT;Mar-27;38,00;58.22;35,85;-0,04;;116
31/08/26;AMADEUS;PUT;Mar-27;39,00;58.22;35,34;-0,05;;55
31/08/26;AMADEUS;PUT;Mar-27;40,00;58.22;34,84;-0,05;;3
31/08/26;AMADEUS;PUT;Mar-27;41,00;58.22;34,34;-0,07;;54
31/08/26;AMADEUS;PUT;Mar-27;42,00;58.22;33,83;-0,08;;2
31/08/26;AMADEUS;PUT;Mar-27;45,00;58.22;32,32;-0,11;;5
31/08/26;AMADEUS;PUT;Mar-27;46,00;58.22;31,82;-0,13;;10
31/08/26;AMADEUS;PUT;Mar-27;47,00;58.22;31,31;-0,15;1;13
31/08/26;AMADEUS;PUT;Mar-27;48,00;58.22;30,81;-0,17;;515
31/08/26;AMADEUS;PUT;Mar-27;49,00;58.22;30,31;-0,19;;15
31/08/26;AMADEUS;PUT;Mar-27;50,00;58.22;29,80;-0,21;;1
31/08/26;AMADEUS;PUT;Mar-27;52,00;58.22;28,79;-0,26;;3
31/08/26;AMADEUS;PUT;Mar-27;54,00;58.22;27,79;-0,32;;1
31/08/26;AMADEUS;PUT;Mar-27;62,00;58.22;25,25;-0,60;;1
31/08/26;AMADEUS;PUT;Jun-27;38,00;58.22;34,94;-0,06;;65
31/08/26;AMADEUS;PUT;Jun-27;39,00;58.22;34,49;-0,07;;10
31/08/26;AMADEUS;PUT;Jun-27;42,00;58.22;33,15;-0,10;;25
31/08/26;AMADEUS;PUT;Jun-27;43,00;58.22;32,71;-0,11;;25
31/08/26;AMADEUS;PUT;Jun-27;44,00;58.22;32,26;-0,13;;3
31/08/26;AMADEUS;PUT;Jun-27;45,00;58.22;31,81;-0,14;;1
31/08/26;AMADEUS;PUT;Jun-27;46,00;58.22;31,37;-0,16;;25
31/08/26;AMADEUS;PUT;Jun-27;47,00;58.22;30,92;-0,17;;25
31/08/26;AMADEUS;PUT;Jun-27;48,00;58.22;30,47;-0,19;;53
31/08/26;AMADEUS;PUT;Jun-27;49,00;58.22;30,03;-0,21;;3
31/08/26;AMADEUS;PUT;Jun-27;50,00;58.22;29,58;-0,23;;24
31/08/26;AMADEUS;PUT;Jun-27;52,00;58.22;28,69;-0,28;;7
31/08/26;AMADEUS;PUT;Jun-27;54,00;58.22;27,79;-0,33;;1
31/08/26;AMADEUS;PUT;Jun-27;60,00;58.22;25,67;-0,50;;11
31/08/26;AMADEUS;PUT;Sep-27;52,00;58.22;28,41;-0,30;;1
31/08/26;AMADEUS;PUT;Sep-27;54,00;58.22;27,61;-0,35;;1
31/08/26;AMADEUS;PUT;Dic-27;46,00;58.22;30,37;-0,20;;50
31/08/26;AMADEUS;PUT;Dic-27;47,00;58.22;30,01;-0,21;;25
31/08/26;AMADEUS;PUT;Dic-27;48,00;58.22;29,65;-0,23;;51
31/08/26;AMADEUS;PUT;Dic-27;50,00;58.22;28,92;-0,27;;7
31/08/26;AMADEUS;PUT;Dic-27;52,00;58.22;28,20;-0,31;;3
31/08/26;AMADEUS;PUT;Dic-27;58,00;58.22;26,04;-0,44;;1
31/08/26;AMADEUS;PUT;Mar-28;49,00;58.22;28,63;-0,25;;1
31/08/26;AMADEUS;PUT;Jun-28;46,00;58.22;29,06;-0,21;;2
31/08/26;AMADEUS;PUT;Jun-28;48,00;58.22;28,49;-0,24;;6
31/08/26;AMADEUS;PUT;Jun-28;56,00;58.22;26,20;-0,39;;1
31/08/26;AMADEUS;PUT;Jun-28;60,00;58.22;25,38;-0,47;;3
31/08/26;AMADEUS;PUT;Jun-28;62,00;58.22;25,17;-0,51;;3
31/08/26;AMADEUS;PUT;Jun-28;70,00;58.22;24,35;-0,67;;2
31/08/26;AMADEUS;PUT;Sep-28;46,00;58.22;28,59;-0,22;;2
31/08/26;AMADEUS;PUT;Dic-26;44,00;58.22;34,29;-0,05;;1
31/08/26;AMADEUS;PUT;Dic-26;46,00;58.22;33,22;-0,08;;1
31/08/26;AMADEUS;PUT;Sep-27;60,00;58.22;25,66;-0,48;;1
31/08/26;ARCELORMITTAL;CALL;Sep-26;40,00;64.1;48,05;1,00;;25
31/08/26;ARCELORMITTAL;CALL;Sep-26;52,00;64.1;44,87;0,98;4;5
31/08/26;ARCELORMITTAL;CALL;Sep-26;58,00;64.1;43,28;0,86;;22
31/08/26;ARCELORMITTAL;CALL;Sep-26;62,00;64.1;42,22;0,66;;74
31/08/26;ARCELORMITTAL;CALL;Sep-26;64,00;64.1;41,69;0,53;;28
31/08/26;ARCELORMITTAL;CALL;Sep-26;66,00;64.1;40,47;0,39;;6
31/08/26;ARCELORMITTAL;CALL;Sep-26;68,00;64.1;39,23;0,27;;9
31/08/26;ARCELORMITTAL;CALL;Sep-26;70,00;64.1;37,98;0,16;;119
31/08/26;ARCELORMITTAL;CALL;Sep-26;74,00;64.1;35,48;0,04;;25
31/08/26;ARCELORMITTAL;CALL;Sep-26;76,00;64.1;34,23;0,01;;25
31/08/26;ARCELORMITTAL;CALL;Sep-26;78,00;64.1;32,99;;;100
31/08/26;ARCELORMITTAL;CALL;Sep-26;80,00;64.1;31,74;;;50
31/08/26;ARCELORMITTAL;CALL;Sep-26;84,00;64.1;29,24;;;104
31/08/26;ARCELORMITTAL;CALL;Oct-26;68,00;64.1;41,13;0,38;;1
31/08/26;ARCELORMITTAL;CALL;Oct-26;70,00;64.1;40,35;0,30;;35
31/08/26;ARCELORMITTAL;CALL;Oct-26;74,00;64.1;38,79;0,17;;2
31/08/26;ARCELORMITTAL;CALL;Dic-26;26,00;64.1;53,58;1,00;;4
31/08/26;ARCELORMITTAL;CALL;Dic-26;35,00;64.1;51,33;0,99;;3
31/08/26;ARCELORMITTAL;CALL;Dic-26;40,00;64.1;50,09;0,97;;2
31/08/26;ARCELORMITTAL;CALL;Dic-26;45,00;64.1;48,84;0,93;;10
31/08/26;ARCELORMITTAL;CALL;Dic-26;50,00;64.1;47,59;0,86;;149
31/08/26;ARCELORMITTAL;CALL;Dic-26;56,00;64.1;46,09;0,75;;1
31/08/26;ARCELORMITTAL;CALL;Dic-26;60,00;64.1;45,09;0,66;;10
31/08/26;ARCELORMITTAL;CALL;Dic-26;70,00;64.1;42,69;0,41;;26
31/08/26;ARCELORMITTAL;CALL;Dic-26;74,00;64.1;41,75;0,31;;2
31/08/26;ARCELORMITTAL;CALL;Dic-26;88,00;64.1;38,48;0,09;;25
31/08/26;ARCELORMITTAL;CALL;Jun-27;21,00;64.1;52,90;1,00;;3
31/08/26;ARCELORMITTAL;CALL;Dic-29;30,00;64.1;37,48;0,94;;1
31/08/26;ARCELORMITTAL;PUT;Sep-26;24,00;64.1;49,92;;;1
31/08/26;ARCELORMITTAL;PUT;Sep-26;38,00;64.1;46,21;;;5
31/08/26;ARCELORMITTAL;PUT;Sep-26;40,00;64.1;45,68;;;2
31/08/26;ARCELORMITTAL;PUT;Sep-26;44,00;64.1;44,62;;;25
31/08/26;ARCELORMITTAL;PUT;Sep-26;45,00;64.1;44,36;;;50
31/08/26;ARCELORMITTAL;PUT;Sep-26;46,00;64.1;44,09;;;25
31/08/26;ARCELORMITTAL;PUT;Sep-26;54,00;64.1;41,97;-0,03;;1
31/08/26;ARCELORMITTAL;PUT;Sep-26;56,00;64.1;41,44;-0,06;;1
31/08/26;ARCELORMITTAL;PUT;Sep-26;58,00;64.1;40,91;-0,12;;41
31/08/26;ARCELORMITTAL;PUT;Oct-26;50,00;64.1;44,34;-0,05;;25
31/08/26;ARCELORMITTAL;PUT;Oct-26;62,00;64.1;41,22;-0,38;;10
31/08/26;ARCELORMITTAL;PUT;Dic-26;34,00;64.1;50,35;-0,01;;5
31/08/26;ARCELORMITTAL;PUT;Dic-26;35,00;64.1;50,10;-0,01;;5
31/08/26;ARCELORMITTAL;PUT;Dic-26;37,00;64.1;49,60;-0,01;;5
31/08/26;ARCELORMITTAL;PUT;Dic-26;38,00;64.1;49,35;-0,02;;5
31/08/26;ARCELORMITTAL;PUT;Dic-26;39,00;64.1;49,11;-0,02;;1
31/08/26;ARCELORMITTAL;PUT;Dic-26;40,00;64.1;48,86;-0,03;;3
31/08/26;ARCELORMITTAL;PUT;Dic-26;45,00;64.1;47,61;-0,07;;7
31/08/26;ARCELORMITTAL;PUT;Dic-26;46,00;64.1;47,36;-0,08;;1
31/08/26;ARCELORMITTAL;PUT;Dic-26;49,00;64.1;46,61;-0,12;;50
31/08/26;ARCELORMITTAL;PUT;Dic-26;50,00;64.1;46,36;-0,13;;25
31/08/26;ARCELORMITTAL;PUT;Dic-26;54,00;64.1;45,36;-0,20;;4
31/08/26;ARCELORMITTAL;PUT;Dic-26;60,00;64.1;43,86;-0,34;;115
31/08/26;ARCELORMITTAL;PUT;Dic-26;62,00;64.1;43,36;-0,39;;20
31/08/26;ARCELORMITTAL;PUT;Mar-27;36,00;64.1;47,80;-0,03;;5
31/08/26;ARCELORMITTAL;PUT;Dic-27;24,00;64.1;44,35;-0,01;;1
31/08/26;ARCELORMITTAL;PUT;Dic-30;44,00;64.1;34,25;-0,16;;1
31/08/26;ATRESMEDIA;CALL;Sep-26;5,00;5.15;20,48;0,76;;1
31/08/26;ATRESMEDIA;CALL;Sep-26;5,25;5.15;19,27;0,34;;1
31/08/26;ATRESMEDIA;CALL;Sep-26;5,50;5.15;17,73;0,05;;1
31/08/26;ATRESMEDIA;CALL;Oct-26;5,25;5.15;22,21;0,43;;24
31/08/26;ATRESMEDIA;CALL;Dic-26;5,25;5.15;23,09;0,48;;11
31/08/26;ATRESMEDIA;CALL;Dic-26;5,50;5.15;21,63;0,32;;6
31/08/26;ATRESMEDIA;CALL;Dic-26;5,75;5.15;20,17;0,18;;10
31/08/26;ATRESMEDIA;CALL;Dic-26;6,00;5.15;18,72;0,07;;2
31/08/26;ATRESMEDIA;CALL;Mar-27;3,40;5.15;28,87;1,00;;2
31/08/26;ATRESMEDIA;CALL;Mar-27;5,00;5.15;24,21;0,61;;32
31/08/26;ATRESMEDIA;PUT;Sep-26;4,60;5.15;16,92;;;3
31/08/26;ATRESMEDIA;PUT;Sep-26;4,80;5.15;16,11;-0,02;;4
31/08/26;ATRESMEDIA;PUT;Sep-26;4,90;5.15;15,71;-0,07;;1
31/08/26;ATRESMEDIA;PUT;Dic-26;4,50;5.15;20,95;-0,16;;18
31/08/26;ATRESMEDIA;PUT;Dic-26;5,00;5.15;18,88;-0,47;;3
31/08/26;ATRESMEDIA;PUT;Dic-26;5,50;5.15;16,22;-0,85;;25
31/08/26;ATRESMEDIA;PUT;Dic-26;6,00;5.15;13,31;-0,99;;20
31/08/26;ATRESMEDIA;PUT;Mar-27;4,50;5.15;22,00;-0,22;;5
31/08/26;ATRESMEDIA;PUT;Jun-27;4,00;5.15;25,34;-0,18;;5
31/08/26;ATRESMEDIA;PUT;Jun-27;4,50;5.15;24,33;-0,34;;2
31/08/26;ATRESMEDIA;PUT;Jun-27;4,60;5.15;24,13;-0,37;;2
31/08/26;B.SABADELL;CALL;Sep-26;2,14;3.63;30,13;1,00;;117
31/08/26;B.SABADELL;CALL;Sep-26;2,56;3.63;28,97;1,00;;20
31/08/26;B.SABADELL;CALL;Sep-26;2,91;3.63;28,01;1,00;;52
31/08/26;B.SABADELL;CALL;Sep-26;2,99;3.63;27,79;1,00;;30
31/08/26;B.SABADELL;CALL;Sep-26;3,16;3.63;27,32;0,99;;2
31/08/26;B.SABADELL;CALL;Sep-26;3,25;3.63;27,07;0,97;;300
31/08/26;B.SABADELL;CALL;Sep-26;3,33;3.63;26,85;0,93;;8
31/08/26;B.SABADELL;CALL;Sep-26;3,42;3.63;26,61;0,86;;8
31/08/26;B.SABADELL;CALL;Sep-26;3,50;3.63;26,39;0,75;;40
31/08/26;B.SABADELL;CALL;Sep-26;3,59;3.63;26,14;0,60;;12
31/08/26;B.SABADELL;CALL;Sep-26;3,68;3.63;25,85;0,43;;1
31/08/26;B.SABADELL;CALL;Oct-26;3,59;3.63;27,11;0,58;;1
31/08/26;B.SABADELL;CALL;Dic-26;2,48;3.63;29,25;0,99;;50
31/08/26;B.SABADELL;CALL;Dic-26;2,74;3.63;28,51;0,97;;28
31/08/26;B.SABADELL;CALL;Dic-26;2,82;3.63;28,28;0,96;;3
31/08/26;B.SABADELL;CALL;Dic-26;2,99;3.63;27,80;0,92;;7
31/08/26;B.SABADELL;CALL;Dic-26;3,08;3.63;27,54;0,89;;664
31/08/26;B.SABADELL;CALL;Dic-26;3,25;3.63;27,06;0,81;;11
31/08/26;B.SABADELL;CALL;Dic-26;3,33;3.63;26,83;0,76;;10
31/08/26;B.SABADELL;CALL;Dic-26;3,50;3.63;26,35;0,65;;10
31/08/26;B.SABADELL;CALL;Dic-26;3,59;3.63;26,09;0,58;;1
31/08/26;B.SABADELL;CALL;Dic-26;3,68;3.63;25,81;0,51;;25
31/08/26;B.SABADELL;CALL;Mar-27;2,22;3.63;30,91;1,00;;20
31/08/26;B.SABADELL;CALL;Mar-27;2,74;3.63;29,62;0,94;;10
31/08/26;B.SABADELL;CALL;Mar-27;2,91;3.63;29,20;0,90;;38
31/08/26;B.SABADELL;CALL;Mar-27;3,16;3.63;28,58;0,80;;80
31/08/26;B.SABADELL;CALL;Mar-27;3,33;3.63;28,16;0,72;;2
31/08/26;B.SABADELL;CALL;Mar-27;3,42;3.63;27,94;0,67;;9
31/08/26;B.SABADELL;CALL;Mar-27;3,50;3.63;27,74;0,62;;3
31/08/26;B.SABADELL;CALL;Jun-27;2,99;3.63;30,78;0,83;;6
31/08/26;B.SABADELL;CALL;Jun-27;3,33;3.63;30,03;0,69;;90
31/08/26;B.SABADELL;CALL;Jun-27;3,59;3.63;29,45;0,56;;2
31/08/26;B.SABADELL;CALL;Jun-27;3,68;3.63;29,24;0,52;;4
31/08/26;B.SABADELL;CALL;Jun-27;3,76;3.63;29,05;0,49;;3
31/08/26;B.SABADELL;CALL;Jun-27;3,93;3.63;28,62;0,41;2;1
31/08/26;B.SABADELL;CALL;Jun-27;4,02;3.63;28,40;0,37;;8
31/08/26;B.SABADELL;PUT;Sep-26;2,22;3.63;21,81;;;5.249
31/08/26;B.SABADELL;PUT;Sep-26;2,48;3.63;21,09;;;1
31/08/26;B.SABADELL;PUT;Sep-26;2,65;3.63;20,63;;;26
31/08/26;B.SABADELL;PUT;Sep-26;2,74;3.63;20,38;;;23
31/08/26;B.SABADELL;PUT;Sep-26;2,82;3.63;20,16;;;5
31/08/26;B.SABADELL;PUT;Sep-26;2,91;3.63;19,91;;;5
31/08/26;B.SABADELL;PUT;Sep-26;2,99;3.63;19,69;;;15
31/08/26;B.SABADELL;PUT;Sep-26;3,08;3.63;19,44;;;30
31/08/26;B.SABADELL;PUT;Sep-26;3,16;3.63;19,22;;;5
31/08/26;B.SABADELL;PUT;Sep-26;3,33;3.63;18,75;-0,02;;30
31/08/26;B.SABADELL;PUT;Sep-26;3,50;3.63;18,29;-0,17;;62
31/08/26;B.SABADELL;PUT;Sep-26;3,59;3.63;18,04;-0,37;;1
31/08/26;B.SABADELL;PUT;Sep-26;3,68;3.63;17,75;-0,61;;1
31/08/26;B.SABADELL;PUT;Nov-26;3,42;3.63;20,70;-0,24;;5
31/08/26;B.SABADELL;PUT;Dic-26;2,48;3.63;24,05;;;411
31/08/26;B.SABADELL;PUT;Dic-26;2,56;3.63;23,82;;;10
31/08/26;B.SABADELL;PUT;Dic-26;2,65;3.63;23,57;-0,01;;10
31/08/26;B.SABADELL;PUT;Dic-26;2,74;3.63;23,31;-0,01;;20
31/08/26;B.SABADELL;PUT;Dic-26;2,82;3.63;23,08;-0,02;;21
31/08/26;B.SABADELL;PUT;Dic-26;2,91;3.63;22,83;-0,03;;2
31/08/26;B.SABADELL;PUT;Dic-26;2,99;3.63;22,60;-0,05;;10
31/08/26;B.SABADELL;PUT;Dic-26;3,08;3.63;22,34;-0,07;;52
31/08/26;B.SABADELL;PUT;Dic-26;3,16;3.63;22,12;-0,10;;60
31/08/26;B.SABADELL;PUT;Dic-26;3,50;3.63;21,15;-0,33;;50
31/08/26;B.SABADELL;PUT;Dic-26;3,68;3.63;20,61;-0,51;;10
31/08/26;B.SABADELL;PUT;Mar-27;2,48;3.63;25,82;-0,02;;1
31/08/26;B.SABADELL;PUT;Mar-27;2,65;3.63;25,40;-0,04;;20
31/08/26;B.SABADELL;PUT;Mar-27;2,82;3.63;24,97;-0,08;;113
31/08/26;B.SABADELL;PUT;Mar-27;2,99;3.63;24,55;-0,13;;205
31/08/26;B.SABADELL;PUT;Mar-27;3,08;3.63;24,33;-0,17;;200
31/08/26;B.SABADELL;PUT;Mar-27;3,33;3.63;23,71;-0,30;;141
31/08/26;B.SABADELL;PUT;Mar-27;3,42;3.63;23,49;-0,35;;3
31/08/26;B.SABADELL;PUT;Mar-27;3,59;3.63;23,07;-0,46;;100
31/08/26;B.SABADELL;PUT;Jun-27;2,74;3.63;26,15;-0,11;;5
31/08/26;B.SABADELL;PUT;Sep-27;2,39;3.63;27,40;-0,06;;5
31/08/26;B.SABADELL;PUT;Dic-27;2,74;3.63;26,90;-0,16;;1.538
31/08/26;B.SABADELL;PUT;Dic-27;2,82;3.63;26,74;-0,19;;3.026
31/08/26;B.SABADELL;PUT;Mar-28;2,56;3.63;28,80;-0,15;;830
31/08/26;B.SABADELL;PUT;Mar-28;2,74;3.63;28,50;-0,19;;769
31/08/26;B.SABADELL;PUT;Mar-28;2,82;3.63;28,37;-0,22;;758
31/08/26;B.SABADELL;PUT;Mar-28;2,91;3.63;28,22;-0,24;;742
31/08/26;B.SABADELL;PUT;Dic-26;2,48;3.63;24,05;;;10
31/08/26;BANKINTER;CALL;Sep-26;13,50;16.67;27,24;1,00;;23
31/08/26;BANKINTER;CALL;Sep-26;14,00;16.67;26,19;1,00;;9
31/08/26;BANKINTER;CALL;Sep-26;14,50;16.67;25,14;0,99;;1
31/08/26;BANKINTER;CALL;Sep-26;15,00;16.67;24,09;0,98;;2
31/08/26;BANKINTER;CALL;Sep-26;16,50;16.67;20,94;0,60;;10
31/08/26;BANKINTER;CALL;Oct-26;15,00;16.67;25,83;0,89;;10
31/08/26;BANKINTER;CALL;Oct-26;17,50;16.67;22,06;0,29;;10
31/08/26;BANKINTER;CALL;Dic-26;13,50;16.67;29,82;0,94;;11
31/08/26;BANKINTER;CALL;Dic-26;14,00;16.67;28,82;0,90;;2
31/08/26;BANKINTER;CALL;Dic-26;15,00;16.67;26,82;0,81;;10
31/08/26;BANKINTER;CALL;Dic-26;15,50;16.67;25,82;0,75;;10
31/08/26;BANKINTER;CALL;Dic-26;16,00;16.67;24,82;0,67;;50
31/08/26;BANKINTER;CALL;Dic-26;17,00;16.67;23,39;0,48;;100
31/08/26;BANKINTER;CALL;Mar-27;15,00;16.67;27,33;0,75;;21
31/08/26;BANKINTER;CALL;Mar-27;16,50;16.67;24,84;0,56;;100
31/08/26;BANKINTER;CALL;Mar-27;17,00;16.67;24,48;0,49;;100
31/08/26;BANKINTER;CALL;Jun-27;14,50;16.67;28,35;0,76;;1
31/08/26;BANKINTER;CALL;Jun-27;15,50;16.67;26,91;0,66;;1
31/08/26;BANKINTER;CALL;Jun-27;16,00;16.67;26,19;0,61;;25
31/08/26;BANKINTER;CALL;Jun-27;16,50;16.67;25,47;0,55;;1
31/08/26;BANKINTER;CALL;Dic-27;14,50;16.67;27,81;0,73;;3
31/08/26;BANKINTER;CALL;Dic-27;15,50;16.67;26,68;0,65;;1
31/08/26;BANKINTER;CALL;Dic-27;17,00;16.67;25,31;0,52;;25
31/08/26;BANKINTER;PUT;Sep-26;6,50;16.67;41,83;;;31
31/08/26;BANKINTER;PUT;Sep-26;7,00;16.67;40,78;;;1
31/08/26;BANKINTER;PUT;Sep-26;10,50;16.67;33,43;;;3
31/08/26;BANKINTER;PUT;Sep-26;11,00;16.67;32,38;;;3
31/08/26;BANKINTER;PUT;Sep-26;11,50;16.67;31,33;;;4
31/08/26;BANKINTER;PUT;Sep-26;12,50;16.67;29,23;;;2
31/08/26;BANKINTER;PUT;Sep-26;13,00;16.67;28,18;;;20
31/08/26;BANKINTER;PUT;Sep-26;13,50;16.67;27,13;;;10
31/08/26;BANKINTER;PUT;Sep-26;14,00;16.67;26,08;;;10
31/08/26;BANKINTER;PUT;Sep-26;15,00;16.67;23,98;-0,02;;5
31/08/26;BANKINTER;PUT;Sep-26;15,50;16.67;22,93;-0,07;;20
31/08/26;BANKINTER;PUT;Sep-26;16,50;16.67;20,83;-0,40;;3
31/08/26;BANKINTER;PUT;Oct-26;14,50;16.67;26,55;-0,06;;10
31/08/26;BANKINTER;PUT;Dic-26;7,25;16.67;41,30;;;1
31/08/26;BANKINTER;PUT;Dic-26;11,00;16.67;33,80;-0,01;;1
31/08/26;BANKINTER;PUT;Dic-26;12,00;16.67;31,80;-0,03;;1.020
31/08/26;BANKINTER;PUT;Dic-26;12,50;16.67;30,80;-0,04;;114
31/08/26;BANKINTER;PUT;Dic-26;13,00;16.67;29,80;-0,06;;20
31/08/26;BANKINTER;PUT;Dic-26;13,50;16.67;28,80;-0,09;;3.360
31/08/26;BANKINTER;PUT;Dic-26;14,00;16.67;27,80;-0,13;;25
31/08/26;BANKINTER;PUT;Dic-26;15,00;16.67;25,80;-0,24;;5
31/08/26;BANKINTER;PUT;Dic-26;16,00;16.67;23,80;-0,39;;25
31/08/26;BANKINTER;PUT;Mar-27;13,50;16.67;27,72;-0,14;;1.008
31/08/26;BANKINTER;PUT;Mar-27;15,50;16.67;24,40;-0,33;;25
31/08/26;BANKINTER;PUT;Jun-27;11,00;16.67;30,53;-0,05;;222
31/08/26;BANKINTER;PUT;Jun-27;12,50;16.67;28,37;-0,11;;3
31/08/26;BANKINTER;PUT;Jun-27;13,50;16.67;26,93;-0,17;;1.000
31/08/26;BANKINTER;PUT;Dic-27;10,50;16.67;28,58;-0,07;;1.000
31/08/26;BANKINTER;PUT;Dic-27;11,00;16.67;28,02;-0,08;;50
31/08/26;BANKINTER;PUT;Dic-27;15,00;16.67;23,53;-0,34;;25
31/08/26;BANKINTER;PUT;Mar-28;13,00;16.67;26,66;-0,20;;194
31/08/26;BANKINTER;PUT;Mar-28;14,00;16.67;25,72;-0,27;;175
31/08/26;BBVA;CALL;Sep-26;13,50;25.03;51,68;1,00;;75
31/08/26;BBVA;CALL;Sep-26;14,00;25.03;50,56;1,00;;75
31/08/26;BBVA;CALL;Sep-26;14,50;25.03;49,44;1,00;;75
31/08/26;BBVA;CALL;Sep-26;15,00;25.03;48,32;1,00;;152
31/08/26;BBVA;CALL;Sep-26;15,50;25.03;47,20;1,00;;150
31/08/26;BBVA;CALL;Sep-26;16,00;25.03;46,08;1,00;;300
31/08/26;BBVA;CALL;Sep-26;16,50;25.03;44,96;1,00;;300
31/08/26;BBVA;CALL;Sep-26;17,00;25.03;43,85;1,00;;1.950
31/08/26;BBVA;CALL;Sep-26;17,50;25.03;42,73;1,00;;5.000
31/08/26;BBVA;CALL;Sep-26;18,50;25.03;40,49;1,00;;151
31/08/26;BBVA;CALL;Sep-26;19,00;25.03;39,37;1,00;;4.260
31/08/26;BBVA;CALL;Sep-26;19,50;25.03;38,25;1,00;;250
31/08/26;BBVA;CALL;Sep-26;20,00;25.03;37,13;1,00;;7.148
31/08/26;BBVA;CALL;Sep-26;21,00;25.03;34,90;0,99;;2.009
31/08/26;BBVA;CALL;Sep-26;22,00;25.03;32,66;0,97;;534
31/08/26;BBVA;CALL;Sep-26;23,00;25.03;30,42;0,90;;150
31/08/26;BBVA;CALL;Sep-26;24,00;25.03;28,18;0,76;;73
31/08/26;BBVA;CALL;Sep-26;25,00;25.03;25,95;0,53;;395
31/08/26;BBVA;CALL;Sep-26;25,50;25.03;25,67;0,39;;13
31/08/26;BBVA;CALL;Sep-26;26,00;25.03;25,45;0,27;;1.186
31/08/26;BBVA;CALL;Sep-26;27,00;25.03;25,01;0,09;;130
31/08/26;BBVA;CALL;Oct-26;25,00;25.03;27,25;0,53;2;3
31/08/26;BBVA;CALL;Oct-26;26,00;25.03;26,78;0,36;;6
31/08/26;BBVA;CALL;Oct-26;27,00;25.03;26,35;0,21;30;110
31/08/26;BBVA;CALL;Dic-26;13,00;25.03;51,13;1,00;;25
31/08/26;BBVA;CALL;Dic-26;15,00;25.03;47,64;1,00;;30
31/08/26;BBVA;CALL;Dic-26;16,00;25.03;45,89;0,99;;3.988
31/08/26;BBVA;CALL;Dic-26;16,50;25.03;45,02;0,99;;50
31/08/26;BBVA;CALL;Dic-26;17,00;25.03;44,15;0,98;;4.311
31/08/26;BBVA;CALL;Dic-26;17,50;25.03;43,28;0,97;;650
31/08/26;BBVA;CALL;Dic-26;18,00;25.03;42,40;0,96;;158
31/08/26;BBVA;CALL;Dic-26;18,50;25.03;41,53;0,95;;8
31/08/26;BBVA;CALL;Dic-26;19,00;25.03;40,66;0,94;;2.502
31/08/26;BBVA;CALL;Dic-26;19,50;25.03;39,79;0,92;;20
31/08/26;BBVA;CALL;Dic-26;20,00;25.03;38,92;0,90;;162
31/08/26;BBVA;CALL;Dic-26;21,00;25.03;37,17;0,85;;3.517
31/08/26;BBVA;CALL;Dic-26;22,00;25.03;35,43;0,79;;25
31/08/26;BBVA;CALL;Dic-26;23,00;25.03;33,68;0,71;;2.211
31/08/26;BBVA;CALL;Dic-26;24,00;25.03;31,94;0,62;;2
31/08/26;BBVA;CALL;Dic-26;25,00;25.03;30,19;0,52;;214
31/08/26;BBVA;CALL;Dic-26;26,00;25.03;29,73;0,42;;16
31/08/26;BBVA;CALL;Dic-26;27,00;25.03;29,30;0,33;;152
31/08/26;BBVA;CALL;Dic-26;28,00;25.03;28,87;0,25;;6
31/08/26;BBVA;CALL;Mar-27;9,50;25.03;52,96;1,00;;25
31/08/26;BBVA;CALL;Mar-27;12,00;25.03;49,33;1,00;;25
31/08/26;BBVA;CALL;Mar-27;13,00;25.03;47,88;1,00;;1
31/08/26;BBVA;CALL;Mar-27;15,50;25.03;44,25;0,97;;5
31/08/26;BBVA;CALL;Mar-27;16,00;25.03;43,53;0,96;;905
31/08/26;BBVA;CALL;Mar-27;16,50;25.03;42,80;0,94;;250
31/08/26;BBVA;CALL;Mar-27;17,50;25.03;41,35;0,92;;40
31/08/26;BBVA;CALL;Mar-27;18,00;25.03;40,62;0,90;;101
31/08/26;BBVA;CALL;Mar-27;19,00;25.03;39,17;0,87;;109
31/08/26;BBVA;CALL;Mar-27;20,00;25.03;37,72;0,83;3;3.053
31/08/26;BBVA;CALL;Mar-27;20,50;25.03;37,00;0,81;;1
31/08/26;BBVA;CALL;Mar-27;21,50;25.03;35,54;0,76;;4.000
31/08/26;BBVA;CALL;Mar-27;22,00;25.03;34,82;0,73;;4.055
31/08/26;BBVA;CALL;Mar-27;23,00;25.03;33,37;0,68;;161
31/08/26;BBVA;CALL;Mar-27;24,00;25.03;31,92;0,61;10;381
31/08/26;BBVA;CALL;Mar-27;25,00;25.03;30,46;0,54;;221
31/08/26;BBVA;CALL;Mar-27;26,00;25.03;30,10;0,47;;500
31/08/26;BBVA;CALL;Mar-27;27,00;25.03;29,76;0,41;;500
31/08/26;BBVA;CALL;Mar-27;28,00;25.03;29,43;0,34;;200
31/08/26;BBVA;CALL;Jun-27;12,00;25.03;49,64;1,00;;150
31/08/26;BBVA;CALL;Jun-27;12,50;25.03;48,96;0,99;;25
31/08/26;BBVA;CALL;Jun-27;13,00;25.03;48,27;0,99;;1
31/08/26;BBVA;CALL;Jun-27;15,00;25.03;45,53;0,96;;3
31/08/26;BBVA;CALL;Jun-27;17,00;25.03;42,78;0,91;;6.000
31/08/26;BBVA;CALL;Jun-27;20,00;25.03;38,67;0,81;;150
31/08/26;BBVA;CALL;Jun-27;21,00;25.03;37,30;0,76;;2.600
31/08/26;BBVA;CALL;Jun-27;22,00;25.03;35,93;0,72;;3.150
31/08/26;BBVA;CALL;Jun-27;23,00;25.03;34,55;0,67;;21
31/08/26;BBVA;CALL;Jun-27;24,00;25.03;33,18;0,61;;10
31/08/26;BBVA;CALL;Jun-27;25,00;25.03;31,81;0,55;;1.760
31/08/26;BBVA;CALL;Jun-27;26,00;25.03;31,42;0,49;;15
31/08/26;BBVA;CALL;Jun-27;27,00;25.03;31,06;0,43;;12
31/08/26;BBVA;CALL;Sep-27;11,50;25.03;47,97;1,00;;150
31/08/26;BBVA;CALL;Sep-27;12,00;25.03;47,35;1,00;;150
31/08/26;BBVA;CALL;Sep-27;15,00;25.03;43,68;0,94;;2
31/08/26;BBVA;CALL;Sep-27;20,00;25.03;37,55;0,79;;1
31/08/26;BBVA;CALL;Sep-27;22,00;25.03;35,10;0,71;;1
31/08/26;BBVA;CALL;Dic-27;11,00;25.03;47,97;1,00;;150
31/08/26;BBVA;CALL;Dic-27;11,50;25.03;47,41;1,00;;26
31/08/26;BBVA;CALL;Dic-27;13,50;25.03;45,14;0,97;;150
31/08/26;BBVA;CALL;Dic-27;15,00;25.03;43,44;0,94;;75
31/08/26;BBVA;CALL;Dic-27;16,00;25.03;42,31;0,91;;6.000
31/08/26;BBVA;CALL;Dic-27;17,00;25.03;41,18;0,88;;150
31/08/26;BBVA;CALL;Dic-27;17,50;25.03;40,61;0,86;;100
31/08/26;BBVA;CALL;Dic-27;18,00;25.03;40,05;0,85;;1
31/08/26;BBVA;CALL;Dic-27;20,00;25.03;37,78;0,78;;150
31/08/26;BBVA;CALL;Dic-27;25,00;25.03;32,12;0,56;;4.002
31/08/26;BBVA;CALL;Dic-27;26,00;25.03;31,70;0,51;;100
31/08/26;BBVA;CALL;Mar-28;17,00;25.03;40,41;0,86;;600
31/08/26;BBVA;CALL;Mar-28;17,50;25.03;39,89;0,85;;300
31/08/26;BBVA;CALL;Mar-28;18,00;25.03;39,37;0,83;;300
31/08/26;BBVA;CALL;Mar-28;21,00;25.03;36,26;0,73;;350
31/08/26;BBVA;CALL;Jun-28;10,00;25.03;48,40;1,00;;1
31/08/26;BBVA;CALL;Jun-28;17,00;25.03;41,32;0,86;;750
31/08/26;BBVA;CALL;Jun-28;17,50;25.03;40,81;0,84;;600
31/08/26;BBVA;CALL;Jun-28;18,00;25.03;40,31;0,83;;575
31/08/26;BBVA;CALL;Jun-28;18,50;25.03;39,80;0,81;;3
31/08/26;BBVA;CALL;Jun-28;19,00;25.03;39,29;0,80;;50
31/08/26;BBVA;CALL;Jun-28;19,50;25.03;38,79;0,78;;100
31/08/26;BBVA;CALL;Jun-28;20,00;25.03;38,28;0,76;;125
31/08/26;BBVA;CALL;Jun-28;21,00;25.03;37,27;0,73;;525
31/08/26;BBVA;CALL;Jun-28;22,00;25.03;36,26;0,69;;4.450
31/08/26;BBVA;CALL;Jun-28;23,00;25.03;35,24;0,65;;150
31/08/26;BBVA;CALL;Jun-28;24,00;25.03;34,23;0,61;;300
31/08/26;BBVA;CALL;Jun-28;25,00;25.03;33,22;0,57;;1.000
31/08/26;BBVA;CALL;Dic-29;15,00;25.03;40,95;0,91;;50
31/08/26;BBVA;PUT;Sep-26;6,75;25.03;66,46;;;1
31/08/26;BBVA;PUT;Sep-26;8,25;25.03;63,10;;;5
31/08/26;BBVA;PUT;Sep-26;9,00;25.03;61,42;;;674
31/08/26;BBVA;PUT;Sep-26;9,25;25.03;60,86;;;368
31/08/26;BBVA;PUT;Sep-26;9,50;25.03;60,31;;;25
31/08/26;BBVA;PUT;Sep-26;9,75;25.03;59,75;;;200
31/08/26;BBVA;PUT;Sep-26;10,00;25.03;59,19;;;40.150
31/08/26;BBVA;PUT;Sep-26;10,50;25.03;58,07;;;300
31/08/26;BBVA;PUT;Sep-26;11,00;25.03;56,95;;;350
31/08/26;BBVA;PUT;Sep-26;11,50;25.03;55,83;;;1
31/08/26;BBVA;PUT;Sep-26;12,00;25.03;54,71;;;1
31/08/26;BBVA;PUT;Sep-26;12,50;25.03;53,59;;;50
31/08/26;BBVA;PUT;Sep-26;13,00;25.03;52,47;;;130
31/08/26;BBVA;PUT;Sep-26;14,00;25.03;50,24;;;55
31/08/26;BBVA;PUT;Sep-26;14,50;25.03;49,12;;;6
31/08/26;BBVA;PUT;Sep-26;15,00;25.03;48,00;;;108
31/08/26;BBVA;PUT;Sep-26;15,50;25.03;46,88;;;56
31/08/26;BBVA;PUT;Sep-26;16,00;25.03;45,76;;;89
31/08/26;BBVA;PUT;Sep-26;16,50;25.03;44,64;;;58
31/08/26;BBVA;PUT;Sep-26;17,00;25.03;43,53;;;4.956
31/08/26;BBVA;PUT;Sep-26;17,50;25.03;42,41;;;151
31/08/26;BBVA;PUT;Sep-26;18,00;25.03;41,29;;;7.070
31/08/26;BBVA;PUT;Sep-26;18,50;25.03;40,17;;;210
31/08/26;BBVA;PUT;Sep-26;19,00;25.03;39,05;;;7.071
31/08/26;BBVA;PUT;Sep-26;19,50;25.03;37,93;;1;301
31/08/26;BBVA;PUT;Sep-26;20,00;25.03;36,81;;;12.031
31/08/26;BBVA;PUT;Sep-26;20,50;25.03;35,70;;;250
31/08/26;BBVA;PUT;Sep-26;21,00;25.03;34,58;-0,01;;3.317
31/08/26;BBVA;PUT;Sep-26;22,00;25.03;32,34;-0,03;;263
31/08/26;BBVA;PUT;Sep-26;23,00;25.03;30,10;-0,10;3;454
31/08/26;BBVA;PUT;Sep-26;24,00;25.03;27,86;-0,24;;193
31/08/26;BBVA;PUT;Sep-26;24,50;25.03;26,75;-0,34;;150
31/08/26;BBVA;PUT;Sep-26;25,00;25.03;25,63;-0,47;3;4
31/08/26;BBVA;PUT;Sep-26;25,50;25.03;25,35;-0,61;3;3
31/08/26;BBVA;PUT;Sep-26;26,00;25.03;25,13;-0,74;1;102
31/08/26;BBVA;PUT;Oct-26;19,00;25.03;37,00;-0,02;;1
31/08/26;BBVA;PUT;Oct-26;20,00;25.03;35,13;-0,04;;6
31/08/26;BBVA;PUT;Oct-26;21,00;25.03;33,25;-0,08;;20
31/08/26;BBVA;PUT;Oct-26;22,00;25.03;31,37;-0,14;;115
31/08/26;BBVA;PUT;Oct-26;23,00;25.03;29,49;-0,23;;121
31/08/26;BBVA;PUT;Oct-26;24,00;25.03;27,61;-0,37;;10
31/08/26;BBVA;PUT;Oct-26;25,00;25.03;25,74;-0,53;;4
31/08/26;BBVA;PUT;Nov-26;22,00;25.03;32,51;-0,20;;1
31/08/26;BBVA;PUT;Nov-26;23,00;25.03;30,74;-0,28;30;30
31/08/26;BBVA;PUT;Nov-26;24,00;25.03;28,96;-0,39;;10
31/08/26;BBVA;PUT;Dic-26;5,75;25.03;61,66;;;150
31/08/26;BBVA;PUT;Dic-26;6,00;25.03;61,22;;;10.150
31/08/26;BBVA;PUT;Dic-26;6,25;25.03;60,78;;;150
31/08/26;BBVA;PUT;Dic-26;6,50;25.03;60,35;;;13.250
31/08/26;BBVA;PUT;Dic-26;6,75;25.03;59,91;;;450
31/08/26;BBVA;PUT;Dic-26;7,00;25.03;59,47;;;300
31/08/26;BBVA;PUT;Dic-26;7,25;25.03;59,04;;;600
31/08/26;BBVA;PUT;Dic-26;7,50;25.03;58,60;;;450
31/08/26;BBVA;PUT;Dic-26;7,75;25.03;58,17;;;451
31/08/26;BBVA;PUT;Dic-26;8,00;25.03;57,73;;;18.450
31/08/26;BBVA;PUT;Dic-26;8,25;25.03;57,29;;;15
31/08/26;BBVA;PUT;Dic-26;8,50;25.03;56,86;;;25.000
31/08/26;BBVA;PUT;Dic-26;8,75;25.03;56,42;;;311
31/08/26;BBVA;PUT;Dic-26;9,00;25.03;55,99;;;14.933
31/08/26;BBVA;PUT;Dic-26;9,25;25.03;55,55;;;75
31/08/26;BBVA;PUT;Dic-26;9,50;25.03;55,11;;;76
31/08/26;BBVA;PUT;Dic-26;9,75;25.03;54,68;;;200
31/08/26;BBVA;PUT;Dic-26;10,00;25.03;54,24;;;226
31/08/26;BBVA;PUT;Dic-26;10,50;25.03;53,37;;;300
31/08/26;BBVA;PUT;Dic-26;11,00;25.03;52,50;;;481
31/08/26;BBVA;PUT;Dic-26;11,50;25.03;51,62;;;1
31/08/26;BBVA;PUT;Dic-26;12,00;25.03;50,75;;;8.410
31/08/26;BBVA;PUT;Dic-26;12,50;25.03;49,88;;;250
31/08/26;BBVA;PUT;Dic-26;13,00;25.03;49,01;-0,01;;42.101
31/08/26;BBVA;PUT;Dic-26;13,50;25.03;48,13;-0,01;;400
31/08/26;BBVA;PUT;Dic-26;14,00;25.03;47,26;-0,01;;706
31/08/26;BBVA;PUT;Dic-26;14,50;25.03;46,39;-0,01;;300
31/08/26;BBVA;PUT;Dic-26;15,00;25.03;45,52;-0,02;;3.774
31/08/26;BBVA;PUT;Dic-26;15,50;25.03;44,65;-0,02;;12
31/08/26;BBVA;PUT;Dic-26;16,00;25.03;43,77;-0,03;;92
31/08/26;BBVA;PUT;Dic-26;16,50;25.03;42,90;-0,03;;520
31/08/26;BBVA;PUT;Dic-26;17,00;25.03;42,03;-0,04;;8.736
31/08/26;BBVA;PUT;Dic-26;17,50;25.03;41,16;-0,05;;124
31/08/26;BBVA;PUT;Dic-26;18,00;25.03;40,28;-0,06;;20.169
31/08/26;BBVA;PUT;Dic-26;18,50;25.03;39,41;-0,07;;105
31/08/26;BBVA;PUT;Dic-26;19,00;25.03;38,54;-0,09;;13.518
31/08/26;BBVA;PUT;Dic-26;20,00;25.03;36,80;-0,12;;10.512
31/08/26;BBVA;PUT;Dic-26;20,50;25.03;35,92;-0,14;;6
31/08/26;BBVA;PUT;Dic-26;21,00;25.03;35,05;-0,17;;12.145
31/08/26;BBVA;PUT;Dic-26;22,00;25.03;33,31;-0,23;;1.003
31/08/26;BBVA;PUT;Dic-26;23,00;25.03;31,56;-0,30;;2.600
31/08/26;BBVA;PUT;Dic-26;24,00;25.03;29,82;-0,39;;505
31/08/26;BBVA;PUT;Dic-26;25,00;25.03;28,07;-0,49;;1
31/08/26;BBVA;PUT;Mar-27;8,50;25.03;52,42;;;25
31/08/26;BBVA;PUT;Mar-27;8,75;25.03;52,06;;;25
31/08/26;BBVA;PUT;Mar-27;9,00;25.03;51,70;;;25
31/08/26;BBVA;PUT;Mar-27;9,25;25.03;51,34;;;25
31/08/26;BBVA;PUT;Mar-27;9,50;25.03;50,97;;;30
31/08/26;BBVA;PUT;Mar-27;9,75;25.03;50,61;;;25
31/08/26;BBVA;PUT;Mar-27;10,50;25.03;49,52;-0,01;;175
31/08/26;BBVA;PUT;Mar-27;11,00;25.03;48,80;-0,01;;175
31/08/26;BBVA;PUT;Mar-27;11,50;25.03;48,07;-0,01;;32.250
31/08/26;BBVA;PUT;Mar-27;12,00;25.03;47,34;-0,01;;40
31/08/26;BBVA;PUT;Mar-27;12,50;25.03;46,62;-0,01;;30
31/08/26;BBVA;PUT;Mar-27;13,00;25.03;45,89;-0,02;;40
31/08/26;BBVA;PUT;Mar-27;13,50;25.03;45,17;-0,02;;20
31/08/26;BBVA;PUT;Mar-27;14,00;25.03;44,44;-0,03;;30
31/08/26;BBVA;PUT;Mar-27;15,00;25.03;42,99;-0,04;;220
31/08/26;BBVA;PUT;Mar-27;16,00;25.03;41,54;-0,05;;5.500
31/08/26;BBVA;PUT;Mar-27;16,50;25.03;40,81;-0,06;;450
31/08/26;BBVA;PUT;Mar-27;17,00;25.03;40,09;-0,08;;2.360
31/08/26;BBVA;PUT;Mar-27;17,50;25.03;39,36;-0,09;;4.250
31/08/26;BBVA;PUT;Mar-27;18,00;25.03;38,63;-0,10;;100
31/08/26;BBVA;PUT;Mar-27;18,50;25.03;37,91;-0,12;;10
31/08/26;BBVA;PUT;Mar-27;19,00;25.03;37,18;-0,13;;2.400
31/08/26;BBVA;PUT;Mar-27;19,50;25.03;36,46;-0,15;;3.810
31/08/26;BBVA;PUT;Mar-27;20,00;25.03;35,73;-0,17;;6.180
31/08/26;BBVA;PUT;Mar-27;20,50;25.03;35,01;-0,19;;20
31/08/26;BBVA;PUT;Mar-27;21,00;25.03;34,28;-0,21;;381
31/08/26;BBVA;PUT;Mar-27;22,00;25.03;32,83;-0,26;;144
31/08/26;BBVA;PUT;Mar-27;23,00;25.03;31,38;-0,32;;8.050
31/08/26;BBVA;PUT;Mar-27;24,00;25.03;29,93;-0,39;;1
31/08/26;BBVA;PUT;Jun-27;4,30;25.03;56,61;;;1
31/08/26;BBVA;PUT;Jun-27;4,50;25.03;56,33;;;1
31/08/26;BBVA;PUT;Jun-27;4,90;25.03;55,78;;;150
31/08/26;BBVA;PUT;Jun-27;5,00;25.03;55,64;;;300
31/08/26;BBVA;PUT;Jun-27;5,25;25.03;55,30;;;298
31/08/26;BBVA;PUT;Jun-27;7,00;25.03;52,90;;;2
31/08/26;BBVA;PUT;Jun-27;8,00;25.03;51,53;;;1
31/08/26;BBVA;PUT;Jun-27;8,25;25.03;51,19;;;7
31/08/26;BBVA;PUT;Jun-27;9,00;25.03;50,16;-0,01;;7.000
31/08/26;BBVA;PUT;Jun-27;9,75;25.03;49,13;-0,01;;175
31/08/26;BBVA;PUT;Jun-27;10,00;25.03;48,79;-0,01;;10.000
31/08/26;BBVA;PUT;Jun-27;11,00;25.03;47,41;-0,02;;75
31/08/26;BBVA;PUT;Jun-27;12,00;25.03;46,04;-0,03;;20
31/08/26;BBVA;PUT;Jun-27;12,50;25.03;45,36;-0,03;;197
31/08/26;BBVA;PUT;Jun-27;13,00;25.03;44,67;-0,04;;1.126
31/08/26;BBVA;PUT;Jun-27;13,50;25.03;43,99;-0,04;;190
31/08/26;BBVA;PUT;Jun-27;14,00;25.03;43,30;-0,05;;33
31/08/26;BBVA;PUT;Jun-27;14,50;25.03;42,61;-0,06;;400
31/08/26;BBVA;PUT;Jun-27;15,00;25.03;41,93;-0,07;;600
31/08/26;BBVA;PUT;Jun-27;15,50;25.03;41,24;-0,08;;21
31/08/26;BBVA;PUT;Jun-27;16,00;25.03;40,56;-0,09;;3
31/08/26;BBVA;PUT;Jun-27;16,50;25.03;39,87;-0,10;;250
31/08/26;BBVA;PUT;Jun-27;17,00;25.03;39,18;-0,11;;151
31/08/26;BBVA;PUT;Jun-27;17,50;25.03;38,50;-0,13;;150
31/08/26;BBVA;PUT;Jun-27;18,00;25.03;37,81;-0,14;;160
31/08/26;BBVA;PUT;Jun-27;18,50;25.03;37,13;-0,16;;2
31/08/26;BBVA;PUT;Jun-27;19,00;25.03;36,44;-0,18;;151
31/08/26;BBVA;PUT;Jun-27;20,00;25.03;35,07;-0,21;;2.604
31/08/26;BBVA;PUT;Jun-27;21,00;25.03;33,70;-0,26;;75
31/08/26;BBVA;PUT;Jun-27;23,00;25.03;30,95;-0,36;;160
31/08/26;BBVA;PUT;Jun-27;24,00;25.03;29,58;-0,43;;91
31/08/26;BBVA;PUT;Jun-27;25,00;25.03;28,21;-0,49;;20
31/08/26;BBVA;PUT;Jun-27;26,00;25.03;27,82;-0,56;;11
31/08/26;BBVA;PUT;Sep-27;7,75;25.03;49,14;;;10
31/08/26;BBVA;PUT;Sep-27;16,00;25.03;39,03;-0,10;;309
31/08/26;BBVA;PUT;Sep-27;16,50;25.03;38,42;-0,11;;10
31/08/26;BBVA;PUT;Sep-27;17,00;25.03;37,81;-0,13;;379
31/08/26;BBVA;PUT;Sep-27;17,50;25.03;37,20;-0,14;;150
31/08/26;BBVA;PUT;Sep-27;18,00;25.03;36,58;-0,16;;150
31/08/26;BBVA;PUT;Sep-27;20,00;25.03;34,13;-0,22;;1
31/08/26;BBVA;PUT;Sep-27;22,00;25.03;31,68;-0,31;;1
31/08/26;BBVA;PUT;Dic-27;4,40;25.03;51,52;;;1
31/08/26;BBVA;PUT;Dic-27;4,90;25.03;50,96;;;150
31/08/26;BBVA;PUT;Dic-27;5,00;25.03;50,84;;;150
31/08/26;BBVA;PUT;Dic-27;6,50;25.03;49,15;;;10
31/08/26;BBVA;PUT;Dic-27;7,00;25.03;48,58;-0,01;;150
31/08/26;BBVA;PUT;Dic-27;7,25;25.03;48,30;-0,01;;150
31/08/26;BBVA;PUT;Dic-27;7,75;25.03;47,73;-0,01;;1
31/08/26;BBVA;PUT;Dic-27;8,25;25.03;47,16;-0,01;;150
31/08/26;BBVA;PUT;Dic-27;8,50;25.03;46,88;-0,01;;6.150
31/08/26;BBVA;PUT;Dic-27;8,75;25.03;46,60;-0,01;;1
31/08/26;BBVA;PUT;Dic-27;9,00;25.03;46,32;-0,02;;7.650
31/08/26;BBVA;PUT;Dic-27;9,25;25.03;46,03;-0,02;;150
31/08/26;BBVA;PUT;Dic-27;9,50;25.03;45,75;-0,02;;250
31/08/26;BBVA;PUT;Dic-27;9,75;25.03;45,47;-0,02;;150
31/08/26;BBVA;PUT;Dic-27;10,00;25.03;45,18;-0,02;;407
31/08/26;BBVA;PUT;Dic-27;10,50;25.03;44,62;-0,03;;300
31/08/26;BBVA;PUT;Dic-27;11,00;25.03;44,05;-0,03;;5.304
31/08/26;BBVA;PUT;Dic-27;12,00;25.03;42,92;-0,04;;3.300
31/08/26;BBVA;PUT;Dic-27;12,50;25.03;42,35;-0,05;;300
31/08/26;BBVA;PUT;Dic-27;13,00;25.03;41,79;-0,06;;10.000
31/08/26;BBVA;PUT;Dic-27;13,50;25.03;41,22;-0,07;;150
31/08/26;BBVA;PUT;Dic-27;14,00;25.03;40,66;-0,08;;150
31/08/26;BBVA;PUT;Dic-27;15,00;25.03;39,52;-0,10;;3
31/08/26;BBVA;PUT;Dic-27;16,00;25.03;38,39;-0,12;;15.000
31/08/26;BBVA;PUT;Dic-27;16,50;25.03;37,83;-0,13;;174
31/08/26;BBVA;PUT;Dic-27;17,00;25.03;37,26;-0,15;;8.500
31/08/26;BBVA;PUT;Dic-27;17,50;25.03;36,69;-0,16;;292
31/08/26;BBVA;PUT;Dic-27;18,00;25.03;36,13;-0,18;;150
31/08/26;BBVA;PUT;Dic-27;20,00;25.03;33,86;-0,24;;4.000
31/08/26;BBVA;PUT;Dic-27;21,00;25.03;32,73;-0,28;;150
31/08/26;BBVA;PUT;Dic-27;22,00;25.03;31,60;-0,33;;10.302
31/08/26;BBVA;PUT;Dic-27;23,00;25.03;30,47;-0,37;;300
31/08/26;BBVA;PUT;Dic-27;25,00;25.03;28,20;-0,47;;1
31/08/26;BBVA;PUT;Mar-28;15,00;25.03;38,26;-0,10;;150
31/08/26;BBVA;PUT;Mar-28;15,50;25.03;37,74;-0,11;;150
31/08/26;BBVA;PUT;Mar-28;18,00;25.03;35,14;-0,18;;26
31/08/26;BBVA;PUT;Mar-28;20,00;25.03;33,06;-0,25;;150
31/08/26;BBVA;PUT;Mar-28;21,00;25.03;32,03;-0,28;;150
31/08/26;BBVA;PUT;Mar-28;22,00;25.03;30,99;-0,33;;150
31/08/26;BBVA;PUT;Mar-28;23,00;25.03;29,95;-0,37;;150
31/08/26;BBVA;PUT;Jun-28;15,50;25.03;36,84;-0,13;;1
31/08/26;BBVA;PUT;Jun-28;18,00;25.03;34,31;-0,20;;1.250
31/08/26;BBVA;PUT;Jun-28;19,00;25.03;33,29;-0,23;;4.450
31/08/26;BBVA;PUT;Jun-28;20,00;25.03;32,28;-0,27;;3.300
31/08/26;BBVA;PUT;Jun-28;21,00;25.03;31,27;-0,30;;750
31/08/26;BBVA;PUT;Jun-28;22,00;25.03;30,26;-0,34;;2.350
31/08/26;BBVA;PUT;Jun-28;23,00;25.03;29,24;-0,39;;1.500
31/08/26;BBVA;PUT;Dic-28;12,00;25.03;37,22;-0,07;;3.500
31/08/26;BBVA;PUT;Dic-28;12,50;25.03;36,83;-0,08;;1.500
31/08/26;BBVA;PUT;Dic-28;16,00;25.03;34,08;-0,15;;17
31/08/26;BBVA;PUT;Dic-28;16,50;25.03;33,68;-0,17;;9
31/08/26;BBVA;PUT;Dic-28;18,50;25.03;32,11;-0,22;;3
31/08/26;BBVA;PUT;Dic-28;20,00;25.03;30,93;-0,27;;90
31/08/26;BBVA;PUT;Jun-29;16,00;25.03;32,67;-0,17;;1.250
31/08/26;BBVA;PUT;Dic-29;12,50;25.03;33,56;-0,09;;3.000
31/08/26;BBVA;PUT;Dic-29;20,00;25.03;29,66;-0,29;;6
31/08/26;BBVA;PUT;Dic-29;25,00;25.03;27,07;-0,46;;152
31/08/26;BBVA;PUT;Dic-30;20,50;25.03;28,83;-0,32;;1.500
31/08/26;BBVA;CALL;Sep-26;19,00;25.03;39,37;1,00;;10
31/08/26;BBVA;CALL;Sep-26;20,00;25.03;37,13;1,00;;10
31/08/26;BBVA;CALL;Sep-26;20,00;25.03;37,13;1,00;;20
31/08/26;BBVA;CALL;Sep-26;21,00;25.03;34,90;0,99;;20
31/08/26;BBVA;CALL;Sep-26;21,00;25.03;34,90;0,99;;154
31/08/26;BBVA;CALL;Sep-26;22,00;25.03;32,66;0,96;;20
31/08/26;BBVA;CALL;Sep-26;22,00;25.03;32,66;0,96;;160
31/08/26;BBVA;CALL;Sep-26;23,00;25.03;30,42;0,90;10;91
31/08/26;BBVA;CALL;Sep-26;24,00;25.03;28,18;0,76;;10
31/08/26;BBVA;CALL;Sep-26;25,00;25.03;25,95;0,53;;50
31/08/26;BBVA;CALL;Sep-26;25,00;25.03;25,95;0,53;;1.720
31/08/26;BBVA;CALL;Sep-26;25,50;25.03;25,67;0,39;;5
31/08/26;BBVA;CALL;Sep-26;26,00;25.03;25,45;0,27;;30
31/08/26;BBVA;CALL;Sep-26;26,00;25.03;25,45;0,27;;3.430
31/08/26;BBVA;CALL;Sep-26;27,00;25.03;25,01;0,10;;60
31/08/26;BBVA;CALL;Oct-26;22,00;25.03;32,88;0,85;;20
31/08/26;BBVA;CALL;Oct-26;23,00;25.03;31,00;0,76;;10
31/08/26;BBVA;CALL;Oct-26;23,00;25.03;31,00;0,76;;10
31/08/26;BBVA;CALL;Oct-26;24,00;25.03;29,12;0,63;;26
31/08/26;BBVA;CALL;Oct-26;25,00;25.03;27,25;0,47;;10
31/08/26;BBVA;CALL;Oct-26;26,00;25.03;26,78;0,31;;20
31/08/26;BBVA;CALL;Oct-26;26,00;25.03;26,78;0,31;10;35
31/08/26;BBVA;CALL;Oct-26;27,00;25.03;26,35;0,19;;7.008
31/08/26;BBVA;CALL;Nov-26;28,00;25.03;27,73;0,19;;8
31/08/26;BBVA;CALL;Dic-26;17,00;25.03;44,15;0,95;;10
31/08/26;BBVA;CALL;Dic-26;19,00;25.03;40,66;0,90;;10
31/08/26;BBVA;CALL;Dic-26;19,50;25.03;39,79;0,88;;10
31/08/26;BBVA;CALL;Dic-26;21,00;25.03;37,17;0,82;;10
31/08/26;BBVA;CALL;Dic-26;22,00;25.03;35,43;0,76;;3
31/08/26;BBVA;CALL;Dic-26;22,00;25.03;35,43;0,76;;10
31/08/26;BBVA;CALL;Dic-26;23,00;25.03;33,68;0,69;;10
31/08/26;BBVA;CALL;Dic-26;23,00;25.03;33,68;0,69;;1
31/08/26;BBVA;CALL;Dic-26;24,00;25.03;31,94;0,61;;4
31/08/26;BBVA;CALL;Dic-26;24,00;25.03;31,94;0,61;;10
31/08/26;BBVA;CALL;Dic-26;25,00;25.03;30,19;0,51;;6
31/08/26;BBVA;CALL;Dic-26;26,00;25.03;29,73;0,42;;4
31/08/26;BBVA;CALL;Dic-26;29,00;25.03;28,45;0,18;;8
31/08/26;BBVA;CALL;Dic-26;32,00;25.03;27,17;0,05;;10
31/08/26;BBVA;CALL;Mar-27;19,00;25.03;39,17;0,85;;200
31/08/26;BBVA;CALL;Mar-27;19,00;25.03;39,17;0,85;;200
31/08/26;BBVA;CALL;Mar-27;19,50;25.03;38,45;0,83;;20
31/08/26;BBVA;CALL;Mar-27;23,00;25.03;33,37;0,67;;4
31/08/26;BBVA;CALL;Mar-27;24,00;25.03;31,92;0,60;;4
31/08/26;BBVA;CALL;Mar-27;25,00;25.03;30,46;0,54;;4
31/08/26;BBVA;CALL;Mar-27;26,00;25.03;30,10;0,47;;3
31/08/26;BBVA;CALL;Mar-27;27,00;25.03;29,76;0,40;;5
31/08/26;BBVA;CALL;Mar-27;28,00;25.03;29,43;0,34;;2
31/08/26;BBVA;CALL;Mar-27;32,00;25.03;28,10;0,14;;28
31/08/26;BBVA;PUT;Sep-26;9,50;25.03;60,31;;;600
31/08/26;BBVA;PUT;Sep-26;10,50;25.03;58,07;;;700
31/08/26;BBVA;PUT;Sep-26;17,00;25.03;43,53;;;20
31/08/26;BBVA;PUT;Sep-26;18,00;25.03;41,29;;;10
31/08/26;BBVA;PUT;Sep-26;19,00;25.03;39,05;;;10
31/08/26;BBVA;PUT;Sep-26;20,00;25.03;36,81;;;10
31/08/26;BBVA;PUT;Sep-26;22,00;25.03;32,34;-0,03;;10
31/08/26;BBVA;PUT;Sep-26;24,00;25.03;27,86;-0,23;;92
31/08/26;BBVA;PUT;Sep-26;24,00;25.03;27,86;-0,23;;10
31/08/26;BBVA;PUT;Sep-26;25,00;25.03;25,63;-0,47;5;80
31/08/26;BBVA;PUT;Sep-26;26,00;25.03;25,13;-0,73;;10
31/08/26;BBVA;PUT;Oct-26;22,00;25.03;31,37;-0,14;;20
31/08/26;BBVA;PUT;Oct-26;24,00;25.03;27,61;-0,36;;10
31/08/26;BBVA;PUT;Oct-26;24,00;25.03;27,61;-0,36;;20
31/08/26;BBVA;PUT;Oct-26;25,00;25.03;25,74;-0,53;10;20
31/08/26;BBVA;PUT;Oct-26;26,00;25.03;25,27;-0,70;;10
31/08/26;BBVA;PUT;Nov-26;24,00;25.03;28,96;-0,38;;19
31/08/26;BBVA;PUT;Dic-26;7,25;25.03;59,04;;;150
31/08/26;BBVA;PUT;Dic-26;8,50;25.03;56,86;;;150
31/08/26;BBVA;PUT;Dic-26;8,75;25.03;56,42;;;150
31/08/26;BBVA;PUT;Dic-26;9,00;25.03;55,99;;;150
31/08/26;BBVA;PUT;Dic-26;10,00;25.03;54,24;;;40
31/08/26;BBVA;PUT;Dic-26;15,50;25.03;44,65;-0,02;;5
31/08/26;BBVA;PUT;Dic-26;16,50;25.03;42,90;-0,03;;10
31/08/26;BBVA;PUT;Dic-26;17,00;25.03;42,03;-0,04;;23
31/08/26;BBVA;PUT;Dic-26;17,50;25.03;41,16;-0,05;;16
31/08/26;BBVA;PUT;Dic-26;21,00;25.03;35,05;-0,17;;16
31/08/26;BBVA;PUT;Dic-26;22,00;25.03;33,31;-0,22;;4
31/08/26;BBVA;PUT;Dic-26;23,00;25.03;31,56;-0,30;;1
31/08/26;BBVA;PUT;Dic-26;32,00;25.03;25,05;-0,95;;25
31/08/26;BBVA;PUT;Mar-27;10,00;25.03;50,25;;;150
31/08/26;BBVA;PUT;Mar-27;14,50;25.03;43,72;-0,03;;10
31/08/26;BBVA;PUT;Mar-27;17,00;25.03;40,09;-0,07;;20
31/08/26;BBVA;PUT;Mar-27;18,00;25.03;38,63;-0,10;;1
31/08/26;BBVA;PUT;Jun-27;22,00;25.03;32,33;-0,30;;70
31/08/26;CAIXABANK;CALL;Sep-26;9,00;13.16;37,33;1,00;;1
31/08/26;CAIXABANK;CALL;Sep-26;10,00;13.16;33,84;1,00;;1
31/08/26;CAIXABANK;CALL;Sep-26;10,50;13.16;32,09;1,00;1;1
31/08/26;CAIXABANK;CALL;Sep-26;11,00;13.16;30,34;1,00;;2
31/08/26;CAIXABANK;CALL;Sep-26;11,50;13.16;28,59;0,99;;4
31/08/26;CAIXABANK;CALL;Sep-26;12,00;13.16;26,84;0,94;;8
31/08/26;CAIXABANK;CALL;Sep-26;12,50;13.16;25,10;0,83;;40
31/08/26;CAIXABANK;CALL;Sep-26;13,00;13.16;23,35;0,61;;102
31/08/26;CAIXABANK;CALL;Sep-26;13,50;13.16;22,52;0,32;;5
31/08/26;CAIXABANK;CALL;Oct-26;12,50;13.16;25,44;0,74;;3
31/08/26;CAIXABANK;CALL;Dic-26;7,00;13.16;45,21;1,00;;7.500
31/08/26;CAIXABANK;CALL;Dic-26;9,25;13.16;37,35;0,98;;1
31/08/26;CAIXABANK;CALL;Dic-26;10,50;13.16;32,98;0,93;;1.134
31/08/26;CAIXABANK;CALL;Dic-26;11,00;13.16;31,23;0,90;;20
31/08/26;CAIXABANK;CALL;Dic-26;11,50;13.16;29,48;0,84;;6.000
31/08/26;CAIXABANK;CALL;Dic-26;12,00;13.16;27,73;0,77;;1
31/08/26;CAIXABANK;CALL;Dic-26;12,50;13.16;25,99;0,68;;450
31/08/26;CAIXABANK;CALL;Dic-26;13,00;13.16;24,24;0,57;;2
31/08/26;CAIXABANK;CALL;Mar-27;9,50;13.16;34,85;0,93;;1
31/08/26;CAIXABANK;CALL;Mar-27;10,50;13.16;31,86;0,87;;14
31/08/26;CAIXABANK;CALL;Mar-27;12,50;13.16;25,88;0,64;;11
31/08/26;CAIXABANK;CALL;Mar-27;13,00;13.16;24,39;0,56;;400
31/08/26;CAIXABANK;CALL;Jun-27;9,75;13.16;33,05;0,91;;150
31/08/26;CAIXABANK;CALL;Jun-27;10,00;13.16;32,42;0,89;;150
31/08/26;CAIXABANK;CALL;Jun-27;10,50;13.16;31,17;0,85;;150
31/08/26;CAIXABANK;CALL;Jun-27;11,00;13.16;29,92;0,81;;150
31/08/26;CAIXABANK;CALL;Jun-27;12,00;13.16;27,41;0,70;;1
31/08/26;CAIXABANK;CALL;Jun-27;13,00;13.16;24,90;0,57;;25
31/08/26;CAIXABANK;CALL;Jun-27;14,50;13.16;23,58;0,35;;1
31/08/26;CAIXABANK;CALL;Sep-27;13,50;13.16;25,24;0,50;;1
31/08/26;CAIXABANK;CALL;Dic-27;10,50;13.16;31,82;0,81;;20
31/08/26;CAIXABANK;CALL;Dic-27;11,00;13.16;30,79;0,77;;1
31/08/26;CAIXABANK;CALL;Dic-27;11,50;13.16;29,77;0,72;;1
31/08/26;CAIXABANK;CALL;Jun-28;10,00;13.16;33,22;0,82;;150
31/08/26;CAIXABANK;CALL;Jun-28;10,50;13.16;32,40;0,78;;300
31/08/26;CAIXABANK;CALL;Jun-28;11,00;13.16;31,58;0,75;;1.250
31/08/26;CAIXABANK;CALL;Jun-28;11,50;13.16;30,75;0,70;;150
31/08/26;CAIXABANK;PUT;Sep-26;5,50;13.16;50,20;;;70.900
31/08/26;CAIXABANK;PUT;Sep-26;7,75;13.16;42,33;;;3
31/08/26;CAIXABANK;PUT;Sep-26;8,00;13.16;41,46;;;174
31/08/26;CAIXABANK;PUT;Sep-26;8,50;13.16;39,71;;;1.000
31/08/26;CAIXABANK;PUT;Sep-26;9,00;13.16;37,96;;;1
31/08/26;CAIXABANK;PUT;Sep-26;10,50;13.16;32,72;;;3
31/08/26;CAIXABANK;PUT;Sep-26;11,00;13.16;30,97;;;25
31/08/26;CAIXABANK;PUT;Sep-26;11,50;13.16;29,22;-0,02;;1
31/08/26;CAIXABANK;PUT;Sep-26;12,00;13.16;27,47;-0,06;;256
31/08/26;CAIXABANK;PUT;Sep-26;12,50;13.16;25,73;-0,17;100;108
31/08/26;CAIXABANK;PUT;Sep-26;13,00;13.16;23,98;-0,39;;17
31/08/26;CAIXABANK;PUT;Sep-26;13,25;13.16;23,35;-0,54;;2
31/08/26;CAIXABANK;PUT;Sep-26;13,50;13.16;23,15;-0,68;;5
31/08/26;CAIXABANK;PUT;Sep-26;14,00;13.16;22,76;-0,89;1;13
31/08/26;CAIXABANK;PUT;Sep-26;14,50;13.16;22,37;-0,99;;1
31/08/26;CAIXABANK;PUT;Oct-26;13,00;13.16;23,78;-0,42;;10
31/08/26;CAIXABANK;PUT;Dic-26;5,25;13.16;50,57;;;75
31/08/26;CAIXABANK;PUT;Dic-26;6,75;13.16;45,33;;;3
31/08/26;CAIXABANK;PUT;Dic-26;7,25;13.16;43,58;;;1
31/08/26;CAIXABANK;PUT;Dic-26;8,00;13.16;40,96;-0,01;;100
31/08/26;CAIXABANK;PUT;Dic-26;8,25;13.16;40,08;-0,01;;100
31/08/26;CAIXABANK;PUT;Dic-26;8,50;13.16;39,21;-0,02;1;102
31/08/26;CAIXABANK;PUT;Dic-26;8,75;13.16;38,33;-0,02;;10
31/08/26;CAIXABANK;PUT;Dic-26;9,00;13.16;37,46;-0,03;;11
31/08/26;CAIXABANK;PUT;Dic-26;9,50;13.16;35,71;-0,04;;2
31/08/26;CAIXABANK;PUT;Dic-26;10,00;13.16;33,97;-0,06;;76
31/08/26;CAIXABANK;PUT;Dic-26;10,50;13.16;32,22;-0,09;;1.030
31/08/26;CAIXABANK;PUT;Dic-26;11,00;13.16;30,47;-0,13;;40
31/08/26;CAIXABANK;PUT;Dic-26;11,50;13.16;28,72;-0,19;;6.008
31/08/26;CAIXABANK;PUT;Dic-26;12,50;13.16;25,23;-0,35;;10
31/08/26;CAIXABANK;PUT;Dic-26;13,00;13.16;23,48;-0,46;;27
31/08/26;CAIXABANK;PUT;Dic-26;14,00;13.16;22,28;-0,70;;1
31/08/26;CAIXABANK;PUT;Mar-27;6,00;13.16;44,44;-0,01;;7.675
31/08/26;CAIXABANK;PUT;Mar-27;6,50;13.16;42,95;-0,01;;29.800
31/08/26;CAIXABANK;PUT;Mar-27;8,00;13.16;38,46;-0,03;;1
31/08/26;CAIXABANK;PUT;Mar-27;8,75;13.16;36,22;-0,05;;350
31/08/26;CAIXABANK;PUT;Mar-27;9,75;13.16;33,23;-0,09;;5
31/08/26;CAIXABANK;PUT;Mar-27;10,00;13.16;32,48;-0,11;;32
31/08/26;CAIXABANK;PUT;Mar-27;12,00;13.16;26,51;-0,29;;150
31/08/26;CAIXABANK;PUT;Mar-27;12,50;13.16;25,01;-0,36;;8
31/08/26;CAIXABANK;PUT;Jun-27;7,75;13.16;36,57;-0,04;;8.200
31/08/26;CAIXABANK;PUT;Jun-27;10,00;13.16;30,92;-0,15;;4.025
31/08/26;CAIXABANK;PUT;Jun-27;10,50;13.16;29,67;-0,19;;175
31/08/26;CAIXABANK;PUT;Jun-27;11,00;13.16;28,42;-0,23;;25
31/08/26;CAIXABANK;PUT;Jun-27;11,50;13.16;27,16;-0,28;;25
31/08/26;CAIXABANK;PUT;Jun-27;12,00;13.16;25,91;-0,34;;25
31/08/26;CAIXABANK;PUT;Jun-27;13,00;13.16;23,40;-0,48;;50
31/08/26;CAIXABANK;PUT;Dic-27;3,50;13.16;42,54;;;1
31/08/26;CAIXABANK;PUT;Dic-27;4,20;13.16;41,10;;;1
31/08/26;CAIXABANK;PUT;Dic-27;5,50;13.16;38,44;-0,02;;160
31/08/26;CAIXABANK;PUT;Dic-27;5,75;13.16;37,92;-0,02;;1
31/08/26;CAIXABANK;PUT;Dic-27;6,00;13.16;37,41;-0,02;;150
31/08/26;CAIXABANK;PUT;Dic-27;8,00;13.16;33,31;-0,07;;150
31/08/26;CAIXABANK;PUT;Dic-27;8,25;13.16;32,79;-0,09;;225
31/08/26;CAIXABANK;PUT;Dic-27;8,50;13.16;32,28;-0,10;;150
31/08/26;CAIXABANK;PUT;Dic-27;8,75;13.16;31,77;-0,11;;150
31/08/26;CAIXABANK;PUT;Dic-27;9,00;13.16;31,25;-0,12;;150
31/08/26;CAIXABANK;PUT;Dic-27;9,25;13.16;30,74;-0,13;;150
31/08/26;CAIXABANK;PUT;Dic-27;9,50;13.16;30,23;-0,15;;150
31/08/26;CAIXABANK;PUT;Dic-27;9,75;13.16;29,72;-0,16;;150
31/08/26;CAIXABANK;PUT;Dic-27;10,00;13.16;29,20;-0,18;;150
31/08/26;CAIXABANK;PUT;Jun-28;8,50;13.16;30,81;-0,12;;150
31/08/26;CAIXABANK;PUT;Jun-28;9,00;13.16;29,99;-0,15;;150
31/08/26;CAIXABANK;PUT;Jun-28;9,25;13.16;29,58;-0,16;;150
31/08/26;CAIXABANK;PUT;Jun-28;9,50;13.16;29,17;-0,18;;300
31/08/26;CAIXABANK;PUT;Jun-28;9,75;13.16;28,75;-0,19;;150
31/08/26;CAIXABANK;PUT;Jun-28;10,00;13.16;28,34;-0,21;;150
31/08/26;CAIXABANK;PUT;Dic-28;4,50;13.16;35,61;-0,01;;15.000
31/08/26;CAIXABANK;PUT;Dic-28;8,75;13.16;30,12;-0,15;;450
31/08/26;CAIXABANK;PUT;Dic-29;5,00;13.16;32,96;-0,03;;16.000
31/08/26;CAIXABANK;CALL;Sep-26;13,00;13.16;23,35;0,61;;10
31/08/26;CAIXABANK;CALL;Dic-26;9,00;13.16;38,22;0,96;;10
31/08/26;CAIXABANK;CALL;Dic-26;11,00;13.16;31,23;0,86;;10
31/08/26;CAIXABANK;CALL;Dic-26;12,00;13.16;27,73;0,73;;10
31/08/26;CAIXABANK;CALL;Dic-26;12,50;13.16;25,99;0,64;;10
31/08/26;CAIXABANK;PUT;Sep-26;11,50;13.16;29,22;-0,02;;10
31/08/26;CELLNEX;CALL;Sep-26;25,00;26.48;31,66;0,81;;5
31/08/26;CELLNEX;CALL;Sep-26;26,00;26.48;30,38;0,63;;10
31/08/26;CELLNEX;CALL;Sep-26;27,00;26.48;29,47;0,40;;30
31/08/26;CELLNEX;CALL;Sep-26;28,00;26.48;28,90;0,21;;61
31/08/26;CELLNEX;CALL;Sep-26;29,00;26.48;28,33;0,08;;44
31/08/26;CELLNEX;CALL;Sep-26;30,00;26.48;27,77;0,02;;37
31/08/26;CELLNEX;CALL;Sep-26;31,00;26.48;27,20;;;22
31/08/26;CELLNEX;CALL;Sep-26;32,00;26.48;26,63;;;56
31/08/26;CELLNEX;CALL;Sep-26;33,00;26.48;26,07;;;25
31/08/26;CELLNEX;CALL;Sep-26;34,00;26.48;25,50;;;41
31/08/26;CELLNEX;CALL;Sep-26;35,00;26.48;24,93;;;30
31/08/26;CELLNEX;CALL;Sep-26;36,00;26.48;24,37;;;25
31/08/26;CELLNEX;CALL;Sep-26;37,00;26.48;23,80;;;25
31/08/26;CELLNEX;CALL;Sep-26;38,00;26.48;23,23;;;25
31/08/26;CELLNEX;CALL;Sep-26;39,00;26.48;22,67;;;25
31/08/26;CELLNEX;CALL;Sep-26;40,00;26.48;22,10;;;25
31/08/26;CELLNEX;CALL;Dic-26;18,00;26.48;39,64;0,97;;2
31/08/26;CELLNEX;CALL;Dic-26;20,00;26.48;37,25;0,94;;1
31/08/26;CELLNEX;CALL;Dic-26;21,00;26.48;36,05;0,91;;1
31/08/26;CELLNEX;CALL;Dic-26;24,00;26.48;32,47;0,75;;11
31/08/26;CELLNEX;CALL;Dic-26;25,00;26.48;31,27;0,68;;47
31/08/26;CELLNEX;CALL;Dic-26;27,00;26.48;29,32;0,50;;25
31/08/26;CELLNEX;CALL;Dic-26;28,00;26.48;28,96;0,41;;96
31/08/26;CELLNEX;CALL;Dic-26;29,00;26.48;28,61;0,32;;2.060
31/08/26;CELLNEX;CALL;Dic-26;30,00;26.48;28,26;0,25;;148
31/08/26;CELLNEX;CALL;Dic-26;31,00;26.48;27,91;0,18;;110
31/08/26;CELLNEX;CALL;Dic-26;32,00;26.48;27,55;0,13;;218
31/08/26;CELLNEX;CALL;Dic-26;33,00;26.48;27,20;0,09;;120
31/08/26;CELLNEX;CALL;Dic-26;34,00;26.48;26,85;0,06;;190
31/08/26;CELLNEX;CALL;Dic-26;35,00;26.48;26,50;0,04;;115
31/08/26;CELLNEX;CALL;Dic-26;36,00;26.48;26,14;0,02;;85
31/08/26;CELLNEX;CALL;Dic-26;37,00;26.48;25,79;0,01;;50
31/08/26;CELLNEX;CALL;Dic-26;38,00;26.48;25,44;0,01;;25
31/08/26;CELLNEX;CALL;Dic-26;39,00;26.48;25,09;;;25
31/08/26;CELLNEX;CALL;Dic-26;40,00;26.48;24,73;;;125
31/08/26;CELLNEX;CALL;Dic-26;42,00;26.48;24,03;;;25
31/08/26;CELLNEX;CALL;Dic-26;44,00;26.48;23,32;;;25
31/08/26;CELLNEX;CALL;Dic-26;45,00;26.48;22,97;;;25
31/08/26;CELLNEX;CALL;Dic-26;46,00;26.48;22,62;;;25
31/08/26;CELLNEX;CALL;Mar-27;20,00;26.48;35,34;0,90;;33
31/08/26;CELLNEX;CALL;Mar-27;22,00;26.48;33,68;0,83;;4
31/08/26;CELLNEX;CALL;Mar-27;23,00;26.48;32,85;0,78;;2
31/08/26;CELLNEX;CALL;Mar-27;25,00;26.48;31,19;0,66;;50
31/08/26;CELLNEX;CALL;Mar-27;26,00;26.48;30,36;0,59;;26
31/08/26;CELLNEX;CALL;Mar-27;27,00;26.48;29,78;0,52;;25
31/08/26;CELLNEX;CALL;Mar-27;28,00;26.48;29,42;0,45;;51
31/08/26;CELLNEX;CALL;Mar-27;29,00;26.48;29,07;0,38;;1
31/08/26;CELLNEX;CALL;Mar-27;30,00;26.48;28,72;0,32;;317
31/08/26;CELLNEX;CALL;Mar-27;31,00;26.48;28,37;0,26;;75
31/08/26;CELLNEX;CALL;Mar-27;32,00;26.48;28,01;0,21;;120
31/08/26;CELLNEX;CALL;Mar-27;33,00;26.48;27,66;0,16;;51
31/08/26;CELLNEX;CALL;Mar-27;34,00;26.48;27,31;0,13;;25
31/08/26;CELLNEX;CALL;Mar-27;35,00;26.48;26,96;0,10;;25
31/08/26;CELLNEX;CALL;Jun-27;20,00;26.48;34,53;0,87;;6
31/08/26;CELLNEX;CALL;Jun-27;25,00;26.48;31,20;0,64;;1
31/08/26;CELLNEX;CALL;Jun-27;28,00;26.48;29,71;0,48;;100
31/08/26;CELLNEX;CALL;Jun-27;29,00;26.48;29,39;0,43;;100
31/08/26;CELLNEX;CALL;Jun-27;30,00;26.48;29,06;0,37;;125
31/08/26;CELLNEX;CALL;Jun-27;31,00;26.48;28,73;0,32;;150
31/08/26;CELLNEX;CALL;Jun-27;32,00;26.48;28,40;0,28;;100
31/08/26;CELLNEX;CALL;Jun-27;33,00;26.48;28,08;0,23;;112
31/08/26;CELLNEX;CALL;Jun-27;34,00;26.48;27,75;0,20;;175
31/08/26;CELLNEX;CALL;Jun-27;35,00;26.48;27,42;0,16;;150
31/08/26;CELLNEX;CALL;Jun-27;36,00;26.48;27,09;0,13;;125
31/08/26;CELLNEX;CALL;Jun-27;37,00;26.48;26,77;0,10;;125
31/08/26;CELLNEX;CALL;Jun-27;38,00;26.48;26,44;0,08;;75
31/08/26;CELLNEX;CALL;Jun-27;39,00;26.48;26,11;0,06;;75
31/08/26;CELLNEX;CALL;Jun-27;40,00;26.48;25,79;0,05;;50
31/08/26;CELLNEX;CALL;Jun-27;41,00;26.48;25,46;0,04;;50
31/08/26;CELLNEX;CALL;Jun-27;42,00;26.48;25,13;0,03;;50
31/08/26;CELLNEX;CALL;Jun-27;43,00;26.48;24,80;0,02;;50
31/08/26;CELLNEX;CALL;Jun-27;44,00;26.48;24,48;0,01;;50
31/08/26;CELLNEX;CALL;Jun-27;45,00;26.48;24,15;0,01;;50
31/08/26;CELLNEX;CALL;Jun-27;46,00;26.48;23,82;0,01;;50
31/08/26;CELLNEX;CALL;Jun-27;49,00;26.48;22,84;;;50
31/08/26;CELLNEX;CALL;Jun-27;50,00;26.48;22,51;;;411
31/08/26;CELLNEX;CALL;Sep-27;34,00;26.48;27,82;0,23;;20
31/08/26;CELLNEX;CALL;Sep-27;35,00;26.48;27,49;0,19;;100
31/08/26;CELLNEX;CALL;Sep-27;36,00;26.48;27,16;0,17;;75
31/08/26;CELLNEX;CALL;Sep-27;37,00;26.48;26,84;0,14;;75
31/08/26;CELLNEX;CALL;Sep-27;41,00;26.48;25,53;0,06;;50
31/08/26;CELLNEX;CALL;Dic-27;25,00;26.48;31,32;0,64;;25
31/08/26;CELLNEX;CALL;Dic-27;26,00;26.48;30,84;0,60;;2
31/08/26;CELLNEX;CALL;Dic-27;27,00;26.48;30,46;0,55;;2.500
31/08/26;CELLNEX;CALL;Dic-27;28,00;26.48;30,17;0,51;;7
31/08/26;CELLNEX;CALL;Dic-27;29,00;26.48;29,88;0,47;;1
31/08/26;CELLNEX;CALL;Dic-27;30,00;26.48;29,59;0,43;;115
31/08/26;CELLNEX;CALL;Dic-27;31,00;26.48;29,30;0,38;;75
31/08/26;CELLNEX;CALL;Dic-27;32,00;26.48;29,01;0,35;;51
31/08/26;CELLNEX;CALL;Dic-27;33,00;26.48;28,72;0,31;;25
31/08/26;CELLNEX;CALL;Dic-27;34,00;26.48;28,43;0,27;;74
31/08/26;CELLNEX;CALL;Dic-27;35,00;26.48;28,14;0,24;;50
31/08/26;CELLNEX;CALL;Dic-27;37,00;26.48;27,56;0,18;;25
31/08/26;CELLNEX;CALL;Dic-27;38,00;26.48;27,27;0,16;;570
31/08/26;CELLNEX;CALL;Dic-27;40,00;26.48;26,70;0,12;;48
31/08/26;CELLNEX;CALL;Dic-27;44,00;26.48;25,54;0,06;;25
31/08/26;CELLNEX;CALL;Mar-28;29,00;26.48;30,33;0,48;;11
31/08/26;CELLNEX;CALL;Jun-28;26,00;26.48;31,01;0,60;;4
31/08/26;CELLNEX;CALL;Dic-29;40,00;26.48;29,44;0,30;;1.260
31/08/26;CELLNEX;PUT;Sep-26;19,00;26.48;37,60;;;1
31/08/26;CELLNEX;PUT;Sep-26;20,00;26.48;36,32;;;1
31/08/26;CELLNEX;PUT;Sep-26;21,00;26.48;35,04;;;19
31/08/26;CELLNEX;PUT;Sep-26;22,00;26.48;33,75;-0,01;;62
31/08/26;CELLNEX;PUT;Sep-26;23,00;26.48;32,47;-0,02;;23
31/08/26;CELLNEX;PUT;Sep-26;24,00;26.48;31,18;-0,07;;263
31/08/26;CELLNEX;PUT;Sep-26;25,00;26.48;29,90;-0,18;;73
31/08/26;CELLNEX;PUT;Sep-26;26,00;26.48;28,62;-0,37;;51
31/08/26;CELLNEX;PUT;Sep-26;27,00;26.48;27,71;-0,61;;89
31/08/26;CELLNEX;PUT;Sep-26;28,00;26.48;27,14;-0,81;;51
31/08/26;CELLNEX;PUT;Sep-26;29,00;26.48;26,57;-0,94;;28
31/08/26;CELLNEX;PUT;Sep-26;30,00;26.48;26,01;-1,00;;21
31/08/26;CELLNEX;PUT;Oct-26;23,00;26.48;32,07;-0,09;;10
31/08/26;CELLNEX;PUT;Oct-26;24,00;26.48;30,81;-0,16;;13
31/08/26;CELLNEX;PUT;Oct-26;25,00;26.48;29,55;-0,27;;4
31/08/26;CELLNEX;PUT;Oct-26;27,00;26.48;27,46;-0,55;;20
31/08/26;CELLNEX;PUT;Nov-26;22,00;26.48;33,28;-0,10;;10
31/08/26;CELLNEX;PUT;Nov-26;23,00;26.48;32,04;-0,15;;10
31/08/26;CELLNEX;PUT;Dic-26;18,00;26.48;37,86;-0,02;;2.001
31/08/26;CELLNEX;PUT;Dic-26;20,00;26.48;35,47;-0,06;;21
31/08/26;CELLNEX;PUT;Dic-26;21,00;26.48;34,27;-0,09;;225
31/08/26;CELLNEX;PUT;Dic-26;22,00;26.48;33,08;-0,13;;129
31/08/26;CELLNEX;PUT;Dic-26;23,00;26.48;31,88;-0,18;;689
31/08/26;CELLNEX;PUT;Dic-26;24,00;26.48;30,69;-0,24;;4.502
31/08/26;CELLNEX;PUT;Dic-26;25,00;26.48;29,49;-0,32;;59
31/08/26;CELLNEX;PUT;Dic-26;26,00;26.48;28,29;-0,41;;152
31/08/26;CELLNEX;PUT;Dic-26;27,00;26.48;27,54;-0,51;;94
31/08/26;CELLNEX;PUT;Dic-26;28,00;26.48;27,18;-0,61;;25
31/08/26;CELLNEX;PUT;Dic-26;29,00;26.48;26,83;-0,70;;3
31/08/26;CELLNEX;PUT;Dic-26;30,00;26.48;26,48;-0,79;;1
31/08/26;CELLNEX;PUT;Dic-26;32,00;26.48;25,77;-0,92;;26
31/08/26;CELLNEX;PUT;Dic-26;33,00;26.48;25,42;-0,97;;25
31/08/26;CELLNEX;PUT;Mar-27;20,00;26.48;33,61;-0,11;;1
31/08/26;CELLNEX;PUT;Mar-27;22,00;26.48;31,95;-0,19;;100
31/08/26;CELLNEX;PUT;Mar-27;23,00;26.48;31,12;-0,24;;53
31/08/26;CELLNEX;PUT;Mar-27;24,00;26.48;30,29;-0,30;;2
31/08/26;CELLNEX;PUT;Mar-27;25,00;26.48;29,46;-0,36;;85
31/08/26;CELLNEX;PUT;Mar-27;26,00;26.48;28,63;-0,43;;63
31/08/26;CELLNEX;PUT;Mar-27;27,00;26.48;28,05;-0,50;;117
31/08/26;CELLNEX;PUT;Mar-27;28,00;26.48;27,69;-0,58;;5
31/08/26;CELLNEX;PUT;Mar-27;30,00;26.48;26,99;-0,71;;9
31/08/26;CELLNEX;PUT;Mar-27;31,00;26.48;26,64;-0,77;;2
31/08/26;CELLNEX;PUT;Mar-27;32,00;26.48;26,28;-0,82;;10
31/08/26;CELLNEX;PUT;Mar-27;36,00;26.48;24,87;-0,95;;25
31/08/26;CELLNEX;PUT;Mar-27;37,00;26.48;24,52;-0,97;;25
31/08/26;CELLNEX;PUT;Jun-27;20,00;26.48;32,48;-0,13;;25
31/08/26;CELLNEX;PUT;Jun-27;22,00;26.48;31,15;-0,21;;26
31/08/26;CELLNEX;PUT;Jun-27;23,00;26.48;30,48;-0,26;;25
31/08/26;CELLNEX;PUT;Jun-27;24,00;26.48;29,81;-0,31;;59
31/08/26;CELLNEX;PUT;Jun-27;25,00;26.48;29,15;-0,36;;25
31/08/26;CELLNEX;PUT;Jun-27;26,00;26.48;28,48;-0,42;;1.575
31/08/26;CELLNEX;PUT;Jun-27;27,00;26.48;27,99;-0,48;;10
31/08/26;CELLNEX;PUT;Jun-27;28,00;26.48;27,66;-0,55;;1
31/08/26;CELLNEX;PUT;Jun-27;29,00;26.48;27,34;-0,61;;1
31/08/26;CELLNEX;PUT;Jun-27;30,00;26.48;27,01;-0,67;;25
31/08/26;CELLNEX;PUT;Jun-27;31,00;26.48;26,68;-0,72;;75
31/08/26;CELLNEX;PUT;Jun-27;32,00;26.48;26,35;-0,77;;50
31/08/26;CELLNEX;PUT;Jun-27;33,00;26.48;26,03;-0,81;;50
31/08/26;CELLNEX;PUT;Jun-27;34,00;26.48;25,70;-0,86;;100
31/08/26;CELLNEX;PUT;Jun-27;35,00;26.48;25,37;-0,89;;100
31/08/26;CELLNEX;PUT;Jun-27;36,00;26.48;25,04;-0,92;;125
31/08/26;CELLNEX;PUT;Jun-27;37,00;26.48;24,72;-0,94;;100
31/08/26;CELLNEX;PUT;Jun-27;38,00;26.48;24,39;-0,96;;100
31/08/26;CELLNEX;PUT;Jun-27;39,00;26.48;24,06;-0,97;;25
31/08/26;CELLNEX;PUT;Sep-27;21,00;26.48;30,43;-0,19;;1
31/08/26;CELLNEX;PUT;Sep-27;24,00;26.48;28,70;-0,32;;3
31/08/26;CELLNEX;PUT;Sep-27;25,00;26.48;28,12;-0,37;;1
31/08/26;CELLNEX;PUT;Sep-27;36,00;26.48;24,14;-0,89;;25
31/08/26;CELLNEX;PUT;Sep-27;37,00;26.48;23,82;-0,91;;25
31/08/26;CELLNEX;PUT;Dic-27;21,00;26.48;29,62;-0,20;;1
31/08/26;CELLNEX;PUT;Dic-27;23,00;26.48;28,66;-0,28;;3
31/08/26;CELLNEX;PUT;Dic-27;30,00;26.48;25,98;-0,62;;75
31/08/26;CELLNEX;PUT;Dic-27;31,00;26.48;25,69;-0,67;;50
31/08/26;CELLNEX;PUT;Dic-27;32,00;26.48;25,40;-0,71;;26
31/08/26;CELLNEX;PUT;Dic-27;33,00;26.48;25,11;-0,75;;25
31/08/26;CELLNEX;PUT;Dic-27;34,00;26.48;24,82;-0,79;;25
31/08/26;CELLNEX;PUT;Mar-28;21,00;26.48;29,20;-0,21;;25
31/08/26;CELLNEX;PUT;Mar-28;22,00;26.48;28,78;-0,25;;100
31/08/26;CELLNEX;PUT;Mar-28;24,00;26.48;27,95;-0,33;;100
31/08/26;CELLNEX;PUT;Mar-28;25,00;26.48;27,53;-0,38;;2
31/08/26;CELLNEX;PUT;Jun-28;30,00;26.48;26,57;-0,58;;3
31/08/26;CELLNEX;CALL;Sep-26;28,00;26.48;28,90;0,21;;25
31/08/26;CELLNEX;CALL;Sep-26;31,00;26.48;27,20;0,01;;25
31/08/26;CELLNEX;CALL;Sep-26;32,00;26.48;26,63;;;25
31/08/26;CELLNEX;CALL;Sep-26;33,00;26.48;26,07;;;25
31/08/26;CELLNEX;CALL;Dic-26;28,00;26.48;28,96;0,41;;50
31/08/26;CELLNEX;CALL;Dic-26;29,00;26.48;28,61;0,32;;3
31/08/26;CELLNEX;CALL;Dic-26;32,00;26.48;27,55;0,13;;50
31/08/26;CELLNEX;CALL;Dic-26;35,00;26.48;26,50;0,04;;18
31/08/26;CELLNEX;CALL;Dic-30;30,00;26.48;30,18;0,48;;60
31/08/26;CELLNEX;PUT;Sep-26;25,00;26.48;29,90;-0,18;;10
31/08/26;CELLNEX;PUT;Dic-26;24,00;26.48;30,69;-0,24;;2
31/08/26;CELLNEX;PUT;Mar-27;24,00;26.48;30,29;-0,29;;2
31/08/26;CELLNEX;PUT;Mar-27;25,00;26.48;29,46;-0,35;;1
31/08/26;CELLNEX;PUT;Jun-27;23,00;26.48;30,48;-0,25;;2
31/08/26;CIE AUTOMOTIVE;CALL;Sep-26;23,00;25.1;20,46;0,98;;4
31/08/26;CIE AUTOMOTIVE;CALL;Sep-26;30,00;25.1;18,49;;;10
31/08/26;CIE AUTOMOTIVE;CALL;Sep-26;31,00;25.1;18,30;;;11
31/08/26;CIE AUTOMOTIVE;CALL;Sep-26;33,00;25.1;17,93;;;1
31/08/26;CIE AUTOMOTIVE;CALL;Dic-26;22,00;25.1;20,79;0,90;;4
31/08/26;CIE AUTOMOTIVE;CALL;Dic-26;24,00;25.1;19,84;0,70;;1
31/08/26;CIE AUTOMOTIVE;CALL;Dic-26;26,00;25.1;19,17;0,42;;2
31/08/26;CIE AUTOMOTIVE;CALL;Dic-26;27,00;25.1;19,01;0,28;;6
31/08/26;CIE AUTOMOTIVE;CALL;Dic-26;31,00;25.1;18,37;0,02;;2
31/08/26;CIE AUTOMOTIVE;CALL;Mar-27;22,00;25.1;20,43;0,86;;1
31/08/26;CIE AUTOMOTIVE;CALL;Mar-27;24,00;25.1;19,63;0,67;;2
31/08/26;CIE AUTOMOTIVE;CALL;Mar-27;25,00;25.1;19,23;0,56;;2
31/08/26;CIE AUTOMOTIVE;CALL;Mar-27;29,00;25.1;18,78;0,16;;1
31/08/26;CIE AUTOMOTIVE;CALL;Mar-27;30,00;25.1;18,67;0,10;;2
31/08/26;CIE AUTOMOTIVE;CALL;Jun-27;29,00;25.1;18,78;0,22;;43
31/08/26;CIE AUTOMOTIVE;PUT;Sep-26;25,00;25.1;18,55;-0,45;;1
31/08/26;CIE AUTOMOTIVE;PUT;Sep-26;26,00;25.1;18,33;-0,80;;12
31/08/26;CIE AUTOMOTIVE;PUT;Sep-26;26,50;25.1;18,24;-0,91;;1
31/08/26;CIE AUTOMOTIVE;PUT;Dic-26;24,00;25.1;19,79;-0,30;;4
31/08/26;CIE AUTOMOTIVE;PUT;Dic-26;25,00;25.1;19,31;-0,45;;2
31/08/26;CIE AUTOMOTIVE;PUT;Dic-26;26,00;25.1;19,12;-0,60;;2
31/08/26;CIE AUTOMOTIVE;PUT;Mar-27;24,00;25.1;19,37;-0,37;;1
31/08/26;CIE AUTOMOTIVE;PUT;Mar-27;26,00;25.1;18,83;-0,60;;10
31/08/26;CIE AUTOMOTIVE;PUT;Mar-27;28,00;25.1;18,62;-0,79;;20
31/08/26;CIE AUTOMOTIVE;PUT;Jun-27;24,00;25.1;19,29;-0,37;;1
31/08/26;COLONIAL;CALL;Sep-26;5,25;5.32;18,92;0,63;;45
31/08/26;COLONIAL;CALL;Sep-26;5,75;5.32;18,56;0,03;;20
31/08/26;COLONIAL;CALL;Dic-26;4,60;5.32;20,64;0,92;;65
31/08/26;COLONIAL;CALL;Dic-26;5,25;5.32;20,11;0,59;;5
31/08/26;COLONIAL;CALL;Dic-26;5,50;5.32;19,93;0,42;;5
31/08/26;COLONIAL;CALL;Dic-26;9,50;5.32;17,17;;;1
31/08/26;COLONIAL;CALL;Mar-27;5,50;5.32;19,10;0,47;;25
31/08/26;COLONIAL;CALL;Mar-27;5,75;5.32;18,95;0,35;;45
31/08/26;COLONIAL;CALL;Mar-27;6,00;5.32;18,79;0,24;;1
31/08/26;COLONIAL;PUT;Sep-26;4,70;5.32;19,15;;;1
31/08/26;COLONIAL;PUT;Sep-26;4,80;5.32;19,06;-0,01;;10
31/08/26;COLONIAL;PUT;Sep-26;5,00;5.32;18,89;-0,07;;219
31/08/26;COLONIAL;PUT;Sep-26;5,25;5.32;18,67;-0,37;;1
31/08/26;COLONIAL;PUT;Sep-26;5,50;5.32;18,48;-0,79;;17
31/08/26;COLONIAL;PUT;Oct-26;5,25;5.32;19,16;-0,40;;11
31/08/26;COLONIAL;PUT;Oct-26;5,30;5.32;19,11;-0,46;2;2
31/08/26;COLONIAL;PUT;Nov-26;5,30;5.32;19,16;-0,45;2;2
31/08/26;COLONIAL;PUT;Dic-26;4,00;5.32;20,20;;;1
31/08/26;COLONIAL;PUT;Dic-26;4,30;5.32;19,96;-0,02;;2.000
31/08/26;COLONIAL;PUT;Dic-26;4,80;5.32;19,55;-0,14;;2
31/08/26;COLONIAL;PUT;Dic-26;4,90;5.32;19,47;-0,19;;2
31/08/26;COLONIAL;PUT;Dic-26;5,00;5.32;19,39;-0,25;;130
31/08/26;COLONIAL;PUT;Dic-26;5,25;5.32;19,18;-0,41;10;971
31/08/26;COLONIAL;PUT;Dic-26;5,50;5.32;19,00;-0,60;;102
31/08/26;COLONIAL;PUT;Mar-27;4,80;5.32;18,79;-0,19;;1
31/08/26;COLONIAL;PUT;Mar-27;5,00;5.32;18,69;-0,28;;106
31/08/26;COLONIAL;PUT;Mar-27;5,25;5.32;18,56;-0,41;;200
31/08/26;COLONIAL;PUT;Mar-27;5,50;5.32;18,41;-0,55;;304
31/08/26;COLONIAL;PUT;Jun-27;5,50;5.32;19,29;-0,52;;141
31/08/26;EBRO FOODS;CALL;Sep-26;18,50;18.3;13,28;0,38;;3
31/08/26;EBRO FOODS;CALL;Sep-26;19,00;18.3;12,19;0,09;;3
31/08/26;EBRO FOODS;CALL;Mar-27;18,50;18.3;13,55;0,48;;1
31/08/26;EBRO FOODS;CALL;Jun-27;18,00;18.3;14,06;0,58;;1
31/08/26;EBRO FOODS;PUT;Sep-26;17,00;18.3;13,21;-0,01;;1
31/08/26;EBRO FOODS;PUT;Sep-26;17,50;18.3;12,79;-0,05;;1
31/08/26;EBRO FOODS;PUT;Sep-26;18,00;18.3;12,37;-0,26;;1
31/08/26;EBRO FOODS;PUT;Oct-26;17,00;18.3;13,83;-0,09;;1
31/08/26;EBRO FOODS;PUT;Dic-26;17,50;18.3;13,60;-0,29;;4
31/08/26;EBRO FOODS;PUT;Jun-27;18,00;18.3;13,41;-0,45;;8
31/08/26;ENAGAS;CALL;Sep-26;15,00;16.85;21,72;0,99;;1
31/08/26;ENAGAS;CALL;Sep-26;16,00;16.85;19,84;0,89;;7
31/08/26;ENAGAS;CALL;Sep-26;17,00;16.85;18,04;0,43;;4
31/08/26;ENAGAS;CALL;Sep-26;17,50;16.85;17,38;0,18;;307
31/08/26;ENAGAS;CALL;Sep-26;18,00;16.85;16,72;0,04;;46
31/08/26;ENAGAS;CALL;Sep-26;18,50;16.85;16,05;;;26
31/08/26;ENAGAS;CALL;Sep-26;19,00;16.85;15,39;;;1
31/08/26;ENAGAS;CALL;Oct-26;17,00;16.85;20,70;0,48;;1
31/08/26;ENAGAS;CALL;Oct-26;18,00;16.85;19,38;0,19;;1
31/08/26;ENAGAS;CALL;Oct-26;19,00;16.85;18,05;0,04;;1
31/08/26;ENAGAS;CALL;Nov-26;18,00;16.85;20,17;0,28;;5
31/08/26;ENAGAS;CALL;Dic-26;15,50;16.85;24,84;0,77;;25
31/08/26;ENAGAS;CALL;Dic-26;16,00;16.85;23,95;0,70;;417
31/08/26;ENAGAS;CALL;Dic-26;17,00;16.85;22,28;0,52;;30
31/08/26;ENAGAS;CALL;Dic-26;17,50;16.85;21,75;0,42;;38
31/08/26;ENAGAS;CALL;Dic-26;18,00;16.85;21,21;0,33;1;88
31/08/26;ENAGAS;CALL;Dic-26;18,50;16.85;20,68;0,24;;60
31/08/26;ENAGAS;CALL;Dic-26;19,00;16.85;20,14;0,17;;146
31/08/26;ENAGAS;CALL;Dic-26;19,50;16.85;19,61;0,11;;123
31/08/26;ENAGAS;CALL;Dic-26;20,00;16.85;19,08;0,06;;27
31/08/26;ENAGAS;CALL;Mar-27;12,00;16.85;28,41;0,98;;1
31/08/26;ENAGAS;CALL;Mar-27;15,50;16.85;23,63;0,74;;301
31/08/26;ENAGAS;CALL;Mar-27;16,00;16.85;22,95;0,67;;32
31/08/26;ENAGAS;CALL;Mar-27;17,00;16.85;21,68;0,51;;56
31/08/26;ENAGAS;CALL;Mar-27;17,50;16.85;21,31;0,43;;34
31/08/26;ENAGAS;CALL;Mar-27;18,00;16.85;20,95;0,35;;142
31/08/26;ENAGAS;CALL;Mar-27;19,00;16.85;20,22;0,22;;63
31/08/26;ENAGAS;CALL;Mar-27;19,50;16.85;19,85;0,16;;10
31/08/26;ENAGAS;CALL;Mar-27;20,00;16.85;19,48;0,12;;96
31/08/26;ENAGAS;CALL;Jun-27;16,00;16.85;23,58;0,64;;10
31/08/26;ENAGAS;CALL;Jun-27;18,00;16.85;21,86;0,40;;26
31/08/26;ENAGAS;CALL;Jun-27;19,50;16.85;21,03;0,24;;2
31/08/26;ENAGAS;CALL;Jun-27;20,00;16.85;20,76;0,20;;5
31/08/26;ENAGAS;CALL;Sep-27;20,00;16.85;21,87;0,23;;29
31/08/26;ENAGAS;CALL;Sep-27;20,50;16.85;21,60;0,19;;2
31/08/26;ENAGAS;CALL;Dic-27;15,00;16.85;25,97;0,72;;1
31/08/26;ENAGAS;CALL;Dic-27;16,00;16.85;24,83;0,62;;26
31/08/26;ENAGAS;CALL;Dic-27;19,50;16.85;22,59;0,30;;2
31/08/26;ENAGAS;CALL;Dic-27;20,00;16.85;22,35;0,26;;1
31/08/26;ENAGAS;CALL;Dic-27;20,50;16.85;22,12;0,23;;1
31/08/26;ENAGAS;CALL;Dic-27;21,00;16.85;21,88;0,20;;10
31/08/26;ENAGAS;CALL;Jun-28;18,00;16.85;21,69;0,43;;1
31/08/26;ENAGAS;CALL;Dic-28;16,00;16.85;21,01;0,61;;1
31/08/26;ENAGAS;PUT;Sep-26;12,00;16.85;27,09;;;6
31/08/26;ENAGAS;PUT;Sep-26;12,50;16.85;26,16;;;12
31/08/26;ENAGAS;PUT;Sep-26;13,00;16.85;25,22;;;217
31/08/26;ENAGAS;PUT;Sep-26;13,50;16.85;24,28;;;27
31/08/26;ENAGAS;PUT;Sep-26;14,00;16.85;23,34;;;44
31/08/26;ENAGAS;PUT;Sep-26;14,50;16.85;22,40;;;1
31/08/26;ENAGAS;PUT;Sep-26;15,00;16.85;21,46;-0,01;;25
31/08/26;ENAGAS;PUT;Sep-26;15,50;16.85;20,52;-0,03;;45
31/08/26;ENAGAS;PUT;Sep-26;16,00;16.85;19,58;-0,11;;11
31/08/26;ENAGAS;PUT;Sep-26;16,50;16.85;18,64;-0,29;;15
31/08/26;ENAGAS;PUT;Sep-26;16,75;16.85;18,17;-0,43;;16
31/08/26;ENAGAS;PUT;Sep-26;17,00;16.85;17,78;-0,57;;1
31/08/26;ENAGAS;PUT;Sep-26;17,50;16.85;17,12;-0,84;;3
31/08/26;ENAGAS;PUT;Sep-26;18,00;16.85;16,46;-0,98;;2
31/08/26;ENAGAS;PUT;Oct-26;16,00;16.85;22,22;-0,23;;3
31/08/26;ENAGAS;PUT;Oct-26;16,50;16.85;21,30;-0,36;;5
31/08/26;ENAGAS;PUT;Nov-26;15,00;16.85;25,20;-0,14;;3
31/08/26;ENAGAS;PUT;Nov-26;16,00;16.85;23,36;-0,29;;3
31/08/26;ENAGAS;PUT;Nov-26;16,50;16.85;22,44;-0,39;;1
31/08/26;ENAGAS;PUT;Dic-26;12,50;16.85;31,62;-0,03;;2
31/08/26;ENAGAS;PUT;Dic-26;13,00;16.85;30,73;-0,05;;227
31/08/26;ENAGAS;PUT;Dic-26;13,50;16.85;29,84;-0,07;;51
31/08/26;ENAGAS;PUT;Dic-26;14,00;16.85;28,95;-0,10;;283
31/08/26;ENAGAS;PUT;Dic-26;14,50;16.85;28,06;-0,14;;126
31/08/26;ENAGAS;PUT;Dic-26;15,00;16.85;27,17;-0,18;;612
31/08/26;ENAGAS;PUT;Dic-26;15,50;16.85;26,28;-0,24;;35
31/08/26;ENAGAS;PUT;Dic-26;16,00;16.85;25,39;-0,31;;41
31/08/26;ENAGAS;PUT;Dic-26;16,50;16.85;24,50;-0,40;;25
31/08/26;ENAGAS;PUT;Dic-26;17,50;16.85;23,19;-0,58;;26
31/08/26;ENAGAS;PUT;Mar-27;12,00;16.85;26,92;-0,04;;1
31/08/26;ENAGAS;PUT;Mar-27;13,00;16.85;25,56;-0,08;;25
31/08/26;ENAGAS;PUT;Mar-27;14,00;16.85;24,19;-0,15;;233
31/08/26;ENAGAS;PUT;Mar-27;14,50;16.85;23,51;-0,19;;56
31/08/26;ENAGAS;PUT;Mar-27;15,00;16.85;22,83;-0,24;;30
31/08/26;ENAGAS;PUT;Mar-27;15,50;16.85;22,14;-0,30;;4
31/08/26;ENAGAS;PUT;Mar-27;16,00;16.85;21,46;-0,37;;540
31/08/26;ENAGAS;PUT;Mar-27;16,50;16.85;20,78;-0,45;;27
31/08/26;ENAGAS;PUT;Mar-27;17,00;16.85;20,19;-0,53;;36
31/08/26;ENAGAS;PUT;Jun-27;17,00;16.85;20,32;-0,51;;52
31/08/26;ENAGAS;PUT;Jun-27;17,50;16.85;20,04;-0,58;;28
31/08/26;ENAGAS;PUT;Sep-27;12,50;16.85;26,10;-0,13;;470
31/08/26;ENAGAS;PUT;Sep-27;13,00;16.85;25,51;-0,16;;75
31/08/26;ENAGAS;PUT;Sep-27;13,50;16.85;24,92;-0,20;;1
31/08/26;ENAGAS;PUT;Sep-27;14,00;16.85;24,32;-0,23;;25
31/08/26;ENAGAS;PUT;Sep-27;17,00;16.85;20,86;-0,55;;25
31/08/26;ENAGAS;PUT;Dic-27;11,00;16.85;27,20;-0,07;;4.100
31/08/26;ENAGAS;PUT;Dic-27;14,00;16.85;23,76;-0,24;;1
31/08/26;ENAGAS;PUT;Mar-28;12,00;16.85;24,27;-0,13;;75
31/08/26;ENAGAS;PUT;Mar-28;14,50;16.85;21,64;-0,30;;173
31/08/26;ENAGAS;PUT;Mar-28;15,50;16.85;20,60;-0,39;;25
31/08/26;ENAGAS;PUT;Mar-28;16,00;16.85;20,07;-0,44;;50
31/08/26;ENAGAS;PUT;Mar-28;16,50;16.85;19,55;-0,50;;25
31/08/26;ENAGAS;PUT;Jun-28;16,00;16.85;19,11;-0,44;;25
31/08/26;ENAGAS;PUT;Jun-28;16,50;16.85;18,62;-0,49;;25
31/08/26;ENAGAS;PUT;Jun-28;18,00;16.85;17,91;-0,64;;141
31/08/26;ENAGAS;CALL;Sep-26;12,50;16.85;26,42;1,00;;25
31/08/26;ENAGAS;CALL;Sep-26;13,50;16.85;24,54;1,00;;5
31/08/26;ENAGAS;CALL;Sep-26;14,00;16.85;23,60;1,00;;6
31/08/26;ENAGAS;CALL;Sep-26;17,00;16.85;18,04;0,43;;1
31/08/26;ENAGAS;CALL;Sep-26;17,50;16.85;17,38;0,18;;1
31/08/26;ENAGAS;CALL;Sep-26;18,00;16.85;16,72;0,04;;25
31/08/26;ENAGAS;CALL;Dic-26;16,50;16.85;23,06;0,61;;25
31/08/26;ENAGAS;CALL;Dic-26;17,50;16.85;21,75;0,42;;50
31/08/26;ENAGAS;CALL;Dic-26;18,00;16.85;21,21;0,33;;25
31/08/26;ENAGAS;PUT;Sep-26;11,00;16.85;28,97;;;1
31/08/26;ENAGAS;PUT;Sep-26;14,00;16.85;23,34;;;25
31/08/26;ENAGAS;PUT;Sep-26;15,50;16.85;20,52;-0,03;;25
31/08/26;ENAGAS;PUT;Sep-26;16,00;16.85;19,58;-0,11;;2
31/08/26;ENAGAS;PUT;Sep-26;17,00;16.85;17,78;-0,57;;25
31/08/26;ENAGAS;PUT;Nov-26;15,50;16.85;24,28;-0,20;;2
31/08/26;ENAGAS;PUT;Dic-26;13,00;16.85;30,73;-0,05;;25
31/08/26;ENAGAS;PUT;Dic-26;13,50;16.85;29,84;-0,07;;75
31/08/26;ENAGAS;PUT;Dic-26;14,00;16.85;28,95;-0,10;;25
31/08/26;ENAGAS;PUT;Dic-26;15,50;16.85;26,28;-0,24;;5
31/08/26;ENAGAS;PUT;Dic-26;16,50;16.85;24,50;-0,39;;10
31/08/26;ENAGAS;PUT;Mar-27;14,50;16.85;23,51;-0,18;;50
31/08/26;ENAGAS;PUT;Mar-27;15,00;16.85;22,83;-0,24;;1
31/08/26;ENAGAS;PUT;Mar-27;15,50;16.85;22,14;-0,29;;9
31/08/26;ENAGAS;PUT;Jun-27;15,50;16.85;22,11;-0,30;;6
31/08/26;ENCE;CALL;Mar-27;2,00;2.54;24,56;0,93;;13
31/08/26;ENCE;CALL;Mar-27;2,10;2.54;24,45;0,89;;4
31/08/26;ENCE;CALL;Jun-27;2,40;2.54;23,59;0,68;;10
31/08/26;ENCE;CALL;Mar-28;2,00;2.54;27,87;0,84;;4
31/08/26;ENCE;PUT;Sep-26;4,70;2.54;8,13;-1,00;;10
31/08/26;ENCE;PUT;Jun-27;2,70;2.54;24,27;-0,55;;5
31/08/26;ENDESA;CALL;Sep-26;38,00;42.1;19,75;0,99;;1
31/08/26;ENDESA;CALL;Sep-26;40,00;42.1;17,81;0,91;;1
31/08/26;ENDESA;CALL;Sep-26;41,00;42.1;16,83;0,77;;5
31/08/26;ENDESA;CALL;Sep-26;42,00;42.1;15,86;0,55;;4
31/08/26;ENDESA;CALL;Sep-26;43,00;42.1;15,64;0,29;;7
31/08/26;ENDESA;CALL;Oct-26;40,00;42.1;19,87;0,79;;1
31/08/26;ENDESA;CALL;Oct-26;44,00;42.1;17,56;0,27;;1
31/08/26;ENDESA;CALL;Nov-26;44,00;42.1;18,39;0,34;;3
31/08/26;ENDESA;CALL;Dic-26;24,00;42.1;34,93;1,00;;2
31/08/26;ENDESA;CALL;Dic-26;35,00;42.1;25,18;0,93;;10
31/08/26;ENDESA;CALL;Dic-26;36,00;42.1;24,29;0,90;;10
31/08/26;ENDESA;CALL;Dic-26;37,00;42.1;23,40;0,87;;4
31/08/26;ENDESA;CALL;Dic-26;38,00;42.1;22,52;0,83;;4
31/08/26;ENDESA;CALL;Dic-26;40,00;42.1;20,74;0,72;;19
31/08/26;ENDESA;CALL;Dic-26;42,00;42.1;18,97;0,56;;1
31/08/26;ENDESA;CALL;Dic-26;43,00;42.1;18,79;0,47;;5
31/08/26;ENDESA;CALL;Dic-26;45,00;42.1;18,58;0,30;;11
31/08/26;ENDESA;CALL;Dic-26;46,00;42.1;18,48;0,23;;10
31/08/26;ENDESA;CALL;Dic-26;47,00;42.1;18,38;0,17;;20
31/08/26;ENDESA;CALL;Dic-26;48,00;42.1;18,27;0,12;;15
31/08/26;ENDESA;CALL;Mar-27;32,00;42.1;28,83;0,94;;1
31/08/26;ENDESA;CALL;Mar-27;34,00;42.1;27,07;0,90;;150
31/08/26;ENDESA;CALL;Mar-27;40,00;42.1;21,80;0,67;;1
31/08/26;ENDESA;CALL;Mar-27;41,00;42.1;20,92;0,62;;3
31/08/26;ENDESA;CALL;Mar-27;43,00;42.1;19,86;0,49;;5
31/08/26;ENDESA;CALL;Mar-27;44,00;42.1;19,77;0,42;;2
31/08/26;ENDESA;CALL;Mar-27;45,00;42.1;19,67;0,36;;1
31/08/26;ENDESA;CALL;Mar-27;54,00;42.1;18,82;0,04;;38
31/08/26;ENDESA;CALL;Mar-27;56,00;42.1;18,63;0,02;;15
31/08/26;ENDESA;CALL;Jun-27;25,00;42.1;33,16;0,98;;1
31/08/26;ENDESA;CALL;Jun-27;27,00;42.1;31,66;0,97;;2
31/08/26;ENDESA;CALL;Jun-27;32,00;42.1;27,90;0,90;;294
31/08/26;ENDESA;CALL;Jun-27;33,00;42.1;27,14;0,88;;291
31/08/26;ENDESA;CALL;Jun-27;37,00;42.1;24,14;0,77;;1
31/08/26;ENDESA;CALL;Jun-27;38,00;42.1;23,38;0,74;;1
31/08/26;ENDESA;CALL;Jun-27;41,00;42.1;21,13;0,61;;2
31/08/26;ENDESA;CALL;Jun-27;42,00;42.1;20,38;0,56;;2
31/08/26;ENDESA;CALL;Jun-27;44,00;42.1;20,10;0,46;;40
31/08/26;ENDESA;CALL;Jun-27;46,00;42.1;19,90;0,36;;50
31/08/26;ENDESA;CALL;Jun-27;48,00;42.1;19,69;0,27;;5
31/08/26;ENDESA;CALL;Jun-27;54,00;42.1;19,08;0,09;;155
31/08/26;ENDESA;CALL;Jun-27;56,00;42.1;18,87;0,06;155;410
31/08/26;ENDESA;CALL;Sep-27;43,00;42.1;21,16;0,52;;75
31/08/26;ENDESA;CALL;Sep-27;44,00;42.1;21,03;0,47;;150
31/08/26;ENDESA;CALL;Sep-27;45,00;42.1;20,90;0,42;;1
31/08/26;ENDESA;CALL;Sep-27;49,00;42.1;20,40;0,26;;7
31/08/26;ENDESA;CALL;Dic-27;29,00;42.1;29,50;0,93;;1
31/08/26;ENDESA;CALL;Dic-27;31,00;42.1;28,27;0,90;;1
31/08/26;ENDESA;CALL;Dic-27;34,00;42.1;26,41;0,83;;1
31/08/26;ENDESA;CALL;Dic-27;40,00;42.1;22,71;0,64;;26
31/08/26;ENDESA;CALL;Dic-27;50,00;42.1;20,53;0,26;;1
31/08/26;ENDESA;CALL;Dic-27;52,00;42.1;20,31;0,21;;1
31/08/26;ENDESA;CALL;Mar-28;40,00;42.1;22,58;0,64;;25
31/08/26;ENDESA;CALL;Mar-28;44,00;42.1;21,18;0,48;;20
31/08/26;ENDESA;CALL;Mar-28;45,00;42.1;21,10;0,45;;1.215
31/08/26;ENDESA;CALL;Mar-28;46,00;42.1;21,01;0,41;;85
31/08/26;ENDESA;CALL;Mar-28;47,00;42.1;20,92;0,38;;795
31/08/26;ENDESA;CALL;Mar-28;48,00;42.1;20,84;0,34;;290
31/08/26;ENDESA;CALL;Mar-28;49,00;42.1;20,75;0,31;;80
31/08/26;ENDESA;CALL;Mar-28;50,00;42.1;20,66;0,28;;75
31/08/26;ENDESA;CALL;Mar-28;56,00;42.1;20,14;0,14;;13
31/08/26;ENDESA;CALL;Jun-28;46,00;42.1;21,04;0,43;;10
31/08/26;ENDESA;PUT;Sep-26;25,00;42.1;33,16;;;4
31/08/26;ENDESA;PUT;Sep-26;27,00;42.1;31,22;;;445
31/08/26;ENDESA;PUT;Sep-26;28,00;42.1;30,24;;;19
31/08/26;ENDESA;PUT;Sep-26;29,00;42.1;29,27;;;148
31/08/26;ENDESA;PUT;Sep-26;30,00;42.1;28,29;;;147
31/08/26;ENDESA;PUT;Sep-26;31,00;42.1;27,32;;;146
31/08/26;ENDESA;PUT;Sep-26;34,00;42.1;24,40;;;10
31/08/26;ENDESA;PUT;Sep-26;35,00;42.1;23,42;;;25
31/08/26;ENDESA;PUT;Sep-26;36,00;42.1;22,45;;;50
31/08/26;ENDESA;PUT;Sep-26;37,00;42.1;21,48;;;30
31/08/26;ENDESA;PUT;Sep-26;38,00;42.1;20,50;-0,01;;15
31/08/26;ENDESA;PUT;Sep-26;40,00;42.1;18,56;-0,10;;7
31/08/26;ENDESA;PUT;Sep-26;41,00;42.1;17,58;-0,24;;5
31/08/26;ENDESA;PUT;Sep-26;42,50;42.1;16,46;-0,59;;1
31/08/26;ENDESA;PUT;Sep-26;43,00;42.1;16,39;-0,71;;5
31/08/26;ENDESA;PUT;Dic-26;19,00;42.1;38,62;;;15
31/08/26;ENDESA;PUT;Dic-26;28,00;42.1;30,64;-0,01;;25
31/08/26;ENDESA;PUT;Dic-26;30,00;42.1;28,87;-0,01;;10
31/08/26;ENDESA;PUT;Dic-26;32,00;42.1;27,10;-0,02;;10
31/08/26;ENDESA;PUT;Dic-26;33,00;42.1;26,21;-0,03;;35
31/08/26;ENDESA;PUT;Dic-26;34,00;42.1;25,32;-0,05;;1
31/08/26;ENDESA;PUT;Dic-26;35,00;42.1;24,44;-0,07;;10
31/08/26;ENDESA;PUT;Dic-26;37,00;42.1;22,66;-0,12;;10
31/08/26;ENDESA;PUT;Dic-26;38,00;42.1;21,78;-0,16;;4
31/08/26;ENDESA;PUT;Dic-26;39,00;42.1;20,89;-0,22;;10
31/08/26;ENDESA;PUT;Dic-26;40,00;42.1;20,00;-0,28;;10
31/08/26;ENDESA;PUT;Mar-27;37,00;42.1;22,49;-0,20;;10
31/08/26;ENDESA;PUT;Mar-27;39,00;42.1;20,73;-0,29;;10
31/08/26;ENDESA;PUT;Jun-27;15,50;42.1;38,31;;;5
31/08/26;ENDESA;PUT;Jun-27;22,00;42.1;33,42;-0,01;;10
31/08/26;ENDESA;PUT;Jun-27;37,00;42.1;22,14;-0,22;;3
31/08/26;ENDESA;PUT;Jun-27;38,00;42.1;21,38;-0,26;;4
31/08/26;ENDESA;PUT;Dic-27;17,50;42.1;33,22;-0,01;;1
31/08/26;ENDESA;PUT;Dic-27;27,00;42.1;27,36;-0,06;;1
31/08/26;ENDESA;PUT;Dic-27;30,00;42.1;25,50;-0,10;;5
31/08/26;ENDESA;PUT;Dic-27;31,00;42.1;24,89;-0,12;;30
31/08/26;ENDESA;PUT;Dic-27;32,00;42.1;24,27;-0,14;;5
31/08/26;ENDESA;PUT;Dic-27;34,00;42.1;23,03;-0,18;;5
31/08/26;ENDESA;PUT;Dic-27;44,00;42.1;17,82;-0,58;;15
31/08/26;ENDESA;PUT;Mar-28;22,00;42.1;29,78;-0,03;;150
31/08/26;ENDESA;PUT;Mar-28;24,00;42.1;28,60;-0,04;;150
31/08/26;ENDESA;PUT;Mar-28;26,00;42.1;27,43;-0,06;;150
31/08/26;ENDESA;PUT;Mar-28;27,00;42.1;26,85;-0,07;;150
31/08/26;ENDESA;PUT;Mar-28;28,00;42.1;26,26;-0,08;;150
31/08/26;ENDESA;PUT;Jun-28;25,00;42.1;27,64;-0,06;;150
31/08/26;ENDESA;PUT;Jun-28;26,00;42.1;27,08;-0,07;;150
31/08/26;ENDESA;PUT;Jun-28;27,00;42.1;26,53;-0,08;;293
31/08/26;ENDESA;PUT;Jun-28;29,00;42.1;25,42;-0,11;;143
31/08/26;ENDESA;PUT;Jun-28;30,00;42.1;24,87;-0,12;;143
31/08/26;ENDESA;PUT;Jun-28;31,00;42.1;24,31;-0,14;;142
31/08/26;ENDESA;PUT;Jun-28;32,00;42.1;23,76;-0,16;;142
31/08/26;ENDESA;PUT;Jun-28;33,00;42.1;23,20;-0,18;;142
31/08/26;ENDESA;PUT;Dic-28;31,00;42.1;23,30;-0,17;;16
31/08/26;ENDESA;CALL;Sep-26;17,00;42.1;40,20;1,00;;25
31/08/26;ENDESA;CALL;Sep-26;34,00;42.1;23,65;1,00;;25
31/08/26;ENDESA;CALL;Sep-26;34,00;42.1;23,65;1,00;;25
31/08/26;ENDESA;CALL;Sep-26;43,00;42.1;15,64;0,29;;1
31/08/26;ENDESA;CALL;Oct-26;42,00;42.1;17,92;0,54;;1
31/08/26;ENDESA;CALL;Oct-26;44,00;42.1;17,56;0,27;;2
31/08/26;ENDESA;CALL;Dic-26;33,00;42.1;26,95;0,95;;10
31/08/26;ENDESA;CALL;Dic-26;40,00;42.1;20,74;0,71;;10
31/08/26;ENDESA;CALL;Dic-26;42,00;42.1;18,97;0,55;;10
31/08/26;ENDESA;CALL;Mar-27;37,00;42.1;24,43;0,78;;10
31/08/26;ENDESA;PUT;Sep-26;24,00;42.1;34,14;;;25
31/08/26;ENDESA;PUT;Sep-26;25,00;42.1;33,16;;;25
31/08/26;ENDESA;PUT;Sep-26;26,00;42.1;32,19;;;25
31/08/26;ENDESA;PUT;Sep-26;26,00;42.1;32,19;;;25
31/08/26;ENDESA;PUT;Sep-26;32,00;42.1;26,35;;;10
31/08/26;ENDESA;PUT;Sep-26;34,00;42.1;24,40;;;25
31/08/26;ENDESA;PUT;Sep-26;35,00;42.1;23,42;;;25
31/08/26;ENDESA;PUT;Sep-26;35,00;42.1;23,42;;;50
31/08/26;ENDESA;PUT;Sep-26;36,00;42.1;22,45;;;25
31/08/26;ENDESA;PUT;Sep-26;37,00;42.1;21,48;;;50
31/08/26;ENDESA;PUT;Sep-26;39,00;42.1;19,53;-0,04;;10
31/08/26;ENDESA;PUT;Oct-26;40,00;42.1;19,41;-0,21;;10
31/08/26;ENDESA;PUT;Dic-26;32,00;42.1;27,10;-0,02;;8
31/08/26;ENDESA;PUT;Dic-26;36,00;42.1;23,55;-0,09;;10
31/08/26;ENDESA;PUT;Dic-26;39,00;42.1;20,89;-0,21;;20
31/08/26;FCC;CALL;Sep-26;10,50;11.22;18,53;0,95;;1
31/08/26;FCC;CALL;Jun-27;11,00;11.22;18,01;0,63;;1
31/08/26;FCC;CALL;Dic-27;16,50;11.22;18,13;0,03;;1
31/08/26;FCC;CALL;Jun-28;11,50;11.22;23,75;0,54;;200
31/08/26;FCC;PUT;Sep-26;11,00;11.22;19,25;-0,31;;1
31/08/26;FCC;PUT;Sep-26;11,50;11.22;17,86;-0,72;;1
31/08/26;FCC;PUT;Sep-26;12,00;11.22;16,44;-0,98;;3
31/08/26;FCC;PUT;Dic-26;10,50;11.22;21,48;-0,25;;20
31/08/26;FCC;PUT;Mar-27;9,50;11.22;22,11;-0,12;;257
31/08/26;FCC;PUT;Mar-27;10,00;11.22;21,55;-0,19;;250
31/08/26;FCC;PUT;Mar-27;10,50;11.22;20,98;-0,28;;482
31/08/26;FCC;PUT;Mar-27;11,00;11.22;20,42;-0,39;;224
31/08/26;FCC;PUT;Jun-27;11,50;11.22;20,87;-0,49;;3
31/08/26;FCC;PUT;Jun-27;12,00;11.22;20,26;-0,60;;417
31/08/26;FCC;PUT;Sep-27;11,00;11.22;23,18;-0,49;;226
31/08/26;FERROVIAL;CALL;Sep-26;50,00;50.4;26,80;0,57;;56
31/08/26;FERROVIAL;CALL;Sep-26;52,00;50.4;25,50;0,31;;40
31/08/26;FERROVIAL;CALL;Sep-26;54,00;50.4;24,40;0,11;;56
31/08/26;FERROVIAL;CALL;Sep-26;56,00;50.4;23,31;0,02;;61
31/08/26;FERROVIAL;CALL;Sep-26;57,00;50.4;22,76;0,01;;6
31/08/26;FERROVIAL;CALL;Sep-26;58,00;50.4;22,21;;;2.060
31/08/26;FERROVIAL;CALL;Sep-26;60,00;50.4;21,11;;;92
31/08/26;FERROVIAL;CALL;Sep-26;62,00;50.4;20,01;;;104
31/08/26;FERROVIAL;CALL;Sep-26;64,00;50.4;18,91;;;10
31/08/26;FERROVIAL;CALL;Sep-26;66,00;50.4;17,82;;;25
31/08/26;FERROVIAL;CALL;Sep-26;74,00;50.4;13,42;;;75
31/08/26;FERROVIAL;CALL;Oct-26;54,00;50.4;23,72;0,23;17;17
31/08/26;FERROVIAL;CALL;Oct-26;56,00;50.4;22,63;0,11;4;9
31/08/26;FERROVIAL;CALL;Nov-26;60,00;50.4;21,31;0,04;;1
31/08/26;FERROVIAL;CALL;Dic-26;47,00;50.4;29,18;0,71;;1
31/08/26;FERROVIAL;CALL;Dic-26;50,00;50.4;26,34;0,56;;50
31/08/26;FERROVIAL;CALL;Dic-26;52,00;50.4;25,34;0,44;;26
31/08/26;FERROVIAL;CALL;Dic-26;54,00;50.4;24,56;0,33;;25
31/08/26;FERROVIAL;CALL;Dic-26;56,00;50.4;23,77;0,23;;54
31/08/26;FERROVIAL;CALL;Dic-26;58,00;50.4;22,99;0,14;;25
31/08/26;FERROVIAL;CALL;Dic-26;60,00;50.4;22,21;0,08;;3.025
31/08/26;FERROVIAL;CALL;Dic-26;64,00;50.4;20,65;0,02;;5
31/08/26;FERROVIAL;CALL;Dic-26;66,00;50.4;19,87;0,01;;5
31/08/26;FERROVIAL;CALL;Dic-26;68,00;50.4;19,09;;;235
31/08/26;FERROVIAL;CALL;Dic-26;70,00;50.4;18,31;;;25
31/08/26;FERROVIAL;CALL;Mar-27;45,00;50.4;29,05;0,74;39;54
31/08/26;FERROVIAL;CALL;Mar-27;50,00;50.4;25,64;0,56;;102
31/08/26;FERROVIAL;CALL;Mar-27;52,00;50.4;25,00;0,48;;15
31/08/26;FERROVIAL;CALL;Mar-27;58,00;50.4;23,61;0,24;;25
31/08/26;FERROVIAL;CALL;Mar-27;60,00;50.4;23,15;0,18;;25
31/08/26;FERROVIAL;CALL;Mar-27;62,00;50.4;22,68;0,13;;25
31/08/26;FERROVIAL;CALL;Sep-27;44,00;50.4;28,92;0,74;;25
31/08/26;FERROVIAL;CALL;Sep-27;50,00;50.4;25,95;0,58;;25
31/08/26;FERROVIAL;CALL;Sep-27;52,00;50.4;25,49;0,52;;25
31/08/26;FERROVIAL;CALL;Sep-27;56,00;50.4;24,82;0,41;;25
31/08/26;FERROVIAL;CALL;Dic-27;50,00;50.4;26,22;0,59;;25
31/08/26;FERROVIAL;CALL;Dic-27;60,00;50.4;24,58;0,33;;25
31/08/26;FERROVIAL;CALL;Dic-27;70,00;50.4;23,06;0,14;;25
31/08/26;FERROVIAL;CALL;Mar-28;52,00;50.4;25,97;0,55;;25
31/08/26;FERROVIAL;CALL;Mar-28;54,00;50.4;25,66;0,50;;50
31/08/26;FERROVIAL;CALL;Mar-28;60,00;50.4;24,75;0,36;;25
31/08/26;FERROVIAL;CALL;Mar-28;66,00;50.4;23,84;0,24;;25
31/08/26;FERROVIAL;CALL;Jun-28;50,00;50.4;26,52;0,61;;50
31/08/26;FERROVIAL;CALL;Jun-28;56,00;50.4;25,59;0,47;;50
31/08/26;FERROVIAL;CALL;Jun-28;58,00;50.4;25,31;0,43;;25
31/08/26;FERROVIAL;PUT;Sep-26;36,00;50.4;40,76;;;25
31/08/26;FERROVIAL;PUT;Sep-26;42,00;50.4;34,53;-0,01;;25
31/08/26;FERROVIAL;PUT;Sep-26;45,00;50.4;31,42;-0,05;;25
31/08/26;FERROVIAL;PUT;Sep-26;47,00;50.4;29,34;-0,13;;25
31/08/26;FERROVIAL;PUT;Sep-26;48,00;50.4;28,30;-0,21;;52
31/08/26;FERROVIAL;PUT;Sep-26;49,00;50.4;27,26;-0,31;;26
31/08/26;FERROVIAL;PUT;Sep-26;50,00;50.4;26,23;-0,43;;53
31/08/26;FERROVIAL;PUT;Sep-26;52,00;50.4;24,93;-0,70;;3.002
31/08/26;FERROVIAL;PUT;Sep-26;54,00;50.4;23,83;-0,90;;1.544
31/08/26;FERROVIAL;PUT;Sep-26;55,00;50.4;23,28;-0,96;;2
31/08/26;FERROVIAL;PUT;Sep-26;56,00;50.4;22,74;-0,99;;2
31/08/26;FERROVIAL;PUT;Sep-26;58,00;50.4;21,64;-1,00;;35
31/08/26;FERROVIAL;PUT;Sep-26;64,00;50.4;18,34;-1,00;;25
31/08/26;FERROVIAL;PUT;Oct-26;48,00;50.4;27,07;-0,28;;7
31/08/26;FERROVIAL;PUT;Oct-26;49,00;50.4;26,06;-0,35;;15
31/08/26;FERROVIAL;PUT;Oct-26;60,00;50.4;19,36;-1,00;;10
31/08/26;FERROVIAL;PUT;Nov-26;43,00;50.4;32,13;-0,14;;7
31/08/26;FERROVIAL;PUT;Nov-26;46,00;50.4;29,09;-0,24;;2
31/08/26;FERROVIAL;PUT;Dic-26;44,00;50.4;31,02;-0,19;;51
31/08/26;FERROVIAL;PUT;Dic-26;48,00;50.4;27,24;-0,35;;7
31/08/26;FERROVIAL;PUT;Dic-26;49,00;50.4;26,29;-0,40;;26
31/08/26;FERROVIAL;PUT;Dic-26;50,00;50.4;25,35;-0,46;;25
31/08/26;FERROVIAL;PUT;Dic-26;54,00;50.4;23,57;-0,70;;26
31/08/26;FERROVIAL;PUT;Dic-26;56,00;50.4;22,78;-0,80;;25
31/08/26;FERROVIAL;PUT;Dic-26;58,00;50.4;22,00;-0,88;;130
31/08/26;FERROVIAL;PUT;Dic-26;60,00;50.4;21,22;-0,94;1;
31/08/26;FERROVIAL;PUT;Dic-26;72,00;50.4;16,54;-1,00;;1
31/08/26;FERROVIAL;PUT;Mar-27;39,00;50.4;32,77;-0,12;;100
31/08/26;FERROVIAL;PUT;Mar-27;45,00;50.4;28,68;-0,26;;25
31/08/26;FERROVIAL;PUT;Mar-27;46,00;50.4;28,00;-0,29;;26
31/08/26;FERROVIAL;PUT;Mar-27;47,00;50.4;27,32;-0,33;;50
31/08/26;FERROVIAL;PUT;Mar-27;48,00;50.4;26,63;-0,36;;76
31/08/26;FERROVIAL;PUT;Mar-27;49,00;50.4;25,95;-0,40;;90
31/08/26;FERROVIAL;PUT;Mar-27;50,00;50.4;25,27;-0,45;;125
31/08/26;FERROVIAL;PUT;Mar-27;52,00;50.4;24,63;-0,54;;135
31/08/26;FERROVIAL;PUT;Mar-27;54,00;50.4;24,17;-0,62;;25
31/08/26;FERROVIAL;PUT;Mar-27;56,00;50.4;23,70;-0,71;;25
31/08/26;FERROVIAL;PUT;Mar-27;58,00;50.4;23,24;-0,79;;25
31/08/26;FERROVIAL;PUT;Jun-27;44,00;50.4;28,88;-0,25;;25
31/08/26;FERROVIAL;PUT;Jun-27;49,00;50.4;26,01;-0,40;;50
31/08/26;FERROVIAL;PUT;Jun-27;60,00;50.4;23,49;-0,79;;8
31/08/26;FERROVIAL;PUT;Sep-27;41,00;50.4;30,03;-0,20;;1
31/08/26;FERROVIAL;PUT;Sep-27;44,00;50.4;28,54;-0,26;;51
31/08/26;FERROVIAL;PUT;Sep-27;45,00;50.4;28,05;-0,29;;25
31/08/26;FERROVIAL;PUT;Sep-27;47,00;50.4;27,06;-0,34;;25
31/08/26;FERROVIAL;PUT;Sep-27;48,00;50.4;26,56;-0,37;;50
31/08/26;FERROVIAL;PUT;Sep-27;49,00;50.4;26,06;-0,40;;25
31/08/26;FERROVIAL;PUT;Dic-27;35,00;50.4;32,35;-0,11;;1
31/08/26;FERROVIAL;PUT;Dic-27;39,00;50.4;30,52;-0,17;;25
31/08/26;FERROVIAL;PUT;Dic-27;40,00;50.4;30,07;-0,19;;25
31/08/26;FERROVIAL;PUT;Dic-27;45,00;50.4;27,78;-0,29;;25
31/08/26;FERROVIAL;PUT;Dic-27;54,00;50.4;24,77;-0,54;;525
31/08/26;FERROVIAL;PUT;Mar-28;58,00;50.4;24,25;-0,63;;1
31/08/26;FERROVIAL;PUT;Mar-28;60,00;50.4;23,95;-0,68;;3
31/08/26;FERROVIAL;PUT;Mar-28;62,00;50.4;23,65;-0,73;;26
31/08/26;FERROVIAL;PUT;Mar-28;64,00;50.4;23,34;-0,79;;25
31/08/26;FERROVIAL;PUT;Jun-28;44,00;50.4;27,89;-0,28;;25
31/08/26;FERROVIAL;PUT;Jun-28;45,00;50.4;27,50;-0,30;;25
31/08/26;FERROVIAL;PUT;Jun-28;46,00;50.4;27,12;-0,32;;25
31/08/26;FERROVIAL;PUT;Jun-28;48,00;50.4;26,35;-0,36;;25
31/08/26;FERROVIAL;PUT;Jun-28;49,00;50.4;25,97;-0,39;;25
31/08/26;FERROVIAL;PUT;Jun-28;50,00;50.4;25,58;-0,41;;25
31/08/26;FERROVIAL;PUT;Jun-28;52,00;50.4;25,21;-0,46;;25
31/08/26;FERROVIAL;PUT;Jun-28;54,00;50.4;24,93;-0,51;;26
31/08/26;FERROVIAL;PUT;Jun-28;56,00;50.4;24,65;-0,56;;25
31/08/26;FERROVIAL;PUT;Jun-28;58,00;50.4;24,37;-0,61;;26
31/08/26;FERROVIAL;PUT;Jun-28;64,00;50.4;23,54;-0,76;;75
31/08/26;FERROVIAL;CALL;Sep-26;60,00;50.4;21,11;;;70
31/08/26;FERROVIAL;CALL;Sep-26;60,00;50.4;21,11;;;226
31/08/26;FERROVIAL;CALL;Sep-26;62,00;50.4;20,01;;;452
31/08/26;FERROVIAL;CALL;Dic-26;60,00;50.4;22,21;0,08;;60
31/08/26;FERROVIAL;PUT;Sep-26;54,00;50.4;23,83;-0,89;;15
31/08/26;FERROVIAL;PUT;Sep-26;60,00;50.4;20,54;-1,00;;45
31/08/26;FERROVIAL;PUT;Sep-26;62,00;50.4;19,44;-1,00;;160
31/08/26;FERROVIAL;PUT;Sep-26;64,00;50.4;18,34;-1,00;;45
31/08/26;FERROVIAL;PUT;Oct-26;50,00;50.4;25,04;-0,43;1;
31/08/26;FERROVIAL;PUT;Dic-26;49,00;50.4;26,29;-0,40;;25
31/08/26;FERROVIAL;PUT;Dic-26;50,00;50.4;25,35;-0,45;;25
31/08/26;FERROVIAL;PUT;Mar-27;40,00;50.4;32,08;-0,13;;300
31/08/26;FLUIDRA;CALL;Sep-26;19,00;19.44;25,10;0,68;;2
31/08/26;FLUIDRA;CALL;Sep-26;21,00;19.44;21,37;0,06;;1
31/08/26;FLUIDRA;CALL;Sep-26;29,00;19.44;4,91;;;200
31/08/26;FLUIDRA;CALL;Dic-26;19,50;19.44;26,30;0,54;;1
31/08/26;FLUIDRA;CALL;Dic-26;24,00;19.44;24,22;0,06;;1
31/08/26;FLUIDRA;PUT;Sep-26;16,50;19.44;26,68;;;1
31/08/26;FLUIDRA;PUT;Sep-26;18,50;19.44;24,31;-0,17;;1
31/08/26;FLUIDRA;PUT;Dic-26;17,00;19.44;27,24;-0,18;;325
31/08/26;FLUIDRA;PUT;Dic-26;17,50;19.44;26,68;-0,23;;25
31/08/26;FLUIDRA;PUT;Dic-26;18,00;19.44;26,11;-0,30;;625
31/08/26;FLUIDRA;PUT;Dic-26;18,50;19.44;25,54;-0,36;;1
31/08/26;FLUIDRA;PUT;Dic-26;19,00;19.44;24,98;-0,44;;185
31/08/26;FLUIDRA;PUT;Dic-26;21,00;19.44;23,76;-0,73;;7
31/08/26;FLUIDRA;PUT;Mar-27;21,00;19.44;25,32;-0,65;;14
31/08/26;FLUIDRA;PUT;Jun-27;27,00;19.44;24,95;-0,94;;11
31/08/26;FLUIDRA;PUT;Jun-27;28,00;19.44;24,78;-0,97;;11
31/08/26;GRIFOLS;CALL;Sep-26;6,75;9.83;38,84;1,00;;11
31/08/26;GRIFOLS;CALL;Sep-26;8,00;9.83;34,39;1,00;;6
31/08/26;GRIFOLS;CALL;Sep-26;9,00;9.83;30,83;0,91;;12
31/08/26;GRIFOLS;CALL;Sep-26;9,25;9.83;29,94;0,83;;102
31/08/26;GRIFOLS;CALL;Sep-26;9,50;9.83;29,05;0,72;;112
31/08/26;GRIFOLS;CALL;Sep-26;9,75;9.83;28,16;0,57;;11
31/08/26;GRIFOLS;CALL;Sep-26;10,00;9.83;27,77;0,41;;146
31/08/26;GRIFOLS;CALL;Sep-26;10,50;9.83;27,48;0,15;;354
31/08/26;GRIFOLS;CALL;Sep-26;11,00;9.83;27,20;0,04;;2
31/08/26;GRIFOLS;CALL;Sep-26;11,50;9.83;26,91;;;30
31/08/26;GRIFOLS;CALL;Sep-26;12,00;9.83;26,62;;;121
31/08/26;GRIFOLS;CALL;Sep-26;12,50;9.83;26,33;;;29
31/08/26;GRIFOLS;CALL;Oct-26;10,00;9.83;27,01;0,46;;13
31/08/26;GRIFOLS;CALL;Oct-26;10,50;9.83;26,74;0,27;;1
31/08/26;GRIFOLS;CALL;Oct-26;11,00;9.83;26,47;0,13;;6
31/08/26;GRIFOLS;CALL;Oct-26;12,00;9.83;25,92;0,02;;1
31/08/26;GRIFOLS;CALL;Nov-26;11,00;9.83;28,15;0,23;;2
31/08/26;GRIFOLS;CALL;Dic-26;7,75;9.83;35,48;0,92;;1
31/08/26;GRIFOLS;CALL;Dic-26;8,50;9.83;33,32;0,83;;26
31/08/26;GRIFOLS;CALL;Dic-26;8,75;9.83;32,60;0,79;;25
31/08/26;GRIFOLS;CALL;Dic-26;9,00;9.83;31,88;0,74;;56
31/08/26;GRIFOLS;CALL;Dic-26;9,25;9.83;31,16;0,69;;75
31/08/26;GRIFOLS;CALL;Dic-26;9,50;9.83;30,44;0,63;;267
31/08/26;GRIFOLS;CALL;Dic-26;9,75;9.83;29,72;0,57;;100
31/08/26;GRIFOLS;CALL;Dic-26;10,00;9.83;29,41;0,50;;177
31/08/26;GRIFOLS;CALL;Dic-26;10,50;9.83;29,21;0,38;;174
31/08/26;GRIFOLS;CALL;Dic-26;11,00;9.83;29,00;0,27;;121
31/08/26;GRIFOLS;CALL;Dic-26;11,50;9.83;28,80;0,18;;72
31/08/26;GRIFOLS;CALL;Dic-26;12,00;9.83;28,60;0,11;10;58
31/08/26;GRIFOLS;CALL;Dic-26;12,50;9.83;28,39;0,07;;99
31/08/26;GRIFOLS;CALL;Dic-26;13,00;9.83;28,19;0,04;;1.307
31/08/26;GRIFOLS;CALL;Dic-26;13,50;9.83;27,99;0,02;;1.187
31/08/26;GRIFOLS;CALL;Dic-26;14,00;9.83;27,78;0,01;;25
31/08/26;GRIFOLS;CALL;Dic-26;14,50;9.83;27,58;0,01;;25
31/08/26;GRIFOLS;CALL;Dic-26;15,00;9.83;27,38;;;44
31/08/26;GRIFOLS;CALL;Dic-26;15,50;9.83;27,17;;;5
31/08/26;GRIFOLS;CALL;Dic-26;17,00;9.83;26,56;;;25
31/08/26;GRIFOLS;CALL;Dic-26;17,50;9.83;26,36;;;25
31/08/26;GRIFOLS;CALL;Mar-27;6,25;9.83;38,66;0,98;;3
31/08/26;GRIFOLS;CALL;Mar-27;7,00;9.83;37,06;0,94;;3
31/08/26;GRIFOLS;CALL;Mar-27;7,50;9.83;35,99;0,90;;41
31/08/26;GRIFOLS;CALL;Mar-27;8,00;9.83;34,92;0,84;;4
31/08/26;GRIFOLS;CALL;Mar-27;8,25;9.83;34,39;0,81;;5
31/08/26;GRIFOLS;CALL;Mar-27;8,50;9.83;33,85;0,77;;4
31/08/26;GRIFOLS;CALL;Mar-27;8,75;9.83;33,32;0,73;;201
31/08/26;GRIFOLS;CALL;Mar-27;9,00;9.83;32,79;0,69;;124
31/08/26;GRIFOLS;CALL;Mar-27;9,25;9.83;32,25;0,65;;127
31/08/26;GRIFOLS;CALL;Mar-27;9,50;9.83;31,72;0,61;;50
31/08/26;GRIFOLS;CALL;Mar-27;9,75;9.83;31,19;0,56;;107
31/08/26;GRIFOLS;CALL;Mar-27;10,00;9.83;30,96;0,51;;170
31/08/26;GRIFOLS;CALL;Mar-27;10,50;9.83;30,81;0,43;;35
31/08/26;GRIFOLS;CALL;Mar-27;11,50;9.83;30,50;0,28;;11
31/08/26;GRIFOLS;CALL;Mar-27;12,00;9.83;30,35;0,22;;211
31/08/26;GRIFOLS;CALL;Mar-27;12,50;9.83;30,20;0,16;5;60
31/08/26;GRIFOLS;CALL;Mar-27;13,00;9.83;30,04;0,12;;518
31/08/26;GRIFOLS;CALL;Mar-27;14,00;9.83;29,74;0,06;;30
31/08/26;GRIFOLS;CALL;Mar-27;16,00;9.83;29,13;0,01;;10
31/08/26;GRIFOLS;CALL;Jun-27;8,00;9.83;35,38;0,80;;6
31/08/26;GRIFOLS;CALL;Jun-27;8,25;9.83;34,91;0,77;;3
31/08/26;GRIFOLS;CALL;Jun-27;8,75;9.83;33,98;0,71;;2
31/08/26;GRIFOLS;CALL;Jun-27;9,00;9.83;33,51;0,68;;58
31/08/26;GRIFOLS;CALL;Jun-27;9,25;9.83;33,05;0,64;;53
31/08/26;GRIFOLS;CALL;Jun-27;9,50;9.83;32,58;0,61;;27
31/08/26;GRIFOLS;CALL;Jun-27;9,75;9.83;32,11;0,57;;25
31/08/26;GRIFOLS;CALL;Jun-27;10,00;9.83;31,93;0,54;;66
31/08/26;GRIFOLS;CALL;Jun-27;10,50;9.83;31,82;0,47;;1
31/08/26;GRIFOLS;CALL;Jun-27;11,00;9.83;31,72;0,40;;12
31/08/26;GRIFOLS;CALL;Jun-27;11,50;9.83;31,62;0,34;;10
31/08/26;GRIFOLS;CALL;Jun-27;12,00;9.83;31,52;0,29;;22
31/08/26;GRIFOLS;CALL;Jun-27;12,50;9.83;31,42;0,24;;255
31/08/26;GRIFOLS;CALL;Jun-27;13,00;9.83;31,32;0,20;;10
31/08/26;GRIFOLS;CALL;Jun-27;14,00;9.83;31,11;0,13;;5
31/08/26;GRIFOLS;CALL;Jun-27;15,00;9.83;30,91;0,08;;50
31/08/26;GRIFOLS;CALL;Jun-27;16,00;9.83;30,71;0,05;;850
31/08/26;GRIFOLS;CALL;Sep-27;15,00;9.83;32,00;0,13;;10
31/08/26;GRIFOLS;CALL;Dic-27;8,00;9.83;36,15;0,77;;2
31/08/26;GRIFOLS;CALL;Dic-27;8,75;9.83;34,98;0,70;;15
31/08/26;GRIFOLS;CALL;Dic-27;11,00;9.83;33,13;0,46;;1
31/08/26;GRIFOLS;CALL;Dic-27;11,50;9.83;33,06;0,41;;5
31/08/26;GRIFOLS;CALL;Dic-27;12,00;9.83;33,00;0,36;;150
31/08/26;GRIFOLS;CALL;Dic-27;12,50;9.83;32,93;0,32;;100
31/08/26;GRIFOLS;CALL;Dic-27;15,00;9.83;32,59;0,17;;4
31/08/26;GRIFOLS;CALL;Mar-28;15,00;9.83;32,98;0,20;;3
31/08/26;GRIFOLS;CALL;Dic-28;9,00;9.83;32,93;0,67;;14
31/08/26;GRIFOLS;CALL;Dic-28;12,00;9.83;31,52;0,42;;1
31/08/26;GRIFOLS;CALL;Dic-28;15,50;9.83;30,93;0,22;;3
31/08/26;GRIFOLS;CALL;Dic-28;16,50;9.83;30,76;0,18;;2
31/08/26;GRIFOLS;CALL;Dic-28;17,50;9.83;30,59;0,15;;6
31/08/26;GRIFOLS;CALL;Dic-29;15,50;9.83;30,22;0,28;;3
31/08/26;GRIFOLS;PUT;Sep-26;6,50;9.83;41,02;;;10
31/08/26;GRIFOLS;PUT;Sep-26;7,25;9.83;38,35;;;4
31/08/26;GRIFOLS;PUT;Sep-26;7,75;9.83;36,57;;;3
31/08/26;GRIFOLS;PUT;Sep-26;8,00;9.83;35,68;;;31
31/08/26;GRIFOLS;PUT;Sep-26;8,25;9.83;34,79;-0,01;;24
31/08/26;GRIFOLS;PUT;Sep-26;8,50;9.83;33,90;-0,02;1;142
31/08/26;GRIFOLS;PUT;Sep-26;8,75;9.83;33,01;-0,05;;71
31/08/26;GRIFOLS;PUT;Sep-26;9,00;9.83;32,12;-0,10;;116
31/08/26;GRIFOLS;PUT;Sep-26;9,25;9.83;31,23;-0,18;;112
31/08/26;GRIFOLS;PUT;Sep-26;9,50;9.83;30,34;-0,29;1;70
31/08/26;GRIFOLS;PUT;Sep-26;9,75;9.83;29,45;-0,43;2;18
31/08/26;GRIFOLS;PUT;Sep-26;10,00;9.83;29,06;-0,59;5;82
31/08/26;GRIFOLS;PUT;Sep-26;10,50;9.83;28,77;-0,84;;147
31/08/26;GRIFOLS;PUT;Sep-26;11,00;9.83;28,49;-0,97;;92
31/08/26;GRIFOLS;PUT;Sep-26;11,50;9.83;28,20;-1,00;;39
31/08/26;GRIFOLS;PUT;Sep-26;12,00;9.83;27,91;-1,00;;22
31/08/26;GRIFOLS;PUT;Sep-26;12,50;9.83;27,62;-1,00;;10
31/08/26;GRIFOLS;PUT;Oct-26;8,75;9.83;29,15;-0,11;;37
31/08/26;GRIFOLS;PUT;Oct-26;9,25;9.83;27,61;-0,24;;5
31/08/26;GRIFOLS;PUT;Oct-26;9,50;9.83;26,83;-0,33;;10
31/08/26;GRIFOLS;PUT;Oct-26;10,00;9.83;25,72;-0,55;;20
31/08/26;GRIFOLS;PUT;Nov-26;9,50;9.83;26,71;-0,36;13;13
31/08/26;GRIFOLS;PUT;Nov-26;9,75;9.83;25,97;-0,44;2;2
31/08/26;GRIFOLS;PUT;Dic-26;6,00;9.83;37,93;-0,01;;25
31/08/26;GRIFOLS;PUT;Dic-26;6,25;9.83;37,21;-0,01;;5
31/08/26;GRIFOLS;PUT;Dic-26;6,50;9.83;36,49;-0,02;;1
31/08/26;GRIFOLS;PUT;Dic-26;6,75;9.83;35,77;-0,03;;25
31/08/26;GRIFOLS;PUT;Dic-26;7,00;9.83;35,05;-0,03;;10
31/08/26;GRIFOLS;PUT;Dic-26;7,25;9.83;34,33;-0,05;;291
31/08/26;GRIFOLS;PUT;Dic-26;7,50;9.83;33,61;-0,07;;29
31/08/26;GRIFOLS;PUT;Dic-26;7,75;9.83;32,89;-0,09;;26
31/08/26;GRIFOLS;PUT;Dic-26;8,00;9.83;32,17;-0,12;;317
31/08/26;GRIFOLS;PUT;Dic-26;8,25;9.83;31,45;-0,15;;2
31/08/26;GRIFOLS;PUT;Dic-26;8,50;9.83;30,73;-0,19;;757
31/08/26;GRIFOLS;PUT;Dic-26;8,75;9.83;30,01;-0,24;;12
31/08/26;GRIFOLS;PUT;Dic-26;9,00;9.83;29,29;-0,29;;221
31/08/26;GRIFOLS;PUT;Dic-26;9,25;9.83;28,57;-0,35;;130
31/08/26;GRIFOLS;PUT;Dic-26;9,50;9.83;27,85;-0,41;;447
31/08/26;GRIFOLS;PUT;Dic-26;9,75;9.83;27,13;-0,48;;14
31/08/26;GRIFOLS;PUT;Dic-26;10,00;9.83;26,82;-0,55;10;2.292
31/08/26;GRIFOLS;PUT;Dic-26;10,50;9.83;26,62;-0,68;;29
31/08/26;GRIFOLS;PUT;Dic-26;11,00;9.83;26,41;-0,78;;295
31/08/26;GRIFOLS;PUT;Dic-26;11,50;9.83;26,21;-0,86;;7
31/08/26;GRIFOLS;PUT;Dic-26;12,00;9.83;26,01;-0,92;;1
31/08/26;GRIFOLS;PUT;Dic-26;12,50;9.83;25,80;-0,96;;1
31/08/26;GRIFOLS;PUT;Dic-26;13,00;9.83;25,60;-0,98;;10
31/08/26;GRIFOLS;PUT;Dic-26;13,50;9.83;25,40;-0,99;;113
31/08/26;GRIFOLS;PUT;Mar-27;6,25;9.83;38,88;-0,04;;50
31/08/26;GRIFOLS;PUT;Mar-27;6,50;9.83;38,35;-0,06;;17
31/08/26;GRIFOLS;PUT;Mar-27;6,75;9.83;37,81;-0,07;;250
31/08/26;GRIFOLS;PUT;Mar-27;7,00;9.83;37,28;-0,09;;163
31/08/26;GRIFOLS;PUT;Mar-27;7,25;9.83;36,74;-0,11;;76
31/08/26;GRIFOLS;PUT;Mar-27;7,50;9.83;36,21;-0,13;;770
31/08/26;GRIFOLS;PUT;Mar-27;7,75;9.83;35,68;-0,16;;146
31/08/26;GRIFOLS;PUT;Mar-27;8,00;9.83;35,14;-0,19;;127
31/08/26;GRIFOLS;PUT;Mar-27;8,25;9.83;34,61;-0,22;;5
31/08/26;GRIFOLS;PUT;Mar-27;8,50;9.83;34,07;-0,25;;13
31/08/26;GRIFOLS;PUT;Mar-27;8,75;9.83;33,54;-0,29;;3
31/08/26;GRIFOLS;PUT;Mar-27;9,00;9.83;33,01;-0,33;;1.129
31/08/26;GRIFOLS;PUT;Mar-27;9,25;9.83;32,47;-0,37;;2
31/08/26;GRIFOLS;PUT;Mar-27;10,00;9.83;31,18;-0,50;;15
31/08/26;GRIFOLS;PUT;Mar-27;10,50;9.83;31,03;-0,59;;14
31/08/26;GRIFOLS;PUT;Mar-27;11,00;9.83;30,87;-0,67;;130
31/08/26;GRIFOLS;PUT;Mar-27;16,00;9.83;29,35;-0,99;;5
31/08/26;GRIFOLS;PUT;Jun-27;6,00;9.83;40,23;-0,06;;20
31/08/26;GRIFOLS;PUT;Jun-27;7,50;9.83;37,43;-0,17;;10
31/08/26;GRIFOLS;PUT;Jun-27;8,00;9.83;36,50;-0,21;;100
31/08/26;GRIFOLS;PUT;Jun-27;8,25;9.83;36,03;-0,24;;1
31/08/26;GRIFOLS;PUT;Jun-27;10,00;9.83;33,05;-0,47;;48
31/08/26;GRIFOLS;PUT;Jun-27;10,50;9.83;32,94;-0,54;;7
31/08/26;GRIFOLS;PUT;Jun-27;11,00;9.83;32,84;-0,61;;3
31/08/26;GRIFOLS;PUT;Jun-27;11,50;9.83;32,74;-0,67;;7
31/08/26;GRIFOLS;PUT;Jun-27;12,00;9.83;32,64;-0,72;;206
31/08/26;GRIFOLS;PUT;Jun-27;12,50;9.83;32,54;-0,78;;402
31/08/26;GRIFOLS;PUT;Jun-27;13,00;9.83;32,44;-0,82;;195
31/08/26;GRIFOLS;PUT;Jun-27;13,50;9.83;32,33;-0,86;;25
31/08/26;GRIFOLS;PUT;Jun-27;15,50;9.83;31,93;-0,95;;142
31/08/26;GRIFOLS;PUT;Sep-27;13,00;9.83;33,82;-0,76;;5
31/08/26;GRIFOLS;PUT;Dic-27;8,25;9.83;37,63;-0,28;;1
31/08/26;GRIFOLS;PUT;Dic-27;8,50;9.83;37,24;-0,30;;5
31/08/26;GRIFOLS;PUT;Dic-27;8,75;9.83;36,85;-0,33;;3
31/08/26;GRIFOLS;PUT;Dic-27;10,50;9.83;35,07;-0,50;;242
31/08/26;GRIFOLS;PUT;Dic-27;11,00;9.83;35,00;-0,55;;228
31/08/26;GRIFOLS;PUT;Dic-27;11,50;9.83;34,93;-0,59;;30
31/08/26;GRIFOLS;PUT;Mar-28;9,50;9.83;36,26;-0,39;;268
31/08/26;GRIFOLS;PUT;Mar-28;10,00;9.83;35,76;-0,44;;260
31/08/26;GRIFOLS;PUT;Jun-28;6,00;9.83;40,34;-0,12;;26
31/08/26;GRIFOLS;PUT;Jun-28;8,25;9.83;37,21;-0,28;;2
31/08/26;GRIFOLS;PUT;Dic-28;6,50;9.83;38,05;-0,17;;25
31/08/26;GRIFOLS;PUT;Dic-28;7,00;9.83;37,42;-0,20;;1
31/08/26;GRIFOLS;PUT;Dic-28;8,00;9.83;36,17;-0,27;;4
31/08/26;GRIFOLS;PUT;Dic-28;9,75;9.83;33,97;-0,41;;1
31/08/26;GRIFOLS;PUT;Jun-29;8,50;9.83;34,39;-0,31;;2
31/08/26;GRIFOLS;PUT;Dic-29;8,50;9.83;33,54;-0,31;;3
31/08/26;GRIFOLS;PUT;Dic-29;9,75;9.83;32,48;-0,40;;1
31/08/26;GRIFOLS;PUT;Dic-30;10,00;9.83;31,60;-0,41;;15
31/08/26;GRIFOLS;CALL;Dic-26;10,00;9.83;29,41;0,46;;10
31/08/26;GRIFOLS;CALL;Dic-26;11,00;9.83;29,00;0,24;;10
31/08/26;GRIFOLS;CALL;Dic-26;11,50;9.83;28,80;0,16;;65
31/08/26;GRIFOLS;CALL;Dic-26;15,00;9.83;27,38;;;15
31/08/26;GRIFOLS;CALL;Jun-27;11,50;9.83;31,62;0,34;;50
31/08/26;GRIFOLS;CALL;Dic-27;11,50;9.83;33,06;0,38;;30
31/08/26;GRIFOLS;CALL;Jun-28;11,50;9.83;32,68;0,42;;60
31/08/26;GRIFOLS;PUT;Sep-26;9,00;9.83;32,12;-0,10;;10
31/08/26;GRIFOLS;PUT;Jun-27;9,00;9.83;34,63;-0,32;;1
31/08/26;HBX;CALL;Oct-26;8,25;7.58;29,84;0,24;;10
31/08/26;HBX;CALL;Dic-26;8,00;7.58;30,21;0,42;;10
31/08/26;HBX;CALL;Dic-26;8,25;7.58;30,06;0,35;;10
31/08/26;HBX;CALL;Mar-27;7,50;7.58;30,30;0,59;;10
31/08/26;HBX;CALL;Mar-27;7,75;7.58;30,18;0,53;;10
31/08/26;HBX;CALL;Mar-27;8,50;7.58;29,71;0,36;;10
31/08/26;HBX;CALL;Jun-27;6,75;7.58;29,18;0,74;;10
31/08/26;HBX;CALL;Jun-27;8,00;7.58;28,74;0,50;;10
31/08/26;HBX;CALL;Jun-27;8,50;7.58;28,43;0,41;;10
31/08/26;HBX;PUT;Dic-26;7,25;7.58;31,61;-0,35;;10
31/08/26;HBX;PUT;Jun-27;7,50;7.58;30,37;-0,41;;10
31/08/26;IAG;CALL;Sep-26;3,80;5.01;29,97;1,00;;10
31/08/26;IAG;CALL;Sep-26;4,00;5.01;29,57;1,00;;6
31/08/26;IAG;CALL;Sep-26;4,20;5.01;29,17;1,00;;11
31/08/26;IAG;CALL;Sep-26;4,40;5.01;28,77;0,98;;4
31/08/26;IAG;CALL;Sep-26;4,50;5.01;28,57;0,96;;14
31/08/26;IAG;CALL;Sep-26;4,60;5.01;28,37;0,92;;41
31/08/26;IAG;CALL;Sep-26;4,70;5.01;28,17;0,86;;16
31/08/26;IAG;CALL;Sep-26;4,80;5.01;27,97;0,77;;19
31/08/26;IAG;CALL;Sep-26;4,90;5.01;27,77;0,66;210;202
31/08/26;IAG;CALL;Sep-26;5,00;5.01;27,57;0,53;;74
31/08/26;IAG;CALL;Sep-26;5,10;5.01;27,38;0,40;;50
31/08/26;IAG;CALL;Sep-26;5,25;5.01;27,10;0,23;;4.577
31/08/26;IAG;CALL;Sep-26;5,30;5.01;27,01;0,19;;50
31/08/26;IAG;CALL;Sep-26;5,50;5.01;26,64;0,06;;157
31/08/26;IAG;CALL;Sep-26;5,75;5.01;26,17;0,01;;57
31/08/26;IAG;CALL;Sep-26;6,00;5.01;25,71;;;63
31/08/26;IAG;CALL;Sep-26;6,25;5.01;25,24;;;50
31/08/26;IAG;CALL;Oct-26;5,00;5.01;30,47;0,54;;13
31/08/26;IAG;CALL;Oct-26;5,25;5.01;30,00;0,36;;20
31/08/26;IAG;CALL;Dic-26;2,90;5.01;36,84;1,00;;1
31/08/26;IAG;CALL;Dic-26;3,00;5.01;36,63;1,00;;1
31/08/26;IAG;CALL;Dic-26;3,50;5.01;35,56;0,98;;1
31/08/26;IAG;CALL;Dic-26;4,00;5.01;34,50;0,92;;2
31/08/26;IAG;CALL;Dic-26;4,20;5.01;34,07;0,87;;20
31/08/26;IAG;CALL;Dic-26;4,30;5.01;33,86;0,84;;3
31/08/26;IAG;CALL;Dic-26;4,40;5.01;33,65;0,80;;3
31/08/26;IAG;CALL;Dic-26;4,50;5.01;33,44;0,77;;6
31/08/26;IAG;CALL;Dic-26;4,60;5.01;33,22;0,73;;2
31/08/26;IAG;CALL;Dic-26;4,80;5.01;32,80;0,64;;2
31/08/26;IAG;CALL;Dic-26;5,00;5.01;32,37;0,55;;801
31/08/26;IAG;CALL;Dic-26;5,25;5.01;31,89;0,43;;681
31/08/26;IAG;CALL;Dic-26;5,50;5.01;31,40;0,33;;1.591
31/08/26;IAG;CALL;Dic-26;5,75;5.01;30,92;0,23;;100
31/08/26;IAG;CALL;Dic-26;6,00;5.01;30,44;0,16;;10
31/08/26;IAG;CALL;Dic-26;6,25;5.01;29,96;0,10;;35
31/08/26;IAG;CALL;Mar-27;4,00;5.01;35,56;0,85;;12
31/08/26;IAG;CALL;Mar-27;4,10;5.01;35,40;0,82;;1
31/08/26;IAG;CALL;Mar-27;4,20;5.01;35,25;0,80;;6
31/08/26;IAG;CALL;Mar-27;4,30;5.01;35,10;0,77;;5
31/08/26;IAG;CALL;Mar-27;4,60;5.01;34,64;0,68;;1
31/08/26;IAG;CALL;Mar-27;4,70;5.01;34,48;0,65;;3
31/08/26;IAG;CALL;Mar-27;4,80;5.01;34,33;0,62;;152
31/08/26;IAG;CALL;Mar-27;5,00;5.01;34,03;0,56;;33
31/08/26;IAG;CALL;Mar-27;5,25;5.01;33,51;0,48;;2
31/08/26;IAG;CALL;Mar-27;5,50;5.01;33,00;0,41;;300
31/08/26;IAG;CALL;Mar-27;6,00;5.01;31,97;0,27;;1
31/08/26;IAG;CALL;Mar-27;6,25;5.01;31,45;0,21;;250
31/08/26;IAG;CALL;Mar-27;6,50;5.01;30,94;0,16;150;150
31/08/26;IAG;CALL;Jun-27;2,00;5.01;35,95;1,00;;2
31/08/26;IAG;CALL;Jun-27;2,20;5.01;35,72;1,00;;25
31/08/26;IAG;CALL;Jun-27;2,30;5.01;35,60;1,00;;25
31/08/26;IAG;CALL;Jun-27;2,40;5.01;35,48;1,00;;25
31/08/26;IAG;CALL;Jun-27;3,00;5.01;34,76;0,97;;5
31/08/26;IAG;CALL;Jun-27;3,40;5.01;34,28;0,93;;1
31/08/26;IAG;CALL;Jun-27;4,00;5.01;33,56;0,82;;3
31/08/26;IAG;CALL;Jun-27;4,10;5.01;33,44;0,80;;2
31/08/26;IAG;CALL;Jun-27;4,40;5.01;33,08;0,73;;3
31/08/26;IAG;CALL;Jun-27;4,50;5.01;32,96;0,71;;1
31/08/26;IAG;CALL;Jun-27;4,90;5.01;32,48;0,60;;3
31/08/26;IAG;CALL;Jun-27;5,00;5.01;32,36;0,58;;2
31/08/26;IAG;CALL;Jun-27;5,25;5.01;31,97;0,51;;20
31/08/26;IAG;CALL;Jun-27;5,50;5.01;31,57;0,44;;1
31/08/26;IAG;CALL;Jun-27;6,25;5.01;30,37;0,26;;2
31/08/26;IAG;CALL;Jun-27;6,50;5.01;29,97;0,21;;1
31/08/26;IAG;CALL;Sep-27;4,40;5.01;32,00;0,73;;25
31/08/26;IAG;CALL;Sep-27;4,50;5.01;31,90;0,70;;25
31/08/26;IAG;CALL;Sep-27;4,80;5.01;31,60;0,63;;1
31/08/26;IAG;CALL;Sep-27;5,25;5.01;31,07;0,52;;4
31/08/26;IAG;CALL;Dic-27;2,00;5.01;35,75;1,00;;25
31/08/26;IAG;CALL;Dic-27;2,10;5.01;35,65;1,00;;25
31/08/26;IAG;CALL;Dic-27;2,20;5.01;35,54;1,00;;25
31/08/26;IAG;CALL;Dic-27;2,30;5.01;35,43;1,00;;25
31/08/26;IAG;CALL;Dic-27;2,40;5.01;35,33;0,99;;25
31/08/26;IAG;CALL;Dic-27;3,70;5.01;33,94;0,85;;1
31/08/26;IAG;CALL;Dic-27;4,10;5.01;33,52;0,78;;25
31/08/26;IAG;CALL;Dic-27;4,50;5.01;33,09;0,70;;1
31/08/26;IAG;CALL;Dic-27;4,90;5.01;32,67;0,61;;1
31/08/26;IAG;CALL;Dic-27;5,00;5.01;32,56;0,59;;4
31/08/26;IAG;CALL;Dic-27;5,25;5.01;32,31;0,53;;1
31/08/26;IAG;CALL;Mar-28;6,00;5.01;32,34;0,41;;2
31/08/26;IAG;CALL;Jun-28;5,00;5.01;35,22;0,61;;1
31/08/26;IAG;PUT;Sep-26;2,20;5.01;35,40;;;3
31/08/26;IAG;PUT;Sep-26;2,50;5.01;34,80;;;65
31/08/26;IAG;PUT;Sep-26;3,20;5.01;33,40;;;50
31/08/26;IAG;PUT;Sep-26;3,30;5.01;33,20;;;15
31/08/26;IAG;PUT;Sep-26;3,50;5.01;32,80;;;17
31/08/26;IAG;PUT;Sep-26;3,90;5.01;32,01;;;5
31/08/26;IAG;PUT;Sep-26;4,00;5.01;31,81;;;205
31/08/26;IAG;PUT;Sep-26;4,10;5.01;31,61;;;224
31/08/26;IAG;PUT;Sep-26;4,20;5.01;31,41;;;2
31/08/26;IAG;PUT;Sep-26;4,40;5.01;31,01;-0,03;;21
31/08/26;IAG;PUT;Sep-26;4,50;5.01;30,81;-0,05;;68
31/08/26;IAG;PUT;Sep-26;4,70;5.01;30,41;-0,16;;22
31/08/26;IAG;PUT;Sep-26;4,80;5.01;30,21;-0,25;;112
31/08/26;IAG;PUT;Sep-26;4,90;5.01;30,01;-0,35;;110
31/08/26;IAG;PUT;Sep-26;5,00;5.01;29,81;-0,47;;107
31/08/26;IAG;PUT;Sep-26;5,25;5.01;29,34;-0,75;;10
31/08/26;IAG;PUT;Sep-26;5,30;5.01;29,25;-0,80;10;10
31/08/26;IAG;PUT;Sep-26;5,50;5.01;28,88;-0,93;;13
31/08/26;IAG;PUT;Oct-26;4,20;5.01;34,20;-0,06;;150
31/08/26;IAG;PUT;Oct-26;4,80;5.01;32,88;-0,33;;20
31/08/26;IAG;PUT;Dic-26;2,60;5.01;37,97;;;4
31/08/26;IAG;PUT;Dic-26;2,80;5.01;37,55;;;20
31/08/26;IAG;PUT;Dic-26;2,90;5.01;37,33;;;20
31/08/26;IAG;PUT;Dic-26;3,30;5.01;36,48;-0,01;;20
31/08/26;IAG;PUT;Dic-26;3,50;5.01;36,05;-0,03;;19
31/08/26;IAG;PUT;Dic-26;3,70;5.01;35,63;-0,05;;4
31/08/26;IAG;PUT;Dic-26;3,80;5.01;35,42;-0,07;;151
31/08/26;IAG;PUT;Dic-26;3,90;5.01;35,20;-0,08;;137
31/08/26;IAG;PUT;Dic-26;4,00;5.01;34,99;-0,10;;817
31/08/26;IAG;PUT;Dic-26;4,10;5.01;34,78;-0,13;;12
31/08/26;IAG;PUT;Dic-26;4,20;5.01;34,56;-0,16;;55
31/08/26;IAG;PUT;Dic-26;4,30;5.01;34,35;-0,19;;7
31/08/26;IAG;PUT;Dic-26;4,40;5.01;34,14;-0,22;;54
31/08/26;IAG;PUT;Dic-26;4,50;5.01;33,93;-0,26;;7
31/08/26;IAG;PUT;Dic-26;4,60;5.01;33,71;-0,30;;7
31/08/26;IAG;PUT;Dic-26;4,70;5.01;33,50;-0,34;;2
31/08/26;IAG;PUT;Dic-26;4,80;5.01;33,29;-0,38;;4
31/08/26;IAG;PUT;Dic-26;4,90;5.01;33,07;-0,42;;1
31/08/26;IAG;PUT;Dic-26;5,00;5.01;32,86;-0,47;;160
31/08/26;IAG;PUT;Dic-26;5,25;5.01;32,38;-0,58;;11
31/08/26;IAG;PUT;Dic-26;5,50;5.01;31,89;-0,68;;1
31/08/26;IAG;PUT;Dic-26;5,75;5.01;31,41;-0,77;;1
31/08/26;IAG;PUT;Dic-26;6,00;5.01;30,93;-0,85;;100
31/08/26;IAG;PUT;Mar-27;3,20;5.01;34,77;-0,03;;40
31/08/26;IAG;PUT;Mar-27;3,50;5.01;34,31;-0,06;;17
31/08/26;IAG;PUT;Mar-27;3,70;5.01;34,00;-0,09;;20
31/08/26;IAG;PUT;Mar-27;4,00;5.01;33,55;-0,15;;4
31/08/26;IAG;PUT;Mar-27;4,10;5.01;33,39;-0,17;;1
31/08/26;IAG;PUT;Mar-27;4,40;5.01;32,93;-0,26;;20
31/08/26;IAG;PUT;Mar-27;4,60;5.01;32,63;-0,32;;25
31/08/26;IAG;PUT;Mar-27;4,70;5.01;32,47;-0,35;;255
31/08/26;IAG;PUT;Mar-27;4,80;5.01;32,32;-0,38;;2
31/08/26;IAG;PUT;Mar-27;5,00;5.01;32,02;-0,45;;13
31/08/26;IAG;PUT;Mar-27;5,25;5.01;31,50;-0,54;;3
31/08/26;IAG;PUT;Mar-27;5,50;5.01;30,99;-0,62;;6
31/08/26;IAG;PUT;Mar-27;5,75;5.01;30,47;-0,70;;1
31/08/26;IAG;PUT;Jun-27;3,50;5.01;33,08;-0,08;;30
31/08/26;IAG;PUT;Jun-27;3,70;5.01;32,84;-0,11;;25
31/08/26;IAG;PUT;Jun-27;4,00;5.01;32,48;-0,17;;3
31/08/26;IAG;PUT;Jun-27;4,10;5.01;32,36;-0,19;;2
31/08/26;IAG;PUT;Jun-27;4,40;5.01;32,00;-0,27;;3
31/08/26;IAG;PUT;Jun-27;4,50;5.01;31,88;-0,29;;1
31/08/26;IAG;PUT;Jun-27;5,00;5.01;31,28;-0,44;;7
31/08/26;IAG;PUT;Jun-27;5,25;5.01;30,89;-0,51;;1
31/08/26;IAG;PUT;Jun-27;5,50;5.01;30,49;-0,58;;2
31/08/26;IAG;PUT;Jun-27;6,00;5.01;29,69;-0,72;;2
31/08/26;IAG;PUT;Sep-27;3,20;5.01;32,55;-0,06;;5
31/08/26;IAG;PUT;Sep-27;4,50;5.01;31,25;-0,31;;2
31/08/26;IAG;PUT;Sep-27;4,80;5.01;30,95;-0,38;;1
31/08/26;IAG;PUT;Sep-27;5,25;5.01;30,42;-0,50;;1
31/08/26;IAG;PUT;Dic-27;3,20;5.01;33,79;-0,09;;15.000
31/08/26;IAG;PUT;Dic-27;3,50;5.01;33,47;-0,13;;20
31/08/26;IAG;PUT;Dic-27;4,00;5.01;32,94;-0,21;;12
31/08/26;IAG;PUT;Dic-27;4,60;5.01;32,30;-0,34;;25
31/08/26;IAG;PUT;Dic-27;4,90;5.01;31,98;-0,40;;1
31/08/26;IAG;PUT;Dic-27;5,00;5.01;31,87;-0,42;;4
31/08/26;IAG;PUT;Dic-27;5,25;5.01;31,62;-0,48;;2
31/08/26;IAG;PUT;Mar-28;3,50;5.01;33,85;-0,14;;25
31/08/26;IAG;PUT;Jun-28;4,20;5.01;34,37;-0,26;;25
31/08/26;IAG;PUT;Jun-28;4,40;5.01;34,23;-0,30;;25
31/08/26;IAG;CALL;Dic-29;3,40;5.01;40,67;0,74;;2
31/08/26;IAG;PUT;Sep-26;4,40;5.01;31,01;-0,03;;8
31/08/26;IBERDROLA;CALL;Sep-26;18,00;20.08;17,11;1,00;60;30
31/08/26;IBERDROLA;CALL;Sep-26;19,00;20.08;15,75;0,95;;2
31/08/26;IBERDROLA;CALL;Sep-26;19,50;20.08;15,07;0,82;;5.000
31/08/26;IBERDROLA;CALL;Sep-26;20,00;20.08;14,39;0,57;;4
31/08/26;IBERDROLA;CALL;Sep-26;20,25;20.08;14,27;0,41;;1
31/08/26;IBERDROLA;CALL;Sep-26;20,50;20.08;14,25;0,27;;6
31/08/26;IBERDROLA;CALL;Sep-26;20,75;20.08;14,24;0,16;;1
31/08/26;IBERDROLA;CALL;Sep-26;21,00;20.08;14,22;0,08;;29.614
31/08/26;IBERDROLA;CALL;Sep-26;21,50;20.08;14,19;0,02;;35
31/08/26;IBERDROLA;CALL;Sep-26;22,00;20.08;14,15;;;416
31/08/26;IBERDROLA;CALL;Sep-26;22,50;20.08;14,12;;;2.500
31/08/26;IBERDROLA;CALL;Oct-26;19,50;20.08;15,31;0,73;;4
31/08/26;IBERDROLA;CALL;Oct-26;20,00;20.08;14,65;0,56;;1
31/08/26;IBERDROLA;CALL;Oct-26;20,50;20.08;14,52;0,38;5.000;5.001
31/08/26;IBERDROLA;CALL;Oct-26;21,00;20.08;14,47;0,21;;10.001
31/08/26;IBERDROLA;CALL;Oct-26;22,00;20.08;14,39;0,04;;1
31/08/26;IBERDROLA;CALL;Nov-26;21,00;20.08;15,28;0,31;;1
31/08/26;IBERDROLA;CALL;Dic-26;14,50;20.08;23,14;1,00;;2
31/08/26;IBERDROLA;CALL;Dic-26;15,00;20.08;22,48;0,99;;4
31/08/26;IBERDROLA;CALL;Dic-26;16,00;20.08;21,17;0,98;;4
31/08/26;IBERDROLA;CALL;Dic-26;17,00;20.08;19,86;0,95;;6.500
31/08/26;IBERDROLA;CALL;Dic-26;17,50;20.08;19,20;0,92;;2
31/08/26;IBERDROLA;CALL;Dic-26;18,00;20.08;18,55;0,88;;6.001
31/08/26;IBERDROLA;CALL;Dic-26;18,50;20.08;17,89;0,83;;32
31/08/26;IBERDROLA;CALL;Dic-26;19,00;20.08;17,24;0,76;;345
31/08/26;IBERDROLA;CALL;Dic-26;19,50;20.08;16,58;0,67;;26.516
31/08/26;IBERDROLA;CALL;Dic-26;20,00;20.08;15,92;0,57;;7.518
31/08/26;IBERDROLA;CALL;Dic-26;20,50;20.08;15,76;0,46;;6
31/08/26;IBERDROLA;CALL;Dic-26;21,00;20.08;15,70;0,35;10;311
31/08/26;IBERDROLA;CALL;Dic-26;21,50;20.08;15,63;0,25;;11
31/08/26;IBERDROLA;CALL;Dic-26;22,00;20.08;15,57;0,17;2;143
31/08/26;IBERDROLA;CALL;Dic-26;22,50;20.08;15,50;0,11;;517
31/08/26;IBERDROLA;CALL;Dic-26;23,00;20.08;15,43;0,07;;105
31/08/26;IBERDROLA;CALL;Dic-26;23,50;20.08;15,37;0,04;;8
31/08/26;IBERDROLA;CALL;Dic-26;24,00;20.08;15,30;0,02;;1
31/08/26;IBERDROLA;CALL;Dic-26;25,00;20.08;15,17;0,01;;1
31/08/26;IBERDROLA;CALL;Mar-27;12,00;20.08;26,24;1,00;;5
31/08/26;IBERDROLA;CALL;Mar-27;16,00;20.08;21,73;0,95;;10
31/08/26;IBERDROLA;CALL;Mar-27;16,50;20.08;21,16;0,93;;5
31/08/26;IBERDROLA;CALL;Mar-27;18,00;20.08;19,47;0,83;;4
31/08/26;IBERDROLA;CALL;Mar-27;19,50;20.08;17,77;0,64;;12
31/08/26;IBERDROLA;CALL;Mar-27;20,00;20.08;17,21;0,56;;100
31/08/26;IBERDROLA;CALL;Mar-27;20,50;20.08;17,01;0,48;;8
31/08/26;IBERDROLA;CALL;Mar-27;21,00;20.08;16,88;0,40;;496
31/08/26;IBERDROLA;CALL;Mar-27;22,00;20.08;16,61;0,25;;20
31/08/26;IBERDROLA;CALL;Mar-27;22,50;20.08;16,48;0,20;;4
31/08/26;IBERDROLA;CALL;Mar-27;23,00;20.08;16,34;0,15;;258
31/08/26;IBERDROLA;CALL;Mar-27;24,00;20.08;16,08;0,08;;10
31/08/26;IBERDROLA;CALL;Mar-27;26,00;20.08;15,55;0,01;;17
31/08/26;IBERDROLA;CALL;Jun-27;17,00;20.08;20,66;0,86;;100
31/08/26;IBERDROLA;CALL;Jun-27;17,50;20.08;20,16;0,82;;100
31/08/26;IBERDROLA;CALL;Jun-27;18,00;20.08;19,66;0,78;;1
31/08/26;IBERDROLA;CALL;Jun-27;18,50;20.08;19,16;0,73;;7
31/08/26;IBERDROLA;CALL;Jun-27;19,00;20.08;18,67;0,68;;5.500
31/08/26;IBERDROLA;CALL;Jun-27;19,50;20.08;18,17;0,62;;7
31/08/26;IBERDROLA;CALL;Jun-27;20,00;20.08;17,67;0,56;;100
31/08/26;IBERDROLA;CALL;Jun-27;20,50;20.08;17,48;0,50;;3
31/08/26;IBERDROLA;CALL;Jun-27;21,00;20.08;17,35;0,44;;1.005
31/08/26;IBERDROLA;CALL;Jun-27;22,00;20.08;17,08;0,32;;6
31/08/26;IBERDROLA;CALL;Jun-27;23,00;20.08;16,81;0,22;;100
31/08/26;IBERDROLA;CALL;Sep-27;16,50;20.08;21,37;0,87;;10.100
31/08/26;IBERDROLA;CALL;Sep-27;17,00;20.08;20,90;0,84;;100
31/08/26;IBERDROLA;CALL;Sep-27;17,50;20.08;20,44;0,81;;100
31/08/26;IBERDROLA;CALL;Sep-27;19,50;20.08;18,58;0,62;;140
31/08/26;IBERDROLA;CALL;Sep-27;22,00;20.08;17,59;0,34;;5
31/08/26;IBERDROLA;CALL;Dic-27;10,00;20.08;27,31;1,00;;30
31/08/26;IBERDROLA;CALL;Dic-27;13,00;20.08;24,67;0,98;;50
31/08/26;IBERDROLA;CALL;Dic-27;14,00;20.08;23,79;0,96;;5
31/08/26;IBERDROLA;CALL;Dic-27;15,00;20.08;22,91;0,93;;5
31/08/26;IBERDROLA;CALL;Dic-27;16,00;20.08;22,03;0,88;;26
31/08/26;IBERDROLA;CALL;Dic-27;16,50;20.08;21,59;0,85;;25
31/08/26;IBERDROLA;CALL;Dic-27;17,00;20.08;21,15;0,82;;7.530
31/08/26;IBERDROLA;CALL;Dic-27;17,50;20.08;20,71;0,78;;25
31/08/26;IBERDROLA;CALL;Dic-27;18,00;20.08;20,27;0,74;;10.005
31/08/26;IBERDROLA;CALL;Dic-27;18,50;20.08;19,83;0,70;;251
31/08/26;IBERDROLA;CALL;Dic-27;19,00;20.08;19,39;0,66;;157
31/08/26;IBERDROLA;CALL;Dic-27;19,50;20.08;18,95;0,61;;395
31/08/26;IBERDROLA;CALL;Dic-27;20,00;20.08;18,51;0,56;;13.260
31/08/26;IBERDROLA;CALL;Dic-27;21,00;20.08;18,24;0,46;;7.260
31/08/26;IBERDROLA;CALL;Dic-27;22,00;20.08;18,03;0,37;;5.004
31/08/26;IBERDROLA;CALL;Dic-27;23,00;20.08;17,81;0,28;;6
31/08/26;IBERDROLA;CALL;Dic-27;24,00;20.08;17,59;0,21;;2.757
31/08/26;IBERDROLA;CALL;Dic-27;25,00;20.08;17,38;0,15;;2.002
31/08/26;IBERDROLA;CALL;Mar-28;19,00;20.08;19,38;0,65;;1
31/08/26;IBERDROLA;CALL;Mar-28;20,00;20.08;18,54;0,56;;102
31/08/26;IBERDROLA;CALL;Mar-28;21,00;20.08;18,30;0,47;;6
31/08/26;IBERDROLA;CALL;Mar-28;26,00;20.08;17,39;0,13;;1
31/08/26;IBERDROLA;CALL;Jun-28;10,00;20.08;26,72;1,00;;5
31/08/26;IBERDROLA;CALL;Jun-28;20,00;20.08;18,75;0,56;;1
31/08/26;IBERDROLA;CALL;Jun-28;22,50;20.08;18,33;0,36;;7
31/08/26;IBERDROLA;CALL;Jun-28;28,00;20.08;17,51;0,09;;15
31/08/26;IBERDROLA;CALL;Dic-28;16,00;20.08;21,63;0,84;;5.000
31/08/26;IBERDROLA;CALL;Dic-28;18,00;20.08;20,17;0,71;;500
31/08/26;IBERDROLA;CALL;Dic-28;18,50;20.08;19,80;0,67;;25
31/08/26;IBERDROLA;CALL;Dic-28;19,00;20.08;19,44;0,64;;1
31/08/26;IBERDROLA;CALL;Dic-28;24,00;20.08;18,19;0,29;;15
31/08/26;IBERDROLA;CALL;Dic-29;15,00;20.08;22,53;0,87;;1
31/08/26;IBERDROLA;CALL;Dic-29;18,00;20.08;20,49;0,69;;6.000
31/08/26;IBERDROLA;CALL;Dic-29;19,00;20.08;19,81;0,63;;25
31/08/26;IBERDROLA;CALL;Dic-29;21,50;20.08;18,95;0,47;;1
31/08/26;IBERDROLA;CALL;Dic-29;23,00;20.08;18,83;0,39;;2
31/08/26;IBERDROLA;CALL;Jun-30;21,00;20.08;19,93;0,51;;1
31/08/26;IBERDROLA;CALL;Dic-30;18,00;20.08;21,90;0,68;;245
31/08/26;IBERDROLA;PUT;Sep-26;9,75;20.08;27,65;;;25
31/08/26;IBERDROLA;PUT;Sep-26;13,00;20.08;23,23;;;153
31/08/26;IBERDROLA;PUT;Sep-26;13,50;20.08;22,55;;;44
31/08/26;IBERDROLA;PUT;Sep-26;14,00;20.08;21,87;;;135
31/08/26;IBERDROLA;PUT;Sep-26;14,50;20.08;21,19;;;135
31/08/26;IBERDROLA;PUT;Sep-26;15,00;20.08;20,51;;;51
31/08/26;IBERDROLA;PUT;Sep-26;15,50;20.08;19,82;;;12
31/08/26;IBERDROLA;PUT;Sep-26;16,00;20.08;19,14;;;1
31/08/26;IBERDROLA;PUT;Sep-26;16,50;20.08;18,46;;;63
31/08/26;IBERDROLA;PUT;Sep-26;17,00;20.08;17,78;;;5.020
31/08/26;IBERDROLA;PUT;Sep-26;17,50;20.08;17,10;;;12
31/08/26;IBERDROLA;PUT;Sep-26;18,00;20.08;16,42;;;530
31/08/26;IBERDROLA;PUT;Sep-26;18,50;20.08;15,74;-0,01;;30.000
31/08/26;IBERDROLA;PUT;Sep-26;19,00;20.08;15,06;-0,04;;20.000
31/08/26;IBERDROLA;PUT;Sep-26;19,50;20.08;14,38;-0,17;;12.524
31/08/26;IBERDROLA;PUT;Sep-26;19,75;20.08;14,04;-0,28;10;11
31/08/26;IBERDROLA;PUT;Sep-26;20,00;20.08;13,70;-0,43;2;5.117
31/08/26;IBERDROLA;PUT;Sep-26;20,50;20.08;13,56;-0,74;;256
31/08/26;IBERDROLA;PUT;Sep-26;21,00;20.08;13,53;-0,94;;2.513
31/08/26;IBERDROLA;PUT;Sep-26;21,50;20.08;13,50;-1,00;;2.503
31/08/26;IBERDROLA;PUT;Oct-26;19,00;20.08;15,70;-0,14;;10
31/08/26;IBERDROLA;PUT;Oct-26;19,50;20.08;15,04;-0,27;;1
31/08/26;IBERDROLA;PUT;Oct-26;20,00;20.08;14,38;-0,44;;1
31/08/26;IBERDROLA;PUT;Oct-26;20,50;20.08;14,25;-0,64;1;1
31/08/26;IBERDROLA;PUT;Oct-26;21,50;20.08;14,16;-0,93;;5
31/08/26;IBERDROLA;PUT;Nov-26;18,00;20.08;17,65;-0,08;;1
31/08/26;IBERDROLA;PUT;Nov-26;19,00;20.08;16,34;-0,21;2;2
31/08/26;IBERDROLA;PUT;Nov-26;19,50;20.08;15,68;-0,31;;1
31/08/26;IBERDROLA;PUT;Dic-26;9,00;20.08;29,88;;;2.000
31/08/26;IBERDROLA;PUT;Dic-26;9,50;20.08;29,22;;;2
31/08/26;IBERDROLA;PUT;Dic-26;9,75;20.08;28,90;;;25
31/08/26;IBERDROLA;PUT;Dic-26;10,50;20.08;27,91;;;502
31/08/26;IBERDROLA;PUT;Dic-26;11,00;20.08;27,26;;;1.348
31/08/26;IBERDROLA;PUT;Dic-26;11,50;20.08;26,60;;;26
31/08/26;IBERDROLA;PUT;Dic-26;12,00;20.08;25,95;;;10.150
31/08/26;IBERDROLA;PUT;Dic-26;13,00;20.08;24,63;;;21
31/08/26;IBERDROLA;PUT;Dic-26;13,50;20.08;23,98;;;10.000
31/08/26;IBERDROLA;PUT;Dic-26;14,00;20.08;23,32;;;15.010
31/08/26;IBERDROLA;PUT;Dic-26;14,50;20.08;22,67;;;10
31/08/26;IBERDROLA;PUT;Dic-26;15,00;20.08;22,01;-0,01;;2
31/08/26;IBERDROLA;PUT;Dic-26;15,50;20.08;21,36;-0,01;;30
31/08/26;IBERDROLA;PUT;Dic-26;16,00;20.08;20,70;-0,02;;34.287
31/08/26;IBERDROLA;PUT;Dic-26;16,50;20.08;20,04;-0,03;;255
31/08/26;IBERDROLA;PUT;Dic-26;17,00;20.08;19,39;-0,05;;67.047
31/08/26;IBERDROLA;PUT;Dic-26;17,50;20.08;18,73;-0,07;;10.005
31/08/26;IBERDROLA;PUT;Dic-26;18,00;20.08;18,08;-0,11;;83.783
31/08/26;IBERDROLA;PUT;Dic-26;18,50;20.08;17,42;-0,16;;7.408
31/08/26;IBERDROLA;PUT;Dic-26;19,00;20.08;16,77;-0,24;;7
31/08/26;IBERDROLA;PUT;Dic-26;19,50;20.08;16,11;-0,33;;16.528
31/08/26;IBERDROLA;PUT;Dic-26;20,00;20.08;15,45;-0,44;;81.018
31/08/26;IBERDROLA;PUT;Dic-26;20,50;20.08;15,29;-0,56;;1
31/08/26;IBERDROLA;PUT;Dic-26;21,00;20.08;15,23;-0,68;;888
31/08/26;IBERDROLA;PUT;Dic-26;21,50;20.08;15,16;-0,79;;12
31/08/26;IBERDROLA;PUT;Dic-26;22,00;20.08;15,10;-0,88;;2
31/08/26;IBERDROLA;PUT;Mar-27;10,50;20.08;27,07;;;1
31/08/26;IBERDROLA;PUT;Mar-27;14,00;20.08;23,12;-0,01;;1
31/08/26;IBERDROLA;PUT;Mar-27;15,00;20.08;21,99;-0,03;;1
31/08/26;IBERDROLA;PUT;Mar-27;16,00;20.08;20,87;-0,06;;14
31/08/26;IBERDROLA;PUT;Mar-27;16,50;20.08;20,30;-0,09;;4
31/08/26;IBERDROLA;PUT;Mar-27;18,00;20.08;18,61;-0,20;;4
31/08/26;IBERDROLA;PUT;Mar-27;18,50;20.08;18,04;-0,25;;2
31/08/26;IBERDROLA;PUT;Mar-27;19,00;20.08;17,48;-0,32;;1
31/08/26;IBERDROLA;PUT;Mar-27;19,50;20.08;16,91;-0,39;;302
31/08/26;IBERDROLA;PUT;Mar-27;20,00;20.08;16,35;-0,47;;60
31/08/26;IBERDROLA;PUT;Mar-27;24,00;20.08;15,22;-0,95;;1
31/08/26;IBERDROLA;PUT;Jun-27;15,00;20.08;21,97;-0,05;;13
31/08/26;IBERDROLA;PUT;Jun-27;16,00;20.08;20,97;-0,09;;1.020
31/08/26;IBERDROLA;PUT;Jun-27;16,50;20.08;20,48;-0,12;;9
31/08/26;IBERDROLA;PUT;Jun-27;17,00;20.08;19,98;-0,15;;5.517
31/08/26;IBERDROLA;PUT;Jun-27;17,50;20.08;19,48;-0,19;;5
31/08/26;IBERDROLA;PUT;Jun-27;18,00;20.08;18,98;-0,23;;9
31/08/26;IBERDROLA;PUT;Jun-27;19,00;20.08;17,99;-0,33;;9
31/08/26;IBERDROLA;PUT;Jun-27;19,50;20.08;17,49;-0,39;;50
31/08/26;IBERDROLA;PUT;Jun-27;20,00;20.08;16,99;-0,46;;11.513
31/08/26;IBERDROLA;PUT;Jun-27;23,00;20.08;16,13;-0,83;;2
31/08/26;IBERDROLA;PUT;Sep-27;16,00;20.08;21,03;-0,13;;35.000
31/08/26;IBERDROLA;PUT;Sep-27;16,50;20.08;20,57;-0,16;;200
31/08/26;IBERDROLA;PUT;Sep-27;17,00;20.08;20,10;-0,20;;100
31/08/26;IBERDROLA;PUT;Sep-27;17,50;20.08;19,64;-0,24;;200
31/08/26;IBERDROLA;PUT;Sep-27;18,00;20.08;19,17;-0,28;;5.300
31/08/26;IBERDROLA;PUT;Sep-27;19,00;20.08;18,24;-0,38;;50
31/08/26;IBERDROLA;PUT;Sep-27;19,50;20.08;17,78;-0,43;;50
31/08/26;IBERDROLA;PUT;Sep-27;20,00;20.08;17,31;-0,49;;25
31/08/26;IBERDROLA;PUT;Sep-27;20,50;20.08;17,14;-0,55;;50
31/08/26;IBERDROLA;PUT;Dic-27;9,50;20.08;26,33;;;2.000
31/08/26;IBERDROLA;PUT;Dic-27;10,00;20.08;25,89;-0,01;;5
31/08/26;IBERDROLA;PUT;Dic-27;11,50;20.08;24,57;-0,02;;1.800
31/08/26;IBERDROLA;PUT;Dic-27;12,00;20.08;24,13;-0,02;;30.000
31/08/26;IBERDROLA;PUT;Dic-27;13,00;20.08;23,25;-0,04;;35.000
31/08/26;IBERDROLA;PUT;Dic-27;14,00;20.08;22,37;-0,06;;10.000
31/08/26;IBERDROLA;PUT;Dic-27;14,50;20.08;21,93;-0,08;;20.000
31/08/26;IBERDROLA;PUT;Dic-27;16,00;20.08;20,61;-0,15;;25.000
31/08/26;IBERDROLA;PUT;Dic-27;16,50;20.08;20,17;-0,17;;2.002
31/08/26;IBERDROLA;PUT;Dic-27;17,00;20.08;19,73;-0,21;;2.750
31/08/26;IBERDROLA;PUT;Dic-27;17,50;20.08;19,29;-0,24;;460
31/08/26;IBERDROLA;PUT;Dic-27;18,00;20.08;18,85;-0,28;;409
31/08/26;IBERDROLA;PUT;Dic-27;18,50;20.08;18,41;-0,33;;175
31/08/26;IBERDROLA;PUT;Dic-27;19,00;20.08;17,97;-0,38;;1.811
31/08/26;IBERDROLA;PUT;Dic-27;19,50;20.08;17,53;-0,43;;25
31/08/26;IBERDROLA;PUT;Dic-27;20,00;20.08;17,09;-0,48;;9.250
31/08/26;IBERDROLA;PUT;Dic-27;21,00;20.08;16,82;-0,59;;1.250
31/08/26;IBERDROLA;PUT;Dic-27;22,00;20.08;16,61;-0,69;;50
31/08/26;IBERDROLA;PUT;Mar-28;18,00;20.08;18,40;-0,30;;200
31/08/26;IBERDROLA;PUT;Jun-28;13,00;20.08;21,99;-0,05;;150
31/08/26;IBERDROLA;PUT;Jun-28;14,00;20.08;21,19;-0,08;;150
31/08/26;IBERDROLA;PUT;Dic-28;15,00;20.08;19,48;-0,14;;5.000
31/08/26;IBERDROLA;PUT;Dic-28;21,50;20.08;15,60;-0,61;;4.000
31/08/26;IBERDROLA;PUT;Dic-28;24,00;20.08;15,31;-0,79;;1
31/08/26;IBERDROLA;PUT;Dic-29;19,00;20.08;16,24;-0,41;;2
31/08/26;IBERDROLA;PUT;Dic-30;14,50;20.08;19,02;-0,18;;5
31/08/26;IBERDROLA;CALL;Sep-26;13,50;20.08;23,24;1,00;;150
31/08/26;IBERDROLA;CALL;Sep-26;14,00;20.08;22,56;1,00;;300
31/08/26;IBERDROLA;CALL;Sep-26;20,00;20.08;14,39;0,57;;160
31/08/26;IBERDROLA;CALL;Sep-26;20,00;20.08;14,39;0,57;;10
31/08/26;IBERDROLA;CALL;Sep-26;20,50;20.08;14,25;0,27;;1
31/08/26;IBERDROLA;CALL;Sep-26;21,00;20.08;14,22;0,09;;13
31/08/26;IBERDROLA;CALL;Sep-26;22,00;20.08;14,15;;;2.043
31/08/26;IBERDROLA;CALL;Oct-26;22,00;20.08;14,39;0,05;;12.287
31/08/26;IBERDROLA;CALL;Dic-26;14,50;20.08;23,14;0,99;;510
31/08/26;IBERDROLA;CALL;Dic-26;18,00;20.08;18,55;0,88;;10
31/08/26;IBERDROLA;CALL;Dic-26;18,50;20.08;17,89;0,82;;200
31/08/26;IBERDROLA;CALL;Dic-26;19,00;20.08;17,24;0,75;;50
31/08/26;IBERDROLA;CALL;Dic-26;20,00;20.08;15,92;0,56;;10
31/08/26;IBERDROLA;CALL;Dic-26;20,50;20.08;15,76;0,45;;1
31/08/26;IBERDROLA;CALL;Dic-26;22,00;20.08;15,57;0,17;;17
31/08/26;IBERDROLA;CALL;Jun-27;24,00;20.08;16,55;0,14;;5
31/08/26;IBERDROLA;CALL;Dic-27;12,00;20.08;25,55;0,94;;2.000
31/08/26;IBERDROLA;CALL;Jun-30;21,00;20.08;19,93;0,46;;1
31/08/26;IBERDROLA;PUT;Sep-26;13,00;20.08;23,23;;;500
31/08/26;IBERDROLA;PUT;Sep-26;15,00;20.08;20,51;;;800
31/08/26;IBERDROLA;PUT;Sep-26;18,50;20.08;15,74;-0,01;;25
31/08/26;IBERDROLA;PUT;Sep-26;20,25;20.08;13,58;-0,59;;2
31/08/26;IBERDROLA;PUT;Sep-26;21,00;20.08;13,53;-0,92;;10
31/08/26;IBERDROLA;PUT;Dic-26;15,00;20.08;22,01;-0,01;;600
31/08/26;IBERDROLA;PUT;Dic-26;16,00;20.08;20,70;-0,02;;1
31/08/26;IBERDROLA;PUT;Dic-26;19,00;20.08;16,77;-0,23;;21
31/08/26;IBERDROLA;PUT;Dic-26;19,50;20.08;16,11;-0,32;;4
31/08/26;IBERDROLA;PUT;Dic-26;20,00;20.08;15,45;-0,43;;1
31/08/26;IBERDROLA;PUT;Dic-26;21,00;20.08;15,23;-0,65;;10
31/08/26;IBERDROLA;PUT;Dic-26;21,00;20.08;15,23;-0,65;;10
31/08/26;IBERDROLA;PUT;Dic-26;22,00;20.08;15,10;-0,83;;10
31/08/26;IBERDROLA;PUT;Dic-27;12,00;20.08;24,13;-0,02;;2.000
31/08/26;INDITEX;CALL;Sep-26;40,63;58.0;44,22;1,00;;25
31/08/26;INDITEX;CALL;Sep-26;41,60;58.0;43,35;1,00;;50
31/08/26;INDITEX;CALL;Sep-26;43,54;58.0;41,60;1,00;;50
31/08/26;INDITEX;CALL;Sep-26;44,49;58.0;40,74;1,00;;25
31/08/26;INDITEX;CALL;Sep-26;45,47;58.0;39,86;1,00;;75
31/08/26;INDITEX;CALL;Sep-26;46,44;58.0;38,98;1,00;;50
31/08/26;INDITEX;CALL;Sep-26;47,41;58.0;38,11;0,99;;50
31/08/26;INDITEX;CALL;Sep-26;48,38;58.0;37,23;0,99;;25
31/08/26;INDITEX;CALL;Sep-26;50,31;58.0;35,49;0,97;;25
31/08/26;INDITEX;CALL;Sep-26;52,25;58.0;33,74;0,93;;100
31/08/26;INDITEX;CALL;Sep-26;54,17;58.0;32,01;0,84;;382
31/08/26;INDITEX;CALL;Sep-26;56,11;58.0;30,26;0,71;;1.757
31/08/26;INDITEX;CALL;Sep-26;58,05;58.0;28,54;0,51;;22
31/08/26;INDITEX;CALL;Sep-26;59,99;58.0;28,06;0,31;;233
31/08/26;INDITEX;CALL;Sep-26;61,92;58.0;27,58;0,16;;25
31/08/26;INDITEX;CALL;Sep-26;65,78;58.0;26,63;0,02;;10
31/08/26;INDITEX;CALL;Oct-26;61,92;58.0;23,59;0,24;;3
31/08/26;INDITEX;CALL;Oct-26;63,85;58.0;23,22;0,14;28;103
31/08/26;INDITEX;CALL;Nov-26;65,78;58.0;22,32;0,13;;100
31/08/26;INDITEX;CALL;Dic-26;35,80;58.0;38,98;1,00;;3
31/08/26;INDITEX;CALL;Dic-26;38,70;58.0;37,16;0,99;;1
31/08/26;INDITEX;CALL;Dic-26;39,67;58.0;36,55;0,98;;52
31/08/26;INDITEX;CALL;Dic-26;40,63;58.0;35,95;0,98;;25
31/08/26;INDITEX;CALL;Dic-26;44,49;58.0;33,53;0,95;;120
31/08/26;INDITEX;CALL;Dic-26;46,44;58.0;32,31;0,92;;26
31/08/26;INDITEX;CALL;Dic-26;47,41;58.0;31,70;0,91;;325
31/08/26;INDITEX;CALL;Dic-26;48,38;58.0;31,10;0,88;;400
31/08/26;INDITEX;CALL;Dic-26;50,31;58.0;29,89;0,84;;50
31/08/26;INDITEX;CALL;Dic-26;52,25;58.0;28,67;0,78;;31
31/08/26;INDITEX;CALL;Dic-26;54,17;58.0;27,47;0,71;;59
31/08/26;INDITEX;CALL;Dic-26;56,11;58.0;26,25;0,63;;149
31/08/26;INDITEX;CALL;Dic-26;58,05;58.0;25,06;0,53;;645
31/08/26;INDITEX;CALL;Dic-26;59,99;58.0;24,75;0,43;;201
31/08/26;INDITEX;CALL;Dic-26;61,92;58.0;24,44;0,34;;253
31/08/26;INDITEX;CALL;Dic-26;63,85;58.0;24,13;0,26;;211
31/08/26;INDITEX;CALL;Dic-26;65,78;58.0;23,82;0,19;;17
31/08/26;INDITEX;CALL;Dic-26;67,72;58.0;23,51;0,13;;15
31/08/26;INDITEX;CALL;Dic-26;69,66;58.0;23,19;0,09;;11
31/08/26;INDITEX;CALL;Dic-26;71,60;58.0;22,88;0,05;;3
31/08/26;INDITEX;CALL;Mar-27;52,25;58.0;28,50;0,74;;100
31/08/26;INDITEX;CALL;Mar-27;54,17;58.0;27,48;0,68;;3
31/08/26;INDITEX;CALL;Mar-27;63,85;58.0;24,62;0,35;;400
31/08/26;INDITEX;CALL;Mar-27;65,78;58.0;24,36;0,29;;300
31/08/26;INDITEX;CALL;Mar-27;67,72;58.0;24,09;0,23;;75
31/08/26;INDITEX;CALL;Mar-27;69,66;58.0;23,82;0,18;;25
31/08/26;INDITEX;CALL;Mar-27;71,60;58.0;23,55;0,14;;20
31/08/26;INDITEX;CALL;Mar-27;73,53;58.0;23,29;0,11;;20
31/08/26;INDITEX;CALL;Jun-27;38,70;58.0;34,48;0,94;;150
31/08/26;INDITEX;CALL;Jun-27;45,47;58.0;31,52;0,86;;25
31/08/26;INDITEX;CALL;Jun-27;50,31;58.0;29,41;0,77;;25
31/08/26;INDITEX;CALL;Jun-27;58,05;58.0;26,04;0,56;;150
31/08/26;INDITEX;CALL;Jun-27;59,99;58.0;25,74;0,50;;188
31/08/26;INDITEX;CALL;Jun-27;61,92;58.0;25,44;0,44;;100
31/08/26;INDITEX;CALL;Jun-27;69,66;58.0;24,24;0,24;;100
31/08/26;INDITEX;CALL;Jun-27;71,60;58.0;23,94;0,20;;25
31/08/26;INDITEX;CALL;Jun-27;73,53;58.0;23,64;0,16;;50
31/08/26;INDITEX;CALL;Sep-27;59,99;58.0;26,13;0,52;;25
31/08/26;INDITEX;CALL;Sep-27;63,85;58.0;25,62;0,42;;25
31/08/26;INDITEX;CALL;Sep-27;69,66;58.0;24,85;0,28;;1
31/08/26;INDITEX;CALL;Sep-27;71,60;58.0;24,59;0,25;;25
31/08/26;INDITEX;CALL;Dic-27;37,73;58.0;33,31;0,92;;25
31/08/26;INDITEX;CALL;Dic-27;38,70;58.0;33,00;0,91;;1
31/08/26;INDITEX;CALL;Dic-27;39,67;58.0;32,69;0,90;;1
31/08/26;INDITEX;CALL;Dic-27;43,54;58.0;31,44;0,85;;50
31/08/26;INDITEX;CALL;Dic-27;45,47;58.0;30,82;0,82;;25
31/08/26;INDITEX;CALL;Dic-27;47,41;58.0;30,20;0,79;;25
31/08/26;INDITEX;CALL;Dic-27;52,25;58.0;28,64;0,70;;25
31/08/26;INDITEX;CALL;Dic-27;54,17;58.0;28,02;0,66;;25
31/08/26;INDITEX;CALL;Dic-27;59,99;58.0;26,55;0,53;;25
31/08/26;INDITEX;CALL;Dic-27;61,92;58.0;26,32;0,48;;175
31/08/26;INDITEX;CALL;Dic-27;63,85;58.0;26,08;0,44;;500
31/08/26;INDITEX;CALL;Dic-27;65,78;58.0;25,85;0,40;;10
31/08/26;INDITEX;CALL;Dic-27;71,60;58.0;25,15;0,29;;1
31/08/26;INDITEX;CALL;Mar-28;33,30;58.0;35,00;0,95;;1
31/08/26;INDITEX;CALL;Mar-28;52,89;58.0;28,81;0,69;;50
31/08/26;INDITEX;CALL;Mar-28;54,86;58.0;28,18;0,65;;75
31/08/26;INDITEX;CALL;Mar-28;56,81;58.0;27,57;0,61;;75
31/08/26;INDITEX;CALL;Mar-28;58,77;58.0;27,09;0,57;;50
31/08/26;INDITEX;CALL;Mar-28;60,73;58.0;26,83;0,53;;25
31/08/26;INDITEX;CALL;Mar-28;64,65;58.0;26,31;0,45;;25
31/08/26;INDITEX;CALL;Mar-28;66,60;58.0;26,05;0,41;;25
31/08/26;INDITEX;CALL;Mar-28;68,56;58.0;25,79;0,38;;25
31/08/26;INDITEX;CALL;Mar-28;70,53;58.0;25,53;0,34;;25
31/08/26;INDITEX;CALL;Mar-28;72,49;58.0;25,27;0,31;;25
31/08/26;INDITEX;CALL;Jun-28;42,12;58.0;32,19;0,85;;25
31/08/26;INDITEX;CALL;Jun-28;43,10;58.0;31,88;0,84;;25
31/08/26;INDITEX;CALL;Jun-28;56,81;58.0;27,63;0,62;;25
31/08/26;INDITEX;CALL;Jun-28;58,77;58.0;27,16;0,58;;50
31/08/26;INDITEX;CALL;Jun-28;66,60;58.0;26,17;0,43;;50
31/08/26;INDITEX;CALL;Jun-28;68,56;58.0;25,92;0,39;;25
31/08/26;INDITEX;CALL;Jun-28;70,53;58.0;25,68;0,36;;25
31/08/26;INDITEX;CALL;Jun-28;72,49;58.0;25,43;0,33;;25
31/08/26;INDITEX;CALL;Dic-28;49,44;58.0;29,33;0,74;;2
31/08/26;INDITEX;CALL;Dic-28;67,24;58.0;26,17;0,45;;490
31/08/26;INDITEX;CALL;Dic-29;43,51;58.0;28,87;0,81;;220
31/08/26;INDITEX;PUT;Sep-26;35,80;58.0;49,01;;;1
31/08/26;INDITEX;PUT;Sep-26;36,76;58.0;48,14;;;27
31/08/26;INDITEX;PUT;Sep-26;38,70;58.0;46,39;;;25
31/08/26;INDITEX;PUT;Sep-26;39,67;58.0;45,52;;;26
31/08/26;INDITEX;PUT;Sep-26;40,63;58.0;44,65;;;28
31/08/26;INDITEX;PUT;Sep-26;41,60;58.0;43,78;;;240
31/08/26;INDITEX;PUT;Sep-26;42,57;58.0;42,90;;;300
31/08/26;INDITEX;PUT;Sep-26;43,54;58.0;42,03;;;25
31/08/26;INDITEX;PUT;Sep-26;44,49;58.0;41,17;;;51
31/08/26;INDITEX;PUT;Sep-26;45,47;58.0;40,29;;;51
31/08/26;INDITEX;PUT;Sep-26;46,44;58.0;39,41;;;75
31/08/26;INDITEX;PUT;Sep-26;47,41;58.0;38,54;-0,01;;30
31/08/26;INDITEX;PUT;Sep-26;48,38;58.0;37,66;-0,01;;82
31/08/26;INDITEX;PUT;Sep-26;50,31;58.0;35,92;-0,03;;101
31/08/26;INDITEX;PUT;Sep-26;52,00;58.0;34,39;-0,07;;4.006
31/08/26;INDITEX;PUT;Sep-26;52,25;58.0;34,17;-0,08;;27
31/08/26;INDITEX;PUT;Sep-26;54,17;58.0;32,44;-0,16;1;375
31/08/26;INDITEX;PUT;Sep-26;56,11;58.0;30,69;-0,30;;2
31/08/26;INDITEX;PUT;Sep-26;58,05;58.0;28,97;-0,49;;18
31/08/26;INDITEX;PUT;Sep-26;59,99;58.0;28,49;-0,69;;6
31/08/26;INDITEX;PUT;Oct-26;48,38;58.0;31,51;-0,04;;2
31/08/26;INDITEX;PUT;Oct-26;50,00;58.0;30,31;-0,07;;2
31/08/26;INDITEX;PUT;Oct-26;50,31;58.0;30,08;-0,08;;1
31/08/26;INDITEX;PUT;Oct-26;52,25;58.0;28,64;-0,14;;2
31/08/26;INDITEX;PUT;Oct-26;54,17;58.0;27,22;-0,22;1;3
31/08/26;INDITEX;PUT;Oct-26;56,11;58.0;25,78;-0,33;;2
31/08/26;INDITEX;PUT;Dic-26;32,90;58.0;39,60;;;26
31/08/26;INDITEX;PUT;Dic-26;33,87;58.0;39,00;;;21
31/08/26;INDITEX;PUT;Dic-26;34,83;58.0;38,39;-0,01;;25
31/08/26;INDITEX;PUT;Dic-26;35,80;58.0;37,79;-0,01;;25
31/08/26;INDITEX;PUT;Dic-26;36,76;58.0;37,19;-0,01;;26
31/08/26;INDITEX;PUT;Dic-26;37,73;58.0;36,58;-0,01;;150
31/08/26;INDITEX;PUT;Dic-26;38,70;58.0;35,97;-0,01;;150
31/08/26;INDITEX;PUT;Dic-26;39,67;58.0;35,36;-0,02;;11
31/08/26;INDITEX;PUT;Dic-26;40,63;58.0;34,76;-0,02;;2
31/08/26;INDITEX;PUT;Dic-26;41,60;58.0;34,15;-0,03;;86
31/08/26;INDITEX;PUT;Dic-26;42,57;58.0;33,55;-0,04;;150
31/08/26;INDITEX;PUT;Dic-26;43,54;58.0;32,94;-0,05;;75
31/08/26;INDITEX;PUT;Dic-26;44,49;58.0;32,34;-0,06;;62
31/08/26;INDITEX;PUT;Dic-26;45,47;58.0;31,73;-0,07;;35
31/08/26;INDITEX;PUT;Dic-26;46,44;58.0;31,12;-0,08;;253
31/08/26;INDITEX;PUT;Dic-26;47,41;58.0;30,51;-0,10;;2.409
31/08/26;INDITEX;PUT;Dic-26;48,38;58.0;29,91;-0,12;;76
31/08/26;INDITEX;PUT;Dic-26;50,31;58.0;28,70;-0,16;;170
31/08/26;INDITEX;PUT;Dic-26;52,25;58.0;27,48;-0,22;;27
31/08/26;INDITEX;PUT;Dic-26;54,17;58.0;26,28;-0,29;;25
31/08/26;INDITEX;PUT;Dic-26;56,11;58.0;25,06;-0,38;;210
31/08/26;INDITEX;PUT;Dic-26;59,99;58.0;23,56;-0,58;;176
31/08/26;INDITEX;PUT;Dic-26;71,60;58.0;21,69;-0,96;1;
31/08/26;INDITEX;PUT;Mar-27;33,87;58.0;36,42;-0,02;;50
31/08/26;INDITEX;PUT;Mar-27;34,83;58.0;35,90;-0,02;;50
31/08/26;INDITEX;PUT;Mar-27;35,80;58.0;35,39;-0,02;;75
31/08/26;INDITEX;PUT;Mar-27;36,76;58.0;34,87;-0,03;;75
31/08/26;INDITEX;PUT;Mar-27;37,73;58.0;34,35;-0,03;;25
31/08/26;INDITEX;PUT;Mar-27;38,70;58.0;33,84;-0,04;;25
31/08/26;INDITEX;PUT;Mar-27;39,67;58.0;33,32;-0,05;;52
31/08/26;INDITEX;PUT;Mar-27;40,63;58.0;32,80;-0,05;;78
31/08/26;INDITEX;PUT;Mar-27;41,60;58.0;32,29;-0,06;;1
31/08/26;INDITEX;PUT;Mar-27;42,57;58.0;31,77;-0,07;;1
31/08/26;INDITEX;PUT;Mar-27;44,49;58.0;30,74;-0,09;;8
31/08/26;INDITEX;PUT;Mar-27;45,47;58.0;30,22;-0,11;;4
31/08/26;INDITEX;PUT;Mar-27;50,00;58.0;27,80;-0,20;;3.000
31/08/26;INDITEX;PUT;Mar-27;50,31;58.0;27,63;-0,20;;102
31/08/26;INDITEX;PUT;Mar-27;52,25;58.0;26,59;-0,26;;100
31/08/26;INDITEX;PUT;Mar-27;54,17;58.0;25,57;-0,32;;5
31/08/26;INDITEX;PUT;Jun-27;26,12;58.0;37,84;-0,01;;1
31/08/26;INDITEX;PUT;Jun-27;30,96;58.0;35,73;-0,02;;150
31/08/26;INDITEX;PUT;Jun-27;33,87;58.0;34,46;-0,03;;200
31/08/26;INDITEX;PUT;Jun-27;34,83;58.0;34,04;-0,03;;180
31/08/26;INDITEX;PUT;Jun-27;36,76;58.0;33,20;-0,05;;25
31/08/26;INDITEX;PUT;Jun-27;38,70;58.0;32,35;-0,06;;150
31/08/26;INDITEX;PUT;Jun-27;39,67;58.0;31,93;-0,07;;101
31/08/26;INDITEX;PUT;Jun-27;41,60;58.0;31,08;-0,09;;176
31/08/26;INDITEX;PUT;Jun-27;42,57;58.0;30,66;-0,10;;150
31/08/26;INDITEX;PUT;Jun-27;43,54;58.0;30,24;-0,12;;150
31/08/26;INDITEX;PUT;Jun-27;44,49;58.0;29,82;-0,13;;50
31/08/26;INDITEX;PUT;Jun-27;46,44;58.0;28,97;-0,16;;25
31/08/26;INDITEX;PUT;Jun-27;47,41;58.0;28,55;-0,18;;153
31/08/26;INDITEX;PUT;Jun-27;48,38;58.0;28,12;-0,20;;150
31/08/26;INDITEX;PUT;Jun-27;50,31;58.0;27,28;-0,24;;3
31/08/26;INDITEX;PUT;Jun-27;52,25;58.0;26,43;-0,29;;150
31/08/26;INDITEX;PUT;Jun-27;56,11;58.0;24,75;-0,40;;25
31/08/26;INDITEX;PUT;Jun-27;65,78;58.0;22,71;-0,70;;1
31/08/26;INDITEX;PUT;Sep-27;43,54;58.0;29,46;-0,13;;25
31/08/26;INDITEX;PUT;Sep-27;44,49;58.0;29,11;-0,15;;25
31/08/26;INDITEX;PUT;Sep-27;45,47;58.0;28,75;-0,16;;25
31/08/26;INDITEX;PUT;Sep-27;46,44;58.0;28,39;-0,18;;25
31/08/26;INDITEX;PUT;Sep-27;73,53;58.0;22,09;-0,84;;1
31/08/26;INDITEX;PUT;Dic-27;21,29;58.0;36,40;;;2
31/08/26;INDITEX;PUT;Dic-27;33,87;58.0;32,36;-0,05;;100
31/08/26;INDITEX;PUT;Dic-27;36,76;58.0;31,43;-0,07;;25
31/08/26;INDITEX;PUT;Dic-27;37,73;58.0;31,11;-0,08;;25
31/08/26;INDITEX;PUT;Dic-27;43,54;58.0;29,24;-0,15;;10
31/08/26;INDITEX;PUT;Dic-27;45,47;58.0;28,62;-0,18;;1.100
31/08/26;INDITEX;PUT;Dic-27;46,44;58.0;28,31;-0,19;;150
31/08/26;INDITEX;PUT;Dic-27;47,41;58.0;28,00;-0,21;;325
31/08/26;INDITEX;PUT;Dic-27;48,38;58.0;27,69;-0,23;;175
31/08/26;INDITEX;PUT;Dic-27;50,31;58.0;27,06;-0,26;;350
31/08/26;INDITEX;PUT;Dic-27;52,25;58.0;26,44;-0,30;;375
31/08/26;INDITEX;PUT;Dic-27;54,17;58.0;25,82;-0,35;;450
31/08/26;INDITEX;PUT;Dic-27;56,11;58.0;25,20;-0,40;;500
31/08/26;INDITEX;PUT;Dic-27;58,05;58.0;24,58;-0,44;;50
31/08/26;INDITEX;PUT;Dic-27;59,99;58.0;24,35;-0,49;;25
31/08/26;INDITEX;PUT;Jun-28;43,10;58.0;28,78;-0,16;;25
31/08/26;INDITEX;PUT;Jun-28;44,08;58.0;28,48;-0,18;;25
31/08/26;INDITEX;PUT;Jun-28;45,06;58.0;28,18;-0,19;;25
31/08/26;INDITEX;PUT;Jun-28;47,99;58.0;27,27;-0,24;;25
31/08/26;INDITEX;PUT;Dic-28;51,42;58.0;25,85;-0,30;;25
31/08/26;INDITEX;PUT;Dic-29;43,51;58.0;26,92;-0,19;;220
31/08/26;INDITEX;CALL;Sep-26;49,44;58.0;36,27;0,98;;5
31/08/26;INDITEX;CALL;Sep-26;54,17;58.0;32,01;0,84;;7
31/08/26;INDITEX;CALL;Sep-26;56,11;58.0;30,26;0,70;;6
31/08/26;INDITEX;CALL;Sep-26;57,35;58.0;29,14;0,59;;5
31/08/26;INDITEX;CALL;Sep-26;59,99;58.0;28,06;0,31;;7
31/08/26;INDITEX;CALL;Sep-26;61,30;58.0;27,73;0,20;;944
31/08/26;INDITEX;CALL;Sep-26;63,28;58.0;27,25;0,08;;1.888
31/08/26;INDITEX;CALL;Oct-26;61,30;58.0;23,70;0,28;;5.945
31/08/26;INDITEX;CALL;Oct-26;63,85;58.0;23,22;0,14;;1
31/08/26;INDITEX;CALL;Dic-26;56,11;58.0;26,25;0,62;;26
31/08/26;INDITEX;CALL;Dic-26;58,05;58.0;25,06;0,53;;1
31/08/26;INDITEX;PUT;Sep-26;41,60;58.0;43,78;;;165
31/08/26;INDITEX;PUT;Sep-26;42,57;58.0;42,90;;;150
31/08/26;INDITEX;PUT;Sep-26;43,54;58.0;42,03;;;15
31/08/26;INDITEX;PUT;Sep-26;44,49;58.0;41,17;;;10
31/08/26;INDITEX;PUT;Sep-26;50,31;58.0;35,92;-0,03;;6
31/08/26;INDITEX;PUT;Sep-26;54,17;58.0;32,44;-0,16;;7
31/08/26;INDITEX;PUT;Sep-26;56,11;58.0;30,69;-0,30;;3
31/08/26;INDITEX;PUT;Oct-26;56,11;58.0;25,78;-0,33;;1
31/08/26;INDITEX;PUT;Dic-26;42,57;58.0;33,55;-0,04;;120
31/08/26;INDITEX;PUT;Dic-26;46,44;58.0;31,12;-0,08;;1
31/08/26;INDITEX;PUT;Mar-27;42,57;58.0;31,77;-0,07;;1
31/08/26;INDITEX;PUT;Dic-27;59,99;58.0;24,35;-0,46;;10
31/08/26;INDITEX;PUT;Dic-27;63,85;58.0;23,88;-0,55;;1
31/08/26;INDRA;CALL;Sep-26;18,00;61.2;60,32;1,00;;1
31/08/26;INDRA;CALL;Sep-26;26,00;61.2;56,79;1,00;;1
31/08/26;INDRA;CALL;Sep-26;37,00;61.2;51,94;1,00;;28
31/08/26;INDRA;CALL;Sep-26;50,00;61.2;46,20;0,98;;84
31/08/26;INDRA;CALL;Sep-26;52,00;61.2;45,32;0,95;;11
31/08/26;INDRA;CALL;Sep-26;54,00;61.2;44,44;0,91;;11
31/08/26;INDRA;CALL;Sep-26;56,00;61.2;43,55;0,84;;1
31/08/26;INDRA;CALL;Sep-26;60,00;61.2;41,79;0,61;;131
31/08/26;INDRA;CALL;Sep-26;62,00;61.2;41,07;0,47;4;26
31/08/26;INDRA;CALL;Sep-26;64,00;61.2;40,59;0,33;;3
31/08/26;INDRA;CALL;Sep-26;66,00;61.2;40,11;0,21;;5
31/08/26;INDRA;CALL;Sep-26;68,00;61.2;39,63;0,13;;5
31/08/26;INDRA;CALL;Sep-26;70,00;61.2;39,15;0,07;;116
31/08/26;INDRA;CALL;Oct-26;68,00;61.2;39,24;0,25;;6
31/08/26;INDRA;CALL;Oct-26;70,00;61.2;38,76;0,19;;13
31/08/26;INDRA;CALL;Oct-26;86,00;61.2;34,93;;;4
31/08/26;INDRA;CALL;Dic-26;30,00;61.2;53,66;1,00;;25
31/08/26;INDRA;CALL;Dic-26;31,00;61.2;53,31;0,99;;25
31/08/26;INDRA;CALL;Dic-26;32,00;61.2;52,96;0,99;;25
31/08/26;INDRA;CALL;Dic-26;35,00;61.2;51,91;0,98;;25
31/08/26;INDRA;CALL;Dic-26;45,00;61.2;48,43;0,91;;21
31/08/26;INDRA;CALL;Dic-26;47,00;61.2;47,73;0,88;;4
31/08/26;INDRA;CALL;Dic-26;48,00;61.2;47,38;0,86;;5
31/08/26;INDRA;CALL;Dic-26;50,00;61.2;46,68;0,83;;5
31/08/26;INDRA;CALL;Dic-26;52,00;61.2;45,99;0,79;;2
31/08/26;INDRA;CALL;Dic-26;54,00;61.2;45,29;0,74;;130
31/08/26;INDRA;CALL;Dic-26;56,00;61.2;44,59;0,70;;50
31/08/26;INDRA;CALL;Dic-26;58,00;61.2;43,90;0,65;;82
31/08/26;INDRA;CALL;Dic-26;60,00;61.2;43,20;0,59;;196
31/08/26;INDRA;CALL;Dic-26;62,00;61.2;42,56;0,54;;1
31/08/26;INDRA;CALL;Dic-26;64,00;61.2;42,02;0,48;;15
31/08/26;INDRA;CALL;Dic-26;66,00;61.2;41,47;0,43;;89
31/08/26;INDRA;CALL;Dic-26;68,00;61.2;40,93;0,37;;12
31/08/26;INDRA;CALL;Dic-26;70,00;61.2;40,38;0,32;;20
31/08/26;INDRA;CALL;Dic-26;74,00;61.2;39,29;0,23;;15
31/08/26;INDRA;CALL;Mar-27;49,00;61.2;46,44;0,80;;1
31/08/26;INDRA;CALL;Mar-27;60,00;61.2;42,54;0,60;;1
31/08/26;INDRA;CALL;Mar-27;62,00;61.2;42,09;0,56;;26
31/08/26;INDRA;CALL;Mar-27;70,00;61.2;41,74;0,41;;11
31/08/26;INDRA;CALL;Jun-27;41,00;61.2;47,57;0,89;;6
31/08/26;INDRA;CALL;Jun-27;50,00;61.2;45,22;0,77;;1
31/08/26;INDRA;CALL;Jun-27;60,00;61.2;42,60;0,62;;3
31/08/26;INDRA;CALL;Jun-27;66,00;61.2;42,26;0,52;;1
31/08/26;INDRA;CALL;Jun-27;70,00;61.2;42,24;0,46;;11
31/08/26;INDRA;CALL;Jun-27;78,00;61.2;42,20;0,35;;2
31/08/26;INDRA;CALL;Sep-27;20,00;61.2;52,52;0,99;;1
31/08/26;INDRA;CALL;Sep-27;33,00;61.2;49,27;0,94;;2
31/08/26;INDRA;CALL;Sep-27;36,00;61.2;48,51;0,92;;1
31/08/26;INDRA;CALL;Sep-27;58,00;61.2;43,00;0,65;;1
31/08/26;INDRA;CALL;Sep-28;52,00;61.2;39,37;0,74;;25
31/08/26;INDRA;CALL;Dic-28;62,00;61.2;37,20;0,64;;25
31/08/26;INDRA;PUT;Sep-26;24,00;61.2;57,04;;;4
31/08/26;INDRA;PUT;Sep-26;26,00;61.2;56,16;;;4
31/08/26;INDRA;PUT;Sep-26;30,00;61.2;54,39;;;45
31/08/26;INDRA;PUT;Sep-26;31,00;61.2;53,95;;;50
31/08/26;INDRA;PUT;Sep-26;35,00;61.2;52,19;;;1
31/08/26;INDRA;PUT;Sep-26;36,00;61.2;51,75;;;2
31/08/26;INDRA;PUT;Sep-26;37,00;61.2;51,31;;;13
31/08/26;INDRA;PUT;Sep-26;39,00;61.2;50,42;;;4
31/08/26;INDRA;PUT;Sep-26;40,00;61.2;49,98;;;2
31/08/26;INDRA;PUT;Sep-26;41,00;61.2;49,54;;;20
31/08/26;INDRA;PUT;Sep-26;42,00;61.2;49,10;;;6
31/08/26;INDRA;PUT;Sep-26;43,00;61.2;48,66;;;95
31/08/26;INDRA;PUT;Sep-26;44,00;61.2;48,22;;;21
31/08/26;INDRA;PUT;Sep-26;45,00;61.2;47,78;;;2
31/08/26;INDRA;PUT;Sep-26;46,00;61.2;47,34;;4;760
31/08/26;INDRA;PUT;Sep-26;47,00;61.2;46,89;;;1
31/08/26;INDRA;PUT;Sep-26;48,00;61.2;46,45;-0,01;;17
31/08/26;INDRA;PUT;Sep-26;49,00;61.2;46,01;-0,01;;2
31/08/26;INDRA;PUT;Sep-26;50,00;61.2;45,57;-0,02;;500
31/08/26;INDRA;PUT;Sep-26;52,00;61.2;44,69;-0,04;;72
31/08/26;INDRA;PUT;Sep-26;54,00;61.2;43,81;-0,09;;11
31/08/26;INDRA;PUT;Sep-26;56,00;61.2;42,92;-0,16;;21
31/08/26;INDRA;PUT;Sep-26;58,00;61.2;42,04;-0,26;;4
31/08/26;INDRA;PUT;Sep-26;60,00;61.2;41,16;-0,39;;63
31/08/26;INDRA;PUT;Sep-26;62,00;61.2;40,44;-0,54;;3
31/08/26;INDRA;PUT;Sep-26;64,00;61.2;39,96;-0,67;;9
31/08/26;INDRA;PUT;Sep-26;66,00;61.2;39,48;-0,79;;3
31/08/26;INDRA;PUT;Oct-26;38,00;61.2;49,51;;;5
31/08/26;INDRA;PUT;Oct-26;44,00;61.2;47,16;-0,02;;1
31/08/26;INDRA;PUT;Oct-26;46,00;61.2;46,37;-0,03;;2
31/08/26;INDRA;PUT;Oct-26;47,00;61.2;45,98;-0,04;;1
31/08/26;INDRA;PUT;Oct-26;48,00;61.2;45,59;-0,06;;2
31/08/26;INDRA;PUT;Oct-26;50,00;61.2;44,80;-0,09;;3
31/08/26;INDRA;PUT;Oct-26;52,00;61.2;44,02;-0,13;;1
31/08/26;INDRA;PUT;Oct-26;54,00;61.2;43,23;-0,18;;5
31/08/26;INDRA;PUT;Oct-26;56,00;61.2;42,45;-0,25;;10
31/08/26;INDRA;PUT;Oct-26;58,00;61.2;41,66;-0,33;;2
31/08/26;INDRA;PUT;Oct-26;60,00;61.2;40,88;-0,41;;25
31/08/26;INDRA;PUT;Oct-26;72,00;61.2;37,82;-0,88;;3
31/08/26;INDRA;PUT;Nov-26;52,00;61.2;44,90;-0,19;;2
31/08/26;INDRA;PUT;Dic-26;28,00;61.2;54,10;;;1
31/08/26;INDRA;PUT;Dic-26;30,00;61.2;53,41;;;5
31/08/26;INDRA;PUT;Dic-26;31,00;61.2;53,06;-0,01;;1
31/08/26;INDRA;PUT;Dic-26;32,00;61.2;52,71;-0,01;;10
31/08/26;INDRA;PUT;Dic-26;35,00;61.2;51,66;-0,02;;11
31/08/26;INDRA;PUT;Dic-26;37,00;61.2;50,97;-0,02;;6
31/08/26;INDRA;PUT;Dic-26;38,00;61.2;50,62;-0,03;;1
31/08/26;INDRA;PUT;Dic-26;40,00;61.2;49,92;-0,04;;11
31/08/26;INDRA;PUT;Dic-26;42,00;61.2;49,22;-0,06;;10
31/08/26;INDRA;PUT;Dic-26;44,00;61.2;48,53;-0,08;;2
31/08/26;INDRA;PUT;Dic-26;45,00;61.2;48,18;-0,09;;2
31/08/26;INDRA;PUT;Dic-26;46,00;61.2;47,83;-0,11;;8
31/08/26;INDRA;PUT;Dic-26;47,00;61.2;47,48;-0,12;;9
31/08/26;INDRA;PUT;Dic-26;48,00;61.2;47,13;-0,14;;20
31/08/26;INDRA;PUT;Dic-26;50,00;61.2;46,43;-0,17;1;2
31/08/26;INDRA;PUT;Dic-26;52,00;61.2;45,74;-0,21;;78
31/08/26;INDRA;PUT;Dic-26;54,00;61.2;45,04;-0,26;;101
31/08/26;INDRA;PUT;Dic-26;58,00;61.2;43,65;-0,36;;25
31/08/26;INDRA;PUT;Dic-26;60,00;61.2;42,95;-0,41;;50
31/08/26;INDRA;PUT;Dic-26;62,00;61.2;42,31;-0,47;;35
31/08/26;INDRA;PUT;Dic-26;70,00;61.2;40,13;-0,69;;1
31/08/26;INDRA;PUT;Mar-27;37,00;61.2;50,56;-0,06;;2
31/08/26;INDRA;PUT;Mar-27;39,00;61.2;49,85;-0,08;;1
31/08/26;INDRA;PUT;Mar-27;42,00;61.2;48,79;-0,11;;2
31/08/26;INDRA;PUT;Mar-27;43,00;61.2;48,43;-0,12;;1
31/08/26;INDRA;PUT;Mar-27;45,00;61.2;47,73;-0,14;;1
31/08/26;INDRA;PUT;Mar-27;49,00;61.2;46,31;-0,20;10;10
31/08/26;INDRA;PUT;Mar-27;50,00;61.2;45,96;-0,21;;10
31/08/26;INDRA;PUT;Mar-27;52,00;61.2;45,25;-0,25;;1
31/08/26;INDRA;PUT;Mar-27;60,00;61.2;42,41;-0,40;;3
31/08/26;INDRA;PUT;Jun-27;32,00;61.2;50,03;-0,04;;1
31/08/26;INDRA;PUT;Jun-27;50,00;61.2;45,33;-0,23;;1
31/08/26;INDRA;PUT;Jun-27;52,00;61.2;44,81;-0,26;;1
31/08/26;INDRA;PUT;Jun-27;58,00;61.2;43,24;-0,36;;10
31/08/26;INDRA;PUT;Jun-27;60,00;61.2;42,71;-0,39;;2
31/08/26;INDRA;PUT;Jun-27;62,00;61.2;42,40;-0,42;;3
31/08/26;INDRA;PUT;Sep-27;31,00;61.2;49,68;-0,05;;1
31/08/26;INDRA;PUT;Sep-27;33,00;61.2;49,18;-0,06;;1
31/08/26;INDRA;PUT;Sep-27;34,00;61.2;48,92;-0,07;;1
31/08/26;INDRA;PUT;Sep-27;36,00;61.2;48,42;-0,09;;1
31/08/26;INDRA;PUT;Sep-27;40,00;61.2;47,42;-0,12;;1
31/08/26;INDRA;PUT;Sep-27;45,00;61.2;46,17;-0,18;;15
31/08/26;INDRA;PUT;Dic-27;11,00;61.2;52,93;;;25
31/08/26;INDRA;PUT;Dic-27;44,00;61.2;45,20;-0,17;;500
31/08/26;INDRA;PUT;Sep-28;47,00;61.2;39,80;-0,21;;25
31/08/26;INDRA;CALL;Dic-26;41,00;61.2;49,82;0,94;;5
31/08/26;INDRA;CALL;Dic-26;48,00;61.2;47,38;0,86;;5
31/08/26;INDRA;CALL;Dic-26;60,00;61.2;43,20;0,59;;100
31/08/26;INDRA;CALL;Dic-26;64,00;61.2;42,02;0,48;;5
31/08/26;INDRA;CALL;Dic-26;70,00;61.2;40,38;0,32;;5
31/08/26;INDRA;PUT;Sep-26;43,00;61.2;48,66;;;5
31/08/26;LABORAT. ROVI;CALL;Sep-26;60,00;60.6;20,65;0,60;;2
31/08/26;LABORAT. ROVI;CALL;Sep-26;62,00;60.6;20,35;0,32;3;7
31/08/26;LABORAT. ROVI;CALL;Sep-26;64,00;60.6;20,30;0,12;;5
31/08/26;LABORAT. ROVI;CALL;Sep-26;66,00;60.6;20,24;0,03;;2
31/08/26;LABORAT. ROVI;CALL;Sep-26;78,00;60.6;19,91;;;750
31/08/26;LABORAT. ROVI;CALL;Sep-26;88,00;60.6;19,64;;;1
31/08/26;LABORAT. ROVI;CALL;Sep-26;96,00;60.6;19,42;;;15
31/08/26;LABORAT. ROVI;CALL;Oct-26;62,00;60.6;21,63;0,41;1;
31/08/26;LABORAT. ROVI;CALL;Dic-26;60,00;60.6;26,12;0,58;;4
31/08/26;LABORAT. ROVI;CALL;Dic-26;62,00;60.6;25,79;0,48;;11
31/08/26;LABORAT. ROVI;CALL;Dic-26;66,00;60.6;25,52;0,31;;750
31/08/26;LABORAT. ROVI;CALL;Dic-26;70,00;60.6;25,26;0,18;;8
31/08/26;LABORAT. ROVI;CALL;Dic-26;80,00;60.6;24,60;0,03;;15
31/08/26;LABORAT. ROVI;CALL;Dic-26;82,00;60.6;24,47;0,02;;15
31/08/26;LABORAT. ROVI;CALL;Dic-26;84,00;60.6;24,34;0,01;;15
31/08/26;LABORAT. ROVI;CALL;Dic-26;86,00;60.6;24,20;0,01;;15
31/08/26;LABORAT. ROVI;CALL;Dic-26;88,00;60.6;24,07;;;14
31/08/26;LABORAT. ROVI;CALL;Dic-26;90,00;60.6;23,94;;;14
31/08/26;LABORAT. ROVI;CALL;Dic-26;92,00;60.6;23,81;;;5
31/08/26;LABORAT. ROVI;CALL;Dic-26;96,00;60.6;23,54;;;5
31/08/26;LABORAT. ROVI;CALL;Dic-26;100,00;60.6;23,28;;;5
31/08/26;LABORAT. ROVI;CALL;Mar-27;70,00;60.6;26,17;0,28;;2
31/08/26;LABORAT. ROVI;CALL;Mar-27;88,00;60.6;24,49;0,03;;10
31/08/26;LABORAT. ROVI;CALL;Jun-27;56,00;60.6;28,80;0,70;;18
31/08/26;LABORAT. ROVI;CALL;Jun-27;60,00;60.6;27,70;0,60;;1
31/08/26;LABORAT. ROVI;CALL;Jun-27;80,00;60.6;25,61;0,16;;16
31/08/26;LABORAT. ROVI;PUT;Sep-26;48,00;60.6;25,98;;;1
31/08/26;LABORAT. ROVI;PUT;Sep-26;50,00;60.6;25,12;;;1
31/08/26;LABORAT. ROVI;PUT;Sep-26;54,00;60.6;23,40;-0,01;;7
31/08/26;LABORAT. ROVI;PUT;Sep-26;56,00;60.6;22,54;-0,05;;11
31/08/26;LABORAT. ROVI;PUT;Sep-26;58,00;60.6;21,69;-0,17;;5
31/08/26;LABORAT. ROVI;PUT;Sep-26;60,00;60.6;20,83;-0,40;;9
31/08/26;LABORAT. ROVI;PUT;Sep-26;64,00;60.6;20,48;-0,88;;2
31/08/26;LABORAT. ROVI;PUT;Sep-26;70,00;60.6;20,31;-1,00;;1.500
31/08/26;LABORAT. ROVI;PUT;Oct-26;54,00;60.6;25,02;-0,09;;5
31/08/26;LABORAT. ROVI;PUT;Oct-26;58,00;60.6;23,28;-0,27;;5
31/08/26;LABORAT. ROVI;PUT;Oct-26;60,00;60.6;22,41;-0,42;;10
31/08/26;LABORAT. ROVI;PUT;Nov-26;52,00;60.6;28,29;-0,10;;1
31/08/26;LABORAT. ROVI;PUT;Dic-26;40,00;60.6;33,95;-0,01;;1
31/08/26;LABORAT. ROVI;PUT;Dic-26;50,00;60.6;29,87;-0,10;;2
31/08/26;LABORAT. ROVI;PUT;Dic-26;52,00;60.6;29,06;-0,14;;1
31/08/26;LABORAT. ROVI;PUT;Dic-26;54,00;60.6;28,25;-0,19;;6
31/08/26;LABORAT. ROVI;PUT;Dic-26;56,00;60.6;27,43;-0,26;;5
31/08/26;LABORAT. ROVI;PUT;Dic-26;58,00;60.6;26,62;-0,34;;5
31/08/26;LABORAT. ROVI;PUT;Dic-26;60,00;60.6;25,80;-0,43;;54
31/08/26;LABORAT. ROVI;PUT;Dic-26;62,00;60.6;25,47;-0,52;;1.500
31/08/26;LABORAT. ROVI;PUT;Dic-26;66,00;60.6;25,20;-0,70;;10
31/08/26;LABORAT. ROVI;PUT;Dic-26;68,00;60.6;25,07;-0,78;;65
31/08/26;LABORAT. ROVI;PUT;Dic-26;76,00;60.6;24,54;-0,99;;6
31/08/26;LABORAT. ROVI;PUT;Mar-27;50,00;60.6;30,02;-0,15;;2
31/08/26;LABORAT. ROVI;PUT;Mar-27;54,00;60.6;28,75;-0,24;;5
31/08/26;LABORAT. ROVI;PUT;Mar-27;56,00;60.6;28,11;-0,30;;6
31/08/26;LABORAT. ROVI;PUT;Mar-27;58,00;60.6;27,47;-0,36;;7
31/08/26;LABORAT. ROVI;PUT;Mar-27;60,00;60.6;26,83;-0,42;;8
31/08/26;LABORAT. ROVI;PUT;Mar-27;62,00;60.6;26,51;-0,49;;2
31/08/26;LABORAT. ROVI;PUT;Jun-27;43,00;60.6;32,24;-0,08;;10
31/08/26;LABORAT. ROVI;PUT;Jun-27;44,00;60.6;31,97;-0,09;;20
31/08/26;LABORAT. ROVI;PUT;Jun-27;45,00;60.6;31,69;-0,10;;5
31/08/26;LABORAT. ROVI;PUT;Jun-27;54,00;60.6;29,22;-0,26;;1
31/08/26;LABORAT. ROVI;PUT;Jun-27;58,00;60.6;28,12;-0,36;;1
31/08/26;LABORAT. ROVI;PUT;Jun-27;60,00;60.6;27,57;-0,41;;4
31/08/26;LABORAT. ROVI;PUT;Jun-27;70,00;60.6;26,47;-0,69;;1
31/08/26;LABORAT. ROVI;PUT;Mar-27;50,00;60.6;30,02;-0,15;;3
31/08/26;MAPFRE;CALL;Sep-26;3,80;4.47;19,92;1,00;;1
31/08/26;MAPFRE;CALL;Sep-26;3,90;4.47;19,88;1,00;;10
31/08/26;MAPFRE;CALL;Sep-26;4,00;4.47;19,85;1,00;;16
31/08/26;MAPFRE;CALL;Sep-26;4,10;4.47;19,81;0,98;;20
31/08/26;MAPFRE;CALL;Sep-26;4,20;4.47;19,77;0,93;;783
31/08/26;MAPFRE;CALL;Sep-26;4,30;4.47;19,73;0,82;;5
31/08/26;MAPFRE;CALL;Sep-26;4,40;4.47;19,70;0,66;;3
31/08/26;MAPFRE;CALL;Sep-26;4,50;4.47;19,65;0,46;;13
31/08/26;MAPFRE;CALL;Sep-26;4,70;4.47;19,48;0,13;;15
31/08/26;MAPFRE;CALL;Oct-26;4,60;4.47;19,74;0,37;;10
31/08/26;MAPFRE;CALL;Dic-26;3,90;4.47;21,06;0,92;;5
31/08/26;MAPFRE;CALL;Dic-26;4,10;4.47;20,99;0,82;;35
31/08/26;MAPFRE;CALL;Dic-26;4,40;4.47;20,88;0,60;;10
31/08/26;MAPFRE;CALL;Dic-26;4,50;4.47;20,83;0,51;;14
31/08/26;MAPFRE;CALL;Mar-27;4,00;4.47;22,41;0,80;;1
31/08/26;MAPFRE;CALL;Mar-27;4,90;4.47;21,94;0,31;;15
31/08/26;MAPFRE;CALL;Jun-27;4,20;4.47;23,60;0,66;;7
31/08/26;MAPFRE;CALL;Jun-27;4,30;4.47;23,56;0,62;;8
31/08/26;MAPFRE;CALL;Jun-27;5,00;4.47;23,14;0,32;;1
31/08/26;MAPFRE;CALL;Dic-27;5,00;4.47;24,82;0,38;;5
31/08/26;MAPFRE;PUT;Sep-26;1,70;4.47;22,79;;;20
31/08/26;MAPFRE;PUT;Sep-26;3,20;4.47;22,23;;;2
31/08/26;MAPFRE;PUT;Sep-26;3,30;4.47;22,20;;;2
31/08/26;MAPFRE;PUT;Sep-26;3,60;4.47;22,08;;;5
31/08/26;MAPFRE;PUT;Sep-26;3,70;4.47;22,05;;;50
31/08/26;MAPFRE;PUT;Sep-26;5,00;4.47;21,33;-1,00;;9
31/08/26;MAPFRE;PUT;Dic-26;3,20;4.47;22,06;;;2
31/08/26;MAPFRE;PUT;Dic-26;3,60;4.47;21,91;-0,04;;3
31/08/26;MAPFRE;PUT;Dic-26;3,70;4.47;21,88;-0,06;;116
31/08/26;MAPFRE;PUT;Dic-26;3,80;4.47;21,84;-0,09;;20
31/08/26;MAPFRE;PUT;Dic-26;4,00;4.47;21,77;-0,19;;5
31/08/26;MAPFRE;PUT;Dic-26;4,10;4.47;21,73;-0,24;;2
31/08/26;MAPFRE;PUT;Dic-26;4,20;4.47;21,69;-0,31;;50
31/08/26;MAPFRE;PUT;Dic-26;4,30;4.47;21,65;-0,39;;1
31/08/26;MAPFRE;PUT;Dic-26;4,50;4.47;21,57;-0,54;;20
31/08/26;MAPFRE;PUT;Mar-27;3,50;4.47;21,43;-0,06;;4
31/08/26;MAPFRE;PUT;Mar-27;3,60;4.47;21,39;-0,08;;1
31/08/26;MAPFRE;PUT;Mar-27;3,70;4.47;21,36;-0,11;;5
31/08/26;MAPFRE;PUT;Mar-27;4,00;4.47;21,25;-0,23;;3.000
31/08/26;MAPFRE;PUT;Dic-27;3,60;4.47;22,73;-0,20;;10
31/08/26;MELIA HOTELS;CALL;Sep-26;7,75;10.02;34,35;1,00;;5
31/08/26;MELIA HOTELS;CALL;Sep-26;8,00;10.02;33,85;1,00;;1.900
31/08/26;MELIA HOTELS;CALL;Sep-26;8,50;10.02;32,85;0,99;;6
31/08/26;MELIA HOTELS;CALL;Sep-26;12,50;10.02;27,18;;;25
31/08/26;MELIA HOTELS;CALL;Dic-26;10,00;10.02;29,78;0,56;;20
31/08/26;MELIA HOTELS;CALL;Dic-26;11,00;10.02;28,84;0,32;;15
31/08/26;MELIA HOTELS;CALL;Dic-26;11,50;10.02;28,37;0,22;;3
31/08/26;MELIA HOTELS;CALL;Dic-26;13,00;10.02;26,97;0,05;;35
31/08/26;MELIA HOTELS;CALL;Mar-27;7,75;10.02;32,77;0,89;;8
31/08/26;MELIA HOTELS;CALL;Mar-27;8,75;10.02;31,34;0,78;;5
31/08/26;MELIA HOTELS;CALL;Mar-27;12,00;10.02;28,01;0,24;;400
31/08/26;MELIA HOTELS;CALL;Mar-27;12,50;10.02;27,62;0,18;;50
31/08/26;MELIA HOTELS;CALL;Jun-27;7,50;10.02;31,76;0,89;;5
31/08/26;MELIA HOTELS;CALL;Jun-27;7,75;10.02;31,48;0,87;;5
31/08/26;MELIA HOTELS;CALL;Sep-27;7,25;10.02;31,42;0,90;;5
31/08/26;MELIA HOTELS;CALL;Dic-27;7,00;10.02;31,15;0,91;;2
31/08/26;MELIA HOTELS;PUT;Sep-26;10,00;10.02;30,00;-0,47;;25
31/08/26;MELIA HOTELS;PUT;Sep-26;10,50;10.02;29,45;-0,75;;400
31/08/26;MELIA HOTELS;PUT;Sep-26;11,00;10.02;28,92;-0,93;;30
31/08/26;MELIA HOTELS;PUT;Nov-26;10,00;10.02;29,23;-0,46;4;
31/08/26;MELIA HOTELS;PUT;Dic-26;8,25;10.02;32,34;-0,11;;30
31/08/26;MELIA HOTELS;PUT;Dic-26;11,00;10.02;28,37;-0,70;;20
31/08/26;MELIA HOTELS;PUT;Mar-27;9,25;10.02;30,07;-0,30;;50
31/08/26;MELIA HOTELS;PUT;Mar-27;9,50;10.02;29,71;-0,34;;100
31/08/26;MELIA HOTELS;PUT;Mar-27;9,75;10.02;29,36;-0,39;;25
31/08/26;MELIA HOTELS;PUT;Mar-27;10,00;10.02;29,00;-0,44;;100
31/08/26;MELIA HOTELS;PUT;Mar-27;11,00;10.02;28,22;-0,62;;3
31/08/26;MELIA HOTELS;PUT;Jun-27;8,75;10.02;29,35;-0,24;;2
31/08/26;MERLIN;CALL;Sep-26;16,00;13.4;19,32;;;14.696
31/08/26;MERLIN;CALL;Sep-26;16,50;13.4;19,07;;;4.700
31/08/26;MERLIN;CALL;Oct-26;13,00;13.4;21,65;0,68;;10
31/08/26;MERLIN;CALL;Nov-26;14,00;13.4;21,01;0,37;5;5
31/08/26;MERLIN;CALL;Nov-26;14,50;13.4;20,76;0,24;;5
31/08/26;MERLIN;CALL;Dic-26;16,50;13.4;20,51;0,03;;14.693
31/08/26;MERLIN;CALL;Mar-27;14,50;13.4;22,64;0,35;;5
31/08/26;MERLIN;CALL;Mar-27;16,00;13.4;22,08;0,16;;3
31/08/26;MERLIN;PUT;Sep-26;10,00;13.4;27,96;;;1
31/08/26;MERLIN;PUT;Sep-26;12,00;13.4;24,38;-0,02;;2
31/08/26;MERLIN;PUT;Sep-26;12,50;13.4;23,48;-0,08;;1
31/08/26;MERLIN;PUT;Sep-26;13,00;13.4;22,59;-0,26;;3
31/08/26;MERLIN;PUT;Sep-26;14,00;13.4;21,57;-0,81;;11
31/08/26;MERLIN;PUT;Sep-26;14,50;13.4;21,32;-0,96;;84
31/08/26;MERLIN;PUT;Sep-26;15,00;13.4;21,07;-1,00;;100
31/08/26;MERLIN;PUT;Oct-26;13,50;13.4;22,37;-0,51;;24
31/08/26;MERLIN;PUT;Oct-26;14,00;13.4;22,12;-0,69;;31
31/08/26;MERLIN;PUT;Oct-26;14,50;13.4;21,87;-0,84;;200
31/08/26;MERLIN;PUT;Dic-26;11,00;13.4;26,88;-0,09;;300
31/08/26;MERLIN;PUT;Dic-26;13,00;13.4;23,45;-0,41;;2
31/08/26;MERLIN;PUT;Dic-26;13,50;13.4;22,71;-0,53;;4
31/08/26;MERLIN;PUT;Dic-26;14,00;13.4;22,48;-0,64;;35
31/08/26;MERLIN;PUT;Mar-27;12,00;13.4;24,20;-0,25;;3
31/08/26;MERLIN;PUT;Mar-27;13,50;13.4;22,07;-0,50;;16
31/08/26;MERLIN;PUT;Jun-27;14,50;13.4;20,76;-0,66;;3
31/08/26;MERLIN;PUT;Jun-27;15,00;13.4;20,58;-0,72;;10
31/08/26;MERLIN;PUT;Dic-27;12,50;13.4;21,99;-0,36;;5.000
31/08/26;NATURGY;CALL;Sep-26;28,00;29.46;17,91;0,91;;1
31/08/26;NATURGY;CALL;Sep-26;29,00;29.46;16,87;0,68;;78
31/08/26;NATURGY;CALL;Sep-26;30,00;29.46;16,08;0,32;1;154
31/08/26;NATURGY;CALL;Sep-26;31,00;29.46;15,52;0,08;;145
31/08/26;NATURGY;CALL;Dic-26;27,00;29.46;20,55;0,84;;11
31/08/26;NATURGY;CALL;Dic-26;28,00;29.46;19,62;0,73;;24
31/08/26;NATURGY;CALL;Dic-26;29,00;29.46;18,70;0,60;;495
31/08/26;NATURGY;CALL;Dic-26;30,00;29.46;17,98;0,44;;298
31/08/26;NATURGY;CALL;Dic-26;31,00;29.46;17,45;0,29;;113
31/08/26;NATURGY;CALL;Dic-26;32,00;29.46;16,92;0,17;;7
31/08/26;NATURGY;CALL;Dic-26;35,00;29.46;15,32;0,01;;1
31/08/26;NATURGY;CALL;Mar-27;25,00;29.46;22,85;0,89;;2
31/08/26;NATURGY;CALL;Mar-27;26,00;29.46;22,11;0,82;;90
31/08/26;NATURGY;CALL;Mar-27;27,00;29.46;21,38;0,75;;2
31/08/26;NATURGY;CALL;Mar-27;28,00;29.46;20,64;0,66;;11
31/08/26;NATURGY;CALL;Mar-27;29,00;29.46;19,91;0,56;;200
31/08/26;NATURGY;CALL;Mar-27;30,00;29.46;19,34;0,46;;300
31/08/26;NATURGY;CALL;Mar-27;32,00;29.46;18,51;0,28;;1
31/08/26;NATURGY;CALL;Mar-27;33,00;29.46;18,09;0,21;;2
31/08/26;NATURGY;CALL;Jun-27;25,00;29.46;23,38;0,85;;385
31/08/26;NATURGY;CALL;Jun-27;26,00;29.46;22,73;0,78;;2
31/08/26;NATURGY;CALL;Jun-27;27,00;29.46;22,09;0,71;;2
31/08/26;NATURGY;CALL;Jun-27;32,00;29.46;19,55;0,32;;401
31/08/26;NATURGY;CALL;Jun-27;33,00;29.46;19,18;0,25;;2
31/08/26;NATURGY;CALL;Jun-27;35,00;29.46;18,43;0,14;;1
31/08/26;NATURGY;CALL;Dic-27;30,00;29.46;21,35;0,48;;1
31/08/26;NATURGY;PUT;Sep-26;18,00;29.46;27,94;;;10
31/08/26;NATURGY;PUT;Sep-26;19,00;29.46;26,90;;;25
31/08/26;NATURGY;PUT;Sep-26;19,50;29.46;26,38;;;25
31/08/26;NATURGY;PUT;Sep-26;20,00;29.46;25,86;;;26
31/08/26;NATURGY;PUT;Sep-26;21,00;29.46;24,82;;;28
31/08/26;NATURGY;PUT;Sep-26;22,00;29.46;23,78;;;27
31/08/26;NATURGY;PUT;Sep-26;23,00;29.46;22,73;;;30
31/08/26;NATURGY;PUT;Sep-26;24,00;29.46;21,69;;;210
31/08/26;NATURGY;PUT;Sep-26;25,00;29.46;20,65;;;23
31/08/26;NATURGY;PUT;Sep-26;26,00;29.46;19,61;;;3
31/08/26;NATURGY;PUT;Sep-26;27,00;29.46;18,57;-0,02;;62
31/08/26;NATURGY;PUT;Sep-26;28,00;29.46;17,53;-0,09;;33
31/08/26;NATURGY;PUT;Sep-26;29,00;29.46;16,49;-0,32;1;151
31/08/26;NATURGY;PUT;Sep-26;30,00;29.46;15,70;-0,69;;13
31/08/26;NATURGY;PUT;Sep-26;31,00;29.46;15,14;-0,94;;3
31/08/26;NATURGY;PUT;Oct-26;24,00;29.46;21,82;;;2
31/08/26;NATURGY;PUT;Oct-26;28,00;29.46;17,75;-0,19;;13
31/08/26;NATURGY;PUT;Dic-26;18,00;29.46;27,03;;;2
31/08/26;NATURGY;PUT;Dic-26;19,50;29.46;25,64;;;5
31/08/26;NATURGY;PUT;Dic-26;20,00;29.46;25,18;;;13
31/08/26;NATURGY;PUT;Dic-26;22,00;29.46;23,32;-0,01;;2
31/08/26;NATURGY;PUT;Dic-26;23,00;29.46;22,39;-0,02;;11
31/08/26;NATURGY;PUT;Dic-26;24,00;29.46;21,47;-0,05;;2.142
31/08/26;NATURGY;PUT;Dic-26;25,00;29.46;20,54;-0,08;;124
31/08/26;NATURGY;PUT;Dic-26;26,00;29.46;19,61;-0,14;;109
31/08/26;NATURGY;PUT;Dic-26;27,00;29.46;18,68;-0,22;;20
31/08/26;NATURGY;PUT;Dic-26;28,00;29.46;17,75;-0,34;;6
31/08/26;NATURGY;PUT;Dic-26;29,00;29.46;16,83;-0,48;;27
31/08/26;NATURGY;PUT;Dic-26;31,00;29.46;15,58;-0,78;;1
31/08/26;NATURGY;PUT;Mar-27;18,00;29.46;26,25;;;1
31/08/26;NATURGY;PUT;Mar-27;24,00;29.46;21,84;-0,10;;501
31/08/26;NATURGY;PUT;Mar-27;26,00;29.46;20,36;-0,20;;193
31/08/26;NATURGY;PUT;Mar-27;28,00;29.46;18,89;-0,36;;1
31/08/26;NATURGY;PUT;Jun-27;24,00;29.46;21,47;-0,15;;1
31/08/26;NATURGY;PUT;Jun-27;25,00;29.46;20,83;-0,20;;5
31/08/26;NATURGY;PUT;Jun-27;26,00;29.46;20,18;-0,26;;1
31/08/26;NATURGY;PUT;Jun-27;27,00;29.46;19,54;-0,33;;2
31/08/26;NATURGY;PUT;Jun-27;28,00;29.46;18,89;-0,41;;12
31/08/26;NATURGY;PUT;Jun-27;32,00;29.46;17,00;-0,74;;1
31/08/26;NATURGY;PUT;Sep-27;26,00;29.46;20,12;-0,30;;95
31/08/26;NATURGY;PUT;Dic-27;26,00;29.46;20,06;-0,33;;97
31/08/26;NATURGY;PUT;Jun-28;26,00;29.46;19,75;-0,36;;95
31/08/26;NATURGY;PUT;Dic-26;28,00;29.46;17,75;-0,33;;2
31/08/26;OBRASCON HUARTE;CALL;Sep-26;0,40;0.39;43,30;0,46;;120
31/08/26;OBRASCON HUARTE;CALL;Sep-26;0,50;0.39;43,30;0,01;;200
31/08/26;OBRASCON HUARTE;CALL;Dic-26;0,50;0.39;42,77;0,19;;1
31/08/26;OBRASCON HUARTE;CALL;Mar-27;0,40;0.39;44,42;0,57;;300
31/08/26;OBRASCON HUARTE;CALL;Jun-27;0,35;0.39;45,20;0,71;;1.000
31/08/26;OBRASCON HUARTE;CALL;Mar-28;0,50;0.39;43,78;0,47;;10
31/08/26;OBRASCON HUARTE;CALL;Mar-28;0,60;0.39;43,78;0,34;;50
31/08/26;OBRASCON HUARTE;CALL;Jun-28;0,35;0.39;43,78;0,72;;900
31/08/26;PHARMA MAR;CALL;Sep-26;78,00;81.35;38,51;0,71;;1
31/08/26;PHARMA MAR;CALL;Sep-26;84,00;81.35;35,76;0,36;;5
31/08/26;PHARMA MAR;CALL;Sep-26;86,00;81.35;35,41;0,26;;1
31/08/26;PHARMA MAR;CALL;Sep-26;92,00;81.35;34,35;0,06;;4
31/08/26;PHARMA MAR;CALL;Sep-26;130,00;81.35;27,66;;;2
31/08/26;PHARMA MAR;CALL;Sep-26;135,00;81.35;26,78;;;4
31/08/26;PHARMA MAR;CALL;Sep-26;140,00;81.35;25,90;;;2
31/08/26;PHARMA MAR;CALL;Sep-26;150,00;81.35;24,13;;;4
31/08/26;PHARMA MAR;CALL;Dic-26;76,00;81.35;42,79;0,67;;1
31/08/26;PHARMA MAR;CALL;Dic-26;110,00;81.35;36,75;0,09;;1
31/08/26;PHARMA MAR;CALL;Mar-27;88,00;81.35;38,52;0,47;;1
31/08/26;PHARMA MAR;CALL;Mar-27;105,00;81.35;37,27;0,23;;5
31/08/26;PHARMA MAR;CALL;Jun-27;120,00;81.35;37,39;0,17;;6
31/08/26;PHARMA MAR;PUT;Sep-26;33,00;81.35;70,83;;;10
31/08/26;PHARMA MAR;PUT;Sep-26;36,00;81.35;68,79;;;5
31/08/26;PHARMA MAR;PUT;Sep-26;45,00;81.35;62,66;;;20
31/08/26;PHARMA MAR;PUT;Sep-26;46,00;81.35;61,98;;;9
31/08/26;PHARMA MAR;PUT;Sep-26;47,00;81.35;61,30;;;12
31/08/26;PHARMA MAR;PUT;Sep-26;60,00;81.35;52,46;;;6
31/08/26;PHARMA MAR;PUT;Sep-26;62,00;81.35;51,10;-0,01;;5
31/08/26;PHARMA MAR;PUT;Sep-26;66,00;81.35;48,38;-0,02;;3
31/08/26;PHARMA MAR;PUT;Sep-26;70,00;81.35;45,66;-0,06;;1
31/08/26;PHARMA MAR;PUT;Sep-26;82,00;81.35;37,83;-0,52;;6
31/08/26;PHARMA MAR;PUT;Sep-26;92,00;81.35;36,06;-0,94;;1
31/08/26;PHARMA MAR;PUT;Dic-26;29,00;81.35;73,23;;;5
31/08/26;PHARMA MAR;PUT;Dic-26;46,00;81.35;62,23;-0,03;;2
31/08/26;PHARMA MAR;PUT;Dic-26;48,00;81.35;60,93;-0,04;;1
31/08/26;PHARMA MAR;PUT;Dic-26;50,00;81.35;59,64;-0,05;;1
31/08/26;PHARMA MAR;PUT;Dic-26;60,00;81.35;53,16;-0,11;;2
31/08/26;PHARMA MAR;PUT;Dic-26;62,00;81.35;51,87;-0,13;;1
31/08/26;PHARMA MAR;PUT;Dic-26;70,00;81.35;46,69;-0,23;;1
31/08/26;PHARMA MAR;PUT;Dic-26;76,00;81.35;42,80;-0,33;;15
31/08/26;PHARMA MAR;PUT;Dic-26;78,00;81.35;41,51;-0,37;;10
31/08/26;PHARMA MAR;PUT;Mar-27;41,00;81.35;59,38;-0,04;;8
31/08/26;PHARMA MAR;PUT;Mar-27;43,00;81.35;58,41;-0,04;;3
31/08/26;PHARMA MAR;PUT;Mar-27;52,00;81.35;54,06;-0,09;;1
31/08/26;PHARMA MAR;PUT;Mar-27;60,00;81.35;50,19;-0,15;;1
31/08/26;PHARMA MAR;PUT;Mar-27;78,00;81.35;41,49;-0,37;;1
31/08/26;PHARMA MAR;PUT;Mar-27;80,00;81.35;40,52;-0,41;;2
31/08/26;PHARMA MAR;PUT;Mar-27;105,00;81.35;38,13;-0,78;;1
31/08/26;PHARMA MAR;PUT;Jun-27;39,00;81.35;56,22;-0,04;;3
31/08/26;PHARMA MAR;PUT;Jun-27;42,00;81.35;55,14;-0,05;;1
31/08/26;PHARMA MAR;PUT;Jun-27;44,00;81.35;54,42;-0,06;;3
31/08/26;PHARMA MAR;PUT;Jun-27;48,00;81.35;52,98;-0,08;;1
31/08/26;PHARMA MAR;PUT;Jun-27;60,00;81.35;48,65;-0,17;;1
31/08/26;PHARMA MAR;PUT;Jun-27;66,00;81.35;46,48;-0,23;;1
31/08/26;PHARMA MAR;PUT;Jun-27;70,00;81.35;45,04;-0,27;;2
31/08/26;PHARMA MAR;PUT;Jun-27;120,00;81.35;38,57;-0,86;;1
31/08/26;PUIG;CALL;Sep-26;11,00;18.44;41,98;1,00;;1
31/08/26;PUIG;CALL;Sep-26;14,50;18.44;39,64;1,00;;3
31/08/26;PUIG;CALL;Sep-26;16,00;18.44;38,63;0,96;;9
31/08/26;PUIG;CALL;Sep-26;16,50;18.44;38,30;0,91;;1
31/08/26;PUIG;CALL;Sep-26;17,00;18.44;37,96;0,84;;28
31/08/26;PUIG;CALL;Sep-26;17,50;18.44;37,63;0,75;;8.911
31/08/26;PUIG;CALL;Sep-26;18,00;18.44;37,29;0,64;;21
31/08/26;PUIG;CALL;Sep-26;18,50;18.44;36,95;0,51;;19
31/08/26;PUIG;CALL;Sep-26;19,00;18.44;36,57;0,38;;8
31/08/26;PUIG;CALL;Sep-26;19,50;18.44;36,20;0,26;;2
31/08/26;PUIG;CALL;Sep-26;20,00;18.44;35,82;0,17;;14
31/08/26;PUIG;CALL;Sep-26;21,00;18.44;35,06;0,05;;8.553
31/08/26;PUIG;CALL;Oct-26;17,00;18.44;34,91;0,77;;5
31/08/26;PUIG;CALL;Oct-26;18,50;18.44;34,01;0,52;;6
31/08/26;PUIG;CALL;Oct-26;19,00;18.44;33,63;0,43;;5
31/08/26;PUIG;CALL;Dic-26;15,00;18.44;35,49;0,88;;3
31/08/26;PUIG;CALL;Dic-26;16,50;18.44;34,65;0,76;;2
31/08/26;PUIG;CALL;Dic-26;17,00;18.44;34,37;0,71;;10
31/08/26;PUIG;CALL;Dic-26;18,00;18.44;33,81;0,60;;39
31/08/26;PUIG;CALL;Dic-26;18,50;18.44;33,54;0,55;;6
31/08/26;PUIG;CALL;Dic-26;19,00;18.44;33,35;0,49;;1
31/08/26;PUIG;CALL;Dic-26;19,50;18.44;33,16;0,43;;20
31/08/26;PUIG;CALL;Dic-26;22,00;18.44;32,21;0,19;;1
31/08/26;PUIG;CALL;Dic-26;23,00;18.44;31,83;0,13;;2
31/08/26;PUIG;CALL;Jun-27;11,00;18.44;34,05;0,98;;5
31/08/26;PUIG;CALL;Jun-27;15,50;18.44;32,35;0,80;;4
31/08/26;PUIG;CALL;Jun-27;16,00;18.44;32,16;0,77;;1
31/08/26;PUIG;CALL;Jun-27;16,50;18.44;31,97;0,73;;2
31/08/26;PUIG;CALL;Jun-27;17,50;18.44;31,59;0,66;;1
31/08/26;PUIG;PUT;Sep-26;12,00;18.44;43,73;;;5
31/08/26;PUIG;PUT;Sep-26;12,50;18.44;43,39;;;149
31/08/26;PUIG;PUT;Sep-26;13,00;18.44;43,06;;;22
31/08/26;PUIG;PUT;Sep-26;13,50;18.44;42,72;;;18
31/08/26;PUIG;PUT;Sep-26;14,00;18.44;42,39;;;42
31/08/26;PUIG;PUT;Sep-26;14,50;18.44;42,06;;;1
31/08/26;PUIG;PUT;Sep-26;15,00;18.44;41,72;-0,01;;8.347
31/08/26;PUIG;PUT;Sep-26;15,50;18.44;41,39;-0,03;;6
31/08/26;PUIG;PUT;Sep-26;16,00;18.44;41,05;-0,05;;268
31/08/26;PUIG;PUT;Sep-26;16,50;18.44;40,72;-0,10;;26
31/08/26;PUIG;PUT;Sep-26;17,00;18.44;40,38;-0,17;;8
31/08/26;PUIG;PUT;Sep-26;17,50;18.44;40,05;-0,26;;29
31/08/26;PUIG;PUT;Sep-26;18,00;18.44;39,71;-0,37;;1
31/08/26;PUIG;PUT;Sep-26;18,50;18.44;39,37;-0,49;;10
31/08/26;PUIG;PUT;Oct-26;16,00;18.44;36,78;-0,12;;1
31/08/26;PUIG;PUT;Oct-26;16,50;18.44;36,48;-0,17;2;3
31/08/26;PUIG;PUT;Oct-26;17,00;18.44;36,18;-0,24;;5
31/08/26;PUIG;PUT;Dic-26;11,00;18.44;37,65;;;2
31/08/26;PUIG;PUT;Dic-26;12,00;18.44;37,09;-0,01;;500
31/08/26;PUIG;PUT;Dic-26;12,50;18.44;36,81;-0,02;;5
31/08/26;PUIG;PUT;Dic-26;13,00;18.44;36,53;-0,03;;3
31/08/26;PUIG;PUT;Dic-26;13,50;18.44;36,25;-0,04;;4
31/08/26;PUIG;PUT;Dic-26;14,00;18.44;35,97;-0,06;;47
31/08/26;PUIG;PUT;Dic-26;14,50;18.44;35,69;-0,09;;2.467
31/08/26;PUIG;PUT;Dic-26;15,00;18.44;35,41;-0,12;;26
31/08/26;PUIG;PUT;Dic-26;15,50;18.44;35,13;-0,15;;30
31/08/26;PUIG;PUT;Dic-26;16,00;18.44;34,85;-0,19;;22
31/08/26;PUIG;PUT;Dic-26;16,50;18.44;34,57;-0,24;;6
31/08/26;PUIG;PUT;Dic-26;17,00;18.44;34,29;-0,29;;11
31/08/26;PUIG;PUT;Dic-26;17,50;18.44;34,01;-0,34;;10
31/08/26;PUIG;PUT;Dic-26;18,00;18.44;33,73;-0,40;;5
31/08/26;PUIG;PUT;Dic-26;21,00;18.44;32,51;-0,74;;6
31/08/26;PUIG;PUT;Mar-27;12,00;18.44;36,25;-0,04;;1
31/08/26;PUIG;PUT;Mar-27;13,00;18.44;35,74;-0,07;;1
31/08/26;PUIG;PUT;Mar-27;13,50;18.44;35,49;-0,09;;5
31/08/26;PUIG;PUT;Mar-27;14,00;18.44;35,24;-0,11;;2
31/08/26;PUIG;PUT;Mar-27;15,00;18.44;34,73;-0,16;;10
31/08/26;PUIG;PUT;Mar-27;15,50;18.44;34,48;-0,20;;7
31/08/26;PUIG;PUT;Mar-27;16,00;18.44;34,22;-0,23;;85
31/08/26;PUIG;PUT;Mar-27;16,50;18.44;33,97;-0,27;;274
31/08/26;PUIG;PUT;Mar-27;17,00;18.44;33,72;-0,31;;10
31/08/26;PUIG;PUT;Jun-27;14,00;18.44;32,03;-0,14;;4
31/08/26;PUIG;PUT;Jun-27;15,00;18.44;31,65;-0,20;;5
31/08/26;PUIG;PUT;Jun-27;16,00;18.44;31,27;-0,26;;411
31/08/26;PUIG;PUT;Jun-27;16,50;18.44;31,08;-0,30;;2
31/08/26;PUIG;PUT;Jun-27;17,50;18.44;30,70;-0,38;;1
31/08/26;PUIG;PUT;Jun-27;21,00;18.44;30,15;-0,64;;20
31/08/26;PUIG;PUT;Sep-27;11,00;18.44;30,87;-0,04;;19
31/08/26;PUIG;PUT;Dic-27;15,00;18.44;28,49;-0,21;;4
31/08/26;PUIG;PUT;Dic-27;15,50;18.44;28,37;-0,24;;162
31/08/26;PUIG;PUT;Dic-27;16,00;18.44;28,25;-0,27;;156
31/08/26;PUIG;PUT;Dic-27;16,50;18.44;28,14;-0,30;;151
31/08/26;PUIG;PUT;Mar-28;17,50;18.44;27,14;-0,37;;143
31/08/26;REDEIA;CALL;Sep-26;14,00;15.28;18,77;0,98;;1
31/08/26;REDEIA;CALL;Sep-26;15,00;15.28;17,15;0,70;;12
31/08/26;REDEIA;CALL;Sep-26;15,50;15.28;16,42;0,37;;13
31/08/26;REDEIA;CALL;Sep-26;16,00;15.28;15,77;0,10;;10
31/08/26;REDEIA;CALL;Sep-26;16,50;15.28;15,13;0,01;;4
31/08/26;REDEIA;CALL;Sep-26;17,00;15.28;14,49;;;35
31/08/26;REDEIA;CALL;Sep-26;17,50;15.28;13,84;;;1
31/08/26;REDEIA;CALL;Sep-26;18,50;15.28;12,56;;;1
31/08/26;REDEIA;CALL;Dic-26;14,00;15.28;19,16;0,83;;35
31/08/26;REDEIA;CALL;Dic-26;15,00;15.28;17,83;0,62;;26
31/08/26;REDEIA;CALL;Dic-26;15,50;15.28;17,22;0,49;;17
31/08/26;REDEIA;CALL;Dic-26;16,00;15.28;16,66;0,35;;265
31/08/26;REDEIA;CALL;Dic-26;16,50;15.28;16,10;0,23;;43
31/08/26;REDEIA;CALL;Dic-26;17,00;15.28;15,55;0,13;;25
31/08/26;REDEIA;CALL;Dic-26;17,50;15.28;14,99;0,06;;26
31/08/26;REDEIA;CALL;Dic-26;18,00;15.28;14,43;0,03;;2
31/08/26;REDEIA;CALL;Mar-27;13,50;15.28;20,21;0,84;;1
31/08/26;REDEIA;CALL;Mar-27;14,00;15.28;19,69;0,78;;10
31/08/26;REDEIA;CALL;Mar-27;15,50;15.28;18,16;0,50;;138
31/08/26;REDEIA;CALL;Mar-27;16,00;15.28;17,66;0,40;;206
31/08/26;REDEIA;CALL;Mar-27;16,50;15.28;17,16;0,30;;27
31/08/26;REDEIA;CALL;Mar-27;17,00;15.28;16,65;0,22;;6
31/08/26;REDEIA;CALL;Mar-27;17,50;15.28;16,15;0,14;;137
31/08/26;REDEIA;CALL;Jun-27;14,00;15.28;20,12;0,73;;6
31/08/26;REDEIA;CALL;Jun-27;15,50;15.28;18,85;0,52;;10
31/08/26;REDEIA;CALL;Jun-27;16,00;15.28;18,37;0,44;;1
31/08/26;REDEIA;CALL;Jun-27;16,50;15.28;17,89;0,36;;2
31/08/26;REDEIA;CALL;Jun-27;17,00;15.28;17,41;0,29;;6
31/08/26;REDEIA;CALL;Jun-27;18,00;15.28;16,45;0,16;;1
31/08/26;REDEIA;CALL;Dic-27;14,50;15.28;19,67;0,65;;278
31/08/26;REDEIA;CALL;Dic-27;18,00;15.28;16,46;0,19;;6
31/08/26;REDEIA;PUT;Sep-26;12,50;15.28;21,07;;;11
31/08/26;REDEIA;PUT;Sep-26;13,00;15.28;20,26;;;9
31/08/26;REDEIA;PUT;Sep-26;13,50;15.28;19,45;;;59
31/08/26;REDEIA;PUT;Sep-26;14,00;15.28;18,65;-0,02;;30
31/08/26;REDEIA;PUT;Sep-26;14,50;15.28;17,84;-0,09;;12
31/08/26;REDEIA;PUT;Sep-26;15,00;15.28;17,03;-0,30;;47
31/08/26;REDEIA;PUT;Sep-26;15,50;15.28;16,30;-0,64;;13
31/08/26;REDEIA;PUT;Sep-26;16,00;15.28;15,65;-0,91;;32
31/08/26;REDEIA;PUT;Sep-26;16,50;15.28;15,01;-1,00;;1
31/08/26;REDEIA;PUT;Oct-26;14,50;15.28;16,96;-0,17;;13
31/08/26;REDEIA;PUT;Oct-26;15,00;15.28;16,21;-0,35;;4
31/08/26;REDEIA;PUT;Oct-26;15,50;15.28;15,51;-0,58;;4
31/08/26;REDEIA;PUT;Oct-26;16,00;15.28;14,88;-0,80;;3
31/08/26;REDEIA;PUT;Dic-26;11,50;15.28;21,37;-0,01;;20
31/08/26;REDEIA;PUT;Dic-26;12,00;15.28;20,70;-0,01;;10
31/08/26;REDEIA;PUT;Dic-26;12,50;15.28;20,04;-0,03;;15
31/08/26;REDEIA;PUT;Dic-26;13,00;15.28;19,37;-0,05;;5
31/08/26;REDEIA;PUT;Dic-26;13,50;15.28;18,71;-0,09;;86
31/08/26;REDEIA;PUT;Dic-26;14,00;15.28;18,04;-0,16;;111
31/08/26;REDEIA;PUT;Dic-26;14,50;15.28;17,38;-0,25;;183
31/08/26;REDEIA;PUT;Dic-26;15,00;15.28;16,71;-0,38;;80
31/08/26;REDEIA;PUT;Dic-26;15,50;15.28;16,10;-0,53;;4
31/08/26;REDEIA;PUT;Dic-26;16,00;15.28;15,54;-0,68;;8
31/08/26;REDEIA;PUT;Dic-26;17,00;15.28;14,43;-0,95;;1
31/08/26;REDEIA;PUT;Mar-27;11,50;15.28;20,43;-0,03;;1
31/08/26;REDEIA;PUT;Mar-27;12,00;15.28;19,91;-0,04;;8
31/08/26;REDEIA;PUT;Mar-27;12,50;15.28;19,40;-0,07;;8
31/08/26;REDEIA;PUT;Mar-27;13,00;15.28;18,89;-0,11;;101
31/08/26;REDEIA;PUT;Mar-27;13,50;15.28;18,38;-0,17;;17
31/08/26;REDEIA;PUT;Mar-27;14,00;15.28;17,86;-0,24;1;162
31/08/26;REDEIA;PUT;Mar-27;14,50;15.28;17,35;-0,33;;5
31/08/26;REDEIA;PUT;Mar-27;15,00;15.28;16,84;-0,43;;1
31/08/26;REDEIA;PUT;Mar-27;15,50;15.28;16,33;-0,54;;3
31/08/26;REDEIA;PUT;Mar-27;16,00;15.28;15,83;-0,65;;1
31/08/26;REDEIA;PUT;Mar-27;17,00;15.28;14,82;-0,84;;2
31/08/26;REDEIA;PUT;Jun-27;12,50;15.28;19,37;-0,10;;4
31/08/26;REDEIA;PUT;Jun-27;13,50;15.28;18,55;-0,20;;2
31/08/26;REDEIA;PUT;Jun-27;14,00;15.28;18,13;-0,26;;2
31/08/26;REDEIA;PUT;Jun-27;14,50;15.28;17,72;-0,34;;53
31/08/26;REDEIA;PUT;Jun-27;15,00;15.28;17,30;-0,42;;5
31/08/26;REDEIA;PUT;Jun-27;15,50;15.28;16,86;-0,51;;13
31/08/26;REDEIA;PUT;Jun-27;16,00;15.28;16,38;-0,61;;1
31/08/26;REDEIA;PUT;Sep-27;12,50;15.28;18,56;-0,16;;5
31/08/26;REDEIA;PUT;Dic-27;14,00;15.28;17,18;-0,34;;20
31/08/26;REDEIA;PUT;Dic-27;15,00;15.28;16,57;-0,49;;11
31/08/26;REDEIA;PUT;Dic-27;19,00;15.28;12,67;-0,97;;6
31/08/26;REDEIA;PUT;Dic-28;13,00;15.28;17,32;-0,30;;1
31/08/26;REDEIA;PUT;Sep-26;14,00;15.28;18,65;-0,02;;1
31/08/26;REDEIA;PUT;Sep-26;14,50;15.28;17,84;-0,09;;6
31/08/26;REDEIA;PUT;Sep-26;15,00;15.28;17,03;-0,30;;1
31/08/26;REDEIA;PUT;Dic-26;13,50;15.28;18,71;-0,09;;4
31/08/26;REDEIA;PUT;Dic-26;15,00;15.28;16,71;-0,37;;6
31/08/26;REDEIA;PUT;Mar-27;14,00;15.28;17,86;-0,23;;2
31/08/26;REPSOL;CALL;Sep-26;16,50;27.25;41,67;1,00;;4
31/08/26;REPSOL;CALL;Sep-26;18,00;27.25;40,07;1,00;;1
31/08/26;REPSOL;CALL;Sep-26;20,00;27.25;37,95;1,00;;17
31/08/26;REPSOL;CALL;Sep-26;20,50;27.25;37,41;1,00;;1
31/08/26;REPSOL;CALL;Sep-26;21,00;27.25;36,88;1,00;;161
31/08/26;REPSOL;CALL;Sep-26;22,00;27.25;35,82;1,00;;11.943
31/08/26;REPSOL;CALL;Sep-26;23,00;27.25;34,75;0,99;;182
31/08/26;REPSOL;CALL;Sep-26;24,00;27.25;33,69;0,96;;137
31/08/26;REPSOL;CALL;Sep-26;25,00;27.25;32,62;0,89;;523
31/08/26;REPSOL;CALL;Sep-26;26,00;27.25;31,56;0,76;;188
31/08/26;REPSOL;CALL;Sep-26;27,00;27.25;30,50;0,57;1;198
31/08/26;REPSOL;CALL;Sep-26;28,00;27.25;29,83;0,36;100;297
31/08/26;REPSOL;CALL;Sep-26;29,00;27.25;29,29;0,18;4;17
31/08/26;REPSOL;CALL;Sep-26;30,00;27.25;28,75;0,07;20;26
31/08/26;REPSOL;CALL;Sep-26;31,00;27.25;28,21;0,02;;1
31/08/26;REPSOL;CALL;Oct-26;26,00;27.25;31,34;0,69;1;3
31/08/26;REPSOL;CALL;Oct-26;27,00;27.25;30,53;0,57;1;16
31/08/26;REPSOL;CALL;Oct-26;28,00;27.25;30,16;0,43;;14
31/08/26;REPSOL;CALL;Oct-26;29,00;27.25;29,94;0,31;1;2
31/08/26;REPSOL;CALL;Oct-26;30,00;27.25;29,72;0,20;2;37
31/08/26;REPSOL;CALL;Oct-26;31,00;27.25;29,50;0,13;;2
31/08/26;REPSOL;CALL;Oct-26;34,00;27.25;28,84;0,02;;43
31/08/26;REPSOL;CALL;Nov-26;28,00;27.25;31,62;0,47;;5
31/08/26;REPSOL;CALL;Dic-26;12,00;27.25;41,50;1,00;;2
31/08/26;REPSOL;CALL;Dic-26;13,00;27.25;40,84;1,00;;10
31/08/26;REPSOL;CALL;Dic-26;15,00;27.25;39,52;1,00;;150
31/08/26;REPSOL;CALL;Dic-26;15,50;27.25;39,19;1,00;;160
31/08/26;REPSOL;CALL;Dic-26;16,00;27.25;38,86;1,00;;150
31/08/26;REPSOL;CALL;Dic-26;16,50;27.25;38,53;0,99;;150
31/08/26;REPSOL;CALL;Dic-26;17,00;27.25;38,20;0,99;;75
31/08/26;REPSOL;CALL;Dic-26;17,50;27.25;37,87;0,99;;48
31/08/26;REPSOL;CALL;Dic-26;18,00;27.25;37,54;0,98;;107
31/08/26;REPSOL;CALL;Dic-26;18,50;27.25;37,21;0,98;;354
31/08/26;REPSOL;CALL;Dic-26;19,00;27.25;36,88;0,97;;15
31/08/26;REPSOL;CALL;Dic-26;19,50;27.25;36,55;0,97;;101
31/08/26;REPSOL;CALL;Dic-26;20,00;27.25;36,22;0,95;;55
31/08/26;REPSOL;CALL;Dic-26;21,00;27.25;35,56;0,93;;7
31/08/26;REPSOL;CALL;Dic-26;22,00;27.25;34,90;0,90;;4.060
31/08/26;REPSOL;CALL;Dic-26;23,00;27.25;34,24;0,85;;12
31/08/26;REPSOL;CALL;Dic-26;24,00;27.25;33,58;0,79;;11.627
31/08/26;REPSOL;CALL;Dic-26;25,00;27.25;32,92;0,73;;78
31/08/26;REPSOL;CALL;Dic-26;26,00;27.25;32,26;0,65;;1.189
31/08/26;REPSOL;CALL;Dic-26;27,00;27.25;31,60;0,57;;13
31/08/26;REPSOL;CALL;Dic-26;28,00;27.25;31,15;0,49;;79
31/08/26;REPSOL;CALL;Dic-26;29,00;27.25;30,77;0,41;;25
31/08/26;REPSOL;CALL;Dic-26;30,00;27.25;30,39;0,33;;63
31/08/26;REPSOL;CALL;Dic-26;31,00;27.25;30,01;0,26;;11
31/08/26;REPSOL;CALL;Dic-26;32,00;27.25;29,63;0,20;;9
31/08/26;REPSOL;CALL;Mar-27;14,50;27.25;40,79;1,00;;5
31/08/26;REPSOL;CALL;Mar-27;16,00;27.25;39,63;0,99;;15
31/08/26;REPSOL;CALL;Mar-27;16,50;27.25;39,24;0,98;;25
31/08/26;REPSOL;CALL;Mar-27;17,00;27.25;38,86;0,98;;2
31/08/26;REPSOL;CALL;Mar-27;17,50;27.25;38,47;0,97;;32
31/08/26;REPSOL;CALL;Mar-27;18,00;27.25;38,09;0,97;;55
31/08/26;REPSOL;CALL;Mar-27;18,50;27.25;37,70;0,96;;16
31/08/26;REPSOL;CALL;Mar-27;19,00;27.25;37,32;0,95;;35
31/08/26;REPSOL;CALL;Mar-27;19,50;27.25;36,93;0,94;;10
31/08/26;REPSOL;CALL;Mar-27;20,00;27.25;36,55;0,92;;20
31/08/26;REPSOL;CALL;Mar-27;22,00;27.25;35,01;0,85;;27
31/08/26;REPSOL;CALL;Mar-27;23,00;27.25;34,24;0,81;;4.000
31/08/26;REPSOL;CALL;Mar-27;24,00;27.25;33,46;0,76;;331
31/08/26;REPSOL;CALL;Mar-27;25,00;27.25;32,69;0,70;;174
31/08/26;REPSOL;CALL;Mar-27;26,00;27.25;31,92;0,64;;6
31/08/26;REPSOL;CALL;Mar-27;27,00;27.25;31,15;0,57;;30
31/08/26;REPSOL;CALL;Mar-27;28,00;27.25;30,76;0,50;;2
31/08/26;REPSOL;CALL;Mar-27;29,00;27.25;30,49;0,44;;2.015
31/08/26;REPSOL;CALL;Mar-27;30,00;27.25;30,22;0,38;;2
31/08/26;REPSOL;CALL;Mar-27;31,00;27.25;29,95;0,32;;2
31/08/26;REPSOL;CALL;Mar-27;32,00;27.25;29,68;0,26;;180
31/08/26;REPSOL;CALL;Jun-27;11,00;27.25;41,23;1,00;;1
31/08/26;REPSOL;CALL;Jun-27;15,00;27.25;38,49;0,99;;75
31/08/26;REPSOL;CALL;Jun-27;15,50;27.25;38,15;0,98;;50
31/08/26;REPSOL;CALL;Jun-27;16,50;27.25;37,46;0,97;;53
31/08/26;REPSOL;CALL;Jun-27;17,00;27.25;37,12;0,96;;1.019
31/08/26;REPSOL;CALL;Jun-27;17,50;27.25;36,78;0,95;;27
31/08/26;REPSOL;CALL;Jun-27;19,00;27.25;35,75;0,92;;1
31/08/26;REPSOL;CALL;Jun-27;19,50;27.25;35,41;0,91;;1
31/08/26;REPSOL;CALL;Jun-27;25,00;27.25;31,64;0,68;;2
31/08/26;REPSOL;CALL;Jun-27;26,00;27.25;30,96;0,63;;8
31/08/26;REPSOL;CALL;Jun-27;27,00;27.25;30,27;0,57;;3
31/08/26;REPSOL;CALL;Jun-27;28,00;27.25;29,93;0,52;;100
31/08/26;REPSOL;CALL;Jun-27;30,00;27.25;29,46;0,41;;31
31/08/26;REPSOL;CALL;Sep-27;15,50;27.25;38,60;0,98;;1
31/08/26;REPSOL;CALL;Sep-27;18,00;27.25;36,82;0,93;;3.000
31/08/26;REPSOL;CALL;Sep-27;18,50;27.25;36,47;0,92;;3.000
31/08/26;REPSOL;CALL;Sep-27;20,00;27.25;35,40;0,88;;2.000
31/08/26;REPSOL;CALL;Sep-27;21,00;27.25;34,69;0,84;;6
31/08/26;REPSOL;CALL;Sep-27;22,00;27.25;33,98;0,80;;5
31/08/26;REPSOL;CALL;Sep-27;24,00;27.25;32,57;0,72;;17
31/08/26;REPSOL;CALL;Sep-27;27,00;27.25;30,44;0,57;;1
31/08/26;REPSOL;CALL;Dic-27;12,00;27.25;40,70;1,00;;2
31/08/26;REPSOL;CALL;Dic-27;14,00;27.25;39,28;0,99;;1.400
31/08/26;REPSOL;CALL;Dic-27;15,00;27.25;38,57;0,98;;149
31/08/26;REPSOL;CALL;Dic-27;15,50;27.25;38,22;0,97;;2
31/08/26;REPSOL;CALL;Dic-27;16,00;27.25;37,86;0,96;;3
31/08/26;REPSOL;CALL;Dic-27;16,50;27.25;37,51;0,95;;1.528
31/08/26;REPSOL;CALL;Dic-27;17,00;27.25;37,15;0,94;;24
31/08/26;REPSOL;CALL;Dic-27;17,50;27.25;36,80;0,93;;2
31/08/26;REPSOL;CALL;Dic-27;18,00;27.25;36,44;0,92;;3
31/08/26;REPSOL;CALL;Dic-27;19,50;27.25;35,38;0,87;;5
31/08/26;REPSOL;CALL;Dic-27;20,00;27.25;35,02;0,86;;10.000
31/08/26;REPSOL;CALL;Dic-27;23,00;27.25;32,90;0,75;;4
31/08/26;REPSOL;CALL;Dic-27;24,00;27.25;32,19;0,71;;5.000
31/08/26;REPSOL;CALL;Dic-27;25,00;27.25;31,48;0,66;;1
31/08/26;REPSOL;CALL;Dic-27;27,00;27.25;30,06;0,58;10;20
31/08/26;REPSOL;CALL;Mar-28;16,50;27.25;36,87;0,95;;1
31/08/26;REPSOL;CALL;Mar-28;18,00;27.25;35,85;0,91;;1
31/08/26;REPSOL;CALL;Mar-28;19,00;27.25;35,16;0,88;;5
31/08/26;REPSOL;CALL;Mar-28;24,00;27.25;31,74;0,70;;6
31/08/26;REPSOL;CALL;Mar-28;25,00;27.25;31,05;0,66;;1.000
31/08/26;REPSOL;CALL;Mar-28;26,00;27.25;30,37;0,62;;2.000
31/08/26;REPSOL;CALL;Mar-28;27,00;27.25;29,68;0,58;;2.000
31/08/26;REPSOL;CALL;Mar-28;32,00;27.25;28,81;0,38;;2.000
31/08/26;REPSOL;CALL;Mar-28;33,00;27.25;28,67;0,35;;1.800
31/08/26;REPSOL;CALL;Jun-28;10,00;27.25;40,37;1,00;;10
31/08/26;REPSOL;CALL;Jun-28;19,00;27.25;34,87;0,87;;6
31/08/26;REPSOL;CALL;Jun-28;20,00;27.25;34,25;0,84;;10
31/08/26;REPSOL;CALL;Jun-28;22,00;27.25;33,03;0,77;;4
31/08/26;REPSOL;CALL;Jun-28;24,00;27.25;31,81;0,70;;2.500
31/08/26;REPSOL;CALL;Jun-28;32,00;27.25;29,12;0,40;;1.002
31/08/26;REPSOL;CALL;Jun-28;34,00;27.25;28,83;0,34;;1.000
31/08/26;REPSOL;CALL;Sep-28;18,50;27.25;35,02;0,89;;1
31/08/26;REPSOL;CALL;Dic-28;16,00;27.25;35,80;0,95;;2.000
31/08/26;REPSOL;CALL;Dic-28;24,00;27.25;31,79;0,69;;1.520
31/08/26;REPSOL;CALL;Dic-28;27,00;27.25;30,29;0,59;;1
31/08/26;REPSOL;CALL;Dic-28;29,00;27.25;29,97;0,52;;8
31/08/26;REPSOL;CALL;Dic-28;34,00;27.25;29,42;0,37;;1
31/08/26;REPSOL;CALL;Dic-29;10,00;27.25;36,73;1,00;;200
31/08/26;REPSOL;CALL;Dic-29;11,50;27.25;36,20;1,00;;1
31/08/26;REPSOL;CALL;Dic-29;12,00;27.25;36,02;1,00;;1
31/08/26;REPSOL;CALL;Dic-29;12,50;27.25;35,84;1,00;;3
31/08/26;REPSOL;CALL;Dic-29;17,00;27.25;34,25;0,92;;25
31/08/26;REPSOL;CALL;Dic-30;22,00;27.25;32,29;0,74;;1.500
31/08/26;REPSOL;CALL;Dic-30;26,00;27.25;31,22;0,63;;3.000
31/08/26;REPSOL;PUT;Sep-26;6,75;27.25;51,17;;;2
31/08/26;REPSOL;PUT;Sep-26;10,50;27.25;47,18;;;9
31/08/26;REPSOL;PUT;Sep-26;11,00;27.25;46,64;;;30
31/08/26;REPSOL;PUT;Sep-26;11,50;27.25;46,11;;;51
31/08/26;REPSOL;PUT;Sep-26;12,00;27.25;45,58;;;295
31/08/26;REPSOL;PUT;Sep-26;12,50;27.25;45,05;;;80
31/08/26;REPSOL;PUT;Sep-26;13,00;27.25;44,52;;;119
31/08/26;REPSOL;PUT;Sep-26;13,50;27.25;43,98;;;12
31/08/26;REPSOL;PUT;Sep-26;14,00;27.25;43,45;;;143
31/08/26;REPSOL;PUT;Sep-26;14,50;27.25;42,92;;;277
31/08/26;REPSOL;PUT;Sep-26;15,00;27.25;42,39;;;35
31/08/26;REPSOL;PUT;Sep-26;15,50;27.25;41,85;;;6
31/08/26;REPSOL;PUT;Sep-26;16,00;27.25;41,32;;;10
31/08/26;REPSOL;PUT;Sep-26;16,50;27.25;40,79;;;200
31/08/26;REPSOL;PUT;Sep-26;17,00;27.25;40,26;;;654
31/08/26;REPSOL;PUT;Sep-26;17,50;27.25;39,73;;;204
31/08/26;REPSOL;PUT;Sep-26;18,00;27.25;39,19;;;15.360
31/08/26;REPSOL;PUT;Sep-26;18,50;27.25;38,66;;;211
31/08/26;REPSOL;PUT;Sep-26;19,00;27.25;38,13;;;14
31/08/26;REPSOL;PUT;Sep-26;19,50;27.25;37,60;;;104
31/08/26;REPSOL;PUT;Sep-26;20,00;27.25;37,07;;;8
31/08/26;REPSOL;PUT;Sep-26;20,50;27.25;36,53;;;5
31/08/26;REPSOL;PUT;Sep-26;21,00;27.25;36,00;;;1.504
31/08/26;REPSOL;PUT;Sep-26;22,00;27.25;34,94;;;1.105
31/08/26;REPSOL;PUT;Sep-26;23,00;27.25;33,87;-0,01;;200
31/08/26;REPSOL;PUT;Sep-26;24,00;27.25;32,81;-0,04;;48
31/08/26;REPSOL;PUT;Sep-26;25,00;27.25;31,74;-0,10;10;413
31/08/26;REPSOL;PUT;Sep-26;26,00;27.25;30,68;-0,23;;164
31/08/26;REPSOL;PUT;Sep-26;27,00;27.25;29,62;-0,43;151;302
31/08/26;REPSOL;PUT;Sep-26;28,00;27.25;28,95;-0,65;;2
31/08/26;REPSOL;PUT;Sep-26;29,00;27.25;28,41;-0,83;;3
31/08/26;REPSOL;PUT;Oct-26;22,00;27.25;33,05;-0,03;;2
31/08/26;REPSOL;PUT;Oct-26;23,00;27.25;32,24;-0,06;;2
31/08/26;REPSOL;PUT;Oct-26;24,00;27.25;31,43;-0,11;14;53
31/08/26;REPSOL;PUT;Oct-26;25,00;27.25;30,63;-0,19;;1
31/08/26;REPSOL;PUT;Oct-26;26,00;27.25;29,82;-0,30;1;8
31/08/26;REPSOL;PUT;Oct-26;27,00;27.25;29,01;-0,44;2;151
31/08/26;REPSOL;PUT;Nov-26;24,00;27.25;31,56;-0,17;;6
31/08/26;REPSOL;PUT;Nov-26;26,00;27.25;30,09;-0,33;1;1
31/08/26;REPSOL;PUT;Dic-26;8,00;27.25;42,26;;;9.500
31/08/26;REPSOL;PUT;Dic-26;8,75;27.25;41,76;;;1
31/08/26;REPSOL;PUT;Dic-26;9,00;27.25;41,60;;;13.015
31/08/26;REPSOL;PUT;Dic-26;9,50;27.25;41,26;;;750
31/08/26;REPSOL;PUT;Dic-26;10,00;27.25;40,93;;;34.000
31/08/26;REPSOL;PUT;Dic-26;10,50;27.25;40,60;;;1.000
31/08/26;REPSOL;PUT;Dic-26;11,00;27.25;40,27;;;15.621
31/08/26;REPSOL;PUT;Dic-26;11,50;27.25;39,94;;;3.187
31/08/26;REPSOL;PUT;Dic-26;12,00;27.25;39,61;;;15.760
31/08/26;REPSOL;PUT;Dic-26;12,50;27.25;39,28;;;156
31/08/26;REPSOL;PUT;Dic-26;13,00;27.25;38,95;;;12.000
31/08/26;REPSOL;PUT;Dic-26;13,50;27.25;38,62;;;1
31/08/26;REPSOL;PUT;Dic-26;14,00;27.25;38,29;;;11.025
31/08/26;REPSOL;PUT;Dic-26;14,50;27.25;37,96;;;224
31/08/26;REPSOL;PUT;Dic-26;15,00;27.25;37,63;;;4.184
31/08/26;REPSOL;PUT;Dic-26;15,50;27.25;37,30;;;21.501
31/08/26;REPSOL;PUT;Dic-26;16,00;27.25;36,97;;;2.160
31/08/26;REPSOL;PUT;Dic-26;16,50;27.25;36,64;;;161
31/08/26;REPSOL;PUT;Dic-26;17,00;27.25;36,31;-0,01;;136
31/08/26;REPSOL;PUT;Dic-26;17,50;27.25;35,98;-0,01;;160
31/08/26;REPSOL;PUT;Dic-26;18,00;27.25;35,65;-0,01;;26
31/08/26;REPSOL;PUT;Dic-26;18,50;27.25;35,32;-0,02;;1
31/08/26;REPSOL;PUT;Dic-26;19,00;27.25;34,99;-0,02;;4.102
31/08/26;REPSOL;PUT;Dic-26;19,50;27.25;34,66;-0,03;;116
31/08/26;REPSOL;PUT;Dic-26;20,00;27.25;34,33;-0,04;;2.035
31/08/26;REPSOL;PUT;Dic-26;20,50;27.25;34,00;-0,05;;4
31/08/26;REPSOL;PUT;Dic-26;21,00;27.25;33,67;-0,06;;293
31/08/26;REPSOL;PUT;Dic-26;22,00;27.25;33,01;-0,09;;74
31/08/26;REPSOL;PUT;Dic-26;23,00;27.25;32,35;-0,14;;136
31/08/26;REPSOL;PUT;Dic-26;24,00;27.25;31,69;-0,20;;47
31/08/26;REPSOL;PUT;Dic-26;25,00;27.25;31,03;-0,27;1;17
31/08/26;REPSOL;PUT;Dic-26;26,00;27.25;30,37;-0,34;;31
31/08/26;REPSOL;PUT;Dic-26;27,00;27.25;29,71;-0,43;16;28
31/08/26;REPSOL;PUT;Dic-26;28,00;27.25;29,26;-0,52;;20
31/08/26;REPSOL;PUT;Dic-26;33,00;27.25;27,36;-0,90;10;10
31/08/26;REPSOL;PUT;Mar-27;7,25;27.25;43,98;;;4
31/08/26;REPSOL;PUT;Mar-27;8,00;27.25;43,40;;;1
31/08/26;REPSOL;PUT;Mar-27;10,00;27.25;41,86;;;245
31/08/26;REPSOL;PUT;Mar-27;11,50;27.25;40,71;;;216
31/08/26;REPSOL;PUT;Mar-27;12,00;27.25;40,32;;;210
31/08/26;REPSOL;PUT;Mar-27;12,50;27.25;39,94;;;401
31/08/26;REPSOL;PUT;Mar-27;13,50;27.25;39,17;-0,01;;4
31/08/26;REPSOL;PUT;Mar-27;14,00;27.25;38,78;-0,01;;55
31/08/26;REPSOL;PUT;Mar-27;14,50;27.25;38,40;-0,01;;100
31/08/26;REPSOL;PUT;Mar-27;15,00;27.25;38,01;-0,01;;140
31/08/26;REPSOL;PUT;Mar-27;15,50;27.25;37,63;-0,02;;250
31/08/26;REPSOL;PUT;Mar-27;16,00;27.25;37,24;-0,02;;754
31/08/26;REPSOL;PUT;Mar-27;16,50;27.25;36,85;-0,03;;25
31/08/26;REPSOL;PUT;Mar-27;17,00;27.25;36,47;-0,03;;75
31/08/26;REPSOL;PUT;Mar-27;18,00;27.25;35,70;-0,05;;20
31/08/26;REPSOL;PUT;Mar-27;18,50;27.25;35,31;-0,06;;6
31/08/26;REPSOL;PUT;Mar-27;19,00;27.25;34,93;-0,07;;100
31/08/26;REPSOL;PUT;Mar-27;20,00;27.25;34,16;-0,09;;300
31/08/26;REPSOL;PUT;Mar-27;21,00;27.25;33,39;-0,13;;210
31/08/26;REPSOL;PUT;Mar-27;22,00;27.25;32,62;-0,16;;22
31/08/26;REPSOL;PUT;Mar-27;23,00;27.25;31,85;-0,21;;10
31/08/26;REPSOL;PUT;Mar-27;24,00;27.25;31,07;-0,26;;3
31/08/26;REPSOL;PUT;Mar-27;25,00;27.25;30,30;-0,32;;115
31/08/26;REPSOL;PUT;Mar-27;26,00;27.25;29,53;-0,39;;18
31/08/26;REPSOL;PUT;Mar-27;27,00;27.25;28,76;-0,46;;30
31/08/26;REPSOL;PUT;Mar-27;28,00;27.25;28,37;-0,53;;2
31/08/26;REPSOL;PUT;Mar-27;29,00;27.25;28,10;-0,60;1;2
31/08/26;REPSOL;PUT;Jun-27;8,00;27.25;41,54;;;25.000
31/08/26;REPSOL;PUT;Jun-27;9,50;27.25;40,51;;;40
31/08/26;REPSOL;PUT;Jun-27;10,00;27.25;40,17;;;10
31/08/26;REPSOL;PUT;Jun-27;10,50;27.25;39,82;;;2
31/08/26;REPSOL;PUT;Jun-27;11,50;27.25;39,14;;;80
31/08/26;REPSOL;PUT;Jun-27;12,00;27.25;38,80;-0,01;;210
31/08/26;REPSOL;PUT;Jun-27;12,50;27.25;38,45;-0,01;;200
31/08/26;REPSOL;PUT;Jun-27;13,00;27.25;38,11;-0,01;;5.010
31/08/26;REPSOL;PUT;Jun-27;13,50;27.25;37,77;-0,01;;183
31/08/26;REPSOL;PUT;Jun-27;14,00;27.25;37,43;-0,02;;38
31/08/26;REPSOL;PUT;Jun-27;14,50;27.25;37,08;-0,02;;20
31/08/26;REPSOL;PUT;Jun-27;15,00;27.25;36,74;-0,02;;20
31/08/26;REPSOL;PUT;Jun-27;16,00;27.25;36,06;-0,04;;95
31/08/26;REPSOL;PUT;Jun-27;18,00;27.25;34,69;-0,07;;30
31/08/26;REPSOL;PUT;Jun-27;19,50;27.25;33,66;-0,10;;100
31/08/26;REPSOL;PUT;Jun-27;21,00;27.25;32,63;-0,15;;2
31/08/26;REPSOL;PUT;Jun-27;22,00;27.25;31,95;-0,19;;2
31/08/26;REPSOL;PUT;Jun-27;23,00;27.25;31,26;-0,23;;2
31/08/26;REPSOL;PUT;Jun-27;24,00;27.25;30,58;-0,28;;1
31/08/26;REPSOL;PUT;Jun-27;25,00;27.25;29,89;-0,33;;1
31/08/26;REPSOL;PUT;Jun-27;26,00;27.25;29,21;-0,39;;2
31/08/26;REPSOL;PUT;Jun-27;28,00;27.25;28,18;-0,50;;10
31/08/26;REPSOL;PUT;Sep-27;10,50;27.25;40,17;-0,01;;100
31/08/26;REPSOL;PUT;Sep-27;11,00;27.25;39,82;-0,01;;101
31/08/26;REPSOL;PUT;Sep-27;11,50;27.25;39,46;-0,01;;100
31/08/26;REPSOL;PUT;Sep-27;12,00;27.25;39,11;-0,01;;104
31/08/26;REPSOL;PUT;Sep-27;14,00;27.25;37,69;-0,03;;25
31/08/26;REPSOL;PUT;Sep-27;14,50;27.25;37,34;-0,04;;420
31/08/26;REPSOL;PUT;Sep-27;15,00;27.25;36,98;-0,04;;2
31/08/26;REPSOL;PUT;Sep-27;15,50;27.25;36,63;-0,05;;159
31/08/26;REPSOL;PUT;Sep-27;18,00;27.25;34,85;-0,10;;1.000
31/08/26;REPSOL;PUT;Sep-27;19,00;27.25;34,14;-0,12;;5
31/08/26;REPSOL;PUT;Sep-27;24,00;27.25;30,60;-0,31;;1
31/08/26;REPSOL;PUT;Sep-27;25,00;27.25;29,89;-0,35;;1
31/08/26;REPSOL;PUT;Dic-27;7,75;27.25;40,81;;;234
31/08/26;REPSOL;PUT;Dic-27;8,00;27.25;40,64;;;23.000
31/08/26;REPSOL;PUT;Dic-27;8,50;27.25;40,28;;;8.000
31/08/26;REPSOL;PUT;Dic-27;9,00;27.25;39,93;;;7.000
31/08/26;REPSOL;PUT;Dic-27;9,75;27.25;39,40;-0,01;;62
31/08/26;REPSOL;PUT;Dic-27;10,00;27.25;39,22;-0,01;;11.028
31/08/26;REPSOL;PUT;Dic-27;10,50;27.25;38,86;-0,01;;12.938
31/08/26;REPSOL;PUT;Dic-27;11,00;27.25;38,51;-0,01;;27.620
31/08/26;REPSOL;PUT;Dic-27;12,00;27.25;37,80;-0,02;;1
31/08/26;REPSOL;PUT;Dic-27;12,50;27.25;37,44;-0,02;;25
31/08/26;REPSOL;PUT;Dic-27;13,00;27.25;37,09;-0,03;;266
31/08/26;REPSOL;PUT;Dic-27;14,00;27.25;36,38;-0,04;;15.000
31/08/26;REPSOL;PUT;Dic-27;14,50;27.25;36,03;-0,04;;7
31/08/26;REPSOL;PUT;Dic-27;15,00;27.25;35,67;-0,05;;7.001
31/08/26;REPSOL;PUT;Dic-27;16,00;27.25;34,96;-0,07;;30.000
31/08/26;REPSOL;PUT;Dic-27;16,50;27.25;34,61;-0,07;;1.525
31/08/26;REPSOL;PUT;Dic-27;17,00;27.25;34,25;-0,08;;25
31/08/26;REPSOL;PUT;Dic-27;18,00;27.25;33,54;-0,11;;101
31/08/26;REPSOL;PUT;Dic-27;19,00;27.25;32,83;-0,13;;3
31/08/26;REPSOL;PUT;Dic-27;20,00;27.25;32,12;-0,16;;3
31/08/26;REPSOL;PUT;Dic-27;21,00;27.25;31,41;-0,19;;50
31/08/26;REPSOL;PUT;Dic-27;22,00;27.25;30,70;-0,23;;20
31/08/26;REPSOL;PUT;Dic-27;23,00;27.25;30,00;-0,27;;9
31/08/26;REPSOL;PUT;Dic-27;24,00;27.25;29,29;-0,31;;10
31/08/26;REPSOL;PUT;Dic-27;25,00;27.25;28,58;-0,35;;1
31/08/26;REPSOL;PUT;Dic-27;26,00;27.25;27,87;-0,40;;3
31/08/26;REPSOL;PUT;Mar-28;12,00;27.25;36,18;-0,02;;1.000
31/08/26;REPSOL;PUT;Mar-28;13,50;27.25;35,15;-0,04;;1.000
31/08/26;REPSOL;PUT;Mar-28;18,00;27.25;32,07;-0,12;;151
31/08/26;REPSOL;PUT;Mar-28;21,00;27.25;30,01;-0,21;;120
31/08/26;REPSOL;PUT;Mar-28;22,00;27.25;29,33;-0,24;;114
31/08/26;REPSOL;PUT;Mar-28;26,00;27.25;26,59;-0,41;;25
31/08/26;REPSOL;PUT;Jun-28;18,00;27.25;31,41;-0,12;;4.000
31/08/26;REPSOL;PUT;Jun-28;19,50;27.25;30,49;-0,17;;1
31/08/26;REPSOL;PUT;Jun-28;20,00;27.25;30,18;-0,18;;3.000
31/08/26;REPSOL;PUT;Jun-28;21,00;27.25;29,57;-0,21;;120
31/08/26;REPSOL;PUT;Jun-28;22,00;27.25;28,96;-0,25;;6.500
31/08/26;REPSOL;PUT;Jun-28;23,00;27.25;28,35;-0,28;;107
31/08/26;REPSOL;PUT;Sep-28;18,00;27.25;31,13;-0,14;;300
31/08/26;REPSOL;PUT;Dic-28;9,00;27.25;34,97;-0,01;;40.500
31/08/26;REPSOL;PUT;Dic-28;10,00;27.25;34,47;-0,02;;10.000
31/08/26;REPSOL;PUT;Dic-28;11,50;27.25;33,72;-0,03;;1.000
31/08/26;REPSOL;PUT;Dic-28;14,50;27.25;32,21;-0,07;;1
31/08/26;REPSOL;PUT;Dic-28;15,00;27.25;31,96;-0,08;;30.250
31/08/26;REPSOL;PUT;Dic-28;18,00;27.25;30,46;-0,14;;1.000
31/08/26;REPSOL;PUT;Dic-28;19,50;27.25;29,71;-0,18;;1
31/08/26;REPSOL;PUT;Dic-28;23,00;27.25;27,95;-0,30;;1
31/08/26;REPSOL;PUT;Dic-28;24,00;27.25;27,45;-0,33;;1.515
31/08/26;REPSOL;PUT;Dic-28;26,00;27.25;26,45;-0,41;;9
31/08/26;REPSOL;PUT;Jun-29;11,00;27.25;32,84;-0,03;;140
31/08/26;REPSOL;PUT;Dic-29;7,75;27.25;32,82;-0,01;;30.000
31/08/26;REPSOL;PUT;Dic-29;8,00;27.25;32,73;-0,01;;17.000
31/08/26;REPSOL;PUT;Dic-29;11,00;27.25;31,66;-0,04;;20.000
31/08/26;REPSOL;PUT;Dic-29;11,50;27.25;31,49;-0,04;;17.000
31/08/26;REPSOL;PUT;Dic-29;12,50;27.25;31,13;-0,06;;800
31/08/26;REPSOL;PUT;Dic-29;28,00;27.25;25,87;-0,47;;25
31/08/26;REPSOL;PUT;Dic-30;14,00;27.25;29,48;-0,10;;3.000
31/08/26;REPSOL;PUT;Dic-30;18,50;27.25;28,26;-0,20;;3.000
31/08/26;REPSOL;CALL;Sep-26;14,00;27.25;44,33;1,00;;1
31/08/26;REPSOL;CALL;Sep-26;14,50;27.25;43,80;1,00;;1
31/08/26;REPSOL;CALL;Sep-26;22,00;27.25;35,82;1,00;;73
31/08/26;REPSOL;CALL;Sep-26;22,00;27.25;35,82;1,00;;10
31/08/26;REPSOL;CALL;Sep-26;23,00;27.25;34,75;0,99;4;20
31/08/26;REPSOL;CALL;Sep-26;24,00;27.25;33,69;0,96;;1
31/08/26;REPSOL;CALL;Sep-26;24,00;27.25;33,69;0,96;;10
31/08/26;REPSOL;CALL;Sep-26;25,00;27.25;32,62;0,89;;10
31/08/26;REPSOL;CALL;Sep-26;26,00;27.25;31,56;0,76;;19
31/08/26;REPSOL;CALL;Sep-26;26,00;27.25;31,56;0,76;;10
31/08/26;REPSOL;CALL;Sep-26;27,00;27.25;30,50;0,57;5;41
31/08/26;REPSOL;CALL;Sep-26;28,00;27.25;29,83;0,36;;10
31/08/26;REPSOL;CALL;Sep-26;28,00;27.25;29,83;0,36;;20
31/08/26;REPSOL;CALL;Sep-26;29,00;27.25;29,29;0,18;;8
31/08/26;REPSOL;CALL;Oct-26;20,00;27.25;36,18;0,99;;6
31/08/26;REPSOL;CALL;Oct-26;28,00;27.25;30,16;0,43;;6
31/08/26;REPSOL;CALL;Oct-26;30,00;27.25;29,72;0,20;;3
31/08/26;REPSOL;CALL;Dic-26;14,50;27.25;39,85;0,99;;1
31/08/26;REPSOL;CALL;Dic-26;15,00;27.25;39,52;0,99;;33
31/08/26;REPSOL;CALL;Dic-26;17,00;27.25;38,20;0,98;;7
31/08/26;REPSOL;CALL;Dic-26;18,00;27.25;37,54;0,98;;26
31/08/26;REPSOL;CALL;Dic-26;21,00;27.25;35,56;0,92;;10
31/08/26;REPSOL;CALL;Dic-26;23,00;27.25;34,24;0,84;;6
31/08/26;REPSOL;CALL;Dic-26;24,00;27.25;33,58;0,79;;106
31/08/26;REPSOL;CALL;Dic-26;24,00;27.25;33,58;0,79;;10
31/08/26;REPSOL;CALL;Dic-26;25,00;27.25;32,92;0,72;;17
31/08/26;REPSOL;CALL;Dic-26;26,00;27.25;32,26;0,65;;80
31/08/26;REPSOL;CALL;Dic-26;26,00;27.25;32,26;0,65;;20
31/08/26;REPSOL;CALL;Dic-26;27,00;27.25;31,60;0,57;;16
31/08/26;REPSOL;CALL;Dic-26;28,00;27.25;31,15;0,48;;20
31/08/26;REPSOL;CALL;Mar-27;22,00;27.25;35,01;0,81;;1
31/08/26;REPSOL;CALL;Mar-27;23,00;27.25;34,24;0,77;;1
31/08/26;REPSOL;CALL;Mar-27;24,00;27.25;33,46;0,72;;6
31/08/26;REPSOL;CALL;Mar-27;25,00;27.25;32,69;0,67;;5
31/08/26;REPSOL;CALL;Mar-27;26,00;27.25;31,92;0,61;;5
31/08/26;REPSOL;CALL;Jun-27;23,00;27.25;33,01;0,75;4;4
31/08/26;REPSOL;CALL;Jun-27;28,00;27.25;29,93;0,51;;15
31/08/26;REPSOL;CALL;Dic-27;12,00;27.25;40,70;0,94;;15.000
31/08/26;REPSOL;CALL;Dic-27;16,00;27.25;37,86;0,89;;7
31/08/26;REPSOL;CALL;Jun-28;26,00;27.25;30,58;0,58;;1
31/08/26;REPSOL;CALL;Dic-28;15,25;27.25;36,18;0,85;;750
31/08/26;REPSOL;CALL;Jun-29;26,00;27.25;31,24;0,57;;1
31/08/26;REPSOL;PUT;Sep-26;11,00;27.25;46,64;;;1.200
31/08/26;REPSOL;PUT;Sep-26;16,00;27.25;41,32;;;10
31/08/26;REPSOL;PUT;Sep-26;18,00;27.25;39,19;;;5
31/08/26;REPSOL;PUT;Sep-26;19,00;27.25;38,13;;;15
31/08/26;REPSOL;PUT;Sep-26;19,50;27.25;37,60;;;10
31/08/26;REPSOL;PUT;Sep-26;23,00;27.25;33,87;-0,01;;5
31/08/26;REPSOL;PUT;Sep-26;24,00;27.25;32,81;-0,04;;20
31/08/26;REPSOL;PUT;Sep-26;24,00;27.25;32,81;-0,04;;2
31/08/26;REPSOL;PUT;Sep-26;25,00;27.25;31,74;-0,10;;2
31/08/26;REPSOL;PUT;Sep-26;26,00;27.25;30,68;-0,23;;45
31/08/26;REPSOL;PUT;Sep-26;27,00;27.25;29,62;-0,42;;10
31/08/26;REPSOL;PUT;Oct-26;25,00;27.25;30,63;-0,19;;5
31/08/26;REPSOL;PUT;Oct-26;27,00;27.25;29,01;-0,43;;5
31/08/26;REPSOL;PUT;Nov-26;24,00;27.25;31,56;-0,17;1;6
31/08/26;REPSOL;PUT;Dic-26;11,00;27.25;40,27;;;1
31/08/26;REPSOL;PUT;Dic-26;13,50;27.25;38,62;;;150
31/08/26;REPSOL;PUT;Dic-26;14,50;27.25;37,96;;;150
31/08/26;REPSOL;PUT;Dic-26;15,00;27.25;37,63;;;1
31/08/26;REPSOL;PUT;Dic-26;15,50;27.25;37,30;;;450
31/08/26;REPSOL;PUT;Dic-26;17,00;27.25;36,31;-0,01;;154
31/08/26;REPSOL;PUT;Dic-26;18,00;27.25;35,65;-0,01;;7
31/08/26;REPSOL;PUT;Dic-26;20,00;27.25;34,33;-0,04;;20
31/08/26;REPSOL;PUT;Dic-26;21,00;27.25;33,67;-0,06;;10
31/08/26;REPSOL;PUT;Dic-26;22,00;27.25;33,01;-0,09;;10
31/08/26;REPSOL;PUT;Dic-26;22,00;27.25;33,01;-0,09;;15
31/08/26;REPSOL;PUT;Dic-26;24,00;27.25;31,69;-0,19;;36
31/08/26;REPSOL;PUT;Dic-26;25,00;27.25;31,03;-0,26;;30
31/08/26;REPSOL;PUT;Dic-26;30,00;27.25;28,50;-0,68;;10
31/08/26;REPSOL;PUT;Mar-27;11,50;27.25;40,71;;;1
31/08/26;REPSOL;PUT;Jun-27;24,00;27.25;30,58;-0,27;;5
31/08/26;REPSOL;PUT;Sep-27;17,00;27.25;35,56;-0,07;;5
31/08/26;REPSOL;PUT;Dic-28;15,25;27.25;31,84;-0,08;;750
31/08/26;SACYR;CALL;Nov-26;4,50;4.24;25,60;0,35;;80
31/08/26;SACYR;CALL;Dic-26;3,70;4.24;26,91;0,85;;10
31/08/26;SACYR;CALL;Dic-26;3,90;4.24;26,80;0,76;;25
31/08/26;SACYR;CALL;Dic-26;4,00;4.24;26,74;0,70;;5
31/08/26;SACYR;CALL;Dic-26;4,20;4.24;26,63;0,57;;20
31/08/26;SACYR;CALL;Dic-26;4,30;4.24;26,43;0,51;;43
31/08/26;SACYR;CALL;Dic-26;4,50;4.24;25,85;0,38;;10
31/08/26;SACYR;CALL;Dic-26;4,70;4.24;25,27;0,27;;10
31/08/26;SACYR;CALL;Dic-26;4,80;4.24;24,97;0,22;;10
31/08/26;SACYR;CALL;Dic-26;5,00;4.24;24,39;0,13;;30
31/08/26;SACYR;CALL;Mar-27;3,70;4.24;25,29;0,81;;10
31/08/26;SACYR;CALL;Mar-27;3,80;4.24;25,23;0,77;;10
31/08/26;SACYR;CALL;Mar-27;4,80;4.24;24,06;0,28;;20.000
31/08/26;SACYR;CALL;Jun-27;3,90;4.24;24,22;0,70;;25
31/08/26;SACYR;CALL;Jun-27;4,80;4.24;23,47;0,33;;10
31/08/26;SACYR;CALL;Jun-27;4,90;4.24;23,36;0,29;;20
31/08/26;SACYR;CALL;Jun-27;5,00;4.24;23,25;0,26;;10
31/08/26;SACYR;CALL;Dic-27;4,00;4.24;23,37;0,65;;25
31/08/26;SACYR;PUT;Sep-26;3,60;4.24;25,41;;;20
31/08/26;SACYR;PUT;Sep-26;4,30;4.24;25,16;-0,59;;5
31/08/26;SACYR;PUT;Sep-26;4,50;4.24;25,16;-0,85;;100
31/08/26;SACYR;PUT;Oct-26;4,50;4.24;24,88;-0,73;;100
31/08/26;SACYR;PUT;Dic-26;3,50;4.24;26,58;-0,08;;10
31/08/26;SACYR;PUT;Dic-26;4,50;4.24;25,41;-0,63;;1.000
31/08/26;SACYR;PUT;Dic-26;4,70;4.24;24,83;-0,76;;50
31/08/26;SACYR;PUT;Dic-26;5,00;4.24;23,95;-0,90;;100
31/08/26;SACYR;PUT;Mar-27;4,20;4.24;24,96;-0,45;;3
31/08/26;SACYR;PUT;Jun-27;3,40;4.24;24,49;-0,13;;20
31/08/26;SACYR;PUT;Jun-27;3,80;4.24;24,33;-0,26;;10
31/08/26;SACYR;PUT;Jun-27;3,90;4.24;24,29;-0,31;;10
31/08/26;SACYR;PUT;Jun-27;4,30;4.24;24,09;-0,48;;3
31/08/26;SACYR;PUT;Jun-27;4,50;4.24;23,87;-0,57;;1.000
31/08/26;SANTANDER;CALL;Sep-26;5,50;12.66;51,80;1,00;;16
31/08/26;SANTANDER;CALL;Sep-26;5,75;12.66;50,86;1,00;;1
31/08/26;SANTANDER;CALL;Sep-26;6,50;12.66;48,04;1,00;;11
31/08/26;SANTANDER;CALL;Sep-26;7,00;12.66;46,16;1,00;;4
31/08/26;SANTANDER;CALL;Sep-26;7,75;12.66;43,34;1,00;;30
31/08/26;SANTANDER;CALL;Sep-26;8,00;12.66;42,40;1,00;;100
31/08/26;SANTANDER;CALL;Sep-26;8,50;12.66;40,51;1,00;;458
31/08/26;SANTANDER;CALL;Sep-26;8,75;12.66;39,57;1,00;;3.200
31/08/26;SANTANDER;CALL;Sep-26;9,00;12.66;38,63;1,00;;1
31/08/26;SANTANDER;CALL;Sep-26;9,25;12.66;37,69;1,00;;9
31/08/26;SANTANDER;CALL;Sep-26;9,50;12.66;36,75;1,00;;9
31/08/26;SANTANDER;CALL;Sep-26;9,75;12.66;35,81;1,00;15;5.031
31/08/26;SANTANDER;CALL;Sep-26;10,00;12.66;34,87;1,00;;51
31/08/26;SANTANDER;CALL;Sep-26;10,50;12.66;32,99;1,00;1;155
31/08/26;SANTANDER;CALL;Sep-26;11,00;12.66;31,10;0,98;;23
31/08/26;SANTANDER;CALL;Sep-26;11,50;12.66;29,22;0,94;;10
31/08/26;SANTANDER;CALL;Sep-26;12,00;12.66;27,34;0,82;1;11.069
31/08/26;SANTANDER;CALL;Sep-26;12,50;12.66;25,46;0,61;;19
31/08/26;SANTANDER;CALL;Sep-26;12,75;12.66;24,78;0,47;;9
31/08/26;SANTANDER;CALL;Sep-26;13,00;12.66;24,60;0,33;;10.064
31/08/26;SANTANDER;CALL;Sep-26;13,50;12.66;24,25;0,13;30;721
31/08/26;SANTANDER;CALL;Sep-26;14,00;12.66;23,89;0,03;;10
31/08/26;SANTANDER;CALL;Sep-26;14,50;12.66;23,54;0,01;;3
31/08/26;SANTANDER;CALL;Oct-26;11,00;12.66;32,90;0,90;;1
31/08/26;SANTANDER;CALL;Oct-26;11,50;12.66;31,16;0,83;;12
31/08/26;SANTANDER;CALL;Oct-26;12,50;12.66;27,69;0,58;;2
31/08/26;SANTANDER;CALL;Oct-26;13,00;12.66;26,84;0,42;;1.006
31/08/26;SANTANDER;CALL;Oct-26;13,50;12.66;26,42;0,27;;21
31/08/26;SANTANDER;CALL;Oct-26;14,00;12.66;25,99;0,16;3;100
31/08/26;SANTANDER;CALL;Oct-26;14,50;12.66;25,57;0,08;;1
31/08/26;SANTANDER;CALL;Nov-26;13,00;12.66;28,35;0,45;;2
31/08/26;SANTANDER;CALL;Dic-26;3,00;12.66;61,82;1,00;;1
31/08/26;SANTANDER;CALL;Dic-26;4,00;12.66;58,50;1,00;;100
31/08/26;SANTANDER;CALL;Dic-26;4,50;12.66;56,85;1,00;;1
31/08/26;SANTANDER;CALL;Dic-26;4,80;12.66;55,85;1,00;;5.050
31/08/26;SANTANDER;CALL;Dic-26;4,90;12.66;55,52;1,00;;50
31/08/26;SANTANDER;CALL;Dic-26;5,00;12.66;55,19;1,00;;25
31/08/26;SANTANDER;CALL;Dic-26;5,25;12.66;54,36;1,00;;25
31/08/26;SANTANDER;CALL;Dic-26;5,75;12.66;52,70;1,00;;6
31/08/26;SANTANDER;CALL;Dic-26;6,00;12.66;51,87;1,00;;7
31/08/26;SANTANDER;CALL;Dic-26;6,50;12.66;50,21;1,00;;5
31/08/26;SANTANDER;CALL;Dic-26;7,00;12.66;48,55;1,00;;86
31/08/26;SANTANDER;CALL;Dic-26;7,50;12.66;46,90;0,99;;28
31/08/26;SANTANDER;CALL;Dic-26;7,75;12.66;46,07;0,99;;2
31/08/26;SANTANDER;CALL;Dic-26;8,00;12.66;45,24;0,99;;10.163
31/08/26;SANTANDER;CALL;Dic-26;8,25;12.66;44,41;0,98;;110
31/08/26;SANTANDER;CALL;Dic-26;8,50;12.66;43,58;0,98;;100
31/08/26;SANTANDER;CALL;Dic-26;8,75;12.66;42,75;0,97;;22
31/08/26;SANTANDER;CALL;Dic-26;9,00;12.66;41,92;0,96;;335
31/08/26;SANTANDER;CALL;Dic-26;9,25;12.66;41,09;0,95;;2
31/08/26;SANTANDER;CALL;Dic-26;9,50;12.66;40,26;0,94;;75
31/08/26;SANTANDER;CALL;Dic-26;9,75;12.66;39,43;0,92;;5
31/08/26;SANTANDER;CALL;Dic-26;10,00;12.66;38,61;0,91;;67
31/08/26;SANTANDER;CALL;Dic-26;10,50;12.66;36,95;0,86;;77
31/08/26;SANTANDER;CALL;Dic-26;11,00;12.66;35,29;0,81;;68
31/08/26;SANTANDER;CALL;Dic-26;11,50;12.66;33,63;0,74;;377
31/08/26;SANTANDER;CALL;Dic-26;12,00;12.66;31,97;0,66;;57
31/08/26;SANTANDER;CALL;Dic-26;12,50;12.66;30,31;0,56;;85.903
31/08/26;SANTANDER;CALL;Dic-26;13,00;12.66;29,48;0,46;6.000;16.015
31/08/26;SANTANDER;CALL;Dic-26;13,50;12.66;29,04;0,37;;52
31/08/26;SANTANDER;CALL;Dic-26;14,00;12.66;28,61;0,28;103;112
31/08/26;SANTANDER;CALL;Dic-26;14,50;12.66;28,18;0,21;;105
31/08/26;SANTANDER;CALL;Mar-27;4,60;12.66;55,39;1,00;;25
31/08/26;SANTANDER;CALL;Mar-27;4,70;12.66;55,10;1,00;;25
31/08/26;SANTANDER;CALL;Mar-27;4,80;12.66;54,80;1,00;;50
31/08/26;SANTANDER;CALL;Mar-27;4,90;12.66;54,50;1,00;;50
31/08/26;SANTANDER;CALL;Mar-27;5,00;12.66;54,21;1,00;;50
31/08/26;SANTANDER;CALL;Mar-27;5,25;12.66;53,46;1,00;;25
31/08/26;SANTANDER;CALL;Mar-27;6,00;12.66;51,23;0,99;;25
31/08/26;SANTANDER;CALL;Mar-27;6,25;12.66;50,49;0,99;;25
31/08/26;SANTANDER;CALL;Mar-27;7,50;12.66;46,77;0,96;;1
31/08/26;SANTANDER;CALL;Mar-27;8,00;12.66;45,28;0,95;;3
31/08/26;SANTANDER;CALL;Mar-27;9,25;12.66;41,56;0,88;;140
31/08/26;SANTANDER;CALL;Mar-27;9,50;12.66;40,82;0,87;;36
31/08/26;SANTANDER;CALL;Mar-27;10,00;12.66;39,33;0,83;;20
31/08/26;SANTANDER;CALL;Mar-27;11,00;12.66;36,36;0,75;;1.820
31/08/26;SANTANDER;CALL;Mar-27;11,50;12.66;34,87;0,70;;52
31/08/26;SANTANDER;CALL;Mar-27;12,00;12.66;33,38;0,64;;6.615
31/08/26;SANTANDER;CALL;Mar-27;12,50;12.66;31,90;0,57;;52.506
31/08/26;SANTANDER;CALL;Mar-27;13,00;12.66;31,16;0,51;;5.105
31/08/26;SANTANDER;CALL;Mar-27;13,50;12.66;30,79;0,44;;6.100
31/08/26;SANTANDER;CALL;Mar-27;14,00;12.66;30,43;0,38;;42
31/08/26;SANTANDER;CALL;Mar-27;14,50;12.66;30,06;0,32;;100
31/08/26;SANTANDER;CALL;Mar-27;15,00;12.66;29,69;0,26;;120
31/08/26;SANTANDER;CALL;Mar-27;15,50;12.66;29,32;0,21;;26
31/08/26;SANTANDER;CALL;Mar-27;16,00;12.66;28,95;0,16;;13
31/08/26;SANTANDER;CALL;Jun-27;6,00;12.66;47,93;0,99;;25
31/08/26;SANTANDER;CALL;Jun-27;6,25;12.66;47,33;0,98;;25
31/08/26;SANTANDER;CALL;Jun-27;6,50;12.66;46,74;0,98;;25
31/08/26;SANTANDER;CALL;Jun-27;6,75;12.66;46,15;0,97;;25
31/08/26;SANTANDER;CALL;Jun-27;7,00;12.66;45,56;0,96;;25
31/08/26;SANTANDER;CALL;Jun-27;7,25;12.66;44,97;0,95;;25
31/08/26;SANTANDER;CALL;Jun-27;8,25;12.66;42,60;0,91;;5
31/08/26;SANTANDER;CALL;Jun-27;9,00;12.66;40,82;0,88;;6.000
31/08/26;SANTANDER;CALL;Jun-27;9,75;12.66;39,04;0,83;;1
31/08/26;SANTANDER;CALL;Jun-27;10,00;12.66;38,45;0,81;;5.030
31/08/26;SANTANDER;CALL;Jun-27;10,50;12.66;37,27;0,78;;63
31/08/26;SANTANDER;CALL;Jun-27;11,00;12.66;36,08;0,73;;15
31/08/26;SANTANDER;CALL;Jun-27;12,00;12.66;33,71;0,64;;5.000
31/08/26;SANTANDER;CALL;Jun-27;12,50;12.66;32,53;0,58;;10
31/08/26;SANTANDER;CALL;Jun-27;13,00;12.66;31,91;0,53;;624
31/08/26;SANTANDER;CALL;Jun-27;13,50;12.66;31,57;0,47;;157
31/08/26;SANTANDER;CALL;Jun-27;15,00;12.66;30,54;0,32;;2.020
31/08/26;SANTANDER;CALL;Jun-27;16,00;12.66;29,86;0,23;;10
31/08/26;SANTANDER;CALL;Sep-27;9,00;12.66;39,64;0,86;;153
31/08/26;SANTANDER;CALL;Sep-27;10,00;12.66;37,64;0,80;;2
31/08/26;SANTANDER;CALL;Sep-27;12,00;12.66;33,64;0,64;;2
31/08/26;SANTANDER;CALL;Dic-27;2,30;12.66;51,62;1,00;;22
31/08/26;SANTANDER;CALL;Dic-27;4,20;12.66;48,11;1,00;;7.000
31/08/26;SANTANDER;CALL;Dic-27;4,90;12.66;46,83;1,00;;4
31/08/26;SANTANDER;CALL;Dic-27;5,00;12.66;46,64;1,00;;2
31/08/26;SANTANDER;CALL;Dic-27;5,25;12.66;46,18;0,99;;3
31/08/26;SANTANDER;CALL;Dic-27;5,50;12.66;45,72;0,99;;5
31/08/26;SANTANDER;CALL;Dic-27;7,00;12.66;42,96;0,94;;2.545
31/08/26;SANTANDER;CALL;Dic-27;7,50;12.66;42,03;0,92;;4
31/08/26;SANTANDER;CALL;Dic-27;8,00;12.66;41,11;0,90;;10
31/08/26;SANTANDER;CALL;Dic-27;8,50;12.66;40,19;0,88;;2
31/08/26;SANTANDER;CALL;Dic-27;9,00;12.66;39,27;0,85;;152
31/08/26;SANTANDER;CALL;Dic-27;9,25;12.66;38,81;0,84;;25
31/08/26;SANTANDER;CALL;Dic-27;10,00;12.66;37,43;0,79;;20
31/08/26;SANTANDER;CALL;Dic-27;10,50;12.66;36,51;0,76;;1
31/08/26;SANTANDER;CALL;Dic-27;11,00;12.66;35,59;0,72;;5.000
31/08/26;SANTANDER;CALL;Dic-27;11,50;12.66;34,66;0,68;;150
31/08/26;SANTANDER;CALL;Dic-27;12,00;12.66;33,74;0,64;;6
31/08/26;SANTANDER;CALL;Dic-27;14,00;12.66;31,71;0,47;;52.500
31/08/26;SANTANDER;CALL;Dic-27;15,00;12.66;31,11;0,39;;25.000
31/08/26;SANTANDER;CALL;Dic-27;15,50;12.66;30,80;0,35;;2
31/08/26;SANTANDER;CALL;Mar-28;8,75;12.66;39,14;0,85;;1
31/08/26;SANTANDER;CALL;Mar-28;9,00;12.66;38,72;0,84;;450
31/08/26;SANTANDER;CALL;Mar-28;9,25;12.66;38,30;0,83;;300
31/08/26;SANTANDER;CALL;Mar-28;9,50;12.66;37,88;0,81;;50
31/08/26;SANTANDER;CALL;Mar-28;9,75;12.66;37,46;0,80;;250
31/08/26;SANTANDER;CALL;Mar-28;10,00;12.66;37,04;0,78;;126
31/08/26;SANTANDER;CALL;Mar-28;12,00;12.66;33,67;0,64;;150
31/08/26;SANTANDER;CALL;Mar-28;13,50;12.66;32,04;0,52;;150
31/08/26;SANTANDER;CALL;Mar-28;14,00;12.66;31,74;0,48;;10.000
31/08/26;SANTANDER;CALL;Jun-28;6,00;12.66;43,22;0,97;;3
31/08/26;SANTANDER;CALL;Jun-28;7,75;12.66;40,50;0,90;;4
31/08/26;SANTANDER;CALL;Jun-28;9,50;12.66;37,78;0,81;;5
31/08/26;SANTANDER;CALL;Jun-28;10,00;12.66;37,01;0,78;;150
31/08/26;SANTANDER;CALL;Jun-28;12,50;12.66;33,12;0,61;;3
31/08/26;SANTANDER;CALL;Jun-28;15,50;12.66;31,30;0,39;;3.500
31/08/26;SANTANDER;CALL;Sep-28;13,00;12.66;32,89;0,58;;3
31/08/26;SANTANDER;CALL;Sep-28;15,50;12.66;31,58;0,41;;15
31/08/26;SANTANDER;CALL;Dic-28;8,50;12.66;39,07;0,85;;3.003
31/08/26;SANTANDER;CALL;Dic-28;9,00;12.66;38,38;0,83;;4
31/08/26;SANTANDER;CALL;Dic-28;12,00;12.66;34,28;0,65;;5.000
31/08/26;SANTANDER;CALL;Dic-28;12,50;12.66;33,59;0,62;;1
31/08/26;SANTANDER;PUT;Sep-26;4,00;12.66;59,60;;;2
31/08/26;SANTANDER;PUT;Sep-26;6,00;12.66;52,07;;;32.505
31/08/26;SANTANDER;PUT;Sep-26;6,75;12.66;49,25;;;103
31/08/26;SANTANDER;PUT;Sep-26;7,00;12.66;48,31;;;14.621
31/08/26;SANTANDER;PUT;Sep-26;7,50;12.66;46,43;;;210
31/08/26;SANTANDER;PUT;Sep-26;7,75;12.66;45,49;;;10.010
31/08/26;SANTANDER;PUT;Sep-26;8,00;12.66;44,55;;;10.209
31/08/26;SANTANDER;PUT;Sep-26;8,25;12.66;43,60;;;93
31/08/26;SANTANDER;PUT;Sep-26;8,50;12.66;42,66;;;5.001
31/08/26;SANTANDER;PUT;Sep-26;8,75;12.66;41,72;;;55
31/08/26;SANTANDER;PUT;Sep-26;9,00;12.66;40,78;;;133
31/08/26;SANTANDER;PUT;Sep-26;9,25;12.66;39,84;;;4.041
31/08/26;SANTANDER;PUT;Sep-26;9,50;12.66;38,90;;;690
31/08/26;SANTANDER;PUT;Sep-26;9,75;12.66;37,96;;;140
31/08/26;SANTANDER;PUT;Sep-26;10,00;12.66;37,02;;;13
31/08/26;SANTANDER;PUT;Sep-26;10,50;12.66;35,14;-0,01;1;2.225
31/08/26;SANTANDER;PUT;Sep-26;11,00;12.66;33,25;-0,03;;129
31/08/26;SANTANDER;PUT;Sep-26;11,50;12.66;31,37;-0,08;;25.405
31/08/26;SANTANDER;PUT;Sep-26;12,00;12.66;29,49;-0,19;;939
31/08/26;SANTANDER;PUT;Sep-26;12,25;12.66;28,55;-0,28;;3
31/08/26;SANTANDER;PUT;Sep-26;12,50;12.66;27,61;-0,40;2;336
31/08/26;SANTANDER;PUT;Sep-26;12,75;12.66;26,93;-0,53;;2
31/08/26;SANTANDER;PUT;Sep-26;13,00;12.66;26,75;-0,65;1;23
31/08/26;SANTANDER;PUT;Oct-26;10,00;12.66;37,07;-0,03;;4
31/08/26;SANTANDER;PUT;Oct-26;11,00;12.66;33,59;-0,10;;186
31/08/26;SANTANDER;PUT;Oct-26;11,50;12.66;31,85;-0,18;;694
31/08/26;SANTANDER;PUT;Oct-26;12,00;12.66;30,12;-0,28;;38
31/08/26;SANTANDER;PUT;Oct-26;12,50;12.66;28,38;-0,42;;18
31/08/26;SANTANDER;PUT;Oct-26;13,00;12.66;27,53;-0,58;20;27
31/08/26;SANTANDER;PUT;Nov-26;11,00;12.66;33,99;-0,18;;2
31/08/26;SANTANDER;PUT;Nov-26;11,50;12.66;32,30;-0,25;;1
31/08/26;SANTANDER;PUT;Nov-26;12,00;12.66;30,62;-0,34;;26
31/08/26;SANTANDER;PUT;Nov-26;12,50;12.66;28,93;-0,45;;1
31/08/26;SANTANDER;PUT;Dic-26;2,50;12.66;62,43;;;40
31/08/26;SANTANDER;PUT;Dic-26;2,80;12.66;61,43;;;60.000
31/08/26;SANTANDER;PUT;Dic-26;3,20;12.66;60,11;;;10
31/08/26;SANTANDER;PUT;Dic-26;3,40;12.66;59,44;;;2
31/08/26;SANTANDER;PUT;Dic-26;3,50;12.66;59,11;;;5
31/08/26;SANTANDER;PUT;Dic-26;3,60;12.66;58,78;;;50.002
31/08/26;SANTANDER;PUT;Dic-26;4,00;12.66;57,45;;;25.007
31/08/26;SANTANDER;PUT;Dic-26;4,20;12.66;56,79;;;25
31/08/26;SANTANDER;PUT;Dic-26;4,30;12.66;56,46;;;15.000
31/08/26;SANTANDER;PUT;Dic-26;4,40;12.66;56,13;;;10.000
31/08/26;SANTANDER;PUT;Dic-26;4,60;12.66;55,46;;;80
31/08/26;SANTANDER;PUT;Dic-26;4,70;12.66;55,13;;;5
31/08/26;SANTANDER;PUT;Dic-26;4,80;12.66;54,80;;;15.000
31/08/26;SANTANDER;PUT;Dic-26;4,90;12.66;54,47;;;150
31/08/26;SANTANDER;PUT;Dic-26;5,00;12.66;54,14;;;20.400
31/08/26;SANTANDER;PUT;Dic-26;5,25;12.66;53,31;;;600
31/08/26;SANTANDER;PUT;Dic-26;6,00;12.66;50,82;;;5.019
31/08/26;SANTANDER;PUT;Dic-26;6,25;12.66;49,99;;;5
31/08/26;SANTANDER;PUT;Dic-26;6,50;12.66;49,16;;;155
31/08/26;SANTANDER;PUT;Dic-26;6,75;12.66;48,33;-0,01;;156
31/08/26;SANTANDER;PUT;Dic-26;7,00;12.66;47,50;-0,01;;10.171
31/08/26;SANTANDER;PUT;Dic-26;7,25;12.66;46,68;-0,01;;50
31/08/26;SANTANDER;PUT;Dic-26;7,50;12.66;45,85;-0,01;;18
31/08/26;SANTANDER;PUT;Dic-26;7,75;12.66;45,02;-0,02;;51
31/08/26;SANTANDER;PUT;Dic-26;8,00;12.66;44,19;-0,02;;34.888
31/08/26;SANTANDER;PUT;Dic-26;8,25;12.66;43,36;-0,03;;611
31/08/26;SANTANDER;PUT;Dic-26;8,50;12.66;42,53;-0,03;;15.882
31/08/26;SANTANDER;PUT;Dic-26;8,75;12.66;41,70;-0,04;;856
31/08/26;SANTANDER;PUT;Dic-26;9,00;12.66;40,87;-0,05;;5.090
31/08/26;SANTANDER;PUT;Dic-26;9,25;12.66;40,04;-0,06;;999
31/08/26;SANTANDER;PUT;Dic-26;9,50;12.66;39,21;-0,08;;34
31/08/26;SANTANDER;PUT;Dic-26;9,75;12.66;38,38;-0,09;;20
31/08/26;SANTANDER;PUT;Dic-26;10,00;12.66;37,56;-0,11;;90.011
31/08/26;SANTANDER;PUT;Dic-26;10,50;12.66;35,90;-0,15;;15.226
31/08/26;SANTANDER;PUT;Dic-26;11,00;12.66;34,24;-0,21;;1.170
31/08/26;SANTANDER;PUT;Dic-26;11,50;12.66;32,58;-0,27;;81
31/08/26;SANTANDER;PUT;Dic-26;12,00;12.66;30,92;-0,36;;231
31/08/26;SANTANDER;PUT;Dic-26;12,50;12.66;29,26;-0,45;;184
31/08/26;SANTANDER;PUT;Dic-26;13,00;12.66;28,43;-0,55;;18
31/08/26;SANTANDER;PUT;Dic-26;13,50;12.66;27,99;-0,65;;100
31/08/26;SANTANDER;PUT;Dic-26;14,00;12.66;27,56;-0,74;;112
31/08/26;SANTANDER;PUT;Dic-26;16,00;12.66;25,82;-0,96;;1
31/08/26;SANTANDER;PUT;Mar-27;5,25;12.66;51,72;-0,01;;470
31/08/26;SANTANDER;PUT;Mar-27;5,50;12.66;50,98;-0,01;;150
31/08/26;SANTANDER;PUT;Mar-27;6,00;12.66;49,49;-0,01;;150
31/08/26;SANTANDER;PUT;Mar-27;6,75;12.66;47,26;-0,02;;371
31/08/26;SANTANDER;PUT;Mar-27;7,00;12.66;46,52;-0,03;;1
31/08/26;SANTANDER;PUT;Mar-27;7,25;12.66;45,77;-0,03;;16.000
31/08/26;SANTANDER;PUT;Mar-27;8,00;12.66;43,54;-0,06;;100
31/08/26;SANTANDER;PUT;Mar-27;8,25;12.66;42,80;-0,07;;5.400
31/08/26;SANTANDER;PUT;Mar-27;8,50;12.66;42,06;-0,08;;100
31/08/26;SANTANDER;PUT;Mar-27;8,75;12.66;41,31;-0,09;;5
31/08/26;SANTANDER;PUT;Mar-27;9,00;12.66;40,57;-0,10;;40
31/08/26;SANTANDER;PUT;Mar-27;9,25;12.66;39,82;-0,11;;3
31/08/26;SANTANDER;PUT;Mar-27;9,50;12.66;39,08;-0,13;;52.500
31/08/26;SANTANDER;PUT;Mar-27;9,75;12.66;38,34;-0,14;;6.700
31/08/26;SANTANDER;PUT;Mar-27;10,00;12.66;37,59;-0,16;;25
31/08/26;SANTANDER;PUT;Mar-27;10,50;12.66;36,11;-0,20;;30
31/08/26;SANTANDER;PUT;Mar-27;11,00;12.66;34,62;-0,25;;9.547
31/08/26;SANTANDER;PUT;Mar-27;11,50;12.66;33,13;-0,30;;100
31/08/26;SANTANDER;PUT;Mar-27;12,00;12.66;31,64;-0,37;;457
31/08/26;SANTANDER;PUT;Mar-27;12,50;12.66;30,16;-0,44;;21
31/08/26;SANTANDER;PUT;Mar-27;13,00;12.66;29,42;-0,51;;14.500
31/08/26;SANTANDER;PUT;Mar-27;14,50;12.66;28,32;-0,72;;1
31/08/26;SANTANDER;PUT;Jun-27;3,00;12.66;53,85;;;15.000
31/08/26;SANTANDER;PUT;Jun-27;4,00;12.66;51,48;;;1
31/08/26;SANTANDER;PUT;Jun-27;5,50;12.66;47,93;-0,02;;42
31/08/26;SANTANDER;PUT;Jun-27;6,00;12.66;46,75;-0,02;;20.100
31/08/26;SANTANDER;PUT;Jun-27;7,00;12.66;44,38;-0,05;;5.155
31/08/26;SANTANDER;PUT;Jun-27;7,25;12.66;43,79;-0,05;;150
31/08/26;SANTANDER;PUT;Jun-27;7,50;12.66;43,19;-0,06;;813
31/08/26;SANTANDER;PUT;Jun-27;7,75;12.66;42,60;-0,07;;150
31/08/26;SANTANDER;PUT;Jun-27;8,00;12.66;42,01;-0,08;;6.000
31/08/26;SANTANDER;PUT;Jun-27;8,75;12.66;40,23;-0,12;;10
31/08/26;SANTANDER;PUT;Jun-27;9,00;12.66;39,64;-0,13;;16.005
31/08/26;SANTANDER;PUT;Jun-27;9,50;12.66;38,46;-0,16;;5
31/08/26;SANTANDER;PUT;Jun-27;10,00;12.66;37,27;-0,19;;10.005
31/08/26;SANTANDER;PUT;Jun-27;10,50;12.66;36,09;-0,23;;5.004
31/08/26;SANTANDER;PUT;Jun-27;11,50;12.66;33,72;-0,32;;5.260
31/08/26;SANTANDER;PUT;Jun-27;12,00;12.66;32,53;-0,37;;5.025
31/08/26;SANTANDER;PUT;Jun-27;12,50;12.66;31,35;-0,43;;366
31/08/26;SANTANDER;PUT;Jun-27;13,00;12.66;30,73;-0,49;1;13
31/08/26;SANTANDER;PUT;Sep-27;8,00;12.66;40,60;-0,09;;315
31/08/26;SANTANDER;PUT;Sep-27;9,50;12.66;37,60;-0,17;;263
31/08/26;SANTANDER;PUT;Sep-27;9,75;12.66;37,10;-0,19;;25
31/08/26;SANTANDER;PUT;Sep-27;10,00;12.66;36,60;-0,20;;5
31/08/26;SANTANDER;PUT;Sep-27;12,00;12.66;32,60;-0,37;;1
31/08/26;SANTANDER;PUT;Sep-27;13,00;12.66;31,06;-0,47;;3
31/08/26;SANTANDER;PUT;Dic-27;3,30;12.66;48,32;;;10
31/08/26;SANTANDER;PUT;Dic-27;3,50;12.66;47,95;;;10.040
31/08/26;SANTANDER;PUT;Dic-27;3,90;12.66;47,22;-0,01;;10
31/08/26;SANTANDER;PUT;Dic-27;4,00;12.66;47,03;-0,01;;42
31/08/26;SANTANDER;PUT;Dic-27;4,20;12.66;46,66;-0,01;;7.000
31/08/26;SANTANDER;PUT;Dic-27;4,40;12.66;46,30;-0,01;;51.025
31/08/26;SANTANDER;PUT;Dic-27;4,70;12.66;45,74;-0,02;;10
31/08/26;SANTANDER;PUT;Dic-27;5,25;12.66;44,73;-0,02;;11.500
31/08/26;SANTANDER;PUT;Dic-27;5,50;12.66;44,27;-0,03;;1
31/08/26;SANTANDER;PUT;Dic-27;5,75;12.66;43,81;-0,03;;50.000
31/08/26;SANTANDER;PUT;Dic-27;6,00;12.66;43,35;-0,04;;5.150
31/08/26;SANTANDER;PUT;Dic-27;6,25;12.66;42,89;-0,05;;150
31/08/26;SANTANDER;PUT;Dic-27;6,50;12.66;42,43;-0,05;;151
31/08/26;SANTANDER;PUT;Dic-27;6,75;12.66;41,97;-0,06;;150
31/08/26;SANTANDER;PUT;Dic-27;7,00;12.66;41,51;-0,07;;10.500
31/08/26;SANTANDER;PUT;Dic-27;7,25;12.66;41,05;-0,08;;325
31/08/26;SANTANDER;PUT;Dic-27;7,50;12.66;40,58;-0,09;;300
31/08/26;SANTANDER;PUT;Dic-27;7,75;12.66;40,12;-0,10;;5.000
31/08/26;SANTANDER;PUT;Dic-27;8,00;12.66;39,66;-0,11;;75
31/08/26;SANTANDER;PUT;Dic-27;8,50;12.66;38,74;-0,13;;10.003
31/08/26;SANTANDER;PUT;Dic-27;8,75;12.66;38,28;-0,15;;23
31/08/26;SANTANDER;PUT;Dic-27;9,00;12.66;37,82;-0,16;;4.000
31/08/26;SANTANDER;PUT;Dic-27;9,75;12.66;36,44;-0,20;;25.000
31/08/26;SANTANDER;PUT;Dic-27;10,00;12.66;35,98;-0,22;;40.176
31/08/26;SANTANDER;PUT;Dic-27;10,50;12.66;35,06;-0,26;;4.745
31/08/26;SANTANDER;PUT;Dic-27;11,00;12.66;34,14;-0,29;;30.002
31/08/26;SANTANDER;PUT;Dic-27;11,50;12.66;33,21;-0,33;;25
31/08/26;SANTANDER;PUT;Dic-27;12,00;12.66;32,29;-0,38;;302
31/08/26;SANTANDER;PUT;Dic-27;12,50;12.66;31,37;-0,42;;25
31/08/26;SANTANDER;PUT;Mar-28;9,00;12.66;36,68;-0,16;;3.150
31/08/26;SANTANDER;PUT;Mar-28;9,25;12.66;36,26;-0,18;;150
31/08/26;SANTANDER;PUT;Mar-28;9,75;12.66;35,42;-0,21;;5
31/08/26;SANTANDER;PUT;Mar-28;10,00;12.66;35,00;-0,22;;150
31/08/26;SANTANDER;PUT;Mar-28;10,50;12.66;34,16;-0,26;;387
31/08/26;SANTANDER;PUT;Mar-28;11,00;12.66;33,31;-0,29;;20.175
31/08/26;SANTANDER;PUT;Mar-28;12,00;12.66;31,63;-0,37;;150
31/08/26;SANTANDER;PUT;Jun-28;5,00;12.66;42,22;-0,03;;10.000
31/08/26;SANTANDER;PUT;Jun-28;10,50;12.66;33,68;-0,26;;10.000
31/08/26;SANTANDER;PUT;Jun-28;11,00;12.66;32,90;-0,30;;381
31/08/26;SANTANDER;PUT;Jun-28;11,50;12.66;32,13;-0,34;;450
31/08/26;SANTANDER;PUT;Jun-28;12,00;12.66;31,35;-0,37;;602
31/08/26;SANTANDER;PUT;Jun-28;12,50;12.66;30,57;-0,41;;3.500
31/08/26;SANTANDER;PUT;Dic-28;4,20;12.66;41,42;-0,02;;10.000
31/08/26;SANTANDER;PUT;Dic-28;6,00;12.66;38,96;-0,06;;12.500
31/08/26;SANTANDER;PUT;Dic-28;8,00;12.66;36,22;-0,14;;15.500
31/08/26;SANTANDER;PUT;Dic-28;8,50;12.66;35,54;-0,16;;3.000
31/08/26;SANTANDER;PUT;Dic-28;9,00;12.66;34,85;-0,19;;5.000
31/08/26;SANTANDER;PUT;Dic-28;10,00;12.66;33,49;-0,24;;12.000
31/08/26;SANTANDER;PUT;Dic-29;3,90;12.66;39,28;-0,02;;3.250
31/08/26;SANTANDER;PUT;Dic-29;5,50;12.66;37,47;-0,06;;25.000
31/08/26;SANTANDER;PUT;Dic-29;8,00;12.66;34,64;-0,15;;11.000
31/08/26;SANTANDER;PUT;Dic-29;10,50;12.66;31,81;-0,28;;100
31/08/26;SANTANDER;PUT;Dic-30;6,00;12.66;35,95;-0,09;;10.000
31/08/26;SANTANDER;PUT;Dic-30;12,50;12.66;29,28;-0,39;;58
31/08/26;SANTANDER;PUT;Dic-30;13,00;12.66;28,98;-0,42;;185
31/08/26;SANTANDER;CALL;Sep-26;9,00;12.66;38,63;1,00;;10
31/08/26;SANTANDER;CALL;Sep-26;10,50;12.66;32,99;0,99;;40
31/08/26;SANTANDER;CALL;Sep-26;11,00;12.66;31,10;0,98;;40
31/08/26;SANTANDER;CALL;Sep-26;11,00;12.66;31,10;0,98;;10
31/08/26;SANTANDER;CALL;Sep-26;11,50;12.66;29,22;0,94;;10
31/08/26;SANTANDER;CALL;Sep-26;11,50;12.66;29,22;0,94;;60
31/08/26;SANTANDER;CALL;Sep-26;12,00;12.66;27,34;0,82;;4.030
31/08/26;SANTANDER;CALL;Sep-26;12,00;12.66;27,34;0,82;;20
31/08/26;SANTANDER;CALL;Sep-26;12,50;12.66;25,46;0,61;;20
31/08/26;SANTANDER;CALL;Sep-26;12,50;12.66;25,46;0,61;;80
31/08/26;SANTANDER;CALL;Sep-26;12,75;12.66;24,78;0,47;;20
31/08/26;SANTANDER;CALL;Sep-26;13,00;12.66;24,60;0,33;;20
31/08/26;SANTANDER;CALL;Sep-26;13,00;12.66;24,60;0,33;;4.510
31/08/26;SANTANDER;CALL;Sep-26;13,50;12.66;24,25;0,13;;9.000
31/08/26;SANTANDER;CALL;Sep-26;13,50;12.66;24,25;0,13;;50
31/08/26;SANTANDER;CALL;Oct-26;11,00;12.66;32,90;0,90;;40
31/08/26;SANTANDER;CALL;Oct-26;12,00;12.66;29,43;0,72;;32
31/08/26;SANTANDER;CALL;Oct-26;12,50;12.66;27,69;0,58;;10
31/08/26;SANTANDER;CALL;Oct-26;13,00;12.66;26,84;0,42;10;40
31/08/26;SANTANDER;CALL;Oct-26;14,00;12.66;25,99;0,16;;38.947
31/08/26;SANTANDER;CALL;Dic-26;6,50;12.66;50,21;0,99;;36
31/08/26;SANTANDER;CALL;Dic-26;8,00;12.66;45,24;0,97;;2
31/08/26;SANTANDER;CALL;Dic-26;8,50;12.66;43,58;0,95;;2
31/08/26;SANTANDER;CALL;Dic-26;8,75;12.66;42,75;0,95;;25
31/08/26;SANTANDER;CALL;Dic-26;9,00;12.66;41,92;0,94;;10
31/08/26;SANTANDER;CALL;Dic-26;10,00;12.66;38,61;0,88;;10
31/08/26;SANTANDER;CALL;Dic-26;10,50;12.66;36,95;0,84;;12
31/08/26;SANTANDER;CALL;Dic-26;12,00;12.66;31,97;0,64;;20
31/08/26;SANTANDER;CALL;Dic-26;12,50;12.66;30,31;0,55;;2
31/08/26;SANTANDER;CALL;Dic-26;13,50;12.66;29,04;0,36;;2
31/08/26;SANTANDER;CALL;Dic-26;14,00;12.66;28,61;0,28;;365
31/08/26;SANTANDER;CALL;Mar-27;4,00;12.66;57,18;0,98;;30
31/08/26;SANTANDER;CALL;Mar-27;5,00;12.66;54,21;0,98;;20
31/08/26;SANTANDER;CALL;Mar-27;10,00;12.66;39,33;0,82;;1
31/08/26;SANTANDER;CALL;Mar-27;12,50;12.66;31,90;0,57;;1
31/08/26;SANTANDER;CALL;Sep-27;11,00;12.66;35,64;0,70;;1
31/08/26;SANTANDER;CALL;Dic-27;10,00;12.66;37,43;0,75;;1
31/08/26;SANTANDER;CALL;Dic-27;14,00;12.66;31,71;0,44;;4
31/08/26;SANTANDER;CALL;Dic-28;6,00;12.66;42,49;0,87;;51
31/08/26;SANTANDER;CALL;Dic-28;7,00;12.66;41,12;0,84;;2
31/08/26;SANTANDER;PUT;Sep-26;6,25;12.66;51,13;;;1.700
31/08/26;SANTANDER;PUT;Sep-26;7,50;12.66;46,43;;;900
31/08/26;SANTANDER;PUT;Sep-26;8,25;12.66;43,60;;;50
31/08/26;SANTANDER;PUT;Sep-26;9,50;12.66;38,90;;;10
31/08/26;SANTANDER;PUT;Sep-26;10,50;12.66;35,14;-0,01;;30.010
31/08/26;SANTANDER;PUT;Sep-26;11,00;12.66;33,25;-0,03;;1
31/08/26;SANTANDER;PUT;Sep-26;11,50;12.66;31,37;-0,08;;11
31/08/26;SANTANDER;PUT;Sep-26;11,50;12.66;31,37;-0,08;;20
31/08/26;SANTANDER;PUT;Sep-26;12,00;12.66;29,49;-0,19;;20
31/08/26;SANTANDER;PUT;Sep-26;12,00;12.66;29,49;-0,19;;76
31/08/26;SANTANDER;PUT;Sep-26;12,50;12.66;27,61;-0,40;;200
31/08/26;SANTANDER;PUT;Sep-26;12,50;12.66;27,61;-0,40;;50
31/08/26;SANTANDER;PUT;Sep-26;13,00;12.66;26,75;-0,65;;120
31/08/26;SANTANDER;PUT;Sep-26;13,00;12.66;26,75;-0,65;;20
31/08/26;SANTANDER;PUT;Sep-26;13,50;12.66;26,40;-0,85;;20
31/08/26;SANTANDER;PUT;Sep-26;14,00;12.66;26,04;-0,95;;15
31/08/26;SANTANDER;PUT;Oct-26;11,00;12.66;33,59;-0,10;;2
31/08/26;SANTANDER;PUT;Oct-26;11,50;12.66;31,85;-0,18;;1
31/08/26;SANTANDER;PUT;Oct-26;11,50;12.66;31,85;-0,18;;10
31/08/26;SANTANDER;PUT;Oct-26;12,00;12.66;30,12;-0,28;;32
31/08/26;SANTANDER;PUT;Oct-26;12,50;12.66;28,38;-0,42;;12
31/08/26;SANTANDER;PUT;Oct-26;12,50;12.66;28,38;-0,42;;20
31/08/26;SANTANDER;PUT;Oct-26;13,00;12.66;27,53;-0,57;10;40
31/08/26;SANTANDER;PUT;Oct-26;14,50;12.66;26,26;-0,91;;5
31/08/26;SANTANDER;PUT;Dic-26;6,75;12.66;48,33;-0,01;;2.800
31/08/26;SANTANDER;PUT;Dic-26;9,00;12.66;40,87;-0,05;;10
31/08/26;SANTANDER;PUT;Dic-26;9,75;12.66;38,38;-0,09;;26
31/08/26;SANTANDER;PUT;Dic-26;10,00;12.66;37,56;-0,11;;25
31/08/26;SANTANDER;PUT;Dic-26;10,50;12.66;35,90;-0,15;;1
31/08/26;SANTANDER;PUT;Dic-26;11,00;12.66;34,24;-0,20;;20
31/08/26;SANTANDER;PUT;Dic-26;11,00;12.66;34,24;-0,20;;10
31/08/26;SANTANDER;PUT;Dic-26;11,50;12.66;32,58;-0,27;;2
31/08/26;SANTANDER;PUT;Dic-26;12,00;12.66;30,92;-0,35;;26
31/08/26;SANTANDER;PUT;Dic-26;12,50;12.66;29,26;-0,44;;1
31/08/26;SANTANDER;PUT;Dic-26;13,00;12.66;28,43;-0,54;;1
31/08/26;SANTANDER;PUT;Mar-27;9,00;12.66;40,57;-0,10;;2
31/08/26;SANTANDER;PUT;Mar-27;12,50;12.66;30,16;-0,42;;1
31/08/26;SANTANDER;PUT;Jun-27;11,50;12.66;33,72;-0,31;;1
31/08/26;SANTANDER;PUT;Dic-29;10,50;12.66;31,81;-0,25;;60
31/08/26;SOLARIA;CALL;Sep-26;18,00;16.96;45,68;0,30;;25
31/08/26;SOLARIA;CALL;Dic-26;18,00;16.96;46,32;0,47;;9
31/08/26;SOLARIA;CALL;Jun-27;16,50;16.96;44,64;0,63;;4
31/08/26;SOLARIA;PUT;Sep-26;16,00;16.96;48,38;-0,27;;5
31/08/26;SOLARIA;PUT;Sep-26;17,00;16.96;46,40;-0,49;;2
31/08/26;SOLARIA;PUT;Oct-26;15,00;16.96;50,90;-0,22;;4.000
31/08/26;SOLARIA;PUT;Dic-26;14,50;16.96;51,49;-0,24;;3
31/08/26;SOLARIA;PUT;Dic-26;18,00;16.96;46,26;-0,54;;5
31/08/26;SOLARIA;PUT;Dic-26;22,00;16.96;44,37;-0,83;;25
31/08/26;SOLARIA;PUT;Dic-26;23,00;16.96;43,90;-0,88;;20
31/08/26;SOLARIA;PUT;Dic-26;25,00;16.96;42,96;-0,96;;20
31/08/26;TECNICAS REUNIDAS;CALL;Sep-26;29,32;26.42;42,18;0,15;;1
31/08/26;TECNICAS REUNIDAS;CALL;Sep-26;30,24;26.42;41,82;0,08;;10
31/08/26;TECNICAS REUNIDAS;CALL;Sep-26;31,15;26.42;41,46;0,04;;3
31/08/26;TECNICAS REUNIDAS;CALL;Sep-26;32,07;26.42;41,10;0,02;;5
31/08/26;TECNICAS REUNIDAS;CALL;Sep-26;32,99;26.42;40,74;0,01;;13
31/08/26;TECNICAS REUNIDAS;CALL;Sep-26;33,90;26.42;40,38;;;6
31/08/26;TECNICAS REUNIDAS;CALL;Sep-26;34,82;26.42;40,02;;;135
31/08/26;TECNICAS REUNIDAS;CALL;Sep-26;36,65;26.42;39,31;;;5
31/08/26;TECNICAS REUNIDAS;CALL;Oct-26;34,82;26.42;42,60;0,04;;2
31/08/26;TECNICAS REUNIDAS;CALL;Oct-26;36,65;26.42;41,91;0,02;;5
31/08/26;TECNICAS REUNIDAS;CALL;Nov-26;30,24;26.42;45,01;0,29;;3
31/08/26;TECNICAS REUNIDAS;CALL;Dic-26;27,49;26.42;49,19;0,49;;10
31/08/26;TECNICAS REUNIDAS;CALL;Dic-26;41,23;26.42;44,68;0,04;;5
31/08/26;TECNICAS REUNIDAS;CALL;Mar-27;37,00;26.42;48,15;0,21;;1
31/08/26;TECNICAS REUNIDAS;CALL;Jun-27;29,00;26.42;46,70;0,49;;12
31/08/26;TECNICAS REUNIDAS;PUT;Sep-26;18,33;26.42;53,82;;;5
31/08/26;TECNICAS REUNIDAS;PUT;Sep-26;19,24;26.42;52,23;;;5
31/08/26;TECNICAS REUNIDAS;PUT;Sep-26;22,91;26.42;45,84;-0,07;;5
31/08/26;TECNICAS REUNIDAS;PUT;Sep-26;24,74;26.42;42,66;-0,23;;1
31/08/26;TECNICAS REUNIDAS;PUT;Sep-26;25,66;26.42;41,05;-0,35;;5
31/08/26;TECNICAS REUNIDAS;PUT;Sep-26;27,49;26.42;39,31;-0,66;;9
31/08/26;TECNICAS REUNIDAS;PUT;Oct-26;20,16;26.42;52,24;-0,06;;5
31/08/26;TECNICAS REUNIDAS;PUT;Oct-26;24,74;26.42;44,32;-0,31;;1
31/08/26;TECNICAS REUNIDAS;PUT;Nov-26;25,66;26.42;43,17;-0,45;;1
31/08/26;TECNICAS REUNIDAS;PUT;Dic-26;18,33;26.42;54,19;-0,09;;2
31/08/26;TECNICAS REUNIDAS;PUT;Dic-26;20,16;26.42;51,26;-0,15;;2
31/08/26;TECNICAS REUNIDAS;PUT;Dic-26;21,07;26.42;49,80;-0,19;;5
31/08/26;TECNICAS REUNIDAS;PUT;Dic-26;26,57;26.42;41,18;-0,51;;9
31/08/26;TECNICAS REUNIDAS;PUT;Dic-26;27,49;26.42;40,88;-0,57;;10
31/08/26;TECNICAS REUNIDAS;PUT;Mar-27;16,00;26.42;54,85;-0,08;;1
31/08/26;TECNICAS REUNIDAS;PUT;Mar-27;30,00;26.42;40,86;-0,64;;5
31/08/26;TECNICAS REUNIDAS;PUT;Jun-27;18,00;26.42;49,19;-0,14;;3
31/08/26;TECNICAS REUNIDAS;PUT;Jun-27;32,00;26.42;39,67;-0,67;;2
31/08/26;TECNICAS REUNIDAS;PUT;Dic-26;26,00;26.42;41,90;-0,46;;5
31/08/26;TECNICAS REUNIDAS;PUT;Dic-26;27,00;26.42;41,04;-0,53;;5
31/08/26;TELEFONICA;CALL;Sep-26;2,20;3.65;33,05;1,00;;2
31/08/26;TELEFONICA;CALL;Sep-26;3,50;3.65;21,65;0,82;;14
31/08/26;TELEFONICA;CALL;Sep-26;3,60;3.65;20,78;0,64;;165
31/08/26;TELEFONICA;CALL;Sep-26;3,70;3.65;20,18;0,40;1;139
31/08/26;TELEFONICA;CALL;Sep-26;3,80;3.65;19,88;0,20;;1.013
31/08/26;TELEFONICA;CALL;Sep-26;3,90;3.65;19,58;0,07;;25
31/08/26;TELEFONICA;CALL;Sep-26;4,00;3.65;19,28;0,02;;376
31/08/26;TELEFONICA;CALL;Sep-26;4,10;3.65;18,98;;;10.005
31/08/26;TELEFONICA;CALL;Sep-26;4,20;3.65;18,68;;;594
31/08/26;TELEFONICA;CALL;Sep-26;4,30;3.65;18,37;;;250
31/08/26;TELEFONICA;CALL;Sep-26;4,40;3.65;18,07;;;1.100
31/08/26;TELEFONICA;CALL;Sep-26;4,60;3.65;17,47;;;6
31/08/26;TELEFONICA;CALL;Oct-26;3,70;3.65;19,38;0,45;;36
31/08/26;TELEFONICA;CALL;Oct-26;3,80;3.65;19,10;0,30;42;92
31/08/26;TELEFONICA;CALL;Oct-26;3,90;3.65;18,82;0,18;;2
31/08/26;TELEFONICA;CALL;Nov-26;3,80;3.65;20,19;0,38;;2
31/08/26;TELEFONICA;CALL;Dic-26;2,90;3.65;26,67;0,96;;1
31/08/26;TELEFONICA;CALL;Dic-26;3,00;3.65;25,93;0,93;;10
31/08/26;TELEFONICA;CALL;Dic-26;3,30;3.65;23,72;0,82;;10
31/08/26;TELEFONICA;CALL;Dic-26;3,40;3.65;22,98;0,75;;65
31/08/26;TELEFONICA;CALL;Dic-26;3,50;3.65;22,24;0,68;;197
31/08/26;TELEFONICA;CALL;Dic-26;3,60;3.65;21,50;0,59;;86.509
31/08/26;TELEFONICA;CALL;Dic-26;3,70;3.65;20,98;0,50;;1.973
31/08/26;TELEFONICA;CALL;Dic-26;3,80;3.65;20,70;0,41;;329
31/08/26;TELEFONICA;CALL;Dic-26;3,90;3.65;20,42;0,32;3;657
31/08/26;TELEFONICA;CALL;Dic-26;4,00;3.65;20,13;0,24;;120.735
31/08/26;TELEFONICA;CALL;Dic-26;4,10;3.65;19,85;0,17;;560
31/08/26;TELEFONICA;CALL;Dic-26;4,20;3.65;19,57;0,12;;1.214
31/08/26;TELEFONICA;CALL;Dic-26;4,30;3.65;19,28;0,08;;511
31/08/26;TELEFONICA;CALL;Dic-26;4,40;3.65;19,00;0,05;;14
31/08/26;TELEFONICA;CALL;Dic-26;4,50;3.65;18,72;0,03;;43.670
31/08/26;TELEFONICA;CALL;Dic-26;4,60;3.65;18,43;0,01;;35.000
31/08/26;TELEFONICA;CALL;Dic-26;4,70;3.65;18,15;0,01;;20.010
31/08/26;TELEFONICA;CALL;Dic-26;4,90;3.65;17,58;;;8.004
31/08/26;TELEFONICA;CALL;Dic-26;5,00;3.65;17,30;;;771
31/08/26;TELEFONICA;CALL;Dic-26;5,25;3.65;16,59;;;8
31/08/26;TELEFONICA;CALL;Dic-26;5,50;3.65;15,89;;;2
31/08/26;TELEFONICA;CALL;Mar-27;2,20;3.65;29,34;0,99;;1
31/08/26;TELEFONICA;CALL;Mar-27;3,10;3.65;24,58;0,86;;30
31/08/26;TELEFONICA;CALL;Mar-27;3,20;3.65;24,05;0,82;;10
31/08/26;TELEFONICA;CALL;Mar-27;3,40;3.65;22,99;0,72;;1
31/08/26;TELEFONICA;CALL;Mar-27;3,50;3.65;22,46;0,66;;2
31/08/26;TELEFONICA;CALL;Mar-27;3,60;3.65;21,93;0,60;;52
31/08/26;TELEFONICA;CALL;Mar-27;3,70;3.65;21,52;0,53;;323
31/08/26;TELEFONICA;CALL;Mar-27;3,80;3.65;21,22;0,47;;3
31/08/26;TELEFONICA;CALL;Mar-27;3,90;3.65;20,93;0,40;;5
31/08/26;TELEFONICA;CALL;Mar-27;4,00;3.65;20,64;0,33;12;140
31/08/26;TELEFONICA;CALL;Mar-27;4,20;3.65;20,06;0,22;;70
31/08/26;TELEFONICA;CALL;Mar-27;4,30;3.65;19,76;0,17;;4
31/08/26;TELEFONICA;CALL;Mar-27;4,40;3.65;19,47;0,13;;5.000
31/08/26;TELEFONICA;CALL;Mar-27;4,60;3.65;18,89;0,07;;20.000
31/08/26;TELEFONICA;CALL;Mar-27;4,80;3.65;18,30;0,03;;25
31/08/26;TELEFONICA;CALL;Jun-27;2,00;3.65;29,48;1,00;;10
31/08/26;TELEFONICA;CALL;Jun-27;3,00;3.65;25,37;0,87;;5
31/08/26;TELEFONICA;CALL;Jun-27;3,50;3.65;23,32;0,66;;1
31/08/26;TELEFONICA;CALL;Jun-27;3,60;3.65;22,91;0,61;;100
31/08/26;TELEFONICA;CALL;Jun-27;3,80;3.65;22,33;0,50;;26
31/08/26;TELEFONICA;CALL;Jun-27;3,90;3.65;22,09;0,44;;14
31/08/26;TELEFONICA;CALL;Jun-27;4,00;3.65;21,84;0,39;;58
31/08/26;TELEFONICA;CALL;Jun-27;4,10;3.65;21,59;0,34;;4.028
31/08/26;TELEFONICA;CALL;Jun-27;4,20;3.65;21,35;0,29;;24.007
31/08/26;TELEFONICA;CALL;Jun-27;4,30;3.65;21,10;0,24;;100
31/08/26;TELEFONICA;CALL;Jun-27;4,40;3.65;20,85;0,20;;456
31/08/26;TELEFONICA;CALL;Jun-27;4,50;3.65;20,61;0,16;;6.700
31/08/26;TELEFONICA;CALL;Jun-27;4,70;3.65;20,11;0,10;;10
31/08/26;TELEFONICA;CALL;Jun-27;4,80;3.65;19,87;0,08;;150
31/08/26;TELEFONICA;CALL;Jun-27;4,90;3.65;19,62;0,06;;150
31/08/26;TELEFONICA;CALL;Jun-27;5,00;3.65;19,37;0,04;;150
31/08/26;TELEFONICA;CALL;Jun-27;5,50;3.65;18,14;0,01;;5
31/08/26;TELEFONICA;CALL;Jun-27;5,75;3.65;17,53;;;20
31/08/26;TELEFONICA;CALL;Sep-27;3,70;3.65;23,26;0,55;;31
31/08/26;TELEFONICA;CALL;Sep-27;3,80;3.65;23,01;0,50;;4
31/08/26;TELEFONICA;CALL;Sep-27;3,90;3.65;22,77;0,45;;150
31/08/26;TELEFONICA;CALL;Sep-27;4,60;3.65;21,04;0,16;;2
31/08/26;TELEFONICA;CALL;Sep-27;5,50;3.65;18,82;0,02;;22
31/08/26;TELEFONICA;CALL;Dic-27;2,30;3.65;28,38;0,98;;10
31/08/26;TELEFONICA;CALL;Dic-27;2,40;3.65;28,08;0,96;;10
31/08/26;TELEFONICA;CALL;Dic-27;2,50;3.65;27,79;0,95;;10
31/08/26;TELEFONICA;CALL;Dic-27;2,60;3.65;27,50;0,93;;10
31/08/26;TELEFONICA;CALL;Dic-27;2,70;3.65;27,21;0,92;;25
31/08/26;TELEFONICA;CALL;Dic-27;2,80;3.65;26,92;0,89;;15
31/08/26;TELEFONICA;CALL;Dic-27;2,90;3.65;26,62;0,86;;15
31/08/26;TELEFONICA;CALL;Dic-27;3,10;3.65;26,04;0,80;;8
31/08/26;TELEFONICA;CALL;Dic-27;3,20;3.65;25,75;0,76;;750
31/08/26;TELEFONICA;CALL;Dic-27;3,50;3.65;24,87;0,64;;140
31/08/26;TELEFONICA;CALL;Dic-27;3,60;3.65;24,58;0,60;;22
31/08/26;TELEFONICA;CALL;Dic-27;3,70;3.65;24,32;0,55;;11
31/08/26;TELEFONICA;CALL;Dic-27;3,80;3.65;24,10;0,51;;9.011
31/08/26;TELEFONICA;CALL;Dic-27;3,90;3.65;23,88;0,47;;1
31/08/26;TELEFONICA;CALL;Dic-27;4,00;3.65;23,67;0,43;;870
31/08/26;TELEFONICA;CALL;Dic-27;4,10;3.65;23,45;0,38;;102
31/08/26;TELEFONICA;CALL;Dic-27;4,20;3.65;23,23;0,35;;3
31/08/26;TELEFONICA;CALL;Dic-27;4,30;3.65;23,01;0,31;;36
31/08/26;TELEFONICA;CALL;Dic-27;4,40;3.65;22,79;0,27;;79
31/08/26;TELEFONICA;CALL;Dic-27;4,50;3.65;22,57;0,24;;139
31/08/26;TELEFONICA;CALL;Dic-27;4,60;3.65;22,35;0,21;;4.001
31/08/26;TELEFONICA;CALL;Dic-27;4,70;3.65;22,13;0,18;;30.150
31/08/26;TELEFONICA;CALL;Dic-27;5,00;3.65;21,47;0,12;;486
31/08/26;TELEFONICA;CALL;Dic-27;5,25;3.65;20,93;0,07;;167
31/08/26;TELEFONICA;CALL;Dic-27;5,50;3.65;20,38;0,04;;25
31/08/26;TELEFONICA;CALL;Dic-27;6,00;3.65;19,28;0,01;;21.105
31/08/26;TELEFONICA;CALL;Mar-28;2,10;3.65;29,11;0,99;;10
31/08/26;TELEFONICA;CALL;Mar-28;2,20;3.65;28,86;0,98;;10
31/08/26;TELEFONICA;CALL;Mar-28;2,30;3.65;28,60;0,97;;10
31/08/26;TELEFONICA;CALL;Mar-28;2,40;3.65;28,35;0,95;;10
31/08/26;TELEFONICA;CALL;Mar-28;2,50;3.65;28,09;0,94;;10
31/08/26;TELEFONICA;CALL;Mar-28;2,60;3.65;27,84;0,92;;10
31/08/26;TELEFONICA;CALL;Mar-28;2,70;3.65;27,58;0,89;;50
31/08/26;TELEFONICA;CALL;Mar-28;2,80;3.65;27,33;0,87;;15
31/08/26;TELEFONICA;CALL;Mar-28;2,90;3.65;27,07;0,84;;15
31/08/26;TELEFONICA;CALL;Mar-28;3,00;3.65;26,81;0,81;;20
31/08/26;TELEFONICA;CALL;Mar-28;3,10;3.65;26,56;0,78;;20
31/08/26;TELEFONICA;CALL;Mar-28;3,20;3.65;26,30;0,74;;27
31/08/26;TELEFONICA;CALL;Mar-28;3,30;3.65;26,05;0,71;;25
31/08/26;TELEFONICA;CALL;Mar-28;3,40;3.65;25,79;0,67;;521
31/08/26;TELEFONICA;CALL;Mar-28;3,50;3.65;25,54;0,63;;27
31/08/26;TELEFONICA;CALL;Mar-28;3,60;3.65;25,28;0,59;;26
31/08/26;TELEFONICA;CALL;Mar-28;3,70;3.65;25,06;0,56;;25
31/08/26;TELEFONICA;CALL;Mar-28;3,80;3.65;24,86;0,52;;1
31/08/26;TELEFONICA;CALL;Mar-28;4,00;3.65;24,48;0,45;;10
31/08/26;TELEFONICA;CALL;Mar-28;4,10;3.65;24,29;0,41;;1
31/08/26;TELEFONICA;CALL;Mar-28;4,50;3.65;23,52;0,28;;100
31/08/26;TELEFONICA;CALL;Mar-28;4,60;3.65;23,33;0,26;;1
31/08/26;TELEFONICA;CALL;Jun-28;4,00;3.65;24,82;0,46;;100
31/08/26;TELEFONICA;CALL;Jun-28;4,50;3.65;23,96;0,31;;2
31/08/26;TELEFONICA;CALL;Jun-28;4,60;3.65;23,78;0,28;;150
31/08/26;TELEFONICA;CALL;Jun-28;4,70;3.65;23,61;0,25;;175
31/08/26;TELEFONICA;CALL;Jun-28;5,00;3.65;23,09;0,19;;4
31/08/26;TELEFONICA;CALL;Sep-28;3,50;3.65;25,92;0,63;;30
31/08/26;TELEFONICA;CALL;Sep-28;4,00;3.65;25,09;0,47;;1
31/08/26;TELEFONICA;CALL;Dic-28;3,20;3.65;26,80;0,72;;25
31/08/26;TELEFONICA;CALL;Dic-28;3,80;3.65;25,80;0,54;;3
31/08/26;TELEFONICA;CALL;Dic-28;4,00;3.65;25,51;0,48;;18
31/08/26;TELEFONICA;CALL;Dic-28;4,50;3.65;24,78;0,35;;55
31/08/26;TELEFONICA;CALL;Dic-28;4,80;3.65;24,34;0,28;;10
31/08/26;TELEFONICA;CALL;Dic-28;5,00;3.65;24,05;0,23;;65
31/08/26;TELEFONICA;CALL;Dic-28;5,25;3.65;23,68;0,19;;50
31/08/26;TELEFONICA;CALL;Jun-29;4,50;3.65;25,63;0,38;;5
31/08/26;TELEFONICA;CALL;Dic-29;3,40;3.65;27,38;0,66;;10
31/08/26;TELEFONICA;CALL;Dic-29;4,30;3.65;26,37;0,44;;1
31/08/26;TELEFONICA;CALL;Dic-29;4,50;3.65;26,15;0,40;;27
31/08/26;TELEFONICA;CALL;Dic-29;5,00;3.65;25,60;0,31;;543
31/08/26;TELEFONICA;CALL;Jun-30;5,75;3.65;25,28;0,22;;250
31/08/26;TELEFONICA;CALL;Dic-30;4,50;3.65;26,84;0,44;;3
31/08/26;TELEFONICA;CALL;Jun-31;4,40;3.65;27,13;0,47;;50
31/08/26;TELEFONICA;PUT;Sep-26;2,60;3.65;30,17;;;4
31/08/26;TELEFONICA;PUT;Sep-26;2,70;3.65;29,30;;;5
31/08/26;TELEFONICA;PUT;Sep-26;2,90;3.65;27,54;;;28
31/08/26;TELEFONICA;PUT;Sep-26;3,00;3.65;26,67;;;2
31/08/26;TELEFONICA;PUT;Sep-26;3,10;3.65;25,79;;;20
31/08/26;TELEFONICA;PUT;Sep-26;3,20;3.65;24,91;-0,01;;23
31/08/26;TELEFONICA;PUT;Sep-26;3,30;3.65;24,04;-0,03;;142
31/08/26;TELEFONICA;PUT;Sep-26;3,40;3.65;23,16;-0,08;;94
31/08/26;TELEFONICA;PUT;Sep-26;3,50;3.65;22,28;-0,18;;196
31/08/26;TELEFONICA;PUT;Sep-26;3,60;3.65;21,41;-0,37;;233
31/08/26;TELEFONICA;PUT;Sep-26;3,70;3.65;20,81;-0,60;;10.000
31/08/26;TELEFONICA;PUT;Sep-26;3,80;3.65;20,51;-0,80;;227
31/08/26;TELEFONICA;PUT;Sep-26;3,90;3.65;20,21;-0,93;;305
31/08/26;TELEFONICA;PUT;Sep-26;4,00;3.65;19,91;-0,99;;20
31/08/26;TELEFONICA;PUT;Sep-26;4,10;3.65;19,61;-1,00;;15
31/08/26;TELEFONICA;PUT;Sep-26;4,20;3.65;19,31;-1,00;;7
31/08/26;TELEFONICA;PUT;Sep-26;4,30;3.65;19,00;-1,00;;6
31/08/26;TELEFONICA;PUT;Oct-26;3,50;3.65;21,50;-0,27;;27
31/08/26;TELEFONICA;PUT;Oct-26;3,60;3.65;20,70;-0,40;;45
31/08/26;TELEFONICA;PUT;Oct-26;4,00;3.65;19,30;-0,92;;25
31/08/26;TELEFONICA;PUT;Nov-26;3,40;3.65;23,03;-0,23;;30
31/08/26;TELEFONICA;PUT;Nov-26;3,50;3.65;22,25;-0,31;;10
31/08/26;TELEFONICA;PUT;Nov-26;3,60;3.65;21,46;-0,41;;4
31/08/26;TELEFONICA;PUT;Dic-26;2,50;3.65;29,90;-0,01;;8
31/08/26;TELEFONICA;PUT;Dic-26;2,80;3.65;27,68;-0,03;;100
31/08/26;TELEFONICA;PUT;Dic-26;2,90;3.65;26,94;-0,05;;50
31/08/26;TELEFONICA;PUT;Dic-26;3,00;3.65;26,20;-0,07;;13
31/08/26;TELEFONICA;PUT;Dic-26;3,10;3.65;25,46;-0,10;;212
31/08/26;TELEFONICA;PUT;Dic-26;3,20;3.65;24,73;-0,14;;177
31/08/26;TELEFONICA;PUT;Dic-26;3,30;3.65;23,99;-0,19;;46
31/08/26;TELEFONICA;PUT;Dic-26;3,40;3.65;23,25;-0,25;;65.243
31/08/26;TELEFONICA;PUT;Dic-26;3,50;3.65;22,51;-0,33;10;20.214
31/08/26;TELEFONICA;PUT;Dic-26;3,60;3.65;21,77;-0,41;;95.172
31/08/26;TELEFONICA;PUT;Dic-26;3,70;3.65;21,25;-0,51;;320
31/08/26;TELEFONICA;PUT;Dic-26;3,80;3.65;20,97;-0,60;;348
31/08/26;TELEFONICA;PUT;Dic-26;3,90;3.65;20,69;-0,70;;2.732
31/08/26;TELEFONICA;PUT;Dic-26;4,00;3.65;20,40;-0,78;;107.538
31/08/26;TELEFONICA;PUT;Dic-26;4,10;3.65;20,12;-0,85;;1
31/08/26;TELEFONICA;PUT;Dic-26;4,20;3.65;19,84;-0,92;;13
31/08/26;TELEFONICA;PUT;Dic-26;4,30;3.65;19,55;-0,97;;83
31/08/26;TELEFONICA;PUT;Dic-26;4,50;3.65;18,99;-1,00;;37.510
31/08/26;TELEFONICA;PUT;Dic-26;4,60;3.65;18,70;-1,00;;15.000
31/08/26;TELEFONICA;PUT;Mar-27;3,10;3.65;24,55;-0,15;;8
31/08/26;TELEFONICA;PUT;Mar-27;3,20;3.65;24,02;-0,19;;33
31/08/26;TELEFONICA;PUT;Mar-27;3,30;3.65;23,49;-0,23;;1
31/08/26;TELEFONICA;PUT;Mar-27;3,40;3.65;22,96;-0,29;;1
31/08/26;TELEFONICA;PUT;Mar-27;3,50;3.65;22,43;-0,34;;53
31/08/26;TELEFONICA;PUT;Mar-27;3,60;3.65;21,90;-0,41;;60
31/08/26;TELEFONICA;PUT;Mar-27;3,70;3.65;21,49;-0,48;;19
31/08/26;TELEFONICA;PUT;Mar-27;3,80;3.65;21,19;-0,55;;220
31/08/26;TELEFONICA;PUT;Mar-27;3,90;3.65;20,90;-0,62;;719
31/08/26;TELEFONICA;PUT;Mar-27;4,00;3.65;20,61;-0,70;;674
31/08/26;TELEFONICA;PUT;Mar-27;4,10;3.65;20,32;-0,76;;29
31/08/26;TELEFONICA;PUT;Mar-27;4,20;3.65;20,03;-0,83;;600
31/08/26;TELEFONICA;PUT;Mar-27;4,40;3.65;19,44;-0,94;;5.000
31/08/26;TELEFONICA;PUT;Mar-27;4,50;3.65;19,15;-0,99;;5
31/08/26;TELEFONICA;PUT;Mar-27;4,60;3.65;18,86;-1,00;;20.000
31/08/26;TELEFONICA;PUT;Jun-27;3,10;3.65;22,36;-0,21;;2
31/08/26;TELEFONICA;PUT;Jun-27;3,20;3.65;21,95;-0,25;;15
31/08/26;TELEFONICA;PUT;Jun-27;3,30;3.65;21,54;-0,30;;25
31/08/26;TELEFONICA;PUT;Jun-27;3,40;3.65;21,13;-0,36;;41
31/08/26;TELEFONICA;PUT;Jun-27;3,50;3.65;20,72;-0,42;;52
31/08/26;TELEFONICA;PUT;Jun-27;3,60;3.65;20,31;-0,48;;25.100
31/08/26;TELEFONICA;PUT;Jun-27;3,70;3.65;19,98;-0,54;;22
31/08/26;TELEFONICA;PUT;Jun-27;3,80;3.65;19,73;-0,60;;4.565
31/08/26;TELEFONICA;PUT;Jun-27;3,90;3.65;19,49;-0,66;;19
31/08/26;TELEFONICA;PUT;Jun-27;4,00;3.65;19,24;-0,71;;10
31/08/26;TELEFONICA;PUT;Jun-27;4,10;3.65;18,99;-0,76;;20
31/08/26;TELEFONICA;PUT;Jun-27;4,20;3.65;18,75;-0,81;;20
31/08/26;TELEFONICA;PUT;Jun-27;4,30;3.65;18,50;-0,85;;20
31/08/26;TELEFONICA;PUT;Jun-27;4,40;3.65;18,25;-0,88;;5
31/08/26;TELEFONICA;PUT;Jun-27;4,60;3.65;17,76;-0,94;;4
31/08/26;TELEFONICA;PUT;Jun-27;5,00;3.65;16,77;-0,98;;96
31/08/26;TELEFONICA;PUT;Jun-27;5,50;3.65;15,54;-1,00;;240
31/08/26;TELEFONICA;PUT;Sep-27;2,50;3.65;22,78;-0,05;;20
31/08/26;TELEFONICA;PUT;Sep-27;2,90;3.65;21,47;-0,14;;30
31/08/26;TELEFONICA;PUT;Sep-27;3,00;3.65;21,14;-0,17;;6
31/08/26;TELEFONICA;PUT;Sep-27;3,10;3.65;20,81;-0,21;;1
31/08/26;TELEFONICA;PUT;Sep-27;3,80;3.65;18,63;-0,59;;1
31/08/26;TELEFONICA;PUT;Sep-27;4,00;3.65;18,14;-0,70;;4
31/08/26;TELEFONICA;PUT;Sep-27;4,10;3.65;17,89;-0,75;;1
31/08/26;TELEFONICA;PUT;Sep-27;4,20;3.65;17,65;-0,79;;2
31/08/26;TELEFONICA;PUT;Sep-27;5,00;3.65;15,67;-0,98;;1
31/08/26;TELEFONICA;PUT;Sep-27;5,75;3.65;13,83;-1,00;;25
31/08/26;TELEFONICA;PUT;Dic-27;2,20;3.65;24,89;-0,03;;6.000
31/08/26;TELEFONICA;PUT;Dic-27;3,00;3.65;22,55;-0,20;;7.500
31/08/26;TELEFONICA;PUT;Dic-27;3,20;3.65;21,97;-0,27;;1
31/08/26;TELEFONICA;PUT;Dic-27;3,30;3.65;21,68;-0,32;;5
31/08/26;TELEFONICA;PUT;Dic-27;3,40;3.65;21,38;-0,36;;10
31/08/26;TELEFONICA;PUT;Dic-27;3,50;3.65;21,09;-0,41;;10
31/08/26;TELEFONICA;PUT;Dic-27;3,60;3.65;20,80;-0,46;;30.000
31/08/26;TELEFONICA;PUT;Dic-27;3,70;3.65;20,54;-0,51;;5
31/08/26;TELEFONICA;PUT;Dic-27;3,80;3.65;20,32;-0,56;;9.003
31/08/26;TELEFONICA;PUT;Dic-27;4,00;3.65;19,89;-0,65;;20.003
31/08/26;TELEFONICA;PUT;Dic-27;4,10;3.65;19,67;-0,70;;3
31/08/26;TELEFONICA;PUT;Dic-27;4,20;3.65;19,45;-0,74;;1
31/08/26;TELEFONICA;PUT;Dic-27;4,30;3.65;19,23;-0,78;;4
31/08/26;TELEFONICA;PUT;Dic-27;4,40;3.65;19,01;-0,82;;3
31/08/26;TELEFONICA;PUT;Dic-27;4,50;3.65;18,79;-0,85;;3
31/08/26;TELEFONICA;PUT;Dic-27;4,60;3.65;18,57;-0,88;;250
31/08/26;TELEFONICA;PUT;Dic-27;4,70;3.65;18,35;-0,90;;30.000
31/08/26;TELEFONICA;PUT;Dic-27;5,00;3.65;17,69;-0,96;;5
31/08/26;TELEFONICA;PUT;Dic-27;5,50;3.65;16,60;-0,99;;5
31/08/26;TELEFONICA;PUT;Mar-28;3,30;3.65;22,29;-0,32;;6
31/08/26;TELEFONICA;PUT;Mar-28;3,90;3.65;20,91;-0,58;;40
31/08/26;TELEFONICA;PUT;Mar-28;4,00;3.65;20,72;-0,63;;25
31/08/26;TELEFONICA;PUT;Mar-28;4,30;3.65;20,15;-0,75;;2
31/08/26;TELEFONICA;PUT;Mar-28;4,50;3.65;19,76;-0,81;;1
31/08/26;TELEFONICA;PUT;Mar-28;4,60;3.65;19,57;-0,84;;1
31/08/26;TELEFONICA;PUT;Mar-28;4,90;3.65;19,00;-0,91;;2
31/08/26;TELEFONICA;PUT;Mar-28;5,25;3.65;18,32;-0,96;;4
31/08/26;TELEFONICA;PUT;Mar-28;5,50;3.65;17,84;-0,98;;17
31/08/26;TELEFONICA;PUT;Jun-28;3,60;3.65;21,78;-0,47;;3
31/08/26;TELEFONICA;PUT;Jun-28;4,10;3.65;20,89;-0,65;;25
31/08/26;TELEFONICA;PUT;Sep-28;4,00;3.65;21,34;-0,60;;25
31/08/26;TELEFONICA;PUT;Sep-28;4,20;3.65;21,03;-0,67;;25
31/08/26;TELEFONICA;PUT;Dic-28;3,00;3.65;23,23;-0,26;;20.000
31/08/26;TELEFONICA;PUT;Dic-28;3,50;3.65;22,36;-0,42;;5
31/08/26;TELEFONICA;PUT;Dic-28;4,80;3.65;20,42;-0,81;;50
31/08/26;TELEFONICA;PUT;Dic-29;3,50;3.65;22,89;-0,42;;150
31/08/26;TELEFONICA;CALL;Sep-26;3,50;3.65;21,65;0,82;;1
31/08/26;TELEFONICA;CALL;Sep-26;3,60;3.65;20,78;0,64;;2
31/08/26;TELEFONICA;CALL;Sep-26;3,90;3.65;19,58;0,07;;85
31/08/26;TELEFONICA;CALL;Sep-26;4,00;3.65;19,28;0,02;;32
31/08/26;TELEFONICA;CALL;Dic-26;3,70;3.65;20,98;0,50;;4
31/08/26;TELEFONICA;CALL;Dic-26;4,30;3.65;19,28;0,08;;27
31/08/26;TELEFONICA;CALL;Dic-26;5,25;3.65;16,59;;;190
31/08/26;TELEFONICA;CALL;Mar-27;3,80;3.65;21,22;0,46;;40
31/08/26;TELEFONICA;CALL;Sep-27;3,70;3.65;23,26;0,49;;10
31/08/26;TELEFONICA;PUT;Sep-26;3,30;3.65;24,04;-0,03;;5
31/08/26;TELEFONICA;PUT;Sep-26;3,50;3.65;22,28;-0,19;;11
31/08/26;TELEFONICA;PUT;Sep-26;3,60;3.65;21,41;-0,37;;25
31/08/26;TELEFONICA;PUT;Sep-26;3,70;3.65;20,81;-0,59;;25
31/08/26;TELEFONICA;PUT;Sep-26;3,80;3.65;20,51;-0,79;;10
31/08/26;TELEFONICA;PUT;Sep-26;4,00;3.65;19,91;-0,98;;700
31/08/26;TELEFONICA;PUT;Sep-26;4,30;3.65;19,00;-1,00;;100
31/08/26;TELEFONICA;PUT;Sep-26;4,50;3.65;18,40;-1,00;;112
31/08/26;TELEFONICA;PUT;Sep-26;4,70;3.65;17,80;-1,00;;5
31/08/26;TELEFONICA;PUT;Sep-26;5,25;3.65;16,14;-1,00;;15
31/08/26;TELEFONICA;PUT;Dic-26;3,40;3.65;23,25;-0,25;;4
31/08/26;TELEFONICA;PUT;Dic-26;3,90;3.65;20,69;-0,67;;10
31/08/26;TELEFONICA;PUT;Dic-26;4,20;3.65;19,84;-0,87;;50
31/08/26;TELEFONICA;PUT;Dic-26;7,50;3.65;11,16;-0,99;;5
31/08/26;TELEFONICA;PUT;Dic-26;9,50;3.65;11,16;-0,99;;50
31/08/26;TELEFONICA;PUT;Dic-26;11,00;3.65;11,16;-0,99;;52
31/08/26;TELEFONICA;PUT;Dic-26;12,00;3.65;11,16;-0,99;;361
31/08/26;TELEFONICA;PUT;Dic-26;16,50;3.65;11,16;-0,99;;14
31/08/26;TELEFONICA;PUT;Mar-27;3,20;3.65;24,02;-0,18;;800
31/08/26;TELEFONICA;PUT;Mar-27;3,40;3.65;22,96;-0,28;;1.000
31/08/26;TELEFONICA;PUT;Mar-27;3,60;3.65;21,90;-0,39;;1.200
31/08/26;TELEFONICA;PUT;Mar-27;3,80;3.65;21,19;-0,53;;40
31/08/26;TELEFONICA;PUT;Mar-27;7,75;3.65;11,07;-0,99;;750
31/08/26;TELEFONICA;PUT;Jun-27;4,90;3.65;17,02;-0,96;;5
31/08/26;TELEFONICA;PUT;Jun-27;5,50;3.65;15,54;-0,98;;585
31/08/26;UNICAJA;CALL;Sep-26;2,80;3.53;27,31;1,00;;7
31/08/26;UNICAJA;CALL;Sep-26;3,50;3.53;26,98;0,58;;160
31/08/26;UNICAJA;CALL;Dic-26;3,40;3.53;27,80;0,60;;68
31/08/26;UNICAJA;CALL;Dic-26;3,50;3.53;27,75;0,52;;80
31/08/26;UNICAJA;PUT;Sep-26;2,70;3.53;21,17;;;200
31/08/26;UNICAJA;PUT;Sep-26;3,00;3.53;21,03;;;25
31/08/26;UNICAJA;PUT;Sep-26;3,20;3.53;20,94;-0,02;;25
31/08/26;UNICAJA;PUT;Sep-26;3,40;3.53;20,84;-0,20;;25
31/08/26;UNICAJA;PUT;Sep-26;3,50;3.53;20,79;-0,41;;25
31/08/26;UNICAJA;PUT;Dic-26;2,30;3.53;22,28;;;5
31/08/26;UNICAJA;PUT;Dic-26;2,50;3.53;22,19;;;4
31/08/26;UNICAJA;PUT;Dic-26;4,00;3.53;21,26;-0,90;;30
31/08/26;VIDRALA;CALL;Sep-26;80,00;90.0;17,56;1,00;;1
31/08/26;VIDRALA;CALL;Dic-26;80,00;90.0;19,61;0,89;;1
31/08/26;VIDRALA;CALL;Dic-26;88,00;90.0;18,34;0,64;;4
31/08/26;VIDRALA;CALL;Dic-26;90,00;90.0;18,02;0,55;;1
31/08/26;VIDRALA;CALL;Mar-27;84,00;90.0;18,77;0,75;;1
31/08/26;VIDRALA;CALL;Mar-27;90,00;90.0;18,19;0,56;;15
31/08/26;VIDRALA;PUT;Sep-26;66,67;90.0;20,21;;;2
31/08/26;VIDRALA;PUT;Sep-26;74,29;90.0;18,88;;;1
31/08/26;VIDRALA;PUT;Sep-26;81,90;90.0;17,56;-0,01;;11
31/08/26;VIDRALA;PUT;Dic-26;60,00;90.0;22,36;;;1
31/08/26;VIDRALA;PUT;Dic-26;72,00;90.0;20,45;-0,02;;1
31/08/26;VIDRALA;PUT;Dic-26;74,00;90.0;20,13;-0,03;;3
31/08/26;VIDRALA;PUT;Dic-26;80,00;90.0;19,17;-0,11;;2
31/08/26;VIDRALA;PUT;Mar-27;58,00;90.0;19,84;;;1
31/08/26;VIDRALA;PUT;Mar-27;72,00;90.0;18,49;-0,05;;3
31/08/26;VIDRALA;PUT;Mar-27;76,00;90.0;18,11;-0,09;;10
31/08/26;VISCOFAN;CALL;Sep-26;45,20;57.3;22,40;1,00;;1
31/08/26;VISCOFAN;CALL;Sep-26;49,13;57.3;20,11;1,00;;1
31/08/26;VISCOFAN;CALL;Sep-26;53,06;57.3;17,83;0,98;;2
31/08/26;VISCOFAN;CALL;Sep-26;55,02;57.3;16,69;0,87;;5
31/08/26;VISCOFAN;CALL;Sep-26;56,99;57.3;15,54;0,58;;5
31/08/26;VISCOFAN;CALL;Sep-26;58,95;57.3;14,21;0,20;;45
31/08/26;VISCOFAN;CALL;Sep-26;60,92;57.3;12,83;0,02;;12
31/08/26;VISCOFAN;CALL;Sep-26;64,85;57.3;10,09;;;1
31/08/26;VISCOFAN;CALL;Oct-26;60,92;57.3;15,17;0,14;;5
31/08/26;VISCOFAN;CALL;Dic-26;62,89;57.3;15,07;0,16;;2
31/08/26;VISCOFAN;CALL;Dic-26;64,85;57.3;14,90;0,08;;1
31/08/26;VISCOFAN;CALL;Mar-27;55,02;57.3;18,76;0,67;;1
31/08/26;VISCOFAN;CALL;Mar-27;56,99;57.3;17,75;0,56;;1
31/08/26;VISCOFAN;CALL;Mar-27;58,95;57.3;17,55;0,44;;4
31/08/26;VISCOFAN;CALL;Mar-27;72,71;57.3;17,23;0,03;;1
31/08/26;VISCOFAN;CALL;Jun-27;60,92;57.3;17,96;0,37;;1
31/08/26;VISCOFAN;CALL;Jun-27;70,75;57.3;17,39;0,09;;5
31/08/26;VISCOFAN;PUT;Sep-26;40,29;57.3;26,61;;;1
31/08/26;VISCOFAN;PUT;Sep-26;42,25;57.3;25,47;;;3
31/08/26;VISCOFAN;PUT;Sep-26;43,23;57.3;24,89;;;3
31/08/26;VISCOFAN;PUT;Sep-26;44,22;57.3;24,32;;;4
31/08/26;VISCOFAN;PUT;Sep-26;45,20;57.3;23,75;;;2
31/08/26;VISCOFAN;PUT;Sep-26;46,18;57.3;23,18;;;4
31/08/26;VISCOFAN;PUT;Sep-26;47,16;57.3;22,61;;;4
31/08/26;VISCOFAN;PUT;Sep-26;49,13;57.3;21,46;;;12
31/08/26;VISCOFAN;PUT;Sep-26;51,09;57.3;20,32;;;6
31/08/26;VISCOFAN;PUT;Sep-26;53,06;57.3;19,18;-0,03;;37
31/08/26;VISCOFAN;PUT;Sep-26;55,02;57.3;18,04;-0,15;;15
31/08/26;VISCOFAN;PUT;Sep-26;56,99;57.3;16,89;-0,43;;10
31/08/26;VISCOFAN;PUT;Sep-26;58,95;57.3;15,56;-0,79;;3
31/08/26;VISCOFAN;PUT;Oct-26;45,20;57.3;24,15;;;2
31/08/26;VISCOFAN;PUT;Oct-26;51,09;57.3;20,86;-0,05;;1
31/08/26;VISCOFAN;PUT;Oct-26;53,06;57.3;19,76;-0,12;;4
31/08/26;VISCOFAN;PUT;Oct-26;55,02;57.3;18,66;-0,25;;2
31/08/26;VISCOFAN;PUT;Dic-26;40,29;57.3;28,01;-0,01;;2
31/08/26;VISCOFAN;PUT;Dic-26;42,25;57.3;26,88;-0,01;;1
31/08/26;VISCOFAN;PUT;Dic-26;43,23;57.3;26,31;-0,02;;1
31/08/26;VISCOFAN;PUT;Dic-26;44,22;57.3;25,74;-0,03;;12
31/08/26;VISCOFAN;PUT;Dic-26;45,20;57.3;25,18;-0,03;;1
31/08/26;VISCOFAN;PUT;Dic-26;47,16;57.3;24,05;-0,06;;2
31/08/26;VISCOFAN;PUT;Dic-26;48,15;57.3;23,48;-0,07;;1
31/08/26;VISCOFAN;PUT;Dic-26;49,13;57.3;22,92;-0,09;;6
31/08/26;VISCOFAN;PUT;Dic-26;51,09;57.3;21,79;-0,14;;7
31/08/26;VISCOFAN;PUT;Dic-26;53,06;57.3;20,65;-0,22;;12
31/08/26;VISCOFAN;PUT;Dic-26;55,02;57.3;19,52;-0,31;;2
31/08/26;VISCOFAN;PUT;Mar-27;48,15;57.3;19,13;-0,11;;1
31/08/26;VISCOFAN;PUT;Mar-27;49,13;57.3;18,63;-0,14;;7
31/08/26;VISCOFAN;PUT;Mar-27;51,09;57.3;17,63;-0,20;;12
31/08/26;VISCOFAN;PUT;Mar-27;53,06;57.3;16,62;-0,28;;7
31/08/26;VISCOFAN;PUT;Mar-27;56,99;57.3;14,61;-0,52;;5
31/08/26;VISCOFAN;PUT;Jun-27;44,22;57.3;19,96;-0,08;;2
31/08/26;VISCOFAN;PUT;Jun-27;45,20;57.3;19,54;-0,09;;5
31/08/26;VISCOFAN;PUT;Jun-27;51,09;57.3;17,00;-0,24;;2
31/08/26;VISCOFAN;PUT;Jun-27;53,06;57.3;16,16;-0,32;;3
31/08/26;VISCOFAN;PUT;Dic-27;44,22;57.3;18,92;-0,10;;1
31/08/26;VISCOFAN;PUT;Dic-28;44,22;57.3;18,09;-0,16;;1
