fecha_boletin;accion;tipo;fecha_vencimiento;strike;spot;volatilidad_cierre;delta_cierre;volumen_contratos;posicion_abierta
04/08/26;MINI IBEX-35;CALL;Ago-26;16.500;20023.6;28,64;1,00;;4
04/08/26;MINI IBEX-35;CALL;Ago-26;17.000;20023.6;26,52;1,00;;1
04/08/26;MINI IBEX-35;CALL;Ago-26;17.500;20023.6;24,41;0,99;;1
04/08/26;MINI IBEX-35;CALL;Ago-26;17.700;20023.6;23,56;0,99;;1
04/08/26;MINI IBEX-35;CALL;Ago-26;18.000;20023.6;22,29;0,99;;14
04/08/26;MINI IBEX-35;CALL;Ago-26;18.050;20023.6;22,08;0,99;;1
04/08/26;MINI IBEX-35;CALL;Ago-26;18.150;20023.6;21,66;0,98;;4
04/08/26;MINI IBEX-35;CALL;Ago-26;18.200;20023.6;21,44;0,98;;1
04/08/26;MINI IBEX-35;CALL;Ago-26;18.300;20023.6;21,02;0,98;;2
04/08/26;MINI IBEX-35;CALL;Ago-26;18.350;20023.6;20,81;0,98;;1
04/08/26;MINI IBEX-35;CALL;Ago-26;18.400;20023.6;20,60;0,98;;6
04/08/26;MINI IBEX-35;CALL;Ago-26;18.450;20023.6;20,39;0,97;;1
04/08/26;MINI IBEX-35;CALL;Ago-26;18.500;20023.6;20,17;0,97;;12
04/08/26;MINI IBEX-35;CALL;Ago-26;18.600;20023.6;19,75;0,96;;3
04/08/26;MINI IBEX-35;CALL;Ago-26;18.800;20023.6;18,90;0,95;;6
04/08/26;MINI IBEX-35;CALL;Ago-26;18.850;20023.6;18,69;0,94;;1
04/08/26;MINI IBEX-35;CALL;Ago-26;18.900;20023.6;18,48;0,94;;6
04/08/26;MINI IBEX-35;CALL;Ago-26;19.000;20023.6;18,06;0,92;;21
04/08/26;MINI IBEX-35;CALL;Ago-26;19.100;20023.6;17,64;0,91;;3
04/08/26;MINI IBEX-35;CALL;Ago-26;19.150;20023.6;17,42;0,90;;1
04/08/26;MINI IBEX-35;CALL;Ago-26;19.200;20023.6;17,21;0,89;;78
04/08/26;MINI IBEX-35;CALL;Ago-26;19.300;20023.6;16,79;0,87;;9
04/08/26;MINI IBEX-35;CALL;Ago-26;19.350;20023.6;16,58;0,85;;7
04/08/26;MINI IBEX-35;CALL;Ago-26;19.400;20023.6;16,37;0,84;;6
04/08/26;MINI IBEX-35;CALL;Ago-26;19.450;20023.6;16,15;0,82;;2
04/08/26;MINI IBEX-35;CALL;Ago-26;19.500;20023.6;15,94;0,81;;25
04/08/26;MINI IBEX-35;CALL;Ago-26;19.550;20023.6;15,73;0,79;;2
04/08/26;MINI IBEX-35;CALL;Ago-26;19.600;20023.6;15,52;0,77;;62
04/08/26;MINI IBEX-35;CALL;Ago-26;19.650;20023.6;15,31;0,75;;6
04/08/26;MINI IBEX-35;CALL;Ago-26;19.700;20023.6;15,10;0,73;;108
04/08/26;MINI IBEX-35;CALL;Ago-26;19.750;20023.6;14,88;0,70;;100
04/08/26;MINI IBEX-35;CALL;Ago-26;19.800;20023.6;14,67;0,68;2;144
04/08/26;MINI IBEX-35;CALL;Ago-26;19.850;20023.6;14,46;0,65;;101
04/08/26;MINI IBEX-35;CALL;Ago-26;19.900;20023.6;14,25;0,62;76;114
04/08/26;MINI IBEX-35;CALL;Ago-26;19.950;20023.6;14,04;0,59;108;71
04/08/26;MINI IBEX-35;CALL;Ago-26;20.000;20023.6;13,83;0,56;1;210
04/08/26;MINI IBEX-35;CALL;Ago-26;20.050;20023.6;13,61;0,53;;2
04/08/26;MINI IBEX-35;CALL;Ago-26;20.100;20023.6;13,44;0,49;80;85
04/08/26;MINI IBEX-35;CALL;Ago-26;20.150;20023.6;13,33;0,46;;1
04/08/26;MINI IBEX-35;CALL;Ago-26;20.200;20023.6;13,22;0,43;6;14
04/08/26;MINI IBEX-35;CALL;Ago-26;20.250;20023.6;13,11;0,39;;1
04/08/26;MINI IBEX-35;CALL;Ago-26;20.300;20023.6;13,00;0,36;;8
04/08/26;MINI IBEX-35;CALL;Ago-26;20.400;20023.6;12,78;0,29;;1
04/08/26;MINI IBEX-35;CALL;Ago-26;20.450;20023.6;12,67;0,26;;1
04/08/26;MINI IBEX-35;CALL;Ago-26;20.500;20023.6;12,56;0,23;;11
04/08/26;MINI IBEX-35;CALL;Ago-26;20.600;20023.6;12,34;0,18;5;15
04/08/26;MINI IBEX-35;CALL;Ago-26;20.700;20023.6;12,12;0,13;1;1
04/08/26;MINI IBEX-35;CALL;Ago-26;20.800;20023.6;11,90;0,09;;1
04/08/26;MINI IBEX-35;CALL;Ago-26;20.900;20023.6;11,68;0,06;;1
04/08/26;MINI IBEX-35;CALL;Sep-26;7.500;20023.6;58,52;1,00;;3
04/08/26;MINI IBEX-35;CALL;Sep-26;12.200;20023.6;42,09;1,00;;32
04/08/26;MINI IBEX-35;CALL;Sep-26;14.000;20023.6;35,80;1,00;;5
04/08/26;MINI IBEX-35;CALL;Sep-26;15.000;20023.6;32,30;0,99;;2
04/08/26;MINI IBEX-35;CALL;Sep-26;15.500;20023.6;30,55;0,99;;1
04/08/26;MINI IBEX-35;CALL;Sep-26;16.000;20023.6;28,80;0,99;;5.500
04/08/26;MINI IBEX-35;CALL;Sep-26;16.400;20023.6;27,41;0,98;;3
04/08/26;MINI IBEX-35;CALL;Sep-26;16.500;20023.6;27,06;0,98;;1
04/08/26;MINI IBEX-35;CALL;Sep-26;17.000;20023.6;25,31;0,97;;3
04/08/26;MINI IBEX-35;CALL;Sep-26;17.200;20023.6;24,61;0,96;;1
04/08/26;MINI IBEX-35;CALL;Sep-26;17.300;20023.6;24,26;0,96;;5
04/08/26;MINI IBEX-35;CALL;Sep-26;17.400;20023.6;23,91;0,96;;3
04/08/26;MINI IBEX-35;CALL;Sep-26;17.500;20023.6;23,56;0,95;;7
04/08/26;MINI IBEX-35;CALL;Sep-26;17.600;20023.6;23,21;0,95;;2
04/08/26;MINI IBEX-35;CALL;Sep-26;18.000;20023.6;21,81;0,93;;103
04/08/26;MINI IBEX-35;CALL;Sep-26;18.100;20023.6;21,46;0,92;;1
04/08/26;MINI IBEX-35;CALL;Sep-26;18.200;20023.6;21,11;0,91;;6
04/08/26;MINI IBEX-35;CALL;Sep-26;18.300;20023.6;20,76;0,91;;3
04/08/26;MINI IBEX-35;CALL;Sep-26;18.400;20023.6;20,41;0,90;;2
04/08/26;MINI IBEX-35;CALL;Sep-26;18.500;20023.6;20,06;0,89;;23
04/08/26;MINI IBEX-35;CALL;Sep-26;18.600;20023.6;19,71;0,87;;1
04/08/26;MINI IBEX-35;CALL;Sep-26;18.700;20023.6;19,36;0,86;;1
04/08/26;MINI IBEX-35;CALL;Sep-26;18.900;20023.6;18,66;0,83;;2
04/08/26;MINI IBEX-35;CALL;Sep-26;18.950;20023.6;18,49;0,83;;2
04/08/26;MINI IBEX-35;CALL;Sep-26;19.000;20023.6;18,32;0,82;;9
04/08/26;MINI IBEX-35;CALL;Sep-26;19.100;20023.6;17,97;0,80;;18
04/08/26;MINI IBEX-35;CALL;Sep-26;19.200;20023.6;17,62;0,78;;5
04/08/26;MINI IBEX-35;CALL;Sep-26;19.250;20023.6;17,44;0,77;;1
04/08/26;MINI IBEX-35;CALL;Sep-26;19.300;20023.6;17,27;0,76;;4
04/08/26;MINI IBEX-35;CALL;Sep-26;19.350;20023.6;17,09;0,75;;5
04/08/26;MINI IBEX-35;CALL;Sep-26;19.400;20023.6;16,92;0,74;;11
04/08/26;MINI IBEX-35;CALL;Sep-26;19.450;20023.6;16,74;0,72;;3
04/08/26;MINI IBEX-35;CALL;Sep-26;19.500;20023.6;16,57;0,71;;37
04/08/26;MINI IBEX-35;CALL;Sep-26;19.550;20023.6;16,39;0,70;;1
04/08/26;MINI IBEX-35;CALL;Sep-26;19.650;20023.6;16,04;0,67;;1
04/08/26;MINI IBEX-35;CALL;Sep-26;19.700;20023.6;15,87;0,65;;4
04/08/26;MINI IBEX-35;CALL;Sep-26;19.750;20023.6;15,69;0,64;;3
04/08/26;MINI IBEX-35;CALL;Sep-26;19.800;20023.6;15,52;0,62;;6
04/08/26;MINI IBEX-35;CALL;Sep-26;19.900;20023.6;15,17;0,59;;105
04/08/26;MINI IBEX-35;CALL;Sep-26;19.950;20023.6;14,99;0,57;4;2
04/08/26;MINI IBEX-35;CALL;Sep-26;20.000;20023.6;14,82;0,55;;85
04/08/26;MINI IBEX-35;CALL;Sep-26;20.050;20023.6;14,64;0,53;;9
04/08/26;MINI IBEX-35;CALL;Sep-26;20.100;20023.6;14,47;0,52;;8
04/08/26;MINI IBEX-35;CALL;Sep-26;20.150;20023.6;14,35;0,50;;1
04/08/26;MINI IBEX-35;CALL;Sep-26;20.200;20023.6;14,26;0,48;;3
04/08/26;MINI IBEX-35;CALL;Sep-26;20.250;20023.6;14,17;0,46;;11
04/08/26;MINI IBEX-35;CALL;Sep-26;20.300;20023.6;14,09;0,44;;41
04/08/26;MINI IBEX-35;CALL;Sep-26;20.400;20023.6;13,91;0,40;;2
04/08/26;MINI IBEX-35;CALL;Sep-26;20.500;20023.6;13,73;0,36;;1
04/08/26;MINI IBEX-35;CALL;Sep-26;20.550;20023.6;13,64;0,34;;1
04/08/26;MINI IBEX-35;CALL;Sep-26;20.600;20023.6;13,55;0,32;;1
04/08/26;MINI IBEX-35;CALL;Sep-26;20.700;20023.6;13,38;0,28;;80
04/08/26;MINI IBEX-35;CALL;Sep-26;21.000;20023.6;12,84;0,18;;2
04/08/26;MINI IBEX-35;CALL;Sep-26;21.200;20023.6;12,49;0,12;;20
04/08/26;MINI IBEX-35;CALL;Sep-26;21.300;20023.6;12,31;0,10;5;5
04/08/26;MINI IBEX-35;CALL;Sep-26;24.000;20023.6;7,53;;;5.500
04/08/26;MINI IBEX-35;CALL;Oct-26;19.450;20023.6;17,45;0,67;;1
04/08/26;MINI IBEX-35;CALL;Oct-26;19.550;20023.6;17,14;0,65;;1
04/08/26;MINI IBEX-35;CALL;Dic-26;8.300;20023.6;47,50;0,99;;655
04/08/26;MINI IBEX-35;CALL;Dic-26;8.600;20023.6;46,71;0,99;;1.250
04/08/26;MINI IBEX-35;CALL;Dic-26;10.500;20023.6;41,69;0,99;;30
04/08/26;MINI IBEX-35;CALL;Dic-26;12.000;20023.6;37,74;0,98;;12
04/08/26;MINI IBEX-35;CALL;Dic-26;12.200;20023.6;37,21;0,98;;32
04/08/26;MINI IBEX-35;CALL;Dic-26;13.000;20023.6;35,10;0,97;;1
04/08/26;MINI IBEX-35;CALL;Dic-26;14.800;20023.6;30,35;0,95;;32
04/08/26;MINI IBEX-35;CALL;Dic-26;15.300;20023.6;29,03;0,94;;1
04/08/26;MINI IBEX-35;CALL;Dic-26;16.000;20023.6;27,18;0,92;;10
04/08/26;MINI IBEX-35;CALL;Dic-26;16.400;20023.6;26,13;0,90;;6.000
04/08/26;MINI IBEX-35;CALL;Dic-26;16.700;20023.6;25,33;0,89;;1.500
04/08/26;MINI IBEX-35;CALL;Dic-26;16.900;20023.6;24,81;0,88;;5
04/08/26;MINI IBEX-35;CALL;Dic-26;17.000;20023.6;24,54;0,87;;19
04/08/26;MINI IBEX-35;CALL;Dic-26;17.100;20023.6;24,28;0,87;;5
04/08/26;MINI IBEX-35;CALL;Dic-26;17.200;20023.6;24,02;0,86;;1
04/08/26;MINI IBEX-35;CALL;Dic-26;17.300;20023.6;23,75;0,86;;1
04/08/26;MINI IBEX-35;CALL;Dic-26;17.400;20023.6;23,49;0,85;;8
04/08/26;MINI IBEX-35;CALL;Dic-26;17.500;20023.6;23,22;0,84;;1.006
04/08/26;MINI IBEX-35;CALL;Dic-26;17.600;20023.6;22,96;0,84;;11
04/08/26;MINI IBEX-35;CALL;Dic-26;17.700;20023.6;22,70;0,83;2;5.007
04/08/26;MINI IBEX-35;CALL;Dic-26;17.800;20023.6;22,43;0,82;;92
04/08/26;MINI IBEX-35;CALL;Dic-26;17.900;20023.6;22,17;0,81;;5.004
04/08/26;MINI IBEX-35;CALL;Dic-26;18.000;20023.6;21,90;0,80;;6
04/08/26;MINI IBEX-35;CALL;Dic-26;18.100;20023.6;21,64;0,79;;1
04/08/26;MINI IBEX-35;CALL;Dic-26;18.300;20023.6;21,11;0,78;;5
04/08/26;MINI IBEX-35;CALL;Dic-26;18.400;20023.6;20,85;0,77;;1
04/08/26;MINI IBEX-35;CALL;Dic-26;18.500;20023.6;20,58;0,76;;6.004
04/08/26;MINI IBEX-35;CALL;Dic-26;18.600;20023.6;20,32;0,74;;1
04/08/26;MINI IBEX-35;CALL;Dic-26;18.900;20023.6;19,53;0,71;;1
04/08/26;MINI IBEX-35;CALL;Dic-26;19.000;20023.6;19,27;0,70;;4
04/08/26;MINI IBEX-35;CALL;Dic-26;19.100;20023.6;19,00;0,68;;1
04/08/26;MINI IBEX-35;CALL;Dic-26;19.200;20023.6;18,74;0,67;;4
04/08/26;MINI IBEX-35;CALL;Dic-26;19.300;20023.6;18,47;0,65;;2
04/08/26;MINI IBEX-35;CALL;Dic-26;19.500;20023.6;17,95;0,62;;4
04/08/26;MINI IBEX-35;CALL;Dic-26;19.600;20023.6;17,68;0,60;;1
04/08/26;MINI IBEX-35;CALL;Dic-26;19.700;20023.6;17,42;0,59;;1
04/08/26;MINI IBEX-35;CALL;Dic-26;19.800;20023.6;17,15;0,57;;3
04/08/26;MINI IBEX-35;CALL;Dic-26;19.900;20023.6;16,89;0,55;;6
04/08/26;MINI IBEX-35;CALL;Dic-26;20.000;20023.6;16,63;0,53;;10
04/08/26;MINI IBEX-35;CALL;Dic-26;20.100;20023.6;16,38;0,51;;2
04/08/26;MINI IBEX-35;CALL;Dic-26;20.200;20023.6;16,23;0,49;;1
04/08/26;MINI IBEX-35;CALL;Dic-26;20.300;20023.6;16,08;0,47;;1
04/08/26;MINI IBEX-35;CALL;Dic-26;20.400;20023.6;15,94;0,45;;2
04/08/26;MINI IBEX-35;CALL;Dic-26;20.500;20023.6;15,79;0,43;;6.004
04/08/26;MINI IBEX-35;CALL;Dic-26;20.600;20023.6;15,64;0,41;;6
04/08/26;MINI IBEX-35;CALL;Dic-26;21.000;20023.6;15,05;0,33;5.188;5.193
04/08/26;MINI IBEX-35;CALL;Dic-26;21.200;20023.6;14,75;0,29;;1
04/08/26;MINI IBEX-35;CALL;Dic-26;21.300;20023.6;14,61;0,27;;3
04/08/26;MINI IBEX-35;CALL;Dic-26;21.700;20023.6;14,02;0,19;;3
04/08/26;MINI IBEX-35;CALL;Dic-26;21.900;20023.6;13,72;0,16;;1
04/08/26;MINI IBEX-35;CALL;Dic-26;22.000;20023.6;13,57;0,15;;3
04/08/26;MINI IBEX-35;CALL;Dic-26;22.200;20023.6;13,28;0,12;;3
04/08/26;MINI IBEX-35;CALL;Mar-27;12.600;20023.6;33,29;0,96;;1
04/08/26;MINI IBEX-35;CALL;Mar-27;13.000;20023.6;32,41;0,95;;2
04/08/26;MINI IBEX-35;CALL;Mar-27;13.500;20023.6;31,31;0,94;;3
04/08/26;MINI IBEX-35;CALL;Mar-27;13.900;20023.6;30,43;0,94;;3
04/08/26;MINI IBEX-35;CALL;Mar-27;14.000;20023.6;30,21;0,93;;1
04/08/26;MINI IBEX-35;CALL;Mar-27;14.100;20023.6;29,99;0,93;;1
04/08/26;MINI IBEX-35;CALL;Mar-27;15.300;20023.6;27,35;0,90;;3
04/08/26;MINI IBEX-35;CALL;Mar-27;17.000;20023.6;23,60;0,83;;2
04/08/26;MINI IBEX-35;CALL;Mar-27;17.900;20023.6;21,62;0,77;;1
04/08/26;MINI IBEX-35;CALL;Mar-27;18.000;20023.6;21,40;0,76;;750
04/08/26;MINI IBEX-35;CALL;Mar-27;18.500;20023.6;20,30;0,72;;2
04/08/26;MINI IBEX-35;CALL;Mar-27;19.000;20023.6;19,20;0,67;;1
04/08/26;MINI IBEX-35;CALL;Mar-27;20.100;20023.6;16,78;0,52;;1
04/08/26;MINI IBEX-35;CALL;Mar-27;20.500;20023.6;16,22;0,46;;1
04/08/26;MINI IBEX-35;CALL;Mar-27;20.600;20023.6;16,09;0,45;;1
04/08/26;MINI IBEX-35;CALL;Mar-27;20.700;20023.6;15,96;0,43;;1
04/08/26;MINI IBEX-35;CALL;Jun-27;18.500;20023.6;20,48;0,68;;2
04/08/26;MINI IBEX-35;CALL;Jun-27;19.000;20023.6;19,48;0,63;;2
04/08/26;MINI IBEX-35;CALL;Jun-27;19.200;20023.6;19,08;0,61;;6
04/08/26;MINI IBEX-35;CALL;Jun-27;22.000;20023.6;14,94;0,27;;1
04/08/26;MINI IBEX-35;CALL;Jun-27;24.000;20023.6;12,41;0,06;;3
04/08/26;MINI IBEX-35;CALL;Sep-27;19.800;20023.6;18,36;0,54;;1
04/08/26;MINI IBEX-35;CALL;Dic-27;14.000;20023.6;28,38;0,86;;2
04/08/26;MINI IBEX-35;CALL;Dic-27;16.200;20023.6;24,66;0,78;;32
04/08/26;MINI IBEX-35;CALL;Dic-27;16.300;20023.6;24,49;0,77;;96
04/08/26;MINI IBEX-35;CALL;Dic-27;16.400;20023.6;24,33;0,77;;32
04/08/26;MINI IBEX-35;CALL;Dic-27;16.500;20023.6;24,16;0,76;;32
04/08/26;MINI IBEX-35;CALL;Dic-27;16.700;20023.6;23,82;0,75;;32
04/08/26;MINI IBEX-35;CALL;Dic-27;17.600;20023.6;22,30;0,70;;32
04/08/26;MINI IBEX-35;CALL;Dic-27;19.400;20023.6;19,26;0,57;;6.750
04/08/26;MINI IBEX-35;CALL;Dic-27;19.500;20023.6;19,09;0,56;;4
04/08/26;MINI IBEX-35;CALL;Dic-27;20.500;20023.6;17,77;0,47;;1
04/08/26;MINI IBEX-35;CALL;Mar-28;18.400;20023.6;21,04;0,64;;32
04/08/26;MINI IBEX-35;CALL;Mar-28;18.500;20023.6;20,89;0,64;;32
04/08/26;MINI IBEX-35;CALL;Mar-28;18.600;20023.6;20,73;0,63;;32
04/08/26;MINI IBEX-35;CALL;Dic-28;16.800;20023.6;22,40;0,69;;1.800
04/08/26;MINI IBEX-35;PUT;Ago-26;15.000;20023.6;34,99;;;115
04/08/26;MINI IBEX-35;PUT;Ago-26;15.700;20023.6;32,02;;;10
04/08/26;MINI IBEX-35;PUT;Ago-26;15.800;20023.6;31,60;;;1
04/08/26;MINI IBEX-35;PUT;Ago-26;15.900;20023.6;31,18;;;290
04/08/26;MINI IBEX-35;PUT;Ago-26;16.000;20023.6;30,76;;;1
04/08/26;MINI IBEX-35;PUT;Ago-26;16.200;20023.6;29,91;;;73
04/08/26;MINI IBEX-35;PUT;Ago-26;16.300;20023.6;29,49;;;1
04/08/26;MINI IBEX-35;PUT;Ago-26;16.400;20023.6;29,06;;;1
04/08/26;MINI IBEX-35;PUT;Ago-26;16.500;20023.6;28,64;;;26
04/08/26;MINI IBEX-35;PUT;Ago-26;16.600;20023.6;28,22;;;11
04/08/26;MINI IBEX-35;PUT;Ago-26;16.700;20023.6;27,79;;;4
04/08/26;MINI IBEX-35;PUT;Ago-26;16.800;20023.6;27,37;;;13
04/08/26;MINI IBEX-35;PUT;Ago-26;16.850;20023.6;27,16;;;9
04/08/26;MINI IBEX-35;PUT;Ago-26;16.950;20023.6;26,73;;;1
04/08/26;MINI IBEX-35;PUT;Ago-26;17.000;20023.6;26,52;;;6
04/08/26;MINI IBEX-35;PUT;Ago-26;17.100;20023.6;26,10;;;17
04/08/26;MINI IBEX-35;PUT;Ago-26;17.150;20023.6;25,89;;;1
04/08/26;MINI IBEX-35;PUT;Ago-26;17.200;20023.6;25,68;;;2
04/08/26;MINI IBEX-35;PUT;Ago-26;17.250;20023.6;25,46;;;1
04/08/26;MINI IBEX-35;PUT;Ago-26;17.300;20023.6;25,25;;;4
04/08/26;MINI IBEX-35;PUT;Ago-26;17.350;20023.6;25,04;;;1
04/08/26;MINI IBEX-35;PUT;Ago-26;17.400;20023.6;24,83;;;1
04/08/26;MINI IBEX-35;PUT;Ago-26;17.450;20023.6;24,62;;;1
04/08/26;MINI IBEX-35;PUT;Ago-26;17.500;20023.6;24,41;;;9
04/08/26;MINI IBEX-35;PUT;Ago-26;17.550;20023.6;24,20;;;30
04/08/26;MINI IBEX-35;PUT;Ago-26;17.600;20023.6;23,98;-0,01;;105
04/08/26;MINI IBEX-35;PUT;Ago-26;17.700;20023.6;23,56;-0,01;;2
04/08/26;MINI IBEX-35;PUT;Ago-26;17.750;20023.6;23,35;-0,01;;1
04/08/26;MINI IBEX-35;PUT;Ago-26;17.800;20023.6;23,14;-0,01;;4
04/08/26;MINI IBEX-35;PUT;Ago-26;17.850;20023.6;22,93;-0,01;;1
04/08/26;MINI IBEX-35;PUT;Ago-26;17.900;20023.6;22,71;-0,01;;10
04/08/26;MINI IBEX-35;PUT;Ago-26;17.950;20023.6;22,50;-0,01;;2
04/08/26;MINI IBEX-35;PUT;Ago-26;18.000;20023.6;22,29;-0,01;;25
04/08/26;MINI IBEX-35;PUT;Ago-26;18.050;20023.6;22,08;-0,01;;2
04/08/26;MINI IBEX-35;PUT;Ago-26;18.100;20023.6;21,87;-0,01;;69
04/08/26;MINI IBEX-35;PUT;Ago-26;18.150;20023.6;21,66;-0,01;;2
04/08/26;MINI IBEX-35;PUT;Ago-26;18.200;20023.6;21,44;-0,02;;7
04/08/26;MINI IBEX-35;PUT;Ago-26;18.250;20023.6;21,23;-0,02;;4
04/08/26;MINI IBEX-35;PUT;Ago-26;18.300;20023.6;21,02;-0,02;;5
04/08/26;MINI IBEX-35;PUT;Ago-26;18.350;20023.6;20,81;-0,02;;5
04/08/26;MINI IBEX-35;PUT;Ago-26;18.400;20023.6;20,60;-0,02;;4
04/08/26;MINI IBEX-35;PUT;Ago-26;18.450;20023.6;20,39;-0,03;;102
04/08/26;MINI IBEX-35;PUT;Ago-26;18.500;20023.6;20,17;-0,03;;8
04/08/26;MINI IBEX-35;PUT;Ago-26;18.550;20023.6;19,96;-0,03;;1
04/08/26;MINI IBEX-35;PUT;Ago-26;18.600;20023.6;19,75;-0,04;;11
04/08/26;MINI IBEX-35;PUT;Ago-26;18.650;20023.6;19,54;-0,04;1;4
04/08/26;MINI IBEX-35;PUT;Ago-26;18.700;20023.6;19,33;-0,04;;78
04/08/26;MINI IBEX-35;PUT;Ago-26;18.750;20023.6;19,12;-0,05;;5
04/08/26;MINI IBEX-35;PUT;Ago-26;18.800;20023.6;18,90;-0,05;;4
04/08/26;MINI IBEX-35;PUT;Ago-26;18.850;20023.6;18,69;-0,06;;2
04/08/26;MINI IBEX-35;PUT;Ago-26;18.900;20023.6;18,48;-0,06;;15
04/08/26;MINI IBEX-35;PUT;Ago-26;18.950;20023.6;18,27;-0,07;;1
04/08/26;MINI IBEX-35;PUT;Ago-26;19.000;20023.6;18,06;-0,08;;22
04/08/26;MINI IBEX-35;PUT;Ago-26;19.050;20023.6;17,85;-0,08;;5
04/08/26;MINI IBEX-35;PUT;Ago-26;19.100;20023.6;17,64;-0,09;;5
04/08/26;MINI IBEX-35;PUT;Ago-26;19.150;20023.6;17,42;-0,10;;2
04/08/26;MINI IBEX-35;PUT;Ago-26;19.200;20023.6;17,21;-0,11;;12
04/08/26;MINI IBEX-35;PUT;Ago-26;19.250;20023.6;17,00;-0,12;;7
04/08/26;MINI IBEX-35;PUT;Ago-26;19.300;20023.6;16,79;-0,13;2;8
04/08/26;MINI IBEX-35;PUT;Ago-26;19.350;20023.6;16,58;-0,15;;77
04/08/26;MINI IBEX-35;PUT;Ago-26;19.400;20023.6;16,37;-0,16;15;22
04/08/26;MINI IBEX-35;PUT;Ago-26;19.450;20023.6;16,15;-0,18;;79
04/08/26;MINI IBEX-35;PUT;Ago-26;19.500;20023.6;15,94;-0,19;1;14
04/08/26;MINI IBEX-35;PUT;Ago-26;19.550;20023.6;15,73;-0,21;;21
04/08/26;MINI IBEX-35;PUT;Ago-26;19.600;20023.6;15,52;-0,23;;71
04/08/26;MINI IBEX-35;PUT;Ago-26;19.650;20023.6;15,31;-0,25;1;2
04/08/26;MINI IBEX-35;PUT;Ago-26;19.700;20023.6;15,10;-0,27;75;94
04/08/26;MINI IBEX-35;PUT;Ago-26;19.750;20023.6;14,88;-0,30;;5
04/08/26;MINI IBEX-35;PUT;Ago-26;19.800;20023.6;14,67;-0,32;;39
04/08/26;MINI IBEX-35;PUT;Ago-26;19.850;20023.6;14,46;-0,35;;23
04/08/26;MINI IBEX-35;PUT;Ago-26;19.900;20023.6;14,25;-0,38;1;25
04/08/26;MINI IBEX-35;PUT;Ago-26;19.950;20023.6;14,04;-0,41;;1
04/08/26;MINI IBEX-35;PUT;Ago-26;20.000;20023.6;13,83;-0,44;101;103
04/08/26;MINI IBEX-35;PUT;Ago-26;20.100;20023.6;13,44;-0,50;1;1
04/08/26;MINI IBEX-35;PUT;Ago-26;20.200;20023.6;13,22;-0,57;;1
04/08/26;MINI IBEX-35;PUT;Sep-26;13.000;20023.6;39,25;;;2
04/08/26;MINI IBEX-35;PUT;Sep-26;13.100;20023.6;38,90;;;2
04/08/26;MINI IBEX-35;PUT;Sep-26;13.500;20023.6;37,50;;;2
04/08/26;MINI IBEX-35;PUT;Sep-26;13.600;20023.6;37,15;;;1
04/08/26;MINI IBEX-35;PUT;Sep-26;13.700;20023.6;36,81;;;2
04/08/26;MINI IBEX-35;PUT;Sep-26;13.900;20023.6;36,11;;;1
04/08/26;MINI IBEX-35;PUT;Sep-26;14.000;20023.6;35,76;;;4
04/08/26;MINI IBEX-35;PUT;Sep-26;14.100;20023.6;35,41;;;2
04/08/26;MINI IBEX-35;PUT;Sep-26;14.200;20023.6;35,06;;;1
04/08/26;MINI IBEX-35;PUT;Sep-26;14.300;20023.6;34,71;;;1
04/08/26;MINI IBEX-35;PUT;Sep-26;14.400;20023.6;34,36;;;4
04/08/26;MINI IBEX-35;PUT;Sep-26;14.500;20023.6;34,01;;;5
04/08/26;MINI IBEX-35;PUT;Sep-26;14.600;20023.6;33,66;;;5
04/08/26;MINI IBEX-35;PUT;Sep-26;14.700;20023.6;33,31;;;3
04/08/26;MINI IBEX-35;PUT;Sep-26;15.000;20023.6;32,26;;;41
04/08/26;MINI IBEX-35;PUT;Sep-26;15.100;20023.6;31,91;;;1
04/08/26;MINI IBEX-35;PUT;Sep-26;15.200;20023.6;31,56;-0,01;;2
04/08/26;MINI IBEX-35;PUT;Sep-26;15.300;20023.6;31,21;-0,01;;7
04/08/26;MINI IBEX-35;PUT;Sep-26;15.400;20023.6;30,86;-0,01;;5
04/08/26;MINI IBEX-35;PUT;Sep-26;15.500;20023.6;30,51;-0,01;;44
04/08/26;MINI IBEX-35;PUT;Sep-26;15.600;20023.6;30,16;-0,01;;1
04/08/26;MINI IBEX-35;PUT;Sep-26;15.700;20023.6;29,81;-0,01;;1
04/08/26;MINI IBEX-35;PUT;Sep-26;15.800;20023.6;29,46;-0,01;;3
04/08/26;MINI IBEX-35;PUT;Sep-26;15.900;20023.6;29,11;-0,01;;17
04/08/26;MINI IBEX-35;PUT;Sep-26;16.000;20023.6;28,76;-0,01;;5.506
04/08/26;MINI IBEX-35;PUT;Sep-26;16.100;20023.6;28,41;-0,01;;2
04/08/26;MINI IBEX-35;PUT;Sep-26;16.300;20023.6;27,72;-0,01;;1
04/08/26;MINI IBEX-35;PUT;Sep-26;16.400;20023.6;27,37;-0,02;;3
04/08/26;MINI IBEX-35;PUT;Sep-26;16.500;20023.6;27,02;-0,02;;20
04/08/26;MINI IBEX-35;PUT;Sep-26;16.600;20023.6;26,67;-0,02;;1
04/08/26;MINI IBEX-35;PUT;Sep-26;16.700;20023.6;26,32;-0,02;;1
04/08/26;MINI IBEX-35;PUT;Sep-26;16.800;20023.6;25,97;-0,02;;4
04/08/26;MINI IBEX-35;PUT;Sep-26;17.000;20023.6;25,27;-0,03;;26
04/08/26;MINI IBEX-35;PUT;Sep-26;17.200;20023.6;24,57;-0,03;;2
04/08/26;MINI IBEX-35;PUT;Sep-26;17.300;20023.6;24,22;-0,04;;2
04/08/26;MINI IBEX-35;PUT;Sep-26;17.400;20023.6;23,87;-0,04;;8
04/08/26;MINI IBEX-35;PUT;Sep-26;17.500;20023.6;23,52;-0,04;1;114
04/08/26;MINI IBEX-35;PUT;Sep-26;17.600;20023.6;23,17;-0,05;;4
04/08/26;MINI IBEX-35;PUT;Sep-26;17.700;20023.6;22,82;-0,05;;3
04/08/26;MINI IBEX-35;PUT;Sep-26;17.800;20023.6;22,47;-0,06;;8
04/08/26;MINI IBEX-35;PUT;Sep-26;17.850;20023.6;22,30;-0,06;;2
04/08/26;MINI IBEX-35;PUT;Sep-26;17.900;20023.6;22,12;-0,06;1;2
04/08/26;MINI IBEX-35;PUT;Sep-26;18.000;20023.6;21,77;-0,07;;19
04/08/26;MINI IBEX-35;PUT;Sep-26;18.100;20023.6;21,42;-0,08;1;4
04/08/26;MINI IBEX-35;PUT;Sep-26;18.150;20023.6;21,25;-0,08;;110
04/08/26;MINI IBEX-35;PUT;Sep-26;18.200;20023.6;21,07;-0,08;1;6
04/08/26;MINI IBEX-35;PUT;Sep-26;18.250;20023.6;20,90;-0,09;;3
04/08/26;MINI IBEX-35;PUT;Sep-26;18.300;20023.6;20,72;-0,09;;3
04/08/26;MINI IBEX-35;PUT;Sep-26;18.400;20023.6;20,37;-0,10;;20
04/08/26;MINI IBEX-35;PUT;Sep-26;18.500;20023.6;20,02;-0,11;;17
04/08/26;MINI IBEX-35;PUT;Sep-26;18.550;20023.6;19,85;-0,12;;3
04/08/26;MINI IBEX-35;PUT;Sep-26;18.600;20023.6;19,67;-0,12;;12
04/08/26;MINI IBEX-35;PUT;Sep-26;18.700;20023.6;19,32;-0,13;;5
04/08/26;MINI IBEX-35;PUT;Sep-26;18.750;20023.6;19,15;-0,14;;3
04/08/26;MINI IBEX-35;PUT;Sep-26;18.800;20023.6;18,97;-0,15;;6
04/08/26;MINI IBEX-35;PUT;Sep-26;18.850;20023.6;18,80;-0,16;;1
04/08/26;MINI IBEX-35;PUT;Sep-26;18.900;20023.6;18,62;-0,16;;2
04/08/26;MINI IBEX-35;PUT;Sep-26;19.000;20023.6;18,28;-0,18;;10.887
04/08/26;MINI IBEX-35;PUT;Sep-26;19.050;20023.6;18,10;-0,19;;1
04/08/26;MINI IBEX-35;PUT;Sep-26;19.100;20023.6;17,93;-0,20;;10
04/08/26;MINI IBEX-35;PUT;Sep-26;19.150;20023.6;17,75;-0,21;;2
04/08/26;MINI IBEX-35;PUT;Sep-26;19.200;20023.6;17,58;-0,22;;6
04/08/26;MINI IBEX-35;PUT;Sep-26;19.300;20023.6;17,23;-0,24;;8
04/08/26;MINI IBEX-35;PUT;Sep-26;19.350;20023.6;17,05;-0,25;;2
04/08/26;MINI IBEX-35;PUT;Sep-26;19.400;20023.6;16,88;-0,26;;4
04/08/26;MINI IBEX-35;PUT;Sep-26;19.500;20023.6;16,53;-0,29;;14
04/08/26;MINI IBEX-35;PUT;Sep-26;19.600;20023.6;16,18;-0,31;;3
04/08/26;MINI IBEX-35;PUT;Sep-26;19.650;20023.6;16,00;-0,33;;76
04/08/26;MINI IBEX-35;PUT;Sep-26;19.700;20023.6;15,83;-0,34;;6
04/08/26;MINI IBEX-35;PUT;Sep-26;19.800;20023.6;15,48;-0,37;;8
04/08/26;MINI IBEX-35;PUT;Sep-26;19.900;20023.6;15,13;-0,41;;1
04/08/26;MINI IBEX-35;PUT;Sep-26;20.000;20023.6;14,78;-0,44;26;27
04/08/26;MINI IBEX-35;PUT;Sep-26;24.000;20023.6;7,49;-1,00;;5.500
04/08/26;MINI IBEX-35;PUT;Oct-26;18.000;20023.6;20,83;-0,11;2;5
04/08/26;MINI IBEX-35;PUT;Oct-26;18.900;20023.6;18,03;-0,21;;1
04/08/26;MINI IBEX-35;PUT;Oct-26;18.950;20023.6;17,87;-0,22;;1
04/08/26;MINI IBEX-35;PUT;Oct-26;19.000;20023.6;17,72;-0,23;;1
04/08/26;MINI IBEX-35;PUT;Oct-26;19.150;20023.6;17,25;-0,25;;2
04/08/26;MINI IBEX-35;PUT;Oct-26;19.450;20023.6;16,31;-0,31;;1
04/08/26;MINI IBEX-35;PUT;Oct-26;19.700;20023.6;15,53;-0,37;;1
04/08/26;MINI IBEX-35;PUT;Dic-26;8.600;20023.6;44,79;;;1.250
04/08/26;MINI IBEX-35;PUT;Dic-26;10.900;20023.6;38,72;;;1
04/08/26;MINI IBEX-35;PUT;Dic-26;11.300;20023.6;37,66;;;1
04/08/26;MINI IBEX-35;PUT;Dic-26;11.500;20023.6;37,14;-0,01;;2
04/08/26;MINI IBEX-35;PUT;Dic-26;12.200;20023.6;35,29;-0,01;;2
04/08/26;MINI IBEX-35;PUT;Dic-26;12.300;20023.6;35,02;-0,01;;5
04/08/26;MINI IBEX-35;PUT;Dic-26;12.400;20023.6;34,76;-0,01;;1
04/08/26;MINI IBEX-35;PUT;Dic-26;12.500;20023.6;34,50;-0,01;;7
04/08/26;MINI IBEX-35;PUT;Dic-26;12.600;20023.6;34,23;-0,01;;6
04/08/26;MINI IBEX-35;PUT;Dic-26;12.900;20023.6;33,44;-0,01;;7
04/08/26;MINI IBEX-35;PUT;Dic-26;13.000;20023.6;33,18;-0,01;;7
04/08/26;MINI IBEX-35;PUT;Dic-26;13.100;20023.6;32,91;-0,01;;1
04/08/26;MINI IBEX-35;PUT;Dic-26;13.200;20023.6;32,65;-0,01;;1
04/08/26;MINI IBEX-35;PUT;Dic-26;13.500;20023.6;31,86;-0,02;;504
04/08/26;MINI IBEX-35;PUT;Dic-26;13.600;20023.6;31,59;-0,02;;5
04/08/26;MINI IBEX-35;PUT;Dic-26;13.700;20023.6;31,33;-0,02;;2
04/08/26;MINI IBEX-35;PUT;Dic-26;14.000;20023.6;30,54;-0,02;;1.034
04/08/26;MINI IBEX-35;PUT;Dic-26;14.200;20023.6;30,01;-0,02;;3
04/08/26;MINI IBEX-35;PUT;Dic-26;14.300;20023.6;29,75;-0,03;;1
04/08/26;MINI IBEX-35;PUT;Dic-26;14.400;20023.6;29,48;-0,03;;1
04/08/26;MINI IBEX-35;PUT;Dic-26;14.500;20023.6;29,22;-0,03;;1
04/08/26;MINI IBEX-35;PUT;Dic-26;14.600;20023.6;28,96;-0,03;;1
04/08/26;MINI IBEX-35;PUT;Dic-26;14.800;20023.6;28,43;-0,03;;1
04/08/26;MINI IBEX-35;PUT;Dic-26;14.900;20023.6;28,16;-0,03;;3
04/08/26;MINI IBEX-35;PUT;Dic-26;15.000;20023.6;27,90;-0,04;;17
04/08/26;MINI IBEX-35;PUT;Dic-26;15.200;20023.6;27,37;-0,04;;1
04/08/26;MINI IBEX-35;PUT;Dic-26;15.500;20023.6;26,58;-0,05;;7
04/08/26;MINI IBEX-35;PUT;Dic-26;15.600;20023.6;26,32;-0,05;;32
04/08/26;MINI IBEX-35;PUT;Dic-26;15.700;20023.6;26,05;-0,05;;4
04/08/26;MINI IBEX-35;PUT;Dic-26;15.800;20023.6;25,79;-0,06;;4
04/08/26;MINI IBEX-35;PUT;Dic-26;15.900;20023.6;25,53;-0,06;;1
04/08/26;MINI IBEX-35;PUT;Dic-26;16.000;20023.6;25,26;-0,06;;27
04/08/26;MINI IBEX-35;PUT;Dic-26;16.100;20023.6;25,00;-0,06;;2
04/08/26;MINI IBEX-35;PUT;Dic-26;16.300;20023.6;24,47;-0,07;;10
04/08/26;MINI IBEX-35;PUT;Dic-26;16.400;20023.6;24,21;-0,07;;6.000
04/08/26;MINI IBEX-35;PUT;Dic-26;16.500;20023.6;23,94;-0,08;;1
04/08/26;MINI IBEX-35;PUT;Dic-26;16.600;20023.6;23,68;-0,08;;2
04/08/26;MINI IBEX-35;PUT;Dic-26;16.700;20023.6;23,41;-0,09;;1.507
04/08/26;MINI IBEX-35;PUT;Dic-26;16.800;20023.6;23,15;-0,09;;4
04/08/26;MINI IBEX-35;PUT;Dic-26;16.900;20023.6;22,89;-0,10;;4
04/08/26;MINI IBEX-35;PUT;Dic-26;17.000;20023.6;22,62;-0,10;;22
04/08/26;MINI IBEX-35;PUT;Dic-26;17.100;20023.6;22,36;-0,11;;7
04/08/26;MINI IBEX-35;PUT;Dic-26;17.200;20023.6;22,10;-0,11;;105
04/08/26;MINI IBEX-35;PUT;Dic-26;17.300;20023.6;21,83;-0,12;;5
04/08/26;MINI IBEX-35;PUT;Dic-26;17.400;20023.6;21,57;-0,12;;6
04/08/26;MINI IBEX-35;PUT;Dic-26;17.500;20023.6;21,30;-0,13;;1.023
04/08/26;MINI IBEX-35;PUT;Dic-26;17.600;20023.6;21,04;-0,14;;104
04/08/26;MINI IBEX-35;PUT;Dic-26;17.700;20023.6;20,78;-0,14;;5.011
04/08/26;MINI IBEX-35;PUT;Dic-26;17.800;20023.6;20,51;-0,15;;10
04/08/26;MINI IBEX-35;PUT;Dic-26;17.900;20023.6;20,25;-0,16;;5.003
04/08/26;MINI IBEX-35;PUT;Dic-26;18.000;20023.6;19,98;-0,17;;25
04/08/26;MINI IBEX-35;PUT;Dic-26;18.100;20023.6;19,72;-0,18;;5
04/08/26;MINI IBEX-35;PUT;Dic-26;18.200;20023.6;19,46;-0,19;;9
04/08/26;MINI IBEX-35;PUT;Dic-26;18.300;20023.6;19,19;-0,20;;6
04/08/26;MINI IBEX-35;PUT;Dic-26;18.400;20023.6;18,93;-0,21;;8
04/08/26;MINI IBEX-35;PUT;Dic-26;18.500;20023.6;18,66;-0,22;203;210
04/08/26;MINI IBEX-35;PUT;Dic-26;18.800;20023.6;17,87;-0,25;;4
04/08/26;MINI IBEX-35;PUT;Dic-26;18.900;20023.6;17,61;-0,27;;11
04/08/26;MINI IBEX-35;PUT;Dic-26;19.000;20023.6;17,35;-0,28;;5
04/08/26;MINI IBEX-35;PUT;Dic-26;19.100;20023.6;17,08;-0,29;;1
04/08/26;MINI IBEX-35;PUT;Dic-26;19.200;20023.6;16,82;-0,31;;36
04/08/26;MINI IBEX-35;PUT;Dic-26;19.300;20023.6;16,55;-0,33;;4
04/08/26;MINI IBEX-35;PUT;Dic-26;19.400;20023.6;16,29;-0,34;;2
04/08/26;MINI IBEX-35;PUT;Dic-26;19.500;20023.6;16,03;-0,36;;3
04/08/26;MINI IBEX-35;PUT;Dic-26;19.600;20023.6;15,76;-0,38;;6
04/08/26;MINI IBEX-35;PUT;Dic-26;19.700;20023.6;15,50;-0,40;;1
04/08/26;MINI IBEX-35;PUT;Dic-26;19.800;20023.6;15,23;-0,42;;1
04/08/26;MINI IBEX-35;PUT;Dic-26;19.900;20023.6;14,97;-0,44;;1
04/08/26;MINI IBEX-35;PUT;Dic-26;20.000;20023.6;14,71;-0,46;2;3
04/08/26;MINI IBEX-35;PUT;Dic-26;20.500;20023.6;13,87;-0,57;;1
04/08/26;MINI IBEX-35;PUT;Mar-27;13.000;20023.6;30,40;-0,03;;3
04/08/26;MINI IBEX-35;PUT;Mar-27;13.800;20023.6;28,64;-0,04;;32
04/08/26;MINI IBEX-35;PUT;Mar-27;15.200;20023.6;25,56;-0,07;;1
04/08/26;MINI IBEX-35;PUT;Mar-27;15.700;20023.6;24,46;-0,08;;1
04/08/26;MINI IBEX-35;PUT;Mar-27;16.500;20023.6;22,69;-0,11;;1
04/08/26;MINI IBEX-35;PUT;Mar-27;17.000;20023.6;21,59;-0,14;;2
04/08/26;MINI IBEX-35;PUT;Mar-27;17.500;20023.6;20,49;-0,17;;21
04/08/26;MINI IBEX-35;PUT;Mar-27;18.000;20023.6;19,39;-0,21;;756
04/08/26;MINI IBEX-35;PUT;Mar-27;18.100;20023.6;19,17;-0,22;;5
04/08/26;MINI IBEX-35;PUT;Mar-27;18.200;20023.6;18,95;-0,22;;5
04/08/26;MINI IBEX-35;PUT;Mar-27;18.300;20023.6;18,73;-0,23;;5
04/08/26;MINI IBEX-35;PUT;Mar-27;18.400;20023.6;18,51;-0,24;;5
04/08/26;MINI IBEX-35;PUT;Mar-27;18.500;20023.6;18,29;-0,25;;3
04/08/26;MINI IBEX-35;PUT;Mar-27;18.600;20023.6;18,07;-0,26;;2
04/08/26;MINI IBEX-35;PUT;Mar-27;19.100;20023.6;16,97;-0,32;;5
04/08/26;MINI IBEX-35;PUT;Mar-27;19.300;20023.6;16,53;-0,34;;5
04/08/26;MINI IBEX-35;PUT;Mar-27;19.500;20023.6;16,09;-0,37;;5
04/08/26;MINI IBEX-35;PUT;Mar-27;19.600;20023.6;15,87;-0,38;;5
04/08/26;MINI IBEX-35;PUT;Mar-27;19.800;20023.6;15,43;-0,41;;5
04/08/26;MINI IBEX-35;PUT;Mar-27;19.900;20023.6;15,21;-0,43;;5
04/08/26;MINI IBEX-35;PUT;Mar-27;21.400;20023.6;13,04;-0,69;;1
04/08/26;MINI IBEX-35;PUT;Mar-27;21.600;20023.6;12,77;-0,73;;2
04/08/26;MINI IBEX-35;PUT;Mar-27;21.800;20023.6;12,51;-0,76;;1
04/08/26;MINI IBEX-35;PUT;Mar-27;21.900;20023.6;12,38;-0,78;;3
04/08/26;MINI IBEX-35;PUT;Mar-27;22.000;20023.6;12,25;-0,79;;2
04/08/26;MINI IBEX-35;PUT;Mar-27;22.900;20023.6;11,07;-0,91;;2
04/08/26;MINI IBEX-35;PUT;Jun-27;13.000;20023.6;29,07;-0,04;;2
04/08/26;MINI IBEX-35;PUT;Jun-27;16.000;20023.6;23,07;-0,12;15;20
04/08/26;MINI IBEX-35;PUT;Jun-27;17.000;20023.6;21,07;-0,17;;1
04/08/26;MINI IBEX-35;PUT;Jun-27;18.000;20023.6;19,07;-0,24;;1
04/08/26;MINI IBEX-35;PUT;Jun-27;18.500;20023.6;18,07;-0,29;;1
04/08/26;MINI IBEX-35;PUT;Jun-27;19.700;20023.6;15,67;-0,42;;1
04/08/26;MINI IBEX-35;PUT;Jun-27;19.900;20023.6;15,27;-0,45;;1
04/08/26;MINI IBEX-35;PUT;Jun-27;23.300;20023.6;10,89;-0,90;;1
04/08/26;MINI IBEX-35;PUT;Jun-27;23.400;20023.6;10,76;-0,91;;2
04/08/26;MINI IBEX-35;PUT;Jun-27;24.200;20023.6;9,75;-0,96;;2
04/08/26;MINI IBEX-35;PUT;Sep-27;12.100;20023.6;29,46;-0,04;;32
04/08/26;MINI IBEX-35;PUT;Sep-27;12.200;20023.6;29,28;-0,04;;32
04/08/26;MINI IBEX-35;PUT;Sep-27;12.300;20023.6;29,10;-0,04;;32
04/08/26;MINI IBEX-35;PUT;Sep-27;12.400;20023.6;28,92;-0,04;;32
04/08/26;MINI IBEX-35;PUT;Sep-27;14.200;20023.6;25,67;-0,08;;32
04/08/26;MINI IBEX-35;PUT;Dic-27;13.400;20023.6;26,54;-0,07;;250
04/08/26;MINI IBEX-35;PUT;Dic-27;14.700;20023.6;24,35;-0,11;;1
04/08/26;MINI IBEX-35;PUT;Dic-27;15.400;20023.6;23,16;-0,13;;32
04/08/26;MINI IBEX-35;PUT;Dic-27;15.700;20023.6;22,66;-0,15;;32
04/08/26;MINI IBEX-35;PUT;Dic-27;15.800;20023.6;22,49;-0,15;;32
04/08/26;MINI IBEX-35;PUT;Dic-27;19.300;20023.6;16,58;-0,38;;3
04/08/26;MINI IBEX-35;PUT;Dic-27;19.400;20023.6;16,41;-0,39;;6.751
04/08/26;MINI IBEX-35;PUT;Sep-28;17.500;20023.6;18,20;-0,26;;2
04/08/26;MINI IBEX-35;PUT;Dic-28;16.800;20023.6;18,75;-0,23;;1.800
04/08/26;MINI IBEX-35;PUT;Jun-29;18.800;20023.6;18,16;-0,36;;1
04/08/26;MINI IBEX-35;PUT;Jun-31;18.400;20023.6;18,84;-0,33;;1
04/08/26;ACCIONA;CALL;Ago-26;210,00;214.6;41,25;0,62;5;5
04/08/26;ACCIONA;CALL;Ago-26;260,00;214.6;33,82;;;5
04/08/26;ACCIONA;CALL;Ago-26;270,00;214.6;32,44;;;2
04/08/26;ACCIONA;CALL;Sep-26;220,00;214.6;35,35;0,45;1;6
04/08/26;ACCIONA;CALL;Sep-26;230,00;214.6;34,48;0,31;;1
04/08/26;ACCIONA;CALL;Sep-26;260,00;214.6;31,87;0,05;1;16
04/08/26;ACCIONA;CALL;Sep-26;280,00;214.6;30,13;0,01;;2
04/08/26;ACCIONA;CALL;Sep-26;310,00;214.6;27,52;;;5
04/08/26;ACCIONA;CALL;Sep-26;340,00;214.6;24,91;;;10
04/08/26;ACCIONA;CALL;Dic-26;210,00;214.6;35,98;0,60;;2
04/08/26;ACCIONA;CALL;Dic-26;230,00;214.6;34,76;0,43;;5
04/08/26;ACCIONA;CALL;Dic-26;260,00;214.6;33,60;0,22;;2
04/08/26;ACCIONA;CALL;Dic-26;280,00;214.6;32,82;0,12;;5
04/08/26;ACCIONA;CALL;Dic-26;320,00;214.6;31,27;0,03;;5
04/08/26;ACCIONA;CALL;Mar-27;160,00;214.6;41,80;0,86;;1
04/08/26;ACCIONA;CALL;Mar-27;270,00;214.6;33,46;0,25;;5
04/08/26;ACCIONA;CALL;Mar-27;290,00;214.6;32,77;0,16;;5
04/08/26;ACCIONA;CALL;Jun-27;220,00;214.6;33,93;0,56;;1
04/08/26;ACCIONA;PUT;Ago-26;200,00;214.6;42,59;-0,21;;21
04/08/26;ACCIONA;PUT;Ago-26;220,00;214.6;38,19;-0,60;;1
04/08/26;ACCIONA;PUT;Ago-26;230,00;214.6;36,81;-0,80;4;3
04/08/26;ACCIONA;PUT;Sep-26;120,00;214.6;54,05;;;1
04/08/26;ACCIONA;PUT;Sep-26;170,00;214.6;44,19;-0,06;;1
04/08/26;ACCIONA;PUT;Sep-26;185,00;214.6;41,23;-0,13;3;3
04/08/26;ACCIONA;PUT;Sep-26;190,00;214.6;40,24;-0,17;14;15
04/08/26;ACCIONA;PUT;Sep-26;200,00;214.6;38,27;-0,27;;10
04/08/26;ACCIONA;PUT;Sep-26;210,00;214.6;36,30;-0,40;1;2
04/08/26;ACCIONA;PUT;Sep-26;240,00;214.6;33,18;-0,82;;1
04/08/26;ACCIONA;PUT;Oct-26;220,00;214.6;34,18;-0,53;2;2
04/08/26;ACCIONA;PUT;Dic-26;175,00;214.6;40,83;-0,17;;2
04/08/26;ACCIONA;PUT;Dic-26;195,00;214.6;38,13;-0,29;;15
04/08/26;ACCIONA;PUT;Dic-26;200,00;214.6;37,45;-0,33;;20
04/08/26;ACCIONA;PUT;Dic-26;210,00;214.6;36,10;-0,41;3;5
04/08/26;ACCIONA;PUT;Mar-27;170,00;214.6;40,52;-0,18;2;2
04/08/26;ACCIONA;PUT;Mar-27;200,00;214.6;36,98;-0,33;;20
04/08/26;ACCIONA;PUT;Mar-27;210,00;214.6;35,80;-0,40;;5
04/08/26;ACCIONA;PUT;Mar-27;290,00;214.6;32,68;-0,87;;5
04/08/26;ACCIONA;PUT;Mar-27;300,00;214.6;32,34;-0,91;;5
04/08/26;ACCIONA;PUT;Jun-27;320,00;214.6;29,90;-0,96;5;
04/08/26;ACCIONA ENERGIA;CALL;Sep-26;29,00;20.76;25,52;;;1
04/08/26;ACCIONA ENERGIA;CALL;Dic-26;24,00;20.76;33,57;0,29;;3
04/08/26;ACCIONA ENERGIA;CALL;Dic-26;25,00;20.76;33,31;0,22;;1
04/08/26;ACCIONA ENERGIA;CALL;Dic-26;27,00;20.76;32,80;0,12;;1
04/08/26;ACCIONA ENERGIA;CALL;Dic-26;30,00;20.76;32,03;0,04;;1
04/08/26;ACCIONA ENERGIA;CALL;Dic-26;31,00;20.76;31,77;0,03;;1
04/08/26;ACCIONA ENERGIA;PUT;Ago-26;20,00;20.76;37,71;-0,31;1;1
04/08/26;ACCIONA ENERGIA;PUT;Ago-26;21,00;20.76;36,87;-0,54;;1
04/08/26;ACCIONA ENERGIA;PUT;Sep-26;20,00;20.76;36,21;-0,35;;3
04/08/26;ACCIONA ENERGIA;PUT;Sep-26;21,00;20.76;35,42;-0,51;;2
04/08/26;ACCIONA ENERGIA;PUT;Sep-26;23,00;20.76;33,43;-0,79;;2
04/08/26;ACCIONA ENERGIA;PUT;Dic-26;18,00;20.76;39,56;-0,23;;2
04/08/26;ACCIONA ENERGIA;PUT;Dic-26;19,00;20.76;38,85;-0,30;;3
04/08/26;ACCIONA ENERGIA;PUT;Dic-26;21,00;20.76;37,55;-0,46;;15
04/08/26;ACCIONA ENERGIA;PUT;Jun-27;24,00;20.76;32,06;-0,62;;13
04/08/26;ACERINOX;CALL;Ago-26;15,50;18.23;37,58;0,98;;2
04/08/26;ACERINOX;CALL;Ago-26;16,00;18.23;36,53;0,96;;4
04/08/26;ACERINOX;CALL;Ago-26;16,50;18.23;35,48;0,91;;50
04/08/26;ACERINOX;CALL;Ago-26;17,00;18.23;34,43;0,84;;22
04/08/26;ACERINOX;CALL;Ago-26;17,50;18.23;33,38;0,73;;11
04/08/26;ACERINOX;CALL;Ago-26;18,00;18.23;32,32;0,59;;39
04/08/26;ACERINOX;CALL;Sep-26;14,50;18.23;39,31;0,96;;150
04/08/26;ACERINOX;CALL;Sep-26;15,50;18.23;37,46;0,91;5;10
04/08/26;ACERINOX;CALL;Sep-26;16,00;18.23;36,54;0,86;;14
04/08/26;ACERINOX;CALL;Sep-26;17,00;18.23;34,69;0,74;;14
04/08/26;ACERINOX;CALL;Sep-26;17,50;18.23;33,77;0,66;;8
04/08/26;ACERINOX;CALL;Sep-26;18,00;18.23;32,84;0,58;;1
04/08/26;ACERINOX;CALL;Sep-26;18,50;18.23;32,13;0,48;;30
04/08/26;ACERINOX;CALL;Sep-26;19,00;18.23;31,60;0,39;;10
04/08/26;ACERINOX;CALL;Sep-26;21,00;18.23;29,48;0,10;;1
04/08/26;ACERINOX;CALL;Oct-26;17,50;18.23;33,94;0,65;;3
04/08/26;ACERINOX;CALL;Oct-26;19,50;18.23;31,86;0,36;;10
04/08/26;ACERINOX;CALL;Dic-26;6,00;18.23;47,08;1,00;;20
04/08/26;ACERINOX;CALL;Dic-26;9,75;18.23;42,21;1,00;;2
04/08/26;ACERINOX;CALL;Dic-26;11,00;18.23;40,59;0,99;;10
04/08/26;ACERINOX;CALL;Dic-26;13,00;18.23;37,99;0,95;;11
04/08/26;ACERINOX;CALL;Dic-26;13,50;18.23;37,34;0,93;;20
04/08/26;ACERINOX;CALL;Dic-26;14,00;18.23;36,69;0,91;;10
04/08/26;ACERINOX;CALL;Dic-26;14,50;18.23;36,04;0,88;;10
04/08/26;ACERINOX;CALL;Dic-26;16,00;18.23;34,10;0,78;;10
04/08/26;ACERINOX;CALL;Dic-26;17,00;18.23;32,80;0,69;;5
04/08/26;ACERINOX;CALL;Dic-26;17,50;18.23;32,15;0,64;;35
04/08/26;ACERINOX;CALL;Dic-26;18,00;18.23;31,50;0,58;;20
04/08/26;ACERINOX;CALL;Dic-26;19,00;18.23;30,95;0,47;;20
04/08/26;ACERINOX;CALL;Dic-26;19,50;18.23;30,78;0,42;;11
04/08/26;ACERINOX;CALL;Dic-26;20,00;18.23;30,62;0,36;;10
04/08/26;ACERINOX;CALL;Dic-26;22,00;18.23;29,96;0,19;;1
04/08/26;ACERINOX;CALL;Mar-27;8,75;18.23;43,25;1,00;;1
04/08/26;ACERINOX;CALL;Mar-27;11,00;18.23;40,70;0,97;;15
04/08/26;ACERINOX;CALL;Mar-27;13,00;18.23;38,43;0,92;;1
04/08/26;ACERINOX;CALL;Mar-27;13,50;18.23;37,86;0,89;;5
04/08/26;ACERINOX;CALL;Mar-27;14,00;18.23;37,30;0,87;5;
04/08/26;ACERINOX;CALL;Mar-27;14,50;18.23;36,73;0,84;;150
04/08/26;ACERINOX;CALL;Mar-27;15,50;18.23;35,59;0,78;;150
04/08/26;ACERINOX;CALL;Mar-27;16,00;18.23;35,03;0,75;;150
04/08/26;ACERINOX;CALL;Mar-27;17,00;18.23;33,89;0,67;;150
04/08/26;ACERINOX;CALL;Mar-27;17,50;18.23;33,33;0,63;;100
04/08/26;ACERINOX;CALL;Mar-27;18,50;18.23;32,42;0,54;;50
04/08/26;ACERINOX;CALL;Mar-27;19,00;18.23;32,26;0,50;;25
04/08/26;ACERINOX;CALL;Sep-27;13,50;18.23;39,21;0,84;;5
04/08/26;ACERINOX;CALL;Sep-27;14,00;18.23;38,62;0,82;;1
04/08/26;ACERINOX;CALL;Sep-27;16,50;18.23;35,65;0,68;;150
04/08/26;ACERINOX;CALL;Dic-27;11,00;18.23;40,34;0,93;;10
04/08/26;ACERINOX;CALL;Dic-27;12,00;18.23;39,29;0,89;;1
04/08/26;ACERINOX;CALL;Dic-27;13,00;18.23;38,25;0,85;;10
04/08/26;ACERINOX;CALL;Jun-28;12,50;18.23;36,55;0,86;;10
04/08/26;ACERINOX;PUT;Ago-26;12,50;18.23;43,08;;;2
04/08/26;ACERINOX;PUT;Ago-26;13,00;18.23;42,03;;;106
04/08/26;ACERINOX;PUT;Ago-26;14,00;18.23;39,92;;;1
04/08/26;ACERINOX;PUT;Ago-26;14,50;18.23;38,87;;;30
04/08/26;ACERINOX;PUT;Ago-26;15,00;18.23;37,82;-0,01;;35
04/08/26;ACERINOX;PUT;Ago-26;15,50;18.23;36,77;-0,02;;11
04/08/26;ACERINOX;PUT;Ago-26;17,00;18.23;33,62;-0,16;;20
04/08/26;ACERINOX;PUT;Ago-26;17,50;18.23;32,57;-0,26;;11
04/08/26;ACERINOX;PUT;Ago-26;18,00;18.23;31,51;-0,41;;2
04/08/26;ACERINOX;PUT;Ago-26;18,50;18.23;30,65;-0,57;20;20
04/08/26;ACERINOX;PUT;Sep-26;9,00;18.23;47,10;;;23
04/08/26;ACERINOX;PUT;Sep-26;9,50;18.23;46,17;;;43
04/08/26;ACERINOX;PUT;Sep-26;9,75;18.23;45,71;;;1
04/08/26;ACERINOX;PUT;Sep-26;10,00;18.23;45,25;;;10
04/08/26;ACERINOX;PUT;Sep-26;10,50;18.23;44,33;;;40
04/08/26;ACERINOX;PUT;Sep-26;11,00;18.23;43,40;;;150
04/08/26;ACERINOX;PUT;Sep-26;12,00;18.23;41,56;;;10
04/08/26;ACERINOX;PUT;Sep-26;13,00;18.23;39,71;-0,01;;9
04/08/26;ACERINOX;PUT;Sep-26;14,00;18.23;37,86;-0,02;;10
04/08/26;ACERINOX;PUT;Sep-26;15,00;18.23;36,02;-0,05;;5
04/08/26;ACERINOX;PUT;Sep-26;15,50;18.23;35,09;-0,08;;22
04/08/26;ACERINOX;PUT;Sep-26;16,00;18.23;34,17;-0,12;;36
04/08/26;ACERINOX;PUT;Sep-26;18,50;18.23;29,76;-0,53;;125
04/08/26;ACERINOX;PUT;Oct-26;15,50;18.23;34,53;-0,13;;10
04/08/26;ACERINOX;PUT;Dic-26;9,50;18.23;42,22;;;1
04/08/26;ACERINOX;PUT;Dic-26;9,75;18.23;41,90;;;1
04/08/26;ACERINOX;PUT;Dic-26;10,00;18.23;41,57;-0,01;;97
04/08/26;ACERINOX;PUT;Dic-26;10,50;18.23;40,93;-0,01;;35
04/08/26;ACERINOX;PUT;Dic-26;11,00;18.23;40,28;-0,01;;51
04/08/26;ACERINOX;PUT;Dic-26;11,50;18.23;39,63;-0,02;;25
04/08/26;ACERINOX;PUT;Dic-26;12,00;18.23;38,98;-0,03;;75
04/08/26;ACERINOX;PUT;Dic-26;12,50;18.23;38,33;-0,04;;145
04/08/26;ACERINOX;PUT;Dic-26;13,00;18.23;37,68;-0,05;;10
04/08/26;ACERINOX;PUT;Dic-26;13,50;18.23;37,03;-0,07;;45
04/08/26;ACERINOX;PUT;Dic-26;15,50;18.23;34,43;-0,18;;20
04/08/26;ACERINOX;PUT;Dic-26;18,00;18.23;31,19;-0,42;;50
04/08/26;ACERINOX;PUT;Mar-27;8,00;18.23;42,62;;;2
04/08/26;ACERINOX;PUT;Mar-27;10,00;18.23;40,35;-0,02;;175
04/08/26;ACERINOX;PUT;Mar-27;10,50;18.23;39,78;-0,03;;60
04/08/26;ACERINOX;PUT;Mar-27;11,00;18.23;39,22;-0,04;;160
04/08/26;ACERINOX;PUT;Mar-27;11,50;18.23;38,65;-0,05;;126
04/08/26;ACERINOX;PUT;Mar-27;12,00;18.23;38,08;-0,06;;70
04/08/26;ACERINOX;PUT;Mar-27;13,50;18.23;36,38;-0,12;;12
04/08/26;ACERINOX;PUT;Mar-27;15,00;18.23;34,68;-0,20;;100
04/08/26;ACERINOX;PUT;Mar-27;15,50;18.23;34,11;-0,24;;5
04/08/26;ACERINOX;PUT;Mar-27;16,00;18.23;33,55;-0,27;;3
04/08/26;ACERINOX;PUT;Jun-27;8,75;18.23;41,67;-0,02;;1
04/08/26;ACERINOX;PUT;Jun-27;10,00;18.23;40,21;-0,04;;243
04/08/26;ACERINOX;PUT;Jun-27;11,00;18.23;39,04;-0,06;;110
04/08/26;ACERINOX;PUT;Jun-27;15,00;18.23;34,36;-0,22;;10
04/08/26;ACERINOX;PUT;Sep-27;10,00;18.23;39,82;-0,05;;150
04/08/26;ACERINOX;PUT;Sep-27;10,50;18.23;39,23;-0,06;;150
04/08/26;ACERINOX;PUT;Sep-27;11,00;18.23;38,63;-0,08;;150
04/08/26;ACERINOX;PUT;Sep-27;11,50;18.23;38,04;-0,09;;150
04/08/26;ACERINOX;PUT;Sep-27;12,00;18.23;37,44;-0,11;;207
04/08/26;ACERINOX;PUT;Dic-27;12,00;18.23;35,96;-0,12;;150
04/08/26;ACERINOX;PUT;Mar-28;12,00;18.23;34,12;-0,12;;208
04/08/26;ACS;CALL;Ago-26;110,00;110.8;39,22;0,56;;5
04/08/26;ACS;CALL;Ago-26;120,00;110.8;36,36;0,17;;13
04/08/26;ACS;CALL;Ago-26;125,00;110.8;34,94;0,06;;25
04/08/26;ACS;CALL;Ago-26;130,00;110.8;33,53;0,02;;15
04/08/26;ACS;CALL;Ago-26;135,00;110.8;32,12;;;11
04/08/26;ACS;CALL;Ago-26;140,00;110.8;30,70;;1;3
04/08/26;ACS;CALL;Ago-26;145,00;110.8;29,29;;;1
04/08/26;ACS;CALL;Ago-26;150,00;110.8;27,87;;;5
04/08/26;ACS;CALL;Sep-26;105,00;110.8;36,92;0,69;;5
04/08/26;ACS;CALL;Sep-26;110,00;110.8;35,49;0,56;;5
04/08/26;ACS;CALL;Sep-26;115,00;110.8;34,83;0,41;;40
04/08/26;ACS;CALL;Sep-26;120,00;110.8;34,32;0,28;;15
04/08/26;ACS;CALL;Sep-26;125,00;110.8;33,81;0,18;;10
04/08/26;ACS;CALL;Sep-26;130,00;110.8;33,30;0,10;;104
04/08/26;ACS;CALL;Sep-26;140,00;110.8;32,27;0,02;;12
04/08/26;ACS;CALL;Sep-26;145,00;110.8;31,76;0,01;;22
04/08/26;ACS;CALL;Sep-26;150,00;110.8;31,25;;;3
04/08/26;ACS;CALL;Sep-26;155,00;110.8;30,74;;;5
04/08/26;ACS;CALL;Sep-26;165,00;110.8;29,72;;;5
04/08/26;ACS;CALL;Oct-26;115,00;110.8;34,63;0,45;;2
04/08/26;ACS;CALL;Oct-26;125,00;110.8;34,39;0,25;;1
04/08/26;ACS;CALL;Oct-26;140,00;110.8;34,03;0,08;;3
04/08/26;ACS;CALL;Dic-26;86,00;110.8;41,09;0,88;;1
04/08/26;ACS;CALL;Dic-26;90,00;110.8;40,15;0,84;;25
04/08/26;ACS;CALL;Dic-26;92,00;110.8;39,68;0,82;;25
04/08/26;ACS;CALL;Dic-26;105,00;110.8;36,63;0,65;;1
04/08/26;ACS;CALL;Dic-26;110,00;110.8;35,46;0,57;;5
04/08/26;ACS;CALL;Dic-26;115,00;110.8;34,82;0,49;;87
04/08/26;ACS;CALL;Dic-26;120,00;110.8;34,27;0,41;;90
04/08/26;ACS;CALL;Dic-26;125,00;110.8;33,73;0,33;;86
04/08/26;ACS;CALL;Dic-26;130,00;110.8;33,19;0,26;;711
04/08/26;ACS;CALL;Dic-26;135,00;110.8;32,65;0,20;;4
04/08/26;ACS;CALL;Dic-26;140,00;110.8;32,11;0,15;;2
04/08/26;ACS;CALL;Dic-26;145,00;110.8;31,57;0,10;1;10
04/08/26;ACS;CALL;Dic-26;150,00;110.8;31,02;0,07;;80
04/08/26;ACS;CALL;Dic-26;155,00;110.8;30,48;0,05;;15
04/08/26;ACS;CALL;Dic-26;160,00;110.8;29,94;0,03;;15
04/08/26;ACS;CALL;Dic-26;165,00;110.8;29,40;0,02;;25
04/08/26;ACS;CALL;Mar-27;92,00;110.8;39,06;0,79;;1
04/08/26;ACS;CALL;Mar-27;96,00;110.8;38,22;0,75;;1
04/08/26;ACS;CALL;Mar-27;100,00;110.8;37,37;0,70;;1
04/08/26;ACS;CALL;Mar-27;115,00;110.8;34,81;0,52;;5
04/08/26;ACS;CALL;Mar-27;140,00;110.8;33,08;0,24;;180
04/08/26;ACS;CALL;Mar-27;145,00;110.8;32,73;0,19;;5
04/08/26;ACS;CALL;Mar-27;150,00;110.8;32,39;0,16;;200
04/08/26;ACS;CALL;Mar-27;155,00;110.8;32,04;0,12;;20
04/08/26;ACS;CALL;Mar-27;160,00;110.8;31,70;0,10;;20
04/08/26;ACS;CALL;Mar-27;165,00;110.8;31,35;0,08;;60
04/08/26;ACS;CALL;Jun-27;54,00;110.8;47,15;0,97;;1
04/08/26;ACS;CALL;Jun-27;56,00;110.8;46,69;0,97;;2
04/08/26;ACS;CALL;Jun-27;88,00;110.8;39,47;0,80;;1
04/08/26;ACS;CALL;Jun-27;96,00;110.8;37,67;0,74;;25
04/08/26;ACS;CALL;Jun-27;100,00;110.8;36,77;0,70;;25
04/08/26;ACS;CALL;Jun-27;165,00;110.8;32,05;0,13;;5
04/08/26;ACS;CALL;Sep-27;86,00;110.8;39,57;0,81;;25
04/08/26;ACS;CALL;Sep-27;105,00;110.8;35,51;0,65;;25
04/08/26;ACS;CALL;Dic-27;70,00;110.8;41,50;0,90;;60
04/08/26;ACS;CALL;Dic-27;88,00;110.8;38,03;0,79;;5
04/08/26;ACS;CALL;Dic-27;90,00;110.8;37,64;0,77;;5
04/08/26;ACS;CALL;Dic-27;94,00;110.8;36,87;0,74;;25
04/08/26;ACS;CALL;Dic-27;110,00;110.8;33,79;0,60;;250
04/08/26;ACS;PUT;Ago-26;98,00;110.8;39,94;-0,07;;1
04/08/26;ACS;PUT;Ago-26;100,00;110.8;39,28;-0,10;;1
04/08/26;ACS;PUT;Ago-26;105,00;110.8;37,64;-0,24;;6
04/08/26;ACS;PUT;Ago-26;110,00;110.8;36,00;-0,44;;29
04/08/26;ACS;PUT;Ago-26;115,00;110.8;34,55;-0,67;;36
04/08/26;ACS;PUT;Ago-26;120,00;110.8;33,14;-0,86;;1
04/08/26;ACS;PUT;Ago-26;125,00;110.8;31,72;-0,96;;10
04/08/26;ACS;PUT;Sep-26;50,00;110.8;50,76;;;25
04/08/26;ACS;PUT;Sep-26;52,00;110.8;50,19;;;50
04/08/26;ACS;PUT;Sep-26;54,00;110.8;49,61;;;50
04/08/26;ACS;PUT;Sep-26;56,00;110.8;49,04;;;51
04/08/26;ACS;PUT;Sep-26;66,00;110.8;46,18;;;25
04/08/26;ACS;PUT;Sep-26;68,00;110.8;45,61;;;25
04/08/26;ACS;PUT;Sep-26;70,00;110.8;45,04;;;25
04/08/26;ACS;PUT;Sep-26;72,00;110.8;44,47;;;1
04/08/26;ACS;PUT;Sep-26;76,00;110.8;43,33;;;42
04/08/26;ACS;PUT;Sep-26;78,00;110.8;42,75;-0,01;;52
04/08/26;ACS;PUT;Sep-26;80,00;110.8;42,18;-0,01;;27
04/08/26;ACS;PUT;Sep-26;84,00;110.8;41,04;-0,02;;25
04/08/26;ACS;PUT;Sep-26;88,00;110.8;39,90;-0,04;;1
04/08/26;ACS;PUT;Sep-26;90,00;110.8;39,32;-0,06;;25
04/08/26;ACS;PUT;Sep-26;94,00;110.8;38,18;-0,10;;5
04/08/26;ACS;PUT;Sep-26;96,00;110.8;37,61;-0,12;;10
04/08/26;ACS;PUT;Sep-26;98,00;110.8;37,04;-0,15;;1
04/08/26;ACS;PUT;Sep-26;100,00;110.8;36,47;-0,19;;31
04/08/26;ACS;PUT;Sep-26;105,00;110.8;35,04;-0,30;;10
04/08/26;ACS;PUT;Sep-26;110,00;110.8;33,61;-0,45;;32
04/08/26;ACS;PUT;Sep-26;115,00;110.8;32,95;-0,60;;8
04/08/26;ACS;PUT;Sep-26;120,00;110.8;32,44;-0,74;;6
04/08/26;ACS;PUT;Sep-26;125,00;110.8;31,93;-0,85;;1
04/08/26;ACS;PUT;Oct-26;84,00;110.8;40,54;-0,05;;1
04/08/26;ACS;PUT;Oct-26;90,00;110.8;38,89;-0,10;;2
04/08/26;ACS;PUT;Dic-26;23,00;110.8;54,67;;;201
04/08/26;ACS;PUT;Dic-26;24,00;110.8;54,44;;;25
04/08/26;ACS;PUT;Dic-26;25,00;110.8;54,20;;;25
04/08/26;ACS;PUT;Dic-26;27,00;110.8;53,73;;;25
04/08/26;ACS;PUT;Dic-26;28,00;110.8;53,50;;;75
04/08/26;ACS;PUT;Dic-26;29,00;110.8;53,26;;;75
04/08/26;ACS;PUT;Dic-26;30,00;110.8;53,03;;;17
04/08/26;ACS;PUT;Dic-26;33,00;110.8;52,33;;;6
04/08/26;ACS;PUT;Dic-26;34,00;110.8;52,09;;;25
04/08/26;ACS;PUT;Dic-26;35,00;110.8;51,86;;;200
04/08/26;ACS;PUT;Dic-26;46,00;110.8;49,28;;;25
04/08/26;ACS;PUT;Dic-26;54,00;110.8;47,40;;;25
04/08/26;ACS;PUT;Dic-26;58,00;110.8;46,46;-0,01;;25
04/08/26;ACS;PUT;Dic-26;60,00;110.8;45,99;-0,01;;95
04/08/26;ACS;PUT;Dic-26;62,00;110.8;45,52;-0,01;;5
04/08/26;ACS;PUT;Dic-26;66,00;110.8;44,58;-0,02;;1
04/08/26;ACS;PUT;Dic-26;76,00;110.8;42,24;-0,05;;6
04/08/26;ACS;PUT;Dic-26;78,00;110.8;41,77;-0,06;;5
04/08/26;ACS;PUT;Dic-26;80,00;110.8;41,30;-0,07;;5
04/08/26;ACS;PUT;Dic-26;82,00;110.8;40,83;-0,09;;10
04/08/26;ACS;PUT;Dic-26;84,00;110.8;40,36;-0,10;;10
04/08/26;ACS;PUT;Dic-26;86,00;110.8;39,89;-0,12;;10
04/08/26;ACS;PUT;Dic-26;88,00;110.8;39,42;-0,13;;45
04/08/26;ACS;PUT;Dic-26;90,00;110.8;38,95;-0,15;;44
04/08/26;ACS;PUT;Dic-26;94,00;110.8;38,01;-0,20;;46
04/08/26;ACS;PUT;Dic-26;96,00;110.8;37,54;-0,22;;80
04/08/26;ACS;PUT;Dic-26;98,00;110.8;37,07;-0,25;;10
04/08/26;ACS;PUT;Dic-26;100,00;110.8;36,60;-0,27;;177
04/08/26;ACS;PUT;Dic-26;105,00;110.8;35,43;-0,35;;3
04/08/26;ACS;PUT;Dic-26;110,00;110.8;34,26;-0,43;;50
04/08/26;ACS;PUT;Dic-26;115,00;110.8;33,62;-0,52;;10
04/08/26;ACS;PUT;Dic-26;125,00;110.8;32,53;-0,69;;5
04/08/26;ACS;PUT;Mar-27;68,00;110.8;42,45;-0,05;;1
04/08/26;ACS;PUT;Mar-27;88,00;110.8;38,24;-0,17;;2
04/08/26;ACS;PUT;Mar-27;90,00;110.8;37,82;-0,19;;3
04/08/26;ACS;PUT;Mar-27;92,00;110.8;37,40;-0,21;;2
04/08/26;ACS;PUT;Mar-27;96,00;110.8;36,56;-0,25;1;1
04/08/26;ACS;PUT;Mar-27;98,00;110.8;36,14;-0,27;;115
04/08/26;ACS;PUT;Mar-27;100,00;110.8;35,71;-0,30;;110
04/08/26;ACS;PUT;Mar-27;105,00;110.8;34,66;-0,36;;6
04/08/26;ACS;PUT;Mar-27;110,00;110.8;33,61;-0,43;;10
04/08/26;ACS;PUT;Mar-27;120,00;110.8;32,80;-0,56;;1
04/08/26;ACS;PUT;Jun-27;22,00;110.8;52,45;;;360
04/08/26;ACS;PUT;Jun-27;24,00;110.8;51,99;;;85
04/08/26;ACS;PUT;Jun-27;28,00;110.8;51,09;;;2
04/08/26;ACS;PUT;Jun-27;33,00;110.8;49,96;;;2
04/08/26;ACS;PUT;Jun-27;70,00;110.8;41,62;-0,08;;1
04/08/26;ACS;PUT;Sep-27;78,00;110.8;38,66;-0,14;;25
04/08/26;ACS;PUT;Sep-27;92,00;110.8;35,67;-0,25;;25
04/08/26;ACS;PUT;Dic-27;50,00;110.8;43,01;-0,03;;25
04/08/26;ACS;PUT;Dic-27;78,00;110.8;37,62;-0,15;;25
04/08/26;ACS;PUT;Dic-27;82,00;110.8;36,85;-0,18;;5
04/08/26;ACS;PUT;Dic-27;84,00;110.8;36,46;-0,19;;5
04/08/26;ACS;PUT;Dic-27;98,00;110.8;33,76;-0,30;;25
04/08/26;ACS;PUT;Dic-27;100,00;110.8;33,38;-0,32;;25
04/08/26;ACS;CALL;Dic-26;50,00;110.8;49,54;0,99;;1
04/08/26;ACS;PUT;Ago-26;110,00;110.8;36,00;-0,44;;2
04/08/26;ACS;PUT;Ago-26;115,00;110.8;34,55;-0,67;;50
04/08/26;ACS;PUT;Sep-26;140,00;110.8;30,39;-0,98;;5
04/08/26;AENA;CALL;Ago-26;26,00;26.68;26,81;0,69;;2
04/08/26;AENA;CALL;Ago-26;27,00;26.68;25,57;0,43;;3
04/08/26;AENA;CALL;Ago-26;28,00;26.68;24,52;0,19;;30
04/08/26;AENA;CALL;Ago-26;29,00;26.68;23,48;0,06;;10
04/08/26;AENA;CALL;Sep-26;24,00;26.68;27,23;0,88;;2
04/08/26;AENA;CALL;Sep-26;25,00;26.68;26,09;0,78;;25
04/08/26;AENA;CALL;Sep-26;26,00;26.68;24,95;0,64;;2
04/08/26;AENA;CALL;Sep-26;27,00;26.68;23,92;0,47;;870
04/08/26;AENA;CALL;Sep-26;28,00;26.68;23,11;0,30;;1
04/08/26;AENA;CALL;Oct-26;25,00;26.68;25,58;0,75;;5
04/08/26;AENA;CALL;Dic-26;26,00;26.68;24,08;0,62;;2
04/08/26;AENA;CALL;Dic-26;27,00;26.68;23,31;0,52;;76
04/08/26;AENA;CALL;Dic-26;29,00;26.68;22,39;0,32;;6
04/08/26;AENA;CALL;Mar-27;21,00;26.68;28,62;0,89;;6
04/08/26;AENA;CALL;Mar-27;26,00;26.68;24,50;0,62;;3
04/08/26;AENA;CALL;Mar-27;27,00;26.68;23,82;0,55;;30
04/08/26;AENA;CALL;Jun-27;25,00;26.68;24,82;0,69;;2
04/08/26;AENA;CALL;Jun-27;29,00;26.68;22,76;0,40;;150
04/08/26;AENA;CALL;Jun-27;34,00;26.68;21,07;0,12;;100
04/08/26;AENA;CALL;Dic-27;23,00;26.68;25,99;0,77;;16
04/08/26;AENA;CALL;Dic-27;25,00;26.68;24,77;0,67;;25
04/08/26;AENA;CALL;Dic-27;28,00;26.68;23,39;0,49;;25
04/08/26;AENA;PUT;Ago-26;25,00;26.68;26,40;-0,12;2;4
04/08/26;AENA;PUT;Ago-26;26,00;26.68;25,08;-0,30;;21
04/08/26;AENA;PUT;Sep-26;18,50;26.68;32,91;;;2
04/08/26;AENA;PUT;Sep-26;19,00;26.68;32,34;;;32
04/08/26;AENA;PUT;Sep-26;19,50;26.68;31,77;;;4
04/08/26;AENA;PUT;Sep-26;20,00;26.68;31,20;;;14
04/08/26;AENA;PUT;Sep-26;21,00;26.68;30,07;-0,01;;97
04/08/26;AENA;PUT;Sep-26;22,00;26.68;28,93;-0,02;;60
04/08/26;AENA;PUT;Sep-26;23,00;26.68;27,79;-0,06;;40
04/08/26;AENA;PUT;Sep-26;24,00;26.68;26,66;-0,11;;11
04/08/26;AENA;PUT;Sep-26;25,00;26.68;25,52;-0,21;;3
04/08/26;AENA;PUT;Sep-26;26,00;26.68;24,38;-0,36;;1
04/08/26;AENA;PUT;Sep-26;27,00;26.68;23,35;-0,53;;28
04/08/26;AENA;PUT;Dic-26;18,00;26.68;31,74;-0,01;;2
04/08/26;AENA;PUT;Dic-26;19,00;26.68;30,82;-0,03;;3
04/08/26;AENA;PUT;Dic-26;19,50;26.68;30,37;-0,03;;12
04/08/26;AENA;PUT;Dic-26;20,00;26.68;29,91;-0,04;;4
04/08/26;AENA;PUT;Dic-26;21,00;26.68;29,00;-0,07;;5
04/08/26;AENA;PUT;Dic-26;22,00;26.68;28,09;-0,10;;207
04/08/26;AENA;PUT;Dic-26;23,00;26.68;27,18;-0,15;;2
04/08/26;AENA;PUT;Dic-26;24,00;26.68;26,26;-0,22;;2
04/08/26;AENA;PUT;Dic-26;25,00;26.68;25,35;-0,29;1;4
04/08/26;AENA;PUT;Mar-27;18,00;26.68;29,95;-0,03;;2
04/08/26;AENA;PUT;Mar-27;20,00;26.68;28,30;-0,07;;501
04/08/26;AENA;PUT;Mar-27;20,50;26.68;27,89;-0,09;;1
04/08/26;AENA;PUT;Mar-27;21,00;26.68;27,47;-0,10;;9
04/08/26;AENA;PUT;Mar-27;22,00;26.68;26,65;-0,14;;4
04/08/26;AENA;PUT;Mar-27;24,00;26.68;25,00;-0,24;;1
04/08/26;AENA;PUT;Mar-27;26,00;26.68;23,35;-0,39;;6
04/08/26;AENA;PUT;Mar-27;32,00;26.68;20,86;-0,88;;1
04/08/26;AENA;PUT;Jun-27;18,00;26.68;27,32;-0,06;;1
04/08/26;AENA;PUT;Jun-27;19,00;26.68;26,55;-0,08;;1
04/08/26;AENA;PUT;Jun-27;23,00;26.68;23,50;-0,25;;1
04/08/26;AENA;PUT;Jun-27;25,00;26.68;21,98;-0,39;;25
04/08/26;AENA;PUT;Jun-27;26,00;26.68;21,22;-0,46;;26
04/08/26;AENA;PUT;Jun-27;27,00;26.68;20,59;-0,54;;25
04/08/26;AENA;PUT;Sep-27;18,00;26.68;26,24;-0,07;;1
04/08/26;AENA;PUT;Sep-27;23,00;26.68;22,86;-0,26;;2
04/08/26;ALMIRALL;CALL;Sep-26;11,50;10.96;27,94;0,34;;3
04/08/26;ALMIRALL;CALL;Sep-26;14,00;10.96;23,07;;;10
04/08/26;ALMIRALL;CALL;Dic-26;12,00;10.96;27,13;0,34;;4
04/08/26;ALMIRALL;PUT;Ago-26;9,50;10.96;33,56;-0,02;;2.000
04/08/26;ALMIRALL;PUT;Ago-26;10,50;10.96;33,20;-0,26;;2.000
04/08/26;ALMIRALL;PUT;Ago-26;11,00;10.96;32,94;-0,50;;50
04/08/26;ALMIRALL;PUT;Sep-26;12,00;10.96;27,87;-0,81;;1
04/08/26;AMADEUS;CALL;Ago-26;50,00;56.5;34,81;0,95;;28
04/08/26;AMADEUS;CALL;Ago-26;52,00;56.5;32,73;0,89;;53
04/08/26;AMADEUS;CALL;Ago-26;54,00;56.5;30,66;0,77;;53
04/08/26;AMADEUS;CALL;Ago-26;56,00;56.5;28,58;0,58;;28
04/08/26;AMADEUS;CALL;Ago-26;58,00;56.5;27,95;0,35;11;11
04/08/26;AMADEUS;CALL;Ago-26;60,00;56.5;27,81;0,17;;1.992
04/08/26;AMADEUS;CALL;Ago-26;62,00;56.5;27,67;0,07;;4
04/08/26;AMADEUS;CALL;Sep-26;38,00;56.5;39,68;1,00;;2
04/08/26;AMADEUS;CALL;Sep-26;40,00;56.5;38,39;1,00;;2
04/08/26;AMADEUS;CALL;Sep-26;49,00;56.5;32,60;0,91;;25
04/08/26;AMADEUS;CALL;Sep-26;50,00;56.5;31,96;0,88;;150
04/08/26;AMADEUS;CALL;Sep-26;52,00;56.5;30,67;0,80;;875
04/08/26;AMADEUS;CALL;Sep-26;54,00;56.5;29,39;0,70;;3
04/08/26;AMADEUS;CALL;Sep-26;56,00;56.5;28,10;0,57;;458
04/08/26;AMADEUS;CALL;Sep-26;58,00;56.5;27,53;0,42;25;31
04/08/26;AMADEUS;CALL;Sep-26;60,00;56.5;27,20;0,29;;2
04/08/26;AMADEUS;CALL;Sep-26;62,00;56.5;26,87;0,18;;1.000
04/08/26;AMADEUS;CALL;Sep-26;64,00;56.5;26,54;0,10;;2
04/08/26;AMADEUS;CALL;Sep-26;66,00;56.5;26,21;0,05;;5
04/08/26;AMADEUS;CALL;Sep-26;70,00;56.5;25,55;0,01;;31
04/08/26;AMADEUS;CALL;Sep-26;72,00;56.5;25,22;;;25
04/08/26;AMADEUS;CALL;Sep-26;74,00;56.5;24,89;;;25
04/08/26;AMADEUS;CALL;Sep-26;84,00;56.5;23,24;;;24
04/08/26;AMADEUS;CALL;Oct-26;48,00;56.5;32,57;0,89;;1
04/08/26;AMADEUS;CALL;Oct-26;62,00;56.5;26,87;0,25;990;990
04/08/26;AMADEUS;CALL;Dic-26;38,00;56.5;35,55;0,98;;4
04/08/26;AMADEUS;CALL;Dic-26;39,00;56.5;35,10;0,97;;25
04/08/26;AMADEUS;CALL;Dic-26;40,00;56.5;34,66;0,96;;11
04/08/26;AMADEUS;CALL;Dic-26;45,00;56.5;32,45;0,90;;11
04/08/26;AMADEUS;CALL;Dic-26;49,00;56.5;30,68;0,82;;1
04/08/26;AMADEUS;CALL;Dic-26;50,00;56.5;30,24;0,79;;10
04/08/26;AMADEUS;CALL;Dic-26;52,00;56.5;29,35;0,73;;500
04/08/26;AMADEUS;CALL;Dic-26;54,00;56.5;28,47;0,65;;13
04/08/26;AMADEUS;CALL;Dic-26;56,00;56.5;27,58;0,58;;26
04/08/26;AMADEUS;CALL;Dic-26;58,00;56.5;27,17;0,49;;25
04/08/26;AMADEUS;CALL;Dic-26;60,00;56.5;26,93;0,41;;501
04/08/26;AMADEUS;CALL;Dic-26;62,00;56.5;26,68;0,33;;25
04/08/26;AMADEUS;CALL;Dic-26;64,00;56.5;26,43;0,26;;27
04/08/26;AMADEUS;CALL;Dic-26;66,00;56.5;26,18;0,20;;51
04/08/26;AMADEUS;CALL;Dic-26;68,00;56.5;25,94;0,15;;25
04/08/26;AMADEUS;CALL;Dic-26;70,00;56.5;25,69;0,11;;1
04/08/26;AMADEUS;CALL;Dic-26;72,00;56.5;25,44;0,08;3;28
04/08/26;AMADEUS;CALL;Dic-26;74,00;56.5;25,19;0,05;;6
04/08/26;AMADEUS;CALL;Dic-26;90,00;56.5;23,21;;;3
04/08/26;AMADEUS;CALL;Mar-27;40,00;56.5;34,26;0,93;;1
04/08/26;AMADEUS;CALL;Mar-27;45,00;56.5;32,29;0,86;;1
04/08/26;AMADEUS;CALL;Mar-27;50,00;56.5;30,31;0,75;;2
04/08/26;AMADEUS;CALL;Mar-27;52,00;56.5;29,52;0,70;;25
04/08/26;AMADEUS;CALL;Mar-27;54,00;56.5;28,73;0,64;;500
04/08/26;AMADEUS;CALL;Mar-27;56,00;56.5;27,94;0,58;;63
04/08/26;AMADEUS;CALL;Mar-27;58,00;56.5;27,55;0,51;;35
04/08/26;AMADEUS;CALL;Mar-27;60,00;56.5;27,29;0,45;;1
04/08/26;AMADEUS;CALL;Mar-27;62,00;56.5;27,03;0,38;100;150
04/08/26;AMADEUS;CALL;Mar-27;66,00;56.5;26,51;0,27;;3
04/08/26;AMADEUS;CALL;Jun-27;40,00;56.5;34,14;0,90;;1
04/08/26;AMADEUS;CALL;Jun-27;50,00;56.5;30,48;0,73;;1
04/08/26;AMADEUS;CALL;Jun-27;52,00;56.5;29,75;0,68;;26
04/08/26;AMADEUS;CALL;Jun-27;58,00;56.5;27,86;0,53;;25
04/08/26;AMADEUS;CALL;Jun-27;60,00;56.5;27,54;0,48;;1
04/08/26;AMADEUS;CALL;Jun-27;62,00;56.5;27,22;0,43;;50
04/08/26;AMADEUS;CALL;Jun-27;64,00;56.5;26,91;0,37;1;26
04/08/26;AMADEUS;CALL;Jun-27;66,00;56.5;26,59;0,33;;25
04/08/26;AMADEUS;CALL;Jun-27;68,00;56.5;26,27;0,28;;25
04/08/26;AMADEUS;CALL;Jun-27;72,00;56.5;25,63;0,20;;1
04/08/26;AMADEUS;CALL;Sep-27;49,00;56.5;31,55;0,74;;5
04/08/26;AMADEUS;CALL;Sep-27;66,00;56.5;27,46;0,35;;26
04/08/26;AMADEUS;CALL;Dic-27;56,00;56.5;29,63;0,59;;17
04/08/26;AMADEUS;CALL;Dic-27;60,00;56.5;28,95;0,51;;1
04/08/26;AMADEUS;CALL;Dic-27;72,00;56.5;27,18;0,28;;6
04/08/26;AMADEUS;PUT;Ago-26;39,00;56.5;47,25;;;3
04/08/26;AMADEUS;PUT;Ago-26;41,00;56.5;45,17;;;2
04/08/26;AMADEUS;PUT;Ago-26;42,00;56.5;44,14;;;2
04/08/26;AMADEUS;PUT;Ago-26;43,00;56.5;43,10;;;14
04/08/26;AMADEUS;PUT;Ago-26;44,00;56.5;42,06;;;30
04/08/26;AMADEUS;PUT;Ago-26;45,00;56.5;41,02;;;17
04/08/26;AMADEUS;PUT;Ago-26;46,00;56.5;39,98;-0,01;;10
04/08/26;AMADEUS;PUT;Ago-26;47,00;56.5;38,94;-0,01;2;8
04/08/26;AMADEUS;PUT;Ago-26;48,00;56.5;37,91;-0,02;1;69
04/08/26;AMADEUS;PUT;Ago-26;49,00;56.5;36,87;-0,03;;11
04/08/26;AMADEUS;PUT;Ago-26;50,00;56.5;35,83;-0,05;;286
04/08/26;AMADEUS;PUT;Ago-26;52,00;56.5;33,75;-0,12;;10
04/08/26;AMADEUS;PUT;Ago-26;74,00;56.5;27,84;-1,00;;2
04/08/26;AMADEUS;PUT;Sep-26;38,00;56.5;39,37;;;8
04/08/26;AMADEUS;PUT;Sep-26;39,00;56.5;38,72;;;6
04/08/26;AMADEUS;PUT;Sep-26;40,00;56.5;38,08;;;1
04/08/26;AMADEUS;PUT;Sep-26;41,00;56.5;37,44;-0,01;;25
04/08/26;AMADEUS;PUT;Sep-26;42,00;56.5;36,79;-0,01;;717
04/08/26;AMADEUS;PUT;Sep-26;43,00;56.5;36,15;-0,01;;15
04/08/26;AMADEUS;PUT;Sep-26;44,00;56.5;35,51;-0,02;;230
04/08/26;AMADEUS;PUT;Sep-26;45,00;56.5;34,87;-0,03;;229
04/08/26;AMADEUS;PUT;Sep-26;46,00;56.5;34,22;-0,04;;3.535
04/08/26;AMADEUS;PUT;Sep-26;47,00;56.5;33,58;-0,05;;200
04/08/26;AMADEUS;PUT;Sep-26;48,00;56.5;32,94;-0,07;;94
04/08/26;AMADEUS;PUT;Sep-26;49,00;56.5;32,29;-0,09;2;56
04/08/26;AMADEUS;PUT;Sep-26;50,00;56.5;31,65;-0,12;;37
04/08/26;AMADEUS;PUT;Sep-26;52,00;56.5;30,36;-0,20;1;11
04/08/26;AMADEUS;PUT;Sep-26;54,00;56.5;29,08;-0,30;1;20
04/08/26;AMADEUS;PUT;Sep-26;56,00;56.5;27,79;-0,44;;1
04/08/26;AMADEUS;PUT;Sep-26;58,00;56.5;27,22;-0,58;;25
04/08/26;AMADEUS;PUT;Sep-26;60,00;56.5;26,89;-0,72;;28
04/08/26;AMADEUS;PUT;Sep-26;66,00;56.5;25,90;-0,97;;25
04/08/26;AMADEUS;PUT;Sep-26;68,00;56.5;25,57;-1,00;;50
04/08/26;AMADEUS;PUT;Sep-26;70,00;56.5;25,24;-1,00;;50
04/08/26;AMADEUS;PUT;Oct-26;36,00;56.5;38,43;;;18
04/08/26;AMADEUS;PUT;Oct-26;39,00;56.5;36,78;-0,01;;2
04/08/26;AMADEUS;PUT;Oct-26;40,00;56.5;36,23;-0,01;;526
04/08/26;AMADEUS;PUT;Oct-26;45,00;56.5;33,49;-0,05;1;1
04/08/26;AMADEUS;PUT;Oct-26;48,00;56.5;31,84;-0,11;;1
04/08/26;AMADEUS;PUT;Oct-26;50,00;56.5;30,75;-0,16;;1
04/08/26;AMADEUS;PUT;Dic-26;38,00;56.5;35,52;-0,02;;54
04/08/26;AMADEUS;PUT;Dic-26;39,00;56.5;35,07;-0,03;;174
04/08/26;AMADEUS;PUT;Dic-26;40,00;56.5;34,63;-0,04;;105
04/08/26;AMADEUS;PUT;Dic-26;42,00;56.5;33,75;-0,06;;1
04/08/26;AMADEUS;PUT;Dic-26;43,00;56.5;33,30;-0,07;;65
04/08/26;AMADEUS;PUT;Dic-26;44,00;56.5;32,86;-0,08;;15
04/08/26;AMADEUS;PUT;Dic-26;45,00;56.5;32,42;-0,10;;83
04/08/26;AMADEUS;PUT;Dic-26;46,00;56.5;31,98;-0,12;;42
04/08/26;AMADEUS;PUT;Dic-26;47,00;56.5;31,53;-0,14;;100
04/08/26;AMADEUS;PUT;Dic-26;48,00;56.5;31,09;-0,16;1;2.023
04/08/26;AMADEUS;PUT;Dic-26;49,00;56.5;30,65;-0,19;;15
04/08/26;AMADEUS;PUT;Dic-26;50,00;56.5;30,21;-0,21;2;878
04/08/26;AMADEUS;PUT;Dic-26;52,00;56.5;29,32;-0,28;;536
04/08/26;AMADEUS;PUT;Dic-26;54,00;56.5;28,44;-0,35;;50
04/08/26;AMADEUS;PUT;Dic-26;56,00;56.5;27,55;-0,43;2;8
04/08/26;AMADEUS;PUT;Dic-26;58,00;56.5;27,14;-0,52;;1
04/08/26;AMADEUS;PUT;Dic-26;60,00;56.5;26,90;-0,60;;26
04/08/26;AMADEUS;PUT;Dic-26;62,00;56.5;26,65;-0,68;;3
04/08/26;AMADEUS;PUT;Dic-26;64,00;56.5;26,40;-0,76;;1
04/08/26;AMADEUS;PUT;Dic-26;68,00;56.5;25,91;-0,88;;25
04/08/26;AMADEUS;PUT;Dic-26;70,00;56.5;25,66;-0,93;;25
04/08/26;AMADEUS;PUT;Mar-27;38,00;56.5;34,04;-0,05;;116
04/08/26;AMADEUS;PUT;Mar-27;39,00;56.5;33,65;-0,06;;55
04/08/26;AMADEUS;PUT;Mar-27;40,00;56.5;33,25;-0,07;;3
04/08/26;AMADEUS;PUT;Mar-27;41,00;56.5;32,86;-0,08;;54
04/08/26;AMADEUS;PUT;Mar-27;42,00;56.5;32,46;-0,10;;2
04/08/26;AMADEUS;PUT;Mar-27;45,00;56.5;31,28;-0,14;;5
04/08/26;AMADEUS;PUT;Mar-27;46,00;56.5;30,88;-0,16;;10
04/08/26;AMADEUS;PUT;Mar-27;47,00;56.5;30,49;-0,19;;13
04/08/26;AMADEUS;PUT;Mar-27;48,00;56.5;30,09;-0,21;;515
04/08/26;AMADEUS;PUT;Mar-27;49,00;56.5;29,69;-0,23;;15
04/08/26;AMADEUS;PUT;Mar-27;50,00;56.5;29,30;-0,26;;1
04/08/26;AMADEUS;PUT;Mar-27;52,00;56.5;28,51;-0,31;1;3
04/08/26;AMADEUS;PUT;Mar-27;54,00;56.5;27,72;-0,37;;1
04/08/26;AMADEUS;PUT;Mar-27;62,00;56.5;26,02;-0,64;;1
04/08/26;AMADEUS;PUT;Jun-27;38,00;56.5;33,58;-0,07;;65
04/08/26;AMADEUS;PUT;Jun-27;39,00;56.5;33,21;-0,08;;10
04/08/26;AMADEUS;PUT;Jun-27;42,00;56.5;32,11;-0,12;;25
04/08/26;AMADEUS;PUT;Jun-27;43,00;56.5;31,75;-0,14;;25
04/08/26;AMADEUS;PUT;Jun-27;44,00;56.5;31,38;-0,15;;3
04/08/26;AMADEUS;PUT;Jun-27;45,00;56.5;31,02;-0,17;;1
04/08/26;AMADEUS;PUT;Jun-27;46,00;56.5;30,65;-0,19;;1
04/08/26;AMADEUS;PUT;Jun-27;48,00;56.5;29,92;-0,23;;7
04/08/26;AMADEUS;PUT;Jun-27;49,00;56.5;29,55;-0,25;;3
04/08/26;AMADEUS;PUT;Jun-27;50,00;56.5;29,19;-0,27;1;24
04/08/26;AMADEUS;PUT;Jun-27;52,00;56.5;28,46;-0,32;;7
04/08/26;AMADEUS;PUT;Jun-27;60,00;56.5;26,25;-0,55;;11
04/08/26;AMADEUS;PUT;Sep-27;52,00;56.5;28,21;-0,34;;1
04/08/26;AMADEUS;PUT;Sep-27;54,00;56.5;27,54;-0,39;;1
04/08/26;AMADEUS;PUT;Dic-27;46,00;56.5;29,87;-0,22;;50
04/08/26;AMADEUS;PUT;Dic-27;47,00;56.5;29,56;-0,24;;25
04/08/26;AMADEUS;PUT;Dic-27;48,00;56.5;29,25;-0,26;;51
04/08/26;AMADEUS;PUT;Dic-27;50,00;56.5;28,62;-0,30;;7
04/08/26;AMADEUS;PUT;Dic-27;52,00;56.5;28,00;-0,34;;3
04/08/26;AMADEUS;PUT;Mar-28;49,00;56.5;28,33;-0,28;;1
04/08/26;AMADEUS;PUT;Jun-28;46,00;56.5;28,67;-0,24;;2
04/08/26;AMADEUS;PUT;Jun-28;48,00;56.5;28,17;-0,27;;6
04/08/26;AMADEUS;PUT;Jun-28;56,00;56.5;26,14;-0,42;;1
04/08/26;AMADEUS;PUT;Jun-28;60,00;56.5;25,62;-0,51;;3
04/08/26;AMADEUS;PUT;Jun-28;62,00;56.5;25,39;-0,55;;3
04/08/26;AMADEUS;PUT;Jun-28;70,00;56.5;24,50;-0,70;;3
04/08/26;AMADEUS;PUT;Sep-28;46,00;56.5;28,20;-0,25;;2
04/08/26;AMADEUS;PUT;Dic-26;44,00;56.5;32,86;-0,08;;1
04/08/26;AMADEUS;PUT;Dic-26;46,00;56.5;31,98;-0,12;;1
04/08/26;AMADEUS;PUT;Sep-27;60,00;56.5;26,12;-0,52;;1
04/08/26;ARCELORMITTAL;CALL;Ago-26;43,00;64.42;57,42;1,00;;1
04/08/26;ARCELORMITTAL;CALL;Ago-26;48,00;64.42;55,77;1,00;;1
04/08/26;ARCELORMITTAL;CALL;Ago-26;49,00;64.42;55,44;1,00;;3
04/08/26;ARCELORMITTAL;CALL;Ago-26;56,00;64.42;53,12;0,90;;22
04/08/26;ARCELORMITTAL;CALL;Ago-26;60,00;64.42;51,79;0,75;;58
04/08/26;ARCELORMITTAL;CALL;Ago-26;62,00;64.42;51,13;0,65;;65
04/08/26;ARCELORMITTAL;CALL;Ago-26;64,00;64.42;50,47;0,54;;50
04/08/26;ARCELORMITTAL;CALL;Ago-26;66,00;64.42;49,25;0,43;;102
04/08/26;ARCELORMITTAL;CALL;Ago-26;68,00;64.42;47,88;0,32;1;2
04/08/26;ARCELORMITTAL;CALL;Ago-26;70,00;64.42;46,52;0,22;1;50
04/08/26;ARCELORMITTAL;CALL;Ago-26;72,00;64.42;45,15;0,14;;20
04/08/26;ARCELORMITTAL;CALL;Sep-26;21,00;64.42;60,24;1,00;;3
04/08/26;ARCELORMITTAL;CALL;Sep-26;25,00;64.42;59,08;1,00;;1
04/08/26;ARCELORMITTAL;CALL;Sep-26;40,00;64.42;54,74;1,00;;25
04/08/26;ARCELORMITTAL;CALL;Sep-26;58,00;64.42;49,52;0,76;14;15
04/08/26;ARCELORMITTAL;CALL;Sep-26;62,00;64.42;48,36;0,62;;2
04/08/26;ARCELORMITTAL;CALL;Sep-26;68,00;64.42;46,88;0,41;;5
04/08/26;ARCELORMITTAL;CALL;Sep-26;70,00;64.42;46,45;0,34;;118
04/08/26;ARCELORMITTAL;CALL;Sep-26;74,00;64.42;45,58;0,22;;25
04/08/26;ARCELORMITTAL;CALL;Sep-26;76,00;64.42;45,14;0,17;;25
04/08/26;ARCELORMITTAL;CALL;Sep-26;78,00;64.42;44,71;0,13;;100
04/08/26;ARCELORMITTAL;CALL;Sep-26;80,00;64.42;44,27;0,09;;50
04/08/26;ARCELORMITTAL;CALL;Sep-26;84,00;64.42;43,40;0,05;;100
04/08/26;ARCELORMITTAL;CALL;Dic-26;26,00;64.42;57,00;1,00;;4
04/08/26;ARCELORMITTAL;CALL;Dic-26;35,00;64.42;54,67;0,98;;3
04/08/26;ARCELORMITTAL;CALL;Dic-26;45,00;64.42;52,08;0,90;;10
04/08/26;ARCELORMITTAL;CALL;Dic-26;50,00;64.42;50,79;0,84;;149
04/08/26;ARCELORMITTAL;CALL;Dic-26;56,00;64.42;49,24;0,74;;1
04/08/26;ARCELORMITTAL;CALL;Dic-26;60,00;64.42;48,20;0,66;;10
04/08/26;ARCELORMITTAL;CALL;Dic-26;70,00;64.42;45,62;0,44;;5
04/08/26;ARCELORMITTAL;CALL;Dic-26;74,00;64.42;44,58;0,36;;2
04/08/26;ARCELORMITTAL;CALL;Dic-26;88,00;64.42;40,96;0,14;25;25
04/08/26;ARCELORMITTAL;CALL;Dic-29;30,00;64.42;38,38;0,94;;1
04/08/26;ARCELORMITTAL;PUT;Ago-26;45,00;64.42;54,47;;;1
04/08/26;ARCELORMITTAL;PUT;Ago-26;47,00;64.42;53,81;;;65
04/08/26;ARCELORMITTAL;PUT;Ago-26;48,00;64.42;53,48;;;28
04/08/26;ARCELORMITTAL;PUT;Ago-26;49,00;64.42;53,15;-0,01;;6
04/08/26;ARCELORMITTAL;PUT;Ago-26;50,00;64.42;52,82;-0,01;;50
04/08/26;ARCELORMITTAL;PUT;Ago-26;52,00;64.42;52,15;-0,03;;2
04/08/26;ARCELORMITTAL;PUT;Ago-26;54,00;64.42;51,49;-0,05;;2
04/08/26;ARCELORMITTAL;PUT;Ago-26;56,00;64.42;50,83;-0,09;;10
04/08/26;ARCELORMITTAL;PUT;Ago-26;58,00;64.42;50,17;-0,16;;37
04/08/26;ARCELORMITTAL;PUT;Ago-26;60,00;64.42;49,50;-0,24;;7
04/08/26;ARCELORMITTAL;PUT;Ago-26;64,00;64.42;48,18;-0,46;6;6
04/08/26;ARCELORMITTAL;PUT;Ago-26;68,00;64.42;45,59;-0,70;;25
04/08/26;ARCELORMITTAL;PUT;Sep-26;24,00;64.42;57,10;;;1
04/08/26;ARCELORMITTAL;PUT;Sep-26;38,00;64.42;53,05;;;5
04/08/26;ARCELORMITTAL;PUT;Sep-26;40,00;64.42;52,47;;;2
04/08/26;ARCELORMITTAL;PUT;Sep-26;44,00;64.42;51,31;-0,01;;25
04/08/26;ARCELORMITTAL;PUT;Sep-26;45,00;64.42;51,02;-0,02;;50
04/08/26;ARCELORMITTAL;PUT;Sep-26;46,00;64.42;50,73;-0,02;;25
04/08/26;ARCELORMITTAL;PUT;Dic-26;34,00;64.42;53,77;-0,02;;5
04/08/26;ARCELORMITTAL;PUT;Dic-26;35,00;64.42;53,51;-0,02;;5
04/08/26;ARCELORMITTAL;PUT;Dic-26;37,00;64.42;52,99;-0,03;;5
04/08/26;ARCELORMITTAL;PUT;Dic-26;38,00;64.42;52,74;-0,03;;5
04/08/26;ARCELORMITTAL;PUT;Dic-26;39,00;64.42;52,48;-0,04;;1
04/08/26;ARCELORMITTAL;PUT;Dic-26;40,00;64.42;52,22;-0,05;;3
04/08/26;ARCELORMITTAL;PUT;Dic-26;45,00;64.42;50,92;-0,09;;7
04/08/26;ARCELORMITTAL;PUT;Dic-26;46,00;64.42;50,67;-0,10;;1
04/08/26;ARCELORMITTAL;PUT;Dic-26;49,00;64.42;49,89;-0,14;;50
04/08/26;ARCELORMITTAL;PUT;Dic-26;50,00;64.42;49,63;-0,16;;25
04/08/26;ARCELORMITTAL;PUT;Dic-26;54,00;64.42;48,60;-0,22;;4
04/08/26;ARCELORMITTAL;PUT;Mar-27;36,00;64.42;51,17;-0,05;;5
04/08/26;ARCELORMITTAL;PUT;Dic-27;24,00;64.42;46,01;-0,02;;1
04/08/26;ARCELORMITTAL;PUT;Dic-30;44,00;64.42;35,09;-0,16;;1
04/08/26;ATRESMEDIA;CALL;Ago-26;5,00;5.12;25,09;0,68;;2
04/08/26;ATRESMEDIA;CALL;Sep-26;5,00;5.12;24,79;0,64;;1
04/08/26;ATRESMEDIA;CALL;Sep-26;5,50;5.12;22,09;0,20;;1
04/08/26;ATRESMEDIA;CALL;Dic-26;5,25;5.12;23,85;0,48;;11
04/08/26;ATRESMEDIA;CALL;Dic-26;5,50;5.12;22,40;0,34;;16
04/08/26;ATRESMEDIA;CALL;Dic-26;5,75;5.12;20,95;0,21;;10
04/08/26;ATRESMEDIA;CALL;Dic-26;6,00;5.12;19,50;0,10;;2
04/08/26;ATRESMEDIA;CALL;Mar-27;3,40;5.12;29,84;0,99;;2
04/08/26;ATRESMEDIA;CALL;Mar-27;5,00;5.12;24,84;0,60;;32
04/08/26;ATRESMEDIA;PUT;Ago-26;4,80;5.12;14,60;-0,02;;4
04/08/26;ATRESMEDIA;PUT;Sep-26;4,60;5.12;18,53;-0,04;;3
04/08/26;ATRESMEDIA;PUT;Sep-26;4,80;5.12;17,75;-0,14;;4
04/08/26;ATRESMEDIA;PUT;Sep-26;4,90;5.12;17,36;-0,22;;1
04/08/26;ATRESMEDIA;PUT;Dic-26;4,50;5.12;21,19;-0,20;;18
04/08/26;ATRESMEDIA;PUT;Dic-26;5,50;5.12;16,37;-0,82;;25
04/08/26;ATRESMEDIA;PUT;Dic-26;6,00;5.12;13,47;-0,99;;20
04/08/26;ATRESMEDIA;PUT;Mar-27;4,50;5.12;22,05;-0,24;;5
04/08/26;ATRESMEDIA;PUT;Jun-27;4,00;5.12;25,28;-0,19;;5
04/08/26;ATRESMEDIA;PUT;Jun-27;4,50;5.12;24,17;-0,35;;2
04/08/26;ATRESMEDIA;PUT;Jun-27;4,60;5.12;23,95;-0,38;;2
04/08/26;B.SABADELL;CALL;Ago-26;2,99;3.4;35,07;0,96;;60
04/08/26;B.SABADELL;CALL;Ago-26;3,25;3.4;34,25;0,75;;58
04/08/26;B.SABADELL;CALL;Ago-26;3,33;3.4;34,00;0,64;;3
04/08/26;B.SABADELL;CALL;Ago-26;3,42;3.4;33,70;0,49;;1
04/08/26;B.SABADELL;CALL;Sep-26;2,14;3.4;34,98;1,00;;117
04/08/26;B.SABADELL;CALL;Sep-26;2,56;3.4;33,91;1,00;;20
04/08/26;B.SABADELL;CALL;Sep-26;2,65;3.4;33,68;1,00;20;
04/08/26;B.SABADELL;CALL;Sep-26;2,74;3.4;33,45;0,99;;2
04/08/26;B.SABADELL;CALL;Sep-26;2,91;3.4;33,02;0,96;;52
04/08/26;B.SABADELL;CALL;Sep-26;2,99;3.4;32,81;0,93;;59
04/08/26;B.SABADELL;CALL;Sep-26;3,16;3.4;32,38;0,80;;2
04/08/26;B.SABADELL;CALL;Sep-26;3,25;3.4;32,15;0,70;;300
04/08/26;B.SABADELL;CALL;Sep-26;3,33;3.4;31,95;0,60;;8
04/08/26;B.SABADELL;CALL;Sep-26;3,42;3.4;31,70;0,49;;8
04/08/26;B.SABADELL;CALL;Sep-26;3,50;3.4;31,40;0,39;;42
04/08/26;B.SABADELL;CALL;Dic-26;2,48;3.4;30,26;1,00;;50
04/08/26;B.SABADELL;CALL;Dic-26;2,74;3.4;29,70;0,95;;28
04/08/26;B.SABADELL;CALL;Dic-26;2,82;3.4;29,53;0,91;;3
04/08/26;B.SABADELL;CALL;Dic-26;2,91;3.4;29,33;0,86;;4
04/08/26;B.SABADELL;CALL;Dic-26;2,99;3.4;29,16;0,80;;7
04/08/26;B.SABADELL;CALL;Dic-26;3,08;3.4;28,97;0,74;;664
04/08/26;B.SABADELL;CALL;Dic-26;3,16;3.4;28,80;0,68;;6
04/08/26;B.SABADELL;CALL;Dic-26;3,25;3.4;28,60;0,62;;11
04/08/26;B.SABADELL;CALL;Dic-26;3,50;3.4;27,93;0,44;;10
04/08/26;B.SABADELL;CALL;Dic-26;3,59;3.4;27,61;0,38;;1
04/08/26;B.SABADELL;CALL;Mar-27;2,22;3.4;31,54;1,00;;20
04/08/26;B.SABADELL;CALL;Mar-27;2,74;3.4;30,48;0,89;;10
04/08/26;B.SABADELL;CALL;Mar-27;2,91;3.4;30,13;0,79;;38
04/08/26;B.SABADELL;CALL;Mar-27;3,16;3.4;29,61;0,65;;92
04/08/26;B.SABADELL;CALL;Mar-27;3,25;3.4;29,43;0,60;;4
04/08/26;B.SABADELL;CALL;Mar-27;3,33;3.4;29,26;0,56;;2
04/08/26;B.SABADELL;CALL;Mar-27;3,42;3.4;29,06;0,51;;9
04/08/26;B.SABADELL;CALL;Mar-27;3,50;3.4;28,81;0,46;;3
04/08/26;B.SABADELL;CALL;Jun-27;2,99;3.4;31,35;0,71;;1
04/08/26;B.SABADELL;CALL;Jun-27;3,76;3.4;29,60;0,36;;1
04/08/26;B.SABADELL;CALL;Jun-27;3,93;3.4;29,15;0,30;;5
04/08/26;B.SABADELL;PUT;Ago-26;2,65;3.4;26,43;;;6
04/08/26;B.SABADELL;PUT;Ago-26;2,74;3.4;26,15;;;20
04/08/26;B.SABADELL;PUT;Ago-26;3,08;3.4;25,09;-0,03;;20
04/08/26;B.SABADELL;PUT;Ago-26;3,16;3.4;24,83;-0,08;;4
04/08/26;B.SABADELL;PUT;Ago-26;3,25;3.4;24,55;-0,18;;3
04/08/26;B.SABADELL;PUT;Ago-26;3,33;3.4;24,30;-0,32;;31
04/08/26;B.SABADELL;PUT;Sep-26;2,22;3.4;25,63;;;5.249
04/08/26;B.SABADELL;PUT;Sep-26;2,48;3.4;24,97;;;1
04/08/26;B.SABADELL;PUT;Sep-26;2,65;3.4;24,54;;;26
04/08/26;B.SABADELL;PUT;Sep-26;2,74;3.4;24,31;-0,01;;23
04/08/26;B.SABADELL;PUT;Sep-26;2,82;3.4;24,11;-0,02;;5
04/08/26;B.SABADELL;PUT;Sep-26;2,91;3.4;23,88;-0,05;;5
04/08/26;B.SABADELL;PUT;Sep-26;2,99;3.4;23,67;-0,08;;15
04/08/26;B.SABADELL;PUT;Sep-26;3,08;3.4;23,44;-0,15;;30
04/08/26;B.SABADELL;PUT;Sep-26;3,16;3.4;23,24;-0,23;;5
04/08/26;B.SABADELL;PUT;Sep-26;3,33;3.4;22,81;-0,47;;30
04/08/26;B.SABADELL;PUT;Dic-26;2,48;3.4;24,30;-0,02;;411
04/08/26;B.SABADELL;PUT;Dic-26;2,56;3.4;24,13;-0,03;;10
04/08/26;B.SABADELL;PUT;Dic-26;2,65;3.4;23,93;-0,05;;10
04/08/26;B.SABADELL;PUT;Dic-26;2,74;3.4;23,74;-0,07;;20
04/08/26;B.SABADELL;PUT;Dic-26;2,82;3.4;23,57;-0,10;;21
04/08/26;B.SABADELL;PUT;Dic-26;2,91;3.4;23,37;-0,14;;2
04/08/26;B.SABADELL;PUT;Dic-26;2,99;3.4;23,20;-0,19;;10
04/08/26;B.SABADELL;PUT;Dic-26;3,08;3.4;23,01;-0,25;;52
04/08/26;B.SABADELL;PUT;Dic-26;3,16;3.4;22,84;-0,31;;60
04/08/26;B.SABADELL;PUT;Mar-27;2,48;3.4;25,24;-0,06;;1
04/08/26;B.SABADELL;PUT;Mar-27;2,65;3.4;24,89;-0,11;;20
04/08/26;B.SABADELL;PUT;Mar-27;2,82;3.4;24,54;-0,18;;113
04/08/26;B.SABADELL;PUT;Mar-27;2,99;3.4;24,19;-0,27;;205
04/08/26;B.SABADELL;PUT;Mar-27;3,08;3.4;24,01;-0,32;;200
04/08/26;B.SABADELL;PUT;Mar-27;3,33;3.4;23,49;-0,48;;141
04/08/26;B.SABADELL;PUT;Mar-27;3,59;3.4;22,76;-0,65;;100
04/08/26;B.SABADELL;PUT;Jun-27;2,74;3.4;25,41;-0,20;;5
04/08/26;B.SABADELL;PUT;Sep-27;2,39;3.4;26,58;-0,12;;5
04/08/26;B.SABADELL;PUT;Dic-27;2,74;3.4;26,25;-0,25;;1.538
04/08/26;B.SABADELL;PUT;Dic-27;2,82;3.4;26,10;-0,28;;3.026
04/08/26;B.SABADELL;PUT;Mar-28;2,56;3.4;28,20;-0,22;;830
04/08/26;B.SABADELL;PUT;Mar-28;2,74;3.4;27,92;-0,28;;769
04/08/26;B.SABADELL;PUT;Mar-28;2,82;3.4;27,80;-0,30;;758
04/08/26;B.SABADELL;PUT;Mar-28;2,91;3.4;27,65;-0,34;;742
04/08/26;B.SABADELL;CALL;Ago-26;3,33;3.4;34,00;0,64;;125
04/08/26;B.SABADELL;PUT;Dic-26;2,48;3.4;24,30;-0,02;;10
04/08/26;BANKINTER;CALL;Ago-26;14,50;16.03;25,91;0,97;;1
04/08/26;BANKINTER;CALL;Ago-26;15,00;16.03;24,76;0,90;;70
04/08/26;BANKINTER;CALL;Sep-26;13,50;16.03;28,38;0,96;;23
04/08/26;BANKINTER;CALL;Sep-26;14,00;16.03;27,27;0,93;;10
04/08/26;BANKINTER;CALL;Sep-26;14,50;16.03;26,17;0,88;;1
04/08/26;BANKINTER;CALL;Sep-26;15,00;16.03;25,07;0,80;;3
04/08/26;BANKINTER;CALL;Sep-26;16,50;16.03;22,62;0,39;;10
04/08/26;BANKINTER;CALL;Oct-26;15,00;16.03;25,94;0,75;;10
04/08/26;BANKINTER;CALL;Dic-26;13,50;16.03;30,00;0,87;;11
04/08/26;BANKINTER;CALL;Dic-26;14,00;16.03;29,02;0,83;;2
04/08/26;BANKINTER;CALL;Dic-26;15,00;16.03;27,06;0,71;;10
04/08/26;BANKINTER;CALL;Dic-26;15,50;16.03;26,09;0,64;;10
04/08/26;BANKINTER;CALL;Dic-26;16,00;16.03;25,11;0,55;;50
04/08/26;BANKINTER;CALL;Mar-27;15,00;16.03;26,90;0,67;;21
04/08/26;BANKINTER;CALL;Mar-27;16,50;16.03;25,05;0,48;;100
04/08/26;BANKINTER;CALL;Mar-27;17,00;16.03;24,91;0,42;;100
04/08/26;BANKINTER;CALL;Jun-27;16,00;16.03;25,13;0,54;;25
04/08/26;BANKINTER;CALL;Dic-27;14,50;16.03;27,01;0,68;;3
04/08/26;BANKINTER;CALL;Dic-27;15,50;16.03;25,89;0,60;;1
04/08/26;BANKINTER;CALL;Dic-27;17,00;16.03;25,07;0,46;;25
04/08/26;BANKINTER;PUT;Ago-26;12,50;16.03;32,33;;;1
04/08/26;BANKINTER;PUT;Ago-26;15,50;16.03;25,40;-0,26;;20
04/08/26;BANKINTER;PUT;Sep-26;6,50;16.03;43,97;;;31
04/08/26;BANKINTER;PUT;Sep-26;7,00;16.03;42,86;;;1
04/08/26;BANKINTER;PUT;Sep-26;10,50;16.03;35,15;;;3
04/08/26;BANKINTER;PUT;Sep-26;11,00;16.03;34,05;;;3
04/08/26;BANKINTER;PUT;Sep-26;11,50;16.03;32,95;;;4
04/08/26;BANKINTER;PUT;Sep-26;12,50;16.03;30,74;-0,01;;2
04/08/26;BANKINTER;PUT;Sep-26;13,00;16.03;29,64;-0,02;;20
04/08/26;BANKINTER;PUT;Sep-26;13,50;16.03;28,54;-0,04;;10
04/08/26;BANKINTER;PUT;Sep-26;14,00;16.03;27,43;-0,07;;10
04/08/26;BANKINTER;PUT;Sep-26;15,00;16.03;25,23;-0,21;;5
04/08/26;BANKINTER;PUT;Sep-26;15,50;16.03;24,13;-0,32;;20
04/08/26;BANKINTER;PUT;Oct-26;14,50;16.03;26,74;-0,18;;10
04/08/26;BANKINTER;PUT;Dic-26;7,25;16.03;41,14;;;1
04/08/26;BANKINTER;PUT;Dic-26;11,00;16.03;33,81;-0,03;;1
04/08/26;BANKINTER;PUT;Dic-26;12,00;16.03;31,86;-0,06;;1.020
04/08/26;BANKINTER;PUT;Dic-26;12,50;16.03;30,88;-0,09;;114
04/08/26;BANKINTER;PUT;Dic-26;13,00;16.03;29,90;-0,12;;20
04/08/26;BANKINTER;PUT;Dic-26;13,50;16.03;28,93;-0,16;;3.360
04/08/26;BANKINTER;PUT;Dic-26;14,00;16.03;27,95;-0,21;;25
04/08/26;BANKINTER;PUT;Dic-26;15,00;16.03;25,99;-0,34;1;1
04/08/26;BANKINTER;PUT;Dic-26;16,00;16.03;24,04;-0,50;;25
04/08/26;BANKINTER;PUT;Mar-27;13,50;16.03;27,45;-0,19;1.000;1.008
04/08/26;BANKINTER;PUT;Jun-27;11,00;16.03;29,96;-0,07;;222
04/08/26;BANKINTER;PUT;Jun-27;12,50;16.03;27,80;-0,15;;3
04/08/26;BANKINTER;PUT;Jun-27;13,50;16.03;26,37;-0,22;1.000;1.000
04/08/26;BANKINTER;PUT;Dic-27;10,50;16.03;28,16;-0,09;;1.000
04/08/26;BANKINTER;PUT;Dic-27;11,00;16.03;27,60;-0,11;;50
04/08/26;BANKINTER;PUT;Dic-27;15,00;16.03;23,11;-0,39;;25
04/08/26;BANKINTER;PUT;Mar-28;13,00;16.03;26,27;-0,24;;194
04/08/26;BANKINTER;PUT;Mar-28;14,00;16.03;25,31;-0,31;;175
04/08/26;BBVA;CALL;Ago-26;19,00;24.6;39,77;1,00;;5.000
04/08/26;BBVA;CALL;Ago-26;20,00;24.6;37,49;1,00;;14.500
04/08/26;BBVA;CALL;Ago-26;21,00;24.6;35,22;0,98;;2.534
04/08/26;BBVA;CALL;Ago-26;22,00;24.6;32,94;0,95;;8.018
04/08/26;BBVA;CALL;Ago-26;23,00;24.6;30,66;0,86;;159
04/08/26;BBVA;CALL;Ago-26;24,00;24.6;28,39;0,67;;1.081
04/08/26;BBVA;CALL;Ago-26;25,00;24.6;26,83;0,41;;110
04/08/26;BBVA;CALL;Sep-26;13,50;24.6;47,49;1,00;;75
04/08/26;BBVA;CALL;Sep-26;14,00;24.6;46,53;1,00;;75
04/08/26;BBVA;CALL;Sep-26;14,50;24.6;45,58;1,00;;75
04/08/26;BBVA;CALL;Sep-26;15,00;24.6;44,62;1,00;;152
04/08/26;BBVA;CALL;Sep-26;15,50;24.6;43,67;1,00;;150
04/08/26;BBVA;CALL;Sep-26;16,00;24.6;42,71;1,00;;300
04/08/26;BBVA;CALL;Sep-26;16,50;24.6;41,76;1,00;;300
04/08/26;BBVA;CALL;Sep-26;17,00;24.6;40,80;1,00;;1.950
04/08/26;BBVA;CALL;Sep-26;17,50;24.6;39,85;0,99;;5.000
04/08/26;BBVA;CALL;Sep-26;18,50;24.6;37,93;0,99;;151
04/08/26;BBVA;CALL;Sep-26;19,00;24.6;36,98;0,98;;4.260
04/08/26;BBVA;CALL;Sep-26;19,50;24.6;36,02;0,97;;250
04/08/26;BBVA;CALL;Sep-26;20,00;24.6;35,07;0,96;;7.148
04/08/26;BBVA;CALL;Sep-26;21,00;24.6;33,16;0,92;;2.009
04/08/26;BBVA;CALL;Sep-26;22,00;24.6;31,25;0,86;;534
04/08/26;BBVA;CALL;Sep-26;23,00;24.6;29,34;0,77;;174
04/08/26;BBVA;CALL;Sep-26;24,00;24.6;27,43;0,63;;73
04/08/26;BBVA;CALL;Sep-26;25,00;24.6;26,10;0,46;;395
04/08/26;BBVA;CALL;Sep-26;26,00;24.6;25,64;0,30;;30
04/08/26;BBVA;CALL;Oct-26;25,00;24.6;26,74;0,48;;1
04/08/26;BBVA;CALL;Dic-26;13,00;24.6;47,76;1,00;;26
04/08/26;BBVA;CALL;Dic-26;15,00;24.6;44,56;0,99;;30
04/08/26;BBVA;CALL;Dic-26;16,00;24.6;42,96;0,98;;4.000
04/08/26;BBVA;CALL;Dic-26;16,50;24.6;42,16;0,97;;50
04/08/26;BBVA;CALL;Dic-26;17,00;24.6;41,36;0,97;;4.311
04/08/26;BBVA;CALL;Dic-26;17,50;24.6;40,56;0,95;;650
04/08/26;BBVA;CALL;Dic-26;18,00;24.6;39,76;0,94;;158
04/08/26;BBVA;CALL;Dic-26;18,50;24.6;38,96;0,93;;8
04/08/26;BBVA;CALL;Dic-26;19,00;24.6;38,16;0,91;;2.520
04/08/26;BBVA;CALL;Dic-26;19,50;24.6;37,36;0,89;;30
04/08/26;BBVA;CALL;Dic-26;20,00;24.6;36,57;0,87;;162
04/08/26;BBVA;CALL;Dic-26;21,00;24.6;34,97;0,82;;3.522
04/08/26;BBVA;CALL;Dic-26;22,00;24.6;33,37;0,75;;28
04/08/26;BBVA;CALL;Dic-26;23,00;24.6;31,77;0,68;;2.211
04/08/26;BBVA;CALL;Dic-26;24,00;24.6;30,17;0,59;;2
04/08/26;BBVA;CALL;Dic-26;25,00;24.6;29,03;0,49;6;214
04/08/26;BBVA;CALL;Dic-26;26,00;24.6;28,58;0,40;;16
04/08/26;BBVA;CALL;Dic-26;27,00;24.6;28,14;0,31;;150
04/08/26;BBVA;CALL;Dic-26;28,00;24.6;27,69;0,23;;4
04/08/26;BBVA;CALL;Mar-27;9,50;24.6;51,38;1,00;;25
04/08/26;BBVA;CALL;Mar-27;12,00;24.6;47,76;1,00;;25
04/08/26;BBVA;CALL;Mar-27;13,00;24.6;46,31;0,99;;1
04/08/26;BBVA;CALL;Mar-27;15,50;24.6;42,68;0,95;;5
04/08/26;BBVA;CALL;Mar-27;16,00;24.6;41,96;0,94;;1.005
04/08/26;BBVA;CALL;Mar-27;16,50;24.6;41,23;0,93;;250
04/08/26;BBVA;CALL;Mar-27;17,50;24.6;39,78;0,90;;40
04/08/26;BBVA;CALL;Mar-27;18,00;24.6;39,06;0,89;2;102
04/08/26;BBVA;CALL;Mar-27;19,00;24.6;37,61;0,85;;104
04/08/26;BBVA;CALL;Mar-27;20,00;24.6;36,16;0,81;;3.050
04/08/26;BBVA;CALL;Mar-27;20,50;24.6;35,43;0,79;;1
04/08/26;BBVA;CALL;Mar-27;22,00;24.6;33,26;0,71;;4.060
04/08/26;BBVA;CALL;Mar-27;23,00;24.6;31,81;0,65;;161
04/08/26;BBVA;CALL;Mar-27;24,00;24.6;30,36;0,59;;391
04/08/26;BBVA;CALL;Mar-27;25,00;24.6;29,34;0,52;;211
04/08/26;BBVA;CALL;Mar-27;26,00;24.6;28,98;0,45;;500
04/08/26;BBVA;CALL;Mar-27;27,00;24.6;28,61;0,38;;500
04/08/26;BBVA;CALL;Mar-27;28,00;24.6;28,25;0,32;;200
04/08/26;BBVA;CALL;Jun-27;12,00;24.6;47,93;0,99;;150
04/08/26;BBVA;CALL;Jun-27;12,50;24.6;47,26;0,99;;25
04/08/26;BBVA;CALL;Jun-27;13,00;24.6;46,59;0,98;;1
04/08/26;BBVA;CALL;Jun-27;15,00;24.6;43,91;0,95;2;3
04/08/26;BBVA;CALL;Jun-27;17,00;24.6;41,23;0,90;;6.000
04/08/26;BBVA;CALL;Jun-27;20,00;24.6;37,20;0,79;;150
04/08/26;BBVA;CALL;Jun-27;21,00;24.6;35,86;0,75;;2.600
04/08/26;BBVA;CALL;Jun-27;22,00;24.6;34,52;0,70;;3.150
04/08/26;BBVA;CALL;Jun-27;23,00;24.6;33,18;0,65;;21
04/08/26;BBVA;CALL;Jun-27;24,00;24.6;31,83;0,59;;10
04/08/26;BBVA;CALL;Jun-27;25,00;24.6;30,88;0,53;;15
04/08/26;BBVA;CALL;Sep-27;11,50;24.6;46,62;0,99;;150
04/08/26;BBVA;CALL;Sep-27;12,00;24.6;46,02;0,99;;150
04/08/26;BBVA;CALL;Sep-27;15,00;24.6;42,45;0,94;;2
04/08/26;BBVA;CALL;Sep-27;20,00;24.6;36,49;0,77;;1
04/08/26;BBVA;CALL;Sep-27;22,00;24.6;34,10;0,69;;1
04/08/26;BBVA;CALL;Dic-27;11,00;24.6;47,07;1,00;;150
04/08/26;BBVA;CALL;Dic-27;11,50;24.6;46,50;0,99;;26
04/08/26;BBVA;CALL;Dic-27;13,50;24.6;44,25;0,97;;150
04/08/26;BBVA;CALL;Dic-27;15,00;24.6;42,57;0,93;;75
04/08/26;BBVA;CALL;Dic-27;16,00;24.6;41,44;0,90;;6.000
04/08/26;BBVA;CALL;Dic-27;17,00;24.6;40,32;0,87;;150
04/08/26;BBVA;CALL;Dic-27;17,50;24.6;39,76;0,85;;100
04/08/26;BBVA;CALL;Dic-27;18,00;24.6;39,19;0,84;;1
04/08/26;BBVA;CALL;Dic-27;20,00;24.6;36,94;0,76;;150
04/08/26;BBVA;CALL;Dic-27;25,00;24.6;31,62;0,54;;4.000
04/08/26;BBVA;CALL;Mar-28;17,00;24.6;40,25;0,85;;600
04/08/26;BBVA;CALL;Mar-28;17,50;24.6;39,71;0,84;;300
04/08/26;BBVA;CALL;Mar-28;18,00;24.6;39,16;0,82;;300
04/08/26;BBVA;CALL;Mar-28;21,00;24.6;35,91;0,71;;350
04/08/26;BBVA;CALL;Mar-28;25,00;24.6;31,85;0,55;;1
04/08/26;BBVA;CALL;Jun-28;10,00;24.6;47,56;1,00;;1
04/08/26;BBVA;CALL;Jun-28;17,00;24.6;40,64;0,85;;750
04/08/26;BBVA;CALL;Jun-28;17,50;24.6;40,14;0,83;;600
04/08/26;BBVA;CALL;Jun-28;18,00;24.6;39,65;0,82;;575
04/08/26;BBVA;CALL;Jun-28;18,50;24.6;39,15;0,80;;3
04/08/26;BBVA;CALL;Jun-28;19,00;24.6;38,66;0,79;;50
04/08/26;BBVA;CALL;Jun-28;19,50;24.6;38,16;0,77;;100
04/08/26;BBVA;CALL;Jun-28;20,00;24.6;37,67;0,75;;125
04/08/26;BBVA;CALL;Jun-28;21,00;24.6;36,68;0,71;;525
04/08/26;BBVA;CALL;Jun-28;22,00;24.6;35,69;0,68;;4.450
04/08/26;BBVA;CALL;Jun-28;23,00;24.6;34,70;0,64;;150
04/08/26;BBVA;CALL;Jun-28;24,00;24.6;33,71;0,60;;300
04/08/26;BBVA;CALL;Jun-28;25,00;24.6;32,95;0,56;;1.000
04/08/26;BBVA;CALL;Dic-29;15,00;24.6;40,74;0,90;;50
04/08/26;BBVA;PUT;Ago-26;13,50;24.6;51,76;;;10
04/08/26;BBVA;PUT;Ago-26;16,50;24.6;44,93;;;1
04/08/26;BBVA;PUT;Ago-26;17,00;24.6;43,79;;;22
04/08/26;BBVA;PUT;Ago-26;17,50;24.6;42,65;;;10
04/08/26;BBVA;PUT;Ago-26;18,00;24.6;41,51;;;14.505
04/08/26;BBVA;PUT;Ago-26;18,50;24.6;40,38;;;151
04/08/26;BBVA;PUT;Ago-26;19,00;24.6;39,24;;;7.500
04/08/26;BBVA;PUT;Ago-26;19,50;24.6;38,10;;;150
04/08/26;BBVA;PUT;Ago-26;20,00;24.6;36,96;;;8.149
04/08/26;BBVA;PUT;Ago-26;20,50;24.6;35,82;-0,01;;133
04/08/26;BBVA;PUT;Ago-26;21,00;24.6;34,69;-0,02;;9.010
04/08/26;BBVA;PUT;Ago-26;22,00;24.6;32,41;-0,05;;12.015
04/08/26;BBVA;PUT;Ago-26;23,00;24.6;30,13;-0,14;5;5
04/08/26;BBVA;PUT;Ago-26;24,00;24.6;27,86;-0,33;10;15
04/08/26;BBVA;PUT;Ago-26;25,00;24.6;26,30;-0,60;;20
04/08/26;BBVA;PUT;Ago-26;26,00;24.6;25,83;-0,83;;2
04/08/26;BBVA;PUT;Sep-26;6,75;24.6;59,73;;;1
04/08/26;BBVA;PUT;Sep-26;8,25;24.6;56,87;;;5
04/08/26;BBVA;PUT;Sep-26;9,00;24.6;55,43;;;674
04/08/26;BBVA;PUT;Sep-26;9,25;24.6;54,96;;;368
04/08/26;BBVA;PUT;Sep-26;9,50;24.6;54,48;;;25
04/08/26;BBVA;PUT;Sep-26;9,75;24.6;54,00;;;200
04/08/26;BBVA;PUT;Sep-26;10,00;24.6;53,52;;;40.150
04/08/26;BBVA;PUT;Sep-26;10,50;24.6;52,57;;;300
04/08/26;BBVA;PUT;Sep-26;11,00;24.6;51,61;;;350
04/08/26;BBVA;PUT;Sep-26;11,50;24.6;50,66;;;1
04/08/26;BBVA;PUT;Sep-26;12,00;24.6;49,70;;;1
04/08/26;BBVA;PUT;Sep-26;12,50;24.6;48,75;;;50
04/08/26;BBVA;PUT;Sep-26;13,00;24.6;47,79;;;130
04/08/26;BBVA;PUT;Sep-26;14,00;24.6;45,88;;;55
04/08/26;BBVA;PUT;Sep-26;14,50;24.6;44,93;;;6
04/08/26;BBVA;PUT;Sep-26;15,00;24.6;43,97;;;108
04/08/26;BBVA;PUT;Sep-26;15,50;24.6;43,02;;;56
04/08/26;BBVA;PUT;Sep-26;16,00;24.6;42,06;;;89
04/08/26;BBVA;PUT;Sep-26;16,50;24.6;41,11;;;58
04/08/26;BBVA;PUT;Sep-26;17,00;24.6;40,15;;;4.956
04/08/26;BBVA;PUT;Sep-26;17,50;24.6;39,20;-0,01;;151
04/08/26;BBVA;PUT;Sep-26;18,00;24.6;38,24;-0,01;;7.070
04/08/26;BBVA;PUT;Sep-26;18,50;24.6;37,28;-0,01;;210
04/08/26;BBVA;PUT;Sep-26;19,00;24.6;36,33;-0,02;;7.071
04/08/26;BBVA;PUT;Sep-26;19,50;24.6;35,37;-0,03;;301
04/08/26;BBVA;PUT;Sep-26;20,00;24.6;34,42;-0,04;;12.031
04/08/26;BBVA;PUT;Sep-26;20,50;24.6;33,46;-0,05;;251
04/08/26;BBVA;PUT;Sep-26;21,00;24.6;32,51;-0,07;;3.318
04/08/26;BBVA;PUT;Sep-26;22,00;24.6;30,60;-0,13;;153
04/08/26;BBVA;PUT;Sep-26;23,00;24.6;28,69;-0,23;50;451
04/08/26;BBVA;PUT;Sep-26;26,00;24.6;24,99;-0,72;;101
04/08/26;BBVA;PUT;Oct-26;20,00;24.6;33,77;-0,09;;6
04/08/26;BBVA;PUT;Oct-26;22,00;24.6;30,30;-0,21;50;56
04/08/26;BBVA;PUT;Oct-26;30,00;24.6;23,38;-0,98;;25
04/08/26;BBVA;PUT;Dic-26;5,75;24.6;57,33;;;150
04/08/26;BBVA;PUT;Dic-26;6,00;24.6;56,93;;;10.150
04/08/26;BBVA;PUT;Dic-26;6,25;24.6;56,53;;;150
04/08/26;BBVA;PUT;Dic-26;6,50;24.6;56,13;;;13.250
04/08/26;BBVA;PUT;Dic-26;6,75;24.6;55,73;;;450
04/08/26;BBVA;PUT;Dic-26;7,00;24.6;55,33;;;300
04/08/26;BBVA;PUT;Dic-26;7,25;24.6;54,93;;;600
04/08/26;BBVA;PUT;Dic-26;7,50;24.6;54,53;;;450
04/08/26;BBVA;PUT;Dic-26;7,75;24.6;54,13;;;451
04/08/26;BBVA;PUT;Dic-26;8,00;24.6;53,73;;;18.450
04/08/26;BBVA;PUT;Dic-26;8,25;24.6;53,33;;;15
04/08/26;BBVA;PUT;Dic-26;8,50;24.6;52,93;;;25.000
04/08/26;BBVA;PUT;Dic-26;8,75;24.6;52,53;;;311
04/08/26;BBVA;PUT;Dic-26;9,00;24.6;52,13;;;14.933
04/08/26;BBVA;PUT;Dic-26;9,25;24.6;51,73;;;75
04/08/26;BBVA;PUT;Dic-26;9,50;24.6;51,33;;;76
04/08/26;BBVA;PUT;Dic-26;9,75;24.6;50,93;;;200
04/08/26;BBVA;PUT;Dic-26;10,00;24.6;50,53;;;226
04/08/26;BBVA;PUT;Dic-26;10,50;24.6;49,73;;;300
04/08/26;BBVA;PUT;Dic-26;11,00;24.6;48,94;;;481
04/08/26;BBVA;PUT;Dic-26;11,50;24.6;48,14;;;1
04/08/26;BBVA;PUT;Dic-26;12,00;24.6;47,34;;;8.410
04/08/26;BBVA;PUT;Dic-26;12,50;24.6;46,54;-0,01;;250
04/08/26;BBVA;PUT;Dic-26;13,00;24.6;45,74;-0,01;;42.101
04/08/26;BBVA;PUT;Dic-26;13,50;24.6;44,94;-0,01;;400
04/08/26;BBVA;PUT;Dic-26;14,00;24.6;44,14;-0,01;;706
04/08/26;BBVA;PUT;Dic-26;14,50;24.6;43,34;-0,02;;300
04/08/26;BBVA;PUT;Dic-26;15,00;24.6;42,54;-0,02;;3.774
04/08/26;BBVA;PUT;Dic-26;15,50;24.6;41,74;-0,03;;12
04/08/26;BBVA;PUT;Dic-26;16,00;24.6;40,94;-0,03;;92
04/08/26;BBVA;PUT;Dic-26;16,50;24.6;40,14;-0,04;;520
04/08/26;BBVA;PUT;Dic-26;17,00;24.6;39,34;-0,05;;8.736
04/08/26;BBVA;PUT;Dic-26;17,50;24.6;38,54;-0,06;;136
04/08/26;BBVA;PUT;Dic-26;18,00;24.6;37,74;-0,08;;20.169
04/08/26;BBVA;PUT;Dic-26;18,50;24.6;36,94;-0,09;;105
04/08/26;BBVA;PUT;Dic-26;19,00;24.6;36,14;-0,11;;13.512
04/08/26;BBVA;PUT;Dic-26;20,00;24.6;34,55;-0,15;;10.512
04/08/26;BBVA;PUT;Dic-26;21,00;24.6;32,95;-0,20;;9.140
04/08/26;BBVA;PUT;Dic-26;22,00;24.6;31,35;-0,26;;151
04/08/26;BBVA;PUT;Dic-26;23,00;24.6;29,75;-0,34;;2.600
04/08/26;BBVA;PUT;Mar-27;8,50;24.6;50,75;;;25
04/08/26;BBVA;PUT;Mar-27;8,75;24.6;50,39;;;25
04/08/26;BBVA;PUT;Mar-27;9,00;24.6;50,03;;;25
04/08/26;BBVA;PUT;Mar-27;9,25;24.6;49,67;;;25
04/08/26;BBVA;PUT;Mar-27;9,50;24.6;49,30;;;30
04/08/26;BBVA;PUT;Mar-27;9,75;24.6;48,94;;;25
04/08/26;BBVA;PUT;Mar-27;10,50;24.6;47,85;-0,01;;175
04/08/26;BBVA;PUT;Mar-27;11,00;24.6;47,13;-0,01;;175
04/08/26;BBVA;PUT;Mar-27;11,50;24.6;46,40;-0,01;;32.250
04/08/26;BBVA;PUT;Mar-27;12,00;24.6;45,68;-0,01;;40
04/08/26;BBVA;PUT;Mar-27;12,50;24.6;44,95;-0,02;;30
04/08/26;BBVA;PUT;Mar-27;13,00;24.6;44,23;-0,02;;40
04/08/26;BBVA;PUT;Mar-27;13,50;24.6;43,50;-0,03;;20
04/08/26;BBVA;PUT;Mar-27;14,00;24.6;42,78;-0,03;;30
04/08/26;BBVA;PUT;Mar-27;15,00;24.6;41,33;-0,05;;220
04/08/26;BBVA;PUT;Mar-27;16,00;24.6;39,88;-0,07;;5.500
04/08/26;BBVA;PUT;Mar-27;16,50;24.6;39,15;-0,08;;450
04/08/26;BBVA;PUT;Mar-27;17,00;24.6;38,43;-0,09;;2.360
04/08/26;BBVA;PUT;Mar-27;17,50;24.6;37,70;-0,10;;4.250
04/08/26;BBVA;PUT;Mar-27;18,50;24.6;36,25;-0,13;;10
04/08/26;BBVA;PUT;Mar-27;19,00;24.6;35,53;-0,15;400;400
04/08/26;BBVA;PUT;Mar-27;19,50;24.6;34,80;-0,17;;310
04/08/26;BBVA;PUT;Mar-27;20,00;24.6;34,08;-0,19;;6.160
04/08/26;BBVA;PUT;Mar-27;20,50;24.6;33,35;-0,21;;20
04/08/26;BBVA;PUT;Mar-27;21,00;24.6;32,63;-0,23;;381
04/08/26;BBVA;PUT;Mar-27;22,00;24.6;31,18;-0,29;;15
04/08/26;BBVA;PUT;Mar-27;23,00;24.6;29,73;-0,35;50;50
04/08/26;BBVA;PUT;Jun-27;4,30;24.6;54,52;;;1
04/08/26;BBVA;PUT;Jun-27;4,50;24.6;54,25;;;1
04/08/26;BBVA;PUT;Jun-27;4,90;24.6;53,72;;;150
04/08/26;BBVA;PUT;Jun-27;5,00;24.6;53,58;;;300
04/08/26;BBVA;PUT;Jun-27;5,25;24.6;53,25;;;298
04/08/26;BBVA;PUT;Jun-27;7,00;24.6;50,90;;;2
04/08/26;BBVA;PUT;Jun-27;8,00;24.6;49,56;;;1
04/08/26;BBVA;PUT;Jun-27;8,25;24.6;49,22;;;7
04/08/26;BBVA;PUT;Jun-27;9,00;24.6;48,22;-0,01;;7.000
04/08/26;BBVA;PUT;Jun-27;9,75;24.6;47,21;-0,01;;175
04/08/26;BBVA;PUT;Jun-27;10,00;24.6;46,88;-0,01;;10.000
04/08/26;BBVA;PUT;Jun-27;11,00;24.6;45,53;-0,02;;75
04/08/26;BBVA;PUT;Jun-27;12,00;24.6;44,19;-0,03;;20
04/08/26;BBVA;PUT;Jun-27;12,50;24.6;43,52;-0,04;;197
04/08/26;BBVA;PUT;Jun-27;13,00;24.6;42,85;-0,04;;1.126
04/08/26;BBVA;PUT;Jun-27;13,50;24.6;42,18;-0,05;;170
04/08/26;BBVA;PUT;Jun-27;14,00;24.6;41,51;-0,06;;33
04/08/26;BBVA;PUT;Jun-27;14,50;24.6;40,84;-0,07;;400
04/08/26;BBVA;PUT;Jun-27;15,00;24.6;40,17;-0,08;;600
04/08/26;BBVA;PUT;Jun-27;15,50;24.6;39,50;-0,09;;20
04/08/26;BBVA;PUT;Jun-27;16,00;24.6;38,83;-0,10;;3
04/08/26;BBVA;PUT;Jun-27;16,50;24.6;38,16;-0,11;;250
04/08/26;BBVA;PUT;Jun-27;17,00;24.6;37,49;-0,12;;151
04/08/26;BBVA;PUT;Jun-27;17,50;24.6;36,81;-0,14;;150
04/08/26;BBVA;PUT;Jun-27;18,00;24.6;36,14;-0,16;;160
04/08/26;BBVA;PUT;Jun-27;19,00;24.6;34,80;-0,19;;151
04/08/26;BBVA;PUT;Jun-27;20,00;24.6;33,46;-0,23;;2.603
04/08/26;BBVA;PUT;Jun-27;21,00;24.6;32,12;-0,28;;30
04/08/26;BBVA;PUT;Jun-27;23,00;24.6;29,44;-0,39;;160
04/08/26;BBVA;PUT;Sep-27;7,75;24.6;47,31;-0,01;;10
04/08/26;BBVA;PUT;Sep-27;16,00;24.6;37,47;-0,11;;309
04/08/26;BBVA;PUT;Sep-27;16,50;24.6;36,88;-0,12;;10
04/08/26;BBVA;PUT;Sep-27;17,00;24.6;36,28;-0,13;;379
04/08/26;BBVA;PUT;Sep-27;17,50;24.6;35,69;-0,15;;150
04/08/26;BBVA;PUT;Sep-27;18,00;24.6;35,09;-0,17;;150
04/08/26;BBVA;PUT;Sep-27;20,00;24.6;32,71;-0,24;;1
04/08/26;BBVA;PUT;Sep-27;22,00;24.6;30,32;-0,33;;1
04/08/26;BBVA;PUT;Dic-27;4,40;24.6;50,19;;;1
04/08/26;BBVA;PUT;Dic-27;4,90;24.6;49,63;;;150
04/08/26;BBVA;PUT;Dic-27;5,00;24.6;49,51;;;150
04/08/26;BBVA;PUT;Dic-27;6,50;24.6;47,83;;;10
04/08/26;BBVA;PUT;Dic-27;7,00;24.6;47,26;-0,01;;150
04/08/26;BBVA;PUT;Dic-27;7,25;24.6;46,98;-0,01;;150
04/08/26;BBVA;PUT;Dic-27;7,75;24.6;46,42;-0,01;;1
04/08/26;BBVA;PUT;Dic-27;8,25;24.6;45,86;-0,01;;150
04/08/26;BBVA;PUT;Dic-27;8,50;24.6;45,58;-0,01;;6.150
04/08/26;BBVA;PUT;Dic-27;8,75;24.6;45,30;-0,02;;1
04/08/26;BBVA;PUT;Dic-27;9,00;24.6;45,01;-0,02;;7.650
04/08/26;BBVA;PUT;Dic-27;9,25;24.6;44,73;-0,02;;150
04/08/26;BBVA;PUT;Dic-27;9,50;24.6;44,45;-0,02;;250
04/08/26;BBVA;PUT;Dic-27;9,75;24.6;44,17;-0,02;;150
04/08/26;BBVA;PUT;Dic-27;10,00;24.6;43,89;-0,03;;407
04/08/26;BBVA;PUT;Dic-27;10,50;24.6;43,33;-0,03;;300
04/08/26;BBVA;PUT;Dic-27;11,00;24.6;42,77;-0,04;;5.304
04/08/26;BBVA;PUT;Dic-27;12,00;24.6;41,64;-0,05;;3.300
04/08/26;BBVA;PUT;Dic-27;12,50;24.6;41,08;-0,06;;300
04/08/26;BBVA;PUT;Dic-27;13,00;24.6;40,52;-0,06;;10.000
04/08/26;BBVA;PUT;Dic-27;13,50;24.6;39,95;-0,07;;150
04/08/26;BBVA;PUT;Dic-27;14,00;24.6;39,39;-0,08;;150
04/08/26;BBVA;PUT;Dic-27;15,00;24.6;38,27;-0,10;;3
04/08/26;BBVA;PUT;Dic-27;16,00;24.6;37,14;-0,13;;15.000
04/08/26;BBVA;PUT;Dic-27;16,50;24.6;36,58;-0,14;;174
04/08/26;BBVA;PUT;Dic-27;17,00;24.6;36,02;-0,16;;8.500
04/08/26;BBVA;PUT;Dic-27;17,50;24.6;35,46;-0,17;;292
04/08/26;BBVA;PUT;Dic-27;18,00;24.6;34,89;-0,19;;150
04/08/26;BBVA;PUT;Dic-27;20,00;24.6;32,64;-0,26;;4.000
04/08/26;BBVA;PUT;Dic-27;21,00;24.6;31,52;-0,30;;150
04/08/26;BBVA;PUT;Dic-27;22,00;24.6;30,39;-0,34;;10.302
04/08/26;BBVA;PUT;Dic-27;23,00;24.6;29,27;-0,39;;300
04/08/26;BBVA;PUT;Mar-28;15,00;24.6;37,88;-0,11;;150
04/08/26;BBVA;PUT;Mar-28;15,50;24.6;37,33;-0,12;;150
04/08/26;BBVA;PUT;Mar-28;18,00;24.6;34,62;-0,19;;25
04/08/26;BBVA;PUT;Mar-28;20,00;24.6;32,46;-0,26;;150
04/08/26;BBVA;PUT;Mar-28;21,00;24.6;31,37;-0,30;;150
04/08/26;BBVA;PUT;Mar-28;22,00;24.6;30,29;-0,34;;150
04/08/26;BBVA;PUT;Mar-28;23,00;24.6;29,20;-0,39;;150
04/08/26;BBVA;PUT;Jun-28;15,50;24.6;35,90;-0,14;;1
04/08/26;BBVA;PUT;Jun-28;18,00;24.6;33,43;-0,21;;1.250
04/08/26;BBVA;PUT;Jun-28;19,00;24.6;32,44;-0,24;;4.450
04/08/26;BBVA;PUT;Jun-28;20,00;24.6;31,45;-0,28;;3.300
04/08/26;BBVA;PUT;Jun-28;21,00;24.6;30,46;-0,32;;750
04/08/26;BBVA;PUT;Jun-28;22,00;24.6;29,47;-0,36;;2.350
04/08/26;BBVA;PUT;Jun-28;23,00;24.6;28,48;-0,41;;1.500
04/08/26;BBVA;PUT;Dic-28;12,00;24.6;36,49;-0,07;;3.500
04/08/26;BBVA;PUT;Dic-28;12,50;24.6;36,11;-0,08;;1.500
04/08/26;BBVA;PUT;Dic-28;16,00;24.6;33,40;-0,16;;17
04/08/26;BBVA;PUT;Dic-28;18,50;24.6;31,47;-0,24;;3
04/08/26;BBVA;PUT;Dic-28;20,00;24.6;30,31;-0,29;;90
04/08/26;BBVA;PUT;Jun-29;16,00;24.6;32,31;-0,18;;1.250
04/08/26;BBVA;PUT;Dic-29;12,50;24.6;33,28;-0,10;;3.000
04/08/26;BBVA;PUT;Dic-29;20,00;24.6;29,32;-0,31;;70
04/08/26;BBVA;PUT;Dic-30;20,50;24.6;28,57;-0,34;;1.500
04/08/26;BBVA;CALL;Ago-26;18,50;24.6;40,91;1,00;;10
04/08/26;BBVA;CALL;Ago-26;19,00;24.6;39,77;1,00;;20
04/08/26;BBVA;CALL;Ago-26;20,00;24.6;37,49;0,99;;40
04/08/26;BBVA;CALL;Ago-26;20,50;24.6;36,35;0,99;;46
04/08/26;BBVA;CALL;Ago-26;21,00;24.6;35,22;0,98;;30
04/08/26;BBVA;CALL;Ago-26;21,00;24.6;35,22;0,98;;144
04/08/26;BBVA;CALL;Ago-26;22,00;24.6;32,94;0,95;;10
04/08/26;BBVA;CALL;Ago-26;22,00;24.6;32,94;0,95;;105
04/08/26;BBVA;CALL;Ago-26;23,00;24.6;30,66;0,85;;65
04/08/26;BBVA;CALL;Ago-26;23,00;24.6;30,66;0,85;;911
04/08/26;BBVA;CALL;Ago-26;24,00;24.6;28,39;0,67;;1.782
04/08/26;BBVA;CALL;Ago-26;24,00;24.6;28,39;0,67;;46
04/08/26;BBVA;CALL;Ago-26;26,00;24.6;26,36;0,18;;1
04/08/26;BBVA;CALL;Sep-26;19,00;24.6;36,98;0,98;;10
04/08/26;BBVA;CALL;Sep-26;20,00;24.6;35,07;0,96;;10
04/08/26;BBVA;CALL;Sep-26;21,00;24.6;33,16;0,92;;10
04/08/26;BBVA;CALL;Sep-26;22,00;24.6;31,25;0,86;;160
04/08/26;BBVA;CALL;Sep-26;23,00;24.6;29,34;0,76;;1
04/08/26;BBVA;CALL;Sep-26;25,00;24.6;26,10;0,46;;1.710
04/08/26;BBVA;CALL;Sep-26;26,00;24.6;25,64;0,30;;3.420
04/08/26;BBVA;CALL;Oct-26;23,00;24.6;29,70;0,68;10;10
04/08/26;BBVA;CALL;Oct-26;25,00;24.6;26,74;0,43;10;10
04/08/26;BBVA;CALL;Oct-26;26,00;24.6;26,29;0,31;20;20
04/08/26;BBVA;CALL;Dic-26;17,00;24.6;41,36;0,93;;10
04/08/26;BBVA;CALL;Dic-26;19,00;24.6;38,16;0,87;;10
04/08/26;BBVA;CALL;Dic-26;19,50;24.6;37,36;0,86;;10
04/08/26;BBVA;CALL;Dic-26;21,00;24.6;34,97;0,78;;10
04/08/26;BBVA;CALL;Dic-26;22,00;24.6;33,37;0,72;;10
04/08/26;BBVA;CALL;Dic-26;22,00;24.6;33,37;0,72;;4
04/08/26;BBVA;CALL;Dic-26;23,00;24.6;31,77;0,65;;4
04/08/26;BBVA;CALL;Dic-26;23,00;24.6;31,77;0,65;;10
04/08/26;BBVA;CALL;Dic-26;24,00;24.6;30,17;0,57;;10
04/08/26;BBVA;CALL;Dic-26;24,00;24.6;30,17;0,57;;8
04/08/26;BBVA;CALL;Dic-26;25,00;24.6;29,03;0,48;;10
04/08/26;BBVA;CALL;Dic-26;26,00;24.6;28,58;0,39;2;7
04/08/26;BBVA;CALL;Dic-26;28,00;24.6;27,69;0,23;;6
04/08/26;BBVA;CALL;Dic-26;29,00;24.6;27,24;0,17;8;28
04/08/26;BBVA;CALL;Dic-26;30,00;24.6;26,80;0,12;8;
04/08/26;BBVA;CALL;Dic-26;32,00;24.6;25,90;0,05;10;10
04/08/26;BBVA;CALL;Mar-27;19,00;24.6;37,61;0,83;;200
04/08/26;BBVA;CALL;Mar-27;19,00;24.6;37,61;0,83;;200
04/08/26;BBVA;CALL;Mar-27;19,50;24.6;36,88;0,81;;20
04/08/26;BBVA;CALL;Mar-27;27,00;24.6;28,61;0,38;5;5
04/08/26;BBVA;CALL;Mar-27;32,00;24.6;26,78;0,13;28;28
04/08/26;BBVA;PUT;Ago-26;18,50;24.6;40,38;;;5
04/08/26;BBVA;PUT;Ago-26;20,00;24.6;36,96;;;10
04/08/26;BBVA;PUT;Ago-26;20,50;24.6;35,82;-0,01;;20
04/08/26;BBVA;PUT;Ago-26;21,00;24.6;34,69;-0,02;;61
04/08/26;BBVA;PUT;Ago-26;21,00;24.6;34,69;-0,02;;20
04/08/26;BBVA;PUT;Ago-26;22,00;24.6;32,41;-0,05;;30
04/08/26;BBVA;PUT;Ago-26;22,00;24.6;32,41;-0,05;;90
04/08/26;BBVA;PUT;Ago-26;23,00;24.6;30,13;-0,14;;115
04/08/26;BBVA;PUT;Ago-26;23,00;24.6;30,13;-0,14;;10
04/08/26;BBVA;PUT;Ago-26;24,00;24.6;27,86;-0,32;;10
04/08/26;BBVA;PUT;Ago-26;24,00;24.6;27,86;-0,32;;10
04/08/26;BBVA;PUT;Sep-26;9,50;24.6;54,48;;;600
04/08/26;BBVA;PUT;Sep-26;10,50;24.6;52,57;;;700
04/08/26;BBVA;PUT;Sep-26;17,00;24.6;40,15;;;20
04/08/26;BBVA;PUT;Sep-26;18,00;24.6;38,24;-0,01;;10
04/08/26;BBVA;PUT;Sep-26;19,00;24.6;36,33;-0,02;;10
04/08/26;BBVA;PUT;Sep-26;20,00;24.6;34,42;-0,04;;10
04/08/26;BBVA;PUT;Sep-26;22,00;24.6;30,60;-0,13;;20
04/08/26;BBVA;PUT;Sep-26;23,00;24.6;28,69;-0,23;;40
04/08/26;BBVA;PUT;Sep-26;24,00;24.6;26,78;-0,37;;10
04/08/26;BBVA;PUT;Oct-26;22,00;24.6;30,30;-0,21;20;20
04/08/26;BBVA;PUT;Oct-26;24,00;24.6;26,83;-0,43;;10
04/08/26;BBVA;PUT;Dic-26;7,25;24.6;54,93;;;150
04/08/26;BBVA;PUT;Dic-26;8,50;24.6;52,93;;;150
04/08/26;BBVA;PUT;Dic-26;8,75;24.6;52,53;;;150
04/08/26;BBVA;PUT;Dic-26;9,00;24.6;52,13;;;150
04/08/26;BBVA;PUT;Dic-26;10,00;24.6;50,53;;;40
04/08/26;BBVA;PUT;Dic-26;15,50;24.6;41,74;-0,03;;5
04/08/26;BBVA;PUT;Dic-26;16,50;24.6;40,14;-0,04;;10
04/08/26;BBVA;PUT;Dic-26;17,00;24.6;39,34;-0,05;;23
04/08/26;BBVA;PUT;Dic-26;17,50;24.6;38,54;-0,06;;16
04/08/26;BBVA;PUT;Dic-26;21,00;24.6;32,95;-0,20;;16
04/08/26;BBVA;PUT;Dic-26;22,00;24.6;31,35;-0,26;;4
04/08/26;BBVA;PUT;Dic-26;23,00;24.6;29,75;-0,33;;1
04/08/26;BBVA;PUT;Mar-27;10,00;24.6;48,58;-0,01;;150
04/08/26;BBVA;PUT;Mar-27;14,50;24.6;42,05;-0,04;;10
04/08/26;BBVA;PUT;Mar-27;17,00;24.6;38,43;-0,09;;20
04/08/26;BBVA;PUT;Mar-27;18,00;24.6;36,98;-0,11;;1
04/08/26;CAIXABANK;CALL;Ago-26;12,00;12.63;25,31;0,84;;1
04/08/26;CAIXABANK;CALL;Ago-26;12,50;12.63;23,37;0,60;;250
04/08/26;CAIXABANK;CALL;Ago-26;13,00;12.63;22,57;0,29;;6
04/08/26;CAIXABANK;CALL;Ago-26;13,50;12.63;22,16;0,09;;1
04/08/26;CAIXABANK;CALL;Sep-26;9,00;12.63;36,40;1,00;;1
04/08/26;CAIXABANK;CALL;Sep-26;10,00;12.63;32,84;0,98;;1
04/08/26;CAIXABANK;CALL;Sep-26;10,50;12.63;31,06;0,96;;1
04/08/26;CAIXABANK;CALL;Sep-26;11,00;12.63;29,28;0,92;;2
04/08/26;CAIXABANK;CALL;Sep-26;11,50;12.63;27,50;0,85;;4
04/08/26;CAIXABANK;CALL;Sep-26;12,00;12.63;25,71;0,74;;10
04/08/26;CAIXABANK;CALL;Sep-26;12,50;12.63;23,93;0,58;3;38
04/08/26;CAIXABANK;CALL;Sep-26;13,00;12.63;23,18;0,39;;22
04/08/26;CAIXABANK;CALL;Sep-26;13,50;12.63;22,78;0,22;;5
04/08/26;CAIXABANK;CALL;Oct-26;12,50;12.63;24,24;0,58;;3
04/08/26;CAIXABANK;CALL;Dic-26;7,00;12.63;44,55;0,99;;7.500
04/08/26;CAIXABANK;CALL;Dic-26;9,25;12.63;36,72;0,95;;1
04/08/26;CAIXABANK;CALL;Dic-26;10,50;12.63;32,36;0,87;;1.134
04/08/26;CAIXABANK;CALL;Dic-26;11,00;12.63;30,62;0,82;;20
04/08/26;CAIXABANK;CALL;Dic-26;11,50;12.63;28,88;0,75;;6.000
04/08/26;CAIXABANK;CALL;Dic-26;12,00;12.63;27,13;0,67;;1
04/08/26;CAIXABANK;CALL;Dic-26;12,50;12.63;25,39;0,57;;450
04/08/26;CAIXABANK;CALL;Dic-26;13,00;12.63;24,65;0,46;;2
04/08/26;CAIXABANK;CALL;Mar-27;9,50;12.63;34,95;0,89;;1
04/08/26;CAIXABANK;CALL;Mar-27;10,50;12.63;31,81;0,81;;14
04/08/26;CAIXABANK;CALL;Mar-27;12,00;12.63;27,10;0,64;;2
04/08/26;CAIXABANK;CALL;Mar-27;12,50;12.63;25,53;0,57;;9
04/08/26;CAIXABANK;CALL;Mar-27;13,00;12.63;24,82;0,49;;400
04/08/26;CAIXABANK;CALL;Jun-27;9,75;12.63;33,17;0,86;;150
04/08/26;CAIXABANK;CALL;Jun-27;10,00;12.63;32,50;0,84;;150
04/08/26;CAIXABANK;CALL;Jun-27;10,50;12.63;31,17;0,80;;150
04/08/26;CAIXABANK;CALL;Jun-27;11,00;12.63;29,83;0,75;;150
04/08/26;CAIXABANK;CALL;Jun-27;12,00;12.63;27,17;0,64;;1
04/08/26;CAIXABANK;CALL;Jun-27;13,00;12.63;25,23;0,50;;25
04/08/26;CAIXABANK;CALL;Jun-27;14,50;12.63;24,16;0,30;;1
04/08/26;CAIXABANK;CALL;Dic-27;10,50;12.63;31,78;0,76;;20
04/08/26;CAIXABANK;CALL;Dic-27;11,00;12.63;30,67;0,72;;1
04/08/26;CAIXABANK;CALL;Dic-27;11,50;12.63;29,57;0,67;;1
04/08/26;CAIXABANK;CALL;Jun-28;10,00;12.63;33,28;0,79;;150
04/08/26;CAIXABANK;CALL;Jun-28;10,50;12.63;32,38;0,75;;300
04/08/26;CAIXABANK;CALL;Jun-28;11,00;12.63;31,49;0,71;;1.250
04/08/26;CAIXABANK;CALL;Jun-28;11,50;12.63;30,59;0,67;;150
04/08/26;CAIXABANK;PUT;Ago-26;9,50;12.63;35,47;;;2
04/08/26;CAIXABANK;PUT;Ago-26;10,00;12.63;33,53;;;5
04/08/26;CAIXABANK;PUT;Ago-26;10,50;12.63;31,59;;;20
04/08/26;CAIXABANK;PUT;Ago-26;11,00;12.63;29,65;-0,01;;1
04/08/26;CAIXABANK;PUT;Ago-26;11,50;12.63;27,71;-0,05;;1
04/08/26;CAIXABANK;PUT;Ago-26;12,00;12.63;25,77;-0,17;;21
04/08/26;CAIXABANK;PUT;Ago-26;12,50;12.63;23,83;-0,40;;10
04/08/26;CAIXABANK;PUT;Ago-26;13,00;12.63;23,03;-0,71;;1
04/08/26;CAIXABANK;PUT;Ago-26;13,50;12.63;22,62;-0,91;;3
04/08/26;CAIXABANK;PUT;Ago-26;14,00;12.63;22,21;-1,00;2;6
04/08/26;CAIXABANK;PUT;Sep-26;5,50;12.63;49,92;;;70.900
04/08/26;CAIXABANK;PUT;Sep-26;7,75;12.63;41,91;;;3
04/08/26;CAIXABANK;PUT;Sep-26;8,00;12.63;41,02;;;174
04/08/26;CAIXABANK;PUT;Sep-26;8,50;12.63;39,23;;;1.000
04/08/26;CAIXABANK;PUT;Sep-26;9,00;12.63;37,45;;;1
04/08/26;CAIXABANK;PUT;Sep-26;10,50;12.63;32,11;-0,04;;3
04/08/26;CAIXABANK;PUT;Sep-26;11,00;12.63;30,33;-0,09;;25
04/08/26;CAIXABANK;PUT;Sep-26;11,50;12.63;28,55;-0,16;;1
04/08/26;CAIXABANK;PUT;Sep-26;12,00;12.63;26,76;-0,27;;256
04/08/26;CAIXABANK;PUT;Sep-26;12,50;12.63;24,98;-0,43;1;108
04/08/26;CAIXABANK;PUT;Sep-26;13,00;12.63;24,23;-0,61;;17
04/08/26;CAIXABANK;PUT;Sep-26;13,50;12.63;23,83;-0,77;;1
04/08/26;CAIXABANK;PUT;Dic-26;5,25;12.63;49,99;;;75
04/08/26;CAIXABANK;PUT;Dic-26;6,75;12.63;44,76;-0,01;;3
04/08/26;CAIXABANK;PUT;Dic-26;7,25;12.63;43,02;-0,01;;1
04/08/26;CAIXABANK;PUT;Dic-26;8,00;12.63;40,41;-0,03;;100
04/08/26;CAIXABANK;PUT;Dic-26;8,25;12.63;39,54;-0,03;;100
04/08/26;CAIXABANK;PUT;Dic-26;8,50;12.63;38,67;-0,04;;103
04/08/26;CAIXABANK;PUT;Dic-26;8,75;12.63;37,80;-0,05;;10
04/08/26;CAIXABANK;PUT;Dic-26;9,00;12.63;36,93;-0,05;;11
04/08/26;CAIXABANK;PUT;Dic-26;9,50;12.63;35,18;-0,08;;2
04/08/26;CAIXABANK;PUT;Dic-26;10,00;12.63;33,44;-0,11;;76
04/08/26;CAIXABANK;PUT;Dic-26;10,50;12.63;31,70;-0,15;;1.030
04/08/26;CAIXABANK;PUT;Dic-26;11,00;12.63;29,96;-0,21;;40
04/08/26;CAIXABANK;PUT;Dic-26;11,50;12.63;28,22;-0,28;;6.008
04/08/26;CAIXABANK;PUT;Dic-26;12,50;12.63;24,73;-0,46;;5
04/08/26;CAIXABANK;PUT;Mar-27;6,00;12.63;44,80;-0,01;;7.675
04/08/26;CAIXABANK;PUT;Mar-27;6,50;12.63;43,23;-0,02;;29.800
04/08/26;CAIXABANK;PUT;Mar-27;8,00;12.63;38,52;-0,05;;1
04/08/26;CAIXABANK;PUT;Mar-27;8,75;12.63;36,17;-0,08;;350
04/08/26;CAIXABANK;PUT;Mar-27;9,75;12.63;33,03;-0,13;;5
04/08/26;CAIXABANK;PUT;Mar-27;10,00;12.63;32,24;-0,15;;32
04/08/26;CAIXABANK;PUT;Mar-27;12,00;12.63;25,96;-0,37;;150
04/08/26;CAIXABANK;PUT;Mar-27;12,50;12.63;24,39;-0,45;;8
04/08/26;CAIXABANK;PUT;Jun-27;7,75;12.63;36,76;-0,06;;8.200
04/08/26;CAIXABANK;PUT;Jun-27;10,00;12.63;30,76;-0,19;;4.025
04/08/26;CAIXABANK;PUT;Jun-27;10,50;12.63;29,43;-0,23;;175
04/08/26;CAIXABANK;PUT;Jun-27;11,00;12.63;28,09;-0,28;;25
04/08/26;CAIXABANK;PUT;Jun-27;11,50;12.63;26,76;-0,34;;25
04/08/26;CAIXABANK;PUT;Jun-27;12,00;12.63;25,43;-0,40;;25
04/08/26;CAIXABANK;PUT;Jun-27;13,00;12.63;23,49;-0,55;;50
04/08/26;CAIXABANK;PUT;Dic-27;3,50;12.63;43,53;;;1
04/08/26;CAIXABANK;PUT;Dic-27;4,20;12.63;41,98;-0,01;;1
04/08/26;CAIXABANK;PUT;Dic-27;5,50;12.63;39,10;-0,02;;160
04/08/26;CAIXABANK;PUT;Dic-27;5,75;12.63;38,54;-0,03;;1
04/08/26;CAIXABANK;PUT;Dic-27;6,00;12.63;37,99;-0,03;;150
04/08/26;CAIXABANK;PUT;Dic-27;8,00;12.63;33,55;-0,10;;150
04/08/26;CAIXABANK;PUT;Dic-27;8,25;12.63;33,00;-0,11;;225
04/08/26;CAIXABANK;PUT;Dic-27;8,50;12.63;32,45;-0,12;;150
04/08/26;CAIXABANK;PUT;Dic-27;8,75;12.63;31,89;-0,13;;150
04/08/26;CAIXABANK;PUT;Dic-27;9,00;12.63;31,34;-0,15;;150
04/08/26;CAIXABANK;PUT;Dic-27;9,25;12.63;30,78;-0,16;;150
04/08/26;CAIXABANK;PUT;Dic-27;9,50;12.63;30,23;-0,18;;150
04/08/26;CAIXABANK;PUT;Dic-27;9,75;12.63;29,67;-0,20;;150
04/08/26;CAIXABANK;PUT;Dic-27;10,00;12.63;29,12;-0,21;;150
04/08/26;CAIXABANK;PUT;Jun-28;8,50;12.63;31,00;-0,15;;150
04/08/26;CAIXABANK;PUT;Jun-28;9,00;12.63;30,10;-0,17;;150
04/08/26;CAIXABANK;PUT;Jun-28;9,25;12.63;29,66;-0,19;;150
04/08/26;CAIXABANK;PUT;Jun-28;9,50;12.63;29,21;-0,21;;300
04/08/26;CAIXABANK;PUT;Jun-28;9,75;12.63;28,76;-0,22;;150
04/08/26;CAIXABANK;PUT;Jun-28;10,00;12.63;28,31;-0,24;;150
04/08/26;CAIXABANK;PUT;Dic-28;4,50;12.63;36,34;-0,02;;15.000
04/08/26;CAIXABANK;PUT;Dic-28;8,75;12.63;30,28;-0,17;;450
04/08/26;CAIXABANK;PUT;Dic-29;5,00;12.63;33,37;-0,04;;16.000
04/08/26;CAIXABANK;CALL;Ago-26;13,00;12.63;22,57;0,29;;10
04/08/26;CAIXABANK;CALL;Sep-26;13,00;12.63;23,18;0,39;;10
04/08/26;CAIXABANK;CALL;Dic-26;9,00;12.63;37,59;0,93;;10
04/08/26;CAIXABANK;CALL;Dic-26;11,00;12.63;30,62;0,78;;10
04/08/26;CAIXABANK;CALL;Dic-26;12,00;12.63;27,13;0,64;;10
04/08/26;CAIXABANK;CALL;Dic-26;12,50;12.63;25,39;0,54;;10
04/08/26;CAIXABANK;PUT;Ago-26;12,00;12.63;25,77;-0,17;;10
04/08/26;CAIXABANK;PUT;Sep-26;11,50;12.63;28,55;-0,16;;10
04/08/26;CELLNEX;CALL;Ago-26;25,00;26.6;36,37;0,80;;67
04/08/26;CELLNEX;CALL;Ago-26;26,00;26.6;34,79;0,64;;11
04/08/26;CELLNEX;CALL;Ago-26;27,00;26.6;33,44;0,44;;75
04/08/26;CELLNEX;CALL;Ago-26;28,00;26.6;32,45;0,25;10;28
04/08/26;CELLNEX;CALL;Ago-26;29,00;26.6;31,46;0,11;;25
04/08/26;CELLNEX;CALL;Ago-26;30,00;26.6;30,47;0,04;;3
04/08/26;CELLNEX;CALL;Ago-26;32,00;26.6;28,49;;;1
04/08/26;CELLNEX;CALL;Sep-26;25,00;26.6;33,57;0,73;;10
04/08/26;CELLNEX;CALL;Sep-26;26,00;26.6;32,17;0,61;;7
04/08/26;CELLNEX;CALL;Sep-26;27,00;26.6;31,04;0,48;;25
04/08/26;CELLNEX;CALL;Sep-26;28,00;26.6;30,30;0,34;;45
04/08/26;CELLNEX;CALL;Sep-26;29,00;26.6;29,57;0,23;;30
04/08/26;CELLNEX;CALL;Sep-26;30,00;26.6;28,83;0,13;;62
04/08/26;CELLNEX;CALL;Sep-26;31,00;26.6;28,09;0,07;2;22
04/08/26;CELLNEX;CALL;Sep-26;32,00;26.6;27,35;0,03;;56
04/08/26;CELLNEX;CALL;Sep-26;33,00;26.6;26,61;0,01;;25
04/08/26;CELLNEX;CALL;Sep-26;34,00;26.6;25,87;;;41
04/08/26;CELLNEX;CALL;Sep-26;35,00;26.6;25,13;;;30
04/08/26;CELLNEX;CALL;Sep-26;36,00;26.6;24,39;;;25
04/08/26;CELLNEX;CALL;Sep-26;37,00;26.6;23,65;;;25
04/08/26;CELLNEX;CALL;Sep-26;38,00;26.6;22,91;;;25
04/08/26;CELLNEX;CALL;Sep-26;39,00;26.6;22,17;;;25
04/08/26;CELLNEX;CALL;Sep-26;40,00;26.6;21,43;;;25
04/08/26;CELLNEX;CALL;Dic-26;18,00;26.6;41,23;0,96;;2
04/08/26;CELLNEX;CALL;Dic-26;20,00;26.6;38,78;0,91;;1
04/08/26;CELLNEX;CALL;Dic-26;21,00;26.6;37,55;0,88;;1
04/08/26;CELLNEX;CALL;Dic-26;24,00;26.6;33,86;0,74;;11
04/08/26;CELLNEX;CALL;Dic-26;25,00;26.6;32,63;0,68;;47
04/08/26;CELLNEX;CALL;Dic-26;27,00;26.6;30,54;0,52;;25
04/08/26;CELLNEX;CALL;Dic-26;28,00;26.6;30,23;0,45;;96
04/08/26;CELLNEX;CALL;Dic-26;29,00;26.6;29,92;0,37;;2.064
04/08/26;CELLNEX;CALL;Dic-26;30,00;26.6;29,60;0,30;;148
04/08/26;CELLNEX;CALL;Dic-26;31,00;26.6;29,29;0,24;;110
04/08/26;CELLNEX;CALL;Dic-26;32,00;26.6;28,98;0,18;;218
04/08/26;CELLNEX;CALL;Dic-26;33,00;26.6;28,66;0,14;;120
04/08/26;CELLNEX;CALL;Dic-26;34,00;26.6;28,35;0,10;;190
04/08/26;CELLNEX;CALL;Dic-26;35,00;26.6;28,04;0,07;;115
04/08/26;CELLNEX;CALL;Dic-26;36,00;26.6;27,73;0,05;;85
04/08/26;CELLNEX;CALL;Dic-26;37,00;26.6;27,41;0,03;;50
04/08/26;CELLNEX;CALL;Dic-26;38,00;26.6;27,10;0,02;;25
04/08/26;CELLNEX;CALL;Dic-26;39,00;26.6;26,79;0,01;;25
04/08/26;CELLNEX;CALL;Dic-26;40,00;26.6;26,47;0,01;;125
04/08/26;CELLNEX;CALL;Dic-26;42,00;26.6;25,85;;;25
04/08/26;CELLNEX;CALL;Dic-26;44,00;26.6;25,22;;;25
04/08/26;CELLNEX;CALL;Dic-26;45,00;26.6;24,91;;;25
04/08/26;CELLNEX;CALL;Dic-26;46,00;26.6;24,59;;;25
04/08/26;CELLNEX;CALL;Mar-27;20,00;26.6;36,79;0,89;;33
04/08/26;CELLNEX;CALL;Mar-27;22,00;26.6;34,96;0,81;;4
04/08/26;CELLNEX;CALL;Mar-27;23,00;26.6;34,04;0,77;;2
04/08/26;CELLNEX;CALL;Mar-27;25,00;26.6;32,21;0,66;;50
04/08/26;CELLNEX;CALL;Mar-27;26,00;26.6;31,30;0,60;;26
04/08/26;CELLNEX;CALL;Mar-27;27,00;26.6;30,62;0,53;;25
04/08/26;CELLNEX;CALL;Mar-27;28,00;26.6;30,29;0,47;;51
04/08/26;CELLNEX;CALL;Mar-27;29,00;26.6;29,97;0,41;;1
04/08/26;CELLNEX;CALL;Mar-27;30,00;26.6;29,64;0,35;;317
04/08/26;CELLNEX;CALL;Mar-27;31,00;26.6;29,32;0,30;;75
04/08/26;CELLNEX;CALL;Mar-27;32,00;26.6;28,99;0,25;;120
04/08/26;CELLNEX;CALL;Mar-27;33,00;26.6;28,66;0,20;;51
04/08/26;CELLNEX;CALL;Mar-27;34,00;26.6;28,34;0,16;;25
04/08/26;CELLNEX;CALL;Mar-27;35,00;26.6;28,01;0,13;;25
04/08/26;CELLNEX;CALL;Jun-27;20,00;26.6;35,67;0,86;;6
04/08/26;CELLNEX;CALL;Jun-27;25,00;26.6;31,91;0,65;;1
04/08/26;CELLNEX;CALL;Jun-27;28,00;26.6;30,27;0,49;;100
04/08/26;CELLNEX;CALL;Jun-27;29,00;26.6;29,96;0,44;;100
04/08/26;CELLNEX;CALL;Jun-27;30,00;26.6;29,64;0,39;;126
04/08/26;CELLNEX;CALL;Jun-27;31,00;26.6;29,33;0,35;;150
04/08/26;CELLNEX;CALL;Jun-27;32,00;26.6;29,02;0,30;;100
04/08/26;CELLNEX;CALL;Jun-27;33,00;26.6;28,70;0,26;;112
04/08/26;CELLNEX;CALL;Jun-27;34,00;26.6;28,39;0,22;;175
04/08/26;CELLNEX;CALL;Jun-27;35,00;26.6;28,08;0,19;;150
04/08/26;CELLNEX;CALL;Jun-27;36,00;26.6;27,77;0,16;;125
04/08/26;CELLNEX;CALL;Jun-27;37,00;26.6;27,45;0,13;;125
04/08/26;CELLNEX;CALL;Jun-27;38,00;26.6;27,14;0,10;;75
04/08/26;CELLNEX;CALL;Jun-27;39,00;26.6;26,83;0,09;;75
04/08/26;CELLNEX;CALL;Jun-27;40,00;26.6;26,51;0,07;;50
04/08/26;CELLNEX;CALL;Jun-27;41,00;26.6;26,20;0,05;;50
04/08/26;CELLNEX;CALL;Jun-27;42,00;26.6;25,89;0,04;;50
04/08/26;CELLNEX;CALL;Jun-27;43,00;26.6;25,57;0,03;;50
04/08/26;CELLNEX;CALL;Jun-27;44,00;26.6;25,26;0,02;;50
04/08/26;CELLNEX;CALL;Jun-27;45,00;26.6;24,95;0,02;;50
04/08/26;CELLNEX;CALL;Jun-27;46,00;26.6;24,63;0,01;;50
04/08/26;CELLNEX;CALL;Jun-27;49,00;26.6;23,69;;;50
04/08/26;CELLNEX;CALL;Jun-27;50,00;26.6;23,38;;;411
04/08/26;CELLNEX;CALL;Sep-27;34,00;26.6;28,26;0,25;;20
04/08/26;CELLNEX;CALL;Sep-27;35,00;26.6;27,93;0,22;;100
04/08/26;CELLNEX;CALL;Sep-27;36,00;26.6;27,61;0,18;;75
04/08/26;CELLNEX;CALL;Sep-27;37,00;26.6;27,28;0,16;;75
04/08/26;CELLNEX;CALL;Sep-27;41,00;26.6;25,98;0,07;;50
04/08/26;CELLNEX;CALL;Dic-27;25,00;26.6;31,77;0,65;;25
04/08/26;CELLNEX;CALL;Dic-27;26,00;26.6;31,23;0,60;;2
04/08/26;CELLNEX;CALL;Dic-27;27,00;26.6;30,79;0,56;;2.500
04/08/26;CELLNEX;CALL;Dic-27;28,00;26.6;30,49;0,52;;7
04/08/26;CELLNEX;CALL;Dic-27;29,00;26.6;30,19;0,48;;1
04/08/26;CELLNEX;CALL;Dic-27;30,00;26.6;29,89;0,44;;115
04/08/26;CELLNEX;CALL;Dic-27;31,00;26.6;29,59;0,40;;75
04/08/26;CELLNEX;CALL;Dic-27;32,00;26.6;29,29;0,36;;51
04/08/26;CELLNEX;CALL;Dic-27;33,00;26.6;28,99;0,33;;25
04/08/26;CELLNEX;CALL;Dic-27;34,00;26.6;28,68;0,29;;74
04/08/26;CELLNEX;CALL;Dic-27;35,00;26.6;28,38;0,26;;50
04/08/26;CELLNEX;CALL;Dic-27;37,00;26.6;27,78;0,20;;25
04/08/26;CELLNEX;CALL;Dic-27;38,00;26.6;27,48;0,17;;570
04/08/26;CELLNEX;CALL;Dic-27;40,00;26.6;26,88;0,13;;48
04/08/26;CELLNEX;CALL;Dic-27;44,00;26.6;25,68;0,06;;25
04/08/26;CELLNEX;CALL;Mar-28;29,00;26.6;30,59;0,49;;11
04/08/26;CELLNEX;CALL;Jun-28;26,00;26.6;31,29;0,61;;4
04/08/26;CELLNEX;CALL;Dic-29;40,00;26.6;29,40;0,31;;1.260
04/08/26;CELLNEX;PUT;Ago-26;21,00;26.6;41,42;;;2
04/08/26;CELLNEX;PUT;Ago-26;22,00;26.6;39,84;-0,01;;1
04/08/26;CELLNEX;PUT;Ago-26;23,00;26.6;38,26;-0,03;;61
04/08/26;CELLNEX;PUT;Ago-26;24,00;26.6;36,69;-0,09;;59
04/08/26;CELLNEX;PUT;Ago-26;25,00;26.6;35,11;-0,19;;20
04/08/26;CELLNEX;PUT;Ago-26;26,00;26.6;33,53;-0,36;;26
04/08/26;CELLNEX;PUT;Ago-26;27,00;26.6;32,18;-0,57;;10
04/08/26;CELLNEX;PUT;Sep-26;19,00;26.6;40,67;-0,01;;1
04/08/26;CELLNEX;PUT;Sep-26;20,00;26.6;39,28;-0,02;;1
04/08/26;CELLNEX;PUT;Sep-26;21,00;26.6;37,89;-0,03;;19
04/08/26;CELLNEX;PUT;Sep-26;22,00;26.6;36,50;-0,06;;62
04/08/26;CELLNEX;PUT;Sep-26;23,00;26.6;35,11;-0,10;;23
04/08/26;CELLNEX;PUT;Sep-26;24,00;26.6;33,72;-0,17;;244
04/08/26;CELLNEX;PUT;Sep-26;25,00;26.6;32,33;-0,27;;69
04/08/26;CELLNEX;PUT;Sep-26;26,00;26.6;30,93;-0,39;;50
04/08/26;CELLNEX;PUT;Sep-26;27,00;26.6;29,80;-0,53;;77
04/08/26;CELLNEX;PUT;Sep-26;28,00;26.6;29,06;-0,67;;51
04/08/26;CELLNEX;PUT;Sep-26;29,00;26.6;28,33;-0,79;;28
04/08/26;CELLNEX;PUT;Sep-26;30,00;26.6;27,59;-0,89;;21
04/08/26;CELLNEX;PUT;Oct-26;27,00;26.6;29,49;-0,51;;20
04/08/26;CELLNEX;PUT;Dic-26;18,00;26.6;39,50;-0,04;;2.001
04/08/26;CELLNEX;PUT;Dic-26;20,00;26.6;37,05;-0,08;;21
04/08/26;CELLNEX;PUT;Dic-26;21,00;26.6;35,82;-0,11;;225
04/08/26;CELLNEX;PUT;Dic-26;22,00;26.6;34,59;-0,15;;129
04/08/26;CELLNEX;PUT;Dic-26;23,00;26.6;33,36;-0,20;1;689
04/08/26;CELLNEX;PUT;Dic-26;24,00;26.6;32,13;-0,26;;4.502
04/08/26;CELLNEX;PUT;Dic-26;25,00;26.6;30,90;-0,32;;69
04/08/26;CELLNEX;PUT;Dic-26;26,00;26.6;29,68;-0,40;;102
04/08/26;CELLNEX;PUT;Dic-26;27,00;26.6;28,81;-0,49;;56
04/08/26;CELLNEX;PUT;Dic-26;28,00;26.6;28,50;-0,57;;25
04/08/26;CELLNEX;PUT;Dic-26;29,00;26.6;28,19;-0,65;;3
04/08/26;CELLNEX;PUT;Dic-26;30,00;26.6;27,87;-0,73;;1
04/08/26;CELLNEX;PUT;Dic-26;32,00;26.6;27,25;-0,86;;26
04/08/26;CELLNEX;PUT;Dic-26;33,00;26.6;26,93;-0,91;;25
04/08/26;CELLNEX;PUT;Mar-27;20,00;26.6;34,91;-0,12;;1
04/08/26;CELLNEX;PUT;Mar-27;22,00;26.6;33,08;-0,20;;100
04/08/26;CELLNEX;PUT;Mar-27;23,00;26.6;32,16;-0,24;;53
04/08/26;CELLNEX;PUT;Mar-27;24,00;26.6;31,25;-0,30;;2
04/08/26;CELLNEX;PUT;Mar-27;25,00;26.6;30,33;-0,36;;75
04/08/26;CELLNEX;PUT;Mar-27;26,00;26.6;29,42;-0,42;;60
04/08/26;CELLNEX;PUT;Mar-27;27,00;26.6;28,74;-0,49;;117
04/08/26;CELLNEX;PUT;Mar-27;28,00;26.6;28,41;-0,55;;5
04/08/26;CELLNEX;PUT;Mar-27;30,00;26.6;27,76;-0,68;;9
04/08/26;CELLNEX;PUT;Mar-27;31,00;26.6;27,44;-0,73;;2
04/08/26;CELLNEX;PUT;Mar-27;32,00;26.6;27,11;-0,78;;10
04/08/26;CELLNEX;PUT;Mar-27;36,00;26.6;25,81;-0,92;;25
04/08/26;CELLNEX;PUT;Mar-27;37,00;26.6;25,48;-0,95;;25
04/08/26;CELLNEX;PUT;Jun-27;20,00;26.6;33,31;-0,14;;25
04/08/26;CELLNEX;PUT;Jun-27;22,00;26.6;31,81;-0,21;;27
04/08/26;CELLNEX;PUT;Jun-27;23,00;26.6;31,06;-0,26;;25
04/08/26;CELLNEX;PUT;Jun-27;24,00;26.6;30,30;-0,30;;59
04/08/26;CELLNEX;PUT;Jun-27;25,00;26.6;29,55;-0,36;;2
04/08/26;CELLNEX;PUT;Jun-27;26,00;26.6;28,80;-0,41;;1.500
04/08/26;CELLNEX;PUT;Jun-27;27,00;26.6;28,22;-0,47;;10
04/08/26;CELLNEX;PUT;Jun-27;28,00;26.6;27,91;-0,53;;1
04/08/26;CELLNEX;PUT;Jun-27;29,00;26.6;27,60;-0,59;;3
04/08/26;CELLNEX;PUT;Jun-27;30,00;26.6;27,28;-0,64;;25
04/08/26;CELLNEX;PUT;Jun-27;31,00;26.6;26,97;-0,69;;75
04/08/26;CELLNEX;PUT;Jun-27;32,00;26.6;26,66;-0,74;;50
04/08/26;CELLNEX;PUT;Jun-27;33,00;26.6;26,34;-0,79;;50
04/08/26;CELLNEX;PUT;Jun-27;34,00;26.6;26,03;-0,83;;100
04/08/26;CELLNEX;PUT;Jun-27;35,00;26.6;25,72;-0,86;;100
04/08/26;CELLNEX;PUT;Jun-27;36,00;26.6;25,41;-0,89;;125
04/08/26;CELLNEX;PUT;Jun-27;37,00;26.6;25,09;-0,92;;100
04/08/26;CELLNEX;PUT;Jun-27;38,00;26.6;24,78;-0,94;;100
04/08/26;CELLNEX;PUT;Jun-27;39,00;26.6;24,47;-0,96;;25
04/08/26;CELLNEX;PUT;Sep-27;21,00;26.6;31,06;-0,19;;1
04/08/26;CELLNEX;PUT;Sep-27;24,00;26.6;29,14;-0,32;;3
04/08/26;CELLNEX;PUT;Sep-27;36,00;26.6;24,42;-0,86;;25
04/08/26;CELLNEX;PUT;Sep-27;37,00;26.6;24,09;-0,90;;25
04/08/26;CELLNEX;PUT;Dic-27;21,00;26.6;30,21;-0,20;;1
04/08/26;CELLNEX;PUT;Dic-27;23,00;26.6;29,13;-0,28;;3
04/08/26;CELLNEX;PUT;Dic-27;30,00;26.6;26,17;-0,60;;75
04/08/26;CELLNEX;PUT;Dic-27;31,00;26.6;25,87;-0,65;;50
04/08/26;CELLNEX;PUT;Dic-27;32,00;26.6;25,57;-0,69;;26
04/08/26;CELLNEX;PUT;Dic-27;33,00;26.6;25,27;-0,73;;25
04/08/26;CELLNEX;PUT;Dic-27;34,00;26.6;24,96;-0,77;;25
04/08/26;CELLNEX;PUT;Mar-28;21,00;26.6;29,69;-0,21;;25
04/08/26;CELLNEX;PUT;Mar-28;22,00;26.6;29,22;-0,25;;100
04/08/26;CELLNEX;PUT;Mar-28;24,00;26.6;28,30;-0,33;;100
04/08/26;CELLNEX;PUT;Mar-28;25,00;26.6;27,83;-0,37;;2
04/08/26;CELLNEX;PUT;Jun-28;30,00;26.6;26,69;-0,57;;3
04/08/26;CELLNEX;CALL;Sep-26;28,00;26.6;30,30;0,34;;25
04/08/26;CELLNEX;CALL;Sep-26;31,00;26.6;28,09;0,07;;25
04/08/26;CELLNEX;CALL;Sep-26;32,00;26.6;27,35;0,03;;25
04/08/26;CELLNEX;CALL;Sep-26;33,00;26.6;26,61;0,01;;25
04/08/26;CELLNEX;CALL;Dic-26;28,00;26.6;30,23;0,44;;50
04/08/26;CELLNEX;CALL;Dic-26;29,00;26.6;29,92;0,37;;3
04/08/26;CELLNEX;CALL;Dic-26;32,00;26.6;28,98;0,18;;50
04/08/26;CELLNEX;CALL;Dic-30;30,00;26.6;30,29;0,48;;60
04/08/26;CELLNEX;PUT;Sep-26;25,00;26.6;32,33;-0,27;;10
04/08/26;CELLNEX;PUT;Dic-26;24,00;26.6;32,13;-0,25;;2
04/08/26;CELLNEX;PUT;Mar-27;24,00;26.6;31,25;-0,29;;2
04/08/26;CELLNEX;PUT;Jun-27;23,00;26.6;31,06;-0,25;;2
04/08/26;CIE AUTOMOTIVE;CALL;Ago-26;25,00;26.2;20,89;0,86;;5
04/08/26;CIE AUTOMOTIVE;CALL;Sep-26;23,00;26.2;21,53;0,96;;4
04/08/26;CIE AUTOMOTIVE;CALL;Sep-26;30,00;26.2;19,13;0,03;;10
04/08/26;CIE AUTOMOTIVE;CALL;Sep-26;31,00;26.2;18,92;0,01;;11
04/08/26;CIE AUTOMOTIVE;CALL;Sep-26;33,00;26.2;18,52;;;1
04/08/26;CIE AUTOMOTIVE;CALL;Dic-26;24,00;26.2;20,05;0,80;;1
04/08/26;CIE AUTOMOTIVE;CALL;Dic-26;26,00;26.2;19,13;0,58;;1
04/08/26;CIE AUTOMOTIVE;CALL;Dic-26;27,00;26.2;18,93;0,45;;6
04/08/26;CIE AUTOMOTIVE;CALL;Dic-26;31,00;26.2;18,37;0,09;;2
04/08/26;CIE AUTOMOTIVE;CALL;Mar-27;22,00;26.2;20,70;0,91;;1
04/08/26;CIE AUTOMOTIVE;CALL;Mar-27;24,00;26.2;19,94;0,77;;2
04/08/26;CIE AUTOMOTIVE;CALL;Mar-27;25,00;26.2;19,56;0,68;;2
04/08/26;CIE AUTOMOTIVE;CALL;Mar-27;29,00;26.2;18,82;0,27;;1
04/08/26;CIE AUTOMOTIVE;CALL;Mar-27;30,00;26.2;18,71;0,20;;2
04/08/26;CIE AUTOMOTIVE;CALL;Jun-27;29,00;26.2;18,77;0,32;;43
04/08/26;CIE AUTOMOTIVE;PUT;Ago-26;25,00;26.2;20,65;-0,14;;1
04/08/26;CIE AUTOMOTIVE;PUT;Ago-26;26,00;26.2;20,07;-0,41;;5
04/08/26;CIE AUTOMOTIVE;PUT;Ago-26;28,00;26.2;19,48;-0,95;;10
04/08/26;CIE AUTOMOTIVE;PUT;Sep-26;26,00;26.2;19,42;-0,43;;1
04/08/26;CIE AUTOMOTIVE;PUT;Dic-26;24,00;26.2;20,81;-0,21;;1
04/08/26;CIE AUTOMOTIVE;PUT;Dic-26;25,00;26.2;20,35;-0,31;;1
04/08/26;CIE AUTOMOTIVE;PUT;Dic-26;26,00;26.2;19,89;-0,43;;2
04/08/26;CIE AUTOMOTIVE;PUT;Mar-27;24,00;26.2;20,20;-0,28;;1
04/08/26;COLONIAL;CALL;Sep-26;5,25;5.64;21,64;0,84;;45
04/08/26;COLONIAL;CALL;Sep-26;5,75;5.64;20,37;0,42;;20
04/08/26;COLONIAL;CALL;Dic-26;4,60;5.64;22,13;0,95;;65
04/08/26;COLONIAL;CALL;Dic-26;5,25;5.64;21,25;0,75;;5
04/08/26;COLONIAL;CALL;Dic-26;5,50;5.64;20,91;0,63;;5
04/08/26;COLONIAL;CALL;Dic-26;9,50;5.64;16,84;;;1
04/08/26;COLONIAL;CALL;Mar-27;5,50;5.64;20,50;0,63;;25
04/08/26;COLONIAL;CALL;Mar-27;5,75;5.64;20,29;0,52;;45
04/08/26;COLONIAL;CALL;Mar-27;6,00;5.64;20,08;0,42;;1
04/08/26;COLONIAL;PUT;Ago-26;5,00;5.64;19,43;;;85
04/08/26;COLONIAL;PUT;Ago-26;5,25;5.64;17,94;-0,03;;5
04/08/26;COLONIAL;PUT;Ago-26;5,50;5.64;16,45;-0,23;;7
04/08/26;COLONIAL;PUT;Ago-26;5,75;5.64;15,23;-0,71;;2
04/08/26;COLONIAL;PUT;Sep-26;4,70;5.64;21,38;-0,01;;1
04/08/26;COLONIAL;PUT;Sep-26;4,80;5.64;21,10;-0,01;;10
04/08/26;COLONIAL;PUT;Sep-26;5,00;5.64;20,55;-0,04;;219
04/08/26;COLONIAL;PUT;Sep-26;5,25;5.64;19,85;-0,14;;1
04/08/26;COLONIAL;PUT;Sep-26;5,50;5.64;19,16;-0,33;;18
04/08/26;COLONIAL;PUT;Dic-26;4,00;5.64;22,00;;;1
04/08/26;COLONIAL;PUT;Dic-26;4,30;5.64;21,59;-0,01;;2.000
04/08/26;COLONIAL;PUT;Dic-26;4,80;5.64;20,91;-0,08;;2
04/08/26;COLONIAL;PUT;Dic-26;4,90;5.64;20,78;-0,11;;2
04/08/26;COLONIAL;PUT;Dic-26;5,00;5.64;20,64;-0,14;;130
04/08/26;COLONIAL;PUT;Dic-26;5,25;5.64;20,30;-0,24;;959
04/08/26;COLONIAL;PUT;Dic-26;5,50;5.64;19,96;-0,37;;102
04/08/26;COLONIAL;PUT;Mar-27;4,80;5.64;19,93;-0,12;;1
04/08/26;COLONIAL;PUT;Mar-27;5,00;5.64;19,76;-0,18;;101
04/08/26;COLONIAL;PUT;Mar-27;5,25;5.64;19,55;-0,27;;200
04/08/26;COLONIAL;PUT;Mar-27;5,50;5.64;19,35;-0,38;;304
04/08/26;COLONIAL;PUT;Jun-27;5,50;5.64;20,04;-0,38;;141
04/08/26;EBRO FOODS;CALL;Sep-26;18,50;18.32;14,70;0,46;;3
04/08/26;EBRO FOODS;CALL;Sep-26;19,00;18.32;13,88;0,25;;3
04/08/26;EBRO FOODS;CALL;Mar-27;18,50;18.32;14,13;0,50;;1
04/08/26;EBRO FOODS;CALL;Jun-27;18,00;18.32;14,56;0,59;;1
04/08/26;EBRO FOODS;PUT;Sep-26;17,00;18.32;15,66;-0,08;;1
04/08/26;EBRO FOODS;PUT;Sep-26;17,50;18.32;15,25;-0,18;;1
04/08/26;EBRO FOODS;PUT;Sep-26;18,00;18.32;14,84;-0,34;;1
04/08/26;EBRO FOODS;PUT;Dic-26;18,50;18.32;14,34;-0,56;;2
04/08/26;EBRO FOODS;PUT;Jun-27;18,00;18.32;14,28;-0,44;;8
04/08/26;ENAGAS;CALL;Ago-26;17,00;16.86;22,34;0,45;;4
04/08/26;ENAGAS;CALL;Ago-26;17,50;16.86;21,75;0,23;4;11
04/08/26;ENAGAS;CALL;Ago-26;18,00;16.86;21,16;0,08;;10
04/08/26;ENAGAS;CALL;Ago-26;18,50;16.86;20,56;0,02;;4
04/08/26;ENAGAS;CALL;Sep-26;13,50;16.86;27,26;0,99;;2
04/08/26;ENAGAS;CALL;Sep-26;15,00;16.86;24,23;0,93;;1
04/08/26;ENAGAS;CALL;Sep-26;16,00;16.86;22,21;0,77;;7
04/08/26;ENAGAS;CALL;Sep-26;17,00;16.86;20,29;0,48;;5
04/08/26;ENAGAS;CALL;Sep-26;17,50;16.86;19,63;0,32;;307
04/08/26;ENAGAS;CALL;Sep-26;18,00;16.86;18,97;0,18;;46
04/08/26;ENAGAS;CALL;Sep-26;18,50;16.86;18,31;0,08;;26
04/08/26;ENAGAS;CALL;Sep-26;19,00;16.86;17,65;0,03;;1
04/08/26;ENAGAS;CALL;Oct-26;19,00;16.86;17,91;0,08;;1
04/08/26;ENAGAS;CALL;Dic-26;15,50;16.86;24,29;0,76;;25
04/08/26;ENAGAS;CALL;Dic-26;16,00;16.86;23,41;0,69;;407
04/08/26;ENAGAS;CALL;Dic-26;17,00;16.86;21,76;0,53;;30
04/08/26;ENAGAS;CALL;Dic-26;17,50;16.86;21,27;0,44;;38
04/08/26;ENAGAS;CALL;Dic-26;18,00;16.86;20,77;0,35;4;87
04/08/26;ENAGAS;CALL;Dic-26;18,50;16.86;20,28;0,27;;50
04/08/26;ENAGAS;CALL;Dic-26;19,00;16.86;19,78;0,20;;146
04/08/26;ENAGAS;CALL;Dic-26;19,50;16.86;19,29;0,14;;123
04/08/26;ENAGAS;CALL;Dic-26;20,00;16.86;18,80;0,09;;27
04/08/26;ENAGAS;CALL;Mar-27;12,00;16.86;27,95;0,98;;1
04/08/26;ENAGAS;CALL;Mar-27;15,50;16.86;23,25;0,74;;301
04/08/26;ENAGAS;CALL;Mar-27;16,00;16.86;22,58;0,67;;32
04/08/26;ENAGAS;CALL;Mar-27;17,00;16.86;21,32;0,52;;56
04/08/26;ENAGAS;CALL;Mar-27;17,50;16.86;20,96;0,45;;34
04/08/26;ENAGAS;CALL;Mar-27;18,00;16.86;20,61;0,37;;142
04/08/26;ENAGAS;CALL;Mar-27;19,00;16.86;19,90;0,24;;58
04/08/26;ENAGAS;CALL;Mar-27;19,50;16.86;19,54;0,18;;10
04/08/26;ENAGAS;CALL;Mar-27;20,00;16.86;19,19;0,14;;96
04/08/26;ENAGAS;CALL;Jun-27;16,00;16.86;23,20;0,64;;10
04/08/26;ENAGAS;CALL;Jun-27;18,00;16.86;21,54;0,41;;26
04/08/26;ENAGAS;CALL;Jun-27;19,50;16.86;20,74;0,25;;2
04/08/26;ENAGAS;CALL;Jun-27;20,00;16.86;20,47;0,21;;5
04/08/26;ENAGAS;CALL;Sep-27;20,00;16.86;21,81;0,24;;29
04/08/26;ENAGAS;CALL;Sep-27;20,50;16.86;21,58;0,20;;1
04/08/26;ENAGAS;CALL;Dic-27;15,00;16.86;25,59;0,72;;1
04/08/26;ENAGAS;CALL;Dic-27;16,00;16.86;24,51;0,63;;26
04/08/26;ENAGAS;CALL;Dic-27;19,50;16.86;22,53;0,31;;2
04/08/26;ENAGAS;CALL;Dic-27;20,00;16.86;22,33;0,27;;1
04/08/26;ENAGAS;CALL;Dic-27;21,00;16.86;21,93;0,21;;10
04/08/26;ENAGAS;CALL;Jun-28;18,00;16.86;21,58;0,44;;1
04/08/26;ENAGAS;CALL;Dic-28;16,00;16.86;20,91;0,62;;1
04/08/26;ENAGAS;PUT;Ago-26;16,00;16.86;22,08;-0,13;;22
04/08/26;ENAGAS;PUT;Ago-26;16,50;16.86;20,95;-0,30;;11
04/08/26;ENAGAS;PUT;Ago-26;17,00;16.86;19,97;-0,56;;3
04/08/26;ENAGAS;PUT;Sep-26;12,00;16.86;28,67;;;6
04/08/26;ENAGAS;PUT;Sep-26;12,50;16.86;27,66;;;12
04/08/26;ENAGAS;PUT;Sep-26;13,00;16.86;26,65;;;217
04/08/26;ENAGAS;PUT;Sep-26;13,50;16.86;25,65;-0,01;;27
04/08/26;ENAGAS;PUT;Sep-26;14,00;16.86;24,64;-0,01;;44
04/08/26;ENAGAS;PUT;Sep-26;14,50;16.86;23,63;-0,03;;1
04/08/26;ENAGAS;PUT;Sep-26;15,00;16.86;22,62;-0,06;;25
04/08/26;ENAGAS;PUT;Sep-26;15,50;16.86;21,61;-0,12;;45
04/08/26;ENAGAS;PUT;Sep-26;16,00;16.86;20,60;-0,22;;11
04/08/26;ENAGAS;PUT;Sep-26;16,50;16.86;19,60;-0,35;;12
04/08/26;ENAGAS;PUT;Sep-26;17,00;16.86;18,68;-0,53;1;1
04/08/26;ENAGAS;PUT;Sep-26;17,50;16.86;18,02;-0,71;;3
04/08/26;ENAGAS;PUT;Sep-26;18,00;16.86;17,36;-0,86;;1
04/08/26;ENAGAS;PUT;Oct-26;16,50;16.86;19,82;-0,37;;1
04/08/26;ENAGAS;PUT;Dic-26;12,50;16.86;30,28;-0,04;;2
04/08/26;ENAGAS;PUT;Dic-26;13,00;16.86;29,40;-0,06;;227
04/08/26;ENAGAS;PUT;Dic-26;13,50;16.86;28,52;-0,08;;51
04/08/26;ENAGAS;PUT;Dic-26;14,00;16.86;27,64;-0,11;;284
04/08/26;ENAGAS;PUT;Dic-26;14,50;16.86;26,76;-0,15;;126
04/08/26;ENAGAS;PUT;Dic-26;15,00;16.86;25,88;-0,19;;602
04/08/26;ENAGAS;PUT;Dic-26;15,50;16.86;25,00;-0,25;;30
04/08/26;ENAGAS;PUT;Dic-26;16,00;16.86;24,12;-0,32;;23
04/08/26;ENAGAS;PUT;Dic-26;16,50;16.86;23,24;-0,39;;25
04/08/26;ENAGAS;PUT;Dic-26;17,50;16.86;21,98;-0,57;;26
04/08/26;ENAGAS;PUT;Mar-27;12,00;16.86;26,38;-0,05;;1
04/08/26;ENAGAS;PUT;Mar-27;13,00;16.86;25,04;-0,09;;25
04/08/26;ENAGAS;PUT;Mar-27;14,00;16.86;23,69;-0,15;;233
04/08/26;ENAGAS;PUT;Mar-27;14,50;16.86;23,02;-0,20;;56
04/08/26;ENAGAS;PUT;Mar-27;15,00;16.86;22,35;-0,25;;25
04/08/26;ENAGAS;PUT;Mar-27;15,50;16.86;21,68;-0,31;;3
04/08/26;ENAGAS;PUT;Mar-27;16,00;16.86;21,01;-0,37;;540
04/08/26;ENAGAS;PUT;Mar-27;16,50;16.86;20,33;-0,45;;27
04/08/26;ENAGAS;PUT;Mar-27;17,00;16.86;19,75;-0,52;;36
04/08/26;ENAGAS;PUT;Jun-27;17,00;16.86;19,95;-0,50;;52
04/08/26;ENAGAS;PUT;Jun-27;17,50;16.86;19,68;-0,57;;28
04/08/26;ENAGAS;PUT;Sep-27;12,50;16.86;25,66;-0,13;;470
04/08/26;ENAGAS;PUT;Sep-27;13,00;16.86;25,09;-0,16;;75
04/08/26;ENAGAS;PUT;Sep-27;13,50;16.86;24,51;-0,20;1;1
04/08/26;ENAGAS;PUT;Sep-27;14,00;16.86;23,94;-0,23;;25
04/08/26;ENAGAS;PUT;Sep-27;17,00;16.86;20,60;-0,54;;25
04/08/26;ENAGAS;PUT;Dic-27;11,00;16.86;26,61;-0,07;;4.100
04/08/26;ENAGAS;PUT;Dic-27;14,00;16.86;23,35;-0,24;;1
04/08/26;ENAGAS;PUT;Mar-28;12,00;16.86;23,81;-0,13;;75
04/08/26;ENAGAS;PUT;Mar-28;14,50;16.86;21,34;-0,30;;173
04/08/26;ENAGAS;PUT;Mar-28;15,50;16.86;20,35;-0,39;;25
04/08/26;ENAGAS;PUT;Mar-28;16,00;16.86;19,86;-0,44;;50
04/08/26;ENAGAS;PUT;Mar-28;16,50;16.86;19,37;-0,50;;25
04/08/26;ENAGAS;PUT;Jun-28;16,00;16.86;18,95;-0,44;;25
04/08/26;ENAGAS;PUT;Jun-28;16,50;16.86;18,48;-0,49;;25
04/08/26;ENAGAS;PUT;Jun-28;18,00;16.86;17,83;-0,64;;141
04/08/26;ENAGAS;CALL;Sep-26;12,50;16.86;29,27;1,00;;25
04/08/26;ENAGAS;CALL;Sep-26;13,50;16.86;27,26;0,99;;5
04/08/26;ENAGAS;CALL;Sep-26;14,00;16.86;26,25;0,98;;6
04/08/26;ENAGAS;CALL;Sep-26;17,00;16.86;20,29;0,48;;1
04/08/26;ENAGAS;CALL;Sep-26;17,50;16.86;19,63;0,32;;1
04/08/26;ENAGAS;CALL;Sep-26;18,00;16.86;18,97;0,18;;25
04/08/26;ENAGAS;CALL;Dic-26;16,50;16.86;22,53;0,61;;25
04/08/26;ENAGAS;CALL;Dic-26;18,00;16.86;20,77;0,35;;25
04/08/26;ENAGAS;PUT;Sep-26;11,00;16.86;30,69;;;1
04/08/26;ENAGAS;PUT;Sep-26;14,00;16.86;24,64;-0,01;;25
04/08/26;ENAGAS;PUT;Sep-26;15,50;16.86;21,61;-0,12;;25
04/08/26;ENAGAS;PUT;Sep-26;16,00;16.86;20,60;-0,21;;2
04/08/26;ENAGAS;PUT;Sep-26;17,00;16.86;18,68;-0,52;;25
04/08/26;ENAGAS;PUT;Dic-26;13,00;16.86;29,40;-0,06;;25
04/08/26;ENAGAS;PUT;Dic-26;13,50;16.86;28,52;-0,08;;75
04/08/26;ENAGAS;PUT;Dic-26;14,00;16.86;27,64;-0,11;;25
04/08/26;ENAGAS;PUT;Dic-26;17,00;16.86;22,47;-0,47;;10
04/08/26;ENAGAS;PUT;Mar-27;14,50;16.86;23,02;-0,19;;50
04/08/26;ENAGAS;PUT;Mar-27;15,00;16.86;22,35;-0,24;;1
04/08/26;ENAGAS;PUT;Mar-27;15,50;16.86;21,68;-0,29;;9
04/08/26;ENAGAS;PUT;Jun-27;15,50;16.86;21,69;-0,30;;6
04/08/26;ENCE;CALL;Ago-26;2,40;2.6;19,65;0,97;;4
04/08/26;ENCE;CALL;Mar-27;2,00;2.6;24,49;0,94;;13
04/08/26;ENCE;CALL;Mar-27;2,10;2.6;24,39;0,90;;4
04/08/26;ENCE;CALL;Jun-27;2,40;2.6;23,90;0,71;;10
04/08/26;ENCE;CALL;Mar-28;2,00;2.6;27,86;0,85;;4
04/08/26;ENDESA;CALL;Ago-26;39,00;41.58;18,77;0,95;;10
04/08/26;ENDESA;CALL;Ago-26;40,00;41.58;17,56;0,86;;11
04/08/26;ENDESA;CALL;Ago-26;41,00;41.58;16,35;0,67;;13
04/08/26;ENDESA;CALL;Ago-26;42,00;41.58;15,60;0,40;;5
04/08/26;ENDESA;CALL;Ago-26;43,00;41.58;15,47;0,17;;1
04/08/26;ENDESA;CALL;Sep-26;38,00;41.58;21,41;0,90;;1
04/08/26;ENDESA;CALL;Sep-26;40,00;41.58;19,23;0,74;;1
04/08/26;ENDESA;CALL;Sep-26;41,00;41.58;18,14;0,62;;5
04/08/26;ENDESA;CALL;Sep-26;42,00;41.58;17,45;0,47;;1
04/08/26;ENDESA;CALL;Dic-26;24,00;41.58;34,52;1,00;;2
04/08/26;ENDESA;CALL;Dic-26;35,00;41.58;24,74;0,90;;10
04/08/26;ENDESA;CALL;Dic-26;36,00;41.58;23,85;0,87;;10
04/08/26;ENDESA;CALL;Dic-26;37,00;41.58;22,96;0,83;;4
04/08/26;ENDESA;CALL;Dic-26;38,00;41.58;22,07;0,79;;4
04/08/26;ENDESA;CALL;Dic-26;40,00;41.58;20,29;0,67;;19
04/08/26;ENDESA;CALL;Dic-26;42,00;41.58;18,84;0,52;;1
04/08/26;ENDESA;CALL;Dic-26;43,00;41.58;18,75;0,44;;5
04/08/26;ENDESA;CALL;Dic-26;45,00;41.58;18,58;0,29;;1
04/08/26;ENDESA;CALL;Dic-26;46,00;41.58;18,49;0,22;;10
04/08/26;ENDESA;CALL;Dic-26;47,00;41.58;18,40;0,17;5;20
04/08/26;ENDESA;CALL;Dic-26;48,00;41.58;18,31;0,13;;15
04/08/26;ENDESA;CALL;Mar-27;32,00;41.58;28,52;0,92;;1
04/08/26;ENDESA;CALL;Mar-27;34,00;41.58;26,71;0,88;;150
04/08/26;ENDESA;CALL;Mar-27;40,00;41.58;21,27;0,64;;1
04/08/26;ENDESA;CALL;Mar-27;41,00;41.58;20,37;0,59;;3
04/08/26;ENDESA;CALL;Mar-27;43,00;41.58;19,70;0,46;;5
04/08/26;ENDESA;CALL;Mar-27;44,00;41.58;19,61;0,40;;2
04/08/26;ENDESA;CALL;Mar-27;45,00;41.58;19,51;0,34;;1
04/08/26;ENDESA;CALL;Jun-27;25,00;41.58;33,10;0,98;;1
04/08/26;ENDESA;CALL;Jun-27;27,00;41.58;31,55;0,96;;2
04/08/26;ENDESA;CALL;Jun-27;32,00;41.58;27,66;0,89;;294
04/08/26;ENDESA;CALL;Jun-27;33,00;41.58;26,88;0,87;;291
04/08/26;ENDESA;CALL;Jun-27;37,00;41.58;23,77;0,75;;1
04/08/26;ENDESA;CALL;Jun-27;38,00;41.58;22,99;0,72;;1
04/08/26;ENDESA;CALL;Jun-27;41,00;41.58;20,66;0,59;;2
04/08/26;ENDESA;CALL;Jun-27;42,00;41.58;20,17;0,54;;2
04/08/26;ENDESA;CALL;Jun-27;44,00;41.58;19,96;0,44;;40
04/08/26;ENDESA;CALL;Jun-27;46,00;41.58;19,75;0,34;;50
04/08/26;ENDESA;CALL;Jun-27;48,00;41.58;19,54;0,26;;5
04/08/26;ENDESA;CALL;Sep-27;43,00;41.58;20,99;0,50;;75
04/08/26;ENDESA;CALL;Sep-27;44,00;41.58;20,86;0,45;;150
04/08/26;ENDESA;CALL;Sep-27;45,00;41.58;20,73;0,41;;1
04/08/26;ENDESA;CALL;Sep-27;49,00;41.58;20,22;0,25;;6
04/08/26;ENDESA;CALL;Dic-27;29,00;41.58;29,15;0,92;;1
04/08/26;ENDESA;CALL;Dic-27;31,00;41.58;27,91;0,88;;1
04/08/26;ENDESA;CALL;Dic-27;34,00;41.58;26,06;0,82;;1
04/08/26;ENDESA;CALL;Dic-27;40,00;41.58;22,36;0,62;;26
04/08/26;ENDESA;CALL;Dic-27;52,00;41.58;20,13;0,20;;1
04/08/26;ENDESA;CALL;Mar-28;40,00;41.58;22,27;0,62;;25
04/08/26;ENDESA;CALL;Mar-28;44,00;41.58;21,13;0,47;;20
04/08/26;ENDESA;CALL;Mar-28;45,00;41.58;21,03;0,43;;1.215
04/08/26;ENDESA;CALL;Mar-28;46,00;41.58;20,93;0,39;;85
04/08/26;ENDESA;CALL;Mar-28;47,00;41.58;20,84;0,36;;795
04/08/26;ENDESA;CALL;Mar-28;48,00;41.58;20,74;0,33;;130
04/08/26;ENDESA;CALL;Mar-28;49,00;41.58;20,65;0,30;;70
04/08/26;ENDESA;CALL;Mar-28;50,00;41.58;20,55;0,27;;70
04/08/26;ENDESA;CALL;Jun-28;46,00;41.58;20,98;0,41;;10
04/08/26;ENDESA;PUT;Ago-26;34,00;41.58;25,92;;;5
04/08/26;ENDESA;PUT;Ago-26;35,00;41.58;24,71;;;5
04/08/26;ENDESA;PUT;Ago-26;37,00;41.58;22,28;-0,01;;10
04/08/26;ENDESA;PUT;Ago-26;38,00;41.58;21,07;-0,02;;1
04/08/26;ENDESA;PUT;Ago-26;39,00;41.58;19,86;-0,06;;1
04/08/26;ENDESA;PUT;Ago-26;41,00;41.58;17,44;-0,34;1;3
04/08/26;ENDESA;PUT;Ago-26;42,00;41.58;16,69;-0,60;;1
04/08/26;ENDESA;PUT;Ago-26;43,00;41.58;16,56;-0,82;;1
04/08/26;ENDESA;PUT;Sep-26;25,00;41.58;34,91;;;4
04/08/26;ENDESA;PUT;Sep-26;27,00;41.58;32,73;;;445
04/08/26;ENDESA;PUT;Sep-26;28,00;41.58;31,64;;;19
04/08/26;ENDESA;PUT;Sep-26;29,00;41.58;30,55;;;148
04/08/26;ENDESA;PUT;Sep-26;30,00;41.58;29,46;;;147
04/08/26;ENDESA;PUT;Sep-26;31,00;41.58;28,37;;;146
04/08/26;ENDESA;PUT;Sep-26;34,00;41.58;25,09;-0,01;;10
04/08/26;ENDESA;PUT;Sep-26;35,00;41.58;24,00;-0,02;;25
04/08/26;ENDESA;PUT;Sep-26;36,00;41.58;22,91;-0,03;;50
04/08/26;ENDESA;PUT;Sep-26;37,00;41.58;21,82;-0,06;;30
04/08/26;ENDESA;PUT;Sep-26;38,00;41.58;20,73;-0,10;;5
04/08/26;ENDESA;PUT;Sep-26;40,00;41.58;18,55;-0,25;;1
04/08/26;ENDESA;PUT;Sep-26;41,00;41.58;17,46;-0,38;;5
04/08/26;ENDESA;PUT;Sep-26;43,00;41.58;16,64;-0,70;;5
04/08/26;ENDESA;PUT;Dic-26;19,00;41.58;38,17;;;15
04/08/26;ENDESA;PUT;Dic-26;28,00;41.58;30,16;-0,01;;25
04/08/26;ENDESA;PUT;Dic-26;30,00;41.58;28,38;-0,02;;10
04/08/26;ENDESA;PUT;Dic-26;32,00;41.58;26,60;-0,04;;10
04/08/26;ENDESA;PUT;Dic-26;33,00;41.58;25,71;-0,05;;35
04/08/26;ENDESA;PUT;Dic-26;34,00;41.58;24,83;-0,07;;1
04/08/26;ENDESA;PUT;Dic-26;35,00;41.58;23,94;-0,10;;10
04/08/26;ENDESA;PUT;Dic-26;37,00;41.58;22,16;-0,16;;10
04/08/26;ENDESA;PUT;Dic-26;38,00;41.58;21,27;-0,21;;4
04/08/26;ENDESA;PUT;Mar-27;37,00;41.58;22,22;-0,23;;10
04/08/26;ENDESA;PUT;Jun-27;15,50;41.58;38,88;;;5
04/08/26;ENDESA;PUT;Jun-27;22,00;41.58;33,83;-0,01;;10
04/08/26;ENDESA;PUT;Jun-27;37,00;41.58;22,16;-0,25;;3
04/08/26;ENDESA;PUT;Jun-27;38,00;41.58;21,38;-0,28;;4
04/08/26;ENDESA;PUT;Dic-27;17,50;41.58;33,23;-0,01;;1
04/08/26;ENDESA;PUT;Dic-27;27,00;41.58;27,37;-0,07;;1
04/08/26;ENDESA;PUT;Dic-27;30,00;41.58;25,52;-0,11;;5
04/08/26;ENDESA;PUT;Dic-27;31,00;41.58;24,90;-0,13;;30
04/08/26;ENDESA;PUT;Dic-27;32,00;41.58;24,28;-0,15;;5
04/08/26;ENDESA;PUT;Dic-27;34,00;41.58;23,05;-0,20;;5
04/08/26;ENDESA;PUT;Dic-27;44,00;41.58;18,08;-0,60;;15
04/08/26;ENDESA;PUT;Mar-28;22,00;41.58;29,66;-0,03;;150
04/08/26;ENDESA;PUT;Mar-28;24,00;41.58;28,51;-0,05;;150
04/08/26;ENDESA;PUT;Mar-28;26,00;41.58;27,35;-0,07;;150
04/08/26;ENDESA;PUT;Mar-28;27,00;41.58;26,78;-0,08;;150
04/08/26;ENDESA;PUT;Mar-28;28,00;41.58;26,20;-0,10;;150
04/08/26;ENDESA;PUT;Jun-28;25,00;41.58;27,38;-0,06;;150
04/08/26;ENDESA;PUT;Jun-28;26,00;41.58;26,84;-0,07;;150
04/08/26;ENDESA;PUT;Jun-28;27,00;41.58;26,30;-0,09;;293
04/08/26;ENDESA;PUT;Jun-28;29,00;41.58;25,23;-0,12;;143
04/08/26;ENDESA;PUT;Jun-28;30,00;41.58;24,69;-0,13;;143
04/08/26;ENDESA;PUT;Jun-28;31,00;41.58;24,15;-0,15;;142
04/08/26;ENDESA;PUT;Jun-28;32,00;41.58;23,62;-0,17;;142
04/08/26;ENDESA;PUT;Jun-28;33,00;41.58;23,08;-0,20;;142
04/08/26;ENDESA;PUT;Dic-28;31,00;41.58;23,28;-0,18;;16
04/08/26;ENDESA;CALL;Ago-26;39,00;41.58;18,77;0,95;;10
04/08/26;ENDESA;CALL;Ago-26;41,00;41.58;16,35;0,67;;10
04/08/26;ENDESA;CALL;Ago-26;42,00;41.58;15,60;0,40;;10
04/08/26;ENDESA;CALL;Sep-26;17,00;41.58;44,31;1,00;;25
04/08/26;ENDESA;CALL;Sep-26;34,00;41.58;25,77;0,99;;25
04/08/26;ENDESA;CALL;Sep-26;34,00;41.58;25,77;0,99;;25
04/08/26;ENDESA;CALL;Sep-26;43,00;41.58;17,32;0,32;;1
04/08/26;ENDESA;CALL;Oct-26;42,00;41.58;18,15;0,49;;1
04/08/26;ENDESA;CALL;Oct-26;44,00;41.58;17,88;0,27;;2
04/08/26;ENDESA;CALL;Dic-26;33,00;41.58;26,51;0,93;;10
04/08/26;ENDESA;CALL;Dic-26;40,00;41.58;20,29;0,67;;10
04/08/26;ENDESA;CALL;Dic-26;42,00;41.58;18,84;0,51;;10
04/08/26;ENDESA;CALL;Mar-27;37,00;41.58;23,99;0,75;;10
04/08/26;ENDESA;PUT;Ago-26;37,00;41.58;22,28;-0,01;;10
04/08/26;ENDESA;PUT;Ago-26;40,00;41.58;18,65;-0,16;;10
04/08/26;ENDESA;PUT;Ago-26;42,00;41.58;16,69;-0,59;;10
04/08/26;ENDESA;PUT;Sep-26;24,00;41.58;36,00;;;25
04/08/26;ENDESA;PUT;Sep-26;25,00;41.58;34,91;;;25
04/08/26;ENDESA;PUT;Sep-26;26,00;41.58;33,82;;;25
04/08/26;ENDESA;PUT;Sep-26;26,00;41.58;33,82;;;25
04/08/26;ENDESA;PUT;Sep-26;32,00;41.58;27,27;;;10
04/08/26;ENDESA;PUT;Sep-26;34,00;41.58;25,09;-0,01;;25
04/08/26;ENDESA;PUT;Sep-26;35,00;41.58;24,00;-0,02;;25
04/08/26;ENDESA;PUT;Sep-26;35,00;41.58;24,00;-0,02;;50
04/08/26;ENDESA;PUT;Sep-26;36,00;41.58;22,91;-0,03;;25
04/08/26;ENDESA;PUT;Sep-26;37,00;41.58;21,82;-0,06;;50
04/08/26;ENDESA;PUT;Sep-26;39,00;41.58;19,64;-0,16;;10
04/08/26;ENDESA;PUT;Dic-26;32,00;41.58;26,60;-0,04;;8
04/08/26;ENDESA;PUT;Dic-26;36,00;41.58;23,05;-0,12;;10
04/08/26;FCC;CALL;Jun-27;13,00;11.26;16,05;0,23;;1
04/08/26;FCC;CALL;Dic-27;16,50;11.26;17,90;0,03;;1
04/08/26;FCC;CALL;Jun-28;11,50;11.26;23,70;0,55;;200
04/08/26;FCC;PUT;Sep-26;11,00;11.26;21,46;-0,35;;14
04/08/26;FCC;PUT;Sep-26;12,00;11.26;18,75;-0,83;;3
04/08/26;FCC;PUT;Dic-26;10,50;11.26;22,05;-0,26;;20
04/08/26;FCC;PUT;Mar-27;9,50;11.26;22,72;-0,13;;257
04/08/26;FCC;PUT;Mar-27;10,00;11.26;22,16;-0,20;;250
04/08/26;FCC;PUT;Mar-27;10,50;11.26;21,59;-0,29;;482
04/08/26;FCC;PUT;Mar-27;11,00;11.26;21,03;-0,39;;224
04/08/26;FCC;PUT;Jun-27;11,50;11.26;21,37;-0,48;;3
04/08/26;FCC;PUT;Jun-27;12,00;11.26;20,72;-0,58;;417
04/08/26;FCC;PUT;Sep-27;11,00;11.26;23,43;-0,48;;226
04/08/26;FERROVIAL;CALL;Ago-26;58,00;57.64;25,57;0,47;;26
04/08/26;FERROVIAL;CALL;Ago-26;60,00;57.64;24,21;0,24;25;25
04/08/26;FERROVIAL;CALL;Sep-26;50,00;57.64;31,37;0,91;;25
04/08/26;FERROVIAL;CALL;Sep-26;52,00;57.64;29,44;0,86;;25
04/08/26;FERROVIAL;CALL;Sep-26;54,00;57.64;27,51;0,77;;50
04/08/26;FERROVIAL;CALL;Sep-26;56,00;57.64;25,57;0,65;;58
04/08/26;FERROVIAL;CALL;Sep-26;58,00;57.64;23,78;0,50;;2.050
04/08/26;FERROVIAL;CALL;Sep-26;60,00;57.64;22,58;0,33;14;116
04/08/26;FERROVIAL;CALL;Sep-26;62,00;57.64;21,39;0,19;;104
04/08/26;FERROVIAL;CALL;Sep-26;64,00;57.64;20,20;0,08;;2
04/08/26;FERROVIAL;CALL;Sep-26;66,00;57.64;19,01;0,02;;25
04/08/26;FERROVIAL;CALL;Sep-26;74,00;57.64;14,25;;;75
04/08/26;FERROVIAL;CALL;Dic-26;47,00;57.64;32,16;0,89;;1
04/08/26;FERROVIAL;CALL;Dic-26;50,00;57.64;29,77;0,82;;50
04/08/26;FERROVIAL;CALL;Dic-26;52,00;57.64;28,17;0,77;;26
04/08/26;FERROVIAL;CALL;Dic-26;54,00;57.64;26,57;0,70;;25
04/08/26;FERROVIAL;CALL;Dic-26;56,00;57.64;24,98;0,62;;54
04/08/26;FERROVIAL;CALL;Dic-26;58,00;57.64;23,54;0,52;;25
04/08/26;FERROVIAL;CALL;Dic-26;60,00;57.64;22,80;0,42;;3.025
04/08/26;FERROVIAL;CALL;Dic-26;64,00;57.64;21,32;0,23;;5
04/08/26;FERROVIAL;CALL;Dic-26;66,00;57.64;20,58;0,16;;5
04/08/26;FERROVIAL;CALL;Dic-26;68,00;57.64;19,84;0,10;;235
04/08/26;FERROVIAL;CALL;Dic-26;70,00;57.64;19,10;0,05;;25
04/08/26;FERROVIAL;CALL;Mar-27;50,00;57.64;28,38;0,78;;54
04/08/26;FERROVIAL;CALL;Mar-27;52,00;57.64;27,18;0,73;;15
04/08/26;FERROVIAL;CALL;Mar-27;58,00;57.64;23,70;0,54;;25
04/08/26;FERROVIAL;CALL;Mar-27;60,00;57.64;23,20;0,46;;25
04/08/26;FERROVIAL;CALL;Mar-27;62,00;57.64;22,71;0,39;;25
04/08/26;FERROVIAL;CALL;Sep-27;44,00;57.64;30,92;0,85;;25
04/08/26;FERROVIAL;CALL;Sep-27;50,00;57.64;28,46;0,75;;25
04/08/26;FERROVIAL;CALL;Sep-27;52,00;57.64;27,64;0,71;;25
04/08/26;FERROVIAL;CALL;Sep-27;56,00;57.64;25,99;0,62;;25
04/08/26;FERROVIAL;CALL;Dic-27;50,00;57.64;28,75;0,74;;25
04/08/26;FERROVIAL;CALL;Dic-27;60,00;57.64;25,59;0,53;;25
04/08/26;FERROVIAL;CALL;Dic-27;70,00;57.64;23,97;0,31;;25
04/08/26;FERROVIAL;CALL;Mar-28;52,00;57.64;28,14;0,70;;25
04/08/26;FERROVIAL;CALL;Mar-28;54,00;57.64;27,53;0,66;;50
04/08/26;FERROVIAL;CALL;Mar-28;60,00;57.64;26,09;0,54;;25
04/08/26;FERROVIAL;CALL;Mar-28;66,00;57.64;25,18;0,42;;25
04/08/26;FERROVIAL;CALL;Jun-28;50,00;57.64;29,05;0,73;;50
04/08/26;FERROVIAL;CALL;Jun-28;56,00;57.64;27,21;0,63;;50
04/08/26;FERROVIAL;CALL;Jun-28;58,00;57.64;26,66;0,59;;25
04/08/26;FERROVIAL;PUT;Ago-26;52,00;57.64;27,29;-0,04;;2
04/08/26;FERROVIAL;PUT;Ago-26;56,00;57.64;22,83;-0,26;;26
04/08/26;FERROVIAL;PUT;Sep-26;36,00;57.64;41,88;;;25
04/08/26;FERROVIAL;PUT;Sep-26;42,00;57.64;36,08;;;25
04/08/26;FERROVIAL;PUT;Sep-26;45,00;57.64;33,19;-0,01;;25
04/08/26;FERROVIAL;PUT;Sep-26;48,00;57.64;30,29;-0,04;;25
04/08/26;FERROVIAL;PUT;Sep-26;49,00;57.64;29,32;-0,05;;5
04/08/26;FERROVIAL;PUT;Sep-26;52,00;57.64;26,43;-0,12;;3.005
04/08/26;FERROVIAL;PUT;Sep-26;54,00;57.64;24,50;-0,20;;1.543
04/08/26;FERROVIAL;PUT;Sep-26;58,00;57.64;20,77;-0,51;;35
04/08/26;FERROVIAL;PUT;Sep-26;62,00;57.64;18,38;-0,87;;1
04/08/26;FERROVIAL;PUT;Sep-26;64,00;57.64;17,19;-0,98;;25
04/08/26;FERROVIAL;PUT;Oct-26;60,00;57.64;19,73;-0,65;;10
04/08/26;FERROVIAL;PUT;Dic-26;44,00;57.64;33,62;-0,08;;51
04/08/26;FERROVIAL;PUT;Dic-26;49,00;57.64;29,63;-0,16;;26
04/08/26;FERROVIAL;PUT;Dic-26;50,00;57.64;28,83;-0,19;;25
04/08/26;FERROVIAL;PUT;Dic-26;54,00;57.64;25,63;-0,31;;26
04/08/26;FERROVIAL;PUT;Dic-26;56,00;57.64;24,04;-0,40;;25
04/08/26;FERROVIAL;PUT;Dic-26;58,00;57.64;22,60;-0,49;;130
04/08/26;FERROVIAL;PUT;Mar-27;39,00;57.64;34,44;-0,05;;100
04/08/26;FERROVIAL;PUT;Mar-27;45,00;57.64;30,83;-0,12;;25
04/08/26;FERROVIAL;PUT;Mar-27;46,00;57.64;30,23;-0,14;;25
04/08/26;FERROVIAL;PUT;Mar-27;47,00;57.64;29,63;-0,16;;50
04/08/26;FERROVIAL;PUT;Mar-27;48,00;57.64;29,03;-0,18;;75
04/08/26;FERROVIAL;PUT;Mar-27;49,00;57.64;28,43;-0,20;;90
04/08/26;FERROVIAL;PUT;Mar-27;50,00;57.64;27,82;-0,22;;125
04/08/26;FERROVIAL;PUT;Mar-27;52,00;57.64;26,62;-0,27;;135
04/08/26;FERROVIAL;PUT;Mar-27;54,00;57.64;25,42;-0,33;;26
04/08/26;FERROVIAL;PUT;Mar-27;56,00;57.64;24,22;-0,40;;25
04/08/26;FERROVIAL;PUT;Mar-27;58,00;57.64;23,14;-0,47;;25
04/08/26;FERROVIAL;PUT;Jun-27;44,00;57.64;30,92;-0,13;;25
04/08/26;FERROVIAL;PUT;Jun-27;49,00;57.64;28,44;-0,22;;50
04/08/26;FERROVIAL;PUT;Jun-27;60,00;57.64;23,70;-0,52;;5
04/08/26;FERROVIAL;PUT;Sep-27;41,00;57.64;31,48;-0,11;;1
04/08/26;FERROVIAL;PUT;Sep-27;44,00;57.64;30,25;-0,15;;51
04/08/26;FERROVIAL;PUT;Sep-27;45,00;57.64;29,84;-0,16;;25
04/08/26;FERROVIAL;PUT;Sep-27;47,00;57.64;29,02;-0,20;;25
04/08/26;FERROVIAL;PUT;Sep-27;48,00;57.64;28,61;-0,21;;50
04/08/26;FERROVIAL;PUT;Sep-27;49,00;57.64;28,20;-0,23;;25
04/08/26;FERROVIAL;PUT;Dic-27;35,00;57.64;33,21;-0,07;;1
04/08/26;FERROVIAL;PUT;Dic-27;39,00;57.64;31,75;-0,10;;25
04/08/26;FERROVIAL;PUT;Dic-27;40,00;57.64;31,39;-0,11;;25
04/08/26;FERROVIAL;PUT;Dic-27;45,00;57.64;29,57;-0,18;;25
04/08/26;FERROVIAL;PUT;Dic-27;54,00;57.64;26,29;-0,34;;525
04/08/26;FERROVIAL;PUT;Mar-28;58,00;57.64;25,25;-0,43;;1
04/08/26;FERROVIAL;PUT;Mar-28;60,00;57.64;24,95;-0,48;;3
04/08/26;FERROVIAL;PUT;Mar-28;62,00;57.64;24,64;-0,52;;26
04/08/26;FERROVIAL;PUT;Mar-28;64,00;57.64;24,34;-0,57;;25
04/08/26;FERROVIAL;PUT;Jun-28;44,00;57.64;29,64;-0,18;;25
04/08/26;FERROVIAL;PUT;Jun-28;45,00;57.64;29,33;-0,19;;25
04/08/26;FERROVIAL;PUT;Jun-28;46,00;57.64;29,03;-0,21;;25
04/08/26;FERROVIAL;PUT;Jun-28;48,00;57.64;28,41;-0,24;;25
04/08/26;FERROVIAL;PUT;Jun-28;49,00;57.64;28,11;-0,25;;25
04/08/26;FERROVIAL;PUT;Jun-28;50,00;57.64;27,80;-0,27;;25
04/08/26;FERROVIAL;PUT;Jun-28;52,00;57.64;27,19;-0,31;;25
04/08/26;FERROVIAL;PUT;Jun-28;54,00;57.64;26,58;-0,34;;26
04/08/26;FERROVIAL;PUT;Jun-28;56,00;57.64;25,96;-0,38;;25
04/08/26;FERROVIAL;PUT;Jun-28;58,00;57.64;25,41;-0,42;;26
04/08/26;FERROVIAL;PUT;Jun-28;64,00;57.64;24,61;-0,55;;75
04/08/26;FERROVIAL;CALL;Ago-26;62,00;57.64;22,84;0,08;;112
04/08/26;FERROVIAL;CALL;Ago-26;64,00;57.64;21,48;0,01;;224
04/08/26;FERROVIAL;CALL;Sep-26;60,00;57.64;22,58;0,33;;226
04/08/26;FERROVIAL;CALL;Sep-26;60,00;57.64;22,58;0,33;;70
04/08/26;FERROVIAL;CALL;Sep-26;62,00;57.64;21,39;0,19;;452
04/08/26;FERROVIAL;CALL;Dic-26;60,00;57.64;22,80;0,41;;60
04/08/26;FERROVIAL;PUT;Sep-26;54,00;57.64;24,50;-0,20;;15
04/08/26;FERROVIAL;PUT;Sep-26;60,00;57.64;19,57;-0,69;;45
04/08/26;FERROVIAL;PUT;Sep-26;62,00;57.64;18,38;-0,85;;160
04/08/26;FERROVIAL;PUT;Sep-26;64,00;57.64;17,19;-0,95;;45
04/08/26;FERROVIAL;PUT;Dic-26;49,00;57.64;29,63;-0,16;;25
04/08/26;FERROVIAL;PUT;Dic-26;50,00;57.64;28,83;-0,18;;25
04/08/26;FERROVIAL;PUT;Mar-27;40,00;57.64;33,84;-0,06;;300
04/08/26;FLUIDRA;CALL;Sep-26;18,00;19.85;29,98;0,84;;2
04/08/26;FLUIDRA;CALL;Sep-26;19,00;19.85;28,81;0,69;;2
04/08/26;FLUIDRA;CALL;Sep-26;21,00;19.85;26,55;0,30;;1
04/08/26;FLUIDRA;CALL;Sep-26;29,00;19.85;17,82;;;200
04/08/26;FLUIDRA;CALL;Dic-26;24,00;19.85;25,76;0,13;;1
04/08/26;FLUIDRA;PUT;Ago-26;16,00;19.85;35,35;;;2
04/08/26;FLUIDRA;PUT;Ago-26;17,00;19.85;34,16;-0,02;;1
04/08/26;FLUIDRA;PUT;Ago-26;17,50;19.85;33,56;-0,04;;2
04/08/26;FLUIDRA;PUT;Ago-26;18,00;19.85;32,97;-0,08;;1
04/08/26;FLUIDRA;PUT;Ago-26;19,50;19.85;31,18;-0,38;;1
04/08/26;FLUIDRA;PUT;Sep-26;16,50;19.85;31,51;-0,04;;1
04/08/26;FLUIDRA;PUT;Sep-26;18,50;19.85;29,16;-0,22;;1
04/08/26;FLUIDRA;PUT;Dic-26;17,00;19.85;28,70;-0,18;;325
04/08/26;FLUIDRA;PUT;Dic-26;17,50;19.85;28,17;-0,22;;25
04/08/26;FLUIDRA;PUT;Dic-26;18,00;19.85;27,63;-0,27;;625
04/08/26;FLUIDRA;PUT;Dic-26;18,50;19.85;27,09;-0,32;;1
04/08/26;FLUIDRA;PUT;Dic-26;19,00;19.85;26,55;-0,38;;185
04/08/26;FLUIDRA;PUT;Dic-26;21,00;19.85;25,10;-0,63;;7
04/08/26;FLUIDRA;PUT;Mar-27;21,00;19.85;25,89;-0,58;;14
04/08/26;FLUIDRA;PUT;Jun-27;27,00;19.85;25,14;-0,91;;11
04/08/26;FLUIDRA;PUT;Jun-27;28,00;19.85;24,94;-0,94;;11
04/08/26;GRIFOLS;CALL;Ago-26;7,00;10.2;37,51;1,00;;1
04/08/26;GRIFOLS;CALL;Ago-26;8,00;10.2;33,75;1,00;3;1
04/08/26;GRIFOLS;CALL;Ago-26;9,00;10.2;29,99;0,98;;10
04/08/26;GRIFOLS;CALL;Ago-26;9,25;10.2;29,05;0,95;;12
04/08/26;GRIFOLS;CALL;Ago-26;9,50;10.2;28,11;0,89;;11
04/08/26;GRIFOLS;CALL;Ago-26;9,75;10.2;27,17;0,79;;8
04/08/26;GRIFOLS;CALL;Ago-26;10,00;10.2;26,23;0,65;;30
04/08/26;GRIFOLS;CALL;Ago-26;10,50;10.2;25,10;0,31;;4
04/08/26;GRIFOLS;CALL;Ago-26;11,00;10.2;24,46;0,08;;20
04/08/26;GRIFOLS;CALL;Sep-26;6,75;10.2;38,93;1,00;;11
04/08/26;GRIFOLS;CALL;Sep-26;8,00;10.2;35,01;0,98;;6
04/08/26;GRIFOLS;CALL;Sep-26;9,00;10.2;31,87;0,88;;12
04/08/26;GRIFOLS;CALL;Sep-26;9,25;10.2;31,09;0,83;;102
04/08/26;GRIFOLS;CALL;Sep-26;9,50;10.2;30,31;0,77;;112
04/08/26;GRIFOLS;CALL;Sep-26;9,75;10.2;29,52;0,70;;11
04/08/26;GRIFOLS;CALL;Sep-26;10,00;10.2;28,74;0,61;;149
04/08/26;GRIFOLS;CALL;Sep-26;10,50;10.2;27,86;0,41;1;259
04/08/26;GRIFOLS;CALL;Sep-26;11,00;10.2;27,43;0,24;;2
04/08/26;GRIFOLS;CALL;Sep-26;11,50;10.2;27,01;0,12;;30
04/08/26;GRIFOLS;CALL;Sep-26;12,00;10.2;26,58;0,05;;121
04/08/26;GRIFOLS;CALL;Sep-26;12,50;10.2;26,16;0,02;;29
04/08/26;GRIFOLS;CALL;Oct-26;10,00;10.2;30,13;0,60;;10
04/08/26;GRIFOLS;CALL;Oct-26;11,00;10.2;28,94;0,31;;3
04/08/26;GRIFOLS;CALL;Dic-26;7,75;10.2;36,76;0,92;;1
04/08/26;GRIFOLS;CALL;Dic-26;8,50;10.2;34,70;0,85;;29
04/08/26;GRIFOLS;CALL;Dic-26;8,75;10.2;34,01;0,82;;25
04/08/26;GRIFOLS;CALL;Dic-26;9,00;10.2;33,32;0,78;;58
04/08/26;GRIFOLS;CALL;Dic-26;9,25;10.2;32,64;0,74;;75
04/08/26;GRIFOLS;CALL;Dic-26;9,50;10.2;31,95;0,70;;267
04/08/26;GRIFOLS;CALL;Dic-26;9,75;10.2;31,27;0,65;;100
04/08/26;GRIFOLS;CALL;Dic-26;10,00;10.2;30,58;0,60;;175
04/08/26;GRIFOLS;CALL;Dic-26;10,50;10.2;29,87;0,49;;172
04/08/26;GRIFOLS;CALL;Dic-26;11,00;10.2;29,61;0,38;;105
04/08/26;GRIFOLS;CALL;Dic-26;11,50;10.2;29,35;0,29;;72
04/08/26;GRIFOLS;CALL;Dic-26;12,00;10.2;29,09;0,21;;48
04/08/26;GRIFOLS;CALL;Dic-26;12,50;10.2;28,83;0,14;;99
04/08/26;GRIFOLS;CALL;Dic-26;13,00;10.2;28,57;0,10;;1.307
04/08/26;GRIFOLS;CALL;Dic-26;13,50;10.2;28,30;0,06;;1.187
04/08/26;GRIFOLS;CALL;Dic-26;14,00;10.2;28,04;0,04;;25
04/08/26;GRIFOLS;CALL;Dic-26;14,50;10.2;27,78;0,02;;25
04/08/26;GRIFOLS;CALL;Dic-26;15,00;10.2;27,52;0,01;;44
04/08/26;GRIFOLS;CALL;Dic-26;15,50;10.2;27,26;0,01;;5
04/08/26;GRIFOLS;CALL;Dic-26;17,00;10.2;26,47;;;25
04/08/26;GRIFOLS;CALL;Dic-26;17,50;10.2;26,21;;;25
04/08/26;GRIFOLS;CALL;Mar-27;6,00;10.2;39,47;0,98;5;
04/08/26;GRIFOLS;CALL;Mar-27;6,25;10.2;38,94;0,98;;3
04/08/26;GRIFOLS;CALL;Mar-27;7,00;10.2;37,35;0,94;;3
04/08/26;GRIFOLS;CALL;Mar-27;7,50;10.2;36,29;0,91;;41
04/08/26;GRIFOLS;CALL;Mar-27;8,50;10.2;34,16;0,81;;2
04/08/26;GRIFOLS;CALL;Mar-27;8,75;10.2;33,63;0,78;;201
04/08/26;GRIFOLS;CALL;Mar-27;9,00;10.2;33,10;0,74;;222
04/08/26;GRIFOLS;CALL;Mar-27;9,25;10.2;32,57;0,71;;127
04/08/26;GRIFOLS;CALL;Mar-27;9,50;10.2;32,04;0,67;;50
04/08/26;GRIFOLS;CALL;Mar-27;9,75;10.2;31,51;0,63;;107
04/08/26;GRIFOLS;CALL;Mar-27;10,00;10.2;30,97;0,59;;170
04/08/26;GRIFOLS;CALL;Mar-27;10,50;10.2;30,41;0,50;;35
04/08/26;GRIFOLS;CALL;Mar-27;11,50;10.2;29,96;0,35;;11
04/08/26;GRIFOLS;CALL;Mar-27;12,00;10.2;29,73;0,28;;211
04/08/26;GRIFOLS;CALL;Mar-27;12,50;10.2;29,50;0,22;;40
04/08/26;GRIFOLS;CALL;Mar-27;13,00;10.2;29,27;0,17;;518
04/08/26;GRIFOLS;CALL;Mar-27;14,00;10.2;28,81;0,10;;30
04/08/26;GRIFOLS;CALL;Mar-27;16,00;10.2;27,90;0,03;;10
04/08/26;GRIFOLS;CALL;Jun-27;8,00;10.2;35,37;0,82;;5
04/08/26;GRIFOLS;CALL;Jun-27;8,75;10.2;33,97;0,75;;2
04/08/26;GRIFOLS;CALL;Jun-27;9,00;10.2;33,51;0,72;;58
04/08/26;GRIFOLS;CALL;Jun-27;9,25;10.2;33,04;0,69;;28
04/08/26;GRIFOLS;CALL;Jun-27;9,50;10.2;32,57;0,66;;27
04/08/26;GRIFOLS;CALL;Jun-27;9,75;10.2;32,11;0,62;;25
04/08/26;GRIFOLS;CALL;Jun-27;10,00;10.2;31,64;0,59;;35
04/08/26;GRIFOLS;CALL;Jun-27;11,50;10.2;30,80;0,40;;10
04/08/26;GRIFOLS;CALL;Jun-27;12,00;10.2;30,62;0,34;;22
04/08/26;GRIFOLS;CALL;Jun-27;12,50;10.2;30,44;0,29;;250
04/08/26;GRIFOLS;CALL;Jun-27;13,00;10.2;30,26;0,24;;10
04/08/26;GRIFOLS;CALL;Jun-27;14,00;10.2;29,90;0,16;;5
04/08/26;GRIFOLS;CALL;Jun-27;15,00;10.2;29,54;0,11;;50
04/08/26;GRIFOLS;CALL;Jun-27;16,00;10.2;29,19;0,07;;850
04/08/26;GRIFOLS;CALL;Sep-27;15,00;10.2;30,83;0,15;;10
04/08/26;GRIFOLS;CALL;Dic-27;8,00;10.2;36,21;0,79;;2
04/08/26;GRIFOLS;CALL;Dic-27;8,75;10.2;35,03;0,73;;15
04/08/26;GRIFOLS;CALL;Dic-27;11,00;10.2;32,58;0,50;;1
04/08/26;GRIFOLS;CALL;Dic-27;11,50;10.2;32,46;0,45;;5
04/08/26;GRIFOLS;CALL;Dic-27;15,00;10.2;31,66;0,19;;4
04/08/26;GRIFOLS;CALL;Mar-28;15,00;10.2;32,28;0,23;;3
04/08/26;GRIFOLS;CALL;Dic-28;9,00;10.2;33,11;0,70;;14
04/08/26;GRIFOLS;CALL;Dic-28;12,00;10.2;31,27;0,46;;1
04/08/26;GRIFOLS;CALL;Dic-28;15,50;10.2;30,58;0,25;;3
04/08/26;GRIFOLS;CALL;Dic-28;16,50;10.2;30,38;0,20;;2
04/08/26;GRIFOLS;CALL;Dic-28;17,50;10.2;30,19;0,17;;6
04/08/26;GRIFOLS;CALL;Dic-29;15,50;10.2;30,11;0,30;;3
04/08/26;GRIFOLS;PUT;Ago-26;7,50;10.2;41,38;;;1
04/08/26;GRIFOLS;PUT;Ago-26;8,00;10.2;39,50;;;14
04/08/26;GRIFOLS;PUT;Ago-26;8,25;10.2;38,56;;;14
04/08/26;GRIFOLS;PUT;Ago-26;8,50;10.2;37,62;-0,01;;130
04/08/26;GRIFOLS;PUT;Ago-26;8,75;10.2;36,68;-0,02;;36
04/08/26;GRIFOLS;PUT;Ago-26;9,00;10.2;35,74;-0,05;;148
04/08/26;GRIFOLS;PUT;Ago-26;9,25;10.2;34,80;-0,09;;67
04/08/26;GRIFOLS;PUT;Ago-26;9,50;10.2;33,86;-0,15;;10
04/08/26;GRIFOLS;PUT;Ago-26;9,75;10.2;32,92;-0,25;;20
04/08/26;GRIFOLS;PUT;Ago-26;10,00;10.2;31,98;-0,37;;5
04/08/26;GRIFOLS;PUT;Sep-26;6,50;10.2;38,26;;;10
04/08/26;GRIFOLS;PUT;Sep-26;7,25;10.2;35,90;;;4
04/08/26;GRIFOLS;PUT;Sep-26;7,75;10.2;34,34;-0,01;;3
04/08/26;GRIFOLS;PUT;Sep-26;8,00;10.2;33,55;-0,02;;31
04/08/26;GRIFOLS;PUT;Sep-26;8,25;10.2;32,77;-0,03;;24
04/08/26;GRIFOLS;PUT;Sep-26;8,50;10.2;31,98;-0,04;;144
04/08/26;GRIFOLS;PUT;Sep-26;8,75;10.2;31,20;-0,07;2;72
04/08/26;GRIFOLS;PUT;Sep-26;9,00;10.2;30,41;-0,11;;116
04/08/26;GRIFOLS;PUT;Sep-26;9,25;10.2;29,63;-0,16;;107
04/08/26;GRIFOLS;PUT;Sep-26;9,50;10.2;28,85;-0,22;;65
04/08/26;GRIFOLS;PUT;Sep-26;9,75;10.2;28,06;-0,30;;15
04/08/26;GRIFOLS;PUT;Sep-26;10,00;10.2;27,28;-0,39;;49
04/08/26;GRIFOLS;PUT;Sep-26;10,50;10.2;26,40;-0,60;;156
04/08/26;GRIFOLS;PUT;Sep-26;11,00;10.2;25,97;-0,78;;92
04/08/26;GRIFOLS;PUT;Sep-26;11,50;10.2;25,55;-0,91;;39
04/08/26;GRIFOLS;PUT;Sep-26;12,00;10.2;25,12;-0,98;;22
04/08/26;GRIFOLS;PUT;Sep-26;12,50;10.2;24,70;-1,00;;10
04/08/26;GRIFOLS;PUT;Sep-26;16,00;10.2;21,72;-1,00;;4
04/08/26;GRIFOLS;PUT;Oct-26;8,75;10.2;30,33;-0,11;;30
04/08/26;GRIFOLS;PUT;Oct-26;9,25;10.2;28,86;-0,20;;1
04/08/26;GRIFOLS;PUT;Oct-26;10,00;10.2;26,66;-0,40;;20
04/08/26;GRIFOLS;PUT;Dic-26;6,00;10.2;38,95;-0,01;;25
04/08/26;GRIFOLS;PUT;Dic-26;6,25;10.2;38,26;-0,01;;5
04/08/26;GRIFOLS;PUT;Dic-26;6,50;10.2;37,58;-0,02;;1
04/08/26;GRIFOLS;PUT;Dic-26;6,75;10.2;36,89;-0,03;;25
04/08/26;GRIFOLS;PUT;Dic-26;7,00;10.2;36,20;-0,04;;10
04/08/26;GRIFOLS;PUT;Dic-26;7,25;10.2;35,52;-0,05;;291
04/08/26;GRIFOLS;PUT;Dic-26;7,50;10.2;34,83;-0,07;;29
04/08/26;GRIFOLS;PUT;Dic-26;7,75;10.2;34,15;-0,08;;26
04/08/26;GRIFOLS;PUT;Dic-26;8,00;10.2;33,46;-0,11;;317
04/08/26;GRIFOLS;PUT;Dic-26;8,25;10.2;32,77;-0,13;;2
04/08/26;GRIFOLS;PUT;Dic-26;8,50;10.2;32,09;-0,16;;758
04/08/26;GRIFOLS;PUT;Dic-26;8,75;10.2;31,40;-0,20;;12
04/08/26;GRIFOLS;PUT;Dic-26;9,00;10.2;30,71;-0,24;;222
04/08/26;GRIFOLS;PUT;Dic-26;9,25;10.2;30,03;-0,28;;130
04/08/26;GRIFOLS;PUT;Dic-26;9,50;10.2;29,34;-0,33;;445
04/08/26;GRIFOLS;PUT;Dic-26;9,75;10.2;28,66;-0,39;;13
04/08/26;GRIFOLS;PUT;Dic-26;10,00;10.2;27,97;-0,44;;2.274
04/08/26;GRIFOLS;PUT;Dic-26;10,50;10.2;27,26;-0,56;;29
04/08/26;GRIFOLS;PUT;Dic-26;11,00;10.2;27,00;-0,67;;290
04/08/26;GRIFOLS;PUT;Dic-26;11,50;10.2;26,74;-0,76;;7
04/08/26;GRIFOLS;PUT;Dic-26;12,00;10.2;26,48;-0,84;;1
04/08/26;GRIFOLS;PUT;Dic-26;12,50;10.2;26,22;-0,89;;1
04/08/26;GRIFOLS;PUT;Dic-26;13,00;10.2;25,96;-0,93;;10
04/08/26;GRIFOLS;PUT;Dic-26;13,50;10.2;25,69;-0,96;;113
04/08/26;GRIFOLS;PUT;Mar-27;6,25;10.2;38,79;-0,04;;50
04/08/26;GRIFOLS;PUT;Mar-27;6,50;10.2;38,26;-0,05;;17
04/08/26;GRIFOLS;PUT;Mar-27;6,75;10.2;37,73;-0,06;;250
04/08/26;GRIFOLS;PUT;Mar-27;7,00;10.2;37,20;-0,08;;163
04/08/26;GRIFOLS;PUT;Mar-27;7,25;10.2;36,67;-0,09;;76
04/08/26;GRIFOLS;PUT;Mar-27;7,50;10.2;36,14;-0,11;;770
04/08/26;GRIFOLS;PUT;Mar-27;7,75;10.2;35,60;-0,14;;146
04/08/26;GRIFOLS;PUT;Mar-27;8,00;10.2;35,07;-0,16;;127
04/08/26;GRIFOLS;PUT;Mar-27;8,25;10.2;34,54;-0,19;;5
04/08/26;GRIFOLS;PUT;Mar-27;8,50;10.2;34,01;-0,21;;13
04/08/26;GRIFOLS;PUT;Mar-27;8,75;10.2;33,48;-0,24;;3
04/08/26;GRIFOLS;PUT;Mar-27;9,00;10.2;32,95;-0,28;;1.130
04/08/26;GRIFOLS;PUT;Mar-27;9,25;10.2;32,42;-0,31;;2
04/08/26;GRIFOLS;PUT;Mar-27;10,00;10.2;30,82;-0,43;;15
04/08/26;GRIFOLS;PUT;Mar-27;10,50;10.2;30,26;-0,51;;14
04/08/26;GRIFOLS;PUT;Mar-27;11,00;10.2;30,03;-0,59;;130
04/08/26;GRIFOLS;PUT;Mar-27;16,00;10.2;27,75;-0,98;;3
04/08/26;GRIFOLS;PUT;Jun-27;6,00;10.2;40,20;-0,05;;20
04/08/26;GRIFOLS;PUT;Jun-27;8,00;10.2;36,48;-0,19;;100
04/08/26;GRIFOLS;PUT;Jun-27;8,25;10.2;36,01;-0,21;;1
04/08/26;GRIFOLS;PUT;Jun-27;9,00;10.2;34,62;-0,29;;5
04/08/26;GRIFOLS;PUT;Jun-27;10,00;10.2;32,75;-0,42;;2
04/08/26;GRIFOLS;PUT;Jun-27;10,50;10.2;32,27;-0,48;;7
04/08/26;GRIFOLS;PUT;Jun-27;11,00;10.2;32,09;-0,55;;3
04/08/26;GRIFOLS;PUT;Jun-27;12,00;10.2;31,73;-0,67;;206
04/08/26;GRIFOLS;PUT;Jun-27;12,50;10.2;31,55;-0,72;;397
04/08/26;GRIFOLS;PUT;Jun-27;13,00;10.2;31,37;-0,77;;195
04/08/26;GRIFOLS;PUT;Jun-27;13,50;10.2;31,19;-0,81;;25
04/08/26;GRIFOLS;PUT;Jun-27;15,50;10.2;30,47;-0,93;;142
04/08/26;GRIFOLS;PUT;Dic-27;8,25;10.2;37,68;-0,25;;1
04/08/26;GRIFOLS;PUT;Dic-27;8,50;10.2;37,29;-0,27;;5
04/08/26;GRIFOLS;PUT;Dic-27;8,75;10.2;36,89;-0,29;;3
04/08/26;GRIFOLS;PUT;Dic-27;10,50;10.2;34,55;-0,46;;242
04/08/26;GRIFOLS;PUT;Dic-27;11,00;10.2;34,44;-0,51;;228
04/08/26;GRIFOLS;PUT;Dic-27;11,50;10.2;34,32;-0,55;;30
04/08/26;GRIFOLS;PUT;Mar-28;9,50;10.2;36,34;-0,36;;268
04/08/26;GRIFOLS;PUT;Mar-28;10,00;10.2;35,60;-0,40;;260
04/08/26;GRIFOLS;PUT;Jun-28;6,00;10.2;40,37;-0,11;;26
04/08/26;GRIFOLS;PUT;Jun-28;8,25;10.2;37,29;-0,26;;2
04/08/26;GRIFOLS;PUT;Dic-28;6,50;10.2;38,18;-0,15;;25
04/08/26;GRIFOLS;PUT;Dic-28;7,00;10.2;37,56;-0,18;;1
04/08/26;GRIFOLS;PUT;Dic-28;8,00;10.2;36,32;-0,25;;4
04/08/26;GRIFOLS;PUT;Jun-29;8,50;10.2;34,54;-0,28;;2
04/08/26;GRIFOLS;PUT;Dic-29;8,50;10.2;33,68;-0,29;;3
04/08/26;GRIFOLS;PUT;Dic-30;10,00;10.2;31,62;-0,39;;15
04/08/26;GRIFOLS;CALL;Dic-26;10,00;10.2;30,58;0,56;;10
04/08/26;GRIFOLS;CALL;Dic-26;11,00;10.2;29,61;0,35;;10
04/08/26;GRIFOLS;CALL;Dic-26;11,50;10.2;29,35;0,26;;65
04/08/26;GRIFOLS;CALL;Dic-26;15,00;10.2;27,52;0,01;;15
04/08/26;GRIFOLS;CALL;Jun-27;11,50;10.2;30,80;0,39;;50
04/08/26;GRIFOLS;CALL;Dic-27;11,50;10.2;32,46;0,42;;30
04/08/26;GRIFOLS;CALL;Jun-28;11,50;10.2;32,28;0,46;;60
04/08/26;GRIFOLS;PUT;Sep-26;9,00;10.2;30,41;-0,11;;10
04/08/26;GRIFOLS;PUT;Jun-27;9,00;10.2;34,62;-0,28;;1
04/08/26;IAG;CALL;Ago-26;4,50;5.1;39,66;0,94;;4
04/08/26;IAG;CALL;Ago-26;4,80;5.1;38,54;0,78;;10
04/08/26;IAG;CALL;Ago-26;5,00;5.1;37,79;0,62;25;25
04/08/26;IAG;CALL;Ago-26;5,25;5.1;37,17;0,38;;10
04/08/26;IAG;CALL;Ago-26;5,50;5.1;36,74;0,19;;96
04/08/26;IAG;CALL;Ago-26;6,00;5.1;35,89;0,02;;2
04/08/26;IAG;CALL;Sep-26;3,00;5.1;41,86;1,00;;51
04/08/26;IAG;CALL;Sep-26;3,80;5.1;39,71;0,99;;10
04/08/26;IAG;CALL;Sep-26;4,00;5.1;39,18;0,97;;6
04/08/26;IAG;CALL;Sep-26;4,20;5.1;38,64;0,94;;11
04/08/26;IAG;CALL;Sep-26;4,40;5.1;38,11;0,88;;4
04/08/26;IAG;CALL;Sep-26;4,50;5.1;37,84;0,85;;14
04/08/26;IAG;CALL;Sep-26;4,60;5.1;37,57;0,81;;41
04/08/26;IAG;CALL;Sep-26;4,70;5.1;37,30;0,76;;16
04/08/26;IAG;CALL;Sep-26;4,80;5.1;37,03;0,71;;19
04/08/26;IAG;CALL;Sep-26;4,90;5.1;36,77;0,65;;33
04/08/26;IAG;CALL;Sep-26;5,00;5.1;36,50;0,59;8;75
04/08/26;IAG;CALL;Sep-26;5,25;5.1;35,98;0,44;;4.572
04/08/26;IAG;CALL;Sep-26;5,50;5.1;35,55;0,30;;144
04/08/26;IAG;CALL;Sep-26;5,75;5.1;35,13;0,19;;57
04/08/26;IAG;CALL;Sep-26;6,00;5.1;34,70;0,11;;63
04/08/26;IAG;CALL;Sep-26;6,25;5.1;34,28;0,05;;50
04/08/26;IAG;CALL;Oct-26;5,00;5.1;36,11;0,59;;10
04/08/26;IAG;CALL;Dic-26;2,90;5.1;41,56;0,99;;1
04/08/26;IAG;CALL;Dic-26;3,00;5.1;41,34;0,99;;1
04/08/26;IAG;CALL;Dic-26;3,50;5.1;40,23;0,96;;1
04/08/26;IAG;CALL;Dic-26;4,00;5.1;39,11;0,88;;2
04/08/26;IAG;CALL;Dic-26;4,20;5.1;38,67;0,84;;20
04/08/26;IAG;CALL;Dic-26;4,30;5.1;38,45;0,81;;3
04/08/26;IAG;CALL;Dic-26;4,40;5.1;38,23;0,79;;3
04/08/26;IAG;CALL;Dic-26;4,50;5.1;38,00;0,76;;6
04/08/26;IAG;CALL;Dic-26;4,60;5.1;37,78;0,73;;2
04/08/26;IAG;CALL;Dic-26;4,80;5.1;37,34;0,66;;2
04/08/26;IAG;CALL;Dic-26;5,00;5.1;36,89;0,59;;801
04/08/26;IAG;CALL;Dic-26;5,25;5.1;36,39;0,50;;771
04/08/26;IAG;CALL;Dic-26;5,50;5.1;35,91;0,42;;1.591
04/08/26;IAG;CALL;Dic-26;5,75;5.1;35,44;0,33;;50
04/08/26;IAG;CALL;Dic-26;6,00;5.1;34,96;0,26;;2
04/08/26;IAG;CALL;Dic-26;6,25;5.1;34,49;0,20;;35
04/08/26;IAG;CALL;Mar-27;4,00;5.1;39,01;0,84;;12
04/08/26;IAG;CALL;Mar-27;4,10;5.1;38,83;0,81;;1
04/08/26;IAG;CALL;Mar-27;4,20;5.1;38,64;0,79;;6
04/08/26;IAG;CALL;Mar-27;4,30;5.1;38,45;0,77;;5
04/08/26;IAG;CALL;Mar-27;4,60;5.1;37,88;0,70;;1
04/08/26;IAG;CALL;Mar-27;4,70;5.1;37,69;0,67;;3
04/08/26;IAG;CALL;Mar-27;4,80;5.1;37,50;0,65;;2
04/08/26;IAG;CALL;Mar-27;5,00;5.1;37,12;0,59;;23
04/08/26;IAG;CALL;Mar-27;5,25;5.1;36,64;0,53;;1
04/08/26;IAG;CALL;Mar-27;5,50;5.1;36,15;0,46;;1
04/08/26;IAG;CALL;Mar-27;6,25;5.1;34,68;0,28;;250
04/08/26;IAG;CALL;Jun-27;2,00;5.1;39,95;1,00;;2
04/08/26;IAG;CALL;Jun-27;2,20;5.1;39,62;1,00;;25
04/08/26;IAG;CALL;Jun-27;2,30;5.1;39,46;1,00;;25
04/08/26;IAG;CALL;Jun-27;2,40;5.1;39,29;0,99;;25
04/08/26;IAG;CALL;Jun-27;3,00;5.1;38,31;0,96;;5
04/08/26;IAG;CALL;Jun-27;3,40;5.1;37,66;0,91;;1
04/08/26;IAG;CALL;Jun-27;4,00;5.1;36,68;0,82;;3
04/08/26;IAG;CALL;Jun-27;4,10;5.1;36,51;0,80;;2
04/08/26;IAG;CALL;Jun-27;4,40;5.1;36,02;0,74;;3
04/08/26;IAG;CALL;Jun-27;4,50;5.1;35,86;0,72;;1
04/08/26;IAG;CALL;Jun-27;4,90;5.1;35,21;0,63;;3
04/08/26;IAG;CALL;Jun-27;5,00;5.1;35,04;0,60;;2
04/08/26;IAG;CALL;Jun-27;5,25;5.1;34,64;0,54;;20
04/08/26;IAG;CALL;Jun-27;5,50;5.1;34,25;0,48;;1
04/08/26;IAG;CALL;Jun-27;6,25;5.1;33,08;0,32;;2
04/08/26;IAG;CALL;Jun-27;6,50;5.1;32,68;0,27;;1
04/08/26;IAG;CALL;Sep-27;4,50;5.1;34,49;0,71;;1
04/08/26;IAG;CALL;Sep-27;4,80;5.1;34,06;0,65;;1
04/08/26;IAG;CALL;Sep-27;5,25;5.1;33,43;0,55;;4
04/08/26;IAG;CALL;Dic-27;2,00;5.1;39,09;1,00;;25
04/08/26;IAG;CALL;Dic-27;2,10;5.1;38,94;1,00;;25
04/08/26;IAG;CALL;Dic-27;2,20;5.1;38,79;0,99;;25
04/08/26;IAG;CALL;Dic-27;2,30;5.1;38,64;0,99;;25
04/08/26;IAG;CALL;Dic-27;2,40;5.1;38,49;0,99;;25
04/08/26;IAG;CALL;Dic-27;3,70;5.1;36,53;0,85;;1
04/08/26;IAG;CALL;Dic-27;4,50;5.1;35,33;0,71;;1
04/08/26;IAG;CALL;Dic-27;5,00;5.1;34,58;0,61;;4
04/08/26;IAG;CALL;Mar-28;6,00;5.1;34,12;0,45;;2
04/08/26;IAG;CALL;Jun-28;5,00;5.1;36,88;0,63;;1
04/08/26;IAG;PUT;Ago-26;4,70;5.1;40,66;-0,16;;13
04/08/26;IAG;PUT;Ago-26;4,80;5.1;40,29;-0,23;;200
04/08/26;IAG;PUT;Ago-26;5,00;5.1;39,54;-0,39;;40
04/08/26;IAG;PUT;Ago-26;5,25;5.1;38,92;-0,62;;40
04/08/26;IAG;PUT;Ago-26;6,00;5.1;37,64;-0,98;;10
04/08/26;IAG;PUT;Ago-26;7,25;5.1;35,52;-1,00;;10
04/08/26;IAG;PUT;Sep-26;2,20;5.1;45,97;;;3
04/08/26;IAG;PUT;Sep-26;2,50;5.1;45,17;;;65
04/08/26;IAG;PUT;Sep-26;3,20;5.1;43,29;;;50
04/08/26;IAG;PUT;Sep-26;3,30;5.1;43,02;;;15
04/08/26;IAG;PUT;Sep-26;3,50;5.1;42,49;;;17
04/08/26;IAG;PUT;Sep-26;3,90;5.1;41,42;-0,03;;5
04/08/26;IAG;PUT;Sep-26;4,00;5.1;41,15;-0,04;;205
04/08/26;IAG;PUT;Sep-26;4,10;5.1;40,88;-0,05;;224
04/08/26;IAG;PUT;Sep-26;4,20;5.1;40,61;-0,07;;2
04/08/26;IAG;PUT;Sep-26;4,40;5.1;40,08;-0,13;;21
04/08/26;IAG;PUT;Sep-26;4,50;5.1;39,81;-0,16;30;68
04/08/26;IAG;PUT;Sep-26;4,70;5.1;39,27;-0,25;;32
04/08/26;IAG;PUT;Sep-26;4,80;5.1;39,00;-0,30;;77
04/08/26;IAG;PUT;Sep-26;4,90;5.1;38,74;-0,35;;110
04/08/26;IAG;PUT;Sep-26;5,00;5.1;38,47;-0,41;;130
04/08/26;IAG;PUT;Sep-26;5,25;5.1;37,95;-0,55;;10
04/08/26;IAG;PUT;Sep-26;5,50;5.1;37,52;-0,69;;13
04/08/26;IAG;PUT;Dic-26;2,60;5.1;42,79;;;4
04/08/26;IAG;PUT;Dic-26;2,80;5.1;42,34;-0,01;;20
04/08/26;IAG;PUT;Dic-26;2,90;5.1;42,12;-0,01;;20
04/08/26;IAG;PUT;Dic-26;3,30;5.1;41,23;-0,03;;20
04/08/26;IAG;PUT;Dic-26;3,50;5.1;40,79;-0,05;;19
04/08/26;IAG;PUT;Dic-26;3,70;5.1;40,34;-0,08;;4
04/08/26;IAG;PUT;Dic-26;3,80;5.1;40,12;-0,09;;151
04/08/26;IAG;PUT;Dic-26;3,90;5.1;39,90;-0,11;;137
04/08/26;IAG;PUT;Dic-26;4,00;5.1;39,67;-0,13;;817
04/08/26;IAG;PUT;Dic-26;4,10;5.1;39,45;-0,15;;12
04/08/26;IAG;PUT;Dic-26;4,20;5.1;39,23;-0,18;;55
04/08/26;IAG;PUT;Dic-26;4,30;5.1;39,01;-0,21;;7
04/08/26;IAG;PUT;Dic-26;4,40;5.1;38,79;-0,23;;54
04/08/26;IAG;PUT;Dic-26;4,50;5.1;38,56;-0,26;;76
04/08/26;IAG;PUT;Dic-26;4,60;5.1;38,34;-0,29;;7
04/08/26;IAG;PUT;Dic-26;4,70;5.1;38,12;-0,32;;2
04/08/26;IAG;PUT;Dic-26;4,80;5.1;37,90;-0,36;;4
04/08/26;IAG;PUT;Dic-26;4,90;5.1;37,67;-0,39;;1
04/08/26;IAG;PUT;Dic-26;5,00;5.1;37,45;-0,42;;159
04/08/26;IAG;PUT;Dic-26;5,25;5.1;36,95;-0,51;;11
04/08/26;IAG;PUT;Dic-26;5,50;5.1;36,47;-0,59;;1
04/08/26;IAG;PUT;Dic-26;6,00;5.1;35,52;-0,74;;100
04/08/26;IAG;PUT;Mar-27;3,20;5.1;40,13;-0,05;;40
04/08/26;IAG;PUT;Mar-27;3,50;5.1;39,56;-0,08;;17
04/08/26;IAG;PUT;Mar-27;3,70;5.1;39,18;-0,12;;20
04/08/26;IAG;PUT;Mar-27;4,00;5.1;38,61;-0,17;;4
04/08/26;IAG;PUT;Mar-27;4,10;5.1;38,43;-0,19;;1
04/08/26;IAG;PUT;Mar-27;4,40;5.1;37,86;-0,26;;20
04/08/26;IAG;PUT;Mar-27;4,60;5.1;37,48;-0,31;;25
04/08/26;IAG;PUT;Mar-27;4,70;5.1;37,29;-0,33;;255
04/08/26;IAG;PUT;Mar-27;4,80;5.1;37,10;-0,36;;2
04/08/26;IAG;PUT;Mar-27;5,00;5.1;36,72;-0,41;;13
04/08/26;IAG;PUT;Mar-27;5,25;5.1;36,24;-0,48;;2
04/08/26;IAG;PUT;Mar-27;5,50;5.1;35,75;-0,55;;6
04/08/26;IAG;PUT;Jun-27;3,50;5.1;37,75;-0,10;;30
04/08/26;IAG;PUT;Jun-27;4,00;5.1;36,94;-0,18;;3
04/08/26;IAG;PUT;Jun-27;4,10;5.1;36,77;-0,20;;2
04/08/26;IAG;PUT;Jun-27;4,40;5.1;36,28;-0,27;;3
04/08/26;IAG;PUT;Jun-27;4,50;5.1;36,12;-0,29;;1
04/08/26;IAG;PUT;Jun-27;5,00;5.1;35,30;-0,41;;7
04/08/26;IAG;PUT;Jun-27;5,25;5.1;34,90;-0,47;;1
04/08/26;IAG;PUT;Jun-27;5,50;5.1;34,51;-0,53;;2
04/08/26;IAG;PUT;Jun-27;6,00;5.1;33,73;-0,65;;2
04/08/26;IAG;PUT;Sep-27;3,20;5.1;36,99;-0,08;;5
04/08/26;IAG;PUT;Sep-27;4,50;5.1;35,12;-0,30;;2
04/08/26;IAG;PUT;Sep-27;4,80;5.1;34,69;-0,36;;1
04/08/26;IAG;PUT;Sep-27;5,25;5.1;34,06;-0,46;;1
04/08/26;IAG;PUT;Dic-27;3,20;5.1;37,95;-0,10;;15.000
04/08/26;IAG;PUT;Dic-27;3,50;5.1;37,50;-0,14;;20
04/08/26;IAG;PUT;Dic-27;4,00;5.1;36,74;-0,22;;1
04/08/26;IAG;PUT;Dic-27;4,60;5.1;35,84;-0,32;;25
04/08/26;IAG;PUT;Dic-27;5,00;5.1;35,24;-0,40;;4
04/08/26;IAG;CALL;Dic-29;3,40;5.1;41,96;0,75;;2
04/08/26;IAG;PUT;Sep-26;4,40;5.1;40,08;-0,13;;8
04/08/26;IBERDROLA;CALL;Ago-26;19,00;20.57;17,58;0,98;;1
04/08/26;IBERDROLA;CALL;Ago-26;20,00;20.57;16,24;0,80;;4
04/08/26;IBERDROLA;CALL;Ago-26;21,00;20.57;15,46;0,28;;10.002
04/08/26;IBERDROLA;CALL;Ago-26;21,50;20.57;15,44;0,10;;5
04/08/26;IBERDROLA;CALL;Ago-26;22,00;20.57;15,42;0,02;;17
04/08/26;IBERDROLA;CALL;Ago-26;22,50;20.57;15,41;;;1
04/08/26;IBERDROLA;CALL;Sep-26;18,00;20.57;18,42;0,98;;60
04/08/26;IBERDROLA;CALL;Sep-26;19,50;20.57;16,48;0,84;;5.000
04/08/26;IBERDROLA;CALL;Sep-26;20,00;20.57;15,83;0,72;;1
04/08/26;IBERDROLA;CALL;Sep-26;21,00;20.57;15,06;0,38;;29.615
04/08/26;IBERDROLA;CALL;Sep-26;21,50;20.57;15,03;0,22;;35
04/08/26;IBERDROLA;CALL;Sep-26;22,00;20.57;15,00;0,12;;415
04/08/26;IBERDROLA;CALL;Sep-26;22,50;20.57;14,96;0,05;;2.500
04/08/26;IBERDROLA;CALL;Oct-26;19,50;20.57;17,09;0,79;;1
04/08/26;IBERDROLA;CALL;Oct-26;21,00;20.57;15,69;0,42;;10.000
04/08/26;IBERDROLA;CALL;Dic-26;14,50;20.57;24,43;0,99;;2
04/08/26;IBERDROLA;CALL;Dic-26;15,00;20.57;23,79;0,99;;4
04/08/26;IBERDROLA;CALL;Dic-26;16,00;20.57;22,51;0,97;;4
04/08/26;IBERDROLA;CALL;Dic-26;17,00;20.57;21,23;0,95;;6.500
04/08/26;IBERDROLA;CALL;Dic-26;17,50;20.57;20,59;0,92;;2
04/08/26;IBERDROLA;CALL;Dic-26;18,00;20.57;19,95;0,89;;6.001
04/08/26;IBERDROLA;CALL;Dic-26;18,50;20.57;19,31;0,85;;32
04/08/26;IBERDROLA;CALL;Dic-26;19,00;20.57;18,67;0,80;;342
04/08/26;IBERDROLA;CALL;Dic-26;19,50;20.57;18,03;0,73;;26.516
04/08/26;IBERDROLA;CALL;Dic-26;20,00;20.57;17,39;0,66;;7.518
04/08/26;IBERDROLA;CALL;Dic-26;20,50;20.57;16,75;0,57;;3
04/08/26;IBERDROLA;CALL;Dic-26;21,00;20.57;16,58;0,47;;302
04/08/26;IBERDROLA;CALL;Dic-26;21,50;20.57;16,48;0,38;;10
04/08/26;IBERDROLA;CALL;Dic-26;22,00;20.57;16,38;0,30;;110
04/08/26;IBERDROLA;CALL;Dic-26;22,50;20.57;16,28;0,22;;522
04/08/26;IBERDROLA;CALL;Dic-26;23,00;20.57;16,19;0,16;;105
04/08/26;IBERDROLA;CALL;Dic-26;23,50;20.57;16,09;0,11;;8
04/08/26;IBERDROLA;CALL;Dic-26;24,00;20.57;15,99;0,08;;1
04/08/26;IBERDROLA;CALL;Dic-26;25,00;20.57;15,80;0,03;;1
04/08/26;IBERDROLA;CALL;Mar-27;12,00;20.57;27,00;1,00;;5
04/08/26;IBERDROLA;CALL;Mar-27;16,00;20.57;22,60;0,95;;10
04/08/26;IBERDROLA;CALL;Mar-27;16,50;20.57;22,04;0,93;;5
04/08/26;IBERDROLA;CALL;Mar-27;18,00;20.57;20,39;0,85;;4
04/08/26;IBERDROLA;CALL;Mar-27;19,50;20.57;18,74;0,70;;12
04/08/26;IBERDROLA;CALL;Mar-27;20,00;20.57;18,19;0,63;;100
04/08/26;IBERDROLA;CALL;Mar-27;21,00;20.57;17,46;0,49;;496
04/08/26;IBERDROLA;CALL;Mar-27;22,00;20.57;17,21;0,35;;20
04/08/26;IBERDROLA;CALL;Mar-27;23,00;20.57;16,97;0,23;;255
04/08/26;IBERDROLA;CALL;Mar-27;24,00;20.57;16,73;0,14;;10
04/08/26;IBERDROLA;CALL;Mar-27;26,00;20.57;16,24;0,04;;17
04/08/26;IBERDROLA;CALL;Jun-27;17,00;20.57;21,50;0,87;;100
04/08/26;IBERDROLA;CALL;Jun-27;17,50;20.57;21,01;0,84;;100
04/08/26;IBERDROLA;CALL;Jun-27;18,00;20.57;20,53;0,80;;1
04/08/26;IBERDROLA;CALL;Jun-27;18,50;20.57;20,04;0,76;;7
04/08/26;IBERDROLA;CALL;Jun-27;19,00;20.57;19,56;0,72;;5.500
04/08/26;IBERDROLA;CALL;Jun-27;19,50;20.57;19,07;0,67;;7
04/08/26;IBERDROLA;CALL;Jun-27;20,00;20.57;18,58;0,62;;100
04/08/26;IBERDROLA;CALL;Jun-27;21,00;20.57;17,93;0,51;;1.005
04/08/26;IBERDROLA;CALL;Jun-27;22,00;20.57;17,71;0,39;;1
04/08/26;IBERDROLA;CALL;Jun-27;23,00;20.57;17,48;0,29;;100
04/08/26;IBERDROLA;CALL;Sep-27;16,50;20.57;22,18;0,89;;10.100
04/08/26;IBERDROLA;CALL;Sep-27;17,00;20.57;21,73;0,86;;100
04/08/26;IBERDROLA;CALL;Sep-27;17,50;20.57;21,29;0,83;;100
04/08/26;IBERDROLA;CALL;Sep-27;19,50;20.57;19,50;0,66;;16
04/08/26;IBERDROLA;CALL;Dic-27;10,00;20.57;28,07;1,00;;30
04/08/26;IBERDROLA;CALL;Dic-27;13,00;20.57;25,49;0,98;;50
04/08/26;IBERDROLA;CALL;Dic-27;14,00;20.57;24,63;0,96;;5
04/08/26;IBERDROLA;CALL;Dic-27;15,00;20.57;23,77;0,93;;5
04/08/26;IBERDROLA;CALL;Dic-27;16,00;20.57;22,91;0,89;;26
04/08/26;IBERDROLA;CALL;Dic-27;16,50;20.57;22,49;0,86;;25
04/08/26;IBERDROLA;CALL;Dic-27;17,00;20.57;22,06;0,83;;7.530
04/08/26;IBERDROLA;CALL;Dic-27;17,50;20.57;21,63;0,80;;25
04/08/26;IBERDROLA;CALL;Dic-27;18,00;20.57;21,20;0,77;;10.000
04/08/26;IBERDROLA;CALL;Dic-27;18,50;20.57;20,77;0,73;;251
04/08/26;IBERDROLA;CALL;Dic-27;19,00;20.57;20,34;0,69;;157
04/08/26;IBERDROLA;CALL;Dic-27;19,50;20.57;19,91;0,65;;395
04/08/26;IBERDROLA;CALL;Dic-27;20,00;20.57;19,48;0,61;;13.260
04/08/26;IBERDROLA;CALL;Dic-27;21,00;20.57;18,91;0,52;1.250;7.260
04/08/26;IBERDROLA;CALL;Dic-27;22,00;20.57;18,74;0,43;;5.004
04/08/26;IBERDROLA;CALL;Dic-27;23,00;20.57;18,56;0,34;;6
04/08/26;IBERDROLA;CALL;Dic-27;24,00;20.57;18,38;0,27;;2.757
04/08/26;IBERDROLA;CALL;Dic-27;25,00;20.57;18,20;0,21;2.000;2.002
04/08/26;IBERDROLA;CALL;Mar-28;19,00;20.57;20,32;0,69;;1
04/08/26;IBERDROLA;CALL;Mar-28;20,00;20.57;19,49;0,60;1;102
04/08/26;IBERDROLA;CALL;Mar-28;21,00;20.57;18,94;0,52;;6
04/08/26;IBERDROLA;CALL;Mar-28;26,00;20.57;18,05;0,18;;1
04/08/26;IBERDROLA;CALL;Jun-28;10,00;20.57;27,46;1,00;9;10
04/08/26;IBERDROLA;CALL;Jun-28;22,50;20.57;18,99;0,41;;7
04/08/26;IBERDROLA;CALL;Jun-28;28,00;20.57;18,28;0,13;;15
04/08/26;IBERDROLA;CALL;Dic-28;16,00;20.57;22,42;0,85;;5.000
04/08/26;IBERDROLA;CALL;Dic-28;18,00;20.57;20,99;0,74;;500
04/08/26;IBERDROLA;CALL;Dic-28;18,50;20.57;20,64;0,70;;25
04/08/26;IBERDROLA;CALL;Dic-28;19,00;20.57;20,28;0,67;;1
04/08/26;IBERDROLA;CALL;Dic-28;24,00;20.57;18,83;0,34;;15
04/08/26;IBERDROLA;CALL;Dic-29;15,00;20.57;23,08;0,89;;1
04/08/26;IBERDROLA;CALL;Dic-29;18,00;20.57;21,09;0,72;;6.000
04/08/26;IBERDROLA;CALL;Dic-29;19,00;20.57;20,42;0,66;;25
04/08/26;IBERDROLA;CALL;Dic-29;21,50;20.57;19,32;0,51;;1
04/08/26;IBERDROLA;CALL;Dic-30;18,00;20.57;22,36;0,70;;245
04/08/26;IBERDROLA;PUT;Ago-26;19,00;20.57;17,13;-0,01;;55.000
04/08/26;IBERDROLA;PUT;Ago-26;19,50;20.57;16,46;-0,06;;3
04/08/26;IBERDROLA;PUT;Ago-26;20,00;20.57;15,79;-0,19;;122
04/08/26;IBERDROLA;PUT;Ago-26;20,50;20.57;15,11;-0,44;;20
04/08/26;IBERDROLA;PUT;Ago-26;21,00;20.57;15,01;-0,73;;34
04/08/26;IBERDROLA;PUT;Ago-26;21,50;20.57;14,99;-0,92;;26
04/08/26;IBERDROLA;PUT;Ago-26;30,00;20.57;14,71;-1,00;;5
04/08/26;IBERDROLA;PUT;Sep-26;9,75;20.57;28,39;;;25
04/08/26;IBERDROLA;PUT;Sep-26;13,00;20.57;24,17;;;153
04/08/26;IBERDROLA;PUT;Sep-26;13,50;20.57;23,53;;;44
04/08/26;IBERDROLA;PUT;Sep-26;14,00;20.57;22,88;;;135
04/08/26;IBERDROLA;PUT;Sep-26;14,50;20.57;22,23;;;135
04/08/26;IBERDROLA;PUT;Sep-26;15,00;20.57;21,58;;;51
04/08/26;IBERDROLA;PUT;Sep-26;15,50;20.57;20,93;;;12
04/08/26;IBERDROLA;PUT;Sep-26;16,00;20.57;20,28;;;1
04/08/26;IBERDROLA;PUT;Sep-26;16,50;20.57;19,64;;;63
04/08/26;IBERDROLA;PUT;Sep-26;17,00;20.57;18,99;;;5.020
04/08/26;IBERDROLA;PUT;Sep-26;17,50;20.57;18,34;;;12
04/08/26;IBERDROLA;PUT;Sep-26;18,00;20.57;17,69;-0,01;;540
04/08/26;IBERDROLA;PUT;Sep-26;18,50;20.57;17,04;-0,03;;30.000
04/08/26;IBERDROLA;PUT;Sep-26;19,00;20.57;16,40;-0,07;;18.000
04/08/26;IBERDROLA;PUT;Sep-26;19,50;20.57;15,75;-0,15;;12.496
04/08/26;IBERDROLA;PUT;Sep-26;20,00;20.57;15,10;-0,27;;5.116
04/08/26;IBERDROLA;PUT;Sep-26;20,50;20.57;14,45;-0,45;1;254
04/08/26;IBERDROLA;PUT;Sep-26;21,00;20.57;14,33;-0,64;;2.513
04/08/26;IBERDROLA;PUT;Sep-26;21,50;20.57;14,30;-0,81;;2.504
04/08/26;IBERDROLA;PUT;Sep-26;22,00;20.57;14,27;-0,92;;10
04/08/26;IBERDROLA;PUT;Sep-26;22,50;20.57;14,23;-0,99;;30
04/08/26;IBERDROLA;PUT;Oct-26;19,00;20.57;16,75;-0,13;10;10
04/08/26;IBERDROLA;PUT;Dic-26;9,00;20.57;30,42;;;2.000
04/08/26;IBERDROLA;PUT;Dic-26;9,50;20.57;29,78;;;2
04/08/26;IBERDROLA;PUT;Dic-26;9,75;20.57;29,46;;;25
04/08/26;IBERDROLA;PUT;Dic-26;10,50;20.57;28,50;;;502
04/08/26;IBERDROLA;PUT;Dic-26;11,00;20.57;27,86;;;1.348
04/08/26;IBERDROLA;PUT;Dic-26;11,50;20.57;27,22;;;26
04/08/26;IBERDROLA;PUT;Dic-26;12,00;20.57;26,58;;;10.150
04/08/26;IBERDROLA;PUT;Dic-26;13,00;20.57;25,30;;;21
04/08/26;IBERDROLA;PUT;Dic-26;13,50;20.57;24,66;;;10.000
04/08/26;IBERDROLA;PUT;Dic-26;14,00;20.57;24,02;;;15.010
04/08/26;IBERDROLA;PUT;Dic-26;14,50;20.57;23,38;;;10
04/08/26;IBERDROLA;PUT;Dic-26;15,00;20.57;22,74;-0,01;;2
04/08/26;IBERDROLA;PUT;Dic-26;15,50;20.57;22,10;-0,01;;30
04/08/26;IBERDROLA;PUT;Dic-26;16,00;20.57;21,46;-0,02;;34.287
04/08/26;IBERDROLA;PUT;Dic-26;16,50;20.57;20,82;-0,03;;255
04/08/26;IBERDROLA;PUT;Dic-26;17,00;20.57;20,18;-0,05;;67.047
04/08/26;IBERDROLA;PUT;Dic-26;17,50;20.57;19,54;-0,07;;10.005
04/08/26;IBERDROLA;PUT;Dic-26;18,00;20.57;18,90;-0,10;;83.779
04/08/26;IBERDROLA;PUT;Dic-26;18,50;20.57;18,26;-0,14;;7.407
04/08/26;IBERDROLA;PUT;Dic-26;19,00;20.57;17,62;-0,20;;2
04/08/26;IBERDROLA;PUT;Dic-26;19,50;20.57;16,98;-0,26;;16.528
04/08/26;IBERDROLA;PUT;Dic-26;20,00;20.57;16,34;-0,35;3;81.018
04/08/26;IBERDROLA;PUT;Dic-26;20,50;20.57;15,70;-0,44;;1
04/08/26;IBERDROLA;PUT;Dic-26;21,00;20.57;15,53;-0,55;;888
04/08/26;IBERDROLA;PUT;Dic-26;21,50;20.57;15,43;-0,65;;12
04/08/26;IBERDROLA;PUT;Dic-26;22,00;20.57;15,33;-0,75;;2
04/08/26;IBERDROLA;PUT;Mar-27;10,50;20.57;27,42;;;1
04/08/26;IBERDROLA;PUT;Mar-27;14,00;20.57;23,56;-0,01;;1
04/08/26;IBERDROLA;PUT;Mar-27;15,00;20.57;22,46;-0,03;;1
04/08/26;IBERDROLA;PUT;Mar-27;16,00;20.57;21,36;-0,06;;14
04/08/26;IBERDROLA;PUT;Mar-27;16,50;20.57;20,80;-0,08;;4
04/08/26;IBERDROLA;PUT;Mar-27;18,00;20.57;19,15;-0,17;;4
04/08/26;IBERDROLA;PUT;Mar-27;18,50;20.57;18,60;-0,21;;2
04/08/26;IBERDROLA;PUT;Mar-27;19,00;20.57;18,05;-0,27;;1
04/08/26;IBERDROLA;PUT;Mar-27;19,50;20.57;17,50;-0,33;;302
04/08/26;IBERDROLA;PUT;Mar-27;20,00;20.57;16,95;-0,39;;60
04/08/26;IBERDROLA;PUT;Mar-27;24,00;20.57;15,49;-0,90;;1
04/08/26;IBERDROLA;PUT;Jun-27;15,00;20.57;22,40;-0,05;;10
04/08/26;IBERDROLA;PUT;Jun-27;16,00;20.57;21,42;-0,08;;1.020
04/08/26;IBERDROLA;PUT;Jun-27;17,00;20.57;20,45;-0,13;;5.502
04/08/26;IBERDROLA;PUT;Jun-27;17,50;20.57;19,96;-0,16;;5
04/08/26;IBERDROLA;PUT;Jun-27;18,00;20.57;19,48;-0,20;;9
04/08/26;IBERDROLA;PUT;Jun-27;19,00;20.57;18,51;-0,29;;9
04/08/26;IBERDROLA;PUT;Jun-27;19,50;20.57;18,02;-0,34;;50
04/08/26;IBERDROLA;PUT;Jun-27;20,00;20.57;17,53;-0,40;;7.513
04/08/26;IBERDROLA;PUT;Jun-27;23,00;20.57;16,43;-0,76;;1
04/08/26;IBERDROLA;PUT;Sep-27;16,00;20.57;21,41;-0,12;;35.000
04/08/26;IBERDROLA;PUT;Sep-27;16,50;20.57;20,97;-0,14;;200
04/08/26;IBERDROLA;PUT;Sep-27;17,00;20.57;20,52;-0,17;;100
04/08/26;IBERDROLA;PUT;Sep-27;17,50;20.57;20,08;-0,21;;200
04/08/26;IBERDROLA;PUT;Sep-27;18,00;20.57;19,63;-0,24;;5.300
04/08/26;IBERDROLA;PUT;Sep-27;19,00;20.57;18,74;-0,33;;50
04/08/26;IBERDROLA;PUT;Sep-27;19,50;20.57;18,29;-0,38;;50
04/08/26;IBERDROLA;PUT;Sep-27;20,00;20.57;17,85;-0,43;;25
04/08/26;IBERDROLA;PUT;Sep-27;20,50;20.57;17,40;-0,48;;50
04/08/26;IBERDROLA;PUT;Dic-27;9,50;20.57;26,66;;;2.000
04/08/26;IBERDROLA;PUT;Dic-27;10,00;20.57;26,23;-0,01;;5
04/08/26;IBERDROLA;PUT;Dic-27;11,50;20.57;24,94;-0,02;;1.800
04/08/26;IBERDROLA;PUT;Dic-27;12,00;20.57;24,51;-0,02;;30.000
04/08/26;IBERDROLA;PUT;Dic-27;13,00;20.57;23,65;-0,04;;35.000
04/08/26;IBERDROLA;PUT;Dic-27;14,00;20.57;22,79;-0,06;;10.000
04/08/26;IBERDROLA;PUT;Dic-27;14,50;20.57;22,36;-0,07;;20.000
04/08/26;IBERDROLA;PUT;Dic-27;16,00;20.57;21,07;-0,13;;25.000
04/08/26;IBERDROLA;PUT;Dic-27;16,50;20.57;20,65;-0,16;;2
04/08/26;IBERDROLA;PUT;Dic-27;17,00;20.57;20,22;-0,19;;2.750
04/08/26;IBERDROLA;PUT;Dic-27;17,50;20.57;19,79;-0,22;;460
04/08/26;IBERDROLA;PUT;Dic-27;18,00;20.57;19,36;-0,25;;409
04/08/26;IBERDROLA;PUT;Dic-27;18,50;20.57;18,93;-0,29;;175
04/08/26;IBERDROLA;PUT;Dic-27;19,00;20.57;18,50;-0,33;;1.811
04/08/26;IBERDROLA;PUT;Dic-27;19,50;20.57;18,07;-0,38;;25
04/08/26;IBERDROLA;PUT;Dic-27;20,00;20.57;17,64;-0,43;;6.750
04/08/26;IBERDROLA;PUT;Dic-27;21,00;20.57;17,07;-0,53;1.250;1.250
04/08/26;IBERDROLA;PUT;Dic-27;22,00;20.57;16,90;-0,62;;50
04/08/26;IBERDROLA;PUT;Mar-28;18,00;20.57;18,92;-0,27;;200
04/08/26;IBERDROLA;PUT;Jun-28;13,00;20.57;22,41;-0,05;;150
04/08/26;IBERDROLA;PUT;Jun-28;14,00;20.57;21,63;-0,08;;150
04/08/26;IBERDROLA;PUT;Dic-28;15,00;20.57;19,92;-0,13;;5.000
04/08/26;IBERDROLA;PUT;Dic-28;21,50;20.57;15,86;-0,57;;4.000
04/08/26;IBERDROLA;PUT;Dic-28;24,00;20.57;15,62;-0,74;;1
04/08/26;IBERDROLA;PUT;Dic-29;19,00;20.57;16,63;-0,38;;2
04/08/26;IBERDROLA;PUT;Dic-30;14,50;20.57;19,29;-0,17;;5
04/08/26;IBERDROLA;CALL;Ago-26;22,00;20.57;15,42;0,03;;1.035
04/08/26;IBERDROLA;CALL;Ago-26;23,00;20.57;15,39;;;2.050
04/08/26;IBERDROLA;CALL;Sep-26;13,50;20.57;24,26;1,00;;150
04/08/26;IBERDROLA;CALL;Sep-26;14,00;20.57;23,61;1,00;;300
04/08/26;IBERDROLA;CALL;Sep-26;20,00;20.57;15,83;0,72;;160
04/08/26;IBERDROLA;CALL;Sep-26;20,00;20.57;15,83;0,72;;10
04/08/26;IBERDROLA;CALL;Sep-26;21,00;20.57;15,06;0,38;;1
04/08/26;IBERDROLA;CALL;Sep-26;22,00;20.57;15,00;0,12;;2.043
04/08/26;IBERDROLA;CALL;Dic-26;14,50;20.57;24,43;0,98;;510
04/08/26;IBERDROLA;CALL;Dic-26;18,00;20.57;19,95;0,88;;10
04/08/26;IBERDROLA;CALL;Dic-26;18,50;20.57;19,31;0,84;;200
04/08/26;IBERDROLA;CALL;Dic-26;19,00;20.57;18,67;0,79;;50
04/08/26;IBERDROLA;CALL;Dic-26;20,00;20.57;17,39;0,65;;10
04/08/26;IBERDROLA;CALL;Dic-26;20,50;20.57;16,75;0,56;;1
04/08/26;IBERDROLA;CALL;Dic-26;22,00;20.57;16,38;0,30;;2
04/08/26;IBERDROLA;CALL;Jun-27;24,00;20.57;17,25;0,20;;5
04/08/26;IBERDROLA;CALL;Dic-27;12,00;20.57;26,35;0,94;;2.000
04/08/26;IBERDROLA;PUT;Ago-26;21,00;20.57;15,01;-0,72;;10
04/08/26;IBERDROLA;PUT;Sep-26;13,00;20.57;24,17;;;500
04/08/26;IBERDROLA;PUT;Sep-26;15,00;20.57;21,58;;;800
04/08/26;IBERDROLA;PUT;Sep-26;18,50;20.57;17,04;-0,03;;25
04/08/26;IBERDROLA;PUT;Sep-26;21,00;20.57;14,33;-0,63;;10
04/08/26;IBERDROLA;PUT;Dic-26;15,00;20.57;22,74;-0,01;;600
04/08/26;IBERDROLA;PUT;Dic-26;16,00;20.57;21,46;-0,02;;1
04/08/26;IBERDROLA;PUT;Dic-26;19,00;20.57;17,62;-0,19;;21
04/08/26;IBERDROLA;PUT;Dic-26;19,50;20.57;16,98;-0,26;;4
04/08/26;IBERDROLA;PUT;Dic-26;20,00;20.57;16,34;-0,33;;1
04/08/26;IBERDROLA;PUT;Dic-26;21,00;20.57;15,53;-0,53;;10
04/08/26;IBERDROLA;PUT;Dic-27;12,00;20.57;24,51;-0,02;;2.000
04/08/26;INDITEX;CALL;Ago-26;54,17;58.18;26,84;0,90;;1
04/08/26;INDITEX;CALL;Ago-26;56,11;58.18;25,01;0,76;;300
04/08/26;INDITEX;CALL;Ago-26;58,05;58.18;23,19;0,54;;13
04/08/26;INDITEX;CALL;Ago-26;59,99;58.18;22,48;0,28;;300
04/08/26;INDITEX;CALL;Sep-26;40,63;58.18;40,63;1,00;;25
04/08/26;INDITEX;CALL;Sep-26;41,60;58.18;39,83;0,99;;50
04/08/26;INDITEX;CALL;Sep-26;43,54;58.18;38,23;0,99;;50
04/08/26;INDITEX;CALL;Sep-26;44,49;58.18;37,44;0,98;;25
04/08/26;INDITEX;CALL;Sep-26;45,47;58.18;36,64;0,98;;75
04/08/26;INDITEX;CALL;Sep-26;46,44;58.18;35,84;0,97;;50
04/08/26;INDITEX;CALL;Sep-26;47,41;58.18;35,04;0,96;;50
04/08/26;INDITEX;CALL;Sep-26;48,38;58.18;34,24;0,95;;25
04/08/26;INDITEX;CALL;Sep-26;50,31;58.18;32,64;0,91;;25
04/08/26;INDITEX;CALL;Sep-26;52,00;58.18;31,25;0,86;;1
04/08/26;INDITEX;CALL;Sep-26;52,25;58.18;31,04;0,86;;100
04/08/26;INDITEX;CALL;Sep-26;54,17;58.18;29,46;0,78;;382
04/08/26;INDITEX;CALL;Sep-26;56,11;58.18;27,86;0,67;;1.757
04/08/26;INDITEX;CALL;Sep-26;58,05;58.18;26,26;0,54;;22
04/08/26;INDITEX;CALL;Sep-26;59,99;58.18;25,74;0,40;;233
04/08/26;INDITEX;CALL;Sep-26;61,92;58.18;25,29;0,27;;25
04/08/26;INDITEX;CALL;Sep-26;65,78;58.18;24,41;0,09;;10
04/08/26;INDITEX;CALL;Oct-26;63,85;58.18;23,89;0,22;;100
04/08/26;INDITEX;CALL;Dic-26;35,80;58.18;39,56;0,99;;3
04/08/26;INDITEX;CALL;Dic-26;38,70;58.18;37,78;0,98;;1
04/08/26;INDITEX;CALL;Dic-26;39,67;58.18;37,19;0,97;;52
04/08/26;INDITEX;CALL;Dic-26;40,63;58.18;36,60;0,96;;25
04/08/26;INDITEX;CALL;Dic-26;44,49;58.18;34,23;0,93;;120
04/08/26;INDITEX;CALL;Dic-26;46,44;58.18;33,04;0,90;;26
04/08/26;INDITEX;CALL;Dic-26;47,41;58.18;32,44;0,88;;325
04/08/26;INDITEX;CALL;Dic-26;48,38;58.18;31,85;0,86;;400
04/08/26;INDITEX;CALL;Dic-26;50,31;58.18;30,66;0,82;;50
04/08/26;INDITEX;CALL;Dic-26;52,25;58.18;29,48;0,77;;31
04/08/26;INDITEX;CALL;Dic-26;54,17;58.18;28,30;0,70;;59
04/08/26;INDITEX;CALL;Dic-26;56,11;58.18;27,11;0,63;;149
04/08/26;INDITEX;CALL;Dic-26;58,05;58.18;25,92;0,55;;645
04/08/26;INDITEX;CALL;Dic-26;59,99;58.18;25,51;0,46;;201
04/08/26;INDITEX;CALL;Dic-26;61,92;58.18;25,15;0,38;;253
04/08/26;INDITEX;CALL;Dic-26;63,85;58.18;24,80;0,30;;220
04/08/26;INDITEX;CALL;Dic-26;65,78;58.18;24,45;0,23;;16
04/08/26;INDITEX;CALL;Dic-26;67,72;58.18;24,09;0,18;;15
04/08/26;INDITEX;CALL;Dic-26;69,66;58.18;23,74;0,13;;11
04/08/26;INDITEX;CALL;Dic-26;71,60;58.18;23,38;0,09;;3
04/08/26;INDITEX;CALL;Mar-27;52,25;58.18;29,34;0,73;;100
04/08/26;INDITEX;CALL;Mar-27;54,17;58.18;28,29;0,68;;3
04/08/26;INDITEX;CALL;Mar-27;63,85;58.18;25,14;0,38;;400
04/08/26;INDITEX;CALL;Mar-27;65,78;58.18;24,82;0,32;;300
04/08/26;INDITEX;CALL;Mar-27;67,72;58.18;24,49;0,26;;75
04/08/26;INDITEX;CALL;Mar-27;69,66;58.18;24,17;0,21;;25
04/08/26;INDITEX;CALL;Mar-27;71,60;58.18;23,85;0,17;;20
04/08/26;INDITEX;CALL;Mar-27;73,53;58.18;23,53;0,13;;20
04/08/26;INDITEX;CALL;Jun-27;38,70;58.18;35,83;0,93;;150
04/08/26;INDITEX;CALL;Jun-27;45,47;58.18;32,69;0,85;;25
04/08/26;INDITEX;CALL;Jun-27;46,44;58.18;32,24;0,83;;5
04/08/26;INDITEX;CALL;Jun-27;50,31;58.18;30,44;0,76;;25
04/08/26;INDITEX;CALL;Jun-27;58,05;58.18;26,85;0,57;;150
04/08/26;INDITEX;CALL;Jun-27;59,99;58.18;26,51;0,52;;155
04/08/26;INDITEX;CALL;Jun-27;61,92;58.18;26,21;0,46;;100
04/08/26;INDITEX;CALL;Jun-27;69,66;58.18;25,01;0,26;;100
04/08/26;INDITEX;CALL;Jun-27;71,60;58.18;24,71;0,22;;25
04/08/26;INDITEX;CALL;Jun-27;73,53;58.18;24,42;0,19;;50
04/08/26;INDITEX;CALL;Sep-27;59,99;58.18;26,56;0,53;;25
04/08/26;INDITEX;CALL;Sep-27;63,85;58.18;25,99;0,43;;25
04/08/26;INDITEX;CALL;Sep-27;69,66;58.18;25,12;0,30;;1
04/08/26;INDITEX;CALL;Sep-27;71,60;58.18;24,83;0,26;;25
04/08/26;INDITEX;CALL;Dic-27;37,73;58.18;34,98;0,91;;25
04/08/26;INDITEX;CALL;Dic-27;38,70;58.18;34,61;0,90;;1
04/08/26;INDITEX;CALL;Dic-27;39,67;58.18;34,25;0,89;;1
04/08/26;INDITEX;CALL;Dic-27;43,54;58.18;32,81;0,84;;50
04/08/26;INDITEX;CALL;Dic-27;45,47;58.18;32,09;0,82;;25
04/08/26;INDITEX;CALL;Dic-27;47,41;58.18;31,37;0,78;;25
04/08/26;INDITEX;CALL;Dic-27;52,25;58.18;29,57;0,70;;25
04/08/26;INDITEX;CALL;Dic-27;54,17;58.18;28,85;0,66;;25
04/08/26;INDITEX;CALL;Dic-27;59,99;58.18;27,11;0,54;;25
04/08/26;INDITEX;CALL;Dic-27;61,92;58.18;26,85;0,50;;175
04/08/26;INDITEX;CALL;Dic-27;63,85;58.18;26,58;0,46;;200
04/08/26;INDITEX;CALL;Dic-27;65,78;58.18;26,31;0,42;;10
04/08/26;INDITEX;CALL;Dic-27;71,60;58.18;25,51;0,30;;1
04/08/26;INDITEX;CALL;Mar-28;33,30;58.18;36,76;0,94;;1
04/08/26;INDITEX;CALL;Mar-28;52,89;58.18;29,46;0,69;;50
04/08/26;INDITEX;CALL;Mar-28;54,86;58.18;28,73;0,65;;75
04/08/26;INDITEX;CALL;Mar-28;56,81;58.18;28,00;0,61;;75
04/08/26;INDITEX;CALL;Mar-28;58,77;58.18;27,40;0,58;;50
04/08/26;INDITEX;CALL;Mar-28;60,73;58.18;27,11;0,54;;25
04/08/26;INDITEX;CALL;Mar-28;64,65;58.18;26,53;0,46;;25
04/08/26;INDITEX;CALL;Mar-28;66,60;58.18;26,24;0,42;;25
04/08/26;INDITEX;CALL;Mar-28;68,56;58.18;25,94;0,39;;25
04/08/26;INDITEX;CALL;Mar-28;70,53;58.18;25,65;0,35;;25
04/08/26;INDITEX;CALL;Mar-28;72,49;58.18;25,36;0,32;;25
04/08/26;INDITEX;CALL;Jun-28;42,12;58.18;33,32;0,84;;25
04/08/26;INDITEX;CALL;Jun-28;43,10;58.18;32,96;0,83;;25
04/08/26;INDITEX;CALL;Jun-28;56,81;58.18;28,01;0,62;;25
04/08/26;INDITEX;CALL;Jun-28;58,77;58.18;27,44;0,58;;50
04/08/26;INDITEX;CALL;Jun-28;66,60;58.18;26,41;0,44;;50
04/08/26;INDITEX;CALL;Jun-28;68,56;58.18;26,15;0,40;;25
04/08/26;INDITEX;CALL;Jun-28;70,53;58.18;25,89;0,37;;25
04/08/26;INDITEX;CALL;Jun-28;72,49;58.18;25,63;0,34;;25
04/08/26;INDITEX;CALL;Dic-28;49,44;58.18;30,01;0,74;;2
04/08/26;INDITEX;CALL;Dic-28;67,24;58.18;26,38;0,45;;490
04/08/26;INDITEX;CALL;Dic-29;43,51;58.18;29,59;0,81;;220
04/08/26;INDITEX;PUT;Ago-26;39,67;58.18;40,71;;;100
04/08/26;INDITEX;PUT;Ago-26;41,60;58.18;38,90;;;150
04/08/26;INDITEX;PUT;Ago-26;43,54;58.18;37,08;;;150
04/08/26;INDITEX;PUT;Ago-26;44,49;58.18;36,18;;;2
04/08/26;INDITEX;PUT;Ago-26;46,44;58.18;34,35;;;1
04/08/26;INDITEX;PUT;Ago-26;48,38;58.18;32,53;;;1
04/08/26;INDITEX;PUT;Ago-26;50,31;58.18;30,71;-0,01;;12
04/08/26;INDITEX;PUT;Ago-26;52,25;58.18;28,89;-0,04;;4
04/08/26;INDITEX;PUT;Ago-26;54,17;58.18;27,09;-0,10;;6
04/08/26;INDITEX;PUT;Ago-26;56,11;58.18;25,26;-0,24;;1
04/08/26;INDITEX;PUT;Sep-26;35,80;58.18;44,25;;;1
04/08/26;INDITEX;PUT;Sep-26;36,76;58.18;43,46;;;27
04/08/26;INDITEX;PUT;Sep-26;38,70;58.18;41,86;;;25
04/08/26;INDITEX;PUT;Sep-26;39,67;58.18;41,06;;;26
04/08/26;INDITEX;PUT;Sep-26;40,63;58.18;40,27;;;28
04/08/26;INDITEX;PUT;Sep-26;41,60;58.18;39,47;-0,01;;240
04/08/26;INDITEX;PUT;Sep-26;42,57;58.18;38,67;-0,01;;300
04/08/26;INDITEX;PUT;Sep-26;43,54;58.18;37,87;-0,01;;35
04/08/26;INDITEX;PUT;Sep-26;44,49;58.18;37,08;-0,02;;61
04/08/26;INDITEX;PUT;Sep-26;45,47;58.18;36,28;-0,02;;51
04/08/26;INDITEX;PUT;Sep-26;46,44;58.18;35,48;-0,03;;75
04/08/26;INDITEX;PUT;Sep-26;47,41;58.18;34,68;-0,04;;30
04/08/26;INDITEX;PUT;Sep-26;48,38;58.18;33,88;-0,05;;82
04/08/26;INDITEX;PUT;Sep-26;50,31;58.18;32,28;-0,09;;101
04/08/26;INDITEX;PUT;Sep-26;52,00;58.18;30,89;-0,13;;4.005
04/08/26;INDITEX;PUT;Sep-26;52,25;58.18;30,68;-0,14;;26
04/08/26;INDITEX;PUT;Sep-26;54,17;58.18;29,10;-0,22;;375
04/08/26;INDITEX;PUT;Sep-26;58,05;58.18;25,90;-0,46;;6
04/08/26;INDITEX;PUT;Oct-26;48,38;58.18;32,05;-0,08;;1
04/08/26;INDITEX;PUT;Oct-26;50,31;58.18;30,60;-0,12;;1
04/08/26;INDITEX;PUT;Dic-26;32,90;58.18;40,20;-0,01;;26
04/08/26;INDITEX;PUT;Dic-26;33,87;58.18;39,60;-0,01;;21
04/08/26;INDITEX;PUT;Dic-26;34,83;58.18;39,01;-0,01;;25
04/08/26;INDITEX;PUT;Dic-26;35,80;58.18;38,42;-0,01;;25
04/08/26;INDITEX;PUT;Dic-26;36,76;58.18;37,83;-0,02;;26
04/08/26;INDITEX;PUT;Dic-26;37,73;58.18;37,24;-0,02;;150
04/08/26;INDITEX;PUT;Dic-26;38,70;58.18;36,64;-0,03;;150
04/08/26;INDITEX;PUT;Dic-26;39,67;58.18;36,05;-0,03;;21
04/08/26;INDITEX;PUT;Dic-26;40,63;58.18;35,46;-0,04;;12
04/08/26;INDITEX;PUT;Dic-26;41,60;58.18;34,86;-0,05;;86
04/08/26;INDITEX;PUT;Dic-26;42,57;58.18;34,27;-0,05;;150
04/08/26;INDITEX;PUT;Dic-26;43,54;58.18;33,67;-0,06;;75
04/08/26;INDITEX;PUT;Dic-26;44,49;58.18;33,09;-0,08;;62
04/08/26;INDITEX;PUT;Dic-26;45,47;58.18;32,49;-0,09;;26
04/08/26;INDITEX;PUT;Dic-26;46,44;58.18;31,90;-0,10;;34
04/08/26;INDITEX;PUT;Dic-26;47,41;58.18;31,30;-0,12;;2.400
04/08/26;INDITEX;PUT;Dic-26;48,38;58.18;30,71;-0,14;;77
04/08/26;INDITEX;PUT;Dic-26;50,31;58.18;29,52;-0,18;;170
04/08/26;INDITEX;PUT;Dic-26;52,25;58.18;28,34;-0,24;;25
04/08/26;INDITEX;PUT;Dic-26;54,17;58.18;27,16;-0,30;;25
04/08/26;INDITEX;PUT;Dic-26;56,11;58.18;25,97;-0,38;;210
04/08/26;INDITEX;PUT;Dic-26;59,99;58.18;24,37;-0,55;;176
04/08/26;INDITEX;PUT;Mar-27;33,87;58.18;37,90;-0,02;;50
04/08/26;INDITEX;PUT;Mar-27;34,83;58.18;37,37;-0,03;;50
04/08/26;INDITEX;PUT;Mar-27;35,80;58.18;36,84;-0,03;;75
04/08/26;INDITEX;PUT;Mar-27;36,76;58.18;36,31;-0,04;;75
04/08/26;INDITEX;PUT;Mar-27;37,73;58.18;35,78;-0,04;;25
04/08/26;INDITEX;PUT;Mar-27;38,70;58.18;35,24;-0,05;;25
04/08/26;INDITEX;PUT;Mar-27;39,67;58.18;34,71;-0,06;;53
04/08/26;INDITEX;PUT;Mar-27;40,63;58.18;34,18;-0,07;;78
04/08/26;INDITEX;PUT;Mar-27;41,60;58.18;33,65;-0,08;;1
04/08/26;INDITEX;PUT;Mar-27;42,57;58.18;33,12;-0,09;;1
04/08/26;INDITEX;PUT;Mar-27;44,49;58.18;32,06;-0,11;;8
04/08/26;INDITEX;PUT;Mar-27;45,47;58.18;31,52;-0,13;;3
04/08/26;INDITEX;PUT;Mar-27;50,00;58.18;29,03;-0,21;;3.000
04/08/26;INDITEX;PUT;Mar-27;50,31;58.18;28,86;-0,22;;101
04/08/26;INDITEX;PUT;Jun-27;26,12;58.18;39,65;-0,01;;1
04/08/26;INDITEX;PUT;Jun-27;30,96;58.18;37,40;-0,02;;150
04/08/26;INDITEX;PUT;Jun-27;33,87;58.18;36,05;-0,04;;200
04/08/26;INDITEX;PUT;Jun-27;34,83;58.18;35,61;-0,04;;180
04/08/26;INDITEX;PUT;Jun-27;36,76;58.18;34,71;-0,06;;25
04/08/26;INDITEX;PUT;Jun-27;38,70;58.18;33,81;-0,07;;150
04/08/26;INDITEX;PUT;Jun-27;39,67;58.18;33,36;-0,08;;101
04/08/26;INDITEX;PUT;Jun-27;41,60;58.18;32,46;-0,11;;177
04/08/26;INDITEX;PUT;Jun-27;42,57;58.18;32,01;-0,12;;150
04/08/26;INDITEX;PUT;Jun-27;43,54;58.18;31,56;-0,13;;150
04/08/26;INDITEX;PUT;Jun-27;44,49;58.18;31,12;-0,14;;50
04/08/26;INDITEX;PUT;Jun-27;46,44;58.18;30,22;-0,18;;25
04/08/26;INDITEX;PUT;Jun-27;47,41;58.18;29,77;-0,19;;153
04/08/26;INDITEX;PUT;Jun-27;48,38;58.18;29,32;-0,21;;150
04/08/26;INDITEX;PUT;Jun-27;50,31;58.18;28,42;-0,25;;3
04/08/26;INDITEX;PUT;Jun-27;52,25;58.18;27,52;-0,29;;150
04/08/26;INDITEX;PUT;Jun-27;56,11;58.18;25,73;-0,40;;25
04/08/26;INDITEX;PUT;Jun-27;65,78;58.18;23,59;-0,68;;1
04/08/26;INDITEX;PUT;Sep-27;43,54;58.18;30,95;-0,14;;25
04/08/26;INDITEX;PUT;Sep-27;44,49;58.18;30,56;-0,16;;25
04/08/26;INDITEX;PUT;Sep-27;45,47;58.18;30,16;-0,17;;25
04/08/26;INDITEX;PUT;Sep-27;46,44;58.18;29,77;-0,19;;25
04/08/26;INDITEX;PUT;Sep-27;73,53;58.18;22,70;-0,82;;1
04/08/26;INDITEX;PUT;Dic-27;21,29;58.18;39,11;-0,01;;2
04/08/26;INDITEX;PUT;Dic-27;33,87;58.18;34,42;-0,06;;100
04/08/26;INDITEX;PUT;Dic-27;36,76;58.18;33,35;-0,08;;25
04/08/26;INDITEX;PUT;Dic-27;37,73;58.18;32,99;-0,09;;25
04/08/26;INDITEX;PUT;Dic-27;43,54;58.18;30,82;-0,16;;10
04/08/26;INDITEX;PUT;Dic-27;45,47;58.18;30,10;-0,19;;1.100
04/08/26;INDITEX;PUT;Dic-27;46,44;58.18;29,74;-0,20;;150
04/08/26;INDITEX;PUT;Dic-27;47,41;58.18;29,38;-0,22;;325
04/08/26;INDITEX;PUT;Dic-27;48,38;58.18;29,02;-0,23;;175
04/08/26;INDITEX;PUT;Dic-27;50,31;58.18;28,30;-0,27;;350
04/08/26;INDITEX;PUT;Dic-27;52,25;58.18;27,58;-0,31;;375
04/08/26;INDITEX;PUT;Dic-27;54,17;58.18;26,86;-0,35;;450
04/08/26;INDITEX;PUT;Dic-27;56,11;58.18;26,14;-0,39;;500
04/08/26;INDITEX;PUT;Dic-27;58,05;58.18;25,42;-0,44;;50
04/08/26;INDITEX;PUT;Dic-27;59,99;58.18;25,12;-0,48;;25
04/08/26;INDITEX;PUT;Jun-28;43,10;58.18;30,11;-0,17;;25
04/08/26;INDITEX;PUT;Jun-28;44,08;58.18;29,76;-0,18;;25
04/08/26;INDITEX;PUT;Jun-28;45,06;58.18;29,41;-0,20;;25
04/08/26;INDITEX;PUT;Jun-28;47,99;58.18;28,35;-0,24;;25
04/08/26;INDITEX;PUT;Dic-28;51,42;58.18;26,68;-0,30;;25
04/08/26;INDITEX;PUT;Dic-29;43,51;58.18;27,78;-0,20;;220
04/08/26;INDITEX;CALL;Ago-26;56,11;58.18;25,01;0,76;;3
04/08/26;INDITEX;CALL;Ago-26;57,35;58.18;23,85;0,63;;5
04/08/26;INDITEX;CALL;Ago-26;58,05;58.18;23,19;0,54;;2
04/08/26;INDITEX;CALL;Ago-26;59,33;58.18;22,69;0,36;;964
04/08/26;INDITEX;CALL;Ago-26;59,99;58.18;22,48;0,28;;3
04/08/26;INDITEX;CALL;Sep-26;49,44;58.18;33,36;0,93;;5
04/08/26;INDITEX;CALL;Sep-26;54,17;58.18;29,46;0,78;;7
04/08/26;INDITEX;CALL;Sep-26;56,11;58.18;27,86;0,67;;6
04/08/26;INDITEX;CALL;Sep-26;57,35;58.18;26,83;0,59;;5
04/08/26;INDITEX;CALL;Sep-26;58,05;58.18;26,26;0,54;;3
04/08/26;INDITEX;CALL;Sep-26;59,99;58.18;25,74;0,40;5;5
04/08/26;INDITEX;CALL;Sep-26;61,30;58.18;25,43;0,31;;944
04/08/26;INDITEX;CALL;Sep-26;63,28;58.18;24,98;0,19;;1.888
04/08/26;INDITEX;CALL;Dic-26;56,11;58.18;27,11;0,62;;26
04/08/26;INDITEX;CALL;Dic-26;58,05;58.18;25,92;0,54;;1
04/08/26;INDITEX;PUT;Ago-26;50,31;58.18;30,71;-0,01;;5
04/08/26;INDITEX;PUT;Ago-26;51,42;58.18;29,67;-0,02;;5
04/08/26;INDITEX;PUT;Sep-26;41,60;58.18;39,47;-0,01;;165
04/08/26;INDITEX;PUT;Sep-26;42,57;58.18;38,67;-0,01;;150
04/08/26;INDITEX;PUT;Sep-26;43,54;58.18;37,87;-0,01;;15
04/08/26;INDITEX;PUT;Sep-26;44,49;58.18;37,08;-0,02;;10
04/08/26;INDITEX;PUT;Sep-26;50,31;58.18;32,28;-0,09;;6
04/08/26;INDITEX;PUT;Sep-26;54,17;58.18;29,10;-0,22;;13
04/08/26;INDITEX;PUT;Dic-26;42,57;58.18;34,27;-0,05;;20
04/08/26;INDITEX;PUT;Dic-26;46,44;58.18;31,90;-0,10;;1
04/08/26;INDITEX;PUT;Mar-27;42,57;58.18;33,12;-0,09;;1
04/08/26;INDITEX;PUT;Mar-27;47,41;58.18;30,45;-0,15;;1
04/08/26;INDITEX;PUT;Dic-27;59,99;58.18;25,12;-0,45;;10
04/08/26;INDRA;CALL;Ago-26;48,00;59.6;52,59;0,98;;6
04/08/26;INDRA;CALL;Ago-26;49,00;59.6;51,98;0,97;;75
04/08/26;INDRA;CALL;Ago-26;50,00;59.6;51,37;0,95;2;23
04/08/26;INDRA;CALL;Ago-26;52,00;59.6;50,15;0,91;;46
04/08/26;INDRA;CALL;Ago-26;54,00;59.6;48,93;0,84;;8
04/08/26;INDRA;CALL;Ago-26;56,00;59.6;47,71;0,75;;137
04/08/26;INDRA;CALL;Ago-26;58,00;59.6;46,50;0,63;;6
04/08/26;INDRA;CALL;Ago-26;60,00;59.6;45,35;0,50;5;140
04/08/26;INDRA;CALL;Ago-26;62,00;59.6;44,50;0,36;1;8
04/08/26;INDRA;CALL;Ago-26;64,00;59.6;43,65;0,24;;3
04/08/26;INDRA;CALL;Ago-26;66,00;59.6;42,80;0,15;;1
04/08/26;INDRA;CALL;Sep-26;18,00;59.6;61,18;1,00;;1
04/08/26;INDRA;CALL;Sep-26;26,00;59.6;57,74;1,00;;1
04/08/26;INDRA;CALL;Sep-26;37,00;59.6;53,00;1,00;;28
04/08/26;INDRA;CALL;Sep-26;47,00;59.6;48,70;0,93;;1
04/08/26;INDRA;CALL;Sep-26;50,00;59.6;47,40;0,87;;84
04/08/26;INDRA;CALL;Sep-26;52,00;59.6;46,54;0,82;;11
04/08/26;INDRA;CALL;Sep-26;54,00;59.6;45,68;0,76;;11
04/08/26;INDRA;CALL;Sep-26;56,00;59.6;44,82;0,69;;1
04/08/26;INDRA;CALL;Sep-26;60,00;59.6;43,16;0,52;;20
04/08/26;INDRA;CALL;Sep-26;62,00;59.6;42,63;0,43;;6
04/08/26;INDRA;CALL;Sep-26;64,00;59.6;42,09;0,35;1;2
04/08/26;INDRA;CALL;Sep-26;66,00;59.6;41,55;0,27;;3
04/08/26;INDRA;CALL;Sep-26;68,00;59.6;41,01;0,21;;5
04/08/26;INDRA;CALL;Sep-26;70,00;59.6;40,48;0,15;1;98
04/08/26;INDRA;CALL;Dic-26;30,00;59.6;54,27;0,99;;25
04/08/26;INDRA;CALL;Dic-26;31,00;59.6;53,95;0,99;;25
04/08/26;INDRA;CALL;Dic-26;32,00;59.6;53,63;0,98;;25
04/08/26;INDRA;CALL;Dic-26;35,00;59.6;52,67;0,97;;25
04/08/26;INDRA;CALL;Dic-26;45,00;59.6;49,48;0,87;20;21
04/08/26;INDRA;CALL;Dic-26;47,00;59.6;48,85;0,83;;4
04/08/26;INDRA;CALL;Dic-26;48,00;59.6;48,53;0,82;;5
04/08/26;INDRA;CALL;Dic-26;50,00;59.6;47,89;0,78;;5
04/08/26;INDRA;CALL;Dic-26;52,00;59.6;47,25;0,74;;3
04/08/26;INDRA;CALL;Dic-26;54,00;59.6;46,62;0,70;;130
04/08/26;INDRA;CALL;Dic-26;56,00;59.6;45,98;0,65;;50
04/08/26;INDRA;CALL;Dic-26;58,00;59.6;45,34;0,61;;75
04/08/26;INDRA;CALL;Dic-26;60,00;59.6;44,72;0,56;1;439
04/08/26;INDRA;CALL;Dic-26;62,00;59.6;44,16;0,51;;1
04/08/26;INDRA;CALL;Dic-26;64,00;59.6;43,60;0,46;;11
04/08/26;INDRA;CALL;Dic-26;66,00;59.6;43,04;0,41;;86
04/08/26;INDRA;CALL;Dic-26;68,00;59.6;42,48;0,37;;12
04/08/26;INDRA;CALL;Dic-26;70,00;59.6;41,92;0,32;;20
04/08/26;INDRA;CALL;Mar-27;49,00;59.6;47,06;0,77;1;1
04/08/26;INDRA;CALL;Mar-27;60,00;59.6;43,59;0,58;;1
04/08/26;INDRA;CALL;Mar-27;62,00;59.6;43,43;0,54;;26
04/08/26;INDRA;CALL;Mar-27;70,00;59.6;42,81;0,40;;11
04/08/26;INDRA;CALL;Jun-27;41,00;59.6;48,26;0,87;;6
04/08/26;INDRA;CALL;Jun-27;50,00;59.6;46,04;0,75;;1
04/08/26;INDRA;CALL;Jun-27;60,00;59.6;43,67;0,60;3;3
04/08/26;INDRA;CALL;Jun-27;66,00;59.6;43,57;0,50;;1
04/08/26;INDRA;CALL;Jun-27;70,00;59.6;43,51;0,45;;1
04/08/26;INDRA;CALL;Jun-27;78,00;59.6;43,37;0,34;;2
04/08/26;INDRA;CALL;Sep-27;20,00;59.6;51,25;0,99;;1
04/08/26;INDRA;CALL;Sep-27;33,00;59.6;48,41;0,93;;2
04/08/26;INDRA;CALL;Sep-27;36,00;59.6;47,76;0,90;;1
04/08/26;INDRA;CALL;Sep-27;58,00;59.6;42,96;0,63;;1
04/08/26;INDRA;CALL;Sep-28;52,00;59.6;39,17;0,73;;25
04/08/26;INDRA;CALL;Dic-28;62,00;59.6;37,38;0,62;;25
04/08/26;INDRA;PUT;Ago-26;35,00;59.6;58,92;;;6
04/08/26;INDRA;PUT;Ago-26;38,00;59.6;57,09;;;2
04/08/26;INDRA;PUT;Ago-26;39,00;59.6;56,48;;;27
04/08/26;INDRA;PUT;Ago-26;40,00;59.6;55,87;;;11
04/08/26;INDRA;PUT;Ago-26;41,00;59.6;55,26;;;4
04/08/26;INDRA;PUT;Ago-26;42,00;59.6;54,65;;;11
04/08/26;INDRA;PUT;Ago-26;43,00;59.6;54,04;;;13
04/08/26;INDRA;PUT;Ago-26;44,00;59.6;53,43;;;5
04/08/26;INDRA;PUT;Ago-26;45,00;59.6;52,82;-0,01;1;15
04/08/26;INDRA;PUT;Ago-26;46,00;59.6;52,21;-0,01;;12
04/08/26;INDRA;PUT;Ago-26;47,00;59.6;51,60;-0,01;;9
04/08/26;INDRA;PUT;Ago-26;48,00;59.6;50,99;-0,02;;6
04/08/26;INDRA;PUT;Ago-26;49,00;59.6;50,38;-0,03;;82
04/08/26;INDRA;PUT;Ago-26;50,00;59.6;49,77;-0,05;1;16
04/08/26;INDRA;PUT;Ago-26;52,00;59.6;48,55;-0,09;;1
04/08/26;INDRA;PUT;Ago-26;54,00;59.6;47,33;-0,15;;136
04/08/26;INDRA;PUT;Ago-26;56,00;59.6;46,11;-0,25;;16
04/08/26;INDRA;PUT;Ago-26;58,00;59.6;44,90;-0,37;;11
04/08/26;INDRA;PUT;Ago-26;60,00;59.6;43,75;-0,51;;12
04/08/26;INDRA;PUT;Ago-26;62,00;59.6;42,90;-0,64;5;5
04/08/26;INDRA;PUT;Sep-26;24,00;59.6;57,87;;;4
04/08/26;INDRA;PUT;Sep-26;26,00;59.6;57,01;;;4
04/08/26;INDRA;PUT;Sep-26;30,00;59.6;55,29;;;45
04/08/26;INDRA;PUT;Sep-26;31,00;59.6;54,86;;;50
04/08/26;INDRA;PUT;Sep-26;35,00;59.6;53,13;;;1
04/08/26;INDRA;PUT;Sep-26;36,00;59.6;52,70;;;2
04/08/26;INDRA;PUT;Sep-26;37,00;59.6;52,27;;;13
04/08/26;INDRA;PUT;Sep-26;39,00;59.6;51,41;-0,01;;4
04/08/26;INDRA;PUT;Sep-26;40,00;59.6;50,98;-0,01;;2
04/08/26;INDRA;PUT;Sep-26;41,00;59.6;50,55;-0,01;;20
04/08/26;INDRA;PUT;Sep-26;42,00;59.6;50,12;-0,02;;6
04/08/26;INDRA;PUT;Sep-26;43,00;59.6;49,69;-0,02;;95
04/08/26;INDRA;PUT;Sep-26;44,00;59.6;49,26;-0,03;;21
04/08/26;INDRA;PUT;Sep-26;45,00;59.6;48,83;-0,04;;2
04/08/26;INDRA;PUT;Sep-26;46,00;59.6;48,40;-0,05;;760
04/08/26;INDRA;PUT;Sep-26;47,00;59.6;47,97;-0,07;;1
04/08/26;INDRA;PUT;Sep-26;48,00;59.6;47,54;-0,08;;17
04/08/26;INDRA;PUT;Sep-26;49,00;59.6;47,10;-0,10;;2
04/08/26;INDRA;PUT;Sep-26;50,00;59.6;46,67;-0,12;4;7
04/08/26;INDRA;PUT;Sep-26;52,00;59.6;45,81;-0,17;;71
04/08/26;INDRA;PUT;Sep-26;54,00;59.6;44,95;-0,24;;11
04/08/26;INDRA;PUT;Sep-26;56,00;59.6;44,09;-0,31;;11
04/08/26;INDRA;PUT;Sep-26;60,00;59.6;42,43;-0,48;;60
04/08/26;INDRA;PUT;Oct-26;38,00;59.6;51,34;-0,02;;5
04/08/26;INDRA;PUT;Oct-26;44,00;59.6;48,99;-0,07;;1
04/08/26;INDRA;PUT;Oct-26;47,00;59.6;47,81;-0,11;;1
04/08/26;INDRA;PUT;Oct-26;48,00;59.6;47,42;-0,13;;1
04/08/26;INDRA;PUT;Oct-26;50,00;59.6;46,64;-0,17;;1
04/08/26;INDRA;PUT;Dic-26;28,00;59.6;54,33;-0,01;;1
04/08/26;INDRA;PUT;Dic-26;30,00;59.6;53,70;-0,01;;6
04/08/26;INDRA;PUT;Dic-26;31,00;59.6;53,38;-0,01;;1
04/08/26;INDRA;PUT;Dic-26;32,00;59.6;53,06;-0,02;;10
04/08/26;INDRA;PUT;Dic-26;35,00;59.6;52,10;-0,03;;11
04/08/26;INDRA;PUT;Dic-26;37,00;59.6;51,46;-0,04;;6
04/08/26;INDRA;PUT;Dic-26;38,00;59.6;51,15;-0,05;;1
04/08/26;INDRA;PUT;Dic-26;40,00;59.6;50,51;-0,07;;11
04/08/26;INDRA;PUT;Dic-26;42,00;59.6;49,87;-0,09;1;10
04/08/26;INDRA;PUT;Dic-26;44,00;59.6;49,23;-0,12;;2
04/08/26;INDRA;PUT;Dic-26;45,00;59.6;48,91;-0,13;;2
04/08/26;INDRA;PUT;Dic-26;46,00;59.6;48,60;-0,15;;8
04/08/26;INDRA;PUT;Dic-26;47,00;59.6;48,28;-0,16;;6
04/08/26;INDRA;PUT;Dic-26;48,00;59.6;47,96;-0,18;;10
04/08/26;INDRA;PUT;Dic-26;50,00;59.6;47,32;-0,22;1;2
04/08/26;INDRA;PUT;Dic-26;52,00;59.6;46,68;-0,26;;76
04/08/26;INDRA;PUT;Dic-26;54,00;59.6;46,05;-0,30;;50
04/08/26;INDRA;PUT;Dic-26;60,00;59.6;44,15;-0,45;;50
04/08/26;INDRA;PUT;Dic-26;62,00;59.6;43,59;-0,50;;20
04/08/26;INDRA;PUT;Dic-26;70,00;59.6;41,35;-0,69;;1
04/08/26;INDRA;PUT;Mar-27;37,00;59.6;50,83;-0,08;;2
04/08/26;INDRA;PUT;Mar-27;39,00;59.6;50,18;-0,10;;1
04/08/26;INDRA;PUT;Mar-27;42,00;59.6;49,21;-0,13;;2
04/08/26;INDRA;PUT;Mar-27;43,00;59.6;48,88;-0,14;;1
04/08/26;INDRA;PUT;Mar-27;45,00;59.6;48,24;-0,17;;1
04/08/26;INDRA;PUT;Mar-27;49,00;59.6;46,94;-0,23;;20
04/08/26;INDRA;PUT;Mar-27;50,00;59.6;46,61;-0,24;2;10
04/08/26;INDRA;PUT;Mar-27;60,00;59.6;43,47;-0,43;;3
04/08/26;INDRA;PUT;Jun-27;32,00;59.6;50,71;-0,06;;1
04/08/26;INDRA;PUT;Sep-27;33,00;59.6;48,42;-0,07;;1
04/08/26;INDRA;PUT;Sep-27;36,00;59.6;47,77;-0,10;;1
04/08/26;INDRA;PUT;Sep-27;40,00;59.6;46,90;-0,14;;1
04/08/26;INDRA;PUT;Sep-27;45,00;59.6;45,80;-0,19;;15
04/08/26;INDRA;PUT;Dic-27;44,00;59.6;44,39;-0,19;;500
04/08/26;INDRA;PUT;Sep-28;47,00;59.6;39,55;-0,22;;25
04/08/26;INDRA;CALL;Ago-26;54,00;59.6;48,93;0,84;;5
04/08/26;INDRA;CALL;Ago-26;54,00;59.6;48,93;0,84;;2
04/08/26;INDRA;CALL;Ago-26;56,00;59.6;47,71;0,75;;10
04/08/26;INDRA;CALL;Dic-26;41,00;59.6;50,76;0,91;;5
04/08/26;INDRA;CALL;Dic-26;48,00;59.6;48,53;0,81;;5
04/08/26;INDRA;CALL;Dic-26;60,00;59.6;44,72;0,55;;100
04/08/26;INDRA;CALL;Dic-26;64,00;59.6;43,60;0,46;;5
04/08/26;INDRA;PUT;Ago-26;45,00;59.6;52,82;-0,01;;5
04/08/26;INDRA;PUT;Ago-26;47,00;59.6;51,60;-0,01;;5
04/08/26;INDRA;PUT;Ago-26;52,00;59.6;48,55;-0,09;;5
04/08/26;INDRA;PUT;Ago-26;54,00;59.6;47,33;-0,15;;25
04/08/26;INDRA;PUT;Sep-26;43,00;59.6;49,69;-0,02;;5
04/08/26;LABORAT. ROVI;CALL;Ago-26;56,00;58.95;26,84;0,82;;3
04/08/26;LABORAT. ROVI;CALL;Ago-26;58,00;58.95;25,79;0,63;;1
04/08/26;LABORAT. ROVI;CALL;Ago-26;60,00;58.95;25,24;0,39;;6
04/08/26;LABORAT. ROVI;CALL;Ago-26;66,00;58.95;24,97;0,02;;1
04/08/26;LABORAT. ROVI;CALL;Sep-26;58,00;58.95;24,96;0,60;;1
04/08/26;LABORAT. ROVI;CALL;Sep-26;60,00;58.95;24,46;0,45;;1
04/08/26;LABORAT. ROVI;CALL;Sep-26;62,00;58.95;24,37;0,30;;1
04/08/26;LABORAT. ROVI;CALL;Sep-26;64,00;58.95;24,28;0,19;;1
04/08/26;LABORAT. ROVI;CALL;Sep-26;66,00;58.95;24,19;0,11;;1
04/08/26;LABORAT. ROVI;CALL;Sep-26;68,00;58.95;24,10;0,05;;1
04/08/26;LABORAT. ROVI;CALL;Sep-26;78,00;58.95;23,65;;;750
04/08/26;LABORAT. ROVI;CALL;Sep-26;88,00;58.95;23,20;;;1
04/08/26;LABORAT. ROVI;CALL;Sep-26;96,00;58.95;22,83;;;15
04/08/26;LABORAT. ROVI;CALL;Oct-26;62,00;58.95;24,26;0,36;;2
04/08/26;LABORAT. ROVI;CALL;Dic-26;32,00;58.95;36,95;1,00;;2
04/08/26;LABORAT. ROVI;CALL;Dic-26;66,00;58.95;25,72;0,28;;750
04/08/26;LABORAT. ROVI;CALL;Dic-26;80,00;58.95;24,61;0,03;;15
04/08/26;LABORAT. ROVI;CALL;Dic-26;82,00;58.95;24,46;0,02;;15
04/08/26;LABORAT. ROVI;CALL;Dic-26;84,00;58.95;24,30;0,01;;15
04/08/26;LABORAT. ROVI;CALL;Dic-26;86,00;58.95;24,14;0,01;;15
04/08/26;LABORAT. ROVI;CALL;Dic-26;88,00;58.95;23,98;;;14
04/08/26;LABORAT. ROVI;CALL;Dic-26;90,00;58.95;23,82;;;14
04/08/26;LABORAT. ROVI;CALL;Dic-26;92,00;58.95;23,66;;;5
04/08/26;LABORAT. ROVI;CALL;Dic-26;96,00;58.95;23,35;;;5
04/08/26;LABORAT. ROVI;CALL;Dic-26;100,00;58.95;23,03;;;5
04/08/26;LABORAT. ROVI;CALL;Mar-27;70,00;58.95;26,52;0,26;;2
04/08/26;LABORAT. ROVI;CALL;Mar-27;88,00;58.95;25,00;0,03;;10
04/08/26;LABORAT. ROVI;CALL;Jun-27;56,00;58.95;28,78;0,66;;18
04/08/26;LABORAT. ROVI;CALL;Jun-27;80,00;58.95;26,16;0,15;;16
04/08/26;LABORAT. ROVI;PUT;Ago-26;50,00;58.95;32,04;-0,01;;7
04/08/26;LABORAT. ROVI;PUT;Ago-26;52,00;58.95;30,98;-0,03;;16
04/08/26;LABORAT. ROVI;PUT;Ago-26;54,00;58.95;29,93;-0,08;;14
04/08/26;LABORAT. ROVI;PUT;Ago-26;56,00;58.95;28,88;-0,19;;11
04/08/26;LABORAT. ROVI;PUT;Ago-26;58,00;58.95;27,83;-0,38;;10
04/08/26;LABORAT. ROVI;PUT;Sep-26;48,00;58.95;29,78;-0,02;;1
04/08/26;LABORAT. ROVI;PUT;Sep-26;50,00;58.95;28,84;-0,04;;1
04/08/26;LABORAT. ROVI;PUT;Sep-26;54,00;58.95;26,96;-0,16;1;7
04/08/26;LABORAT. ROVI;PUT;Sep-26;56,00;58.95;26,02;-0,26;;11
04/08/26;LABORAT. ROVI;PUT;Sep-26;58,00;58.95;25,09;-0,40;;5
04/08/26;LABORAT. ROVI;PUT;Sep-26;60,00;58.95;24,59;-0,56;;6
04/08/26;LABORAT. ROVI;PUT;Sep-26;64,00;58.95;24,41;-0,82;;2
04/08/26;LABORAT. ROVI;PUT;Sep-26;70,00;58.95;24,14;-1,00;;1.500
04/08/26;LABORAT. ROVI;PUT;Sep-26;72,00;58.95;24,05;-1,00;;2
04/08/26;LABORAT. ROVI;PUT;Oct-26;60,00;58.95;24,13;-0,53;;10
04/08/26;LABORAT. ROVI;PUT;Dic-26;40,00;58.95;33,26;-0,02;;1
04/08/26;LABORAT. ROVI;PUT;Dic-26;50,00;58.95;29,30;-0,15;;2
04/08/26;LABORAT. ROVI;PUT;Dic-26;52,00;58.95;28,51;-0,20;;1
04/08/26;LABORAT. ROVI;PUT;Dic-26;54,00;58.95;27,72;-0,26;;6
04/08/26;LABORAT. ROVI;PUT;Dic-26;56,00;58.95;26,93;-0,33;;6
04/08/26;LABORAT. ROVI;PUT;Dic-26;58,00;58.95;26,14;-0,41;;5
04/08/26;LABORAT. ROVI;PUT;Dic-26;60,00;58.95;25,68;-0,50;;45
04/08/26;LABORAT. ROVI;PUT;Dic-26;62,00;58.95;25,52;-0,59;;1.500
04/08/26;LABORAT. ROVI;PUT;Dic-26;66,00;58.95;25,20;-0,74;;10
04/08/26;LABORAT. ROVI;PUT;Dic-26;68,00;58.95;25,04;-0,81;;65
04/08/26;LABORAT. ROVI;PUT;Dic-26;76,00;58.95;24,41;-0,99;;6
04/08/26;LABORAT. ROVI;PUT;Mar-27;50,00;58.95;29,61;-0,19;;1
04/08/26;LABORAT. ROVI;PUT;Mar-27;54,00;58.95;28,33;-0,29;;5
04/08/26;LABORAT. ROVI;PUT;Mar-27;56,00;58.95;27,68;-0,35;;6
04/08/26;LABORAT. ROVI;PUT;Mar-27;58,00;58.95;27,04;-0,41;;7
04/08/26;LABORAT. ROVI;PUT;Mar-27;60,00;58.95;26,64;-0,47;;8
04/08/26;LABORAT. ROVI;PUT;Mar-27;62,00;58.95;26,47;-0,54;;2
04/08/26;LABORAT. ROVI;PUT;Jun-27;43,00;58.95;31,95;-0,10;;10
04/08/26;LABORAT. ROVI;PUT;Jun-27;44,00;58.95;31,67;-0,12;;20
04/08/26;LABORAT. ROVI;PUT;Jun-27;45,00;58.95;31,38;-0,13;;5
04/08/26;LABORAT. ROVI;PUT;Jun-27;54,00;58.95;28,84;-0,30;;1
04/08/26;LABORAT. ROVI;PUT;Jun-27;58,00;58.95;27,71;-0,40;;1
04/08/26;LABORAT. ROVI;PUT;Jun-27;60,00;58.95;27,35;-0,46;;2
04/08/26;LABORAT. ROVI;PUT;Jun-27;70,00;58.95;26,50;-0,72;;1
04/08/26;LABORAT. ROVI;PUT;Mar-27;50,00;58.95;29,61;-0,19;;3
04/08/26;MAPFRE;CALL;Ago-26;4,40;4.4;21,53;0,52;;1
04/08/26;MAPFRE;CALL;Ago-26;4,50;4.4;21,31;0,33;;73
04/08/26;MAPFRE;CALL;Ago-26;4,60;4.4;21,10;0,18;;60
04/08/26;MAPFRE;CALL;Sep-26;3,80;4.4;22,37;0,97;;1
04/08/26;MAPFRE;CALL;Sep-26;3,90;4.4;22,29;0,95;;10
04/08/26;MAPFRE;CALL;Sep-26;4,00;4.4;22,21;0,90;;16
04/08/26;MAPFRE;CALL;Sep-26;4,10;4.4;22,14;0,84;;20
04/08/26;MAPFRE;CALL;Sep-26;4,20;4.4;22,06;0,75;;783
04/08/26;MAPFRE;CALL;Sep-26;4,30;4.4;21,99;0,65;;5
04/08/26;MAPFRE;CALL;Sep-26;4,40;4.4;21,91;0,53;;3
04/08/26;MAPFRE;CALL;Sep-26;4,50;4.4;21,78;0,42;;13
04/08/26;MAPFRE;CALL;Sep-26;4,70;4.4;21,50;0,21;;15
04/08/26;MAPFRE;CALL;Dic-26;3,90;4.4;21,96;0,86;;5
04/08/26;MAPFRE;CALL;Dic-26;4,10;4.4;21,88;0,75;;35
04/08/26;MAPFRE;CALL;Dic-26;4,40;4.4;21,77;0,55;;10
04/08/26;MAPFRE;CALL;Dic-26;4,50;4.4;21,67;0,48;;11
04/08/26;MAPFRE;CALL;Mar-27;4,00;4.4;22,86;0,75;;1
04/08/26;MAPFRE;CALL;Mar-27;4,90;4.4;22,30;0,30;;15
04/08/26;MAPFRE;CALL;Jun-27;4,20;4.4;23,94;0,64;;7
04/08/26;MAPFRE;CALL;Jun-27;4,30;4.4;23,90;0,59;;8
04/08/26;MAPFRE;CALL;Jun-27;5,00;4.4;23,41;0,31;;1
04/08/26;MAPFRE;CALL;Dic-27;5,00;4.4;24,91;0,36;;5
04/08/26;MAPFRE;PUT;Ago-26;4,20;4.4;21,94;-0,15;;25
04/08/26;MAPFRE;PUT;Ago-26;4,30;4.4;21,71;-0,29;;27
04/08/26;MAPFRE;PUT;Sep-26;1,70;4.4;25,26;;;20
04/08/26;MAPFRE;PUT;Sep-26;3,20;4.4;24,12;;;2
04/08/26;MAPFRE;PUT;Sep-26;3,30;4.4;24,04;;;2
04/08/26;MAPFRE;PUT;Sep-26;3,60;4.4;23,82;-0,01;;5
04/08/26;MAPFRE;PUT;Sep-26;3,70;4.4;23,74;-0,02;;50
04/08/26;MAPFRE;PUT;Sep-26;4,30;4.4;23,29;-0,36;;1
04/08/26;MAPFRE;PUT;Sep-26;5,00;4.4;22,39;-0,96;;9
04/08/26;MAPFRE;PUT;Dic-26;3,20;4.4;22,39;-0,01;;2
04/08/26;MAPFRE;PUT;Dic-26;3,60;4.4;22,23;-0,07;;3
04/08/26;MAPFRE;PUT;Dic-26;3,70;4.4;22,20;-0,10;;116
04/08/26;MAPFRE;PUT;Dic-26;3,80;4.4;22,16;-0,14;;20
04/08/26;MAPFRE;PUT;Dic-26;4,00;4.4;22,08;-0,24;;5
04/08/26;MAPFRE;PUT;Dic-26;4,10;4.4;22,04;-0,30;;2
04/08/26;MAPFRE;PUT;Dic-26;4,20;4.4;22,01;-0,37;;50
04/08/26;MAPFRE;PUT;Dic-26;4,50;4.4;21,83;-0,57;;20
04/08/26;MAPFRE;PUT;Mar-27;3,50;4.4;21,62;-0,08;;4
04/08/26;MAPFRE;PUT;Mar-27;3,60;4.4;21,58;-0,11;;1
04/08/26;MAPFRE;PUT;Mar-27;3,70;4.4;21,55;-0,14;;5
04/08/26;MAPFRE;PUT;Mar-27;4,00;4.4;21,43;-0,27;;3.000
04/08/26;MAPFRE;PUT;Dic-27;3,60;4.4;22,76;-0,22;;10
04/08/26;MELIA HOTELS;CALL;Ago-26;13,00;10.44;27,46;;;2
04/08/26;MELIA HOTELS;CALL;Ago-26;13,50;10.44;26,86;;;2
04/08/26;MELIA HOTELS;CALL;Sep-26;7,75;10.44;36,85;0,99;;5
04/08/26;MELIA HOTELS;CALL;Sep-26;8,00;10.44;36,37;0,99;;1.900
04/08/26;MELIA HOTELS;CALL;Sep-26;8,50;10.44;35,42;0,96;;6
04/08/26;MELIA HOTELS;CALL;Sep-26;12,50;10.44;29,46;0,05;;25
04/08/26;MELIA HOTELS;CALL;Dic-26;10,00;10.44;31,16;0,64;;20
04/08/26;MELIA HOTELS;CALL;Dic-26;11,50;10.44;29,61;0,35;;3
04/08/26;MELIA HOTELS;CALL;Dic-26;13,00;10.44;28,42;0,13;;35
04/08/26;MELIA HOTELS;CALL;Mar-27;7,75;10.44;33,67;0,91;;8
04/08/26;MELIA HOTELS;CALL;Mar-27;8,75;10.44;32,36;0,81;;5
04/08/26;MELIA HOTELS;CALL;Mar-27;12,00;10.44;29,05;0,34;;400
04/08/26;MELIA HOTELS;CALL;Mar-27;12,50;10.44;28,70;0,27;;50
04/08/26;MELIA HOTELS;CALL;Jun-27;7,50;10.44;32,52;0,91;;5
04/08/26;MELIA HOTELS;CALL;Jun-27;7,75;10.44;32,27;0,89;;5
04/08/26;MELIA HOTELS;CALL;Sep-27;7,25;10.44;32,05;0,92;;5
04/08/26;MELIA HOTELS;CALL;Dic-27;7,00;10.44;31,63;0,92;;2
04/08/26;MELIA HOTELS;PUT;Ago-26;10,00;10.44;34,65;-0,27;;4
04/08/26;MELIA HOTELS;PUT;Ago-26;10,50;10.44;33,68;-0,51;;5
04/08/26;MELIA HOTELS;PUT;Ago-26;11,50;10.44;32,46;-0,91;;10
04/08/26;MELIA HOTELS;PUT;Sep-26;10,00;10.44;33,46;-0,33;25;25
04/08/26;MELIA HOTELS;PUT;Sep-26;10,50;10.44;32,55;-0,49;;400
04/08/26;MELIA HOTELS;PUT;Sep-26;11,00;10.44;32,01;-0,65;;50
04/08/26;MELIA HOTELS;PUT;Dic-26;8,25;10.44;34,16;-0,10;;30
04/08/26;MELIA HOTELS;PUT;Dic-26;11,00;10.44;30,21;-0,57;;10
04/08/26;MELIA HOTELS;PUT;Mar-27;9,25;10.44;31,05;-0,25;;50
04/08/26;MELIA HOTELS;PUT;Mar-27;9,50;10.44;30,72;-0,29;;100
04/08/26;MELIA HOTELS;PUT;Mar-27;9,75;10.44;30,39;-0,33;;25
04/08/26;MELIA HOTELS;PUT;Mar-27;10,00;10.44;30,07;-0,36;;100
04/08/26;MELIA HOTELS;PUT;Mar-27;11,00;10.44;29,10;-0,53;;3
04/08/26;MERLIN;CALL;Ago-26;16,50;14.9;24,56;0,03;;1
04/08/26;MERLIN;CALL;Sep-26;16,00;14.9;24,55;0,23;;14.718
04/08/26;MERLIN;CALL;Sep-26;16,50;14.9;24,32;0,13;;4.700
04/08/26;MERLIN;CALL;Dic-26;15,50;14.9;24,67;0,44;;6
04/08/26;MERLIN;CALL;Dic-26;16,50;14.9;24,29;0,27;;14.693
04/08/26;MERLIN;CALL;Mar-27;14,50;14.9;25,12;0,60;;5
04/08/26;MERLIN;CALL;Mar-27;16,00;14.9;24,29;0,40;;3
04/08/26;MERLIN;PUT;Ago-26;14,00;14.9;26,64;-0,13;;1
04/08/26;MERLIN;PUT;Ago-26;14,50;14.9;25,71;-0,30;;10
04/08/26;MERLIN;PUT;Sep-26;10,00;14.9;33,02;;;1
04/08/26;MERLIN;PUT;Sep-26;12,00;14.9;29,71;-0,02;;2
04/08/26;MERLIN;PUT;Sep-26;12,50;14.9;28,88;-0,03;;1
04/08/26;MERLIN;PUT;Sep-26;14,00;14.9;26,40;-0,23;;1
04/08/26;MERLIN;PUT;Sep-26;14,50;14.9;25,57;-0,35;;44
04/08/26;MERLIN;PUT;Sep-26;15,00;14.9;24,86;-0,50;;100
04/08/26;MERLIN;PUT;Sep-26;15,50;14.9;24,63;-0,65;;1
04/08/26;MERLIN;PUT;Oct-26;14,50;14.9;25,60;-0,37;;25
04/08/26;MERLIN;PUT;Dic-26;11,00;14.9;30,79;-0,05;;300
04/08/26;MERLIN;PUT;Dic-26;14,00;14.9;26,50;-0,33;;35
04/08/26;MERLIN;PUT;Mar-27;13,50;14.9;25,13;-0,28;;12
04/08/26;MERLIN;PUT;Jun-27;14,50;14.9;22,49;-0,42;;3
04/08/26;MERLIN;PUT;Jun-27;15,00;14.9;22,04;-0,49;;10
04/08/26;MERLIN;PUT;Dic-27;12,50;14.9;23,79;-0,23;;5.000
04/08/26;NATURGY;CALL;Ago-26;29,00;28.38;18,19;0,31;;1
04/08/26;NATURGY;CALL;Ago-26;30,00;28.38;17,51;0,08;;18
04/08/26;NATURGY;CALL;Ago-26;31,00;28.38;16,83;0,01;;2
04/08/26;NATURGY;CALL;Ago-26;33,00;28.38;15,46;;;30
04/08/26;NATURGY;CALL;Sep-26;29,00;28.38;17,84;0,39;;78
04/08/26;NATURGY;CALL;Sep-26;30,00;28.38;17,25;0,20;;152
04/08/26;NATURGY;CALL;Sep-26;31,00;28.38;16,66;0,08;;145
04/08/26;NATURGY;CALL;Dic-26;27,00;28.38;20,33;0,71;;11
04/08/26;NATURGY;CALL;Dic-26;28,00;28.38;19,42;0,59;;24
04/08/26;NATURGY;CALL;Dic-26;29,00;28.38;18,76;0,45;;495
04/08/26;NATURGY;CALL;Dic-26;30,00;28.38;18,25;0,32;;298
04/08/26;NATURGY;CALL;Dic-26;31,00;28.38;17,75;0,21;;113
04/08/26;NATURGY;CALL;Dic-26;32,00;28.38;17,24;0,12;;7
04/08/26;NATURGY;CALL;Dic-26;35,00;28.38;15,73;0,01;;1
04/08/26;NATURGY;CALL;Mar-27;25,00;28.38;22,30;0,82;;2
04/08/26;NATURGY;CALL;Mar-27;26,00;28.38;21,55;0,74;;90
04/08/26;NATURGY;CALL;Mar-27;27,00;28.38;20,80;0,66;;2
04/08/26;NATURGY;CALL;Mar-27;28,00;28.38;20,05;0,57;;11
04/08/26;NATURGY;CALL;Mar-27;29,00;28.38;19,49;0,47;;200
04/08/26;NATURGY;CALL;Mar-27;30,00;28.38;19,06;0,37;;300
04/08/26;NATURGY;CALL;Mar-27;32,00;28.38;18,19;0,21;;1
04/08/26;NATURGY;CALL;Mar-27;33,00;28.38;17,75;0,15;;2
04/08/26;NATURGY;CALL;Jun-27;25,00;28.38;22,74;0,79;;385
04/08/26;NATURGY;CALL;Jun-27;26,00;28.38;22,07;0,72;;2
04/08/26;NATURGY;CALL;Jun-27;27,00;28.38;21,40;0,64;;2
04/08/26;NATURGY;CALL;Jun-27;32,00;28.38;19,12;0,25;;400
04/08/26;NATURGY;CALL;Jun-27;33,00;28.38;18,74;0,19;;1
04/08/26;NATURGY;CALL;Jun-27;35,00;28.38;17,99;0,10;;1
04/08/26;NATURGY;CALL;Dic-27;30,00;28.38;20,93;0,41;;1
04/08/26;NATURGY;PUT;Ago-26;25,00;28.38;23,48;-0,01;;2
04/08/26;NATURGY;PUT;Ago-26;26,00;28.38;22,11;-0,03;;3
04/08/26;NATURGY;PUT;Ago-26;27,00;28.38;20,75;-0,12;;31
04/08/26;NATURGY;PUT;Ago-26;28,00;28.38;19,39;-0,36;;62
04/08/26;NATURGY;PUT;Ago-26;29,00;28.38;18,45;-0,70;2;28
04/08/26;NATURGY;PUT;Sep-26;18,00;28.38;29,98;;;10
04/08/26;NATURGY;PUT;Sep-26;19,00;28.38;28,82;;;25
04/08/26;NATURGY;PUT;Sep-26;19,50;28.38;28,24;;;25
04/08/26;NATURGY;PUT;Sep-26;20,00;28.38;27,65;;;26
04/08/26;NATURGY;PUT;Sep-26;21,00;28.38;26,49;;;28
04/08/26;NATURGY;PUT;Sep-26;22,00;28.38;25,33;;;27
04/08/26;NATURGY;PUT;Sep-26;23,00;28.38;24,17;-0,01;;30
04/08/26;NATURGY;PUT;Sep-26;24,00;28.38;23,00;-0,02;;328
04/08/26;NATURGY;PUT;Sep-26;25,00;28.38;21,84;-0,04;;23
04/08/26;NATURGY;PUT;Sep-26;26,00;28.38;20,68;-0,10;;3
04/08/26;NATURGY;PUT;Sep-26;27,00;28.38;19,51;-0,21;1;63
04/08/26;NATURGY;PUT;Sep-26;28,00;28.38;18,35;-0,39;5;30
04/08/26;NATURGY;PUT;Sep-26;29,00;28.38;17,55;-0,62;5;149
04/08/26;NATURGY;PUT;Oct-26;24,00;28.38;22,76;-0,04;;2
04/08/26;NATURGY;PUT;Oct-26;28,00;28.38;18,29;-0,40;;11
04/08/26;NATURGY;PUT;Dic-26;18,00;28.38;27,32;;;2
04/08/26;NATURGY;PUT;Dic-26;19,50;28.38;25,95;-0,01;;5
04/08/26;NATURGY;PUT;Dic-26;20,00;28.38;25,49;-0,01;;13
04/08/26;NATURGY;PUT;Dic-26;22,00;28.38;23,65;-0,04;;2
04/08/26;NATURGY;PUT;Dic-26;23,00;28.38;22,74;-0,07;;11
04/08/26;NATURGY;PUT;Dic-26;24,00;28.38;21,82;-0,11;;2.142
04/08/26;NATURGY;PUT;Dic-26;25,00;28.38;20,91;-0,17;;125
04/08/26;NATURGY;PUT;Dic-26;26,00;28.38;19,99;-0,25;;109
04/08/26;NATURGY;PUT;Dic-26;27,00;28.38;19,07;-0,36;;20
04/08/26;NATURGY;PUT;Dic-26;28,00;28.38;18,16;-0,48;;3
04/08/26;NATURGY;PUT;Dic-26;29,00;28.38;17,50;-0,61;;27
04/08/26;NATURGY;PUT;Mar-27;18,00;28.38;25,85;-0,01;;1
04/08/26;NATURGY;PUT;Mar-27;24,00;28.38;21,34;-0,15;;501
04/08/26;NATURGY;PUT;Mar-27;26,00;28.38;19,84;-0,28;;193
04/08/26;NATURGY;PUT;Mar-27;28,00;28.38;18,34;-0,47;;1
04/08/26;NATURGY;PUT;Jun-27;25,00;28.38;20,10;-0,26;;5
04/08/26;NATURGY;PUT;Jun-27;26,00;28.38;19,43;-0,33;;1
04/08/26;NATURGY;PUT;Jun-27;27,00;28.38;18,76;-0,41;;2
04/08/26;NATURGY;PUT;Jun-27;28,00;28.38;18,09;-0,50;;12
04/08/26;NATURGY;PUT;Jun-27;32,00;28.38;16,48;-0,81;;1
04/08/26;NATURGY;PUT;Sep-27;26,00;28.38;19,50;-0,37;;95
04/08/26;NATURGY;PUT;Dic-27;26,00;28.38;19,51;-0,40;;97
04/08/26;NATURGY;PUT;Jun-28;26,00;28.38;19,35;-0,42;;95
04/08/26;NATURGY;PUT;Dic-26;28,00;28.38;18,16;-0,47;;2
04/08/26;OBRASCON HUARTE;CALL;Sep-26;0,25;0.43;48,78;1,00;;600
04/08/26;OBRASCON HUARTE;CALL;Sep-26;0,40;0.43;48,20;0,72;;120
04/08/26;OBRASCON HUARTE;CALL;Dic-26;0,50;0.43;42,57;0,35;;1
04/08/26;OBRASCON HUARTE;CALL;Mar-27;0,40;0.43;45,03;0,67;;200
04/08/26;OBRASCON HUARTE;CALL;Jun-27;0,35;0.43;45,54;0,78;;1.000
04/08/26;OBRASCON HUARTE;CALL;Mar-28;0,50;0.43;43,95;0,54;;10
04/08/26;OBRASCON HUARTE;CALL;Mar-28;0,60;0.43;43,95;0,41;;50
04/08/26;OBRASCON HUARTE;CALL;Jun-28;0,35;0.43;44,07;0,77;;300
04/08/26;PHARMA MAR;CALL;Ago-26;78,00;78.8;44,15;0,57;;2
04/08/26;PHARMA MAR;CALL;Ago-26;80,00;78.8;43,30;0,46;;4
04/08/26;PHARMA MAR;CALL;Ago-26;88,00;78.8;40,94;0,12;;4
04/08/26;PHARMA MAR;CALL;Ago-26;90,00;78.8;40,34;0,07;;6
04/08/26;PHARMA MAR;CALL;Sep-26;78,00;78.8;43,56;0,56;;1
04/08/26;PHARMA MAR;CALL;Sep-26;84,00;78.8;41,90;0,37;;5
04/08/26;PHARMA MAR;CALL;Sep-26;92,00;78.8;40,07;0,16;;4
04/08/26;PHARMA MAR;CALL;Sep-26;130,00;78.8;31,39;;;2
04/08/26;PHARMA MAR;CALL;Sep-26;135,00;78.8;30,25;;;4
04/08/26;PHARMA MAR;CALL;Sep-26;140,00;78.8;29,11;;;2
04/08/26;PHARMA MAR;CALL;Sep-26;150,00;78.8;26,83;;;4
04/08/26;PHARMA MAR;CALL;Dic-26;76,00;78.8;45,31;0,62;;1
04/08/26;PHARMA MAR;CALL;Dic-26;100,00;78.8;42,71;0,23;;6
04/08/26;PHARMA MAR;CALL;Dic-26;110,00;78.8;42,16;0,13;;1
04/08/26;PHARMA MAR;CALL;Mar-27;88,00;78.8;41,52;0,45;;1
04/08/26;PHARMA MAR;CALL;Mar-27;105,00;78.8;40,66;0,25;;5
04/08/26;PHARMA MAR;PUT;Ago-26;66,00;78.8;54,14;-0,06;;2
04/08/26;PHARMA MAR;PUT;Ago-26;70,00;78.8;51,69;-0,13;;1
04/08/26;PHARMA MAR;PUT;Ago-26;74,00;78.8;49,23;-0,26;;2
04/08/26;PHARMA MAR;PUT;Ago-26;80,00;78.8;45,93;-0,54;;2
04/08/26;PHARMA MAR;PUT;Sep-26;33,00;78.8;70,88;;;10
04/08/26;PHARMA MAR;PUT;Sep-26;36,00;78.8;69,12;;;5
04/08/26;PHARMA MAR;PUT;Sep-26;45,00;78.8;63,87;;;20
04/08/26;PHARMA MAR;PUT;Sep-26;46,00;78.8;63,29;-0,01;;9
04/08/26;PHARMA MAR;PUT;Sep-26;47,00;78.8;62,70;-0,01;;12
04/08/26;PHARMA MAR;PUT;Sep-26;60,00;78.8;55,11;-0,06;;6
04/08/26;PHARMA MAR;PUT;Sep-26;62,00;78.8;53,95;-0,09;;5
04/08/26;PHARMA MAR;PUT;Sep-26;66,00;78.8;51,61;-0,14;;3
04/08/26;PHARMA MAR;PUT;Sep-26;70,00;78.8;49,28;-0,22;;1
04/08/26;PHARMA MAR;PUT;Sep-26;82,00;78.8;43,41;-0,57;;5
04/08/26;PHARMA MAR;PUT;Sep-26;88,00;78.8;42,04;-0,75;;1
04/08/26;PHARMA MAR;PUT;Sep-26;92,00;78.8;41,12;-0,84;;1
04/08/26;PHARMA MAR;PUT;Dic-26;29,00;78.8;69,47;;;5
04/08/26;PHARMA MAR;PUT;Dic-26;46,00;78.8;60,77;-0,05;;2
04/08/26;PHARMA MAR;PUT;Dic-26;48,00;78.8;59,74;-0,06;;1
04/08/26;PHARMA MAR;PUT;Dic-26;60,00;78.8;53,60;-0,15;;2
04/08/26;PHARMA MAR;PUT;Dic-26;62,00;78.8;52,58;-0,18;;1
04/08/26;PHARMA MAR;PUT;Dic-26;70,00;78.8;48,48;-0,28;;1
04/08/26;PHARMA MAR;PUT;Dic-26;76,00;78.8;45,41;-0,38;;15
04/08/26;PHARMA MAR;PUT;Dic-26;78,00;78.8;44,39;-0,42;;10
04/08/26;PHARMA MAR;PUT;Mar-27;41,00;78.8;57,80;-0,04;;8
04/08/26;PHARMA MAR;PUT;Mar-27;43,00;78.8;57,01;-0,05;;3
04/08/26;PHARMA MAR;PUT;Mar-27;52,00;78.8;53,43;-0,11;;1
04/08/26;PHARMA MAR;PUT;Mar-27;78,00;78.8;43,09;-0,41;;1
04/08/26;PHARMA MAR;PUT;Mar-27;80,00;78.8;42,71;-0,44;;2
04/08/26;PHARMA MAR;PUT;Mar-27;105,00;78.8;41,44;-0,77;;1
04/08/26;PHARMA MAR;PUT;Jun-27;39,00;78.8;55,30;-0,05;;3
04/08/26;PHARMA MAR;PUT;Jun-27;42,00;78.8;54,37;-0,06;;1
04/08/26;PHARMA MAR;PUT;Jun-27;44,00;78.8;53,76;-0,07;;3
04/08/26;PHARMA MAR;PUT;Jun-27;48,00;78.8;52,52;-0,10;1;1
04/08/26;PHARMA MAR;PUT;Jun-27;60,00;78.8;48,82;-0,19;;1
04/08/26;PHARMA MAR;PUT;Jun-27;66,00;78.8;46,96;-0,25;;1
04/08/26;PHARMA MAR;PUT;Jun-27;70,00;78.8;45,73;-0,30;;2
04/08/26;PUIG;CALL;Ago-26;15,50;16.58;32,45;0,84;;5
04/08/26;PUIG;CALL;Ago-26;16,00;16.58;32,11;0,71;;5
04/08/26;PUIG;CALL;Ago-26;16,50;16.58;31,78;0,55;;25
04/08/26;PUIG;CALL;Ago-26;17,00;16.58;31,11;0,37;;8
04/08/26;PUIG;CALL;Ago-26;17,50;16.58;30,36;0,22;;6
04/08/26;PUIG;CALL;Ago-26;18,00;16.58;29,62;0,11;;13
04/08/26;PUIG;CALL;Sep-26;11,00;16.58;40,49;1,00;;1
04/08/26;PUIG;CALL;Sep-26;14,50;16.58;38,31;0,86;;3
04/08/26;PUIG;CALL;Sep-26;16,00;16.58;37,37;0,64;;9
04/08/26;PUIG;CALL;Sep-26;16,50;16.58;37,06;0,55;;1
04/08/26;PUIG;CALL;Sep-26;17,00;16.58;36,54;0,46;;18
04/08/26;PUIG;CALL;Sep-26;17,50;16.58;35,97;0,37;;8.911
04/08/26;PUIG;CALL;Sep-26;18,00;16.58;35,41;0,28;;4
04/08/26;PUIG;CALL;Sep-26;18,50;16.58;34,85;0,21;;19
04/08/26;PUIG;CALL;Sep-26;19,00;16.58;34,29;0,15;;8
04/08/26;PUIG;CALL;Sep-26;19,50;16.58;33,72;0,10;;2
04/08/26;PUIG;CALL;Sep-26;20,00;16.58;33,16;0,06;;14
04/08/26;PUIG;CALL;Sep-26;21,00;16.58;32,03;0,02;;8.553
04/08/26;PUIG;CALL;Oct-26;17,00;16.58;37,85;0,49;;5
04/08/26;PUIG;CALL;Dic-26;15,00;16.58;38,03;0,72;;3
04/08/26;PUIG;CALL;Dic-26;16,50;16.58;37,19;0,57;;2
04/08/26;PUIG;CALL;Dic-26;17,00;16.58;37,07;0,52;;10
04/08/26;PUIG;CALL;Dic-26;18,00;16.58;36,91;0,42;;38
04/08/26;PUIG;CALL;Dic-26;18,50;16.58;36,83;0,37;;6
04/08/26;PUIG;CALL;Dic-26;19,00;16.58;36,75;0,33;;1
04/08/26;PUIG;CALL;Dic-26;19,50;16.58;36,67;0,29;;20
04/08/26;PUIG;CALL;Dic-26;23,00;16.58;36,11;0,09;;1
04/08/26;PUIG;CALL;Jun-27;11,00;16.58;35,66;0,94;;5
04/08/26;PUIG;CALL;Jun-27;15,50;16.58;33,94;0,67;;4
04/08/26;PUIG;CALL;Jun-27;16,00;16.58;33,75;0,63;;1
04/08/26;PUIG;CALL;Jun-27;16,50;16.58;33,56;0,60;;2
04/08/26;PUIG;PUT;Ago-26;12,50;16.58;34,88;;;3
04/08/26;PUIG;PUT;Ago-26;14,50;16.58;33,55;-0,03;;10
04/08/26;PUIG;PUT;Ago-26;15,00;16.58;33,22;-0,07;;6
04/08/26;PUIG;PUT;Ago-26;15,50;16.58;32,89;-0,16;;4
04/08/26;PUIG;PUT;Ago-26;16,00;16.58;32,55;-0,29;;5
04/08/26;PUIG;PUT;Ago-26;16,50;16.58;32,22;-0,45;;20
04/08/26;PUIG;PUT;Ago-26;17,00;16.58;31,55;-0,63;;15
04/08/26;PUIG;PUT;Sep-26;12,00;16.58;39,38;-0,01;;5
04/08/26;PUIG;PUT;Sep-26;12,50;16.58;39,07;-0,02;;149
04/08/26;PUIG;PUT;Sep-26;13,00;16.58;38,76;-0,03;;22
04/08/26;PUIG;PUT;Sep-26;13,50;16.58;38,45;-0,05;;18
04/08/26;PUIG;PUT;Sep-26;14,00;16.58;38,14;-0,09;;42
04/08/26;PUIG;PUT;Sep-26;14,50;16.58;37,83;-0,14;;1
04/08/26;PUIG;PUT;Sep-26;15,00;16.58;37,51;-0,20;2;8.347
04/08/26;PUIG;PUT;Sep-26;15,50;16.58;37,20;-0,28;;6
04/08/26;PUIG;PUT;Sep-26;16,00;16.58;36,89;-0,36;2;252
04/08/26;PUIG;PUT;Sep-26;16,50;16.58;36,58;-0,45;;13
04/08/26;PUIG;PUT;Sep-26;17,00;16.58;36,06;-0,55;;5
04/08/26;PUIG;PUT;Sep-26;17,50;16.58;35,49;-0,64;;4
04/08/26;PUIG;PUT;Oct-26;16,50;16.58;37,36;-0,45;1;1
04/08/26;PUIG;PUT;Dic-26;11,00;16.58;39,05;-0,03;;2
04/08/26;PUIG;PUT;Dic-26;12,00;16.58;38,49;-0,06;;500
04/08/26;PUIG;PUT;Dic-26;12,50;16.58;38,21;-0,09;;5
04/08/26;PUIG;PUT;Dic-26;13,00;16.58;37,93;-0,12;;3
04/08/26;PUIG;PUT;Dic-26;13,50;16.58;37,64;-0,15;;4
04/08/26;PUIG;PUT;Dic-26;14,00;16.58;37,36;-0,19;;52
04/08/26;PUIG;PUT;Dic-26;14,50;16.58;37,08;-0,23;;2.467
04/08/26;PUIG;PUT;Dic-26;15,00;16.58;36,80;-0,28;;41
04/08/26;PUIG;PUT;Dic-26;15,50;16.58;36,52;-0,33;;30
04/08/26;PUIG;PUT;Dic-26;16,00;16.58;36,24;-0,38;;31
04/08/26;PUIG;PUT;Dic-26;16,50;16.58;35,96;-0,44;;21
04/08/26;PUIG;PUT;Dic-26;17,00;16.58;35,84;-0,49;;11
04/08/26;PUIG;PUT;Dic-26;17,50;16.58;35,76;-0,55;;10
04/08/26;PUIG;PUT;Dic-26;18,00;16.58;35,68;-0,60;;5
04/08/26;PUIG;PUT;Dic-26;21,00;16.58;35,20;-0,85;;6
04/08/26;PUIG;PUT;Dic-26;32,00;16.58;33,43;-1,00;;1
04/08/26;PUIG;PUT;Mar-27;12,00;16.58;37,11;-0,10;;1
04/08/26;PUIG;PUT;Mar-27;13,00;16.58;36,61;-0,15;;1
04/08/26;PUIG;PUT;Mar-27;13,50;16.58;36,36;-0,18;;5
04/08/26;PUIG;PUT;Mar-27;14,00;16.58;36,11;-0,22;;2
04/08/26;PUIG;PUT;Mar-27;15,00;16.58;35,60;-0,30;;10
04/08/26;PUIG;PUT;Mar-27;15,50;16.58;35,35;-0,34;;7
04/08/26;PUIG;PUT;Mar-27;16,00;16.58;35,10;-0,38;;85
04/08/26;PUIG;PUT;Mar-27;16,50;16.58;34,85;-0,42;;274
04/08/26;PUIG;PUT;Jun-27;14,00;16.58;32,97;-0,25;;4
04/08/26;PUIG;PUT;Jun-27;16,00;16.58;32,20;-0,40;;411
04/08/26;PUIG;PUT;Jun-27;16,50;16.58;32,01;-0,44;;2
04/08/26;PUIG;PUT;Jun-27;21,00;16.58;29,58;-0,77;;20
04/08/26;PUIG;PUT;Sep-27;11,00;16.58;31,86;-0,08;;19
04/08/26;PUIG;PUT;Dic-27;15,00;16.58;29,36;-0,32;;4
04/08/26;PUIG;PUT;Dic-27;15,50;16.58;29,24;-0,36;;162
04/08/26;PUIG;PUT;Dic-27;16,00;16.58;29,12;-0,39;;156
04/08/26;PUIG;PUT;Dic-27;16,50;16.58;29,00;-0,43;;151
04/08/26;PUIG;PUT;Mar-28;17,50;16.58;27,87;-0,50;;143
04/08/26;REDEIA;CALL;Ago-26;15,50;15.46;15,01;0,49;;2
04/08/26;REDEIA;CALL;Ago-26;16,00;15.46;14,33;0,14;;10
04/08/26;REDEIA;CALL;Sep-26;14,00;15.46;19,95;0,93;;1
04/08/26;REDEIA;CALL;Sep-26;15,00;15.46;18,37;0,71;;10
04/08/26;REDEIA;CALL;Sep-26;15,50;15.46;17,60;0,51;;13
04/08/26;REDEIA;CALL;Sep-26;16,00;15.46;16,95;0,31;;12
04/08/26;REDEIA;CALL;Sep-26;16,50;15.46;16,30;0,14;;4
04/08/26;REDEIA;CALL;Sep-26;17,00;15.46;15,66;0,05;;35
04/08/26;REDEIA;CALL;Sep-26;17,50;15.46;15,01;0,01;;1
04/08/26;REDEIA;CALL;Sep-26;18,50;15.46;13,72;;;1
04/08/26;REDEIA;CALL;Dic-26;14,00;15.46;19,78;0,83;;36
04/08/26;REDEIA;CALL;Dic-26;15,00;15.46;18,56;0,66;;25
04/08/26;REDEIA;CALL;Dic-26;15,50;15.46;17,95;0,54;;17
04/08/26;REDEIA;CALL;Dic-26;16,00;15.46;17,41;0,43;;264
04/08/26;REDEIA;CALL;Dic-26;16,50;15.46;16,87;0,31;;23
04/08/26;REDEIA;CALL;Dic-26;17,00;15.46;16,33;0,21;;25
04/08/26;REDEIA;CALL;Dic-26;17,50;15.46;15,79;0,13;;26
04/08/26;REDEIA;CALL;Dic-26;18,00;15.46;15,25;0,07;;2
04/08/26;REDEIA;CALL;Mar-27;13,50;15.46;20,73;0,85;;1
04/08/26;REDEIA;CALL;Mar-27;14,00;15.46;20,24;0,79;;10
04/08/26;REDEIA;CALL;Mar-27;15,50;15.46;18,75;0,54;;138
04/08/26;REDEIA;CALL;Mar-27;16,00;15.46;18,25;0,45;;206
04/08/26;REDEIA;CALL;Mar-27;16,50;15.46;17,76;0,36;;27
04/08/26;REDEIA;CALL;Mar-27;17,00;15.46;17,26;0,27;;6
04/08/26;REDEIA;CALL;Mar-27;17,50;15.46;16,77;0,20;;137
04/08/26;REDEIA;CALL;Jun-27;16,00;15.46;18,90;0,48;;1
04/08/26;REDEIA;CALL;Jun-27;16,50;15.46;18,42;0,41;;2
04/08/26;REDEIA;CALL;Jun-27;17,00;15.46;17,95;0,33;;6
04/08/26;REDEIA;CALL;Jun-27;18,00;15.46;17,00;0,21;;1
04/08/26;REDEIA;CALL;Dic-27;14,50;15.46;19,98;0,67;;278
04/08/26;REDEIA;CALL;Dic-27;18,00;15.46;16,88;0,23;;6
04/08/26;REDEIA;PUT;Ago-26;14,00;15.46;20,75;-0,01;;10
04/08/26;REDEIA;PUT;Ago-26;14,50;15.46;19,90;-0,06;;36
04/08/26;REDEIA;PUT;Ago-26;15,00;15.46;19,06;-0,22;;59
04/08/26;REDEIA;PUT;Ago-26;15,50;15.46;18,24;-0,51;;3
04/08/26;REDEIA;PUT;Ago-26;16,00;15.46;17,56;-0,81;;2
04/08/26;REDEIA;PUT;Sep-26;12,50;15.46;22,34;;;11
04/08/26;REDEIA;PUT;Sep-26;13,00;15.46;21,55;-0,01;;9
04/08/26;REDEIA;PUT;Sep-26;13,50;15.46;20,76;-0,03;;59
04/08/26;REDEIA;PUT;Sep-26;14,00;15.46;19,98;-0,07;;34
04/08/26;REDEIA;PUT;Sep-26;14,50;15.46;19,19;-0,15;;12
04/08/26;REDEIA;PUT;Sep-26;15,00;15.46;18,40;-0,30;2;23
04/08/26;REDEIA;PUT;Sep-26;15,50;15.46;17,63;-0,49;;11
04/08/26;REDEIA;PUT;Sep-26;16,00;15.46;16,98;-0,70;;32
04/08/26;REDEIA;PUT;Sep-26;16,50;15.46;16,33;-0,88;;1
04/08/26;REDEIA;PUT;Oct-26;16,00;15.46;16,91;-0,65;;3
04/08/26;REDEIA;PUT;Dic-26;11,50;15.46;22,66;-0,01;;20
04/08/26;REDEIA;PUT;Dic-26;12,00;15.46;22,04;-0,02;;12
04/08/26;REDEIA;PUT;Dic-26;12,50;15.46;21,43;-0,04;;16
04/08/26;REDEIA;PUT;Dic-26;13,00;15.46;20,81;-0,07;;6
04/08/26;REDEIA;PUT;Dic-26;13,50;15.46;20,20;-0,11;;86
04/08/26;REDEIA;PUT;Dic-26;14,00;15.46;19,58;-0,17;;111
04/08/26;REDEIA;PUT;Dic-26;14,50;15.46;18,97;-0,25;;100
04/08/26;REDEIA;PUT;Dic-26;15,00;15.46;18,36;-0,35;;32
04/08/26;REDEIA;PUT;Dic-26;15,50;15.46;17,75;-0,47;;3
04/08/26;REDEIA;PUT;Dic-26;16,00;15.46;17,21;-0,59;;8
04/08/26;REDEIA;PUT;Dic-26;17,00;15.46;16,13;-0,84;;1
04/08/26;REDEIA;PUT;Mar-27;11,50;15.46;21,39;-0,03;;1
04/08/26;REDEIA;PUT;Mar-27;12,00;15.46;20,89;-0,05;;8
04/08/26;REDEIA;PUT;Mar-27;12,50;15.46;20,40;-0,08;;8
04/08/26;REDEIA;PUT;Mar-27;13,00;15.46;19,90;-0,12;;103
04/08/26;REDEIA;PUT;Mar-27;13,50;15.46;19,40;-0,17;;15
04/08/26;REDEIA;PUT;Mar-27;14,00;15.46;18,91;-0,23;;162
04/08/26;REDEIA;PUT;Mar-27;14,50;15.46;18,41;-0,31;1;5
04/08/26;REDEIA;PUT;Mar-27;15,00;15.46;17,92;-0,39;;1
04/08/26;REDEIA;PUT;Mar-27;15,50;15.46;17,42;-0,49;;3
04/08/26;REDEIA;PUT;Mar-27;16,00;15.46;16,92;-0,58;;1
04/08/26;REDEIA;PUT;Mar-27;17,00;15.46;15,93;-0,77;;3
04/08/26;REDEIA;PUT;Jun-27;12,50;15.46;20,08;-0,10;;4
04/08/26;REDEIA;PUT;Jun-27;14,00;15.46;18,85;-0,25;;1
04/08/26;REDEIA;PUT;Jun-27;14,50;15.46;18,44;-0,32;25;28
04/08/26;REDEIA;PUT;Jun-27;15,00;15.46;18,03;-0,39;;6
04/08/26;REDEIA;PUT;Jun-27;15,50;15.46;17,61;-0,47;;13
04/08/26;REDEIA;PUT;Jun-27;16,00;15.46;17,14;-0,56;;1
04/08/26;REDEIA;PUT;Sep-27;12,50;15.46;19,16;-0,16;;5
04/08/26;REDEIA;PUT;Dic-27;14,00;15.46;17,71;-0,32;;20
04/08/26;REDEIA;PUT;Dic-27;15,00;15.46;17,11;-0,46;;11
04/08/26;REDEIA;PUT;Dic-27;19,00;15.46;13,32;-0,94;;6
04/08/26;REDEIA;PUT;Dic-28;13,00;15.46;17,61;-0,29;;1
04/08/26;REDEIA;PUT;Sep-26;14,00;15.46;19,98;-0,07;;1
04/08/26;REDEIA;PUT;Sep-26;14,50;15.46;19,19;-0,15;;6
04/08/26;REDEIA;PUT;Sep-26;15,00;15.46;18,40;-0,29;;1
04/08/26;REDEIA;PUT;Dic-26;13,50;15.46;20,20;-0,11;;4
04/08/26;REDEIA;PUT;Dic-26;15,00;15.46;18,36;-0,34;;6
04/08/26;REDEIA;PUT;Mar-27;14,00;15.46;18,91;-0,22;;2
04/08/26;REPSOL;CALL;Ago-26;19,00;25.74;42,02;1,00;1;
04/08/26;REPSOL;CALL;Ago-26;21,00;25.74;39,28;0,99;1;94
04/08/26;REPSOL;CALL;Ago-26;22,00;25.74;37,90;0,98;;8
04/08/26;REPSOL;CALL;Ago-26;23,00;25.74;36,53;0,93;;65
04/08/26;REPSOL;CALL;Ago-26;24,00;25.74;35,16;0,83;;189
04/08/26;REPSOL;CALL;Ago-26;25,00;25.74;33,79;0,67;89;31
04/08/26;REPSOL;CALL;Ago-26;26,00;25.74;32,65;0,46;;178
04/08/26;REPSOL;CALL;Ago-26;27,00;25.74;32,17;0,26;;87
04/08/26;REPSOL;CALL;Ago-26;28,00;25.74;31,69;0,12;;412
04/08/26;REPSOL;CALL;Ago-26;29,00;25.74;31,21;0,04;;2
04/08/26;REPSOL;CALL;Ago-26;30,00;25.74;30,73;0,01;;50
04/08/26;REPSOL;CALL;Sep-26;16,50;25.74;41,26;1,00;;4
04/08/26;REPSOL;CALL;Sep-26;18,00;25.74;39,77;1,00;;1
04/08/26;REPSOL;CALL;Sep-26;20,00;25.74;37,77;0,98;;17
04/08/26;REPSOL;CALL;Sep-26;20,50;25.74;37,28;0,97;;1
04/08/26;REPSOL;CALL;Sep-26;21,00;25.74;36,78;0,95;;162
04/08/26;REPSOL;CALL;Sep-26;22,00;25.74;35,78;0,91;10;11.943
04/08/26;REPSOL;CALL;Sep-26;23,00;25.74;34,78;0,84;;186
04/08/26;REPSOL;CALL;Sep-26;24,00;25.74;33,79;0,75;5;178
04/08/26;REPSOL;CALL;Sep-26;25,00;25.74;32,79;0,63;;535
04/08/26;REPSOL;CALL;Sep-26;26,00;25.74;31,97;0,50;5;192
04/08/26;REPSOL;CALL;Sep-26;27,00;25.74;31,64;0,36;5;188
04/08/26;REPSOL;CALL;Sep-26;28,00;25.74;31,32;0,25;1;68
04/08/26;REPSOL;CALL;Sep-26;29,00;25.74;30,99;0,16;;5
04/08/26;REPSOL;CALL;Sep-26;30,00;25.74;30,67;0,09;;6
04/08/26;REPSOL;CALL;Sep-26;31,00;25.74;30,35;0,05;;1
04/08/26;REPSOL;CALL;Oct-26;27,00;25.74;31,95;0,41;;25
04/08/26;REPSOL;CALL;Dic-26;12,00;25.74;39,27;1,00;;2
04/08/26;REPSOL;CALL;Dic-26;13,00;25.74;38,70;1,00;;10
04/08/26;REPSOL;CALL;Dic-26;15,00;25.74;37,56;0,99;;150
04/08/26;REPSOL;CALL;Dic-26;15,50;25.74;37,27;0,99;;160
04/08/26;REPSOL;CALL;Dic-26;16,00;25.74;36,99;0,99;;150
04/08/26;REPSOL;CALL;Dic-26;16,50;25.74;36,70;0,98;;151
04/08/26;REPSOL;CALL;Dic-26;17,00;25.74;36,42;0,98;;75
04/08/26;REPSOL;CALL;Dic-26;17,50;25.74;36,14;0,97;;48
04/08/26;REPSOL;CALL;Dic-26;18,00;25.74;35,85;0,96;;107
04/08/26;REPSOL;CALL;Dic-26;18,50;25.74;35,57;0,95;;354
04/08/26;REPSOL;CALL;Dic-26;19,00;25.74;35,28;0,94;;15
04/08/26;REPSOL;CALL;Dic-26;19,50;25.74;35,00;0,93;;101
04/08/26;REPSOL;CALL;Dic-26;20,00;25.74;34,71;0,91;;64
04/08/26;REPSOL;CALL;Dic-26;21,00;25.74;34,14;0,87;;7
04/08/26;REPSOL;CALL;Dic-26;22,00;25.74;33,57;0,82;;4.060
04/08/26;REPSOL;CALL;Dic-26;23,00;25.74;33,00;0,76;;12
04/08/26;REPSOL;CALL;Dic-26;24,00;25.74;32,43;0,69;3;11.642
04/08/26;REPSOL;CALL;Dic-26;25,00;25.74;31,86;0,61;;54
04/08/26;REPSOL;CALL;Dic-26;26,00;25.74;31,38;0,54;;1.185
04/08/26;REPSOL;CALL;Dic-26;27,00;25.74;31,16;0,46;;7
04/08/26;REPSOL;CALL;Dic-26;28,00;25.74;30,94;0,38;;23
04/08/26;REPSOL;CALL;Dic-26;29,00;25.74;30,72;0,31;1;26
04/08/26;REPSOL;CALL;Dic-26;30,00;25.74;30,50;0,25;2;43
04/08/26;REPSOL;CALL;Dic-26;31,00;25.74;30,28;0,20;;3
04/08/26;REPSOL;CALL;Dic-26;32,00;25.74;30,06;0,15;;7
04/08/26;REPSOL;CALL;Mar-27;14,50;25.74;38,95;0,99;;5
04/08/26;REPSOL;CALL;Mar-27;16,00;25.74;37,90;0,97;;15
04/08/26;REPSOL;CALL;Mar-27;16,50;25.74;37,55;0,97;;25
04/08/26;REPSOL;CALL;Mar-27;17,00;25.74;37,20;0,96;;2
04/08/26;REPSOL;CALL;Mar-27;17,50;25.74;36,85;0,95;;32
04/08/26;REPSOL;CALL;Mar-27;18,00;25.74;36,50;0,94;;55
04/08/26;REPSOL;CALL;Mar-27;18,50;25.74;36,15;0,93;;16
04/08/26;REPSOL;CALL;Mar-27;19,00;25.74;35,80;0,91;;35
04/08/26;REPSOL;CALL;Mar-27;19,50;25.74;35,45;0,89;;10
04/08/26;REPSOL;CALL;Mar-27;20,00;25.74;35,10;0,88;;25
04/08/26;REPSOL;CALL;Mar-27;22,00;25.74;33,71;0,79;;27
04/08/26;REPSOL;CALL;Mar-27;23,00;25.74;33,01;0,73;;4.000
04/08/26;REPSOL;CALL;Mar-27;24,00;25.74;32,31;0,67;10;331
04/08/26;REPSOL;CALL;Mar-27;25,00;25.74;31,61;0,61;;156
04/08/26;REPSOL;CALL;Mar-27;26,00;25.74;31,04;0,54;;1
04/08/26;REPSOL;CALL;Mar-27;27,00;25.74;30,86;0,48;;25
04/08/26;REPSOL;CALL;Mar-27;28,00;25.74;30,68;0,41;;1
04/08/26;REPSOL;CALL;Mar-27;29,00;25.74;30,50;0,35;;2.001
04/08/26;REPSOL;CALL;Mar-27;30,00;25.74;30,32;0,30;;1
04/08/26;REPSOL;CALL;Mar-27;31,00;25.74;30,14;0,25;;1
04/08/26;REPSOL;CALL;Mar-27;32,00;25.74;29,96;0,21;;180
04/08/26;REPSOL;CALL;Jun-27;11,00;25.74;40,07;1,00;;1
04/08/26;REPSOL;CALL;Jun-27;15,00;25.74;37,48;0,98;;75
04/08/26;REPSOL;CALL;Jun-27;15,50;25.74;37,16;0,97;;50
04/08/26;REPSOL;CALL;Jun-27;16,50;25.74;36,51;0,95;;53
04/08/26;REPSOL;CALL;Jun-27;17,00;25.74;36,19;0,94;;1.019
04/08/26;REPSOL;CALL;Jun-27;17,50;25.74;35,87;0,93;;27
04/08/26;REPSOL;CALL;Jun-27;19,00;25.74;34,89;0,88;;1
04/08/26;REPSOL;CALL;Jun-27;19,50;25.74;34,57;0,87;;1
04/08/26;REPSOL;CALL;Jun-27;25,00;25.74;31,01;0,60;;12
04/08/26;REPSOL;CALL;Jun-27;26,00;25.74;30,47;0,55;;7
04/08/26;REPSOL;CALL;Jun-27;27,00;25.74;30,25;0,49;;3
04/08/26;REPSOL;CALL;Jun-27;29,00;25.74;29,81;0,39;;1
04/08/26;REPSOL;CALL;Jun-27;30,00;25.74;29,59;0,34;;20
04/08/26;REPSOL;CALL;Sep-27;15,50;25.74;38,06;0,96;;1
04/08/26;REPSOL;CALL;Sep-27;18,00;25.74;36,34;0,90;;3.000
04/08/26;REPSOL;CALL;Sep-27;18,50;25.74;36,00;0,88;;3.000
04/08/26;REPSOL;CALL;Sep-27;20,00;25.74;34,97;0,83;;2.000
04/08/26;REPSOL;CALL;Sep-27;21,00;25.74;34,28;0,79;;6
04/08/26;REPSOL;CALL;Sep-27;22,00;25.74;33,60;0,75;;5
04/08/26;REPSOL;CALL;Sep-27;24,00;25.74;32,22;0,65;;2
04/08/26;REPSOL;CALL;Sep-27;27,00;25.74;30,80;0,50;;1
04/08/26;REPSOL;CALL;Dic-27;12,00;25.74;40,46;0,99;;2
04/08/26;REPSOL;CALL;Dic-27;14,00;25.74;39,06;0,97;;1.400
04/08/26;REPSOL;CALL;Dic-27;15,00;25.74;38,36;0,96;;149
04/08/26;REPSOL;CALL;Dic-27;15,50;25.74;38,01;0,95;;2
04/08/26;REPSOL;CALL;Dic-27;16,00;25.74;37,66;0,94;;3
04/08/26;REPSOL;CALL;Dic-27;16,50;25.74;37,31;0,92;;1.528
04/08/26;REPSOL;CALL;Dic-27;17,00;25.74;36,96;0,91;;24
04/08/26;REPSOL;CALL;Dic-27;17,50;25.74;36,61;0,90;;2
04/08/26;REPSOL;CALL;Dic-27;18,00;25.74;36,26;0,88;;3
04/08/26;REPSOL;CALL;Dic-27;19,50;25.74;35,21;0,83;;5
04/08/26;REPSOL;CALL;Dic-27;20,00;25.74;34,86;0,81;;10.000
04/08/26;REPSOL;CALL;Dic-27;23,00;25.74;32,77;0,69;;4
04/08/26;REPSOL;CALL;Dic-27;24,00;25.74;32,07;0,65;;5.000
04/08/26;REPSOL;CALL;Dic-27;25,00;25.74;31,37;0,60;;1
04/08/26;REPSOL;CALL;Mar-28;16,50;25.74;36,84;0,92;;1
04/08/26;REPSOL;CALL;Mar-28;18,00;25.74;35,83;0,88;;1
04/08/26;REPSOL;CALL;Mar-28;19,00;25.74;35,16;0,84;;5
04/08/26;REPSOL;CALL;Mar-28;24,00;25.74;31,79;0,65;;6
04/08/26;REPSOL;CALL;Mar-28;25,00;25.74;31,12;0,60;;1.000
04/08/26;REPSOL;CALL;Mar-28;26,00;25.74;30,58;0,56;;2.000
04/08/26;REPSOL;CALL;Mar-28;27,00;25.74;30,44;0,52;;2.000
04/08/26;REPSOL;CALL;Mar-28;32,00;25.74;29,73;0,33;;2.000
04/08/26;REPSOL;CALL;Mar-28;33,00;25.74;29,59;0,30;;800
04/08/26;REPSOL;CALL;Jun-28;10,00;25.74;40,67;1,00;;10
04/08/26;REPSOL;CALL;Jun-28;19,00;25.74;35,19;0,83;;6
04/08/26;REPSOL;CALL;Jun-28;20,00;25.74;34,58;0,79;;10
04/08/26;REPSOL;CALL;Jun-28;22,00;25.74;33,37;0,72;;4
04/08/26;REPSOL;CALL;Jun-28;24,00;25.74;32,15;0,64;;2.500
04/08/26;REPSOL;CALL;Jun-28;32,00;25.74;30,28;0,36;;1.000
04/08/26;REPSOL;CALL;Sep-28;18,50;25.74;35,50;0,84;;1
04/08/26;REPSOL;CALL;Dic-28;16,00;25.74;36,53;0,92;;2.000
04/08/26;REPSOL;CALL;Dic-28;24,00;25.74;32,49;0,64;;1.500
04/08/26;REPSOL;CALL;Dic-28;27,00;25.74;31,50;0,54;;1
04/08/26;REPSOL;CALL;Dic-29;10,00;25.74;37,32;1,00;;200
04/08/26;REPSOL;CALL;Dic-29;11,50;25.74;36,77;1,00;;1
04/08/26;REPSOL;CALL;Dic-29;12,00;25.74;36,59;1,00;;1
04/08/26;REPSOL;CALL;Dic-29;12,50;25.74;36,41;1,00;;3
04/08/26;REPSOL;CALL;Dic-29;17,00;25.74;34,78;0,88;;25
04/08/26;REPSOL;CALL;Dic-30;22,00;25.74;32,71;0,71;;1.500
04/08/26;REPSOL;CALL;Dic-30;26,00;25.74;31,64;0,59;;3.000
04/08/26;REPSOL;PUT;Ago-26;17,50;25.74;43,76;;;2
04/08/26;REPSOL;PUT;Ago-26;18,00;25.74;43,07;;;6
04/08/26;REPSOL;PUT;Ago-26;19,00;25.74;41,70;;;1
04/08/26;REPSOL;PUT;Ago-26;19,50;25.74;41,02;;;13
04/08/26;REPSOL;PUT;Ago-26;20,00;25.74;40,33;;;30
04/08/26;REPSOL;PUT;Ago-26;20,50;25.74;39,64;;;8
04/08/26;REPSOL;PUT;Ago-26;21,00;25.74;38,96;-0,01;;30
04/08/26;REPSOL;PUT;Ago-26;22,00;25.74;37,58;-0,02;;16
04/08/26;REPSOL;PUT;Ago-26;23,00;25.74;36,21;-0,07;;120
04/08/26;REPSOL;PUT;Ago-26;24,00;25.74;34,84;-0,16;;322
04/08/26;REPSOL;PUT;Ago-26;25,00;25.74;33,47;-0,33;;27
04/08/26;REPSOL;PUT;Ago-26;26,00;25.74;32,33;-0,54;;5
04/08/26;REPSOL;PUT;Ago-26;34,00;25.74;28,49;-1,00;;3
04/08/26;REPSOL;PUT;Sep-26;6,75;25.74;49,83;;;2
04/08/26;REPSOL;PUT;Sep-26;10,50;25.74;46,09;;;9
04/08/26;REPSOL;PUT;Sep-26;11,00;25.74;45,59;;;30
04/08/26;REPSOL;PUT;Sep-26;11,50;25.74;45,09;;;51
04/08/26;REPSOL;PUT;Sep-26;12,00;25.74;44,59;;;295
04/08/26;REPSOL;PUT;Sep-26;12,50;25.74;44,09;;;80
04/08/26;REPSOL;PUT;Sep-26;13,00;25.74;43,59;;;119
04/08/26;REPSOL;PUT;Sep-26;13,50;25.74;43,10;;;12
04/08/26;REPSOL;PUT;Sep-26;14,00;25.74;42,60;;;143
04/08/26;REPSOL;PUT;Sep-26;14,50;25.74;42,10;;;277
04/08/26;REPSOL;PUT;Sep-26;15,00;25.74;41,60;;;35
04/08/26;REPSOL;PUT;Sep-26;15,50;25.74;41,10;;;6
04/08/26;REPSOL;PUT;Sep-26;16,00;25.74;40,60;;;10
04/08/26;REPSOL;PUT;Sep-26;16,50;25.74;40,10;;;200
04/08/26;REPSOL;PUT;Sep-26;17,00;25.74;39,61;;;654
04/08/26;REPSOL;PUT;Sep-26;17,50;25.74;39,11;;;204
04/08/26;REPSOL;PUT;Sep-26;18,00;25.74;38,61;;15.000;15.360
04/08/26;REPSOL;PUT;Sep-26;18,50;25.74;38,11;-0,01;;211
04/08/26;REPSOL;PUT;Sep-26;19,00;25.74;37,61;-0,01;;14
04/08/26;REPSOL;PUT;Sep-26;19,50;25.74;37,11;-0,01;;104
04/08/26;REPSOL;PUT;Sep-26;20,00;25.74;36,61;-0,02;3;8
04/08/26;REPSOL;PUT;Sep-26;20,50;25.74;36,12;-0,03;;5
04/08/26;REPSOL;PUT;Sep-26;21,00;25.74;35,62;-0,04;;1.504
04/08/26;REPSOL;PUT;Sep-26;22,00;25.74;34,62;-0,09;;1.105
04/08/26;REPSOL;PUT;Sep-26;23,00;25.74;33,62;-0,15;;13
04/08/26;REPSOL;PUT;Sep-26;24,00;25.74;32,63;-0,25;4;19
04/08/26;REPSOL;PUT;Sep-26;25,00;25.74;31,63;-0,37;1;10
04/08/26;REPSOL;PUT;Sep-26;26,00;25.74;30,81;-0,51;;4
04/08/26;REPSOL;PUT;Sep-26;27,00;25.74;30,48;-0,65;;150
04/08/26;REPSOL;PUT;Oct-26;22,00;25.74;33,91;-0,13;;2
04/08/26;REPSOL;PUT;Oct-26;25,00;25.74;31,50;-0,38;;1
04/08/26;REPSOL;PUT;Oct-26;26,00;25.74;30,81;-0,49;;1
04/08/26;REPSOL;PUT;Oct-26;27,00;25.74;30,44;-0,60;;150
04/08/26;REPSOL;PUT;Dic-26;8,00;25.74;41,25;;;9.500
04/08/26;REPSOL;PUT;Dic-26;8,75;25.74;40,82;;;1
04/08/26;REPSOL;PUT;Dic-26;9,00;25.74;40,68;;;13.015
04/08/26;REPSOL;PUT;Dic-26;9,50;25.74;40,39;;;750
04/08/26;REPSOL;PUT;Dic-26;10,00;25.74;40,11;;;34.000
04/08/26;REPSOL;PUT;Dic-26;10,50;25.74;39,82;;;1.000
04/08/26;REPSOL;PUT;Dic-26;11,00;25.74;39,54;;;15.621
04/08/26;REPSOL;PUT;Dic-26;11,50;25.74;39,25;;;3.187
04/08/26;REPSOL;PUT;Dic-26;12,00;25.74;38,97;;;15.760
04/08/26;REPSOL;PUT;Dic-26;12,50;25.74;38,68;;;156
04/08/26;REPSOL;PUT;Dic-26;13,00;25.74;38,40;;;12.000
04/08/26;REPSOL;PUT;Dic-26;13,50;25.74;38,11;;;1
04/08/26;REPSOL;PUT;Dic-26;14,00;25.74;37,83;;;11.025
04/08/26;REPSOL;PUT;Dic-26;14,50;25.74;37,54;;;224
04/08/26;REPSOL;PUT;Dic-26;15,00;25.74;37,26;-0,01;;4.184
04/08/26;REPSOL;PUT;Dic-26;15,50;25.74;36,97;-0,01;;21.501
04/08/26;REPSOL;PUT;Dic-26;16,00;25.74;36,69;-0,01;;2.160
04/08/26;REPSOL;PUT;Dic-26;16,50;25.74;36,40;-0,02;;161
04/08/26;REPSOL;PUT;Dic-26;17,00;25.74;36,12;-0,02;;136
04/08/26;REPSOL;PUT;Dic-26;17,50;25.74;35,84;-0,03;;160
04/08/26;REPSOL;PUT;Dic-26;18,00;25.74;35,55;-0,04;;26
04/08/26;REPSOL;PUT;Dic-26;18,50;25.74;35,27;-0,05;;1
04/08/26;REPSOL;PUT;Dic-26;19,00;25.74;34,98;-0,06;;4.102
04/08/26;REPSOL;PUT;Dic-26;19,50;25.74;34,70;-0,07;;116
04/08/26;REPSOL;PUT;Dic-26;20,00;25.74;34,41;-0,09;;2.035
04/08/26;REPSOL;PUT;Dic-26;20,50;25.74;34,13;-0,11;;4
04/08/26;REPSOL;PUT;Dic-26;21,00;25.74;33,84;-0,13;;293
04/08/26;REPSOL;PUT;Dic-26;22,00;25.74;33,27;-0,18;;74
04/08/26;REPSOL;PUT;Dic-26;23,00;25.74;32,70;-0,24;;11
04/08/26;REPSOL;PUT;Dic-26;24,00;25.74;32,13;-0,31;;27
04/08/26;REPSOL;PUT;Dic-26;25,00;25.74;31,56;-0,39;;19
04/08/26;REPSOL;PUT;Dic-26;26,00;25.74;31,08;-0,47;;4
04/08/26;REPSOL;PUT;Dic-26;27,00;25.74;30,86;-0,55;;9
04/08/26;REPSOL;PUT;Dic-26;28,00;25.74;30,64;-0,63;;20
04/08/26;REPSOL;PUT;Dic-26;31,00;25.74;29,98;-0,83;;4
04/08/26;REPSOL;PUT;Mar-27;7,25;25.74;42,18;;;4
04/08/26;REPSOL;PUT;Mar-27;8,00;25.74;41,66;;;1
04/08/26;REPSOL;PUT;Mar-27;10,00;25.74;40,26;;;245
04/08/26;REPSOL;PUT;Mar-27;11,50;25.74;39,21;;;216
04/08/26;REPSOL;PUT;Mar-27;12,00;25.74;38,86;;;210
04/08/26;REPSOL;PUT;Mar-27;12,50;25.74;38,51;-0,01;;401
04/08/26;REPSOL;PUT;Mar-27;13,50;25.74;37,81;-0,01;;4
04/08/26;REPSOL;PUT;Mar-27;14,00;25.74;37,46;-0,01;;55
04/08/26;REPSOL;PUT;Mar-27;14,50;25.74;37,11;-0,02;;100
04/08/26;REPSOL;PUT;Mar-27;15,00;25.74;36,76;-0,02;;140
04/08/26;REPSOL;PUT;Mar-27;15,50;25.74;36,41;-0,03;;250
04/08/26;REPSOL;PUT;Mar-27;16,00;25.74;36,06;-0,04;;754
04/08/26;REPSOL;PUT;Mar-27;16,50;25.74;35,71;-0,05;;25
04/08/26;REPSOL;PUT;Mar-27;17,00;25.74;35,36;-0,05;;75
04/08/26;REPSOL;PUT;Mar-27;18,00;25.74;34,66;-0,08;;20
04/08/26;REPSOL;PUT;Mar-27;18,50;25.74;34,31;-0,09;;6
04/08/26;REPSOL;PUT;Mar-27;19,00;25.74;33,96;-0,11;;100
04/08/26;REPSOL;PUT;Mar-27;20,00;25.74;33,26;-0,14;;300
04/08/26;REPSOL;PUT;Mar-27;21,00;25.74;32,56;-0,19;;210
04/08/26;REPSOL;PUT;Mar-27;22,00;25.74;31,87;-0,24;;31
04/08/26;REPSOL;PUT;Mar-27;23,00;25.74;31,17;-0,29;;10
04/08/26;REPSOL;PUT;Mar-27;24,00;25.74;30,47;-0,35;;3
04/08/26;REPSOL;PUT;Mar-27;25,00;25.74;29,77;-0,42;;21
04/08/26;REPSOL;PUT;Mar-27;26,00;25.74;29,20;-0,49;;15
04/08/26;REPSOL;PUT;Mar-27;27,00;25.74;29,02;-0,55;;20
04/08/26;REPSOL;PUT;Mar-27;28,00;25.74;28,84;-0,62;;2
04/08/26;REPSOL;PUT;Jun-27;8,00;25.74;40,18;;;25.000
04/08/26;REPSOL;PUT;Jun-27;9,50;25.74;39,21;;;40
04/08/26;REPSOL;PUT;Jun-27;10,00;25.74;38,88;;;10
04/08/26;REPSOL;PUT;Jun-27;10,50;25.74;38,56;;;2
04/08/26;REPSOL;PUT;Jun-27;11,50;25.74;37,91;-0,01;;80
04/08/26;REPSOL;PUT;Jun-27;12,00;25.74;37,59;-0,01;;210
04/08/26;REPSOL;PUT;Jun-27;12,50;25.74;37,26;-0,01;;200
04/08/26;REPSOL;PUT;Jun-27;13,00;25.74;36,94;-0,02;;5.010
04/08/26;REPSOL;PUT;Jun-27;13,50;25.74;36,62;-0,02;;183
04/08/26;REPSOL;PUT;Jun-27;14,00;25.74;36,29;-0,02;;38
04/08/26;REPSOL;PUT;Jun-27;14,50;25.74;35,97;-0,03;;20
04/08/26;REPSOL;PUT;Jun-27;15,00;25.74;35,64;-0,04;;20
04/08/26;REPSOL;PUT;Jun-27;16,00;25.74;35,00;-0,05;;35
04/08/26;REPSOL;PUT;Jun-27;19,50;25.74;32,73;-0,15;;100
04/08/26;REPSOL;PUT;Jun-27;21,00;25.74;31,76;-0,20;;2
04/08/26;REPSOL;PUT;Jun-27;22,00;25.74;31,11;-0,25;;2
04/08/26;REPSOL;PUT;Jun-27;24,00;25.74;29,82;-0,35;;11
04/08/26;REPSOL;PUT;Jun-27;25,00;25.74;29,17;-0,41;;1
04/08/26;REPSOL;PUT;Jun-27;26,00;25.74;28,63;-0,47;;2
04/08/26;REPSOL;PUT;Sep-27;10,50;25.74;38,99;-0,01;;100
04/08/26;REPSOL;PUT;Sep-27;11,00;25.74;38,65;-0,01;;101
04/08/26;REPSOL;PUT;Sep-27;11,50;25.74;38,30;-0,02;;100
04/08/26;REPSOL;PUT;Sep-27;12,00;25.74;37,96;-0,02;;104
04/08/26;REPSOL;PUT;Sep-27;14,00;25.74;36,59;-0,04;;25
04/08/26;REPSOL;PUT;Sep-27;14,50;25.74;36,24;-0,05;;420
04/08/26;REPSOL;PUT;Sep-27;15,00;25.74;35,90;-0,06;;2
04/08/26;REPSOL;PUT;Sep-27;15,50;25.74;35,56;-0,07;;159
04/08/26;REPSOL;PUT;Sep-27;18,00;25.74;33,84;-0,13;;1.000
04/08/26;REPSOL;PUT;Sep-27;19,00;25.74;33,16;-0,16;;5
04/08/26;REPSOL;PUT;Sep-27;24,00;25.74;29,72;-0,37;;1
04/08/26;REPSOL;PUT;Sep-27;25,00;25.74;29,04;-0,43;;1
04/08/26;REPSOL;PUT;Dic-27;7,75;25.74;39,87;;;234
04/08/26;REPSOL;PUT;Dic-27;8,00;25.74;39,70;;;23.000
04/08/26;REPSOL;PUT;Dic-27;8,50;25.74;39,35;;;8.000
04/08/26;REPSOL;PUT;Dic-27;9,00;25.74;39,00;-0,01;;7.000
04/08/26;REPSOL;PUT;Dic-27;9,75;25.74;38,47;-0,01;;62
04/08/26;REPSOL;PUT;Dic-27;10,00;25.74;38,30;-0,01;;11.028
04/08/26;REPSOL;PUT;Dic-27;10,50;25.74;37,95;-0,01;;12.938
04/08/26;REPSOL;PUT;Dic-27;11,00;25.74;37,60;-0,02;;27.620
04/08/26;REPSOL;PUT;Dic-27;12,00;25.74;36,90;-0,02;;1
04/08/26;REPSOL;PUT;Dic-27;12,50;25.74;36,55;-0,03;;25
04/08/26;REPSOL;PUT;Dic-27;13,00;25.74;36,20;-0,04;;266
04/08/26;REPSOL;PUT;Dic-27;14,00;25.74;35,50;-0,05;;15.000
04/08/26;REPSOL;PUT;Dic-27;14,50;25.74;35,15;-0,06;;7
04/08/26;REPSOL;PUT;Dic-27;15,00;25.74;34,80;-0,07;;7.001
04/08/26;REPSOL;PUT;Dic-27;16,00;25.74;34,10;-0,09;;30.000
04/08/26;REPSOL;PUT;Dic-27;16,50;25.74;33,75;-0,10;;1.525
04/08/26;REPSOL;PUT;Dic-27;17,00;25.74;33,40;-0,11;;25
04/08/26;REPSOL;PUT;Dic-27;18,00;25.74;32,70;-0,14;;101
04/08/26;REPSOL;PUT;Dic-27;20,00;25.74;31,30;-0,20;;2
04/08/26;REPSOL;PUT;Dic-27;21,00;25.74;30,60;-0,24;;50
04/08/26;REPSOL;PUT;Dic-27;22,00;25.74;29,91;-0,28;;20
04/08/26;REPSOL;PUT;Dic-27;23,00;25.74;29,21;-0,33;;9
04/08/26;REPSOL;PUT;Dic-27;24,00;25.74;28,51;-0,37;;10
04/08/26;REPSOL;PUT;Dic-27;25,00;25.74;27,81;-0,42;;1
04/08/26;REPSOL;PUT;Dic-27;26,00;25.74;27,24;-0,47;;3
04/08/26;REPSOL;PUT;Mar-28;12,00;25.74;35,32;-0,03;;1.000
04/08/26;REPSOL;PUT;Mar-28;13,50;25.74;34,31;-0,05;;1.000
04/08/26;REPSOL;PUT;Mar-28;18,00;25.74;31,28;-0,15;;151
04/08/26;REPSOL;PUT;Mar-28;21,00;25.74;29,26;-0,25;;120
04/08/26;REPSOL;PUT;Mar-28;22,00;25.74;28,59;-0,29;;114
04/08/26;REPSOL;PUT;Mar-28;26,00;25.74;26,03;-0,48;;25
04/08/26;REPSOL;PUT;Jun-28;18,00;25.74;31,06;-0,16;;4.000
04/08/26;REPSOL;PUT;Jun-28;19,50;25.74;30,15;-0,21;;1
04/08/26;REPSOL;PUT;Jun-28;21,00;25.74;29,24;-0,26;;120
04/08/26;REPSOL;PUT;Jun-28;22,00;25.74;28,63;-0,30;;6.500
04/08/26;REPSOL;PUT;Jun-28;23,00;25.74;28,02;-0,34;;107
04/08/26;REPSOL;PUT;Sep-28;18,00;25.74;30,87;-0,17;;300
04/08/26;REPSOL;PUT;Dic-28;9,00;25.74;35,01;-0,01;;40.500
04/08/26;REPSOL;PUT;Dic-28;10,00;25.74;34,51;-0,02;;10.000
04/08/26;REPSOL;PUT;Dic-28;11,50;25.74;33,75;-0,04;;1.000
04/08/26;REPSOL;PUT;Dic-28;15,00;25.74;31,98;-0,10;;30.250
04/08/26;REPSOL;PUT;Dic-28;18,00;25.74;30,47;-0,18;;1.000
04/08/26;REPSOL;PUT;Dic-28;23,00;25.74;27,94;-0,35;;1
04/08/26;REPSOL;PUT;Dic-28;24,00;25.74;27,44;-0,39;;1.500
04/08/26;REPSOL;PUT;Dic-28;26,00;25.74;26,54;-0,47;;9
04/08/26;REPSOL;PUT;Jun-29;11,00;25.74;32,98;-0,04;;140
04/08/26;REPSOL;PUT;Dic-29;7,75;25.74;32,93;-0,01;;30.000
04/08/26;REPSOL;PUT;Dic-29;8,00;25.74;32,84;-0,02;;17.000
04/08/26;REPSOL;PUT;Dic-29;11,00;25.74;31,75;-0,05;;20.000
04/08/26;REPSOL;PUT;Dic-29;11,50;25.74;31,57;-0,06;;17.000
04/08/26;REPSOL;PUT;Dic-29;12,50;25.74;31,21;-0,07;;800
04/08/26;REPSOL;PUT;Dic-29;24,00;25.74;27,04;-0,39;;20
04/08/26;REPSOL;PUT;Dic-30;14,00;25.74;29,65;-0,12;;3.000
04/08/26;REPSOL;PUT;Dic-30;18,50;25.74;28,37;-0,24;;3.000
04/08/26;REPSOL;CALL;Ago-26;18,00;25.74;43,39;1,00;;5
04/08/26;REPSOL;CALL;Ago-26;20,00;25.74;40,65;1,00;;5
04/08/26;REPSOL;CALL;Ago-26;21,00;25.74;39,28;0,99;;30
04/08/26;REPSOL;CALL;Ago-26;22,00;25.74;37,90;0,97;;15
04/08/26;REPSOL;CALL;Ago-26;23,00;25.74;36,53;0,93;;10
04/08/26;REPSOL;CALL;Ago-26;23,00;25.74;36,53;0,93;;20
04/08/26;REPSOL;CALL;Ago-26;24,00;25.74;35,16;0,83;;15
04/08/26;REPSOL;CALL;Ago-26;25,00;25.74;33,79;0,67;;15
04/08/26;REPSOL;CALL;Ago-26;25,00;25.74;33,79;0,67;;20
04/08/26;REPSOL;CALL;Ago-26;26,00;25.74;32,65;0,46;;10
04/08/26;REPSOL;CALL;Ago-26;27,00;25.74;32,17;0,26;;6
04/08/26;REPSOL;CALL;Ago-26;27,00;25.74;32,17;0,26;;40
04/08/26;REPSOL;CALL;Sep-26;14,00;25.74;43,76;1,00;;1
04/08/26;REPSOL;CALL;Sep-26;14,50;25.74;43,26;1,00;;1
04/08/26;REPSOL;CALL;Sep-26;22,00;25.74;35,78;0,91;;73
04/08/26;REPSOL;CALL;Sep-26;22,00;25.74;35,78;0,91;;10
04/08/26;REPSOL;CALL;Sep-26;23,00;25.74;34,78;0,84;;14
04/08/26;REPSOL;CALL;Sep-26;24,00;25.74;33,79;0,75;;10
04/08/26;REPSOL;CALL;Sep-26;24,00;25.74;33,79;0,75;;1
04/08/26;REPSOL;CALL;Sep-26;26,00;25.74;31,97;0,50;;1
04/08/26;REPSOL;CALL;Sep-26;26,00;25.74;31,97;0,50;;10
04/08/26;REPSOL;CALL;Sep-26;28,00;25.74;31,32;0,25;;20
04/08/26;REPSOL;CALL;Sep-26;28,00;25.74;31,32;0,25;;10
04/08/26;REPSOL;CALL;Dic-26;14,50;25.74;37,84;0,99;;1
04/08/26;REPSOL;CALL;Dic-26;15,00;25.74;37,56;0,98;;33
04/08/26;REPSOL;CALL;Dic-26;17,00;25.74;36,42;0,97;;7
04/08/26;REPSOL;CALL;Dic-26;18,00;25.74;35,85;0,95;;26
04/08/26;REPSOL;CALL;Dic-26;21,00;25.74;34,14;0,86;;10
04/08/26;REPSOL;CALL;Dic-26;23,00;25.74;33,00;0,75;;6
04/08/26;REPSOL;CALL;Dic-26;24,00;25.74;32,43;0,68;;10
04/08/26;REPSOL;CALL;Dic-26;24,00;25.74;32,43;0,68;;127
04/08/26;REPSOL;CALL;Dic-26;25,00;25.74;31,86;0,61;;17
04/08/26;REPSOL;CALL;Dic-26;26,00;25.74;31,38;0,53;;20
04/08/26;REPSOL;CALL;Dic-26;27,00;25.74;31,16;0,45;;16
04/08/26;REPSOL;CALL;Dic-26;28,00;25.74;30,94;0,38;;20
04/08/26;REPSOL;CALL;Mar-27;22,00;25.74;33,71;0,75;;1
04/08/26;REPSOL;CALL;Mar-27;23,00;25.74;33,01;0,69;;1
04/08/26;REPSOL;CALL;Mar-27;24,00;25.74;32,31;0,64;;6
04/08/26;REPSOL;CALL;Mar-27;27,00;25.74;30,86;0,46;;10
04/08/26;REPSOL;CALL;Dic-27;12,00;25.74;40,46;0,93;;15.000
04/08/26;REPSOL;CALL;Dic-27;16,00;25.74;37,66;0,87;;7
04/08/26;REPSOL;CALL;Jun-28;26,00;25.74;31,06;0,53;;1
04/08/26;REPSOL;CALL;Dic-28;15,25;25.74;36,91;0,82;;750
04/08/26;REPSOL;PUT;Ago-26;19,00;25.74;41,70;;;5
04/08/26;REPSOL;PUT;Ago-26;20,00;25.74;40,33;;;10
04/08/26;REPSOL;PUT;Ago-26;22,00;25.74;37,58;-0,02;;10
04/08/26;REPSOL;PUT;Ago-26;22,00;25.74;37,58;-0,02;;10
04/08/26;REPSOL;PUT;Ago-26;24,00;25.74;34,84;-0,16;;40
04/08/26;REPSOL;PUT;Ago-26;25,00;25.74;33,47;-0,33;;10
04/08/26;REPSOL;PUT;Ago-26;25,00;25.74;33,47;-0,33;;15
04/08/26;REPSOL;PUT;Sep-26;11,00;25.74;45,59;;;1.200
04/08/26;REPSOL;PUT;Sep-26;16,00;25.74;40,60;;;10
04/08/26;REPSOL;PUT;Sep-26;18,00;25.74;38,61;;;5
04/08/26;REPSOL;PUT;Sep-26;19,00;25.74;37,61;-0,01;;15
04/08/26;REPSOL;PUT;Sep-26;19,50;25.74;37,11;-0,01;;10
04/08/26;REPSOL;PUT;Sep-26;23,00;25.74;33,62;-0,15;;5
04/08/26;REPSOL;PUT;Sep-26;24,00;25.74;32,63;-0,24;;20
04/08/26;REPSOL;PUT;Sep-26;25,00;25.74;31,63;-0,37;;2
04/08/26;REPSOL;PUT;Dic-26;11,00;25.74;39,54;;;1
04/08/26;REPSOL;PUT;Dic-26;13,50;25.74;38,11;;;150
04/08/26;REPSOL;PUT;Dic-26;14,50;25.74;37,54;;;150
04/08/26;REPSOL;PUT;Dic-26;15,00;25.74;37,26;-0,01;;1
04/08/26;REPSOL;PUT;Dic-26;15,50;25.74;36,97;-0,01;;450
04/08/26;REPSOL;PUT;Dic-26;17,00;25.74;36,12;-0,02;;154
04/08/26;REPSOL;PUT;Dic-26;18,00;25.74;35,55;-0,04;;7
04/08/26;REPSOL;PUT;Dic-26;19,00;25.74;34,98;-0,06;;33
04/08/26;REPSOL;PUT;Dic-26;19,50;25.74;34,70;-0,07;;20
04/08/26;REPSOL;PUT;Dic-26;20,00;25.74;34,41;-0,09;;15
04/08/26;REPSOL;PUT;Dic-26;20,00;25.74;34,41;-0,09;;20
04/08/26;REPSOL;PUT;Dic-26;21,00;25.74;33,84;-0,13;;10
04/08/26;REPSOL;PUT;Dic-26;22,00;25.74;33,27;-0,18;;15
04/08/26;REPSOL;PUT;Dic-26;22,00;25.74;33,27;-0,18;;10
04/08/26;REPSOL;PUT;Mar-27;11,50;25.74;39,21;;;1
04/08/26;REPSOL;PUT;Sep-27;17,00;25.74;34,53;-0,10;;5
04/08/26;REPSOL;PUT;Dic-28;15,25;25.74;31,86;-0,10;;750
04/08/26;SACYR;CALL;Dic-26;3,70;4.71;27,52;0,94;;10
04/08/26;SACYR;CALL;Dic-26;3,90;4.71;27,39;0,90;;25
04/08/26;SACYR;CALL;Dic-26;4,00;4.71;27,32;0,87;;5
04/08/26;SACYR;CALL;Dic-26;4,20;4.71;27,20;0,80;;20
04/08/26;SACYR;CALL;Dic-26;4,30;4.71;27,13;0,76;;43
04/08/26;SACYR;CALL;Dic-26;4,50;4.71;27,01;0,66;;10
04/08/26;SACYR;CALL;Dic-26;4,70;4.71;26,88;0,56;;10
04/08/26;SACYR;CALL;Dic-26;4,80;4.71;26,75;0,51;;10
04/08/26;SACYR;CALL;Dic-26;5,00;4.71;26,47;0,41;;30
04/08/26;SACYR;CALL;Mar-27;3,70;4.71;25,85;0,92;;10
04/08/26;SACYR;CALL;Mar-27;3,80;4.71;25,80;0,90;;10
04/08/26;SACYR;CALL;Mar-27;4,80;4.71;25,21;0,52;;20.000
04/08/26;SACYR;CALL;Jun-27;3,90;4.71;24,70;0,84;;25
04/08/26;SACYR;CALL;Jun-27;4,80;4.71;24,30;0,53;;10
04/08/26;SACYR;CALL;Jun-27;4,90;4.71;24,23;0,50;;20
04/08/26;SACYR;CALL;Jun-27;5,00;4.71;24,17;0,46;;10
04/08/26;SACYR;CALL;Dic-27;4,00;4.71;23,75;0,79;;25
04/08/26;SACYR;PUT;Sep-26;3,60;4.71;26,86;;;20
04/08/26;SACYR;PUT;Sep-26;4,50;4.71;26,55;-0,29;;100
04/08/26;SACYR;PUT;Dic-26;3,50;4.71;27,61;-0,03;;10
04/08/26;SACYR;PUT;Dic-26;4,50;4.71;26,98;-0,34;;1.000
04/08/26;SACYR;PUT;Dic-26;4,70;4.71;26,85;-0,45;;50
04/08/26;SACYR;PUT;Dic-26;5,00;4.71;26,44;-0,60;;100
04/08/26;SACYR;PUT;Mar-27;4,20;4.71;25,53;-0,25;;3
04/08/26;SACYR;PUT;Jun-27;3,40;4.71;24,88;-0,06;;20
04/08/26;SACYR;PUT;Jun-27;4,50;4.71;24,41;-0,37;;1.000
04/08/26;SANTANDER;CALL;Ago-26;9,00;12.64;39,37;1,00;;155
04/08/26;SANTANDER;CALL;Ago-26;10,00;12.64;35,73;1,00;;10
04/08/26;SANTANDER;CALL;Ago-26;10,50;12.64;33,91;1,00;;1.801
04/08/26;SANTANDER;CALL;Ago-26;11,00;12.64;32,09;0,98;;461
04/08/26;SANTANDER;CALL;Ago-26;11,50;12.64;30,28;0,93;;10
04/08/26;SANTANDER;CALL;Ago-26;12,00;12.64;28,46;0,82;6;263
04/08/26;SANTANDER;CALL;Ago-26;12,50;12.64;26,64;0,60;320;354
04/08/26;SANTANDER;CALL;Ago-26;13,00;12.64;25,95;0,33;1;261
04/08/26;SANTANDER;CALL;Ago-26;13,50;12.64;25,71;0,13;;100
04/08/26;SANTANDER;CALL;Sep-26;5,50;12.64;50,55;1,00;;16
04/08/26;SANTANDER;CALL;Sep-26;5,75;12.64;49,71;1,00;;1
04/08/26;SANTANDER;CALL;Sep-26;6,00;12.64;48,87;1,00;;2
04/08/26;SANTANDER;CALL;Sep-26;6,50;12.64;47,20;1,00;;11
04/08/26;SANTANDER;CALL;Sep-26;7,00;12.64;45,52;1,00;;4
04/08/26;SANTANDER;CALL;Sep-26;7,75;12.64;43,01;1,00;;30
04/08/26;SANTANDER;CALL;Sep-26;8,00;12.64;42,17;1,00;;100
04/08/26;SANTANDER;CALL;Sep-26;8,50;12.64;40,50;1,00;;458
04/08/26;SANTANDER;CALL;Sep-26;8,75;12.64;39,66;1,00;;3.200
04/08/26;SANTANDER;CALL;Sep-26;9,00;12.64;38,83;1,00;;1
04/08/26;SANTANDER;CALL;Sep-26;9,25;12.64;37,99;0,99;;9
04/08/26;SANTANDER;CALL;Sep-26;9,50;12.64;37,15;0,99;;4
04/08/26;SANTANDER;CALL;Sep-26;9,75;12.64;36,31;0,98;;5.031
04/08/26;SANTANDER;CALL;Sep-26;10,00;12.64;35,48;0,98;;52
04/08/26;SANTANDER;CALL;Sep-26;10,50;12.64;33,80;0,95;;155
04/08/26;SANTANDER;CALL;Sep-26;11,00;12.64;32,13;0,90;;23
04/08/26;SANTANDER;CALL;Sep-26;11,50;12.64;30,45;0,83;;7
04/08/26;SANTANDER;CALL;Sep-26;12,00;12.64;28,78;0,72;;11.107
04/08/26;SANTANDER;CALL;Sep-26;12,50;12.64;27,11;0,58;;10
04/08/26;SANTANDER;CALL;Sep-26;13,00;12.64;26,38;0,41;4;45
04/08/26;SANTANDER;CALL;Sep-26;13,50;12.64;26,02;0,26;;30
04/08/26;SANTANDER;CALL;Sep-26;14,50;12.64;25,31;0,07;;3
04/08/26;SANTANDER;CALL;Oct-26;11,50;12.64;31,21;0,78;;10
04/08/26;SANTANDER;CALL;Oct-26;13,00;12.64;27,29;0,45;1;1
04/08/26;SANTANDER;CALL;Oct-26;13,50;12.64;26,89;0,33;1;1
04/08/26;SANTANDER;CALL;Dic-26;3,00;12.64;58,79;1,00;;1
04/08/26;SANTANDER;CALL;Dic-26;4,00;12.64;55,79;1,00;;100
04/08/26;SANTANDER;CALL;Dic-26;4,50;12.64;54,28;1,00;;1
04/08/26;SANTANDER;CALL;Dic-26;4,80;12.64;53,38;1,00;;5.050
04/08/26;SANTANDER;CALL;Dic-26;4,90;12.64;53,08;1,00;;50
04/08/26;SANTANDER;CALL;Dic-26;5,00;12.64;52,78;1,00;;25
04/08/26;SANTANDER;CALL;Dic-26;5,25;12.64;52,03;1,00;;25
04/08/26;SANTANDER;CALL;Dic-26;5,75;12.64;50,53;1,00;;6
04/08/26;SANTANDER;CALL;Dic-26;6,00;12.64;49,77;1,00;;7
04/08/26;SANTANDER;CALL;Dic-26;6,50;12.64;48,27;1,00;;5
04/08/26;SANTANDER;CALL;Dic-26;7,00;12.64;46,77;0,99;;86
04/08/26;SANTANDER;CALL;Dic-26;7,50;12.64;45,27;0,99;;28
04/08/26;SANTANDER;CALL;Dic-26;7,75;12.64;44,51;0,98;;2
04/08/26;SANTANDER;CALL;Dic-26;8,00;12.64;43,76;0,98;;10.163
04/08/26;SANTANDER;CALL;Dic-26;8,25;12.64;43,01;0,97;;110
04/08/26;SANTANDER;CALL;Dic-26;8,50;12.64;42,26;0,96;;100
04/08/26;SANTANDER;CALL;Dic-26;8,75;12.64;41,51;0,96;;22
04/08/26;SANTANDER;CALL;Dic-26;9,00;12.64;40,76;0,95;;284
04/08/26;SANTANDER;CALL;Dic-26;9,25;12.64;40,01;0,93;;2
04/08/26;SANTANDER;CALL;Dic-26;9,50;12.64;39,25;0,92;40;75
04/08/26;SANTANDER;CALL;Dic-26;9,75;12.64;38,50;0,90;;5
04/08/26;SANTANDER;CALL;Dic-26;10,00;12.64;37,75;0,89;;67
04/08/26;SANTANDER;CALL;Dic-26;10,50;12.64;36,25;0,84;;97
04/08/26;SANTANDER;CALL;Dic-26;11,00;12.64;34,75;0,79;;68
04/08/26;SANTANDER;CALL;Dic-26;11,50;12.64;33,24;0,73;;89
04/08/26;SANTANDER;CALL;Dic-26;12,00;12.64;31,74;0,65;;61
04/08/26;SANTANDER;CALL;Dic-26;12,50;12.64;30,24;0,57;;85.902
04/08/26;SANTANDER;CALL;Dic-26;13,00;12.64;29,50;0,48;10.000;15.000
04/08/26;SANTANDER;CALL;Dic-26;13,50;12.64;29,06;0,39;;21
04/08/26;SANTANDER;CALL;Dic-26;14,00;12.64;28,63;0,31;;110
04/08/26;SANTANDER;CALL;Dic-26;14,50;12.64;28,19;0,24;;100
04/08/26;SANTANDER;CALL;Mar-27;4,60;12.64;51,54;1,00;;25
04/08/26;SANTANDER;CALL;Mar-27;4,70;12.64;51,27;1,00;;25
04/08/26;SANTANDER;CALL;Mar-27;4,80;12.64;51,00;1,00;;50
04/08/26;SANTANDER;CALL;Mar-27;4,90;12.64;50,73;1,00;;50
04/08/26;SANTANDER;CALL;Mar-27;5,00;12.64;50,46;1,00;;50
04/08/26;SANTANDER;CALL;Mar-27;5,25;12.64;49,79;1,00;;25
04/08/26;SANTANDER;CALL;Mar-27;6,00;12.64;47,77;0,99;;25
04/08/26;SANTANDER;CALL;Mar-27;6,25;12.64;47,10;0,99;;25
04/08/26;SANTANDER;CALL;Mar-27;7,50;12.64;43,74;0,96;;1
04/08/26;SANTANDER;CALL;Mar-27;8,00;12.64;42,39;0,95;;3
04/08/26;SANTANDER;CALL;Mar-27;9,25;12.64;39,03;0,89;;140
04/08/26;SANTANDER;CALL;Mar-27;9,50;12.64;38,36;0,87;;36
04/08/26;SANTANDER;CALL;Mar-27;10,00;12.64;37,02;0,83;;20
04/08/26;SANTANDER;CALL;Mar-27;11,50;12.64;32,98;0,70;;52
04/08/26;SANTANDER;CALL;Mar-27;12,00;12.64;31,64;0,64;;6.615
04/08/26;SANTANDER;CALL;Mar-27;12,50;12.64;30,29;0,57;;52.506
04/08/26;SANTANDER;CALL;Mar-27;13,00;12.64;29,63;0,51;5;105
04/08/26;SANTANDER;CALL;Mar-27;13,50;12.64;29,23;0,44;;6.100
04/08/26;SANTANDER;CALL;Mar-27;14,00;12.64;28,84;0,38;;16
04/08/26;SANTANDER;CALL;Mar-27;15,00;12.64;28,04;0,26;;90
04/08/26;SANTANDER;CALL;Mar-27;15,50;12.64;27,65;0,21;;12
04/08/26;SANTANDER;CALL;Jun-27;6,00;12.64;46,04;0,99;;25
04/08/26;SANTANDER;CALL;Jun-27;6,25;12.64;45,46;0,98;;25
04/08/26;SANTANDER;CALL;Jun-27;6,50;12.64;44,89;0,98;;25
04/08/26;SANTANDER;CALL;Jun-27;6,75;12.64;44,32;0,97;;25
04/08/26;SANTANDER;CALL;Jun-27;7,00;12.64;43,74;0,96;;25
04/08/26;SANTANDER;CALL;Jun-27;7,25;12.64;43,17;0,95;;25
04/08/26;SANTANDER;CALL;Jun-27;7,50;12.64;42,60;0,95;5;
04/08/26;SANTANDER;CALL;Jun-27;8,25;12.64;40,87;0,91;;5
04/08/26;SANTANDER;CALL;Jun-27;9,00;12.64;39,15;0,88;;6.000
04/08/26;SANTANDER;CALL;Jun-27;9,75;12.64;37,43;0,83;;1
04/08/26;SANTANDER;CALL;Jun-27;10,00;12.64;36,86;0,81;;5.030
04/08/26;SANTANDER;CALL;Jun-27;10,50;12.64;35,71;0,77;40;63
04/08/26;SANTANDER;CALL;Jun-27;11,00;12.64;34,57;0,73;;15
04/08/26;SANTANDER;CALL;Jun-27;12,00;12.64;32,27;0,64;;5.000
04/08/26;SANTANDER;CALL;Jun-27;12,50;12.64;31,13;0,58;;7
04/08/26;SANTANDER;CALL;Jun-27;13,00;12.64;30,55;0,53;;1
04/08/26;SANTANDER;CALL;Jun-27;13,50;12.64;30,19;0,47;4;4
04/08/26;SANTANDER;CALL;Jun-27;15,00;12.64;29,12;0,32;;2.020
04/08/26;SANTANDER;CALL;Jun-27;16,00;12.64;28,41;0,23;;10
04/08/26;SANTANDER;CALL;Sep-27;9,00;12.64;38,50;0,86;;153
04/08/26;SANTANDER;CALL;Sep-27;12,00;12.64;32,57;0,63;;2
04/08/26;SANTANDER;CALL;Dic-27;2,30;12.64;50,78;1,00;;22
04/08/26;SANTANDER;CALL;Dic-27;4,20;12.64;47,27;1,00;;7.000
04/08/26;SANTANDER;CALL;Dic-27;4,90;12.64;45,98;1,00;;4
04/08/26;SANTANDER;CALL;Dic-27;5,00;12.64;45,79;1,00;;2
04/08/26;SANTANDER;CALL;Dic-27;5,25;12.64;45,33;0,99;;3
04/08/26;SANTANDER;CALL;Dic-27;5,50;12.64;44,87;0,99;;5
04/08/26;SANTANDER;CALL;Dic-27;7,00;12.64;42,10;0,94;;2.545
04/08/26;SANTANDER;CALL;Dic-27;7,50;12.64;41,18;0,92;;4
04/08/26;SANTANDER;CALL;Dic-27;8,00;12.64;40,26;0,90;5;10
04/08/26;SANTANDER;CALL;Dic-27;8,50;12.64;39,33;0,88;;2
04/08/26;SANTANDER;CALL;Dic-27;9,00;12.64;38,41;0,85;;151
04/08/26;SANTANDER;CALL;Dic-27;9,25;12.64;37,95;0,83;;25
04/08/26;SANTANDER;CALL;Dic-27;10,00;12.64;36,57;0,79;;20
04/08/26;SANTANDER;CALL;Dic-27;10,50;12.64;35,64;0,75;;1
04/08/26;SANTANDER;CALL;Dic-27;11,00;12.64;34,72;0,72;;5.000
04/08/26;SANTANDER;CALL;Dic-27;11,50;12.64;33,80;0,68;;150
04/08/26;SANTANDER;CALL;Dic-27;12,00;12.64;32,87;0,64;;6
04/08/26;SANTANDER;CALL;Dic-27;14,00;12.64;30,79;0,47;;52.500
04/08/26;SANTANDER;CALL;Dic-27;15,00;12.64;30,14;0,38;;25.000
04/08/26;SANTANDER;CALL;Dic-27;15,50;12.64;29,81;0,35;2;2
04/08/26;SANTANDER;CALL;Mar-28;8,75;12.64;38,39;0,85;;1
04/08/26;SANTANDER;CALL;Mar-28;9,00;12.64;37,97;0,84;;450
04/08/26;SANTANDER;CALL;Mar-28;9,25;12.64;37,54;0,83;;300
04/08/26;SANTANDER;CALL;Mar-28;9,50;12.64;37,12;0,81;;50
04/08/26;SANTANDER;CALL;Mar-28;9,75;12.64;36,70;0,80;;250
04/08/26;SANTANDER;CALL;Mar-28;10,00;12.64;36,28;0,78;;126
04/08/26;SANTANDER;CALL;Mar-28;12,00;12.64;32,90;0,64;;150
04/08/26;SANTANDER;CALL;Mar-28;13,50;12.64;31,28;0,52;;150
04/08/26;SANTANDER;CALL;Mar-28;14,00;12.64;30,96;0,48;;10.000
04/08/26;SANTANDER;CALL;Jun-28;6,00;12.64;42,57;0,97;;3
04/08/26;SANTANDER;CALL;Jun-28;7,75;12.64;39,85;0,90;;4
04/08/26;SANTANDER;CALL;Jun-28;9,50;12.64;37,13;0,81;;5
04/08/26;SANTANDER;CALL;Jun-28;10,00;12.64;36,35;0,78;;150
04/08/26;SANTANDER;CALL;Jun-28;12,50;12.64;32,46;0,60;;2
04/08/26;SANTANDER;CALL;Sep-28;15,50;12.64;30,93;0,41;;15
04/08/26;SANTANDER;CALL;Dic-28;8,50;12.64;38,55;0,85;;3.004
04/08/26;SANTANDER;CALL;Dic-28;9,00;12.64;37,86;0,82;;4
04/08/26;SANTANDER;CALL;Dic-28;12,00;12.64;33,75;0,65;;5.000
04/08/26;SANTANDER;PUT;Ago-26;9,75;12.64;37,69;;;423
04/08/26;SANTANDER;PUT;Ago-26;10,00;12.64;36,78;;;220
04/08/26;SANTANDER;PUT;Ago-26;10,50;12.64;34,96;-0,01;;125
04/08/26;SANTANDER;PUT;Ago-26;11,00;12.64;33,14;-0,02;;435
04/08/26;SANTANDER;PUT;Ago-26;11,50;12.64;31,33;-0,07;;779
04/08/26;SANTANDER;PUT;Ago-26;12,00;12.64;29,51;-0,19;10;260
04/08/26;SANTANDER;PUT;Ago-26;12,50;12.64;27,69;-0,41;;18
04/08/26;SANTANDER;PUT;Ago-26;16,00;12.64;25,58;-1,00;4;4
04/08/26;SANTANDER;PUT;Sep-26;4,00;12.64;55,94;;;2
04/08/26;SANTANDER;PUT;Sep-26;6,00;12.64;49,24;;;32.505
04/08/26;SANTANDER;PUT;Sep-26;6,75;12.64;46,73;;;103
04/08/26;SANTANDER;PUT;Sep-26;7,00;12.64;45,89;;;14.621
04/08/26;SANTANDER;PUT;Sep-26;7,25;12.64;45,06;;;30
04/08/26;SANTANDER;PUT;Sep-26;7,50;12.64;44,22;;;210
04/08/26;SANTANDER;PUT;Sep-26;7,75;12.64;43,38;;;10.010
04/08/26;SANTANDER;PUT;Sep-26;8,00;12.64;42,54;;;10.209
04/08/26;SANTANDER;PUT;Sep-26;8,25;12.64;41,71;;;91
04/08/26;SANTANDER;PUT;Sep-26;8,50;12.64;40,87;;;5.001
04/08/26;SANTANDER;PUT;Sep-26;8,75;12.64;40,03;;;55
04/08/26;SANTANDER;PUT;Sep-26;9,00;12.64;39,20;-0,01;;133
04/08/26;SANTANDER;PUT;Sep-26;9,25;12.64;38,36;-0,01;;4.041
04/08/26;SANTANDER;PUT;Sep-26;9,50;12.64;37,52;-0,01;;690
04/08/26;SANTANDER;PUT;Sep-26;9,75;12.64;36,68;-0,02;;140
04/08/26;SANTANDER;PUT;Sep-26;10,00;12.64;35,85;-0,03;;13
04/08/26;SANTANDER;PUT;Sep-26;10,50;12.64;34,17;-0,05;;2.225
04/08/26;SANTANDER;PUT;Sep-26;11,00;12.64;32,50;-0,10;;132
04/08/26;SANTANDER;PUT;Sep-26;11,50;12.64;30,82;-0,17;1;25.403
04/08/26;SANTANDER;PUT;Sep-26;12,00;12.64;29,15;-0,28;;170
04/08/26;SANTANDER;PUT;Sep-26;12,50;12.64;27,48;-0,43;15;212
04/08/26;SANTANDER;PUT;Sep-26;13,00;12.64;26,75;-0,59;1;7
04/08/26;SANTANDER;PUT;Oct-26;10,00;12.64;35,94;-0,06;;4
04/08/26;SANTANDER;PUT;Oct-26;11,00;12.64;32,75;-0,15;;140
04/08/26;SANTANDER;PUT;Oct-26;11,50;12.64;31,15;-0,22;;653
04/08/26;SANTANDER;PUT;Oct-26;12,00;12.64;29,56;-0,31;;16
04/08/26;SANTANDER;PUT;Oct-26;12,50;12.64;27,96;-0,43;;6
04/08/26;SANTANDER;PUT;Dic-26;2,50;12.64;59,01;;;40
04/08/26;SANTANDER;PUT;Dic-26;2,80;12.64;58,10;;;60.000
04/08/26;SANTANDER;PUT;Dic-26;3,20;12.64;56,90;;;10
04/08/26;SANTANDER;PUT;Dic-26;3,40;12.64;56,30;;;2
04/08/26;SANTANDER;PUT;Dic-26;3,50;12.64;56,00;;;5
04/08/26;SANTANDER;PUT;Dic-26;3,60;12.64;55,70;;;50.002
04/08/26;SANTANDER;PUT;Dic-26;4,00;12.64;54,50;;;25.007
04/08/26;SANTANDER;PUT;Dic-26;4,20;12.64;53,90;;;25
04/08/26;SANTANDER;PUT;Dic-26;4,30;12.64;53,59;;;15.000
04/08/26;SANTANDER;PUT;Dic-26;4,40;12.64;53,29;;;10.000
04/08/26;SANTANDER;PUT;Dic-26;4,60;12.64;52,69;;;80
04/08/26;SANTANDER;PUT;Dic-26;4,70;12.64;52,39;;;5
04/08/26;SANTANDER;PUT;Dic-26;4,80;12.64;52,09;;;15.000
04/08/26;SANTANDER;PUT;Dic-26;4,90;12.64;51,79;;;150
04/08/26;SANTANDER;PUT;Dic-26;5,00;12.64;51,49;;;20.400
04/08/26;SANTANDER;PUT;Dic-26;5,25;12.64;50,74;;;600
04/08/26;SANTANDER;PUT;Dic-26;6,00;12.64;48,48;;;5.019
04/08/26;SANTANDER;PUT;Dic-26;6,25;12.64;47,73;-0,01;;5
04/08/26;SANTANDER;PUT;Dic-26;6,50;12.64;46,98;-0,01;;155
04/08/26;SANTANDER;PUT;Dic-26;6,75;12.64;46,23;-0,01;;156
04/08/26;SANTANDER;PUT;Dic-26;7,00;12.64;45,48;-0,01;;10.171
04/08/26;SANTANDER;PUT;Dic-26;7,25;12.64;44,73;-0,01;;50
04/08/26;SANTANDER;PUT;Dic-26;7,50;12.64;43,98;-0,02;;18
04/08/26;SANTANDER;PUT;Dic-26;7,75;12.64;43,22;-0,02;;51
04/08/26;SANTANDER;PUT;Dic-26;8,00;12.64;42,47;-0,03;;34.884
04/08/26;SANTANDER;PUT;Dic-26;8,25;12.64;41,72;-0,04;;611
04/08/26;SANTANDER;PUT;Dic-26;8,50;12.64;40,97;-0,05;;15.882
04/08/26;SANTANDER;PUT;Dic-26;8,75;12.64;40,22;-0,05;;856
04/08/26;SANTANDER;PUT;Dic-26;9,00;12.64;39,47;-0,06;;5.090
04/08/26;SANTANDER;PUT;Dic-26;9,25;12.64;38,72;-0,08;;999
04/08/26;SANTANDER;PUT;Dic-26;9,50;12.64;37,96;-0,09;;34
04/08/26;SANTANDER;PUT;Dic-26;9,75;12.64;37,21;-0,11;;20
04/08/26;SANTANDER;PUT;Dic-26;10,00;12.64;36,46;-0,13;2;90.009
04/08/26;SANTANDER;PUT;Dic-26;10,50;12.64;34,96;-0,17;;15.233
04/08/26;SANTANDER;PUT;Dic-26;11,00;12.64;33,46;-0,22;;1.156
04/08/26;SANTANDER;PUT;Dic-26;11,50;12.64;31,95;-0,29;;40
04/08/26;SANTANDER;PUT;Dic-26;12,00;12.64;30,45;-0,36;2;184
04/08/26;SANTANDER;PUT;Dic-26;12,50;12.64;28,95;-0,45;2;22
04/08/26;SANTANDER;PUT;Dic-26;13,00;12.64;28,21;-0,54;10;10
04/08/26;SANTANDER;PUT;Dic-26;13,50;12.64;27,77;-0,63;;100
04/08/26;SANTANDER;PUT;Dic-26;14,00;12.64;27,34;-0,71;1.000;1.003
04/08/26;SANTANDER;PUT;Dic-26;16,00;12.64;25,60;-0,93;;1
04/08/26;SANTANDER;PUT;Mar-27;5,25;12.64;48,76;-0,01;;470
04/08/26;SANTANDER;PUT;Mar-27;5,50;12.64;48,09;-0,01;;150
04/08/26;SANTANDER;PUT;Mar-27;6,00;12.64;46,74;-0,01;;150
04/08/26;SANTANDER;PUT;Mar-27;6,75;12.64;44,73;-0,02;;371
04/08/26;SANTANDER;PUT;Mar-27;7,00;12.64;44,05;-0,03;;1
04/08/26;SANTANDER;PUT;Mar-27;7,25;12.64;43,38;-0,04;;16.000
04/08/26;SANTANDER;PUT;Mar-27;8,00;12.64;41,36;-0,06;;100
04/08/26;SANTANDER;PUT;Mar-27;8,25;12.64;40,69;-0,07;;5.400
04/08/26;SANTANDER;PUT;Mar-27;8,50;12.64;40,02;-0,08;;100
04/08/26;SANTANDER;PUT;Mar-27;8,75;12.64;39,35;-0,09;;5
04/08/26;SANTANDER;PUT;Mar-27;9,00;12.64;38,67;-0,10;;40
04/08/26;SANTANDER;PUT;Mar-27;9,50;12.64;37,33;-0,13;;52.500
04/08/26;SANTANDER;PUT;Mar-27;9,75;12.64;36,66;-0,15;;6.700
04/08/26;SANTANDER;PUT;Mar-27;10,00;12.64;35,99;-0,17;;25
04/08/26;SANTANDER;PUT;Mar-27;11,00;12.64;33,30;-0,25;;581
04/08/26;SANTANDER;PUT;Mar-27;11,50;12.64;31,95;-0,31;;100
04/08/26;SANTANDER;PUT;Mar-27;12,00;12.64;30,61;-0,37;;456
04/08/26;SANTANDER;PUT;Jun-27;3,00;12.64;52,17;;;15.000
04/08/26;SANTANDER;PUT;Jun-27;4,00;12.64;49,87;;;1
04/08/26;SANTANDER;PUT;Jun-27;5,50;12.64;46,43;-0,02;;42
04/08/26;SANTANDER;PUT;Jun-27;6,00;12.64;45,29;-0,02;;20.100
04/08/26;SANTANDER;PUT;Jun-27;7,00;12.64;42,99;-0,05;;5.155
04/08/26;SANTANDER;PUT;Jun-27;7,25;12.64;42,42;-0,06;;150
04/08/26;SANTANDER;PUT;Jun-27;7,50;12.64;41,85;-0,06;;813
04/08/26;SANTANDER;PUT;Jun-27;7,75;12.64;41,27;-0,07;;150
04/08/26;SANTANDER;PUT;Jun-27;8,00;12.64;40,70;-0,08;;6.000
04/08/26;SANTANDER;PUT;Jun-27;8,75;12.64;38,98;-0,12;;10
04/08/26;SANTANDER;PUT;Jun-27;9,00;12.64;38,40;-0,13;;16.005
04/08/26;SANTANDER;PUT;Jun-27;9,50;12.64;37,26;-0,16;;5
04/08/26;SANTANDER;PUT;Jun-27;10,00;12.64;36,11;-0,20;;10.005
04/08/26;SANTANDER;PUT;Jun-27;10,50;12.64;34,96;-0,23;;5.004
04/08/26;SANTANDER;PUT;Jun-27;11,50;12.64;32,67;-0,32;;5.210
04/08/26;SANTANDER;PUT;Jun-27;12,00;12.64;31,52;-0,38;;5.005
04/08/26;SANTANDER;PUT;Sep-27;8,00;12.64;39,56;-0,09;;315
04/08/26;SANTANDER;PUT;Sep-27;9,50;12.64;36,59;-0,17;;263
04/08/26;SANTANDER;PUT;Sep-27;9,75;12.64;36,10;-0,19;;25
04/08/26;SANTANDER;PUT;Sep-27;10,00;12.64;35,60;-0,21;;5
04/08/26;SANTANDER;PUT;Sep-27;12,00;12.64;31,65;-0,37;;1
04/08/26;SANTANDER;PUT;Dic-27;3,30;12.64;47,49;;;10
04/08/26;SANTANDER;PUT;Dic-27;3,50;12.64;47,12;;;10.040
04/08/26;SANTANDER;PUT;Dic-27;3,90;12.64;46,39;-0,01;;10
04/08/26;SANTANDER;PUT;Dic-27;4,00;12.64;46,20;-0,01;;42
04/08/26;SANTANDER;PUT;Dic-27;4,20;12.64;45,83;-0,01;;7.000
04/08/26;SANTANDER;PUT;Dic-27;4,40;12.64;45,46;-0,01;;51.025
04/08/26;SANTANDER;PUT;Dic-27;4,70;12.64;44,91;-0,02;;10
04/08/26;SANTANDER;PUT;Dic-27;5,25;12.64;43,89;-0,02;;11.500
04/08/26;SANTANDER;PUT;Dic-27;5,50;12.64;43,43;-0,03;;1
04/08/26;SANTANDER;PUT;Dic-27;5,75;12.64;42,97;-0,03;;50.000
04/08/26;SANTANDER;PUT;Dic-27;6,00;12.64;42,51;-0,04;;5.150
04/08/26;SANTANDER;PUT;Dic-27;6,25;12.64;42,05;-0,05;;150
04/08/26;SANTANDER;PUT;Dic-27;6,50;12.64;41,59;-0,05;;151
04/08/26;SANTANDER;PUT;Dic-27;6,75;12.64;41,12;-0,06;;150
04/08/26;SANTANDER;PUT;Dic-27;7,00;12.64;40,66;-0,07;;10.500
04/08/26;SANTANDER;PUT;Dic-27;7,25;12.64;40,20;-0,08;;325
04/08/26;SANTANDER;PUT;Dic-27;7,50;12.64;39,74;-0,09;;300
04/08/26;SANTANDER;PUT;Dic-27;7,75;12.64;39,28;-0,10;;5.000
04/08/26;SANTANDER;PUT;Dic-27;8,00;12.64;38,82;-0,11;;75
04/08/26;SANTANDER;PUT;Dic-27;8,50;12.64;37,89;-0,13;;10.003
04/08/26;SANTANDER;PUT;Dic-27;8,75;12.64;37,43;-0,15;;23
04/08/26;SANTANDER;PUT;Dic-27;9,00;12.64;36,97;-0,16;;4.000
04/08/26;SANTANDER;PUT;Dic-27;9,75;12.64;35,59;-0,21;;25.000
04/08/26;SANTANDER;PUT;Dic-27;10,00;12.64;35,13;-0,22;;40.176
04/08/26;SANTANDER;PUT;Dic-27;10,50;12.64;34,20;-0,26;;4.745
04/08/26;SANTANDER;PUT;Dic-27;11,00;12.64;33,28;-0,29;;30.002
04/08/26;SANTANDER;PUT;Dic-27;11,50;12.64;32,36;-0,33;;25
04/08/26;SANTANDER;PUT;Dic-27;12,00;12.64;31,43;-0,38;;302
04/08/26;SANTANDER;PUT;Dic-27;12,50;12.64;30,51;-0,42;;25
04/08/26;SANTANDER;PUT;Mar-28;9,00;12.64;35,90;-0,17;;150
04/08/26;SANTANDER;PUT;Mar-28;9,25;12.64;35,47;-0,18;;150
04/08/26;SANTANDER;PUT;Mar-28;9,75;12.64;34,63;-0,21;;5
04/08/26;SANTANDER;PUT;Mar-28;10,00;12.64;34,21;-0,23;;150
04/08/26;SANTANDER;PUT;Mar-28;10,50;12.64;33,36;-0,26;;387
04/08/26;SANTANDER;PUT;Mar-28;11,00;12.64;32,52;-0,30;;20.175
04/08/26;SANTANDER;PUT;Mar-28;12,00;12.64;30,83;-0,37;;150
04/08/26;SANTANDER;PUT;Jun-28;5,00;12.64;41,55;-0,03;;10.000
04/08/26;SANTANDER;PUT;Jun-28;10,50;12.64;32,99;-0,27;;10.000
04/08/26;SANTANDER;PUT;Jun-28;11,00;12.64;32,21;-0,30;;381
04/08/26;SANTANDER;PUT;Jun-28;11,50;12.64;31,44;-0,34;;450
04/08/26;SANTANDER;PUT;Jun-28;12,00;12.64;30,66;-0,38;;602
04/08/26;SANTANDER;PUT;Dic-28;4,20;12.64;40,90;-0,02;;10.000
04/08/26;SANTANDER;PUT;Dic-28;6,00;12.64;38,44;-0,06;;12.500
04/08/26;SANTANDER;PUT;Dic-28;8,00;12.64;35,69;-0,14;;15.500
04/08/26;SANTANDER;PUT;Dic-28;8,50;12.64;35,01;-0,16;;3.000
04/08/26;SANTANDER;PUT;Dic-28;9,00;12.64;34,32;-0,19;;5.000
04/08/26;SANTANDER;PUT;Dic-28;10,00;12.64;32,95;-0,25;;12.000
04/08/26;SANTANDER;PUT;Dic-29;3,90;12.64;39,15;-0,02;;3.250
04/08/26;SANTANDER;PUT;Dic-29;5,50;12.64;37,30;-0,06;;25.000
04/08/26;SANTANDER;PUT;Dic-29;8,00;12.64;34,40;-0,16;;11.000
04/08/26;SANTANDER;PUT;Dic-29;10,50;12.64;31,50;-0,28;;200
04/08/26;SANTANDER;PUT;Dic-30;6,00;12.64;35,67;-0,09;;10.000
04/08/26;SANTANDER;CALL;Ago-26;10,00;12.64;35,73;1,00;;20
04/08/26;SANTANDER;CALL;Ago-26;10,50;12.64;33,91;0,99;;50
04/08/26;SANTANDER;CALL;Ago-26;11,00;12.64;32,09;0,98;;60
04/08/26;SANTANDER;CALL;Ago-26;11,50;12.64;30,28;0,93;;60
04/08/26;SANTANDER;CALL;Ago-26;12,00;12.64;28,46;0,81;;130
04/08/26;SANTANDER;CALL;Ago-26;12,00;12.64;28,46;0,81;;22
04/08/26;SANTANDER;CALL;Ago-26;12,50;12.64;26,64;0,60;;2.362
04/08/26;SANTANDER;CALL;Ago-26;12,50;12.64;26,64;0,60;;120
04/08/26;SANTANDER;CALL;Ago-26;13,00;12.64;25,95;0,33;3;40
04/08/26;SANTANDER;CALL;Ago-26;13,00;12.64;25,95;0,33;;4.590
04/08/26;SANTANDER;CALL;Sep-26;9,00;12.64;38,83;0,99;;10
04/08/26;SANTANDER;CALL;Sep-26;10,50;12.64;33,80;0,95;;40
04/08/26;SANTANDER;CALL;Sep-26;11,00;12.64;32,13;0,90;10;10
04/08/26;SANTANDER;CALL;Sep-26;11,50;12.64;30,45;0,83;;10
04/08/26;SANTANDER;CALL;Sep-26;11,50;12.64;30,45;0,83;;40
04/08/26;SANTANDER;CALL;Sep-26;12,00;12.64;28,78;0,72;;4.000
04/08/26;SANTANDER;CALL;Sep-26;12,00;12.64;28,78;0,72;10;20
04/08/26;SANTANDER;CALL;Sep-26;12,50;12.64;27,11;0,58;10;20
04/08/26;SANTANDER;CALL;Sep-26;12,50;12.64;27,11;0,58;;10
04/08/26;SANTANDER;CALL;Sep-26;13,00;12.64;26,38;0,41;;4.510
04/08/26;SANTANDER;CALL;Sep-26;13,50;12.64;26,02;0,26;;9.000
04/08/26;SANTANDER;CALL;Sep-26;13,50;12.64;26,02;0,26;;10
04/08/26;SANTANDER;CALL;Dic-26;6,50;12.64;48,27;0,98;;36
04/08/26;SANTANDER;CALL;Dic-26;8,00;12.64;43,76;0,96;;2
04/08/26;SANTANDER;CALL;Dic-26;8,50;12.64;42,26;0,94;;2
04/08/26;SANTANDER;CALL;Dic-26;8,75;12.64;41,51;0,93;;25
04/08/26;SANTANDER;CALL;Dic-26;9,00;12.64;40,76;0,92;;10
04/08/26;SANTANDER;CALL;Dic-26;10,00;12.64;37,75;0,86;;10
04/08/26;SANTANDER;CALL;Dic-26;10,50;12.64;36,25;0,82;;12
04/08/26;SANTANDER;CALL;Dic-26;12,00;12.64;31,74;0,63;;20
04/08/26;SANTANDER;CALL;Dic-26;12,50;12.64;30,24;0,55;;2
04/08/26;SANTANDER;CALL;Dic-26;13,50;12.64;29,06;0,38;;2
04/08/26;SANTANDER;CALL;Mar-27;4,00;12.64;53,15;0,98;;30
04/08/26;SANTANDER;CALL;Mar-27;5,00;12.64;50,46;0,98;;20
04/08/26;SANTANDER;CALL;Mar-27;10,00;12.64;37,02;0,82;;1
04/08/26;SANTANDER;CALL;Sep-27;11,00;12.64;34,55;0,70;;1
04/08/26;SANTANDER;CALL;Dic-27;10,00;12.64;36,57;0,75;;1
04/08/26;SANTANDER;PUT;Ago-26;10,00;12.64;36,78;;;10
04/08/26;SANTANDER;PUT;Ago-26;11,00;12.64;33,14;-0,02;;24
04/08/26;SANTANDER;PUT;Ago-26;11,00;12.64;33,14;-0,02;;10
04/08/26;SANTANDER;PUT;Ago-26;11,50;12.64;31,33;-0,07;;12
04/08/26;SANTANDER;PUT;Ago-26;11,50;12.64;31,33;-0,07;;82
04/08/26;SANTANDER;PUT;Ago-26;12,00;12.64;29,51;-0,19;;82
04/08/26;SANTANDER;PUT;Ago-26;12,00;12.64;29,51;-0,19;;45
04/08/26;SANTANDER;PUT;Ago-26;12,50;12.64;27,69;-0,41;;30
04/08/26;SANTANDER;PUT;Ago-26;12,50;12.64;27,69;-0,41;;10
04/08/26;SANTANDER;PUT;Ago-26;13,00;12.64;27,00;-0,67;1;8
04/08/26;SANTANDER;PUT;Ago-26;13,50;12.64;26,76;-0,86;;8
04/08/26;SANTANDER;PUT;Ago-26;14,00;12.64;26,53;-0,96;;30
04/08/26;SANTANDER;PUT;Sep-26;6,25;12.64;48,40;;;1.700
04/08/26;SANTANDER;PUT;Sep-26;7,50;12.64;44,22;;;900
04/08/26;SANTANDER;PUT;Sep-26;8,25;12.64;41,71;;;50
04/08/26;SANTANDER;PUT;Sep-26;9,50;12.64;37,52;-0,01;;10
04/08/26;SANTANDER;PUT;Sep-26;10,50;12.64;34,17;-0,05;;30.010
04/08/26;SANTANDER;PUT;Sep-26;11,00;12.64;32,50;-0,10;;1
04/08/26;SANTANDER;PUT;Sep-26;11,50;12.64;30,82;-0,17;;11
04/08/26;SANTANDER;PUT;Sep-26;11,50;12.64;30,82;-0,17;;20
04/08/26;SANTANDER;PUT;Sep-26;12,00;12.64;29,15;-0,28;;10
04/08/26;SANTANDER;PUT;Sep-26;12,00;12.64;29,15;-0,28;;56
04/08/26;SANTANDER;PUT;Sep-26;13,50;12.64;26,39;-0,73;;20
04/08/26;SANTANDER;PUT;Sep-26;14,00;12.64;26,03;-0,85;;15
04/08/26;SANTANDER;PUT;Oct-26;11,00;12.64;32,75;-0,15;;2
04/08/26;SANTANDER;PUT;Oct-26;11,50;12.64;31,15;-0,22;;1
04/08/26;SANTANDER;PUT;Oct-26;11,50;12.64;31,15;-0,22;;10
04/08/26;SANTANDER;PUT;Dic-26;6,75;12.64;46,23;-0,01;;2.800
04/08/26;SANTANDER;PUT;Dic-26;9,00;12.64;39,47;-0,06;;10
04/08/26;SANTANDER;PUT;Dic-26;9,75;12.64;37,21;-0,11;;26
04/08/26;SANTANDER;PUT;Dic-26;10,00;12.64;36,46;-0,12;;25
04/08/26;SANTANDER;PUT;Dic-26;10,50;12.64;34,96;-0,17;;1
04/08/26;SANTANDER;PUT;Dic-26;11,00;12.64;33,46;-0,22;;20
04/08/26;SANTANDER;PUT;Dic-26;11,00;12.64;33,46;-0,22;;10
04/08/26;SANTANDER;PUT;Dic-26;11,50;12.64;31,95;-0,28;;1
04/08/26;SANTANDER;PUT;Dic-26;12,00;12.64;30,45;-0,36;;1
04/08/26;SANTANDER;PUT;Dic-26;12,50;12.64;28,95;-0,44;;1
04/08/26;SANTANDER;PUT;Mar-27;9,00;12.64;38,67;-0,10;;2
04/08/26;SANTANDER;PUT;Jun-27;11,50;12.64;32,67;-0,31;;1
04/08/26;SANTANDER;PUT;Dic-29;10,50;12.64;31,50;-0,26;;60
04/08/26;SOLARIA;CALL;Ago-26;16,00;16.37;46,68;0,61;;4
04/08/26;SOLARIA;CALL;Ago-26;20,50;16.37;39,90;;;3
04/08/26;SOLARIA;CALL;Sep-26;18,00;16.37;41,91;0,29;;25
04/08/26;SOLARIA;CALL;Dic-26;18,00;16.37;42,78;0,42;;9
04/08/26;SOLARIA;PUT;Ago-26;15,00;16.37;49,94;-0,19;;729
04/08/26;SOLARIA;PUT;Ago-26;18,00;16.37;44,57;-0,82;;10
04/08/26;SOLARIA;PUT;Ago-26;19,00;16.37;43,13;-0,94;;5
04/08/26;SOLARIA;PUT;Dic-26;14,50;16.37;47,29;-0,28;;3
04/08/26;SOLARIA;PUT;Dic-26;22,00;16.37;41,76;-0,86;;25
04/08/26;SOLARIA;PUT;Dic-26;23,00;16.37;41,39;-0,90;;20
04/08/26;SOLARIA;PUT;Dic-26;25,00;16.37;40,66;-0,97;;20
04/08/26;TECNICAS REUNIDAS;CALL;Ago-26;29,32;28.54;50,54;0,43;;5
04/08/26;TECNICAS REUNIDAS;CALL;Ago-26;30,24;28.54;50,19;0,32;;19
04/08/26;TECNICAS REUNIDAS;CALL;Ago-26;32,07;28.54;49,51;0,15;;18
04/08/26;TECNICAS REUNIDAS;CALL;Ago-26;32,99;28.54;49,17;0,10;;22
04/08/26;TECNICAS REUNIDAS;CALL;Ago-26;34,82;28.54;48,48;0,03;;2
04/08/26;TECNICAS REUNIDAS;CALL;Ago-26;35,74;28.54;48,14;0,02;;2
04/08/26;TECNICAS REUNIDAS;CALL;Ago-26;38,48;28.54;47,11;;;5
04/08/26;TECNICAS REUNIDAS;CALL;Sep-26;30,24;28.54;47,01;0,40;5;5
04/08/26;TECNICAS REUNIDAS;CALL;Sep-26;32,07;28.54;46,52;0,27;;5
04/08/26;TECNICAS REUNIDAS;CALL;Sep-26;32,99;28.54;46,27;0,21;;13
04/08/26;TECNICAS REUNIDAS;CALL;Sep-26;33,90;28.54;46,03;0,17;;6
04/08/26;TECNICAS REUNIDAS;CALL;Sep-26;34,82;28.54;45,78;0,13;;135
04/08/26;TECNICAS REUNIDAS;CALL;Sep-26;36,65;28.54;45,29;0,07;;5
04/08/26;TECNICAS REUNIDAS;CALL;Dic-26;41,23;28.54;50,30;0,14;;5
04/08/26;TECNICAS REUNIDAS;CALL;Mar-27;37,00;28.54;46,74;0,29;;1
04/08/26;TECNICAS REUNIDAS;CALL;Jun-27;29,00;28.54;47,48;0,57;;12
04/08/26;TECNICAS REUNIDAS;PUT;Ago-26;22,91;28.54;59,75;-0,04;;7
04/08/26;TECNICAS REUNIDAS;PUT;Ago-26;23,82;28.54;57,98;-0,06;;5
04/08/26;TECNICAS REUNIDAS;PUT;Ago-26;24,74;28.54;56,20;-0,11;;1
04/08/26;TECNICAS REUNIDAS;PUT;Ago-26;25,66;28.54;54,41;-0,17;;5
04/08/26;TECNICAS REUNIDAS;PUT;Ago-26;26,57;28.54;52,65;-0,24;;1
04/08/26;TECNICAS REUNIDAS;PUT;Ago-26;27,49;28.54;50,87;-0,34;;6
04/08/26;TECNICAS REUNIDAS;PUT;Ago-26;29,32;28.54;48,54;-0,58;;3
04/08/26;TECNICAS REUNIDAS;PUT;Ago-26;30,24;28.54;48,19;-0,69;;3
04/08/26;TECNICAS REUNIDAS;PUT;Sep-26;18,33;28.54;62,74;-0,02;;5
04/08/26;TECNICAS REUNIDAS;PUT;Sep-26;19,24;28.54;61,21;-0,03;;5
04/08/26;TECNICAS REUNIDAS;PUT;Sep-26;22,91;28.54;55,04;-0,11;;5
04/08/26;TECNICAS REUNIDAS;PUT;Dic-26;18,33;28.54;56,55;-0,08;;2
04/08/26;TECNICAS REUNIDAS;PUT;Dic-26;20,16;28.54;54,07;-0,12;;2
04/08/26;TECNICAS REUNIDAS;PUT;Dic-26;21,07;28.54;52,84;-0,15;;5
04/08/26;TECNICAS REUNIDAS;PUT;Mar-27;16,00;28.54;56,44;-0,07;;1
04/08/26;TECNICAS REUNIDAS;PUT;Mar-27;30,00;28.54;41,75;-0,52;;5
04/08/26;TECNICAS REUNIDAS;PUT;Jun-27;18,00;28.54;50,88;-0,12;;2
04/08/26;TECNICAS REUNIDAS;PUT;Jun-27;32,00;28.54;40,22;-0,56;;2
04/08/26;TECNICAS REUNIDAS;PUT;Dic-26;26,00;28.54;46,16;-0,34;;5
04/08/26;TECNICAS REUNIDAS;PUT;Dic-26;27,00;28.54;44,81;-0,39;;5
04/08/26;TELEFONICA;CALL;Ago-26;3,30;3.66;28,14;0,96;;1
04/08/26;TELEFONICA;CALL;Ago-26;3,60;3.66;25,33;0,63;;75.077
04/08/26;TELEFONICA;CALL;Ago-26;3,70;3.66;24,67;0,43;;80
04/08/26;TELEFONICA;CALL;Ago-26;3,80;3.66;24,37;0,25;;43
04/08/26;TELEFONICA;CALL;Ago-26;3,90;3.66;24,07;0,12;;3
04/08/26;TELEFONICA;CALL;Ago-26;4,00;3.66;23,77;0,04;;10
04/08/26;TELEFONICA;CALL;Ago-26;4,20;3.66;23,17;;;10
04/08/26;TELEFONICA;CALL;Sep-26;2,20;3.66;35,72;1,00;;2
04/08/26;TELEFONICA;CALL;Sep-26;3,50;3.66;24,58;0,72;;16
04/08/26;TELEFONICA;CALL;Sep-26;3,60;3.66;23,72;0,60;;160
04/08/26;TELEFONICA;CALL;Sep-26;3,70;3.66;23,12;0,47;;131
04/08/26;TELEFONICA;CALL;Sep-26;3,80;3.66;22,83;0,34;;1.011
04/08/26;TELEFONICA;CALL;Sep-26;3,90;3.66;22,53;0,23;;25
04/08/26;TELEFONICA;CALL;Sep-26;4,00;3.66;22,24;0,14;;316
04/08/26;TELEFONICA;CALL;Sep-26;4,10;3.66;21,95;0,08;;10.005
04/08/26;TELEFONICA;CALL;Sep-26;4,20;3.66;21,66;0,04;;594
04/08/26;TELEFONICA;CALL;Sep-26;4,30;3.66;21,37;0,02;;250
04/08/26;TELEFONICA;CALL;Sep-26;4,40;3.66;21,08;0,01;;1.100
04/08/26;TELEFONICA;CALL;Sep-26;4,60;3.66;20,49;;;6
04/08/26;TELEFONICA;CALL;Dic-26;2,90;3.66;28,66;0,93;;1
04/08/26;TELEFONICA;CALL;Dic-26;3,00;3.66;27,95;0,90;;10
04/08/26;TELEFONICA;CALL;Dic-26;3,30;3.66;25,82;0,78;;10
04/08/26;TELEFONICA;CALL;Dic-26;3,40;3.66;25,10;0,73;;65
04/08/26;TELEFONICA;CALL;Dic-26;3,50;3.66;24,39;0,66;;197
04/08/26;TELEFONICA;CALL;Dic-26;3,60;3.66;23,68;0,59;;86.509
04/08/26;TELEFONICA;CALL;Dic-26;3,70;3.66;23,16;0,52;;587
04/08/26;TELEFONICA;CALL;Dic-26;3,80;3.66;22,87;0,44;;324
04/08/26;TELEFONICA;CALL;Dic-26;3,90;3.66;22,57;0,37;;658
04/08/26;TELEFONICA;CALL;Dic-26;4,00;3.66;22,28;0,30;;120.740
04/08/26;TELEFONICA;CALL;Dic-26;4,10;3.66;21,99;0,23;;560
04/08/26;TELEFONICA;CALL;Dic-26;4,20;3.66;21,70;0,18;;1.214
04/08/26;TELEFONICA;CALL;Dic-26;4,30;3.66;21,41;0,13;;511
04/08/26;TELEFONICA;CALL;Dic-26;4,40;3.66;21,12;0,09;;14
04/08/26;TELEFONICA;CALL;Dic-26;4,50;3.66;20,82;0,07;;43.670
04/08/26;TELEFONICA;CALL;Dic-26;4,60;3.66;20,53;0,04;;35.000
04/08/26;TELEFONICA;CALL;Dic-26;4,70;3.66;20,24;0,03;;20.010
04/08/26;TELEFONICA;CALL;Dic-26;4,90;3.66;19,66;0,01;;8.004
04/08/26;TELEFONICA;CALL;Dic-26;5,00;3.66;19,36;0,01;;771
04/08/26;TELEFONICA;CALL;Dic-26;5,25;3.66;18,64;;;8
04/08/26;TELEFONICA;CALL;Dic-26;5,50;3.66;17,91;;;2
04/08/26;TELEFONICA;CALL;Mar-27;2,20;3.66;31,25;0,99;;1
04/08/26;TELEFONICA;CALL;Mar-27;3,10;3.66;26,41;0,83;;30
04/08/26;TELEFONICA;CALL;Mar-27;3,20;3.66;25,87;0,80;;10
04/08/26;TELEFONICA;CALL;Mar-27;3,40;3.66;24,79;0,71;;1
04/08/26;TELEFONICA;CALL;Mar-27;3,50;3.66;24,25;0,66;;2
04/08/26;TELEFONICA;CALL;Mar-27;3,60;3.66;23,72;0,60;;52
04/08/26;TELEFONICA;CALL;Mar-27;3,70;3.66;23,29;0,54;;308
04/08/26;TELEFONICA;CALL;Mar-27;3,80;3.66;23,00;0,48;;3
04/08/26;TELEFONICA;CALL;Mar-27;3,90;3.66;22,70;0,43;;5
04/08/26;TELEFONICA;CALL;Mar-27;4,00;3.66;22,41;0,37;;140
04/08/26;TELEFONICA;CALL;Mar-27;4,20;3.66;21,83;0,26;;70
04/08/26;TELEFONICA;CALL;Mar-27;4,30;3.66;21,54;0,22;;2
04/08/26;TELEFONICA;CALL;Mar-27;4,40;3.66;21,25;0,18;;5.000
04/08/26;TELEFONICA;CALL;Mar-27;4,60;3.66;20,66;0,11;;20.000
04/08/26;TELEFONICA;CALL;Mar-27;4,80;3.66;20,08;0,06;;25
04/08/26;TELEFONICA;CALL;Jun-27;3,00;3.66;26,86;0,85;;5
04/08/26;TELEFONICA;CALL;Jun-27;3,50;3.66;24,76;0,66;;1
04/08/26;TELEFONICA;CALL;Jun-27;3,60;3.66;24,34;0,61;;100
04/08/26;TELEFONICA;CALL;Jun-27;3,80;3.66;23,75;0,51;;25
04/08/26;TELEFONICA;CALL;Jun-27;3,90;3.66;23,51;0,46;;14
04/08/26;TELEFONICA;CALL;Jun-27;4,00;3.66;23,26;0,41;;58
04/08/26;TELEFONICA;CALL;Jun-27;4,10;3.66;23,01;0,36;;4.028
04/08/26;TELEFONICA;CALL;Jun-27;4,20;3.66;22,77;0,32;;24.007
04/08/26;TELEFONICA;CALL;Jun-27;4,30;3.66;22,52;0,28;;100
04/08/26;TELEFONICA;CALL;Jun-27;4,40;3.66;22,28;0,24;;456
04/08/26;TELEFONICA;CALL;Jun-27;4,50;3.66;22,03;0,20;;6.700
04/08/26;TELEFONICA;CALL;Jun-27;4,70;3.66;21,54;0,14;;10
04/08/26;TELEFONICA;CALL;Jun-27;4,80;3.66;21,29;0,11;;150
04/08/26;TELEFONICA;CALL;Jun-27;4,90;3.66;21,04;0,09;;150
04/08/26;TELEFONICA;CALL;Jun-27;5,00;3.66;20,80;0,07;;150
04/08/26;TELEFONICA;CALL;Jun-27;5,50;3.66;19,57;0,02;;5
04/08/26;TELEFONICA;CALL;Jun-27;5,75;3.66;18,95;0,01;;20
04/08/26;TELEFONICA;CALL;Sep-27;3,70;3.66;24,39;0,56;;31
04/08/26;TELEFONICA;CALL;Sep-27;3,80;3.66;24,14;0,51;;4
04/08/26;TELEFONICA;CALL;Sep-27;3,90;3.66;23,90;0,47;;150
04/08/26;TELEFONICA;CALL;Sep-27;4,60;3.66;22,17;0,19;;2
04/08/26;TELEFONICA;CALL;Sep-27;5,50;3.66;19,96;0,03;;22
04/08/26;TELEFONICA;CALL;Dic-27;2,30;3.66;29,33;0,97;;10
04/08/26;TELEFONICA;CALL;Dic-27;2,40;3.66;29,03;0,96;;10
04/08/26;TELEFONICA;CALL;Dic-27;2,50;3.66;28,73;0,94;;10
04/08/26;TELEFONICA;CALL;Dic-27;2,60;3.66;28,43;0,92;;10
04/08/26;TELEFONICA;CALL;Dic-27;2,70;3.66;28,12;0,90;;25
04/08/26;TELEFONICA;CALL;Dic-27;2,80;3.66;27,82;0,88;;15
04/08/26;TELEFONICA;CALL;Dic-27;2,90;3.66;27,52;0,85;;15
04/08/26;TELEFONICA;CALL;Dic-27;3,10;3.66;26,92;0,79;;8
04/08/26;TELEFONICA;CALL;Dic-27;3,20;3.66;26,62;0,76;;750
04/08/26;TELEFONICA;CALL;Dic-27;3,50;3.66;25,72;0,64;;140
04/08/26;TELEFONICA;CALL;Dic-27;3,60;3.66;25,42;0,60;;22
04/08/26;TELEFONICA;CALL;Dic-27;3,70;3.66;25,16;0,56;;11
04/08/26;TELEFONICA;CALL;Dic-27;3,80;3.66;24,95;0,52;;9.010
04/08/26;TELEFONICA;CALL;Dic-27;3,90;3.66;24,74;0,48;;1
04/08/26;TELEFONICA;CALL;Dic-27;4,00;3.66;24,53;0,44;;870
04/08/26;TELEFONICA;CALL;Dic-27;4,10;3.66;24,32;0,40;;102
04/08/26;TELEFONICA;CALL;Dic-27;4,20;3.66;24,11;0,37;;3
04/08/26;TELEFONICA;CALL;Dic-27;4,30;3.66;23,90;0,33;;36
04/08/26;TELEFONICA;CALL;Dic-27;4,40;3.66;23,69;0,30;;79
04/08/26;TELEFONICA;CALL;Dic-27;4,50;3.66;23,48;0,27;;139
04/08/26;TELEFONICA;CALL;Dic-27;4,60;3.66;23,27;0,24;4.000;4.001
04/08/26;TELEFONICA;CALL;Dic-27;4,70;3.66;23,06;0,21;;30.150
04/08/26;TELEFONICA;CALL;Dic-27;5,00;3.66;22,43;0,14;;486
04/08/26;TELEFONICA;CALL;Dic-27;5,25;3.66;21,90;0,10;;167
04/08/26;TELEFONICA;CALL;Dic-27;5,50;3.66;21,38;0,06;;25
04/08/26;TELEFONICA;CALL;Dic-27;6,00;3.66;20,33;0,02;;21.105
04/08/26;TELEFONICA;CALL;Mar-28;2,10;3.66;29,91;0,98;;10
04/08/26;TELEFONICA;CALL;Mar-28;2,20;3.66;29,65;0,97;;10
04/08/26;TELEFONICA;CALL;Mar-28;2,30;3.66;29,38;0,96;;10
04/08/26;TELEFONICA;CALL;Mar-28;2,40;3.66;29,12;0,94;;10
04/08/26;TELEFONICA;CALL;Mar-28;2,50;3.66;28,85;0,93;;10
04/08/26;TELEFONICA;CALL;Mar-28;2,60;3.66;28,59;0,91;;10
04/08/26;TELEFONICA;CALL;Mar-28;2,70;3.66;28,33;0,88;;50
04/08/26;TELEFONICA;CALL;Mar-28;2,80;3.66;28,06;0,86;;15
04/08/26;TELEFONICA;CALL;Mar-28;2,90;3.66;27,80;0,83;;15
04/08/26;TELEFONICA;CALL;Mar-28;3,00;3.66;27,53;0,80;;20
04/08/26;TELEFONICA;CALL;Mar-28;3,10;3.66;27,27;0,77;;20
04/08/26;TELEFONICA;CALL;Mar-28;3,20;3.66;27,00;0,74;;27
04/08/26;TELEFONICA;CALL;Mar-28;3,30;3.66;26,74;0,70;;25
04/08/26;TELEFONICA;CALL;Mar-28;3,40;3.66;26,47;0,67;;521
04/08/26;TELEFONICA;CALL;Mar-28;3,50;3.66;26,21;0,63;;27
04/08/26;TELEFONICA;CALL;Mar-28;3,60;3.66;25,95;0,60;;26
04/08/26;TELEFONICA;CALL;Mar-28;3,70;3.66;25,71;0,56;;25
04/08/26;TELEFONICA;CALL;Mar-28;4,00;3.66;25,14;0,46;;10
04/08/26;TELEFONICA;CALL;Mar-28;4,10;3.66;24,95;0,42;;1
04/08/26;TELEFONICA;CALL;Mar-28;4,50;3.66;24,18;0,30;;100
04/08/26;TELEFONICA;CALL;Mar-28;4,60;3.66;23,99;0,27;;1
04/08/26;TELEFONICA;CALL;Jun-28;4,00;3.66;25,37;0,47;;100
04/08/26;TELEFONICA;CALL;Jun-28;4,50;3.66;24,51;0,32;;2
04/08/26;TELEFONICA;CALL;Jun-28;4,60;3.66;24,33;0,29;;150
04/08/26;TELEFONICA;CALL;Jun-28;4,70;3.66;24,16;0,27;;150
04/08/26;TELEFONICA;CALL;Jun-28;5,00;3.66;23,64;0,20;;4
04/08/26;TELEFONICA;CALL;Sep-28;3,50;3.66;26,41;0,63;;30
04/08/26;TELEFONICA;CALL;Dic-28;3,80;3.66;26,21;0,54;;3
04/08/26;TELEFONICA;CALL;Dic-28;4,00;3.66;25,92;0,48;;18
04/08/26;TELEFONICA;CALL;Dic-28;4,50;3.66;25,19;0,35;;55
04/08/26;TELEFONICA;CALL;Dic-28;4,80;3.66;24,75;0,29;;10
04/08/26;TELEFONICA;CALL;Dic-28;5,00;3.66;24,46;0,25;;65
04/08/26;TELEFONICA;CALL;Dic-28;5,25;3.66;24,09;0,20;;50
04/08/26;TELEFONICA;CALL;Dic-29;3,40;3.66;27,66;0,66;;10
04/08/26;TELEFONICA;CALL;Dic-29;4,30;3.66;26,62;0,45;;1
04/08/26;TELEFONICA;CALL;Dic-29;4,50;3.66;26,41;0,41;;17
04/08/26;TELEFONICA;CALL;Dic-29;5,00;3.66;25,86;0,31;;543
04/08/26;TELEFONICA;CALL;Jun-30;5,75;3.66;25,50;0,23;;250
04/08/26;TELEFONICA;CALL;Dic-30;4,50;3.66;27,03;0,44;;3
04/08/26;TELEFONICA;PUT;Ago-26;3,10;3.66;28,41;;;68
04/08/26;TELEFONICA;PUT;Ago-26;3,30;3.66;26,53;-0,03;;24
04/08/26;TELEFONICA;PUT;Ago-26;3,40;3.66;25,60;-0,09;;66
04/08/26;TELEFONICA;PUT;Ago-26;3,50;3.66;24,66;-0,20;;44
04/08/26;TELEFONICA;PUT;Ago-26;3,60;3.66;23,72;-0,37;;75.073
04/08/26;TELEFONICA;PUT;Ago-26;3,70;3.66;23,06;-0,58;;184
04/08/26;TELEFONICA;PUT;Ago-26;3,80;3.66;22,76;-0,78;;22
04/08/26;TELEFONICA;PUT;Ago-26;4,10;3.66;21,86;-1,00;;1
04/08/26;TELEFONICA;PUT;Sep-26;2,60;3.66;32,06;;;4
04/08/26;TELEFONICA;PUT;Sep-26;2,70;3.66;31,21;;;5
04/08/26;TELEFONICA;PUT;Sep-26;2,90;3.66;29,49;-0,01;;28
04/08/26;TELEFONICA;PUT;Sep-26;3,00;3.66;28,64;-0,02;;2
04/08/26;TELEFONICA;PUT;Sep-26;3,10;3.66;27,78;-0,04;;20
04/08/26;TELEFONICA;PUT;Sep-26;3,20;3.66;26,92;-0,07;;23
04/08/26;TELEFONICA;PUT;Sep-26;3,30;3.66;26,06;-0,12;;130
04/08/26;TELEFONICA;PUT;Sep-26;3,40;3.66;25,21;-0,19;;84
04/08/26;TELEFONICA;PUT;Sep-26;3,50;3.66;24,35;-0,28;;196
04/08/26;TELEFONICA;PUT;Sep-26;3,60;3.66;23,49;-0,40;;231
04/08/26;TELEFONICA;PUT;Sep-26;3,70;3.66;22,89;-0,54;;10.000
04/08/26;TELEFONICA;PUT;Sep-26;3,80;3.66;22,60;-0,67;;217
04/08/26;TELEFONICA;PUT;Sep-26;3,90;3.66;22,30;-0,78;;305
04/08/26;TELEFONICA;PUT;Sep-26;4,00;3.66;22,01;-0,88;;10.087
04/08/26;TELEFONICA;PUT;Sep-26;4,10;3.66;21,72;-0,94;;772
04/08/26;TELEFONICA;PUT;Sep-26;4,20;3.66;21,43;-0,99;;18
04/08/26;TELEFONICA;PUT;Sep-26;4,30;3.66;21,14;-1,00;;6
04/08/26;TELEFONICA;PUT;Oct-26;3,50;3.66;24,61;-0,32;;11
04/08/26;TELEFONICA;PUT;Dic-26;2,50;3.66;31,84;-0,02;;8
04/08/26;TELEFONICA;PUT;Dic-26;2,80;3.66;29,70;-0,05;;100
04/08/26;TELEFONICA;PUT;Dic-26;2,90;3.66;28,99;-0,08;;50
04/08/26;TELEFONICA;PUT;Dic-26;3,00;3.66;28,28;-0,10;;17
04/08/26;TELEFONICA;PUT;Dic-26;3,10;3.66;27,57;-0,13;;212
04/08/26;TELEFONICA;PUT;Dic-26;3,20;3.66;26,86;-0,17;;177
04/08/26;TELEFONICA;PUT;Dic-26;3,30;3.66;26,15;-0,22;1;46
04/08/26;TELEFONICA;PUT;Dic-26;3,40;3.66;25,43;-0,28;;65.233
04/08/26;TELEFONICA;PUT;Dic-26;3,50;3.66;24,72;-0,34;;20.224
04/08/26;TELEFONICA;PUT;Dic-26;3,60;3.66;24,01;-0,41;;95.172
04/08/26;TELEFONICA;PUT;Dic-26;3,70;3.66;23,49;-0,49;;325
04/08/26;TELEFONICA;PUT;Dic-26;3,80;3.66;23,20;-0,57;;348
04/08/26;TELEFONICA;PUT;Dic-26;3,90;3.66;22,90;-0,64;;2.732
04/08/26;TELEFONICA;PUT;Dic-26;4,00;3.66;22,61;-0,72;;107.538
04/08/26;TELEFONICA;PUT;Dic-26;4,10;3.66;22,32;-0,79;;1
04/08/26;TELEFONICA;PUT;Dic-26;4,20;3.66;22,03;-0,85;;18
04/08/26;TELEFONICA;PUT;Dic-26;4,30;3.66;21,74;-0,90;;83
04/08/26;TELEFONICA;PUT;Dic-26;4,40;3.66;21,45;-0,95;;56
04/08/26;TELEFONICA;PUT;Dic-26;4,50;3.66;21,15;-0,99;;37.510
04/08/26;TELEFONICA;PUT;Dic-26;4,60;3.66;20,86;-1,00;;15.000
04/08/26;TELEFONICA;PUT;Mar-27;3,10;3.66;26,15;-0,17;;8
04/08/26;TELEFONICA;PUT;Mar-27;3,20;3.66;25,61;-0,21;;33
04/08/26;TELEFONICA;PUT;Mar-27;3,30;3.66;25,07;-0,25;;1
04/08/26;TELEFONICA;PUT;Mar-27;3,40;3.66;24,53;-0,30;;1
04/08/26;TELEFONICA;PUT;Mar-27;3,50;3.66;23,99;-0,35;;53
04/08/26;TELEFONICA;PUT;Mar-27;3,60;3.66;23,46;-0,41;;40
04/08/26;TELEFONICA;PUT;Mar-27;3,70;3.66;23,03;-0,47;;19
04/08/26;TELEFONICA;PUT;Mar-27;3,80;3.66;22,74;-0,53;;220
04/08/26;TELEFONICA;PUT;Mar-27;3,90;3.66;22,44;-0,60;;719
04/08/26;TELEFONICA;PUT;Mar-27;4,00;3.66;22,15;-0,66;;674
04/08/26;TELEFONICA;PUT;Mar-27;4,10;3.66;21,86;-0,72;;29
04/08/26;TELEFONICA;PUT;Mar-27;4,20;3.66;21,57;-0,78;;600
04/08/26;TELEFONICA;PUT;Mar-27;4,40;3.66;20,99;-0,89;;5.000
04/08/26;TELEFONICA;PUT;Mar-27;4,50;3.66;20,69;-0,93;;5
04/08/26;TELEFONICA;PUT;Mar-27;4,60;3.66;20,40;-0,98;;20.000
04/08/26;TELEFONICA;PUT;Jun-27;3,10;3.66;23,75;-0,22;;1
04/08/26;TELEFONICA;PUT;Jun-27;3,20;3.66;23,33;-0,26;;15
04/08/26;TELEFONICA;PUT;Jun-27;3,30;3.66;22,91;-0,31;;15
04/08/26;TELEFONICA;PUT;Jun-27;3,40;3.66;22,49;-0,36;;31
04/08/26;TELEFONICA;PUT;Jun-27;3,50;3.66;22,07;-0,41;;52
04/08/26;TELEFONICA;PUT;Jun-27;3,60;3.66;21,65;-0,47;;25.103
04/08/26;TELEFONICA;PUT;Jun-27;3,70;3.66;21,31;-0,52;;17
04/08/26;TELEFONICA;PUT;Jun-27;3,80;3.66;21,06;-0,58;;4.366
04/08/26;TELEFONICA;PUT;Jun-27;3,90;3.66;20,82;-0,63;;19
04/08/26;TELEFONICA;PUT;Jun-27;4,00;3.66;20,57;-0,68;;10
04/08/26;TELEFONICA;PUT;Jun-27;4,10;3.66;20,32;-0,73;;20
04/08/26;TELEFONICA;PUT;Jun-27;4,20;3.66;20,08;-0,77;;20
04/08/26;TELEFONICA;PUT;Jun-27;4,30;3.66;19,83;-0,81;;20
04/08/26;TELEFONICA;PUT;Jun-27;4,40;3.66;19,59;-0,85;;5
04/08/26;TELEFONICA;PUT;Jun-27;4,60;3.66;19,09;-0,90;;4
04/08/26;TELEFONICA;PUT;Jun-27;5,00;3.66;18,11;-0,97;;96
04/08/26;TELEFONICA;PUT;Jun-27;5,50;3.66;16,88;-1,00;;240
04/08/26;TELEFONICA;PUT;Jun-27;6,75;3.66;13,80;-1,00;;2
04/08/26;TELEFONICA;PUT;Sep-27;2,50;3.66;24,20;-0,06;;20
04/08/26;TELEFONICA;PUT;Sep-27;2,90;3.66;22,82;-0,16;;30
04/08/26;TELEFONICA;PUT;Sep-27;3,10;3.66;22,12;-0,23;;1
04/08/26;TELEFONICA;PUT;Sep-27;3,80;3.66;19,84;-0,57;;1
04/08/26;TELEFONICA;PUT;Sep-27;4,00;3.66;19,35;-0,67;;4
04/08/26;TELEFONICA;PUT;Sep-27;4,10;3.66;19,10;-0,72;;1
04/08/26;TELEFONICA;PUT;Sep-27;4,20;3.66;18,86;-0,76;;2
04/08/26;TELEFONICA;PUT;Sep-27;5,00;3.66;16,89;-0,97;;1
04/08/26;TELEFONICA;PUT;Sep-27;5,75;3.66;15,04;-1,00;;25
04/08/26;TELEFONICA;PUT;Dic-27;2,20;3.66;25,84;-0,04;;6.000
04/08/26;TELEFONICA;PUT;Dic-27;2,70;3.66;24,33;-0,12;;100
04/08/26;TELEFONICA;PUT;Dic-27;3,00;3.66;23,43;-0,21;;7.500
04/08/26;TELEFONICA;PUT;Dic-27;3,20;3.66;22,83;-0,28;;1
04/08/26;TELEFONICA;PUT;Dic-27;3,30;3.66;22,53;-0,32;;5
04/08/26;TELEFONICA;PUT;Dic-27;3,40;3.66;22,23;-0,36;;10
04/08/26;TELEFONICA;PUT;Dic-27;3,50;3.66;21,93;-0,41;;10
04/08/26;TELEFONICA;PUT;Dic-27;3,60;3.66;21,63;-0,45;;30.000
04/08/26;TELEFONICA;PUT;Dic-27;3,70;3.66;21,37;-0,50;;5
04/08/26;TELEFONICA;PUT;Dic-27;3,80;3.66;21,16;-0,54;;9.000
04/08/26;TELEFONICA;PUT;Dic-27;4,00;3.66;20,74;-0,63;;20.003
04/08/26;TELEFONICA;PUT;Dic-27;4,10;3.66;20,53;-0,68;;3
04/08/26;TELEFONICA;PUT;Dic-27;4,20;3.66;20,32;-0,72;;1
04/08/26;TELEFONICA;PUT;Dic-27;4,30;3.66;20,11;-0,75;;4
04/08/26;TELEFONICA;PUT;Dic-27;4,40;3.66;19,90;-0,79;;3
04/08/26;TELEFONICA;PUT;Dic-27;4,50;3.66;19,69;-0,82;;3
04/08/26;TELEFONICA;PUT;Dic-27;4,60;3.66;19,48;-0,85;;250
04/08/26;TELEFONICA;PUT;Dic-27;4,70;3.66;19,27;-0,88;;30.000
04/08/26;TELEFONICA;PUT;Dic-27;5,00;3.66;18,64;-0,94;;5
04/08/26;TELEFONICA;PUT;Dic-27;5,50;3.66;17,59;-0,98;;5
04/08/26;TELEFONICA;PUT;Mar-28;3,30;3.66;22,96;-0,32;;6
04/08/26;TELEFONICA;PUT;Mar-28;3,90;3.66;21,55;-0,57;;40
04/08/26;TELEFONICA;PUT;Mar-28;4,00;3.66;21,36;-0,61;;25
04/08/26;TELEFONICA;PUT;Mar-28;4,30;3.66;20,78;-0,72;;2
04/08/26;TELEFONICA;PUT;Mar-28;4,50;3.66;20,40;-0,79;;1
04/08/26;TELEFONICA;PUT;Mar-28;4,60;3.66;20,21;-0,82;;1
04/08/26;TELEFONICA;PUT;Mar-28;4,90;3.66;19,64;-0,89;;2
04/08/26;TELEFONICA;PUT;Mar-28;5,25;3.66;18,97;-0,95;;4
04/08/26;TELEFONICA;PUT;Mar-28;5,50;3.66;18,49;-0,97;;17
04/08/26;TELEFONICA;PUT;Jun-28;3,60;3.66;22,33;-0,46;;3
04/08/26;TELEFONICA;PUT;Dic-28;3,00;3.66;23,69;-0,26;;20.000
04/08/26;TELEFONICA;PUT;Dic-28;3,50;3.66;22,78;-0,42;;5
04/08/26;TELEFONICA;PUT;Dic-28;4,80;3.66;20,83;-0,80;;50
04/08/26;TELEFONICA;PUT;Dic-29;3,50;3.66;23,17;-0,42;;150
04/08/26;TELEFONICA;CALL;Sep-26;3,50;3.66;24,58;0,72;;1
04/08/26;TELEFONICA;CALL;Sep-26;3,60;3.66;23,72;0,60;;2
04/08/26;TELEFONICA;CALL;Sep-26;3,90;3.66;22,53;0,23;;85
04/08/26;TELEFONICA;CALL;Sep-26;4,00;3.66;22,24;0,14;;32
04/08/26;TELEFONICA;CALL;Dic-26;3,70;3.66;23,16;0,51;;4
04/08/26;TELEFONICA;CALL;Dic-26;4,30;3.66;21,41;0,13;;27
04/08/26;TELEFONICA;CALL;Dic-26;5,25;3.66;18,64;;;190
04/08/26;TELEFONICA;CALL;Mar-27;3,80;3.66;23,00;0,48;;40
04/08/26;TELEFONICA;CALL;Sep-27;3,70;3.66;24,39;0,50;;10
04/08/26;TELEFONICA;PUT;Sep-26;3,30;3.66;26,06;-0,12;;5
04/08/26;TELEFONICA;PUT;Sep-26;3,50;3.66;24,35;-0,28;;11
04/08/26;TELEFONICA;PUT;Sep-26;3,60;3.66;23,49;-0,40;;25
04/08/26;TELEFONICA;PUT;Sep-26;3,70;3.66;22,89;-0,53;;25
04/08/26;TELEFONICA;PUT;Sep-26;3,80;3.66;22,60;-0,66;;10
04/08/26;TELEFONICA;PUT;Sep-26;4,00;3.66;22,01;-0,86;;700
04/08/26;TELEFONICA;PUT;Sep-26;4,30;3.66;21,14;-0,98;;100
04/08/26;TELEFONICA;PUT;Sep-26;4,50;3.66;20,55;-0,99;;112
04/08/26;TELEFONICA;PUT;Sep-26;5,25;3.66;18,37;-1,00;;15
04/08/26;TELEFONICA;PUT;Dic-26;3,40;3.66;25,43;-0,27;;4
04/08/26;TELEFONICA;PUT;Dic-26;3,90;3.66;22,90;-0,62;;10
04/08/26;TELEFONICA;PUT;Dic-26;4,20;3.66;22,03;-0,81;;50
04/08/26;TELEFONICA;PUT;Dic-26;7,50;3.66;13,06;-0,99;;5
04/08/26;TELEFONICA;PUT;Dic-26;9,50;3.66;13,06;-0,99;;50
04/08/26;TELEFONICA;PUT;Dic-26;11,00;3.66;13,06;-0,99;;52
04/08/26;TELEFONICA;PUT;Dic-26;12,00;3.66;13,06;-0,99;;361
04/08/26;TELEFONICA;PUT;Dic-26;16,50;3.66;13,06;-0,99;;14
04/08/26;TELEFONICA;PUT;Mar-27;3,20;3.66;25,61;-0,20;;800
04/08/26;TELEFONICA;PUT;Mar-27;3,40;3.66;24,53;-0,29;;1.000
04/08/26;TELEFONICA;PUT;Mar-27;3,60;3.66;23,46;-0,39;;1.200
04/08/26;TELEFONICA;PUT;Mar-27;3,80;3.66;22,74;-0,51;;40
04/08/26;TELEFONICA;PUT;Mar-27;7,75;3.66;12,60;-0,98;;750
04/08/26;TELEFONICA;PUT;Jun-27;4,90;3.66;18,35;-0,94;;5
04/08/26;TELEFONICA;PUT;Jun-27;5,50;3.66;16,88;-0,97;;585
04/08/26;UNICAJA;CALL;Ago-26;3,00;3.42;28,70;0,99;;10
04/08/26;UNICAJA;CALL;Sep-26;2,80;3.42;28,59;0,98;;7
04/08/26;UNICAJA;CALL;Sep-26;3,50;3.42;28,22;0,44;;160
04/08/26;UNICAJA;CALL;Dic-26;3,40;3.42;27,80;0,53;;68
04/08/26;UNICAJA;CALL;Dic-26;3,50;3.42;27,72;0,46;;80
04/08/26;UNICAJA;PUT;Sep-26;2,70;3.42;22,59;;;200
04/08/26;UNICAJA;PUT;Sep-26;3,00;3.42;22,45;-0,04;;25
04/08/26;UNICAJA;PUT;Sep-26;3,20;3.42;22,35;-0,18;;25
04/08/26;UNICAJA;PUT;Sep-26;3,40;3.42;22,25;-0,44;;25
04/08/26;UNICAJA;PUT;Sep-26;3,50;3.42;22,17;-0,59;;25
04/08/26;UNICAJA;PUT;Dic-26;2,30;3.42;22,61;;;5
04/08/26;UNICAJA;PUT;Dic-26;2,50;3.42;22,51;-0,01;;4
04/08/26;VIDRALA;CALL;Sep-26;80,00;87.6;21,80;0,90;;1
04/08/26;VIDRALA;CALL;Dic-26;80,00;87.6;21,04;0,80;;1
04/08/26;VIDRALA;CALL;Dic-26;88,00;87.6;19,55;0,54;;4
04/08/26;VIDRALA;CALL;Dic-26;90,00;87.6;19,43;0,46;;1
04/08/26;VIDRALA;CALL;Mar-27;84,00;87.6;19,99;0,67;;1
04/08/26;VIDRALA;CALL;Mar-27;90,00;87.6;19,44;0,49;;10
04/08/26;VIDRALA;PUT;Sep-26;66,67;87.6;25,04;;;2
04/08/26;VIDRALA;PUT;Sep-26;74,29;87.6;22,72;-0,02;;1
04/08/26;VIDRALA;PUT;Sep-26;81,90;87.6;20,41;-0,16;;11
04/08/26;VIDRALA;PUT;Dic-26;60,00;87.6;24,20;;;1
04/08/26;VIDRALA;PUT;Dic-26;72,00;87.6;21,87;-0,06;;1
04/08/26;VIDRALA;PUT;Dic-26;80,00;87.6;20,31;-0,20;;1
04/08/26;VIDRALA;PUT;Mar-27;58,00;87.6;21,50;-0,01;;1
04/08/26;VIDRALA;PUT;Mar-27;72,00;87.6;19,80;-0,09;;3
04/08/26;VIDRALA;PUT;Mar-27;76,00;87.6;19,31;-0,16;;10
04/08/26;VISCOFAN;CALL;Ago-26;56,99;56.8;18,06;0,48;;2
04/08/26;VISCOFAN;CALL;Ago-26;58,95;56.8;17,72;0,18;;5
04/08/26;VISCOFAN;CALL;Ago-26;60,92;56.8;17,39;0,03;;10
04/08/26;VISCOFAN;CALL;Sep-26;45,20;56.8;22,51;1,00;;1
04/08/26;VISCOFAN;CALL;Sep-26;49,13;56.8;20,28;0,98;;1
04/08/26;VISCOFAN;CALL;Sep-26;53,06;56.8;18,04;0,87;;2
04/08/26;VISCOFAN;CALL;Sep-26;55,02;56.8;16,92;0,73;;5
04/08/26;VISCOFAN;CALL;Sep-26;56,99;56.8;15,88;0,51;;5
04/08/26;VISCOFAN;CALL;Sep-26;58,95;56.8;15,53;0,27;;45
04/08/26;VISCOFAN;CALL;Sep-26;60,92;56.8;15,18;0,11;;12
04/08/26;VISCOFAN;CALL;Sep-26;64,85;56.8;14,49;0,01;;1
04/08/26;VISCOFAN;CALL;Dic-26;58,95;56.8;15,66;0,40;;4
04/08/26;VISCOFAN;CALL;Dic-26;62,89;56.8;15,09;0,17;;1
04/08/26;VISCOFAN;CALL;Dic-26;64,85;56.8;14,80;0,09;;1
04/08/26;VISCOFAN;CALL;Mar-27;55,02;56.8;18,50;0,64;;1
04/08/26;VISCOFAN;CALL;Mar-27;56,99;56.8;17,72;0,53;;1
04/08/26;VISCOFAN;CALL;Mar-27;72,71;56.8;16,70;0,03;;1
04/08/26;VISCOFAN;CALL;Jun-27;60,92;56.8;17,73;0,36;;1
04/08/26;VISCOFAN;CALL;Jun-27;70,75;56.8;16,92;0,09;;5
04/08/26;VISCOFAN;PUT;Ago-26;51,09;56.8;22,76;-0,01;;3
04/08/26;VISCOFAN;PUT;Ago-26;53,06;56.8;21,11;-0,06;;8
04/08/26;VISCOFAN;PUT;Ago-26;55,02;56.8;19,46;-0,21;;7
04/08/26;VISCOFAN;PUT;Ago-26;56,99;56.8;17,94;-0,52;;1
04/08/26;VISCOFAN;PUT;Sep-26;40,29;56.8;26,74;;;1
04/08/26;VISCOFAN;PUT;Sep-26;42,25;56.8;25,62;;;3
04/08/26;VISCOFAN;PUT;Sep-26;43,23;56.8;25,06;;;3
04/08/26;VISCOFAN;PUT;Sep-26;44,22;56.8;24,50;;;4
04/08/26;VISCOFAN;PUT;Sep-26;45,20;56.8;23,94;;;2
04/08/26;VISCOFAN;PUT;Sep-26;46,18;56.8;23,39;;;4
04/08/26;VISCOFAN;PUT;Sep-26;47,16;56.8;22,83;-0,01;;4
04/08/26;VISCOFAN;PUT;Sep-26;49,13;56.8;21,71;-0,02;;12
04/08/26;VISCOFAN;PUT;Sep-26;51,09;56.8;20,59;-0,06;;6
04/08/26;VISCOFAN;PUT;Sep-26;53,06;56.8;19,47;-0,14;;38
04/08/26;VISCOFAN;PUT;Sep-26;55,02;56.8;18,35;-0,29;;15
04/08/26;VISCOFAN;PUT;Sep-26;56,99;56.8;17,31;-0,50;;10
04/08/26;VISCOFAN;PUT;Sep-26;58,95;56.8;16,96;-0,72;;5
04/08/26;VISCOFAN;PUT;Sep-26;62,89;56.8;16,27;-0,99;;2
04/08/26;VISCOFAN;PUT;Oct-26;45,20;56.8;23,77;-0,01;;2
04/08/26;VISCOFAN;PUT;Oct-26;51,09;56.8;20,80;-0,11;;1
04/08/26;VISCOFAN;PUT;Dic-26;40,29;56.8;27,49;-0,01;;2
04/08/26;VISCOFAN;PUT;Dic-26;42,25;56.8;26,54;-0,03;;1
04/08/26;VISCOFAN;PUT;Dic-26;43,23;56.8;26,06;-0,03;;1
04/08/26;VISCOFAN;PUT;Dic-26;44,22;56.8;25,58;-0,04;;12
04/08/26;VISCOFAN;PUT;Dic-26;45,20;56.8;25,10;-0,05;;1
04/08/26;VISCOFAN;PUT;Dic-26;47,16;56.8;24,15;-0,08;;2
04/08/26;VISCOFAN;PUT;Dic-26;48,15;56.8;23,66;-0,10;;1
04/08/26;VISCOFAN;PUT;Dic-26;49,13;56.8;23,19;-0,13;;6
04/08/26;VISCOFAN;PUT;Dic-26;51,09;56.8;22,23;-0,18;;7
04/08/26;VISCOFAN;PUT;Dic-26;53,06;56.8;21,27;-0,26;;12
04/08/26;VISCOFAN;PUT;Mar-27;48,15;56.8;19,61;-0,14;;1
04/08/26;VISCOFAN;PUT;Mar-27;49,13;56.8;19,18;-0,17;;7
04/08/26;VISCOFAN;PUT;Mar-27;51,09;56.8;18,33;-0,24;;1
04/08/26;VISCOFAN;PUT;Mar-27;53,06;56.8;17,47;-0,32;;2
04/08/26;VISCOFAN;PUT;Mar-27;56,99;56.8;15,84;-0,53;;5
04/08/26;VISCOFAN;PUT;Jun-27;44,22;56.8;19,77;-0,09;;2
04/08/26;VISCOFAN;PUT;Jun-27;45,20;56.8;19,42;-0,11;;5
04/08/26;VISCOFAN;PUT;Jun-27;51,09;56.8;17,31;-0,26;;2
04/08/26;VISCOFAN;PUT;Jun-27;53,06;56.8;16,61;-0,34;;3
04/08/26;VISCOFAN;PUT;Dic-27;44,22;56.8;18,87;-0,11;;1
04/08/26;VISCOFAN;PUT;Dic-28;44,22;56.8;18,07;-0,17;;1
