fecha_boletin;accion;tipo;fecha_vencimiento;strike;spot;volatilidad_cierre;delta_cierre;volumen_contratos;posicion_abierta
04/09/26;MINI IBEX-35;CALL;Sep-26;7.500;20050.7;67,77;1,00;;3
04/09/26;MINI IBEX-35;CALL;Sep-26;12.200;20050.7;47,39;1,00;;32
04/09/26;MINI IBEX-35;CALL;Sep-26;14.000;20050.7;39,59;1,00;;5
04/09/26;MINI IBEX-35;CALL;Sep-26;15.000;20050.7;35,25;1,00;;2
04/09/26;MINI IBEX-35;CALL;Sep-26;15.500;20050.7;33,08;1,00;;1
04/09/26;MINI IBEX-35;CALL;Sep-26;16.000;20050.7;30,92;1,00;;5.500
04/09/26;MINI IBEX-35;CALL;Sep-26;16.400;20050.7;29,18;1,00;;3
04/09/26;MINI IBEX-35;CALL;Sep-26;16.500;20050.7;28,75;1,00;;1
04/09/26;MINI IBEX-35;CALL;Sep-26;17.000;20050.7;26,58;1,00;;3
04/09/26;MINI IBEX-35;CALL;Sep-26;17.200;20050.7;25,71;1,00;;1
04/09/26;MINI IBEX-35;CALL;Sep-26;17.300;20050.7;25,28;1,00;;5
04/09/26;MINI IBEX-35;CALL;Sep-26;17.400;20050.7;24,85;1,00;;3
04/09/26;MINI IBEX-35;CALL;Sep-26;17.500;20050.7;24,41;1,00;;7
04/09/26;MINI IBEX-35;CALL;Sep-26;17.600;20050.7;23,98;1,00;;2
04/09/26;MINI IBEX-35;CALL;Sep-26;18.000;20050.7;22,24;0,99;;103
04/09/26;MINI IBEX-35;CALL;Sep-26;18.100;20050.7;21,81;0,99;;1
04/09/26;MINI IBEX-35;CALL;Sep-26;18.200;20050.7;21,38;0,99;;6
04/09/26;MINI IBEX-35;CALL;Sep-26;18.300;20050.7;20,94;0,99;;3
04/09/26;MINI IBEX-35;CALL;Sep-26;18.400;20050.7;20,51;0,98;;2
04/09/26;MINI IBEX-35;CALL;Sep-26;18.500;20050.7;20,08;0,98;;25
04/09/26;MINI IBEX-35;CALL;Sep-26;18.600;20050.7;19,64;0,98;;1
04/09/26;MINI IBEX-35;CALL;Sep-26;18.700;20050.7;19,21;0,97;;1
04/09/26;MINI IBEX-35;CALL;Sep-26;18.900;20050.7;18,34;0,95;;4
04/09/26;MINI IBEX-35;CALL;Sep-26;18.950;20050.7;18,12;0,95;;3
04/09/26;MINI IBEX-35;CALL;Sep-26;19.000;20050.7;17,91;0,94;;9
04/09/26;MINI IBEX-35;CALL;Sep-26;19.100;20050.7;17,47;0,93;;18
04/09/26;MINI IBEX-35;CALL;Sep-26;19.200;20050.7;17,04;0,91;;4
04/09/26;MINI IBEX-35;CALL;Sep-26;19.250;20050.7;16,82;0,90;;1
04/09/26;MINI IBEX-35;CALL;Sep-26;19.300;20050.7;16,61;0,88;;5
04/09/26;MINI IBEX-35;CALL;Sep-26;19.350;20050.7;16,39;0,87;;5
04/09/26;MINI IBEX-35;CALL;Sep-26;19.400;20050.7;16,17;0,86;;8
04/09/26;MINI IBEX-35;CALL;Sep-26;19.450;20050.7;15,96;0,84;;5
04/09/26;MINI IBEX-35;CALL;Sep-26;19.500;20050.7;15,74;0,82;;38
04/09/26;MINI IBEX-35;CALL;Sep-26;19.550;20050.7;15,52;0,81;;1
04/09/26;MINI IBEX-35;CALL;Sep-26;19.600;20050.7;15,31;0,79;;2
04/09/26;MINI IBEX-35;CALL;Sep-26;19.650;20050.7;15,09;0,76;;11
04/09/26;MINI IBEX-35;CALL;Sep-26;19.700;20050.7;14,87;0,74;;8
04/09/26;MINI IBEX-35;CALL;Sep-26;19.750;20050.7;14,66;0,71;;3
04/09/26;MINI IBEX-35;CALL;Sep-26;19.800;20050.7;14,44;0,68;;10
04/09/26;MINI IBEX-35;CALL;Sep-26;19.850;20050.7;14,22;0,65;;1
04/09/26;MINI IBEX-35;CALL;Sep-26;19.900;20050.7;14,01;0,62;1;124
04/09/26;MINI IBEX-35;CALL;Sep-26;19.950;20050.7;13,79;0,59;2;25
04/09/26;MINI IBEX-35;CALL;Sep-26;20.000;20050.7;13,57;0,55;3;96
04/09/26;MINI IBEX-35;CALL;Sep-26;20.050;20050.7;13,36;0,52;2;10
04/09/26;MINI IBEX-35;CALL;Sep-26;20.100;20050.7;13,22;0,48;2;15
04/09/26;MINI IBEX-35;CALL;Sep-26;20.150;20050.7;13,12;0,44;;8
04/09/26;MINI IBEX-35;CALL;Sep-26;20.200;20050.7;13,03;0,40;19;27
04/09/26;MINI IBEX-35;CALL;Sep-26;20.250;20050.7;12,93;0,36;;10
04/09/26;MINI IBEX-35;CALL;Sep-26;20.300;20050.7;12,83;0,33;2;46
04/09/26;MINI IBEX-35;CALL;Sep-26;20.350;20050.7;12,74;0,29;;12
04/09/26;MINI IBEX-35;CALL;Sep-26;20.400;20050.7;12,64;0,26;;12
04/09/26;MINI IBEX-35;CALL;Sep-26;20.450;20050.7;12,54;0,22;;7
04/09/26;MINI IBEX-35;CALL;Sep-26;20.500;20050.7;12,44;0,19;;19
04/09/26;MINI IBEX-35;CALL;Sep-26;20.550;20050.7;12,35;0,17;;1
04/09/26;MINI IBEX-35;CALL;Sep-26;20.600;20050.7;12,25;0,14;;8
04/09/26;MINI IBEX-35;CALL;Sep-26;20.650;20050.7;12,15;0,12;1;100
04/09/26;MINI IBEX-35;CALL;Sep-26;20.700;20050.7;12,06;0,10;2;107
04/09/26;MINI IBEX-35;CALL;Sep-26;20.750;20050.7;11,96;0,08;;100
04/09/26;MINI IBEX-35;CALL;Sep-26;20.800;20050.7;11,86;0,06;;17
04/09/26;MINI IBEX-35;CALL;Sep-26;20.900;20050.7;11,67;0,04;;6
04/09/26;MINI IBEX-35;CALL;Sep-26;21.000;20050.7;11,47;0,02;;8
04/09/26;MINI IBEX-35;CALL;Sep-26;21.050;20050.7;11,38;0,02;;2
04/09/26;MINI IBEX-35;CALL;Sep-26;21.100;20050.7;11,28;0,01;;1
04/09/26;MINI IBEX-35;CALL;Sep-26;21.200;20050.7;11,08;0,01;;11
04/09/26;MINI IBEX-35;CALL;Sep-26;21.300;20050.7;10,89;;;5
04/09/26;MINI IBEX-35;CALL;Sep-26;24.000;20050.7;5,64;;;5.500
04/09/26;MINI IBEX-35;CALL;Oct-26;19.450;20050.7;15,66;0,73;;1
04/09/26;MINI IBEX-35;CALL;Oct-26;19.500;20050.7;15,48;0,71;;1
04/09/26;MINI IBEX-35;CALL;Oct-26;19.550;20050.7;15,29;0,70;;1
04/09/26;MINI IBEX-35;CALL;Oct-26;20.000;20050.7;13,66;0,54;;9
04/09/26;MINI IBEX-35;CALL;Oct-26;20.100;20050.7;13,36;0,50;;1
04/09/26;MINI IBEX-35;CALL;Oct-26;20.200;20050.7;13,21;0,45;;8
04/09/26;MINI IBEX-35;CALL;Oct-26;20.250;20050.7;13,13;0,43;;4
04/09/26;MINI IBEX-35;CALL;Oct-26;20.300;20050.7;13,05;0,41;;1
04/09/26;MINI IBEX-35;CALL;Oct-26;20.400;20050.7;12,90;0,36;1;2
04/09/26;MINI IBEX-35;CALL;Oct-26;20.500;20050.7;12,75;0,32;;1
04/09/26;MINI IBEX-35;CALL;Oct-26;20.650;20050.7;12,52;0,26;;100
04/09/26;MINI IBEX-35;CALL;Oct-26;20.700;20050.7;12,45;0,24;;112
04/09/26;MINI IBEX-35;CALL;Oct-26;20.750;20050.7;12,37;0,22;;100
04/09/26;MINI IBEX-35;CALL;Oct-26;20.800;20050.7;12,30;0,20;;12
04/09/26;MINI IBEX-35;CALL;Oct-26;20.900;20050.7;12,15;0,17;;1
04/09/26;MINI IBEX-35;CALL;Oct-26;21.000;20050.7;12,00;0,14;;11
04/09/26;MINI IBEX-35;CALL;Oct-26;21.100;20050.7;11,84;0,11;;4
04/09/26;MINI IBEX-35;CALL;Oct-26;21.200;20050.7;11,69;0,09;;1
04/09/26;MINI IBEX-35;CALL;Oct-26;21.300;20050.7;11,54;0,07;;25
04/09/26;MINI IBEX-35;CALL;Oct-26;21.400;20050.7;11,39;0,05;;2
04/09/26;MINI IBEX-35;CALL;Oct-26;21.600;20050.7;11,09;0,03;;2
04/09/26;MINI IBEX-35;CALL;Nov-26;19.700;20050.7;16,11;0,60;;2
04/09/26;MINI IBEX-35;CALL;Nov-26;19.900;20050.7;15,46;0,54;;1
04/09/26;MINI IBEX-35;CALL;Nov-26;19.950;20050.7;15,30;0,53;;3
04/09/26;MINI IBEX-35;CALL;Nov-26;20.200;20050.7;14,82;0,46;1;1
04/09/26;MINI IBEX-35;CALL;Nov-26;20.550;20050.7;14,31;0,36;;3
04/09/26;MINI IBEX-35;CALL;Nov-26;20.700;20050.7;14,09;0,31;;1
04/09/26;MINI IBEX-35;CALL;Nov-26;21.000;20050.7;13,66;0,23;;1
04/09/26;MINI IBEX-35;CALL;Nov-26;21.250;20050.7;13,30;0,17;;1
04/09/26;MINI IBEX-35;CALL;Nov-26;22.100;20050.7;12,07;0,04;;1
04/09/26;MINI IBEX-35;CALL;Dic-26;8.300;20050.7;50,46;0,99;;655
04/09/26;MINI IBEX-35;CALL;Dic-26;8.600;20050.7;49,57;0,99;;1.250
04/09/26;MINI IBEX-35;CALL;Dic-26;10.500;20050.7;43,95;0,99;;30
04/09/26;MINI IBEX-35;CALL;Dic-26;12.000;20050.7;39,50;0,99;;12
04/09/26;MINI IBEX-35;CALL;Dic-26;12.200;20050.7;38,91;0,99;;32
04/09/26;MINI IBEX-35;CALL;Dic-26;13.000;20050.7;36,54;0,98;;1
04/09/26;MINI IBEX-35;CALL;Dic-26;14.800;20050.7;31,21;0,96;;32
04/09/26;MINI IBEX-35;CALL;Dic-26;15.300;20050.7;29,73;0,95;;1
04/09/26;MINI IBEX-35;CALL;Dic-26;16.000;20050.7;27,66;0,94;;10
04/09/26;MINI IBEX-35;CALL;Dic-26;16.400;20050.7;26,48;0,92;;6.000
04/09/26;MINI IBEX-35;CALL;Dic-26;16.700;20050.7;25,59;0,91;;1.500
04/09/26;MINI IBEX-35;CALL;Dic-26;16.900;20050.7;25,00;0,90;;5
04/09/26;MINI IBEX-35;CALL;Dic-26;17.000;20050.7;24,70;0,90;;19
04/09/26;MINI IBEX-35;CALL;Dic-26;17.100;20050.7;24,40;0,89;;5
04/09/26;MINI IBEX-35;CALL;Dic-26;17.200;20050.7;24,11;0,89;;1
04/09/26;MINI IBEX-35;CALL;Dic-26;17.300;20050.7;23,81;0,88;;1
04/09/26;MINI IBEX-35;CALL;Dic-26;17.400;20050.7;23,52;0,87;;8
04/09/26;MINI IBEX-35;CALL;Dic-26;17.500;20050.7;23,22;0,87;;1.006
04/09/26;MINI IBEX-35;CALL;Dic-26;17.600;20050.7;22,92;0,86;;11
04/09/26;MINI IBEX-35;CALL;Dic-26;17.700;20050.7;22,63;0,85;;5.007
04/09/26;MINI IBEX-35;CALL;Dic-26;17.800;20050.7;22,33;0,85;;92
04/09/26;MINI IBEX-35;CALL;Dic-26;17.900;20050.7;22,04;0,84;;5.004
04/09/26;MINI IBEX-35;CALL;Dic-26;18.000;20050.7;21,74;0,83;;6
04/09/26;MINI IBEX-35;CALL;Dic-26;18.100;20050.7;21,44;0,82;;1
04/09/26;MINI IBEX-35;CALL;Dic-26;18.300;20050.7;20,85;0,80;;5
04/09/26;MINI IBEX-35;CALL;Dic-26;18.400;20050.7;20,56;0,79;;1
04/09/26;MINI IBEX-35;CALL;Dic-26;18.500;20050.7;20,26;0,78;;6.004
04/09/26;MINI IBEX-35;CALL;Dic-26;18.600;20050.7;19,96;0,77;;1
04/09/26;MINI IBEX-35;CALL;Dic-26;18.900;20050.7;19,08;0,73;;1
04/09/26;MINI IBEX-35;CALL;Dic-26;19.000;20050.7;18,78;0,71;;3
04/09/26;MINI IBEX-35;CALL;Dic-26;19.100;20050.7;18,48;0,70;;1
04/09/26;MINI IBEX-35;CALL;Dic-26;19.200;20050.7;18,19;0,68;;4
04/09/26;MINI IBEX-35;CALL;Dic-26;19.300;20050.7;17,89;0,66;;2
04/09/26;MINI IBEX-35;CALL;Dic-26;19.500;20050.7;17,30;0,63;;4
04/09/26;MINI IBEX-35;CALL;Dic-26;19.600;20050.7;17,00;0,61;;3
04/09/26;MINI IBEX-35;CALL;Dic-26;19.700;20050.7;16,71;0,59;;1
04/09/26;MINI IBEX-35;CALL;Dic-26;19.800;20050.7;16,41;0,57;;3
04/09/26;MINI IBEX-35;CALL;Dic-26;19.900;20050.7;16,11;0,55;;6
04/09/26;MINI IBEX-35;CALL;Dic-26;20.000;20050.7;15,82;0,52;;8
04/09/26;MINI IBEX-35;CALL;Dic-26;20.100;20050.7;15,62;0,50;;12
04/09/26;MINI IBEX-35;CALL;Dic-26;20.200;20050.7;15,48;0,48;;12
04/09/26;MINI IBEX-35;CALL;Dic-26;20.300;20050.7;15,34;0,45;1;3
04/09/26;MINI IBEX-35;CALL;Dic-26;20.400;20050.7;15,20;0,43;;5
04/09/26;MINI IBEX-35;CALL;Dic-26;20.500;20050.7;15,06;0,40;;6.004
04/09/26;MINI IBEX-35;CALL;Dic-26;20.600;20050.7;14,92;0,38;;8
04/09/26;MINI IBEX-35;CALL;Dic-26;20.700;20050.7;14,78;0,35;;2
04/09/26;MINI IBEX-35;CALL;Dic-26;20.900;20050.7;14,50;0,31;;1
04/09/26;MINI IBEX-35;CALL;Dic-26;21.000;20050.7;14,36;0,28;;5.204
04/09/26;MINI IBEX-35;CALL;Dic-26;21.100;20050.7;14,22;0,26;;1
04/09/26;MINI IBEX-35;CALL;Dic-26;21.200;20050.7;14,08;0,24;;6
04/09/26;MINI IBEX-35;CALL;Dic-26;21.300;20050.7;13,94;0,22;;12
04/09/26;MINI IBEX-35;CALL;Dic-26;21.700;20050.7;13,38;0,14;;2
04/09/26;MINI IBEX-35;CALL;Dic-26;21.900;20050.7;13,10;0,11;;1
04/09/26;MINI IBEX-35;CALL;Dic-26;22.000;20050.7;12,96;0,10;;3
04/09/26;MINI IBEX-35;CALL;Dic-26;22.200;20050.7;12,68;0,07;;4
04/09/26;MINI IBEX-35;CALL;Dic-26;22.300;20050.7;12,54;0,06;;2
04/09/26;MINI IBEX-35;CALL;Mar-27;12.600;20050.7;33,58;0,96;;1
04/09/26;MINI IBEX-35;CALL;Mar-27;13.000;20050.7;32,65;0,96;;2
04/09/26;MINI IBEX-35;CALL;Mar-27;13.500;20050.7;31,49;0,95;;3
04/09/26;MINI IBEX-35;CALL;Mar-27;13.900;20050.7;30,56;0,95;;3
04/09/26;MINI IBEX-35;CALL;Mar-27;14.000;20050.7;30,33;0,94;;1
04/09/26;MINI IBEX-35;CALL;Mar-27;14.100;20050.7;30,10;0,94;;1
04/09/26;MINI IBEX-35;CALL;Mar-27;15.300;20050.7;27,31;0,91;;3
04/09/26;MINI IBEX-35;CALL;Mar-27;17.000;20050.7;23,36;0,84;;2
04/09/26;MINI IBEX-35;CALL;Mar-27;17.900;20050.7;21,27;0,78;;1
04/09/26;MINI IBEX-35;CALL;Mar-27;18.000;20050.7;21,04;0,77;;750
04/09/26;MINI IBEX-35;CALL;Mar-27;18.500;20050.7;19,88;0,73;;2
04/09/26;MINI IBEX-35;CALL;Mar-27;18.900;20050.7;18,95;0,68;;2
04/09/26;MINI IBEX-35;CALL;Mar-27;19.000;20050.7;18,72;0,67;;1
04/09/26;MINI IBEX-35;CALL;Mar-27;19.300;20050.7;18,02;0,64;;4
04/09/26;MINI IBEX-35;CALL;Mar-27;19.800;20050.7;16,86;0,56;;5
04/09/26;MINI IBEX-35;CALL;Mar-27;20.100;20050.7;16,17;0,52;;1
04/09/26;MINI IBEX-35;CALL;Mar-27;20.500;20050.7;15,69;0,45;;1
04/09/26;MINI IBEX-35;CALL;Mar-27;20.600;20050.7;15,57;0,43;;1
04/09/26;MINI IBEX-35;CALL;Mar-27;20.700;20050.7;15,44;0,41;;1
04/09/26;MINI IBEX-35;CALL;Mar-27;20.800;20050.7;15,32;0,40;;1
04/09/26;MINI IBEX-35;CALL;Mar-27;21.000;20050.7;15,08;0,36;;1
04/09/26;MINI IBEX-35;CALL;Mar-27;22.000;20050.7;13,87;0,20;;2
04/09/26;MINI IBEX-35;CALL;Mar-27;22.400;20050.7;13,39;0,14;;1
04/09/26;MINI IBEX-35;CALL;Jun-27;18.500;20050.7;20,14;0,68;;2
04/09/26;MINI IBEX-35;CALL;Jun-27;19.000;20050.7;19,09;0,63;;2
04/09/26;MINI IBEX-35;CALL;Jun-27;19.200;20050.7;18,67;0,61;;6
04/09/26;MINI IBEX-35;CALL;Jun-27;22.000;20050.7;14,68;0,25;;1
04/09/26;MINI IBEX-35;CALL;Jun-27;24.000;20050.7;12,34;0,05;;3
04/09/26;MINI IBEX-35;CALL;Sep-27;19.800;20050.7;18,05;0,54;;1
04/09/26;MINI IBEX-35;CALL;Dic-27;14.000;20050.7;28,41;0,86;;2
04/09/26;MINI IBEX-35;CALL;Dic-27;16.200;20050.7;24,65;0,78;;32
04/09/26;MINI IBEX-35;CALL;Dic-27;16.300;20050.7;24,48;0,78;;96
04/09/26;MINI IBEX-35;CALL;Dic-27;16.400;20050.7;24,31;0,77;;32
04/09/26;MINI IBEX-35;CALL;Dic-27;16.500;20050.7;24,14;0,77;;32
04/09/26;MINI IBEX-35;CALL;Dic-27;16.700;20050.7;23,80;0,76;;32
04/09/26;MINI IBEX-35;CALL;Dic-27;17.600;20050.7;22,26;0,71;;32
04/09/26;MINI IBEX-35;CALL;Dic-27;19.400;20050.7;19,19;0,57;;6.750
04/09/26;MINI IBEX-35;CALL;Dic-27;19.500;20050.7;19,02;0,56;;4
04/09/26;MINI IBEX-35;CALL;Dic-27;20.500;20050.7;17,65;0,47;;1
04/09/26;MINI IBEX-35;CALL;Mar-28;18.400;20050.7;21,07;0,64;;32
04/09/26;MINI IBEX-35;CALL;Mar-28;18.500;20050.7;20,91;0,64;;32
04/09/26;MINI IBEX-35;CALL;Mar-28;18.600;20050.7;20,75;0,63;;32
04/09/26;MINI IBEX-35;CALL;Dic-28;16.800;20050.7;22,91;0,69;;1.800
04/09/26;MINI IBEX-35;PUT;Sep-26;13.000;20050.7;43,92;;;2
04/09/26;MINI IBEX-35;PUT;Sep-26;13.100;20050.7;43,49;;;2
04/09/26;MINI IBEX-35;PUT;Sep-26;13.500;20050.7;41,76;;;2
04/09/26;MINI IBEX-35;PUT;Sep-26;13.600;20050.7;41,32;;;1
04/09/26;MINI IBEX-35;PUT;Sep-26;13.700;20050.7;40,89;;;2
04/09/26;MINI IBEX-35;PUT;Sep-26;13.900;20050.7;40,02;;;1
04/09/26;MINI IBEX-35;PUT;Sep-26;14.000;20050.7;39,59;;;4
04/09/26;MINI IBEX-35;PUT;Sep-26;14.100;20050.7;39,15;;;2
04/09/26;MINI IBEX-35;PUT;Sep-26;14.200;20050.7;38,72;;;1
04/09/26;MINI IBEX-35;PUT;Sep-26;14.300;20050.7;38,29;;;1
04/09/26;MINI IBEX-35;PUT;Sep-26;14.400;20050.7;37,85;;;4
04/09/26;MINI IBEX-35;PUT;Sep-26;14.500;20050.7;37,42;;;5
04/09/26;MINI IBEX-35;PUT;Sep-26;14.600;20050.7;36,99;;;5
04/09/26;MINI IBEX-35;PUT;Sep-26;14.700;20050.7;36,55;;;3
04/09/26;MINI IBEX-35;PUT;Sep-26;15.000;20050.7;35,25;;;41
04/09/26;MINI IBEX-35;PUT;Sep-26;15.100;20050.7;34,82;;;1
04/09/26;MINI IBEX-35;PUT;Sep-26;15.200;20050.7;34,38;;;2
04/09/26;MINI IBEX-35;PUT;Sep-26;15.300;20050.7;33,95;;;7
04/09/26;MINI IBEX-35;PUT;Sep-26;15.400;20050.7;33,52;;;5
04/09/26;MINI IBEX-35;PUT;Sep-26;15.500;20050.7;33,08;;;44
04/09/26;MINI IBEX-35;PUT;Sep-26;15.600;20050.7;32,65;;;1
04/09/26;MINI IBEX-35;PUT;Sep-26;15.700;20050.7;32,22;;;1
04/09/26;MINI IBEX-35;PUT;Sep-26;15.800;20050.7;31,78;;;3
04/09/26;MINI IBEX-35;PUT;Sep-26;15.900;20050.7;31,35;;;17
04/09/26;MINI IBEX-35;PUT;Sep-26;16.000;20050.7;30,92;;;5.506
04/09/26;MINI IBEX-35;PUT;Sep-26;16.100;20050.7;30,48;;;2
04/09/26;MINI IBEX-35;PUT;Sep-26;16.300;20050.7;29,62;;;1
04/09/26;MINI IBEX-35;PUT;Sep-26;16.400;20050.7;29,18;;;3
04/09/26;MINI IBEX-35;PUT;Sep-26;16.500;20050.7;28,75;;;40
04/09/26;MINI IBEX-35;PUT;Sep-26;16.600;20050.7;28,31;;;1
04/09/26;MINI IBEX-35;PUT;Sep-26;16.700;20050.7;27,88;;;1
04/09/26;MINI IBEX-35;PUT;Sep-26;16.800;20050.7;27,45;;;4
04/09/26;MINI IBEX-35;PUT;Sep-26;17.000;20050.7;26,58;;;145
04/09/26;MINI IBEX-35;PUT;Sep-26;17.200;20050.7;25,71;;;2
04/09/26;MINI IBEX-35;PUT;Sep-26;17.300;20050.7;25,28;;;2
04/09/26;MINI IBEX-35;PUT;Sep-26;17.400;20050.7;24,85;;;8
04/09/26;MINI IBEX-35;PUT;Sep-26;17.500;20050.7;24,41;;;114
04/09/26;MINI IBEX-35;PUT;Sep-26;17.600;20050.7;23,98;;;10
04/09/26;MINI IBEX-35;PUT;Sep-26;17.700;20050.7;23,54;;;3
04/09/26;MINI IBEX-35;PUT;Sep-26;17.800;20050.7;23,11;;;7
04/09/26;MINI IBEX-35;PUT;Sep-26;17.850;20050.7;22,89;;;3
04/09/26;MINI IBEX-35;PUT;Sep-26;17.900;20050.7;22,68;-0,01;;3
04/09/26;MINI IBEX-35;PUT;Sep-26;17.950;20050.7;22,46;-0,01;;2
04/09/26;MINI IBEX-35;PUT;Sep-26;18.000;20050.7;22,24;-0,01;;25
04/09/26;MINI IBEX-35;PUT;Sep-26;18.100;20050.7;21,81;-0,01;;5
04/09/26;MINI IBEX-35;PUT;Sep-26;18.150;20050.7;21,59;-0,01;;111
04/09/26;MINI IBEX-35;PUT;Sep-26;18.200;20050.7;21,38;-0,01;;17
04/09/26;MINI IBEX-35;PUT;Sep-26;18.300;20050.7;20,94;-0,01;;4
04/09/26;MINI IBEX-35;PUT;Sep-26;18.350;20050.7;20,73;-0,01;1;1
04/09/26;MINI IBEX-35;PUT;Sep-26;18.400;20050.7;20,51;-0,02;;20
04/09/26;MINI IBEX-35;PUT;Sep-26;18.500;20050.7;20,08;-0,02;;20
04/09/26;MINI IBEX-35;PUT;Sep-26;18.550;20050.7;19,86;-0,02;;2
04/09/26;MINI IBEX-35;PUT;Sep-26;18.600;20050.7;19,64;-0,02;;11
04/09/26;MINI IBEX-35;PUT;Sep-26;18.700;20050.7;19,21;-0,03;1;61
04/09/26;MINI IBEX-35;PUT;Sep-26;18.750;20050.7;18,99;-0,03;;7
04/09/26;MINI IBEX-35;PUT;Sep-26;18.800;20050.7;18,78;-0,04;;21
04/09/26;MINI IBEX-35;PUT;Sep-26;18.850;20050.7;18,56;-0,04;;2
04/09/26;MINI IBEX-35;PUT;Sep-26;18.900;20050.7;18,34;-0,05;;2
04/09/26;MINI IBEX-35;PUT;Sep-26;18.950;20050.7;18,12;-0,05;;2
04/09/26;MINI IBEX-35;PUT;Sep-26;19.000;20050.7;17,91;-0,06;1;10.906
04/09/26;MINI IBEX-35;PUT;Sep-26;19.050;20050.7;17,69;-0,07;;7
04/09/26;MINI IBEX-35;PUT;Sep-26;19.100;20050.7;17,47;-0,07;1;31
04/09/26;MINI IBEX-35;PUT;Sep-26;19.150;20050.7;17,26;-0,08;;2
04/09/26;MINI IBEX-35;PUT;Sep-26;19.200;20050.7;17,04;-0,09;1;11
04/09/26;MINI IBEX-35;PUT;Sep-26;19.250;20050.7;16,82;-0,10;;1
04/09/26;MINI IBEX-35;PUT;Sep-26;19.300;20050.7;16,61;-0,11;;11
04/09/26;MINI IBEX-35;PUT;Sep-26;19.350;20050.7;16,39;-0,13;;12
04/09/26;MINI IBEX-35;PUT;Sep-26;19.400;20050.7;16,17;-0,14;;12
04/09/26;MINI IBEX-35;PUT;Sep-26;19.450;20050.7;15,96;-0,16;75;75
04/09/26;MINI IBEX-35;PUT;Sep-26;19.500;20050.7;15,74;-0,17;14;32
04/09/26;MINI IBEX-35;PUT;Sep-26;19.550;20050.7;15,52;-0,19;;3
04/09/26;MINI IBEX-35;PUT;Sep-26;19.600;20050.7;15,31;-0,21;1;80
04/09/26;MINI IBEX-35;PUT;Sep-26;19.650;20050.7;15,09;-0,24;;76
04/09/26;MINI IBEX-35;PUT;Sep-26;19.700;20050.7;14,87;-0,26;;30
04/09/26;MINI IBEX-35;PUT;Sep-26;19.800;20050.7;14,44;-0,31;;112
04/09/26;MINI IBEX-35;PUT;Sep-26;19.850;20050.7;14,22;-0,34;1;105
04/09/26;MINI IBEX-35;PUT;Sep-26;19.900;20050.7;14,01;-0,38;1;13
04/09/26;MINI IBEX-35;PUT;Sep-26;19.950;20050.7;13,79;-0,41;;1
04/09/26;MINI IBEX-35;PUT;Sep-26;20.000;20050.7;13,57;-0,45;1;41
04/09/26;MINI IBEX-35;PUT;Sep-26;20.050;20050.7;13,36;-0,48;;2
04/09/26;MINI IBEX-35;PUT;Sep-26;20.100;20050.7;13,22;-0,52;46;28
04/09/26;MINI IBEX-35;PUT;Sep-26;20.150;20050.7;13,12;-0,56;;1
04/09/26;MINI IBEX-35;PUT;Sep-26;20.200;20050.7;13,03;-0,60;;5
04/09/26;MINI IBEX-35;PUT;Sep-26;20.250;20050.7;12,93;-0,64;;2
04/09/26;MINI IBEX-35;PUT;Sep-26;20.300;20050.7;12,83;-0,67;25;124
04/09/26;MINI IBEX-35;PUT;Sep-26;20.350;20050.7;12,74;-0,71;;14
04/09/26;MINI IBEX-35;PUT;Sep-26;20.400;20050.7;12,64;-0,74;;1
04/09/26;MINI IBEX-35;PUT;Sep-26;20.500;20050.7;12,44;-0,80;;3
04/09/26;MINI IBEX-35;PUT;Sep-26;20.550;20050.7;12,35;-0,83;;1
04/09/26;MINI IBEX-35;PUT;Sep-26;24.000;20050.7;5,64;-1,00;;5.500
04/09/26;MINI IBEX-35;PUT;Oct-26;16.400;20050.7;26,97;-0,01;;10
04/09/26;MINI IBEX-35;PUT;Oct-26;16.500;20050.7;26,61;-0,01;;121
04/09/26;MINI IBEX-35;PUT;Oct-26;17.000;20050.7;24,79;-0,02;;1
04/09/26;MINI IBEX-35;PUT;Oct-26;17.500;20050.7;22,97;-0,04;;2
04/09/26;MINI IBEX-35;PUT;Oct-26;17.600;20050.7;22,61;-0,04;;1
04/09/26;MINI IBEX-35;PUT;Oct-26;18.000;20050.7;21,15;-0,06;;17
04/09/26;MINI IBEX-35;PUT;Oct-26;18.300;20050.7;20,06;-0,08;;1
04/09/26;MINI IBEX-35;PUT;Oct-26;18.400;20050.7;19,70;-0,09;;25
04/09/26;MINI IBEX-35;PUT;Oct-26;18.500;20050.7;19,33;-0,10;;2
04/09/26;MINI IBEX-35;PUT;Oct-26;18.600;20050.7;18,97;-0,11;;1
04/09/26;MINI IBEX-35;PUT;Oct-26;18.650;20050.7;18,79;-0,12;;1
04/09/26;MINI IBEX-35;PUT;Oct-26;18.700;20050.7;18,61;-0,13;1;1
04/09/26;MINI IBEX-35;PUT;Oct-26;18.750;20050.7;18,42;-0,13;;1
04/09/26;MINI IBEX-35;PUT;Oct-26;18.800;20050.7;18,24;-0,14;;2
04/09/26;MINI IBEX-35;PUT;Oct-26;18.900;20050.7;17,88;-0,15;;4
04/09/26;MINI IBEX-35;PUT;Oct-26;18.950;20050.7;17,70;-0,16;;3
04/09/26;MINI IBEX-35;PUT;Oct-26;19.000;20050.7;17,52;-0,17;;14
04/09/26;MINI IBEX-35;PUT;Oct-26;19.100;20050.7;17,15;-0,19;;5
04/09/26;MINI IBEX-35;PUT;Oct-26;19.150;20050.7;16,97;-0,20;;4
04/09/26;MINI IBEX-35;PUT;Oct-26;19.250;20050.7;16,61;-0,22;;1
04/09/26;MINI IBEX-35;PUT;Oct-26;19.300;20050.7;16,42;-0,23;;1
04/09/26;MINI IBEX-35;PUT;Oct-26;19.400;20050.7;16,06;-0,26;;2
04/09/26;MINI IBEX-35;PUT;Oct-26;19.450;20050.7;15,88;-0,27;;1
04/09/26;MINI IBEX-35;PUT;Oct-26;19.500;20050.7;15,70;-0,29;;2
04/09/26;MINI IBEX-35;PUT;Oct-26;19.600;20050.7;15,33;-0,31;1;2
04/09/26;MINI IBEX-35;PUT;Oct-26;19.700;20050.7;14,97;-0,35;;2
04/09/26;MINI IBEX-35;PUT;Oct-26;19.900;20050.7;14,24;-0,42;9;27
04/09/26;MINI IBEX-35;PUT;Oct-26;19.950;20050.7;14,06;-0,44;;3
04/09/26;MINI IBEX-35;PUT;Oct-26;20.000;20050.7;13,88;-0,46;;15
04/09/26;MINI IBEX-35;PUT;Oct-26;20.100;20050.7;13,58;-0,50;;1
04/09/26;MINI IBEX-35;PUT;Oct-26;20.150;20050.7;13,50;-0,52;;8
04/09/26;MINI IBEX-35;PUT;Oct-26;20.300;20050.7;13,27;-0,59;;1
04/09/26;MINI IBEX-35;PUT;Oct-26;20.500;20050.7;12,97;-0,67;;2
04/09/26;MINI IBEX-35;PUT;Nov-26;18.300;20050.7;19,09;-0,14;;1
04/09/26;MINI IBEX-35;PUT;Nov-26;19.800;20050.7;14,25;-0,42;;1
04/09/26;MINI IBEX-35;PUT;Nov-26;19.900;20050.7;13,92;-0,45;;1
04/09/26;MINI IBEX-35;PUT;Nov-26;20.700;20050.7;12,55;-0,70;;1
04/09/26;MINI IBEX-35;PUT;Dic-26;8.600;20050.7;47,88;;;1.250
04/09/26;MINI IBEX-35;PUT;Dic-26;10.900;20050.7;41,07;;;1
04/09/26;MINI IBEX-35;PUT;Dic-26;11.300;20050.7;39,89;;;1
04/09/26;MINI IBEX-35;PUT;Dic-26;11.500;20050.7;39,29;;;2
04/09/26;MINI IBEX-35;PUT;Dic-26;12.200;20050.7;37,22;-0,01;;2
04/09/26;MINI IBEX-35;PUT;Dic-26;12.300;20050.7;36,93;-0,01;;5
04/09/26;MINI IBEX-35;PUT;Dic-26;12.400;20050.7;36,63;-0,01;;1
04/09/26;MINI IBEX-35;PUT;Dic-26;12.500;20050.7;36,33;-0,01;;7
04/09/26;MINI IBEX-35;PUT;Dic-26;12.600;20050.7;36,04;-0,01;;6
04/09/26;MINI IBEX-35;PUT;Dic-26;12.900;20050.7;35,15;-0,01;;7
04/09/26;MINI IBEX-35;PUT;Dic-26;13.000;20050.7;34,85;-0,01;;7
04/09/26;MINI IBEX-35;PUT;Dic-26;13.100;20050.7;34,56;-0,01;;1
04/09/26;MINI IBEX-35;PUT;Dic-26;13.200;20050.7;34,26;-0,01;;1
04/09/26;MINI IBEX-35;PUT;Dic-26;13.500;20050.7;33,37;-0,01;;504
04/09/26;MINI IBEX-35;PUT;Dic-26;13.600;20050.7;33,08;-0,01;;5
04/09/26;MINI IBEX-35;PUT;Dic-26;13.700;20050.7;32,78;-0,01;;2
04/09/26;MINI IBEX-35;PUT;Dic-26;14.000;20050.7;31,89;-0,01;;1.034
04/09/26;MINI IBEX-35;PUT;Dic-26;14.200;20050.7;31,30;-0,02;;3
04/09/26;MINI IBEX-35;PUT;Dic-26;14.300;20050.7;31,00;-0,02;;1
04/09/26;MINI IBEX-35;PUT;Dic-26;14.400;20050.7;30,71;-0,02;;1
04/09/26;MINI IBEX-35;PUT;Dic-26;14.500;20050.7;30,41;-0,02;;1
04/09/26;MINI IBEX-35;PUT;Dic-26;14.600;20050.7;30,12;-0,02;;1
04/09/26;MINI IBEX-35;PUT;Dic-26;14.800;20050.7;29,52;-0,02;;1
04/09/26;MINI IBEX-35;PUT;Dic-26;14.900;20050.7;29,23;-0,03;;3
04/09/26;MINI IBEX-35;PUT;Dic-26;15.000;20050.7;28,93;-0,03;;18
04/09/26;MINI IBEX-35;PUT;Dic-26;15.200;20050.7;28,34;-0,03;;1
04/09/26;MINI IBEX-35;PUT;Dic-26;15.500;20050.7;27,45;-0,04;;28
04/09/26;MINI IBEX-35;PUT;Dic-26;15.600;20050.7;27,16;-0,04;;32
04/09/26;MINI IBEX-35;PUT;Dic-26;15.700;20050.7;26,86;-0,04;;4
04/09/26;MINI IBEX-35;PUT;Dic-26;15.800;20050.7;26,56;-0,04;;4
04/09/26;MINI IBEX-35;PUT;Dic-26;15.900;20050.7;26,27;-0,04;;1
04/09/26;MINI IBEX-35;PUT;Dic-26;16.000;20050.7;25,97;-0,05;;27
04/09/26;MINI IBEX-35;PUT;Dic-26;16.300;20050.7;25,08;-0,06;;10
04/09/26;MINI IBEX-35;PUT;Dic-26;16.400;20050.7;24,79;-0,06;;6.000
04/09/26;MINI IBEX-35;PUT;Dic-26;16.500;20050.7;24,49;-0,06;;3
04/09/26;MINI IBEX-35;PUT;Dic-26;16.600;20050.7;24,19;-0,07;;2
04/09/26;MINI IBEX-35;PUT;Dic-26;16.700;20050.7;23,90;-0,07;;1.516
04/09/26;MINI IBEX-35;PUT;Dic-26;16.800;20050.7;23,60;-0,07;;11
04/09/26;MINI IBEX-35;PUT;Dic-26;16.900;20050.7;23,31;-0,08;;4
04/09/26;MINI IBEX-35;PUT;Dic-26;17.000;20050.7;23,01;-0,08;1;24
04/09/26;MINI IBEX-35;PUT;Dic-26;17.100;20050.7;22,71;-0,09;;7
04/09/26;MINI IBEX-35;PUT;Dic-26;17.200;20050.7;22,42;-0,09;;105
04/09/26;MINI IBEX-35;PUT;Dic-26;17.300;20050.7;22,12;-0,10;;6
04/09/26;MINI IBEX-35;PUT;Dic-26;17.400;20050.7;21,83;-0,10;;6
04/09/26;MINI IBEX-35;PUT;Dic-26;17.500;20050.7;21,53;-0,11;1;1.024
04/09/26;MINI IBEX-35;PUT;Dic-26;17.600;20050.7;21,23;-0,12;;104
04/09/26;MINI IBEX-35;PUT;Dic-26;17.700;20050.7;20,94;-0,12;;5.011
04/09/26;MINI IBEX-35;PUT;Dic-26;17.800;20050.7;20,64;-0,13;;10
04/09/26;MINI IBEX-35;PUT;Dic-26;17.900;20050.7;20,35;-0,14;;5.001
04/09/26;MINI IBEX-35;PUT;Dic-26;18.000;20050.7;20,05;-0,15;;513
04/09/26;MINI IBEX-35;PUT;Dic-26;18.100;20050.7;19,75;-0,16;;5
04/09/26;MINI IBEX-35;PUT;Dic-26;18.200;20050.7;19,46;-0,17;;11
04/09/26;MINI IBEX-35;PUT;Dic-26;18.300;20050.7;19,16;-0,18;;10
04/09/26;MINI IBEX-35;PUT;Dic-26;18.400;20050.7;18,87;-0,19;;10
04/09/26;MINI IBEX-35;PUT;Dic-26;18.500;20050.7;18,57;-0,20;;212
04/09/26;MINI IBEX-35;PUT;Dic-26;18.700;20050.7;17,98;-0,22;;7
04/09/26;MINI IBEX-35;PUT;Dic-26;18.800;20050.7;17,68;-0,24;2;7
04/09/26;MINI IBEX-35;PUT;Dic-26;18.900;20050.7;17,39;-0,25;;13
04/09/26;MINI IBEX-35;PUT;Dic-26;19.000;20050.7;17,09;-0,26;;8
04/09/26;MINI IBEX-35;PUT;Dic-26;19.100;20050.7;16,79;-0,28;;3
04/09/26;MINI IBEX-35;PUT;Dic-26;19.200;20050.7;16,50;-0,30;;36
04/09/26;MINI IBEX-35;PUT;Dic-26;19.300;20050.7;16,20;-0,32;;4
04/09/26;MINI IBEX-35;PUT;Dic-26;19.400;20050.7;15,90;-0,33;;2
04/09/26;MINI IBEX-35;PUT;Dic-26;19.500;20050.7;15,61;-0,35;;3
04/09/26;MINI IBEX-35;PUT;Dic-26;19.600;20050.7;15,31;-0,38;;6
04/09/26;MINI IBEX-35;PUT;Dic-26;19.700;20050.7;15,02;-0,40;;2
04/09/26;MINI IBEX-35;PUT;Dic-26;19.800;20050.7;14,72;-0,42;1;3
04/09/26;MINI IBEX-35;PUT;Dic-26;19.900;20050.7;14,42;-0,45;;1
04/09/26;MINI IBEX-35;PUT;Dic-26;20.000;20050.7;14,13;-0,47;;24
04/09/26;MINI IBEX-35;PUT;Dic-26;20.100;20050.7;13,93;-0,50;;11
04/09/26;MINI IBEX-35;PUT;Dic-26;20.500;20050.7;13,37;-0,61;;1
04/09/26;MINI IBEX-35;PUT;Mar-27;13.000;20050.7;30,55;-0,02;;3
04/09/26;MINI IBEX-35;PUT;Mar-27;13.800;20050.7;28,70;-0,03;;32
04/09/26;MINI IBEX-35;PUT;Mar-27;15.200;20050.7;25,44;-0,06;;1
04/09/26;MINI IBEX-35;PUT;Mar-27;15.700;20050.7;24,28;-0,07;;1
04/09/26;MINI IBEX-35;PUT;Mar-27;16.500;20050.7;22,42;-0,10;;1
04/09/26;MINI IBEX-35;PUT;Mar-27;17.000;20050.7;21,26;-0,12;;2
04/09/26;MINI IBEX-35;PUT;Mar-27;17.500;20050.7;20,10;-0,16;;21
04/09/26;MINI IBEX-35;PUT;Mar-27;17.800;20050.7;19,41;-0,18;;1
04/09/26;MINI IBEX-35;PUT;Mar-27;18.000;20050.7;18,94;-0,19;;756
04/09/26;MINI IBEX-35;PUT;Mar-27;18.100;20050.7;18,71;-0,20;;5
04/09/26;MINI IBEX-35;PUT;Mar-27;18.200;20050.7;18,48;-0,21;;5
04/09/26;MINI IBEX-35;PUT;Mar-27;18.300;20050.7;18,24;-0,22;;5
04/09/26;MINI IBEX-35;PUT;Mar-27;18.400;20050.7;18,01;-0,23;;5
04/09/26;MINI IBEX-35;PUT;Mar-27;18.500;20050.7;17,78;-0,24;;3
04/09/26;MINI IBEX-35;PUT;Mar-27;18.600;20050.7;17,55;-0,25;;1
04/09/26;MINI IBEX-35;PUT;Mar-27;18.900;20050.7;16,85;-0,29;;2
04/09/26;MINI IBEX-35;PUT;Mar-27;19.100;20050.7;16,39;-0,31;;5
04/09/26;MINI IBEX-35;PUT;Mar-27;19.300;20050.7;15,92;-0,34;;5
04/09/26;MINI IBEX-35;PUT;Mar-27;19.500;20050.7;15,46;-0,37;;5
04/09/26;MINI IBEX-35;PUT;Mar-27;19.600;20050.7;15,23;-0,39;;5
04/09/26;MINI IBEX-35;PUT;Mar-27;19.800;20050.7;14,76;-0,42;;5
04/09/26;MINI IBEX-35;PUT;Mar-27;19.900;20050.7;14,53;-0,44;;5
04/09/26;MINI IBEX-35;PUT;Mar-27;21.400;20050.7;12,50;-0,73;;1
04/09/26;MINI IBEX-35;PUT;Mar-27;21.600;20050.7;12,25;-0,76;;2
04/09/26;MINI IBEX-35;PUT;Mar-27;21.800;20050.7;12,01;-0,80;;1
04/09/26;MINI IBEX-35;PUT;Mar-27;21.900;20050.7;11,89;-0,81;;3
04/09/26;MINI IBEX-35;PUT;Mar-27;22.000;20050.7;11,77;-0,83;;2
04/09/26;MINI IBEX-35;PUT;Mar-27;22.900;20050.7;10,68;-0,93;;2
04/09/26;MINI IBEX-35;PUT;Jun-27;13.000;20050.7;29,09;-0,04;;2
04/09/26;MINI IBEX-35;PUT;Jun-27;15.400;20050.7;24,04;-0,09;;5
04/09/26;MINI IBEX-35;PUT;Jun-27;16.000;20050.7;22,78;-0,11;;20
04/09/26;MINI IBEX-35;PUT;Jun-27;17.000;20050.7;20,67;-0,16;;1
04/09/26;MINI IBEX-35;PUT;Jun-27;18.000;20050.7;18,57;-0,23;;1
04/09/26;MINI IBEX-35;PUT;Jun-27;18.500;20050.7;17,52;-0,28;;1
04/09/26;MINI IBEX-35;PUT;Jun-27;19.700;20050.7;15,00;-0,42;;1
04/09/26;MINI IBEX-35;PUT;Jun-27;19.900;20050.7;14,58;-0,45;;1
04/09/26;MINI IBEX-35;PUT;Jun-27;20.300;20050.7;14,04;-0,52;;1
04/09/26;MINI IBEX-35;PUT;Jun-27;23.300;20050.7;10,54;-0,92;;1
04/09/26;MINI IBEX-35;PUT;Jun-27;23.400;20050.7;10,42;-0,93;;2
04/09/26;MINI IBEX-35;PUT;Jun-27;24.200;20050.7;9,49;-0,97;;2
04/09/26;MINI IBEX-35;PUT;Sep-27;12.100;20050.7;29,33;-0,03;;32
04/09/26;MINI IBEX-35;PUT;Sep-27;12.200;20050.7;29,14;-0,03;;32
04/09/26;MINI IBEX-35;PUT;Sep-27;12.300;20050.7;28,95;-0,04;;32
04/09/26;MINI IBEX-35;PUT;Sep-27;12.400;20050.7;28,77;-0,04;;32
04/09/26;MINI IBEX-35;PUT;Sep-27;14.200;20050.7;25,43;-0,07;;32
04/09/26;MINI IBEX-35;PUT;Dic-27;13.400;20050.7;26,11;-0,07;;250
04/09/26;MINI IBEX-35;PUT;Dic-27;14.700;20050.7;23,89;-0,10;;1
04/09/26;MINI IBEX-35;PUT;Dic-27;15.400;20050.7;22,70;-0,13;;32
04/09/26;MINI IBEX-35;PUT;Dic-27;15.700;20050.7;22,19;-0,14;;32
04/09/26;MINI IBEX-35;PUT;Dic-27;15.800;20050.7;22,02;-0,14;;32
04/09/26;MINI IBEX-35;PUT;Dic-27;19.300;20050.7;16,04;-0,38;;3
04/09/26;MINI IBEX-35;PUT;Dic-27;19.400;20050.7;15,87;-0,39;;6.751
04/09/26;MINI IBEX-35;PUT;Jun-28;18.400;20050.7;17,20;-0,31;;64
04/09/26;MINI IBEX-35;PUT;Jun-28;18.500;20050.7;17,05;-0,32;;64
04/09/26;MINI IBEX-35;PUT;Jun-28;19.300;20050.7;15,82;-0,39;;32
04/09/26;MINI IBEX-35;PUT;Jun-28;20.000;20050.7;14,84;-0,46;;32
04/09/26;MINI IBEX-35;PUT;Sep-28;17.500;20050.7;18,10;-0,26;;2
04/09/26;MINI IBEX-35;PUT;Dic-28;16.800;20050.7;18,73;-0,22;;1.800
04/09/26;MINI IBEX-35;PUT;Jun-29;18.800;20050.7;18,11;-0,35;;1
04/09/26;MINI IBEX-35;PUT;Jun-31;18.400;20050.7;18,88;-0,33;;1
04/09/26;ACCIONA;CALL;Sep-26;210,00;203.2;34,70;0,33;;13
04/09/26;ACCIONA;CALL;Sep-26;220,00;203.2;33,70;0,12;;6
04/09/26;ACCIONA;CALL;Sep-26;230,00;203.2;32,70;0,03;;1
04/09/26;ACCIONA;CALL;Sep-26;260,00;203.2;29,70;;;16
04/09/26;ACCIONA;CALL;Sep-26;280,00;203.2;27,69;;;2
04/09/26;ACCIONA;CALL;Sep-26;310,00;203.2;24,69;;;5
04/09/26;ACCIONA;CALL;Sep-26;340,00;203.2;21,69;;;10
04/09/26;ACCIONA;CALL;Oct-26;220,00;203.2;33,30;0,27;;1
04/09/26;ACCIONA;CALL;Oct-26;230,00;203.2;32,51;0,15;;1
04/09/26;ACCIONA;CALL;Dic-26;210,00;203.2;34,66;0,48;;2
04/09/26;ACCIONA;CALL;Dic-26;230,00;203.2;33,97;0,29;;5
04/09/26;ACCIONA;CALL;Dic-26;260,00;203.2;32,93;0,10;;2
04/09/26;ACCIONA;CALL;Dic-26;280,00;203.2;32,24;0,04;;5
04/09/26;ACCIONA;CALL;Dic-26;320,00;203.2;30,87;;;5
04/09/26;ACCIONA;CALL;Mar-27;160,00;203.2;41,76;0,84;;1
04/09/26;ACCIONA;CALL;Mar-27;270,00;203.2;32,91;0,16;;5
04/09/26;ACCIONA;CALL;Mar-27;290,00;203.2;32,25;0,09;;5
04/09/26;ACCIONA;CALL;Jun-27;220,00;203.2;33,28;0,48;;1
04/09/26;ACCIONA;PUT;Sep-26;120,00;203.2;52,33;;;1
04/09/26;ACCIONA;PUT;Sep-26;170,00;203.2;41,99;-0,01;;1
04/09/26;ACCIONA;PUT;Sep-26;185,00;203.2;38,89;-0,10;;4
04/09/26;ACCIONA;PUT;Sep-26;190,00;203.2;37,86;-0,17;;15
04/09/26;ACCIONA;PUT;Sep-26;195,00;203.2;36,82;-0,27;;35
04/09/26;ACCIONA;PUT;Sep-26;200,00;203.2;35,79;-0,39;1;16
04/09/26;ACCIONA;PUT;Sep-26;210,00;203.2;34,45;-0,67;;37
04/09/26;ACCIONA;PUT;Oct-26;185,00;203.2;38,02;-0,21;;20
04/09/26;ACCIONA;PUT;Oct-26;220,00;203.2;33,03;-0,74;;2
04/09/26;ACCIONA;PUT;Nov-26;180,00;203.2;39,03;-0,22;;60
04/09/26;ACCIONA;PUT;Nov-26;185,00;203.2;38,03;-0,26;;5
04/09/26;ACCIONA;PUT;Dic-26;170,00;203.2;40,89;-0,17;;60
04/09/26;ACCIONA;PUT;Dic-26;175,00;203.2;40,01;-0,20;;62
04/09/26;ACCIONA;PUT;Dic-26;195,00;203.2;36,46;-0,37;;15
04/09/26;ACCIONA;PUT;Dic-26;200,00;203.2;35,58;-0,42;;20
04/09/26;ACCIONA;PUT;Dic-26;210,00;203.2;34,78;-0,52;;7
04/09/26;ACCIONA;PUT;Mar-27;155,00;203.2;42,40;-0,14;;60
04/09/26;ACCIONA;PUT;Mar-27;170,00;203.2;40,09;-0,21;;2
04/09/26;ACCIONA;PUT;Mar-27;200,00;203.2;35,46;-0,41;;20
04/09/26;ACCIONA;PUT;Mar-27;210,00;203.2;34,75;-0,49;;5
04/09/26;ACCIONA;CALL;Nov-26;220,00;203.2;33,86;0,34;;3
04/09/26;ACCIONA ENERGIA;CALL;Sep-26;29,00;21.2;31,48;;;1
04/09/26;ACCIONA ENERGIA;CALL;Dic-26;24,00;21.2;31,98;0,28;;3
04/09/26;ACCIONA ENERGIA;CALL;Dic-26;25,00;21.2;31,98;0,20;;1
04/09/26;ACCIONA ENERGIA;CALL;Dic-26;27,00;21.2;31,98;0,10;;1
04/09/26;ACCIONA ENERGIA;CALL;Dic-26;30,00;21.2;31,98;0,03;;1
04/09/26;ACCIONA ENERGIA;CALL;Dic-26;31,00;21.2;31,98;0,02;;1
04/09/26;ACCIONA ENERGIA;PUT;Sep-26;20,00;21.2;34,27;-0,18;;3
04/09/26;ACCIONA ENERGIA;PUT;Sep-26;21,00;21.2;33,56;-0,43;;22
04/09/26;ACCIONA ENERGIA;PUT;Sep-26;23,00;21.2;33,36;-0,89;;2
04/09/26;ACCIONA ENERGIA;PUT;Dic-26;18,00;21.2;36,59;-0,17;;2
04/09/26;ACCIONA ENERGIA;PUT;Dic-26;19,00;21.2;35,89;-0,24;;3
04/09/26;ACCIONA ENERGIA;PUT;Dic-26;20,00;21.2;35,18;-0,33;;1
04/09/26;ACCIONA ENERGIA;PUT;Dic-26;21,00;21.2;34,47;-0,43;;15
04/09/26;ACCIONA ENERGIA;PUT;Jun-27;24,00;21.2;29,40;-0,63;;13
04/09/26;ACERINOX;CALL;Sep-26;14,50;18.36;38,27;1,00;;150
04/09/26;ACERINOX;CALL;Sep-26;15,50;18.36;36,51;0,99;;10
04/09/26;ACERINOX;CALL;Sep-26;16,00;18.36;35,63;0,98;;11
04/09/26;ACERINOX;CALL;Sep-26;17,00;18.36;33,87;0,89;;13
04/09/26;ACERINOX;CALL;Sep-26;17,50;18.36;32,98;0,78;;8
04/09/26;ACERINOX;CALL;Sep-26;18,00;18.36;32,10;0,64;;7
04/09/26;ACERINOX;CALL;Sep-26;18,50;18.36;31,29;0,47;;49
04/09/26;ACERINOX;CALL;Sep-26;19,00;18.36;30,65;0,30;;10
04/09/26;ACERINOX;CALL;Sep-26;21,00;18.36;28,07;0,01;;1
04/09/26;ACERINOX;CALL;Oct-26;16,50;18.36;34,64;0,84;3;3
04/09/26;ACERINOX;CALL;Oct-26;17,50;18.36;32,90;0,69;;3
04/09/26;ACERINOX;CALL;Oct-26;18,50;18.36;31,28;0,50;;24
04/09/26;ACERINOX;CALL;Oct-26;19,50;18.36;30,41;0,31;;10
04/09/26;ACERINOX;CALL;Dic-26;6,00;18.36;49,50;1,00;;20
04/09/26;ACERINOX;CALL;Dic-26;9,75;18.36;43,92;1,00;;2
04/09/26;ACERINOX;CALL;Dic-26;11,00;18.36;42,06;0,99;;10
04/09/26;ACERINOX;CALL;Dic-26;13,00;18.36;39,08;0,96;;11
04/09/26;ACERINOX;CALL;Dic-26;13,50;18.36;38,34;0,95;;20
04/09/26;ACERINOX;CALL;Dic-26;14,00;18.36;37,59;0,93;;10
04/09/26;ACERINOX;CALL;Dic-26;14,50;18.36;36,85;0,91;;10
04/09/26;ACERINOX;CALL;Dic-26;15,00;18.36;36,10;0,88;;20
04/09/26;ACERINOX;CALL;Dic-26;16,00;18.36;34,61;0,81;;10
04/09/26;ACERINOX;CALL;Dic-26;16,50;18.36;33,87;0,76;;3
04/09/26;ACERINOX;CALL;Dic-26;17,00;18.36;33,12;0,71;;15
04/09/26;ACERINOX;CALL;Dic-26;17,50;18.36;32,38;0,66;;35
04/09/26;ACERINOX;CALL;Dic-26;18,00;18.36;31,64;0,60;;20
04/09/26;ACERINOX;CALL;Dic-26;18,50;18.36;31,06;0,53;;12
04/09/26;ACERINOX;CALL;Dic-26;19,00;18.36;30,94;0,47;;20
04/09/26;ACERINOX;CALL;Dic-26;19,50;18.36;30,81;0,41;;11
04/09/26;ACERINOX;CALL;Dic-26;20,00;18.36;30,68;0,35;;11
04/09/26;ACERINOX;CALL;Dic-26;22,00;18.36;30,17;0,16;;1
04/09/26;ACERINOX;CALL;Dic-26;24,00;18.36;29,67;0,06;;51
04/09/26;ACERINOX;CALL;Mar-27;8,75;18.36;43,61;1,00;;1
04/09/26;ACERINOX;CALL;Mar-27;11,00;18.36;40,87;0,98;;15
04/09/26;ACERINOX;CALL;Mar-27;13,00;18.36;38,44;0,93;;1
04/09/26;ACERINOX;CALL;Mar-27;13,50;18.36;37,83;0,91;;5
04/09/26;ACERINOX;CALL;Mar-27;14,50;18.36;36,62;0,87;;150
04/09/26;ACERINOX;CALL;Mar-27;15,50;18.36;35,40;0,80;;150
04/09/26;ACERINOX;CALL;Mar-27;16,00;18.36;34,79;0,77;;150
04/09/26;ACERINOX;CALL;Mar-27;17,00;18.36;33,57;0,68;;150
04/09/26;ACERINOX;CALL;Mar-27;17,50;18.36;32,97;0,64;;100
04/09/26;ACERINOX;CALL;Mar-27;18,50;18.36;31,88;0,54;;50
04/09/26;ACERINOX;CALL;Mar-27;19,00;18.36;31,76;0,50;;25
04/09/26;ACERINOX;CALL;Jun-27;16,00;18.36;35,59;0,73;;1
04/09/26;ACERINOX;CALL;Jun-27;17,50;18.36;33,77;0,63;;4
04/09/26;ACERINOX;CALL;Sep-27;13,50;18.36;40,01;0,85;;5
04/09/26;ACERINOX;CALL;Sep-27;14,00;18.36;39,37;0,83;;1
04/09/26;ACERINOX;CALL;Sep-27;16,50;18.36;36,19;0,69;;150
04/09/26;ACERINOX;CALL;Dic-27;11,00;18.36;41,58;0,93;;10
04/09/26;ACERINOX;CALL;Dic-27;12,00;18.36;40,43;0,90;;1
04/09/26;ACERINOX;CALL;Dic-27;13,00;18.36;39,29;0,85;;10
04/09/26;ACERINOX;CALL;Jun-28;12,50;18.36;37,76;0,86;;10
04/09/26;ACERINOX;PUT;Sep-26;9,00;18.36;45,93;;;23
04/09/26;ACERINOX;PUT;Sep-26;9,50;18.36;45,05;;;43
04/09/26;ACERINOX;PUT;Sep-26;9,75;18.36;44,61;;;1
04/09/26;ACERINOX;PUT;Sep-26;10,00;18.36;44,17;;;10
04/09/26;ACERINOX;PUT;Sep-26;10,50;18.36;43,29;;;40
04/09/26;ACERINOX;PUT;Sep-26;11,00;18.36;42,41;;;150
04/09/26;ACERINOX;PUT;Sep-26;12,00;18.36;40,65;;;10
04/09/26;ACERINOX;PUT;Sep-26;13,00;18.36;38,89;;;9
04/09/26;ACERINOX;PUT;Sep-26;14,00;18.36;37,13;;;10
04/09/26;ACERINOX;PUT;Sep-26;15,00;18.36;35,37;;;5
04/09/26;ACERINOX;PUT;Sep-26;15,50;18.36;34,49;-0,01;;22
04/09/26;ACERINOX;PUT;Sep-26;16,00;18.36;33,61;-0,02;;40
04/09/26;ACERINOX;PUT;Sep-26;17,00;18.36;31,85;-0,10;;11
04/09/26;ACERINOX;PUT;Sep-26;17,50;18.36;30,96;-0,20;;11
04/09/26;ACERINOX;PUT;Sep-26;18,00;18.36;30,08;-0,35;1;3
04/09/26;ACERINOX;PUT;Sep-26;18,50;18.36;29,27;-0,54;;25
04/09/26;ACERINOX;PUT;Oct-26;15,50;18.36;33,69;-0,06;;10
04/09/26;ACERINOX;PUT;Dic-26;9,50;18.36;42,51;;;1
04/09/26;ACERINOX;PUT;Dic-26;9,75;18.36;42,14;;;1
04/09/26;ACERINOX;PUT;Dic-26;10,00;18.36;41,77;;;97
04/09/26;ACERINOX;PUT;Dic-26;10,50;18.36;41,02;;;35
04/09/26;ACERINOX;PUT;Dic-26;11,00;18.36;40,28;-0,01;;51
04/09/26;ACERINOX;PUT;Dic-26;11,50;18.36;39,53;-0,01;;25
04/09/26;ACERINOX;PUT;Dic-26;12,00;18.36;38,79;-0,01;;75
04/09/26;ACERINOX;PUT;Dic-26;12,50;18.36;38,04;-0,02;;145
04/09/26;ACERINOX;PUT;Dic-26;13,00;18.36;37,30;-0,03;;10
04/09/26;ACERINOX;PUT;Dic-26;13,50;18.36;36,56;-0,05;;45
04/09/26;ACERINOX;PUT;Dic-26;15,00;18.36;34,32;-0,11;;20
04/09/26;ACERINOX;PUT;Dic-26;15,50;18.36;33,58;-0,14;;20
04/09/26;ACERINOX;PUT;Dic-26;17,00;18.36;31,34;-0,28;;30
04/09/26;ACERINOX;PUT;Dic-26;18,00;18.36;29,86;-0,41;;50
04/09/26;ACERINOX;PUT;Mar-27;8,00;18.36;42,58;;;2
04/09/26;ACERINOX;PUT;Mar-27;10,00;18.36;40,15;-0,01;;175
04/09/26;ACERINOX;PUT;Mar-27;10,50;18.36;39,54;-0,02;;60
04/09/26;ACERINOX;PUT;Mar-27;11,00;18.36;38,93;-0,03;;160
04/09/26;ACERINOX;PUT;Mar-27;11,50;18.36;38,32;-0,04;;126
04/09/26;ACERINOX;PUT;Mar-27;12,00;18.36;37,72;-0,05;;70
04/09/26;ACERINOX;PUT;Mar-27;13,50;18.36;35,89;-0,10;;7
04/09/26;ACERINOX;PUT;Mar-27;15,00;18.36;34,07;-0,18;;100
04/09/26;ACERINOX;PUT;Mar-27;15,50;18.36;33,46;-0,22;;11
04/09/26;ACERINOX;PUT;Mar-27;16,00;18.36;32,85;-0,25;;3
04/09/26;ACERINOX;PUT;Mar-27;17,00;18.36;31,63;-0,34;;10
04/09/26;ACERINOX;PUT;Jun-27;8,75;18.36;42,17;-0,01;;1
04/09/26;ACERINOX;PUT;Jun-27;10,00;18.36;40,65;-0,03;;243
04/09/26;ACERINOX;PUT;Jun-27;11,00;18.36;39,43;-0,05;;110
04/09/26;ACERINOX;PUT;Jun-27;15,00;18.36;34,57;-0,21;;10
04/09/26;ACERINOX;PUT;Sep-27;10,00;18.36;40,87;-0,05;;150
04/09/26;ACERINOX;PUT;Sep-27;10,50;18.36;40,24;-0,06;;150
04/09/26;ACERINOX;PUT;Sep-27;11,00;18.36;39,60;-0,07;;150
04/09/26;ACERINOX;PUT;Sep-27;11,50;18.36;38,97;-0,09;;150
04/09/26;ACERINOX;PUT;Sep-27;12,00;18.36;38,33;-0,10;;207
04/09/26;ACERINOX;PUT;Dic-27;12,00;18.36;37,09;-0,11;;150
04/09/26;ACERINOX;PUT;Mar-28;12,00;18.36;35,26;-0,12;;208
04/09/26;ACERINOX;PUT;Sep-28;18,00;18.36;29,36;-0,42;;138
04/09/26;ACS;CALL;Sep-26;105,00;102.1;32,67;0,35;;5
04/09/26;ACS;CALL;Sep-26;108,00;102.1;31,91;0,20;;20
04/09/26;ACS;CALL;Sep-26;110,00;102.1;31,40;0,12;;7
04/09/26;ACS;CALL;Sep-26;115,00;102.1;30,12;0,02;;45
04/09/26;ACS;CALL;Sep-26;120,00;102.1;28,85;;;21
04/09/26;ACS;CALL;Sep-26;125,00;102.1;27,58;;;6
04/09/26;ACS;CALL;Sep-26;130,00;102.1;26,31;;;104
04/09/26;ACS;CALL;Sep-26;140,00;102.1;23,76;;;12
04/09/26;ACS;CALL;Sep-26;145,00;102.1;22,49;;;22
04/09/26;ACS;CALL;Sep-26;150,00;102.1;21,21;;;3
04/09/26;ACS;CALL;Sep-26;155,00;102.1;19,94;;;5
04/09/26;ACS;CALL;Sep-26;165,00;102.1;17,39;;;5
04/09/26;ACS;CALL;Oct-26;110,00;102.1;32,28;0,28;;17
04/09/26;ACS;CALL;Oct-26;115,00;102.1;31,76;0,15;;4
04/09/26;ACS;CALL;Oct-26;120,00;102.1;31,24;0,07;;6
04/09/26;ACS;CALL;Oct-26;125,00;102.1;30,72;0,03;;1
04/09/26;ACS;CALL;Oct-26;130,00;102.1;30,20;0,01;;5
04/09/26;ACS;CALL;Oct-26;140,00;102.1;29,15;;;3
04/09/26;ACS;CALL;Nov-26;110,00;102.1;33,02;0,35;;1
04/09/26;ACS;CALL;Nov-26;120,00;102.1;32,99;0,17;;1
04/09/26;ACS;CALL;Nov-26;125,00;102.1;32,98;0,11;;1
04/09/26;ACS;CALL;Dic-26;86,00;102.1;38,18;0,84;;1
04/09/26;ACS;CALL;Dic-26;90,00;102.1;37,03;0,78;;25
04/09/26;ACS;CALL;Dic-26;92,00;102.1;36,45;0,75;;25
04/09/26;ACS;CALL;Dic-26;105,00;102.1;33,40;0,49;;2
04/09/26;ACS;CALL;Dic-26;110,00;102.1;33,14;0,39;;5
04/09/26;ACS;CALL;Dic-26;115,00;102.1;32,88;0,29;;87
04/09/26;ACS;CALL;Dic-26;120,00;102.1;32,61;0,21;;90
04/09/26;ACS;CALL;Dic-26;125,00;102.1;32,35;0,15;;86
04/09/26;ACS;CALL;Dic-26;130,00;102.1;32,09;0,10;;711
04/09/26;ACS;CALL;Dic-26;135,00;102.1;31,83;0,07;;4
04/09/26;ACS;CALL;Dic-26;140,00;102.1;31,57;0,04;;2
04/09/26;ACS;CALL;Dic-26;145,00;102.1;31,31;0,02;;9
04/09/26;ACS;CALL;Dic-26;150,00;102.1;31,05;0,01;;80
04/09/26;ACS;CALL;Dic-26;155,00;102.1;30,79;0,01;;15
04/09/26;ACS;CALL;Dic-26;160,00;102.1;30,53;;;15
04/09/26;ACS;CALL;Dic-26;165,00;102.1;30,26;;;25
04/09/26;ACS;CALL;Mar-27;92,00;102.1;36,49;0,71;;1
04/09/26;ACS;CALL;Mar-27;96,00;102.1;35,55;0,66;;1
04/09/26;ACS;CALL;Mar-27;100,00;102.1;34,61;0,60;;1
04/09/26;ACS;CALL;Mar-27;115,00;102.1;33,19;0,37;;5
04/09/26;ACS;CALL;Mar-27;140,00;102.1;31,40;0,11;;180
04/09/26;ACS;CALL;Mar-27;145,00;102.1;31,04;0,08;;5
04/09/26;ACS;CALL;Mar-27;150,00;102.1;30,68;0,06;;200
04/09/26;ACS;CALL;Mar-27;155,00;102.1;30,32;0,04;;20
04/09/26;ACS;CALL;Mar-27;160,00;102.1;29,96;0,03;;20
04/09/26;ACS;CALL;Mar-27;165,00;102.1;29,60;0,02;;60
04/09/26;ACS;CALL;Jun-27;54,00;102.1;45,41;0,97;;1
04/09/26;ACS;CALL;Jun-27;56,00;102.1;44,92;0,96;;2
04/09/26;ACS;CALL;Jun-27;88,00;102.1;37,08;0,75;;1
04/09/26;ACS;CALL;Jun-27;96,00;102.1;35,12;0,66;;25
04/09/26;ACS;CALL;Jun-27;100,00;102.1;34,14;0,61;;25
04/09/26;ACS;CALL;Jun-27;125,00;102.1;33,18;0,32;;16
04/09/26;ACS;CALL;Jun-27;165,00;102.1;32,40;0,07;;5
04/09/26;ACS;CALL;Sep-27;86,00;102.1;37,48;0,76;;25
04/09/26;ACS;CALL;Sep-27;105,00;102.1;33,78;0,55;;25
04/09/26;ACS;CALL;Dic-27;70,00;102.1;39,95;0,87;;60
04/09/26;ACS;CALL;Dic-27;88,00;102.1;36,19;0,73;;5
04/09/26;ACS;CALL;Dic-27;90,00;102.1;35,77;0,71;;5
04/09/26;ACS;CALL;Dic-27;94,00;102.1;34,93;0,67;;25
04/09/26;ACS;CALL;Dic-27;110,00;102.1;33,24;0,51;;250
04/09/26;ACS;CALL;Dic-27;130,00;102.1;33,24;0,34;;10
04/09/26;ACS;CALL;Mar-28;115,00;102.1;32,09;0,47;;1
04/09/26;ACS;PUT;Sep-26;50,00;102.1;49,28;;;25
04/09/26;ACS;PUT;Sep-26;52,00;102.1;48,64;;;50
04/09/26;ACS;PUT;Sep-26;54,00;102.1;48,00;;;50
04/09/26;ACS;PUT;Sep-26;56,00;102.1;47,36;;;51
04/09/26;ACS;PUT;Sep-26;66,00;102.1;44,16;;;25
04/09/26;ACS;PUT;Sep-26;68,00;102.1;43,52;;;25
04/09/26;ACS;PUT;Sep-26;70,00;102.1;42,88;;;25
04/09/26;ACS;PUT;Sep-26;72,00;102.1;42,24;;;1
04/09/26;ACS;PUT;Sep-26;76,00;102.1;40,96;;;42
04/09/26;ACS;PUT;Sep-26;78,00;102.1;40,32;;;52
04/09/26;ACS;PUT;Sep-26;80,00;102.1;39,68;;;27
04/09/26;ACS;PUT;Sep-26;84,00;102.1;38,40;;;25
04/09/26;ACS;PUT;Sep-26;88,00;102.1;37,12;-0,02;;1
04/09/26;ACS;PUT;Sep-26;90,00;102.1;36,48;-0,03;;25
04/09/26;ACS;PUT;Sep-26;94,00;102.1;35,20;-0,11;;5
04/09/26;ACS;PUT;Sep-26;96,00;102.1;34,56;-0,17;;9
04/09/26;ACS;PUT;Sep-26;98,00;102.1;33,92;-0,25;1;6
04/09/26;ACS;PUT;Sep-26;100,00;102.1;33,28;-0,36;;33
04/09/26;ACS;PUT;Sep-26;105,00;102.1;31,87;-0,66;;10
04/09/26;ACS;PUT;Sep-26;110,00;102.1;30,60;-0,89;6;31
04/09/26;ACS;PUT;Sep-26;115,00;102.1;29,32;-0,99;;4
04/09/26;ACS;PUT;Sep-26;120,00;102.1;28,05;-1,00;;5
04/09/26;ACS;PUT;Oct-26;84,00;102.1;37,26;-0,05;;1
04/09/26;ACS;PUT;Oct-26;88,00;102.1;36,02;-0,10;;2
04/09/26;ACS;PUT;Oct-26;90,00;102.1;35,40;-0,13;1;3
04/09/26;ACS;PUT;Oct-26;92,00;102.1;34,78;-0,17;1;1
04/09/26;ACS;PUT;Oct-26;100,00;102.1;32,30;-0,40;;1
04/09/26;ACS;PUT;Oct-26;110,00;102.1;30,82;-0,74;;6
04/09/26;ACS;PUT;Nov-26;78,00;102.1;38,82;-0,05;;1
04/09/26;ACS;PUT;Nov-26;92,00;102.1;34,52;-0,22;;1
04/09/26;ACS;PUT;Nov-26;100,00;102.1;32,06;-0,40;;1
04/09/26;ACS;PUT;Nov-26;110,00;102.1;31,39;-0,67;;1
04/09/26;ACS;PUT;Nov-26;115,00;102.1;31,38;-0,77;5;5
04/09/26;ACS;PUT;Dic-26;23,00;102.1;54,78;;;201
04/09/26;ACS;PUT;Dic-26;24,00;102.1;54,49;;;25
04/09/26;ACS;PUT;Dic-26;25,00;102.1;54,20;;;25
04/09/26;ACS;PUT;Dic-26;27,00;102.1;53,63;;;25
04/09/26;ACS;PUT;Dic-26;28,00;102.1;53,34;;;75
04/09/26;ACS;PUT;Dic-26;29,00;102.1;53,05;;;75
04/09/26;ACS;PUT;Dic-26;30,00;102.1;52,76;;;17
04/09/26;ACS;PUT;Dic-26;33,00;102.1;51,90;;;6
04/09/26;ACS;PUT;Dic-26;34,00;102.1;51,62;;;25
04/09/26;ACS;PUT;Dic-26;35,00;102.1;51,33;;;200
04/09/26;ACS;PUT;Dic-26;46,00;102.1;48,17;;;25
04/09/26;ACS;PUT;Dic-26;54,00;102.1;45,87;;;25
04/09/26;ACS;PUT;Dic-26;58,00;102.1;44,72;-0,01;;25
04/09/26;ACS;PUT;Dic-26;60,00;102.1;44,15;-0,01;;95
04/09/26;ACS;PUT;Dic-26;62,00;102.1;43,57;-0,01;;5
04/09/26;ACS;PUT;Dic-26;66,00;102.1;42,42;-0,02;;1
04/09/26;ACS;PUT;Dic-26;68,00;102.1;41,85;-0,03;;4
04/09/26;ACS;PUT;Dic-26;76,00;102.1;39,55;-0,06;;6
04/09/26;ACS;PUT;Dic-26;78,00;102.1;38,97;-0,08;;5
04/09/26;ACS;PUT;Dic-26;80,00;102.1;38,40;-0,09;;5
04/09/26;ACS;PUT;Dic-26;82,00;102.1;37,82;-0,11;;10
04/09/26;ACS;PUT;Dic-26;84,00;102.1;37,25;-0,14;;14
04/09/26;ACS;PUT;Dic-26;86,00;102.1;36,68;-0,16;;10
04/09/26;ACS;PUT;Dic-26;88,00;102.1;36,10;-0,19;;45
04/09/26;ACS;PUT;Dic-26;90,00;102.1;35,53;-0,22;;44
04/09/26;ACS;PUT;Dic-26;94,00;102.1;34,38;-0,28;;46
04/09/26;ACS;PUT;Dic-26;96,00;102.1;33,80;-0,32;;80
04/09/26;ACS;PUT;Dic-26;98,00;102.1;33,23;-0,36;;10
04/09/26;ACS;PUT;Dic-26;100,00;102.1;32,65;-0,41;;177
04/09/26;ACS;PUT;Dic-26;105,00;102.1;31,90;-0,52;;3
04/09/26;ACS;PUT;Dic-26;110,00;102.1;31,64;-0,63;;50
04/09/26;ACS;PUT;Dic-26;115,00;102.1;31,38;-0,73;;10
04/09/26;ACS;PUT;Dic-26;125,00;102.1;30,85;-0,88;;10
04/09/26;ACS;PUT;Mar-27;60,00;102.1;42,03;-0,03;;1
04/09/26;ACS;PUT;Mar-27;68,00;102.1;40,15;-0,06;;1
04/09/26;ACS;PUT;Mar-27;86,00;102.1;35,91;-0,21;;5
04/09/26;ACS;PUT;Mar-27;88,00;102.1;35,44;-0,23;;2
04/09/26;ACS;PUT;Mar-27;90,00;102.1;34,97;-0,26;;18
04/09/26;ACS;PUT;Mar-27;92,00;102.1;34,50;-0,29;;2
04/09/26;ACS;PUT;Mar-27;96,00;102.1;33,56;-0,34;;2
04/09/26;ACS;PUT;Mar-27;98,00;102.1;33,09;-0,38;;115
04/09/26;ACS;PUT;Mar-27;100,00;102.1;32,62;-0,41;;110
04/09/26;ACS;PUT;Mar-27;105,00;102.1;31,92;-0,49;;6
04/09/26;ACS;PUT;Mar-27;110,00;102.1;31,56;-0,57;;10
04/09/26;ACS;PUT;Jun-27;22,00;102.1;51,08;;;360
04/09/26;ACS;PUT;Jun-27;24,00;102.1;50,59;;;85
04/09/26;ACS;PUT;Jun-27;28,00;102.1;49,61;;;2
04/09/26;ACS;PUT;Jun-27;33,00;102.1;48,39;;;2
04/09/26;ACS;PUT;Jun-27;70,00;102.1;39,33;-0,10;;1
04/09/26;ACS;PUT;Jun-27;92,00;102.1;33,94;-0,30;;1
04/09/26;ACS;PUT;Sep-27;78,00;102.1;36,46;-0,18;;25
04/09/26;ACS;PUT;Sep-27;92,00;102.1;33,26;-0,32;;25
04/09/26;ACS;PUT;Dic-27;50,00;102.1;41,64;-0,04;;25
04/09/26;ACS;PUT;Dic-27;78,00;102.1;35,79;-0,19;;25
04/09/26;ACS;PUT;Dic-27;82,00;102.1;34,95;-0,22;;10
04/09/26;ACS;PUT;Dic-27;84,00;102.1;34,53;-0,24;;5
04/09/26;ACS;PUT;Dic-27;98,00;102.1;31,61;-0,38;;25
04/09/26;ACS;PUT;Dic-27;100,00;102.1;31,19;-0,41;;25
04/09/26;ACS;PUT;Dic-27;115,00;102.1;30,75;-0,57;;5
04/09/26;ACS;PUT;Jun-28;105,00;102.1;28,88;-0,45;;1
04/09/26;ACS;CALL;Dic-26;50,00;102.1;48,52;0,99;;1
04/09/26;ACS;PUT;Sep-26;140,00;102.1;22,96;-1,00;;5
04/09/26;AENA;CALL;Sep-26;24,00;25.82;24,72;0,94;;2
04/09/26;AENA;CALL;Sep-26;25,00;25.82;23,57;0,77;;25
04/09/26;AENA;CALL;Sep-26;26,00;25.82;22,50;0,45;;2
04/09/26;AENA;CALL;Sep-26;26,50;25.82;22,14;0,29;;1
04/09/26;AENA;CALL;Sep-26;27,00;25.82;21,78;0,16;;873
04/09/26;AENA;CALL;Sep-26;28,00;25.82;21,05;0,03;;3
04/09/26;AENA;CALL;Oct-26;25,00;25.82;23,81;0,68;;10
04/09/26;AENA;CALL;Oct-26;26,00;25.82;22,75;0,49;;1
04/09/26;AENA;CALL;Oct-26;27,00;25.82;22,03;0,30;;1
04/09/26;AENA;CALL;Oct-26;29,00;25.82;20,58;0,06;;10
04/09/26;AENA;CALL;Dic-26;26,00;25.82;22,69;0,53;;3
04/09/26;AENA;CALL;Dic-26;27,00;25.82;22,12;0,40;4;72
04/09/26;AENA;CALL;Dic-26;29,00;25.82;20,98;0,18;;6
04/09/26;AENA;CALL;Mar-27;21,00;25.82;28,02;0,88;;6
04/09/26;AENA;CALL;Mar-27;26,00;25.82;23,34;0,55;;3
04/09/26;AENA;CALL;Mar-27;27,00;25.82;22,90;0,46;;30
04/09/26;AENA;CALL;Jun-27;25,00;25.82;23,87;0,64;;2
04/09/26;AENA;CALL;Jun-27;29,00;25.82;22,03;0,31;;150
04/09/26;AENA;CALL;Jun-27;34,00;25.82;20,29;0,07;;100
04/09/26;AENA;CALL;Dic-27;23,00;25.82;25,45;0,74;;16
04/09/26;AENA;CALL;Dic-27;25,00;25.82;24,08;0,62;;25
04/09/26;AENA;CALL;Dic-27;28,00;25.82;22,87;0,42;;25
04/09/26;AENA;PUT;Sep-26;18,50;25.82;30,56;;;2
04/09/26;AENA;PUT;Sep-26;19,00;25.82;29,99;;;32
04/09/26;AENA;PUT;Sep-26;19,50;25.82;29,41;;;4
04/09/26;AENA;PUT;Sep-26;20,00;25.82;28,84;;;14
04/09/26;AENA;PUT;Sep-26;21,00;25.82;27,69;;;97
04/09/26;AENA;PUT;Sep-26;22,00;25.82;26,54;;;60
04/09/26;AENA;PUT;Sep-26;23,00;25.82;25,39;-0,01;;40
04/09/26;AENA;PUT;Sep-26;24,00;25.82;24,24;-0,06;;11
04/09/26;AENA;PUT;Sep-26;25,00;25.82;23,09;-0,23;7;12
04/09/26;AENA;PUT;Sep-26;26,00;25.82;22,02;-0,55;;1
04/09/26;AENA;PUT;Sep-26;26,50;25.82;21,66;-0,72;;1
04/09/26;AENA;PUT;Sep-26;27,00;25.82;21,30;-0,85;;53
04/09/26;AENA;PUT;Sep-26;27,50;25.82;20,94;-0,94;;1
04/09/26;AENA;PUT;Oct-26;25,00;25.82;23,19;-0,32;;3
04/09/26;AENA;PUT;Oct-26;26,00;25.82;22,13;-0,51;;1
04/09/26;AENA;PUT;Oct-26;27,00;25.82;21,41;-0,71;;1
04/09/26;AENA;PUT;Nov-26;23,00;25.82;25,50;-0,14;;1
04/09/26;AENA;PUT;Dic-26;18,00;25.82;30,46;-0,01;;2
04/09/26;AENA;PUT;Dic-26;19,00;25.82;29,41;-0,02;;3
04/09/26;AENA;PUT;Dic-26;19,50;25.82;28,89;-0,03;;12
04/09/26;AENA;PUT;Dic-26;20,00;25.82;28,37;-0,04;;4
04/09/26;AENA;PUT;Dic-26;21,00;25.82;27,32;-0,06;;5
04/09/26;AENA;PUT;Dic-26;22,00;25.82;26,27;-0,10;;207
04/09/26;AENA;PUT;Dic-26;23,00;25.82;25,23;-0,17;;2
04/09/26;AENA;PUT;Dic-26;24,00;25.82;24,18;-0,25;;2
04/09/26;AENA;PUT;Dic-26;25,00;25.82;23,14;-0,36;;31
04/09/26;AENA;PUT;Mar-27;18,00;25.82;29,34;-0,03;;2
04/09/26;AENA;PUT;Mar-27;20,00;25.82;27,43;-0,08;;500
04/09/26;AENA;PUT;Mar-27;20,50;25.82;26,95;-0,09;;1
04/09/26;AENA;PUT;Mar-27;21,00;25.82;26,47;-0,11;;9
04/09/26;AENA;PUT;Mar-27;22,00;25.82;25,52;-0,16;;6
04/09/26;AENA;PUT;Mar-27;24,00;25.82;23,61;-0,28;;3
04/09/26;AENA;PUT;Mar-27;26,00;25.82;21,79;-0,46;;6
04/09/26;AENA;PUT;Mar-27;32,00;25.82;19,16;-0,99;;1
04/09/26;AENA;PUT;Jun-27;18,00;25.82;26,75;-0,06;;1
04/09/26;AENA;PUT;Jun-27;19,00;25.82;25,86;-0,09;;1
04/09/26;AENA;PUT;Jun-27;23,00;25.82;22,29;-0,30;;6
04/09/26;AENA;PUT;Jun-27;24,00;25.82;21,40;-0,37;;1
04/09/26;AENA;PUT;Jun-27;25,00;25.82;20,51;-0,46;;25
04/09/26;AENA;PUT;Jun-27;26,00;25.82;19,72;-0,55;;26
04/09/26;AENA;PUT;Jun-27;27,00;25.82;19,37;-0,64;;25
04/09/26;AENA;PUT;Sep-27;18,00;25.82;25,66;-0,08;;1
04/09/26;AENA;PUT;Sep-27;23,00;25.82;21,85;-0,30;;1
04/09/26;ALMIRALL;CALL;Sep-26;11,50;10.42;27,14;0,04;;3
04/09/26;ALMIRALL;CALL;Sep-26;14,00;10.42;26,82;;;10
04/09/26;ALMIRALL;CALL;Dic-26;12,00;10.42;26,72;0,20;;4
04/09/26;ALMIRALL;PUT;Sep-26;10,50;10.42;28,27;-0,54;;3
04/09/26;ALMIRALL;PUT;Sep-26;12,00;10.42;28,08;-1,00;;1
04/09/26;ALMIRALL;PUT;Dic-26;11,00;10.42;27,99;-0,60;;4
04/09/26;AMADEUS;CALL;Sep-26;38,00;57.6;38,72;1,00;;1
04/09/26;AMADEUS;CALL;Sep-26;49,00;57.6;31,98;1,00;;25
04/09/26;AMADEUS;CALL;Sep-26;50,00;57.6;31,36;0,99;;150
04/09/26;AMADEUS;CALL;Sep-26;52,00;57.6;30,14;0,96;;873
04/09/26;AMADEUS;CALL;Sep-26;54,00;57.6;28,91;0,88;;4
04/09/26;AMADEUS;CALL;Sep-26;56,00;57.6;27,68;0,71;;459
04/09/26;AMADEUS;CALL;Sep-26;58,00;57.6;26,62;0,46;;31
04/09/26;AMADEUS;CALL;Sep-26;60,00;57.6;26,23;0,23;;27
04/09/26;AMADEUS;CALL;Sep-26;62,00;57.6;25,83;0,08;;1.001
04/09/26;AMADEUS;CALL;Sep-26;64,00;57.6;25,44;0,02;;2
04/09/26;AMADEUS;CALL;Sep-26;66,00;57.6;25,05;;;7
04/09/26;AMADEUS;CALL;Sep-26;70,00;57.6;24,26;;;31
04/09/26;AMADEUS;CALL;Sep-26;72,00;57.6;23,87;;;25
04/09/26;AMADEUS;CALL;Sep-26;74,00;57.6;23,47;;;25
04/09/26;AMADEUS;CALL;Sep-26;84,00;57.6;21,51;;;24
04/09/26;AMADEUS;CALL;Oct-26;48,00;57.6;32,89;0,96;;1
04/09/26;AMADEUS;CALL;Oct-26;56,00;57.6;28,07;0,65;;1
04/09/26;AMADEUS;CALL;Oct-26;60,00;57.6;26,67;0,35;1;5
04/09/26;AMADEUS;CALL;Oct-26;62,00;57.6;26,30;0,23;;992
04/09/26;AMADEUS;CALL;Oct-26;64,00;57.6;25,92;0,13;;1.302
04/09/26;AMADEUS;CALL;Oct-26;66,00;57.6;25,55;0,07;;2
04/09/26;AMADEUS;CALL;Nov-26;60,00;57.6;27,07;0,41;;50
04/09/26;AMADEUS;CALL;Nov-26;64,00;57.6;26,32;0,22;;443
04/09/26;AMADEUS;CALL;Nov-26;66,00;57.6;25,95;0,15;;443
04/09/26;AMADEUS;CALL;Nov-26;68,00;57.6;25,58;0,09;;1
04/09/26;AMADEUS;CALL;Dic-26;38,00;57.6;38,71;0,98;;4
04/09/26;AMADEUS;CALL;Dic-26;39,00;57.6;38,13;0,98;;25
04/09/26;AMADEUS;CALL;Dic-26;40,00;57.6;37,56;0,97;;11
04/09/26;AMADEUS;CALL;Dic-26;45,00;57.6;34,66;0,93;;11
04/09/26;AMADEUS;CALL;Dic-26;49,00;57.6;32,35;0,85;;1
04/09/26;AMADEUS;CALL;Dic-26;50,00;57.6;31,77;0,83;;13
04/09/26;AMADEUS;CALL;Dic-26;52,00;57.6;30,61;0,77;;500
04/09/26;AMADEUS;CALL;Dic-26;54,00;57.6;29,45;0,70;;13
04/09/26;AMADEUS;CALL;Dic-26;56,00;57.6;28,30;0,62;;26
04/09/26;AMADEUS;CALL;Dic-26;58,00;57.6;27,32;0,53;;25
04/09/26;AMADEUS;CALL;Dic-26;60,00;57.6;27,05;0,44;;501
04/09/26;AMADEUS;CALL;Dic-26;62,00;57.6;26,78;0,35;;25
04/09/26;AMADEUS;CALL;Dic-26;64,00;57.6;26,52;0,27;;27
04/09/26;AMADEUS;CALL;Dic-26;66,00;57.6;26,25;0,20;;73
04/09/26;AMADEUS;CALL;Dic-26;68,00;57.6;25,99;0,14;;25
04/09/26;AMADEUS;CALL;Dic-26;70,00;57.6;25,72;0,10;;1
04/09/26;AMADEUS;CALL;Dic-26;72,00;57.6;25,45;0,07;;28
04/09/26;AMADEUS;CALL;Dic-26;74,00;57.6;25,19;0,04;;6
04/09/26;AMADEUS;CALL;Dic-26;90,00;57.6;23,06;;;3
04/09/26;AMADEUS;CALL;Mar-27;40,00;57.6;37,05;0,94;;1
04/09/26;AMADEUS;CALL;Mar-27;52,00;57.6;30,59;0,73;;25
04/09/26;AMADEUS;CALL;Mar-27;54,00;57.6;29,52;0,67;;500
04/09/26;AMADEUS;CALL;Mar-27;56,00;57.6;28,44;0,61;;63
04/09/26;AMADEUS;CALL;Mar-27;58,00;57.6;27,54;0,54;25;60
04/09/26;AMADEUS;CALL;Mar-27;60,00;57.6;27,33;0,47;;1
04/09/26;AMADEUS;CALL;Mar-27;62,00;57.6;27,12;0,40;;300
04/09/26;AMADEUS;CALL;Mar-27;64,00;57.6;26,91;0,34;;10
04/09/26;AMADEUS;CALL;Mar-27;66,00;57.6;26,71;0,28;;3
04/09/26;AMADEUS;CALL;Jun-27;40,00;57.6;36,18;0,91;;1
04/09/26;AMADEUS;CALL;Jun-27;50,00;57.6;31,49;0,75;;1
04/09/26;AMADEUS;CALL;Jun-27;52,00;57.6;30,56;0,71;;25
04/09/26;AMADEUS;CALL;Jun-27;58,00;57.6;27,88;0,56;;25
04/09/26;AMADEUS;CALL;Jun-27;60,00;57.6;27,62;0,50;25;26
04/09/26;AMADEUS;CALL;Jun-27;62,00;57.6;27,37;0,45;25;50
04/09/26;AMADEUS;CALL;Jun-27;64,00;57.6;27,12;0,39;;26
04/09/26;AMADEUS;CALL;Jun-27;66,00;57.6;26,86;0,34;;25
04/09/26;AMADEUS;CALL;Jun-27;68,00;57.6;26,61;0,30;35;60
04/09/26;AMADEUS;CALL;Jun-27;72,00;57.6;26,10;0,21;;1
04/09/26;AMADEUS;CALL;Sep-27;49,00;57.6;32,39;0,76;;5
04/09/26;AMADEUS;CALL;Sep-27;66,00;57.6;27,55;0,37;;26
04/09/26;AMADEUS;CALL;Dic-27;56,00;57.6;29,87;0,61;25;25
04/09/26;AMADEUS;CALL;Dic-27;60,00;57.6;28,95;0,52;25;25
04/09/26;AMADEUS;CALL;Dic-27;72,00;57.6;27,28;0,29;;6
04/09/26;AMADEUS;PUT;Sep-26;38,00;57.6;39,85;;;8
04/09/26;AMADEUS;PUT;Sep-26;39,00;57.6;39,24;;;6
04/09/26;AMADEUS;PUT;Sep-26;40,00;57.6;38,63;;;1
04/09/26;AMADEUS;PUT;Sep-26;41,00;57.6;38,01;;;25
04/09/26;AMADEUS;PUT;Sep-26;42,00;57.6;37,40;;;717
04/09/26;AMADEUS;PUT;Sep-26;43,00;57.6;36,79;;;15
04/09/26;AMADEUS;PUT;Sep-26;44,00;57.6;36,17;;;230
04/09/26;AMADEUS;PUT;Sep-26;45,00;57.6;35,56;;;109
04/09/26;AMADEUS;PUT;Sep-26;46,00;57.6;34,95;;;3.537
04/09/26;AMADEUS;PUT;Sep-26;47,00;57.6;34,33;;;202
04/09/26;AMADEUS;PUT;Sep-26;48,00;57.6;33,72;;;94
04/09/26;AMADEUS;PUT;Sep-26;49,00;57.6;33,11;-0,01;;56
04/09/26;AMADEUS;PUT;Sep-26;50,00;57.6;32,49;-0,01;;30
04/09/26;AMADEUS;PUT;Sep-26;52,00;57.6;31,27;-0,04;;25
04/09/26;AMADEUS;PUT;Sep-26;54,00;57.6;30,04;-0,13;;33
04/09/26;AMADEUS;PUT;Sep-26;56,00;57.6;28,81;-0,30;;3
04/09/26;AMADEUS;PUT;Sep-26;58,00;57.6;27,75;-0,53;;25
04/09/26;AMADEUS;PUT;Sep-26;60,00;57.6;27,36;-0,77;;28
04/09/26;AMADEUS;PUT;Sep-26;66,00;57.6;26,18;-1,00;;25
04/09/26;AMADEUS;PUT;Sep-26;68,00;57.6;25,78;-1,00;;50
04/09/26;AMADEUS;PUT;Sep-26;70,00;57.6;25,39;-1,00;;50
04/09/26;AMADEUS;PUT;Oct-26;36,00;57.6;40,37;;;18
04/09/26;AMADEUS;PUT;Oct-26;39,00;57.6;38,56;;;2
04/09/26;AMADEUS;PUT;Oct-26;40,00;57.6;37,96;;;526
04/09/26;AMADEUS;PUT;Oct-26;45,00;57.6;34,95;-0,02;;1
04/09/26;AMADEUS;PUT;Oct-26;48,00;57.6;33,15;-0,04;;4
04/09/26;AMADEUS;PUT;Oct-26;49,00;57.6;32,55;-0,06;;1
04/09/26;AMADEUS;PUT;Oct-26;50,00;57.6;31,94;-0,08;;3
04/09/26;AMADEUS;PUT;Oct-26;52,00;57.6;30,74;-0,15;;6
04/09/26;AMADEUS;PUT;Oct-26;54,00;57.6;29,54;-0,24;;2
04/09/26;AMADEUS;PUT;Oct-26;58,00;57.6;27,30;-0,50;;10
04/09/26;AMADEUS;PUT;Nov-26;52,00;57.6;30,55;-0,20;;2
04/09/26;AMADEUS;PUT;Nov-26;54,00;57.6;29,36;-0,28;;1
04/09/26;AMADEUS;PUT;Dic-26;38,00;57.6;38,44;-0,02;;54
04/09/26;AMADEUS;PUT;Dic-26;39,00;57.6;37,86;-0,02;;174
04/09/26;AMADEUS;PUT;Dic-26;40,00;57.6;37,29;-0,03;;103
04/09/26;AMADEUS;PUT;Dic-26;42,00;57.6;36,13;-0,04;;2
04/09/26;AMADEUS;PUT;Dic-26;43,00;57.6;35,55;-0,05;;56
04/09/26;AMADEUS;PUT;Dic-26;44,00;57.6;34,97;-0,06;;15
04/09/26;AMADEUS;PUT;Dic-26;45,00;57.6;34,39;-0,07;;78
04/09/26;AMADEUS;PUT;Dic-26;46,00;57.6;33,81;-0,09;;38
04/09/26;AMADEUS;PUT;Dic-26;47,00;57.6;33,23;-0,10;;100
04/09/26;AMADEUS;PUT;Dic-26;48,00;57.6;32,66;-0,12;;2.022
04/09/26;AMADEUS;PUT;Dic-26;49,00;57.6;32,08;-0,15;;15
04/09/26;AMADEUS;PUT;Dic-26;50,00;57.6;31,50;-0,17;;867
04/09/26;AMADEUS;PUT;Dic-26;52,00;57.6;30,34;-0,23;;539
04/09/26;AMADEUS;PUT;Dic-26;54,00;57.6;29,18;-0,30;;91
04/09/26;AMADEUS;PUT;Dic-26;56,00;57.6;28,03;-0,38;;12
04/09/26;AMADEUS;PUT;Dic-26;58,00;57.6;27,05;-0,48;;1
04/09/26;AMADEUS;PUT;Dic-26;60,00;57.6;26,78;-0,57;;26
04/09/26;AMADEUS;PUT;Dic-26;62,00;57.6;26,51;-0,67;;3
04/09/26;AMADEUS;PUT;Dic-26;64,00;57.6;26,25;-0,75;;1
04/09/26;AMADEUS;PUT;Dic-26;68,00;57.6;25,72;-0,89;;25
04/09/26;AMADEUS;PUT;Dic-26;70,00;57.6;25,45;-0,94;;25
04/09/26;AMADEUS;PUT;Mar-27;38,00;57.6;36,79;-0,05;;116
04/09/26;AMADEUS;PUT;Mar-27;39,00;57.6;36,25;-0,05;;55
04/09/26;AMADEUS;PUT;Mar-27;40,00;57.6;35,71;-0,06;;3
04/09/26;AMADEUS;PUT;Mar-27;41,00;57.6;35,17;-0,07;;54
04/09/26;AMADEUS;PUT;Mar-27;42,00;57.6;34,64;-0,08;;2
04/09/26;AMADEUS;PUT;Mar-27;45,00;57.6;33,02;-0,13;;5
04/09/26;AMADEUS;PUT;Mar-27;46,00;57.6;32,48;-0,14;;10
04/09/26;AMADEUS;PUT;Mar-27;47,00;57.6;31,94;-0,16;;13
04/09/26;AMADEUS;PUT;Mar-27;48,00;57.6;31,41;-0,18;;515
04/09/26;AMADEUS;PUT;Mar-27;49,00;57.6;30,87;-0,20;;15
04/09/26;AMADEUS;PUT;Mar-27;50,00;57.6;30,33;-0,23;;1
04/09/26;AMADEUS;PUT;Mar-27;52,00;57.6;29,25;-0,28;;3
04/09/26;AMADEUS;PUT;Mar-27;54,00;57.6;28,18;-0,34;;11
04/09/26;AMADEUS;PUT;Mar-27;62,00;57.6;25,78;-0,62;;1
04/09/26;AMADEUS;PUT;Jun-27;38,00;57.6;35,65;-0,07;;65
04/09/26;AMADEUS;PUT;Jun-27;39,00;57.6;35,18;-0,08;;10
04/09/26;AMADEUS;PUT;Jun-27;42,00;57.6;33,77;-0,11;;25
04/09/26;AMADEUS;PUT;Jun-27;43,00;57.6;33,30;-0,12;;25
04/09/26;AMADEUS;PUT;Jun-27;44,00;57.6;32,84;-0,14;;3
04/09/26;AMADEUS;PUT;Jun-27;45,00;57.6;32,37;-0,15;;1
04/09/26;AMADEUS;PUT;Jun-27;46,00;57.6;31,90;-0,17;;25
04/09/26;AMADEUS;PUT;Jun-27;47,00;57.6;31,43;-0,19;;25
04/09/26;AMADEUS;PUT;Jun-27;48,00;57.6;30,96;-0,20;;53
04/09/26;AMADEUS;PUT;Jun-27;49,00;57.6;30,49;-0,22;;3
04/09/26;AMADEUS;PUT;Jun-27;50,00;57.6;30,02;-0,25;;24
04/09/26;AMADEUS;PUT;Jun-27;52,00;57.6;29,09;-0,29;;7
04/09/26;AMADEUS;PUT;Jun-27;54,00;57.6;28,15;-0,34;;13
04/09/26;AMADEUS;PUT;Jun-27;60,00;57.6;26,15;-0,52;;11
04/09/26;AMADEUS;PUT;Sep-27;52,00;57.6;28,67;-0,32;;1
04/09/26;AMADEUS;PUT;Sep-27;54,00;57.6;27,84;-0,36;;12
04/09/26;AMADEUS;PUT;Dic-27;46,00;57.6;30,58;-0,20;;50
04/09/26;AMADEUS;PUT;Dic-27;47,00;57.6;30,21;-0,22;;25
04/09/26;AMADEUS;PUT;Dic-27;48,00;57.6;29,84;-0,24;;51
04/09/26;AMADEUS;PUT;Dic-27;50,00;57.6;29,09;-0,28;;7
04/09/26;AMADEUS;PUT;Dic-27;52,00;57.6;28,35;-0,32;;3
04/09/26;AMADEUS;PUT;Dic-27;58,00;57.6;26,22;-0,46;;1
04/09/26;AMADEUS;PUT;Mar-28;49,00;57.6;28,79;-0,26;;1
04/09/26;AMADEUS;PUT;Jun-28;46,00;57.6;29,28;-0,22;;2
04/09/26;AMADEUS;PUT;Jun-28;48,00;57.6;28,68;-0,25;;6
04/09/26;AMADEUS;PUT;Jun-28;56,00;57.6;26,27;-0,40;;1
04/09/26;AMADEUS;PUT;Jun-28;60,00;57.6;25,54;-0,49;;3
04/09/26;AMADEUS;PUT;Jun-28;62,00;57.6;25,33;-0,53;;3
04/09/26;AMADEUS;PUT;Jun-28;70,00;57.6;24,50;-0,68;;2
04/09/26;AMADEUS;PUT;Sep-28;46,00;57.6;28,74;-0,23;;2
04/09/26;AMADEUS;PUT;Dic-26;44,00;57.6;34,97;-0,06;;1
04/09/26;AMADEUS;PUT;Dic-26;46,00;57.6;33,81;-0,09;;1
04/09/26;AMADEUS;PUT;Sep-27;60,00;57.6;25,98;-0,50;;1
04/09/26;ARCELORMITTAL;CALL;Sep-26;40,00;67.22;48,88;1,00;;25
04/09/26;ARCELORMITTAL;CALL;Sep-26;52,00;67.22;45,73;1,00;;2
04/09/26;ARCELORMITTAL;CALL;Sep-26;58,00;67.22;44,15;0,96;22;2
04/09/26;ARCELORMITTAL;CALL;Sep-26;62,00;67.22;43,10;0,84;;74
04/09/26;ARCELORMITTAL;CALL;Sep-26;64,00;67.22;42,58;0,74;2;28
04/09/26;ARCELORMITTAL;CALL;Sep-26;66,00;67.22;42,05;0,61;4;8
04/09/26;ARCELORMITTAL;CALL;Sep-26;68,00;67.22;41,19;0,46;2;11
04/09/26;ARCELORMITTAL;CALL;Sep-26;70,00;67.22;39,80;0,32;;114
04/09/26;ARCELORMITTAL;CALL;Sep-26;74,00;67.22;37,02;0,10;;25
04/09/26;ARCELORMITTAL;CALL;Sep-26;76,00;67.22;35,63;0,04;;25
04/09/26;ARCELORMITTAL;CALL;Sep-26;78,00;67.22;34,25;0,01;;100
04/09/26;ARCELORMITTAL;CALL;Sep-26;80,00;67.22;32,86;;;50
04/09/26;ARCELORMITTAL;CALL;Sep-26;84,00;67.22;30,08;;;104
04/09/26;ARCELORMITTAL;CALL;Oct-26;64,00;67.22;42,57;0,67;10;10
04/09/26;ARCELORMITTAL;CALL;Oct-26;66,00;67.22;42,05;0,59;;1
04/09/26;ARCELORMITTAL;CALL;Oct-26;68,00;67.22;41,39;0,50;1;2
04/09/26;ARCELORMITTAL;CALL;Oct-26;70,00;67.22;40,50;0,42;;35
04/09/26;ARCELORMITTAL;CALL;Oct-26;74,00;67.22;38,71;0,26;;3
04/09/26;ARCELORMITTAL;CALL;Dic-26;26,00;67.22;53,55;1,00;;4
04/09/26;ARCELORMITTAL;CALL;Dic-26;35,00;67.22;51,32;0,99;;3
04/09/26;ARCELORMITTAL;CALL;Dic-26;40,00;67.22;50,08;0,98;;2
04/09/26;ARCELORMITTAL;CALL;Dic-26;45,00;67.22;48,84;0,95;;10
04/09/26;ARCELORMITTAL;CALL;Dic-26;50,00;67.22;47,60;0,90;;149
04/09/26;ARCELORMITTAL;CALL;Dic-26;56,00;67.22;46,11;0,81;;1
04/09/26;ARCELORMITTAL;CALL;Dic-26;60,00;67.22;45,12;0,73;;10
04/09/26;ARCELORMITTAL;CALL;Dic-26;70,00;67.22;42,97;0,49;;26
04/09/26;ARCELORMITTAL;CALL;Dic-26;72,00;67.22;42,71;0,44;;53
04/09/26;ARCELORMITTAL;CALL;Dic-26;74,00;67.22;42,46;0,39;;5
04/09/26;ARCELORMITTAL;CALL;Dic-26;76,00;67.22;42,20;0,34;;30
04/09/26;ARCELORMITTAL;CALL;Dic-26;88,00;67.22;40,65;0,14;;25
04/09/26;ARCELORMITTAL;CALL;Jun-27;21,00;67.22;52,68;1,00;;3
04/09/26;ARCELORMITTAL;CALL;Dic-29;30,00;67.22;37,34;0,95;;1
04/09/26;ARCELORMITTAL;PUT;Sep-26;24,00;67.22;50,44;;;1
04/09/26;ARCELORMITTAL;PUT;Sep-26;38,00;67.22;46,76;;;5
04/09/26;ARCELORMITTAL;PUT;Sep-26;40,00;67.22;46,23;;;2
04/09/26;ARCELORMITTAL;PUT;Sep-26;44,00;67.22;45,18;;;25
04/09/26;ARCELORMITTAL;PUT;Sep-26;45,00;67.22;44,92;;;50
04/09/26;ARCELORMITTAL;PUT;Sep-26;46,00;67.22;44,66;;;25
04/09/26;ARCELORMITTAL;PUT;Sep-26;54,00;67.22;42,55;;;1
04/09/26;ARCELORMITTAL;PUT;Sep-26;56,00;67.22;42,03;-0,01;;1
04/09/26;ARCELORMITTAL;PUT;Sep-26;58,00;67.22;41,50;-0,03;;42
04/09/26;ARCELORMITTAL;PUT;Sep-26;68,00;67.22;38,54;-0,54;25;25
04/09/26;ARCELORMITTAL;PUT;Oct-26;50,00;67.22;44,41;-0,02;;25
04/09/26;ARCELORMITTAL;PUT;Oct-26;62,00;67.22;41,32;-0,25;;10
04/09/26;ARCELORMITTAL;PUT;Dic-26;34,00;67.22;50,46;;;5
04/09/26;ARCELORMITTAL;PUT;Dic-26;35,00;67.22;50,21;;;5
04/09/26;ARCELORMITTAL;PUT;Dic-26;37,00;67.22;49,71;-0,01;;5
04/09/26;ARCELORMITTAL;PUT;Dic-26;39,00;67.22;49,22;-0,01;;1
04/09/26;ARCELORMITTAL;PUT;Dic-26;40,00;67.22;48,97;-0,02;;3
04/09/26;ARCELORMITTAL;PUT;Dic-26;45,00;67.22;47,73;-0,04;;32
04/09/26;ARCELORMITTAL;PUT;Dic-26;46,00;67.22;47,48;-0,05;;1
04/09/26;ARCELORMITTAL;PUT;Dic-26;49,00;67.22;46,74;-0,08;;50
04/09/26;ARCELORMITTAL;PUT;Dic-26;50,00;67.22;46,49;-0,09;;25
04/09/26;ARCELORMITTAL;PUT;Dic-26;54,00;67.22;45,50;-0,15;;5
04/09/26;ARCELORMITTAL;PUT;Dic-26;60,00;67.22;44,01;-0,27;;115
04/09/26;ARCELORMITTAL;PUT;Dic-26;62,00;67.22;43,51;-0,32;;20
04/09/26;ARCELORMITTAL;PUT;Mar-27;36,00;67.22;47,39;-0,02;;5
04/09/26;ARCELORMITTAL;PUT;Dic-27;24,00;67.22;43,91;-0,01;;1
04/09/26;ARCELORMITTAL;PUT;Dic-30;44,00;67.22;34,13;-0,14;;1
04/09/26;ATRESMEDIA;CALL;Sep-26;5,00;5.14;20,44;0,77;;1
04/09/26;ATRESMEDIA;CALL;Sep-26;5,25;5.14;19,20;0,30;;1
04/09/26;ATRESMEDIA;CALL;Sep-26;5,50;5.14;17,66;0,03;;1
04/09/26;ATRESMEDIA;CALL;Oct-26;5,25;5.14;22,40;0,42;;24
04/09/26;ATRESMEDIA;CALL;Dic-26;5,25;5.14;23,16;0,48;;11
04/09/26;ATRESMEDIA;CALL;Dic-26;5,50;5.14;21,70;0,31;;6
04/09/26;ATRESMEDIA;CALL;Dic-26;5,75;5.14;20,24;0,17;;10
04/09/26;ATRESMEDIA;CALL;Dic-26;6,00;5.14;18,78;0,07;;2
04/09/26;ATRESMEDIA;CALL;Mar-27;3,40;5.14;28,80;1,00;;2
04/09/26;ATRESMEDIA;CALL;Mar-27;5,00;5.14;24,24;0,61;;32
04/09/26;ATRESMEDIA;PUT;Sep-26;4,60;5.14;16,88;;;3
04/09/26;ATRESMEDIA;PUT;Sep-26;4,80;5.14;16,08;-0,01;;4
04/09/26;ATRESMEDIA;PUT;Sep-26;4,90;5.14;15,67;-0,06;;1
04/09/26;ATRESMEDIA;PUT;Dic-26;4,50;5.14;21,04;-0,16;;18
04/09/26;ATRESMEDIA;PUT;Dic-26;5,00;5.14;18,96;-0,48;;3
04/09/26;ATRESMEDIA;PUT;Dic-26;5,50;5.14;16,28;-0,85;;25
04/09/26;ATRESMEDIA;PUT;Dic-26;6,00;5.14;13,36;-0,99;;20
04/09/26;ATRESMEDIA;PUT;Mar-27;4,50;5.14;22,03;-0,23;;5
04/09/26;ATRESMEDIA;PUT;Jun-27;4,00;5.14;25,34;-0,18;;5
04/09/26;ATRESMEDIA;PUT;Jun-27;4,50;5.14;24,37;-0,34;;2
04/09/26;ATRESMEDIA;PUT;Jun-27;4,60;5.14;24,17;-0,38;;2
04/09/26;B.SABADELL;CALL;Sep-26;2,14;3.73;30,54;1,00;;117
04/09/26;B.SABADELL;CALL;Sep-26;2,56;3.73;29,33;1,00;;20
04/09/26;B.SABADELL;CALL;Sep-26;2,91;3.73;28,33;1,00;;52
04/09/26;B.SABADELL;CALL;Sep-26;2,99;3.73;28,10;1,00;;30
04/09/26;B.SABADELL;CALL;Sep-26;3,16;3.73;27,62;1,00;;2
04/09/26;B.SABADELL;CALL;Sep-26;3,25;3.73;27,36;1,00;;300
04/09/26;B.SABADELL;CALL;Sep-26;3,33;3.73;27,13;0,99;;8
04/09/26;B.SABADELL;CALL;Sep-26;3,42;3.73;26,87;0,95;;8
04/09/26;B.SABADELL;CALL;Sep-26;3,50;3.73;26,65;0,89;;40
04/09/26;B.SABADELL;CALL;Sep-26;3,59;3.73;26,39;0,78;;12
04/09/26;B.SABADELL;CALL;Sep-26;3,68;3.73;26,13;0,62;;1
04/09/26;B.SABADELL;CALL;Oct-26;3,59;3.73;27,58;0,68;;1
04/09/26;B.SABADELL;CALL;Dic-26;2,48;3.73;29,84;1,00;;50
04/09/26;B.SABADELL;CALL;Dic-26;2,74;3.73;29,08;0,98;;28
04/09/26;B.SABADELL;CALL;Dic-26;2,82;3.73;28,84;0,97;;3
04/09/26;B.SABADELL;CALL;Dic-26;2,99;3.73;28,34;0,94;;7
04/09/26;B.SABADELL;CALL;Dic-26;3,08;3.73;28,07;0,92;;664
04/09/26;B.SABADELL;CALL;Dic-26;3,25;3.73;27,57;0,85;;11
04/09/26;B.SABADELL;CALL;Dic-26;3,33;3.73;27,34;0,81;;10
04/09/26;B.SABADELL;CALL;Dic-26;3,50;3.73;26,84;0,71;;10
04/09/26;B.SABADELL;CALL;Dic-26;3,59;3.73;26,57;0,65;;41
04/09/26;B.SABADELL;CALL;Dic-26;3,68;3.73;26,30;0,58;;25
04/09/26;B.SABADELL;CALL;Dic-26;3,85;3.73;25,77;0,46;40;40
04/09/26;B.SABADELL;CALL;Mar-27;2,22;3.73;31,05;1,00;;20
04/09/26;B.SABADELL;CALL;Mar-27;2,74;3.73;29,75;0,96;;10
04/09/26;B.SABADELL;CALL;Mar-27;2,91;3.73;29,32;0,92;;38
04/09/26;B.SABADELL;CALL;Mar-27;3,16;3.73;28,69;0,84;;80
04/09/26;B.SABADELL;CALL;Mar-27;3,33;3.73;28,27;0,76;;2
04/09/26;B.SABADELL;CALL;Mar-27;3,42;3.73;28,04;0,72;;9
04/09/26;B.SABADELL;CALL;Mar-27;3,50;3.73;27,84;0,67;;3
04/09/26;B.SABADELL;CALL;Mar-27;3,59;3.73;27,62;0,62;;50
04/09/26;B.SABADELL;CALL;Mar-27;3,93;3.73;26,70;0,43;100;100
04/09/26;B.SABADELL;CALL;Jun-27;2,99;3.73;30,95;0,86;;6
04/09/26;B.SABADELL;CALL;Jun-27;3,33;3.73;30,19;0,73;;90
04/09/26;B.SABADELL;CALL;Jun-27;3,59;3.73;29,61;0,61;;2
04/09/26;B.SABADELL;CALL;Jun-27;3,68;3.73;29,41;0,57;;4
04/09/26;B.SABADELL;CALL;Jun-27;3,76;3.73;29,23;0,53;;3
04/09/26;B.SABADELL;CALL;Jun-27;3,93;3.73;28,81;0,46;;1
04/09/26;B.SABADELL;CALL;Jun-27;4,02;3.73;28,60;0,42;;11
04/09/26;B.SABADELL;PUT;Sep-26;2,22;3.73;22,30;;;5.249
04/09/26;B.SABADELL;PUT;Sep-26;2,48;3.73;21,55;;;1
04/09/26;B.SABADELL;PUT;Sep-26;2,65;3.73;21,07;;;26
04/09/26;B.SABADELL;PUT;Sep-26;2,74;3.73;20,81;;;23
04/09/26;B.SABADELL;PUT;Sep-26;2,82;3.73;20,58;;;5
04/09/26;B.SABADELL;PUT;Sep-26;2,91;3.73;20,32;;;5
04/09/26;B.SABADELL;PUT;Sep-26;2,99;3.73;20,09;;;15
04/09/26;B.SABADELL;PUT;Sep-26;3,08;3.73;19,84;;;30
04/09/26;B.SABADELL;PUT;Sep-26;3,16;3.73;19,61;;;5
04/09/26;B.SABADELL;PUT;Sep-26;3,33;3.73;19,12;;;30
04/09/26;B.SABADELL;PUT;Sep-26;3,50;3.73;18,64;-0,04;;62
04/09/26;B.SABADELL;PUT;Sep-26;3,59;3.73;18,38;-0,14;;1
04/09/26;B.SABADELL;PUT;Sep-26;3,68;3.73;18,12;-0,34;;1
04/09/26;B.SABADELL;PUT;Nov-26;3,42;3.73;21,94;-0,17;;5
04/09/26;B.SABADELL;PUT;Dic-26;2,48;3.73;25,44;;;411
04/09/26;B.SABADELL;PUT;Dic-26;2,56;3.73;25,21;;;10
04/09/26;B.SABADELL;PUT;Dic-26;2,65;3.73;24,94;;;10
04/09/26;B.SABADELL;PUT;Dic-26;2,74;3.73;24,68;-0,01;;20
04/09/26;B.SABADELL;PUT;Dic-26;2,82;3.73;24,44;-0,01;;21
04/09/26;B.SABADELL;PUT;Dic-26;2,91;3.73;24,18;-0,02;;2
04/09/26;B.SABADELL;PUT;Dic-26;2,99;3.73;23,94;-0,03;;10
04/09/26;B.SABADELL;PUT;Dic-26;3,08;3.73;23,67;-0,05;;52
04/09/26;B.SABADELL;PUT;Dic-26;3,16;3.73;23,44;-0,08;;60
04/09/26;B.SABADELL;PUT;Dic-26;3,42;3.73;22,67;-0,21;;40
04/09/26;B.SABADELL;PUT;Dic-26;3,50;3.73;22,44;-0,26;;50
04/09/26;B.SABADELL;PUT;Dic-26;3,68;3.73;21,90;-0,42;;40
04/09/26;B.SABADELL;PUT;Mar-27;2,48;3.73;26,54;-0,01;;1
04/09/26;B.SABADELL;PUT;Mar-27;2,65;3.73;26,11;-0,03;;20
04/09/26;B.SABADELL;PUT;Mar-27;2,82;3.73;25,69;-0,06;;113
04/09/26;B.SABADELL;PUT;Mar-27;2,99;3.73;25,26;-0,11;;205
04/09/26;B.SABADELL;PUT;Mar-27;3,08;3.73;25,03;-0,14;;200
04/09/26;B.SABADELL;PUT;Mar-27;3,33;3.73;24,41;-0,25;;141
04/09/26;B.SABADELL;PUT;Mar-27;3,42;3.73;24,18;-0,30;;3
04/09/26;B.SABADELL;PUT;Mar-27;3,59;3.73;23,76;-0,40;;100
04/09/26;B.SABADELL;PUT;Jun-27;2,74;3.73;26,70;-0,09;;5
04/09/26;B.SABADELL;PUT;Sep-27;2,39;3.73;27,77;-0,05;;5
04/09/26;B.SABADELL;PUT;Dic-27;2,74;3.73;27,23;-0,14;;1.538
04/09/26;B.SABADELL;PUT;Dic-27;2,82;3.73;27,08;-0,16;;3.026
04/09/26;B.SABADELL;PUT;Mar-28;2,56;3.73;29,18;-0,13;;830
04/09/26;B.SABADELL;PUT;Mar-28;2,74;3.73;28,87;-0,17;;769
04/09/26;B.SABADELL;PUT;Mar-28;2,82;3.73;28,73;-0,20;;758
04/09/26;B.SABADELL;PUT;Mar-28;2,91;3.73;28,58;-0,22;;742
04/09/26;B.SABADELL;PUT;Dic-26;2,48;3.73;25,44;;;10
04/09/26;BANKINTER;CALL;Sep-26;13,50;16.87;27,57;1,00;;23
04/09/26;BANKINTER;CALL;Sep-26;14,00;16.87;26,53;1,00;;9
04/09/26;BANKINTER;CALL;Sep-26;14,50;16.87;25,50;1,00;;1
04/09/26;BANKINTER;CALL;Sep-26;15,00;16.87;24,46;0,99;;2
04/09/26;BANKINTER;CALL;Sep-26;16,50;16.87;21,35;0,72;;10
04/09/26;BANKINTER;CALL;Oct-26;15,00;16.87;26,27;0,92;;10
04/09/26;BANKINTER;CALL;Oct-26;17,50;16.87;22,19;0,34;;10
04/09/26;BANKINTER;CALL;Dic-26;13,50;16.87;30,13;0,95;;11
04/09/26;BANKINTER;CALL;Dic-26;14,00;16.87;29,15;0,92;;2
04/09/26;BANKINTER;CALL;Dic-26;15,00;16.87;27,20;0,84;;10
04/09/26;BANKINTER;CALL;Dic-26;15,50;16.87;26,22;0,78;;10
04/09/26;BANKINTER;CALL;Dic-26;16,00;16.87;25,24;0,70;;50
04/09/26;BANKINTER;CALL;Dic-26;17,00;16.87;23,50;0,52;;100
04/09/26;BANKINTER;CALL;Mar-27;15,00;16.87;27,40;0,77;;21
04/09/26;BANKINTER;CALL;Mar-27;16,50;16.87;24,94;0,59;;100
04/09/26;BANKINTER;CALL;Mar-27;17,00;16.87;24,29;0,51;;100
04/09/26;BANKINTER;CALL;Jun-27;14,50;16.87;28,45;0,78;;1
04/09/26;BANKINTER;CALL;Jun-27;15,50;16.87;27,03;0,68;;1
04/09/26;BANKINTER;CALL;Jun-27;16,00;16.87;26,32;0,63;;25
04/09/26;BANKINTER;CALL;Jun-27;16,50;16.87;25,61;0,58;;1
04/09/26;BANKINTER;CALL;Dic-27;14,50;16.87;27,87;0,75;;3
04/09/26;BANKINTER;CALL;Dic-27;15,50;16.87;26,78;0,66;;1
04/09/26;BANKINTER;CALL;Dic-27;17,00;16.87;25,26;0,54;;25
04/09/26;BANKINTER;PUT;Sep-26;6,50;16.87;41,98;;;31
04/09/26;BANKINTER;PUT;Sep-26;7,00;16.87;40,95;;;1
04/09/26;BANKINTER;PUT;Sep-26;10,50;16.87;33,69;;;3
04/09/26;BANKINTER;PUT;Sep-26;11,00;16.87;32,65;;;3
04/09/26;BANKINTER;PUT;Sep-26;11,50;16.87;31,61;;;4
04/09/26;BANKINTER;PUT;Sep-26;12,50;16.87;29,54;;;2
04/09/26;BANKINTER;PUT;Sep-26;13,00;16.87;28,50;;;20
04/09/26;BANKINTER;PUT;Sep-26;13,50;16.87;27,46;;;10
04/09/26;BANKINTER;PUT;Sep-26;14,00;16.87;26,42;;;10
04/09/26;BANKINTER;PUT;Sep-26;15,00;16.87;24,35;-0,01;;5
04/09/26;BANKINTER;PUT;Sep-26;15,50;16.87;23,31;-0,03;20;20
04/09/26;BANKINTER;PUT;Sep-26;16,50;16.87;21,24;-0,28;;3
04/09/26;BANKINTER;PUT;Oct-26;14,50;16.87;26,98;-0,04;;10
04/09/26;BANKINTER;PUT;Dic-26;7,25;16.87;41,30;;;1
04/09/26;BANKINTER;PUT;Dic-26;11,00;16.87;33,96;-0,01;;1
04/09/26;BANKINTER;PUT;Dic-26;12,00;16.87;32,01;-0,02;;1.020
04/09/26;BANKINTER;PUT;Dic-26;12,50;16.87;31,03;-0,04;;114
04/09/26;BANKINTER;PUT;Dic-26;13,00;16.87;30,05;-0,05;;20
04/09/26;BANKINTER;PUT;Dic-26;13,50;16.87;29,07;-0,08;;3.360
04/09/26;BANKINTER;PUT;Dic-26;14,00;16.87;28,09;-0,11;;25
04/09/26;BANKINTER;PUT;Dic-26;15,00;16.87;26,14;-0,21;;5
04/09/26;BANKINTER;PUT;Dic-26;16,00;16.87;24,18;-0,36;;25
04/09/26;BANKINTER;PUT;Mar-27;13,50;16.87;27,92;-0,13;;1.008
04/09/26;BANKINTER;PUT;Mar-27;15,50;16.87;24,64;-0,31;;75
04/09/26;BANKINTER;PUT;Jun-27;11,00;16.87;30,67;-0,05;;222
04/09/26;BANKINTER;PUT;Jun-27;12,50;16.87;28,54;-0,10;;3
04/09/26;BANKINTER;PUT;Jun-27;13,50;16.87;27,11;-0,16;;1.000
04/09/26;BANKINTER;PUT;Dic-27;10,50;16.87;28,55;-0,06;;1.000
04/09/26;BANKINTER;PUT;Dic-27;11,00;16.87;28,01;-0,08;;50
04/09/26;BANKINTER;PUT;Dic-27;15,00;16.87;23,66;-0,32;;25
04/09/26;BANKINTER;PUT;Mar-28;13,00;16.87;26,71;-0,19;;194
04/09/26;BANKINTER;PUT;Mar-28;14,00;16.87;25,80;-0,25;;175
04/09/26;BBVA;CALL;Sep-26;13,50;25.39;52,50;1,00;;75
04/09/26;BBVA;CALL;Sep-26;14,00;25.39;51,39;1,00;;75
04/09/26;BBVA;CALL;Sep-26;14,50;25.39;50,28;1,00;;75
04/09/26;BBVA;CALL;Sep-26;15,00;25.39;49,17;1,00;;152
04/09/26;BBVA;CALL;Sep-26;15,50;25.39;48,06;1,00;;150
04/09/26;BBVA;CALL;Sep-26;16,00;25.39;46,95;1,00;;300
04/09/26;BBVA;CALL;Sep-26;16,50;25.39;45,84;1,00;;300
04/09/26;BBVA;CALL;Sep-26;17,00;25.39;44,74;1,00;;1.950
04/09/26;BBVA;CALL;Sep-26;17,50;25.39;43,63;1,00;;5.000
04/09/26;BBVA;CALL;Sep-26;18,50;25.39;41,41;1,00;;151
04/09/26;BBVA;CALL;Sep-26;19,00;25.39;40,30;1,00;;4.260
04/09/26;BBVA;CALL;Sep-26;19,50;25.39;39,19;1,00;;250
04/09/26;BBVA;CALL;Sep-26;20,00;25.39;38,08;1,00;;7.148
04/09/26;BBVA;CALL;Sep-26;21,00;25.39;35,86;1,00;;2.009
04/09/26;BBVA;CALL;Sep-26;22,00;25.39;33,64;0,99;;534
04/09/26;BBVA;CALL;Sep-26;23,00;25.39;31,42;0,95;;150
04/09/26;BBVA;CALL;Sep-26;24,00;25.39;29,20;0,85;;57
04/09/26;BBVA;CALL;Sep-26;25,00;25.39;26,99;0,63;150;540
04/09/26;BBVA;CALL;Sep-26;25,50;25.39;26,08;0,48;;103
04/09/26;BBVA;CALL;Sep-26;26,00;25.39;25,90;0,34;150;1.230
04/09/26;BBVA;CALL;Sep-26;27,00;25.39;25,53;0,12;;130
04/09/26;BBVA;CALL;Oct-26;25,00;25.39;26,72;0,60;1;4
04/09/26;BBVA;CALL;Oct-26;26,00;25.39;25,77;0,41;;7
04/09/26;BBVA;CALL;Oct-26;27,00;25.39;25,42;0,24;;110
04/09/26;BBVA;CALL;Dic-26;13,00;25.39;50,17;1,00;;25
04/09/26;BBVA;CALL;Dic-26;15,00;25.39;46,62;1,00;;30
04/09/26;BBVA;CALL;Dic-26;16,00;25.39;44,85;1,00;;3.960
04/09/26;BBVA;CALL;Dic-26;16,50;25.39;43,97;0,99;;50
04/09/26;BBVA;CALL;Dic-26;17,00;25.39;43,08;0,99;;4.311
04/09/26;BBVA;CALL;Dic-26;17,50;25.39;42,19;0,98;;650
04/09/26;BBVA;CALL;Dic-26;18,00;25.39;41,31;0,98;;158
04/09/26;BBVA;CALL;Dic-26;18,50;25.39;40,42;0,97;;8
04/09/26;BBVA;CALL;Dic-26;19,00;25.39;39,54;0,96;;2.502
04/09/26;BBVA;CALL;Dic-26;19,50;25.39;38,65;0,94;;3
04/09/26;BBVA;CALL;Dic-26;20,00;25.39;37,76;0,93;;162
04/09/26;BBVA;CALL;Dic-26;21,00;25.39;35,99;0,88;;3.517
04/09/26;BBVA;CALL;Dic-26;22,00;25.39;34,22;0,82;;22
04/09/26;BBVA;CALL;Dic-26;23,00;25.39;32,45;0,75;;2.211
04/09/26;BBVA;CALL;Dic-26;24,00;25.39;30,67;0,66;;2
04/09/26;BBVA;CALL;Dic-26;25,00;25.39;28,90;0,56;;244
04/09/26;BBVA;CALL;Dic-26;26,00;25.39;28,00;0,45;;277
04/09/26;BBVA;CALL;Dic-26;27,00;25.39;27,66;0,35;3;152
04/09/26;BBVA;CALL;Dic-26;28,00;25.39;27,32;0,26;;17
04/09/26;BBVA;CALL;Mar-27;9,50;25.39;51,81;1,00;;25
04/09/26;BBVA;CALL;Mar-27;12,00;25.39;48,16;1,00;;25
04/09/26;BBVA;CALL;Mar-27;13,00;25.39;46,71;1,00;;1
04/09/26;BBVA;CALL;Mar-27;15,50;25.39;43,06;0,98;;5
04/09/26;BBVA;CALL;Mar-27;16,00;25.39;42,33;0,97;;905
04/09/26;BBVA;CALL;Mar-27;16,50;25.39;41,61;0,96;;250
04/09/26;BBVA;CALL;Mar-27;17,50;25.39;40,15;0,93;;40
04/09/26;BBVA;CALL;Mar-27;18,00;25.39;39,42;0,92;;101
04/09/26;BBVA;CALL;Mar-27;19,00;25.39;37,96;0,89;;109
04/09/26;BBVA;CALL;Mar-27;20,00;25.39;36,50;0,85;;3.053
04/09/26;BBVA;CALL;Mar-27;20,50;25.39;35,78;0,83;2;1
04/09/26;BBVA;CALL;Mar-27;21,50;25.39;34,32;0,78;;4.000
04/09/26;BBVA;CALL;Mar-27;22,00;25.39;33,59;0,76;;4.055
04/09/26;BBVA;CALL;Mar-27;23,00;25.39;32,13;0,70;;161
04/09/26;BBVA;CALL;Mar-27;24,00;25.39;30,68;0,64;;381
04/09/26;BBVA;CALL;Mar-27;25,00;25.39;29,22;0,57;;11.721
04/09/26;BBVA;CALL;Mar-27;26,00;25.39;28,49;0,49;150;500
04/09/26;BBVA;CALL;Mar-27;27,00;25.39;28,23;0,42;;500
04/09/26;BBVA;CALL;Mar-27;28,00;25.39;27,96;0,35;;200
04/09/26;BBVA;CALL;Jun-27;12,00;25.39;48,12;1,00;;150
04/09/26;BBVA;CALL;Jun-27;12,50;25.39;47,44;1,00;;25
04/09/26;BBVA;CALL;Jun-27;13,00;25.39;46,76;1,00;;1
04/09/26;BBVA;CALL;Jun-27;15,00;25.39;44,06;0,97;;3
04/09/26;BBVA;CALL;Jun-27;17,00;25.39;41,36;0,92;;6.000
04/09/26;BBVA;CALL;Jun-27;20,00;25.39;37,30;0,83;;150
04/09/26;BBVA;CALL;Jun-27;21,00;25.39;35,95;0,79;;2.600
04/09/26;BBVA;CALL;Jun-27;22,00;25.39;34,59;0,74;;3.150
04/09/26;BBVA;CALL;Jun-27;23,00;25.39;33,24;0,69;;27
04/09/26;BBVA;CALL;Jun-27;24,00;25.39;31,89;0,63;;30
04/09/26;BBVA;CALL;Jun-27;25,00;25.39;30,54;0,57;;1.760
04/09/26;BBVA;CALL;Jun-27;26,00;25.39;29,83;0,51;;15
04/09/26;BBVA;CALL;Jun-27;27,00;25.39;29,52;0,45;;12
04/09/26;BBVA;CALL;Sep-27;11,50;25.39;47,13;1,00;;150
04/09/26;BBVA;CALL;Sep-27;12,00;25.39;46,52;1,00;;150
04/09/26;BBVA;CALL;Sep-27;15,00;25.39;42,86;0,96;;2
04/09/26;BBVA;CALL;Sep-27;20,00;25.39;36,75;0,81;;1
04/09/26;BBVA;CALL;Sep-27;22,00;25.39;34,31;0,72;;1
04/09/26;BBVA;CALL;Dic-27;11,00;25.39;47,39;1,00;;150
04/09/26;BBVA;CALL;Dic-27;11,50;25.39;46,82;1,00;;26
04/09/26;BBVA;CALL;Dic-27;13,50;25.39;44,56;0,98;;150
04/09/26;BBVA;CALL;Dic-27;15,00;25.39;42,87;0,94;;75
04/09/26;BBVA;CALL;Dic-27;16,00;25.39;41,74;0,92;;6.000
04/09/26;BBVA;CALL;Dic-27;17,00;25.39;40,61;0,89;;150
04/09/26;BBVA;CALL;Dic-27;17,50;25.39;40,05;0,87;;100
04/09/26;BBVA;CALL;Dic-27;18,00;25.39;39,48;0,86;;1
04/09/26;BBVA;CALL;Dic-27;20,00;25.39;37,23;0,79;;150
04/09/26;BBVA;CALL;Dic-27;25,00;25.39;31,58;0,58;;4.002
04/09/26;BBVA;CALL;Dic-27;26,00;25.39;30,90;0,53;;100
04/09/26;BBVA;CALL;Mar-28;17,00;25.39;39,98;0,87;;600
04/09/26;BBVA;CALL;Mar-28;17,50;25.39;39,46;0,86;;300
04/09/26;BBVA;CALL;Mar-28;18,00;25.39;38,94;0,84;;300
04/09/26;BBVA;CALL;Mar-28;21,00;25.39;35,83;0,74;;350
04/09/26;BBVA;CALL;Jun-28;10,00;25.39;48,08;1,00;;1
04/09/26;BBVA;CALL;Jun-28;17,00;25.39;41,00;0,87;;750
04/09/26;BBVA;CALL;Jun-28;17,50;25.39;40,50;0,85;;600
04/09/26;BBVA;CALL;Jun-28;18,00;25.39;39,99;0,84;;575
04/09/26;BBVA;CALL;Jun-28;18,50;25.39;39,49;0,82;;3
04/09/26;BBVA;CALL;Jun-28;19,00;25.39;38,98;0,81;;50
04/09/26;BBVA;CALL;Jun-28;19,50;25.39;38,47;0,79;;100
04/09/26;BBVA;CALL;Jun-28;20,00;25.39;37,97;0,77;;125
04/09/26;BBVA;CALL;Jun-28;21,00;25.39;36,96;0,74;;525
04/09/26;BBVA;CALL;Jun-28;22,00;25.39;35,95;0,70;;4.450
04/09/26;BBVA;CALL;Jun-28;23,00;25.39;34,94;0,66;;150
04/09/26;BBVA;CALL;Jun-28;24,00;25.39;33,93;0,62;;300
04/09/26;BBVA;CALL;Jun-28;25,00;25.39;32,91;0,58;;1.000
04/09/26;BBVA;CALL;Dic-29;15,00;25.39;40,87;0,91;;50
04/09/26;BBVA;PUT;Sep-26;6,75;25.39;67,05;;;1
04/09/26;BBVA;PUT;Sep-26;8,25;25.39;63,72;;;5
04/09/26;BBVA;PUT;Sep-26;9,00;25.39;62,05;;;674
04/09/26;BBVA;PUT;Sep-26;9,25;25.39;61,50;;;368
04/09/26;BBVA;PUT;Sep-26;9,50;25.39;60,95;;;25
04/09/26;BBVA;PUT;Sep-26;9,75;25.39;60,39;;;200
04/09/26;BBVA;PUT;Sep-26;10,00;25.39;59,84;;;40.150
04/09/26;BBVA;PUT;Sep-26;10,50;25.39;58,73;;;300
04/09/26;BBVA;PUT;Sep-26;11,00;25.39;57,62;;;350
04/09/26;BBVA;PUT;Sep-26;11,50;25.39;56,51;;;1
04/09/26;BBVA;PUT;Sep-26;12,00;25.39;55,40;;;1
04/09/26;BBVA;PUT;Sep-26;12,50;25.39;54,29;;;50
04/09/26;BBVA;PUT;Sep-26;13,00;25.39;53,18;;;130
04/09/26;BBVA;PUT;Sep-26;14,00;25.39;50,96;;;55
04/09/26;BBVA;PUT;Sep-26;14,50;25.39;49,85;;;6
04/09/26;BBVA;PUT;Sep-26;15,00;25.39;48,74;;;108
04/09/26;BBVA;PUT;Sep-26;15,50;25.39;47,63;;;56
04/09/26;BBVA;PUT;Sep-26;16,00;25.39;46,52;;;89
04/09/26;BBVA;PUT;Sep-26;16,50;25.39;45,41;;;58
04/09/26;BBVA;PUT;Sep-26;17,00;25.39;44,31;;;4.956
04/09/26;BBVA;PUT;Sep-26;17,50;25.39;43,20;;;151
04/09/26;BBVA;PUT;Sep-26;18,00;25.39;42,09;;;7.070
04/09/26;BBVA;PUT;Sep-26;18,50;25.39;40,98;;;210
04/09/26;BBVA;PUT;Sep-26;19,00;25.39;39,87;;;7.071
04/09/26;BBVA;PUT;Sep-26;19,50;25.39;38,76;;;301
04/09/26;BBVA;PUT;Sep-26;20,00;25.39;37,65;;;12.031
04/09/26;BBVA;PUT;Sep-26;20,50;25.39;36,54;;;250
04/09/26;BBVA;PUT;Sep-26;21,00;25.39;35,43;;151;3.167
04/09/26;BBVA;PUT;Sep-26;22,00;25.39;33,21;-0,01;;263
04/09/26;BBVA;PUT;Sep-26;23,00;25.39;30,99;-0,05;;454
04/09/26;BBVA;PUT;Sep-26;24,00;25.39;28,77;-0,15;;192
04/09/26;BBVA;PUT;Sep-26;24,50;25.39;27,66;-0,24;150;151
04/09/26;BBVA;PUT;Sep-26;25,00;25.39;26,56;-0,37;150;301
04/09/26;BBVA;PUT;Sep-26;25,50;25.39;25,65;-0,52;;3
04/09/26;BBVA;PUT;Sep-26;26,00;25.39;25,47;-0,67;;52
04/09/26;BBVA;PUT;Oct-26;19,00;25.39;36,54;-0,01;;1
04/09/26;BBVA;PUT;Oct-26;20,00;25.39;34,68;-0,02;;6
04/09/26;BBVA;PUT;Oct-26;20,50;25.39;33,75;-0,03;;10
04/09/26;BBVA;PUT;Oct-26;21,00;25.39;32,81;-0,05;;20
04/09/26;BBVA;PUT;Oct-26;22,00;25.39;30,95;-0,10;;115
04/09/26;BBVA;PUT;Oct-26;23,00;25.39;29,09;-0,18;30;151
04/09/26;BBVA;PUT;Oct-26;24,00;25.39;27,22;-0,30;;10
04/09/26;BBVA;PUT;Oct-26;25,00;25.39;25,36;-0,47;;14
04/09/26;BBVA;PUT;Oct-26;27,00;25.39;24,06;-0,81;1;1
04/09/26;BBVA;PUT;Nov-26;22,00;25.39;32,21;-0,17;;1
04/09/26;BBVA;PUT;Nov-26;23,00;25.39;30,43;-0,24;100;100
04/09/26;BBVA;PUT;Nov-26;24,00;25.39;28,64;-0,34;;10
04/09/26;BBVA;PUT;Dic-26;5,75;25.39;61,00;;;150
04/09/26;BBVA;PUT;Dic-26;6,00;25.39;60,56;;;10.150
04/09/26;BBVA;PUT;Dic-26;6,25;25.39;60,11;;;150
04/09/26;BBVA;PUT;Dic-26;6,50;25.39;59,67;;;13.250
04/09/26;BBVA;PUT;Dic-26;6,75;25.39;59,23;;;450
04/09/26;BBVA;PUT;Dic-26;7,00;25.39;58,78;;;300
04/09/26;BBVA;PUT;Dic-26;7,25;25.39;58,34;;;600
04/09/26;BBVA;PUT;Dic-26;7,50;25.39;57,90;;;450
04/09/26;BBVA;PUT;Dic-26;7,75;25.39;57,45;;;451
04/09/26;BBVA;PUT;Dic-26;8,00;25.39;57,01;;;18.450
04/09/26;BBVA;PUT;Dic-26;8,25;25.39;56,57;;;15
04/09/26;BBVA;PUT;Dic-26;8,50;25.39;56,13;;;25.000
04/09/26;BBVA;PUT;Dic-26;8,75;25.39;55,68;;;311
04/09/26;BBVA;PUT;Dic-26;9,00;25.39;55,24;;;14.933
04/09/26;BBVA;PUT;Dic-26;9,25;25.39;54,80;;;75
04/09/26;BBVA;PUT;Dic-26;9,50;25.39;54,35;;;76
04/09/26;BBVA;PUT;Dic-26;9,75;25.39;53,91;;;200
04/09/26;BBVA;PUT;Dic-26;10,00;25.39;53,47;;;226
04/09/26;BBVA;PUT;Dic-26;10,50;25.39;52,58;;;300
04/09/26;BBVA;PUT;Dic-26;11,00;25.39;51,69;;;481
04/09/26;BBVA;PUT;Dic-26;11,50;25.39;50,81;;;1
04/09/26;BBVA;PUT;Dic-26;12,00;25.39;49,92;;;8.410
04/09/26;BBVA;PUT;Dic-26;12,50;25.39;49,04;;;250
04/09/26;BBVA;PUT;Dic-26;13,00;25.39;48,15;;;42.101
04/09/26;BBVA;PUT;Dic-26;13,50;25.39;47,26;;;400
04/09/26;BBVA;PUT;Dic-26;14,00;25.39;46,38;-0,01;;706
04/09/26;BBVA;PUT;Dic-26;14,50;25.39;45,49;-0,01;;300
04/09/26;BBVA;PUT;Dic-26;15,00;25.39;44,60;-0,01;;3.774
04/09/26;BBVA;PUT;Dic-26;15,50;25.39;43,72;-0,01;;12
04/09/26;BBVA;PUT;Dic-26;16,00;25.39;42,83;-0,02;;92
04/09/26;BBVA;PUT;Dic-26;16,50;25.39;41,95;-0,02;;520
04/09/26;BBVA;PUT;Dic-26;17,00;25.39;41,06;-0,03;;8.736
04/09/26;BBVA;PUT;Dic-26;17,50;25.39;40,17;-0,04;;124
04/09/26;BBVA;PUT;Dic-26;18,00;25.39;39,29;-0,05;;20.169
04/09/26;BBVA;PUT;Dic-26;18,50;25.39;38,40;-0,06;;105
04/09/26;BBVA;PUT;Dic-26;19,00;25.39;37,52;-0,07;;13.518
04/09/26;BBVA;PUT;Dic-26;20,00;25.39;35,74;-0,10;;10.512
04/09/26;BBVA;PUT;Dic-26;20,50;25.39;34,86;-0,12;;6
04/09/26;BBVA;PUT;Dic-26;21,00;25.39;33,97;-0,14;;12.145
04/09/26;BBVA;PUT;Dic-26;22,00;25.39;32,20;-0,20;;1.003
04/09/26;BBVA;PUT;Dic-26;23,00;25.39;30,43;-0,27;;2.600
04/09/26;BBVA;PUT;Dic-26;24,00;25.39;28,65;-0,35;;581
04/09/26;BBVA;PUT;Dic-26;25,00;25.39;26,88;-0,46;50;51
04/09/26;BBVA;PUT;Dic-26;28,00;25.39;25,30;-0,78;50;50
04/09/26;BBVA;PUT;Mar-27;8,50;25.39;51,70;;;25
04/09/26;BBVA;PUT;Mar-27;8,75;25.39;51,34;;;25
04/09/26;BBVA;PUT;Mar-27;9,00;25.39;50,97;;;25
04/09/26;BBVA;PUT;Mar-27;9,25;25.39;50,61;;;25
04/09/26;BBVA;PUT;Mar-27;9,50;25.39;50,25;;;30
04/09/26;BBVA;PUT;Mar-27;9,75;25.39;49,88;;;25
04/09/26;BBVA;PUT;Mar-27;10,50;25.39;48,79;;;175
04/09/26;BBVA;PUT;Mar-27;11,00;25.39;48,06;-0,01;;175
04/09/26;BBVA;PUT;Mar-27;11,50;25.39;47,33;-0,01;;32.250
04/09/26;BBVA;PUT;Mar-27;12,00;25.39;46,60;-0,01;;40
04/09/26;BBVA;PUT;Mar-27;12,50;25.39;45,87;-0,01;;30
04/09/26;BBVA;PUT;Mar-27;13,00;25.39;45,15;-0,01;;40
04/09/26;BBVA;PUT;Mar-27;13,50;25.39;44,42;-0,02;;20
04/09/26;BBVA;PUT;Mar-27;14,00;25.39;43,69;-0,02;;30
04/09/26;BBVA;PUT;Mar-27;15,00;25.39;42,23;-0,03;;220
04/09/26;BBVA;PUT;Mar-27;16,00;25.39;40,77;-0,05;;5.500
04/09/26;BBVA;PUT;Mar-27;16,50;25.39;40,05;-0,05;;450
04/09/26;BBVA;PUT;Mar-27;17,00;25.39;39,32;-0,06;;2.360
04/09/26;BBVA;PUT;Mar-27;17,50;25.39;38,59;-0,07;;4.250
04/09/26;BBVA;PUT;Mar-27;18,00;25.39;37,86;-0,09;;100
04/09/26;BBVA;PUT;Mar-27;18,50;25.39;37,13;-0,10;;10
04/09/26;BBVA;PUT;Mar-27;19,00;25.39;36,40;-0,11;;2.400
04/09/26;BBVA;PUT;Mar-27;19,50;25.39;35,67;-0,13;;3.810
04/09/26;BBVA;PUT;Mar-27;20,00;25.39;34,94;-0,15;;6.180
04/09/26;BBVA;PUT;Mar-27;20,50;25.39;34,22;-0,17;;20
04/09/26;BBVA;PUT;Mar-27;21,00;25.39;33,49;-0,19;;381
04/09/26;BBVA;PUT;Mar-27;22,00;25.39;32,03;-0,24;12.500;12.645
04/09/26;BBVA;PUT;Mar-27;23,00;25.39;30,57;-0,30;100;8.150
04/09/26;BBVA;PUT;Mar-27;24,00;25.39;29,12;-0,37;;1
04/09/26;BBVA;PUT;Mar-27;25,00;25.39;27,66;-0,44;;11.500
04/09/26;BBVA;PUT;Jun-27;4,30;25.39;55,56;;;1
04/09/26;BBVA;PUT;Jun-27;4,50;25.39;55,29;;;1
04/09/26;BBVA;PUT;Jun-27;4,90;25.39;54,75;;;150
04/09/26;BBVA;PUT;Jun-27;5,00;25.39;54,61;;;300
04/09/26;BBVA;PUT;Jun-27;5,25;25.39;54,27;;;298
04/09/26;BBVA;PUT;Jun-27;7,00;25.39;51,91;;;2
04/09/26;BBVA;PUT;Jun-27;8,00;25.39;50,56;;;1
04/09/26;BBVA;PUT;Jun-27;8,25;25.39;50,22;;;7
04/09/26;BBVA;PUT;Jun-27;9,00;25.39;49,20;-0,01;;7.000
04/09/26;BBVA;PUT;Jun-27;9,75;25.39;48,19;-0,01;;175
04/09/26;BBVA;PUT;Jun-27;10,00;25.39;47,85;-0,01;;10.000
04/09/26;BBVA;PUT;Jun-27;11,00;25.39;46,50;-0,01;;75
04/09/26;BBVA;PUT;Jun-27;12,00;25.39;45,15;-0,02;;20
04/09/26;BBVA;PUT;Jun-27;12,50;25.39;44,47;-0,03;;197
04/09/26;BBVA;PUT;Jun-27;13,00;25.39;43,79;-0,03;;1.126
04/09/26;BBVA;PUT;Jun-27;13,50;25.39;43,12;-0,04;;190
04/09/26;BBVA;PUT;Jun-27;14,00;25.39;42,44;-0,04;;33
04/09/26;BBVA;PUT;Jun-27;14,50;25.39;41,77;-0,05;;400
04/09/26;BBVA;PUT;Jun-27;15,00;25.39;41,09;-0,06;;600
04/09/26;BBVA;PUT;Jun-27;15,50;25.39;40,41;-0,07;;21
04/09/26;BBVA;PUT;Jun-27;16,00;25.39;39,74;-0,08;;3
04/09/26;BBVA;PUT;Jun-27;16,50;25.39;39,06;-0,09;;250
04/09/26;BBVA;PUT;Jun-27;17,00;25.39;38,39;-0,10;;151
04/09/26;BBVA;PUT;Jun-27;17,50;25.39;37,71;-0,12;;150
04/09/26;BBVA;PUT;Jun-27;18,00;25.39;37,03;-0,13;;160
04/09/26;BBVA;PUT;Jun-27;18,50;25.39;36,36;-0,14;;2
04/09/26;BBVA;PUT;Jun-27;19,00;25.39;35,68;-0,16;;151
04/09/26;BBVA;PUT;Jun-27;20,00;25.39;34,33;-0,20;;2.604
04/09/26;BBVA;PUT;Jun-27;21,00;25.39;32,98;-0,24;;75
04/09/26;BBVA;PUT;Jun-27;23,00;25.39;30,27;-0,34;;1.180
04/09/26;BBVA;PUT;Jun-27;24,00;25.39;28,92;-0,40;;91
04/09/26;BBVA;PUT;Jun-27;25,00;25.39;27,57;-0,47;;30
04/09/26;BBVA;PUT;Jun-27;26,00;25.39;26,86;-0,54;;10
04/09/26;BBVA;PUT;Sep-27;7,75;25.39;48,76;;;10
04/09/26;BBVA;PUT;Sep-27;16,00;25.39;38,68;-0,09;;309
04/09/26;BBVA;PUT;Sep-27;16,50;25.39;38,07;-0,10;;10
04/09/26;BBVA;PUT;Sep-27;17,00;25.39;37,46;-0,12;;379
04/09/26;BBVA;PUT;Sep-27;17,50;25.39;36,85;-0,13;;150
04/09/26;BBVA;PUT;Sep-27;18,00;25.39;36,24;-0,14;;150
04/09/26;BBVA;PUT;Sep-27;20,00;25.39;33,80;-0,21;;1
04/09/26;BBVA;PUT;Sep-27;22,00;25.39;31,36;-0,29;;1
04/09/26;BBVA;PUT;Dic-27;4,40;25.39;51,30;;;1
04/09/26;BBVA;PUT;Dic-27;4,90;25.39;50,73;;;150
04/09/26;BBVA;PUT;Dic-27;5,00;25.39;50,62;;;150
04/09/26;BBVA;PUT;Dic-27;6,50;25.39;48,93;;;10
04/09/26;BBVA;PUT;Dic-27;7,00;25.39;48,36;;;150
04/09/26;BBVA;PUT;Dic-27;7,25;25.39;48,08;-0,01;;150
04/09/26;BBVA;PUT;Dic-27;7,75;25.39;47,52;-0,01;;1
04/09/26;BBVA;PUT;Dic-27;8,25;25.39;46,95;-0,01;;150
04/09/26;BBVA;PUT;Dic-27;8,50;25.39;46,67;-0,01;;6.150
04/09/26;BBVA;PUT;Dic-27;8,75;25.39;46,39;-0,01;;1
04/09/26;BBVA;PUT;Dic-27;9,00;25.39;46,11;-0,01;;7.650
04/09/26;BBVA;PUT;Dic-27;9,25;25.39;45,82;-0,02;;150
04/09/26;BBVA;PUT;Dic-27;9,50;25.39;45,54;-0,02;;250
04/09/26;BBVA;PUT;Dic-27;9,75;25.39;45,26;-0,02;;150
04/09/26;BBVA;PUT;Dic-27;10,00;25.39;44,98;-0,02;;407
04/09/26;BBVA;PUT;Dic-27;10,50;25.39;44,41;-0,03;;300
04/09/26;BBVA;PUT;Dic-27;11,00;25.39;43,85;-0,03;;5.304
04/09/26;BBVA;PUT;Dic-27;12,00;25.39;42,72;-0,04;;3.300
04/09/26;BBVA;PUT;Dic-27;12,50;25.39;42,15;-0,05;;300
04/09/26;BBVA;PUT;Dic-27;13,00;25.39;41,59;-0,06;;10.000
04/09/26;BBVA;PUT;Dic-27;13,50;25.39;41,02;-0,06;;150
04/09/26;BBVA;PUT;Dic-27;14,00;25.39;40,46;-0,07;;150
04/09/26;BBVA;PUT;Dic-27;15,00;25.39;39,33;-0,09;;3
04/09/26;BBVA;PUT;Dic-27;16,00;25.39;38,20;-0,11;;15.000
04/09/26;BBVA;PUT;Dic-27;16,50;25.39;37,64;-0,12;;174
04/09/26;BBVA;PUT;Dic-27;17,00;25.39;37,07;-0,14;;8.500
04/09/26;BBVA;PUT;Dic-27;17,50;25.39;36,51;-0,15;;292
04/09/26;BBVA;PUT;Dic-27;18,00;25.39;35,94;-0,16;;150
04/09/26;BBVA;PUT;Dic-27;20,00;25.39;33,69;-0,23;;4.000
04/09/26;BBVA;PUT;Dic-27;21,00;25.39;32,56;-0,27;;150
04/09/26;BBVA;PUT;Dic-27;22,00;25.39;31,43;-0,31;;10.302
04/09/26;BBVA;PUT;Dic-27;23,00;25.39;30,30;-0,36;;300
04/09/26;BBVA;PUT;Dic-27;25,00;25.39;28,04;-0,46;;1
04/09/26;BBVA;PUT;Mar-28;15,00;25.39;38,13;-0,10;;150
04/09/26;BBVA;PUT;Mar-28;15,50;25.39;37,61;-0,11;;150
04/09/26;BBVA;PUT;Mar-28;18,00;25.39;35,01;-0,17;;26
04/09/26;BBVA;PUT;Mar-28;20,00;25.39;32,94;-0,23;;150
04/09/26;BBVA;PUT;Mar-28;21,00;25.39;31,90;-0,27;;150
04/09/26;BBVA;PUT;Mar-28;22,00;25.39;30,87;-0,31;;150
04/09/26;BBVA;PUT;Mar-28;23,00;25.39;29,83;-0,35;;150
04/09/26;BBVA;PUT;Jun-28;15,50;25.39;36,75;-0,12;;1
04/09/26;BBVA;PUT;Jun-28;18,00;25.39;34,22;-0,19;;1.250
04/09/26;BBVA;PUT;Jun-28;19,00;25.39;33,21;-0,22;;4.450
04/09/26;BBVA;PUT;Jun-28;20,00;25.39;32,20;-0,25;;3.300
04/09/26;BBVA;PUT;Jun-28;21,00;25.39;31,19;-0,29;;750
04/09/26;BBVA;PUT;Jun-28;22,00;25.39;30,18;-0,33;;2.350
04/09/26;BBVA;PUT;Jun-28;23,00;25.39;29,17;-0,37;;1.500
04/09/26;BBVA;PUT;Dic-28;12,00;25.39;37,00;-0,06;;3.500
04/09/26;BBVA;PUT;Dic-28;12,50;25.39;36,61;-0,07;;1.500
04/09/26;BBVA;PUT;Dic-28;16,00;25.39;33,90;-0,14;;17
04/09/26;BBVA;PUT;Dic-28;16,50;25.39;33,52;-0,16;;9
04/09/26;BBVA;PUT;Dic-28;18,50;25.39;31,97;-0,21;;3
04/09/26;BBVA;PUT;Dic-28;20,00;25.39;30,81;-0,26;;90
04/09/26;BBVA;PUT;Dic-28;25,00;25.39;26,93;-0,45;;2
04/09/26;BBVA;PUT;Jun-29;16,00;25.39;32,65;-0,16;;1.250
04/09/26;BBVA;PUT;Dic-29;12,50;25.39;33,58;-0,09;;3.000
04/09/26;BBVA;PUT;Dic-29;20,00;25.39;29,64;-0,28;;6
04/09/26;BBVA;PUT;Dic-29;25,00;25.39;27,01;-0,45;;152
04/09/26;BBVA;PUT;Dic-30;20,50;25.39;28,76;-0,31;;1.500
04/09/26;BBVA;CALL;Sep-26;19,00;25.39;40,30;1,00;;10
04/09/26;BBVA;CALL;Sep-26;20,00;25.39;38,08;1,00;;10
04/09/26;BBVA;CALL;Sep-26;20,00;25.39;38,08;1,00;;20
04/09/26;BBVA;CALL;Sep-26;21,00;25.39;35,86;1,00;;20
04/09/26;BBVA;CALL;Sep-26;21,00;25.39;35,86;1,00;;154
04/09/26;BBVA;CALL;Sep-26;22,00;25.39;33,64;0,99;;20
04/09/26;BBVA;CALL;Sep-26;22,00;25.39;33,64;0,99;;160
04/09/26;BBVA;CALL;Sep-26;23,00;25.39;31,42;0,95;;91
04/09/26;BBVA;CALL;Sep-26;24,00;25.39;29,20;0,85;;10
04/09/26;BBVA;CALL;Sep-26;25,00;25.39;26,99;0,63;10;40
04/09/26;BBVA;CALL;Sep-26;25,00;25.39;26,99;0,63;;1.720
04/09/26;BBVA;CALL;Sep-26;25,50;25.39;26,08;0,48;;5
04/09/26;BBVA;CALL;Sep-26;26,00;25.39;25,90;0,34;;30
04/09/26;BBVA;CALL;Sep-26;26,00;25.39;25,90;0,34;;3.430
04/09/26;BBVA;CALL;Sep-26;27,00;25.39;25,53;0,12;;60
04/09/26;BBVA;CALL;Oct-26;22,00;25.39;32,31;0,89;;20
04/09/26;BBVA;CALL;Oct-26;23,00;25.39;30,45;0,81;;10
04/09/26;BBVA;CALL;Oct-26;23,00;25.39;30,45;0,81;;10
04/09/26;BBVA;CALL;Oct-26;24,00;25.39;28,58;0,69;;26
04/09/26;BBVA;CALL;Oct-26;25,00;25.39;26,72;0,53;;10
04/09/26;BBVA;CALL;Oct-26;26,00;25.39;25,77;0,35;;20
04/09/26;BBVA;CALL;Oct-26;26,00;25.39;25,77;0,35;;45
04/09/26;BBVA;CALL;Oct-26;27,00;25.39;25,42;0,21;;7.008
04/09/26;BBVA;CALL;Nov-26;28,00;25.39;27,22;0,21;;15
04/09/26;BBVA;CALL;Dic-26;17,00;25.39;43,08;0,96;;10
04/09/26;BBVA;CALL;Dic-26;19,00;25.39;39,54;0,92;;10
04/09/26;BBVA;CALL;Dic-26;19,50;25.39;38,65;0,90;;10
04/09/26;BBVA;CALL;Dic-26;21,00;25.39;35,99;0,84;;10
04/09/26;BBVA;CALL;Dic-26;22,00;25.39;34,22;0,79;;3
04/09/26;BBVA;CALL;Dic-26;22,00;25.39;34,22;0,79;;10
04/09/26;BBVA;CALL;Dic-26;23,00;25.39;32,45;0,72;;10
04/09/26;BBVA;CALL;Dic-26;23,00;25.39;32,45;0,72;;1
04/09/26;BBVA;CALL;Dic-26;24,00;25.39;30,67;0,64;;4
04/09/26;BBVA;CALL;Dic-26;24,00;25.39;30,67;0,64;;10
04/09/26;BBVA;CALL;Dic-26;25,00;25.39;28,90;0,55;;6
04/09/26;BBVA;CALL;Dic-26;26,00;25.39;28,00;0,44;;4
04/09/26;BBVA;CALL;Dic-26;29,00;25.39;26,98;0,18;;8
04/09/26;BBVA;CALL;Dic-26;32,00;25.39;25,95;0,05;;10
04/09/26;BBVA;CALL;Mar-27;19,00;25.39;37,96;0,87;;200
04/09/26;BBVA;CALL;Mar-27;19,00;25.39;37,96;0,87;;200
04/09/26;BBVA;CALL;Mar-27;19,50;25.39;37,23;0,85;;20
04/09/26;BBVA;CALL;Mar-27;23,00;25.39;32,13;0,69;;4
04/09/26;BBVA;CALL;Mar-27;24,00;25.39;30,68;0,63;;4
04/09/26;BBVA;CALL;Mar-27;25,00;25.39;29,22;0,56;;4
04/09/26;BBVA;CALL;Mar-27;26,00;25.39;28,49;0,49;;3
04/09/26;BBVA;CALL;Mar-27;27,00;25.39;28,23;0,42;;5
04/09/26;BBVA;CALL;Mar-27;28,00;25.39;27,96;0,35;;2
04/09/26;BBVA;CALL;Mar-27;32,00;25.39;26,91;0,14;;28
04/09/26;BBVA;PUT;Sep-26;9,50;25.39;60,95;;;600
04/09/26;BBVA;PUT;Sep-26;10,50;25.39;58,73;;;700
04/09/26;BBVA;PUT;Sep-26;17,00;25.39;44,31;;;20
04/09/26;BBVA;PUT;Sep-26;18,00;25.39;42,09;;;10
04/09/26;BBVA;PUT;Sep-26;19,00;25.39;39,87;;;10
04/09/26;BBVA;PUT;Sep-26;20,00;25.39;37,65;;;10
04/09/26;BBVA;PUT;Sep-26;22,00;25.39;33,21;-0,01;;10
04/09/26;BBVA;PUT;Sep-26;24,00;25.39;28,77;-0,15;;92
04/09/26;BBVA;PUT;Sep-26;24,00;25.39;28,77;-0,15;;10
04/09/26;BBVA;PUT;Sep-26;25,00;25.39;26,56;-0,37;;80
04/09/26;BBVA;PUT;Sep-26;26,00;25.39;25,47;-0,67;;15
04/09/26;BBVA;PUT;Oct-26;22,00;25.39;30,95;-0,10;;20
04/09/26;BBVA;PUT;Oct-26;24,00;25.39;27,22;-0,30;;10
04/09/26;BBVA;PUT;Oct-26;24,00;25.39;27,22;-0,30;;20
04/09/26;BBVA;PUT;Oct-26;25,00;25.39;25,36;-0,47;;25
04/09/26;BBVA;PUT;Oct-26;26,00;25.39;24,41;-0,65;;15
04/09/26;BBVA;PUT;Nov-26;24,00;25.39;28,64;-0,34;;19
04/09/26;BBVA;PUT;Dic-26;7,25;25.39;58,34;;;150
04/09/26;BBVA;PUT;Dic-26;8,50;25.39;56,13;;;150
04/09/26;BBVA;PUT;Dic-26;8,75;25.39;55,68;;;150
04/09/26;BBVA;PUT;Dic-26;9,00;25.39;55,24;;;150
04/09/26;BBVA;PUT;Dic-26;10,00;25.39;53,47;;;40
04/09/26;BBVA;PUT;Dic-26;15,50;25.39;43,72;-0,01;;5
04/09/26;BBVA;PUT;Dic-26;16,50;25.39;41,95;-0,02;;10
04/09/26;BBVA;PUT;Dic-26;17,00;25.39;41,06;-0,03;;23
04/09/26;BBVA;PUT;Dic-26;17,50;25.39;40,17;-0,04;;16
04/09/26;BBVA;PUT;Dic-26;21,00;25.39;33,97;-0,14;;16
04/09/26;BBVA;PUT;Dic-26;22,00;25.39;32,20;-0,19;;4
04/09/26;BBVA;PUT;Dic-26;23,00;25.39;30,43;-0,26;;1
04/09/26;BBVA;PUT;Dic-26;32,00;25.39;23,93;-0,96;;25
04/09/26;BBVA;PUT;Mar-27;10,00;25.39;49,52;;;150
04/09/26;BBVA;PUT;Mar-27;14,50;25.39;42,96;-0,03;;10
04/09/26;BBVA;PUT;Mar-27;17,00;25.39;39,32;-0,06;;20
04/09/26;BBVA;PUT;Mar-27;18,00;25.39;37,86;-0,08;;1
04/09/26;BBVA;PUT;Jun-27;22,00;25.39;31,62;-0,28;;70
04/09/26;BBVA;PUT;Jun-27;27,00;25.39;26,55;-0,58;7;7
04/09/26;CAIXABANK;CALL;Sep-26;9,00;13.52;38,85;1,00;;1
04/09/26;CAIXABANK;CALL;Sep-26;10,00;13.52;35,33;1,00;;1
04/09/26;CAIXABANK;CALL;Sep-26;10,50;13.52;33,56;1,00;;1
04/09/26;CAIXABANK;CALL;Sep-26;11,00;13.52;31,80;1,00;;2
04/09/26;CAIXABANK;CALL;Sep-26;11,50;13.52;30,04;1,00;;4
04/09/26;CAIXABANK;CALL;Sep-26;12,00;13.52;28,27;0,99;;8
04/09/26;CAIXABANK;CALL;Sep-26;12,50;13.52;26,51;0,94;;20
04/09/26;CAIXABANK;CALL;Sep-26;13,00;13.52;24,75;0,80;;102
04/09/26;CAIXABANK;CALL;Sep-26;13,25;13.52;23,86;0,68;;1
04/09/26;CAIXABANK;CALL;Sep-26;13,50;13.52;22,98;0,53;;5
04/09/26;CAIXABANK;CALL;Oct-26;12,50;13.52;25,88;0,83;;3
04/09/26;CAIXABANK;CALL;Oct-26;13,25;13.52;23,33;0,63;;92
04/09/26;CAIXABANK;CALL;Nov-26;13,00;13.52;24,50;0,68;4;4
04/09/26;CAIXABANK;CALL;Dic-26;7,00;13.52;45,58;1,00;;7.500
04/09/26;CAIXABANK;CALL;Dic-26;9,25;13.52;37,86;0,99;;1
04/09/26;CAIXABANK;CALL;Dic-26;10,50;13.52;33,58;0,95;;1.134
04/09/26;CAIXABANK;CALL;Dic-26;11,00;13.52;31,86;0,93;;20
04/09/26;CAIXABANK;CALL;Dic-26;11,50;13.52;30,15;0,88;;6.000
04/09/26;CAIXABANK;CALL;Dic-26;12,00;13.52;28,43;0,83;;1
04/09/26;CAIXABANK;CALL;Dic-26;12,50;13.52;26,72;0,75;;430
04/09/26;CAIXABANK;CALL;Dic-26;13,00;13.52;25,01;0,65;;2
04/09/26;CAIXABANK;CALL;Mar-27;9,50;13.52;35,26;0,95;;1
04/09/26;CAIXABANK;CALL;Mar-27;10,50;13.52;32,34;0,89;;14
04/09/26;CAIXABANK;CALL;Mar-27;12,50;13.52;26,52;0,69;;11
04/09/26;CAIXABANK;CALL;Mar-27;13,00;13.52;25,07;0,62;;400
04/09/26;CAIXABANK;CALL;Jun-27;9,75;13.52;33,40;0,92;;150
04/09/26;CAIXABANK;CALL;Jun-27;10,00;13.52;32,79;0,91;;150
04/09/26;CAIXABANK;CALL;Jun-27;10,50;13.52;31,57;0,87;;150
04/09/26;CAIXABANK;CALL;Jun-27;11,00;13.52;30,35;0,84;;150
04/09/26;CAIXABANK;CALL;Jun-27;12,00;13.52;27,91;0,74;;1
04/09/26;CAIXABANK;CALL;Jun-27;13,00;13.52;25,47;0,62;;25
04/09/26;CAIXABANK;CALL;Jun-27;14,50;13.52;23,55;0,40;;1
04/09/26;CAIXABANK;CALL;Sep-27;13,50;13.52;25,27;0,54;;2
04/09/26;CAIXABANK;CALL;Dic-27;10,50;13.52;32,19;0,83;;20
04/09/26;CAIXABANK;CALL;Dic-27;11,00;13.52;31,19;0,79;;1
04/09/26;CAIXABANK;CALL;Dic-27;11,50;13.52;30,20;0,75;;1
04/09/26;CAIXABANK;CALL;Jun-28;10,00;13.52;33,51;0,84;;150
04/09/26;CAIXABANK;CALL;Jun-28;10,50;13.52;32,70;0,81;;300
04/09/26;CAIXABANK;CALL;Jun-28;11,00;13.52;31,90;0,77;;1.250
04/09/26;CAIXABANK;CALL;Jun-28;11,50;13.52;31,10;0,73;;150
04/09/26;CAIXABANK;PUT;Sep-26;5,50;13.52;52,99;;;70.900
04/09/26;CAIXABANK;PUT;Sep-26;7,75;13.52;45,05;;;3
04/09/26;CAIXABANK;PUT;Sep-26;8,00;13.52;44,17;;;174
04/09/26;CAIXABANK;PUT;Sep-26;8,50;13.52;42,41;;;1.000
04/09/26;CAIXABANK;PUT;Sep-26;9,00;13.52;40,64;;;1
04/09/26;CAIXABANK;PUT;Sep-26;10,50;13.52;35,35;;;3
04/09/26;CAIXABANK;PUT;Sep-26;11,00;13.52;33,59;;;25
04/09/26;CAIXABANK;PUT;Sep-26;11,50;13.52;31,83;;;1
04/09/26;CAIXABANK;PUT;Sep-26;12,00;13.52;30,06;-0,02;;256
04/09/26;CAIXABANK;PUT;Sep-26;12,50;13.52;28,30;-0,07;;108
04/09/26;CAIXABANK;PUT;Sep-26;13,00;13.52;26,54;-0,22;;17
04/09/26;CAIXABANK;PUT;Sep-26;13,25;13.52;25,65;-0,33;;2
04/09/26;CAIXABANK;PUT;Sep-26;13,50;13.52;24,77;-0,48;;5
04/09/26;CAIXABANK;PUT;Sep-26;14,00;13.52;24,35;-0,76;;11
04/09/26;CAIXABANK;PUT;Sep-26;14,50;13.52;23,97;-0,93;1;6
04/09/26;CAIXABANK;PUT;Oct-26;13,00;13.52;24,47;-0,30;;10
04/09/26;CAIXABANK;PUT;Oct-26;14,00;13.52;22,35;-0,66;1;
04/09/26;CAIXABANK;PUT;Dic-26;5,25;13.52;50,63;;;75
04/09/26;CAIXABANK;PUT;Dic-26;6,75;13.52;45,49;;;3
04/09/26;CAIXABANK;PUT;Dic-26;7,25;13.52;43,78;;;1
04/09/26;CAIXABANK;PUT;Dic-26;8,00;13.52;41,21;-0,01;;100
04/09/26;CAIXABANK;PUT;Dic-26;8,25;13.52;40,35;-0,01;;100
04/09/26;CAIXABANK;PUT;Dic-26;8,50;13.52;39,49;-0,01;;102
04/09/26;CAIXABANK;PUT;Dic-26;8,75;13.52;38,64;-0,01;;10
04/09/26;CAIXABANK;PUT;Dic-26;9,00;13.52;37,78;-0,02;;11
04/09/26;CAIXABANK;PUT;Dic-26;9,50;13.52;36,06;-0,03;;2
04/09/26;CAIXABANK;PUT;Dic-26;10,00;13.52;34,35;-0,05;;76
04/09/26;CAIXABANK;PUT;Dic-26;10,50;13.52;32,64;-0,07;;1.030
04/09/26;CAIXABANK;PUT;Dic-26;11,00;13.52;30,92;-0,10;;40
04/09/26;CAIXABANK;PUT;Dic-26;11,50;13.52;29,21;-0,15;;6.008
04/09/26;CAIXABANK;PUT;Dic-26;12,50;13.52;25,78;-0,28;;10
04/09/26;CAIXABANK;PUT;Dic-26;13,00;13.52;24,07;-0,38;;27
04/09/26;CAIXABANK;PUT;Dic-26;14,00;13.52;21,94;-0,63;;1
04/09/26;CAIXABANK;PUT;Mar-27;6,00;13.52;44,54;;;7.675
04/09/26;CAIXABANK;PUT;Mar-27;6,50;13.52;43,09;-0,01;;29.800
04/09/26;CAIXABANK;PUT;Mar-27;8,00;13.52;38,72;-0,02;;1
04/09/26;CAIXABANK;PUT;Mar-27;8,75;13.52;36,54;-0,04;;350
04/09/26;CAIXABANK;PUT;Mar-27;9,75;13.52;33,63;-0,08;;5
04/09/26;CAIXABANK;PUT;Mar-27;10,00;13.52;32,90;-0,09;;32
04/09/26;CAIXABANK;PUT;Mar-27;12,00;13.52;27,08;-0,25;;150
04/09/26;CAIXABANK;PUT;Mar-27;12,50;13.52;25,62;-0,31;;8
04/09/26;CAIXABANK;PUT;Jun-27;7,75;13.52;36,79;-0,04;;8.200
04/09/26;CAIXABANK;PUT;Jun-27;10,00;13.52;31,29;-0,13;;4.025
04/09/26;CAIXABANK;PUT;Jun-27;10,50;13.52;30,07;-0,16;;175
04/09/26;CAIXABANK;PUT;Jun-27;11,00;13.52;28,85;-0,20;;25
04/09/26;CAIXABANK;PUT;Jun-27;11,50;13.52;27,63;-0,25;;25
04/09/26;CAIXABANK;PUT;Jun-27;12,00;13.52;26,41;-0,30;;25
04/09/26;CAIXABANK;PUT;Jun-27;13,00;13.52;23,97;-0,43;;50
04/09/26;CAIXABANK;PUT;Dic-27;3,50;13.52;42,53;;;1
04/09/26;CAIXABANK;PUT;Dic-27;4,20;13.52;41,13;;;1
04/09/26;CAIXABANK;PUT;Dic-27;5,50;13.52;38,53;-0,01;;160
04/09/26;CAIXABANK;PUT;Dic-27;5,75;13.52;38,03;-0,02;;1
04/09/26;CAIXABANK;PUT;Dic-27;6,00;13.52;37,53;-0,02;;150
04/09/26;CAIXABANK;PUT;Dic-27;8,00;13.52;33,54;-0,07;;150
04/09/26;CAIXABANK;PUT;Dic-27;8,25;13.52;33,04;-0,07;;225
04/09/26;CAIXABANK;PUT;Dic-27;8,50;13.52;32,54;-0,08;;150
04/09/26;CAIXABANK;PUT;Dic-27;8,75;13.52;32,04;-0,09;;150
04/09/26;CAIXABANK;PUT;Dic-27;9,00;13.52;31,54;-0,11;;150
04/09/26;CAIXABANK;PUT;Dic-27;9,25;13.52;31,04;-0,12;;150
04/09/26;CAIXABANK;PUT;Dic-27;9,50;13.52;30,54;-0,13;;150
04/09/26;CAIXABANK;PUT;Dic-27;9,75;13.52;30,04;-0,15;;150
04/09/26;CAIXABANK;PUT;Dic-27;10,00;13.52;29,54;-0,16;;150
04/09/26;CAIXABANK;PUT;Jun-28;8,50;13.52;31,04;-0,11;;150
04/09/26;CAIXABANK;PUT;Jun-28;9,00;13.52;30,24;-0,13;;150
04/09/26;CAIXABANK;PUT;Jun-28;9,25;13.52;29,84;-0,15;;150
04/09/26;CAIXABANK;PUT;Jun-28;9,50;13.52;29,44;-0,16;;300
04/09/26;CAIXABANK;PUT;Jun-28;9,75;13.52;29,04;-0,18;;150
04/09/26;CAIXABANK;PUT;Jun-28;10,00;13.52;28,64;-0,19;;150
04/09/26;CAIXABANK;PUT;Dic-28;4,50;13.52;35,66;-0,01;;15.000
04/09/26;CAIXABANK;PUT;Dic-28;8,75;13.52;30,31;-0,14;;450
04/09/26;CAIXABANK;PUT;Dic-29;5,00;13.52;33,01;-0,03;;16.000
04/09/26;CAIXABANK;CALL;Sep-26;13,00;13.52;24,75;0,80;;10
04/09/26;CAIXABANK;CALL;Dic-26;9,00;13.52;38,72;0,97;;10
04/09/26;CAIXABANK;CALL;Dic-26;11,00;13.52;31,86;0,89;;10
04/09/26;CAIXABANK;CALL;Dic-26;12,00;13.52;28,43;0,78;;10
04/09/26;CAIXABANK;CALL;Dic-26;12,50;13.52;26,72;0,71;;10
04/09/26;CAIXABANK;PUT;Sep-26;11,50;13.52;31,83;;;10
04/09/26;CELLNEX;CALL;Sep-26;25,00;25.66;31,89;0,68;;13
04/09/26;CELLNEX;CALL;Sep-26;26,00;25.66;30,72;0,43;;11
04/09/26;CELLNEX;CALL;Sep-26;27,00;25.66;29,88;0,20;;30
04/09/26;CELLNEX;CALL;Sep-26;28,00;25.66;29,03;0,07;;61
04/09/26;CELLNEX;CALL;Sep-26;29,00;25.66;28,19;0,01;;43
04/09/26;CELLNEX;CALL;Sep-26;30,00;25.66;27,35;;;37
04/09/26;CELLNEX;CALL;Sep-26;31,00;25.66;26,50;;;22
04/09/26;CELLNEX;CALL;Sep-26;32,00;25.66;25,66;;;56
04/09/26;CELLNEX;CALL;Sep-26;33,00;25.66;24,81;;;25
04/09/26;CELLNEX;CALL;Sep-26;34,00;25.66;23,97;;;41
04/09/26;CELLNEX;CALL;Sep-26;35,00;25.66;23,12;;;30
04/09/26;CELLNEX;CALL;Sep-26;36,00;25.66;22,28;;;25
04/09/26;CELLNEX;CALL;Sep-26;37,00;25.66;21,43;;;25
04/09/26;CELLNEX;CALL;Sep-26;38,00;25.66;20,59;;;25
04/09/26;CELLNEX;CALL;Sep-26;39,00;25.66;19,75;;;25
04/09/26;CELLNEX;CALL;Sep-26;40,00;25.66;18,90;;;25
04/09/26;CELLNEX;CALL;Dic-26;18,00;25.66;38,98;0,97;;2
04/09/26;CELLNEX;CALL;Dic-26;20,00;25.66;36,54;0,92;;1
04/09/26;CELLNEX;CALL;Dic-26;21,00;25.66;35,32;0,88;;1
04/09/26;CELLNEX;CALL;Dic-26;24,00;25.66;31,66;0,70;;11
04/09/26;CELLNEX;CALL;Dic-26;25,00;25.66;30,44;0,61;;47
04/09/26;CELLNEX;CALL;Dic-26;27,00;25.66;29,23;0,42;;25
04/09/26;CELLNEX;CALL;Dic-26;28,00;25.66;28,93;0,33;5;76
04/09/26;CELLNEX;CALL;Dic-26;29,00;25.66;28,63;0,25;;2.060
04/09/26;CELLNEX;CALL;Dic-26;30,00;25.66;28,33;0,18;;148
04/09/26;CELLNEX;CALL;Dic-26;31,00;25.66;28,03;0,13;;110
04/09/26;CELLNEX;CALL;Dic-26;32,00;25.66;27,74;0,09;;218
04/09/26;CELLNEX;CALL;Dic-26;33,00;25.66;27,44;0,05;;120
04/09/26;CELLNEX;CALL;Dic-26;34,00;25.66;27,14;0,03;;190
04/09/26;CELLNEX;CALL;Dic-26;35,00;25.66;26,84;0,02;;115
04/09/26;CELLNEX;CALL;Dic-26;36,00;25.66;26,54;0,01;;85
04/09/26;CELLNEX;CALL;Dic-26;37,00;25.66;26,24;0,01;;50
04/09/26;CELLNEX;CALL;Dic-26;38,00;25.66;25,94;;;25
04/09/26;CELLNEX;CALL;Dic-26;39,00;25.66;25,64;;;25
04/09/26;CELLNEX;CALL;Dic-26;40,00;25.66;25,35;;;125
04/09/26;CELLNEX;CALL;Dic-26;42,00;25.66;24,75;;;25
04/09/26;CELLNEX;CALL;Dic-26;44,00;25.66;24,15;;;25
04/09/26;CELLNEX;CALL;Dic-26;45,00;25.66;23,85;;;25
04/09/26;CELLNEX;CALL;Dic-26;46,00;25.66;23,55;;;25
04/09/26;CELLNEX;CALL;Mar-27;20,00;25.66;34,83;0,89;;33
04/09/26;CELLNEX;CALL;Mar-27;22,00;25.66;33,14;0,79;;4
04/09/26;CELLNEX;CALL;Mar-27;25,00;25.66;30,61;0,60;;50
04/09/26;CELLNEX;CALL;Mar-27;26,00;25.66;29,94;0,53;;26
04/09/26;CELLNEX;CALL;Mar-27;27,00;25.66;29,61;0,46;;25
04/09/26;CELLNEX;CALL;Mar-27;28,00;25.66;29,29;0,39;;51
04/09/26;CELLNEX;CALL;Mar-27;29,00;25.66;28,97;0,32;;1
04/09/26;CELLNEX;CALL;Mar-27;30,00;25.66;28,64;0,26;;317
04/09/26;CELLNEX;CALL;Mar-27;31,00;25.66;28,32;0,21;;75
04/09/26;CELLNEX;CALL;Mar-27;32,00;25.66;27,99;0,16;;120
04/09/26;CELLNEX;CALL;Mar-27;33,00;25.66;27,67;0,13;;51
04/09/26;CELLNEX;CALL;Mar-27;34,00;25.66;27,34;0,10;;25
04/09/26;CELLNEX;CALL;Mar-27;35,00;25.66;27,02;0,07;;25
04/09/26;CELLNEX;CALL;Jun-27;20,00;25.66;34,10;0,85;;6
04/09/26;CELLNEX;CALL;Jun-27;25,00;25.66;30,73;0,60;;1
04/09/26;CELLNEX;CALL;Jun-27;28,00;25.66;29,55;0,43;;100
04/09/26;CELLNEX;CALL;Jun-27;29,00;25.66;29,24;0,37;;100
04/09/26;CELLNEX;CALL;Jun-27;30,00;25.66;28,93;0,32;;125
04/09/26;CELLNEX;CALL;Jun-27;31,00;25.66;28,62;0,28;;150
04/09/26;CELLNEX;CALL;Jun-27;32,00;25.66;28,30;0,23;;100
04/09/26;CELLNEX;CALL;Jun-27;33,00;25.66;27,99;0,19;;112
04/09/26;CELLNEX;CALL;Jun-27;34,00;25.66;27,68;0,16;;175
04/09/26;CELLNEX;CALL;Jun-27;35,00;25.66;27,37;0,13;;150
04/09/26;CELLNEX;CALL;Jun-27;36,00;25.66;27,06;0,10;;125
04/09/26;CELLNEX;CALL;Jun-27;37,00;25.66;26,74;0,08;;125
04/09/26;CELLNEX;CALL;Jun-27;38,00;25.66;26,43;0,06;;75
04/09/26;CELLNEX;CALL;Jun-27;39,00;25.66;26,12;0,05;;75
04/09/26;CELLNEX;CALL;Jun-27;40,00;25.66;25,81;0,03;;50
04/09/26;CELLNEX;CALL;Jun-27;41,00;25.66;25,50;0,03;;50
04/09/26;CELLNEX;CALL;Jun-27;42,00;25.66;25,19;0,02;;50
04/09/26;CELLNEX;CALL;Jun-27;43,00;25.66;24,87;0,01;;50
04/09/26;CELLNEX;CALL;Jun-27;44,00;25.66;24,56;0,01;;50
04/09/26;CELLNEX;CALL;Jun-27;45,00;25.66;24,25;0,01;;50
04/09/26;CELLNEX;CALL;Jun-27;46,00;25.66;23,94;;;50
04/09/26;CELLNEX;CALL;Jun-27;49,00;25.66;23,00;;;50
04/09/26;CELLNEX;CALL;Jun-27;50,00;25.66;22,69;;;411
04/09/26;CELLNEX;CALL;Sep-27;34,00;25.66;27,51;0,19;;20
04/09/26;CELLNEX;CALL;Sep-27;35,00;25.66;27,18;0,16;;100
04/09/26;CELLNEX;CALL;Sep-27;36,00;25.66;26,84;0,13;;75
04/09/26;CELLNEX;CALL;Sep-27;37,00;25.66;26,50;0,11;;75
04/09/26;CELLNEX;CALL;Sep-27;41,00;25.66;25,15;0,04;;50
04/09/26;CELLNEX;CALL;Dic-27;25,00;25.66;30,99;0,60;;25
04/09/26;CELLNEX;CALL;Dic-27;26,00;25.66;30,56;0,56;;2
04/09/26;CELLNEX;CALL;Dic-27;27,00;25.66;30,26;0,51;;2.500
04/09/26;CELLNEX;CALL;Dic-27;28,00;25.66;29,96;0,47;;7
04/09/26;CELLNEX;CALL;Dic-27;29,00;25.66;29,66;0,43;;1
04/09/26;CELLNEX;CALL;Dic-27;30,00;25.66;29,36;0,38;;115
04/09/26;CELLNEX;CALL;Dic-27;31,00;25.66;29,06;0,35;;75
04/09/26;CELLNEX;CALL;Dic-27;32,00;25.66;28,77;0,31;;51
04/09/26;CELLNEX;CALL;Dic-27;33,00;25.66;28,47;0,27;;25
04/09/26;CELLNEX;CALL;Dic-27;34,00;25.66;28,17;0,24;;74
04/09/26;CELLNEX;CALL;Dic-27;35,00;25.66;27,87;0,21;;50
04/09/26;CELLNEX;CALL;Dic-27;37,00;25.66;27,27;0,15;;25
04/09/26;CELLNEX;CALL;Dic-27;38,00;25.66;26,97;0,13;;570
04/09/26;CELLNEX;CALL;Dic-27;40,00;25.66;26,38;0,09;;48
04/09/26;CELLNEX;CALL;Dic-27;44,00;25.66;25,18;0,04;;25
04/09/26;CELLNEX;CALL;Mar-28;29,00;25.66;30,13;0,45;;11
04/09/26;CELLNEX;CALL;Jun-28;26,00;25.66;30,80;0,57;;4
04/09/26;CELLNEX;CALL;Dic-29;40,00;25.66;29,36;0,28;;1.260
04/09/26;CELLNEX;PUT;Sep-26;19,00;25.66;38,14;;;1
04/09/26;CELLNEX;PUT;Sep-26;20,00;25.66;36,80;;;1
04/09/26;CELLNEX;PUT;Sep-26;21,00;25.66;35,47;;;19
04/09/26;CELLNEX;PUT;Sep-26;22,00;25.66;34,13;-0,01;;62
04/09/26;CELLNEX;PUT;Sep-26;23,00;25.66;32,79;-0,04;;23
04/09/26;CELLNEX;PUT;Sep-26;24,00;25.66;31,45;-0,13;;263
04/09/26;CELLNEX;PUT;Sep-26;25,00;25.66;30,11;-0,32;;69
04/09/26;CELLNEX;PUT;Sep-26;26,00;25.66;28,94;-0,58;5;47
04/09/26;CELLNEX;PUT;Sep-26;27,00;25.66;28,10;-0,81;20;69
04/09/26;CELLNEX;PUT;Sep-26;28,00;25.66;27,25;-0,95;;41
04/09/26;CELLNEX;PUT;Sep-26;29,00;25.66;26,41;-1,00;;28
04/09/26;CELLNEX;PUT;Sep-26;30,00;25.66;25,57;-1,00;;21
04/09/26;CELLNEX;PUT;Oct-26;22,00;25.66;32,82;-0,07;;1
04/09/26;CELLNEX;PUT;Oct-26;23,00;25.66;31,53;-0,14;;10
04/09/26;CELLNEX;PUT;Oct-26;24,00;25.66;30,23;-0,23;;15
04/09/26;CELLNEX;PUT;Oct-26;25,00;25.66;28,93;-0,37;;4
04/09/26;CELLNEX;PUT;Oct-26;27,00;25.66;27,16;-0,69;;20
04/09/26;CELLNEX;PUT;Nov-26;22,00;25.66;32,62;-0,13;;11
04/09/26;CELLNEX;PUT;Nov-26;23,00;25.66;31,33;-0,20;;20
04/09/26;CELLNEX;PUT;Nov-26;27,00;25.66;27,46;-0,62;20;20
04/09/26;CELLNEX;PUT;Dic-26;18,00;25.66;37,22;-0,03;;2.001
04/09/26;CELLNEX;PUT;Dic-26;20,00;25.66;34,78;-0,07;;20
04/09/26;CELLNEX;PUT;Dic-26;21,00;25.66;33,56;-0,11;;225
04/09/26;CELLNEX;PUT;Dic-26;22,00;25.66;32,34;-0,16;;129
04/09/26;CELLNEX;PUT;Dic-26;23,00;25.66;31,12;-0,22;;689
04/09/26;CELLNEX;PUT;Dic-26;24,00;25.66;29,90;-0,30;;4.558
04/09/26;CELLNEX;PUT;Dic-26;25,00;25.66;28,68;-0,39;;59
04/09/26;CELLNEX;PUT;Dic-26;26,00;25.66;27,77;-0,49;;153
04/09/26;CELLNEX;PUT;Dic-26;27,00;25.66;27,47;-0,60;;84
04/09/26;CELLNEX;PUT;Dic-26;28,00;25.66;27,17;-0,70;;25
04/09/26;CELLNEX;PUT;Dic-26;29,00;25.66;26,87;-0,78;;3
04/09/26;CELLNEX;PUT;Dic-26;30,00;25.66;26,57;-0,86;;1
04/09/26;CELLNEX;PUT;Dic-26;32,00;25.66;25,98;-0,96;;26
04/09/26;CELLNEX;PUT;Dic-26;33,00;25.66;25,68;-1,00;;25
04/09/26;CELLNEX;PUT;Mar-27;20,00;25.66;33,15;-0,13;;1
04/09/26;CELLNEX;PUT;Mar-27;22,00;25.66;31,46;-0,22;;100
04/09/26;CELLNEX;PUT;Mar-27;23,00;25.66;30,62;-0,28;;53
04/09/26;CELLNEX;PUT;Mar-27;24,00;25.66;29,77;-0,35;;2
04/09/26;CELLNEX;PUT;Mar-27;25,00;25.66;28,93;-0,42;;85
04/09/26;CELLNEX;PUT;Mar-27;26,00;25.66;28,26;-0,49;;28
04/09/26;CELLNEX;PUT;Mar-27;27,00;25.66;27,93;-0,57;;117
04/09/26;CELLNEX;PUT;Mar-27;28,00;25.66;27,61;-0,64;;5
04/09/26;CELLNEX;PUT;Mar-27;30,00;25.66;26,96;-0,77;;9
04/09/26;CELLNEX;PUT;Mar-27;31,00;25.66;26,64;-0,82;;2
04/09/26;CELLNEX;PUT;Mar-27;32,00;25.66;26,31;-0,86;;10
04/09/26;CELLNEX;PUT;Mar-27;36,00;25.66;25,01;-0,97;;25
04/09/26;CELLNEX;PUT;Mar-27;37,00;25.66;24,69;-0,98;;25
04/09/26;CELLNEX;PUT;Jun-27;20,00;25.66;32,09;-0,15;;25
04/09/26;CELLNEX;PUT;Jun-27;20,50;25.66;31,76;-0,17;;10
04/09/26;CELLNEX;PUT;Jun-27;22,00;25.66;30,74;-0,24;;26
04/09/26;CELLNEX;PUT;Jun-27;23,00;25.66;30,07;-0,29;;25
04/09/26;CELLNEX;PUT;Jun-27;24,00;25.66;29,39;-0,35;;109
04/09/26;CELLNEX;PUT;Jun-27;25,00;25.66;28,72;-0,41;;25
04/09/26;CELLNEX;PUT;Jun-27;26,00;25.66;28,16;-0,48;;1.575
04/09/26;CELLNEX;PUT;Jun-27;27,00;25.66;27,85;-0,54;;10
04/09/26;CELLNEX;PUT;Jun-27;28,00;25.66;27,54;-0,60;;1
04/09/26;CELLNEX;PUT;Jun-27;29,00;25.66;27,23;-0,66;;1
04/09/26;CELLNEX;PUT;Jun-27;30,00;25.66;26,92;-0,72;;25
04/09/26;CELLNEX;PUT;Jun-27;31,00;25.66;26,61;-0,77;;75
04/09/26;CELLNEX;PUT;Jun-27;32,00;25.66;26,29;-0,82;;50
04/09/26;CELLNEX;PUT;Jun-27;33,00;25.66;25,98;-0,86;;50
04/09/26;CELLNEX;PUT;Jun-27;34,00;25.66;25,67;-0,89;;100
04/09/26;CELLNEX;PUT;Jun-27;35,00;25.66;25,36;-0,92;;100
04/09/26;CELLNEX;PUT;Jun-27;36,00;25.66;25,05;-0,94;;125
04/09/26;CELLNEX;PUT;Jun-27;37,00;25.66;24,73;-0,96;;100
04/09/26;CELLNEX;PUT;Jun-27;38,00;25.66;24,42;-0,97;;100
04/09/26;CELLNEX;PUT;Jun-27;39,00;25.66;24,11;-0,98;;25
04/09/26;CELLNEX;PUT;Sep-27;21,00;25.66;30,06;-0,21;;1
04/09/26;CELLNEX;PUT;Sep-27;24,00;25.66;28,31;-0,36;;3
04/09/26;CELLNEX;PUT;Sep-27;25,00;25.66;27,73;-0,42;;1
04/09/26;CELLNEX;PUT;Sep-27;36,00;25.66;23,85;-0,92;;25
04/09/26;CELLNEX;PUT;Sep-27;37,00;25.66;23,51;-0,94;;25
04/09/26;CELLNEX;PUT;Dic-27;21,00;25.66;29,36;-0,22;;1
04/09/26;CELLNEX;PUT;Dic-27;23,00;25.66;28,37;-0,31;;3
04/09/26;CELLNEX;PUT;Dic-27;30,00;25.66;25,76;-0,67;;75
04/09/26;CELLNEX;PUT;Dic-27;31,00;25.66;25,46;-0,71;;50
04/09/26;CELLNEX;PUT;Dic-27;32,00;25.66;25,17;-0,76;;26
04/09/26;CELLNEX;PUT;Dic-27;33,00;25.66;24,87;-0,79;;25
04/09/26;CELLNEX;PUT;Dic-27;34,00;25.66;24,57;-0,83;;25
04/09/26;CELLNEX;PUT;Mar-28;21,00;25.66;28,91;-0,24;;25
04/09/26;CELLNEX;PUT;Mar-28;22,00;25.66;28,49;-0,28;;100
04/09/26;CELLNEX;PUT;Mar-28;24,00;25.66;27,66;-0,37;;100
04/09/26;CELLNEX;PUT;Mar-28;25,00;25.66;27,24;-0,41;;2
04/09/26;CELLNEX;PUT;Jun-28;30,00;25.66;26,43;-0,62;;3
04/09/26;CELLNEX;CALL;Sep-26;28,00;25.66;29,03;0,07;;25
04/09/26;CELLNEX;CALL;Sep-26;31,00;25.66;26,50;;;25
04/09/26;CELLNEX;CALL;Sep-26;32,00;25.66;25,66;;;25
04/09/26;CELLNEX;CALL;Sep-26;33,00;25.66;24,81;;;25
04/09/26;CELLNEX;CALL;Dic-26;28,00;25.66;28,93;0,33;;50
04/09/26;CELLNEX;CALL;Dic-26;29,00;25.66;28,63;0,25;;3
04/09/26;CELLNEX;CALL;Dic-26;32,00;25.66;27,74;0,09;;50
04/09/26;CELLNEX;CALL;Dic-26;35,00;25.66;26,84;0,02;;18
04/09/26;CELLNEX;CALL;Dic-30;30,00;25.66;30,14;0,45;60;120
04/09/26;CELLNEX;PUT;Sep-26;25,00;25.66;30,11;-0,31;;10
04/09/26;CELLNEX;PUT;Dic-26;24,00;25.66;29,90;-0,29;;2
04/09/26;CELLNEX;PUT;Mar-27;24,00;25.66;29,77;-0,34;;2
04/09/26;CELLNEX;PUT;Mar-27;25,00;25.66;28,93;-0,41;;1
04/09/26;CELLNEX;PUT;Jun-27;23,00;25.66;30,07;-0,28;;2
04/09/26;CIE AUTOMOTIVE;CALL;Sep-26;23,00;25.6;20,82;1,00;;4
04/09/26;CIE AUTOMOTIVE;CALL;Sep-26;30,00;25.6;18,73;;;10
04/09/26;CIE AUTOMOTIVE;CALL;Sep-26;31,00;25.6;18,55;;;11
04/09/26;CIE AUTOMOTIVE;CALL;Sep-26;33,00;25.6;18,18;;;1
04/09/26;CIE AUTOMOTIVE;CALL;Dic-26;22,00;25.6;21,44;0,92;;4
04/09/26;CIE AUTOMOTIVE;CALL;Dic-26;24,00;25.6;20,48;0,76;;1
04/09/26;CIE AUTOMOTIVE;CALL;Dic-26;26,00;25.6;19,65;0,49;;2
04/09/26;CIE AUTOMOTIVE;CALL;Dic-26;27,00;25.6;19,49;0,35;;6
04/09/26;CIE AUTOMOTIVE;CALL;Dic-26;31,00;25.6;18,87;0,04;;2
04/09/26;CIE AUTOMOTIVE;CALL;Mar-27;22,00;25.6;20,85;0,89;;1
04/09/26;CIE AUTOMOTIVE;CALL;Mar-27;24,00;25.6;20,07;0,73;;2
04/09/26;CIE AUTOMOTIVE;CALL;Mar-27;25,00;25.6;19,67;0,61;;2
04/09/26;CIE AUTOMOTIVE;CALL;Mar-27;29,00;25.6;19,09;0,20;;1
04/09/26;CIE AUTOMOTIVE;CALL;Mar-27;30,00;25.6;18,98;0,14;;2
04/09/26;CIE AUTOMOTIVE;CALL;Jun-27;29,00;25.6;19,02;0,26;;43
04/09/26;CIE AUTOMOTIVE;PUT;Sep-26;25,00;25.6;18,87;-0,25;;1
04/09/26;CIE AUTOMOTIVE;PUT;Sep-26;26,00;25.6;18,50;-0,65;;12
04/09/26;CIE AUTOMOTIVE;PUT;Sep-26;26,50;25.6;18,41;-0,83;;1
04/09/26;CIE AUTOMOTIVE;PUT;Dic-26;24,00;25.6;20,21;-0,24;;4
04/09/26;CIE AUTOMOTIVE;PUT;Dic-26;25,00;25.6;19,73;-0,37;;2
04/09/26;CIE AUTOMOTIVE;PUT;Dic-26;26,00;25.6;19,38;-0,52;;2
04/09/26;CIE AUTOMOTIVE;PUT;Mar-27;24,00;25.6;19,79;-0,32;;1
04/09/26;CIE AUTOMOTIVE;PUT;Mar-27;26,00;25.6;19,12;-0,54;;10
04/09/26;CIE AUTOMOTIVE;PUT;Mar-27;28,00;25.6;18,91;-0,75;;20
04/09/26;CIE AUTOMOTIVE;PUT;Jun-27;24,00;25.6;19,68;-0,33;;1
04/09/26;COLONIAL;CALL;Sep-26;5,25;5.31;18,85;0,63;;45
04/09/26;COLONIAL;CALL;Sep-26;5,75;5.31;18,49;0,01;;20
04/09/26;COLONIAL;CALL;Nov-26;5,30;5.31;19,85;0,54;;4
04/09/26;COLONIAL;CALL;Dic-26;4,60;5.31;20,31;0,92;;65
04/09/26;COLONIAL;CALL;Dic-26;5,25;5.31;19,77;0,59;;5
04/09/26;COLONIAL;CALL;Dic-26;5,50;5.31;19,60;0,41;;5
04/09/26;COLONIAL;CALL;Dic-26;9,50;5.31;16,83;;;1
04/09/26;COLONIAL;CALL;Mar-27;5,50;5.31;18,92;0,46;;25
04/09/26;COLONIAL;CALL;Mar-27;5,75;5.31;18,76;0,34;;45
04/09/26;COLONIAL;CALL;Mar-27;6,00;5.31;18,60;0,23;;1
04/09/26;COLONIAL;PUT;Sep-26;4,70;5.31;19,12;;;1
04/09/26;COLONIAL;PUT;Sep-26;4,80;5.31;19,03;;;10
04/09/26;COLONIAL;PUT;Sep-26;5,00;5.31;18,86;-0,05;;219
04/09/26;COLONIAL;PUT;Sep-26;5,25;5.31;18,64;-0,37;;1
04/09/26;COLONIAL;PUT;Sep-26;5,50;5.31;18,46;-0,84;;17
04/09/26;COLONIAL;PUT;Oct-26;5,00;5.31;19,29;-0,17;;1
04/09/26;COLONIAL;PUT;Oct-26;5,25;5.31;19,07;-0,41;;11
04/09/26;COLONIAL;PUT;Oct-26;5,30;5.31;19,02;-0,47;;2
04/09/26;COLONIAL;PUT;Nov-26;5,30;5.31;19,03;-0,46;;2
04/09/26;COLONIAL;PUT;Dic-26;4,00;5.31;20,06;;;1
04/09/26;COLONIAL;PUT;Dic-26;4,30;5.31;19,81;-0,02;;2.000
04/09/26;COLONIAL;PUT;Dic-26;4,80;5.31;19,40;-0,14;;2
04/09/26;COLONIAL;PUT;Dic-26;4,90;5.31;19,32;-0,19;;2
04/09/26;COLONIAL;PUT;Dic-26;5,00;5.31;19,24;-0,25;;130
04/09/26;COLONIAL;PUT;Dic-26;5,25;5.31;19,03;-0,42;;981
04/09/26;COLONIAL;PUT;Dic-26;5,50;5.31;18,86;-0,61;;102
04/09/26;COLONIAL;PUT;Mar-27;4,80;5.31;18,78;-0,19;;1
04/09/26;COLONIAL;PUT;Mar-27;5,00;5.31;18,68;-0,28;;106
04/09/26;COLONIAL;PUT;Mar-27;5,25;5.31;18,56;-0,42;;202
04/09/26;COLONIAL;PUT;Mar-27;5,50;5.31;18,41;-0,56;;304
04/09/26;COLONIAL;PUT;Jun-27;5,50;5.31;19,36;-0,53;;141
04/09/26;EBRO FOODS;CALL;Sep-26;18,50;18.4;13,31;0,44;;3
04/09/26;EBRO FOODS;CALL;Sep-26;19,00;18.4;12,04;0,10;;3
04/09/26;EBRO FOODS;CALL;Mar-27;18,50;18.4;13,54;0,50;;1
04/09/26;EBRO FOODS;CALL;Jun-27;18,00;18.4;14,09;0,60;;1
04/09/26;EBRO FOODS;PUT;Sep-26;17,00;18.4;12,97;;;1
04/09/26;EBRO FOODS;PUT;Sep-26;17,50;18.4;12,55;-0,02;;1
04/09/26;EBRO FOODS;PUT;Sep-26;18,00;18.4;12,13;-0,17;;1
04/09/26;EBRO FOODS;PUT;Oct-26;17,00;18.4;13,62;-0,06;;1
04/09/26;EBRO FOODS;PUT;Dic-26;17,50;18.4;13,57;-0,26;;4
04/09/26;EBRO FOODS;PUT;Jun-27;18,00;18.4;13,42;-0,43;;8
04/09/26;ENAGAS;CALL;Sep-26;15,00;16.6;21,24;0,99;;1
04/09/26;ENAGAS;CALL;Sep-26;16,00;16.6;19,33;0,84;;7
04/09/26;ENAGAS;CALL;Sep-26;17,00;16.6;17,65;0,26;;4
04/09/26;ENAGAS;CALL;Sep-26;17,50;16.6;16,98;0,06;;307
04/09/26;ENAGAS;CALL;Sep-26;18,00;16.6;16,31;0,01;;46
04/09/26;ENAGAS;CALL;Sep-26;18,50;16.6;15,63;;;26
04/09/26;ENAGAS;CALL;Sep-26;19,00;16.6;14,96;;;1
04/09/26;ENAGAS;CALL;Oct-26;17,00;16.6;20,64;0,40;;1
04/09/26;ENAGAS;CALL;Oct-26;18,00;16.6;19,30;0,12;;1
04/09/26;ENAGAS;CALL;Oct-26;19,00;16.6;17,95;0,02;;1
04/09/26;ENAGAS;CALL;Nov-26;18,00;16.6;20,07;0,22;;5
04/09/26;ENAGAS;CALL;Dic-26;15,50;16.6;24,39;0,74;;25
04/09/26;ENAGAS;CALL;Dic-26;16,00;16.6;23,49;0,66;;417
04/09/26;ENAGAS;CALL;Dic-26;17,00;16.6;21,99;0,47;;30
04/09/26;ENAGAS;CALL;Dic-26;17,50;16.6;21,44;0,37;;38
04/09/26;ENAGAS;CALL;Dic-26;18,00;16.6;20,90;0,28;;88
04/09/26;ENAGAS;CALL;Dic-26;18,50;16.6;20,36;0,19;;60
04/09/26;ENAGAS;CALL;Dic-26;19,00;16.6;19,82;0,13;;146
04/09/26;ENAGAS;CALL;Dic-26;19,50;16.6;19,28;0,08;;123
04/09/26;ENAGAS;CALL;Dic-26;20,00;16.6;18,73;0,04;;27
04/09/26;ENAGAS;CALL;Mar-27;12,00;16.6;28,04;0,98;;1
04/09/26;ENAGAS;CALL;Mar-27;15,50;16.6;23,26;0,71;;301
04/09/26;ENAGAS;CALL;Mar-27;16,00;16.6;22,58;0,64;;32
04/09/26;ENAGAS;CALL;Mar-27;17,00;16.6;21,46;0,47;;56
04/09/26;ENAGAS;CALL;Mar-27;17,50;16.6;21,09;0,39;;34
04/09/26;ENAGAS;CALL;Mar-27;18,00;16.6;20,72;0,31;;143
04/09/26;ENAGAS;CALL;Mar-27;19,00;16.6;19,98;0,18;;63
04/09/26;ENAGAS;CALL;Mar-27;19,50;16.6;19,61;0,13;;10
04/09/26;ENAGAS;CALL;Mar-27;20,00;16.6;19,23;0,09;;96
04/09/26;ENAGAS;CALL;Jun-27;16,00;16.6;23,20;0,61;;10
04/09/26;ENAGAS;CALL;Jun-27;18,00;16.6;21,66;0,37;;26
04/09/26;ENAGAS;CALL;Jun-27;19,50;16.6;20,82;0,21;;2
04/09/26;ENAGAS;CALL;Jun-27;20,00;16.6;20,54;0,17;;5
04/09/26;ENAGAS;CALL;Sep-27;20,00;16.6;21,65;0,20;;29
04/09/26;ENAGAS;CALL;Sep-27;20,50;16.6;21,38;0,17;;2
04/09/26;ENAGAS;CALL;Dic-27;15,00;16.6;25,63;0,70;;1
04/09/26;ENAGAS;CALL;Dic-27;16,00;16.6;24,49;0,60;;26
04/09/26;ENAGAS;CALL;Dic-27;19,50;16.6;22,46;0,28;;2
04/09/26;ENAGAS;CALL;Dic-27;20,00;16.6;22,23;0,24;;1
04/09/26;ENAGAS;CALL;Dic-27;20,50;16.6;22,00;0,21;;1
04/09/26;ENAGAS;CALL;Dic-27;21,00;16.6;21,77;0,18;;10
04/09/26;ENAGAS;CALL;Jun-28;18,00;16.6;21,55;0,40;;1
04/09/26;ENAGAS;CALL;Dic-28;16,00;16.6;20,76;0,59;;1
04/09/26;ENAGAS;PUT;Sep-26;12,00;16.6;26,54;;;6
04/09/26;ENAGAS;PUT;Sep-26;12,50;16.6;25,58;;;12
04/09/26;ENAGAS;PUT;Sep-26;13,00;16.6;24,63;;;217
04/09/26;ENAGAS;PUT;Sep-26;13,50;16.6;23,67;;;27
04/09/26;ENAGAS;PUT;Sep-26;14,00;16.6;22,72;;;44
04/09/26;ENAGAS;PUT;Sep-26;14,50;16.6;21,77;;;1
04/09/26;ENAGAS;PUT;Sep-26;15,00;16.6;20,81;-0,01;;25
04/09/26;ENAGAS;PUT;Sep-26;15,50;16.6;19,86;-0,04;;45
04/09/26;ENAGAS;PUT;Sep-26;16,00;16.6;18,90;-0,15;;11
04/09/26;ENAGAS;PUT;Sep-26;16,50;16.6;17,95;-0,42;;16
04/09/26;ENAGAS;PUT;Sep-26;16,75;16.6;17,56;-0,59;;17
04/09/26;ENAGAS;PUT;Sep-26;17,00;16.6;17,22;-0,75;;1
04/09/26;ENAGAS;PUT;Sep-26;17,50;16.6;16,55;-0,96;;3
04/09/26;ENAGAS;PUT;Sep-26;18,00;16.6;15,88;-1,00;;2
04/09/26;ENAGAS;PUT;Oct-26;15,50;16.6;22,96;-0,17;;1
04/09/26;ENAGAS;PUT;Oct-26;16,00;16.6;22,03;-0,29;10;14
04/09/26;ENAGAS;PUT;Oct-26;16,50;16.6;21,10;-0,44;;5
04/09/26;ENAGAS;PUT;Nov-26;15,00;16.6;25,13;-0,16;;3
04/09/26;ENAGAS;PUT;Nov-26;16,00;16.6;23,28;-0,33;;17
04/09/26;ENAGAS;PUT;Nov-26;16,50;16.6;22,35;-0,44;;1
04/09/26;ENAGAS;PUT;Dic-26;12,50;16.6;31,56;-0,04;;2
04/09/26;ENAGAS;PUT;Dic-26;13,00;16.6;30,66;-0,05;;227
04/09/26;ENAGAS;PUT;Dic-26;13,50;16.6;29,77;-0,08;;51
04/09/26;ENAGAS;PUT;Dic-26;14,00;16.6;28,88;-0,11;;283
04/09/26;ENAGAS;PUT;Dic-26;14,50;16.6;27,98;-0,15;;126
04/09/26;ENAGAS;PUT;Dic-26;15,00;16.6;27,09;-0,21;;612
04/09/26;ENAGAS;PUT;Dic-26;15,50;16.6;26,20;-0,28;;35
04/09/26;ENAGAS;PUT;Dic-26;16,00;16.6;25,30;-0,35;;41
04/09/26;ENAGAS;PUT;Dic-26;16,50;16.6;24,41;-0,44;;25
04/09/26;ENAGAS;PUT;Dic-26;17,50;16.6;23,25;-0,63;;26
04/09/26;ENAGAS;PUT;Mar-27;12,00;16.6;26,70;-0,05;;1
04/09/26;ENAGAS;PUT;Mar-27;13,00;16.6;25,34;-0,09;;25
04/09/26;ENAGAS;PUT;Mar-27;14,00;16.6;23,97;-0,16;;233
04/09/26;ENAGAS;PUT;Mar-27;14,50;16.6;23,29;-0,21;;56
04/09/26;ENAGAS;PUT;Mar-27;15,00;16.6;22,60;-0,27;;30
04/09/26;ENAGAS;PUT;Mar-27;15,50;16.6;21,92;-0,34;;4
04/09/26;ENAGAS;PUT;Mar-27;16,00;16.6;21,24;-0,41;;540
04/09/26;ENAGAS;PUT;Mar-27;16,50;16.6;20,56;-0,49;;27
04/09/26;ENAGAS;PUT;Mar-27;17,00;16.6;20,12;-0,58;;36
04/09/26;ENAGAS;PUT;Jun-27;17,00;16.6;20,19;-0,55;;52
04/09/26;ENAGAS;PUT;Jun-27;17,50;16.6;19,90;-0,62;;28
04/09/26;ENAGAS;PUT;Sep-27;12,50;16.6;25,70;-0,14;;470
04/09/26;ENAGAS;PUT;Sep-27;13,00;16.6;25,11;-0,17;;75
04/09/26;ENAGAS;PUT;Sep-27;13,50;16.6;24,51;-0,21;;1
04/09/26;ENAGAS;PUT;Sep-27;14,00;16.6;23,92;-0,25;;25
04/09/26;ENAGAS;PUT;Sep-27;17,00;16.6;20,62;-0,58;;25
04/09/26;ENAGAS;PUT;Dic-27;11,00;16.6;26,82;-0,08;;4.100
04/09/26;ENAGAS;PUT;Dic-27;14,00;16.6;23,39;-0,26;;1
04/09/26;ENAGAS;PUT;Mar-28;12,00;16.6;23,89;-0,14;;75
04/09/26;ENAGAS;PUT;Mar-28;14,50;16.6;21,28;-0,32;;173
04/09/26;ENAGAS;PUT;Mar-28;15,50;16.6;20,24;-0,42;;25
04/09/26;ENAGAS;PUT;Mar-28;16,00;16.6;19,72;-0,47;;50
04/09/26;ENAGAS;PUT;Mar-28;16,50;16.6;19,19;-0,53;;25
04/09/26;ENAGAS;PUT;Jun-28;16,00;16.6;18,77;-0,47;;25
04/09/26;ENAGAS;PUT;Jun-28;16,50;16.6;18,28;-0,52;;25
04/09/26;ENAGAS;PUT;Jun-28;18,00;16.6;17,73;-0,67;;141
04/09/26;ENAGAS;CALL;Sep-26;12,50;16.6;26,01;1,00;;25
04/09/26;ENAGAS;CALL;Sep-26;13,50;16.6;24,10;1,00;;5
04/09/26;ENAGAS;CALL;Sep-26;14,00;16.6;23,15;1,00;;6
04/09/26;ENAGAS;CALL;Sep-26;17,00;16.6;17,65;0,26;;1
04/09/26;ENAGAS;CALL;Sep-26;17,50;16.6;16,98;0,06;;1
04/09/26;ENAGAS;CALL;Sep-26;18,00;16.6;16,31;0,01;;25
04/09/26;ENAGAS;CALL;Dic-26;16,50;16.6;22,60;0,56;;25
04/09/26;ENAGAS;CALL;Dic-26;17,00;16.6;21,99;0,46;25;50
04/09/26;ENAGAS;CALL;Dic-26;17,50;16.6;21,44;0,37;;50
04/09/26;ENAGAS;CALL;Dic-26;18,00;16.6;20,90;0,27;;25
04/09/26;ENAGAS;PUT;Sep-26;11,00;16.6;28,44;;;1
04/09/26;ENAGAS;PUT;Sep-26;14,00;16.6;22,72;;;25
04/09/26;ENAGAS;PUT;Sep-26;15,50;16.6;19,86;-0,04;;25
04/09/26;ENAGAS;PUT;Sep-26;16,00;16.6;18,90;-0,15;;2
04/09/26;ENAGAS;PUT;Sep-26;17,00;16.6;17,22;-0,74;;25
04/09/26;ENAGAS;PUT;Nov-26;15,50;16.6;24,20;-0,24;;2
04/09/26;ENAGAS;PUT;Dic-26;13,00;16.6;30,66;-0,05;;25
04/09/26;ENAGAS;PUT;Dic-26;13,50;16.6;29,77;-0,08;;75
04/09/26;ENAGAS;PUT;Dic-26;14,00;16.6;28,88;-0,11;;25
04/09/26;ENAGAS;PUT;Dic-26;15,50;16.6;26,20;-0,27;;5
04/09/26;ENAGAS;PUT;Dic-26;16,50;16.6;24,41;-0,43;;10
04/09/26;ENAGAS;PUT;Mar-27;14,50;16.6;23,29;-0,21;;50
04/09/26;ENAGAS;PUT;Mar-27;15,00;16.6;22,60;-0,26;;1
04/09/26;ENAGAS;PUT;Mar-27;15,50;16.6;21,92;-0,32;;9
04/09/26;ENAGAS;PUT;Jun-27;15,50;16.6;21,78;-0,33;;6
04/09/26;ENCE;CALL;Mar-27;2,00;2.53;24,56;0,96;;13
04/09/26;ENCE;CALL;Mar-27;2,10;2.53;24,46;0,90;;4
04/09/26;ENCE;CALL;Jun-27;2,40;2.53;23,59;0,64;;10
04/09/26;ENCE;CALL;Mar-28;2,00;2.53;27,90;0,85;;4
04/09/26;ENCE;PUT;Sep-26;4,70;2.53;8,07;-1,00;;10
04/09/26;ENCE;PUT;Jun-27;2,70;2.53;24,37;-0,61;;5
04/09/26;ENDESA;CALL;Sep-26;38,00;41.22;19,16;0,99;;1
04/09/26;ENDESA;CALL;Sep-26;40,00;41.22;17,17;0,82;;1
04/09/26;ENDESA;CALL;Sep-26;41,00;41.22;16,18;0,58;;5
04/09/26;ENDESA;CALL;Sep-26;42,00;41.22;15,85;0,29;3;1
04/09/26;ENDESA;CALL;Sep-26;43,00;41.22;15,72;0,09;;5
04/09/26;ENDESA;CALL;Oct-26;40,00;41.22;19,42;0,70;;5
04/09/26;ENDESA;CALL;Oct-26;44,00;41.22;17,82;0,16;;1
04/09/26;ENDESA;CALL;Nov-26;44,00;41.22;18,63;0,26;;3
04/09/26;ENDESA;CALL;Dic-26;24,00;41.22;34,77;1,00;;2
04/09/26;ENDESA;CALL;Dic-26;35,00;41.22;24,80;0,91;;10
04/09/26;ENDESA;CALL;Dic-26;36,00;41.22;23,90;0,88;;10
04/09/26;ENDESA;CALL;Dic-26;37,00;41.22;22,99;0,84;;4
04/09/26;ENDESA;CALL;Dic-26;38,00;41.22;22,09;0,79;;4
04/09/26;ENDESA;CALL;Dic-26;40,00;41.22;20,27;0,65;;19
04/09/26;ENDESA;CALL;Dic-26;42,00;41.22;19,09;0,48;;1
04/09/26;ENDESA;CALL;Dic-26;43,00;41.22;18,98;0,39;;5
04/09/26;ENDESA;CALL;Dic-26;45,00;41.22;18,77;0,23;;11
04/09/26;ENDESA;CALL;Dic-26;46,00;41.22;18,67;0,17;;10
04/09/26;ENDESA;CALL;Dic-26;47,00;41.22;18,56;0,12;;20
04/09/26;ENDESA;CALL;Dic-26;48,00;41.22;18,46;0,08;;15
04/09/26;ENDESA;CALL;Mar-27;32,00;41.22;28,34;0,93;;1
04/09/26;ENDESA;CALL;Mar-27;34,00;41.22;26,56;0,88;;150
04/09/26;ENDESA;CALL;Mar-27;40,00;41.22;21,23;0,62;;1
04/09/26;ENDESA;CALL;Mar-27;41,00;41.22;20,34;0,56;;3
04/09/26;ENDESA;CALL;Mar-27;43,00;41.22;19,97;0,43;;5
04/09/26;ENDESA;CALL;Mar-27;44,00;41.22;19,87;0,36;;2
04/09/26;ENDESA;CALL;Mar-27;45,00;41.22;19,77;0,30;;1
04/09/26;ENDESA;CALL;Mar-27;54,00;41.22;18,90;0,03;;38
04/09/26;ENDESA;CALL;Mar-27;56,00;41.22;18,71;0,01;;15
04/09/26;ENDESA;CALL;Jun-27;25,00;41.22;32,91;0,98;;1
04/09/26;ENDESA;CALL;Jun-27;27,00;41.22;31,37;0,96;;2
04/09/26;ENDESA;CALL;Jun-27;32,00;41.22;27,53;0,89;;294
04/09/26;ENDESA;CALL;Jun-27;33,00;41.22;26,76;0,87;;291
04/09/26;ENDESA;CALL;Jun-27;37,00;41.22;23,69;0,74;;1
04/09/26;ENDESA;CALL;Jun-27;38,00;41.22;22,92;0,71;;1
04/09/26;ENDESA;CALL;Jun-27;41,00;41.22;20,62;0,57;;2
04/09/26;ENDESA;CALL;Jun-27;42,00;41.22;20,37;0,51;;2
04/09/26;ENDESA;CALL;Jun-27;44,00;41.22;20,16;0,41;;40
04/09/26;ENDESA;CALL;Jun-27;46,00;41.22;19,95;0,32;;50
04/09/26;ENDESA;CALL;Jun-27;48,00;41.22;19,74;0,23;;5
04/09/26;ENDESA;CALL;Jun-27;54,00;41.22;19,11;0,07;;155
04/09/26;ENDESA;CALL;Jun-27;56,00;41.22;18,90;0,05;;410
04/09/26;ENDESA;CALL;Sep-27;43,00;41.22;21,16;0,47;;75
04/09/26;ENDESA;CALL;Sep-27;44,00;41.22;21,03;0,43;;150
04/09/26;ENDESA;CALL;Sep-27;45,00;41.22;20,90;0,38;;1
04/09/26;ENDESA;CALL;Sep-27;49,00;41.22;20,38;0,23;;7
04/09/26;ENDESA;CALL;Dic-27;29,00;41.22;29,22;0,92;;1
04/09/26;ENDESA;CALL;Dic-27;31,00;41.22;27,96;0,88;;1
04/09/26;ENDESA;CALL;Dic-27;34,00;41.22;26,06;0,81;;1
04/09/26;ENDESA;CALL;Dic-27;40,00;41.22;22,28;0,61;;26
04/09/26;ENDESA;CALL;Dic-27;50,00;41.22;20,52;0,23;;2
04/09/26;ENDESA;CALL;Dic-27;52,00;41.22;20,29;0,18;;1
04/09/26;ENDESA;CALL;Mar-28;40,00;41.22;22,16;0,60;;25
04/09/26;ENDESA;CALL;Mar-28;44,00;41.22;21,18;0,45;;20
04/09/26;ENDESA;CALL;Mar-28;45,00;41.22;21,09;0,41;;1.215
04/09/26;ENDESA;CALL;Mar-28;46,00;41.22;21,00;0,38;;85
04/09/26;ENDESA;CALL;Mar-28;47,00;41.22;20,92;0,34;;795
04/09/26;ENDESA;CALL;Mar-28;48,00;41.22;20,83;0,31;;290
04/09/26;ENDESA;CALL;Mar-28;49,00;41.22;20,74;0,28;;80
04/09/26;ENDESA;CALL;Mar-28;50,00;41.22;20,65;0,25;;75
04/09/26;ENDESA;CALL;Mar-28;56,00;41.22;20,12;0,12;;13
04/09/26;ENDESA;CALL;Jun-28;46,00;41.22;21,05;0,40;;10
04/09/26;ENDESA;PUT;Sep-26;25,00;41.22;32,96;;;4
04/09/26;ENDESA;PUT;Sep-26;27,00;41.22;30,97;;;445
04/09/26;ENDESA;PUT;Sep-26;28,00;41.22;29,98;;;19
04/09/26;ENDESA;PUT;Sep-26;29,00;41.22;28,98;;;148
04/09/26;ENDESA;PUT;Sep-26;30,00;41.22;27,99;;;147
04/09/26;ENDESA;PUT;Sep-26;31,00;41.22;27,00;;;146
04/09/26;ENDESA;PUT;Sep-26;34,00;41.22;24,01;;;10
04/09/26;ENDESA;PUT;Sep-26;35,00;41.22;23,02;;;25
04/09/26;ENDESA;PUT;Sep-26;36,00;41.22;22,02;;;50
04/09/26;ENDESA;PUT;Sep-26;37,00;41.22;21,03;;;30
04/09/26;ENDESA;PUT;Sep-26;38,00;41.22;20,03;-0,02;;15
04/09/26;ENDESA;PUT;Sep-26;40,00;41.22;18,04;-0,19;;7
04/09/26;ENDESA;PUT;Sep-26;41,00;41.22;17,05;-0,42;;5
04/09/26;ENDESA;PUT;Sep-26;42,50;41.22;16,65;-0,82;;1
04/09/26;ENDESA;PUT;Sep-26;43,00;41.22;16,59;-0,90;;5
04/09/26;ENDESA;PUT;Dic-26;19,00;41.22;38,76;;;15
04/09/26;ENDESA;PUT;Dic-26;28,00;41.22;30,61;-0,01;;25
04/09/26;ENDESA;PUT;Dic-26;30,00;41.22;28,80;-0,01;;10
04/09/26;ENDESA;PUT;Dic-26;32,00;41.22;26,99;-0,03;;10
04/09/26;ENDESA;PUT;Dic-26;33,00;41.22;26,08;-0,04;;35
04/09/26;ENDESA;PUT;Dic-26;34,00;41.22;25,18;-0,06;;1
04/09/26;ENDESA;PUT;Dic-26;35,00;41.22;24,27;-0,09;;10
04/09/26;ENDESA;PUT;Dic-26;37,00;41.22;22,46;-0,16;;10
04/09/26;ENDESA;PUT;Dic-26;38,00;41.22;21,56;-0,21;;4
04/09/26;ENDESA;PUT;Dic-26;39,00;41.22;20,65;-0,27;;10
04/09/26;ENDESA;PUT;Dic-26;40,00;41.22;19,74;-0,35;;10
04/09/26;ENDESA;PUT;Mar-27;37,00;41.22;22,06;-0,23;;10
04/09/26;ENDESA;PUT;Mar-27;39,00;41.22;20,28;-0,33;;10
04/09/26;ENDESA;PUT;Jun-27;15,50;41.22;38,32;;;5
04/09/26;ENDESA;PUT;Jun-27;22,00;41.22;33,33;-0,01;;10
04/09/26;ENDESA;PUT;Jun-27;37,00;41.22;21,80;-0,25;;3
04/09/26;ENDESA;PUT;Jun-27;38,00;41.22;21,03;-0,29;;4
04/09/26;ENDESA;PUT;Dic-27;17,50;41.22;33,17;-0,01;;1
04/09/26;ENDESA;PUT;Dic-27;27,00;41.22;27,18;-0,07;;1
04/09/26;ENDESA;PUT;Dic-27;30,00;41.22;25,29;-0,11;;5
04/09/26;ENDESA;PUT;Dic-27;31,00;41.22;24,66;-0,13;;30
04/09/26;ENDESA;PUT;Dic-27;32,00;41.22;24,03;-0,15;;5
04/09/26;ENDESA;PUT;Dic-27;34,00;41.22;22,76;-0,20;;5
04/09/26;ENDESA;PUT;Dic-27;44,00;41.22;17,90;-0,63;;15
04/09/26;ENDESA;PUT;Mar-28;22,00;41.22;29,65;-0,03;;150
04/09/26;ENDESA;PUT;Mar-28;24,00;41.22;28,45;-0,05;;150
04/09/26;ENDESA;PUT;Mar-28;26,00;41.22;27,26;-0,07;;150
04/09/26;ENDESA;PUT;Mar-28;27,00;41.22;26,66;-0,08;;150
04/09/26;ENDESA;PUT;Mar-28;28,00;41.22;26,06;-0,09;;150
04/09/26;ENDESA;PUT;Jun-28;25,00;41.22;27,46;-0,06;;150
04/09/26;ENDESA;PUT;Jun-28;26,00;41.22;26,90;-0,07;;150
04/09/26;ENDESA;PUT;Jun-28;27,00;41.22;26,33;-0,09;;293
04/09/26;ENDESA;PUT;Jun-28;29,00;41.22;25,20;-0,12;;143
04/09/26;ENDESA;PUT;Jun-28;30,00;41.22;24,63;-0,14;;143
04/09/26;ENDESA;PUT;Jun-28;31,00;41.22;24,07;-0,16;;142
04/09/26;ENDESA;PUT;Jun-28;32,00;41.22;23,50;-0,18;;142
04/09/26;ENDESA;PUT;Jun-28;33,00;41.22;22,93;-0,20;;142
04/09/26;ENDESA;PUT;Dic-28;31,00;41.22;23,09;-0,18;;16
04/09/26;ENDESA;CALL;Sep-26;17,00;41.22;40,05;1,00;;25
04/09/26;ENDESA;CALL;Sep-26;34,00;41.22;23,14;1,00;;25
04/09/26;ENDESA;CALL;Sep-26;34,00;41.22;23,14;1,00;;25
04/09/26;ENDESA;CALL;Sep-26;43,00;41.22;15,72;0,09;;1
04/09/26;ENDESA;CALL;Oct-26;42,00;41.22;18,09;0,41;;1
04/09/26;ENDESA;CALL;Oct-26;44,00;41.22;17,82;0,16;;2
04/09/26;ENDESA;CALL;Dic-26;33,00;41.22;26,61;0,95;;10
04/09/26;ENDESA;CALL;Dic-26;40,00;41.22;20,27;0,65;;10
04/09/26;ENDESA;CALL;Dic-26;42,00;41.22;19,09;0,47;;10
04/09/26;ENDESA;CALL;Mar-27;37,00;41.22;23,89;0,75;;10
04/09/26;ENDESA;PUT;Sep-26;24,00;41.22;33,96;;;25
04/09/26;ENDESA;PUT;Sep-26;25,00;41.22;32,96;;;25
04/09/26;ENDESA;PUT;Sep-26;26,00;41.22;31,97;;;25
04/09/26;ENDESA;PUT;Sep-26;26,00;41.22;31,97;;;25
04/09/26;ENDESA;PUT;Sep-26;32,00;41.22;26,00;;;10
04/09/26;ENDESA;PUT;Sep-26;34,00;41.22;24,01;;;25
04/09/26;ENDESA;PUT;Sep-26;35,00;41.22;23,02;;;25
04/09/26;ENDESA;PUT;Sep-26;35,00;41.22;23,02;;;50
04/09/26;ENDESA;PUT;Sep-26;36,00;41.22;22,02;;;25
04/09/26;ENDESA;PUT;Sep-26;37,00;41.22;21,03;;;50
04/09/26;ENDESA;PUT;Sep-26;39,00;41.22;19,04;-0,06;;10
04/09/26;ENDESA;PUT;Oct-26;40,00;41.22;19,16;-0,30;;10
04/09/26;ENDESA;PUT;Dic-26;32,00;41.22;26,99;-0,03;;8
04/09/26;ENDESA;PUT;Dic-26;36,00;41.22;23,37;-0,12;;10
04/09/26;ENDESA;PUT;Dic-26;39,00;41.22;20,65;-0,27;;30
04/09/26;FCC;CALL;Sep-26;10,50;10.92;17,65;0,88;;1
04/09/26;FCC;CALL;Jun-27;11,00;10.92;17,67;0,57;;1
04/09/26;FCC;CALL;Dic-27;16,50;10.92;17,94;0,02;;1
04/09/26;FCC;CALL;Jun-28;11,50;10.92;23,59;0,50;;200
04/09/26;FCC;PUT;Sep-26;11,00;10.92;18,17;-0,57;;1
04/09/26;FCC;PUT;Sep-26;11,50;10.92;16,72;-0,95;;1
04/09/26;FCC;PUT;Sep-26;12,00;10.92;15,27;-1,00;;3
04/09/26;FCC;PUT;Dic-26;10,50;10.92;20,54;-0,32;;20
04/09/26;FCC;PUT;Mar-27;9,50;10.92;21,46;-0,15;;257
04/09/26;FCC;PUT;Mar-27;10,00;10.92;20,90;-0,23;;250
04/09/26;FCC;PUT;Mar-27;10,50;10.92;20,33;-0,34;;482
04/09/26;FCC;PUT;Mar-27;11,00;10.92;19,70;-0,47;;224
04/09/26;FCC;PUT;Jun-27;11,50;10.92;20,17;-0,56;;3
04/09/26;FCC;PUT;Jun-27;12,00;10.92;19,56;-0,67;;417
04/09/26;FCC;PUT;Sep-27;11,00;10.92;22,77;-0,54;;226
04/09/26;FERROVIAL;CALL;Sep-26;50,00;50.0;26,31;0,52;;56
04/09/26;FERROVIAL;CALL;Sep-26;52,00;50.0;25,26;0,23;;40
04/09/26;FERROVIAL;CALL;Sep-26;53,00;50.0;24,73;0,12;;4
04/09/26;FERROVIAL;CALL;Sep-26;54,00;50.0;24,20;0,06;;56
04/09/26;FERROVIAL;CALL;Sep-26;56,00;50.0;23,15;0,01;;61
04/09/26;FERROVIAL;CALL;Sep-26;57,00;50.0;22,62;;;6
04/09/26;FERROVIAL;CALL;Sep-26;58,00;50.0;22,10;;;2.060
04/09/26;FERROVIAL;CALL;Sep-26;60,00;50.0;21,04;;;92
04/09/26;FERROVIAL;CALL;Sep-26;62,00;50.0;19,99;;;104
04/09/26;FERROVIAL;CALL;Sep-26;64,00;50.0;18,94;;;10
04/09/26;FERROVIAL;CALL;Sep-26;66,00;50.0;17,88;;;25
04/09/26;FERROVIAL;CALL;Sep-26;74,00;50.0;13,67;;;75
04/09/26;FERROVIAL;CALL;Oct-26;54,00;50.0;23,38;0,19;;17
04/09/26;FERROVIAL;CALL;Oct-26;56,00;50.0;22,31;0,08;;9
04/09/26;FERROVIAL;CALL;Nov-26;56,00;50.0;23,11;0,15;;50
04/09/26;FERROVIAL;CALL;Nov-26;60,00;50.0;21,11;0,03;;1
04/09/26;FERROVIAL;CALL;Dic-26;47,00;50.0;28,72;0,69;;1
04/09/26;FERROVIAL;CALL;Dic-26;50,00;50.0;25,84;0,53;;50
04/09/26;FERROVIAL;CALL;Dic-26;52,00;50.0;25,09;0,41;;26
04/09/26;FERROVIAL;CALL;Dic-26;54,00;50.0;24,35;0,30;;25
04/09/26;FERROVIAL;CALL;Dic-26;56,00;50.0;23,60;0,20;;54
04/09/26;FERROVIAL;CALL;Dic-26;58,00;50.0;22,85;0,12;;25
04/09/26;FERROVIAL;CALL;Dic-26;60,00;50.0;22,11;0,07;;3.025
04/09/26;FERROVIAL;CALL;Dic-26;64,00;50.0;20,61;0,01;;5
04/09/26;FERROVIAL;CALL;Dic-26;66,00;50.0;19,87;;;5
04/09/26;FERROVIAL;CALL;Dic-26;68,00;50.0;19,12;;;235
04/09/26;FERROVIAL;CALL;Dic-26;70,00;50.0;18,37;;;25
04/09/26;FERROVIAL;CALL;Mar-27;45,00;50.0;28,59;0,73;;54
04/09/26;FERROVIAL;CALL;Mar-27;50,00;50.0;25,12;0,55;;102
04/09/26;FERROVIAL;CALL;Mar-27;52,00;50.0;24,71;0,46;;15
04/09/26;FERROVIAL;CALL;Mar-27;58,00;50.0;23,47;0,23;;25
04/09/26;FERROVIAL;CALL;Mar-27;60,00;50.0;23,05;0,17;;25
04/09/26;FERROVIAL;CALL;Mar-27;62,00;50.0;22,64;0,12;;25
04/09/26;FERROVIAL;CALL;Sep-27;44,00;50.0;28,57;0,74;;25
04/09/26;FERROVIAL;CALL;Sep-27;50,00;50.0;25,49;0,57;;25
04/09/26;FERROVIAL;CALL;Sep-27;52,00;50.0;25,21;0,51;;25
04/09/26;FERROVIAL;CALL;Sep-27;56,00;50.0;24,65;0,39;;25
04/09/26;FERROVIAL;CALL;Dic-27;50,00;50.0;25,67;0,58;;25
04/09/26;FERROVIAL;CALL;Dic-27;60,00;50.0;24,34;0,32;;25
04/09/26;FERROVIAL;CALL;Dic-27;70,00;50.0;23,00;0,13;;25
04/09/26;FERROVIAL;CALL;Mar-28;52,00;50.0;25,50;0,54;;25
04/09/26;FERROVIAL;CALL;Mar-28;54,00;50.0;25,22;0,49;;50
04/09/26;FERROVIAL;CALL;Mar-28;60,00;50.0;24,38;0,35;;25
04/09/26;FERROVIAL;CALL;Mar-28;66,00;50.0;23,54;0,23;;25
04/09/26;FERROVIAL;CALL;Jun-28;50,00;50.0;25,92;0,60;;50
04/09/26;FERROVIAL;CALL;Jun-28;56,00;50.0;25,16;0,46;;50
04/09/26;FERROVIAL;CALL;Jun-28;58,00;50.0;24,91;0,42;;25
04/09/26;FERROVIAL;PUT;Sep-26;36,00;50.0;40,71;;;25
04/09/26;FERROVIAL;PUT;Sep-26;42,00;50.0;34,35;;;25
04/09/26;FERROVIAL;PUT;Sep-26;45,00;50.0;31,17;-0,04;;25
04/09/26;FERROVIAL;PUT;Sep-26;47,00;50.0;29,05;-0,13;3;28
04/09/26;FERROVIAL;PUT;Sep-26;48,00;50.0;27,99;-0,22;;54
04/09/26;FERROVIAL;PUT;Sep-26;49,00;50.0;26,93;-0,34;;29
04/09/26;FERROVIAL;PUT;Sep-26;50,00;50.0;25,87;-0,48;;53
04/09/26;FERROVIAL;PUT;Sep-26;52,00;50.0;24,82;-0,78;;3.002
04/09/26;FERROVIAL;PUT;Sep-26;54,00;50.0;23,76;-0,96;;1.544
04/09/26;FERROVIAL;PUT;Sep-26;58,00;50.0;21,66;-1,00;;35
04/09/26;FERROVIAL;PUT;Sep-26;64,00;50.0;18,50;-1,00;;25
04/09/26;FERROVIAL;PUT;Oct-26;46,00;50.0;28,63;-0,18;;5
04/09/26;FERROVIAL;PUT;Oct-26;48,00;50.0;26,57;-0,30;;7
04/09/26;FERROVIAL;PUT;Oct-26;49,00;50.0;25,53;-0,38;;15
04/09/26;FERROVIAL;PUT;Nov-26;43,00;50.0;31,75;-0,14;;7
04/09/26;FERROVIAL;PUT;Nov-26;46,00;50.0;28,67;-0,25;;2
04/09/26;FERROVIAL;PUT;Dic-26;44,00;50.0;30,68;-0,20;;51
04/09/26;FERROVIAL;PUT;Dic-26;48,00;50.0;26,84;-0,37;;7
04/09/26;FERROVIAL;PUT;Dic-26;49,00;50.0;25,88;-0,43;;26
04/09/26;FERROVIAL;PUT;Dic-26;50,00;50.0;24,92;-0,49;;25
04/09/26;FERROVIAL;PUT;Dic-26;54,00;50.0;23,43;-0,72;;26
04/09/26;FERROVIAL;PUT;Dic-26;56,00;50.0;22,68;-0,82;;25
04/09/26;FERROVIAL;PUT;Dic-26;58,00;50.0;21,93;-0,90;;130
04/09/26;FERROVIAL;PUT;Dic-26;60,00;50.0;21,19;-0,95;;10
04/09/26;FERROVIAL;PUT;Dic-26;72,00;50.0;16,71;-1,00;;1
04/09/26;FERROVIAL;PUT;Mar-27;39,00;50.0;32,70;-0,12;;100
04/09/26;FERROVIAL;PUT;Mar-27;45,00;50.0;28,54;-0,27;;25
04/09/26;FERROVIAL;PUT;Mar-27;46,00;50.0;27,84;-0,30;;26
04/09/26;FERROVIAL;PUT;Mar-27;47,00;50.0;27,15;-0,34;;50
04/09/26;FERROVIAL;PUT;Mar-27;48,00;50.0;26,46;-0,38;;76
04/09/26;FERROVIAL;PUT;Mar-27;49,00;50.0;25,76;-0,42;;90
04/09/26;FERROVIAL;PUT;Mar-27;50,00;50.0;25,07;-0,46;;125
04/09/26;FERROVIAL;PUT;Mar-27;52,00;50.0;24,66;-0,56;;135
04/09/26;FERROVIAL;PUT;Mar-27;54,00;50.0;24,24;-0,64;;25
04/09/26;FERROVIAL;PUT;Mar-27;56,00;50.0;23,83;-0,73;;1
04/09/26;FERROVIAL;PUT;Mar-27;58,00;50.0;23,42;-0,80;;25
04/09/26;FERROVIAL;PUT;Jun-27;44,00;50.0;28,87;-0,26;;25
04/09/26;FERROVIAL;PUT;Jun-27;49,00;50.0;25,90;-0,41;;50
04/09/26;FERROVIAL;PUT;Jun-27;60,00;50.0;23,71;-0,80;;8
04/09/26;FERROVIAL;PUT;Sep-27;41,00;50.0;30,25;-0,20;;1
04/09/26;FERROVIAL;PUT;Sep-27;44,00;50.0;28,71;-0,27;;51
04/09/26;FERROVIAL;PUT;Sep-27;45,00;50.0;28,20;-0,30;;25
04/09/26;FERROVIAL;PUT;Sep-27;47,00;50.0;27,17;-0,35;;25
04/09/26;FERROVIAL;PUT;Sep-27;48,00;50.0;26,66;-0,38;;50
04/09/26;FERROVIAL;PUT;Sep-27;49,00;50.0;26,14;-0,41;;25
04/09/26;FERROVIAL;PUT;Dic-27;35,00;50.0;32,58;-0,12;;1
04/09/26;FERROVIAL;PUT;Dic-27;39,00;50.0;30,69;-0,18;;25
04/09/26;FERROVIAL;PUT;Dic-27;40,00;50.0;30,21;-0,20;;25
04/09/26;FERROVIAL;PUT;Dic-27;45,00;50.0;27,85;-0,30;;25
04/09/26;FERROVIAL;PUT;Dic-27;54,00;50.0;24,95;-0,55;;525
04/09/26;FERROVIAL;PUT;Mar-28;58,00;50.0;24,37;-0,64;;1
04/09/26;FERROVIAL;PUT;Mar-28;60,00;50.0;24,09;-0,69;;3
04/09/26;FERROVIAL;PUT;Mar-28;62,00;50.0;23,81;-0,75;;26
04/09/26;FERROVIAL;PUT;Mar-28;64,00;50.0;23,53;-0,79;;25
04/09/26;FERROVIAL;PUT;Jun-28;44,00;50.0;27,87;-0,28;;25
04/09/26;FERROVIAL;PUT;Jun-28;45,00;50.0;27,47;-0,31;;25
04/09/26;FERROVIAL;PUT;Jun-28;46,00;50.0;27,07;-0,33;;25
04/09/26;FERROVIAL;PUT;Jun-28;48,00;50.0;26,27;-0,37;;25
04/09/26;FERROVIAL;PUT;Jun-28;49,00;50.0;25,87;-0,40;;25
04/09/26;FERROVIAL;PUT;Jun-28;50,00;50.0;25,47;-0,42;;25
04/09/26;FERROVIAL;PUT;Jun-28;52,00;50.0;25,22;-0,47;;25
04/09/26;FERROVIAL;PUT;Jun-28;54,00;50.0;24,96;-0,52;;26
04/09/26;FERROVIAL;PUT;Jun-28;56,00;50.0;24,71;-0,57;;25
04/09/26;FERROVIAL;PUT;Jun-28;58,00;50.0;24,46;-0,62;;26
04/09/26;FERROVIAL;PUT;Jun-28;64,00;50.0;23,70;-0,77;;75
04/09/26;FERROVIAL;CALL;Sep-26;60,00;50.0;21,04;;;70
04/09/26;FERROVIAL;CALL;Sep-26;60,00;50.0;21,04;;;226
04/09/26;FERROVIAL;CALL;Sep-26;62,00;50.0;19,99;;;452
04/09/26;FERROVIAL;CALL;Dic-26;60,00;50.0;22,11;0,07;;60
04/09/26;FERROVIAL;PUT;Sep-26;54,00;50.0;23,76;-0,94;;15
04/09/26;FERROVIAL;PUT;Sep-26;60,00;50.0;20,60;-1,00;;45
04/09/26;FERROVIAL;PUT;Sep-26;62,00;50.0;19,55;-1,00;;160
04/09/26;FERROVIAL;PUT;Sep-26;64,00;50.0;18,50;-1,00;;45
04/09/26;FERROVIAL;PUT;Dic-26;49,00;50.0;25,88;-0,42;;25
04/09/26;FERROVIAL;PUT;Dic-26;50,00;50.0;24,92;-0,48;;25
04/09/26;FERROVIAL;PUT;Mar-27;40,00;50.0;32,00;-0,14;;300
04/09/26;FLUIDRA;CALL;Sep-26;19,00;19.05;23,03;0,54;;2
04/09/26;FLUIDRA;CALL;Sep-26;21,00;19.05;18,19;;;1
04/09/26;FLUIDRA;CALL;Sep-26;29,00;19.05;0,02;;;200
04/09/26;FLUIDRA;CALL;Dic-26;19,50;19.05;25,80;0,48;;1
04/09/26;FLUIDRA;CALL;Dic-26;24,00;19.05;24,15;0,04;;1
04/09/26;FLUIDRA;PUT;Sep-26;16,50;19.05;24,99;;;1
04/09/26;FLUIDRA;PUT;Sep-26;18,50;19.05;22,57;-0,24;;1
04/09/26;FLUIDRA;PUT;Oct-26;18,50;19.05;23,61;-0,33;;2
04/09/26;FLUIDRA;PUT;Dic-26;17,00;19.05;26,55;-0,21;;325
04/09/26;FLUIDRA;PUT;Dic-26;17,50;19.05;25,97;-0,27;;25
04/09/26;FLUIDRA;PUT;Dic-26;18,00;19.05;25,39;-0,34;;625
04/09/26;FLUIDRA;PUT;Dic-26;18,50;19.05;24,82;-0,42;;1
04/09/26;FLUIDRA;PUT;Dic-26;19,00;19.05;24,24;-0,50;;185
04/09/26;FLUIDRA;PUT;Dic-26;21,00;19.05;23,46;-0,79;;7
04/09/26;FLUIDRA;PUT;Mar-27;21,00;19.05;25,19;-0,69;;14
04/09/26;FLUIDRA;PUT;Jun-27;27,00;19.05;25,21;-0,96;;11
04/09/26;FLUIDRA;PUT;Jun-27;28,00;19.05;25,08;-0,97;;11
04/09/26;GRIFOLS;CALL;Sep-26;6,75;9.89;42,56;1,00;;11
04/09/26;GRIFOLS;CALL;Sep-26;8,00;9.89;37,85;1,00;;6
04/09/26;GRIFOLS;CALL;Sep-26;9,00;9.89;34,07;0,93;;12
04/09/26;GRIFOLS;CALL;Sep-26;9,25;9.89;33,13;0,86;;102
04/09/26;GRIFOLS;CALL;Sep-26;9,50;9.89;32,19;0,75;;112
04/09/26;GRIFOLS;CALL;Sep-26;9,75;9.89;31,24;0,61;;11
04/09/26;GRIFOLS;CALL;Sep-26;10,00;9.89;30,64;0,45;;141
04/09/26;GRIFOLS;CALL;Sep-26;10,50;9.89;30,35;0,17;;354
04/09/26;GRIFOLS;CALL;Sep-26;11,00;9.89;30,07;0,04;;2
04/09/26;GRIFOLS;CALL;Sep-26;11,50;9.89;29,78;0,01;;30
04/09/26;GRIFOLS;CALL;Sep-26;12,00;9.89;29,49;;;121
04/09/26;GRIFOLS;CALL;Sep-26;12,50;9.89;29,21;;;29
04/09/26;GRIFOLS;CALL;Oct-26;10,00;9.89;27,62;0,49;;13
04/09/26;GRIFOLS;CALL;Oct-26;10,50;9.89;27,35;0,29;;1
04/09/26;GRIFOLS;CALL;Oct-26;11,00;9.89;27,08;0,14;;6
04/09/26;GRIFOLS;CALL;Oct-26;12,00;9.89;26,54;0,02;;1
04/09/26;GRIFOLS;CALL;Nov-26;10,00;9.89;29,02;0,51;100;102
04/09/26;GRIFOLS;CALL;Nov-26;10,50;9.89;28,76;0,37;;1
04/09/26;GRIFOLS;CALL;Nov-26;11,00;9.89;28,51;0,24;;2
04/09/26;GRIFOLS;CALL;Dic-26;7,75;9.89;36,08;0,93;;1
04/09/26;GRIFOLS;CALL;Dic-26;8,50;9.89;33,85;0,84;;26
04/09/26;GRIFOLS;CALL;Dic-26;8,75;9.89;33,11;0,80;;25
04/09/26;GRIFOLS;CALL;Dic-26;9,00;9.89;32,37;0,76;;56
04/09/26;GRIFOLS;CALL;Dic-26;9,25;9.89;31,63;0,70;;75
04/09/26;GRIFOLS;CALL;Dic-26;9,50;9.89;30,89;0,65;;267
04/09/26;GRIFOLS;CALL;Dic-26;9,75;9.89;30,15;0,58;;100
04/09/26;GRIFOLS;CALL;Dic-26;10,00;9.89;29,68;0,52;;177
04/09/26;GRIFOLS;CALL;Dic-26;10,50;9.89;29,48;0,39;;174
04/09/26;GRIFOLS;CALL;Dic-26;11,00;9.89;29,27;0,28;;321
04/09/26;GRIFOLS;CALL;Dic-26;11,50;9.89;29,07;0,19;;52
04/09/26;GRIFOLS;CALL;Dic-26;12,00;9.89;28,87;0,12;;68
04/09/26;GRIFOLS;CALL;Dic-26;12,50;9.89;28,67;0,07;;99
04/09/26;GRIFOLS;CALL;Dic-26;13,00;9.89;28,46;0,04;;1.307
04/09/26;GRIFOLS;CALL;Dic-26;13,50;9.89;28,26;0,02;;1.187
04/09/26;GRIFOLS;CALL;Dic-26;14,00;9.89;28,06;0,01;;25
04/09/26;GRIFOLS;CALL;Dic-26;14,50;9.89;27,86;0,01;;25
04/09/26;GRIFOLS;CALL;Dic-26;15,00;9.89;27,66;;;44
04/09/26;GRIFOLS;CALL;Dic-26;15,50;9.89;27,45;;;5
04/09/26;GRIFOLS;CALL;Dic-26;17,00;9.89;26,85;;;25
04/09/26;GRIFOLS;CALL;Dic-26;17,50;9.89;26,65;;;25
04/09/26;GRIFOLS;CALL;Mar-27;6,25;9.89;38,90;0,98;;3
04/09/26;GRIFOLS;CALL;Mar-27;7,00;9.89;37,28;0,94;;3
04/09/26;GRIFOLS;CALL;Mar-27;7,50;9.89;36,20;0,90;;41
04/09/26;GRIFOLS;CALL;Mar-27;8,00;9.89;35,12;0,85;;4
04/09/26;GRIFOLS;CALL;Mar-27;8,25;9.89;34,58;0,82;;5
04/09/26;GRIFOLS;CALL;Mar-27;8,50;9.89;34,05;0,78;;4
04/09/26;GRIFOLS;CALL;Mar-27;8,75;9.89;33,51;0,74;;201
04/09/26;GRIFOLS;CALL;Mar-27;9,00;9.89;32,97;0,70;;124
04/09/26;GRIFOLS;CALL;Mar-27;9,25;9.89;32,43;0,66;;127
04/09/26;GRIFOLS;CALL;Mar-27;9,50;9.89;31,89;0,62;;50
04/09/26;GRIFOLS;CALL;Mar-27;9,75;9.89;31,35;0,57;;107
04/09/26;GRIFOLS;CALL;Mar-27;10,00;9.89;31,01;0,53;;170
04/09/26;GRIFOLS;CALL;Mar-27;10,50;9.89;30,88;0,44;;35
04/09/26;GRIFOLS;CALL;Mar-27;11,50;9.89;30,61;0,28;;11
04/09/26;GRIFOLS;CALL;Mar-27;12,00;9.89;30,47;0,22;;211
04/09/26;GRIFOLS;CALL;Mar-27;12,50;9.89;30,34;0,17;;60
04/09/26;GRIFOLS;CALL;Mar-27;13,00;9.89;30,20;0,13;;528
04/09/26;GRIFOLS;CALL;Mar-27;14,00;9.89;29,93;0,07;;70
04/09/26;GRIFOLS;CALL;Mar-27;16,00;9.89;29,39;0,02;;10
04/09/26;GRIFOLS;CALL;Jun-27;8,00;9.89;35,49;0,80;;6
04/09/26;GRIFOLS;CALL;Jun-27;8,25;9.89;35,03;0,78;;3
04/09/26;GRIFOLS;CALL;Jun-27;8,75;9.89;34,10;0,72;;2
04/09/26;GRIFOLS;CALL;Jun-27;9,00;9.89;33,64;0,68;;58
04/09/26;GRIFOLS;CALL;Jun-27;9,25;9.89;33,17;0,65;;53
04/09/26;GRIFOLS;CALL;Jun-27;9,50;9.89;32,71;0,62;;27
04/09/26;GRIFOLS;CALL;Jun-27;9,75;9.89;32,25;0,58;;25
04/09/26;GRIFOLS;CALL;Jun-27;10,00;9.89;31,96;0,55;1;67
04/09/26;GRIFOLS;CALL;Jun-27;10,50;9.89;31,88;0,48;;1
04/09/26;GRIFOLS;CALL;Jun-27;11,00;9.89;31,79;0,41;;12
04/09/26;GRIFOLS;CALL;Jun-27;11,50;9.89;31,71;0,35;;10
04/09/26;GRIFOLS;CALL;Jun-27;12,00;9.89;31,63;0,30;;22
04/09/26;GRIFOLS;CALL;Jun-27;12,50;9.89;31,54;0,25;403;658
04/09/26;GRIFOLS;CALL;Jun-27;13,00;9.89;31,46;0,21;;20
04/09/26;GRIFOLS;CALL;Jun-27;14,00;9.89;31,29;0,14;;15
04/09/26;GRIFOLS;CALL;Jun-27;15,00;9.89;31,12;0,09;;50
04/09/26;GRIFOLS;CALL;Jun-27;16,00;9.89;30,95;0,05;;850
04/09/26;GRIFOLS;CALL;Sep-27;15,00;9.89;32,21;0,13;;10
04/09/26;GRIFOLS;CALL;Dic-27;8,00;9.89;36,25;0,77;;2
04/09/26;GRIFOLS;CALL;Dic-27;8,75;9.89;35,08;0,70;;15
04/09/26;GRIFOLS;CALL;Dic-27;11,00;9.89;33,20;0,46;;1
04/09/26;GRIFOLS;CALL;Dic-27;11,50;9.89;33,15;0,42;;5
04/09/26;GRIFOLS;CALL;Dic-27;12,00;9.89;33,10;0,37;;150
04/09/26;GRIFOLS;CALL;Dic-27;12,50;9.89;33,05;0,33;;100
04/09/26;GRIFOLS;CALL;Dic-27;15,00;9.89;32,79;0,17;;4
04/09/26;GRIFOLS;CALL;Mar-28;15,00;9.89;33,18;0,20;;3
04/09/26;GRIFOLS;CALL;Dic-28;9,00;9.89;33,01;0,67;;14
04/09/26;GRIFOLS;CALL;Dic-28;12,00;9.89;31,55;0,43;;1
04/09/26;GRIFOLS;CALL;Dic-28;15,50;9.89;30,96;0,22;;3
04/09/26;GRIFOLS;CALL;Dic-28;16,50;9.89;30,79;0,19;;2
04/09/26;GRIFOLS;CALL;Dic-28;17,50;9.89;30,62;0,15;;6
04/09/26;GRIFOLS;CALL;Dic-29;15,50;9.89;30,23;0,28;;3
04/09/26;GRIFOLS;PUT;Sep-26;6,50;9.89;46,03;;;10
04/09/26;GRIFOLS;PUT;Sep-26;7,25;9.89;43,20;;;4
04/09/26;GRIFOLS;PUT;Sep-26;7,75;9.89;41,31;;;3
04/09/26;GRIFOLS;PUT;Sep-26;8,00;9.89;40,37;;;31
04/09/26;GRIFOLS;PUT;Sep-26;8,25;9.89;39,42;-0,01;;24
04/09/26;GRIFOLS;PUT;Sep-26;8,50;9.89;38,48;-0,02;;142
04/09/26;GRIFOLS;PUT;Sep-26;8,75;9.89;37,54;-0,04;;71
04/09/26;GRIFOLS;PUT;Sep-26;9,00;9.89;36,59;-0,09;;115
04/09/26;GRIFOLS;PUT;Sep-26;9,25;9.89;35,65;-0,16;;112
04/09/26;GRIFOLS;PUT;Sep-26;9,50;9.89;34,71;-0,26;;70
04/09/26;GRIFOLS;PUT;Sep-26;9,75;9.89;33,76;-0,40;;18
04/09/26;GRIFOLS;PUT;Sep-26;10,00;9.89;33,16;-0,55;;82
04/09/26;GRIFOLS;PUT;Sep-26;10,50;9.89;32,87;-0,81;;147
04/09/26;GRIFOLS;PUT;Sep-26;11,00;9.89;32,59;-0,95;;75
04/09/26;GRIFOLS;PUT;Sep-26;11,50;9.89;32,30;-1,00;;39
04/09/26;GRIFOLS;PUT;Sep-26;12,00;9.89;32,01;-1,00;;22
04/09/26;GRIFOLS;PUT;Sep-26;12,50;9.89;31,73;-1,00;;10
04/09/26;GRIFOLS;PUT;Oct-26;8,75;9.89;30,50;-0,10;;37
04/09/26;GRIFOLS;PUT;Oct-26;9,25;9.89;28,92;-0,23;;5
04/09/26;GRIFOLS;PUT;Oct-26;9,50;9.89;28,13;-0,31;;10
04/09/26;GRIFOLS;PUT;Oct-26;10,00;9.89;26,82;-0,52;;20
04/09/26;GRIFOLS;PUT;Nov-26;9,50;9.89;27,45;-0,34;;13
04/09/26;GRIFOLS;PUT;Nov-26;9,75;9.89;26,68;-0,42;;2
04/09/26;GRIFOLS;PUT;Nov-26;10,00;9.89;26,19;-0,50;100;100
04/09/26;GRIFOLS;PUT;Dic-26;6,00;9.89;38,79;-0,01;;25
04/09/26;GRIFOLS;PUT;Dic-26;6,25;9.89;38,05;-0,01;;5
04/09/26;GRIFOLS;PUT;Dic-26;6,50;9.89;37,31;-0,02;;1
04/09/26;GRIFOLS;PUT;Dic-26;6,75;9.89;36,57;-0,02;;25
04/09/26;GRIFOLS;PUT;Dic-26;7,00;9.89;35,83;-0,03;;10
04/09/26;GRIFOLS;PUT;Dic-26;7,25;9.89;35,09;-0,05;;291
04/09/26;GRIFOLS;PUT;Dic-26;7,50;9.89;34,35;-0,06;;29
04/09/26;GRIFOLS;PUT;Dic-26;7,75;9.89;33,61;-0,08;;26
04/09/26;GRIFOLS;PUT;Dic-26;8,00;9.89;32,87;-0,11;;317
04/09/26;GRIFOLS;PUT;Dic-26;8,25;9.89;32,12;-0,14;;2
04/09/26;GRIFOLS;PUT;Dic-26;8,50;9.89;31,38;-0,18;;757
04/09/26;GRIFOLS;PUT;Dic-26;8,75;9.89;30,64;-0,22;;12
04/09/26;GRIFOLS;PUT;Dic-26;9,00;9.89;29,90;-0,28;;221
04/09/26;GRIFOLS;PUT;Dic-26;9,25;9.89;29,16;-0,33;;141
04/09/26;GRIFOLS;PUT;Dic-26;9,50;9.89;28,42;-0,40;1;448
04/09/26;GRIFOLS;PUT;Dic-26;9,75;9.89;27,68;-0,46;;14
04/09/26;GRIFOLS;PUT;Dic-26;10,00;9.89;27,21;-0,53;550;1.722
04/09/26;GRIFOLS;PUT;Dic-26;10,50;9.89;27,01;-0,66;;29
04/09/26;GRIFOLS;PUT;Dic-26;11,00;9.89;26,80;-0,77;;305
04/09/26;GRIFOLS;PUT;Dic-26;11,50;9.89;26,60;-0,86;;16
04/09/26;GRIFOLS;PUT;Dic-26;12,00;9.89;26,40;-0,92;;1
04/09/26;GRIFOLS;PUT;Dic-26;12,50;9.89;26,20;-0,95;;1
04/09/26;GRIFOLS;PUT;Dic-26;13,00;9.89;25,99;-0,98;;10
04/09/26;GRIFOLS;PUT;Dic-26;13,50;9.89;25,79;-0,99;;113
04/09/26;GRIFOLS;PUT;Mar-27;6,25;9.89;38,79;-0,04;;50
04/09/26;GRIFOLS;PUT;Mar-27;6,50;9.89;38,25;-0,05;;17
04/09/26;GRIFOLS;PUT;Mar-27;6,75;9.89;37,71;-0,07;;250
04/09/26;GRIFOLS;PUT;Mar-27;7,00;9.89;37,17;-0,08;;163
04/09/26;GRIFOLS;PUT;Mar-27;7,25;9.89;36,63;-0,10;;76
04/09/26;GRIFOLS;PUT;Mar-27;7,50;9.89;36,09;-0,12;;770
04/09/26;GRIFOLS;PUT;Mar-27;7,75;9.89;35,55;-0,15;;146
04/09/26;GRIFOLS;PUT;Mar-27;8,00;9.89;35,01;-0,18;;127
04/09/26;GRIFOLS;PUT;Mar-27;8,25;9.89;34,47;-0,21;;5
04/09/26;GRIFOLS;PUT;Mar-27;8,50;9.89;33,94;-0,24;;13
04/09/26;GRIFOLS;PUT;Mar-27;8,75;9.89;33,40;-0,28;;3
04/09/26;GRIFOLS;PUT;Mar-27;9,00;9.89;32,86;-0,31;;1.128
04/09/26;GRIFOLS;PUT;Mar-27;9,25;9.89;32,32;-0,36;;2
04/09/26;GRIFOLS;PUT;Mar-27;9,75;9.89;31,24;-0,44;1;1
04/09/26;GRIFOLS;PUT;Mar-27;10,00;9.89;30,90;-0,49;;15
04/09/26;GRIFOLS;PUT;Mar-27;10,50;9.89;30,77;-0,58;;14
04/09/26;GRIFOLS;PUT;Mar-27;11,00;9.89;30,63;-0,66;;130
04/09/26;GRIFOLS;PUT;Mar-27;16,00;9.89;29,28;-0,99;;5
04/09/26;GRIFOLS;PUT;Jun-27;6,00;9.89;40,10;-0,06;;20
04/09/26;GRIFOLS;PUT;Jun-27;7,50;9.89;37,32;-0,16;;10
04/09/26;GRIFOLS;PUT;Jun-27;8,00;9.89;36,39;-0,21;;100
04/09/26;GRIFOLS;PUT;Jun-27;8,25;9.89;35,93;-0,23;;1
04/09/26;GRIFOLS;PUT;Jun-27;9,00;9.89;34,54;-0,33;;10
04/09/26;GRIFOLS;PUT;Jun-27;10,00;9.89;32,86;-0,46;700;848
04/09/26;GRIFOLS;PUT;Jun-27;10,50;9.89;32,78;-0,54;;7
04/09/26;GRIFOLS;PUT;Jun-27;11,00;9.89;32,69;-0,60;;3
04/09/26;GRIFOLS;PUT;Jun-27;11,50;9.89;32,61;-0,66;;7
04/09/26;GRIFOLS;PUT;Jun-27;12,00;9.89;32,53;-0,72;;206
04/09/26;GRIFOLS;PUT;Jun-27;12,50;9.89;32,44;-0,77;;402
04/09/26;GRIFOLS;PUT;Jun-27;13,00;9.89;32,36;-0,82;;195
04/09/26;GRIFOLS;PUT;Jun-27;13,50;9.89;32,27;-0,86;;25
04/09/26;GRIFOLS;PUT;Jun-27;15,50;9.89;31,94;-0,95;;142
04/09/26;GRIFOLS;PUT;Sep-27;13,00;9.89;33,80;-0,75;;5
04/09/26;GRIFOLS;PUT;Dic-27;8,25;9.89;37,61;-0,27;;1
04/09/26;GRIFOLS;PUT;Dic-27;8,50;9.89;37,22;-0,30;;5
04/09/26;GRIFOLS;PUT;Dic-27;8,75;9.89;36,83;-0,32;;3
04/09/26;GRIFOLS;PUT;Dic-27;10,50;9.89;35,00;-0,50;;242
04/09/26;GRIFOLS;PUT;Dic-27;11,00;9.89;34,95;-0,54;;228
04/09/26;GRIFOLS;PUT;Dic-27;11,50;9.89;34,90;-0,59;;30
04/09/26;GRIFOLS;PUT;Mar-28;9,50;9.89;36,28;-0,39;;268
04/09/26;GRIFOLS;PUT;Mar-28;10,00;9.89;35,70;-0,43;;260
04/09/26;GRIFOLS;PUT;Jun-28;6,00;9.89;40,31;-0,12;;26
04/09/26;GRIFOLS;PUT;Jun-28;8,25;9.89;37,20;-0,28;;2
04/09/26;GRIFOLS;PUT;Dic-28;6,50;9.89;38,04;-0,16;;25
04/09/26;GRIFOLS;PUT;Dic-28;7,00;9.89;37,42;-0,19;;1
04/09/26;GRIFOLS;PUT;Dic-28;8,00;9.89;36,17;-0,27;;4
04/09/26;GRIFOLS;PUT;Dic-28;9,75;9.89;33,99;-0,40;;1
04/09/26;GRIFOLS;PUT;Jun-29;8,50;9.89;34,39;-0,30;;2
04/09/26;GRIFOLS;PUT;Dic-29;8,50;9.89;33,53;-0,31;;3
04/09/26;GRIFOLS;PUT;Dic-29;9,75;9.89;32,48;-0,39;;1
04/09/26;GRIFOLS;PUT;Dic-30;10,00;9.89;31,57;-0,40;;15
04/09/26;GRIFOLS;CALL;Dic-26;10,00;9.89;29,68;0,47;;10
04/09/26;GRIFOLS;CALL;Dic-26;11,00;9.89;29,27;0,25;;10
04/09/26;GRIFOLS;CALL;Dic-26;11,50;9.89;29,07;0,17;;65
04/09/26;GRIFOLS;CALL;Dic-26;15,00;9.89;27,66;;;15
04/09/26;GRIFOLS;CALL;Jun-27;11,50;9.89;31,71;0,34;;50
04/09/26;GRIFOLS;CALL;Dic-27;11,50;9.89;33,15;0,39;;30
04/09/26;GRIFOLS;CALL;Jun-28;11,50;9.89;32,75;0,43;;60
04/09/26;GRIFOLS;PUT;Sep-26;9,00;9.89;36,59;-0,09;;10
04/09/26;GRIFOLS;PUT;Dic-26;9,50;9.89;28,42;-0,39;;10
04/09/26;GRIFOLS;PUT;Jun-27;9,00;9.89;34,54;-0,31;;1
04/09/26;HBX;CALL;Oct-26;8,25;7.44;29,75;0,17;;10
04/09/26;HBX;CALL;Dic-26;8,00;7.44;30,13;0,37;;10
04/09/26;HBX;CALL;Dic-26;8,25;7.44;29,97;0,30;;10
04/09/26;HBX;CALL;Mar-27;7,50;7.44;30,24;0,55;;10
04/09/26;HBX;CALL;Mar-27;7,75;7.44;30,09;0,50;;10
04/09/26;HBX;CALL;Mar-27;8,50;7.44;29,62;0,33;;10
04/09/26;HBX;CALL;Jun-27;6,75;7.44;29,13;0,72;;10
04/09/26;HBX;CALL;Jun-27;8,00;7.44;28,63;0,47;;10
04/09/26;HBX;CALL;Jun-27;8,50;7.44;28,32;0,37;;10
04/09/26;HBX;PUT;Dic-26;7,25;7.44;31,60;-0,39;;10
04/09/26;HBX;PUT;Jun-27;7,50;7.44;30,30;-0,44;;10
04/09/26;IAG;CALL;Sep-26;3,80;5.02;30,19;1,00;;10
04/09/26;IAG;CALL;Sep-26;4,00;5.02;29,76;1,00;;6
04/09/26;IAG;CALL;Sep-26;4,20;5.02;29,34;1,00;;11
04/09/26;IAG;CALL;Sep-26;4,40;5.02;28,91;0,99;;4
04/09/26;IAG;CALL;Sep-26;4,50;5.02;28,70;0,98;;14
04/09/26;IAG;CALL;Sep-26;4,60;5.02;28,49;0,95;;41
04/09/26;IAG;CALL;Sep-26;4,70;5.02;28,28;0,89;;16
04/09/26;IAG;CALL;Sep-26;4,80;5.02;28,07;0,81;;18
04/09/26;IAG;CALL;Sep-26;4,90;5.02;27,85;0,69;;202
04/09/26;IAG;CALL;Sep-26;5,00;5.02;27,64;0,55;;74
04/09/26;IAG;CALL;Sep-26;5,10;5.02;27,45;0,41;;50
04/09/26;IAG;CALL;Sep-26;5,25;5.02;27,17;0,22;;4.576
04/09/26;IAG;CALL;Sep-26;5,30;5.02;27,08;0,17;;50
04/09/26;IAG;CALL;Sep-26;5,50;5.02;26,71;0,05;;157
04/09/26;IAG;CALL;Sep-26;5,75;5.02;26,24;;;57
04/09/26;IAG;CALL;Sep-26;6,00;5.02;25,78;;;63
04/09/26;IAG;CALL;Sep-26;6,25;5.02;25,31;;;50
04/09/26;IAG;CALL;Oct-26;5,00;5.02;30,68;0,55;;13
04/09/26;IAG;CALL;Oct-26;5,25;5.02;30,21;0,36;;20
04/09/26;IAG;CALL;Dic-26;2,90;5.02;37,39;1,00;;1
04/09/26;IAG;CALL;Dic-26;3,00;5.02;37,17;1,00;;1
04/09/26;IAG;CALL;Dic-26;3,50;5.02;36,04;0,98;;1
04/09/26;IAG;CALL;Dic-26;4,00;5.02;34,91;0,92;;2
04/09/26;IAG;CALL;Dic-26;4,20;5.02;34,46;0,87;;20
04/09/26;IAG;CALL;Dic-26;4,30;5.02;34,23;0,84;;3
04/09/26;IAG;CALL;Dic-26;4,40;5.02;34,01;0,81;;3
04/09/26;IAG;CALL;Dic-26;4,50;5.02;33,78;0,77;;6
04/09/26;IAG;CALL;Dic-26;4,60;5.02;33,56;0,73;;2
04/09/26;IAG;CALL;Dic-26;4,80;5.02;33,11;0,65;;2
04/09/26;IAG;CALL;Dic-26;5,00;5.02;32,65;0,56;;801
04/09/26;IAG;CALL;Dic-26;5,25;5.02;32,17;0,44;;681
04/09/26;IAG;CALL;Dic-26;5,30;5.02;32,07;0,42;;4
04/09/26;IAG;CALL;Dic-26;5,50;5.02;31,68;0,33;;1.591
04/09/26;IAG;CALL;Dic-26;5,75;5.02;31,20;0,23;;100
04/09/26;IAG;CALL;Dic-26;6,00;5.02;30,72;0,16;;10
04/09/26;IAG;CALL;Dic-26;6,25;5.02;30,24;0,10;;35
04/09/26;IAG;CALL;Mar-27;4,00;5.02;36,28;0,85;;12
04/09/26;IAG;CALL;Mar-27;4,10;5.02;36,12;0,82;;1
04/09/26;IAG;CALL;Mar-27;4,20;5.02;35,96;0,80;;6
04/09/26;IAG;CALL;Mar-27;4,30;5.02;35,80;0,77;;5
04/09/26;IAG;CALL;Mar-27;4,60;5.02;35,33;0,69;;1
04/09/26;IAG;CALL;Mar-27;4,70;5.02;35,17;0,66;;3
04/09/26;IAG;CALL;Mar-27;4,80;5.02;35,01;0,63;;152
04/09/26;IAG;CALL;Mar-27;5,00;5.02;34,69;0,56;;33
04/09/26;IAG;CALL;Mar-27;5,25;5.02;34,20;0,49;;2
04/09/26;IAG;CALL;Mar-27;5,50;5.02;33,70;0,41;;275
04/09/26;IAG;CALL;Mar-27;6,00;5.02;32,71;0,27;;1
04/09/26;IAG;CALL;Mar-27;6,25;5.02;32,21;0,22;;250
04/09/26;IAG;CALL;Mar-27;6,50;5.02;31,71;0,16;;150
04/09/26;IAG;CALL;Jun-27;2,00;5.02;36,82;1,00;;2
04/09/26;IAG;CALL;Jun-27;2,20;5.02;36,57;1,00;;25
04/09/26;IAG;CALL;Jun-27;2,30;5.02;36,44;1,00;;25
04/09/26;IAG;CALL;Jun-27;2,40;5.02;36,32;1,00;;25
04/09/26;IAG;CALL;Jun-27;3,00;5.02;35,56;0,97;;5
04/09/26;IAG;CALL;Jun-27;3,40;5.02;35,06;0,93;;1
04/09/26;IAG;CALL;Jun-27;4,00;5.02;34,30;0,82;;3
04/09/26;IAG;CALL;Jun-27;4,10;5.02;34,17;0,80;;2
04/09/26;IAG;CALL;Jun-27;4,40;5.02;33,80;0,73;;3
04/09/26;IAG;CALL;Jun-27;4,50;5.02;33,67;0,71;;1
04/09/26;IAG;CALL;Jun-27;4,90;5.02;33,17;0,61;;3
04/09/26;IAG;CALL;Jun-27;5,00;5.02;33,04;0,58;;2
04/09/26;IAG;CALL;Jun-27;5,25;5.02;32,67;0,51;;20
04/09/26;IAG;CALL;Jun-27;5,50;5.02;32,28;0,45;;1
04/09/26;IAG;CALL;Jun-27;6,25;5.02;31,14;0,27;;2
04/09/26;IAG;CALL;Jun-27;6,50;5.02;30,76;0,22;;1
04/09/26;IAG;CALL;Sep-27;4,40;5.02;32,70;0,73;;25
04/09/26;IAG;CALL;Sep-27;4,50;5.02;32,59;0,70;;25
04/09/26;IAG;CALL;Sep-27;4,80;5.02;32,25;0,63;;1
04/09/26;IAG;CALL;Sep-27;5,00;5.02;32,03;0,58;;1
04/09/26;IAG;CALL;Sep-27;5,25;5.02;31,70;0,52;;4
04/09/26;IAG;CALL;Dic-27;2,00;5.02;36,45;1,00;;25
04/09/26;IAG;CALL;Dic-27;2,10;5.02;36,34;1,00;;25
04/09/26;IAG;CALL;Dic-27;2,20;5.02;36,23;1,00;;25
04/09/26;IAG;CALL;Dic-27;2,30;5.02;36,11;1,00;;25
04/09/26;IAG;CALL;Dic-27;2,40;5.02;36,00;0,99;;25
04/09/26;IAG;CALL;Dic-27;3,70;5.02;34,53;0,85;;1
04/09/26;IAG;CALL;Dic-27;4,10;5.02;34,08;0,78;;25
04/09/26;IAG;CALL;Dic-27;4,50;5.02;33,63;0,70;;1
04/09/26;IAG;CALL;Dic-27;4,90;5.02;33,18;0,61;;1
04/09/26;IAG;CALL;Dic-27;5,00;5.02;33,07;0,59;;4
04/09/26;IAG;CALL;Dic-27;5,25;5.02;32,82;0,54;;1
04/09/26;IAG;CALL;Dic-27;5,75;5.02;32,32;0,44;;4.000
04/09/26;IAG;CALL;Mar-28;6,00;5.02;32,76;0,42;;2
04/09/26;IAG;CALL;Jun-28;5,00;5.02;35,57;0,61;;1
04/09/26;IAG;PUT;Sep-26;2,20;5.02;35,45;;;3
04/09/26;IAG;PUT;Sep-26;2,50;5.02;34,81;;;65
04/09/26;IAG;PUT;Sep-26;3,20;5.02;33,32;;;50
04/09/26;IAG;PUT;Sep-26;3,30;5.02;33,11;;;15
04/09/26;IAG;PUT;Sep-26;3,50;5.02;32,69;;;17
04/09/26;IAG;PUT;Sep-26;3,90;5.02;31,84;;;5
04/09/26;IAG;PUT;Sep-26;4,00;5.02;31,62;;;205
04/09/26;IAG;PUT;Sep-26;4,10;5.02;31,41;;;224
04/09/26;IAG;PUT;Sep-26;4,20;5.02;31,20;;;2
04/09/26;IAG;PUT;Sep-26;4,40;5.02;30,77;-0,01;;21
04/09/26;IAG;PUT;Sep-26;4,50;5.02;30,56;-0,03;;68
04/09/26;IAG;PUT;Sep-26;4,70;5.02;30,14;-0,12;;22
04/09/26;IAG;PUT;Sep-26;4,80;5.02;29,93;-0,21;;112
04/09/26;IAG;PUT;Sep-26;4,90;5.02;29,71;-0,32;;110
04/09/26;IAG;PUT;Sep-26;5,00;5.02;29,50;-0,45;;107
04/09/26;IAG;PUT;Sep-26;5,25;5.02;29,03;-0,77;;10
04/09/26;IAG;PUT;Sep-26;5,30;5.02;28,94;-0,82;;10
04/09/26;IAG;PUT;Sep-26;5,50;5.02;28,57;-0,95;;13
04/09/26;IAG;PUT;Oct-26;4,20;5.02;34,19;-0,05;;150
04/09/26;IAG;PUT;Oct-26;4,80;5.02;32,84;-0,31;;20
04/09/26;IAG;PUT;Oct-26;4,90;5.02;32,61;-0,38;;10
04/09/26;IAG;PUT;Dic-26;2,60;5.02;38,29;;;4
04/09/26;IAG;PUT;Dic-26;2,80;5.02;37,84;;;20
04/09/26;IAG;PUT;Dic-26;2,90;5.02;37,61;;;20
04/09/26;IAG;PUT;Dic-26;3,30;5.02;36,71;-0,01;;20
04/09/26;IAG;PUT;Dic-26;3,50;5.02;36,26;-0,03;;19
04/09/26;IAG;PUT;Dic-26;3,70;5.02;35,81;-0,05;;4
04/09/26;IAG;PUT;Dic-26;3,80;5.02;35,58;-0,06;;151
04/09/26;IAG;PUT;Dic-26;3,90;5.02;35,36;-0,08;;137
04/09/26;IAG;PUT;Dic-26;4,00;5.02;35,13;-0,10;;817
04/09/26;IAG;PUT;Dic-26;4,10;5.02;34,90;-0,12;;12
04/09/26;IAG;PUT;Dic-26;4,20;5.02;34,68;-0,15;;55
04/09/26;IAG;PUT;Dic-26;4,30;5.02;34,45;-0,18;;7
04/09/26;IAG;PUT;Dic-26;4,40;5.02;34,23;-0,21;;54
04/09/26;IAG;PUT;Dic-26;4,50;5.02;34,00;-0,25;;7
04/09/26;IAG;PUT;Dic-26;4,60;5.02;33,78;-0,29;;7
04/09/26;IAG;PUT;Dic-26;4,70;5.02;33,55;-0,33;;2
04/09/26;IAG;PUT;Dic-26;4,80;5.02;33,33;-0,37;;4
04/09/26;IAG;PUT;Dic-26;4,90;5.02;33,10;-0,42;;6
04/09/26;IAG;PUT;Dic-26;5,00;5.02;32,87;-0,46;;160
04/09/26;IAG;PUT;Dic-26;5,25;5.02;32,39;-0,58;;11
04/09/26;IAG;PUT;Dic-26;5,50;5.02;31,90;-0,68;;1
04/09/26;IAG;PUT;Dic-26;5,75;5.02;31,42;-0,77;;1
04/09/26;IAG;PUT;Dic-26;6,00;5.02;30,94;-0,85;;100
04/09/26;IAG;PUT;Mar-27;3,20;5.02;35,37;-0,03;;40
04/09/26;IAG;PUT;Mar-27;3,50;5.02;34,90;-0,06;;17
04/09/26;IAG;PUT;Mar-27;3,70;5.02;34,58;-0,09;;20
04/09/26;IAG;PUT;Mar-27;4,00;5.02;34,10;-0,15;;4
04/09/26;IAG;PUT;Mar-27;4,10;5.02;33,94;-0,17;;1
04/09/26;IAG;PUT;Mar-27;4,40;5.02;33,46;-0,25;;20
04/09/26;IAG;PUT;Mar-27;4,60;5.02;33,15;-0,31;;25
04/09/26;IAG;PUT;Mar-27;4,70;5.02;32,99;-0,35;;255
04/09/26;IAG;PUT;Mar-27;4,80;5.02;32,83;-0,38;;2
04/09/26;IAG;PUT;Mar-27;5,00;5.02;32,51;-0,45;;13
04/09/26;IAG;PUT;Mar-27;5,25;5.02;32,02;-0,53;;3
04/09/26;IAG;PUT;Mar-27;5,50;5.02;31,52;-0,61;;6
04/09/26;IAG;PUT;Mar-27;5,75;5.02;31,02;-0,69;;1
04/09/26;IAG;PUT;Jun-27;3,50;5.02;33,83;-0,08;;30
04/09/26;IAG;PUT;Jun-27;3,70;5.02;33,58;-0,12;;25
04/09/26;IAG;PUT;Jun-27;4,00;5.02;33,20;-0,17;;3
04/09/26;IAG;PUT;Jun-27;4,10;5.02;33,07;-0,19;;2
04/09/26;IAG;PUT;Jun-27;4,40;5.02;32,70;-0,27;;3
04/09/26;IAG;PUT;Jun-27;4,50;5.02;32,57;-0,29;;1
04/09/26;IAG;PUT;Jun-27;5,00;5.02;31,94;-0,43;;7
04/09/26;IAG;PUT;Jun-27;5,25;5.02;31,57;-0,51;;1
04/09/26;IAG;PUT;Jun-27;5,50;5.02;31,18;-0,58;;2
04/09/26;IAG;PUT;Jun-27;6,00;5.02;30,42;-0,71;;2
04/09/26;IAG;PUT;Sep-27;3,20;5.02;33,45;-0,07;;5
04/09/26;IAG;PUT;Sep-27;4,50;5.02;31,98;-0,30;;2
04/09/26;IAG;PUT;Sep-27;4,80;5.02;31,64;-0,38;;1
04/09/26;IAG;PUT;Sep-27;5,00;5.02;31,42;-0,43;;1
04/09/26;IAG;PUT;Sep-27;5,25;5.02;31,09;-0,49;;2
04/09/26;IAG;PUT;Dic-27;3,20;5.02;34,44;-0,09;;15.000
04/09/26;IAG;PUT;Dic-27;3,50;5.02;34,10;-0,13;;20
04/09/26;IAG;PUT;Dic-27;4,00;5.02;33,53;-0,21;;12
04/09/26;IAG;PUT;Dic-27;4,60;5.02;32,86;-0,33;;25
04/09/26;IAG;PUT;Dic-27;4,90;5.02;32,52;-0,40;;4.001
04/09/26;IAG;PUT;Dic-27;5,00;5.02;32,41;-0,42;;4
04/09/26;IAG;PUT;Dic-27;5,25;5.02;32,16;-0,47;;2
04/09/26;IAG;PUT;Mar-28;3,50;5.02;34,39;-0,14;;25
04/09/26;IAG;PUT;Jun-28;4,20;5.02;34,81;-0,26;;25
04/09/26;IAG;PUT;Jun-28;4,40;5.02;34,65;-0,30;;25
04/09/26;IAG;CALL;Dic-29;3,40;5.02;40,86;0,74;;2
04/09/26;IAG;PUT;Sep-26;4,40;5.02;30,77;-0,01;;8
04/09/26;IBERDROLA;CALL;Sep-26;18,00;19.89;16,99;1,00;;30
04/09/26;IBERDROLA;CALL;Sep-26;19,00;19.89;15,63;0,94;;3
04/09/26;IBERDROLA;CALL;Sep-26;19,50;19.89;14,95;0,76;;5.000
04/09/26;IBERDROLA;CALL;Sep-26;20,00;19.89;14,41;0,44;2;165
04/09/26;IBERDROLA;CALL;Sep-26;20,25;19.89;14,39;0,28;;1
04/09/26;IBERDROLA;CALL;Sep-26;20,50;19.89;14,37;0,15;;6
04/09/26;IBERDROLA;CALL;Sep-26;20,75;19.89;14,35;0,07;;1
04/09/26;IBERDROLA;CALL;Sep-26;21,00;19.89;14,33;0,03;;29.614
04/09/26;IBERDROLA;CALL;Sep-26;21,50;19.89;14,29;;;35
04/09/26;IBERDROLA;CALL;Sep-26;22,00;19.89;14,24;;;416
04/09/26;IBERDROLA;CALL;Sep-26;22,50;19.89;14,20;;;2.500
04/09/26;IBERDROLA;CALL;Oct-26;19,50;19.89;15,15;0,68;;7
04/09/26;IBERDROLA;CALL;Oct-26;20,00;19.89;14,62;0,49;;1
04/09/26;IBERDROLA;CALL;Oct-26;20,50;19.89;14,58;0,30;;5.001
04/09/26;IBERDROLA;CALL;Oct-26;21,00;19.89;14,54;0,15;;10.001
04/09/26;IBERDROLA;CALL;Oct-26;22,00;19.89;14,45;0,02;;1
04/09/26;IBERDROLA;CALL;Nov-26;21,00;19.89;15,36;0,26;;1
04/09/26;IBERDROLA;CALL;Dic-26;14,50;19.89;23,04;1,00;;2
04/09/26;IBERDROLA;CALL;Dic-26;15,00;19.89;22,37;0,99;;4
04/09/26;IBERDROLA;CALL;Dic-26;16,00;19.89;21,05;0,98;;4
04/09/26;IBERDROLA;CALL;Dic-26;17,00;19.89;19,73;0,95;;6.500
04/09/26;IBERDROLA;CALL;Dic-26;17,50;19.89;19,06;0,91;;2
04/09/26;IBERDROLA;CALL;Dic-26;18,00;19.89;18,40;0,87;;6.001
04/09/26;IBERDROLA;CALL;Dic-26;18,50;19.89;17,74;0,81;;32
04/09/26;IBERDROLA;CALL;Dic-26;19,00;19.89;17,08;0,73;1;345
04/09/26;IBERDROLA;CALL;Dic-26;19,50;19.89;16,42;0,64;;26.516
04/09/26;IBERDROLA;CALL;Dic-26;20,00;19.89;15,88;0,52;;7.515
04/09/26;IBERDROLA;CALL;Dic-26;20,50;19.89;15,81;0,41;;6
04/09/26;IBERDROLA;CALL;Dic-26;21,00;19.89;15,73;0,30;;311
04/09/26;IBERDROLA;CALL;Dic-26;21,50;19.89;15,66;0,21;;11
04/09/26;IBERDROLA;CALL;Dic-26;22,00;19.89;15,58;0,14;;143
04/09/26;IBERDROLA;CALL;Dic-26;22,50;19.89;15,51;0,09;;517
04/09/26;IBERDROLA;CALL;Dic-26;23,00;19.89;15,43;0,05;;105
04/09/26;IBERDROLA;CALL;Dic-26;23,50;19.89;15,36;0,03;;8
04/09/26;IBERDROLA;CALL;Dic-26;24,00;19.89;15,28;0,01;;1
04/09/26;IBERDROLA;CALL;Dic-26;25,00;19.89;15,13;;;1
04/09/26;IBERDROLA;CALL;Mar-27;12,00;19.89;26,16;1,00;;5
04/09/26;IBERDROLA;CALL;Mar-27;16,00;19.89;21,60;0,95;;10
04/09/26;IBERDROLA;CALL;Mar-27;16,50;19.89;21,03;0,93;;5
04/09/26;IBERDROLA;CALL;Mar-27;18,00;19.89;19,32;0,81;;4
04/09/26;IBERDROLA;CALL;Mar-27;19,50;19.89;17,61;0,61;;12
04/09/26;IBERDROLA;CALL;Mar-27;20,00;19.89;17,14;0,53;;100
04/09/26;IBERDROLA;CALL;Mar-27;20,50;19.89;17,00;0,44;;8
04/09/26;IBERDROLA;CALL;Mar-27;21,00;19.89;16,85;0,36;;500
04/09/26;IBERDROLA;CALL;Mar-27;22,00;19.89;16,57;0,23;;20
04/09/26;IBERDROLA;CALL;Mar-27;22,50;19.89;16,43;0,17;;4
04/09/26;IBERDROLA;CALL;Mar-27;23,00;19.89;16,28;0,13;;258
04/09/26;IBERDROLA;CALL;Mar-27;24,00;19.89;16,00;0,06;;10
04/09/26;IBERDROLA;CALL;Mar-27;26,00;19.89;15,43;0,01;;17
04/09/26;IBERDROLA;CALL;Jun-27;17,00;19.89;20,59;0,85;;100
04/09/26;IBERDROLA;CALL;Jun-27;17,50;19.89;20,08;0,81;;100
04/09/26;IBERDROLA;CALL;Jun-27;18,00;19.89;19,58;0,76;;1
04/09/26;IBERDROLA;CALL;Jun-27;18,50;19.89;19,08;0,71;;7
04/09/26;IBERDROLA;CALL;Jun-27;19,00;19.89;18,57;0,66;;5.500
04/09/26;IBERDROLA;CALL;Jun-27;19,50;19.89;18,07;0,60;;7
04/09/26;IBERDROLA;CALL;Jun-27;20,00;19.89;17,65;0,54;;100
04/09/26;IBERDROLA;CALL;Jun-27;20,50;19.89;17,52;0,47;;3
04/09/26;IBERDROLA;CALL;Jun-27;21,00;19.89;17,38;0,41;;1.005
04/09/26;IBERDROLA;CALL;Jun-27;22,00;19.89;17,11;0,30;2;10
04/09/26;IBERDROLA;CALL;Jun-27;23,00;19.89;16,85;0,20;;100
04/09/26;IBERDROLA;CALL;Sep-27;16,50;19.89;21,24;0,87;;10.100
04/09/26;IBERDROLA;CALL;Sep-27;17,00;19.89;20,77;0,83;;100
04/09/26;IBERDROLA;CALL;Sep-27;17,50;19.89;20,30;0,79;;100
04/09/26;IBERDROLA;CALL;Sep-27;19,50;19.89;18,43;0,60;;155
04/09/26;IBERDROLA;CALL;Sep-27;22,00;19.89;17,53;0,32;;5
04/09/26;IBERDROLA;CALL;Dic-27;10,00;19.89;27,20;1,00;;30
04/09/26;IBERDROLA;CALL;Dic-27;13,00;19.89;24,54;0,98;;50
04/09/26;IBERDROLA;CALL;Dic-27;14,00;19.89;23,65;0,96;;5
04/09/26;IBERDROLA;CALL;Dic-27;15,00;19.89;22,76;0,92;;5
04/09/26;IBERDROLA;CALL;Dic-27;16,00;19.89;21,88;0,87;;26
04/09/26;IBERDROLA;CALL;Dic-27;16,50;19.89;21,43;0,84;;25
04/09/26;IBERDROLA;CALL;Dic-27;17,00;19.89;20,99;0,81;;7.530
04/09/26;IBERDROLA;CALL;Dic-27;17,50;19.89;20,54;0,77;;25
04/09/26;IBERDROLA;CALL;Dic-27;18,00;19.89;20,10;0,73;;10.005
04/09/26;IBERDROLA;CALL;Dic-27;18,50;19.89;19,65;0,69;;251
04/09/26;IBERDROLA;CALL;Dic-27;19,00;19.89;19,21;0,64;;157
04/09/26;IBERDROLA;CALL;Dic-27;19,50;19.89;18,77;0,59;;395
04/09/26;IBERDROLA;CALL;Dic-27;20,00;19.89;18,40;0,54;;13.210
04/09/26;IBERDROLA;CALL;Dic-27;21,00;19.89;18,18;0,44;;7.260
04/09/26;IBERDROLA;CALL;Dic-27;22,00;19.89;17,96;0,35;;5.004
04/09/26;IBERDROLA;CALL;Dic-27;23,00;19.89;17,74;0,26;;6
04/09/26;IBERDROLA;CALL;Dic-27;24,00;19.89;17,52;0,19;;2.757
04/09/26;IBERDROLA;CALL;Dic-27;25,00;19.89;17,31;0,14;;2.002
04/09/26;IBERDROLA;CALL;Mar-28;19,00;19.89;19,21;0,64;;1
04/09/26;IBERDROLA;CALL;Mar-28;20,00;19.89;18,43;0,54;;102
04/09/26;IBERDROLA;CALL;Mar-28;21,00;19.89;18,25;0,45;;6
04/09/26;IBERDROLA;CALL;Mar-28;26,00;19.89;17,32;0,12;;1
04/09/26;IBERDROLA;CALL;Jun-28;10,00;19.89;26,62;1,00;;5
04/09/26;IBERDROLA;CALL;Jun-28;20,00;19.89;18,64;0,54;;1
04/09/26;IBERDROLA;CALL;Jun-28;22,50;19.89;18,22;0,35;;7
04/09/26;IBERDROLA;CALL;Jun-28;28,00;19.89;17,30;0,08;;15
04/09/26;IBERDROLA;CALL;Dic-28;16,00;19.89;21,49;0,83;;5.000
04/09/26;IBERDROLA;CALL;Dic-28;18,00;19.89;20,01;0,70;;500
04/09/26;IBERDROLA;CALL;Dic-28;18,50;19.89;19,64;0,66;;25
04/09/26;IBERDROLA;CALL;Dic-28;19,00;19.89;19,28;0,62;;1
04/09/26;IBERDROLA;CALL;Dic-28;23,00;19.89;18,20;0,33;;1
04/09/26;IBERDROLA;CALL;Dic-28;24,00;19.89;18,07;0,28;;15
04/09/26;IBERDROLA;CALL;Dic-29;15,00;19.89;22,33;0,87;;1
04/09/26;IBERDROLA;CALL;Dic-29;18,00;19.89;20,32;0,68;;6.000
04/09/26;IBERDROLA;CALL;Dic-29;19,00;19.89;19,65;0,62;;25
04/09/26;IBERDROLA;CALL;Dic-29;21,50;19.89;18,92;0,46;;1
04/09/26;IBERDROLA;CALL;Dic-29;23,00;19.89;18,79;0,38;;3
04/09/26;IBERDROLA;CALL;Dic-29;25,00;19.89;18,62;0,28;;1
04/09/26;IBERDROLA;CALL;Jun-30;21,00;19.89;19,91;0,50;;1
04/09/26;IBERDROLA;CALL;Dic-30;18,00;19.89;21,79;0,67;;245
04/09/26;IBERDROLA;PUT;Sep-26;9,75;19.89;27,59;;;25
04/09/26;IBERDROLA;PUT;Sep-26;13,00;19.89;23,18;;;153
04/09/26;IBERDROLA;PUT;Sep-26;13,50;19.89;22,50;;;44
04/09/26;IBERDROLA;PUT;Sep-26;14,00;19.89;21,83;;;135
04/09/26;IBERDROLA;PUT;Sep-26;14,50;19.89;21,15;;;135
04/09/26;IBERDROLA;PUT;Sep-26;15,00;19.89;20,47;;;51
04/09/26;IBERDROLA;PUT;Sep-26;15,50;19.89;19,79;;;12
04/09/26;IBERDROLA;PUT;Sep-26;16,00;19.89;19,11;;;1
04/09/26;IBERDROLA;PUT;Sep-26;16,50;19.89;18,43;;;63
04/09/26;IBERDROLA;PUT;Sep-26;17,00;19.89;17,75;;;5.020
04/09/26;IBERDROLA;PUT;Sep-26;17,50;19.89;17,07;;;12
04/09/26;IBERDROLA;PUT;Sep-26;18,00;19.89;16,40;;;530
04/09/26;IBERDROLA;PUT;Sep-26;18,50;19.89;15,72;-0,01;;30.000
04/09/26;IBERDROLA;PUT;Sep-26;19,00;19.89;15,04;-0,06;;20.000
04/09/26;IBERDROLA;PUT;Sep-26;19,50;19.89;14,36;-0,23;;6.586
04/09/26;IBERDROLA;PUT;Sep-26;19,75;19.89;14,02;-0,38;;25
04/09/26;IBERDROLA;PUT;Sep-26;20,00;19.89;13,82;-0,57;;5.217
04/09/26;IBERDROLA;PUT;Sep-26;20,50;19.89;13,78;-0,87;;256
04/09/26;IBERDROLA;PUT;Sep-26;21,00;19.89;13,74;-1,00;;2.513
04/09/26;IBERDROLA;PUT;Sep-26;21,50;19.89;13,70;-1,00;;2.503
04/09/26;IBERDROLA;PUT;Oct-26;19,00;19.89;15,60;-0,17;;14
04/09/26;IBERDROLA;PUT;Oct-26;19,50;19.89;14,94;-0,32;;1
04/09/26;IBERDROLA;PUT;Oct-26;20,00;19.89;14,41;-0,52;;1
04/09/26;IBERDROLA;PUT;Oct-26;20,50;19.89;14,37;-0,72;;1
04/09/26;IBERDROLA;PUT;Nov-26;18,00;19.89;17,51;-0,09;5;6
04/09/26;IBERDROLA;PUT;Nov-26;19,00;19.89;16,20;-0,24;1;3
04/09/26;IBERDROLA;PUT;Nov-26;19,50;19.89;15,55;-0,36;;1
04/09/26;IBERDROLA;PUT;Dic-26;9,00;19.89;29,87;;;2.000
04/09/26;IBERDROLA;PUT;Dic-26;9,50;19.89;29,21;;;2
04/09/26;IBERDROLA;PUT;Dic-26;9,75;19.89;28,87;;;25
04/09/26;IBERDROLA;PUT;Dic-26;10,50;19.89;27,88;;;502
04/09/26;IBERDROLA;PUT;Dic-26;11,00;19.89;27,22;;;1.348
04/09/26;IBERDROLA;PUT;Dic-26;11,50;19.89;26,56;;;26
04/09/26;IBERDROLA;PUT;Dic-26;12,00;19.89;25,90;;;10.150
04/09/26;IBERDROLA;PUT;Dic-26;13,00;19.89;24,57;;;21
04/09/26;IBERDROLA;PUT;Dic-26;13,50;19.89;23,91;;;10.000
04/09/26;IBERDROLA;PUT;Dic-26;14,00;19.89;23,25;;;15.010
04/09/26;IBERDROLA;PUT;Dic-26;14,50;19.89;22,59;;;10
04/09/26;IBERDROLA;PUT;Dic-26;15,00;19.89;21,92;-0,01;;2
04/09/26;IBERDROLA;PUT;Dic-26;15,50;19.89;21,26;-0,01;;30
04/09/26;IBERDROLA;PUT;Dic-26;16,00;19.89;20,60;-0,02;;34.287
04/09/26;IBERDROLA;PUT;Dic-26;16,50;19.89;19,94;-0,03;;255
04/09/26;IBERDROLA;PUT;Dic-26;17,00;19.89;19,28;-0,05;;67.047
04/09/26;IBERDROLA;PUT;Dic-26;17,50;19.89;18,61;-0,08;4;10.009
04/09/26;IBERDROLA;PUT;Dic-26;18,00;19.89;17,95;-0,13;;83.783
04/09/26;IBERDROLA;PUT;Dic-26;18,50;19.89;17,29;-0,19;;7.408
04/09/26;IBERDROLA;PUT;Dic-26;19,00;19.89;16,63;-0,27;;26
04/09/26;IBERDROLA;PUT;Dic-26;19,50;19.89;15,97;-0,37;;16.528
04/09/26;IBERDROLA;PUT;Dic-26;20,00;19.89;15,43;-0,49;;81.021
04/09/26;IBERDROLA;PUT;Dic-26;20,50;19.89;15,36;-0,61;;1
04/09/26;IBERDROLA;PUT;Dic-26;21,00;19.89;15,28;-0,73;;888
04/09/26;IBERDROLA;PUT;Dic-26;21,50;19.89;15,21;-0,83;;11
04/09/26;IBERDROLA;PUT;Dic-26;22,00;19.89;15,13;-0,92;;2
04/09/26;IBERDROLA;PUT;Mar-27;10,50;19.89;27,05;;;1
04/09/26;IBERDROLA;PUT;Mar-27;14,00;19.89;23,06;-0,01;;1
04/09/26;IBERDROLA;PUT;Mar-27;15,00;19.89;21,92;-0,03;;1
04/09/26;IBERDROLA;PUT;Mar-27;16,00;19.89;20,78;-0,07;;14
04/09/26;IBERDROLA;PUT;Mar-27;16,50;19.89;20,21;-0,09;;4
04/09/26;IBERDROLA;PUT;Mar-27;18,00;19.89;18,50;-0,22;;4
04/09/26;IBERDROLA;PUT;Mar-27;18,50;19.89;17,93;-0,28;;2
04/09/26;IBERDROLA;PUT;Mar-27;19,00;19.89;17,36;-0,34;;1
04/09/26;IBERDROLA;PUT;Mar-27;19,50;19.89;16,79;-0,42;;302
04/09/26;IBERDROLA;PUT;Mar-27;20,00;19.89;16,32;-0,51;;60
04/09/26;IBERDROLA;PUT;Mar-27;24,00;19.89;15,18;-0,96;;1
04/09/26;IBERDROLA;PUT;Jun-27;15,00;19.89;21,91;-0,06;;13
04/09/26;IBERDROLA;PUT;Jun-27;15,50;19.89;21,40;-0,08;;2
04/09/26;IBERDROLA;PUT;Jun-27;16,00;19.89;20,90;-0,10;;1.020
04/09/26;IBERDROLA;PUT;Jun-27;16,50;19.89;20,40;-0,13;;9
04/09/26;IBERDROLA;PUT;Jun-27;17,00;19.89;19,90;-0,16;;5.517
04/09/26;IBERDROLA;PUT;Jun-27;17,50;19.89;19,39;-0,20;;5
04/09/26;IBERDROLA;PUT;Jun-27;18,00;19.89;18,89;-0,24;;9
04/09/26;IBERDROLA;PUT;Jun-27;19,00;19.89;17,88;-0,35;;9
04/09/26;IBERDROLA;PUT;Jun-27;19,50;19.89;17,38;-0,42;;50
04/09/26;IBERDROLA;PUT;Jun-27;20,00;19.89;16,96;-0,49;;11.513
04/09/26;IBERDROLA;PUT;Jun-27;23,00;19.89;16,16;-0,86;;2
04/09/26;IBERDROLA;PUT;Sep-27;16,00;19.89;20,94;-0,14;;35.000
04/09/26;IBERDROLA;PUT;Sep-27;16,50;19.89;20,47;-0,17;;200
04/09/26;IBERDROLA;PUT;Sep-27;17,00;19.89;20,00;-0,21;;100
04/09/26;IBERDROLA;PUT;Sep-27;17,50;19.89;19,53;-0,25;;200
04/09/26;IBERDROLA;PUT;Sep-27;18,00;19.89;19,06;-0,29;;5.300
04/09/26;IBERDROLA;PUT;Sep-27;19,00;19.89;18,13;-0,40;;50
04/09/26;IBERDROLA;PUT;Sep-27;19,50;19.89;17,66;-0,45;;50
04/09/26;IBERDROLA;PUT;Sep-27;20,00;19.89;17,26;-0,51;;25
04/09/26;IBERDROLA;PUT;Sep-27;20,50;19.89;17,14;-0,57;;50
04/09/26;IBERDROLA;PUT;Dic-27;9,50;19.89;26,28;;;2.000
04/09/26;IBERDROLA;PUT;Dic-27;10,00;19.89;25,83;-0,01;;5
04/09/26;IBERDROLA;PUT;Dic-27;11,50;19.89;24,50;-0,02;;1.800
04/09/26;IBERDROLA;PUT;Dic-27;12,00;19.89;24,06;-0,02;;30.000
04/09/26;IBERDROLA;PUT;Dic-27;13,00;19.89;23,17;-0,04;;35.000
04/09/26;IBERDROLA;PUT;Dic-27;14,00;19.89;22,28;-0,07;;10.000
04/09/26;IBERDROLA;PUT;Dic-27;14,50;19.89;21,84;-0,08;;20.000
04/09/26;IBERDROLA;PUT;Dic-27;16,00;19.89;20,51;-0,15;;25.001
04/09/26;IBERDROLA;PUT;Dic-27;16,50;19.89;20,06;-0,18;;2.002
04/09/26;IBERDROLA;PUT;Dic-27;17,00;19.89;19,62;-0,22;;2.750
04/09/26;IBERDROLA;PUT;Dic-27;17,50;19.89;19,17;-0,26;;460
04/09/26;IBERDROLA;PUT;Dic-27;18,00;19.89;18,73;-0,30;;409
04/09/26;IBERDROLA;PUT;Dic-27;18,50;19.89;18,28;-0,34;;175
04/09/26;IBERDROLA;PUT;Dic-27;19,00;19.89;17,84;-0,39;;1.811
04/09/26;IBERDROLA;PUT;Dic-27;19,50;19.89;17,40;-0,45;;25
04/09/26;IBERDROLA;PUT;Dic-27;20,00;19.89;17,03;-0,50;;9.250
04/09/26;IBERDROLA;PUT;Dic-27;21,00;19.89;16,81;-0,61;;1.250
04/09/26;IBERDROLA;PUT;Dic-27;22,00;19.89;16,59;-0,71;;50
04/09/26;IBERDROLA;PUT;Mar-28;18,00;19.89;18,29;-0,31;;200
04/09/26;IBERDROLA;PUT;Jun-28;13,00;19.89;21,90;-0,06;;150
04/09/26;IBERDROLA;PUT;Jun-28;14,00;19.89;21,10;-0,09;;150
04/09/26;IBERDROLA;PUT;Dic-28;15,00;19.89;19,39;-0,15;;5.000
04/09/26;IBERDROLA;PUT;Dic-28;21,50;19.89;15,56;-0,63;;4.000
04/09/26;IBERDROLA;PUT;Dic-28;24,00;19.89;15,23;-0,80;;1
04/09/26;IBERDROLA;PUT;Dic-29;19,00;19.89;16,10;-0,43;;2
04/09/26;IBERDROLA;PUT;Dic-30;14,50;19.89;18,94;-0,19;;5
04/09/26;IBERDROLA;CALL;Sep-26;13,50;19.89;23,09;1,00;;150
04/09/26;IBERDROLA;CALL;Sep-26;14,00;19.89;22,42;1,00;;300
04/09/26;IBERDROLA;CALL;Sep-26;20,00;19.89;14,41;0,44;;160
04/09/26;IBERDROLA;CALL;Sep-26;20,00;19.89;14,41;0,44;;10
04/09/26;IBERDROLA;CALL;Sep-26;20,50;19.89;14,37;0,15;;1
04/09/26;IBERDROLA;CALL;Sep-26;21,00;19.89;14,33;0,03;;13
04/09/26;IBERDROLA;CALL;Sep-26;22,00;19.89;14,24;;;2.043
04/09/26;IBERDROLA;CALL;Oct-26;22,00;19.89;14,45;0,02;;1.486
04/09/26;IBERDROLA;CALL;Dic-26;14,50;19.89;23,04;0,99;;510
04/09/26;IBERDROLA;CALL;Dic-26;18,00;19.89;18,40;0,86;;10
04/09/26;IBERDROLA;CALL;Dic-26;18,50;19.89;17,74;0,80;;200
04/09/26;IBERDROLA;CALL;Dic-26;19,00;19.89;17,08;0,73;;50
04/09/26;IBERDROLA;CALL;Dic-26;20,00;19.89;15,88;0,52;;10
04/09/26;IBERDROLA;CALL;Dic-26;20,50;19.89;15,81;0,41;;1
04/09/26;IBERDROLA;CALL;Dic-26;21,00;19.89;15,73;0,30;;14
04/09/26;IBERDROLA;CALL;Dic-26;22,00;19.89;15,58;0,14;;17
04/09/26;IBERDROLA;CALL;Jun-27;24,00;19.89;16,58;0,12;;5
04/09/26;IBERDROLA;CALL;Dic-27;12,00;19.89;25,43;0,94;;2.000
04/09/26;IBERDROLA;CALL;Jun-30;21,00;19.89;19,91;0,45;;1
04/09/26;IBERDROLA;PUT;Sep-26;13,00;19.89;23,18;;;500
04/09/26;IBERDROLA;PUT;Sep-26;15,00;19.89;20,47;;;800
04/09/26;IBERDROLA;PUT;Sep-26;18,50;19.89;15,72;-0,01;;25
04/09/26;IBERDROLA;PUT;Sep-26;20,25;19.89;13,80;-0,73;;2
04/09/26;IBERDROLA;PUT;Sep-26;21,00;19.89;13,74;-0,97;;10
04/09/26;IBERDROLA;PUT;Dic-26;15,00;19.89;21,92;-0,01;;600
04/09/26;IBERDROLA;PUT;Dic-26;16,00;19.89;20,60;-0,02;;1
04/09/26;IBERDROLA;PUT;Dic-26;19,00;19.89;16,63;-0,26;;21
04/09/26;IBERDROLA;PUT;Dic-26;19,50;19.89;15,97;-0,36;;4
04/09/26;IBERDROLA;PUT;Dic-26;20,00;19.89;15,43;-0,47;;1
04/09/26;IBERDROLA;PUT;Dic-26;21,00;19.89;15,28;-0,70;;10
04/09/26;IBERDROLA;PUT;Dic-26;21,00;19.89;15,28;-0,70;;10
04/09/26;IBERDROLA;PUT;Dic-26;22,00;19.89;15,13;-0,86;;10
04/09/26;IBERDROLA;PUT;Dic-27;12,00;19.89;24,06;-0,02;;2.000
04/09/26;INDITEX;CALL;Sep-26;40,63;57.44;44,44;1,00;;25
04/09/26;INDITEX;CALL;Sep-26;41,60;57.44;43,59;1,00;;50
04/09/26;INDITEX;CALL;Sep-26;43,54;57.44;41,89;1,00;;50
04/09/26;INDITEX;CALL;Sep-26;44,49;57.44;41,06;1,00;;25
04/09/26;INDITEX;CALL;Sep-26;45,47;57.44;40,20;1,00;;75
04/09/26;INDITEX;CALL;Sep-26;46,44;57.44;39,35;1,00;;50
04/09/26;INDITEX;CALL;Sep-26;47,41;57.44;38,50;1,00;;50
04/09/26;INDITEX;CALL;Sep-26;48,38;57.44;37,65;0,99;;25
04/09/26;INDITEX;CALL;Sep-26;50,31;57.44;35,96;0,97;;25
04/09/26;INDITEX;CALL;Sep-26;52,25;57.44;34,26;0,93;;100
04/09/26;INDITEX;CALL;Sep-26;54,17;57.44;32,58;0,83;;381
04/09/26;INDITEX;CALL;Sep-26;56,11;57.44;30,88;0,67;5;1.752
04/09/26;INDITEX;CALL;Sep-26;58,05;57.44;29,57;0,45;;517
04/09/26;INDITEX;CALL;Sep-26;59,00;57.44;29,36;0,34;;100
04/09/26;INDITEX;CALL;Sep-26;59,99;57.44;29,13;0,24;;233
04/09/26;INDITEX;CALL;Sep-26;61,92;57.44;28,70;0,10;;25
04/09/26;INDITEX;CALL;Sep-26;65,78;57.44;27,82;0,01;;10
04/09/26;INDITEX;CALL;Oct-26;61,92;57.44;23,17;0,19;;3
04/09/26;INDITEX;CALL;Oct-26;63,85;57.44;22,83;0,10;;100
04/09/26;INDITEX;CALL;Nov-26;65,78;57.44;22,12;0,10;;100
04/09/26;INDITEX;CALL;Dic-26;35,80;57.44;38,46;1,00;;3
04/09/26;INDITEX;CALL;Dic-26;38,70;57.44;36,66;0,99;;1
04/09/26;INDITEX;CALL;Dic-26;39,67;57.44;36,05;0,98;;52
04/09/26;INDITEX;CALL;Dic-26;40,63;57.44;35,46;0,98;;25
04/09/26;INDITEX;CALL;Dic-26;44,49;57.44;33,06;0,95;;120
04/09/26;INDITEX;CALL;Dic-26;46,44;57.44;31,85;0,92;;26
04/09/26;INDITEX;CALL;Dic-26;47,41;57.44;31,25;0,90;;325
04/09/26;INDITEX;CALL;Dic-26;48,38;57.44;30,65;0,88;;400
04/09/26;INDITEX;CALL;Dic-26;50,31;57.44;29,45;0,83;;50
04/09/26;INDITEX;CALL;Dic-26;52,25;57.44;28,24;0,77;;31
04/09/26;INDITEX;CALL;Dic-26;54,17;57.44;27,05;0,69;;59
04/09/26;INDITEX;CALL;Dic-26;56,11;57.44;25,85;0,60;;149
04/09/26;INDITEX;CALL;Dic-26;58,05;57.44;24,92;0,50;;645
04/09/26;INDITEX;CALL;Dic-26;59,99;57.44;24,61;0,40;;202
04/09/26;INDITEX;CALL;Dic-26;61,92;57.44;24,29;0,31;;253
04/09/26;INDITEX;CALL;Dic-26;63,85;57.44;23,98;0,23;;211
04/09/26;INDITEX;CALL;Dic-26;65,78;57.44;23,66;0,16;;17
04/09/26;INDITEX;CALL;Dic-26;67,72;57.44;23,35;0,11;;15
04/09/26;INDITEX;CALL;Dic-26;69,66;57.44;23,03;0,07;;11
04/09/26;INDITEX;CALL;Dic-26;71,60;57.44;22,72;0,04;;3
04/09/26;INDITEX;CALL;Mar-27;52,25;57.44;28,06;0,73;;100
04/09/26;INDITEX;CALL;Mar-27;54,17;57.44;27,02;0,67;;3
04/09/26;INDITEX;CALL;Mar-27;63,85;57.44;24,37;0,32;;400
04/09/26;INDITEX;CALL;Mar-27;65,78;57.44;24,10;0,26;;300
04/09/26;INDITEX;CALL;Mar-27;67,72;57.44;23,83;0,21;;75
04/09/26;INDITEX;CALL;Mar-27;69,66;57.44;23,56;0,16;;25
04/09/26;INDITEX;CALL;Mar-27;71,60;57.44;23,29;0,12;;10
04/09/26;INDITEX;CALL;Mar-27;73,53;57.44;23,02;0,09;;20
04/09/26;INDITEX;CALL;Jun-27;38,70;57.44;34,11;0,94;;150
04/09/26;INDITEX;CALL;Jun-27;45,47;57.44;31,12;0,86;;25
04/09/26;INDITEX;CALL;Jun-27;50,31;57.44;28,98;0,76;;25
04/09/26;INDITEX;CALL;Jun-27;58,05;57.44;25,74;0,54;;150
04/09/26;INDITEX;CALL;Jun-27;59,99;57.44;25,44;0,48;;188
04/09/26;INDITEX;CALL;Jun-27;61,92;57.44;25,14;0,42;;100
04/09/26;INDITEX;CALL;Jun-27;69,66;57.44;23,93;0,22;;100
04/09/26;INDITEX;CALL;Jun-27;71,60;57.44;23,62;0,17;;25
04/09/26;INDITEX;CALL;Jun-27;73,53;57.44;23,32;0,14;;50
04/09/26;INDITEX;CALL;Sep-27;59,99;57.44;25,92;0,50;;25
04/09/26;INDITEX;CALL;Sep-27;63,85;57.44;25,40;0,40;;25
04/09/26;INDITEX;CALL;Sep-27;69,66;57.44;24,63;0,27;;1
04/09/26;INDITEX;CALL;Sep-27;71,60;57.44;24,37;0,23;;25
04/09/26;INDITEX;CALL;Dic-27;37,73;57.44;33,02;0,92;;25
04/09/26;INDITEX;CALL;Dic-27;38,70;57.44;32,71;0,91;;1
04/09/26;INDITEX;CALL;Dic-27;39,67;57.44;32,40;0,90;;1
04/09/26;INDITEX;CALL;Dic-27;43,54;57.44;31,17;0,85;;50
04/09/26;INDITEX;CALL;Dic-27;45,47;57.44;30,55;0,82;;25
04/09/26;INDITEX;CALL;Dic-27;47,41;57.44;29,93;0,78;;25
04/09/26;INDITEX;CALL;Dic-27;52,25;57.44;28,39;0,69;;25
04/09/26;INDITEX;CALL;Dic-27;54,17;57.44;27,77;0,65;;25
04/09/26;INDITEX;CALL;Dic-27;59,99;57.44;26,42;0,51;;25
04/09/26;INDITEX;CALL;Dic-27;61,92;57.44;26,18;0,47;;175
04/09/26;INDITEX;CALL;Dic-27;63,85;57.44;25,95;0,43;;500
04/09/26;INDITEX;CALL;Dic-27;65,78;57.44;25,71;0,38;;10
04/09/26;INDITEX;CALL;Dic-27;71,60;57.44;25,00;0,27;;1
04/09/26;INDITEX;CALL;Mar-28;33,30;57.44;34,67;0,95;;1
04/09/26;INDITEX;CALL;Mar-28;52,89;57.44;28,54;0,68;;50
04/09/26;INDITEX;CALL;Mar-28;54,86;57.44;27,92;0,64;;75
04/09/26;INDITEX;CALL;Mar-28;56,81;57.44;27,31;0,60;;75
04/09/26;INDITEX;CALL;Mar-28;58,77;57.44;26,92;0,56;;50
04/09/26;INDITEX;CALL;Mar-28;60,73;57.44;26,65;0,52;;25
04/09/26;INDITEX;CALL;Mar-28;64,65;57.44;26,11;0,44;;25
04/09/26;INDITEX;CALL;Mar-28;66,60;57.44;25,83;0,40;;25
04/09/26;INDITEX;CALL;Mar-28;68,56;57.44;25,56;0,36;;25
04/09/26;INDITEX;CALL;Mar-28;70,53;57.44;25,29;0,33;;25
04/09/26;INDITEX;CALL;Mar-28;72,49;57.44;25,01;0,29;;25
04/09/26;INDITEX;CALL;Jun-28;42,12;57.44;31,92;0,84;;25
04/09/26;INDITEX;CALL;Jun-28;43,10;57.44;31,62;0,83;;25
04/09/26;INDITEX;CALL;Jun-28;56,81;57.44;27,40;0,60;;25
04/09/26;INDITEX;CALL;Jun-28;58,77;57.44;27,04;0,57;;50
04/09/26;INDITEX;CALL;Jun-28;66,60;57.44;26,04;0,42;;50
04/09/26;INDITEX;CALL;Jun-28;68,56;57.44;25,79;0,38;;25
04/09/26;INDITEX;CALL;Jun-28;70,53;57.44;25,54;0,35;;25
04/09/26;INDITEX;CALL;Jun-28;72,49;57.44;25,29;0,31;;25
04/09/26;INDITEX;CALL;Dic-28;49,44;57.44;29,18;0,73;;2
04/09/26;INDITEX;CALL;Dic-28;67,24;57.44;26,02;0,44;;490
04/09/26;INDITEX;CALL;Dic-29;43,51;57.44;28,77;0,81;;220
04/09/26;INDITEX;PUT;Sep-26;35,80;57.44;48,52;;;1
04/09/26;INDITEX;PUT;Sep-26;36,76;57.44;47,68;;;27
04/09/26;INDITEX;PUT;Sep-26;38,70;57.44;45,98;;;25
04/09/26;INDITEX;PUT;Sep-26;39,67;57.44;45,13;;;26
04/09/26;INDITEX;PUT;Sep-26;40,63;57.44;44,29;;;28
04/09/26;INDITEX;PUT;Sep-26;41,60;57.44;43,44;;;240
04/09/26;INDITEX;PUT;Sep-26;42,57;57.44;42,59;;;300
04/09/26;INDITEX;PUT;Sep-26;43,54;57.44;41,74;;;25
04/09/26;INDITEX;PUT;Sep-26;44,49;57.44;40,91;;;51
04/09/26;INDITEX;PUT;Sep-26;45,47;57.44;40,05;;;51
04/09/26;INDITEX;PUT;Sep-26;46,44;57.44;39,20;;;75
04/09/26;INDITEX;PUT;Sep-26;47,41;57.44;38,35;;;30
04/09/26;INDITEX;PUT;Sep-26;48,38;57.44;37,50;-0,01;;82
04/09/26;INDITEX;PUT;Sep-26;50,31;57.44;35,81;-0,03;;101
04/09/26;INDITEX;PUT;Sep-26;52,00;57.44;34,33;-0,06;;4.006
04/09/26;INDITEX;PUT;Sep-26;52,25;57.44;34,11;-0,07;;27
04/09/26;INDITEX;PUT;Sep-26;54,17;57.44;32,43;-0,17;;375
04/09/26;INDITEX;PUT;Sep-26;56,11;57.44;30,73;-0,33;;2
04/09/26;INDITEX;PUT;Sep-26;58,05;57.44;29,42;-0,56;1;501
04/09/26;INDITEX;PUT;Sep-26;59,99;57.44;28,98;-0,77;;6
04/09/26;INDITEX;PUT;Oct-26;48,38;57.44;30,29;-0,04;;2
04/09/26;INDITEX;PUT;Oct-26;50,00;57.44;29,12;-0,07;;2
04/09/26;INDITEX;PUT;Oct-26;50,31;57.44;28,89;-0,08;;1
04/09/26;INDITEX;PUT;Oct-26;52,25;57.44;27,48;-0,14;;2
04/09/26;INDITEX;PUT;Oct-26;54,17;57.44;26,09;-0,23;;3
04/09/26;INDITEX;PUT;Oct-26;56,11;57.44;24,68;-0,36;;2
04/09/26;INDITEX;PUT;Nov-26;50,00;57.44;27,54;-0,13;;2
04/09/26;INDITEX;PUT;Dic-26;32,90;57.44;38,80;;;26
04/09/26;INDITEX;PUT;Dic-26;33,87;57.44;38,20;;;21
04/09/26;INDITEX;PUT;Dic-26;34,83;57.44;37,60;;;25
04/09/26;INDITEX;PUT;Dic-26;35,80;57.44;37,00;-0,01;;25
04/09/26;INDITEX;PUT;Dic-26;36,76;57.44;36,40;-0,01;;26
04/09/26;INDITEX;PUT;Dic-26;37,73;57.44;35,80;-0,01;;150
04/09/26;INDITEX;PUT;Dic-26;38,70;57.44;35,20;-0,01;;150
04/09/26;INDITEX;PUT;Dic-26;39,67;57.44;34,59;-0,02;;11
04/09/26;INDITEX;PUT;Dic-26;40,63;57.44;34,00;-0,02;;2
04/09/26;INDITEX;PUT;Dic-26;41,60;57.44;33,40;-0,03;;86
04/09/26;INDITEX;PUT;Dic-26;42,57;57.44;32,79;-0,04;;150
04/09/26;INDITEX;PUT;Dic-26;43,54;57.44;32,19;-0,05;;75
04/09/26;INDITEX;PUT;Dic-26;44,49;57.44;31,60;-0,06;;62
04/09/26;INDITEX;PUT;Dic-26;45,47;57.44;30,99;-0,07;;35
04/09/26;INDITEX;PUT;Dic-26;46,44;57.44;30,39;-0,08;;253
04/09/26;INDITEX;PUT;Dic-26;47,41;57.44;29,79;-0,10;;2.409
04/09/26;INDITEX;PUT;Dic-26;48,38;57.44;29,19;-0,12;;76
04/09/26;INDITEX;PUT;Dic-26;50,00;57.44;28,18;-0,16;;200
04/09/26;INDITEX;PUT;Dic-26;50,31;57.44;27,99;-0,17;5;170
04/09/26;INDITEX;PUT;Dic-26;52,25;57.44;26,78;-0,23;;30
04/09/26;INDITEX;PUT;Dic-26;54,17;57.44;25,59;-0,31;100;125
04/09/26;INDITEX;PUT;Dic-26;56,11;57.44;24,39;-0,40;;210
04/09/26;INDITEX;PUT;Dic-26;59,99;57.44;23,15;-0,62;;176
04/09/26;INDITEX;PUT;Mar-27;33,87;57.44;36,00;-0,01;;50
04/09/26;INDITEX;PUT;Mar-27;34,83;57.44;35,48;-0,02;;50
04/09/26;INDITEX;PUT;Mar-27;35,80;57.44;34,96;-0,02;;75
04/09/26;INDITEX;PUT;Mar-27;36,76;57.44;34,44;-0,03;;75
04/09/26;INDITEX;PUT;Mar-27;37,73;57.44;33,92;-0,03;;25
04/09/26;INDITEX;PUT;Mar-27;38,70;57.44;33,39;-0,04;;25
04/09/26;INDITEX;PUT;Mar-27;39,67;57.44;32,87;-0,05;;52
04/09/26;INDITEX;PUT;Mar-27;40,63;57.44;32,35;-0,05;;78
04/09/26;INDITEX;PUT;Mar-27;41,60;57.44;31,83;-0,06;;1
04/09/26;INDITEX;PUT;Mar-27;42,57;57.44;31,31;-0,07;;1
04/09/26;INDITEX;PUT;Mar-27;44,49;57.44;30,27;-0,10;;18
04/09/26;INDITEX;PUT;Mar-27;45,47;57.44;29,74;-0,11;;13
04/09/26;INDITEX;PUT;Mar-27;50,00;57.44;27,30;-0,21;;3.000
04/09/26;INDITEX;PUT;Mar-27;50,31;57.44;27,13;-0,21;;102
04/09/26;INDITEX;PUT;Mar-27;52,25;57.44;26,08;-0,27;100;200
04/09/26;INDITEX;PUT;Mar-27;54,17;57.44;25,04;-0,33;;5
04/09/26;INDITEX;PUT;Jun-27;26,12;57.44;37,41;-0,01;;1
04/09/26;INDITEX;PUT;Jun-27;30,96;57.44;35,28;-0,02;;150
04/09/26;INDITEX;PUT;Jun-27;33,87;57.44;34,00;-0,03;;200
04/09/26;INDITEX;PUT;Jun-27;34,83;57.44;33,57;-0,03;;180
04/09/26;INDITEX;PUT;Jun-27;36,76;57.44;32,72;-0,05;;25
04/09/26;INDITEX;PUT;Jun-27;38,70;57.44;31,87;-0,06;;150
04/09/26;INDITEX;PUT;Jun-27;39,67;57.44;31,44;-0,07;;101
04/09/26;INDITEX;PUT;Jun-27;41,60;57.44;30,59;-0,09;;176
04/09/26;INDITEX;PUT;Jun-27;42,57;57.44;30,16;-0,11;;150
04/09/26;INDITEX;PUT;Jun-27;43,54;57.44;29,73;-0,12;;150
04/09/26;INDITEX;PUT;Jun-27;44,49;57.44;29,31;-0,13;;50
04/09/26;INDITEX;PUT;Jun-27;46,44;57.44;28,45;-0,17;;25
04/09/26;INDITEX;PUT;Jun-27;47,41;57.44;28,02;-0,19;;153
04/09/26;INDITEX;PUT;Jun-27;48,38;57.44;27,60;-0,21;;150
04/09/26;INDITEX;PUT;Jun-27;50,31;57.44;26,74;-0,25;;3
04/09/26;INDITEX;PUT;Jun-27;52,25;57.44;25,89;-0,30;;150
04/09/26;INDITEX;PUT;Jun-27;56,11;57.44;24,19;-0,42;;25
04/09/26;INDITEX;PUT;Jun-27;65,78;57.44;22,29;-0,73;;1
04/09/26;INDITEX;PUT;Sep-27;43,54;57.44;29,03;-0,14;;25
04/09/26;INDITEX;PUT;Sep-27;44,49;57.44;28,68;-0,15;;25
04/09/26;INDITEX;PUT;Sep-27;45,47;57.44;28,33;-0,17;;25
04/09/26;INDITEX;PUT;Sep-27;46,44;57.44;27,97;-0,18;;25
04/09/26;INDITEX;PUT;Sep-27;73,53;57.44;21,80;-0,86;;1
04/09/26;INDITEX;PUT;Dic-27;21,29;57.44;36,02;;;2
04/09/26;INDITEX;PUT;Dic-27;33,87;57.44;32,00;-0,05;;100
04/09/26;INDITEX;PUT;Dic-27;36,76;57.44;31,08;-0,07;;25
04/09/26;INDITEX;PUT;Dic-27;37,73;57.44;30,77;-0,08;;25
04/09/26;INDITEX;PUT;Dic-27;43,54;57.44;28,92;-0,15;;10
04/09/26;INDITEX;PUT;Dic-27;45,47;57.44;28,30;-0,18;;1.100
04/09/26;INDITEX;PUT;Dic-27;46,44;57.44;27,99;-0,20;;150
04/09/26;INDITEX;PUT;Dic-27;47,41;57.44;27,68;-0,22;;325
04/09/26;INDITEX;PUT;Dic-27;48,38;57.44;27,37;-0,23;;175
04/09/26;INDITEX;PUT;Dic-27;50,31;57.44;26,76;-0,27;;350
04/09/26;INDITEX;PUT;Dic-27;52,25;57.44;26,14;-0,32;;375
04/09/26;INDITEX;PUT;Dic-27;54,17;57.44;25,52;-0,36;;450
04/09/26;INDITEX;PUT;Dic-27;56,11;57.44;24,90;-0,41;;500
04/09/26;INDITEX;PUT;Dic-27;58,05;57.44;24,41;-0,46;;50
04/09/26;INDITEX;PUT;Dic-27;59,99;57.44;24,17;-0,51;;25
04/09/26;INDITEX;PUT;Jun-28;43,10;57.44;28,44;-0,17;;25
04/09/26;INDITEX;PUT;Jun-28;44,08;57.44;28,14;-0,18;;25
04/09/26;INDITEX;PUT;Jun-28;45,06;57.44;27,84;-0,20;;25
04/09/26;INDITEX;PUT;Jun-28;47,99;57.44;26,94;-0,24;;25
04/09/26;INDITEX;PUT;Dic-28;51,42;57.44;25,63;-0,31;;25
04/09/26;INDITEX;PUT;Dic-29;43,51;57.44;26,79;-0,20;;220
04/09/26;INDITEX;CALL;Sep-26;49,44;57.44;36,72;0,98;;5
04/09/26;INDITEX;CALL;Sep-26;54,17;57.44;32,58;0,83;;7
04/09/26;INDITEX;CALL;Sep-26;56,11;57.44;30,88;0,67;;6
04/09/26;INDITEX;CALL;Sep-26;57,35;57.44;29,79;0,53;;5
04/09/26;INDITEX;CALL;Sep-26;59,99;57.44;29,13;0,24;;7
04/09/26;INDITEX;CALL;Sep-26;61,30;57.44;28,84;0,14;;944
04/09/26;INDITEX;CALL;Sep-26;63,28;57.44;28,39;0,05;;1.888
04/09/26;INDITEX;CALL;Oct-26;61,30;57.44;23,29;0,23;;5.945
04/09/26;INDITEX;CALL;Oct-26;63,85;57.44;22,83;0,10;;1
04/09/26;INDITEX;CALL;Dic-26;56,11;57.44;25,85;0,59;;26
04/09/26;INDITEX;CALL;Dic-26;58,05;57.44;24,92;0,50;;1
04/09/26;INDITEX;PUT;Sep-26;41,60;57.44;43,44;;;165
04/09/26;INDITEX;PUT;Sep-26;42,57;57.44;42,59;;;150
04/09/26;INDITEX;PUT;Sep-26;43,54;57.44;41,74;;;15
04/09/26;INDITEX;PUT;Sep-26;44,49;57.44;40,91;;;10
04/09/26;INDITEX;PUT;Sep-26;50,31;57.44;35,81;-0,03;;6
04/09/26;INDITEX;PUT;Sep-26;54,17;57.44;32,43;-0,17;;7
04/09/26;INDITEX;PUT;Sep-26;55,37;57.44;31,37;-0,26;;5
04/09/26;INDITEX;PUT;Sep-26;56,11;57.44;30,73;-0,33;;3
04/09/26;INDITEX;PUT;Oct-26;56,11;57.44;24,68;-0,36;;1
04/09/26;INDITEX;PUT;Dic-26;42,57;57.44;32,79;-0,04;;120
04/09/26;INDITEX;PUT;Dic-26;46,44;57.44;30,39;-0,08;;1
04/09/26;INDITEX;PUT;Mar-27;42,57;57.44;31,31;-0,07;;1
04/09/26;INDITEX;PUT;Dic-27;59,99;57.44;24,17;-0,48;;10
04/09/26;INDITEX;PUT;Dic-27;63,85;57.44;23,70;-0,57;;1
04/09/26;INDRA;CALL;Sep-26;18,00;59.3;61,25;1,00;;1
04/09/26;INDRA;CALL;Sep-26;26,00;59.3;57,38;1,00;;1
04/09/26;INDRA;CALL;Sep-26;37,00;59.3;52,06;1,00;;28
04/09/26;INDRA;CALL;Sep-26;50,00;59.3;45,78;0,97;;84
04/09/26;INDRA;CALL;Sep-26;52,00;59.3;44,81;0,94;;11
04/09/26;INDRA;CALL;Sep-26;54,00;59.3;43,84;0,87;;11
04/09/26;INDRA;CALL;Sep-26;56,00;59.3;42,88;0,77;;1
04/09/26;INDRA;CALL;Sep-26;58,00;59.3;41,91;0,63;;8
04/09/26;INDRA;CALL;Sep-26;60,00;59.3;41,03;0,46;1;131
04/09/26;INDRA;CALL;Sep-26;62,00;59.3;40,31;0,30;;26
04/09/26;INDRA;CALL;Sep-26;64,00;59.3;39,59;0,18;;3
04/09/26;INDRA;CALL;Sep-26;66,00;59.3;38,87;0,09;2;7
04/09/26;INDRA;CALL;Sep-26;68,00;59.3;38,15;0,04;;7
04/09/26;INDRA;CALL;Sep-26;70,00;59.3;37,43;0,01;;116
04/09/26;INDRA;CALL;Oct-26;62,00;59.3;39,90;0,41;1;1
04/09/26;INDRA;CALL;Oct-26;68,00;59.3;38,62;0,17;;6
04/09/26;INDRA;CALL;Oct-26;70,00;59.3;38,19;0,12;;10
04/09/26;INDRA;CALL;Oct-26;86,00;59.3;34,78;;;4
04/09/26;INDRA;CALL;Dic-26;30,00;59.3;53,88;0,99;;25
04/09/26;INDRA;CALL;Dic-26;31,00;59.3;53,51;0,99;;25
04/09/26;INDRA;CALL;Dic-26;32,00;59.3;53,13;0,99;;25
04/09/26;INDRA;CALL;Dic-26;35,00;59.3;52,00;0,98;;25
04/09/26;INDRA;CALL;Dic-26;45,00;59.3;48,24;0,89;;21
04/09/26;INDRA;CALL;Dic-26;47,00;59.3;47,48;0,86;;4
04/09/26;INDRA;CALL;Dic-26;48,00;59.3;47,11;0,84;;5
04/09/26;INDRA;CALL;Dic-26;50,00;59.3;46,35;0,80;;5
04/09/26;INDRA;CALL;Dic-26;52,00;59.3;45,60;0,75;1;3
04/09/26;INDRA;CALL;Dic-26;54,00;59.3;44,85;0,70;;130
04/09/26;INDRA;CALL;Dic-26;56,00;59.3;44,09;0,65;;50
04/09/26;INDRA;CALL;Dic-26;58,00;59.3;43,34;0,60;;82
04/09/26;INDRA;CALL;Dic-26;60,00;59.3;42,65;0,54;;196
04/09/26;INDRA;CALL;Dic-26;62,00;59.3;42,09;0,48;;1
04/09/26;INDRA;CALL;Dic-26;64,00;59.3;41,53;0,42;;15
04/09/26;INDRA;CALL;Dic-26;66,00;59.3;40,97;0,37;;89
04/09/26;INDRA;CALL;Dic-26;68,00;59.3;40,40;0,31;;12
04/09/26;INDRA;CALL;Dic-26;70,00;59.3;39,84;0,26;;20
04/09/26;INDRA;CALL;Dic-26;74,00;59.3;38,72;0,18;;15
04/09/26;INDRA;CALL;Mar-27;49,00;59.3;46,10;0,78;;1
04/09/26;INDRA;CALL;Mar-27;60,00;59.3;42,08;0,56;;1
04/09/26;INDRA;CALL;Mar-27;62,00;59.3;41,99;0,52;;26
04/09/26;INDRA;CALL;Mar-27;70,00;59.3;41,63;0,37;;11
04/09/26;INDRA;CALL;Jun-27;41,00;59.3;47,64;0,87;;6
04/09/26;INDRA;CALL;Jun-27;50,00;59.3;45,01;0,75;;1
04/09/26;INDRA;CALL;Jun-27;60,00;59.3;42,28;0,58;;3
04/09/26;INDRA;CALL;Jun-27;66,00;59.3;42,21;0,48;;1
04/09/26;INDRA;CALL;Jun-27;70,00;59.3;42,17;0,42;;11
04/09/26;INDRA;CALL;Jun-27;78,00;59.3;42,08;0,31;;2
04/09/26;INDRA;CALL;Sep-27;20,00;59.3;53,27;0,99;;1
04/09/26;INDRA;CALL;Sep-27;33,00;59.3;49,61;0,93;;2
04/09/26;INDRA;CALL;Sep-27;36,00;59.3;48,77;0,91;;1
04/09/26;INDRA;CALL;Sep-27;58,00;59.3;42,59;0,63;;1
04/09/26;INDRA;CALL;Sep-28;52,00;59.3;39,22;0,73;;25
04/09/26;INDRA;CALL;Dic-28;62,00;59.3;37,15;0,62;;25
04/09/26;INDRA;PUT;Sep-26;24,00;59.3;57,19;;;4
04/09/26;INDRA;PUT;Sep-26;26,00;59.3;56,23;;;4
04/09/26;INDRA;PUT;Sep-26;30,00;59.3;54,29;;;45
04/09/26;INDRA;PUT;Sep-26;31,00;59.3;53,81;;;50
04/09/26;INDRA;PUT;Sep-26;35,00;59.3;51,88;;;1
04/09/26;INDRA;PUT;Sep-26;36,00;59.3;51,39;;;2
04/09/26;INDRA;PUT;Sep-26;37,00;59.3;50,91;;;13
04/09/26;INDRA;PUT;Sep-26;39,00;59.3;49,94;;;4
04/09/26;INDRA;PUT;Sep-26;40,00;59.3;49,46;;;2
04/09/26;INDRA;PUT;Sep-26;41,00;59.3;48,98;;;20
04/09/26;INDRA;PUT;Sep-26;42,00;59.3;48,49;;;6
04/09/26;INDRA;PUT;Sep-26;43,00;59.3;48,01;;;95
04/09/26;INDRA;PUT;Sep-26;44,00;59.3;47,53;;;21
04/09/26;INDRA;PUT;Sep-26;45,00;59.3;47,04;;;2
04/09/26;INDRA;PUT;Sep-26;46,00;59.3;46,56;;;760
04/09/26;INDRA;PUT;Sep-26;47,00;59.3;46,08;;;1
04/09/26;INDRA;PUT;Sep-26;48,00;59.3;45,59;-0,01;;17
04/09/26;INDRA;PUT;Sep-26;49,00;59.3;45,11;-0,01;;2
04/09/26;INDRA;PUT;Sep-26;50,00;59.3;44,63;-0,02;;500
04/09/26;INDRA;PUT;Sep-26;52,00;59.3;43,66;-0,06;;77
04/09/26;INDRA;PUT;Sep-26;54,00;59.3;42,69;-0,12;;11
04/09/26;INDRA;PUT;Sep-26;56,00;59.3;41,73;-0,23;12;18
04/09/26;INDRA;PUT;Sep-26;58,00;59.3;40,76;-0,37;;15
04/09/26;INDRA;PUT;Sep-26;60,00;59.3;39,88;-0,54;;115
04/09/26;INDRA;PUT;Sep-26;62,00;59.3;39,16;-0,70;;3
04/09/26;INDRA;PUT;Sep-26;64,00;59.3;38,44;-0,83;;9
04/09/26;INDRA;PUT;Sep-26;66,00;59.3;37,72;-0,92;;3
04/09/26;INDRA;PUT;Oct-26;38,00;59.3;49,23;;;5
04/09/26;INDRA;PUT;Oct-26;44,00;59.3;46,67;-0,02;;1
04/09/26;INDRA;PUT;Oct-26;46,00;59.3;45,81;-0,04;;2
04/09/26;INDRA;PUT;Oct-26;47,00;59.3;45,38;-0,05;;1
04/09/26;INDRA;PUT;Oct-26;48,00;59.3;44,96;-0,07;;3
04/09/26;INDRA;PUT;Oct-26;50,00;59.3;44,10;-0,11;;4
04/09/26;INDRA;PUT;Oct-26;52,00;59.3;43,25;-0,16;;1
04/09/26;INDRA;PUT;Oct-26;54,00;59.3;42,39;-0,23;;7
04/09/26;INDRA;PUT;Oct-26;56,00;59.3;41,54;-0,31;;10
04/09/26;INDRA;PUT;Oct-26;58,00;59.3;40,69;-0,40;;2
04/09/26;INDRA;PUT;Oct-26;60,00;59.3;39,98;-0,50;;25
04/09/26;INDRA;PUT;Oct-26;72,00;59.3;37,42;-0,94;;3
04/09/26;INDRA;PUT;Nov-26;47,00;59.3;46,69;-0,11;;1
04/09/26;INDRA;PUT;Nov-26;52,00;59.3;44,61;-0,22;;2
04/09/26;INDRA;PUT;Dic-26;28,00;59.3;54,33;;;1
04/09/26;INDRA;PUT;Dic-26;30,00;59.3;53,57;-0,01;;5
04/09/26;INDRA;PUT;Dic-26;31,00;59.3;53,20;-0,01;;1
04/09/26;INDRA;PUT;Dic-26;32,00;59.3;52,82;-0,01;;10
04/09/26;INDRA;PUT;Dic-26;35,00;59.3;51,69;-0,02;;1
04/09/26;INDRA;PUT;Dic-26;37,00;59.3;50,94;-0,03;;6
04/09/26;INDRA;PUT;Dic-26;38,00;59.3;50,56;-0,04;;1
04/09/26;INDRA;PUT;Dic-26;40,00;59.3;49,81;-0,05;;11
04/09/26;INDRA;PUT;Dic-26;42,00;59.3;49,06;-0,07;;10
04/09/26;INDRA;PUT;Dic-26;44,00;59.3;48,30;-0,10;;2
04/09/26;INDRA;PUT;Dic-26;45,00;59.3;47,93;-0,11;;2
04/09/26;INDRA;PUT;Dic-26;46,00;59.3;47,55;-0,13;;8
04/09/26;INDRA;PUT;Dic-26;47,00;59.3;47,17;-0,14;;9
04/09/26;INDRA;PUT;Dic-26;48,00;59.3;46,80;-0,16;;21
04/09/26;INDRA;PUT;Dic-26;50,00;59.3;46,04;-0,20;;2
04/09/26;INDRA;PUT;Dic-26;52,00;59.3;45,29;-0,25;;78
04/09/26;INDRA;PUT;Dic-26;54,00;59.3;44,54;-0,30;;101
04/09/26;INDRA;PUT;Dic-26;58,00;59.3;43,03;-0,41;;25
04/09/26;INDRA;PUT;Dic-26;60,00;59.3;42,34;-0,47;;50
04/09/26;INDRA;PUT;Dic-26;62,00;59.3;41,78;-0,53;;35
04/09/26;INDRA;PUT;Dic-26;70,00;59.3;39,53;-0,75;;1
04/09/26;INDRA;PUT;Mar-27;37,00;59.3;50,49;-0,07;;2
04/09/26;INDRA;PUT;Mar-27;39,00;59.3;49,71;-0,09;;1
04/09/26;INDRA;PUT;Mar-27;42,00;59.3;48,55;-0,12;;2
04/09/26;INDRA;PUT;Mar-27;43,00;59.3;48,16;-0,13;;1
04/09/26;INDRA;PUT;Mar-27;45,00;59.3;47,39;-0,16;;1
04/09/26;INDRA;PUT;Mar-27;49,00;59.3;45,83;-0,22;;10
04/09/26;INDRA;PUT;Mar-27;50,00;59.3;45,45;-0,24;;10
04/09/26;INDRA;PUT;Mar-27;52,00;59.3;44,67;-0,28;;1
04/09/26;INDRA;PUT;Mar-27;54,00;59.3;43,90;-0,31;;1
04/09/26;INDRA;PUT;Mar-27;60,00;59.3;41,81;-0,44;;3
04/09/26;INDRA;PUT;Jun-27;32,00;59.3;50,22;-0,05;;1
04/09/26;INDRA;PUT;Jun-27;50,00;59.3;44,96;-0,25;;1
04/09/26;INDRA;PUT;Jun-27;52,00;59.3;44,37;-0,28;;1
04/09/26;INDRA;PUT;Jun-27;58,00;59.3;42,62;-0,39;;10
04/09/26;INDRA;PUT;Jun-27;60,00;59.3;42,23;-0,42;;2
04/09/26;INDRA;PUT;Jun-27;62,00;59.3;42,21;-0,46;;3
04/09/26;INDRA;PUT;Sep-27;31,00;59.3;49,95;-0,06;;1
04/09/26;INDRA;PUT;Sep-27;33,00;59.3;49,39;-0,07;;1
04/09/26;INDRA;PUT;Sep-27;34,00;59.3;49,11;-0,08;;1
04/09/26;INDRA;PUT;Sep-27;36,00;59.3;48,55;-0,10;;1
04/09/26;INDRA;PUT;Sep-27;40,00;59.3;47,42;-0,14;;1
04/09/26;INDRA;PUT;Sep-27;45,00;59.3;46,02;-0,19;;15
04/09/26;INDRA;PUT;Dic-27;11,00;59.3;53,82;;;25
04/09/26;INDRA;PUT;Dic-27;44,00;59.3;45,10;-0,19;;500
04/09/26;INDRA;PUT;Sep-28;47,00;59.3;39,68;-0,22;;25
04/09/26;INDRA;CALL;Dic-26;41,00;59.3;49,74;0,93;;5
04/09/26;INDRA;CALL;Dic-26;48,00;59.3;47,11;0,83;;5
04/09/26;INDRA;CALL;Dic-26;60,00;59.3;42,65;0,53;;100
04/09/26;INDRA;CALL;Dic-26;64,00;59.3;41,53;0,42;;5
04/09/26;INDRA;CALL;Dic-26;70,00;59.3;39,84;0,26;;5
04/09/26;INDRA;PUT;Sep-26;43,00;59.3;48,01;;;5
04/09/26;LABORAT. ROVI;CALL;Sep-26;60,00;59.3;19,80;0,40;1;2
04/09/26;LABORAT. ROVI;CALL;Sep-26;62,00;59.3;19,74;0,13;;7
04/09/26;LABORAT. ROVI;CALL;Sep-26;64,00;59.3;19,69;0,03;;5
04/09/26;LABORAT. ROVI;CALL;Sep-26;66,00;59.3;19,63;;;2
04/09/26;LABORAT. ROVI;CALL;Sep-26;78,00;59.3;19,29;;;750
04/09/26;LABORAT. ROVI;CALL;Sep-26;88,00;59.3;19,01;;;1
04/09/26;LABORAT. ROVI;CALL;Sep-26;96,00;59.3;18,79;;;15
04/09/26;LABORAT. ROVI;CALL;Dic-26;60,00;59.3;25,74;0,51;;4
04/09/26;LABORAT. ROVI;CALL;Dic-26;62,00;59.3;25,61;0,42;;15
04/09/26;LABORAT. ROVI;CALL;Dic-26;66,00;59.3;25,34;0,25;;751
04/09/26;LABORAT. ROVI;CALL;Dic-26;70,00;59.3;25,07;0,13;1;9
04/09/26;LABORAT. ROVI;CALL;Dic-26;80,00;59.3;24,39;0,01;;15
04/09/26;LABORAT. ROVI;CALL;Dic-26;82,00;59.3;24,26;0,01;;15
04/09/26;LABORAT. ROVI;CALL;Dic-26;84,00;59.3;24,12;;;15
04/09/26;LABORAT. ROVI;CALL;Dic-26;86,00;59.3;23,99;;;15
04/09/26;LABORAT. ROVI;CALL;Dic-26;88,00;59.3;23,85;;;14
04/09/26;LABORAT. ROVI;CALL;Dic-26;90,00;59.3;23,72;;;14
04/09/26;LABORAT. ROVI;CALL;Dic-26;92,00;59.3;23,58;;;5
04/09/26;LABORAT. ROVI;CALL;Dic-26;96,00;59.3;23,31;;;5
04/09/26;LABORAT. ROVI;CALL;Dic-26;100,00;59.3;23,04;;;5
04/09/26;LABORAT. ROVI;CALL;Mar-27;70,00;59.3;25,80;0,24;;2
04/09/26;LABORAT. ROVI;CALL;Mar-27;88,00;59.3;23,87;0,02;;10
04/09/26;LABORAT. ROVI;CALL;Jun-27;56,00;59.3;28,35;0,67;;18
04/09/26;LABORAT. ROVI;CALL;Jun-27;60,00;59.3;27,37;0,56;;1
04/09/26;LABORAT. ROVI;CALL;Jun-27;80,00;59.3;25,23;0,13;;16
04/09/26;LABORAT. ROVI;PUT;Sep-26;48,00;59.3;24,82;;;1
04/09/26;LABORAT. ROVI;PUT;Sep-26;50,00;59.3;23,96;;;1
04/09/26;LABORAT. ROVI;PUT;Sep-26;54,00;59.3;22,22;-0,01;;7
04/09/26;LABORAT. ROVI;PUT;Sep-26;56,00;59.3;21,36;-0,08;;11
04/09/26;LABORAT. ROVI;PUT;Sep-26;58,00;59.3;20,49;-0,28;;5
04/09/26;LABORAT. ROVI;PUT;Sep-26;60,00;59.3;19,91;-0,61;;9
04/09/26;LABORAT. ROVI;PUT;Sep-26;64,00;59.3;19,80;-0,99;;2
04/09/26;LABORAT. ROVI;PUT;Sep-26;70,00;59.3;19,63;-1,00;;1.500
04/09/26;LABORAT. ROVI;PUT;Oct-26;54,00;59.3;24,47;-0,11;;5
04/09/26;LABORAT. ROVI;PUT;Oct-26;58,00;59.3;22,70;-0,36;;5
04/09/26;LABORAT. ROVI;PUT;Oct-26;60,00;59.3;22,09;-0,54;;10
04/09/26;LABORAT. ROVI;PUT;Nov-26;52,00;59.3;27,86;-0,13;;1
04/09/26;LABORAT. ROVI;PUT;Dic-26;40,00;59.3;33,41;-0,01;;1
04/09/26;LABORAT. ROVI;PUT;Dic-26;50,00;59.3;29,25;-0,11;;2
04/09/26;LABORAT. ROVI;PUT;Dic-26;52,00;59.3;28,42;-0,16;;1
04/09/26;LABORAT. ROVI;PUT;Dic-26;54,00;59.3;27,58;-0,23;;6
04/09/26;LABORAT. ROVI;PUT;Dic-26;56,00;59.3;26,75;-0,31;;5
04/09/26;LABORAT. ROVI;PUT;Dic-26;58,00;59.3;25,92;-0,40;;5
04/09/26;LABORAT. ROVI;PUT;Dic-26;60,00;59.3;25,33;-0,49;;54
04/09/26;LABORAT. ROVI;PUT;Dic-26;62,00;59.3;25,20;-0,59;;1.500
04/09/26;LABORAT. ROVI;PUT;Dic-26;66,00;59.3;24,93;-0,77;;10
04/09/26;LABORAT. ROVI;PUT;Dic-26;68,00;59.3;24,79;-0,84;;65
04/09/26;LABORAT. ROVI;PUT;Dic-26;76,00;59.3;24,25;-1,00;;6
04/09/26;LABORAT. ROVI;PUT;Mar-27;50,00;59.3;29,56;-0,17;;2
04/09/26;LABORAT. ROVI;PUT;Mar-27;54,00;59.3;28,26;-0,27;;5
04/09/26;LABORAT. ROVI;PUT;Mar-27;56,00;59.3;27,61;-0,33;;6
04/09/26;LABORAT. ROVI;PUT;Mar-27;58,00;59.3;26,95;-0,40;;7
04/09/26;LABORAT. ROVI;PUT;Mar-27;60,00;59.3;26,46;-0,47;;8
04/09/26;LABORAT. ROVI;PUT;Mar-27;62,00;59.3;26,24;-0,54;;2
04/09/26;LABORAT. ROVI;PUT;Jun-27;43,00;59.3;31,82;-0,09;;10
04/09/26;LABORAT. ROVI;PUT;Jun-27;44,00;59.3;31,54;-0,10;;20
04/09/26;LABORAT. ROVI;PUT;Jun-27;45,00;59.3;31,27;-0,12;;5
04/09/26;LABORAT. ROVI;PUT;Jun-27;54,00;59.3;28,79;-0,29;;1
04/09/26;LABORAT. ROVI;PUT;Jun-27;58,00;59.3;27,69;-0,39;;1
04/09/26;LABORAT. ROVI;PUT;Jun-27;60,00;59.3;27,26;-0,45;;4
04/09/26;LABORAT. ROVI;PUT;Jun-27;70,00;59.3;26,19;-0,73;;1
04/09/26;LABORAT. ROVI;PUT;Mar-27;50,00;59.3;29,56;-0,17;;3
04/09/26;MAPFRE;CALL;Sep-26;3,80;4.51;19,45;1,00;;1
04/09/26;MAPFRE;CALL;Sep-26;3,90;4.51;19,42;1,00;;10
04/09/26;MAPFRE;CALL;Sep-26;4,00;4.51;19,38;1,00;;16
04/09/26;MAPFRE;CALL;Sep-26;4,10;4.51;19,34;0,99;;20
04/09/26;MAPFRE;CALL;Sep-26;4,20;4.51;19,30;0,97;;783
04/09/26;MAPFRE;CALL;Sep-26;4,30;4.51;19,27;0,90;3;2
04/09/26;MAPFRE;CALL;Sep-26;4,40;4.51;19,23;0,76;;4
04/09/26;MAPFRE;CALL;Sep-26;4,50;4.51;19,19;0,54;;13
04/09/26;MAPFRE;CALL;Sep-26;4,70;4.51;19,04;0,14;;15
04/09/26;MAPFRE;CALL;Oct-26;4,50;4.51;19,32;0,54;;1
04/09/26;MAPFRE;CALL;Oct-26;4,60;4.51;19,25;0,41;;10
04/09/26;MAPFRE;CALL;Nov-26;4,50;4.51;20,37;0,55;1;1
04/09/26;MAPFRE;CALL;Nov-26;4,60;4.51;20,30;0,46;;20
04/09/26;MAPFRE;CALL;Dic-26;3,90;4.51;20,85;0,94;;5
04/09/26;MAPFRE;CALL;Dic-26;4,10;4.51;20,77;0,85;;35
04/09/26;MAPFRE;CALL;Dic-26;4,40;4.51;20,66;0,63;;10
04/09/26;MAPFRE;CALL;Dic-26;4,50;4.51;20,62;0,55;;14
04/09/26;MAPFRE;CALL;Mar-27;4,00;4.51;22,33;0,82;;1
04/09/26;MAPFRE;CALL;Mar-27;4,90;4.51;21,88;0,32;;15
04/09/26;MAPFRE;CALL;Jun-27;4,20;4.51;23,57;0,68;;7
04/09/26;MAPFRE;CALL;Jun-27;4,30;4.51;23,54;0,64;;8
04/09/26;MAPFRE;CALL;Jun-27;5,00;4.51;23,13;0,34;;1
04/09/26;MAPFRE;CALL;Dic-27;5,00;4.51;24,84;0,39;;5
04/09/26;MAPFRE;PUT;Sep-26;1,70;4.51;22,64;;;20
04/09/26;MAPFRE;PUT;Sep-26;3,20;4.51;22,08;;;2
04/09/26;MAPFRE;PUT;Sep-26;3,30;4.51;22,05;;;2
04/09/26;MAPFRE;PUT;Sep-26;3,60;4.51;21,94;;;5
04/09/26;MAPFRE;PUT;Sep-26;3,70;4.51;21,90;;;50
04/09/26;MAPFRE;PUT;Sep-26;5,00;4.51;21,20;-1,00;;9
04/09/26;MAPFRE;PUT;Nov-26;4,50;4.51;22,11;-0,46;1;1
04/09/26;MAPFRE;PUT;Dic-26;3,20;4.51;21,95;;;2
04/09/26;MAPFRE;PUT;Dic-26;3,60;4.51;21,81;-0,03;;3
04/09/26;MAPFRE;PUT;Dic-26;3,70;4.51;21,77;-0,05;;116
04/09/26;MAPFRE;PUT;Dic-26;3,80;4.51;21,73;-0,08;;20
04/09/26;MAPFRE;PUT;Dic-26;4,00;4.51;21,66;-0,16;;5
04/09/26;MAPFRE;PUT;Dic-26;4,10;4.51;21,62;-0,22;;2
04/09/26;MAPFRE;PUT;Dic-26;4,20;4.51;21,58;-0,28;;50
04/09/26;MAPFRE;PUT;Dic-26;4,30;4.51;21,55;-0,36;;1
04/09/26;MAPFRE;PUT;Dic-26;4,50;4.51;21,47;-0,51;;20
04/09/26;MAPFRE;PUT;Mar-27;3,50;4.51;21,35;-0,05;;4
04/09/26;MAPFRE;PUT;Mar-27;3,60;4.51;21,32;-0,07;;1
04/09/26;MAPFRE;PUT;Mar-27;3,70;4.51;21,28;-0,09;;5
04/09/26;MAPFRE;PUT;Mar-27;4,00;4.51;21,17;-0,21;;3.000
04/09/26;MAPFRE;PUT;Dic-27;3,60;4.51;22,72;-0,19;;10
04/09/26;MELIA HOTELS;CALL;Sep-26;7,75;10.07;33,75;1,00;;5
04/09/26;MELIA HOTELS;CALL;Sep-26;8,00;10.07;33,25;1,00;;1.900
04/09/26;MELIA HOTELS;CALL;Sep-26;8,50;10.07;32,26;1,00;;6
04/09/26;MELIA HOTELS;CALL;Sep-26;12,50;10.07;26,57;;;25
04/09/26;MELIA HOTELS;CALL;Dic-26;10,00;10.07;29,58;0,57;;20
04/09/26;MELIA HOTELS;CALL;Dic-26;11,00;10.07;28,60;0,33;;15
04/09/26;MELIA HOTELS;CALL;Dic-26;11,50;10.07;28,13;0,22;;3
04/09/26;MELIA HOTELS;CALL;Dic-26;13,00;10.07;26,74;0,05;;35
04/09/26;MELIA HOTELS;CALL;Mar-27;7,75;10.07;32,66;0,90;;8
04/09/26;MELIA HOTELS;CALL;Mar-27;8,75;10.07;31,24;0,78;;5
04/09/26;MELIA HOTELS;CALL;Mar-27;12,00;10.07;27,89;0,25;;400
04/09/26;MELIA HOTELS;CALL;Mar-27;12,50;10.07;27,51;0,18;;50
04/09/26;MELIA HOTELS;CALL;Jun-27;7,50;10.07;31,69;0,90;;5
04/09/26;MELIA HOTELS;CALL;Jun-27;7,75;10.07;31,41;0,87;;5
04/09/26;MELIA HOTELS;CALL;Sep-27;7,25;10.07;31,26;0,91;;5
04/09/26;MELIA HOTELS;CALL;Dic-27;7,00;10.07;31,00;0,91;;2
04/09/26;MELIA HOTELS;PUT;Sep-26;10,00;10.07;29,70;-0,44;;25
04/09/26;MELIA HOTELS;PUT;Sep-26;10,50;10.07;29,10;-0,76;;50
04/09/26;MELIA HOTELS;PUT;Sep-26;11,00;10.07;28,57;-0,94;;30
04/09/26;MELIA HOTELS;PUT;Dic-26;8,25;10.07;32,17;-0,10;;30
04/09/26;MELIA HOTELS;PUT;Dic-26;11,00;10.07;28,18;-0,69;;20
04/09/26;MELIA HOTELS;PUT;Mar-27;9,25;10.07;30,00;-0,29;;50
04/09/26;MELIA HOTELS;PUT;Mar-27;9,50;10.07;29,64;-0,34;;100
04/09/26;MELIA HOTELS;PUT;Mar-27;9,75;10.07;29,29;-0,38;;25
04/09/26;MELIA HOTELS;PUT;Mar-27;10,00;10.07;28,93;-0,43;;100
04/09/26;MELIA HOTELS;PUT;Mar-27;11,00;10.07;28,12;-0,62;;3
04/09/26;MELIA HOTELS;PUT;Jun-27;8,75;10.07;29,28;-0,23;;2
04/09/26;MERLIN;CALL;Sep-26;16,00;13.26;19,78;;;14.696
04/09/26;MERLIN;CALL;Sep-26;16,50;13.26;19,53;;;4.700
04/09/26;MERLIN;CALL;Oct-26;13,00;13.26;21,69;0,63;;10
04/09/26;MERLIN;CALL;Nov-26;14,00;13.26;21,19;0,32;;5
04/09/26;MERLIN;CALL;Nov-26;14,50;13.26;20,94;0,21;;5
04/09/26;MERLIN;CALL;Dic-26;16,50;13.26;20,64;0,02;;14.693
04/09/26;MERLIN;CALL;Mar-27;14,50;13.26;22,82;0,32;;5
04/09/26;MERLIN;CALL;Mar-27;16,00;13.26;22,26;0,14;;3
04/09/26;MERLIN;PUT;Sep-26;10,00;13.26;28,40;;;1
04/09/26;MERLIN;PUT;Sep-26;12,00;13.26;24,73;-0,02;;2
04/09/26;MERLIN;PUT;Sep-26;12,50;13.26;23,81;-0,10;;1
04/09/26;MERLIN;PUT;Sep-26;13,00;13.26;22,90;-0,32;;3
04/09/26;MERLIN;PUT;Sep-26;14,00;13.26;22,05;-0,89;;11
04/09/26;MERLIN;PUT;Sep-26;14,50;13.26;21,80;-0,99;;1
04/09/26;MERLIN;PUT;Sep-26;15,00;13.26;21,55;-1,00;;35
04/09/26;MERLIN;PUT;Oct-26;13,00;13.26;23,35;-0,38;;1
04/09/26;MERLIN;PUT;Oct-26;13,50;13.26;22,75;-0,57;;24
04/09/26;MERLIN;PUT;Oct-26;14,00;13.26;22,50;-0,75;;31
04/09/26;MERLIN;PUT;Oct-26;14,50;13.26;22,25;-0,88;;200
04/09/26;MERLIN;PUT;Oct-26;19,50;13.26;19,73;-1,00;1;1
04/09/26;MERLIN;PUT;Nov-26;14,50;13.26;22,51;-0,80;40;40
04/09/26;MERLIN;PUT;Dic-26;11,00;13.26;27,06;-0,10;;300
04/09/26;MERLIN;PUT;Dic-26;12,00;13.26;25,30;-0,23;;1
04/09/26;MERLIN;PUT;Dic-26;13,00;13.26;23,54;-0,44;;2
04/09/26;MERLIN;PUT;Dic-26;13,50;13.26;22,97;-0,56;;4
04/09/26;MERLIN;PUT;Dic-26;14,00;13.26;22,73;-0,68;;35
04/09/26;MERLIN;PUT;Mar-27;12,00;13.26;24,49;-0,27;;3
04/09/26;MERLIN;PUT;Mar-27;13,50;13.26;22,47;-0,53;;16
04/09/26;MERLIN;PUT;Jun-27;14,50;13.26;21,16;-0,68;;3
04/09/26;MERLIN;PUT;Jun-27;15,00;13.26;20,99;-0,74;;10
04/09/26;MERLIN;PUT;Dic-27;12,50;13.26;22,13;-0,38;;5.000
04/09/26;NATURGY;CALL;Sep-26;28,00;29.74;18,46;0,96;;1
04/09/26;NATURGY;CALL;Sep-26;29,00;29.74;17,43;0,78;10;98
04/09/26;NATURGY;CALL;Sep-26;29,50;29.74;16,92;0,61;;3
04/09/26;NATURGY;CALL;Sep-26;30,00;29.74;16,52;0,41;;154
04/09/26;NATURGY;CALL;Sep-26;31,00;29.74;15,94;0,10;;145
04/09/26;NATURGY;CALL;Dic-26;27,00;29.74;21,16;0,86;;11
04/09/26;NATURGY;CALL;Dic-26;28,00;29.74;20,24;0,76;;24
04/09/26;NATURGY;CALL;Dic-26;29,00;29.74;19,32;0,64;;495
04/09/26;NATURGY;CALL;Dic-26;30,00;29.74;18,50;0,48;;298
04/09/26;NATURGY;CALL;Dic-26;31,00;29.74;17,96;0,33;;113
04/09/26;NATURGY;CALL;Dic-26;32,00;29.74;17,42;0,21;;7
04/09/26;NATURGY;CALL;Dic-26;35,00;29.74;15,81;0,02;;1
04/09/26;NATURGY;CALL;Mar-27;25,00;29.74;23,24;0,90;;2
04/09/26;NATURGY;CALL;Mar-27;26,00;29.74;22,51;0,84;;90
04/09/26;NATURGY;CALL;Mar-27;27,00;29.74;21,79;0,77;;2
04/09/26;NATURGY;CALL;Mar-27;28,00;29.74;21,06;0,68;;11
04/09/26;NATURGY;CALL;Mar-27;29,00;29.74;20,33;0,59;;200
04/09/26;NATURGY;CALL;Mar-27;30,00;29.74;19,68;0,49;;300
04/09/26;NATURGY;CALL;Mar-27;32,00;29.74;18,85;0,31;;1
04/09/26;NATURGY;CALL;Mar-27;33,00;29.74;18,44;0,23;;2
04/09/26;NATURGY;CALL;Jun-27;25,00;29.74;23,69;0,86;;385
04/09/26;NATURGY;CALL;Jun-27;26,00;29.74;23,05;0,80;;2
04/09/26;NATURGY;CALL;Jun-27;27,00;29.74;22,41;0,73;;2
04/09/26;NATURGY;CALL;Jun-27;32,00;29.74;19,82;0,34;;401
04/09/26;NATURGY;CALL;Jun-27;33,00;29.74;19,45;0,27;;2
04/09/26;NATURGY;CALL;Jun-27;35,00;29.74;18,71;0,16;;1
04/09/26;NATURGY;CALL;Dic-27;30,00;29.74;21,53;0,50;;1
04/09/26;NATURGY;PUT;Sep-26;18,00;29.74;28,30;;;10
04/09/26;NATURGY;PUT;Sep-26;19,00;29.74;27,26;;;25
04/09/26;NATURGY;PUT;Sep-26;19,50;29.74;26,75;;;25
04/09/26;NATURGY;PUT;Sep-26;20,00;29.74;26,23;;;26
04/09/26;NATURGY;PUT;Sep-26;21,00;29.74;25,20;;;28
04/09/26;NATURGY;PUT;Sep-26;22,00;29.74;24,17;;;27
04/09/26;NATURGY;PUT;Sep-26;23,00;29.74;23,14;;;30
04/09/26;NATURGY;PUT;Sep-26;24,00;29.74;22,11;;;210
04/09/26;NATURGY;PUT;Sep-26;25,00;29.74;21,08;;;23
04/09/26;NATURGY;PUT;Sep-26;26,00;29.74;20,05;;;3
04/09/26;NATURGY;PUT;Sep-26;27,00;29.74;19,02;;;62
04/09/26;NATURGY;PUT;Sep-26;28,00;29.74;17,98;-0,04;;33
04/09/26;NATURGY;PUT;Sep-26;29,00;29.74;16,95;-0,21;10;161
04/09/26;NATURGY;PUT;Sep-26;30,00;29.74;16,04;-0,60;;13
04/09/26;NATURGY;PUT;Sep-26;31,00;29.74;15,46;-0,92;;3
04/09/26;NATURGY;PUT;Oct-26;24,00;29.74;21,97;;;2
04/09/26;NATURGY;PUT;Oct-26;28,00;29.74;17,89;-0,15;;13
04/09/26;NATURGY;PUT;Oct-26;29,00;29.74;16,87;-0,31;;23
04/09/26;NATURGY;PUT;Nov-26;28,00;29.74;16,90;-0,27;;1
04/09/26;NATURGY;PUT;Dic-26;18,00;29.74;27,19;;;2
04/09/26;NATURGY;PUT;Dic-26;19,50;29.74;25,81;;;5
04/09/26;NATURGY;PUT;Dic-26;20,00;29.74;25,35;;;13
04/09/26;NATURGY;PUT;Dic-26;22,00;29.74;23,51;-0,01;;2
04/09/26;NATURGY;PUT;Dic-26;23,00;29.74;22,59;-0,02;;11
04/09/26;NATURGY;PUT;Dic-26;24,00;29.74;21,68;-0,04;;2.142
04/09/26;NATURGY;PUT;Dic-26;25,00;29.74;20,76;-0,07;;124
04/09/26;NATURGY;PUT;Dic-26;26,00;29.74;19,84;-0,12;1;109
04/09/26;NATURGY;PUT;Dic-26;27,00;29.74;18,92;-0,19;;20
04/09/26;NATURGY;PUT;Dic-26;28,00;29.74;18,00;-0,30;;6
04/09/26;NATURGY;PUT;Dic-26;29,00;29.74;17,08;-0,44;50;52
04/09/26;NATURGY;PUT;Dic-26;30,00;29.74;16,26;-0,59;;1
04/09/26;NATURGY;PUT;Dic-26;31,00;29.74;15,72;-0,74;;1
04/09/26;NATURGY;PUT;Dic-26;32,00;29.74;15,18;-0,86;50;50
04/09/26;NATURGY;PUT;Mar-27;18,00;29.74;26,41;;;1
04/09/26;NATURGY;PUT;Mar-27;24,00;29.74;22,04;-0,09;;501
04/09/26;NATURGY;PUT;Mar-27;26,00;29.74;20,58;-0,18;;193
04/09/26;NATURGY;PUT;Mar-27;28,00;29.74;19,13;-0,33;;1
04/09/26;NATURGY;PUT;Jun-27;24,00;29.74;21,65;-0,14;;1
04/09/26;NATURGY;PUT;Jun-27;25,00;29.74;21,01;-0,18;;5
04/09/26;NATURGY;PUT;Jun-27;26,00;29.74;20,37;-0,24;;1
04/09/26;NATURGY;PUT;Jun-27;27,00;29.74;19,73;-0,31;;2
04/09/26;NATURGY;PUT;Jun-27;28,00;29.74;19,09;-0,38;;12
04/09/26;NATURGY;PUT;Jun-27;32,00;29.74;17,14;-0,72;;1
04/09/26;NATURGY;PUT;Sep-27;26,00;29.74;20,33;-0,28;;95
04/09/26;NATURGY;PUT;Dic-27;26,00;29.74;20,20;-0,32;;97
04/09/26;NATURGY;PUT;Jun-28;26,00;29.74;19,86;-0,34;;95
04/09/26;NATURGY;PUT;Dic-26;28,00;29.74;18,00;-0,29;;2
04/09/26;OBRASCON HUARTE;CALL;Sep-26;0,40;0.37;43,30;0,22;;120
04/09/26;OBRASCON HUARTE;CALL;Sep-26;0,50;0.37;43,30;;;200
04/09/26;OBRASCON HUARTE;CALL;Dic-26;0,50;0.37;42,75;0,13;;1
04/09/26;OBRASCON HUARTE;CALL;Mar-27;0,40;0.37;44,44;0,50;;300
04/09/26;OBRASCON HUARTE;CALL;Jun-27;0,35;0.37;45,13;0,66;;1.000
04/09/26;OBRASCON HUARTE;CALL;Mar-28;0,50;0.37;43,78;0,42;;10
04/09/26;OBRASCON HUARTE;CALL;Mar-28;0,60;0.37;43,78;0,30;;50
04/09/26;OBRASCON HUARTE;CALL;Jun-28;0,35;0.37;43,69;0,69;;900
04/09/26;PHARMA MAR;CALL;Sep-26;78,00;83.45;38,93;0,82;;1
04/09/26;PHARMA MAR;CALL;Sep-26;84,00;83.45;35,07;0,48;;5
04/09/26;PHARMA MAR;CALL;Sep-26;86,00;83.45;34,57;0,35;;2
04/09/26;PHARMA MAR;CALL;Sep-26;92,00;83.45;33,06;0,07;;4
04/09/26;PHARMA MAR;CALL;Sep-26;130,00;83.45;23,50;;;2
04/09/26;PHARMA MAR;CALL;Sep-26;135,00;83.45;22,24;;;4
04/09/26;PHARMA MAR;CALL;Sep-26;140,00;83.45;20,98;;;2
04/09/26;PHARMA MAR;CALL;Sep-26;150,00;83.45;18,46;;;4
04/09/26;PHARMA MAR;CALL;Dic-26;76,00;83.45;43,93;0,71;;1
04/09/26;PHARMA MAR;CALL;Dic-26;110,00;83.45;37,49;0,11;;1
04/09/26;PHARMA MAR;CALL;Mar-27;88,00;83.45;38,62;0,50;;1
04/09/26;PHARMA MAR;CALL;Mar-27;105,00;83.45;37,66;0,26;;5
04/09/26;PHARMA MAR;CALL;Jun-27;120,00;83.45;37,78;0,20;;6
04/09/26;PHARMA MAR;PUT;Sep-26;33,00;83.45;71,71;;;10
04/09/26;PHARMA MAR;PUT;Sep-26;36,00;83.45;69,66;;;5
04/09/26;PHARMA MAR;PUT;Sep-26;45,00;83.45;63,51;;;20
04/09/26;PHARMA MAR;PUT;Sep-26;46,00;83.45;62,83;;;9
04/09/26;PHARMA MAR;PUT;Sep-26;47,00;83.45;62,15;;;12
04/09/26;PHARMA MAR;PUT;Sep-26;60,00;83.45;53,27;;;6
04/09/26;PHARMA MAR;PUT;Sep-26;62,00;83.45;51,90;;;5
04/09/26;PHARMA MAR;PUT;Sep-26;66,00;83.45;49,17;-0,01;;3
04/09/26;PHARMA MAR;PUT;Sep-26;70,00;83.45;46,44;-0,02;;1
04/09/26;PHARMA MAR;PUT;Sep-26;82,00;83.45;38,24;-0,39;;6
04/09/26;PHARMA MAR;PUT;Sep-26;92,00;83.45;35,10;-0,92;;1
04/09/26;PHARMA MAR;PUT;Dic-26;29,00;83.45;74,48;;;5
04/09/26;PHARMA MAR;PUT;Dic-26;46,00;83.45;63,41;-0,03;;2
04/09/26;PHARMA MAR;PUT;Dic-26;48,00;83.45;62,11;-0,03;;1
04/09/26;PHARMA MAR;PUT;Dic-26;50,00;83.45;60,81;-0,04;;1
04/09/26;PHARMA MAR;PUT;Dic-26;60,00;83.45;54,30;-0,10;;2
04/09/26;PHARMA MAR;PUT;Dic-26;62,00;83.45;53,00;-0,11;;1
04/09/26;PHARMA MAR;PUT;Dic-26;70,00;83.45;47,79;-0,20;;1
04/09/26;PHARMA MAR;PUT;Dic-26;76,00;83.45;43,88;-0,30;;15
04/09/26;PHARMA MAR;PUT;Dic-26;78,00;83.45;42,58;-0,33;;10
04/09/26;PHARMA MAR;PUT;Mar-27;41,00;83.45;60,24;-0,03;;8
04/09/26;PHARMA MAR;PUT;Mar-27;43,00;83.45;59,27;-0,04;;3
04/09/26;PHARMA MAR;PUT;Mar-27;52,00;83.45;54,92;-0,08;;1
04/09/26;PHARMA MAR;PUT;Mar-27;60,00;83.45;51,05;-0,14;;1
04/09/26;PHARMA MAR;PUT;Mar-27;78,00;83.45;42,35;-0,34;;1
04/09/26;PHARMA MAR;PUT;Mar-27;80,00;83.45;41,39;-0,37;;2
04/09/26;PHARMA MAR;PUT;Mar-27;105,00;83.45;38,51;-0,75;;1
04/09/26;PHARMA MAR;PUT;Jun-27;39,00;83.45;56,67;-0,04;;3
04/09/26;PHARMA MAR;PUT;Jun-27;42,00;83.45;55,61;-0,05;;1
04/09/26;PHARMA MAR;PUT;Jun-27;44,00;83.45;54,89;-0,06;;3
04/09/26;PHARMA MAR;PUT;Jun-27;48,00;83.45;53,47;-0,07;;1
04/09/26;PHARMA MAR;PUT;Jun-27;60,00;83.45;49,21;-0,16;;1
04/09/26;PHARMA MAR;PUT;Jun-27;66,00;83.45;47,07;-0,21;;1
04/09/26;PHARMA MAR;PUT;Jun-27;70,00;83.45;45,65;-0,25;;2
04/09/26;PHARMA MAR;PUT;Jun-27;120,00;83.45;38,97;-0,83;;1
04/09/26;PUIG;CALL;Sep-26;11,00;18.32;37,06;1,00;;1
04/09/26;PUIG;CALL;Sep-26;14,50;18.32;34,45;1,00;;3
04/09/26;PUIG;CALL;Sep-26;16,00;18.32;33,33;0,98;;9
04/09/26;PUIG;CALL;Sep-26;16,50;18.32;32,96;0,95;;1
04/09/26;PUIG;CALL;Sep-26;17,00;18.32;32,58;0,89;;28
04/09/26;PUIG;CALL;Sep-26;17,50;18.32;32,21;0,78;;8.911
04/09/26;PUIG;CALL;Sep-26;18,00;18.32;31,84;0,63;;21
04/09/26;PUIG;CALL;Sep-26;18,50;18.32;31,40;0,46;;19
04/09/26;PUIG;CALL;Sep-26;19,00;18.32;30,83;0,29;;8
04/09/26;PUIG;CALL;Sep-26;19,50;18.32;30,27;0,16;;2
04/09/26;PUIG;CALL;Sep-26;20,00;18.32;29,70;0,07;;14
04/09/26;PUIG;CALL;Sep-26;21,00;18.32;28,58;0,01;;8.553
04/09/26;PUIG;CALL;Oct-26;17,00;18.32;29,59;0,79;;5
04/09/26;PUIG;CALL;Oct-26;18,50;18.32;28,52;0,49;;6
04/09/26;PUIG;CALL;Oct-26;19,00;18.32;28,03;0,38;;5
04/09/26;PUIG;CALL;Dic-26;15,00;18.32;33,14;0,90;;3
04/09/26;PUIG;CALL;Dic-26;16,50;18.32;32,16;0,77;;2
04/09/26;PUIG;CALL;Dic-26;17,00;18.32;31,83;0,71;;10
04/09/26;PUIG;CALL;Dic-26;18,00;18.32;31,18;0,59;;39
04/09/26;PUIG;CALL;Dic-26;18,50;18.32;30,91;0,53;;6
04/09/26;PUIG;CALL;Dic-26;19,00;18.32;30,75;0,46;;1
04/09/26;PUIG;CALL;Dic-26;19,50;18.32;30,58;0,40;;20
04/09/26;PUIG;CALL;Dic-26;21,00;18.32;30,09;0,23;;4
04/09/26;PUIG;CALL;Dic-26;22,00;18.32;29,76;0,15;;1
04/09/26;PUIG;CALL;Dic-26;23,00;18.32;29,44;0,09;;2
04/09/26;PUIG;CALL;Jun-27;11,00;18.32;33,80;0,98;;5
04/09/26;PUIG;CALL;Jun-27;15,50;18.32;31,59;0,80;;4
04/09/26;PUIG;CALL;Jun-27;16,00;18.32;31,34;0,76;;1
04/09/26;PUIG;CALL;Jun-27;16,50;18.32;31,09;0,73;;2
04/09/26;PUIG;CALL;Jun-27;17,50;18.32;30,60;0,65;;1
04/09/26;PUIG;PUT;Sep-26;12,00;18.32;38,49;;;5
04/09/26;PUIG;PUT;Sep-26;12,50;18.32;38,12;;;149
04/09/26;PUIG;PUT;Sep-26;13,00;18.32;37,75;;;22
04/09/26;PUIG;PUT;Sep-26;13,50;18.32;37,38;;;18
04/09/26;PUIG;PUT;Sep-26;14,00;18.32;37,00;;;42
04/09/26;PUIG;PUT;Sep-26;14,50;18.32;36,63;;;1
04/09/26;PUIG;PUT;Sep-26;15,00;18.32;36,26;;;8.347
04/09/26;PUIG;PUT;Sep-26;15,50;18.32;35,88;-0,01;;6
04/09/26;PUIG;PUT;Sep-26;16,00;18.32;35,51;-0,02;;232
04/09/26;PUIG;PUT;Sep-26;16,50;18.32;35,14;-0,06;;26
04/09/26;PUIG;PUT;Sep-26;17,00;18.32;34,76;-0,13;;8
04/09/26;PUIG;PUT;Sep-26;17,50;18.32;34,39;-0,24;;29
04/09/26;PUIG;PUT;Sep-26;18,00;18.32;34,02;-0,38;;1
04/09/26;PUIG;PUT;Sep-26;18,50;18.32;33,58;-0,54;;10
04/09/26;PUIG;PUT;Oct-26;16,00;18.32;30,92;-0,09;;1
04/09/26;PUIG;PUT;Oct-26;16,50;18.32;30,59;-0,14;;3
04/09/26;PUIG;PUT;Oct-26;17,00;18.32;30,25;-0,21;;15
04/09/26;PUIG;PUT;Dic-26;11,00;18.32;35,35;;;2
04/09/26;PUIG;PUT;Dic-26;12,00;18.32;34,70;-0,01;;500
04/09/26;PUIG;PUT;Dic-26;12,50;18.32;34,37;-0,01;;5
04/09/26;PUIG;PUT;Dic-26;13,00;18.32;34,04;-0,02;;3
04/09/26;PUIG;PUT;Dic-26;13,50;18.32;33,72;-0,03;;4
04/09/26;PUIG;PUT;Dic-26;14,00;18.32;33,39;-0,05;;47
04/09/26;PUIG;PUT;Dic-26;14,50;18.32;33,06;-0,08;;2.467
04/09/26;PUIG;PUT;Dic-26;15,00;18.32;32,73;-0,10;;26
04/09/26;PUIG;PUT;Dic-26;15,50;18.32;32,41;-0,14;;30
04/09/26;PUIG;PUT;Dic-26;16,00;18.32;32,08;-0,18;;22
04/09/26;PUIG;PUT;Dic-26;16,50;18.32;31,75;-0,23;;6
04/09/26;PUIG;PUT;Dic-26;17,00;18.32;31,42;-0,29;;11
04/09/26;PUIG;PUT;Dic-26;17,50;18.32;31,10;-0,35;;10
04/09/26;PUIG;PUT;Dic-26;18,00;18.32;30,77;-0,41;;5
04/09/26;PUIG;PUT;Dic-26;21,00;18.32;29,68;-0,78;;6
04/09/26;PUIG;PUT;Mar-27;12,00;18.32;35,22;-0,03;;1
04/09/26;PUIG;PUT;Mar-27;13,00;18.32;34,62;-0,06;;1
04/09/26;PUIG;PUT;Mar-27;13,50;18.32;34,32;-0,08;;5
04/09/26;PUIG;PUT;Mar-27;14,00;18.32;34,02;-0,11;;2
04/09/26;PUIG;PUT;Mar-27;15,00;18.32;33,42;-0,16;;10
04/09/26;PUIG;PUT;Mar-27;15,50;18.32;33,12;-0,20;;7
04/09/26;PUIG;PUT;Mar-27;16,00;18.32;32,82;-0,23;;85
04/09/26;PUIG;PUT;Mar-27;16,50;18.32;32,52;-0,27;;274
04/09/26;PUIG;PUT;Mar-27;17,00;18.32;32,22;-0,32;;10
04/09/26;PUIG;PUT;Jun-27;14,00;18.32;31,26;-0,14;;4
04/09/26;PUIG;PUT;Jun-27;15,00;18.32;30,77;-0,20;;5
04/09/26;PUIG;PUT;Jun-27;16,00;18.32;30,28;-0,27;;411
04/09/26;PUIG;PUT;Jun-27;16,50;18.32;30,03;-0,30;;2
04/09/26;PUIG;PUT;Jun-27;17,50;18.32;29,54;-0,39;;1
04/09/26;PUIG;PUT;Jun-27;21,00;18.32;29,04;-0,66;;20
04/09/26;PUIG;PUT;Sep-27;11,00;18.32;30,55;-0,04;;19
04/09/26;PUIG;PUT;Dic-27;15,00;18.32;27,89;-0,21;;4
04/09/26;PUIG;PUT;Dic-27;15,50;18.32;27,73;-0,24;;162
04/09/26;PUIG;PUT;Dic-27;16,00;18.32;27,58;-0,27;;156
04/09/26;PUIG;PUT;Dic-27;16,50;18.32;27,42;-0,31;;151
04/09/26;PUIG;PUT;Mar-28;17,50;18.32;26,45;-0,38;;143
04/09/26;REDEIA;CALL;Sep-26;14,00;14.99;18,28;0,97;;1
04/09/26;REDEIA;CALL;Sep-26;15,00;14.99;16,64;0,51;3;11
04/09/26;REDEIA;CALL;Sep-26;15,50;14.99;15,98;0,15;;14
04/09/26;REDEIA;CALL;Sep-26;16,00;14.99;15,32;0,02;;10
04/09/26;REDEIA;CALL;Sep-26;16,50;14.99;14,67;;;4
04/09/26;REDEIA;CALL;Sep-26;17,00;14.99;14,01;;;35
04/09/26;REDEIA;CALL;Sep-26;17,50;14.99;13,36;;;1
04/09/26;REDEIA;CALL;Sep-26;18,50;14.99;12,04;;;1
04/09/26;REDEIA;CALL;Nov-26;15,50;14.99;16,93;0,37;;1
04/09/26;REDEIA;CALL;Dic-26;14,00;14.99;18,91;0,78;;35
04/09/26;REDEIA;CALL;Dic-26;15,00;14.99;17,56;0,55;;26
04/09/26;REDEIA;CALL;Dic-26;15,50;14.99;16,99;0,40;;17
04/09/26;REDEIA;CALL;Dic-26;16,00;14.99;16,42;0,27;;265
04/09/26;REDEIA;CALL;Dic-26;16,50;14.99;15,86;0,16;;43
04/09/26;REDEIA;CALL;Dic-26;17,00;14.99;15,29;0,08;;25
04/09/26;REDEIA;CALL;Dic-26;17,50;14.99;14,72;0,03;;26
04/09/26;REDEIA;CALL;Dic-26;18,00;14.99;14,16;0,01;;2
04/09/26;REDEIA;CALL;Mar-27;13,50;14.99;19,99;0,81;;1
04/09/26;REDEIA;CALL;Mar-27;14,00;14.99;19,46;0,73;;10
04/09/26;REDEIA;CALL;Mar-27;15,50;14.99;17,91;0,44;;138
04/09/26;REDEIA;CALL;Mar-27;16,00;14.99;17,40;0,34;;206
04/09/26;REDEIA;CALL;Mar-27;16,50;14.99;16,89;0,24;;27
04/09/26;REDEIA;CALL;Mar-27;17,00;14.99;16,37;0,16;;6
04/09/26;REDEIA;CALL;Mar-27;17,50;14.99;15,86;0,10;;137
04/09/26;REDEIA;CALL;Jun-27;14,00;14.99;19,94;0,70;;9
04/09/26;REDEIA;CALL;Jun-27;15,50;14.99;18,60;0,47;;10
04/09/26;REDEIA;CALL;Jun-27;16,00;14.99;18,11;0,39;;1
04/09/26;REDEIA;CALL;Jun-27;16,50;14.99;17,62;0,31;;2
04/09/26;REDEIA;CALL;Jun-27;17,00;14.99;17,13;0,24;2;6
04/09/26;REDEIA;CALL;Jun-27;18,00;14.99;16,15;0,12;;1
04/09/26;REDEIA;CALL;Sep-27;15,50;14.99;18,67;0,47;2;2
04/09/26;REDEIA;CALL;Dic-27;14,50;14.99;19,50;0,61;;278
04/09/26;REDEIA;CALL;Dic-27;18,00;14.99;16,20;0,16;;6
04/09/26;REDEIA;PUT;Sep-26;12,50;14.99;20,82;;;11
04/09/26;REDEIA;PUT;Sep-26;13,00;14.99;19,99;;;9
04/09/26;REDEIA;PUT;Sep-26;13,50;14.99;19,17;;;59
04/09/26;REDEIA;PUT;Sep-26;14,00;14.99;18,35;-0,03;;30
04/09/26;REDEIA;PUT;Sep-26;14,50;14.99;17,53;-0,16;;12
04/09/26;REDEIA;PUT;Sep-26;15,00;14.99;16,71;-0,49;1;51
04/09/26;REDEIA;PUT;Sep-26;15,50;14.99;16,05;-0,85;;13
04/09/26;REDEIA;PUT;Sep-26;16,50;14.99;14,74;-1,00;;1
04/09/26;REDEIA;PUT;Oct-26;14,50;14.99;17,00;-0,26;1;17
04/09/26;REDEIA;PUT;Oct-26;15,00;14.99;16,24;-0,48;;57
04/09/26;REDEIA;PUT;Oct-26;15,50;14.99;15,59;-0,72;;4
04/09/26;REDEIA;PUT;Oct-26;16,00;14.99;14,95;-0,91;;3
04/09/26;REDEIA;PUT;Nov-26;14,00;14.99;17,93;-0,18;15;17
04/09/26;REDEIA;PUT;Dic-26;11,50;14.99;21,60;-0,01;;20
04/09/26;REDEIA;PUT;Dic-26;12,00;14.99;20,93;-0,02;;10
04/09/26;REDEIA;PUT;Dic-26;12,50;14.99;20,25;-0,04;;15
04/09/26;REDEIA;PUT;Dic-26;13,00;14.99;19,57;-0,07;;13
04/09/26;REDEIA;PUT;Dic-26;13,50;14.99;18,89;-0,13;;92
04/09/26;REDEIA;PUT;Dic-26;14,00;14.99;18,21;-0,21;1;122
04/09/26;REDEIA;PUT;Dic-26;14,50;14.99;17,53;-0,32;;183
04/09/26;REDEIA;PUT;Dic-26;15,00;14.99;16,86;-0,46;;81
04/09/26;REDEIA;PUT;Dic-26;15,50;14.99;16,29;-0,62;;4
04/09/26;REDEIA;PUT;Dic-26;16,00;14.99;15,72;-0,77;;8
04/09/26;REDEIA;PUT;Mar-27;11,50;14.99;20,46;-0,03;;1
04/09/26;REDEIA;PUT;Mar-27;12,00;14.99;19,93;-0,06;;8
04/09/26;REDEIA;PUT;Mar-27;12,50;14.99;19,41;-0,09;;8
04/09/26;REDEIA;PUT;Mar-27;13,00;14.99;18,89;-0,14;;101
04/09/26;REDEIA;PUT;Mar-27;13,50;14.99;18,37;-0,21;;22
04/09/26;REDEIA;PUT;Mar-27;14,00;14.99;17,84;-0,29;;162
04/09/26;REDEIA;PUT;Mar-27;14,50;14.99;17,32;-0,38;;6
04/09/26;REDEIA;PUT;Mar-27;15,00;14.99;16,80;-0,49;;6
04/09/26;REDEIA;PUT;Mar-27;15,50;14.99;16,29;-0,60;;3
04/09/26;REDEIA;PUT;Mar-27;16,00;14.99;15,78;-0,71;;3
04/09/26;REDEIA;PUT;Mar-27;17,00;14.99;14,75;-0,89;;2
04/09/26;REDEIA;PUT;Jun-27;12,50;14.99;19,33;-0,12;;4
04/09/26;REDEIA;PUT;Jun-27;13,50;14.99;18,49;-0,23;;2
04/09/26;REDEIA;PUT;Jun-27;14,00;14.99;18,07;-0,30;2;4
04/09/26;REDEIA;PUT;Jun-27;14,50;14.99;17,64;-0,39;;53
04/09/26;REDEIA;PUT;Jun-27;15,00;14.99;17,22;-0,48;;5
04/09/26;REDEIA;PUT;Jun-27;15,50;14.99;16,73;-0,57;;19
04/09/26;REDEIA;PUT;Jun-27;16,00;14.99;16,24;-0,67;;1
04/09/26;REDEIA;PUT;Sep-27;12,50;14.99;18,52;-0,18;;5
04/09/26;REDEIA;PUT;Dic-27;14,00;14.99;17,10;-0,38;;20
04/09/26;REDEIA;PUT;Dic-27;15,00;14.99;16,50;-0,53;;11
04/09/26;REDEIA;PUT;Dic-27;19,00;14.99;12,50;-0,98;;6
04/09/26;REDEIA;PUT;Dic-28;13,00;14.99;17,24;-0,33;;1
04/09/26;REDEIA;PUT;Sep-26;14,00;14.99;18,35;-0,03;;1
04/09/26;REDEIA;PUT;Sep-26;14,50;14.99;17,53;-0,16;;6
04/09/26;REDEIA;PUT;Sep-26;15,00;14.99;16,71;-0,49;;1
04/09/26;REDEIA;PUT;Dic-26;13,50;14.99;18,89;-0,12;;4
04/09/26;REDEIA;PUT;Dic-26;15,00;14.99;16,86;-0,45;;6
04/09/26;REDEIA;PUT;Mar-27;14,00;14.99;17,84;-0,28;;2
04/09/26;REDEIA;PUT;Jun-27;14,50;14.99;17,64;-0,36;;5
04/09/26;REPSOL;CALL;Sep-26;16,50;27.74;42,72;1,00;;4
04/09/26;REPSOL;CALL;Sep-26;18,00;27.74;41,20;1,00;;1
04/09/26;REPSOL;CALL;Sep-26;20,00;27.74;39,18;1,00;;17
04/09/26;REPSOL;CALL;Sep-26;20,50;27.74;38,68;1,00;;1
04/09/26;REPSOL;CALL;Sep-26;21,00;27.74;38,17;1,00;;161
04/09/26;REPSOL;CALL;Sep-26;22,00;27.74;37,16;1,00;30;11.898
04/09/26;REPSOL;CALL;Sep-26;23,00;27.74;36,15;1,00;;182
04/09/26;REPSOL;CALL;Sep-26;24,00;27.74;35,15;0,98;;137
04/09/26;REPSOL;CALL;Sep-26;25,00;27.74;34,14;0,94;;523
04/09/26;REPSOL;CALL;Sep-26;26,00;27.74;33,13;0,85;;188
04/09/26;REPSOL;CALL;Sep-26;27,00;27.74;32,12;0,68;;197
04/09/26;REPSOL;CALL;Sep-26;28,00;27.74;31,26;0,46;;279
04/09/26;REPSOL;CALL;Sep-26;29,00;27.74;30,86;0,25;;19
04/09/26;REPSOL;CALL;Sep-26;30,00;27.74;30,45;0,10;32;96
04/09/26;REPSOL;CALL;Sep-26;31,00;27.74;30,04;0,03;;101
04/09/26;REPSOL;CALL;Oct-26;27,00;27.74;31,74;0,63;10;16
04/09/26;REPSOL;CALL;Oct-26;28,00;27.74;31,10;0,50;;15
04/09/26;REPSOL;CALL;Oct-26;29,00;27.74;30,89;0,37;5.000;5.002
04/09/26;REPSOL;CALL;Oct-26;30,00;27.74;30,67;0,25;;38
04/09/26;REPSOL;CALL;Oct-26;31,00;27.74;30,45;0,16;;3
04/09/26;REPSOL;CALL;Oct-26;34,00;27.74;29,81;0,03;;43
04/09/26;REPSOL;CALL;Nov-26;28,00;27.74;32,69;0,52;;5
04/09/26;REPSOL;CALL;Nov-26;32,00;27.74;30,92;0,19;5;5
04/09/26;REPSOL;CALL;Dic-26;12,00;27.74;42,24;1,00;;2
04/09/26;REPSOL;CALL;Dic-26;13,00;27.74;41,58;1,00;;10
04/09/26;REPSOL;CALL;Dic-26;15,00;27.74;40,26;1,00;;150
04/09/26;REPSOL;CALL;Dic-26;15,50;27.74;39,93;1,00;;160
04/09/26;REPSOL;CALL;Dic-26;16,00;27.74;39,60;1,00;;150
04/09/26;REPSOL;CALL;Dic-26;16,50;27.74;39,27;1,00;;150
04/09/26;REPSOL;CALL;Dic-26;17,00;27.74;38,94;0,99;;75
04/09/26;REPSOL;CALL;Dic-26;17,50;27.74;38,61;0,99;;48
04/09/26;REPSOL;CALL;Dic-26;18,00;27.74;38,28;0,99;;107
04/09/26;REPSOL;CALL;Dic-26;18,50;27.74;37,95;0,98;;354
04/09/26;REPSOL;CALL;Dic-26;19,00;27.74;37,62;0,98;;15
04/09/26;REPSOL;CALL;Dic-26;19,50;27.74;37,29;0,97;;101
04/09/26;REPSOL;CALL;Dic-26;20,00;27.74;36,96;0,96;;54
04/09/26;REPSOL;CALL;Dic-26;21,00;27.74;36,29;0,94;;7
04/09/26;REPSOL;CALL;Dic-26;22,00;27.74;35,63;0,91;30;4.090
04/09/26;REPSOL;CALL;Dic-26;23,00;27.74;34,97;0,87;;12
04/09/26;REPSOL;CALL;Dic-26;24,00;27.74;34,31;0,82;;11.627
04/09/26;REPSOL;CALL;Dic-26;25,00;27.74;33,65;0,76;;78
04/09/26;REPSOL;CALL;Dic-26;26,00;27.74;32,99;0,69;;1.189
04/09/26;REPSOL;CALL;Dic-26;27,00;27.74;32,33;0,61;;13
04/09/26;REPSOL;CALL;Dic-26;28,00;27.74;31,74;0,53;250;325
04/09/26;REPSOL;CALL;Dic-26;29,00;27.74;31,37;0,45;;37
04/09/26;REPSOL;CALL;Dic-26;30,00;27.74;31,00;0,37;;63
04/09/26;REPSOL;CALL;Dic-26;31,00;27.74;30,63;0,29;;23
04/09/26;REPSOL;CALL;Dic-26;32,00;27.74;30,25;0,23;5;14
04/09/26;REPSOL;CALL;Mar-27;14,50;27.74;40,86;1,00;;5
04/09/26;REPSOL;CALL;Mar-27;16,00;27.74;39,73;0,99;;15
04/09/26;REPSOL;CALL;Mar-27;16,50;27.74;39,35;0,99;;25
04/09/26;REPSOL;CALL;Mar-27;17,00;27.74;38,97;0,98;;2
04/09/26;REPSOL;CALL;Mar-27;17,50;27.74;38,59;0,98;;32
04/09/26;REPSOL;CALL;Mar-27;18,00;27.74;38,21;0,97;;55
04/09/26;REPSOL;CALL;Mar-27;18,50;27.74;37,83;0,96;;16
04/09/26;REPSOL;CALL;Mar-27;19,00;27.74;37,46;0,95;;35
04/09/26;REPSOL;CALL;Mar-27;19,50;27.74;37,08;0,94;;10
04/09/26;REPSOL;CALL;Mar-27;20,00;27.74;36,70;0,93;;20
04/09/26;REPSOL;CALL;Mar-27;22,00;27.74;35,19;0,87;;27
04/09/26;REPSOL;CALL;Mar-27;23,00;27.74;34,43;0,83;;4.000
04/09/26;REPSOL;CALL;Mar-27;24,00;27.74;33,67;0,78;;331
04/09/26;REPSOL;CALL;Mar-27;25,00;27.74;32,91;0,73;;175
04/09/26;REPSOL;CALL;Mar-27;26,00;27.74;32,16;0,67;;6
04/09/26;REPSOL;CALL;Mar-27;27,00;27.74;31,40;0,60;;30
04/09/26;REPSOL;CALL;Mar-27;28,00;27.74;30,80;0,54;;2
04/09/26;REPSOL;CALL;Mar-27;29,00;27.74;30,66;0,47;;2.015
04/09/26;REPSOL;CALL;Mar-27;30,00;27.74;30,51;0,41;;2
04/09/26;REPSOL;CALL;Mar-27;31,00;27.74;30,37;0,35;;2
04/09/26;REPSOL;CALL;Mar-27;32,00;27.74;30,23;0,30;;180
04/09/26;REPSOL;CALL;Jun-27;11,00;27.74;41,06;1,00;;1
04/09/26;REPSOL;CALL;Jun-27;15,00;27.74;38,42;0,99;;75
04/09/26;REPSOL;CALL;Jun-27;15,50;27.74;38,09;0,99;;50
04/09/26;REPSOL;CALL;Jun-27;16,50;27.74;37,43;0,98;;23
04/09/26;REPSOL;CALL;Jun-27;17,00;27.74;37,10;0,97;;1.019
04/09/26;REPSOL;CALL;Jun-27;17,50;27.74;36,77;0,96;;27
04/09/26;REPSOL;CALL;Jun-27;19,00;27.74;35,78;0,93;;1
04/09/26;REPSOL;CALL;Jun-27;19,50;27.74;35,45;0,92;;1
04/09/26;REPSOL;CALL;Jun-27;23,00;27.74;33,13;0,80;;16
04/09/26;REPSOL;CALL;Jun-27;25,00;27.74;31,81;0,70;;2
04/09/26;REPSOL;CALL;Jun-27;26,00;27.74;31,15;0,65;;8
04/09/26;REPSOL;CALL;Jun-27;27,00;27.74;30,49;0,60;;3
04/09/26;REPSOL;CALL;Jun-27;28,00;27.74;29,95;0,54;;100
04/09/26;REPSOL;CALL;Jun-27;30,00;27.74;29,59;0,44;;32
04/09/26;REPSOL;CALL;Sep-27;15,50;27.74;38,44;0,98;;1
04/09/26;REPSOL;CALL;Sep-27;18,00;27.74;36,75;0,94;;3.000
04/09/26;REPSOL;CALL;Sep-27;18,50;27.74;36,42;0,93;;3.000
04/09/26;REPSOL;CALL;Sep-27;20,00;27.74;35,41;0,89;;2.000
04/09/26;REPSOL;CALL;Sep-27;21,00;27.74;34,74;0,86;;6
04/09/26;REPSOL;CALL;Sep-27;22,00;27.74;34,06;0,82;;5
04/09/26;REPSOL;CALL;Sep-27;24,00;27.74;32,72;0,74;;17
04/09/26;REPSOL;CALL;Sep-27;27,00;27.74;30,70;0,60;;1
04/09/26;REPSOL;CALL;Dic-27;12,00;27.74;40,61;1,00;;2
04/09/26;REPSOL;CALL;Dic-27;14,00;27.74;39,24;0,99;;1.400
04/09/26;REPSOL;CALL;Dic-27;15,00;27.74;38,56;0,98;;149
04/09/26;REPSOL;CALL;Dic-27;15,50;27.74;38,21;0,97;;2
04/09/26;REPSOL;CALL;Dic-27;16,00;27.74;37,87;0,97;;3
04/09/26;REPSOL;CALL;Dic-27;16,50;27.74;37,53;0,96;;1.528
04/09/26;REPSOL;CALL;Dic-27;17,00;27.74;37,19;0,95;;24
04/09/26;REPSOL;CALL;Dic-27;17,50;27.74;36,84;0,94;;2
04/09/26;REPSOL;CALL;Dic-27;18,00;27.74;36,50;0,93;;3
04/09/26;REPSOL;CALL;Dic-27;19,50;27.74;35,47;0,88;;5
04/09/26;REPSOL;CALL;Dic-27;20,00;27.74;35,13;0,87;;10.000
04/09/26;REPSOL;CALL;Dic-27;23,00;27.74;33,08;0,76;;4
04/09/26;REPSOL;CALL;Dic-27;24,00;27.74;32,39;0,73;;5.000
04/09/26;REPSOL;CALL;Dic-27;25,00;27.74;31,71;0,68;;1
04/09/26;REPSOL;CALL;Dic-27;27,00;27.74;30,34;0,60;;20
04/09/26;REPSOL;CALL;Mar-28;16,50;27.74;36,90;0,96;;1
04/09/26;REPSOL;CALL;Mar-28;18,00;27.74;35,91;0,92;;1
04/09/26;REPSOL;CALL;Mar-28;19,00;27.74;35,25;0,89;;5
04/09/26;REPSOL;CALL;Mar-28;24,00;27.74;31,94;0,72;;6
04/09/26;REPSOL;CALL;Mar-28;25,00;27.74;31,28;0,68;;1.000
04/09/26;REPSOL;CALL;Mar-28;26,00;27.74;30,62;0,64;;2.000
04/09/26;REPSOL;CALL;Mar-28;27,00;27.74;29,96;0,60;;2.000
04/09/26;REPSOL;CALL;Mar-28;32,00;27.74;28,96;0,40;;2.000
04/09/26;REPSOL;CALL;Mar-28;33,00;27.74;28,84;0,37;;1.800
04/09/26;REPSOL;CALL;Jun-28;10,00;27.74;40,23;1,00;;10
04/09/26;REPSOL;CALL;Jun-28;19,00;27.74;34,93;0,88;;6
04/09/26;REPSOL;CALL;Jun-28;20,00;27.74;34,34;0,85;;10
04/09/26;REPSOL;CALL;Jun-28;22,00;27.74;33,16;0,78;;4
04/09/26;REPSOL;CALL;Jun-28;24,00;27.74;31,98;0,71;;2.500
04/09/26;REPSOL;CALL;Jun-28;32,00;27.74;29,27;0,42;;1.002
04/09/26;REPSOL;CALL;Jun-28;34,00;27.74;29,03;0,36;;1.000
04/09/26;REPSOL;CALL;Sep-28;18,50;27.74;35,08;0,90;;1
04/09/26;REPSOL;CALL;Dic-28;16,00;27.74;35,77;0,96;;2.000
04/09/26;REPSOL;CALL;Dic-28;24,00;27.74;31,93;0,71;;1.520
04/09/26;REPSOL;CALL;Dic-28;27,00;27.74;30,49;0,60;;1
04/09/26;REPSOL;CALL;Dic-28;29,00;27.74;30,01;0,54;;8
04/09/26;REPSOL;CALL;Dic-28;34,00;27.74;29,53;0,39;;1
04/09/26;REPSOL;CALL;Dic-29;10,00;27.74;36,57;1,00;;200
04/09/26;REPSOL;CALL;Dic-29;11,50;27.74;36,06;1,00;;1
04/09/26;REPSOL;CALL;Dic-29;12,00;27.74;35,90;1,00;;1
04/09/26;REPSOL;CALL;Dic-29;12,50;27.74;35,73;1,00;;3
04/09/26;REPSOL;CALL;Dic-29;17,00;27.74;34,21;0,93;;25
04/09/26;REPSOL;CALL;Dic-30;22,00;27.74;32,39;0,76;;1.500
04/09/26;REPSOL;CALL;Dic-30;26,00;27.74;31,33;0,65;;3.000
04/09/26;REPSOL;PUT;Sep-26;6,75;27.74;52,14;;;2
04/09/26;REPSOL;PUT;Sep-26;10,50;27.74;48,35;;;9
04/09/26;REPSOL;PUT;Sep-26;11,00;27.74;47,85;;;30
04/09/26;REPSOL;PUT;Sep-26;11,50;27.74;47,34;;;51
04/09/26;REPSOL;PUT;Sep-26;12,00;27.74;46,84;;;295
04/09/26;REPSOL;PUT;Sep-26;12,50;27.74;46,33;;;80
04/09/26;REPSOL;PUT;Sep-26;13,00;27.74;45,83;;;119
04/09/26;REPSOL;PUT;Sep-26;13,50;27.74;45,32;;;12
04/09/26;REPSOL;PUT;Sep-26;14,00;27.74;44,82;;;143
04/09/26;REPSOL;PUT;Sep-26;14,50;27.74;44,31;;;277
04/09/26;REPSOL;PUT;Sep-26;15,00;27.74;43,81;;;35
04/09/26;REPSOL;PUT;Sep-26;15,50;27.74;43,30;;;6
04/09/26;REPSOL;PUT;Sep-26;16,00;27.74;42,80;;;10
04/09/26;REPSOL;PUT;Sep-26;16,50;27.74;42,30;;;200
04/09/26;REPSOL;PUT;Sep-26;17,00;27.74;41,79;;;654
04/09/26;REPSOL;PUT;Sep-26;17,50;27.74;41,29;;;204
04/09/26;REPSOL;PUT;Sep-26;18,00;27.74;40,78;;;15.360
04/09/26;REPSOL;PUT;Sep-26;18,50;27.74;40,28;;;211
04/09/26;REPSOL;PUT;Sep-26;19,00;27.74;39,77;;;14
04/09/26;REPSOL;PUT;Sep-26;19,50;27.74;39,27;;;104
04/09/26;REPSOL;PUT;Sep-26;20,00;27.74;38,76;;;8
04/09/26;REPSOL;PUT;Sep-26;20,50;27.74;38,26;;;5
04/09/26;REPSOL;PUT;Sep-26;21,00;27.74;37,75;;;1.504
04/09/26;REPSOL;PUT;Sep-26;22,00;27.74;36,74;;;1.105
04/09/26;REPSOL;PUT;Sep-26;23,00;27.74;35,73;;;200
04/09/26;REPSOL;PUT;Sep-26;24,00;27.74;34,73;-0,01;;48
04/09/26;REPSOL;PUT;Sep-26;25,00;27.74;33,72;-0,05;;413
04/09/26;REPSOL;PUT;Sep-26;26,00;27.74;32,71;-0,15;;160
04/09/26;REPSOL;PUT;Sep-26;26,50;27.74;32,20;-0,22;;5
04/09/26;REPSOL;PUT;Sep-26;27,00;27.74;31,70;-0,32;;322
04/09/26;REPSOL;PUT;Sep-26;27,50;27.74;31,19;-0,43;1;1
04/09/26;REPSOL;PUT;Sep-26;28,00;27.74;30,84;-0,54;;2
04/09/26;REPSOL;PUT;Sep-26;29,00;27.74;30,44;-0,76;;3
04/09/26;REPSOL;PUT;Oct-26;22,00;27.74;34,33;-0,02;;2
04/09/26;REPSOL;PUT;Oct-26;23,00;27.74;33,55;-0,04;;2
04/09/26;REPSOL;PUT;Oct-26;24,00;27.74;32,77;-0,08;31;99
04/09/26;REPSOL;PUT;Oct-26;25,00;27.74;31,99;-0,15;;1
04/09/26;REPSOL;PUT;Oct-26;26,00;27.74;31,21;-0,25;;9
04/09/26;REPSOL;PUT;Oct-26;27,00;27.74;30,43;-0,37;3;154
04/09/26;REPSOL;PUT;Oct-26;28,00;27.74;29,79;-0,51;1;16
04/09/26;REPSOL;PUT;Nov-26;24,00;27.74;33,06;-0,15;5;16
04/09/26;REPSOL;PUT;Nov-26;26,00;27.74;31,57;-0,29;;1
04/09/26;REPSOL;PUT;Dic-26;8,00;27.74;43,31;;;9.500
04/09/26;REPSOL;PUT;Dic-26;8,75;27.74;42,81;;;1
04/09/26;REPSOL;PUT;Dic-26;9,00;27.74;42,65;;;13.015
04/09/26;REPSOL;PUT;Dic-26;9,50;27.74;42,31;;;750
04/09/26;REPSOL;PUT;Dic-26;10,00;27.74;41,98;;;34.000
04/09/26;REPSOL;PUT;Dic-26;10,50;27.74;41,65;;;1.000
04/09/26;REPSOL;PUT;Dic-26;11,00;27.74;41,32;;;15.621
04/09/26;REPSOL;PUT;Dic-26;11,50;27.74;40,99;;;3.187
04/09/26;REPSOL;PUT;Dic-26;12,00;27.74;40,66;;;15.760
04/09/26;REPSOL;PUT;Dic-26;12,50;27.74;40,33;;;156
04/09/26;REPSOL;PUT;Dic-26;13,00;27.74;40,00;;;12.000
04/09/26;REPSOL;PUT;Dic-26;13,50;27.74;39,67;;;1
04/09/26;REPSOL;PUT;Dic-26;14,00;27.74;39,34;;;11.025
04/09/26;REPSOL;PUT;Dic-26;14,50;27.74;39,01;;;224
04/09/26;REPSOL;PUT;Dic-26;15,00;27.74;38,68;;;4.184
04/09/26;REPSOL;PUT;Dic-26;15,50;27.74;38,35;;;21.501
04/09/26;REPSOL;PUT;Dic-26;16,00;27.74;38,02;;;2.160
04/09/26;REPSOL;PUT;Dic-26;16,50;27.74;37,69;;;161
04/09/26;REPSOL;PUT;Dic-26;17,00;27.74;37,36;;;136
04/09/26;REPSOL;PUT;Dic-26;17,50;27.74;37,03;-0,01;;160
04/09/26;REPSOL;PUT;Dic-26;18,00;27.74;36,70;-0,01;;26
04/09/26;REPSOL;PUT;Dic-26;18,50;27.74;36,37;-0,01;;1
04/09/26;REPSOL;PUT;Dic-26;19,00;27.74;36,04;-0,02;;4.102
04/09/26;REPSOL;PUT;Dic-26;19,50;27.74;35,71;-0,02;;116
04/09/26;REPSOL;PUT;Dic-26;20,00;27.74;35,38;-0,03;6;2.035
04/09/26;REPSOL;PUT;Dic-26;20,50;27.74;35,04;-0,04;;4
04/09/26;REPSOL;PUT;Dic-26;21,00;27.74;34,71;-0,05;;293
04/09/26;REPSOL;PUT;Dic-26;22,00;27.74;34,05;-0,08;;74
04/09/26;REPSOL;PUT;Dic-26;23,00;27.74;33,39;-0,12;;136
04/09/26;REPSOL;PUT;Dic-26;24,00;27.74;32,73;-0,17;;47
04/09/26;REPSOL;PUT;Dic-26;25,00;27.74;32,07;-0,23;;17
04/09/26;REPSOL;PUT;Dic-26;26,00;27.74;31,41;-0,31;;5.031
04/09/26;REPSOL;PUT;Dic-26;27,00;27.74;30,75;-0,39;5;73
04/09/26;REPSOL;PUT;Dic-26;28,00;27.74;30,16;-0,48;;20
04/09/26;REPSOL;PUT;Dic-26;33,00;27.74;28,30;-0,87;;10
04/09/26;REPSOL;PUT;Mar-27;7,25;27.74;44,38;;;4
04/09/26;REPSOL;PUT;Mar-27;8,00;27.74;43,81;;;1
04/09/26;REPSOL;PUT;Mar-27;10,00;27.74;42,30;;;245
04/09/26;REPSOL;PUT;Mar-27;11,50;27.74;41,16;;;216
04/09/26;REPSOL;PUT;Mar-27;12,00;27.74;40,79;;;210
04/09/26;REPSOL;PUT;Mar-27;12,50;27.74;40,41;;;401
04/09/26;REPSOL;PUT;Mar-27;13,50;27.74;39,65;;;4
04/09/26;REPSOL;PUT;Mar-27;14,00;27.74;39,27;-0,01;;55
04/09/26;REPSOL;PUT;Mar-27;14,50;27.74;38,89;-0,01;;100
04/09/26;REPSOL;PUT;Mar-27;15,00;27.74;38,51;-0,01;;140
04/09/26;REPSOL;PUT;Mar-27;15,50;27.74;38,14;-0,01;;250
04/09/26;REPSOL;PUT;Mar-27;16,00;27.74;37,76;-0,02;;754
04/09/26;REPSOL;PUT;Mar-27;16,50;27.74;37,38;-0,02;;25
04/09/26;REPSOL;PUT;Mar-27;17,00;27.74;37,00;-0,03;;75
04/09/26;REPSOL;PUT;Mar-27;18,00;27.74;36,24;-0,04;;20
04/09/26;REPSOL;PUT;Mar-27;18,50;27.74;35,86;-0,05;;6
04/09/26;REPSOL;PUT;Mar-27;19,00;27.74;35,49;-0,06;;100
04/09/26;REPSOL;PUT;Mar-27;20,00;27.74;34,73;-0,08;;300
04/09/26;REPSOL;PUT;Mar-27;21,00;27.74;33,97;-0,11;;210
04/09/26;REPSOL;PUT;Mar-27;22,00;27.74;33,22;-0,15;;22
04/09/26;REPSOL;PUT;Mar-27;23,00;27.74;32,46;-0,19;;10
04/09/26;REPSOL;PUT;Mar-27;24,00;27.74;31,70;-0,24;;3
04/09/26;REPSOL;PUT;Mar-27;25,00;27.74;30,94;-0,30;;115
04/09/26;REPSOL;PUT;Mar-27;26,00;27.74;30,19;-0,36;;18
04/09/26;REPSOL;PUT;Mar-27;27,00;27.74;29,43;-0,42;;30
04/09/26;REPSOL;PUT;Mar-27;28,00;27.74;28,83;-0,49;;2
04/09/26;REPSOL;PUT;Mar-27;29,00;27.74;28,69;-0,56;;1
04/09/26;REPSOL;PUT;Jun-27;8,00;27.74;41,58;;;25.000
04/09/26;REPSOL;PUT;Jun-27;9,50;27.74;40,58;;;40
04/09/26;REPSOL;PUT;Jun-27;10,00;27.74;40,25;;;10
04/09/26;REPSOL;PUT;Jun-27;10,50;27.74;39,92;;;2
04/09/26;REPSOL;PUT;Jun-27;11,50;27.74;39,26;;;80
04/09/26;REPSOL;PUT;Jun-27;12,00;27.74;38,93;;;210
04/09/26;REPSOL;PUT;Jun-27;12,50;27.74;38,60;-0,01;;200
04/09/26;REPSOL;PUT;Jun-27;13,00;27.74;38,27;-0,01;;5.010
04/09/26;REPSOL;PUT;Jun-27;13,50;27.74;37,94;-0,01;;183
04/09/26;REPSOL;PUT;Jun-27;14,00;27.74;37,61;-0,01;;38
04/09/26;REPSOL;PUT;Jun-27;14,50;27.74;37,28;-0,02;;20
04/09/26;REPSOL;PUT;Jun-27;15,00;27.74;36,95;-0,02;;20
04/09/26;REPSOL;PUT;Jun-27;16,00;27.74;36,29;-0,03;;95
04/09/26;REPSOL;PUT;Jun-27;18,00;27.74;34,97;-0,06;20;50
04/09/26;REPSOL;PUT;Jun-27;19,50;27.74;33,98;-0,09;;100
04/09/26;REPSOL;PUT;Jun-27;21,00;27.74;32,98;-0,14;;2
04/09/26;REPSOL;PUT;Jun-27;22,00;27.74;32,32;-0,17;;2
04/09/26;REPSOL;PUT;Jun-27;23,00;27.74;31,66;-0,21;;2
04/09/26;REPSOL;PUT;Jun-27;24,00;27.74;31,00;-0,26;;1
04/09/26;REPSOL;PUT;Jun-27;25,00;27.74;30,34;-0,31;;1
04/09/26;REPSOL;PUT;Jun-27;26,00;27.74;29,68;-0,36;;2
04/09/26;REPSOL;PUT;Jun-27;28,00;27.74;28,48;-0,47;;10
04/09/26;REPSOL;PUT;Sep-27;10,50;27.74;40,06;;;100
04/09/26;REPSOL;PUT;Sep-27;11,00;27.74;39,72;-0,01;;101
04/09/26;REPSOL;PUT;Sep-27;11,50;27.74;39,39;-0,01;;100
04/09/26;REPSOL;PUT;Sep-27;12,00;27.74;39,05;-0,01;;104
04/09/26;REPSOL;PUT;Sep-27;14,00;27.74;37,71;-0,03;;25
04/09/26;REPSOL;PUT;Sep-27;14,50;27.74;37,37;-0,03;;420
04/09/26;REPSOL;PUT;Sep-27;15,00;27.74;37,03;-0,04;;2
04/09/26;REPSOL;PUT;Sep-27;15,50;27.74;36,70;-0,04;;159
04/09/26;REPSOL;PUT;Sep-27;18,00;27.74;35,01;-0,09;;1.000
04/09/26;REPSOL;PUT;Sep-27;19,00;27.74;34,34;-0,11;;5
04/09/26;REPSOL;PUT;Sep-27;24,00;27.74;30,98;-0,29;;1
04/09/26;REPSOL;PUT;Sep-27;25,00;27.74;30,30;-0,33;;1
04/09/26;REPSOL;PUT;Dic-27;7,75;27.74;40,80;;;234
04/09/26;REPSOL;PUT;Dic-27;8,00;27.74;40,63;;;23.000
04/09/26;REPSOL;PUT;Dic-27;8,50;27.74;40,29;;;8.000
04/09/26;REPSOL;PUT;Dic-27;9,00;27.74;39,95;;;7.000
04/09/26;REPSOL;PUT;Dic-27;9,75;27.74;39,43;-0,01;;62
04/09/26;REPSOL;PUT;Dic-27;10,00;27.74;39,26;-0,01;;11.028
04/09/26;REPSOL;PUT;Dic-27;10,50;27.74;38,92;-0,01;;12.938
04/09/26;REPSOL;PUT;Dic-27;11,00;27.74;38,58;-0,01;;27.620
04/09/26;REPSOL;PUT;Dic-27;12,00;27.74;37,89;-0,02;;1
04/09/26;REPSOL;PUT;Dic-27;12,50;27.74;37,55;-0,02;;25
04/09/26;REPSOL;PUT;Dic-27;13,00;27.74;37,21;-0,02;;266
04/09/26;REPSOL;PUT;Dic-27;14,00;27.74;36,52;-0,03;;15.000
04/09/26;REPSOL;PUT;Dic-27;14,50;27.74;36,18;-0,04;;7
04/09/26;REPSOL;PUT;Dic-27;15,00;27.74;35,84;-0,04;;7.001
04/09/26;REPSOL;PUT;Dic-27;16,00;27.74;35,15;-0,06;;30.000
04/09/26;REPSOL;PUT;Dic-27;16,50;27.74;34,81;-0,07;;1.525
04/09/26;REPSOL;PUT;Dic-27;17,00;27.74;34,47;-0,08;;25
04/09/26;REPSOL;PUT;Dic-27;18,00;27.74;33,78;-0,10;;101
04/09/26;REPSOL;PUT;Dic-27;19,00;27.74;33,10;-0,12;;3
04/09/26;REPSOL;PUT;Dic-27;20,00;27.74;32,41;-0,15;;13
04/09/26;REPSOL;PUT;Dic-27;21,00;27.74;31,73;-0,18;;50
04/09/26;REPSOL;PUT;Dic-27;22,00;27.74;31,04;-0,21;;20
04/09/26;REPSOL;PUT;Dic-27;23,00;27.74;30,36;-0,25;;9
04/09/26;REPSOL;PUT;Dic-27;24,00;27.74;29,67;-0,29;;10
04/09/26;REPSOL;PUT;Dic-27;25,00;27.74;28,99;-0,33;;1
04/09/26;REPSOL;PUT;Dic-27;26,00;27.74;28,30;-0,38;;3
04/09/26;REPSOL;PUT;Mar-28;12,00;27.74;36,24;-0,02;;1.000
04/09/26;REPSOL;PUT;Mar-28;13,50;27.74;35,25;-0,03;;1.000
04/09/26;REPSOL;PUT;Mar-28;18,00;27.74;32,28;-0,11;;151
04/09/26;REPSOL;PUT;Mar-28;21,00;27.74;30,29;-0,19;;120
04/09/26;REPSOL;PUT;Mar-28;22,00;27.74;29,63;-0,23;;114
04/09/26;REPSOL;PUT;Mar-28;26,00;27.74;26,99;-0,39;;25
04/09/26;REPSOL;PUT;Jun-28;18,00;27.74;31,58;-0,12;;4.000
04/09/26;REPSOL;PUT;Jun-28;19,50;27.74;30,70;-0,15;;1
04/09/26;REPSOL;PUT;Jun-28;20,00;27.74;30,41;-0,17;;3.000
04/09/26;REPSOL;PUT;Jun-28;21,00;27.74;29,82;-0,20;;120
04/09/26;REPSOL;PUT;Jun-28;22,00;27.74;29,23;-0,23;;6.500
04/09/26;REPSOL;PUT;Jun-28;23,00;27.74;28,64;-0,27;;107
04/09/26;REPSOL;PUT;Sep-28;18,00;27.74;31,29;-0,13;;300
04/09/26;REPSOL;PUT;Dic-28;9,00;27.74;34,91;-0,01;;40.500
04/09/26;REPSOL;PUT;Dic-28;10,00;27.74;34,43;-0,01;;10.000
04/09/26;REPSOL;PUT;Dic-28;11,50;27.74;33,71;-0,03;;1.000
04/09/26;REPSOL;PUT;Dic-28;14,50;27.74;32,26;-0,06;;1
04/09/26;REPSOL;PUT;Dic-28;15,00;27.74;32,02;-0,07;;30.250
04/09/26;REPSOL;PUT;Dic-28;18,00;27.74;30,58;-0,13;;1.000
04/09/26;REPSOL;PUT;Dic-28;19,50;27.74;29,86;-0,17;;1
04/09/26;REPSOL;PUT;Dic-28;23,00;27.74;28,18;-0,28;;1
04/09/26;REPSOL;PUT;Dic-28;24,00;27.74;27,70;-0,32;;1.518
04/09/26;REPSOL;PUT;Dic-28;26,00;27.74;26,74;-0,39;;9
04/09/26;REPSOL;PUT;Jun-29;11,00;27.74;32,79;-0,03;;140
04/09/26;REPSOL;PUT;Dic-29;7,75;27.74;32,68;-0,01;;30.000
04/09/26;REPSOL;PUT;Dic-29;8,00;27.74;32,59;-0,01;;17.000
04/09/26;REPSOL;PUT;Dic-29;11,00;27.74;31,58;-0,03;;20.000
04/09/26;REPSOL;PUT;Dic-29;11,50;27.74;31,41;-0,04;;17.000
04/09/26;REPSOL;PUT;Dic-29;12,50;27.74;31,08;-0,05;;800
04/09/26;REPSOL;PUT;Dic-29;28,00;27.74;25,94;-0,46;;25
04/09/26;REPSOL;PUT;Dic-30;14,00;27.74;29,59;-0,09;;3.000
04/09/26;REPSOL;PUT;Dic-30;18,50;27.74;28,40;-0,19;;3.000
04/09/26;REPSOL;CALL;Sep-26;14,00;27.74;45,24;1,00;;1
04/09/26;REPSOL;CALL;Sep-26;14,50;27.74;44,73;1,00;;1
04/09/26;REPSOL;CALL;Sep-26;22,00;27.74;37,16;1,00;;73
04/09/26;REPSOL;CALL;Sep-26;22,00;27.74;37,16;1,00;;10
04/09/26;REPSOL;CALL;Sep-26;23,00;27.74;36,15;1,00;;20
04/09/26;REPSOL;CALL;Sep-26;24,00;27.74;35,15;0,98;;1
04/09/26;REPSOL;CALL;Sep-26;24,00;27.74;35,15;0,98;;10
04/09/26;REPSOL;CALL;Sep-26;25,00;27.74;34,14;0,94;;10
04/09/26;REPSOL;CALL;Sep-26;26,00;27.74;33,13;0,85;;19
04/09/26;REPSOL;CALL;Sep-26;26,00;27.74;33,13;0,85;;10
04/09/26;REPSOL;CALL;Sep-26;27,00;27.74;32,12;0,68;;46
04/09/26;REPSOL;CALL;Sep-26;28,00;27.74;31,26;0,46;;10
04/09/26;REPSOL;CALL;Sep-26;28,00;27.74;31,26;0,46;;20
04/09/26;REPSOL;CALL;Sep-26;29,00;27.74;30,86;0,25;;10
04/09/26;REPSOL;CALL;Sep-26;29,00;27.74;30,86;0,25;;8
04/09/26;REPSOL;CALL;Oct-26;20,00;27.74;37,21;0,99;;6
04/09/26;REPSOL;CALL;Oct-26;28,00;27.74;31,10;0,50;;6
04/09/26;REPSOL;CALL;Oct-26;30,00;27.74;30,67;0,25;;3
04/09/26;REPSOL;CALL;Nov-26;29,00;27.74;32,25;0,42;;25
04/09/26;REPSOL;CALL;Dic-26;14,50;27.74;40,59;0,99;;1
04/09/26;REPSOL;CALL;Dic-26;15,00;27.74;40,26;0,99;;33
04/09/26;REPSOL;CALL;Dic-26;17,00;27.74;38,94;0,99;;7
04/09/26;REPSOL;CALL;Dic-26;18,00;27.74;38,28;0,98;;26
04/09/26;REPSOL;CALL;Dic-26;21,00;27.74;36,29;0,93;;10
04/09/26;REPSOL;CALL;Dic-26;23,00;27.74;34,97;0,86;;6
04/09/26;REPSOL;CALL;Dic-26;24,00;27.74;34,31;0,81;;106
04/09/26;REPSOL;CALL;Dic-26;24,00;27.74;34,31;0,81;;10
04/09/26;REPSOL;CALL;Dic-26;25,00;27.74;33,65;0,75;;17
04/09/26;REPSOL;CALL;Dic-26;26,00;27.74;32,99;0,68;;80
04/09/26;REPSOL;CALL;Dic-26;26,00;27.74;32,99;0,68;;20
04/09/26;REPSOL;CALL;Dic-26;27,00;27.74;32,33;0,61;;16
04/09/26;REPSOL;CALL;Dic-26;28,00;27.74;31,74;0,53;;20
04/09/26;REPSOL;CALL;Mar-27;22,00;27.74;35,19;0,83;;1
04/09/26;REPSOL;CALL;Mar-27;23,00;27.74;34,43;0,79;;1
04/09/26;REPSOL;CALL;Mar-27;24,00;27.74;33,67;0,74;;6
04/09/26;REPSOL;CALL;Mar-27;25,00;27.74;32,91;0,69;;5
04/09/26;REPSOL;CALL;Mar-27;26,00;27.74;32,16;0,64;;5
04/09/26;REPSOL;CALL;Jun-27;23,00;27.74;33,13;0,77;;4
04/09/26;REPSOL;CALL;Jun-27;28,00;27.74;29,95;0,53;;15
04/09/26;REPSOL;CALL;Dic-27;12,00;27.74;40,61;0,94;;15.000
04/09/26;REPSOL;CALL;Dic-27;16,00;27.74;37,87;0,90;;7
04/09/26;REPSOL;CALL;Jun-28;26,00;27.74;30,80;0,60;;1
04/09/26;REPSOL;CALL;Dic-28;15,25;27.74;36,13;0,85;;750
04/09/26;REPSOL;CALL;Jun-29;26,00;27.74;31,39;0,58;;1
04/09/26;REPSOL;PUT;Sep-26;11,00;27.74;47,85;;;1.200
04/09/26;REPSOL;PUT;Sep-26;16,00;27.74;42,80;;;10
04/09/26;REPSOL;PUT;Sep-26;18,00;27.74;40,78;;;5
04/09/26;REPSOL;PUT;Sep-26;19,00;27.74;39,77;;;15
04/09/26;REPSOL;PUT;Sep-26;19,50;27.74;39,27;;;10
04/09/26;REPSOL;PUT;Sep-26;23,00;27.74;35,73;;;5
04/09/26;REPSOL;PUT;Sep-26;24,00;27.74;34,73;-0,02;;20
04/09/26;REPSOL;PUT;Sep-26;24,00;27.74;34,73;-0,02;;2
04/09/26;REPSOL;PUT;Sep-26;25,00;27.74;33,72;-0,05;;2
04/09/26;REPSOL;PUT;Sep-26;26,00;27.74;32,71;-0,15;10;35
04/09/26;REPSOL;PUT;Sep-26;27,00;27.74;31,70;-0,32;5;15
04/09/26;REPSOL;PUT;Sep-26;28,00;27.74;30,84;-0,54;;50
04/09/26;REPSOL;PUT;Sep-26;29,00;27.74;30,44;-0,76;;1
04/09/26;REPSOL;PUT;Oct-26;25,00;27.74;31,99;-0,15;;5
04/09/26;REPSOL;PUT;Oct-26;26,00;27.74;31,21;-0,25;5;5
04/09/26;REPSOL;PUT;Oct-26;27,00;27.74;30,43;-0,37;5;10
04/09/26;REPSOL;PUT;Nov-26;24,00;27.74;33,06;-0,14;;6
04/09/26;REPSOL;PUT;Dic-26;11,00;27.74;41,32;;;1
04/09/26;REPSOL;PUT;Dic-26;13,50;27.74;39,67;;;150
04/09/26;REPSOL;PUT;Dic-26;14,50;27.74;39,01;;;150
04/09/26;REPSOL;PUT;Dic-26;15,00;27.74;38,68;;;1
04/09/26;REPSOL;PUT;Dic-26;15,50;27.74;38,35;;;450
04/09/26;REPSOL;PUT;Dic-26;17,00;27.74;37,36;-0,01;;154
04/09/26;REPSOL;PUT;Dic-26;18,00;27.74;36,70;-0,01;;7
04/09/26;REPSOL;PUT;Dic-26;20,00;27.74;35,38;-0,03;;20
04/09/26;REPSOL;PUT;Dic-26;21,00;27.74;34,71;-0,05;;10
04/09/26;REPSOL;PUT;Dic-26;22,00;27.74;34,05;-0,08;;10
04/09/26;REPSOL;PUT;Dic-26;22,00;27.74;34,05;-0,08;;15
04/09/26;REPSOL;PUT;Dic-26;24,00;27.74;32,73;-0,17;;36
04/09/26;REPSOL;PUT;Dic-26;25,00;27.74;32,07;-0,23;;30
04/09/26;REPSOL;PUT;Dic-26;26,00;27.74;31,41;-0,30;;30
04/09/26;REPSOL;PUT;Dic-26;30,00;27.74;29,42;-0,64;;10
04/09/26;REPSOL;PUT;Mar-27;11,50;27.74;41,16;;;1
04/09/26;REPSOL;PUT;Jun-27;24,00;27.74;31,00;-0,25;;5
04/09/26;REPSOL;PUT;Sep-27;17,00;27.74;35,69;-0,07;;5
04/09/26;REPSOL;PUT;Dic-28;15,25;27.74;31,90;-0,07;;750
04/09/26;SACYR;CALL;Nov-26;4,50;4.31;25,73;0,39;;80
04/09/26;SACYR;CALL;Dic-26;3,70;4.31;26,98;0,88;;10
04/09/26;SACYR;CALL;Dic-26;3,90;4.31;26,87;0,79;;25
04/09/26;SACYR;CALL;Dic-26;4,00;4.31;26,82;0,74;;5
04/09/26;SACYR;CALL;Dic-26;4,20;4.31;26,71;0,62;;20
04/09/26;SACYR;CALL;Dic-26;4,30;4.31;26,65;0,55;;43
04/09/26;SACYR;CALL;Dic-26;4,50;4.31;26,11;0,42;;10
04/09/26;SACYR;CALL;Dic-26;4,70;4.31;25,55;0,30;;10
04/09/26;SACYR;CALL;Dic-26;4,80;4.31;25,27;0,25;;10
04/09/26;SACYR;CALL;Dic-26;5,00;4.31;24,72;0,16;;30
04/09/26;SACYR;CALL;Mar-27;3,70;4.31;25,34;0,84;;10
04/09/26;SACYR;CALL;Mar-27;3,80;4.31;25,28;0,80;;10
04/09/26;SACYR;CALL;Mar-27;4,80;4.31;24,28;0,31;;20.000
04/09/26;SACYR;CALL;Jun-27;3,90;4.31;24,26;0,73;;25
04/09/26;SACYR;CALL;Jun-27;4,80;4.31;23,60;0,36;;10
04/09/26;SACYR;CALL;Jun-27;4,90;4.31;23,50;0,32;;20
04/09/26;SACYR;CALL;Jun-27;5,00;4.31;23,40;0,29;;10
04/09/26;SACYR;CALL;Dic-27;4,00;4.31;23,41;0,67;;25
04/09/26;SACYR;PUT;Sep-26;3,60;4.31;25,43;;;20
04/09/26;SACYR;PUT;Sep-26;4,30;4.31;25,16;-0,47;;5
04/09/26;SACYR;PUT;Sep-26;4,50;4.31;25,16;-0,81;;100
04/09/26;SACYR;PUT;Oct-26;4,50;4.31;24,86;-0,68;;100
04/09/26;SACYR;PUT;Dic-26;3,50;4.31;26,65;-0,06;;10
04/09/26;SACYR;PUT;Dic-26;4,50;4.31;25,67;-0,59;;1.000
04/09/26;SACYR;PUT;Dic-26;4,70;4.31;25,11;-0,72;;50
04/09/26;SACYR;PUT;Dic-26;5,00;4.31;24,28;-0,88;;100
04/09/26;SACYR;PUT;Mar-27;4,20;4.31;25,11;-0,41;;3
04/09/26;SACYR;PUT;Jun-27;3,40;4.31;24,64;-0,11;;20
04/09/26;SACYR;PUT;Jun-27;3,80;4.31;24,49;-0,24;;10
04/09/26;SACYR;PUT;Jun-27;3,90;4.31;24,45;-0,28;;10
04/09/26;SACYR;PUT;Jun-27;4,30;4.31;24,29;-0,45;;3
04/09/26;SACYR;PUT;Jun-27;4,50;4.31;24,09;-0,54;;1.000
04/09/26;SANTANDER;CALL;Sep-26;5,50;12.87;50,84;1,00;;15
04/09/26;SANTANDER;CALL;Sep-26;5,75;12.87;49,93;1,00;;1
04/09/26;SANTANDER;CALL;Sep-26;6,50;12.87;47,21;1,00;;11
04/09/26;SANTANDER;CALL;Sep-26;7,00;12.87;45,40;1,00;;4
04/09/26;SANTANDER;CALL;Sep-26;7,75;12.87;42,68;1,00;;30
04/09/26;SANTANDER;CALL;Sep-26;8,00;12.87;41,77;1,00;;100
04/09/26;SANTANDER;CALL;Sep-26;8,50;12.87;39,96;1,00;;458
04/09/26;SANTANDER;CALL;Sep-26;8,75;12.87;39,05;1,00;;3.200
04/09/26;SANTANDER;CALL;Sep-26;9,00;12.87;38,15;1,00;;1
04/09/26;SANTANDER;CALL;Sep-26;9,25;12.87;37,24;1,00;;9
04/09/26;SANTANDER;CALL;Sep-26;9,50;12.87;36,33;1,00;;13
04/09/26;SANTANDER;CALL;Sep-26;9,75;12.87;35,43;1,00;;5.031
04/09/26;SANTANDER;CALL;Sep-26;10,00;12.87;34,52;1,00;;59
04/09/26;SANTANDER;CALL;Sep-26;10,50;12.87;32,71;1,00;;151
04/09/26;SANTANDER;CALL;Sep-26;11,00;12.87;30,89;1,00;;23
04/09/26;SANTANDER;CALL;Sep-26;11,50;12.87;29,08;0,98;;10
04/09/26;SANTANDER;CALL;Sep-26;12,00;12.87;27,27;0,91;7;11.021
04/09/26;SANTANDER;CALL;Sep-26;12,50;12.87;25,45;0,73;;19
04/09/26;SANTANDER;CALL;Sep-26;12,75;12.87;24,55;0,59;5;5
04/09/26;SANTANDER;CALL;Sep-26;13,00;12.87;24,01;0,43;;10.064
04/09/26;SANTANDER;CALL;Sep-26;13,50;12.87;23,61;0,16;;721
04/09/26;SANTANDER;CALL;Sep-26;14,00;12.87;23,21;0,04;;10
04/09/26;SANTANDER;CALL;Sep-26;14,50;12.87;22,81;;;3
04/09/26;SANTANDER;CALL;Oct-26;11,00;12.87;33,07;0,93;;1
04/09/26;SANTANDER;CALL;Oct-26;11,50;12.87;31,42;0,87;;12
04/09/26;SANTANDER;CALL;Oct-26;12,50;12.87;28,10;0,65;;3
04/09/26;SANTANDER;CALL;Oct-26;13,00;12.87;26,76;0,49;;1.006
04/09/26;SANTANDER;CALL;Oct-26;13,50;12.87;26,32;0,32;;21
04/09/26;SANTANDER;CALL;Oct-26;14,00;12.87;25,88;0,19;;100
04/09/26;SANTANDER;CALL;Oct-26;14,50;12.87;25,44;0,10;;1
04/09/26;SANTANDER;CALL;Nov-26;11,00;12.87;34,24;0,88;;1
04/09/26;SANTANDER;CALL;Nov-26;13,00;12.87;28,07;0,50;;2
04/09/26;SANTANDER;CALL;Dic-26;3,00;12.87;60,73;1,00;;1
04/09/26;SANTANDER;CALL;Dic-26;4,00;12.87;57,55;1,00;;100
04/09/26;SANTANDER;CALL;Dic-26;4,50;12.87;55,95;1,00;;1
04/09/26;SANTANDER;CALL;Dic-26;4,80;12.87;55,00;1,00;;5.050
04/09/26;SANTANDER;CALL;Dic-26;4,90;12.87;54,68;1,00;;50
04/09/26;SANTANDER;CALL;Dic-26;5,00;12.87;54,36;1,00;;25
04/09/26;SANTANDER;CALL;Dic-26;5,25;12.87;53,56;1,00;;25
04/09/26;SANTANDER;CALL;Dic-26;5,75;12.87;51,97;1,00;;6
04/09/26;SANTANDER;CALL;Dic-26;6,00;12.87;51,17;1,00;;7
04/09/26;SANTANDER;CALL;Dic-26;6,50;12.87;49,58;1,00;;5
04/09/26;SANTANDER;CALL;Dic-26;7,00;12.87;47,99;1,00;;86
04/09/26;SANTANDER;CALL;Dic-26;7,50;12.87;46,39;1,00;;28
04/09/26;SANTANDER;CALL;Dic-26;7,75;12.87;45,60;0,99;;2
04/09/26;SANTANDER;CALL;Dic-26;8,00;12.87;44,80;0,99;;10.163
04/09/26;SANTANDER;CALL;Dic-26;8,25;12.87;44,00;0,99;;110
04/09/26;SANTANDER;CALL;Dic-26;8,50;12.87;43,21;0,98;;100
04/09/26;SANTANDER;CALL;Dic-26;8,75;12.87;42,41;0,98;;22
04/09/26;SANTANDER;CALL;Dic-26;9,00;12.87;41,61;0,97;;315
04/09/26;SANTANDER;CALL;Dic-26;9,25;12.87;40,82;0,96;;2
04/09/26;SANTANDER;CALL;Dic-26;9,50;12.87;40,02;0,95;10;65
04/09/26;SANTANDER;CALL;Dic-26;9,75;12.87;39,22;0,94;;5
04/09/26;SANTANDER;CALL;Dic-26;10,00;12.87;38,43;0,93;;67
04/09/26;SANTANDER;CALL;Dic-26;10,50;12.87;36,83;0,89;;77
04/09/26;SANTANDER;CALL;Dic-26;11,00;12.87;35,24;0,84;5;73
04/09/26;SANTANDER;CALL;Dic-26;11,50;12.87;33,65;0,77;1;377
04/09/26;SANTANDER;CALL;Dic-26;12,00;12.87;32,06;0,70;;57
04/09/26;SANTANDER;CALL;Dic-26;12,50;12.87;30,46;0,60;;85.902
04/09/26;SANTANDER;CALL;Dic-26;13,00;12.87;29,17;0,50;1;16.016
04/09/26;SANTANDER;CALL;Dic-26;13,50;12.87;28,73;0,40;;52
04/09/26;SANTANDER;CALL;Dic-26;14,00;12.87;28,29;0,31;;112
04/09/26;SANTANDER;CALL;Dic-26;14,50;12.87;27,85;0,23;;105
04/09/26;SANTANDER;CALL;Mar-27;4,60;12.87;53,69;1,00;;25
04/09/26;SANTANDER;CALL;Mar-27;4,70;12.87;53,40;1,00;;25
04/09/26;SANTANDER;CALL;Mar-27;4,80;12.87;53,12;1,00;;50
04/09/26;SANTANDER;CALL;Mar-27;4,90;12.87;52,84;1,00;;50
04/09/26;SANTANDER;CALL;Mar-27;5,00;12.87;52,56;1,00;;50
04/09/26;SANTANDER;CALL;Mar-27;5,25;12.87;51,85;1,00;;25
04/09/26;SANTANDER;CALL;Mar-27;6,00;12.87;49,73;1,00;;25
04/09/26;SANTANDER;CALL;Mar-27;6,25;12.87;49,03;0,99;;25
04/09/26;SANTANDER;CALL;Mar-27;7,50;12.87;45,50;0,97;;1
04/09/26;SANTANDER;CALL;Mar-27;8,00;12.87;44,09;0,96;;3
04/09/26;SANTANDER;CALL;Mar-27;9,25;12.87;40,56;0,90;;140
04/09/26;SANTANDER;CALL;Mar-27;9,50;12.87;39,85;0,89;;36
04/09/26;SANTANDER;CALL;Mar-27;10,00;12.87;38,44;0,85;;30
04/09/26;SANTANDER;CALL;Mar-27;11,00;12.87;35,61;0,77;;1.820
04/09/26;SANTANDER;CALL;Mar-27;11,50;12.87;34,20;0,72;;52
04/09/26;SANTANDER;CALL;Mar-27;12,00;12.87;32,79;0,66;;6.615
04/09/26;SANTANDER;CALL;Mar-27;12,50;12.87;31,38;0,60;;52.506
04/09/26;SANTANDER;CALL;Mar-27;13,00;12.87;30,24;0,53;;5.105
04/09/26;SANTANDER;CALL;Mar-27;13,50;12.87;29,85;0,46;;6.100
04/09/26;SANTANDER;CALL;Mar-27;14,00;12.87;29,46;0,40;;42
04/09/26;SANTANDER;CALL;Mar-27;14,50;12.87;29,07;0,33;;100
04/09/26;SANTANDER;CALL;Mar-27;15,00;12.87;28,68;0,27;;120
04/09/26;SANTANDER;CALL;Mar-27;15,50;12.87;28,29;0,22;;26
04/09/26;SANTANDER;CALL;Mar-27;16,00;12.87;27,91;0,17;;13
04/09/26;SANTANDER;CALL;Jun-27;6,00;12.87;46,37;0,99;;25
04/09/26;SANTANDER;CALL;Jun-27;6,25;12.87;45,82;0,99;;25
04/09/26;SANTANDER;CALL;Jun-27;6,50;12.87;45,27;0,98;;25
04/09/26;SANTANDER;CALL;Jun-27;6,75;12.87;44,72;0,98;;25
04/09/26;SANTANDER;CALL;Jun-27;7,00;12.87;44,17;0,97;;25
04/09/26;SANTANDER;CALL;Jun-27;7,25;12.87;43,62;0,97;;25
04/09/26;SANTANDER;CALL;Jun-27;8,25;12.87;41,42;0,93;;5
04/09/26;SANTANDER;CALL;Jun-27;9,00;12.87;39,77;0,89;;6.000
04/09/26;SANTANDER;CALL;Jun-27;9,75;12.87;38,12;0,85;;1
04/09/26;SANTANDER;CALL;Jun-27;10,00;12.87;37,56;0,83;;5.030
04/09/26;SANTANDER;CALL;Jun-27;10,50;12.87;36,46;0,80;10;103
04/09/26;SANTANDER;CALL;Jun-27;11,00;12.87;35,36;0,75;;15
04/09/26;SANTANDER;CALL;Jun-27;12,00;12.87;33,16;0,66;;5.000
04/09/26;SANTANDER;CALL;Jun-27;12,50;12.87;32,06;0,60;;10
04/09/26;SANTANDER;CALL;Jun-27;13,00;12.87;31,16;0,55;;624
04/09/26;SANTANDER;CALL;Jun-27;13,50;12.87;30,81;0,49;;157
04/09/26;SANTANDER;CALL;Jun-27;15,00;12.87;29,76;0,33;;2.020
04/09/26;SANTANDER;CALL;Jun-27;16,00;12.87;29,06;0,24;;10
04/09/26;SANTANDER;CALL;Sep-27;9,00;12.87;38,78;0,87;;153
04/09/26;SANTANDER;CALL;Sep-27;10,00;12.87;36,92;0,81;;2
04/09/26;SANTANDER;CALL;Sep-27;12,00;12.87;33,19;0,65;;2
04/09/26;SANTANDER;CALL;Dic-27;2,30;12.87;50,20;1,00;;22
04/09/26;SANTANDER;CALL;Dic-27;4,20;12.87;46,90;1,00;;7.000
04/09/26;SANTANDER;CALL;Dic-27;4,90;12.87;45,69;1,00;;4
04/09/26;SANTANDER;CALL;Dic-27;5,00;12.87;45,52;1,00;;2
04/09/26;SANTANDER;CALL;Dic-27;5,25;12.87;45,08;1,00;;3
04/09/26;SANTANDER;CALL;Dic-27;5,50;12.87;44,65;0,99;;5
04/09/26;SANTANDER;CALL;Dic-27;7,00;12.87;42,04;0,95;;2.545
04/09/26;SANTANDER;CALL;Dic-27;7,50;12.87;41,18;0,93;;4
04/09/26;SANTANDER;CALL;Dic-27;8,00;12.87;40,31;0,91;;10
04/09/26;SANTANDER;CALL;Dic-27;8,50;12.87;39,44;0,89;;2
04/09/26;SANTANDER;CALL;Dic-27;9,00;12.87;38,57;0,86;;152
04/09/26;SANTANDER;CALL;Dic-27;9,25;12.87;38,14;0,85;;25
04/09/26;SANTANDER;CALL;Dic-27;10,00;12.87;36,84;0,80;;20
04/09/26;SANTANDER;CALL;Dic-27;10,50;12.87;35,97;0,77;;1
04/09/26;SANTANDER;CALL;Dic-27;11,00;12.87;35,10;0,74;;5.000
04/09/26;SANTANDER;CALL;Dic-27;11,50;12.87;34,23;0,70;;150
04/09/26;SANTANDER;CALL;Dic-27;12,00;12.87;33,37;0,66;;6
04/09/26;SANTANDER;CALL;Dic-27;14,00;12.87;31,13;0,48;;52.500
04/09/26;SANTANDER;CALL;Dic-27;15,00;12.87;30,48;0,40;;25.000
04/09/26;SANTANDER;CALL;Dic-27;15,50;12.87;30,16;0,36;;2
04/09/26;SANTANDER;CALL;Mar-28;8,75;12.87;38,56;0,86;;1
04/09/26;SANTANDER;CALL;Mar-28;9,00;12.87;38,16;0,85;;450
04/09/26;SANTANDER;CALL;Mar-28;9,25;12.87;37,76;0,84;;300
04/09/26;SANTANDER;CALL;Mar-28;9,50;12.87;37,36;0,82;;50
04/09/26;SANTANDER;CALL;Mar-28;9,75;12.87;36,96;0,81;;250
04/09/26;SANTANDER;CALL;Mar-28;10,00;12.87;36,56;0,79;;126
04/09/26;SANTANDER;CALL;Mar-28;12,00;12.87;33,34;0,65;;150
04/09/26;SANTANDER;CALL;Mar-28;12,50;12.87;32,54;0,62;;1
04/09/26;SANTANDER;CALL;Mar-28;13,50;12.87;31,56;0,54;;150
04/09/26;SANTANDER;CALL;Mar-28;14,00;12.87;31,25;0,50;;10.000
04/09/26;SANTANDER;CALL;Jun-28;6,00;12.87;42,49;0,97;;3
04/09/26;SANTANDER;CALL;Jun-28;7,75;12.87;39,91;0,91;;4
04/09/26;SANTANDER;CALL;Jun-28;9,50;12.87;37,32;0,82;;5
04/09/26;SANTANDER;CALL;Jun-28;10,00;12.87;36,58;0,79;;150
04/09/26;SANTANDER;CALL;Jun-28;12,50;12.87;32,89;0,62;;3
04/09/26;SANTANDER;CALL;Jun-28;15,50;12.87;30,78;0,40;;3.500
04/09/26;SANTANDER;CALL;Sep-28;13,00;12.87;32,53;0,59;;3
04/09/26;SANTANDER;CALL;Sep-28;15,50;12.87;31,17;0,43;;15
04/09/26;SANTANDER;CALL;Dic-28;8,50;12.87;38,59;0,86;;3.003
04/09/26;SANTANDER;CALL;Dic-28;9,00;12.87;37,94;0,83;;4
04/09/26;SANTANDER;CALL;Dic-28;12,00;12.87;34,05;0,66;;5.000
04/09/26;SANTANDER;CALL;Dic-28;12,50;12.87;33,41;0,63;;1
04/09/26;SANTANDER;PUT;Sep-26;4,00;12.87;59,38;;;2
04/09/26;SANTANDER;PUT;Sep-26;6,00;12.87;52,13;;;32.505
04/09/26;SANTANDER;PUT;Sep-26;6,75;12.87;49,41;;;103
04/09/26;SANTANDER;PUT;Sep-26;7,00;12.87;48,50;;;14.621
04/09/26;SANTANDER;PUT;Sep-26;7,50;12.87;46,69;;;160
04/09/26;SANTANDER;PUT;Sep-26;7,75;12.87;45,78;;;10.010
04/09/26;SANTANDER;PUT;Sep-26;8,00;12.87;44,87;;;10.209
04/09/26;SANTANDER;PUT;Sep-26;8,25;12.87;43,97;;;93
04/09/26;SANTANDER;PUT;Sep-26;8,50;12.87;43,06;;;5.001
04/09/26;SANTANDER;PUT;Sep-26;8,75;12.87;42,15;;;55
04/09/26;SANTANDER;PUT;Sep-26;9,00;12.87;41,25;;;133
04/09/26;SANTANDER;PUT;Sep-26;9,25;12.87;40,34;;;4.041
04/09/26;SANTANDER;PUT;Sep-26;9,50;12.87;39,43;;;690
04/09/26;SANTANDER;PUT;Sep-26;9,75;12.87;38,53;;;140
04/09/26;SANTANDER;PUT;Sep-26;10,00;12.87;37,62;;;13
04/09/26;SANTANDER;PUT;Sep-26;10,50;12.87;35,81;;;2.225
04/09/26;SANTANDER;PUT;Sep-26;11,00;12.87;33,99;-0,01;;129
04/09/26;SANTANDER;PUT;Sep-26;11,50;12.87;32,18;-0,03;251;25.377
04/09/26;SANTANDER;PUT;Sep-26;12,00;12.87;30,37;-0,11;;921
04/09/26;SANTANDER;PUT;Sep-26;12,25;12.87;29,46;-0,18;;3
04/09/26;SANTANDER;PUT;Sep-26;12,50;12.87;28,55;-0,29;;333
04/09/26;SANTANDER;PUT;Sep-26;12,75;12.87;27,65;-0,42;;2
04/09/26;SANTANDER;PUT;Sep-26;13,00;12.87;27,11;-0,56;;17
04/09/26;SANTANDER;PUT;Oct-26;10,00;12.87;37,03;-0,02;;4
04/09/26;SANTANDER;PUT;Oct-26;11,00;12.87;33,71;-0,07;;186
04/09/26;SANTANDER;PUT;Oct-26;11,50;12.87;32,06;-0,13;;694
04/09/26;SANTANDER;PUT;Oct-26;12,00;12.87;30,40;-0,23;;284
04/09/26;SANTANDER;PUT;Oct-26;12,50;12.87;28,74;-0,36;;23
04/09/26;SANTANDER;PUT;Oct-26;13,00;12.87;27,40;-0,52;;28
04/09/26;SANTANDER;PUT;Nov-26;11,00;12.87;33,88;-0,15;;2
04/09/26;SANTANDER;PUT;Nov-26;11,50;12.87;32,26;-0,22;;1
04/09/26;SANTANDER;PUT;Nov-26;12,00;12.87;30,64;-0,30;;26
04/09/26;SANTANDER;PUT;Nov-26;12,50;12.87;29,02;-0,41;;1
04/09/26;SANTANDER;PUT;Dic-26;2,50;12.87;61,16;;;40
04/09/26;SANTANDER;PUT;Dic-26;2,80;12.87;60,21;;;60.000
04/09/26;SANTANDER;PUT;Dic-26;3,20;12.87;58,93;;;10
04/09/26;SANTANDER;PUT;Dic-26;3,40;12.87;58,30;;;2
04/09/26;SANTANDER;PUT;Dic-26;3,50;12.87;57,98;;;5
04/09/26;SANTANDER;PUT;Dic-26;3,60;12.87;57,66;;;50.002
04/09/26;SANTANDER;PUT;Dic-26;4,00;12.87;56,39;;;25.007
04/09/26;SANTANDER;PUT;Dic-26;4,20;12.87;55,75;;;25
04/09/26;SANTANDER;PUT;Dic-26;4,30;12.87;55,43;;;15.000
04/09/26;SANTANDER;PUT;Dic-26;4,40;12.87;55,11;;;10.000
04/09/26;SANTANDER;PUT;Dic-26;4,60;12.87;54,47;;;80
04/09/26;SANTANDER;PUT;Dic-26;4,70;12.87;54,15;;;5
04/09/26;SANTANDER;PUT;Dic-26;4,80;12.87;53,84;;;15.000
04/09/26;SANTANDER;PUT;Dic-26;4,90;12.87;53,52;;;150
04/09/26;SANTANDER;PUT;Dic-26;5,00;12.87;53,20;;;20.400
04/09/26;SANTANDER;PUT;Dic-26;5,25;12.87;52,40;;;600
04/09/26;SANTANDER;PUT;Dic-26;6,00;12.87;50,01;;;5.019
04/09/26;SANTANDER;PUT;Dic-26;6,25;12.87;49,22;;;5
04/09/26;SANTANDER;PUT;Dic-26;6,50;12.87;48,42;;;155
04/09/26;SANTANDER;PUT;Dic-26;6,75;12.87;47,62;;;156
04/09/26;SANTANDER;PUT;Dic-26;7,00;12.87;46,83;-0,01;;10.171
04/09/26;SANTANDER;PUT;Dic-26;7,25;12.87;46,03;-0,01;;50
04/09/26;SANTANDER;PUT;Dic-26;7,50;12.87;45,23;-0,01;;18
04/09/26;SANTANDER;PUT;Dic-26;7,75;12.87;44,44;-0,01;;51
04/09/26;SANTANDER;PUT;Dic-26;8,00;12.87;43,64;-0,02;;34.888
04/09/26;SANTANDER;PUT;Dic-26;8,25;12.87;42,84;-0,02;;611
04/09/26;SANTANDER;PUT;Dic-26;8,50;12.87;42,05;-0,03;;15.882
04/09/26;SANTANDER;PUT;Dic-26;8,75;12.87;41,25;-0,03;;856
04/09/26;SANTANDER;PUT;Dic-26;9,00;12.87;40,45;-0,04;;5.090
04/09/26;SANTANDER;PUT;Dic-26;9,25;12.87;39,66;-0,05;;999
04/09/26;SANTANDER;PUT;Dic-26;9,50;12.87;38,86;-0,06;;34
04/09/26;SANTANDER;PUT;Dic-26;9,75;12.87;38,06;-0,08;;20
04/09/26;SANTANDER;PUT;Dic-26;10,00;12.87;37,27;-0,09;;90.011
04/09/26;SANTANDER;PUT;Dic-26;10,50;12.87;35,67;-0,13;;15.226
04/09/26;SANTANDER;PUT;Dic-26;11,00;12.87;34,08;-0,18;10;1.170
04/09/26;SANTANDER;PUT;Dic-26;11,50;12.87;32,49;-0,24;;81
04/09/26;SANTANDER;PUT;Dic-26;12,00;12.87;30,90;-0,32;10;246
04/09/26;SANTANDER;PUT;Dic-26;12,50;12.87;29,30;-0,41;2;186
04/09/26;SANTANDER;PUT;Dic-26;13,00;12.87;28,01;-0,51;;18
04/09/26;SANTANDER;PUT;Dic-26;13,50;12.87;27,57;-0,62;;100
04/09/26;SANTANDER;PUT;Dic-26;14,00;12.87;27,13;-0,71;;112
04/09/26;SANTANDER;PUT;Dic-26;16,00;12.87;25,37;-0,95;;1
04/09/26;SANTANDER;PUT;Mar-27;5,25;12.87;50,08;;;470
04/09/26;SANTANDER;PUT;Mar-27;5,50;12.87;49,37;-0,01;;150
04/09/26;SANTANDER;PUT;Mar-27;6,00;12.87;47,96;-0,01;;150
04/09/26;SANTANDER;PUT;Mar-27;6,75;12.87;45,84;-0,02;;371
04/09/26;SANTANDER;PUT;Mar-27;7,00;12.87;45,14;-0,02;;1
04/09/26;SANTANDER;PUT;Mar-27;7,25;12.87;44,43;-0,03;;16.000
04/09/26;SANTANDER;PUT;Mar-27;8,00;12.87;42,32;-0,05;;100
04/09/26;SANTANDER;PUT;Mar-27;8,25;12.87;41,61;-0,05;;5.400
04/09/26;SANTANDER;PUT;Mar-27;8,50;12.87;40,90;-0,06;;100
04/09/26;SANTANDER;PUT;Mar-27;8,75;12.87;40,20;-0,07;;5
04/09/26;SANTANDER;PUT;Mar-27;9,00;12.87;39,49;-0,08;;40
04/09/26;SANTANDER;PUT;Mar-27;9,25;12.87;38,79;-0,10;;3
04/09/26;SANTANDER;PUT;Mar-27;9,50;12.87;38,08;-0,11;;52.500
04/09/26;SANTANDER;PUT;Mar-27;9,75;12.87;37,37;-0,13;;6.700
04/09/26;SANTANDER;PUT;Mar-27;10,00;12.87;36,67;-0,14;;25
04/09/26;SANTANDER;PUT;Mar-27;10,50;12.87;35,26;-0,18;;30
04/09/26;SANTANDER;PUT;Mar-27;11,00;12.87;33,84;-0,22;;9.547
04/09/26;SANTANDER;PUT;Mar-27;11,50;12.87;32,43;-0,28;;90
04/09/26;SANTANDER;PUT;Mar-27;12,00;12.87;31,02;-0,34;;457
04/09/26;SANTANDER;PUT;Mar-27;12,50;12.87;29,61;-0,41;;21
04/09/26;SANTANDER;PUT;Mar-27;13,00;12.87;28,47;-0,48;;14.500
04/09/26;SANTANDER;PUT;Mar-27;14,50;12.87;27,30;-0,70;;1
04/09/26;SANTANDER;PUT;Jun-27;3,00;12.87;51,78;;;15.000
04/09/26;SANTANDER;PUT;Jun-27;4,00;12.87;49,58;;;1
04/09/26;SANTANDER;PUT;Jun-27;5,50;12.87;46,27;-0,01;;42
04/09/26;SANTANDER;PUT;Jun-27;6,00;12.87;45,17;-0,02;;20.100
04/09/26;SANTANDER;PUT;Jun-27;7,00;12.87;42,97;-0,04;;5.155
04/09/26;SANTANDER;PUT;Jun-27;7,25;12.87;42,42;-0,04;;150
04/09/26;SANTANDER;PUT;Jun-27;7,50;12.87;41,87;-0,05;;813
04/09/26;SANTANDER;PUT;Jun-27;7,75;12.87;41,32;-0,06;;150
04/09/26;SANTANDER;PUT;Jun-27;8,00;12.87;40,77;-0,07;;6.000
04/09/26;SANTANDER;PUT;Jun-27;8,50;12.87;39,67;-0,09;;5.000
04/09/26;SANTANDER;PUT;Jun-27;8,75;12.87;39,12;-0,10;;10
04/09/26;SANTANDER;PUT;Jun-27;9,00;12.87;38,57;-0,11;;16.005
04/09/26;SANTANDER;PUT;Jun-27;9,50;12.87;37,47;-0,14;;5
04/09/26;SANTANDER;PUT;Jun-27;10,00;12.87;36,36;-0,18;;10.005
04/09/26;SANTANDER;PUT;Jun-27;10,50;12.87;35,26;-0,21;4.000;9.104
04/09/26;SANTANDER;PUT;Jun-27;11,50;12.87;33,06;-0,30;;5.260
04/09/26;SANTANDER;PUT;Jun-27;12,00;12.87;31,96;-0,35;;5.025
04/09/26;SANTANDER;PUT;Jun-27;12,50;12.87;30,86;-0,41;;366
04/09/26;SANTANDER;PUT;Jun-27;13,00;12.87;29,96;-0,47;;14
04/09/26;SANTANDER;PUT;Sep-27;8,00;12.87;39,61;-0,08;;315
04/09/26;SANTANDER;PUT;Sep-27;9,50;12.87;36,81;-0,16;;263
04/09/26;SANTANDER;PUT;Sep-27;9,75;12.87;36,35;-0,17;;25
04/09/26;SANTANDER;PUT;Sep-27;10,00;12.87;35,88;-0,19;;5
04/09/26;SANTANDER;PUT;Sep-27;12,00;12.87;32,15;-0,35;;2
04/09/26;SANTANDER;PUT;Sep-27;13,00;12.87;30,44;-0,45;;3
04/09/26;SANTANDER;PUT;Dic-27;3,30;12.87;47,06;;;10
04/09/26;SANTANDER;PUT;Dic-27;3,50;12.87;46,71;;;10.040
04/09/26;SANTANDER;PUT;Dic-27;3,90;12.87;46,01;-0,01;;10
04/09/26;SANTANDER;PUT;Dic-27;4,00;12.87;45,84;-0,01;;42
04/09/26;SANTANDER;PUT;Dic-27;4,20;12.87;45,49;-0,01;;7.000
04/09/26;SANTANDER;PUT;Dic-27;4,40;12.87;45,15;-0,01;;51.025
04/09/26;SANTANDER;PUT;Dic-27;4,70;12.87;44,63;-0,01;;10
04/09/26;SANTANDER;PUT;Dic-27;5,25;12.87;43,67;-0,02;;11.500
04/09/26;SANTANDER;PUT;Dic-27;5,50;12.87;43,24;-0,02;;1
04/09/26;SANTANDER;PUT;Dic-27;5,75;12.87;42,80;-0,03;;50.000
04/09/26;SANTANDER;PUT;Dic-27;6,00;12.87;42,37;-0,03;;5.150
04/09/26;SANTANDER;PUT;Dic-27;6,25;12.87;41,94;-0,04;;150
04/09/26;SANTANDER;PUT;Dic-27;6,50;12.87;41,50;-0,05;;151
04/09/26;SANTANDER;PUT;Dic-27;6,75;12.87;41,07;-0,05;;150
04/09/26;SANTANDER;PUT;Dic-27;7,00;12.87;40,63;-0,06;;10.500
04/09/26;SANTANDER;PUT;Dic-27;7,25;12.87;40,20;-0,07;;325
04/09/26;SANTANDER;PUT;Dic-27;7,50;12.87;39,77;-0,08;;300
04/09/26;SANTANDER;PUT;Dic-27;7,75;12.87;39,33;-0,09;;5.000
04/09/26;SANTANDER;PUT;Dic-27;8,00;12.87;38,90;-0,10;;75
04/09/26;SANTANDER;PUT;Dic-27;8,50;12.87;38,03;-0,12;;10.003
04/09/26;SANTANDER;PUT;Dic-27;8,75;12.87;37,60;-0,13;;23
04/09/26;SANTANDER;PUT;Dic-27;9,00;12.87;37,16;-0,15;;4.000
04/09/26;SANTANDER;PUT;Dic-27;9,75;12.87;35,86;-0,19;;25.000
04/09/26;SANTANDER;PUT;Dic-27;10,00;12.87;35,43;-0,21;;40.176
04/09/26;SANTANDER;PUT;Dic-27;10,50;12.87;34,56;-0,24;;4.745
04/09/26;SANTANDER;PUT;Dic-27;11,00;12.87;33,69;-0,28;;30.002
04/09/26;SANTANDER;PUT;Dic-27;11,50;12.87;32,82;-0,32;;25
04/09/26;SANTANDER;PUT;Dic-27;12,00;12.87;31,96;-0,36;;302
04/09/26;SANTANDER;PUT;Dic-27;12,50;12.87;31,09;-0,40;;25
04/09/26;SANTANDER;PUT;Mar-28;9,00;12.87;36,18;-0,15;;3.150
04/09/26;SANTANDER;PUT;Mar-28;9,25;12.87;35,78;-0,17;;150
04/09/26;SANTANDER;PUT;Mar-28;9,75;12.87;34,98;-0,20;;5
04/09/26;SANTANDER;PUT;Mar-28;10,00;12.87;34,58;-0,21;;150
04/09/26;SANTANDER;PUT;Mar-28;10,50;12.87;33,77;-0,24;;387
04/09/26;SANTANDER;PUT;Mar-28;11,00;12.87;32,97;-0,28;;20.175
04/09/26;SANTANDER;PUT;Mar-28;12,00;12.87;31,36;-0,36;;150
04/09/26;SANTANDER;PUT;Mar-28;12,50;12.87;30,56;-0,40;;1
04/09/26;SANTANDER;PUT;Jun-28;5,00;12.87;41,46;-0,02;;10.000
04/09/26;SANTANDER;PUT;Jun-28;10,50;12.87;33,34;-0,25;;10.000
04/09/26;SANTANDER;PUT;Jun-28;11,00;12.87;32,60;-0,29;;381
04/09/26;SANTANDER;PUT;Jun-28;11,50;12.87;31,86;-0,32;;450
04/09/26;SANTANDER;PUT;Jun-28;12,00;12.87;31,12;-0,36;;602
04/09/26;SANTANDER;PUT;Jun-28;12,50;12.87;30,38;-0,40;;3.500
04/09/26;SANTANDER;PUT;Dic-28;4,20;12.87;40,68;-0,02;;10.000
04/09/26;SANTANDER;PUT;Dic-28;6,00;12.87;38,35;-0,06;;12.500
04/09/26;SANTANDER;PUT;Dic-28;8,00;12.87;35,76;-0,13;;15.500
04/09/26;SANTANDER;PUT;Dic-28;8,50;12.87;35,11;-0,15;;3.000
04/09/26;SANTANDER;PUT;Dic-28;9,00;12.87;34,46;-0,18;;5.000
04/09/26;SANTANDER;PUT;Dic-28;10,00;12.87;33,16;-0,23;;12.000
04/09/26;SANTANDER;PUT;Dic-29;3,90;12.87;38,85;-0,02;;3.250
04/09/26;SANTANDER;PUT;Dic-29;5,50;12.87;37,11;-0,06;;25.000
04/09/26;SANTANDER;PUT;Dic-29;8,00;12.87;34,39;-0,15;;11.000
04/09/26;SANTANDER;PUT;Dic-29;10,50;12.87;31,67;-0,27;;100
04/09/26;SANTANDER;PUT;Dic-30;6,00;12.87;35,66;-0,08;;10.000
04/09/26;SANTANDER;PUT;Dic-30;12,50;12.87;29,26;-0,38;;58
04/09/26;SANTANDER;PUT;Dic-30;13,00;12.87;28,85;-0,40;;185
04/09/26;SANTANDER;CALL;Sep-26;9,00;12.87;38,15;1,00;;10
04/09/26;SANTANDER;CALL;Sep-26;10,50;12.87;32,71;1,00;;40
04/09/26;SANTANDER;CALL;Sep-26;11,00;12.87;30,89;0,99;;40
04/09/26;SANTANDER;CALL;Sep-26;11,00;12.87;30,89;0,99;;10
04/09/26;SANTANDER;CALL;Sep-26;11,50;12.87;29,08;0,98;;10
04/09/26;SANTANDER;CALL;Sep-26;11,50;12.87;29,08;0,98;;60
04/09/26;SANTANDER;CALL;Sep-26;12,00;12.87;27,27;0,91;;4.030
04/09/26;SANTANDER;CALL;Sep-26;12,00;12.87;27,27;0,91;;20
04/09/26;SANTANDER;CALL;Sep-26;12,50;12.87;25,45;0,73;;80
04/09/26;SANTANDER;CALL;Sep-26;12,50;12.87;25,45;0,73;;20
04/09/26;SANTANDER;CALL;Sep-26;12,75;12.87;24,55;0,59;;20
04/09/26;SANTANDER;CALL;Sep-26;13,00;12.87;24,01;0,43;;10
04/09/26;SANTANDER;CALL;Sep-26;13,00;12.87;24,01;0,43;;4.510
04/09/26;SANTANDER;CALL;Sep-26;13,50;12.87;23,61;0,16;;9.000
04/09/26;SANTANDER;CALL;Sep-26;13,50;12.87;23,61;0,16;;50
04/09/26;SANTANDER;CALL;Oct-26;11,00;12.87;33,07;0,93;;40
04/09/26;SANTANDER;CALL;Oct-26;12,00;12.87;29,76;0,78;;32
04/09/26;SANTANDER;CALL;Oct-26;12,50;12.87;28,10;0,65;;10
04/09/26;SANTANDER;CALL;Oct-26;13,00;12.87;26,76;0,48;;50
04/09/26;SANTANDER;CALL;Oct-26;14,00;12.87;25,88;0,19;;38.947
04/09/26;SANTANDER;CALL;Nov-26;10,50;12.87;35,86;0,89;1;1
04/09/26;SANTANDER;CALL;Nov-26;11,00;12.87;34,24;0,84;1;1
04/09/26;SANTANDER;CALL;Nov-26;13,00;12.87;28,07;0,47;10;10
04/09/26;SANTANDER;CALL;Nov-26;13,50;12.87;27,63;0,36;;10
04/09/26;SANTANDER;CALL;Dic-26;6,50;12.87;49,58;0,99;;36
04/09/26;SANTANDER;CALL;Dic-26;8,00;12.87;44,80;0,97;;2
04/09/26;SANTANDER;CALL;Dic-26;8,50;12.87;43,21;0,96;;2
04/09/26;SANTANDER;CALL;Dic-26;8,75;12.87;42,41;0,96;;25
04/09/26;SANTANDER;CALL;Dic-26;9,00;12.87;41,61;0,95;;10
04/09/26;SANTANDER;CALL;Dic-26;10,00;12.87;38,43;0,90;;10
04/09/26;SANTANDER;CALL;Dic-26;10,50;12.87;36,83;0,86;;12
04/09/26;SANTANDER;CALL;Dic-26;12,00;12.87;32,06;0,68;;20
04/09/26;SANTANDER;CALL;Dic-26;12,50;12.87;30,46;0,59;;2
04/09/26;SANTANDER;CALL;Dic-26;13,50;12.87;28,73;0,40;;2
04/09/26;SANTANDER;CALL;Dic-26;14,00;12.87;28,29;0,31;;365
04/09/26;SANTANDER;CALL;Mar-27;4,00;12.87;55,38;0,99;;30
04/09/26;SANTANDER;CALL;Mar-27;5,00;12.87;52,56;0,98;;20
04/09/26;SANTANDER;CALL;Mar-27;10,00;12.87;38,44;0,84;;1
04/09/26;SANTANDER;CALL;Mar-27;12,50;12.87;31,38;0,59;;1
04/09/26;SANTANDER;CALL;Sep-27;11,00;12.87;35,05;0,72;;1
04/09/26;SANTANDER;CALL;Dic-27;10,00;12.87;36,84;0,76;;1
04/09/26;SANTANDER;CALL;Dic-27;14,00;12.87;31,13;0,46;;4
04/09/26;SANTANDER;CALL;Dic-28;6,00;12.87;41,83;0,88;;51
04/09/26;SANTANDER;CALL;Dic-28;7,00;12.87;40,53;0,84;;2
04/09/26;SANTANDER;PUT;Sep-26;6,25;12.87;51,22;;;1.700
04/09/26;SANTANDER;PUT;Sep-26;7,50;12.87;46,69;;;900
04/09/26;SANTANDER;PUT;Sep-26;8,25;12.87;43,97;;;50
04/09/26;SANTANDER;PUT;Sep-26;9,50;12.87;39,43;;;10
04/09/26;SANTANDER;PUT;Sep-26;10,50;12.87;35,81;;;30.010
04/09/26;SANTANDER;PUT;Sep-26;11,00;12.87;33,99;-0,01;;1
04/09/26;SANTANDER;PUT;Sep-26;11,50;12.87;32,18;-0,03;;11
04/09/26;SANTANDER;PUT;Sep-26;11,50;12.87;32,18;-0,03;;20
04/09/26;SANTANDER;PUT;Sep-26;12,00;12.87;30,37;-0,11;;20
04/09/26;SANTANDER;PUT;Sep-26;12,00;12.87;30,37;-0,11;;76
04/09/26;SANTANDER;PUT;Sep-26;12,50;12.87;28,55;-0,29;;200
04/09/26;SANTANDER;PUT;Sep-26;12,50;12.87;28,55;-0,29;;50
04/09/26;SANTANDER;PUT;Sep-26;12,75;12.87;27,65;-0,42;20;20
04/09/26;SANTANDER;PUT;Sep-26;13,00;12.87;27,11;-0,56;;20
04/09/26;SANTANDER;PUT;Sep-26;13,00;12.87;27,11;-0,56;;131
04/09/26;SANTANDER;PUT;Sep-26;13,50;12.87;26,71;-0,81;;20
04/09/26;SANTANDER;PUT;Sep-26;14,00;12.87;26,31;-0,94;;20
04/09/26;SANTANDER;PUT;Oct-26;11,00;12.87;33,71;-0,07;;2
04/09/26;SANTANDER;PUT;Oct-26;11,50;12.87;32,06;-0,13;;1
04/09/26;SANTANDER;PUT;Oct-26;11,50;12.87;32,06;-0,13;;10
04/09/26;SANTANDER;PUT;Oct-26;12,00;12.87;30,40;-0,23;;32
04/09/26;SANTANDER;PUT;Oct-26;12,50;12.87;28,74;-0,35;;12
04/09/26;SANTANDER;PUT;Oct-26;12,50;12.87;28,74;-0,35;;20
04/09/26;SANTANDER;PUT;Oct-26;13,00;12.87;27,40;-0,51;;50
04/09/26;SANTANDER;PUT;Oct-26;14,50;12.87;26,08;-0,89;;15
04/09/26;SANTANDER;PUT;Nov-26;12,00;12.87;30,64;-0,30;;10
04/09/26;SANTANDER;PUT;Dic-26;6,75;12.87;47,62;;;2.800
04/09/26;SANTANDER;PUT;Dic-26;9,00;12.87;40,45;-0,04;;10
04/09/26;SANTANDER;PUT;Dic-26;9,75;12.87;38,06;-0,08;;26
04/09/26;SANTANDER;PUT;Dic-26;10,00;12.87;37,27;-0,09;;25
04/09/26;SANTANDER;PUT;Dic-26;10,50;12.87;35,67;-0,13;;4
04/09/26;SANTANDER;PUT;Dic-26;11,00;12.87;34,08;-0,18;;20
04/09/26;SANTANDER;PUT;Dic-26;11,00;12.87;34,08;-0,18;;10
04/09/26;SANTANDER;PUT;Dic-26;11,50;12.87;32,49;-0,24;;2
04/09/26;SANTANDER;PUT;Dic-26;12,00;12.87;30,90;-0,31;;26
04/09/26;SANTANDER;PUT;Dic-26;12,50;12.87;29,30;-0,40;;1
04/09/26;SANTANDER;PUT;Dic-26;13,00;12.87;28,01;-0,50;;1
04/09/26;SANTANDER;PUT;Mar-27;9,00;12.87;39,49;-0,08;;2
04/09/26;SANTANDER;PUT;Mar-27;12,50;12.87;29,61;-0,39;;1
04/09/26;SANTANDER;PUT;Jun-27;11,50;12.87;33,06;-0,29;;1
04/09/26;SANTANDER;PUT;Dic-29;10,50;12.87;31,67;-0,24;;60
04/09/26;SOLARIA;CALL;Sep-26;18,00;16.82;45,82;0,24;;25
04/09/26;SOLARIA;CALL;Nov-26;16,00;16.82;50,00;0,64;;3
04/09/26;SOLARIA;CALL;Dic-26;18,00;16.82;47,27;0,46;;9
04/09/26;SOLARIA;CALL;Jun-27;16,50;16.82;44,79;0,62;;4
04/09/26;SOLARIA;PUT;Sep-26;16,00;16.82;48,68;-0,28;;1.373
04/09/26;SOLARIA;PUT;Sep-26;16,50;16.82;47,65;-0,40;3;3
04/09/26;SOLARIA;PUT;Sep-26;17,00;16.82;46,75;-0,52;;2
04/09/26;SOLARIA;PUT;Oct-26;15,00;16.82;51,79;-0,23;;4.000
04/09/26;SOLARIA;PUT;Nov-26;14,50;16.82;53,02;-0,23;;5
04/09/26;SOLARIA;PUT;Dic-26;14,50;16.82;52,11;-0,24;;3
04/09/26;SOLARIA;PUT;Dic-26;18,00;16.82;47,18;-0,55;;5
04/09/26;SOLARIA;PUT;Dic-26;22,00;16.82;45,75;-0,84;;25
04/09/26;SOLARIA;PUT;Dic-26;23,00;16.82;45,40;-0,89;;20
04/09/26;SOLARIA;PUT;Dic-26;25,00;16.82;44,68;-0,96;;20
04/09/26;TECNICAS REUNIDAS;CALL;Sep-26;29,32;25.2;42,80;0,04;;1
04/09/26;TECNICAS REUNIDAS;CALL;Sep-26;30,24;25.2;42,43;0,02;;10
04/09/26;TECNICAS REUNIDAS;CALL;Sep-26;31,15;25.2;42,07;0,01;;3
04/09/26;TECNICAS REUNIDAS;CALL;Sep-26;32,07;25.2;41,70;;;5
04/09/26;TECNICAS REUNIDAS;CALL;Sep-26;32,99;25.2;41,34;;;13
04/09/26;TECNICAS REUNIDAS;CALL;Sep-26;33,90;25.2;40,98;;;6
04/09/26;TECNICAS REUNIDAS;CALL;Sep-26;34,82;25.2;40,61;;;135
04/09/26;TECNICAS REUNIDAS;CALL;Sep-26;36,65;25.2;39,89;;;5
04/09/26;TECNICAS REUNIDAS;CALL;Oct-26;30,24;25.2;44,40;0,13;;3
04/09/26;TECNICAS REUNIDAS;CALL;Oct-26;34,82;25.2;42,40;0,01;;2
04/09/26;TECNICAS REUNIDAS;CALL;Oct-26;36,65;25.2;41,60;;;5
04/09/26;TECNICAS REUNIDAS;CALL;Nov-26;30,24;25.2;44,97;0,21;;3
04/09/26;TECNICAS REUNIDAS;CALL;Nov-26;33,90;25.2;43,37;0,07;;5
04/09/26;TECNICAS REUNIDAS;CALL;Nov-26;35,74;25.2;42,57;0,04;;5
04/09/26;TECNICAS REUNIDAS;CALL;Dic-26;27,49;25.2;49,29;0,41;;10
04/09/26;TECNICAS REUNIDAS;CALL;Dic-26;41,23;25.2;44,02;0,02;;5
04/09/26;TECNICAS REUNIDAS;CALL;Mar-27;37,00;25.2;47,88;0,17;;1
04/09/26;TECNICAS REUNIDAS;CALL;Jun-27;29,00;25.2;46,86;0,44;;12
04/09/26;TECNICAS REUNIDAS;PUT;Sep-26;18,33;25.2;52,81;;;5
04/09/26;TECNICAS REUNIDAS;PUT;Sep-26;19,24;25.2;51,14;;;5
04/09/26;TECNICAS REUNIDAS;PUT;Sep-26;22,91;25.2;44,39;-0,13;;5
04/09/26;TECNICAS REUNIDAS;PUT;Sep-26;24,74;25.2;41,03;-0,39;;1
04/09/26;TECNICAS REUNIDAS;PUT;Sep-26;25,66;25.2;40,00;-0,57;;10
04/09/26;TECNICAS REUNIDAS;PUT;Sep-26;27,49;25.2;39,27;-0,86;;9
04/09/26;TECNICAS REUNIDAS;PUT;Oct-26;20,16;25.2;49,63;-0,08;;5
04/09/26;TECNICAS REUNIDAS;PUT;Oct-26;24,74;25.2;41,33;-0,41;;1
04/09/26;TECNICAS REUNIDAS;PUT;Nov-26;19,24;25.2;51,32;-0,13;;3
04/09/26;TECNICAS REUNIDAS;PUT;Nov-26;25,66;25.2;40,32;-0,56;;1
04/09/26;TECNICAS REUNIDAS;PUT;Dic-26;18,33;25.2;51,75;-0,12;;2
04/09/26;TECNICAS REUNIDAS;PUT;Dic-26;20,16;25.2;48,68;-0,19;;2
04/09/26;TECNICAS REUNIDAS;PUT;Dic-26;21,07;25.2;47,15;-0,23;;5
04/09/26;TECNICAS REUNIDAS;PUT;Dic-26;26,57;25.2;39,68;-0,60;;9
04/09/26;TECNICAS REUNIDAS;PUT;Dic-26;27,49;25.2;39,33;-0,67;;10
04/09/26;TECNICAS REUNIDAS;PUT;Mar-27;16,00;25.2;53,45;-0,10;;1
04/09/26;TECNICAS REUNIDAS;PUT;Mar-27;30,00;25.2;39,96;-0,70;;5
04/09/26;TECNICAS REUNIDAS;PUT;Jun-27;18,00;25.2;47,97;-0,17;;3
04/09/26;TECNICAS REUNIDAS;PUT;Jun-27;32,00;25.2;39,15;-0,73;;2
04/09/26;TECNICAS REUNIDAS;PUT;Dic-26;26,00;25.2;39,90;-0,55;;5
04/09/26;TECNICAS REUNIDAS;PUT;Dic-26;27,00;25.2;39,52;-0,62;;5
04/09/26;TELEFONICA;CALL;Sep-26;2,20;3.68;32,40;1,00;;2
04/09/26;TELEFONICA;CALL;Sep-26;3,50;3.68;21,33;0,89;;14
04/09/26;TELEFONICA;CALL;Sep-26;3,60;3.68;20,48;0,72;;165
04/09/26;TELEFONICA;CALL;Sep-26;3,70;3.68;19,73;0,46;;126
04/09/26;TELEFONICA;CALL;Sep-26;3,80;3.68;19,45;0,21;;1.013
04/09/26;TELEFONICA;CALL;Sep-26;3,90;3.68;19,16;0,07;;25
04/09/26;TELEFONICA;CALL;Sep-26;4,00;3.68;18,87;0,01;;376
04/09/26;TELEFONICA;CALL;Sep-26;4,10;3.68;18,58;;;10.005
04/09/26;TELEFONICA;CALL;Sep-26;4,20;3.68;18,29;;;594
04/09/26;TELEFONICA;CALL;Sep-26;4,30;3.68;18,00;;;250
04/09/26;TELEFONICA;CALL;Sep-26;4,40;3.68;17,71;;;1.100
04/09/26;TELEFONICA;CALL;Sep-26;4,60;3.68;17,13;;;6
04/09/26;TELEFONICA;CALL;Oct-26;3,70;3.68;19,19;0,50;;38
04/09/26;TELEFONICA;CALL;Oct-26;3,80;3.68;18,91;0,34;;92
04/09/26;TELEFONICA;CALL;Oct-26;3,90;3.68;18,63;0,20;;2
04/09/26;TELEFONICA;CALL;Nov-26;3,70;3.68;20,46;0,52;;1
04/09/26;TELEFONICA;CALL;Nov-26;3,80;3.68;20,18;0,41;;14
04/09/26;TELEFONICA;CALL;Dic-26;2,90;3.68;26,71;0,96;;1
04/09/26;TELEFONICA;CALL;Dic-26;3,00;3.68;25,98;0,94;;10
04/09/26;TELEFONICA;CALL;Dic-26;3,30;3.68;23,81;0,84;;10
04/09/26;TELEFONICA;CALL;Dic-26;3,40;3.68;23,09;0,78;;65
04/09/26;TELEFONICA;CALL;Dic-26;3,50;3.68;22,36;0,70;1;196
04/09/26;TELEFONICA;CALL;Dic-26;3,60;3.68;21,64;0,62;53;86.509
04/09/26;TELEFONICA;CALL;Dic-26;3,70;3.68;21,00;0,53;;1.969
04/09/26;TELEFONICA;CALL;Dic-26;3,80;3.68;20,72;0,43;;330
04/09/26;TELEFONICA;CALL;Dic-26;3,90;3.68;20,44;0,34;;657
04/09/26;TELEFONICA;CALL;Dic-26;4,00;3.68;20,15;0,26;;120.750
04/09/26;TELEFONICA;CALL;Dic-26;4,10;3.68;19,87;0,19;;570
04/09/26;TELEFONICA;CALL;Dic-26;4,20;3.68;19,59;0,13;;1.214
04/09/26;TELEFONICA;CALL;Dic-26;4,30;3.68;19,31;0,08;;511
04/09/26;TELEFONICA;CALL;Dic-26;4,40;3.68;19,03;0,05;;14
04/09/26;TELEFONICA;CALL;Dic-26;4,50;3.68;18,75;0,03;;43.670
04/09/26;TELEFONICA;CALL;Dic-26;4,60;3.68;18,47;0,02;;35.000
04/09/26;TELEFONICA;CALL;Dic-26;4,70;3.68;18,19;0,01;;20.010
04/09/26;TELEFONICA;CALL;Dic-26;4,90;3.68;17,63;;;8.004
04/09/26;TELEFONICA;CALL;Dic-26;5,00;3.68;17,35;;;771
04/09/26;TELEFONICA;CALL;Dic-26;5,25;3.68;16,65;;;8
04/09/26;TELEFONICA;CALL;Dic-26;5,50;3.68;15,94;;;2
04/09/26;TELEFONICA;CALL;Mar-27;2,20;3.68;29,63;0,99;;1
04/09/26;TELEFONICA;CALL;Mar-27;3,10;3.68;24,99;0,86;;30
04/09/26;TELEFONICA;CALL;Mar-27;3,20;3.68;24,47;0,83;;10
04/09/26;TELEFONICA;CALL;Mar-27;3,40;3.68;23,44;0,73;;1
04/09/26;TELEFONICA;CALL;Mar-27;3,50;3.68;22,92;0,68;;2
04/09/26;TELEFONICA;CALL;Mar-27;3,60;3.68;22,41;0,62;;52
04/09/26;TELEFONICA;CALL;Mar-27;3,70;3.68;21,93;0,55;;423
04/09/26;TELEFONICA;CALL;Mar-27;3,80;3.68;21,65;0,49;;3
04/09/26;TELEFONICA;CALL;Mar-27;3,90;3.68;21,36;0,42;;5
04/09/26;TELEFONICA;CALL;Mar-27;4,00;3.68;21,07;0,36;;140
04/09/26;TELEFONICA;CALL;Mar-27;4,20;3.68;20,49;0,24;;70
04/09/26;TELEFONICA;CALL;Mar-27;4,30;3.68;20,20;0,19;;4
04/09/26;TELEFONICA;CALL;Mar-27;4,40;3.68;19,91;0,15;;5.000
04/09/26;TELEFONICA;CALL;Mar-27;4,60;3.68;19,33;0,08;;20.000
04/09/26;TELEFONICA;CALL;Mar-27;4,80;3.68;18,75;0,04;;25
04/09/26;TELEFONICA;CALL;Jun-27;2,00;3.68;29,62;1,00;;10
04/09/26;TELEFONICA;CALL;Jun-27;3,00;3.68;25,63;0,88;;5
04/09/26;TELEFONICA;CALL;Jun-27;3,50;3.68;23,64;0,68;;1
04/09/26;TELEFONICA;CALL;Jun-27;3,60;3.68;23,24;0,63;;100
04/09/26;TELEFONICA;CALL;Jun-27;3,80;3.68;22,63;0,52;;26
04/09/26;TELEFONICA;CALL;Jun-27;3,90;3.68;22,38;0,46;;14
04/09/26;TELEFONICA;CALL;Jun-27;4,00;3.68;22,14;0,41;;58
04/09/26;TELEFONICA;CALL;Jun-27;4,10;3.68;21,90;0,36;;4.028
04/09/26;TELEFONICA;CALL;Jun-27;4,20;3.68;21,65;0,30;;24.007
04/09/26;TELEFONICA;CALL;Jun-27;4,30;3.68;21,41;0,26;;100
04/09/26;TELEFONICA;CALL;Jun-27;4,40;3.68;21,16;0,21;;456
04/09/26;TELEFONICA;CALL;Jun-27;4,50;3.68;20,92;0,18;;6.700
04/09/26;TELEFONICA;CALL;Jun-27;4,70;3.68;20,43;0,12;;10
04/09/26;TELEFONICA;CALL;Jun-27;4,80;3.68;20,18;0,09;;150
04/09/26;TELEFONICA;CALL;Jun-27;4,90;3.68;19,94;0,07;;150
04/09/26;TELEFONICA;CALL;Jun-27;5,00;3.68;19,70;0,05;;150
04/09/26;TELEFONICA;CALL;Jun-27;5,50;3.68;18,47;0,01;;5
04/09/26;TELEFONICA;CALL;Jun-27;5,75;3.68;17,86;;;20
04/09/26;TELEFONICA;CALL;Sep-27;3,70;3.68;23,50;0,57;;31
04/09/26;TELEFONICA;CALL;Sep-27;3,80;3.68;23,26;0,52;;4
04/09/26;TELEFONICA;CALL;Sep-27;3,90;3.68;23,01;0,47;;150
04/09/26;TELEFONICA;CALL;Sep-27;4,60;3.68;21,30;0,17;;2
04/09/26;TELEFONICA;CALL;Sep-27;5,50;3.68;19,10;0,02;;22
04/09/26;TELEFONICA;CALL;Dic-27;2,30;3.68;28,46;0,98;;10
04/09/26;TELEFONICA;CALL;Dic-27;2,40;3.68;28,18;0,97;;10
04/09/26;TELEFONICA;CALL;Dic-27;2,50;3.68;27,90;0,96;;10
04/09/26;TELEFONICA;CALL;Dic-27;2,60;3.68;27,61;0,94;;10
04/09/26;TELEFONICA;CALL;Dic-27;2,70;3.68;27,33;0,92;;25
04/09/26;TELEFONICA;CALL;Dic-27;2,80;3.68;27,05;0,90;;15
04/09/26;TELEFONICA;CALL;Dic-27;2,90;3.68;26,77;0,87;;15
04/09/26;TELEFONICA;CALL;Dic-27;3,10;3.68;26,21;0,81;;8
04/09/26;TELEFONICA;CALL;Dic-27;3,20;3.68;25,93;0,77;;750
04/09/26;TELEFONICA;CALL;Dic-27;3,50;3.68;25,09;0,65;;140
04/09/26;TELEFONICA;CALL;Dic-27;3,60;3.68;24,81;0,61;;22
04/09/26;TELEFONICA;CALL;Dic-27;3,70;3.68;24,54;0,57;;11
04/09/26;TELEFONICA;CALL;Dic-27;3,80;3.68;24,33;0,52;;9.011
04/09/26;TELEFONICA;CALL;Dic-27;3,90;3.68;24,12;0,48;;1
04/09/26;TELEFONICA;CALL;Dic-27;4,00;3.68;23,92;0,44;;870
04/09/26;TELEFONICA;CALL;Dic-27;4,10;3.68;23,71;0,40;;102
04/09/26;TELEFONICA;CALL;Dic-27;4,20;3.68;23,50;0,36;;3
04/09/26;TELEFONICA;CALL;Dic-27;4,30;3.68;23,29;0,32;;36
04/09/26;TELEFONICA;CALL;Dic-27;4,40;3.68;23,08;0,29;;79
04/09/26;TELEFONICA;CALL;Dic-27;4,50;3.68;22,87;0,26;;139
04/09/26;TELEFONICA;CALL;Dic-27;4,60;3.68;22,67;0,23;;4.001
04/09/26;TELEFONICA;CALL;Dic-27;4,70;3.68;22,46;0,20;;30.150
04/09/26;TELEFONICA;CALL;Dic-27;5,00;3.68;21,83;0,13;;486
04/09/26;TELEFONICA;CALL;Dic-27;5,25;3.68;21,31;0,08;;167
04/09/26;TELEFONICA;CALL;Dic-27;5,50;3.68;20,79;0,05;;25
04/09/26;TELEFONICA;CALL;Dic-27;6,00;3.68;19,75;0,02;;21.105
04/09/26;TELEFONICA;CALL;Mar-28;2,10;3.68;29,28;0,99;;10
04/09/26;TELEFONICA;CALL;Mar-28;2,20;3.68;29,03;0,98;;10
04/09/26;TELEFONICA;CALL;Mar-28;2,30;3.68;28,77;0,97;;10
04/09/26;TELEFONICA;CALL;Mar-28;2,40;3.68;28,52;0,96;;10
04/09/26;TELEFONICA;CALL;Mar-28;2,50;3.68;28,26;0,94;;10
04/09/26;TELEFONICA;CALL;Mar-28;2,60;3.68;28,01;0,92;;10
04/09/26;TELEFONICA;CALL;Mar-28;2,70;3.68;27,76;0,90;;50
04/09/26;TELEFONICA;CALL;Mar-28;2,80;3.68;27,50;0,87;;15
04/09/26;TELEFONICA;CALL;Mar-28;2,90;3.68;27,25;0,85;;15
04/09/26;TELEFONICA;CALL;Mar-28;3,00;3.68;27,00;0,82;;20
04/09/26;TELEFONICA;CALL;Mar-28;3,10;3.68;26,74;0,78;;20
04/09/26;TELEFONICA;CALL;Mar-28;3,20;3.68;26,49;0,75;;27
04/09/26;TELEFONICA;CALL;Mar-28;3,30;3.68;26,24;0,72;;25
04/09/26;TELEFONICA;CALL;Mar-28;3,40;3.68;25,98;0,68;;521
04/09/26;TELEFONICA;CALL;Mar-28;3,50;3.68;25,73;0,64;;27
04/09/26;TELEFONICA;CALL;Mar-28;3,60;3.68;25,48;0,61;;26
04/09/26;TELEFONICA;CALL;Mar-28;3,70;3.68;25,23;0,57;;25
04/09/26;TELEFONICA;CALL;Mar-28;3,80;3.68;25,04;0,53;;1
04/09/26;TELEFONICA;CALL;Mar-28;4,00;3.68;24,66;0,46;;10
04/09/26;TELEFONICA;CALL;Mar-28;4,10;3.68;24,47;0,43;;1
04/09/26;TELEFONICA;CALL;Mar-28;4,50;3.68;23,71;0,30;;100
04/09/26;TELEFONICA;CALL;Mar-28;4,60;3.68;23,52;0,27;;1
04/09/26;TELEFONICA;CALL;Jun-28;4,00;3.68;24,98;0,47;;100
04/09/26;TELEFONICA;CALL;Jun-28;4,50;3.68;24,12;0,32;;2
04/09/26;TELEFONICA;CALL;Jun-28;4,60;3.68;23,95;0,29;;150
04/09/26;TELEFONICA;CALL;Jun-28;4,70;3.68;23,78;0,27;;175
04/09/26;TELEFONICA;CALL;Jun-28;5,00;3.68;23,26;0,20;;4
04/09/26;TELEFONICA;CALL;Sep-28;3,50;3.68;26,07;0,64;;30
04/09/26;TELEFONICA;CALL;Sep-28;4,00;3.68;25,24;0,48;;1
04/09/26;TELEFONICA;CALL;Dic-28;3,20;3.68;26,94;0,73;;25
04/09/26;TELEFONICA;CALL;Dic-28;3,80;3.68;25,94;0,55;;3
04/09/26;TELEFONICA;CALL;Dic-28;4,00;3.68;25,65;0,49;;18
04/09/26;TELEFONICA;CALL;Dic-28;4,50;3.68;24,92;0,35;;55
04/09/26;TELEFONICA;CALL;Dic-28;4,80;3.68;24,49;0,29;;10
04/09/26;TELEFONICA;CALL;Dic-28;5,00;3.68;24,20;0,24;;65
04/09/26;TELEFONICA;CALL;Dic-28;5,25;3.68;23,84;0,20;;50
04/09/26;TELEFONICA;CALL;Jun-29;4,50;3.68;25,75;0,39;;5
04/09/26;TELEFONICA;CALL;Dic-29;3,40;3.68;27,47;0,66;;10
04/09/26;TELEFONICA;CALL;Dic-29;4,30;3.68;26,47;0,45;;1
04/09/26;TELEFONICA;CALL;Dic-29;4,50;3.68;26,25;0,41;;32
04/09/26;TELEFONICA;CALL;Dic-29;5,00;3.68;25,71;0,32;;543
04/09/26;TELEFONICA;CALL;Jun-30;5,75;3.68;25,38;0,23;;250
04/09/26;TELEFONICA;CALL;Dic-30;4,50;3.68;26,93;0,45;;3
04/09/26;TELEFONICA;CALL;Jun-31;4,40;3.68;27,26;0,47;;50
04/09/26;TELEFONICA;PUT;Sep-26;2,60;3.68;29,83;;;4
04/09/26;TELEFONICA;PUT;Sep-26;2,70;3.68;28,98;;;5
04/09/26;TELEFONICA;PUT;Sep-26;2,90;3.68;27,28;;;28
04/09/26;TELEFONICA;PUT;Sep-26;3,00;3.68;26,43;;;2
04/09/26;TELEFONICA;PUT;Sep-26;3,10;3.68;25,58;;;20
04/09/26;TELEFONICA;PUT;Sep-26;3,20;3.68;24,72;;;23
04/09/26;TELEFONICA;PUT;Sep-26;3,30;3.68;23,87;-0,01;;142
04/09/26;TELEFONICA;PUT;Sep-26;3,40;3.68;23,02;-0,04;;94
04/09/26;TELEFONICA;PUT;Sep-26;3,50;3.68;22,17;-0,11;;196
04/09/26;TELEFONICA;PUT;Sep-26;3,60;3.68;21,32;-0,28;;233
04/09/26;TELEFONICA;PUT;Sep-26;3,70;3.68;20,57;-0,54;;10.000
04/09/26;TELEFONICA;PUT;Sep-26;3,80;3.68;20,29;-0,78;;227
04/09/26;TELEFONICA;PUT;Sep-26;3,90;3.68;20,00;-0,93;;305
04/09/26;TELEFONICA;PUT;Sep-26;4,00;3.68;19,71;-1,00;;20
04/09/26;TELEFONICA;PUT;Sep-26;4,10;3.68;19,42;-1,00;;15
04/09/26;TELEFONICA;PUT;Sep-26;4,20;3.68;19,13;-1,00;;7
04/09/26;TELEFONICA;PUT;Sep-26;4,30;3.68;18,84;-1,00;;6
04/09/26;TELEFONICA;PUT;Oct-26;3,50;3.68;21,53;-0,23;;48
04/09/26;TELEFONICA;PUT;Oct-26;3,60;3.68;20,74;-0,35;;45
04/09/26;TELEFONICA;PUT;Oct-26;4,00;3.68;19,20;-0,90;;25
04/09/26;TELEFONICA;PUT;Nov-26;3,40;3.68;23,16;-0,20;;30
04/09/26;TELEFONICA;PUT;Nov-26;3,50;3.68;22,39;-0,28;;11
04/09/26;TELEFONICA;PUT;Nov-26;3,60;3.68;21,62;-0,38;;4
04/09/26;TELEFONICA;PUT;Dic-26;2,50;3.68;29,91;-0,01;;8
04/09/26;TELEFONICA;PUT;Dic-26;2,80;3.68;27,73;-0,03;;100
04/09/26;TELEFONICA;PUT;Dic-26;2,90;3.68;27,01;-0,04;;50
04/09/26;TELEFONICA;PUT;Dic-26;3,00;3.68;26,28;-0,06;;13
04/09/26;TELEFONICA;PUT;Dic-26;3,10;3.68;25,56;-0,09;;212
04/09/26;TELEFONICA;PUT;Dic-26;3,20;3.68;24,83;-0,12;;177
04/09/26;TELEFONICA;PUT;Dic-26;3,30;3.68;24,11;-0,17;;46
04/09/26;TELEFONICA;PUT;Dic-26;3,40;3.68;23,39;-0,23;;65.243
04/09/26;TELEFONICA;PUT;Dic-26;3,50;3.68;22,66;-0,30;;20.219
04/09/26;TELEFONICA;PUT;Dic-26;3,60;3.68;21,94;-0,39;;95.172
04/09/26;TELEFONICA;PUT;Dic-26;3,70;3.68;21,30;-0,48;;320
04/09/26;TELEFONICA;PUT;Dic-26;3,80;3.68;21,02;-0,58;;348
04/09/26;TELEFONICA;PUT;Dic-26;3,90;3.68;20,74;-0,67;;2.732
04/09/26;TELEFONICA;PUT;Dic-26;4,00;3.68;20,45;-0,76;;107.538
04/09/26;TELEFONICA;PUT;Dic-26;4,10;3.68;20,17;-0,84;;1
04/09/26;TELEFONICA;PUT;Dic-26;4,20;3.68;19,89;-0,90;;13
04/09/26;TELEFONICA;PUT;Dic-26;4,30;3.68;19,61;-0,96;;83
04/09/26;TELEFONICA;PUT;Dic-26;4,50;3.68;19,05;-1,00;;37.510
04/09/26;TELEFONICA;PUT;Dic-26;4,60;3.68;18,77;-1,00;;15.000
04/09/26;TELEFONICA;PUT;Mar-27;3,10;3.68;24,71;-0,14;;8
04/09/26;TELEFONICA;PUT;Mar-27;3,20;3.68;24,19;-0,17;;33
04/09/26;TELEFONICA;PUT;Mar-27;3,30;3.68;23,68;-0,22;;1
04/09/26;TELEFONICA;PUT;Mar-27;3,40;3.68;23,16;-0,27;;7
04/09/26;TELEFONICA;PUT;Mar-27;3,50;3.68;22,64;-0,33;;38
04/09/26;TELEFONICA;PUT;Mar-27;3,60;3.68;22,13;-0,39;;60
04/09/26;TELEFONICA;PUT;Mar-27;3,70;3.68;21,65;-0,46;;19
04/09/26;TELEFONICA;PUT;Mar-27;3,80;3.68;21,37;-0,53;;220
04/09/26;TELEFONICA;PUT;Mar-27;3,90;3.68;21,08;-0,60;;719
04/09/26;TELEFONICA;PUT;Mar-27;4,00;3.68;20,79;-0,68;;674
04/09/26;TELEFONICA;PUT;Mar-27;4,10;3.68;20,50;-0,74;;29
04/09/26;TELEFONICA;PUT;Mar-27;4,20;3.68;20,21;-0,81;;600
04/09/26;TELEFONICA;PUT;Mar-27;4,40;3.68;19,63;-0,92;;5.000
04/09/26;TELEFONICA;PUT;Mar-27;4,50;3.68;19,34;-0,98;;5
04/09/26;TELEFONICA;PUT;Mar-27;4,60;3.68;19,05;-1,00;;20.000
04/09/26;TELEFONICA;PUT;Jun-27;3,10;3.68;22,44;-0,20;;2
04/09/26;TELEFONICA;PUT;Jun-27;3,20;3.68;22,05;-0,24;;15
04/09/26;TELEFONICA;PUT;Jun-27;3,30;3.68;21,65;-0,29;;25
04/09/26;TELEFONICA;PUT;Jun-27;3,40;3.68;21,25;-0,34;;41
04/09/26;TELEFONICA;PUT;Jun-27;3,50;3.68;20,85;-0,40;;52
04/09/26;TELEFONICA;PUT;Jun-27;3,60;3.68;20,45;-0,46;;25.100
04/09/26;TELEFONICA;PUT;Jun-27;3,70;3.68;20,08;-0,52;;22
04/09/26;TELEFONICA;PUT;Jun-27;3,80;3.68;19,84;-0,58;;4.565
04/09/26;TELEFONICA;PUT;Jun-27;3,90;3.68;19,59;-0,64;;19
04/09/26;TELEFONICA;PUT;Jun-27;4,00;3.68;19,35;-0,69;;10
04/09/26;TELEFONICA;PUT;Jun-27;4,10;3.68;19,11;-0,75;;20
04/09/26;TELEFONICA;PUT;Jun-27;4,20;3.68;18,86;-0,79;;20
04/09/26;TELEFONICA;PUT;Jun-27;4,30;3.68;18,62;-0,84;;20
04/09/26;TELEFONICA;PUT;Jun-27;4,40;3.68;18,37;-0,87;;5
04/09/26;TELEFONICA;PUT;Jun-27;4,60;3.68;17,88;-0,93;;4
04/09/26;TELEFONICA;PUT;Jun-27;5,00;3.68;16,91;-0,98;;96
04/09/26;TELEFONICA;PUT;Jun-27;5,50;3.68;15,68;-1,00;;240
04/09/26;TELEFONICA;PUT;Sep-27;2,50;3.68;22,86;-0,04;;20
04/09/26;TELEFONICA;PUT;Sep-27;2,90;3.68;21,56;-0,13;;30
04/09/26;TELEFONICA;PUT;Sep-27;3,00;3.68;21,23;-0,16;;6
04/09/26;TELEFONICA;PUT;Sep-27;3,10;3.68;20,90;-0,20;;1
04/09/26;TELEFONICA;PUT;Sep-27;3,70;3.68;18,96;-0,51;;2
04/09/26;TELEFONICA;PUT;Sep-27;3,80;3.68;18,72;-0,57;;1
04/09/26;TELEFONICA;PUT;Sep-27;4,00;3.68;18,23;-0,68;;4
04/09/26;TELEFONICA;PUT;Sep-27;4,10;3.68;17,99;-0,73;;1
04/09/26;TELEFONICA;PUT;Sep-27;4,20;3.68;17,74;-0,78;;2
04/09/26;TELEFONICA;PUT;Sep-27;5,00;3.68;15,79;-0,98;;1
04/09/26;TELEFONICA;PUT;Sep-27;5,75;3.68;13,95;-1,00;;25
04/09/26;TELEFONICA;PUT;Dic-27;2,20;3.68;24,83;-0,03;;6.000
04/09/26;TELEFONICA;PUT;Dic-27;2,80;3.68;23,14;-0,13;;3
04/09/26;TELEFONICA;PUT;Dic-27;3,00;3.68;22,58;-0,19;;7.500
04/09/26;TELEFONICA;PUT;Dic-27;3,20;3.68;22,02;-0,26;;1
04/09/26;TELEFONICA;PUT;Dic-27;3,30;3.68;21,74;-0,30;;5
04/09/26;TELEFONICA;PUT;Dic-27;3,40;3.68;21,46;-0,35;;10
04/09/26;TELEFONICA;PUT;Dic-27;3,50;3.68;21,18;-0,40;;10
04/09/26;TELEFONICA;PUT;Dic-27;3,60;3.68;20,90;-0,44;;30.000
04/09/26;TELEFONICA;PUT;Dic-27;3,70;3.68;20,63;-0,49;;5
04/09/26;TELEFONICA;PUT;Dic-27;3,80;3.68;20,42;-0,54;;9.003
04/09/26;TELEFONICA;PUT;Dic-27;4,00;3.68;20,01;-0,64;;20.003
04/09/26;TELEFONICA;PUT;Dic-27;4,10;3.68;19,80;-0,68;;3
04/09/26;TELEFONICA;PUT;Dic-27;4,20;3.68;19,59;-0,73;;1
04/09/26;TELEFONICA;PUT;Dic-27;4,30;3.68;19,38;-0,77;;4
04/09/26;TELEFONICA;PUT;Dic-27;4,40;3.68;19,17;-0,80;;3
04/09/26;TELEFONICA;PUT;Dic-27;4,50;3.68;18,96;-0,84;;3
04/09/26;TELEFONICA;PUT;Dic-27;4,60;3.68;18,76;-0,86;;250
04/09/26;TELEFONICA;PUT;Dic-27;4,70;3.68;18,55;-0,89;;30.000
04/09/26;TELEFONICA;PUT;Dic-27;5,00;3.68;17,92;-0,95;;5
04/09/26;TELEFONICA;PUT;Dic-27;5,50;3.68;16,88;-0,99;;5
04/09/26;TELEFONICA;PUT;Mar-28;2,70;3.68;23,90;-0,12;;4
04/09/26;TELEFONICA;PUT;Mar-28;3,30;3.68;22,38;-0,31;;6
04/09/26;TELEFONICA;PUT;Mar-28;3,80;3.68;21,18;-0,53;;1
04/09/26;TELEFONICA;PUT;Mar-28;3,90;3.68;20,99;-0,57;;40
04/09/26;TELEFONICA;PUT;Mar-28;4,00;3.68;20,80;-0,61;;25
04/09/26;TELEFONICA;PUT;Mar-28;4,30;3.68;20,23;-0,73;;2
04/09/26;TELEFONICA;PUT;Mar-28;4,50;3.68;19,85;-0,80;;1
04/09/26;TELEFONICA;PUT;Mar-28;4,60;3.68;19,66;-0,83;;1
04/09/26;TELEFONICA;PUT;Mar-28;4,90;3.68;19,09;-0,91;;2
04/09/26;TELEFONICA;PUT;Mar-28;5,25;3.68;18,43;-0,96;;4
04/09/26;TELEFONICA;PUT;Mar-28;5,50;3.68;17,95;-0,98;;17
04/09/26;TELEFONICA;PUT;Jun-28;3,60;3.68;21,87;-0,46;;3
04/09/26;TELEFONICA;PUT;Jun-28;4,10;3.68;20,97;-0,64;;25
04/09/26;TELEFONICA;PUT;Sep-28;4,00;3.68;21,41;-0,59;;25
04/09/26;TELEFONICA;PUT;Sep-28;4,20;3.68;21,10;-0,65;;25
04/09/26;TELEFONICA;PUT;Dic-28;3,00;3.68;23,29;-0,25;;20.000
04/09/26;TELEFONICA;PUT;Dic-28;3,50;3.68;22,43;-0,41;;5
04/09/26;TELEFONICA;PUT;Dic-28;4,80;3.68;20,50;-0,80;;50
04/09/26;TELEFONICA;PUT;Dic-29;3,50;3.68;22,93;-0,41;;150
04/09/26;TELEFONICA;CALL;Sep-26;3,50;3.68;21,33;0,89;;1
04/09/26;TELEFONICA;CALL;Sep-26;3,60;3.68;20,48;0,72;;2
04/09/26;TELEFONICA;CALL;Sep-26;3,90;3.68;19,16;0,07;;85
04/09/26;TELEFONICA;CALL;Sep-26;4,00;3.68;18,87;0,01;;32
04/09/26;TELEFONICA;CALL;Dic-26;3,70;3.68;21,00;0,53;;4
04/09/26;TELEFONICA;CALL;Dic-26;4,30;3.68;19,31;0,08;;27
04/09/26;TELEFONICA;CALL;Dic-26;5,25;3.68;16,65;;;190
04/09/26;TELEFONICA;CALL;Mar-27;3,80;3.68;21,65;0,48;;40
04/09/26;TELEFONICA;CALL;Sep-27;3,70;3.68;23,50;0,50;;10
04/09/26;TELEFONICA;PUT;Sep-26;3,30;3.68;23,87;-0,01;;5
04/09/26;TELEFONICA;PUT;Sep-26;3,50;3.68;22,17;-0,12;;11
04/09/26;TELEFONICA;PUT;Sep-26;3,60;3.68;21,32;-0,28;;25
04/09/26;TELEFONICA;PUT;Sep-26;3,70;3.68;20,57;-0,53;;25
04/09/26;TELEFONICA;PUT;Sep-26;3,80;3.68;20,29;-0,77;;10
04/09/26;TELEFONICA;PUT;Sep-26;4,00;3.68;19,71;-0,98;;700
04/09/26;TELEFONICA;PUT;Sep-26;4,30;3.68;18,84;-1,00;;100
04/09/26;TELEFONICA;PUT;Sep-26;4,50;3.68;18,26;-1,00;;112
04/09/26;TELEFONICA;PUT;Sep-26;4,70;3.68;17,68;-1,00;;5
04/09/26;TELEFONICA;PUT;Dic-26;3,40;3.68;23,39;-0,23;;4
04/09/26;TELEFONICA;PUT;Dic-26;3,90;3.68;20,74;-0,65;;10
04/09/26;TELEFONICA;PUT;Dic-26;4,20;3.68;19,89;-0,86;;50
04/09/26;TELEFONICA;PUT;Dic-26;4,40;3.68;19,33;-0,94;;5
04/09/26;TELEFONICA;PUT;Dic-26;7,50;3.68;11,12;-0,99;;5
04/09/26;TELEFONICA;PUT;Dic-26;9,50;3.68;11,12;-0,99;;50
04/09/26;TELEFONICA;PUT;Dic-26;11,00;3.68;11,12;-0,99;;52
04/09/26;TELEFONICA;PUT;Dic-26;12,00;3.68;11,12;-0,99;;361
04/09/26;TELEFONICA;PUT;Dic-26;16,50;3.68;11,12;-0,99;;14
04/09/26;TELEFONICA;PUT;Mar-27;3,20;3.68;24,19;-0,17;;800
04/09/26;TELEFONICA;PUT;Mar-27;3,40;3.68;23,16;-0,26;;1.000
04/09/26;TELEFONICA;PUT;Mar-27;3,60;3.68;22,13;-0,38;;1.200
04/09/26;TELEFONICA;PUT;Mar-27;3,80;3.68;21,37;-0,51;;40
04/09/26;TELEFONICA;PUT;Mar-27;7,75;3.68;11,15;-0,99;;750
04/09/26;TELEFONICA;PUT;Jun-27;4,90;3.68;17,15;-0,95;;5
04/09/26;TELEFONICA;PUT;Jun-27;5,50;3.68;15,68;-0,98;;585
04/09/26;UNICAJA;CALL;Sep-26;2,80;3.65;27,35;1,00;;7
04/09/26;UNICAJA;CALL;Sep-26;3,50;3.65;27,03;0,79;;160
04/09/26;UNICAJA;CALL;Dic-26;3,40;3.65;27,88;0,70;;68
04/09/26;UNICAJA;CALL;Dic-26;3,50;3.65;27,84;0,61;;80
04/09/26;UNICAJA;CALL;Mar-27;3,30;3.65;28,73;0,70;;3
04/09/26;UNICAJA;PUT;Sep-26;2,70;3.65;21,21;;;200
04/09/26;UNICAJA;PUT;Sep-26;3,00;3.65;21,08;;;25
04/09/26;UNICAJA;PUT;Sep-26;3,20;3.65;20,98;;;25
04/09/26;UNICAJA;PUT;Sep-26;3,40;3.65;20,89;-0,04;;25
04/09/26;UNICAJA;PUT;Sep-26;3,50;3.65;20,85;-0,15;;25
04/09/26;UNICAJA;PUT;Dic-26;2,30;3.65;22,35;;;5
04/09/26;UNICAJA;PUT;Dic-26;2,50;3.65;22,25;;;4
04/09/26;UNICAJA;PUT;Dic-26;4,00;3.65;21,41;-0,84;;30
04/09/26;VIDRALA;CALL;Sep-26;80,00;89.2;16,66;1,00;;1
04/09/26;VIDRALA;CALL;Dic-26;80,00;89.2;19,92;0,87;;1
04/09/26;VIDRALA;CALL;Dic-26;88,00;89.2;18,51;0,60;;4
04/09/26;VIDRALA;CALL;Dic-26;90,00;89.2;18,25;0,51;;1
04/09/26;VIDRALA;CALL;Mar-27;84,00;89.2;18,97;0,73;;1
04/09/26;VIDRALA;CALL;Mar-27;90,00;89.2;18,35;0,53;;15
04/09/26;VIDRALA;PUT;Sep-26;66,67;89.2;19,70;;;2
04/09/26;VIDRALA;PUT;Sep-26;74,29;89.2;18,25;;;1
04/09/26;VIDRALA;PUT;Sep-26;81,90;89.2;16,80;;;11
04/09/26;VIDRALA;PUT;Dic-26;60,00;89.2;23,71;;;1
04/09/26;VIDRALA;PUT;Dic-26;72,00;89.2;21,60;-0,03;;1
04/09/26;VIDRALA;PUT;Dic-26;74,00;89.2;21,25;-0,04;;3
04/09/26;VIDRALA;PUT;Dic-26;80,00;89.2;20,20;-0,13;;2
04/09/26;VIDRALA;PUT;Mar-27;58,00;89.2;20,86;;;1
04/09/26;VIDRALA;PUT;Mar-27;72,00;89.2;19,29;-0,06;;3
04/09/26;VIDRALA;PUT;Mar-27;76,00;89.2;18,84;-0,11;;10
04/09/26;VISCOFAN;CALL;Sep-26;45,20;56.9;22,92;1,00;;1
04/09/26;VISCOFAN;CALL;Sep-26;49,13;56.9;20,46;1,00;;1
04/09/26;VISCOFAN;CALL;Sep-26;53,06;56.9;18,00;0,98;;2
04/09/26;VISCOFAN;CALL;Sep-26;55,02;56.9;16,77;0,86;;5
04/09/26;VISCOFAN;CALL;Sep-26;56,99;56.9;15,52;0,50;;5
04/09/26;VISCOFAN;CALL;Sep-26;58,95;56.9;13,91;0,11;;45
04/09/26;VISCOFAN;CALL;Sep-26;60,92;56.9;12,29;;;12
04/09/26;VISCOFAN;CALL;Sep-26;64,85;56.9;9,07;;;1
04/09/26;VISCOFAN;CALL;Oct-26;60,92;56.9;14,45;0,09;;5
04/09/26;VISCOFAN;CALL;Dic-26;62,89;56.9;14,98;0,13;;2
04/09/26;VISCOFAN;CALL;Dic-26;64,85;56.9;14,88;0,07;;1
04/09/26;VISCOFAN;CALL;Mar-27;55,02;56.9;18,51;0,65;;1
04/09/26;VISCOFAN;CALL;Mar-27;56,99;56.9;17,50;0,53;;1
04/09/26;VISCOFAN;CALL;Mar-27;58,95;56.9;17,50;0,41;;4
04/09/26;VISCOFAN;CALL;Mar-27;72,71;56.9;17,50;0,03;;1
04/09/26;VISCOFAN;CALL;Jun-27;60,92;56.9;17,97;0,35;;1
04/09/26;VISCOFAN;CALL;Jun-27;70,75;56.9;17,56;0,08;;5
04/09/26;VISCOFAN;PUT;Sep-26;40,29;56.9;27,26;;;1
04/09/26;VISCOFAN;PUT;Sep-26;42,25;56.9;26,03;;;3
04/09/26;VISCOFAN;PUT;Sep-26;43,23;56.9;25,42;;;3
04/09/26;VISCOFAN;PUT;Sep-26;44,22;56.9;24,80;;;4
04/09/26;VISCOFAN;PUT;Sep-26;45,20;56.9;24,18;;;2
04/09/26;VISCOFAN;PUT;Sep-26;46,18;56.9;23,57;;;4
04/09/26;VISCOFAN;PUT;Sep-26;47,16;56.9;22,96;;;4
04/09/26;VISCOFAN;PUT;Sep-26;49,13;56.9;21,72;;;12
04/09/26;VISCOFAN;PUT;Sep-26;51,09;56.9;20,49;;;6
04/09/26;VISCOFAN;PUT;Sep-26;53,06;56.9;19,26;-0,03;;37
04/09/26;VISCOFAN;PUT;Sep-26;55,02;56.9;18,03;-0,16;;15
04/09/26;VISCOFAN;PUT;Sep-26;56,99;56.9;16,78;-0,50;;10
04/09/26;VISCOFAN;PUT;Sep-26;58,95;56.9;15,17;-0,88;;3
04/09/26;VISCOFAN;PUT;Oct-26;45,20;56.9;23,18;;;2
04/09/26;VISCOFAN;PUT;Oct-26;51,09;56.9;19,70;-0,05;;1
04/09/26;VISCOFAN;PUT;Oct-26;53,06;56.9;18,53;-0,12;;4
04/09/26;VISCOFAN;PUT;Oct-26;55,02;56.9;17,37;-0,26;;2
04/09/26;VISCOFAN;PUT;Dic-26;40,29;56.9;28,36;-0,01;;2
04/09/26;VISCOFAN;PUT;Dic-26;42,25;56.9;27,15;-0,02;;1
04/09/26;VISCOFAN;PUT;Dic-26;43,23;56.9;26,54;-0,02;;1
04/09/26;VISCOFAN;PUT;Dic-26;44,22;56.9;25,92;-0,03;;12
04/09/26;VISCOFAN;PUT;Dic-26;45,20;56.9;25,32;-0,03;;1
04/09/26;VISCOFAN;PUT;Dic-26;47,16;56.9;24,10;-0,06;;2
04/09/26;VISCOFAN;PUT;Dic-26;48,15;56.9;23,48;-0,08;;1
04/09/26;VISCOFAN;PUT;Dic-26;49,13;56.9;22,87;-0,10;;6
04/09/26;VISCOFAN;PUT;Dic-26;51,09;56.9;21,66;-0,15;;7
04/09/26;VISCOFAN;PUT;Dic-26;53,06;56.9;20,43;-0,23;;12
04/09/26;VISCOFAN;PUT;Dic-26;55,02;56.9;19,22;-0,33;;2
04/09/26;VISCOFAN;PUT;Mar-27;48,15;56.9;19,02;-0,12;;1
04/09/26;VISCOFAN;PUT;Mar-27;49,13;56.9;18,49;-0,15;;7
04/09/26;VISCOFAN;PUT;Mar-27;51,09;56.9;17,43;-0,21;;12
04/09/26;VISCOFAN;PUT;Mar-27;53,06;56.9;16,37;-0,30;;7
04/09/26;VISCOFAN;PUT;Mar-27;56,99;56.9;14,30;-0,55;;5
04/09/26;VISCOFAN;PUT;Jun-27;44,22;56.9;19,88;-0,08;;2
04/09/26;VISCOFAN;PUT;Jun-27;45,20;56.9;19,44;-0,09;;5
04/09/26;VISCOFAN;PUT;Jun-27;51,09;56.9;16,82;-0,25;;2
04/09/26;VISCOFAN;PUT;Jun-27;53,06;56.9;15,94;-0,33;;3
04/09/26;VISCOFAN;PUT;Dic-27;44,22;56.9;18,87;-0,11;;1
04/09/26;VISCOFAN;PUT;Dic-28;44,22;56.9;18,03;-0,16;;1
