fecha_boletin;accion;tipo;fecha_vencimiento;strike;spot;volatilidad_cierre;delta_cierre;volumen_contratos;posicion_abierta
27/08/26;MINI IBEX-35;CALL;Sep-26;7.500;19881.6;64,86;1,00;;3
27/08/26;MINI IBEX-35;CALL;Sep-26;12.200;19881.6;45,65;1,00;;32
27/08/26;MINI IBEX-35;CALL;Sep-26;14.000;19881.6;38,29;1,00;;5
27/08/26;MINI IBEX-35;CALL;Sep-26;15.000;19881.6;34,21;1,00;;2
27/08/26;MINI IBEX-35;CALL;Sep-26;15.500;19881.6;32,16;1,00;;1
27/08/26;MINI IBEX-35;CALL;Sep-26;16.000;19881.6;30,12;1,00;;5.500
27/08/26;MINI IBEX-35;CALL;Sep-26;16.400;19881.6;28,48;1,00;;3
27/08/26;MINI IBEX-35;CALL;Sep-26;16.500;19881.6;28,08;1,00;;1
27/08/26;MINI IBEX-35;CALL;Sep-26;17.000;19881.6;26,03;0,99;;3
27/08/26;MINI IBEX-35;CALL;Sep-26;17.200;19881.6;25,21;0,99;;1
27/08/26;MINI IBEX-35;CALL;Sep-26;17.300;19881.6;24,81;0,99;;5
27/08/26;MINI IBEX-35;CALL;Sep-26;17.400;19881.6;24,40;0,99;;3
27/08/26;MINI IBEX-35;CALL;Sep-26;17.500;19881.6;23,99;0,98;;7
27/08/26;MINI IBEX-35;CALL;Sep-26;17.600;19881.6;23,58;0,98;;2
27/08/26;MINI IBEX-35;CALL;Sep-26;18.000;19881.6;21,94;0,97;;103
27/08/26;MINI IBEX-35;CALL;Sep-26;18.100;19881.6;21,54;0,96;;1
27/08/26;MINI IBEX-35;CALL;Sep-26;18.200;19881.6;21,13;0,96;;6
27/08/26;MINI IBEX-35;CALL;Sep-26;18.300;19881.6;20,72;0,95;;3
27/08/26;MINI IBEX-35;CALL;Sep-26;18.400;19881.6;20,31;0,94;;2
27/08/26;MINI IBEX-35;CALL;Sep-26;18.500;19881.6;19,90;0,93;;25
27/08/26;MINI IBEX-35;CALL;Sep-26;18.600;19881.6;19,49;0,92;;1
27/08/26;MINI IBEX-35;CALL;Sep-26;18.700;19881.6;19,08;0,91;;1
27/08/26;MINI IBEX-35;CALL;Sep-26;18.900;19881.6;18,27;0,88;;3
27/08/26;MINI IBEX-35;CALL;Sep-26;18.950;19881.6;18,06;0,87;;3
27/08/26;MINI IBEX-35;CALL;Sep-26;19.000;19881.6;17,86;0,86;;9
27/08/26;MINI IBEX-35;CALL;Sep-26;19.100;19881.6;17,45;0,83;;18
27/08/26;MINI IBEX-35;CALL;Sep-26;19.200;19881.6;17,04;0,81;;4
27/08/26;MINI IBEX-35;CALL;Sep-26;19.250;19881.6;16,84;0,79;;1
27/08/26;MINI IBEX-35;CALL;Sep-26;19.300;19881.6;16,63;0,78;;5
27/08/26;MINI IBEX-35;CALL;Sep-26;19.350;19881.6;16,43;0,76;;5
27/08/26;MINI IBEX-35;CALL;Sep-26;19.400;19881.6;16,22;0,74;;7
27/08/26;MINI IBEX-35;CALL;Sep-26;19.450;19881.6;16,02;0,72;;3
27/08/26;MINI IBEX-35;CALL;Sep-26;19.500;19881.6;15,81;0,70;;38
27/08/26;MINI IBEX-35;CALL;Sep-26;19.550;19881.6;15,61;0,68;;1
27/08/26;MINI IBEX-35;CALL;Sep-26;19.600;19881.6;15,41;0,66;;2
27/08/26;MINI IBEX-35;CALL;Sep-26;19.650;19881.6;15,20;0,64;;11
27/08/26;MINI IBEX-35;CALL;Sep-26;19.700;19881.6;15,00;0,61;;4
27/08/26;MINI IBEX-35;CALL;Sep-26;19.750;19881.6;14,79;0,59;;3
27/08/26;MINI IBEX-35;CALL;Sep-26;19.800;19881.6;14,59;0,56;1;9
27/08/26;MINI IBEX-35;CALL;Sep-26;19.850;19881.6;14,38;0,53;;1
27/08/26;MINI IBEX-35;CALL;Sep-26;19.900;19881.6;14,18;0,51;;118
27/08/26;MINI IBEX-35;CALL;Sep-26;19.950;19881.6;14,09;0,48;;23
27/08/26;MINI IBEX-35;CALL;Sep-26;20.000;19881.6;14,00;0,45;2;87
27/08/26;MINI IBEX-35;CALL;Sep-26;20.050;19881.6;13,91;0,42;;9
27/08/26;MINI IBEX-35;CALL;Sep-26;20.100;19881.6;13,82;0,39;;6
27/08/26;MINI IBEX-35;CALL;Sep-26;20.150;19881.6;13,74;0,36;4;5
27/08/26;MINI IBEX-35;CALL;Sep-26;20.200;19881.6;13,65;0,33;;8
27/08/26;MINI IBEX-35;CALL;Sep-26;20.250;19881.6;13,56;0,31;;13
27/08/26;MINI IBEX-35;CALL;Sep-26;20.300;19881.6;13,47;0,28;5;47
27/08/26;MINI IBEX-35;CALL;Sep-26;20.350;19881.6;13,38;0,25;3;12
27/08/26;MINI IBEX-35;CALL;Sep-26;20.400;19881.6;13,29;0,23;3;9
27/08/26;MINI IBEX-35;CALL;Sep-26;20.450;19881.6;13,20;0,21;;8
27/08/26;MINI IBEX-35;CALL;Sep-26;20.500;19881.6;13,11;0,18;8;19
27/08/26;MINI IBEX-35;CALL;Sep-26;20.550;19881.6;13,03;0,16;;1
27/08/26;MINI IBEX-35;CALL;Sep-26;20.600;19881.6;12,94;0,14;;8
27/08/26;MINI IBEX-35;CALL;Sep-26;20.650;19881.6;12,85;0,13;;100
27/08/26;MINI IBEX-35;CALL;Sep-26;20.700;19881.6;12,76;0,11;1;104
27/08/26;MINI IBEX-35;CALL;Sep-26;20.750;19881.6;12,67;0,09;;100
27/08/26;MINI IBEX-35;CALL;Sep-26;20.800;19881.6;12,58;0,08;;6
27/08/26;MINI IBEX-35;CALL;Sep-26;20.900;19881.6;12,40;0,06;;6
27/08/26;MINI IBEX-35;CALL;Sep-26;21.000;19881.6;12,23;0,04;10;8
27/08/26;MINI IBEX-35;CALL;Sep-26;21.050;19881.6;12,14;0,03;;1
27/08/26;MINI IBEX-35;CALL;Sep-26;21.100;19881.6;12,05;0,03;;1
27/08/26;MINI IBEX-35;CALL;Sep-26;21.200;19881.6;11,87;0,02;11;11
27/08/26;MINI IBEX-35;CALL;Sep-26;21.300;19881.6;11,69;0,01;;5
27/08/26;MINI IBEX-35;CALL;Sep-26;24.000;19881.6;6,90;;;5.500
27/08/26;MINI IBEX-35;CALL;Oct-26;19.450;19881.6;16,18;0,66;;1
27/08/26;MINI IBEX-35;CALL;Oct-26;19.550;19881.6;15,84;0,63;;1
27/08/26;MINI IBEX-35;CALL;Oct-26;20.000;19881.6;14,50;0,47;1;3
27/08/26;MINI IBEX-35;CALL;Oct-26;20.100;19881.6;14,35;0,44;;1
27/08/26;MINI IBEX-35;CALL;Oct-26;20.200;19881.6;14,20;0,40;;8
27/08/26;MINI IBEX-35;CALL;Oct-26;20.250;19881.6;14,12;0,38;;4
27/08/26;MINI IBEX-35;CALL;Oct-26;20.300;19881.6;14,04;0,36;;1
27/08/26;MINI IBEX-35;CALL;Oct-26;20.400;19881.6;13,89;0,32;1;1
27/08/26;MINI IBEX-35;CALL;Oct-26;20.500;19881.6;13,74;0,29;;1
27/08/26;MINI IBEX-35;CALL;Oct-26;20.650;19881.6;13,51;0,24;;100
27/08/26;MINI IBEX-35;CALL;Oct-26;20.700;19881.6;13,43;0,22;;102
27/08/26;MINI IBEX-35;CALL;Oct-26;20.750;19881.6;13,36;0,21;;100
27/08/26;MINI IBEX-35;CALL;Oct-26;20.800;19881.6;13,28;0,19;;2
27/08/26;MINI IBEX-35;CALL;Oct-26;20.900;19881.6;13,13;0,16;;1
27/08/26;MINI IBEX-35;CALL;Oct-26;21.100;19881.6;12,82;0,11;;4
27/08/26;MINI IBEX-35;CALL;Oct-26;21.400;19881.6;12,37;0,06;1;1
27/08/26;MINI IBEX-35;CALL;Oct-26;21.600;19881.6;12,06;0,04;;2
27/08/26;MINI IBEX-35;CALL;Nov-26;19.700;19881.6;16,06;0,55;;1
27/08/26;MINI IBEX-35;CALL;Nov-26;19.800;19881.6;15,74;0,53;1;
27/08/26;MINI IBEX-35;CALL;Nov-26;19.900;19881.6;15,51;0,50;1;1
27/08/26;MINI IBEX-35;CALL;Nov-26;20.700;19881.6;14,34;0,28;;1
27/08/26;MINI IBEX-35;CALL;Nov-26;21.000;19881.6;13,90;0,21;;2
27/08/26;MINI IBEX-35;CALL;Nov-26;21.250;19881.6;13,54;0,16;1;1
27/08/26;MINI IBEX-35;CALL;Nov-26;22.100;19881.6;12,30;0,04;1;1
27/08/26;MINI IBEX-35;CALL;Dic-26;8.300;19881.6;49,96;0,99;;655
27/08/26;MINI IBEX-35;CALL;Dic-26;8.600;19881.6;49,08;0,99;;1.250
27/08/26;MINI IBEX-35;CALL;Dic-26;10.500;19881.6;43,54;0,99;;30
27/08/26;MINI IBEX-35;CALL;Dic-26;12.000;19881.6;39,16;0,98;;12
27/08/26;MINI IBEX-35;CALL;Dic-26;12.200;19881.6;38,57;0,98;;32
27/08/26;MINI IBEX-35;CALL;Dic-26;13.000;19881.6;36,24;0,98;;1
27/08/26;MINI IBEX-35;CALL;Dic-26;14.800;19881.6;30,99;0,96;;32
27/08/26;MINI IBEX-35;CALL;Dic-26;15.300;19881.6;29,53;0,94;;1
27/08/26;MINI IBEX-35;CALL;Dic-26;16.000;19881.6;27,48;0,92;;10
27/08/26;MINI IBEX-35;CALL;Dic-26;16.400;19881.6;26,32;0,91;;6.000
27/08/26;MINI IBEX-35;CALL;Dic-26;16.700;19881.6;25,44;0,89;;1.500
27/08/26;MINI IBEX-35;CALL;Dic-26;16.900;19881.6;24,86;0,88;;5
27/08/26;MINI IBEX-35;CALL;Dic-26;17.000;19881.6;24,56;0,88;;19
27/08/26;MINI IBEX-35;CALL;Dic-26;17.100;19881.6;24,27;0,87;;5
27/08/26;MINI IBEX-35;CALL;Dic-26;17.200;19881.6;23,98;0,87;;1
27/08/26;MINI IBEX-35;CALL;Dic-26;17.300;19881.6;23,69;0,86;;1
27/08/26;MINI IBEX-35;CALL;Dic-26;17.400;19881.6;23,40;0,85;;8
27/08/26;MINI IBEX-35;CALL;Dic-26;17.500;19881.6;23,11;0,85;;1.006
27/08/26;MINI IBEX-35;CALL;Dic-26;17.600;19881.6;22,81;0,84;;11
27/08/26;MINI IBEX-35;CALL;Dic-26;17.700;19881.6;22,52;0,83;;5.007
27/08/26;MINI IBEX-35;CALL;Dic-26;17.800;19881.6;22,23;0,82;;92
27/08/26;MINI IBEX-35;CALL;Dic-26;17.900;19881.6;21,94;0,81;;5.004
27/08/26;MINI IBEX-35;CALL;Dic-26;18.000;19881.6;21,65;0,80;;6
27/08/26;MINI IBEX-35;CALL;Dic-26;18.100;19881.6;21,35;0,79;;1
27/08/26;MINI IBEX-35;CALL;Dic-26;18.300;19881.6;20,77;0,77;;5
27/08/26;MINI IBEX-35;CALL;Dic-26;18.400;19881.6;20,48;0,76;;1
27/08/26;MINI IBEX-35;CALL;Dic-26;18.500;19881.6;20,19;0,75;;6.004
27/08/26;MINI IBEX-35;CALL;Dic-26;18.600;19881.6;19,90;0,74;;1
27/08/26;MINI IBEX-35;CALL;Dic-26;18.900;19881.6;19,02;0,69;;1
27/08/26;MINI IBEX-35;CALL;Dic-26;19.000;19881.6;18,73;0,68;;4
27/08/26;MINI IBEX-35;CALL;Dic-26;19.100;19881.6;18,44;0,66;;1
27/08/26;MINI IBEX-35;CALL;Dic-26;19.200;19881.6;18,14;0,65;;4
27/08/26;MINI IBEX-35;CALL;Dic-26;19.300;19881.6;17,85;0,63;;2
27/08/26;MINI IBEX-35;CALL;Dic-26;19.500;19881.6;17,27;0,59;;4
27/08/26;MINI IBEX-35;CALL;Dic-26;19.600;19881.6;16,98;0,57;;1
27/08/26;MINI IBEX-35;CALL;Dic-26;19.700;19881.6;16,68;0,55;;1
27/08/26;MINI IBEX-35;CALL;Dic-26;19.800;19881.6;16,39;0,53;1;3
27/08/26;MINI IBEX-35;CALL;Dic-26;19.900;19881.6;16,14;0,51;;6
27/08/26;MINI IBEX-35;CALL;Dic-26;20.000;19881.6;16,00;0,49;1;9
27/08/26;MINI IBEX-35;CALL;Dic-26;20.100;19881.6;15,86;0,46;;12
27/08/26;MINI IBEX-35;CALL;Dic-26;20.200;19881.6;15,72;0,44;;11
27/08/26;MINI IBEX-35;CALL;Dic-26;20.300;19881.6;15,59;0,42;;1
27/08/26;MINI IBEX-35;CALL;Dic-26;20.400;19881.6;15,45;0,39;;5
27/08/26;MINI IBEX-35;CALL;Dic-26;20.500;19881.6;15,31;0,37;;6.004
27/08/26;MINI IBEX-35;CALL;Dic-26;20.600;19881.6;15,17;0,35;;7
27/08/26;MINI IBEX-35;CALL;Dic-26;20.700;19881.6;15,03;0,33;;2
27/08/26;MINI IBEX-35;CALL;Dic-26;20.900;19881.6;14,75;0,28;;2
27/08/26;MINI IBEX-35;CALL;Dic-26;21.000;19881.6;14,61;0,26;2;5.202
27/08/26;MINI IBEX-35;CALL;Dic-26;21.100;19881.6;14,47;0,24;;1
27/08/26;MINI IBEX-35;CALL;Dic-26;21.200;19881.6;14,33;0,22;;6
27/08/26;MINI IBEX-35;CALL;Dic-26;21.300;19881.6;14,19;0,20;;13
27/08/26;MINI IBEX-35;CALL;Dic-26;21.700;19881.6;13,64;0,13;;4
27/08/26;MINI IBEX-35;CALL;Dic-26;21.900;19881.6;13,36;0,10;;1
27/08/26;MINI IBEX-35;CALL;Dic-26;22.000;19881.6;13,22;0,09;;3
27/08/26;MINI IBEX-35;CALL;Dic-26;22.200;19881.6;12,94;0,07;;3
27/08/26;MINI IBEX-35;CALL;Dic-26;22.300;19881.6;12,80;0,06;;1
27/08/26;MINI IBEX-35;CALL;Mar-27;12.600;19881.6;34,01;0,96;;1
27/08/26;MINI IBEX-35;CALL;Mar-27;13.000;19881.6;33,07;0,95;;2
27/08/26;MINI IBEX-35;CALL;Mar-27;13.500;19881.6;31,89;0,95;;3
27/08/26;MINI IBEX-35;CALL;Mar-27;13.900;19881.6;30,95;0,94;;3
27/08/26;MINI IBEX-35;CALL;Mar-27;14.000;19881.6;30,71;0,94;;1
27/08/26;MINI IBEX-35;CALL;Mar-27;14.100;19881.6;30,48;0,93;;1
27/08/26;MINI IBEX-35;CALL;Mar-27;15.300;19881.6;27,64;0,90;;3
27/08/26;MINI IBEX-35;CALL;Mar-27;16.800;19881.6;24,11;0,84;;1
27/08/26;MINI IBEX-35;CALL;Mar-27;17.000;19881.6;23,63;0,82;;2
27/08/26;MINI IBEX-35;CALL;Mar-27;17.900;19881.6;21,51;0,76;;1
27/08/26;MINI IBEX-35;CALL;Mar-27;18.000;19881.6;21,27;0,75;;750
27/08/26;MINI IBEX-35;CALL;Mar-27;18.500;19881.6;20,09;0,70;;2
27/08/26;MINI IBEX-35;CALL;Mar-27;18.900;19881.6;19,15;0,66;;2
27/08/26;MINI IBEX-35;CALL;Mar-27;19.000;19881.6;18,92;0,65;;1
27/08/26;MINI IBEX-35;CALL;Mar-27;19.100;19881.6;18,68;0,64;;1
27/08/26;MINI IBEX-35;CALL;Mar-27;19.300;19881.6;18,21;0,61;;4
27/08/26;MINI IBEX-35;CALL;Mar-27;20.100;19881.6;16,53;0,49;;1
27/08/26;MINI IBEX-35;CALL;Mar-27;20.200;19881.6;16,41;0,47;;1
27/08/26;MINI IBEX-35;CALL;Mar-27;20.500;19881.6;16,04;0,42;;1
27/08/26;MINI IBEX-35;CALL;Mar-27;20.600;19881.6;15,92;0,41;;1
27/08/26;MINI IBEX-35;CALL;Mar-27;20.700;19881.6;15,80;0,39;;2
27/08/26;MINI IBEX-35;CALL;Mar-27;20.800;19881.6;15,68;0,37;;1
27/08/26;MINI IBEX-35;CALL;Mar-27;21.000;19881.6;15,44;0,34;;1
27/08/26;MINI IBEX-35;CALL;Mar-27;22.000;19881.6;14,24;0,19;;3
27/08/26;MINI IBEX-35;CALL;Jun-27;18.500;19881.6;20,38;0,66;;2
27/08/26;MINI IBEX-35;CALL;Jun-27;19.000;19881.6;19,33;0,61;;2
27/08/26;MINI IBEX-35;CALL;Jun-27;19.200;19881.6;18,91;0,59;;6
27/08/26;MINI IBEX-35;CALL;Jun-27;22.000;19881.6;15,06;0,23;;1
27/08/26;MINI IBEX-35;CALL;Jun-27;24.000;19881.6;12,70;0,05;;3
27/08/26;MINI IBEX-35;CALL;Sep-27;19.800;19881.6;18,29;0,52;;1
27/08/26;MINI IBEX-35;CALL;Dic-27;14.000;19881.6;28,81;0,86;;2
27/08/26;MINI IBEX-35;CALL;Dic-27;16.200;19881.6;24,95;0,77;;32
27/08/26;MINI IBEX-35;CALL;Dic-27;16.300;19881.6;24,77;0,77;;96
27/08/26;MINI IBEX-35;CALL;Dic-27;16.400;19881.6;24,60;0,76;;32
27/08/26;MINI IBEX-35;CALL;Dic-27;16.500;19881.6;24,42;0,76;;32
27/08/26;MINI IBEX-35;CALL;Dic-27;16.700;19881.6;24,07;0,74;;32
27/08/26;MINI IBEX-35;CALL;Dic-27;17.600;19881.6;22,49;0,69;;32
27/08/26;MINI IBEX-35;CALL;Dic-27;19.400;19881.6;19,32;0,55;;6.750
27/08/26;MINI IBEX-35;CALL;Dic-27;19.500;19881.6;19,15;0,54;;4
27/08/26;MINI IBEX-35;CALL;Dic-27;20.500;19881.6;17,91;0,45;;1
27/08/26;MINI IBEX-35;CALL;Mar-28;18.400;19881.6;21,17;0,63;;32
27/08/26;MINI IBEX-35;CALL;Mar-28;18.500;19881.6;21,01;0,62;;32
27/08/26;MINI IBEX-35;CALL;Mar-28;18.600;19881.6;20,85;0,62;;32
27/08/26;MINI IBEX-35;CALL;Dic-28;16.800;19881.6;22,90;0,68;;1.800
27/08/26;MINI IBEX-35;PUT;Sep-26;13.000;19881.6;42,38;;;2
27/08/26;MINI IBEX-35;PUT;Sep-26;13.100;19881.6;41,97;;;2
27/08/26;MINI IBEX-35;PUT;Sep-26;13.500;19881.6;40,34;;;2
27/08/26;MINI IBEX-35;PUT;Sep-26;13.600;19881.6;39,93;;;1
27/08/26;MINI IBEX-35;PUT;Sep-26;13.700;19881.6;39,52;;;2
27/08/26;MINI IBEX-35;PUT;Sep-26;13.900;19881.6;38,70;;;1
27/08/26;MINI IBEX-35;PUT;Sep-26;14.000;19881.6;38,29;;;4
27/08/26;MINI IBEX-35;PUT;Sep-26;14.100;19881.6;37,88;;;2
27/08/26;MINI IBEX-35;PUT;Sep-26;14.200;19881.6;37,48;;;1
27/08/26;MINI IBEX-35;PUT;Sep-26;14.300;19881.6;37,07;;;1
27/08/26;MINI IBEX-35;PUT;Sep-26;14.400;19881.6;36,66;;;4
27/08/26;MINI IBEX-35;PUT;Sep-26;14.500;19881.6;36,25;;;5
27/08/26;MINI IBEX-35;PUT;Sep-26;14.600;19881.6;35,84;;;5
27/08/26;MINI IBEX-35;PUT;Sep-26;14.700;19881.6;35,43;;;3
27/08/26;MINI IBEX-35;PUT;Sep-26;15.000;19881.6;34,21;;;41
27/08/26;MINI IBEX-35;PUT;Sep-26;15.100;19881.6;33,80;;;1
27/08/26;MINI IBEX-35;PUT;Sep-26;15.200;19881.6;33,39;;;2
27/08/26;MINI IBEX-35;PUT;Sep-26;15.300;19881.6;32,98;;;7
27/08/26;MINI IBEX-35;PUT;Sep-26;15.400;19881.6;32,57;;;5
27/08/26;MINI IBEX-35;PUT;Sep-26;15.500;19881.6;32,16;;;44
27/08/26;MINI IBEX-35;PUT;Sep-26;15.600;19881.6;31,75;;;1
27/08/26;MINI IBEX-35;PUT;Sep-26;15.700;19881.6;31,35;;;1
27/08/26;MINI IBEX-35;PUT;Sep-26;15.800;19881.6;30,94;;;3
27/08/26;MINI IBEX-35;PUT;Sep-26;15.900;19881.6;30,53;;;17
27/08/26;MINI IBEX-35;PUT;Sep-26;16.000;19881.6;30,12;;;5.506
27/08/26;MINI IBEX-35;PUT;Sep-26;16.100;19881.6;29,71;;;2
27/08/26;MINI IBEX-35;PUT;Sep-26;16.300;19881.6;28,89;;;1
27/08/26;MINI IBEX-35;PUT;Sep-26;16.400;19881.6;28,48;;;3
27/08/26;MINI IBEX-35;PUT;Sep-26;16.500;19881.6;28,08;;;40
27/08/26;MINI IBEX-35;PUT;Sep-26;16.600;19881.6;27,67;;;1
27/08/26;MINI IBEX-35;PUT;Sep-26;16.700;19881.6;27,26;;;1
27/08/26;MINI IBEX-35;PUT;Sep-26;16.800;19881.6;26,85;;;4
27/08/26;MINI IBEX-35;PUT;Sep-26;17.000;19881.6;26,03;-0,01;;145
27/08/26;MINI IBEX-35;PUT;Sep-26;17.200;19881.6;25,21;-0,01;;2
27/08/26;MINI IBEX-35;PUT;Sep-26;17.300;19881.6;24,81;-0,01;;2
27/08/26;MINI IBEX-35;PUT;Sep-26;17.400;19881.6;24,40;-0,01;;8
27/08/26;MINI IBEX-35;PUT;Sep-26;17.500;19881.6;23,99;-0,01;;114
27/08/26;MINI IBEX-35;PUT;Sep-26;17.600;19881.6;23,58;-0,02;;10
27/08/26;MINI IBEX-35;PUT;Sep-26;17.700;19881.6;23,17;-0,02;;3
27/08/26;MINI IBEX-35;PUT;Sep-26;17.800;19881.6;22,76;-0,02;;8
27/08/26;MINI IBEX-35;PUT;Sep-26;17.850;19881.6;22,56;-0,02;;3
27/08/26;MINI IBEX-35;PUT;Sep-26;17.900;19881.6;22,35;-0,03;;3
27/08/26;MINI IBEX-35;PUT;Sep-26;17.950;19881.6;22,15;-0,03;;2
27/08/26;MINI IBEX-35;PUT;Sep-26;18.000;19881.6;21,94;-0,03;;23
27/08/26;MINI IBEX-35;PUT;Sep-26;18.100;19881.6;21,54;-0,04;;5
27/08/26;MINI IBEX-35;PUT;Sep-26;18.150;19881.6;21,33;-0,04;1;111
27/08/26;MINI IBEX-35;PUT;Sep-26;18.200;19881.6;21,13;-0,04;;17
27/08/26;MINI IBEX-35;PUT;Sep-26;18.300;19881.6;20,72;-0,05;;4
27/08/26;MINI IBEX-35;PUT;Sep-26;18.350;19881.6;20,51;-0,05;1;1
27/08/26;MINI IBEX-35;PUT;Sep-26;18.400;19881.6;20,31;-0,06;;20
27/08/26;MINI IBEX-35;PUT;Sep-26;18.500;19881.6;19,90;-0,07;1;20
27/08/26;MINI IBEX-35;PUT;Sep-26;18.550;19881.6;19,70;-0,07;;2
27/08/26;MINI IBEX-35;PUT;Sep-26;18.600;19881.6;19,49;-0,08;;11
27/08/26;MINI IBEX-35;PUT;Sep-26;18.700;19881.6;19,08;-0,09;;5
27/08/26;MINI IBEX-35;PUT;Sep-26;18.750;19881.6;18,88;-0,10;2;5
27/08/26;MINI IBEX-35;PUT;Sep-26;18.800;19881.6;18,68;-0,10;;6
27/08/26;MINI IBEX-35;PUT;Sep-26;18.850;19881.6;18,47;-0,11;;2
27/08/26;MINI IBEX-35;PUT;Sep-26;18.900;19881.6;18,27;-0,12;1;2
27/08/26;MINI IBEX-35;PUT;Sep-26;18.950;19881.6;18,06;-0,13;1;2
27/08/26;MINI IBEX-35;PUT;Sep-26;19.000;19881.6;17,86;-0,14;2;10.906
27/08/26;MINI IBEX-35;PUT;Sep-26;19.050;19881.6;17,65;-0,15;5;7
27/08/26;MINI IBEX-35;PUT;Sep-26;19.100;19881.6;17,45;-0,17;;26
27/08/26;MINI IBEX-35;PUT;Sep-26;19.150;19881.6;17,24;-0,18;;2
27/08/26;MINI IBEX-35;PUT;Sep-26;19.200;19881.6;17,04;-0,19;;11
27/08/26;MINI IBEX-35;PUT;Sep-26;19.250;19881.6;16,84;-0,21;;1
27/08/26;MINI IBEX-35;PUT;Sep-26;19.300;19881.6;16,63;-0,22;5;11
27/08/26;MINI IBEX-35;PUT;Sep-26;19.350;19881.6;16,43;-0,24;1;13
27/08/26;MINI IBEX-35;PUT;Sep-26;19.400;19881.6;16,22;-0,26;3;10
27/08/26;MINI IBEX-35;PUT;Sep-26;19.500;19881.6;15,81;-0,29;4;21
27/08/26;MINI IBEX-35;PUT;Sep-26;19.550;19881.6;15,61;-0,32;;4
27/08/26;MINI IBEX-35;PUT;Sep-26;19.600;19881.6;15,41;-0,34;1;8
27/08/26;MINI IBEX-35;PUT;Sep-26;19.650;19881.6;15,20;-0,36;;76
27/08/26;MINI IBEX-35;PUT;Sep-26;19.700;19881.6;15,00;-0,39;2;29
27/08/26;MINI IBEX-35;PUT;Sep-26;19.800;19881.6;14,59;-0,44;7;107
27/08/26;MINI IBEX-35;PUT;Sep-26;19.850;19881.6;14,38;-0,46;;105
27/08/26;MINI IBEX-35;PUT;Sep-26;19.900;19881.6;14,18;-0,49;7;13
27/08/26;MINI IBEX-35;PUT;Sep-26;19.950;19881.6;14,09;-0,52;;1
27/08/26;MINI IBEX-35;PUT;Sep-26;20.000;19881.6;14,00;-0,55;9;42
27/08/26;MINI IBEX-35;PUT;Sep-26;20.050;19881.6;13,91;-0,58;;2
27/08/26;MINI IBEX-35;PUT;Sep-26;20.100;19881.6;13,82;-0,61;4;31
27/08/26;MINI IBEX-35;PUT;Sep-26;20.150;19881.6;13,74;-0,64;;2
27/08/26;MINI IBEX-35;PUT;Sep-26;20.200;19881.6;13,65;-0,66;;7
27/08/26;MINI IBEX-35;PUT;Sep-26;20.250;19881.6;13,56;-0,69;;2
27/08/26;MINI IBEX-35;PUT;Sep-26;20.300;19881.6;13,47;-0,72;1;144
27/08/26;MINI IBEX-35;PUT;Sep-26;20.350;19881.6;13,38;-0,74;;14
27/08/26;MINI IBEX-35;PUT;Sep-26;20.400;19881.6;13,29;-0,77;1;1
27/08/26;MINI IBEX-35;PUT;Sep-26;20.500;19881.6;13,11;-0,82;;3
27/08/26;MINI IBEX-35;PUT;Sep-26;20.550;19881.6;13,03;-0,84;;1
27/08/26;MINI IBEX-35;PUT;Sep-26;24.000;19881.6;6,90;-1,00;;5.500
27/08/26;MINI IBEX-35;PUT;Oct-26;16.400;19881.6;26,19;-0,02;;10
27/08/26;MINI IBEX-35;PUT;Oct-26;16.500;19881.6;25,85;-0,02;10;10
27/08/26;MINI IBEX-35;PUT;Oct-26;17.000;19881.6;24,16;-0,04;;1
27/08/26;MINI IBEX-35;PUT;Oct-26;17.500;19881.6;22,47;-0,06;1;2
27/08/26;MINI IBEX-35;PUT;Oct-26;18.000;19881.6;20,77;-0,09;1;17
27/08/26;MINI IBEX-35;PUT;Oct-26;18.300;19881.6;19,76;-0,12;;1
27/08/26;MINI IBEX-35;PUT;Oct-26;18.400;19881.6;19,42;-0,13;;15
27/08/26;MINI IBEX-35;PUT;Oct-26;18.500;19881.6;19,08;-0,14;;2
27/08/26;MINI IBEX-35;PUT;Oct-26;18.600;19881.6;18,74;-0,16;;1
27/08/26;MINI IBEX-35;PUT;Oct-26;18.650;19881.6;18,58;-0,16;1;1
27/08/26;MINI IBEX-35;PUT;Oct-26;18.900;19881.6;17,73;-0,21;2;4
27/08/26;MINI IBEX-35;PUT;Oct-26;18.950;19881.6;17,56;-0,22;2;6
27/08/26;MINI IBEX-35;PUT;Oct-26;19.000;19881.6;17,39;-0,23;11;14
27/08/26;MINI IBEX-35;PUT;Oct-26;19.100;19881.6;17,05;-0,25;;4
27/08/26;MINI IBEX-35;PUT;Oct-26;19.150;19881.6;16,88;-0,26;;3
27/08/26;MINI IBEX-35;PUT;Oct-26;19.250;19881.6;16,55;-0,28;;1
27/08/26;MINI IBEX-35;PUT;Oct-26;19.300;19881.6;16,38;-0,30;;1
27/08/26;MINI IBEX-35;PUT;Oct-26;19.450;19881.6;15,87;-0,34;;1
27/08/26;MINI IBEX-35;PUT;Oct-26;19.500;19881.6;15,70;-0,35;;2
27/08/26;MINI IBEX-35;PUT;Oct-26;19.600;19881.6;15,36;-0,38;;1
27/08/26;MINI IBEX-35;PUT;Oct-26;19.700;19881.6;15,02;-0,42;;2
27/08/26;MINI IBEX-35;PUT;Oct-26;19.900;19881.6;14,35;-0,49;;15
27/08/26;MINI IBEX-35;PUT;Oct-26;19.950;19881.6;14,27;-0,51;;2
27/08/26;MINI IBEX-35;PUT;Oct-26;20.000;19881.6;14,19;-0,52;2;5
27/08/26;MINI IBEX-35;PUT;Oct-26;20.100;19881.6;14,04;-0,56;;1
27/08/26;MINI IBEX-35;PUT;Oct-26;20.150;19881.6;13,96;-0,58;;8
27/08/26;MINI IBEX-35;PUT;Oct-26;20.300;19881.6;13,73;-0,64;;1
27/08/26;MINI IBEX-35;PUT;Oct-26;20.500;19881.6;13,43;-0,71;;1
27/08/26;MINI IBEX-35;PUT;Nov-26;20.700;19881.6;13,10;-0,73;;1
27/08/26;MINI IBEX-35;PUT;Dic-26;8.600;19881.6;47,47;;;1.250
27/08/26;MINI IBEX-35;PUT;Dic-26;10.900;19881.6;40,76;;;1
27/08/26;MINI IBEX-35;PUT;Dic-26;11.300;19881.6;39,59;;;1
27/08/26;MINI IBEX-35;PUT;Dic-26;11.500;19881.6;39,01;;;2
27/08/26;MINI IBEX-35;PUT;Dic-26;12.200;19881.6;36,96;-0,01;;2
27/08/26;MINI IBEX-35;PUT;Dic-26;12.300;19881.6;36,67;-0,01;;5
27/08/26;MINI IBEX-35;PUT;Dic-26;12.400;19881.6;36,38;-0,01;;1
27/08/26;MINI IBEX-35;PUT;Dic-26;12.500;19881.6;36,09;-0,01;;7
27/08/26;MINI IBEX-35;PUT;Dic-26;12.600;19881.6;35,80;-0,01;;6
27/08/26;MINI IBEX-35;PUT;Dic-26;12.900;19881.6;34,92;-0,01;;7
27/08/26;MINI IBEX-35;PUT;Dic-26;13.000;19881.6;34,63;-0,01;;7
27/08/26;MINI IBEX-35;PUT;Dic-26;13.100;19881.6;34,34;-0,01;;1
27/08/26;MINI IBEX-35;PUT;Dic-26;13.200;19881.6;34,05;-0,01;;1
27/08/26;MINI IBEX-35;PUT;Dic-26;13.500;19881.6;33,17;-0,01;1;504
27/08/26;MINI IBEX-35;PUT;Dic-26;13.600;19881.6;32,88;-0,02;;5
27/08/26;MINI IBEX-35;PUT;Dic-26;13.700;19881.6;32,59;-0,02;;2
27/08/26;MINI IBEX-35;PUT;Dic-26;14.000;19881.6;31,71;-0,02;;1.034
27/08/26;MINI IBEX-35;PUT;Dic-26;14.200;19881.6;31,13;-0,02;;3
27/08/26;MINI IBEX-35;PUT;Dic-26;14.300;19881.6;30,83;-0,02;;1
27/08/26;MINI IBEX-35;PUT;Dic-26;14.400;19881.6;30,54;-0,02;;1
27/08/26;MINI IBEX-35;PUT;Dic-26;14.500;19881.6;30,25;-0,03;;1
27/08/26;MINI IBEX-35;PUT;Dic-26;14.600;19881.6;29,96;-0,03;;1
27/08/26;MINI IBEX-35;PUT;Dic-26;14.800;19881.6;29,38;-0,03;;1
27/08/26;MINI IBEX-35;PUT;Dic-26;14.900;19881.6;29,08;-0,03;;3
27/08/26;MINI IBEX-35;PUT;Dic-26;15.000;19881.6;28,79;-0,03;;18
27/08/26;MINI IBEX-35;PUT;Dic-26;15.200;19881.6;28,21;-0,04;;1
27/08/26;MINI IBEX-35;PUT;Dic-26;15.500;19881.6;27,33;-0,04;;28
27/08/26;MINI IBEX-35;PUT;Dic-26;15.600;19881.6;27,04;-0,05;;32
27/08/26;MINI IBEX-35;PUT;Dic-26;15.700;19881.6;26,75;-0,05;;4
27/08/26;MINI IBEX-35;PUT;Dic-26;15.800;19881.6;26,46;-0,05;;4
27/08/26;MINI IBEX-35;PUT;Dic-26;15.900;19881.6;26,17;-0,05;;1
27/08/26;MINI IBEX-35;PUT;Dic-26;16.000;19881.6;25,87;-0,06;;27
27/08/26;MINI IBEX-35;PUT;Dic-26;16.300;19881.6;25,00;-0,07;;10
27/08/26;MINI IBEX-35;PUT;Dic-26;16.400;19881.6;24,71;-0,07;;6.000
27/08/26;MINI IBEX-35;PUT;Dic-26;16.500;19881.6;24,41;-0,08;;3
27/08/26;MINI IBEX-35;PUT;Dic-26;16.600;19881.6;24,12;-0,08;;2
27/08/26;MINI IBEX-35;PUT;Dic-26;16.700;19881.6;23,83;-0,08;1;1.514
27/08/26;MINI IBEX-35;PUT;Dic-26;16.800;19881.6;23,54;-0,09;;11
27/08/26;MINI IBEX-35;PUT;Dic-26;16.900;19881.6;23,25;-0,09;;4
27/08/26;MINI IBEX-35;PUT;Dic-26;17.000;19881.6;22,95;-0,10;;24
27/08/26;MINI IBEX-35;PUT;Dic-26;17.100;19881.6;22,66;-0,11;;7
27/08/26;MINI IBEX-35;PUT;Dic-26;17.200;19881.6;22,37;-0,11;;105
27/08/26;MINI IBEX-35;PUT;Dic-26;17.300;19881.6;22,08;-0,12;;6
27/08/26;MINI IBEX-35;PUT;Dic-26;17.400;19881.6;21,79;-0,12;;6
27/08/26;MINI IBEX-35;PUT;Dic-26;17.500;19881.6;21,50;-0,13;1;1.024
27/08/26;MINI IBEX-35;PUT;Dic-26;17.600;19881.6;21,20;-0,14;;104
27/08/26;MINI IBEX-35;PUT;Dic-26;17.700;19881.6;20,91;-0,15;;5.011
27/08/26;MINI IBEX-35;PUT;Dic-26;17.800;19881.6;20,62;-0,15;;10
27/08/26;MINI IBEX-35;PUT;Dic-26;17.900;19881.6;20,33;-0,16;;5.001
27/08/26;MINI IBEX-35;PUT;Dic-26;18.000;19881.6;20,04;-0,17;1;26
27/08/26;MINI IBEX-35;PUT;Dic-26;18.100;19881.6;19,74;-0,18;;5
27/08/26;MINI IBEX-35;PUT;Dic-26;18.200;19881.6;19,45;-0,19;;11
27/08/26;MINI IBEX-35;PUT;Dic-26;18.300;19881.6;19,16;-0,20;;6
27/08/26;MINI IBEX-35;PUT;Dic-26;18.400;19881.6;18,87;-0,22;;10
27/08/26;MINI IBEX-35;PUT;Dic-26;18.500;19881.6;18,58;-0,23;;212
27/08/26;MINI IBEX-35;PUT;Dic-26;18.700;19881.6;17,99;-0,25;;1
27/08/26;MINI IBEX-35;PUT;Dic-26;18.800;19881.6;17,70;-0,27;;6
27/08/26;MINI IBEX-35;PUT;Dic-26;18.900;19881.6;17,41;-0,28;;11
27/08/26;MINI IBEX-35;PUT;Dic-26;19.000;19881.6;17,12;-0,30;2;8
27/08/26;MINI IBEX-35;PUT;Dic-26;19.100;19881.6;16,83;-0,32;;3
27/08/26;MINI IBEX-35;PUT;Dic-26;19.200;19881.6;16,53;-0,34;;38
27/08/26;MINI IBEX-35;PUT;Dic-26;19.300;19881.6;16,24;-0,35;;4
27/08/26;MINI IBEX-35;PUT;Dic-26;19.400;19881.6;15,95;-0,37;;2
27/08/26;MINI IBEX-35;PUT;Dic-26;19.500;19881.6;15,66;-0,39;;3
27/08/26;MINI IBEX-35;PUT;Dic-26;19.600;19881.6;15,37;-0,42;;6
27/08/26;MINI IBEX-35;PUT;Dic-26;19.700;19881.6;15,07;-0,44;;2
27/08/26;MINI IBEX-35;PUT;Dic-26;19.800;19881.6;14,78;-0,46;;2
27/08/26;MINI IBEX-35;PUT;Dic-26;19.900;19881.6;14,53;-0,49;;1
27/08/26;MINI IBEX-35;PUT;Dic-26;20.000;19881.6;14,39;-0,51;1;26
27/08/26;MINI IBEX-35;PUT;Dic-26;20.100;19881.6;14,25;-0,54;;10
27/08/26;MINI IBEX-35;PUT;Dic-26;20.500;19881.6;13,70;-0,64;;1
27/08/26;MINI IBEX-35;PUT;Mar-27;13.000;19881.6;31,07;-0,03;;3
27/08/26;MINI IBEX-35;PUT;Mar-27;13.800;19881.6;29,18;-0,04;;32
27/08/26;MINI IBEX-35;PUT;Mar-27;15.200;19881.6;25,88;-0,07;;1
27/08/26;MINI IBEX-35;PUT;Mar-27;15.700;19881.6;24,70;-0,08;;1
27/08/26;MINI IBEX-35;PUT;Mar-27;16.500;19881.6;22,81;-0,12;;1
27/08/26;MINI IBEX-35;PUT;Mar-27;17.000;19881.6;21,63;-0,14;;2
27/08/26;MINI IBEX-35;PUT;Mar-27;17.500;19881.6;20,45;-0,18;;21
27/08/26;MINI IBEX-35;PUT;Mar-27;17.800;19881.6;19,75;-0,20;;1
27/08/26;MINI IBEX-35;PUT;Mar-27;18.000;19881.6;19,27;-0,22;;756
27/08/26;MINI IBEX-35;PUT;Mar-27;18.100;19881.6;19,04;-0,23;;5
27/08/26;MINI IBEX-35;PUT;Mar-27;18.200;19881.6;18,80;-0,24;;5
27/08/26;MINI IBEX-35;PUT;Mar-27;18.300;19881.6;18,57;-0,25;;5
27/08/26;MINI IBEX-35;PUT;Mar-27;18.400;19881.6;18,33;-0,26;;5
27/08/26;MINI IBEX-35;PUT;Mar-27;18.500;19881.6;18,09;-0,27;;3
27/08/26;MINI IBEX-35;PUT;Mar-27;18.600;19881.6;17,86;-0,28;;2
27/08/26;MINI IBEX-35;PUT;Mar-27;18.900;19881.6;17,15;-0,31;;2
27/08/26;MINI IBEX-35;PUT;Mar-27;19.100;19881.6;16,68;-0,34;;5
27/08/26;MINI IBEX-35;PUT;Mar-27;19.300;19881.6;16,21;-0,37;;5
27/08/26;MINI IBEX-35;PUT;Mar-27;19.500;19881.6;15,74;-0,40;;5
27/08/26;MINI IBEX-35;PUT;Mar-27;19.600;19881.6;15,50;-0,42;;5
27/08/26;MINI IBEX-35;PUT;Mar-27;19.800;19881.6;15,03;-0,45;;5
27/08/26;MINI IBEX-35;PUT;Mar-27;19.900;19881.6;14,79;-0,47;;5
27/08/26;MINI IBEX-35;PUT;Mar-27;21.400;19881.6;12,96;-0,74;;1
27/08/26;MINI IBEX-35;PUT;Mar-27;21.600;19881.6;12,72;-0,78;;2
27/08/26;MINI IBEX-35;PUT;Mar-27;21.800;19881.6;12,48;-0,81;;1
27/08/26;MINI IBEX-35;PUT;Mar-27;21.900;19881.6;12,36;-0,82;;3
27/08/26;MINI IBEX-35;PUT;Mar-27;22.000;19881.6;12,24;-0,84;;2
27/08/26;MINI IBEX-35;PUT;Mar-27;22.900;19881.6;11,15;-0,93;;2
27/08/26;MINI IBEX-35;PUT;Jun-27;13.000;19881.6;29,44;-0,04;;2
27/08/26;MINI IBEX-35;PUT;Jun-27;16.000;19881.6;23,13;-0,13;;20
27/08/26;MINI IBEX-35;PUT;Jun-27;17.000;19881.6;21,02;-0,18;;1
27/08/26;MINI IBEX-35;PUT;Jun-27;18.000;19881.6;18,92;-0,26;;1
27/08/26;MINI IBEX-35;PUT;Jun-27;18.500;19881.6;17,86;-0,30;;1
27/08/26;MINI IBEX-35;PUT;Jun-27;19.700;19881.6;15,34;-0,45;;1
27/08/26;MINI IBEX-35;PUT;Jun-27;19.900;19881.6;15,02;-0,48;;1
27/08/26;MINI IBEX-35;PUT;Jun-27;20.300;19881.6;14,54;-0,54;;1
27/08/26;MINI IBEX-35;PUT;Jun-27;23.300;19881.6;11,01;-0,92;;1
27/08/26;MINI IBEX-35;PUT;Jun-27;23.400;19881.6;10,89;-0,93;;2
27/08/26;MINI IBEX-35;PUT;Jun-27;24.200;19881.6;9,95;-0,96;;2
27/08/26;MINI IBEX-35;PUT;Sep-27;12.100;19881.6;30,01;-0,04;;32
27/08/26;MINI IBEX-35;PUT;Sep-27;12.200;19881.6;29,82;-0,04;;32
27/08/26;MINI IBEX-35;PUT;Sep-27;12.300;19881.6;29,63;-0,04;;32
27/08/26;MINI IBEX-35;PUT;Sep-27;12.400;19881.6;29,44;-0,04;;32
27/08/26;MINI IBEX-35;PUT;Sep-27;14.200;19881.6;26,01;-0,08;;32
27/08/26;MINI IBEX-35;PUT;Dic-27;13.400;19881.6;26,73;-0,08;;250
27/08/26;MINI IBEX-35;PUT;Dic-27;14.700;19881.6;24,44;-0,11;;1
27/08/26;MINI IBEX-35;PUT;Dic-27;15.400;19881.6;23,21;-0,14;;32
27/08/26;MINI IBEX-35;PUT;Dic-27;15.700;19881.6;22,69;-0,15;;32
27/08/26;MINI IBEX-35;PUT;Dic-27;15.800;19881.6;22,51;-0,16;;32
27/08/26;MINI IBEX-35;PUT;Dic-27;19.300;19881.6;16,36;-0,40;;3
27/08/26;MINI IBEX-35;PUT;Dic-27;19.400;19881.6;16,18;-0,41;;6.751
27/08/26;MINI IBEX-35;PUT;Jun-28;18.400;19881.6;17,51;-0,33;;64
27/08/26;MINI IBEX-35;PUT;Jun-28;18.500;19881.6;17,35;-0,34;;64
27/08/26;MINI IBEX-35;PUT;Jun-28;19.300;19881.6;16,10;-0,41;;32
27/08/26;MINI IBEX-35;PUT;Jun-28;20.000;19881.6;15,23;-0,47;;32
27/08/26;MINI IBEX-35;PUT;Sep-28;17.500;19881.6;18,33;-0,27;;2
27/08/26;MINI IBEX-35;PUT;Dic-28;16.800;19881.6;18,93;-0,24;;1.800
27/08/26;MINI IBEX-35;PUT;Jun-29;18.800;19881.6;18,15;-0,37;;1
27/08/26;MINI IBEX-35;PUT;Jun-31;18.400;19881.6;18,85;-0,34;;1
27/08/26;ACCIONA;CALL;Sep-26;210,00;211.8;35,73;0,56;2;11
27/08/26;ACCIONA;CALL;Sep-26;220,00;211.8;34,98;0,35;;6
27/08/26;ACCIONA;CALL;Sep-26;230,00;211.8;34,49;0,18;;1
27/08/26;ACCIONA;CALL;Sep-26;260,00;211.8;33,03;0,01;;16
27/08/26;ACCIONA;CALL;Sep-26;280,00;211.8;32,05;;;2
27/08/26;ACCIONA;CALL;Sep-26;310,00;211.8;30,59;;;5
27/08/26;ACCIONA;CALL;Sep-26;340,00;211.8;29,13;;;10
27/08/26;ACCIONA;CALL;Dic-26;210,00;211.8;34,83;0,57;;2
27/08/26;ACCIONA;CALL;Dic-26;230,00;211.8;33,87;0,38;;5
27/08/26;ACCIONA;CALL;Dic-26;260,00;211.8;32,79;0,16;;2
27/08/26;ACCIONA;CALL;Dic-26;280,00;211.8;32,06;0,08;;5
27/08/26;ACCIONA;CALL;Dic-26;320,00;211.8;30,61;0,01;;5
27/08/26;ACCIONA;CALL;Mar-27;160,00;211.8;42,55;0,86;;1
27/08/26;ACCIONA;CALL;Mar-27;270,00;211.8;32,97;0,21;;5
27/08/26;ACCIONA;CALL;Mar-27;290,00;211.8;32,31;0,13;;5
27/08/26;ACCIONA;CALL;Jun-27;220,00;211.8;33,42;0,54;;1
27/08/26;ACCIONA;PUT;Sep-26;120,00;211.8;53,79;;;1
27/08/26;ACCIONA;PUT;Sep-26;170,00;211.8;43,95;-0,02;;1
27/08/26;ACCIONA;PUT;Sep-26;185,00;211.8;41,00;-0,08;;3
27/08/26;ACCIONA;PUT;Sep-26;190,00;211.8;40,02;-0,12;;15
27/08/26;ACCIONA;PUT;Sep-26;200,00;211.8;38,05;-0,25;;11
27/08/26;ACCIONA;PUT;Sep-26;210,00;211.8;36,08;-0,44;;12
27/08/26;ACCIONA;PUT;Oct-26;220,00;211.8;33,90;-0,59;;2
27/08/26;ACCIONA;PUT;Dic-26;175,00;211.8;40,71;-0,16;;2
27/08/26;ACCIONA;PUT;Dic-26;195,00;211.8;37,37;-0,30;;15
27/08/26;ACCIONA;PUT;Dic-26;200,00;211.8;36,54;-0,34;;20
27/08/26;ACCIONA;PUT;Dic-26;210,00;211.8;34,87;-0,43;;7
27/08/26;ACCIONA;PUT;Mar-27;170,00;211.8;40,91;-0,18;;2
27/08/26;ACCIONA;PUT;Mar-27;200,00;211.8;36,48;-0,35;;20
27/08/26;ACCIONA;PUT;Mar-27;210,00;211.8;35,00;-0,42;;5
27/08/26;ACCIONA;PUT;Mar-27;290,00;211.8;32,15;-0,91;;5
27/08/26;ACCIONA ENERGIA;CALL;Sep-26;29,00;21.58;31,58;;;1
27/08/26;ACCIONA ENERGIA;CALL;Dic-26;24,00;21.58;32,13;0,32;;3
27/08/26;ACCIONA ENERGIA;CALL;Dic-26;25,00;21.58;32,13;0,25;;1
27/08/26;ACCIONA ENERGIA;CALL;Dic-26;27,00;21.58;32,13;0,13;;1
27/08/26;ACCIONA ENERGIA;CALL;Dic-26;30,00;21.58;32,13;0,04;;1
27/08/26;ACCIONA ENERGIA;CALL;Dic-26;31,00;21.58;32,13;0,03;;1
27/08/26;ACCIONA ENERGIA;PUT;Sep-26;20,00;21.58;34,55;-0,17;;3
27/08/26;ACCIONA ENERGIA;PUT;Sep-26;21,00;21.58;33,85;-0,35;;22
27/08/26;ACCIONA ENERGIA;PUT;Sep-26;23,00;21.58;33,41;-0,77;;2
27/08/26;ACCIONA ENERGIA;PUT;Dic-26;18,00;21.58;36,89;-0,15;;2
27/08/26;ACCIONA ENERGIA;PUT;Dic-26;19,00;21.58;36,19;-0,22;;3
27/08/26;ACCIONA ENERGIA;PUT;Dic-26;20,00;21.58;35,50;-0,30;;1
27/08/26;ACCIONA ENERGIA;PUT;Dic-26;21,00;21.58;34,80;-0,40;;15
27/08/26;ACCIONA ENERGIA;PUT;Jun-27;24,00;21.58;29,55;-0,59;;13
27/08/26;ACERINOX;CALL;Sep-26;14,50;17.84;37,61;0,99;;150
27/08/26;ACERINOX;CALL;Sep-26;15,50;17.84;35,82;0,95;;10
27/08/26;ACERINOX;CALL;Sep-26;16,00;17.84;34,92;0,91;;11
27/08/26;ACERINOX;CALL;Sep-26;17,00;17.84;33,13;0,74;;13
27/08/26;ACERINOX;CALL;Sep-26;17,50;17.84;32,23;0,62;;8
27/08/26;ACERINOX;CALL;Sep-26;18,00;17.84;31,50;0,48;;6
27/08/26;ACERINOX;CALL;Sep-26;18,50;17.84;31,11;0,34;;47
27/08/26;ACERINOX;CALL;Sep-26;19,00;17.84;30,73;0,22;;10
27/08/26;ACERINOX;CALL;Sep-26;21,00;17.84;29,20;0,01;;1
27/08/26;ACERINOX;CALL;Oct-26;17,50;17.84;32,49;0,60;;3
27/08/26;ACERINOX;CALL;Oct-26;18,50;17.84;31,51;0,41;;20
27/08/26;ACERINOX;CALL;Oct-26;19,50;17.84;30,95;0,25;;10
27/08/26;ACERINOX;CALL;Dic-26;6,00;17.84;49,89;1,00;;20
27/08/26;ACERINOX;CALL;Dic-26;9,75;17.84;44,08;1,00;;2
27/08/26;ACERINOX;CALL;Dic-26;11,00;17.84;42,14;0,99;;10
27/08/26;ACERINOX;CALL;Dic-26;13,00;17.84;39,04;0,95;;11
27/08/26;ACERINOX;CALL;Dic-26;13,50;17.84;38,26;0,93;;20
27/08/26;ACERINOX;CALL;Dic-26;14,00;17.84;37,49;0,90;;10
27/08/26;ACERINOX;CALL;Dic-26;14,50;17.84;36,71;0,87;;10
27/08/26;ACERINOX;CALL;Dic-26;15,00;17.84;35,93;0,84;;20
27/08/26;ACERINOX;CALL;Dic-26;16,00;17.84;34,38;0,76;;10
27/08/26;ACERINOX;CALL;Dic-26;16,50;17.84;33,61;0,71;;3
27/08/26;ACERINOX;CALL;Dic-26;17,00;17.84;32,83;0,65;;15
27/08/26;ACERINOX;CALL;Dic-26;17,50;17.84;32,06;0,59;;35
27/08/26;ACERINOX;CALL;Dic-26;18,00;17.84;31,48;0,53;;20
27/08/26;ACERINOX;CALL;Dic-26;19,00;17.84;31,16;0,41;;20
27/08/26;ACERINOX;CALL;Dic-26;19,50;17.84;31,00;0,35;;11
27/08/26;ACERINOX;CALL;Dic-26;20,00;17.84;30,84;0,30;;11
27/08/26;ACERINOX;CALL;Dic-26;22,00;17.84;30,21;0,13;;1
27/08/26;ACERINOX;CALL;Dic-26;24,00;17.84;29,57;0,05;;51
27/08/26;ACERINOX;CALL;Mar-27;8,75;17.84;44,23;1,00;;1
27/08/26;ACERINOX;CALL;Mar-27;11,00;17.84;41,37;0,97;;15
27/08/26;ACERINOX;CALL;Mar-27;13,00;17.84;38,83;0,91;;1
27/08/26;ACERINOX;CALL;Mar-27;13,50;17.84;38,19;0,89;;5
27/08/26;ACERINOX;CALL;Mar-27;14,50;17.84;36,92;0,83;;150
27/08/26;ACERINOX;CALL;Mar-27;15,50;17.84;35,65;0,76;;150
27/08/26;ACERINOX;CALL;Mar-27;16,00;17.84;35,02;0,73;;150
27/08/26;ACERINOX;CALL;Mar-27;17,00;17.84;33,75;0,64;;150
27/08/26;ACERINOX;CALL;Mar-27;17,50;17.84;33,11;0,59;;100
27/08/26;ACERINOX;CALL;Mar-27;18,50;17.84;32,48;0,50;;50
27/08/26;ACERINOX;CALL;Mar-27;19,00;17.84;32,33;0,45;;25
27/08/26;ACERINOX;CALL;Jun-27;16,00;17.84;35,66;0,70;;1
27/08/26;ACERINOX;CALL;Jun-27;17,50;17.84;33,73;0,59;;4
27/08/26;ACERINOX;CALL;Sep-27;13,50;17.84;40,13;0,83;;5
27/08/26;ACERINOX;CALL;Sep-27;14,00;17.84;39,46;0,80;;1
27/08/26;ACERINOX;CALL;Sep-27;16,50;17.84;36,09;0,66;;150
27/08/26;ACERINOX;CALL;Dic-27;11,00;17.84;41,74;0,92;;10
27/08/26;ACERINOX;CALL;Dic-27;12,00;17.84;40,54;0,88;;1
27/08/26;ACERINOX;CALL;Dic-27;13,00;17.84;39,35;0,84;;10
27/08/26;ACERINOX;CALL;Jun-28;12,50;17.84;37,83;0,85;;10
27/08/26;ACERINOX;PUT;Sep-26;9,00;17.84;44,74;;;23
27/08/26;ACERINOX;PUT;Sep-26;9,50;17.84;43,84;;;43
27/08/26;ACERINOX;PUT;Sep-26;9,75;17.84;43,39;;;1
27/08/26;ACERINOX;PUT;Sep-26;10,00;17.84;42,94;;;10
27/08/26;ACERINOX;PUT;Sep-26;10,50;17.84;42,05;;;40
27/08/26;ACERINOX;PUT;Sep-26;11,00;17.84;41,15;;;150
27/08/26;ACERINOX;PUT;Sep-26;12,00;17.84;39,36;;;10
27/08/26;ACERINOX;PUT;Sep-26;13,00;17.84;37,56;;;9
27/08/26;ACERINOX;PUT;Sep-26;14,00;17.84;35,77;;;10
27/08/26;ACERINOX;PUT;Sep-26;15,00;17.84;33,97;-0,02;;5
27/08/26;ACERINOX;PUT;Sep-26;15,50;17.84;33,08;-0,04;;22
27/08/26;ACERINOX;PUT;Sep-26;16,00;17.84;32,18;-0,08;;40
27/08/26;ACERINOX;PUT;Sep-26;17,00;17.84;30,39;-0,24;;7
27/08/26;ACERINOX;PUT;Sep-26;17,50;17.84;29,49;-0,38;;10
27/08/26;ACERINOX;PUT;Sep-26;18,00;17.84;28,76;-0,53;;2
27/08/26;ACERINOX;PUT;Sep-26;18,50;17.84;28,37;-0,68;;25
27/08/26;ACERINOX;PUT;Oct-26;15,50;17.84;32,93;-0,11;;10
27/08/26;ACERINOX;PUT;Dic-26;9,50;17.84;42,28;;;1
27/08/26;ACERINOX;PUT;Dic-26;9,75;17.84;41,90;;;1
27/08/26;ACERINOX;PUT;Dic-26;10,00;17.84;41,51;;;97
27/08/26;ACERINOX;PUT;Dic-26;10,50;17.84;40,73;-0,01;;35
27/08/26;ACERINOX;PUT;Dic-26;11,00;17.84;39,96;-0,01;;51
27/08/26;ACERINOX;PUT;Dic-26;11,50;17.84;39,18;-0,02;;25
27/08/26;ACERINOX;PUT;Dic-26;12,00;17.84;38,41;-0,02;;75
27/08/26;ACERINOX;PUT;Dic-26;12,50;17.84;37,63;-0,03;;145
27/08/26;ACERINOX;PUT;Dic-26;13,00;17.84;36,86;-0,05;;10
27/08/26;ACERINOX;PUT;Dic-26;13,50;17.84;36,08;-0,06;;45
27/08/26;ACERINOX;PUT;Dic-26;15,00;17.84;33,75;-0,15;;20
27/08/26;ACERINOX;PUT;Dic-26;15,50;17.84;32,98;-0,19;;20
27/08/26;ACERINOX;PUT;Dic-26;17,00;17.84;30,65;-0,34;;30
27/08/26;ACERINOX;PUT;Dic-26;18,00;17.84;29,30;-0,48;;50
27/08/26;ACERINOX;PUT;Mar-27;8,00;17.84;42,72;;;2
27/08/26;ACERINOX;PUT;Mar-27;10,00;17.84;40,18;-0,02;;175
27/08/26;ACERINOX;PUT;Mar-27;10,50;17.84;39,55;-0,03;;60
27/08/26;ACERINOX;PUT;Mar-27;11,00;17.84;38,91;-0,04;;160
27/08/26;ACERINOX;PUT;Mar-27;11,50;17.84;38,28;-0,05;;126
27/08/26;ACERINOX;PUT;Mar-27;12,00;17.84;37,64;-0,06;;70
27/08/26;ACERINOX;PUT;Mar-27;13,50;17.84;35,73;-0,12;;12
27/08/26;ACERINOX;PUT;Mar-27;15,00;17.84;33,83;-0,22;;100
27/08/26;ACERINOX;PUT;Mar-27;15,50;17.84;33,19;-0,25;;11
27/08/26;ACERINOX;PUT;Mar-27;16,00;17.84;32,56;-0,29;;3
27/08/26;ACERINOX;PUT;Mar-27;17,00;17.84;31,29;-0,38;;10
27/08/26;ACERINOX;PUT;Jun-27;8,75;17.84;42,37;-0,02;;1
27/08/26;ACERINOX;PUT;Jun-27;10,00;17.84;40,76;-0,04;;243
27/08/26;ACERINOX;PUT;Jun-27;11,00;17.84;39,47;-0,06;;110
27/08/26;ACERINOX;PUT;Jun-27;15,00;17.84;34,31;-0,24;;10
27/08/26;ACERINOX;PUT;Sep-27;10,00;17.84;40,95;-0,06;;150
27/08/26;ACERINOX;PUT;Sep-27;10,50;17.84;40,27;-0,07;;150
27/08/26;ACERINOX;PUT;Sep-27;11,00;17.84;39,60;-0,09;;150
27/08/26;ACERINOX;PUT;Sep-27;11,50;17.84;38,93;-0,10;;150
27/08/26;ACERINOX;PUT;Sep-27;12,00;17.84;38,26;-0,12;;207
27/08/26;ACERINOX;PUT;Dic-27;12,00;17.84;36,93;-0,13;;150
27/08/26;ACERINOX;PUT;Mar-28;12,00;17.84;35,14;-0,14;;208
27/08/26;ACERINOX;PUT;Sep-28;18,00;17.84;29,15;-0,45;;138
27/08/26;ACS;CALL;Sep-26;105,00;103.6;32,13;0,46;;5
27/08/26;ACS;CALL;Sep-26;108,00;103.6;31,67;0,32;;10
27/08/26;ACS;CALL;Sep-26;110,00;103.6;31,36;0,24;2;6
27/08/26;ACS;CALL;Sep-26;115,00;103.6;30,59;0,09;;45
27/08/26;ACS;CALL;Sep-26;120,00;103.6;29,82;0,02;;21
27/08/26;ACS;CALL;Sep-26;125,00;103.6;29,04;;;6
27/08/26;ACS;CALL;Sep-26;130,00;103.6;28,27;;;104
27/08/26;ACS;CALL;Sep-26;140,00;103.6;26,73;;;12
27/08/26;ACS;CALL;Sep-26;145,00;103.6;25,96;;;22
27/08/26;ACS;CALL;Sep-26;150,00;103.6;25,18;;;3
27/08/26;ACS;CALL;Sep-26;155,00;103.6;24,41;;;5
27/08/26;ACS;CALL;Sep-26;165,00;103.6;22,87;;;5
27/08/26;ACS;CALL;Oct-26;110,00;103.6;31,93;0,34;;21
27/08/26;ACS;CALL;Oct-26;115,00;103.6;31,38;0,21;;4
27/08/26;ACS;CALL;Oct-26;120,00;103.6;30,84;0,12;;5
27/08/26;ACS;CALL;Oct-26;125,00;103.6;30,29;0,06;;1
27/08/26;ACS;CALL;Oct-26;130,00;103.6;29,74;0,02;;5
27/08/26;ACS;CALL;Oct-26;140,00;103.6;28,65;;;3
27/08/26;ACS;CALL;Dic-26;86,00;103.6;38,20;0,85;;1
27/08/26;ACS;CALL;Dic-26;90,00;103.6;37,08;0,79;;25
27/08/26;ACS;CALL;Dic-26;92,00;103.6;36,52;0,77;;25
27/08/26;ACS;CALL;Dic-26;105,00;103.6;33,24;0,52;;2
27/08/26;ACS;CALL;Dic-26;110,00;103.6;33,15;0,42;;5
27/08/26;ACS;CALL;Dic-26;115,00;103.6;33,05;0,33;;87
27/08/26;ACS;CALL;Dic-26;120,00;103.6;32,95;0,25;;90
27/08/26;ACS;CALL;Dic-26;125,00;103.6;32,86;0,19;;86
27/08/26;ACS;CALL;Dic-26;130,00;103.6;32,76;0,13;;711
27/08/26;ACS;CALL;Dic-26;135,00;103.6;32,66;0,09;;4
27/08/26;ACS;CALL;Dic-26;140,00;103.6;32,57;0,06;;2
27/08/26;ACS;CALL;Dic-26;145,00;103.6;32,47;0,04;;10
27/08/26;ACS;CALL;Dic-26;150,00;103.6;32,37;0,03;;80
27/08/26;ACS;CALL;Dic-26;155,00;103.6;32,28;0,02;;15
27/08/26;ACS;CALL;Dic-26;160,00;103.6;32,18;0,01;;15
27/08/26;ACS;CALL;Dic-26;165,00;103.6;32,08;0,01;;25
27/08/26;ACS;CALL;Mar-27;92,00;103.6;36,70;0,73;;1
27/08/26;ACS;CALL;Mar-27;96,00;103.6;35,77;0,68;;1
27/08/26;ACS;CALL;Mar-27;100,00;103.6;34,84;0,62;;1
27/08/26;ACS;CALL;Mar-27;115,00;103.6;32,84;0,40;;5
27/08/26;ACS;CALL;Mar-27;140,00;103.6;30,26;0,12;;180
27/08/26;ACS;CALL;Mar-27;145,00;103.6;29,75;0,09;;5
27/08/26;ACS;CALL;Mar-27;150,00;103.6;29,23;0,06;;200
27/08/26;ACS;CALL;Mar-27;155,00;103.6;28,72;0,04;;20
27/08/26;ACS;CALL;Mar-27;160,00;103.6;28,20;0,03;;20
27/08/26;ACS;CALL;Mar-27;165,00;103.6;27,69;0,02;;60
27/08/26;ACS;CALL;Jun-27;54,00;103.6;45,54;0,97;;1
27/08/26;ACS;CALL;Jun-27;56,00;103.6;45,06;0,96;;2
27/08/26;ACS;CALL;Jun-27;88,00;103.6;37,33;0,76;;1
27/08/26;ACS;CALL;Jun-27;96,00;103.6;35,40;0,67;;25
27/08/26;ACS;CALL;Jun-27;100,00;103.6;34,44;0,63;;25
27/08/26;ACS;CALL;Jun-27;165,00;103.6;30,61;0,07;;5
27/08/26;ACS;CALL;Sep-27;86,00;103.6;37,70;0,77;;25
27/08/26;ACS;CALL;Sep-27;105,00;103.6;33,69;0,57;;25
27/08/26;ACS;CALL;Dic-27;70,00;103.6;40,12;0,88;;60
27/08/26;ACS;CALL;Dic-27;88,00;103.6;36,41;0,74;;5
27/08/26;ACS;CALL;Dic-27;90,00;103.6;36,00;0,72;;5
27/08/26;ACS;CALL;Dic-27;94,00;103.6;35,18;0,69;;25
27/08/26;ACS;CALL;Dic-27;110,00;103.6;33,06;0,52;;250
27/08/26;ACS;CALL;Dic-27;130,00;103.6;32,61;0,35;;10
27/08/26;ACS;CALL;Mar-28;115,00;103.6;31,86;0,49;;1
27/08/26;ACS;PUT;Sep-26;50,00;103.6;48,35;;;25
27/08/26;ACS;PUT;Sep-26;52,00;103.6;47,72;;;50
27/08/26;ACS;PUT;Sep-26;54,00;103.6;47,10;;;50
27/08/26;ACS;PUT;Sep-26;56,00;103.6;46,48;;;51
27/08/26;ACS;PUT;Sep-26;66,00;103.6;43,35;;;25
27/08/26;ACS;PUT;Sep-26;68,00;103.6;42,73;;;25
27/08/26;ACS;PUT;Sep-26;70,00;103.6;42,11;;;25
27/08/26;ACS;PUT;Sep-26;72,00;103.6;41,48;;;1
27/08/26;ACS;PUT;Sep-26;76,00;103.6;40,23;;;42
27/08/26;ACS;PUT;Sep-26;78,00;103.6;39,61;;;52
27/08/26;ACS;PUT;Sep-26;80,00;103.6;38,99;;;27
27/08/26;ACS;PUT;Sep-26;84,00;103.6;37,74;-0,01;;25
27/08/26;ACS;PUT;Sep-26;88,00;103.6;36,49;-0,03;;1
27/08/26;ACS;PUT;Sep-26;90,00;103.6;35,86;-0,05;;25
27/08/26;ACS;PUT;Sep-26;94,00;103.6;34,62;-0,11;;5
27/08/26;ACS;PUT;Sep-26;96,00;103.6;33,99;-0,17;2;6
27/08/26;ACS;PUT;Sep-26;98,00;103.6;33,37;-0,23;1;4
27/08/26;ACS;PUT;Sep-26;100,00;103.6;32,74;-0,31;;33
27/08/26;ACS;PUT;Sep-26;105,00;103.6;31,40;-0,55;;11
27/08/26;ACS;PUT;Sep-26;108,00;103.6;30,94;-0,69;;1
27/08/26;ACS;PUT;Sep-26;110,00;103.6;30,63;-0,77;;31
27/08/26;ACS;PUT;Sep-26;115,00;103.6;29,86;-0,92;;4
27/08/26;ACS;PUT;Sep-26;120,00;103.6;29,09;-0,99;;6
27/08/26;ACS;PUT;Oct-26;84,00;103.6;37,15;-0,05;;1
27/08/26;ACS;PUT;Oct-26;90,00;103.6;35,33;-0,12;;2
27/08/26;ACS;PUT;Oct-26;100,00;103.6;32,31;-0,35;1;1
27/08/26;ACS;PUT;Oct-26;110,00;103.6;30,52;-0,68;;6
27/08/26;ACS;PUT;Nov-26;78,00;103.6;38,73;-0,05;;1
27/08/26;ACS;PUT;Nov-26;92,00;103.6;34,54;-0,21;1;1
27/08/26;ACS;PUT;Nov-26;100,00;103.6;32,15;-0,37;;1
27/08/26;ACS;PUT;Dic-26;23,00;103.6;54,30;;;201
27/08/26;ACS;PUT;Dic-26;24,00;103.6;54,02;;;25
27/08/26;ACS;PUT;Dic-26;25,00;103.6;53,74;;;25
27/08/26;ACS;PUT;Dic-26;27,00;103.6;53,18;;;25
27/08/26;ACS;PUT;Dic-26;28,00;103.6;52,90;;;75
27/08/26;ACS;PUT;Dic-26;29,00;103.6;52,62;;;75
27/08/26;ACS;PUT;Dic-26;30,00;103.6;52,34;;;17
27/08/26;ACS;PUT;Dic-26;33,00;103.6;51,50;;;6
27/08/26;ACS;PUT;Dic-26;34,00;103.6;51,22;;;25
27/08/26;ACS;PUT;Dic-26;35,00;103.6;50,94;;;200
27/08/26;ACS;PUT;Dic-26;46,00;103.6;47,86;;;25
27/08/26;ACS;PUT;Dic-26;54,00;103.6;45,62;;;25
27/08/26;ACS;PUT;Dic-26;58,00;103.6;44,50;-0,01;;25
27/08/26;ACS;PUT;Dic-26;60,00;103.6;43,94;-0,01;;95
27/08/26;ACS;PUT;Dic-26;62,00;103.6;43,38;-0,01;;5
27/08/26;ACS;PUT;Dic-26;66,00;103.6;42,27;-0,02;;1
27/08/26;ACS;PUT;Dic-26;68,00;103.6;41,71;-0,03;;4
27/08/26;ACS;PUT;Dic-26;76,00;103.6;39,47;-0,06;;6
27/08/26;ACS;PUT;Dic-26;78,00;103.6;38,91;-0,07;;5
27/08/26;ACS;PUT;Dic-26;80,00;103.6;38,35;-0,09;;5
27/08/26;ACS;PUT;Dic-26;82,00;103.6;37,79;-0,11;;10
27/08/26;ACS;PUT;Dic-26;84,00;103.6;37,23;-0,13;;14
27/08/26;ACS;PUT;Dic-26;86,00;103.6;36,67;-0,15;;10
27/08/26;ACS;PUT;Dic-26;88,00;103.6;36,11;-0,17;;45
27/08/26;ACS;PUT;Dic-26;90,00;103.6;35,55;-0,20;;44
27/08/26;ACS;PUT;Dic-26;94,00;103.6;34,43;-0,26;;46
27/08/26;ACS;PUT;Dic-26;96,00;103.6;33,87;-0,30;;80
27/08/26;ACS;PUT;Dic-26;98,00;103.6;33,31;-0,34;;10
27/08/26;ACS;PUT;Dic-26;100,00;103.6;32,75;-0,38;;177
27/08/26;ACS;PUT;Dic-26;105,00;103.6;31,71;-0,48;;3
27/08/26;ACS;PUT;Dic-26;110,00;103.6;31,62;-0,59;;50
27/08/26;ACS;PUT;Dic-26;115,00;103.6;31,52;-0,69;;10
27/08/26;ACS;PUT;Dic-26;125,00;103.6;31,33;-0,85;;10
27/08/26;ACS;PUT;Mar-27;60,00;103.6;42,29;-0,03;;1
27/08/26;ACS;PUT;Mar-27;68,00;103.6;40,44;-0,06;;1
27/08/26;ACS;PUT;Mar-27;86,00;103.6;36,27;-0,20;;5
27/08/26;ACS;PUT;Mar-27;88,00;103.6;35,80;-0,22;;2
27/08/26;ACS;PUT;Mar-27;90,00;103.6;35,34;-0,24;;17
27/08/26;ACS;PUT;Mar-27;92,00;103.6;34,88;-0,27;;2
27/08/26;ACS;PUT;Mar-27;96,00;103.6;33,95;-0,32;;2
27/08/26;ACS;PUT;Mar-27;98,00;103.6;33,49;-0,35;;115
27/08/26;ACS;PUT;Mar-27;100,00;103.6;33,02;-0,38;;110
27/08/26;ACS;PUT;Mar-27;105,00;103.6;32,05;-0,46;;6
27/08/26;ACS;PUT;Mar-27;110,00;103.6;31,53;-0,55;;10
27/08/26;ACS;PUT;Jun-27;22,00;103.6;51,21;;;360
27/08/26;ACS;PUT;Jun-27;24,00;103.6;50,73;;;85
27/08/26;ACS;PUT;Jun-27;28,00;103.6;49,76;;;2
27/08/26;ACS;PUT;Jun-27;33,00;103.6;48,56;;;2
27/08/26;ACS;PUT;Jun-27;70,00;103.6;39,63;-0,09;;1
27/08/26;ACS;PUT;Jun-27;92,00;103.6;34,32;-0,28;;1
27/08/26;ACS;PUT;Sep-27;78,00;103.6;36,78;-0,17;;25
27/08/26;ACS;PUT;Sep-27;92,00;103.6;33,62;-0,30;;25
27/08/26;ACS;PUT;Dic-27;50,00;103.6;41,84;-0,04;;25
27/08/26;ACS;PUT;Dic-27;78,00;103.6;36,07;-0,18;;25
27/08/26;ACS;PUT;Dic-27;82,00;103.6;35,25;-0,21;;10
27/08/26;ACS;PUT;Dic-27;84,00;103.6;34,84;-0,23;;5
27/08/26;ACS;PUT;Dic-27;98,00;103.6;31,95;-0,37;;25
27/08/26;ACS;PUT;Dic-27;100,00;103.6;31,54;-0,39;;25
27/08/26;ACS;PUT;Dic-27;115,00;103.6;30,54;-0,55;;5
27/08/26;ACS;PUT;Jun-28;105,00;103.6;29,00;-0,43;;1
27/08/26;ACS;CALL;Dic-26;50,00;103.6;48,27;0,99;;1
27/08/26;ACS;PUT;Sep-26;140,00;103.6;26,00;-1,00;;5
27/08/26;AENA;CALL;Sep-26;24,00;26.78;25,36;0,97;;2
27/08/26;AENA;CALL;Sep-26;25,00;26.78;24,26;0,89;;25
27/08/26;AENA;CALL;Sep-26;26,00;26.78;23,16;0,72;;2
27/08/26;AENA;CALL;Sep-26;27,00;26.78;22,16;0,46;;873
27/08/26;AENA;CALL;Sep-26;28,00;26.78;21,46;0,21;1;3
27/08/26;AENA;CALL;Oct-26;25,00;26.78;24,50;0,80;;6
27/08/26;AENA;CALL;Oct-26;27,00;26.78;22,42;0,49;;1
27/08/26;AENA;CALL;Oct-26;29,00;26.78;21,02;0,17;;10
27/08/26;AENA;CALL;Dic-26;26,00;26.78;23,36;0,64;;3
27/08/26;AENA;CALL;Dic-26;27,00;26.78;22,45;0,52;1;76
27/08/26;AENA;CALL;Dic-26;29,00;26.78;21,33;0,29;;6
27/08/26;AENA;CALL;Mar-27;21,00;26.78;28,63;0,91;;6
27/08/26;AENA;CALL;Mar-27;26,00;26.78;24,03;0,63;;3
27/08/26;AENA;CALL;Mar-27;27,00;26.78;23,22;0,55;;30
27/08/26;AENA;CALL;Jun-27;25,00;26.78;24,60;0,70;;2
27/08/26;AENA;CALL;Jun-27;29,00;26.78;22,32;0,40;;150
27/08/26;AENA;CALL;Jun-27;34,00;26.78;20,64;0,11;;100
27/08/26;AENA;CALL;Dic-27;23,00;26.78;25,96;0,78;;16
27/08/26;AENA;CALL;Dic-27;25,00;26.78;24,64;0,67;;25
27/08/26;AENA;CALL;Dic-27;28,00;26.78;23,11;0,49;;25
27/08/26;AENA;PUT;Sep-26;18,50;26.78;30,92;;;2
27/08/26;AENA;PUT;Sep-26;19,00;26.78;30,37;;;32
27/08/26;AENA;PUT;Sep-26;19,50;26.78;29,82;;;4
27/08/26;AENA;PUT;Sep-26;20,00;26.78;29,28;;;14
27/08/26;AENA;PUT;Sep-26;21,00;26.78;28,18;;;97
27/08/26;AENA;PUT;Sep-26;22,00;26.78;27,09;;;60
27/08/26;AENA;PUT;Sep-26;23,00;26.78;25,99;-0,01;;40
27/08/26;AENA;PUT;Sep-26;24,00;26.78;24,90;-0,03;;11
27/08/26;AENA;PUT;Sep-26;25,00;26.78;23,80;-0,11;;4
27/08/26;AENA;PUT;Sep-26;26,00;26.78;22,70;-0,28;;3
27/08/26;AENA;PUT;Sep-26;26,50;26.78;22,16;-0,41;1;1
27/08/26;AENA;PUT;Sep-26;27,00;26.78;21,70;-0,54;;53
27/08/26;AENA;PUT;Oct-26;25,00;26.78;24,03;-0,20;1;2
27/08/26;AENA;PUT;Oct-26;27,00;26.78;21,95;-0,51;;1
27/08/26;AENA;PUT;Dic-26;18,00;26.78;31,04;-0,01;;2
27/08/26;AENA;PUT;Dic-26;19,00;26.78;30,03;-0,01;;3
27/08/26;AENA;PUT;Dic-26;19,50;26.78;29,53;-0,02;;12
27/08/26;AENA;PUT;Dic-26;20,00;26.78;29,03;-0,03;;4
27/08/26;AENA;PUT;Dic-26;21,00;26.78;28,02;-0,05;;5
27/08/26;AENA;PUT;Dic-26;22,00;26.78;27,01;-0,08;;207
27/08/26;AENA;PUT;Dic-26;23,00;26.78;26,00;-0,12;;2
27/08/26;AENA;PUT;Dic-26;24,00;26.78;24,99;-0,18;;2
27/08/26;AENA;PUT;Dic-26;25,00;26.78;23,98;-0,27;21;29
27/08/26;AENA;PUT;Mar-27;18,00;26.78;29,93;-0,03;;2
27/08/26;AENA;PUT;Mar-27;20,00;26.78;28,08;-0,06;;500
27/08/26;AENA;PUT;Mar-27;20,50;26.78;27,62;-0,07;;1
27/08/26;AENA;PUT;Mar-27;21,00;26.78;27,16;-0,09;;9
27/08/26;AENA;PUT;Mar-27;22,00;26.78;26,24;-0,12;2;6
27/08/26;AENA;PUT;Mar-27;24,00;26.78;24,40;-0,23;2;3
27/08/26;AENA;PUT;Mar-27;26,00;26.78;22,56;-0,38;;6
27/08/26;AENA;PUT;Mar-27;32,00;26.78;19,63;-0,92;;1
27/08/26;AENA;PUT;Jun-27;18,00;26.78;27,36;-0,05;;1
27/08/26;AENA;PUT;Jun-27;19,00;26.78;26,50;-0,07;;1
27/08/26;AENA;PUT;Jun-27;23,00;26.78;23,07;-0,24;;6
27/08/26;AENA;PUT;Jun-27;24,00;26.78;22,21;-0,30;;1
27/08/26;AENA;PUT;Jun-27;25,00;26.78;21,35;-0,38;;25
27/08/26;AENA;PUT;Jun-27;26,00;26.78;20,49;-0,46;;26
27/08/26;AENA;PUT;Jun-27;27,00;26.78;19,75;-0,55;;25
27/08/26;AENA;PUT;Sep-27;18,00;26.78;26,18;-0,06;;1
27/08/26;AENA;PUT;Sep-27;23,00;26.78;22,51;-0,25;;1
27/08/26;ALMIRALL;CALL;Sep-26;11,50;10.4;27,24;0,07;;3
27/08/26;ALMIRALL;CALL;Sep-26;14,00;10.4;26,92;;;10
27/08/26;ALMIRALL;CALL;Dic-26;12,00;10.4;26,68;0,20;;4
27/08/26;ALMIRALL;PUT;Sep-26;10,50;10.4;28,40;-0,53;;2
27/08/26;ALMIRALL;PUT;Sep-26;12,00;10.4;28,20;-0,99;;1
27/08/26;AMADEUS;CALL;Sep-26;38,00;58.2;36,36;1,00;;1
27/08/26;AMADEUS;CALL;Sep-26;49,00;58.2;30,25;0,99;;25
27/08/26;AMADEUS;CALL;Sep-26;50,00;58.2;29,70;0,98;;150
27/08/26;AMADEUS;CALL;Sep-26;52,00;58.2;28,58;0,95;;873
27/08/26;AMADEUS;CALL;Sep-26;54,00;58.2;27,47;0,88;;4
27/08/26;AMADEUS;CALL;Sep-26;56,00;58.2;26,36;0,74;;457
27/08/26;AMADEUS;CALL;Sep-26;58,00;58.2;25,25;0,54;;31
27/08/26;AMADEUS;CALL;Sep-26;60,00;58.2;24,79;0,33;;24
27/08/26;AMADEUS;CALL;Sep-26;62,00;58.2;24,40;0,16;;1.001
27/08/26;AMADEUS;CALL;Sep-26;64,00;58.2;24,01;0,06;;1
27/08/26;AMADEUS;CALL;Sep-26;66,00;58.2;23,62;0,02;;5
27/08/26;AMADEUS;CALL;Sep-26;70,00;58.2;22,84;;;31
27/08/26;AMADEUS;CALL;Sep-26;72,00;58.2;22,45;;;25
27/08/26;AMADEUS;CALL;Sep-26;74,00;58.2;22,06;;;25
27/08/26;AMADEUS;CALL;Sep-26;84,00;58.2;20,12;;;24
27/08/26;AMADEUS;CALL;Oct-26;48,00;58.2;31,93;0,96;;1
27/08/26;AMADEUS;CALL;Oct-26;56,00;58.2;27,53;0,68;;1
27/08/26;AMADEUS;CALL;Oct-26;60,00;58.2;25,97;0,41;;1
27/08/26;AMADEUS;CALL;Oct-26;62,00;58.2;25,58;0,28;1;992
27/08/26;AMADEUS;CALL;Oct-26;64,00;58.2;25,19;0,18;;1.300
27/08/26;AMADEUS;CALL;Oct-26;66,00;58.2;24,80;0,10;;1
27/08/26;AMADEUS;CALL;Nov-26;64,00;58.2;25,67;0,26;;443
27/08/26;AMADEUS;CALL;Nov-26;66,00;58.2;25,30;0,18;;443
27/08/26;AMADEUS;CALL;Dic-26;38,00;58.2;37,36;0,99;;4
27/08/26;AMADEUS;CALL;Dic-26;39,00;58.2;36,84;0,98;;25
27/08/26;AMADEUS;CALL;Dic-26;40,00;58.2;36,31;0,98;;11
27/08/26;AMADEUS;CALL;Dic-26;45,00;58.2;33,68;0,93;;11
27/08/26;AMADEUS;CALL;Dic-26;49,00;58.2;31,57;0,87;;1
27/08/26;AMADEUS;CALL;Dic-26;50,00;58.2;31,04;0,84;;13
27/08/26;AMADEUS;CALL;Dic-26;52,00;58.2;29,99;0,79;;500
27/08/26;AMADEUS;CALL;Dic-26;54,00;58.2;28,93;0,72;;13
27/08/26;AMADEUS;CALL;Dic-26;56,00;58.2;27,88;0,65;;26
27/08/26;AMADEUS;CALL;Dic-26;58,00;58.2;26,83;0,56;;25
27/08/26;AMADEUS;CALL;Dic-26;60,00;58.2;26,46;0,47;;501
27/08/26;AMADEUS;CALL;Dic-26;62,00;58.2;26,18;0,38;;25
27/08/26;AMADEUS;CALL;Dic-26;64,00;58.2;25,89;0,30;;27
27/08/26;AMADEUS;CALL;Dic-26;66,00;58.2;25,60;0,22;;73
27/08/26;AMADEUS;CALL;Dic-26;68,00;58.2;25,32;0,16;;25
27/08/26;AMADEUS;CALL;Dic-26;70,00;58.2;25,03;0,12;;1
27/08/26;AMADEUS;CALL;Dic-26;72,00;58.2;24,74;0,08;;28
27/08/26;AMADEUS;CALL;Dic-26;74,00;58.2;24,46;0,05;;6
27/08/26;AMADEUS;CALL;Dic-26;90,00;58.2;22,17;;;3
27/08/26;AMADEUS;CALL;Mar-27;40,00;58.2;35,88;0,95;;1
27/08/26;AMADEUS;CALL;Mar-27;52,00;58.2;29,97;0,75;;25
27/08/26;AMADEUS;CALL;Mar-27;54,00;58.2;28,99;0,69;;500
27/08/26;AMADEUS;CALL;Mar-27;56,00;58.2;28,00;0,63;;63
27/08/26;AMADEUS;CALL;Mar-27;58,00;58.2;27,02;0,56;;35
27/08/26;AMADEUS;CALL;Mar-27;60,00;58.2;26,72;0,49;;1
27/08/26;AMADEUS;CALL;Mar-27;62,00;58.2;26,51;0,43;;150
27/08/26;AMADEUS;CALL;Mar-27;64,00;58.2;26,29;0,36;;10
27/08/26;AMADEUS;CALL;Mar-27;66,00;58.2;26,07;0,30;;3
27/08/26;AMADEUS;CALL;Jun-27;40,00;58.2;35,45;0,92;;1
27/08/26;AMADEUS;CALL;Jun-27;50,00;58.2;30,98;0,77;;1
27/08/26;AMADEUS;CALL;Jun-27;52,00;58.2;30,09;0,72;;25
27/08/26;AMADEUS;CALL;Jun-27;58,00;58.2;27,41;0,57;;25
27/08/26;AMADEUS;CALL;Jun-27;60,00;58.2;27,08;0,52;;1
27/08/26;AMADEUS;CALL;Jun-27;62,00;58.2;26,82;0,46;;50
27/08/26;AMADEUS;CALL;Jun-27;64,00;58.2;26,56;0,41;;26
27/08/26;AMADEUS;CALL;Jun-27;66,00;58.2;26,29;0,36;;25
27/08/26;AMADEUS;CALL;Jun-27;68,00;58.2;26,03;0,31;;25
27/08/26;AMADEUS;CALL;Jun-27;72,00;58.2;25,50;0,22;;1
27/08/26;AMADEUS;CALL;Sep-27;49,00;58.2;32,08;0,77;;5
27/08/26;AMADEUS;CALL;Sep-27;66,00;58.2;27,27;0,38;;26
27/08/26;AMADEUS;CALL;Dic-27;56,00;58.2;29,76;0,62;;17
27/08/26;AMADEUS;CALL;Dic-27;60,00;58.2;28,73;0,54;;1
27/08/26;AMADEUS;CALL;Dic-27;72,00;58.2;27,15;0,30;;6
27/08/26;AMADEUS;PUT;Sep-26;38,00;58.2;37,40;;;8
27/08/26;AMADEUS;PUT;Sep-26;39,00;58.2;36,85;;;6
27/08/26;AMADEUS;PUT;Sep-26;40,00;58.2;36,29;;;1
27/08/26;AMADEUS;PUT;Sep-26;41,00;58.2;35,74;;;25
27/08/26;AMADEUS;PUT;Sep-26;42,00;58.2;35,18;;;717
27/08/26;AMADEUS;PUT;Sep-26;43,00;58.2;34,62;;;15
27/08/26;AMADEUS;PUT;Sep-26;44,00;58.2;34,07;;;230
27/08/26;AMADEUS;PUT;Sep-26;45,00;58.2;33,51;;;109
27/08/26;AMADEUS;PUT;Sep-26;46,00;58.2;32,96;;;3.537
27/08/26;AMADEUS;PUT;Sep-26;47,00;58.2;32,40;;;202
27/08/26;AMADEUS;PUT;Sep-26;48,00;58.2;31,85;-0,01;;94
27/08/26;AMADEUS;PUT;Sep-26;49,00;58.2;31,29;-0,01;;56
27/08/26;AMADEUS;PUT;Sep-26;50,00;58.2;30,74;-0,02;;30
27/08/26;AMADEUS;PUT;Sep-26;52,00;58.2;29,62;-0,06;;25
27/08/26;AMADEUS;PUT;Sep-26;54,00;58.2;28,51;-0,13;1;33
27/08/26;AMADEUS;PUT;Sep-26;56,00;58.2;27,40;-0,27;;3
27/08/26;AMADEUS;PUT;Sep-26;58,00;58.2;26,29;-0,46;;25
27/08/26;AMADEUS;PUT;Sep-26;60,00;58.2;25,83;-0,67;;28
27/08/26;AMADEUS;PUT;Sep-26;66,00;58.2;24,66;-0,99;;25
27/08/26;AMADEUS;PUT;Sep-26;68,00;58.2;24,27;-1,00;;50
27/08/26;AMADEUS;PUT;Sep-26;70,00;58.2;23,88;-1,00;;50
27/08/26;AMADEUS;PUT;Oct-26;36,00;58.2;38,86;;;18
27/08/26;AMADEUS;PUT;Oct-26;39,00;58.2;37,21;;;2
27/08/26;AMADEUS;PUT;Oct-26;40,00;58.2;36,66;;;526
27/08/26;AMADEUS;PUT;Oct-26;45,00;58.2;33,91;-0,02;;1
27/08/26;AMADEUS;PUT;Oct-26;48,00;58.2;32,26;-0,05;;3
27/08/26;AMADEUS;PUT;Oct-26;50,00;58.2;31,16;-0,08;;2
27/08/26;AMADEUS;PUT;Oct-26;52,00;58.2;30,06;-0,14;;3
27/08/26;AMADEUS;PUT;Oct-26;54,00;58.2;28,96;-0,22;;2
27/08/26;AMADEUS;PUT;Oct-26;58,00;58.2;26,76;-0,46;;10
27/08/26;AMADEUS;PUT;Nov-26;54,00;58.2;28,98;-0,26;;1
27/08/26;AMADEUS;PUT;Dic-26;38,00;58.2;37,34;-0,01;;54
27/08/26;AMADEUS;PUT;Dic-26;39,00;58.2;36,82;-0,02;;174
27/08/26;AMADEUS;PUT;Dic-26;40,00;58.2;36,29;-0,02;;103
27/08/26;AMADEUS;PUT;Dic-26;42,00;58.2;35,24;-0,04;;2
27/08/26;AMADEUS;PUT;Dic-26;43,00;58.2;34,71;-0,05;;64
27/08/26;AMADEUS;PUT;Dic-26;44,00;58.2;34,18;-0,05;;15
27/08/26;AMADEUS;PUT;Dic-26;45,00;58.2;33,66;-0,07;;79
27/08/26;AMADEUS;PUT;Dic-26;46,00;58.2;33,13;-0,08;;38
27/08/26;AMADEUS;PUT;Dic-26;47,00;58.2;32,60;-0,10;;100
27/08/26;AMADEUS;PUT;Dic-26;48,00;58.2;32,07;-0,11;;2.022
27/08/26;AMADEUS;PUT;Dic-26;49,00;58.2;31,55;-0,14;;15
27/08/26;AMADEUS;PUT;Dic-26;50,00;58.2;31,02;-0,16;1;867
27/08/26;AMADEUS;PUT;Dic-26;52,00;58.2;29,97;-0,21;;537
27/08/26;AMADEUS;PUT;Dic-26;54,00;58.2;28,91;-0,28;;91
27/08/26;AMADEUS;PUT;Dic-26;56,00;58.2;27,86;-0,36;1;7
27/08/26;AMADEUS;PUT;Dic-26;58,00;58.2;26,81;-0,45;;1
27/08/26;AMADEUS;PUT;Dic-26;60,00;58.2;26,44;-0,54;;26
27/08/26;AMADEUS;PUT;Dic-26;62,00;58.2;26,16;-0,63;;3
27/08/26;AMADEUS;PUT;Dic-26;64,00;58.2;25,87;-0,72;;1
27/08/26;AMADEUS;PUT;Dic-26;68,00;58.2;25,30;-0,86;;25
27/08/26;AMADEUS;PUT;Dic-26;70,00;58.2;25,01;-0,92;;25
27/08/26;AMADEUS;PUT;Mar-27;38,00;58.2;35,70;-0,04;;116
27/08/26;AMADEUS;PUT;Mar-27;39,00;58.2;35,21;-0,05;;55
27/08/26;AMADEUS;PUT;Mar-27;40,00;58.2;34,71;-0,06;;3
27/08/26;AMADEUS;PUT;Mar-27;41,00;58.2;34,22;-0,07;;54
27/08/26;AMADEUS;PUT;Mar-27;42,00;58.2;33,73;-0,08;;2
27/08/26;AMADEUS;PUT;Mar-27;45,00;58.2;32,25;-0,12;;5
27/08/26;AMADEUS;PUT;Mar-27;46,00;58.2;31,76;-0,13;;10
27/08/26;AMADEUS;PUT;Mar-27;47,00;58.2;31,27;-0,15;;14
27/08/26;AMADEUS;PUT;Mar-27;48,00;58.2;30,77;-0,17;;515
27/08/26;AMADEUS;PUT;Mar-27;49,00;58.2;30,28;-0,19;;15
27/08/26;AMADEUS;PUT;Mar-27;50,00;58.2;29,79;-0,21;;1
27/08/26;AMADEUS;PUT;Mar-27;52,00;58.2;28,80;-0,26;;3
27/08/26;AMADEUS;PUT;Mar-27;54,00;58.2;27,82;-0,32;;1
27/08/26;AMADEUS;PUT;Mar-27;62,00;58.2;25,34;-0,59;;1
27/08/26;AMADEUS;PUT;Jun-27;38,00;58.2;34,99;-0,06;;65
27/08/26;AMADEUS;PUT;Jun-27;39,00;58.2;34,55;-0,07;;10
27/08/26;AMADEUS;PUT;Jun-27;42,00;58.2;33,21;-0,10;;25
27/08/26;AMADEUS;PUT;Jun-27;43,00;58.2;32,76;-0,12;;25
27/08/26;AMADEUS;PUT;Jun-27;44,00;58.2;32,31;-0,13;;3
27/08/26;AMADEUS;PUT;Jun-27;45,00;58.2;31,87;-0,14;;1
27/08/26;AMADEUS;PUT;Jun-27;46,00;58.2;31,42;-0,16;;25
27/08/26;AMADEUS;PUT;Jun-27;47,00;58.2;30,97;-0,18;;25
27/08/26;AMADEUS;PUT;Jun-27;48,00;58.2;30,53;-0,19;;53
27/08/26;AMADEUS;PUT;Jun-27;49,00;58.2;30,08;-0,21;;3
27/08/26;AMADEUS;PUT;Jun-27;50,00;58.2;29,63;-0,23;;24
27/08/26;AMADEUS;PUT;Jun-27;52,00;58.2;28,74;-0,28;;7
27/08/26;AMADEUS;PUT;Jun-27;54,00;58.2;27,85;-0,33;;1
27/08/26;AMADEUS;PUT;Jun-27;60,00;58.2;25,73;-0,50;;11
27/08/26;AMADEUS;PUT;Sep-27;52,00;58.2;28,47;-0,30;;1
27/08/26;AMADEUS;PUT;Sep-27;54,00;58.2;27,66;-0,35;;1
27/08/26;AMADEUS;PUT;Dic-27;46,00;58.2;30,40;-0,20;;50
27/08/26;AMADEUS;PUT;Dic-27;47,00;58.2;30,04;-0,21;;25
27/08/26;AMADEUS;PUT;Dic-27;48,00;58.2;29,68;-0,23;;51
27/08/26;AMADEUS;PUT;Dic-27;50,00;58.2;28,96;-0,27;;7
27/08/26;AMADEUS;PUT;Dic-27;52,00;58.2;28,24;-0,31;;3
27/08/26;AMADEUS;PUT;Dic-27;58,00;58.2;26,07;-0,44;;1
27/08/26;AMADEUS;PUT;Mar-28;49,00;58.2;28,72;-0,26;;1
27/08/26;AMADEUS;PUT;Jun-28;46,00;58.2;29,15;-0,21;;2
27/08/26;AMADEUS;PUT;Jun-28;48,00;58.2;28,57;-0,24;;6
27/08/26;AMADEUS;PUT;Jun-28;56,00;58.2;26,23;-0,39;;1
27/08/26;AMADEUS;PUT;Jun-28;60,00;58.2;25,41;-0,47;;3
27/08/26;AMADEUS;PUT;Jun-28;62,00;58.2;25,22;-0,51;;3
27/08/26;AMADEUS;PUT;Jun-28;70,00;58.2;24,44;-0,67;;2
27/08/26;AMADEUS;PUT;Sep-28;46,00;58.2;28,61;-0,22;;2
27/08/26;AMADEUS;PUT;Dic-26;44,00;58.2;34,18;-0,05;;1
27/08/26;AMADEUS;PUT;Dic-26;46,00;58.2;33,13;-0,08;;1
27/08/26;AMADEUS;PUT;Sep-27;60,00;58.2;25,72;-0,48;;1
27/08/26;ARCELORMITTAL;CALL;Sep-26;40,00;63.9;50,03;1,00;;25
27/08/26;ARCELORMITTAL;CALL;Sep-26;50,00;63.9;47,26;0,99;1;1
27/08/26;ARCELORMITTAL;CALL;Sep-26;52,00;63.9;46,71;0,97;2;2
27/08/26;ARCELORMITTAL;CALL;Sep-26;58,00;63.9;45,05;0,83;;22
27/08/26;ARCELORMITTAL;CALL;Sep-26;62,00;63.9;43,95;0,64;;74
27/08/26;ARCELORMITTAL;CALL;Sep-26;64,00;63.9;43,36;0,52;;28
27/08/26;ARCELORMITTAL;CALL;Sep-26;66,00;63.9;42,21;0,40;;4
27/08/26;ARCELORMITTAL;CALL;Sep-26;68,00;63.9;41,07;0,29;1;9
27/08/26;ARCELORMITTAL;CALL;Sep-26;70,00;63.9;39,92;0,19;;119
27/08/26;ARCELORMITTAL;CALL;Sep-26;74,00;63.9;37,62;0,06;;25
27/08/26;ARCELORMITTAL;CALL;Sep-26;76,00;63.9;36,48;0,03;;25
27/08/26;ARCELORMITTAL;CALL;Sep-26;78,00;63.9;35,33;0,01;;100
27/08/26;ARCELORMITTAL;CALL;Sep-26;80,00;63.9;34,18;;;50
27/08/26;ARCELORMITTAL;CALL;Sep-26;84,00;63.9;31,89;;;104
27/08/26;ARCELORMITTAL;CALL;Oct-26;68,00;63.9;42,43;0,38;1;1
27/08/26;ARCELORMITTAL;CALL;Oct-26;70,00;63.9;41,75;0,31;;35
27/08/26;ARCELORMITTAL;CALL;Oct-26;74,00;63.9;40,40;0,19;;2
27/08/26;ARCELORMITTAL;CALL;Dic-26;26,00;63.9;54,50;1,00;;4
27/08/26;ARCELORMITTAL;CALL;Dic-26;35,00;63.9;52,15;0,99;;3
27/08/26;ARCELORMITTAL;CALL;Dic-26;40,00;63.9;50,84;0,97;;2
27/08/26;ARCELORMITTAL;CALL;Dic-26;45,00;63.9;49,54;0,92;;10
27/08/26;ARCELORMITTAL;CALL;Dic-26;50,00;63.9;48,24;0,86;;149
27/08/26;ARCELORMITTAL;CALL;Dic-26;56,00;63.9;46,67;0,75;;1
27/08/26;ARCELORMITTAL;CALL;Dic-26;60,00;63.9;45,63;0,65;;10
27/08/26;ARCELORMITTAL;CALL;Dic-26;70,00;63.9;43,02;0,41;;26
27/08/26;ARCELORMITTAL;CALL;Dic-26;74,00;63.9;41,98;0,31;;2
27/08/26;ARCELORMITTAL;CALL;Dic-26;88,00;63.9;38,32;0,09;;25
27/08/26;ARCELORMITTAL;CALL;Jun-27;21,00;63.9;53,24;1,00;;3
27/08/26;ARCELORMITTAL;CALL;Dic-29;30,00;63.9;37,61;0,94;;1
27/08/26;ARCELORMITTAL;PUT;Sep-26;24,00;63.9;52,33;;;1
27/08/26;ARCELORMITTAL;PUT;Sep-26;38,00;63.9;48,46;;;5
27/08/26;ARCELORMITTAL;PUT;Sep-26;40,00;63.9;47,91;;;2
27/08/26;ARCELORMITTAL;PUT;Sep-26;44,00;63.9;46,80;;;25
27/08/26;ARCELORMITTAL;PUT;Sep-26;45,00;63.9;46,53;;;50
27/08/26;ARCELORMITTAL;PUT;Sep-26;46,00;63.9;46,25;;;25
27/08/26;ARCELORMITTAL;PUT;Sep-26;54,00;63.9;44,04;-0,05;;1
27/08/26;ARCELORMITTAL;PUT;Sep-26;56,00;63.9;43,48;-0,10;;1
27/08/26;ARCELORMITTAL;PUT;Sep-26;58,00;63.9;42,93;-0,16;;41
27/08/26;ARCELORMITTAL;PUT;Oct-26;50,00;63.9;45,73;-0,06;;25
27/08/26;ARCELORMITTAL;PUT;Oct-26;62,00;63.9;42,48;-0,39;;10
27/08/26;ARCELORMITTAL;PUT;Dic-26;34,00;63.9;51,23;-0,01;;5
27/08/26;ARCELORMITTAL;PUT;Dic-26;35,00;63.9;50,97;-0,01;;5
27/08/26;ARCELORMITTAL;PUT;Dic-26;37,00;63.9;50,45;-0,02;;5
27/08/26;ARCELORMITTAL;PUT;Dic-26;38,00;63.9;50,19;-0,02;;5
27/08/26;ARCELORMITTAL;PUT;Dic-26;39,00;63.9;49,92;-0,03;;1
27/08/26;ARCELORMITTAL;PUT;Dic-26;40,00;63.9;49,66;-0,03;;3
27/08/26;ARCELORMITTAL;PUT;Dic-26;45,00;63.9;48,36;-0,07;;7
27/08/26;ARCELORMITTAL;PUT;Dic-26;46,00;63.9;48,10;-0,08;;1
27/08/26;ARCELORMITTAL;PUT;Dic-26;49,00;63.9;47,32;-0,12;;50
27/08/26;ARCELORMITTAL;PUT;Dic-26;50,00;63.9;47,06;-0,14;;25
27/08/26;ARCELORMITTAL;PUT;Dic-26;54,00;63.9;46,01;-0,21;;4
27/08/26;ARCELORMITTAL;PUT;Dic-26;60,00;63.9;44,45;-0,35;;115
27/08/26;ARCELORMITTAL;PUT;Dic-26;62,00;63.9;43,93;-0,40;;20
27/08/26;ARCELORMITTAL;PUT;Mar-27;36,00;63.9;48,52;-0,04;;5
27/08/26;ARCELORMITTAL;PUT;Dic-27;24,00;63.9;44,72;-0,01;;1
27/08/26;ARCELORMITTAL;PUT;Dic-30;44,00;63.9;34,38;-0,16;;1
27/08/26;ATRESMEDIA;CALL;Sep-26;5,00;5.2;20,67;0,79;;1
27/08/26;ATRESMEDIA;CALL;Sep-26;5,25;5.2;19,58;0,44;;1
27/08/26;ATRESMEDIA;CALL;Sep-26;5,50;5.2;18,05;0,11;;1
27/08/26;ATRESMEDIA;CALL;Oct-26;5,25;5.2;22,28;0,49;;24
27/08/26;ATRESMEDIA;CALL;Dic-26;5,25;5.2;23,25;0,52;;11
27/08/26;ATRESMEDIA;CALL;Dic-26;5,50;5.2;21,81;0,36;;6
27/08/26;ATRESMEDIA;CALL;Dic-26;5,75;5.2;20,37;0,21;;10
27/08/26;ATRESMEDIA;CALL;Dic-26;6,00;5.2;18,92;0,09;;2
27/08/26;ATRESMEDIA;CALL;Mar-27;3,40;5.2;28,89;1,00;;2
27/08/26;ATRESMEDIA;CALL;Mar-27;5,00;5.2;24,28;0,64;;32
27/08/26;ATRESMEDIA;PUT;Sep-26;4,60;5.2;17,09;;;3
27/08/26;ATRESMEDIA;PUT;Sep-26;4,80;5.2;16,30;-0,02;;4
27/08/26;ATRESMEDIA;PUT;Sep-26;4,90;5.2;15,90;-0,06;;1
27/08/26;ATRESMEDIA;PUT;Dic-26;4,50;5.2;21,01;-0,15;;18
27/08/26;ATRESMEDIA;PUT;Dic-26;5,00;5.2;18,96;-0,44;;3
27/08/26;ATRESMEDIA;PUT;Dic-26;5,50;5.2;16,41;-0,81;;25
27/08/26;ATRESMEDIA;PUT;Dic-26;6,00;5.2;13,52;-0,99;;20
27/08/26;ATRESMEDIA;PUT;Mar-27;4,50;5.2;22,04;-0,21;;5
27/08/26;ATRESMEDIA;PUT;Jun-27;4,00;5.2;25,31;-0,17;;5
27/08/26;ATRESMEDIA;PUT;Jun-27;4,50;5.2;24,32;-0,32;;2
27/08/26;ATRESMEDIA;PUT;Jun-27;4,60;5.2;24,12;-0,36;;2
27/08/26;B.SABADELL;CALL;Sep-26;2,14;3.61;30,10;1,00;;117
27/08/26;B.SABADELL;CALL;Sep-26;2,56;3.61;28,94;1,00;;20
27/08/26;B.SABADELL;CALL;Sep-26;2,91;3.61;27,97;1,00;;52
27/08/26;B.SABADELL;CALL;Sep-26;2,99;3.61;27,75;1,00;;30
27/08/26;B.SABADELL;CALL;Sep-26;3,16;3.61;27,27;0,98;;2
27/08/26;B.SABADELL;CALL;Sep-26;3,25;3.61;27,02;0,95;;300
27/08/26;B.SABADELL;CALL;Sep-26;3,33;3.61;26,80;0,90;;8
27/08/26;B.SABADELL;CALL;Sep-26;3,42;3.61;26,55;0,81;;8
27/08/26;B.SABADELL;CALL;Sep-26;3,50;3.61;26,33;0,70;;40
27/08/26;B.SABADELL;CALL;Sep-26;3,59;3.61;26,08;0,55;;12
27/08/26;B.SABADELL;CALL;Sep-26;3,68;3.61;25,77;0,40;;1
27/08/26;B.SABADELL;CALL;Oct-26;3,59;3.61;26,97;0,55;;1
27/08/26;B.SABADELL;CALL;Dic-26;2,48;3.61;29,10;0,99;;50
27/08/26;B.SABADELL;CALL;Dic-26;2,74;3.61;28,38;0,97;;28
27/08/26;B.SABADELL;CALL;Dic-26;2,82;3.61;28,16;0,95;;3
27/08/26;B.SABADELL;CALL;Dic-26;2,99;3.61;27,69;0,91;;7
27/08/26;B.SABADELL;CALL;Dic-26;3,08;3.61;27,44;0,88;;664
27/08/26;B.SABADELL;CALL;Dic-26;3,25;3.61;26,96;0,79;;11
27/08/26;B.SABADELL;CALL;Dic-26;3,33;3.61;26,74;0,75;;10
27/08/26;B.SABADELL;CALL;Dic-26;3,50;3.61;26,27;0,63;;10
27/08/26;B.SABADELL;CALL;Dic-26;3,59;3.61;26,02;0,56;;1
27/08/26;B.SABADELL;CALL;Dic-26;3,68;3.61;25,73;0,50;;25
27/08/26;B.SABADELL;CALL;Mar-27;2,22;3.61;30,90;1,00;;20
27/08/26;B.SABADELL;CALL;Mar-27;2,74;3.61;29,61;0,94;;10
27/08/26;B.SABADELL;CALL;Mar-27;2,91;3.61;29,18;0,89;;38
27/08/26;B.SABADELL;CALL;Mar-27;3,16;3.61;28,56;0,79;;80
27/08/26;B.SABADELL;CALL;Mar-27;3,33;3.61;28,14;0,70;;2
27/08/26;B.SABADELL;CALL;Mar-27;3,42;3.61;27,91;0,65;;9
27/08/26;B.SABADELL;CALL;Mar-27;3,50;3.61;27,71;0,61;;3
27/08/26;B.SABADELL;CALL;Jun-27;2,99;3.61;30,76;0,82;;6
27/08/26;B.SABADELL;CALL;Jun-27;3,33;3.61;30,01;0,68;;90
27/08/26;B.SABADELL;CALL;Jun-27;3,59;3.61;29,43;0,55;;2
27/08/26;B.SABADELL;CALL;Jun-27;3,68;3.61;29,21;0,51;;4
27/08/26;B.SABADELL;CALL;Jun-27;3,76;3.61;29,01;0,48;;3
27/08/26;B.SABADELL;CALL;Jun-27;3,93;3.61;28,59;0,40;;3
27/08/26;B.SABADELL;CALL;Jun-27;4,02;3.61;28,37;0,36;;8
27/08/26;B.SABADELL;PUT;Sep-26;2,22;3.61;21,77;;;5.249
27/08/26;B.SABADELL;PUT;Sep-26;2,48;3.61;21,05;;;1
27/08/26;B.SABADELL;PUT;Sep-26;2,65;3.61;20,58;;;26
27/08/26;B.SABADELL;PUT;Sep-26;2,74;3.61;20,33;;;23
27/08/26;B.SABADELL;PUT;Sep-26;2,82;3.61;20,11;;;5
27/08/26;B.SABADELL;PUT;Sep-26;2,91;3.61;19,86;;;5
27/08/26;B.SABADELL;PUT;Sep-26;2,99;3.61;19,64;;;15
27/08/26;B.SABADELL;PUT;Sep-26;3,08;3.61;19,39;;;30
27/08/26;B.SABADELL;PUT;Sep-26;3,16;3.61;19,16;;;5
27/08/26;B.SABADELL;PUT;Sep-26;3,33;3.61;18,69;-0,04;;30
27/08/26;B.SABADELL;PUT;Sep-26;3,50;3.61;18,22;-0,23;;62
27/08/26;B.SABADELL;PUT;Sep-26;3,59;3.61;17,97;-0,43;;1
27/08/26;B.SABADELL;PUT;Sep-26;3,68;3.61;17,66;-0,66;;1
27/08/26;B.SABADELL;PUT;Nov-26;3,42;3.61;20,52;-0,26;5;5
27/08/26;B.SABADELL;PUT;Dic-26;2,48;3.61;23,80;;;411
27/08/26;B.SABADELL;PUT;Dic-26;2,56;3.61;23,58;;;10
27/08/26;B.SABADELL;PUT;Dic-26;2,65;3.61;23,33;-0,01;;10
27/08/26;B.SABADELL;PUT;Dic-26;2,74;3.61;23,08;-0,01;;20
27/08/26;B.SABADELL;PUT;Dic-26;2,82;3.61;22,86;-0,02;;21
27/08/26;B.SABADELL;PUT;Dic-26;2,91;3.61;22,61;-0,03;;2
27/08/26;B.SABADELL;PUT;Dic-26;2,99;3.61;22,39;-0,05;;10
27/08/26;B.SABADELL;PUT;Dic-26;3,08;3.61;22,14;-0,08;;52
27/08/26;B.SABADELL;PUT;Dic-26;3,16;3.61;21,91;-0,11;;60
27/08/26;B.SABADELL;PUT;Dic-26;3,50;3.61;20,97;-0,36;;50
27/08/26;B.SABADELL;PUT;Dic-26;3,68;3.61;20,43;-0,53;;10
27/08/26;B.SABADELL;PUT;Mar-27;2,48;3.61;25,70;-0,02;;1
27/08/26;B.SABADELL;PUT;Mar-27;2,65;3.61;25,27;-0,05;;20
27/08/26;B.SABADELL;PUT;Mar-27;2,82;3.61;24,85;-0,08;;113
27/08/26;B.SABADELL;PUT;Mar-27;2,99;3.61;24,42;-0,14;;205
27/08/26;B.SABADELL;PUT;Mar-27;3,08;3.61;24,20;-0,18;;200
27/08/26;B.SABADELL;PUT;Mar-27;3,33;3.61;23,58;-0,31;;141
27/08/26;B.SABADELL;PUT;Mar-27;3,42;3.61;23,35;-0,37;;3
27/08/26;B.SABADELL;PUT;Mar-27;3,59;3.61;22,93;-0,48;;100
27/08/26;B.SABADELL;PUT;Jun-27;2,74;3.61;26,05;-0,12;;5
27/08/26;B.SABADELL;PUT;Sep-27;2,39;3.61;27,32;-0,07;;5
27/08/26;B.SABADELL;PUT;Dic-27;2,74;3.61;26,83;-0,17;;1.538
27/08/26;B.SABADELL;PUT;Dic-27;2,82;3.61;26,66;-0,19;;3.026
27/08/26;B.SABADELL;PUT;Mar-28;2,56;3.61;28,73;-0,15;;830
27/08/26;B.SABADELL;PUT;Mar-28;2,74;3.61;28,43;-0,20;;769
27/08/26;B.SABADELL;PUT;Mar-28;2,82;3.61;28,30;-0,22;;758
27/08/26;B.SABADELL;PUT;Mar-28;2,91;3.61;28,15;-0,25;;742
27/08/26;B.SABADELL;PUT;Dic-26;2,48;3.61;23,80;;;10
27/08/26;BANKINTER;CALL;Sep-26;13,50;16.58;27,08;1,00;;23
27/08/26;BANKINTER;CALL;Sep-26;14,00;16.58;26,03;1,00;;9
27/08/26;BANKINTER;CALL;Sep-26;14,50;16.58;24,97;0,99;;1
27/08/26;BANKINTER;CALL;Sep-26;15,00;16.58;23,92;0,96;;2
27/08/26;BANKINTER;CALL;Sep-26;16,50;16.58;20,75;0,56;;10
27/08/26;BANKINTER;CALL;Oct-26;15,00;16.58;25,53;0,87;;10
27/08/26;BANKINTER;CALL;Oct-26;17,50;16.58;21,89;0,28;;10
27/08/26;BANKINTER;CALL;Dic-26;13,50;16.58;29,58;0,93;;11
27/08/26;BANKINTER;CALL;Dic-26;14,00;16.58;28,58;0,90;;2
27/08/26;BANKINTER;CALL;Dic-26;15,00;16.58;26,57;0,80;;10
27/08/26;BANKINTER;CALL;Dic-26;15,50;16.58;25,56;0,73;;10
27/08/26;BANKINTER;CALL;Dic-26;16,00;16.58;24,56;0,65;;50
27/08/26;BANKINTER;CALL;Dic-26;17,00;16.58;23,26;0,46;;100
27/08/26;BANKINTER;CALL;Mar-27;15,00;16.58;27,13;0,74;;21
27/08/26;BANKINTER;CALL;Mar-27;16,50;16.58;24,60;0,55;;100
27/08/26;BANKINTER;CALL;Mar-27;17,00;16.58;24,34;0,48;;100
27/08/26;BANKINTER;CALL;Jun-27;14,50;16.58;28,12;0,76;;1
27/08/26;BANKINTER;CALL;Jun-27;15,50;16.58;26,67;0,66;;1
27/08/26;BANKINTER;CALL;Jun-27;16,00;16.58;25,95;0,60;;25
27/08/26;BANKINTER;CALL;Jun-27;16,50;16.58;25,23;0,55;;1
27/08/26;BANKINTER;CALL;Dic-27;14,50;16.58;27,65;0,72;;3
27/08/26;BANKINTER;CALL;Dic-27;15,50;16.58;26,53;0,64;;1
27/08/26;BANKINTER;CALL;Dic-27;17,00;16.58;25,22;0,51;;25
27/08/26;BANKINTER;PUT;Sep-26;6,50;16.58;41,76;;;31
27/08/26;BANKINTER;PUT;Sep-26;7,00;16.58;40,70;;;1
27/08/26;BANKINTER;PUT;Sep-26;10,50;16.58;33,31;;;3
27/08/26;BANKINTER;PUT;Sep-26;11,00;16.58;32,26;;;3
27/08/26;BANKINTER;PUT;Sep-26;11,50;16.58;31,20;;;4
27/08/26;BANKINTER;PUT;Sep-26;12,50;16.58;29,09;;;2
27/08/26;BANKINTER;PUT;Sep-26;13,00;16.58;28,04;;;20
27/08/26;BANKINTER;PUT;Sep-26;13,50;16.58;26,98;;;10
27/08/26;BANKINTER;PUT;Sep-26;14,00;16.58;25,93;;;10
27/08/26;BANKINTER;PUT;Sep-26;15,00;16.58;23,82;-0,04;;5
27/08/26;BANKINTER;PUT;Sep-26;15,50;16.58;22,76;-0,11;;20
27/08/26;BANKINTER;PUT;Sep-26;16,50;16.58;20,65;-0,44;;3
27/08/26;BANKINTER;PUT;Oct-26;14,50;16.58;26,27;-0,07;;10
27/08/26;BANKINTER;PUT;Dic-26;7,25;16.58;41,16;;;1
27/08/26;BANKINTER;PUT;Dic-26;11,00;16.58;33,62;-0,01;;1
27/08/26;BANKINTER;PUT;Dic-26;12,00;16.58;31,61;-0,03;;1.020
27/08/26;BANKINTER;PUT;Dic-26;12,50;16.58;30,60;-0,05;;114
27/08/26;BANKINTER;PUT;Dic-26;13,00;16.58;29,60;-0,07;;20
27/08/26;BANKINTER;PUT;Dic-26;13,50;16.58;28,59;-0,10;;3.360
27/08/26;BANKINTER;PUT;Dic-26;14,00;16.58;27,59;-0,14;;25
27/08/26;BANKINTER;PUT;Dic-26;15,00;16.58;25,58;-0,25;;5
27/08/26;BANKINTER;PUT;Dic-26;16,00;16.58;23,57;-0,41;;25
27/08/26;BANKINTER;PUT;Mar-27;13,50;16.58;27,62;-0,14;;1.008
27/08/26;BANKINTER;PUT;Mar-27;15,50;16.58;24,24;-0,34;;25
27/08/26;BANKINTER;PUT;Jun-27;11,00;16.58;30,41;-0,06;;222
27/08/26;BANKINTER;PUT;Jun-27;12,50;16.58;28,24;-0,12;;3
27/08/26;BANKINTER;PUT;Jun-27;13,50;16.58;26,79;-0,18;;1.000
27/08/26;BANKINTER;PUT;Dic-27;10,50;16.58;28,50;-0,07;;1.000
27/08/26;BANKINTER;PUT;Dic-27;11,00;16.58;27,93;-0,09;;50
27/08/26;BANKINTER;PUT;Dic-27;15,00;16.58;23,43;-0,34;;25
27/08/26;BANKINTER;PUT;Mar-28;13,00;16.58;26,56;-0,20;;194
27/08/26;BANKINTER;PUT;Mar-28;14,00;16.58;25,62;-0,27;;175
27/08/26;BBVA;CALL;Sep-26;13,50;24.66;48,26;1,00;;75
27/08/26;BBVA;CALL;Sep-26;14,00;24.66;47,17;1,00;;75
27/08/26;BBVA;CALL;Sep-26;14,50;24.66;46,08;1,00;;75
27/08/26;BBVA;CALL;Sep-26;15,00;24.66;44,99;1,00;;152
27/08/26;BBVA;CALL;Sep-26;15,50;24.66;43,90;1,00;;150
27/08/26;BBVA;CALL;Sep-26;16,00;24.66;42,82;1,00;;300
27/08/26;BBVA;CALL;Sep-26;16,50;24.66;41,73;1,00;;300
27/08/26;BBVA;CALL;Sep-26;17,00;24.66;40,64;1,00;;1.950
27/08/26;BBVA;CALL;Sep-26;17,50;24.66;39,55;1,00;;5.000
27/08/26;BBVA;CALL;Sep-26;18,50;24.66;37,38;1,00;;151
27/08/26;BBVA;CALL;Sep-26;19,00;24.66;36,29;1,00;;4.260
27/08/26;BBVA;CALL;Sep-26;19,50;24.66;35,20;1,00;;250
27/08/26;BBVA;CALL;Sep-26;20,00;24.66;34,11;0,99;;7.148
27/08/26;BBVA;CALL;Sep-26;21,00;24.66;31,94;0,98;;2.009
27/08/26;BBVA;CALL;Sep-26;22,00;24.66;29,76;0,95;;534
27/08/26;BBVA;CALL;Sep-26;23,00;24.66;27,58;0,86;;150
27/08/26;BBVA;CALL;Sep-26;24,00;24.66;25,41;0,69;;73
27/08/26;BBVA;CALL;Sep-26;25,00;24.66;23,81;0,43;;395
27/08/26;BBVA;CALL;Sep-26;25,50;24.66;23,57;0,30;;13
27/08/26;BBVA;CALL;Sep-26;26,00;24.66;23,34;0,19;;1.180
27/08/26;BBVA;CALL;Sep-26;27,00;24.66;22,86;0,06;;130
27/08/26;BBVA;CALL;Oct-26;25,00;24.66;26,48;0,47;;1
27/08/26;BBVA;CALL;Oct-26;26,00;24.66;26,08;0,30;;6
27/08/26;BBVA;CALL;Oct-26;27,00;24.66;25,67;0,17;;80
27/08/26;BBVA;CALL;Dic-26;13,00;24.66;49,52;1,00;;25
27/08/26;BBVA;CALL;Dic-26;15,00;24.66;46,08;1,00;;30
27/08/26;BBVA;CALL;Dic-26;16,00;24.66;44,37;0,99;;3.988
27/08/26;BBVA;CALL;Dic-26;16,50;24.66;43,51;0,98;;50
27/08/26;BBVA;CALL;Dic-26;17,00;24.66;42,65;0,98;;4.311
27/08/26;BBVA;CALL;Dic-26;17,50;24.66;41,79;0,97;;650
27/08/26;BBVA;CALL;Dic-26;18,00;24.66;40,93;0,96;;158
27/08/26;BBVA;CALL;Dic-26;18,50;24.66;40,07;0,95;;8
27/08/26;BBVA;CALL;Dic-26;19,00;24.66;39,22;0,93;;2.502
27/08/26;BBVA;CALL;Dic-26;19,50;24.66;38,36;0,91;;20
27/08/26;BBVA;CALL;Dic-26;20,00;24.66;37,50;0,89;;162
27/08/26;BBVA;CALL;Dic-26;21,00;24.66;35,78;0,83;;3.517
27/08/26;BBVA;CALL;Dic-26;22,00;24.66;34,07;0,77;;25
27/08/26;BBVA;CALL;Dic-26;23,00;24.66;32,35;0,68;;2.211
27/08/26;BBVA;CALL;Dic-26;24,00;24.66;30,63;0,59;;2
27/08/26;BBVA;CALL;Dic-26;25,00;24.66;29,37;0,48;;214
27/08/26;BBVA;CALL;Dic-26;26,00;24.66;28,99;0,39;;16
27/08/26;BBVA;CALL;Dic-26;27,00;24.66;28,61;0,30;;152
27/08/26;BBVA;CALL;Dic-26;28,00;24.66;28,24;0,22;;6
27/08/26;BBVA;CALL;Mar-27;9,50;24.66;52,26;1,00;;25
27/08/26;BBVA;CALL;Mar-27;12,00;24.66;48,61;1,00;;25
27/08/26;BBVA;CALL;Mar-27;13,00;24.66;47,15;0,99;;1
27/08/26;BBVA;CALL;Mar-27;15,50;24.66;43,50;0,96;;5
27/08/26;BBVA;CALL;Mar-27;16,00;24.66;42,77;0,95;;905
27/08/26;BBVA;CALL;Mar-27;16,50;24.66;42,04;0,94;;250
27/08/26;BBVA;CALL;Mar-27;17,50;24.66;40,58;0,91;;40
27/08/26;BBVA;CALL;Mar-27;18,00;24.66;39,85;0,89;;101
27/08/26;BBVA;CALL;Mar-27;19,00;24.66;38,39;0,86;;109
27/08/26;BBVA;CALL;Mar-27;20,00;24.66;36,93;0,81;;3.050
27/08/26;BBVA;CALL;Mar-27;20,50;24.66;36,20;0,79;;1
27/08/26;BBVA;CALL;Mar-27;21,50;24.66;34,74;0,74;;4.000
27/08/26;BBVA;CALL;Mar-27;22,00;24.66;34,01;0,71;;4.055
27/08/26;BBVA;CALL;Mar-27;23,00;24.66;32,55;0,66;;161
27/08/26;BBVA;CALL;Mar-27;24,00;24.66;31,09;0,59;;391
27/08/26;BBVA;CALL;Mar-27;25,00;24.66;30,03;0,52;10;221
27/08/26;BBVA;CALL;Mar-27;26,00;24.66;29,75;0,45;;500
27/08/26;BBVA;CALL;Mar-27;27,00;24.66;29,47;0,38;;500
27/08/26;BBVA;CALL;Mar-27;28,00;24.66;29,18;0,32;;200
27/08/26;BBVA;CALL;Jun-27;12,00;24.66;49,21;1,00;;150
27/08/26;BBVA;CALL;Jun-27;12,50;24.66;48,51;0,99;;25
27/08/26;BBVA;CALL;Jun-27;13,00;24.66;47,81;0,99;;1
27/08/26;BBVA;CALL;Jun-27;15,00;24.66;45,03;0,96;;3
27/08/26;BBVA;CALL;Jun-27;17,00;24.66;42,24;0,90;;6.000
27/08/26;BBVA;CALL;Jun-27;20,00;24.66;38,07;0,79;;150
27/08/26;BBVA;CALL;Jun-27;21,00;24.66;36,68;0,75;;2.600
27/08/26;BBVA;CALL;Jun-27;22,00;24.66;35,28;0,70;;3.150
27/08/26;BBVA;CALL;Jun-27;23,00;24.66;33,89;0,65;;21
27/08/26;BBVA;CALL;Jun-27;24,00;24.66;32,50;0,59;;10
27/08/26;BBVA;CALL;Jun-27;25,00;24.66;31,47;0,53;;1.760
27/08/26;BBVA;CALL;Jun-27;26,00;24.66;31,16;0,47;;15
27/08/26;BBVA;CALL;Jun-27;27,00;24.66;30,85;0,41;;13
27/08/26;BBVA;CALL;Sep-27;11,50;24.66;47,44;1,00;;150
27/08/26;BBVA;CALL;Sep-27;12,00;24.66;46,82;1,00;;150
27/08/26;BBVA;CALL;Sep-27;15,00;24.66;43,13;0,94;;2
27/08/26;BBVA;CALL;Sep-27;20,00;24.66;36,98;0,78;;1
27/08/26;BBVA;CALL;Sep-27;22,00;24.66;34,52;0,69;;1
27/08/26;BBVA;CALL;Dic-27;11,00;24.66;47,86;1,00;;150
27/08/26;BBVA;CALL;Dic-27;11,50;24.66;47,28;1,00;;26
27/08/26;BBVA;CALL;Dic-27;13,50;24.66;44,95;0,97;;150
27/08/26;BBVA;CALL;Dic-27;15,00;24.66;43,21;0,93;;75
27/08/26;BBVA;CALL;Dic-27;16,00;24.66;42,05;0,90;;6.000
27/08/26;BBVA;CALL;Dic-27;17,00;24.66;40,88;0,87;;150
27/08/26;BBVA;CALL;Dic-27;17,50;24.66;40,30;0,85;;100
27/08/26;BBVA;CALL;Dic-27;18,00;24.66;39,72;0,84;;1
27/08/26;BBVA;CALL;Dic-27;20,00;24.66;37,40;0,77;;150
27/08/26;BBVA;CALL;Dic-27;25,00;24.66;31,87;0,54;;4.002
27/08/26;BBVA;CALL;Dic-27;26,00;24.66;31,53;0,49;;100
27/08/26;BBVA;CALL;Mar-28;17,00;24.66;40,16;0,86;;600
27/08/26;BBVA;CALL;Mar-28;17,50;24.66;39,63;0,84;;300
27/08/26;BBVA;CALL;Mar-28;18,00;24.66;39,09;0,82;;300
27/08/26;BBVA;CALL;Mar-28;21,00;24.66;35,89;0,72;;350
27/08/26;BBVA;CALL;Jun-28;10,00;24.66;48,16;1,00;;1
27/08/26;BBVA;CALL;Jun-28;17,00;24.66;40,97;0,85;;750
27/08/26;BBVA;CALL;Jun-28;17,50;24.66;40,46;0,84;;600
27/08/26;BBVA;CALL;Jun-28;18,00;24.66;39,94;0,82;;575
27/08/26;BBVA;CALL;Jun-28;18,50;24.66;39,43;0,80;;3
27/08/26;BBVA;CALL;Jun-28;19,00;24.66;38,91;0,79;;50
27/08/26;BBVA;CALL;Jun-28;19,50;24.66;38,40;0,77;;100
27/08/26;BBVA;CALL;Jun-28;20,00;24.66;37,89;0,75;;125
27/08/26;BBVA;CALL;Jun-28;21,00;24.66;36,86;0,71;;525
27/08/26;BBVA;CALL;Jun-28;22,00;24.66;35,83;0,68;;4.450
27/08/26;BBVA;CALL;Jun-28;23,00;24.66;34,81;0,64;;150
27/08/26;BBVA;CALL;Jun-28;24,00;24.66;33,78;0,60;;300
27/08/26;BBVA;CALL;Jun-28;25,00;24.66;32,97;0,55;;1.000
27/08/26;BBVA;CALL;Dic-29;15,00;24.66;40,78;0,90;;50
27/08/26;BBVA;PUT;Sep-26;6,75;24.66;62,48;;;1
27/08/26;BBVA;PUT;Sep-26;8,25;24.66;59,21;;;5
27/08/26;BBVA;PUT;Sep-26;9,00;24.66;57,58;;;674
27/08/26;BBVA;PUT;Sep-26;9,25;24.66;57,04;;;368
27/08/26;BBVA;PUT;Sep-26;9,50;24.66;56,49;;;25
27/08/26;BBVA;PUT;Sep-26;9,75;24.66;55,95;;;200
27/08/26;BBVA;PUT;Sep-26;10,00;24.66;55,40;;;40.150
27/08/26;BBVA;PUT;Sep-26;10,50;24.66;54,32;;;300
27/08/26;BBVA;PUT;Sep-26;11,00;24.66;53,23;;;350
27/08/26;BBVA;PUT;Sep-26;11,50;24.66;52,14;;;1
27/08/26;BBVA;PUT;Sep-26;12,00;24.66;51,05;;;1
27/08/26;BBVA;PUT;Sep-26;12,50;24.66;49,96;;;50
27/08/26;BBVA;PUT;Sep-26;13,00;24.66;48,88;;;130
27/08/26;BBVA;PUT;Sep-26;14,00;24.66;46,70;;;55
27/08/26;BBVA;PUT;Sep-26;14,50;24.66;45,61;;;6
27/08/26;BBVA;PUT;Sep-26;15,00;24.66;44,52;;;108
27/08/26;BBVA;PUT;Sep-26;15,50;24.66;43,43;;;56
27/08/26;BBVA;PUT;Sep-26;16,00;24.66;42,35;;;89
27/08/26;BBVA;PUT;Sep-26;16,50;24.66;41,26;;;58
27/08/26;BBVA;PUT;Sep-26;17,00;24.66;40,17;;;4.956
27/08/26;BBVA;PUT;Sep-26;17,50;24.66;39,08;;;151
27/08/26;BBVA;PUT;Sep-26;18,00;24.66;37,99;;;7.070
27/08/26;BBVA;PUT;Sep-26;18,50;24.66;36,91;;;210
27/08/26;BBVA;PUT;Sep-26;19,00;24.66;35,82;;;7.071
27/08/26;BBVA;PUT;Sep-26;19,50;24.66;34,73;;;301
27/08/26;BBVA;PUT;Sep-26;20,00;24.66;33,64;;;12.031
27/08/26;BBVA;PUT;Sep-26;20,50;24.66;32,55;-0,01;;250
27/08/26;BBVA;PUT;Sep-26;21,00;24.66;31,47;-0,02;;3.317
27/08/26;BBVA;PUT;Sep-26;22,00;24.66;29,29;-0,05;;263
27/08/26;BBVA;PUT;Sep-26;23,00;24.66;27,11;-0,14;;451
27/08/26;BBVA;PUT;Sep-26;24,00;24.66;24,94;-0,31;150;183
27/08/26;BBVA;PUT;Sep-26;24,50;24.66;23,85;-0,44;250;150
27/08/26;BBVA;PUT;Sep-26;25,00;24.66;23,34;-0,58;;3
27/08/26;BBVA;PUT;Sep-26;26,00;24.66;22,87;-0,82;;102
27/08/26;BBVA;PUT;Oct-26;19,00;24.66;35,36;-0,03;;1
27/08/26;BBVA;PUT;Oct-26;20,00;24.66;33,51;-0,05;;6
27/08/26;BBVA;PUT;Oct-26;21,00;24.66;31,66;-0,09;;20
27/08/26;BBVA;PUT;Oct-26;22,00;24.66;29,81;-0,17;2;115
27/08/26;BBVA;PUT;Oct-26;23,00;24.66;27,95;-0,28;;101
27/08/26;BBVA;PUT;Oct-26;25,00;24.66;24,74;-0,60;;4
27/08/26;BBVA;PUT;Nov-26;22,00;24.66;30,86;-0,22;;1
27/08/26;BBVA;PUT;Dic-26;5,75;24.66;59,76;;;150
27/08/26;BBVA;PUT;Dic-26;6,00;24.66;59,33;;;10.150
27/08/26;BBVA;PUT;Dic-26;6,25;24.66;58,90;;;150
27/08/26;BBVA;PUT;Dic-26;6,50;24.66;58,47;;;13.250
27/08/26;BBVA;PUT;Dic-26;6,75;24.66;58,05;;;450
27/08/26;BBVA;PUT;Dic-26;7,00;24.66;57,62;;;300
27/08/26;BBVA;PUT;Dic-26;7,25;24.66;57,19;;;600
27/08/26;BBVA;PUT;Dic-26;7,50;24.66;56,76;;;450
27/08/26;BBVA;PUT;Dic-26;7,75;24.66;56,33;;;451
27/08/26;BBVA;PUT;Dic-26;8,00;24.66;55,90;;;18.450
27/08/26;BBVA;PUT;Dic-26;8,25;24.66;55,47;;;15
27/08/26;BBVA;PUT;Dic-26;8,50;24.66;55,04;;;25.000
27/08/26;BBVA;PUT;Dic-26;8,75;24.66;54,61;;;311
27/08/26;BBVA;PUT;Dic-26;9,00;24.66;54,18;;;14.933
27/08/26;BBVA;PUT;Dic-26;9,25;24.66;53,75;;;75
27/08/26;BBVA;PUT;Dic-26;9,50;24.66;53,32;;;76
27/08/26;BBVA;PUT;Dic-26;9,75;24.66;52,90;;;200
27/08/26;BBVA;PUT;Dic-26;10,00;24.66;52,47;;;226
27/08/26;BBVA;PUT;Dic-26;10,50;24.66;51,61;;;300
27/08/26;BBVA;PUT;Dic-26;11,00;24.66;50,75;;;481
27/08/26;BBVA;PUT;Dic-26;11,50;24.66;49,89;;;1
27/08/26;BBVA;PUT;Dic-26;12,00;24.66;49,03;;;8.410
27/08/26;BBVA;PUT;Dic-26;12,50;24.66;48,17;;;250
27/08/26;BBVA;PUT;Dic-26;13,00;24.66;47,32;-0,01;;42.101
27/08/26;BBVA;PUT;Dic-26;13,50;24.66;46,46;-0,01;;400
27/08/26;BBVA;PUT;Dic-26;14,00;24.66;45,60;-0,01;;706
27/08/26;BBVA;PUT;Dic-26;14,50;24.66;44,74;-0,01;;300
27/08/26;BBVA;PUT;Dic-26;15,00;24.66;43,88;-0,02;;3.774
27/08/26;BBVA;PUT;Dic-26;15,50;24.66;43,02;-0,02;;12
27/08/26;BBVA;PUT;Dic-26;16,00;24.66;42,17;-0,03;;92
27/08/26;BBVA;PUT;Dic-26;16,50;24.66;41,31;-0,03;;520
27/08/26;BBVA;PUT;Dic-26;17,00;24.66;40,45;-0,04;;8.736
27/08/26;BBVA;PUT;Dic-26;17,50;24.66;39,59;-0,05;;124
27/08/26;BBVA;PUT;Dic-26;18,00;24.66;38,73;-0,06;;20.169
27/08/26;BBVA;PUT;Dic-26;18,50;24.66;37,87;-0,08;;105
27/08/26;BBVA;PUT;Dic-26;19,00;24.66;37,02;-0,09;;13.517
27/08/26;BBVA;PUT;Dic-26;20,00;24.66;35,30;-0,13;;10.512
27/08/26;BBVA;PUT;Dic-26;20,50;24.66;34,44;-0,16;;6
27/08/26;BBVA;PUT;Dic-26;21,00;24.66;33,58;-0,18;5;12.145
27/08/26;BBVA;PUT;Dic-26;22,00;24.66;31,87;-0,25;;1.003
27/08/26;BBVA;PUT;Dic-26;23,00;24.66;30,15;-0,33;;2.600
27/08/26;BBVA;PUT;Dic-26;24,00;24.66;28,43;-0,43;;505
27/08/26;BBVA;PUT;Dic-26;25,00;24.66;27,17;-0,54;;1
27/08/26;BBVA;PUT;Mar-27;8,50;24.66;51,72;;;25
27/08/26;BBVA;PUT;Mar-27;8,75;24.66;51,36;;;25
27/08/26;BBVA;PUT;Mar-27;9,00;24.66;50,99;;;25
27/08/26;BBVA;PUT;Mar-27;9,25;24.66;50,63;;;25
27/08/26;BBVA;PUT;Mar-27;9,50;24.66;50,26;;;30
27/08/26;BBVA;PUT;Mar-27;9,75;24.66;49,90;;;25
27/08/26;BBVA;PUT;Mar-27;10,50;24.66;48,80;-0,01;;175
27/08/26;BBVA;PUT;Mar-27;11,00;24.66;48,07;-0,01;;175
27/08/26;BBVA;PUT;Mar-27;11,50;24.66;47,34;-0,01;;32.250
27/08/26;BBVA;PUT;Mar-27;12,00;24.66;46,61;-0,01;;40
27/08/26;BBVA;PUT;Mar-27;12,50;24.66;45,88;-0,02;;30
27/08/26;BBVA;PUT;Mar-27;13,00;24.66;45,15;-0,02;;40
27/08/26;BBVA;PUT;Mar-27;13,50;24.66;44,42;-0,02;;20
27/08/26;BBVA;PUT;Mar-27;14,00;24.66;43,69;-0,03;;30
27/08/26;BBVA;PUT;Mar-27;15,00;24.66;42,23;-0,04;;220
27/08/26;BBVA;PUT;Mar-27;16,00;24.66;40,77;-0,06;;5.500
27/08/26;BBVA;PUT;Mar-27;16,50;24.66;40,04;-0,07;;450
27/08/26;BBVA;PUT;Mar-27;17,00;24.66;39,31;-0,08;;2.360
27/08/26;BBVA;PUT;Mar-27;17,50;24.66;38,58;-0,09;;4.250
27/08/26;BBVA;PUT;Mar-27;18,00;24.66;37,85;-0,11;;100
27/08/26;BBVA;PUT;Mar-27;18,50;24.66;37,12;-0,12;;10
27/08/26;BBVA;PUT;Mar-27;19,00;24.66;36,39;-0,14;;2.400
27/08/26;BBVA;PUT;Mar-27;19,50;24.66;35,66;-0,16;;3.810
27/08/26;BBVA;PUT;Mar-27;20,00;24.66;34,93;-0,18;;6.180
27/08/26;BBVA;PUT;Mar-27;20,50;24.66;34,20;-0,20;;20
27/08/26;BBVA;PUT;Mar-27;21,00;24.66;33,47;-0,23;;381
27/08/26;BBVA;PUT;Mar-27;22,00;24.66;32,01;-0,28;;144
27/08/26;BBVA;PUT;Mar-27;23,00;24.66;30,55;-0,35;;8.050
27/08/26;BBVA;PUT;Mar-27;24,00;24.66;29,09;-0,42;;1
27/08/26;BBVA;PUT;Jun-27;4,30;24.66;56,33;;;1
27/08/26;BBVA;PUT;Jun-27;4,50;24.66;56,05;;;1
27/08/26;BBVA;PUT;Jun-27;4,90;24.66;55,49;;;150
27/08/26;BBVA;PUT;Jun-27;5,00;24.66;55,35;;;300
27/08/26;BBVA;PUT;Jun-27;5,25;24.66;55,00;;;298
27/08/26;BBVA;PUT;Jun-27;7,00;24.66;52,57;;;2
27/08/26;BBVA;PUT;Jun-27;8,00;24.66;51,18;;;1
27/08/26;BBVA;PUT;Jun-27;8,25;24.66;50,83;;;7
27/08/26;BBVA;PUT;Jun-27;9,00;24.66;49,78;-0,01;;7.000
27/08/26;BBVA;PUT;Jun-27;9,75;24.66;48,74;-0,01;;175
27/08/26;BBVA;PUT;Jun-27;10,00;24.66;48,39;-0,01;;10.000
27/08/26;BBVA;PUT;Jun-27;11,00;24.66;47,00;-0,02;;75
27/08/26;BBVA;PUT;Jun-27;12,00;24.66;45,61;-0,03;;20
27/08/26;BBVA;PUT;Jun-27;12,50;24.66;44,91;-0,03;;197
27/08/26;BBVA;PUT;Jun-27;13,00;24.66;44,21;-0,04;;1.126
27/08/26;BBVA;PUT;Jun-27;13,50;24.66;43,52;-0,05;;190
27/08/26;BBVA;PUT;Jun-27;14,00;24.66;42,82;-0,06;;33
27/08/26;BBVA;PUT;Jun-27;14,50;24.66;42,13;-0,06;;400
27/08/26;BBVA;PUT;Jun-27;15,00;24.66;41,43;-0,07;;600
27/08/26;BBVA;PUT;Jun-27;15,50;24.66;40,73;-0,08;;21
27/08/26;BBVA;PUT;Jun-27;16,00;24.66;40,04;-0,10;;3
27/08/26;BBVA;PUT;Jun-27;16,50;24.66;39,34;-0,11;;250
27/08/26;BBVA;PUT;Jun-27;17,00;24.66;38,64;-0,12;;151
27/08/26;BBVA;PUT;Jun-27;17,50;24.66;37,95;-0,14;;150
27/08/26;BBVA;PUT;Jun-27;18,00;24.66;37,25;-0,15;;160
27/08/26;BBVA;PUT;Jun-27;18,50;24.66;36,56;-0,17;;2
27/08/26;BBVA;PUT;Jun-27;19,00;24.66;35,86;-0,19;;151
27/08/26;BBVA;PUT;Jun-27;20,00;24.66;34,47;-0,23;;2.604
27/08/26;BBVA;PUT;Jun-27;21,00;24.66;33,08;-0,28;;75
27/08/26;BBVA;PUT;Jun-27;23,00;24.66;30,29;-0,39;;160
27/08/26;BBVA;PUT;Jun-27;24,00;24.66;28,90;-0,45;;91
27/08/26;BBVA;PUT;Jun-27;25,00;24.66;27,87;-0,52;;20
27/08/26;BBVA;PUT;Jun-27;26,00;24.66;27,56;-0,58;;11
27/08/26;BBVA;PUT;Sep-27;7,75;24.66;48,64;-0,01;;10
27/08/26;BBVA;PUT;Sep-27;16,00;24.66;38,49;-0,11;;309
27/08/26;BBVA;PUT;Sep-27;16,50;24.66;37,88;-0,12;;10
27/08/26;BBVA;PUT;Sep-27;17,00;24.66;37,26;-0,13;;379
27/08/26;BBVA;PUT;Sep-27;17,50;24.66;36,65;-0,15;;150
27/08/26;BBVA;PUT;Sep-27;18,00;24.66;36,03;-0,16;;150
27/08/26;BBVA;PUT;Sep-27;20,00;24.66;33,57;-0,24;;1
27/08/26;BBVA;PUT;Sep-27;22,00;24.66;31,11;-0,33;;1
27/08/26;BBVA;PUT;Dic-27;4,40;24.66;51,61;;;1
27/08/26;BBVA;PUT;Dic-27;4,90;24.66;51,03;;;150
27/08/26;BBVA;PUT;Dic-27;5,00;24.66;50,91;;;150
27/08/26;BBVA;PUT;Dic-27;6,50;24.66;49,17;;;10
27/08/26;BBVA;PUT;Dic-27;7,00;24.66;48,59;-0,01;;150
27/08/26;BBVA;PUT;Dic-27;7,25;24.66;48,30;-0,01;;150
27/08/26;BBVA;PUT;Dic-27;7,75;24.66;47,72;-0,01;;1
27/08/26;BBVA;PUT;Dic-27;8,25;24.66;47,14;-0,01;;150
27/08/26;BBVA;PUT;Dic-27;8,50;24.66;46,85;-0,01;;6.150
27/08/26;BBVA;PUT;Dic-27;8,75;24.66;46,55;-0,02;;1
27/08/26;BBVA;PUT;Dic-27;9,00;24.66;46,26;-0,02;;7.650
27/08/26;BBVA;PUT;Dic-27;9,25;24.66;45,97;-0,02;;150
27/08/26;BBVA;PUT;Dic-27;9,50;24.66;45,68;-0,02;;250
27/08/26;BBVA;PUT;Dic-27;9,75;24.66;45,39;-0,02;;150
27/08/26;BBVA;PUT;Dic-27;10,00;24.66;45,10;-0,03;;407
27/08/26;BBVA;PUT;Dic-27;10,50;24.66;44,52;-0,03;;300
27/08/26;BBVA;PUT;Dic-27;11,00;24.66;43,94;-0,04;;5.304
27/08/26;BBVA;PUT;Dic-27;12,00;24.66;42,78;-0,05;;3.300
27/08/26;BBVA;PUT;Dic-27;12,50;24.66;42,20;-0,06;;300
27/08/26;BBVA;PUT;Dic-27;13,00;24.66;41,61;-0,06;;10.000
27/08/26;BBVA;PUT;Dic-27;13,50;24.66;41,03;-0,07;;150
27/08/26;BBVA;PUT;Dic-27;14,00;24.66;40,45;-0,08;;150
27/08/26;BBVA;PUT;Dic-27;15,00;24.66;39,29;-0,10;;3
27/08/26;BBVA;PUT;Dic-27;16,00;24.66;38,13;-0,13;;15.000
27/08/26;BBVA;PUT;Dic-27;16,50;24.66;37,55;-0,14;;174
27/08/26;BBVA;PUT;Dic-27;17,00;24.66;36,96;-0,15;;8.500
27/08/26;BBVA;PUT;Dic-27;17,50;24.66;36,38;-0,17;;292
27/08/26;BBVA;PUT;Dic-27;18,00;24.66;35,80;-0,18;;150
27/08/26;BBVA;PUT;Dic-27;20,00;24.66;33,48;-0,26;;4.000
27/08/26;BBVA;PUT;Dic-27;21,00;24.66;32,31;-0,30;;150
27/08/26;BBVA;PUT;Dic-27;22,00;24.66;31,15;-0,34;;10.302
27/08/26;BBVA;PUT;Dic-27;23,00;24.66;29,99;-0,39;;300
27/08/26;BBVA;PUT;Dic-27;25,00;24.66;27,95;-0,50;;1
27/08/26;BBVA;PUT;Mar-28;15,00;24.66;38,07;-0,11;;150
27/08/26;BBVA;PUT;Mar-28;15,50;24.66;37,53;-0,12;;150
27/08/26;BBVA;PUT;Mar-28;18,00;24.66;34,86;-0,19;;26
27/08/26;BBVA;PUT;Mar-28;20,00;24.66;32,73;-0,26;;150
27/08/26;BBVA;PUT;Mar-28;21,00;24.66;31,66;-0,30;;150
27/08/26;BBVA;PUT;Mar-28;22,00;24.66;30,59;-0,34;;150
27/08/26;BBVA;PUT;Mar-28;23,00;24.66;29,52;-0,39;;150
27/08/26;BBVA;PUT;Jun-28;15,50;24.66;36,52;-0,14;;1
27/08/26;BBVA;PUT;Jun-28;18,00;24.66;33,95;-0,21;;1.250
27/08/26;BBVA;PUT;Jun-28;19,00;24.66;32,92;-0,24;;4.450
27/08/26;BBVA;PUT;Jun-28;20,00;24.66;31,90;-0,28;;3.300
27/08/26;BBVA;PUT;Jun-28;21,00;24.66;30,87;-0,32;;750
27/08/26;BBVA;PUT;Jun-28;22,00;24.66;29,84;-0,36;;2.350
27/08/26;BBVA;PUT;Jun-28;23,00;24.66;28,82;-0,41;;1.500
27/08/26;BBVA;PUT;Dic-28;12,00;24.66;37,02;-0,07;;3.500
27/08/26;BBVA;PUT;Dic-28;12,50;24.66;36,62;-0,08;;1.500
27/08/26;BBVA;PUT;Dic-28;16,00;24.66;33,83;-0,16;;17
27/08/26;BBVA;PUT;Dic-28;16,50;24.66;33,43;-0,17;;9
27/08/26;BBVA;PUT;Dic-28;18,50;24.66;31,83;-0,24;;3
27/08/26;BBVA;PUT;Dic-28;20,00;24.66;30,64;-0,29;;90
27/08/26;BBVA;PUT;Jun-29;16,00;24.66;32,47;-0,18;;1.250
27/08/26;BBVA;PUT;Dic-29;12,50;24.66;33,41;-0,10;;3.000
27/08/26;BBVA;PUT;Dic-29;20,00;24.66;29,46;-0,31;;6
27/08/26;BBVA;PUT;Dic-29;25,00;24.66;26,87;-0,48;;152
27/08/26;BBVA;PUT;Dic-30;20,50;24.66;28,68;-0,34;;1.500
27/08/26;BBVA;CALL;Sep-26;19,00;24.66;36,29;1,00;;10
27/08/26;BBVA;CALL;Sep-26;20,00;24.66;34,11;0,99;;10
27/08/26;BBVA;CALL;Sep-26;20,00;24.66;34,11;0,99;;20
27/08/26;BBVA;CALL;Sep-26;21,00;24.66;31,94;0,98;;20
27/08/26;BBVA;CALL;Sep-26;21,00;24.66;31,94;0,98;;154
27/08/26;BBVA;CALL;Sep-26;22,00;24.66;29,76;0,94;;20
27/08/26;BBVA;CALL;Sep-26;22,00;24.66;29,76;0,94;;160
27/08/26;BBVA;CALL;Sep-26;23,00;24.66;27,58;0,86;;81
27/08/26;BBVA;CALL;Sep-26;24,00;24.66;25,41;0,69;;10
27/08/26;BBVA;CALL;Sep-26;25,00;24.66;23,81;0,43;;50
27/08/26;BBVA;CALL;Sep-26;25,00;24.66;23,81;0,43;;1.720
27/08/26;BBVA;CALL;Sep-26;25,50;24.66;23,57;0,30;;5
27/08/26;BBVA;CALL;Sep-26;26,00;24.66;23,34;0,19;;30
27/08/26;BBVA;CALL;Sep-26;26,00;24.66;23,34;0,19;;3.430
27/08/26;BBVA;CALL;Sep-26;27,00;24.66;22,86;0,06;;60
27/08/26;BBVA;CALL;Oct-26;22,00;24.66;31,55;0,82;;20
27/08/26;BBVA;CALL;Oct-26;23,00;24.66;29,69;0,71;;10
27/08/26;BBVA;CALL;Oct-26;23,00;24.66;29,69;0,71;;10
27/08/26;BBVA;CALL;Oct-26;24,00;24.66;27,84;0,57;26;26
27/08/26;BBVA;CALL;Oct-26;25,00;24.66;26,48;0,41;;10
27/08/26;BBVA;CALL;Oct-26;26,00;24.66;26,08;0,26;;20
27/08/26;BBVA;CALL;Oct-26;26,00;24.66;26,08;0,26;;25
27/08/26;BBVA;CALL;Oct-26;27,00;24.66;25,67;0,15;;7.008
27/08/26;BBVA;CALL;Dic-26;17,00;24.66;42,65;0,94;;10
27/08/26;BBVA;CALL;Dic-26;19,00;24.66;39,22;0,89;;10
27/08/26;BBVA;CALL;Dic-26;19,50;24.66;38,36;0,87;;10
27/08/26;BBVA;CALL;Dic-26;21,00;24.66;35,78;0,80;;10
27/08/26;BBVA;CALL;Dic-26;22,00;24.66;34,07;0,74;;3
27/08/26;BBVA;CALL;Dic-26;22,00;24.66;34,07;0,74;;10
27/08/26;BBVA;CALL;Dic-26;23,00;24.66;32,35;0,66;;10
27/08/26;BBVA;CALL;Dic-26;23,00;24.66;32,35;0,66;;1
27/08/26;BBVA;CALL;Dic-26;24,00;24.66;30,63;0,57;;4
27/08/26;BBVA;CALL;Dic-26;24,00;24.66;30,63;0,57;;10
27/08/26;BBVA;CALL;Dic-26;25,00;24.66;29,37;0,48;;6
27/08/26;BBVA;CALL;Dic-26;26,00;24.66;28,99;0,38;;4
27/08/26;BBVA;CALL;Dic-26;29,00;24.66;27,86;0,15;;8
27/08/26;BBVA;CALL;Dic-26;32,00;24.66;26,72;0,04;;10
27/08/26;BBVA;CALL;Mar-27;19,00;24.66;38,39;0,84;;200
27/08/26;BBVA;CALL;Mar-27;19,00;24.66;38,39;0,84;;200
27/08/26;BBVA;CALL;Mar-27;19,50;24.66;37,66;0,82;;20
27/08/26;BBVA;CALL;Mar-27;23,00;24.66;32,55;0,65;;4
27/08/26;BBVA;CALL;Mar-27;24,00;24.66;31,09;0,58;;4
27/08/26;BBVA;CALL;Mar-27;25,00;24.66;30,03;0,51;;4
27/08/26;BBVA;CALL;Mar-27;26,00;24.66;29,75;0,44;;3
27/08/26;BBVA;CALL;Mar-27;27,00;24.66;29,47;0,37;;5
27/08/26;BBVA;CALL;Mar-27;28,00;24.66;29,18;0,31;;2
27/08/26;BBVA;CALL;Mar-27;32,00;24.66;28,05;0,13;;28
27/08/26;BBVA;PUT;Sep-26;9,50;24.66;56,49;;;600
27/08/26;BBVA;PUT;Sep-26;10,50;24.66;54,32;;;700
27/08/26;BBVA;PUT;Sep-26;17,00;24.66;40,17;;;20
27/08/26;BBVA;PUT;Sep-26;18,00;24.66;37,99;;;10
27/08/26;BBVA;PUT;Sep-26;19,00;24.66;35,82;;;10
27/08/26;BBVA;PUT;Sep-26;20,00;24.66;33,64;;;10
27/08/26;BBVA;PUT;Sep-26;22,00;24.66;29,29;-0,05;;10
27/08/26;BBVA;PUT;Sep-26;24,00;24.66;24,94;-0,31;;92
27/08/26;BBVA;PUT;Sep-26;24,00;24.66;24,94;-0,31;;10
27/08/26;BBVA;PUT;Sep-26;25,00;24.66;23,34;-0,57;;75
27/08/26;BBVA;PUT;Sep-26;26,00;24.66;22,87;-0,81;;10
27/08/26;BBVA;PUT;Oct-26;22,00;24.66;29,81;-0,17;;20
27/08/26;BBVA;PUT;Oct-26;24,00;24.66;26,10;-0,42;;10
27/08/26;BBVA;PUT;Oct-26;24,00;24.66;26,10;-0,42;;20
27/08/26;BBVA;PUT;Oct-26;25,00;24.66;24,74;-0,59;5;10
27/08/26;BBVA;PUT;Oct-26;26,00;24.66;24,34;-0,75;;10
27/08/26;BBVA;PUT;Dic-26;7,25;24.66;57,19;;;150
27/08/26;BBVA;PUT;Dic-26;8,50;24.66;55,04;;;150
27/08/26;BBVA;PUT;Dic-26;8,75;24.66;54,61;;;150
27/08/26;BBVA;PUT;Dic-26;9,00;24.66;54,18;;;150
27/08/26;BBVA;PUT;Dic-26;10,00;24.66;52,47;;;40
27/08/26;BBVA;PUT;Dic-26;15,50;24.66;43,02;-0,02;;5
27/08/26;BBVA;PUT;Dic-26;16,50;24.66;41,31;-0,03;;10
27/08/26;BBVA;PUT;Dic-26;17,00;24.66;40,45;-0,04;;23
27/08/26;BBVA;PUT;Dic-26;17,50;24.66;39,59;-0,05;;16
27/08/26;BBVA;PUT;Dic-26;21,00;24.66;33,58;-0,18;;16
27/08/26;BBVA;PUT;Dic-26;22,00;24.66;31,87;-0,25;;4
27/08/26;BBVA;PUT;Dic-26;23,00;24.66;30,15;-0,32;;1
27/08/26;BBVA;PUT;Dic-26;32,00;24.66;24,52;-0,96;;25
27/08/26;BBVA;PUT;Mar-27;10,00;24.66;49,53;;;150
27/08/26;BBVA;PUT;Mar-27;14,50;24.66;42,96;-0,04;;10
27/08/26;BBVA;PUT;Mar-27;17,00;24.66;39,31;-0,08;;20
27/08/26;BBVA;PUT;Mar-27;18,00;24.66;37,85;-0,11;;1
27/08/26;BBVA;PUT;Jun-27;22,00;24.66;31,68;-0,32;;70
27/08/26;CAIXABANK;CALL;Sep-26;9,00;13.1;35,97;1,00;;1
27/08/26;CAIXABANK;CALL;Sep-26;10,00;13.1;32,51;1,00;;1
27/08/26;CAIXABANK;CALL;Sep-26;10,50;13.1;30,78;1,00;;1
27/08/26;CAIXABANK;CALL;Sep-26;11,00;13.1;29,05;0,99;;2
27/08/26;CAIXABANK;CALL;Sep-26;11,50;13.1;27,32;0,98;;4
27/08/26;CAIXABANK;CALL;Sep-26;12,00;13.1;25,59;0,93;;8
27/08/26;CAIXABANK;CALL;Sep-26;12,50;13.1;23,86;0,80;;40
27/08/26;CAIXABANK;CALL;Sep-26;13,00;13.1;22,13;0,58;;102
27/08/26;CAIXABANK;CALL;Sep-26;13,50;13.1;21,46;0,30;;5
27/08/26;CAIXABANK;CALL;Oct-26;12,50;13.1;24,77;0,72;;3
27/08/26;CAIXABANK;CALL;Dic-26;7,00;13.1;44,58;1,00;;7.500
27/08/26;CAIXABANK;CALL;Dic-26;9,25;13.1;36,79;0,98;;1
27/08/26;CAIXABANK;CALL;Dic-26;10,50;13.1;32,47;0,93;;1.134
27/08/26;CAIXABANK;CALL;Dic-26;11,00;13.1;30,74;0,89;;20
27/08/26;CAIXABANK;CALL;Dic-26;11,50;13.1;29,01;0,84;;6.000
27/08/26;CAIXABANK;CALL;Dic-26;12,00;13.1;27,28;0,76;;1
27/08/26;CAIXABANK;CALL;Dic-26;12,50;13.1;25,55;0,67;;450
27/08/26;CAIXABANK;CALL;Dic-26;13,00;13.1;23,82;0,55;;2
27/08/26;CAIXABANK;CALL;Mar-27;9,50;13.1;34,61;0,93;;1
27/08/26;CAIXABANK;CALL;Mar-27;10,50;13.1;31,61;0,87;;14
27/08/26;CAIXABANK;CALL;Mar-27;12,50;13.1;25,60;0,63;;11
27/08/26;CAIXABANK;CALL;Mar-27;13,00;13.1;24,10;0,55;;400
27/08/26;CAIXABANK;CALL;Jun-27;9,75;13.1;32,86;0,90;;150
27/08/26;CAIXABANK;CALL;Jun-27;10,00;13.1;32,23;0,88;;150
27/08/26;CAIXABANK;CALL;Jun-27;10,50;13.1;30,97;0,85;;150
27/08/26;CAIXABANK;CALL;Jun-27;11,00;13.1;29,71;0,80;;150
27/08/26;CAIXABANK;CALL;Jun-27;12,00;13.1;27,19;0,69;;1
27/08/26;CAIXABANK;CALL;Jun-27;13,00;13.1;24,67;0,56;;25
27/08/26;CAIXABANK;CALL;Jun-27;14,50;13.1;23,46;0,34;;1
27/08/26;CAIXABANK;CALL;Sep-27;13,50;13.1;25,16;0,49;;1
27/08/26;CAIXABANK;CALL;Dic-27;10,50;13.1;31,68;0,80;;20
27/08/26;CAIXABANK;CALL;Dic-27;11,00;13.1;30,65;0,76;;1
27/08/26;CAIXABANK;CALL;Dic-27;11,50;13.1;29,62;0,72;;1
27/08/26;CAIXABANK;CALL;Jun-28;10,00;13.1;33,20;0,82;;150
27/08/26;CAIXABANK;CALL;Jun-28;10,50;13.1;32,36;0,78;;300
27/08/26;CAIXABANK;CALL;Jun-28;11,00;13.1;31,52;0,74;;1.250
27/08/26;CAIXABANK;CALL;Jun-28;11,50;13.1;30,68;0,70;;150
27/08/26;CAIXABANK;PUT;Sep-26;5,50;13.1;48,55;;;70.900
27/08/26;CAIXABANK;PUT;Sep-26;7,75;13.1;40,76;;;3
27/08/26;CAIXABANK;PUT;Sep-26;8,00;13.1;39,90;;;174
27/08/26;CAIXABANK;PUT;Sep-26;8,50;13.1;38,17;;;1.000
27/08/26;CAIXABANK;PUT;Sep-26;9,00;13.1;36,44;;;1
27/08/26;CAIXABANK;PUT;Sep-26;10,50;13.1;31,25;;;3
27/08/26;CAIXABANK;PUT;Sep-26;11,00;13.1;29,52;-0,01;;25
27/08/26;CAIXABANK;PUT;Sep-26;11,50;13.1;27,79;-0,03;;1
27/08/26;CAIXABANK;PUT;Sep-26;12,00;13.1;26,06;-0,08;;256
27/08/26;CAIXABANK;PUT;Sep-26;12,50;13.1;24,33;-0,20;;108
27/08/26;CAIXABANK;PUT;Sep-26;13,00;13.1;22,60;-0,43;;17
27/08/26;CAIXABANK;PUT;Sep-26;13,25;13.1;22,13;-0,57;;2
27/08/26;CAIXABANK;PUT;Sep-26;13,50;13.1;21,93;-0,70;;5
27/08/26;CAIXABANK;PUT;Sep-26;14,00;13.1;21,54;-0,89;1;12
27/08/26;CAIXABANK;PUT;Sep-26;14,50;13.1;21,15;-0,99;;1
27/08/26;CAIXABANK;PUT;Oct-26;13,00;13.1;23,08;-0,44;;10
27/08/26;CAIXABANK;PUT;Dic-26;5,25;13.1;49,89;;;75
27/08/26;CAIXABANK;PUT;Dic-26;6,75;13.1;44,69;;;3
27/08/26;CAIXABANK;PUT;Dic-26;7,25;13.1;42,96;-0,01;;1
27/08/26;CAIXABANK;PUT;Dic-26;8,00;13.1;40,37;-0,01;;100
27/08/26;CAIXABANK;PUT;Dic-26;8,25;13.1;39,50;-0,01;;100
27/08/26;CAIXABANK;PUT;Dic-26;8,50;13.1;38,64;-0,02;;103
27/08/26;CAIXABANK;PUT;Dic-26;8,75;13.1;37,77;-0,02;;10
27/08/26;CAIXABANK;PUT;Dic-26;9,00;13.1;36,91;-0,03;;11
27/08/26;CAIXABANK;PUT;Dic-26;9,50;13.1;35,18;-0,05;;2
27/08/26;CAIXABANK;PUT;Dic-26;10,00;13.1;33,45;-0,07;;76
27/08/26;CAIXABANK;PUT;Dic-26;10,50;13.1;31,72;-0,10;;1.030
27/08/26;CAIXABANK;PUT;Dic-26;11,00;13.1;29,99;-0,14;;40
27/08/26;CAIXABANK;PUT;Dic-26;11,50;13.1;28,26;-0,20;;6.008
27/08/26;CAIXABANK;PUT;Dic-26;12,50;13.1;24,80;-0,36;;10
27/08/26;CAIXABANK;PUT;Dic-26;13,00;13.1;23,07;-0,48;;27
27/08/26;CAIXABANK;PUT;Dic-26;14,00;13.1;22,03;-0,71;;1
27/08/26;CAIXABANK;PUT;Mar-27;6,00;13.1;44,25;-0,01;;7.675
27/08/26;CAIXABANK;PUT;Mar-27;6,50;13.1;42,75;-0,01;;29.800
27/08/26;CAIXABANK;PUT;Mar-27;8,00;13.1;38,24;-0,03;;1
27/08/26;CAIXABANK;PUT;Mar-27;8,75;13.1;35,99;-0,05;;350
27/08/26;CAIXABANK;PUT;Mar-27;9,75;13.1;32,99;-0,09;;5
27/08/26;CAIXABANK;PUT;Mar-27;10,00;13.1;32,24;-0,11;;32
27/08/26;CAIXABANK;PUT;Mar-27;12,00;13.1;26,23;-0,30;;150
27/08/26;CAIXABANK;PUT;Mar-27;12,50;13.1;24,73;-0,37;;8
27/08/26;CAIXABANK;PUT;Jun-27;7,75;13.1;36,40;-0,04;;8.200
27/08/26;CAIXABANK;PUT;Jun-27;10,00;13.1;30,73;-0,15;;4.025
27/08/26;CAIXABANK;PUT;Jun-27;10,50;13.1;29,47;-0,19;;175
27/08/26;CAIXABANK;PUT;Jun-27;11,00;13.1;28,21;-0,24;;25
27/08/26;CAIXABANK;PUT;Jun-27;11,50;13.1;26,95;-0,29;;25
27/08/26;CAIXABANK;PUT;Jun-27;12,00;13.1;25,69;-0,35;;25
27/08/26;CAIXABANK;PUT;Jun-27;13,00;13.1;23,17;-0,49;;50
27/08/26;CAIXABANK;PUT;Dic-27;3,50;13.1;42,47;;;1
27/08/26;CAIXABANK;PUT;Dic-27;4,20;13.1;41,02;;;1
27/08/26;CAIXABANK;PUT;Dic-27;5,50;13.1;38,34;-0,02;;160
27/08/26;CAIXABANK;PUT;Dic-27;5,75;13.1;37,83;-0,02;;1
27/08/26;CAIXABANK;PUT;Dic-27;6,00;13.1;37,31;-0,02;;150
27/08/26;CAIXABANK;PUT;Dic-27;8,00;13.1;33,19;-0,08;;150
27/08/26;CAIXABANK;PUT;Dic-27;8,25;13.1;32,68;-0,09;;225
27/08/26;CAIXABANK;PUT;Dic-27;8,50;13.1;32,16;-0,10;;150
27/08/26;CAIXABANK;PUT;Dic-27;8,75;13.1;31,65;-0,11;;150
27/08/26;CAIXABANK;PUT;Dic-27;9,00;13.1;31,13;-0,12;;150
27/08/26;CAIXABANK;PUT;Dic-27;9,25;13.1;30,62;-0,14;;150
27/08/26;CAIXABANK;PUT;Dic-27;9,50;13.1;30,10;-0,15;;150
27/08/26;CAIXABANK;PUT;Dic-27;9,75;13.1;29,58;-0,17;;150
27/08/26;CAIXABANK;PUT;Dic-27;10,00;13.1;29,07;-0,18;;150
27/08/26;CAIXABANK;PUT;Jun-28;8,50;13.1;30,85;-0,12;;150
27/08/26;CAIXABANK;PUT;Jun-28;9,00;13.1;30,01;-0,15;;150
27/08/26;CAIXABANK;PUT;Jun-28;9,25;13.1;29,59;-0,17;;150
27/08/26;CAIXABANK;PUT;Jun-28;9,50;13.1;29,17;-0,18;;300
27/08/26;CAIXABANK;PUT;Jun-28;9,75;13.1;28,75;-0,20;;150
27/08/26;CAIXABANK;PUT;Jun-28;10,00;13.1;28,33;-0,22;;150
27/08/26;CAIXABANK;PUT;Dic-28;4,50;13.1;35,56;-0,01;;15.000
27/08/26;CAIXABANK;PUT;Dic-28;8,75;13.1;30,05;-0,16;;450
27/08/26;CAIXABANK;PUT;Dic-29;5,00;13.1;33,12;-0,04;;16.000
27/08/26;CAIXABANK;CALL;Sep-26;13,00;13.1;22,13;0,58;;10
27/08/26;CAIXABANK;CALL;Dic-26;9,00;13.1;37,66;0,96;;10
27/08/26;CAIXABANK;CALL;Dic-26;11,00;13.1;30,74;0,85;;10
27/08/26;CAIXABANK;CALL;Dic-26;12,00;13.1;27,28;0,72;;10
27/08/26;CAIXABANK;CALL;Dic-26;12,50;13.1;25,55;0,63;;10
27/08/26;CAIXABANK;PUT;Sep-26;11,50;13.1;27,79;-0,03;;10
27/08/26;CELLNEX;CALL;Sep-26;25,00;26.4;31,08;0,78;;5
27/08/26;CELLNEX;CALL;Sep-26;26,00;26.4;29,80;0,60;;10
27/08/26;CELLNEX;CALL;Sep-26;27,00;26.4;29,01;0,40;;30
27/08/26;CELLNEX;CALL;Sep-26;28,00;26.4;28,57;0,22;;61
27/08/26;CELLNEX;CALL;Sep-26;29,00;26.4;28,13;0,10;;44
27/08/26;CELLNEX;CALL;Sep-26;30,00;26.4;27,69;0,03;;37
27/08/26;CELLNEX;CALL;Sep-26;31,00;26.4;27,25;0,01;;22
27/08/26;CELLNEX;CALL;Sep-26;32,00;26.4;26,81;;;56
27/08/26;CELLNEX;CALL;Sep-26;33,00;26.4;26,36;;;25
27/08/26;CELLNEX;CALL;Sep-26;34,00;26.4;25,92;;;41
27/08/26;CELLNEX;CALL;Sep-26;35,00;26.4;25,48;;;30
27/08/26;CELLNEX;CALL;Sep-26;36,00;26.4;25,04;;;25
27/08/26;CELLNEX;CALL;Sep-26;37,00;26.4;24,60;;;25
27/08/26;CELLNEX;CALL;Sep-26;38,00;26.4;24,15;;;25
27/08/26;CELLNEX;CALL;Sep-26;39,00;26.4;23,71;;;25
27/08/26;CELLNEX;CALL;Sep-26;40,00;26.4;23,27;;;25
27/08/26;CELLNEX;CALL;Dic-26;18,00;26.4;39,51;0,97;;2
27/08/26;CELLNEX;CALL;Dic-26;20,00;26.4;37,11;0,93;;1
27/08/26;CELLNEX;CALL;Dic-26;21,00;26.4;35,91;0,90;;1
27/08/26;CELLNEX;CALL;Dic-26;24,00;26.4;32,31;0,75;;11
27/08/26;CELLNEX;CALL;Dic-26;25,00;26.4;31,11;0,67;;47
27/08/26;CELLNEX;CALL;Dic-26;27,00;26.4;29,24;0,50;;25
27/08/26;CELLNEX;CALL;Dic-26;28,00;26.4;28,92;0,41;;96
27/08/26;CELLNEX;CALL;Dic-26;29,00;26.4;28,61;0,32;;2.060
27/08/26;CELLNEX;CALL;Dic-26;30,00;26.4;28,29;0,25;;148
27/08/26;CELLNEX;CALL;Dic-26;31,00;26.4;27,98;0,18;;110
27/08/26;CELLNEX;CALL;Dic-26;32,00;26.4;27,66;0,13;;218
27/08/26;CELLNEX;CALL;Dic-26;33,00;26.4;27,35;0,09;;120
27/08/26;CELLNEX;CALL;Dic-26;34,00;26.4;27,03;0,06;;190
27/08/26;CELLNEX;CALL;Dic-26;35,00;26.4;26,72;0,04;;115
27/08/26;CELLNEX;CALL;Dic-26;36,00;26.4;26,40;0,02;;85
27/08/26;CELLNEX;CALL;Dic-26;37,00;26.4;26,08;0,01;;50
27/08/26;CELLNEX;CALL;Dic-26;38,00;26.4;25,77;0,01;;25
27/08/26;CELLNEX;CALL;Dic-26;39,00;26.4;25,45;;;25
27/08/26;CELLNEX;CALL;Dic-26;40,00;26.4;25,14;;;125
27/08/26;CELLNEX;CALL;Dic-26;42,00;26.4;24,51;;;25
27/08/26;CELLNEX;CALL;Dic-26;44,00;26.4;23,87;;;25
27/08/26;CELLNEX;CALL;Dic-26;45,00;26.4;23,56;;;25
27/08/26;CELLNEX;CALL;Dic-26;46,00;26.4;23,24;;;25
27/08/26;CELLNEX;CALL;Mar-27;20,00;26.4;35,32;0,90;;33
27/08/26;CELLNEX;CALL;Mar-27;22,00;26.4;33,63;0,82;;4
27/08/26;CELLNEX;CALL;Mar-27;23,00;26.4;32,79;0,77;;2
27/08/26;CELLNEX;CALL;Mar-27;25,00;26.4;31,09;0,65;;50
27/08/26;CELLNEX;CALL;Mar-27;26,00;26.4;30,25;0,58;;26
27/08/26;CELLNEX;CALL;Mar-27;27,00;26.4;29,71;0,51;;25
27/08/26;CELLNEX;CALL;Mar-27;28,00;26.4;29,38;0,44;;51
27/08/26;CELLNEX;CALL;Mar-27;29,00;26.4;29,06;0,38;;1
27/08/26;CELLNEX;CALL;Mar-27;30,00;26.4;28,73;0,32;;317
27/08/26;CELLNEX;CALL;Mar-27;31,00;26.4;28,40;0,26;;75
27/08/26;CELLNEX;CALL;Mar-27;32,00;26.4;28,07;0,21;;120
27/08/26;CELLNEX;CALL;Mar-27;33,00;26.4;27,74;0,16;;51
27/08/26;CELLNEX;CALL;Mar-27;34,00;26.4;27,42;0,13;;25
27/08/26;CELLNEX;CALL;Mar-27;35,00;26.4;27,09;0,10;;25
27/08/26;CELLNEX;CALL;Jun-27;20,00;26.4;34,45;0,87;;6
27/08/26;CELLNEX;CALL;Jun-27;25,00;26.4;31,11;0,64;;1
27/08/26;CELLNEX;CALL;Jun-27;28,00;26.4;29,66;0,47;;100
27/08/26;CELLNEX;CALL;Jun-27;29,00;26.4;29,35;0,42;;100
27/08/26;CELLNEX;CALL;Jun-27;30,00;26.4;29,03;0,37;;125
27/08/26;CELLNEX;CALL;Jun-27;31,00;26.4;28,72;0,32;;150
27/08/26;CELLNEX;CALL;Jun-27;32,00;26.4;28,40;0,27;;100
27/08/26;CELLNEX;CALL;Jun-27;33,00;26.4;28,09;0,23;;112
27/08/26;CELLNEX;CALL;Jun-27;34,00;26.4;27,77;0,19;;175
27/08/26;CELLNEX;CALL;Jun-27;35,00;26.4;27,46;0,16;;150
27/08/26;CELLNEX;CALL;Jun-27;36,00;26.4;27,14;0,13;;125
27/08/26;CELLNEX;CALL;Jun-27;37,00;26.4;26,82;0,10;;125
27/08/26;CELLNEX;CALL;Jun-27;38,00;26.4;26,51;0,08;;75
27/08/26;CELLNEX;CALL;Jun-27;39,00;26.4;26,19;0,06;;75
27/08/26;CELLNEX;CALL;Jun-27;40,00;26.4;25,88;0,05;;50
27/08/26;CELLNEX;CALL;Jun-27;41,00;26.4;25,56;0,04;;50
27/08/26;CELLNEX;CALL;Jun-27;42,00;26.4;25,25;0,03;;50
27/08/26;CELLNEX;CALL;Jun-27;43,00;26.4;24,93;0,02;;50
27/08/26;CELLNEX;CALL;Jun-27;44,00;26.4;24,61;0,01;;50
27/08/26;CELLNEX;CALL;Jun-27;45,00;26.4;24,30;0,01;;50
27/08/26;CELLNEX;CALL;Jun-27;46,00;26.4;23,98;0,01;;50
27/08/26;CELLNEX;CALL;Jun-27;49,00;26.4;23,04;;;50
27/08/26;CELLNEX;CALL;Jun-27;50,00;26.4;22,72;;;411
27/08/26;CELLNEX;CALL;Sep-27;34,00;26.4;27,76;0,23;;20
27/08/26;CELLNEX;CALL;Sep-27;35,00;26.4;27,43;0,19;;100
27/08/26;CELLNEX;CALL;Sep-27;36,00;26.4;27,10;0,16;;75
27/08/26;CELLNEX;CALL;Sep-27;37,00;26.4;26,77;0,14;;75
27/08/26;CELLNEX;CALL;Sep-27;41,00;26.4;25,46;0,06;;50
27/08/26;CELLNEX;CALL;Dic-27;25,00;26.4;31,27;0,64;;25
27/08/26;CELLNEX;CALL;Dic-27;26,00;26.4;30,78;0,59;;2
27/08/26;CELLNEX;CALL;Dic-27;27,00;26.4;30,41;0,55;;2.500
27/08/26;CELLNEX;CALL;Dic-27;28,00;26.4;30,12;0,51;;7
27/08/26;CELLNEX;CALL;Dic-27;29,00;26.4;29,82;0,46;;1
27/08/26;CELLNEX;CALL;Dic-27;30,00;26.4;29,53;0,42;;115
27/08/26;CELLNEX;CALL;Dic-27;31,00;26.4;29,24;0,38;;75
27/08/26;CELLNEX;CALL;Dic-27;32,00;26.4;28,95;0,34;;51
27/08/26;CELLNEX;CALL;Dic-27;33,00;26.4;28,66;0,31;;25
27/08/26;CELLNEX;CALL;Dic-27;34,00;26.4;28,37;0,27;;74
27/08/26;CELLNEX;CALL;Dic-27;35,00;26.4;28,08;0,24;;50
27/08/26;CELLNEX;CALL;Dic-27;37,00;26.4;27,50;0,18;;25
27/08/26;CELLNEX;CALL;Dic-27;38,00;26.4;27,21;0,16;;570
27/08/26;CELLNEX;CALL;Dic-27;40,00;26.4;26,63;0,11;;48
27/08/26;CELLNEX;CALL;Dic-27;44,00;26.4;25,47;0,05;;25
27/08/26;CELLNEX;CALL;Mar-28;29,00;26.4;30,28;0,48;;11
27/08/26;CELLNEX;CALL;Jun-28;26,00;26.4;30,97;0,60;;4
27/08/26;CELLNEX;CALL;Dic-29;40,00;26.4;29,42;0,30;;1.260
27/08/26;CELLNEX;PUT;Sep-26;19,00;26.4;37,11;;;1
27/08/26;CELLNEX;PUT;Sep-26;20,00;26.4;35,82;;;1
27/08/26;CELLNEX;PUT;Sep-26;21,00;26.4;34,53;;;19
27/08/26;CELLNEX;PUT;Sep-26;22,00;26.4;33,25;-0,01;;62
27/08/26;CELLNEX;PUT;Sep-26;23,00;26.4;31,96;-0,03;;23
27/08/26;CELLNEX;PUT;Sep-26;24,00;26.4;30,67;-0,09;;263
27/08/26;CELLNEX;PUT;Sep-26;25,00;26.4;29,38;-0,21;1;73
27/08/26;CELLNEX;PUT;Sep-26;26,00;26.4;28,10;-0,39;;51
27/08/26;CELLNEX;PUT;Sep-26;27,00;26.4;27,31;-0,61;;89
27/08/26;CELLNEX;PUT;Sep-26;28,00;26.4;26,87;-0,80;;51
27/08/26;CELLNEX;PUT;Sep-26;29,00;26.4;26,43;-0,93;;28
27/08/26;CELLNEX;PUT;Sep-26;30,00;26.4;25,99;-0,99;;21
27/08/26;CELLNEX;PUT;Oct-26;23,00;26.4;31,92;-0,11;;10
27/08/26;CELLNEX;PUT;Oct-26;24,00;26.4;30,66;-0,18;12;12
27/08/26;CELLNEX;PUT;Oct-26;25,00;26.4;29,40;-0,28;;4
27/08/26;CELLNEX;PUT;Oct-26;27,00;26.4;27,44;-0,56;;20
27/08/26;CELLNEX;PUT;Nov-26;22,00;26.4;33,17;-0,10;;10
27/08/26;CELLNEX;PUT;Nov-26;23,00;26.4;31,92;-0,16;10;10
27/08/26;CELLNEX;PUT;Dic-26;18,00;26.4;37,77;-0,03;;2.001
27/08/26;CELLNEX;PUT;Dic-26;20,00;26.4;35,37;-0,06;;21
27/08/26;CELLNEX;PUT;Dic-26;21,00;26.4;34,17;-0,09;;225
27/08/26;CELLNEX;PUT;Dic-26;22,00;26.4;32,97;-0,13;;129
27/08/26;CELLNEX;PUT;Dic-26;23,00;26.4;31,77;-0,18;;689
27/08/26;CELLNEX;PUT;Dic-26;24,00;26.4;30,57;-0,25;2;4.502
27/08/26;CELLNEX;PUT;Dic-26;25,00;26.4;29,37;-0,33;;59
27/08/26;CELLNEX;PUT;Dic-26;26,00;26.4;28,17;-0,42;1;152
27/08/26;CELLNEX;PUT;Dic-26;27,00;26.4;27,50;-0,52;;94
27/08/26;CELLNEX;PUT;Dic-26;28,00;26.4;27,18;-0,61;;25
27/08/26;CELLNEX;PUT;Dic-26;29,00;26.4;26,87;-0,71;;3
27/08/26;CELLNEX;PUT;Dic-26;30,00;26.4;26,55;-0,79;;1
27/08/26;CELLNEX;PUT;Dic-26;32,00;26.4;25,92;-0,92;;26
27/08/26;CELLNEX;PUT;Dic-26;33,00;26.4;25,61;-0,96;;25
27/08/26;CELLNEX;PUT;Mar-27;20,00;26.4;33,61;-0,11;;1
27/08/26;CELLNEX;PUT;Mar-27;22,00;26.4;31,92;-0,19;;100
27/08/26;CELLNEX;PUT;Mar-27;23,00;26.4;31,08;-0,24;;53
27/08/26;CELLNEX;PUT;Mar-27;24,00;26.4;30,23;-0,30;;2
27/08/26;CELLNEX;PUT;Mar-27;25,00;26.4;29,38;-0,37;;85
27/08/26;CELLNEX;PUT;Mar-27;26,00;26.4;28,54;-0,44;;63
27/08/26;CELLNEX;PUT;Mar-27;27,00;26.4;28,00;-0,51;;117
27/08/26;CELLNEX;PUT;Mar-27;28,00;26.4;27,67;-0,58;;5
27/08/26;CELLNEX;PUT;Mar-27;30,00;26.4;27,02;-0,71;;9
27/08/26;CELLNEX;PUT;Mar-27;31,00;26.4;26,69;-0,77;;2
27/08/26;CELLNEX;PUT;Mar-27;32,00;26.4;26,36;-0,82;;10
27/08/26;CELLNEX;PUT;Mar-27;36,00;26.4;25,05;-0,95;;25
27/08/26;CELLNEX;PUT;Mar-27;37,00;26.4;24,72;-0,97;;25
27/08/26;CELLNEX;PUT;Jun-27;20,00;26.4;32,42;-0,13;;25
27/08/26;CELLNEX;PUT;Jun-27;22,00;26.4;31,08;-0,21;;26
27/08/26;CELLNEX;PUT;Jun-27;23,00;26.4;30,42;-0,26;;25
27/08/26;CELLNEX;PUT;Jun-27;24,00;26.4;29,75;-0,31;;59
27/08/26;CELLNEX;PUT;Jun-27;25,00;26.4;29,08;-0,37;;25
27/08/26;CELLNEX;PUT;Jun-27;26,00;26.4;28,41;-0,43;;1.575
27/08/26;CELLNEX;PUT;Jun-27;27,00;26.4;27,95;-0,49;;10
27/08/26;CELLNEX;PUT;Jun-27;28,00;26.4;27,63;-0,55;;1
27/08/26;CELLNEX;PUT;Jun-27;29,00;26.4;27,32;-0,61;;1
27/08/26;CELLNEX;PUT;Jun-27;30,00;26.4;27,00;-0,67;;25
27/08/26;CELLNEX;PUT;Jun-27;31,00;26.4;26,69;-0,72;;75
27/08/26;CELLNEX;PUT;Jun-27;32,00;26.4;26,37;-0,77;;50
27/08/26;CELLNEX;PUT;Jun-27;33,00;26.4;26,06;-0,82;;50
27/08/26;CELLNEX;PUT;Jun-27;34,00;26.4;25,74;-0,86;;100
27/08/26;CELLNEX;PUT;Jun-27;35,00;26.4;25,43;-0,89;;100
27/08/26;CELLNEX;PUT;Jun-27;36,00;26.4;25,11;-0,92;;125
27/08/26;CELLNEX;PUT;Jun-27;37,00;26.4;24,79;-0,94;;100
27/08/26;CELLNEX;PUT;Jun-27;38,00;26.4;24,48;-0,96;;100
27/08/26;CELLNEX;PUT;Jun-27;39,00;26.4;24,16;-0,97;;25
27/08/26;CELLNEX;PUT;Sep-27;21,00;26.4;30,40;-0,19;;1
27/08/26;CELLNEX;PUT;Sep-27;24,00;26.4;28,65;-0,33;;3
27/08/26;CELLNEX;PUT;Sep-27;25,00;26.4;28,07;-0,38;;1
27/08/26;CELLNEX;PUT;Sep-27;36,00;26.4;24,11;-0,89;;25
27/08/26;CELLNEX;PUT;Sep-27;37,00;26.4;23,78;-0,91;;25
27/08/26;CELLNEX;PUT;Dic-27;21,00;26.4;29,66;-0,20;;1
27/08/26;CELLNEX;PUT;Dic-27;23,00;26.4;28,67;-0,28;;3
27/08/26;CELLNEX;PUT;Dic-27;30,00;26.4;25,95;-0,62;;75
27/08/26;CELLNEX;PUT;Dic-27;31,00;26.4;25,66;-0,67;;50
27/08/26;CELLNEX;PUT;Dic-27;32,00;26.4;25,37;-0,71;;26
27/08/26;CELLNEX;PUT;Dic-27;33,00;26.4;25,08;-0,76;;25
27/08/26;CELLNEX;PUT;Dic-27;34,00;26.4;24,79;-0,79;;25
27/08/26;CELLNEX;PUT;Mar-28;21,00;26.4;29,17;-0,21;;25
27/08/26;CELLNEX;PUT;Mar-28;22,00;26.4;28,75;-0,25;;100
27/08/26;CELLNEX;PUT;Mar-28;24,00;26.4;27,92;-0,34;;100
27/08/26;CELLNEX;PUT;Mar-28;25,00;26.4;27,50;-0,38;;2
27/08/26;CELLNEX;PUT;Jun-28;30,00;26.4;26,55;-0,58;;3
27/08/26;CELLNEX;CALL;Sep-26;28,00;26.4;28,57;0,22;;25
27/08/26;CELLNEX;CALL;Sep-26;31,00;26.4;27,25;0,01;;25
27/08/26;CELLNEX;CALL;Sep-26;32,00;26.4;26,81;;;25
27/08/26;CELLNEX;CALL;Sep-26;33,00;26.4;26,36;;;25
27/08/26;CELLNEX;CALL;Dic-26;28,00;26.4;28,92;0,40;;50
27/08/26;CELLNEX;CALL;Dic-26;29,00;26.4;28,61;0,32;;3
27/08/26;CELLNEX;CALL;Dic-26;32,00;26.4;27,66;0,13;;50
27/08/26;CELLNEX;CALL;Dic-26;35,00;26.4;26,72;0,04;;18
27/08/26;CELLNEX;CALL;Dic-30;30,00;26.4;30,17;0,47;;60
27/08/26;CELLNEX;PUT;Sep-26;25,00;26.4;29,38;-0,21;;10
27/08/26;CELLNEX;PUT;Dic-26;24,00;26.4;30,57;-0,24;;2
27/08/26;CELLNEX;PUT;Mar-27;24,00;26.4;30,23;-0,29;;2
27/08/26;CELLNEX;PUT;Mar-27;25,00;26.4;29,38;-0,36;;1
27/08/26;CELLNEX;PUT;Jun-27;23,00;26.4;30,42;-0,25;;2
27/08/26;CIE AUTOMOTIVE;CALL;Sep-26;23,00;25.4;20,60;0,98;;4
27/08/26;CIE AUTOMOTIVE;CALL;Sep-26;30,00;25.4;18,55;;;10
27/08/26;CIE AUTOMOTIVE;CALL;Sep-26;31,00;25.4;18,37;;;11
27/08/26;CIE AUTOMOTIVE;CALL;Sep-26;33,00;25.4;18,00;;;1
27/08/26;CIE AUTOMOTIVE;CALL;Dic-26;22,00;25.4;20,92;0,91;;4
27/08/26;CIE AUTOMOTIVE;CALL;Dic-26;24,00;25.4;19,97;0,74;;1
27/08/26;CIE AUTOMOTIVE;CALL;Dic-26;26,00;25.4;19,22;0,46;;2
27/08/26;CIE AUTOMOTIVE;CALL;Dic-26;27,00;25.4;19,06;0,33;;6
27/08/26;CIE AUTOMOTIVE;CALL;Dic-26;31,00;25.4;18,43;0,03;;2
27/08/26;CIE AUTOMOTIVE;CALL;Mar-27;22,00;25.4;20,54;0,88;;1
27/08/26;CIE AUTOMOTIVE;CALL;Mar-27;24,00;25.4;19,75;0,70;;2
27/08/26;CIE AUTOMOTIVE;CALL;Mar-27;25,00;25.4;19,36;0,59;;2
27/08/26;CIE AUTOMOTIVE;CALL;Mar-27;29,00;25.4;18,82;0,19;;1
27/08/26;CIE AUTOMOTIVE;CALL;Mar-27;30,00;25.4;18,72;0,13;;2
27/08/26;CIE AUTOMOTIVE;CALL;Jun-27;29,00;25.4;18,80;0,25;;43
27/08/26;CIE AUTOMOTIVE;PUT;Sep-26;25,00;25.4;18,70;-0,35;;1
27/08/26;CIE AUTOMOTIVE;PUT;Sep-26;26,00;25.4;18,39;-0,68;;12
27/08/26;CIE AUTOMOTIVE;PUT;Sep-26;26,50;25.4;18,30;-0,82;1;1
27/08/26;CIE AUTOMOTIVE;PUT;Dic-26;24,00;25.4;19,89;-0,27;1;4
27/08/26;CIE AUTOMOTIVE;PUT;Dic-26;25,00;25.4;19,42;-0,40;1;2
27/08/26;CIE AUTOMOTIVE;PUT;Dic-26;26,00;25.4;19,14;-0,55;;2
27/08/26;CIE AUTOMOTIVE;PUT;Mar-27;24,00;25.4;19,48;-0,34;;1
27/08/26;CIE AUTOMOTIVE;PUT;Mar-27;26,00;25.4;18,87;-0,57;;10
27/08/26;CIE AUTOMOTIVE;PUT;Mar-27;28,00;25.4;18,66;-0,76;;20
27/08/26;CIE AUTOMOTIVE;PUT;Jun-27;24,00;25.4;19,38;-0,35;1;1
27/08/26;COLONIAL;CALL;Sep-26;5,25;5.39;19,22;0,73;;45
27/08/26;COLONIAL;CALL;Sep-26;5,75;5.39;18,86;0,09;;20
27/08/26;COLONIAL;CALL;Dic-26;4,60;5.39;20,97;0,93;;65
27/08/26;COLONIAL;CALL;Dic-26;5,25;5.39;20,44;0,64;;5
27/08/26;COLONIAL;CALL;Dic-26;5,50;5.39;20,26;0,48;;5
27/08/26;COLONIAL;CALL;Dic-26;9,50;5.39;17,53;;;1
27/08/26;COLONIAL;CALL;Mar-27;5,50;5.39;19,32;0,51;;25
27/08/26;COLONIAL;CALL;Mar-27;5,75;5.39;19,17;0,39;;45
27/08/26;COLONIAL;CALL;Mar-27;6,00;5.39;19,01;0,28;;1
27/08/26;COLONIAL;PUT;Sep-26;4,70;5.39;20,07;;;1
27/08/26;COLONIAL;PUT;Sep-26;4,80;5.39;19,98;-0,01;;10
27/08/26;COLONIAL;PUT;Sep-26;5,00;5.39;19,81;-0,06;;219
27/08/26;COLONIAL;PUT;Sep-26;5,25;5.39;19,59;-0,28;;1
27/08/26;COLONIAL;PUT;Sep-26;5,50;5.39;19,40;-0,65;;17
27/08/26;COLONIAL;PUT;Oct-26;5,25;5.39;20,27;-0,34;;11
27/08/26;COLONIAL;PUT;Dic-26;4,00;5.39;21,28;;;1
27/08/26;COLONIAL;PUT;Dic-26;4,30;5.39;21,04;-0,02;;2.000
27/08/26;COLONIAL;PUT;Dic-26;4,80;5.39;20,63;-0,13;;2
27/08/26;COLONIAL;PUT;Dic-26;4,90;5.39;20,55;-0,17;;2
27/08/26;COLONIAL;PUT;Dic-26;5,00;5.39;20,47;-0,22;;130
27/08/26;COLONIAL;PUT;Dic-26;5,25;5.39;20,27;-0,37;;961
27/08/26;COLONIAL;PUT;Dic-26;5,50;5.39;20,09;-0,53;;102
27/08/26;COLONIAL;PUT;Mar-27;4,80;5.39;19,43;-0,17;;1
27/08/26;COLONIAL;PUT;Mar-27;5,00;5.39;19,33;-0,25;;106
27/08/26;COLONIAL;PUT;Mar-27;5,25;5.39;19,21;-0,37;;200
27/08/26;COLONIAL;PUT;Mar-27;5,50;5.39;19,07;-0,51;;304
27/08/26;COLONIAL;PUT;Jun-27;5,50;5.39;19,73;-0,48;;141
27/08/26;EBRO FOODS;CALL;Sep-26;18,50;18.22;13,16;0,34;;3
27/08/26;EBRO FOODS;CALL;Sep-26;19,00;18.22;12,15;0,09;;3
27/08/26;EBRO FOODS;CALL;Mar-27;18,50;18.22;13,54;0,47;;1
27/08/26;EBRO FOODS;CALL;Jun-27;18,00;18.22;14,02;0,57;;1
27/08/26;EBRO FOODS;PUT;Sep-26;17,00;18.22;13,15;-0,01;;1
27/08/26;EBRO FOODS;PUT;Sep-26;17,50;18.22;12,73;-0,09;;1
27/08/26;EBRO FOODS;PUT;Sep-26;18,00;18.22;12,31;-0,33;;1
27/08/26;EBRO FOODS;PUT;Oct-26;17,00;18.22;13,71;-0,12;;1
27/08/26;EBRO FOODS;PUT;Dic-26;17,50;18.22;13,51;-0,32;;4
27/08/26;EBRO FOODS;PUT;Jun-27;18,00;18.22;13,35;-0,47;;8
27/08/26;ENAGAS;CALL;Sep-26;15,00;16.68;20,31;0,99;;1
27/08/26;ENAGAS;CALL;Sep-26;16,00;16.68;18,41;0,83;;7
27/08/26;ENAGAS;CALL;Sep-26;17,00;16.68;16,69;0,34;;4
27/08/26;ENAGAS;CALL;Sep-26;17,50;16.68;16,01;0,12;;307
27/08/26;ENAGAS;CALL;Sep-26;18,00;16.68;15,33;0,02;;46
27/08/26;ENAGAS;CALL;Sep-26;18,50;16.68;14,65;;;26
27/08/26;ENAGAS;CALL;Sep-26;19,00;16.68;13,97;;;1
27/08/26;ENAGAS;CALL;Oct-26;17,00;16.68;19,97;0,43;;1
27/08/26;ENAGAS;CALL;Oct-26;18,00;16.68;18,61;0,15;;1
27/08/26;ENAGAS;CALL;Oct-26;19,00;16.68;17,25;0,02;;1
27/08/26;ENAGAS;CALL;Nov-26;18,00;16.68;19,60;0,24;;5
27/08/26;ENAGAS;CALL;Dic-26;15,50;16.68;24,30;0,75;;25
27/08/26;ENAGAS;CALL;Dic-26;16,00;16.68;23,40;0,67;;417
27/08/26;ENAGAS;CALL;Dic-26;17,00;16.68;21,83;0,49;;30
27/08/26;ENAGAS;CALL;Dic-26;17,50;16.68;21,28;0,39;;38
27/08/26;ENAGAS;CALL;Dic-26;18,00;16.68;20,73;0,30;;87
27/08/26;ENAGAS;CALL;Dic-26;18,50;16.68;20,18;0,21;;60
27/08/26;ENAGAS;CALL;Dic-26;19,00;16.68;19,63;0,14;;146
27/08/26;ENAGAS;CALL;Dic-26;19,50;16.68;19,08;0,09;;123
27/08/26;ENAGAS;CALL;Dic-26;20,00;16.68;18,53;0,05;;27
27/08/26;ENAGAS;CALL;Mar-27;12,00;16.68;28,22;0,98;;1
27/08/26;ENAGAS;CALL;Mar-27;15,50;16.68;23,32;0,72;;301
27/08/26;ENAGAS;CALL;Mar-27;16,00;16.68;22,62;0,65;;32
27/08/26;ENAGAS;CALL;Mar-27;17,00;16.68;21,43;0,49;;56
27/08/26;ENAGAS;CALL;Mar-27;17,50;16.68;21,06;0,41;;34
27/08/26;ENAGAS;CALL;Mar-27;18,00;16.68;20,69;0,33;;142
27/08/26;ENAGAS;CALL;Mar-27;19,00;16.68;19,95;0,20;;63
27/08/26;ENAGAS;CALL;Mar-27;19,50;16.68;19,58;0,15;;10
27/08/26;ENAGAS;CALL;Mar-27;20,00;16.68;19,22;0,10;;96
27/08/26;ENAGAS;CALL;Jun-27;16,00;16.68;23,31;0,62;;10
27/08/26;ENAGAS;CALL;Jun-27;18,00;16.68;21,69;0,38;;26
27/08/26;ENAGAS;CALL;Jun-27;19,50;16.68;20,85;0,23;;2
27/08/26;ENAGAS;CALL;Jun-27;20,00;16.68;20,57;0,18;;5
27/08/26;ENAGAS;CALL;Sep-27;20,00;16.68;21,73;0,21;;29
27/08/26;ENAGAS;CALL;Sep-27;20,50;16.68;21,46;0,18;;2
27/08/26;ENAGAS;CALL;Dic-27;15,00;16.68;25,78;0,70;;1
27/08/26;ENAGAS;CALL;Dic-27;16,00;16.68;24,62;0,61;;26
27/08/26;ENAGAS;CALL;Dic-27;19,50;16.68;22,48;0,29;;2
27/08/26;ENAGAS;CALL;Dic-27;20,00;16.68;22,24;0,25;;1
27/08/26;ENAGAS;CALL;Dic-27;20,50;16.68;22,00;0,22;;1
27/08/26;ENAGAS;CALL;Dic-27;21,00;16.68;21,76;0,18;;10
27/08/26;ENAGAS;CALL;Jun-28;18,00;16.68;21,62;0,41;;1
27/08/26;ENAGAS;CALL;Dic-28;16,00;16.68;20,89;0,59;;1
27/08/26;ENAGAS;PUT;Sep-26;12,00;16.68;25,94;;;6
27/08/26;ENAGAS;PUT;Sep-26;12,50;16.68;25,00;;;12
27/08/26;ENAGAS;PUT;Sep-26;13,00;16.68;24,05;;;217
27/08/26;ENAGAS;PUT;Sep-26;13,50;16.68;23,10;;;27
27/08/26;ENAGAS;PUT;Sep-26;14,00;16.68;22,15;;;44
27/08/26;ENAGAS;PUT;Sep-26;14,50;16.68;21,20;;;1
27/08/26;ENAGAS;PUT;Sep-26;15,00;16.68;20,25;-0,01;;25
27/08/26;ENAGAS;PUT;Sep-26;15,50;16.68;19,30;-0,06;;45
27/08/26;ENAGAS;PUT;Sep-26;16,00;16.68;18,35;-0,17;;11
27/08/26;ENAGAS;PUT;Sep-26;16,50;16.68;17,40;-0,38;1;15
27/08/26;ENAGAS;PUT;Sep-26;16,75;16.68;16,96;-0,52;1;16
27/08/26;ENAGAS;PUT;Sep-26;17,00;16.68;16,63;-0,66;;1
27/08/26;ENAGAS;PUT;Sep-26;17,50;16.68;15,95;-0,89;;3
27/08/26;ENAGAS;PUT;Sep-26;18,00;16.68;15,27;-1,00;;2
27/08/26;ENAGAS;PUT;Oct-26;16,00;16.68;21,21;-0,27;;3
27/08/26;ENAGAS;PUT;Oct-26;16,50;16.68;20,27;-0,42;1;5
27/08/26;ENAGAS;PUT;Nov-26;15,00;16.68;24,15;-0,16;;3
27/08/26;ENAGAS;PUT;Nov-26;16,00;16.68;22,29;-0,32;;3
27/08/26;ENAGAS;PUT;Nov-26;16,50;16.68;21,36;-0,42;;1
27/08/26;ENAGAS;PUT;Dic-26;12,50;16.68;30,61;-0,03;;2
27/08/26;ENAGAS;PUT;Dic-26;13,00;16.68;29,71;-0,05;;227
27/08/26;ENAGAS;PUT;Dic-26;13,50;16.68;28,81;-0,08;;51
27/08/26;ENAGAS;PUT;Dic-26;14,00;16.68;27,91;-0,11;;283
27/08/26;ENAGAS;PUT;Dic-26;14,50;16.68;27,01;-0,15;;126
27/08/26;ENAGAS;PUT;Dic-26;15,00;16.68;26,11;-0,20;;612
27/08/26;ENAGAS;PUT;Dic-26;15,50;16.68;25,21;-0,26;3;35
27/08/26;ENAGAS;PUT;Dic-26;16,00;16.68;24,31;-0,34;5;41
27/08/26;ENAGAS;PUT;Dic-26;16,50;16.68;23,41;-0,42;;25
27/08/26;ENAGAS;PUT;Dic-26;17,50;16.68;22,19;-0,62;;26
27/08/26;ENAGAS;PUT;Mar-27;12,00;16.68;26,43;-0,04;;1
27/08/26;ENAGAS;PUT;Mar-27;13,00;16.68;25,03;-0,09;;25
27/08/26;ENAGAS;PUT;Mar-27;14,00;16.68;23,63;-0,16;;233
27/08/26;ENAGAS;PUT;Mar-27;14,50;16.68;22,93;-0,20;;56
27/08/26;ENAGAS;PUT;Mar-27;15,00;16.68;22,23;-0,26;;30
27/08/26;ENAGAS;PUT;Mar-27;15,50;16.68;21,53;-0,32;1;4
27/08/26;ENAGAS;PUT;Mar-27;16,00;16.68;20,83;-0,40;;540
27/08/26;ENAGAS;PUT;Mar-27;16,50;16.68;20,13;-0,48;;27
27/08/26;ENAGAS;PUT;Mar-27;17,00;16.68;19,64;-0,56;;36
27/08/26;ENAGAS;PUT;Jun-27;17,00;16.68;19,96;-0,54;;52
27/08/26;ENAGAS;PUT;Jun-27;17,50;16.68;19,68;-0,61;;28
27/08/26;ENAGAS;PUT;Sep-27;12,50;16.68;25,93;-0,14;;470
27/08/26;ENAGAS;PUT;Sep-27;13,00;16.68;25,32;-0,17;;75
27/08/26;ENAGAS;PUT;Sep-27;13,50;16.68;24,71;-0,21;;1
27/08/26;ENAGAS;PUT;Sep-27;14,00;16.68;24,10;-0,25;;25
27/08/26;ENAGAS;PUT;Sep-27;17,00;16.68;20,66;-0,57;;25
27/08/26;ENAGAS;PUT;Dic-27;11,00;16.68;26,99;-0,08;;4.100
27/08/26;ENAGAS;PUT;Dic-27;14,00;16.68;23,52;-0,25;;1
27/08/26;ENAGAS;PUT;Mar-28;12,00;16.68;24,16;-0,14;;75
27/08/26;ENAGAS;PUT;Mar-28;14,50;16.68;21,46;-0,32;;173
27/08/26;ENAGAS;PUT;Mar-28;15,50;16.68;20,38;-0,41;;25
27/08/26;ENAGAS;PUT;Mar-28;16,00;16.68;19,84;-0,46;;50
27/08/26;ENAGAS;PUT;Mar-28;16,50;16.68;19,30;-0,52;;25
27/08/26;ENAGAS;PUT;Jun-28;16,00;16.68;18,89;-0,46;;25
27/08/26;ENAGAS;PUT;Jun-28;16,50;16.68;18,39;-0,51;;25
27/08/26;ENAGAS;PUT;Jun-28;18,00;16.68;17,79;-0,66;;141
27/08/26;ENAGAS;CALL;Sep-26;12,50;16.68;25,06;1,00;;25
27/08/26;ENAGAS;CALL;Sep-26;13,50;16.68;23,16;1,00;;5
27/08/26;ENAGAS;CALL;Sep-26;14,00;16.68;22,21;1,00;;6
27/08/26;ENAGAS;CALL;Sep-26;17,00;16.68;16,69;0,34;;1
27/08/26;ENAGAS;CALL;Sep-26;17,50;16.68;16,01;0,12;;1
27/08/26;ENAGAS;CALL;Sep-26;18,00;16.68;15,33;0,03;;25
27/08/26;ENAGAS;CALL;Dic-26;16,50;16.68;22,50;0,58;;25
27/08/26;ENAGAS;CALL;Dic-26;17,50;16.68;21,28;0,39;;50
27/08/26;ENAGAS;CALL;Dic-26;18,00;16.68;20,73;0,30;;25
27/08/26;ENAGAS;PUT;Sep-26;11,00;16.68;27,84;;;1
27/08/26;ENAGAS;PUT;Sep-26;14,00;16.68;22,15;;;25
27/08/26;ENAGAS;PUT;Sep-26;15,50;16.68;19,30;-0,06;;25
27/08/26;ENAGAS;PUT;Sep-26;16,00;16.68;18,35;-0,17;;2
27/08/26;ENAGAS;PUT;Sep-26;17,00;16.68;16,63;-0,66;;25
27/08/26;ENAGAS;PUT;Nov-26;15,50;16.68;23,22;-0,22;2;2
27/08/26;ENAGAS;PUT;Dic-26;13,00;16.68;29,71;-0,05;;25
27/08/26;ENAGAS;PUT;Dic-26;13,50;16.68;28,81;-0,07;;75
27/08/26;ENAGAS;PUT;Dic-26;14,00;16.68;27,91;-0,11;;25
27/08/26;ENAGAS;PUT;Dic-26;15,50;16.68;25,21;-0,26;;5
27/08/26;ENAGAS;PUT;Dic-26;16,50;16.68;23,41;-0,42;;10
27/08/26;ENAGAS;PUT;Mar-27;14,50;16.68;22,93;-0,20;;50
27/08/26;ENAGAS;PUT;Mar-27;15,00;16.68;22,23;-0,25;;1
27/08/26;ENAGAS;PUT;Mar-27;15,50;16.68;21,53;-0,31;;9
27/08/26;ENAGAS;PUT;Jun-27;15,50;16.68;21,67;-0,32;;6
27/08/26;ENCE;CALL;Mar-27;2,00;2.56;24,80;0,93;;13
27/08/26;ENCE;CALL;Mar-27;2,10;2.56;24,70;0,89;;4
27/08/26;ENCE;CALL;Jun-27;2,40;2.56;23,86;0,69;;10
27/08/26;ENCE;CALL;Mar-28;2,00;2.56;27,97;0,84;;4
27/08/26;ENCE;PUT;Sep-26;4,70;2.56;9,36;-1,00;;10
27/08/26;ENCE;PUT;Jun-27;2,70;2.56;24,29;-0,54;;5
27/08/26;ENDESA;CALL;Sep-26;38,00;41.76;19,87;0,98;;1
27/08/26;ENDESA;CALL;Sep-26;40,00;41.76;17,91;0,85;;1
27/08/26;ENDESA;CALL;Sep-26;41,00;41.76;16,93;0,69;;5
27/08/26;ENDESA;CALL;Sep-26;42,00;41.76;16,15;0,46;;4
27/08/26;ENDESA;CALL;Sep-26;43,00;41.76;16,01;0,25;;7
27/08/26;ENDESA;CALL;Oct-26;40,00;41.76;19,56;0,75;;1
27/08/26;ENDESA;CALL;Dic-26;24,00;41.76;34,91;1,00;;2
27/08/26;ENDESA;CALL;Dic-26;35,00;41.76;24,99;0,92;;10
27/08/26;ENDESA;CALL;Dic-26;36,00;41.76;24,09;0,89;;10
27/08/26;ENDESA;CALL;Dic-26;37,00;41.76;23,18;0,85;;4
27/08/26;ENDESA;CALL;Dic-26;38,00;41.76;22,28;0,81;;4
27/08/26;ENDESA;CALL;Dic-26;40,00;41.76;20,48;0,69;;19
27/08/26;ENDESA;CALL;Dic-26;42,00;41.76;18,87;0,53;;1
27/08/26;ENDESA;CALL;Dic-26;43,00;41.76;18,76;0,44;;5
27/08/26;ENDESA;CALL;Dic-26;45,00;41.76;18,55;0,28;;11
27/08/26;ENDESA;CALL;Dic-26;46,00;41.76;18,45;0,21;;10
27/08/26;ENDESA;CALL;Dic-26;47,00;41.76;18,35;0,15;;20
27/08/26;ENDESA;CALL;Dic-26;48,00;41.76;18,24;0,11;;15
27/08/26;ENDESA;CALL;Mar-27;32,00;41.76;28,63;0,93;;1
27/08/26;ENDESA;CALL;Mar-27;34,00;41.76;26,86;0,89;;150
27/08/26;ENDESA;CALL;Mar-27;40,00;41.76;21,54;0,65;;1
27/08/26;ENDESA;CALL;Mar-27;41,00;41.76;20,65;0,60;;3
27/08/26;ENDESA;CALL;Mar-27;43,00;41.76;19,86;0,46;;5
27/08/26;ENDESA;CALL;Mar-27;44,00;41.76;19,77;0,40;;2
27/08/26;ENDESA;CALL;Mar-27;45,00;41.76;19,67;0,34;;1
27/08/26;ENDESA;CALL;Mar-27;54,00;41.76;18,81;0,04;;38
27/08/26;ENDESA;CALL;Mar-27;56,00;41.76;18,62;0,02;;15
27/08/26;ENDESA;CALL;Jun-27;25,00;41.76;33,03;0,98;;1
27/08/26;ENDESA;CALL;Jun-27;27,00;41.76;31,51;0,97;;2
27/08/26;ENDESA;CALL;Jun-27;32,00;41.76;27,72;0,90;;294
27/08/26;ENDESA;CALL;Jun-27;33,00;41.76;26,96;0,88;;291
27/08/26;ENDESA;CALL;Jun-27;37,00;41.76;23,93;0,76;;1
27/08/26;ENDESA;CALL;Jun-27;38,00;41.76;23,17;0,73;;1
27/08/26;ENDESA;CALL;Jun-27;41,00;41.76;20,90;0,59;;2
27/08/26;ENDESA;CALL;Jun-27;42,00;41.76;20,30;0,54;;2
27/08/26;ENDESA;CALL;Jun-27;44,00;41.76;20,09;0,44;;40
27/08/26;ENDESA;CALL;Jun-27;46,00;41.76;19,88;0,34;;50
27/08/26;ENDESA;CALL;Jun-27;48,00;41.76;19,67;0,26;;5
27/08/26;ENDESA;CALL;Jun-27;54,00;41.76;19,05;0,09;155;155
27/08/26;ENDESA;CALL;Jun-27;56,00;41.76;18,84;0,06;150;255
27/08/26;ENDESA;CALL;Sep-27;43,00;41.76;21,12;0,50;;75
27/08/26;ENDESA;CALL;Sep-27;44,00;41.76;20,99;0,45;;150
27/08/26;ENDESA;CALL;Sep-27;45,00;41.76;20,87;0,41;;1
27/08/26;ENDESA;CALL;Sep-27;49,00;41.76;20,36;0,25;;7
27/08/26;ENDESA;CALL;Dic-27;29,00;41.76;29,36;0,92;;1
27/08/26;ENDESA;CALL;Dic-27;31,00;41.76;28,12;0,89;;1
27/08/26;ENDESA;CALL;Dic-27;34,00;41.76;26,25;0,82;;1
27/08/26;ENDESA;CALL;Dic-27;40,00;41.76;22,52;0,63;;26
27/08/26;ENDESA;CALL;Dic-27;50,00;41.76;20,50;0,25;;1
27/08/26;ENDESA;CALL;Dic-27;52,00;41.76;20,28;0,20;;1
27/08/26;ENDESA;CALL;Mar-28;40,00;41.76;22,40;0,62;;25
27/08/26;ENDESA;CALL;Mar-28;44,00;41.76;21,16;0,47;;20
27/08/26;ENDESA;CALL;Mar-28;45,00;41.76;21,08;0,43;;1.215
27/08/26;ENDESA;CALL;Mar-28;46,00;41.76;20,99;0,40;;85
27/08/26;ENDESA;CALL;Mar-28;47,00;41.76;20,90;0,36;;795
27/08/26;ENDESA;CALL;Mar-28;48,00;41.76;20,81;0,33;;290
27/08/26;ENDESA;CALL;Mar-28;49,00;41.76;20,72;0,30;;80
27/08/26;ENDESA;CALL;Mar-28;50,00;41.76;20,64;0,27;;75
27/08/26;ENDESA;CALL;Mar-28;56,00;41.76;20,11;0,14;;13
27/08/26;ENDESA;CALL;Jun-28;46,00;41.76;21,03;0,41;;10
27/08/26;ENDESA;PUT;Sep-26;25,00;41.76;33,28;;;4
27/08/26;ENDESA;PUT;Sep-26;27,00;41.76;31,32;;;445
27/08/26;ENDESA;PUT;Sep-26;28,00;41.76;30,34;;;19
27/08/26;ENDESA;PUT;Sep-26;29,00;41.76;29,36;;;148
27/08/26;ENDESA;PUT;Sep-26;30,00;41.76;28,38;;;147
27/08/26;ENDESA;PUT;Sep-26;31,00;41.76;27,39;;;146
27/08/26;ENDESA;PUT;Sep-26;34,00;41.76;24,45;;;10
27/08/26;ENDESA;PUT;Sep-26;35,00;41.76;23,47;;;25
27/08/26;ENDESA;PUT;Sep-26;36,00;41.76;22,49;;;50
27/08/26;ENDESA;PUT;Sep-26;37,00;41.76;21,50;-0,01;;30
27/08/26;ENDESA;PUT;Sep-26;38,00;41.76;20,52;-0,03;;15
27/08/26;ENDESA;PUT;Sep-26;40,00;41.76;18,56;-0,16;;7
27/08/26;ENDESA;PUT;Sep-26;41,00;41.76;17,58;-0,32;;5
27/08/26;ENDESA;PUT;Sep-26;42,50;41.76;16,73;-0,65;1;1
27/08/26;ENDESA;PUT;Sep-26;43,00;41.76;16,66;-0,75;;5
27/08/26;ENDESA;PUT;Dic-26;19,00;41.76;38,81;;;15
27/08/26;ENDESA;PUT;Dic-26;28,00;41.76;30,69;-0,01;;25
27/08/26;ENDESA;PUT;Dic-26;30,00;41.76;28,89;-0,01;;10
27/08/26;ENDESA;PUT;Dic-26;32,00;41.76;27,08;-0,03;;10
27/08/26;ENDESA;PUT;Dic-26;33,00;41.76;26,18;-0,04;;35
27/08/26;ENDESA;PUT;Dic-26;34,00;41.76;25,28;-0,06;;1
27/08/26;ENDESA;PUT;Dic-26;35,00;41.76;24,38;-0,08;;10
27/08/26;ENDESA;PUT;Dic-26;37,00;41.76;22,57;-0,14;;10
27/08/26;ENDESA;PUT;Dic-26;38,00;41.76;21,67;-0,19;;4
27/08/26;ENDESA;PUT;Dic-26;39,00;41.76;20,77;-0,24;;10
27/08/26;ENDESA;PUT;Dic-26;40,00;41.76;19,87;-0,31;;10
27/08/26;ENDESA;PUT;Mar-27;37,00;41.76;22,29;-0,21;;10
27/08/26;ENDESA;PUT;Mar-27;39,00;41.76;20,52;-0,30;;10
27/08/26;ENDESA;PUT;Jun-27;15,50;41.76;38,27;;;5
27/08/26;ENDESA;PUT;Jun-27;22,00;41.76;33,34;-0,01;;10
27/08/26;ENDESA;PUT;Jun-27;37,00;41.76;21,97;-0,23;;3
27/08/26;ENDESA;PUT;Jun-27;38,00;41.76;21,21;-0,27;;4
27/08/26;ENDESA;PUT;Dic-27;17,50;41.76;33,19;-0,01;;1
27/08/26;ENDESA;PUT;Dic-27;27,00;41.76;27,28;-0,06;;1
27/08/26;ENDESA;PUT;Dic-27;30,00;41.76;25,41;-0,11;;5
27/08/26;ENDESA;PUT;Dic-27;31,00;41.76;24,79;-0,12;;30
27/08/26;ENDESA;PUT;Dic-27;32,00;41.76;24,17;-0,14;;5
27/08/26;ENDESA;PUT;Dic-27;34,00;41.76;22,92;-0,19;;5
27/08/26;ENDESA;PUT;Dic-27;44,00;41.76;17,84;-0,60;;15
27/08/26;ENDESA;PUT;Mar-28;22,00;41.76;29,72;-0,03;;150
27/08/26;ENDESA;PUT;Mar-28;24,00;41.76;28,54;-0,04;;150
27/08/26;ENDESA;PUT;Mar-28;26,00;41.76;27,36;-0,06;;150
27/08/26;ENDESA;PUT;Mar-28;27,00;41.76;26,77;-0,08;;150
27/08/26;ENDESA;PUT;Mar-28;28,00;41.76;26,18;-0,09;;150
27/08/26;ENDESA;PUT;Jun-28;25,00;41.76;27,43;-0,06;;150
27/08/26;ENDESA;PUT;Jun-28;26,00;41.76;26,88;-0,07;;150
27/08/26;ENDESA;PUT;Jun-28;27,00;41.76;26,33;-0,08;;293
27/08/26;ENDESA;PUT;Jun-28;29,00;41.76;25,23;-0,11;;143
27/08/26;ENDESA;PUT;Jun-28;30,00;41.76;24,68;-0,13;;143
27/08/26;ENDESA;PUT;Jun-28;31,00;41.76;24,13;-0,15;;142
27/08/26;ENDESA;PUT;Jun-28;32,00;41.76;23,58;-0,17;;142
27/08/26;ENDESA;PUT;Jun-28;33,00;41.76;23,02;-0,19;;142
27/08/26;ENDESA;PUT;Dic-28;31,00;41.76;23,21;-0,17;;16
27/08/26;ENDESA;CALL;Sep-26;17,00;41.76;40,49;1,00;;25
27/08/26;ENDESA;CALL;Sep-26;34,00;41.76;23,80;1,00;;25
27/08/26;ENDESA;CALL;Sep-26;34,00;41.76;23,80;1,00;;25
27/08/26;ENDESA;CALL;Sep-26;43,00;41.76;16,01;0,25;;1
27/08/26;ENDESA;CALL;Oct-26;42,00;41.76;17,80;0,50;;1
27/08/26;ENDESA;CALL;Oct-26;44,00;41.76;17,51;0,24;;2
27/08/26;ENDESA;CALL;Dic-26;33,00;41.76;26,79;0,95;;10
27/08/26;ENDESA;CALL;Dic-26;40,00;41.76;20,48;0,69;;10
27/08/26;ENDESA;CALL;Dic-26;42,00;41.76;18,87;0,52;;10
27/08/26;ENDESA;CALL;Mar-27;37,00;41.76;24,20;0,77;;10
27/08/26;ENDESA;PUT;Sep-26;24,00;41.76;34,27;;;25
27/08/26;ENDESA;PUT;Sep-26;25,00;41.76;33,28;;;25
27/08/26;ENDESA;PUT;Sep-26;26,00;41.76;32,30;;;25
27/08/26;ENDESA;PUT;Sep-26;26,00;41.76;32,30;;;25
27/08/26;ENDESA;PUT;Sep-26;32,00;41.76;26,41;;;10
27/08/26;ENDESA;PUT;Sep-26;34,00;41.76;24,45;;;25
27/08/26;ENDESA;PUT;Sep-26;35,00;41.76;23,47;;;25
27/08/26;ENDESA;PUT;Sep-26;35,00;41.76;23,47;;;50
27/08/26;ENDESA;PUT;Sep-26;36,00;41.76;22,49;;;25
27/08/26;ENDESA;PUT;Sep-26;37,00;41.76;21,50;-0,01;;50
27/08/26;ENDESA;PUT;Sep-26;39,00;41.76;19,54;-0,07;;10
27/08/26;ENDESA;PUT;Oct-26;40,00;41.76;19,18;-0,25;;10
27/08/26;ENDESA;PUT;Dic-26;32,00;41.76;27,08;-0,03;;8
27/08/26;ENDESA;PUT;Dic-26;36,00;41.76;23,48;-0,10;;10
27/08/26;ENDESA;PUT;Dic-26;39,00;41.76;20,77;-0,24;;20
27/08/26;FCC;CALL;Sep-26;10,50;11.34;18,85;0,96;;1
27/08/26;FCC;CALL;Jun-27;11,00;11.34;18,10;0,65;;1
27/08/26;FCC;CALL;Dic-27;16,50;11.34;18,24;0,03;;1
27/08/26;FCC;CALL;Jun-28;11,50;11.34;23,78;0,55;;200
27/08/26;FCC;PUT;Sep-26;11,00;11.34;19,64;-0,25;;1
27/08/26;FCC;PUT;Sep-26;11,50;11.34;18,28;-0,61;;1
27/08/26;FCC;PUT;Sep-26;12,00;11.34;16,87;-0,92;;3
27/08/26;FCC;PUT;Dic-26;10,50;11.34;21,81;-0,23;;20
27/08/26;FCC;PUT;Mar-27;9,50;11.34;22,32;-0,11;;257
27/08/26;FCC;PUT;Mar-27;10,00;11.34;21,75;-0,18;;250
27/08/26;FCC;PUT;Mar-27;10,50;11.34;21,17;-0,26;;482
27/08/26;FCC;PUT;Mar-27;11,00;11.34;20,60;-0,37;;224
27/08/26;FCC;PUT;Jun-27;11,50;11.34;21,04;-0,47;;3
27/08/26;FCC;PUT;Jun-27;12,00;11.34;20,43;-0,57;;417
27/08/26;FCC;PUT;Sep-27;11,00;11.34;23,23;-0,47;;226
27/08/26;FERROVIAL;CALL;Sep-26;50,00;50.66;25,12;0,60;31;56
27/08/26;FERROVIAL;CALL;Sep-26;52,00;50.66;23,70;0,35;10;40
27/08/26;FERROVIAL;CALL;Sep-26;54,00;50.66;22,59;0,14;6;56
27/08/26;FERROVIAL;CALL;Sep-26;55,00;50.66;22,04;0,07;2;
27/08/26;FERROVIAL;CALL;Sep-26;56,00;50.66;21,49;0,03;1;61
27/08/26;FERROVIAL;CALL;Sep-26;57,00;50.66;20,94;0,01;;6
27/08/26;FERROVIAL;CALL;Sep-26;58,00;50.66;20,38;;;2.060
27/08/26;FERROVIAL;CALL;Sep-26;60,00;50.66;19,28;;;92
27/08/26;FERROVIAL;CALL;Sep-26;62,00;50.66;18,17;;;104
27/08/26;FERROVIAL;CALL;Sep-26;64,00;50.66;17,07;;;10
27/08/26;FERROVIAL;CALL;Sep-26;66,00;50.66;15,96;;;25
27/08/26;FERROVIAL;CALL;Sep-26;74,00;50.66;11,54;;;75
27/08/26;FERROVIAL;CALL;Oct-26;56,00;50.66;22,46;0,13;5;5
27/08/26;FERROVIAL;CALL;Dic-26;47,00;50.66;29,47;0,72;;1
27/08/26;FERROVIAL;CALL;Dic-26;50,00;50.66;26,61;0,57;;50
27/08/26;FERROVIAL;CALL;Dic-26;52,00;50.66;25,44;0,46;;26
27/08/26;FERROVIAL;CALL;Dic-26;54,00;50.66;24,64;0,35;;25
27/08/26;FERROVIAL;CALL;Dic-26;56,00;50.66;23,84;0,24;;54
27/08/26;FERROVIAL;CALL;Dic-26;58,00;50.66;23,03;0,16;;25
27/08/26;FERROVIAL;CALL;Dic-26;60,00;50.66;22,23;0,09;;3.025
27/08/26;FERROVIAL;CALL;Dic-26;64,00;50.66;20,63;0,02;;5
27/08/26;FERROVIAL;CALL;Dic-26;66,00;50.66;19,82;0,01;;5
27/08/26;FERROVIAL;CALL;Dic-26;68,00;50.66;19,02;;;235
27/08/26;FERROVIAL;CALL;Dic-26;70,00;50.66;18,22;;;25
27/08/26;FERROVIAL;CALL;Mar-27;45,00;50.66;29,38;0,75;15;15
27/08/26;FERROVIAL;CALL;Mar-27;50,00;50.66;25,89;0,58;;102
27/08/26;FERROVIAL;CALL;Mar-27;52,00;50.66;25,12;0,49;;15
27/08/26;FERROVIAL;CALL;Mar-27;58,00;50.66;23,74;0,26;;25
27/08/26;FERROVIAL;CALL;Mar-27;60,00;50.66;23,28;0,20;;25
27/08/26;FERROVIAL;CALL;Mar-27;62,00;50.66;22,82;0,14;;25
27/08/26;FERROVIAL;CALL;Sep-27;44,00;50.66;29,13;0,75;;25
27/08/26;FERROVIAL;CALL;Sep-27;50,00;50.66;26,13;0,59;;25
27/08/26;FERROVIAL;CALL;Sep-27;52,00;50.66;25,58;0,53;;25
27/08/26;FERROVIAL;CALL;Sep-27;56,00;50.66;24,92;0,42;;25
27/08/26;FERROVIAL;CALL;Dic-27;50,00;50.66;26,44;0,60;;25
27/08/26;FERROVIAL;CALL;Dic-27;60,00;50.66;24,67;0,34;;25
27/08/26;FERROVIAL;CALL;Dic-27;70,00;50.66;23,09;0,15;;25
27/08/26;FERROVIAL;CALL;Mar-28;52,00;50.66;26,12;0,56;;25
27/08/26;FERROVIAL;CALL;Mar-28;54,00;50.66;25,80;0,51;;50
27/08/26;FERROVIAL;CALL;Mar-28;60,00;50.66;24,86;0,37;;25
27/08/26;FERROVIAL;CALL;Mar-28;66,00;50.66;23,91;0,25;;25
27/08/26;FERROVIAL;CALL;Jun-28;50,00;50.66;26,73;0,61;;50
27/08/26;FERROVIAL;CALL;Jun-28;56,00;50.66;25,71;0,48;;50
27/08/26;FERROVIAL;CALL;Jun-28;58,00;50.66;25,42;0,44;;25
27/08/26;FERROVIAL;PUT;Sep-26;36,00;50.66;39,28;;;25
27/08/26;FERROVIAL;PUT;Sep-26;42,00;50.66;33,09;-0,01;;25
27/08/26;FERROVIAL;PUT;Sep-26;45,00;50.66;29,99;-0,05;;25
27/08/26;FERROVIAL;PUT;Sep-26;47,00;50.66;27,92;-0,13;25;25
27/08/26;FERROVIAL;PUT;Sep-26;48,00;50.66;26,89;-0,19;27;52
27/08/26;FERROVIAL;PUT;Sep-26;49,00;50.66;25,85;-0,28;26;26
27/08/26;FERROVIAL;PUT;Sep-26;50,00;50.66;24,82;-0,40;25;52
27/08/26;FERROVIAL;PUT;Sep-26;52,00;50.66;23,40;-0,66;;3.003
27/08/26;FERROVIAL;PUT;Sep-26;54,00;50.66;22,29;-0,88;;1.544
27/08/26;FERROVIAL;PUT;Sep-26;55,00;50.66;21,74;-0,94;;2
27/08/26;FERROVIAL;PUT;Sep-26;56,00;50.66;21,19;-0,99;;2
27/08/26;FERROVIAL;PUT;Sep-26;58,00;50.66;20,08;-1,00;;35
27/08/26;FERROVIAL;PUT;Sep-26;64,00;50.66;16,77;-1,00;;25
27/08/26;FERROVIAL;PUT;Oct-26;48,00;50.66;26,76;-0,27;;7
27/08/26;FERROVIAL;PUT;Oct-26;49,00;50.66;25,74;-0,34;;15
27/08/26;FERROVIAL;PUT;Oct-26;60,00;50.66;18,95;-1,00;;10
27/08/26;FERROVIAL;PUT;Nov-26;43,00;50.66;31,98;-0,13;7;7
27/08/26;FERROVIAL;PUT;Nov-26;46,00;50.66;28,94;-0,23;2;2
27/08/26;FERROVIAL;PUT;Dic-26;44,00;50.66;31,01;-0,19;;51
27/08/26;FERROVIAL;PUT;Dic-26;48,00;50.66;27,20;-0,34;;7
27/08/26;FERROVIAL;PUT;Dic-26;49,00;50.66;26,24;-0,39;;26
27/08/26;FERROVIAL;PUT;Dic-26;50,00;50.66;25,29;-0,45;;25
27/08/26;FERROVIAL;PUT;Dic-26;54,00;50.66;23,32;-0,68;;26
27/08/26;FERROVIAL;PUT;Dic-26;56,00;50.66;22,52;-0,78;;25
27/08/26;FERROVIAL;PUT;Dic-26;58,00;50.66;21,71;-0,87;;130
27/08/26;FERROVIAL;PUT;Dic-26;60,00;50.66;20,91;-0,93;;1
27/08/26;FERROVIAL;PUT;Dic-26;72,00;50.66;16,09;-1,00;;1
27/08/26;FERROVIAL;PUT;Mar-27;39,00;50.66;32,80;-0,12;;100
27/08/26;FERROVIAL;PUT;Mar-27;45,00;50.66;28,62;-0,25;;25
27/08/26;FERROVIAL;PUT;Mar-27;46,00;50.66;27,92;-0,28;;25
27/08/26;FERROVIAL;PUT;Mar-27;47,00;50.66;27,22;-0,32;;50
27/08/26;FERROVIAL;PUT;Mar-27;48,00;50.66;26,53;-0,35;;76
27/08/26;FERROVIAL;PUT;Mar-27;49,00;50.66;25,83;-0,39;;90
27/08/26;FERROVIAL;PUT;Mar-27;50,00;50.66;25,13;-0,43;;125
27/08/26;FERROVIAL;PUT;Mar-27;52,00;50.66;24,36;-0,52;;135
27/08/26;FERROVIAL;PUT;Mar-27;54,00;50.66;23,90;-0,61;1;25
27/08/26;FERROVIAL;PUT;Mar-27;56,00;50.66;23,44;-0,70;;25
27/08/26;FERROVIAL;PUT;Mar-27;58,00;50.66;22,98;-0,78;;25
27/08/26;FERROVIAL;PUT;Jun-27;44,00;50.66;28,87;-0,25;;25
27/08/26;FERROVIAL;PUT;Jun-27;49,00;50.66;25,94;-0,39;;50
27/08/26;FERROVIAL;PUT;Jun-27;60,00;50.66;23,31;-0,78;;5
27/08/26;FERROVIAL;PUT;Sep-27;41,00;50.66;30,02;-0,19;;1
27/08/26;FERROVIAL;PUT;Sep-27;44,00;50.66;28,52;-0,26;;51
27/08/26;FERROVIAL;PUT;Sep-27;45,00;50.66;28,02;-0,28;;25
27/08/26;FERROVIAL;PUT;Sep-27;47,00;50.66;27,02;-0,33;;25
27/08/26;FERROVIAL;PUT;Sep-27;48,00;50.66;26,52;-0,36;;50
27/08/26;FERROVIAL;PUT;Sep-27;49,00;50.66;26,02;-0,39;;25
27/08/26;FERROVIAL;PUT;Dic-27;35,00;50.66;32,31;-0,11;;1
27/08/26;FERROVIAL;PUT;Dic-27;39,00;50.66;30,49;-0,17;;25
27/08/26;FERROVIAL;PUT;Dic-27;40,00;50.66;30,04;-0,19;;25
27/08/26;FERROVIAL;PUT;Dic-27;45,00;50.66;27,77;-0,29;;25
27/08/26;FERROVIAL;PUT;Dic-27;54,00;50.66;24,67;-0,53;;525
27/08/26;FERROVIAL;PUT;Mar-28;58,00;50.66;24,17;-0,62;;1
27/08/26;FERROVIAL;PUT;Mar-28;60,00;50.66;23,86;-0,67;;3
27/08/26;FERROVIAL;PUT;Mar-28;62,00;50.66;23,54;-0,73;;26
27/08/26;FERROVIAL;PUT;Mar-28;64,00;50.66;23,22;-0,78;;25
27/08/26;FERROVIAL;PUT;Jun-28;44,00;50.66;27,91;-0,27;;25
27/08/26;FERROVIAL;PUT;Jun-28;45,00;50.66;27,53;-0,29;;25
27/08/26;FERROVIAL;PUT;Jun-28;46,00;50.66;27,15;-0,31;;25
27/08/26;FERROVIAL;PUT;Jun-28;48,00;50.66;26,39;-0,36;;25
27/08/26;FERROVIAL;PUT;Jun-28;49,00;50.66;26,00;-0,38;;25
27/08/26;FERROVIAL;PUT;Jun-28;50,00;50.66;25,62;-0,40;;25
27/08/26;FERROVIAL;PUT;Jun-28;52,00;50.66;25,18;-0,45;;25
27/08/26;FERROVIAL;PUT;Jun-28;54,00;50.66;24,89;-0,50;;26
27/08/26;FERROVIAL;PUT;Jun-28;56,00;50.66;24,60;-0,55;;25
27/08/26;FERROVIAL;PUT;Jun-28;58,00;50.66;24,31;-0,60;;26
27/08/26;FERROVIAL;PUT;Jun-28;64,00;50.66;23,44;-0,75;;75
27/08/26;FERROVIAL;CALL;Sep-26;60,00;50.66;19,28;;;70
27/08/26;FERROVIAL;CALL;Sep-26;60,00;50.66;19,28;;;226
27/08/26;FERROVIAL;CALL;Sep-26;62,00;50.66;18,17;;;452
27/08/26;FERROVIAL;CALL;Dic-26;60,00;50.66;22,23;0,09;;60
27/08/26;FERROVIAL;PUT;Sep-26;54,00;50.66;22,29;-0,86;;15
27/08/26;FERROVIAL;PUT;Sep-26;60,00;50.66;18,98;-1,00;;45
27/08/26;FERROVIAL;PUT;Sep-26;62,00;50.66;17,87;-1,00;;160
27/08/26;FERROVIAL;PUT;Sep-26;64,00;50.66;16,77;-1,00;;45
27/08/26;FERROVIAL;PUT;Oct-26;50,00;50.66;24,72;-0,41;;1
27/08/26;FERROVIAL;PUT;Nov-26;54,00;50.66;22,48;-0,71;2;
27/08/26;FERROVIAL;PUT;Dic-26;49,00;50.66;26,24;-0,38;;25
27/08/26;FERROVIAL;PUT;Dic-26;50,00;50.66;25,29;-0,44;;25
27/08/26;FERROVIAL;PUT;Mar-27;40,00;50.66;32,10;-0,13;;300
27/08/26;FLUIDRA;CALL;Sep-26;19,00;19.58;25,57;0,70;;2
27/08/26;FLUIDRA;CALL;Sep-26;21,00;19.58;22,23;0,11;;1
27/08/26;FLUIDRA;CALL;Sep-26;29,00;19.58;7,25;;;200
27/08/26;FLUIDRA;CALL;Dic-26;19,50;19.58;26,51;0,56;;1
27/08/26;FLUIDRA;CALL;Dic-26;24,00;19.58;24,69;0,08;;1
27/08/26;FLUIDRA;PUT;Sep-26;16,50;19.58;27,91;-0,01;;1
27/08/26;FLUIDRA;PUT;Sep-26;18,50;19.58;25,56;-0,17;;1
27/08/26;FLUIDRA;PUT;Dic-26;17,00;19.58;27,87;-0,18;;325
27/08/26;FLUIDRA;PUT;Dic-26;17,50;19.58;27,30;-0,23;;25
27/08/26;FLUIDRA;PUT;Dic-26;18,00;19.58;26,73;-0,28;;625
27/08/26;FLUIDRA;PUT;Dic-26;18,50;19.58;26,16;-0,35;;1
27/08/26;FLUIDRA;PUT;Dic-26;19,00;19.58;25,59;-0,42;;185
27/08/26;FLUIDRA;PUT;Dic-26;21,00;19.58;24,37;-0,70;;7
27/08/26;FLUIDRA;PUT;Mar-27;21,00;19.58;25,60;-0,63;;14
27/08/26;FLUIDRA;PUT;Jun-27;27,00;19.58;25,25;-0,93;;11
27/08/26;FLUIDRA;PUT;Jun-27;28,00;19.58;25,10;-0,96;;11
27/08/26;GRIFOLS;CALL;Sep-26;6,75;10.06;39,18;1,00;;11
27/08/26;GRIFOLS;CALL;Sep-26;8,00;10.06;34,95;1,00;;6
27/08/26;GRIFOLS;CALL;Sep-26;9,00;10.06;31,57;0,93;;12
27/08/26;GRIFOLS;CALL;Sep-26;9,25;10.06;30,72;0,88;;102
27/08/26;GRIFOLS;CALL;Sep-26;9,50;10.06;29,88;0,80;;112
27/08/26;GRIFOLS;CALL;Sep-26;9,75;10.06;29,03;0,69;;11
27/08/26;GRIFOLS;CALL;Sep-26;10,00;10.06;28,19;0,55;;146
27/08/26;GRIFOLS;CALL;Sep-26;10,50;10.06;27,73;0,28;;354
27/08/26;GRIFOLS;CALL;Sep-26;11,00;10.06;27,44;0,10;;2
27/08/26;GRIFOLS;CALL;Sep-26;11,50;10.06;27,14;0,02;;30
27/08/26;GRIFOLS;CALL;Sep-26;12,00;10.06;26,84;;;121
27/08/26;GRIFOLS;CALL;Sep-26;12,50;10.06;26,54;;;29
27/08/26;GRIFOLS;CALL;Oct-26;10,00;10.06;27,72;0,55;;13
27/08/26;GRIFOLS;CALL;Oct-26;10,50;10.06;27,30;0,37;;1
27/08/26;GRIFOLS;CALL;Oct-26;11,00;10.06;27,02;0,21;;6
27/08/26;GRIFOLS;CALL;Oct-26;12,00;10.06;26,45;0,04;;1
27/08/26;GRIFOLS;CALL;Nov-26;11,00;10.06;28,40;0,29;2;2
27/08/26;GRIFOLS;CALL;Dic-26;7,75;10.06;36,07;0,93;;1
27/08/26;GRIFOLS;CALL;Dic-26;8,50;10.06;33,95;0,86;;29
27/08/26;GRIFOLS;CALL;Dic-26;8,75;10.06;33,25;0,82;;25
27/08/26;GRIFOLS;CALL;Dic-26;9,00;10.06;32,54;0,78;;58
27/08/26;GRIFOLS;CALL;Dic-26;9,25;10.06;31,84;0,73;;75
27/08/26;GRIFOLS;CALL;Dic-26;9,50;10.06;31,13;0,68;;267
27/08/26;GRIFOLS;CALL;Dic-26;9,75;10.06;30,43;0,62;;100
27/08/26;GRIFOLS;CALL;Dic-26;10,00;10.06;29,72;0,56;;177
27/08/26;GRIFOLS;CALL;Dic-26;10,50;10.06;29,38;0,44;;174
27/08/26;GRIFOLS;CALL;Dic-26;11,00;10.06;29,16;0,32;;121
27/08/26;GRIFOLS;CALL;Dic-26;11,50;10.06;28,95;0,23;;72
27/08/26;GRIFOLS;CALL;Dic-26;12,00;10.06;28,73;0,15;;48
27/08/26;GRIFOLS;CALL;Dic-26;12,50;10.06;28,52;0,10;;99
27/08/26;GRIFOLS;CALL;Dic-26;13,00;10.06;28,30;0,06;;1.307
27/08/26;GRIFOLS;CALL;Dic-26;13,50;10.06;28,09;0,03;;1.187
27/08/26;GRIFOLS;CALL;Dic-26;14,00;10.06;27,87;0,02;;25
27/08/26;GRIFOLS;CALL;Dic-26;14,50;10.06;27,65;0,01;;25
27/08/26;GRIFOLS;CALL;Dic-26;15,00;10.06;27,44;;;44
27/08/26;GRIFOLS;CALL;Dic-26;15,50;10.06;27,22;;;5
27/08/26;GRIFOLS;CALL;Dic-26;17,00;10.06;26,58;;;25
27/08/26;GRIFOLS;CALL;Dic-26;17,50;10.06;26,36;;;25
27/08/26;GRIFOLS;CALL;Mar-27;6,25;10.06;38,83;0,98;;3
27/08/26;GRIFOLS;CALL;Mar-27;7,00;10.06;37,26;0,95;;3
27/08/26;GRIFOLS;CALL;Mar-27;7,50;10.06;36,22;0,91;;41
27/08/26;GRIFOLS;CALL;Mar-27;8,00;10.06;35,17;0,86;;4
27/08/26;GRIFOLS;CALL;Mar-27;8,25;10.06;34,65;0,83;;5
27/08/26;GRIFOLS;CALL;Mar-27;8,50;10.06;34,13;0,80;;2
27/08/26;GRIFOLS;CALL;Mar-27;8,75;10.06;33,61;0,76;;201
27/08/26;GRIFOLS;CALL;Mar-27;9,00;10.06;33,08;0,73;;122
27/08/26;GRIFOLS;CALL;Mar-27;9,25;10.06;32,56;0,69;;127
27/08/26;GRIFOLS;CALL;Mar-27;9,50;10.06;32,04;0,64;;50
27/08/26;GRIFOLS;CALL;Mar-27;9,75;10.06;31,52;0,60;;107
27/08/26;GRIFOLS;CALL;Mar-27;10,00;10.06;30,99;0,56;;170
27/08/26;GRIFOLS;CALL;Mar-27;10,50;10.06;30,73;0,47;;35
27/08/26;GRIFOLS;CALL;Mar-27;11,50;10.06;30,40;0,31;;11
27/08/26;GRIFOLS;CALL;Mar-27;12,00;10.06;30,24;0,25;;211
27/08/26;GRIFOLS;CALL;Mar-27;12,50;10.06;30,07;0,19;;55
27/08/26;GRIFOLS;CALL;Mar-27;13,00;10.06;29,90;0,15;;518
27/08/26;GRIFOLS;CALL;Mar-27;14,00;10.06;29,57;0,08;;30
27/08/26;GRIFOLS;CALL;Mar-27;16,00;10.06;28,91;0,02;;10
27/08/26;GRIFOLS;CALL;Jun-27;8,00;10.06;35,61;0,82;;6
27/08/26;GRIFOLS;CALL;Jun-27;8,25;10.06;35,15;0,79;;3
27/08/26;GRIFOLS;CALL;Jun-27;8,75;10.06;34,24;0,73;;2
27/08/26;GRIFOLS;CALL;Jun-27;9,00;10.06;33,78;0,70;;58
27/08/26;GRIFOLS;CALL;Jun-27;9,25;10.06;33,33;0,67;;53
27/08/26;GRIFOLS;CALL;Jun-27;9,50;10.06;32,87;0,64;;27
27/08/26;GRIFOLS;CALL;Jun-27;9,75;10.06;32,42;0,60;;25
27/08/26;GRIFOLS;CALL;Jun-27;10,00;10.06;31,96;0,57;;66
27/08/26;GRIFOLS;CALL;Jun-27;10,50;10.06;31,76;0,50;;1
27/08/26;GRIFOLS;CALL;Jun-27;11,50;10.06;31,52;0,37;;10
27/08/26;GRIFOLS;CALL;Jun-27;12,00;10.06;31,41;0,32;;22
27/08/26;GRIFOLS;CALL;Jun-27;12,50;10.06;31,29;0,27;;255
27/08/26;GRIFOLS;CALL;Jun-27;13,00;10.06;31,18;0,22;;10
27/08/26;GRIFOLS;CALL;Jun-27;14,00;10.06;30,94;0,15;;5
27/08/26;GRIFOLS;CALL;Jun-27;15,00;10.06;30,71;0,10;;50
27/08/26;GRIFOLS;CALL;Jun-27;16,00;10.06;30,48;0,06;;850
27/08/26;GRIFOLS;CALL;Sep-27;15,00;10.06;31,96;0,14;;10
27/08/26;GRIFOLS;CALL;Dic-27;8,00;10.06;36,35;0,79;;2
27/08/26;GRIFOLS;CALL;Dic-27;8,75;10.06;35,21;0,72;;15
27/08/26;GRIFOLS;CALL;Dic-27;11,00;10.06;33,09;0,48;;1
27/08/26;GRIFOLS;CALL;Dic-27;11,50;10.06;33,03;0,43;;5
27/08/26;GRIFOLS;CALL;Dic-27;12,00;10.06;32,96;0,39;;150
27/08/26;GRIFOLS;CALL;Dic-27;12,50;10.06;32,90;0,35;;100
27/08/26;GRIFOLS;CALL;Dic-27;15,00;10.06;32,56;0,18;;4
27/08/26;GRIFOLS;CALL;Mar-28;15,00;10.06;32,96;0,22;;3
27/08/26;GRIFOLS;CALL;Dic-28;9,00;10.06;33,15;0,68;;14
27/08/26;GRIFOLS;CALL;Dic-28;12,00;10.06;31,54;0,44;;1
27/08/26;GRIFOLS;CALL;Dic-28;15,50;10.06;30,96;0,24;;3
27/08/26;GRIFOLS;CALL;Dic-28;16,50;10.06;30,79;0,20;;2
27/08/26;GRIFOLS;CALL;Dic-28;17,50;10.06;30,63;0,16;;6
27/08/26;GRIFOLS;CALL;Dic-29;15,50;10.06;30,24;0,29;;3
27/08/26;GRIFOLS;PUT;Sep-26;6,50;10.06;40,73;;;10
27/08/26;GRIFOLS;PUT;Sep-26;7,25;10.06;38,19;;;4
27/08/26;GRIFOLS;PUT;Sep-26;7,75;10.06;36,50;;;3
27/08/26;GRIFOLS;PUT;Sep-26;8,00;10.06;35,66;;;31
27/08/26;GRIFOLS;PUT;Sep-26;8,25;10.06;34,81;-0,01;;24
27/08/26;GRIFOLS;PUT;Sep-26;8,50;10.06;33,97;-0,02;;143
27/08/26;GRIFOLS;PUT;Sep-26;8,75;10.06;33,12;-0,04;;71
27/08/26;GRIFOLS;PUT;Sep-26;9,00;10.06;32,28;-0,07;;116
27/08/26;GRIFOLS;PUT;Sep-26;9,25;10.06;31,43;-0,13;;112
27/08/26;GRIFOLS;PUT;Sep-26;9,50;10.06;30,59;-0,21;;70
27/08/26;GRIFOLS;PUT;Sep-26;9,75;10.06;29,74;-0,32;;16
27/08/26;GRIFOLS;PUT;Sep-26;10,00;10.06;28,90;-0,45;11;77
27/08/26;GRIFOLS;PUT;Sep-26;10,50;10.06;28,44;-0,72;;147
27/08/26;GRIFOLS;PUT;Sep-26;11,00;10.06;28,15;-0,90;;92
27/08/26;GRIFOLS;PUT;Sep-26;11,50;10.06;27,85;-0,98;;39
27/08/26;GRIFOLS;PUT;Sep-26;12,00;10.06;27,55;-1,00;;22
27/08/26;GRIFOLS;PUT;Sep-26;12,50;10.06;27,25;-1,00;;10
27/08/26;GRIFOLS;PUT;Oct-26;8,75;10.06;29,85;-0,09;;37
27/08/26;GRIFOLS;PUT;Oct-26;9,25;10.06;28,34;-0,19;;5
27/08/26;GRIFOLS;PUT;Oct-26;9,50;10.06;27,58;-0,26;;10
27/08/26;GRIFOLS;PUT;Oct-26;10,00;10.06;26,08;-0,45;;20
27/08/26;GRIFOLS;PUT;Dic-26;6,00;10.06;38,29;-0,01;;25
27/08/26;GRIFOLS;PUT;Dic-26;6,25;10.06;37,58;-0,01;;5
27/08/26;GRIFOLS;PUT;Dic-26;6,50;10.06;36,88;-0,01;;1
27/08/26;GRIFOLS;PUT;Dic-26;6,75;10.06;36,17;-0,02;;25
27/08/26;GRIFOLS;PUT;Dic-26;7,00;10.06;35,47;-0,03;;10
27/08/26;GRIFOLS;PUT;Dic-26;7,25;10.06;34,76;-0,04;;291
27/08/26;GRIFOLS;PUT;Dic-26;7,50;10.06;34,06;-0,06;;29
27/08/26;GRIFOLS;PUT;Dic-26;7,75;10.06;33,36;-0,08;;26
27/08/26;GRIFOLS;PUT;Dic-26;8,00;10.06;32,65;-0,10;;317
27/08/26;GRIFOLS;PUT;Dic-26;8,25;10.06;31,95;-0,13;;2
27/08/26;GRIFOLS;PUT;Dic-26;8,50;10.06;31,24;-0,16;;757
27/08/26;GRIFOLS;PUT;Dic-26;8,75;10.06;30,54;-0,20;;12
27/08/26;GRIFOLS;PUT;Dic-26;9,00;10.06;29,83;-0,25;;221
27/08/26;GRIFOLS;PUT;Dic-26;9,25;10.06;29,13;-0,30;;130
27/08/26;GRIFOLS;PUT;Dic-26;9,50;10.06;28,42;-0,36;;447
27/08/26;GRIFOLS;PUT;Dic-26;9,75;10.06;27,72;-0,42;;14
27/08/26;GRIFOLS;PUT;Dic-26;10,00;10.06;27,01;-0,48;;2.282
27/08/26;GRIFOLS;PUT;Dic-26;10,50;10.06;26,67;-0,61;;29
27/08/26;GRIFOLS;PUT;Dic-26;11,00;10.06;26,45;-0,73;;295
27/08/26;GRIFOLS;PUT;Dic-26;11,50;10.06;26,24;-0,82;;7
27/08/26;GRIFOLS;PUT;Dic-26;12,00;10.06;26,02;-0,89;;1
27/08/26;GRIFOLS;PUT;Dic-26;12,50;10.06;25,81;-0,94;;1
27/08/26;GRIFOLS;PUT;Dic-26;13,00;10.06;25,59;-0,97;;10
27/08/26;GRIFOLS;PUT;Dic-26;13,50;10.06;25,38;-0,98;;113
27/08/26;GRIFOLS;PUT;Mar-27;6,25;10.06;38,44;-0,04;;50
27/08/26;GRIFOLS;PUT;Mar-27;6,50;10.06;37,91;-0,05;;17
27/08/26;GRIFOLS;PUT;Mar-27;6,75;10.06;37,39;-0,06;;250
27/08/26;GRIFOLS;PUT;Mar-27;7,00;10.06;36,87;-0,08;;163
27/08/26;GRIFOLS;PUT;Mar-27;7,25;10.06;36,35;-0,09;;76
27/08/26;GRIFOLS;PUT;Mar-27;7,50;10.06;35,83;-0,11;;770
27/08/26;GRIFOLS;PUT;Mar-27;7,75;10.06;35,30;-0,14;;146
27/08/26;GRIFOLS;PUT;Mar-27;8,00;10.06;34,78;-0,16;;127
27/08/26;GRIFOLS;PUT;Mar-27;8,25;10.06;34,26;-0,19;;5
27/08/26;GRIFOLS;PUT;Mar-27;8,50;10.06;33,74;-0,22;;13
27/08/26;GRIFOLS;PUT;Mar-27;8,75;10.06;33,22;-0,26;;3
27/08/26;GRIFOLS;PUT;Mar-27;9,00;10.06;32,69;-0,29;;1.129
27/08/26;GRIFOLS;PUT;Mar-27;9,25;10.06;32,17;-0,33;;2
27/08/26;GRIFOLS;PUT;Mar-27;10,00;10.06;30,60;-0,46;;15
27/08/26;GRIFOLS;PUT;Mar-27;10,50;10.06;30,34;-0,55;;14
27/08/26;GRIFOLS;PUT;Mar-27;11,00;10.06;30,18;-0,63;;130
27/08/26;GRIFOLS;PUT;Mar-27;16,00;10.06;28,52;-0,99;;5
27/08/26;GRIFOLS;PUT;Jun-27;6,00;10.06;39,97;-0,05;;20
27/08/26;GRIFOLS;PUT;Jun-27;7,50;10.06;37,24;-0,15;;10
27/08/26;GRIFOLS;PUT;Jun-27;8,00;10.06;36,33;-0,20;;100
27/08/26;GRIFOLS;PUT;Jun-27;8,25;10.06;35,87;-0,22;;1
27/08/26;GRIFOLS;PUT;Jun-27;10,00;10.06;32,68;-0,44;;48
27/08/26;GRIFOLS;PUT;Jun-27;10,50;10.06;32,48;-0,51;;7
27/08/26;GRIFOLS;PUT;Jun-27;11,00;10.06;32,36;-0,58;;3
27/08/26;GRIFOLS;PUT;Jun-27;11,50;10.06;32,24;-0,64;;7
27/08/26;GRIFOLS;PUT;Jun-27;12,00;10.06;32,13;-0,70;;206
27/08/26;GRIFOLS;PUT;Jun-27;12,50;10.06;32,01;-0,75;;402
27/08/26;GRIFOLS;PUT;Jun-27;13,00;10.06;31,90;-0,80;;195
27/08/26;GRIFOLS;PUT;Jun-27;13,50;10.06;31,78;-0,84;;25
27/08/26;GRIFOLS;PUT;Jun-27;15,50;10.06;31,32;-0,94;;142
27/08/26;GRIFOLS;PUT;Dic-27;8,25;10.06;37,60;-0,26;;1
27/08/26;GRIFOLS;PUT;Dic-27;8,50;10.06;37,22;-0,28;;5
27/08/26;GRIFOLS;PUT;Dic-27;8,75;10.06;36,84;-0,31;;3
27/08/26;GRIFOLS;PUT;Dic-27;10,50;10.06;34,79;-0,48;;242
27/08/26;GRIFOLS;PUT;Dic-27;11,00;10.06;34,72;-0,53;;228
27/08/26;GRIFOLS;PUT;Dic-27;11,50;10.06;34,66;-0,57;;30
27/08/26;GRIFOLS;PUT;Mar-28;9,50;10.06;36,34;-0,37;;268
27/08/26;GRIFOLS;PUT;Mar-28;10,00;10.06;35,61;-0,42;;260
27/08/26;GRIFOLS;PUT;Jun-28;6,00;10.06;40,29;-0,11;;26
27/08/26;GRIFOLS;PUT;Jun-28;8,25;10.06;37,23;-0,27;;2
27/08/26;GRIFOLS;PUT;Dic-28;6,50;10.06;38,06;-0,16;;25
27/08/26;GRIFOLS;PUT;Dic-28;7,00;10.06;37,45;-0,19;;1
27/08/26;GRIFOLS;PUT;Dic-28;8,00;10.06;36,22;-0,26;;4
27/08/26;GRIFOLS;PUT;Dic-28;9,75;10.06;34,07;-0,39;;1
27/08/26;GRIFOLS;PUT;Jun-29;8,50;10.06;34,44;-0,29;;2
27/08/26;GRIFOLS;PUT;Dic-29;8,50;10.06;33,58;-0,30;;3
27/08/26;GRIFOLS;PUT;Dic-29;9,75;10.06;32,54;-0,38;;1
27/08/26;GRIFOLS;PUT;Dic-30;10,00;10.06;31,55;-0,40;;15
27/08/26;GRIFOLS;CALL;Dic-26;10,00;10.06;29,72;0,52;;10
27/08/26;GRIFOLS;CALL;Dic-26;11,00;10.06;29,16;0,30;;10
27/08/26;GRIFOLS;CALL;Dic-26;11,50;10.06;28,95;0,21;;65
27/08/26;GRIFOLS;CALL;Dic-26;15,00;10.06;27,44;;;15
27/08/26;GRIFOLS;CALL;Jun-27;11,50;10.06;31,52;0,37;;50
27/08/26;GRIFOLS;CALL;Dic-27;11,50;10.06;33,03;0,40;;30
27/08/26;GRIFOLS;CALL;Jun-28;11,50;10.06;32,66;0,44;;60
27/08/26;GRIFOLS;PUT;Sep-26;9,00;10.06;32,28;-0,07;;10
27/08/26;GRIFOLS;PUT;Jun-27;9,00;10.06;34,50;-0,29;;1
27/08/26;HBX;CALL;Oct-26;8,25;7.76;30,01;0,32;;10
27/08/26;HBX;CALL;Dic-26;8,00;7.76;30,37;0,48;;10
27/08/26;HBX;CALL;Dic-26;8,25;7.76;30,22;0,41;;10
27/08/26;HBX;CALL;Mar-27;7,50;7.76;30,43;0,63;;10
27/08/26;HBX;CALL;Mar-27;7,75;7.76;30,38;0,57;;10
27/08/26;HBX;CALL;Mar-27;8,50;7.76;29,93;0,41;;10
27/08/26;HBX;CALL;Jun-27;6,75;7.76;29,31;0,77;;10
27/08/26;HBX;CALL;Jun-27;8,00;7.76;28,94;0,54;;10
27/08/26;HBX;CALL;Jun-27;8,50;7.76;28,64;0,44;;10
27/08/26;HBX;PUT;Dic-26;7,25;7.76;31,70;-0,31;;10
27/08/26;HBX;PUT;Jun-27;7,50;7.76;30,51;-0,38;;10
27/08/26;IAG;CALL;Sep-26;3,80;5.09;31,07;1,00;;10
27/08/26;IAG;CALL;Sep-26;4,00;5.09;30,69;1,00;;6
27/08/26;IAG;CALL;Sep-26;4,20;5.09;30,31;1,00;;11
27/08/26;IAG;CALL;Sep-26;4,40;5.09;29,93;0,98;;4
27/08/26;IAG;CALL;Sep-26;4,50;5.09;29,74;0,96;;14
27/08/26;IAG;CALL;Sep-26;4,60;5.09;29,55;0,93;;41
27/08/26;IAG;CALL;Sep-26;4,70;5.09;29,36;0,88;;16
27/08/26;IAG;CALL;Sep-26;4,80;5.09;29,17;0,81;;19
27/08/26;IAG;CALL;Sep-26;4,90;5.09;28,98;0,73;;223
27/08/26;IAG;CALL;Sep-26;5,00;5.09;28,79;0,62;;74
27/08/26;IAG;CALL;Sep-26;5,10;5.09;28,60;0,52;;50
27/08/26;IAG;CALL;Sep-26;5,25;5.09;28,32;0,35;;4.572
27/08/26;IAG;CALL;Sep-26;5,30;5.09;28,23;0,30;;50
27/08/26;IAG;CALL;Sep-26;5,50;5.09;27,87;0,14;;157
27/08/26;IAG;CALL;Sep-26;5,75;5.09;27,41;0,04;;57
27/08/26;IAG;CALL;Sep-26;6,00;5.09;26,95;0,01;;63
27/08/26;IAG;CALL;Sep-26;6,25;5.09;26,49;;;50
27/08/26;IAG;CALL;Oct-26;5,00;5.09;31,28;0,60;;13
27/08/26;IAG;CALL;Oct-26;5,25;5.09;30,79;0,43;;20
27/08/26;IAG;CALL;Dic-26;2,90;5.09;37,33;1,00;;1
27/08/26;IAG;CALL;Dic-26;3,00;5.09;37,13;1,00;;1
27/08/26;IAG;CALL;Dic-26;3,50;5.09;36,11;0,98;;1
27/08/26;IAG;CALL;Dic-26;4,00;5.09;35,10;0,92;;2
27/08/26;IAG;CALL;Dic-26;4,20;5.09;34,69;0,88;;20
27/08/26;IAG;CALL;Dic-26;4,30;5.09;34,49;0,85;;3
27/08/26;IAG;CALL;Dic-26;4,40;5.09;34,29;0,82;;3
27/08/26;IAG;CALL;Dic-26;4,50;5.09;34,08;0,79;;6
27/08/26;IAG;CALL;Dic-26;4,60;5.09;33,88;0,75;;2
27/08/26;IAG;CALL;Dic-26;4,80;5.09;33,48;0,67;;2
27/08/26;IAG;CALL;Dic-26;5,00;5.09;33,07;0,59;;801
27/08/26;IAG;CALL;Dic-26;5,25;5.09;32,58;0,48;;681
27/08/26;IAG;CALL;Dic-26;5,50;5.09;32,11;0,37;;1.591
27/08/26;IAG;CALL;Dic-26;5,75;5.09;31,64;0,28;;100
27/08/26;IAG;CALL;Dic-26;6,00;5.09;31,16;0,20;;10
27/08/26;IAG;CALL;Dic-26;6,25;5.09;30,69;0,13;;35
27/08/26;IAG;CALL;Mar-27;4,00;5.09;35,90;0,86;;12
27/08/26;IAG;CALL;Mar-27;4,10;5.09;35,76;0,84;;1
27/08/26;IAG;CALL;Mar-27;4,20;5.09;35,62;0,81;;6
27/08/26;IAG;CALL;Mar-27;4,30;5.09;35,47;0,79;;5
27/08/26;IAG;CALL;Mar-27;4,60;5.09;35,04;0,70;;1
27/08/26;IAG;CALL;Mar-27;4,70;5.09;34,90;0,68;;3
27/08/26;IAG;CALL;Mar-27;4,80;5.09;34,75;0,65;;152
27/08/26;IAG;CALL;Mar-27;5,00;5.09;34,47;0,59;;33
27/08/26;IAG;CALL;Mar-27;5,25;5.09;34,02;0,51;;2
27/08/26;IAG;CALL;Mar-27;5,50;5.09;33,53;0,44;;300
27/08/26;IAG;CALL;Mar-27;6,00;5.09;32,55;0,30;;1
27/08/26;IAG;CALL;Mar-27;6,25;5.09;32,06;0,24;;250
27/08/26;IAG;CALL;Jun-27;2,00;5.09;36,05;1,00;;2
27/08/26;IAG;CALL;Jun-27;2,20;5.09;35,83;1,00;;25
27/08/26;IAG;CALL;Jun-27;2,30;5.09;35,72;1,00;;25
27/08/26;IAG;CALL;Jun-27;2,40;5.09;35,61;1,00;;25
27/08/26;IAG;CALL;Jun-27;3,00;5.09;34,94;0,97;;5
27/08/26;IAG;CALL;Jun-27;3,40;5.09;34,49;0,93;;1
27/08/26;IAG;CALL;Jun-27;4,00;5.09;33,83;0,84;;3
27/08/26;IAG;CALL;Jun-27;4,10;5.09;33,72;0,82;;2
27/08/26;IAG;CALL;Jun-27;4,40;5.09;33,38;0,75;;3
27/08/26;IAG;CALL;Jun-27;4,50;5.09;33,27;0,73;;1
27/08/26;IAG;CALL;Jun-27;4,90;5.09;32,83;0,62;;3
27/08/26;IAG;CALL;Jun-27;5,00;5.09;32,71;0,60;;2
27/08/26;IAG;CALL;Jun-27;5,25;5.09;32,38;0,53;;20
27/08/26;IAG;CALL;Jun-27;5,50;5.09;32,00;0,47;;1
27/08/26;IAG;CALL;Jun-27;6,25;5.09;30,87;0,29;;2
27/08/26;IAG;CALL;Jun-27;6,50;5.09;30,49;0,24;;1
27/08/26;IAG;CALL;Sep-27;4,40;5.09;32,28;0,74;;25
27/08/26;IAG;CALL;Sep-27;4,50;5.09;32,18;0,72;;25
27/08/26;IAG;CALL;Sep-27;4,80;5.09;31,89;0,65;;1
27/08/26;IAG;CALL;Sep-27;5,25;5.09;31,40;0,54;;4
27/08/26;IAG;CALL;Dic-27;2,00;5.09;35,76;1,00;;25
27/08/26;IAG;CALL;Dic-27;2,10;5.09;35,66;1,00;;25
27/08/26;IAG;CALL;Dic-27;2,20;5.09;35,56;1,00;;25
27/08/26;IAG;CALL;Dic-27;2,30;5.09;35,46;1,00;;25
27/08/26;IAG;CALL;Dic-27;2,40;5.09;35,36;0,99;;25
27/08/26;IAG;CALL;Dic-27;3,70;5.09;34,09;0,86;;1
27/08/26;IAG;CALL;Dic-27;4,10;5.09;33,70;0,79;;25
27/08/26;IAG;CALL;Dic-27;4,50;5.09;33,30;0,71;;1
27/08/26;IAG;CALL;Dic-27;4,90;5.09;32,91;0,63;;1
27/08/26;IAG;CALL;Dic-27;5,00;5.09;32,81;0,61;;4
27/08/26;IAG;CALL;Dic-27;5,25;5.09;32,57;0,55;;1
27/08/26;IAG;CALL;Mar-28;6,00;5.09;32,55;0,43;;2
27/08/26;IAG;CALL;Jun-28;5,00;5.09;35,40;0,62;;1
27/08/26;IAG;PUT;Sep-26;2,20;5.09;36,71;;;3
27/08/26;IAG;PUT;Sep-26;2,50;5.09;36,14;;;65
27/08/26;IAG;PUT;Sep-26;3,20;5.09;34,81;;;50
27/08/26;IAG;PUT;Sep-26;3,30;5.09;34,62;;;15
27/08/26;IAG;PUT;Sep-26;3,50;5.09;34,24;;;17
27/08/26;IAG;PUT;Sep-26;3,90;5.09;33,49;;;5
27/08/26;IAG;PUT;Sep-26;4,00;5.09;33,30;;;205
27/08/26;IAG;PUT;Sep-26;4,10;5.09;33,11;;;224
27/08/26;IAG;PUT;Sep-26;4,20;5.09;32,92;-0,01;;2
27/08/26;IAG;PUT;Sep-26;4,40;5.09;32,54;-0,03;;21
27/08/26;IAG;PUT;Sep-26;4,50;5.09;32,35;-0,05;;68
27/08/26;IAG;PUT;Sep-26;4,70;5.09;31,97;-0,14;;22
27/08/26;IAG;PUT;Sep-26;4,80;5.09;31,78;-0,21;;112
27/08/26;IAG;PUT;Sep-26;4,90;5.09;31,59;-0,29;;110
27/08/26;IAG;PUT;Sep-26;5,00;5.09;31,40;-0,38;;107
27/08/26;IAG;PUT;Sep-26;5,25;5.09;30,93;-0,64;;10
27/08/26;IAG;PUT;Sep-26;5,50;5.09;30,48;-0,84;;13
27/08/26;IAG;PUT;Oct-26;4,20;5.09;35,87;-0,06;;150
27/08/26;IAG;PUT;Oct-26;4,80;5.09;34,62;-0,29;;20
27/08/26;IAG;PUT;Dic-26;2,60;5.09;39,62;;;4
27/08/26;IAG;PUT;Dic-26;2,80;5.09;39,21;;;20
27/08/26;IAG;PUT;Dic-26;2,90;5.09;39,01;;;20
27/08/26;IAG;PUT;Dic-26;3,30;5.09;38,20;-0,02;;20
27/08/26;IAG;PUT;Dic-26;3,50;5.09;37,79;-0,03;;19
27/08/26;IAG;PUT;Dic-26;3,70;5.09;37,39;-0,05;;4
27/08/26;IAG;PUT;Dic-26;3,80;5.09;37,18;-0,07;150;151
27/08/26;IAG;PUT;Dic-26;3,90;5.09;36,98;-0,08;;137
27/08/26;IAG;PUT;Dic-26;4,00;5.09;36,78;-0,10;;817
27/08/26;IAG;PUT;Dic-26;4,10;5.09;36,58;-0,13;;12
27/08/26;IAG;PUT;Dic-26;4,20;5.09;36,37;-0,15;;55
27/08/26;IAG;PUT;Dic-26;4,30;5.09;36,17;-0,18;;7
27/08/26;IAG;PUT;Dic-26;4,40;5.09;35,97;-0,21;;54
27/08/26;IAG;PUT;Dic-26;4,50;5.09;35,76;-0,24;;7
27/08/26;IAG;PUT;Dic-26;4,60;5.09;35,56;-0,28;;7
27/08/26;IAG;PUT;Dic-26;4,70;5.09;35,36;-0,31;;2
27/08/26;IAG;PUT;Dic-26;4,80;5.09;35,16;-0,35;;4
27/08/26;IAG;PUT;Dic-26;4,90;5.09;34,95;-0,39;;1
27/08/26;IAG;PUT;Dic-26;5,00;5.09;34,75;-0,43;;160
27/08/26;IAG;PUT;Dic-26;5,25;5.09;34,26;-0,53;;11
27/08/26;IAG;PUT;Dic-26;5,50;5.09;33,79;-0,63;;1
27/08/26;IAG;PUT;Dic-26;5,75;5.09;33,32;-0,72;;1
27/08/26;IAG;PUT;Dic-26;6,00;5.09;32,84;-0,79;;100
27/08/26;IAG;PUT;Mar-27;3,20;5.09;35,95;-0,03;;40
27/08/26;IAG;PUT;Mar-27;3,50;5.09;35,51;-0,06;;17
27/08/26;IAG;PUT;Mar-27;3,70;5.09;35,23;-0,09;;20
27/08/26;IAG;PUT;Mar-27;4,00;5.09;34,79;-0,14;;4
27/08/26;IAG;PUT;Mar-27;4,10;5.09;34,65;-0,17;;1
27/08/26;IAG;PUT;Mar-27;4,40;5.09;34,22;-0,24;;20
27/08/26;IAG;PUT;Mar-27;4,60;5.09;33,93;-0,30;;25
27/08/26;IAG;PUT;Mar-27;4,70;5.09;33,79;-0,33;;255
27/08/26;IAG;PUT;Mar-27;4,80;5.09;33,64;-0,36;;2
27/08/26;IAG;PUT;Mar-27;5,00;5.09;33,36;-0,42;;13
27/08/26;IAG;PUT;Mar-27;5,25;5.09;32,91;-0,50;;3
27/08/26;IAG;PUT;Mar-27;5,50;5.09;32,42;-0,58;;6
27/08/26;IAG;PUT;Mar-27;5,75;5.09;31,93;-0,66;;1
27/08/26;IAG;PUT;Jun-27;3,50;5.09;33,93;-0,08;;30
27/08/26;IAG;PUT;Jun-27;3,70;5.09;33,71;-0,11;;25
27/08/26;IAG;PUT;Jun-27;4,00;5.09;33,38;-0,16;;3
27/08/26;IAG;PUT;Jun-27;4,10;5.09;33,27;-0,18;;2
27/08/26;IAG;PUT;Jun-27;4,40;5.09;32,93;-0,25;;3
27/08/26;IAG;PUT;Jun-27;4,50;5.09;32,82;-0,28;;1
27/08/26;IAG;PUT;Jun-27;5,00;5.09;32,26;-0,41;;7
27/08/26;IAG;PUT;Jun-27;5,25;5.09;31,93;-0,48;;1
27/08/26;IAG;PUT;Jun-27;5,50;5.09;31,55;-0,55;;2
27/08/26;IAG;PUT;Jun-27;6,00;5.09;30,80;-0,68;;2
27/08/26;IAG;PUT;Sep-27;3,20;5.09;33,30;-0,06;;5
27/08/26;IAG;PUT;Sep-27;4,50;5.09;32,02;-0,29;;2
27/08/26;IAG;PUT;Sep-27;4,80;5.09;31,73;-0,36;;1
27/08/26;IAG;PUT;Sep-27;5,25;5.09;31,24;-0,47;;1
27/08/26;IAG;PUT;Dic-27;3,20;5.09;34,31;-0,08;;15.000
27/08/26;IAG;PUT;Dic-27;3,50;5.09;34,01;-0,12;;20
27/08/26;IAG;PUT;Dic-27;4,00;5.09;33,52;-0,20;;12
27/08/26;IAG;PUT;Dic-27;4,60;5.09;32,93;-0,32;;25
27/08/26;IAG;PUT;Dic-27;4,90;5.09;32,64;-0,38;;1
27/08/26;IAG;PUT;Dic-27;5,00;5.09;32,54;-0,41;;4
27/08/26;IAG;PUT;Dic-27;5,25;5.09;32,30;-0,46;;2
27/08/26;IAG;PUT;Mar-28;3,50;5.09;34,30;-0,13;;25
27/08/26;IAG;PUT;Jun-28;4,20;5.09;34,91;-0,25;;25
27/08/26;IAG;PUT;Jun-28;4,40;5.09;34,77;-0,29;;25
27/08/26;IAG;CALL;Dic-29;3,40;5.09;40,64;0,75;;2
27/08/26;IAG;PUT;Sep-26;4,40;5.09;32,54;-0,03;;8
27/08/26;IBERDROLA;CALL;Sep-26;18,00;20.06;17,27;1,00;;60
27/08/26;IBERDROLA;CALL;Sep-26;19,00;20.06;15,90;0,93;;2
27/08/26;IBERDROLA;CALL;Sep-26;19,50;20.06;15,22;0,79;;5.000
27/08/26;IBERDROLA;CALL;Sep-26;20,00;20.06;14,54;0,55;;4
27/08/26;IBERDROLA;CALL;Sep-26;20,50;20.06;14,43;0,29;;5
27/08/26;IBERDROLA;CALL;Sep-26;20,75;20.06;14,41;0,19;;1
27/08/26;IBERDROLA;CALL;Sep-26;21,00;20.06;14,40;0,11;;29.614
27/08/26;IBERDROLA;CALL;Sep-26;21,50;20.06;14,36;0,03;;35
27/08/26;IBERDROLA;CALL;Sep-26;22,00;20.06;14,33;;;416
27/08/26;IBERDROLA;CALL;Sep-26;22,50;20.06;14,30;;;2.500
27/08/26;IBERDROLA;CALL;Oct-26;19,50;20.06;15,43;0,72;;4
27/08/26;IBERDROLA;CALL;Oct-26;20,00;20.06;14,77;0,56;2;1
27/08/26;IBERDROLA;CALL;Oct-26;20,50;20.06;14,66;0,38;6;1
27/08/26;IBERDROLA;CALL;Oct-26;21,00;20.06;14,63;0,22;;10.001
27/08/26;IBERDROLA;CALL;Oct-26;22,00;20.06;14,56;0,05;;1
27/08/26;IBERDROLA;CALL;Nov-26;21,00;20.06;15,36;0,31;;1
27/08/26;IBERDROLA;CALL;Dic-26;14,50;20.06;23,25;1,00;;2
27/08/26;IBERDROLA;CALL;Dic-26;15,00;20.06;22,59;0,99;;4
27/08/26;IBERDROLA;CALL;Dic-26;16,00;20.06;21,26;0,98;;4
27/08/26;IBERDROLA;CALL;Dic-26;17,00;20.06;19,93;0,95;;6.500
27/08/26;IBERDROLA;CALL;Dic-26;17,50;20.06;19,26;0,92;;2
27/08/26;IBERDROLA;CALL;Dic-26;18,00;20.06;18,60;0,88;;6.001
27/08/26;IBERDROLA;CALL;Dic-26;18,50;20.06;17,93;0,83;;32
27/08/26;IBERDROLA;CALL;Dic-26;19,00;20.06;17,27;0,76;;345
27/08/26;IBERDROLA;CALL;Dic-26;19,50;20.06;16,60;0,67;;26.516
27/08/26;IBERDROLA;CALL;Dic-26;20,00;20.06;15,94;0,56;;7.518
27/08/26;IBERDROLA;CALL;Dic-26;20,50;20.06;15,80;0,45;;6
27/08/26;IBERDROLA;CALL;Dic-26;21,00;20.06;15,74;0,35;;302
27/08/26;IBERDROLA;CALL;Dic-26;21,50;20.06;15,67;0,25;;11
27/08/26;IBERDROLA;CALL;Dic-26;22,00;20.06;15,60;0,18;1;141
27/08/26;IBERDROLA;CALL;Dic-26;22,50;20.06;15,54;0,12;;517
27/08/26;IBERDROLA;CALL;Dic-26;23,00;20.06;15,47;0,07;;105
27/08/26;IBERDROLA;CALL;Dic-26;23,50;20.06;15,40;0,04;;8
27/08/26;IBERDROLA;CALL;Dic-26;24,00;20.06;15,34;0,02;;1
27/08/26;IBERDROLA;CALL;Dic-26;25,00;20.06;15,20;0,01;;1
27/08/26;IBERDROLA;CALL;Mar-27;12,00;20.06;26,16;1,00;;5
27/08/26;IBERDROLA;CALL;Mar-27;16,00;20.06;21,64;0,95;;10
27/08/26;IBERDROLA;CALL;Mar-27;16,50;20.06;21,07;0,93;;5
27/08/26;IBERDROLA;CALL;Mar-27;18,00;20.06;19,38;0,82;;4
27/08/26;IBERDROLA;CALL;Mar-27;19,50;20.06;17,68;0,64;;12
27/08/26;IBERDROLA;CALL;Mar-27;20,00;20.06;17,12;0,56;;100
27/08/26;IBERDROLA;CALL;Mar-27;20,50;20.06;16,94;0,47;;8
27/08/26;IBERDROLA;CALL;Mar-27;21,00;20.06;16,82;0,40;5;496
27/08/26;IBERDROLA;CALL;Mar-27;22,00;20.06;16,57;0,25;;20
27/08/26;IBERDROLA;CALL;Mar-27;22,50;20.06;16,44;0,20;;4
27/08/26;IBERDROLA;CALL;Mar-27;23,00;20.06;16,32;0,15;;258
27/08/26;IBERDROLA;CALL;Mar-27;24,00;20.06;16,07;0,08;;10
27/08/26;IBERDROLA;CALL;Mar-27;26,00;20.06;15,57;0,01;;17
27/08/26;IBERDROLA;CALL;Jun-27;17,00;20.06;20,62;0,86;;100
27/08/26;IBERDROLA;CALL;Jun-27;17,50;20.06;20,11;0,82;;100
27/08/26;IBERDROLA;CALL;Jun-27;18,00;20.06;19,61;0,78;;1
27/08/26;IBERDROLA;CALL;Jun-27;18,50;20.06;19,10;0,73;;7
27/08/26;IBERDROLA;CALL;Jun-27;19,00;20.06;18,59;0,68;;5.500
27/08/26;IBERDROLA;CALL;Jun-27;19,50;20.06;18,09;0,62;;7
27/08/26;IBERDROLA;CALL;Jun-27;20,00;20.06;17,58;0,56;;100
27/08/26;IBERDROLA;CALL;Jun-27;20,50;20.06;17,41;0,50;2;3
27/08/26;IBERDROLA;CALL;Jun-27;21,00;20.06;17,29;0,43;;1.005
27/08/26;IBERDROLA;CALL;Jun-27;22,00;20.06;17,04;0,32;5;6
27/08/26;IBERDROLA;CALL;Jun-27;23,00;20.06;16,79;0,22;;100
27/08/26;IBERDROLA;CALL;Sep-27;16,50;20.06;21,30;0,87;;10.100
27/08/26;IBERDROLA;CALL;Sep-27;17,00;20.06;20,84;0,84;;100
27/08/26;IBERDROLA;CALL;Sep-27;17,50;20.06;20,37;0,80;;100
27/08/26;IBERDROLA;CALL;Sep-27;19,50;20.06;18,51;0,62;15;140
27/08/26;IBERDROLA;CALL;Sep-27;22,00;20.06;17,54;0,34;;5
27/08/26;IBERDROLA;CALL;Dic-27;10,00;20.06;27,44;1,00;;30
27/08/26;IBERDROLA;CALL;Dic-27;13,00;20.06;24,74;0,98;;50
27/08/26;IBERDROLA;CALL;Dic-27;14,00;20.06;23,85;0,96;;5
27/08/26;IBERDROLA;CALL;Dic-27;15,00;20.06;22,95;0,92;;5
27/08/26;IBERDROLA;CALL;Dic-27;16,00;20.06;22,05;0,87;;26
27/08/26;IBERDROLA;CALL;Dic-27;16,50;20.06;21,60;0,85;;25
27/08/26;IBERDROLA;CALL;Dic-27;17,00;20.06;21,16;0,82;;7.530
27/08/26;IBERDROLA;CALL;Dic-27;17,50;20.06;20,71;0,78;;25
27/08/26;IBERDROLA;CALL;Dic-27;18,00;20.06;20,26;0,74;;10.005
27/08/26;IBERDROLA;CALL;Dic-27;18,50;20.06;19,81;0,70;;251
27/08/26;IBERDROLA;CALL;Dic-27;19,00;20.06;19,36;0,66;;157
27/08/26;IBERDROLA;CALL;Dic-27;19,50;20.06;18,91;0,61;;395
27/08/26;IBERDROLA;CALL;Dic-27;20,00;20.06;18,46;0,56;;13.260
27/08/26;IBERDROLA;CALL;Dic-27;21,00;20.06;18,22;0,46;;7.260
27/08/26;IBERDROLA;CALL;Dic-27;22,00;20.06;18,02;0,37;;5.004
27/08/26;IBERDROLA;CALL;Dic-27;23,00;20.06;17,82;0,28;;6
27/08/26;IBERDROLA;CALL;Dic-27;24,00;20.06;17,62;0,21;;2.757
27/08/26;IBERDROLA;CALL;Dic-27;25,00;20.06;17,42;0,15;;2.002
27/08/26;IBERDROLA;CALL;Mar-28;19,00;20.06;19,36;0,65;;1
27/08/26;IBERDROLA;CALL;Mar-28;20,00;20.06;18,51;0,56;;102
27/08/26;IBERDROLA;CALL;Mar-28;21,00;20.06;18,29;0,46;;6
27/08/26;IBERDROLA;CALL;Mar-28;26,00;20.06;17,37;0,13;;1
27/08/26;IBERDROLA;CALL;Jun-28;10,00;20.06;26,87;1,00;;5
27/08/26;IBERDROLA;CALL;Jun-28;20,00;20.06;18,73;0,56;;1
27/08/26;IBERDROLA;CALL;Jun-28;22,50;20.06;18,32;0,36;;7
27/08/26;IBERDROLA;CALL;Jun-28;28,00;20.06;17,49;0,09;;15
27/08/26;IBERDROLA;CALL;Dic-28;16,00;20.06;21,62;0,84;;5.000
27/08/26;IBERDROLA;CALL;Dic-28;18,00;20.06;20,16;0,71;;500
27/08/26;IBERDROLA;CALL;Dic-28;18,50;20.06;19,79;0,67;;25
27/08/26;IBERDROLA;CALL;Dic-28;19,00;20.06;19,43;0,63;;1
27/08/26;IBERDROLA;CALL;Dic-28;24,00;20.06;18,19;0,29;;15
27/08/26;IBERDROLA;CALL;Dic-29;15,00;20.06;22,52;0,87;;1
27/08/26;IBERDROLA;CALL;Dic-29;18,00;20.06;20,47;0,69;;6.000
27/08/26;IBERDROLA;CALL;Dic-29;19,00;20.06;19,79;0,62;;25
27/08/26;IBERDROLA;CALL;Dic-29;21,50;20.06;18,97;0,47;;1
27/08/26;IBERDROLA;CALL;Dic-29;23,00;20.06;18,87;0,39;;2
27/08/26;IBERDROLA;CALL;Jun-30;21,00;20.06;19,93;0,51;;1
27/08/26;IBERDROLA;CALL;Dic-30;18,00;20.06;21,93;0,68;;245
27/08/26;IBERDROLA;PUT;Sep-26;9,75;20.06;27,77;;;25
27/08/26;IBERDROLA;PUT;Sep-26;13,00;20.06;23,34;;;153
27/08/26;IBERDROLA;PUT;Sep-26;13,50;20.06;22,66;;;44
27/08/26;IBERDROLA;PUT;Sep-26;14,00;20.06;21,98;;;135
27/08/26;IBERDROLA;PUT;Sep-26;14,50;20.06;21,30;;;135
27/08/26;IBERDROLA;PUT;Sep-26;15,00;20.06;20,61;;;51
27/08/26;IBERDROLA;PUT;Sep-26;15,50;20.06;19,93;;;12
27/08/26;IBERDROLA;PUT;Sep-26;16,00;20.06;19,25;;;1
27/08/26;IBERDROLA;PUT;Sep-26;16,50;20.06;18,57;;;63
27/08/26;IBERDROLA;PUT;Sep-26;17,00;20.06;17,89;;;5.020
27/08/26;IBERDROLA;PUT;Sep-26;17,50;20.06;17,21;;;12
27/08/26;IBERDROLA;PUT;Sep-26;18,00;20.06;16,53;;;530
27/08/26;IBERDROLA;PUT;Sep-26;18,50;20.06;15,85;-0,02;;30.000
27/08/26;IBERDROLA;PUT;Sep-26;19,00;20.06;15,16;-0,07;;20.000
27/08/26;IBERDROLA;PUT;Sep-26;19,50;20.06;14,48;-0,20;;12.524
27/08/26;IBERDROLA;PUT;Sep-26;19,75;20.06;14,14;-0,31;1;1
27/08/26;IBERDROLA;PUT;Sep-26;20,00;20.06;13,80;-0,45;;5.117
27/08/26;IBERDROLA;PUT;Sep-26;20,50;20.06;13,69;-0,73;;256
27/08/26;IBERDROLA;PUT;Sep-26;21,00;20.06;13,66;-0,92;;2.513
27/08/26;IBERDROLA;PUT;Sep-26;21,50;20.06;13,62;-1,00;;2.503
27/08/26;IBERDROLA;PUT;Oct-26;19,00;20.06;15,73;-0,16;;10
27/08/26;IBERDROLA;PUT;Oct-26;19,50;20.06;15,06;-0,28;;1
27/08/26;IBERDROLA;PUT;Oct-26;20,00;20.06;14,40;-0,45;;1
27/08/26;IBERDROLA;PUT;Oct-26;21,50;20.06;14,22;-0,92;;5
27/08/26;IBERDROLA;PUT;Nov-26;18,00;20.06;17,54;-0,08;1;1
27/08/26;IBERDROLA;PUT;Nov-26;19,50;20.06;15,58;-0,32;;1
27/08/26;IBERDROLA;PUT;Dic-26;9,00;20.06;29,95;;;2.000
27/08/26;IBERDROLA;PUT;Dic-26;9,50;20.06;29,29;;;2
27/08/26;IBERDROLA;PUT;Dic-26;9,75;20.06;28,96;;;25
27/08/26;IBERDROLA;PUT;Dic-26;10,50;20.06;27,96;;;502
27/08/26;IBERDROLA;PUT;Dic-26;11,00;20.06;27,29;;;1.348
27/08/26;IBERDROLA;PUT;Dic-26;11,50;20.06;26,63;;;26
27/08/26;IBERDROLA;PUT;Dic-26;12,00;20.06;25,96;;;10.150
27/08/26;IBERDROLA;PUT;Dic-26;13,00;20.06;24,64;;;21
27/08/26;IBERDROLA;PUT;Dic-26;13,50;20.06;23,97;;;10.000
27/08/26;IBERDROLA;PUT;Dic-26;14,00;20.06;23,31;;;15.010
27/08/26;IBERDROLA;PUT;Dic-26;14,50;20.06;22,64;;;10
27/08/26;IBERDROLA;PUT;Dic-26;15,00;20.06;21,98;-0,01;;2
27/08/26;IBERDROLA;PUT;Dic-26;15,50;20.06;21,31;-0,01;;30
27/08/26;IBERDROLA;PUT;Dic-26;16,00;20.06;20,65;-0,02;;34.287
27/08/26;IBERDROLA;PUT;Dic-26;16,50;20.06;19,98;-0,03;;255
27/08/26;IBERDROLA;PUT;Dic-26;17,00;20.06;19,32;-0,05;;67.047
27/08/26;IBERDROLA;PUT;Dic-26;17,50;20.06;18,65;-0,08;;10.005
27/08/26;IBERDROLA;PUT;Dic-26;18,00;20.06;17,99;-0,12;;83.784
27/08/26;IBERDROLA;PUT;Dic-26;18,50;20.06;17,32;-0,17;;7.408
27/08/26;IBERDROLA;PUT;Dic-26;19,00;20.06;16,66;-0,24;;7
27/08/26;IBERDROLA;PUT;Dic-26;19,50;20.06;15,99;-0,33;;16.528
27/08/26;IBERDROLA;PUT;Dic-26;20,00;20.06;15,33;-0,45;;81.018
27/08/26;IBERDROLA;PUT;Dic-26;20,50;20.06;15,19;-0,57;;1
27/08/26;IBERDROLA;PUT;Dic-26;21,00;20.06;15,13;-0,69;;888
27/08/26;IBERDROLA;PUT;Dic-26;21,50;20.06;15,06;-0,79;;12
27/08/26;IBERDROLA;PUT;Dic-26;22,00;20.06;14,99;-0,88;;2
27/08/26;IBERDROLA;PUT;Mar-27;10,50;20.06;26,97;;;1
27/08/26;IBERDROLA;PUT;Mar-27;14,00;20.06;23,02;-0,01;;1
27/08/26;IBERDROLA;PUT;Mar-27;15,00;20.06;21,89;-0,03;;1
27/08/26;IBERDROLA;PUT;Mar-27;16,00;20.06;20,76;-0,06;;14
27/08/26;IBERDROLA;PUT;Mar-27;16,50;20.06;20,19;-0,09;;4
27/08/26;IBERDROLA;PUT;Mar-27;18,00;20.06;18,50;-0,20;;4
27/08/26;IBERDROLA;PUT;Mar-27;18,50;20.06;17,93;-0,26;;2
27/08/26;IBERDROLA;PUT;Mar-27;19,00;20.06;17,37;-0,32;;1
27/08/26;IBERDROLA;PUT;Mar-27;19,50;20.06;16,80;-0,40;;302
27/08/26;IBERDROLA;PUT;Mar-27;20,00;20.06;16,24;-0,48;;60
27/08/26;IBERDROLA;PUT;Mar-27;24,00;20.06;15,19;-0,95;;1
27/08/26;IBERDROLA;PUT;Jun-27;15,00;20.06;21,97;-0,05;;13
27/08/26;IBERDROLA;PUT;Jun-27;16,00;20.06;20,96;-0,09;;1.020
27/08/26;IBERDROLA;PUT;Jun-27;16,50;20.06;20,45;-0,12;;9
27/08/26;IBERDROLA;PUT;Jun-27;17,00;20.06;19,94;-0,15;;5.517
27/08/26;IBERDROLA;PUT;Jun-27;17,50;20.06;19,43;-0,19;;5
27/08/26;IBERDROLA;PUT;Jun-27;18,00;20.06;18,93;-0,23;;9
27/08/26;IBERDROLA;PUT;Jun-27;19,00;20.06;17,91;-0,33;;9
27/08/26;IBERDROLA;PUT;Jun-27;19,50;20.06;17,41;-0,40;;50
27/08/26;IBERDROLA;PUT;Jun-27;20,00;20.06;16,90;-0,46;;11.513
27/08/26;IBERDROLA;PUT;Jun-27;23,00;20.06;16,11;-0,83;;1
27/08/26;IBERDROLA;PUT;Sep-27;16,00;20.06;20,97;-0,13;;35.000
27/08/26;IBERDROLA;PUT;Sep-27;16,50;20.06;20,50;-0,17;;200
27/08/26;IBERDROLA;PUT;Sep-27;17,00;20.06;20,04;-0,20;;100
27/08/26;IBERDROLA;PUT;Sep-27;17,50;20.06;19,57;-0,24;;200
27/08/26;IBERDROLA;PUT;Sep-27;18,00;20.06;19,11;-0,28;;5.300
27/08/26;IBERDROLA;PUT;Sep-27;19,00;20.06;18,18;-0,38;;50
27/08/26;IBERDROLA;PUT;Sep-27;19,50;20.06;17,71;-0,43;;50
27/08/26;IBERDROLA;PUT;Sep-27;20,00;20.06;17,25;-0,49;;25
27/08/26;IBERDROLA;PUT;Sep-27;20,50;20.06;17,09;-0,55;;50
27/08/26;IBERDROLA;PUT;Dic-27;9,50;20.06;26,46;;;2.000
27/08/26;IBERDROLA;PUT;Dic-27;10,00;20.06;26,01;-0,01;;5
27/08/26;IBERDROLA;PUT;Dic-27;11,50;20.06;24,66;-0,02;;1.800
27/08/26;IBERDROLA;PUT;Dic-27;12,00;20.06;24,21;-0,02;;30.000
27/08/26;IBERDROLA;PUT;Dic-27;13,00;20.06;23,31;-0,04;;35.000
27/08/26;IBERDROLA;PUT;Dic-27;14,00;20.06;22,42;-0,07;;10.000
27/08/26;IBERDROLA;PUT;Dic-27;14,50;20.06;21,97;-0,08;;20.000
27/08/26;IBERDROLA;PUT;Dic-27;16,00;20.06;20,62;-0,15;;25.000
27/08/26;IBERDROLA;PUT;Dic-27;16,50;20.06;20,17;-0,18;;2.002
27/08/26;IBERDROLA;PUT;Dic-27;17,00;20.06;19,73;-0,21;;2.750
27/08/26;IBERDROLA;PUT;Dic-27;17,50;20.06;19,28;-0,25;;460
27/08/26;IBERDROLA;PUT;Dic-27;18,00;20.06;18,83;-0,29;;409
27/08/26;IBERDROLA;PUT;Dic-27;18,50;20.06;18,38;-0,33;;175
27/08/26;IBERDROLA;PUT;Dic-27;19,00;20.06;17,93;-0,38;;1.811
27/08/26;IBERDROLA;PUT;Dic-27;19,50;20.06;17,48;-0,43;;25
27/08/26;IBERDROLA;PUT;Dic-27;20,00;20.06;17,03;-0,48;;6.750
27/08/26;IBERDROLA;PUT;Dic-27;21,00;20.06;16,79;-0,59;;1.250
27/08/26;IBERDROLA;PUT;Dic-27;22,00;20.06;16,59;-0,69;;50
27/08/26;IBERDROLA;PUT;Mar-28;18,00;20.06;18,37;-0,30;;200
27/08/26;IBERDROLA;PUT;Jun-28;13,00;20.06;22,08;-0,06;;150
27/08/26;IBERDROLA;PUT;Jun-28;14,00;20.06;21,26;-0,08;;150
27/08/26;IBERDROLA;PUT;Dic-28;15,00;20.06;19,46;-0,14;;5.000
27/08/26;IBERDROLA;PUT;Dic-28;21,50;20.06;15,59;-0,62;;4.000
27/08/26;IBERDROLA;PUT;Dic-28;24,00;20.06;15,30;-0,79;;1
27/08/26;IBERDROLA;PUT;Dic-29;19,00;20.06;16,21;-0,42;;2
27/08/26;IBERDROLA;PUT;Dic-30;14,50;20.06;19,10;-0,18;;5
27/08/26;IBERDROLA;CALL;Sep-26;13,50;20.06;23,40;1,00;;150
27/08/26;IBERDROLA;CALL;Sep-26;14,00;20.06;22,72;1,00;;300
27/08/26;IBERDROLA;CALL;Sep-26;20,00;20.06;14,54;0,55;;160
27/08/26;IBERDROLA;CALL;Sep-26;20,00;20.06;14,54;0,55;;10
27/08/26;IBERDROLA;CALL;Sep-26;20,50;20.06;14,43;0,29;;1
27/08/26;IBERDROLA;CALL;Sep-26;21,00;20.06;14,40;0,11;;13
27/08/26;IBERDROLA;CALL;Sep-26;22,00;20.06;14,33;0,01;;2.043
27/08/26;IBERDROLA;CALL;Oct-26;22,00;20.06;14,56;0,05;;12.287
27/08/26;IBERDROLA;CALL;Dic-26;14,50;20.06;23,25;0,99;;510
27/08/26;IBERDROLA;CALL;Dic-26;18,00;20.06;18,60;0,87;;10
27/08/26;IBERDROLA;CALL;Dic-26;18,50;20.06;17,93;0,82;;200
27/08/26;IBERDROLA;CALL;Dic-26;19,00;20.06;17,27;0,75;;50
27/08/26;IBERDROLA;CALL;Dic-26;20,00;20.06;15,94;0,56;;10
27/08/26;IBERDROLA;CALL;Dic-26;20,50;20.06;15,80;0,45;;1
27/08/26;IBERDROLA;CALL;Dic-26;22,00;20.06;15,60;0,18;;2
27/08/26;IBERDROLA;CALL;Jun-27;24,00;20.06;16,54;0,14;;5
27/08/26;IBERDROLA;CALL;Dic-27;12,00;20.06;25,64;0,94;;2.000
27/08/26;IBERDROLA;CALL;Jun-30;21,00;20.06;19,93;0,45;;1
27/08/26;IBERDROLA;PUT;Sep-26;13,00;20.06;23,34;;;500
27/08/26;IBERDROLA;PUT;Sep-26;15,00;20.06;20,61;;;800
27/08/26;IBERDROLA;PUT;Sep-26;18,50;20.06;15,85;-0,02;;25
27/08/26;IBERDROLA;PUT;Sep-26;20,25;20.06;13,71;-0,59;;2
27/08/26;IBERDROLA;PUT;Sep-26;21,00;20.06;13,66;-0,90;;10
27/08/26;IBERDROLA;PUT;Dic-26;15,00;20.06;21,98;-0,01;;600
27/08/26;IBERDROLA;PUT;Dic-26;16,00;20.06;20,65;-0,02;;1
27/08/26;IBERDROLA;PUT;Dic-26;19,00;20.06;16,66;-0,24;;21
27/08/26;IBERDROLA;PUT;Dic-26;19,50;20.06;15,99;-0,33;;4
27/08/26;IBERDROLA;PUT;Dic-26;20,00;20.06;15,33;-0,43;;1
27/08/26;IBERDROLA;PUT;Dic-26;21,00;20.06;15,13;-0,65;;10
27/08/26;IBERDROLA;PUT;Dic-26;21,00;20.06;15,13;-0,65;;10
27/08/26;IBERDROLA;PUT;Dic-26;22,00;20.06;14,99;-0,83;;10
27/08/26;IBERDROLA;PUT;Dic-27;12,00;20.06;24,21;-0,02;;2.000
27/08/26;INDITEX;CALL;Sep-26;40,63;57.7;44,01;1,00;;25
27/08/26;INDITEX;CALL;Sep-26;41,60;57.7;43,11;1,00;;50
27/08/26;INDITEX;CALL;Sep-26;43,54;57.7;41,32;1,00;;50
27/08/26;INDITEX;CALL;Sep-26;44,49;57.7;40,44;1,00;;25
27/08/26;INDITEX;CALL;Sep-26;45,47;57.7;39,53;0,99;;75
27/08/26;INDITEX;CALL;Sep-26;46,44;57.7;38,64;0,99;;50
27/08/26;INDITEX;CALL;Sep-26;47,41;57.7;37,74;0,99;;50
27/08/26;INDITEX;CALL;Sep-26;48,38;57.7;36,84;0,98;;25
27/08/26;INDITEX;CALL;Sep-26;50,31;57.7;35,06;0,95;;25
27/08/26;INDITEX;CALL;Sep-26;52,25;57.7;33,27;0,90;;100
27/08/26;INDITEX;CALL;Sep-26;54,17;57.7;31,49;0,81;;382
27/08/26;INDITEX;CALL;Sep-26;56,11;57.7;29,70;0,67;;1.757
27/08/26;INDITEX;CALL;Sep-26;58,05;57.7;28,14;0,49;;22
27/08/26;INDITEX;CALL;Sep-26;59,99;57.7;27,65;0,30;;233
27/08/26;INDITEX;CALL;Sep-26;61,92;57.7;27,16;0,16;;25
27/08/26;INDITEX;CALL;Sep-26;65,78;57.7;26,18;0,02;;10
27/08/26;INDITEX;CALL;Oct-26;61,92;57.7;23,37;0,23;;3
27/08/26;INDITEX;CALL;Oct-26;63,85;57.7;23,00;0,13;;100
27/08/26;INDITEX;CALL;Nov-26;65,78;57.7;22,22;0,12;100;100
27/08/26;INDITEX;CALL;Dic-26;35,80;57.7;38,94;0,99;;3
27/08/26;INDITEX;CALL;Dic-26;38,70;57.7;37,09;0,99;;1
27/08/26;INDITEX;CALL;Dic-26;39,67;57.7;36,48;0,98;;52
27/08/26;INDITEX;CALL;Dic-26;40,63;57.7;35,87;0,98;;25
27/08/26;INDITEX;CALL;Dic-26;44,49;57.7;33,41;0,94;;120
27/08/26;INDITEX;CALL;Dic-26;46,44;57.7;32,18;0,91;;26
27/08/26;INDITEX;CALL;Dic-26;47,41;57.7;31,56;0,90;;325
27/08/26;INDITEX;CALL;Dic-26;48,38;57.7;30,94;0,87;;400
27/08/26;INDITEX;CALL;Dic-26;50,31;57.7;29,72;0,83;;50
27/08/26;INDITEX;CALL;Dic-26;52,25;57.7;28,48;0,77;;31
27/08/26;INDITEX;CALL;Dic-26;54,17;57.7;27,26;0,70;;59
27/08/26;INDITEX;CALL;Dic-26;56,11;57.7;26,03;0,61;;149
27/08/26;INDITEX;CALL;Dic-26;58,05;57.7;24,96;0,52;;645
27/08/26;INDITEX;CALL;Dic-26;59,99;57.7;24,64;0,42;;201
27/08/26;INDITEX;CALL;Dic-26;61,92;57.7;24,31;0,33;;253
27/08/26;INDITEX;CALL;Dic-26;63,85;57.7;23,99;0,25;;210
27/08/26;INDITEX;CALL;Dic-26;65,78;57.7;23,67;0,18;;17
27/08/26;INDITEX;CALL;Dic-26;67,72;57.7;23,34;0,13;;15
27/08/26;INDITEX;CALL;Dic-26;69,66;57.7;23,02;0,08;;11
27/08/26;INDITEX;CALL;Dic-26;71,60;57.7;22,69;0,05;;3
27/08/26;INDITEX;CALL;Mar-27;52,25;57.7;28,47;0,73;;100
27/08/26;INDITEX;CALL;Mar-27;54,17;57.7;27,43;0,67;;3
27/08/26;INDITEX;CALL;Mar-27;63,85;57.7;24,62;0,34;;400
27/08/26;INDITEX;CALL;Mar-27;65,78;57.7;24,34;0,28;;300
27/08/26;INDITEX;CALL;Mar-27;67,72;57.7;24,06;0,23;;75
27/08/26;INDITEX;CALL;Mar-27;69,66;57.7;23,78;0,18;;25
27/08/26;INDITEX;CALL;Mar-27;71,60;57.7;23,50;0,14;;20
27/08/26;INDITEX;CALL;Mar-27;73,53;57.7;23,22;0,10;;20
27/08/26;INDITEX;CALL;Jun-27;38,70;57.7;34,37;0,94;;150
27/08/26;INDITEX;CALL;Jun-27;45,47;57.7;31,40;0,86;;25
27/08/26;INDITEX;CALL;Jun-27;50,31;57.7;29,27;0,76;;25
27/08/26;INDITEX;CALL;Jun-27;58,05;57.7;25,98;0,55;;150
27/08/26;INDITEX;CALL;Jun-27;59,99;57.7;25,67;0,49;;188
27/08/26;INDITEX;CALL;Jun-27;61,92;57.7;25,37;0,44;;100
27/08/26;INDITEX;CALL;Jun-27;69,66;57.7;24,16;0,23;;100
27/08/26;INDITEX;CALL;Jun-27;71,60;57.7;23,86;0,19;;25
27/08/26;INDITEX;CALL;Jun-27;73,53;57.7;23,56;0,15;;50
27/08/26;INDITEX;CALL;Sep-27;59,99;57.7;26,06;0,51;;25
27/08/26;INDITEX;CALL;Sep-27;63,85;57.7;25,54;0,41;;25
27/08/26;INDITEX;CALL;Sep-27;69,66;57.7;24,77;0,28;;1
27/08/26;INDITEX;CALL;Sep-27;71,60;57.7;24,51;0,24;;25
27/08/26;INDITEX;CALL;Dic-27;37,73;57.7;33,13;0,92;;25
27/08/26;INDITEX;CALL;Dic-27;38,70;57.7;32,82;0,91;;1
27/08/26;INDITEX;CALL;Dic-27;39,67;57.7;32,51;0,90;;1
27/08/26;INDITEX;CALL;Dic-27;43,54;57.7;31,28;0,85;;50
27/08/26;INDITEX;CALL;Dic-27;45,47;57.7;30,67;0,82;;25
27/08/26;INDITEX;CALL;Dic-27;47,41;57.7;30,05;0,79;;25
27/08/26;INDITEX;CALL;Dic-27;52,25;57.7;28,51;0,69;;25
27/08/26;INDITEX;CALL;Dic-27;54,17;57.7;27,90;0,65;;25
27/08/26;INDITEX;CALL;Dic-27;59,99;57.7;26,50;0,52;;25
27/08/26;INDITEX;CALL;Dic-27;61,92;57.7;26,27;0,48;;175
27/08/26;INDITEX;CALL;Dic-27;63,85;57.7;26,03;0,44;;500
27/08/26;INDITEX;CALL;Dic-27;65,78;57.7;25,80;0,39;;10
27/08/26;INDITEX;CALL;Dic-27;71,60;57.7;25,09;0,28;;1
27/08/26;INDITEX;CALL;Mar-28;33,30;57.7;34,94;0,94;;1
27/08/26;INDITEX;CALL;Mar-28;52,89;57.7;28,72;0,68;;50
27/08/26;INDITEX;CALL;Mar-28;54,86;57.7;28,09;0,64;;75
27/08/26;INDITEX;CALL;Mar-28;56,81;57.7;27,47;0,60;;75
27/08/26;INDITEX;CALL;Mar-28;58,77;57.7;27,04;0,56;;50
27/08/26;INDITEX;CALL;Mar-28;60,73;57.7;26,77;0,52;;25
27/08/26;INDITEX;CALL;Mar-28;64,65;57.7;26,23;0,45;;25
27/08/26;INDITEX;CALL;Mar-28;66,60;57.7;25,96;0,41;;25
27/08/26;INDITEX;CALL;Mar-28;68,56;57.7;25,68;0,37;;25
27/08/26;INDITEX;CALL;Mar-28;70,53;57.7;25,41;0,33;;25
27/08/26;INDITEX;CALL;Mar-28;72,49;57.7;25,14;0,30;;25
27/08/26;INDITEX;CALL;Jun-28;42,12;57.7;32,12;0,84;;25
27/08/26;INDITEX;CALL;Jun-28;43,10;57.7;31,81;0,83;;25
27/08/26;INDITEX;CALL;Jun-28;56,81;57.7;27,54;0,61;;25
27/08/26;INDITEX;CALL;Jun-28;58,77;57.7;27,12;0,57;;50
27/08/26;INDITEX;CALL;Jun-28;66,60;57.7;26,13;0,42;;50
27/08/26;INDITEX;CALL;Jun-28;68,56;57.7;25,88;0,39;;25
27/08/26;INDITEX;CALL;Jun-28;70,53;57.7;25,63;0,35;;25
27/08/26;INDITEX;CALL;Jun-28;72,49;57.7;25,38;0,32;;25
27/08/26;INDITEX;CALL;Dic-28;49,44;57.7;29,27;0,73;;2
27/08/26;INDITEX;CALL;Dic-28;67,24;57.7;26,13;0,44;;490
27/08/26;INDITEX;CALL;Dic-29;43,51;57.7;28,83;0,81;;220
27/08/26;INDITEX;PUT;Sep-26;35,80;57.7;48,76;;;1
27/08/26;INDITEX;PUT;Sep-26;36,76;57.7;47,88;;;27
27/08/26;INDITEX;PUT;Sep-26;38,70;57.7;46,08;;;25
27/08/26;INDITEX;PUT;Sep-26;39,67;57.7;45,19;;;26
27/08/26;INDITEX;PUT;Sep-26;40,63;57.7;44,30;;;28
27/08/26;INDITEX;PUT;Sep-26;41,60;57.7;43,40;;;240
27/08/26;INDITEX;PUT;Sep-26;42,57;57.7;42,50;;;300
27/08/26;INDITEX;PUT;Sep-26;43,54;57.7;41,61;;;25
27/08/26;INDITEX;PUT;Sep-26;44,49;57.7;40,73;;;51
27/08/26;INDITEX;PUT;Sep-26;45,47;57.7;39,82;-0,01;;51
27/08/26;INDITEX;PUT;Sep-26;46,44;57.7;38,93;-0,01;;75
27/08/26;INDITEX;PUT;Sep-26;47,41;57.7;38,03;-0,02;;30
27/08/26;INDITEX;PUT;Sep-26;48,38;57.7;37,13;-0,02;;82
27/08/26;INDITEX;PUT;Sep-26;50,31;57.7;35,35;-0,05;;101
27/08/26;INDITEX;PUT;Sep-26;52,00;57.7;33,79;-0,10;;4.006
27/08/26;INDITEX;PUT;Sep-26;52,25;57.7;33,56;-0,10;;27
27/08/26;INDITEX;PUT;Sep-26;54,17;57.7;31,78;-0,19;;375
27/08/26;INDITEX;PUT;Sep-26;56,11;57.7;29,99;-0,33;;2
27/08/26;INDITEX;PUT;Sep-26;58,05;57.7;28,43;-0,51;;19
27/08/26;INDITEX;PUT;Sep-26;59,99;57.7;27,94;-0,70;;6
27/08/26;INDITEX;PUT;Oct-26;48,38;57.7;31,00;-0,05;;2
27/08/26;INDITEX;PUT;Oct-26;50,00;57.7;29,78;-0,08;;2
27/08/26;INDITEX;PUT;Oct-26;50,31;57.7;29,54;-0,09;;1
27/08/26;INDITEX;PUT;Oct-26;52,25;57.7;28,07;-0,15;1;2
27/08/26;INDITEX;PUT;Oct-26;54,17;57.7;26,62;-0,24;;2
27/08/26;INDITEX;PUT;Oct-26;56,11;57.7;25,15;-0,35;;2
27/08/26;INDITEX;PUT;Dic-26;32,90;57.7;39,49;;;26
27/08/26;INDITEX;PUT;Dic-26;33,87;57.7;38,87;;;21
27/08/26;INDITEX;PUT;Dic-26;34,83;57.7;38,26;-0,01;;25
27/08/26;INDITEX;PUT;Dic-26;35,80;57.7;37,65;-0,01;;25
27/08/26;INDITEX;PUT;Dic-26;36,76;57.7;37,04;-0,01;;26
27/08/26;INDITEX;PUT;Dic-26;37,73;57.7;36,42;-0,01;;150
27/08/26;INDITEX;PUT;Dic-26;38,70;57.7;35,80;-0,02;;150
27/08/26;INDITEX;PUT;Dic-26;39,67;57.7;35,19;-0,02;;11
27/08/26;INDITEX;PUT;Dic-26;40,63;57.7;34,58;-0,03;;2
27/08/26;INDITEX;PUT;Dic-26;41,60;57.7;33,96;-0,03;;86
27/08/26;INDITEX;PUT;Dic-26;42,57;57.7;33,34;-0,04;;150
27/08/26;INDITEX;PUT;Dic-26;43,54;57.7;32,73;-0,05;;75
27/08/26;INDITEX;PUT;Dic-26;44,49;57.7;32,12;-0,06;;62
27/08/26;INDITEX;PUT;Dic-26;45,47;57.7;31,50;-0,07;;35
27/08/26;INDITEX;PUT;Dic-26;46,44;57.7;30,89;-0,09;;253
27/08/26;INDITEX;PUT;Dic-26;47,41;57.7;30,27;-0,10;;2.409
27/08/26;INDITEX;PUT;Dic-26;48,38;57.7;29,65;-0,12;;76
27/08/26;INDITEX;PUT;Dic-26;50,31;57.7;28,43;-0,17;;170
27/08/26;INDITEX;PUT;Dic-26;52,25;57.7;27,19;-0,23;;27
27/08/26;INDITEX;PUT;Dic-26;54,17;57.7;25,97;-0,31;;25
27/08/26;INDITEX;PUT;Dic-26;56,11;57.7;24,74;-0,39;;210
27/08/26;INDITEX;PUT;Dic-26;59,99;57.7;23,35;-0,60;;176
27/08/26;INDITEX;PUT;Dic-26;71,60;57.7;21,40;-0,97;;1
27/08/26;INDITEX;PUT;Mar-27;33,87;57.7;36,47;-0,02;;50
27/08/26;INDITEX;PUT;Mar-27;34,83;57.7;35,95;-0,02;;50
27/08/26;INDITEX;PUT;Mar-27;35,80;57.7;35,42;-0,02;;75
27/08/26;INDITEX;PUT;Mar-27;36,76;57.7;34,90;-0,03;;75
27/08/26;INDITEX;PUT;Mar-27;37,73;57.7;34,37;-0,04;;25
27/08/26;INDITEX;PUT;Mar-27;38,70;57.7;33,85;-0,04;;25
27/08/26;INDITEX;PUT;Mar-27;39,67;57.7;33,32;-0,05;;52
27/08/26;INDITEX;PUT;Mar-27;40,63;57.7;32,80;-0,06;;78
27/08/26;INDITEX;PUT;Mar-27;41,60;57.7;32,27;-0,07;;1
27/08/26;INDITEX;PUT;Mar-27;42,57;57.7;31,75;-0,08;;1
27/08/26;INDITEX;PUT;Mar-27;44,49;57.7;30,70;-0,10;;8
27/08/26;INDITEX;PUT;Mar-27;45,47;57.7;30,17;-0,12;;4
27/08/26;INDITEX;PUT;Mar-27;50,00;57.7;27,71;-0,21;;3.000
27/08/26;INDITEX;PUT;Mar-27;50,31;57.7;27,54;-0,21;;102
27/08/26;INDITEX;PUT;Mar-27;52,25;57.7;26,49;-0,27;;100
27/08/26;INDITEX;PUT;Mar-27;54,17;57.7;25,45;-0,33;;5
27/08/26;INDITEX;PUT;Jun-27;26,12;57.7;37,88;-0,01;;1
27/08/26;INDITEX;PUT;Jun-27;30,96;57.7;35,75;-0,02;;150
27/08/26;INDITEX;PUT;Jun-27;33,87;57.7;34,47;-0,03;;200
27/08/26;INDITEX;PUT;Jun-27;34,83;57.7;34,05;-0,04;;180
27/08/26;INDITEX;PUT;Jun-27;36,76;57.7;33,20;-0,05;;25
27/08/26;INDITEX;PUT;Jun-27;38,70;57.7;32,35;-0,07;;150
27/08/26;INDITEX;PUT;Jun-27;39,67;57.7;31,93;-0,08;;101
27/08/26;INDITEX;PUT;Jun-27;41,60;57.7;31,08;-0,10;;176
27/08/26;INDITEX;PUT;Jun-27;42,57;57.7;30,65;-0,11;;150
27/08/26;INDITEX;PUT;Jun-27;43,54;57.7;30,23;-0,12;;150
27/08/26;INDITEX;PUT;Jun-27;44,49;57.7;29,81;-0,14;;50
27/08/26;INDITEX;PUT;Jun-27;46,44;57.7;28,95;-0,17;;25
27/08/26;INDITEX;PUT;Jun-27;47,41;57.7;28,53;-0,19;;153
27/08/26;INDITEX;PUT;Jun-27;48,38;57.7;28,10;-0,21;;150
27/08/26;INDITEX;PUT;Jun-27;50,31;57.7;27,25;-0,25;;3
27/08/26;INDITEX;PUT;Jun-27;52,25;57.7;26,40;-0,30;;150
27/08/26;INDITEX;PUT;Jun-27;56,11;57.7;24,71;-0,41;;25
27/08/26;INDITEX;PUT;Jun-27;65,78;57.7;22,75;-0,71;;1
27/08/26;INDITEX;PUT;Sep-27;43,54;57.7;29,45;-0,14;;25
27/08/26;INDITEX;PUT;Sep-27;44,49;57.7;29,09;-0,15;;25
27/08/26;INDITEX;PUT;Sep-27;45,47;57.7;28,73;-0,17;;25
27/08/26;INDITEX;PUT;Sep-27;46,44;57.7;28,37;-0,18;;25
27/08/26;INDITEX;PUT;Sep-27;73,53;57.7;22,11;-0,85;;1
27/08/26;INDITEX;PUT;Dic-27;21,29;57.7;36,25;;;2
27/08/26;INDITEX;PUT;Dic-27;33,87;57.7;32,25;-0,05;;100
27/08/26;INDITEX;PUT;Dic-27;36,76;57.7;31,33;-0,07;;25
27/08/26;INDITEX;PUT;Dic-27;37,73;57.7;31,03;-0,08;;25
27/08/26;INDITEX;PUT;Dic-27;43,54;57.7;29,18;-0,15;;10
27/08/26;INDITEX;PUT;Dic-27;45,47;57.7;28,57;-0,18;;1.100
27/08/26;INDITEX;PUT;Dic-27;46,44;57.7;28,26;-0,20;;150
27/08/26;INDITEX;PUT;Dic-27;47,41;57.7;27,95;-0,21;;325
27/08/26;INDITEX;PUT;Dic-27;48,38;57.7;27,64;-0,23;;175
27/08/26;INDITEX;PUT;Dic-27;50,31;57.7;27,03;-0,27;;350
27/08/26;INDITEX;PUT;Dic-27;52,25;57.7;26,41;-0,31;;375
27/08/26;INDITEX;PUT;Dic-27;54,17;57.7;25,80;-0,36;;450
27/08/26;INDITEX;PUT;Dic-27;56,11;57.7;25,19;-0,40;;500
27/08/26;INDITEX;PUT;Dic-27;58,05;57.7;24,64;-0,45;;50
27/08/26;INDITEX;PUT;Dic-27;59,99;57.7;24,40;-0,50;;25
27/08/26;INDITEX;PUT;Jun-28;43,10;57.7;28,82;-0,17;;25
27/08/26;INDITEX;PUT;Jun-28;44,08;57.7;28,52;-0,18;;25
27/08/26;INDITEX;PUT;Jun-28;45,06;57.7;28,21;-0,20;;25
27/08/26;INDITEX;PUT;Jun-28;47,99;57.7;27,30;-0,24;;25
27/08/26;INDITEX;PUT;Dic-28;51,42;57.7;25,87;-0,30;;25
27/08/26;INDITEX;PUT;Dic-29;43,51;57.7;26,94;-0,20;;220
27/08/26;INDITEX;CALL;Sep-26;49,44;57.7;35,86;0,96;;5
27/08/26;INDITEX;CALL;Sep-26;54,17;57.7;31,49;0,81;;7
27/08/26;INDITEX;CALL;Sep-26;56,11;57.7;29,70;0,67;;6
27/08/26;INDITEX;CALL;Sep-26;57,35;57.7;28,55;0,56;;5
27/08/26;INDITEX;CALL;Sep-26;59,99;57.7;27,65;0,30;;7
27/08/26;INDITEX;CALL;Sep-26;61,30;57.7;27,31;0,20;;944
27/08/26;INDITEX;CALL;Sep-26;63,28;57.7;26,81;0,09;;1.888
27/08/26;INDITEX;CALL;Oct-26;61,30;57.7;23,48;0,27;;5.945
27/08/26;INDITEX;CALL;Oct-26;63,85;57.7;23,00;0,13;1;1
27/08/26;INDITEX;CALL;Dic-26;56,11;57.7;26,03;0,60;;26
27/08/26;INDITEX;CALL;Dic-26;58,05;57.7;24,96;0,51;;1
27/08/26;INDITEX;PUT;Sep-26;41,60;57.7;43,40;;;165
27/08/26;INDITEX;PUT;Sep-26;42,57;57.7;42,50;;;150
27/08/26;INDITEX;PUT;Sep-26;43,54;57.7;41,61;;;15
27/08/26;INDITEX;PUT;Sep-26;44,49;57.7;40,73;;;10
27/08/26;INDITEX;PUT;Sep-26;50,31;57.7;35,35;-0,05;;6
27/08/26;INDITEX;PUT;Sep-26;54,17;57.7;31,78;-0,19;;7
27/08/26;INDITEX;PUT;Sep-26;56,11;57.7;29,99;-0,33;3;3
27/08/26;INDITEX;PUT;Oct-26;56,11;57.7;25,15;-0,35;;1
27/08/26;INDITEX;PUT;Dic-26;42,57;57.7;33,34;-0,04;;120
27/08/26;INDITEX;PUT;Dic-26;46,44;57.7;30,89;-0,09;;1
27/08/26;INDITEX;PUT;Mar-27;42,57;57.7;31,75;-0,08;;1
27/08/26;INDITEX;PUT;Dic-27;59,99;57.7;24,40;-0,47;;10
27/08/26;INDITEX;PUT;Dic-27;63,85;57.7;23,93;-0,56;;1
27/08/26;INDRA;CALL;Sep-26;18,00;61.5;59,59;1,00;;1
27/08/26;INDRA;CALL;Sep-26;26,00;61.5;56,21;1,00;;1
27/08/26;INDRA;CALL;Sep-26;37,00;61.5;51,56;1,00;;28
27/08/26;INDRA;CALL;Sep-26;50,00;61.5;46,06;0,97;;84
27/08/26;INDRA;CALL;Sep-26;52,00;61.5;45,22;0,94;;11
27/08/26;INDRA;CALL;Sep-26;54,00;61.5;44,37;0,90;;11
27/08/26;INDRA;CALL;Sep-26;56,00;61.5;43,53;0,83;;1
27/08/26;INDRA;CALL;Sep-26;60,00;61.5;41,83;0,62;;131
27/08/26;INDRA;CALL;Sep-26;62,00;61.5;41,11;0,49;5;22
27/08/26;INDRA;CALL;Sep-26;64,00;61.5;40,74;0,37;;3
27/08/26;INDRA;CALL;Sep-26;66,00;61.5;40,37;0,26;;5
27/08/26;INDRA;CALL;Sep-26;68,00;61.5;40,00;0,17;;5
27/08/26;INDRA;CALL;Sep-26;70,00;61.5;39,63;0,10;6;116
27/08/26;INDRA;CALL;Oct-26;68,00;61.5;39,78;0,28;;6
27/08/26;INDRA;CALL;Oct-26;70,00;61.5;39,35;0,21;;13
27/08/26;INDRA;CALL;Oct-26;86,00;61.5;35,88;0,01;;4
27/08/26;INDRA;CALL;Dic-26;30,00;61.5;53,91;0,99;;25
27/08/26;INDRA;CALL;Dic-26;31,00;61.5;53,56;0,99;;25
27/08/26;INDRA;CALL;Dic-26;32,00;61.5;53,21;0,99;;25
27/08/26;INDRA;CALL;Dic-26;35,00;61.5;52,17;0,98;;25
27/08/26;INDRA;CALL;Dic-26;45,00;61.5;48,70;0,91;;21
27/08/26;INDRA;CALL;Dic-26;47,00;61.5;48,01;0,88;;4
27/08/26;INDRA;CALL;Dic-26;48,00;61.5;47,66;0,86;;5
27/08/26;INDRA;CALL;Dic-26;50,00;61.5;46,97;0,83;;5
27/08/26;INDRA;CALL;Dic-26;52,00;61.5;46,28;0,79;;2
27/08/26;INDRA;CALL;Dic-26;54,00;61.5;45,58;0,75;;130
27/08/26;INDRA;CALL;Dic-26;56,00;61.5;44,89;0,70;;50
27/08/26;INDRA;CALL;Dic-26;58,00;61.5;44,19;0,65;;82
27/08/26;INDRA;CALL;Dic-26;60,00;61.5;43,50;0,60;;396
27/08/26;INDRA;CALL;Dic-26;62,00;61.5;42,84;0,55;;1
27/08/26;INDRA;CALL;Dic-26;64,00;61.5;42,30;0,49;;15
27/08/26;INDRA;CALL;Dic-26;66,00;61.5;41,76;0,44;;89
27/08/26;INDRA;CALL;Dic-26;68,00;61.5;41,22;0,39;;12
27/08/26;INDRA;CALL;Dic-26;70,00;61.5;40,68;0,33;;20
27/08/26;INDRA;CALL;Dic-26;74,00;61.5;39,59;0,24;;15
27/08/26;INDRA;CALL;Mar-27;49,00;61.5;46,97;0,81;;1
27/08/26;INDRA;CALL;Mar-27;60,00;61.5;43,10;0,61;;1
27/08/26;INDRA;CALL;Mar-27;62,00;61.5;42,55;0,57;10;26
27/08/26;INDRA;CALL;Mar-27;70,00;61.5;42,20;0,42;;11
27/08/26;INDRA;CALL;Jun-27;41,00;61.5;48,14;0,88;;6
27/08/26;INDRA;CALL;Jun-27;50,00;61.5;45,80;0,78;;1
27/08/26;INDRA;CALL;Jun-27;60,00;61.5;43,20;0,62;;3
27/08/26;INDRA;CALL;Jun-27;66,00;61.5;42,79;0,53;;1
27/08/26;INDRA;CALL;Jun-27;70,00;61.5;42,76;0,47;;1
27/08/26;INDRA;CALL;Jun-27;78,00;61.5;42,72;0,36;;2
27/08/26;INDRA;CALL;Sep-27;20,00;61.5;52,95;0,99;;1
27/08/26;INDRA;CALL;Sep-27;33,00;61.5;49,71;0,94;;2
27/08/26;INDRA;CALL;Sep-27;36,00;61.5;48,96;0,92;;1
27/08/26;INDRA;CALL;Sep-27;58,00;61.5;43,47;0,66;;1
27/08/26;INDRA;CALL;Sep-28;52,00;61.5;39,66;0,75;;25
27/08/26;INDRA;CALL;Dic-28;62,00;61.5;37,44;0,64;;25
27/08/26;INDRA;PUT;Sep-26;24,00;61.5;56,06;;;4
27/08/26;INDRA;PUT;Sep-26;26,00;61.5;55,22;;;4
27/08/26;INDRA;PUT;Sep-26;30,00;61.5;53,53;;;45
27/08/26;INDRA;PUT;Sep-26;31,00;61.5;53,10;;;50
27/08/26;INDRA;PUT;Sep-26;35,00;61.5;51,41;;;1
27/08/26;INDRA;PUT;Sep-26;36,00;61.5;50,99;;;2
27/08/26;INDRA;PUT;Sep-26;37,00;61.5;50,57;;;13
27/08/26;INDRA;PUT;Sep-26;39,00;61.5;49,72;;;4
27/08/26;INDRA;PUT;Sep-26;40,00;61.5;49,30;;;2
27/08/26;INDRA;PUT;Sep-26;41,00;61.5;48,88;;;20
27/08/26;INDRA;PUT;Sep-26;42,00;61.5;48,45;;;6
27/08/26;INDRA;PUT;Sep-26;43,00;61.5;48,03;;;95
27/08/26;INDRA;PUT;Sep-26;44,00;61.5;47,61;;;21
27/08/26;INDRA;PUT;Sep-26;45,00;61.5;47,19;;;2
27/08/26;INDRA;PUT;Sep-26;46,00;61.5;46,76;;;760
27/08/26;INDRA;PUT;Sep-26;47,00;61.5;46,34;-0,01;;1
27/08/26;INDRA;PUT;Sep-26;48,00;61.5;45,92;-0,01;;17
27/08/26;INDRA;PUT;Sep-26;49,00;61.5;45,49;-0,02;;2
27/08/26;INDRA;PUT;Sep-26;50,00;61.5;45,07;-0,03;;500
27/08/26;INDRA;PUT;Sep-26;52,00;61.5;44,23;-0,05;;72
27/08/26;INDRA;PUT;Sep-26;54,00;61.5;43,38;-0,10;;11
27/08/26;INDRA;PUT;Sep-26;56,00;61.5;42,54;-0,17;;21
27/08/26;INDRA;PUT;Sep-26;58,00;61.5;41,69;-0,26;;3
27/08/26;INDRA;PUT;Sep-26;60,00;61.5;40,84;-0,38;;63
27/08/26;INDRA;PUT;Sep-26;62,00;61.5;40,12;-0,51;;3
27/08/26;INDRA;PUT;Sep-26;64,00;61.5;39,75;-0,64;;9
27/08/26;INDRA;PUT;Sep-26;66,00;61.5;39,38;-0,75;;3
27/08/26;INDRA;PUT;Oct-26;38,00;61.5;49,58;;;5
27/08/26;INDRA;PUT;Oct-26;44,00;61.5;47,24;-0,02;;1
27/08/26;INDRA;PUT;Oct-26;46,00;61.5;46,46;-0,04;;2
27/08/26;INDRA;PUT;Oct-26;47,00;61.5;46,07;-0,05;;1
27/08/26;INDRA;PUT;Oct-26;48,00;61.5;45,68;-0,06;;2
27/08/26;INDRA;PUT;Oct-26;50,00;61.5;44,90;-0,09;;3
27/08/26;INDRA;PUT;Oct-26;52,00;61.5;44,12;-0,13;;1
27/08/26;INDRA;PUT;Oct-26;54,00;61.5;43,34;-0,18;;5
27/08/26;INDRA;PUT;Oct-26;56,00;61.5;42,56;-0,24;;10
27/08/26;INDRA;PUT;Oct-26;58,00;61.5;41,78;-0,32;;2
27/08/26;INDRA;PUT;Oct-26;60,00;61.5;41,00;-0,40;;25
27/08/26;INDRA;PUT;Oct-26;72,00;61.5;38,13;-0,86;;3
27/08/26;INDRA;PUT;Dic-26;28,00;61.5;54,13;;;1
27/08/26;INDRA;PUT;Dic-26;30,00;61.5;53,44;;;5
27/08/26;INDRA;PUT;Dic-26;31,00;61.5;53,09;-0,01;;1
27/08/26;INDRA;PUT;Dic-26;32,00;61.5;52,74;-0,01;;10
27/08/26;INDRA;PUT;Dic-26;35,00;61.5;51,70;-0,02;;11
27/08/26;INDRA;PUT;Dic-26;37,00;61.5;51,01;-0,03;;6
27/08/26;INDRA;PUT;Dic-26;38,00;61.5;50,66;-0,03;;1
27/08/26;INDRA;PUT;Dic-26;40,00;61.5;49,97;-0,04;;11
27/08/26;INDRA;PUT;Dic-26;42,00;61.5;49,27;-0,06;;10
27/08/26;INDRA;PUT;Dic-26;44,00;61.5;48,58;-0,08;;2
27/08/26;INDRA;PUT;Dic-26;45,00;61.5;48,23;-0,09;;2
27/08/26;INDRA;PUT;Dic-26;46,00;61.5;47,89;-0,11;;8
27/08/26;INDRA;PUT;Dic-26;47,00;61.5;47,54;-0,12;;9
27/08/26;INDRA;PUT;Dic-26;48,00;61.5;47,19;-0,14;;20
27/08/26;INDRA;PUT;Dic-26;50,00;61.5;46,50;-0,17;;2
27/08/26;INDRA;PUT;Dic-26;52,00;61.5;45,81;-0,21;;78
27/08/26;INDRA;PUT;Dic-26;54,00;61.5;45,11;-0,25;;101
27/08/26;INDRA;PUT;Dic-26;58,00;61.5;43,72;-0,35;;25
27/08/26;INDRA;PUT;Dic-26;60,00;61.5;43,03;-0,40;1;50
27/08/26;INDRA;PUT;Dic-26;62,00;61.5;42,37;-0,46;;35
27/08/26;INDRA;PUT;Dic-26;70,00;61.5;40,21;-0,68;;1
27/08/26;INDRA;PUT;Mar-27;37,00;61.5;50,92;-0,06;;2
27/08/26;INDRA;PUT;Mar-27;39,00;61.5;50,22;-0,08;;1
27/08/26;INDRA;PUT;Mar-27;42,00;61.5;49,16;-0,11;;2
27/08/26;INDRA;PUT;Mar-27;43,00;61.5;48,81;-0,12;;1
27/08/26;INDRA;PUT;Mar-27;45,00;61.5;48,10;-0,14;;1
27/08/26;INDRA;PUT;Mar-27;49,00;61.5;46,69;-0,20;;20
27/08/26;INDRA;PUT;Mar-27;50,00;61.5;46,34;-0,21;;10
27/08/26;INDRA;PUT;Mar-27;52,00;61.5;45,64;-0,24;;1
27/08/26;INDRA;PUT;Mar-27;60,00;61.5;42,82;-0,39;;3
27/08/26;INDRA;PUT;Jun-27;32,00;61.5;50,48;-0,04;;1
27/08/26;INDRA;PUT;Jun-27;50,00;61.5;45,80;-0,23;;1
27/08/26;INDRA;PUT;Jun-27;60,00;61.5;43,20;-0,38;;2
27/08/26;INDRA;PUT;Jun-27;62,00;61.5;42,81;-0,42;2;3
27/08/26;INDRA;PUT;Sep-27;31,00;61.5;50,03;-0,05;;1
27/08/26;INDRA;PUT;Sep-27;33,00;61.5;49,54;-0,06;;1
27/08/26;INDRA;PUT;Sep-27;34,00;61.5;49,29;-0,07;;1
27/08/26;INDRA;PUT;Sep-27;36,00;61.5;48,79;-0,09;;1
27/08/26;INDRA;PUT;Sep-27;40,00;61.5;47,79;-0,12;;1
27/08/26;INDRA;PUT;Sep-27;45,00;61.5;46,54;-0,18;;15
27/08/26;INDRA;PUT;Dic-27;11,00;61.5;53,20;;;25
27/08/26;INDRA;PUT;Dic-27;44,00;61.5;45,51;-0,17;;500
27/08/26;INDRA;PUT;Sep-28;47,00;61.5;40,03;-0,21;;25
27/08/26;INDRA;CALL;Dic-26;41,00;61.5;50,09;0,94;;5
27/08/26;INDRA;CALL;Dic-26;48,00;61.5;47,66;0,86;;5
27/08/26;INDRA;CALL;Dic-26;60,00;61.5;43,50;0,60;;100
27/08/26;INDRA;CALL;Dic-26;64,00;61.5;42,30;0,49;;5
27/08/26;INDRA;CALL;Dic-26;70,00;61.5;40,68;0,33;;5
27/08/26;INDRA;PUT;Sep-26;43,00;61.5;48,03;;;5
27/08/26;LABORAT. ROVI;CALL;Sep-26;60,00;61.5;22,17;0,69;;2
27/08/26;LABORAT. ROVI;CALL;Sep-26;62,00;61.5;21,53;0,46;;4
27/08/26;LABORAT. ROVI;CALL;Sep-26;64,00;61.5;21,49;0,24;;5
27/08/26;LABORAT. ROVI;CALL;Sep-26;66,00;61.5;21,44;0,10;;2
27/08/26;LABORAT. ROVI;CALL;Sep-26;78,00;61.5;21,18;;;750
27/08/26;LABORAT. ROVI;CALL;Sep-26;88,00;61.5;20,97;;;1
27/08/26;LABORAT. ROVI;CALL;Sep-26;96,00;61.5;20,79;;;15
27/08/26;LABORAT. ROVI;CALL;Oct-26;62,00;61.5;22,38;0,49;;1
27/08/26;LABORAT. ROVI;CALL;Dic-26;60,00;61.5;26,35;0,61;;4
27/08/26;LABORAT. ROVI;CALL;Dic-26;62,00;61.5;25,72;0,53;;11
27/08/26;LABORAT. ROVI;CALL;Dic-26;66,00;61.5;25,48;0,36;;750
27/08/26;LABORAT. ROVI;CALL;Dic-26;70,00;61.5;25,24;0,21;;8
27/08/26;LABORAT. ROVI;CALL;Dic-26;80,00;61.5;24,65;0,04;;15
27/08/26;LABORAT. ROVI;CALL;Dic-26;82,00;61.5;24,53;0,02;;15
27/08/26;LABORAT. ROVI;CALL;Dic-26;84,00;61.5;24,41;0,01;;15
27/08/26;LABORAT. ROVI;CALL;Dic-26;86,00;61.5;24,29;0,01;;15
27/08/26;LABORAT. ROVI;CALL;Dic-26;88,00;61.5;24,17;0,01;;14
27/08/26;LABORAT. ROVI;CALL;Dic-26;90,00;61.5;24,05;;;14
27/08/26;LABORAT. ROVI;CALL;Dic-26;92,00;61.5;23,93;;;5
27/08/26;LABORAT. ROVI;CALL;Dic-26;96,00;61.5;23,69;;;5
27/08/26;LABORAT. ROVI;CALL;Dic-26;100,00;61.5;23,45;;;5
27/08/26;LABORAT. ROVI;CALL;Mar-27;70,00;61.5;26,31;0,31;;2
27/08/26;LABORAT. ROVI;CALL;Mar-27;88,00;61.5;24,75;0,04;;10
27/08/26;LABORAT. ROVI;CALL;Jun-27;56,00;61.5;29,06;0,71;;18
27/08/26;LABORAT. ROVI;CALL;Jun-27;60,00;61.5;27,98;0,62;;1
27/08/26;LABORAT. ROVI;CALL;Jun-27;80,00;61.5;25,87;0,18;;16
27/08/26;LABORAT. ROVI;PUT;Sep-26;48,00;61.5;27,31;;;1
27/08/26;LABORAT. ROVI;PUT;Sep-26;50,00;61.5;26,46;;;1
27/08/26;LABORAT. ROVI;PUT;Sep-26;54,00;61.5;24,77;-0,01;;7
27/08/26;LABORAT. ROVI;PUT;Sep-26;56,00;61.5;23,93;-0,05;;11
27/08/26;LABORAT. ROVI;PUT;Sep-26;58,00;61.5;23,08;-0,14;;5
27/08/26;LABORAT. ROVI;PUT;Sep-26;60,00;61.5;22,23;-0,31;;8
27/08/26;LABORAT. ROVI;PUT;Sep-26;64,00;61.5;21,55;-0,76;;2
27/08/26;LABORAT. ROVI;PUT;Sep-26;70,00;61.5;21,42;-1,00;;1.500
27/08/26;LABORAT. ROVI;PUT;Oct-26;54,00;61.5;25,87;-0,08;;5
27/08/26;LABORAT. ROVI;PUT;Oct-26;58,00;61.5;24,16;-0,23;;5
27/08/26;LABORAT. ROVI;PUT;Oct-26;60,00;61.5;23,30;-0,36;;10
27/08/26;LABORAT. ROVI;PUT;Nov-26;52,00;61.5;28,58;-0,09;;1
27/08/26;LABORAT. ROVI;PUT;Nov-26;60,00;61.5;25,11;-0,38;1;
27/08/26;LABORAT. ROVI;PUT;Dic-26;40,00;61.5;34,17;-0,01;;1
27/08/26;LABORAT. ROVI;PUT;Dic-26;50,00;61.5;30,16;-0,09;;2
27/08/26;LABORAT. ROVI;PUT;Dic-26;52,00;61.5;29,36;-0,13;;1
27/08/26;LABORAT. ROVI;PUT;Dic-26;54,00;61.5;28,56;-0,17;;6
27/08/26;LABORAT. ROVI;PUT;Dic-26;56,00;61.5;27,76;-0,23;;5
27/08/26;LABORAT. ROVI;PUT;Dic-26;58,00;61.5;26,95;-0,31;;5
27/08/26;LABORAT. ROVI;PUT;Dic-26;60,00;61.5;26,15;-0,39;;49
27/08/26;LABORAT. ROVI;PUT;Dic-26;62,00;61.5;25,52;-0,48;;1.500
27/08/26;LABORAT. ROVI;PUT;Dic-26;66,00;61.5;25,28;-0,66;;10
27/08/26;LABORAT. ROVI;PUT;Dic-26;68,00;61.5;25,16;-0,74;;65
27/08/26;LABORAT. ROVI;PUT;Dic-26;76,00;61.5;24,69;-0,96;;6
27/08/26;LABORAT. ROVI;PUT;Mar-27;50,00;61.5;30,33;-0,14;;2
27/08/26;LABORAT. ROVI;PUT;Mar-27;54,00;61.5;29,05;-0,22;;5
27/08/26;LABORAT. ROVI;PUT;Mar-27;56,00;61.5;28,41;-0,28;;6
27/08/26;LABORAT. ROVI;PUT;Mar-27;58,00;61.5;27,77;-0,33;;7
27/08/26;LABORAT. ROVI;PUT;Mar-27;60,00;61.5;27,13;-0,39;;8
27/08/26;LABORAT. ROVI;PUT;Mar-27;62,00;61.5;26,61;-0,46;;2
27/08/26;LABORAT. ROVI;PUT;Jun-27;43,00;61.5;32,41;-0,08;;10
27/08/26;LABORAT. ROVI;PUT;Jun-27;44,00;61.5;32,14;-0,09;;20
27/08/26;LABORAT. ROVI;PUT;Jun-27;45,00;61.5;31,87;-0,10;;5
27/08/26;LABORAT. ROVI;PUT;Jun-27;54,00;61.5;29,43;-0,25;;1
27/08/26;LABORAT. ROVI;PUT;Jun-27;58,00;61.5;28,35;-0,34;;1
27/08/26;LABORAT. ROVI;PUT;Jun-27;60,00;61.5;27,81;-0,39;;4
27/08/26;LABORAT. ROVI;PUT;Jun-27;70,00;61.5;26,62;-0,66;;1
27/08/26;LABORAT. ROVI;PUT;Mar-27;50,00;61.5;30,33;-0,14;;3
27/08/26;MAPFRE;CALL;Sep-26;3,80;4.45;20,04;1,00;;1
27/08/26;MAPFRE;CALL;Sep-26;3,90;4.45;20,01;1,00;;10
27/08/26;MAPFRE;CALL;Sep-26;4,00;4.45;19,97;0,99;;16
27/08/26;MAPFRE;CALL;Sep-26;4,10;4.45;19,93;0,96;;20
27/08/26;MAPFRE;CALL;Sep-26;4,20;4.45;19,90;0,89;;783
27/08/26;MAPFRE;CALL;Sep-26;4,30;4.45;19,86;0,78;;5
27/08/26;MAPFRE;CALL;Sep-26;4,40;4.45;19,82;0,62;;3
27/08/26;MAPFRE;CALL;Sep-26;4,50;4.45;19,76;0,44;;13
27/08/26;MAPFRE;CALL;Sep-26;4,70;4.45;19,60;0,14;;15
27/08/26;MAPFRE;CALL;Oct-26;4,60;4.45;19,77;0,36;10;10
27/08/26;MAPFRE;CALL;Dic-26;3,90;4.45;21,04;0,91;;5
27/08/26;MAPFRE;CALL;Dic-26;4,10;4.45;20,96;0,81;;35
27/08/26;MAPFRE;CALL;Dic-26;4,40;4.45;20,85;0,59;;10
27/08/26;MAPFRE;CALL;Dic-26;4,50;4.45;20,79;0,50;;14
27/08/26;MAPFRE;CALL;Mar-27;4,00;4.45;22,37;0,79;;1
27/08/26;MAPFRE;CALL;Mar-27;4,90;4.45;21,90;0,30;;15
27/08/26;MAPFRE;CALL;Jun-27;4,20;4.45;23,56;0,66;;7
27/08/26;MAPFRE;CALL;Jun-27;4,30;4.45;23,52;0,61;;8
27/08/26;MAPFRE;CALL;Jun-27;5,00;4.45;23,09;0,32;;1
27/08/26;MAPFRE;CALL;Dic-27;5,00;4.45;24,77;0,37;;5
27/08/26;MAPFRE;PUT;Sep-26;1,70;4.45;22,93;;;20
27/08/26;MAPFRE;PUT;Sep-26;3,20;4.45;22,37;;;2
27/08/26;MAPFRE;PUT;Sep-26;3,30;4.45;22,33;;;2
27/08/26;MAPFRE;PUT;Sep-26;3,60;4.45;22,22;;;5
27/08/26;MAPFRE;PUT;Sep-26;3,70;4.45;22,18;;;50
27/08/26;MAPFRE;PUT;Sep-26;4,30;4.45;21,96;-0,24;1;
27/08/26;MAPFRE;PUT;Sep-26;5,00;4.45;21,45;-1,00;;9
27/08/26;MAPFRE;PUT;Dic-26;3,20;4.45;22,09;;;2
27/08/26;MAPFRE;PUT;Dic-26;3,60;4.45;21,94;-0,04;;3
27/08/26;MAPFRE;PUT;Dic-26;3,70;4.45;21,90;-0,07;;116
27/08/26;MAPFRE;PUT;Dic-26;3,80;4.45;21,86;-0,10;;20
27/08/26;MAPFRE;PUT;Dic-26;4,00;4.45;21,79;-0,20;;5
27/08/26;MAPFRE;PUT;Dic-26;4,10;4.45;21,75;-0,26;;2
27/08/26;MAPFRE;PUT;Dic-26;4,20;4.45;21,72;-0,33;;50
27/08/26;MAPFRE;PUT;Dic-26;4,30;4.45;21,68;-0,40;2;1
27/08/26;MAPFRE;PUT;Dic-26;4,50;4.45;21,58;-0,55;;20
27/08/26;MAPFRE;PUT;Mar-27;3,50;4.45;21,46;-0,06;;4
27/08/26;MAPFRE;PUT;Mar-27;3,60;4.45;21,42;-0,08;;1
27/08/26;MAPFRE;PUT;Mar-27;3,70;4.45;21,38;-0,12;;5
27/08/26;MAPFRE;PUT;Mar-27;4,00;4.45;21,27;-0,24;;3.000
27/08/26;MAPFRE;PUT;Dic-27;3,60;4.45;22,73;-0,20;;10
27/08/26;MELIA HOTELS;CALL;Sep-26;7,75;10.25;34,82;1,00;;5
27/08/26;MELIA HOTELS;CALL;Sep-26;8,00;10.25;34,33;1,00;;1.900
27/08/26;MELIA HOTELS;CALL;Sep-26;8,50;10.25;33,35;0,99;;6
27/08/26;MELIA HOTELS;CALL;Sep-26;12,50;10.25;27,60;;;25
27/08/26;MELIA HOTELS;CALL;Dic-26;10,00;10.25;30,22;0,61;;20
27/08/26;MELIA HOTELS;CALL;Dic-26;11,00;10.25;29,11;0,38;;15
27/08/26;MELIA HOTELS;CALL;Dic-26;11,50;10.25;28,65;0,28;;3
27/08/26;MELIA HOTELS;CALL;Dic-26;13,00;10.25;27,29;0,08;;35
27/08/26;MELIA HOTELS;CALL;Mar-27;7,75;10.25;33,08;0,91;;8
27/08/26;MELIA HOTELS;CALL;Mar-27;8,75;10.25;31,68;0,80;;5
27/08/26;MELIA HOTELS;CALL;Mar-27;12,00;10.25;28,27;0,29;;400
27/08/26;MELIA HOTELS;CALL;Mar-27;12,50;10.25;27,90;0,22;;50
27/08/26;MELIA HOTELS;CALL;Jun-27;7,50;10.25;32,02;0,90;;5
27/08/26;MELIA HOTELS;CALL;Jun-27;7,75;10.25;31,75;0,88;;5
27/08/26;MELIA HOTELS;CALL;Sep-27;7,25;10.25;31,61;0,91;;5
27/08/26;MELIA HOTELS;CALL;Dic-27;7,00;10.25;31,31;0,91;;2
27/08/26;MELIA HOTELS;PUT;Sep-26;10,00;10.25;30,51;-0,35;;25
27/08/26;MELIA HOTELS;PUT;Sep-26;10,50;10.25;29,76;-0,61;;400
27/08/26;MELIA HOTELS;PUT;Sep-26;11,00;10.25;29,24;-0,83;;30
27/08/26;MELIA HOTELS;PUT;Nov-26;10,00;10.25;29,70;-0,39;2;4
27/08/26;MELIA HOTELS;PUT;Dic-26;8,25;10.25;32,77;-0,09;;30
27/08/26;MELIA HOTELS;PUT;Dic-26;11,00;10.25;28,64;-0,63;;20
27/08/26;MELIA HOTELS;PUT;Mar-27;9,25;10.25;30,41;-0,27;;50
27/08/26;MELIA HOTELS;PUT;Mar-27;9,50;10.25;30,06;-0,31;;100
27/08/26;MELIA HOTELS;PUT;Mar-27;9,75;10.25;29,71;-0,35;;25
27/08/26;MELIA HOTELS;PUT;Mar-27;10,00;10.25;29,36;-0,39;;100
27/08/26;MELIA HOTELS;PUT;Mar-27;11,00;10.25;28,45;-0,58;;3
27/08/26;MELIA HOTELS;PUT;Jun-27;8,75;10.25;29,61;-0,21;;2
27/08/26;MERLIN;CALL;Sep-26;16,00;13.54;19,31;;;14.696
27/08/26;MERLIN;CALL;Sep-26;16,50;13.54;19,06;;;4.700
27/08/26;MERLIN;CALL;Oct-26;13,00;13.54;21,77;0,72;;10
27/08/26;MERLIN;CALL;Nov-26;14,50;13.54;20,72;0,28;;5
27/08/26;MERLIN;CALL;Dic-26;16,50;13.54;20,49;0,04;;14.693
27/08/26;MERLIN;CALL;Mar-27;14,50;13.54;22,55;0,37;;5
27/08/26;MERLIN;CALL;Mar-27;16,00;13.54;21,96;0,17;;3
27/08/26;MERLIN;PUT;Sep-26;10,00;13.54;27,94;;;1
27/08/26;MERLIN;PUT;Sep-26;12,00;13.54;24,40;-0,02;;2
27/08/26;MERLIN;PUT;Sep-26;12,50;13.54;23,51;-0,08;;1
27/08/26;MERLIN;PUT;Sep-26;14,00;13.54;21,44;-0,72;;11
27/08/26;MERLIN;PUT;Sep-26;14,50;13.54;21,20;-0,91;;84
27/08/26;MERLIN;PUT;Sep-26;15,00;13.54;20,95;-0,99;;100
27/08/26;MERLIN;PUT;Oct-26;13,50;13.54;22,21;-0,46;1;23
27/08/26;MERLIN;PUT;Oct-26;14,00;13.54;21,91;-0,64;5;31
27/08/26;MERLIN;PUT;Oct-26;14,50;13.54;21,67;-0,79;;200
27/08/26;MERLIN;PUT;Dic-26;11,00;13.54;26,83;-0,08;;300
27/08/26;MERLIN;PUT;Dic-26;13,50;13.54;22,59;-0,49;;4
27/08/26;MERLIN;PUT;Dic-26;14,00;13.54;22,30;-0,61;1;35
27/08/26;MERLIN;PUT;Mar-27;12,00;13.54;24,08;-0,23;;3
27/08/26;MERLIN;PUT;Mar-27;13,50;13.54;21,90;-0,47;;16
27/08/26;MERLIN;PUT;Jun-27;14,50;13.54;20,57;-0,64;;3
27/08/26;MERLIN;PUT;Jun-27;15,00;13.54;20,40;-0,70;;10
27/08/26;MERLIN;PUT;Dic-27;12,50;13.54;21,98;-0,35;;5.000
27/08/26;NATURGY;CALL;Sep-26;28,00;29.62;17,78;0,91;;1
27/08/26;NATURGY;CALL;Sep-26;29,00;29.62;16,75;0,71;;78
27/08/26;NATURGY;CALL;Sep-26;30,00;29.62;15,91;0,39;;155
27/08/26;NATURGY;CALL;Sep-26;31,00;29.62;15,37;0,13;;145
27/08/26;NATURGY;CALL;Dic-26;27,00;29.62;20,37;0,85;;11
27/08/26;NATURGY;CALL;Dic-26;28,00;29.62;19,44;0,75;;24
27/08/26;NATURGY;CALL;Dic-26;29,00;29.62;18,52;0,62;;495
27/08/26;NATURGY;CALL;Dic-26;30,00;29.62;17,76;0,47;;298
27/08/26;NATURGY;CALL;Dic-26;31,00;29.62;17,25;0,32;;113
27/08/26;NATURGY;CALL;Dic-26;32,00;29.62;16,74;0,20;;7
27/08/26;NATURGY;CALL;Dic-26;35,00;29.62;15,23;0,02;;1
27/08/26;NATURGY;CALL;Mar-27;25,00;29.62;22,69;0,90;;2
27/08/26;NATURGY;CALL;Mar-27;26,00;29.62;21,96;0,83;;90
27/08/26;NATURGY;CALL;Mar-27;27,00;29.62;21,23;0,76;;2
27/08/26;NATURGY;CALL;Mar-27;28,00;29.62;20,50;0,67;;11
27/08/26;NATURGY;CALL;Mar-27;29,00;29.62;19,76;0,58;;200
27/08/26;NATURGY;CALL;Mar-27;30,00;29.62;19,15;0,48;;300
27/08/26;NATURGY;CALL;Mar-27;32,00;29.62;18,32;0,30;;1
27/08/26;NATURGY;CALL;Mar-27;33,00;29.62;17,90;0,22;;2
27/08/26;NATURGY;CALL;Jun-27;25,00;29.62;23,23;0,86;;385
27/08/26;NATURGY;CALL;Jun-27;26,00;29.62;22,59;0,80;;2
27/08/26;NATURGY;CALL;Jun-27;27,00;29.62;21,95;0,73;;2
27/08/26;NATURGY;CALL;Jun-27;32,00;29.62;19,41;0,33;;401
27/08/26;NATURGY;CALL;Jun-27;33,00;29.62;19,05;0,26;;2
27/08/26;NATURGY;CALL;Jun-27;35,00;29.62;18,33;0,15;;1
27/08/26;NATURGY;CALL;Dic-27;30,00;29.62;21,24;0,49;;1
27/08/26;NATURGY;PUT;Sep-26;18,00;29.62;27,63;;;10
27/08/26;NATURGY;PUT;Sep-26;19,00;29.62;26,61;;;25
27/08/26;NATURGY;PUT;Sep-26;19,50;29.62;26,09;;;25
27/08/26;NATURGY;PUT;Sep-26;20,00;29.62;25,58;;;26
27/08/26;NATURGY;PUT;Sep-26;21,00;29.62;24,56;;;28
27/08/26;NATURGY;PUT;Sep-26;22,00;29.62;23,53;;;27
27/08/26;NATURGY;PUT;Sep-26;23,00;29.62;22,51;;;30
27/08/26;NATURGY;PUT;Sep-26;24,00;29.62;21,49;;;210
27/08/26;NATURGY;PUT;Sep-26;25,00;29.62;20,46;;;23
27/08/26;NATURGY;PUT;Sep-26;26,00;29.62;19,44;;;3
27/08/26;NATURGY;PUT;Sep-26;27,00;29.62;18,41;-0,02;;62
27/08/26;NATURGY;PUT;Sep-26;28,00;29.62;17,39;-0,09;;33
27/08/26;NATURGY;PUT;Sep-26;29,00;29.62;16,36;-0,28;;150
27/08/26;NATURGY;PUT;Sep-26;30,00;29.62;15,52;-0,62;;13
27/08/26;NATURGY;PUT;Sep-26;31,00;29.62;14,98;-0,90;;3
27/08/26;NATURGY;PUT;Oct-26;24,00;29.62;21,64;;;2
27/08/26;NATURGY;PUT;Oct-26;28,00;29.62;17,59;-0,17;;13
27/08/26;NATURGY;PUT;Dic-26;18,00;29.62;27,03;;;2
27/08/26;NATURGY;PUT;Dic-26;19,50;29.62;25,65;;;5
27/08/26;NATURGY;PUT;Dic-26;20,00;29.62;25,19;;;13
27/08/26;NATURGY;PUT;Dic-26;22,00;29.62;23,34;-0,01;;2
27/08/26;NATURGY;PUT;Dic-26;23,00;29.62;22,42;-0,02;;11
27/08/26;NATURGY;PUT;Dic-26;24,00;29.62;21,50;-0,04;;2.142
27/08/26;NATURGY;PUT;Dic-26;25,00;29.62;20,57;-0,08;;124
27/08/26;NATURGY;PUT;Dic-26;26,00;29.62;19,65;-0,13;;109
27/08/26;NATURGY;PUT;Dic-26;27,00;29.62;18,73;-0,21;;20
27/08/26;NATURGY;PUT;Dic-26;28,00;29.62;17,80;-0,32;;6
27/08/26;NATURGY;PUT;Dic-26;29,00;29.62;16,88;-0,45;;27
27/08/26;NATURGY;PUT;Dic-26;31,00;29.62;15,61;-0,75;;1
27/08/26;NATURGY;PUT;Mar-27;18,00;29.62;26,22;;;1
27/08/26;NATURGY;PUT;Mar-27;24,00;29.62;21,83;-0,09;;501
27/08/26;NATURGY;PUT;Mar-27;26,00;29.62;20,37;-0,19;;193
27/08/26;NATURGY;PUT;Mar-27;28,00;29.62;18,91;-0,35;;1
27/08/26;NATURGY;PUT;Jun-27;24,00;29.62;21,47;-0,14;;1
27/08/26;NATURGY;PUT;Jun-27;25,00;29.62;20,83;-0,19;;5
27/08/26;NATURGY;PUT;Jun-27;26,00;29.62;20,19;-0,25;;1
27/08/26;NATURGY;PUT;Jun-27;27,00;29.62;19,55;-0,32;;2
27/08/26;NATURGY;PUT;Jun-27;28,00;29.62;18,91;-0,39;;12
27/08/26;NATURGY;PUT;Jun-27;32,00;29.62;17,01;-0,73;;1
27/08/26;NATURGY;PUT;Sep-27;26,00;29.62;20,18;-0,29;;95
27/08/26;NATURGY;PUT;Dic-27;26,00;29.62;20,12;-0,32;;97
27/08/26;NATURGY;PUT;Jun-28;26,00;29.62;19,76;-0,35;;95
27/08/26;NATURGY;PUT;Dic-26;28,00;29.62;17,80;-0,31;;2
27/08/26;OBRASCON HUARTE;CALL;Sep-26;0,40;0.41;43,32;0,58;;120
27/08/26;OBRASCON HUARTE;CALL;Sep-26;0,50;0.41;43,30;0,03;;200
27/08/26;OBRASCON HUARTE;CALL;Dic-26;0,50;0.41;42,79;0,23;;1
27/08/26;OBRASCON HUARTE;CALL;Mar-27;0,40;0.41;44,41;0,60;;300
27/08/26;OBRASCON HUARTE;CALL;Jun-27;0,35;0.41;45,21;0,73;;1.000
27/08/26;OBRASCON HUARTE;CALL;Mar-28;0,50;0.41;43,77;0,49;;10
27/08/26;OBRASCON HUARTE;CALL;Mar-28;0,60;0.41;43,77;0,36;;50
27/08/26;OBRASCON HUARTE;CALL;Jun-28;0,35;0.41;43,82;0,73;;900
27/08/26;PHARMA MAR;CALL;Sep-26;78,00;83.6;39,38;0,78;;1
27/08/26;PHARMA MAR;CALL;Sep-26;84,00;83.6;35,67;0,50;;5
27/08/26;PHARMA MAR;CALL;Sep-26;86,00;83.6;35,40;0,40;;1
27/08/26;PHARMA MAR;CALL;Sep-26;92,00;83.6;34,61;0,14;;4
27/08/26;PHARMA MAR;CALL;Sep-26;130,00;83.6;29,61;;;2
27/08/26;PHARMA MAR;CALL;Sep-26;135,00;83.6;28,96;;;4
27/08/26;PHARMA MAR;CALL;Sep-26;140,00;83.6;28,30;;;2
27/08/26;PHARMA MAR;CALL;Sep-26;150,00;83.6;26,98;;;4
27/08/26;PHARMA MAR;CALL;Dic-26;76,00;83.6;44,02;0,71;;1
27/08/26;PHARMA MAR;CALL;Dic-26;110,00;83.6;37,26;0,12;;1
27/08/26;PHARMA MAR;CALL;Mar-27;88,00;83.6;38,69;0,51;;1
27/08/26;PHARMA MAR;CALL;Mar-27;105,00;83.6;37,60;0,27;;5
27/08/26;PHARMA MAR;CALL;Jun-27;120,00;83.6;37,70;0,20;;6
27/08/26;PHARMA MAR;PUT;Sep-26;33,00;83.6;70,33;;;10
27/08/26;PHARMA MAR;PUT;Sep-26;36,00;83.6;68,37;;;5
27/08/26;PHARMA MAR;PUT;Sep-26;45,00;83.6;62,48;;;20
27/08/26;PHARMA MAR;PUT;Sep-26;46,00;83.6;61,83;;;9
27/08/26;PHARMA MAR;PUT;Sep-26;47,00;83.6;61,17;;;12
27/08/26;PHARMA MAR;PUT;Sep-26;60,00;83.6;52,67;;;6
27/08/26;PHARMA MAR;PUT;Sep-26;62,00;83.6;51,36;-0,01;;5
27/08/26;PHARMA MAR;PUT;Sep-26;66,00;83.6;48,75;-0,02;;3
27/08/26;PHARMA MAR;PUT;Sep-26;70,00;83.6;46,13;-0,05;;1
27/08/26;PHARMA MAR;PUT;Sep-26;82,00;83.6;38,29;-0,40;;6
27/08/26;PHARMA MAR;PUT;Sep-26;92,00;83.6;36,13;-0,85;;1
27/08/26;PHARMA MAR;PUT;Dic-26;29,00;83.6;73,43;;;5
27/08/26;PHARMA MAR;PUT;Dic-26;46,00;83.6;62,79;-0,03;;2
27/08/26;PHARMA MAR;PUT;Dic-26;48,00;83.6;61,54;-0,04;;1
27/08/26;PHARMA MAR;PUT;Dic-26;50,00;83.6;60,28;-0,04;;1
27/08/26;PHARMA MAR;PUT;Dic-26;60,00;83.6;54,02;-0,10;;2
27/08/26;PHARMA MAR;PUT;Dic-26;62,00;83.6;52,77;-0,12;;1
27/08/26;PHARMA MAR;PUT;Dic-26;70,00;83.6;47,76;-0,21;;1
27/08/26;PHARMA MAR;PUT;Dic-26;76,00;83.6;44,01;-0,30;;15
27/08/26;PHARMA MAR;PUT;Dic-26;78,00;83.6;42,76;-0,33;;10
27/08/26;PHARMA MAR;PUT;Mar-27;41,00;83.6;60,02;-0,03;;8
27/08/26;PHARMA MAR;PUT;Mar-27;43,00;83.6;59,07;-0,04;;3
27/08/26;PHARMA MAR;PUT;Mar-27;52,00;83.6;54,80;-0,08;;1
27/08/26;PHARMA MAR;PUT;Mar-27;60,00;83.6;51,01;-0,14;;1
27/08/26;PHARMA MAR;PUT;Mar-27;78,00;83.6;42,47;-0,34;;1
27/08/26;PHARMA MAR;PUT;Mar-27;80,00;83.6;41,52;-0,37;;2
27/08/26;PHARMA MAR;PUT;Mar-27;105,00;83.6;38,44;-0,74;;1
27/08/26;PHARMA MAR;PUT;Jun-27;39,00;83.6;56,55;-0,04;;3
27/08/26;PHARMA MAR;PUT;Jun-27;42,00;83.6;55,50;-0,05;;1
27/08/26;PHARMA MAR;PUT;Jun-27;44,00;83.6;54,79;-0,06;;3
27/08/26;PHARMA MAR;PUT;Jun-27;48,00;83.6;53,39;-0,08;;1
27/08/26;PHARMA MAR;PUT;Jun-27;60,00;83.6;49,18;-0,16;;1
27/08/26;PHARMA MAR;PUT;Jun-27;66,00;83.6;47,08;-0,21;;1
27/08/26;PHARMA MAR;PUT;Jun-27;70,00;83.6;45,67;-0,25;;2
27/08/26;PHARMA MAR;PUT;Jun-27;120,00;83.6;38,87;-0,82;;1
27/08/26;PUIG;CALL;Sep-26;11,00;18.08;43,59;1,00;;1
27/08/26;PUIG;CALL;Sep-26;14,50;18.08;41,33;0,99;;3
27/08/26;PUIG;CALL;Sep-26;16,00;18.08;40,36;0,90;;9
27/08/26;PUIG;CALL;Sep-26;16,50;18.08;40,04;0,84;;1
27/08/26;PUIG;CALL;Sep-26;17,00;18.08;39,72;0,76;;28
27/08/26;PUIG;CALL;Sep-26;17,50;18.08;39,39;0,65;;8.911
27/08/26;PUIG;CALL;Sep-26;18,00;18.08;39,07;0,54;;21
27/08/26;PUIG;CALL;Sep-26;18,50;18.08;38,77;0,43;;19
27/08/26;PUIG;CALL;Sep-26;19,00;18.08;38,48;0,32;;8
27/08/26;PUIG;CALL;Sep-26;19,50;18.08;38,18;0,23;;2
27/08/26;PUIG;CALL;Sep-26;20,00;18.08;37,89;0,15;;14
27/08/26;PUIG;CALL;Sep-26;21,00;18.08;37,30;0,06;;8.553
27/08/26;PUIG;CALL;Oct-26;17,00;18.08;37,43;0,70;;5
27/08/26;PUIG;CALL;Oct-26;18,50;18.08;36,53;0,47;;6
27/08/26;PUIG;CALL;Oct-26;19,00;18.08;36,24;0,39;;5
27/08/26;PUIG;CALL;Dic-26;15,00;18.08;37,14;0,85;;3
27/08/26;PUIG;CALL;Dic-26;16,50;18.08;36,31;0,72;;2
27/08/26;PUIG;CALL;Dic-26;17,00;18.08;36,04;0,67;;10
27/08/26;PUIG;CALL;Dic-26;18,00;18.08;35,48;0,56;;39
27/08/26;PUIG;CALL;Dic-26;18,50;18.08;35,31;0,51;;6
27/08/26;PUIG;CALL;Dic-26;19,00;18.08;35,15;0,45;;1
27/08/26;PUIG;CALL;Dic-26;19,50;18.08;34,99;0,40;;20
27/08/26;PUIG;CALL;Dic-26;22,00;18.08;34,21;0,19;;1
27/08/26;PUIG;CALL;Dic-26;23,00;18.08;33,90;0,13;1;2
27/08/26;PUIG;CALL;Jun-27;11,00;18.08;34,88;0,97;;5
27/08/26;PUIG;CALL;Jun-27;15,50;18.08;33,22;0,77;;4
27/08/26;PUIG;CALL;Jun-27;16,00;18.08;33,04;0,74;;1
27/08/26;PUIG;CALL;Jun-27;16,50;18.08;32,85;0,70;;2
27/08/26;PUIG;CALL;Jun-27;17,50;18.08;32,48;0,63;;1
27/08/26;PUIG;PUT;Sep-26;12,00;18.08;43,80;;;5
27/08/26;PUIG;PUT;Sep-26;12,50;18.08;43,48;;;149
27/08/26;PUIG;PUT;Sep-26;13,00;18.08;43,16;;;22
27/08/26;PUIG;PUT;Sep-26;13,50;18.08;42,84;;;18
27/08/26;PUIG;PUT;Sep-26;14,00;18.08;42,51;-0,01;;42
27/08/26;PUIG;PUT;Sep-26;14,50;18.08;42,19;-0,01;;1
27/08/26;PUIG;PUT;Sep-26;15,00;18.08;41,87;-0,03;;8.347
27/08/26;PUIG;PUT;Sep-26;15,50;18.08;41,54;-0,06;;6
27/08/26;PUIG;PUT;Sep-26;16,00;18.08;41,22;-0,10;;268
27/08/26;PUIG;PUT;Sep-26;16,50;18.08;40,90;-0,17;;26
27/08/26;PUIG;PUT;Sep-26;17,00;18.08;40,58;-0,25;;8
27/08/26;PUIG;PUT;Sep-26;17,50;18.08;40,25;-0,35;5;29
27/08/26;PUIG;PUT;Sep-26;18,00;18.08;39,93;-0,46;;1
27/08/26;PUIG;PUT;Sep-26;18,50;18.08;39,63;-0,57;;10
27/08/26;PUIG;PUT;Oct-26;16,00;18.08;38,47;-0,17;;1
27/08/26;PUIG;PUT;Oct-26;16,50;18.08;38,16;-0,23;;3
27/08/26;PUIG;PUT;Oct-26;17,00;18.08;37,86;-0,30;;5
27/08/26;PUIG;PUT;Dic-26;11,00;18.08;38,91;-0,01;;2
27/08/26;PUIG;PUT;Dic-26;12,00;18.08;38,35;-0,02;;500
27/08/26;PUIG;PUT;Dic-26;12,50;18.08;38,08;-0,03;;5
27/08/26;PUIG;PUT;Dic-26;13,00;18.08;37,80;-0,04;;3
27/08/26;PUIG;PUT;Dic-26;13,50;18.08;37,52;-0,06;;4
27/08/26;PUIG;PUT;Dic-26;14,00;18.08;37,25;-0,09;;47
27/08/26;PUIG;PUT;Dic-26;14,50;18.08;36,97;-0,11;;2.467
27/08/26;PUIG;PUT;Dic-26;15,00;18.08;36,69;-0,15;;26
27/08/26;PUIG;PUT;Dic-26;15,50;18.08;36,42;-0,19;;30
27/08/26;PUIG;PUT;Dic-26;16,00;18.08;36,14;-0,23;;41
27/08/26;PUIG;PUT;Dic-26;16,50;18.08;35,86;-0,28;;21
27/08/26;PUIG;PUT;Dic-26;17,00;18.08;35,59;-0,33;;11
27/08/26;PUIG;PUT;Dic-26;17,50;18.08;35,31;-0,38;;10
27/08/26;PUIG;PUT;Dic-26;18,00;18.08;35,03;-0,44;;5
27/08/26;PUIG;PUT;Dic-26;21,00;18.08;34,07;-0,76;;6
27/08/26;PUIG;PUT;Mar-27;12,00;18.08;36,94;-0,05;;1
27/08/26;PUIG;PUT;Mar-27;13,00;18.08;36,47;-0,08;;1
27/08/26;PUIG;PUT;Mar-27;13,50;18.08;36,23;-0,10;;5
27/08/26;PUIG;PUT;Mar-27;14,00;18.08;35,99;-0,13;;2
27/08/26;PUIG;PUT;Mar-27;15,00;18.08;35,51;-0,19;;10
27/08/26;PUIG;PUT;Mar-27;15,50;18.08;35,27;-0,22;;7
27/08/26;PUIG;PUT;Mar-27;16,00;18.08;35,03;-0,26;;85
27/08/26;PUIG;PUT;Mar-27;16,50;18.08;34,79;-0,30;;274
27/08/26;PUIG;PUT;Mar-27;17,00;18.08;34,55;-0,34;;10
27/08/26;PUIG;PUT;Jun-27;14,00;18.08;32,65;-0,16;;4
27/08/26;PUIG;PUT;Jun-27;15,00;18.08;32,29;-0,22;;5
27/08/26;PUIG;PUT;Jun-27;16,00;18.08;31,92;-0,29;;411
27/08/26;PUIG;PUT;Jun-27;16,50;18.08;31,73;-0,33;;2
27/08/26;PUIG;PUT;Jun-27;17,50;18.08;31,36;-0,40;;1
27/08/26;PUIG;PUT;Jun-27;21,00;18.08;31,04;-0,66;;20
27/08/26;PUIG;PUT;Sep-27;11,00;18.08;31,36;-0,04;;19
27/08/26;PUIG;PUT;Dic-27;15,00;18.08;28,94;-0,23;;4
27/08/26;PUIG;PUT;Dic-27;15,50;18.08;28,83;-0,26;;162
27/08/26;PUIG;PUT;Dic-27;16,00;18.08;28,72;-0,29;;156
27/08/26;PUIG;PUT;Dic-27;16,50;18.08;28,61;-0,33;;151
27/08/26;PUIG;PUT;Mar-28;17,50;18.08;27,57;-0,39;;143
27/08/26;REDEIA;CALL;Sep-26;14,00;15.2;18,62;0,97;;1
27/08/26;REDEIA;CALL;Sep-26;15,00;15.2;16,99;0,64;;12
27/08/26;REDEIA;CALL;Sep-26;15,50;15.2;16,28;0,33;;13
27/08/26;REDEIA;CALL;Sep-26;16,00;15.2;15,63;0,10;;10
27/08/26;REDEIA;CALL;Sep-26;16,50;15.2;14,99;0,01;;4
27/08/26;REDEIA;CALL;Sep-26;17,00;15.2;14,34;;;35
27/08/26;REDEIA;CALL;Sep-26;17,50;15.2;13,69;;;1
27/08/26;REDEIA;CALL;Sep-26;18,50;15.2;12,40;;;1
27/08/26;REDEIA;CALL;Dic-26;14,00;15.2;19,02;0,82;;35
27/08/26;REDEIA;CALL;Dic-26;15,00;15.2;17,66;0,60;;26
27/08/26;REDEIA;CALL;Dic-26;15,50;15.2;17,05;0,47;;17
27/08/26;REDEIA;CALL;Dic-26;16,00;15.2;16,50;0,33;;265
27/08/26;REDEIA;CALL;Dic-26;16,50;15.2;15,94;0,21;;43
27/08/26;REDEIA;CALL;Dic-26;17,00;15.2;15,38;0,12;;25
27/08/26;REDEIA;CALL;Dic-26;17,50;15.2;14,82;0,06;;26
27/08/26;REDEIA;CALL;Dic-26;18,00;15.2;14,26;0,02;;2
27/08/26;REDEIA;CALL;Mar-27;13,50;15.2;20,11;0,83;;1
27/08/26;REDEIA;CALL;Mar-27;14,00;15.2;19,58;0,76;;10
27/08/26;REDEIA;CALL;Mar-27;15,50;15.2;18,02;0,49;;138
27/08/26;REDEIA;CALL;Mar-27;16,00;15.2;17,51;0,38;;206
27/08/26;REDEIA;CALL;Mar-27;16,50;15.2;17,01;0,29;;27
27/08/26;REDEIA;CALL;Mar-27;17,00;15.2;16,50;0,20;;6
27/08/26;REDEIA;CALL;Mar-27;17,50;15.2;16,00;0,14;;137
27/08/26;REDEIA;CALL;Jun-27;14,00;15.2;20,05;0,72;;6
27/08/26;REDEIA;CALL;Jun-27;15,50;15.2;18,73;0,50;;10
27/08/26;REDEIA;CALL;Jun-27;16,00;15.2;18,25;0,43;;1
27/08/26;REDEIA;CALL;Jun-27;16,50;15.2;17,77;0,35;;2
27/08/26;REDEIA;CALL;Jun-27;17,00;15.2;17,28;0,28;;6
27/08/26;REDEIA;CALL;Jun-27;18,00;15.2;16,32;0,15;;1
27/08/26;REDEIA;CALL;Dic-27;14,50;15.2;19,59;0,64;;278
27/08/26;REDEIA;CALL;Dic-27;18,00;15.2;16,34;0,19;;6
27/08/26;REDEIA;PUT;Sep-26;12,50;15.2;20,85;;;11
27/08/26;REDEIA;PUT;Sep-26;13,00;15.2;20,04;;;9
27/08/26;REDEIA;PUT;Sep-26;13,50;15.2;19,23;;;59
27/08/26;REDEIA;PUT;Sep-26;14,00;15.2;18,42;-0,03;;30
27/08/26;REDEIA;PUT;Sep-26;14,50;15.2;17,61;-0,13;;12
27/08/26;REDEIA;PUT;Sep-26;15,00;15.2;16,79;-0,36;;47
27/08/26;REDEIA;PUT;Sep-26;15,50;15.2;16,08;-0,68;;13
27/08/26;REDEIA;PUT;Sep-26;16,00;15.2;15,43;-0,92;;32
27/08/26;REDEIA;PUT;Sep-26;16,50;15.2;14,79;-1,00;;1
27/08/26;REDEIA;PUT;Oct-26;14,50;15.2;16,81;-0,20;;13
27/08/26;REDEIA;PUT;Oct-26;15,00;15.2;16,05;-0,38;;4
27/08/26;REDEIA;PUT;Oct-26;15,50;15.2;15,36;-0,61;;4
27/08/26;REDEIA;PUT;Oct-26;16,00;15.2;14,72;-0,82;;3
27/08/26;REDEIA;PUT;Dic-26;11,50;15.2;21,28;-0,01;;20
27/08/26;REDEIA;PUT;Dic-26;12,00;15.2;20,60;-0,01;;10
27/08/26;REDEIA;PUT;Dic-26;12,50;15.2;19,92;-0,03;;15
27/08/26;REDEIA;PUT;Dic-26;13,00;15.2;19,24;-0,06;;5
27/08/26;REDEIA;PUT;Dic-26;13,50;15.2;18,56;-0,10;;86
27/08/26;REDEIA;PUT;Dic-26;14,00;15.2;17,88;-0,17;;111
27/08/26;REDEIA;PUT;Dic-26;14,50;15.2;17,20;-0,27;;183
27/08/26;REDEIA;PUT;Dic-26;15,00;15.2;16,52;-0,40;;80
27/08/26;REDEIA;PUT;Dic-26;15,50;15.2;15,91;-0,55;1;4
27/08/26;REDEIA;PUT;Dic-26;16,00;15.2;15,36;-0,71;;8
27/08/26;REDEIA;PUT;Dic-26;17,00;15.2;14,24;-0,97;;1
27/08/26;REDEIA;PUT;Mar-27;11,50;15.2;20,39;-0,03;;1
27/08/26;REDEIA;PUT;Mar-27;12,00;15.2;19,87;-0,05;;8
27/08/26;REDEIA;PUT;Mar-27;12,50;15.2;19,34;-0,08;;8
27/08/26;REDEIA;PUT;Mar-27;13,00;15.2;18,82;-0,12;;101
27/08/26;REDEIA;PUT;Mar-27;13,50;15.2;18,29;-0,18;;17
27/08/26;REDEIA;PUT;Mar-27;14,00;15.2;17,76;-0,25;;163
27/08/26;REDEIA;PUT;Mar-27;14,50;15.2;17,24;-0,34;;5
27/08/26;REDEIA;PUT;Mar-27;15,00;15.2;16,71;-0,44;;1
27/08/26;REDEIA;PUT;Mar-27;15,50;15.2;16,20;-0,55;;3
27/08/26;REDEIA;PUT;Mar-27;16,00;15.2;15,69;-0,66;;1
27/08/26;REDEIA;PUT;Mar-27;17,00;15.2;14,68;-0,85;1;2
27/08/26;REDEIA;PUT;Jun-27;12,50;15.2;19,33;-0,11;;4
27/08/26;REDEIA;PUT;Jun-27;13,50;15.2;18,47;-0,21;;2
27/08/26;REDEIA;PUT;Jun-27;14,00;15.2;18,05;-0,27;;2
27/08/26;REDEIA;PUT;Jun-27;14,50;15.2;17,62;-0,35;;53
27/08/26;REDEIA;PUT;Jun-27;15,00;15.2;17,19;-0,44;;5
27/08/26;REDEIA;PUT;Jun-27;15,50;15.2;16,73;-0,53;;13
27/08/26;REDEIA;PUT;Jun-27;16,00;15.2;16,25;-0,62;;1
27/08/26;REDEIA;PUT;Sep-27;12,50;15.2;18,48;-0,17;;5
27/08/26;REDEIA;PUT;Dic-27;14,00;15.2;17,12;-0,35;;20
27/08/26;REDEIA;PUT;Dic-27;15,00;15.2;16,50;-0,50;;11
27/08/26;REDEIA;PUT;Dic-27;19,00;15.2;12,55;-0,97;;6
27/08/26;REDEIA;PUT;Dic-28;13,00;15.2;17,28;-0,31;;1
27/08/26;REDEIA;PUT;Sep-26;14,00;15.2;18,42;-0,03;;1
27/08/26;REDEIA;PUT;Sep-26;14,50;15.2;17,61;-0,13;;6
27/08/26;REDEIA;PUT;Sep-26;15,00;15.2;16,79;-0,35;;1
27/08/26;REDEIA;PUT;Dic-26;13,50;15.2;18,56;-0,10;;4
27/08/26;REDEIA;PUT;Dic-26;15,00;15.2;16,52;-0,39;;6
27/08/26;REDEIA;PUT;Mar-27;14,00;15.2;17,76;-0,24;;2
27/08/26;REPSOL;CALL;Sep-26;16,50;26.37;40,87;1,00;;4
27/08/26;REPSOL;CALL;Sep-26;18,00;26.37;39,15;1,00;;1
27/08/26;REPSOL;CALL;Sep-26;20,00;26.37;36,85;1,00;;17
27/08/26;REPSOL;CALL;Sep-26;20,50;26.37;36,27;1,00;;1
27/08/26;REPSOL;CALL;Sep-26;21,00;26.37;35,70;1,00;;161
27/08/26;REPSOL;CALL;Sep-26;22,00;26.37;34,55;0,99;;11.943
27/08/26;REPSOL;CALL;Sep-26;23,00;26.37;33,40;0,96;;182
27/08/26;REPSOL;CALL;Sep-26;24,00;26.37;32,25;0,89;;137
27/08/26;REPSOL;CALL;Sep-26;25,00;26.37;31,10;0,77;;523
27/08/26;REPSOL;CALL;Sep-26;26,00;26.37;29,95;0,60;;188
27/08/26;REPSOL;CALL;Sep-26;27,00;26.37;29,25;0,39;10;198
27/08/26;REPSOL;CALL;Sep-26;28,00;26.37;28,82;0,21;;283
27/08/26;REPSOL;CALL;Sep-26;29,00;26.37;28,39;0,10;;17
27/08/26;REPSOL;CALL;Sep-26;30,00;26.37;27,96;0,03;;6
27/08/26;REPSOL;CALL;Sep-26;31,00;26.37;27,53;0,01;;1
27/08/26;REPSOL;CALL;Oct-26;26,00;26.37;30,74;0,58;;2
27/08/26;REPSOL;CALL;Oct-26;27,00;26.37;30,20;0,45;11;16
27/08/26;REPSOL;CALL;Oct-26;28,00;26.37;29,84;0,32;;14
27/08/26;REPSOL;CALL;Oct-26;29,00;26.37;29,49;0,22;3;1
27/08/26;REPSOL;CALL;Oct-26;30,00;26.37;29,14;0,13;;35
27/08/26;REPSOL;CALL;Oct-26;31,00;26.37;28,78;0,08;;2
27/08/26;REPSOL;CALL;Oct-26;34,00;26.37;27,72;0,01;;43
27/08/26;REPSOL;CALL;Nov-26;28,00;26.37;30,62;0,39;5;5
27/08/26;REPSOL;CALL;Dic-26;12,00;26.37;40,66;1,00;;2
27/08/26;REPSOL;CALL;Dic-26;13,00;26.37;39,98;1,00;;10
27/08/26;REPSOL;CALL;Dic-26;15,00;26.37;38,61;1,00;;150
27/08/26;REPSOL;CALL;Dic-26;15,50;26.37;38,27;1,00;;160
27/08/26;REPSOL;CALL;Dic-26;16,00;26.37;37,93;0,99;;150
27/08/26;REPSOL;CALL;Dic-26;16,50;26.37;37,59;0,99;;150
27/08/26;REPSOL;CALL;Dic-26;17,00;26.37;37,25;0,99;;75
27/08/26;REPSOL;CALL;Dic-26;17,50;26.37;36,90;0,98;;48
27/08/26;REPSOL;CALL;Dic-26;18,00;26.37;36,56;0,98;;107
27/08/26;REPSOL;CALL;Dic-26;18,50;26.37;36,22;0,97;;354
27/08/26;REPSOL;CALL;Dic-26;19,00;26.37;35,88;0,96;;15
27/08/26;REPSOL;CALL;Dic-26;19,50;26.37;35,54;0,95;;101
27/08/26;REPSOL;CALL;Dic-26;20,00;26.37;35,20;0,94;;55
27/08/26;REPSOL;CALL;Dic-26;21,00;26.37;34,52;0,91;;7
27/08/26;REPSOL;CALL;Dic-26;22,00;26.37;33,83;0,86;;4.060
27/08/26;REPSOL;CALL;Dic-26;23,00;26.37;33,15;0,81;;12
27/08/26;REPSOL;CALL;Dic-26;24,00;26.37;32,47;0,74;6;11.627
27/08/26;REPSOL;CALL;Dic-26;25,00;26.37;31,79;0,67;;78
27/08/26;REPSOL;CALL;Dic-26;26,00;26.37;31,10;0,58;;1.189
27/08/26;REPSOL;CALL;Dic-26;27,00;26.37;30,68;0,50;;13
27/08/26;REPSOL;CALL;Dic-26;28,00;26.37;30,42;0,41;;79
27/08/26;REPSOL;CALL;Dic-26;29,00;26.37;30,15;0,33;;25
27/08/26;REPSOL;CALL;Dic-26;30,00;26.37;29,89;0,26;;63
27/08/26;REPSOL;CALL;Dic-26;31,00;26.37;29,62;0,20;;11
27/08/26;REPSOL;CALL;Dic-26;32,00;26.37;29,36;0,15;3;9
27/08/26;REPSOL;CALL;Mar-27;14,50;26.37;40,10;0,99;;5
27/08/26;REPSOL;CALL;Mar-27;16,00;26.37;38,91;0,98;;15
27/08/26;REPSOL;CALL;Mar-27;16,50;26.37;38,51;0,98;;25
27/08/26;REPSOL;CALL;Mar-27;17,00;26.37;38,11;0,97;;2
27/08/26;REPSOL;CALL;Mar-27;17,50;26.37;37,71;0,96;;32
27/08/26;REPSOL;CALL;Mar-27;18,00;26.37;37,32;0,95;;55
27/08/26;REPSOL;CALL;Mar-27;18,50;26.37;36,92;0,94;;16
27/08/26;REPSOL;CALL;Mar-27;19,00;26.37;36,52;0,93;;35
27/08/26;REPSOL;CALL;Mar-27;19,50;26.37;36,12;0,92;;10
27/08/26;REPSOL;CALL;Mar-27;20,00;26.37;35,72;0,90;;20
27/08/26;REPSOL;CALL;Mar-27;22,00;26.37;34,13;0,82;;27
27/08/26;REPSOL;CALL;Mar-27;23,00;26.37;33,33;0,77;;4.000
27/08/26;REPSOL;CALL;Mar-27;24,00;26.37;32,54;0,71;;331
27/08/26;REPSOL;CALL;Mar-27;25,00;26.37;31,74;0,65;6;174
27/08/26;REPSOL;CALL;Mar-27;26,00;26.37;30,94;0,58;;6
27/08/26;REPSOL;CALL;Mar-27;27,00;26.37;30,53;0,51;5;30
27/08/26;REPSOL;CALL;Mar-27;28,00;26.37;30,34;0,44;;2
27/08/26;REPSOL;CALL;Mar-27;29,00;26.37;30,15;0,38;1;2.015
27/08/26;REPSOL;CALL;Mar-27;30,00;26.37;29,96;0,32;1;2
27/08/26;REPSOL;CALL;Mar-27;31,00;26.37;29,77;0,27;;2
27/08/26;REPSOL;CALL;Mar-27;32,00;26.37;29,58;0,22;;180
27/08/26;REPSOL;CALL;Jun-27;11,00;26.37;40,78;1,00;;1
27/08/26;REPSOL;CALL;Jun-27;15,00;26.37;37,95;0,98;;75
27/08/26;REPSOL;CALL;Jun-27;15,50;26.37;37,59;0,98;;50
27/08/26;REPSOL;CALL;Jun-27;16,50;26.37;36,89;0,96;;53
27/08/26;REPSOL;CALL;Jun-27;17,00;26.37;36,53;0,95;;1.019
27/08/26;REPSOL;CALL;Jun-27;17,50;26.37;36,18;0,94;;27
27/08/26;REPSOL;CALL;Jun-27;19,00;26.37;35,12;0,90;;1
27/08/26;REPSOL;CALL;Jun-27;19,50;26.37;34,76;0,89;;1
27/08/26;REPSOL;CALL;Jun-27;25,00;26.37;30,87;0,64;;2
27/08/26;REPSOL;CALL;Jun-27;26,00;26.37;30,16;0,58;;8
27/08/26;REPSOL;CALL;Jun-27;27,00;26.37;29,78;0,52;;3
27/08/26;REPSOL;CALL;Jun-27;28,00;26.37;29,59;0,47;;100
27/08/26;REPSOL;CALL;Jun-27;29,00;26.37;29,40;0,41;10;
27/08/26;REPSOL;CALL;Jun-27;30,00;26.37;29,21;0,36;;31
27/08/26;REPSOL;CALL;Sep-27;15,50;26.37;38,07;0,97;;1
27/08/26;REPSOL;CALL;Sep-27;18,00;26.37;36,24;0,92;;3.000
27/08/26;REPSOL;CALL;Sep-27;18,50;26.37;35,87;0,91;;3.000
27/08/26;REPSOL;CALL;Sep-27;20,00;26.37;34,77;0,86;;2.000
27/08/26;REPSOL;CALL;Sep-27;21,00;26.37;34,04;0,82;;6
27/08/26;REPSOL;CALL;Sep-27;22,00;26.37;33,30;0,77;;5
27/08/26;REPSOL;CALL;Sep-27;24,00;26.37;31,84;0,68;;17
27/08/26;REPSOL;CALL;Sep-27;27,00;26.37;30,01;0,53;;1
27/08/26;REPSOL;CALL;Dic-27;12,00;26.37;40,48;1,00;;2
27/08/26;REPSOL;CALL;Dic-27;14,00;26.37;38,99;0,98;;1.400
27/08/26;REPSOL;CALL;Dic-27;15,00;26.37;38,24;0,97;;149
27/08/26;REPSOL;CALL;Dic-27;15,50;26.37;37,87;0,96;;2
27/08/26;REPSOL;CALL;Dic-27;16,00;26.37;37,49;0,95;;3
27/08/26;REPSOL;CALL;Dic-27;16,50;26.37;37,12;0,94;;1.528
27/08/26;REPSOL;CALL;Dic-27;17,00;26.37;36,75;0,93;;24
27/08/26;REPSOL;CALL;Dic-27;17,50;26.37;36,38;0,92;;2
27/08/26;REPSOL;CALL;Dic-27;18,00;26.37;36,00;0,90;;3
27/08/26;REPSOL;CALL;Dic-27;19,50;26.37;34,88;0,85;;5
27/08/26;REPSOL;CALL;Dic-27;20,00;26.37;34,51;0,84;;10.000
27/08/26;REPSOL;CALL;Dic-27;23,00;26.37;32,27;0,72;;4
27/08/26;REPSOL;CALL;Dic-27;24,00;26.37;31,53;0,67;;5.000
27/08/26;REPSOL;CALL;Dic-27;25,00;26.37;30,78;0,63;;1
27/08/26;REPSOL;CALL;Dic-27;27,00;26.37;29,68;0,53;;10
27/08/26;REPSOL;CALL;Mar-28;16,50;26.37;36,39;0,94;;1
27/08/26;REPSOL;CALL;Mar-28;18,00;26.37;35,32;0,90;;1
27/08/26;REPSOL;CALL;Mar-28;19,00;26.37;34,62;0,87;;5
27/08/26;REPSOL;CALL;Mar-28;24,00;26.37;31,08;0,67;;6
27/08/26;REPSOL;CALL;Mar-28;25,00;26.37;30,37;0,63;;1.000
27/08/26;REPSOL;CALL;Mar-28;26,00;26.37;29,66;0,58;;2.000
27/08/26;REPSOL;CALL;Mar-28;27,00;26.37;29,33;0,54;;2.000
27/08/26;REPSOL;CALL;Mar-28;32,00;26.37;28,76;0,34;;2.000
27/08/26;REPSOL;CALL;Mar-28;33,00;26.37;28,65;0,31;;1.800
27/08/26;REPSOL;CALL;Jun-28;10,00;26.37;40,08;1,00;;10
27/08/26;REPSOL;CALL;Jun-28;19,00;26.37;34,39;0,85;;6
27/08/26;REPSOL;CALL;Jun-28;20,00;26.37;33,76;0,82;;10
27/08/26;REPSOL;CALL;Jun-28;22,00;26.37;32,49;0,74;;4
27/08/26;REPSOL;CALL;Jun-28;24,00;26.37;31,23;0,67;;2.500
27/08/26;REPSOL;CALL;Jun-28;32,00;26.37;29,16;0,37;;1.002
27/08/26;REPSOL;CALL;Jun-28;34,00;26.37;28,96;0,31;;1.000
27/08/26;REPSOL;CALL;Sep-28;18,50;26.37;34,60;0,87;;1
27/08/26;REPSOL;CALL;Dic-28;16,00;26.37;35,46;0,94;;2.000
27/08/26;REPSOL;CALL;Dic-28;24,00;26.37;31,32;0,66;;1.520
27/08/26;REPSOL;CALL;Dic-28;27,00;26.37;30,05;0,55;;1
27/08/26;REPSOL;CALL;Dic-28;29,00;26.37;29,92;0,49;;8
27/08/26;REPSOL;CALL;Dic-28;34,00;26.37;29,61;0,34;;1
27/08/26;REPSOL;CALL;Dic-29;10,00;26.37;36,56;1,00;;200
27/08/26;REPSOL;CALL;Dic-29;11,50;26.37;36,01;1,00;;1
27/08/26;REPSOL;CALL;Dic-29;12,00;26.37;35,83;1,00;;1
27/08/26;REPSOL;CALL;Dic-29;12,50;26.37;35,64;1,00;;3
27/08/26;REPSOL;CALL;Dic-29;17,00;26.37;33,99;0,90;;25
27/08/26;REPSOL;CALL;Dic-30;22,00;26.37;32,11;0,72;;1.500
27/08/26;REPSOL;CALL;Dic-30;26,00;26.37;30,95;0,61;;3.000
27/08/26;REPSOL;PUT;Sep-26;6,75;26.37;51,22;;;2
27/08/26;REPSOL;PUT;Sep-26;10,50;26.37;46,91;;;9
27/08/26;REPSOL;PUT;Sep-26;11,00;26.37;46,33;;;30
27/08/26;REPSOL;PUT;Sep-26;11,50;26.37;45,75;;;51
27/08/26;REPSOL;PUT;Sep-26;12,00;26.37;45,18;;;295
27/08/26;REPSOL;PUT;Sep-26;12,50;26.37;44,60;;;80
27/08/26;REPSOL;PUT;Sep-26;13,00;26.37;44,03;;;119
27/08/26;REPSOL;PUT;Sep-26;13,50;26.37;43,45;;;12
27/08/26;REPSOL;PUT;Sep-26;14,00;26.37;42,88;;;143
27/08/26;REPSOL;PUT;Sep-26;14,50;26.37;42,30;;;277
27/08/26;REPSOL;PUT;Sep-26;15,00;26.37;41,73;;;35
27/08/26;REPSOL;PUT;Sep-26;15,50;26.37;41,15;;;6
27/08/26;REPSOL;PUT;Sep-26;16,00;26.37;40,58;;;10
27/08/26;REPSOL;PUT;Sep-26;16,50;26.37;40,00;;;200
27/08/26;REPSOL;PUT;Sep-26;17,00;26.37;39,43;;;654
27/08/26;REPSOL;PUT;Sep-26;17,50;26.37;38,85;;;204
27/08/26;REPSOL;PUT;Sep-26;18,00;26.37;38,28;;;15.360
27/08/26;REPSOL;PUT;Sep-26;18,50;26.37;37,70;;;211
27/08/26;REPSOL;PUT;Sep-26;19,00;26.37;37,13;;;14
27/08/26;REPSOL;PUT;Sep-26;19,50;26.37;36,55;;;104
27/08/26;REPSOL;PUT;Sep-26;20,00;26.37;35,98;;;8
27/08/26;REPSOL;PUT;Sep-26;20,50;26.37;35,40;;;5
27/08/26;REPSOL;PUT;Sep-26;21,00;26.37;34,83;;;1.504
27/08/26;REPSOL;PUT;Sep-26;22,00;26.37;33,68;-0,01;;1.105
27/08/26;REPSOL;PUT;Sep-26;23,00;26.37;32,53;-0,04;;200
27/08/26;REPSOL;PUT;Sep-26;24,00;26.37;31,38;-0,10;;48
27/08/26;REPSOL;PUT;Sep-26;25,00;26.37;30,23;-0,22;2;413
27/08/26;REPSOL;PUT;Sep-26;26,00;26.37;29,08;-0,40;;164
27/08/26;REPSOL;PUT;Sep-26;27,00;26.37;28,38;-0,61;;151
27/08/26;REPSOL;PUT;Sep-26;28,00;26.37;27,95;-0,80;3;2
27/08/26;REPSOL;PUT;Sep-26;29,00;26.37;27,52;-0,92;;3
27/08/26;REPSOL;PUT;Oct-26;22,00;26.37;32,19;-0,05;;2
27/08/26;REPSOL;PUT;Oct-26;23,00;26.37;31,33;-0,10;;2
27/08/26;REPSOL;PUT;Oct-26;24,00;26.37;30,47;-0,18;10;39
27/08/26;REPSOL;PUT;Oct-26;25,00;26.37;29,61;-0,29;;1
27/08/26;REPSOL;PUT;Oct-26;26,00;26.37;28,75;-0,42;2;7
27/08/26;REPSOL;PUT;Oct-26;27,00;26.37;28,21;-0,56;;151
27/08/26;REPSOL;PUT;Nov-26;24,00;26.37;30,45;-0,23;6;6
27/08/26;REPSOL;PUT;Nov-26;26,00;26.37;28,91;-0,42;1;2
27/08/26;REPSOL;PUT;Dic-26;8,00;26.37;41,66;;;9.500
27/08/26;REPSOL;PUT;Dic-26;8,75;26.37;41,15;;;1
27/08/26;REPSOL;PUT;Dic-26;9,00;26.37;40,98;;;13.015
27/08/26;REPSOL;PUT;Dic-26;9,50;26.37;40,64;;;750
27/08/26;REPSOL;PUT;Dic-26;10,00;26.37;40,29;;;34.000
27/08/26;REPSOL;PUT;Dic-26;10,50;26.37;39,95;;;1.000
27/08/26;REPSOL;PUT;Dic-26;11,00;26.37;39,61;;;15.621
27/08/26;REPSOL;PUT;Dic-26;11,50;26.37;39,27;;;3.187
27/08/26;REPSOL;PUT;Dic-26;12,00;26.37;38,93;;;15.760
27/08/26;REPSOL;PUT;Dic-26;12,50;26.37;38,59;;;156
27/08/26;REPSOL;PUT;Dic-26;13,00;26.37;38,25;;;12.000
27/08/26;REPSOL;PUT;Dic-26;13,50;26.37;37,90;;;1
27/08/26;REPSOL;PUT;Dic-26;14,00;26.37;37,56;;;11.025
27/08/26;REPSOL;PUT;Dic-26;14,50;26.37;37,22;;;224
27/08/26;REPSOL;PUT;Dic-26;15,00;26.37;36,88;;;4.184
27/08/26;REPSOL;PUT;Dic-26;15,50;26.37;36,54;;;21.501
27/08/26;REPSOL;PUT;Dic-26;16,00;26.37;36,20;;;2.160
27/08/26;REPSOL;PUT;Dic-26;16,50;26.37;35,86;-0,01;;161
27/08/26;REPSOL;PUT;Dic-26;17,00;26.37;35,52;-0,01;;136
27/08/26;REPSOL;PUT;Dic-26;17,50;26.37;35,17;-0,01;;160
27/08/26;REPSOL;PUT;Dic-26;18,00;26.37;34,83;-0,02;;26
27/08/26;REPSOL;PUT;Dic-26;18,50;26.37;34,49;-0,02;;1
27/08/26;REPSOL;PUT;Dic-26;19,00;26.37;34,15;-0,03;;4.102
27/08/26;REPSOL;PUT;Dic-26;19,50;26.37;33,81;-0,04;;116
27/08/26;REPSOL;PUT;Dic-26;20,00;26.37;33,47;-0,05;;2.035
27/08/26;REPSOL;PUT;Dic-26;20,50;26.37;33,13;-0,07;;4
27/08/26;REPSOL;PUT;Dic-26;21,00;26.37;32,79;-0,09;;293
27/08/26;REPSOL;PUT;Dic-26;22,00;26.37;32,10;-0,13;;74
27/08/26;REPSOL;PUT;Dic-26;23,00;26.37;31,42;-0,18;;136
27/08/26;REPSOL;PUT;Dic-26;24,00;26.37;30,74;-0,25;;47
27/08/26;REPSOL;PUT;Dic-26;25,00;26.37;30,06;-0,33;;17
27/08/26;REPSOL;PUT;Dic-26;26,00;26.37;29,37;-0,42;;31
27/08/26;REPSOL;PUT;Dic-26;27,00;26.37;28,95;-0,51;;42
27/08/26;REPSOL;PUT;Dic-26;28,00;26.37;28,69;-0,61;;20
27/08/26;REPSOL;PUT;Mar-27;7,25;26.37;43,61;;;4
27/08/26;REPSOL;PUT;Mar-27;8,00;26.37;43,01;;;1
27/08/26;REPSOL;PUT;Mar-27;10,00;26.37;41,42;;;245
27/08/26;REPSOL;PUT;Mar-27;11,50;26.37;40,22;;;216
27/08/26;REPSOL;PUT;Mar-27;12,00;26.37;39,82;;;210
27/08/26;REPSOL;PUT;Mar-27;12,50;26.37;39,43;;;401
27/08/26;REPSOL;PUT;Mar-27;13,50;26.37;38,63;-0,01;;4
27/08/26;REPSOL;PUT;Mar-27;14,00;26.37;38,23;-0,01;;55
27/08/26;REPSOL;PUT;Mar-27;14,50;26.37;37,83;-0,01;;100
27/08/26;REPSOL;PUT;Mar-27;15,00;26.37;37,43;-0,02;;140
27/08/26;REPSOL;PUT;Mar-27;15,50;26.37;37,04;-0,02;;250
27/08/26;REPSOL;PUT;Mar-27;16,00;26.37;36,64;-0,03;;754
27/08/26;REPSOL;PUT;Mar-27;16,50;26.37;36,24;-0,03;;25
27/08/26;REPSOL;PUT;Mar-27;17,00;26.37;35,84;-0,04;;75
27/08/26;REPSOL;PUT;Mar-27;18,00;26.37;35,05;-0,06;;20
27/08/26;REPSOL;PUT;Mar-27;18,50;26.37;34,65;-0,07;;6
27/08/26;REPSOL;PUT;Mar-27;19,00;26.37;34,25;-0,08;;100
27/08/26;REPSOL;PUT;Mar-27;20,00;26.37;33,45;-0,12;;300
27/08/26;REPSOL;PUT;Mar-27;21,00;26.37;32,66;-0,15;;210
27/08/26;REPSOL;PUT;Mar-27;22,00;26.37;31,86;-0,20;;22
27/08/26;REPSOL;PUT;Mar-27;23,00;26.37;31,06;-0,25;;10
27/08/26;REPSOL;PUT;Mar-27;24,00;26.37;30,27;-0,31;;3
27/08/26;REPSOL;PUT;Mar-27;25,00;26.37;29,47;-0,38;;115
27/08/26;REPSOL;PUT;Mar-27;26,00;26.37;28,67;-0,45;;18
27/08/26;REPSOL;PUT;Mar-27;27,00;26.37;28,26;-0,52;;30
27/08/26;REPSOL;PUT;Mar-27;28,00;26.37;28,07;-0,59;;2
27/08/26;REPSOL;PUT;Mar-27;29,00;26.37;27,88;-0,66;;1
27/08/26;REPSOL;PUT;Jun-27;8,00;26.37;41,25;;;25.000
27/08/26;REPSOL;PUT;Jun-27;9,50;26.37;40,19;;;40
27/08/26;REPSOL;PUT;Jun-27;10,00;26.37;39,84;;;10
27/08/26;REPSOL;PUT;Jun-27;10,50;26.37;39,48;;;2
27/08/26;REPSOL;PUT;Jun-27;11,50;26.37;38,78;-0,01;;80
27/08/26;REPSOL;PUT;Jun-27;12,00;26.37;38,42;-0,01;;210
27/08/26;REPSOL;PUT;Jun-27;12,50;26.37;38,07;-0,01;;200
27/08/26;REPSOL;PUT;Jun-27;13,00;26.37;37,71;-0,01;;5.010
27/08/26;REPSOL;PUT;Jun-27;13,50;26.37;37,36;-0,02;;183
27/08/26;REPSOL;PUT;Jun-27;14,00;26.37;37,01;-0,02;;38
27/08/26;REPSOL;PUT;Jun-27;14,50;26.37;36,65;-0,02;;20
27/08/26;REPSOL;PUT;Jun-27;15,00;26.37;36,30;-0,03;;20
27/08/26;REPSOL;PUT;Jun-27;16,00;26.37;35,59;-0,04;;95
27/08/26;REPSOL;PUT;Jun-27;18,00;26.37;34,17;-0,08;;30
27/08/26;REPSOL;PUT;Jun-27;19,50;26.37;33,11;-0,12;;100
27/08/26;REPSOL;PUT;Jun-27;21,00;26.37;32,05;-0,18;;2
27/08/26;REPSOL;PUT;Jun-27;22,00;26.37;31,34;-0,22;;2
27/08/26;REPSOL;PUT;Jun-27;23,00;26.37;30,64;-0,27;;2
27/08/26;REPSOL;PUT;Jun-27;24,00;26.37;29,93;-0,32;;1
27/08/26;REPSOL;PUT;Jun-27;25,00;26.37;29,22;-0,38;;1
27/08/26;REPSOL;PUT;Jun-27;26,00;26.37;28,51;-0,44;;2
27/08/26;REPSOL;PUT;Jun-27;28,00;26.37;27,94;-0,56;;10
27/08/26;REPSOL;PUT;Sep-27;10,50;26.37;39,86;-0,01;;100
27/08/26;REPSOL;PUT;Sep-27;11,00;26.37;39,49;-0,01;;101
27/08/26;REPSOL;PUT;Sep-27;11,50;26.37;39,12;-0,01;;100
27/08/26;REPSOL;PUT;Sep-27;12,00;26.37;38,76;-0,02;;104
27/08/26;REPSOL;PUT;Sep-27;14,00;26.37;37,29;-0,04;;25
27/08/26;REPSOL;PUT;Sep-27;14,50;26.37;36,92;-0,04;;420
27/08/26;REPSOL;PUT;Sep-27;15,00;26.37;36,56;-0,05;;2
27/08/26;REPSOL;PUT;Sep-27;15,50;26.37;36,19;-0,06;;159
27/08/26;REPSOL;PUT;Sep-27;18,00;26.37;34,36;-0,11;;1.000
27/08/26;REPSOL;PUT;Sep-27;19,00;26.37;33,62;-0,14;;5
27/08/26;REPSOL;PUT;Sep-27;24,00;26.37;29,96;-0,35;;1
27/08/26;REPSOL;PUT;Sep-27;25,00;26.37;29,22;-0,40;;1
27/08/26;REPSOL;PUT;Dic-27;7,75;26.37;40,81;;;234
27/08/26;REPSOL;PUT;Dic-27;8,00;26.37;40,62;;;23.000
27/08/26;REPSOL;PUT;Dic-27;8,50;26.37;40,25;;;8.000
27/08/26;REPSOL;PUT;Dic-27;9,00;26.37;39,87;;;7.000
27/08/26;REPSOL;PUT;Dic-27;9,75;26.37;39,32;-0,01;;62
27/08/26;REPSOL;PUT;Dic-27;10,00;26.37;39,13;-0,01;;11.028
27/08/26;REPSOL;PUT;Dic-27;10,50;26.37;38,76;-0,01;;12.938
27/08/26;REPSOL;PUT;Dic-27;11,00;26.37;38,38;-0,01;;27.620
27/08/26;REPSOL;PUT;Dic-27;12,00;26.37;37,64;-0,02;;1
27/08/26;REPSOL;PUT;Dic-27;12,50;26.37;37,26;-0,03;;25
27/08/26;REPSOL;PUT;Dic-27;13,00;26.37;36,89;-0,03;;266
27/08/26;REPSOL;PUT;Dic-27;14,00;26.37;36,15;-0,04;;15.000
27/08/26;REPSOL;PUT;Dic-27;14,50;26.37;35,77;-0,05;;7
27/08/26;REPSOL;PUT;Dic-27;15,00;26.37;35,40;-0,06;;7.001
27/08/26;REPSOL;PUT;Dic-27;16,00;26.37;34,65;-0,08;;30.000
27/08/26;REPSOL;PUT;Dic-27;16,50;26.37;34,28;-0,09;;1.525
27/08/26;REPSOL;PUT;Dic-27;17,00;26.37;33,91;-0,10;;25
27/08/26;REPSOL;PUT;Dic-27;18,00;26.37;33,16;-0,12;;101
27/08/26;REPSOL;PUT;Dic-27;19,00;26.37;32,42;-0,15;;3
27/08/26;REPSOL;PUT;Dic-27;20,00;26.37;31,67;-0,18;;3
27/08/26;REPSOL;PUT;Dic-27;21,00;26.37;30,92;-0,22;;50
27/08/26;REPSOL;PUT;Dic-27;22,00;26.37;30,18;-0,26;;20
27/08/26;REPSOL;PUT;Dic-27;23,00;26.37;29,43;-0,30;;9
27/08/26;REPSOL;PUT;Dic-27;24,00;26.37;28,69;-0,35;;10
27/08/26;REPSOL;PUT;Dic-27;25,00;26.37;27,94;-0,39;;1
27/08/26;REPSOL;PUT;Dic-27;26,00;26.37;27,20;-0,45;;3
27/08/26;REPSOL;PUT;Mar-28;12,00;26.37;35,86;-0,03;;1.000
27/08/26;REPSOL;PUT;Mar-28;13,50;26.37;34,80;-0,04;;1.000
27/08/26;REPSOL;PUT;Mar-28;18,00;26.37;31,61;-0,14;;151
27/08/26;REPSOL;PUT;Mar-28;21,00;26.37;29,49;-0,23;;120
27/08/26;REPSOL;PUT;Mar-28;22,00;26.37;28,78;-0,27;;114
27/08/26;REPSOL;PUT;Mar-28;26,00;26.37;25,95;-0,45;;25
27/08/26;REPSOL;PUT;Jun-28;18,00;26.37;31,01;-0,14;;4.000
27/08/26;REPSOL;PUT;Jun-28;19,50;26.37;30,06;-0,19;;1
27/08/26;REPSOL;PUT;Jun-28;20,00;26.37;29,75;-0,20;;3.000
27/08/26;REPSOL;PUT;Jun-28;21,00;26.37;29,11;-0,24;;120
27/08/26;REPSOL;PUT;Jun-28;22,00;26.37;28,48;-0,27;;6.500
27/08/26;REPSOL;PUT;Jun-28;23,00;26.37;27,85;-0,31;;107
27/08/26;REPSOL;PUT;Sep-28;18,00;26.37;30,77;-0,16;;300
27/08/26;REPSOL;PUT;Dic-28;9,00;26.37;34,79;-0,01;;40.500
27/08/26;REPSOL;PUT;Dic-28;10,00;26.37;34,27;-0,02;;10.000
27/08/26;REPSOL;PUT;Dic-28;11,50;26.37;33,50;-0,03;;1.000
27/08/26;REPSOL;PUT;Dic-28;14,50;26.37;31,94;-0,08;;1
27/08/26;REPSOL;PUT;Dic-28;15,00;26.37;31,68;-0,09;;30.250
27/08/26;REPSOL;PUT;Dic-28;18,00;26.37;30,13;-0,16;;1.000
27/08/26;REPSOL;PUT;Dic-28;19,50;26.37;29,35;-0,21;;1
27/08/26;REPSOL;PUT;Dic-28;23,00;26.37;27,54;-0,33;;1
27/08/26;REPSOL;PUT;Dic-28;24,00;26.37;27,02;-0,37;;1.515
27/08/26;REPSOL;PUT;Dic-28;26,00;26.37;25,98;-0,45;;9
27/08/26;REPSOL;PUT;Jun-29;11,00;26.37;32,67;-0,04;;140
27/08/26;REPSOL;PUT;Dic-29;7,75;26.37;32,71;-0,01;;30.000
27/08/26;REPSOL;PUT;Dic-29;8,00;26.37;32,61;-0,01;;17.000
27/08/26;REPSOL;PUT;Dic-29;11,00;26.37;31,51;-0,04;;20.000
27/08/26;REPSOL;PUT;Dic-29;11,50;26.37;31,33;-0,05;;17.000
27/08/26;REPSOL;PUT;Dic-29;12,50;26.37;30,96;-0,07;;800
27/08/26;REPSOL;PUT;Dic-29;28,00;26.37;25,82;-0,51;;25
27/08/26;REPSOL;PUT;Dic-30;14,00;26.37;29,50;-0,11;;3.000
27/08/26;REPSOL;PUT;Dic-30;18,50;26.37;28,19;-0,22;;3.000
27/08/26;REPSOL;CALL;Sep-26;14,00;26.37;43,75;1,00;;1
27/08/26;REPSOL;CALL;Sep-26;14,50;26.37;43,17;1,00;;1
27/08/26;REPSOL;CALL;Sep-26;22,00;26.37;34,55;0,98;;73
27/08/26;REPSOL;CALL;Sep-26;22,00;26.37;34,55;0,98;;10
27/08/26;REPSOL;CALL;Sep-26;23,00;26.37;33,40;0,96;;24
27/08/26;REPSOL;CALL;Sep-26;24,00;26.37;32,25;0,89;;1
27/08/26;REPSOL;CALL;Sep-26;24,00;26.37;32,25;0,89;;10
27/08/26;REPSOL;CALL;Sep-26;25,00;26.37;31,10;0,77;;10
27/08/26;REPSOL;CALL;Sep-26;26,00;26.37;29,95;0,60;;10
27/08/26;REPSOL;CALL;Sep-26;26,00;26.37;29,95;0,60;;19
27/08/26;REPSOL;CALL;Sep-26;27,00;26.37;29,25;0,39;;36
27/08/26;REPSOL;CALL;Sep-26;28,00;26.37;28,82;0,22;;10
27/08/26;REPSOL;CALL;Sep-26;28,00;26.37;28,82;0,22;;20
27/08/26;REPSOL;CALL;Sep-26;29,00;26.37;28,39;0,10;;8
27/08/26;REPSOL;CALL;Oct-26;20,00;26.37;35,90;0,98;;6
27/08/26;REPSOL;CALL;Oct-26;28,00;26.37;29,84;0,32;;5
27/08/26;REPSOL;CALL;Oct-26;30,00;26.37;29,14;0,13;;3
27/08/26;REPSOL;CALL;Dic-26;14,50;26.37;38,95;0,99;;1
27/08/26;REPSOL;CALL;Dic-26;15,00;26.37;38,61;0,99;;33
27/08/26;REPSOL;CALL;Dic-26;17,00;26.37;37,25;0,98;;7
27/08/26;REPSOL;CALL;Dic-26;18,00;26.37;36,56;0,97;;26
27/08/26;REPSOL;CALL;Dic-26;21,00;26.37;34,52;0,90;;10
27/08/26;REPSOL;CALL;Dic-26;23,00;26.37;33,15;0,80;;6
27/08/26;REPSOL;CALL;Dic-26;24,00;26.37;32,47;0,74;;106
27/08/26;REPSOL;CALL;Dic-26;24,00;26.37;32,47;0,74;;10
27/08/26;REPSOL;CALL;Dic-26;25,00;26.37;31,79;0,66;;17
27/08/26;REPSOL;CALL;Dic-26;26,00;26.37;31,10;0,58;;80
27/08/26;REPSOL;CALL;Dic-26;26,00;26.37;31,10;0,58;;20
27/08/26;REPSOL;CALL;Dic-26;27,00;26.37;30,68;0,49;;16
27/08/26;REPSOL;CALL;Dic-26;28,00;26.37;30,42;0,41;;20
27/08/26;REPSOL;CALL;Mar-27;22,00;26.37;34,13;0,78;;1
27/08/26;REPSOL;CALL;Mar-27;23,00;26.37;33,33;0,73;;1
27/08/26;REPSOL;CALL;Mar-27;24,00;26.37;32,54;0,68;;6
27/08/26;REPSOL;CALL;Mar-27;25,00;26.37;31,74;0,62;;5
27/08/26;REPSOL;CALL;Mar-27;26,00;26.37;30,94;0,55;;5
27/08/26;REPSOL;CALL;Jun-27;28,00;26.37;29,59;0,46;;15
27/08/26;REPSOL;CALL;Dic-27;12,00;26.37;40,48;0,94;;15.000
27/08/26;REPSOL;CALL;Dic-27;16,00;26.37;37,49;0,88;;7
27/08/26;REPSOL;CALL;Jun-28;26,00;26.37;29,96;0,55;;1
27/08/26;REPSOL;CALL;Dic-28;15,25;26.37;35,85;0,84;;750
27/08/26;REPSOL;CALL;Jun-29;26,00;26.37;30,82;0,54;;1
27/08/26;REPSOL;PUT;Sep-26;11,00;26.37;46,33;;;1.200
27/08/26;REPSOL;PUT;Sep-26;16,00;26.37;40,58;;;10
27/08/26;REPSOL;PUT;Sep-26;18,00;26.37;38,28;;;5
27/08/26;REPSOL;PUT;Sep-26;19,00;26.37;37,13;;;15
27/08/26;REPSOL;PUT;Sep-26;19,50;26.37;36,55;;;10
27/08/26;REPSOL;PUT;Sep-26;23,00;26.37;32,53;-0,04;;5
27/08/26;REPSOL;PUT;Sep-26;24,00;26.37;31,38;-0,10;;20
27/08/26;REPSOL;PUT;Sep-26;24,00;26.37;31,38;-0,10;;2
27/08/26;REPSOL;PUT;Sep-26;25,00;26.37;30,23;-0,22;;2
27/08/26;REPSOL;PUT;Sep-26;26,00;26.37;29,08;-0,40;;45
27/08/26;REPSOL;PUT;Sep-26;27,00;26.37;28,38;-0,61;;10
27/08/26;REPSOL;PUT;Oct-26;25,00;26.37;29,61;-0,28;5;5
27/08/26;REPSOL;PUT;Oct-26;27,00;26.37;28,21;-0,55;;5
27/08/26;REPSOL;PUT;Nov-26;24,00;26.37;30,45;-0,23;5;5
27/08/26;REPSOL;PUT;Dic-26;11,00;26.37;39,61;;;1
27/08/26;REPSOL;PUT;Dic-26;13,50;26.37;37,90;;;150
27/08/26;REPSOL;PUT;Dic-26;14,50;26.37;37,22;;;150
27/08/26;REPSOL;PUT;Dic-26;15,00;26.37;36,88;;;1
27/08/26;REPSOL;PUT;Dic-26;15,50;26.37;36,54;;;450
27/08/26;REPSOL;PUT;Dic-26;17,00;26.37;35,52;-0,01;;154
27/08/26;REPSOL;PUT;Dic-26;18,00;26.37;34,83;-0,02;;7
27/08/26;REPSOL;PUT;Dic-26;20,00;26.37;33,47;-0,05;;20
27/08/26;REPSOL;PUT;Dic-26;21,00;26.37;32,79;-0,08;;10
27/08/26;REPSOL;PUT;Dic-26;22,00;26.37;32,10;-0,13;;10
27/08/26;REPSOL;PUT;Dic-26;22,00;26.37;32,10;-0,13;;15
27/08/26;REPSOL;PUT;Dic-26;24,00;26.37;30,74;-0,25;;36
27/08/26;REPSOL;PUT;Dic-26;25,00;26.37;30,06;-0,33;;30
27/08/26;REPSOL;PUT;Dic-26;30,00;26.37;28,16;-0,75;;10
27/08/26;REPSOL;PUT;Mar-27;11,50;26.37;40,22;;;1
27/08/26;REPSOL;PUT;Jun-27;24,00;26.37;29,93;-0,31;;5
27/08/26;REPSOL;PUT;Sep-27;17,00;26.37;35,09;-0,09;;5
27/08/26;REPSOL;PUT;Dic-28;15,25;26.37;31,55;-0,09;;750
27/08/26;SACYR;CALL;Nov-26;4,50;4.31;25,97;0,41;80;80
27/08/26;SACYR;CALL;Dic-26;3,70;4.31;26,93;0,87;;10
27/08/26;SACYR;CALL;Dic-26;3,90;4.31;26,82;0,78;;25
27/08/26;SACYR;CALL;Dic-26;4,00;4.31;26,77;0,73;;5
27/08/26;SACYR;CALL;Dic-26;4,20;4.31;26,66;0,62;;20
27/08/26;SACYR;CALL;Dic-26;4,30;4.31;26,60;0,55;;43
27/08/26;SACYR;CALL;Dic-26;4,50;4.31;26,20;0,43;;10
27/08/26;SACYR;CALL;Dic-26;4,70;4.31;25,78;0,32;;10
27/08/26;SACYR;CALL;Dic-26;4,80;4.31;25,57;0,26;;10
27/08/26;SACYR;CALL;Dic-26;5,00;4.31;25,15;0,17;;30
27/08/26;SACYR;CALL;Mar-27;3,70;4.31;25,35;0,84;;10
27/08/26;SACYR;CALL;Mar-27;3,80;4.31;25,30;0,80;;10
27/08/26;SACYR;CALL;Mar-27;4,80;4.31;24,18;0,31;;20.000
27/08/26;SACYR;CALL;Jun-27;3,90;4.31;24,28;0,73;;25
27/08/26;SACYR;CALL;Jun-27;4,80;4.31;23,55;0,36;;10
27/08/26;SACYR;CALL;Jun-27;4,90;4.31;23,43;0,32;;20
27/08/26;SACYR;CALL;Jun-27;5,00;4.31;23,32;0,29;;10
27/08/26;SACYR;CALL;Dic-27;4,00;4.31;23,43;0,67;;25
27/08/26;SACYR;PUT;Sep-26;3,60;4.31;25,44;;;20
27/08/26;SACYR;PUT;Sep-26;4,30;4.31;25,17;-0,47;;5
27/08/26;SACYR;PUT;Sep-26;4,50;4.31;25,17;-0,75;;100
27/08/26;SACYR;PUT;Oct-26;4,50;4.31;25,22;-0,66;;100
27/08/26;SACYR;PUT;Dic-26;3,50;4.31;26,58;-0,06;;10
27/08/26;SACYR;PUT;Dic-26;4,50;4.31;25,74;-0,58;;1.000
27/08/26;SACYR;PUT;Dic-26;4,70;4.31;25,32;-0,70;;50
27/08/26;SACYR;PUT;Dic-26;5,00;4.31;24,69;-0,86;;100
27/08/26;SACYR;PUT;Mar-27;4,20;4.31;25,01;-0,41;;3
27/08/26;SACYR;PUT;Jun-27;3,40;4.31;24,53;-0,11;;20
27/08/26;SACYR;PUT;Jun-27;3,80;4.31;24,38;-0,24;;10
27/08/26;SACYR;PUT;Jun-27;3,90;4.31;24,34;-0,28;;10
27/08/26;SACYR;PUT;Jun-27;4,30;4.31;24,18;-0,45;;3
27/08/26;SACYR;PUT;Jun-27;4,50;4.31;23,96;-0,54;;1.000
27/08/26;SANTANDER;CALL;Sep-26;5,50;12.54;51,53;1,00;;16
27/08/26;SANTANDER;CALL;Sep-26;5,75;12.54;50,57;1,00;;1
27/08/26;SANTANDER;CALL;Sep-26;6,50;12.54;47,70;1,00;;11
27/08/26;SANTANDER;CALL;Sep-26;7,00;12.54;45,79;1,00;;4
27/08/26;SANTANDER;CALL;Sep-26;7,75;12.54;42,92;1,00;;30
27/08/26;SANTANDER;CALL;Sep-26;8,00;12.54;41,96;1,00;;100
27/08/26;SANTANDER;CALL;Sep-26;8,50;12.54;40,05;1,00;;458
27/08/26;SANTANDER;CALL;Sep-26;8,75;12.54;39,09;1,00;;3.200
27/08/26;SANTANDER;CALL;Sep-26;9,00;12.54;38,14;1,00;;1
27/08/26;SANTANDER;CALL;Sep-26;9,25;12.54;37,18;1,00;;9
27/08/26;SANTANDER;CALL;Sep-26;9,50;12.54;36,22;1,00;;9
27/08/26;SANTANDER;CALL;Sep-26;9,75;12.54;35,27;1,00;;5.031
27/08/26;SANTANDER;CALL;Sep-26;10,00;12.54;34,31;1,00;;51
27/08/26;SANTANDER;CALL;Sep-26;10,50;12.54;32,40;0,99;;154
27/08/26;SANTANDER;CALL;Sep-26;11,00;12.54;30,48;0,96;;23
27/08/26;SANTANDER;CALL;Sep-26;11,50;12.54;28,57;0,90;;10
27/08/26;SANTANDER;CALL;Sep-26;12,00;12.54;26,65;0,77;;11.069
27/08/26;SANTANDER;CALL;Sep-26;12,50;12.54;24,74;0,54;;19
27/08/26;SANTANDER;CALL;Sep-26;12,75;12.54;24,44;0,41;;9
27/08/26;SANTANDER;CALL;Sep-26;13,00;12.54;24,26;0,29;21;112
27/08/26;SANTANDER;CALL;Sep-26;13,50;12.54;23,92;0,12;;721
27/08/26;SANTANDER;CALL;Sep-26;14,00;12.54;23,57;0,03;;10
27/08/26;SANTANDER;CALL;Sep-26;14,50;12.54;23,23;0,01;;3
27/08/26;SANTANDER;CALL;Oct-26;11,00;12.54;32,84;0,88;;1
27/08/26;SANTANDER;CALL;Oct-26;11,50;12.54;31,07;0,80;;12
27/08/26;SANTANDER;CALL;Oct-26;12,50;12.54;27,54;0,55;;1
27/08/26;SANTANDER;CALL;Oct-26;13,00;12.54;27,02;0,39;;1.006
27/08/26;SANTANDER;CALL;Oct-26;13,50;12.54;26,63;0,25;;21
27/08/26;SANTANDER;CALL;Oct-26;14,00;12.54;26,23;0,15;;103
27/08/26;SANTANDER;CALL;Oct-26;14,50;12.54;25,83;0,08;;1
27/08/26;SANTANDER;CALL;Nov-26;13,00;12.54;28,01;0,42;;2
27/08/26;SANTANDER;CALL;Dic-26;3,00;12.54;61,74;1,00;;1
27/08/26;SANTANDER;CALL;Dic-26;4,00;12.54;58,36;1,00;;100
27/08/26;SANTANDER;CALL;Dic-26;4,50;12.54;56,67;1,00;;1
27/08/26;SANTANDER;CALL;Dic-26;4,80;12.54;55,66;1,00;;5.050
27/08/26;SANTANDER;CALL;Dic-26;4,90;12.54;55,32;1,00;;50
27/08/26;SANTANDER;CALL;Dic-26;5,00;12.54;54,99;1,00;;25
27/08/26;SANTANDER;CALL;Dic-26;5,25;12.54;54,14;1,00;;25
27/08/26;SANTANDER;CALL;Dic-26;5,75;12.54;52,46;1,00;;6
27/08/26;SANTANDER;CALL;Dic-26;6,00;12.54;51,61;1,00;;7
27/08/26;SANTANDER;CALL;Dic-26;6,50;12.54;49,92;1,00;;5
27/08/26;SANTANDER;CALL;Dic-26;7,00;12.54;48,24;1,00;;86
27/08/26;SANTANDER;CALL;Dic-26;7,50;12.54;46,55;0,99;;28
27/08/26;SANTANDER;CALL;Dic-26;7,75;12.54;45,70;0,99;;2
27/08/26;SANTANDER;CALL;Dic-26;8,00;12.54;44,86;0,98;;10.163
27/08/26;SANTANDER;CALL;Dic-26;8,25;12.54;44,02;0,98;;110
27/08/26;SANTANDER;CALL;Dic-26;8,50;12.54;43,17;0,97;;100
27/08/26;SANTANDER;CALL;Dic-26;8,75;12.54;42,33;0,96;;22
27/08/26;SANTANDER;CALL;Dic-26;9,00;12.54;41,49;0,96;;335
27/08/26;SANTANDER;CALL;Dic-26;9,25;12.54;40,64;0,94;;2
27/08/26;SANTANDER;CALL;Dic-26;9,50;12.54;39,80;0,93;;75
27/08/26;SANTANDER;CALL;Dic-26;9,75;12.54;38,95;0,91;;5
27/08/26;SANTANDER;CALL;Dic-26;10,00;12.54;38,11;0,90;;67
27/08/26;SANTANDER;CALL;Dic-26;10,50;12.54;36,42;0,85;;77
27/08/26;SANTANDER;CALL;Dic-26;11,00;12.54;34,73;0,79;;68
27/08/26;SANTANDER;CALL;Dic-26;11,50;12.54;33,05;0,72;;377
27/08/26;SANTANDER;CALL;Dic-26;12,00;12.54;31,36;0,64;;57
27/08/26;SANTANDER;CALL;Dic-26;12,50;12.54;29,67;0,54;;85.903
27/08/26;SANTANDER;CALL;Dic-26;13,00;12.54;29,14;0,44;;15.015
27/08/26;SANTANDER;CALL;Dic-26;13,50;12.54;28,72;0,35;21;51
27/08/26;SANTANDER;CALL;Dic-26;14,00;12.54;28,29;0,26;;114
27/08/26;SANTANDER;CALL;Dic-26;14,50;12.54;27,86;0,19;;105
27/08/26;SANTANDER;CALL;Mar-27;4,60;12.54;55,67;1,00;;25
27/08/26;SANTANDER;CALL;Mar-27;4,70;12.54;55,37;1,00;;25
27/08/26;SANTANDER;CALL;Mar-27;4,80;12.54;55,06;1,00;;50
27/08/26;SANTANDER;CALL;Mar-27;4,90;12.54;54,76;1,00;;50
27/08/26;SANTANDER;CALL;Mar-27;5,00;12.54;54,45;1,00;;50
27/08/26;SANTANDER;CALL;Mar-27;5,25;12.54;53,69;1,00;;25
27/08/26;SANTANDER;CALL;Mar-27;6,00;12.54;51,39;0,99;;25
27/08/26;SANTANDER;CALL;Mar-27;6,25;12.54;50,63;0,99;;25
27/08/26;SANTANDER;CALL;Mar-27;7,50;12.54;46,81;0,96;;1
27/08/26;SANTANDER;CALL;Mar-27;8,00;12.54;45,28;0,94;;3
27/08/26;SANTANDER;CALL;Mar-27;9,25;12.54;41,46;0,88;;140
27/08/26;SANTANDER;CALL;Mar-27;9,50;12.54;40,70;0,86;;36
27/08/26;SANTANDER;CALL;Mar-27;10,00;12.54;39,17;0,82;;20
27/08/26;SANTANDER;CALL;Mar-27;11,00;12.54;36,11;0,74;;1.820
27/08/26;SANTANDER;CALL;Mar-27;11,50;12.54;34,58;0,68;;52
27/08/26;SANTANDER;CALL;Mar-27;12,00;12.54;33,06;0,62;;6.615
27/08/26;SANTANDER;CALL;Mar-27;12,50;12.54;31,53;0,56;;52.506
27/08/26;SANTANDER;CALL;Mar-27;13,00;12.54;31,07;0,49;;5.105
27/08/26;SANTANDER;CALL;Mar-27;13,50;12.54;30,71;0,42;;6.100
27/08/26;SANTANDER;CALL;Mar-27;14,00;12.54;30,35;0,36;;42
27/08/26;SANTANDER;CALL;Mar-27;14,50;12.54;29,99;0,30;;100
27/08/26;SANTANDER;CALL;Mar-27;15,00;12.54;29,64;0,25;;90
27/08/26;SANTANDER;CALL;Mar-27;15,50;12.54;29,28;0,20;;26
27/08/26;SANTANDER;CALL;Mar-27;16,00;12.54;28,92;0,16;;13
27/08/26;SANTANDER;CALL;Jun-27;6,00;12.54;48,15;0,99;;25
27/08/26;SANTANDER;CALL;Jun-27;6,25;12.54;47,53;0,98;;25
27/08/26;SANTANDER;CALL;Jun-27;6,50;12.54;46,92;0,97;;25
27/08/26;SANTANDER;CALL;Jun-27;6,75;12.54;46,31;0,97;;25
27/08/26;SANTANDER;CALL;Jun-27;7,00;12.54;45,70;0,96;;25
27/08/26;SANTANDER;CALL;Jun-27;7,25;12.54;45,09;0,95;;25
27/08/26;SANTANDER;CALL;Jun-27;8,25;12.54;42,64;0,91;;5
27/08/26;SANTANDER;CALL;Jun-27;9,00;12.54;40,81;0,87;;6.000
27/08/26;SANTANDER;CALL;Jun-27;9,75;12.54;38,98;0,82;;1
27/08/26;SANTANDER;CALL;Jun-27;10,00;12.54;38,37;0,81;;5.030
27/08/26;SANTANDER;CALL;Jun-27;10,50;12.54;37,14;0,77;;63
27/08/26;SANTANDER;CALL;Jun-27;11,00;12.54;35,92;0,72;;15
27/08/26;SANTANDER;CALL;Jun-27;12,00;12.54;33,48;0,62;;5.000
27/08/26;SANTANDER;CALL;Jun-27;12,50;12.54;32,25;0,57;;10
27/08/26;SANTANDER;CALL;Jun-27;13,00;12.54;31,83;0,51;;624
27/08/26;SANTANDER;CALL;Jun-27;13,50;12.54;31,49;0,46;;157
27/08/26;SANTANDER;CALL;Jun-27;15,00;12.54;30,45;0,31;;2.020
27/08/26;SANTANDER;CALL;Jun-27;16,00;12.54;29,76;0,22;;10
27/08/26;SANTANDER;CALL;Sep-27;9,00;12.54;39,57;0,85;;153
27/08/26;SANTANDER;CALL;Sep-27;10,00;12.54;37,52;0,79;;2
27/08/26;SANTANDER;CALL;Sep-27;12,00;12.54;33,43;0,63;;2
27/08/26;SANTANDER;CALL;Dic-27;2,30;12.54;51,86;1,00;;22
27/08/26;SANTANDER;CALL;Dic-27;4,20;12.54;48,27;1,00;;7.000
27/08/26;SANTANDER;CALL;Dic-27;4,90;12.54;46,95;1,00;;4
27/08/26;SANTANDER;CALL;Dic-27;5,00;12.54;46,76;1,00;;2
27/08/26;SANTANDER;CALL;Dic-27;5,25;12.54;46,29;0,99;;3
27/08/26;SANTANDER;CALL;Dic-27;5,50;12.54;45,82;0,99;;5
27/08/26;SANTANDER;CALL;Dic-27;7,00;12.54;42,99;0,94;;2.545
27/08/26;SANTANDER;CALL;Dic-27;7,50;12.54;42,04;0,92;;4
27/08/26;SANTANDER;CALL;Dic-27;8,00;12.54;41,10;0,90;;10
27/08/26;SANTANDER;CALL;Dic-27;8,50;12.54;40,16;0,87;;2
27/08/26;SANTANDER;CALL;Dic-27;9,00;12.54;39,21;0,84;;152
27/08/26;SANTANDER;CALL;Dic-27;9,25;12.54;38,74;0,83;;25
27/08/26;SANTANDER;CALL;Dic-27;10,00;12.54;37,33;0,78;;20
27/08/26;SANTANDER;CALL;Dic-27;10,50;12.54;36,38;0,75;;1
27/08/26;SANTANDER;CALL;Dic-27;11,00;12.54;35,44;0,71;;5.000
27/08/26;SANTANDER;CALL;Dic-27;11,50;12.54;34,50;0,67;;150
27/08/26;SANTANDER;CALL;Dic-27;12,00;12.54;33,55;0,63;;6
27/08/26;SANTANDER;CALL;Dic-27;14,00;12.54;31,64;0,46;;52.500
27/08/26;SANTANDER;CALL;Dic-27;15,00;12.54;31,03;0,38;;25.000
27/08/26;SANTANDER;CALL;Dic-27;15,50;12.54;30,72;0,34;;2
27/08/26;SANTANDER;CALL;Mar-28;8,75;12.54;39,11;0,85;;1
27/08/26;SANTANDER;CALL;Mar-28;9,00;12.54;38,68;0,83;;450
27/08/26;SANTANDER;CALL;Mar-28;9,25;12.54;38,25;0,82;;300
27/08/26;SANTANDER;CALL;Mar-28;9,50;12.54;37,82;0,80;;50
27/08/26;SANTANDER;CALL;Mar-28;9,75;12.54;37,38;0,79;;250
27/08/26;SANTANDER;CALL;Mar-28;10,00;12.54;36,95;0,77;;126
27/08/26;SANTANDER;CALL;Mar-28;12,00;12.54;33,50;0,63;;150
27/08/26;SANTANDER;CALL;Mar-28;13,50;12.54;31,97;0,51;;150
27/08/26;SANTANDER;CALL;Mar-28;14,00;12.54;31,67;0,47;;10.000
27/08/26;SANTANDER;CALL;Jun-28;6,00;12.54;43,32;0,97;;3
27/08/26;SANTANDER;CALL;Jun-28;7,75;12.54;40,53;0,89;;4
27/08/26;SANTANDER;CALL;Jun-28;9,50;12.54;37,74;0,80;;5
27/08/26;SANTANDER;CALL;Jun-28;10,00;12.54;36,94;0,77;;150
27/08/26;SANTANDER;CALL;Jun-28;12,50;12.54;32,96;0,60;;3
27/08/26;SANTANDER;CALL;Jun-28;15,50;12.54;31,24;0,38;;3.500
27/08/26;SANTANDER;CALL;Sep-28;13,00;12.54;32,85;0,57;;3
27/08/26;SANTANDER;CALL;Sep-28;15,50;12.54;31,52;0,40;;15
27/08/26;SANTANDER;CALL;Dic-28;8,50;12.54;39,07;0,85;;3.003
27/08/26;SANTANDER;CALL;Dic-28;9,00;12.54;38,37;0,82;;4
27/08/26;SANTANDER;CALL;Dic-28;12,00;12.54;34,14;0,64;;5.000
27/08/26;SANTANDER;CALL;Dic-28;12,50;12.54;33,44;0,61;;1
27/08/26;SANTANDER;PUT;Sep-26;4,00;12.54;58,52;;;2
27/08/26;SANTANDER;PUT;Sep-26;6,00;12.54;50,87;;;32.505
27/08/26;SANTANDER;PUT;Sep-26;6,75;12.54;48,00;;;103
27/08/26;SANTANDER;PUT;Sep-26;7,00;12.54;47,04;;;14.621
27/08/26;SANTANDER;PUT;Sep-26;7,50;12.54;45,13;;;210
27/08/26;SANTANDER;PUT;Sep-26;7,75;12.54;44,17;;;10.010
27/08/26;SANTANDER;PUT;Sep-26;8,00;12.54;43,21;;;10.209
27/08/26;SANTANDER;PUT;Sep-26;8,25;12.54;42,26;;;93
27/08/26;SANTANDER;PUT;Sep-26;8,50;12.54;41,30;;;5.001
27/08/26;SANTANDER;PUT;Sep-26;8,75;12.54;40,34;;;55
27/08/26;SANTANDER;PUT;Sep-26;9,00;12.54;39,39;;;133
27/08/26;SANTANDER;PUT;Sep-26;9,25;12.54;38,43;;;4.041
27/08/26;SANTANDER;PUT;Sep-26;9,50;12.54;37,47;;;690
27/08/26;SANTANDER;PUT;Sep-26;9,75;12.54;36,52;;;140
27/08/26;SANTANDER;PUT;Sep-26;10,00;12.54;35,56;;;13
27/08/26;SANTANDER;PUT;Sep-26;10,50;12.54;33,65;-0,01;;2.225
27/08/26;SANTANDER;PUT;Sep-26;11,00;12.54;31,73;-0,04;;129
27/08/26;SANTANDER;PUT;Sep-26;11,50;12.54;29,82;-0,11;;25.407
27/08/26;SANTANDER;PUT;Sep-26;12,00;12.54;27,90;-0,24;;939
27/08/26;SANTANDER;PUT;Sep-26;12,25;12.54;26,95;-0,34;;3
27/08/26;SANTANDER;PUT;Sep-26;12,50;12.54;25,99;-0,46;;328
27/08/26;SANTANDER;PUT;Sep-26;12,75;12.54;25,69;-0,59;;2
27/08/26;SANTANDER;PUT;Sep-26;13,00;12.54;25,51;-0,70;5;24
27/08/26;SANTANDER;PUT;Oct-26;10,00;12.54;36,23;-0,04;;4
27/08/26;SANTANDER;PUT;Oct-26;11,00;12.54;32,69;-0,12;;186
27/08/26;SANTANDER;PUT;Oct-26;11,50;12.54;30,92;-0,20;3;694
27/08/26;SANTANDER;PUT;Oct-26;12,00;12.54;29,16;-0,31;2;38
27/08/26;SANTANDER;PUT;Oct-26;12,50;12.54;27,39;-0,46;;18
27/08/26;SANTANDER;PUT;Oct-26;13,00;12.54;26,87;-0,61;;7
27/08/26;SANTANDER;PUT;Nov-26;11,00;12.54;33,09;-0,20;1;2
27/08/26;SANTANDER;PUT;Nov-26;11,50;12.54;31,37;-0,27;1;1
27/08/26;SANTANDER;PUT;Nov-26;12,00;12.54;29,66;-0,37;1;6
27/08/26;SANTANDER;PUT;Nov-26;12,50;12.54;27,94;-0,48;1;1
27/08/26;SANTANDER;PUT;Dic-26;2,50;12.54;62,17;;;40
27/08/26;SANTANDER;PUT;Dic-26;2,80;12.54;61,15;;;60.000
27/08/26;SANTANDER;PUT;Dic-26;3,20;12.54;59,80;;;10
27/08/26;SANTANDER;PUT;Dic-26;3,40;12.54;59,13;;;2
27/08/26;SANTANDER;PUT;Dic-26;3,50;12.54;58,79;;;5
27/08/26;SANTANDER;PUT;Dic-26;3,60;12.54;58,45;;;50.002
27/08/26;SANTANDER;PUT;Dic-26;4,00;12.54;57,10;;;25.007
27/08/26;SANTANDER;PUT;Dic-26;4,20;12.54;56,43;;;25
27/08/26;SANTANDER;PUT;Dic-26;4,30;12.54;56,09;;;15.000
27/08/26;SANTANDER;PUT;Dic-26;4,40;12.54;55,75;;;10.000
27/08/26;SANTANDER;PUT;Dic-26;4,60;12.54;55,08;;;80
27/08/26;SANTANDER;PUT;Dic-26;4,70;12.54;54,74;;;5
27/08/26;SANTANDER;PUT;Dic-26;4,80;12.54;54,40;;;15.000
27/08/26;SANTANDER;PUT;Dic-26;4,90;12.54;54,06;;;150
27/08/26;SANTANDER;PUT;Dic-26;5,00;12.54;53,73;;;20.400
27/08/26;SANTANDER;PUT;Dic-26;5,25;12.54;52,88;;;600
27/08/26;SANTANDER;PUT;Dic-26;6,00;12.54;50,35;;;5.019
27/08/26;SANTANDER;PUT;Dic-26;6,25;12.54;49,51;;;5
27/08/26;SANTANDER;PUT;Dic-26;6,50;12.54;48,66;-0,01;;155
27/08/26;SANTANDER;PUT;Dic-26;6,75;12.54;47,82;-0,01;;156
27/08/26;SANTANDER;PUT;Dic-26;7,00;12.54;46,98;-0,01;;10.171
27/08/26;SANTANDER;PUT;Dic-26;7,25;12.54;46,13;-0,01;;50
27/08/26;SANTANDER;PUT;Dic-26;7,50;12.54;45,29;-0,02;;18
27/08/26;SANTANDER;PUT;Dic-26;7,75;12.54;44,44;-0,02;;51
27/08/26;SANTANDER;PUT;Dic-26;8,00;12.54;43,60;-0,03;;34.888
27/08/26;SANTANDER;PUT;Dic-26;8,25;12.54;42,76;-0,03;;611
27/08/26;SANTANDER;PUT;Dic-26;8,50;12.54;41,91;-0,04;;15.882
27/08/26;SANTANDER;PUT;Dic-26;8,75;12.54;41,07;-0,05;;856
27/08/26;SANTANDER;PUT;Dic-26;9,00;12.54;40,23;-0,06;;5.090
27/08/26;SANTANDER;PUT;Dic-26;9,25;12.54;39,38;-0,07;;999
27/08/26;SANTANDER;PUT;Dic-26;9,50;12.54;38,54;-0,08;;34
27/08/26;SANTANDER;PUT;Dic-26;9,75;12.54;37,69;-0,10;;20
27/08/26;SANTANDER;PUT;Dic-26;10,00;12.54;36,85;-0,12;;90.011
27/08/26;SANTANDER;PUT;Dic-26;10,50;12.54;35,16;-0,16;;15.226
27/08/26;SANTANDER;PUT;Dic-26;11,00;12.54;33,47;-0,22;;1.170
27/08/26;SANTANDER;PUT;Dic-26;11,50;12.54;31,79;-0,29;;81
27/08/26;SANTANDER;PUT;Dic-26;12,00;12.54;30,10;-0,38;;231
27/08/26;SANTANDER;PUT;Dic-26;12,50;12.54;28,41;-0,47;;187
27/08/26;SANTANDER;PUT;Dic-26;13,00;12.54;27,88;-0,58;;18
27/08/26;SANTANDER;PUT;Dic-26;13,50;12.54;27,46;-0,68;;100
27/08/26;SANTANDER;PUT;Dic-26;14,00;12.54;27,03;-0,76;;112
27/08/26;SANTANDER;PUT;Dic-26;16,00;12.54;25,33;-0,96;;1
27/08/26;SANTANDER;PUT;Mar-27;5,25;12.54;51,96;-0,01;;470
27/08/26;SANTANDER;PUT;Mar-27;5,50;12.54;51,19;-0,01;;150
27/08/26;SANTANDER;PUT;Mar-27;6,00;12.54;49,66;-0,01;;150
27/08/26;SANTANDER;PUT;Mar-27;6,75;12.54;47,37;-0,03;;371
27/08/26;SANTANDER;PUT;Mar-27;7,00;12.54;46,61;-0,03;;1
27/08/26;SANTANDER;PUT;Mar-27;7,25;12.54;45,84;-0,04;;16.000
27/08/26;SANTANDER;PUT;Mar-27;8,00;12.54;43,55;-0,06;;100
27/08/26;SANTANDER;PUT;Mar-27;8,25;12.54;42,79;-0,07;;5.400
27/08/26;SANTANDER;PUT;Mar-27;8,50;12.54;42,02;-0,08;;100
27/08/26;SANTANDER;PUT;Mar-27;8,75;12.54;41,26;-0,09;;5
27/08/26;SANTANDER;PUT;Mar-27;9,00;12.54;40,50;-0,11;;40
27/08/26;SANTANDER;PUT;Mar-27;9,25;12.54;39,73;-0,12;;3
27/08/26;SANTANDER;PUT;Mar-27;9,50;12.54;38,97;-0,14;;52.500
27/08/26;SANTANDER;PUT;Mar-27;9,75;12.54;38,20;-0,15;;6.700
27/08/26;SANTANDER;PUT;Mar-27;10,00;12.54;37,44;-0,17;;25
27/08/26;SANTANDER;PUT;Mar-27;10,50;12.54;35,91;-0,21;;30
27/08/26;SANTANDER;PUT;Mar-27;11,00;12.54;34,38;-0,26;;9.547
27/08/26;SANTANDER;PUT;Mar-27;11,50;12.54;32,85;-0,32;;100
27/08/26;SANTANDER;PUT;Mar-27;12,00;12.54;31,33;-0,38;;457
27/08/26;SANTANDER;PUT;Mar-27;12,50;12.54;29,80;-0,45;;21
27/08/26;SANTANDER;PUT;Mar-27;13,00;12.54;29,34;-0,53;;14.500
27/08/26;SANTANDER;PUT;Mar-27;14,50;12.54;28,26;-0,73;;1
27/08/26;SANTANDER;PUT;Jun-27;3,00;12.54;54,28;;;15.000
27/08/26;SANTANDER;PUT;Jun-27;4,00;12.54;51,84;;;1
27/08/26;SANTANDER;PUT;Jun-27;5,50;12.54;48,17;-0,02;;42
27/08/26;SANTANDER;PUT;Jun-27;6,00;12.54;46,95;-0,02;;20.100
27/08/26;SANTANDER;PUT;Jun-27;7,00;12.54;44,50;-0,05;;5.155
27/08/26;SANTANDER;PUT;Jun-27;7,25;12.54;43,89;-0,06;;150
27/08/26;SANTANDER;PUT;Jun-27;7,50;12.54;43,28;-0,07;;813
27/08/26;SANTANDER;PUT;Jun-27;7,75;12.54;42,67;-0,08;;150
27/08/26;SANTANDER;PUT;Jun-27;8,00;12.54;42,06;-0,08;;6.000
27/08/26;SANTANDER;PUT;Jun-27;8,75;12.54;40,22;-0,12;;10
27/08/26;SANTANDER;PUT;Jun-27;9,00;12.54;39,61;-0,13;;16.005
27/08/26;SANTANDER;PUT;Jun-27;9,50;12.54;38,39;-0,17;;5
27/08/26;SANTANDER;PUT;Jun-27;10,00;12.54;37,17;-0,20;;10.005
27/08/26;SANTANDER;PUT;Jun-27;10,50;12.54;35,94;-0,24;;5.004
27/08/26;SANTANDER;PUT;Jun-27;11,50;12.54;33,50;-0,33;;5.260
27/08/26;SANTANDER;PUT;Jun-27;12,00;12.54;32,28;-0,39;;5.025
27/08/26;SANTANDER;PUT;Jun-27;12,50;12.54;31,05;-0,44;;366
27/08/26;SANTANDER;PUT;Jun-27;13,00;12.54;30,63;-0,50;1;11
27/08/26;SANTANDER;PUT;Sep-27;8,00;12.54;40,56;-0,10;;315
27/08/26;SANTANDER;PUT;Sep-27;9,50;12.54;37,49;-0,18;;263
27/08/26;SANTANDER;PUT;Sep-27;9,75;12.54;36,97;-0,20;;25
27/08/26;SANTANDER;PUT;Sep-27;10,00;12.54;36,46;-0,21;;5
27/08/26;SANTANDER;PUT;Sep-27;12,00;12.54;32,37;-0,38;;1
27/08/26;SANTANDER;PUT;Sep-27;13,00;12.54;30,97;-0,48;;3
27/08/26;SANTANDER;PUT;Dic-27;3,30;12.54;48,50;;;10
27/08/26;SANTANDER;PUT;Dic-27;3,50;12.54;48,12;;;10.040
27/08/26;SANTANDER;PUT;Dic-27;3,90;12.54;47,37;-0,01;;10
27/08/26;SANTANDER;PUT;Dic-27;4,00;12.54;47,18;-0,01;;42
27/08/26;SANTANDER;PUT;Dic-27;4,20;12.54;46,80;-0,01;;7.000
27/08/26;SANTANDER;PUT;Dic-27;4,40;12.54;46,42;-0,01;;51.025
27/08/26;SANTANDER;PUT;Dic-27;4,70;12.54;45,86;-0,02;;10
27/08/26;SANTANDER;PUT;Dic-27;5,25;12.54;44,82;-0,03;;11.500
27/08/26;SANTANDER;PUT;Dic-27;5,50;12.54;44,35;-0,03;;1
27/08/26;SANTANDER;PUT;Dic-27;5,75;12.54;43,88;-0,04;;50.000
27/08/26;SANTANDER;PUT;Dic-27;6,00;12.54;43,40;-0,04;;5.150
27/08/26;SANTANDER;PUT;Dic-27;6,25;12.54;42,93;-0,05;;150
27/08/26;SANTANDER;PUT;Dic-27;6,50;12.54;42,46;-0,06;;151
27/08/26;SANTANDER;PUT;Dic-27;6,75;12.54;41,99;-0,06;;150
27/08/26;SANTANDER;PUT;Dic-27;7,00;12.54;41,52;-0,07;;10.500
27/08/26;SANTANDER;PUT;Dic-27;7,25;12.54;41,05;-0,08;;325
27/08/26;SANTANDER;PUT;Dic-27;7,50;12.54;40,57;-0,09;;300
27/08/26;SANTANDER;PUT;Dic-27;7,75;12.54;40,10;-0,10;;5.000
27/08/26;SANTANDER;PUT;Dic-27;8,00;12.54;39,63;-0,11;;75
27/08/26;SANTANDER;PUT;Dic-27;8,50;12.54;38,69;-0,14;;10.003
27/08/26;SANTANDER;PUT;Dic-27;8,75;12.54;38,22;-0,15;;23
27/08/26;SANTANDER;PUT;Dic-27;9,00;12.54;37,74;-0,17;;4.000
27/08/26;SANTANDER;PUT;Dic-27;9,75;12.54;36,33;-0,21;;25.000
27/08/26;SANTANDER;PUT;Dic-27;10,00;12.54;35,86;-0,23;;40.176
27/08/26;SANTANDER;PUT;Dic-27;10,50;12.54;34,91;-0,26;;4.745
27/08/26;SANTANDER;PUT;Dic-27;11,00;12.54;33,97;-0,30;;30.002
27/08/26;SANTANDER;PUT;Dic-27;11,50;12.54;33,03;-0,34;;25
27/08/26;SANTANDER;PUT;Dic-27;12,00;12.54;32,08;-0,39;;302
27/08/26;SANTANDER;PUT;Dic-27;12,50;12.54;31,14;-0,43;;25
27/08/26;SANTANDER;PUT;Mar-28;9,00;12.54;36,63;-0,17;3.000;3.150
27/08/26;SANTANDER;PUT;Mar-28;9,25;12.54;36,20;-0,18;;150
27/08/26;SANTANDER;PUT;Mar-28;9,75;12.54;35,33;-0,22;;5
27/08/26;SANTANDER;PUT;Mar-28;10,00;12.54;34,90;-0,23;;150
27/08/26;SANTANDER;PUT;Mar-28;10,50;12.54;34,04;-0,27;;387
27/08/26;SANTANDER;PUT;Mar-28;11,00;12.54;33,17;-0,30;;20.175
27/08/26;SANTANDER;PUT;Mar-28;12,00;12.54;31,45;-0,38;;150
27/08/26;SANTANDER;PUT;Jun-28;5,00;12.54;42,35;-0,03;;10.000
27/08/26;SANTANDER;PUT;Jun-28;10,50;12.54;33,58;-0,27;;10.000
27/08/26;SANTANDER;PUT;Jun-28;11,00;12.54;32,78;-0,31;;381
27/08/26;SANTANDER;PUT;Jun-28;11,50;12.54;31,98;-0,35;;450
27/08/26;SANTANDER;PUT;Jun-28;12,00;12.54;31,18;-0,38;;602
27/08/26;SANTANDER;PUT;Jun-28;12,50;12.54;30,39;-0,42;;3.500
27/08/26;SANTANDER;PUT;Dic-28;4,20;12.54;41,60;-0,02;;10.000
27/08/26;SANTANDER;PUT;Dic-28;6,00;12.54;39,07;-0,06;;12.500
27/08/26;SANTANDER;PUT;Dic-28;8,00;12.54;36,25;-0,14;;15.500
27/08/26;SANTANDER;PUT;Dic-28;8,50;12.54;35,54;-0,17;;3.000
27/08/26;SANTANDER;PUT;Dic-28;9,00;12.54;34,84;-0,19;;5.000
27/08/26;SANTANDER;PUT;Dic-28;10,00;12.54;33,43;-0,25;;12.000
27/08/26;SANTANDER;PUT;Dic-29;3,90;12.54;39,48;-0,02;;3.250
27/08/26;SANTANDER;PUT;Dic-29;5,50;12.54;37,60;-0,07;;25.000
27/08/26;SANTANDER;PUT;Dic-29;8,00;12.54;34,68;-0,16;;11.000
27/08/26;SANTANDER;PUT;Dic-29;10,50;12.54;31,76;-0,29;;100
27/08/26;SANTANDER;PUT;Dic-30;6,00;12.54;35,89;-0,09;;10.000
27/08/26;SANTANDER;PUT;Dic-30;12,50;12.54;29,15;-0,40;;58
27/08/26;SANTANDER;PUT;Dic-30;13,00;12.54;28,93;-0,42;;185
27/08/26;SANTANDER;CALL;Sep-26;9,00;12.54;38,14;1,00;;10
27/08/26;SANTANDER;CALL;Sep-26;10,50;12.54;32,40;0,99;;40
27/08/26;SANTANDER;CALL;Sep-26;11,00;12.54;30,48;0,96;;40
27/08/26;SANTANDER;CALL;Sep-26;11,00;12.54;30,48;0,96;;10
27/08/26;SANTANDER;CALL;Sep-26;11,50;12.54;28,57;0,90;;10
27/08/26;SANTANDER;CALL;Sep-26;11,50;12.54;28,57;0,90;;60
27/08/26;SANTANDER;CALL;Sep-26;12,00;12.54;26,65;0,76;;4.030
27/08/26;SANTANDER;CALL;Sep-26;12,00;12.54;26,65;0,76;;20
27/08/26;SANTANDER;CALL;Sep-26;12,50;12.54;24,74;0,54;;20
27/08/26;SANTANDER;CALL;Sep-26;12,50;12.54;24,74;0,54;;80
27/08/26;SANTANDER;CALL;Sep-26;12,75;12.54;24,44;0,41;;20
27/08/26;SANTANDER;CALL;Sep-26;13,00;12.54;24,26;0,29;;20
27/08/26;SANTANDER;CALL;Sep-26;13,00;12.54;24,26;0,29;;4.510
27/08/26;SANTANDER;CALL;Sep-26;13,50;12.54;23,92;0,12;;9.000
27/08/26;SANTANDER;CALL;Sep-26;13,50;12.54;23,92;0,12;;50
27/08/26;SANTANDER;CALL;Oct-26;11,00;12.54;32,84;0,87;;40
27/08/26;SANTANDER;CALL;Oct-26;12,00;12.54;29,31;0,69;;32
27/08/26;SANTANDER;CALL;Oct-26;12,50;12.54;27,54;0,54;;10
27/08/26;SANTANDER;CALL;Oct-26;13,00;12.54;27,02;0,39;;30
27/08/26;SANTANDER;CALL;Oct-26;14,00;12.54;26,23;0,15;;38.947
27/08/26;SANTANDER;CALL;Dic-26;6,50;12.54;49,92;0,99;;36
27/08/26;SANTANDER;CALL;Dic-26;8,00;12.54;44,86;0,96;;2
27/08/26;SANTANDER;CALL;Dic-26;8,50;12.54;43,17;0,95;;2
27/08/26;SANTANDER;CALL;Dic-26;8,75;12.54;42,33;0,94;;25
27/08/26;SANTANDER;CALL;Dic-26;9,00;12.54;41,49;0,93;;10
27/08/26;SANTANDER;CALL;Dic-26;10,00;12.54;38,11;0,87;;10
27/08/26;SANTANDER;CALL;Dic-26;10,50;12.54;36,42;0,82;;12
27/08/26;SANTANDER;CALL;Dic-26;12,00;12.54;31,36;0,62;;20
27/08/26;SANTANDER;CALL;Dic-26;12,50;12.54;29,67;0,53;;2
27/08/26;SANTANDER;CALL;Dic-26;13,50;12.54;28,72;0,34;;2
27/08/26;SANTANDER;CALL;Dic-26;14,00;12.54;28,29;0,26;;365
27/08/26;SANTANDER;CALL;Mar-27;4,00;12.54;57,51;0,98;;30
27/08/26;SANTANDER;CALL;Mar-27;5,00;12.54;54,45;0,98;;20
27/08/26;SANTANDER;CALL;Mar-27;10,00;12.54;39,17;0,81;;1
27/08/26;SANTANDER;CALL;Sep-27;11,00;12.54;35,48;0,69;;1
27/08/26;SANTANDER;CALL;Dic-27;10,00;12.54;37,33;0,74;;1
27/08/26;SANTANDER;CALL;Dic-27;14,00;12.54;31,64;0,43;;4
27/08/26;SANTANDER;CALL;Dic-28;6,00;12.54;42,60;0,87;;51
27/08/26;SANTANDER;CALL;Dic-28;7,00;12.54;41,19;0,84;;2
27/08/26;SANTANDER;PUT;Sep-26;6,25;12.54;49,91;;;1.700
27/08/26;SANTANDER;PUT;Sep-26;7,50;12.54;45,13;;;900
27/08/26;SANTANDER;PUT;Sep-26;8,25;12.54;42,26;;;50
27/08/26;SANTANDER;PUT;Sep-26;9,50;12.54;37,47;;;10
27/08/26;SANTANDER;PUT;Sep-26;10,50;12.54;33,65;-0,01;;30.010
27/08/26;SANTANDER;PUT;Sep-26;11,00;12.54;31,73;-0,04;;1
27/08/26;SANTANDER;PUT;Sep-26;11,50;12.54;29,82;-0,11;;11
27/08/26;SANTANDER;PUT;Sep-26;11,50;12.54;29,82;-0,11;;20
27/08/26;SANTANDER;PUT;Sep-26;12,00;12.54;27,90;-0,24;;20
27/08/26;SANTANDER;PUT;Sep-26;12,00;12.54;27,90;-0,24;20;76
27/08/26;SANTANDER;PUT;Sep-26;12,50;12.54;25,99;-0,46;;200
27/08/26;SANTANDER;PUT;Sep-26;12,50;12.54;25,99;-0,46;;50
27/08/26;SANTANDER;PUT;Sep-26;13,00;12.54;25,51;-0,70;;120
27/08/26;SANTANDER;PUT;Sep-26;13,00;12.54;25,51;-0,70;;20
27/08/26;SANTANDER;PUT;Sep-26;13,50;12.54;25,17;-0,87;;20
27/08/26;SANTANDER;PUT;Sep-26;14,00;12.54;24,82;-0,96;;21
27/08/26;SANTANDER;PUT;Oct-26;11,00;12.54;32,69;-0,12;;2
27/08/26;SANTANDER;PUT;Oct-26;11,50;12.54;30,92;-0,20;;1
27/08/26;SANTANDER;PUT;Oct-26;11,50;12.54;30,92;-0,20;;10
27/08/26;SANTANDER;PUT;Oct-26;12,00;12.54;29,16;-0,31;30;32
27/08/26;SANTANDER;PUT;Oct-26;12,50;12.54;27,39;-0,45;;12
27/08/26;SANTANDER;PUT;Oct-26;12,50;12.54;27,39;-0,45;;20
27/08/26;SANTANDER;PUT;Oct-26;13,00;12.54;26,87;-0,61;;30
27/08/26;SANTANDER;PUT;Oct-26;14,50;12.54;25,68;-0,92;;5
27/08/26;SANTANDER;PUT;Dic-26;6,75;12.54;47,82;-0,01;;2.800
27/08/26;SANTANDER;PUT;Dic-26;9,00;12.54;40,23;-0,06;;10
27/08/26;SANTANDER;PUT;Dic-26;9,75;12.54;37,69;-0,10;;26
27/08/26;SANTANDER;PUT;Dic-26;10,00;12.54;36,85;-0,12;;25
27/08/26;SANTANDER;PUT;Dic-26;10,50;12.54;35,16;-0,16;;1
27/08/26;SANTANDER;PUT;Dic-26;11,00;12.54;33,47;-0,22;;20
27/08/26;SANTANDER;PUT;Dic-26;11,00;12.54;33,47;-0,22;;10
27/08/26;SANTANDER;PUT;Dic-26;11,50;12.54;31,79;-0,29;;2
27/08/26;SANTANDER;PUT;Dic-26;12,00;12.54;30,10;-0,37;;26
27/08/26;SANTANDER;PUT;Dic-26;12,50;12.54;28,41;-0,47;;1
27/08/26;SANTANDER;PUT;Dic-26;13,00;12.54;27,88;-0,56;;1
27/08/26;SANTANDER;PUT;Mar-27;9,00;12.54;40,50;-0,10;;2
27/08/26;SANTANDER;PUT;Mar-27;12,50;12.54;29,80;-0,44;;1
27/08/26;SANTANDER;PUT;Jun-27;11,50;12.54;33,50;-0,32;;1
27/08/26;SANTANDER;PUT;Dic-29;10,50;12.54;31,76;-0,26;;60
27/08/26;SOLARIA;CALL;Sep-26;18,00;17.7;45,68;0,47;;25
27/08/26;SOLARIA;CALL;Dic-26;18,00;17.7;46,03;0,54;;9
27/08/26;SOLARIA;CALL;Jun-27;16,50;17.7;45,24;0,67;;4
27/08/26;SOLARIA;PUT;Sep-26;16,00;17.7;48,85;-0,18;;5
27/08/26;SOLARIA;PUT;Sep-26;17,00;17.7;46,91;-0,34;;2
27/08/26;SOLARIA;PUT;Oct-26;15,00;17.7;51,16;-0,16;;4.000
27/08/26;SOLARIA;PUT;Dic-26;14,50;17.7;51,88;-0,20;;3
27/08/26;SOLARIA;PUT;Dic-26;22,00;17.7;44,33;-0,78;;25
27/08/26;SOLARIA;PUT;Dic-26;23,00;17.7;43,93;-0,83;;20
27/08/26;SOLARIA;PUT;Dic-26;25,00;17.7;43,14;-0,92;;20
27/08/26;TECNICAS REUNIDAS;CALL;Sep-26;29,32;27.26;42,44;0,26;;1
27/08/26;TECNICAS REUNIDAS;CALL;Sep-26;30,24;27.26;42,11;0,18;;10
27/08/26;TECNICAS REUNIDAS;CALL;Sep-26;31,15;27.26;41,79;0,11;;3
27/08/26;TECNICAS REUNIDAS;CALL;Sep-26;32,07;27.26;41,46;0,06;;5
27/08/26;TECNICAS REUNIDAS;CALL;Sep-26;32,99;27.26;41,14;0,03;;13
27/08/26;TECNICAS REUNIDAS;CALL;Sep-26;33,90;27.26;40,82;0,02;;6
27/08/26;TECNICAS REUNIDAS;CALL;Sep-26;34,82;27.26;40,49;0,01;;135
27/08/26;TECNICAS REUNIDAS;CALL;Sep-26;36,65;27.26;39,84;;;5
27/08/26;TECNICAS REUNIDAS;CALL;Oct-26;34,82;27.26;42,73;0,07;;2
27/08/26;TECNICAS REUNIDAS;CALL;Oct-26;36,65;27.26;42,11;0,04;;5
27/08/26;TECNICAS REUNIDAS;CALL;Nov-26;30,24;27.26;44,99;0,36;3;3
27/08/26;TECNICAS REUNIDAS;CALL;Dic-26;27,49;27.26;48,97;0,54;;10
27/08/26;TECNICAS REUNIDAS;CALL;Dic-26;41,23;27.26;44,94;0,05;;5
27/08/26;TECNICAS REUNIDAS;CALL;Mar-27;37,00;27.26;47,20;0,24;;1
27/08/26;TECNICAS REUNIDAS;CALL;Jun-27;29,00;27.26;46,42;0,52;;12
27/08/26;TECNICAS REUNIDAS;PUT;Sep-26;18,33;27.26;55,10;;;5
27/08/26;TECNICAS REUNIDAS;PUT;Sep-26;19,24;27.26;53,56;;;5
27/08/26;TECNICAS REUNIDAS;PUT;Sep-26;22,91;27.26;47,37;-0,06;;5
27/08/26;TECNICAS REUNIDAS;PUT;Sep-26;24,74;27.26;44,28;-0,17;;1
27/08/26;TECNICAS REUNIDAS;PUT;Sep-26;25,66;27.26;42,73;-0,26;;5
27/08/26;TECNICAS REUNIDAS;PUT;Sep-26;27,49;27.26;39,95;-0,51;;9
27/08/26;TECNICAS REUNIDAS;PUT;Oct-26;20,16;27.26;53,48;-0,05;;5
27/08/26;TECNICAS REUNIDAS;PUT;Oct-26;24,74;27.26;45,81;-0,25;;1
27/08/26;TECNICAS REUNIDAS;PUT;Nov-26;25,66;27.26;44,74;-0,39;;1
27/08/26;TECNICAS REUNIDAS;PUT;Dic-26;18,33;27.26;55,25;-0,08;;2
27/08/26;TECNICAS REUNIDAS;PUT;Dic-26;20,16;27.26;52,41;-0,13;;2
27/08/26;TECNICAS REUNIDAS;PUT;Dic-26;21,07;27.26;50,99;-0,17;;5
27/08/26;TECNICAS REUNIDAS;PUT;Dic-26;26,57;27.26;42,45;-0,45;;9
27/08/26;TECNICAS REUNIDAS;PUT;Dic-26;27,49;27.26;41,31;-0,51;;10
27/08/26;TECNICAS REUNIDAS;PUT;Mar-27;16,00;27.26;55,80;-0,07;;1
27/08/26;TECNICAS REUNIDAS;PUT;Mar-27;30,00;27.26;40,91;-0,59;;5
27/08/26;TECNICAS REUNIDAS;PUT;Jun-27;18,00;27.26;50,04;-0,13;;3
27/08/26;TECNICAS REUNIDAS;PUT;Jun-27;32,00;27.26;39,31;-0,63;;2
27/08/26;TECNICAS REUNIDAS;PUT;Dic-26;26,00;27.26;43,34;-0,40;;5
27/08/26;TECNICAS REUNIDAS;PUT;Dic-26;27,00;27.26;41,78;-0,47;;5
27/08/26;TELEFONICA;CALL;Sep-26;2,20;3.6;33,46;1,00;;2
27/08/26;TELEFONICA;CALL;Sep-26;3,50;3.6;21,77;0,71;;14
27/08/26;TELEFONICA;CALL;Sep-26;3,60;3.6;20,89;0,51;5;165
27/08/26;TELEFONICA;CALL;Sep-26;3,70;3.6;20,59;0,31;;138
27/08/26;TELEFONICA;CALL;Sep-26;3,80;3.6;20,28;0,15;;1.013
27/08/26;TELEFONICA;CALL;Sep-26;3,90;3.6;19,97;0,06;;25
27/08/26;TELEFONICA;CALL;Sep-26;4,00;3.6;19,67;0,02;;376
27/08/26;TELEFONICA;CALL;Sep-26;4,10;3.6;19,36;;;10.005
27/08/26;TELEFONICA;CALL;Sep-26;4,20;3.6;19,06;;;594
27/08/26;TELEFONICA;CALL;Sep-26;4,30;3.6;18,75;;;250
27/08/26;TELEFONICA;CALL;Sep-26;4,40;3.6;18,44;;;1.100
27/08/26;TELEFONICA;CALL;Sep-26;4,60;3.6;17,83;;;6
27/08/26;TELEFONICA;CALL;Oct-26;3,70;3.6;20,05;0,38;;36
27/08/26;TELEFONICA;CALL;Oct-26;3,80;3.6;19,76;0,25;;50
27/08/26;TELEFONICA;CALL;Oct-26;3,90;3.6;19,46;0,15;;2
27/08/26;TELEFONICA;CALL;Nov-26;3,80;3.6;20,46;0,33;;2
27/08/26;TELEFONICA;CALL;Dic-26;2,90;3.6;26,71;0,94;;1
27/08/26;TELEFONICA;CALL;Dic-26;3,00;3.6;25,95;0,92;;10
27/08/26;TELEFONICA;CALL;Dic-26;3,30;3.6;23,67;0,78;;10
27/08/26;TELEFONICA;CALL;Dic-26;3,40;3.6;22,91;0,71;;65
27/08/26;TELEFONICA;CALL;Dic-26;3,50;3.6;22,15;0,63;;197
27/08/26;TELEFONICA;CALL;Dic-26;3,60;3.6;21,40;0,55;;86.509
27/08/26;TELEFONICA;CALL;Dic-26;3,70;3.6;21,10;0,45;;1.973
27/08/26;TELEFONICA;CALL;Dic-26;3,80;3.6;20,81;0,36;15;329
27/08/26;TELEFONICA;CALL;Dic-26;3,90;3.6;20,51;0,28;;658
27/08/26;TELEFONICA;CALL;Dic-26;4,00;3.6;20,21;0,21;;120.735
27/08/26;TELEFONICA;CALL;Dic-26;4,10;3.6;19,92;0,15;;560
27/08/26;TELEFONICA;CALL;Dic-26;4,20;3.6;19,62;0,10;;1.214
27/08/26;TELEFONICA;CALL;Dic-26;4,30;3.6;19,33;0,06;;511
27/08/26;TELEFONICA;CALL;Dic-26;4,40;3.6;19,03;0,04;;14
27/08/26;TELEFONICA;CALL;Dic-26;4,50;3.6;18,73;0,02;;43.670
27/08/26;TELEFONICA;CALL;Dic-26;4,60;3.6;18,44;0,01;;35.000
27/08/26;TELEFONICA;CALL;Dic-26;4,70;3.6;18,14;0,01;;20.010
27/08/26;TELEFONICA;CALL;Dic-26;4,90;3.6;17,55;;;8.004
27/08/26;TELEFONICA;CALL;Dic-26;5,00;3.6;17,25;;;771
27/08/26;TELEFONICA;CALL;Dic-26;5,25;3.6;16,51;;;8
27/08/26;TELEFONICA;CALL;Dic-26;5,50;3.6;15,77;;;2
27/08/26;TELEFONICA;CALL;Mar-27;2,20;3.6;29,50;0,99;;1
27/08/26;TELEFONICA;CALL;Mar-27;3,10;3.6;24,58;0,84;;30
27/08/26;TELEFONICA;CALL;Mar-27;3,20;3.6;24,03;0,79;;10
27/08/26;TELEFONICA;CALL;Mar-27;3,40;3.6;22,94;0,69;;1
27/08/26;TELEFONICA;CALL;Mar-27;3,50;3.6;22,39;0,63;;2
27/08/26;TELEFONICA;CALL;Mar-27;3,60;3.6;21,85;0,56;;52
27/08/26;TELEFONICA;CALL;Mar-27;3,70;3.6;21,55;0,50;;323
27/08/26;TELEFONICA;CALL;Mar-27;3,80;3.6;21,26;0,43;;3
27/08/26;TELEFONICA;CALL;Mar-27;3,90;3.6;20,96;0,36;;5
27/08/26;TELEFONICA;CALL;Mar-27;4,00;3.6;20,66;0,30;;140
27/08/26;TELEFONICA;CALL;Mar-27;4,20;3.6;20,07;0,20;;70
27/08/26;TELEFONICA;CALL;Mar-27;4,30;3.6;19,78;0,15;;4
27/08/26;TELEFONICA;CALL;Mar-27;4,40;3.6;19,48;0,11;;5.000
27/08/26;TELEFONICA;CALL;Mar-27;4,60;3.6;18,89;0,06;;20.000
27/08/26;TELEFONICA;CALL;Mar-27;4,80;3.6;18,29;0,03;;25
27/08/26;TELEFONICA;CALL;Jun-27;2,00;3.6;29,62;1,00;;10
27/08/26;TELEFONICA;CALL;Jun-27;3,00;3.6;25,35;0,85;;5
27/08/26;TELEFONICA;CALL;Jun-27;3,50;3.6;23,22;0,64;;1
27/08/26;TELEFONICA;CALL;Jun-27;3,60;3.6;22,80;0,58;;100
27/08/26;TELEFONICA;CALL;Jun-27;3,80;3.6;22,30;0,47;1;26
27/08/26;TELEFONICA;CALL;Jun-27;3,90;3.6;22,05;0,41;;14
27/08/26;TELEFONICA;CALL;Jun-27;4,00;3.6;21,80;0,36;;58
27/08/26;TELEFONICA;CALL;Jun-27;4,10;3.6;21,55;0,31;;4.028
27/08/26;TELEFONICA;CALL;Jun-27;4,20;3.6;21,30;0,26;;24.007
27/08/26;TELEFONICA;CALL;Jun-27;4,30;3.6;21,05;0,22;;100
27/08/26;TELEFONICA;CALL;Jun-27;4,40;3.6;20,80;0,18;;456
27/08/26;TELEFONICA;CALL;Jun-27;4,50;3.6;20,55;0,14;;6.700
27/08/26;TELEFONICA;CALL;Jun-27;4,70;3.6;20,05;0,09;;10
27/08/26;TELEFONICA;CALL;Jun-27;4,80;3.6;19,80;0,07;;150
27/08/26;TELEFONICA;CALL;Jun-27;4,90;3.6;19,55;0,05;;150
27/08/26;TELEFONICA;CALL;Jun-27;5,00;3.6;19,30;0,04;;150
27/08/26;TELEFONICA;CALL;Jun-27;5,50;3.6;18,05;0,01;;5
27/08/26;TELEFONICA;CALL;Jun-27;5,75;3.6;17,42;;;20
27/08/26;TELEFONICA;CALL;Sep-27;3,70;3.6;23,20;0,52;;31
27/08/26;TELEFONICA;CALL;Sep-27;3,80;3.6;22,95;0,47;;4
27/08/26;TELEFONICA;CALL;Sep-27;3,90;3.6;22,70;0,42;;150
27/08/26;TELEFONICA;CALL;Sep-27;4,60;3.6;20,95;0,14;;2
27/08/26;TELEFONICA;CALL;Sep-27;5,50;3.6;18,70;0,01;;22
27/08/26;TELEFONICA;CALL;Dic-27;2,30;3.6;28,34;0,97;;10
27/08/26;TELEFONICA;CALL;Dic-27;2,40;3.6;28,04;0,96;;10
27/08/26;TELEFONICA;CALL;Dic-27;2,50;3.6;27,74;0,94;;10
27/08/26;TELEFONICA;CALL;Dic-27;2,60;3.6;27,45;0,93;;10
27/08/26;TELEFONICA;CALL;Dic-27;2,70;3.6;27,15;0,90;;25
27/08/26;TELEFONICA;CALL;Dic-27;2,80;3.6;26,85;0,88;;15
27/08/26;TELEFONICA;CALL;Dic-27;2,90;3.6;26,56;0,85;;15
27/08/26;TELEFONICA;CALL;Dic-27;3,10;3.6;25,96;0,78;;8
27/08/26;TELEFONICA;CALL;Dic-27;3,20;3.6;25,67;0,74;;750
27/08/26;TELEFONICA;CALL;Dic-27;3,50;3.6;24,78;0,62;;140
27/08/26;TELEFONICA;CALL;Dic-27;3,60;3.6;24,48;0,57;;22
27/08/26;TELEFONICA;CALL;Dic-27;3,70;3.6;24,26;0,53;;11
27/08/26;TELEFONICA;CALL;Dic-27;3,80;3.6;24,04;0,49;1;9.010
27/08/26;TELEFONICA;CALL;Dic-27;3,90;3.6;23,82;0,44;;1
27/08/26;TELEFONICA;CALL;Dic-27;4,00;3.6;23,59;0,40;;870
27/08/26;TELEFONICA;CALL;Dic-27;4,10;3.6;23,37;0,36;;102
27/08/26;TELEFONICA;CALL;Dic-27;4,20;3.6;23,15;0,32;;3
27/08/26;TELEFONICA;CALL;Dic-27;4,30;3.6;22,93;0,29;;36
27/08/26;TELEFONICA;CALL;Dic-27;4,40;3.6;22,70;0,25;;79
27/08/26;TELEFONICA;CALL;Dic-27;4,50;3.6;22,48;0,22;;139
27/08/26;TELEFONICA;CALL;Dic-27;4,60;3.6;22,26;0,19;;4.001
27/08/26;TELEFONICA;CALL;Dic-27;4,70;3.6;22,04;0,17;;30.150
27/08/26;TELEFONICA;CALL;Dic-27;5,00;3.6;21,37;0,10;;486
27/08/26;TELEFONICA;CALL;Dic-27;5,25;3.6;20,81;0,07;;167
27/08/26;TELEFONICA;CALL;Dic-27;5,50;3.6;20,26;0,04;;25
27/08/26;TELEFONICA;CALL;Dic-27;6,00;3.6;19,15;0,01;;21.105
27/08/26;TELEFONICA;CALL;Mar-28;2,10;3.6;29,21;0,98;;10
27/08/26;TELEFONICA;CALL;Mar-28;2,20;3.6;28,94;0,97;;10
27/08/26;TELEFONICA;CALL;Mar-28;2,30;3.6;28,68;0,96;;10
27/08/26;TELEFONICA;CALL;Mar-28;2,40;3.6;28,41;0,95;;10
27/08/26;TELEFONICA;CALL;Mar-28;2,50;3.6;28,14;0,93;;10
27/08/26;TELEFONICA;CALL;Mar-28;2,60;3.6;27,87;0,91;;10
27/08/26;TELEFONICA;CALL;Mar-28;2,70;3.6;27,60;0,88;;50
27/08/26;TELEFONICA;CALL;Mar-28;2,80;3.6;27,33;0,86;;15
27/08/26;TELEFONICA;CALL;Mar-28;2,90;3.6;27,06;0,83;;15
27/08/26;TELEFONICA;CALL;Mar-28;3,00;3.6;26,79;0,79;;20
27/08/26;TELEFONICA;CALL;Mar-28;3,10;3.6;26,53;0,76;;20
27/08/26;TELEFONICA;CALL;Mar-28;3,20;3.6;26,26;0,72;;27
27/08/26;TELEFONICA;CALL;Mar-28;3,30;3.6;25,99;0,69;;25
27/08/26;TELEFONICA;CALL;Mar-28;3,40;3.6;25,72;0,65;;521
27/08/26;TELEFONICA;CALL;Mar-28;3,50;3.6;25,45;0,61;;27
27/08/26;TELEFONICA;CALL;Mar-28;3,60;3.6;25,18;0,57;;26
27/08/26;TELEFONICA;CALL;Mar-28;3,70;3.6;24,99;0,54;;25
27/08/26;TELEFONICA;CALL;Mar-28;3,80;3.6;24,79;0,50;1;1
27/08/26;TELEFONICA;CALL;Mar-28;4,00;3.6;24,41;0,43;;10
27/08/26;TELEFONICA;CALL;Mar-28;4,10;3.6;24,21;0,39;;1
27/08/26;TELEFONICA;CALL;Mar-28;4,50;3.6;23,43;0,27;;100
27/08/26;TELEFONICA;CALL;Mar-28;4,60;3.6;23,24;0,24;;1
27/08/26;TELEFONICA;CALL;Jun-28;4,00;3.6;24,75;0,44;;100
27/08/26;TELEFONICA;CALL;Jun-28;4,50;3.6;23,87;0,29;;2
27/08/26;TELEFONICA;CALL;Jun-28;4,60;3.6;23,69;0,26;;150
27/08/26;TELEFONICA;CALL;Jun-28;4,70;3.6;23,52;0,24;;175
27/08/26;TELEFONICA;CALL;Jun-28;5,00;3.6;22,99;0,17;;4
27/08/26;TELEFONICA;CALL;Sep-28;3,50;3.6;25,86;0,61;;30
27/08/26;TELEFONICA;CALL;Sep-28;4,00;3.6;25,03;0,45;;1
27/08/26;TELEFONICA;CALL;Dic-28;3,20;3.6;26,74;0,71;;25
27/08/26;TELEFONICA;CALL;Dic-28;3,80;3.6;25,74;0,52;;3
27/08/26;TELEFONICA;CALL;Dic-28;4,00;3.6;25,44;0,46;;18
27/08/26;TELEFONICA;CALL;Dic-28;4,50;3.6;24,70;0,33;;55
27/08/26;TELEFONICA;CALL;Dic-28;4,80;3.6;24,26;0,26;;10
27/08/26;TELEFONICA;CALL;Dic-28;5,00;3.6;23,96;0,22;;65
27/08/26;TELEFONICA;CALL;Dic-28;5,25;3.6;23,59;0,18;;50
27/08/26;TELEFONICA;CALL;Jun-29;4,50;3.6;25,49;0,36;5;5
27/08/26;TELEFONICA;CALL;Dic-29;3,40;3.6;27,33;0,64;;10
27/08/26;TELEFONICA;CALL;Dic-29;4,30;3.6;26,31;0,43;;1
27/08/26;TELEFONICA;CALL;Dic-29;4,50;3.6;26,09;0,39;;27
27/08/26;TELEFONICA;CALL;Dic-29;5,00;3.6;25,53;0,29;;543
27/08/26;TELEFONICA;CALL;Jun-30;5,75;3.6;25,21;0,21;;250
27/08/26;TELEFONICA;CALL;Dic-30;4,50;3.6;26,79;0,42;;3
27/08/26;TELEFONICA;CALL;Jun-31;4,40;3.6;27,07;0,45;;50
27/08/26;TELEFONICA;PUT;Sep-26;2,60;3.6;30,20;;;4
27/08/26;TELEFONICA;PUT;Sep-26;2,70;3.6;29,30;;;5
27/08/26;TELEFONICA;PUT;Sep-26;2,90;3.6;27,51;;;28
27/08/26;TELEFONICA;PUT;Sep-26;3,00;3.6;26,61;;;2
27/08/26;TELEFONICA;PUT;Sep-26;3,10;3.6;25,71;-0,01;;20
27/08/26;TELEFONICA;PUT;Sep-26;3,20;3.6;24,81;-0,02;;23
27/08/26;TELEFONICA;PUT;Sep-26;3,30;3.6;23,91;-0,06;;142
27/08/26;TELEFONICA;PUT;Sep-26;3,40;3.6;23,01;-0,15;;94
27/08/26;TELEFONICA;PUT;Sep-26;3,50;3.6;22,11;-0,29;;196
27/08/26;TELEFONICA;PUT;Sep-26;3,60;3.6;21,23;-0,49;2;233
27/08/26;TELEFONICA;PUT;Sep-26;3,70;3.6;20,93;-0,70;;10.000
27/08/26;TELEFONICA;PUT;Sep-26;3,80;3.6;20,62;-0,86;;227
27/08/26;TELEFONICA;PUT;Sep-26;3,90;3.6;20,31;-0,96;;305
27/08/26;TELEFONICA;PUT;Sep-26;4,00;3.6;20,01;-1,00;;20
27/08/26;TELEFONICA;PUT;Sep-26;4,10;3.6;19,70;-1,00;;15
27/08/26;TELEFONICA;PUT;Sep-26;4,20;3.6;19,40;-1,00;;7
27/08/26;TELEFONICA;PUT;Sep-26;4,30;3.6;19,09;-1,00;;6
27/08/26;TELEFONICA;PUT;Oct-26;3,50;3.6;21,49;-0,34;;27
27/08/26;TELEFONICA;PUT;Oct-26;3,60;3.6;20,68;-0,48;13;45
27/08/26;TELEFONICA;PUT;Oct-26;4,00;3.6;19,49;-0,94;;25
27/08/26;TELEFONICA;PUT;Nov-26;3,40;3.6;22,85;-0,27;30;30
27/08/26;TELEFONICA;PUT;Nov-26;3,50;3.6;22,04;-0,36;;10
27/08/26;TELEFONICA;PUT;Nov-26;3,60;3.6;21,25;-0,47;;4
27/08/26;TELEFONICA;PUT;Dic-26;2,50;3.6;29,86;-0,01;;8
27/08/26;TELEFONICA;PUT;Dic-26;2,80;3.6;27,58;-0,04;;100
27/08/26;TELEFONICA;PUT;Dic-26;2,90;3.6;26,82;-0,06;;50
27/08/26;TELEFONICA;PUT;Dic-26;3,00;3.6;26,06;-0,09;;13
27/08/26;TELEFONICA;PUT;Dic-26;3,10;3.6;25,30;-0,12;;212
27/08/26;TELEFONICA;PUT;Dic-26;3,20;3.6;24,54;-0,16;;177
27/08/26;TELEFONICA;PUT;Dic-26;3,30;3.6;23,78;-0,22;;46
27/08/26;TELEFONICA;PUT;Dic-26;3,40;3.6;23,02;-0,29;10;65.243
27/08/26;TELEFONICA;PUT;Dic-26;3,50;3.6;22,26;-0,37;;20.224
27/08/26;TELEFONICA;PUT;Dic-26;3,60;3.6;21,51;-0,46;;95.172
27/08/26;TELEFONICA;PUT;Dic-26;3,70;3.6;21,21;-0,56;;320
27/08/26;TELEFONICA;PUT;Dic-26;3,80;3.6;20,92;-0,65;;348
27/08/26;TELEFONICA;PUT;Dic-26;3,90;3.6;20,62;-0,74;;2.732
27/08/26;TELEFONICA;PUT;Dic-26;4,00;3.6;20,32;-0,82;;107.538
27/08/26;TELEFONICA;PUT;Dic-26;4,10;3.6;20,03;-0,89;;1
27/08/26;TELEFONICA;PUT;Dic-26;4,20;3.6;19,73;-0,95;;13
27/08/26;TELEFONICA;PUT;Dic-26;4,30;3.6;19,44;-0,99;;83
27/08/26;TELEFONICA;PUT;Dic-26;4,50;3.6;18,84;-1,00;;37.510
27/08/26;TELEFONICA;PUT;Dic-26;4,60;3.6;18,55;-1,00;;15.000
27/08/26;TELEFONICA;PUT;Mar-27;3,10;3.6;24,43;-0,17;;8
27/08/26;TELEFONICA;PUT;Mar-27;3,20;3.6;23,88;-0,21;;33
27/08/26;TELEFONICA;PUT;Mar-27;3,30;3.6;23,33;-0,26;;1
27/08/26;TELEFONICA;PUT;Mar-27;3,40;3.6;22,79;-0,32;;1
27/08/26;TELEFONICA;PUT;Mar-27;3,50;3.6;22,24;-0,38;;53
27/08/26;TELEFONICA;PUT;Mar-27;3,60;3.6;21,70;-0,45;;60
27/08/26;TELEFONICA;PUT;Mar-27;3,70;3.6;21,40;-0,52;;19
27/08/26;TELEFONICA;PUT;Mar-27;3,80;3.6;21,11;-0,59;;220
27/08/26;TELEFONICA;PUT;Mar-27;3,90;3.6;20,81;-0,66;;719
27/08/26;TELEFONICA;PUT;Mar-27;4,00;3.6;20,51;-0,73;;674
27/08/26;TELEFONICA;PUT;Mar-27;4,10;3.6;20,22;-0,80;;29
27/08/26;TELEFONICA;PUT;Mar-27;4,20;3.6;19,92;-0,86;;600
27/08/26;TELEFONICA;PUT;Mar-27;4,40;3.6;19,33;-0,97;;5.000
27/08/26;TELEFONICA;PUT;Mar-27;4,50;3.6;19,03;-1,00;;5
27/08/26;TELEFONICA;PUT;Mar-27;4,60;3.6;18,74;-1,00;;20.000
27/08/26;TELEFONICA;PUT;Jun-27;3,10;3.6;22,30;-0,23;;2
27/08/26;TELEFONICA;PUT;Jun-27;3,20;3.6;21,87;-0,28;;15
27/08/26;TELEFONICA;PUT;Jun-27;3,30;3.6;21,45;-0,33;;25
27/08/26;TELEFONICA;PUT;Jun-27;3,40;3.6;21,02;-0,39;;41
27/08/26;TELEFONICA;PUT;Jun-27;3,50;3.6;20,59;-0,45;;52
27/08/26;TELEFONICA;PUT;Jun-27;3,60;3.6;20,17;-0,51;;25.100
27/08/26;TELEFONICA;PUT;Jun-27;3,70;3.6;19,92;-0,57;;22
27/08/26;TELEFONICA;PUT;Jun-27;3,80;3.6;19,67;-0,63;1;4.565
27/08/26;TELEFONICA;PUT;Jun-27;3,90;3.6;19,42;-0,69;;19
27/08/26;TELEFONICA;PUT;Jun-27;4,00;3.6;19,17;-0,74;;10
27/08/26;TELEFONICA;PUT;Jun-27;4,10;3.6;18,92;-0,79;;20
27/08/26;TELEFONICA;PUT;Jun-27;4,20;3.6;18,67;-0,83;;20
27/08/26;TELEFONICA;PUT;Jun-27;4,30;3.6;18,42;-0,87;;20
27/08/26;TELEFONICA;PUT;Jun-27;4,40;3.6;18,17;-0,90;;5
27/08/26;TELEFONICA;PUT;Jun-27;4,60;3.6;17,67;-0,94;;4
27/08/26;TELEFONICA;PUT;Jun-27;5,00;3.6;16,67;-0,99;;96
27/08/26;TELEFONICA;PUT;Jun-27;5,50;3.6;15,42;-1,00;;240
27/08/26;TELEFONICA;PUT;Sep-27;2,50;3.6;22,83;-0,05;;20
27/08/26;TELEFONICA;PUT;Sep-27;2,90;3.6;21,46;-0,16;;30
27/08/26;TELEFONICA;PUT;Sep-27;3,00;3.6;21,12;-0,19;6;6
27/08/26;TELEFONICA;PUT;Sep-27;3,10;3.6;20,77;-0,24;;1
27/08/26;TELEFONICA;PUT;Sep-27;3,80;3.6;18,56;-0,62;;1
27/08/26;TELEFONICA;PUT;Sep-27;4,00;3.6;18,06;-0,73;;4
27/08/26;TELEFONICA;PUT;Sep-27;4,10;3.6;17,81;-0,78;;1
27/08/26;TELEFONICA;PUT;Sep-27;4,20;3.6;17,56;-0,82;;2
27/08/26;TELEFONICA;PUT;Sep-27;5,00;3.6;15,56;-0,99;;1
27/08/26;TELEFONICA;PUT;Sep-27;5,75;3.6;13,68;-1,00;;25
27/08/26;TELEFONICA;PUT;Dic-27;2,20;3.6;24,83;-0,03;;6.000
27/08/26;TELEFONICA;PUT;Dic-27;3,00;3.6;22,46;-0,22;;7.500
27/08/26;TELEFONICA;PUT;Dic-27;3,20;3.6;21,87;-0,30;;1
27/08/26;TELEFONICA;PUT;Dic-27;3,30;3.6;21,57;-0,34;;5
27/08/26;TELEFONICA;PUT;Dic-27;3,40;3.6;21,27;-0,39;;10
27/08/26;TELEFONICA;PUT;Dic-27;3,50;3.6;20,98;-0,44;;10
27/08/26;TELEFONICA;PUT;Dic-27;3,60;3.6;20,68;-0,49;;30.000
27/08/26;TELEFONICA;PUT;Dic-27;3,70;3.6;20,46;-0,54;;5
27/08/26;TELEFONICA;PUT;Dic-27;3,80;3.6;20,24;-0,59;;9.003
27/08/26;TELEFONICA;PUT;Dic-27;4,00;3.6;19,79;-0,68;;20.003
27/08/26;TELEFONICA;PUT;Dic-27;4,10;3.6;19,57;-0,72;;3
27/08/26;TELEFONICA;PUT;Dic-27;4,20;3.6;19,35;-0,77;;1
27/08/26;TELEFONICA;PUT;Dic-27;4,30;3.6;19,13;-0,80;;4
27/08/26;TELEFONICA;PUT;Dic-27;4,40;3.6;18,90;-0,84;;3
27/08/26;TELEFONICA;PUT;Dic-27;4,50;3.6;18,68;-0,87;;3
27/08/26;TELEFONICA;PUT;Dic-27;4,60;3.6;18,46;-0,89;;250
27/08/26;TELEFONICA;PUT;Dic-27;4,70;3.6;18,24;-0,92;;30.000
27/08/26;TELEFONICA;PUT;Dic-27;5,00;3.6;17,57;-0,96;;5
27/08/26;TELEFONICA;PUT;Dic-27;5,50;3.6;16,46;-0,99;;5
27/08/26;TELEFONICA;PUT;Mar-28;3,30;3.6;22,22;-0,34;;6
27/08/26;TELEFONICA;PUT;Mar-28;3,90;3.6;20,83;-0,61;;40
27/08/26;TELEFONICA;PUT;Mar-28;4,00;3.6;20,64;-0,65;;25
27/08/26;TELEFONICA;PUT;Mar-28;4,30;3.6;20,05;-0,77;;2
27/08/26;TELEFONICA;PUT;Mar-28;4,50;3.6;19,66;-0,83;;1
27/08/26;TELEFONICA;PUT;Mar-28;4,60;3.6;19,47;-0,86;;1
27/08/26;TELEFONICA;PUT;Mar-28;4,90;3.6;18,88;-0,93;;2
27/08/26;TELEFONICA;PUT;Mar-28;5,25;3.6;18,20;-0,97;;4
27/08/26;TELEFONICA;PUT;Mar-28;5,50;3.6;17,72;-0,99;;17
27/08/26;TELEFONICA;PUT;Jun-28;3,60;3.6;21,68;-0,49;;3
27/08/26;TELEFONICA;PUT;Jun-28;4,10;3.6;20,80;-0,68;;25
27/08/26;TELEFONICA;PUT;Sep-28;4,00;3.6;21,27;-0,62;;25
27/08/26;TELEFONICA;PUT;Sep-28;4,20;3.6;20,95;-0,69;;25
27/08/26;TELEFONICA;PUT;Dic-28;3,00;3.6;23,16;-0,27;;20.000
27/08/26;TELEFONICA;PUT;Dic-28;3,50;3.6;22,28;-0,44;;5
27/08/26;TELEFONICA;PUT;Dic-28;4,80;3.6;20,33;-0,82;;50
27/08/26;TELEFONICA;PUT;Dic-29;3,50;3.6;22,83;-0,44;;150
27/08/26;TELEFONICA;CALL;Sep-26;3,50;3.6;21,77;0,71;;1
27/08/26;TELEFONICA;CALL;Sep-26;3,60;3.6;20,89;0,51;;2
27/08/26;TELEFONICA;CALL;Sep-26;3,90;3.6;19,97;0,06;;85
27/08/26;TELEFONICA;CALL;Sep-26;4,00;3.6;19,67;0,02;;32
27/08/26;TELEFONICA;CALL;Dic-26;3,70;3.6;21,10;0,45;;4
27/08/26;TELEFONICA;CALL;Dic-26;4,30;3.6;19,33;0,06;;27
27/08/26;TELEFONICA;CALL;Dic-26;5,25;3.6;16,51;;;190
27/08/26;TELEFONICA;CALL;Mar-27;3,80;3.6;21,26;0,42;;40
27/08/26;TELEFONICA;CALL;Sep-27;3,70;3.6;23,20;0,46;;10
27/08/26;TELEFONICA;PUT;Sep-26;3,30;3.6;23,91;-0,07;;5
27/08/26;TELEFONICA;PUT;Sep-26;3,50;3.6;22,11;-0,29;;11
27/08/26;TELEFONICA;PUT;Sep-26;3,60;3.6;21,23;-0,48;;25
27/08/26;TELEFONICA;PUT;Sep-26;3,70;3.6;20,93;-0,69;;25
27/08/26;TELEFONICA;PUT;Sep-26;3,80;3.6;20,62;-0,85;;10
27/08/26;TELEFONICA;PUT;Sep-26;4,00;3.6;20,01;-0,98;;700
27/08/26;TELEFONICA;PUT;Sep-26;4,30;3.6;19,09;-1,00;;100
27/08/26;TELEFONICA;PUT;Sep-26;4,50;3.6;18,48;-1,00;;112
27/08/26;TELEFONICA;PUT;Sep-26;4,70;3.6;17,87;-1,00;;5
27/08/26;TELEFONICA;PUT;Sep-26;5,25;3.6;16,18;-1,00;;15
27/08/26;TELEFONICA;PUT;Dic-26;3,40;3.6;23,02;-0,29;;4
27/08/26;TELEFONICA;PUT;Dic-26;3,90;3.6;20,62;-0,71;;10
27/08/26;TELEFONICA;PUT;Dic-26;4,20;3.6;19,73;-0,89;;50
27/08/26;TELEFONICA;PUT;Dic-26;7,50;3.6;10,96;-0,99;;5
27/08/26;TELEFONICA;PUT;Dic-26;9,50;3.6;10,96;-0,99;;50
27/08/26;TELEFONICA;PUT;Dic-26;11,00;3.6;10,96;-0,99;;52
27/08/26;TELEFONICA;PUT;Dic-26;12,00;3.6;10,96;-0,99;;361
27/08/26;TELEFONICA;PUT;Dic-26;16,50;3.6;10,96;-0,99;;14
27/08/26;TELEFONICA;PUT;Mar-27;3,20;3.6;23,88;-0,20;;800
27/08/26;TELEFONICA;PUT;Mar-27;3,40;3.6;22,79;-0,31;;1.000
27/08/26;TELEFONICA;PUT;Mar-27;3,60;3.6;21,70;-0,43;;1.200
27/08/26;TELEFONICA;PUT;Mar-27;3,80;3.6;21,11;-0,56;;40
27/08/26;TELEFONICA;PUT;Mar-27;7,75;3.6;11,15;-0,99;;750
27/08/26;TELEFONICA;PUT;Jun-27;4,90;3.6;16,92;-0,96;;5
27/08/26;TELEFONICA;PUT;Jun-27;5,50;3.6;15,42;-0,98;;585
27/08/26;UNICAJA;CALL;Sep-26;2,80;3.55;27,32;1,00;;7
27/08/26;UNICAJA;CALL;Sep-26;3,50;3.55;26,99;0,60;;160
27/08/26;UNICAJA;CALL;Dic-26;3,40;3.55;27,79;0,62;;68
27/08/26;UNICAJA;CALL;Dic-26;3,50;3.55;27,74;0,53;;80
27/08/26;UNICAJA;PUT;Sep-26;2,70;3.55;21,18;;;200
27/08/26;UNICAJA;PUT;Sep-26;3,00;3.55;21,04;;;25
27/08/26;UNICAJA;PUT;Sep-26;3,20;3.55;20,94;-0,02;;25
27/08/26;UNICAJA;PUT;Sep-26;3,40;3.55;20,85;-0,19;;25
27/08/26;UNICAJA;PUT;Sep-26;3,50;3.55;20,80;-0,38;;25
27/08/26;UNICAJA;PUT;Dic-26;2,30;3.55;22,26;;;5
27/08/26;UNICAJA;PUT;Dic-26;2,50;3.55;22,16;;;4
27/08/26;UNICAJA;PUT;Dic-26;4,00;3.55;21,25;-0,89;;30
27/08/26;VIDRALA;CALL;Sep-26;80,00;89.5;17,56;1,00;;1
27/08/26;VIDRALA;CALL;Dic-26;80,00;89.5;19,52;0,87;;1
27/08/26;VIDRALA;CALL;Dic-26;88,00;89.5;18,24;0,61;;4
27/08/26;VIDRALA;CALL;Dic-26;90,00;89.5;17,97;0,53;;1
27/08/26;VIDRALA;CALL;Mar-27;84,00;89.5;18,75;0,73;;1
27/08/26;VIDRALA;CALL;Mar-27;90,00;89.5;18,18;0,54;;15
27/08/26;VIDRALA;PUT;Sep-26;66,67;89.5;20,09;;;2
27/08/26;VIDRALA;PUT;Sep-26;74,29;89.5;18,79;;;1
27/08/26;VIDRALA;PUT;Sep-26;81,90;89.5;17,48;-0,02;;11
27/08/26;VIDRALA;PUT;Dic-26;60,00;89.5;22,29;;;1
27/08/26;VIDRALA;PUT;Dic-26;72,00;89.5;20,37;-0,02;;1
27/08/26;VIDRALA;PUT;Dic-26;74,00;89.5;20,05;-0,03;;3
27/08/26;VIDRALA;PUT;Dic-26;80,00;89.5;19,09;-0,12;;2
27/08/26;VIDRALA;PUT;Mar-27;58,00;89.5;20,00;;;1
27/08/26;VIDRALA;PUT;Mar-27;72,00;89.5;18,59;-0,05;;3
27/08/26;VIDRALA;PUT;Mar-27;76,00;89.5;18,19;-0,10;;10
27/08/26;VISCOFAN;CALL;Sep-26;45,20;57.1;21,80;1,00;;1
27/08/26;VISCOFAN;CALL;Sep-26;49,13;57.1;19,57;1,00;;1
27/08/26;VISCOFAN;CALL;Sep-26;53,06;57.1;17,35;0,96;;2
27/08/26;VISCOFAN;CALL;Sep-26;55,02;57.1;16,24;0,84;;5
27/08/26;VISCOFAN;CALL;Sep-26;56,99;57.1;15,12;0,54;;5
27/08/26;VISCOFAN;CALL;Sep-26;58,95;57.1;13,87;0,19;;45
27/08/26;VISCOFAN;CALL;Sep-26;60,92;57.1;12,61;0,02;;12
27/08/26;VISCOFAN;CALL;Sep-26;64,85;57.1;10,08;;;1
27/08/26;VISCOFAN;CALL;Oct-26;60,92;57.1;14,94;0,14;;5
27/08/26;VISCOFAN;CALL;Dic-26;62,89;57.1;15,12;0,15;;2
27/08/26;VISCOFAN;CALL;Dic-26;64,85;57.1;14,99;0,08;;1
27/08/26;VISCOFAN;CALL;Mar-27;55,02;57.1;18,60;0,66;;1
27/08/26;VISCOFAN;CALL;Mar-27;56,99;57.1;17,60;0,55;;1
27/08/26;VISCOFAN;CALL;Mar-27;58,95;57.1;17,52;0,43;;4
27/08/26;VISCOFAN;CALL;Mar-27;72,71;57.1;17,36;0,03;;1
27/08/26;VISCOFAN;CALL;Jun-27;60,92;57.1;17,93;0,36;;1
27/08/26;VISCOFAN;CALL;Jun-27;70,75;57.1;17,41;0,09;;5
27/08/26;VISCOFAN;PUT;Sep-26;40,29;57.1;26,03;;;1
27/08/26;VISCOFAN;PUT;Sep-26;42,25;57.1;24,92;;;3
27/08/26;VISCOFAN;PUT;Sep-26;43,23;57.1;24,36;;;3
27/08/26;VISCOFAN;PUT;Sep-26;44,22;57.1;23,80;;;4
27/08/26;VISCOFAN;PUT;Sep-26;45,20;57.1;23,25;;;2
27/08/26;VISCOFAN;PUT;Sep-26;46,18;57.1;22,69;;;4
27/08/26;VISCOFAN;PUT;Sep-26;47,16;57.1;22,14;;;4
27/08/26;VISCOFAN;PUT;Sep-26;49,13;57.1;21,02;;;12
27/08/26;VISCOFAN;PUT;Sep-26;51,09;57.1;19,91;-0,01;;6
27/08/26;VISCOFAN;PUT;Sep-26;53,06;57.1;18,80;-0,05;;37
27/08/26;VISCOFAN;PUT;Sep-26;55,02;57.1;17,69;-0,18;;15
27/08/26;VISCOFAN;PUT;Sep-26;56,99;57.1;16,57;-0,46;;10
27/08/26;VISCOFAN;PUT;Sep-26;58,95;57.1;15,32;-0,80;;3
27/08/26;VISCOFAN;PUT;Oct-26;45,20;57.1;23,74;;;2
27/08/26;VISCOFAN;PUT;Oct-26;51,09;57.1;20,51;-0,06;;1
27/08/26;VISCOFAN;PUT;Oct-26;53,06;57.1;19,43;-0,14;1;4
27/08/26;VISCOFAN;PUT;Oct-26;55,02;57.1;18,35;-0,27;1;1
27/08/26;VISCOFAN;PUT;Dic-26;40,29;57.1;27,54;-0,01;;2
27/08/26;VISCOFAN;PUT;Dic-26;42,25;57.1;26,44;-0,01;;1
27/08/26;VISCOFAN;PUT;Dic-26;43,23;57.1;25,89;-0,02;;1
27/08/26;VISCOFAN;PUT;Dic-26;44,22;57.1;25,34;-0,03;;12
27/08/26;VISCOFAN;PUT;Dic-26;45,20;57.1;24,79;-0,03;;1
27/08/26;VISCOFAN;PUT;Dic-26;47,16;57.1;23,69;-0,06;;2
27/08/26;VISCOFAN;PUT;Dic-26;48,15;57.1;23,14;-0,08;;1
27/08/26;VISCOFAN;PUT;Dic-26;49,13;57.1;22,59;-0,09;;6
27/08/26;VISCOFAN;PUT;Dic-26;51,09;57.1;21,49;-0,15;;7
27/08/26;VISCOFAN;PUT;Dic-26;53,06;57.1;20,38;-0,22;;12
27/08/26;VISCOFAN;PUT;Dic-26;55,02;57.1;19,29;-0,33;;2
27/08/26;VISCOFAN;PUT;Mar-27;48,15;57.1;19,02;-0,12;;1
27/08/26;VISCOFAN;PUT;Mar-27;49,13;57.1;18,52;-0,14;;7
27/08/26;VISCOFAN;PUT;Mar-27;51,09;57.1;17,52;-0,21;;12
27/08/26;VISCOFAN;PUT;Mar-27;53,06;57.1;16,52;-0,29;;7
27/08/26;VISCOFAN;PUT;Mar-27;56,99;57.1;14,53;-0,53;;5
27/08/26;VISCOFAN;PUT;Jun-27;44,22;57.1;19,83;-0,08;;2
27/08/26;VISCOFAN;PUT;Jun-27;45,20;57.1;19,41;-0,09;;5
27/08/26;VISCOFAN;PUT;Jun-27;51,09;57.1;16,90;-0,25;;2
27/08/26;VISCOFAN;PUT;Jun-27;53,06;57.1;16,06;-0,32;;3
27/08/26;VISCOFAN;PUT;Dic-27;44,22;57.1;18,88;-0,10;;1
27/08/26;VISCOFAN;PUT;Dic-28;44,22;57.1;18,07;-0,16;;1
