fecha_boletin;accion;tipo;fecha_vencimiento;strike;spot;volatilidad_cierre;delta_cierre;volumen_contratos;posicion_abierta
03/08/26;MINI IBEX-35;CALL;Ago-26;16.500;19982.6;29,24;1,00;;4
03/08/26;MINI IBEX-35;CALL;Ago-26;17.000;19982.6;27,10;1,00;;1
03/08/26;MINI IBEX-35;CALL;Ago-26;17.500;19982.6;24,96;0,99;;1
03/08/26;MINI IBEX-35;CALL;Ago-26;17.700;19982.6;24,10;0,99;;1
03/08/26;MINI IBEX-35;CALL;Ago-26;18.000;19982.6;22,82;0,98;;14
03/08/26;MINI IBEX-35;CALL;Ago-26;18.050;19982.6;22,60;0,98;;1
03/08/26;MINI IBEX-35;CALL;Ago-26;18.150;19982.6;22,17;0,98;;4
03/08/26;MINI IBEX-35;CALL;Ago-26;18.200;19982.6;21,96;0,97;;1
03/08/26;MINI IBEX-35;CALL;Ago-26;18.300;19982.6;21,53;0,97;;2
03/08/26;MINI IBEX-35;CALL;Ago-26;18.350;19982.6;21,32;0,97;;1
03/08/26;MINI IBEX-35;CALL;Ago-26;18.400;19982.6;21,10;0,96;;6
03/08/26;MINI IBEX-35;CALL;Ago-26;18.450;19982.6;20,89;0,96;;1
03/08/26;MINI IBEX-35;CALL;Ago-26;18.500;19982.6;20,68;0,96;;12
03/08/26;MINI IBEX-35;CALL;Ago-26;18.600;19982.6;20,25;0,95;;3
03/08/26;MINI IBEX-35;CALL;Ago-26;18.800;19982.6;19,39;0,93;;6
03/08/26;MINI IBEX-35;CALL;Ago-26;18.850;19982.6;19,18;0,92;;1
03/08/26;MINI IBEX-35;CALL;Ago-26;18.900;19982.6;18,96;0,91;;6
03/08/26;MINI IBEX-35;CALL;Ago-26;19.000;19982.6;18,54;0,90;1;21
03/08/26;MINI IBEX-35;CALL;Ago-26;19.100;19982.6;18,11;0,88;;3
03/08/26;MINI IBEX-35;CALL;Ago-26;19.150;19982.6;17,89;0,87;;1
03/08/26;MINI IBEX-35;CALL;Ago-26;19.200;19982.6;17,68;0,86;;78
03/08/26;MINI IBEX-35;CALL;Ago-26;19.300;19982.6;17,25;0,83;;9
03/08/26;MINI IBEX-35;CALL;Ago-26;19.350;19982.6;17,04;0,82;;7
03/08/26;MINI IBEX-35;CALL;Ago-26;19.400;19982.6;16,82;0,80;;6
03/08/26;MINI IBEX-35;CALL;Ago-26;19.450;19982.6;16,61;0,78;;2
03/08/26;MINI IBEX-35;CALL;Ago-26;19.500;19982.6;16,40;0,77;;25
03/08/26;MINI IBEX-35;CALL;Ago-26;19.550;19982.6;16,18;0,75;;2
03/08/26;MINI IBEX-35;CALL;Ago-26;19.600;19982.6;15,97;0,73;1;62
03/08/26;MINI IBEX-35;CALL;Ago-26;19.650;19982.6;15,75;0,70;;6
03/08/26;MINI IBEX-35;CALL;Ago-26;19.700;19982.6;15,54;0,68;4;108
03/08/26;MINI IBEX-35;CALL;Ago-26;19.750;19982.6;15,33;0,66;;100
03/08/26;MINI IBEX-35;CALL;Ago-26;19.800;19982.6;15,11;0,63;7;146
03/08/26;MINI IBEX-35;CALL;Ago-26;19.850;19982.6;14,90;0,60;1;101
03/08/26;MINI IBEX-35;CALL;Ago-26;19.900;19982.6;14,68;0,57;;117
03/08/26;MINI IBEX-35;CALL;Ago-26;19.950;19982.6;14,47;0,54;;60
03/08/26;MINI IBEX-35;CALL;Ago-26;20.000;19982.6;14,26;0,51;2;210
03/08/26;MINI IBEX-35;CALL;Ago-26;20.050;19982.6;14,12;0,48;;2
03/08/26;MINI IBEX-35;CALL;Ago-26;20.100;19982.6;14,02;0,45;5;6
03/08/26;MINI IBEX-35;CALL;Ago-26;20.150;19982.6;13,91;0,42;;1
03/08/26;MINI IBEX-35;CALL;Ago-26;20.200;19982.6;13,80;0,39;2;8
03/08/26;MINI IBEX-35;CALL;Ago-26;20.250;19982.6;13,70;0,36;1;1
03/08/26;MINI IBEX-35;CALL;Ago-26;20.300;19982.6;13,59;0,32;;8
03/08/26;MINI IBEX-35;CALL;Ago-26;20.400;19982.6;13,38;0,27;;1
03/08/26;MINI IBEX-35;CALL;Ago-26;20.450;19982.6;13,28;0,24;;1
03/08/26;MINI IBEX-35;CALL;Ago-26;20.500;19982.6;13,17;0,21;;11
03/08/26;MINI IBEX-35;CALL;Ago-26;20.600;19982.6;12,96;0,16;;11
03/08/26;MINI IBEX-35;CALL;Ago-26;20.800;19982.6;12,54;0,09;;1
03/08/26;MINI IBEX-35;CALL;Ago-26;20.900;19982.6;12,32;0,06;;1
03/08/26;MINI IBEX-35;CALL;Sep-26;7.500;19982.6;58,34;1,00;;3
03/08/26;MINI IBEX-35;CALL;Sep-26;12.200;19982.6;41,93;1,00;;32
03/08/26;MINI IBEX-35;CALL;Sep-26;14.000;19982.6;35,64;1,00;;5
03/08/26;MINI IBEX-35;CALL;Sep-26;15.000;19982.6;32,15;0,99;;2
03/08/26;MINI IBEX-35;CALL;Sep-26;15.500;19982.6;30,40;0,99;;1
03/08/26;MINI IBEX-35;CALL;Sep-26;16.000;19982.6;28,66;0,99;;5.500
03/08/26;MINI IBEX-35;CALL;Sep-26;16.400;19982.6;27,26;0,98;;3
03/08/26;MINI IBEX-35;CALL;Sep-26;16.500;19982.6;26,91;0,98;;1
03/08/26;MINI IBEX-35;CALL;Sep-26;17.000;19982.6;25,17;0,97;;3
03/08/26;MINI IBEX-35;CALL;Sep-26;17.200;19982.6;24,47;0,96;;1
03/08/26;MINI IBEX-35;CALL;Sep-26;17.300;19982.6;24,12;0,96;;5
03/08/26;MINI IBEX-35;CALL;Sep-26;17.400;19982.6;23,77;0,95;;3
03/08/26;MINI IBEX-35;CALL;Sep-26;17.500;19982.6;23,42;0,95;;7
03/08/26;MINI IBEX-35;CALL;Sep-26;17.600;19982.6;23,07;0,94;;2
03/08/26;MINI IBEX-35;CALL;Sep-26;18.000;19982.6;21,67;0,92;;103
03/08/26;MINI IBEX-35;CALL;Sep-26;18.100;19982.6;21,33;0,91;;1
03/08/26;MINI IBEX-35;CALL;Sep-26;18.200;19982.6;20,98;0,90;;6
03/08/26;MINI IBEX-35;CALL;Sep-26;18.300;19982.6;20,63;0,90;;3
03/08/26;MINI IBEX-35;CALL;Sep-26;18.400;19982.6;20,28;0,89;;2
03/08/26;MINI IBEX-35;CALL;Sep-26;18.500;19982.6;19,93;0,87;;23
03/08/26;MINI IBEX-35;CALL;Sep-26;18.600;19982.6;19,58;0,86;;1
03/08/26;MINI IBEX-35;CALL;Sep-26;18.700;19982.6;19,23;0,85;;1
03/08/26;MINI IBEX-35;CALL;Sep-26;18.900;19982.6;18,53;0,82;;2
03/08/26;MINI IBEX-35;CALL;Sep-26;18.950;19982.6;18,36;0,81;;2
03/08/26;MINI IBEX-35;CALL;Sep-26;19.000;19982.6;18,18;0,80;;9
03/08/26;MINI IBEX-35;CALL;Sep-26;19.100;19982.6;17,83;0,78;;18
03/08/26;MINI IBEX-35;CALL;Sep-26;19.200;19982.6;17,48;0,76;;5
03/08/26;MINI IBEX-35;CALL;Sep-26;19.250;19982.6;17,31;0,75;;1
03/08/26;MINI IBEX-35;CALL;Sep-26;19.300;19982.6;17,14;0,74;;4
03/08/26;MINI IBEX-35;CALL;Sep-26;19.350;19982.6;16,96;0,73;;5
03/08/26;MINI IBEX-35;CALL;Sep-26;19.400;19982.6;16,79;0,72;;11
03/08/26;MINI IBEX-35;CALL;Sep-26;19.450;19982.6;16,61;0,70;;3
03/08/26;MINI IBEX-35;CALL;Sep-26;19.500;19982.6;16,44;0,69;;37
03/08/26;MINI IBEX-35;CALL;Sep-26;19.550;19982.6;16,26;0,68;;1
03/08/26;MINI IBEX-35;CALL;Sep-26;19.650;19982.6;15,91;0,65;;1
03/08/26;MINI IBEX-35;CALL;Sep-26;19.700;19982.6;15,74;0,63;;4
03/08/26;MINI IBEX-35;CALL;Sep-26;19.750;19982.6;15,56;0,61;;3
03/08/26;MINI IBEX-35;CALL;Sep-26;19.800;19982.6;15,39;0,60;1;6
03/08/26;MINI IBEX-35;CALL;Sep-26;19.900;19982.6;15,04;0,56;10;105
03/08/26;MINI IBEX-35;CALL;Sep-26;19.950;19982.6;14,87;0,54;;4
03/08/26;MINI IBEX-35;CALL;Sep-26;20.000;19982.6;14,69;0,53;;85
03/08/26;MINI IBEX-35;CALL;Sep-26;20.050;19982.6;14,52;0,51;1;9
03/08/26;MINI IBEX-35;CALL;Sep-26;20.100;19982.6;14,44;0,49;2;8
03/08/26;MINI IBEX-35;CALL;Sep-26;20.150;19982.6;14,35;0,47;;1
03/08/26;MINI IBEX-35;CALL;Sep-26;20.200;19982.6;14,26;0,45;;3
03/08/26;MINI IBEX-35;CALL;Sep-26;20.250;19982.6;14,17;0,43;10;11
03/08/26;MINI IBEX-35;CALL;Sep-26;20.300;19982.6;14,09;0,41;;41
03/08/26;MINI IBEX-35;CALL;Sep-26;20.400;19982.6;13,91;0,37;;2
03/08/26;MINI IBEX-35;CALL;Sep-26;20.500;19982.6;13,74;0,33;;1
03/08/26;MINI IBEX-35;CALL;Sep-26;20.550;19982.6;13,65;0,31;;1
03/08/26;MINI IBEX-35;CALL;Sep-26;20.600;19982.6;13,56;0,29;;1
03/08/26;MINI IBEX-35;CALL;Sep-26;20.700;19982.6;13,39;0,26;;80
03/08/26;MINI IBEX-35;CALL;Sep-26;21.000;19982.6;12,86;0,16;;2
03/08/26;MINI IBEX-35;CALL;Sep-26;21.200;19982.6;12,52;0,11;;20
03/08/26;MINI IBEX-35;CALL;Sep-26;21.300;19982.6;12,34;0,09;;5
03/08/26;MINI IBEX-35;CALL;Sep-26;24.000;19982.6;7,63;;;5.500
03/08/26;MINI IBEX-35;CALL;Oct-26;19.450;19982.6;17,34;0,66;;1
03/08/26;MINI IBEX-35;CALL;Oct-26;19.550;19982.6;17,03;0,63;;1
03/08/26;MINI IBEX-35;CALL;Dic-26;8.300;19982.6;48,02;0,99;;655
03/08/26;MINI IBEX-35;CALL;Dic-26;8.600;19982.6;47,22;0,99;;1.250
03/08/26;MINI IBEX-35;CALL;Dic-26;10.500;19982.6;42,12;0,99;;30
03/08/26;MINI IBEX-35;CALL;Dic-26;12.000;19982.6;38,10;0,98;;12
03/08/26;MINI IBEX-35;CALL;Dic-26;12.200;19982.6;37,56;0,98;;32
03/08/26;MINI IBEX-35;CALL;Dic-26;13.000;19982.6;35,42;0,97;;1
03/08/26;MINI IBEX-35;CALL;Dic-26;14.800;19982.6;30,59;0,95;;32
03/08/26;MINI IBEX-35;CALL;Dic-26;15.300;19982.6;29,25;0,93;;1
03/08/26;MINI IBEX-35;CALL;Dic-26;16.000;19982.6;27,38;0,91;;10
03/08/26;MINI IBEX-35;CALL;Dic-26;16.400;19982.6;26,30;0,90;;6.000
03/08/26;MINI IBEX-35;CALL;Dic-26;16.700;19982.6;25,50;0,88;;1.500
03/08/26;MINI IBEX-35;CALL;Dic-26;16.900;19982.6;24,96;0,87;;5
03/08/26;MINI IBEX-35;CALL;Dic-26;17.000;19982.6;24,69;0,87;;19
03/08/26;MINI IBEX-35;CALL;Dic-26;17.100;19982.6;24,43;0,86;;5
03/08/26;MINI IBEX-35;CALL;Dic-26;17.200;19982.6;24,16;0,85;;1
03/08/26;MINI IBEX-35;CALL;Dic-26;17.300;19982.6;23,89;0,85;;1
03/08/26;MINI IBEX-35;CALL;Dic-26;17.400;19982.6;23,62;0,84;;8
03/08/26;MINI IBEX-35;CALL;Dic-26;17.500;19982.6;23,35;0,83;;1.006
03/08/26;MINI IBEX-35;CALL;Dic-26;17.600;19982.6;23,09;0,83;;11
03/08/26;MINI IBEX-35;CALL;Dic-26;17.700;19982.6;22,82;0,82;;5.007
03/08/26;MINI IBEX-35;CALL;Dic-26;17.800;19982.6;22,55;0,81;;92
03/08/26;MINI IBEX-35;CALL;Dic-26;17.900;19982.6;22,28;0,80;;5.004
03/08/26;MINI IBEX-35;CALL;Dic-26;18.000;19982.6;22,01;0,79;;6
03/08/26;MINI IBEX-35;CALL;Dic-26;18.100;19982.6;21,74;0,79;;1
03/08/26;MINI IBEX-35;CALL;Dic-26;18.300;19982.6;21,21;0,77;;5
03/08/26;MINI IBEX-35;CALL;Dic-26;18.400;19982.6;20,94;0,76;;1
03/08/26;MINI IBEX-35;CALL;Dic-26;18.500;19982.6;20,67;0,75;;6.004
03/08/26;MINI IBEX-35;CALL;Dic-26;18.600;19982.6;20,40;0,73;;1
03/08/26;MINI IBEX-35;CALL;Dic-26;18.900;19982.6;19,60;0,70;;1
03/08/26;MINI IBEX-35;CALL;Dic-26;19.000;19982.6;19,33;0,68;;4
03/08/26;MINI IBEX-35;CALL;Dic-26;19.100;19982.6;19,06;0,67;;1
03/08/26;MINI IBEX-35;CALL;Dic-26;19.200;19982.6;18,80;0,66;;4
03/08/26;MINI IBEX-35;CALL;Dic-26;19.300;19982.6;18,53;0,64;;2
03/08/26;MINI IBEX-35;CALL;Dic-26;19.500;19982.6;17,99;0,61;;4
03/08/26;MINI IBEX-35;CALL;Dic-26;19.600;19982.6;17,72;0,59;;1
03/08/26;MINI IBEX-35;CALL;Dic-26;19.700;19982.6;17,45;0,57;;1
03/08/26;MINI IBEX-35;CALL;Dic-26;19.800;19982.6;17,19;0,56;;3
03/08/26;MINI IBEX-35;CALL;Dic-26;19.900;19982.6;16,92;0,54;;6
03/08/26;MINI IBEX-35;CALL;Dic-26;20.000;19982.6;16,65;0,52;;10
03/08/26;MINI IBEX-35;CALL;Dic-26;20.100;19982.6;16,48;0,50;;2
03/08/26;MINI IBEX-35;CALL;Dic-26;20.200;19982.6;16,34;0,48;;1
03/08/26;MINI IBEX-35;CALL;Dic-26;20.300;19982.6;16,19;0,46;;1
03/08/26;MINI IBEX-35;CALL;Dic-26;20.400;19982.6;16,04;0,44;;2
03/08/26;MINI IBEX-35;CALL;Dic-26;20.500;19982.6;15,89;0,42;;6.004
03/08/26;MINI IBEX-35;CALL;Dic-26;20.600;19982.6;15,74;0,40;;6
03/08/26;MINI IBEX-35;CALL;Dic-26;21.000;19982.6;15,15;0,32;;5
03/08/26;MINI IBEX-35;CALL;Dic-26;21.200;19982.6;14,85;0,28;;1
03/08/26;MINI IBEX-35;CALL;Dic-26;21.300;19982.6;14,71;0,26;2;3
03/08/26;MINI IBEX-35;CALL;Dic-26;21.700;19982.6;14,11;0,19;2;3
03/08/26;MINI IBEX-35;CALL;Dic-26;21.900;19982.6;13,82;0,15;;1
03/08/26;MINI IBEX-35;CALL;Dic-26;22.000;19982.6;13,67;0,14;;3
03/08/26;MINI IBEX-35;CALL;Dic-26;22.200;19982.6;13,37;0,11;;3
03/08/26;MINI IBEX-35;CALL;Mar-27;12.600;19982.6;33,51;0,95;;1
03/08/26;MINI IBEX-35;CALL;Mar-27;13.000;19982.6;32,62;0,95;;2
03/08/26;MINI IBEX-35;CALL;Mar-27;13.500;19982.6;31,50;0,94;;3
03/08/26;MINI IBEX-35;CALL;Mar-27;13.900;19982.6;30,61;0,93;;3
03/08/26;MINI IBEX-35;CALL;Mar-27;14.000;19982.6;30,39;0,93;;1
03/08/26;MINI IBEX-35;CALL;Mar-27;14.100;19982.6;30,17;0,93;;1
03/08/26;MINI IBEX-35;CALL;Mar-27;15.300;19982.6;27,50;0,90;;3
03/08/26;MINI IBEX-35;CALL;Mar-27;17.000;19982.6;23,71;0,82;;2
03/08/26;MINI IBEX-35;CALL;Mar-27;17.900;19982.6;21,71;0,76;;1
03/08/26;MINI IBEX-35;CALL;Mar-27;18.000;19982.6;21,49;0,75;;750
03/08/26;MINI IBEX-35;CALL;Mar-27;18.500;19982.6;20,37;0,71;;2
03/08/26;MINI IBEX-35;CALL;Mar-27;19.000;19982.6;19,26;0,66;;1
03/08/26;MINI IBEX-35;CALL;Mar-27;20.100;19982.6;16,84;0,51;;1
03/08/26;MINI IBEX-35;CALL;Mar-27;20.500;19982.6;16,31;0,45;;1
03/08/26;MINI IBEX-35;CALL;Mar-27;20.600;19982.6;16,18;0,44;;1
03/08/26;MINI IBEX-35;CALL;Mar-27;20.700;19982.6;16,05;0,42;;1
03/08/26;MINI IBEX-35;CALL;Jun-27;18.500;19982.6;20,53;0,67;;2
03/08/26;MINI IBEX-35;CALL;Jun-27;19.000;19982.6;19,53;0,62;;2
03/08/26;MINI IBEX-35;CALL;Jun-27;19.200;19982.6;19,13;0,60;;6
03/08/26;MINI IBEX-35;CALL;Jun-27;22.000;19982.6;14,99;0,26;;1
03/08/26;MINI IBEX-35;CALL;Jun-27;24.000;19982.6;12,42;0,06;;3
03/08/26;MINI IBEX-35;CALL;Sep-27;19.800;19982.6;18,46;0,53;;1
03/08/26;MINI IBEX-35;CALL;Dic-27;14.000;19982.6;28,61;0,86;;2
03/08/26;MINI IBEX-35;CALL;Dic-27;16.200;19982.6;24,85;0,77;;32
03/08/26;MINI IBEX-35;CALL;Dic-27;16.300;19982.6;24,67;0,77;;96
03/08/26;MINI IBEX-35;CALL;Dic-27;16.400;19982.6;24,50;0,76;;32
03/08/26;MINI IBEX-35;CALL;Dic-27;16.500;19982.6;24,33;0,76;;32
03/08/26;MINI IBEX-35;CALL;Dic-27;16.700;19982.6;23,99;0,75;;32
03/08/26;MINI IBEX-35;CALL;Dic-27;17.600;19982.6;22,45;0,70;;32
03/08/26;MINI IBEX-35;CALL;Dic-27;19.400;19982.6;19,37;0,57;;6.750
03/08/26;MINI IBEX-35;CALL;Dic-27;19.500;19982.6;19,20;0,56;;4
03/08/26;MINI IBEX-35;CALL;Dic-27;20.500;19982.6;17,90;0,47;;1
03/08/26;MINI IBEX-35;CALL;Mar-28;18.400;19982.6;21,18;0,64;;32
03/08/26;MINI IBEX-35;CALL;Mar-28;18.500;19982.6;21,03;0,63;;32
03/08/26;MINI IBEX-35;CALL;Mar-28;18.600;19982.6;20,88;0,62;;32
03/08/26;MINI IBEX-35;CALL;Dic-28;16.800;19982.6;22,54;0,69;;1.800
03/08/26;MINI IBEX-35;PUT;Ago-26;15.000;19982.6;35,66;;;115
03/08/26;MINI IBEX-35;PUT;Ago-26;15.700;19982.6;32,66;;;10
03/08/26;MINI IBEX-35;PUT;Ago-26;15.800;19982.6;32,23;;;1
03/08/26;MINI IBEX-35;PUT;Ago-26;15.900;19982.6;31,81;;;290
03/08/26;MINI IBEX-35;PUT;Ago-26;16.000;19982.6;31,38;;;1
03/08/26;MINI IBEX-35;PUT;Ago-26;16.200;19982.6;30,52;;;73
03/08/26;MINI IBEX-35;PUT;Ago-26;16.300;19982.6;30,09;;;1
03/08/26;MINI IBEX-35;PUT;Ago-26;16.400;19982.6;29,67;;;1
03/08/26;MINI IBEX-35;PUT;Ago-26;16.500;19982.6;29,24;;;26
03/08/26;MINI IBEX-35;PUT;Ago-26;16.600;19982.6;28,81;;;11
03/08/26;MINI IBEX-35;PUT;Ago-26;16.700;19982.6;28,38;;;4
03/08/26;MINI IBEX-35;PUT;Ago-26;16.800;19982.6;27,95;;;13
03/08/26;MINI IBEX-35;PUT;Ago-26;16.850;19982.6;27,74;;;9
03/08/26;MINI IBEX-35;PUT;Ago-26;16.950;19982.6;27,31;;;1
03/08/26;MINI IBEX-35;PUT;Ago-26;17.000;19982.6;27,10;;;6
03/08/26;MINI IBEX-35;PUT;Ago-26;17.100;19982.6;26,67;;;17
03/08/26;MINI IBEX-35;PUT;Ago-26;17.150;19982.6;26,46;;;1
03/08/26;MINI IBEX-35;PUT;Ago-26;17.200;19982.6;26,24;;;2
03/08/26;MINI IBEX-35;PUT;Ago-26;17.250;19982.6;26,03;;;1
03/08/26;MINI IBEX-35;PUT;Ago-26;17.300;19982.6;25,81;-0,01;;4
03/08/26;MINI IBEX-35;PUT;Ago-26;17.350;19982.6;25,60;-0,01;;1
03/08/26;MINI IBEX-35;PUT;Ago-26;17.400;19982.6;25,39;-0,01;;1
03/08/26;MINI IBEX-35;PUT;Ago-26;17.450;19982.6;25,17;-0,01;;1
03/08/26;MINI IBEX-35;PUT;Ago-26;17.500;19982.6;24,96;-0,01;;9
03/08/26;MINI IBEX-35;PUT;Ago-26;17.550;19982.6;24,74;-0,01;;30
03/08/26;MINI IBEX-35;PUT;Ago-26;17.600;19982.6;24,53;-0,01;3;105
03/08/26;MINI IBEX-35;PUT;Ago-26;17.700;19982.6;24,10;-0,01;;2
03/08/26;MINI IBEX-35;PUT;Ago-26;17.750;19982.6;23,89;-0,01;;1
03/08/26;MINI IBEX-35;PUT;Ago-26;17.800;19982.6;23,67;-0,01;;4
03/08/26;MINI IBEX-35;PUT;Ago-26;17.850;19982.6;23,46;-0,01;;1
03/08/26;MINI IBEX-35;PUT;Ago-26;17.900;19982.6;23,24;-0,01;;10
03/08/26;MINI IBEX-35;PUT;Ago-26;17.950;19982.6;23,03;-0,02;;2
03/08/26;MINI IBEX-35;PUT;Ago-26;18.000;19982.6;22,82;-0,02;;25
03/08/26;MINI IBEX-35;PUT;Ago-26;18.050;19982.6;22,60;-0,02;;2
03/08/26;MINI IBEX-35;PUT;Ago-26;18.100;19982.6;22,39;-0,02;;69
03/08/26;MINI IBEX-35;PUT;Ago-26;18.150;19982.6;22,17;-0,02;;2
03/08/26;MINI IBEX-35;PUT;Ago-26;18.200;19982.6;21,96;-0,03;;7
03/08/26;MINI IBEX-35;PUT;Ago-26;18.250;19982.6;21,75;-0,03;;4
03/08/26;MINI IBEX-35;PUT;Ago-26;18.300;19982.6;21,53;-0,03;;5
03/08/26;MINI IBEX-35;PUT;Ago-26;18.350;19982.6;21,32;-0,03;;5
03/08/26;MINI IBEX-35;PUT;Ago-26;18.400;19982.6;21,10;-0,04;;4
03/08/26;MINI IBEX-35;PUT;Ago-26;18.450;19982.6;20,89;-0,04;;102
03/08/26;MINI IBEX-35;PUT;Ago-26;18.500;19982.6;20,68;-0,04;2;8
03/08/26;MINI IBEX-35;PUT;Ago-26;18.550;19982.6;20,46;-0,05;;1
03/08/26;MINI IBEX-35;PUT;Ago-26;18.600;19982.6;20,25;-0,05;1;11
03/08/26;MINI IBEX-35;PUT;Ago-26;18.650;19982.6;20,03;-0,06;;3
03/08/26;MINI IBEX-35;PUT;Ago-26;18.700;19982.6;19,82;-0,06;;78
03/08/26;MINI IBEX-35;PUT;Ago-26;18.750;19982.6;19,61;-0,07;;5
03/08/26;MINI IBEX-35;PUT;Ago-26;18.800;19982.6;19,39;-0,07;;4
03/08/26;MINI IBEX-35;PUT;Ago-26;18.850;19982.6;19,18;-0,08;;2
03/08/26;MINI IBEX-35;PUT;Ago-26;18.900;19982.6;18,96;-0,09;;15
03/08/26;MINI IBEX-35;PUT;Ago-26;18.950;19982.6;18,75;-0,09;;1
03/08/26;MINI IBEX-35;PUT;Ago-26;19.000;19982.6;18,54;-0,10;1;22
03/08/26;MINI IBEX-35;PUT;Ago-26;19.050;19982.6;18,32;-0,11;1;5
03/08/26;MINI IBEX-35;PUT;Ago-26;19.100;19982.6;18,11;-0,12;;5
03/08/26;MINI IBEX-35;PUT;Ago-26;19.150;19982.6;17,89;-0,13;;2
03/08/26;MINI IBEX-35;PUT;Ago-26;19.200;19982.6;17,68;-0,14;;12
03/08/26;MINI IBEX-35;PUT;Ago-26;19.250;19982.6;17,47;-0,15;;7
03/08/26;MINI IBEX-35;PUT;Ago-26;19.300;19982.6;17,25;-0,17;;6
03/08/26;MINI IBEX-35;PUT;Ago-26;19.350;19982.6;17,04;-0,18;;77
03/08/26;MINI IBEX-35;PUT;Ago-26;19.400;19982.6;16,82;-0,20;;23
03/08/26;MINI IBEX-35;PUT;Ago-26;19.450;19982.6;16,61;-0,22;3;79
03/08/26;MINI IBEX-35;PUT;Ago-26;19.500;19982.6;16,40;-0,23;;15
03/08/26;MINI IBEX-35;PUT;Ago-26;19.550;19982.6;16,18;-0,25;;21
03/08/26;MINI IBEX-35;PUT;Ago-26;19.600;19982.6;15,97;-0,27;1;71
03/08/26;MINI IBEX-35;PUT;Ago-26;19.650;19982.6;15,75;-0,30;;1
03/08/26;MINI IBEX-35;PUT;Ago-26;19.700;19982.6;15,54;-0,32;4;90
03/08/26;MINI IBEX-35;PUT;Ago-26;19.750;19982.6;15,33;-0,34;1;5
03/08/26;MINI IBEX-35;PUT;Ago-26;19.800;19982.6;15,11;-0,37;1;39
03/08/26;MINI IBEX-35;PUT;Ago-26;19.850;19982.6;14,90;-0,40;;23
03/08/26;MINI IBEX-35;PUT;Ago-26;19.900;19982.6;14,68;-0,42;;25
03/08/26;MINI IBEX-35;PUT;Ago-26;19.950;19982.6;14,47;-0,45;;1
03/08/26;MINI IBEX-35;PUT;Ago-26;20.000;19982.6;14,26;-0,48;1;4
03/08/26;MINI IBEX-35;PUT;Ago-26;20.200;19982.6;13,80;-0,61;;1
03/08/26;MINI IBEX-35;PUT;Sep-26;13.000;19982.6;39,39;;;2
03/08/26;MINI IBEX-35;PUT;Sep-26;13.100;19982.6;39,05;;;2
03/08/26;MINI IBEX-35;PUT;Sep-26;13.500;19982.6;37,65;;;2
03/08/26;MINI IBEX-35;PUT;Sep-26;13.600;19982.6;37,30;;;1
03/08/26;MINI IBEX-35;PUT;Sep-26;13.700;19982.6;36,95;;;2
03/08/26;MINI IBEX-35;PUT;Sep-26;13.900;19982.6;36,25;;;1
03/08/26;MINI IBEX-35;PUT;Sep-26;14.000;19982.6;35,90;;;4
03/08/26;MINI IBEX-35;PUT;Sep-26;14.100;19982.6;35,55;;;2
03/08/26;MINI IBEX-35;PUT;Sep-26;14.200;19982.6;35,20;;;1
03/08/26;MINI IBEX-35;PUT;Sep-26;14.300;19982.6;34,85;;;1
03/08/26;MINI IBEX-35;PUT;Sep-26;14.400;19982.6;34,51;;;4
03/08/26;MINI IBEX-35;PUT;Sep-26;14.500;19982.6;34,16;;;5
03/08/26;MINI IBEX-35;PUT;Sep-26;14.600;19982.6;33,81;;;5
03/08/26;MINI IBEX-35;PUT;Sep-26;14.700;19982.6;33,46;;;3
03/08/26;MINI IBEX-35;PUT;Sep-26;15.000;19982.6;32,41;-0,01;;41
03/08/26;MINI IBEX-35;PUT;Sep-26;15.100;19982.6;32,06;-0,01;;1
03/08/26;MINI IBEX-35;PUT;Sep-26;15.200;19982.6;31,71;-0,01;;2
03/08/26;MINI IBEX-35;PUT;Sep-26;15.300;19982.6;31,36;-0,01;;7
03/08/26;MINI IBEX-35;PUT;Sep-26;15.400;19982.6;31,01;-0,01;;5
03/08/26;MINI IBEX-35;PUT;Sep-26;15.500;19982.6;30,66;-0,01;;44
03/08/26;MINI IBEX-35;PUT;Sep-26;15.600;19982.6;30,32;-0,01;;1
03/08/26;MINI IBEX-35;PUT;Sep-26;15.700;19982.6;29,97;-0,01;;1
03/08/26;MINI IBEX-35;PUT;Sep-26;15.800;19982.6;29,62;-0,01;;3
03/08/26;MINI IBEX-35;PUT;Sep-26;15.900;19982.6;29,27;-0,01;;17
03/08/26;MINI IBEX-35;PUT;Sep-26;16.000;19982.6;28,92;-0,01;;5.506
03/08/26;MINI IBEX-35;PUT;Sep-26;16.100;19982.6;28,57;-0,01;;2
03/08/26;MINI IBEX-35;PUT;Sep-26;16.300;19982.6;27,87;-0,02;;1
03/08/26;MINI IBEX-35;PUT;Sep-26;16.400;19982.6;27,52;-0,02;;3
03/08/26;MINI IBEX-35;PUT;Sep-26;16.500;19982.6;27,17;-0,02;;20
03/08/26;MINI IBEX-35;PUT;Sep-26;16.600;19982.6;26,82;-0,02;;1
03/08/26;MINI IBEX-35;PUT;Sep-26;16.700;19982.6;26,47;-0,02;;1
03/08/26;MINI IBEX-35;PUT;Sep-26;16.800;19982.6;26,12;-0,03;;4
03/08/26;MINI IBEX-35;PUT;Sep-26;17.000;19982.6;25,43;-0,03;;26
03/08/26;MINI IBEX-35;PUT;Sep-26;17.200;19982.6;24,73;-0,04;;2
03/08/26;MINI IBEX-35;PUT;Sep-26;17.300;19982.6;24,38;-0,04;;2
03/08/26;MINI IBEX-35;PUT;Sep-26;17.400;19982.6;24,03;-0,05;;8
03/08/26;MINI IBEX-35;PUT;Sep-26;17.500;19982.6;23,68;-0,05;;113
03/08/26;MINI IBEX-35;PUT;Sep-26;17.600;19982.6;23,33;-0,05;1;4
03/08/26;MINI IBEX-35;PUT;Sep-26;17.700;19982.6;22,98;-0,06;1;3
03/08/26;MINI IBEX-35;PUT;Sep-26;17.800;19982.6;22,63;-0,07;;8
03/08/26;MINI IBEX-35;PUT;Sep-26;17.850;19982.6;22,46;-0,07;;2
03/08/26;MINI IBEX-35;PUT;Sep-26;17.900;19982.6;22,28;-0,07;;3
03/08/26;MINI IBEX-35;PUT;Sep-26;17.950;19982.6;22,11;-0,08;1;
03/08/26;MINI IBEX-35;PUT;Sep-26;18.000;19982.6;21,93;-0,08;;19
03/08/26;MINI IBEX-35;PUT;Sep-26;18.100;19982.6;21,59;-0,09;;3
03/08/26;MINI IBEX-35;PUT;Sep-26;18.150;19982.6;21,41;-0,09;;110
03/08/26;MINI IBEX-35;PUT;Sep-26;18.200;19982.6;21,24;-0,09;;5
03/08/26;MINI IBEX-35;PUT;Sep-26;18.250;19982.6;21,06;-0,10;;3
03/08/26;MINI IBEX-35;PUT;Sep-26;18.300;19982.6;20,89;-0,10;;3
03/08/26;MINI IBEX-35;PUT;Sep-26;18.400;19982.6;20,54;-0,11;;20
03/08/26;MINI IBEX-35;PUT;Sep-26;18.500;19982.6;20,19;-0,13;;17
03/08/26;MINI IBEX-35;PUT;Sep-26;18.550;19982.6;20,01;-0,13;;3
03/08/26;MINI IBEX-35;PUT;Sep-26;18.600;19982.6;19,84;-0,14;;12
03/08/26;MINI IBEX-35;PUT;Sep-26;18.700;19982.6;19,49;-0,15;;5
03/08/26;MINI IBEX-35;PUT;Sep-26;18.750;19982.6;19,32;-0,16;3;3
03/08/26;MINI IBEX-35;PUT;Sep-26;18.800;19982.6;19,14;-0,17;1;6
03/08/26;MINI IBEX-35;PUT;Sep-26;18.850;19982.6;18,97;-0,17;;1
03/08/26;MINI IBEX-35;PUT;Sep-26;18.900;19982.6;18,79;-0,18;;2
03/08/26;MINI IBEX-35;PUT;Sep-26;19.000;19982.6;18,44;-0,20;;10.887
03/08/26;MINI IBEX-35;PUT;Sep-26;19.050;19982.6;18,27;-0,21;;1
03/08/26;MINI IBEX-35;PUT;Sep-26;19.100;19982.6;18,09;-0,22;3;10
03/08/26;MINI IBEX-35;PUT;Sep-26;19.150;19982.6;17,92;-0,23;;2
03/08/26;MINI IBEX-35;PUT;Sep-26;19.200;19982.6;17,74;-0,24;;6
03/08/26;MINI IBEX-35;PUT;Sep-26;19.300;19982.6;17,40;-0,26;3;8
03/08/26;MINI IBEX-35;PUT;Sep-26;19.350;19982.6;17,22;-0,27;;2
03/08/26;MINI IBEX-35;PUT;Sep-26;19.400;19982.6;17,05;-0,28;1;4
03/08/26;MINI IBEX-35;PUT;Sep-26;19.500;19982.6;16,70;-0,31;1;14
03/08/26;MINI IBEX-35;PUT;Sep-26;19.600;19982.6;16,35;-0,34;;3
03/08/26;MINI IBEX-35;PUT;Sep-26;19.650;19982.6;16,17;-0,35;75;76
03/08/26;MINI IBEX-35;PUT;Sep-26;19.700;19982.6;16,00;-0,37;;6
03/08/26;MINI IBEX-35;PUT;Sep-26;19.800;19982.6;15,65;-0,40;;8
03/08/26;MINI IBEX-35;PUT;Sep-26;19.900;19982.6;15,30;-0,43;;1
03/08/26;MINI IBEX-35;PUT;Sep-26;20.000;19982.6;14,95;-0,47;;1
03/08/26;MINI IBEX-35;PUT;Sep-26;24.000;19982.6;7,89;-1,00;;5.500
03/08/26;MINI IBEX-35;PUT;Oct-26;18.000;19982.6;21,10;-0,12;;3
03/08/26;MINI IBEX-35;PUT;Oct-26;18.900;19982.6;18,25;-0,23;;1
03/08/26;MINI IBEX-35;PUT;Oct-26;18.950;19982.6;18,09;-0,24;;1
03/08/26;MINI IBEX-35;PUT;Oct-26;19.000;19982.6;17,94;-0,24;;1
03/08/26;MINI IBEX-35;PUT;Oct-26;19.150;19982.6;17,46;-0,27;1;2
03/08/26;MINI IBEX-35;PUT;Oct-26;19.450;19982.6;16,51;-0,33;;1
03/08/26;MINI IBEX-35;PUT;Oct-26;19.700;19982.6;15,72;-0,39;;1
03/08/26;MINI IBEX-35;PUT;Dic-26;8.600;19982.6;45,29;;;1.250
03/08/26;MINI IBEX-35;PUT;Dic-26;10.900;19982.6;39,12;;;1
03/08/26;MINI IBEX-35;PUT;Dic-26;11.300;19982.6;38,05;-0,01;;1
03/08/26;MINI IBEX-35;PUT;Dic-26;11.500;19982.6;37,51;-0,01;;2
03/08/26;MINI IBEX-35;PUT;Dic-26;12.200;19982.6;35,63;-0,01;;2
03/08/26;MINI IBEX-35;PUT;Dic-26;12.300;19982.6;35,37;-0,01;;5
03/08/26;MINI IBEX-35;PUT;Dic-26;12.400;19982.6;35,10;-0,01;;1
03/08/26;MINI IBEX-35;PUT;Dic-26;12.500;19982.6;34,83;-0,01;;7
03/08/26;MINI IBEX-35;PUT;Dic-26;12.600;19982.6;34,56;-0,01;;6
03/08/26;MINI IBEX-35;PUT;Dic-26;12.900;19982.6;33,76;-0,01;;7
03/08/26;MINI IBEX-35;PUT;Dic-26;13.000;19982.6;33,49;-0,01;;7
03/08/26;MINI IBEX-35;PUT;Dic-26;13.100;19982.6;33,22;-0,01;;1
03/08/26;MINI IBEX-35;PUT;Dic-26;13.200;19982.6;32,95;-0,02;;1
03/08/26;MINI IBEX-35;PUT;Dic-26;13.500;19982.6;32,15;-0,02;;504
03/08/26;MINI IBEX-35;PUT;Dic-26;13.600;19982.6;31,88;-0,02;;5
03/08/26;MINI IBEX-35;PUT;Dic-26;13.700;19982.6;31,61;-0,02;;2
03/08/26;MINI IBEX-35;PUT;Dic-26;14.000;19982.6;30,81;-0,02;;1.034
03/08/26;MINI IBEX-35;PUT;Dic-26;14.200;19982.6;30,27;-0,03;;3
03/08/26;MINI IBEX-35;PUT;Dic-26;14.300;19982.6;30,00;-0,03;;1
03/08/26;MINI IBEX-35;PUT;Dic-26;14.400;19982.6;29,74;-0,03;;1
03/08/26;MINI IBEX-35;PUT;Dic-26;14.500;19982.6;29,47;-0,03;;1
03/08/26;MINI IBEX-35;PUT;Dic-26;14.600;19982.6;29,20;-0,03;;1
03/08/26;MINI IBEX-35;PUT;Dic-26;14.800;19982.6;28,66;-0,04;;1
03/08/26;MINI IBEX-35;PUT;Dic-26;14.900;19982.6;28,39;-0,04;;3
03/08/26;MINI IBEX-35;PUT;Dic-26;15.000;19982.6;28,13;-0,04;;17
03/08/26;MINI IBEX-35;PUT;Dic-26;15.200;19982.6;27,59;-0,04;;1
03/08/26;MINI IBEX-35;PUT;Dic-26;15.500;19982.6;26,79;-0,05;;7
03/08/26;MINI IBEX-35;PUT;Dic-26;15.600;19982.6;26,52;-0,05;;32
03/08/26;MINI IBEX-35;PUT;Dic-26;15.700;19982.6;26,25;-0,06;;4
03/08/26;MINI IBEX-35;PUT;Dic-26;15.800;19982.6;25,98;-0,06;;4
03/08/26;MINI IBEX-35;PUT;Dic-26;15.900;19982.6;25,71;-0,06;;1
03/08/26;MINI IBEX-35;PUT;Dic-26;16.000;19982.6;25,45;-0,07;;27
03/08/26;MINI IBEX-35;PUT;Dic-26;16.100;19982.6;25,18;-0,07;;2
03/08/26;MINI IBEX-35;PUT;Dic-26;16.300;19982.6;24,64;-0,08;;10
03/08/26;MINI IBEX-35;PUT;Dic-26;16.400;19982.6;24,37;-0,08;;6.000
03/08/26;MINI IBEX-35;PUT;Dic-26;16.500;19982.6;24,10;-0,08;;1
03/08/26;MINI IBEX-35;PUT;Dic-26;16.600;19982.6;23,84;-0,09;;2
03/08/26;MINI IBEX-35;PUT;Dic-26;16.700;19982.6;23,57;-0,09;;1.507
03/08/26;MINI IBEX-35;PUT;Dic-26;16.800;19982.6;23,30;-0,10;;4
03/08/26;MINI IBEX-35;PUT;Dic-26;16.900;19982.6;23,03;-0,10;;4
03/08/26;MINI IBEX-35;PUT;Dic-26;17.000;19982.6;22,76;-0,11;;22
03/08/26;MINI IBEX-35;PUT;Dic-26;17.100;19982.6;22,50;-0,11;2;7
03/08/26;MINI IBEX-35;PUT;Dic-26;17.200;19982.6;22,23;-0,12;;105
03/08/26;MINI IBEX-35;PUT;Dic-26;17.300;19982.6;21,96;-0,13;;5
03/08/26;MINI IBEX-35;PUT;Dic-26;17.400;19982.6;21,69;-0,13;;6
03/08/26;MINI IBEX-35;PUT;Dic-26;17.500;19982.6;21,42;-0,14;;1.023
03/08/26;MINI IBEX-35;PUT;Dic-26;17.600;19982.6;21,16;-0,15;;104
03/08/26;MINI IBEX-35;PUT;Dic-26;17.700;19982.6;20,89;-0,15;;5.011
03/08/26;MINI IBEX-35;PUT;Dic-26;17.800;19982.6;20,62;-0,16;;10
03/08/26;MINI IBEX-35;PUT;Dic-26;17.900;19982.6;20,35;-0,17;2;5.003
03/08/26;MINI IBEX-35;PUT;Dic-26;18.000;19982.6;20,08;-0,18;1;25
03/08/26;MINI IBEX-35;PUT;Dic-26;18.100;19982.6;19,81;-0,19;;5
03/08/26;MINI IBEX-35;PUT;Dic-26;18.200;19982.6;19,55;-0,20;2;9
03/08/26;MINI IBEX-35;PUT;Dic-26;18.300;19982.6;19,28;-0,21;;6
03/08/26;MINI IBEX-35;PUT;Dic-26;18.400;19982.6;19,01;-0,22;;8
03/08/26;MINI IBEX-35;PUT;Dic-26;18.500;19982.6;18,74;-0,23;2;11
03/08/26;MINI IBEX-35;PUT;Dic-26;18.800;19982.6;17,94;-0,26;;4
03/08/26;MINI IBEX-35;PUT;Dic-26;18.900;19982.6;17,67;-0,28;;11
03/08/26;MINI IBEX-35;PUT;Dic-26;19.000;19982.6;17,40;-0,29;;5
03/08/26;MINI IBEX-35;PUT;Dic-26;19.100;19982.6;17,13;-0,31;;1
03/08/26;MINI IBEX-35;PUT;Dic-26;19.200;19982.6;16,87;-0,32;;36
03/08/26;MINI IBEX-35;PUT;Dic-26;19.300;19982.6;16,60;-0,34;;4
03/08/26;MINI IBEX-35;PUT;Dic-26;19.400;19982.6;16,33;-0,36;;2
03/08/26;MINI IBEX-35;PUT;Dic-26;19.500;19982.6;16,06;-0,37;;3
03/08/26;MINI IBEX-35;PUT;Dic-26;19.600;19982.6;15,79;-0,39;;6
03/08/26;MINI IBEX-35;PUT;Dic-26;19.700;19982.6;15,52;-0,41;;1
03/08/26;MINI IBEX-35;PUT;Dic-26;19.800;19982.6;15,26;-0,43;;1
03/08/26;MINI IBEX-35;PUT;Dic-26;19.900;19982.6;14,99;-0,45;;1
03/08/26;MINI IBEX-35;PUT;Dic-26;20.000;19982.6;14,72;-0,47;;1
03/08/26;MINI IBEX-35;PUT;Dic-26;20.500;19982.6;13,96;-0,59;;1
03/08/26;MINI IBEX-35;PUT;Mar-27;13.000;19982.6;30,54;-0,03;;3
03/08/26;MINI IBEX-35;PUT;Mar-27;13.800;19982.6;28,76;-0,04;;32
03/08/26;MINI IBEX-35;PUT;Mar-27;15.200;19982.6;25,64;-0,07;;1
03/08/26;MINI IBEX-35;PUT;Mar-27;15.700;19982.6;24,53;-0,09;;1
03/08/26;MINI IBEX-35;PUT;Mar-27;16.500;19982.6;22,75;-0,12;;1
03/08/26;MINI IBEX-35;PUT;Mar-27;17.000;19982.6;21,63;-0,14;;2
03/08/26;MINI IBEX-35;PUT;Mar-27;17.500;19982.6;20,52;-0,18;;21
03/08/26;MINI IBEX-35;PUT;Mar-27;18.000;19982.6;19,41;-0,21;;756
03/08/26;MINI IBEX-35;PUT;Mar-27;18.100;19982.6;19,18;-0,22;;5
03/08/26;MINI IBEX-35;PUT;Mar-27;18.200;19982.6;18,96;-0,23;;5
03/08/26;MINI IBEX-35;PUT;Mar-27;18.300;19982.6;18,74;-0,24;;5
03/08/26;MINI IBEX-35;PUT;Mar-27;18.400;19982.6;18,52;-0,25;;5
03/08/26;MINI IBEX-35;PUT;Mar-27;18.500;19982.6;18,29;-0,26;;3
03/08/26;MINI IBEX-35;PUT;Mar-27;18.600;19982.6;18,07;-0,27;;2
03/08/26;MINI IBEX-35;PUT;Mar-27;19.100;19982.6;16,96;-0,33;;5
03/08/26;MINI IBEX-35;PUT;Mar-27;19.300;19982.6;16,51;-0,35;;5
03/08/26;MINI IBEX-35;PUT;Mar-27;19.500;19982.6;16,07;-0,38;;5
03/08/26;MINI IBEX-35;PUT;Mar-27;19.600;19982.6;15,85;-0,40;;5
03/08/26;MINI IBEX-35;PUT;Mar-27;19.800;19982.6;15,40;-0,43;;5
03/08/26;MINI IBEX-35;PUT;Mar-27;19.900;19982.6;15,18;-0,44;;5
03/08/26;MINI IBEX-35;PUT;Mar-27;21.400;19982.6;13,04;-0,70;;1
03/08/26;MINI IBEX-35;PUT;Mar-27;21.600;19982.6;12,77;-0,74;;2
03/08/26;MINI IBEX-35;PUT;Mar-27;21.800;19982.6;12,50;-0,77;;1
03/08/26;MINI IBEX-35;PUT;Mar-27;21.900;19982.6;12,37;-0,79;;3
03/08/26;MINI IBEX-35;PUT;Mar-27;22.000;19982.6;12,24;-0,80;;2
03/08/26;MINI IBEX-35;PUT;Mar-27;22.900;19982.6;11,04;-0,91;;2
03/08/26;MINI IBEX-35;PUT;Jun-27;13.000;19982.6;29,05;-0,04;;2
03/08/26;MINI IBEX-35;PUT;Jun-27;16.000;19982.6;23,03;-0,13;;5
03/08/26;MINI IBEX-35;PUT;Jun-27;17.000;19982.6;21,02;-0,18;;1
03/08/26;MINI IBEX-35;PUT;Jun-27;18.000;19982.6;19,01;-0,25;;1
03/08/26;MINI IBEX-35;PUT;Jun-27;18.500;19982.6;18,01;-0,29;;1
03/08/26;MINI IBEX-35;PUT;Jun-27;19.700;19982.6;15,60;-0,43;;1
03/08/26;MINI IBEX-35;PUT;Jun-27;19.900;19982.6;15,20;-0,46;;1
03/08/26;MINI IBEX-35;PUT;Jun-27;23.300;19982.6;10,80;-0,91;;1
03/08/26;MINI IBEX-35;PUT;Jun-27;23.400;19982.6;10,67;-0,92;;2
03/08/26;MINI IBEX-35;PUT;Jun-27;24.200;19982.6;9,64;-0,96;;2
03/08/26;MINI IBEX-35;PUT;Sep-27;12.100;19982.6;29,60;-0,04;;32
03/08/26;MINI IBEX-35;PUT;Sep-27;12.200;19982.6;29,41;-0,04;;32
03/08/26;MINI IBEX-35;PUT;Sep-27;12.300;19982.6;29,23;-0,04;;32
03/08/26;MINI IBEX-35;PUT;Sep-27;12.400;19982.6;29,05;-0,04;;32
03/08/26;MINI IBEX-35;PUT;Sep-27;14.200;19982.6;25,76;-0,08;;32
03/08/26;MINI IBEX-35;PUT;Dic-27;13.400;19982.6;26,63;-0,08;;250
03/08/26;MINI IBEX-35;PUT;Dic-27;14.700;19982.6;24,40;-0,11;;1
03/08/26;MINI IBEX-35;PUT;Dic-27;15.400;19982.6;23,20;-0,14;;32
03/08/26;MINI IBEX-35;PUT;Dic-27;15.700;19982.6;22,69;-0,15;;32
03/08/26;MINI IBEX-35;PUT;Dic-27;15.800;19982.6;22,52;-0,15;;32
03/08/26;MINI IBEX-35;PUT;Dic-27;19.300;19982.6;16,53;-0,39;;3
03/08/26;MINI IBEX-35;PUT;Dic-27;19.400;19982.6;16,36;-0,40;;6.751
03/08/26;MINI IBEX-35;PUT;Sep-28;17.500;19982.6;18,16;-0,26;;2
03/08/26;MINI IBEX-35;PUT;Dic-28;16.800;19982.6;18,72;-0,23;;1.800
03/08/26;MINI IBEX-35;PUT;Jun-29;18.800;19982.6;18,12;-0,36;;1
03/08/26;MINI IBEX-35;PUT;Jun-31;18.400;19982.6;18,82;-0,33;;1
03/08/26;ACCIONA;CALL;Ago-26;260,00;231.2;35,66;0,08;;5
03/08/26;ACCIONA;CALL;Ago-26;270,00;231.2;34,45;0,02;;2
03/08/26;ACCIONA;CALL;Sep-26;220,00;231.2;37,28;0,68;;5
03/08/26;ACCIONA;CALL;Sep-26;230,00;231.2;35,47;0,55;;1
03/08/26;ACCIONA;CALL;Sep-26;260,00;231.2;33,13;0,18;;15
03/08/26;ACCIONA;CALL;Sep-26;280,00;231.2;31,66;0,05;;2
03/08/26;ACCIONA;CALL;Sep-26;310,00;231.2;29,46;;;5
03/08/26;ACCIONA;CALL;Sep-26;340,00;231.2;27,25;;;10
03/08/26;ACCIONA;CALL;Dic-26;210,00;231.2;37,83;0,71;;2
03/08/26;ACCIONA;CALL;Dic-26;230,00;231.2;35,32;0,57;;5
03/08/26;ACCIONA;CALL;Dic-26;260,00;231.2;34,09;0,34;;2
03/08/26;ACCIONA;CALL;Dic-26;280,00;231.2;33,34;0,22;;5
03/08/26;ACCIONA;CALL;Dic-26;320,00;231.2;31,84;0,06;;5
03/08/26;ACCIONA;CALL;Mar-27;160,00;231.2;43,03;0,90;;1
03/08/26;ACCIONA;CALL;Mar-27;270,00;231.2;34,00;0,35;;5
03/08/26;ACCIONA;CALL;Mar-27;290,00;231.2;33,36;0,25;;5
03/08/26;ACCIONA;CALL;Jun-27;220,00;231.2;35,04;0,65;;1
03/08/26;ACCIONA;PUT;Ago-26;200,00;231.2;45,20;-0,07;;21
03/08/26;ACCIONA;PUT;Ago-26;220,00;231.2;40,58;-0,27;;1
03/08/26;ACCIONA;PUT;Ago-26;230,00;231.2;38,28;-0,45;5;5
03/08/26;ACCIONA;PUT;Ago-26;240,00;231.2;36,93;-0,66;2;
03/08/26;ACCIONA;PUT;Sep-26;120,00;231.2;54,87;;;1
03/08/26;ACCIONA;PUT;Sep-26;170,00;231.2;45,79;-0,02;;1
03/08/26;ACCIONA;PUT;Sep-26;190,00;231.2;42,15;-0,08;;1
03/08/26;ACCIONA;PUT;Sep-26;200,00;231.2;40,34;-0,14;;10
03/08/26;ACCIONA;PUT;Sep-26;210,00;231.2;38,52;-0,22;;1
03/08/26;ACCIONA;PUT;Sep-26;240,00;231.2;34,02;-0,59;;1
03/08/26;ACCIONA;PUT;Dic-26;175,00;231.2;42,26;-0,11;;2
03/08/26;ACCIONA;PUT;Dic-26;195,00;231.2;39,75;-0,20;;15
03/08/26;ACCIONA;PUT;Dic-26;200,00;231.2;39,12;-0,22;;20
03/08/26;ACCIONA;PUT;Dic-26;210,00;231.2;37,87;-0,29;;2
03/08/26;ACCIONA;PUT;Mar-27;200,00;231.2;38,51;-0,25;;20
03/08/26;ACCIONA;PUT;Mar-27;210,00;231.2;37,41;-0,30;;5
03/08/26;ACCIONA;PUT;Mar-27;290,00;231.2;33,22;-0,78;;5
03/08/26;ACCIONA;PUT;Mar-27;300,00;231.2;32,91;-0,82;;5
03/08/26;ACCIONA;PUT;Jun-27;320,00;231.2;30,50;-0,88;;5
03/08/26;ACCIONA ENERGIA;CALL;Sep-26;29,00;21.34;26,95;;;1
03/08/26;ACCIONA ENERGIA;CALL;Dic-26;24,00;21.34;33,71;0,34;;3
03/08/26;ACCIONA ENERGIA;CALL;Dic-26;25,00;21.34;33,45;0,27;;1
03/08/26;ACCIONA ENERGIA;CALL;Dic-26;27,00;21.34;32,92;0,15;;1
03/08/26;ACCIONA ENERGIA;CALL;Dic-26;30,00;21.34;32,12;0,06;;1
03/08/26;ACCIONA ENERGIA;CALL;Dic-26;31,00;21.34;31,85;0,04;;1
03/08/26;ACCIONA ENERGIA;PUT;Ago-26;21,00;21.34;37,40;-0,40;;1
03/08/26;ACCIONA ENERGIA;PUT;Sep-26;20,00;21.34;36,64;-0,28;;3
03/08/26;ACCIONA ENERGIA;PUT;Sep-26;21,00;21.34;35,94;-0,42;;2
03/08/26;ACCIONA ENERGIA;PUT;Sep-26;23,00;21.34;34,22;-0,71;;2
03/08/26;ACCIONA ENERGIA;PUT;Dic-26;18,00;21.34;39,97;-0,20;;2
03/08/26;ACCIONA ENERGIA;PUT;Dic-26;19,00;21.34;39,28;-0,26;;3
03/08/26;ACCIONA ENERGIA;PUT;Dic-26;21,00;21.34;37,90;-0,42;;15
03/08/26;ACCIONA ENERGIA;PUT;Jun-27;24,00;21.34;32,11;-0,58;;13
03/08/26;ACERINOX;CALL;Ago-26;15,50;18.04;36,70;0,97;;2
03/08/26;ACERINOX;CALL;Ago-26;16,00;18.04;35,63;0,94;;4
03/08/26;ACERINOX;CALL;Ago-26;16,50;18.04;34,57;0,89;;50
03/08/26;ACERINOX;CALL;Ago-26;17,00;18.04;33,51;0,80;;22
03/08/26;ACERINOX;CALL;Ago-26;17,50;18.04;32,45;0,68;;11
03/08/26;ACERINOX;CALL;Ago-26;18,00;18.04;31,38;0,53;;39
03/08/26;ACERINOX;CALL;Sep-26;14,50;18.04;38,88;0,95;;150
03/08/26;ACERINOX;CALL;Sep-26;15,50;18.04;37,01;0,89;;10
03/08/26;ACERINOX;CALL;Sep-26;16,00;18.04;36,08;0,85;;14
03/08/26;ACERINOX;CALL;Sep-26;17,00;18.04;34,21;0,72;;14
03/08/26;ACERINOX;CALL;Sep-26;17,50;18.04;33,28;0,63;;8
03/08/26;ACERINOX;CALL;Sep-26;18,00;18.04;32,34;0,54;;1
03/08/26;ACERINOX;CALL;Sep-26;18,50;18.04;31,82;0,44;;30
03/08/26;ACERINOX;CALL;Sep-26;19,00;18.04;31,33;0,35;10;10
03/08/26;ACERINOX;CALL;Sep-26;21,00;18.04;29,37;0,08;;1
03/08/26;ACERINOX;CALL;Oct-26;17,50;18.04;33,56;0,62;3;3
03/08/26;ACERINOX;CALL;Oct-26;19,50;18.04;31,66;0,33;10;10
03/08/26;ACERINOX;CALL;Dic-26;6,00;18.04;47,25;1,00;;20
03/08/26;ACERINOX;CALL;Dic-26;9,75;18.04;42,26;0,99;;2
03/08/26;ACERINOX;CALL;Dic-26;11,00;18.04;40,60;0,98;;10
03/08/26;ACERINOX;CALL;Dic-26;13,00;18.04;37,94;0,94;;11
03/08/26;ACERINOX;CALL;Dic-26;13,50;18.04;37,27;0,92;;20
03/08/26;ACERINOX;CALL;Dic-26;14,00;18.04;36,60;0,90;;10
03/08/26;ACERINOX;CALL;Dic-26;14,50;18.04;35,94;0,87;;10
03/08/26;ACERINOX;CALL;Dic-26;16,00;18.04;33,94;0,77;;10
03/08/26;ACERINOX;CALL;Dic-26;17,00;18.04;32,61;0,67;;5
03/08/26;ACERINOX;CALL;Dic-26;17,50;18.04;31,95;0,62;;35
03/08/26;ACERINOX;CALL;Dic-26;18,00;18.04;31,28;0,56;;20
03/08/26;ACERINOX;CALL;Dic-26;19,00;18.04;30,89;0,45;;20
03/08/26;ACERINOX;CALL;Dic-26;19,50;18.04;30,72;0,39;;11
03/08/26;ACERINOX;CALL;Dic-26;20,00;18.04;30,54;0,34;;10
03/08/26;ACERINOX;CALL;Dic-26;22,00;18.04;29,84;0,17;;1
03/08/26;ACERINOX;CALL;Mar-27;8,75;18.04;43,36;0,99;;1
03/08/26;ACERINOX;CALL;Mar-27;11,00;18.04;40,75;0,97;;15
03/08/26;ACERINOX;CALL;Mar-27;13,00;18.04;38,42;0,91;;1
03/08/26;ACERINOX;CALL;Mar-27;13,50;18.04;37,83;0,89;;5
03/08/26;ACERINOX;CALL;Mar-27;14,00;18.04;37,25;0,86;;5
03/08/26;ACERINOX;CALL;Mar-27;14,50;18.04;36,67;0,83;;150
03/08/26;ACERINOX;CALL;Mar-27;15,50;18.04;35,51;0,77;;150
03/08/26;ACERINOX;CALL;Mar-27;16,00;18.04;34,92;0,73;;150
03/08/26;ACERINOX;CALL;Mar-27;17,00;18.04;33,76;0,65;;150
03/08/26;ACERINOX;CALL;Mar-27;17,50;18.04;33,18;0,61;;100
03/08/26;ACERINOX;CALL;Mar-27;18,50;18.04;32,41;0,52;;50
03/08/26;ACERINOX;CALL;Mar-27;19,00;18.04;32,25;0,48;;25
03/08/26;ACERINOX;CALL;Sep-27;13,50;18.04;39,14;0,84;;5
03/08/26;ACERINOX;CALL;Sep-27;14,00;18.04;38,53;0,81;;1
03/08/26;ACERINOX;CALL;Sep-27;16,50;18.04;35,48;0,67;;150
03/08/26;ACERINOX;CALL;Dic-27;11,00;18.04;40,35;0,92;;10
03/08/26;ACERINOX;CALL;Dic-27;12,00;18.04;39,28;0,89;;1
03/08/26;ACERINOX;CALL;Dic-27;13,00;18.04;38,21;0,85;;10
03/08/26;ACERINOX;CALL;Jun-28;12,50;18.04;36,45;0,86;;10
03/08/26;ACERINOX;PUT;Ago-26;12,50;18.04;42,16;;;2
03/08/26;ACERINOX;PUT;Ago-26;13,00;18.04;41,10;;;106
03/08/26;ACERINOX;PUT;Ago-26;14,00;18.04;38,97;;;1
03/08/26;ACERINOX;PUT;Ago-26;14,50;18.04;37,91;;;30
03/08/26;ACERINOX;PUT;Ago-26;15,00;18.04;36,85;-0,01;;35
03/08/26;ACERINOX;PUT;Ago-26;15,50;18.04;35,79;-0,03;;11
03/08/26;ACERINOX;PUT;Ago-26;17,00;18.04;32,60;-0,19;;20
03/08/26;ACERINOX;PUT;Ago-26;17,50;18.04;31,54;-0,32;1;11
03/08/26;ACERINOX;PUT;Ago-26;18,00;18.04;30,47;-0,47;;2
03/08/26;ACERINOX;PUT;Sep-26;9,00;18.04;46,71;;;23
03/08/26;ACERINOX;PUT;Sep-26;9,50;18.04;45,78;;;43
03/08/26;ACERINOX;PUT;Sep-26;9,75;18.04;45,31;;;1
03/08/26;ACERINOX;PUT;Sep-26;10,00;18.04;44,84;;;10
03/08/26;ACERINOX;PUT;Sep-26;10,50;18.04;43,91;;;40
03/08/26;ACERINOX;PUT;Sep-26;11,00;18.04;42,98;;;150
03/08/26;ACERINOX;PUT;Sep-26;12,00;18.04;41,11;;;10
03/08/26;ACERINOX;PUT;Sep-26;13,00;18.04;39,25;-0,01;;9
03/08/26;ACERINOX;PUT;Sep-26;14,00;18.04;37,38;-0,02;;10
03/08/26;ACERINOX;PUT;Sep-26;15,00;18.04;35,51;-0,06;;5
03/08/26;ACERINOX;PUT;Sep-26;15,50;18.04;34,58;-0,09;;22
03/08/26;ACERINOX;PUT;Sep-26;16,00;18.04;33,65;-0,14;;36
03/08/26;ACERINOX;PUT;Sep-26;18,50;18.04;29,39;-0,57;;125
03/08/26;ACERINOX;PUT;Oct-26;15,50;18.04;34,13;-0,14;;10
03/08/26;ACERINOX;PUT;Dic-26;9,50;18.04;42,25;;;1
03/08/26;ACERINOX;PUT;Dic-26;9,75;18.04;41,92;-0,01;;1
03/08/26;ACERINOX;PUT;Dic-26;10,00;18.04;41,59;-0,01;;97
03/08/26;ACERINOX;PUT;Dic-26;10,50;18.04;40,92;-0,01;;35
03/08/26;ACERINOX;PUT;Dic-26;11,00;18.04;40,26;-0,01;;51
03/08/26;ACERINOX;PUT;Dic-26;11,50;18.04;39,59;-0,02;;25
03/08/26;ACERINOX;PUT;Dic-26;12,00;18.04;38,93;-0,03;;75
03/08/26;ACERINOX;PUT;Dic-26;12,50;18.04;38,26;-0,04;;145
03/08/26;ACERINOX;PUT;Dic-26;13,00;18.04;37,60;-0,06;;10
03/08/26;ACERINOX;PUT;Dic-26;13,50;18.04;36,93;-0,08;;45
03/08/26;ACERINOX;PUT;Dic-26;15,50;18.04;34,27;-0,19;;20
03/08/26;ACERINOX;PUT;Dic-26;18,00;18.04;30,94;-0,44;50;50
03/08/26;ACERINOX;PUT;Mar-27;8,00;18.04;42,75;-0,01;;2
03/08/26;ACERINOX;PUT;Mar-27;10,00;18.04;40,42;-0,02;;175
03/08/26;ACERINOX;PUT;Mar-27;10,50;18.04;39,84;-0,03;;60
03/08/26;ACERINOX;PUT;Mar-27;11,00;18.04;39,26;-0,04;;160
03/08/26;ACERINOX;PUT;Mar-27;11,50;18.04;38,67;-0,05;;126
03/08/26;ACERINOX;PUT;Mar-27;12,00;18.04;38,09;-0,07;;70
03/08/26;ACERINOX;PUT;Mar-27;13,50;18.04;36,34;-0,13;;12
03/08/26;ACERINOX;PUT;Mar-27;15,00;18.04;34,60;-0,21;;100
03/08/26;ACERINOX;PUT;Mar-27;15,50;18.04;34,02;-0,25;;5
03/08/26;ACERINOX;PUT;Mar-27;16,00;18.04;33,43;-0,29;;3
03/08/26;ACERINOX;PUT;Jun-27;8,75;18.04;41,76;-0,02;;1
03/08/26;ACERINOX;PUT;Jun-27;10,00;18.04;40,26;-0,04;;243
03/08/26;ACERINOX;PUT;Jun-27;11,00;18.04;39,06;-0,06;;110
03/08/26;ACERINOX;PUT;Jun-27;15,00;18.04;34,25;-0,23;;10
03/08/26;ACERINOX;PUT;Sep-27;10,00;18.04;39,86;-0,06;;150
03/08/26;ACERINOX;PUT;Sep-27;10,50;18.04;39,26;-0,07;;150
03/08/26;ACERINOX;PUT;Sep-27;11,00;18.04;38,65;-0,08;;150
03/08/26;ACERINOX;PUT;Sep-27;11,50;18.04;38,04;-0,10;;150
03/08/26;ACERINOX;PUT;Sep-27;12,00;18.04;37,43;-0,11;;207
03/08/26;ACERINOX;PUT;Dic-27;12,00;18.04;35,95;-0,12;;150
03/08/26;ACERINOX;PUT;Mar-28;12,00;18.04;34,12;-0,13;;208
03/08/26;ACS;CALL;Ago-26;110,00;110.2;39,20;0,53;;5
03/08/26;ACS;CALL;Ago-26;120,00;110.2;36,49;0,16;;13
03/08/26;ACS;CALL;Ago-26;125,00;110.2;35,15;0,06;;25
03/08/26;ACS;CALL;Ago-26;130,00;110.2;33,80;0,02;;15
03/08/26;ACS;CALL;Ago-26;135,00;110.2;32,45;;;11
03/08/26;ACS;CALL;Ago-26;140,00;110.2;31,11;;;3
03/08/26;ACS;CALL;Ago-26;145,00;110.2;29,76;;;1
03/08/26;ACS;CALL;Ago-26;150,00;110.2;28,42;;;5
03/08/26;ACS;CALL;Sep-26;105,00;110.2;36,91;0,67;;5
03/08/26;ACS;CALL;Sep-26;110,00;110.2;35,48;0,54;;5
03/08/26;ACS;CALL;Sep-26;115,00;110.2;34,96;0,40;;40
03/08/26;ACS;CALL;Sep-26;120,00;110.2;34,47;0,27;;15
03/08/26;ACS;CALL;Sep-26;125,00;110.2;33,99;0,17;;10
03/08/26;ACS;CALL;Sep-26;130,00;110.2;33,50;0,10;;104
03/08/26;ACS;CALL;Sep-26;140,00;110.2;32,54;0,02;;12
03/08/26;ACS;CALL;Sep-26;145,00;110.2;32,05;0,01;;22
03/08/26;ACS;CALL;Sep-26;150,00;110.2;31,57;;;3
03/08/26;ACS;CALL;Sep-26;155,00;110.2;31,08;;;5
03/08/26;ACS;CALL;Sep-26;165,00;110.2;30,12;;;5
03/08/26;ACS;CALL;Oct-26;115,00;110.2;34,69;0,43;;2
03/08/26;ACS;CALL;Oct-26;125,00;110.2;34,39;0,24;;1
03/08/26;ACS;CALL;Oct-26;140,00;110.2;33,94;0,07;;3
03/08/26;ACS;CALL;Dic-26;86,00;110.2;41,03;0,87;;1
03/08/26;ACS;CALL;Dic-26;90,00;110.2;40,09;0,84;;25
03/08/26;ACS;CALL;Dic-26;92,00;110.2;39,61;0,82;;25
03/08/26;ACS;CALL;Dic-26;105,00;110.2;36,55;0,64;;1
03/08/26;ACS;CALL;Dic-26;110,00;110.2;35,37;0,56;;5
03/08/26;ACS;CALL;Dic-26;115,00;110.2;34,87;0,48;;87
03/08/26;ACS;CALL;Dic-26;120,00;110.2;34,40;0,40;;90
03/08/26;ACS;CALL;Dic-26;125,00;110.2;33,93;0,32;;86
03/08/26;ACS;CALL;Dic-26;130,00;110.2;33,46;0,26;;711
03/08/26;ACS;CALL;Dic-26;135,00;110.2;32,99;0,20;;4
03/08/26;ACS;CALL;Dic-26;140,00;110.2;32,53;0,15;;2
03/08/26;ACS;CALL;Dic-26;145,00;110.2;32,06;0,10;;9
03/08/26;ACS;CALL;Dic-26;150,00;110.2;31,59;0,07;;80
03/08/26;ACS;CALL;Dic-26;155,00;110.2;31,12;0,05;;15
03/08/26;ACS;CALL;Dic-26;160,00;110.2;30,65;0,03;;15
03/08/26;ACS;CALL;Dic-26;165,00;110.2;30,18;0,02;;25
03/08/26;ACS;CALL;Mar-27;92,00;110.2;38,98;0,78;;1
03/08/26;ACS;CALL;Mar-27;96,00;110.2;38,14;0,74;;1
03/08/26;ACS;CALL;Mar-27;100,00;110.2;37,29;0,70;;1
03/08/26;ACS;CALL;Mar-27;115,00;110.2;34,78;0,51;;5
03/08/26;ACS;CALL;Mar-27;140,00;110.2;32,97;0,23;;180
03/08/26;ACS;CALL;Mar-27;145,00;110.2;32,60;0,19;;5
03/08/26;ACS;CALL;Mar-27;150,00;110.2;32,24;0,15;;200
03/08/26;ACS;CALL;Mar-27;155,00;110.2;31,88;0,12;;20
03/08/26;ACS;CALL;Mar-27;160,00;110.2;31,51;0,09;;20
03/08/26;ACS;CALL;Mar-27;165,00;110.2;31,15;0,07;;60
03/08/26;ACS;CALL;Jun-27;54,00;110.2;47,11;0,97;;1
03/08/26;ACS;CALL;Jun-27;56,00;110.2;46,66;0,96;;2
03/08/26;ACS;CALL;Jun-27;88,00;110.2;39,40;0,80;;1
03/08/26;ACS;CALL;Jun-27;96,00;110.2;37,58;0,73;;25
03/08/26;ACS;CALL;Jun-27;100,00;110.2;36,67;0,69;;25
03/08/26;ACS;CALL;Jun-27;165,00;110.2;31,87;0,13;;5
03/08/26;ACS;CALL;Sep-27;86,00;110.2;39,41;0,81;;25
03/08/26;ACS;CALL;Sep-27;105,00;110.2;35,39;0,64;;25
03/08/26;ACS;CALL;Dic-27;70,00;110.2;41,44;0,90;;60
03/08/26;ACS;CALL;Dic-27;88,00;110.2;37,96;0,78;;5
03/08/26;ACS;CALL;Dic-27;90,00;110.2;37,57;0,77;;5
03/08/26;ACS;CALL;Dic-27;94,00;110.2;36,80;0,74;;25
03/08/26;ACS;CALL;Dic-27;110,00;110.2;33,70;0,60;;250
03/08/26;ACS;PUT;Ago-26;98,00;110.2;39,86;-0,08;;1
03/08/26;ACS;PUT;Ago-26;100,00;110.2;39,20;-0,12;;1
03/08/26;ACS;PUT;Ago-26;105,00;110.2;37,57;-0,26;10;6
03/08/26;ACS;PUT;Ago-26;110,00;110.2;35,94;-0,47;;29
03/08/26;ACS;PUT;Ago-26;115,00;110.2;34,58;-0,69;270;36
03/08/26;ACS;PUT;Ago-26;120,00;110.2;33,23;-0,87;;1
03/08/26;ACS;PUT;Ago-26;125,00;110.2;31,89;-0,97;5;10
03/08/26;ACS;PUT;Sep-26;50,00;110.2;50,79;;;25
03/08/26;ACS;PUT;Sep-26;52,00;110.2;50,21;;;50
03/08/26;ACS;PUT;Sep-26;54,00;110.2;49,64;;;50
03/08/26;ACS;PUT;Sep-26;56,00;110.2;49,06;;;51
03/08/26;ACS;PUT;Sep-26;66,00;110.2;46,19;;;25
03/08/26;ACS;PUT;Sep-26;68,00;110.2;45,62;;;25
03/08/26;ACS;PUT;Sep-26;70,00;110.2;45,04;;;25
03/08/26;ACS;PUT;Sep-26;72,00;110.2;44,47;;;1
03/08/26;ACS;PUT;Sep-26;76,00;110.2;43,32;-0,01;;42
03/08/26;ACS;PUT;Sep-26;78,00;110.2;42,74;-0,01;;52
03/08/26;ACS;PUT;Sep-26;80,00;110.2;42,17;-0,01;;27
03/08/26;ACS;PUT;Sep-26;84,00;110.2;41,02;-0,03;;25
03/08/26;ACS;PUT;Sep-26;88,00;110.2;39,87;-0,05;;1
03/08/26;ACS;PUT;Sep-26;90,00;110.2;39,29;-0,06;;25
03/08/26;ACS;PUT;Sep-26;94,00;110.2;38,15;-0,10;;5
03/08/26;ACS;PUT;Sep-26;96,00;110.2;37,57;-0,13;;10
03/08/26;ACS;PUT;Sep-26;98,00;110.2;37,00;-0,16;;1
03/08/26;ACS;PUT;Sep-26;100,00;110.2;36,42;-0,20;;31
03/08/26;ACS;PUT;Sep-26;105,00;110.2;34,98;-0,32;;10
03/08/26;ACS;PUT;Sep-26;110,00;110.2;33,55;-0,46;;32
03/08/26;ACS;PUT;Sep-26;115,00;110.2;33,03;-0,61;;8
03/08/26;ACS;PUT;Sep-26;120,00;110.2;32,54;-0,75;;6
03/08/26;ACS;PUT;Sep-26;125,00;110.2;32,06;-0,86;;1
03/08/26;ACS;PUT;Oct-26;84,00;110.2;40,48;-0,05;;1
03/08/26;ACS;PUT;Oct-26;90,00;110.2;38,83;-0,10;;2
03/08/26;ACS;PUT;Dic-26;23,00;110.2;54,67;;;201
03/08/26;ACS;PUT;Dic-26;24,00;110.2;54,44;;;25
03/08/26;ACS;PUT;Dic-26;25,00;110.2;54,20;;;25
03/08/26;ACS;PUT;Dic-26;27,00;110.2;53,73;;;25
03/08/26;ACS;PUT;Dic-26;28,00;110.2;53,49;;;75
03/08/26;ACS;PUT;Dic-26;29,00;110.2;53,26;;;75
03/08/26;ACS;PUT;Dic-26;30,00;110.2;53,02;;;17
03/08/26;ACS;PUT;Dic-26;33,00;110.2;52,31;;;6
03/08/26;ACS;PUT;Dic-26;34,00;110.2;52,08;;;25
03/08/26;ACS;PUT;Dic-26;35,00;110.2;51,84;;;200
03/08/26;ACS;PUT;Dic-26;46,00;110.2;49,25;;;25
03/08/26;ACS;PUT;Dic-26;54,00;110.2;47,36;;;25
03/08/26;ACS;PUT;Dic-26;58,00;110.2;46,42;-0,01;;25
03/08/26;ACS;PUT;Dic-26;60,00;110.2;45,94;-0,01;;95
03/08/26;ACS;PUT;Dic-26;62,00;110.2;45,47;-0,01;;5
03/08/26;ACS;PUT;Dic-26;66,00;110.2;44,53;-0,02;;1
03/08/26;ACS;PUT;Dic-26;76,00;110.2;42,17;-0,05;;6
03/08/26;ACS;PUT;Dic-26;78,00;110.2;41,70;-0,07;;5
03/08/26;ACS;PUT;Dic-26;80,00;110.2;41,23;-0,08;;5
03/08/26;ACS;PUT;Dic-26;82,00;110.2;40,75;-0,09;;10
03/08/26;ACS;PUT;Dic-26;84,00;110.2;40,28;-0,10;;10
03/08/26;ACS;PUT;Dic-26;86,00;110.2;39,81;-0,12;;10
03/08/26;ACS;PUT;Dic-26;88,00;110.2;39,34;-0,14;;45
03/08/26;ACS;PUT;Dic-26;90,00;110.2;38,87;-0,16;;44
03/08/26;ACS;PUT;Dic-26;94,00;110.2;37,92;-0,20;;46
03/08/26;ACS;PUT;Dic-26;96,00;110.2;37,45;-0,23;;80
03/08/26;ACS;PUT;Dic-26;98,00;110.2;36,98;-0,25;;10
03/08/26;ACS;PUT;Dic-26;100,00;110.2;36,51;-0,28;;177
03/08/26;ACS;PUT;Dic-26;105,00;110.2;35,33;-0,36;;3
03/08/26;ACS;PUT;Dic-26;110,00;110.2;34,15;-0,44;;50
03/08/26;ACS;PUT;Dic-26;115,00;110.2;33,65;-0,53;;10
03/08/26;ACS;PUT;Dic-26;125,00;110.2;32,71;-0,70;5;5
03/08/26;ACS;PUT;Mar-27;68,00;110.2;42,40;-0,05;;1
03/08/26;ACS;PUT;Mar-27;88,00;110.2;38,16;-0,18;;2
03/08/26;ACS;PUT;Mar-27;90,00;110.2;37,74;-0,20;;3
03/08/26;ACS;PUT;Mar-27;92,00;110.2;37,31;-0,21;;2
03/08/26;ACS;PUT;Mar-27;98,00;110.2;36,04;-0,28;;115
03/08/26;ACS;PUT;Mar-27;100,00;110.2;35,62;-0,30;;110
03/08/26;ACS;PUT;Mar-27;105,00;110.2;34,56;-0,37;;6
03/08/26;ACS;PUT;Mar-27;110,00;110.2;33,50;-0,43;;10
03/08/26;ACS;PUT;Mar-27;120,00;110.2;32,75;-0,57;;1
03/08/26;ACS;PUT;Jun-27;22,00;110.2;52,43;;;360
03/08/26;ACS;PUT;Jun-27;24,00;110.2;51,98;;;85
03/08/26;ACS;PUT;Jun-27;28,00;110.2;51,07;;;2
03/08/26;ACS;PUT;Jun-27;33,00;110.2;49,93;;;2
03/08/26;ACS;PUT;Jun-27;70,00;110.2;41,54;-0,08;;1
03/08/26;ACS;PUT;Sep-27;78,00;110.2;38,49;-0,14;;25
03/08/26;ACS;PUT;Sep-27;92,00;110.2;35,52;-0,25;;25
03/08/26;ACS;PUT;Dic-27;50,00;110.2;42,97;-0,03;;25
03/08/26;ACS;PUT;Dic-27;78,00;110.2;37,55;-0,15;;25
03/08/26;ACS;PUT;Dic-27;82,00;110.2;36,78;-0,18;;5
03/08/26;ACS;PUT;Dic-27;84,00;110.2;36,39;-0,19;;5
03/08/26;ACS;PUT;Dic-27;98,00;110.2;33,68;-0,31;;25
03/08/26;ACS;PUT;Dic-27;100,00;110.2;33,29;-0,32;;25
03/08/26;ACS;CALL;Dic-26;50,00;110.2;49,52;0,99;;1
03/08/26;ACS;PUT;Ago-26;110,00;110.2;35,94;-0,47;;2
03/08/26;ACS;PUT;Ago-26;115,00;110.2;34,58;-0,69;;50
03/08/26;ACS;PUT;Sep-26;140,00;110.2;30,61;-0,98;;5
03/08/26;AENA;CALL;Ago-26;26,00;26.82;26,71;0,72;;2
03/08/26;AENA;CALL;Ago-26;27,00;26.82;25,45;0,47;;3
03/08/26;AENA;CALL;Ago-26;28,00;26.82;24,41;0,23;;30
03/08/26;AENA;CALL;Ago-26;29,00;26.82;23,36;0,07;;10
03/08/26;AENA;CALL;Sep-26;24,00;26.82;27,23;0,89;;2
03/08/26;AENA;CALL;Sep-26;25,00;26.82;26,12;0,80;;25
03/08/26;AENA;CALL;Sep-26;26,00;26.82;25,00;0,66;;2
03/08/26;AENA;CALL;Sep-26;27,00;26.82;23,93;0,50;;870
03/08/26;AENA;CALL;Sep-26;28,00;26.82;23,11;0,33;;1
03/08/26;AENA;CALL;Oct-26;25,00;26.82;25,65;0,76;;5
03/08/26;AENA;CALL;Dic-26;26,00;26.82;24,11;0,63;;2
03/08/26;AENA;CALL;Dic-26;27,00;26.82;23,29;0,53;;76
03/08/26;AENA;CALL;Dic-26;29,00;26.82;22,35;0,33;;6
03/08/26;AENA;CALL;Mar-27;21,00;26.82;28,53;0,90;;6
03/08/26;AENA;CALL;Mar-27;26,00;26.82;24,49;0,63;;3
03/08/26;AENA;CALL;Mar-27;27,00;26.82;23,76;0,56;;30
03/08/26;AENA;CALL;Jun-27;25,00;26.82;24,81;0,70;;2
03/08/26;AENA;CALL;Jun-27;29,00;26.82;22,72;0,41;;150
03/08/26;AENA;CALL;Jun-27;34,00;26.82;21,04;0,13;;100
03/08/26;AENA;CALL;Dic-27;23,00;26.82;25,94;0,78;;16
03/08/26;AENA;CALL;Dic-27;25,00;26.82;24,75;0,67;;25
03/08/26;AENA;CALL;Dic-27;28,00;26.82;23,34;0,50;;25
03/08/26;AENA;PUT;Ago-26;25,00;26.82;26,32;-0,11;;6
03/08/26;AENA;PUT;Ago-26;26,00;26.82;25,01;-0,27;;21
03/08/26;AENA;PUT;Sep-26;18,50;26.82;32,82;;;2
03/08/26;AENA;PUT;Sep-26;19,00;26.82;32,26;;;32
03/08/26;AENA;PUT;Sep-26;19,50;26.82;31,70;;;4
03/08/26;AENA;PUT;Sep-26;20,00;26.82;31,14;;;14
03/08/26;AENA;PUT;Sep-26;21,00;26.82;30,02;-0,01;;97
03/08/26;AENA;PUT;Sep-26;22,00;26.82;28,90;-0,02;;60
03/08/26;AENA;PUT;Sep-26;23,00;26.82;27,78;-0,05;;40
03/08/26;AENA;PUT;Sep-26;24,00;26.82;26,66;-0,11;;11
03/08/26;AENA;PUT;Sep-26;25,00;26.82;25,55;-0,20;;3
03/08/26;AENA;PUT;Sep-26;26,00;26.82;24,43;-0,34;;1
03/08/26;AENA;PUT;Sep-26;27,00;26.82;23,36;-0,51;;28
03/08/26;AENA;PUT;Dic-26;18,00;26.82;31,61;-0,01;;2
03/08/26;AENA;PUT;Dic-26;19,00;26.82;30,72;-0,02;;3
03/08/26;AENA;PUT;Dic-26;19,50;26.82;30,27;-0,03;;12
03/08/26;AENA;PUT;Dic-26;20,00;26.82;29,82;-0,04;;4
03/08/26;AENA;PUT;Dic-26;21,00;26.82;28,93;-0,07;;5
03/08/26;AENA;PUT;Dic-26;22,00;26.82;28,03;-0,10;;207
03/08/26;AENA;PUT;Dic-26;23,00;26.82;27,14;-0,15;;2
03/08/26;AENA;PUT;Dic-26;24,00;26.82;26,24;-0,21;;2
03/08/26;AENA;PUT;Dic-26;25,00;26.82;25,35;-0,28;;5
03/08/26;AENA;PUT;Mar-27;18,00;26.82;29,64;-0,03;;2
03/08/26;AENA;PUT;Mar-27;20,00;26.82;28,02;-0,07;;501
03/08/26;AENA;PUT;Mar-27;20,50;26.82;27,62;-0,08;;1
03/08/26;AENA;PUT;Mar-27;21,00;26.82;27,21;-0,09;;9
03/08/26;AENA;PUT;Mar-27;22,00;26.82;26,40;-0,13;;4
03/08/26;AENA;PUT;Mar-27;24,00;26.82;24,79;-0,23;;1
03/08/26;AENA;PUT;Mar-27;26,00;26.82;23,17;-0,37;;6
03/08/26;AENA;PUT;Mar-27;32,00;26.82;20,58;-0,87;;1
03/08/26;AENA;PUT;Jun-27;18,00;26.82;27,06;-0,05;;1
03/08/26;AENA;PUT;Jun-27;19,00;26.82;26,31;-0,08;;1
03/08/26;AENA;PUT;Jun-27;23,00;26.82;23,33;-0,24;;1
03/08/26;AENA;PUT;Jun-27;25,00;26.82;21,84;-0,37;;25
03/08/26;AENA;PUT;Jun-27;26,00;26.82;21,09;-0,45;;26
03/08/26;AENA;PUT;Jun-27;27,00;26.82;20,42;-0,53;;25
03/08/26;AENA;PUT;Sep-27;18,00;26.82;25,90;-0,06;;1
03/08/26;AENA;PUT;Sep-27;23,00;26.82;22,61;-0,25;;2
03/08/26;ALMIRALL;CALL;Sep-26;11,50;10.96;28,12;0,34;;3
03/08/26;ALMIRALL;CALL;Sep-26;14,00;10.96;23,64;;;10
03/08/26;ALMIRALL;CALL;Dic-26;12,00;10.96;27,13;0,34;;4
03/08/26;ALMIRALL;PUT;Ago-26;9,50;10.96;33,56;-0,02;;2.000
03/08/26;ALMIRALL;PUT;Ago-26;10,50;10.96;33,20;-0,26;;2.000
03/08/26;ALMIRALL;PUT;Ago-26;11,00;10.96;32,94;-0,50;;50
03/08/26;ALMIRALL;PUT;Sep-26;12,00;10.96;28,09;-0,80;;1
03/08/26;AMADEUS;CALL;Ago-26;50,00;55.32;34,61;0,91;;28
03/08/26;AMADEUS;CALL;Ago-26;52,00;55.32;32,51;0,82;;53
03/08/26;AMADEUS;CALL;Ago-26;54,00;55.32;30,41;0,66;2;53
03/08/26;AMADEUS;CALL;Ago-26;56,00;55.32;28,98;0,44;6;28
03/08/26;AMADEUS;CALL;Ago-26;60,00;55.32;28,69;0,11;;1.992
03/08/26;AMADEUS;CALL;Ago-26;62,00;55.32;28,55;0,04;;4
03/08/26;AMADEUS;CALL;Sep-26;38,00;55.32;39,95;1,00;;2
03/08/26;AMADEUS;CALL;Sep-26;40,00;55.32;38,63;0,99;;2
03/08/26;AMADEUS;CALL;Sep-26;49,00;55.32;32,72;0,87;;25
03/08/26;AMADEUS;CALL;Sep-26;50,00;55.32;32,06;0,83;1;150
03/08/26;AMADEUS;CALL;Sep-26;52,00;55.32;30,75;0,74;;875
03/08/26;AMADEUS;CALL;Sep-26;54,00;55.32;29,44;0,62;;3
03/08/26;AMADEUS;CALL;Sep-26;56,00;55.32;28,46;0,48;1;458
03/08/26;AMADEUS;CALL;Sep-26;58,00;55.32;28,12;0,35;4;6
03/08/26;AMADEUS;CALL;Sep-26;60,00;55.32;27,78;0,23;;2
03/08/26;AMADEUS;CALL;Sep-26;62,00;55.32;27,44;0,14;;1.000
03/08/26;AMADEUS;CALL;Sep-26;64,00;55.32;27,11;0,08;;2
03/08/26;AMADEUS;CALL;Sep-26;66,00;55.32;26,77;0,04;;5
03/08/26;AMADEUS;CALL;Sep-26;70,00;55.32;26,09;0,01;;31
03/08/26;AMADEUS;CALL;Sep-26;72,00;55.32;25,76;;;25
03/08/26;AMADEUS;CALL;Sep-26;74,00;55.32;25,42;;;25
03/08/26;AMADEUS;CALL;Sep-26;84,00;55.32;23,73;;;24
03/08/26;AMADEUS;CALL;Oct-26;48,00;55.32;32,59;0,86;;1
03/08/26;AMADEUS;CALL;Dic-26;38,00;55.32;35,61;0,97;;4
03/08/26;AMADEUS;CALL;Dic-26;39,00;55.32;35,17;0,96;;25
03/08/26;AMADEUS;CALL;Dic-26;40,00;55.32;34,72;0,95;;11
03/08/26;AMADEUS;CALL;Dic-26;45,00;55.32;32,49;0,88;4;11
03/08/26;AMADEUS;CALL;Dic-26;49,00;55.32;30,71;0,78;;1
03/08/26;AMADEUS;CALL;Dic-26;50,00;55.32;30,26;0,75;;10
03/08/26;AMADEUS;CALL;Dic-26;52,00;55.32;29,37;0,69;;500
03/08/26;AMADEUS;CALL;Dic-26;54,00;55.32;28,48;0,61;;13
03/08/26;AMADEUS;CALL;Dic-26;56,00;55.32;27,80;0,53;2;26
03/08/26;AMADEUS;CALL;Dic-26;58,00;55.32;27,55;0,44;;25
03/08/26;AMADEUS;CALL;Dic-26;60,00;55.32;27,30;0,36;;501
03/08/26;AMADEUS;CALL;Dic-26;62,00;55.32;27,04;0,29;;25
03/08/26;AMADEUS;CALL;Dic-26;64,00;55.32;26,79;0,23;;27
03/08/26;AMADEUS;CALL;Dic-26;66,00;55.32;26,54;0,17;;51
03/08/26;AMADEUS;CALL;Dic-26;68,00;55.32;26,29;0,13;;25
03/08/26;AMADEUS;CALL;Dic-26;70,00;55.32;26,03;0,09;;1
03/08/26;AMADEUS;CALL;Dic-26;72,00;55.32;25,78;0,06;;25
03/08/26;AMADEUS;CALL;Dic-26;74,00;55.32;25,53;0,04;1;6
03/08/26;AMADEUS;CALL;Dic-26;90,00;55.32;23,50;;;3
03/08/26;AMADEUS;CALL;Mar-27;40,00;55.32;34,33;0,92;;1
03/08/26;AMADEUS;CALL;Mar-27;45,00;55.32;32,34;0,84;;1
03/08/26;AMADEUS;CALL;Mar-27;50,00;55.32;30,36;0,72;;2
03/08/26;AMADEUS;CALL;Mar-27;52,00;55.32;29,56;0,66;;25
03/08/26;AMADEUS;CALL;Mar-27;54,00;55.32;28,76;0,60;;500
03/08/26;AMADEUS;CALL;Mar-27;56,00;55.32;28,15;0,54;;63
03/08/26;AMADEUS;CALL;Mar-27;58,00;55.32;27,88;0,47;;35
03/08/26;AMADEUS;CALL;Mar-27;60,00;55.32;27,62;0,41;;1
03/08/26;AMADEUS;CALL;Mar-27;62,00;55.32;27,35;0,35;;50
03/08/26;AMADEUS;CALL;Mar-27;66,00;55.32;26,82;0,24;;3
03/08/26;AMADEUS;CALL;Jun-27;40,00;55.32;34,19;0,89;;1
03/08/26;AMADEUS;CALL;Jun-27;50,00;55.32;30,52;0,70;;1
03/08/26;AMADEUS;CALL;Jun-27;52,00;55.32;29,78;0,66;;26
03/08/26;AMADEUS;CALL;Jun-27;58,00;55.32;28,12;0,50;;25
03/08/26;AMADEUS;CALL;Jun-27;60,00;55.32;27,80;0,45;;1
03/08/26;AMADEUS;CALL;Jun-27;62,00;55.32;27,47;0,40;;50
03/08/26;AMADEUS;CALL;Jun-27;64,00;55.32;27,15;0,35;;25
03/08/26;AMADEUS;CALL;Jun-27;66,00;55.32;26,82;0,30;;25
03/08/26;AMADEUS;CALL;Jun-27;68,00;55.32;26,50;0,25;;25
03/08/26;AMADEUS;CALL;Jun-27;72,00;55.32;25,85;0,18;1;1
03/08/26;AMADEUS;CALL;Sep-27;49,00;55.32;31,61;0,72;;5
03/08/26;AMADEUS;CALL;Sep-27;66,00;55.32;27,70;0,33;;26
03/08/26;AMADEUS;CALL;Dic-27;56,00;55.32;29,70;0,57;;17
03/08/26;AMADEUS;CALL;Dic-27;60,00;55.32;29,10;0,48;;1
03/08/26;AMADEUS;CALL;Dic-27;72,00;55.32;27,29;0,26;;6
03/08/26;AMADEUS;PUT;Ago-26;39,00;55.32;46,90;;;3
03/08/26;AMADEUS;PUT;Ago-26;41,00;55.32;44,80;;;2
03/08/26;AMADEUS;PUT;Ago-26;42,00;55.32;43,76;;;2
03/08/26;AMADEUS;PUT;Ago-26;43,00;55.32;42,71;;;14
03/08/26;AMADEUS;PUT;Ago-26;44,00;55.32;41,66;-0,01;;30
03/08/26;AMADEUS;PUT;Ago-26;45,00;55.32;40,61;-0,01;;17
03/08/26;AMADEUS;PUT;Ago-26;46,00;55.32;39,56;-0,02;;10
03/08/26;AMADEUS;PUT;Ago-26;47,00;55.32;38,51;-0,03;1;8
03/08/26;AMADEUS;PUT;Ago-26;48,00;55.32;37,46;-0,04;1;70
03/08/26;AMADEUS;PUT;Ago-26;49,00;55.32;36,42;-0,06;;11
03/08/26;AMADEUS;PUT;Ago-26;50,00;55.32;35,37;-0,09;;286
03/08/26;AMADEUS;PUT;Ago-26;52,00;55.32;33,27;-0,19;;10
03/08/26;AMADEUS;PUT;Ago-26;74,00;55.32;28,44;-1,00;;2
03/08/26;AMADEUS;PUT;Sep-26;38,00;55.32;39,54;;;8
03/08/26;AMADEUS;PUT;Sep-26;39,00;55.32;38,88;;;6
03/08/26;AMADEUS;PUT;Sep-26;40,00;55.32;38,22;-0,01;;1
03/08/26;AMADEUS;PUT;Sep-26;41,00;55.32;37,57;-0,01;;25
03/08/26;AMADEUS;PUT;Sep-26;42,00;55.32;36,91;-0,01;;717
03/08/26;AMADEUS;PUT;Sep-26;43,00;55.32;36,25;-0,02;;15
03/08/26;AMADEUS;PUT;Sep-26;44,00;55.32;35,59;-0,03;;230
03/08/26;AMADEUS;PUT;Sep-26;45,00;55.32;34,94;-0,04;;229
03/08/26;AMADEUS;PUT;Sep-26;46,00;55.32;34,28;-0,06;2;3.535
03/08/26;AMADEUS;PUT;Sep-26;47,00;55.32;33,62;-0,07;;200
03/08/26;AMADEUS;PUT;Sep-26;48,00;55.32;32,97;-0,10;20;94
03/08/26;AMADEUS;PUT;Sep-26;49,00;55.32;32,31;-0,13;;56
03/08/26;AMADEUS;PUT;Sep-26;50,00;55.32;31,65;-0,16;;37
03/08/26;AMADEUS;PUT;Sep-26;52,00;55.32;30,34;-0,26;1;12
03/08/26;AMADEUS;PUT;Sep-26;54,00;55.32;29,03;-0,38;22;20
03/08/26;AMADEUS;PUT;Sep-26;56,00;55.32;28,05;-0,52;;1
03/08/26;AMADEUS;PUT;Sep-26;58,00;55.32;27,71;-0,66;;25
03/08/26;AMADEUS;PUT;Sep-26;60,00;55.32;27,37;-0,78;;28
03/08/26;AMADEUS;PUT;Sep-26;66,00;55.32;26,36;-0,99;;25
03/08/26;AMADEUS;PUT;Sep-26;68,00;55.32;26,02;-1,00;;50
03/08/26;AMADEUS;PUT;Sep-26;70,00;55.32;25,68;-1,00;;50
03/08/26;AMADEUS;PUT;Oct-26;36,00;55.32;38,45;;;18
03/08/26;AMADEUS;PUT;Oct-26;39,00;55.32;36,79;-0,01;;2
03/08/26;AMADEUS;PUT;Oct-26;40,00;55.32;36,23;-0,02;;526
03/08/26;AMADEUS;PUT;Oct-26;48,00;55.32;31,80;-0,14;;1
03/08/26;AMADEUS;PUT;Oct-26;50,00;55.32;30,69;-0,20;;1
03/08/26;AMADEUS;PUT;Dic-26;38,00;55.32;35,54;-0,03;;54
03/08/26;AMADEUS;PUT;Dic-26;39,00;55.32;35,10;-0,04;;174
03/08/26;AMADEUS;PUT;Dic-26;40,00;55.32;34,65;-0,05;;105
03/08/26;AMADEUS;PUT;Dic-26;42,00;55.32;33,76;-0,07;;1
03/08/26;AMADEUS;PUT;Dic-26;43,00;55.32;33,31;-0,09;;65
03/08/26;AMADEUS;PUT;Dic-26;44,00;55.32;32,87;-0,10;1;15
03/08/26;AMADEUS;PUT;Dic-26;45,00;55.32;32,42;-0,12;;83
03/08/26;AMADEUS;PUT;Dic-26;46,00;55.32;31,98;-0,14;1;42
03/08/26;AMADEUS;PUT;Dic-26;47,00;55.32;31,53;-0,16;;100
03/08/26;AMADEUS;PUT;Dic-26;48,00;55.32;31,08;-0,19;;2.024
03/08/26;AMADEUS;PUT;Dic-26;49,00;55.32;30,64;-0,22;;15
03/08/26;AMADEUS;PUT;Dic-26;50,00;55.32;30,19;-0,25;26;878
03/08/26;AMADEUS;PUT;Dic-26;52,00;55.32;29,30;-0,32;;536
03/08/26;AMADEUS;PUT;Dic-26;54,00;55.32;28,41;-0,40;;50
03/08/26;AMADEUS;PUT;Dic-26;56,00;55.32;27,73;-0,48;;6
03/08/26;AMADEUS;PUT;Dic-26;58,00;55.32;27,48;-0,57;;1
03/08/26;AMADEUS;PUT;Dic-26;60,00;55.32;27,23;-0,65;;26
03/08/26;AMADEUS;PUT;Dic-26;62,00;55.32;26,97;-0,72;;3
03/08/26;AMADEUS;PUT;Dic-26;64,00;55.32;26,72;-0,80;;1
03/08/26;AMADEUS;PUT;Dic-26;68,00;55.32;26,22;-0,91;;25
03/08/26;AMADEUS;PUT;Dic-26;70,00;55.32;25,96;-0,95;;25
03/08/26;AMADEUS;PUT;Mar-27;38,00;55.32;34,09;-0,06;;116
03/08/26;AMADEUS;PUT;Mar-27;39,00;55.32;33,69;-0,07;;55
03/08/26;AMADEUS;PUT;Mar-27;40,00;55.32;33,29;-0,08;;3
03/08/26;AMADEUS;PUT;Mar-27;41,00;55.32;32,89;-0,10;;54
03/08/26;AMADEUS;PUT;Mar-27;42,00;55.32;32,50;-0,11;;2
03/08/26;AMADEUS;PUT;Mar-27;45,00;55.32;31,30;-0,17;;5
03/08/26;AMADEUS;PUT;Mar-27;46,00;55.32;30,91;-0,19;;10
03/08/26;AMADEUS;PUT;Mar-27;47,00;55.32;30,51;-0,21;;13
03/08/26;AMADEUS;PUT;Mar-27;48,00;55.32;30,11;-0,23;;515
03/08/26;AMADEUS;PUT;Mar-27;49,00;55.32;29,71;-0,26;;15
03/08/26;AMADEUS;PUT;Mar-27;50,00;55.32;29,32;-0,29;;1
03/08/26;AMADEUS;PUT;Mar-27;52,00;55.32;28,52;-0,35;;4
03/08/26;AMADEUS;PUT;Mar-27;54,00;55.32;27,72;-0,41;;1
03/08/26;AMADEUS;PUT;Mar-27;62,00;55.32;26,31;-0,67;;1
03/08/26;AMADEUS;PUT;Jun-27;38,00;55.32;33,59;-0,08;;65
03/08/26;AMADEUS;PUT;Jun-27;39,00;55.32;33,22;-0,10;;10
03/08/26;AMADEUS;PUT;Jun-27;42,00;55.32;32,12;-0,14;;25
03/08/26;AMADEUS;PUT;Jun-27;43,00;55.32;31,75;-0,15;;25
03/08/26;AMADEUS;PUT;Jun-27;44,00;55.32;31,38;-0,17;;3
03/08/26;AMADEUS;PUT;Jun-27;45,00;55.32;31,01;-0,19;;1
03/08/26;AMADEUS;PUT;Jun-27;46,00;55.32;30,65;-0,21;;1
03/08/26;AMADEUS;PUT;Jun-27;48,00;55.32;29,91;-0,25;;7
03/08/26;AMADEUS;PUT;Jun-27;49,00;55.32;29,54;-0,27;;3
03/08/26;AMADEUS;PUT;Jun-27;50,00;55.32;29,18;-0,30;;24
03/08/26;AMADEUS;PUT;Jun-27;52,00;55.32;28,44;-0,35;;7
03/08/26;AMADEUS;PUT;Jun-27;60,00;55.32;26,46;-0,58;;11
03/08/26;AMADEUS;PUT;Sep-27;52,00;55.32;28,21;-0,37;;1
03/08/26;AMADEUS;PUT;Sep-27;54,00;55.32;27,52;-0,42;;1
03/08/26;AMADEUS;PUT;Dic-27;46,00;55.32;29,88;-0,24;;50
03/08/26;AMADEUS;PUT;Dic-27;47,00;55.32;29,56;-0,26;;25
03/08/26;AMADEUS;PUT;Dic-27;48,00;55.32;29,24;-0,28;;51
03/08/26;AMADEUS;PUT;Dic-27;50,00;55.32;28,60;-0,32;;7
03/08/26;AMADEUS;PUT;Dic-27;52,00;55.32;27,96;-0,37;;3
03/08/26;AMADEUS;PUT;Mar-28;49,00;55.32;28,25;-0,31;;1
03/08/26;AMADEUS;PUT;Jun-28;46,00;55.32;28,66;-0,25;;2
03/08/26;AMADEUS;PUT;Jun-28;48,00;55.32;28,15;-0,29;;6
03/08/26;AMADEUS;PUT;Jun-28;56,00;55.32;26,17;-0,45;;1
03/08/26;AMADEUS;PUT;Jun-28;60,00;55.32;25,71;-0,53;;3
03/08/26;AMADEUS;PUT;Jun-28;62,00;55.32;25,49;-0,57;;3
03/08/26;AMADEUS;PUT;Jun-28;70,00;55.32;24,57;-0,72;;3
03/08/26;AMADEUS;PUT;Sep-28;46,00;55.32;28,18;-0,27;;2
03/08/26;AMADEUS;PUT;Dic-26;44,00;55.32;32,87;-0,10;;1
03/08/26;AMADEUS;PUT;Dic-26;46,00;55.32;31,98;-0,14;;1
03/08/26;AMADEUS;PUT;Sep-27;60,00;55.32;26,31;-0,55;;1
03/08/26;ARCELORMITTAL;CALL;Ago-26;43,00;61.8;57,90;1,00;;1
03/08/26;ARCELORMITTAL;CALL;Ago-26;48,00;61.8;56,17;0,99;;1
03/08/26;ARCELORMITTAL;CALL;Ago-26;49,00;61.8;55,83;0,98;;3
03/08/26;ARCELORMITTAL;CALL;Ago-26;56,00;61.8;53,41;0,81;;22
03/08/26;ARCELORMITTAL;CALL;Ago-26;60,00;61.8;52,03;0,62;15;58
03/08/26;ARCELORMITTAL;CALL;Ago-26;62,00;61.8;51,27;0,51;36;65
03/08/26;ARCELORMITTAL;CALL;Ago-26;64,00;61.8;49,90;0,40;;50
03/08/26;ARCELORMITTAL;CALL;Ago-26;66,00;61.8;48,53;0,29;;102
03/08/26;ARCELORMITTAL;CALL;Ago-26;68,00;61.8;47,16;0,19;;1
03/08/26;ARCELORMITTAL;CALL;Ago-26;70,00;61.8;45,79;0,12;;50
03/08/26;ARCELORMITTAL;CALL;Ago-26;72,00;61.8;44,42;0,07;20;20
03/08/26;ARCELORMITTAL;CALL;Sep-26;21,00;61.8;60,52;1,00;;3
03/08/26;ARCELORMITTAL;CALL;Sep-26;25,00;61.8;59,32;1,00;;1
03/08/26;ARCELORMITTAL;CALL;Sep-26;40,00;61.8;54,78;0,99;;25
03/08/26;ARCELORMITTAL;CALL;Sep-26;58,00;61.8;49,35;0,68;1;29
03/08/26;ARCELORMITTAL;CALL;Sep-26;62,00;61.8;48,16;0,53;;2
03/08/26;ARCELORMITTAL;CALL;Sep-26;68,00;61.8;46,96;0,31;;5
03/08/26;ARCELORMITTAL;CALL;Sep-26;70,00;61.8;46,56;0,25;;118
03/08/26;ARCELORMITTAL;CALL;Sep-26;74,00;61.8;45,77;0,15;;25
03/08/26;ARCELORMITTAL;CALL;Sep-26;76,00;61.8;45,37;0,12;;25
03/08/26;ARCELORMITTAL;CALL;Sep-26;78,00;61.8;44,97;0,09;;100
03/08/26;ARCELORMITTAL;CALL;Sep-26;80,00;61.8;44,57;0,06;;50
03/08/26;ARCELORMITTAL;CALL;Sep-26;84,00;61.8;43,77;0,03;;100
03/08/26;ARCELORMITTAL;CALL;Dic-26;26,00;61.8;56,96;1,00;;4
03/08/26;ARCELORMITTAL;CALL;Dic-26;35,00;61.8;54,48;0,97;;3
03/08/26;ARCELORMITTAL;CALL;Dic-26;45,00;61.8;51,73;0,88;;10
03/08/26;ARCELORMITTAL;CALL;Dic-26;50,00;61.8;50,36;0,80;;149
03/08/26;ARCELORMITTAL;CALL;Dic-26;56,00;61.8;48,71;0,69;;1
03/08/26;ARCELORMITTAL;CALL;Dic-26;60,00;61.8;47,61;0,60;;10
03/08/26;ARCELORMITTAL;CALL;Dic-26;70,00;61.8;44,90;0,39;;5
03/08/26;ARCELORMITTAL;CALL;Dic-26;74,00;61.8;43,82;0,30;;2
03/08/26;ARCELORMITTAL;CALL;Dic-29;30,00;61.8;38,32;0,93;;1
03/08/26;ARCELORMITTAL;PUT;Ago-26;45,00;61.8;55,01;;;1
03/08/26;ARCELORMITTAL;PUT;Ago-26;47,00;61.8;54,32;-0,01;;65
03/08/26;ARCELORMITTAL;PUT;Ago-26;48,00;61.8;53,97;-0,02;;28
03/08/26;ARCELORMITTAL;PUT;Ago-26;49,00;61.8;53,63;-0,02;;6
03/08/26;ARCELORMITTAL;PUT;Ago-26;50,00;61.8;53,28;-0,03;;50
03/08/26;ARCELORMITTAL;PUT;Ago-26;52,00;61.8;52,59;-0,06;;2
03/08/26;ARCELORMITTAL;PUT;Ago-26;54,00;61.8;51,90;-0,11;;2
03/08/26;ARCELORMITTAL;PUT;Ago-26;56,00;61.8;51,21;-0,18;;10
03/08/26;ARCELORMITTAL;PUT;Ago-26;58,00;61.8;50,52;-0,27;;37
03/08/26;ARCELORMITTAL;PUT;Ago-26;60,00;61.8;49,83;-0,38;;7
03/08/26;ARCELORMITTAL;PUT;Ago-26;68,00;61.8;44,96;-0,82;;25
03/08/26;ARCELORMITTAL;PUT;Sep-26;24,00;61.8;57,35;;;1
03/08/26;ARCELORMITTAL;PUT;Sep-26;38,00;61.8;53,12;;;5
03/08/26;ARCELORMITTAL;PUT;Sep-26;40,00;61.8;52,51;-0,01;;2
03/08/26;ARCELORMITTAL;PUT;Sep-26;44,00;61.8;51,31;-0,03;;25
03/08/26;ARCELORMITTAL;PUT;Sep-26;45,00;61.8;51,00;-0,03;;50
03/08/26;ARCELORMITTAL;PUT;Sep-26;46,00;61.8;50,70;-0,04;;25
03/08/26;ARCELORMITTAL;PUT;Dic-26;34,00;61.8;53,61;-0,02;;5
03/08/26;ARCELORMITTAL;PUT;Dic-26;35,00;61.8;53,33;-0,03;;5
03/08/26;ARCELORMITTAL;PUT;Dic-26;37,00;61.8;52,78;-0,04;;5
03/08/26;ARCELORMITTAL;PUT;Dic-26;38,00;61.8;52,51;-0,05;;5
03/08/26;ARCELORMITTAL;PUT;Dic-26;39,00;61.8;52,23;-0,05;;1
03/08/26;ARCELORMITTAL;PUT;Dic-26;40,00;61.8;51,96;-0,06;;3
03/08/26;ARCELORMITTAL;PUT;Dic-26;45,00;61.8;50,58;-0,12;;7
03/08/26;ARCELORMITTAL;PUT;Dic-26;46,00;61.8;50,31;-0,13;;1
03/08/26;ARCELORMITTAL;PUT;Dic-26;49,00;61.8;49,48;-0,18;;50
03/08/26;ARCELORMITTAL;PUT;Dic-26;50,00;61.8;49,21;-0,19;;25
03/08/26;ARCELORMITTAL;PUT;Dic-26;54,00;61.8;48,11;-0,27;;4
03/08/26;ARCELORMITTAL;PUT;Mar-27;36,00;61.8;51,04;-0,06;;5
03/08/26;ARCELORMITTAL;PUT;Dic-27;24,00;61.8;45,91;-0,02;;1
03/08/26;ARCELORMITTAL;PUT;Dic-30;44,00;61.8;35,02;-0,18;;1
03/08/26;ATRESMEDIA;CALL;Ago-26;5,00;5.2;25,37;0,77;;2
03/08/26;ATRESMEDIA;CALL;Sep-26;5,00;5.2;25,09;0,70;1;1
03/08/26;ATRESMEDIA;CALL;Sep-26;5,50;5.2;22,59;0,27;;1
03/08/26;ATRESMEDIA;CALL;Dic-26;5,25;5.2;24,31;0,53;;11
03/08/26;ATRESMEDIA;CALL;Dic-26;5,50;5.2;22,89;0,39;;16
03/08/26;ATRESMEDIA;CALL;Dic-26;5,75;5.2;21,46;0,25;;10
03/08/26;ATRESMEDIA;CALL;Dic-26;6,00;5.2;20,04;0,14;;2
03/08/26;ATRESMEDIA;CALL;Mar-27;3,40;5.2;30,00;0,99;;2
03/08/26;ATRESMEDIA;CALL;Mar-27;5,00;5.2;25,08;0,64;;32
03/08/26;ATRESMEDIA;PUT;Ago-26;4,80;5.2;14,87;-0,01;;4
03/08/26;ATRESMEDIA;PUT;Sep-26;4,60;5.2;18,75;-0,03;;3
03/08/26;ATRESMEDIA;PUT;Sep-26;4,80;5.2;17,98;-0,09;;4
03/08/26;ATRESMEDIA;PUT;Sep-26;4,90;5.2;17,59;-0,15;;1
03/08/26;ATRESMEDIA;PUT;Dic-26;4,50;5.2;21,46;-0,17;;18
03/08/26;ATRESMEDIA;PUT;Dic-26;5,50;5.2;16,83;-0,77;;25
03/08/26;ATRESMEDIA;PUT;Dic-26;6,00;5.2;13,98;-0,97;;20
03/08/26;ATRESMEDIA;PUT;Mar-27;4,50;5.2;22,24;-0,22;;5
03/08/26;ATRESMEDIA;PUT;Jun-27;4,00;5.2;25,39;-0,17;;5
03/08/26;ATRESMEDIA;PUT;Jun-27;4,50;5.2;24,30;-0,32;;2
03/08/26;ATRESMEDIA;PUT;Jun-27;4,60;5.2;24,08;-0,36;;2
03/08/26;B.SABADELL;CALL;Ago-26;2,99;3.38;35,01;0,95;;60
03/08/26;B.SABADELL;CALL;Ago-26;3,25;3.38;34,19;0,71;;58
03/08/26;B.SABADELL;CALL;Ago-26;3,33;3.38;33,94;0,59;;3
03/08/26;B.SABADELL;CALL;Ago-26;3,42;3.38;33,61;0,45;;1
03/08/26;B.SABADELL;CALL;Sep-26;2,14;3.38;34,99;1,00;;117
03/08/26;B.SABADELL;CALL;Sep-26;2,56;3.38;33,92;1,00;;20
03/08/26;B.SABADELL;CALL;Sep-26;2,65;3.38;33,69;1,00;;20
03/08/26;B.SABADELL;CALL;Sep-26;2,74;3.38;33,45;0,99;;2
03/08/26;B.SABADELL;CALL;Sep-26;2,91;3.38;33,02;0,95;;52
03/08/26;B.SABADELL;CALL;Sep-26;2,99;3.38;32,81;0,91;;59
03/08/26;B.SABADELL;CALL;Sep-26;3,16;3.38;32,38;0,77;;2
03/08/26;B.SABADELL;CALL;Sep-26;3,25;3.38;32,15;0,67;;300
03/08/26;B.SABADELL;CALL;Sep-26;3,33;3.38;31,94;0,57;;8
03/08/26;B.SABADELL;CALL;Sep-26;3,42;3.38;31,66;0,46;;8
03/08/26;B.SABADELL;CALL;Sep-26;3,50;3.38;31,36;0,37;;42
03/08/26;B.SABADELL;CALL;Dic-26;2,48;3.38;30,28;1,00;;50
03/08/26;B.SABADELL;CALL;Dic-26;2,74;3.38;29,71;0,94;;28
03/08/26;B.SABADELL;CALL;Dic-26;2,82;3.38;29,54;0,90;;3
03/08/26;B.SABADELL;CALL;Dic-26;2,91;3.38;29,34;0,84;;4
03/08/26;B.SABADELL;CALL;Dic-26;2,99;3.38;29,17;0,79;;7
03/08/26;B.SABADELL;CALL;Dic-26;3,08;3.38;28,97;0,72;;664
03/08/26;B.SABADELL;CALL;Dic-26;3,16;3.38;28,80;0,66;;6
03/08/26;B.SABADELL;CALL;Dic-26;3,25;3.38;28,61;0,60;;11
03/08/26;B.SABADELL;CALL;Dic-26;3,50;3.38;27,89;0,42;;10
03/08/26;B.SABADELL;CALL;Dic-26;3,59;3.38;27,57;0,36;;1
03/08/26;B.SABADELL;CALL;Mar-27;2,22;3.38;31,42;1,00;;20
03/08/26;B.SABADELL;CALL;Mar-27;2,74;3.38;30,40;0,88;;10
03/08/26;B.SABADELL;CALL;Mar-27;2,91;3.38;30,06;0,78;;38
03/08/26;B.SABADELL;CALL;Mar-27;3,16;3.38;29,57;0,63;;92
03/08/26;B.SABADELL;CALL;Mar-27;3,25;3.38;29,39;0,59;;4
03/08/26;B.SABADELL;CALL;Mar-27;3,33;3.38;29,23;0,54;;2
03/08/26;B.SABADELL;CALL;Mar-27;3,42;3.38;29,00;0,49;;9
03/08/26;B.SABADELL;CALL;Mar-27;3,50;3.38;28,75;0,45;;3
03/08/26;B.SABADELL;CALL;Jun-27;2,99;3.38;31,32;0,70;;1
03/08/26;B.SABADELL;CALL;Jun-27;3,76;3.38;29,54;0,35;;1
03/08/26;B.SABADELL;CALL;Jun-27;3,93;3.38;29,09;0,29;;5
03/08/26;B.SABADELL;PUT;Ago-26;2,65;3.38;26,44;;;6
03/08/26;B.SABADELL;PUT;Ago-26;2,74;3.38;26,15;;;20
03/08/26;B.SABADELL;PUT;Ago-26;3,08;3.38;25,08;-0,04;;20
03/08/26;B.SABADELL;PUT;Ago-26;3,16;3.38;24,83;-0,11;;4
03/08/26;B.SABADELL;PUT;Ago-26;3,25;3.38;24,54;-0,23;;3
03/08/26;B.SABADELL;PUT;Ago-26;3,33;3.38;24,29;-0,38;;31
03/08/26;B.SABADELL;PUT;Sep-26;2,22;3.38;25,70;;;5.249
03/08/26;B.SABADELL;PUT;Sep-26;2,48;3.38;25,03;;;1
03/08/26;B.SABADELL;PUT;Sep-26;2,65;3.38;24,60;;;26
03/08/26;B.SABADELL;PUT;Sep-26;2,74;3.38;24,36;-0,01;;23
03/08/26;B.SABADELL;PUT;Sep-26;2,82;3.38;24,16;-0,03;;5
03/08/26;B.SABADELL;PUT;Sep-26;2,91;3.38;23,93;-0,06;;5
03/08/26;B.SABADELL;PUT;Sep-26;2,99;3.38;23,72;-0,10;;15
03/08/26;B.SABADELL;PUT;Sep-26;3,08;3.38;23,49;-0,18;;30
03/08/26;B.SABADELL;PUT;Sep-26;3,16;3.38;23,29;-0,27;;5
03/08/26;B.SABADELL;PUT;Sep-26;3,33;3.38;22,85;-0,51;;30
03/08/26;B.SABADELL;PUT;Dic-26;2,48;3.38;24,34;-0,02;;411
03/08/26;B.SABADELL;PUT;Dic-26;2,56;3.38;24,16;-0,03;;10
03/08/26;B.SABADELL;PUT;Dic-26;2,65;3.38;23,97;-0,05;;10
03/08/26;B.SABADELL;PUT;Dic-26;2,74;3.38;23,77;-0,08;;20
03/08/26;B.SABADELL;PUT;Dic-26;2,82;3.38;23,60;-0,11;;21
03/08/26;B.SABADELL;PUT;Dic-26;2,91;3.38;23,40;-0,15;;2
03/08/26;B.SABADELL;PUT;Dic-26;2,99;3.38;23,23;-0,20;;10
03/08/26;B.SABADELL;PUT;Dic-26;3,08;3.38;23,03;-0,27;;52
03/08/26;B.SABADELL;PUT;Dic-26;3,16;3.38;22,86;-0,33;;60
03/08/26;B.SABADELL;PUT;Mar-27;2,48;3.38;25,16;-0,07;;1
03/08/26;B.SABADELL;PUT;Mar-27;2,65;3.38;24,83;-0,12;;20
03/08/26;B.SABADELL;PUT;Mar-27;2,82;3.38;24,49;-0,19;;113
03/08/26;B.SABADELL;PUT;Mar-27;2,99;3.38;24,15;-0,28;;205
03/08/26;B.SABADELL;PUT;Mar-27;3,08;3.38;23,98;-0,34;;200
03/08/26;B.SABADELL;PUT;Mar-27;3,33;3.38;23,48;-0,50;;141
03/08/26;B.SABADELL;PUT;Mar-27;3,59;3.38;22,72;-0,67;;100
03/08/26;B.SABADELL;PUT;Jun-27;2,74;3.38;25,40;-0,21;;5
03/08/26;B.SABADELL;PUT;Sep-27;2,39;3.38;26,56;-0,12;;5
03/08/26;B.SABADELL;PUT;Dic-27;2,74;3.38;26,22;-0,26;;1.538
03/08/26;B.SABADELL;PUT;Dic-27;2,82;3.38;26,07;-0,29;;3.026
03/08/26;B.SABADELL;PUT;Mar-28;2,56;3.38;28,18;-0,22;;830
03/08/26;B.SABADELL;PUT;Mar-28;2,74;3.38;27,90;-0,28;;769
03/08/26;B.SABADELL;PUT;Mar-28;2,82;3.38;27,77;-0,31;;758
03/08/26;B.SABADELL;PUT;Mar-28;2,91;3.38;27,63;-0,34;;742
03/08/26;B.SABADELL;CALL;Ago-26;3,33;3.38;33,94;0,59;;125
03/08/26;B.SABADELL;PUT;Dic-26;2,48;3.38;24,34;-0,02;;10
03/08/26;BANKINTER;CALL;Ago-26;14,50;15.9;25,98;0,95;;1
03/08/26;BANKINTER;CALL;Ago-26;15,00;15.9;24,82;0,86;;70
03/08/26;BANKINTER;CALL;Sep-26;13,50;15.9;28,61;0,95;;23
03/08/26;BANKINTER;CALL;Sep-26;14,00;15.9;27,51;0,91;;10
03/08/26;BANKINTER;CALL;Sep-26;14,50;15.9;26,41;0,85;;1
03/08/26;BANKINTER;CALL;Sep-26;15,00;15.9;25,31;0,76;;3
03/08/26;BANKINTER;CALL;Sep-26;16,50;15.9;23,11;0,35;;10
03/08/26;BANKINTER;CALL;Oct-26;15,00;15.9;26,17;0,72;;10
03/08/26;BANKINTER;CALL;Dic-26;13,50;15.9;29,99;0,86;;11
03/08/26;BANKINTER;CALL;Dic-26;14,00;15.9;29,02;0,81;;2
03/08/26;BANKINTER;CALL;Dic-26;15,00;15.9;27,07;0,69;;10
03/08/26;BANKINTER;CALL;Dic-26;15,50;15.9;26,09;0,62;;10
03/08/26;BANKINTER;CALL;Dic-26;16,00;15.9;25,29;0,53;;50
03/08/26;BANKINTER;CALL;Mar-27;15,00;15.9;26,83;0,66;;21
03/08/26;BANKINTER;CALL;Mar-27;16,50;15.9;25,17;0,46;;100
03/08/26;BANKINTER;CALL;Mar-27;17,00;15.9;25,03;0,40;;100
03/08/26;BANKINTER;CALL;Jun-27;16,00;15.9;25,18;0,53;;25
03/08/26;BANKINTER;CALL;Dic-27;14,50;15.9;26,91;0,67;;3
03/08/26;BANKINTER;CALL;Dic-27;15,50;15.9;25,80;0,58;;1
03/08/26;BANKINTER;CALL;Dic-27;17,00;15.9;25,11;0,45;;25
03/08/26;BANKINTER;PUT;Ago-26;12,50;15.9;32,36;;;1
03/08/26;BANKINTER;PUT;Ago-26;15,50;15.9;25,44;-0,31;;20
03/08/26;BANKINTER;PUT;Sep-26;6,50;15.9;44,07;;;31
03/08/26;BANKINTER;PUT;Sep-26;7,00;15.9;42,97;;;1
03/08/26;BANKINTER;PUT;Sep-26;10,50;15.9;35,26;;;3
03/08/26;BANKINTER;PUT;Sep-26;11,00;15.9;34,16;;;3
03/08/26;BANKINTER;PUT;Sep-26;11,50;15.9;33,06;;;4
03/08/26;BANKINTER;PUT;Sep-26;12,50;15.9;30,86;-0,01;;2
03/08/26;BANKINTER;PUT;Sep-26;13,00;15.9;29,75;-0,02;;20
03/08/26;BANKINTER;PUT;Sep-26;13,50;15.9;28,65;-0,05;;10
03/08/26;BANKINTER;PUT;Sep-26;14,00;15.9;27,55;-0,09;;10
03/08/26;BANKINTER;PUT;Sep-26;15,00;15.9;25,35;-0,24;;5
03/08/26;BANKINTER;PUT;Sep-26;15,50;15.9;24,25;-0,36;;20
03/08/26;BANKINTER;PUT;Oct-26;14,50;15.9;26,77;-0,20;;10
03/08/26;BANKINTER;PUT;Dic-26;7,25;15.9;41,02;;;1
03/08/26;BANKINTER;PUT;Dic-26;11,00;15.9;33,71;-0,03;;1
03/08/26;BANKINTER;PUT;Dic-26;12,00;15.9;31,76;-0,07;;1.020
03/08/26;BANKINTER;PUT;Dic-26;12,50;15.9;30,78;-0,10;;114
03/08/26;BANKINTER;PUT;Dic-26;13,00;15.9;29,81;-0,13;;20
03/08/26;BANKINTER;PUT;Dic-26;13,50;15.9;28,83;-0,17;;3.360
03/08/26;BANKINTER;PUT;Dic-26;14,00;15.9;27,86;-0,23;;25
03/08/26;BANKINTER;PUT;Dic-26;16,00;15.9;24,13;-0,52;;25
03/08/26;BANKINTER;PUT;Mar-27;13,50;15.9;27,33;-0,20;;8
03/08/26;BANKINTER;PUT;Jun-27;11,00;15.9;29,81;-0,08;;222
03/08/26;BANKINTER;PUT;Jun-27;12,50;15.9;27,67;-0,16;;3
03/08/26;BANKINTER;PUT;Dic-27;10,50;15.9;28,01;-0,09;;1.000
03/08/26;BANKINTER;PUT;Dic-27;11,00;15.9;27,45;-0,11;;50
03/08/26;BANKINTER;PUT;Dic-27;15,00;15.9;23,00;-0,40;;25
03/08/26;BANKINTER;PUT;Mar-28;13,00;15.9;26,14;-0,25;;194
03/08/26;BANKINTER;PUT;Mar-28;14,00;15.9;25,20;-0,32;;175
03/08/26;BBVA;CALL;Ago-26;18,00;24.68;42,31;1,00;1;
03/08/26;BBVA;CALL;Ago-26;19,00;24.68;40,05;1,00;;5.000
03/08/26;BBVA;CALL;Ago-26;20,00;24.68;37,80;0,99;;14.500
03/08/26;BBVA;CALL;Ago-26;20,50;24.68;36,67;0,99;1;
03/08/26;BBVA;CALL;Ago-26;21,00;24.68;35,54;0,98;;2.534
03/08/26;BBVA;CALL;Ago-26;22,00;24.68;33,28;0,95;;8.018
03/08/26;BBVA;CALL;Ago-26;23,00;24.68;31,03;0,86;;159
03/08/26;BBVA;CALL;Ago-26;24,00;24.68;28,77;0,69;;1.081
03/08/26;BBVA;CALL;Ago-26;25,00;24.68;27,09;0,43;1;110
03/08/26;BBVA;CALL;Sep-26;13,50;24.68;47,08;1,00;;75
03/08/26;BBVA;CALL;Sep-26;14,00;24.68;46,15;1,00;;75
03/08/26;BBVA;CALL;Sep-26;14,50;24.68;45,23;1,00;;75
03/08/26;BBVA;CALL;Sep-26;15,00;24.68;44,30;1,00;;152
03/08/26;BBVA;CALL;Sep-26;15,50;24.68;43,38;1,00;;150
03/08/26;BBVA;CALL;Sep-26;16,00;24.68;42,45;1,00;;300
03/08/26;BBVA;CALL;Sep-26;16,50;24.68;41,53;1,00;;300
03/08/26;BBVA;CALL;Sep-26;17,00;24.68;40,60;1,00;;1.950
03/08/26;BBVA;CALL;Sep-26;17,50;24.68;39,68;0,99;;5.000
03/08/26;BBVA;CALL;Sep-26;18,50;24.68;37,83;0,99;;151
03/08/26;BBVA;CALL;Sep-26;19,00;24.68;36,90;0,98;30;4.260
03/08/26;BBVA;CALL;Sep-26;19,50;24.68;35,97;0,97;;250
03/08/26;BBVA;CALL;Sep-26;20,00;24.68;35,05;0,96;;7.148
03/08/26;BBVA;CALL;Sep-26;21,00;24.68;33,20;0,93;;2.009
03/08/26;BBVA;CALL;Sep-26;22,00;24.68;31,35;0,87;;534
03/08/26;BBVA;CALL;Sep-26;23,00;24.68;29,50;0,77;;174
03/08/26;BBVA;CALL;Sep-26;24,00;24.68;27,65;0,64;2;73
03/08/26;BBVA;CALL;Sep-26;25,00;24.68;26,24;0,48;365;395
03/08/26;BBVA;CALL;Sep-26;26,00;24.68;25,78;0,31;;30
03/08/26;BBVA;CALL;Oct-26;25,00;24.68;26,85;0,49;;1
03/08/26;BBVA;CALL;Dic-26;13,00;24.68;47,81;1,00;;26
03/08/26;BBVA;CALL;Dic-26;15,00;24.68;44,63;0,99;;30
03/08/26;BBVA;CALL;Dic-26;16,00;24.68;43,03;0,98;;4.000
03/08/26;BBVA;CALL;Dic-26;16,50;24.68;42,24;0,97;;50
03/08/26;BBVA;CALL;Dic-26;17,00;24.68;41,44;0,97;;4.311
03/08/26;BBVA;CALL;Dic-26;17,50;24.68;40,64;0,95;;650
03/08/26;BBVA;CALL;Dic-26;18,00;24.68;39,85;0,94;;158
03/08/26;BBVA;CALL;Dic-26;18,50;24.68;39,05;0,93;;8
03/08/26;BBVA;CALL;Dic-26;19,00;24.68;38,25;0,91;;2.520
03/08/26;BBVA;CALL;Dic-26;19,50;24.68;37,46;0,89;;30
03/08/26;BBVA;CALL;Dic-26;20,00;24.68;36,66;0,87;;162
03/08/26;BBVA;CALL;Dic-26;21,00;24.68;35,06;0,82;;3.522
03/08/26;BBVA;CALL;Dic-26;22,00;24.68;33,47;0,76;;28
03/08/26;BBVA;CALL;Dic-26;23,00;24.68;31,88;0,68;;2.211
03/08/26;BBVA;CALL;Dic-26;24,00;24.68;30,28;0,60;;2
03/08/26;BBVA;CALL;Dic-26;25,00;24.68;29,05;0,50;;208
03/08/26;BBVA;CALL;Dic-26;26,00;24.68;28,59;0,41;;16
03/08/26;BBVA;CALL;Dic-26;27,00;24.68;28,13;0,32;;150
03/08/26;BBVA;CALL;Dic-26;28,00;24.68;27,68;0,24;4;4
03/08/26;BBVA;CALL;Mar-27;9,50;24.68;51,31;1,00;;25
03/08/26;BBVA;CALL;Mar-27;12,00;24.68;47,69;1,00;;25
03/08/26;BBVA;CALL;Mar-27;13,00;24.68;46,25;0,99;;1
03/08/26;BBVA;CALL;Mar-27;15,50;24.68;42,64;0,96;;5
03/08/26;BBVA;CALL;Mar-27;16,00;24.68;41,91;0,94;;1.005
03/08/26;BBVA;CALL;Mar-27;16,50;24.68;41,19;0,93;;250
03/08/26;BBVA;CALL;Mar-27;17,50;24.68;39,75;0,91;;40
03/08/26;BBVA;CALL;Mar-27;18,00;24.68;39,02;0,89;;100
03/08/26;BBVA;CALL;Mar-27;19,00;24.68;37,58;0,86;;104
03/08/26;BBVA;CALL;Mar-27;20,00;24.68;36,13;0,81;;3.050
03/08/26;BBVA;CALL;Mar-27;20,50;24.68;35,41;0,79;;1
03/08/26;BBVA;CALL;Mar-27;22,00;24.68;33,24;0,72;;4.060
03/08/26;BBVA;CALL;Mar-27;23,00;24.68;31,80;0,66;;161
03/08/26;BBVA;CALL;Mar-27;24,00;24.68;30,35;0,59;;391
03/08/26;BBVA;CALL;Mar-27;25,00;24.68;29,25;0,52;;211
03/08/26;BBVA;CALL;Mar-27;26,00;24.68;28,87;0,45;;500
03/08/26;BBVA;CALL;Mar-27;27,00;24.68;28,49;0,39;;500
03/08/26;BBVA;CALL;Mar-27;28,00;24.68;28,11;0,32;;200
03/08/26;BBVA;CALL;Jun-27;12,00;24.68;48,10;0,99;;150
03/08/26;BBVA;CALL;Jun-27;12,50;24.68;47,42;0,99;;25
03/08/26;BBVA;CALL;Jun-27;13,00;24.68;46,75;0,98;;1
03/08/26;BBVA;CALL;Jun-27;15,00;24.68;44,04;0,95;;5
03/08/26;BBVA;CALL;Jun-27;17,00;24.68;41,34;0,90;;6.000
03/08/26;BBVA;CALL;Jun-27;20,00;24.68;37,29;0,79;;150
03/08/26;BBVA;CALL;Jun-27;21,00;24.68;35,94;0,75;;2.600
03/08/26;BBVA;CALL;Jun-27;22,00;24.68;34,59;0,70;30;3.150
03/08/26;BBVA;CALL;Jun-27;23,00;24.68;33,24;0,65;;21
03/08/26;BBVA;CALL;Jun-27;24,00;24.68;31,89;0,59;;10
03/08/26;BBVA;CALL;Jun-27;25,00;24.68;30,85;0,53;;15
03/08/26;BBVA;CALL;Sep-27;11,50;24.68;46,63;0,99;;150
03/08/26;BBVA;CALL;Sep-27;12,00;24.68;46,03;0,99;;150
03/08/26;BBVA;CALL;Sep-27;15,00;24.68;42,47;0,94;;2
03/08/26;BBVA;CALL;Sep-27;20,00;24.68;36,52;0,78;;1
03/08/26;BBVA;CALL;Sep-27;22,00;24.68;34,15;0,69;;1
03/08/26;BBVA;CALL;Dic-27;11,00;24.68;47,26;1,00;;150
03/08/26;BBVA;CALL;Dic-27;11,50;24.68;46,69;0,99;;26
03/08/26;BBVA;CALL;Dic-27;13,50;24.68;44,42;0,96;;150
03/08/26;BBVA;CALL;Dic-27;15,00;24.68;42,72;0,93;;75
03/08/26;BBVA;CALL;Dic-27;16,00;24.68;41,59;0,90;;6.000
03/08/26;BBVA;CALL;Dic-27;17,00;24.68;40,45;0,87;;150
03/08/26;BBVA;CALL;Dic-27;17,50;24.68;39,89;0,85;;100
03/08/26;BBVA;CALL;Dic-27;18,00;24.68;39,32;0,84;;1
03/08/26;BBVA;CALL;Dic-27;20,00;24.68;37,05;0,77;;150
03/08/26;BBVA;CALL;Dic-27;25,00;24.68;31,61;0,55;;4.000
03/08/26;BBVA;CALL;Mar-28;17,00;24.68;40,38;0,85;;600
03/08/26;BBVA;CALL;Mar-28;17,50;24.68;39,83;0,84;;300
03/08/26;BBVA;CALL;Mar-28;18,00;24.68;39,29;0,82;;300
03/08/26;BBVA;CALL;Mar-28;21,00;24.68;36,01;0,72;;350
03/08/26;BBVA;CALL;Mar-28;25,00;24.68;31,85;0,55;;1
03/08/26;BBVA;CALL;Jun-28;10,00;24.68;47,77;1,00;;1
03/08/26;BBVA;CALL;Jun-28;17,00;24.68;40,78;0,85;;750
03/08/26;BBVA;CALL;Jun-28;17,50;24.68;40,28;0,84;;600
03/08/26;BBVA;CALL;Jun-28;18,00;24.68;39,78;0,82;;575
03/08/26;BBVA;CALL;Jun-28;18,50;24.68;39,28;0,80;;3
03/08/26;BBVA;CALL;Jun-28;19,00;24.68;38,78;0,79;;50
03/08/26;BBVA;CALL;Jun-28;19,50;24.68;38,28;0,77;;100
03/08/26;BBVA;CALL;Jun-28;20,00;24.68;37,78;0,75;;125
03/08/26;BBVA;CALL;Jun-28;21,00;24.68;36,78;0,72;;525
03/08/26;BBVA;CALL;Jun-28;22,00;24.68;35,78;0,68;;4.450
03/08/26;BBVA;CALL;Jun-28;23,00;24.68;34,78;0,64;;150
03/08/26;BBVA;CALL;Jun-28;24,00;24.68;33,78;0,60;;300
03/08/26;BBVA;CALL;Jun-28;25,00;24.68;32,97;0,56;;1.000
03/08/26;BBVA;CALL;Dic-29;15,00;24.68;40,76;0,90;;50
03/08/26;BBVA;PUT;Ago-26;13,50;24.68;51,94;;;10
03/08/26;BBVA;PUT;Ago-26;16,50;24.68;45,17;;;1
03/08/26;BBVA;PUT;Ago-26;17,00;24.68;44,04;;;22
03/08/26;BBVA;PUT;Ago-26;17,50;24.68;42,91;;;10
03/08/26;BBVA;PUT;Ago-26;18,00;24.68;41,79;;;14.505
03/08/26;BBVA;PUT;Ago-26;18,50;24.68;40,66;;;151
03/08/26;BBVA;PUT;Ago-26;19,00;24.68;39,53;;;7.500
03/08/26;BBVA;PUT;Ago-26;19,50;24.68;38,40;;;150
03/08/26;BBVA;PUT;Ago-26;20,00;24.68;37,28;;;8.149
03/08/26;BBVA;PUT;Ago-26;20,50;24.68;36,15;-0,01;;133
03/08/26;BBVA;PUT;Ago-26;21,00;24.68;35,02;-0,02;;9.010
03/08/26;BBVA;PUT;Ago-26;22,00;24.68;32,76;-0,05;1;12.015
03/08/26;BBVA;PUT;Ago-26;23,00;24.68;30,51;-0,14;;5
03/08/26;BBVA;PUT;Ago-26;24,00;24.68;28,25;-0,31;1;5
03/08/26;BBVA;PUT;Ago-26;25,00;24.68;26,57;-0,57;;20
03/08/26;BBVA;PUT;Ago-26;26,00;24.68;26,10;-0,81;;2
03/08/26;BBVA;PUT;Sep-26;6,75;24.68;58,96;;;1
03/08/26;BBVA;PUT;Sep-26;8,25;24.68;56,18;;;5
03/08/26;BBVA;PUT;Sep-26;9,00;24.68;54,79;;;674
03/08/26;BBVA;PUT;Sep-26;9,25;24.68;54,33;;;368
03/08/26;BBVA;PUT;Sep-26;9,50;24.68;53,87;;;25
03/08/26;BBVA;PUT;Sep-26;9,75;24.68;53,41;;;200
03/08/26;BBVA;PUT;Sep-26;10,00;24.68;52,94;;;40.150
03/08/26;BBVA;PUT;Sep-26;10,50;24.68;52,02;;;300
03/08/26;BBVA;PUT;Sep-26;11,00;24.68;51,09;;;350
03/08/26;BBVA;PUT;Sep-26;11,50;24.68;50,17;;;1
03/08/26;BBVA;PUT;Sep-26;12,00;24.68;49,24;;;1
03/08/26;BBVA;PUT;Sep-26;12,50;24.68;48,32;;;50
03/08/26;BBVA;PUT;Sep-26;13,00;24.68;47,39;;;130
03/08/26;BBVA;PUT;Sep-26;14,00;24.68;45,54;;;55
03/08/26;BBVA;PUT;Sep-26;14,50;24.68;44,62;;;6
03/08/26;BBVA;PUT;Sep-26;15,00;24.68;43,69;;;108
03/08/26;BBVA;PUT;Sep-26;15,50;24.68;42,77;;;56
03/08/26;BBVA;PUT;Sep-26;16,00;24.68;41,84;;;89
03/08/26;BBVA;PUT;Sep-26;16,50;24.68;40,92;;;58
03/08/26;BBVA;PUT;Sep-26;17,00;24.68;39,99;;;4.956
03/08/26;BBVA;PUT;Sep-26;17,50;24.68;39,07;-0,01;;151
03/08/26;BBVA;PUT;Sep-26;18,00;24.68;38,14;-0,01;;7.070
03/08/26;BBVA;PUT;Sep-26;18,50;24.68;37,22;-0,01;;210
03/08/26;BBVA;PUT;Sep-26;19,00;24.68;36,29;-0,02;;7.071
03/08/26;BBVA;PUT;Sep-26;19,50;24.68;35,36;-0,03;;301
03/08/26;BBVA;PUT;Sep-26;20,00;24.68;34,44;-0,04;1;12.031
03/08/26;BBVA;PUT;Sep-26;20,50;24.68;33,51;-0,05;1;251
03/08/26;BBVA;PUT;Sep-26;21,00;24.68;32,59;-0,07;;3.318
03/08/26;BBVA;PUT;Sep-26;22,00;24.68;30,74;-0,13;;153
03/08/26;BBVA;PUT;Sep-26;23,00;24.68;28,89;-0,22;;451
03/08/26;BBVA;PUT;Sep-26;26,00;24.68;25,17;-0,70;;101
03/08/26;BBVA;PUT;Oct-26;20,00;24.68;34,01;-0,09;;6
03/08/26;BBVA;PUT;Oct-26;22,00;24.68;30,55;-0,21;;6
03/08/26;BBVA;PUT;Oct-26;30,00;24.68;23,55;-0,97;;25
03/08/26;BBVA;PUT;Dic-26;5,75;24.68;57,47;;;150
03/08/26;BBVA;PUT;Dic-26;6,00;24.68;57,07;;;10.150
03/08/26;BBVA;PUT;Dic-26;6,25;24.68;56,67;;;150
03/08/26;BBVA;PUT;Dic-26;6,50;24.68;56,27;;;13.250
03/08/26;BBVA;PUT;Dic-26;6,75;24.68;55,88;;;450
03/08/26;BBVA;PUT;Dic-26;7,00;24.68;55,48;;;300
03/08/26;BBVA;PUT;Dic-26;7,25;24.68;55,08;;;600
03/08/26;BBVA;PUT;Dic-26;7,50;24.68;54,68;;;450
03/08/26;BBVA;PUT;Dic-26;7,75;24.68;54,28;;;451
03/08/26;BBVA;PUT;Dic-26;8,00;24.68;53,88;;;18.450
03/08/26;BBVA;PUT;Dic-26;8,25;24.68;53,49;;;15
03/08/26;BBVA;PUT;Dic-26;8,50;24.68;53,09;;;25.000
03/08/26;BBVA;PUT;Dic-26;8,75;24.68;52,69;;;311
03/08/26;BBVA;PUT;Dic-26;9,00;24.68;52,29;;;14.933
03/08/26;BBVA;PUT;Dic-26;9,25;24.68;51,89;;;75
03/08/26;BBVA;PUT;Dic-26;9,50;24.68;51,49;;;76
03/08/26;BBVA;PUT;Dic-26;9,75;24.68;51,09;;;200
03/08/26;BBVA;PUT;Dic-26;10,00;24.68;50,70;;;226
03/08/26;BBVA;PUT;Dic-26;10,50;24.68;49,90;;;300
03/08/26;BBVA;PUT;Dic-26;11,00;24.68;49,10;;;481
03/08/26;BBVA;PUT;Dic-26;11,50;24.68;48,31;;;1
03/08/26;BBVA;PUT;Dic-26;12,00;24.68;47,51;;;8.410
03/08/26;BBVA;PUT;Dic-26;12,50;24.68;46,71;-0,01;;250
03/08/26;BBVA;PUT;Dic-26;13,00;24.68;45,91;-0,01;;42.101
03/08/26;BBVA;PUT;Dic-26;13,50;24.68;45,12;-0,01;;400
03/08/26;BBVA;PUT;Dic-26;14,00;24.68;44,32;-0,01;;706
03/08/26;BBVA;PUT;Dic-26;14,50;24.68;43,52;-0,02;;300
03/08/26;BBVA;PUT;Dic-26;15,00;24.68;42,73;-0,02;;3.774
03/08/26;BBVA;PUT;Dic-26;15,50;24.68;41,93;-0,03;;12
03/08/26;BBVA;PUT;Dic-26;16,00;24.68;41,13;-0,03;24;92
03/08/26;BBVA;PUT;Dic-26;16,50;24.68;40,34;-0,04;;520
03/08/26;BBVA;PUT;Dic-26;17,00;24.68;39,54;-0,05;;8.736
03/08/26;BBVA;PUT;Dic-26;17,50;24.68;38,74;-0,06;;136
03/08/26;BBVA;PUT;Dic-26;18,00;24.68;37,95;-0,08;;20.169
03/08/26;BBVA;PUT;Dic-26;18,50;24.68;37,15;-0,09;;105
03/08/26;BBVA;PUT;Dic-26;19,00;24.68;36,35;-0,11;;13.512
03/08/26;BBVA;PUT;Dic-26;20,00;24.68;34,76;-0,15;;10.512
03/08/26;BBVA;PUT;Dic-26;21,00;24.68;33,16;-0,20;;9.140
03/08/26;BBVA;PUT;Dic-26;22,00;24.68;31,57;-0,26;;151
03/08/26;BBVA;PUT;Dic-26;23,00;24.68;29,98;-0,33;;2.600
03/08/26;BBVA;PUT;Mar-27;8,50;24.68;50,70;;;25
03/08/26;BBVA;PUT;Mar-27;8,75;24.68;50,34;;;25
03/08/26;BBVA;PUT;Mar-27;9,00;24.68;49,98;;;25
03/08/26;BBVA;PUT;Mar-27;9,25;24.68;49,62;;;25
03/08/26;BBVA;PUT;Mar-27;9,50;24.68;49,26;;;30
03/08/26;BBVA;PUT;Mar-27;9,75;24.68;48,90;;;25
03/08/26;BBVA;PUT;Mar-27;10,50;24.68;47,81;-0,01;;175
03/08/26;BBVA;PUT;Mar-27;11,00;24.68;47,09;-0,01;;175
03/08/26;BBVA;PUT;Mar-27;11,50;24.68;46,37;-0,01;;32.250
03/08/26;BBVA;PUT;Mar-27;12,00;24.68;45,64;-0,01;;40
03/08/26;BBVA;PUT;Mar-27;12,50;24.68;44,92;-0,02;;30
03/08/26;BBVA;PUT;Mar-27;13,00;24.68;44,20;-0,02;;40
03/08/26;BBVA;PUT;Mar-27;13,50;24.68;43,48;-0,03;;20
03/08/26;BBVA;PUT;Mar-27;14,00;24.68;42,75;-0,03;;30
03/08/26;BBVA;PUT;Mar-27;15,00;24.68;41,31;-0,05;;220
03/08/26;BBVA;PUT;Mar-27;16,00;24.68;39,86;-0,06;;5.500
03/08/26;BBVA;PUT;Mar-27;16,50;24.68;39,14;-0,07;;450
03/08/26;BBVA;PUT;Mar-27;17,00;24.68;38,42;-0,08;;2.360
03/08/26;BBVA;PUT;Mar-27;17,50;24.68;37,70;-0,10;;4.250
03/08/26;BBVA;PUT;Mar-27;18,50;24.68;36,25;-0,13;;10
03/08/26;BBVA;PUT;Mar-27;19,50;24.68;34,81;-0,16;;310
03/08/26;BBVA;PUT;Mar-27;20,00;24.68;34,08;-0,18;;6.160
03/08/26;BBVA;PUT;Mar-27;20,50;24.68;33,36;-0,21;;20
03/08/26;BBVA;PUT;Mar-27;21,00;24.68;32,64;-0,23;;381
03/08/26;BBVA;PUT;Mar-27;22,00;24.68;31,19;-0,28;1;15
03/08/26;BBVA;PUT;Jun-27;4,30;24.68;54,84;;;1
03/08/26;BBVA;PUT;Jun-27;4,50;24.68;54,57;;;1
03/08/26;BBVA;PUT;Jun-27;4,90;24.68;54,03;;;150
03/08/26;BBVA;PUT;Jun-27;5,00;24.68;53,89;;;300
03/08/26;BBVA;PUT;Jun-27;5,25;24.68;53,55;;;298
03/08/26;BBVA;PUT;Jun-27;7,00;24.68;51,19;;;2
03/08/26;BBVA;PUT;Jun-27;8,00;24.68;49,84;;;1
03/08/26;BBVA;PUT;Jun-27;8,25;24.68;49,50;-0,01;;7
03/08/26;BBVA;PUT;Jun-27;9,00;24.68;48,49;-0,01;;7.000
03/08/26;BBVA;PUT;Jun-27;9,75;24.68;47,47;-0,01;;175
03/08/26;BBVA;PUT;Jun-27;10,00;24.68;47,14;-0,01;;10.000
03/08/26;BBVA;PUT;Jun-27;11,00;24.68;45,79;-0,02;;75
03/08/26;BBVA;PUT;Jun-27;12,00;24.68;44,44;-0,03;;20
03/08/26;BBVA;PUT;Jun-27;12,50;24.68;43,76;-0,04;;197
03/08/26;BBVA;PUT;Jun-27;13,00;24.68;43,09;-0,04;;1.126
03/08/26;BBVA;PUT;Jun-27;13,50;24.68;42,41;-0,05;;170
03/08/26;BBVA;PUT;Jun-27;14,00;24.68;41,73;-0,06;20;33
03/08/26;BBVA;PUT;Jun-27;14,50;24.68;41,06;-0,07;;400
03/08/26;BBVA;PUT;Jun-27;15,00;24.68;40,38;-0,08;;600
03/08/26;BBVA;PUT;Jun-27;15,50;24.68;39,71;-0,08;;20
03/08/26;BBVA;PUT;Jun-27;16,00;24.68;39,03;-0,10;;3
03/08/26;BBVA;PUT;Jun-27;16,50;24.68;38,36;-0,11;;250
03/08/26;BBVA;PUT;Jun-27;17,00;24.68;37,68;-0,12;;151
03/08/26;BBVA;PUT;Jun-27;17,50;24.68;37,01;-0,14;;150
03/08/26;BBVA;PUT;Jun-27;18,00;24.68;36,33;-0,15;;160
03/08/26;BBVA;PUT;Jun-27;19,00;24.68;34,98;-0,19;;151
03/08/26;BBVA;PUT;Jun-27;20,00;24.68;33,63;-0,23;;2.603
03/08/26;BBVA;PUT;Jun-27;21,00;24.68;32,28;-0,28;30;30
03/08/26;BBVA;PUT;Jun-27;23,00;24.68;29,58;-0,38;;160
03/08/26;BBVA;PUT;Sep-27;7,75;24.68;47,36;-0,01;;10
03/08/26;BBVA;PUT;Sep-27;16,00;24.68;37,56;-0,11;;309
03/08/26;BBVA;PUT;Sep-27;16,50;24.68;36,96;-0,12;;10
03/08/26;BBVA;PUT;Sep-27;17,00;24.68;36,37;-0,13;;379
03/08/26;BBVA;PUT;Sep-27;17,50;24.68;35,77;-0,15;;150
03/08/26;BBVA;PUT;Sep-27;18,00;24.68;35,18;-0,16;;150
03/08/26;BBVA;PUT;Sep-27;20,00;24.68;32,80;-0,24;;1
03/08/26;BBVA;PUT;Sep-27;22,00;24.68;30,43;-0,33;;1
03/08/26;BBVA;PUT;Dic-27;4,40;24.68;50,50;;;1
03/08/26;BBVA;PUT;Dic-27;4,90;24.68;49,93;;;150
03/08/26;BBVA;PUT;Dic-27;5,00;24.68;49,82;;;150
03/08/26;BBVA;PUT;Dic-27;6,50;24.68;48,12;;;10
03/08/26;BBVA;PUT;Dic-27;7,00;24.68;47,55;-0,01;;150
03/08/26;BBVA;PUT;Dic-27;7,25;24.68;47,26;-0,01;;150
03/08/26;BBVA;PUT;Dic-27;7,75;24.68;46,70;-0,01;;1
03/08/26;BBVA;PUT;Dic-27;8,25;24.68;46,13;-0,01;;150
03/08/26;BBVA;PUT;Dic-27;8,50;24.68;45,85;-0,01;;6.150
03/08/26;BBVA;PUT;Dic-27;8,75;24.68;45,56;-0,02;;1
03/08/26;BBVA;PUT;Dic-27;9,00;24.68;45,28;-0,02;;7.650
03/08/26;BBVA;PUT;Dic-27;9,25;24.68;45,00;-0,02;;150
03/08/26;BBVA;PUT;Dic-27;9,50;24.68;44,71;-0,02;;250
03/08/26;BBVA;PUT;Dic-27;9,75;24.68;44,43;-0,02;;150
03/08/26;BBVA;PUT;Dic-27;10,00;24.68;44,14;-0,03;;407
03/08/26;BBVA;PUT;Dic-27;10,50;24.68;43,58;-0,03;;300
03/08/26;BBVA;PUT;Dic-27;11,00;24.68;43,01;-0,04;;5.304
03/08/26;BBVA;PUT;Dic-27;12,00;24.68;41,88;-0,05;;3.300
03/08/26;BBVA;PUT;Dic-27;12,50;24.68;41,31;-0,06;;300
03/08/26;BBVA;PUT;Dic-27;13,00;24.68;40,74;-0,06;;10.000
03/08/26;BBVA;PUT;Dic-27;13,50;24.68;40,17;-0,07;;150
03/08/26;BBVA;PUT;Dic-27;14,00;24.68;39,61;-0,08;;150
03/08/26;BBVA;PUT;Dic-27;15,00;24.68;38,47;-0,10;;3
03/08/26;BBVA;PUT;Dic-27;16,00;24.68;37,34;-0,13;;15.000
03/08/26;BBVA;PUT;Dic-27;16,50;24.68;36,77;-0,14;;174
03/08/26;BBVA;PUT;Dic-27;17,00;24.68;36,20;-0,15;;8.500
03/08/26;BBVA;PUT;Dic-27;17,50;24.68;35,64;-0,17;;292
03/08/26;BBVA;PUT;Dic-27;18,00;24.68;35,07;-0,18;;150
03/08/26;BBVA;PUT;Dic-27;20,00;24.68;32,80;-0,25;;4.000
03/08/26;BBVA;PUT;Dic-27;21,00;24.68;31,67;-0,30;;150
03/08/26;BBVA;PUT;Dic-27;22,00;24.68;30,53;-0,34;;10.302
03/08/26;BBVA;PUT;Dic-27;23,00;24.68;29,40;-0,39;;300
03/08/26;BBVA;PUT;Mar-28;15,00;24.68;38,08;-0,11;;150
03/08/26;BBVA;PUT;Mar-28;15,50;24.68;37,53;-0,12;;150
03/08/26;BBVA;PUT;Mar-28;18,00;24.68;34,80;-0,19;;25
03/08/26;BBVA;PUT;Mar-28;20,00;24.68;32,61;-0,26;;150
03/08/26;BBVA;PUT;Mar-28;21,00;24.68;31,52;-0,30;;150
03/08/26;BBVA;PUT;Mar-28;22,00;24.68;30,42;-0,34;;150
03/08/26;BBVA;PUT;Mar-28;23,00;24.68;29,33;-0,38;;150
03/08/26;BBVA;PUT;Jun-28;15,50;24.68;36,10;-0,14;;1
03/08/26;BBVA;PUT;Jun-28;18,00;24.68;33,60;-0,21;;1.250
03/08/26;BBVA;PUT;Jun-28;19,00;24.68;32,60;-0,24;;4.450
03/08/26;BBVA;PUT;Jun-28;20,00;24.68;31,60;-0,28;;3.300
03/08/26;BBVA;PUT;Jun-28;21,00;24.68;30,60;-0,32;;750
03/08/26;BBVA;PUT;Jun-28;22,00;24.68;29,60;-0,36;;2.350
03/08/26;BBVA;PUT;Jun-28;23,00;24.68;28,60;-0,40;;1.500
03/08/26;BBVA;PUT;Dic-28;12,00;24.68;36,71;-0,07;;3.500
03/08/26;BBVA;PUT;Dic-28;12,50;24.68;36,32;-0,08;;1.500
03/08/26;BBVA;PUT;Dic-28;16,00;24.68;33,58;-0,16;;17
03/08/26;BBVA;PUT;Dic-28;18,50;24.68;31,62;-0,23;;3
03/08/26;BBVA;PUT;Dic-28;20,00;24.68;30,45;-0,29;;90
03/08/26;BBVA;PUT;Jun-29;16,00;24.68;32,36;-0,18;;1.250
03/08/26;BBVA;PUT;Dic-29;12,50;24.68;33,32;-0,10;;3.000
03/08/26;BBVA;PUT;Dic-29;20,00;24.68;29,37;-0,30;;70
03/08/26;BBVA;PUT;Dic-30;20,50;24.68;28,61;-0,33;;1.500
03/08/26;BBVA;CALL;Ago-26;18,50;24.68;41,18;1,00;;10
03/08/26;BBVA;CALL;Ago-26;19,00;24.68;40,05;1,00;;20
03/08/26;BBVA;CALL;Ago-26;20,00;24.68;37,80;0,99;;40
03/08/26;BBVA;CALL;Ago-26;20,50;24.68;36,67;0,99;;46
03/08/26;BBVA;CALL;Ago-26;21,00;24.68;35,54;0,98;;30
03/08/26;BBVA;CALL;Ago-26;21,00;24.68;35,54;0,98;;144
03/08/26;BBVA;CALL;Ago-26;22,00;24.68;33,28;0,94;;10
03/08/26;BBVA;CALL;Ago-26;22,00;24.68;33,28;0,94;;105
03/08/26;BBVA;CALL;Ago-26;23,00;24.68;31,03;0,86;;65
03/08/26;BBVA;CALL;Ago-26;23,00;24.68;31,03;0,86;;911
03/08/26;BBVA;CALL;Ago-26;24,00;24.68;28,77;0,68;;1.782
03/08/26;BBVA;CALL;Ago-26;24,00;24.68;28,77;0,68;;46
03/08/26;BBVA;CALL;Ago-26;26,00;24.68;26,62;0,20;;1
03/08/26;BBVA;CALL;Sep-26;19,00;24.68;36,90;0,98;;10
03/08/26;BBVA;CALL;Sep-26;20,00;24.68;35,05;0,96;;10
03/08/26;BBVA;CALL;Sep-26;21,00;24.68;33,20;0,92;;10
03/08/26;BBVA;CALL;Sep-26;22,00;24.68;31,35;0,86;;160
03/08/26;BBVA;CALL;Sep-26;23,00;24.68;29,50;0,77;;1
03/08/26;BBVA;CALL;Sep-26;25,00;24.68;26,24;0,47;1.710;1.710
03/08/26;BBVA;CALL;Sep-26;26,00;24.68;25,78;0,31;3.420;3.420
03/08/26;BBVA;CALL;Dic-26;17,00;24.68;41,44;0,93;;10
03/08/26;BBVA;CALL;Dic-26;19,00;24.68;38,25;0,88;;10
03/08/26;BBVA;CALL;Dic-26;19,50;24.68;37,46;0,86;;10
03/08/26;BBVA;CALL;Dic-26;21,00;24.68;35,06;0,79;;10
03/08/26;BBVA;CALL;Dic-26;22,00;24.68;33,47;0,73;;10
03/08/26;BBVA;CALL;Dic-26;22,00;24.68;33,47;0,73;;4
03/08/26;BBVA;CALL;Dic-26;23,00;24.68;31,88;0,66;;4
03/08/26;BBVA;CALL;Dic-26;23,00;24.68;31,88;0,66;;10
03/08/26;BBVA;CALL;Dic-26;24,00;24.68;30,28;0,58;;10
03/08/26;BBVA;CALL;Dic-26;24,00;24.68;30,28;0,58;;8
03/08/26;BBVA;CALL;Dic-26;25,00;24.68;29,05;0,49;;10
03/08/26;BBVA;CALL;Dic-26;26,00;24.68;28,59;0,40;;5
03/08/26;BBVA;CALL;Dic-26;28,00;24.68;27,68;0,24;;6
03/08/26;BBVA;CALL;Dic-26;29,00;24.68;27,22;0,18;;20
03/08/26;BBVA;CALL;Dic-26;30,00;24.68;26,76;0,13;;8
03/08/26;BBVA;CALL;Mar-27;19,00;24.68;37,58;0,83;;200
03/08/26;BBVA;CALL;Mar-27;19,00;24.68;37,58;0,83;;200
03/08/26;BBVA;CALL;Mar-27;19,50;24.68;36,86;0,82;;20
03/08/26;BBVA;PUT;Ago-26;18,50;24.68;40,66;;;5
03/08/26;BBVA;PUT;Ago-26;20,00;24.68;37,28;;;10
03/08/26;BBVA;PUT;Ago-26;20,50;24.68;36,15;-0,01;;20
03/08/26;BBVA;PUT;Ago-26;21,00;24.68;35,02;-0,02;;61
03/08/26;BBVA;PUT;Ago-26;21,00;24.68;35,02;-0,02;;20
03/08/26;BBVA;PUT;Ago-26;22,00;24.68;32,76;-0,05;;30
03/08/26;BBVA;PUT;Ago-26;22,00;24.68;32,76;-0,05;1;90
03/08/26;BBVA;PUT;Ago-26;23,00;24.68;30,51;-0,14;;115
03/08/26;BBVA;PUT;Ago-26;23,00;24.68;30,51;-0,14;;10
03/08/26;BBVA;PUT;Ago-26;24,00;24.68;28,25;-0,31;;10
03/08/26;BBVA;PUT;Ago-26;24,00;24.68;28,25;-0,31;;10
03/08/26;BBVA;PUT;Sep-26;9,50;24.68;53,87;;;600
03/08/26;BBVA;PUT;Sep-26;10,50;24.68;52,02;;;700
03/08/26;BBVA;PUT;Sep-26;17,00;24.68;39,99;;;20
03/08/26;BBVA;PUT;Sep-26;18,00;24.68;38,14;-0,01;;10
03/08/26;BBVA;PUT;Sep-26;19,00;24.68;36,29;-0,02;;10
03/08/26;BBVA;PUT;Sep-26;20,00;24.68;34,44;-0,04;;10
03/08/26;BBVA;PUT;Sep-26;22,00;24.68;30,74;-0,13;;20
03/08/26;BBVA;PUT;Sep-26;23,00;24.68;28,89;-0,22;;40
03/08/26;BBVA;PUT;Sep-26;24,00;24.68;27,04;-0,36;;10
03/08/26;BBVA;PUT;Oct-26;24,00;24.68;27,10;-0,42;;10
03/08/26;BBVA;PUT;Dic-26;7,25;24.68;55,08;;;150
03/08/26;BBVA;PUT;Dic-26;8,50;24.68;53,09;;;150
03/08/26;BBVA;PUT;Dic-26;8,75;24.68;52,69;;;150
03/08/26;BBVA;PUT;Dic-26;9,00;24.68;52,29;;;150
03/08/26;BBVA;PUT;Dic-26;10,00;24.68;50,70;;;40
03/08/26;BBVA;PUT;Dic-26;15,50;24.68;41,93;-0,03;;5
03/08/26;BBVA;PUT;Dic-26;16,50;24.68;40,34;-0,04;;10
03/08/26;BBVA;PUT;Dic-26;17,00;24.68;39,54;-0,05;;23
03/08/26;BBVA;PUT;Dic-26;17,50;24.68;38,74;-0,06;;16
03/08/26;BBVA;PUT;Dic-26;21,00;24.68;33,16;-0,19;16;16
03/08/26;BBVA;PUT;Dic-26;22,00;24.68;31,57;-0,25;;4
03/08/26;BBVA;PUT;Dic-26;23,00;24.68;29,98;-0,33;;1
03/08/26;BBVA;PUT;Mar-27;10,00;24.68;48,54;-0,01;;150
03/08/26;BBVA;PUT;Mar-27;14,50;24.68;42,03;-0,04;;10
03/08/26;BBVA;PUT;Mar-27;17,00;24.68;38,42;-0,08;;20
03/08/26;BBVA;PUT;Mar-27;18,00;24.68;36,97;-0,11;;1
03/08/26;CAIXABANK;CALL;Ago-26;12,00;12.53;25,37;0,79;;1
03/08/26;CAIXABANK;CALL;Ago-26;12,50;12.53;23,43;0,54;2;250
03/08/26;CAIXABANK;CALL;Ago-26;13,00;12.53;22,92;0,25;;6
03/08/26;CAIXABANK;CALL;Ago-26;13,50;12.53;22,51;0,07;;1
03/08/26;CAIXABANK;CALL;Sep-26;9,00;12.53;36,64;1,00;;1
03/08/26;CAIXABANK;CALL;Sep-26;10,00;12.53;33,05;0,98;;1
03/08/26;CAIXABANK;CALL;Sep-26;10,50;12.53;31,25;0,95;;1
03/08/26;CAIXABANK;CALL;Sep-26;11,00;12.53;29,45;0,91;;2
03/08/26;CAIXABANK;CALL;Sep-26;11,50;12.53;27,66;0,83;;4
03/08/26;CAIXABANK;CALL;Sep-26;12,00;12.53;25,86;0,71;;10
03/08/26;CAIXABANK;CALL;Sep-26;12,50;12.53;24,07;0,54;3;35
03/08/26;CAIXABANK;CALL;Sep-26;13,00;12.53;23,58;0,36;;22
03/08/26;CAIXABANK;CALL;Sep-26;13,50;12.53;23,19;0,20;;5
03/08/26;CAIXABANK;CALL;Oct-26;12,50;12.53;24,38;0,55;;3
03/08/26;CAIXABANK;CALL;Dic-26;7,00;12.53;44,60;0,99;;7.500
03/08/26;CAIXABANK;CALL;Dic-26;9,25;12.53;36,70;0,94;;1
03/08/26;CAIXABANK;CALL;Dic-26;10,50;12.53;32,31;0,86;;1.134
03/08/26;CAIXABANK;CALL;Dic-26;11,00;12.53;30,55;0,80;;20
03/08/26;CAIXABANK;CALL;Dic-26;11,50;12.53;28,80;0,73;;6.000
03/08/26;CAIXABANK;CALL;Dic-26;12,00;12.53;27,04;0,65;;1
03/08/26;CAIXABANK;CALL;Dic-26;12,50;12.53;25,29;0,55;;450
03/08/26;CAIXABANK;CALL;Dic-26;13,00;12.53;24,80;0,44;;2
03/08/26;CAIXABANK;CALL;Mar-27;9,50;12.53;34,77;0,88;;1
03/08/26;CAIXABANK;CALL;Mar-27;10,50;12.53;31,63;0,81;;14
03/08/26;CAIXABANK;CALL;Mar-27;12,00;12.53;26,92;0,63;;2
03/08/26;CAIXABANK;CALL;Mar-27;12,50;12.53;25,35;0,55;;9
03/08/26;CAIXABANK;CALL;Mar-27;13,00;12.53;24,87;0,47;;400
03/08/26;CAIXABANK;CALL;Jun-27;9,75;12.53;33,06;0,85;;150
03/08/26;CAIXABANK;CALL;Jun-27;10,00;12.53;32,39;0,83;;150
03/08/26;CAIXABANK;CALL;Jun-27;10,50;12.53;31,04;0,79;;150
03/08/26;CAIXABANK;CALL;Jun-27;11,00;12.53;29,70;0,74;;150
03/08/26;CAIXABANK;CALL;Jun-27;12,00;12.53;27,01;0,63;;1
03/08/26;CAIXABANK;CALL;Jun-27;13,00;12.53;25,25;0,48;;25
03/08/26;CAIXABANK;CALL;Jun-27;14,50;12.53;24,17;0,29;;1
03/08/26;CAIXABANK;CALL;Dic-27;10,50;12.53;31,65;0,76;;20
03/08/26;CAIXABANK;CALL;Dic-27;11,00;12.53;30,53;0,71;;1
03/08/26;CAIXABANK;CALL;Dic-27;11,50;12.53;29,41;0,67;;1
03/08/26;CAIXABANK;CALL;Jun-28;10,00;12.53;33,18;0,78;;150
03/08/26;CAIXABANK;CALL;Jun-28;10,50;12.53;32,27;0,74;;300
03/08/26;CAIXABANK;CALL;Jun-28;11,00;12.53;31,37;0,70;;1.250
03/08/26;CAIXABANK;CALL;Jun-28;11,50;12.53;30,46;0,66;;150
03/08/26;CAIXABANK;PUT;Ago-26;9,50;12.53;35,44;;;2
03/08/26;CAIXABANK;PUT;Ago-26;10,00;12.53;33,50;;;5
03/08/26;CAIXABANK;PUT;Ago-26;10,50;12.53;31,55;;;20
03/08/26;CAIXABANK;PUT;Ago-26;11,00;12.53;29,61;-0,02;;1
03/08/26;CAIXABANK;PUT;Ago-26;11,50;12.53;27,67;-0,07;;1
03/08/26;CAIXABANK;PUT;Ago-26;12,00;12.53;25,73;-0,21;;21
03/08/26;CAIXABANK;PUT;Ago-26;12,50;12.53;23,79;-0,47;;10
03/08/26;CAIXABANK;PUT;Ago-26;13,00;12.53;23,28;-0,75;;1
03/08/26;CAIXABANK;PUT;Ago-26;13,50;12.53;22,87;-0,93;;3
03/08/26;CAIXABANK;PUT;Ago-26;14,00;12.53;22,46;-1,00;;4
03/08/26;CAIXABANK;PUT;Sep-26;5,50;12.53;50,09;;;70.900
03/08/26;CAIXABANK;PUT;Sep-26;7,75;12.53;42,01;;;3
03/08/26;CAIXABANK;PUT;Sep-26;8,00;12.53;41,11;;;174
03/08/26;CAIXABANK;PUT;Sep-26;8,50;12.53;39,31;;;1.000
03/08/26;CAIXABANK;PUT;Sep-26;9,00;12.53;37,52;;;1
03/08/26;CAIXABANK;PUT;Sep-26;10,50;12.53;32,13;-0,05;;3
03/08/26;CAIXABANK;PUT;Sep-26;11,00;12.53;30,33;-0,10;;25
03/08/26;CAIXABANK;PUT;Sep-26;11,50;12.53;28,54;-0,18;;1
03/08/26;CAIXABANK;PUT;Sep-26;12,00;12.53;26,74;-0,30;;256
03/08/26;CAIXABANK;PUT;Sep-26;12,50;12.53;24,95;-0,46;;108
03/08/26;CAIXABANK;PUT;Sep-26;13,00;12.53;24,46;-0,64;;17
03/08/26;CAIXABANK;PUT;Sep-26;13,50;12.53;24,07;-0,80;;1
03/08/26;CAIXABANK;PUT;Dic-26;5,25;12.53;49,98;;;75
03/08/26;CAIXABANK;PUT;Dic-26;6,75;12.53;44,72;-0,01;;3
03/08/26;CAIXABANK;PUT;Dic-26;7,25;12.53;42,96;-0,01;;1
03/08/26;CAIXABANK;PUT;Dic-26;8,00;12.53;40,33;-0,03;;100
03/08/26;CAIXABANK;PUT;Dic-26;8,25;12.53;39,45;-0,03;;100
03/08/26;CAIXABANK;PUT;Dic-26;8,50;12.53;38,57;-0,04;;103
03/08/26;CAIXABANK;PUT;Dic-26;8,75;12.53;37,69;-0,05;;10
03/08/26;CAIXABANK;PUT;Dic-26;9,00;12.53;36,82;-0,06;;11
03/08/26;CAIXABANK;PUT;Dic-26;9,50;12.53;35,06;-0,09;;2
03/08/26;CAIXABANK;PUT;Dic-26;10,00;12.53;33,30;-0,12;;76
03/08/26;CAIXABANK;PUT;Dic-26;10,50;12.53;31,55;-0,16;;1.030
03/08/26;CAIXABANK;PUT;Dic-26;11,00;12.53;29,79;-0,22;;40
03/08/26;CAIXABANK;PUT;Dic-26;11,50;12.53;28,04;-0,29;;6.008
03/08/26;CAIXABANK;PUT;Dic-26;12,50;12.53;24,53;-0,48;;5
03/08/26;CAIXABANK;PUT;Mar-27;6,00;12.53;44,57;-0,01;;7.675
03/08/26;CAIXABANK;PUT;Mar-27;6,50;12.53;43,00;-0,02;;29.800
03/08/26;CAIXABANK;PUT;Mar-27;8,00;12.53;38,29;-0,05;;1
03/08/26;CAIXABANK;PUT;Mar-27;8,75;12.53;35,94;-0,08;;350
03/08/26;CAIXABANK;PUT;Mar-27;9,75;12.53;32,80;-0,14;;5
03/08/26;CAIXABANK;PUT;Mar-27;10,00;12.53;32,01;-0,15;;32
03/08/26;CAIXABANK;PUT;Mar-27;12,00;12.53;25,73;-0,38;;150
03/08/26;CAIXABANK;PUT;Mar-27;12,50;12.53;24,16;-0,46;;8
03/08/26;CAIXABANK;PUT;Jun-27;7,75;12.53;36,65;-0,07;;8.200
03/08/26;CAIXABANK;PUT;Jun-27;10,00;12.53;30,61;-0,20;;4.025
03/08/26;CAIXABANK;PUT;Jun-27;10,50;12.53;29,26;-0,24;;175
03/08/26;CAIXABANK;PUT;Jun-27;11,00;12.53;27,92;-0,29;;25
03/08/26;CAIXABANK;PUT;Jun-27;11,50;12.53;26,58;-0,35;;25
03/08/26;CAIXABANK;PUT;Jun-27;12,00;12.53;25,23;-0,42;;25
03/08/26;CAIXABANK;PUT;Jun-27;13,00;12.53;23,47;-0,56;;50
03/08/26;CAIXABANK;PUT;Dic-27;3,50;12.53;43,52;;;1
03/08/26;CAIXABANK;PUT;Dic-27;4,20;12.53;41,95;-0,01;;1
03/08/26;CAIXABANK;PUT;Dic-27;5,50;12.53;39,05;-0,02;;160
03/08/26;CAIXABANK;PUT;Dic-27;5,75;12.53;38,49;-0,03;;1
03/08/26;CAIXABANK;PUT;Dic-27;6,00;12.53;37,93;-0,03;;150
03/08/26;CAIXABANK;PUT;Dic-27;8,00;12.53;33,46;-0,10;;150
03/08/26;CAIXABANK;PUT;Dic-27;8,25;12.53;32,90;-0,11;;225
03/08/26;CAIXABANK;PUT;Dic-27;8,50;12.53;32,35;-0,12;;150
03/08/26;CAIXABANK;PUT;Dic-27;8,75;12.53;31,79;-0,14;;150
03/08/26;CAIXABANK;PUT;Dic-27;9,00;12.53;31,23;-0,15;;150
03/08/26;CAIXABANK;PUT;Dic-27;9,25;12.53;30,67;-0,17;;150
03/08/26;CAIXABANK;PUT;Dic-27;9,50;12.53;30,11;-0,18;;150
03/08/26;CAIXABANK;PUT;Dic-27;9,75;12.53;29,55;-0,20;;150
03/08/26;CAIXABANK;PUT;Dic-27;10,00;12.53;28,99;-0,22;;150
03/08/26;CAIXABANK;PUT;Jun-28;8,50;12.53;30,91;-0,15;;150
03/08/26;CAIXABANK;PUT;Jun-28;9,00;12.53;30,01;-0,18;;150
03/08/26;CAIXABANK;PUT;Jun-28;9,25;12.53;29,55;-0,20;;150
03/08/26;CAIXABANK;PUT;Jun-28;9,50;12.53;29,10;-0,21;;300
03/08/26;CAIXABANK;PUT;Jun-28;9,75;12.53;28,65;-0,23;;150
03/08/26;CAIXABANK;PUT;Jun-28;10,00;12.53;28,20;-0,25;;150
03/08/26;CAIXABANK;PUT;Dic-28;4,50;12.53;36,31;-0,02;;15.000
03/08/26;CAIXABANK;PUT;Dic-28;8,75;12.53;30,20;-0,18;;450
03/08/26;CAIXABANK;PUT;Dic-29;5,00;12.53;33,34;-0,04;;16.000
03/08/26;CAIXABANK;CALL;Ago-26;13,00;12.53;22,92;0,25;;10
03/08/26;CAIXABANK;CALL;Sep-26;13,00;12.53;23,58;0,36;;10
03/08/26;CAIXABANK;CALL;Dic-26;9,00;12.53;37,58;0,93;;10
03/08/26;CAIXABANK;CALL;Dic-26;11,00;12.53;30,55;0,77;;10
03/08/26;CAIXABANK;CALL;Dic-26;12,00;12.53;27,04;0,62;;10
03/08/26;CAIXABANK;CALL;Dic-26;12,50;12.53;25,29;0,52;;10
03/08/26;CAIXABANK;PUT;Ago-26;12,00;12.53;25,73;-0,21;;10
03/08/26;CAIXABANK;PUT;Sep-26;11,50;12.53;28,54;-0,18;;10
03/08/26;CELLNEX;CALL;Ago-26;25,00;26.6;36,70;0,79;;67
03/08/26;CELLNEX;CALL;Ago-26;26,00;26.6;35,13;0,64;;11
03/08/26;CELLNEX;CALL;Ago-26;27,00;26.6;33,82;0,44;;75
03/08/26;CELLNEX;CALL;Ago-26;28,00;26.6;32,89;0,26;;18
03/08/26;CELLNEX;CALL;Ago-26;29,00;26.6;31,96;0,12;;25
03/08/26;CELLNEX;CALL;Ago-26;30,00;26.6;31,04;0,04;;3
03/08/26;CELLNEX;CALL;Ago-26;32,00;26.6;29,18;;;1
03/08/26;CELLNEX;CALL;Sep-26;25,00;26.6;33,77;0,73;;10
03/08/26;CELLNEX;CALL;Sep-26;26,00;26.6;32,37;0,61;;7
03/08/26;CELLNEX;CALL;Sep-26;27,00;26.6;31,27;0,48;;25
03/08/26;CELLNEX;CALL;Sep-26;28,00;26.6;30,59;0,35;;45
03/08/26;CELLNEX;CALL;Sep-26;29,00;26.6;29,92;0,23;;30
03/08/26;CELLNEX;CALL;Sep-26;30,00;26.6;29,24;0,14;;62
03/08/26;CELLNEX;CALL;Sep-26;31,00;26.6;28,56;0,08;;20
03/08/26;CELLNEX;CALL;Sep-26;32,00;26.6;27,89;0,04;;56
03/08/26;CELLNEX;CALL;Sep-26;33,00;26.6;27,21;0,02;;25
03/08/26;CELLNEX;CALL;Sep-26;34,00;26.6;26,53;0,01;;41
03/08/26;CELLNEX;CALL;Sep-26;35,00;26.6;25,86;;;30
03/08/26;CELLNEX;CALL;Sep-26;36,00;26.6;25,18;;;25
03/08/26;CELLNEX;CALL;Sep-26;37,00;26.6;24,50;;;25
03/08/26;CELLNEX;CALL;Sep-26;38,00;26.6;23,83;;;25
03/08/26;CELLNEX;CALL;Sep-26;39,00;26.6;23,15;;;25
03/08/26;CELLNEX;CALL;Sep-26;40,00;26.6;22,47;;;25
03/08/26;CELLNEX;CALL;Dic-26;18,00;26.6;41,30;0,96;;2
03/08/26;CELLNEX;CALL;Dic-26;20,00;26.6;38,85;0,91;;1
03/08/26;CELLNEX;CALL;Dic-26;21,00;26.6;37,62;0,88;;1
03/08/26;CELLNEX;CALL;Dic-26;24,00;26.6;33,93;0,74;;11
03/08/26;CELLNEX;CALL;Dic-26;25,00;26.6;32,70;0,68;;47
03/08/26;CELLNEX;CALL;Dic-26;27,00;26.6;30,61;0,53;;25
03/08/26;CELLNEX;CALL;Dic-26;28,00;26.6;30,28;0,45;;96
03/08/26;CELLNEX;CALL;Dic-26;29,00;26.6;29,96;0,37;;2.064
03/08/26;CELLNEX;CALL;Dic-26;30,00;26.6;29,63;0,30;;148
03/08/26;CELLNEX;CALL;Dic-26;31,00;26.6;29,31;0,24;;110
03/08/26;CELLNEX;CALL;Dic-26;32,00;26.6;28,98;0,19;;218
03/08/26;CELLNEX;CALL;Dic-26;33,00;26.6;28,65;0,14;;120
03/08/26;CELLNEX;CALL;Dic-26;34,00;26.6;28,33;0,10;;190
03/08/26;CELLNEX;CALL;Dic-26;35,00;26.6;28,00;0,07;;115
03/08/26;CELLNEX;CALL;Dic-26;36,00;26.6;27,68;0,05;;85
03/08/26;CELLNEX;CALL;Dic-26;37,00;26.6;27,35;0,03;;50
03/08/26;CELLNEX;CALL;Dic-26;38,00;26.6;27,03;0,02;;25
03/08/26;CELLNEX;CALL;Dic-26;39,00;26.6;26,70;0,01;;25
03/08/26;CELLNEX;CALL;Dic-26;40,00;26.6;26,37;0,01;;125
03/08/26;CELLNEX;CALL;Dic-26;42,00;26.6;25,72;;;25
03/08/26;CELLNEX;CALL;Dic-26;44,00;26.6;25,07;;;25
03/08/26;CELLNEX;CALL;Dic-26;45,00;26.6;24,75;;;25
03/08/26;CELLNEX;CALL;Dic-26;46,00;26.6;24,42;;;25
03/08/26;CELLNEX;CALL;Mar-27;20,00;26.6;36,90;0,89;;33
03/08/26;CELLNEX;CALL;Mar-27;22,00;26.6;35,05;0,81;;4
03/08/26;CELLNEX;CALL;Mar-27;23,00;26.6;34,12;0,77;;2
03/08/26;CELLNEX;CALL;Mar-27;25,00;26.6;32,26;0,66;;50
03/08/26;CELLNEX;CALL;Mar-27;26,00;26.6;31,34;0,60;;26
03/08/26;CELLNEX;CALL;Mar-27;27,00;26.6;30,65;0,54;;25
03/08/26;CELLNEX;CALL;Mar-27;28,00;26.6;30,32;0,47;;51
03/08/26;CELLNEX;CALL;Mar-27;29,00;26.6;30,00;0,41;;1
03/08/26;CELLNEX;CALL;Mar-27;30,00;26.6;29,67;0,35;;317
03/08/26;CELLNEX;CALL;Mar-27;31,00;26.6;29,35;0,30;;75
03/08/26;CELLNEX;CALL;Mar-27;32,00;26.6;29,02;0,25;;120
03/08/26;CELLNEX;CALL;Mar-27;33,00;26.6;28,69;0,21;;51
03/08/26;CELLNEX;CALL;Mar-27;34,00;26.6;28,37;0,16;;25
03/08/26;CELLNEX;CALL;Mar-27;35,00;26.6;28,04;0,13;;25
03/08/26;CELLNEX;CALL;Jun-27;20,00;26.6;35,69;0,86;;6
03/08/26;CELLNEX;CALL;Jun-27;25,00;26.6;31,93;0,65;;1
03/08/26;CELLNEX;CALL;Jun-27;28,00;26.6;30,27;0,50;;100
03/08/26;CELLNEX;CALL;Jun-27;29,00;26.6;29,95;0,44;;100
03/08/26;CELLNEX;CALL;Jun-27;30,00;26.6;29,62;0,40;;126
03/08/26;CELLNEX;CALL;Jun-27;31,00;26.6;29,30;0,35;;150
03/08/26;CELLNEX;CALL;Jun-27;32,00;26.6;28,97;0,30;;100
03/08/26;CELLNEX;CALL;Jun-27;33,00;26.6;28,64;0,26;;112
03/08/26;CELLNEX;CALL;Jun-27;34,00;26.6;28,32;0,22;;175
03/08/26;CELLNEX;CALL;Jun-27;35,00;26.6;27,99;0,19;;150
03/08/26;CELLNEX;CALL;Jun-27;36,00;26.6;27,67;0,16;;125
03/08/26;CELLNEX;CALL;Jun-27;37,00;26.6;27,34;0,13;;125
03/08/26;CELLNEX;CALL;Jun-27;38,00;26.6;27,02;0,10;;75
03/08/26;CELLNEX;CALL;Jun-27;39,00;26.6;26,69;0,08;;75
03/08/26;CELLNEX;CALL;Jun-27;40,00;26.6;26,36;0,07;;50
03/08/26;CELLNEX;CALL;Jun-27;41,00;26.6;26,04;0,05;;50
03/08/26;CELLNEX;CALL;Jun-27;42,00;26.6;25,71;0,04;;50
03/08/26;CELLNEX;CALL;Jun-27;43,00;26.6;25,39;0,03;;50
03/08/26;CELLNEX;CALL;Jun-27;44,00;26.6;25,06;0,02;;50
03/08/26;CELLNEX;CALL;Jun-27;45,00;26.6;24,74;0,02;;50
03/08/26;CELLNEX;CALL;Jun-27;46,00;26.6;24,41;0,01;;50
03/08/26;CELLNEX;CALL;Jun-27;49,00;26.6;23,43;;;50
03/08/26;CELLNEX;CALL;Jun-27;50,00;26.6;23,11;;;411
03/08/26;CELLNEX;CALL;Sep-27;34,00;26.6;28,36;0,25;;20
03/08/26;CELLNEX;CALL;Sep-27;35,00;26.6;28,05;0,22;;100
03/08/26;CELLNEX;CALL;Sep-27;36,00;26.6;27,74;0,19;;75
03/08/26;CELLNEX;CALL;Sep-27;37,00;26.6;27,42;0,16;;75
03/08/26;CELLNEX;CALL;Sep-27;41,00;26.6;26,17;0,07;;50
03/08/26;CELLNEX;CALL;Dic-27;25,00;26.6;31,79;0,65;;25
03/08/26;CELLNEX;CALL;Dic-27;26,00;26.6;31,24;0,60;;2
03/08/26;CELLNEX;CALL;Dic-27;27,00;26.6;30,79;0,56;;2.500
03/08/26;CELLNEX;CALL;Dic-27;28,00;26.6;30,51;0,52;;7
03/08/26;CELLNEX;CALL;Dic-27;29,00;26.6;30,22;0,48;;1
03/08/26;CELLNEX;CALL;Dic-27;30,00;26.6;29,93;0,44;;115
03/08/26;CELLNEX;CALL;Dic-27;31,00;26.6;29,64;0,40;;75
03/08/26;CELLNEX;CALL;Dic-27;32,00;26.6;29,35;0,36;;51
03/08/26;CELLNEX;CALL;Dic-27;33,00;26.6;29,07;0,33;;25
03/08/26;CELLNEX;CALL;Dic-27;34,00;26.6;28,78;0,29;;74
03/08/26;CELLNEX;CALL;Dic-27;35,00;26.6;28,49;0,26;;50
03/08/26;CELLNEX;CALL;Dic-27;37,00;26.6;27,91;0,20;;25
03/08/26;CELLNEX;CALL;Dic-27;38,00;26.6;27,62;0,18;;570
03/08/26;CELLNEX;CALL;Dic-27;40,00;26.6;27,05;0,13;;48
03/08/26;CELLNEX;CALL;Dic-27;44,00;26.6;25,89;0,07;;25
03/08/26;CELLNEX;CALL;Mar-28;29,00;26.6;30,60;0,49;;11
03/08/26;CELLNEX;CALL;Jun-28;26,00;26.6;31,30;0,61;;4
03/08/26;CELLNEX;CALL;Dic-29;40,00;26.6;29,58;0,31;;1.260
03/08/26;CELLNEX;PUT;Ago-26;21,00;26.6;41,68;;;2
03/08/26;CELLNEX;PUT;Ago-26;22,00;26.6;40,12;-0,01;;1
03/08/26;CELLNEX;PUT;Ago-26;23,00;26.6;38,55;-0,04;;61
03/08/26;CELLNEX;PUT;Ago-26;24,00;26.6;36,98;-0,10;;59
03/08/26;CELLNEX;PUT;Ago-26;25,00;26.6;35,42;-0,20;10;20
03/08/26;CELLNEX;PUT;Ago-26;26,00;26.6;33,85;-0,36;;26
03/08/26;CELLNEX;PUT;Ago-26;27,00;26.6;32,54;-0,56;20;10
03/08/26;CELLNEX;PUT;Sep-26;19,00;26.6;40,87;-0,01;;1
03/08/26;CELLNEX;PUT;Sep-26;20,00;26.6;39,48;-0,02;;1
03/08/26;CELLNEX;PUT;Sep-26;21,00;26.6;38,09;-0,03;;19
03/08/26;CELLNEX;PUT;Sep-26;22,00;26.6;36,70;-0,06;;62
03/08/26;CELLNEX;PUT;Sep-26;23,00;26.6;35,31;-0,11;;23
03/08/26;CELLNEX;PUT;Sep-26;24,00;26.6;33,92;-0,17;10;244
03/08/26;CELLNEX;PUT;Sep-26;25,00;26.6;32,53;-0,27;;69
03/08/26;CELLNEX;PUT;Sep-26;26,00;26.6;31,13;-0,39;;50
03/08/26;CELLNEX;PUT;Sep-26;27,00;26.6;30,03;-0,53;;77
03/08/26;CELLNEX;PUT;Sep-26;28,00;26.6;29,35;-0,66;;51
03/08/26;CELLNEX;PUT;Sep-26;29,00;26.6;28,68;-0,79;;28
03/08/26;CELLNEX;PUT;Sep-26;30,00;26.6;28,00;-0,88;;21
03/08/26;CELLNEX;PUT;Oct-26;27,00;26.6;29,61;-0,51;20;20
03/08/26;CELLNEX;PUT;Dic-26;18,00;26.6;39,57;-0,04;;2.001
03/08/26;CELLNEX;PUT;Dic-26;20,00;26.6;37,12;-0,08;;21
03/08/26;CELLNEX;PUT;Dic-26;21,00;26.6;35,89;-0,11;;225
03/08/26;CELLNEX;PUT;Dic-26;22,00;26.6;34,66;-0,15;;129
03/08/26;CELLNEX;PUT;Dic-26;23,00;26.6;33,43;-0,20;;689
03/08/26;CELLNEX;PUT;Dic-26;24,00;26.6;32,20;-0,26;;4.502
03/08/26;CELLNEX;PUT;Dic-26;25,00;26.6;30,97;-0,32;;69
03/08/26;CELLNEX;PUT;Dic-26;26,00;26.6;29,75;-0,40;;102
03/08/26;CELLNEX;PUT;Dic-26;27,00;26.6;28,88;-0,48;;56
03/08/26;CELLNEX;PUT;Dic-26;28,00;26.6;28,55;-0,57;;25
03/08/26;CELLNEX;PUT;Dic-26;29,00;26.6;28,23;-0,65;;3
03/08/26;CELLNEX;PUT;Dic-26;30,00;26.6;27,90;-0,73;;1
03/08/26;CELLNEX;PUT;Dic-26;32,00;26.6;27,25;-0,86;;26
03/08/26;CELLNEX;PUT;Dic-26;33,00;26.6;26,92;-0,91;;25
03/08/26;CELLNEX;PUT;Mar-27;20,00;26.6;34,97;-0,12;;1
03/08/26;CELLNEX;PUT;Mar-27;22,00;26.6;33,12;-0,20;;100
03/08/26;CELLNEX;PUT;Mar-27;23,00;26.6;32,19;-0,25;;53
03/08/26;CELLNEX;PUT;Mar-27;24,00;26.6;31,26;-0,30;;2
03/08/26;CELLNEX;PUT;Mar-27;25,00;26.6;30,33;-0,36;;75
03/08/26;CELLNEX;PUT;Mar-27;26,00;26.6;29,41;-0,42;;60
03/08/26;CELLNEX;PUT;Mar-27;27,00;26.6;28,72;-0,49;;117
03/08/26;CELLNEX;PUT;Mar-27;28,00;26.6;28,39;-0,55;;5
03/08/26;CELLNEX;PUT;Mar-27;30,00;26.6;27,74;-0,68;;9
03/08/26;CELLNEX;PUT;Mar-27;31,00;26.6;27,42;-0,73;;2
03/08/26;CELLNEX;PUT;Mar-27;32,00;26.6;27,09;-0,78;;10
03/08/26;CELLNEX;PUT;Mar-27;36,00;26.6;25,79;-0,92;;25
03/08/26;CELLNEX;PUT;Mar-27;37,00;26.6;25,46;-0,95;;25
03/08/26;CELLNEX;PUT;Jun-27;20,00;26.6;33,26;-0,14;;25
03/08/26;CELLNEX;PUT;Jun-27;22,00;26.6;31,76;-0,21;;27
03/08/26;CELLNEX;PUT;Jun-27;23,00;26.6;31,01;-0,26;;25
03/08/26;CELLNEX;PUT;Jun-27;24,00;26.6;30,25;-0,30;;59
03/08/26;CELLNEX;PUT;Jun-27;25,00;26.6;29,50;-0,36;;2
03/08/26;CELLNEX;PUT;Jun-27;26,00;26.6;28,75;-0,41;;1.500
03/08/26;CELLNEX;PUT;Jun-27;27,00;26.6;28,17;-0,47;;10
03/08/26;CELLNEX;PUT;Jun-27;28,00;26.6;27,84;-0,53;;1
03/08/26;CELLNEX;PUT;Jun-27;29,00;26.6;27,52;-0,59;;3
03/08/26;CELLNEX;PUT;Jun-27;30,00;26.6;27,19;-0,64;;25
03/08/26;CELLNEX;PUT;Jun-27;31,00;26.6;26,87;-0,69;;75
03/08/26;CELLNEX;PUT;Jun-27;32,00;26.6;26,54;-0,75;;50
03/08/26;CELLNEX;PUT;Jun-27;33,00;26.6;26,21;-0,79;;50
03/08/26;CELLNEX;PUT;Jun-27;34,00;26.6;25,89;-0,83;;100
03/08/26;CELLNEX;PUT;Jun-27;35,00;26.6;25,56;-0,86;;100
03/08/26;CELLNEX;PUT;Jun-27;36,00;26.6;25,24;-0,90;;125
03/08/26;CELLNEX;PUT;Jun-27;37,00;26.6;24,91;-0,92;;100
03/08/26;CELLNEX;PUT;Jun-27;38,00;26.6;24,59;-0,94;;100
03/08/26;CELLNEX;PUT;Jun-27;39,00;26.6;24,26;-0,96;;25
03/08/26;CELLNEX;PUT;Sep-27;21,00;26.6;31,09;-0,19;;1
03/08/26;CELLNEX;PUT;Sep-27;24,00;26.6;29,13;-0,32;;3
03/08/26;CELLNEX;PUT;Sep-27;36,00;26.6;24,50;-0,86;;25
03/08/26;CELLNEX;PUT;Sep-27;37,00;26.6;24,18;-0,89;;25
03/08/26;CELLNEX;PUT;Dic-27;21,00;26.6;30,25;-0,20;;1
03/08/26;CELLNEX;PUT;Dic-27;23,00;26.6;29,14;-0,28;;3
03/08/26;CELLNEX;PUT;Dic-27;30,00;26.6;26,18;-0,60;;75
03/08/26;CELLNEX;PUT;Dic-27;31,00;26.6;25,89;-0,65;;50
03/08/26;CELLNEX;PUT;Dic-27;32,00;26.6;25,60;-0,69;;26
03/08/26;CELLNEX;PUT;Dic-27;33,00;26.6;25,32;-0,73;;25
03/08/26;CELLNEX;PUT;Dic-27;34,00;26.6;25,03;-0,77;;25
03/08/26;CELLNEX;PUT;Mar-28;21,00;26.6;29,66;-0,21;;25
03/08/26;CELLNEX;PUT;Mar-28;22,00;26.6;29,19;-0,25;;100
03/08/26;CELLNEX;PUT;Mar-28;24,00;26.6;28,27;-0,33;;100
03/08/26;CELLNEX;PUT;Mar-28;25,00;26.6;27,80;-0,37;;2
03/08/26;CELLNEX;PUT;Jun-28;30,00;26.6;26,71;-0,57;;3
03/08/26;CELLNEX;CALL;Sep-26;28,00;26.6;30,59;0,35;;25
03/08/26;CELLNEX;CALL;Sep-26;31,00;26.6;28,56;0,08;;25
03/08/26;CELLNEX;CALL;Sep-26;32,00;26.6;27,89;0,04;;25
03/08/26;CELLNEX;CALL;Sep-26;33,00;26.6;27,21;0,02;;25
03/08/26;CELLNEX;CALL;Dic-26;28,00;26.6;30,28;0,44;;50
03/08/26;CELLNEX;CALL;Dic-26;29,00;26.6;29,96;0,37;;3
03/08/26;CELLNEX;CALL;Dic-26;32,00;26.6;28,98;0,18;;50
03/08/26;CELLNEX;CALL;Dic-30;30,00;26.6;30,29;0,48;;60
03/08/26;CELLNEX;PUT;Sep-26;25,00;26.6;32,53;-0,27;;10
03/08/26;CELLNEX;PUT;Dic-26;24,00;26.6;32,20;-0,25;;2
03/08/26;CELLNEX;PUT;Mar-27;24,00;26.6;31,26;-0,29;;2
03/08/26;CELLNEX;PUT;Jun-27;23,00;26.6;31,01;-0,25;2;2
03/08/26;CIE AUTOMOTIVE;CALL;Ago-26;25,00;26.45;21,03;0,89;;5
03/08/26;CIE AUTOMOTIVE;CALL;Sep-26;23,00;26.45;21,65;0,97;;4
03/08/26;CIE AUTOMOTIVE;CALL;Sep-26;30,00;26.45;19,19;0,04;;10
03/08/26;CIE AUTOMOTIVE;CALL;Sep-26;31,00;26.45;18,99;0,01;;11
03/08/26;CIE AUTOMOTIVE;CALL;Sep-26;33,00;26.45;18,59;;;1
03/08/26;CIE AUTOMOTIVE;CALL;Dic-26;24,00;26.45;20,25;0,82;;1
03/08/26;CIE AUTOMOTIVE;CALL;Dic-26;26,00;26.45;19,34;0,61;;1
03/08/26;CIE AUTOMOTIVE;CALL;Dic-26;27,00;26.45;19,06;0,48;;6
03/08/26;CIE AUTOMOTIVE;CALL;Dic-26;31,00;26.45;18,51;0,10;;2
03/08/26;CIE AUTOMOTIVE;CALL;Mar-27;22,00;26.45;20,84;0,92;;1
03/08/26;CIE AUTOMOTIVE;CALL;Mar-27;24,00;26.45;20,09;0,79;;2
03/08/26;CIE AUTOMOTIVE;CALL;Mar-27;25,00;26.45;19,71;0,70;;2
03/08/26;CIE AUTOMOTIVE;CALL;Mar-27;29,00;26.45;18,90;0,30;;1
03/08/26;CIE AUTOMOTIVE;CALL;Mar-27;30,00;26.45;18,80;0,22;;2
03/08/26;CIE AUTOMOTIVE;CALL;Jun-27;29,00;26.45;18,84;0,34;;43
03/08/26;CIE AUTOMOTIVE;PUT;Ago-26;25,00;26.45;20,78;-0,10;;1
03/08/26;CIE AUTOMOTIVE;PUT;Ago-26;26,00;26.45;20,22;-0,34;;5
03/08/26;CIE AUTOMOTIVE;PUT;Ago-26;28,00;26.45;19,55;-0,91;;10
03/08/26;CIE AUTOMOTIVE;PUT;Sep-26;26,00;26.45;19,56;-0,38;;1
03/08/26;CIE AUTOMOTIVE;PUT;Dic-26;24,00;26.45;20,93;-0,19;;1
03/08/26;CIE AUTOMOTIVE;PUT;Dic-26;25,00;26.45;20,48;-0,29;;1
03/08/26;CIE AUTOMOTIVE;PUT;Dic-26;26,00;26.45;20,02;-0,40;;2
03/08/26;CIE AUTOMOTIVE;PUT;Mar-27;24,00;26.45;20,31;-0,26;;1
03/08/26;COLONIAL;CALL;Sep-26;5,25;5.59;21,55;0,81;;45
03/08/26;COLONIAL;CALL;Sep-26;5,75;5.59;20,29;0,37;;20
03/08/26;COLONIAL;CALL;Dic-26;4,60;5.59;22,07;0,94;;65
03/08/26;COLONIAL;CALL;Dic-26;5,25;5.59;21,18;0,73;;5
03/08/26;COLONIAL;CALL;Dic-26;5,50;5.59;20,84;0,60;;5
03/08/26;COLONIAL;CALL;Dic-26;9,50;5.59;16,75;;;1
03/08/26;COLONIAL;CALL;Mar-27;5,50;5.59;20,48;0,61;;25
03/08/26;COLONIAL;CALL;Mar-27;5,75;5.59;20,26;0,50;;45
03/08/26;COLONIAL;CALL;Mar-27;6,00;5.59;20,05;0,39;;1
03/08/26;COLONIAL;PUT;Ago-26;5,00;5.59;19,14;;;85
03/08/26;COLONIAL;PUT;Ago-26;5,25;5.59;17,63;-0,05;;5
03/08/26;COLONIAL;PUT;Ago-26;5,50;5.59;16,12;-0,32;;7
03/08/26;COLONIAL;PUT;Ago-26;5,75;5.59;15,03;-0,80;;2
03/08/26;COLONIAL;PUT;Sep-26;4,70;5.59;21,25;-0,01;;1
03/08/26;COLONIAL;PUT;Sep-26;4,80;5.59;20,96;-0,02;;10
03/08/26;COLONIAL;PUT;Sep-26;5,00;5.59;20,39;-0,06;;219
03/08/26;COLONIAL;PUT;Sep-26;5,25;5.59;19,67;-0,17;;1
03/08/26;COLONIAL;PUT;Sep-26;5,50;5.59;18,95;-0,38;;18
03/08/26;COLONIAL;PUT;Dic-26;4,00;5.59;21,92;;;1
03/08/26;COLONIAL;PUT;Dic-26;4,30;5.59;21,50;-0,02;;2.000
03/08/26;COLONIAL;PUT;Dic-26;4,80;5.59;20,82;-0,09;;2
03/08/26;COLONIAL;PUT;Dic-26;4,90;5.59;20,68;-0,12;;2
03/08/26;COLONIAL;PUT;Dic-26;5,00;5.59;20,54;-0,16;;130
03/08/26;COLONIAL;PUT;Dic-26;5,25;5.59;20,20;-0,27;;959
03/08/26;COLONIAL;PUT;Dic-26;5,50;5.59;19,86;-0,41;;102
03/08/26;COLONIAL;PUT;Mar-27;4,80;5.59;19,92;-0,13;;1
03/08/26;COLONIAL;PUT;Mar-27;5,00;5.59;19,74;-0,19;;101
03/08/26;COLONIAL;PUT;Mar-27;5,25;5.59;19,52;-0,29;;200
03/08/26;COLONIAL;PUT;Mar-27;5,50;5.59;19,30;-0,40;;304
03/08/26;COLONIAL;PUT;Jun-27;5,50;5.59;20,01;-0,40;;141
03/08/26;EBRO FOODS;CALL;Sep-26;18,50;18.46;14,91;0,52;;3
03/08/26;EBRO FOODS;CALL;Sep-26;19,00;18.46;14,10;0,31;;3
03/08/26;EBRO FOODS;CALL;Mar-27;18,50;18.46;14,18;0,53;;1
03/08/26;EBRO FOODS;CALL;Jun-27;18,00;18.46;14,63;0,61;;1
03/08/26;EBRO FOODS;PUT;Sep-26;17,00;18.46;15,76;-0,06;;1
03/08/26;EBRO FOODS;PUT;Sep-26;17,50;18.46;15,35;-0,15;;1
03/08/26;EBRO FOODS;PUT;Sep-26;18,00;18.46;14,94;-0,29;;1
03/08/26;EBRO FOODS;PUT;Dic-26;18,50;18.46;14,41;-0,52;;2
03/08/26;EBRO FOODS;PUT;Jun-27;18,00;18.46;14,35;-0,42;;8
03/08/26;ENAGAS;CALL;Ago-26;17,00;17.02;22,63;0,53;;4
03/08/26;ENAGAS;CALL;Ago-26;17,50;17.02;22,01;0,30;;15
03/08/26;ENAGAS;CALL;Ago-26;18,00;17.02;21,40;0,13;;10
03/08/26;ENAGAS;CALL;Ago-26;18,50;17.02;20,79;0,04;;4
03/08/26;ENAGAS;CALL;Sep-26;13,50;17.02;27,89;0,99;;2
03/08/26;ENAGAS;CALL;Sep-26;15,00;17.02;24,90;0,93;;1
03/08/26;ENAGAS;CALL;Sep-26;16,00;17.02;22,90;0,80;;7
03/08/26;ENAGAS;CALL;Sep-26;17,00;17.02;20,90;0,54;;5
03/08/26;ENAGAS;CALL;Sep-26;17,50;17.02;20,23;0,38;;307
03/08/26;ENAGAS;CALL;Sep-26;18,00;17.02;19,57;0,23;;46
03/08/26;ENAGAS;CALL;Sep-26;18,50;17.02;18,92;0,12;;26
03/08/26;ENAGAS;CALL;Sep-26;19,00;17.02;18,26;0,05;;1
03/08/26;ENAGAS;CALL;Oct-26;19,00;17.02;18,38;0,11;;1
03/08/26;ENAGAS;CALL;Dic-26;15,50;17.02;24,68;0,77;;25
03/08/26;ENAGAS;CALL;Dic-26;16,00;17.02;23,81;0,71;;407
03/08/26;ENAGAS;CALL;Dic-26;17,00;17.02;22,06;0,56;;30
03/08/26;ENAGAS;CALL;Dic-26;17,50;17.02;21,56;0,47;;38
03/08/26;ENAGAS;CALL;Dic-26;18,00;17.02;21,07;0,38;1;83
03/08/26;ENAGAS;CALL;Dic-26;18,50;17.02;20,58;0,30;;50
03/08/26;ENAGAS;CALL;Dic-26;19,00;17.02;20,09;0,22;;146
03/08/26;ENAGAS;CALL;Dic-26;19,50;17.02;19,60;0,16;;123
03/08/26;ENAGAS;CALL;Dic-26;20,00;17.02;19,11;0,11;;27
03/08/26;ENAGAS;CALL;Mar-27;12,00;17.02;28,19;0,98;;1
03/08/26;ENAGAS;CALL;Mar-27;15,50;17.02;23,52;0,75;;301
03/08/26;ENAGAS;CALL;Mar-27;16,00;17.02;22,86;0,69;;32
03/08/26;ENAGAS;CALL;Mar-27;17,00;17.02;21,53;0,55;;56
03/08/26;ENAGAS;CALL;Mar-27;17,50;17.02;21,16;0,47;;34
03/08/26;ENAGAS;CALL;Mar-27;18,00;17.02;20,81;0,40;;142
03/08/26;ENAGAS;CALL;Mar-27;19,00;17.02;20,10;0,26;;58
03/08/26;ENAGAS;CALL;Mar-27;19,50;17.02;19,75;0,21;;10
03/08/26;ENAGAS;CALL;Mar-27;20,00;17.02;19,40;0,16;;96
03/08/26;ENAGAS;CALL;Jun-27;16,00;17.02;23,45;0,66;;10
03/08/26;ENAGAS;CALL;Jun-27;18,00;17.02;21,69;0,43;;26
03/08/26;ENAGAS;CALL;Jun-27;19,50;17.02;20,90;0,27;;2
03/08/26;ENAGAS;CALL;Jun-27;20,00;17.02;20,63;0,23;;5
03/08/26;ENAGAS;CALL;Sep-27;20,00;17.02;21,93;0,26;;29
03/08/26;ENAGAS;CALL;Sep-27;20,50;17.02;21,70;0,22;1;1
03/08/26;ENAGAS;CALL;Dic-27;15,00;17.02;25,78;0,73;;1
03/08/26;ENAGAS;CALL;Dic-27;16,00;17.02;24,70;0,64;;26
03/08/26;ENAGAS;CALL;Dic-27;19,50;17.02;22,63;0,33;;2
03/08/26;ENAGAS;CALL;Dic-27;20,00;17.02;22,43;0,29;;1
03/08/26;ENAGAS;CALL;Dic-27;21,00;17.02;22,04;0,22;;10
03/08/26;ENAGAS;CALL;Jun-28;18,00;17.02;21,65;0,45;;1
03/08/26;ENAGAS;CALL;Dic-28;16,00;17.02;21,05;0,63;;1
03/08/26;ENAGAS;PUT;Ago-26;16,00;17.02;22,83;-0,10;;22
03/08/26;ENAGAS;PUT;Ago-26;16,50;17.02;21,71;-0,25;;11
03/08/26;ENAGAS;PUT;Ago-26;17,00;17.02;20,59;-0,47;;3
03/08/26;ENAGAS;PUT;Sep-26;12,00;17.02;29,64;;;6
03/08/26;ENAGAS;PUT;Sep-26;12,50;17.02;28,64;;;12
03/08/26;ENAGAS;PUT;Sep-26;13,00;17.02;27,64;;;217
03/08/26;ENAGAS;PUT;Sep-26;13,50;17.02;26,64;-0,01;;27
03/08/26;ENAGAS;PUT;Sep-26;14,00;17.02;25,64;-0,01;;44
03/08/26;ENAGAS;PUT;Sep-26;14,50;17.02;24,64;-0,03;;1
03/08/26;ENAGAS;PUT;Sep-26;15,00;17.02;23,65;-0,06;;25
03/08/26;ENAGAS;PUT;Sep-26;15,50;17.02;22,65;-0,11;;45
03/08/26;ENAGAS;PUT;Sep-26;16,00;17.02;21,65;-0,19;;11
03/08/26;ENAGAS;PUT;Sep-26;16,50;17.02;20,65;-0,31;;12
03/08/26;ENAGAS;PUT;Sep-26;17,50;17.02;18,98;-0,64;;3
03/08/26;ENAGAS;PUT;Sep-26;18,00;17.02;18,32;-0,80;;1
03/08/26;ENAGAS;PUT;Oct-26;16,50;17.02;20,59;-0,34;;1
03/08/26;ENAGAS;PUT;Dic-26;12,50;17.02;30,65;-0,04;;2
03/08/26;ENAGAS;PUT;Dic-26;13,00;17.02;29,78;-0,05;;227
03/08/26;ENAGAS;PUT;Dic-26;13,50;17.02;28,91;-0,08;;51
03/08/26;ENAGAS;PUT;Dic-26;14,00;17.02;28,03;-0,10;;284
03/08/26;ENAGAS;PUT;Dic-26;14,50;17.02;27,16;-0,14;;126
03/08/26;ENAGAS;PUT;Dic-26;15,00;17.02;26,29;-0,18;;602
03/08/26;ENAGAS;PUT;Dic-26;15,50;17.02;25,42;-0,23;;30
03/08/26;ENAGAS;PUT;Dic-26;16,00;17.02;24,55;-0,30;;23
03/08/26;ENAGAS;PUT;Dic-26;16,50;17.02;23,68;-0,37;;25
03/08/26;ENAGAS;PUT;Dic-26;17,50;17.02;22,30;-0,54;;26
03/08/26;ENAGAS;PUT;Mar-27;12,00;17.02;26,67;-0,04;;1
03/08/26;ENAGAS;PUT;Mar-27;13,00;17.02;25,33;-0,08;;25
03/08/26;ENAGAS;PUT;Mar-27;14,00;17.02;24,00;-0,14;;233
03/08/26;ENAGAS;PUT;Mar-27;14,50;17.02;23,34;-0,18;;56
03/08/26;ENAGAS;PUT;Mar-27;15,00;17.02;22,67;-0,23;;25
03/08/26;ENAGAS;PUT;Mar-27;15,50;17.02;22,00;-0,29;;3
03/08/26;ENAGAS;PUT;Mar-27;16,00;17.02;21,34;-0,35;;540
03/08/26;ENAGAS;PUT;Mar-27;16,50;17.02;20,67;-0,42;;27
03/08/26;ENAGAS;PUT;Mar-27;17,00;17.02;20,01;-0,50;;36
03/08/26;ENAGAS;PUT;Jun-27;17,00;17.02;20,13;-0,48;;52
03/08/26;ENAGAS;PUT;Jun-27;17,50;17.02;19,86;-0,55;;28
03/08/26;ENAGAS;PUT;Sep-27;12,50;17.02;25,85;-0,13;;470
03/08/26;ENAGAS;PUT;Sep-27;13,00;17.02;25,29;-0,15;;75
03/08/26;ENAGAS;PUT;Sep-27;13,50;17.02;24,72;-0,19;;1
03/08/26;ENAGAS;PUT;Sep-27;14,00;17.02;24,15;-0,22;;25
03/08/26;ENAGAS;PUT;Sep-27;17,00;17.02;20,74;-0,52;;25
03/08/26;ENAGAS;PUT;Dic-27;11,00;17.02;26,78;-0,07;;4.100
03/08/26;ENAGAS;PUT;Dic-27;14,00;17.02;23,55;-0,23;;1
03/08/26;ENAGAS;PUT;Mar-28;12,00;17.02;23,98;-0,12;;75
03/08/26;ENAGAS;PUT;Mar-28;14,50;17.02;21,53;-0,29;;173
03/08/26;ENAGAS;PUT;Mar-28;15,50;17.02;20,55;-0,38;;25
03/08/26;ENAGAS;PUT;Mar-28;16,00;17.02;20,06;-0,43;;50
03/08/26;ENAGAS;PUT;Mar-28;16,50;17.02;19,57;-0,48;;25
03/08/26;ENAGAS;PUT;Jun-28;16,00;17.02;19,13;-0,42;;25
03/08/26;ENAGAS;PUT;Jun-28;16,50;17.02;18,67;-0,47;;25
03/08/26;ENAGAS;PUT;Jun-28;18,00;17.02;17,92;-0,62;;141
03/08/26;ENAGAS;CALL;Sep-26;12,50;17.02;29,89;1,00;;25
03/08/26;ENAGAS;CALL;Sep-26;13,50;17.02;27,89;0,99;;5
03/08/26;ENAGAS;CALL;Sep-26;14,00;17.02;26,89;0,98;;6
03/08/26;ENAGAS;CALL;Sep-26;17,00;17.02;20,90;0,53;;1
03/08/26;ENAGAS;CALL;Sep-26;17,50;17.02;20,23;0,38;;1
03/08/26;ENAGAS;CALL;Sep-26;18,00;17.02;19,57;0,23;;25
03/08/26;ENAGAS;CALL;Dic-26;16,50;17.02;22,94;0,63;;25
03/08/26;ENAGAS;CALL;Dic-26;18,00;17.02;21,07;0,38;;25
03/08/26;ENAGAS;PUT;Sep-26;11,00;17.02;31,64;;;1
03/08/26;ENAGAS;PUT;Sep-26;14,00;17.02;25,64;-0,01;;25
03/08/26;ENAGAS;PUT;Sep-26;15,50;17.02;22,65;-0,11;;25
03/08/26;ENAGAS;PUT;Sep-26;16,00;17.02;21,65;-0,19;;2
03/08/26;ENAGAS;PUT;Sep-26;17,00;17.02;19,65;-0,46;;25
03/08/26;ENAGAS;PUT;Dic-26;13,00;17.02;29,78;-0,05;;25
03/08/26;ENAGAS;PUT;Dic-26;13,50;17.02;28,91;-0,07;;75
03/08/26;ENAGAS;PUT;Dic-26;14,00;17.02;28,03;-0,10;;25
03/08/26;ENAGAS;PUT;Dic-26;17,00;17.02;22,80;-0,44;;10
03/08/26;ENAGAS;PUT;Mar-27;14,50;17.02;23,34;-0,18;;50
03/08/26;ENAGAS;PUT;Mar-27;15,00;17.02;22,67;-0,22;;1
03/08/26;ENAGAS;PUT;Mar-27;15,50;17.02;22,00;-0,28;;9
03/08/26;ENAGAS;PUT;Jun-27;15,50;17.02;21,96;-0,28;;6
03/08/26;ENCE;CALL;Ago-26;2,40;2.57;19,63;0,95;;4
03/08/26;ENCE;CALL;Mar-27;2,00;2.57;24,48;0,93;;13
03/08/26;ENCE;CALL;Mar-27;2,10;2.57;24,38;0,89;;4
03/08/26;ENCE;CALL;Jun-27;2,40;2.57;23,92;0,70;;10
03/08/26;ENCE;CALL;Mar-28;2,00;2.57;27,85;0,84;;4
03/08/26;ENDESA;CALL;Ago-26;39,00;42.19;19,37;0,97;;10
03/08/26;ENDESA;CALL;Ago-26;40,00;42.19;18,17;0,91;;11
03/08/26;ENDESA;CALL;Ago-26;41,00;42.19;16,97;0,79;;13
03/08/26;ENDESA;CALL;Ago-26;42,00;42.19;15,77;0,57;;5
03/08/26;ENDESA;CALL;Ago-26;43,00;42.19;15,44;0,31;;1
03/08/26;ENDESA;CALL;Sep-26;38,00;42.19;21,98;0,92;;1
03/08/26;ENDESA;CALL;Sep-26;40,00;42.19;19,81;0,80;;1
03/08/26;ENDESA;CALL;Sep-26;41,00;42.19;18,73;0,69;;5
03/08/26;ENDESA;CALL;Sep-26;42,00;42.19;17,65;0,56;;1
03/08/26;ENDESA;CALL;Dic-26;24,00;42.19;34,89;1,00;;2
03/08/26;ENDESA;CALL;Dic-26;35,00;42.19;25,15;0,91;;10
03/08/26;ENDESA;CALL;Dic-26;36,00;42.19;24,27;0,88;;10
03/08/26;ENDESA;CALL;Dic-26;37,00;42.19;23,38;0,85;;4
03/08/26;ENDESA;CALL;Dic-26;38,00;42.19;22,50;0,81;;4
03/08/26;ENDESA;CALL;Dic-26;40,00;42.19;20,73;0,71;;19
03/08/26;ENDESA;CALL;Dic-26;42,00;42.19;18,96;0,57;;1
03/08/26;ENDESA;CALL;Dic-26;43,00;42.19;18,72;0,49;;5
03/08/26;ENDESA;CALL;Dic-26;45,00;42.19;18,55;0,33;;1
03/08/26;ENDESA;CALL;Dic-26;46,00;42.19;18,46;0,27;5;10
03/08/26;ENDESA;CALL;Dic-26;47,00;42.19;18,37;0,21;5;15
03/08/26;ENDESA;CALL;Dic-26;48,00;42.19;18,29;0,15;5;15
03/08/26;ENDESA;CALL;Mar-27;32,00;42.19;28,94;0,93;;1
03/08/26;ENDESA;CALL;Mar-27;34,00;42.19;27,14;0,89;;150
03/08/26;ENDESA;CALL;Mar-27;40,00;42.19;21,73;0,68;;1
03/08/26;ENDESA;CALL;Mar-27;41,00;42.19;20,83;0,62;;3
03/08/26;ENDESA;CALL;Mar-27;43,00;42.19;19,68;0,50;;5
03/08/26;ENDESA;CALL;Mar-27;44,00;42.19;19,59;0,44;;2
03/08/26;ENDESA;CALL;Mar-27;45,00;42.19;19,49;0,38;;1
03/08/26;ENDESA;CALL;Jun-27;25,00;42.19;33,46;0,98;;1
03/08/26;ENDESA;CALL;Jun-27;27,00;42.19;31,91;0,96;;2
03/08/26;ENDESA;CALL;Jun-27;32,00;42.19;28,04;0,89;;294
03/08/26;ENDESA;CALL;Jun-27;33,00;42.19;27,27;0,88;;291
03/08/26;ENDESA;CALL;Jun-27;37,00;42.19;24,17;0,77;;1
03/08/26;ENDESA;CALL;Jun-27;38,00;42.19;23,39;0,74;;1
03/08/26;ENDESA;CALL;Jun-27;41,00;42.19;21,07;0,62;;2
03/08/26;ENDESA;CALL;Jun-27;42,00;42.19;20,30;0,57;;2
03/08/26;ENDESA;CALL;Jun-27;44,00;42.19;19,95;0,47;;40
03/08/26;ENDESA;CALL;Jun-27;46,00;42.19;19,73;0,37;;50
03/08/26;ENDESA;CALL;Jun-27;48,00;42.19;19,51;0,29;;5
03/08/26;ENDESA;CALL;Sep-27;43,00;42.19;21,02;0,52;;75
03/08/26;ENDESA;CALL;Sep-27;44,00;42.19;20,89;0,48;;150
03/08/26;ENDESA;CALL;Sep-27;45,00;42.19;20,75;0,44;;1
03/08/26;ENDESA;CALL;Sep-27;49,00;42.19;20,22;0,28;;6
03/08/26;ENDESA;CALL;Dic-27;29,00;42.19;29,38;0,93;;1
03/08/26;ENDESA;CALL;Dic-27;31,00;42.19;28,17;0,89;;1
03/08/26;ENDESA;CALL;Dic-27;34,00;42.19;26,34;0,83;;1
03/08/26;ENDESA;CALL;Dic-27;40,00;42.19;22,69;0,64;;26
03/08/26;ENDESA;CALL;Dic-27;52,00;42.19;20,20;0,22;;1
03/08/26;ENDESA;CALL;Mar-28;40,00;42.19;22,61;0,64;;25
03/08/26;ENDESA;CALL;Mar-28;44,00;42.19;21,19;0,49;;20
03/08/26;ENDESA;CALL;Mar-28;45,00;42.19;21,09;0,46;;1.215
03/08/26;ENDESA;CALL;Mar-28;46,00;42.19;21,00;0,42;;85
03/08/26;ENDESA;CALL;Mar-28;47,00;42.19;20,90;0,39;;795
03/08/26;ENDESA;CALL;Mar-28;48,00;42.19;20,81;0,35;;130
03/08/26;ENDESA;CALL;Mar-28;49,00;42.19;20,71;0,32;;70
03/08/26;ENDESA;CALL;Mar-28;50,00;42.19;20,62;0,29;;70
03/08/26;ENDESA;CALL;Jun-28;46,00;42.19;21,03;0,43;;10
03/08/26;ENDESA;PUT;Ago-26;34,00;42.19;26,45;;;5
03/08/26;ENDESA;PUT;Ago-26;35,00;42.19;25,24;;;5
03/08/26;ENDESA;PUT;Ago-26;37,00;42.19;22,84;;;10
03/08/26;ENDESA;PUT;Ago-26;38,00;42.19;21,64;-0,01;;1
03/08/26;ENDESA;PUT;Ago-26;39,00;42.19;20,44;-0,04;;1
03/08/26;ENDESA;PUT;Ago-26;41,00;42.19;18,04;-0,23;;2
03/08/26;ENDESA;PUT;Ago-26;42,00;42.19;16,84;-0,44;;1
03/08/26;ENDESA;PUT;Ago-26;43,00;42.19;16,51;-0,69;;1
03/08/26;ENDESA;PUT;Sep-26;25,00;42.19;35,26;;;4
03/08/26;ENDESA;PUT;Sep-26;27,00;42.19;33,09;;;445
03/08/26;ENDESA;PUT;Sep-26;28,00;42.19;32,01;;;19
03/08/26;ENDESA;PUT;Sep-26;29,00;42.19;30,93;;;148
03/08/26;ENDESA;PUT;Sep-26;30,00;42.19;29,84;;;147
03/08/26;ENDESA;PUT;Sep-26;31,00;42.19;28,76;;;146
03/08/26;ENDESA;PUT;Sep-26;34,00;42.19;25,51;-0,01;;10
03/08/26;ENDESA;PUT;Sep-26;35,00;42.19;24,43;-0,01;;25
03/08/26;ENDESA;PUT;Sep-26;36,00;42.19;23,35;-0,02;;50
03/08/26;ENDESA;PUT;Sep-26;37,00;42.19;22,27;-0,04;;30
03/08/26;ENDESA;PUT;Sep-26;38,00;42.19;21,19;-0,07;;5
03/08/26;ENDESA;PUT;Sep-26;40,00;42.19;19,02;-0,20;;1
03/08/26;ENDESA;PUT;Sep-26;41,00;42.19;17,94;-0,30;1;5
03/08/26;ENDESA;PUT;Sep-26;43,00;42.19;16,54;-0,61;;5
03/08/26;ENDESA;PUT;Dic-26;19,00;42.19;38,46;;;15
03/08/26;ENDESA;PUT;Dic-26;28,00;42.19;30,50;-0,01;;25
03/08/26;ENDESA;PUT;Dic-26;30,00;42.19;28,73;-0,02;;10
03/08/26;ENDESA;PUT;Dic-26;32,00;42.19;26,96;-0,04;;10
03/08/26;ENDESA;PUT;Dic-26;33,00;42.19;26,07;-0,05;;35
03/08/26;ENDESA;PUT;Dic-26;34,00;42.19;25,19;-0,06;;1
03/08/26;ENDESA;PUT;Dic-26;35,00;42.19;24,30;-0,08;;10
03/08/26;ENDESA;PUT;Dic-26;37,00;42.19;22,53;-0,14;;10
03/08/26;ENDESA;PUT;Dic-26;38,00;42.19;21,65;-0,18;;4
03/08/26;ENDESA;PUT;Mar-27;37,00;42.19;22,66;-0,21;;10
03/08/26;ENDESA;PUT;Jun-27;15,50;42.19;39,25;;;5
03/08/26;ENDESA;PUT;Jun-27;22,00;42.19;34,21;-0,01;;10
03/08/26;ENDESA;PUT;Jun-27;37,00;42.19;22,60;-0,23;;3
03/08/26;ENDESA;PUT;Jun-27;38,00;42.19;21,82;-0,26;;4
03/08/26;ENDESA;PUT;Dic-27;17,50;42.19;33,44;-0,01;;1
03/08/26;ENDESA;PUT;Dic-27;27,00;42.19;27,66;-0,06;;1
03/08/26;ENDESA;PUT;Dic-27;30,00;42.19;25,84;-0,11;;5
03/08/26;ENDESA;PUT;Dic-27;31,00;42.19;25,23;-0,12;;30
03/08/26;ENDESA;PUT;Dic-27;32,00;42.19;24,62;-0,14;;5
03/08/26;ENDESA;PUT;Dic-27;34,00;42.19;23,40;-0,19;;5
03/08/26;ENDESA;PUT;Dic-27;44,00;42.19;18,21;-0,57;;15
03/08/26;ENDESA;PUT;Mar-28;22,00;42.19;29,90;-0,03;;150
03/08/26;ENDESA;PUT;Mar-28;24,00;42.19;28,76;-0,04;;150
03/08/26;ENDESA;PUT;Mar-28;26,00;42.19;27,62;-0,06;;150
03/08/26;ENDESA;PUT;Mar-28;27,00;42.19;27,05;-0,08;;150
03/08/26;ENDESA;PUT;Mar-28;28,00;42.19;26,48;-0,09;;150
03/08/26;ENDESA;PUT;Jun-28;25,00;42.19;27,48;-0,06;;150
03/08/26;ENDESA;PUT;Jun-28;26,00;42.19;26,96;-0,07;;150
03/08/26;ENDESA;PUT;Jun-28;27,00;42.19;26,44;-0,08;;293
03/08/26;ENDESA;PUT;Jun-28;29,00;42.19;25,40;-0,11;;143
03/08/26;ENDESA;PUT;Jun-28;30,00;42.19;24,88;-0,13;;143
03/08/26;ENDESA;PUT;Jun-28;31,00;42.19;24,36;-0,14;;142
03/08/26;ENDESA;PUT;Jun-28;32,00;42.19;23,83;-0,16;;142
03/08/26;ENDESA;PUT;Jun-28;33,00;42.19;23,31;-0,18;;142
03/08/26;ENDESA;PUT;Dic-28;31,00;42.19;23,52;-0,17;;16
03/08/26;ENDESA;CALL;Ago-26;39,00;42.19;19,37;0,97;;10
03/08/26;ENDESA;CALL;Ago-26;41,00;42.19;16,97;0,79;;10
03/08/26;ENDESA;CALL;Ago-26;42,00;42.19;15,77;0,57;;10
03/08/26;ENDESA;CALL;Sep-26;17,00;42.19;44,71;1,00;;25
03/08/26;ENDESA;CALL;Sep-26;34,00;42.19;26,30;0,99;;25
03/08/26;ENDESA;CALL;Sep-26;34,00;42.19;26,30;0,99;;25
03/08/26;ENDESA;CALL;Sep-26;43,00;42.19;17,33;0,41;;1
03/08/26;ENDESA;CALL;Oct-26;42,00;42.19;18,35;0,56;;1
03/08/26;ENDESA;CALL;Oct-26;44,00;42.19;17,91;0,34;;2
03/08/26;ENDESA;CALL;Dic-26;33,00;42.19;26,92;0,94;;10
03/08/26;ENDESA;CALL;Dic-26;40,00;42.19;20,73;0,70;;10
03/08/26;ENDESA;CALL;Dic-26;42,00;42.19;18,96;0,56;;10
03/08/26;ENDESA;CALL;Mar-27;37,00;42.19;24,43;0,77;;10
03/08/26;ENDESA;PUT;Ago-26;37,00;42.19;22,84;;;10
03/08/26;ENDESA;PUT;Ago-26;40,00;42.19;19,24;-0,10;;10
03/08/26;ENDESA;PUT;Ago-26;42,00;42.19;16,84;-0,43;10;10
03/08/26;ENDESA;PUT;Sep-26;24,00;42.19;36,34;;;25
03/08/26;ENDESA;PUT;Sep-26;25,00;42.19;35,26;;;25
03/08/26;ENDESA;PUT;Sep-26;26,00;42.19;34,17;;;25
03/08/26;ENDESA;PUT;Sep-26;26,00;42.19;34,17;;;25
03/08/26;ENDESA;PUT;Sep-26;32,00;42.19;27,68;;;10
03/08/26;ENDESA;PUT;Sep-26;34,00;42.19;25,51;-0,01;;25
03/08/26;ENDESA;PUT;Sep-26;35,00;42.19;24,43;-0,01;;25
03/08/26;ENDESA;PUT;Sep-26;35,00;42.19;24,43;-0,01;;50
03/08/26;ENDESA;PUT;Sep-26;36,00;42.19;23,35;-0,02;;25
03/08/26;ENDESA;PUT;Sep-26;37,00;42.19;22,27;-0,04;;50
03/08/26;ENDESA;PUT;Sep-26;39,00;42.19;20,10;-0,12;;10
03/08/26;ENDESA;PUT;Dic-26;32,00;42.19;26,96;-0,04;;8
03/08/26;ENDESA;PUT;Dic-26;36,00;42.19;23,42;-0,11;;10
03/08/26;FCC;CALL;Jun-27;13,00;11.24;16,01;0,23;;1
03/08/26;FCC;CALL;Dic-27;16,50;11.24;17,71;0,03;;1
03/08/26;FCC;CALL;Jun-28;11,50;11.24;23,68;0,55;;200
03/08/26;FCC;PUT;Sep-26;11,00;11.24;21,41;-0,36;;14
03/08/26;FCC;PUT;Sep-26;12,00;11.24;18,70;-0,83;;3
03/08/26;FCC;PUT;Dic-26;10,50;11.24;22,01;-0,27;;20
03/08/26;FCC;PUT;Mar-27;9,50;11.24;22,75;-0,14;;257
03/08/26;FCC;PUT;Mar-27;10,00;11.24;22,17;-0,20;;250
03/08/26;FCC;PUT;Mar-27;10,50;11.24;21,60;-0,29;;482
03/08/26;FCC;PUT;Mar-27;11,00;11.24;21,02;-0,39;;224
03/08/26;FCC;PUT;Jun-27;11,50;11.24;21,34;-0,48;;3
03/08/26;FCC;PUT;Jun-27;12,00;11.24;20,69;-0,58;;417
03/08/26;FCC;PUT;Sep-27;11,00;11.24;23,42;-0,48;;226
03/08/26;FERROVIAL;CALL;Ago-26;58,00;57.28;26,50;0,44;;26
03/08/26;FERROVIAL;CALL;Sep-26;50,00;57.28;32,04;0,90;;25
03/08/26;FERROVIAL;CALL;Sep-26;52,00;57.28;30,06;0,84;;25
03/08/26;FERROVIAL;CALL;Sep-26;54,00;57.28;28,08;0,75;;50
03/08/26;FERROVIAL;CALL;Sep-26;56,00;57.28;26,11;0,63;;58
03/08/26;FERROVIAL;CALL;Sep-26;58,00;57.28;24,40;0,47;;2.050
03/08/26;FERROVIAL;CALL;Sep-26;60,00;57.28;23,16;0,31;2;102
03/08/26;FERROVIAL;CALL;Sep-26;62,00;57.28;21,93;0,17;;104
03/08/26;FERROVIAL;CALL;Sep-26;64,00;57.28;20,69;0,08;;2
03/08/26;FERROVIAL;CALL;Sep-26;66,00;57.28;19,46;0,02;;25
03/08/26;FERROVIAL;CALL;Sep-26;74,00;57.28;14,53;;;75
03/08/26;FERROVIAL;CALL;Dic-26;47,00;57.28;32,62;0,88;;1
03/08/26;FERROVIAL;CALL;Dic-26;50,00;57.28;30,15;0,81;;50
03/08/26;FERROVIAL;CALL;Dic-26;52,00;57.28;28,51;0,75;;26
03/08/26;FERROVIAL;CALL;Dic-26;54,00;57.28;26,87;0,68;;25
03/08/26;FERROVIAL;CALL;Dic-26;56,00;57.28;25,23;0,60;;54
03/08/26;FERROVIAL;CALL;Dic-26;58,00;57.28;23,90;0,51;;25
03/08/26;FERROVIAL;CALL;Dic-26;60,00;57.28;23,12;0,41;;3.025
03/08/26;FERROVIAL;CALL;Dic-26;64,00;57.28;21,56;0,22;;5
03/08/26;FERROVIAL;CALL;Dic-26;66,00;57.28;20,78;0,15;;5
03/08/26;FERROVIAL;CALL;Dic-26;68,00;57.28;20,00;0,09;;235
03/08/26;FERROVIAL;CALL;Dic-26;70,00;57.28;19,22;0,05;;25
03/08/26;FERROVIAL;CALL;Mar-27;50,00;57.28;28,74;0,77;15;54
03/08/26;FERROVIAL;CALL;Mar-27;52,00;57.28;27,51;0,72;;15
03/08/26;FERROVIAL;CALL;Mar-27;58,00;57.28;24,06;0,53;;25
03/08/26;FERROVIAL;CALL;Mar-27;60,00;57.28;23,54;0,45;;25
03/08/26;FERROVIAL;CALL;Mar-27;62,00;57.28;23,01;0,38;;25
03/08/26;FERROVIAL;CALL;Sep-27;44,00;57.28;31,29;0,84;;25
03/08/26;FERROVIAL;CALL;Sep-27;50,00;57.28;28,74;0,74;;25
03/08/26;FERROVIAL;CALL;Sep-27;52,00;57.28;27,89;0,70;;25
03/08/26;FERROVIAL;CALL;Sep-27;56,00;57.28;26,19;0,61;;25
03/08/26;FERROVIAL;CALL;Dic-27;50,00;57.28;28,94;0,74;;25
03/08/26;FERROVIAL;CALL;Dic-27;60,00;57.28;25,77;0,52;;25
03/08/26;FERROVIAL;CALL;Dic-27;70,00;57.28;24,08;0,30;;25
03/08/26;FERROVIAL;CALL;Mar-28;52,00;57.28;28,33;0,69;;25
03/08/26;FERROVIAL;CALL;Mar-28;54,00;57.28;27,70;0,66;;50
03/08/26;FERROVIAL;CALL;Mar-28;60,00;57.28;26,24;0,54;;25
03/08/26;FERROVIAL;CALL;Mar-28;66,00;57.28;25,30;0,42;;25
03/08/26;FERROVIAL;CALL;Jun-28;50,00;57.28;29,20;0,73;;50
03/08/26;FERROVIAL;CALL;Jun-28;56,00;57.28;27,31;0,62;;50
03/08/26;FERROVIAL;CALL;Jun-28;58,00;57.28;26,81;0,59;;25
03/08/26;FERROVIAL;PUT;Ago-26;52,00;57.28;27,13;-0,05;;2
03/08/26;FERROVIAL;PUT;Ago-26;56,00;57.28;22,59;-0,31;;26
03/08/26;FERROVIAL;PUT;Ago-26;60,00;57.28;19,24;-0,86;10;
03/08/26;FERROVIAL;PUT;Sep-26;36,00;57.28;42,11;;;25
03/08/26;FERROVIAL;PUT;Sep-26;42,00;57.28;36,18;-0,01;;25
03/08/26;FERROVIAL;PUT;Sep-26;45,00;57.28;33,21;-0,02;;25
03/08/26;FERROVIAL;PUT;Sep-26;48,00;57.28;30,24;-0,04;;25
03/08/26;FERROVIAL;PUT;Sep-26;49,00;57.28;29,25;-0,06;;5
03/08/26;FERROVIAL;PUT;Sep-26;52,00;57.28;26,28;-0,13;;3.005
03/08/26;FERROVIAL;PUT;Sep-26;54,00;57.28;24,30;-0,23;;1.543
03/08/26;FERROVIAL;PUT;Sep-26;58,00;57.28;20,62;-0,54;;35
03/08/26;FERROVIAL;PUT;Sep-26;62,00;57.28;18,15;-0,89;;1
03/08/26;FERROVIAL;PUT;Sep-26;64,00;57.28;16,91;-0,99;;25
03/08/26;FERROVIAL;PUT;Oct-26;60,00;57.28;19,71;-0,68;10;10
03/08/26;FERROVIAL;PUT;Dic-26;44,00;57.28;34,05;-0,09;;51
03/08/26;FERROVIAL;PUT;Dic-26;49,00;57.28;29,94;-0,17;;26
03/08/26;FERROVIAL;PUT;Dic-26;50,00;57.28;29,12;-0,20;;25
03/08/26;FERROVIAL;PUT;Dic-26;54,00;57.28;25,84;-0,33;;26
03/08/26;FERROVIAL;PUT;Dic-26;56,00;57.28;24,20;-0,41;;25
03/08/26;FERROVIAL;PUT;Dic-26;58,00;57.28;22,87;-0,51;;130
03/08/26;FERROVIAL;PUT;Mar-27;39,00;57.28;34,99;-0,06;;100
03/08/26;FERROVIAL;PUT;Mar-27;45,00;57.28;31,28;-0,13;;25
03/08/26;FERROVIAL;PUT;Mar-27;46,00;57.28;30,67;-0,15;;25
03/08/26;FERROVIAL;PUT;Mar-27;47,00;57.28;30,05;-0,17;;50
03/08/26;FERROVIAL;PUT;Mar-27;48,00;57.28;29,43;-0,19;;75
03/08/26;FERROVIAL;PUT;Mar-27;49,00;57.28;28,82;-0,21;;90
03/08/26;FERROVIAL;PUT;Mar-27;50,00;57.28;28,20;-0,23;;125
03/08/26;FERROVIAL;PUT;Mar-27;52,00;57.28;26,97;-0,28;;135
03/08/26;FERROVIAL;PUT;Mar-27;54,00;57.28;25,73;-0,34;;26
03/08/26;FERROVIAL;PUT;Mar-27;56,00;57.28;24,50;-0,41;;25
03/08/26;FERROVIAL;PUT;Mar-27;58,00;57.28;23,52;-0,49;;25
03/08/26;FERROVIAL;PUT;Jun-27;44,00;57.28;31,41;-0,14;;25
03/08/26;FERROVIAL;PUT;Jun-27;49,00;57.28;28,85;-0,23;;50
03/08/26;FERROVIAL;PUT;Jun-27;60,00;57.28;24,06;-0,53;;5
03/08/26;FERROVIAL;PUT;Sep-27;41,00;57.28;31,97;-0,12;;1
03/08/26;FERROVIAL;PUT;Sep-27;44,00;57.28;30,69;-0,16;;51
03/08/26;FERROVIAL;PUT;Sep-27;45,00;57.28;30,27;-0,17;;25
03/08/26;FERROVIAL;PUT;Sep-27;47,00;57.28;29,42;-0,20;;25
03/08/26;FERROVIAL;PUT;Sep-27;48,00;57.28;28,99;-0,22;;50
03/08/26;FERROVIAL;PUT;Sep-27;49,00;57.28;28,57;-0,24;;25
03/08/26;FERROVIAL;PUT;Dic-27;35,00;57.28;33,62;-0,07;;1
03/08/26;FERROVIAL;PUT;Dic-27;39,00;57.28;32,13;-0,11;;25
03/08/26;FERROVIAL;PUT;Dic-27;40,00;57.28;31,76;-0,12;;25
03/08/26;FERROVIAL;PUT;Dic-27;45,00;57.28;29,89;-0,18;;25
03/08/26;FERROVIAL;PUT;Dic-27;54,00;57.28;26,54;-0,35;;525
03/08/26;FERROVIAL;PUT;Mar-28;58,00;57.28;25,49;-0,44;;1
03/08/26;FERROVIAL;PUT;Mar-28;60,00;57.28;25,17;-0,48;;3
03/08/26;FERROVIAL;PUT;Mar-28;62,00;57.28;24,86;-0,53;;26
03/08/26;FERROVIAL;PUT;Mar-28;64,00;57.28;24,54;-0,57;;25
03/08/26;FERROVIAL;PUT;Jun-28;44,00;57.28;29,89;-0,18;;25
03/08/26;FERROVIAL;PUT;Jun-28;45,00;57.28;29,58;-0,20;;25
03/08/26;FERROVIAL;PUT;Jun-28;46,00;57.28;29,26;-0,21;;25
03/08/26;FERROVIAL;PUT;Jun-28;48,00;57.28;28,64;-0,24;;25
03/08/26;FERROVIAL;PUT;Jun-28;49,00;57.28;28,32;-0,26;;25
03/08/26;FERROVIAL;PUT;Jun-28;50,00;57.28;28,01;-0,28;;25
03/08/26;FERROVIAL;PUT;Jun-28;52,00;57.28;27,38;-0,31;;25
03/08/26;FERROVIAL;PUT;Jun-28;54,00;57.28;26,75;-0,35;;26
03/08/26;FERROVIAL;PUT;Jun-28;56,00;57.28;26,12;-0,39;;25
03/08/26;FERROVIAL;PUT;Jun-28;58,00;57.28;25,62;-0,43;;26
03/08/26;FERROVIAL;PUT;Jun-28;64,00;57.28;24,78;-0,56;;75
03/08/26;FERROVIAL;CALL;Ago-26;62,00;57.28;23,70;0,07;;112
03/08/26;FERROVIAL;CALL;Ago-26;64,00;57.28;22,31;0,01;;224
03/08/26;FERROVIAL;CALL;Sep-26;60,00;57.28;23,16;0,31;226;226
03/08/26;FERROVIAL;CALL;Sep-26;60,00;57.28;23,16;0,31;;70
03/08/26;FERROVIAL;CALL;Sep-26;62,00;57.28;21,93;0,17;452;452
03/08/26;FERROVIAL;CALL;Dic-26;60,00;57.28;23,12;0,40;;60
03/08/26;FERROVIAL;PUT;Sep-26;54,00;57.28;24,30;-0,22;;15
03/08/26;FERROVIAL;PUT;Sep-26;60,00;57.28;19,38;-0,72;;45
03/08/26;FERROVIAL;PUT;Sep-26;62,00;57.28;18,15;-0,87;;160
03/08/26;FERROVIAL;PUT;Sep-26;64,00;57.28;16,91;-0,96;;45
03/08/26;FERROVIAL;PUT;Dic-26;49,00;57.28;29,94;-0,17;;25
03/08/26;FERROVIAL;PUT;Dic-26;50,00;57.28;29,12;-0,20;;25
03/08/26;FERROVIAL;PUT;Mar-27;40,00;57.28;34,37;-0,07;;300
03/08/26;FLUIDRA;CALL;Sep-26;18,00;19.58;31,14;0,80;;2
03/08/26;FLUIDRA;CALL;Sep-26;19,00;19.58;29,93;0,64;;2
03/08/26;FLUIDRA;CALL;Sep-26;21,00;19.58;27,78;0,27;;1
03/08/26;FLUIDRA;CALL;Sep-26;29,00;19.58;19,61;;;200
03/08/26;FLUIDRA;CALL;Dic-26;24,00;19.58;26,22;0,12;;1
03/08/26;FLUIDRA;PUT;Ago-26;16,00;19.58;36,57;-0,01;;2
03/08/26;FLUIDRA;PUT;Ago-26;17,00;19.58;35,36;-0,03;;1
03/08/26;FLUIDRA;PUT;Ago-26;17,50;19.58;34,75;-0,07;;2
03/08/26;FLUIDRA;PUT;Ago-26;18,00;19.58;34,15;-0,12;;1
03/08/26;FLUIDRA;PUT;Ago-26;19,50;19.58;32,34;-0,46;;1
03/08/26;FLUIDRA;PUT;Sep-26;16,50;19.58;32,74;-0,06;;1
03/08/26;FLUIDRA;PUT;Sep-26;18,50;19.58;30,33;-0,27;;1
03/08/26;FLUIDRA;PUT;Dic-26;17,00;19.58;29,22;-0,20;;325
03/08/26;FLUIDRA;PUT;Dic-26;17,50;19.58;28,67;-0,25;;25
03/08/26;FLUIDRA;PUT;Dic-26;18,00;19.58;28,12;-0,30;;625
03/08/26;FLUIDRA;PUT;Dic-26;18,50;19.58;27,57;-0,36;;1
03/08/26;FLUIDRA;PUT;Dic-26;19,00;19.58;27,01;-0,42;;185
03/08/26;FLUIDRA;PUT;Dic-26;21,00;19.58;25,67;-0,66;;7
03/08/26;FLUIDRA;PUT;Mar-27;21,00;19.58;26,25;-0,61;;14
03/08/26;FLUIDRA;PUT;Jun-27;27,00;19.58;25,36;-0,92;;11
03/08/26;FLUIDRA;PUT;Jun-27;28,00;19.58;25,16;-0,95;;11
03/08/26;GRIFOLS;CALL;Ago-26;7,00;10.06;37,39;1,00;;1
03/08/26;GRIFOLS;CALL;Ago-26;9,00;10.06;29,77;0,96;;10
03/08/26;GRIFOLS;CALL;Ago-26;9,25;10.06;28,82;0,91;;12
03/08/26;GRIFOLS;CALL;Ago-26;9,50;10.06;27,86;0,83;;11
03/08/26;GRIFOLS;CALL;Ago-26;9,75;10.06;26,91;0,72;;8
03/08/26;GRIFOLS;CALL;Ago-26;10,00;10.06;25,96;0,56;5;30
03/08/26;GRIFOLS;CALL;Ago-26;10,50;10.06;25,16;0,24;;4
03/08/26;GRIFOLS;CALL;Ago-26;11,00;10.06;24,52;0,06;;20
03/08/26;GRIFOLS;CALL;Sep-26;6,75;10.06;38,77;1,00;;11
03/08/26;GRIFOLS;CALL;Sep-26;8,00;10.06;34,79;0,97;;6
03/08/26;GRIFOLS;CALL;Sep-26;9,00;10.06;31,61;0,86;;12
03/08/26;GRIFOLS;CALL;Sep-26;9,25;10.06;30,82;0,80;;102
03/08/26;GRIFOLS;CALL;Sep-26;9,50;10.06;30,02;0,73;;112
03/08/26;GRIFOLS;CALL;Sep-26;9,75;10.06;29,23;0,65;;11
03/08/26;GRIFOLS;CALL;Sep-26;10,00;10.06;28,43;0,55;;149
03/08/26;GRIFOLS;CALL;Sep-26;10,50;10.06;27,85;0,36;138;260
03/08/26;GRIFOLS;CALL;Sep-26;11,00;10.06;27,40;0,20;;2
03/08/26;GRIFOLS;CALL;Sep-26;11,50;10.06;26,95;0,09;;30
03/08/26;GRIFOLS;CALL;Sep-26;12,00;10.06;26,50;0,04;;121
03/08/26;GRIFOLS;CALL;Sep-26;12,50;10.06;26,06;0,01;;29
03/08/26;GRIFOLS;CALL;Oct-26;10,00;10.06;29,78;0,56;;10
03/08/26;GRIFOLS;CALL;Oct-26;11,00;10.06;28,88;0,28;;3
03/08/26;GRIFOLS;CALL;Dic-26;7,75;10.06;36,47;0,91;;1
03/08/26;GRIFOLS;CALL;Dic-26;8,50;10.06;34,38;0,84;;29
03/08/26;GRIFOLS;CALL;Dic-26;8,75;10.06;33,69;0,80;;25
03/08/26;GRIFOLS;CALL;Dic-26;9,00;10.06;32,99;0,76;;58
03/08/26;GRIFOLS;CALL;Dic-26;9,25;10.06;32,29;0,72;;75
03/08/26;GRIFOLS;CALL;Dic-26;9,50;10.06;31,60;0,67;;267
03/08/26;GRIFOLS;CALL;Dic-26;9,75;10.06;30,90;0,62;;100
03/08/26;GRIFOLS;CALL;Dic-26;10,00;10.06;30,21;0,57;;175
03/08/26;GRIFOLS;CALL;Dic-26;10,50;10.06;29,81;0,46;;172
03/08/26;GRIFOLS;CALL;Dic-26;11,00;10.06;29,54;0,35;6;105
03/08/26;GRIFOLS;CALL;Dic-26;11,50;10.06;29,28;0,26;;72
03/08/26;GRIFOLS;CALL;Dic-26;12,00;10.06;29,01;0,19;;48
03/08/26;GRIFOLS;CALL;Dic-26;12,50;10.06;28,75;0,13;;99
03/08/26;GRIFOLS;CALL;Dic-26;13,00;10.06;28,48;0,08;;1.307
03/08/26;GRIFOLS;CALL;Dic-26;13,50;10.06;28,22;0,05;;1.187
03/08/26;GRIFOLS;CALL;Dic-26;14,00;10.06;27,95;0,03;;25
03/08/26;GRIFOLS;CALL;Dic-26;14,50;10.06;27,69;0,02;;25
03/08/26;GRIFOLS;CALL;Dic-26;15,00;10.06;27,42;0,01;;44
03/08/26;GRIFOLS;CALL;Dic-26;15,50;10.06;27,16;0,01;;5
03/08/26;GRIFOLS;CALL;Dic-26;17,00;10.06;26,36;;;25
03/08/26;GRIFOLS;CALL;Dic-26;17,50;10.06;26,10;;;25
03/08/26;GRIFOLS;CALL;Mar-27;6,00;10.06;39,30;0,98;;5
03/08/26;GRIFOLS;CALL;Mar-27;6,25;10.06;38,77;0,97;;3
03/08/26;GRIFOLS;CALL;Mar-27;7,00;10.06;37,15;0,94;;3
03/08/26;GRIFOLS;CALL;Mar-27;7,50;10.06;36,07;0,90;;41
03/08/26;GRIFOLS;CALL;Mar-27;8,50;10.06;33,92;0,79;;2
03/08/26;GRIFOLS;CALL;Mar-27;8,75;10.06;33,38;0,76;;201
03/08/26;GRIFOLS;CALL;Mar-27;9,00;10.06;32,84;0,72;;222
03/08/26;GRIFOLS;CALL;Mar-27;9,25;10.06;32,30;0,69;;127
03/08/26;GRIFOLS;CALL;Mar-27;9,50;10.06;31,77;0,65;;50
03/08/26;GRIFOLS;CALL;Mar-27;9,75;10.06;31,23;0,60;;107
03/08/26;GRIFOLS;CALL;Mar-27;10,00;10.06;30,69;0,56;;170
03/08/26;GRIFOLS;CALL;Mar-27;10,50;10.06;30,36;0,48;;35
03/08/26;GRIFOLS;CALL;Mar-27;11,50;10.06;29,89;0,33;;11
03/08/26;GRIFOLS;CALL;Mar-27;12,00;10.06;29,66;0,26;;211
03/08/26;GRIFOLS;CALL;Mar-27;12,50;10.06;29,43;0,21;;40
03/08/26;GRIFOLS;CALL;Mar-27;13,00;10.06;29,20;0,16;;518
03/08/26;GRIFOLS;CALL;Mar-27;14,00;10.06;28,73;0,09;;30
03/08/26;GRIFOLS;CALL;Mar-27;16,00;10.06;27,80;0,02;;10
03/08/26;GRIFOLS;CALL;Jun-27;8,00;10.06;35,17;0,81;;5
03/08/26;GRIFOLS;CALL;Jun-27;8,75;10.06;33,75;0,73;;2
03/08/26;GRIFOLS;CALL;Jun-27;9,00;10.06;33,28;0,70;;58
03/08/26;GRIFOLS;CALL;Jun-27;9,25;10.06;32,81;0,67;;28
03/08/26;GRIFOLS;CALL;Jun-27;9,50;10.06;32,34;0,64;;27
03/08/26;GRIFOLS;CALL;Jun-27;9,75;10.06;31,87;0,61;;25
03/08/26;GRIFOLS;CALL;Jun-27;10,00;10.06;31,39;0,57;;35
03/08/26;GRIFOLS;CALL;Jun-27;11,50;10.06;30,76;0,38;;10
03/08/26;GRIFOLS;CALL;Jun-27;12,00;10.06;30,57;0,33;;22
03/08/26;GRIFOLS;CALL;Jun-27;12,50;10.06;30,39;0,27;;250
03/08/26;GRIFOLS;CALL;Jun-27;13,00;10.06;30,21;0,23;;10
03/08/26;GRIFOLS;CALL;Jun-27;14,00;10.06;29,84;0,15;;5
03/08/26;GRIFOLS;CALL;Jun-27;15,00;10.06;29,48;0,10;;50
03/08/26;GRIFOLS;CALL;Jun-27;16,00;10.06;29,11;0,06;;850
03/08/26;GRIFOLS;CALL;Sep-27;15,00;10.06;30,78;0,14;;10
03/08/26;GRIFOLS;CALL;Dic-27;8,00;10.06;36,04;0,79;;2
03/08/26;GRIFOLS;CALL;Dic-27;8,75;10.06;34,84;0,72;;15
03/08/26;GRIFOLS;CALL;Dic-27;11,00;10.06;32,54;0,48;;1
03/08/26;GRIFOLS;CALL;Dic-27;11,50;10.06;32,43;0,44;;5
03/08/26;GRIFOLS;CALL;Dic-27;15,00;10.06;31,61;0,18;;4
03/08/26;GRIFOLS;CALL;Mar-28;15,00;10.06;32,24;0,22;;3
03/08/26;GRIFOLS;CALL;Dic-28;9,00;10.06;32,95;0,69;;14
03/08/26;GRIFOLS;CALL;Dic-28;12,00;10.06;31,23;0,44;;1
03/08/26;GRIFOLS;CALL;Dic-28;15,50;10.06;30,54;0,24;;3
03/08/26;GRIFOLS;CALL;Dic-28;16,50;10.06;30,34;0,20;;2
03/08/26;GRIFOLS;CALL;Dic-28;17,50;10.06;30,14;0,16;;6
03/08/26;GRIFOLS;CALL;Dic-29;15,50;10.06;30,09;0,29;;3
03/08/26;GRIFOLS;PUT;Ago-26;7,50;10.06;41,15;;;1
03/08/26;GRIFOLS;PUT;Ago-26;8,00;10.06;39,25;;;14
03/08/26;GRIFOLS;PUT;Ago-26;8,25;10.06;38,30;-0,01;;14
03/08/26;GRIFOLS;PUT;Ago-26;8,50;10.06;37,34;-0,02;3;130
03/08/26;GRIFOLS;PUT;Ago-26;8,75;10.06;36,39;-0,04;;36
03/08/26;GRIFOLS;PUT;Ago-26;9,00;10.06;35,44;-0,07;;148
03/08/26;GRIFOLS;PUT;Ago-26;9,25;10.06;34,49;-0,13;;67
03/08/26;GRIFOLS;PUT;Ago-26;9,50;10.06;33,53;-0,21;;10
03/08/26;GRIFOLS;PUT;Ago-26;9,75;10.06;32,58;-0,32;;20
03/08/26;GRIFOLS;PUT;Ago-26;10,00;10.06;31,63;-0,45;;5
03/08/26;GRIFOLS;PUT;Sep-26;6,50;10.06;38,19;;;10
03/08/26;GRIFOLS;PUT;Sep-26;7,25;10.06;35,81;;;4
03/08/26;GRIFOLS;PUT;Sep-26;7,75;10.06;34,22;-0,01;;3
03/08/26;GRIFOLS;PUT;Sep-26;8,00;10.06;33,42;-0,02;;31
03/08/26;GRIFOLS;PUT;Sep-26;8,25;10.06;32,63;-0,04;;24
03/08/26;GRIFOLS;PUT;Sep-26;8,50;10.06;31,83;-0,06;;144
03/08/26;GRIFOLS;PUT;Sep-26;8,75;10.06;31,04;-0,09;;74
03/08/26;GRIFOLS;PUT;Sep-26;9,00;10.06;30,24;-0,13;;116
03/08/26;GRIFOLS;PUT;Sep-26;9,25;10.06;29,45;-0,19;;107
03/08/26;GRIFOLS;PUT;Sep-26;9,50;10.06;28,65;-0,26;;65
03/08/26;GRIFOLS;PUT;Sep-26;9,75;10.06;27,86;-0,35;;15
03/08/26;GRIFOLS;PUT;Sep-26;10,00;10.06;27,06;-0,45;;49
03/08/26;GRIFOLS;PUT;Sep-26;10,50;10.06;26,48;-0,65;8;156
03/08/26;GRIFOLS;PUT;Sep-26;11,00;10.06;26,03;-0,82;;92
03/08/26;GRIFOLS;PUT;Sep-26;11,50;10.06;25,58;-0,93;;39
03/08/26;GRIFOLS;PUT;Sep-26;12,00;10.06;25,13;-0,99;;22
03/08/26;GRIFOLS;PUT;Sep-26;12,50;10.06;24,69;-1,00;;10
03/08/26;GRIFOLS;PUT;Sep-26;16,00;10.06;21,56;-1,00;;4
03/08/26;GRIFOLS;PUT;Oct-26;8,75;10.06;30,11;-0,13;30;30
03/08/26;GRIFOLS;PUT;Oct-26;9,25;10.06;28,62;-0,23;;1
03/08/26;GRIFOLS;PUT;Oct-26;10,00;10.06;26,38;-0,45;;20
03/08/26;GRIFOLS;PUT;Dic-26;6,00;10.06;38,64;-0,01;;25
03/08/26;GRIFOLS;PUT;Dic-26;6,25;10.06;37,94;-0,02;;5
03/08/26;GRIFOLS;PUT;Dic-26;6,50;10.06;37,25;-0,02;;1
03/08/26;GRIFOLS;PUT;Dic-26;6,75;10.06;36,55;-0,03;;25
03/08/26;GRIFOLS;PUT;Dic-26;7,00;10.06;35,86;-0,04;;10
03/08/26;GRIFOLS;PUT;Dic-26;7,25;10.06;35,16;-0,06;;291
03/08/26;GRIFOLS;PUT;Dic-26;7,50;10.06;34,47;-0,07;;29
03/08/26;GRIFOLS;PUT;Dic-26;7,75;10.06;33,77;-0,09;;26
03/08/26;GRIFOLS;PUT;Dic-26;8,00;10.06;33,07;-0,12;;317
03/08/26;GRIFOLS;PUT;Dic-26;8,25;10.06;32,38;-0,15;;2
03/08/26;GRIFOLS;PUT;Dic-26;8,50;10.06;31,68;-0,18;;758
03/08/26;GRIFOLS;PUT;Dic-26;8,75;10.06;30,99;-0,22;;12
03/08/26;GRIFOLS;PUT;Dic-26;9,00;10.06;30,29;-0,26;;222
03/08/26;GRIFOLS;PUT;Dic-26;9,25;10.06;29,59;-0,31;;130
03/08/26;GRIFOLS;PUT;Dic-26;9,50;10.06;28,90;-0,36;1;445
03/08/26;GRIFOLS;PUT;Dic-26;9,75;10.06;28,20;-0,42;;13
03/08/26;GRIFOLS;PUT;Dic-26;10,00;10.06;27,51;-0,47;;2.274
03/08/26;GRIFOLS;PUT;Dic-26;10,50;10.06;27,11;-0,59;;29
03/08/26;GRIFOLS;PUT;Dic-26;11,00;10.06;26,84;-0,70;;290
03/08/26;GRIFOLS;PUT;Dic-26;11,50;10.06;26,58;-0,79;;7
03/08/26;GRIFOLS;PUT;Dic-26;12,00;10.06;26,31;-0,86;;1
03/08/26;GRIFOLS;PUT;Dic-26;12,50;10.06;26,05;-0,91;;1
03/08/26;GRIFOLS;PUT;Dic-26;13,00;10.06;25,78;-0,95;;10
03/08/26;GRIFOLS;PUT;Dic-26;13,50;10.06;25,52;-0,97;;113
03/08/26;GRIFOLS;PUT;Mar-27;6,25;10.06;38,57;-0,04;;50
03/08/26;GRIFOLS;PUT;Mar-27;6,50;10.06;38,03;-0,06;;17
03/08/26;GRIFOLS;PUT;Mar-27;6,75;10.06;37,49;-0,07;;250
03/08/26;GRIFOLS;PUT;Mar-27;7,00;10.06;36,95;-0,08;;163
03/08/26;GRIFOLS;PUT;Mar-27;7,25;10.06;36,41;-0,10;;76
03/08/26;GRIFOLS;PUT;Mar-27;7,50;10.06;35,87;-0,12;;770
03/08/26;GRIFOLS;PUT;Mar-27;7,75;10.06;35,34;-0,14;;146
03/08/26;GRIFOLS;PUT;Mar-27;8,00;10.06;34,80;-0,17;;127
03/08/26;GRIFOLS;PUT;Mar-27;8,25;10.06;34,26;-0,20;;5
03/08/26;GRIFOLS;PUT;Mar-27;8,50;10.06;33,72;-0,23;;13
03/08/26;GRIFOLS;PUT;Mar-27;8,75;10.06;33,18;-0,26;;3
03/08/26;GRIFOLS;PUT;Mar-27;9,00;10.06;32,64;-0,30;;1.130
03/08/26;GRIFOLS;PUT;Mar-27;9,25;10.06;32,10;-0,33;;2
03/08/26;GRIFOLS;PUT;Mar-27;10,00;10.06;30,49;-0,45;;15
03/08/26;GRIFOLS;PUT;Mar-27;10,50;10.06;30,16;-0,54;;14
03/08/26;GRIFOLS;PUT;Mar-27;11,00;10.06;29,92;-0,62;;130
03/08/26;GRIFOLS;PUT;Mar-27;16,00;10.06;27,60;-0,99;;3
03/08/26;GRIFOLS;PUT;Jun-27;6,00;10.06;40,03;-0,06;;20
03/08/26;GRIFOLS;PUT;Jun-27;8,00;10.06;36,25;-0,20;;100
03/08/26;GRIFOLS;PUT;Jun-27;8,25;10.06;35,78;-0,22;;1
03/08/26;GRIFOLS;PUT;Jun-27;9,00;10.06;34,36;-0,31;;5
03/08/26;GRIFOLS;PUT;Jun-27;10,00;10.06;32,47;-0,44;;2
03/08/26;GRIFOLS;PUT;Jun-27;10,50;10.06;32,20;-0,50;;7
03/08/26;GRIFOLS;PUT;Jun-27;11,00;10.06;32,02;-0,57;;3
03/08/26;GRIFOLS;PUT;Jun-27;12,00;10.06;31,65;-0,69;;206
03/08/26;GRIFOLS;PUT;Jun-27;12,50;10.06;31,47;-0,74;;397
03/08/26;GRIFOLS;PUT;Jun-27;13,00;10.06;31,29;-0,79;;195
03/08/26;GRIFOLS;PUT;Jun-27;13,50;10.06;31,11;-0,83;;25
03/08/26;GRIFOLS;PUT;Jun-27;15,50;10.06;30,38;-0,94;;142
03/08/26;GRIFOLS;PUT;Dic-27;8,25;10.06;37,48;-0,26;;1
03/08/26;GRIFOLS;PUT;Dic-27;8,50;10.06;37,08;-0,28;;5
03/08/26;GRIFOLS;PUT;Dic-27;8,75;10.06;36,68;-0,31;;3
03/08/26;GRIFOLS;PUT;Dic-27;10,50;10.06;34,50;-0,47;;242
03/08/26;GRIFOLS;PUT;Dic-27;11,00;10.06;34,38;-0,52;;228
03/08/26;GRIFOLS;PUT;Dic-27;11,50;10.06;34,27;-0,57;;30
03/08/26;GRIFOLS;PUT;Mar-28;9,50;10.06;36,12;-0,37;;268
03/08/26;GRIFOLS;PUT;Mar-28;10,00;10.06;35,38;-0,42;;260
03/08/26;GRIFOLS;PUT;Jun-28;6,00;10.06;40,25;-0,11;;26
03/08/26;GRIFOLS;PUT;Jun-28;8,25;10.06;37,12;-0,27;;2
03/08/26;GRIFOLS;PUT;Dic-28;6,50;10.06;38,06;-0,16;;25
03/08/26;GRIFOLS;PUT;Dic-28;7,00;10.06;37,43;-0,19;;1
03/08/26;GRIFOLS;PUT;Dic-28;8,00;10.06;36,17;-0,26;;4
03/08/26;GRIFOLS;PUT;Jun-29;8,50;10.06;34,41;-0,29;;2
03/08/26;GRIFOLS;PUT;Dic-29;8,50;10.06;33,57;-0,30;;3
03/08/26;GRIFOLS;PUT;Dic-30;10,00;10.06;31,53;-0,40;;15
03/08/26;GRIFOLS;CALL;Dic-26;10,00;10.06;30,21;0,53;;10
03/08/26;GRIFOLS;CALL;Dic-26;11,00;10.06;29,54;0,32;;10
03/08/26;GRIFOLS;CALL;Dic-26;11,50;10.06;29,28;0,24;;65
03/08/26;GRIFOLS;CALL;Dic-26;15,00;10.06;27,42;0,01;;15
03/08/26;GRIFOLS;CALL;Jun-27;11,50;10.06;30,76;0,37;;50
03/08/26;GRIFOLS;CALL;Dic-27;11,50;10.06;32,43;0,41;;30
03/08/26;GRIFOLS;CALL;Jun-28;11,50;10.06;32,25;0,45;;60
03/08/26;GRIFOLS;PUT;Sep-26;9,00;10.06;30,24;-0,13;;10
03/08/26;GRIFOLS;PUT;Jun-27;9,00;10.06;34,36;-0,29;;1
03/08/26;IAG;CALL;Ago-26;4,50;5.06;39,86;0,92;4;4
03/08/26;IAG;CALL;Ago-26;4,80;5.06;38,73;0,75;;10
03/08/26;IAG;CALL;Ago-26;5,25;5.06;37,42;0,35;;10
03/08/26;IAG;CALL;Ago-26;5,50;5.06;36,99;0,17;;96
03/08/26;IAG;CALL;Ago-26;6,00;5.06;36,14;0,02;;2
03/08/26;IAG;CALL;Sep-26;3,00;5.06;42,16;1,00;;51
03/08/26;IAG;CALL;Sep-26;3,80;5.06;39,94;0,98;;10
03/08/26;IAG;CALL;Sep-26;4,00;5.06;39,39;0,96;;6
03/08/26;IAG;CALL;Sep-26;4,20;5.06;38,84;0,93;;11
03/08/26;IAG;CALL;Sep-26;4,40;5.06;38,29;0,87;;4
03/08/26;IAG;CALL;Sep-26;4,50;5.06;38,01;0,83;;14
03/08/26;IAG;CALL;Sep-26;4,60;5.06;37,73;0,79;;41
03/08/26;IAG;CALL;Sep-26;4,70;5.06;37,46;0,74;;16
03/08/26;IAG;CALL;Sep-26;4,80;5.06;37,18;0,69;;19
03/08/26;IAG;CALL;Sep-26;4,90;5.06;36,90;0,63;;33
03/08/26;IAG;CALL;Sep-26;5,00;5.06;36,63;0,57;;67
03/08/26;IAG;CALL;Sep-26;5,25;5.06;36,13;0,42;10;4.572
03/08/26;IAG;CALL;Sep-26;5,50;5.06;35,70;0,29;;144
03/08/26;IAG;CALL;Sep-26;5,75;5.06;35,28;0,18;;57
03/08/26;IAG;CALL;Sep-26;6,00;5.06;34,85;0,10;;63
03/08/26;IAG;CALL;Sep-26;6,25;5.06;34,42;0,05;;50
03/08/26;IAG;CALL;Oct-26;5,00;5.06;36,17;0,57;;10
03/08/26;IAG;CALL;Dic-26;2,90;5.06;41,75;0,99;;1
03/08/26;IAG;CALL;Dic-26;3,00;5.06;41,52;0,99;;1
03/08/26;IAG;CALL;Dic-26;3,50;5.06;40,36;0,96;;1
03/08/26;IAG;CALL;Dic-26;4,00;5.06;39,21;0,88;;2
03/08/26;IAG;CALL;Dic-26;4,20;5.06;38,75;0,83;;20
03/08/26;IAG;CALL;Dic-26;4,30;5.06;38,52;0,80;;3
03/08/26;IAG;CALL;Dic-26;4,40;5.06;38,29;0,78;;3
03/08/26;IAG;CALL;Dic-26;4,50;5.06;38,06;0,75;;6
03/08/26;IAG;CALL;Dic-26;4,60;5.06;37,83;0,72;;2
03/08/26;IAG;CALL;Dic-26;4,80;5.06;37,37;0,65;;2
03/08/26;IAG;CALL;Dic-26;5,00;5.06;36,91;0,58;;801
03/08/26;IAG;CALL;Dic-26;5,25;5.06;36,40;0,49;;771
03/08/26;IAG;CALL;Dic-26;5,50;5.06;35,93;0,40;;1.591
03/08/26;IAG;CALL;Dic-26;5,75;5.06;35,45;0,32;;50
03/08/26;IAG;CALL;Dic-26;6,00;5.06;34,97;0,25;;2
03/08/26;IAG;CALL;Dic-26;6,25;5.06;34,50;0,19;;35
03/08/26;IAG;CALL;Mar-27;4,00;5.06;39,10;0,83;;12
03/08/26;IAG;CALL;Mar-27;4,10;5.06;38,90;0,81;;1
03/08/26;IAG;CALL;Mar-27;4,20;5.06;38,71;0,79;;6
03/08/26;IAG;CALL;Mar-27;4,30;5.06;38,51;0,76;;5
03/08/26;IAG;CALL;Mar-27;4,60;5.06;37,92;0,69;;1
03/08/26;IAG;CALL;Mar-27;4,70;5.06;37,72;0,66;;3
03/08/26;IAG;CALL;Mar-27;4,80;5.06;37,52;0,64;;2
03/08/26;IAG;CALL;Mar-27;5,00;5.06;37,13;0,58;;23
03/08/26;IAG;CALL;Mar-27;5,25;5.06;36,63;0,52;;1
03/08/26;IAG;CALL;Mar-27;5,50;5.06;36,14;0,45;;1
03/08/26;IAG;CALL;Mar-27;6,25;5.06;34,66;0,27;;250
03/08/26;IAG;CALL;Jun-27;2,00;5.06;40,20;1,00;;2
03/08/26;IAG;CALL;Jun-27;2,20;5.06;39,86;1,00;;25
03/08/26;IAG;CALL;Jun-27;2,30;5.06;39,69;0,99;;25
03/08/26;IAG;CALL;Jun-27;2,40;5.06;39,52;0,99;;25
03/08/26;IAG;CALL;Jun-27;3,00;5.06;38,49;0,96;;5
03/08/26;IAG;CALL;Jun-27;3,40;5.06;37,81;0,91;;1
03/08/26;IAG;CALL;Jun-27;4,00;5.06;36,78;0,81;;3
03/08/26;IAG;CALL;Jun-27;4,10;5.06;36,61;0,80;;2
03/08/26;IAG;CALL;Jun-27;4,40;5.06;36,10;0,73;;3
03/08/26;IAG;CALL;Jun-27;4,50;5.06;35,93;0,71;;1
03/08/26;IAG;CALL;Jun-27;4,90;5.06;35,24;0,62;;3
03/08/26;IAG;CALL;Jun-27;5,00;5.06;35,07;0,60;;2
03/08/26;IAG;CALL;Jun-27;5,25;5.06;34,67;0,54;;20
03/08/26;IAG;CALL;Jun-27;5,50;5.06;34,27;0,48;;1
03/08/26;IAG;CALL;Jun-27;6,25;5.06;33,09;0,32;;2
03/08/26;IAG;CALL;Jun-27;6,50;5.06;32,69;0,27;;1
03/08/26;IAG;CALL;Sep-27;4,50;5.06;34,56;0,71;;1
03/08/26;IAG;CALL;Sep-27;4,80;5.06;34,11;0,64;;1
03/08/26;IAG;CALL;Sep-27;5,25;5.06;33,47;0,54;;4
03/08/26;IAG;CALL;Dic-27;2,00;5.06;39,15;1,00;;25
03/08/26;IAG;CALL;Dic-27;2,10;5.06;39,00;1,00;;25
03/08/26;IAG;CALL;Dic-27;2,20;5.06;38,85;0,99;;25
03/08/26;IAG;CALL;Dic-27;2,30;5.06;38,69;0,99;;25
03/08/26;IAG;CALL;Dic-27;2,40;5.06;38,54;0,99;;25
03/08/26;IAG;CALL;Dic-27;3,70;5.06;36,58;0,84;;1
03/08/26;IAG;CALL;Dic-27;4,50;5.06;35,36;0,70;;1
03/08/26;IAG;CALL;Dic-27;5,00;5.06;34,61;0,60;;4
03/08/26;IAG;CALL;Mar-28;6,00;5.06;34,16;0,44;;2
03/08/26;IAG;CALL;Jun-28;5,00;5.06;36,92;0,62;;1
03/08/26;IAG;PUT;Ago-26;4,70;5.06;41,08;-0,19;;13
03/08/26;IAG;PUT;Ago-26;4,80;5.06;40,70;-0,26;;200
03/08/26;IAG;PUT;Ago-26;5,00;5.06;39,95;-0,42;;40
03/08/26;IAG;PUT;Ago-26;5,25;5.06;39,39;-0,64;;40
03/08/26;IAG;PUT;Ago-26;6,00;5.06;38,11;-0,98;;10
03/08/26;IAG;PUT;Ago-26;7,25;5.06;35,97;-1,00;;10
03/08/26;IAG;PUT;Sep-26;2,20;5.06;46,61;;;3
03/08/26;IAG;PUT;Sep-26;2,50;5.06;45,78;;;65
03/08/26;IAG;PUT;Sep-26;3,20;5.06;43,84;;;50
03/08/26;IAG;PUT;Sep-26;3,30;5.06;43,57;;;15
03/08/26;IAG;PUT;Sep-26;3,50;5.06;43,01;-0,01;;17
03/08/26;IAG;PUT;Sep-26;3,90;5.06;41,91;-0,03;;5
03/08/26;IAG;PUT;Sep-26;4,00;5.06;41,63;-0,05;;205
03/08/26;IAG;PUT;Sep-26;4,10;5.06;41,36;-0,06;;224
03/08/26;IAG;PUT;Sep-26;4,20;5.06;41,08;-0,09;;2
03/08/26;IAG;PUT;Sep-26;4,40;5.06;40,53;-0,14;;21
03/08/26;IAG;PUT;Sep-26;4,50;5.06;40,25;-0,18;;68
03/08/26;IAG;PUT;Sep-26;4,70;5.06;39,70;-0,27;;32
03/08/26;IAG;PUT;Sep-26;4,80;5.06;39,42;-0,32;;77
03/08/26;IAG;PUT;Sep-26;4,90;5.06;39,14;-0,37;;110
03/08/26;IAG;PUT;Sep-26;5,00;5.06;38,87;-0,43;;130
03/08/26;IAG;PUT;Sep-26;5,25;5.06;38,37;-0,57;;10
03/08/26;IAG;PUT;Sep-26;5,50;5.06;37,94;-0,70;;13
03/08/26;IAG;PUT;Sep-26;6,25;5.06;36,66;-0,95;10;
03/08/26;IAG;PUT;Dic-26;2,60;5.06;43,14;;;4
03/08/26;IAG;PUT;Dic-26;2,80;5.06;42,68;-0,01;;20
03/08/26;IAG;PUT;Dic-26;2,90;5.06;42,45;-0,01;;20
03/08/26;IAG;PUT;Dic-26;3,30;5.06;41,52;-0,04;;20
03/08/26;IAG;PUT;Dic-26;3,50;5.06;41,06;-0,06;;19
03/08/26;IAG;PUT;Dic-26;3,70;5.06;40,60;-0,08;;4
03/08/26;IAG;PUT;Dic-26;3,80;5.06;40,37;-0,10;;151
03/08/26;IAG;PUT;Dic-26;3,90;5.06;40,14;-0,12;;137
03/08/26;IAG;PUT;Dic-26;4,00;5.06;39,91;-0,14;;817
03/08/26;IAG;PUT;Dic-26;4,10;5.06;39,68;-0,16;;12
03/08/26;IAG;PUT;Dic-26;4,20;5.06;39,45;-0,19;;55
03/08/26;IAG;PUT;Dic-26;4,30;5.06;39,22;-0,21;;7
03/08/26;IAG;PUT;Dic-26;4,40;5.06;38,99;-0,24;;54
03/08/26;IAG;PUT;Dic-26;4,50;5.06;38,76;-0,27;;76
03/08/26;IAG;PUT;Dic-26;4,60;5.06;38,53;-0,30;;7
03/08/26;IAG;PUT;Dic-26;4,70;5.06;38,30;-0,34;;2
03/08/26;IAG;PUT;Dic-26;4,80;5.06;38,07;-0,37;;4
03/08/26;IAG;PUT;Dic-26;4,90;5.06;37,84;-0,40;;1
03/08/26;IAG;PUT;Dic-26;5,00;5.06;37,61;-0,44;;159
03/08/26;IAG;PUT;Dic-26;5,25;5.06;37,10;-0,52;;11
03/08/26;IAG;PUT;Dic-26;5,50;5.06;36,63;-0,60;;1
03/08/26;IAG;PUT;Dic-26;6,00;5.06;35,67;-0,75;;100
03/08/26;IAG;PUT;Mar-27;3,20;5.06;40,42;-0,05;;40
03/08/26;IAG;PUT;Mar-27;3,50;5.06;39,83;-0,09;;17
03/08/26;IAG;PUT;Mar-27;3,70;5.06;39,43;-0,12;;20
03/08/26;IAG;PUT;Mar-27;4,00;5.06;38,84;-0,18;;4
03/08/26;IAG;PUT;Mar-27;4,10;5.06;38,64;-0,20;;1
03/08/26;IAG;PUT;Mar-27;4,40;5.06;38,05;-0,27;;20
03/08/26;IAG;PUT;Mar-27;4,60;5.06;37,66;-0,32;;25
03/08/26;IAG;PUT;Mar-27;4,70;5.06;37,46;-0,34;;255
03/08/26;IAG;PUT;Mar-27;4,80;5.06;37,26;-0,37;;2
03/08/26;IAG;PUT;Mar-27;5,00;5.06;36,87;-0,42;;13
03/08/26;IAG;PUT;Mar-27;5,25;5.06;36,37;-0,49;;2
03/08/26;IAG;PUT;Mar-27;5,50;5.06;35,88;-0,56;;6
03/08/26;IAG;PUT;Jun-27;3,50;5.06;38,02;-0,11;;30
03/08/26;IAG;PUT;Jun-27;4,00;5.06;37,16;-0,19;;3
03/08/26;IAG;PUT;Jun-27;4,10;5.06;36,99;-0,21;;2
03/08/26;IAG;PUT;Jun-27;4,40;5.06;36,48;-0,27;;3
03/08/26;IAG;PUT;Jun-27;4,50;5.06;36,31;-0,30;;1
03/08/26;IAG;PUT;Jun-27;5,00;5.06;35,45;-0,41;;7
03/08/26;IAG;PUT;Jun-27;5,25;5.06;35,05;-0,47;;1
03/08/26;IAG;PUT;Jun-27;5,50;5.06;34,65;-0,54;;2
03/08/26;IAG;PUT;Jun-27;6,00;5.06;33,86;-0,65;;2
03/08/26;IAG;PUT;Sep-27;3,20;5.06;37,30;-0,08;;5
03/08/26;IAG;PUT;Sep-27;4,50;5.06;35,33;-0,30;;2
03/08/26;IAG;PUT;Sep-27;4,80;5.06;34,88;-0,37;;1
03/08/26;IAG;PUT;Sep-27;5,25;5.06;34,24;-0,46;;1
03/08/26;IAG;PUT;Dic-27;3,20;5.06;38,13;-0,10;;15.000
03/08/26;IAG;PUT;Dic-27;3,50;5.06;37,68;-0,14;;20
03/08/26;IAG;PUT;Dic-27;4,00;5.06;36,92;-0,22;;1
03/08/26;IAG;PUT;Dic-27;4,60;5.06;36,01;-0,33;;25
03/08/26;IAG;PUT;Dic-27;5,00;5.06;35,41;-0,40;;4
03/08/26;IAG;CALL;Dic-29;3,40;5.06;42,00;0,75;;2
03/08/26;IAG;PUT;Sep-26;4,40;5.06;40,53;-0,14;;8
03/08/26;IBERDROLA;CALL;Ago-26;19,00;20.65;17,71;0,98;;1
03/08/26;IBERDROLA;CALL;Ago-26;20,00;20.65;16,37;0,82;1;4
03/08/26;IBERDROLA;CALL;Ago-26;21,00;20.65;15,49;0,33;;10.002
03/08/26;IBERDROLA;CALL;Ago-26;21,50;20.65;15,47;0,13;;5
03/08/26;IBERDROLA;CALL;Ago-26;22,00;20.65;15,46;0,04;;17
03/08/26;IBERDROLA;CALL;Ago-26;22,50;20.65;15,44;0,01;;1
03/08/26;IBERDROLA;CALL;Sep-26;18,00;20.65;18,55;0,98;;60
03/08/26;IBERDROLA;CALL;Sep-26;19,50;20.65;16,62;0,85;;5.000
03/08/26;IBERDROLA;CALL;Sep-26;20,00;20.65;15,97;0,74;;1
03/08/26;IBERDROLA;CALL;Sep-26;21,00;20.65;15,11;0,41;;29.615
03/08/26;IBERDROLA;CALL;Sep-26;21,50;20.65;15,08;0,25;;35
03/08/26;IBERDROLA;CALL;Sep-26;22,00;20.65;15,04;0,13;1;415
03/08/26;IBERDROLA;CALL;Sep-26;22,50;20.65;15,01;0,06;;2.500
03/08/26;IBERDROLA;CALL;Oct-26;19,50;20.65;17,21;0,80;1;1
03/08/26;IBERDROLA;CALL;Oct-26;21,00;20.65;15,71;0,45;;10.000
03/08/26;IBERDROLA;CALL;Dic-26;14,50;20.65;24,51;0,99;;2
03/08/26;IBERDROLA;CALL;Dic-26;15,00;20.65;23,88;0,99;;4
03/08/26;IBERDROLA;CALL;Dic-26;16,00;20.65;22,60;0,98;;4
03/08/26;IBERDROLA;CALL;Dic-26;17,00;20.65;21,32;0,95;;6.500
03/08/26;IBERDROLA;CALL;Dic-26;17,50;20.65;20,69;0,92;;2
03/08/26;IBERDROLA;CALL;Dic-26;18,00;20.65;20,05;0,89;3;6.001
03/08/26;IBERDROLA;CALL;Dic-26;18,50;20.65;19,41;0,85;;32
03/08/26;IBERDROLA;CALL;Dic-26;19,00;20.65;18,77;0,80;;342
03/08/26;IBERDROLA;CALL;Dic-26;19,50;20.65;18,14;0,74;;26.516
03/08/26;IBERDROLA;CALL;Dic-26;20,00;20.65;17,50;0,67;;7.518
03/08/26;IBERDROLA;CALL;Dic-26;20,50;20.65;16,86;0,58;;3
03/08/26;IBERDROLA;CALL;Dic-26;21,00;20.65;16,60;0,49;;302
03/08/26;IBERDROLA;CALL;Dic-26;21,50;20.65;16,51;0,40;;10
03/08/26;IBERDROLA;CALL;Dic-26;22,00;20.65;16,41;0,31;;110
03/08/26;IBERDROLA;CALL;Dic-26;22,50;20.65;16,31;0,24;;522
03/08/26;IBERDROLA;CALL;Dic-26;23,00;20.65;16,21;0,17;;105
03/08/26;IBERDROLA;CALL;Dic-26;23,50;20.65;16,12;0,12;;8
03/08/26;IBERDROLA;CALL;Dic-26;24,00;20.65;16,02;0,08;;1
03/08/26;IBERDROLA;CALL;Dic-26;25,00;20.65;15,83;0,03;;1
03/08/26;IBERDROLA;CALL;Mar-27;12,00;20.65;27,06;1,00;;5
03/08/26;IBERDROLA;CALL;Mar-27;16,00;20.65;22,67;0,95;;10
03/08/26;IBERDROLA;CALL;Mar-27;16,50;20.65;22,13;0,94;;5
03/08/26;IBERDROLA;CALL;Mar-27;18,00;20.65;20,48;0,85;;4
03/08/26;IBERDROLA;CALL;Mar-27;19,50;20.65;18,83;0,71;;12
03/08/26;IBERDROLA;CALL;Mar-27;20,00;20.65;18,28;0,64;;100
03/08/26;IBERDROLA;CALL;Mar-27;21,00;20.65;17,49;0,50;;496
03/08/26;IBERDROLA;CALL;Mar-27;22,00;20.65;17,24;0,36;;20
03/08/26;IBERDROLA;CALL;Mar-27;23,00;20.65;17,00;0,24;;255
03/08/26;IBERDROLA;CALL;Mar-27;24,00;20.65;16,76;0,15;;10
03/08/26;IBERDROLA;CALL;Mar-27;26,00;20.65;16,27;0,04;;17
03/08/26;IBERDROLA;CALL;Jun-27;17,00;20.65;21,58;0,87;;100
03/08/26;IBERDROLA;CALL;Jun-27;17,50;20.65;21,09;0,84;;100
03/08/26;IBERDROLA;CALL;Jun-27;18,00;20.65;20,61;0,81;;1
03/08/26;IBERDROLA;CALL;Jun-27;18,50;20.65;20,12;0,77;;7
03/08/26;IBERDROLA;CALL;Jun-27;19,00;20.65;19,64;0,73;;5.500
03/08/26;IBERDROLA;CALL;Jun-27;19,50;20.65;19,15;0,68;;7
03/08/26;IBERDROLA;CALL;Jun-27;20,00;20.65;18,67;0,63;;100
03/08/26;IBERDROLA;CALL;Jun-27;21,00;20.65;17,96;0,52;;1.005
03/08/26;IBERDROLA;CALL;Jun-27;22,00;20.65;17,73;0,41;;1
03/08/26;IBERDROLA;CALL;Jun-27;23,00;20.65;17,51;0,30;;100
03/08/26;IBERDROLA;CALL;Sep-27;16,50;20.65;22,23;0,89;;10.100
03/08/26;IBERDROLA;CALL;Sep-27;17,00;20.65;21,79;0,86;;100
03/08/26;IBERDROLA;CALL;Sep-27;17,50;20.65;21,35;0,83;;100
03/08/26;IBERDROLA;CALL;Sep-27;19,50;20.65;19,57;0,67;5;16
03/08/26;IBERDROLA;CALL;Dic-27;10,00;20.65;28,10;1,00;;30
03/08/26;IBERDROLA;CALL;Dic-27;13,00;20.65;25,53;0,98;;50
03/08/26;IBERDROLA;CALL;Dic-27;14,00;20.65;24,68;0,96;;5
03/08/26;IBERDROLA;CALL;Dic-27;15,00;20.65;23,82;0,93;;5
03/08/26;IBERDROLA;CALL;Dic-27;16,00;20.65;22,97;0,89;;26
03/08/26;IBERDROLA;CALL;Dic-27;16,50;20.65;22,54;0,86;;25
03/08/26;IBERDROLA;CALL;Dic-27;17,00;20.65;22,11;0,84;;7.530
03/08/26;IBERDROLA;CALL;Dic-27;17,50;20.65;21,68;0,81;;25
03/08/26;IBERDROLA;CALL;Dic-27;18,00;20.65;21,26;0,77;;10.000
03/08/26;IBERDROLA;CALL;Dic-27;18,50;20.65;20,83;0,74;;251
03/08/26;IBERDROLA;CALL;Dic-27;19,00;20.65;20,40;0,70;;157
03/08/26;IBERDROLA;CALL;Dic-27;19,50;20.65;19,97;0,66;;395
03/08/26;IBERDROLA;CALL;Dic-27;20,00;20.65;19,55;0,62;25;13.260
03/08/26;IBERDROLA;CALL;Dic-27;21,00;20.65;18,93;0,52;;6.020
03/08/26;IBERDROLA;CALL;Dic-27;22,00;20.65;18,75;0,44;;5.004
03/08/26;IBERDROLA;CALL;Dic-27;23,00;20.65;18,57;0,35;;6
03/08/26;IBERDROLA;CALL;Dic-27;24,00;20.65;18,40;0,28;;2.757
03/08/26;IBERDROLA;CALL;Dic-27;25,00;20.65;18,22;0,21;;2
03/08/26;IBERDROLA;CALL;Mar-28;19,00;20.65;20,38;0,69;;1
03/08/26;IBERDROLA;CALL;Mar-28;20,00;20.65;19,56;0,61;;101
03/08/26;IBERDROLA;CALL;Mar-28;21,00;20.65;18,96;0,53;;6
03/08/26;IBERDROLA;CALL;Mar-28;26,00;20.65;18,07;0,18;;1
03/08/26;IBERDROLA;CALL;Jun-28;10,00;20.65;27,49;1,00;1;4
03/08/26;IBERDROLA;CALL;Jun-28;22,50;20.65;19,00;0,42;;7
03/08/26;IBERDROLA;CALL;Jun-28;28,00;20.65;18,29;0,13;;15
03/08/26;IBERDROLA;CALL;Dic-28;16,00;20.65;22,46;0,86;;5.000
03/08/26;IBERDROLA;CALL;Dic-28;18,00;20.65;21,04;0,74;;500
03/08/26;IBERDROLA;CALL;Dic-28;18,50;20.65;20,69;0,71;;25
03/08/26;IBERDROLA;CALL;Dic-28;19,00;20.65;20,33;0,67;;1
03/08/26;IBERDROLA;CALL;Dic-28;24,00;20.65;18,84;0,34;;15
03/08/26;IBERDROLA;CALL;Dic-29;15,00;20.65;23,12;0,89;;1
03/08/26;IBERDROLA;CALL;Dic-29;18,00;20.65;21,13;0,72;;6.000
03/08/26;IBERDROLA;CALL;Dic-29;19,00;20.65;20,47;0,66;;25
03/08/26;IBERDROLA;CALL;Dic-29;21,50;20.65;19,33;0,51;;1
03/08/26;IBERDROLA;CALL;Dic-30;18,00;20.65;22,40;0,71;;245
03/08/26;IBERDROLA;PUT;Ago-26;19,00;20.65;17,28;-0,01;;55.000
03/08/26;IBERDROLA;PUT;Ago-26;19,50;20.65;16,61;-0,06;;3
03/08/26;IBERDROLA;PUT;Ago-26;20,00;20.65;15,94;-0,17;;122
03/08/26;IBERDROLA;PUT;Ago-26;20,50;20.65;15,27;-0,40;1;20
03/08/26;IBERDROLA;PUT;Ago-26;21,00;20.65;15,06;-0,68;;34
03/08/26;IBERDROLA;PUT;Ago-26;21,50;20.65;15,04;-0,89;;26
03/08/26;IBERDROLA;PUT;Ago-26;30,00;20.65;14,77;-1,00;;5
03/08/26;IBERDROLA;PUT;Sep-26;9,75;20.65;28,49;;;25
03/08/26;IBERDROLA;PUT;Sep-26;13,00;20.65;24,29;;;153
03/08/26;IBERDROLA;PUT;Sep-26;13,50;20.65;23,64;;;44
03/08/26;IBERDROLA;PUT;Sep-26;14,00;20.65;23,00;;;135
03/08/26;IBERDROLA;PUT;Sep-26;14,50;20.65;22,35;;;135
03/08/26;IBERDROLA;PUT;Sep-26;15,00;20.65;21,71;;;51
03/08/26;IBERDROLA;PUT;Sep-26;15,50;20.65;21,06;;;12
03/08/26;IBERDROLA;PUT;Sep-26;16,00;20.65;20,41;;;1
03/08/26;IBERDROLA;PUT;Sep-26;16,50;20.65;19,77;;;63
03/08/26;IBERDROLA;PUT;Sep-26;17,00;20.65;19,12;;;5.020
03/08/26;IBERDROLA;PUT;Sep-26;17,50;20.65;18,48;;;12
03/08/26;IBERDROLA;PUT;Sep-26;18,00;20.65;17,83;-0,01;;540
03/08/26;IBERDROLA;PUT;Sep-26;18,50;20.65;17,19;-0,03;;30.000
03/08/26;IBERDROLA;PUT;Sep-26;19,00;20.65;16,54;-0,07;;18.000
03/08/26;IBERDROLA;PUT;Sep-26;19,50;20.65;15,90;-0,14;;12.496
03/08/26;IBERDROLA;PUT;Sep-26;20,00;20.65;15,25;-0,25;;5.116
03/08/26;IBERDROLA;PUT;Sep-26;20,50;20.65;14,60;-0,42;3;253
03/08/26;IBERDROLA;PUT;Sep-26;21,00;20.65;14,39;-0,61;;2.513
03/08/26;IBERDROLA;PUT;Sep-26;21,50;20.65;14,36;-0,78;;2.504
03/08/26;IBERDROLA;PUT;Sep-26;22,00;20.65;14,32;-0,90;;10
03/08/26;IBERDROLA;PUT;Sep-26;22,50;20.65;14,29;-0,99;;30
03/08/26;IBERDROLA;PUT;Dic-26;9,00;20.65;30,48;;;2.000
03/08/26;IBERDROLA;PUT;Dic-26;9,50;20.65;29,84;;;2
03/08/26;IBERDROLA;PUT;Dic-26;9,75;20.65;29,52;;;25
03/08/26;IBERDROLA;PUT;Dic-26;10,50;20.65;28,56;;;502
03/08/26;IBERDROLA;PUT;Dic-26;11,00;20.65;27,93;;;1.348
03/08/26;IBERDROLA;PUT;Dic-26;11,50;20.65;27,29;;;26
03/08/26;IBERDROLA;PUT;Dic-26;12,00;20.65;26,65;;;10.150
03/08/26;IBERDROLA;PUT;Dic-26;13,00;20.65;25,38;;;21
03/08/26;IBERDROLA;PUT;Dic-26;13,50;20.65;24,74;;;10.000
03/08/26;IBERDROLA;PUT;Dic-26;14,00;20.65;24,10;;;15.010
03/08/26;IBERDROLA;PUT;Dic-26;14,50;20.65;23,46;;;10
03/08/26;IBERDROLA;PUT;Dic-26;15,00;20.65;22,83;-0,01;;2
03/08/26;IBERDROLA;PUT;Dic-26;15,50;20.65;22,19;-0,01;;30
03/08/26;IBERDROLA;PUT;Dic-26;16,00;20.65;21,55;-0,02;;34.287
03/08/26;IBERDROLA;PUT;Dic-26;16,50;20.65;20,91;-0,03;;255
03/08/26;IBERDROLA;PUT;Dic-26;17,00;20.65;20,27;-0,05;;67.047
03/08/26;IBERDROLA;PUT;Dic-26;17,50;20.65;19,64;-0,07;;10.005
03/08/26;IBERDROLA;PUT;Dic-26;18,00;20.65;19,00;-0,10;;83.779
03/08/26;IBERDROLA;PUT;Dic-26;18,50;20.65;18,36;-0,14;;7.407
03/08/26;IBERDROLA;PUT;Dic-26;19,00;20.65;17,72;-0,19;;2
03/08/26;IBERDROLA;PUT;Dic-26;19,50;20.65;17,09;-0,25;;16.528
03/08/26;IBERDROLA;PUT;Dic-26;20,00;20.65;16,45;-0,33;5;81.015
03/08/26;IBERDROLA;PUT;Dic-26;20,50;20.65;15,81;-0,43;;1
03/08/26;IBERDROLA;PUT;Dic-26;21,00;20.65;15,55;-0,53;;888
03/08/26;IBERDROLA;PUT;Dic-26;21,50;20.65;15,46;-0,63;;12
03/08/26;IBERDROLA;PUT;Dic-26;22,00;20.65;15,36;-0,73;;2
03/08/26;IBERDROLA;PUT;Mar-27;10,50;20.65;27,47;;;1
03/08/26;IBERDROLA;PUT;Mar-27;14,00;20.65;23,63;-0,01;;1
03/08/26;IBERDROLA;PUT;Mar-27;15,00;20.65;22,53;-0,03;;1
03/08/26;IBERDROLA;PUT;Mar-27;16,00;20.65;21,43;-0,05;;14
03/08/26;IBERDROLA;PUT;Mar-27;16,50;20.65;20,89;-0,07;;4
03/08/26;IBERDROLA;PUT;Mar-27;18,00;20.65;19,24;-0,16;;4
03/08/26;IBERDROLA;PUT;Mar-27;18,50;20.65;18,69;-0,21;;2
03/08/26;IBERDROLA;PUT;Mar-27;19,00;20.65;18,14;-0,26;;1
03/08/26;IBERDROLA;PUT;Mar-27;19,50;20.65;17,59;-0,32;;302
03/08/26;IBERDROLA;PUT;Mar-27;20,00;20.65;17,04;-0,38;;60
03/08/26;IBERDROLA;PUT;Mar-27;24,00;20.65;15,52;-0,89;;1
03/08/26;IBERDROLA;PUT;Jun-27;15,00;20.65;22,45;-0,05;;10
03/08/26;IBERDROLA;PUT;Jun-27;16,00;20.65;21,48;-0,08;;1.020
03/08/26;IBERDROLA;PUT;Jun-27;17,00;20.65;20,52;-0,13;;5.502
03/08/26;IBERDROLA;PUT;Jun-27;17,50;20.65;20,03;-0,16;;5
03/08/26;IBERDROLA;PUT;Jun-27;18,00;20.65;19,55;-0,19;;9
03/08/26;IBERDROLA;PUT;Jun-27;19,00;20.65;18,58;-0,28;;9
03/08/26;IBERDROLA;PUT;Jun-27;19,50;20.65;18,09;-0,33;;50
03/08/26;IBERDROLA;PUT;Jun-27;20,00;20.65;17,61;-0,39;;7.513
03/08/26;IBERDROLA;PUT;Jun-27;23,00;20.65;16,45;-0,75;;1
03/08/26;IBERDROLA;PUT;Sep-27;16,00;20.65;21,47;-0,12;;35.000
03/08/26;IBERDROLA;PUT;Sep-27;16,50;20.65;21,02;-0,14;;200
03/08/26;IBERDROLA;PUT;Sep-27;17,00;20.65;20,58;-0,17;;100
03/08/26;IBERDROLA;PUT;Sep-27;17,50;20.65;20,14;-0,20;;200
03/08/26;IBERDROLA;PUT;Sep-27;18,00;20.65;19,69;-0,24;;5.300
03/08/26;IBERDROLA;PUT;Sep-27;19,00;20.65;18,80;-0,32;;50
03/08/26;IBERDROLA;PUT;Sep-27;19,50;20.65;18,36;-0,37;;50
03/08/26;IBERDROLA;PUT;Sep-27;20,00;20.65;17,92;-0,42;;25
03/08/26;IBERDROLA;PUT;Sep-27;20,50;20.65;17,47;-0,47;;50
03/08/26;IBERDROLA;PUT;Dic-27;9,50;20.65;26,69;;;2.000
03/08/26;IBERDROLA;PUT;Dic-27;10,00;20.65;26,26;-0,01;;5
03/08/26;IBERDROLA;PUT;Dic-27;11,50;20.65;24,98;-0,02;;1.800
03/08/26;IBERDROLA;PUT;Dic-27;12,00;20.65;24,55;-0,02;;30.000
03/08/26;IBERDROLA;PUT;Dic-27;13,00;20.65;23,69;-0,04;;35.000
03/08/26;IBERDROLA;PUT;Dic-27;14,00;20.65;22,84;-0,06;;10.000
03/08/26;IBERDROLA;PUT;Dic-27;14,50;20.65;22,41;-0,07;;20.000
03/08/26;IBERDROLA;PUT;Dic-27;16,00;20.65;21,13;-0,13;;25.000
03/08/26;IBERDROLA;PUT;Dic-27;16,50;20.65;20,70;-0,15;;2
03/08/26;IBERDROLA;PUT;Dic-27;17,00;20.65;20,27;-0,18;;2.750
03/08/26;IBERDROLA;PUT;Dic-27;17,50;20.65;19,84;-0,21;;460
03/08/26;IBERDROLA;PUT;Dic-27;18,00;20.65;19,42;-0,25;;409
03/08/26;IBERDROLA;PUT;Dic-27;18,50;20.65;18,99;-0,28;;175
03/08/26;IBERDROLA;PUT;Dic-27;19,00;20.65;18,56;-0,33;;1.811
03/08/26;IBERDROLA;PUT;Dic-27;19,50;20.65;18,13;-0,37;;25
03/08/26;IBERDROLA;PUT;Dic-27;20,00;20.65;17,71;-0,42;;6.750
03/08/26;IBERDROLA;PUT;Dic-27;22,00;20.65;16,91;-0,62;;50
03/08/26;IBERDROLA;PUT;Mar-28;18,00;20.65;18,98;-0,26;;200
03/08/26;IBERDROLA;PUT;Jun-28;13,00;20.65;22,45;-0,05;;150
03/08/26;IBERDROLA;PUT;Jun-28;14,00;20.65;21,67;-0,07;;150
03/08/26;IBERDROLA;PUT;Dic-28;15,00;20.65;19,96;-0,13;;5.000
03/08/26;IBERDROLA;PUT;Dic-28;21,50;20.65;15,87;-0,56;;4.000
03/08/26;IBERDROLA;PUT;Dic-28;24,00;20.65;15,63;-0,73;;1
03/08/26;IBERDROLA;PUT;Dic-29;19,00;20.65;16,68;-0,38;;2
03/08/26;IBERDROLA;PUT;Dic-30;14,50;20.65;19,33;-0,17;;5
03/08/26;IBERDROLA;CALL;Ago-26;22,00;20.65;15,46;0,04;;1.035
03/08/26;IBERDROLA;CALL;Ago-26;23,00;20.65;15,42;;;2.050
03/08/26;IBERDROLA;CALL;Sep-26;13,50;20.65;24,36;1,00;;150
03/08/26;IBERDROLA;CALL;Sep-26;14,00;20.65;23,72;1,00;;300
03/08/26;IBERDROLA;CALL;Sep-26;20,00;20.65;15,97;0,74;;160
03/08/26;IBERDROLA;CALL;Sep-26;20,00;20.65;15,97;0,74;;10
03/08/26;IBERDROLA;CALL;Sep-26;21,00;20.65;15,11;0,41;;1
03/08/26;IBERDROLA;CALL;Sep-26;22,00;20.65;15,04;0,14;2.043;2.043
03/08/26;IBERDROLA;CALL;Dic-26;14,50;20.65;24,51;0,98;;510
03/08/26;IBERDROLA;CALL;Dic-26;18,00;20.65;20,05;0,89;;10
03/08/26;IBERDROLA;CALL;Dic-26;18,50;20.65;19,41;0,85;;200
03/08/26;IBERDROLA;CALL;Dic-26;19,00;20.65;18,77;0,80;;50
03/08/26;IBERDROLA;CALL;Dic-26;20,00;20.65;17,50;0,66;;10
03/08/26;IBERDROLA;CALL;Dic-26;20,50;20.65;16,86;0,58;1;1
03/08/26;IBERDROLA;CALL;Dic-26;22,00;20.65;16,41;0,31;;2
03/08/26;IBERDROLA;CALL;Jun-27;24,00;20.65;17,28;0,21;;5
03/08/26;IBERDROLA;CALL;Dic-27;12,00;20.65;26,39;0,94;;2.000
03/08/26;IBERDROLA;PUT;Ago-26;21,00;20.65;15,06;-0,67;;10
03/08/26;IBERDROLA;PUT;Sep-26;13,00;20.65;24,29;;;500
03/08/26;IBERDROLA;PUT;Sep-26;15,00;20.65;21,71;;;800
03/08/26;IBERDROLA;PUT;Sep-26;18,50;20.65;17,19;-0,03;;25
03/08/26;IBERDROLA;PUT;Sep-26;21,00;20.65;14,39;-0,60;;10
03/08/26;IBERDROLA;PUT;Dic-26;15,00;20.65;22,83;-0,01;;600
03/08/26;IBERDROLA;PUT;Dic-26;16,00;20.65;21,55;-0,02;;1
03/08/26;IBERDROLA;PUT;Dic-26;19,00;20.65;17,72;-0,18;;21
03/08/26;IBERDROLA;PUT;Dic-26;19,50;20.65;17,09;-0,25;;4
03/08/26;IBERDROLA;PUT;Dic-26;20,00;20.65;16,45;-0,32;;1
03/08/26;IBERDROLA;PUT;Dic-26;21,00;20.65;15,55;-0,51;;10
03/08/26;IBERDROLA;PUT;Dic-27;12,00;20.65;24,55;-0,02;;2.000
03/08/26;INDITEX;CALL;Ago-26;54,17;57.76;26,47;0,87;;1
03/08/26;INDITEX;CALL;Ago-26;56,11;57.76;24,64;0,72;;300
03/08/26;INDITEX;CALL;Ago-26;58,05;57.76;22,99;0,48;1;13
03/08/26;INDITEX;CALL;Ago-26;59,99;57.76;22,36;0,24;;300
03/08/26;INDITEX;CALL;Sep-26;40,63;57.76;39,92;1,00;;25
03/08/26;INDITEX;CALL;Sep-26;41,60;57.76;39,13;0,99;;50
03/08/26;INDITEX;CALL;Sep-26;43,54;57.76;37,55;0,99;;50
03/08/26;INDITEX;CALL;Sep-26;44,49;57.76;36,78;0,98;;25
03/08/26;INDITEX;CALL;Sep-26;45,47;57.76;35,98;0,97;;75
03/08/26;INDITEX;CALL;Sep-26;46,44;57.76;35,19;0,97;;50
03/08/26;INDITEX;CALL;Sep-26;47,41;57.76;34,40;0,96;;50
03/08/26;INDITEX;CALL;Sep-26;48,38;57.76;33,61;0,94;;25
03/08/26;INDITEX;CALL;Sep-26;50,31;57.76;32,04;0,90;;25
03/08/26;INDITEX;CALL;Sep-26;52,00;57.76;30,67;0,85;;1
03/08/26;INDITEX;CALL;Sep-26;52,25;57.76;30,46;0,84;;100
03/08/26;INDITEX;CALL;Sep-26;54,17;57.76;28,90;0,76;;382
03/08/26;INDITEX;CALL;Sep-26;56,11;57.76;27,32;0,65;;1.757
03/08/26;INDITEX;CALL;Sep-26;58,05;57.76;25,91;0,51;;22
03/08/26;INDITEX;CALL;Sep-26;59,99;57.76;25,45;0,37;1;233
03/08/26;INDITEX;CALL;Sep-26;61,92;57.76;25,00;0,24;;25
03/08/26;INDITEX;CALL;Sep-26;65,78;57.76;24,08;0,07;;10
03/08/26;INDITEX;CALL;Oct-26;63,85;57.76;23,69;0,20;;100
03/08/26;INDITEX;CALL;Dic-26;35,80;57.76;39,36;0,99;;3
03/08/26;INDITEX;CALL;Dic-26;38,70;57.76;37,57;0,98;;1
03/08/26;INDITEX;CALL;Dic-26;39,67;57.76;36,97;0,97;;52
03/08/26;INDITEX;CALL;Dic-26;40,63;57.76;36,38;0,96;;25
03/08/26;INDITEX;CALL;Dic-26;44,49;57.76;33,99;0,92;;120
03/08/26;INDITEX;CALL;Dic-26;46,44;57.76;32,79;0,89;;26
03/08/26;INDITEX;CALL;Dic-26;47,41;57.76;32,19;0,87;;325
03/08/26;INDITEX;CALL;Dic-26;48,38;57.76;31,59;0,85;;400
03/08/26;INDITEX;CALL;Dic-26;50,31;57.76;30,40;0,81;;50
03/08/26;INDITEX;CALL;Dic-26;52,25;57.76;29,20;0,75;;31
03/08/26;INDITEX;CALL;Dic-26;54,17;57.76;28,02;0,69;;59
03/08/26;INDITEX;CALL;Dic-26;56,11;57.76;26,82;0,61;;149
03/08/26;INDITEX;CALL;Dic-26;58,05;57.76;25,74;0,53;;645
03/08/26;INDITEX;CALL;Dic-26;59,99;57.76;25,38;0,44;;201
03/08/26;INDITEX;CALL;Dic-26;61,92;57.76;25,01;0,36;;253
03/08/26;INDITEX;CALL;Dic-26;63,85;57.76;24,64;0,29;;220
03/08/26;INDITEX;CALL;Dic-26;65,78;57.76;24,27;0,22;;16
03/08/26;INDITEX;CALL;Dic-26;67,72;57.76;23,90;0,16;;15
03/08/26;INDITEX;CALL;Dic-26;69,66;57.76;23,53;0,12;;11
03/08/26;INDITEX;CALL;Dic-26;71,60;57.76;23,16;0,08;2;3
03/08/26;INDITEX;CALL;Mar-27;52,25;57.76;29,11;0,72;;100
03/08/26;INDITEX;CALL;Mar-27;54,17;57.76;28,05;0,67;;3
03/08/26;INDITEX;CALL;Mar-27;63,85;57.76;25,04;0,36;;400
03/08/26;INDITEX;CALL;Mar-27;65,78;57.76;24,72;0,30;;300
03/08/26;INDITEX;CALL;Mar-27;67,72;57.76;24,39;0,25;;75
03/08/26;INDITEX;CALL;Mar-27;69,66;57.76;24,07;0,20;;25
03/08/26;INDITEX;CALL;Mar-27;71,60;57.76;23,74;0,16;;20
03/08/26;INDITEX;CALL;Mar-27;73,53;57.76;23,42;0,12;;20
03/08/26;INDITEX;CALL;Jun-27;38,70;57.76;35,66;0,93;;150
03/08/26;INDITEX;CALL;Jun-27;45,47;57.76;32,49;0,84;;25
03/08/26;INDITEX;CALL;Jun-27;46,44;57.76;32,04;0,83;;5
03/08/26;INDITEX;CALL;Jun-27;50,31;57.76;30,23;0,75;;25
03/08/26;INDITEX;CALL;Jun-27;58,05;57.76;26,70;0,56;;150
03/08/26;INDITEX;CALL;Jun-27;59,99;57.76;26,40;0,50;;155
03/08/26;INDITEX;CALL;Jun-27;61,92;57.76;26,10;0,45;;100
03/08/26;INDITEX;CALL;Jun-27;69,66;57.76;24,90;0,25;;100
03/08/26;INDITEX;CALL;Jun-27;71,60;57.76;24,59;0,21;;25
03/08/26;INDITEX;CALL;Jun-27;73,53;57.76;24,29;0,18;;50
03/08/26;INDITEX;CALL;Sep-27;59,99;57.76;26,45;0,51;;25
03/08/26;INDITEX;CALL;Sep-27;63,85;57.76;25,89;0,42;;25
03/08/26;INDITEX;CALL;Sep-27;69,66;57.76;25,05;0,29;;1
03/08/26;INDITEX;CALL;Sep-27;71,60;57.76;24,77;0,25;;25
03/08/26;INDITEX;CALL;Dic-27;37,73;57.76;34,80;0,91;;25
03/08/26;INDITEX;CALL;Dic-27;38,70;57.76;34,44;0,90;;1
03/08/26;INDITEX;CALL;Dic-27;39,67;57.76;34,08;0,89;;1
03/08/26;INDITEX;CALL;Dic-27;43,54;57.76;32,62;0,84;;50
03/08/26;INDITEX;CALL;Dic-27;45,47;57.76;31,90;0,81;;25
03/08/26;INDITEX;CALL;Dic-27;47,41;57.76;31,17;0,78;;25
03/08/26;INDITEX;CALL;Dic-27;52,25;57.76;29,36;0,69;;25
03/08/26;INDITEX;CALL;Dic-27;54,17;57.76;28,64;0,65;;25
03/08/26;INDITEX;CALL;Dic-27;59,99;57.76;26,98;0,53;;25
03/08/26;INDITEX;CALL;Dic-27;61,92;57.76;26,71;0,49;;175
03/08/26;INDITEX;CALL;Dic-27;63,85;57.76;26,45;0,45;;200
03/08/26;INDITEX;CALL;Dic-27;65,78;57.76;26,18;0,41;;10
03/08/26;INDITEX;CALL;Dic-27;71,60;57.76;25,37;0,29;;1
03/08/26;INDITEX;CALL;Mar-28;33,30;57.76;36,73;0,94;;1
03/08/26;INDITEX;CALL;Mar-28;52,89;57.76;29,26;0,68;;50
03/08/26;INDITEX;CALL;Mar-28;54,86;57.76;28,51;0,64;;75
03/08/26;INDITEX;CALL;Mar-28;56,81;57.76;27,77;0,61;;75
03/08/26;INDITEX;CALL;Mar-28;58,77;57.76;27,26;0,57;;50
03/08/26;INDITEX;CALL;Mar-28;60,73;57.76;26,98;0,53;;25
03/08/26;INDITEX;CALL;Mar-28;64,65;57.76;26,42;0,45;;25
03/08/26;INDITEX;CALL;Mar-28;66,60;57.76;26,13;0,41;;25
03/08/26;INDITEX;CALL;Mar-28;68,56;57.76;25,85;0,38;;25
03/08/26;INDITEX;CALL;Mar-28;70,53;57.76;25,57;0,34;;25
03/08/26;INDITEX;CALL;Mar-28;72,49;57.76;25,28;0,31;;25
03/08/26;INDITEX;CALL;Jun-28;42,12;57.76;33,25;0,84;;25
03/08/26;INDITEX;CALL;Jun-28;43,10;57.76;32,88;0,83;;25
03/08/26;INDITEX;CALL;Jun-28;56,81;57.76;27,82;0,61;;25
03/08/26;INDITEX;CALL;Jun-28;58,77;57.76;27,34;0,57;;50
03/08/26;INDITEX;CALL;Jun-28;66,60;57.76;26,30;0,43;;50
03/08/26;INDITEX;CALL;Jun-28;68,56;57.76;26,04;0,39;;25
03/08/26;INDITEX;CALL;Jun-28;70,53;57.76;25,77;0,36;;25
03/08/26;INDITEX;CALL;Jun-28;72,49;57.76;25,51;0,33;;25
03/08/26;INDITEX;CALL;Dic-28;49,44;57.76;29,90;0,73;;2
03/08/26;INDITEX;CALL;Dic-28;67,24;57.76;26,28;0,45;;490
03/08/26;INDITEX;CALL;Dic-29;43,51;57.76;29,50;0,80;;220
03/08/26;INDITEX;PUT;Ago-26;39,67;57.76;40,24;;;100
03/08/26;INDITEX;PUT;Ago-26;41,60;57.76;38,42;;;150
03/08/26;INDITEX;PUT;Ago-26;43,54;57.76;36,60;;;150
03/08/26;INDITEX;PUT;Ago-26;44,49;57.76;35,70;;;2
03/08/26;INDITEX;PUT;Ago-26;46,44;57.76;33,87;;;1
03/08/26;INDITEX;PUT;Ago-26;48,38;57.76;32,04;-0,01;;1
03/08/26;INDITEX;PUT;Ago-26;50,31;57.76;30,23;-0,02;;12
03/08/26;INDITEX;PUT;Ago-26;52,25;57.76;28,40;-0,05;;4
03/08/26;INDITEX;PUT;Ago-26;54,17;57.76;26,60;-0,13;;6
03/08/26;INDITEX;PUT;Ago-26;56,11;57.76;24,77;-0,28;1;1
03/08/26;INDITEX;PUT;Sep-26;35,80;57.76;43,46;;;1
03/08/26;INDITEX;PUT;Sep-26;36,76;57.76;42,68;;;27
03/08/26;INDITEX;PUT;Sep-26;38,70;57.76;41,10;;1;25
03/08/26;INDITEX;PUT;Sep-26;39,67;57.76;40,31;;;26
03/08/26;INDITEX;PUT;Sep-26;40,63;57.76;39,53;;;28
03/08/26;INDITEX;PUT;Sep-26;41,60;57.76;38,74;-0,01;;240
03/08/26;INDITEX;PUT;Sep-26;42,57;57.76;37,95;-0,01;;300
03/08/26;INDITEX;PUT;Sep-26;43,54;57.76;37,16;-0,01;;35
03/08/26;INDITEX;PUT;Sep-26;44,49;57.76;36,39;-0,02;;61
03/08/26;INDITEX;PUT;Sep-26;45,47;57.76;35,59;-0,02;;51
03/08/26;INDITEX;PUT;Sep-26;46,44;57.76;34,80;-0,03;;75
03/08/26;INDITEX;PUT;Sep-26;47,41;57.76;34,01;-0,04;;30
03/08/26;INDITEX;PUT;Sep-26;48,38;57.76;33,22;-0,06;;82
03/08/26;INDITEX;PUT;Sep-26;50,31;57.76;31,65;-0,10;;101
03/08/26;INDITEX;PUT;Sep-26;52,00;57.76;30,28;-0,15;;4.005
03/08/26;INDITEX;PUT;Sep-26;52,25;57.76;30,07;-0,16;;26
03/08/26;INDITEX;PUT;Sep-26;54,17;57.76;28,51;-0,24;;375
03/08/26;INDITEX;PUT;Sep-26;58,05;57.76;25,52;-0,49;6;6
03/08/26;INDITEX;PUT;Oct-26;48,38;57.76;31,63;-0,09;;1
03/08/26;INDITEX;PUT;Oct-26;50,31;57.76;30,18;-0,13;;1
03/08/26;INDITEX;PUT;Dic-26;32,90;57.76;39,97;-0,01;;26
03/08/26;INDITEX;PUT;Dic-26;33,87;57.76;39,37;-0,01;;21
03/08/26;INDITEX;PUT;Dic-26;34,83;57.76;38,78;-0,01;;25
03/08/26;INDITEX;PUT;Dic-26;35,80;57.76;38,18;-0,01;;25
03/08/26;INDITEX;PUT;Dic-26;36,76;57.76;37,59;-0,02;;26
03/08/26;INDITEX;PUT;Dic-26;37,73;57.76;36,99;-0,02;;150
03/08/26;INDITEX;PUT;Dic-26;38,70;57.76;36,39;-0,03;;150
03/08/26;INDITEX;PUT;Dic-26;39,67;57.76;35,79;-0,03;1;21
03/08/26;INDITEX;PUT;Dic-26;40,63;57.76;35,20;-0,04;;12
03/08/26;INDITEX;PUT;Dic-26;41,60;57.76;34,60;-0,05;;86
03/08/26;INDITEX;PUT;Dic-26;42,57;57.76;34,00;-0,06;;150
03/08/26;INDITEX;PUT;Dic-26;43,54;57.76;33,40;-0,07;;75
03/08/26;INDITEX;PUT;Dic-26;44,49;57.76;32,81;-0,08;;62
03/08/26;INDITEX;PUT;Dic-26;45,47;57.76;32,21;-0,09;;26
03/08/26;INDITEX;PUT;Dic-26;46,44;57.76;31,61;-0,11;;34
03/08/26;INDITEX;PUT;Dic-26;47,41;57.76;31,01;-0,13;;2.400
03/08/26;INDITEX;PUT;Dic-26;48,38;57.76;30,41;-0,15;;77
03/08/26;INDITEX;PUT;Dic-26;50,31;57.76;29,22;-0,19;;170
03/08/26;INDITEX;PUT;Dic-26;52,25;57.76;28,02;-0,25;;25
03/08/26;INDITEX;PUT;Dic-26;54,17;57.76;26,84;-0,32;;25
03/08/26;INDITEX;PUT;Dic-26;56,11;57.76;25,64;-0,39;;210
03/08/26;INDITEX;PUT;Dic-26;59,99;57.76;24,20;-0,57;;176
03/08/26;INDITEX;PUT;Mar-27;33,87;57.76;37,71;-0,02;;50
03/08/26;INDITEX;PUT;Mar-27;34,83;57.76;37,17;-0,03;;50
03/08/26;INDITEX;PUT;Mar-27;35,80;57.76;36,64;-0,03;;75
03/08/26;INDITEX;PUT;Mar-27;36,76;57.76;36,10;-0,04;;75
03/08/26;INDITEX;PUT;Mar-27;37,73;57.76;35,57;-0,05;;25
03/08/26;INDITEX;PUT;Mar-27;38,70;57.76;35,03;-0,05;;25
03/08/26;INDITEX;PUT;Mar-27;39,67;57.76;34,49;-0,06;;53
03/08/26;INDITEX;PUT;Mar-27;40,63;57.76;33,96;-0,07;;78
03/08/26;INDITEX;PUT;Mar-27;41,60;57.76;33,42;-0,08;;1
03/08/26;INDITEX;PUT;Mar-27;42,57;57.76;32,89;-0,09;;1
03/08/26;INDITEX;PUT;Mar-27;44,49;57.76;31,82;-0,12;;8
03/08/26;INDITEX;PUT;Mar-27;45,47;57.76;31,28;-0,13;;3
03/08/26;INDITEX;PUT;Mar-27;50,00;57.76;28,77;-0,22;3.000;3.000
03/08/26;INDITEX;PUT;Mar-27;50,31;57.76;28,60;-0,22;;101
03/08/26;INDITEX;PUT;Jun-27;26,12;57.76;39,47;-0,01;;1
03/08/26;INDITEX;PUT;Jun-27;30,96;57.76;37,21;-0,02;;150
03/08/26;INDITEX;PUT;Jun-27;33,87;57.76;35,85;-0,04;;200
03/08/26;INDITEX;PUT;Jun-27;34,83;57.76;35,40;-0,05;;180
03/08/26;INDITEX;PUT;Jun-27;36,76;57.76;34,50;-0,06;;25
03/08/26;INDITEX;PUT;Jun-27;38,70;57.76;33,59;-0,08;;150
03/08/26;INDITEX;PUT;Jun-27;39,67;57.76;33,14;-0,09;;101
03/08/26;INDITEX;PUT;Jun-27;41,60;57.76;32,23;-0,11;;177
03/08/26;INDITEX;PUT;Jun-27;42,57;57.76;31,78;-0,12;;150
03/08/26;INDITEX;PUT;Jun-27;43,54;57.76;31,33;-0,13;;150
03/08/26;INDITEX;PUT;Jun-27;44,49;57.76;30,88;-0,15;;50
03/08/26;INDITEX;PUT;Jun-27;46,44;57.76;29,97;-0,18;;25
03/08/26;INDITEX;PUT;Jun-27;47,41;57.76;29,52;-0,20;;153
03/08/26;INDITEX;PUT;Jun-27;48,38;57.76;29,06;-0,22;;150
03/08/26;INDITEX;PUT;Jun-27;50,31;57.76;28,16;-0,26;;3
03/08/26;INDITEX;PUT;Jun-27;52,25;57.76;27,26;-0,30;;150
03/08/26;INDITEX;PUT;Jun-27;56,11;57.76;25,45;-0,41;;25
03/08/26;INDITEX;PUT;Jun-27;65,78;57.76;23,43;-0,69;;1
03/08/26;INDITEX;PUT;Sep-27;43,54;57.76;30,78;-0,15;;25
03/08/26;INDITEX;PUT;Sep-27;44,49;57.76;30,38;-0,16;;25
03/08/26;INDITEX;PUT;Sep-27;45,47;57.76;29,98;-0,18;;25
03/08/26;INDITEX;PUT;Sep-27;46,44;57.76;29,57;-0,19;;25
03/08/26;INDITEX;PUT;Sep-27;73,53;57.76;22,59;-0,83;;1
03/08/26;INDITEX;PUT;Dic-27;21,29;57.76;38,91;-0,01;;2
03/08/26;INDITEX;PUT;Dic-27;33,87;57.76;34,19;-0,06;;100
03/08/26;INDITEX;PUT;Dic-27;36,76;57.76;33,11;-0,08;;25
03/08/26;INDITEX;PUT;Dic-27;37,73;57.76;32,74;-0,09;;25
03/08/26;INDITEX;PUT;Dic-27;43,54;57.76;30,56;-0,16;;10
03/08/26;INDITEX;PUT;Dic-27;45,47;57.76;29,84;-0,19;;1.100
03/08/26;INDITEX;PUT;Dic-27;46,44;57.76;29,48;-0,20;;150
03/08/26;INDITEX;PUT;Dic-27;47,41;57.76;29,11;-0,22;;325
03/08/26;INDITEX;PUT;Dic-27;48,38;57.76;28,75;-0,24;;175
03/08/26;INDITEX;PUT;Dic-27;50,31;57.76;28,02;-0,27;;350
03/08/26;INDITEX;PUT;Dic-27;52,25;57.76;27,30;-0,31;;375
03/08/26;INDITEX;PUT;Dic-27;54,17;57.76;26,58;-0,35;;450
03/08/26;INDITEX;PUT;Dic-27;56,11;57.76;25,85;-0,40;;500
03/08/26;INDITEX;PUT;Dic-27;58,05;57.76;25,19;-0,45;;50
03/08/26;INDITEX;PUT;Dic-27;59,99;57.76;24,92;-0,49;;25
03/08/26;INDITEX;PUT;Jun-28;43,10;57.76;29,94;-0,18;;25
03/08/26;INDITEX;PUT;Jun-28;44,08;57.76;29,58;-0,19;;25
03/08/26;INDITEX;PUT;Jun-28;45,06;57.76;29,22;-0,20;;25
03/08/26;INDITEX;PUT;Jun-28;47,99;57.76;28,14;-0,25;;25
03/08/26;INDITEX;PUT;Dic-28;51,42;57.76;26,49;-0,31;;25
03/08/26;INDITEX;PUT;Dic-29;43,51;57.76;27,64;-0,20;;220
03/08/26;INDITEX;CALL;Ago-26;56,11;57.76;24,64;0,72;;3
03/08/26;INDITEX;CALL;Ago-26;57,35;57.76;23,48;0,57;;5
03/08/26;INDITEX;CALL;Ago-26;58,05;57.76;22,99;0,48;;2
03/08/26;INDITEX;CALL;Ago-26;59,33;57.76;22,57;0,31;;964
03/08/26;INDITEX;CALL;Ago-26;59,99;57.76;22,36;0,24;;3
03/08/26;INDITEX;CALL;Sep-26;49,44;57.76;32,75;0,92;;5
03/08/26;INDITEX;CALL;Sep-26;54,17;57.76;28,90;0,76;;7
03/08/26;INDITEX;CALL;Sep-26;56,11;57.76;27,32;0,64;;6
03/08/26;INDITEX;CALL;Sep-26;57,35;57.76;26,31;0,56;;5
03/08/26;INDITEX;CALL;Sep-26;58,05;57.76;25,91;0,51;;3
03/08/26;INDITEX;CALL;Sep-26;61,30;57.76;25,14;0,28;944;944
03/08/26;INDITEX;CALL;Sep-26;63,28;57.76;24,67;0,17;1.888;1.888
03/08/26;INDITEX;CALL;Dic-26;56,11;57.76;26,82;0,60;;26
03/08/26;INDITEX;CALL;Dic-26;58,05;57.76;25,74;0,52;;1
03/08/26;INDITEX;PUT;Ago-26;50,31;57.76;30,23;-0,02;;5
03/08/26;INDITEX;PUT;Ago-26;51,42;57.76;29,18;-0,03;;5
03/08/26;INDITEX;PUT;Sep-26;41,60;57.76;38,74;-0,01;;165
03/08/26;INDITEX;PUT;Sep-26;42,57;57.76;37,95;-0,01;;150
03/08/26;INDITEX;PUT;Sep-26;43,54;57.76;37,16;-0,01;;15
03/08/26;INDITEX;PUT;Sep-26;44,49;57.76;36,39;-0,02;;10
03/08/26;INDITEX;PUT;Sep-26;50,31;57.76;31,65;-0,10;;6
03/08/26;INDITEX;PUT;Sep-26;54,17;57.76;28,51;-0,24;;13
03/08/26;INDITEX;PUT;Dic-26;42,57;57.76;34,00;-0,06;;20
03/08/26;INDITEX;PUT;Dic-26;46,44;57.76;31,61;-0,11;;1
03/08/26;INDITEX;PUT;Mar-27;42,57;57.76;32,89;-0,09;;1
03/08/26;INDITEX;PUT;Mar-27;47,41;57.76;30,20;-0,16;;1
03/08/26;INDITEX;PUT;Dic-27;59,99;57.76;24,92;-0,46;;10
03/08/26;INDRA;CALL;Ago-26;48,00;58.58;52,67;0,96;;6
03/08/26;INDRA;CALL;Ago-26;49,00;58.58;52,06;0,95;;75
03/08/26;INDRA;CALL;Ago-26;50,00;58.58;51,44;0,93;;25
03/08/26;INDRA;CALL;Ago-26;52,00;58.58;50,21;0,87;;46
03/08/26;INDRA;CALL;Ago-26;54,00;58.58;48,98;0,79;;8
03/08/26;INDRA;CALL;Ago-26;56,00;58.58;47,76;0,69;1;137
03/08/26;INDRA;CALL;Ago-26;58,00;58.58;46,53;0,56;;6
03/08/26;INDRA;CALL;Ago-26;60,00;58.58;45,60;0,43;129;135
03/08/26;INDRA;CALL;Ago-26;62,00;58.58;44,79;0,30;;7
03/08/26;INDRA;CALL;Ago-26;64,00;58.58;43,98;0,20;;3
03/08/26;INDRA;CALL;Ago-26;66,00;58.58;43,17;0,12;;1
03/08/26;INDRA;CALL;Sep-26;18,00;58.58;61,92;1,00;;1
03/08/26;INDRA;CALL;Sep-26;26,00;58.58;58,37;1,00;;1
03/08/26;INDRA;CALL;Sep-26;37,00;58.58;53,49;0,99;;28
03/08/26;INDRA;CALL;Sep-26;47,00;58.58;49,05;0,91;;1
03/08/26;INDRA;CALL;Sep-26;48,00;58.58;48,61;0,90;1;
03/08/26;INDRA;CALL;Sep-26;50,00;58.58;47,72;0,85;;84
03/08/26;INDRA;CALL;Sep-26;52,00;58.58;46,83;0,79;2;11
03/08/26;INDRA;CALL;Sep-26;54,00;58.58;45,94;0,72;;11
03/08/26;INDRA;CALL;Sep-26;56,00;58.58;45,06;0,65;;1
03/08/26;INDRA;CALL;Sep-26;60,00;58.58;43,55;0,48;;20
03/08/26;INDRA;CALL;Sep-26;62,00;58.58;43,03;0,39;;6
03/08/26;INDRA;CALL;Sep-26;64,00;58.58;42,52;0,31;;2
03/08/26;INDRA;CALL;Sep-26;66,00;58.58;42,01;0,24;;3
03/08/26;INDRA;CALL;Sep-26;68,00;58.58;41,50;0,18;;5
03/08/26;INDRA;CALL;Sep-26;70,00;58.58;40,99;0,13;;97
03/08/26;INDRA;CALL;Dic-26;30,00;58.58;54,80;0,99;;25
03/08/26;INDRA;CALL;Dic-26;31,00;58.58;54,47;0,98;;25
03/08/26;INDRA;CALL;Dic-26;32,00;58.58;54,14;0,98;;25
03/08/26;INDRA;CALL;Dic-26;35,00;58.58;53,15;0,96;;25
03/08/26;INDRA;CALL;Dic-26;45,00;58.58;49,85;0,85;;21
03/08/26;INDRA;CALL;Dic-26;47,00;58.58;49,19;0,82;;4
03/08/26;INDRA;CALL;Dic-26;48,00;58.58;48,86;0,80;;5
03/08/26;INDRA;CALL;Dic-26;50,00;58.58;48,20;0,76;;5
03/08/26;INDRA;CALL;Dic-26;52,00;58.58;47,54;0,72;;3
03/08/26;INDRA;CALL;Dic-26;54,00;58.58;46,88;0,68;;130
03/08/26;INDRA;CALL;Dic-26;56,00;58.58;46,22;0,63;;50
03/08/26;INDRA;CALL;Dic-26;58,00;58.58;45,56;0,58;;75
03/08/26;INDRA;CALL;Dic-26;60,00;58.58;44,97;0,53;;439
03/08/26;INDRA;CALL;Dic-26;62,00;58.58;44,40;0,48;;1
03/08/26;INDRA;CALL;Dic-26;64,00;58.58;43,83;0,44;;11
03/08/26;INDRA;CALL;Dic-26;66,00;58.58;43,26;0,39;;86
03/08/26;INDRA;CALL;Dic-26;68,00;58.58;42,69;0,34;;12
03/08/26;INDRA;CALL;Dic-26;70,00;58.58;42,12;0,30;;20
03/08/26;INDRA;CALL;Mar-27;49,00;58.58;47,40;0,76;;1
03/08/26;INDRA;CALL;Mar-27;60,00;58.58;44,07;0,56;;1
03/08/26;INDRA;CALL;Mar-27;62,00;58.58;43,91;0,52;;26
03/08/26;INDRA;CALL;Mar-27;70,00;58.58;43,27;0,38;;11
03/08/26;INDRA;CALL;Jun-27;41,00;58.58;48,81;0,85;;6
03/08/26;INDRA;CALL;Jun-27;50,00;58.58;46,46;0,74;;1
03/08/26;INDRA;CALL;Jun-27;66,00;58.58;44,13;0,49;;1
03/08/26;INDRA;CALL;Jun-27;70,00;58.58;44,08;0,43;;1
03/08/26;INDRA;CALL;Jun-27;78,00;58.58;43,99;0,33;;2
03/08/26;INDRA;CALL;Sep-27;20,00;58.58;51,82;0,99;;1
03/08/26;INDRA;CALL;Sep-27;33,00;58.58;48,86;0,92;;2
03/08/26;INDRA;CALL;Sep-27;36,00;58.58;48,18;0,90;;1
03/08/26;INDRA;CALL;Sep-27;58,00;58.58;43,17;0,62;;1
03/08/26;INDRA;CALL;Sep-28;52,00;58.58;39,35;0,72;;25
03/08/26;INDRA;CALL;Dic-28;62,00;58.58;37,58;0,61;;25
03/08/26;INDRA;PUT;Ago-26;35,00;58.58;59,12;;;6
03/08/26;INDRA;PUT;Ago-26;38,00;58.58;57,28;;;2
03/08/26;INDRA;PUT;Ago-26;39,00;58.58;56,66;;;27
03/08/26;INDRA;PUT;Ago-26;40,00;58.58;56,05;;;11
03/08/26;INDRA;PUT;Ago-26;41,00;58.58;55,43;;;4
03/08/26;INDRA;PUT;Ago-26;42,00;58.58;54,82;;;11
03/08/26;INDRA;PUT;Ago-26;43,00;58.58;54,20;;;13
03/08/26;INDRA;PUT;Ago-26;44,00;58.58;53,59;-0,01;;5
03/08/26;INDRA;PUT;Ago-26;45,00;58.58;52,98;-0,01;;16
03/08/26;INDRA;PUT;Ago-26;46,00;58.58;52,36;-0,02;;12
03/08/26;INDRA;PUT;Ago-26;47,00;58.58;51,75;-0,02;2;9
03/08/26;INDRA;PUT;Ago-26;48,00;58.58;51,13;-0,03;;6
03/08/26;INDRA;PUT;Ago-26;49,00;58.58;50,52;-0,05;;82
03/08/26;INDRA;PUT;Ago-26;50,00;58.58;49,90;-0,07;;17
03/08/26;INDRA;PUT;Ago-26;52,00;58.58;48,67;-0,12;;1
03/08/26;INDRA;PUT;Ago-26;54,00;58.58;47,44;-0,20;;136
03/08/26;INDRA;PUT;Ago-26;56,00;58.58;46,22;-0,31;3;16
03/08/26;INDRA;PUT;Ago-26;58,00;58.58;44,99;-0,44;3;11
03/08/26;INDRA;PUT;Ago-26;60,00;58.58;44,06;-0,57;10;12
03/08/26;INDRA;PUT;Sep-26;24,00;58.58;58,59;;;4
03/08/26;INDRA;PUT;Sep-26;26,00;58.58;57,70;;;4
03/08/26;INDRA;PUT;Sep-26;30,00;58.58;55,92;;;45
03/08/26;INDRA;PUT;Sep-26;31,00;58.58;55,48;;;50
03/08/26;INDRA;PUT;Sep-26;35,00;58.58;53,71;;;1
03/08/26;INDRA;PUT;Sep-26;36,00;58.58;53,26;;;2
03/08/26;INDRA;PUT;Sep-26;37,00;58.58;52,82;-0,01;;13
03/08/26;INDRA;PUT;Sep-26;39,00;58.58;51,93;-0,01;;4
03/08/26;INDRA;PUT;Sep-26;40,00;58.58;51,49;-0,01;;2
03/08/26;INDRA;PUT;Sep-26;41,00;58.58;51,04;-0,02;;20
03/08/26;INDRA;PUT;Sep-26;42,00;58.58;50,60;-0,03;;6
03/08/26;INDRA;PUT;Sep-26;43,00;58.58;50,15;-0,03;;95
03/08/26;INDRA;PUT;Sep-26;44,00;58.58;49,71;-0,04;;21
03/08/26;INDRA;PUT;Sep-26;45,00;58.58;49,27;-0,05;;2
03/08/26;INDRA;PUT;Sep-26;46,00;58.58;48,82;-0,07;;760
03/08/26;INDRA;PUT;Sep-26;47,00;58.58;48,38;-0,08;;1
03/08/26;INDRA;PUT;Sep-26;48,00;58.58;47,94;-0,10;;17
03/08/26;INDRA;PUT;Sep-26;49,00;58.58;47,49;-0,12;2;2
03/08/26;INDRA;PUT;Sep-26;50,00;58.58;47,05;-0,15;;11
03/08/26;INDRA;PUT;Sep-26;52,00;58.58;46,16;-0,21;;71
03/08/26;INDRA;PUT;Sep-26;54,00;58.58;45,27;-0,27;;11
03/08/26;INDRA;PUT;Sep-26;56,00;58.58;44,39;-0,35;;11
03/08/26;INDRA;PUT;Sep-26;60,00;58.58;42,88;-0,53;;60
03/08/26;INDRA;PUT;Oct-26;38,00;58.58;51,84;-0,02;;5
03/08/26;INDRA;PUT;Oct-26;44,00;58.58;49,42;-0,08;;1
03/08/26;INDRA;PUT;Oct-26;47,00;58.58;48,21;-0,13;;1
03/08/26;INDRA;PUT;Oct-26;48,00;58.58;47,80;-0,15;;1
03/08/26;INDRA;PUT;Oct-26;50,00;58.58;47,00;-0,19;;1
03/08/26;INDRA;PUT;Dic-26;28,00;58.58;54,91;-0,01;;1
03/08/26;INDRA;PUT;Dic-26;30,00;58.58;54,25;-0,01;;6
03/08/26;INDRA;PUT;Dic-26;31,00;58.58;53,92;-0,02;;1
03/08/26;INDRA;PUT;Dic-26;32,00;58.58;53,59;-0,02;;10
03/08/26;INDRA;PUT;Dic-26;35,00;58.58;52,60;-0,04;;11
03/08/26;INDRA;PUT;Dic-26;37,00;58.58;51,94;-0,05;;6
03/08/26;INDRA;PUT;Dic-26;38,00;58.58;51,61;-0,06;;1
03/08/26;INDRA;PUT;Dic-26;40,00;58.58;50,95;-0,08;;11
03/08/26;INDRA;PUT;Dic-26;42,00;58.58;50,29;-0,10;;11
03/08/26;INDRA;PUT;Dic-26;44,00;58.58;49,63;-0,13;;2
03/08/26;INDRA;PUT;Dic-26;45,00;58.58;49,30;-0,15;;2
03/08/26;INDRA;PUT;Dic-26;46,00;58.58;48,97;-0,16;;8
03/08/26;INDRA;PUT;Dic-26;47,00;58.58;48,64;-0,18;;6
03/08/26;INDRA;PUT;Dic-26;48,00;58.58;48,31;-0,20;;10
03/08/26;INDRA;PUT;Dic-26;50,00;58.58;47,65;-0,24;;3
03/08/26;INDRA;PUT;Dic-26;52,00;58.58;46,99;-0,28;;76
03/08/26;INDRA;PUT;Dic-26;54,00;58.58;46,33;-0,32;;50
03/08/26;INDRA;PUT;Dic-26;60,00;58.58;44,42;-0,47;;50
03/08/26;INDRA;PUT;Dic-26;62,00;58.58;43,85;-0,52;;20
03/08/26;INDRA;PUT;Dic-26;70,00;58.58;41,57;-0,71;;1
03/08/26;INDRA;PUT;Mar-27;37,00;58.58;51,28;-0,08;;2
03/08/26;INDRA;PUT;Mar-27;39,00;58.58;50,61;-0,11;;1
03/08/26;INDRA;PUT;Mar-27;42,00;58.58;49,61;-0,14;;2
03/08/26;INDRA;PUT;Mar-27;43,00;58.58;49,27;-0,15;;1
03/08/26;INDRA;PUT;Mar-27;45,00;58.58;48,60;-0,18;;1
03/08/26;INDRA;PUT;Mar-27;49,00;58.58;47,26;-0,24;;20
03/08/26;INDRA;PUT;Mar-27;50,00;58.58;46,92;-0,26;;12
03/08/26;INDRA;PUT;Mar-27;60,00;58.58;43,93;-0,45;;3
03/08/26;INDRA;PUT;Jun-27;32,00;58.58;51,34;-0,06;;1
03/08/26;INDRA;PUT;Sep-27;33,00;58.58;48,81;-0,08;;1
03/08/26;INDRA;PUT;Sep-27;36,00;58.58;48,13;-0,11;;1
03/08/26;INDRA;PUT;Sep-27;40,00;58.58;47,22;-0,15;;1
03/08/26;INDRA;PUT;Sep-27;45,00;58.58;46,08;-0,20;;15
03/08/26;INDRA;PUT;Dic-27;44,00;58.58;44,63;-0,20;;500
03/08/26;INDRA;PUT;Sep-28;47,00;58.58;39,74;-0,23;;25
03/08/26;INDRA;CALL;Ago-26;54,00;58.58;48,98;0,79;;5
03/08/26;INDRA;CALL;Ago-26;54,00;58.58;48,98;0,79;;2
03/08/26;INDRA;CALL;Ago-26;56,00;58.58;47,76;0,69;;10
03/08/26;INDRA;CALL;Dic-26;41,00;58.58;51,17;0,90;;5
03/08/26;INDRA;CALL;Dic-26;48,00;58.58;48,86;0,79;;5
03/08/26;INDRA;CALL;Dic-26;60,00;58.58;44,97;0,53;;100
03/08/26;INDRA;CALL;Dic-26;64,00;58.58;43,83;0,43;;5
03/08/26;INDRA;PUT;Ago-26;45,00;58.58;52,98;-0,01;;5
03/08/26;INDRA;PUT;Ago-26;47,00;58.58;51,75;-0,02;;5
03/08/26;INDRA;PUT;Ago-26;52,00;58.58;48,67;-0,12;;5
03/08/26;INDRA;PUT;Ago-26;54,00;58.58;47,44;-0,20;;25
03/08/26;INDRA;PUT;Sep-26;43,00;58.58;50,15;-0,03;;5
03/08/26;LABORAT. ROVI;CALL;Ago-26;56,00;58.55;26,36;0,79;;3
03/08/26;LABORAT. ROVI;CALL;Ago-26;58,00;58.55;25,30;0,58;;1
03/08/26;LABORAT. ROVI;CALL;Ago-26;60,00;58.55;24,94;0,35;;6
03/08/26;LABORAT. ROVI;CALL;Ago-26;66,00;58.55;24,67;0,02;;1
03/08/26;LABORAT. ROVI;CALL;Sep-26;58,00;58.55;24,50;0,57;;1
03/08/26;LABORAT. ROVI;CALL;Sep-26;60,00;58.55;24,17;0,42;;1
03/08/26;LABORAT. ROVI;CALL;Sep-26;62,00;58.55;24,08;0,28;;1
03/08/26;LABORAT. ROVI;CALL;Sep-26;64,00;58.55;23,99;0,17;;1
03/08/26;LABORAT. ROVI;CALL;Sep-26;66,00;58.55;23,90;0,09;;1
03/08/26;LABORAT. ROVI;CALL;Sep-26;68,00;58.55;23,81;0,04;;1
03/08/26;LABORAT. ROVI;CALL;Sep-26;78,00;58.55;23,35;;;750
03/08/26;LABORAT. ROVI;CALL;Sep-26;88,00;58.55;22,90;;;1
03/08/26;LABORAT. ROVI;CALL;Sep-26;96,00;58.55;22,53;;;15
03/08/26;LABORAT. ROVI;CALL;Oct-26;62,00;58.55;24,06;0,33;;2
03/08/26;LABORAT. ROVI;CALL;Dic-26;32,00;58.55;36,76;1,00;;2
03/08/26;LABORAT. ROVI;CALL;Dic-26;66,00;58.55;25,59;0,27;;750
03/08/26;LABORAT. ROVI;CALL;Dic-26;80,00;58.55;24,47;0,03;;15
03/08/26;LABORAT. ROVI;CALL;Dic-26;82,00;58.55;24,31;0,02;;15
03/08/26;LABORAT. ROVI;CALL;Dic-26;84,00;58.55;24,15;0,01;;15
03/08/26;LABORAT. ROVI;CALL;Dic-26;86,00;58.55;23,99;0,01;;15
03/08/26;LABORAT. ROVI;CALL;Dic-26;88,00;58.55;23,83;;;14
03/08/26;LABORAT. ROVI;CALL;Dic-26;90,00;58.55;23,67;;;14
03/08/26;LABORAT. ROVI;CALL;Dic-26;92,00;58.55;23,51;;;5
03/08/26;LABORAT. ROVI;CALL;Dic-26;96,00;58.55;23,20;;;5
03/08/26;LABORAT. ROVI;CALL;Dic-26;100,00;58.55;22,88;;;5
03/08/26;LABORAT. ROVI;CALL;Mar-27;70,00;58.55;26,41;0,25;;2
03/08/26;LABORAT. ROVI;CALL;Mar-27;88,00;58.55;24,88;0,03;;10
03/08/26;LABORAT. ROVI;CALL;Jun-27;56,00;58.55;28,63;0,65;;18
03/08/26;LABORAT. ROVI;CALL;Jun-27;80,00;58.55;26,07;0,14;;16
03/08/26;LABORAT. ROVI;PUT;Ago-26;50,00;58.55;31,67;-0,01;;7
03/08/26;LABORAT. ROVI;PUT;Ago-26;52,00;58.55;30,61;-0,04;;16
03/08/26;LABORAT. ROVI;PUT;Ago-26;54,00;58.55;29,55;-0,10;;14
03/08/26;LABORAT. ROVI;PUT;Ago-26;56,00;58.55;28,49;-0,23;;11
03/08/26;LABORAT. ROVI;PUT;Ago-26;58,00;58.55;27,43;-0,42;;10
03/08/26;LABORAT. ROVI;PUT;Ago-26;60,00;58.55;27,07;-0,64;10;
03/08/26;LABORAT. ROVI;PUT;Sep-26;48,00;58.55;29,49;-0,02;;1
03/08/26;LABORAT. ROVI;PUT;Sep-26;50,00;58.55;28,54;-0,05;;1
03/08/26;LABORAT. ROVI;PUT;Sep-26;54,00;58.55;26,65;-0,18;;8
03/08/26;LABORAT. ROVI;PUT;Sep-26;56,00;58.55;25,70;-0,29;;11
03/08/26;LABORAT. ROVI;PUT;Sep-26;58,00;58.55;24,76;-0,43;;5
03/08/26;LABORAT. ROVI;PUT;Sep-26;60,00;58.55;24,43;-0,59;;6
03/08/26;LABORAT. ROVI;PUT;Sep-26;64,00;58.55;24,25;-0,84;;2
03/08/26;LABORAT. ROVI;PUT;Sep-26;70,00;58.55;23,98;-1,00;;1.500
03/08/26;LABORAT. ROVI;PUT;Sep-26;72,00;58.55;23,89;-1,00;;2
03/08/26;LABORAT. ROVI;PUT;Oct-26;60,00;58.55;24,03;-0,56;10;10
03/08/26;LABORAT. ROVI;PUT;Dic-26;40,00;58.55;33,08;-0,02;;1
03/08/26;LABORAT. ROVI;PUT;Dic-26;50,00;58.55;29,10;-0,15;;2
03/08/26;LABORAT. ROVI;PUT;Dic-26;52,00;58.55;28,30;-0,21;;1
03/08/26;LABORAT. ROVI;PUT;Dic-26;54,00;58.55;27,50;-0,27;;6
03/08/26;LABORAT. ROVI;PUT;Dic-26;56,00;58.55;26,71;-0,35;;6
03/08/26;LABORAT. ROVI;PUT;Dic-26;58,00;58.55;25,91;-0,43;;5
03/08/26;LABORAT. ROVI;PUT;Dic-26;60,00;58.55;25,57;-0,52;;45
03/08/26;LABORAT. ROVI;PUT;Dic-26;62,00;58.55;25,42;-0,60;;1.500
03/08/26;LABORAT. ROVI;PUT;Dic-26;66,00;58.55;25,10;-0,76;;10
03/08/26;LABORAT. ROVI;PUT;Dic-26;68,00;58.55;24,94;-0,82;;65
03/08/26;LABORAT. ROVI;PUT;Dic-26;76,00;58.55;24,30;-1,00;;6
03/08/26;LABORAT. ROVI;PUT;Mar-27;50,00;58.55;29,46;-0,20;;1
03/08/26;LABORAT. ROVI;PUT;Mar-27;54,00;58.55;28,17;-0,30;;5
03/08/26;LABORAT. ROVI;PUT;Mar-27;56,00;58.55;27,52;-0,36;;6
03/08/26;LABORAT. ROVI;PUT;Mar-27;58,00;58.55;26,87;-0,42;;7
03/08/26;LABORAT. ROVI;PUT;Mar-27;60,00;58.55;26,57;-0,49;;8
03/08/26;LABORAT. ROVI;PUT;Mar-27;62,00;58.55;26,40;-0,55;;2
03/08/26;LABORAT. ROVI;PUT;Jun-27;43,00;58.55;31,84;-0,11;;10
03/08/26;LABORAT. ROVI;PUT;Jun-27;44,00;58.55;31,55;-0,12;;20
03/08/26;LABORAT. ROVI;PUT;Jun-27;45,00;58.55;31,27;-0,13;;5
03/08/26;LABORAT. ROVI;PUT;Jun-27;54,00;58.55;28,71;-0,31;;1
03/08/26;LABORAT. ROVI;PUT;Jun-27;58,00;58.55;27,57;-0,41;;1
03/08/26;LABORAT. ROVI;PUT;Jun-27;60,00;58.55;27,29;-0,47;;2
03/08/26;LABORAT. ROVI;PUT;Jun-27;70,00;58.55;26,43;-0,73;;1
03/08/26;LABORAT. ROVI;PUT;Mar-27;50,00;58.55;29,46;-0,19;;3
03/08/26;MAPFRE;CALL;Ago-26;4,40;4.42;21,59;0,56;;1
03/08/26;MAPFRE;CALL;Ago-26;4,50;4.42;21,36;0,38;;73
03/08/26;MAPFRE;CALL;Ago-26;4,60;4.42;21,15;0,22;;60
03/08/26;MAPFRE;CALL;Sep-26;3,80;4.42;22,42;0,98;;1
03/08/26;MAPFRE;CALL;Sep-26;3,90;4.42;22,33;0,95;;10
03/08/26;MAPFRE;CALL;Sep-26;4,00;4.42;22,25;0,91;;16
03/08/26;MAPFRE;CALL;Sep-26;4,10;4.42;22,17;0,85;;20
03/08/26;MAPFRE;CALL;Sep-26;4,20;4.42;22,09;0,77;;783
03/08/26;MAPFRE;CALL;Sep-26;4,30;4.42;22,00;0,67;;5
03/08/26;MAPFRE;CALL;Sep-26;4,40;4.42;21,92;0,56;;3
03/08/26;MAPFRE;CALL;Sep-26;4,50;4.42;21,80;0,44;;13
03/08/26;MAPFRE;CALL;Sep-26;4,70;4.42;21,53;0,24;;15
03/08/26;MAPFRE;CALL;Dic-26;3,90;4.42;21,97;0,87;;5
03/08/26;MAPFRE;CALL;Dic-26;4,10;4.42;21,89;0,77;;35
03/08/26;MAPFRE;CALL;Dic-26;4,40;4.42;21,78;0,56;10;10
03/08/26;MAPFRE;CALL;Dic-26;4,50;4.42;21,70;0,49;;11
03/08/26;MAPFRE;CALL;Mar-27;4,00;4.42;22,87;0,76;;1
03/08/26;MAPFRE;CALL;Mar-27;4,90;4.42;22,32;0,31;;15
03/08/26;MAPFRE;CALL;Jun-27;4,20;4.42;23,93;0,65;;7
03/08/26;MAPFRE;CALL;Jun-27;4,30;4.42;23,90;0,60;;8
03/08/26;MAPFRE;CALL;Jun-27;5,00;4.42;23,42;0,32;;1
03/08/26;MAPFRE;CALL;Dic-27;5,00;4.42;24,91;0,37;;5
03/08/26;MAPFRE;PUT;Ago-26;4,20;4.42;21,99;-0,13;;25
03/08/26;MAPFRE;PUT;Ago-26;4,30;4.42;21,76;-0,26;;27
03/08/26;MAPFRE;PUT;Sep-26;1,70;4.42;25,44;;;20
03/08/26;MAPFRE;PUT;Sep-26;3,20;4.42;24,19;;;2
03/08/26;MAPFRE;PUT;Sep-26;3,30;4.42;24,11;;;2
03/08/26;MAPFRE;PUT;Sep-26;3,60;4.42;23,86;-0,01;;5
03/08/26;MAPFRE;PUT;Sep-26;3,70;4.42;23,78;-0,01;;50
03/08/26;MAPFRE;PUT;Sep-26;4,30;4.42;23,28;-0,34;;1
03/08/26;MAPFRE;PUT;Sep-26;5,00;4.42;22,40;-0,95;;9
03/08/26;MAPFRE;PUT;Dic-26;3,20;4.42;22,39;-0,01;;2
03/08/26;MAPFRE;PUT;Dic-26;3,60;4.42;22,24;-0,07;;3
03/08/26;MAPFRE;PUT;Dic-26;3,70;4.42;22,20;-0,10;;116
03/08/26;MAPFRE;PUT;Dic-26;3,80;4.42;22,17;-0,13;;20
03/08/26;MAPFRE;PUT;Dic-26;4,00;4.42;22,09;-0,23;;5
03/08/26;MAPFRE;PUT;Dic-26;4,10;4.42;22,05;-0,29;;2
03/08/26;MAPFRE;PUT;Dic-26;4,20;4.42;22,01;-0,35;;50
03/08/26;MAPFRE;PUT;Dic-26;4,50;4.42;21,86;-0,56;;20
03/08/26;MAPFRE;PUT;Mar-27;3,50;4.42;21,63;-0,08;;4
03/08/26;MAPFRE;PUT;Mar-27;3,60;4.42;21,59;-0,10;;1
03/08/26;MAPFRE;PUT;Mar-27;3,70;4.42;21,55;-0,13;;5
03/08/26;MAPFRE;PUT;Mar-27;4,00;4.42;21,44;-0,26;;3.000
03/08/26;MAPFRE;PUT;Dic-27;3,60;4.42;22,77;-0,21;;10
03/08/26;MELIA HOTELS;CALL;Ago-26;13,00;10.4;28,13;;;2
03/08/26;MELIA HOTELS;CALL;Ago-26;13,50;10.4;27,53;;;2
03/08/26;MELIA HOTELS;CALL;Sep-26;7,75;10.4;37,36;0,99;;5
03/08/26;MELIA HOTELS;CALL;Sep-26;8,00;10.4;36,89;0,98;;1.900
03/08/26;MELIA HOTELS;CALL;Sep-26;8,50;10.4;35,94;0,95;;6
03/08/26;MELIA HOTELS;CALL;Sep-26;12,50;10.4;30,06;0,05;;25
03/08/26;MELIA HOTELS;CALL;Dic-26;10,00;10.4;31,48;0,64;;20
03/08/26;MELIA HOTELS;CALL;Dic-26;11,50;10.4;29,96;0,34;;3
03/08/26;MELIA HOTELS;CALL;Dic-26;13,00;10.4;28,76;0,13;;35
03/08/26;MELIA HOTELS;CALL;Mar-27;7,75;10.4;33,88;0,90;;8
03/08/26;MELIA HOTELS;CALL;Mar-27;8,75;10.4;32,57;0,80;;5
03/08/26;MELIA HOTELS;CALL;Mar-27;12,00;10.4;29,27;0,33;;400
03/08/26;MELIA HOTELS;CALL;Mar-27;12,50;10.4;28,92;0,27;;50
03/08/26;MELIA HOTELS;CALL;Jun-27;7,50;10.4;32,69;0,90;;5
03/08/26;MELIA HOTELS;CALL;Jun-27;7,75;10.4;32,44;0,88;;5
03/08/26;MELIA HOTELS;CALL;Sep-27;7,25;10.4;32,17;0,91;;5
03/08/26;MELIA HOTELS;CALL;Dic-27;7,00;10.4;31,74;0,92;;2
03/08/26;MELIA HOTELS;PUT;Ago-26;10,00;10.4;35,10;-0,29;;4
03/08/26;MELIA HOTELS;PUT;Ago-26;10,50;10.4;34,17;-0,53;;5
03/08/26;MELIA HOTELS;PUT;Ago-26;11,50;10.4;32,99;-0,91;;10
03/08/26;MELIA HOTELS;PUT;Sep-26;10,50;10.4;33,20;-0,50;;400
03/08/26;MELIA HOTELS;PUT;Sep-26;11,00;10.4;32,66;-0,66;;50
03/08/26;MELIA HOTELS;PUT;Dic-26;8,25;10.4;34,55;-0,11;;30
03/08/26;MELIA HOTELS;PUT;Dic-26;11,00;10.4;30,62;-0,57;;10
03/08/26;MELIA HOTELS;PUT;Mar-27;9,25;10.4;31,28;-0,26;;50
03/08/26;MELIA HOTELS;PUT;Mar-27;9,50;10.4;30,95;-0,29;;100
03/08/26;MELIA HOTELS;PUT;Mar-27;9,75;10.4;30,62;-0,33;;25
03/08/26;MELIA HOTELS;PUT;Mar-27;10,00;10.4;30,30;-0,37;;100
03/08/26;MELIA HOTELS;PUT;Mar-27;11,00;10.4;29,35;-0,54;;3
03/08/26;MERLIN;CALL;Ago-26;16,50;14.75;24,56;0,02;;1
03/08/26;MERLIN;CALL;Sep-26;16,00;14.75;24,54;0,20;15;14.718
03/08/26;MERLIN;CALL;Sep-26;16,50;14.75;24,30;0,11;;4.700
03/08/26;MERLIN;CALL;Dic-26;15,50;14.75;24,66;0,41;;6
03/08/26;MERLIN;CALL;Dic-26;16,50;14.75;24,28;0,25;;14.693
03/08/26;MERLIN;CALL;Mar-27;14,50;14.75;24,97;0,58;;5
03/08/26;MERLIN;CALL;Mar-27;16,00;14.75;24,26;0,38;;3
03/08/26;MERLIN;PUT;Ago-26;14,00;14.75;26,40;-0,17;;1
03/08/26;MERLIN;PUT;Ago-26;14,50;14.75;25,46;-0,36;;10
03/08/26;MERLIN;PUT;Sep-26;10,00;14.75;32,86;;;1
03/08/26;MERLIN;PUT;Sep-26;12,00;14.75;29,52;-0,02;;2
03/08/26;MERLIN;PUT;Sep-26;12,50;14.75;28,68;-0,04;;1
03/08/26;MERLIN;PUT;Sep-26;14,00;14.75;26,17;-0,26;;1
03/08/26;MERLIN;PUT;Sep-26;14,50;14.75;25,34;-0,40;;44
03/08/26;MERLIN;PUT;Sep-26;15,00;14.75;24,80;-0,55;;100
03/08/26;MERLIN;PUT;Sep-26;15,50;14.75;24,56;-0,70;;1
03/08/26;MERLIN;PUT;Oct-26;14,50;14.75;25,39;-0,41;25;25
03/08/26;MERLIN;PUT;Dic-26;11,00;14.75;30,72;-0,05;;300
03/08/26;MERLIN;PUT;Dic-26;14,00;14.75;26,38;-0,36;;35
03/08/26;MERLIN;PUT;Mar-27;13,50;14.75;25,00;-0,30;;12
03/08/26;MERLIN;PUT;Jun-27;14,50;14.75;22,40;-0,44;;3
03/08/26;MERLIN;PUT;Jun-27;15,00;14.75;22,06;-0,51;;10
03/08/26;MERLIN;PUT;Dic-27;12,50;14.75;23,70;-0,24;;5.000
03/08/26;NATURGY;CALL;Ago-26;29,00;28.74;18,46;0,43;1;1
03/08/26;NATURGY;CALL;Ago-26;30,00;28.74;17,78;0,15;;18
03/08/26;NATURGY;CALL;Ago-26;31,00;28.74;17,11;0,02;;2
03/08/26;NATURGY;CALL;Ago-26;33,00;28.74;15,76;;;30
03/08/26;NATURGY;CALL;Sep-26;29,00;28.74;18,07;0,47;;78
03/08/26;NATURGY;CALL;Sep-26;30,00;28.74;17,49;0,27;2;152
03/08/26;NATURGY;CALL;Sep-26;31,00;28.74;16,91;0,12;;145
03/08/26;NATURGY;CALL;Dic-26;27,00;28.74;20,64;0,74;;11
03/08/26;NATURGY;CALL;Dic-26;28,00;28.74;19,74;0,63;;24
03/08/26;NATURGY;CALL;Dic-26;29,00;28.74;18,94;0,50;;495
03/08/26;NATURGY;CALL;Dic-26;30,00;28.74;18,44;0,37;;298
03/08/26;NATURGY;CALL;Dic-26;31,00;28.74;17,94;0,25;;113
03/08/26;NATURGY;CALL;Dic-26;32,00;28.74;17,44;0,16;;7
03/08/26;NATURGY;CALL;Dic-26;35,00;28.74;15,95;0,02;;1
03/08/26;NATURGY;CALL;Mar-27;25,00;28.74;22,57;0,83;;2
03/08/26;NATURGY;CALL;Mar-27;26,00;28.74;21,82;0,77;;90
03/08/26;NATURGY;CALL;Mar-27;27,00;28.74;21,06;0,69;;2
03/08/26;NATURGY;CALL;Mar-27;28,00;28.74;20,31;0,60;;11
03/08/26;NATURGY;CALL;Mar-27;29,00;28.74;19,64;0,50;;200
03/08/26;NATURGY;CALL;Mar-27;30,00;28.74;19,21;0,41;;300
03/08/26;NATURGY;CALL;Mar-27;32,00;28.74;18,35;0,24;;1
03/08/26;NATURGY;CALL;Mar-27;33,00;28.74;17,92;0,17;;2
03/08/26;NATURGY;CALL;Jun-27;25,00;28.74;22,95;0,81;;385
03/08/26;NATURGY;CALL;Jun-27;26,00;28.74;22,29;0,74;;2
03/08/26;NATURGY;CALL;Jun-27;27,00;28.74;21,63;0,66;;2
03/08/26;NATURGY;CALL;Jun-27;32,00;28.74;19,23;0,28;;400
03/08/26;NATURGY;CALL;Jun-27;33,00;28.74;18,85;0,22;;1
03/08/26;NATURGY;CALL;Jun-27;35,00;28.74;18,08;0,12;;1
03/08/26;NATURGY;CALL;Dic-27;30,00;28.74;21,03;0,44;;1
03/08/26;NATURGY;PUT;Ago-26;25,00;28.74;23,94;;;2
03/08/26;NATURGY;PUT;Ago-26;26,00;28.74;22,60;-0,02;;3
03/08/26;NATURGY;PUT;Ago-26;27,00;28.74;21,25;-0,09;;31
03/08/26;NATURGY;PUT;Ago-26;28,00;28.74;19,91;-0,26;;62
03/08/26;NATURGY;PUT;Ago-26;29,00;28.74;18,74;-0,57;;26
03/08/26;NATURGY;PUT;Sep-26;18,00;28.74;30,43;;;10
03/08/26;NATURGY;PUT;Sep-26;19,00;28.74;29,27;;;25
03/08/26;NATURGY;PUT;Sep-26;19,50;28.74;28,69;;;25
03/08/26;NATURGY;PUT;Sep-26;20,00;28.74;28,11;;;26
03/08/26;NATURGY;PUT;Sep-26;21,00;28.74;26,95;;;28
03/08/26;NATURGY;PUT;Sep-26;22,00;28.74;25,79;;;27
03/08/26;NATURGY;PUT;Sep-26;23,00;28.74;24,63;;;30
03/08/26;NATURGY;PUT;Sep-26;24,00;28.74;23,47;-0,01;;328
03/08/26;NATURGY;PUT;Sep-26;25,00;28.74;22,31;-0,03;;23
03/08/26;NATURGY;PUT;Sep-26;26,00;28.74;21,15;-0,08;;3
03/08/26;NATURGY;PUT;Sep-26;27,00;28.74;19,99;-0,17;1;62
03/08/26;NATURGY;PUT;Sep-26;28,00;28.74;18,83;-0,32;;27
03/08/26;NATURGY;PUT;Sep-26;29,00;28.74;17,82;-0,53;6;149
03/08/26;NATURGY;PUT;Oct-26;24,00;28.74;23,12;-0,03;2;2
03/08/26;NATURGY;PUT;Oct-26;28,00;28.74;18,72;-0,35;1;11
03/08/26;NATURGY;PUT;Dic-26;18,00;28.74;27,55;;;2
03/08/26;NATURGY;PUT;Dic-26;19,50;28.74;26,19;-0,01;;5
03/08/26;NATURGY;PUT;Dic-26;20,00;28.74;25,74;-0,01;;13
03/08/26;NATURGY;PUT;Dic-26;22,00;28.74;23,93;-0,03;;2
03/08/26;NATURGY;PUT;Dic-26;23,00;28.74;23,02;-0,06;;11
03/08/26;NATURGY;PUT;Dic-26;24,00;28.74;22,12;-0,10;;2.142
03/08/26;NATURGY;PUT;Dic-26;25,00;28.74;21,21;-0,15;;125
03/08/26;NATURGY;PUT;Dic-26;26,00;28.74;20,31;-0,22;;109
03/08/26;NATURGY;PUT;Dic-26;27,00;28.74;19,40;-0,32;;20
03/08/26;NATURGY;PUT;Dic-26;28,00;28.74;18,50;-0,44;;3
03/08/26;NATURGY;PUT;Dic-26;29,00;28.74;17,70;-0,57;;27
03/08/26;NATURGY;PUT;Mar-27;18,00;28.74;26,16;-0,01;;1
03/08/26;NATURGY;PUT;Mar-27;24,00;28.74;21,63;-0,14;;501
03/08/26;NATURGY;PUT;Mar-27;26,00;28.74;20,13;-0,26;;193
03/08/26;NATURGY;PUT;Mar-27;28,00;28.74;18,62;-0,43;;1
03/08/26;NATURGY;PUT;Jun-27;25,00;28.74;20,32;-0,24;;5
03/08/26;NATURGY;PUT;Jun-27;26,00;28.74;19,66;-0,31;;1
03/08/26;NATURGY;PUT;Jun-27;27,00;28.74;19,00;-0,38;;2
03/08/26;NATURGY;PUT;Jun-27;28,00;28.74;18,34;-0,46;;12
03/08/26;NATURGY;PUT;Jun-27;32,00;28.74;16,60;-0,79;;1
03/08/26;NATURGY;PUT;Sep-27;26,00;28.74;19,70;-0,35;;95
03/08/26;NATURGY;PUT;Dic-27;26,00;28.74;19,69;-0,38;;97
03/08/26;NATURGY;PUT;Jun-28;26,00;28.74;19,48;-0,40;;95
03/08/26;NATURGY;PUT;Dic-26;28,00;28.74;18,50;-0,42;1;2
03/08/26;OBRASCON HUARTE;CALL;Sep-26;0,25;0.43;48,91;1,00;;600
03/08/26;OBRASCON HUARTE;CALL;Sep-26;0,40;0.43;48,34;0,71;;120
03/08/26;OBRASCON HUARTE;CALL;Dic-26;0,50;0.43;42,31;0,35;;1
03/08/26;OBRASCON HUARTE;CALL;Mar-27;0,40;0.43;44,54;0,67;;200
03/08/26;OBRASCON HUARTE;CALL;Jun-27;0,35;0.43;44,83;0,78;;1.000
03/08/26;OBRASCON HUARTE;CALL;Mar-28;0,50;0.43;43,56;0,54;;10
03/08/26;OBRASCON HUARTE;CALL;Mar-28;0,60;0.43;43,56;0,41;;50
03/08/26;OBRASCON HUARTE;CALL;Jun-28;0,35;0.43;43,73;0,77;;300
03/08/26;PHARMA MAR;CALL;Ago-26;78,00;78.35;44,45;0,54;;2
03/08/26;PHARMA MAR;CALL;Ago-26;80,00;78.35;43,78;0,44;;4
03/08/26;PHARMA MAR;CALL;Ago-26;88,00;78.35;41,57;0,12;;4
03/08/26;PHARMA MAR;CALL;Ago-26;90,00;78.35;41,02;0,07;;6
03/08/26;PHARMA MAR;CALL;Sep-26;78,00;78.35;43,57;0,55;;1
03/08/26;PHARMA MAR;CALL;Sep-26;84,00;78.35;42,19;0,36;;5
03/08/26;PHARMA MAR;CALL;Sep-26;92,00;78.35;40,52;0,15;;4
03/08/26;PHARMA MAR;CALL;Sep-26;130,00;78.35;32,60;;;2
03/08/26;PHARMA MAR;CALL;Sep-26;135,00;78.35;31,56;;;4
03/08/26;PHARMA MAR;CALL;Sep-26;140,00;78.35;30,52;;;2
03/08/26;PHARMA MAR;CALL;Sep-26;150,00;78.35;28,43;;;4
03/08/26;PHARMA MAR;CALL;Dic-26;76,00;78.35;45,19;0,61;;1
03/08/26;PHARMA MAR;CALL;Dic-26;100,00;78.35;42,70;0,22;;6
03/08/26;PHARMA MAR;CALL;Dic-26;110,00;78.35;42,10;0,13;;1
03/08/26;PHARMA MAR;CALL;Mar-27;88,00;78.35;41,58;0,44;;1
03/08/26;PHARMA MAR;CALL;Mar-27;105,00;78.35;40,71;0,24;;5
03/08/26;PHARMA MAR;PUT;Ago-26;66,00;78.35;54,41;-0,07;;2
03/08/26;PHARMA MAR;PUT;Ago-26;70,00;78.35;51,96;-0,15;;1
03/08/26;PHARMA MAR;PUT;Ago-26;74,00;78.35;49,50;-0,28;;2
03/08/26;PHARMA MAR;PUT;Ago-26;80,00;78.35;46,38;-0,56;;2
03/08/26;PHARMA MAR;PUT;Sep-26;33,00;78.35;70,85;;;10
03/08/26;PHARMA MAR;PUT;Sep-26;36,00;78.35;69,10;;;5
03/08/26;PHARMA MAR;PUT;Sep-26;45,00;78.35;63,86;-0,01;;20
03/08/26;PHARMA MAR;PUT;Sep-26;46,00;78.35;63,28;-0,01;;9
03/08/26;PHARMA MAR;PUT;Sep-26;47,00;78.35;62,69;-0,01;;12
03/08/26;PHARMA MAR;PUT;Sep-26;60,00;78.35;55,12;-0,07;;6
03/08/26;PHARMA MAR;PUT;Sep-26;62,00;78.35;53,95;-0,09;;5
03/08/26;PHARMA MAR;PUT;Sep-26;66,00;78.35;51,62;-0,15;;3
03/08/26;PHARMA MAR;PUT;Sep-26;70,00;78.35;49,29;-0,23;;1
03/08/26;PHARMA MAR;PUT;Sep-26;82,00;78.35;43,66;-0,58;;5
03/08/26;PHARMA MAR;PUT;Sep-26;88,00;78.35;42,41;-0,75;;1
03/08/26;PHARMA MAR;PUT;Sep-26;92,00;78.35;41,57;-0,85;;1
03/08/26;PHARMA MAR;PUT;Dic-26;29,00;78.35;69,27;;;5
03/08/26;PHARMA MAR;PUT;Dic-26;46,00;78.35;60,60;-0,05;;2
03/08/26;PHARMA MAR;PUT;Dic-26;48,00;78.35;59,57;-0,06;;1
03/08/26;PHARMA MAR;PUT;Dic-26;60,00;78.35;53,45;-0,16;;2
03/08/26;PHARMA MAR;PUT;Dic-26;62,00;78.35;52,43;-0,18;;1
03/08/26;PHARMA MAR;PUT;Dic-26;70,00;78.35;48,34;-0,29;;1
03/08/26;PHARMA MAR;PUT;Dic-26;76,00;78.35;45,28;-0,39;;15
03/08/26;PHARMA MAR;PUT;Dic-26;78,00;78.35;44,26;-0,43;;10
03/08/26;PHARMA MAR;PUT;Mar-27;41,00;78.35;57,62;-0,05;;8
03/08/26;PHARMA MAR;PUT;Mar-27;43,00;78.35;56,83;-0,06;;3
03/08/26;PHARMA MAR;PUT;Mar-27;52,00;78.35;53,27;-0,11;;1
03/08/26;PHARMA MAR;PUT;Mar-27;78,00;78.35;42,98;-0,42;;1
03/08/26;PHARMA MAR;PUT;Mar-27;80,00;78.35;42,76;-0,45;;2
03/08/26;PHARMA MAR;PUT;Mar-27;105,00;78.35;41,48;-0,77;;1
03/08/26;PHARMA MAR;PUT;Jun-27;39,00;78.35;55,27;-0,05;;3
03/08/26;PHARMA MAR;PUT;Jun-27;42,00;78.35;54,34;-0,06;;1
03/08/26;PHARMA MAR;PUT;Jun-27;44,00;78.35;53,72;-0,07;;3
03/08/26;PHARMA MAR;PUT;Jun-27;60,00;78.35;48,75;-0,20;;1
03/08/26;PHARMA MAR;PUT;Jun-27;66,00;78.35;46,89;-0,26;;1
03/08/26;PHARMA MAR;PUT;Jun-27;70,00;78.35;45,64;-0,30;;2
03/08/26;PUIG;CALL;Ago-26;15,50;16.47;32,88;0,81;;5
03/08/26;PUIG;CALL;Ago-26;16,00;16.47;32,53;0,67;;5
03/08/26;PUIG;CALL;Ago-26;16,50;16.47;32,17;0,51;;25
03/08/26;PUIG;CALL;Ago-26;17,00;16.47;31,47;0,34;;8
03/08/26;PUIG;CALL;Ago-26;17,50;16.47;30,77;0,20;;6
03/08/26;PUIG;CALL;Ago-26;18,00;16.47;30,07;0,10;;13
03/08/26;PUIG;CALL;Sep-26;11,00;16.47;40,83;1,00;;1
03/08/26;PUIG;CALL;Sep-26;14,50;16.47;38,64;0,84;;3
03/08/26;PUIG;CALL;Sep-26;16,00;16.47;37,69;0,62;;9
03/08/26;PUIG;CALL;Sep-26;16,50;16.47;37,37;0,53;;1
03/08/26;PUIG;CALL;Sep-26;17,00;16.47;36,85;0,44;;18
03/08/26;PUIG;CALL;Sep-26;17,50;16.47;36,34;0,35;;8.911
03/08/26;PUIG;CALL;Sep-26;18,00;16.47;35,82;0,27;;4
03/08/26;PUIG;CALL;Sep-26;18,50;16.47;35,30;0,20;;19
03/08/26;PUIG;CALL;Sep-26;19,00;16.47;34,79;0,14;;8
03/08/26;PUIG;CALL;Sep-26;19,50;16.47;34,27;0,10;;2
03/08/26;PUIG;CALL;Sep-26;20,00;16.47;33,76;0,06;;14
03/08/26;PUIG;CALL;Sep-26;21,00;16.47;32,72;0,02;;8.553
03/08/26;PUIG;CALL;Oct-26;17,00;16.47;38,29;0,47;;5
03/08/26;PUIG;CALL;Dic-26;15,00;16.47;38,55;0,71;;3
03/08/26;PUIG;CALL;Dic-26;16,50;16.47;37,71;0,56;;2
03/08/26;PUIG;CALL;Dic-26;17,00;16.47;37,61;0,51;;10
03/08/26;PUIG;CALL;Dic-26;18,00;16.47;37,41;0,41;;38
03/08/26;PUIG;CALL;Dic-26;18,50;16.47;37,31;0,36;;6
03/08/26;PUIG;CALL;Dic-26;19,00;16.47;37,21;0,32;;1
03/08/26;PUIG;CALL;Dic-26;19,50;16.47;37,11;0,28;;20
03/08/26;PUIG;CALL;Dic-26;23,00;16.47;36,40;0,09;;1
03/08/26;PUIG;CALL;Jun-27;11,00;16.47;35,92;0,93;;5
03/08/26;PUIG;CALL;Jun-27;15,50;16.47;34,19;0,66;;4
03/08/26;PUIG;CALL;Jun-27;16,00;16.47;34,00;0,63;;1
03/08/26;PUIG;CALL;Jun-27;16,50;16.47;33,80;0,59;1;2
03/08/26;PUIG;PUT;Ago-26;12,50;16.47;35,24;;;3
03/08/26;PUIG;PUT;Ago-26;14,50;16.47;33,87;-0,04;;10
03/08/26;PUIG;PUT;Ago-26;15,00;16.47;33,52;-0,10;;6
03/08/26;PUIG;PUT;Ago-26;15,50;16.47;33,18;-0,19;;4
03/08/26;PUIG;PUT;Ago-26;16,00;16.47;32,83;-0,33;;5
03/08/26;PUIG;PUT;Ago-26;16,50;16.47;32,47;-0,49;;20
03/08/26;PUIG;PUT;Ago-26;17,00;16.47;31,77;-0,66;;15
03/08/26;PUIG;PUT;Sep-26;12,00;16.47;39,28;-0,01;;5
03/08/26;PUIG;PUT;Sep-26;12,50;16.47;38,97;-0,02;;149
03/08/26;PUIG;PUT;Sep-26;13,00;16.47;38,66;-0,03;;22
03/08/26;PUIG;PUT;Sep-26;13,50;16.47;38,34;-0,06;;18
03/08/26;PUIG;PUT;Sep-26;14,00;16.47;38,03;-0,10;;42
03/08/26;PUIG;PUT;Sep-26;14,50;16.47;37,72;-0,15;;1
03/08/26;PUIG;PUT;Sep-26;15,00;16.47;37,40;-0,22;;8.349
03/08/26;PUIG;PUT;Sep-26;15,50;16.47;37,09;-0,29;1;6
03/08/26;PUIG;PUT;Sep-26;16,00;16.47;36,77;-0,38;;254
03/08/26;PUIG;PUT;Sep-26;16,50;16.47;36,45;-0,47;;13
03/08/26;PUIG;PUT;Sep-26;17,00;16.47;35,93;-0,57;;5
03/08/26;PUIG;PUT;Sep-26;17,50;16.47;35,42;-0,66;;4
03/08/26;PUIG;PUT;Dic-26;11,00;16.47;39,20;-0,03;;2
03/08/26;PUIG;PUT;Dic-26;12,00;16.47;38,63;-0,07;;500
03/08/26;PUIG;PUT;Dic-26;12,50;16.47;38,35;-0,09;;5
03/08/26;PUIG;PUT;Dic-26;13,00;16.47;38,07;-0,12;;3
03/08/26;PUIG;PUT;Dic-26;13,50;16.47;37,78;-0,16;;4
03/08/26;PUIG;PUT;Dic-26;14,00;16.47;37,50;-0,20;;52
03/08/26;PUIG;PUT;Dic-26;14,50;16.47;37,22;-0,24;;2.467
03/08/26;PUIG;PUT;Dic-26;15,00;16.47;36,93;-0,29;;41
03/08/26;PUIG;PUT;Dic-26;15,50;16.47;36,65;-0,34;;30
03/08/26;PUIG;PUT;Dic-26;16,00;16.47;36,37;-0,39;1;31
03/08/26;PUIG;PUT;Dic-26;16,50;16.47;36,09;-0,45;;21
03/08/26;PUIG;PUT;Dic-26;17,00;16.47;35,99;-0,50;;11
03/08/26;PUIG;PUT;Dic-26;17,50;16.47;35,89;-0,56;;10
03/08/26;PUIG;PUT;Dic-26;18,00;16.47;35,79;-0,61;;5
03/08/26;PUIG;PUT;Dic-26;21,00;16.47;35,18;-0,86;;6
03/08/26;PUIG;PUT;Dic-26;32,00;16.47;32,96;-1,00;;1
03/08/26;PUIG;PUT;Mar-27;12,00;16.47;37,19;-0,10;;1
03/08/26;PUIG;PUT;Mar-27;13,00;16.47;36,69;-0,16;;1
03/08/26;PUIG;PUT;Mar-27;13,50;16.47;36,43;-0,19;;5
03/08/26;PUIG;PUT;Mar-27;14,00;16.47;36,18;-0,22;1;2
03/08/26;PUIG;PUT;Mar-27;15,00;16.47;35,67;-0,30;;10
03/08/26;PUIG;PUT;Mar-27;15,50;16.47;35,42;-0,35;;7
03/08/26;PUIG;PUT;Mar-27;16,00;16.47;35,17;-0,39;;85
03/08/26;PUIG;PUT;Mar-27;16,50;16.47;34,93;-0,43;;274
03/08/26;PUIG;PUT;Jun-27;14,00;16.47;33,04;-0,25;;4
03/08/26;PUIG;PUT;Jun-27;16,00;16.47;32,27;-0,41;;411
03/08/26;PUIG;PUT;Jun-27;16,50;16.47;32,07;-0,45;1;2
03/08/26;PUIG;PUT;Jun-27;21,00;16.47;29,61;-0,77;;20
03/08/26;PUIG;PUT;Sep-27;11,00;16.47;31,93;-0,09;;19
03/08/26;PUIG;PUT;Dic-27;15,00;16.47;29,42;-0,33;;4
03/08/26;PUIG;PUT;Dic-27;15,50;16.47;29,30;-0,37;;162
03/08/26;PUIG;PUT;Dic-27;16,00;16.47;29,17;-0,40;;156
03/08/26;PUIG;PUT;Dic-27;16,50;16.47;29,05;-0,44;;151
03/08/26;PUIG;PUT;Mar-28;17,50;16.47;27,92;-0,50;;143
03/08/26;REDEIA;CALL;Ago-26;15,50;15.44;15,03;0,47;;2
03/08/26;REDEIA;CALL;Ago-26;16,00;15.44;14,35;0,14;;10
03/08/26;REDEIA;CALL;Sep-26;14,00;15.44;20,04;0,93;;1
03/08/26;REDEIA;CALL;Sep-26;15,00;15.44;18,46;0,70;;10
03/08/26;REDEIA;CALL;Sep-26;15,50;15.44;17,69;0,51;;13
03/08/26;REDEIA;CALL;Sep-26;16,00;15.44;17,04;0,30;;12
03/08/26;REDEIA;CALL;Sep-26;16,50;15.44;16,40;0,14;;4
03/08/26;REDEIA;CALL;Sep-26;17,00;15.44;15,75;0,05;;35
03/08/26;REDEIA;CALL;Sep-26;17,50;15.44;15,10;0,01;;1
03/08/26;REDEIA;CALL;Sep-26;18,50;15.44;13,81;;;1
03/08/26;REDEIA;CALL;Dic-26;14,00;15.44;19,85;0,83;;36
03/08/26;REDEIA;CALL;Dic-26;15,00;15.44;18,62;0,65;;25
03/08/26;REDEIA;CALL;Dic-26;15,50;15.44;18,02;0,54;;17
03/08/26;REDEIA;CALL;Dic-26;16,00;15.44;17,48;0,42;;264
03/08/26;REDEIA;CALL;Dic-26;16,50;15.44;16,94;0,31;;23
03/08/26;REDEIA;CALL;Dic-26;17,00;15.44;16,40;0,21;;25
03/08/26;REDEIA;CALL;Dic-26;17,50;15.44;15,86;0,13;;26
03/08/26;REDEIA;CALL;Dic-26;18,00;15.44;15,32;0,07;;2
03/08/26;REDEIA;CALL;Mar-27;13,50;15.44;20,78;0,84;;1
03/08/26;REDEIA;CALL;Mar-27;14,00;15.44;20,28;0,78;;10
03/08/26;REDEIA;CALL;Mar-27;15,50;15.44;18,79;0,54;;138
03/08/26;REDEIA;CALL;Mar-27;16,00;15.44;18,29;0,45;;206
03/08/26;REDEIA;CALL;Mar-27;16,50;15.44;17,80;0,36;;27
03/08/26;REDEIA;CALL;Mar-27;17,00;15.44;17,30;0,27;;6
03/08/26;REDEIA;CALL;Mar-27;17,50;15.44;16,80;0,20;;137
03/08/26;REDEIA;CALL;Jun-27;16,00;15.44;18,93;0,47;;1
03/08/26;REDEIA;CALL;Jun-27;16,50;15.44;18,45;0,40;;2
03/08/26;REDEIA;CALL;Jun-27;17,00;15.44;17,98;0,33;;6
03/08/26;REDEIA;CALL;Jun-27;18,00;15.44;17,03;0,20;;1
03/08/26;REDEIA;CALL;Dic-27;14,50;15.44;20,00;0,67;;278
03/08/26;REDEIA;CALL;Dic-27;18,00;15.44;16,89;0,23;;6
03/08/26;REDEIA;PUT;Ago-26;14,00;15.44;20,82;-0,02;;10
03/08/26;REDEIA;PUT;Ago-26;14,50;15.44;19,98;-0,07;;36
03/08/26;REDEIA;PUT;Ago-26;15,00;15.44;19,14;-0,24;;59
03/08/26;REDEIA;PUT;Ago-26;15,50;15.44;18,32;-0,52;;3
03/08/26;REDEIA;PUT;Ago-26;16,00;15.44;17,64;-0,81;;2
03/08/26;REDEIA;PUT;Sep-26;12,50;15.44;22,52;;;11
03/08/26;REDEIA;PUT;Sep-26;13,00;15.44;21,74;-0,01;;9
03/08/26;REDEIA;PUT;Sep-26;13,50;15.44;20,95;-0,03;;59
03/08/26;REDEIA;PUT;Sep-26;14,00;15.44;20,16;-0,08;;34
03/08/26;REDEIA;PUT;Sep-26;14,50;15.44;19,37;-0,16;;12
03/08/26;REDEIA;PUT;Sep-26;15,00;15.44;18,58;-0,31;;21
03/08/26;REDEIA;PUT;Sep-26;15,50;15.44;17,81;-0,50;;11
03/08/26;REDEIA;PUT;Sep-26;16,00;15.44;17,16;-0,71;;32
03/08/26;REDEIA;PUT;Sep-26;16,50;15.44;16,52;-0,88;;1
03/08/26;REDEIA;PUT;Oct-26;16,00;15.44;17,05;-0,66;;3
03/08/26;REDEIA;PUT;Dic-26;11,50;15.44;22,76;-0,01;;20
03/08/26;REDEIA;PUT;Dic-26;12,00;15.44;22,14;-0,02;;12
03/08/26;REDEIA;PUT;Dic-26;12,50;15.44;21,53;-0,04;;16
03/08/26;REDEIA;PUT;Dic-26;13,00;15.44;20,91;-0,07;2;6
03/08/26;REDEIA;PUT;Dic-26;13,50;15.44;20,30;-0,11;;86
03/08/26;REDEIA;PUT;Dic-26;14,00;15.44;19,68;-0,18;1;111
03/08/26;REDEIA;PUT;Dic-26;14,50;15.44;19,07;-0,26;;100
03/08/26;REDEIA;PUT;Dic-26;15,00;15.44;18,45;-0,36;3;32
03/08/26;REDEIA;PUT;Dic-26;15,50;15.44;17,85;-0,47;;3
03/08/26;REDEIA;PUT;Dic-26;16,00;15.44;17,31;-0,60;;8
03/08/26;REDEIA;PUT;Dic-26;17,00;15.44;16,23;-0,84;;1
03/08/26;REDEIA;PUT;Mar-27;11,50;15.44;21,45;-0,03;;1
03/08/26;REDEIA;PUT;Mar-27;12,00;15.44;20,96;-0,05;;8
03/08/26;REDEIA;PUT;Mar-27;12,50;15.44;20,46;-0,08;;8
03/08/26;REDEIA;PUT;Mar-27;13,00;15.44;19,96;-0,12;;103
03/08/26;REDEIA;PUT;Mar-27;13,50;15.44;19,47;-0,17;;15
03/08/26;REDEIA;PUT;Mar-27;14,00;15.44;18,97;-0,23;;162
03/08/26;REDEIA;PUT;Mar-27;14,50;15.44;18,47;-0,31;;6
03/08/26;REDEIA;PUT;Mar-27;15,00;15.44;17,98;-0,40;;1
03/08/26;REDEIA;PUT;Mar-27;15,50;15.44;17,48;-0,49;;3
03/08/26;REDEIA;PUT;Mar-27;16,00;15.44;16,98;-0,59;;1
03/08/26;REDEIA;PUT;Mar-27;17,00;15.44;15,99;-0,77;;3
03/08/26;REDEIA;PUT;Jun-27;12,50;15.44;20,10;-0,11;;4
03/08/26;REDEIA;PUT;Jun-27;14,00;15.44;18,87;-0,25;;1
03/08/26;REDEIA;PUT;Jun-27;14,50;15.44;18,46;-0,32;;7
03/08/26;REDEIA;PUT;Jun-27;15,00;15.44;18,05;-0,40;;6
03/08/26;REDEIA;PUT;Jun-27;15,50;15.44;17,63;-0,48;;13
03/08/26;REDEIA;PUT;Jun-27;16,00;15.44;17,16;-0,56;;1
03/08/26;REDEIA;PUT;Sep-27;12,50;15.44;19,18;-0,16;;5
03/08/26;REDEIA;PUT;Dic-27;14,00;15.44;17,73;-0,33;;20
03/08/26;REDEIA;PUT;Dic-27;15,00;15.44;17,13;-0,46;;11
03/08/26;REDEIA;PUT;Dic-27;19,00;15.44;13,32;-0,94;;6
03/08/26;REDEIA;PUT;Dic-28;13,00;15.44;17,62;-0,29;;1
03/08/26;REDEIA;PUT;Sep-26;14,00;15.44;20,16;-0,08;;1
03/08/26;REDEIA;PUT;Sep-26;14,50;15.44;19,37;-0,16;;6
03/08/26;REDEIA;PUT;Sep-26;15,00;15.44;18,58;-0,30;;1
03/08/26;REDEIA;PUT;Dic-26;13,50;15.44;20,30;-0,11;;4
03/08/26;REDEIA;PUT;Dic-26;15,00;15.44;18,45;-0,35;;6
03/08/26;REDEIA;PUT;Mar-27;14,00;15.44;18,97;-0,23;;2
03/08/26;REPSOL;CALL;Ago-26;19,00;26.04;42,23;1,00;;1
03/08/26;REPSOL;CALL;Ago-26;21,00;26.04;39,52;0,99;;94
03/08/26;REPSOL;CALL;Ago-26;22,00;26.04;38,16;0,98;;8
03/08/26;REPSOL;CALL;Ago-26;23,00;26.04;36,80;0,94;;65
03/08/26;REPSOL;CALL;Ago-26;24,00;26.04;35,45;0,86;;189
03/08/26;REPSOL;CALL;Ago-26;25,00;26.04;34,09;0,72;;105
03/08/26;REPSOL;CALL;Ago-26;26,00;26.04;32,73;0,53;5;178
03/08/26;REPSOL;CALL;Ago-26;27,00;26.04;32,16;0,33;;87
03/08/26;REPSOL;CALL;Ago-26;28,00;26.04;31,63;0,16;;412
03/08/26;REPSOL;CALL;Ago-26;29,00;26.04;31,09;0,07;;2
03/08/26;REPSOL;CALL;Ago-26;30,00;26.04;30,55;0,02;;50
03/08/26;REPSOL;CALL;Sep-26;16,50;26.04;41,47;1,00;;4
03/08/26;REPSOL;CALL;Sep-26;18,00;26.04;40,03;1,00;;1
03/08/26;REPSOL;CALL;Sep-26;20,00;26.04;38,11;0,98;;17
03/08/26;REPSOL;CALL;Sep-26;20,50;26.04;37,63;0,97;;1
03/08/26;REPSOL;CALL;Sep-26;21,00;26.04;37,15;0,96;;162
03/08/26;REPSOL;CALL;Sep-26;22,00;26.04;36,19;0,92;;11.953
03/08/26;REPSOL;CALL;Sep-26;23,00;26.04;35,23;0,86;;186
03/08/26;REPSOL;CALL;Sep-26;24,00;26.04;34,27;0,77;;173
03/08/26;REPSOL;CALL;Sep-26;25,00;26.04;33,31;0,66;1;535
03/08/26;REPSOL;CALL;Sep-26;26,00;26.04;32,35;0,54;;187
03/08/26;REPSOL;CALL;Sep-26;27,00;26.04;32,06;0,41;;188
03/08/26;REPSOL;CALL;Sep-26;28,00;26.04;31,81;0,29;;68
03/08/26;REPSOL;CALL;Sep-26;29,00;26.04;31,55;0,19;;5
03/08/26;REPSOL;CALL;Sep-26;30,00;26.04;31,30;0,12;;6
03/08/26;REPSOL;CALL;Sep-26;31,00;26.04;31,04;0,07;;1
03/08/26;REPSOL;CALL;Oct-26;27,00;26.04;32,50;0,44;;25
03/08/26;REPSOL;CALL;Dic-26;12,00;26.04;39,77;1,00;;2
03/08/26;REPSOL;CALL;Dic-26;13,00;26.04;39,19;1,00;;10
03/08/26;REPSOL;CALL;Dic-26;15,00;26.04;38,04;0,99;;150
03/08/26;REPSOL;CALL;Dic-26;15,50;26.04;37,75;0,99;;160
03/08/26;REPSOL;CALL;Dic-26;16,00;26.04;37,46;0,99;;150
03/08/26;REPSOL;CALL;Dic-26;16,50;26.04;37,18;0,99;;151
03/08/26;REPSOL;CALL;Dic-26;17,00;26.04;36,89;0,98;;75
03/08/26;REPSOL;CALL;Dic-26;17,50;26.04;36,60;0,97;;48
03/08/26;REPSOL;CALL;Dic-26;18,00;26.04;36,31;0,96;;107
03/08/26;REPSOL;CALL;Dic-26;18,50;26.04;36,02;0,95;;354
03/08/26;REPSOL;CALL;Dic-26;19,00;26.04;35,74;0,94;;15
03/08/26;REPSOL;CALL;Dic-26;19,50;26.04;35,45;0,93;;101
03/08/26;REPSOL;CALL;Dic-26;20,00;26.04;35,16;0,91;;64
03/08/26;REPSOL;CALL;Dic-26;21,00;26.04;34,58;0,88;;7
03/08/26;REPSOL;CALL;Dic-26;22,00;26.04;34,01;0,83;;4.060
03/08/26;REPSOL;CALL;Dic-26;23,00;26.04;33,43;0,77;;12
03/08/26;REPSOL;CALL;Dic-26;24,00;26.04;32,86;0,71;;11.643
03/08/26;REPSOL;CALL;Dic-26;25,00;26.04;32,28;0,64;;54
03/08/26;REPSOL;CALL;Dic-26;26,00;26.04;31,70;0,56;;1.185
03/08/26;REPSOL;CALL;Dic-26;27,00;26.04;31,42;0,48;;7
03/08/26;REPSOL;CALL;Dic-26;28,00;26.04;31,15;0,41;;23
03/08/26;REPSOL;CALL;Dic-26;29,00;26.04;30,88;0,33;;26
03/08/26;REPSOL;CALL;Dic-26;30,00;26.04;30,62;0,27;;43
03/08/26;REPSOL;CALL;Dic-26;31,00;26.04;30,35;0,21;;3
03/08/26;REPSOL;CALL;Dic-26;32,00;26.04;30,08;0,16;;7
03/08/26;REPSOL;CALL;Mar-27;14,50;26.04;39,39;0,99;;5
03/08/26;REPSOL;CALL;Mar-27;16,00;26.04;38,34;0,98;;15
03/08/26;REPSOL;CALL;Mar-27;16,50;26.04;37,99;0,97;;25
03/08/26;REPSOL;CALL;Mar-27;17,00;26.04;37,63;0,96;;2
03/08/26;REPSOL;CALL;Mar-27;17,50;26.04;37,28;0,95;;32
03/08/26;REPSOL;CALL;Mar-27;18,00;26.04;36,93;0,94;;55
03/08/26;REPSOL;CALL;Mar-27;18,50;26.04;36,58;0,93;;16
03/08/26;REPSOL;CALL;Mar-27;19,00;26.04;36,23;0,91;;35
03/08/26;REPSOL;CALL;Mar-27;19,50;26.04;35,87;0,90;;10
03/08/26;REPSOL;CALL;Mar-27;20,00;26.04;35,52;0,88;20;25
03/08/26;REPSOL;CALL;Mar-27;22,00;26.04;34,11;0,80;;27
03/08/26;REPSOL;CALL;Mar-27;23,00;26.04;33,41;0,75;;4.000
03/08/26;REPSOL;CALL;Mar-27;24,00;26.04;32,71;0,69;;331
03/08/26;REPSOL;CALL;Mar-27;25,00;26.04;32,00;0,63;;156
03/08/26;REPSOL;CALL;Mar-27;26,00;26.04;31,30;0,56;;1
03/08/26;REPSOL;CALL;Mar-27;27,00;26.04;31,09;0,50;;25
03/08/26;REPSOL;CALL;Mar-27;28,00;26.04;30,89;0,44;;1
03/08/26;REPSOL;CALL;Mar-27;29,00;26.04;30,70;0,38;;2.001
03/08/26;REPSOL;CALL;Mar-27;30,00;26.04;30,51;0,32;;1
03/08/26;REPSOL;CALL;Mar-27;31,00;26.04;30,32;0,27;;1
03/08/26;REPSOL;CALL;Mar-27;32,00;26.04;30,13;0,23;;180
03/08/26;REPSOL;CALL;Jun-27;11,00;26.04;40,30;1,00;;1
03/08/26;REPSOL;CALL;Jun-27;15,00;26.04;37,74;0,98;;75
03/08/26;REPSOL;CALL;Jun-27;15,50;26.04;37,42;0,97;;50
03/08/26;REPSOL;CALL;Jun-27;16,50;26.04;36,78;0,95;;53
03/08/26;REPSOL;CALL;Jun-27;17,00;26.04;36,46;0,94;;1.019
03/08/26;REPSOL;CALL;Jun-27;17,50;26.04;36,14;0,93;;27
03/08/26;REPSOL;CALL;Jun-27;19,00;26.04;35,18;0,89;;1
03/08/26;REPSOL;CALL;Jun-27;19,50;26.04;34,86;0,87;;1
03/08/26;REPSOL;CALL;Jun-27;25,00;26.04;31,34;0,62;;12
03/08/26;REPSOL;CALL;Jun-27;26,00;26.04;30,70;0,57;4;7
03/08/26;REPSOL;CALL;Jun-27;27,00;26.04;30,51;0,51;;3
03/08/26;REPSOL;CALL;Jun-27;29,00;26.04;30,18;0,41;;1
03/08/26;REPSOL;CALL;Jun-27;30,00;26.04;30,01;0,36;;20
03/08/26;REPSOL;CALL;Sep-27;15,50;26.04;38,42;0,96;;1
03/08/26;REPSOL;CALL;Sep-27;18,00;26.04;36,69;0,90;;3.000
03/08/26;REPSOL;CALL;Sep-27;18,50;26.04;36,34;0,89;;3.000
03/08/26;REPSOL;CALL;Sep-27;20,00;26.04;35,31;0,84;;2.000
03/08/26;REPSOL;CALL;Sep-27;21,00;26.04;34,61;0,80;;6
03/08/26;REPSOL;CALL;Sep-27;22,00;26.04;33,92;0,76;;5
03/08/26;REPSOL;CALL;Sep-27;24,00;26.04;32,54;0,67;;2
03/08/26;REPSOL;CALL;Sep-27;27,00;26.04;30,96;0,52;;1
03/08/26;REPSOL;CALL;Dic-27;12,00;26.04;40,82;0,99;;2
03/08/26;REPSOL;CALL;Dic-27;14,00;26.04;39,42;0,97;;1.400
03/08/26;REPSOL;CALL;Dic-27;15,00;26.04;38,71;0,96;;149
03/08/26;REPSOL;CALL;Dic-27;15,50;26.04;38,36;0,95;;2
03/08/26;REPSOL;CALL;Dic-27;16,00;26.04;38,01;0,94;;3
03/08/26;REPSOL;CALL;Dic-27;16,50;26.04;37,66;0,93;;1.528
03/08/26;REPSOL;CALL;Dic-27;17,00;26.04;37,30;0,91;;24
03/08/26;REPSOL;CALL;Dic-27;17,50;26.04;36,95;0,90;;2
03/08/26;REPSOL;CALL;Dic-27;18,00;26.04;36,60;0,89;;3
03/08/26;REPSOL;CALL;Dic-27;19,50;26.04;35,54;0,84;;5
03/08/26;REPSOL;CALL;Dic-27;20,00;26.04;35,19;0,82;;10.000
03/08/26;REPSOL;CALL;Dic-27;23,00;26.04;33,08;0,70;;4
03/08/26;REPSOL;CALL;Dic-27;24,00;26.04;32,38;0,66;;5.000
03/08/26;REPSOL;CALL;Dic-27;25,00;26.04;31,67;0,62;;1
03/08/26;REPSOL;CALL;Mar-28;16,50;26.04;37,16;0,93;;1
03/08/26;REPSOL;CALL;Mar-28;18,00;26.04;36,14;0,88;;1
03/08/26;REPSOL;CALL;Mar-28;19,00;26.04;35,47;0,85;;5
03/08/26;REPSOL;CALL;Mar-28;24,00;26.04;32,07;0,66;;6
03/08/26;REPSOL;CALL;Mar-28;25,00;26.04;31,40;0,62;;1.000
03/08/26;REPSOL;CALL;Mar-28;26,00;26.04;30,72;0,57;;2.000
03/08/26;REPSOL;CALL;Mar-28;27,00;26.04;30,53;0,53;;2.000
03/08/26;REPSOL;CALL;Mar-28;32,00;26.04;29,70;0,35;;2.000
03/08/26;REPSOL;CALL;Mar-28;33,00;26.04;29,53;0,31;;800
03/08/26;REPSOL;CALL;Jun-28;10,00;26.04;41,02;1,00;;10
03/08/26;REPSOL;CALL;Jun-28;19,00;26.04;35,49;0,83;;6
03/08/26;REPSOL;CALL;Jun-28;20,00;26.04;34,87;0,80;;10
03/08/26;REPSOL;CALL;Jun-28;22,00;26.04;33,64;0,73;;4
03/08/26;REPSOL;CALL;Jun-28;24,00;26.04;32,41;0,66;;2.500
03/08/26;REPSOL;CALL;Jun-28;32,00;26.04;30,17;0,37;;1.000
03/08/26;REPSOL;CALL;Sep-28;18,50;26.04;35,77;0,85;;1
03/08/26;REPSOL;CALL;Dic-28;16,00;26.04;36,80;0,92;;2.000
03/08/26;REPSOL;CALL;Dic-28;24,00;26.04;32,70;0,65;;1.500
03/08/26;REPSOL;CALL;Dic-28;27,00;26.04;31,55;0,55;;1
03/08/26;REPSOL;CALL;Dic-29;10,00;26.04;37,40;1,00;;200
03/08/26;REPSOL;CALL;Dic-29;11,50;26.04;36,86;1,00;;1
03/08/26;REPSOL;CALL;Dic-29;12,00;26.04;36,68;1,00;;1
03/08/26;REPSOL;CALL;Dic-29;12,50;26.04;36,50;1,00;;3
03/08/26;REPSOL;CALL;Dic-29;17,00;26.04;34,89;0,89;;25
03/08/26;REPSOL;CALL;Dic-30;22,00;26.04;32,81;0,72;;1.500
03/08/26;REPSOL;CALL;Dic-30;26,00;26.04;31,68;0,60;;3.000
03/08/26;REPSOL;PUT;Ago-26;17,50;26.04;44,05;;;2
03/08/26;REPSOL;PUT;Ago-26;18,00;26.04;43,37;;;6
03/08/26;REPSOL;PUT;Ago-26;19,00;26.04;42,01;;;1
03/08/26;REPSOL;PUT;Ago-26;19,50;26.04;41,33;;;13
03/08/26;REPSOL;PUT;Ago-26;20,00;26.04;40,66;;1;30
03/08/26;REPSOL;PUT;Ago-26;20,50;26.04;39,98;;;8
03/08/26;REPSOL;PUT;Ago-26;21,00;26.04;39,30;-0,01;;30
03/08/26;REPSOL;PUT;Ago-26;22,00;26.04;37,94;-0,02;;16
03/08/26;REPSOL;PUT;Ago-26;23,00;26.04;36,58;-0,06;;120
03/08/26;REPSOL;PUT;Ago-26;24,00;26.04;35,23;-0,14;;322
03/08/26;REPSOL;PUT;Ago-26;25,00;26.04;33,87;-0,28;2;27
03/08/26;REPSOL;PUT;Ago-26;26,00;26.04;32,51;-0,47;3;5
03/08/26;REPSOL;PUT;Ago-26;34,00;26.04;28,18;-1,00;;3
03/08/26;REPSOL;PUT;Sep-26;6,75;26.04;49,61;;;2
03/08/26;REPSOL;PUT;Sep-26;10,50;26.04;46,01;;;9
03/08/26;REPSOL;PUT;Sep-26;11,00;26.04;45,53;;;30
03/08/26;REPSOL;PUT;Sep-26;11,50;26.04;45,05;;;51
03/08/26;REPSOL;PUT;Sep-26;12,00;26.04;44,57;;;295
03/08/26;REPSOL;PUT;Sep-26;12,50;26.04;44,09;;;80
03/08/26;REPSOL;PUT;Sep-26;13,00;26.04;43,61;;;119
03/08/26;REPSOL;PUT;Sep-26;13,50;26.04;43,13;;;12
03/08/26;REPSOL;PUT;Sep-26;14,00;26.04;42,65;;;143
03/08/26;REPSOL;PUT;Sep-26;14,50;26.04;42,17;;;277
03/08/26;REPSOL;PUT;Sep-26;15,00;26.04;41,69;;;35
03/08/26;REPSOL;PUT;Sep-26;15,50;26.04;41,21;;;6
03/08/26;REPSOL;PUT;Sep-26;16,00;26.04;40,73;;;10
03/08/26;REPSOL;PUT;Sep-26;16,50;26.04;40,25;;;200
03/08/26;REPSOL;PUT;Sep-26;17,00;26.04;39,77;;;654
03/08/26;REPSOL;PUT;Sep-26;17,50;26.04;39,29;;;204
03/08/26;REPSOL;PUT;Sep-26;18,00;26.04;38,81;;;360
03/08/26;REPSOL;PUT;Sep-26;18,50;26.04;38,33;;;211
03/08/26;REPSOL;PUT;Sep-26;19,00;26.04;37,85;-0,01;;14
03/08/26;REPSOL;PUT;Sep-26;19,50;26.04;37,37;-0,01;;104
03/08/26;REPSOL;PUT;Sep-26;20,00;26.04;36,89;-0,02;;11
03/08/26;REPSOL;PUT;Sep-26;20,50;26.04;36,41;-0,03;;5
03/08/26;REPSOL;PUT;Sep-26;21,00;26.04;35,93;-0,04;;1.504
03/08/26;REPSOL;PUT;Sep-26;22,00;26.04;34,97;-0,08;;1.105
03/08/26;REPSOL;PUT;Sep-26;23,00;26.04;34,01;-0,13;2;13
03/08/26;REPSOL;PUT;Sep-26;24,00;26.04;33,05;-0,22;1;15
03/08/26;REPSOL;PUT;Sep-26;25,00;26.04;32,09;-0,33;;9
03/08/26;REPSOL;PUT;Sep-26;26,00;26.04;31,13;-0,47;;4
03/08/26;REPSOL;PUT;Sep-26;27,00;26.04;30,84;-0,60;;150
03/08/26;REPSOL;PUT;Oct-26;22,00;26.04;34,40;-0,12;;2
03/08/26;REPSOL;PUT;Oct-26;25,00;26.04;31,98;-0,35;;1
03/08/26;REPSOL;PUT;Oct-26;26,00;26.04;31,17;-0,46;;1
03/08/26;REPSOL;PUT;Oct-26;27,00;26.04;30,85;-0,57;;150
03/08/26;REPSOL;PUT;Dic-26;8,00;26.04;41,69;;;9.500
03/08/26;REPSOL;PUT;Dic-26;8,75;26.04;41,26;;;1
03/08/26;REPSOL;PUT;Dic-26;9,00;26.04;41,12;;;13.015
03/08/26;REPSOL;PUT;Dic-26;9,50;26.04;40,83;;;750
03/08/26;REPSOL;PUT;Dic-26;10,00;26.04;40,54;;;34.000
03/08/26;REPSOL;PUT;Dic-26;10,50;26.04;40,25;;;1.000
03/08/26;REPSOL;PUT;Dic-26;11,00;26.04;39,96;;;15.621
03/08/26;REPSOL;PUT;Dic-26;11,50;26.04;39,68;;;3.187
03/08/26;REPSOL;PUT;Dic-26;12,00;26.04;39,39;;;15.760
03/08/26;REPSOL;PUT;Dic-26;12,50;26.04;39,10;;;156
03/08/26;REPSOL;PUT;Dic-26;13,00;26.04;38,81;;;12.000
03/08/26;REPSOL;PUT;Dic-26;13,50;26.04;38,52;;;1
03/08/26;REPSOL;PUT;Dic-26;14,00;26.04;38,24;;;11.025
03/08/26;REPSOL;PUT;Dic-26;14,50;26.04;37,95;;;224
03/08/26;REPSOL;PUT;Dic-26;15,00;26.04;37,66;-0,01;;4.184
03/08/26;REPSOL;PUT;Dic-26;15,50;26.04;37,37;-0,01;;21.501
03/08/26;REPSOL;PUT;Dic-26;16,00;26.04;37,08;-0,01;;2.160
03/08/26;REPSOL;PUT;Dic-26;16,50;26.04;36,80;-0,01;;161
03/08/26;REPSOL;PUT;Dic-26;17,00;26.04;36,51;-0,02;;136
03/08/26;REPSOL;PUT;Dic-26;17,50;26.04;36,22;-0,03;;160
03/08/26;REPSOL;PUT;Dic-26;18,00;26.04;35,93;-0,03;;26
03/08/26;REPSOL;PUT;Dic-26;18,50;26.04;35,64;-0,04;;1
03/08/26;REPSOL;PUT;Dic-26;19,00;26.04;35,36;-0,05;;4.102
03/08/26;REPSOL;PUT;Dic-26;19,50;26.04;35,07;-0,07;;116
03/08/26;REPSOL;PUT;Dic-26;20,00;26.04;34,78;-0,08;5;2.035
03/08/26;REPSOL;PUT;Dic-26;20,50;26.04;34,49;-0,10;;4
03/08/26;REPSOL;PUT;Dic-26;21,00;26.04;34,20;-0,12;;293
03/08/26;REPSOL;PUT;Dic-26;22,00;26.04;33,63;-0,17;;74
03/08/26;REPSOL;PUT;Dic-26;23,00;26.04;33,05;-0,23;;11
03/08/26;REPSOL;PUT;Dic-26;24,00;26.04;32,48;-0,29;;27
03/08/26;REPSOL;PUT;Dic-26;25,00;26.04;31,90;-0,37;;19
03/08/26;REPSOL;PUT;Dic-26;26,00;26.04;31,32;-0,45;;4
03/08/26;REPSOL;PUT;Dic-26;27,00;26.04;31,04;-0,53;;9
03/08/26;REPSOL;PUT;Dic-26;28,00;26.04;30,77;-0,60;;20
03/08/26;REPSOL;PUT;Dic-26;31,00;26.04;29,97;-0,81;4;4
03/08/26;REPSOL;PUT;Mar-27;7,25;26.04;42,65;;;4
03/08/26;REPSOL;PUT;Mar-27;8,00;26.04;42,12;;;1
03/08/26;REPSOL;PUT;Mar-27;10,00;26.04;40,71;;;245
03/08/26;REPSOL;PUT;Mar-27;11,50;26.04;39,66;;;216
03/08/26;REPSOL;PUT;Mar-27;12,00;26.04;39,30;;;210
03/08/26;REPSOL;PUT;Mar-27;12,50;26.04;38,95;-0,01;;401
03/08/26;REPSOL;PUT;Mar-27;13,50;26.04;38,25;-0,01;;4
03/08/26;REPSOL;PUT;Mar-27;14,00;26.04;37,90;-0,01;;55
03/08/26;REPSOL;PUT;Mar-27;14,50;26.04;37,54;-0,02;;100
03/08/26;REPSOL;PUT;Mar-27;15,00;26.04;37,19;-0,02;;140
03/08/26;REPSOL;PUT;Mar-27;15,50;26.04;36,84;-0,03;;250
03/08/26;REPSOL;PUT;Mar-27;16,00;26.04;36,49;-0,04;;754
03/08/26;REPSOL;PUT;Mar-27;16,50;26.04;36,14;-0,04;;25
03/08/26;REPSOL;PUT;Mar-27;17,00;26.04;35,78;-0,05;;75
03/08/26;REPSOL;PUT;Mar-27;18,00;26.04;35,08;-0,07;;20
03/08/26;REPSOL;PUT;Mar-27;18,50;26.04;34,73;-0,09;;6
03/08/26;REPSOL;PUT;Mar-27;19,00;26.04;34,38;-0,10;;100
03/08/26;REPSOL;PUT;Mar-27;20,00;26.04;33,67;-0,14;100;300
03/08/26;REPSOL;PUT;Mar-27;21,00;26.04;32,97;-0,18;;210
03/08/26;REPSOL;PUT;Mar-27;22,00;26.04;32,26;-0,22;;31
03/08/26;REPSOL;PUT;Mar-27;23,00;26.04;31,56;-0,28;;10
03/08/26;REPSOL;PUT;Mar-27;24,00;26.04;30,86;-0,34;;3
03/08/26;REPSOL;PUT;Mar-27;25,00;26.04;30,15;-0,40;;21
03/08/26;REPSOL;PUT;Mar-27;26,00;26.04;29,45;-0,47;;15
03/08/26;REPSOL;PUT;Mar-27;27,00;26.04;29,24;-0,53;;20
03/08/26;REPSOL;PUT;Mar-27;28,00;26.04;29,04;-0,59;;2
03/08/26;REPSOL;PUT;Jun-27;8,00;26.04;40,41;;;25.000
03/08/26;REPSOL;PUT;Jun-27;9,50;26.04;39,45;;;40
03/08/26;REPSOL;PUT;Jun-27;10,00;26.04;39,13;;;10
03/08/26;REPSOL;PUT;Jun-27;10,50;26.04;38,81;;;2
03/08/26;REPSOL;PUT;Jun-27;11,50;26.04;38,17;-0,01;;80
03/08/26;REPSOL;PUT;Jun-27;12,00;26.04;37,85;-0,01;;210
03/08/26;REPSOL;PUT;Jun-27;12,50;26.04;37,53;-0,01;;200
03/08/26;REPSOL;PUT;Jun-27;13,00;26.04;37,21;-0,01;;5.010
03/08/26;REPSOL;PUT;Jun-27;13,50;26.04;36,89;-0,02;;183
03/08/26;REPSOL;PUT;Jun-27;14,00;26.04;36,57;-0,02;;38
03/08/26;REPSOL;PUT;Jun-27;14,50;26.04;36,25;-0,03;;20
03/08/26;REPSOL;PUT;Jun-27;15,00;26.04;35,93;-0,04;;20
03/08/26;REPSOL;PUT;Jun-27;16,00;26.04;35,29;-0,05;10;35
03/08/26;REPSOL;PUT;Jun-27;19,50;26.04;33,05;-0,14;;100
03/08/26;REPSOL;PUT;Jun-27;21,00;26.04;32,09;-0,20;;2
03/08/26;REPSOL;PUT;Jun-27;22,00;26.04;31,45;-0,24;;2
03/08/26;REPSOL;PUT;Jun-27;24,00;26.04;30,17;-0,34;;11
03/08/26;REPSOL;PUT;Jun-27;25,00;26.04;29,53;-0,39;;1
03/08/26;REPSOL;PUT;Jun-27;26,00;26.04;28,89;-0,45;;2
03/08/26;REPSOL;PUT;Sep-27;10,50;26.04;39,41;-0,01;;100
03/08/26;REPSOL;PUT;Sep-27;11,00;26.04;39,07;-0,01;;101
03/08/26;REPSOL;PUT;Sep-27;11,50;26.04;38,72;-0,02;;100
03/08/26;REPSOL;PUT;Sep-27;12,00;26.04;38,38;-0,02;;104
03/08/26;REPSOL;PUT;Sep-27;14,00;26.04;36,99;-0,04;;25
03/08/26;REPSOL;PUT;Sep-27;14,50;26.04;36,65;-0,05;;420
03/08/26;REPSOL;PUT;Sep-27;15,00;26.04;36,30;-0,06;;2
03/08/26;REPSOL;PUT;Sep-27;15,50;26.04;35,96;-0,07;;159
03/08/26;REPSOL;PUT;Sep-27;18,00;26.04;34,23;-0,12;;1.000
03/08/26;REPSOL;PUT;Sep-27;19,00;26.04;33,54;-0,15;;5
03/08/26;REPSOL;PUT;Sep-27;24,00;26.04;30,08;-0,36;;1
03/08/26;REPSOL;PUT;Sep-27;25,00;26.04;29,39;-0,41;;1
03/08/26;REPSOL;PUT;Dic-27;7,75;26.04;40,29;;;234
03/08/26;REPSOL;PUT;Dic-27;8,00;26.04;40,11;;;23.000
03/08/26;REPSOL;PUT;Dic-27;8,50;26.04;39,76;;;8.000
03/08/26;REPSOL;PUT;Dic-27;9,00;26.04;39,41;-0,01;;7.000
03/08/26;REPSOL;PUT;Dic-27;9,75;26.04;38,88;-0,01;;62
03/08/26;REPSOL;PUT;Dic-27;10,00;26.04;38,70;-0,01;;11.028
03/08/26;REPSOL;PUT;Dic-27;10,50;26.04;38,35;-0,01;;12.938
03/08/26;REPSOL;PUT;Dic-27;11,00;26.04;38,00;-0,02;;27.620
03/08/26;REPSOL;PUT;Dic-27;12,00;26.04;37,29;-0,02;;1
03/08/26;REPSOL;PUT;Dic-27;12,50;26.04;36,94;-0,03;;25
03/08/26;REPSOL;PUT;Dic-27;13,00;26.04;36,59;-0,03;;266
03/08/26;REPSOL;PUT;Dic-27;14,00;26.04;35,89;-0,05;;15.000
03/08/26;REPSOL;PUT;Dic-27;14,50;26.04;35,53;-0,06;;7
03/08/26;REPSOL;PUT;Dic-27;15,00;26.04;35,18;-0,06;;7.001
03/08/26;REPSOL;PUT;Dic-27;16,00;26.04;34,48;-0,08;;30.000
03/08/26;REPSOL;PUT;Dic-27;16,50;26.04;34,13;-0,09;;1.525
03/08/26;REPSOL;PUT;Dic-27;17,00;26.04;33,77;-0,11;;25
03/08/26;REPSOL;PUT;Dic-27;18,00;26.04;33,07;-0,13;;101
03/08/26;REPSOL;PUT;Dic-27;20,00;26.04;31,66;-0,19;;2
03/08/26;REPSOL;PUT;Dic-27;21,00;26.04;30,96;-0,23;;50
03/08/26;REPSOL;PUT;Dic-27;22,00;26.04;30,25;-0,27;;20
03/08/26;REPSOL;PUT;Dic-27;23,00;26.04;29,55;-0,31;;9
03/08/26;REPSOL;PUT;Dic-27;24,00;26.04;28,85;-0,36;;10
03/08/26;REPSOL;PUT;Dic-27;25,00;26.04;28,14;-0,41;;1
03/08/26;REPSOL;PUT;Dic-27;26,00;26.04;27,44;-0,46;;3
03/08/26;REPSOL;PUT;Mar-28;12,00;26.04;35,71;-0,03;;1.000
03/08/26;REPSOL;PUT;Mar-28;13,50;26.04;34,69;-0,05;;1.000
03/08/26;REPSOL;PUT;Mar-28;18,00;26.04;31,63;-0,15;;151
03/08/26;REPSOL;PUT;Mar-28;21,00;26.04;29,60;-0,24;;120
03/08/26;REPSOL;PUT;Mar-28;22,00;26.04;28,92;-0,28;;114
03/08/26;REPSOL;PUT;Mar-28;26,00;26.04;26,21;-0,46;;25
03/08/26;REPSOL;PUT;Jun-28;18,00;26.04;31,38;-0,15;;4.000
03/08/26;REPSOL;PUT;Jun-28;19,50;26.04;30,46;-0,20;;1
03/08/26;REPSOL;PUT;Jun-28;21,00;26.04;29,54;-0,25;;120
03/08/26;REPSOL;PUT;Jun-28;22,00;26.04;28,92;-0,29;;6.500
03/08/26;REPSOL;PUT;Jun-28;23,00;26.04;28,31;-0,33;;107
03/08/26;REPSOL;PUT;Sep-28;18,00;26.04;31,17;-0,17;;300
03/08/26;REPSOL;PUT;Dic-28;9,00;26.04;35,36;-0,01;;40.500
03/08/26;REPSOL;PUT;Dic-28;10,00;26.04;34,84;-0,02;;10.000
03/08/26;REPSOL;PUT;Dic-28;11,50;26.04;34,07;-0,04;;1.000
03/08/26;REPSOL;PUT;Dic-28;15,00;26.04;32,28;-0,10;;30.250
03/08/26;REPSOL;PUT;Dic-28;18,00;26.04;30,75;-0,17;;1.000
03/08/26;REPSOL;PUT;Dic-28;23,00;26.04;28,19;-0,34;;1
03/08/26;REPSOL;PUT;Dic-28;24,00;26.04;27,67;-0,38;;1.500
03/08/26;REPSOL;PUT;Dic-28;26,00;26.04;26,65;-0,45;;9
03/08/26;REPSOL;PUT;Jun-29;11,00;26.04;33,09;-0,04;;140
03/08/26;REPSOL;PUT;Dic-29;7,75;26.04;33,02;-0,01;;30.000
03/08/26;REPSOL;PUT;Dic-29;8,00;26.04;32,93;-0,01;;17.000
03/08/26;REPSOL;PUT;Dic-29;11,00;26.04;31,85;-0,05;;20.000
03/08/26;REPSOL;PUT;Dic-29;11,50;26.04;31,67;-0,05;;17.000
03/08/26;REPSOL;PUT;Dic-29;12,50;26.04;31,31;-0,07;;800
03/08/26;REPSOL;PUT;Dic-29;24,00;26.04;27,19;-0,38;;20
03/08/26;REPSOL;PUT;Dic-30;14,00;26.04;29,74;-0,12;;3.000
03/08/26;REPSOL;PUT;Dic-30;18,50;26.04;28,47;-0,23;;3.000
03/08/26;REPSOL;CALL;Ago-26;18,00;26.04;43,59;1,00;;5
03/08/26;REPSOL;CALL;Ago-26;20,00;26.04;40,88;1,00;;5
03/08/26;REPSOL;CALL;Ago-26;21,00;26.04;39,52;0,99;;30
03/08/26;REPSOL;CALL;Ago-26;22,00;26.04;38,16;0,98;;15
03/08/26;REPSOL;CALL;Ago-26;23,00;26.04;36,80;0,94;;10
03/08/26;REPSOL;CALL;Ago-26;23,00;26.04;36,80;0,94;;20
03/08/26;REPSOL;CALL;Ago-26;24,00;26.04;35,45;0,86;;15
03/08/26;REPSOL;CALL;Ago-26;25,00;26.04;34,09;0,72;;15
03/08/26;REPSOL;CALL;Ago-26;25,00;26.04;34,09;0,72;;20
03/08/26;REPSOL;CALL;Ago-26;26,00;26.04;32,73;0,53;;10
03/08/26;REPSOL;CALL;Ago-26;27,00;26.04;32,16;0,33;;6
03/08/26;REPSOL;CALL;Ago-26;27,00;26.04;32,16;0,33;;40
03/08/26;REPSOL;CALL;Sep-26;14,00;26.04;43,87;1,00;;1
03/08/26;REPSOL;CALL;Sep-26;14,50;26.04;43,39;1,00;;1
03/08/26;REPSOL;CALL;Sep-26;22,00;26.04;36,19;0,92;;73
03/08/26;REPSOL;CALL;Sep-26;22,00;26.04;36,19;0,92;;10
03/08/26;REPSOL;CALL;Sep-26;23,00;26.04;35,23;0,86;;14
03/08/26;REPSOL;CALL;Sep-26;24,00;26.04;34,27;0,77;;10
03/08/26;REPSOL;CALL;Sep-26;24,00;26.04;34,27;0,77;;1
03/08/26;REPSOL;CALL;Sep-26;26,00;26.04;32,35;0,54;;1
03/08/26;REPSOL;CALL;Sep-26;26,00;26.04;32,35;0,54;;10
03/08/26;REPSOL;CALL;Sep-26;28,00;26.04;31,81;0,29;;20
03/08/26;REPSOL;CALL;Sep-26;28,00;26.04;31,81;0,29;;10
03/08/26;REPSOL;CALL;Dic-26;14,50;26.04;38,33;0,99;;1
03/08/26;REPSOL;CALL;Dic-26;15,00;26.04;38,04;0,98;;33
03/08/26;REPSOL;CALL;Dic-26;17,00;26.04;36,89;0,97;;7
03/08/26;REPSOL;CALL;Dic-26;18,00;26.04;36,31;0,96;;26
03/08/26;REPSOL;CALL;Dic-26;21,00;26.04;34,58;0,87;;10
03/08/26;REPSOL;CALL;Dic-26;23,00;26.04;33,43;0,77;;6
03/08/26;REPSOL;CALL;Dic-26;24,00;26.04;32,86;0,70;;10
03/08/26;REPSOL;CALL;Dic-26;24,00;26.04;32,86;0,70;;127
03/08/26;REPSOL;CALL;Dic-26;25,00;26.04;32,28;0,63;;17
03/08/26;REPSOL;CALL;Dic-26;26,00;26.04;31,70;0,56;;20
03/08/26;REPSOL;CALL;Dic-26;27,00;26.04;31,42;0,48;;16
03/08/26;REPSOL;CALL;Dic-26;28,00;26.04;31,15;0,40;;20
03/08/26;REPSOL;CALL;Mar-27;22,00;26.04;34,11;0,76;;1
03/08/26;REPSOL;CALL;Mar-27;23,00;26.04;33,41;0,71;;1
03/08/26;REPSOL;CALL;Mar-27;24,00;26.04;32,71;0,65;;6
03/08/26;REPSOL;CALL;Mar-27;27,00;26.04;31,09;0,48;;10
03/08/26;REPSOL;CALL;Dic-27;12,00;26.04;40,82;0,93;;15.000
03/08/26;REPSOL;CALL;Dic-27;16,00;26.04;38,01;0,87;;7
03/08/26;REPSOL;CALL;Jun-28;26,00;26.04;31,18;0,54;;1
03/08/26;REPSOL;CALL;Dic-28;15,25;26.04;37,18;0,83;;750
03/08/26;REPSOL;PUT;Ago-26;19,00;26.04;42,01;;;5
03/08/26;REPSOL;PUT;Ago-26;20,00;26.04;40,66;;;10
03/08/26;REPSOL;PUT;Ago-26;22,00;26.04;37,94;-0,02;;10
03/08/26;REPSOL;PUT;Ago-26;22,00;26.04;37,94;-0,02;;10
03/08/26;REPSOL;PUT;Ago-26;24,00;26.04;35,23;-0,14;;40
03/08/26;REPSOL;PUT;Ago-26;25,00;26.04;33,87;-0,28;;10
03/08/26;REPSOL;PUT;Ago-26;25,00;26.04;33,87;-0,28;;15
03/08/26;REPSOL;PUT;Sep-26;11,00;26.04;45,53;;;1.200
03/08/26;REPSOL;PUT;Sep-26;16,00;26.04;40,73;;;10
03/08/26;REPSOL;PUT;Sep-26;18,00;26.04;38,81;;;5
03/08/26;REPSOL;PUT;Sep-26;19,00;26.04;37,85;-0,01;;15
03/08/26;REPSOL;PUT;Sep-26;19,50;26.04;37,37;-0,01;;10
03/08/26;REPSOL;PUT;Sep-26;23,00;26.04;34,01;-0,13;;5
03/08/26;REPSOL;PUT;Sep-26;24,00;26.04;33,05;-0,22;;20
03/08/26;REPSOL;PUT;Sep-26;25,00;26.04;32,09;-0,33;1;2
03/08/26;REPSOL;PUT;Dic-26;11,00;26.04;39,96;;;1
03/08/26;REPSOL;PUT;Dic-26;13,50;26.04;38,52;;;150
03/08/26;REPSOL;PUT;Dic-26;14,50;26.04;37,95;;;150
03/08/26;REPSOL;PUT;Dic-26;15,00;26.04;37,66;-0,01;;1
03/08/26;REPSOL;PUT;Dic-26;15,50;26.04;37,37;-0,01;;450
03/08/26;REPSOL;PUT;Dic-26;17,00;26.04;36,51;-0,02;;154
03/08/26;REPSOL;PUT;Dic-26;18,00;26.04;35,93;-0,03;;7
03/08/26;REPSOL;PUT;Dic-26;19,00;26.04;35,36;-0,05;;33
03/08/26;REPSOL;PUT;Dic-26;19,50;26.04;35,07;-0,07;;20
03/08/26;REPSOL;PUT;Dic-26;20,00;26.04;34,78;-0,08;;15
03/08/26;REPSOL;PUT;Dic-26;20,00;26.04;34,78;-0,08;;20
03/08/26;REPSOL;PUT;Dic-26;21,00;26.04;34,20;-0,12;;10
03/08/26;REPSOL;PUT;Dic-26;22,00;26.04;33,63;-0,17;;15
03/08/26;REPSOL;PUT;Dic-26;22,00;26.04;33,63;-0,17;;10
03/08/26;REPSOL;PUT;Mar-27;11,50;26.04;39,66;;;1
03/08/26;REPSOL;PUT;Sep-27;17,00;26.04;34,92;-0,09;;5
03/08/26;REPSOL;PUT;Dic-28;15,25;26.04;32,15;-0,09;;750
03/08/26;SACYR;CALL;Dic-26;3,70;4.63;27,46;0,93;;10
03/08/26;SACYR;CALL;Dic-26;3,90;4.63;27,33;0,87;;25
03/08/26;SACYR;CALL;Dic-26;4,00;4.63;27,27;0,84;;5
03/08/26;SACYR;CALL;Dic-26;4,20;4.63;27,14;0,76;;20
03/08/26;SACYR;CALL;Dic-26;4,30;4.63;27,07;0,72;;43
03/08/26;SACYR;CALL;Dic-26;4,50;4.63;26,94;0,62;;10
03/08/26;SACYR;CALL;Dic-26;4,70;4.63;26,75;0,52;;10
03/08/26;SACYR;CALL;Dic-26;4,80;4.63;26,60;0,46;;10
03/08/26;SACYR;CALL;Dic-26;5,00;4.63;26,29;0,37;;30
03/08/26;SACYR;CALL;Mar-27;3,70;4.63;25,81;0,90;;10
03/08/26;SACYR;CALL;Mar-27;3,80;4.63;25,76;0,88;;10
03/08/26;SACYR;CALL;Mar-27;4,80;4.63;25,12;0,48;;20.000
03/08/26;SACYR;CALL;Jun-27;3,90;4.63;24,66;0,82;;25
03/08/26;SACYR;CALL;Jun-27;4,80;4.63;24,24;0,50;;10
03/08/26;SACYR;CALL;Jun-27;4,90;4.63;24,17;0,46;;20
03/08/26;SACYR;CALL;Jun-27;5,00;4.63;24,11;0,43;;10
03/08/26;SACYR;CALL;Dic-27;4,00;4.63;23,73;0,77;;25
03/08/26;SACYR;PUT;Sep-26;3,60;4.63;26,84;;;20
03/08/26;SACYR;PUT;Sep-26;4,50;4.63;26,52;-0,36;;100
03/08/26;SACYR;PUT;Dic-26;3,50;4.63;27,57;-0,04;;10
03/08/26;SACYR;PUT;Dic-26;4,50;4.63;26,92;-0,39;;1.000
03/08/26;SACYR;PUT;Dic-26;4,70;4.63;26,73;-0,49;;50
03/08/26;SACYR;PUT;Dic-26;5,00;4.63;26,27;-0,65;;100
03/08/26;SACYR;PUT;Mar-27;4,20;4.63;25,50;-0,28;;3
03/08/26;SACYR;PUT;Jun-27;3,40;4.63;24,85;-0,07;;20
03/08/26;SACYR;PUT;Jun-27;4,50;4.63;24,37;-0,40;;1.000
03/08/26;SANTANDER;CALL;Ago-26;9,00;12.57;39,49;1,00;;155
03/08/26;SANTANDER;CALL;Ago-26;10,00;12.57;35,86;1,00;;10
03/08/26;SANTANDER;CALL;Ago-26;10,50;12.57;34,04;0,99;1;1.801
03/08/26;SANTANDER;CALL;Ago-26;11,00;12.57;32,22;0,97;;461
03/08/26;SANTANDER;CALL;Ago-26;11,50;12.57;30,40;0,91;2;10
03/08/26;SANTANDER;CALL;Ago-26;12,00;12.57;28,59;0,78;6;263
03/08/26;SANTANDER;CALL;Ago-26;12,50;12.57;26,77;0,55;11;62
03/08/26;SANTANDER;CALL;Ago-26;13,00;12.57;26,32;0,30;;261
03/08/26;SANTANDER;CALL;Ago-26;13,50;12.57;26,08;0,12;;100
03/08/26;SANTANDER;CALL;Sep-26;5,50;12.57;50,63;1,00;;16
03/08/26;SANTANDER;CALL;Sep-26;5,75;12.57;49,79;1,00;;1
03/08/26;SANTANDER;CALL;Sep-26;6,00;12.57;48,95;1,00;;2
03/08/26;SANTANDER;CALL;Sep-26;6,50;12.57;47,27;1,00;;11
03/08/26;SANTANDER;CALL;Sep-26;7,00;12.57;45,58;1,00;;4
03/08/26;SANTANDER;CALL;Sep-26;7,75;12.57;43,05;1,00;;30
03/08/26;SANTANDER;CALL;Sep-26;8,00;12.57;42,21;1,00;;100
03/08/26;SANTANDER;CALL;Sep-26;8,50;12.57;40,53;1,00;;458
03/08/26;SANTANDER;CALL;Sep-26;8,75;12.57;39,69;1,00;;3.200
03/08/26;SANTANDER;CALL;Sep-26;9,00;12.57;38,84;0,99;;1
03/08/26;SANTANDER;CALL;Sep-26;9,25;12.57;38,00;0,99;;9
03/08/26;SANTANDER;CALL;Sep-26;9,50;12.57;37,16;0,99;;4
03/08/26;SANTANDER;CALL;Sep-26;9,75;12.57;36,32;0,98;;5.031
03/08/26;SANTANDER;CALL;Sep-26;10,00;12.57;35,47;0,97;;52
03/08/26;SANTANDER;CALL;Sep-26;10,50;12.57;33,79;0,94;;155
03/08/26;SANTANDER;CALL;Sep-26;11,00;12.57;32,11;0,89;;23
03/08/26;SANTANDER;CALL;Sep-26;11,50;12.57;30,42;0,82;;7
03/08/26;SANTANDER;CALL;Sep-26;12,00;12.57;28,74;0,70;13;11.107
03/08/26;SANTANDER;CALL;Sep-26;12,50;12.57;27,05;0,55;;10
03/08/26;SANTANDER;CALL;Sep-26;13,00;12.57;26,52;0,39;11;41
03/08/26;SANTANDER;CALL;Sep-26;13,50;12.57;26,16;0,24;;30
03/08/26;SANTANDER;CALL;Sep-26;14,50;12.57;25,44;0,07;;3
03/08/26;SANTANDER;CALL;Oct-26;11,50;12.57;31,15;0,77;;10
03/08/26;SANTANDER;CALL;Dic-26;3,00;12.57;58,54;1,00;;1
03/08/26;SANTANDER;CALL;Dic-26;4,00;12.57;55,55;1,00;;100
03/08/26;SANTANDER;CALL;Dic-26;4,50;12.57;54,05;1,00;;1
03/08/26;SANTANDER;CALL;Dic-26;4,80;12.57;53,15;1,00;;5.050
03/08/26;SANTANDER;CALL;Dic-26;4,90;12.57;52,85;1,00;;50
03/08/26;SANTANDER;CALL;Dic-26;5,00;12.57;52,55;1,00;;25
03/08/26;SANTANDER;CALL;Dic-26;5,25;12.57;51,80;1,00;;25
03/08/26;SANTANDER;CALL;Dic-26;5,75;12.57;50,30;1,00;;6
03/08/26;SANTANDER;CALL;Dic-26;6,00;12.57;49,55;1,00;;7
03/08/26;SANTANDER;CALL;Dic-26;6,50;12.57;48,05;1,00;;5
03/08/26;SANTANDER;CALL;Dic-26;7,00;12.57;46,55;0,99;;86
03/08/26;SANTANDER;CALL;Dic-26;7,50;12.57;45,06;0,99;;28
03/08/26;SANTANDER;CALL;Dic-26;7,75;12.57;44,31;0,98;;2
03/08/26;SANTANDER;CALL;Dic-26;8,00;12.57;43,56;0,98;;10.163
03/08/26;SANTANDER;CALL;Dic-26;8,25;12.57;42,81;0,97;;110
03/08/26;SANTANDER;CALL;Dic-26;8,50;12.57;42,06;0,96;;100
03/08/26;SANTANDER;CALL;Dic-26;8,75;12.57;41,31;0,95;;22
03/08/26;SANTANDER;CALL;Dic-26;9,00;12.57;40,56;0,94;;284
03/08/26;SANTANDER;CALL;Dic-26;9,25;12.57;39,81;0,93;;2
03/08/26;SANTANDER;CALL;Dic-26;9,50;12.57;39,06;0,92;;102
03/08/26;SANTANDER;CALL;Dic-26;9,75;12.57;38,31;0,90;;5
03/08/26;SANTANDER;CALL;Dic-26;10,00;12.57;37,56;0,88;;67
03/08/26;SANTANDER;CALL;Dic-26;10,50;12.57;36,06;0,84;;97
03/08/26;SANTANDER;CALL;Dic-26;11,00;12.57;34,56;0,78;;68
03/08/26;SANTANDER;CALL;Dic-26;11,50;12.57;33,07;0,72;;89
03/08/26;SANTANDER;CALL;Dic-26;12,00;12.57;31,57;0,64;;61
03/08/26;SANTANDER;CALL;Dic-26;12,50;12.57;30,07;0,55;;85.902
03/08/26;SANTANDER;CALL;Dic-26;13,00;12.57;29,49;0,46;1;5.000
03/08/26;SANTANDER;CALL;Dic-26;13,50;12.57;29,05;0,38;100;21
03/08/26;SANTANDER;CALL;Dic-26;14,00;12.57;28,61;0,30;;110
03/08/26;SANTANDER;CALL;Dic-26;14,50;12.57;28,18;0,23;;100
03/08/26;SANTANDER;CALL;Mar-27;4,60;12.57;51,38;1,00;;25
03/08/26;SANTANDER;CALL;Mar-27;4,70;12.57;51,11;1,00;;25
03/08/26;SANTANDER;CALL;Mar-27;4,80;12.57;50,85;1,00;;50
03/08/26;SANTANDER;CALL;Mar-27;4,90;12.57;50,58;1,00;;50
03/08/26;SANTANDER;CALL;Mar-27;5,00;12.57;50,31;1,00;;50
03/08/26;SANTANDER;CALL;Mar-27;5,25;12.57;49,64;1,00;;25
03/08/26;SANTANDER;CALL;Mar-27;6,00;12.57;47,63;0,99;;25
03/08/26;SANTANDER;CALL;Mar-27;6,25;12.57;46,96;0,99;;25
03/08/26;SANTANDER;CALL;Mar-27;7,50;12.57;43,61;0,96;;1
03/08/26;SANTANDER;CALL;Mar-27;8,00;12.57;42,27;0,94;;3
03/08/26;SANTANDER;CALL;Mar-27;9,25;12.57;38,92;0,88;;140
03/08/26;SANTANDER;CALL;Mar-27;9,50;12.57;38,25;0,87;;36
03/08/26;SANTANDER;CALL;Mar-27;10,00;12.57;36,91;0,83;1;20
03/08/26;SANTANDER;CALL;Mar-27;11,50;12.57;32,90;0,69;;52
03/08/26;SANTANDER;CALL;Mar-27;12,00;12.57;31,56;0,63;;6.615
03/08/26;SANTANDER;CALL;Mar-27;12,50;12.57;30,22;0,56;;52.506
03/08/26;SANTANDER;CALL;Mar-27;13,00;12.57;29,69;0,50;;100
03/08/26;SANTANDER;CALL;Mar-27;13,50;12.57;29,30;0,43;;6.100
03/08/26;SANTANDER;CALL;Mar-27;14,00;12.57;28,90;0,37;;16
03/08/26;SANTANDER;CALL;Mar-27;15,00;12.57;28,10;0,25;;90
03/08/26;SANTANDER;CALL;Mar-27;15,50;12.57;27,71;0,21;;12
03/08/26;SANTANDER;CALL;Jun-27;6,00;12.57;46,16;0,99;;25
03/08/26;SANTANDER;CALL;Jun-27;6,25;12.57;45,59;0,98;;25
03/08/26;SANTANDER;CALL;Jun-27;6,50;12.57;45,01;0,98;;25
03/08/26;SANTANDER;CALL;Jun-27;6,75;12.57;44,43;0,97;;25
03/08/26;SANTANDER;CALL;Jun-27;7,00;12.57;43,86;0,96;;25
03/08/26;SANTANDER;CALL;Jun-27;7,25;12.57;43,28;0,95;;25
03/08/26;SANTANDER;CALL;Jun-27;7,50;12.57;42,70;0,94;;5
03/08/26;SANTANDER;CALL;Jun-27;8,25;12.57;40,97;0,91;;5
03/08/26;SANTANDER;CALL;Jun-27;9,00;12.57;39,24;0,87;;6.000
03/08/26;SANTANDER;CALL;Jun-27;9,75;12.57;37,51;0,82;;1
03/08/26;SANTANDER;CALL;Jun-27;10,00;12.57;36,93;0,81;;5.030
03/08/26;SANTANDER;CALL;Jun-27;10,50;12.57;35,78;0,77;;23
03/08/26;SANTANDER;CALL;Jun-27;11,00;12.57;34,62;0,73;;15
03/08/26;SANTANDER;CALL;Jun-27;12,00;12.57;32,32;0,63;;5.000
03/08/26;SANTANDER;CALL;Jun-27;12,50;12.57;31,16;0,57;;7
03/08/26;SANTANDER;CALL;Jun-27;13,00;12.57;30,70;0,52;;1
03/08/26;SANTANDER;CALL;Jun-27;15,00;12.57;29,27;0,31;;2.020
03/08/26;SANTANDER;CALL;Jun-27;16,00;12.57;28,55;0,22;;10
03/08/26;SANTANDER;CALL;Sep-27;9,00;12.57;38,59;0,85;;153
03/08/26;SANTANDER;CALL;Sep-27;12,00;12.57;32,63;0,63;;2
03/08/26;SANTANDER;CALL;Dic-27;2,30;12.57;50,93;1,00;;22
03/08/26;SANTANDER;CALL;Dic-27;4,20;12.57;47,40;1,00;;7.000
03/08/26;SANTANDER;CALL;Dic-27;4,90;12.57;46,10;1,00;;4
03/08/26;SANTANDER;CALL;Dic-27;5,00;12.57;45,92;1,00;;2
03/08/26;SANTANDER;CALL;Dic-27;5,25;12.57;45,45;0,99;;3
03/08/26;SANTANDER;CALL;Dic-27;5,50;12.57;44,99;0,99;;5
03/08/26;SANTANDER;CALL;Dic-27;7,00;12.57;42,21;0,94;;2.545
03/08/26;SANTANDER;CALL;Dic-27;7,50;12.57;41,28;0,92;;4
03/08/26;SANTANDER;CALL;Dic-27;8,00;12.57;40,35;0,90;;13
03/08/26;SANTANDER;CALL;Dic-27;8,50;12.57;39,42;0,87;;2
03/08/26;SANTANDER;CALL;Dic-27;9,00;12.57;38,49;0,85;;151
03/08/26;SANTANDER;CALL;Dic-27;9,25;12.57;38,03;0,83;;25
03/08/26;SANTANDER;CALL;Dic-27;10,00;12.57;36,63;0,78;;20
03/08/26;SANTANDER;CALL;Dic-27;10,50;12.57;35,71;0,75;;1
03/08/26;SANTANDER;CALL;Dic-27;11,00;12.57;34,78;0,71;;5.000
03/08/26;SANTANDER;CALL;Dic-27;11,50;12.57;33,85;0,67;;150
03/08/26;SANTANDER;CALL;Dic-27;12,00;12.57;32,92;0,63;;6
03/08/26;SANTANDER;CALL;Dic-27;14,00;12.57;30,92;0,46;;52.500
03/08/26;SANTANDER;CALL;Dic-27;15,00;12.57;30,26;0,38;;25.000
03/08/26;SANTANDER;CALL;Mar-28;8,75;12.57;38,46;0,85;;1
03/08/26;SANTANDER;CALL;Mar-28;9,00;12.57;38,03;0,84;;450
03/08/26;SANTANDER;CALL;Mar-28;9,25;12.57;37,61;0,82;;300
03/08/26;SANTANDER;CALL;Mar-28;9,50;12.57;37,19;0,81;;50
03/08/26;SANTANDER;CALL;Mar-28;9,75;12.57;36,76;0,79;;250
03/08/26;SANTANDER;CALL;Mar-28;10,00;12.57;36,34;0,78;;126
03/08/26;SANTANDER;CALL;Mar-28;12,00;12.57;32,94;0,63;;150
03/08/26;SANTANDER;CALL;Mar-28;13,50;12.57;31,36;0,51;;150
03/08/26;SANTANDER;CALL;Mar-28;14,00;12.57;31,03;0,48;;10.000
03/08/26;SANTANDER;CALL;Jun-28;6,00;12.57;42,66;0,97;;3
03/08/26;SANTANDER;CALL;Jun-28;7,75;12.57;39,92;0,89;;4
03/08/26;SANTANDER;CALL;Jun-28;9,50;12.57;37,18;0,80;;5
03/08/26;SANTANDER;CALL;Jun-28;10,00;12.57;36,40;0,77;;150
03/08/26;SANTANDER;CALL;Jun-28;12,50;12.57;32,48;0,60;;2
03/08/26;SANTANDER;CALL;Sep-28;15,50;12.57;30,92;0,41;;15
03/08/26;SANTANDER;CALL;Dic-28;8,50;12.57;38,58;0,85;;3.004
03/08/26;SANTANDER;CALL;Dic-28;9,00;12.57;37,89;0,82;;4
03/08/26;SANTANDER;CALL;Dic-28;12,00;12.57;33,75;0,64;;5.000
03/08/26;SANTANDER;PUT;Ago-26;9,75;12.57;37,56;;;423
03/08/26;SANTANDER;PUT;Ago-26;10,00;12.57;36,66;;;220
03/08/26;SANTANDER;PUT;Ago-26;10,50;12.57;34,84;-0,01;;125
03/08/26;SANTANDER;PUT;Ago-26;11,00;12.57;33,02;-0,03;;435
03/08/26;SANTANDER;PUT;Ago-26;11,50;12.57;31,20;-0,09;50;779
03/08/26;SANTANDER;PUT;Ago-26;12,00;12.57;29,39;-0,23;1;270
03/08/26;SANTANDER;PUT;Ago-26;12,50;12.57;27,57;-0,45;2;18
03/08/26;SANTANDER;PUT;Sep-26;4,00;12.57;55,84;;;2
03/08/26;SANTANDER;PUT;Sep-26;6,00;12.57;49,10;;;32.505
03/08/26;SANTANDER;PUT;Sep-26;6,75;12.57;46,57;;;103
03/08/26;SANTANDER;PUT;Sep-26;7,00;12.57;45,73;;;14.621
03/08/26;SANTANDER;PUT;Sep-26;7,25;12.57;44,89;;;30
03/08/26;SANTANDER;PUT;Sep-26;7,50;12.57;44,05;;;210
03/08/26;SANTANDER;PUT;Sep-26;7,75;12.57;43,20;;;10.010
03/08/26;SANTANDER;PUT;Sep-26;8,00;12.57;42,36;;;10.209
03/08/26;SANTANDER;PUT;Sep-26;8,25;12.57;41,52;;;91
03/08/26;SANTANDER;PUT;Sep-26;8,50;12.57;40,68;;;5.001
03/08/26;SANTANDER;PUT;Sep-26;8,75;12.57;39,84;;;55
03/08/26;SANTANDER;PUT;Sep-26;9,00;12.57;38,99;-0,01;;133
03/08/26;SANTANDER;PUT;Sep-26;9,25;12.57;38,15;-0,01;;4.041
03/08/26;SANTANDER;PUT;Sep-26;9,50;12.57;37,31;-0,01;;690
03/08/26;SANTANDER;PUT;Sep-26;9,75;12.57;36,47;-0,02;;140
03/08/26;SANTANDER;PUT;Sep-26;10,00;12.57;35,62;-0,03;;13
03/08/26;SANTANDER;PUT;Sep-26;10,50;12.57;33,94;-0,06;;2.225
03/08/26;SANTANDER;PUT;Sep-26;11,00;12.57;32,26;-0,11;;132
03/08/26;SANTANDER;PUT;Sep-26;11,50;12.57;30,57;-0,19;100;25.403
03/08/26;SANTANDER;PUT;Sep-26;12,00;12.57;28,89;-0,30;;170
03/08/26;SANTANDER;PUT;Sep-26;12,50;12.57;27,20;-0,45;;208
03/08/26;SANTANDER;PUT;Sep-26;13,00;12.57;26,67;-0,61;1;6
03/08/26;SANTANDER;PUT;Oct-26;10,00;12.57;35,75;-0,06;;4
03/08/26;SANTANDER;PUT;Oct-26;11,00;12.57;32,54;-0,16;140;140
03/08/26;SANTANDER;PUT;Oct-26;11,50;12.57;30,93;-0,23;;653
03/08/26;SANTANDER;PUT;Oct-26;12,00;12.57;29,33;-0,33;;16
03/08/26;SANTANDER;PUT;Oct-26;12,50;12.57;27,72;-0,45;;6
03/08/26;SANTANDER;PUT;Dic-26;2,50;12.57;58,80;;;40
03/08/26;SANTANDER;PUT;Dic-26;2,80;12.57;57,90;;;60.000
03/08/26;SANTANDER;PUT;Dic-26;3,20;12.57;56,70;;;10
03/08/26;SANTANDER;PUT;Dic-26;3,40;12.57;56,11;;;2
03/08/26;SANTANDER;PUT;Dic-26;3,50;12.57;55,81;;;5
03/08/26;SANTANDER;PUT;Dic-26;3,60;12.57;55,51;;;50.002
03/08/26;SANTANDER;PUT;Dic-26;4,00;12.57;54,31;;;25.007
03/08/26;SANTANDER;PUT;Dic-26;4,20;12.57;53,71;;;25
03/08/26;SANTANDER;PUT;Dic-26;4,30;12.57;53,41;;;15.000
03/08/26;SANTANDER;PUT;Dic-26;4,40;12.57;53,11;;;10.000
03/08/26;SANTANDER;PUT;Dic-26;4,60;12.57;52,51;;;80
03/08/26;SANTANDER;PUT;Dic-26;4,70;12.57;52,21;;;5
03/08/26;SANTANDER;PUT;Dic-26;4,80;12.57;51,91;;;15.000
03/08/26;SANTANDER;PUT;Dic-26;4,90;12.57;51,61;;;150
03/08/26;SANTANDER;PUT;Dic-26;5,00;12.57;51,31;;;20.400
03/08/26;SANTANDER;PUT;Dic-26;5,25;12.57;50,56;;;600
03/08/26;SANTANDER;PUT;Dic-26;6,00;12.57;48,31;;;5.019
03/08/26;SANTANDER;PUT;Dic-26;6,25;12.57;47,56;-0,01;;5
03/08/26;SANTANDER;PUT;Dic-26;6,50;12.57;46,81;-0,01;;155
03/08/26;SANTANDER;PUT;Dic-26;6,75;12.57;46,06;-0,01;;156
03/08/26;SANTANDER;PUT;Dic-26;7,00;12.57;45,31;-0,01;;10.171
03/08/26;SANTANDER;PUT;Dic-26;7,25;12.57;44,56;-0,02;;50
03/08/26;SANTANDER;PUT;Dic-26;7,50;12.57;43,82;-0,02;;18
03/08/26;SANTANDER;PUT;Dic-26;7,75;12.57;43,07;-0,03;;51
03/08/26;SANTANDER;PUT;Dic-26;8,00;12.57;42,32;-0,03;;34.884
03/08/26;SANTANDER;PUT;Dic-26;8,25;12.57;41,57;-0,04;;611
03/08/26;SANTANDER;PUT;Dic-26;8,50;12.57;40,82;-0,05;;15.882
03/08/26;SANTANDER;PUT;Dic-26;8,75;12.57;40,07;-0,06;;856
03/08/26;SANTANDER;PUT;Dic-26;9,00;12.57;39,32;-0,07;;5.090
03/08/26;SANTANDER;PUT;Dic-26;9,25;12.57;38,57;-0,08;;999
03/08/26;SANTANDER;PUT;Dic-26;9,50;12.57;37,82;-0,09;;34
03/08/26;SANTANDER;PUT;Dic-26;9,75;12.57;37,07;-0,11;;20
03/08/26;SANTANDER;PUT;Dic-26;10,00;12.57;36,32;-0,13;;90.007
03/08/26;SANTANDER;PUT;Dic-26;10,50;12.57;34,82;-0,18;;15.233
03/08/26;SANTANDER;PUT;Dic-26;11,00;12.57;33,32;-0,23;;1.156
03/08/26;SANTANDER;PUT;Dic-26;11,50;12.57;31,83;-0,30;;40
03/08/26;SANTANDER;PUT;Dic-26;12,00;12.57;30,33;-0,38;;182
03/08/26;SANTANDER;PUT;Dic-26;12,50;12.57;28,83;-0,46;;20
03/08/26;SANTANDER;PUT;Dic-26;13,50;12.57;27,81;-0,64;;100
03/08/26;SANTANDER;PUT;Dic-26;14,00;12.57;27,37;-0,72;;4
03/08/26;SANTANDER;PUT;Dic-26;16,00;12.57;25,62;-0,94;;1
03/08/26;SANTANDER;PUT;Mar-27;5,25;12.57;48,64;-0,01;;470
03/08/26;SANTANDER;PUT;Mar-27;5,50;12.57;47,97;-0,01;;150
03/08/26;SANTANDER;PUT;Mar-27;6,00;12.57;46,63;-0,01;;150
03/08/26;SANTANDER;PUT;Mar-27;6,75;12.57;44,62;-0,03;;371
03/08/26;SANTANDER;PUT;Mar-27;7,00;12.57;43,95;-0,03;;1
03/08/26;SANTANDER;PUT;Mar-27;7,25;12.57;43,28;-0,04;;16.000
03/08/26;SANTANDER;PUT;Mar-27;8,00;12.57;41,27;-0,06;;100
03/08/26;SANTANDER;PUT;Mar-27;8,25;12.57;40,60;-0,07;;5.400
03/08/26;SANTANDER;PUT;Mar-27;8,50;12.57;39,93;-0,08;;100
03/08/26;SANTANDER;PUT;Mar-27;8,75;12.57;39,26;-0,09;;5
03/08/26;SANTANDER;PUT;Mar-27;9,00;12.57;38,59;-0,11;;40
03/08/26;SANTANDER;PUT;Mar-27;9,50;12.57;37,25;-0,13;5;52.500
03/08/26;SANTANDER;PUT;Mar-27;9,75;12.57;36,58;-0,15;;6.700
03/08/26;SANTANDER;PUT;Mar-27;10,00;12.57;35,91;-0,17;;25
03/08/26;SANTANDER;PUT;Mar-27;11,00;12.57;33,24;-0,26;2;581
03/08/26;SANTANDER;PUT;Mar-27;11,50;12.57;31,90;-0,32;;100
03/08/26;SANTANDER;PUT;Mar-27;12,00;12.57;30,56;-0,38;;456
03/08/26;SANTANDER;PUT;Jun-27;3,00;12.57;52,26;;;15.000
03/08/26;SANTANDER;PUT;Jun-27;4,00;12.57;49,95;;;1
03/08/26;SANTANDER;PUT;Jun-27;5,50;12.57;46,49;-0,02;;42
03/08/26;SANTANDER;PUT;Jun-27;6,00;12.57;45,33;-0,02;;20.100
03/08/26;SANTANDER;PUT;Jun-27;7,00;12.57;43,03;-0,05;;5.155
03/08/26;SANTANDER;PUT;Jun-27;7,25;12.57;42,45;-0,06;;150
03/08/26;SANTANDER;PUT;Jun-27;7,50;12.57;41,87;-0,07;;813
03/08/26;SANTANDER;PUT;Jun-27;7,75;12.57;41,29;-0,07;;150
03/08/26;SANTANDER;PUT;Jun-27;8,00;12.57;40,72;-0,08;;6.000
03/08/26;SANTANDER;PUT;Jun-27;8,75;12.57;38,99;-0,12;;10
03/08/26;SANTANDER;PUT;Jun-27;9,00;12.57;38,41;-0,13;;16.005
03/08/26;SANTANDER;PUT;Jun-27;9,50;12.57;37,26;-0,17;;5
03/08/26;SANTANDER;PUT;Jun-27;10,00;12.57;36,10;-0,20;;10.005
03/08/26;SANTANDER;PUT;Jun-27;10,50;12.57;34,95;-0,24;;5.004
03/08/26;SANTANDER;PUT;Jun-27;11,50;12.57;32,64;-0,33;;5.210
03/08/26;SANTANDER;PUT;Jun-27;12,00;12.57;31,49;-0,38;;5.005
03/08/26;SANTANDER;PUT;Sep-27;8,00;12.57;39,57;-0,10;;315
03/08/26;SANTANDER;PUT;Sep-27;9,50;12.57;36,59;-0,18;;263
03/08/26;SANTANDER;PUT;Sep-27;9,75;12.57;36,09;-0,19;;25
03/08/26;SANTANDER;PUT;Sep-27;10,00;12.57;35,60;-0,21;;5
03/08/26;SANTANDER;PUT;Sep-27;12,00;12.57;31,62;-0,38;;1
03/08/26;SANTANDER;PUT;Dic-27;3,30;12.57;47,55;;;10
03/08/26;SANTANDER;PUT;Dic-27;3,50;12.57;47,17;;;10.040
03/08/26;SANTANDER;PUT;Dic-27;3,90;12.57;46,43;-0,01;;10
03/08/26;SANTANDER;PUT;Dic-27;4,00;12.57;46,25;-0,01;;42
03/08/26;SANTANDER;PUT;Dic-27;4,20;12.57;45,87;-0,01;;7.000
03/08/26;SANTANDER;PUT;Dic-27;4,40;12.57;45,50;-0,01;;51.025
03/08/26;SANTANDER;PUT;Dic-27;4,70;12.57;44,95;-0,02;;10
03/08/26;SANTANDER;PUT;Dic-27;5,25;12.57;43,92;-0,03;;11.500
03/08/26;SANTANDER;PUT;Dic-27;5,50;12.57;43,46;-0,03;;1
03/08/26;SANTANDER;PUT;Dic-27;5,75;12.57;43,00;-0,04;;50.000
03/08/26;SANTANDER;PUT;Dic-27;6,00;12.57;42,53;-0,04;;5.150
03/08/26;SANTANDER;PUT;Dic-27;6,25;12.57;42,07;-0,05;;150
03/08/26;SANTANDER;PUT;Dic-27;6,50;12.57;41,60;-0,06;;151
03/08/26;SANTANDER;PUT;Dic-27;6,75;12.57;41,14;-0,06;;150
03/08/26;SANTANDER;PUT;Dic-27;7,00;12.57;40,68;-0,07;;10.500
03/08/26;SANTANDER;PUT;Dic-27;7,25;12.57;40,21;-0,08;;325
03/08/26;SANTANDER;PUT;Dic-27;7,50;12.57;39,75;-0,09;;300
03/08/26;SANTANDER;PUT;Dic-27;7,75;12.57;39,28;-0,10;;5.000
03/08/26;SANTANDER;PUT;Dic-27;8,00;12.57;38,82;-0,11;;75
03/08/26;SANTANDER;PUT;Dic-27;8,50;12.57;37,89;-0,14;;10.003
03/08/26;SANTANDER;PUT;Dic-27;8,75;12.57;37,43;-0,15;;23
03/08/26;SANTANDER;PUT;Dic-27;9,00;12.57;36,96;-0,16;;4.000
03/08/26;SANTANDER;PUT;Dic-27;9,75;12.57;35,57;-0,21;;25.000
03/08/26;SANTANDER;PUT;Dic-27;10,00;12.57;35,10;-0,23;;40.176
03/08/26;SANTANDER;PUT;Dic-27;10,50;12.57;34,18;-0,26;;4.745
03/08/26;SANTANDER;PUT;Dic-27;11,00;12.57;33,25;-0,30;;30.002
03/08/26;SANTANDER;PUT;Dic-27;11,50;12.57;32,32;-0,34;;25
03/08/26;SANTANDER;PUT;Dic-27;12,00;12.57;31,39;-0,38;;302
03/08/26;SANTANDER;PUT;Dic-27;12,50;12.57;30,46;-0,43;;25
03/08/26;SANTANDER;PUT;Mar-28;9,00;12.57;35,89;-0,17;;150
03/08/26;SANTANDER;PUT;Mar-28;9,25;12.57;35,47;-0,18;;150
03/08/26;SANTANDER;PUT;Mar-28;9,75;12.57;34,62;-0,21;;5
03/08/26;SANTANDER;PUT;Mar-28;10,00;12.57;34,20;-0,23;;150
03/08/26;SANTANDER;PUT;Mar-28;10,50;12.57;33,35;-0,26;;387
03/08/26;SANTANDER;PUT;Mar-28;11,00;12.57;32,50;-0,30;;20.175
03/08/26;SANTANDER;PUT;Mar-28;12,00;12.57;30,80;-0,38;;150
03/08/26;SANTANDER;PUT;Jun-28;5,00;12.57;41,58;-0,03;;10.000
03/08/26;SANTANDER;PUT;Jun-28;10,50;12.57;32,97;-0,27;;10.000
03/08/26;SANTANDER;PUT;Jun-28;11,00;12.57;32,19;-0,31;;381
03/08/26;SANTANDER;PUT;Jun-28;11,50;12.57;31,41;-0,34;;450
03/08/26;SANTANDER;PUT;Jun-28;12,00;12.57;30,63;-0,38;;602
03/08/26;SANTANDER;PUT;Dic-28;4,20;12.57;40,93;-0,02;;10.000
03/08/26;SANTANDER;PUT;Dic-28;6,00;12.57;38,45;-0,06;;12.500
03/08/26;SANTANDER;PUT;Dic-28;8,00;12.57;35,69;-0,14;;15.500
03/08/26;SANTANDER;PUT;Dic-28;8,50;12.57;35,00;-0,17;;3.000
03/08/26;SANTANDER;PUT;Dic-28;9,00;12.57;34,31;-0,19;;5.000
03/08/26;SANTANDER;PUT;Dic-28;10,00;12.57;32,93;-0,25;;12.000
03/08/26;SANTANDER;PUT;Dic-29;3,90;12.57;39,16;-0,02;;3.250
03/08/26;SANTANDER;PUT;Dic-29;5,50;12.57;37,30;-0,06;;25.000
03/08/26;SANTANDER;PUT;Dic-29;8,00;12.57;34,38;-0,16;;11.000
03/08/26;SANTANDER;PUT;Dic-29;10,50;12.57;31,46;-0,29;;200
03/08/26;SANTANDER;PUT;Dic-30;6,00;12.57;35,84;-0,09;;10.000
03/08/26;SANTANDER;CALL;Ago-26;10,00;12.57;35,86;1,00;;20
03/08/26;SANTANDER;CALL;Ago-26;10,50;12.57;34,04;0,99;;50
03/08/26;SANTANDER;CALL;Ago-26;11,00;12.57;32,22;0,97;;60
03/08/26;SANTANDER;CALL;Ago-26;11,50;12.57;30,40;0,91;;60
03/08/26;SANTANDER;CALL;Ago-26;12,00;12.57;28,59;0,78;;130
03/08/26;SANTANDER;CALL;Ago-26;12,00;12.57;28,59;0,78;;22
03/08/26;SANTANDER;CALL;Ago-26;12,50;12.57;26,77;0,55;;2.362
03/08/26;SANTANDER;CALL;Ago-26;12,50;12.57;26,77;0,55;;120
03/08/26;SANTANDER;CALL;Ago-26;13,00;12.57;26,32;0,30;;40
03/08/26;SANTANDER;CALL;Ago-26;13,00;12.57;26,32;0,30;;4.590
03/08/26;SANTANDER;CALL;Sep-26;9,00;12.57;38,84;0,99;;10
03/08/26;SANTANDER;CALL;Sep-26;10,50;12.57;33,79;0,94;;40
03/08/26;SANTANDER;CALL;Sep-26;11,00;12.57;32,11;0,89;;20
03/08/26;SANTANDER;CALL;Sep-26;11,50;12.57;30,42;0,81;;10
03/08/26;SANTANDER;CALL;Sep-26;11,50;12.57;30,42;0,81;;40
03/08/26;SANTANDER;CALL;Sep-26;12,00;12.57;28,74;0,70;;4.000
03/08/26;SANTANDER;CALL;Sep-26;12,00;12.57;28,74;0,70;;10
03/08/26;SANTANDER;CALL;Sep-26;12,50;12.57;27,05;0,55;;10
03/08/26;SANTANDER;CALL;Sep-26;12,50;12.57;27,05;0,55;;10
03/08/26;SANTANDER;CALL;Sep-26;13,00;12.57;26,52;0,39;4.500;4.510
03/08/26;SANTANDER;CALL;Sep-26;13,50;12.57;26,16;0,24;9.000;9.000
03/08/26;SANTANDER;CALL;Sep-26;13,50;12.57;26,16;0,24;10;10
03/08/26;SANTANDER;CALL;Dic-26;6,50;12.57;48,05;0,98;;36
03/08/26;SANTANDER;CALL;Dic-26;8,00;12.57;43,56;0,96;;2
03/08/26;SANTANDER;CALL;Dic-26;8,50;12.57;42,06;0,94;;2
03/08/26;SANTANDER;CALL;Dic-26;8,75;12.57;41,31;0,93;;25
03/08/26;SANTANDER;CALL;Dic-26;9,00;12.57;40,56;0,92;;10
03/08/26;SANTANDER;CALL;Dic-26;10,00;12.57;37,56;0,85;;10
03/08/26;SANTANDER;CALL;Dic-26;10,50;12.57;36,06;0,81;;12
03/08/26;SANTANDER;CALL;Dic-26;12,00;12.57;31,57;0,62;;20
03/08/26;SANTANDER;CALL;Dic-26;12,50;12.57;30,07;0,54;;2
03/08/26;SANTANDER;CALL;Dic-26;13,50;12.57;29,05;0,37;;2
03/08/26;SANTANDER;CALL;Mar-27;4,00;12.57;52,99;0,98;;30
03/08/26;SANTANDER;CALL;Mar-27;5,00;12.57;50,31;0,98;;20
03/08/26;SANTANDER;CALL;Mar-27;10,00;12.57;36,91;0,81;;1
03/08/26;SANTANDER;CALL;Sep-27;11,00;12.57;34,62;0,69;;1
03/08/26;SANTANDER;CALL;Dic-27;10,00;12.57;36,63;0,74;;1
03/08/26;SANTANDER;PUT;Ago-26;10,00;12.57;36,66;;;10
03/08/26;SANTANDER;PUT;Ago-26;11,00;12.57;33,02;-0,03;;24
03/08/26;SANTANDER;PUT;Ago-26;11,00;12.57;33,02;-0,03;;10
03/08/26;SANTANDER;PUT;Ago-26;11,50;12.57;31,20;-0,09;;12
03/08/26;SANTANDER;PUT;Ago-26;11,50;12.57;31,20;-0,09;;82
03/08/26;SANTANDER;PUT;Ago-26;12,00;12.57;29,39;-0,23;;82
03/08/26;SANTANDER;PUT;Ago-26;12,00;12.57;29,39;-0,23;;45
03/08/26;SANTANDER;PUT;Ago-26;12,50;12.57;27,57;-0,45;;30
03/08/26;SANTANDER;PUT;Ago-26;12,50;12.57;27,57;-0,45;10;10
03/08/26;SANTANDER;PUT;Ago-26;13,00;12.57;27,12;-0,69;;8
03/08/26;SANTANDER;PUT;Ago-26;13,50;12.57;26,88;-0,87;;8
03/08/26;SANTANDER;PUT;Ago-26;14,00;12.57;26,65;-0,96;5;30
03/08/26;SANTANDER;PUT;Sep-26;6,25;12.57;48,26;;;1.700
03/08/26;SANTANDER;PUT;Sep-26;7,50;12.57;44,05;;;900
03/08/26;SANTANDER;PUT;Sep-26;8,25;12.57;41,52;;;50
03/08/26;SANTANDER;PUT;Sep-26;9,50;12.57;37,31;-0,01;;10
03/08/26;SANTANDER;PUT;Sep-26;10,50;12.57;33,94;-0,06;;30.010
03/08/26;SANTANDER;PUT;Sep-26;11,00;12.57;32,26;-0,11;;1
03/08/26;SANTANDER;PUT;Sep-26;11,50;12.57;30,57;-0,19;;11
03/08/26;SANTANDER;PUT;Sep-26;11,50;12.57;30,57;-0,19;;20
03/08/26;SANTANDER;PUT;Sep-26;12,00;12.57;28,89;-0,30;;10
03/08/26;SANTANDER;PUT;Sep-26;12,00;12.57;28,89;-0,30;;56
03/08/26;SANTANDER;PUT;Sep-26;13,50;12.57;26,31;-0,75;;20
03/08/26;SANTANDER;PUT;Sep-26;14,00;12.57;25,95;-0,86;;15
03/08/26;SANTANDER;PUT;Oct-26;11,00;12.57;32,54;-0,16;;2
03/08/26;SANTANDER;PUT;Oct-26;11,50;12.57;30,93;-0,23;;1
03/08/26;SANTANDER;PUT;Oct-26;11,50;12.57;30,93;-0,23;;10
03/08/26;SANTANDER;PUT;Dic-26;6,75;12.57;46,06;-0,01;;2.800
03/08/26;SANTANDER;PUT;Dic-26;9,00;12.57;39,32;-0,07;;10
03/08/26;SANTANDER;PUT;Dic-26;9,75;12.57;37,07;-0,11;;26
03/08/26;SANTANDER;PUT;Dic-26;10,00;12.57;36,32;-0,13;;25
03/08/26;SANTANDER;PUT;Dic-26;10,50;12.57;34,82;-0,17;;1
03/08/26;SANTANDER;PUT;Dic-26;11,00;12.57;33,32;-0,23;;20
03/08/26;SANTANDER;PUT;Dic-26;11,00;12.57;33,32;-0,23;;10
03/08/26;SANTANDER;PUT;Dic-26;11,50;12.57;31,83;-0,29;;1
03/08/26;SANTANDER;PUT;Dic-26;12,00;12.57;30,33;-0,37;;1
03/08/26;SANTANDER;PUT;Dic-26;12,50;12.57;28,83;-0,45;1;1
03/08/26;SANTANDER;PUT;Mar-27;9,00;12.57;38,59;-0,10;;2
03/08/26;SANTANDER;PUT;Jun-27;11,50;12.57;32,64;-0,32;;1
03/08/26;SANTANDER;PUT;Dic-29;10,50;12.57;31,46;-0,26;;60
03/08/26;SOLARIA;CALL;Ago-26;16,00;16.34;46,61;0,60;4;4
03/08/26;SOLARIA;CALL;Ago-26;20,50;16.34;40,26;0,01;;3
03/08/26;SOLARIA;CALL;Sep-26;18,00;16.34;42,07;0,29;;25
03/08/26;SOLARIA;CALL;Dic-26;18,00;16.34;42,77;0,42;;9
03/08/26;SOLARIA;PUT;Ago-26;15,00;16.34;49,87;-0,20;;729
03/08/26;SOLARIA;PUT;Ago-26;18,00;16.34;44,69;-0,82;;10
03/08/26;SOLARIA;PUT;Ago-26;19,00;16.34;43,34;-0,94;;5
03/08/26;SOLARIA;PUT;Dic-26;14,50;16.34;47,30;-0,28;3;3
03/08/26;SOLARIA;PUT;Dic-26;22,00;16.34;41,69;-0,86;;25
03/08/26;SOLARIA;PUT;Dic-26;23,00;16.34;41,31;-0,90;;20
03/08/26;SOLARIA;PUT;Dic-26;25,00;16.34;40,53;-0,97;;20
03/08/26;TECNICAS REUNIDAS;CALL;Ago-26;29,32;28.2;51,74;0,39;;5
03/08/26;TECNICAS REUNIDAS;CALL;Ago-26;30,24;28.2;51,42;0,29;;19
03/08/26;TECNICAS REUNIDAS;CALL;Ago-26;32,07;28.2;50,77;0,14;;18
03/08/26;TECNICAS REUNIDAS;CALL;Ago-26;32,99;28.2;50,44;0,09;2;22
03/08/26;TECNICAS REUNIDAS;CALL;Ago-26;34,82;28.2;49,79;0,03;;2
03/08/26;TECNICAS REUNIDAS;CALL;Ago-26;35,74;28.2;49,47;0,02;;2
03/08/26;TECNICAS REUNIDAS;CALL;Ago-26;38,48;28.2;48,49;;;5
03/08/26;TECNICAS REUNIDAS;CALL;Sep-26;32,07;28.2;47,72;0,26;;5
03/08/26;TECNICAS REUNIDAS;CALL;Sep-26;32,99;28.2;47,49;0,20;;13
03/08/26;TECNICAS REUNIDAS;CALL;Sep-26;33,90;28.2;47,27;0,16;;6
03/08/26;TECNICAS REUNIDAS;CALL;Sep-26;34,82;28.2;47,04;0,12;;135
03/08/26;TECNICAS REUNIDAS;CALL;Sep-26;36,65;28.2;46,58;0,07;;5
03/08/26;TECNICAS REUNIDAS;CALL;Dic-26;41,23;28.2;50,79;0,13;;5
03/08/26;TECNICAS REUNIDAS;CALL;Mar-27;37,00;28.2;46,81;0,28;;1
03/08/26;TECNICAS REUNIDAS;CALL;Jun-27;29,00;28.2;47,58;0,56;;12
03/08/26;TECNICAS REUNIDAS;PUT;Ago-26;22,91;28.2;60,42;-0,05;;7
03/08/26;TECNICAS REUNIDAS;PUT;Ago-26;23,82;28.2;58,63;-0,09;;5
03/08/26;TECNICAS REUNIDAS;PUT;Ago-26;24,74;28.2;56,83;-0,14;;1
03/08/26;TECNICAS REUNIDAS;PUT;Ago-26;25,66;28.2;55,02;-0,20;;5
03/08/26;TECNICAS REUNIDAS;PUT;Ago-26;26,57;28.2;53,24;-0,28;;1
03/08/26;TECNICAS REUNIDAS;PUT;Ago-26;27,49;28.2;51,43;-0,39;;6
03/08/26;TECNICAS REUNIDAS;PUT;Ago-26;29,32;28.2;49,64;-0,61;;3
03/08/26;TECNICAS REUNIDAS;PUT;Ago-26;30,24;28.2;49,32;-0,72;;3
03/08/26;TECNICAS REUNIDAS;PUT;Sep-26;18,33;28.2;63,30;-0,02;;5
03/08/26;TECNICAS REUNIDAS;PUT;Sep-26;19,24;28.2;61,75;-0,03;;5
03/08/26;TECNICAS REUNIDAS;PUT;Sep-26;22,91;28.2;55,50;-0,12;;5
03/08/26;TECNICAS REUNIDAS;PUT;Dic-26;18,33;28.2;56,62;-0,09;;2
03/08/26;TECNICAS REUNIDAS;PUT;Dic-26;20,16;28.2;54,11;-0,13;;2
03/08/26;TECNICAS REUNIDAS;PUT;Dic-26;21,07;28.2;52,87;-0,16;;5
03/08/26;TECNICAS REUNIDAS;PUT;Mar-27;16,00;28.2;56,45;-0,07;;1
03/08/26;TECNICAS REUNIDAS;PUT;Mar-27;30,00;28.2;41,82;-0,53;;5
03/08/26;TECNICAS REUNIDAS;PUT;Jun-27;18,00;28.2;50,72;-0,12;1;2
03/08/26;TECNICAS REUNIDAS;PUT;Jun-27;32,00;28.2;40,29;-0,58;;2
03/08/26;TECNICAS REUNIDAS;PUT;Dic-26;26,00;28.2;46,11;-0,35;;5
03/08/26;TECNICAS REUNIDAS;PUT;Dic-26;27,00;28.2;44,74;-0,40;;5
03/08/26;TELEFONICA;CALL;Ago-26;3,30;3.66;28,51;0,96;;1
03/08/26;TELEFONICA;CALL;Ago-26;3,60;3.66;25,70;0,64;1;75.077
03/08/26;TELEFONICA;CALL;Ago-26;3,70;3.66;24,99;0,45;;80
03/08/26;TELEFONICA;CALL;Ago-26;3,80;3.66;24,69;0,27;;43
03/08/26;TELEFONICA;CALL;Ago-26;3,90;3.66;24,39;0,13;;3
03/08/26;TELEFONICA;CALL;Ago-26;4,00;3.66;24,09;0,06;;10
03/08/26;TELEFONICA;CALL;Ago-26;4,20;3.66;23,49;;;10
03/08/26;TELEFONICA;CALL;Sep-26;2,20;3.66;36,03;1,00;;2
03/08/26;TELEFONICA;CALL;Sep-26;3,50;3.66;24,91;0,72;;16
03/08/26;TELEFONICA;CALL;Sep-26;3,60;3.66;24,06;0,61;;160
03/08/26;TELEFONICA;CALL;Sep-26;3,70;3.66;23,41;0,48;12;131
03/08/26;TELEFONICA;CALL;Sep-26;3,80;3.66;23,11;0,36;;1.011
03/08/26;TELEFONICA;CALL;Sep-26;3,90;3.66;22,82;0,24;;25
03/08/26;TELEFONICA;CALL;Sep-26;4,00;3.66;22,53;0,15;;316
03/08/26;TELEFONICA;CALL;Sep-26;4,10;3.66;22,24;0,09;;10.005
03/08/26;TELEFONICA;CALL;Sep-26;4,20;3.66;21,95;0,05;;594
03/08/26;TELEFONICA;CALL;Sep-26;4,30;3.66;21,66;0,02;;250
03/08/26;TELEFONICA;CALL;Sep-26;4,40;3.66;21,37;0,01;;1.100
03/08/26;TELEFONICA;CALL;Sep-26;4,60;3.66;20,79;;;6
03/08/26;TELEFONICA;CALL;Dic-26;2,90;3.66;28,81;0,93;;1
03/08/26;TELEFONICA;CALL;Dic-26;3,00;3.66;28,10;0,90;;10
03/08/26;TELEFONICA;CALL;Dic-26;3,30;3.66;25,97;0,79;;10
03/08/26;TELEFONICA;CALL;Dic-26;3,40;3.66;25,26;0,73;;65
03/08/26;TELEFONICA;CALL;Dic-26;3,50;3.66;24,55;0,67;;197
03/08/26;TELEFONICA;CALL;Dic-26;3,60;3.66;23,84;0,60;16;86.509
03/08/26;TELEFONICA;CALL;Dic-26;3,70;3.66;23,29;0,53;;587
03/08/26;TELEFONICA;CALL;Dic-26;3,80;3.66;22,99;0,45;;324
03/08/26;TELEFONICA;CALL;Dic-26;3,90;3.66;22,70;0,38;;658
03/08/26;TELEFONICA;CALL;Dic-26;4,00;3.66;22,41;0,31;;120.740
03/08/26;TELEFONICA;CALL;Dic-26;4,10;3.66;22,12;0,24;;560
03/08/26;TELEFONICA;CALL;Dic-26;4,20;3.66;21,83;0,19;;1.214
03/08/26;TELEFONICA;CALL;Dic-26;4,30;3.66;21,54;0,14;;511
03/08/26;TELEFONICA;CALL;Dic-26;4,40;3.66;21,25;0,10;;14
03/08/26;TELEFONICA;CALL;Dic-26;4,50;3.66;20,96;0,07;;43.670
03/08/26;TELEFONICA;CALL;Dic-26;4,60;3.66;20,67;0,05;;35.000
03/08/26;TELEFONICA;CALL;Dic-26;4,70;3.66;20,37;0,03;;20.010
03/08/26;TELEFONICA;CALL;Dic-26;4,90;3.66;19,79;0,01;;8.004
03/08/26;TELEFONICA;CALL;Dic-26;5,00;3.66;19,50;0,01;;771
03/08/26;TELEFONICA;CALL;Dic-26;5,25;3.66;18,77;;;8
03/08/26;TELEFONICA;CALL;Dic-26;5,50;3.66;18,05;;;2
03/08/26;TELEFONICA;CALL;Mar-27;2,20;3.66;31,41;0,99;;1
03/08/26;TELEFONICA;CALL;Mar-27;3,10;3.66;26,58;0,83;;30
03/08/26;TELEFONICA;CALL;Mar-27;3,20;3.66;26,04;0,80;;10
03/08/26;TELEFONICA;CALL;Mar-27;3,40;3.66;24,97;0,71;;1
03/08/26;TELEFONICA;CALL;Mar-27;3,50;3.66;24,43;0,66;;2
03/08/26;TELEFONICA;CALL;Mar-27;3,60;3.66;23,89;0,61;;52
03/08/26;TELEFONICA;CALL;Mar-27;3,70;3.66;23,45;0,55;;308
03/08/26;TELEFONICA;CALL;Mar-27;3,80;3.66;23,15;0,49;;3
03/08/26;TELEFONICA;CALL;Mar-27;3,90;3.66;22,86;0,43;;5
03/08/26;TELEFONICA;CALL;Mar-27;4,00;3.66;22,57;0,38;;140
03/08/26;TELEFONICA;CALL;Mar-27;4,20;3.66;21,99;0,27;;70
03/08/26;TELEFONICA;CALL;Mar-27;4,30;3.66;21,70;0,23;;2
03/08/26;TELEFONICA;CALL;Mar-27;4,40;3.66;21,41;0,18;;5.000
03/08/26;TELEFONICA;CALL;Mar-27;4,60;3.66;20,83;0,11;;20.000
03/08/26;TELEFONICA;CALL;Mar-27;4,80;3.66;20,24;0,06;;25
03/08/26;TELEFONICA;CALL;Jun-27;3,00;3.66;27,02;0,85;;5
03/08/26;TELEFONICA;CALL;Jun-27;3,50;3.66;24,93;0,66;;1
03/08/26;TELEFONICA;CALL;Jun-27;3,60;3.66;24,51;0,62;;100
03/08/26;TELEFONICA;CALL;Jun-27;3,80;3.66;23,91;0,52;;25
03/08/26;TELEFONICA;CALL;Jun-27;3,90;3.66;23,66;0,47;;14
03/08/26;TELEFONICA;CALL;Jun-27;4,00;3.66;23,41;0,42;;58
03/08/26;TELEFONICA;CALL;Jun-27;4,10;3.66;23,17;0,37;;4.028
03/08/26;TELEFONICA;CALL;Jun-27;4,20;3.66;22,92;0,33;;24.007
03/08/26;TELEFONICA;CALL;Jun-27;4,30;3.66;22,68;0,28;;100
03/08/26;TELEFONICA;CALL;Jun-27;4,40;3.66;22,43;0,24;;456
03/08/26;TELEFONICA;CALL;Jun-27;4,50;3.66;22,19;0,20;;6.700
03/08/26;TELEFONICA;CALL;Jun-27;4,70;3.66;21,70;0,14;;10
03/08/26;TELEFONICA;CALL;Jun-27;4,80;3.66;21,45;0,12;;150
03/08/26;TELEFONICA;CALL;Jun-27;4,90;3.66;21,20;0,09;;150
03/08/26;TELEFONICA;CALL;Jun-27;5,00;3.66;20,96;0,07;;150
03/08/26;TELEFONICA;CALL;Jun-27;5,50;3.66;19,73;0,02;;5
03/08/26;TELEFONICA;CALL;Jun-27;5,75;3.66;19,12;0,01;;20
03/08/26;TELEFONICA;CALL;Sep-27;3,70;3.66;24,51;0,56;;31
03/08/26;TELEFONICA;CALL;Sep-27;3,80;3.66;24,27;0,52;;4
03/08/26;TELEFONICA;CALL;Sep-27;3,90;3.66;24,02;0,47;;150
03/08/26;TELEFONICA;CALL;Sep-27;4,60;3.66;22,30;0,20;;2
03/08/26;TELEFONICA;CALL;Sep-27;5,50;3.66;20,09;0,03;;22
03/08/26;TELEFONICA;CALL;Dic-27;2,30;3.66;29,42;0,97;;10
03/08/26;TELEFONICA;CALL;Dic-27;2,40;3.66;29,12;0,96;;10
03/08/26;TELEFONICA;CALL;Dic-27;2,50;3.66;28,82;0,94;;10
03/08/26;TELEFONICA;CALL;Dic-27;2,60;3.66;28,52;0,92;;10
03/08/26;TELEFONICA;CALL;Dic-27;2,70;3.66;28,22;0,90;;25
03/08/26;TELEFONICA;CALL;Dic-27;2,80;3.66;27,92;0,88;;15
03/08/26;TELEFONICA;CALL;Dic-27;2,90;3.66;27,62;0,85;;15
03/08/26;TELEFONICA;CALL;Dic-27;3,10;3.66;27,02;0,79;;8
03/08/26;TELEFONICA;CALL;Dic-27;3,20;3.66;26,72;0,76;;750
03/08/26;TELEFONICA;CALL;Dic-27;3,50;3.66;25,82;0,65;;140
03/08/26;TELEFONICA;CALL;Dic-27;3,60;3.66;25,52;0,60;;22
03/08/26;TELEFONICA;CALL;Dic-27;3,70;3.66;25,25;0,56;;11
03/08/26;TELEFONICA;CALL;Dic-27;3,80;3.66;25,05;0,52;;9.010
03/08/26;TELEFONICA;CALL;Dic-27;3,90;3.66;24,84;0,48;;1
03/08/26;TELEFONICA;CALL;Dic-27;4,00;3.66;24,63;0,45;;870
03/08/26;TELEFONICA;CALL;Dic-27;4,10;3.66;24,42;0,41;;102
03/08/26;TELEFONICA;CALL;Dic-27;4,20;3.66;24,21;0,37;;3
03/08/26;TELEFONICA;CALL;Dic-27;4,30;3.66;24,00;0,34;;36
03/08/26;TELEFONICA;CALL;Dic-27;4,40;3.66;23,79;0,30;;79
03/08/26;TELEFONICA;CALL;Dic-27;4,50;3.66;23,58;0,27;;139
03/08/26;TELEFONICA;CALL;Dic-27;4,60;3.66;23,37;0,24;;1
03/08/26;TELEFONICA;CALL;Dic-27;4,70;3.66;23,16;0,21;;30.150
03/08/26;TELEFONICA;CALL;Dic-27;5,00;3.66;22,53;0,14;;486
03/08/26;TELEFONICA;CALL;Dic-27;5,25;3.66;22,01;0,10;;167
03/08/26;TELEFONICA;CALL;Dic-27;5,50;3.66;21,49;0,06;;25
03/08/26;TELEFONICA;CALL;Dic-27;6,00;3.66;20,44;0,02;;21.105
03/08/26;TELEFONICA;CALL;Mar-28;2,10;3.66;30,13;0,98;;10
03/08/26;TELEFONICA;CALL;Mar-28;2,20;3.66;29,86;0,97;;10
03/08/26;TELEFONICA;CALL;Mar-28;2,30;3.66;29,58;0,96;;10
03/08/26;TELEFONICA;CALL;Mar-28;2,40;3.66;29,31;0,94;;10
03/08/26;TELEFONICA;CALL;Mar-28;2,50;3.66;29,04;0,93;;10
03/08/26;TELEFONICA;CALL;Mar-28;2,60;3.66;28,76;0,91;;10
03/08/26;TELEFONICA;CALL;Mar-28;2,70;3.66;28,49;0,89;;50
03/08/26;TELEFONICA;CALL;Mar-28;2,80;3.66;28,22;0,86;;15
03/08/26;TELEFONICA;CALL;Mar-28;2,90;3.66;27,95;0,83;;15
03/08/26;TELEFONICA;CALL;Mar-28;3,00;3.66;27,67;0,80;;20
03/08/26;TELEFONICA;CALL;Mar-28;3,10;3.66;27,40;0,77;;20
03/08/26;TELEFONICA;CALL;Mar-28;3,20;3.66;27,13;0,74;;27
03/08/26;TELEFONICA;CALL;Mar-28;3,30;3.66;26,85;0,71;;25
03/08/26;TELEFONICA;CALL;Mar-28;3,40;3.66;26,58;0,67;;521
03/08/26;TELEFONICA;CALL;Mar-28;3,50;3.66;26,31;0,64;;27
03/08/26;TELEFONICA;CALL;Mar-28;3,60;3.66;26,03;0,60;;26
03/08/26;TELEFONICA;CALL;Mar-28;3,70;3.66;25,79;0,57;;25
03/08/26;TELEFONICA;CALL;Mar-28;4,00;3.66;25,22;0,46;;10
03/08/26;TELEFONICA;CALL;Mar-28;4,10;3.66;25,03;0,43;;1
03/08/26;TELEFONICA;CALL;Mar-28;4,50;3.66;24,26;0,31;;100
03/08/26;TELEFONICA;CALL;Mar-28;4,60;3.66;24,07;0,28;;1
03/08/26;TELEFONICA;CALL;Jun-28;4,00;3.66;25,45;0,47;;100
03/08/26;TELEFONICA;CALL;Jun-28;4,50;3.66;24,58;0,32;;2
03/08/26;TELEFONICA;CALL;Jun-28;4,60;3.66;24,41;0,30;;150
03/08/26;TELEFONICA;CALL;Jun-28;4,70;3.66;24,24;0,27;;150
03/08/26;TELEFONICA;CALL;Jun-28;5,00;3.66;23,72;0,21;;4
03/08/26;TELEFONICA;CALL;Sep-28;3,50;3.66;26,49;0,64;;30
03/08/26;TELEFONICA;CALL;Dic-28;3,80;3.66;26,27;0,55;;3
03/08/26;TELEFONICA;CALL;Dic-28;4,00;3.66;25,98;0,49;;18
03/08/26;TELEFONICA;CALL;Dic-28;4,50;3.66;25,25;0,36;;55
03/08/26;TELEFONICA;CALL;Dic-28;4,80;3.66;24,82;0,29;;10
03/08/26;TELEFONICA;CALL;Dic-28;5,00;3.66;24,53;0,25;;65
03/08/26;TELEFONICA;CALL;Dic-28;5,25;3.66;24,16;0,20;;50
03/08/26;TELEFONICA;CALL;Dic-29;3,40;3.66;27,70;0,66;;10
03/08/26;TELEFONICA;CALL;Dic-29;4,30;3.66;26,67;0,45;;1
03/08/26;TELEFONICA;CALL;Dic-29;4,50;3.66;26,45;0,41;;17
03/08/26;TELEFONICA;CALL;Dic-29;5,00;3.66;25,90;0,32;;543
03/08/26;TELEFONICA;CALL;Jun-30;5,75;3.66;25,53;0,23;;250
03/08/26;TELEFONICA;CALL;Dic-30;4,50;3.66;27,07;0,44;;3
03/08/26;TELEFONICA;PUT;Ago-26;3,10;3.66;28,50;;;68
03/08/26;TELEFONICA;PUT;Ago-26;3,30;3.66;26,63;-0,03;;24
03/08/26;TELEFONICA;PUT;Ago-26;3,40;3.66;25,69;-0,09;;66
03/08/26;TELEFONICA;PUT;Ago-26;3,50;3.66;24,76;-0,19;;44
03/08/26;TELEFONICA;PUT;Ago-26;3,60;3.66;23,82;-0,35;;75.073
03/08/26;TELEFONICA;PUT;Ago-26;3,70;3.66;23,11;-0,56;;184
03/08/26;TELEFONICA;PUT;Ago-26;3,80;3.66;22,81;-0,75;;22
03/08/26;TELEFONICA;PUT;Ago-26;4,10;3.66;21,91;-1,00;;1
03/08/26;TELEFONICA;PUT;Sep-26;2,60;3.66;32,16;;;4
03/08/26;TELEFONICA;PUT;Sep-26;2,70;3.66;31,30;;;5
03/08/26;TELEFONICA;PUT;Sep-26;2,90;3.66;29,59;-0,01;;28
03/08/26;TELEFONICA;PUT;Sep-26;3,00;3.66;28,74;-0,02;;2
03/08/26;TELEFONICA;PUT;Sep-26;3,10;3.66;27,88;-0,04;;20
03/08/26;TELEFONICA;PUT;Sep-26;3,20;3.66;27,03;-0,07;;23
03/08/26;TELEFONICA;PUT;Sep-26;3,30;3.66;26,17;-0,11;;130
03/08/26;TELEFONICA;PUT;Sep-26;3,40;3.66;25,32;-0,18;;84
03/08/26;TELEFONICA;PUT;Sep-26;3,50;3.66;24,46;-0,28;;196
03/08/26;TELEFONICA;PUT;Sep-26;3,60;3.66;23,61;-0,39;10;231
03/08/26;TELEFONICA;PUT;Sep-26;3,70;3.66;22,96;-0,52;10;10.000
03/08/26;TELEFONICA;PUT;Sep-26;3,80;3.66;22,66;-0,65;;217
03/08/26;TELEFONICA;PUT;Sep-26;3,90;3.66;22,37;-0,77;;305
03/08/26;TELEFONICA;PUT;Sep-26;4,00;3.66;22,08;-0,87;;10.087
03/08/26;TELEFONICA;PUT;Sep-26;4,10;3.66;21,79;-0,94;;772
03/08/26;TELEFONICA;PUT;Sep-26;4,20;3.66;21,50;-0,98;;18
03/08/26;TELEFONICA;PUT;Sep-26;4,30;3.66;21,21;-1,00;;6
03/08/26;TELEFONICA;PUT;Oct-26;3,50;3.66;24,70;-0,31;;11
03/08/26;TELEFONICA;PUT;Dic-26;2,50;3.66;31,88;-0,02;;8
03/08/26;TELEFONICA;PUT;Dic-26;2,80;3.66;29,75;-0,05;;100
03/08/26;TELEFONICA;PUT;Dic-26;2,90;3.66;29,04;-0,07;;50
03/08/26;TELEFONICA;PUT;Dic-26;3,00;3.66;28,33;-0,10;;17
03/08/26;TELEFONICA;PUT;Dic-26;3,10;3.66;27,62;-0,13;;212
03/08/26;TELEFONICA;PUT;Dic-26;3,20;3.66;26,91;-0,17;;177
03/08/26;TELEFONICA;PUT;Dic-26;3,30;3.66;26,20;-0,22;;47
03/08/26;TELEFONICA;PUT;Dic-26;3,40;3.66;25,49;-0,27;;65.233
03/08/26;TELEFONICA;PUT;Dic-26;3,50;3.66;24,78;-0,34;;20.224
03/08/26;TELEFONICA;PUT;Dic-26;3,60;3.66;24,07;-0,41;;95.172
03/08/26;TELEFONICA;PUT;Dic-26;3,70;3.66;23,52;-0,48;;325
03/08/26;TELEFONICA;PUT;Dic-26;3,80;3.66;23,22;-0,56;;348
03/08/26;TELEFONICA;PUT;Dic-26;3,90;3.66;22,93;-0,64;;2.732
03/08/26;TELEFONICA;PUT;Dic-26;4,00;3.66;22,64;-0,71;;107.538
03/08/26;TELEFONICA;PUT;Dic-26;4,10;3.66;22,35;-0,78;;1
03/08/26;TELEFONICA;PUT;Dic-26;4,20;3.66;22,06;-0,84;;18
03/08/26;TELEFONICA;PUT;Dic-26;4,30;3.66;21,77;-0,89;;83
03/08/26;TELEFONICA;PUT;Dic-26;4,40;3.66;21,48;-0,94;;56
03/08/26;TELEFONICA;PUT;Dic-26;4,50;3.66;21,19;-0,98;;37.510
03/08/26;TELEFONICA;PUT;Dic-26;4,60;3.66;20,90;-1,00;;15.000
03/08/26;TELEFONICA;PUT;Mar-27;3,10;3.66;26,21;-0,17;;8
03/08/26;TELEFONICA;PUT;Mar-27;3,20;3.66;25,67;-0,20;;33
03/08/26;TELEFONICA;PUT;Mar-27;3,30;3.66;25,13;-0,25;;1
03/08/26;TELEFONICA;PUT;Mar-27;3,40;3.66;24,60;-0,29;;1
03/08/26;TELEFONICA;PUT;Mar-27;3,50;3.66;24,06;-0,35;;53
03/08/26;TELEFONICA;PUT;Mar-27;3,60;3.66;23,52;-0,40;;40
03/08/26;TELEFONICA;PUT;Mar-27;3,70;3.66;23,08;-0,46;;19
03/08/26;TELEFONICA;PUT;Mar-27;3,80;3.66;22,78;-0,53;;220
03/08/26;TELEFONICA;PUT;Mar-27;3,90;3.66;22,49;-0,59;;719
03/08/26;TELEFONICA;PUT;Mar-27;4,00;3.66;22,20;-0,65;;674
03/08/26;TELEFONICA;PUT;Mar-27;4,10;3.66;21,91;-0,71;;29
03/08/26;TELEFONICA;PUT;Mar-27;4,20;3.66;21,62;-0,77;;600
03/08/26;TELEFONICA;PUT;Mar-27;4,40;3.66;21,04;-0,88;;5.000
03/08/26;TELEFONICA;PUT;Mar-27;4,50;3.66;20,75;-0,92;;5
03/08/26;TELEFONICA;PUT;Mar-27;4,60;3.66;20,46;-0,97;;20.000
03/08/26;TELEFONICA;PUT;Jun-27;3,10;3.66;23,81;-0,22;;1
03/08/26;TELEFONICA;PUT;Jun-27;3,20;3.66;23,39;-0,26;;15
03/08/26;TELEFONICA;PUT;Jun-27;3,30;3.66;22,97;-0,31;;15
03/08/26;TELEFONICA;PUT;Jun-27;3,40;3.66;22,55;-0,36;;31
03/08/26;TELEFONICA;PUT;Jun-27;3,50;3.66;22,14;-0,41;;52
03/08/26;TELEFONICA;PUT;Jun-27;3,60;3.66;21,72;-0,46;;25.103
03/08/26;TELEFONICA;PUT;Jun-27;3,70;3.66;21,36;-0,52;;17
03/08/26;TELEFONICA;PUT;Jun-27;3,80;3.66;21,12;-0,57;;4.366
03/08/26;TELEFONICA;PUT;Jun-27;3,90;3.66;20,87;-0,62;;19
03/08/26;TELEFONICA;PUT;Jun-27;4,00;3.66;20,62;-0,67;;10
03/08/26;TELEFONICA;PUT;Jun-27;4,10;3.66;20,38;-0,72;;20
03/08/26;TELEFONICA;PUT;Jun-27;4,20;3.66;20,13;-0,77;;20
03/08/26;TELEFONICA;PUT;Jun-27;4,30;3.66;19,89;-0,81;;20
03/08/26;TELEFONICA;PUT;Jun-27;4,40;3.66;19,64;-0,84;;5
03/08/26;TELEFONICA;PUT;Jun-27;4,60;3.66;19,15;-0,90;;4
03/08/26;TELEFONICA;PUT;Jun-27;5,00;3.66;18,17;-0,97;;96
03/08/26;TELEFONICA;PUT;Jun-27;5,50;3.66;16,94;-1,00;;240
03/08/26;TELEFONICA;PUT;Jun-27;6,75;3.66;13,87;-1,00;;2
03/08/26;TELEFONICA;PUT;Sep-27;2,50;3.66;24,25;-0,06;;20
03/08/26;TELEFONICA;PUT;Sep-27;2,90;3.66;22,87;-0,15;;30
03/08/26;TELEFONICA;PUT;Sep-27;3,10;3.66;22,18;-0,22;;1
03/08/26;TELEFONICA;PUT;Sep-27;3,80;3.66;19,90;-0,56;;1
03/08/26;TELEFONICA;PUT;Sep-27;4,00;3.66;19,40;-0,66;;4
03/08/26;TELEFONICA;PUT;Sep-27;4,10;3.66;19,16;-0,71;;1
03/08/26;TELEFONICA;PUT;Sep-27;4,20;3.66;18,91;-0,76;;2
03/08/26;TELEFONICA;PUT;Sep-27;5,00;3.66;16,95;-0,97;;1
03/08/26;TELEFONICA;PUT;Sep-27;5,75;3.66;15,11;-1,00;;25
03/08/26;TELEFONICA;PUT;Dic-27;2,20;3.66;25,88;-0,04;;6.000
03/08/26;TELEFONICA;PUT;Dic-27;2,70;3.66;24,37;-0,12;;100
03/08/26;TELEFONICA;PUT;Dic-27;3,00;3.66;23,47;-0,20;;7.500
03/08/26;TELEFONICA;PUT;Dic-27;3,20;3.66;22,87;-0,28;;1
03/08/26;TELEFONICA;PUT;Dic-27;3,30;3.66;22,57;-0,32;;5
03/08/26;TELEFONICA;PUT;Dic-27;3,40;3.66;22,27;-0,36;;10
03/08/26;TELEFONICA;PUT;Dic-27;3,50;3.66;21,97;-0,40;;10
03/08/26;TELEFONICA;PUT;Dic-27;3,60;3.66;21,67;-0,45;;30.000
03/08/26;TELEFONICA;PUT;Dic-27;3,70;3.66;21,40;-0,49;;5
03/08/26;TELEFONICA;PUT;Dic-27;3,80;3.66;21,20;-0,54;;9.000
03/08/26;TELEFONICA;PUT;Dic-27;4,00;3.66;20,78;-0,63;;20.003
03/08/26;TELEFONICA;PUT;Dic-27;4,10;3.66;20,57;-0,67;;3
03/08/26;TELEFONICA;PUT;Dic-27;4,20;3.66;20,36;-0,71;;1
03/08/26;TELEFONICA;PUT;Dic-27;4,30;3.66;20,15;-0,75;;4
03/08/26;TELEFONICA;PUT;Dic-27;4,40;3.66;19,94;-0,78;;3
03/08/26;TELEFONICA;PUT;Dic-27;4,50;3.66;19,73;-0,82;;3
03/08/26;TELEFONICA;PUT;Dic-27;4,60;3.66;19,52;-0,85;;250
03/08/26;TELEFONICA;PUT;Dic-27;4,70;3.66;19,31;-0,87;;30.000
03/08/26;TELEFONICA;PUT;Dic-27;5,00;3.66;18,68;-0,93;;5
03/08/26;TELEFONICA;PUT;Dic-27;5,50;3.66;17,64;-0,98;;5
03/08/26;TELEFONICA;PUT;Mar-28;3,30;3.66;23,03;-0,32;;6
03/08/26;TELEFONICA;PUT;Mar-28;3,90;3.66;21,59;-0,56;;40
03/08/26;TELEFONICA;PUT;Mar-28;4,00;3.66;21,40;-0,60;;25
03/08/26;TELEFONICA;PUT;Mar-28;4,30;3.66;20,82;-0,72;;2
03/08/26;TELEFONICA;PUT;Mar-28;4,50;3.66;20,44;-0,79;;1
03/08/26;TELEFONICA;PUT;Mar-28;4,60;3.66;20,25;-0,82;;1
03/08/26;TELEFONICA;PUT;Mar-28;4,90;3.66;19,68;-0,89;;2
03/08/26;TELEFONICA;PUT;Mar-28;5,25;3.66;19,01;-0,95;;4
03/08/26;TELEFONICA;PUT;Mar-28;5,50;3.66;18,53;-0,97;;17
03/08/26;TELEFONICA;PUT;Jun-28;3,60;3.66;22,37;-0,46;;3
03/08/26;TELEFONICA;PUT;Dic-28;3,00;3.66;23,72;-0,26;;20.000
03/08/26;TELEFONICA;PUT;Dic-28;3,50;3.66;22,81;-0,41;;5
03/08/26;TELEFONICA;PUT;Dic-28;4,80;3.66;20,86;-0,79;;50
03/08/26;TELEFONICA;PUT;Dic-29;3,50;3.66;23,18;-0,42;;150
03/08/26;TELEFONICA;CALL;Sep-26;3,50;3.66;24,91;0,72;;1
03/08/26;TELEFONICA;CALL;Sep-26;3,60;3.66;24,06;0,61;;2
03/08/26;TELEFONICA;CALL;Sep-26;3,90;3.66;22,82;0,24;;85
03/08/26;TELEFONICA;CALL;Sep-26;4,00;3.66;22,53;0,15;;32
03/08/26;TELEFONICA;CALL;Dic-26;3,70;3.66;23,29;0,52;;4
03/08/26;TELEFONICA;CALL;Dic-26;4,30;3.66;21,54;0,14;;27
03/08/26;TELEFONICA;CALL;Dic-26;5,25;3.66;18,77;;;190
03/08/26;TELEFONICA;CALL;Mar-27;3,80;3.66;23,15;0,48;;40
03/08/26;TELEFONICA;CALL;Sep-27;3,70;3.66;24,51;0,50;;10
03/08/26;TELEFONICA;PUT;Sep-26;3,30;3.66;26,17;-0,12;;5
03/08/26;TELEFONICA;PUT;Sep-26;3,50;3.66;24,46;-0,27;;11
03/08/26;TELEFONICA;PUT;Sep-26;3,60;3.66;23,61;-0,39;;25
03/08/26;TELEFONICA;PUT;Sep-26;3,70;3.66;22,96;-0,52;;25
03/08/26;TELEFONICA;PUT;Sep-26;3,80;3.66;22,66;-0,64;;10
03/08/26;TELEFONICA;PUT;Sep-26;4,00;3.66;22,08;-0,85;;700
03/08/26;TELEFONICA;PUT;Sep-26;4,30;3.66;21,21;-0,98;;100
03/08/26;TELEFONICA;PUT;Sep-26;4,50;3.66;20,63;-0,99;;112
03/08/26;TELEFONICA;PUT;Sep-26;5,25;3.66;18,44;-1,00;;15
03/08/26;TELEFONICA;PUT;Dic-26;3,40;3.66;25,49;-0,27;;4
03/08/26;TELEFONICA;PUT;Dic-26;3,90;3.66;22,93;-0,61;;10
03/08/26;TELEFONICA;PUT;Dic-26;4,20;3.66;22,06;-0,80;;50
03/08/26;TELEFONICA;PUT;Dic-26;7,50;3.66;13,06;-0,99;;5
03/08/26;TELEFONICA;PUT;Dic-26;9,50;3.66;13,06;-0,99;;50
03/08/26;TELEFONICA;PUT;Dic-26;11,00;3.66;13,06;-0,99;;52
03/08/26;TELEFONICA;PUT;Dic-26;12,00;3.66;13,06;-0,99;;361
03/08/26;TELEFONICA;PUT;Dic-26;16,50;3.66;13,06;-0,99;;14
03/08/26;TELEFONICA;PUT;Mar-27;3,20;3.66;25,67;-0,20;;800
03/08/26;TELEFONICA;PUT;Mar-27;3,40;3.66;24,60;-0,28;;1.000
03/08/26;TELEFONICA;PUT;Mar-27;3,60;3.66;23,52;-0,39;;1.200
03/08/26;TELEFONICA;PUT;Mar-27;3,80;3.66;22,78;-0,50;;40
03/08/26;TELEFONICA;PUT;Mar-27;7,75;3.66;12,62;-0,98;;750
03/08/26;TELEFONICA;PUT;Jun-27;4,90;3.66;18,41;-0,93;;5
03/08/26;TELEFONICA;PUT;Jun-27;5,50;3.66;16,94;-0,97;;585
03/08/26;UNICAJA;CALL;Ago-26;3,00;3.37;28,67;0,97;;10
03/08/26;UNICAJA;CALL;Sep-26;2,80;3.37;28,58;0,97;;7
03/08/26;UNICAJA;CALL;Sep-26;3,50;3.37;28,18;0,39;;160
03/08/26;UNICAJA;CALL;Dic-26;3,40;3.37;27,78;0,49;;68
03/08/26;UNICAJA;CALL;Dic-26;3,50;3.37;27,69;0,42;;80
03/08/26;UNICAJA;PUT;Sep-26;2,70;3.37;22,58;;;200
03/08/26;UNICAJA;PUT;Sep-26;3,00;3.37;22,43;-0,06;;25
03/08/26;UNICAJA;PUT;Sep-26;3,20;3.37;22,34;-0,23;;25
03/08/26;UNICAJA;PUT;Sep-26;3,40;3.37;22,22;-0,51;;25
03/08/26;UNICAJA;PUT;Sep-26;3,50;3.37;22,13;-0,66;;25
03/08/26;UNICAJA;PUT;Dic-26;2,30;3.37;22,60;;;5
03/08/26;UNICAJA;PUT;Dic-26;2,50;3.37;22,50;-0,02;;4
03/08/26;VIDRALA;CALL;Sep-26;80,00;88.5;22,14;0,91;;1
03/08/26;VIDRALA;CALL;Dic-26;80,00;88.5;21,24;0,82;;1
03/08/26;VIDRALA;CALL;Dic-26;88,00;88.5;19,71;0,57;;4
03/08/26;VIDRALA;CALL;Dic-26;90,00;88.5;19,53;0,50;;1
03/08/26;VIDRALA;CALL;Mar-27;84,00;88.5;20,23;0,69;;1
03/08/26;VIDRALA;CALL;Mar-27;90,00;88.5;19,60;0,52;;10
03/08/26;VIDRALA;PUT;Sep-26;66,67;88.5;25,35;;;2
03/08/26;VIDRALA;PUT;Sep-26;74,29;88.5;23,03;-0,01;;1
03/08/26;VIDRALA;PUT;Sep-26;81,90;88.5;20,70;-0,13;;11
03/08/26;VIDRALA;PUT;Dic-26;60,00;88.5;24,33;;;1
03/08/26;VIDRALA;PUT;Dic-26;72,00;88.5;22,03;-0,05;;1
03/08/26;VIDRALA;PUT;Dic-26;80,00;88.5;20,49;-0,18;;1
03/08/26;VIDRALA;PUT;Mar-27;58,00;88.5;21,74;-0,01;;1
03/08/26;VIDRALA;PUT;Mar-27;72,00;88.5;20,00;-0,08;;3
03/08/26;VIDRALA;PUT;Mar-27;76,00;88.5;19,50;-0,14;;10
03/08/26;VISCOFAN;CALL;Ago-26;56,99;57.3;19,10;0,57;;2
03/08/26;VISCOFAN;CALL;Ago-26;58,95;57.3;18,57;0,26;;5
03/08/26;VISCOFAN;CALL;Ago-26;60,92;57.3;18,25;0,07;;10
03/08/26;VISCOFAN;CALL;Sep-26;45,20;57.3;23,02;1,00;;1
03/08/26;VISCOFAN;CALL;Sep-26;49,13;57.3;20,80;0,98;;1
03/08/26;VISCOFAN;CALL;Sep-26;53,06;57.3;18,58;0,89;;2
03/08/26;VISCOFAN;CALL;Sep-26;55,02;57.3;17,48;0,77;;5
03/08/26;VISCOFAN;CALL;Sep-26;56,99;57.3;16,36;0,57;;5
03/08/26;VISCOFAN;CALL;Sep-26;58,95;57.3;15,95;0,34;;45
03/08/26;VISCOFAN;CALL;Sep-26;60,92;57.3;15,66;0,15;;12
03/08/26;VISCOFAN;CALL;Sep-26;64,85;57.3;15,09;0,01;;1
03/08/26;VISCOFAN;CALL;Dic-26;58,95;57.3;15,79;0,44;;4
03/08/26;VISCOFAN;CALL;Dic-26;62,89;57.3;15,19;0,20;;1
03/08/26;VISCOFAN;CALL;Dic-26;64,85;57.3;14,90;0,11;;1
03/08/26;VISCOFAN;CALL;Mar-27;55,02;57.3;18,72;0,66;;1
03/08/26;VISCOFAN;CALL;Mar-27;56,99;57.3;17,88;0,56;;1
03/08/26;VISCOFAN;CALL;Mar-27;72,71;57.3;16,67;0,03;;1
03/08/26;VISCOFAN;CALL;Jun-27;60,92;57.3;17,77;0,38;;1
03/08/26;VISCOFAN;CALL;Jun-27;70,75;57.3;16,92;0,10;;5
03/08/26;VISCOFAN;PUT;Ago-26;51,09;57.3;23,43;-0,01;;3
03/08/26;VISCOFAN;PUT;Ago-26;53,06;57.3;21,80;-0,05;;8
03/08/26;VISCOFAN;PUT;Ago-26;55,02;57.3;20,18;-0,17;;7
03/08/26;VISCOFAN;PUT;Ago-26;56,99;57.3;18,56;-0,43;;1
03/08/26;VISCOFAN;PUT;Sep-26;40,29;57.3;27,00;;;1
03/08/26;VISCOFAN;PUT;Sep-26;42,25;57.3;25,89;;;3
03/08/26;VISCOFAN;PUT;Sep-26;43,23;57.3;25,34;;;3
03/08/26;VISCOFAN;PUT;Sep-26;44,22;57.3;24,78;;;4
03/08/26;VISCOFAN;PUT;Sep-26;45,20;57.3;24,23;;;2
03/08/26;VISCOFAN;PUT;Sep-26;46,18;57.3;23,67;;;4
03/08/26;VISCOFAN;PUT;Sep-26;47,16;57.3;23,12;-0,01;;4
03/08/26;VISCOFAN;PUT;Sep-26;49,13;57.3;22,01;-0,02;;12
03/08/26;VISCOFAN;PUT;Sep-26;51,09;57.3;20,90;-0,05;;6
03/08/26;VISCOFAN;PUT;Sep-26;53,06;57.3;19,79;-0,12;;38
03/08/26;VISCOFAN;PUT;Sep-26;55,02;57.3;18,69;-0,25;;15
03/08/26;VISCOFAN;PUT;Sep-26;56,99;57.3;17,57;-0,44;;10
03/08/26;VISCOFAN;PUT;Sep-26;58,95;57.3;17,16;-0,66;;5
03/08/26;VISCOFAN;PUT;Sep-26;62,89;57.3;16,59;-0,96;;2
03/08/26;VISCOFAN;PUT;Oct-26;45,20;57.3;23,98;-0,01;;2
03/08/26;VISCOFAN;PUT;Oct-26;51,09;57.3;21,04;-0,10;;1
03/08/26;VISCOFAN;PUT;Dic-26;40,29;57.3;27,56;-0,01;;2
03/08/26;VISCOFAN;PUT;Dic-26;42,25;57.3;26,63;-0,02;;1
03/08/26;VISCOFAN;PUT;Dic-26;43,23;57.3;26,16;-0,03;;1
03/08/26;VISCOFAN;PUT;Dic-26;44,22;57.3;25,69;-0,04;;12
03/08/26;VISCOFAN;PUT;Dic-26;45,20;57.3;25,22;-0,05;;1
03/08/26;VISCOFAN;PUT;Dic-26;47,16;57.3;24,29;-0,08;;2
03/08/26;VISCOFAN;PUT;Dic-26;48,15;57.3;23,81;-0,09;;1
03/08/26;VISCOFAN;PUT;Dic-26;49,13;57.3;23,35;-0,12;;6
03/08/26;VISCOFAN;PUT;Dic-26;51,09;57.3;22,41;-0,17;;7
03/08/26;VISCOFAN;PUT;Dic-26;53,06;57.3;21,47;-0,24;;12
03/08/26;VISCOFAN;PUT;Mar-27;48,15;57.3;19,75;-0,13;;1
03/08/26;VISCOFAN;PUT;Mar-27;49,13;57.3;19,33;-0,16;;7
03/08/26;VISCOFAN;PUT;Mar-27;51,09;57.3;18,50;-0,22;;1
03/08/26;VISCOFAN;PUT;Mar-27;53,06;57.3;17,66;-0,30;;2
03/08/26;VISCOFAN;PUT;Mar-27;56,99;57.3;15,99;-0,50;;5
03/08/26;VISCOFAN;PUT;Jun-27;44,22;57.3;19,85;-0,08;;2
03/08/26;VISCOFAN;PUT;Jun-27;45,20;57.3;19,50;-0,10;;5
03/08/26;VISCOFAN;PUT;Jun-27;51,09;57.3;17,45;-0,25;;2
03/08/26;VISCOFAN;PUT;Jun-27;53,06;57.3;16,76;-0,32;;3
03/08/26;VISCOFAN;PUT;Dic-27;44,22;57.3;18,89;-0,11;;1
03/08/26;VISCOFAN;PUT;Dic-28;44,22;57.3;18,05;-0,16;;1
