fecha_boletin;accion;tipo;fecha_vencimiento;strike;spot;volatilidad_cierre;delta_cierre;volumen_contratos;posicion_abierta
02/10/26;MINI IBEX-35;CALL;Oct-26;17.000;19085.3;27,08;0,98;;5
02/10/26;MINI IBEX-35;CALL;Oct-26;18.000;19085.3;22,26;0,90;;3
02/10/26;MINI IBEX-35;CALL;Oct-26;18.100;19085.3;21,78;0,88;;3
02/10/26;MINI IBEX-35;CALL;Oct-26;18.600;19085.3;19,38;0,73;;3
02/10/26;MINI IBEX-35;CALL;Oct-26;18.850;19085.3;18,17;0,61;3;3
02/10/26;MINI IBEX-35;CALL;Oct-26;19.000;19085.3;17,45;0,53;1;4
02/10/26;MINI IBEX-35;CALL;Oct-26;19.050;19085.3;17,25;0,50;4;4
02/10/26;MINI IBEX-35;CALL;Oct-26;19.100;19085.3;17,15;0,47;2;3
02/10/26;MINI IBEX-35;CALL;Oct-26;19.150;19085.3;17,04;0,44;;1
02/10/26;MINI IBEX-35;CALL;Oct-26;19.200;19085.3;16,94;0,40;3;3
02/10/26;MINI IBEX-35;CALL;Oct-26;19.250;19085.3;16,84;0,37;1;1
02/10/26;MINI IBEX-35;CALL;Oct-26;19.300;19085.3;16,73;0,34;3;7
02/10/26;MINI IBEX-35;CALL;Oct-26;19.350;19085.3;16,63;0,31;5;7
02/10/26;MINI IBEX-35;CALL;Oct-26;19.400;19085.3;16,53;0,29;4;8
02/10/26;MINI IBEX-35;CALL;Oct-26;19.450;19085.3;16,42;0,26;1;13
02/10/26;MINI IBEX-35;CALL;Oct-26;19.500;19085.3;16,32;0,23;;11
02/10/26;MINI IBEX-35;CALL;Oct-26;19.550;19085.3;16,22;0,21;1;12
02/10/26;MINI IBEX-35;CALL;Oct-26;19.600;19085.3;16,11;0,18;3;14
02/10/26;MINI IBEX-35;CALL;Oct-26;19.650;19085.3;16,01;0,16;;15
02/10/26;MINI IBEX-35;CALL;Oct-26;19.700;19085.3;15,91;0,14;10;13
02/10/26;MINI IBEX-35;CALL;Oct-26;19.750;19085.3;15,80;0,12;;10
02/10/26;MINI IBEX-35;CALL;Oct-26;19.800;19085.3;15,70;0,10;3;111
02/10/26;MINI IBEX-35;CALL;Oct-26;19.850;19085.3;15,60;0,09;;3
02/10/26;MINI IBEX-35;CALL;Oct-26;19.900;19085.3;15,49;0,07;2;17
02/10/26;MINI IBEX-35;CALL;Oct-26;19.950;19085.3;15,39;0,06;;16
02/10/26;MINI IBEX-35;CALL;Oct-26;20.000;19085.3;15,29;0,05;7;50
02/10/26;MINI IBEX-35;CALL;Oct-26;20.050;19085.3;15,18;0,04;;100
02/10/26;MINI IBEX-35;CALL;Oct-26;20.100;19085.3;15,08;0,03;;107
02/10/26;MINI IBEX-35;CALL;Oct-26;20.150;19085.3;14,98;0,03;;12
02/10/26;MINI IBEX-35;CALL;Oct-26;20.200;19085.3;14,87;0,02;;136
02/10/26;MINI IBEX-35;CALL;Oct-26;20.250;19085.3;14,77;0,02;1;14
02/10/26;MINI IBEX-35;CALL;Oct-26;20.300;19085.3;14,67;0,01;;8
02/10/26;MINI IBEX-35;CALL;Oct-26;20.350;19085.3;14,56;0,01;;1
02/10/26;MINI IBEX-35;CALL;Oct-26;20.400;19085.3;14,46;0,01;;3
02/10/26;MINI IBEX-35;CALL;Oct-26;20.450;19085.3;14,36;0,01;;3
02/10/26;MINI IBEX-35;CALL;Oct-26;20.500;19085.3;14,25;;;17
02/10/26;MINI IBEX-35;CALL;Oct-26;20.550;19085.3;14,15;;;1
02/10/26;MINI IBEX-35;CALL;Oct-26;20.600;19085.3;14,05;;;107
02/10/26;MINI IBEX-35;CALL;Oct-26;20.650;19085.3;13,94;;;106
02/10/26;MINI IBEX-35;CALL;Oct-26;20.700;19085.3;13,84;;;125
02/10/26;MINI IBEX-35;CALL;Oct-26;20.750;19085.3;13,74;;;101
02/10/26;MINI IBEX-35;CALL;Oct-26;20.800;19085.3;13,63;;;12
02/10/26;MINI IBEX-35;CALL;Oct-26;20.900;19085.3;13,43;;;1
02/10/26;MINI IBEX-35;CALL;Oct-26;21.000;19085.3;13,22;;;11
02/10/26;MINI IBEX-35;CALL;Oct-26;21.100;19085.3;13,01;;;4
02/10/26;MINI IBEX-35;CALL;Oct-26;21.200;19085.3;12,81;;;1
02/10/26;MINI IBEX-35;CALL;Oct-26;21.300;19085.3;12,60;;;5
02/10/26;MINI IBEX-35;CALL;Oct-26;21.400;19085.3;12,39;;;2
02/10/26;MINI IBEX-35;CALL;Oct-26;21.600;19085.3;11,98;;;2
02/10/26;MINI IBEX-35;CALL;Nov-26;18.500;19085.3;19,41;0,66;;1
02/10/26;MINI IBEX-35;CALL;Nov-26;18.600;19085.3;19,01;0,63;1;1
02/10/26;MINI IBEX-35;CALL;Nov-26;18.650;19085.3;18,81;0,62;1;1
02/10/26;MINI IBEX-35;CALL;Nov-26;19.000;19085.3;17,42;0,52;2;1
02/10/26;MINI IBEX-35;CALL;Nov-26;19.200;19085.3;17,04;0,45;;1
02/10/26;MINI IBEX-35;CALL;Nov-26;19.250;19085.3;16,95;0,43;100;100
02/10/26;MINI IBEX-35;CALL;Nov-26;19.300;19085.3;16,87;0,42;101;103
02/10/26;MINI IBEX-35;CALL;Nov-26;19.500;19085.3;16,53;0,35;100;101
02/10/26;MINI IBEX-35;CALL;Nov-26;19.600;19085.3;16,35;0,32;;1
02/10/26;MINI IBEX-35;CALL;Nov-26;19.650;19085.3;16,27;0,30;100;100
02/10/26;MINI IBEX-35;CALL;Nov-26;19.700;19085.3;16,18;0,29;;4
02/10/26;MINI IBEX-35;CALL;Nov-26;19.800;19085.3;16,01;0,25;;100
02/10/26;MINI IBEX-35;CALL;Nov-26;19.850;19085.3;15,92;0,24;;1
02/10/26;MINI IBEX-35;CALL;Nov-26;19.900;19085.3;15,84;0,23;;2
02/10/26;MINI IBEX-35;CALL;Nov-26;19.950;19085.3;15,75;0,21;1;3
02/10/26;MINI IBEX-35;CALL;Nov-26;20.000;19085.3;15,67;0,20;1;17
02/10/26;MINI IBEX-35;CALL;Nov-26;20.100;19085.3;15,49;0,17;;1
02/10/26;MINI IBEX-35;CALL;Nov-26;20.150;19085.3;15,41;0,16;2;5
02/10/26;MINI IBEX-35;CALL;Nov-26;20.200;19085.3;15,32;0,15;1;5
02/10/26;MINI IBEX-35;CALL;Nov-26;20.300;19085.3;15,15;0,13;;4
02/10/26;MINI IBEX-35;CALL;Nov-26;20.350;19085.3;15,06;0,12;;5
02/10/26;MINI IBEX-35;CALL;Nov-26;20.400;19085.3;14,98;0,11;;2
02/10/26;MINI IBEX-35;CALL;Nov-26;20.500;19085.3;14,81;0,09;;17
02/10/26;MINI IBEX-35;CALL;Nov-26;20.600;19085.3;14,64;0,07;;6
02/10/26;MINI IBEX-35;CALL;Nov-26;20.700;19085.3;14,46;0,06;;11
02/10/26;MINI IBEX-35;CALL;Nov-26;20.800;19085.3;14,29;0,05;;30
02/10/26;MINI IBEX-35;CALL;Nov-26;20.900;19085.3;14,12;0,04;;3
02/10/26;MINI IBEX-35;CALL;Nov-26;21.000;19085.3;13,95;0,03;1;11
02/10/26;MINI IBEX-35;CALL;Nov-26;21.050;19085.3;13,86;0,02;;1
02/10/26;MINI IBEX-35;CALL;Nov-26;21.200;19085.3;13,60;0,02;;3
02/10/26;MINI IBEX-35;CALL;Nov-26;21.250;19085.3;13,52;0,01;;1
02/10/26;MINI IBEX-35;CALL;Nov-26;21.400;19085.3;13,26;0,01;;1
02/10/26;MINI IBEX-35;CALL;Nov-26;22.100;19085.3;12,06;;;1
02/10/26;MINI IBEX-35;CALL;Dic-26;7.500;19085.3;56,44;0,99;;3
02/10/26;MINI IBEX-35;CALL;Dic-26;8.300;19085.3;53,72;0,99;;655
02/10/26;MINI IBEX-35;CALL;Dic-26;8.600;19085.3;52,70;0,99;;1.250
02/10/26;MINI IBEX-35;CALL;Dic-26;10.500;19085.3;46,24;0,99;;30
02/10/26;MINI IBEX-35;CALL;Dic-26;12.000;19085.3;41,14;0,99;1;12
02/10/26;MINI IBEX-35;CALL;Dic-26;12.200;19085.3;40,46;0,99;;32
02/10/26;MINI IBEX-35;CALL;Dic-26;13.000;19085.3;37,74;0,98;;1
02/10/26;MINI IBEX-35;CALL;Dic-26;14.800;19085.3;31,62;0,96;;32
02/10/26;MINI IBEX-35;CALL;Dic-26;15.000;19085.3;30,94;0,95;;2
02/10/26;MINI IBEX-35;CALL;Dic-26;15.300;19085.3;29,92;0,94;;1
02/10/26;MINI IBEX-35;CALL;Dic-26;16.000;19085.3;27,54;0,92;;10
02/10/26;MINI IBEX-35;CALL;Dic-26;16.400;19085.3;26,18;0,90;;6.000
02/10/26;MINI IBEX-35;CALL;Dic-26;16.700;19085.3;25,16;0,88;;1.500
02/10/26;MINI IBEX-35;CALL;Dic-26;16.900;19085.3;24,48;0,86;;5
02/10/26;MINI IBEX-35;CALL;Dic-26;17.000;19085.3;24,14;0,85;;19
02/10/26;MINI IBEX-35;CALL;Dic-26;17.100;19085.3;23,80;0,84;;5
02/10/26;MINI IBEX-35;CALL;Dic-26;17.200;19085.3;23,46;0,83;;1
02/10/26;MINI IBEX-35;CALL;Dic-26;17.300;19085.3;23,12;0,82;;1
02/10/26;MINI IBEX-35;CALL;Dic-26;17.400;19085.3;22,78;0,81;;8
02/10/26;MINI IBEX-35;CALL;Dic-26;17.500;19085.3;22,44;0,80;;1.006
02/10/26;MINI IBEX-35;CALL;Dic-26;17.600;19085.3;22,10;0,79;;11
02/10/26;MINI IBEX-35;CALL;Dic-26;17.700;19085.3;21,76;0,77;;5.007
02/10/26;MINI IBEX-35;CALL;Dic-26;17.800;19085.3;21,42;0,76;;93
02/10/26;MINI IBEX-35;CALL;Dic-26;17.900;19085.3;21,08;0,74;;5.004
02/10/26;MINI IBEX-35;CALL;Dic-26;18.000;19085.3;20,74;0,73;1;7
02/10/26;MINI IBEX-35;CALL;Dic-26;18.100;19085.3;20,40;0,71;;1
02/10/26;MINI IBEX-35;CALL;Dic-26;18.200;19085.3;20,06;0,69;;1
02/10/26;MINI IBEX-35;CALL;Dic-26;18.300;19085.3;19,72;0,68;;5
02/10/26;MINI IBEX-35;CALL;Dic-26;18.400;19085.3;19,38;0,66;2;4
02/10/26;MINI IBEX-35;CALL;Dic-26;18.500;19085.3;19,04;0,64;;5.587
02/10/26;MINI IBEX-35;CALL;Dic-26;18.600;19085.3;18,70;0,61;;1
02/10/26;MINI IBEX-35;CALL;Dic-26;18.800;19085.3;18,02;0,57;;1
02/10/26;MINI IBEX-35;CALL;Dic-26;18.900;19085.3;17,68;0,54;;1
02/10/26;MINI IBEX-35;CALL;Dic-26;19.000;19085.3;17,34;0,52;22;22
02/10/26;MINI IBEX-35;CALL;Dic-26;19.100;19085.3;17,15;0,49;;5
02/10/26;MINI IBEX-35;CALL;Dic-26;19.200;19085.3;17,00;0,46;;4
02/10/26;MINI IBEX-35;CALL;Dic-26;19.300;19085.3;16,85;0,44;1;2
02/10/26;MINI IBEX-35;CALL;Dic-26;19.350;19085.3;16,78;0,42;1;1
02/10/26;MINI IBEX-35;CALL;Dic-26;19.500;19085.3;16,55;0,38;;4.709
02/10/26;MINI IBEX-35;CALL;Dic-26;19.600;19085.3;16,40;0,36;;3
02/10/26;MINI IBEX-35;CALL;Dic-26;19.700;19085.3;16,25;0,33;;2
02/10/26;MINI IBEX-35;CALL;Dic-26;19.800;19085.3;16,10;0,31;2;4
02/10/26;MINI IBEX-35;CALL;Dic-26;19.900;19085.3;15,95;0,28;;6
02/10/26;MINI IBEX-35;CALL;Dic-26;20.000;19085.3;15,80;0,26;5;23
02/10/26;MINI IBEX-35;CALL;Dic-26;20.100;19085.3;15,65;0,23;;13
02/10/26;MINI IBEX-35;CALL;Dic-26;20.200;19085.3;15,50;0,21;;11
02/10/26;MINI IBEX-35;CALL;Dic-26;20.300;19085.3;15,35;0,19;1;8
02/10/26;MINI IBEX-35;CALL;Dic-26;20.400;19085.3;15,20;0,17;1;1.007
02/10/26;MINI IBEX-35;CALL;Dic-26;20.450;19085.3;15,12;0,16;1;2
02/10/26;MINI IBEX-35;CALL;Dic-26;20.500;19085.3;15,04;0,15;1;5.589
02/10/26;MINI IBEX-35;CALL;Dic-26;20.550;19085.3;14,97;0,14;;1
02/10/26;MINI IBEX-35;CALL;Dic-26;20.600;19085.3;14,89;0,13;;24
02/10/26;MINI IBEX-35;CALL;Dic-26;20.700;19085.3;14,74;0,11;;1
02/10/26;MINI IBEX-35;CALL;Dic-26;20.800;19085.3;14,59;0,10;;1
02/10/26;MINI IBEX-35;CALL;Dic-26;20.900;19085.3;14,44;0,08;;2
02/10/26;MINI IBEX-35;CALL;Dic-26;21.000;19085.3;14,29;0,07;;5.049
02/10/26;MINI IBEX-35;CALL;Dic-26;21.100;19085.3;14,14;0,06;;2
02/10/26;MINI IBEX-35;CALL;Dic-26;21.200;19085.3;13,99;0,05;;6
02/10/26;MINI IBEX-35;CALL;Dic-26;21.300;19085.3;13,84;0,04;;11
02/10/26;MINI IBEX-35;CALL;Dic-26;21.700;19085.3;13,24;0,02;;2
02/10/26;MINI IBEX-35;CALL;Dic-26;21.900;19085.3;12,93;0,01;;1
02/10/26;MINI IBEX-35;CALL;Dic-26;22.000;19085.3;12,78;0,01;;3
02/10/26;MINI IBEX-35;CALL;Dic-26;22.200;19085.3;12,48;;;4
02/10/26;MINI IBEX-35;CALL;Dic-26;22.300;19085.3;12,33;;;2
02/10/26;MINI IBEX-35;CALL;Mar-27;12.600;19085.3;33,82;0,96;;1
02/10/26;MINI IBEX-35;CALL;Mar-27;13.000;19085.3;32,80;0,95;;2
02/10/26;MINI IBEX-35;CALL;Mar-27;13.500;19085.3;31,52;0,94;;3
02/10/26;MINI IBEX-35;CALL;Mar-27;13.900;19085.3;30,50;0,94;;3
02/10/26;MINI IBEX-35;CALL;Mar-27;14.000;19085.3;30,25;0,93;;1
02/10/26;MINI IBEX-35;CALL;Mar-27;14.100;19085.3;29,99;0,93;;1
02/10/26;MINI IBEX-35;CALL;Mar-27;15.000;19085.3;27,69;0,90;;5.000
02/10/26;MINI IBEX-35;CALL;Mar-27;15.300;19085.3;26,93;0,89;;3
02/10/26;MINI IBEX-35;CALL;Mar-27;17.000;19085.3;22,59;0,78;;2
02/10/26;MINI IBEX-35;CALL;Mar-27;17.900;19085.3;20,29;0,69;;1
02/10/26;MINI IBEX-35;CALL;Mar-27;18.000;19085.3;20,04;0,68;;750
02/10/26;MINI IBEX-35;CALL;Mar-27;18.500;19085.3;18,76;0,61;;2
02/10/26;MINI IBEX-35;CALL;Mar-27;18.800;19085.3;17,99;0,56;2;3
02/10/26;MINI IBEX-35;CALL;Mar-27;18.900;19085.3;17,74;0,55;;2
02/10/26;MINI IBEX-35;CALL;Mar-27;19.000;19085.3;17,48;0,53;2;3
02/10/26;MINI IBEX-35;CALL;Mar-27;19.300;19085.3;17,03;0,48;;4
02/10/26;MINI IBEX-35;CALL;Mar-27;19.800;19085.3;16,41;0,38;;5
02/10/26;MINI IBEX-35;CALL;Mar-27;20.000;19085.3;16,16;0,35;;1
02/10/26;MINI IBEX-35;CALL;Mar-27;20.100;19085.3;16,03;0,33;;1
02/10/26;MINI IBEX-35;CALL;Mar-27;20.500;19085.3;15,54;0,26;;1
02/10/26;MINI IBEX-35;CALL;Mar-27;20.600;19085.3;15,41;0,24;;1
02/10/26;MINI IBEX-35;CALL;Mar-27;20.700;19085.3;15,29;0,23;;1
02/10/26;MINI IBEX-35;CALL;Mar-27;20.800;19085.3;15,16;0,21;;1
02/10/26;MINI IBEX-35;CALL;Mar-27;21.000;19085.3;14,92;0,18;1;3
02/10/26;MINI IBEX-35;CALL;Mar-27;21.600;19085.3;14,17;0,11;;2
02/10/26;MINI IBEX-35;CALL;Mar-27;21.700;19085.3;14,05;0,10;;1
02/10/26;MINI IBEX-35;CALL;Mar-27;22.000;19085.3;13,68;0,07;;3
02/10/26;MINI IBEX-35;CALL;Mar-27;22.400;19085.3;13,18;0,04;;1
02/10/26;MINI IBEX-35;CALL;Mar-27;25.000;19085.3;9,95;;;5.000
02/10/26;MINI IBEX-35;CALL;Jun-27;18.500;19085.3;18,67;0,58;;2
02/10/26;MINI IBEX-35;CALL;Jun-27;19.000;19085.3;17,58;0,51;;3
02/10/26;MINI IBEX-35;CALL;Jun-27;19.200;19085.3;17,35;0,48;;6
02/10/26;MINI IBEX-35;CALL;Jun-27;19.300;19085.3;17,23;0,47;;1
02/10/26;MINI IBEX-35;CALL;Jun-27;19.500;19085.3;17,00;0,44;;6
02/10/26;MINI IBEX-35;CALL;Jun-27;19.600;19085.3;16,89;0,42;;5
02/10/26;MINI IBEX-35;CALL;Jun-27;19.700;19085.3;16,77;0,41;;1
02/10/26;MINI IBEX-35;CALL;Jun-27;20.100;19085.3;16,32;0,35;;1
02/10/26;MINI IBEX-35;CALL;Jun-27;22.000;19085.3;14,14;0,11;;1
02/10/26;MINI IBEX-35;CALL;Jun-27;24.000;19085.3;11,85;0,01;;3
02/10/26;MINI IBEX-35;CALL;Sep-27;14.500;19085.3;27,15;0,85;1;1
02/10/26;MINI IBEX-35;CALL;Sep-27;19.800;19085.3;17,08;0,42;;1
02/10/26;MINI IBEX-35;CALL;Sep-27;22.300;19085.3;14,35;0,13;1;1
02/10/26;MINI IBEX-35;CALL;Sep-27;23.000;19085.3;13,59;0,08;;3
02/10/26;MINI IBEX-35;CALL;Dic-27;14.000;19085.3;27,94;0,84;;2
02/10/26;MINI IBEX-35;CALL;Dic-27;16.200;19085.3;23,83;0,74;;32
02/10/26;MINI IBEX-35;CALL;Dic-27;16.300;19085.3;23,64;0,73;;96
02/10/26;MINI IBEX-35;CALL;Dic-27;16.400;19085.3;23,45;0,72;;32
02/10/26;MINI IBEX-35;CALL;Dic-27;16.500;19085.3;23,26;0,72;;32
02/10/26;MINI IBEX-35;CALL;Dic-27;16.700;19085.3;22,89;0,71;;32
02/10/26;MINI IBEX-35;CALL;Dic-27;17.600;19085.3;21,21;0,64;;32
02/10/26;MINI IBEX-35;CALL;Dic-27;19.400;19085.3;18,22;0,47;;6.750
02/10/26;MINI IBEX-35;CALL;Dic-27;19.500;19085.3;18,10;0,46;;4
02/10/26;MINI IBEX-35;CALL;Dic-27;20.500;19085.3;16,95;0,35;;1
02/10/26;MINI IBEX-35;CALL;Mar-28;18.400;19085.3;19,82;0,57;;32
02/10/26;MINI IBEX-35;CALL;Mar-28;18.500;19085.3;19,65;0,56;;32
02/10/26;MINI IBEX-35;CALL;Mar-28;18.600;19085.3;19,47;0,55;;32
02/10/26;MINI IBEX-35;CALL;Dic-28;16.800;19085.3;22,26;0,64;;1.800
02/10/26;MINI IBEX-35;CALL;Dic-29;20.600;19085.3;19,66;0,41;;1
02/10/26;MINI IBEX-35;PUT;Oct-26;16.400;19085.3;29,97;-0,01;;20
02/10/26;MINI IBEX-35;PUT;Oct-26;16.500;19085.3;29,49;-0,01;;121
02/10/26;MINI IBEX-35;PUT;Oct-26;16.900;19085.3;27,56;-0,01;;190
02/10/26;MINI IBEX-35;PUT;Oct-26;17.000;19085.3;27,08;-0,02;;1
02/10/26;MINI IBEX-35;PUT;Oct-26;17.300;19085.3;25,64;-0,03;;1
02/10/26;MINI IBEX-35;PUT;Oct-26;17.500;19085.3;24,67;-0,04;;2
02/10/26;MINI IBEX-35;PUT;Oct-26;17.600;19085.3;24,19;-0,05;2;2
02/10/26;MINI IBEX-35;PUT;Oct-26;17.700;19085.3;23,71;-0,06;;2
02/10/26;MINI IBEX-35;PUT;Oct-26;17.800;19085.3;23,23;-0,07;;1
02/10/26;MINI IBEX-35;PUT;Oct-26;17.900;19085.3;22,75;-0,08;;71
02/10/26;MINI IBEX-35;PUT;Oct-26;17.950;19085.3;22,51;-0,09;;1
02/10/26;MINI IBEX-35;PUT;Oct-26;18.000;19085.3;22,26;-0,10;3;33
02/10/26;MINI IBEX-35;PUT;Oct-26;18.200;19085.3;21,30;-0,14;;3
02/10/26;MINI IBEX-35;PUT;Oct-26;18.250;19085.3;21,06;-0,15;1;5
02/10/26;MINI IBEX-35;PUT;Oct-26;18.300;19085.3;20,82;-0,16;;2
02/10/26;MINI IBEX-35;PUT;Oct-26;18.350;19085.3;20,58;-0,18;;1
02/10/26;MINI IBEX-35;PUT;Oct-26;18.400;19085.3;20,34;-0,19;;28
02/10/26;MINI IBEX-35;PUT;Oct-26;18.450;19085.3;20,10;-0,21;;1
02/10/26;MINI IBEX-35;PUT;Oct-26;18.500;19085.3;19,86;-0,23;7;39
02/10/26;MINI IBEX-35;PUT;Oct-26;18.550;19085.3;19,62;-0,25;;2
02/10/26;MINI IBEX-35;PUT;Oct-26;18.600;19085.3;19,38;-0,27;;12
02/10/26;MINI IBEX-35;PUT;Oct-26;18.650;19085.3;19,13;-0,29;;2
02/10/26;MINI IBEX-35;PUT;Oct-26;18.700;19085.3;18,89;-0,31;;2
02/10/26;MINI IBEX-35;PUT;Oct-26;18.750;19085.3;18,65;-0,33;;1
02/10/26;MINI IBEX-35;PUT;Oct-26;18.800;19085.3;18,41;-0,36;;7
02/10/26;MINI IBEX-35;PUT;Oct-26;18.900;19085.3;17,93;-0,41;;9
02/10/26;MINI IBEX-35;PUT;Oct-26;18.950;19085.3;17,69;-0,44;;7
02/10/26;MINI IBEX-35;PUT;Oct-26;19.000;19085.3;17,45;-0,47;2;64
02/10/26;MINI IBEX-35;PUT;Oct-26;19.050;19085.3;17,25;-0,50;;1
02/10/26;MINI IBEX-35;PUT;Oct-26;19.100;19085.3;17,15;-0,53;3;24
02/10/26;MINI IBEX-35;PUT;Oct-26;19.150;19085.3;17,04;-0,56;;5
02/10/26;MINI IBEX-35;PUT;Oct-26;19.200;19085.3;16,94;-0,59;3;6
02/10/26;MINI IBEX-35;PUT;Oct-26;19.250;19085.3;16,84;-0,63;1;23
02/10/26;MINI IBEX-35;PUT;Oct-26;19.300;19085.3;16,73;-0,66;;15
02/10/26;MINI IBEX-35;PUT;Oct-26;19.350;19085.3;16,63;-0,69;;12
02/10/26;MINI IBEX-35;PUT;Oct-26;19.400;19085.3;16,53;-0,71;;14
02/10/26;MINI IBEX-35;PUT;Oct-26;19.450;19085.3;16,42;-0,74;;1
02/10/26;MINI IBEX-35;PUT;Oct-26;19.500;19085.3;16,32;-0,77;;887
02/10/26;MINI IBEX-35;PUT;Oct-26;19.550;19085.3;16,22;-0,79;;102
02/10/26;MINI IBEX-35;PUT;Oct-26;19.600;19085.3;16,11;-0,82;;10
02/10/26;MINI IBEX-35;PUT;Oct-26;19.650;19085.3;16,01;-0,84;;3
02/10/26;MINI IBEX-35;PUT;Oct-26;19.700;19085.3;15,91;-0,86;;106
02/10/26;MINI IBEX-35;PUT;Oct-26;19.750;19085.3;15,80;-0,88;;100
02/10/26;MINI IBEX-35;PUT;Oct-26;19.800;19085.3;15,70;-0,89;;12
02/10/26;MINI IBEX-35;PUT;Oct-26;19.850;19085.3;15,60;-0,91;;4
02/10/26;MINI IBEX-35;PUT;Oct-26;19.900;19085.3;15,49;-0,92;;28
02/10/26;MINI IBEX-35;PUT;Oct-26;19.950;19085.3;15,39;-0,94;;3
02/10/26;MINI IBEX-35;PUT;Oct-26;20.000;19085.3;15,29;-0,95;;26
02/10/26;MINI IBEX-35;PUT;Oct-26;20.100;19085.3;15,08;-0,96;;1
02/10/26;MINI IBEX-35;PUT;Oct-26;20.150;19085.3;14,98;-0,97;;8
02/10/26;MINI IBEX-35;PUT;Oct-26;20.200;19085.3;14,87;-0,98;;2
02/10/26;MINI IBEX-35;PUT;Oct-26;20.300;19085.3;14,67;-0,99;;1
02/10/26;MINI IBEX-35;PUT;Oct-26;20.500;19085.3;14,25;-0,99;;2
02/10/26;MINI IBEX-35;PUT;Oct-26;20.700;19085.3;13,84;-1,00;;1
02/10/26;MINI IBEX-35;PUT;Oct-26;20.750;19085.3;13,74;-1,00;;1
02/10/26;MINI IBEX-35;PUT;Nov-26;16.500;19085.3;27,11;-0,07;;1
02/10/26;MINI IBEX-35;PUT;Nov-26;16.600;19085.3;26,71;-0,08;;6
02/10/26;MINI IBEX-35;PUT;Nov-26;17.000;19085.3;25,11;-0,10;;12
02/10/26;MINI IBEX-35;PUT;Nov-26;17.100;19085.3;24,71;-0,11;;1
02/10/26;MINI IBEX-35;PUT;Nov-26;17.200;19085.3;24,31;-0,12;;1
02/10/26;MINI IBEX-35;PUT;Nov-26;17.300;19085.3;23,91;-0,13;;2
02/10/26;MINI IBEX-35;PUT;Nov-26;17.500;19085.3;23,11;-0,15;10;30
02/10/26;MINI IBEX-35;PUT;Nov-26;17.700;19085.3;22,31;-0,18;;11
02/10/26;MINI IBEX-35;PUT;Nov-26;17.800;19085.3;21,91;-0,20;;2
02/10/26;MINI IBEX-35;PUT;Nov-26;17.900;19085.3;21,51;-0,21;;3
02/10/26;MINI IBEX-35;PUT;Nov-26;18.000;19085.3;21,11;-0,23;;33
02/10/26;MINI IBEX-35;PUT;Nov-26;18.100;19085.3;20,71;-0,25;;1
02/10/26;MINI IBEX-35;PUT;Nov-26;18.200;19085.3;20,31;-0,27;1;3
02/10/26;MINI IBEX-35;PUT;Nov-26;18.250;19085.3;20,11;-0,28;1;12
02/10/26;MINI IBEX-35;PUT;Nov-26;18.300;19085.3;19,91;-0,29;;3
02/10/26;MINI IBEX-35;PUT;Nov-26;18.350;19085.3;19,71;-0,30;;2
02/10/26;MINI IBEX-35;PUT;Nov-26;18.500;19085.3;19,11;-0,33;1;4
02/10/26;MINI IBEX-35;PUT;Nov-26;18.600;19085.3;18,71;-0,36;;1
02/10/26;MINI IBEX-35;PUT;Nov-26;18.650;19085.3;18,51;-0,37;100;100
02/10/26;MINI IBEX-35;PUT;Nov-26;18.700;19085.3;18,32;-0,39;101;100
02/10/26;MINI IBEX-35;PUT;Nov-26;18.750;19085.3;18,12;-0,40;101;102
02/10/26;MINI IBEX-35;PUT;Nov-26;18.800;19085.3;17,92;-0,42;100;107
02/10/26;MINI IBEX-35;PUT;Nov-26;18.950;19085.3;17,32;-0,46;1;1
02/10/26;MINI IBEX-35;PUT;Nov-26;19.000;19085.3;17,12;-0,48;1;1
02/10/26;MINI IBEX-35;PUT;Nov-26;19.050;19085.3;17,00;-0,50;1;2
02/10/26;MINI IBEX-35;PUT;Nov-26;19.100;19085.3;16,91;-0,51;;3
02/10/26;MINI IBEX-35;PUT;Nov-26;19.200;19085.3;16,74;-0,55;;5
02/10/26;MINI IBEX-35;PUT;Nov-26;19.250;19085.3;16,65;-0,57;;1
02/10/26;MINI IBEX-35;PUT;Nov-26;19.300;19085.3;16,57;-0,58;;3
02/10/26;MINI IBEX-35;PUT;Nov-26;19.500;19085.3;16,23;-0,65;;1
02/10/26;MINI IBEX-35;PUT;Nov-26;19.600;19085.3;16,05;-0,68;;2
02/10/26;MINI IBEX-35;PUT;Nov-26;19.700;19085.3;15,88;-0,72;8;8
02/10/26;MINI IBEX-35;PUT;Nov-26;19.750;19085.3;15,80;-0,73;1;2
02/10/26;MINI IBEX-35;PUT;Nov-26;19.800;19085.3;15,71;-0,75;;1
02/10/26;MINI IBEX-35;PUT;Nov-26;19.900;19085.3;15,54;-0,78;;1
02/10/26;MINI IBEX-35;PUT;Nov-26;20.300;19085.3;14,85;-0,88;;1
02/10/26;MINI IBEX-35;PUT;Nov-26;20.700;19085.3;14,16;-0,94;;1
02/10/26;MINI IBEX-35;PUT;Dic-26;8.600;19085.3;51,93;;;1.250
02/10/26;MINI IBEX-35;PUT;Dic-26;10.900;19085.3;44,11;;;1
02/10/26;MINI IBEX-35;PUT;Dic-26;11.300;19085.3;42,75;;;1
02/10/26;MINI IBEX-35;PUT;Dic-26;11.500;19085.3;42,07;;;2
02/10/26;MINI IBEX-35;PUT;Dic-26;12.200;19085.3;39,69;-0,01;;2
02/10/26;MINI IBEX-35;PUT;Dic-26;12.300;19085.3;39,35;-0,01;;5
02/10/26;MINI IBEX-35;PUT;Dic-26;12.400;19085.3;39,01;-0,01;;1
02/10/26;MINI IBEX-35;PUT;Dic-26;12.500;19085.3;38,67;-0,01;;7
02/10/26;MINI IBEX-35;PUT;Dic-26;12.600;19085.3;38,33;-0,01;;6
02/10/26;MINI IBEX-35;PUT;Dic-26;12.900;19085.3;37,31;-0,01;;7
02/10/26;MINI IBEX-35;PUT;Dic-26;13.000;19085.3;36,97;-0,01;;7
02/10/26;MINI IBEX-35;PUT;Dic-26;13.100;19085.3;36,63;-0,01;;1
02/10/26;MINI IBEX-35;PUT;Dic-26;13.200;19085.3;36,29;-0,01;;1
02/10/26;MINI IBEX-35;PUT;Dic-26;13.500;19085.3;35,27;-0,01;;504
02/10/26;MINI IBEX-35;PUT;Dic-26;13.600;19085.3;34,93;-0,02;;5
02/10/26;MINI IBEX-35;PUT;Dic-26;13.700;19085.3;34,59;-0,02;;2
02/10/26;MINI IBEX-35;PUT;Dic-26;14.000;19085.3;33,57;-0,02;;1.034
02/10/26;MINI IBEX-35;PUT;Dic-26;14.200;19085.3;32,89;-0,02;;3
02/10/26;MINI IBEX-35;PUT;Dic-26;14.300;19085.3;32,55;-0,02;;1
02/10/26;MINI IBEX-35;PUT;Dic-26;14.400;19085.3;32,21;-0,03;;1
02/10/26;MINI IBEX-35;PUT;Dic-26;14.500;19085.3;31,87;-0,03;;1
02/10/26;MINI IBEX-35;PUT;Dic-26;14.600;19085.3;31,53;-0,03;;1
02/10/26;MINI IBEX-35;PUT;Dic-26;14.800;19085.3;30,85;-0,03;;1
02/10/26;MINI IBEX-35;PUT;Dic-26;14.900;19085.3;30,51;-0,04;;3
02/10/26;MINI IBEX-35;PUT;Dic-26;15.000;19085.3;30,17;-0,04;;18
02/10/26;MINI IBEX-35;PUT;Dic-26;15.200;19085.3;29,49;-0,04;;1
02/10/26;MINI IBEX-35;PUT;Dic-26;15.500;19085.3;28,47;-0,05;;28
02/10/26;MINI IBEX-35;PUT;Dic-26;15.600;19085.3;28,13;-0,06;;32
02/10/26;MINI IBEX-35;PUT;Dic-26;15.700;19085.3;27,79;-0,06;;4
02/10/26;MINI IBEX-35;PUT;Dic-26;15.800;19085.3;27,45;-0,06;;4
02/10/26;MINI IBEX-35;PUT;Dic-26;15.900;19085.3;27,11;-0,07;;1
02/10/26;MINI IBEX-35;PUT;Dic-26;16.000;19085.3;26,77;-0,07;;28
02/10/26;MINI IBEX-35;PUT;Dic-26;16.200;19085.3;26,09;-0,08;;2
02/10/26;MINI IBEX-35;PUT;Dic-26;16.300;19085.3;25,75;-0,09;;10
02/10/26;MINI IBEX-35;PUT;Dic-26;16.400;19085.3;25,41;-0,09;;6.000
02/10/26;MINI IBEX-35;PUT;Dic-26;16.500;19085.3;25,07;-0,10;1;9
02/10/26;MINI IBEX-35;PUT;Dic-26;16.600;19085.3;24,73;-0,11;;2
02/10/26;MINI IBEX-35;PUT;Dic-26;16.700;19085.3;24,39;-0,11;;1.516
02/10/26;MINI IBEX-35;PUT;Dic-26;16.800;19085.3;24,05;-0,12;;11
02/10/26;MINI IBEX-35;PUT;Dic-26;16.900;19085.3;23,71;-0,13;;5
02/10/26;MINI IBEX-35;PUT;Dic-26;17.000;19085.3;23,37;-0,14;;31
02/10/26;MINI IBEX-35;PUT;Dic-26;17.100;19085.3;23,03;-0,15;;7
02/10/26;MINI IBEX-35;PUT;Dic-26;17.200;19085.3;22,69;-0,16;;105
02/10/26;MINI IBEX-35;PUT;Dic-26;17.300;19085.3;22,35;-0,17;;6
02/10/26;MINI IBEX-35;PUT;Dic-26;17.400;19085.3;22,01;-0,18;;7
02/10/26;MINI IBEX-35;PUT;Dic-26;17.500;19085.3;21,67;-0,19;1;1.033
02/10/26;MINI IBEX-35;PUT;Dic-26;17.600;19085.3;21,33;-0,20;;104
02/10/26;MINI IBEX-35;PUT;Dic-26;17.700;19085.3;20,99;-0,21;;5.011
02/10/26;MINI IBEX-35;PUT;Dic-26;17.800;19085.3;20,65;-0,23;;10
02/10/26;MINI IBEX-35;PUT;Dic-26;17.900;19085.3;20,31;-0,24;;5.026
02/10/26;MINI IBEX-35;PUT;Dic-26;18.000;19085.3;19,97;-0,26;;520
02/10/26;MINI IBEX-35;PUT;Dic-26;18.100;19085.3;19,63;-0,28;;6
02/10/26;MINI IBEX-35;PUT;Dic-26;18.200;19085.3;19,29;-0,29;2;9
02/10/26;MINI IBEX-35;PUT;Dic-26;18.300;19085.3;18,95;-0,31;1;7
02/10/26;MINI IBEX-35;PUT;Dic-26;18.400;19085.3;18,61;-0,33;;11
02/10/26;MINI IBEX-35;PUT;Dic-26;18.450;19085.3;18,44;-0,34;;1
02/10/26;MINI IBEX-35;PUT;Dic-26;18.500;19085.3;18,27;-0,35;1;214
02/10/26;MINI IBEX-35;PUT;Dic-26;18.700;19085.3;17,59;-0,40;;9
02/10/26;MINI IBEX-35;PUT;Dic-26;18.800;19085.3;17,25;-0,42;;8
02/10/26;MINI IBEX-35;PUT;Dic-26;18.900;19085.3;16,91;-0,45;;14
02/10/26;MINI IBEX-35;PUT;Dic-26;19.000;19085.3;16,57;-0,48;;11
02/10/26;MINI IBEX-35;PUT;Dic-26;19.100;19085.3;16,38;-0,51;;3
02/10/26;MINI IBEX-35;PUT;Dic-26;19.150;19085.3;16,31;-0,52;1;1
02/10/26;MINI IBEX-35;PUT;Dic-26;19.200;19085.3;16,23;-0,53;;38
02/10/26;MINI IBEX-35;PUT;Dic-26;19.300;19085.3;16,08;-0,56;;5
02/10/26;MINI IBEX-35;PUT;Dic-26;19.400;19085.3;15,93;-0,59;;3
02/10/26;MINI IBEX-35;PUT;Dic-26;19.500;19085.3;15,78;-0,62;1;4.721
02/10/26;MINI IBEX-35;PUT;Dic-26;19.600;19085.3;15,63;-0,65;;6
02/10/26;MINI IBEX-35;PUT;Dic-26;19.650;19085.3;15,56;-0,66;;2
02/10/26;MINI IBEX-35;PUT;Dic-26;19.700;19085.3;15,48;-0,67;;1
02/10/26;MINI IBEX-35;PUT;Dic-26;19.800;19085.3;15,33;-0,70;1;9
02/10/26;MINI IBEX-35;PUT;Dic-26;19.900;19085.3;15,18;-0,73;;1
02/10/26;MINI IBEX-35;PUT;Dic-26;20.000;19085.3;15,03;-0,75;;17
02/10/26;MINI IBEX-35;PUT;Dic-26;20.100;19085.3;14,88;-0,78;;11
02/10/26;MINI IBEX-35;PUT;Dic-26;20.500;19085.3;14,27;-0,86;;1
02/10/26;MINI IBEX-35;PUT;Mar-27;13.000;19085.3;31,22;-0,03;;3
02/10/26;MINI IBEX-35;PUT;Mar-27;13.800;19085.3;29,18;-0,04;;32
02/10/26;MINI IBEX-35;PUT;Mar-27;15.000;19085.3;26,11;-0,07;;5.000
02/10/26;MINI IBEX-35;PUT;Mar-27;15.200;19085.3;25,60;-0,08;;1
02/10/26;MINI IBEX-35;PUT;Mar-27;15.700;19085.3;24,33;-0,10;;1
02/10/26;MINI IBEX-35;PUT;Mar-27;16.500;19085.3;22,29;-0,15;;2
02/10/26;MINI IBEX-35;PUT;Mar-27;17.000;19085.3;21,01;-0,19;;2
02/10/26;MINI IBEX-35;PUT;Mar-27;17.100;19085.3;20,75;-0,20;2;2
02/10/26;MINI IBEX-35;PUT;Mar-27;17.300;19085.3;20,24;-0,22;;1
02/10/26;MINI IBEX-35;PUT;Mar-27;17.500;19085.3;19,73;-0,24;;21
02/10/26;MINI IBEX-35;PUT;Mar-27;17.800;19085.3;18,97;-0,27;;1
02/10/26;MINI IBEX-35;PUT;Mar-27;18.000;19085.3;18,46;-0,30;;758
02/10/26;MINI IBEX-35;PUT;Mar-27;18.100;19085.3;18,20;-0,31;;5
02/10/26;MINI IBEX-35;PUT;Mar-27;18.200;19085.3;17,95;-0,33;;5
02/10/26;MINI IBEX-35;PUT;Mar-27;18.300;19085.3;17,69;-0,34;;5
02/10/26;MINI IBEX-35;PUT;Mar-27;18.400;19085.3;17,44;-0,36;;5
02/10/26;MINI IBEX-35;PUT;Mar-27;18.500;19085.3;17,18;-0,37;;3
02/10/26;MINI IBEX-35;PUT;Mar-27;18.600;19085.3;16,92;-0,39;;2
02/10/26;MINI IBEX-35;PUT;Mar-27;18.900;19085.3;16,16;-0,44;;3
02/10/26;MINI IBEX-35;PUT;Mar-27;19.100;19085.3;15,70;-0,48;;5
02/10/26;MINI IBEX-35;PUT;Mar-27;19.300;19085.3;15,45;-0,52;;6
02/10/26;MINI IBEX-35;PUT;Mar-27;19.500;19085.3;15,20;-0,56;;5
02/10/26;MINI IBEX-35;PUT;Mar-27;19.600;19085.3;15,07;-0,58;;5
02/10/26;MINI IBEX-35;PUT;Mar-27;19.800;19085.3;14,83;-0,62;;2
02/10/26;MINI IBEX-35;PUT;Mar-27;21.400;19085.3;12,84;-0,89;;1
02/10/26;MINI IBEX-35;PUT;Mar-27;21.600;19085.3;12,59;-0,91;;2
02/10/26;MINI IBEX-35;PUT;Mar-27;21.800;19085.3;12,34;-0,93;;1
02/10/26;MINI IBEX-35;PUT;Mar-27;21.900;19085.3;12,22;-0,94;;3
02/10/26;MINI IBEX-35;PUT;Mar-27;22.000;19085.3;12,10;-0,94;;2
02/10/26;MINI IBEX-35;PUT;Mar-27;22.900;19085.3;10,98;-0,98;;2
02/10/26;MINI IBEX-35;PUT;Mar-27;25.000;19085.3;8,37;-0,99;;5.000
02/10/26;MINI IBEX-35;PUT;Jun-27;13.000;19085.3;29,30;-0,05;;2
02/10/26;MINI IBEX-35;PUT;Jun-27;15.400;19085.3;23,68;-0,13;;6
02/10/26;MINI IBEX-35;PUT;Jun-27;16.000;19085.3;22,27;-0,16;;20
02/10/26;MINI IBEX-35;PUT;Jun-27;17.000;19085.3;19,93;-0,23;;1
02/10/26;MINI IBEX-35;PUT;Jun-27;18.000;19085.3;17,59;-0,33;;1
02/10/26;MINI IBEX-35;PUT;Jun-27;18.100;19085.3;17,36;-0,35;;1
02/10/26;MINI IBEX-35;PUT;Jun-27;18.500;19085.3;16,42;-0,40;;1
02/10/26;MINI IBEX-35;PUT;Jun-27;19.000;19085.3;15,33;-0,48;;4
02/10/26;MINI IBEX-35;PUT;Jun-27;19.100;19085.3;15,21;-0,49;5;5
02/10/26;MINI IBEX-35;PUT;Jun-27;19.600;19085.3;14,64;-0,57;;5
02/10/26;MINI IBEX-35;PUT;Jun-27;19.700;19085.3;14,52;-0,59;;6
02/10/26;MINI IBEX-35;PUT;Jun-27;19.900;19085.3;14,30;-0,62;;1
02/10/26;MINI IBEX-35;PUT;Jun-27;20.300;19085.3;13,84;-0,69;1;1
02/10/26;MINI IBEX-35;PUT;Jun-27;23.300;19085.3;10,41;-0,97;;1
02/10/26;MINI IBEX-35;PUT;Jun-27;23.400;19085.3;10,29;-0,97;;2
02/10/26;MINI IBEX-35;PUT;Jun-27;24.200;19085.3;9,38;-0,98;;2
02/10/26;MINI IBEX-35;PUT;Sep-27;12.100;19085.3;29,73;-0,05;;32
02/10/26;MINI IBEX-35;PUT;Sep-27;12.200;19085.3;29,52;-0,05;;32
02/10/26;MINI IBEX-35;PUT;Sep-27;12.300;19085.3;29,32;-0,05;;32
02/10/26;MINI IBEX-35;PUT;Sep-27;12.400;19085.3;29,11;-0,05;;32
02/10/26;MINI IBEX-35;PUT;Sep-27;14.200;19085.3;25,40;-0,10;;32
02/10/26;MINI IBEX-35;PUT;Sep-27;15.500;19085.3;22,72;-0,15;;2
02/10/26;MINI IBEX-35;PUT;Sep-27;15.700;19085.3;22,31;-0,16;;1
02/10/26;MINI IBEX-35;PUT;Sep-27;23.000;19085.3;11,22;-0,93;;3
02/10/26;MINI IBEX-35;PUT;Dic-27;13.400;19085.3;25,96;-0,09;;250
02/10/26;MINI IBEX-35;PUT;Dic-27;14.700;19085.3;23,52;-0,13;;1
02/10/26;MINI IBEX-35;PUT;Dic-27;15.100;19085.3;22,78;-0,15;;2
02/10/26;MINI IBEX-35;PUT;Dic-27;15.400;19085.3;22,21;-0,16;;32
02/10/26;MINI IBEX-35;PUT;Dic-27;15.700;19085.3;21,65;-0,18;;32
02/10/26;MINI IBEX-35;PUT;Dic-27;15.800;19085.3;21,46;-0,19;;32
02/10/26;MINI IBEX-35;PUT;Dic-27;19.000;19085.3;15,57;-0,47;;1
02/10/26;MINI IBEX-35;PUT;Dic-27;19.300;19085.3;15,22;-0,50;;3
02/10/26;MINI IBEX-35;PUT;Dic-27;19.400;19085.3;15,11;-0,51;;6.751
02/10/26;MINI IBEX-35;PUT;Mar-28;19.800;19085.3;14,75;-0,54;;1
02/10/26;MINI IBEX-35;PUT;Jun-28;18.400;19085.3;16,21;-0,40;;64
02/10/26;MINI IBEX-35;PUT;Jun-28;18.500;19085.3;16,04;-0,41;;64
02/10/26;MINI IBEX-35;PUT;Jun-28;19.300;19085.3;15,01;-0,49;;32
02/10/26;MINI IBEX-35;PUT;Jun-28;20.000;19085.3;14,27;-0,57;;32
02/10/26;MINI IBEX-35;PUT;Sep-28;17.500;19085.3;17,52;-0,32;;2
02/10/26;MINI IBEX-35;PUT;Dic-28;16.800;19085.3;18,09;-0,28;;1.800
02/10/26;MINI IBEX-35;PUT;Jun-29;18.800;19085.3;16,37;-0,42;;1
02/10/26;MINI IBEX-35;PUT;Jun-31;18.400;19085.3;17,93;-0,37;;1
02/10/26;ACCIONA;CALL;Oct-26;200,00;213.6;38,60;0,82;;10
02/10/26;ACCIONA;CALL;Oct-26;210,00;213.6;36,53;0,61;;14
02/10/26;ACCIONA;CALL;Oct-26;220,00;213.6;35,20;0,35;;1
02/10/26;ACCIONA;CALL;Oct-26;230,00;213.6;34,30;0,15;;1
02/10/26;ACCIONA;CALL;Nov-26;230,00;213.6;34,37;0,31;;1
02/10/26;ACCIONA;CALL;Dic-26;210,00;213.6;36,19;0,59;;2
02/10/26;ACCIONA;CALL;Dic-26;220,00;213.6;35,26;0,47;;1
02/10/26;ACCIONA;CALL;Dic-26;230,00;213.6;34,79;0,36;;5
02/10/26;ACCIONA;CALL;Dic-26;260,00;213.6;33,39;0,12;;2
02/10/26;ACCIONA;CALL;Dic-26;280,00;213.6;32,45;0,04;;5
02/10/26;ACCIONA;CALL;Dic-26;320,00;213.6;30,58;;;5
02/10/26;ACCIONA;CALL;Mar-27;160,00;213.6;43,62;0,88;;1
02/10/26;ACCIONA;CALL;Mar-27;270,00;213.6;34,00;0,20;;5
02/10/26;ACCIONA;CALL;Mar-27;280,00;213.6;33,69;0,15;;5
02/10/26;ACCIONA;CALL;Mar-27;290,00;213.6;33,38;0,12;;5
02/10/26;ACCIONA;CALL;Jun-27;220,00;213.6;34,44;0,54;;1
02/10/26;ACCIONA;PUT;Oct-26;185,00;213.6;41,66;-0,03;;20
02/10/26;ACCIONA;PUT;Oct-26;195,00;213.6;39,58;-0,11;;10
02/10/26;ACCIONA;PUT;Oct-26;200,00;213.6;38,54;-0,18;;25
02/10/26;ACCIONA;PUT;Nov-26;180,00;213.6;41,78;-0,11;;61
02/10/26;ACCIONA;PUT;Nov-26;185,00;213.6;40,75;-0,15;;5
02/10/26;ACCIONA;PUT;Nov-26;190,00;213.6;39,71;-0,19;;1
02/10/26;ACCIONA;PUT;Nov-26;195,00;213.6;38,67;-0,23;;1
02/10/26;ACCIONA;PUT;Nov-26;210,00;213.6;35,56;-0,41;;1
02/10/26;ACCIONA;PUT;Dic-26;140,00;213.6;48,30;-0,02;;1
02/10/26;ACCIONA;PUT;Dic-26;155,00;213.6;45,65;-0,05;;1
02/10/26;ACCIONA;PUT;Dic-26;160,00;213.6;44,77;-0,06;;1
02/10/26;ACCIONA;PUT;Dic-26;170,00;213.6;43,01;-0,10;;60
02/10/26;ACCIONA;PUT;Dic-26;175,00;213.6;42,13;-0,13;;62
02/10/26;ACCIONA;PUT;Dic-26;195,00;213.6;38,60;-0,27;;15
02/10/26;ACCIONA;PUT;Dic-26;200,00;213.6;37,72;-0,31;;20
02/10/26;ACCIONA;PUT;Dic-26;210,00;213.6;35,95;-0,42;;9
02/10/26;ACCIONA;PUT;Mar-27;155,00;213.6;44,07;-0,10;;60
02/10/26;ACCIONA;PUT;Mar-27;170,00;213.6;41,87;-0,16;;2
02/10/26;ACCIONA;PUT;Mar-27;200,00;213.6;37,47;-0,34;;20
02/10/26;ACCIONA;PUT;Mar-27;210,00;213.6;36,00;-0,41;;5
02/10/26;ACCIONA;CALL;Nov-26;220,00;213.6;34,96;0,44;;3
02/10/26;ACCIONA ENERGIA;CALL;Dic-26;24,00;21.94;30,71;0,30;;3
02/10/26;ACCIONA ENERGIA;CALL;Dic-26;25,00;21.94;29,70;0,20;;1
02/10/26;ACCIONA ENERGIA;CALL;Dic-26;27,00;21.94;27,66;0,06;;1
02/10/26;ACCIONA ENERGIA;CALL;Dic-26;30,00;21.94;24,61;;;1
02/10/26;ACCIONA ENERGIA;CALL;Dic-26;31,00;21.94;23,59;;;1
02/10/26;ACCIONA ENERGIA;PUT;Oct-26;20,50;21.94;34,72;-0,15;;5
02/10/26;ACCIONA ENERGIA;PUT;Oct-26;22,00;21.94;33,52;-0,50;;20
02/10/26;ACCIONA ENERGIA;PUT;Dic-26;18,00;21.94;38,33;-0,11;;2
02/10/26;ACCIONA ENERGIA;PUT;Dic-26;19,00;21.94;37,51;-0,17;;3
02/10/26;ACCIONA ENERGIA;PUT;Dic-26;20,00;21.94;36,69;-0,25;;1
02/10/26;ACCIONA ENERGIA;PUT;Dic-26;21,00;21.94;35,87;-0,35;;16
02/10/26;ACCIONA ENERGIA;PUT;Dic-26;23,00;21.94;34,02;-0,58;;2
02/10/26;ACCIONA ENERGIA;PUT;Jun-27;24,00;21.94;32,06;-0,57;;13
02/10/26;ACCIONA ENERGIA;PUT;Sep-27;19,00;21.94;32,51;-0,25;;3
02/10/26;ACERINOX;CALL;Oct-26;16,50;17.27;34,16;0,77;;3
02/10/26;ACERINOX;CALL;Oct-26;17,00;17.27;33,17;0,61;;7
02/10/26;ACERINOX;CALL;Oct-26;17,50;17.27;32,35;0,44;;7
02/10/26;ACERINOX;CALL;Oct-26;18,00;17.27;31,71;0,27;;18
02/10/26;ACERINOX;CALL;Oct-26;18,50;17.27;31,07;0,14;;24
02/10/26;ACERINOX;CALL;Oct-26;19,00;17.27;30,44;0,06;;10
02/10/26;ACERINOX;CALL;Oct-26;19,50;17.27;29,80;0,02;;10
02/10/26;ACERINOX;CALL;Nov-26;18,50;17.27;31,70;0,31;;34
02/10/26;ACERINOX;CALL;Nov-26;19,00;17.27;31,37;0,23;;20
02/10/26;ACERINOX;CALL;Nov-26;19,50;17.27;31,05;0,16;;1
02/10/26;ACERINOX;CALL;Dic-26;6,00;17.27;49,21;1,00;;20
02/10/26;ACERINOX;CALL;Dic-26;9,75;17.27;43,27;1,00;;2
02/10/26;ACERINOX;CALL;Dic-26;11,00;17.27;41,29;0,99;;10
02/10/26;ACERINOX;CALL;Dic-26;13,00;17.27;38,13;0,96;;11
02/10/26;ACERINOX;CALL;Dic-26;13,50;17.27;37,34;0,94;;20
02/10/26;ACERINOX;CALL;Dic-26;14,00;17.27;36,55;0,91;;10
02/10/26;ACERINOX;CALL;Dic-26;14,50;17.27;35,75;0,88;;10
02/10/26;ACERINOX;CALL;Dic-26;15,00;17.27;34,96;0,84;;20
02/10/26;ACERINOX;CALL;Dic-26;16,00;17.27;33,38;0,73;;10
02/10/26;ACERINOX;CALL;Dic-26;16,50;17.27;32,59;0,66;;3
02/10/26;ACERINOX;CALL;Dic-26;17,00;17.27;31,80;0,59;;15
02/10/26;ACERINOX;CALL;Dic-26;17,50;17.27;31,29;0,51;;35
02/10/26;ACERINOX;CALL;Dic-26;18,00;17.27;31,12;0,43;;20
02/10/26;ACERINOX;CALL;Dic-26;18,50;17.27;30,94;0,35;;12
02/10/26;ACERINOX;CALL;Dic-26;19,00;17.27;30,77;0,29;;24
02/10/26;ACERINOX;CALL;Dic-26;19,50;17.27;30,60;0,22;;21
02/10/26;ACERINOX;CALL;Dic-26;20,00;17.27;30,42;0,17;;12
02/10/26;ACERINOX;CALL;Dic-26;22,00;17.27;29,73;0,05;;1
02/10/26;ACERINOX;CALL;Dic-26;24,00;17.27;29,03;0,01;;51
02/10/26;ACERINOX;CALL;Mar-27;8,75;17.27;43,08;1,00;;1
02/10/26;ACERINOX;CALL;Mar-27;11,00;17.27;40,13;0,98;;15
02/10/26;ACERINOX;CALL;Mar-27;13,00;17.27;37,50;0,91;;1
02/10/26;ACERINOX;CALL;Mar-27;13,50;17.27;36,85;0,89;;5
02/10/26;ACERINOX;CALL;Mar-27;14,50;17.27;35,54;0,82;;150
02/10/26;ACERINOX;CALL;Mar-27;15,50;17.27;34,22;0,74;;150
02/10/26;ACERINOX;CALL;Mar-27;16,00;17.27;33,57;0,69;;150
02/10/26;ACERINOX;CALL;Mar-27;17,00;17.27;32,25;0,58;;150
02/10/26;ACERINOX;CALL;Mar-27;17,50;17.27;31,85;0,52;;100
02/10/26;ACERINOX;CALL;Mar-27;18,50;17.27;31,62;0,42;;50
02/10/26;ACERINOX;CALL;Mar-27;19,00;17.27;31,50;0,36;;25
02/10/26;ACERINOX;CALL;Jun-27;16,00;17.27;34,31;0,66;;1
02/10/26;ACERINOX;CALL;Jun-27;17,50;17.27;32,68;0,54;;4
02/10/26;ACERINOX;CALL;Sep-27;13,50;17.27;38,81;0,81;;5
02/10/26;ACERINOX;CALL;Sep-27;14,00;17.27;38,15;0,78;;1
02/10/26;ACERINOX;CALL;Sep-27;16,50;17.27;34,87;0,62;;150
02/10/26;ACERINOX;CALL;Sep-27;18,50;17.27;33,50;0,48;;1
02/10/26;ACERINOX;CALL;Dic-27;11,00;17.27;40,40;0,92;;10
02/10/26;ACERINOX;CALL;Dic-27;12,00;17.27;39,24;0,87;;1
02/10/26;ACERINOX;CALL;Dic-27;13,00;17.27;38,08;0,82;;10
02/10/26;ACERINOX;CALL;Jun-28;12,50;17.27;36,81;0,83;;10
02/10/26;ACERINOX;PUT;Oct-26;15,50;17.27;34,24;-0,05;;10
02/10/26;ACERINOX;PUT;Oct-26;16,00;17.27;33,26;-0,11;;5
02/10/26;ACERINOX;PUT;Oct-26;16,50;17.27;32,28;-0,22;;3
02/10/26;ACERINOX;PUT;Oct-26;17,00;17.27;31,29;-0,38;;21
02/10/26;ACERINOX;PUT;Oct-26;17,50;17.27;30,47;-0,57;;35
02/10/26;ACERINOX;PUT;Oct-26;18,00;17.27;29,83;-0,75;;3
02/10/26;ACERINOX;PUT;Nov-26;16,50;17.27;31,76;-0,32;;32
02/10/26;ACERINOX;PUT;Nov-26;17,00;17.27;30,79;-0,41;;2
02/10/26;ACERINOX;PUT;Nov-26;17,50;17.27;30,11;-0,52;;3
02/10/26;ACERINOX;PUT;Nov-26;18,00;17.27;29,78;-0,62;;1
02/10/26;ACERINOX;PUT;Dic-26;9,50;17.27;42,87;;;1
02/10/26;ACERINOX;PUT;Dic-26;9,75;17.27;42,47;;;1
02/10/26;ACERINOX;PUT;Dic-26;10,00;17.27;42,08;;;97
02/10/26;ACERINOX;PUT;Dic-26;10,50;17.27;41,28;;;35
02/10/26;ACERINOX;PUT;Dic-26;11,00;17.27;40,49;-0,01;;51
02/10/26;ACERINOX;PUT;Dic-26;11,50;17.27;39,70;-0,01;;25
02/10/26;ACERINOX;PUT;Dic-26;12,00;17.27;38,91;-0,02;;75
02/10/26;ACERINOX;PUT;Dic-26;12,50;17.27;38,12;-0,03;;145
02/10/26;ACERINOX;PUT;Dic-26;13,00;17.27;37,33;-0,04;;10
02/10/26;ACERINOX;PUT;Dic-26;13,50;17.27;36,54;-0,06;;45
02/10/26;ACERINOX;PUT;Dic-26;15,00;17.27;34,16;-0,16;;20
02/10/26;ACERINOX;PUT;Dic-26;15,50;17.27;33,37;-0,21;;28
02/10/26;ACERINOX;PUT;Dic-26;16,00;17.27;32,58;-0,27;;13
02/10/26;ACERINOX;PUT;Dic-26;16,50;17.27;31,79;-0,34;;13
02/10/26;ACERINOX;PUT;Dic-26;17,00;17.27;31,00;-0,42;;33
02/10/26;ACERINOX;PUT;Dic-26;18,00;17.27;30,32;-0,58;;50
02/10/26;ACERINOX;PUT;Mar-27;8,00;17.27;42,54;;;2
02/10/26;ACERINOX;PUT;Mar-27;10,00;17.27;39,91;-0,02;;175
02/10/26;ACERINOX;PUT;Mar-27;10,50;17.27;39,26;-0,02;;60
02/10/26;ACERINOX;PUT;Mar-27;11,00;17.27;38,60;-0,03;;160
02/10/26;ACERINOX;PUT;Mar-27;11,50;17.27;37,94;-0,05;;126
02/10/26;ACERINOX;PUT;Mar-27;12,00;17.27;37,29;-0,06;;70
02/10/26;ACERINOX;PUT;Mar-27;13,50;17.27;35,32;-0,13;;7
02/10/26;ACERINOX;PUT;Mar-27;15,00;17.27;33,35;-0,24;;100
02/10/26;ACERINOX;PUT;Mar-27;15,50;17.27;32,69;-0,29;;11
02/10/26;ACERINOX;PUT;Mar-27;16,00;17.27;32,04;-0,34;;3
02/10/26;ACERINOX;PUT;Mar-27;17,00;17.27;30,72;-0,45;;10
02/10/26;ACERINOX;PUT;Jun-27;8,75;17.27;41,40;-0,02;;1
02/10/26;ACERINOX;PUT;Jun-27;10,00;17.27;39,86;-0,04;;243
02/10/26;ACERINOX;PUT;Jun-27;11,00;17.27;38,63;-0,06;;110
02/10/26;ACERINOX;PUT;Jun-27;15,00;17.27;33,68;-0,27;;10
02/10/26;ACERINOX;PUT;Sep-27;10,00;17.27;40,11;-0,06;;150
02/10/26;ACERINOX;PUT;Sep-27;10,50;17.27;39,46;-0,07;;150
02/10/26;ACERINOX;PUT;Sep-27;11,00;17.27;38,80;-0,09;;150
02/10/26;ACERINOX;PUT;Sep-27;11,50;17.27;38,14;-0,11;;150
02/10/26;ACERINOX;PUT;Sep-27;12,00;17.27;37,49;-0,13;;207
02/10/26;ACERINOX;PUT;Dic-27;12,00;17.27;36,15;-0,14;;150
02/10/26;ACERINOX;PUT;Mar-28;12,00;17.27;34,43;-0,15;;208
02/10/26;ACERINOX;PUT;Sep-28;18,00;17.27;29,12;-0,48;;138
02/10/26;ACS;CALL;Oct-26;94,00;95.0;37,46;0,58;;1
02/10/26;ACS;CALL;Oct-26;96,00;95.0;36,86;0,46;;15
02/10/26;ACS;CALL;Oct-26;100,00;95.0;35,84;0,25;1;8
02/10/26;ACS;CALL;Oct-26;110,00;95.0;33,28;0,01;;17
02/10/26;ACS;CALL;Oct-26;115,00;95.0;32,00;;;7
02/10/26;ACS;CALL;Oct-26;120,00;95.0;30,72;;;6
02/10/26;ACS;CALL;Oct-26;125,00;95.0;29,44;;;1
02/10/26;ACS;CALL;Oct-26;130,00;95.0;28,16;;;5
02/10/26;ACS;CALL;Oct-26;140,00;95.0;25,59;;;3
02/10/26;ACS;CALL;Nov-26;100,00;95.0;35,76;0,38;;1
02/10/26;ACS;CALL;Nov-26;110,00;95.0;35,23;0,15;;12
02/10/26;ACS;CALL;Nov-26;120,00;95.0;34,70;0,04;;1
02/10/26;ACS;CALL;Nov-26;125,00;95.0;34,44;0,02;;1
02/10/26;ACS;CALL;Dic-26;86,00;95.0;38,88;0,75;;1
02/10/26;ACS;CALL;Dic-26;90,00;95.0;37,64;0,67;;25
02/10/26;ACS;CALL;Dic-26;92,00;95.0;37,03;0,62;;25
02/10/26;ACS;CALL;Dic-26;100,00;95.0;35,99;0,42;;37
02/10/26;ACS;CALL;Dic-26;105,00;95.0;35,89;0,31;;2
02/10/26;ACS;CALL;Dic-26;110,00;95.0;35,78;0,22;;5
02/10/26;ACS;CALL;Dic-26;115,00;95.0;35,68;0,15;;83
02/10/26;ACS;CALL;Dic-26;120,00;95.0;35,57;0,09;;90
02/10/26;ACS;CALL;Dic-26;125,00;95.0;35,47;0,06;;86
02/10/26;ACS;CALL;Dic-26;130,00;95.0;35,36;0,03;;711
02/10/26;ACS;CALL;Dic-26;135,00;95.0;35,26;0,02;;4
02/10/26;ACS;CALL;Dic-26;140,00;95.0;35,15;0,01;;2
02/10/26;ACS;CALL;Dic-26;145,00;95.0;35,05;0,01;;9
02/10/26;ACS;CALL;Dic-26;150,00;95.0;34,94;;;80
02/10/26;ACS;CALL;Dic-26;155,00;95.0;34,84;;;15
02/10/26;ACS;CALL;Dic-26;160,00;95.0;34,73;;;15
02/10/26;ACS;CALL;Dic-26;165,00;95.0;34,63;;;25
02/10/26;ACS;CALL;Mar-27;90,00;95.0;37,65;0,64;;20
02/10/26;ACS;CALL;Mar-27;92,00;95.0;37,17;0,61;;1
02/10/26;ACS;CALL;Mar-27;96,00;95.0;36,28;0,54;;1
02/10/26;ACS;CALL;Mar-27;100,00;95.0;35,65;0,48;;1
02/10/26;ACS;CALL;Mar-27;115,00;95.0;33,28;0,24;;5
02/10/26;ACS;CALL;Mar-27;140,00;95.0;29,33;0,03;;180
02/10/26;ACS;CALL;Mar-27;145,00;95.0;28,55;0,02;;5
02/10/26;ACS;CALL;Mar-27;150,00;95.0;27,76;0,01;;200
02/10/26;ACS;CALL;Mar-27;155,00;95.0;26,97;0,01;;20
02/10/26;ACS;CALL;Mar-27;160,00;95.0;26,18;;;20
02/10/26;ACS;CALL;Mar-27;165,00;95.0;25,39;;;60
02/10/26;ACS;CALL;Jun-27;54,00;95.0;47,15;0,95;;1
02/10/26;ACS;CALL;Jun-27;56,00;95.0;46,62;0,94;;2
02/10/26;ACS;CALL;Jun-27;88,00;95.0;38,20;0,67;;1
02/10/26;ACS;CALL;Jun-27;92,00;95.0;37,15;0,62;;1
02/10/26;ACS;CALL;Jun-27;96,00;95.0;36,30;0,57;;25
02/10/26;ACS;CALL;Jun-27;100,00;95.0;36,06;0,51;;25
02/10/26;ACS;CALL;Jun-27;125,00;95.0;34,57;0,23;;16
02/10/26;ACS;CALL;Jun-27;130,00;95.0;34,27;0,19;1;1
02/10/26;ACS;CALL;Jun-27;165,00;95.0;32,18;0,03;;5
02/10/26;ACS;CALL;Sep-27;86,00;95.0;39,03;0,69;;25
02/10/26;ACS;CALL;Sep-27;105,00;95.0;36,23;0,47;;25
02/10/26;ACS;CALL;Sep-27;115,00;95.0;35,67;0,36;;5
02/10/26;ACS;CALL;Dic-27;70,00;95.0;42,03;0,83;;60
02/10/26;ACS;CALL;Dic-27;88,00;95.0;37,93;0,66;;5
02/10/26;ACS;CALL;Dic-27;90,00;95.0;37,47;0,64;;5
02/10/26;ACS;CALL;Dic-27;94,00;95.0;36,56;0,60;;25
02/10/26;ACS;CALL;Dic-27;110,00;95.0;35,91;0,44;;250
02/10/26;ACS;CALL;Dic-27;120,00;95.0;35,63;0,35;;1
02/10/26;ACS;CALL;Dic-27;130,00;95.0;35,35;0,27;;10
02/10/26;ACS;CALL;Mar-28;115,00;95.0;34,77;0,41;;1
02/10/26;ACS;PUT;Oct-26;84,00;95.0;39,58;-0,05;;11
02/10/26;ACS;PUT;Oct-26;86,00;95.0;38,90;-0,09;;258
02/10/26;ACS;PUT;Oct-26;88,00;95.0;38,23;-0,14;;8
02/10/26;ACS;PUT;Oct-26;90,00;95.0;37,55;-0,22;;26
02/10/26;ACS;PUT;Oct-26;92,00;95.0;36,88;-0,31;;1
02/10/26;ACS;PUT;Oct-26;94,00;95.0;36,21;-0,42;;22
02/10/26;ACS;PUT;Oct-26;100,00;95.0;34,59;-0,76;;1
02/10/26;ACS;PUT;Nov-26;78,00;95.0;40,68;-0,08;;11
02/10/26;ACS;PUT;Nov-26;80,00;95.0;40,00;-0,10;;7
02/10/26;ACS;PUT;Nov-26;84,00;95.0;38,66;-0,17;;2
02/10/26;ACS;PUT;Nov-26;86,00;95.0;37,98;-0,21;;1
02/10/26;ACS;PUT;Nov-26;88,00;95.0;37,31;-0,26;;4
02/10/26;ACS;PUT;Nov-26;90,00;95.0;36,63;-0,31;;2
02/10/26;ACS;PUT;Nov-26;100,00;95.0;34,69;-0,63;;1
02/10/26;ACS;PUT;Nov-26;110,00;95.0;34,16;-0,87;;1
02/10/26;ACS;PUT;Dic-26;23,00;95.0;57,42;;;201
02/10/26;ACS;PUT;Dic-26;24,00;95.0;57,11;;;25
02/10/26;ACS;PUT;Dic-26;25,00;95.0;56,80;;;25
02/10/26;ACS;PUT;Dic-26;27,00;95.0;56,19;;;25
02/10/26;ACS;PUT;Dic-26;28,00;95.0;55,88;;;75
02/10/26;ACS;PUT;Dic-26;29,00;95.0;55,57;;;75
02/10/26;ACS;PUT;Dic-26;30,00;95.0;55,26;;;17
02/10/26;ACS;PUT;Dic-26;33,00;95.0;54,33;;;6
02/10/26;ACS;PUT;Dic-26;34,00;95.0;54,03;;;25
02/10/26;ACS;PUT;Dic-26;35,00;95.0;53,72;;;200
02/10/26;ACS;PUT;Dic-26;46,00;95.0;50,32;;;25
02/10/26;ACS;PUT;Dic-26;54,00;95.0;47,85;;;25
02/10/26;ACS;PUT;Dic-26;58,00;95.0;46,61;-0,01;;25
02/10/26;ACS;PUT;Dic-26;60,00;95.0;46,00;-0,01;;95
02/10/26;ACS;PUT;Dic-26;62,00;95.0;45,38;-0,01;;5
02/10/26;ACS;PUT;Dic-26;66,00;95.0;44,14;-0,03;;1
02/10/26;ACS;PUT;Dic-26;68,00;95.0;43,53;-0,04;;4
02/10/26;ACS;PUT;Dic-26;76,00;95.0;41,06;-0,10;;6
02/10/26;ACS;PUT;Dic-26;78,00;95.0;40,44;-0,12;;7
02/10/26;ACS;PUT;Dic-26;80,00;95.0;39,82;-0,15;;5
02/10/26;ACS;PUT;Dic-26;82,00;95.0;39,20;-0,18;;10
02/10/26;ACS;PUT;Dic-26;84,00;95.0;38,59;-0,21;;14
02/10/26;ACS;PUT;Dic-26;86,00;95.0;37,97;-0,25;;10
02/10/26;ACS;PUT;Dic-26;88,00;95.0;37,35;-0,29;;45
02/10/26;ACS;PUT;Dic-26;90,00;95.0;36,73;-0,33;;44
02/10/26;ACS;PUT;Dic-26;94,00;95.0;35,50;-0,43;;46
02/10/26;ACS;PUT;Dic-26;96,00;95.0;35,17;-0,48;;80
02/10/26;ACS;PUT;Dic-26;98,00;95.0;35,13;-0,54;;10
02/10/26;ACS;PUT;Dic-26;100,00;95.0;35,08;-0,59;;176
02/10/26;ACS;PUT;Dic-26;105,00;95.0;34,98;-0,70;;3
02/10/26;ACS;PUT;Dic-26;110,00;95.0;34,87;-0,80;;50
02/10/26;ACS;PUT;Dic-26;115,00;95.0;34,77;-0,88;;10
02/10/26;ACS;PUT;Mar-27;60,00;95.0;43,64;-0,04;;1
02/10/26;ACS;PUT;Mar-27;68,00;95.0;41,71;-0,09;;1
02/10/26;ACS;PUT;Mar-27;80,00;95.0;38,80;-0,21;;1
02/10/26;ACS;PUT;Mar-27;86,00;95.0;37,35;-0,30;;11
02/10/26;ACS;PUT;Mar-27;88,00;95.0;36,86;-0,33;;2
02/10/26;ACS;PUT;Mar-27;90,00;95.0;36,38;-0,36;;2
02/10/26;ACS;PUT;Mar-27;92,00;95.0;35,90;-0,39;;1
02/10/26;ACS;PUT;Mar-27;96,00;95.0;35,01;-0,46;;2
02/10/26;ACS;PUT;Mar-27;98,00;95.0;34,70;-0,50;;115
02/10/26;ACS;PUT;Mar-27;100,00;95.0;34,38;-0,54;;110
02/10/26;ACS;PUT;Mar-27;105,00;95.0;33,59;-0,62;;6
02/10/26;ACS;PUT;Mar-27;110,00;95.0;32,80;-0,70;;10
02/10/26;ACS;PUT;Jun-27;22,00;95.0;53,86;;;360
02/10/26;ACS;PUT;Jun-27;24,00;95.0;53,33;;;85
02/10/26;ACS;PUT;Jun-27;28,00;95.0;52,28;;;2
02/10/26;ACS;PUT;Jun-27;33,00;95.0;50,97;;;2
02/10/26;ACS;PUT;Jun-27;70,00;95.0;41,23;-0,14;;1
02/10/26;ACS;PUT;Jun-27;92,00;95.0;35,44;-0,39;;1
02/10/26;ACS;PUT;Jun-27;115,00;95.0;33,46;-0,70;;1
02/10/26;ACS;PUT;Jun-27;120,00;95.0;33,16;-0,76;;5
02/10/26;ACS;PUT;Jun-27;130,00;95.0;32,56;-0,86;;5
02/10/26;ACS;PUT;Sep-27;60,00;95.0;42,93;-0,10;;1
02/10/26;ACS;PUT;Sep-27;74,00;95.0;39,44;-0,20;;18
02/10/26;ACS;PUT;Sep-27;78,00;95.0;38,45;-0,24;;25
02/10/26;ACS;PUT;Sep-27;92,00;95.0;34,96;-0,40;;25
02/10/26;ACS;PUT;Dic-27;50,00;95.0;44,35;-0,06;;25
02/10/26;ACS;PUT;Dic-27;78,00;95.0;37,97;-0,25;;25
02/10/26;ACS;PUT;Dic-27;82,00;95.0;37,05;-0,29;;10
02/10/26;ACS;PUT;Dic-27;84,00;95.0;36,60;-0,31;;5
02/10/26;ACS;PUT;Dic-27;98,00;95.0;34,01;-0,46;;25
02/10/26;ACS;PUT;Dic-27;100,00;95.0;33,95;-0,48;;25
02/10/26;ACS;PUT;Dic-27;115,00;95.0;33,53;-0,64;;5
02/10/26;ACS;PUT;Mar-28;84,00;95.0;35,26;-0,31;;1
02/10/26;ACS;PUT;Jun-28;105,00;95.0;32,17;-0,52;;1
02/10/26;ACS;CALL;Dic-26;50,00;95.0;49,99;0,99;;1
02/10/26;AENA;CALL;Oct-26;25,00;25.6;23,93;0,71;;9
02/10/26;AENA;CALL;Oct-26;26,00;25.6;22,93;0,38;;501
02/10/26;AENA;CALL;Oct-26;27,00;25.6;22,20;0,12;;55
02/10/26;AENA;CALL;Oct-26;29,00;25.6;20,74;;;10
02/10/26;AENA;CALL;Nov-26;27,00;25.6;22,00;0,28;;1
02/10/26;AENA;CALL;Dic-26;26,00;25.6;22,70;0,48;;3
02/10/26;AENA;CALL;Dic-26;27,00;25.6;22,16;0,34;2;78
02/10/26;AENA;CALL;Dic-26;28,00;25.6;21,63;0,21;;1
02/10/26;AENA;CALL;Dic-26;29,00;25.6;21,09;0,12;;6
02/10/26;AENA;CALL;Mar-27;21,00;25.6;28,00;0,88;;6
02/10/26;AENA;CALL;Mar-27;26,00;25.6;23,28;0,52;;3
02/10/26;AENA;CALL;Mar-27;27,00;25.6;22,85;0,43;;30
02/10/26;AENA;CALL;Jun-27;20,00;25.6;28,50;0,91;;1
02/10/26;AENA;CALL;Jun-27;25,00;25.6;23,81;0,62;;2
02/10/26;AENA;CALL;Jun-27;29,00;25.6;21,83;0,28;;150
02/10/26;AENA;CALL;Jun-27;34,00;25.6;19,75;0,04;;100
02/10/26;AENA;CALL;Sep-27;27,00;25.6;23,09;0,45;4;4
02/10/26;AENA;CALL;Dic-27;23,00;25.6;25,55;0,73;;16
02/10/26;AENA;CALL;Dic-27;25,00;25.6;24,14;0,60;;25
02/10/26;AENA;CALL;Dic-27;28,00;25.6;23,00;0,40;;25
02/10/26;AENA;PUT;Oct-26;23,00;25.6;25,99;-0,02;;301
02/10/26;AENA;PUT;Oct-26;24,00;25.6;24,81;-0,09;1;14
02/10/26;AENA;PUT;Oct-26;25,00;25.6;23,62;-0,29;;5
02/10/26;AENA;PUT;Oct-26;26,00;25.6;22,62;-0,62;;1
02/10/26;AENA;PUT;Oct-26;27,00;25.6;21,89;-0,89;;1
02/10/26;AENA;PUT;Nov-26;23,00;25.6;26,06;-0,11;;5
02/10/26;AENA;PUT;Dic-26;18,00;25.6;31,16;-0,01;;2
02/10/26;AENA;PUT;Dic-26;19,00;25.6;30,08;-0,01;;3
02/10/26;AENA;PUT;Dic-26;19,50;25.6;29,54;-0,02;;12
02/10/26;AENA;PUT;Dic-26;20,00;25.6;29,00;-0,03;;4
02/10/26;AENA;PUT;Dic-26;21,00;25.6;27,92;-0,05;;4
02/10/26;AENA;PUT;Dic-26;22,00;25.6;26,84;-0,09;;1.428
02/10/26;AENA;PUT;Dic-26;23,00;25.6;25,76;-0,16;1;2
02/10/26;AENA;PUT;Dic-26;24,00;25.6;24,68;-0,25;;4
02/10/26;AENA;PUT;Dic-26;25,00;25.6;23,60;-0,38;;39
02/10/26;AENA;PUT;Dic-26;26,00;25.6;22,74;-0,53;;5
02/10/26;AENA;PUT;Mar-27;18,00;25.6;30,11;-0,03;;2
02/10/26;AENA;PUT;Mar-27;20,00;25.6;28,13;-0,08;;500
02/10/26;AENA;PUT;Mar-27;20,50;25.6;27,64;-0,09;;1
02/10/26;AENA;PUT;Mar-27;21,00;25.6;27,14;-0,11;;9
02/10/26;AENA;PUT;Mar-27;22,00;25.6;26,15;-0,16;;6
02/10/26;AENA;PUT;Mar-27;23,00;25.6;25,16;-0,22;;21
02/10/26;AENA;PUT;Mar-27;24,00;25.6;24,17;-0,30;;3
02/10/26;AENA;PUT;Mar-27;26,00;25.6;22,42;-0,49;;6
02/10/26;AENA;PUT;Mar-27;27,00;25.6;21,99;-0,60;;18
02/10/26;AENA;PUT;Jun-27;18,00;25.6;27,37;-0,07;;1
02/10/26;AENA;PUT;Jun-27;19,00;25.6;26,43;-0,09;;1
02/10/26;AENA;PUT;Jun-27;20,00;25.6;25,49;-0,13;;2
02/10/26;AENA;PUT;Jun-27;23,00;25.6;22,68;-0,31;;7
02/10/26;AENA;PUT;Jun-27;24,00;25.6;21,74;-0,39;;1
02/10/26;AENA;PUT;Jun-27;25,00;25.6;20,80;-0,48;;25
02/10/26;AENA;PUT;Jun-27;26,00;25.6;20,07;-0,58;;26
02/10/26;AENA;PUT;Jun-27;27,00;25.6;19,66;-0,67;;25
02/10/26;AENA;PUT;Sep-27;18,00;25.6;26,33;-0,08;;1
02/10/26;AENA;PUT;Sep-27;23,00;25.6;22,36;-0,32;;2
02/10/26;ALMIRALL;CALL;Dic-26;11,00;10.22;26,58;0,31;;3
02/10/26;ALMIRALL;CALL;Dic-26;12,00;10.22;26,51;0,11;;4
02/10/26;ALMIRALL;PUT;Dic-26;11,00;10.22;27,88;-0,69;;4
02/10/26;AMADEUS;CALL;Oct-26;48,00;52.8;32,33;0,94;;1
02/10/26;AMADEUS;CALL;Oct-26;54,00;52.8;28,22;0,36;;11
02/10/26;AMADEUS;CALL;Oct-26;56,00;52.8;27,82;0,15;;2
02/10/26;AMADEUS;CALL;Oct-26;58,00;52.8;27,43;0,04;;39
02/10/26;AMADEUS;CALL;Oct-26;60,00;52.8;27,04;0,01;;5
02/10/26;AMADEUS;CALL;Oct-26;62,00;52.8;26,65;;;992
02/10/26;AMADEUS;CALL;Oct-26;64,00;52.8;26,26;;1;1.301
02/10/26;AMADEUS;CALL;Oct-26;66,00;52.8;25,87;;;2
02/10/26;AMADEUS;CALL;Nov-26;56,00;52.8;28,10;0,31;1;7
02/10/26;AMADEUS;CALL;Nov-26;58,00;52.8;27,71;0,20;;1
02/10/26;AMADEUS;CALL;Nov-26;60,00;52.8;27,32;0,12;;50
02/10/26;AMADEUS;CALL;Nov-26;64,00;52.8;26,54;0,03;;468
02/10/26;AMADEUS;CALL;Nov-26;66,00;52.8;26,15;0,01;;443
02/10/26;AMADEUS;CALL;Nov-26;68,00;52.8;25,76;;;1
02/10/26;AMADEUS;CALL;Dic-26;38,00;52.8;39,75;0,97;;4
02/10/26;AMADEUS;CALL;Dic-26;39,00;52.8;38,98;0,97;;25
02/10/26;AMADEUS;CALL;Dic-26;40,00;52.8;38,21;0,95;;11
02/10/26;AMADEUS;CALL;Dic-26;45,00;52.8;34,36;0,87;;11
02/10/26;AMADEUS;CALL;Dic-26;47,00;52.8;32,82;0,81;;5
02/10/26;AMADEUS;CALL;Dic-26;49,00;52.8;31,28;0,73;;1
02/10/26;AMADEUS;CALL;Dic-26;50,00;52.8;30,51;0,69;;13
02/10/26;AMADEUS;CALL;Dic-26;52,00;52.8;28,97;0,59;;500
02/10/26;AMADEUS;CALL;Dic-26;54,00;52.8;28,21;0,47;;13
02/10/26;AMADEUS;CALL;Dic-26;56,00;52.8;27,99;0,36;;206
02/10/26;AMADEUS;CALL;Dic-26;58,00;52.8;27,76;0,27;;25
02/10/26;AMADEUS;CALL;Dic-26;60,00;52.8;27,53;0,18;10;1.127
02/10/26;AMADEUS;CALL;Dic-26;62,00;52.8;27,30;0,12;;26
02/10/26;AMADEUS;CALL;Dic-26;64,00;52.8;27,08;0,08;;27
02/10/26;AMADEUS;CALL;Dic-26;66,00;52.8;26,85;0,04;;73
02/10/26;AMADEUS;CALL;Dic-26;68,00;52.8;26,62;0,02;;25
02/10/26;AMADEUS;CALL;Dic-26;70,00;52.8;26,40;0,01;;1
02/10/26;AMADEUS;CALL;Dic-26;72,00;52.8;26,17;0,01;;28
02/10/26;AMADEUS;CALL;Dic-26;74,00;52.8;25,94;;;6
02/10/26;AMADEUS;CALL;Dic-26;90,00;52.8;24,12;;;3
02/10/26;AMADEUS;CALL;Mar-27;40,00;52.8;36,77;0,91;;1
02/10/26;AMADEUS;CALL;Mar-27;52,00;52.8;29,05;0,58;;25
02/10/26;AMADEUS;CALL;Mar-27;54,00;52.8;28,42;0,50;;500
02/10/26;AMADEUS;CALL;Mar-27;56,00;52.8;28,23;0,42;;63
02/10/26;AMADEUS;CALL;Mar-27;58,00;52.8;28,04;0,35;;60
02/10/26;AMADEUS;CALL;Mar-27;60,00;52.8;27,85;0,29;;1
02/10/26;AMADEUS;CALL;Mar-27;62,00;52.8;27,66;0,23;;300
02/10/26;AMADEUS;CALL;Mar-27;64,00;52.8;27,47;0,18;;10
02/10/26;AMADEUS;CALL;Mar-27;66,00;52.8;27,28;0,14;;3
02/10/26;AMADEUS;CALL;Jun-27;40,00;52.8;35,85;0,87;;1
02/10/26;AMADEUS;CALL;Jun-27;48,00;52.8;31,51;0,70;;2
02/10/26;AMADEUS;CALL;Jun-27;50,00;52.8;30,42;0,65;;1
02/10/26;AMADEUS;CALL;Jun-27;52,00;52.8;29,33;0,59;;25
02/10/26;AMADEUS;CALL;Jun-27;58,00;52.8;28,21;0,41;;25
02/10/26;AMADEUS;CALL;Jun-27;60,00;52.8;27,95;0,35;;25
02/10/26;AMADEUS;CALL;Jun-27;62,00;52.8;27,68;0,30;;50
02/10/26;AMADEUS;CALL;Jun-27;64,00;52.8;27,42;0,25;;26
02/10/26;AMADEUS;CALL;Jun-27;66,00;52.8;27,15;0,21;;50
02/10/26;AMADEUS;CALL;Jun-27;68,00;52.8;26,88;0,17;;85
02/10/26;AMADEUS;CALL;Jun-27;72,00;52.8;26,35;0,11;;1
02/10/26;AMADEUS;CALL;Jun-27;82,00;52.8;25,03;0,03;;10
02/10/26;AMADEUS;CALL;Sep-27;49,00;52.8;31,41;0,67;;5
02/10/26;AMADEUS;CALL;Sep-27;66,00;52.8;27,36;0,24;;26
02/10/26;AMADEUS;CALL;Dic-27;56,00;52.8;29,50;0,50;;25
02/10/26;AMADEUS;CALL;Dic-27;60,00;52.8;28,91;0,41;;25
02/10/26;AMADEUS;CALL;Dic-27;72,00;52.8;27,17;0,19;;6
02/10/26;AMADEUS;PUT;Oct-26;36,00;52.8;42,83;;;18
02/10/26;AMADEUS;PUT;Oct-26;39,00;52.8;40,40;;;2
02/10/26;AMADEUS;PUT;Oct-26;40,00;52.8;39,59;;;526
02/10/26;AMADEUS;PUT;Oct-26;45,00;52.8;35,55;-0,01;;1
02/10/26;AMADEUS;PUT;Oct-26;47,00;52.8;33,94;-0,04;;3
02/10/26;AMADEUS;PUT;Oct-26;48,00;52.8;33,13;-0,06;;4
02/10/26;AMADEUS;PUT;Oct-26;49,00;52.8;32,32;-0,11;;4
02/10/26;AMADEUS;PUT;Oct-26;50,00;52.8;31,51;-0,18;;17
02/10/26;AMADEUS;PUT;Oct-26;52,00;52.8;29,90;-0,38;;7
02/10/26;AMADEUS;PUT;Oct-26;54,00;52.8;29,02;-0,64;;3
02/10/26;AMADEUS;PUT;Oct-26;58,00;52.8;28,23;-0,96;;10
02/10/26;AMADEUS;PUT;Oct-26;60,00;52.8;27,84;-1,00;;1
02/10/26;AMADEUS;PUT;Nov-26;44,00;52.8;35,14;-0,07;;2
02/10/26;AMADEUS;PUT;Nov-26;45,00;52.8;34,34;-0,09;;1
02/10/26;AMADEUS;PUT;Nov-26;46,00;52.8;33,55;-0,11;3;4
02/10/26;AMADEUS;PUT;Nov-26;48,00;52.8;31,96;-0,19;;7
02/10/26;AMADEUS;PUT;Nov-26;49,00;52.8;31,16;-0,23;3;4
02/10/26;AMADEUS;PUT;Nov-26;50,00;52.8;30,37;-0,29;;2
02/10/26;AMADEUS;PUT;Nov-26;52,00;52.8;28,78;-0,41;;5
02/10/26;AMADEUS;PUT;Nov-26;54,00;52.8;27,91;-0,56;;3
02/10/26;AMADEUS;PUT;Dic-26;37,00;52.8;39,97;-0,02;;12
02/10/26;AMADEUS;PUT;Dic-26;38,00;52.8;39,20;-0,03;;54
02/10/26;AMADEUS;PUT;Dic-26;39,00;52.8;38,43;-0,03;;174
02/10/26;AMADEUS;PUT;Dic-26;40,00;52.8;37,66;-0,04;;103
02/10/26;AMADEUS;PUT;Dic-26;42,00;52.8;36,12;-0,07;;2
02/10/26;AMADEUS;PUT;Dic-26;43,00;52.8;35,35;-0,09;;56
02/10/26;AMADEUS;PUT;Dic-26;44,00;52.8;34,58;-0,10;;15
02/10/26;AMADEUS;PUT;Dic-26;45,00;52.8;33,81;-0,13;;78
02/10/26;AMADEUS;PUT;Dic-26;46,00;52.8;33,04;-0,16;;38
02/10/26;AMADEUS;PUT;Dic-26;47,00;52.8;32,27;-0,19;;100
02/10/26;AMADEUS;PUT;Dic-26;48,00;52.8;31,50;-0,22;;2.028
02/10/26;AMADEUS;PUT;Dic-26;49,00;52.8;30,73;-0,26;;15
02/10/26;AMADEUS;PUT;Dic-26;50,00;52.8;29,96;-0,31;;868
02/10/26;AMADEUS;PUT;Dic-26;52,00;52.8;28,42;-0,42;1;539
02/10/26;AMADEUS;PUT;Dic-26;54,00;52.8;27,66;-0,53;;121
02/10/26;AMADEUS;PUT;Dic-26;56,00;52.8;27,44;-0,65;;14
02/10/26;AMADEUS;PUT;Dic-26;58,00;52.8;27,21;-0,75;;1
02/10/26;AMADEUS;PUT;Dic-26;60,00;52.8;26,98;-0,84;;27
02/10/26;AMADEUS;PUT;Dic-26;62,00;52.8;26,75;-0,91;;3
02/10/26;AMADEUS;PUT;Dic-26;64,00;52.8;26,53;-0,96;;1
02/10/26;AMADEUS;PUT;Dic-26;68,00;52.8;26,07;-1,00;;25
02/10/26;AMADEUS;PUT;Dic-26;70,00;52.8;25,85;-1,00;;25
02/10/26;AMADEUS;PUT;Mar-27;38,00;52.8;36,63;-0,07;;116
02/10/26;AMADEUS;PUT;Mar-27;39,00;52.8;35,99;-0,09;;55
02/10/26;AMADEUS;PUT;Mar-27;40,00;52.8;35,34;-0,10;;3
02/10/26;AMADEUS;PUT;Mar-27;41,00;52.8;34,70;-0,12;;54
02/10/26;AMADEUS;PUT;Mar-27;42,00;52.8;34,05;-0,14;;2
02/10/26;AMADEUS;PUT;Mar-27;43,00;52.8;33,41;-0,15;;80
02/10/26;AMADEUS;PUT;Mar-27;44,00;52.8;32,77;-0,18;;10
02/10/26;AMADEUS;PUT;Mar-27;45,00;52.8;32,12;-0,20;;7
02/10/26;AMADEUS;PUT;Mar-27;46,00;52.8;31,48;-0,23;;10
02/10/26;AMADEUS;PUT;Mar-27;47,00;52.8;30,83;-0,26;;15
02/10/26;AMADEUS;PUT;Mar-27;48,00;52.8;30,19;-0,29;;515
02/10/26;AMADEUS;PUT;Mar-27;49,00;52.8;29,55;-0,32;;15
02/10/26;AMADEUS;PUT;Mar-27;50,00;52.8;28,90;-0,36;;1
02/10/26;AMADEUS;PUT;Mar-27;52,00;52.8;27,62;-0,44;;3
02/10/26;AMADEUS;PUT;Mar-27;54,00;52.8;26,99;-0,52;;12
02/10/26;AMADEUS;PUT;Mar-27;62,00;52.8;26,23;-0,80;;1
02/10/26;AMADEUS;PUT;Jun-27;38,00;52.8;35,51;-0,10;;65
02/10/26;AMADEUS;PUT;Jun-27;39,00;52.8;34,96;-0,12;;10
02/10/26;AMADEUS;PUT;Jun-27;40,00;52.8;34,42;-0,13;;1.250
02/10/26;AMADEUS;PUT;Jun-27;42,00;52.8;33,33;-0,17;;25
02/10/26;AMADEUS;PUT;Jun-27;43,00;52.8;32,79;-0,18;;25
02/10/26;AMADEUS;PUT;Jun-27;44,00;52.8;32,25;-0,21;;3
02/10/26;AMADEUS;PUT;Jun-27;45,00;52.8;31,70;-0,23;;2
02/10/26;AMADEUS;PUT;Jun-27;46,00;52.8;31,16;-0,25;;26
02/10/26;AMADEUS;PUT;Jun-27;47,00;52.8;30,62;-0,28;;25
02/10/26;AMADEUS;PUT;Jun-27;48,00;52.8;30,08;-0,30;;53
02/10/26;AMADEUS;PUT;Jun-27;49,00;52.8;29,53;-0,33;;3
02/10/26;AMADEUS;PUT;Jun-27;50,00;52.8;28,99;-0,36;;24
02/10/26;AMADEUS;PUT;Jun-27;52,00;52.8;27,90;-0,42;;7
02/10/26;AMADEUS;PUT;Jun-27;54,00;52.8;27,31;-0,49;;17
02/10/26;AMADEUS;PUT;Jun-27;60,00;52.8;26,52;-0,69;;11
02/10/26;AMADEUS;PUT;Sep-27;43,00;52.8;31,81;-0,22;;1
02/10/26;AMADEUS;PUT;Sep-27;45,00;52.8;30,86;-0,26;;1
02/10/26;AMADEUS;PUT;Sep-27;48,00;52.8;29,44;-0,33;;2
02/10/26;AMADEUS;PUT;Sep-27;52,00;52.8;27,55;-0,44;;1
02/10/26;AMADEUS;PUT;Sep-27;54,00;52.8;26,97;-0,50;;12
02/10/26;AMADEUS;PUT;Dic-27;46,00;52.8;29,83;-0,29;;50
02/10/26;AMADEUS;PUT;Dic-27;47,00;52.8;29,42;-0,31;;25
02/10/26;AMADEUS;PUT;Dic-27;48,00;52.8;29,00;-0,33;;51
02/10/26;AMADEUS;PUT;Dic-27;50,00;52.8;28,17;-0,38;;7
02/10/26;AMADEUS;PUT;Dic-27;52,00;52.8;27,33;-0,43;;3
02/10/26;AMADEUS;PUT;Dic-27;58,00;52.8;26,24;-0,59;;1
02/10/26;AMADEUS;PUT;Mar-28;49,00;52.8;27,91;-0,36;;1
02/10/26;AMADEUS;PUT;Jun-28;46,00;52.8;28,62;-0,29;;2
02/10/26;AMADEUS;PUT;Jun-28;48,00;52.8;27,95;-0,33;;6
02/10/26;AMADEUS;PUT;Jun-28;56,00;52.8;26,00;-0,51;;1
02/10/26;AMADEUS;PUT;Jun-28;60,00;52.8;25,57;-0,60;;3
02/10/26;AMADEUS;PUT;Jun-28;62,00;52.8;25,35;-0,65;;3
02/10/26;AMADEUS;PUT;Jun-28;70,00;52.8;24,49;-0,80;;2
02/10/26;AMADEUS;PUT;Sep-28;46,00;52.8;28,11;-0,31;;2
02/10/26;AMADEUS;PUT;Dic-26;46,00;52.8;33,04;-0,15;;1
02/10/26;AMADEUS;PUT;Dic-26;56,00;52.8;27,44;-0,64;;1
02/10/26;AMADEUS;PUT;Sep-27;60,00;52.8;25,94;-0,63;;1
02/10/26;ARCELORMITTAL;CALL;Oct-26;52,00;57.34;47,92;0,86;4;9
02/10/26;ARCELORMITTAL;CALL;Oct-26;54,00;57.34;46,98;0,76;;1
02/10/26;ARCELORMITTAL;CALL;Oct-26;60,00;57.34;43,32;0,32;;1
02/10/26;ARCELORMITTAL;CALL;Oct-26;64,00;57.34;40,18;0,09;;54
02/10/26;ARCELORMITTAL;CALL;Oct-26;66,00;57.34;38,61;0,04;;43
02/10/26;ARCELORMITTAL;CALL;Oct-26;68,00;57.34;37,04;0,01;;4
02/10/26;ARCELORMITTAL;CALL;Oct-26;70,00;57.34;35,47;;;39
02/10/26;ARCELORMITTAL;CALL;Oct-26;74,00;57.34;32,34;;;3
02/10/26;ARCELORMITTAL;CALL;Nov-26;50,00;57.34;50,22;0,80;;1
02/10/26;ARCELORMITTAL;CALL;Nov-26;52,00;57.34;49,31;0,74;;1
02/10/26;ARCELORMITTAL;CALL;Nov-26;60,00;57.34;45,50;0,43;;1
02/10/26;ARCELORMITTAL;CALL;Nov-26;66,00;57.34;42,36;0,21;1;2
02/10/26;ARCELORMITTAL;CALL;Nov-26;70,00;57.34;40,27;0,10;;3
02/10/26;ARCELORMITTAL;CALL;Nov-26;72,00;57.34;39,22;0,07;;1
02/10/26;ARCELORMITTAL;CALL;Nov-26;76,00;57.34;37,13;0,02;;1
02/10/26;ARCELORMITTAL;CALL;Dic-26;26,00;57.34;57,54;1,00;;4
02/10/26;ARCELORMITTAL;CALL;Dic-26;35,00;57.34;53,62;0,99;;3
02/10/26;ARCELORMITTAL;CALL;Dic-26;40,00;57.34;51,44;0,95;;2
02/10/26;ARCELORMITTAL;CALL;Dic-26;45,00;57.34;49,26;0,88;;10
02/10/26;ARCELORMITTAL;CALL;Dic-26;50,00;57.34;47,08;0,77;;149
02/10/26;ARCELORMITTAL;CALL;Dic-26;56,00;57.34;44,46;0,59;;1
02/10/26;ARCELORMITTAL;CALL;Dic-26;60,00;57.34;43,71;0,46;;10
02/10/26;ARCELORMITTAL;CALL;Dic-26;68,00;57.34;43,20;0,23;;54
02/10/26;ARCELORMITTAL;CALL;Dic-26;70,00;57.34;43,07;0,19;;36
02/10/26;ARCELORMITTAL;CALL;Dic-26;72,00;57.34;42,94;0,15;;53
02/10/26;ARCELORMITTAL;CALL;Dic-26;74,00;57.34;42,81;0,12;;5
02/10/26;ARCELORMITTAL;CALL;Dic-26;76,00;57.34;42,69;0,09;5;25
02/10/26;ARCELORMITTAL;CALL;Dic-26;88,00;57.34;41,92;0,02;;25
02/10/26;ARCELORMITTAL;CALL;Mar-27;78,00;57.34;37,00;0,14;5;55
02/10/26;ARCELORMITTAL;CALL;Mar-27;80,00;57.34;36,42;0,12;;10
02/10/26;ARCELORMITTAL;CALL;Jun-27;21,00;57.34;54,19;0,99;;3
02/10/26;ARCELORMITTAL;CALL;Dic-29;30,00;57.34;37,66;0,92;;1
02/10/26;ARCELORMITTAL;PUT;Oct-26;50,00;57.34;47,17;-0,06;;25
02/10/26;ARCELORMITTAL;PUT;Oct-26;54,00;57.34;45,28;-0,23;;1
02/10/26;ARCELORMITTAL;PUT;Oct-26;56,00;57.34;44,34;-0,37;;7
02/10/26;ARCELORMITTAL;PUT;Oct-26;58,00;57.34;43,19;-0,53;;1
02/10/26;ARCELORMITTAL;PUT;Oct-26;60,00;57.34;41,62;-0,69;;70
02/10/26;ARCELORMITTAL;PUT;Oct-26;62,00;57.34;40,05;-0,83;;1
02/10/26;ARCELORMITTAL;PUT;Nov-26;48,00;57.34;50,12;-0,14;;8
02/10/26;ARCELORMITTAL;PUT;Nov-26;56,00;57.34;46,49;-0,41;;1
02/10/26;ARCELORMITTAL;PUT;Nov-26;60,00;57.34;44,49;-0,58;;3
02/10/26;ARCELORMITTAL;PUT;Nov-26;62,00;57.34;43,44;-0,66;;1
02/10/26;ARCELORMITTAL;PUT;Dic-26;34,00;57.34;53,22;-0,01;;5
02/10/26;ARCELORMITTAL;PUT;Dic-26;35,00;57.34;52,78;-0,01;;5
02/10/26;ARCELORMITTAL;PUT;Dic-26;36,00;57.34;52,34;-0,02;;5
02/10/26;ARCELORMITTAL;PUT;Dic-26;37,00;57.34;51,91;-0,02;;5
02/10/26;ARCELORMITTAL;PUT;Dic-26;39,00;57.34;51,04;-0,04;;1
02/10/26;ARCELORMITTAL;PUT;Dic-26;40,00;57.34;50,60;-0,05;;3
02/10/26;ARCELORMITTAL;PUT;Dic-26;45,00;57.34;48,42;-0,11;;32
02/10/26;ARCELORMITTAL;PUT;Dic-26;46,00;57.34;47,98;-0,13;;1
02/10/26;ARCELORMITTAL;PUT;Dic-26;49,00;57.34;46,68;-0,20;;50
02/10/26;ARCELORMITTAL;PUT;Dic-26;50,00;57.34;46,24;-0,22;;30
02/10/26;ARCELORMITTAL;PUT;Dic-26;52,00;57.34;45,37;-0,28;;10
02/10/26;ARCELORMITTAL;PUT;Dic-26;54,00;57.34;44,50;-0,34;;5
02/10/26;ARCELORMITTAL;PUT;Dic-26;60,00;57.34;42,87;-0,55;;115
02/10/26;ARCELORMITTAL;PUT;Dic-26;62,00;57.34;42,74;-0,61;;10
02/10/26;ARCELORMITTAL;PUT;Mar-27;36,00;57.34;48,05;-0,05;;5
02/10/26;ARCELORMITTAL;PUT;Mar-27;38,00;57.34;47,51;-0,07;;36
02/10/26;ARCELORMITTAL;PUT;Mar-27;40,00;57.34;46,98;-0,09;;50
02/10/26;ARCELORMITTAL;PUT;Jun-27;62,00;57.34;40,88;-0,51;;20
02/10/26;ARCELORMITTAL;PUT;Dic-27;24,00;57.34;45,94;-0,02;;1
02/10/26;ARCELORMITTAL;PUT;Dic-30;44,00;57.34;34,24;-0,20;;1
02/10/26;ATRESMEDIA;CALL;Oct-26;5,25;5.79;28,32;0,96;;24
02/10/26;ATRESMEDIA;CALL;Oct-26;5,30;5.79;28,05;0,95;;2
02/10/26;ATRESMEDIA;CALL;Dic-26;5,25;5.79;28,91;0,81;;11
02/10/26;ATRESMEDIA;CALL;Dic-26;5,50;5.79;27,55;0,70;;6
02/10/26;ATRESMEDIA;CALL;Dic-26;5,75;5.79;26,18;0,56;;10
02/10/26;ATRESMEDIA;CALL;Dic-26;6,00;5.79;25,23;0,41;;2
02/10/26;ATRESMEDIA;CALL;Mar-27;3,40;5.79;31,83;1,00;;2
02/10/26;ATRESMEDIA;CALL;Mar-27;5,00;5.79;25,19;0,87;;32
02/10/26;ATRESMEDIA;CALL;Mar-27;5,50;5.79;23,12;0,67;;60
02/10/26;ATRESMEDIA;CALL;Mar-27;5,75;5.79;22,09;0,54;;1
02/10/26;ATRESMEDIA;CALL;Sep-27;5,75;5.79;19,66;0,53;;1
02/10/26;ATRESMEDIA;PUT;Dic-26;4,50;5.79;40,72;-0,09;;18
02/10/26;ATRESMEDIA;PUT;Dic-26;5,00;5.79;37,98;-0,21;;7
02/10/26;ATRESMEDIA;PUT;Dic-26;5,50;5.79;35,25;-0,40;;25
02/10/26;ATRESMEDIA;PUT;Dic-26;6,00;5.79;32,93;-0,62;;20
02/10/26;ATRESMEDIA;PUT;Dic-26;6,50;5.79;31,21;-0,81;;25
02/10/26;ATRESMEDIA;PUT;Mar-27;4,50;5.79;39,15;-0,15;;5
02/10/26;ATRESMEDIA;PUT;Mar-27;5,25;5.79;36,04;-0,33;;25
02/10/26;ATRESMEDIA;PUT;Jun-27;4,00;5.79;41,22;-0,14;;5
02/10/26;ATRESMEDIA;PUT;Jun-27;4,50;5.79;39,58;-0,22;;2
02/10/26;ATRESMEDIA;PUT;Jun-27;4,60;5.79;39,26;-0,24;;2
02/10/26;B.SABADELL;CALL;Oct-26;3,59;3.49;24,89;0,30;;1
02/10/26;B.SABADELL;CALL;Oct-26;3,68;3.49;24,56;0,15;;1
02/10/26;B.SABADELL;CALL;Nov-26;3,68;3.49;26,11;0,32;;1
02/10/26;B.SABADELL;CALL;Nov-26;3,76;3.49;25,83;0,24;;9
02/10/26;B.SABADELL;CALL;Dic-26;2,74;3.49;28,38;0,97;;28
02/10/26;B.SABADELL;CALL;Dic-26;2,99;3.49;27,36;0,91;;7
02/10/26;B.SABADELL;CALL;Dic-26;3,08;3.49;26,99;0,87;;445
02/10/26;B.SABADELL;CALL;Dic-26;3,25;3.49;26,29;0,76;;11
02/10/26;B.SABADELL;CALL;Dic-26;3,33;3.49;25,96;0,69;;10
02/10/26;B.SABADELL;CALL;Dic-26;3,50;3.49;25,27;0,53;;10
02/10/26;B.SABADELL;CALL;Dic-26;3,59;3.49;24,96;0,44;;41
02/10/26;B.SABADELL;CALL;Dic-26;3,68;3.49;24,65;0,36;;25
02/10/26;B.SABADELL;CALL;Dic-26;3,85;3.49;24,07;0,22;;40
02/10/26;B.SABADELL;CALL;Mar-27;2,22;3.49;30,41;1,00;;20
02/10/26;B.SABADELL;CALL;Mar-27;2,74;3.49;28,87;0,94;;10
02/10/26;B.SABADELL;CALL;Mar-27;2,91;3.49;28,37;0,88;;38
02/10/26;B.SABADELL;CALL;Mar-27;3,16;3.49;27,63;0,75;;80
02/10/26;B.SABADELL;CALL;Mar-27;3,33;3.49;27,13;0,64;;2
02/10/26;B.SABADELL;CALL;Mar-27;3,42;3.49;26,86;0,58;;9
02/10/26;B.SABADELL;CALL;Mar-27;3,50;3.49;26,62;0,53;;3
02/10/26;B.SABADELL;CALL;Mar-27;3,59;3.49;26,36;0,47;;50
02/10/26;B.SABADELL;CALL;Mar-27;3,68;3.49;26,09;0,41;;11
02/10/26;B.SABADELL;CALL;Mar-27;3,93;3.49;25,35;0,26;;100
02/10/26;B.SABADELL;CALL;Mar-27;4,02;3.49;25,08;0,22;;1
02/10/26;B.SABADELL;CALL;Jun-27;2,91;3.49;30,52;0,83;;50
02/10/26;B.SABADELL;CALL;Jun-27;2,99;3.49;30,31;0,79;;6
02/10/26;B.SABADELL;CALL;Jun-27;3,33;3.49;29,44;0,62;;90
02/10/26;B.SABADELL;CALL;Jun-27;3,50;3.49;29,00;0,53;;4
02/10/26;B.SABADELL;CALL;Jun-27;3,59;3.49;28,75;0,48;;2
02/10/26;B.SABADELL;CALL;Jun-27;3,68;3.49;28,50;0,44;;4
02/10/26;B.SABADELL;CALL;Jun-27;3,76;3.49;28,28;0,40;;4
02/10/26;B.SABADELL;CALL;Jun-27;3,93;3.49;27,80;0,32;;1
02/10/26;B.SABADELL;CALL;Jun-27;4,02;3.49;27,56;0,29;;11
02/10/26;B.SABADELL;CALL;Sep-27;2,82;3.49;32,16;0,83;;1
02/10/26;B.SABADELL;PUT;Nov-26;3,42;3.49;24,47;-0,38;;5
02/10/26;B.SABADELL;PUT;Dic-26;2,48;3.49;29,31;;;411
02/10/26;B.SABADELL;PUT;Dic-26;2,56;3.49;28,98;-0,01;;10
02/10/26;B.SABADELL;PUT;Dic-26;2,65;3.49;28,61;-0,01;;10
02/10/26;B.SABADELL;PUT;Dic-26;2,74;3.49;28,24;-0,02;;20
02/10/26;B.SABADELL;PUT;Dic-26;2,82;3.49;27,91;-0,04;;21
02/10/26;B.SABADELL;PUT;Dic-26;2,91;3.49;27,55;-0,06;;2
02/10/26;B.SABADELL;PUT;Dic-26;2,99;3.49;27,22;-0,09;;10
02/10/26;B.SABADELL;PUT;Dic-26;3,08;3.49;26,85;-0,13;;52
02/10/26;B.SABADELL;PUT;Dic-26;3,16;3.49;26,52;-0,18;;60
02/10/26;B.SABADELL;PUT;Dic-26;3,42;3.49;25,45;-0,39;;40
02/10/26;B.SABADELL;PUT;Dic-26;3,50;3.49;25,13;-0,47;;52
02/10/26;B.SABADELL;PUT;Dic-26;3,59;3.49;24,82;-0,56;;5
02/10/26;B.SABADELL;PUT;Dic-26;3,68;3.49;24,51;-0,65;;40
02/10/26;B.SABADELL;PUT;Mar-27;2,48;3.49;28,05;-0,03;;1
02/10/26;B.SABADELL;PUT;Mar-27;2,65;3.49;27,55;-0,06;;20
02/10/26;B.SABADELL;PUT;Mar-27;2,82;3.49;27,05;-0,12;;113
02/10/26;B.SABADELL;PUT;Mar-27;2,99;3.49;26,54;-0,19;;205
02/10/26;B.SABADELL;PUT;Mar-27;3,08;3.49;26,28;-0,23;;200
02/10/26;B.SABADELL;PUT;Mar-27;3,33;3.49;25,54;-0,38;;141
02/10/26;B.SABADELL;PUT;Mar-27;3,42;3.49;25,27;-0,45;;3
02/10/26;B.SABADELL;PUT;Mar-27;3,59;3.49;24,77;-0,56;;180
02/10/26;B.SABADELL;PUT;Jun-27;2,74;3.49;27,54;-0,14;;5
02/10/26;B.SABADELL;PUT;Jun-27;2,99;3.49;26,89;-0,25;;5
02/10/26;B.SABADELL;PUT;Sep-27;2,39;3.49;28,49;-0,08;;5
02/10/26;B.SABADELL;PUT;Sep-27;3,08;3.49;26,84;-0,32;;5
02/10/26;B.SABADELL;PUT;Dic-27;2,74;3.49;27,63;-0,20;;1.538
02/10/26;B.SABADELL;PUT;Dic-27;2,82;3.49;27,45;-0,23;;3.026
02/10/26;B.SABADELL;PUT;Dic-27;2,99;3.49;27,08;-0,29;;5
02/10/26;B.SABADELL;PUT;Mar-28;2,56;3.49;29,51;-0,18;;830
02/10/26;B.SABADELL;PUT;Mar-28;2,74;3.49;29,18;-0,23;;769
02/10/26;B.SABADELL;PUT;Mar-28;2,82;3.49;29,04;-0,26;;758
02/10/26;B.SABADELL;PUT;Mar-28;2,91;3.49;28,87;-0,28;;742
02/10/26;B.SABADELL;PUT;Dic-26;2,48;3.49;29,31;;;10
02/10/26;BANKINTER;CALL;Oct-26;15,00;15.79;27,01;0,84;;10
02/10/26;BANKINTER;CALL;Oct-26;17,00;15.79;24,79;0,07;;11
02/10/26;BANKINTER;CALL;Oct-26;17,50;15.79;24,62;0,02;;10
02/10/26;BANKINTER;CALL;Nov-26;16,00;15.79;23,92;0,47;;10
02/10/26;BANKINTER;CALL;Dic-26;13,50;15.79;29,41;0,92;;11
02/10/26;BANKINTER;CALL;Dic-26;14,00;15.79;28,35;0,87;;2
02/10/26;BANKINTER;CALL;Dic-26;15,00;15.79;26,21;0,71;;10
02/10/26;BANKINTER;CALL;Dic-26;15,50;15.79;25,15;0,60;;10
02/10/26;BANKINTER;CALL;Dic-26;16,00;15.79;24,47;0,48;;40
02/10/26;BANKINTER;CALL;Dic-26;17,00;15.79;24,16;0,26;;110
02/10/26;BANKINTER;CALL;Mar-27;15,00;15.79;26,59;0,64;;21
02/10/26;BANKINTER;CALL;Mar-27;16,50;15.79;25,00;0,41;;100
02/10/26;BANKINTER;CALL;Mar-27;17,00;15.79;24,85;0,34;;100
02/10/26;BANKINTER;CALL;Jun-27;14,50;15.79;27,92;0,68;;1
02/10/26;BANKINTER;CALL;Jun-27;15,50;15.79;26,40;0,56;;1
02/10/26;BANKINTER;CALL;Jun-27;16,00;15.79;25,91;0,50;;25
02/10/26;BANKINTER;CALL;Jun-27;16,50;15.79;25,77;0,44;;1
02/10/26;BANKINTER;CALL;Dic-27;14,50;15.79;27,33;0,66;;3
02/10/26;BANKINTER;CALL;Dic-27;15,50;15.79;26,17;0,57;;1
02/10/26;BANKINTER;CALL;Dic-27;17,00;15.79;25,56;0,43;;25
02/10/26;BANKINTER;PUT;Oct-26;14,50;15.79;28,46;-0,06;;11
02/10/26;BANKINTER;PUT;Oct-26;15,00;15.79;27,31;-0,16;1;1
02/10/26;BANKINTER;PUT;Oct-26;15,50;15.79;26,16;-0,35;;1
02/10/26;BANKINTER;PUT;Oct-26;16,00;15.79;25,43;-0,59;;28
02/10/26;BANKINTER;PUT;Oct-26;16,50;15.79;25,26;-0,81;;25
02/10/26;BANKINTER;PUT;Nov-26;15,00;15.79;25,79;-0,27;;12
02/10/26;BANKINTER;PUT;Dic-26;7,25;15.79;41,71;;;1
02/10/26;BANKINTER;PUT;Dic-26;11,00;15.79;33,72;-0,01;;1
02/10/26;BANKINTER;PUT;Dic-26;12,00;15.79;31,58;-0,03;;1.020
02/10/26;BANKINTER;PUT;Dic-26;12,50;15.79;30,52;-0,05;;114
02/10/26;BANKINTER;PUT;Dic-26;13,00;15.79;29,45;-0,08;;20
02/10/26;BANKINTER;PUT;Dic-26;13,50;15.79;28,38;-0,13;3;3.363
02/10/26;BANKINTER;PUT;Dic-26;14,00;15.79;27,32;-0,19;;25
02/10/26;BANKINTER;PUT;Dic-26;15,00;15.79;25,18;-0,36;;5
02/10/26;BANKINTER;PUT;Dic-26;16,00;15.79;23,44;-0,59;;26
02/10/26;BANKINTER;PUT;Dic-26;17,00;15.79;23,13;-0,79;;10
02/10/26;BANKINTER;PUT;Mar-27;13,50;15.79;27,10;-0,19;;1.008
02/10/26;BANKINTER;PUT;Mar-27;15,50;15.79;23,60;-0,46;;75
02/10/26;BANKINTER;PUT;Jun-27;11,00;15.79;30,32;-0,07;;222
02/10/26;BANKINTER;PUT;Jun-27;12,50;15.79;28,03;-0,15;;3
02/10/26;BANKINTER;PUT;Jun-27;13,50;15.79;26,51;-0,23;;1.000
02/10/26;BANKINTER;PUT;Sep-27;12,00;15.79;27,42;-0,14;;1
02/10/26;BANKINTER;PUT;Dic-27;10,50;15.79;28,22;-0,09;;1.000
02/10/26;BANKINTER;PUT;Dic-27;11,00;15.79;27,64;-0,11;;50
02/10/26;BANKINTER;PUT;Dic-27;15,00;15.79;22,99;-0,42;;25
02/10/26;BANKINTER;PUT;Mar-28;13,00;15.79;26,33;-0,25;;194
02/10/26;BANKINTER;PUT;Mar-28;14,00;15.79;25,35;-0,33;;175
02/10/26;BBVA;CALL;Oct-26;23,00;23.73;29,48;0,74;1;1
02/10/26;BBVA;CALL;Oct-26;24,00;23.73;27,97;0,42;;100
02/10/26;BBVA;CALL;Oct-26;25,00;23.73;27,65;0,15;;19
02/10/26;BBVA;CALL;Oct-26;25,50;23.73;27,49;0,08;;12
02/10/26;BBVA;CALL;Oct-26;26,00;23.73;27,33;0,03;;162
02/10/26;BBVA;CALL;Oct-26;27,00;23.73;27,00;;;110
02/10/26;BBVA;CALL;Nov-26;25,00;23.73;30,33;0,30;;12
02/10/26;BBVA;CALL;Nov-26;26,00;23.73;30,02;0,19;;53
02/10/26;BBVA;CALL;Nov-26;28,00;23.73;29,40;0,05;;18
02/10/26;BBVA;CALL;Dic-26;13,00;23.73;50,89;1,00;;25
02/10/26;BBVA;CALL;Dic-26;15,00;23.73;46,96;1,00;;30
02/10/26;BBVA;CALL;Dic-26;16,00;23.73;44,99;1,00;;3.960
02/10/26;BBVA;CALL;Dic-26;16,50;23.73;44,01;1,00;;50
02/10/26;BBVA;CALL;Dic-26;17,00;23.73;43,03;1,00;;4.311
02/10/26;BBVA;CALL;Dic-26;17,50;23.73;42,04;0,99;;650
02/10/26;BBVA;CALL;Dic-26;18,00;23.73;41,06;0,98;;159
02/10/26;BBVA;CALL;Dic-26;18,50;23.73;40,08;0,97;;8
02/10/26;BBVA;CALL;Dic-26;19,00;23.73;39,09;0,95;;2.502
02/10/26;BBVA;CALL;Dic-26;19,50;23.73;38,11;0,92;;3
02/10/26;BBVA;CALL;Dic-26;20,00;23.73;37,13;0,89;;152
02/10/26;BBVA;CALL;Dic-26;21,00;23.73;35,16;0,80;1;3.518
02/10/26;BBVA;CALL;Dic-26;22,00;23.73;33,19;0,70;;22
02/10/26;BBVA;CALL;Dic-26;23,00;23.73;31,23;0,59;1;211
02/10/26;BBVA;CALL;Dic-26;24,00;23.73;29,71;0,46;;10
02/10/26;BBVA;CALL;Dic-26;25,00;23.73;29,40;0,35;1;275
02/10/26;BBVA;CALL;Dic-26;26,00;23.73;29,09;0,24;277;100
02/10/26;BBVA;CALL;Dic-26;27,00;23.73;28,78;0,16;;172
02/10/26;BBVA;CALL;Dic-26;28,00;23.73;28,47;0,10;2;40
02/10/26;BBVA;CALL;Dic-26;30,00;23.73;27,85;0,03;;10
02/10/26;BBVA;CALL;Dic-26;31,00;23.73;27,54;0,02;;10
02/10/26;BBVA;CALL;Mar-27;9,50;23.73;51,89;1,00;;25
02/10/26;BBVA;CALL;Mar-27;12,00;23.73;48,06;1,00;;25
02/10/26;BBVA;CALL;Mar-27;13,00;23.73;46,53;1,00;;1
02/10/26;BBVA;CALL;Mar-27;15,50;23.73;42,70;0,97;;5
02/10/26;BBVA;CALL;Mar-27;16,00;23.73;41,94;0,96;;905
02/10/26;BBVA;CALL;Mar-27;16,50;23.73;41,17;0,94;;250
02/10/26;BBVA;CALL;Mar-27;17,50;23.73;39,64;0,90;;40
02/10/26;BBVA;CALL;Mar-27;18,00;23.73;38,87;0,88;;101
02/10/26;BBVA;CALL;Mar-27;19,00;23.73;37,34;0,84;;109
02/10/26;BBVA;CALL;Mar-27;20,00;23.73;35,81;0,79;10;3.063
02/10/26;BBVA;CALL;Mar-27;20,50;23.73;35,05;0,76;;1
02/10/26;BBVA;CALL;Mar-27;21,50;23.73;33,51;0,70;;4.000
02/10/26;BBVA;CALL;Mar-27;22,00;23.73;32,75;0,67;;4.055
02/10/26;BBVA;CALL;Mar-27;23,00;23.73;31,22;0,59;;150
02/10/26;BBVA;CALL;Mar-27;24,00;23.73;30,05;0,51;2;383
02/10/26;BBVA;CALL;Mar-27;25,00;23.73;29,85;0,43;;11.721
02/10/26;BBVA;CALL;Mar-27;26,00;23.73;29,65;0,36;;510
02/10/26;BBVA;CALL;Mar-27;27,00;23.73;29,46;0,29;;500
02/10/26;BBVA;CALL;Mar-27;28,00;23.73;29,26;0,23;;200
02/10/26;BBVA;CALL;Jun-27;12,00;23.73;48,95;1,00;;150
02/10/26;BBVA;CALL;Jun-27;12,50;23.73;48,18;1,00;;25
02/10/26;BBVA;CALL;Jun-27;13,00;23.73;47,42;1,00;;1
02/10/26;BBVA;CALL;Jun-27;15,00;23.73;44,36;0,95;;3
02/10/26;BBVA;CALL;Jun-27;17,00;23.73;41,29;0,89;;6.000
02/10/26;BBVA;CALL;Jun-27;20,00;23.73;36,70;0,77;;150
02/10/26;BBVA;CALL;Jun-27;21,00;23.73;35,17;0,72;;2.600
02/10/26;BBVA;CALL;Jun-27;22,00;23.73;33,64;0,66;;3.150
02/10/26;BBVA;CALL;Jun-27;23,00;23.73;32,11;0,59;;29
02/10/26;BBVA;CALL;Jun-27;24,00;23.73;30,93;0,52;;30
02/10/26;BBVA;CALL;Jun-27;25,00;23.73;30,70;0,45;;1.760
02/10/26;BBVA;CALL;Jun-27;26,00;23.73;30,48;0,39;;15
02/10/26;BBVA;CALL;Jun-27;27,00;23.73;30,26;0,33;;3.022
02/10/26;BBVA;CALL;Jun-27;28,00;23.73;30,03;0,27;;11
02/10/26;BBVA;CALL;Jun-27;29,00;23.73;29,81;0,23;;10
02/10/26;BBVA;CALL;Sep-27;11,50;23.73;48,01;1,00;;150
02/10/26;BBVA;CALL;Sep-27;12,00;23.73;47,31;1,00;;150
02/10/26;BBVA;CALL;Sep-27;15,00;23.73;43,14;0,92;;2
02/10/26;BBVA;CALL;Sep-27;20,00;23.73;36,19;0,75;;1
02/10/26;BBVA;CALL;Sep-27;22,00;23.73;33,41;0,65;;1
02/10/26;BBVA;CALL;Sep-27;24,00;23.73;30,92;0,53;;11
02/10/26;BBVA;CALL;Sep-27;27,00;23.73;29,99;0,36;;10
02/10/26;BBVA;CALL;Sep-27;28,00;23.73;29,68;0,32;2;2
02/10/26;BBVA;CALL;Dic-27;11,00;23.73;46,96;1,00;;150
02/10/26;BBVA;CALL;Dic-27;11,50;23.73;46,35;1,00;;26
02/10/26;BBVA;CALL;Dic-27;13,50;23.73;43,94;0,97;;150
02/10/26;BBVA;CALL;Dic-27;15,00;23.73;42,13;0,92;;75
02/10/26;BBVA;CALL;Dic-27;16,00;23.73;40,92;0,89;;6.000
02/10/26;BBVA;CALL;Dic-27;17,00;23.73;39,71;0,86;;150
02/10/26;BBVA;CALL;Dic-27;17,50;23.73;39,11;0,84;;100
02/10/26;BBVA;CALL;Dic-27;18,00;23.73;38,50;0,82;;1
02/10/26;BBVA;CALL;Dic-27;20,00;23.73;36,09;0,74;;150
02/10/26;BBVA;CALL;Dic-27;25,00;23.73;31,15;0,48;;4.002
02/10/26;BBVA;CALL;Dic-27;26,00;23.73;30,81;0,43;;100
02/10/26;BBVA;CALL;Mar-28;17,00;23.73;38,83;0,84;;600
02/10/26;BBVA;CALL;Mar-28;17,50;23.73;38,29;0,82;;300
02/10/26;BBVA;CALL;Mar-28;18,00;23.73;37,75;0,81;;300
02/10/26;BBVA;CALL;Mar-28;21,00;23.73;34,50;0,68;;350
02/10/26;BBVA;CALL;Jun-28;10,00;23.73;47,33;0,99;;1
02/10/26;BBVA;CALL;Jun-28;17,00;23.73;39,85;0,84;;750
02/10/26;BBVA;CALL;Jun-28;17,50;23.73;39,32;0,82;;600
02/10/26;BBVA;CALL;Jun-28;18,00;23.73;38,79;0,80;;575
02/10/26;BBVA;CALL;Jun-28;18,50;23.73;38,25;0,78;;3
02/10/26;BBVA;CALL;Jun-28;19,00;23.73;37,72;0,76;;50
02/10/26;BBVA;CALL;Jun-28;19,50;23.73;37,19;0,74;;100
02/10/26;BBVA;CALL;Jun-28;20,00;23.73;36,65;0,72;;125
02/10/26;BBVA;CALL;Jun-28;21,00;23.73;35,58;0,68;;525
02/10/26;BBVA;CALL;Jun-28;22,00;23.73;34,52;0,64;;4.450
02/10/26;BBVA;CALL;Jun-28;23,00;23.73;33,45;0,60;;150
02/10/26;BBVA;CALL;Jun-28;24,00;23.73;32,55;0,55;;300
02/10/26;BBVA;CALL;Jun-28;25,00;23.73;32,12;0,51;;1.000
02/10/26;BBVA;CALL;Sep-28;24,00;23.73;33,44;0,56;;1
02/10/26;BBVA;CALL;Dic-29;15,00;23.73;40,33;0,88;;50
02/10/26;BBVA;PUT;Oct-26;19,00;23.73;36,42;;;1
02/10/26;BBVA;PUT;Oct-26;20,00;23.73;34,48;-0,01;;6
02/10/26;BBVA;PUT;Oct-26;20,50;23.73;33,51;-0,02;;10
02/10/26;BBVA;PUT;Oct-26;21,00;23.73;32,54;-0,04;;10
02/10/26;BBVA;PUT;Oct-26;22,00;23.73;30,60;-0,15;69;251
02/10/26;BBVA;PUT;Oct-26;23,00;23.73;28,67;-0,37;150;190
02/10/26;BBVA;PUT;Oct-26;24,00;23.73;27,16;-0,68;;55
02/10/26;BBVA;PUT;Oct-26;24,50;23.73;27,00;-0,80;1;4
02/10/26;BBVA;PUT;Oct-26;25,00;23.73;26,84;-0,89;10;5
02/10/26;BBVA;PUT;Oct-26;26,00;23.73;26,52;-0,98;;183
02/10/26;BBVA;PUT;Oct-26;27,00;23.73;26,19;-1,00;;2
02/10/26;BBVA;PUT;Nov-26;19,00;23.73;38,35;-0,06;10;10
02/10/26;BBVA;PUT;Nov-26;19,50;23.73;37,37;-0,08;;10
02/10/26;BBVA;PUT;Nov-26;20,00;23.73;36,39;-0,10;;1
02/10/26;BBVA;PUT;Nov-26;22,00;23.73;32,49;-0,28;5;89
02/10/26;BBVA;PUT;Nov-26;23,00;23.73;30,54;-0,41;80;120
02/10/26;BBVA;PUT;Nov-26;24,00;23.73;29,03;-0,57;;10
02/10/26;BBVA;PUT;Nov-26;27,00;23.73;28,10;-0,92;;50
02/10/26;BBVA;PUT;Dic-26;5,75;23.73;63,35;;;150
02/10/26;BBVA;PUT;Dic-26;6,00;23.73;62,86;;;10.150
02/10/26;BBVA;PUT;Dic-26;6,25;23.73;62,37;;;150
02/10/26;BBVA;PUT;Dic-26;6,50;23.73;61,87;;;13.250
02/10/26;BBVA;PUT;Dic-26;6,75;23.73;61,38;;;450
02/10/26;BBVA;PUT;Dic-26;7,00;23.73;60,89;;;300
02/10/26;BBVA;PUT;Dic-26;7,25;23.73;60,40;;;600
02/10/26;BBVA;PUT;Dic-26;7,50;23.73;59,91;;;450
02/10/26;BBVA;PUT;Dic-26;7,75;23.73;59,42;;;451
02/10/26;BBVA;PUT;Dic-26;8,00;23.73;58,92;;;18.450
02/10/26;BBVA;PUT;Dic-26;8,25;23.73;58,43;;;15
02/10/26;BBVA;PUT;Dic-26;8,50;23.73;57,94;;;25.000
02/10/26;BBVA;PUT;Dic-26;8,75;23.73;57,45;;;311
02/10/26;BBVA;PUT;Dic-26;9,00;23.73;56,96;;;14.933
02/10/26;BBVA;PUT;Dic-26;9,25;23.73;56,47;;;75
02/10/26;BBVA;PUT;Dic-26;9,50;23.73;55,97;;;76
02/10/26;BBVA;PUT;Dic-26;9,75;23.73;55,48;;;200
02/10/26;BBVA;PUT;Dic-26;10,00;23.73;54,99;;;226
02/10/26;BBVA;PUT;Dic-26;10,50;23.73;54,01;;;300
02/10/26;BBVA;PUT;Dic-26;11,00;23.73;53,02;;;481
02/10/26;BBVA;PUT;Dic-26;11,50;23.73;52,04;;;1
02/10/26;BBVA;PUT;Dic-26;12,00;23.73;51,06;;;8.410
02/10/26;BBVA;PUT;Dic-26;12,50;23.73;50,07;;;250
02/10/26;BBVA;PUT;Dic-26;13,00;23.73;49,09;;;42.101
02/10/26;BBVA;PUT;Dic-26;13,50;23.73;48,11;;;400
02/10/26;BBVA;PUT;Dic-26;14,00;23.73;47,12;-0,01;;706
02/10/26;BBVA;PUT;Dic-26;14,50;23.73;46,14;-0,01;;300
02/10/26;BBVA;PUT;Dic-26;15,00;23.73;45,16;-0,01;;3.772
02/10/26;BBVA;PUT;Dic-26;15,50;23.73;44,17;-0,02;;12
02/10/26;BBVA;PUT;Dic-26;16,00;23.73;43,19;-0,02;;92
02/10/26;BBVA;PUT;Dic-26;16,50;23.73;42,21;-0,03;;520
02/10/26;BBVA;PUT;Dic-26;17,00;23.73;41,23;-0,04;;8.736
02/10/26;BBVA;PUT;Dic-26;17,50;23.73;40,24;-0,05;10;134
02/10/26;BBVA;PUT;Dic-26;18,00;23.73;39,26;-0,06;;20.159
02/10/26;BBVA;PUT;Dic-26;18,50;23.73;38,28;-0,08;5;105
02/10/26;BBVA;PUT;Dic-26;19,00;23.73;37,29;-0,09;;13.517
02/10/26;BBVA;PUT;Dic-26;20,00;23.73;35,33;-0,14;;10.513
02/10/26;BBVA;PUT;Dic-26;20,50;23.73;34,34;-0,17;;6
02/10/26;BBVA;PUT;Dic-26;21,00;23.73;33,36;-0,21;200;12.350
02/10/26;BBVA;PUT;Dic-26;22,00;23.73;31,39;-0,30;10;1.005
02/10/26;BBVA;PUT;Dic-26;23,00;23.73;29,43;-0,42;;601
02/10/26;BBVA;PUT;Dic-26;24,00;23.73;27,91;-0,55;;581
02/10/26;BBVA;PUT;Dic-26;25,00;23.73;27,60;-0,68;;51
02/10/26;BBVA;PUT;Dic-26;28,00;23.73;26,67;-0,94;;55
02/10/26;BBVA;PUT;Mar-27;8,50;23.73;51,60;;;25
02/10/26;BBVA;PUT;Mar-27;8,75;23.73;51,22;;;25
02/10/26;BBVA;PUT;Mar-27;9,00;23.73;50,83;;;25
02/10/26;BBVA;PUT;Mar-27;9,25;23.73;50,45;;;25
02/10/26;BBVA;PUT;Mar-27;9,50;23.73;50,07;;;30
02/10/26;BBVA;PUT;Mar-27;9,75;23.73;49,68;;;25
02/10/26;BBVA;PUT;Mar-27;10,50;23.73;48,54;;;175
02/10/26;BBVA;PUT;Mar-27;11,00;23.73;47,77;-0,01;;175
02/10/26;BBVA;PUT;Mar-27;11,50;23.73;47,01;-0,01;;32.250
02/10/26;BBVA;PUT;Mar-27;12,00;23.73;46,24;-0,01;;40
02/10/26;BBVA;PUT;Mar-27;12,50;23.73;45,47;-0,01;;30
02/10/26;BBVA;PUT;Mar-27;13,00;23.73;44,71;-0,02;;40
02/10/26;BBVA;PUT;Mar-27;13,50;23.73;43,94;-0,02;;20
02/10/26;BBVA;PUT;Mar-27;14,00;23.73;43,18;-0,03;;30
02/10/26;BBVA;PUT;Mar-27;15,00;23.73;41,65;-0,04;;220
02/10/26;BBVA;PUT;Mar-27;16,00;23.73;40,12;-0,06;;5.500
02/10/26;BBVA;PUT;Mar-27;16,50;23.73;39,35;-0,07;;450
02/10/26;BBVA;PUT;Mar-27;17,00;23.73;38,58;-0,08;;2.360
02/10/26;BBVA;PUT;Mar-27;17,50;23.73;37,82;-0,10;;4.260
02/10/26;BBVA;PUT;Mar-27;18,00;23.73;37,05;-0,12;;100
02/10/26;BBVA;PUT;Mar-27;18,50;23.73;36,29;-0,13;;10
02/10/26;BBVA;PUT;Mar-27;19,00;23.73;35,52;-0,15;;2.400
02/10/26;BBVA;PUT;Mar-27;19,50;23.73;34,76;-0,18;;3.810
02/10/26;BBVA;PUT;Mar-27;20,00;23.73;33,99;-0,20;;6.310
02/10/26;BBVA;PUT;Mar-27;20,50;23.73;33,23;-0,23;;20
02/10/26;BBVA;PUT;Mar-27;21,00;23.73;32,46;-0,26;;381
02/10/26;BBVA;PUT;Mar-27;22,00;23.73;30,93;-0,33;;12.645
02/10/26;BBVA;PUT;Mar-27;23,00;23.73;29,40;-0,41;;8.150
02/10/26;BBVA;PUT;Mar-27;24,00;23.73;28,23;-0,50;2;3
02/10/26;BBVA;PUT;Mar-27;25,00;23.73;28,03;-0,59;;11.500
02/10/26;BBVA;PUT;Jun-27;4,30;23.73;57,30;;;1
02/10/26;BBVA;PUT;Jun-27;4,50;23.73;56,99;;;1
02/10/26;BBVA;PUT;Jun-27;4,90;23.73;56,38;;;150
02/10/26;BBVA;PUT;Jun-27;5,00;23.73;56,23;;;300
02/10/26;BBVA;PUT;Jun-27;5,25;23.73;55,84;;;298
02/10/26;BBVA;PUT;Jun-27;7,00;23.73;53,17;;;2
02/10/26;BBVA;PUT;Jun-27;8,00;23.73;51,63;;;1
02/10/26;BBVA;PUT;Jun-27;8,25;23.73;51,25;;;7
02/10/26;BBVA;PUT;Jun-27;9,00;23.73;50,10;-0,01;;7.000
02/10/26;BBVA;PUT;Jun-27;9,75;23.73;48,95;-0,01;;175
02/10/26;BBVA;PUT;Jun-27;10,00;23.73;48,57;-0,01;;10.000
02/10/26;BBVA;PUT;Jun-27;11,00;23.73;47,04;-0,02;;75
02/10/26;BBVA;PUT;Jun-27;12,00;23.73;45,51;-0,03;;20
02/10/26;BBVA;PUT;Jun-27;12,50;23.73;44,74;-0,04;;197
02/10/26;BBVA;PUT;Jun-27;13,00;23.73;43,98;-0,04;;1.126
02/10/26;BBVA;PUT;Jun-27;13,50;23.73;43,21;-0,05;;190
02/10/26;BBVA;PUT;Jun-27;14,00;23.73;42,45;-0,06;;33
02/10/26;BBVA;PUT;Jun-27;14,50;23.73;41,68;-0,07;;400
02/10/26;BBVA;PUT;Jun-27;15,00;23.73;40,92;-0,08;;2.610
02/10/26;BBVA;PUT;Jun-27;15,50;23.73;40,15;-0,09;;21
02/10/26;BBVA;PUT;Jun-27;16,00;23.73;39,39;-0,10;;3
02/10/26;BBVA;PUT;Jun-27;16,50;23.73;38,62;-0,12;;250
02/10/26;BBVA;PUT;Jun-27;17,00;23.73;37,85;-0,13;;151
02/10/26;BBVA;PUT;Jun-27;17,50;23.73;37,09;-0,15;;150
02/10/26;BBVA;PUT;Jun-27;18,00;23.73;36,32;-0,17;;160
02/10/26;BBVA;PUT;Jun-27;18,50;23.73;35,56;-0,19;;2
02/10/26;BBVA;PUT;Jun-27;19,00;23.73;34,79;-0,21;;152
02/10/26;BBVA;PUT;Jun-27;20,00;23.73;33,26;-0,26;;2.628
02/10/26;BBVA;PUT;Jun-27;21,00;23.73;31,73;-0,32;200;130
02/10/26;BBVA;PUT;Jun-27;22,00;23.73;30,20;-0,38;;6
02/10/26;BBVA;PUT;Jun-27;23,00;23.73;28,67;-0,45;;1.180
02/10/26;BBVA;PUT;Jun-27;24,00;23.73;27,49;-0,53;;91
02/10/26;BBVA;PUT;Jun-27;25,00;23.73;27,26;-0,60;;40
02/10/26;BBVA;PUT;Sep-27;7,75;23.73;49,96;-0,01;;10
02/10/26;BBVA;PUT;Sep-27;16,00;23.73;38,49;-0,12;;309
02/10/26;BBVA;PUT;Sep-27;16,50;23.73;37,79;-0,13;;10
02/10/26;BBVA;PUT;Sep-27;17,00;23.73;37,10;-0,15;;379
02/10/26;BBVA;PUT;Sep-27;17,50;23.73;36,40;-0,17;;150
02/10/26;BBVA;PUT;Sep-27;18,00;23.73;35,71;-0,19;;150
02/10/26;BBVA;PUT;Sep-27;20,00;23.73;32,93;-0,27;;2.075
02/10/26;BBVA;PUT;Sep-27;22,00;23.73;30,15;-0,38;;2.501
02/10/26;BBVA;PUT;Sep-27;24,00;23.73;27,66;-0,51;;1.500
02/10/26;BBVA;PUT;Dic-27;4,40;23.73;51,22;;;1
02/10/26;BBVA;PUT;Dic-27;4,90;23.73;50,62;;;150
02/10/26;BBVA;PUT;Dic-27;5,00;23.73;50,50;;;150
02/10/26;BBVA;PUT;Dic-27;6,50;23.73;48,68;;;10
02/10/26;BBVA;PUT;Dic-27;7,00;23.73;48,08;-0,01;;150
02/10/26;BBVA;PUT;Dic-27;7,25;23.73;47,78;-0,01;;150
02/10/26;BBVA;PUT;Dic-27;7,75;23.73;47,17;-0,01;;1
02/10/26;BBVA;PUT;Dic-27;8,25;23.73;46,57;-0,01;;150
02/10/26;BBVA;PUT;Dic-27;8,50;23.73;46,27;-0,01;;6.150
02/10/26;BBVA;PUT;Dic-27;8,75;23.73;45,97;-0,02;;1
02/10/26;BBVA;PUT;Dic-27;9,00;23.73;45,66;-0,02;;7.650
02/10/26;BBVA;PUT;Dic-27;9,25;23.73;45,36;-0,02;;150
02/10/26;BBVA;PUT;Dic-27;9,50;23.73;45,06;-0,02;;250
02/10/26;BBVA;PUT;Dic-27;9,75;23.73;44,76;-0,02;;150
02/10/26;BBVA;PUT;Dic-27;10,00;23.73;44,46;-0,03;;407
02/10/26;BBVA;PUT;Dic-27;10,50;23.73;43,85;-0,03;;300
02/10/26;BBVA;PUT;Dic-27;11,00;23.73;43,25;-0,04;;5.304
02/10/26;BBVA;PUT;Dic-27;12,00;23.73;42,04;-0,05;;3.300
02/10/26;BBVA;PUT;Dic-27;12,50;23.73;41,44;-0,06;;300
02/10/26;BBVA;PUT;Dic-27;13,00;23.73;40,83;-0,07;;10.000
02/10/26;BBVA;PUT;Dic-27;13,50;23.73;40,23;-0,08;;150
02/10/26;BBVA;PUT;Dic-27;14,00;23.73;39,62;-0,09;;150
02/10/26;BBVA;PUT;Dic-27;15,00;23.73;38,42;-0,11;;3
02/10/26;BBVA;PUT;Dic-27;16,00;23.73;37,21;-0,14;;15.000
02/10/26;BBVA;PUT;Dic-27;16,50;23.73;36,60;-0,15;;174
02/10/26;BBVA;PUT;Dic-27;17,00;23.73;36,00;-0,17;;8.500
02/10/26;BBVA;PUT;Dic-27;17,50;23.73;35,40;-0,19;;292
02/10/26;BBVA;PUT;Dic-27;18,00;23.73;34,79;-0,20;;150
02/10/26;BBVA;PUT;Dic-27;20,00;23.73;32,38;-0,29;;4.000
02/10/26;BBVA;PUT;Dic-27;21,00;23.73;31,17;-0,33;;150
02/10/26;BBVA;PUT;Dic-27;22,00;23.73;29,96;-0,39;;10.302
02/10/26;BBVA;PUT;Dic-27;23,00;23.73;28,75;-0,44;;300
02/10/26;BBVA;PUT;Dic-27;25,00;23.73;27,44;-0,56;;1
02/10/26;BBVA;PUT;Mar-28;15,00;23.73;36,97;-0,12;;150
02/10/26;BBVA;PUT;Mar-28;15,50;23.73;36,43;-0,13;;150
02/10/26;BBVA;PUT;Mar-28;18,00;23.73;33,73;-0,21;;26
02/10/26;BBVA;PUT;Mar-28;20,00;23.73;31,56;-0,29;;150
02/10/26;BBVA;PUT;Mar-28;21,00;23.73;30,48;-0,33;;150
02/10/26;BBVA;PUT;Mar-28;22,00;23.73;29,40;-0,38;;150
02/10/26;BBVA;PUT;Mar-28;23,00;23.73;28,32;-0,43;;150
02/10/26;BBVA;PUT;Jun-28;15,00;23.73;36,18;-0,14;;2.000
02/10/26;BBVA;PUT;Jun-28;15,50;23.73;35,65;-0,15;;1
02/10/26;BBVA;PUT;Jun-28;18,00;23.73;32,98;-0,23;;1.250
02/10/26;BBVA;PUT;Jun-28;19,00;23.73;31,91;-0,27;;4.450
02/10/26;BBVA;PUT;Jun-28;20,00;23.73;30,84;-0,31;;3.300
02/10/26;BBVA;PUT;Jun-28;21,00;23.73;29,77;-0,35;;750
02/10/26;BBVA;PUT;Jun-28;22,00;23.73;28,71;-0,40;;2.350
02/10/26;BBVA;PUT;Jun-28;23,00;23.73;27,64;-0,45;;1.500
02/10/26;BBVA;PUT;Sep-28;25,00;23.73;25,89;-0,54;;100
02/10/26;BBVA;PUT;Dic-28;12,00;23.73;36,40;-0,08;;3.500
02/10/26;BBVA;PUT;Dic-28;12,50;23.73;35,99;-0,09;;1.500
02/10/26;BBVA;PUT;Dic-28;16,00;23.73;33,09;-0,17;;17
02/10/26;BBVA;PUT;Dic-28;16,50;23.73;32,67;-0,19;;9
02/10/26;BBVA;PUT;Dic-28;18,50;23.73;31,01;-0,26;;3
02/10/26;BBVA;PUT;Dic-28;20,00;23.73;29,77;-0,31;;90
02/10/26;BBVA;PUT;Dic-28;25,00;23.73;26,09;-0,53;;2
02/10/26;BBVA;PUT;Jun-29;16,00;23.73;31,97;-0,19;;1.250
02/10/26;BBVA;PUT;Dic-29;12,50;23.73;33,07;-0,11;;3.000
02/10/26;BBVA;PUT;Dic-29;20,00;23.73;28,96;-0,33;;6
02/10/26;BBVA;PUT;Dic-29;25,00;23.73;26,37;-0,52;;152
02/10/26;BBVA;PUT;Dic-30;20,50;23.73;28,31;-0,36;;1.500
02/10/26;BBVA;CALL;Oct-26;21,00;23.73;33,35;0,95;;144
02/10/26;BBVA;CALL;Oct-26;22,00;23.73;31,41;0,84;;20
02/10/26;BBVA;CALL;Oct-26;23,00;23.73;29,48;0,62;;20
02/10/26;BBVA;CALL;Oct-26;23,00;23.73;29,48;0,62;5;15
02/10/26;BBVA;CALL;Oct-26;24,00;23.73;27,97;0,33;40;36
02/10/26;BBVA;CALL;Oct-26;25,00;23.73;27,65;0,12;;5
02/10/26;BBVA;CALL;Oct-26;25,00;23.73;27,65;0,12;;20
02/10/26;BBVA;CALL;Oct-26;25,50;23.73;27,49;0,06;;20
02/10/26;BBVA;CALL;Oct-26;26,00;23.73;27,33;0,03;;1.709
02/10/26;BBVA;CALL;Oct-26;26,00;23.73;27,33;0,03;;15
02/10/26;BBVA;CALL;Oct-26;27,00;23.73;27,00;;;7.008
02/10/26;BBVA;CALL;Nov-26;24,00;23.73;30,64;0,44;;5
02/10/26;BBVA;CALL;Nov-26;25,00;23.73;30,33;0,30;;25
02/10/26;BBVA;CALL;Nov-26;25,00;23.73;30,33;0,30;;1.774
02/10/26;BBVA;CALL;Nov-26;26,00;23.73;30,02;0,19;;3.568
02/10/26;BBVA;CALL;Nov-26;26,00;23.73;30,02;0,19;;20
02/10/26;BBVA;CALL;Nov-26;27,00;23.73;29,71;0,11;;10
02/10/26;BBVA;CALL;Nov-26;28,00;23.73;29,40;0,06;;15
02/10/26;BBVA;CALL;Dic-26;17,00;23.73;43,03;0,95;;10
02/10/26;BBVA;CALL;Dic-26;19,00;23.73;39,09;0,89;;10
02/10/26;BBVA;CALL;Dic-26;19,50;23.73;38,11;0,87;;10
02/10/26;BBVA;CALL;Dic-26;21,00;23.73;35,16;0,77;;10
02/10/26;BBVA;CALL;Dic-26;22,00;23.73;33,19;0,69;;10
02/10/26;BBVA;CALL;Dic-26;23,00;23.73;31,23;0,58;;10
02/10/26;BBVA;CALL;Dic-26;23,00;23.73;31,23;0,58;;1
02/10/26;BBVA;CALL;Dic-26;24,00;23.73;29,71;0,46;;10
02/10/26;BBVA;CALL;Dic-26;24,00;23.73;29,71;0,46;;4
02/10/26;BBVA;CALL;Dic-26;25,00;23.73;29,40;0,35;;6
02/10/26;BBVA;CALL;Dic-26;26,00;23.73;29,09;0,24;;4
02/10/26;BBVA;CALL;Dic-26;27,00;23.73;28,78;0,16;;6
02/10/26;BBVA;CALL;Dic-26;29,00;23.73;28,16;0,06;;8
02/10/26;BBVA;CALL;Dic-26;32,00;23.73;27,23;0,01;;10
02/10/26;BBVA;CALL;Mar-27;19,00;23.73;37,34;0,83;;200
02/10/26;BBVA;CALL;Mar-27;19,00;23.73;37,34;0,83;;200
02/10/26;BBVA;CALL;Mar-27;19,50;23.73;36,58;0,81;;20
02/10/26;BBVA;CALL;Mar-27;23,00;23.73;31,22;0,59;;8
02/10/26;BBVA;CALL;Mar-27;24,00;23.73;30,05;0,51;;4
02/10/26;BBVA;CALL;Mar-27;25,00;23.73;29,85;0,43;;4
02/10/26;BBVA;CALL;Mar-27;26,00;23.73;29,65;0,35;;3
02/10/26;BBVA;CALL;Mar-27;27,00;23.73;29,46;0,28;;5
02/10/26;BBVA;CALL;Mar-27;28,00;23.73;29,26;0,23;;2
02/10/26;BBVA;CALL;Mar-27;32,00;23.73;28,47;0,07;;28
02/10/26;BBVA;CALL;Mar-27;33,00;23.73;28,28;0,05;;6
02/10/26;BBVA;CALL;Jun-27;30,00;23.73;29,58;0,18;;5
02/10/26;BBVA;PUT;Oct-26;22,00;23.73;30,60;-0,15;;20
02/10/26;BBVA;PUT;Oct-26;23,00;23.73;28,67;-0,37;10;87
02/10/26;BBVA;PUT;Oct-26;24,00;23.73;27,16;-0,68;;20
02/10/26;BBVA;PUT;Oct-26;24,00;23.73;27,16;-0,68;;30
02/10/26;BBVA;PUT;Oct-26;24,50;23.73;27,00;-0,80;;20
02/10/26;BBVA;PUT;Oct-26;25,00;23.73;26,84;-0,89;;20
02/10/26;BBVA;PUT;Oct-26;25,00;23.73;26,84;-0,89;;50
02/10/26;BBVA;PUT;Oct-26;26,00;23.73;26,52;-0,98;;15
02/10/26;BBVA;PUT;Nov-26;23,00;23.73;30,54;-0,41;;20
02/10/26;BBVA;PUT;Nov-26;23,00;23.73;30,54;-0,41;;20
02/10/26;BBVA;PUT;Nov-26;24,00;23.73;29,03;-0,56;;10
02/10/26;BBVA;PUT;Nov-26;24,00;23.73;29,03;-0,56;;44
02/10/26;BBVA;PUT;Nov-26;25,00;23.73;28,72;-0,71;;15
02/10/26;BBVA;PUT;Nov-26;26,00;23.73;28,41;-0,82;;5
02/10/26;BBVA;PUT;Dic-26;7,25;23.73;60,40;;;150
02/10/26;BBVA;PUT;Dic-26;8,50;23.73;57,94;;;150
02/10/26;BBVA;PUT;Dic-26;8,75;23.73;57,45;;;150
02/10/26;BBVA;PUT;Dic-26;9,00;23.73;56,96;;;150
02/10/26;BBVA;PUT;Dic-26;10,00;23.73;54,99;;;40
02/10/26;BBVA;PUT;Dic-26;16,50;23.73;42,21;-0,03;;10
02/10/26;BBVA;PUT;Dic-26;17,00;23.73;41,23;-0,04;;23
02/10/26;BBVA;PUT;Dic-26;17,50;23.73;40,24;-0,05;;16
02/10/26;BBVA;PUT;Dic-26;21,00;23.73;33,36;-0,21;;16
02/10/26;BBVA;PUT;Dic-26;22,00;23.73;31,39;-0,30;;4
02/10/26;BBVA;PUT;Dic-26;23,00;23.73;29,43;-0,41;;6
02/10/26;BBVA;PUT;Dic-26;32,00;23.73;25,43;-0,99;;25
02/10/26;BBVA;PUT;Mar-27;10,00;23.73;49,30;;;150
02/10/26;BBVA;PUT;Mar-27;14,50;23.73;42,41;-0,03;;10
02/10/26;BBVA;PUT;Mar-27;17,00;23.73;38,58;-0,08;;50
02/10/26;BBVA;PUT;Mar-27;18,00;23.73;37,05;-0,11;;1
02/10/26;BBVA;PUT;Mar-27;20,00;23.73;33,99;-0,20;;5
02/10/26;BBVA;PUT;Jun-27;22,00;23.73;30,20;-0,37;;70
02/10/26;BBVA;PUT;Jun-27;27,00;23.73;26,82;-0,70;;7
02/10/26;CAIXABANK;CALL;Oct-26;12,50;12.04;23,58;0,22;;3
02/10/26;CAIXABANK;CALL;Oct-26;13,00;12.04;23,17;0,05;;80
02/10/26;CAIXABANK;CALL;Oct-26;13,25;12.04;22,96;0,02;;92
02/10/26;CAIXABANK;CALL;Oct-26;13,50;12.04;22,75;0,01;;22
02/10/26;CAIXABANK;CALL;Nov-26;11,50;12.04;26,82;0,72;20;20
02/10/26;CAIXABANK;CALL;Nov-26;12,50;12.04;24,34;0,34;;1
02/10/26;CAIXABANK;CALL;Nov-26;13,00;12.04;23,93;0,18;;1
02/10/26;CAIXABANK;CALL;Nov-26;14,50;12.04;22,68;0,01;;45
02/10/26;CAIXABANK;CALL;Dic-26;7,00;12.04;45,38;1,00;;7.500
02/10/26;CAIXABANK;CALL;Dic-26;9,25;12.04;36,41;0,98;;1
02/10/26;CAIXABANK;CALL;Dic-26;10,50;12.04;31,42;0,88;;1.134
02/10/26;CAIXABANK;CALL;Dic-26;11,00;12.04;29,43;0,79;;20
02/10/26;CAIXABANK;CALL;Dic-26;11,50;12.04;27,43;0,67;;6.000
02/10/26;CAIXABANK;CALL;Dic-26;12,00;12.04;25,44;0,52;;1
02/10/26;CAIXABANK;CALL;Dic-26;12,50;12.04;24,91;0,37;;430
02/10/26;CAIXABANK;CALL;Dic-26;13,00;12.04;24,50;0,24;;2
02/10/26;CAIXABANK;CALL;Dic-26;14,00;12.04;23,67;0,08;;3
02/10/26;CAIXABANK;CALL;Mar-27;9,50;12.04;33,58;0,89;;1
02/10/26;CAIXABANK;CALL;Mar-27;10,50;12.04;30,34;0,78;;14
02/10/26;CAIXABANK;CALL;Mar-27;12,50;12.04;24,94;0,44;;41
02/10/26;CAIXABANK;CALL;Mar-27;13,00;12.04;24,49;0,34;;400
02/10/26;CAIXABANK;CALL;Mar-27;14,00;12.04;23,57;0,19;;3
02/10/26;CAIXABANK;CALL;Jun-27;9,75;12.04;31,90;0,84;;150
02/10/26;CAIXABANK;CALL;Jun-27;10,00;12.04;31,23;0,82;;150
02/10/26;CAIXABANK;CALL;Jun-27;10,50;12.04;29,90;0,76;;150
02/10/26;CAIXABANK;CALL;Jun-27;11,00;12.04;28,57;0,69;;150
02/10/26;CAIXABANK;CALL;Jun-27;12,00;12.04;25,91;0,54;;1
02/10/26;CAIXABANK;CALL;Jun-27;13,00;12.04;24,99;0,37;;25
02/10/26;CAIXABANK;CALL;Jun-27;14,50;12.04;23,70;0,17;;1
02/10/26;CAIXABANK;CALL;Sep-27;13,50;12.04;25,32;0,34;;5
02/10/26;CAIXABANK;CALL;Sep-27;15,00;12.04;24,20;0,18;;12
02/10/26;CAIXABANK;CALL;Dic-27;10,50;12.04;30,41;0,72;;20
02/10/26;CAIXABANK;CALL;Dic-27;11,00;12.04;29,33;0,66;;1
02/10/26;CAIXABANK;CALL;Dic-27;11,50;12.04;28,25;0,61;;1
02/10/26;CAIXABANK;CALL;Jun-28;10,00;12.04;31,99;0,75;;150
02/10/26;CAIXABANK;CALL;Jun-28;10,50;12.04;31,14;0,70;;300
02/10/26;CAIXABANK;CALL;Jun-28;11,00;12.04;30,28;0,65;;1.250
02/10/26;CAIXABANK;CALL;Jun-28;11,50;12.04;29,42;0,60;;150
02/10/26;CAIXABANK;CALL;Jun-28;13,00;12.04;27,91;0,46;;50
02/10/26;CAIXABANK;PUT;Oct-26;12,50;12.04;22,99;-0,79;;16
02/10/26;CAIXABANK;PUT;Oct-26;13,00;12.04;22,58;-0,97;;10
02/10/26;CAIXABANK;PUT;Oct-26;14,00;12.04;21,75;-1,00;8;2
02/10/26;CAIXABANK;PUT;Nov-26;10,50;12.04;30,37;-0,12;10;11
02/10/26;CAIXABANK;PUT;Nov-26;11,00;12.04;28,42;-0,22;;505
02/10/26;CAIXABANK;PUT;Nov-26;11,50;12.04;26,47;-0,35;1;1
02/10/26;CAIXABANK;PUT;Nov-26;12,00;12.04;24,52;-0,53;;500
02/10/26;CAIXABANK;PUT;Nov-26;14,00;12.04;22,75;-0,98;;1
02/10/26;CAIXABANK;PUT;Dic-26;5,25;12.04;51,09;;;75
02/10/26;CAIXABANK;PUT;Dic-26;6,75;12.04;45,11;;;3
02/10/26;CAIXABANK;PUT;Dic-26;7,25;12.04;43,11;;;1
02/10/26;CAIXABANK;PUT;Dic-26;8,00;12.04;40,12;-0,01;;100
02/10/26;CAIXABANK;PUT;Dic-26;8,25;12.04;39,13;-0,02;;100
02/10/26;CAIXABANK;PUT;Dic-26;8,50;12.04;38,13;-0,02;;102
02/10/26;CAIXABANK;PUT;Dic-26;8,75;12.04;37,13;-0,03;;10
02/10/26;CAIXABANK;PUT;Dic-26;9,00;12.04;36,13;-0,04;;11
02/10/26;CAIXABANK;PUT;Dic-26;9,50;12.04;34,14;-0,06;;2
02/10/26;CAIXABANK;PUT;Dic-26;10,00;12.04;32,15;-0,10;;76
02/10/26;CAIXABANK;PUT;Dic-26;10,50;12.04;30,15;-0,16;1;1.031
02/10/26;CAIXABANK;PUT;Dic-26;11,00;12.04;28,16;-0,25;50;90
02/10/26;CAIXABANK;PUT;Dic-26;11,50;12.04;26,16;-0,37;;6.008
02/10/26;CAIXABANK;PUT;Dic-26;12,00;12.04;24,17;-0,51;;5
02/10/26;CAIXABANK;PUT;Dic-26;12,50;12.04;23,64;-0,66;5;10
02/10/26;CAIXABANK;PUT;Dic-26;13,00;12.04;23,23;-0,79;;42
02/10/26;CAIXABANK;PUT;Dic-26;14,00;12.04;22,40;-0,95;;1
02/10/26;CAIXABANK;PUT;Mar-27;6,00;12.04;43,81;-0,01;;7.675
02/10/26;CAIXABANK;PUT;Mar-27;6,50;12.04;42,19;-0,01;10.000;39.800
02/10/26;CAIXABANK;PUT;Mar-27;8,00;12.04;37,33;-0,04;;1
02/10/26;CAIXABANK;PUT;Mar-27;8,75;12.04;34,90;-0,08;;350
02/10/26;CAIXABANK;PUT;Mar-27;9,75;12.04;31,65;-0,14;;5
02/10/26;CAIXABANK;PUT;Mar-27;10,00;12.04;30,84;-0,17;;32
02/10/26;CAIXABANK;PUT;Mar-27;11,50;12.04;25,98;-0,38;;10
02/10/26;CAIXABANK;PUT;Mar-27;12,00;12.04;24,36;-0,48;;150
02/10/26;CAIXABANK;PUT;Mar-27;12,50;12.04;23,82;-0,59;;8
02/10/26;CAIXABANK;PUT;Jun-27;7,75;12.04;35,58;-0,07;;8.200
02/10/26;CAIXABANK;PUT;Jun-27;10,00;12.04;29,60;-0,23;;4.025
02/10/26;CAIXABANK;PUT;Jun-27;10,50;12.04;28,27;-0,29;;175
02/10/26;CAIXABANK;PUT;Jun-27;11,00;12.04;26,94;-0,36;;25
02/10/26;CAIXABANK;PUT;Jun-27;11,50;12.04;25,61;-0,43;;25
02/10/26;CAIXABANK;PUT;Jun-27;12,00;12.04;24,28;-0,52;;25
02/10/26;CAIXABANK;PUT;Jun-27;12,50;12.04;23,79;-0,60;;151
02/10/26;CAIXABANK;PUT;Jun-27;13,00;12.04;23,36;-0,68;;50
02/10/26;CAIXABANK;PUT;Sep-27;7,75;12.04;33,85;-0,08;10.000;10.000
02/10/26;CAIXABANK;PUT;Sep-27;9,25;12.04;30,36;-0,17;;1
02/10/26;CAIXABANK;PUT;Dic-27;3,50;12.04;41,82;;;1
02/10/26;CAIXABANK;PUT;Dic-27;4,20;12.04;40,31;-0,01;;1
02/10/26;CAIXABANK;PUT;Dic-27;5,50;12.04;37,50;-0,02;;160
02/10/26;CAIXABANK;PUT;Dic-27;5,75;12.04;36,96;-0,03;;1
02/10/26;CAIXABANK;PUT;Dic-27;6,00;12.04;36,42;-0,03;;150
02/10/26;CAIXABANK;PUT;Dic-27;8,00;12.04;32,10;-0,11;;150
02/10/26;CAIXABANK;PUT;Dic-27;8,25;12.04;31,56;-0,12;;225
02/10/26;CAIXABANK;PUT;Dic-27;8,50;12.04;31,02;-0,14;;150
02/10/26;CAIXABANK;PUT;Dic-27;8,75;12.04;30,48;-0,15;;150
02/10/26;CAIXABANK;PUT;Dic-27;9,00;12.04;29,94;-0,17;;150
02/10/26;CAIXABANK;PUT;Dic-27;9,25;12.04;29,40;-0,19;;300
02/10/26;CAIXABANK;PUT;Dic-27;9,50;12.04;28,86;-0,21;;300
02/10/26;CAIXABANK;PUT;Dic-27;9,75;12.04;28,32;-0,23;;300
02/10/26;CAIXABANK;PUT;Dic-27;10,00;12.04;27,78;-0,26;;300
02/10/26;CAIXABANK;PUT;Jun-28;8,50;12.04;29,66;-0,17;;150
02/10/26;CAIXABANK;PUT;Jun-28;9,00;12.04;28,80;-0,21;;150
02/10/26;CAIXABANK;PUT;Jun-28;9,25;12.04;28,37;-0,23;;150
02/10/26;CAIXABANK;PUT;Jun-28;9,50;12.04;27,94;-0,25;;300
02/10/26;CAIXABANK;PUT;Jun-28;9,75;12.04;27,51;-0,27;;150
02/10/26;CAIXABANK;PUT;Jun-28;10,00;12.04;27,08;-0,29;;150
02/10/26;CAIXABANK;PUT;Jun-28;11,00;12.04;25,37;-0,39;;80
02/10/26;CAIXABANK;PUT;Dic-28;4,50;12.04;34,81;-0,02;;15.000
02/10/26;CAIXABANK;PUT;Dic-28;8,75;12.04;29,16;-0,20;;450
02/10/26;CAIXABANK;PUT;Dic-29;5,00;12.04;32,42;-0,05;;16.000
02/10/26;CAIXABANK;CALL;Dic-26;9,00;12.04;37,40;0,95;;10
02/10/26;CAIXABANK;CALL;Dic-26;11,00;12.04;29,43;0,74;;10
02/10/26;CAIXABANK;CALL;Dic-26;12,00;12.04;25,44;0,50;;10
02/10/26;CAIXABANK;CALL;Dic-26;12,50;12.04;24,91;0,36;;10
02/10/26;CAIXABANK;PUT;Nov-26;12,00;12.04;24,52;-0,52;;10
02/10/26;CELLNEX;CALL;Oct-26;23,00;22.63;33,49;0,42;;1
02/10/26;CELLNEX;CALL;Oct-26;24,00;22.63;32,59;0,19;;3
02/10/26;CELLNEX;CALL;Oct-26;25,00;22.63;31,69;0,06;;10
02/10/26;CELLNEX;CALL;Oct-26;26,00;22.63;30,79;0,01;;1
02/10/26;CELLNEX;CALL;Oct-26;27,00;22.63;29,89;;;38
02/10/26;CELLNEX;CALL;Nov-26;24,00;22.63;31,30;0,34;;3
02/10/26;CELLNEX;CALL;Nov-26;27,00;22.63;29,45;0,06;;10
02/10/26;CELLNEX;CALL;Nov-26;28,00;22.63;28,83;0,03;;8
02/10/26;CELLNEX;CALL;Dic-26;18,00;22.63;37,89;0,92;;2
02/10/26;CELLNEX;CALL;Dic-26;20,00;22.63;35,09;0,81;;7
02/10/26;CELLNEX;CALL;Dic-26;21,00;22.63;33,69;0,72;;1
02/10/26;CELLNEX;CALL;Dic-26;24,00;22.63;30,76;0,38;1;17
02/10/26;CELLNEX;CALL;Dic-26;25,00;22.63;30,29;0,27;4;51
02/10/26;CELLNEX;CALL;Dic-26;26,00;22.63;29,82;0,18;1;26
02/10/26;CELLNEX;CALL;Dic-26;27,00;22.63;29,35;0,12;;25
02/10/26;CELLNEX;CALL;Dic-26;28,00;22.63;28,88;0,07;;76
02/10/26;CELLNEX;CALL;Dic-26;29,00;22.63;28,41;0,04;;2.058
02/10/26;CELLNEX;CALL;Dic-26;30,00;22.63;27,94;0,02;;143
02/10/26;CELLNEX;CALL;Dic-26;31,00;22.63;27,46;0,01;;110
02/10/26;CELLNEX;CALL;Dic-26;32,00;22.63;26,99;;;218
02/10/26;CELLNEX;CALL;Dic-26;33,00;22.63;26,52;;;120
02/10/26;CELLNEX;CALL;Dic-26;34,00;22.63;26,05;;;190
02/10/26;CELLNEX;CALL;Dic-26;35,00;22.63;25,58;;;115
02/10/26;CELLNEX;CALL;Dic-26;36,00;22.63;25,11;;;85
02/10/26;CELLNEX;CALL;Dic-26;37,00;22.63;24,64;;;50
02/10/26;CELLNEX;CALL;Dic-26;38,00;22.63;24,17;;;25
02/10/26;CELLNEX;CALL;Dic-26;39,00;22.63;23,69;;;25
02/10/26;CELLNEX;CALL;Dic-26;40,00;22.63;23,22;;;125
02/10/26;CELLNEX;CALL;Dic-26;42,00;22.63;22,28;;;25
02/10/26;CELLNEX;CALL;Dic-26;44,00;22.63;21,34;;;25
02/10/26;CELLNEX;CALL;Dic-26;45,00;22.63;20,87;;;25
02/10/26;CELLNEX;CALL;Dic-26;46,00;22.63;20,85;;;25
02/10/26;CELLNEX;CALL;Mar-27;20,00;22.63;33,07;0,76;;33
02/10/26;CELLNEX;CALL;Mar-27;22,00;22.63;31,31;0,60;;4
02/10/26;CELLNEX;CALL;Mar-27;25,00;22.63;29,81;0,34;;50
02/10/26;CELLNEX;CALL;Mar-27;26,00;22.63;29,41;0,27;;26
02/10/26;CELLNEX;CALL;Mar-27;27,00;22.63;29,01;0,21;;25
02/10/26;CELLNEX;CALL;Mar-27;28,00;22.63;28,61;0,15;;56
02/10/26;CELLNEX;CALL;Mar-27;29,00;22.63;28,22;0,11;;2
02/10/26;CELLNEX;CALL;Mar-27;30,00;22.63;27,82;0,08;;317
02/10/26;CELLNEX;CALL;Mar-27;31,00;22.63;27,42;0,05;;75
02/10/26;CELLNEX;CALL;Mar-27;32,00;22.63;27,02;0,03;;120
02/10/26;CELLNEX;CALL;Mar-27;33,00;22.63;26,63;0,02;;51
02/10/26;CELLNEX;CALL;Mar-27;34,00;22.63;26,23;0,01;;25
02/10/26;CELLNEX;CALL;Mar-27;35,00;22.63;25,83;0,01;;25
02/10/26;CELLNEX;CALL;Jun-27;20,00;22.63;32,62;0,73;;6
02/10/26;CELLNEX;CALL;Jun-27;25,00;22.63;29,89;0,40;;4
02/10/26;CELLNEX;CALL;Jun-27;26,00;22.63;29,52;0,34;;20
02/10/26;CELLNEX;CALL;Jun-27;27,00;22.63;29,15;0,28;;1
02/10/26;CELLNEX;CALL;Jun-27;28,00;22.63;28,78;0,23;;100
02/10/26;CELLNEX;CALL;Jun-27;29,00;22.63;28,41;0,18;;100
02/10/26;CELLNEX;CALL;Jun-27;30,00;22.63;28,05;0,14;;125
02/10/26;CELLNEX;CALL;Jun-27;31,00;22.63;27,68;0,11;;150
02/10/26;CELLNEX;CALL;Jun-27;32,00;22.63;27,31;0,08;;100
02/10/26;CELLNEX;CALL;Jun-27;33,00;22.63;26,94;0,06;;112
02/10/26;CELLNEX;CALL;Jun-27;34,00;22.63;26,57;0,04;;175
02/10/26;CELLNEX;CALL;Jun-27;35,00;22.63;26,20;0,03;;150
02/10/26;CELLNEX;CALL;Jun-27;36,00;22.63;25,84;0,02;;125
02/10/26;CELLNEX;CALL;Jun-27;37,00;22.63;25,47;0,01;;125
02/10/26;CELLNEX;CALL;Jun-27;38,00;22.63;25,10;0,01;;75
02/10/26;CELLNEX;CALL;Jun-27;39,00;22.63;24,73;0,01;;75
02/10/26;CELLNEX;CALL;Jun-27;40,00;22.63;24,36;;;50
02/10/26;CELLNEX;CALL;Jun-27;41,00;22.63;24,00;;;50
02/10/26;CELLNEX;CALL;Jun-27;42,00;22.63;23,63;;;50
02/10/26;CELLNEX;CALL;Jun-27;43,00;22.63;23,26;;;50
02/10/26;CELLNEX;CALL;Jun-27;44,00;22.63;22,89;;;50
02/10/26;CELLNEX;CALL;Jun-27;45,00;22.63;22,52;;;50
02/10/26;CELLNEX;CALL;Jun-27;46,00;22.63;22,51;;;50
02/10/26;CELLNEX;CALL;Jun-27;49,00;22.63;22,51;;;50
02/10/26;CELLNEX;CALL;Jun-27;50,00;22.63;22,51;;;411
02/10/26;CELLNEX;CALL;Sep-27;25,00;22.63;29,78;0,42;;1
02/10/26;CELLNEX;CALL;Sep-27;34,00;22.63;26,20;0,07;;20
02/10/26;CELLNEX;CALL;Sep-27;35,00;22.63;25,80;0,05;;100
02/10/26;CELLNEX;CALL;Sep-27;36,00;22.63;25,40;0,04;;75
02/10/26;CELLNEX;CALL;Sep-27;37,00;22.63;25,01;0,03;;75
02/10/26;CELLNEX;CALL;Sep-27;41,00;22.63;23,41;0,01;;50
02/10/26;CELLNEX;CALL;Dic-27;25,00;22.63;30,18;0,45;;25
02/10/26;CELLNEX;CALL;Dic-27;26,00;22.63;29,84;0,40;;5
02/10/26;CELLNEX;CALL;Dic-27;27,00;22.63;29,50;0,35;;2.500
02/10/26;CELLNEX;CALL;Dic-27;28,00;22.63;29,16;0,31;;7
02/10/26;CELLNEX;CALL;Dic-27;29,00;22.63;28,82;0,26;;1
02/10/26;CELLNEX;CALL;Dic-27;30,00;22.63;28,48;0,23;;115
02/10/26;CELLNEX;CALL;Dic-27;31,00;22.63;28,14;0,19;;75
02/10/26;CELLNEX;CALL;Dic-27;32,00;22.63;27,81;0,16;;51
02/10/26;CELLNEX;CALL;Dic-27;33,00;22.63;27,47;0,13;;25
02/10/26;CELLNEX;CALL;Dic-27;34,00;22.63;27,13;0,11;;74
02/10/26;CELLNEX;CALL;Dic-27;35,00;22.63;26,79;0,09;;50
02/10/26;CELLNEX;CALL;Dic-27;37,00;22.63;26,11;0,06;;25
02/10/26;CELLNEX;CALL;Dic-27;38,00;22.63;25,77;0,04;;570
02/10/26;CELLNEX;CALL;Dic-27;40,00;22.63;25,10;0,03;;48
02/10/26;CELLNEX;CALL;Dic-27;44,00;22.63;23,74;0,01;;25
02/10/26;CELLNEX;CALL;Mar-28;26,00;22.63;30,35;0,42;;3
02/10/26;CELLNEX;CALL;Mar-28;29,00;22.63;29,51;0,29;;11
02/10/26;CELLNEX;CALL;Jun-28;26,00;22.63;30,37;0,44;;4
02/10/26;CELLNEX;CALL;Dic-29;40,00;22.63;29,32;0,20;;1.260
02/10/26;CELLNEX;PUT;Oct-26;20,00;22.63;37,37;-0,04;;1
02/10/26;CELLNEX;PUT;Oct-26;22,00;22.63;34,37;-0,32;;6
02/10/26;CELLNEX;PUT;Oct-26;23,00;22.63;33,09;-0,58;;14
02/10/26;CELLNEX;PUT;Oct-26;24,00;22.63;32,19;-0,81;;43
02/10/26;CELLNEX;PUT;Oct-26;25,00;22.63;31,29;-0,95;;4
02/10/26;CELLNEX;PUT;Nov-26;22,00;22.63;32,72;-0,38;;28
02/10/26;CELLNEX;PUT;Nov-26;23,00;22.63;31,55;-0,52;;33
02/10/26;CELLNEX;PUT;Nov-26;24,00;22.63;30,93;-0,67;;8
02/10/26;CELLNEX;PUT;Dic-26;18,00;22.63;37,07;-0,07;;2.001
02/10/26;CELLNEX;PUT;Dic-26;19,50;22.63;34,97;-0,15;;5
02/10/26;CELLNEX;PUT;Dic-26;20,00;22.63;34,27;-0,19;;20
02/10/26;CELLNEX;PUT;Dic-26;21,00;22.63;32,87;-0,28;;225
02/10/26;CELLNEX;PUT;Dic-26;22,00;22.63;31,47;-0,38;;132
02/10/26;CELLNEX;PUT;Dic-26;23,00;22.63;30,42;-0,51;;466
02/10/26;CELLNEX;PUT;Dic-26;24,00;22.63;29,94;-0,63;;4.568
02/10/26;CELLNEX;PUT;Dic-26;25,00;22.63;29,47;-0,74;;84
02/10/26;CELLNEX;PUT;Dic-26;26,00;22.63;29,00;-0,84;;154
02/10/26;CELLNEX;PUT;Dic-26;27,00;22.63;28,53;-0,91;;68
02/10/26;CELLNEX;PUT;Dic-26;28,00;22.63;28,06;-0,97;;25
02/10/26;CELLNEX;PUT;Dic-26;29,00;22.63;27,59;-1,00;;3
02/10/26;CELLNEX;PUT;Dic-26;30,00;22.63;27,12;-1,00;;1
02/10/26;CELLNEX;PUT;Dic-26;32,00;22.63;26,17;-1,00;;26
02/10/26;CELLNEX;PUT;Mar-27;18,00;22.63;33,54;-0,14;1;1
02/10/26;CELLNEX;PUT;Mar-27;19,50;22.63;32,22;-0,23;;15
02/10/26;CELLNEX;PUT;Mar-27;20,00;22.63;31,77;-0,26;;5
02/10/26;CELLNEX;PUT;Mar-27;21,00;22.63;30,89;-0,34;;14
02/10/26;CELLNEX;PUT;Mar-27;22,00;22.63;30,01;-0,42;;102
02/10/26;CELLNEX;PUT;Mar-27;23,00;22.63;29,30;-0,51;;53
02/10/26;CELLNEX;PUT;Mar-27;24,00;22.63;28,91;-0,60;;2
02/10/26;CELLNEX;PUT;Mar-27;25,00;22.63;28,51;-0,68;;86
02/10/26;CELLNEX;PUT;Mar-27;26,00;22.63;28,11;-0,76;;28
02/10/26;CELLNEX;PUT;Mar-27;27,00;22.63;27,71;-0,82;;117
02/10/26;CELLNEX;PUT;Mar-27;28,00;22.63;27,31;-0,87;;5
02/10/26;CELLNEX;PUT;Mar-27;30,00;22.63;26,52;-0,94;;9
02/10/26;CELLNEX;PUT;Mar-27;31,00;22.63;26,12;-0,97;;2
02/10/26;CELLNEX;PUT;Mar-27;32,00;22.63;25,72;-0,98;;10
02/10/26;CELLNEX;PUT;Mar-27;36,00;22.63;24,13;-1,00;;25
02/10/26;CELLNEX;PUT;Mar-27;37,00;22.63;23,74;-1,00;;25
02/10/26;CELLNEX;PUT;Jun-27;19,50;22.63;31,33;-0,25;;30
02/10/26;CELLNEX;PUT;Jun-27;20,00;22.63;30,98;-0,28;;25
02/10/26;CELLNEX;PUT;Jun-27;20,50;22.63;30,63;-0,31;;10
02/10/26;CELLNEX;PUT;Jun-27;21,00;22.63;30,27;-0,34;;2
02/10/26;CELLNEX;PUT;Jun-27;22,00;22.63;29,57;-0,41;;26
02/10/26;CELLNEX;PUT;Jun-27;23,00;22.63;28,98;-0,49;;25
02/10/26;CELLNEX;PUT;Jun-27;24,00;22.63;28,62;-0,56;;109
02/10/26;CELLNEX;PUT;Jun-27;25,00;22.63;28,25;-0,63;;27
02/10/26;CELLNEX;PUT;Jun-27;26,00;22.63;27,88;-0,70;;1.575
02/10/26;CELLNEX;PUT;Jun-27;27,00;22.63;27,51;-0,77;;80
02/10/26;CELLNEX;PUT;Jun-27;28,00;22.63;27,14;-0,82;;1
02/10/26;CELLNEX;PUT;Jun-27;29,00;22.63;26,77;-0,87;;1
02/10/26;CELLNEX;PUT;Jun-27;30,00;22.63;26,41;-0,90;;25
02/10/26;CELLNEX;PUT;Jun-27;31,00;22.63;26,04;-0,93;;75
02/10/26;CELLNEX;PUT;Jun-27;32,00;22.63;25,67;-0,96;;50
02/10/26;CELLNEX;PUT;Jun-27;33,00;22.63;25,30;-0,97;;50
02/10/26;CELLNEX;PUT;Jun-27;34,00;22.63;24,93;-0,98;;100
02/10/26;CELLNEX;PUT;Jun-27;35,00;22.63;24,56;-0,99;;100
02/10/26;CELLNEX;PUT;Jun-27;36,00;22.63;24,20;-1,00;;125
02/10/26;CELLNEX;PUT;Jun-27;37,00;22.63;23,83;-1,00;;100
02/10/26;CELLNEX;PUT;Jun-27;38,00;22.63;23,46;-1,00;;100
02/10/26;CELLNEX;PUT;Jun-27;39,00;22.63;23,09;-1,00;;25
02/10/26;CELLNEX;PUT;Sep-27;21,00;22.63;28,91;-0,36;2;3
02/10/26;CELLNEX;PUT;Sep-27;22,00;22.63;28,31;-0,42;;3
02/10/26;CELLNEX;PUT;Sep-27;24,00;22.63;27,39;-0,55;;3
02/10/26;CELLNEX;PUT;Sep-27;25,00;22.63;26,99;-0,62;;4
02/10/26;CELLNEX;PUT;Sep-27;27,00;22.63;26,19;-0,73;;2
02/10/26;CELLNEX;PUT;Sep-27;36,00;22.63;22,61;-0,99;;25
02/10/26;CELLNEX;PUT;Sep-27;37,00;22.63;22,22;-1,00;;25
02/10/26;CELLNEX;PUT;Dic-27;21,00;22.63;28,33;-0,36;;1
02/10/26;CELLNEX;PUT;Dic-27;23,00;22.63;27,38;-0,48;;3
02/10/26;CELLNEX;PUT;Dic-27;30,00;22.63;25,01;-0,84;;75
02/10/26;CELLNEX;PUT;Dic-27;31,00;22.63;24,67;-0,87;;50
02/10/26;CELLNEX;PUT;Dic-27;32,00;22.63;24,34;-0,91;;26
02/10/26;CELLNEX;PUT;Dic-27;33,00;22.63;24,00;-0,93;;25
02/10/26;CELLNEX;PUT;Dic-27;34,00;22.63;23,66;-0,96;;25
02/10/26;CELLNEX;PUT;Mar-28;21,00;22.63;28,05;-0,37;;25
02/10/26;CELLNEX;PUT;Mar-28;22,00;22.63;27,62;-0,42;;100
02/10/26;CELLNEX;PUT;Mar-28;24,00;22.63;26,97;-0,53;;100
02/10/26;CELLNEX;PUT;Mar-28;25,00;22.63;26,69;-0,58;;2
02/10/26;CELLNEX;PUT;Jun-28;30,00;22.63;26,03;-0,77;;3
02/10/26;CELLNEX;CALL;Dic-26;28,00;22.63;28,88;0,07;;50
02/10/26;CELLNEX;CALL;Dic-26;29,00;22.63;28,41;0,04;;3
02/10/26;CELLNEX;CALL;Dic-26;32,00;22.63;26,99;;;50
02/10/26;CELLNEX;CALL;Dic-26;35,00;22.63;25,58;;;18
02/10/26;CELLNEX;CALL;Dic-30;30,00;22.63;30,13;0,37;;120
02/10/26;CELLNEX;PUT;Oct-26;25,00;22.63;31,29;-0,94;;3
02/10/26;CELLNEX;PUT;Dic-26;24,00;22.63;29,94;-0,62;;2
02/10/26;CELLNEX;PUT;Dic-26;45,00;22.63;20,05;-0,99;;20
02/10/26;CELLNEX;PUT;Dic-26;46,00;22.63;20,03;-0,99;;40
02/10/26;CELLNEX;PUT;Dic-26;47,00;22.63;20,03;-0,99;;20
02/10/26;CELLNEX;PUT;Mar-27;22,00;22.63;30,01;-0,41;;3
02/10/26;CELLNEX;PUT;Mar-27;24,00;22.63;28,91;-0,58;;2
02/10/26;CELLNEX;PUT;Mar-27;25,00;22.63;28,51;-0,66;;1
02/10/26;CELLNEX;PUT;Jun-27;23,00;22.63;28,98;-0,47;;2
02/10/26;CIE AUTOMOTIVE;CALL;Oct-26;26,00;25.75;19,43;0,42;;5
02/10/26;CIE AUTOMOTIVE;CALL;Nov-26;23,00;25.75;21,38;0,94;;1
02/10/26;CIE AUTOMOTIVE;CALL;Nov-26;26,00;25.75;19,98;0,48;;15
02/10/26;CIE AUTOMOTIVE;CALL;Dic-26;22,00;25.75;21,40;0,96;;4
02/10/26;CIE AUTOMOTIVE;CALL;Dic-26;26,00;25.75;19,61;0,50;;2
02/10/26;CIE AUTOMOTIVE;CALL;Dic-26;27,00;25.75;19,46;0,34;;6
02/10/26;CIE AUTOMOTIVE;CALL;Dic-26;31,00;25.75;18,83;0,02;;2
02/10/26;CIE AUTOMOTIVE;CALL;Mar-27;22,00;25.75;20,78;0,92;;1
02/10/26;CIE AUTOMOTIVE;CALL;Mar-27;24,00;25.75;20,03;0,75;;3
02/10/26;CIE AUTOMOTIVE;CALL;Mar-27;25,00;25.75;19,65;0,63;;2
02/10/26;CIE AUTOMOTIVE;CALL;Mar-27;29,00;25.75;19,08;0,19;;1
02/10/26;CIE AUTOMOTIVE;CALL;Mar-27;30,00;25.75;18,98;0,12;;2
02/10/26;CIE AUTOMOTIVE;CALL;Jun-27;29,00;25.75;19,00;0,25;;43
02/10/26;CIE AUTOMOTIVE;CALL;Sep-27;31,00;25.75;19,30;0,18;;2
02/10/26;CIE AUTOMOTIVE;PUT;Oct-26;24,00;25.75;19,66;-0,03;;1
02/10/26;CIE AUTOMOTIVE;PUT;Oct-26;25,50;25.75;18,92;-0,38;;1
02/10/26;CIE AUTOMOTIVE;PUT;Oct-26;26,00;25.75;18,75;-0,59;;10
02/10/26;CIE AUTOMOTIVE;PUT;Oct-26;28,00;25.75;18,36;-1,00;;8
02/10/26;CIE AUTOMOTIVE;PUT;Nov-26;24,00;25.75;20,11;-0,15;;1
02/10/26;CIE AUTOMOTIVE;PUT;Dic-26;24,00;25.75;20,51;-0,20;;6
02/10/26;CIE AUTOMOTIVE;PUT;Dic-26;25,00;25.75;20,04;-0,34;;3
02/10/26;CIE AUTOMOTIVE;PUT;Dic-26;26,00;25.75;19,65;-0,51;;2
02/10/26;CIE AUTOMOTIVE;PUT;Mar-27;24,00;25.75;19,89;-0,30;;1
02/10/26;CIE AUTOMOTIVE;PUT;Mar-27;26,00;25.75;19,21;-0,54;;10
02/10/26;CIE AUTOMOTIVE;PUT;Mar-27;28,00;25.75;19,03;-0,76;;20
02/10/26;CIE AUTOMOTIVE;PUT;Jun-27;24,00;25.75;19,75;-0,32;;1
02/10/26;COLONIAL;CALL;Nov-26;5,00;4.85;19,18;0,36;;5
02/10/26;COLONIAL;CALL;Dic-26;4,60;4.85;19,57;0,75;;65
02/10/26;COLONIAL;CALL;Dic-26;5,25;4.85;19,05;0,21;;5
02/10/26;COLONIAL;CALL;Dic-26;5,50;4.85;18,86;0,09;;5
02/10/26;COLONIAL;CALL;Dic-26;9,50;4.85;15,83;;;1
02/10/26;COLONIAL;CALL;Mar-27;5,50;4.85;18,50;0,20;;25
02/10/26;COLONIAL;CALL;Mar-27;5,75;4.85;18,31;0,11;;45
02/10/26;COLONIAL;CALL;Mar-27;6,00;4.85;18,12;0,06;;1
02/10/26;COLONIAL;CALL;Jun-27;5,25;4.85;19,49;0,39;;10
02/10/26;COLONIAL;PUT;Oct-26;5,00;4.85;18,37;-0,80;;1
02/10/26;COLONIAL;PUT;Oct-26;5,25;4.85;18,18;-1,00;;11
02/10/26;COLONIAL;PUT;Nov-26;5,00;4.85;18,31;-0,66;;2
02/10/26;COLONIAL;PUT;Nov-26;5,25;4.85;18,12;-0,89;;8
02/10/26;COLONIAL;PUT;Nov-26;5,30;4.85;18,08;-0,92;;2
02/10/26;COLONIAL;PUT;Dic-26;4,00;4.85;19,37;-0,01;;1
02/10/26;COLONIAL;PUT;Dic-26;4,30;4.85;19,10;-0,07;;2.000
02/10/26;COLONIAL;PUT;Dic-26;4,80;4.85;18,65;-0,42;;2
02/10/26;COLONIAL;PUT;Dic-26;4,90;4.85;18,57;-0,52;;2
02/10/26;COLONIAL;PUT;Dic-26;5,00;4.85;18,50;-0,61;2;134
02/10/26;COLONIAL;PUT;Dic-26;5,25;4.85;18,31;-0,82;;985
02/10/26;COLONIAL;PUT;Dic-26;5,50;4.85;18,12;-0,96;;106
02/10/26;COLONIAL;PUT;Mar-27;4,60;4.85;18,87;-0,29;10;110
02/10/26;COLONIAL;PUT;Mar-27;4,70;4.85;18,81;-0,35;;2
02/10/26;COLONIAL;PUT;Mar-27;4,80;4.85;18,76;-0,42;;1
02/10/26;COLONIAL;PUT;Mar-27;4,90;4.85;18,69;-0,49;;1
02/10/26;COLONIAL;PUT;Mar-27;5,00;4.85;18,62;-0,55;;141
02/10/26;COLONIAL;PUT;Mar-27;5,25;4.85;18,43;-0,72;;202
02/10/26;COLONIAL;PUT;Mar-27;5,50;4.85;18,24;-0,85;;304
02/10/26;COLONIAL;PUT;Jun-27;5,00;4.85;19,69;-0,52;;10
02/10/26;COLONIAL;PUT;Jun-27;5,30;4.85;19,46;-0,67;;253
02/10/26;COLONIAL;PUT;Jun-27;5,50;4.85;19,31;-0,77;;141
02/10/26;EBRO FOODS;CALL;Nov-26;18,50;17.92;13,12;0,29;;1
02/10/26;EBRO FOODS;CALL;Dic-26;18,00;17.92;13,39;0,52;;1
02/10/26;EBRO FOODS;CALL;Dic-26;18,50;17.92;13,12;0,34;;1
02/10/26;EBRO FOODS;CALL;Mar-27;18,50;17.92;12,93;0,43;;1
02/10/26;EBRO FOODS;CALL;Jun-27;18,00;17.92;13,59;0,55;;1
02/10/26;EBRO FOODS;PUT;Oct-26;17,00;17.92;13,34;-0,02;;1
02/10/26;EBRO FOODS;PUT;Dic-26;17,50;17.92;13,21;-0,31;;4
02/10/26;EBRO FOODS;PUT;Jun-27;18,00;17.92;13,39;-0,49;;8
02/10/26;ENAGAS;CALL;Oct-26;16,50;16.67;25,02;0,60;;2
02/10/26;ENAGAS;CALL;Oct-26;17,00;16.67;24,28;0,36;;23
02/10/26;ENAGAS;CALL;Oct-26;17,50;16.67;23,64;0,16;;9
02/10/26;ENAGAS;CALL;Oct-26;18,00;16.67;23,00;0,05;;7
02/10/26;ENAGAS;CALL;Oct-26;19,00;16.67;21,72;;;1
02/10/26;ENAGAS;CALL;Nov-26;17,50;16.67;22,21;0,30;2;3
02/10/26;ENAGAS;CALL;Nov-26;18,00;16.67;21,59;0,19;;47
02/10/26;ENAGAS;CALL;Dic-26;15,50;16.67;25,27;0,77;;25
02/10/26;ENAGAS;CALL;Dic-26;16,00;16.67;24,39;0,68;;419
02/10/26;ENAGAS;CALL;Dic-26;17,00;16.67;22,87;0,47;;63
02/10/26;ENAGAS;CALL;Dic-26;17,50;16.67;22,35;0,36;;48
02/10/26;ENAGAS;CALL;Dic-26;18,00;16.67;21,83;0,26;;89
02/10/26;ENAGAS;CALL;Dic-26;18,50;16.67;21,31;0,17;;60
02/10/26;ENAGAS;CALL;Dic-26;19,00;16.67;20,79;0,10;;146
02/10/26;ENAGAS;CALL;Dic-26;19,50;16.67;20,27;0,06;;123
02/10/26;ENAGAS;CALL;Dic-26;20,00;16.67;19,75;0,03;;27
02/10/26;ENAGAS;CALL;Mar-27;15,50;16.67;23,24;0,73;;301
02/10/26;ENAGAS;CALL;Mar-27;16,00;16.67;22,58;0,65;;32
02/10/26;ENAGAS;CALL;Mar-27;17,00;16.67;21,48;0,46;;56
02/10/26;ENAGAS;CALL;Mar-27;17,50;16.67;21,14;0,38;;134
02/10/26;ENAGAS;CALL;Mar-27;18,00;16.67;20,80;0,30;;241
02/10/26;ENAGAS;CALL;Mar-27;18,50;16.67;20,46;0,23;;3
02/10/26;ENAGAS;CALL;Mar-27;19,00;16.67;20,12;0,16;;63
02/10/26;ENAGAS;CALL;Mar-27;19,50;16.67;19,78;0,12;;10
02/10/26;ENAGAS;CALL;Mar-27;20,00;16.67;19,44;0,08;;98
02/10/26;ENAGAS;CALL;Jun-27;16,00;16.67;23,19;0,62;;10
02/10/26;ENAGAS;CALL;Jun-27;16,50;16.67;22,57;0,55;;5
02/10/26;ENAGAS;CALL;Jun-27;18,00;16.67;21,59;0,36;;26
02/10/26;ENAGAS;CALL;Jun-27;19,50;16.67;20,72;0,20;;2
02/10/26;ENAGAS;CALL;Jun-27;20,00;16.67;20,43;0,16;;5
02/10/26;ENAGAS;CALL;Sep-27;20,00;16.67;21,65;0,19;;29
02/10/26;ENAGAS;CALL;Sep-27;20,50;16.67;21,40;0,16;;2
02/10/26;ENAGAS;CALL;Dic-27;15,00;16.67;25,67;0,70;;1
02/10/26;ENAGAS;CALL;Dic-27;16,00;16.67;24,51;0,60;;26
02/10/26;ENAGAS;CALL;Dic-27;19,50;16.67;22,54;0,27;;2
02/10/26;ENAGAS;CALL;Dic-27;20,00;16.67;22,33;0,24;;1
02/10/26;ENAGAS;CALL;Dic-27;20,50;16.67;22,12;0,20;;1
02/10/26;ENAGAS;CALL;Dic-27;21,00;16.67;21,91;0,17;;10
02/10/26;ENAGAS;CALL;Jun-28;18,00;16.67;21,50;0,40;;1
02/10/26;ENAGAS;CALL;Dic-28;16,00;16.67;20,65;0,59;;1
02/10/26;ENAGAS;PUT;Oct-26;15,50;16.67;27,24;-0,08;;1
02/10/26;ENAGAS;PUT;Oct-26;16,00;16.67;26,30;-0,20;;24
02/10/26;ENAGAS;PUT;Oct-26;16,50;16.67;25,36;-0,40;;29
02/10/26;ENAGAS;PUT;Oct-26;17,00;16.67;24,62;-0,64;11;12
02/10/26;ENAGAS;PUT;Oct-26;18,00;16.67;23,34;-0,96;;1
02/10/26;ENAGAS;PUT;Nov-26;15,00;16.67;27,76;-0,13;;3
02/10/26;ENAGAS;PUT;Nov-26;15,50;16.67;26,83;-0,21;;1
02/10/26;ENAGAS;PUT;Nov-26;16,00;16.67;25,90;-0,31;;44
02/10/26;ENAGAS;PUT;Nov-26;16,50;16.67;24,97;-0,43;;1
02/10/26;ENAGAS;PUT;Dic-26;12,50;16.67;33,88;-0,03;;2
02/10/26;ENAGAS;PUT;Dic-26;13,00;16.67;33,00;-0,04;;227
02/10/26;ENAGAS;PUT;Dic-26;13,50;16.67;32,12;-0,06;;51
02/10/26;ENAGAS;PUT;Dic-26;14,00;16.67;31,24;-0,09;;280
02/10/26;ENAGAS;PUT;Dic-26;14,50;16.67;30,36;-0,14;;126
02/10/26;ENAGAS;PUT;Dic-26;15,00;16.67;29,48;-0,19;;611
02/10/26;ENAGAS;PUT;Dic-26;15,50;16.67;28,60;-0,26;;38
02/10/26;ENAGAS;PUT;Dic-26;16,00;16.67;27,72;-0,34;;41
02/10/26;ENAGAS;PUT;Dic-26;16,50;16.67;26,84;-0,43;;62
02/10/26;ENAGAS;PUT;Dic-26;17,00;16.67;26,20;-0,53;;26
02/10/26;ENAGAS;PUT;Dic-26;17,50;16.67;25,68;-0,63;;26
02/10/26;ENAGAS;PUT;Mar-27;12,00;16.67;27,15;-0,04;;1
02/10/26;ENAGAS;PUT;Mar-27;13,00;16.67;25,83;-0,08;;25
02/10/26;ENAGAS;PUT;Mar-27;14,00;16.67;24,51;-0,15;;234
02/10/26;ENAGAS;PUT;Mar-27;14,50;16.67;23,85;-0,20;;56
02/10/26;ENAGAS;PUT;Mar-27;15,00;16.67;23,19;-0,26;;40
02/10/26;ENAGAS;PUT;Mar-27;15,50;16.67;22,53;-0,32;;4
02/10/26;ENAGAS;PUT;Mar-27;16,00;16.67;21,87;-0,40;;541
02/10/26;ENAGAS;PUT;Mar-27;16,50;16.67;21,21;-0,49;;27
02/10/26;ENAGAS;PUT;Mar-27;17,00;16.67;20,77;-0,58;;36
02/10/26;ENAGAS;PUT;Jun-27;15,00;16.67;22,82;-0,28;;5
02/10/26;ENAGAS;PUT;Jun-27;16,50;16.67;20,96;-0,47;;5
02/10/26;ENAGAS;PUT;Jun-27;17,00;16.67;20,56;-0,55;;52
02/10/26;ENAGAS;PUT;Jun-27;17,50;16.67;20,27;-0,62;;28
02/10/26;ENAGAS;PUT;Sep-27;12,50;16.67;25,85;-0,13;;470
02/10/26;ENAGAS;PUT;Sep-27;13,00;16.67;25,26;-0,16;;75
02/10/26;ENAGAS;PUT;Sep-27;13,50;16.67;24,67;-0,20;;1
02/10/26;ENAGAS;PUT;Sep-27;14,00;16.67;24,08;-0,24;;25
02/10/26;ENAGAS;PUT;Sep-27;17,00;16.67;20,77;-0,58;;25
02/10/26;ENAGAS;PUT;Dic-27;11,00;16.67;27,18;-0,07;;4.100
02/10/26;ENAGAS;PUT;Dic-27;14,00;16.67;23,70;-0,25;;1
02/10/26;ENAGAS;PUT;Mar-28;12,00;16.67;24,24;-0,13;;75
02/10/26;ENAGAS;PUT;Mar-28;14,50;16.67;21,54;-0,32;;173
02/10/26;ENAGAS;PUT;Mar-28;15,50;16.67;20,46;-0,41;;25
02/10/26;ENAGAS;PUT;Mar-28;16,00;16.67;19,92;-0,47;;50
02/10/26;ENAGAS;PUT;Mar-28;16,50;16.67;19,38;-0,52;;25
02/10/26;ENAGAS;PUT;Jun-28;15,00;16.67;19,96;-0,36;;10
02/10/26;ENAGAS;PUT;Jun-28;16,00;16.67;18,94;-0,46;;25
02/10/26;ENAGAS;PUT;Jun-28;16,50;16.67;18,43;-0,52;;25
02/10/26;ENAGAS;PUT;Jun-28;18,00;16.67;17,89;-0,67;;141
02/10/26;ENAGAS;CALL;Dic-26;16,50;16.67;23,51;0,58;;25
02/10/26;ENAGAS;CALL;Dic-26;17,00;16.67;22,87;0,46;;125
02/10/26;ENAGAS;CALL;Dic-26;17,50;16.67;22,35;0,35;;50
02/10/26;ENAGAS;CALL;Dic-26;18,00;16.67;21,83;0,25;;25
02/10/26;ENAGAS;CALL;Mar-27;19,00;16.67;20,12;0,16;;125
02/10/26;ENAGAS;CALL;Jun-27;19,50;16.67;20,72;0,20;;50
02/10/26;ENAGAS;PUT;Oct-26;16,00;16.67;26,30;-0,20;;1
02/10/26;ENAGAS;PUT;Oct-26;16,50;16.67;25,36;-0,40;;5
02/10/26;ENAGAS;PUT;Oct-26;17,00;16.67;24,62;-0,64;;16
02/10/26;ENAGAS;PUT;Nov-26;15,50;16.67;26,83;-0,21;;2
02/10/26;ENAGAS;PUT;Dic-26;13,00;16.67;33,00;-0,04;;25
02/10/26;ENAGAS;PUT;Dic-26;13,50;16.67;32,12;-0,06;;75
02/10/26;ENAGAS;PUT;Dic-26;14,00;16.67;31,24;-0,09;;25
02/10/26;ENAGAS;PUT;Dic-26;15,50;16.67;28,60;-0,25;;5
02/10/26;ENAGAS;PUT;Dic-26;16,50;16.67;26,84;-0,42;;10
02/10/26;ENAGAS;PUT;Dic-26;17,00;16.67;26,20;-0,52;;10
02/10/26;ENAGAS;PUT;Mar-27;14,50;16.67;23,85;-0,19;;50
02/10/26;ENAGAS;PUT;Mar-27;15,00;16.67;23,19;-0,25;;1
02/10/26;ENAGAS;PUT;Mar-27;15,50;16.67;22,53;-0,31;;9
02/10/26;ENAGAS;PUT;Jun-27;15,50;16.67;22,20;-0,32;;6
02/10/26;ENCE;CALL;Mar-27;2,00;2.22;24,06;0,77;;13
02/10/26;ENCE;CALL;Mar-27;2,10;2.22;23,94;0,65;;4
02/10/26;ENCE;CALL;Jun-27;2,40;2.22;23,14;0,35;;10
02/10/26;ENCE;CALL;Mar-28;2,00;2.22;27,84;0,68;;4
02/10/26;ENCE;PUT;Nov-26;2,50;2.22;14,46;-1,00;;8
02/10/26;ENCE;PUT;Dic-26;2,30;2.22;14,79;-0,79;5;5
02/10/26;ENCE;PUT;Jun-27;2,70;2.22;24,75;-0,84;;5
02/10/26;ENDESA;CALL;Oct-26;43,00;41.94;17,58;0,25;;12
02/10/26;ENDESA;CALL;Oct-26;44,00;41.94;17,44;0,09;;3
02/10/26;ENDESA;CALL;Nov-26;44,00;41.94;18,90;0,27;3;16
02/10/26;ENDESA;CALL;Nov-26;45,00;41.94;18,77;0,17;;1
02/10/26;ENDESA;CALL;Dic-26;24,00;41.94;34,61;1,00;;2
02/10/26;ENDESA;CALL;Dic-26;35,00;41.94;25,17;0,95;;10
02/10/26;ENDESA;CALL;Dic-26;36,00;41.94;24,31;0,93;;10
02/10/26;ENDESA;CALL;Dic-26;37,00;41.94;23,45;0,90;;4
02/10/26;ENDESA;CALL;Dic-26;38,00;41.94;22,59;0,85;;4
02/10/26;ENDESA;CALL;Dic-26;39,00;41.94;21,73;0,80;;10
02/10/26;ENDESA;CALL;Dic-26;40,00;41.94;20,88;0,72;;19
02/10/26;ENDESA;CALL;Dic-26;41,00;41.94;20,02;0,64;;1
02/10/26;ENDESA;CALL;Dic-26;42,00;41.94;19,20;0,53;;6
02/10/26;ENDESA;CALL;Dic-26;43,00;41.94;19,12;0,43;;5
02/10/26;ENDESA;CALL;Dic-26;44,00;41.94;19,03;0,33;;10
02/10/26;ENDESA;CALL;Dic-26;45,00;41.94;18,94;0,24;;16
02/10/26;ENDESA;CALL;Dic-26;46,00;41.94;18,86;0,17;;10
02/10/26;ENDESA;CALL;Dic-26;47,00;41.94;18,77;0,11;;20
02/10/26;ENDESA;CALL;Dic-26;48,00;41.94;18,68;0,07;;15
02/10/26;ENDESA;CALL;Mar-27;32,00;41.94;28,41;0,95;;1
02/10/26;ENDESA;CALL;Mar-27;34,00;41.94;26,68;0,92;;150
02/10/26;ENDESA;CALL;Mar-27;40,00;41.94;21,48;0,67;;1
02/10/26;ENDESA;CALL;Mar-27;41,00;41.94;20,61;0,60;;3
02/10/26;ENDESA;CALL;Mar-27;43,00;41.94;19,72;0,46;;5
02/10/26;ENDESA;CALL;Mar-27;44,00;41.94;19,65;0,39;;2
02/10/26;ENDESA;CALL;Mar-27;45,00;41.94;19,58;0,32;;1
02/10/26;ENDESA;CALL;Mar-27;50,00;41.94;19,22;0,10;;1
02/10/26;ENDESA;CALL;Mar-27;54,00;41.94;18,94;0,03;;38
02/10/26;ENDESA;CALL;Mar-27;56,00;41.94;18,79;0,01;;15
02/10/26;ENDESA;CALL;Jun-27;25,00;41.94;32,72;0,99;;1
02/10/26;ENDESA;CALL;Jun-27;27,00;41.94;31,22;0,98;;2
02/10/26;ENDESA;CALL;Jun-27;32,00;41.94;27,49;0,91;;294
02/10/26;ENDESA;CALL;Jun-27;33,00;41.94;26,74;0,89;;291
02/10/26;ENDESA;CALL;Jun-27;37,00;41.94;23,75;0,78;;1
02/10/26;ENDESA;CALL;Jun-27;38,00;41.94;23,00;0,74;;1
02/10/26;ENDESA;CALL;Jun-27;41,00;41.94;20,76;0,60;;2
02/10/26;ENDESA;CALL;Jun-27;42,00;41.94;20,05;0,55;;2
02/10/26;ENDESA;CALL;Jun-27;44,00;41.94;19,88;0,44;;40
02/10/26;ENDESA;CALL;Jun-27;46,00;41.94;19,71;0,33;;50
02/10/26;ENDESA;CALL;Jun-27;48,00;41.94;19,53;0,24;;5
02/10/26;ENDESA;CALL;Jun-27;54,00;41.94;19,01;0,07;;155
02/10/26;ENDESA;CALL;Jun-27;56,00;41.94;18,83;0,04;;410
02/10/26;ENDESA;CALL;Sep-27;43,00;41.94;20,82;0,50;;75
02/10/26;ENDESA;CALL;Sep-27;44,00;41.94;20,71;0,45;;150
02/10/26;ENDESA;CALL;Sep-27;45,00;41.94;20,60;0,40;;1
02/10/26;ENDESA;CALL;Sep-27;49,00;41.94;20,15;0,24;;7
02/10/26;ENDESA;CALL;Dic-27;29,00;41.94;29,54;0,93;;1
02/10/26;ENDESA;CALL;Dic-27;31,00;41.94;28,27;0,90;;1
02/10/26;ENDESA;CALL;Dic-27;34,00;41.94;26,36;0,83;;1
02/10/26;ENDESA;CALL;Dic-27;40,00;41.94;22,54;0,63;;26
02/10/26;ENDESA;CALL;Dic-27;50,00;41.94;20,54;0,25;;2
02/10/26;ENDESA;CALL;Mar-28;40,00;41.94;22,53;0,63;;25
02/10/26;ENDESA;CALL;Mar-28;44,00;41.94;21,18;0,47;;20
02/10/26;ENDESA;CALL;Mar-28;45,00;41.94;21,09;0,43;;1.215
02/10/26;ENDESA;CALL;Mar-28;46,00;41.94;21,01;0,40;;85
02/10/26;ENDESA;CALL;Mar-28;47,00;41.94;20,92;0,36;;795
02/10/26;ENDESA;CALL;Mar-28;48,00;41.94;20,83;0,33;;290
02/10/26;ENDESA;CALL;Mar-28;49,00;41.94;20,74;0,30;;85
02/10/26;ENDESA;CALL;Mar-28;50,00;41.94;20,66;0,27;;75
02/10/26;ENDESA;CALL;Mar-28;56,00;41.94;20,13;0,13;37;8
02/10/26;ENDESA;CALL;Jun-28;46,00;41.94;21,12;0,42;;10
02/10/26;ENDESA;CALL;Mar-29;42,00;41.94;20,75;0,56;;5
02/10/26;ENDESA;CALL;Mar-29;43,00;41.94;20,72;0,52;;5
02/10/26;ENDESA;CALL;Mar-29;44,00;41.94;20,68;0,49;;5
02/10/26;ENDESA;PUT;Oct-26;40,00;41.94;19,87;-0,10;;1
02/10/26;ENDESA;PUT;Oct-26;41,00;41.94;18,89;-0,26;;10
02/10/26;ENDESA;PUT;Oct-26;43,00;41.94;17,83;-0,75;;1
02/10/26;ENDESA;PUT;Nov-26;40,00;41.94;20,73;-0,24;;10
02/10/26;ENDESA;PUT;Dic-26;19,00;41.94;38,71;;;15
02/10/26;ENDESA;PUT;Dic-26;28,00;41.94;30,99;;;25
02/10/26;ENDESA;PUT;Dic-26;30,00;41.94;29,27;;;10
02/10/26;ENDESA;PUT;Dic-26;32,00;41.94;27,55;-0,01;;10
02/10/26;ENDESA;PUT;Dic-26;33,00;41.94;26,69;-0,02;;35
02/10/26;ENDESA;PUT;Dic-26;34,00;41.94;25,84;-0,03;;1
02/10/26;ENDESA;PUT;Dic-26;35,00;41.94;24,98;-0,05;;10
02/10/26;ENDESA;PUT;Dic-26;37,00;41.94;23,26;-0,10;;10
02/10/26;ENDESA;PUT;Dic-26;38,00;41.94;22,40;-0,15;4;8
02/10/26;ENDESA;PUT;Dic-26;39,00;41.94;21,54;-0,20;;10
02/10/26;ENDESA;PUT;Dic-26;40,00;41.94;20,69;-0,28;;160
02/10/26;ENDESA;PUT;Mar-27;37,00;41.94;22,67;-0,19;;10
02/10/26;ENDESA;PUT;Mar-27;39,00;41.94;20,94;-0,29;;10
02/10/26;ENDESA;PUT;Jun-27;15,50;41.94;38,53;;;5
02/10/26;ENDESA;PUT;Jun-27;22,00;41.94;33,68;-0,01;;10
02/10/26;ENDESA;PUT;Jun-27;33,00;41.94;25,46;-0,11;;3
02/10/26;ENDESA;PUT;Jun-27;37,00;41.94;22,47;-0,22;;3
02/10/26;ENDESA;PUT;Jun-27;38,00;41.94;21,72;-0,26;;4
02/10/26;ENDESA;PUT;Dic-27;17,50;41.94;33,86;-0,01;;1
02/10/26;ENDESA;PUT;Dic-27;27,00;41.94;27,82;-0,06;;1
02/10/26;ENDESA;PUT;Dic-27;30,00;41.94;25,91;-0,10;;5
02/10/26;ENDESA;PUT;Dic-27;31,00;41.94;25,28;-0,12;;30
02/10/26;ENDESA;PUT;Dic-27;32,00;41.94;24,64;-0,14;;5
02/10/26;ENDESA;PUT;Dic-27;34,00;41.94;23,37;-0,18;;5
02/10/26;ENDESA;PUT;Dic-27;44,00;41.94;18,12;-0,60;;15
02/10/26;ENDESA;PUT;Mar-28;22,00;41.94;30,31;-0,03;;150
02/10/26;ENDESA;PUT;Mar-28;24,00;41.94;29,11;-0,04;;150
02/10/26;ENDESA;PUT;Mar-28;26,00;41.94;27,90;-0,06;;150
02/10/26;ENDESA;PUT;Mar-28;27,00;41.94;27,29;-0,07;;150
02/10/26;ENDESA;PUT;Mar-28;28,00;41.94;26,69;-0,08;;150
02/10/26;ENDESA;PUT;Jun-28;25,00;41.94;28,10;-0,06;;150
02/10/26;ENDESA;PUT;Jun-28;26,00;41.94;27,53;-0,07;;150
02/10/26;ENDESA;PUT;Jun-28;27,00;41.94;26,96;-0,08;;293
02/10/26;ENDESA;PUT;Jun-28;29,00;41.94;25,81;-0,11;;143
02/10/26;ENDESA;PUT;Jun-28;30,00;41.94;25,24;-0,12;;143
02/10/26;ENDESA;PUT;Jun-28;31,00;41.94;24,67;-0,14;;142
02/10/26;ENDESA;PUT;Jun-28;32,00;41.94;24,10;-0,16;;142
02/10/26;ENDESA;PUT;Jun-28;33,00;41.94;23,53;-0,18;;142
02/10/26;ENDESA;PUT;Dic-28;31,00;41.94;23,50;-0,17;;16
02/10/26;ENDESA;CALL;Oct-26;42,00;41.94;17,71;0,50;;1
02/10/26;ENDESA;CALL;Oct-26;44,00;41.94;17,44;0,09;;2
02/10/26;ENDESA;CALL;Nov-26;43,00;41.94;19,04;0,39;;10
02/10/26;ENDESA;CALL;Nov-26;44,00;41.94;18,90;0,27;;10
02/10/26;ENDESA;CALL;Nov-26;46,00;41.94;18,63;0,10;;3
02/10/26;ENDESA;CALL;Dic-26;33,00;41.94;26,88;0,97;;10
02/10/26;ENDESA;CALL;Dic-26;40,00;41.94;20,88;0,72;;10
02/10/26;ENDESA;CALL;Dic-26;42,00;41.94;19,20;0,53;;10
02/10/26;ENDESA;CALL;Mar-27;37,00;41.94;24,08;0,79;;10
02/10/26;ENDESA;CALL;Mar-29;38,00;41.94;22,50;0,61;;25
02/10/26;ENDESA;CALL;Mar-29;39,00;41.94;22,06;0,58;;25
02/10/26;ENDESA;CALL;Mar-29;40,00;41.94;21,61;0,55;;25
02/10/26;ENDESA;CALL;Mar-29;41,00;41.94;21,17;0,53;;25
02/10/26;ENDESA;CALL;Mar-29;42,00;41.94;20,75;0,50;;25
02/10/26;ENDESA;CALL;Mar-29;43,00;41.94;20,72;0,47;;25
02/10/26;ENDESA;CALL;Mar-29;44,00;41.94;20,68;0,44;;25
02/10/26;ENDESA;CALL;Mar-29;45,00;41.94;20,65;0,42;;25
02/10/26;ENDESA;PUT;Oct-26;40,00;41.94;19,87;-0,11;;10
02/10/26;ENDESA;PUT;Oct-26;41,00;41.94;18,89;-0,26;;10
02/10/26;ENDESA;PUT;Nov-26;40,00;41.94;20,73;-0,24;;10
02/10/26;ENDESA;PUT;Nov-26;41,00;41.94;19,75;-0,35;;10
02/10/26;ENDESA;PUT;Dic-26;32,00;41.94;27,55;-0,01;;8
02/10/26;ENDESA;PUT;Dic-26;36,00;41.94;24,12;-0,07;;10
02/10/26;ENDESA;PUT;Dic-26;39,00;41.94;21,54;-0,20;;30
02/10/26;ENDESA;PUT;Dic-26;40,00;41.94;20,69;-0,27;;10
02/10/26;FCC;CALL;Jun-27;11,00;10.4;17,09;0,43;;1
02/10/26;FCC;CALL;Sep-27;10,00;10.4;19,39;0,68;;1
02/10/26;FCC;CALL;Dic-27;16,50;10.4;17,01;;;1
02/10/26;FCC;CALL;Jun-28;11,50;10.4;22,90;0,41;;200
02/10/26;FCC;PUT;Oct-26;11,00;10.4;17,52;-0,96;1;1
02/10/26;FCC;PUT;Dic-26;10,50;10.4;18,90;-0,51;;20
02/10/26;FCC;PUT;Dic-26;11,00;10.4;17,63;-0,74;;3
02/10/26;FCC;PUT;Mar-27;9,50;10.4;19,85;-0,21;;257
02/10/26;FCC;PUT;Mar-27;10,00;10.4;19,43;-0,33;;250
02/10/26;FCC;PUT;Mar-27;10,50;10.4;18,91;-0,48;;482
02/10/26;FCC;PUT;Mar-27;11,00;10.4;17,98;-0,64;;224
02/10/26;FCC;PUT;Jun-27;10,00;10.4;19,92;-0,35;;1
02/10/26;FCC;PUT;Jun-27;10,50;10.4;19,63;-0,46;;9
02/10/26;FCC;PUT;Jun-27;11,50;10.4;18,45;-0,72;;3
02/10/26;FCC;PUT;Jun-27;12,00;10.4;17,85;-0,84;;417
02/10/26;FCC;PUT;Sep-27;11,00;10.4;19,05;-0,68;;226
02/10/26;FERROVIAL;CALL;Oct-26;46,00;47.47;31,43;0,71;;4
02/10/26;FERROVIAL;CALL;Oct-26;48,00;47.47;29,47;0,44;;2.000
02/10/26;FERROVIAL;CALL;Oct-26;49,00;47.47;28,93;0,30;;4
02/10/26;FERROVIAL;CALL;Oct-26;50,00;47.47;28,39;0,19;;4
02/10/26;FERROVIAL;CALL;Oct-26;54,00;47.47;26,23;0,01;;4
02/10/26;FERROVIAL;CALL;Oct-26;56,00;47.47;25,15;;;9
02/10/26;FERROVIAL;CALL;Nov-26;52,00;47.47;26,95;0,18;;2
02/10/26;FERROVIAL;CALL;Nov-26;54,00;47.47;25,90;0,09;;2
02/10/26;FERROVIAL;CALL;Nov-26;56,00;47.47;24,85;0,03;;50
02/10/26;FERROVIAL;CALL;Nov-26;60,00;47.47;22,74;;;1
02/10/26;FERROVIAL;CALL;Dic-26;45,00;47.47;30,57;0,68;;8
02/10/26;FERROVIAL;CALL;Dic-26;47,00;47.47;28,51;0,55;;1
02/10/26;FERROVIAL;CALL;Dic-26;50,00;47.47;27,13;0,35;;4.000
02/10/26;FERROVIAL;CALL;Dic-26;52,00;47.47;26,43;0,23;;26
02/10/26;FERROVIAL;CALL;Dic-26;54,00;47.47;25,73;0,14;;25
02/10/26;FERROVIAL;CALL;Dic-26;56,00;47.47;25,03;0,08;;54
02/10/26;FERROVIAL;CALL;Dic-26;58,00;47.47;24,32;0,04;;26
02/10/26;FERROVIAL;CALL;Dic-26;60,00;47.47;23,62;0,02;;3.025
02/10/26;FERROVIAL;CALL;Dic-26;64,00;47.47;22,22;;;5
02/10/26;FERROVIAL;CALL;Dic-26;66,00;47.47;21,51;;;5
02/10/26;FERROVIAL;CALL;Dic-26;68,00;47.47;20,81;;;235
02/10/26;FERROVIAL;CALL;Dic-26;70,00;47.47;20,11;;;25
02/10/26;FERROVIAL;CALL;Mar-27;45,00;47.47;27,74;0,65;;54
02/10/26;FERROVIAL;CALL;Mar-27;50,00;47.47;25,51;0,42;;102
02/10/26;FERROVIAL;CALL;Mar-27;52,00;47.47;25,19;0,33;;15
02/10/26;FERROVIAL;CALL;Mar-27;58,00;47.47;24,22;0,13;;25
02/10/26;FERROVIAL;CALL;Mar-27;62,00;47.47;23,57;0,06;;25
02/10/26;FERROVIAL;CALL;Jun-27;58,00;47.47;24,29;0,20;;1
02/10/26;FERROVIAL;CALL;Sep-27;44,00;47.47;27,83;0,68;;25
02/10/26;FERROVIAL;CALL;Sep-27;50,00;47.47;25,57;0,49;;25
02/10/26;FERROVIAL;CALL;Sep-27;52,00;47.47;25,31;0,42;;25
02/10/26;FERROVIAL;CALL;Sep-27;56,00;47.47;24,77;0,31;;25
02/10/26;FERROVIAL;CALL;Dic-27;50,00;47.47;25,63;0,50;;25
02/10/26;FERROVIAL;CALL;Dic-27;60,00;47.47;24,23;0,24;;25
02/10/26;FERROVIAL;CALL;Dic-27;70,00;47.47;22,83;0,08;;25
02/10/26;FERROVIAL;CALL;Mar-28;52,00;47.47;25,43;0,46;;25
02/10/26;FERROVIAL;CALL;Mar-28;54,00;47.47;25,16;0,41;;50
02/10/26;FERROVIAL;CALL;Mar-28;60,00;47.47;24,36;0,27;;25
02/10/26;FERROVIAL;CALL;Mar-28;66,00;47.47;23,56;0,17;;25
02/10/26;FERROVIAL;CALL;Mar-28;68,00;47.47;23,29;0,14;;1
02/10/26;FERROVIAL;CALL;Jun-28;50,00;47.47;25,78;0,53;;50
02/10/26;FERROVIAL;CALL;Jun-28;56,00;47.47;25,02;0,39;;50
02/10/26;FERROVIAL;CALL;Jun-28;58,00;47.47;24,77;0,35;;25
02/10/26;FERROVIAL;CALL;Dic-28;50,00;47.47;26,20;0,55;;3.000
02/10/26;FERROVIAL;PUT;Oct-26;44,00;47.47;32,68;-0,11;;3
02/10/26;FERROVIAL;PUT;Oct-26;45,00;47.47;31,54;-0,18;;4
02/10/26;FERROVIAL;PUT;Oct-26;46,00;47.47;30,40;-0,28;;5
02/10/26;FERROVIAL;PUT;Oct-26;47,00;47.47;29,26;-0,42;;50
02/10/26;FERROVIAL;PUT;Oct-26;48,00;47.47;28,44;-0,56;;10
02/10/26;FERROVIAL;PUT;Oct-26;49,00;47.47;27,90;-0,71;;17
02/10/26;FERROVIAL;PUT;Nov-26;40,00;47.47;36,22;-0,10;;1
02/10/26;FERROVIAL;PUT;Nov-26;41,00;47.47;35,08;-0,13;2;6
02/10/26;FERROVIAL;PUT;Nov-26;43,00;47.47;32,82;-0,21;;8
02/10/26;FERROVIAL;PUT;Nov-26;44,00;47.47;31,69;-0,26;;1
02/10/26;FERROVIAL;PUT;Nov-26;45,00;47.47;30,56;-0,32;2;2
02/10/26;FERROVIAL;PUT;Nov-26;46,00;47.47;29,43;-0,39;;2
02/10/26;FERROVIAL;PUT;Nov-26;58,00;47.47;22,22;-1,00;;15
02/10/26;FERROVIAL;PUT;Dic-26;43,00;47.47;32,09;-0,24;;2
02/10/26;FERROVIAL;PUT;Dic-26;44,00;47.47;31,06;-0,29;;51
02/10/26;FERROVIAL;PUT;Dic-26;45,00;47.47;30,03;-0,34;;2
02/10/26;FERROVIAL;PUT;Dic-26;48,00;47.47;27,29;-0,53;;7
02/10/26;FERROVIAL;PUT;Dic-26;49,00;47.47;26,94;-0,60;;26
02/10/26;FERROVIAL;PUT;Dic-26;50,00;47.47;26,59;-0,66;;25
02/10/26;FERROVIAL;PUT;Dic-26;54,00;47.47;25,19;-0,88;;26
02/10/26;FERROVIAL;PUT;Dic-26;56,00;47.47;24,49;-0,94;;25
02/10/26;FERROVIAL;PUT;Dic-26;58,00;47.47;23,78;-0,98;;130
02/10/26;FERROVIAL;PUT;Dic-26;64,00;47.47;21,68;-1,00;;1
02/10/26;FERROVIAL;PUT;Dic-26;72,00;47.47;18,87;-1,00;;1
02/10/26;FERROVIAL;PUT;Mar-27;39,00;47.47;32,89;-0,16;;100
02/10/26;FERROVIAL;PUT;Mar-27;45,00;47.47;28,47;-0,36;;25
02/10/26;FERROVIAL;PUT;Mar-27;46,00;47.47;27,73;-0,40;;25
02/10/26;FERROVIAL;PUT;Mar-27;47,00;47.47;27,00;-0,45;;50
02/10/26;FERROVIAL;PUT;Mar-27;48,00;47.47;26,56;-0,49;;76
02/10/26;FERROVIAL;PUT;Mar-27;49,00;47.47;26,40;-0,54;;90
02/10/26;FERROVIAL;PUT;Mar-27;50,00;47.47;26,24;-0,59;;125
02/10/26;FERROVIAL;PUT;Mar-27;52,00;47.47;25,92;-0,68;;135
02/10/26;FERROVIAL;PUT;Mar-27;54,00;47.47;25,60;-0,76;;24
02/10/26;FERROVIAL;PUT;Mar-27;56,00;47.47;25,27;-0,84;;1
02/10/26;FERROVIAL;PUT;Mar-27;58,00;47.47;24,95;-0,89;;25
02/10/26;FERROVIAL;PUT;Jun-27;44,00;47.47;28,88;-0,33;;25
02/10/26;FERROVIAL;PUT;Jun-27;49,00;47.47;26,44;-0,51;;50
02/10/26;FERROVIAL;PUT;Jun-27;50,00;47.47;26,30;-0,55;6;6
02/10/26;FERROVIAL;PUT;Jun-27;60,00;47.47;24,97;-0,88;;18
02/10/26;FERROVIAL;PUT;Sep-27;41,00;47.47;30,37;-0,25;;1
02/10/26;FERROVIAL;PUT;Sep-27;43,00;47.47;29,26;-0,31;;1
02/10/26;FERROVIAL;PUT;Sep-27;44,00;47.47;28,70;-0,33;;51
02/10/26;FERROVIAL;PUT;Sep-27;45,00;47.47;28,15;-0,36;;25
02/10/26;FERROVIAL;PUT;Sep-27;47,00;47.47;27,04;-0,43;;25
02/10/26;FERROVIAL;PUT;Sep-27;48,00;47.47;26,71;-0,46;;50
02/10/26;FERROVIAL;PUT;Sep-27;49,00;47.47;26,58;-0,49;;25
02/10/26;FERROVIAL;PUT;Dic-27;35,00;47.47;32,89;-0,15;;1
02/10/26;FERROVIAL;PUT;Dic-27;39,00;47.47;30,81;-0,22;;25
02/10/26;FERROVIAL;PUT;Dic-27;40,00;47.47;30,29;-0,24;;25
02/10/26;FERROVIAL;PUT;Dic-27;45,00;47.47;27,69;-0,36;;25
02/10/26;FERROVIAL;PUT;Dic-27;54,00;47.47;25,49;-0,63;;525
02/10/26;FERROVIAL;PUT;Mar-28;58,00;47.47;24,85;-0,72;;1
02/10/26;FERROVIAL;PUT;Mar-28;60,00;47.47;24,58;-0,77;;3
02/10/26;FERROVIAL;PUT;Mar-28;62,00;47.47;24,31;-0,82;;26
02/10/26;FERROVIAL;PUT;Mar-28;64,00;47.47;24,04;-0,87;;25
02/10/26;FERROVIAL;PUT;Jun-28;44,00;47.47;27,61;-0,34;;25
02/10/26;FERROVIAL;PUT;Jun-28;45,00;47.47;27,18;-0,36;;25
02/10/26;FERROVIAL;PUT;Jun-28;46,00;47.47;26,75;-0,39;;25
02/10/26;FERROVIAL;PUT;Jun-28;48,00;47.47;26,05;-0,44;;25
02/10/26;FERROVIAL;PUT;Jun-28;49,00;47.47;25,93;-0,46;;25
02/10/26;FERROVIAL;PUT;Jun-28;50,00;47.47;25,80;-0,49;;25
02/10/26;FERROVIAL;PUT;Jun-28;52,00;47.47;25,55;-0,54;;25
02/10/26;FERROVIAL;PUT;Jun-28;54,00;47.47;25,29;-0,59;;26
02/10/26;FERROVIAL;PUT;Jun-28;56,00;47.47;25,04;-0,64;;25
02/10/26;FERROVIAL;PUT;Jun-28;58,00;47.47;24,79;-0,69;;26
02/10/26;FERROVIAL;PUT;Jun-28;64,00;47.47;24,03;-0,85;;75
02/10/26;FERROVIAL;PUT;Dic-28;44,00;47.47;26,84;-0,33;;2.500
02/10/26;FERROVIAL;PUT;Dic-28;46,00;47.47;26,16;-0,38;;25
02/10/26;FERROVIAL;PUT;Dic-28;47,00;47.47;25,81;-0,40;;25
02/10/26;FERROVIAL;PUT;Dic-28;48,00;47.47;25,60;-0,42;;25
02/10/26;FERROVIAL;PUT;Dic-28;49,00;47.47;25,50;-0,45;;25
02/10/26;FERROVIAL;PUT;Dic-28;50,00;47.47;25,40;-0,47;;25
02/10/26;FERROVIAL;CALL;Oct-26;52,00;47.47;27,31;0,05;;226
02/10/26;FERROVIAL;CALL;Oct-26;54,00;47.47;26,23;0,01;;452
02/10/26;FERROVIAL;CALL;Dic-26;60,00;47.47;23,62;0,02;;60
02/10/26;FERROVIAL;CALL;Mar-27;62,00;47.47;23,57;0,06;;25
02/10/26;FERROVIAL;PUT;Oct-26;49,00;47.47;27,90;-0,70;;1
02/10/26;FERROVIAL;PUT;Dic-26;49,00;47.47;26,94;-0,59;;25
02/10/26;FERROVIAL;PUT;Dic-26;50,00;47.47;26,59;-0,65;;25
02/10/26;FERROVIAL;PUT;Mar-27;40,00;47.47;32,16;-0,18;;300
02/10/26;FLUIDRA;CALL;Oct-26;17,50;17.5;23,95;0,52;3;3
02/10/26;FLUIDRA;CALL;Nov-26;15,00;17.5;28,29;0,94;;3
02/10/26;FLUIDRA;CALL;Nov-26;18,50;17.5;24,94;0,30;;10
02/10/26;FLUIDRA;CALL;Dic-26;19,00;17.5;24,65;0,25;;2
02/10/26;FLUIDRA;CALL;Dic-26;19,50;17.5;24,14;0,17;;1
02/10/26;FLUIDRA;CALL;Dic-26;24,00;17.5;19,60;;;1
02/10/26;FLUIDRA;PUT;Oct-26;17,50;17.5;23,15;-0,48;;10
02/10/26;FLUIDRA;PUT;Oct-26;18,00;17.5;23,14;-0,72;;1
02/10/26;FLUIDRA;PUT;Oct-26;18,50;17.5;23,13;-0,89;;2
02/10/26;FLUIDRA;PUT;Dic-26;16,00;17.5;26,33;-0,25;;1
02/10/26;FLUIDRA;PUT;Dic-26;16,50;17.5;25,71;-0,33;10;11
02/10/26;FLUIDRA;PUT;Dic-26;17,00;17.5;25,09;-0,43;;326
02/10/26;FLUIDRA;PUT;Dic-26;17,50;17.5;24,47;-0,53;;25
02/10/26;FLUIDRA;PUT;Dic-26;18,00;17.5;23,97;-0,63;;625
02/10/26;FLUIDRA;PUT;Dic-26;18,50;17.5;23,46;-0,72;;2
02/10/26;FLUIDRA;PUT;Dic-26;19,00;17.5;22,96;-0,80;;185
02/10/26;FLUIDRA;PUT;Dic-26;21,00;17.5;20,94;-0,98;;7
02/10/26;FLUIDRA;PUT;Mar-27;17,50;17.5;25,91;-0,49;;19
02/10/26;FLUIDRA;PUT;Mar-27;21,00;17.5;23,91;-0,88;;14
02/10/26;FLUIDRA;PUT;Jun-27;27,00;17.5;22,84;-1,00;;11
02/10/26;FLUIDRA;PUT;Jun-27;28,00;17.5;22,46;-1,00;;11
02/10/26;GRIFOLS;CALL;Oct-26;7,00;9.53;35,09;1,00;;2
02/10/26;GRIFOLS;CALL;Oct-26;9,75;9.53;27,39;0,36;;5
02/10/26;GRIFOLS;CALL;Oct-26;10,00;9.53;27,31;0,20;;13
02/10/26;GRIFOLS;CALL;Oct-26;10,50;9.53;27,13;0,04;;1
02/10/26;GRIFOLS;CALL;Oct-26;11,00;9.53;26,96;;;6
02/10/26;GRIFOLS;CALL;Oct-26;12,00;9.53;26,61;;;1
02/10/26;GRIFOLS;CALL;Nov-26;9,75;9.53;31,86;0,46;;4
02/10/26;GRIFOLS;CALL;Nov-26;10,00;9.53;31,78;0,37;;124
02/10/26;GRIFOLS;CALL;Nov-26;10,50;9.53;31,63;0,23;;17
02/10/26;GRIFOLS;CALL;Nov-26;11,00;9.53;31,47;0,13;;2
02/10/26;GRIFOLS;CALL;Dic-26;7,75;9.53;38,02;0,92;;1
02/10/26;GRIFOLS;CALL;Dic-26;8,50;9.53;35,77;0,80;;26
02/10/26;GRIFOLS;CALL;Dic-26;8,75;9.53;35,02;0,75;;31
02/10/26;GRIFOLS;CALL;Dic-26;9,00;9.53;34,27;0,69;;56
02/10/26;GRIFOLS;CALL;Dic-26;9,25;9.53;33,51;0,62;;75
02/10/26;GRIFOLS;CALL;Dic-26;9,50;9.53;32,76;0,55;;267
02/10/26;GRIFOLS;CALL;Dic-26;9,75;9.53;32,61;0,48;;100
02/10/26;GRIFOLS;CALL;Dic-26;10,00;9.53;32,56;0,41;;187
02/10/26;GRIFOLS;CALL;Dic-26;10,50;9.53;32,46;0,28;;227
02/10/26;GRIFOLS;CALL;Dic-26;11,00;9.53;32,35;0,18;;341
02/10/26;GRIFOLS;CALL;Dic-26;11,50;9.53;32,25;0,11;;52
02/10/26;GRIFOLS;CALL;Dic-26;12,00;9.53;32,14;0,06;;68
02/10/26;GRIFOLS;CALL;Dic-26;12,50;9.53;32,04;0,03;;99
02/10/26;GRIFOLS;CALL;Dic-26;13,00;9.53;31,93;0,02;;1.307
02/10/26;GRIFOLS;CALL;Dic-26;13,50;9.53;31,83;0,01;;1.187
02/10/26;GRIFOLS;CALL;Dic-26;14,00;9.53;31,72;;;25
02/10/26;GRIFOLS;CALL;Dic-26;14,50;9.53;31,62;;;25
02/10/26;GRIFOLS;CALL;Dic-26;15,00;9.53;31,51;;;44
02/10/26;GRIFOLS;CALL;Dic-26;15,50;9.53;31,41;;;5
02/10/26;GRIFOLS;CALL;Dic-26;17,00;9.53;31,09;;;25
02/10/26;GRIFOLS;CALL;Dic-26;17,50;9.53;30,99;;;25
02/10/26;GRIFOLS;CALL;Mar-27;6,25;9.53;40,13;0,98;;3
02/10/26;GRIFOLS;CALL;Mar-27;7,00;9.53;38,59;0,93;;3
02/10/26;GRIFOLS;CALL;Mar-27;7,50;9.53;37,56;0,88;;41
02/10/26;GRIFOLS;CALL;Mar-27;8,25;9.53;36,01;0,77;;5
02/10/26;GRIFOLS;CALL;Mar-27;8,50;9.53;35,49;0,73;;4
02/10/26;GRIFOLS;CALL;Mar-27;8,75;9.53;34,98;0,69;;201
02/10/26;GRIFOLS;CALL;Mar-27;9,00;9.53;34,46;0,64;;124
02/10/26;GRIFOLS;CALL;Mar-27;9,25;9.53;33,95;0,59;;127
02/10/26;GRIFOLS;CALL;Mar-27;9,50;9.53;33,43;0,54;;76
02/10/26;GRIFOLS;CALL;Mar-27;9,75;9.53;33,02;0,50;;107
02/10/26;GRIFOLS;CALL;Mar-27;10,00;9.53;32,63;0,45;;170
02/10/26;GRIFOLS;CALL;Mar-27;10,50;9.53;31,84;0,36;;35
02/10/26;GRIFOLS;CALL;Mar-27;11,00;9.53;31,05;0,27;;1
02/10/26;GRIFOLS;CALL;Mar-27;11,50;9.53;30,27;0,20;;12
02/10/26;GRIFOLS;CALL;Mar-27;12,00;9.53;29,48;0,14;;211
02/10/26;GRIFOLS;CALL;Mar-27;12,50;9.53;28,69;0,09;;90
02/10/26;GRIFOLS;CALL;Mar-27;13,00;9.53;27,91;0,06;;538
02/10/26;GRIFOLS;CALL;Mar-27;14,00;9.53;26,33;0,02;;140
02/10/26;GRIFOLS;CALL;Mar-27;16,00;9.53;23,19;;;10
02/10/26;GRIFOLS;CALL;Jun-27;8,00;9.53;36,28;0,77;;6
02/10/26;GRIFOLS;CALL;Jun-27;8,25;9.53;35,84;0,74;;3
02/10/26;GRIFOLS;CALL;Jun-27;8,75;9.53;34,97;0,67;;2
02/10/26;GRIFOLS;CALL;Jun-27;9,00;9.53;34,53;0,63;;64
02/10/26;GRIFOLS;CALL;Jun-27;9,25;9.53;34,10;0,60;;53
02/10/26;GRIFOLS;CALL;Jun-27;9,50;9.53;33,66;0,56;;27
02/10/26;GRIFOLS;CALL;Jun-27;9,75;9.53;33,37;0,53;;25
02/10/26;GRIFOLS;CALL;Jun-27;10,00;9.53;33,11;0,49;;77
02/10/26;GRIFOLS;CALL;Jun-27;10,50;9.53;32,59;0,42;;10
02/10/26;GRIFOLS;CALL;Jun-27;11,00;9.53;32,06;0,35;;12
02/10/26;GRIFOLS;CALL;Jun-27;11,50;9.53;31,54;0,29;;10
02/10/26;GRIFOLS;CALL;Jun-27;12,00;9.53;31,01;0,23;;23
02/10/26;GRIFOLS;CALL;Jun-27;12,50;9.53;30,49;0,18;;1.391
02/10/26;GRIFOLS;CALL;Jun-27;13,00;9.53;29,96;0,14;;20
02/10/26;GRIFOLS;CALL;Jun-27;14,00;9.53;28,92;0,07;;16
02/10/26;GRIFOLS;CALL;Jun-27;15,00;9.53;27,87;0,03;;50
02/10/26;GRIFOLS;CALL;Jun-27;16,00;9.53;26,82;0,01;;850
02/10/26;GRIFOLS;CALL;Sep-27;15,00;9.53;30,16;0,08;;10
02/10/26;GRIFOLS;CALL;Dic-27;8,00;9.53;36,64;0,74;;2
02/10/26;GRIFOLS;CALL;Dic-27;8,75;9.53;35,51;0,66;;15
02/10/26;GRIFOLS;CALL;Dic-27;11,00;9.53;33,51;0,41;;1
02/10/26;GRIFOLS;CALL;Dic-27;11,50;9.53;33,23;0,37;;5
02/10/26;GRIFOLS;CALL;Dic-27;12,00;9.53;32,95;0,32;;150
02/10/26;GRIFOLS;CALL;Dic-27;12,50;9.53;32,67;0,28;;100
02/10/26;GRIFOLS;CALL;Dic-27;15,00;9.53;31,27;0,12;;13
02/10/26;GRIFOLS;CALL;Mar-28;15,00;9.53;31,89;0,16;;3
02/10/26;GRIFOLS;CALL;Dic-28;7,25;9.53;35,24;0,79;;10
02/10/26;GRIFOLS;CALL;Dic-28;9,00;9.53;33,10;0,64;;14
02/10/26;GRIFOLS;CALL;Dic-28;12,00;9.53;31,42;0,39;;1
02/10/26;GRIFOLS;CALL;Dic-28;15,50;9.53;29,95;0,18;;3
02/10/26;GRIFOLS;CALL;Dic-28;16,50;9.53;29,53;0,14;;2
02/10/26;GRIFOLS;CALL;Dic-28;17,50;9.53;29,11;0,11;;6
02/10/26;GRIFOLS;CALL;Dic-29;15,50;9.53;29,59;0,24;;3
02/10/26;GRIFOLS;PUT;Oct-26;8,75;9.53;27,92;-0,05;;37
02/10/26;GRIFOLS;PUT;Oct-26;9,25;9.53;26,41;-0,27;;17
02/10/26;GRIFOLS;PUT;Oct-26;9,50;9.53;25,66;-0,46;;10
02/10/26;GRIFOLS;PUT;Oct-26;9,75;9.53;25,48;-0,66;;10
02/10/26;GRIFOLS;PUT;Oct-26;10,00;9.53;25,40;-0,82;;20
02/10/26;GRIFOLS;PUT;Oct-26;10,25;9.53;25,31;-0,93;;15
02/10/26;GRIFOLS;PUT;Nov-26;8,25;9.53;32,05;-0,09;;2
02/10/26;GRIFOLS;PUT;Nov-26;8,50;9.53;31,28;-0,14;;3
02/10/26;GRIFOLS;PUT;Nov-26;8,75;9.53;30,51;-0,20;;34
02/10/26;GRIFOLS;PUT;Nov-26;9,00;9.53;29,74;-0,27;;2
02/10/26;GRIFOLS;PUT;Nov-26;9,50;9.53;28,20;-0,46;;27
02/10/26;GRIFOLS;PUT;Nov-26;9,75;9.53;28,03;-0,56;;2
02/10/26;GRIFOLS;PUT;Nov-26;10,00;9.53;27,95;-0,65;;110
02/10/26;GRIFOLS;PUT;Dic-26;6,00;9.53;40,18;-0,01;;25
02/10/26;GRIFOLS;PUT;Dic-26;6,25;9.53;39,42;-0,01;;5
02/10/26;GRIFOLS;PUT;Dic-26;6,50;9.53;38,67;-0,01;;1
02/10/26;GRIFOLS;PUT;Dic-26;6,75;9.53;37,92;-0,02;;25
02/10/26;GRIFOLS;PUT;Dic-26;7,00;9.53;37,17;-0,03;;10
02/10/26;GRIFOLS;PUT;Dic-26;7,25;9.53;36,42;-0,05;;291
02/10/26;GRIFOLS;PUT;Dic-26;7,50;9.53;35,67;-0,07;;29
02/10/26;GRIFOLS;PUT;Dic-26;7,75;9.53;34,91;-0,10;;26
02/10/26;GRIFOLS;PUT;Dic-26;8,00;9.53;34,16;-0,14;;317
02/10/26;GRIFOLS;PUT;Dic-26;8,25;9.53;33,41;-0,18;;2
02/10/26;GRIFOLS;PUT;Dic-26;8,50;9.53;32,66;-0,23;;757
02/10/26;GRIFOLS;PUT;Dic-26;8,75;9.53;31,91;-0,29;1;32
02/10/26;GRIFOLS;PUT;Dic-26;9,00;9.53;31,16;-0,35;;326
02/10/26;GRIFOLS;PUT;Dic-26;9,25;9.53;30,40;-0,43;;111
02/10/26;GRIFOLS;PUT;Dic-26;9,50;9.53;29,65;-0,50;;501
02/10/26;GRIFOLS;PUT;Dic-26;9,75;9.53;29,50;-0,58;1;22
02/10/26;GRIFOLS;PUT;Dic-26;10,00;9.53;29,45;-0,65;;1.722
02/10/26;GRIFOLS;PUT;Dic-26;10,50;9.53;29,35;-0,78;;79
02/10/26;GRIFOLS;PUT;Dic-26;11,00;9.53;29,24;-0,87;;388
02/10/26;GRIFOLS;PUT;Dic-26;11,50;9.53;29,14;-0,92;;28
02/10/26;GRIFOLS;PUT;Dic-26;12,00;9.53;29,03;-0,96;;1
02/10/26;GRIFOLS;PUT;Dic-26;12,50;9.53;28,93;-0,98;;1
02/10/26;GRIFOLS;PUT;Dic-26;13,00;9.53;28,82;-0,99;;10
02/10/26;GRIFOLS;PUT;Dic-26;13,50;9.53;28,72;-1,00;;113
02/10/26;GRIFOLS;PUT;Mar-27;6,25;9.53;38,98;-0,05;;50
02/10/26;GRIFOLS;PUT;Mar-27;6,50;9.53;38,47;-0,06;;17
02/10/26;GRIFOLS;PUT;Mar-27;6,75;9.53;37,95;-0,08;;250
02/10/26;GRIFOLS;PUT;Mar-27;7,00;9.53;37,44;-0,09;;163
02/10/26;GRIFOLS;PUT;Mar-27;7,25;9.53;36,92;-0,12;;76
02/10/26;GRIFOLS;PUT;Mar-27;7,50;9.53;36,41;-0,14;;770
02/10/26;GRIFOLS;PUT;Mar-27;7,75;9.53;35,89;-0,18;;146
02/10/26;GRIFOLS;PUT;Mar-27;8,00;9.53;35,37;-0,21;;127
02/10/26;GRIFOLS;PUT;Mar-27;8,25;9.53;34,86;-0,24;;5
02/10/26;GRIFOLS;PUT;Mar-27;8,50;9.53;34,34;-0,29;;13
02/10/26;GRIFOLS;PUT;Mar-27;8,75;9.53;33,83;-0,33;;3
02/10/26;GRIFOLS;PUT;Mar-27;9,00;9.53;33,31;-0,37;;1.128
02/10/26;GRIFOLS;PUT;Mar-27;9,25;9.53;32,80;-0,42;;2
02/10/26;GRIFOLS;PUT;Mar-27;9,75;9.53;31,87;-0,52;;1
02/10/26;GRIFOLS;PUT;Mar-27;10,00;9.53;31,48;-0,57;;15
02/10/26;GRIFOLS;PUT;Mar-27;10,50;9.53;30,69;-0,67;;14
02/10/26;GRIFOLS;PUT;Mar-27;11,00;9.53;29,90;-0,76;;138
02/10/26;GRIFOLS;PUT;Mar-27;16,00;9.53;22,04;-1,00;;5
02/10/26;GRIFOLS;PUT;Jun-27;6,00;9.53;39,94;-0,06;;20
02/10/26;GRIFOLS;PUT;Jun-27;7,50;9.53;37,32;-0,18;;10
02/10/26;GRIFOLS;PUT;Jun-27;8,00;9.53;36,44;-0,24;;170
02/10/26;GRIFOLS;PUT;Jun-27;8,25;9.53;36,00;-0,27;;1
02/10/26;GRIFOLS;PUT;Jun-27;9,00;9.53;34,69;-0,37;;20
02/10/26;GRIFOLS;PUT;Jun-27;9,50;9.53;33,82;-0,45;;111
02/10/26;GRIFOLS;PUT;Jun-27;10,00;9.53;33,27;-0,53;;858
02/10/26;GRIFOLS;PUT;Jun-27;10,50;9.53;32,75;-0,60;;7
02/10/26;GRIFOLS;PUT;Jun-27;11,00;9.53;32,22;-0,67;;153
02/10/26;GRIFOLS;PUT;Jun-27;11,50;9.53;31,70;-0,74;;7
02/10/26;GRIFOLS;PUT;Jun-27;12,00;9.53;31,17;-0,80;;206
02/10/26;GRIFOLS;PUT;Jun-27;12,50;9.53;30,65;-0,86;;402
02/10/26;GRIFOLS;PUT;Jun-27;13,00;9.53;30,12;-0,90;;195
02/10/26;GRIFOLS;PUT;Jun-27;13,50;9.53;29,60;-0,94;;25
02/10/26;GRIFOLS;PUT;Jun-27;15,50;9.53;27,50;-1,00;;142
02/10/26;GRIFOLS;PUT;Sep-27;13,00;9.53;32,42;-0,82;;8
02/10/26;GRIFOLS;PUT;Dic-27;8,25;9.53;37,62;-0,30;;1
02/10/26;GRIFOLS;PUT;Dic-27;8,50;9.53;37,24;-0,33;;5
02/10/26;GRIFOLS;PUT;Dic-27;8,75;9.53;36,87;-0,36;;3
02/10/26;GRIFOLS;PUT;Dic-27;10,50;9.53;35,15;-0,54;;242
02/10/26;GRIFOLS;PUT;Dic-27;11,00;9.53;34,87;-0,59;;228
02/10/26;GRIFOLS;PUT;Dic-27;11,50;9.53;34,59;-0,64;;30
02/10/26;GRIFOLS;PUT;Mar-28;9,50;9.53;36,30;-0,43;;268
02/10/26;GRIFOLS;PUT;Mar-28;10,00;9.53;36,02;-0,47;;260
02/10/26;GRIFOLS;PUT;Jun-28;6,00;9.53;40,08;-0,13;;26
02/10/26;GRIFOLS;PUT;Jun-28;8,25;9.53;37,09;-0,30;;2
02/10/26;GRIFOLS;PUT;Dic-28;6,50;9.53;37,84;-0,18;;25
02/10/26;GRIFOLS;PUT;Dic-28;7,00;9.53;37,23;-0,21;;1
02/10/26;GRIFOLS;PUT;Dic-28;8,00;9.53;36,01;-0,29;;4
02/10/26;GRIFOLS;PUT;Dic-28;9,75;9.53;34,04;-0,43;;1
02/10/26;GRIFOLS;PUT;Jun-29;8,50;9.53;34,32;-0,33;;2
02/10/26;GRIFOLS;PUT;Dic-29;8,50;9.53;33,52;-0,33;;3
02/10/26;GRIFOLS;PUT;Dic-29;9,75;9.53;32,56;-0,42;;1
02/10/26;GRIFOLS;PUT;Dic-30;10,00;9.53;31,68;-0,43;;15
02/10/26;GRIFOLS;CALL;Dic-26;10,00;9.53;32,56;0,37;;40
02/10/26;GRIFOLS;CALL;Dic-26;11,00;9.53;32,35;0,16;;10
02/10/26;GRIFOLS;CALL;Dic-26;11,50;9.53;32,25;0,10;;65
02/10/26;GRIFOLS;CALL;Dic-26;15,00;9.53;31,51;;;15
02/10/26;GRIFOLS;CALL;Jun-27;11,50;9.53;31,54;0,28;;50
02/10/26;GRIFOLS;CALL;Dic-27;11,50;9.53;33,23;0,34;;30
02/10/26;GRIFOLS;CALL;Jun-28;11,50;9.53;32,88;0,39;;60
02/10/26;GRIFOLS;PUT;Dic-26;9,50;9.53;29,65;-0,50;;10
02/10/26;GRIFOLS;PUT;Jun-27;9,00;9.53;34,69;-0,36;;1
02/10/26;HBX;CALL;Oct-26;8,25;7.51;29,80;0,06;;10
02/10/26;HBX;CALL;Dic-26;8,00;7.51;30,25;0,36;;10
02/10/26;HBX;CALL;Dic-26;8,25;7.51;30,10;0,28;;10
02/10/26;HBX;CALL;Mar-27;7,50;7.51;30,29;0,57;;10
02/10/26;HBX;CALL;Mar-27;7,75;7.51;30,14;0,50;;10
02/10/26;HBX;CALL;Mar-27;8,50;7.51;29,67;0,32;;10
02/10/26;HBX;CALL;Jun-27;6,75;7.51;29,01;0,74;;10
02/10/26;HBX;CALL;Jun-27;8,00;7.51;28,53;0,47;;10
02/10/26;HBX;CALL;Jun-27;8,50;7.51;28,22;0,37;;10
02/10/26;HBX;PUT;Dic-26;7,25;7.51;31,84;-0,37;;10
02/10/26;HBX;PUT;Jun-27;7,50;7.51;30,27;-0,43;;10
02/10/26;IAG;CALL;Oct-26;4,70;5.18;30,80;0,95;;150
02/10/26;IAG;CALL;Oct-26;5,00;5.18;30,04;0,74;15;21
02/10/26;IAG;CALL;Oct-26;5,25;5.18;29,46;0,42;;20
02/10/26;IAG;CALL;Oct-26;5,30;5.18;29,36;0,36;;1
02/10/26;IAG;CALL;Nov-26;4,80;5.18;32,05;0,77;;66
02/10/26;IAG;CALL;Nov-26;5,00;5.18;31,53;0,65;;35
02/10/26;IAG;CALL;Nov-26;5,30;5.18;30,85;0,45;1;46
02/10/26;IAG;CALL;Nov-26;5,50;5.18;30,47;0,32;;88
02/10/26;IAG;CALL;Dic-26;2,90;5.18;37,55;1,00;;1
02/10/26;IAG;CALL;Dic-26;3,00;5.18;37,31;1,00;;1
02/10/26;IAG;CALL;Dic-26;3,50;5.18;36,12;1,00;;1
02/10/26;IAG;CALL;Dic-26;4,00;5.18;34,93;0,97;;2
02/10/26;IAG;CALL;Dic-26;4,20;5.18;34,46;0,93;;10
02/10/26;IAG;CALL;Dic-26;4,30;5.18;34,22;0,91;;3
02/10/26;IAG;CALL;Dic-26;4,40;5.18;33,98;0,88;;3
02/10/26;IAG;CALL;Dic-26;4,50;5.18;33,74;0,85;;6
02/10/26;IAG;CALL;Dic-26;4,60;5.18;33,50;0,82;;2
02/10/26;IAG;CALL;Dic-26;4,80;5.18;33,03;0,73;;2
02/10/26;IAG;CALL;Dic-26;4,90;5.18;32,79;0,68;;23
02/10/26;IAG;CALL;Dic-26;5,00;5.18;32,55;0,63;;811
02/10/26;IAG;CALL;Dic-26;5,25;5.18;31,99;0,49;;679
02/10/26;IAG;CALL;Dic-26;5,30;5.18;31,89;0,47;;4
02/10/26;IAG;CALL;Dic-26;5,50;5.18;31,50;0,36;;1.636
02/10/26;IAG;CALL;Dic-26;5,75;5.18;31,02;0,25;;100
02/10/26;IAG;CALL;Dic-26;6,00;5.18;30,54;0,16;;10
02/10/26;IAG;CALL;Dic-26;6,25;5.18;30,06;0,09;;35
02/10/26;IAG;CALL;Mar-27;4,00;5.18;36,22;0,89;;13
02/10/26;IAG;CALL;Mar-27;4,10;5.18;36,05;0,86;;1
02/10/26;IAG;CALL;Mar-27;4,20;5.18;35,88;0,84;;6
02/10/26;IAG;CALL;Mar-27;4,30;5.18;35,70;0,82;;5
02/10/26;IAG;CALL;Mar-27;4,60;5.18;35,18;0,73;;1
02/10/26;IAG;CALL;Mar-27;4,70;5.18;35,01;0,70;;3
02/10/26;IAG;CALL;Mar-27;4,80;5.18;34,83;0,67;;151
02/10/26;IAG;CALL;Mar-27;5,00;5.18;34,49;0,61;;33
02/10/26;IAG;CALL;Mar-27;5,25;5.18;34,03;0,53;;602
02/10/26;IAG;CALL;Mar-27;5,30;5.18;33,92;0,51;;740
02/10/26;IAG;CALL;Mar-27;5,50;5.18;33,51;0,44;;275
02/10/26;IAG;CALL;Mar-27;5,75;5.18;33,00;0,36;;50
02/10/26;IAG;CALL;Mar-27;6,00;5.18;32,48;0,29;;1
02/10/26;IAG;CALL;Mar-27;6,25;5.18;31,97;0,23;;250
02/10/26;IAG;CALL;Mar-27;6,50;5.18;31,45;0,17;;150
02/10/26;IAG;CALL;Jun-27;2,00;5.18;37,14;1,00;;2
02/10/26;IAG;CALL;Jun-27;2,20;5.18;36,86;1,00;;25
02/10/26;IAG;CALL;Jun-27;2,30;5.18;36,71;1,00;;25
02/10/26;IAG;CALL;Jun-27;2,40;5.18;36,57;1,00;;25
02/10/26;IAG;CALL;Jun-27;3,00;5.18;35,72;0,98;;5
02/10/26;IAG;CALL;Jun-27;3,40;5.18;35,16;0,95;;1
02/10/26;IAG;CALL;Jun-27;4,00;5.18;34,31;0,86;;3
02/10/26;IAG;CALL;Jun-27;4,10;5.18;34,16;0,84;;2
02/10/26;IAG;CALL;Jun-27;4,40;5.18;33,74;0,77;;3
02/10/26;IAG;CALL;Jun-27;4,50;5.18;33,60;0,75;;1
02/10/26;IAG;CALL;Jun-27;4,90;5.18;33,03;0,64;;3
02/10/26;IAG;CALL;Jun-27;5,00;5.18;32,89;0,62;;2
02/10/26;IAG;CALL;Jun-27;5,25;5.18;32,53;0,55;;19
02/10/26;IAG;CALL;Jun-27;5,50;5.18;32,16;0,48;;1
02/10/26;IAG;CALL;Jun-27;6,25;5.18;31,05;0,29;;2
02/10/26;IAG;CALL;Jun-27;6,50;5.18;30,68;0,24;;1
02/10/26;IAG;CALL;Sep-27;4,40;5.18;32,64;0,76;;25
02/10/26;IAG;CALL;Sep-27;4,50;5.18;32,51;0,74;;25
02/10/26;IAG;CALL;Sep-27;4,80;5.18;32,12;0,67;;1
02/10/26;IAG;CALL;Sep-27;5,00;5.18;31,87;0,62;;1
02/10/26;IAG;CALL;Sep-27;5,25;5.18;31,54;0,55;;5
02/10/26;IAG;CALL;Dic-27;2,00;5.18;36,89;1,00;;25
02/10/26;IAG;CALL;Dic-27;2,10;5.18;36,76;1,00;;25
02/10/26;IAG;CALL;Dic-27;2,20;5.18;36,63;1,00;;25
02/10/26;IAG;CALL;Dic-27;2,30;5.18;36,50;1,00;;25
02/10/26;IAG;CALL;Dic-27;2,40;5.18;36,38;1,00;;25
02/10/26;IAG;CALL;Dic-27;3,70;5.18;34,70;0,87;;1
02/10/26;IAG;CALL;Dic-27;4,10;5.18;34,19;0,80;;25
02/10/26;IAG;CALL;Dic-27;4,50;5.18;33,67;0,73;;1
02/10/26;IAG;CALL;Dic-27;4,80;5.18;33,28;0,66;;2
02/10/26;IAG;CALL;Dic-27;4,90;5.18;33,16;0,64;;1
02/10/26;IAG;CALL;Dic-27;5,00;5.18;33,03;0,62;;4
02/10/26;IAG;CALL;Dic-27;5,25;5.18;32,73;0,57;;2
02/10/26;IAG;CALL;Dic-27;5,75;5.18;32,28;0,46;;4.000
02/10/26;IAG;CALL;Mar-28;6,00;5.18;32,65;0,44;;2
02/10/26;IAG;CALL;Jun-28;5,00;5.18;35,66;0,64;;1
02/10/26;IAG;PUT;Oct-26;4,20;5.18;33,54;;;150
02/10/26;IAG;PUT;Oct-26;4,50;5.18;32,79;-0,01;;20
02/10/26;IAG;PUT;Oct-26;4,70;5.18;32,29;-0,06;;9
02/10/26;IAG;PUT;Oct-26;4,80;5.18;32,03;-0,11;;800
02/10/26;IAG;PUT;Oct-26;4,90;5.18;31,78;-0,18;;10
02/10/26;IAG;PUT;Oct-26;5,25;5.18;30,95;-0,58;10;20
02/10/26;IAG;PUT;Nov-26;4,80;5.18;33,37;-0,24;;1
02/10/26;IAG;PUT;Dic-26;2,60;5.18;37,76;;;4
02/10/26;IAG;PUT;Dic-26;2,80;5.18;37,28;;;20
02/10/26;IAG;PUT;Dic-26;2,90;5.18;37,04;;;20
02/10/26;IAG;PUT;Dic-26;3,30;5.18;36,09;;;20
02/10/26;IAG;PUT;Dic-26;3,50;5.18;35,61;-0,01;;19
02/10/26;IAG;PUT;Dic-26;3,70;5.18;35,14;-0,02;;4
02/10/26;IAG;PUT;Dic-26;3,80;5.18;34,90;-0,02;;151
02/10/26;IAG;PUT;Dic-26;3,90;5.18;34,66;-0,03;;137
02/10/26;IAG;PUT;Dic-26;4,00;5.18;34,42;-0,05;;847
02/10/26;IAG;PUT;Dic-26;4,10;5.18;34,18;-0,06;;12
02/10/26;IAG;PUT;Dic-26;4,20;5.18;33,95;-0,08;;105
02/10/26;IAG;PUT;Dic-26;4,30;5.18;33,71;-0,11;;7
02/10/26;IAG;PUT;Dic-26;4,40;5.18;33,47;-0,14;;54
02/10/26;IAG;PUT;Dic-26;4,50;5.18;33,23;-0,17;;7
02/10/26;IAG;PUT;Dic-26;4,60;5.18;32,99;-0,21;;7
02/10/26;IAG;PUT;Dic-26;4,70;5.18;32,75;-0,25;;3
02/10/26;IAG;PUT;Dic-26;4,80;5.18;32,52;-0,29;;8
02/10/26;IAG;PUT;Dic-26;4,90;5.18;32,28;-0,34;;6
02/10/26;IAG;PUT;Dic-26;5,00;5.18;32,04;-0,39;;160
02/10/26;IAG;PUT;Dic-26;5,25;5.18;31,48;-0,53;;34
02/10/26;IAG;PUT;Dic-26;5,50;5.18;30,99;-0,65;;16
02/10/26;IAG;PUT;Dic-26;5,75;5.18;30,51;-0,77;;1
02/10/26;IAG;PUT;Dic-26;6,00;5.18;30,03;-0,86;;100
02/10/26;IAG;PUT;Mar-27;3,20;5.18;35,73;-0,02;;40
02/10/26;IAG;PUT;Mar-27;3,50;5.18;35,20;-0,04;;17
02/10/26;IAG;PUT;Mar-27;3,70;5.18;34,86;-0,06;;20
02/10/26;IAG;PUT;Mar-27;4,00;5.18;34,33;-0,11;;4
02/10/26;IAG;PUT;Mar-27;4,10;5.18;34,16;-0,13;;1
02/10/26;IAG;PUT;Mar-27;4,40;5.18;33,64;-0,21;;20
02/10/26;IAG;PUT;Mar-27;4,60;5.18;33,29;-0,26;;25
02/10/26;IAG;PUT;Mar-27;4,70;5.18;33,12;-0,30;;255
02/10/26;IAG;PUT;Mar-27;4,80;5.18;32,94;-0,33;;2
02/10/26;IAG;PUT;Mar-27;5,00;5.18;32,60;-0,40;;13
02/10/26;IAG;PUT;Mar-27;5,25;5.18;32,14;-0,49;;3
02/10/26;IAG;PUT;Mar-27;5,50;5.18;31,62;-0,58;;6
02/10/26;IAG;PUT;Mar-27;5,75;5.18;31,11;-0,66;;1
02/10/26;IAG;PUT;Jun-27;3,50;5.18;34,49;-0,07;;30
02/10/26;IAG;PUT;Jun-27;3,70;5.18;34,21;-0,09;;25
02/10/26;IAG;PUT;Jun-27;4,00;5.18;33,79;-0,14;;3
02/10/26;IAG;PUT;Jun-27;4,10;5.18;33,64;-0,16;;2
02/10/26;IAG;PUT;Jun-27;4,40;5.18;33,22;-0,23;;3
02/10/26;IAG;PUT;Jun-27;4,50;5.18;33,08;-0,25;;1
02/10/26;IAG;PUT;Jun-27;5,00;5.18;32,37;-0,39;;7
02/10/26;IAG;PUT;Jun-27;5,25;5.18;32,01;-0,46;;2
02/10/26;IAG;PUT;Jun-27;5,50;5.18;31,64;-0,54;;3
02/10/26;IAG;PUT;Jun-27;6,00;5.18;30,90;-0,68;;2
02/10/26;IAG;PUT;Sep-27;3,20;5.18;34,06;-0,05;;5
02/10/26;IAG;PUT;Sep-27;4,50;5.18;32,38;-0,27;;2
02/10/26;IAG;PUT;Sep-27;4,80;5.18;31,99;-0,34;;1
02/10/26;IAG;PUT;Sep-27;5,00;5.18;31,74;-0,39;;1
02/10/26;IAG;PUT;Sep-27;5,25;5.18;31,41;-0,46;;3
02/10/26;IAG;PUT;Sep-27;5,50;5.18;31,09;-0,52;;1
02/10/26;IAG;PUT;Dic-27;3,20;5.18;35,05;-0,07;;15.000
02/10/26;IAG;PUT;Dic-27;3,50;5.18;34,66;-0,11;;20
02/10/26;IAG;PUT;Dic-27;4,00;5.18;34,01;-0,19;;26
02/10/26;IAG;PUT;Dic-27;4,60;5.18;33,24;-0,31;;25
02/10/26;IAG;PUT;Dic-27;4,80;5.18;32,98;-0,35;;2
02/10/26;IAG;PUT;Dic-27;4,90;5.18;32,86;-0,37;;4.001
02/10/26;IAG;PUT;Dic-27;5,00;5.18;32,73;-0,39;;4
02/10/26;IAG;PUT;Dic-27;5,25;5.18;32,43;-0,44;;4
02/10/26;IAG;PUT;Dic-27;5,50;5.18;32,21;-0,50;;2
02/10/26;IAG;PUT;Mar-28;3,50;5.18;34,81;-0,12;;25
02/10/26;IAG;PUT;Mar-28;5,00;5.18;33,17;-0,38;;1
02/10/26;IAG;PUT;Jun-28;4,20;5.18;35,16;-0,24;;25
02/10/26;IAG;PUT;Jun-28;4,40;5.18;34,98;-0,27;;25
02/10/26;IAG;CALL;Dic-29;3,40;5.18;41,09;0,75;;2
02/10/26;IBERDROLA;CALL;Oct-26;19,50;20.82;18,59;0,97;6;3
02/10/26;IBERDROLA;CALL;Oct-26;20,00;20.82;17,96;0,88;;2
02/10/26;IBERDROLA;CALL;Oct-26;20,50;20.82;17,32;0,69;;5.008
02/10/26;IBERDROLA;CALL;Oct-26;21,00;20.82;16,91;0,42;19;10.013
02/10/26;IBERDROLA;CALL;Oct-26;22,00;20.82;16,83;0,05;;1
02/10/26;IBERDROLA;CALL;Nov-26;18,00;20.82;20,78;0,98;8;3
02/10/26;IBERDROLA;CALL;Nov-26;19,00;20.82;19,53;0,91;;1
02/10/26;IBERDROLA;CALL;Nov-26;20,00;20.82;18,28;0,75;;1
02/10/26;IBERDROLA;CALL;Nov-26;20,50;20.82;17,66;0,63;;2
02/10/26;IBERDROLA;CALL;Nov-26;21,00;20.82;17,25;0,48;1;4
02/10/26;IBERDROLA;CALL;Nov-26;21,50;20.82;17,24;0,34;;1
02/10/26;IBERDROLA;CALL;Nov-26;22,00;20.82;17,22;0,21;;52
02/10/26;IBERDROLA;CALL;Dic-26;6,00;20.82;36,02;1,00;;25
02/10/26;IBERDROLA;CALL;Dic-26;14,50;20.82;25,27;1,00;;2
02/10/26;IBERDROLA;CALL;Dic-26;15,00;20.82;24,64;1,00;;4
02/10/26;IBERDROLA;CALL;Dic-26;16,00;20.82;23,38;0,99;;4
02/10/26;IBERDROLA;CALL;Dic-26;17,00;20.82;22,11;0,98;;6.500
02/10/26;IBERDROLA;CALL;Dic-26;17,50;20.82;21,48;0,97;;2
02/10/26;IBERDROLA;CALL;Dic-26;18,00;20.82;20,85;0,95;;6.001
02/10/26;IBERDROLA;CALL;Dic-26;18,50;20.82;20,21;0,91;;32
02/10/26;IBERDROLA;CALL;Dic-26;19,00;20.82;19,58;0,87;;343
02/10/26;IBERDROLA;CALL;Dic-26;19,50;20.82;18,95;0,80;;26.516
02/10/26;IBERDROLA;CALL;Dic-26;20,00;20.82;18,32;0,72;;7.515
02/10/26;IBERDROLA;CALL;Dic-26;20,50;20.82;17,68;0,62;;40
02/10/26;IBERDROLA;CALL;Dic-26;21,00;20.82;17,26;0,50;;16
02/10/26;IBERDROLA;CALL;Dic-26;21,50;20.82;17,21;0,38;5.000;5.011
02/10/26;IBERDROLA;CALL;Dic-26;22,00;20.82;17,17;0,28;31;312
02/10/26;IBERDROLA;CALL;Dic-26;22,50;20.82;17,12;0,19;;517
02/10/26;IBERDROLA;CALL;Dic-26;23,00;20.82;17,07;0,12;;105
02/10/26;IBERDROLA;CALL;Dic-26;23,50;20.82;17,02;0,08;;6
02/10/26;IBERDROLA;CALL;Dic-26;24,00;20.82;16,97;0,04;;1
02/10/26;IBERDROLA;CALL;Dic-26;25,00;20.82;16,88;0,01;;1
02/10/26;IBERDROLA;CALL;Mar-27;12,00;20.82;26,81;1,00;;5
02/10/26;IBERDROLA;CALL;Mar-27;16,00;20.82;22,65;0,98;;10
02/10/26;IBERDROLA;CALL;Mar-27;16,50;20.82;22,13;0,97;;5
02/10/26;IBERDROLA;CALL;Mar-27;18,00;20.82;20,56;0,89;;4
02/10/26;IBERDROLA;CALL;Mar-27;19,50;20.82;19,00;0,74;;22
02/10/26;IBERDROLA;CALL;Mar-27;20,00;20.82;18,48;0,67;;102
02/10/26;IBERDROLA;CALL;Mar-27;20,50;20.82;17,96;0,59;;8
02/10/26;IBERDROLA;CALL;Mar-27;21,00;20.82;17,59;0,51;;514
02/10/26;IBERDROLA;CALL;Mar-27;22,00;20.82;17,37;0,34;;25
02/10/26;IBERDROLA;CALL;Mar-27;22,50;20.82;17,25;0,27;;4
02/10/26;IBERDROLA;CALL;Mar-27;23,00;20.82;17,14;0,21;;258
02/10/26;IBERDROLA;CALL;Mar-27;24,00;20.82;16,92;0,12;160;161
02/10/26;IBERDROLA;CALL;Mar-27;26,00;20.82;16,47;0,03;;17
02/10/26;IBERDROLA;CALL;Jun-27;17,00;20.82;21,51;0,90;;110
02/10/26;IBERDROLA;CALL;Jun-27;17,50;20.82;21,05;0,87;;100
02/10/26;IBERDROLA;CALL;Jun-27;18,00;20.82;20,59;0,83;;1
02/10/26;IBERDROLA;CALL;Jun-27;18,50;20.82;20,14;0,80;;7
02/10/26;IBERDROLA;CALL;Jun-27;19,00;20.82;19,68;0,75;;5.500
02/10/26;IBERDROLA;CALL;Jun-27;19,50;20.82;19,22;0,70;;7
02/10/26;IBERDROLA;CALL;Jun-27;20,00;20.82;18,77;0,64;;105
02/10/26;IBERDROLA;CALL;Jun-27;20,50;20.82;18,31;0,59;;3
02/10/26;IBERDROLA;CALL;Jun-27;21,00;20.82;17,98;0,52;;5.013
02/10/26;IBERDROLA;CALL;Jun-27;22,00;20.82;17,77;0,40;;305
02/10/26;IBERDROLA;CALL;Jun-27;22,50;20.82;17,67;0,34;;1
02/10/26;IBERDROLA;CALL;Jun-27;23,00;20.82;17,57;0,29;;100
02/10/26;IBERDROLA;CALL;Jun-27;24,00;20.82;17,36;0,20;;2
02/10/26;IBERDROLA;CALL;Jun-27;25,00;20.82;17,15;0,13;;150
02/10/26;IBERDROLA;CALL;Sep-27;10,50;20.82;26,99;1,00;;3
02/10/26;IBERDROLA;CALL;Sep-27;16,50;20.82;21,90;0,91;;10.100
02/10/26;IBERDROLA;CALL;Sep-27;17,00;20.82;21,47;0,88;;100
02/10/26;IBERDROLA;CALL;Sep-27;17,50;20.82;21,05;0,85;;100
02/10/26;IBERDROLA;CALL;Sep-27;19,50;20.82;19,35;0,69;;155
02/10/26;IBERDROLA;CALL;Sep-27;20,50;20.82;18,50;0,59;;1
02/10/26;IBERDROLA;CALL;Sep-27;22,00;20.82;18,00;0,42;;5
02/10/26;IBERDROLA;CALL;Sep-27;24,00;20.82;17,62;0,23;4;4
02/10/26;IBERDROLA;CALL;Dic-27;10,00;20.82;27,33;1,00;;30
02/10/26;IBERDROLA;CALL;Dic-27;13,00;20.82;24,89;0,99;;50
02/10/26;IBERDROLA;CALL;Dic-27;14,00;20.82;24,07;0,98;;5
02/10/26;IBERDROLA;CALL;Dic-27;15,00;20.82;23,25;0,95;;5
02/10/26;IBERDROLA;CALL;Dic-27;16,00;20.82;22,44;0,91;;26
02/10/26;IBERDROLA;CALL;Dic-27;16,50;20.82;22,03;0,89;;25
02/10/26;IBERDROLA;CALL;Dic-27;17,00;20.82;21,62;0,86;;7.530
02/10/26;IBERDROLA;CALL;Dic-27;17,50;20.82;21,21;0,83;;25
02/10/26;IBERDROLA;CALL;Dic-27;18,00;20.82;20,80;0,79;;10.005
02/10/26;IBERDROLA;CALL;Dic-27;18,50;20.82;20,39;0,76;;251
02/10/26;IBERDROLA;CALL;Dic-27;19,00;20.82;19,99;0,72;;157
02/10/26;IBERDROLA;CALL;Dic-27;19,50;20.82;19,58;0,67;;395
02/10/26;IBERDROLA;CALL;Dic-27;20,00;20.82;19,17;0,63;;13.211
02/10/26;IBERDROLA;CALL;Dic-27;21,00;20.82;18,47;0,53;;8.750
02/10/26;IBERDROLA;CALL;Dic-27;22,00;20.82;18,29;0,43;;5.004
02/10/26;IBERDROLA;CALL;Dic-27;23,00;20.82;18,12;0,34;;6
02/10/26;IBERDROLA;CALL;Dic-27;24,00;20.82;17,94;0,26;;2.757
02/10/26;IBERDROLA;CALL;Dic-27;25,00;20.82;17,76;0,20;;2.002
02/10/26;IBERDROLA;CALL;Mar-28;19,00;20.82;19,90;0,71;;1
02/10/26;IBERDROLA;CALL;Mar-28;20,00;20.82;19,11;0,62;;102
02/10/26;IBERDROLA;CALL;Mar-28;21,00;20.82;18,43;0,53;;6
02/10/26;IBERDROLA;CALL;Mar-28;26,00;20.82;17,39;0,16;;1
02/10/26;IBERDROLA;CALL;Jun-28;10,00;20.82;26,60;1,00;;2
02/10/26;IBERDROLA;CALL;Jun-28;20,00;20.82;19,23;0,62;;1
02/10/26;IBERDROLA;CALL;Jun-28;20,50;20.82;18,87;0,58;;1
02/10/26;IBERDROLA;CALL;Jun-28;22,50;20.82;18,33;0,42;;7
02/10/26;IBERDROLA;CALL;Jun-28;28,00;20.82;17,37;0,12;;15
02/10/26;IBERDROLA;CALL;Sep-28;19,50;20.82;19,82;0,66;;75
02/10/26;IBERDROLA;CALL;Sep-28;20,00;20.82;19,47;0,62;;25
02/10/26;IBERDROLA;CALL;Dic-28;16,00;20.82;21,81;0,87;;5.000
02/10/26;IBERDROLA;CALL;Dic-28;18,00;20.82;20,47;0,75;;500
02/10/26;IBERDROLA;CALL;Dic-28;18,50;20.82;20,13;0,72;;25
02/10/26;IBERDROLA;CALL;Dic-28;19,00;20.82;19,79;0,69;;1
02/10/26;IBERDROLA;CALL;Dic-28;22,00;20.82;18,38;0,47;;1
02/10/26;IBERDROLA;CALL;Dic-28;23,00;20.82;18,22;0,40;;1
02/10/26;IBERDROLA;CALL;Dic-28;24,00;20.82;18,06;0,34;;15
02/10/26;IBERDROLA;CALL;Dic-28;25,00;20.82;17,90;0,28;;10
02/10/26;IBERDROLA;CALL;Dic-28;26,00;20.82;17,74;0,23;;1
02/10/26;IBERDROLA;CALL;Dic-29;15,00;20.82;22,43;0,90;;1
02/10/26;IBERDROLA;CALL;Dic-29;18,00;20.82;20,56;0,73;;6.000
02/10/26;IBERDROLA;CALL;Dic-29;19,00;20.82;19,94;0,67;;25
02/10/26;IBERDROLA;CALL;Dic-29;21,50;20.82;18,72;0,52;;1
02/10/26;IBERDROLA;CALL;Dic-29;23,00;20.82;18,56;0,43;;3
02/10/26;IBERDROLA;CALL;Dic-29;25,00;20.82;18,33;0,33;;1
02/10/26;IBERDROLA;CALL;Jun-30;21,00;20.82;19,77;0,56;;1
02/10/26;IBERDROLA;CALL;Dic-30;18,00;20.82;22,08;0,72;;245
02/10/26;IBERDROLA;PUT;Oct-26;19,00;20.82;19,69;-0,01;;5.013
02/10/26;IBERDROLA;PUT;Oct-26;19,50;20.82;19,06;-0,04;2;28
02/10/26;IBERDROLA;PUT;Oct-26;20,00;20.82;18,43;-0,12;;23
02/10/26;IBERDROLA;PUT;Oct-26;20,25;20.82;18,11;-0,21;;2
02/10/26;IBERDROLA;PUT;Oct-26;20,50;20.82;17,79;-0,32;;1
02/10/26;IBERDROLA;PUT;Oct-26;20,75;20.82;17,48;-0,45;10;10
02/10/26;IBERDROLA;PUT;Oct-26;21,50;20.82;17,34;-0,82;1;1
02/10/26;IBERDROLA;PUT;Nov-26;18,00;20.82;20,54;-0,02;;6
02/10/26;IBERDROLA;PUT;Nov-26;19,00;20.82;19,29;-0,09;;19
02/10/26;IBERDROLA;PUT;Nov-26;19,50;20.82;18,67;-0,15;;23
02/10/26;IBERDROLA;PUT;Nov-26;20,00;20.82;18,04;-0,25;;25.010
02/10/26;IBERDROLA;PUT;Dic-26;9,00;20.82;32,02;;;2.000
02/10/26;IBERDROLA;PUT;Dic-26;9,50;20.82;31,39;;;2
02/10/26;IBERDROLA;PUT;Dic-26;9,75;20.82;31,07;;;25
02/10/26;IBERDROLA;PUT;Dic-26;10,50;20.82;30,12;;;502
02/10/26;IBERDROLA;PUT;Dic-26;11,00;20.82;29,49;;;1.348
02/10/26;IBERDROLA;PUT;Dic-26;11,50;20.82;28,86;;;26
02/10/26;IBERDROLA;PUT;Dic-26;12,00;20.82;28,23;;;10.150
02/10/26;IBERDROLA;PUT;Dic-26;13,00;20.82;26,96;;;21
02/10/26;IBERDROLA;PUT;Dic-26;13,50;20.82;26,33;;;10.000
02/10/26;IBERDROLA;PUT;Dic-26;14,00;20.82;25,70;;;15.010
02/10/26;IBERDROLA;PUT;Dic-26;14,50;20.82;25,06;;;10
02/10/26;IBERDROLA;PUT;Dic-26;15,00;20.82;24,43;;;2
02/10/26;IBERDROLA;PUT;Dic-26;15,50;20.82;23,80;;;30
02/10/26;IBERDROLA;PUT;Dic-26;16,00;20.82;23,17;;;34.287
02/10/26;IBERDROLA;PUT;Dic-26;16,50;20.82;22,53;-0,01;;255
02/10/26;IBERDROLA;PUT;Dic-26;17,00;20.82;21,90;-0,02;;67.047
02/10/26;IBERDROLA;PUT;Dic-26;17,50;20.82;21,27;-0,03;;10.009
02/10/26;IBERDROLA;PUT;Dic-26;18,00;20.82;20,64;-0,05;7.500;81.283
02/10/26;IBERDROLA;PUT;Dic-26;18,50;20.82;20,00;-0,08;;7.410
02/10/26;IBERDROLA;PUT;Dic-26;19,00;20.82;19,37;-0,13;;11.525
02/10/26;IBERDROLA;PUT;Dic-26;19,50;20.82;18,74;-0,20;1;16.517
02/10/26;IBERDROLA;PUT;Dic-26;20,00;20.82;18,11;-0,28;;85.024
02/10/26;IBERDROLA;PUT;Dic-26;20,50;20.82;17,47;-0,39;;3
02/10/26;IBERDROLA;PUT;Dic-26;21,00;20.82;17,05;-0,51;;888
02/10/26;IBERDROLA;PUT;Dic-26;21,50;20.82;17,00;-0,63;;11
02/10/26;IBERDROLA;PUT;Dic-26;22,00;20.82;16,96;-0,75;;3
02/10/26;IBERDROLA;PUT;Mar-27;10,50;20.82;27,54;;;1
02/10/26;IBERDROLA;PUT;Mar-27;14,00;20.82;23,90;-0,01;;1
02/10/26;IBERDROLA;PUT;Mar-27;15,00;20.82;22,86;-0,01;;1
02/10/26;IBERDROLA;PUT;Mar-27;16,00;20.82;21,82;-0,03;;21
02/10/26;IBERDROLA;PUT;Mar-27;16,50;20.82;21,30;-0,05;;4
02/10/26;IBERDROLA;PUT;Mar-27;18,00;20.82;19,73;-0,13;;4
02/10/26;IBERDROLA;PUT;Mar-27;18,50;20.82;19,21;-0,17;;3
02/10/26;IBERDROLA;PUT;Mar-27;19,00;20.82;18,69;-0,22;;5.011
02/10/26;IBERDROLA;PUT;Mar-27;19,50;20.82;18,17;-0,29;;306
02/10/26;IBERDROLA;PUT;Mar-27;20,00;20.82;17,65;-0,36;;80
02/10/26;IBERDROLA;PUT;Mar-27;24,00;20.82;16,09;-0,92;;1
02/10/26;IBERDROLA;PUT;Jun-27;15,00;20.82;22,54;-0,03;;13
02/10/26;IBERDROLA;PUT;Jun-27;15,50;20.82;22,08;-0,04;;2
02/10/26;IBERDROLA;PUT;Jun-27;16,00;20.82;21,63;-0,06;;1.020
02/10/26;IBERDROLA;PUT;Jun-27;16,50;20.82;21,17;-0,08;;12
02/10/26;IBERDROLA;PUT;Jun-27;17,00;20.82;20,72;-0,10;;5.524
02/10/26;IBERDROLA;PUT;Jun-27;17,50;20.82;20,26;-0,13;;5
02/10/26;IBERDROLA;PUT;Jun-27;18,00;20.82;19,80;-0,17;4;19
02/10/26;IBERDROLA;PUT;Jun-27;18,50;20.82;19,35;-0,21;;5
02/10/26;IBERDROLA;PUT;Jun-27;19,00;20.82;18,89;-0,25;;9
02/10/26;IBERDROLA;PUT;Jun-27;19,50;20.82;18,43;-0,31;;50
02/10/26;IBERDROLA;PUT;Jun-27;20,00;20.82;17,98;-0,37;;14.023
02/10/26;IBERDROLA;PUT;Jun-27;21,00;20.82;17,19;-0,50;;4.000
02/10/26;IBERDROLA;PUT;Jun-27;23,00;20.82;16,78;-0,77;;2
02/10/26;IBERDROLA;PUT;Sep-27;16,00;20.82;21,55;-0,10;;35.004
02/10/26;IBERDROLA;PUT;Sep-27;16,50;20.82;21,13;-0,12;;200
02/10/26;IBERDROLA;PUT;Sep-27;17,00;20.82;20,70;-0,15;;105
02/10/26;IBERDROLA;PUT;Sep-27;17,50;20.82;20,28;-0,18;;200
02/10/26;IBERDROLA;PUT;Sep-27;18,00;20.82;19,85;-0,22;;5.300
02/10/26;IBERDROLA;PUT;Sep-27;19,00;20.82;19,00;-0,30;;50
02/10/26;IBERDROLA;PUT;Sep-27;19,50;20.82;18,58;-0,35;;3.050
02/10/26;IBERDROLA;PUT;Sep-27;20,00;20.82;18,16;-0,41;;27
02/10/26;IBERDROLA;PUT;Sep-27;20,50;20.82;17,73;-0,46;;50
02/10/26;IBERDROLA;PUT;Dic-27;9,50;20.82;26,44;;;2.000
02/10/26;IBERDROLA;PUT;Dic-27;10,00;20.82;26,03;;;5
02/10/26;IBERDROLA;PUT;Dic-27;11,50;20.82;24,81;-0,01;;1.800
02/10/26;IBERDROLA;PUT;Dic-27;12,00;20.82;24,40;-0,01;;30.000
02/10/26;IBERDROLA;PUT;Dic-27;13,00;20.82;23,59;-0,03;;35.000
02/10/26;IBERDROLA;PUT;Dic-27;14,00;20.82;22,77;-0,04;;10.000
02/10/26;IBERDROLA;PUT;Dic-27;14,50;20.82;22,36;-0,06;;20.002
02/10/26;IBERDROLA;PUT;Dic-27;16,00;20.82;21,14;-0,11;;25.001
02/10/26;IBERDROLA;PUT;Dic-27;16,50;20.82;20,73;-0,13;;2.002
02/10/26;IBERDROLA;PUT;Dic-27;17,00;20.82;20,32;-0,16;;2.750
02/10/26;IBERDROLA;PUT;Dic-27;17,50;20.82;19,91;-0,19;;460
02/10/26;IBERDROLA;PUT;Dic-27;18,00;20.82;19,50;-0,23;;409
02/10/26;IBERDROLA;PUT;Dic-27;18,50;20.82;19,09;-0,27;;175
02/10/26;IBERDROLA;PUT;Dic-27;19,00;20.82;18,69;-0,31;4;4.815
02/10/26;IBERDROLA;PUT;Dic-27;19,50;20.82;18,28;-0,35;;25
02/10/26;IBERDROLA;PUT;Dic-27;20,00;20.82;17,87;-0,40;;9.250
02/10/26;IBERDROLA;PUT;Dic-27;21,00;20.82;17,17;-0,51;;1.250
02/10/26;IBERDROLA;PUT;Dic-27;22,00;20.82;16,99;-0,61;;50
02/10/26;IBERDROLA;PUT;Mar-28;18,00;20.82;19,01;-0,24;;200
02/10/26;IBERDROLA;PUT;Jun-28;13,00;20.82;22,22;-0,04;;150
02/10/26;IBERDROLA;PUT;Jun-28;14,00;20.82;21,48;-0,06;;150
02/10/26;IBERDROLA;PUT;Dic-28;15,00;20.82;19,79;-0,11;;5.000
02/10/26;IBERDROLA;PUT;Dic-28;21,50;20.82;15,77;-0,55;;4.000
02/10/26;IBERDROLA;PUT;Dic-28;24,00;20.82;15,37;-0,74;;1
02/10/26;IBERDROLA;PUT;Dic-29;19,00;20.82;16,70;-0,36;;2
02/10/26;IBERDROLA;PUT;Dic-30;14,50;20.82;19,28;-0,15;;5
02/10/26;IBERDROLA;CALL;Oct-26;20,50;20.82;17,32;0,69;;2.041
02/10/26;IBERDROLA;CALL;Oct-26;21,00;20.82;16,91;0,42;;4.082
02/10/26;IBERDROLA;CALL;Nov-26;20,50;20.82;17,66;0,62;;1
02/10/26;IBERDROLA;CALL;Nov-26;21,00;20.82;17,25;0,48;;4
02/10/26;IBERDROLA;CALL;Nov-26;21,50;20.82;17,24;0,34;;2.122
02/10/26;IBERDROLA;CALL;Nov-26;22,00;20.82;17,22;0,22;;4.244
02/10/26;IBERDROLA;CALL;Dic-26;14,00;20.82;25,91;0,99;;150
02/10/26;IBERDROLA;CALL;Dic-26;14,50;20.82;25,27;0,99;;810
02/10/26;IBERDROLA;CALL;Dic-26;18,00;20.82;20,85;0,94;;10
02/10/26;IBERDROLA;CALL;Dic-26;18,50;20.82;20,21;0,91;;200
02/10/26;IBERDROLA;CALL;Dic-26;19,00;20.82;19,58;0,86;;50
02/10/26;IBERDROLA;CALL;Dic-26;20,00;20.82;18,32;0,72;;10
02/10/26;IBERDROLA;CALL;Dic-26;20,50;20.82;17,68;0,61;;1
02/10/26;IBERDROLA;CALL;Dic-26;21,00;20.82;17,26;0,50;;15
02/10/26;IBERDROLA;CALL;Dic-26;22,00;20.82;17,17;0,28;;17
02/10/26;IBERDROLA;CALL;Mar-27;20,50;20.82;17,96;0,56;;1
02/10/26;IBERDROLA;CALL;Mar-27;21,00;20.82;17,59;0,49;;10
02/10/26;IBERDROLA;CALL;Mar-27;24,00;20.82;16,92;0,12;;10
02/10/26;IBERDROLA;CALL;Jun-27;24,00;20.82;17,36;0,19;;5
02/10/26;IBERDROLA;CALL;Dic-27;12,00;20.82;25,70;0,95;;2.000
02/10/26;IBERDROLA;CALL;Dic-27;17,00;20.82;21,62;0,80;;2
02/10/26;IBERDROLA;CALL;Jun-30;21,00;20.82;19,77;0,50;;1
02/10/26;IBERDROLA;PUT;Oct-26;20,25;20.82;18,11;-0,21;;1
02/10/26;IBERDROLA;PUT;Dic-26;15,00;20.82;24,43;;;600
02/10/26;IBERDROLA;PUT;Dic-26;16,00;20.82;23,17;-0,01;;1
02/10/26;IBERDROLA;PUT;Dic-26;19,00;20.82;19,37;-0,13;;21
02/10/26;IBERDROLA;PUT;Dic-26;19,50;20.82;18,74;-0,19;;4
02/10/26;IBERDROLA;PUT;Dic-26;19,50;20.82;18,74;-0,19;;10
02/10/26;IBERDROLA;PUT;Dic-26;20,00;20.82;18,11;-0,28;;6
02/10/26;IBERDROLA;PUT;Dic-26;21,00;20.82;17,05;-0,50;;10
02/10/26;IBERDROLA;PUT;Dic-26;21,00;20.82;17,05;-0,50;;10
02/10/26;IBERDROLA;PUT;Dic-26;22,00;20.82;16,96;-0,72;;10
02/10/26;IBERDROLA;PUT;Dic-27;12,00;20.82;24,40;-0,01;;2.000
02/10/26;INDITEX;CALL;Oct-26;52,25;53.24;22,03;0,68;;3
02/10/26;INDITEX;CALL;Oct-26;56,11;53.24;20,80;0,11;450;252
02/10/26;INDITEX;CALL;Oct-26;61,92;53.24;19,82;;;3
02/10/26;INDITEX;CALL;Oct-26;63,85;53.24;19,50;;;100
02/10/26;INDITEX;CALL;Nov-26;50,00;53.24;23,99;0,79;150;150
02/10/26;INDITEX;CALL;Nov-26;50,31;53.24;23,76;0,77;250;250
02/10/26;INDITEX;CALL;Nov-26;54,17;53.24;21,42;0,42;375;75
02/10/26;INDITEX;CALL;Nov-26;56,11;53.24;21,13;0,25;300;32
02/10/26;INDITEX;CALL;Nov-26;58,05;53.24;20,84;0,13;300;2
02/10/26;INDITEX;CALL;Nov-26;63,85;53.24;19,97;0,01;;1
02/10/26;INDITEX;CALL;Nov-26;65,78;53.24;19,68;;;100
02/10/26;INDITEX;CALL;Dic-26;35,80;53.24;36,55;1,00;;3
02/10/26;INDITEX;CALL;Dic-26;38,70;53.24;34,61;0,99;;1
02/10/26;INDITEX;CALL;Dic-26;39,67;53.24;33,96;0,99;;50
02/10/26;INDITEX;CALL;Dic-26;40,63;53.24;33,32;0,98;;25
02/10/26;INDITEX;CALL;Dic-26;44,49;53.24;30,73;0,92;;120
02/10/26;INDITEX;CALL;Dic-26;46,44;53.24;29,43;0,87;;26
02/10/26;INDITEX;CALL;Dic-26;47,41;53.24;28,78;0,83;;325
02/10/26;INDITEX;CALL;Dic-26;48,38;53.24;28,13;0,79;;400
02/10/26;INDITEX;CALL;Dic-26;50,00;53.24;27,04;0,71;;2
02/10/26;INDITEX;CALL;Dic-26;50,31;53.24;26,83;0,70;;50
02/10/26;INDITEX;CALL;Dic-26;52,25;53.24;25,53;0,58;;31
02/10/26;INDITEX;CALL;Dic-26;54,17;53.24;24,72;0,46;;57
02/10/26;INDITEX;CALL;Dic-26;56,11;53.24;24,40;0,34;;149
02/10/26;INDITEX;CALL;Dic-26;58,00;53.24;24,10;0,23;;750
02/10/26;INDITEX;CALL;Dic-26;58,05;53.24;24,09;0,23;;660
02/10/26;INDITEX;CALL;Dic-26;59,99;53.24;23,77;0,15;;207
02/10/26;INDITEX;CALL;Dic-26;61,92;53.24;23,46;0,09;;253
02/10/26;INDITEX;CALL;Dic-26;63,85;53.24;23,14;0,05;;212
02/10/26;INDITEX;CALL;Dic-26;65,78;53.24;22,83;0,02;;18
02/10/26;INDITEX;CALL;Dic-26;67,72;53.24;22,51;0,01;;15
02/10/26;INDITEX;CALL;Dic-26;69,66;53.24;22,20;;;10
02/10/26;INDITEX;CALL;Dic-26;71,60;53.24;21,88;;;3
02/10/26;INDITEX;CALL;Mar-27;52,25;53.24;25,58;0,59;;100
02/10/26;INDITEX;CALL;Mar-27;54,17;53.24;24,86;0,51;;4
02/10/26;INDITEX;CALL;Mar-27;58,05;53.24;24,33;0,34;;100
02/10/26;INDITEX;CALL;Mar-27;59,99;53.24;24,06;0,27;;4
02/10/26;INDITEX;CALL;Mar-27;61,92;53.24;23,79;0,21;8;8
02/10/26;INDITEX;CALL;Mar-27;63,85;53.24;23,53;0,15;;410
02/10/26;INDITEX;CALL;Mar-27;65,78;53.24;23,26;0,11;;300
02/10/26;INDITEX;CALL;Mar-27;67,72;53.24;23,00;0,08;;85
02/10/26;INDITEX;CALL;Mar-27;69,66;53.24;22,73;0,05;;25
02/10/26;INDITEX;CALL;Mar-27;71,60;53.24;22,46;0,03;;10
02/10/26;INDITEX;CALL;Mar-27;73,53;53.24;22,20;0,02;;20
02/10/26;INDITEX;CALL;Jun-27;38,70;53.24;32,97;0,92;;150
02/10/26;INDITEX;CALL;Jun-27;45,47;53.24;29,66;0,79;;25
02/10/26;INDITEX;CALL;Jun-27;50,31;53.24;27,30;0,66;;25
02/10/26;INDITEX;CALL;Jun-27;54,17;53.24;25,72;0,52;;1
02/10/26;INDITEX;CALL;Jun-27;58,05;53.24;25,09;0,39;;150
02/10/26;INDITEX;CALL;Jun-27;59,99;53.24;24,77;0,33;;188
02/10/26;INDITEX;CALL;Jun-27;61,92;53.24;24,46;0,27;;100
02/10/26;INDITEX;CALL;Jun-27;69,66;53.24;23,20;0,10;;100
02/10/26;INDITEX;CALL;Jun-27;71,60;53.24;22,88;0,07;;25
02/10/26;INDITEX;CALL;Jun-27;73,53;53.24;22,57;0,05;;50
02/10/26;INDITEX;CALL;Sep-27;54,17;53.24;26,14;0,53;;2
02/10/26;INDITEX;CALL;Sep-27;59,99;53.24;25,27;0,37;;25
02/10/26;INDITEX;CALL;Sep-27;63,85;53.24;24,69;0,27;1;26
02/10/26;INDITEX;CALL;Sep-27;69,66;53.24;23,81;0,16;;1
02/10/26;INDITEX;CALL;Sep-27;71,60;53.24;23,52;0,12;;25
02/10/26;INDITEX;CALL;Dic-27;37,73;53.24;31,82;0,89;;25
02/10/26;INDITEX;CALL;Dic-27;38,70;53.24;31,48;0,88;;1
02/10/26;INDITEX;CALL;Dic-27;39,67;53.24;31,14;0,86;;1
02/10/26;INDITEX;CALL;Dic-27;43,54;53.24;29,78;0,79;;50
02/10/26;INDITEX;CALL;Dic-27;45,47;53.24;29,10;0,75;;25
02/10/26;INDITEX;CALL;Dic-27;47,41;53.24;28,42;0,71;;25
02/10/26;INDITEX;CALL;Dic-27;52,25;53.24;26,73;0,59;;25
02/10/26;INDITEX;CALL;Dic-27;54,17;53.24;26,26;0,54;;25
02/10/26;INDITEX;CALL;Dic-27;58,05;53.24;25,75;0,44;;3
02/10/26;INDITEX;CALL;Dic-27;59,99;53.24;25,49;0,39;;25
02/10/26;INDITEX;CALL;Dic-27;61,92;53.24;25,24;0,35;;175
02/10/26;INDITEX;CALL;Dic-27;63,85;53.24;24,98;0,31;;500
02/10/26;INDITEX;CALL;Dic-27;65,78;53.24;24,73;0,27;;10
02/10/26;INDITEX;CALL;Dic-27;71,60;53.24;23,97;0,16;;1
02/10/26;INDITEX;CALL;Mar-28;33,30;53.24;33,84;0,93;;2
02/10/26;INDITEX;CALL;Mar-28;52,89;53.24;26,97;0,59;;50
02/10/26;INDITEX;CALL;Mar-28;54,86;53.24;26,60;0,54;;75
02/10/26;INDITEX;CALL;Mar-28;56,81;53.24;26,29;0,50;;75
02/10/26;INDITEX;CALL;Mar-28;58,77;53.24;25,98;0,45;;50
02/10/26;INDITEX;CALL;Mar-28;60,73;53.24;25,68;0,41;;25
02/10/26;INDITEX;CALL;Mar-28;64,65;53.24;25,06;0,33;;25
02/10/26;INDITEX;CALL;Mar-28;66,60;53.24;24,76;0,29;;25
02/10/26;INDITEX;CALL;Mar-28;68,56;53.24;24,45;0,25;;25
02/10/26;INDITEX;CALL;Mar-28;70,53;53.24;24,14;0,22;;25
02/10/26;INDITEX;CALL;Mar-28;72,49;53.24;23,84;0,19;;25
02/10/26;INDITEX;CALL;Jun-28;42,12;53.24;30,84;0,80;;25
02/10/26;INDITEX;CALL;Jun-28;43,10;53.24;30,50;0,78;;25
02/10/26;INDITEX;CALL;Jun-28;56,81;53.24;26,50;0,51;;25
02/10/26;INDITEX;CALL;Jun-28;58,77;53.24;26,21;0,47;;50
02/10/26;INDITEX;CALL;Jun-28;66,60;53.24;25,09;0,31;;50
02/10/26;INDITEX;CALL;Jun-28;68,56;53.24;24,80;0,28;;25
02/10/26;INDITEX;CALL;Jun-28;70,53;53.24;24,52;0,24;;25
02/10/26;INDITEX;CALL;Jun-28;72,49;53.24;24,24;0,21;;25
02/10/26;INDITEX;CALL;Sep-28;34,61;53.24;33,17;0,89;;1
02/10/26;INDITEX;CALL;Dic-28;49,44;53.24;28,11;0,67;;2
02/10/26;INDITEX;CALL;Dic-28;67,24;53.24;25,32;0,35;;490
02/10/26;INDITEX;CALL;Dic-29;43,51;53.24;28,22;0,76;;220
02/10/26;INDITEX;PUT;Oct-26;47,41;53.24;25,48;-0,01;;3
02/10/26;INDITEX;PUT;Oct-26;48,38;53.24;24,75;-0,02;;3
02/10/26;INDITEX;PUT;Oct-26;50,00;53.24;23,53;-0,08;;7
02/10/26;INDITEX;PUT;Oct-26;50,31;53.24;23,30;-0,10;;4
02/10/26;INDITEX;PUT;Oct-26;52,25;53.24;21,84;-0,32;1;15
02/10/26;INDITEX;PUT;Oct-26;54,17;53.24;20,94;-0,65;;6
02/10/26;INDITEX;PUT;Oct-26;56,11;53.24;20,61;-0,90;150;150
02/10/26;INDITEX;PUT;Nov-26;44,49;53.24;26,91;-0,03;;2
02/10/26;INDITEX;PUT;Nov-26;47,41;53.24;24,72;-0,10;;2
02/10/26;INDITEX;PUT;Nov-26;48,38;53.24;23,99;-0,14;;5
02/10/26;INDITEX;PUT;Nov-26;50,00;53.24;22,77;-0,23;;10
02/10/26;INDITEX;PUT;Nov-26;50,31;53.24;22,54;-0,25;;1
02/10/26;INDITEX;PUT;Nov-26;52,25;53.24;21,08;-0,41;;3
02/10/26;INDITEX;PUT;Nov-26;54,17;53.24;20,20;-0,60;;1
02/10/26;INDITEX;PUT;Dic-26;32,90;53.24;36,76;;;26
02/10/26;INDITEX;PUT;Dic-26;33,87;53.24;36,11;;;21
02/10/26;INDITEX;PUT;Dic-26;34,83;53.24;35,46;;;25
02/10/26;INDITEX;PUT;Dic-26;35,80;53.24;34,81;-0,01;;25
02/10/26;INDITEX;PUT;Dic-26;36,76;53.24;34,17;-0,01;;26
02/10/26;INDITEX;PUT;Dic-26;37,73;53.24;33,52;-0,01;;150
02/10/26;INDITEX;PUT;Dic-26;38,70;53.24;32,87;-0,01;;150
02/10/26;INDITEX;PUT;Dic-26;39,67;53.24;32,22;-0,02;;11
02/10/26;INDITEX;PUT;Dic-26;40,63;53.24;31,58;-0,03;;2
02/10/26;INDITEX;PUT;Dic-26;41,60;53.24;30,93;-0,04;;86
02/10/26;INDITEX;PUT;Dic-26;42,57;53.24;30,28;-0,05;;150
02/10/26;INDITEX;PUT;Dic-26;43,54;53.24;29,63;-0,06;;75
02/10/26;INDITEX;PUT;Dic-26;44,49;53.24;28,99;-0,08;;62
02/10/26;INDITEX;PUT;Dic-26;45,47;53.24;28,34;-0,10;;35
02/10/26;INDITEX;PUT;Dic-26;46,44;53.24;27,69;-0,13;;345
02/10/26;INDITEX;PUT;Dic-26;47,41;53.24;27,04;-0,16;;2.410
02/10/26;INDITEX;PUT;Dic-26;48,38;53.24;26,39;-0,20;;78
02/10/26;INDITEX;PUT;Dic-26;50,00;53.24;25,30;-0,28;;298
02/10/26;INDITEX;PUT;Dic-26;50,31;53.24;25,09;-0,30;;170
02/10/26;INDITEX;PUT;Dic-26;52,25;53.24;23,79;-0,42;300;302
02/10/26;INDITEX;PUT;Dic-26;54,17;53.24;22,98;-0,56;;127
02/10/26;INDITEX;PUT;Dic-26;56,11;53.24;22,66;-0,69;;210
02/10/26;INDITEX;PUT;Dic-26;59,99;53.24;22,03;-0,89;;176
02/10/26;INDITEX;PUT;Dic-26;67,72;53.24;20,77;-1,00;1;
02/10/26;INDITEX;PUT;Mar-27;33,87;53.24;34,54;-0,02;;50
02/10/26;INDITEX;PUT;Mar-27;34,83;53.24;33,97;-0,02;;50
02/10/26;INDITEX;PUT;Mar-27;35,80;53.24;33,39;-0,03;;75
02/10/26;INDITEX;PUT;Mar-27;36,76;53.24;32,82;-0,04;;75
02/10/26;INDITEX;PUT;Mar-27;37,73;53.24;32,25;-0,04;;25
02/10/26;INDITEX;PUT;Mar-27;38,70;53.24;31,67;-0,05;;25
02/10/26;INDITEX;PUT;Mar-27;39,67;53.24;31,09;-0,06;;52
02/10/26;INDITEX;PUT;Mar-27;40,63;53.24;30,52;-0,08;;88
02/10/26;INDITEX;PUT;Mar-27;41,60;53.24;29,94;-0,09;;10
02/10/26;INDITEX;PUT;Mar-27;42,57;53.24;29,37;-0,11;;1
02/10/26;INDITEX;PUT;Mar-27;43,54;53.24;28,79;-0,13;;10
02/10/26;INDITEX;PUT;Mar-27;44,49;53.24;28,22;-0,15;;18
02/10/26;INDITEX;PUT;Mar-27;45,47;53.24;27,64;-0,17;;13
02/10/26;INDITEX;PUT;Mar-27;47,41;53.24;26,49;-0,22;;1
02/10/26;INDITEX;PUT;Mar-27;50,00;53.24;24,95;-0,32;;3.012
02/10/26;INDITEX;PUT;Mar-27;50,31;53.24;24,76;-0,33;;402
02/10/26;INDITEX;PUT;Mar-27;52,25;53.24;23,61;-0,42;;200
02/10/26;INDITEX;PUT;Mar-27;54,17;53.24;22,89;-0,51;;5
02/10/26;INDITEX;PUT;Jun-27;26,12;53.24;36,74;-0,01;;1
02/10/26;INDITEX;PUT;Jun-27;30,96;53.24;34,38;-0,02;;150
02/10/26;INDITEX;PUT;Jun-27;33,87;53.24;32,96;-0,04;;200
02/10/26;INDITEX;PUT;Jun-27;34,83;53.24;32,49;-0,05;;180
02/10/26;INDITEX;PUT;Jun-27;36,76;53.24;31,55;-0,07;;25
02/10/26;INDITEX;PUT;Jun-27;38,70;53.24;30,60;-0,09;;150
02/10/26;INDITEX;PUT;Jun-27;39,67;53.24;30,13;-0,10;;101
02/10/26;INDITEX;PUT;Jun-27;41,60;53.24;29,18;-0,14;;176
02/10/26;INDITEX;PUT;Jun-27;42,57;53.24;28,71;-0,15;;150
02/10/26;INDITEX;PUT;Jun-27;43,54;53.24;28,24;-0,17;;150
02/10/26;INDITEX;PUT;Jun-27;44,49;53.24;27,77;-0,20;;50
02/10/26;INDITEX;PUT;Jun-27;46,44;53.24;26,82;-0,24;;25
02/10/26;INDITEX;PUT;Jun-27;47,41;53.24;26,35;-0,27;;153
02/10/26;INDITEX;PUT;Jun-27;48,38;53.24;25,87;-0,30;;150
02/10/26;INDITEX;PUT;Jun-27;50,00;53.24;25,08;-0,35;;10
02/10/26;INDITEX;PUT;Jun-27;50,31;53.24;24,93;-0,37;;3
02/10/26;INDITEX;PUT;Jun-27;52,25;53.24;23,98;-0,44;;150
02/10/26;INDITEX;PUT;Jun-27;56,11;53.24;23,03;-0,58;;25
02/10/26;INDITEX;PUT;Jun-27;65,78;53.24;21,46;-0,87;;1
02/10/26;INDITEX;PUT;Sep-27;43,54;53.24;27,93;-0,19;;25
02/10/26;INDITEX;PUT;Sep-27;44,49;53.24;27,55;-0,21;;25
02/10/26;INDITEX;PUT;Sep-27;45,47;53.24;27,15;-0,24;;25
02/10/26;INDITEX;PUT;Sep-27;46,44;53.24;26,76;-0,26;;26
02/10/26;INDITEX;PUT;Sep-27;50,00;53.24;25,34;-0,36;;10
02/10/26;INDITEX;PUT;Sep-27;73,53;53.24;20,99;-0,96;;1
02/10/26;INDITEX;PUT;Dic-27;21,29;53.24;35,48;;;2
02/10/26;INDITEX;PUT;Dic-27;33,87;53.24;31,07;-0,07;;100
02/10/26;INDITEX;PUT;Dic-27;36,76;53.24;30,06;-0,10;;25
02/10/26;INDITEX;PUT;Dic-27;37,73;53.24;29,72;-0,11;;25
02/10/26;INDITEX;PUT;Dic-27;39,67;53.24;29,04;-0,14;;1
02/10/26;INDITEX;PUT;Dic-27;43,54;53.24;27,68;-0,21;;10
02/10/26;INDITEX;PUT;Dic-27;45,47;53.24;27,00;-0,25;;1.100
02/10/26;INDITEX;PUT;Dic-27;46,44;53.24;26,66;-0,27;;150
02/10/26;INDITEX;PUT;Dic-27;47,41;53.24;26,32;-0,29;;325
02/10/26;INDITEX;PUT;Dic-27;48,38;53.24;25,98;-0,32;;175
02/10/26;INDITEX;PUT;Dic-27;50,31;53.24;25,31;-0,37;;352
02/10/26;INDITEX;PUT;Dic-27;52,25;53.24;24,63;-0,42;;375
02/10/26;INDITEX;PUT;Dic-27;54,17;53.24;24,16;-0,48;;450
02/10/26;INDITEX;PUT;Dic-27;56,11;53.24;23,90;-0,54;;500
02/10/26;INDITEX;PUT;Dic-27;58,05;53.24;23,65;-0,59;;50
02/10/26;INDITEX;PUT;Dic-27;59,99;53.24;23,39;-0,65;;25
02/10/26;INDITEX;PUT;Mar-28;47,02;53.24;26,33;-0,29;;1
02/10/26;INDITEX;PUT;Jun-28;43,10;53.24;27,41;-0,22;;25
02/10/26;INDITEX;PUT;Jun-28;44,08;53.24;27,07;-0,24;;25
02/10/26;INDITEX;PUT;Jun-28;45,06;53.24;26,74;-0,26;;25
02/10/26;INDITEX;PUT;Jun-28;47,99;53.24;25,73;-0,32;;25
02/10/26;INDITEX;PUT;Dic-28;51,42;53.24;24,54;-0,39;;25
02/10/26;INDITEX;PUT;Dic-29;43,51;53.24;26,16;-0,24;;220
02/10/26;INDITEX;CALL;Oct-26;61,30;53.24;19,93;;;5.945
02/10/26;INDITEX;CALL;Oct-26;63,85;53.24;19,50;;;1
02/10/26;INDITEX;CALL;Nov-26;55,37;53.24;21,24;0,31;982;982
02/10/26;INDITEX;CALL;Nov-26;57,35;53.24;20,94;0,17;1.964;1.964
02/10/26;INDITEX;CALL;Nov-26;63,85;53.24;19,97;0,01;;4
02/10/26;INDITEX;CALL;Dic-26;54,17;53.24;24,72;0,46;2;
02/10/26;INDITEX;CALL;Dic-26;56,11;53.24;24,40;0,34;;15
02/10/26;INDITEX;CALL;Dic-26;58,05;53.24;24,09;0,23;;8
02/10/26;INDITEX;PUT;Oct-26;51,42;53.24;22,47;-0,20;;5
02/10/26;INDITEX;PUT;Oct-26;52,25;53.24;21,84;-0,32;;2
02/10/26;INDITEX;PUT;Oct-26;54,17;53.24;20,94;-0,65;;3
02/10/26;INDITEX;PUT;Nov-26;52,25;53.24;21,08;-0,40;;1
02/10/26;INDITEX;PUT;Dic-26;42,57;53.24;30,28;-0,05;;140
02/10/26;INDITEX;PUT;Dic-26;46,44;53.24;27,69;-0,13;;1
02/10/26;INDITEX;PUT;Dic-26;53,39;53.24;23,11;-0,49;150;150
02/10/26;INDITEX;PUT;Dic-26;54,17;53.24;22,98;-0,54;;23
02/10/26;INDITEX;PUT;Mar-27;42,57;53.24;29,37;-0,11;;1
02/10/26;INDITEX;PUT;Jun-27;54,17;53.24;23,35;-0,49;;12
02/10/26;INDITEX;PUT;Dic-27;59,99;53.24;23,39;-0,60;;10
02/10/26;INDRA;CALL;Oct-26;60,00;59.48;42,79;0,48;;129
02/10/26;INDRA;CALL;Oct-26;62,00;59.48;42,04;0,33;;22
02/10/26;INDRA;CALL;Oct-26;64,00;59.48;41,29;0,20;;2
02/10/26;INDRA;CALL;Oct-26;66,00;59.48;40,54;0,11;;16
02/10/26;INDRA;CALL;Oct-26;68,00;59.48;39,79;0,05;4;13
02/10/26;INDRA;CALL;Oct-26;70,00;59.48;39,04;0,02;;12
02/10/26;INDRA;CALL;Oct-26;72,00;59.48;38,29;0,01;;8
02/10/26;INDRA;CALL;Oct-26;74,00;59.48;37,54;;;8
02/10/26;INDRA;CALL;Oct-26;86,00;59.48;33,03;;;4
02/10/26;INDRA;CALL;Nov-26;60,00;59.48;42,89;0,52;;1
02/10/26;INDRA;CALL;Nov-26;66,00;59.48;41,98;0,28;;6
02/10/26;INDRA;CALL;Nov-26;68,00;59.48;41,68;0,22;2;2
02/10/26;INDRA;CALL;Nov-26;70,00;59.48;41,38;0,17;;5
02/10/26;INDRA;CALL;Nov-26;72,00;59.48;41,08;0,12;2;445
02/10/26;INDRA;CALL;Nov-26;78,00;59.48;40,17;0,04;;2
02/10/26;INDRA;CALL;Nov-26;80,00;59.48;39,87;0,03;;7
02/10/26;INDRA;CALL;Dic-26;30,00;59.48;53,64;1,00;;25
02/10/26;INDRA;CALL;Dic-26;31,00;59.48;53,25;1,00;;25
02/10/26;INDRA;CALL;Dic-26;32,00;59.48;52,86;1,00;;25
02/10/26;INDRA;CALL;Dic-26;35,00;59.48;51,68;0,99;;25
02/10/26;INDRA;CALL;Dic-26;45,00;59.48;47,76;0,92;;21
02/10/26;INDRA;CALL;Dic-26;47,00;59.48;46,98;0,89;;4
02/10/26;INDRA;CALL;Dic-26;48,00;59.48;46,58;0,87;;5
02/10/26;INDRA;CALL;Dic-26;50,00;59.48;45,80;0,83;;5
02/10/26;INDRA;CALL;Dic-26;52,00;59.48;45,01;0,78;;3
02/10/26;INDRA;CALL;Dic-26;54,00;59.48;44,23;0,73;;130
02/10/26;INDRA;CALL;Dic-26;56,00;59.48;43,45;0,67;;51
02/10/26;INDRA;CALL;Dic-26;58,00;59.48;42,66;0,60;;82
02/10/26;INDRA;CALL;Dic-26;60,00;59.48;42,08;0,53;;196
02/10/26;INDRA;CALL;Dic-26;62,00;59.48;42,07;0,46;;4
02/10/26;INDRA;CALL;Dic-26;64,00;59.48;42,05;0,40;;14
02/10/26;INDRA;CALL;Dic-26;66,00;59.48;42,04;0,34;;87
02/10/26;INDRA;CALL;Dic-26;68,00;59.48;42,03;0,29;;12
02/10/26;INDRA;CALL;Dic-26;70,00;59.48;42,02;0,24;;20
02/10/26;INDRA;CALL;Dic-26;74,00;59.48;42,00;0,16;;15
02/10/26;INDRA;CALL;Mar-27;38,00;59.48;49,97;0,94;;28
02/10/26;INDRA;CALL;Mar-27;49,00;59.48;45,59;0,79;;1
02/10/26;INDRA;CALL;Mar-27;60,00;59.48;41,27;0,56;;1
02/10/26;INDRA;CALL;Mar-27;62,00;59.48;40,71;0,51;;26
02/10/26;INDRA;CALL;Mar-27;64,00;59.48;40,15;0,46;;2
02/10/26;INDRA;CALL;Mar-27;70,00;59.48;38,47;0,33;;11
02/10/26;INDRA;CALL;Jun-27;41,00;59.48;46,60;0,88;;6
02/10/26;INDRA;CALL;Jun-27;50,00;59.48;43,78;0,76;;1
02/10/26;INDRA;CALL;Jun-27;60,00;59.48;40,74;0,58;;3
02/10/26;INDRA;CALL;Jun-27;66,00;59.48;40,03;0,47;;1
02/10/26;INDRA;CALL;Jun-27;70,00;59.48;39,56;0,40;;11
02/10/26;INDRA;CALL;Sep-27;20,00;59.48;52,26;0,99;;1
02/10/26;INDRA;CALL;Sep-27;33,00;59.48;48,62;0,94;;2
02/10/26;INDRA;CALL;Sep-27;36,00;59.48;47,78;0,91;;1
02/10/26;INDRA;CALL;Sep-27;58,00;59.48;41,61;0,62;;1
02/10/26;INDRA;CALL;Dic-27;38,00;59.48;47,26;0,88;;1
02/10/26;INDRA;CALL;Sep-28;52,00;59.48;38,78;0,73;;25
02/10/26;INDRA;CALL;Dic-28;62,00;59.48;36,51;0,62;;25
02/10/26;INDRA;PUT;Oct-26;38,00;59.48;51,42;;;5
02/10/26;INDRA;PUT;Oct-26;44,00;59.48;48,56;;;1
02/10/26;INDRA;PUT;Oct-26;46,00;59.48;47,61;;;2
02/10/26;INDRA;PUT;Oct-26;47,00;59.48;47,13;;;1
02/10/26;INDRA;PUT;Oct-26;48,00;59.48;46,66;-0,01;;3
02/10/26;INDRA;PUT;Oct-26;50,00;59.48;45,71;-0,02;;4
02/10/26;INDRA;PUT;Oct-26;52,00;59.48;44,75;-0,06;;2
02/10/26;INDRA;PUT;Oct-26;54,00;59.48;43,80;-0,12;;12
02/10/26;INDRA;PUT;Oct-26;56,00;59.48;42,85;-0,22;;13
02/10/26;INDRA;PUT;Oct-26;58,00;59.48;41,89;-0,36;;52
02/10/26;INDRA;PUT;Oct-26;60,00;59.48;40,99;-0,52;;26
02/10/26;INDRA;PUT;Oct-26;62,00;59.48;40,24;-0,68;;15
02/10/26;INDRA;PUT;Oct-26;64,00;59.48;39,49;-0,82;;3
02/10/26;INDRA;PUT;Nov-26;42,00;59.48;50,32;-0,02;;5
02/10/26;INDRA;PUT;Nov-26;47,00;59.48;48,11;-0,08;;1
02/10/26;INDRA;PUT;Nov-26;50,00;59.48;46,78;-0,13;;16
02/10/26;INDRA;PUT;Nov-26;52,00;59.48;45,89;-0,18;;2
02/10/26;INDRA;PUT;Nov-26;54,00;59.48;45,01;-0,25;;11
02/10/26;INDRA;PUT;Nov-26;56,00;59.48;44,12;-0,32;;2
02/10/26;INDRA;PUT;Nov-26;58,00;59.48;43,24;-0,40;;6
02/10/26;INDRA;PUT;Dic-26;28,00;59.48;54,20;;;1
02/10/26;INDRA;PUT;Dic-26;30,00;59.48;53,41;;;5
02/10/26;INDRA;PUT;Dic-26;31,00;59.48;53,02;;;1
02/10/26;INDRA;PUT;Dic-26;32,00;59.48;52,63;;;10
02/10/26;INDRA;PUT;Dic-26;35,00;59.48;51,45;-0,01;;1
02/10/26;INDRA;PUT;Dic-26;37,00;59.48;50,67;-0,01;;6
02/10/26;INDRA;PUT;Dic-26;38,00;59.48;50,28;-0,02;;1
02/10/26;INDRA;PUT;Dic-26;40,00;59.48;49,49;-0,03;;11
02/10/26;INDRA;PUT;Dic-26;42,00;59.48;48,71;-0,05;;10
02/10/26;INDRA;PUT;Dic-26;44,00;59.48;47,92;-0,07;;4
02/10/26;INDRA;PUT;Dic-26;45,00;59.48;47,53;-0,08;;2
02/10/26;INDRA;PUT;Dic-26;46,00;59.48;47,14;-0,09;;7
02/10/26;INDRA;PUT;Dic-26;47,00;59.48;46,75;-0,11;;6
02/10/26;INDRA;PUT;Dic-26;48,00;59.48;46,35;-0,13;;22
02/10/26;INDRA;PUT;Dic-26;50,00;59.48;45,57;-0,17;;50
02/10/26;INDRA;PUT;Dic-26;52,00;59.48;44,78;-0,22;1;77
02/10/26;INDRA;PUT;Dic-26;54,00;59.48;44,00;-0,27;;151
02/10/26;INDRA;PUT;Dic-26;58,00;59.48;42,43;-0,40;;25
02/10/26;INDRA;PUT;Dic-26;60,00;59.48;41,85;-0,47;;50
02/10/26;INDRA;PUT;Dic-26;62,00;59.48;41,84;-0,54;;35
02/10/26;INDRA;PUT;Dic-26;70,00;59.48;41,79;-0,78;;1
02/10/26;INDRA;PUT;Mar-27;37,00;59.48;50,19;-0,06;;2
02/10/26;INDRA;PUT;Mar-27;39,00;59.48;49,40;-0,07;;1
02/10/26;INDRA;PUT;Mar-27;42,00;59.48;48,21;-0,10;;2
02/10/26;INDRA;PUT;Mar-27;43,00;59.48;47,81;-0,12;;1
02/10/26;INDRA;PUT;Mar-27;44,00;59.48;47,41;-0,13;;1
02/10/26;INDRA;PUT;Mar-27;45,00;59.48;47,01;-0,14;;1
02/10/26;INDRA;PUT;Mar-27;49,00;59.48;45,42;-0,21;;10
02/10/26;INDRA;PUT;Mar-27;50,00;59.48;45,02;-0,23;;10
02/10/26;INDRA;PUT;Mar-27;52,00;59.48;44,23;-0,26;;1
02/10/26;INDRA;PUT;Mar-27;54,00;59.48;43,43;-0,31;;1
02/10/26;INDRA;PUT;Mar-27;60,00;59.48;41,10;-0,45;;3
02/10/26;INDRA;PUT;Jun-27;32,00;59.48;49,58;-0,04;;1
02/10/26;INDRA;PUT;Jun-27;50,00;59.48;43,94;-0,24;;1
02/10/26;INDRA;PUT;Jun-27;52,00;59.48;43,31;-0,28;;1
02/10/26;INDRA;PUT;Jun-27;58,00;59.48;41,42;-0,39;;12
02/10/26;INDRA;PUT;Jun-27;60,00;59.48;40,90;-0,43;;4
02/10/26;INDRA;PUT;Jun-27;62,00;59.48;40,66;-0,47;;3
02/10/26;INDRA;PUT;Sep-27;31,00;59.48;49,31;-0,05;;2
02/10/26;INDRA;PUT;Sep-27;33,00;59.48;48,75;-0,07;;1
02/10/26;INDRA;PUT;Sep-27;34,00;59.48;48,47;-0,07;;1
02/10/26;INDRA;PUT;Sep-27;36,00;59.48;47,91;-0,09;;1
02/10/26;INDRA;PUT;Sep-27;40,00;59.48;46,79;-0,13;;1
02/10/26;INDRA;PUT;Sep-27;45,00;59.48;45,39;-0,19;;15
02/10/26;INDRA;PUT;Sep-27;50,00;59.48;43,99;-0,26;;25
02/10/26;INDRA;PUT;Sep-27;56,00;59.48;42,31;-0,35;;1
02/10/26;INDRA;PUT;Dic-27;11,00;59.48;55,49;;;25
02/10/26;INDRA;PUT;Dic-27;38,00;59.48;47,17;-0,12;;1
02/10/26;INDRA;PUT;Dic-27;44,00;59.48;45,32;-0,18;;500
02/10/26;INDRA;PUT;Sep-28;47,00;59.48;39,49;-0,22;;25
02/10/26;INDRA;CALL;Dic-26;41,00;59.48;49,33;0,96;;5
02/10/26;INDRA;CALL;Dic-26;48,00;59.48;46,58;0,87;;5
02/10/26;INDRA;CALL;Dic-26;60,00;59.48;42,08;0,53;;100
02/10/26;INDRA;CALL;Dic-26;64,00;59.48;42,05;0,40;;5
02/10/26;INDRA;CALL;Dic-26;70,00;59.48;42,02;0,24;;5
02/10/26;INDRA;PUT;Nov-26;54,00;59.48;45,01;-0,25;5;5
02/10/26;INDRA;PUT;Dic-26;50,00;59.48;45,57;-0,17;;5
02/10/26;LABORAT. ROVI;CALL;Oct-26;58,00;57.4;23,02;0,43;;15
02/10/26;LABORAT. ROVI;CALL;Oct-26;60,00;57.4;22,88;0,17;;1
02/10/26;LABORAT. ROVI;CALL;Oct-26;62,00;57.4;22,74;0,05;;2
02/10/26;LABORAT. ROVI;CALL;Nov-26;60,00;57.4;27,18;0,36;;5
02/10/26;LABORAT. ROVI;CALL;Nov-26;62,00;57.4;27,06;0,25;;1
02/10/26;LABORAT. ROVI;CALL;Nov-26;64,00;57.4;26,95;0,15;;1
02/10/26;LABORAT. ROVI;CALL;Dic-26;60,00;57.4;26,60;0,40;;4
02/10/26;LABORAT. ROVI;CALL;Dic-26;62,00;57.4;26,43;0,30;;15
02/10/26;LABORAT. ROVI;CALL;Dic-26;66,00;57.4;26,08;0,14;;751
02/10/26;LABORAT. ROVI;CALL;Dic-26;70,00;57.4;25,73;0,06;;9
02/10/26;LABORAT. ROVI;CALL;Dic-26;80,00;57.4;24,86;;;15
02/10/26;LABORAT. ROVI;CALL;Dic-26;82,00;57.4;24,69;;;15
02/10/26;LABORAT. ROVI;CALL;Dic-26;84,00;57.4;24,51;;;15
02/10/26;LABORAT. ROVI;CALL;Dic-26;86,00;57.4;24,34;;;15
02/10/26;LABORAT. ROVI;CALL;Dic-26;88,00;57.4;24,16;;;14
02/10/26;LABORAT. ROVI;CALL;Dic-26;90,00;57.4;23,99;;;14
02/10/26;LABORAT. ROVI;CALL;Dic-26;92,00;57.4;23,82;;;5
02/10/26;LABORAT. ROVI;CALL;Dic-26;96,00;57.4;23,47;;;5
02/10/26;LABORAT. ROVI;CALL;Dic-26;100,00;57.4;23,12;;;5
02/10/26;LABORAT. ROVI;CALL;Mar-27;70,00;57.4;25,81;0,16;;2
02/10/26;LABORAT. ROVI;CALL;Mar-27;88,00;57.4;23,40;0,01;;10
02/10/26;LABORAT. ROVI;CALL;Jun-27;56,00;57.4;28,19;0,62;;18
02/10/26;LABORAT. ROVI;CALL;Jun-27;60,00;57.4;27,46;0,50;;1
02/10/26;LABORAT. ROVI;CALL;Jun-27;80,00;57.4;24,79;0,08;;16
02/10/26;LABORAT. ROVI;PUT;Oct-26;54,00;57.4;25,73;-0,11;;5
02/10/26;LABORAT. ROVI;PUT;Oct-26;58,00;57.4;24,07;-0,57;;20
02/10/26;LABORAT. ROVI;PUT;Nov-26;52,00;57.4;30,44;-0,17;;1
02/10/26;LABORAT. ROVI;PUT;Nov-26;54,00;57.4;29,47;-0,26;1;1
02/10/26;LABORAT. ROVI;PUT;Nov-26;56,00;57.4;28,49;-0,38;;11
02/10/26;LABORAT. ROVI;PUT;Dic-26;40,00;57.4;34,78;-0,01;;1
02/10/26;LABORAT. ROVI;PUT;Dic-26;50,00;57.4;30,48;-0,14;;2
02/10/26;LABORAT. ROVI;PUT;Dic-26;52,00;57.4;29,62;-0,21;;1
02/10/26;LABORAT. ROVI;PUT;Dic-26;54,00;57.4;28,76;-0,29;;7
02/10/26;LABORAT. ROVI;PUT;Dic-26;56,00;57.4;27,90;-0,39;;6
02/10/26;LABORAT. ROVI;PUT;Dic-26;58,00;57.4;27,25;-0,50;;7
02/10/26;LABORAT. ROVI;PUT;Dic-26;60,00;57.4;27,07;-0,61;;55
02/10/26;LABORAT. ROVI;PUT;Dic-26;62,00;57.4;26,90;-0,71;;1.500
02/10/26;LABORAT. ROVI;PUT;Dic-26;66,00;57.4;26,55;-0,87;;10
02/10/26;LABORAT. ROVI;PUT;Dic-26;68,00;57.4;26,38;-0,93;;65
02/10/26;LABORAT. ROVI;PUT;Mar-27;50,00;57.4;29,84;-0,20;;2
02/10/26;LABORAT. ROVI;PUT;Mar-27;54,00;57.4;28,54;-0,32;;5
02/10/26;LABORAT. ROVI;PUT;Mar-27;56,00;57.4;27,89;-0,39;;6
02/10/26;LABORAT. ROVI;PUT;Mar-27;58,00;57.4;27,35;-0,47;;7
02/10/26;LABORAT. ROVI;PUT;Mar-27;60,00;57.4;27,08;-0,55;;8
02/10/26;LABORAT. ROVI;PUT;Mar-27;62,00;57.4;26,82;-0,62;;2
02/10/26;LABORAT. ROVI;PUT;Jun-27;43,00;57.4;31,84;-0,10;;10
02/10/26;LABORAT. ROVI;PUT;Jun-27;44,00;57.4;31,57;-0,12;;20
02/10/26;LABORAT. ROVI;PUT;Jun-27;45,00;57.4;31,29;-0,13;;5
02/10/26;LABORAT. ROVI;PUT;Jun-27;54,00;57.4;28,84;-0,33;;1
02/10/26;LABORAT. ROVI;PUT;Jun-27;58,00;57.4;27,83;-0,45;;1
02/10/26;LABORAT. ROVI;PUT;Jun-27;60,00;57.4;27,56;-0,51;;14
02/10/26;LABORAT. ROVI;PUT;Jun-27;70,00;57.4;26,23;-0,80;;1
02/10/26;LABORAT. ROVI;PUT;Mar-27;50,00;57.4;29,84;-0,20;;3
02/10/26;MAPFRE;CALL;Oct-26;4,50;4.2;17,19;0,02;;1
02/10/26;MAPFRE;CALL;Oct-26;4,60;4.2;17,10;;;10
02/10/26;MAPFRE;CALL;Nov-26;4,40;4.2;19,41;0,29;;3
02/10/26;MAPFRE;CALL;Nov-26;4,50;4.2;19,32;0,19;;42
02/10/26;MAPFRE;CALL;Nov-26;4,60;4.2;19,23;0,11;;20
02/10/26;MAPFRE;CALL;Dic-26;3,90;4.2;20,10;0,84;;5
02/10/26;MAPFRE;CALL;Dic-26;4,10;4.2;20,02;0,64;;35
02/10/26;MAPFRE;CALL;Dic-26;4,40;4.2;19,81;0,31;;10
02/10/26;MAPFRE;CALL;Dic-26;4,50;4.2;19,72;0,22;;13
02/10/26;MAPFRE;CALL;Mar-27;4,00;4.2;21,00;0,66;;1
02/10/26;MAPFRE;CALL;Mar-27;4,10;4.2;20,96;0,59;;3
02/10/26;MAPFRE;CALL;Mar-27;4,20;4.2;20,92;0,51;;3
02/10/26;MAPFRE;CALL;Mar-27;4,30;4.2;20,85;0,45;;1
02/10/26;MAPFRE;CALL;Mar-27;4,90;4.2;20,42;0,14;;30
02/10/26;MAPFRE;CALL;Jun-27;4,20;4.2;22,02;0,53;;7
02/10/26;MAPFRE;CALL;Jun-27;4,30;4.2;21,96;0,48;;8
02/10/26;MAPFRE;CALL;Jun-27;4,50;4.2;21,83;0,37;;2
02/10/26;MAPFRE;CALL;Jun-27;4,60;4.2;21,77;0,33;;1
02/10/26;MAPFRE;CALL;Jun-27;5,00;4.2;21,51;0,17;;1
02/10/26;MAPFRE;CALL;Dic-27;5,00;4.2;24,02;0,27;;5
02/10/26;MAPFRE;PUT;Oct-26;4,30;4.2;19,95;-0,72;;14
02/10/26;MAPFRE;PUT;Oct-26;4,40;4.2;19,87;-0,88;;4
02/10/26;MAPFRE;PUT;Nov-26;4,20;4.2;21,45;-0,47;;10
02/10/26;MAPFRE;PUT;Nov-26;4,50;4.2;21,19;-0,80;;1
02/10/26;MAPFRE;PUT;Dic-26;3,20;4.2;21,05;;;2
02/10/26;MAPFRE;PUT;Dic-26;3,60;4.2;20,89;-0,07;;3
02/10/26;MAPFRE;PUT;Dic-26;3,70;4.2;20,85;-0,11;;116
02/10/26;MAPFRE;PUT;Dic-26;3,80;4.2;20,81;-0,17;;20
02/10/26;MAPFRE;PUT;Dic-26;4,00;4.2;20,73;-0,34;;5
02/10/26;MAPFRE;PUT;Dic-26;4,10;4.2;20,69;-0,44;;9
02/10/26;MAPFRE;PUT;Dic-26;4,20;4.2;20,65;-0,54;;50
02/10/26;MAPFRE;PUT;Dic-26;4,30;4.2;20,56;-0,64;;11
02/10/26;MAPFRE;PUT;Dic-26;4,50;4.2;20,39;-0,80;;20
02/10/26;MAPFRE;PUT;Mar-27;3,50;4.2;20,20;-0,09;;4
02/10/26;MAPFRE;PUT;Mar-27;3,60;4.2;20,16;-0,13;;1
02/10/26;MAPFRE;PUT;Mar-27;3,70;4.2;20,12;-0,18;;5
02/10/26;MAPFRE;PUT;Mar-27;4,00;4.2;20,00;-0,36;;3.000
02/10/26;MAPFRE;PUT;Mar-27;4,40;4.2;19,78;-0,65;;1
02/10/26;MAPFRE;PUT;Jun-27;3,70;4.2;20,79;-0,26;;3
02/10/26;MAPFRE;PUT;Dic-27;3,60;4.2;22,14;-0,27;;10
02/10/26;MELIA HOTELS;CALL;Dic-26;10,00;10.23;29,92;0,61;;20
02/10/26;MELIA HOTELS;CALL;Dic-26;11,00;10.23;28,86;0,33;;15
02/10/26;MELIA HOTELS;CALL;Dic-26;11,50;10.23;28,42;0,22;;3
02/10/26;MELIA HOTELS;CALL;Dic-26;13,00;10.23;27,10;0,03;;35
02/10/26;MELIA HOTELS;CALL;Mar-27;7,75;10.23;32,78;0,92;;8
02/10/26;MELIA HOTELS;CALL;Mar-27;8,75;10.23;31,45;0,81;;5
02/10/26;MELIA HOTELS;CALL;Mar-27;10,00;10.23;29,78;0,61;;1.900
02/10/26;MELIA HOTELS;CALL;Mar-27;12,00;10.23;28,20;0,25;;400
02/10/26;MELIA HOTELS;CALL;Mar-27;12,50;10.23;27,84;0,18;;50
02/10/26;MELIA HOTELS;CALL;Jun-27;7,50;10.23;31,74;0,91;;5
02/10/26;MELIA HOTELS;CALL;Jun-27;7,75;10.23;31,49;0,89;;5
02/10/26;MELIA HOTELS;CALL;Sep-27;7,25;10.23;31,24;0,92;;5
02/10/26;MELIA HOTELS;CALL;Dic-27;7,00;10.23;31,04;0,92;;2
02/10/26;MELIA HOTELS;PUT;Oct-26;9,50;10.23;28,76;-0,09;;4
02/10/26;MELIA HOTELS;PUT;Dic-26;8,25;10.23;32,33;-0,06;;30
02/10/26;MELIA HOTELS;PUT;Dic-26;11,00;10.23;28,36;-0,68;;20
02/10/26;MELIA HOTELS;PUT;Mar-27;9,25;10.23;30,42;-0,26;;50
02/10/26;MELIA HOTELS;PUT;Mar-27;9,50;10.23;30,09;-0,31;;100
02/10/26;MELIA HOTELS;PUT;Mar-27;9,75;10.23;29,75;-0,35;;25
02/10/26;MELIA HOTELS;PUT;Mar-27;10,00;10.23;29,42;-0,40;;100
02/10/26;MELIA HOTELS;PUT;Mar-27;11,00;10.23;28,56;-0,60;;23
02/10/26;MELIA HOTELS;PUT;Jun-27;8,75;10.23;29,69;-0,21;;2
02/10/26;MERLIN;CALL;Oct-26;13,00;12.11;21,40;0,05;;10
02/10/26;MERLIN;CALL;Nov-26;11,00;12.11;25,11;0,87;;5
02/10/26;MERLIN;CALL;Nov-26;13,50;12.11;21,90;0,10;;5
02/10/26;MERLIN;CALL;Nov-26;14,00;12.11;21,63;0,04;;5
02/10/26;MERLIN;CALL;Nov-26;14,50;12.11;21,35;0,01;;5
02/10/26;MERLIN;CALL;Dic-26;11,50;12.11;24,37;0,72;;1
02/10/26;MERLIN;CALL;Dic-26;16,50;12.11;20,91;;;14.693
02/10/26;MERLIN;CALL;Mar-27;14,50;12.11;23,09;0,14;;5
02/10/26;MERLIN;CALL;Mar-27;16,00;12.11;22,43;0,04;;3
02/10/26;MERLIN;CALL;Jun-27;13,50;12.11;23,16;0,31;;1
02/10/26;MERLIN;PUT;Oct-26;11,50;12.11;25,43;-0,14;;12
02/10/26;MERLIN;PUT;Oct-26;12,00;12.11;24,34;-0,41;;1
02/10/26;MERLIN;PUT;Oct-26;14,00;12.11;23,06;-1,00;;31
02/10/26;MERLIN;PUT;Oct-26;14,50;12.11;22,78;-1,00;;200
02/10/26;MERLIN;PUT;Nov-26;11,50;12.11;25,81;-0,27;;1
02/10/26;MERLIN;PUT;Nov-26;12,00;12.11;24,71;-0,43;;11
02/10/26;MERLIN;PUT;Nov-26;12,50;12.11;24,26;-0,61;;1
02/10/26;MERLIN;PUT;Nov-26;14,50;12.11;23,15;-1,00;;25
02/10/26;MERLIN;PUT;Dic-26;11,00;12.11;26,20;-0,22;;300
02/10/26;MERLIN;PUT;Dic-26;11,50;12.11;25,16;-0,34;;3
02/10/26;MERLIN;PUT;Dic-26;12,00;12.11;24,11;-0,49;;111
02/10/26;MERLIN;PUT;Dic-26;13,00;12.11;23,44;-0,77;;2
02/10/26;MERLIN;PUT;Dic-26;13,50;12.11;23,19;-0,86;;4
02/10/26;MERLIN;PUT;Dic-26;14,00;12.11;22,94;-0,93;;35
02/10/26;MERLIN;PUT;Mar-27;12,00;12.11;23,44;-0,47;;3
02/10/26;MERLIN;PUT;Mar-27;13,50;12.11;22,63;-0,77;;16
02/10/26;MERLIN;PUT;Jun-27;14,00;12.11;21,15;-0,80;;14
02/10/26;MERLIN;PUT;Jun-27;14,50;12.11;20,96;-0,85;;43
02/10/26;MERLIN;PUT;Jun-27;15,00;12.11;20,77;-0,90;;10
02/10/26;MERLIN;PUT;Dic-27;12,50;12.11;21,60;-0,54;;5.000
02/10/26;NATURGY;CALL;Oct-26;29,00;29.44;20,33;0,66;;30
02/10/26;NATURGY;CALL;Oct-26;30,00;29.44;19,26;0,33;;2
02/10/26;NATURGY;CALL;Oct-26;30,50;29.44;18,80;0,18;;1
02/10/26;NATURGY;CALL;Nov-26;29,00;29.44;20,29;0,61;;26
02/10/26;NATURGY;CALL;Nov-26;30,00;29.44;19,20;0,40;25;42
02/10/26;NATURGY;CALL;Nov-26;31,00;29.44;18,27;0,20;20;20
02/10/26;NATURGY;CALL;Dic-26;27,00;29.44;22,68;0,86;;10
02/10/26;NATURGY;CALL;Dic-26;28,00;29.44;21,58;0,74;;4
02/10/26;NATURGY;CALL;Dic-26;29,00;29.44;20,48;0,58;;495
02/10/26;NATURGY;CALL;Dic-26;30,00;29.44;19,58;0,40;;317
02/10/26;NATURGY;CALL;Dic-26;31,00;29.44;18,83;0,24;;113
02/10/26;NATURGY;CALL;Dic-26;32,00;29.44;18,09;0,13;;8
02/10/26;NATURGY;CALL;Dic-26;35,00;29.44;15,85;0,01;;1
02/10/26;NATURGY;CALL;Mar-27;25,00;29.44;23,57;0,90;;2
02/10/26;NATURGY;CALL;Mar-27;26,00;29.44;22,74;0,83;;90
02/10/26;NATURGY;CALL;Mar-27;27,00;29.44;21,92;0,74;;2
02/10/26;NATURGY;CALL;Mar-27;28,00;29.44;21,09;0,65;;11
02/10/26;NATURGY;CALL;Mar-27;29,00;29.44;20,26;0,55;;200
02/10/26;NATURGY;CALL;Mar-27;30,00;29.44;19,60;0,45;;300
02/10/26;NATURGY;CALL;Mar-27;32,00;29.44;18,51;0,25;;1
02/10/26;NATURGY;CALL;Mar-27;33,00;29.44;17,97;0,17;;2
02/10/26;NATURGY;CALL;Jun-27;25,00;29.44;23,67;0,86;;385
02/10/26;NATURGY;CALL;Jun-27;26,00;29.44;22,94;0,78;;2
02/10/26;NATURGY;CALL;Jun-27;27,00;29.44;22,22;0,71;;2
02/10/26;NATURGY;CALL;Jun-27;30,00;29.44;20,21;0,46;;138
02/10/26;NATURGY;CALL;Jun-27;32,00;29.44;19,35;0,30;;401
02/10/26;NATURGY;CALL;Jun-27;33,00;29.44;18,92;0,23;;2
02/10/26;NATURGY;CALL;Jun-27;35,00;29.44;18,06;0,11;;1
02/10/26;NATURGY;CALL;Sep-27;35,00;29.44;19,10;0,16;;1
02/10/26;NATURGY;CALL;Dic-27;30,00;29.44;21,19;0,47;;1
02/10/26;NATURGY;CALL;Dic-27;33,00;29.44;20,17;0,28;;1
02/10/26;NATURGY;PUT;Oct-26;24,00;29.44;25,39;;;2
02/10/26;NATURGY;PUT;Oct-26;28,00;29.44;20,36;-0,10;1;14
02/10/26;NATURGY;PUT;Oct-26;28,50;29.44;19,73;-0,19;;2
02/10/26;NATURGY;PUT;Oct-26;29,00;29.44;19,10;-0,33;;45
02/10/26;NATURGY;PUT;Oct-26;29,50;29.44;18,49;-0,51;;1
02/10/26;NATURGY;PUT;Oct-26;30,00;29.44;18,03;-0,69;;20
02/10/26;NATURGY;PUT;Nov-26;27,00;29.44;17,12;-0,13;;1
02/10/26;NATURGY;PUT;Nov-26;28,00;29.44;15,83;-0,28;;7
02/10/26;NATURGY;PUT;Nov-26;31,00;29.44;12,52;-0,94;;1
02/10/26;NATURGY;PUT;Dic-26;18,00;29.44;29,39;;;2
02/10/26;NATURGY;PUT;Dic-26;19,50;29.44;27,75;;;5
02/10/26;NATURGY;PUT;Dic-26;20,00;29.44;27,20;;;13
02/10/26;NATURGY;PUT;Dic-26;22,00;29.44;25,00;-0,01;;2
02/10/26;NATURGY;PUT;Dic-26;23,00;29.44;23,90;-0,02;;10
02/10/26;NATURGY;PUT;Dic-26;24,00;29.44;22,80;-0,03;;2.142
02/10/26;NATURGY;PUT;Dic-26;25,00;29.44;21,71;-0,06;;124
02/10/26;NATURGY;PUT;Dic-26;26,00;29.44;20,61;-0,12;;104
02/10/26;NATURGY;PUT;Dic-26;27,00;29.44;19,51;-0,20;;20
02/10/26;NATURGY;PUT;Dic-26;28,00;29.44;18,41;-0,33;;16
02/10/26;NATURGY;PUT;Dic-26;29,00;29.44;17,31;-0,49;;52
02/10/26;NATURGY;PUT;Dic-26;30,00;29.44;16,41;-0,67;;1
02/10/26;NATURGY;PUT;Dic-26;31,00;29.44;15,66;-0,83;;1
02/10/26;NATURGY;PUT;Dic-26;32,00;29.44;14,92;-0,94;;50
02/10/26;NATURGY;PUT;Mar-27;18,00;29.44;27,53;;;1
02/10/26;NATURGY;PUT;Mar-27;24,00;29.44;22,57;-0,09;;501
02/10/26;NATURGY;PUT;Mar-27;26,00;29.44;20,91;-0,19;;193
02/10/26;NATURGY;PUT;Mar-27;28,00;29.44;19,26;-0,36;;1
02/10/26;NATURGY;PUT;Jun-27;24,00;29.44;21,97;-0,14;;1
02/10/26;NATURGY;PUT;Jun-27;25,00;29.44;21,25;-0,20;;5
02/10/26;NATURGY;PUT;Jun-27;26,00;29.44;20,52;-0,26;;1
02/10/26;NATURGY;PUT;Jun-27;27,00;29.44;19,80;-0,33;;2
02/10/26;NATURGY;PUT;Jun-27;28,00;29.44;19,07;-0,41;;12
02/10/26;NATURGY;PUT;Jun-27;32,00;29.44;16,93;-0,77;;1
02/10/26;NATURGY;PUT;Sep-27;26,00;29.44;20,35;-0,30;;95
02/10/26;NATURGY;PUT;Dic-27;26,00;29.44;20,23;-0,33;;97
02/10/26;NATURGY;PUT;Jun-28;26,00;29.44;19,84;-0,36;;95
02/10/26;NATURGY;PUT;Dic-26;28,00;29.44;18,41;-0,32;;2
02/10/26;OBRASCON HUARTE;CALL;Oct-26;0,35;0.35;43,70;0,55;;5
02/10/26;OBRASCON HUARTE;CALL;Oct-26;0,40;0.35;43,69;0,08;;100
02/10/26;OBRASCON HUARTE;CALL;Dic-26;0,50;0.35;42,66;0,05;;1
02/10/26;OBRASCON HUARTE;CALL;Mar-27;0,40;0.35;44,68;0,41;;300
02/10/26;OBRASCON HUARTE;CALL;Jun-27;0,35;0.35;45,26;0,60;;1.000
02/10/26;OBRASCON HUARTE;CALL;Mar-28;0,50;0.35;43,82;0,38;;10
02/10/26;OBRASCON HUARTE;CALL;Mar-28;0,60;0.35;43,82;0,25;;50
02/10/26;OBRASCON HUARTE;CALL;Jun-28;0,35;0.35;43,63;0,65;;900
02/10/26;PHARMA MAR;CALL;Dic-26;76,00;71.4;40,87;0,42;;1
02/10/26;PHARMA MAR;CALL;Dic-26;110,00;71.4;37,70;0,01;;1
02/10/26;PHARMA MAR;CALL;Mar-27;88,00;71.4;38,80;0,27;;1
02/10/26;PHARMA MAR;CALL;Jun-27;120,00;71.4;37,67;0,08;;6
02/10/26;PHARMA MAR;PUT;Dic-26;29,00;71.4;78,06;;;5
02/10/26;PHARMA MAR;PUT;Dic-26;46,00;71.4;62,98;-0,05;;2
02/10/26;PHARMA MAR;PUT;Dic-26;48,00;71.4;61,21;-0,06;;1
02/10/26;PHARMA MAR;PUT;Dic-26;50,00;71.4;59,43;-0,07;;1
02/10/26;PHARMA MAR;PUT;Dic-26;60,00;71.4;50,56;-0,19;;2
02/10/26;PHARMA MAR;PUT;Dic-26;70,00;71.4;41,69;-0,41;;2
02/10/26;PHARMA MAR;PUT;Dic-26;76,00;71.4;40,02;-0,59;;15
02/10/26;PHARMA MAR;PUT;Dic-26;78,00;71.4;39,83;-0,65;;10
02/10/26;PHARMA MAR;PUT;Mar-27;41,00;71.4;60,05;-0,06;;8
02/10/26;PHARMA MAR;PUT;Mar-27;43,00;71.4;58,76;-0,07;;3
02/10/26;PHARMA MAR;PUT;Mar-27;52,00;71.4;52,96;-0,14;;1
02/10/26;PHARMA MAR;PUT;Mar-27;60,00;71.4;47,80;-0,23;;1
02/10/26;PHARMA MAR;PUT;Mar-27;78,00;71.4;40,03;-0,57;;1
02/10/26;PHARMA MAR;PUT;Mar-27;80,00;71.4;39,90;-0,60;;2
02/10/26;PHARMA MAR;PUT;Mar-27;105,00;71.4;38,26;-0,94;;1
02/10/26;PHARMA MAR;PUT;Jun-27;37,00;71.4;58,07;-0,05;;2
02/10/26;PHARMA MAR;PUT;Jun-27;39,00;71.4;57,10;-0,06;;3
02/10/26;PHARMA MAR;PUT;Jun-27;42,00;71.4;55,64;-0,08;;1
02/10/26;PHARMA MAR;PUT;Jun-27;44,00;71.4;54,67;-0,09;;3
02/10/26;PHARMA MAR;PUT;Jun-27;48,00;71.4;52,73;-0,12;;1
02/10/26;PHARMA MAR;PUT;Jun-27;60,00;71.4;46,91;-0,25;;1
02/10/26;PHARMA MAR;PUT;Jun-27;66,00;71.4;43,99;-0,33;;1
02/10/26;PHARMA MAR;PUT;Jun-27;70,00;71.4;42,05;-0,39;;2
02/10/26;PHARMA MAR;PUT;Jun-27;120,00;71.4;38,65;-0,98;;1
02/10/26;PHARMA MAR;PUT;Sep-27;60,00;71.4;45,93;-0,26;;3
02/10/26;PUIG;CALL;Oct-26;16,50;17.64;26,31;0,91;;10
02/10/26;PUIG;CALL;Oct-26;17,00;17.64;25,84;0,78;;25
02/10/26;PUIG;CALL;Oct-26;17,50;17.64;25,38;0,58;;10
02/10/26;PUIG;CALL;Oct-26;18,00;17.64;24,81;0,36;;8
02/10/26;PUIG;CALL;Oct-26;18,50;17.64;24,21;0,17;;5
02/10/26;PUIG;CALL;Oct-26;19,00;17.64;23,61;0,06;;5
02/10/26;PUIG;CALL;Nov-26;17,00;17.64;31,02;0,66;;6
02/10/26;PUIG;CALL;Nov-26;17,50;17.64;30,53;0,56;;5
02/10/26;PUIG;CALL;Nov-26;18,00;17.64;30,09;0,46;;7
02/10/26;PUIG;CALL;Nov-26;18,50;17.64;29,65;0,36;;20
02/10/26;PUIG;CALL;Nov-26;19,00;17.64;29,22;0,27;;10
02/10/26;PUIG;CALL;Nov-26;20,00;17.64;28,35;0,13;;5
02/10/26;PUIG;CALL;Dic-26;15,00;17.64;32,62;0,88;;3
02/10/26;PUIG;CALL;Dic-26;16,50;17.64;31,21;0,72;;7
02/10/26;PUIG;CALL;Dic-26;17,00;17.64;30,73;0,64;;11
02/10/26;PUIG;CALL;Dic-26;18,00;17.64;29,96;0,48;;37
02/10/26;PUIG;CALL;Dic-26;18,50;17.64;29,72;0,41;;5
02/10/26;PUIG;CALL;Dic-26;19,00;17.64;29,49;0,33;2;100
02/10/26;PUIG;CALL;Dic-26;19,50;17.64;29,25;0,26;;1
02/10/26;PUIG;CALL;Dic-26;21,00;17.64;28,54;0,11;;6
02/10/26;PUIG;CALL;Dic-26;22,00;17.64;28,07;0,05;;1
02/10/26;PUIG;CALL;Dic-26;23,00;17.64;27,60;0,02;;2
02/10/26;PUIG;CALL;Mar-27;18,50;17.64;33,73;0,48;;2
02/10/26;PUIG;CALL;Mar-27;19,00;17.64;33,65;0,44;;5
02/10/26;PUIG;CALL;Mar-27;19,50;17.64;33,56;0,39;;10
02/10/26;PUIG;CALL;Jun-27;11,00;17.64;36,21;0,97;;5
02/10/26;PUIG;CALL;Jun-27;15,50;17.64;32,81;0,76;;4
02/10/26;PUIG;CALL;Jun-27;16,00;17.64;32,43;0,72;;1
02/10/26;PUIG;CALL;Jun-27;16,50;17.64;32,05;0,68;;2
02/10/26;PUIG;CALL;Jun-27;17,50;17.64;31,30;0,59;;1
02/10/26;PUIG;CALL;Jun-27;19,50;17.64;31,08;0,42;;10
02/10/26;PUIG;CALL;Sep-27;18,00;17.64;29,41;0,55;;1
02/10/26;PUIG;PUT;Oct-26;16,00;17.64;27,03;-0,03;;3
02/10/26;PUIG;PUT;Oct-26;16,50;17.64;26,57;-0,09;;4
02/10/26;PUIG;PUT;Oct-26;17,00;17.64;26,10;-0,22;;15
02/10/26;PUIG;PUT;Oct-26;18,00;17.64;25,07;-0,65;;11
02/10/26;PUIG;PUT;Oct-26;18,50;17.64;24,47;-0,83;;10
02/10/26;PUIG;PUT;Nov-26;14,50;17.64;33,62;-0,05;;5
02/10/26;PUIG;PUT;Nov-26;15,00;17.64;33,13;-0,08;;10
02/10/26;PUIG;PUT;Nov-26;15,50;17.64;32,65;-0,12;;10
02/10/26;PUIG;PUT;Nov-26;16,50;17.64;31,69;-0,26;;7
02/10/26;PUIG;PUT;Nov-26;18,00;17.64;30,28;-0,54;;5
02/10/26;PUIG;PUT;Nov-26;18,50;17.64;29,84;-0,64;;5
02/10/26;PUIG;PUT;Dic-26;11,00;17.64;35,94;;;2
02/10/26;PUIG;PUT;Dic-26;12,00;17.64;35,00;-0,01;;500
02/10/26;PUIG;PUT;Dic-26;12,50;17.64;34,53;-0,01;;5
02/10/26;PUIG;PUT;Dic-26;13,00;17.64;34,05;-0,02;;3
02/10/26;PUIG;PUT;Dic-26;13,50;17.64;33,58;-0,03;;4
02/10/26;PUIG;PUT;Dic-26;14,00;17.64;33,11;-0,05;;47
02/10/26;PUIG;PUT;Dic-26;14,50;17.64;32,64;-0,08;;2.467
02/10/26;PUIG;PUT;Dic-26;15,00;17.64;32,16;-0,11;1;27
02/10/26;PUIG;PUT;Dic-26;15,50;17.64;31,69;-0,16;;30
02/10/26;PUIG;PUT;Dic-26;16,00;17.64;31,22;-0,22;;13
02/10/26;PUIG;PUT;Dic-26;16,50;17.64;30,75;-0,28;;8
02/10/26;PUIG;PUT;Dic-26;17,00;17.64;30,27;-0,36;;15
02/10/26;PUIG;PUT;Dic-26;17,50;17.64;29,80;-0,44;;15
02/10/26;PUIG;PUT;Dic-26;18,00;17.64;29,50;-0,52;;5
02/10/26;PUIG;PUT;Dic-26;21,00;17.64;28,08;-0,92;;6
02/10/26;PUIG;PUT;Mar-27;12,00;17.64;37,83;-0,05;;1
02/10/26;PUIG;PUT;Mar-27;13,00;17.64;36,96;-0,08;;1
02/10/26;PUIG;PUT;Mar-27;13,50;17.64;36,53;-0,11;;5
02/10/26;PUIG;PUT;Mar-27;14,00;17.64;36,09;-0,13;;2
02/10/26;PUIG;PUT;Mar-27;15,00;17.64;35,22;-0,20;;2
02/10/26;PUIG;PUT;Mar-27;15,50;17.64;34,79;-0,24;;7
02/10/26;PUIG;PUT;Mar-27;16,00;17.64;34,36;-0,28;;87
02/10/26;PUIG;PUT;Mar-27;16,50;17.64;33,92;-0,33;;274
02/10/26;PUIG;PUT;Mar-27;18,00;17.64;32,87;-0,48;;4
02/10/26;PUIG;PUT;Jun-27;13,00;17.64;34,04;-0,12;;1
02/10/26;PUIG;PUT;Jun-27;14,00;17.64;33,28;-0,17;;4
02/10/26;PUIG;PUT;Jun-27;15,00;17.64;32,53;-0,24;;5
02/10/26;PUIG;PUT;Jun-27;16,00;17.64;31,77;-0,32;;411
02/10/26;PUIG;PUT;Jun-27;16,50;17.64;31,39;-0,36;;2
02/10/26;PUIG;PUT;Jun-27;17,50;17.64;30,64;-0,45;;1
02/10/26;PUIG;PUT;Jun-27;21,00;17.64;30,34;-0,72;;20
02/10/26;PUIG;PUT;Sep-27;11,00;17.64;32,98;-0,05;;19
02/10/26;PUIG;PUT;Sep-27;18,00;17.64;29,08;-0,48;;1
02/10/26;PUIG;PUT;Sep-27;20,00;17.64;29,00;-0,63;;1
02/10/26;PUIG;PUT;Dic-27;15,00;17.64;29,16;-0,25;;4
02/10/26;PUIG;PUT;Dic-27;15,50;17.64;28,92;-0,28;;162
02/10/26;PUIG;PUT;Dic-27;16,00;17.64;28,68;-0,32;;156
02/10/26;PUIG;PUT;Dic-27;16,50;17.64;28,45;-0,36;;151
02/10/26;PUIG;PUT;Mar-28;17,50;17.64;27,16;-0,43;;143
02/10/26;REDEIA;CALL;Nov-26;15,50;14.8;16,72;0,25;;1
02/10/26;REDEIA;CALL;Dic-26;11,00;14.8;22,53;1,00;;1
02/10/26;REDEIA;CALL;Dic-26;14,00;14.8;18,41;0,78;;35
02/10/26;REDEIA;CALL;Dic-26;14,50;14.8;17,72;0,64;;5
02/10/26;REDEIA;CALL;Dic-26;15,00;14.8;17,09;0,47;;27
02/10/26;REDEIA;CALL;Dic-26;15,50;14.8;16,54;0,31;;32
02/10/26;REDEIA;CALL;Dic-26;16,00;14.8;15,99;0,17;;265
02/10/26;REDEIA;CALL;Dic-26;16,50;14.8;15,43;0,08;;58
02/10/26;REDEIA;CALL;Dic-26;17,00;14.8;14,88;0,03;;25
02/10/26;REDEIA;CALL;Dic-26;17,50;14.8;14,33;0,01;;26
02/10/26;REDEIA;CALL;Dic-26;18,00;14.8;13,78;;;2
02/10/26;REDEIA;CALL;Mar-27;13,50;14.8;19,77;0,80;;1
02/10/26;REDEIA;CALL;Mar-27;14,00;14.8;19,22;0,71;;20
02/10/26;REDEIA;CALL;Mar-27;15,50;14.8;17,70;0,38;5;143
02/10/26;REDEIA;CALL;Mar-27;16,00;14.8;17,22;0,27;;206
02/10/26;REDEIA;CALL;Mar-27;16,50;14.8;16,75;0,18;5;28
02/10/26;REDEIA;CALL;Mar-27;17,00;14.8;16,28;0,11;;6
02/10/26;REDEIA;CALL;Mar-27;17,50;14.8;15,81;0,06;;10
02/10/26;REDEIA;CALL;Jun-27;14,00;14.8;19,59;0,67;;10
02/10/26;REDEIA;CALL;Jun-27;15,50;14.8;18,31;0,43;;10
02/10/26;REDEIA;CALL;Jun-27;16,00;14.8;17,89;0,34;;1
02/10/26;REDEIA;CALL;Jun-27;16,50;14.8;17,47;0,26;;2
02/10/26;REDEIA;CALL;Jun-27;17,00;14.8;17,06;0,20;;6
02/10/26;REDEIA;CALL;Jun-27;18,00;14.8;16,22;0,09;;1
02/10/26;REDEIA;CALL;Sep-27;15,50;14.8;18,82;0,43;;4
02/10/26;REDEIA;CALL;Dic-27;14,50;14.8;19,55;0,59;;278
02/10/26;REDEIA;CALL;Dic-27;18,00;14.8;16,68;0,14;;6
02/10/26;REDEIA;CALL;Dic-27;22,00;14.8;13,35;;;5
02/10/26;REDEIA;PUT;Oct-26;14,00;14.8;18,48;-0,06;;1
02/10/26;REDEIA;PUT;Oct-26;14,50;14.8;17,68;-0,26;;73
02/10/26;REDEIA;PUT;Oct-26;15,00;14.8;16,97;-0,64;;79
02/10/26;REDEIA;PUT;Oct-26;15,50;14.8;16,40;-0,93;;4
02/10/26;REDEIA;PUT;Oct-26;16,00;14.8;15,82;-1,00;;3
02/10/26;REDEIA;PUT;Nov-26;13,50;14.8;18,84;-0,08;;10
02/10/26;REDEIA;PUT;Nov-26;14,00;14.8;18,04;-0,18;;38
02/10/26;REDEIA;PUT;Nov-26;14,50;14.8;17,24;-0,35;1;6
02/10/26;REDEIA;PUT;Nov-26;15,00;14.8;16,53;-0,56;1;8
02/10/26;REDEIA;PUT;Dic-26;11,50;14.8;21,96;;;20
02/10/26;REDEIA;PUT;Dic-26;12,00;14.8;21,28;-0,01;;10
02/10/26;REDEIA;PUT;Dic-26;12,50;14.8;20,59;-0,03;;15
02/10/26;REDEIA;PUT;Dic-26;13,00;14.8;19,90;-0,06;;13
02/10/26;REDEIA;PUT;Dic-26;13,50;14.8;19,22;-0,13;;93
02/10/26;REDEIA;PUT;Dic-26;14,00;14.8;18,53;-0,23;;122
02/10/26;REDEIA;PUT;Dic-26;14,50;14.8;17,84;-0,37;100;284
02/10/26;REDEIA;PUT;Dic-26;15,00;14.8;17,21;-0,54;;89
02/10/26;REDEIA;PUT;Dic-26;15,50;14.8;16,66;-0,71;;4
02/10/26;REDEIA;PUT;Dic-26;16,00;14.8;16,11;-0,86;;8
02/10/26;REDEIA;PUT;Mar-27;11,50;14.8;20,28;-0,03;;1
02/10/26;REDEIA;PUT;Mar-27;12,00;14.8;19,74;-0,05;;8
02/10/26;REDEIA;PUT;Mar-27;12,50;14.8;19,20;-0,09;;8
02/10/26;REDEIA;PUT;Mar-27;13,00;14.8;18,66;-0,15;;101
02/10/26;REDEIA;PUT;Mar-27;13,50;14.8;18,12;-0,22;;24
02/10/26;REDEIA;PUT;Mar-27;14,00;14.8;17,57;-0,31;;193
02/10/26;REDEIA;PUT;Mar-27;14,50;14.8;17,03;-0,43;;8
02/10/26;REDEIA;PUT;Mar-27;15,00;14.8;16,52;-0,55;;7
02/10/26;REDEIA;PUT;Mar-27;15,50;14.8;16,05;-0,67;;3
02/10/26;REDEIA;PUT;Mar-27;16,00;14.8;15,57;-0,78;;3
02/10/26;REDEIA;PUT;Jun-27;12,50;14.8;18,95;-0,13;;4
02/10/26;REDEIA;PUT;Jun-27;13,50;14.8;18,07;-0,25;;2
02/10/26;REDEIA;PUT;Jun-27;14,00;14.8;17,63;-0,33;;7
02/10/26;REDEIA;PUT;Jun-27;14,50;14.8;17,19;-0,42;;56
02/10/26;REDEIA;PUT;Jun-27;15,00;14.8;16,76;-0,52;;10
02/10/26;REDEIA;PUT;Jun-27;15,50;14.8;16,35;-0,62;;38
02/10/26;REDEIA;PUT;Jun-27;16,00;14.8;15,93;-0,72;;1
02/10/26;REDEIA;PUT;Sep-27;12,50;14.8;18,37;-0,20;;5
02/10/26;REDEIA;PUT;Sep-27;14,50;14.8;16,84;-0,50;;1
02/10/26;REDEIA;PUT;Sep-27;15,00;14.8;16,46;-0,59;;11
02/10/26;REDEIA;PUT;Sep-27;19,50;14.8;13,01;-0,99;;1
02/10/26;REDEIA;PUT;Dic-27;14,00;14.8;16,90;-0,41;;20
02/10/26;REDEIA;PUT;Dic-27;15,00;14.8;16,21;-0,57;;11
02/10/26;REDEIA;PUT;Dic-27;19,00;14.8;12,88;-0,99;;6
02/10/26;REDEIA;PUT;Dic-28;13,00;14.8;17,16;-0,34;;1
02/10/26;REDEIA;PUT;Dic-26;13,50;14.8;19,22;-0,13;;4
02/10/26;REDEIA;PUT;Dic-26;15,00;14.8;17,21;-0,52;;6
02/10/26;REDEIA;PUT;Mar-27;14,00;14.8;17,57;-0,30;;2
02/10/26;REDEIA;PUT;Mar-27;14,50;14.8;17,03;-0,41;;5
02/10/26;REDEIA;PUT;Jun-27;14,50;14.8;17,19;-0,39;;5
02/10/26;REPSOL;CALL;Oct-26;23,00;29.03;45,36;1,00;150;450
02/10/26;REPSOL;CALL;Oct-26;24,00;29.03;44,48;0,99;150;450
02/10/26;REPSOL;CALL;Oct-26;25,00;29.03;43,59;0,96;;300
02/10/26;REPSOL;CALL;Oct-26;26,00;29.03;42,71;0,91;150;300
02/10/26;REPSOL;CALL;Oct-26;27,00;29.03;41,82;0,83;;20
02/10/26;REPSOL;CALL;Oct-26;28,00;29.03;40,94;0,69;;17
02/10/26;REPSOL;CALL;Oct-26;29,00;29.03;40,06;0,53;;5.002
02/10/26;REPSOL;CALL;Oct-26;30,00;29.03;39,78;0,36;2.200;2.455
02/10/26;REPSOL;CALL;Oct-26;31,00;29.03;39,53;0,21;;179
02/10/26;REPSOL;CALL;Oct-26;32,00;29.03;39,28;0,11;;3.646
02/10/26;REPSOL;CALL;Oct-26;33,00;29.03;39,03;0,05;1;159
02/10/26;REPSOL;CALL;Oct-26;34,00;29.03;38,77;0,02;;53
02/10/26;REPSOL;CALL;Oct-26;35,00;29.03;38,52;0,01;;201
02/10/26;REPSOL;CALL;Nov-26;23,00;29.03;43,33;0,94;150;300
02/10/26;REPSOL;CALL;Nov-26;25,00;29.03;41,66;0,86;;150
02/10/26;REPSOL;CALL;Nov-26;27,00;29.03;39,98;0,72;;2
02/10/26;REPSOL;CALL;Nov-26;28,00;29.03;39,14;0,64;4;9
02/10/26;REPSOL;CALL;Nov-26;29,00;29.03;38,31;0,54;;2
02/10/26;REPSOL;CALL;Nov-26;30,00;29.03;37,89;0,44;;101
02/10/26;REPSOL;CALL;Nov-26;31,00;29.03;37,49;0,35;2;299
02/10/26;REPSOL;CALL;Nov-26;32,00;29.03;37,09;0,27;4;23
02/10/26;REPSOL;CALL;Nov-26;33,00;29.03;36,68;0,20;;153
02/10/26;REPSOL;CALL;Nov-26;34,00;29.03;36,28;0,14;;28
02/10/26;REPSOL;CALL;Nov-26;35,00;29.03;35,88;0,09;;2
02/10/26;REPSOL;CALL;Nov-26;37,00;29.03;35,08;0,04;;10
02/10/26;REPSOL;CALL;Dic-26;12,00;29.03;49,31;1,00;;2
02/10/26;REPSOL;CALL;Dic-26;13,00;29.03;48,59;1,00;;10
02/10/26;REPSOL;CALL;Dic-26;15,00;29.03;47,14;1,00;;150
02/10/26;REPSOL;CALL;Dic-26;15,50;29.03;46,78;1,00;;160
02/10/26;REPSOL;CALL;Dic-26;16,00;29.03;46,42;1,00;;150
02/10/26;REPSOL;CALL;Dic-26;16,50;29.03;46,05;1,00;;150
02/10/26;REPSOL;CALL;Dic-26;17,00;29.03;45,69;1,00;;75
02/10/26;REPSOL;CALL;Dic-26;17,50;29.03;45,33;0,99;;48
02/10/26;REPSOL;CALL;Dic-26;18,00;29.03;44,97;0,99;;107
02/10/26;REPSOL;CALL;Dic-26;18,50;29.03;44,61;0,99;;354
02/10/26;REPSOL;CALL;Dic-26;19,00;29.03;44,25;0,99;;15
02/10/26;REPSOL;CALL;Dic-26;19,50;29.03;43,88;0,98;;101
02/10/26;REPSOL;CALL;Dic-26;20,00;29.03;43,52;0,98;;52
02/10/26;REPSOL;CALL;Dic-26;20,50;29.03;43,16;0,97;;2
02/10/26;REPSOL;CALL;Dic-26;21,00;29.03;42,80;0,96;;7
02/10/26;REPSOL;CALL;Dic-26;22,00;29.03;42,08;0,94;;4.063
02/10/26;REPSOL;CALL;Dic-26;23,00;29.03;41,35;0,91;;12
02/10/26;REPSOL;CALL;Dic-26;24,00;29.03;40,63;0,87;;11.539
02/10/26;REPSOL;CALL;Dic-26;25,00;29.03;39,91;0,82;;75
02/10/26;REPSOL;CALL;Dic-26;26,00;29.03;39,18;0,77;;1.177
02/10/26;REPSOL;CALL;Dic-26;27,00;29.03;38,46;0,70;;13
02/10/26;REPSOL;CALL;Dic-26;28,00;29.03;37,74;0,63;1;325
02/10/26;REPSOL;CALL;Dic-26;29,00;29.03;37,01;0,55;2;47
02/10/26;REPSOL;CALL;Dic-26;30,00;29.03;36,63;0,47;51;252
02/10/26;REPSOL;CALL;Dic-26;31,00;29.03;36,27;0,39;;156
02/10/26;REPSOL;CALL;Dic-26;32,00;29.03;35,90;0,32;1;4.071
02/10/26;REPSOL;CALL;Dic-26;33,00;29.03;35,53;0,25;;40
02/10/26;REPSOL;CALL;Dic-26;34,00;29.03;35,16;0,20;;2.509
02/10/26;REPSOL;CALL;Dic-26;35,00;29.03;34,80;0,15;;106
02/10/26;REPSOL;CALL;Dic-26;38,00;29.03;33,69;0,05;;173
02/10/26;REPSOL;CALL;Dic-26;41,00;29.03;32,59;0,01;;6
02/10/26;REPSOL;CALL;Mar-27;14,50;29.03;45,42;1,00;;5
02/10/26;REPSOL;CALL;Mar-27;16,00;29.03;44,18;0,99;;15
02/10/26;REPSOL;CALL;Mar-27;16,50;29.03;43,77;0,99;;25
02/10/26;REPSOL;CALL;Mar-27;17,00;29.03;43,36;0,99;;2
02/10/26;REPSOL;CALL;Mar-27;17,50;29.03;42,94;0,98;;32
02/10/26;REPSOL;CALL;Mar-27;18,00;29.03;42,53;0,98;;55
02/10/26;REPSOL;CALL;Mar-27;18,50;29.03;42,12;0,97;;16
02/10/26;REPSOL;CALL;Mar-27;19,00;29.03;41,70;0,97;;35
02/10/26;REPSOL;CALL;Mar-27;19,50;29.03;41,29;0,96;;10
02/10/26;REPSOL;CALL;Mar-27;20,00;29.03;40,88;0,95;;20
02/10/26;REPSOL;CALL;Mar-27;22,00;29.03;39,22;0,90;;27
02/10/26;REPSOL;CALL;Mar-27;23,00;29.03;38,40;0,87;;4.000
02/10/26;REPSOL;CALL;Mar-27;24,00;29.03;37,57;0,83;;324
02/10/26;REPSOL;CALL;Mar-27;25,00;29.03;36,74;0,78;;176
02/10/26;REPSOL;CALL;Mar-27;26,00;29.03;35,91;0,73;;7
02/10/26;REPSOL;CALL;Mar-27;27,00;29.03;35,09;0,67;;29
02/10/26;REPSOL;CALL;Mar-27;28,00;29.03;34,26;0,61;;21
02/10/26;REPSOL;CALL;Mar-27;29,00;29.03;33,43;0,55;;2.015
02/10/26;REPSOL;CALL;Mar-27;30,00;29.03;33,19;0,49;;12
02/10/26;REPSOL;CALL;Mar-27;31,00;29.03;32,96;0,43;10;45
02/10/26;REPSOL;CALL;Mar-27;32,00;29.03;32,73;0,37;;181
02/10/26;REPSOL;CALL;Mar-27;33,00;29.03;32,50;0,31;;5
02/10/26;REPSOL;CALL;Mar-27;34,00;29.03;32,27;0,26;;3
02/10/26;REPSOL;CALL;Mar-27;35,00;29.03;32,04;0,22;;2
02/10/26;REPSOL;CALL;Jun-27;11,00;29.03;42,14;1,00;;1
02/10/26;REPSOL;CALL;Jun-27;15,00;29.03;39,84;1,00;;75
02/10/26;REPSOL;CALL;Jun-27;15,50;29.03;39,56;0,99;;50
02/10/26;REPSOL;CALL;Jun-27;16,50;29.03;38,98;0,99;;23
02/10/26;REPSOL;CALL;Jun-27;17,00;29.03;38,70;0,98;;1.019
02/10/26;REPSOL;CALL;Jun-27;17,50;29.03;38,41;0,98;;27
02/10/26;REPSOL;CALL;Jun-27;19,00;29.03;37,55;0,95;;1
02/10/26;REPSOL;CALL;Jun-27;19,50;29.03;37,26;0,94;;1
02/10/26;REPSOL;CALL;Jun-27;23,00;29.03;35,25;0,84;;27
02/10/26;REPSOL;CALL;Jun-27;24,00;29.03;34,68;0,80;;2
02/10/26;REPSOL;CALL;Jun-27;25,00;29.03;34,10;0,75;;4
02/10/26;REPSOL;CALL;Jun-27;26,00;29.03;33,53;0,71;;8
02/10/26;REPSOL;CALL;Jun-27;27,00;29.03;32,96;0,66;;3
02/10/26;REPSOL;CALL;Jun-27;28,00;29.03;32,38;0,61;;100
02/10/26;REPSOL;CALL;Jun-27;30,00;29.03;31,62;0,51;;35
02/10/26;REPSOL;CALL;Jun-27;32,00;29.03;31,28;0,41;;10
02/10/26;REPSOL;CALL;Jun-27;36,00;29.03;30,59;0,24;5;20
02/10/26;REPSOL;CALL;Sep-27;15,50;29.03;38,88;0,99;;1
02/10/26;REPSOL;CALL;Sep-27;18,00;29.03;37,56;0,96;;3.000
02/10/26;REPSOL;CALL;Sep-27;18,50;29.03;37,29;0,95;;3.000
02/10/26;REPSOL;CALL;Sep-27;20,00;29.03;36,50;0,92;;2.000
02/10/26;REPSOL;CALL;Sep-27;21,00;29.03;35,97;0,89;;6
02/10/26;REPSOL;CALL;Sep-27;22,00;29.03;35,44;0,85;;5
02/10/26;REPSOL;CALL;Sep-27;24,00;29.03;34,39;0,78;;4
02/10/26;REPSOL;CALL;Sep-27;27,00;29.03;32,80;0,65;;1
02/10/26;REPSOL;CALL;Sep-27;32,00;29.03;31,35;0,43;;2
02/10/26;REPSOL;CALL;Sep-27;33,00;29.03;31,23;0,39;;1
02/10/26;REPSOL;CALL;Dic-27;12,00;29.03;41,19;1,00;;2
02/10/26;REPSOL;CALL;Dic-27;14,00;29.03;40,04;1,00;;1.400
02/10/26;REPSOL;CALL;Dic-27;15,00;29.03;39,46;0,99;;149
02/10/26;REPSOL;CALL;Dic-27;15,50;29.03;39,18;0,98;;2
02/10/26;REPSOL;CALL;Dic-27;16,00;29.03;38,89;0,98;;3
02/10/26;REPSOL;CALL;Dic-27;16,50;29.03;38,60;0,97;;1.528
02/10/26;REPSOL;CALL;Dic-27;17,00;29.03;38,32;0,96;;24
02/10/26;REPSOL;CALL;Dic-27;17,50;29.03;38,03;0,96;;2
02/10/26;REPSOL;CALL;Dic-27;18,00;29.03;37,74;0,94;;3
02/10/26;REPSOL;CALL;Dic-27;19,50;29.03;36,88;0,91;;5
02/10/26;REPSOL;CALL;Dic-27;20,00;29.03;36,59;0,89;;10.000
02/10/26;REPSOL;CALL;Dic-27;23,00;29.03;34,87;0,80;;4
02/10/26;REPSOL;CALL;Dic-27;24,00;29.03;34,30;0,76;;5.000
02/10/26;REPSOL;CALL;Dic-27;25,00;29.03;33,72;0,73;;1
02/10/26;REPSOL;CALL;Dic-27;27,00;29.03;32,58;0,65;;20
02/10/26;REPSOL;CALL;Dic-27;30,00;29.03;31,29;0,53;;10.000
02/10/26;REPSOL;CALL;Dic-27;33,00;29.03;30,91;0,41;;1
02/10/26;REPSOL;CALL;Dic-27;34,00;29.03;30,78;0,38;;1
02/10/26;REPSOL;CALL;Dic-27;35,00;29.03;30,66;0,34;;1
02/10/26;REPSOL;CALL;Mar-28;16,50;29.03;37,92;0,97;;1
02/10/26;REPSOL;CALL;Mar-28;18,00;29.03;37,08;0,94;;1
02/10/26;REPSOL;CALL;Mar-28;19,00;29.03;36,51;0,92;;5
02/10/26;REPSOL;CALL;Mar-28;22,00;29.03;34,83;0,83;;5
02/10/26;REPSOL;CALL;Mar-28;24,00;29.03;33,70;0,76;;5
02/10/26;REPSOL;CALL;Mar-28;25,00;29.03;33,14;0,72;;1.000
02/10/26;REPSOL;CALL;Mar-28;26,00;29.03;32,57;0,69;;2.000
02/10/26;REPSOL;CALL;Mar-28;27,00;29.03;32,01;0,65;;2.000
02/10/26;REPSOL;CALL;Mar-28;32,00;29.03;30,56;0,46;;5.000
02/10/26;REPSOL;CALL;Mar-28;33,00;29.03;30,46;0,42;;1.800
02/10/26;REPSOL;CALL;Jun-28;10,00;29.03;40,83;1,00;;10
02/10/26;REPSOL;CALL;Jun-28;19,00;29.03;36,18;0,90;;6
02/10/26;REPSOL;CALL;Jun-28;20,00;29.03;35,67;0,87;;10
02/10/26;REPSOL;CALL;Jun-28;22,00;29.03;34,63;0,81;;4
02/10/26;REPSOL;CALL;Jun-28;24,00;29.03;33,60;0,75;;2.500
02/10/26;REPSOL;CALL;Jun-28;30,00;29.03;30,91;0,54;;200
02/10/26;REPSOL;CALL;Jun-28;32,00;29.03;30,73;0,48;;1.000
02/10/26;REPSOL;CALL;Jun-28;34,00;29.03;30,54;0,41;;1.000
02/10/26;REPSOL;CALL;Jun-28;36,00;29.03;30,36;0,36;;1.500
02/10/26;REPSOL;CALL;Sep-28;18,50;29.03;36,22;0,91;;1
02/10/26;REPSOL;CALL;Sep-28;38,00;29.03;30,32;0,32;;2.000
02/10/26;REPSOL;CALL;Sep-28;41,00;29.03;30,04;0,25;;25
02/10/26;REPSOL;CALL;Dic-28;16,00;29.03;36,77;0,97;;2.000
02/10/26;REPSOL;CALL;Dic-28;24,00;29.03;33,27;0,74;;1.520
02/10/26;REPSOL;CALL;Dic-28;27,00;29.03;31,97;0,65;;11
02/10/26;REPSOL;CALL;Dic-28;29,00;29.03;31,09;0,58;;8
02/10/26;REPSOL;CALL;Dic-28;31,00;29.03;30,94;0,52;;11
02/10/26;REPSOL;CALL;Dic-28;34,00;29.03;30,74;0,44;;1
02/10/26;REPSOL;CALL;Dic-29;10,00;29.03;36,73;1,00;;200
02/10/26;REPSOL;CALL;Dic-29;11,50;29.03;36,28;1,00;;1
02/10/26;REPSOL;CALL;Dic-29;12,00;29.03;36,13;1,00;;1
02/10/26;REPSOL;CALL;Dic-29;12,50;29.03;35,98;1,00;;3
02/10/26;REPSOL;CALL;Dic-29;17,00;29.03;34,64;0,95;;25
02/10/26;REPSOL;CALL;Dic-29;35,00;29.03;30,84;0,45;;1
02/10/26;REPSOL;CALL;Dic-29;36,00;29.03;30,81;0,44;3.000;3.000
02/10/26;REPSOL;CALL;Dic-30;22,00;29.03;32,82;0,78;;1.500
02/10/26;REPSOL;CALL;Dic-30;26,00;29.03;31,91;0,68;;3.000
02/10/26;REPSOL;PUT;Oct-26;22,00;29.03;44,81;;;2
02/10/26;REPSOL;PUT;Oct-26;23,00;29.03;43,92;;;2
02/10/26;REPSOL;PUT;Oct-26;24,00;29.03;43,04;-0,01;;108
02/10/26;REPSOL;PUT;Oct-26;25,00;29.03;42,15;-0,03;;11
02/10/26;REPSOL;PUT;Oct-26;26,00;29.03;41,27;-0,08;3;16
02/10/26;REPSOL;PUT;Oct-26;27,00;29.03;40,38;-0,17;;198
02/10/26;REPSOL;PUT;Oct-26;28,00;29.03;39,50;-0,30;;4.016
02/10/26;REPSOL;PUT;Oct-26;29,00;29.03;38,62;-0,48;;522
02/10/26;REPSOL;PUT;Oct-26;30,00;29.03;38,34;-0,65;2.350;2.406
02/10/26;REPSOL;PUT;Oct-26;31,00;29.03;38,09;-0,80;;1
02/10/26;REPSOL;PUT;Oct-26;39,00;29.03;36,07;-1,00;;10
02/10/26;REPSOL;PUT;Nov-26;24,00;29.03;39,77;-0,08;;586
02/10/26;REPSOL;PUT;Nov-26;25,00;29.03;38,93;-0,13;;12
02/10/26;REPSOL;PUT;Nov-26;26,00;29.03;38,09;-0,19;;12
02/10/26;REPSOL;PUT;Nov-26;27,00;29.03;37,25;-0,27;;45
02/10/26;REPSOL;PUT;Nov-26;28,00;29.03;36,41;-0,36;;91
02/10/26;REPSOL;PUT;Nov-26;29,00;29.03;35,58;-0,46;;1
02/10/26;REPSOL;PUT;Nov-26;30,00;29.03;35,16;-0,57;;157
02/10/26;REPSOL;PUT;Nov-26;37,00;29.03;32,35;-1,00;;2
02/10/26;REPSOL;PUT;Dic-26;8,00;29.03;50,64;;;9.500
02/10/26;REPSOL;PUT;Dic-26;8,75;29.03;50,10;;;1
02/10/26;REPSOL;PUT;Dic-26;9,00;29.03;49,92;;;13.015
02/10/26;REPSOL;PUT;Dic-26;9,50;29.03;49,56;;;750
02/10/26;REPSOL;PUT;Dic-26;10,00;29.03;49,20;;;34.000
02/10/26;REPSOL;PUT;Dic-26;10,50;29.03;48,83;;;1.000
02/10/26;REPSOL;PUT;Dic-26;11,00;29.03;48,47;;;15.621
02/10/26;REPSOL;PUT;Dic-26;11,50;29.03;48,11;;;3.187
02/10/26;REPSOL;PUT;Dic-26;12,00;29.03;47,75;;;15.760
02/10/26;REPSOL;PUT;Dic-26;12,50;29.03;47,39;;;156
02/10/26;REPSOL;PUT;Dic-26;13,00;29.03;47,03;;;12.000
02/10/26;REPSOL;PUT;Dic-26;13,50;29.03;46,66;;;1
02/10/26;REPSOL;PUT;Dic-26;14,00;29.03;46,30;;;11.025
02/10/26;REPSOL;PUT;Dic-26;14,50;29.03;45,94;;;224
02/10/26;REPSOL;PUT;Dic-26;15,00;29.03;45,58;;;4.184
02/10/26;REPSOL;PUT;Dic-26;15,50;29.03;45,22;;;21.501
02/10/26;REPSOL;PUT;Dic-26;16,00;29.03;44,86;;;2.160
02/10/26;REPSOL;PUT;Dic-26;16,50;29.03;44,49;;;161
02/10/26;REPSOL;PUT;Dic-26;17,00;29.03;44,13;;;136
02/10/26;REPSOL;PUT;Dic-26;17,50;29.03;43,77;;;160
02/10/26;REPSOL;PUT;Dic-26;18,00;29.03;43,41;-0,01;;26
02/10/26;REPSOL;PUT;Dic-26;18,50;29.03;43,05;-0,01;;1
02/10/26;REPSOL;PUT;Dic-26;19,00;29.03;42,69;-0,01;;4.102
02/10/26;REPSOL;PUT;Dic-26;19,50;29.03;42,32;-0,01;;113
02/10/26;REPSOL;PUT;Dic-26;20,00;29.03;41,96;-0,02;;2.029
02/10/26;REPSOL;PUT;Dic-26;20,50;29.03;41,60;-0,03;;4
02/10/26;REPSOL;PUT;Dic-26;21,00;29.03;41,24;-0,03;;293
02/10/26;REPSOL;PUT;Dic-26;22,00;29.03;40,52;-0,05;;74
02/10/26;REPSOL;PUT;Dic-26;23,00;29.03;39,79;-0,08;;136
02/10/26;REPSOL;PUT;Dic-26;24,00;29.03;39,07;-0,12;;51
02/10/26;REPSOL;PUT;Dic-26;25,00;29.03;38,35;-0,17;;29
02/10/26;REPSOL;PUT;Dic-26;26,00;29.03;37,62;-0,23;;5.038
02/10/26;REPSOL;PUT;Dic-26;27,00;29.03;36,90;-0,30;;178
02/10/26;REPSOL;PUT;Dic-26;28,00;29.03;36,18;-0,37;;837
02/10/26;REPSOL;PUT;Dic-26;29,00;29.03;35,45;-0,46;;11
02/10/26;REPSOL;PUT;Dic-26;30,00;29.03;35,07;-0,54;;501
02/10/26;REPSOL;PUT;Dic-26;33,00;29.03;33,97;-0,77;;10
02/10/26;REPSOL;PUT;Mar-27;7,25;29.03;49,56;;;4
02/10/26;REPSOL;PUT;Mar-27;8,00;29.03;48,94;;;1
02/10/26;REPSOL;PUT;Mar-27;10,00;29.03;47,28;;;245
02/10/26;REPSOL;PUT;Mar-27;11,50;29.03;46,04;;;216
02/10/26;REPSOL;PUT;Mar-27;12,00;29.03;45,63;;;210
02/10/26;REPSOL;PUT;Mar-27;12,50;29.03;45,22;;;401
02/10/26;REPSOL;PUT;Mar-27;13,50;29.03;44,39;;;4
02/10/26;REPSOL;PUT;Mar-27;14,00;29.03;43,98;;;55
02/10/26;REPSOL;PUT;Mar-27;14,50;29.03;43,56;-0,01;;100
02/10/26;REPSOL;PUT;Mar-27;15,00;29.03;43,15;-0,01;;140
02/10/26;REPSOL;PUT;Mar-27;15,50;29.03;42,74;-0,01;;250
02/10/26;REPSOL;PUT;Mar-27;16,00;29.03;42,32;-0,01;;754
02/10/26;REPSOL;PUT;Mar-27;16,50;29.03;41,91;-0,02;;25
02/10/26;REPSOL;PUT;Mar-27;17,00;29.03;41,50;-0,02;;75
02/10/26;REPSOL;PUT;Mar-27;18,00;29.03;40,67;-0,03;;20
02/10/26;REPSOL;PUT;Mar-27;18,50;29.03;40,26;-0,04;;6
02/10/26;REPSOL;PUT;Mar-27;19,00;29.03;39,84;-0,05;;250
02/10/26;REPSOL;PUT;Mar-27;20,00;29.03;39,02;-0,07;;300
02/10/26;REPSOL;PUT;Mar-27;20,50;29.03;38,60;-0,08;;150
02/10/26;REPSOL;PUT;Mar-27;21,00;29.03;38,19;-0,09;;210
02/10/26;REPSOL;PUT;Mar-27;22,00;29.03;37,36;-0,12;;106
02/10/26;REPSOL;PUT;Mar-27;23,00;29.03;36,54;-0,15;;112
02/10/26;REPSOL;PUT;Mar-27;24,00;29.03;35,71;-0,19;;15
02/10/26;REPSOL;PUT;Mar-27;25,00;29.03;34,88;-0,24;;120
02/10/26;REPSOL;PUT;Mar-27;26,00;29.03;34,05;-0,29;;18
02/10/26;REPSOL;PUT;Mar-27;27,00;29.03;33,23;-0,35;;21
02/10/26;REPSOL;PUT;Mar-27;28,00;29.03;32,40;-0,41;;2
02/10/26;REPSOL;PUT;Mar-27;29,00;29.03;31,57;-0,47;;150
02/10/26;REPSOL;PUT;Mar-27;30,00;29.03;31,33;-0,54;;2
02/10/26;REPSOL;PUT;Mar-27;31,00;29.03;31,10;-0,60;;1
02/10/26;REPSOL;PUT;Jun-27;8,00;29.03;42,42;;;25.000
02/10/26;REPSOL;PUT;Jun-27;9,50;29.03;41,56;;;40
02/10/26;REPSOL;PUT;Jun-27;10,00;29.03;41,28;;;10
02/10/26;REPSOL;PUT;Jun-27;10,50;29.03;40,99;;;2
02/10/26;REPSOL;PUT;Jun-27;11,50;29.03;40,41;;;80
02/10/26;REPSOL;PUT;Jun-27;12,00;29.03;40,13;;;210
02/10/26;REPSOL;PUT;Jun-27;12,50;29.03;39,84;;;200
02/10/26;REPSOL;PUT;Jun-27;13,00;29.03;39,55;;;5.010
02/10/26;REPSOL;PUT;Jun-27;13,50;29.03;39,27;-0,01;;183
02/10/26;REPSOL;PUT;Jun-27;14,00;29.03;38,98;-0,01;;38
02/10/26;REPSOL;PUT;Jun-27;14,50;29.03;38,69;-0,01;;20
02/10/26;REPSOL;PUT;Jun-27;15,00;29.03;38,40;-0,01;;20
02/10/26;REPSOL;PUT;Jun-27;16,00;29.03;37,83;-0,02;;95
02/10/26;REPSOL;PUT;Jun-27;18,00;29.03;36,68;-0,04;;50
02/10/26;REPSOL;PUT;Jun-27;19,50;29.03;35,82;-0,07;;100
02/10/26;REPSOL;PUT;Jun-27;20,00;29.03;35,53;-0,08;;30
02/10/26;REPSOL;PUT;Jun-27;21,00;29.03;34,96;-0,11;;2
02/10/26;REPSOL;PUT;Jun-27;22,00;29.03;34,39;-0,14;;2
02/10/26;REPSOL;PUT;Jun-27;23,00;29.03;33,81;-0,17;;12
02/10/26;REPSOL;PUT;Jun-27;24,00;29.03;33,24;-0,21;;1
02/10/26;REPSOL;PUT;Jun-27;25,00;29.03;32,66;-0,25;;9
02/10/26;REPSOL;PUT;Jun-27;26,00;29.03;32,09;-0,30;;2
02/10/26;REPSOL;PUT;Jun-27;27,00;29.03;31,52;-0,35;;10
02/10/26;REPSOL;PUT;Jun-27;30,00;29.03;30,18;-0,51;;10
02/10/26;REPSOL;PUT;Jun-27;32,00;29.03;29,84;-0,62;;1
02/10/26;REPSOL;PUT;Sep-27;10,50;29.03;39,56;;;100
02/10/26;REPSOL;PUT;Sep-27;11,00;29.03;39,29;;;101
02/10/26;REPSOL;PUT;Sep-27;11,50;29.03;39,03;;;100
02/10/26;REPSOL;PUT;Sep-27;12,00;29.03;38,77;-0,01;;104
02/10/26;REPSOL;PUT;Sep-27;14,00;29.03;37,71;-0,02;;25
02/10/26;REPSOL;PUT;Sep-27;14,50;29.03;37,44;-0,02;;420
02/10/26;REPSOL;PUT;Sep-27;15,00;29.03;37,18;-0,02;;2
02/10/26;REPSOL;PUT;Sep-27;15,50;29.03;36,92;-0,03;;159
02/10/26;REPSOL;PUT;Sep-27;18,00;29.03;35,60;-0,07;;1.000
02/10/26;REPSOL;PUT;Sep-27;19,00;29.03;35,07;-0,09;;5
02/10/26;REPSOL;PUT;Sep-27;24,00;29.03;32,43;-0,24;;1
02/10/26;REPSOL;PUT;Sep-27;25,00;29.03;31,90;-0,28;;1
02/10/26;REPSOL;PUT;Sep-27;30,00;29.03;29,65;-0,51;;10
02/10/26;REPSOL;PUT;Dic-27;7,75;29.03;40,80;;;234
02/10/26;REPSOL;PUT;Dic-27;8,00;29.03;40,65;;;23.000
02/10/26;REPSOL;PUT;Dic-27;8,50;29.03;40,37;;;8.000
02/10/26;REPSOL;PUT;Dic-27;9,00;29.03;40,08;;;7.000
02/10/26;REPSOL;PUT;Dic-27;9,75;29.03;39,65;;;62
02/10/26;REPSOL;PUT;Dic-27;10,00;29.03;39,51;;;11.028
02/10/26;REPSOL;PUT;Dic-27;10,50;29.03;39,22;;;12.938
02/10/26;REPSOL;PUT;Dic-27;11,00;29.03;38,93;-0,01;;27.620
02/10/26;REPSOL;PUT;Dic-27;12,00;29.03;38,36;-0,01;;1
02/10/26;REPSOL;PUT;Dic-27;12,50;29.03;38,07;-0,01;;25
02/10/26;REPSOL;PUT;Dic-27;13,00;29.03;37,78;-0,02;;266
02/10/26;REPSOL;PUT;Dic-27;14,00;29.03;37,21;-0,02;;15.000
02/10/26;REPSOL;PUT;Dic-27;14,50;29.03;36,92;-0,03;;7
02/10/26;REPSOL;PUT;Dic-27;15,00;29.03;36,63;-0,03;;7.001
02/10/26;REPSOL;PUT;Dic-27;16,00;29.03;36,06;-0,05;;30.000
02/10/26;REPSOL;PUT;Dic-27;16,50;29.03;35,77;-0,05;;1.525
02/10/26;REPSOL;PUT;Dic-27;17,00;29.03;35,49;-0,06;;25
02/10/26;REPSOL;PUT;Dic-27;18,00;29.03;34,91;-0,08;;101
02/10/26;REPSOL;PUT;Dic-27;19,00;29.03;34,34;-0,10;;3
02/10/26;REPSOL;PUT;Dic-27;20,00;29.03;33,76;-0,12;;55
02/10/26;REPSOL;PUT;Dic-27;21,00;29.03;33,19;-0,15;;50
02/10/26;REPSOL;PUT;Dic-27;22,00;29.03;32,62;-0,18;;2.020
02/10/26;REPSOL;PUT;Dic-27;23,00;29.03;32,04;-0,21;;9
02/10/26;REPSOL;PUT;Dic-27;24,00;29.03;31,47;-0,25;;510
02/10/26;REPSOL;PUT;Dic-27;25,00;29.03;30,89;-0,28;;1
02/10/26;REPSOL;PUT;Dic-27;26,00;29.03;30,32;-0,32;;3
02/10/26;REPSOL;PUT;Dic-27;28,00;29.03;29,17;-0,41;;2
02/10/26;REPSOL;PUT;Mar-28;12,00;29.03;36,86;-0,02;;1.000
02/10/26;REPSOL;PUT;Mar-28;13,50;29.03;36,02;-0,03;;1.000
02/10/26;REPSOL;PUT;Mar-28;18,00;29.03;33,49;-0,09;;151
02/10/26;REPSOL;PUT;Mar-28;21,00;29.03;31,80;-0,16;;120
02/10/26;REPSOL;PUT;Mar-28;22,00;29.03;31,24;-0,19;;114
02/10/26;REPSOL;PUT;Mar-28;26,00;29.03;28,98;-0,34;;25
02/10/26;REPSOL;PUT;Jun-28;18,00;29.03;32,82;-0,10;;4.000
02/10/26;REPSOL;PUT;Jun-28;19,50;29.03;32,04;-0,13;;1
02/10/26;REPSOL;PUT;Jun-28;20,00;29.03;31,79;-0,14;;3.000
02/10/26;REPSOL;PUT;Jun-28;21,00;29.03;31,27;-0,17;;120
02/10/26;REPSOL;PUT;Jun-28;22,00;29.03;30,75;-0,20;;6.500
02/10/26;REPSOL;PUT;Jun-28;23,00;29.03;30,24;-0,23;;107
02/10/26;REPSOL;PUT;Sep-28;18,00;29.03;32,46;-0,11;;300
02/10/26;REPSOL;PUT;Sep-28;29,00;29.03;27,15;-0,45;;86
02/10/26;REPSOL;PUT;Sep-28;31,00;29.03;26,96;-0,53;;80
02/10/26;REPSOL;PUT;Dic-28;9,00;29.03;35,63;-0,01;;40.500
02/10/26;REPSOL;PUT;Dic-28;10,00;29.03;35,19;-0,01;;10.000
02/10/26;REPSOL;PUT;Dic-28;11,50;29.03;34,54;-0,02;;1.000
02/10/26;REPSOL;PUT;Dic-28;14,50;29.03;33,23;-0,05;;1
02/10/26;REPSOL;PUT;Dic-28;15,00;29.03;33,01;-0,06;;30.250
02/10/26;REPSOL;PUT;Dic-28;18,00;29.03;31,70;-0,11;;1.000
02/10/26;REPSOL;PUT;Dic-28;19,50;29.03;31,05;-0,15;;1
02/10/26;REPSOL;PUT;Dic-28;20,00;29.03;30,83;-0,16;;4.000
02/10/26;REPSOL;PUT;Dic-28;23,00;29.03;29,52;-0,25;;1
02/10/26;REPSOL;PUT;Dic-28;24,00;29.03;29,08;-0,28;;1.528
02/10/26;REPSOL;PUT;Dic-28;26,00;29.03;28,21;-0,34;;9
02/10/26;REPSOL;PUT;Dic-28;36,00;29.03;26,41;-0,67;;10
02/10/26;REPSOL;PUT;Dic-28;38,00;29.03;26,27;-0,72;;1
02/10/26;REPSOL;PUT;Jun-29;11,00;29.03;33,17;-0,02;;140
02/10/26;REPSOL;PUT;Dic-29;7,75;29.03;32,80;-0,01;;30.000
02/10/26;REPSOL;PUT;Dic-29;8,00;29.03;32,73;-0,01;;17.000
02/10/26;REPSOL;PUT;Dic-29;11,00;29.03;31,83;-0,03;;20.000
02/10/26;REPSOL;PUT;Dic-29;11,50;29.03;31,68;-0,03;;17.000
02/10/26;REPSOL;PUT;Dic-29;12,50;29.03;31,38;-0,04;;800
02/10/26;REPSOL;PUT;Dic-29;28,00;29.03;26,76;-0,41;;25
02/10/26;REPSOL;PUT;Dic-30;14,00;29.03;29,79;-0,08;;3.000
02/10/26;REPSOL;PUT;Dic-30;18,50;29.03;28,76;-0,16;;3.000
02/10/26;REPSOL;CALL;Oct-26;20,00;29.03;48,01;1,00;;6
02/10/26;REPSOL;CALL;Oct-26;23,00;29.03;45,36;1,00;;20
02/10/26;REPSOL;CALL;Oct-26;28,00;29.03;40,94;0,69;1;5
02/10/26;REPSOL;CALL;Oct-26;29,00;29.03;40,06;0,53;;10
02/10/26;REPSOL;CALL;Oct-26;30,00;29.03;39,78;0,36;;3
02/10/26;REPSOL;CALL;Oct-26;30,00;29.03;39,78;0,36;;20
02/10/26;REPSOL;CALL;Oct-26;31,00;29.03;39,53;0,21;;10
02/10/26;REPSOL;CALL;Oct-26;31,00;29.03;39,53;0,21;;5
02/10/26;REPSOL;CALL;Oct-26;32,00;29.03;39,28;0,11;;33
02/10/26;REPSOL;CALL;Oct-26;32,00;29.03;39,28;0,11;;10
02/10/26;REPSOL;CALL;Oct-26;33,00;29.03;39,03;0,05;;10
02/10/26;REPSOL;CALL;Nov-26;27,00;29.03;39,98;0,72;;10
02/10/26;REPSOL;CALL;Nov-26;29,00;29.03;38,31;0,54;;25
02/10/26;REPSOL;CALL;Nov-26;30,00;29.03;37,89;0,44;;10
02/10/26;REPSOL;CALL;Nov-26;30,00;29.03;37,89;0,44;;10
02/10/26;REPSOL;CALL;Nov-26;32,00;29.03;37,09;0,27;;10
02/10/26;REPSOL;CALL;Nov-26;33,00;29.03;36,68;0,20;;1
02/10/26;REPSOL;CALL;Nov-26;34,00;29.03;36,28;0,14;;10
02/10/26;REPSOL;CALL;Dic-26;14,50;29.03;47,50;0,99;;1
02/10/26;REPSOL;CALL;Dic-26;15,00;29.03;47,14;0,99;;33
02/10/26;REPSOL;CALL;Dic-26;17,00;29.03;45,69;0,99;;7
02/10/26;REPSOL;CALL;Dic-26;18,00;29.03;44,97;0,99;;26
02/10/26;REPSOL;CALL;Dic-26;21,00;29.03;42,80;0,96;;10
02/10/26;REPSOL;CALL;Dic-26;22,00;29.03;42,08;0,93;;37
02/10/26;REPSOL;CALL;Dic-26;23,00;29.03;41,35;0,91;;6
02/10/26;REPSOL;CALL;Dic-26;24,00;29.03;40,63;0,87;;131
02/10/26;REPSOL;CALL;Dic-26;24,00;29.03;40,63;0,87;;10
02/10/26;REPSOL;CALL;Dic-26;25,00;29.03;39,91;0,82;;17
02/10/26;REPSOL;CALL;Dic-26;26,00;29.03;39,18;0,76;;20
02/10/26;REPSOL;CALL;Dic-26;26,00;29.03;39,18;0,76;;80
02/10/26;REPSOL;CALL;Dic-26;27,00;29.03;38,46;0,70;;20
02/10/26;REPSOL;CALL;Dic-26;28,00;29.03;37,74;0,62;;1
02/10/26;REPSOL;CALL;Dic-26;28,00;29.03;37,74;0,62;;10
02/10/26;REPSOL;CALL;Dic-26;30,00;29.03;36,63;0,47;1;16
02/10/26;REPSOL;CALL;Dic-26;31,00;29.03;36,27;0,39;1;32
02/10/26;REPSOL;CALL;Dic-26;34,00;29.03;35,16;0,19;;6
02/10/26;REPSOL;CALL;Dic-26;36,00;29.03;34,43;0,11;;300
02/10/26;REPSOL;CALL;Mar-27;22,00;29.03;39,22;0,86;;5
02/10/26;REPSOL;CALL;Mar-27;23,00;29.03;38,40;0,83;;1
02/10/26;REPSOL;CALL;Mar-27;24,00;29.03;37,57;0,79;;6
02/10/26;REPSOL;CALL;Mar-27;25,00;29.03;36,74;0,75;;5
02/10/26;REPSOL;CALL;Mar-27;26,00;29.03;35,91;0,70;;5
02/10/26;REPSOL;CALL;Jun-27;23,00;29.03;35,25;0,81;;5
02/10/26;REPSOL;CALL;Jun-27;28,00;29.03;32,38;0,60;;15
02/10/26;REPSOL;CALL;Dic-27;12,00;29.03;41,19;0,95;;15.000
02/10/26;REPSOL;CALL;Dic-27;16,00;29.03;38,89;0,91;;7
02/10/26;REPSOL;CALL;Dic-27;31,00;29.03;31,16;0,47;;6
02/10/26;REPSOL;CALL;Dic-28;15,25;29.03;37,09;0,86;;750
02/10/26;REPSOL;CALL;Jun-29;20,00;29.03;34,45;0,75;10;10
02/10/26;REPSOL;PUT;Oct-26;25,00;29.03;42,15;-0,03;;5
02/10/26;REPSOL;PUT;Oct-26;27,00;29.03;40,38;-0,17;;8
02/10/26;REPSOL;PUT;Oct-26;27,00;29.03;40,38;-0,17;;30
02/10/26;REPSOL;PUT;Oct-26;28,00;29.03;39,50;-0,30;2.560;2.561
02/10/26;REPSOL;PUT;Oct-26;30,00;29.03;38,34;-0,65;;30
02/10/26;REPSOL;PUT;Nov-26;24,00;29.03;39,77;-0,08;;6
02/10/26;REPSOL;PUT;Nov-26;26,00;29.03;38,09;-0,19;;10
02/10/26;REPSOL;PUT;Nov-26;27,00;29.03;37,25;-0,27;;10
02/10/26;REPSOL;PUT;Nov-26;28,00;29.03;36,41;-0,36;;5
02/10/26;REPSOL;PUT;Nov-26;29,00;29.03;35,58;-0,46;;10
02/10/26;REPSOL;PUT;Nov-26;30,00;29.03;35,16;-0,56;;10
02/10/26;REPSOL;PUT;Dic-26;11,00;29.03;48,47;;;1
02/10/26;REPSOL;PUT;Dic-26;13,50;29.03;46,66;;;150
02/10/26;REPSOL;PUT;Dic-26;14,50;29.03;45,94;;;150
02/10/26;REPSOL;PUT;Dic-26;15,00;29.03;45,58;;;1
02/10/26;REPSOL;PUT;Dic-26;15,50;29.03;45,22;;;450
02/10/26;REPSOL;PUT;Dic-26;17,00;29.03;44,13;;;154
02/10/26;REPSOL;PUT;Dic-26;18,00;29.03;43,41;-0,01;;7
02/10/26;REPSOL;PUT;Dic-26;20,00;29.03;41,96;-0,02;;20
02/10/26;REPSOL;PUT;Dic-26;21,00;29.03;41,24;-0,03;;10
02/10/26;REPSOL;PUT;Dic-26;22,00;29.03;40,52;-0,05;;10
02/10/26;REPSOL;PUT;Dic-26;22,00;29.03;40,52;-0,05;;15
02/10/26;REPSOL;PUT;Dic-26;24,00;29.03;39,07;-0,12;;36
02/10/26;REPSOL;PUT;Dic-26;25,00;29.03;38,35;-0,17;;30
02/10/26;REPSOL;PUT;Dic-26;26,00;29.03;37,62;-0,23;;40
02/10/26;REPSOL;PUT;Dic-26;30,00;29.03;35,07;-0,53;;11
02/10/26;REPSOL;PUT;Mar-27;11,50;29.03;46,04;;;1
02/10/26;REPSOL;PUT;Jun-27;24,00;29.03;33,24;-0,20;;5
02/10/26;REPSOL;PUT;Jun-27;27,00;29.03;31,52;-0,33;;1
02/10/26;REPSOL;PUT;Sep-27;17,00;29.03;36,12;-0,05;;5
02/10/26;REPSOL;PUT;Dic-28;15,25;29.03;32,90;-0,06;;750
02/10/26;REPSOL;PUT;Dic-28;21,00;29.03;30,39;-0,17;;15
02/10/26;SACYR;CALL;Nov-26;4,50;3.98;26,09;0,12;;80
02/10/26;SACYR;CALL;Dic-26;3,90;3.98;28,33;0,61;;25
02/10/26;SACYR;CALL;Dic-26;4,20;3.98;27,73;0,38;;10
02/10/26;SACYR;CALL;Dic-26;4,30;3.98;27,48;0,31;;43
02/10/26;SACYR;CALL;Dic-26;4,50;3.98;26,97;0,19;;10
02/10/26;SACYR;CALL;Dic-26;4,70;3.98;26,47;0,11;;10
02/10/26;SACYR;CALL;Dic-26;4,80;3.98;26,22;0,08;;10
02/10/26;SACYR;CALL;Dic-26;5,00;3.98;25,72;0,03;;30
02/10/26;SACYR;CALL;Mar-27;3,80;3.98;26,80;0,65;;10
02/10/26;SACYR;CALL;Mar-27;4,80;3.98;25,79;0,16;;20.000
02/10/26;SACYR;CALL;Jun-27;3,90;3.98;25,20;0,59;;25
02/10/26;SACYR;CALL;Jun-27;4,80;3.98;24,55;0,22;;10
02/10/26;SACYR;CALL;Jun-27;4,90;3.98;24,47;0,19;;20
02/10/26;SACYR;CALL;Jun-27;5,00;3.98;24,39;0,17;;10
02/10/26;SACYR;CALL;Dic-27;4,00;3.98;23,88;0,55;;25
02/10/26;SACYR;PUT;Oct-26;4,50;3.98;21,38;-1,00;;100
02/10/26;SACYR;PUT;Dic-26;3,50;3.98;28,23;-0,14;;10
02/10/26;SACYR;PUT;Dic-26;4,30;3.98;27,08;-0,70;;5
02/10/26;SACYR;PUT;Dic-26;4,50;3.98;26,57;-0,83;;1.000
02/10/26;SACYR;PUT;Dic-26;4,70;3.98;26,07;-0,92;;50
02/10/26;SACYR;PUT;Dic-26;5,00;3.98;25,32;-1,00;;100
02/10/26;SACYR;PUT;Mar-27;4,20;3.98;26,03;-0,59;;3
02/10/26;SACYR;PUT;Jun-27;3,40;3.98;25,27;-0,19;;20
02/10/26;SACYR;PUT;Jun-27;3,80;3.98;25,11;-0,37;;10
02/10/26;SACYR;PUT;Jun-27;3,90;3.98;25,07;-0,42;;10
02/10/26;SACYR;PUT;Jun-27;4,30;3.98;24,79;-0,61;;3
02/10/26;SACYR;PUT;Jun-27;4,50;3.98;24,64;-0,70;;1.100
02/10/26;SACYR;PUT;Sep-27;3,70;3.98;24,39;-0,36;;10
02/10/26;SANTANDER;CALL;Oct-26;8,75;11.81;41,45;1,00;;10
02/10/26;SANTANDER;CALL;Oct-26;11,00;11.81;33,20;0,87;;1
02/10/26;SANTANDER;CALL;Oct-26;11,50;11.81;31,36;0,68;;62
02/10/26;SANTANDER;CALL;Oct-26;12,00;11.81;30,03;0,41;5;7
02/10/26;SANTANDER;CALL;Oct-26;12,50;11.81;29,51;0,18;;8.003
02/10/26;SANTANDER;CALL;Oct-26;12,75;11.81;29,25;0,10;;6
02/10/26;SANTANDER;CALL;Oct-26;13,00;11.81;28,98;0,05;;1.037
02/10/26;SANTANDER;CALL;Oct-26;13,25;11.81;28,72;0,02;;8
02/10/26;SANTANDER;CALL;Oct-26;13,50;11.81;28,46;0,01;;20
02/10/26;SANTANDER;CALL;Oct-26;14,00;11.81;27,94;;;170
02/10/26;SANTANDER;CALL;Oct-26;14,50;11.81;27,42;;;1
02/10/26;SANTANDER;CALL;Nov-26;11,00;11.81;34,77;0,74;;2
02/10/26;SANTANDER;CALL;Nov-26;11,50;11.81;32,93;0,61;10;10
02/10/26;SANTANDER;CALL;Nov-26;12,00;11.81;31,60;0,46;1;3
02/10/26;SANTANDER;CALL;Nov-26;12,50;11.81;31,10;0,31;;16
02/10/26;SANTANDER;CALL;Nov-26;13,00;11.81;30,59;0,20;;107
02/10/26;SANTANDER;CALL;Nov-26;13,50;11.81;30,08;0,11;;24
02/10/26;SANTANDER;CALL;Nov-26;14,00;11.81;29,57;0,06;;98
02/10/26;SANTANDER;CALL;Dic-26;3,00;11.81;63,60;1,00;;1
02/10/26;SANTANDER;CALL;Dic-26;4,00;11.81;59,93;1,00;;100
02/10/26;SANTANDER;CALL;Dic-26;4,50;11.81;58,10;1,00;;1
02/10/26;SANTANDER;CALL;Dic-26;4,80;11.81;57,00;1,00;;5.050
02/10/26;SANTANDER;CALL;Dic-26;4,90;11.81;56,63;1,00;;50
02/10/26;SANTANDER;CALL;Dic-26;5,00;11.81;56,26;1,00;;25
02/10/26;SANTANDER;CALL;Dic-26;5,25;11.81;55,35;1,00;;25
02/10/26;SANTANDER;CALL;Dic-26;5,75;11.81;53,51;1,00;;6
02/10/26;SANTANDER;CALL;Dic-26;6,00;11.81;52,59;1,00;;7
02/10/26;SANTANDER;CALL;Dic-26;6,50;11.81;50,76;1,00;;5
02/10/26;SANTANDER;CALL;Dic-26;7,00;11.81;48,92;1,00;;86
02/10/26;SANTANDER;CALL;Dic-26;7,50;11.81;47,09;1,00;;28
02/10/26;SANTANDER;CALL;Dic-26;7,75;11.81;46,17;0,99;;2
02/10/26;SANTANDER;CALL;Dic-26;8,00;11.81;45,25;0,99;;10.163
02/10/26;SANTANDER;CALL;Dic-26;8,25;11.81;44,34;0,99;;110
02/10/26;SANTANDER;CALL;Dic-26;8,50;11.81;43,42;0,98;;100
02/10/26;SANTANDER;CALL;Dic-26;8,75;11.81;42,50;0,97;;22
02/10/26;SANTANDER;CALL;Dic-26;9,00;11.81;41,58;0,96;;315
02/10/26;SANTANDER;CALL;Dic-26;9,25;11.81;40,67;0,94;;2
02/10/26;SANTANDER;CALL;Dic-26;9,50;11.81;39,75;0,92;;65
02/10/26;SANTANDER;CALL;Dic-26;9,75;11.81;38,83;0,89;;5
02/10/26;SANTANDER;CALL;Dic-26;10,00;11.81;37,92;0,87;;67
02/10/26;SANTANDER;CALL;Dic-26;10,50;11.81;36,08;0,79;15;67
02/10/26;SANTANDER;CALL;Dic-26;11,00;11.81;34,25;0,70;;58
02/10/26;SANTANDER;CALL;Dic-26;11,50;11.81;32,41;0,59;1;377
02/10/26;SANTANDER;CALL;Dic-26;12,00;11.81;31,08;0,47;1;57
02/10/26;SANTANDER;CALL;Dic-26;12,50;11.81;30,58;0,36;2;80.162
02/10/26;SANTANDER;CALL;Dic-26;13,00;11.81;30,07;0,25;3;26.034
02/10/26;SANTANDER;CALL;Dic-26;13,50;11.81;29,56;0,17;1;30
02/10/26;SANTANDER;CALL;Dic-26;14,00;11.81;29,05;0,11;2;115
02/10/26;SANTANDER;CALL;Dic-26;14,50;11.81;28,54;0,06;;113
02/10/26;SANTANDER;CALL;Mar-27;4,60;11.81;54,61;1,00;;25
02/10/26;SANTANDER;CALL;Mar-27;4,70;11.81;54,29;1,00;;25
02/10/26;SANTANDER;CALL;Mar-27;4,80;11.81;53,96;1,00;;50
02/10/26;SANTANDER;CALL;Mar-27;4,90;11.81;53,63;1,00;;50
02/10/26;SANTANDER;CALL;Mar-27;5,00;11.81;53,30;1,00;;50
02/10/26;SANTANDER;CALL;Mar-27;5,25;11.81;52,48;1,00;;25
02/10/26;SANTANDER;CALL;Mar-27;6,00;11.81;50,03;1,00;;25
02/10/26;SANTANDER;CALL;Mar-27;6,25;11.81;49,21;0,99;;25
02/10/26;SANTANDER;CALL;Mar-27;7,50;11.81;45,12;0,96;;1
02/10/26;SANTANDER;CALL;Mar-27;8,00;11.81;43,48;0,93;;3
02/10/26;SANTANDER;CALL;Mar-27;9,25;11.81;39,39;0,85;;140
02/10/26;SANTANDER;CALL;Mar-27;9,50;11.81;38,57;0,83;;36
02/10/26;SANTANDER;CALL;Mar-27;10,00;11.81;36,93;0,79;;30
02/10/26;SANTANDER;CALL;Mar-27;11,00;11.81;33,66;0,67;;1.820
02/10/26;SANTANDER;CALL;Mar-27;11,50;11.81;32,02;0,59;;52
02/10/26;SANTANDER;CALL;Mar-27;12,00;11.81;30,85;0,51;6.517;6.555
02/10/26;SANTANDER;CALL;Mar-27;12,50;11.81;30,42;0,43;;52.502
02/10/26;SANTANDER;CALL;Mar-27;13,00;11.81;30,00;0,36;;30.105
02/10/26;SANTANDER;CALL;Mar-27;13,50;11.81;29,58;0,29;;6.100
02/10/26;SANTANDER;CALL;Mar-27;14,00;11.81;29,15;0,23;;43
02/10/26;SANTANDER;CALL;Mar-27;14,50;11.81;28,73;0,17;;100
02/10/26;SANTANDER;CALL;Mar-27;15,00;11.81;28,31;0,13;;122
02/10/26;SANTANDER;CALL;Mar-27;15,50;11.81;27,88;0,09;;26
02/10/26;SANTANDER;CALL;Mar-27;16,00;11.81;27,46;0,06;;13
02/10/26;SANTANDER;CALL;Jun-27;6,00;11.81;46,59;0,99;;25
02/10/26;SANTANDER;CALL;Jun-27;6,25;11.81;45,95;0,98;;25
02/10/26;SANTANDER;CALL;Jun-27;6,50;11.81;45,31;0,97;;25
02/10/26;SANTANDER;CALL;Jun-27;6,75;11.81;44,66;0,96;;25
02/10/26;SANTANDER;CALL;Jun-27;7,00;11.81;44,02;0,95;;25
02/10/26;SANTANDER;CALL;Jun-27;7,25;11.81;43,38;0,94;;25
02/10/26;SANTANDER;CALL;Jun-27;8,25;11.81;40,81;0,90;;5
02/10/26;SANTANDER;CALL;Jun-27;9,00;11.81;38,88;0,85;;6.000
02/10/26;SANTANDER;CALL;Jun-27;9,75;11.81;36,96;0,79;;1
02/10/26;SANTANDER;CALL;Jun-27;10,00;11.81;36,31;0,76;;5.030
02/10/26;SANTANDER;CALL;Jun-27;10,50;11.81;35,03;0,71;;100
02/10/26;SANTANDER;CALL;Jun-27;11,00;11.81;33,75;0,66;;19
02/10/26;SANTANDER;CALL;Jun-27;12,00;11.81;31,52;0,53;20;5.020
02/10/26;SANTANDER;CALL;Jun-27;12,50;11.81;31,12;0,47;;7.507
02/10/26;SANTANDER;CALL;Jun-27;13,00;11.81;30,73;0,41;;624
02/10/26;SANTANDER;CALL;Jun-27;13,50;11.81;30,33;0,35;18;171
02/10/26;SANTANDER;CALL;Jun-27;14,00;11.81;29,94;0,29;;5.001
02/10/26;SANTANDER;CALL;Jun-27;15,00;11.81;29,15;0,20;;2.020
02/10/26;SANTANDER;CALL;Jun-27;16,00;11.81;28,36;0,12;;10
02/10/26;SANTANDER;CALL;Jun-27;16,50;11.81;27,96;0,10;;50
02/10/26;SANTANDER;CALL;Sep-27;9,00;11.81;37,94;0,83;;153
02/10/26;SANTANDER;CALL;Sep-27;10,00;11.81;35,71;0,75;;2
02/10/26;SANTANDER;CALL;Sep-27;10,50;11.81;34,60;0,70;;30
02/10/26;SANTANDER;CALL;Sep-27;11,00;11.81;33,48;0,65;10;10
02/10/26;SANTANDER;CALL;Sep-27;11,50;11.81;32,37;0,60;;15
02/10/26;SANTANDER;CALL;Sep-27;12,00;11.81;31,53;0,55;;2
02/10/26;SANTANDER;CALL;Sep-27;12,50;11.81;31,15;0,49;;1.500
02/10/26;SANTANDER;CALL;Sep-27;13,00;11.81;30,77;0,44;;1
02/10/26;SANTANDER;CALL;Dic-27;2,30;11.81;51,16;1,00;;22
02/10/26;SANTANDER;CALL;Dic-27;4,20;11.81;47,29;1,00;;7.000
02/10/26;SANTANDER;CALL;Dic-27;4,90;11.81;45,87;1,00;;4
02/10/26;SANTANDER;CALL;Dic-27;5,00;11.81;45,67;1,00;;2
02/10/26;SANTANDER;CALL;Dic-27;5,25;11.81;45,16;0,99;;3
02/10/26;SANTANDER;CALL;Dic-27;5,50;11.81;44,65;0,99;;5
02/10/26;SANTANDER;CALL;Dic-27;7,00;11.81;41,60;0,93;;2.545
02/10/26;SANTANDER;CALL;Dic-27;7,50;11.81;40,59;0,91;;4
02/10/26;SANTANDER;CALL;Dic-27;8,00;11.81;39,57;0,88;;15
02/10/26;SANTANDER;CALL;Dic-27;8,50;11.81;38,55;0,85;;2
02/10/26;SANTANDER;CALL;Dic-27;9,00;11.81;37,54;0,82;;152
02/10/26;SANTANDER;CALL;Dic-27;9,25;11.81;37,03;0,80;;25
02/10/26;SANTANDER;CALL;Dic-27;10,00;11.81;35,50;0,74;;20
02/10/26;SANTANDER;CALL;Dic-27;10,50;11.81;34,49;0,70;;1
02/10/26;SANTANDER;CALL;Dic-27;11,00;11.81;33,47;0,66;;5.000
02/10/26;SANTANDER;CALL;Dic-27;11,50;11.81;32,46;0,61;;150
02/10/26;SANTANDER;CALL;Dic-27;12,00;11.81;31,69;0,56;;6
02/10/26;SANTANDER;CALL;Dic-27;14,00;11.81;30,22;0,37;;52.500
02/10/26;SANTANDER;CALL;Dic-27;14,50;11.81;29,85;0,32;;3.000
02/10/26;SANTANDER;CALL;Dic-27;15,00;11.81;29,49;0,28;;25.000
02/10/26;SANTANDER;CALL;Dic-27;15,50;11.81;29,12;0,24;;2
02/10/26;SANTANDER;CALL;Mar-28;8,75;11.81;37,56;0,82;;1
02/10/26;SANTANDER;CALL;Mar-28;9,00;11.81;37,09;0,81;;450
02/10/26;SANTANDER;CALL;Mar-28;9,25;11.81;36,63;0,79;;300
02/10/26;SANTANDER;CALL;Mar-28;9,50;11.81;36,16;0,77;;50
02/10/26;SANTANDER;CALL;Mar-28;9,75;11.81;35,69;0,75;;250
02/10/26;SANTANDER;CALL;Mar-28;10,00;11.81;35,23;0,74;;126
02/10/26;SANTANDER;CALL;Mar-28;12,00;11.81;31,72;0,57;;150
02/10/26;SANTANDER;CALL;Mar-28;12,50;11.81;31,37;0,52;;1
02/10/26;SANTANDER;CALL;Mar-28;13,50;11.81;30,67;0,43;;150
02/10/26;SANTANDER;CALL;Mar-28;14,00;11.81;30,31;0,39;;10.001
02/10/26;SANTANDER;CALL;Jun-28;6,00;11.81;42,02;0,96;;3
02/10/26;SANTANDER;CALL;Jun-28;7,75;11.81;39,05;0,88;;4
02/10/26;SANTANDER;CALL;Jun-28;9,50;11.81;36,09;0,77;;5
02/10/26;SANTANDER;CALL;Jun-28;10,00;11.81;35,24;0,73;;150
02/10/26;SANTANDER;CALL;Jun-28;12,50;11.81;31,71;0,53;;3
02/10/26;SANTANDER;CALL;Jun-28;15,50;11.81;29,68;0,30;;3.500
02/10/26;SANTANDER;CALL;Sep-28;13,00;11.81;31,67;0,50;;3
02/10/26;SANTANDER;CALL;Sep-28;15,50;11.81;30,12;0,33;;15
02/10/26;SANTANDER;CALL;Dic-28;8,50;11.81;37,59;0,82;;3.003
02/10/26;SANTANDER;CALL;Dic-28;9,00;11.81;36,85;0,79;;4
02/10/26;SANTANDER;CALL;Dic-28;12,00;11.81;32,62;0,59;;5.000
02/10/26;SANTANDER;CALL;Dic-28;12,50;11.81;32,32;0,55;;1
02/10/26;SANTANDER;CALL;Dic-28;13,00;11.81;32,02;0,52;;2
02/10/26;SANTANDER;PUT;Oct-26;10,00;11.81;37,47;-0,01;;4
02/10/26;SANTANDER;PUT;Oct-26;11,00;11.81;33,80;-0,13;140;386
02/10/26;SANTANDER;PUT;Oct-26;11,50;11.81;31,96;-0,32;1;785
02/10/26;SANTANDER;PUT;Oct-26;12,00;11.81;30,63;-0,59;10;10.017
02/10/26;SANTANDER;PUT;Oct-26;12,50;11.81;30,11;-0,82;;372
02/10/26;SANTANDER;PUT;Oct-26;12,75;11.81;29,85;-0,90;;6
02/10/26;SANTANDER;PUT;Oct-26;13,00;11.81;29,58;-0,95;1;27
02/10/26;SANTANDER;PUT;Oct-26;13,25;11.81;29,32;-0,99;;5
02/10/26;SANTANDER;PUT;Oct-26;13,50;11.81;29,06;-1,00;5;
02/10/26;SANTANDER;PUT;Nov-26;9,50;11.81;39,53;-0,06;;100
02/10/26;SANTANDER;PUT;Nov-26;9,75;11.81;38,61;-0,09;;403
02/10/26;SANTANDER;PUT;Nov-26;10,00;11.81;37,70;-0,11;30;30
02/10/26;SANTANDER;PUT;Nov-26;10,50;11.81;35,86;-0,18;;51
02/10/26;SANTANDER;PUT;Nov-26;11,00;11.81;34,03;-0,29;6;56
02/10/26;SANTANDER;PUT;Nov-26;11,50;11.81;32,19;-0,42;50;819
02/10/26;SANTANDER;PUT;Nov-26;12,00;11.81;30,86;-0,56;7;693
02/10/26;SANTANDER;PUT;Nov-26;12,50;11.81;30,36;-0,70;;17
02/10/26;SANTANDER;PUT;Nov-26;13,00;11.81;29,85;-0,82;;5
02/10/26;SANTANDER;PUT;Dic-26;2,50;11.81;64,17;;;40
02/10/26;SANTANDER;PUT;Dic-26;2,80;11.81;63,07;;;60.000
02/10/26;SANTANDER;PUT;Dic-26;3,20;11.81;61,60;;;10
02/10/26;SANTANDER;PUT;Dic-26;3,40;11.81;60,87;;;2
02/10/26;SANTANDER;PUT;Dic-26;3,50;11.81;60,50;;;5
02/10/26;SANTANDER;PUT;Dic-26;3,60;11.81;60,13;;;50.002
02/10/26;SANTANDER;PUT;Dic-26;4,00;11.81;58,66;;;25.007
02/10/26;SANTANDER;PUT;Dic-26;4,20;11.81;57,93;;;25
02/10/26;SANTANDER;PUT;Dic-26;4,30;11.81;57,56;;;15.000
02/10/26;SANTANDER;PUT;Dic-26;4,40;11.81;57,20;;;10.000
02/10/26;SANTANDER;PUT;Dic-26;4,60;11.81;56,46;;;80
02/10/26;SANTANDER;PUT;Dic-26;4,70;11.81;56,10;;;5
02/10/26;SANTANDER;PUT;Dic-26;4,80;11.81;55,73;;;15.000
02/10/26;SANTANDER;PUT;Dic-26;4,90;11.81;55,36;;;150
02/10/26;SANTANDER;PUT;Dic-26;5,00;11.81;54,99;;;20.400
02/10/26;SANTANDER;PUT;Dic-26;5,25;11.81;54,08;;;600
02/10/26;SANTANDER;PUT;Dic-26;6,00;11.81;51,32;;;5.019
02/10/26;SANTANDER;PUT;Dic-26;6,25;11.81;50,41;;;5
02/10/26;SANTANDER;PUT;Dic-26;6,50;11.81;49,49;;;155
02/10/26;SANTANDER;PUT;Dic-26;6,75;11.81;48,57;;;156
02/10/26;SANTANDER;PUT;Dic-26;7,00;11.81;47,65;-0,01;;10.171
02/10/26;SANTANDER;PUT;Dic-26;7,25;11.81;46,74;-0,01;;50
02/10/26;SANTANDER;PUT;Dic-26;7,50;11.81;45,82;-0,01;;18
02/10/26;SANTANDER;PUT;Dic-26;7,75;11.81;44,90;-0,02;;51
02/10/26;SANTANDER;PUT;Dic-26;8,00;11.81;43,98;-0,02;;34.888
02/10/26;SANTANDER;PUT;Dic-26;8,25;11.81;43,07;-0,03;;611
02/10/26;SANTANDER;PUT;Dic-26;8,50;11.81;42,15;-0,04;2;15.880
02/10/26;SANTANDER;PUT;Dic-26;8,75;11.81;41,23;-0,05;;856
02/10/26;SANTANDER;PUT;Dic-26;9,00;11.81;40,31;-0,06;;5.090
02/10/26;SANTANDER;PUT;Dic-26;9,25;11.81;39,40;-0,08;;999
02/10/26;SANTANDER;PUT;Dic-26;9,50;11.81;38,48;-0,10;;34
02/10/26;SANTANDER;PUT;Dic-26;9,75;11.81;37,56;-0,12;;20
02/10/26;SANTANDER;PUT;Dic-26;10,00;11.81;36,65;-0,15;;90.011
02/10/26;SANTANDER;PUT;Dic-26;10,50;11.81;34,81;-0,22;;15.210
02/10/26;SANTANDER;PUT;Dic-26;11,00;11.81;32,98;-0,31;8;1.229
02/10/26;SANTANDER;PUT;Dic-26;11,50;11.81;31,14;-0,42;50;96
02/10/26;SANTANDER;PUT;Dic-26;12,00;11.81;29,81;-0,54;10;10.236
02/10/26;SANTANDER;PUT;Dic-26;12,50;11.81;29,31;-0,66;;179
02/10/26;SANTANDER;PUT;Dic-26;13,00;11.81;28,80;-0,77;;5.023
02/10/26;SANTANDER;PUT;Dic-26;13,50;11.81;28,29;-0,86;;100
02/10/26;SANTANDER;PUT;Dic-26;14,00;11.81;27,78;-0,92;;112
02/10/26;SANTANDER;PUT;Dic-26;16,00;11.81;25,75;-1,00;;1
02/10/26;SANTANDER;PUT;Mar-27;5,25;11.81;50,83;-0,01;;470
02/10/26;SANTANDER;PUT;Mar-27;5,50;11.81;50,02;-0,01;;150
02/10/26;SANTANDER;PUT;Mar-27;6,00;11.81;48,38;-0,01;;150
02/10/26;SANTANDER;PUT;Mar-27;6,75;11.81;45,92;-0,03;;371
02/10/26;SANTANDER;PUT;Mar-27;7,00;11.81;45,10;-0,03;;1
02/10/26;SANTANDER;PUT;Mar-27;7,25;11.81;44,29;-0,04;;16.000
02/10/26;SANTANDER;PUT;Mar-27;8,00;11.81;41,83;-0,07;;100
02/10/26;SANTANDER;PUT;Mar-27;8,25;11.81;41,01;-0,08;;5.400
02/10/26;SANTANDER;PUT;Mar-27;8,50;11.81;40,19;-0,09;;100
02/10/26;SANTANDER;PUT;Mar-27;8,75;11.81;39,37;-0,11;;5
02/10/26;SANTANDER;PUT;Mar-27;9,00;11.81;38,56;-0,12;;40
02/10/26;SANTANDER;PUT;Mar-27;9,25;11.81;37,74;-0,14;;3
02/10/26;SANTANDER;PUT;Mar-27;9,50;11.81;36,92;-0,16;;52.500
02/10/26;SANTANDER;PUT;Mar-27;9,75;11.81;36,10;-0,18;6.500;6.701
02/10/26;SANTANDER;PUT;Mar-27;10,00;11.81;35,28;-0,21;;16.135
02/10/26;SANTANDER;PUT;Mar-27;10,50;11.81;33,64;-0,27;;55
02/10/26;SANTANDER;PUT;Mar-27;11,00;11.81;32,01;-0,33;10.010;19.549
02/10/26;SANTANDER;PUT;Mar-27;11,50;11.81;30,37;-0,41;;90
02/10/26;SANTANDER;PUT;Mar-27;12,00;11.81;29,20;-0,50;;457
02/10/26;SANTANDER;PUT;Mar-27;12,50;11.81;28,77;-0,59;;29
02/10/26;SANTANDER;PUT;Mar-27;13,00;11.81;28,35;-0,67;;14.500
02/10/26;SANTANDER;PUT;Mar-27;14,50;11.81;27,08;-0,88;;1
02/10/26;SANTANDER;PUT;Jun-27;3,00;11.81;53,19;;;15.000
02/10/26;SANTANDER;PUT;Jun-27;4,00;11.81;50,62;;;1
02/10/26;SANTANDER;PUT;Jun-27;5,50;11.81;46,76;-0,02;;42
02/10/26;SANTANDER;PUT;Jun-27;6,00;11.81;45,48;-0,03;;20.100
02/10/26;SANTANDER;PUT;Jun-27;7,00;11.81;42,91;-0,05;;5.155
02/10/26;SANTANDER;PUT;Jun-27;7,25;11.81;42,27;-0,06;;150
02/10/26;SANTANDER;PUT;Jun-27;7,50;11.81;41,63;-0,07;;813
02/10/26;SANTANDER;PUT;Jun-27;7,75;11.81;40,98;-0,08;;150
02/10/26;SANTANDER;PUT;Jun-27;8,00;11.81;40,34;-0,10;;6.000
02/10/26;SANTANDER;PUT;Jun-27;8,50;11.81;39,06;-0,13;;5.000
02/10/26;SANTANDER;PUT;Jun-27;8,75;11.81;38,42;-0,14;;10
02/10/26;SANTANDER;PUT;Jun-27;9,00;11.81;37,77;-0,16;;16.000
02/10/26;SANTANDER;PUT;Jun-27;9,50;11.81;36,49;-0,20;;5
02/10/26;SANTANDER;PUT;Jun-27;10,00;11.81;35,20;-0,24;;10.000
02/10/26;SANTANDER;PUT;Jun-27;10,50;11.81;33,92;-0,30;;9.114
02/10/26;SANTANDER;PUT;Jun-27;11,50;11.81;31,35;-0,42;;5.260
02/10/26;SANTANDER;PUT;Jun-27;12,00;11.81;30,41;-0,48;;10.025
02/10/26;SANTANDER;PUT;Jun-27;12,50;11.81;30,01;-0,55;;371
02/10/26;SANTANDER;PUT;Jun-27;13,00;11.81;29,62;-0,61;;29
02/10/26;SANTANDER;PUT;Sep-27;8,00;11.81;39,29;-0,11;;315
02/10/26;SANTANDER;PUT;Sep-27;9,50;11.81;35,95;-0,21;;263
02/10/26;SANTANDER;PUT;Sep-27;9,75;11.81;35,39;-0,23;;25
02/10/26;SANTANDER;PUT;Sep-27;10,00;11.81;34,83;-0,26;10;15
02/10/26;SANTANDER;PUT;Sep-27;11,50;11.81;31,49;-0,41;;1
02/10/26;SANTANDER;PUT;Sep-27;12,00;11.81;30,65;-0,47;;3.502
02/10/26;SANTANDER;PUT;Sep-27;12,50;11.81;30,27;-0,52;10;1.510
02/10/26;SANTANDER;PUT;Sep-27;13,00;11.81;29,89;-0,58;;3
02/10/26;SANTANDER;PUT;Dic-27;3,30;11.81;47,90;;;10
02/10/26;SANTANDER;PUT;Dic-27;3,50;11.81;47,50;;;10.040
02/10/26;SANTANDER;PUT;Dic-27;3,90;11.81;46,68;-0,01;;10
02/10/26;SANTANDER;PUT;Dic-27;4,00;11.81;46,48;-0,01;;42
02/10/26;SANTANDER;PUT;Dic-27;4,20;11.81;46,07;-0,01;;7.000
02/10/26;SANTANDER;PUT;Dic-27;4,40;11.81;45,67;-0,01;;51.025
02/10/26;SANTANDER;PUT;Dic-27;4,70;11.81;45,06;-0,02;;10
02/10/26;SANTANDER;PUT;Dic-27;5,25;11.81;43,94;-0,03;;11.500
02/10/26;SANTANDER;PUT;Dic-27;5,50;11.81;43,43;-0,03;;1
02/10/26;SANTANDER;PUT;Dic-27;5,75;11.81;42,92;-0,04;;50.000
02/10/26;SANTANDER;PUT;Dic-27;6,00;11.81;42,41;-0,05;;5.150
02/10/26;SANTANDER;PUT;Dic-27;6,25;11.81;41,91;-0,05;;150
02/10/26;SANTANDER;PUT;Dic-27;6,50;11.81;41,40;-0,06;;151
02/10/26;SANTANDER;PUT;Dic-27;6,75;11.81;40,89;-0,07;;150
02/10/26;SANTANDER;PUT;Dic-27;7,00;11.81;40,38;-0,08;;10.505
02/10/26;SANTANDER;PUT;Dic-27;7,25;11.81;39,87;-0,09;;325
02/10/26;SANTANDER;PUT;Dic-27;7,50;11.81;39,37;-0,11;;300
02/10/26;SANTANDER;PUT;Dic-27;7,75;11.81;38,86;-0,12;;5.000
02/10/26;SANTANDER;PUT;Dic-27;8,00;11.81;38,35;-0,13;;75
02/10/26;SANTANDER;PUT;Dic-27;8,50;11.81;37,33;-0,16;;10.003
02/10/26;SANTANDER;PUT;Dic-27;8,75;11.81;36,83;-0,18;;23
02/10/26;SANTANDER;PUT;Dic-27;9,00;11.81;36,32;-0,19;;4.000
02/10/26;SANTANDER;PUT;Dic-27;9,75;11.81;34,79;-0,25;;25.000
02/10/26;SANTANDER;PUT;Dic-27;10,00;11.81;34,28;-0,27;;40.176
02/10/26;SANTANDER;PUT;Dic-27;10,50;11.81;33,27;-0,31;;4.745
02/10/26;SANTANDER;PUT;Dic-27;11,00;11.81;32,25;-0,36;;30.005
02/10/26;SANTANDER;PUT;Dic-27;11,50;11.81;31,24;-0,41;;26
02/10/26;SANTANDER;PUT;Dic-27;12,00;11.81;30,47;-0,46;;302
02/10/26;SANTANDER;PUT;Dic-27;12,50;11.81;30,10;-0,51;;3.025
02/10/26;SANTANDER;PUT;Mar-28;9,00;11.81;35,28;-0,20;;3.150
02/10/26;SANTANDER;PUT;Mar-28;9,25;11.81;34,82;-0,22;;150
02/10/26;SANTANDER;PUT;Mar-28;9,75;11.81;33,88;-0,25;;5
02/10/26;SANTANDER;PUT;Mar-28;10,00;11.81;33,42;-0,27;;150
02/10/26;SANTANDER;PUT;Mar-28;10,50;11.81;32,49;-0,31;;387
02/10/26;SANTANDER;PUT;Mar-28;11,00;11.81;31,56;-0,36;;20.175
02/10/26;SANTANDER;PUT;Mar-28;12,00;11.81;29,91;-0,45;;150
02/10/26;SANTANDER;PUT;Mar-28;12,50;11.81;29,56;-0,50;;1
02/10/26;SANTANDER;PUT;Jun-28;5,00;11.81;41,41;-0,03;;10.000
02/10/26;SANTANDER;PUT;Jun-28;7,00;11.81;38,02;-0,10;;5.000
02/10/26;SANTANDER;PUT;Jun-28;10,50;11.81;32,10;-0,32;;10.000
02/10/26;SANTANDER;PUT;Jun-28;11,00;11.81;31,25;-0,36;;381
02/10/26;SANTANDER;PUT;Jun-28;11,50;11.81;30,40;-0,40;;450
02/10/26;SANTANDER;PUT;Jun-28;12,00;11.81;29,75;-0,45;;602
02/10/26;SANTANDER;PUT;Jun-28;12,50;11.81;29,41;-0,49;;3.500
02/10/26;SANTANDER;PUT;Sep-28;12,50;11.81;29,18;-0,49;;1
02/10/26;SANTANDER;PUT;Dic-28;4,20;11.81;40,61;-0,02;;10.000
02/10/26;SANTANDER;PUT;Dic-28;6,00;11.81;37,97;-0,07;;12.500
02/10/26;SANTANDER;PUT;Dic-28;8,00;11.81;35,03;-0,16;;15.500
02/10/26;SANTANDER;PUT;Dic-28;8,50;11.81;34,30;-0,19;;3.000
02/10/26;SANTANDER;PUT;Dic-28;9,00;11.81;33,56;-0,22;;5.000
02/10/26;SANTANDER;PUT;Dic-28;10,00;11.81;32,09;-0,29;;12.000
02/10/26;SANTANDER;PUT;Dic-28;12,50;11.81;29,03;-0,48;;1
02/10/26;SANTANDER;PUT;Dic-29;3,90;11.81;38,66;-0,03;;3.250
02/10/26;SANTANDER;PUT;Dic-29;5,50;11.81;36,72;-0,07;;25.000
02/10/26;SANTANDER;PUT;Dic-29;8,00;11.81;33,68;-0,18;;11.000
02/10/26;SANTANDER;PUT;Dic-29;10,50;11.81;30,65;-0,33;;100
02/10/26;SANTANDER;PUT;Dic-30;6,00;11.81;35,26;-0,10;;10.000
02/10/26;SANTANDER;PUT;Dic-30;12,50;11.81;28,56;-0,44;;58
02/10/26;SANTANDER;PUT;Dic-30;13,00;11.81;28,33;-0,47;;185
02/10/26;SANTANDER;CALL;Oct-26;11,00;11.81;33,20;0,87;;40
02/10/26;SANTANDER;CALL;Oct-26;11,50;11.81;31,36;0,68;30;30
02/10/26;SANTANDER;CALL;Oct-26;12,00;11.81;30,03;0,41;;42
02/10/26;SANTANDER;CALL;Oct-26;12,50;11.81;29,51;0,18;20;10
02/10/26;SANTANDER;CALL;Oct-26;13,00;11.81;28,98;0,05;;32
02/10/26;SANTANDER;CALL;Oct-26;13,00;11.81;28,98;0,05;;62
02/10/26;SANTANDER;CALL;Oct-26;13,50;11.81;28,46;0,01;;4.596
02/10/26;SANTANDER;CALL;Oct-26;13,50;11.81;28,46;0,01;;10
02/10/26;SANTANDER;CALL;Oct-26;14,00;11.81;27,94;;;48.139
02/10/26;SANTANDER;CALL;Nov-26;11,50;11.81;32,93;0,58;10;10
02/10/26;SANTANDER;CALL;Nov-26;12,00;11.81;31,60;0,44;;30
02/10/26;SANTANDER;CALL;Nov-26;12,50;11.81;31,10;0,31;;30
02/10/26;SANTANDER;CALL;Nov-26;13,00;11.81;30,59;0,19;10;30
02/10/26;SANTANDER;CALL;Nov-26;13,00;11.81;30,59;0,19;;20
02/10/26;SANTANDER;CALL;Nov-26;13,50;11.81;30,08;0,11;;45
02/10/26;SANTANDER;CALL;Nov-26;13,50;11.81;30,08;0,11;;45
02/10/26;SANTANDER;CALL;Nov-26;14,00;11.81;29,57;0,06;;10
02/10/26;SANTANDER;CALL;Nov-26;14,00;11.81;29,57;0,06;;20
02/10/26;SANTANDER;CALL;Dic-26;5,50;11.81;54,43;0,99;;15
02/10/26;SANTANDER;CALL;Dic-26;6,50;11.81;50,76;0,99;;36
02/10/26;SANTANDER;CALL;Dic-26;7,50;11.81;47,09;0,98;;5
02/10/26;SANTANDER;CALL;Dic-26;8,00;11.81;45,25;0,97;;2
02/10/26;SANTANDER;CALL;Dic-26;8,50;11.81;43,42;0,95;;2
02/10/26;SANTANDER;CALL;Dic-26;8,75;11.81;42,50;0,94;;25
02/10/26;SANTANDER;CALL;Dic-26;9,00;11.81;41,58;0,93;;10
02/10/26;SANTANDER;CALL;Dic-26;10,50;11.81;36,08;0,77;;12
02/10/26;SANTANDER;CALL;Dic-26;12,00;11.81;31,08;0,47;;20
02/10/26;SANTANDER;CALL;Dic-26;12,00;11.81;31,08;0,47;;10
02/10/26;SANTANDER;CALL;Dic-26;12,50;11.81;30,58;0,35;;2
02/10/26;SANTANDER;CALL;Dic-26;13,50;11.81;29,56;0,17;;2
02/10/26;SANTANDER;CALL;Dic-26;14,00;11.81;29,05;0,11;;365
02/10/26;SANTANDER;CALL;Mar-27;4,00;11.81;56,58;0,99;;30
02/10/26;SANTANDER;CALL;Mar-27;5,00;11.81;53,30;0,98;;20
02/10/26;SANTANDER;CALL;Mar-27;10,00;11.81;36,93;0,78;;1
02/10/26;SANTANDER;CALL;Mar-27;13,00;11.81;30,00;0,36;;1
02/10/26;SANTANDER;CALL;Jun-27;14,00;11.81;29,94;0,28;;1
02/10/26;SANTANDER;CALL;Jun-27;15,00;11.81;29,15;0,19;;1
02/10/26;SANTANDER;CALL;Sep-27;13,50;11.81;30,39;0,38;;2
02/10/26;SANTANDER;CALL;Dic-27;14,00;11.81;30,22;0,35;;4
02/10/26;SANTANDER;CALL;Mar-28;14,00;11.81;30,31;0,38;;1
02/10/26;SANTANDER;CALL;Mar-28;14,50;11.81;29,96;0,34;;1
02/10/26;SANTANDER;CALL;Jun-28;14,50;11.81;30,36;0,35;;1
02/10/26;SANTANDER;CALL;Dic-28;6,00;11.81;41,26;0,86;;1
02/10/26;SANTANDER;CALL;Dic-28;7,00;11.81;39,79;0,82;;2
02/10/26;SANTANDER;PUT;Oct-26;11,00;11.81;33,80;-0,13;;2
02/10/26;SANTANDER;PUT;Oct-26;11,50;11.81;31,96;-0,32;30;31
02/10/26;SANTANDER;PUT;Oct-26;11,50;11.81;31,96;-0,32;;10
02/10/26;SANTANDER;PUT;Oct-26;12,00;11.81;30,63;-0,59;1;22
02/10/26;SANTANDER;PUT;Oct-26;12,50;11.81;30,11;-0,82;1;51
02/10/26;SANTANDER;PUT;Oct-26;12,50;11.81;30,11;-0,82;;52
02/10/26;SANTANDER;PUT;Oct-26;13,00;11.81;29,58;-0,94;;100
02/10/26;SANTANDER;PUT;Oct-26;13,50;11.81;29,06;-0,99;;10
02/10/26;SANTANDER;PUT;Oct-26;14,50;11.81;28,02;-1,00;;10
02/10/26;SANTANDER;PUT;Oct-26;15,00;11.81;27,50;-1,00;;10
02/10/26;SANTANDER;PUT;Nov-26;11,00;11.81;34,03;-0,28;10;14
02/10/26;SANTANDER;PUT;Nov-26;11,50;11.81;32,19;-0,41;;20
02/10/26;SANTANDER;PUT;Nov-26;11,50;11.81;32,19;-0,41;;20
02/10/26;SANTANDER;PUT;Nov-26;12,00;11.81;30,86;-0,56;;12
02/10/26;SANTANDER;PUT;Nov-26;12,00;11.81;30,86;-0,56;;82
02/10/26;SANTANDER;PUT;Nov-26;12,50;11.81;30,36;-0,70;1;31
02/10/26;SANTANDER;PUT;Nov-26;13,00;11.81;29,85;-0,81;;20
02/10/26;SANTANDER;PUT;Nov-26;15,50;11.81;27,31;-0,99;;5
02/10/26;SANTANDER;PUT;Dic-26;6,75;11.81;48,57;;;2.800
02/10/26;SANTANDER;PUT;Dic-26;9,00;11.81;40,31;-0,06;;10
02/10/26;SANTANDER;PUT;Dic-26;9,75;11.81;37,56;-0,12;;26
02/10/26;SANTANDER;PUT;Dic-26;10,00;11.81;36,65;-0,15;;25
02/10/26;SANTANDER;PUT;Dic-26;10,50;11.81;34,81;-0,22;;10
02/10/26;SANTANDER;PUT;Dic-26;11,00;11.81;32,98;-0,31;25;65
02/10/26;SANTANDER;PUT;Dic-26;11,00;11.81;32,98;-0,31;;10
02/10/26;SANTANDER;PUT;Dic-26;11,50;11.81;31,14;-0,41;;2
02/10/26;SANTANDER;PUT;Dic-26;12,00;11.81;29,81;-0,53;;57
02/10/26;SANTANDER;PUT;Dic-26;12,50;11.81;29,31;-0,65;;2
02/10/26;SANTANDER;PUT;Dic-26;13,00;11.81;28,80;-0,75;;1
02/10/26;SANTANDER;PUT;Dic-26;16,00;11.81;25,75;-0,99;;10
02/10/26;SANTANDER;PUT;Mar-27;9,00;11.81;38,56;-0,12;;2
02/10/26;SANTANDER;PUT;Mar-27;12,00;11.81;29,20;-0,48;;1
02/10/26;SANTANDER;PUT;Mar-27;12,50;11.81;28,77;-0,57;;2
02/10/26;SANTANDER;PUT;Mar-27;16,50;11.81;25,39;-0,96;;10
02/10/26;SANTANDER;PUT;Jun-27;11,50;11.81;31,35;-0,40;;1
02/10/26;SANTANDER;PUT;Jun-27;12,00;11.81;30,41;-0,47;;1
02/10/26;SANTANDER;PUT;Sep-27;11,50;11.81;31,49;-0,39;1;1
02/10/26;SANTANDER;PUT;Sep-27;12,00;11.81;30,65;-0,44;;1
02/10/26;SANTANDER;PUT;Dic-27;11,00;11.81;32,25;-0,35;1;2
02/10/26;SANTANDER;PUT;Dic-27;11,50;11.81;31,24;-0,39;1;1
02/10/26;SANTANDER;PUT;Dic-29;10,50;11.81;30,65;-0,29;;60
02/10/26;SOLARIA;CALL;Oct-26;16,00;16.57;54,47;0,65;;3
02/10/26;SOLARIA;CALL;Oct-26;19,00;16.57;50,24;0,09;;8
02/10/26;SOLARIA;CALL;Nov-26;16,00;16.57;54,43;0,61;;3
02/10/26;SOLARIA;CALL;Dic-26;18,00;16.57;50,00;0,41;;9
02/10/26;SOLARIA;CALL;Dic-26;20,00;16.57;48,99;0,24;;4
02/10/26;SOLARIA;PUT;Oct-26;15,50;16.57;55,51;-0,25;;1.411
02/10/26;SOLARIA;PUT;Nov-26;14,50;16.57;57,61;-0,23;;5
02/10/26;SOLARIA;PUT;Nov-26;15,00;16.57;56,51;-0,28;;5
02/10/26;SOLARIA;PUT;Nov-26;16,00;16.57;54,32;-0,39;;3
02/10/26;SOLARIA;PUT;Dic-26;14,00;16.57;55,63;-0,21;;1
02/10/26;SOLARIA;PUT;Dic-26;14,50;16.57;54,64;-0,25;;8
02/10/26;SOLARIA;PUT;Dic-26;15,00;16.57;53,66;-0,29;1;1
02/10/26;SOLARIA;PUT;Dic-26;18,00;16.57;49,85;-0,59;;5
02/10/26;SOLARIA;PUT;Mar-27;14,00;16.57;51,23;-0,25;;5
02/10/26;SOLARIA;PUT;Jun-27;22,00;16.57;45,83;-0,71;;25
02/10/26;SOLARIA;PUT;Jun-27;24,00;16.57;45,67;-0,79;;20
02/10/26;SOLARIA;PUT;Jun-27;26,00;16.57;45,51;-0,86;;20
02/10/26;TECNICAS REUNIDAS;CALL;Oct-26;27,49;26.36;47,94;0,35;;8
02/10/26;TECNICAS REUNIDAS;CALL;Oct-26;28,41;26.36;47,25;0,23;;10
02/10/26;TECNICAS REUNIDAS;CALL;Oct-26;29,32;26.36;46,57;0,13;;13
02/10/26;TECNICAS REUNIDAS;CALL;Oct-26;30,24;26.36;45,89;0,07;;19
02/10/26;TECNICAS REUNIDAS;CALL;Oct-26;34,82;26.36;42,47;;;2
02/10/26;TECNICAS REUNIDAS;CALL;Oct-26;36,65;26.36;41,10;;;5
02/10/26;TECNICAS REUNIDAS;CALL;Nov-26;29,32;26.36;46,13;0,28;;5
02/10/26;TECNICAS REUNIDAS;CALL;Nov-26;30,24;26.36;45,45;0,22;;15
02/10/26;TECNICAS REUNIDAS;CALL;Nov-26;32,07;26.36;44,08;0,12;;4
02/10/26;TECNICAS REUNIDAS;CALL;Nov-26;32,99;26.36;43,39;0,08;;5
02/10/26;TECNICAS REUNIDAS;CALL;Nov-26;33,90;26.36;42,71;0,05;;5
02/10/26;TECNICAS REUNIDAS;CALL;Nov-26;35,74;26.36;41,34;0,02;;5
02/10/26;TECNICAS REUNIDAS;CALL;Dic-26;27,49;26.36;51,55;0,46;;10
02/10/26;TECNICAS REUNIDAS;CALL;Dic-26;35,74;26.36;46,12;0,08;;3
02/10/26;TECNICAS REUNIDAS;CALL;Dic-26;41,23;26.36;42,51;0,01;;5
02/10/26;TECNICAS REUNIDAS;CALL;Mar-27;37,00;26.36;48,05;0,18;;1
02/10/26;TECNICAS REUNIDAS;CALL;Jun-27;26,00;26.36;49,88;0,59;;4
02/10/26;TECNICAS REUNIDAS;CALL;Jun-27;29,00;26.36;48,65;0,48;;12
02/10/26;TECNICAS REUNIDAS;CALL;Mar-28;36,00;26.36;41,67;0,35;;20
02/10/26;TECNICAS REUNIDAS;CALL;Mar-28;37,00;26.36;41,58;0,33;;5
02/10/26;TECNICAS REUNIDAS;CALL;Mar-28;38,00;26.36;41,49;0,30;;20
02/10/26;TECNICAS REUNIDAS;PUT;Oct-26;20,16;26.36;50,65;;;5
02/10/26;TECNICAS REUNIDAS;PUT;Oct-26;23,82;26.36;43,76;-0,11;;15
02/10/26;TECNICAS REUNIDAS;PUT;Oct-26;24,74;26.36;42,02;-0,21;;1
02/10/26;TECNICAS REUNIDAS;PUT;Nov-26;19,24;26.36;50,19;-0,05;;3
02/10/26;TECNICAS REUNIDAS;PUT;Nov-26;21,99;26.36;44,97;-0,15;;2
02/10/26;TECNICAS REUNIDAS;PUT;Nov-26;24,74;26.36;39,75;-0,37;;2
02/10/26;TECNICAS REUNIDAS;PUT;Nov-26;25,66;26.36;38,01;-0,47;;1
02/10/26;TECNICAS REUNIDAS;PUT;Dic-26;18,33;26.36;51,71;-0,06;;2
02/10/26;TECNICAS REUNIDAS;PUT;Dic-26;20,16;26.36;48,56;-0,11;;2
02/10/26;TECNICAS REUNIDAS;PUT;Dic-26;21,07;26.36;47,00;-0,15;;5
02/10/26;TECNICAS REUNIDAS;PUT;Dic-26;22,91;26.36;43,83;-0,25;;2
02/10/26;TECNICAS REUNIDAS;PUT;Dic-26;23,82;26.36;42,27;-0,31;;1
02/10/26;TECNICAS REUNIDAS;PUT;Dic-26;26,57;26.36;37,76;-0,54;;10
02/10/26;TECNICAS REUNIDAS;PUT;Dic-26;27,49;26.36;37,16;-0,62;;10
02/10/26;TECNICAS REUNIDAS;PUT;Mar-27;16,00;26.36;55,50;-0,07;;1
02/10/26;TECNICAS REUNIDAS;PUT;Mar-27;30,00;26.36;39,23;-0,67;;5
02/10/26;TECNICAS REUNIDAS;PUT;Jun-27;18,00;26.36;50,12;-0,14;;3
02/10/26;TECNICAS REUNIDAS;PUT;Jun-27;32,00;26.36;38,37;-0,70;;2
02/10/26;TECNICAS REUNIDAS;PUT;Sep-27;24,00;26.36;41,39;-0,34;;4
02/10/26;TECNICAS REUNIDAS;PUT;Sep-27;28,00;26.36;38,71;-0,50;;1
02/10/26;TECNICAS REUNIDAS;PUT;Jun-28;18,50;26.36;42,16;-0,19;;5
02/10/26;TECNICAS REUNIDAS;PUT;Dic-26;26,00;26.36;38,52;-0,48;;5
02/10/26;TECNICAS REUNIDAS;PUT;Dic-26;27,00;26.36;37,48;-0,57;;5
02/10/26;TELEFONICA;CALL;Oct-26;3,40;3.31;18,88;0,26;;1
02/10/26;TELEFONICA;CALL;Oct-26;3,50;3.31;18,57;0,07;;10
02/10/26;TELEFONICA;CALL;Oct-26;3,60;3.31;18,26;0,01;;2
02/10/26;TELEFONICA;CALL;Oct-26;3,70;3.31;17,95;;;25.039
02/10/26;TELEFONICA;CALL;Oct-26;3,80;3.31;17,63;;;92
02/10/26;TELEFONICA;CALL;Oct-26;3,90;3.31;17,32;;;2
02/10/26;TELEFONICA;CALL;Nov-26;3,20;3.31;25,76;0,67;;1
02/10/26;TELEFONICA;CALL;Nov-26;3,40;3.31;24,48;0,42;1;1
02/10/26;TELEFONICA;CALL;Nov-26;3,50;3.31;24,18;0,30;;18
02/10/26;TELEFONICA;CALL;Nov-26;3,60;3.31;23,88;0,20;;5
02/10/26;TELEFONICA;CALL;Nov-26;3,70;3.31;23,58;0,12;;68
02/10/26;TELEFONICA;CALL;Nov-26;3,80;3.31;23,27;0,06;;7.000
02/10/26;TELEFONICA;CALL;Nov-26;4,00;3.31;22,67;0,01;;88
02/10/26;TELEFONICA;CALL;Dic-26;2,80;3.31;30,35;0,91;;2.000
02/10/26;TELEFONICA;CALL;Dic-26;2,90;3.31;29,52;0,86;;1
02/10/26;TELEFONICA;CALL;Dic-26;3,00;3.31;28,68;0,80;;9
02/10/26;TELEFONICA;CALL;Dic-26;3,20;3.31;27,01;0,65;;5
02/10/26;TELEFONICA;CALL;Dic-26;3,30;3.31;26,18;0,56;;10
02/10/26;TELEFONICA;CALL;Dic-26;3,40;3.31;25,79;0,46;;65
02/10/26;TELEFONICA;CALL;Dic-26;3,50;3.31;25,48;0,36;1;193
02/10/26;TELEFONICA;CALL;Dic-26;3,60;3.31;25,17;0,27;5;96.508
02/10/26;TELEFONICA;CALL;Dic-26;3,70;3.31;24,86;0,20;;1.959
02/10/26;TELEFONICA;CALL;Dic-26;3,80;3.31;24,54;0,13;2.000;2.330
02/10/26;TELEFONICA;CALL;Dic-26;3,90;3.31;24,23;0,09;;1.057
02/10/26;TELEFONICA;CALL;Dic-26;4,00;3.31;23,92;0,05;;120.750
02/10/26;TELEFONICA;CALL;Dic-26;4,10;3.31;23,61;0,03;;570
02/10/26;TELEFONICA;CALL;Dic-26;4,20;3.31;23,30;0,02;;1.214
02/10/26;TELEFONICA;CALL;Dic-26;4,30;3.31;22,99;0,01;;511
02/10/26;TELEFONICA;CALL;Dic-26;4,40;3.31;22,67;;;14
02/10/26;TELEFONICA;CALL;Dic-26;4,50;3.31;22,36;;;43.670
02/10/26;TELEFONICA;CALL;Dic-26;4,60;3.31;22,05;;;35.000
02/10/26;TELEFONICA;CALL;Dic-26;4,70;3.31;21,74;;;20.010
02/10/26;TELEFONICA;CALL;Dic-26;4,90;3.31;21,11;;;8.004
02/10/26;TELEFONICA;CALL;Dic-26;5,00;3.31;20,80;;;771
02/10/26;TELEFONICA;CALL;Dic-26;5,25;3.31;20,02;;;8
02/10/26;TELEFONICA;CALL;Dic-26;5,50;3.31;19,24;;;2
02/10/26;TELEFONICA;CALL;Mar-27;2,20;3.31;32,68;0,98;;1
02/10/26;TELEFONICA;CALL;Mar-27;3,00;3.31;27,77;0,75;;1
02/10/26;TELEFONICA;CALL;Mar-27;3,10;3.31;27,15;0,70;;30
02/10/26;TELEFONICA;CALL;Mar-27;3,20;3.31;26,54;0,64;;10
02/10/26;TELEFONICA;CALL;Mar-27;3,40;3.31;25,53;0,50;5;6
02/10/26;TELEFONICA;CALL;Mar-27;3,50;3.31;25,17;0,44;;2
02/10/26;TELEFONICA;CALL;Mar-27;3,60;3.31;24,80;0,37;;56
02/10/26;TELEFONICA;CALL;Mar-27;3,70;3.31;24,44;0,31;;513
02/10/26;TELEFONICA;CALL;Mar-27;3,80;3.31;24,08;0,25;;294
02/10/26;TELEFONICA;CALL;Mar-27;4,00;3.31;23,36;0,15;;140
02/10/26;TELEFONICA;CALL;Mar-27;4,20;3.31;22,63;0,08;;70
02/10/26;TELEFONICA;CALL;Mar-27;4,30;3.31;22,27;0,06;;4
02/10/26;TELEFONICA;CALL;Mar-27;4,40;3.31;21,91;0,04;;5.000
02/10/26;TELEFONICA;CALL;Mar-27;4,60;3.31;21,18;0,02;;20.000
02/10/26;TELEFONICA;CALL;Mar-27;4,80;3.31;20,46;0,01;;25
02/10/26;TELEFONICA;CALL;Jun-27;2,00;3.31;32,61;0,99;;10
02/10/26;TELEFONICA;CALL;Jun-27;2,70;3.31;29,23;0,86;150;300
02/10/26;TELEFONICA;CALL;Jun-27;3,00;3.31;27,79;0,74;;5
02/10/26;TELEFONICA;CALL;Jun-27;3,50;3.31;25,60;0,47;5;6
02/10/26;TELEFONICA;CALL;Jun-27;3,60;3.31;25,23;0,42;;100
02/10/26;TELEFONICA;CALL;Jun-27;3,70;3.31;24,87;0,36;4;4
02/10/26;TELEFONICA;CALL;Jun-27;3,80;3.31;24,51;0,31;;26
02/10/26;TELEFONICA;CALL;Jun-27;3,90;3.31;24,15;0,26;;14
02/10/26;TELEFONICA;CALL;Jun-27;4,00;3.31;23,79;0,21;;58
02/10/26;TELEFONICA;CALL;Jun-27;4,10;3.31;23,42;0,18;;4.028
02/10/26;TELEFONICA;CALL;Jun-27;4,20;3.31;23,06;0,14;;24.007
02/10/26;TELEFONICA;CALL;Jun-27;4,30;3.31;22,70;0,11;;102
02/10/26;TELEFONICA;CALL;Jun-27;4,40;3.31;22,34;0,08;;456
02/10/26;TELEFONICA;CALL;Jun-27;4,50;3.31;21,98;0,06;;6.700
02/10/26;TELEFONICA;CALL;Jun-27;4,70;3.31;21,25;0,03;;10
02/10/26;TELEFONICA;CALL;Jun-27;4,80;3.31;20,89;0,02;;150
02/10/26;TELEFONICA;CALL;Jun-27;4,90;3.31;20,53;0,01;;150
02/10/26;TELEFONICA;CALL;Jun-27;5,00;3.31;20,16;0,01;;150
02/10/26;TELEFONICA;CALL;Jun-27;5,50;3.31;18,35;;;5
02/10/26;TELEFONICA;CALL;Jun-27;5,75;3.31;17,45;;;20
02/10/26;TELEFONICA;CALL;Sep-27;3,00;3.31;26,70;0,74;;4
02/10/26;TELEFONICA;CALL;Sep-27;3,30;3.31;25,52;0,58;;10
02/10/26;TELEFONICA;CALL;Sep-27;3,60;3.31;24,69;0,42;;10
02/10/26;TELEFONICA;CALL;Sep-27;3,70;3.31;24,42;0,37;;31
02/10/26;TELEFONICA;CALL;Sep-27;3,80;3.31;24,15;0,32;;4
02/10/26;TELEFONICA;CALL;Sep-27;3,90;3.31;23,88;0,28;;150
02/10/26;TELEFONICA;CALL;Sep-27;4,00;3.31;23,61;0,24;;40
02/10/26;TELEFONICA;CALL;Sep-27;4,60;3.31;21,98;0,07;;2
02/10/26;TELEFONICA;CALL;Sep-27;5,50;3.31;19,53;;;22
02/10/26;TELEFONICA;CALL;Dic-27;2,30;3.31;29,32;0,94;;10
02/10/26;TELEFONICA;CALL;Dic-27;2,40;3.31;28,98;0,93;;10
02/10/26;TELEFONICA;CALL;Dic-27;2,50;3.31;28,63;0,90;;10
02/10/26;TELEFONICA;CALL;Dic-27;2,60;3.31;28,29;0,87;;10
02/10/26;TELEFONICA;CALL;Dic-27;2,70;3.31;27,95;0,84;;25
02/10/26;TELEFONICA;CALL;Dic-27;2,80;3.31;27,61;0,80;;15
02/10/26;TELEFONICA;CALL;Dic-27;2,90;3.31;27,27;0,76;;15
02/10/26;TELEFONICA;CALL;Dic-27;3,00;3.31;26,92;0,72;;3
02/10/26;TELEFONICA;CALL;Dic-27;3,10;3.31;26,58;0,67;;10
02/10/26;TELEFONICA;CALL;Dic-27;3,20;3.31;26,24;0,63;;752
02/10/26;TELEFONICA;CALL;Dic-27;3,50;3.31;25,36;0,48;;148
02/10/26;TELEFONICA;CALL;Dic-27;3,60;3.31;25,10;0,44;;21
02/10/26;TELEFONICA;CALL;Dic-27;3,70;3.31;24,84;0,39;;6
02/10/26;TELEFONICA;CALL;Dic-27;3,80;3.31;24,58;0,35;;9.013
02/10/26;TELEFONICA;CALL;Dic-27;3,90;3.31;24,32;0,31;;1
02/10/26;TELEFONICA;CALL;Dic-27;4,00;3.31;24,06;0,27;;870
02/10/26;TELEFONICA;CALL;Dic-27;4,10;3.31;23,79;0,24;;102
02/10/26;TELEFONICA;CALL;Dic-27;4,20;3.31;23,53;0,20;;3
02/10/26;TELEFONICA;CALL;Dic-27;4,30;3.31;23,27;0,18;;36
02/10/26;TELEFONICA;CALL;Dic-27;4,40;3.31;23,01;0,15;;79
02/10/26;TELEFONICA;CALL;Dic-27;4,50;3.31;22,75;0,12;;139
02/10/26;TELEFONICA;CALL;Dic-27;4,60;3.31;22,49;0,11;;4.001
02/10/26;TELEFONICA;CALL;Dic-27;4,70;3.31;22,23;0,09;;30.150
02/10/26;TELEFONICA;CALL;Dic-27;5,00;3.31;21,44;0,05;;486
02/10/26;TELEFONICA;CALL;Dic-27;5,25;3.31;20,79;0,02;;167
02/10/26;TELEFONICA;CALL;Dic-27;5,50;3.31;20,13;0,01;;25
02/10/26;TELEFONICA;CALL;Dic-27;6,00;3.31;18,83;;;21.105
02/10/26;TELEFONICA;CALL;Mar-28;2,10;3.31;29,90;0,97;;10
02/10/26;TELEFONICA;CALL;Mar-28;2,20;3.31;29,61;0,95;;10
02/10/26;TELEFONICA;CALL;Mar-28;2,30;3.31;29,32;0,93;;10
02/10/26;TELEFONICA;CALL;Mar-28;2,40;3.31;29,03;0,91;;10
02/10/26;TELEFONICA;CALL;Mar-28;2,50;3.31;28,73;0,88;;10
02/10/26;TELEFONICA;CALL;Mar-28;2,60;3.31;28,44;0,85;;10
02/10/26;TELEFONICA;CALL;Mar-28;2,70;3.31;28,15;0,82;;50
02/10/26;TELEFONICA;CALL;Mar-28;2,80;3.31;27,86;0,78;;15
02/10/26;TELEFONICA;CALL;Mar-28;2,90;3.31;27,57;0,74;;15
02/10/26;TELEFONICA;CALL;Mar-28;3,00;3.31;27,28;0,70;;20
02/10/26;TELEFONICA;CALL;Mar-28;3,10;3.31;26,98;0,66;;20
02/10/26;TELEFONICA;CALL;Mar-28;3,20;3.31;26,69;0,62;;27
02/10/26;TELEFONICA;CALL;Mar-28;3,30;3.31;26,40;0,58;;25
02/10/26;TELEFONICA;CALL;Mar-28;3,40;3.31;26,16;0,54;;521
02/10/26;TELEFONICA;CALL;Mar-28;3,50;3.31;25,93;0,50;;35
02/10/26;TELEFONICA;CALL;Mar-28;3,60;3.31;25,70;0,46;;26
02/10/26;TELEFONICA;CALL;Mar-28;3,70;3.31;25,47;0,42;;25
02/10/26;TELEFONICA;CALL;Mar-28;3,80;3.31;25,24;0,38;;1
02/10/26;TELEFONICA;CALL;Mar-28;4,00;3.31;24,77;0,31;;10
02/10/26;TELEFONICA;CALL;Mar-28;4,10;3.31;24,54;0,28;;1
02/10/26;TELEFONICA;CALL;Mar-28;4,50;3.31;23,62;0,17;;100
02/10/26;TELEFONICA;CALL;Mar-28;4,60;3.31;23,38;0,15;;1
02/10/26;TELEFONICA;CALL;Jun-28;4,00;3.31;25,09;0,33;;100
02/10/26;TELEFONICA;CALL;Jun-28;4,50;3.31;24,08;0,20;;27
02/10/26;TELEFONICA;CALL;Jun-28;4,60;3.31;23,88;0,17;;150
02/10/26;TELEFONICA;CALL;Jun-28;4,70;3.31;23,68;0,15;;175
02/10/26;TELEFONICA;CALL;Jun-28;5,00;3.31;23,08;0,10;;4
02/10/26;TELEFONICA;CALL;Sep-28;3,50;3.31;26,21;0,51;;30
02/10/26;TELEFONICA;CALL;Sep-28;4,00;3.31;25,31;0,35;;1
02/10/26;TELEFONICA;CALL;Dic-28;2,90;3.31;27,63;0,72;;25
02/10/26;TELEFONICA;CALL;Dic-28;3,00;3.31;27,44;0,69;;50
02/10/26;TELEFONICA;CALL;Dic-28;3,10;3.31;27,25;0,65;;50
02/10/26;TELEFONICA;CALL;Dic-28;3,20;3.31;27,06;0,62;;25
02/10/26;TELEFONICA;CALL;Dic-28;3,40;3.31;26,69;0,55;;5
02/10/26;TELEFONICA;CALL;Dic-28;3,50;3.31;26,52;0,52;;30
02/10/26;TELEFONICA;CALL;Dic-28;3,60;3.31;26,35;0,48;;50
02/10/26;TELEFONICA;CALL;Dic-28;3,70;3.31;26,18;0,45;;65
02/10/26;TELEFONICA;CALL;Dic-28;3,80;3.31;26,01;0,42;;23
02/10/26;TELEFONICA;CALL;Dic-28;4,00;3.31;25,67;0,37;;18
02/10/26;TELEFONICA;CALL;Dic-28;4,20;3.31;25,33;0,31;175;175
02/10/26;TELEFONICA;CALL;Dic-28;4,50;3.31;24,81;0,24;;55
02/10/26;TELEFONICA;CALL;Dic-28;4,80;3.31;24,30;0,18;;10
02/10/26;TELEFONICA;CALL;Dic-28;5,00;3.31;23,96;0,14;;65
02/10/26;TELEFONICA;CALL;Dic-28;5,25;3.31;23,53;0,11;;50
02/10/26;TELEFONICA;CALL;Jun-29;4,50;3.31;25,61;0,28;;5
02/10/26;TELEFONICA;CALL;Dic-29;3,40;3.31;27,51;0,57;;10
02/10/26;TELEFONICA;CALL;Dic-29;4,00;3.31;26,72;0,42;;10
02/10/26;TELEFONICA;CALL;Dic-29;4,30;3.31;26,33;0,35;;1
02/10/26;TELEFONICA;CALL;Dic-29;4,50;3.31;26,07;0,31;;37
02/10/26;TELEFONICA;CALL;Dic-29;5,00;3.31;25,42;0,22;;543
02/10/26;TELEFONICA;CALL;Jun-30;5,75;3.31;24,92;0,15;;400
02/10/26;TELEFONICA;CALL;Dic-30;4,50;3.31;26,73;0,35;;3
02/10/26;TELEFONICA;CALL;Jun-31;4,40;3.31;27,09;0,39;;50
02/10/26;TELEFONICA;PUT;Oct-26;3,20;3.31;21,31;-0,19;;10
02/10/26;TELEFONICA;PUT;Oct-26;3,30;3.31;20,46;-0,44;;10
02/10/26;TELEFONICA;PUT;Oct-26;3,40;3.31;20,07;-0,73;;13
02/10/26;TELEFONICA;PUT;Oct-26;3,50;3.31;19,76;-0,93;;82
02/10/26;TELEFONICA;PUT;Oct-26;3,60;3.31;19,45;-1,00;;20.849
02/10/26;TELEFONICA;PUT;Nov-26;3,20;3.31;24,91;-0,32;;13
02/10/26;TELEFONICA;PUT;Nov-26;3,30;3.31;24,02;-0,45;10;31
02/10/26;TELEFONICA;PUT;Nov-26;3,40;3.31;23,63;-0,59;;35
02/10/26;TELEFONICA;PUT;Nov-26;3,50;3.31;23,33;-0,72;;129
02/10/26;TELEFONICA;PUT;Nov-26;3,60;3.31;23,03;-0,83;;24
02/10/26;TELEFONICA;PUT;Nov-26;3,70;3.31;22,73;-0,91;;45
02/10/26;TELEFONICA;PUT;Nov-26;3,80;3.31;22,42;-0,97;;65
02/10/26;TELEFONICA;PUT;Dic-26;2,50;3.31;31,58;-0,02;;8
02/10/26;TELEFONICA;PUT;Dic-26;2,80;3.31;29,07;-0,09;;100
02/10/26;TELEFONICA;PUT;Dic-26;2,90;3.31;28,24;-0,13;;50
02/10/26;TELEFONICA;PUT;Dic-26;3,00;3.31;27,40;-0,19;;23
02/10/26;TELEFONICA;PUT;Dic-26;3,10;3.31;26,57;-0,26;;200
02/10/26;TELEFONICA;PUT;Dic-26;3,20;3.31;25,73;-0,35;20;178
02/10/26;TELEFONICA;PUT;Dic-26;3,30;3.31;24,90;-0,45;;53
02/10/26;TELEFONICA;PUT;Dic-26;3,40;3.31;24,51;-0,56;;65.267
02/10/26;TELEFONICA;PUT;Dic-26;3,50;3.31;24,20;-0,66;;20.219
02/10/26;TELEFONICA;PUT;Dic-26;3,60;3.31;23,89;-0,76;;95.174
02/10/26;TELEFONICA;PUT;Dic-26;3,70;3.31;23,58;-0,84;;320
02/10/26;TELEFONICA;PUT;Dic-26;3,80;3.31;23,26;-0,90;;348
02/10/26;TELEFONICA;PUT;Dic-26;3,90;3.31;22,95;-0,96;;2.733
02/10/26;TELEFONICA;PUT;Dic-26;4,00;3.31;22,64;-0,99;;107.538
02/10/26;TELEFONICA;PUT;Dic-26;4,10;3.31;22,33;-1,00;;9
02/10/26;TELEFONICA;PUT;Dic-26;4,50;3.31;21,08;-1,00;;37.510
02/10/26;TELEFONICA;PUT;Dic-26;4,60;3.31;20,77;-1,00;;15.000
02/10/26;TELEFONICA;PUT;Mar-27;3,00;3.31;27,94;-0,25;;8
02/10/26;TELEFONICA;PUT;Mar-27;3,10;3.31;27,32;-0,31;;13
02/10/26;TELEFONICA;PUT;Mar-27;3,20;3.31;26,71;-0,37;;33
02/10/26;TELEFONICA;PUT;Mar-27;3,30;3.31;26,10;-0,44;;11
02/10/26;TELEFONICA;PUT;Mar-27;3,40;3.31;25,70;-0,51;;18
02/10/26;TELEFONICA;PUT;Mar-27;3,50;3.31;25,34;-0,58;;78
02/10/26;TELEFONICA;PUT;Mar-27;3,60;3.31;24,97;-0,65;;50
02/10/26;TELEFONICA;PUT;Mar-27;3,70;3.31;24,61;-0,72;;19
02/10/26;TELEFONICA;PUT;Mar-27;3,80;3.31;24,25;-0,78;;220
02/10/26;TELEFONICA;PUT;Mar-27;3,90;3.31;23,89;-0,84;;724
02/10/26;TELEFONICA;PUT;Mar-27;4,00;3.31;23,53;-0,89;;681
02/10/26;TELEFONICA;PUT;Mar-27;4,10;3.31;23,16;-0,94;;29
02/10/26;TELEFONICA;PUT;Mar-27;4,20;3.31;22,80;-0,98;;600
02/10/26;TELEFONICA;PUT;Mar-27;4,50;3.31;21,72;-1,00;;5
02/10/26;TELEFONICA;PUT;Mar-27;4,60;3.31;21,35;-1,00;;20.000
02/10/26;TELEFONICA;PUT;Jun-27;3,10;3.31;25,30;-0,38;;2
02/10/26;TELEFONICA;PUT;Jun-27;3,20;3.31;24,82;-0,44;;25
02/10/26;TELEFONICA;PUT;Jun-27;3,30;3.31;24,34;-0,50;;25
02/10/26;TELEFONICA;PUT;Jun-27;3,40;3.31;23,96;-0,56;;41
02/10/26;TELEFONICA;PUT;Jun-27;3,50;3.31;23,60;-0,62;;52
02/10/26;TELEFONICA;PUT;Jun-27;3,60;3.31;23,23;-0,68;;25.100
02/10/26;TELEFONICA;PUT;Jun-27;3,70;3.31;22,87;-0,73;;22
02/10/26;TELEFONICA;PUT;Jun-27;3,80;3.31;22,51;-0,78;;4.565
02/10/26;TELEFONICA;PUT;Jun-27;3,90;3.31;22,15;-0,82;;19
02/10/26;TELEFONICA;PUT;Jun-27;4,00;3.31;21,79;-0,86;;140
02/10/26;TELEFONICA;PUT;Jun-27;4,10;3.31;21,42;-0,89;;20
02/10/26;TELEFONICA;PUT;Jun-27;4,20;3.31;21,06;-0,92;;20
02/10/26;TELEFONICA;PUT;Jun-27;4,30;3.31;20,70;-0,94;;20
02/10/26;TELEFONICA;PUT;Jun-27;4,40;3.31;20,34;-0,96;;5
02/10/26;TELEFONICA;PUT;Jun-27;4,60;3.31;19,61;-0,98;;4
02/10/26;TELEFONICA;PUT;Jun-27;5,00;3.31;18,16;-1,00;;96
02/10/26;TELEFONICA;PUT;Jun-27;5,50;3.31;16,35;-1,00;;240
02/10/26;TELEFONICA;PUT;Sep-27;2,50;3.31;25,45;-0,12;;20
02/10/26;TELEFONICA;PUT;Sep-27;2,90;3.31;23,88;-0,28;;33
02/10/26;TELEFONICA;PUT;Sep-27;3,00;3.31;23,49;-0,33;;6
02/10/26;TELEFONICA;PUT;Sep-27;3,10;3.31;23,10;-0,38;;1
02/10/26;TELEFONICA;PUT;Sep-27;3,20;3.31;22,71;-0,44;;5
02/10/26;TELEFONICA;PUT;Sep-27;3,40;3.31;22,03;-0,55;;65
02/10/26;TELEFONICA;PUT;Sep-27;3,70;3.31;21,21;-0,71;;2
02/10/26;TELEFONICA;PUT;Sep-27;3,80;3.31;20,94;-0,76;;1
02/10/26;TELEFONICA;PUT;Sep-27;4,00;3.31;20,40;-0,84;;4
02/10/26;TELEFONICA;PUT;Sep-27;4,10;3.31;20,13;-0,87;;21
02/10/26;TELEFONICA;PUT;Sep-27;4,20;3.31;19,85;-0,90;;2
02/10/26;TELEFONICA;PUT;Sep-27;5,75;3.31;15,64;-1,00;;25
02/10/26;TELEFONICA;PUT;Dic-27;2,20;3.31;26,88;-0,07;;6.000
02/10/26;TELEFONICA;PUT;Dic-27;2,80;3.31;24,83;-0,25;;15
02/10/26;TELEFONICA;PUT;Dic-27;3,00;3.31;24,14;-0,33;;7.500
02/10/26;TELEFONICA;PUT;Dic-27;3,20;3.31;23,46;-0,43;;1
02/10/26;TELEFONICA;PUT;Dic-27;3,30;3.31;23,12;-0,48;;5
02/10/26;TELEFONICA;PUT;Dic-27;3,40;3.31;22,85;-0,53;;10
02/10/26;TELEFONICA;PUT;Dic-27;3,50;3.31;22,58;-0,58;;10
02/10/26;TELEFONICA;PUT;Dic-27;3,60;3.31;22,32;-0,63;;30.000
02/10/26;TELEFONICA;PUT;Dic-27;3,70;3.31;22,06;-0,68;;5
02/10/26;TELEFONICA;PUT;Dic-27;3,80;3.31;21,80;-0,72;;9.003
02/10/26;TELEFONICA;PUT;Dic-27;4,00;3.31;21,28;-0,80;;20.003
02/10/26;TELEFONICA;PUT;Dic-27;4,10;3.31;21,01;-0,84;;3
02/10/26;TELEFONICA;PUT;Dic-27;4,20;3.31;20,75;-0,87;;1
02/10/26;TELEFONICA;PUT;Dic-27;4,30;3.31;20,49;-0,89;;4
02/10/26;TELEFONICA;PUT;Dic-27;4,40;3.31;20,23;-0,92;;3
02/10/26;TELEFONICA;PUT;Dic-27;4,50;3.31;19,97;-0,94;;3
02/10/26;TELEFONICA;PUT;Dic-27;4,60;3.31;19,71;-0,95;;250
02/10/26;TELEFONICA;PUT;Dic-27;4,70;3.31;19,45;-0,96;;30.000
02/10/26;TELEFONICA;PUT;Dic-27;5,00;3.31;18,66;-0,99;;5
02/10/26;TELEFONICA;PUT;Dic-27;5,50;3.31;17,35;-1,00;;5
02/10/26;TELEFONICA;PUT;Mar-28;2,70;3.31;25,18;-0,22;;4
02/10/26;TELEFONICA;PUT;Mar-28;3,30;3.31;23,43;-0,47;;6
02/10/26;TELEFONICA;PUT;Mar-28;3,60;3.31;22,73;-0,61;;10
02/10/26;TELEFONICA;PUT;Mar-28;3,80;3.31;22,27;-0,69;;1
02/10/26;TELEFONICA;PUT;Mar-28;3,90;3.31;22,03;-0,73;;40
02/10/26;TELEFONICA;PUT;Mar-28;4,00;3.31;21,80;-0,77;;25
02/10/26;TELEFONICA;PUT;Mar-28;4,30;3.31;21,11;-0,86;;2
02/10/26;TELEFONICA;PUT;Mar-28;4,50;3.31;20,65;-0,91;;1
02/10/26;TELEFONICA;PUT;Mar-28;4,60;3.31;20,41;-0,93;;1
02/10/26;TELEFONICA;PUT;Mar-28;4,90;3.31;19,72;-0,97;;2
02/10/26;TELEFONICA;PUT;Mar-28;5,25;3.31;18,91;-0,99;;4
02/10/26;TELEFONICA;PUT;Mar-28;5,50;3.31;18,33;-1,00;;17
02/10/26;TELEFONICA;PUT;Jun-28;3,60;3.31;22,81;-0,61;;3
02/10/26;TELEFONICA;PUT;Jun-28;4,10;3.31;21,81;-0,77;;25
02/10/26;TELEFONICA;PUT;Sep-28;4,00;3.31;22,14;-0,72;;25
02/10/26;TELEFONICA;PUT;Sep-28;4,20;3.31;21,78;-0,78;;25
02/10/26;TELEFONICA;PUT;Dic-28;3,00;3.31;24,03;-0,36;;20.000
02/10/26;TELEFONICA;PUT;Dic-28;3,40;3.31;23,28;-0,51;;3
02/10/26;TELEFONICA;PUT;Dic-28;3,50;3.31;23,11;-0,54;;5
02/10/26;TELEFONICA;PUT;Dic-28;4,80;3.31;20,89;-0,89;;50
02/10/26;TELEFONICA;PUT;Dic-29;3,50;3.31;23,36;-0,52;;150
02/10/26;TELEFONICA;CALL;Dic-26;3,70;3.31;24,86;0,20;;54
02/10/26;TELEFONICA;CALL;Dic-26;4,30;3.31;22,99;0,01;;27
02/10/26;TELEFONICA;CALL;Dic-26;5,25;3.31;20,02;;;190
02/10/26;TELEFONICA;CALL;Mar-27;3,80;3.31;24,08;0,25;;40
02/10/26;TELEFONICA;CALL;Sep-27;3,70;3.31;24,42;0,33;;10
02/10/26;TELEFONICA;PUT;Nov-26;3,00;3.31;26,70;-0,14;4;4
02/10/26;TELEFONICA;PUT;Dic-26;3,40;3.31;24,51;-0,55;;4
02/10/26;TELEFONICA;PUT;Dic-26;3,50;3.31;24,20;-0,65;;50
02/10/26;TELEFONICA;PUT;Dic-26;3,80;3.31;23,26;-0,87;;50
02/10/26;TELEFONICA;PUT;Dic-26;3,90;3.31;22,95;-0,92;;10
02/10/26;TELEFONICA;PUT;Dic-26;4,20;3.31;22,02;-0,98;;50
02/10/26;TELEFONICA;PUT;Dic-26;4,30;3.31;21,71;-0,99;;5
02/10/26;TELEFONICA;PUT;Dic-26;4,40;3.31;21,39;-0,99;;5
02/10/26;TELEFONICA;PUT;Dic-26;7,50;3.31;14,55;-0,99;;5
02/10/26;TELEFONICA;PUT;Dic-26;9,50;3.31;14,55;-0,99;;50
02/10/26;TELEFONICA;PUT;Dic-26;11,00;3.31;14,55;-0,99;;52
02/10/26;TELEFONICA;PUT;Dic-26;12,00;3.31;14,55;-0,99;;361
02/10/26;TELEFONICA;PUT;Dic-26;16,50;3.31;14,55;-0,99;;14
02/10/26;TELEFONICA;PUT;Mar-27;3,20;3.31;26,71;-0,36;;800
02/10/26;TELEFONICA;PUT;Mar-27;3,40;3.31;25,70;-0,49;;1.000
02/10/26;TELEFONICA;PUT;Mar-27;3,60;3.31;24,97;-0,62;;1.200
02/10/26;TELEFONICA;PUT;Mar-27;3,80;3.31;24,25;-0,74;;40
02/10/26;TELEFONICA;PUT;Mar-27;7,75;3.31;14,13;-0,99;;750
02/10/26;TELEFONICA;PUT;Jun-27;4,90;3.31;18,53;-0,98;;5
02/10/26;TELEFONICA;PUT;Jun-27;5,50;3.31;16,35;-0,98;;585
02/10/26;TELEFONICA;PUT;Sep-27;3,00;3.31;23,49;-0,31;;4
02/10/26;TELEFONICA;PUT;Sep-27;4,40;3.31;19,31;-0,91;;74
02/10/26;TELEFONICA;PUT;Dic-27;3,40;3.31;22,85;-0,49;;20
02/10/26;UNICAJA;CALL;Nov-26;3,50;3.33;27,99;0,35;;3
02/10/26;UNICAJA;CALL;Dic-26;3,40;3.33;27,77;0,48;;68
02/10/26;UNICAJA;CALL;Dic-26;3,50;3.33;27,67;0,39;;80
02/10/26;UNICAJA;CALL;Mar-27;3,30;3.33;28,70;0,58;;3
02/10/26;UNICAJA;PUT;Nov-26;3,70;3.33;21,39;-0,91;;3
02/10/26;UNICAJA;PUT;Dic-26;2,30;3.33;22,40;;;5
02/10/26;UNICAJA;PUT;Dic-26;2,50;3.33;22,30;;;4
02/10/26;UNICAJA;PUT;Dic-26;4,00;3.33;21,21;-1,00;;30
02/10/26;VIDRALA;CALL;Dic-26;80,00;84.8;20,55;0,76;;1
02/10/26;VIDRALA;CALL;Dic-26;88,00;84.8;19,11;0,38;;4
02/10/26;VIDRALA;CALL;Dic-26;90,00;84.8;18,97;0,28;;1
02/10/26;VIDRALA;CALL;Mar-27;84,00;84.8;18,85;0,58;;1
02/10/26;VIDRALA;CALL;Mar-27;90,00;84.8;18,42;0,35;;15
02/10/26;VIDRALA;PUT;Dic-26;60,00;84.8;26,34;;;1
02/10/26;VIDRALA;PUT;Dic-26;72,00;84.8;23,27;-0,05;;1
02/10/26;VIDRALA;PUT;Dic-26;74,00;84.8;22,76;-0,08;;3
02/10/26;VIDRALA;PUT;Dic-26;80,00;84.8;21,23;-0,24;;2
02/10/26;VIDRALA;PUT;Mar-27;58,00;84.8;22,69;-0,01;;1
02/10/26;VIDRALA;PUT;Mar-27;72,00;84.8;20,21;-0,11;;3
02/10/26;VIDRALA;PUT;Mar-27;76,00;84.8;19,51;-0,20;;10
02/10/26;VISCOFAN;CALL;Oct-26;55,02;53.1;15,28;0,13;;5
02/10/26;VISCOFAN;CALL;Oct-26;60,92;53.1;12,72;;;5
02/10/26;VISCOFAN;CALL;Nov-26;55,02;53.1;16,07;0,30;;1
02/10/26;VISCOFAN;CALL;Nov-26;56,99;53.1;15,79;0,13;;4
02/10/26;VISCOFAN;CALL;Dic-26;62,89;53.1;14,97;0,01;;2
02/10/26;VISCOFAN;CALL;Dic-26;64,85;53.1;14,84;;;1
02/10/26;VISCOFAN;CALL;Mar-27;55,02;53.1;18,18;0,39;;1
02/10/26;VISCOFAN;CALL;Mar-27;56,99;53.1;18,17;0,28;;1
02/10/26;VISCOFAN;CALL;Mar-27;72,71;53.1;18,07;;;1
02/10/26;VISCOFAN;CALL;Jun-27;70,75;53.1;17,93;0,03;;5
02/10/26;VISCOFAN;CALL;Sep-27;60,92;53.1;18,60;0,23;;4
02/10/26;VISCOFAN;PUT;Oct-26;45,20;53.1;22,67;;;2
02/10/26;VISCOFAN;PUT;Oct-26;51,09;53.1;17,90;-0,13;;3
02/10/26;VISCOFAN;PUT;Oct-26;53,06;53.1;16,30;-0,48;;12
02/10/26;VISCOFAN;PUT;Oct-26;55,02;53.1;15,44;-0,88;;2
02/10/26;VISCOFAN;PUT;Nov-26;51,09;53.1;21,82;-0,29;;6
02/10/26;VISCOFAN;PUT;Nov-26;53,06;53.1;20,18;-0,47;;2
02/10/26;VISCOFAN;PUT;Nov-26;55,02;53.1;19,87;-0,67;;10
02/10/26;VISCOFAN;PUT;Nov-26;56,99;53.1;19,59;-0,83;;11
02/10/26;VISCOFAN;PUT;Dic-26;40,29;53.1;32,65;-0,03;;2
02/10/26;VISCOFAN;PUT;Dic-26;42,25;53.1;30,96;-0,04;;1
02/10/26;VISCOFAN;PUT;Dic-26;43,23;53.1;30,12;-0,06;;1
02/10/26;VISCOFAN;PUT;Dic-26;44,22;53.1;29,27;-0,07;;12
02/10/26;VISCOFAN;PUT;Dic-26;45,20;53.1;28,42;-0,09;;1
02/10/26;VISCOFAN;PUT;Dic-26;47,16;53.1;26,74;-0,14;;2
02/10/26;VISCOFAN;PUT;Dic-26;48,15;53.1;25,89;-0,18;;1
02/10/26;VISCOFAN;PUT;Dic-26;49,13;53.1;25,04;-0,22;1;6
02/10/26;VISCOFAN;PUT;Dic-26;51,09;53.1;23,36;-0,33;;11
02/10/26;VISCOFAN;PUT;Dic-26;53,06;53.1;21,66;-0,46;;13
02/10/26;VISCOFAN;PUT;Dic-26;55,02;53.1;21,51;-0,61;;2
02/10/26;VISCOFAN;PUT;Mar-27;44,22;53.1;21,66;-0,11;;1
02/10/26;VISCOFAN;PUT;Mar-27;48,15;53.1;19,09;-0,24;;2
02/10/26;VISCOFAN;PUT;Mar-27;49,13;53.1;18,45;-0,29;;7
02/10/26;VISCOFAN;PUT;Mar-27;51,09;53.1;17,17;-0,41;;13
02/10/26;VISCOFAN;PUT;Mar-27;53,06;53.1;15,89;-0,55;;7
02/10/26;VISCOFAN;PUT;Mar-27;55,02;53.1;15,85;-0,68;;12
02/10/26;VISCOFAN;PUT;Mar-27;56,99;53.1;15,84;-0,80;;5
02/10/26;VISCOFAN;PUT;Jun-27;43,23;53.1;20,45;-0,13;;3
02/10/26;VISCOFAN;PUT;Jun-27;44,22;53.1;19,94;-0,15;;2
02/10/26;VISCOFAN;PUT;Jun-27;45,20;53.1;19,43;-0,18;;5
02/10/26;VISCOFAN;PUT;Jun-27;47,16;53.1;18,40;-0,24;;2
02/10/26;VISCOFAN;PUT;Jun-27;51,09;53.1;16,36;-0,43;;2
02/10/26;VISCOFAN;PUT;Jun-27;53,06;53.1;15,33;-0,54;;3
02/10/26;VISCOFAN;PUT;Sep-27;43,23;53.1;19,60;-0,14;;1
02/10/26;VISCOFAN;PUT;Sep-27;47,16;53.1;18,12;-0,26;;1
02/10/26;VISCOFAN;PUT;Dic-27;44,22;53.1;18,80;-0,18;;1
02/10/26;VISCOFAN;PUT;Dic-28;44,22;53.1;18,05;-0,24;;1
