fecha_boletin;accion;tipo;fecha_vencimiento;strike;spot;volatilidad_cierre;delta_cierre;volumen_contratos;posicion_abierta
13/08/26;MINI IBEX-35;CALL;Ago-26;16.500;20168.6;26,78;1,00;;4
13/08/26;MINI IBEX-35;CALL;Ago-26;17.000;20168.6;24,73;1,00;;1
13/08/26;MINI IBEX-35;CALL;Ago-26;17.500;20168.6;22,68;1,00;;1
13/08/26;MINI IBEX-35;CALL;Ago-26;17.700;20168.6;21,87;1,00;;1
13/08/26;MINI IBEX-35;CALL;Ago-26;18.000;20168.6;20,64;1,00;;13
13/08/26;MINI IBEX-35;CALL;Ago-26;18.050;20168.6;20,43;1,00;;1
13/08/26;MINI IBEX-35;CALL;Ago-26;18.150;20168.6;20,02;1,00;;4
13/08/26;MINI IBEX-35;CALL;Ago-26;18.200;20168.6;19,82;1,00;;1
13/08/26;MINI IBEX-35;CALL;Ago-26;18.300;20168.6;19,41;1,00;;2
13/08/26;MINI IBEX-35;CALL;Ago-26;18.350;20168.6;19,21;1,00;;1
13/08/26;MINI IBEX-35;CALL;Ago-26;18.400;20168.6;19,00;1,00;;6
13/08/26;MINI IBEX-35;CALL;Ago-26;18.450;20168.6;18,80;1,00;;1
13/08/26;MINI IBEX-35;CALL;Ago-26;18.500;20168.6;18,59;1,00;;12
13/08/26;MINI IBEX-35;CALL;Ago-26;18.600;20168.6;18,18;1,00;;3
13/08/26;MINI IBEX-35;CALL;Ago-26;18.800;20168.6;17,36;1,00;;6
13/08/26;MINI IBEX-35;CALL;Ago-26;18.850;20168.6;17,16;1,00;;1
13/08/26;MINI IBEX-35;CALL;Ago-26;18.900;20168.6;16,96;1,00;;6
13/08/26;MINI IBEX-35;CALL;Ago-26;19.000;20168.6;16,55;0,99;;21
13/08/26;MINI IBEX-35;CALL;Ago-26;19.100;20168.6;16,14;0,99;;3
13/08/26;MINI IBEX-35;CALL;Ago-26;19.150;20168.6;15,93;0,99;;1
13/08/26;MINI IBEX-35;CALL;Ago-26;19.200;20168.6;15,73;0,98;;78
13/08/26;MINI IBEX-35;CALL;Ago-26;19.300;20168.6;15,32;0,98;;9
13/08/26;MINI IBEX-35;CALL;Ago-26;19.350;20168.6;15,11;0,97;;7
13/08/26;MINI IBEX-35;CALL;Ago-26;19.400;20168.6;14,91;0,97;;6
13/08/26;MINI IBEX-35;CALL;Ago-26;19.450;20168.6;14,70;0,96;;2
13/08/26;MINI IBEX-35;CALL;Ago-26;19.500;20168.6;14,50;0,95;;26
13/08/26;MINI IBEX-35;CALL;Ago-26;19.550;20168.6;14,29;0,94;;2
13/08/26;MINI IBEX-35;CALL;Ago-26;19.600;20168.6;14,09;0,93;;62
13/08/26;MINI IBEX-35;CALL;Ago-26;19.650;20168.6;13,89;0,91;;6
13/08/26;MINI IBEX-35;CALL;Ago-26;19.700;20168.6;13,68;0,89;;108
13/08/26;MINI IBEX-35;CALL;Ago-26;19.750;20168.6;13,48;0,87;;100
13/08/26;MINI IBEX-35;CALL;Ago-26;19.800;20168.6;13,27;0,85;;138
13/08/26;MINI IBEX-35;CALL;Ago-26;19.850;20168.6;13,07;0,82;;102
13/08/26;MINI IBEX-35;CALL;Ago-26;19.900;20168.6;12,86;0,78;1;113
13/08/26;MINI IBEX-35;CALL;Ago-26;19.950;20168.6;12,66;0,75;3;70
13/08/26;MINI IBEX-35;CALL;Ago-26;20.000;20168.6;12,45;0,71;;219
13/08/26;MINI IBEX-35;CALL;Ago-26;20.050;20168.6;12,25;0,66;;2
13/08/26;MINI IBEX-35;CALL;Ago-26;20.100;20168.6;12,04;0,61;;87
13/08/26;MINI IBEX-35;CALL;Ago-26;20.150;20168.6;11,84;0,56;1;4
13/08/26;MINI IBEX-35;CALL;Ago-26;20.200;20168.6;11,64;0,50;17;37
13/08/26;MINI IBEX-35;CALL;Ago-26;20.250;20168.6;11,54;0,44;3;4
13/08/26;MINI IBEX-35;CALL;Ago-26;20.300;20168.6;11,44;0,39;;18
13/08/26;MINI IBEX-35;CALL;Ago-26;20.350;20168.6;11,35;0,33;;2
13/08/26;MINI IBEX-35;CALL;Ago-26;20.375;20168.6;11,30;0,31;1;1
13/08/26;MINI IBEX-35;CALL;Ago-26;20.400;20168.6;11,25;0,28;;24
13/08/26;MINI IBEX-35;CALL;Ago-26;20.450;20168.6;11,15;0,23;;21
13/08/26;MINI IBEX-35;CALL;Ago-26;20.500;20168.6;11,06;0,19;;12
13/08/26;MINI IBEX-35;CALL;Ago-26;20.600;20168.6;10,87;0,11;2;29
13/08/26;MINI IBEX-35;CALL;Ago-26;20.700;20168.6;10,67;0,06;;5
13/08/26;MINI IBEX-35;CALL;Ago-26;20.800;20168.6;10,48;0,03;;2
13/08/26;MINI IBEX-35;CALL;Ago-26;20.900;20168.6;10,29;0,01;;1
13/08/26;MINI IBEX-35;CALL;Ago-26;21.000;20168.6;10,09;;;2
13/08/26;MINI IBEX-35;CALL;Ago-26;21.050;20168.6;10,00;;;1
13/08/26;MINI IBEX-35;CALL;Sep-26;7.500;20168.6;58,58;1,00;;3
13/08/26;MINI IBEX-35;CALL;Sep-26;12.200;20168.6;42,09;1,00;;32
13/08/26;MINI IBEX-35;CALL;Sep-26;14.000;20168.6;35,77;1,00;;5
13/08/26;MINI IBEX-35;CALL;Sep-26;15.000;20168.6;32,26;1,00;;2
13/08/26;MINI IBEX-35;CALL;Sep-26;15.500;20168.6;30,51;1,00;;1
13/08/26;MINI IBEX-35;CALL;Sep-26;16.000;20168.6;28,76;0,99;;5.500
13/08/26;MINI IBEX-35;CALL;Sep-26;16.400;20168.6;27,35;0,99;;3
13/08/26;MINI IBEX-35;CALL;Sep-26;16.500;20168.6;27,00;0,99;;1
13/08/26;MINI IBEX-35;CALL;Sep-26;17.000;20168.6;25,25;0,98;;3
13/08/26;MINI IBEX-35;CALL;Sep-26;17.200;20168.6;24,55;0,98;;1
13/08/26;MINI IBEX-35;CALL;Sep-26;17.300;20168.6;24,19;0,98;;5
13/08/26;MINI IBEX-35;CALL;Sep-26;17.400;20168.6;23,84;0,98;;3
13/08/26;MINI IBEX-35;CALL;Sep-26;17.500;20168.6;23,49;0,97;;7
13/08/26;MINI IBEX-35;CALL;Sep-26;17.600;20168.6;23,14;0,97;;2
13/08/26;MINI IBEX-35;CALL;Sep-26;18.000;20168.6;21,74;0,96;;103
13/08/26;MINI IBEX-35;CALL;Sep-26;18.100;20168.6;21,39;0,95;;1
13/08/26;MINI IBEX-35;CALL;Sep-26;18.200;20168.6;21,04;0,95;;6
13/08/26;MINI IBEX-35;CALL;Sep-26;18.300;20168.6;20,69;0,94;;3
13/08/26;MINI IBEX-35;CALL;Sep-26;18.400;20168.6;20,33;0,93;;2
13/08/26;MINI IBEX-35;CALL;Sep-26;18.500;20168.6;19,98;0,92;;22
13/08/26;MINI IBEX-35;CALL;Sep-26;18.600;20168.6;19,63;0,92;;1
13/08/26;MINI IBEX-35;CALL;Sep-26;18.700;20168.6;19,28;0,91;;1
13/08/26;MINI IBEX-35;CALL;Sep-26;18.900;20168.6;18,58;0,88;;2
13/08/26;MINI IBEX-35;CALL;Sep-26;18.950;20168.6;18,41;0,87;;2
13/08/26;MINI IBEX-35;CALL;Sep-26;19.000;20168.6;18,23;0,87;;9
13/08/26;MINI IBEX-35;CALL;Sep-26;19.100;20168.6;17,88;0,85;;18
13/08/26;MINI IBEX-35;CALL;Sep-26;19.200;20168.6;17,53;0,83;;4
13/08/26;MINI IBEX-35;CALL;Sep-26;19.250;20168.6;17,35;0,82;;1
13/08/26;MINI IBEX-35;CALL;Sep-26;19.300;20168.6;17,18;0,81;;4
13/08/26;MINI IBEX-35;CALL;Sep-26;19.350;20168.6;17,00;0,80;;5
13/08/26;MINI IBEX-35;CALL;Sep-26;19.400;20168.6;16,83;0,79;;11
13/08/26;MINI IBEX-35;CALL;Sep-26;19.450;20168.6;16,65;0,78;;3
13/08/26;MINI IBEX-35;CALL;Sep-26;19.500;20168.6;16,48;0,77;;37
13/08/26;MINI IBEX-35;CALL;Sep-26;19.550;20168.6;16,30;0,76;;1
13/08/26;MINI IBEX-35;CALL;Sep-26;19.650;20168.6;15,95;0,73;;1
13/08/26;MINI IBEX-35;CALL;Sep-26;19.700;20168.6;15,77;0,71;;4
13/08/26;MINI IBEX-35;CALL;Sep-26;19.750;20168.6;15,60;0,70;;3
13/08/26;MINI IBEX-35;CALL;Sep-26;19.800;20168.6;15,42;0,68;;6
13/08/26;MINI IBEX-35;CALL;Sep-26;19.900;20168.6;15,07;0,65;;105
13/08/26;MINI IBEX-35;CALL;Sep-26;19.950;20168.6;14,90;0,63;;2
13/08/26;MINI IBEX-35;CALL;Sep-26;20.000;20168.6;14,72;0,61;;86
13/08/26;MINI IBEX-35;CALL;Sep-26;20.050;20168.6;14,55;0,59;;10
13/08/26;MINI IBEX-35;CALL;Sep-26;20.100;20168.6;14,37;0,57;;8
13/08/26;MINI IBEX-35;CALL;Sep-26;20.150;20168.6;14,20;0,55;;1
13/08/26;MINI IBEX-35;CALL;Sep-26;20.200;20168.6;14,02;0,52;1;4
13/08/26;MINI IBEX-35;CALL;Sep-26;20.250;20168.6;13,87;0,50;;11
13/08/26;MINI IBEX-35;CALL;Sep-26;20.300;20168.6;13,79;0,48;3;45
13/08/26;MINI IBEX-35;CALL;Sep-26;20.400;20168.6;13,62;0,43;;2
13/08/26;MINI IBEX-35;CALL;Sep-26;20.450;20168.6;13,54;0,41;1;1
13/08/26;MINI IBEX-35;CALL;Sep-26;20.500;20168.6;13,46;0,39;;5
13/08/26;MINI IBEX-35;CALL;Sep-26;20.550;20168.6;13,37;0,37;;1
13/08/26;MINI IBEX-35;CALL;Sep-26;20.600;20168.6;13,29;0,34;;1
13/08/26;MINI IBEX-35;CALL;Sep-26;20.650;20168.6;13,21;0,32;;100
13/08/26;MINI IBEX-35;CALL;Sep-26;20.700;20168.6;13,13;0,30;1;83
13/08/26;MINI IBEX-35;CALL;Sep-26;20.750;20168.6;13,05;0,28;;100
13/08/26;MINI IBEX-35;CALL;Sep-26;20.800;20168.6;12,96;0,26;;2
13/08/26;MINI IBEX-35;CALL;Sep-26;20.900;20168.6;12,80;0,22;;5
13/08/26;MINI IBEX-35;CALL;Sep-26;21.000;20168.6;12,63;0,18;11;13
13/08/26;MINI IBEX-35;CALL;Sep-26;21.100;20168.6;12,47;0,15;;1
13/08/26;MINI IBEX-35;CALL;Sep-26;21.200;20168.6;12,30;0,12;5;26
13/08/26;MINI IBEX-35;CALL;Sep-26;21.300;20168.6;12,14;0,09;;5
13/08/26;MINI IBEX-35;CALL;Sep-26;24.000;20168.6;7,69;;;5.500
13/08/26;MINI IBEX-35;CALL;Oct-26;19.450;20168.6;17,52;0,71;;1
13/08/26;MINI IBEX-35;CALL;Oct-26;19.550;20168.6;17,21;0,69;;1
13/08/26;MINI IBEX-35;CALL;Oct-26;20.250;20168.6;15,10;0,50;;2
13/08/26;MINI IBEX-35;CALL;Oct-26;20.650;20168.6;14,49;0,37;;100
13/08/26;MINI IBEX-35;CALL;Oct-26;20.700;20168.6;14,41;0,36;;100
13/08/26;MINI IBEX-35;CALL;Oct-26;20.750;20168.6;14,33;0,34;;100
13/08/26;MINI IBEX-35;CALL;Dic-26;8.300;20168.6;47,68;0,99;;655
13/08/26;MINI IBEX-35;CALL;Dic-26;8.600;20168.6;46,89;0,99;;1.250
13/08/26;MINI IBEX-35;CALL;Dic-26;10.500;20168.6;41,90;0,99;;30
13/08/26;MINI IBEX-35;CALL;Dic-26;12.000;20168.6;37,97;0,98;;12
13/08/26;MINI IBEX-35;CALL;Dic-26;12.200;20168.6;37,44;0,98;;32
13/08/26;MINI IBEX-35;CALL;Dic-26;13.000;20168.6;35,35;0,98;;1
13/08/26;MINI IBEX-35;CALL;Dic-26;14.800;20168.6;30,62;0,96;;32
13/08/26;MINI IBEX-35;CALL;Dic-26;15.300;20168.6;29,31;0,95;;1
13/08/26;MINI IBEX-35;CALL;Dic-26;16.000;20168.6;27,48;0,93;;10
13/08/26;MINI IBEX-35;CALL;Dic-26;16.400;20168.6;26,43;0,91;;6.000
13/08/26;MINI IBEX-35;CALL;Dic-26;16.700;20168.6;25,64;0,90;;1.500
13/08/26;MINI IBEX-35;CALL;Dic-26;16.900;20168.6;25,12;0,89;;5
13/08/26;MINI IBEX-35;CALL;Dic-26;17.000;20168.6;24,85;0,89;;19
13/08/26;MINI IBEX-35;CALL;Dic-26;17.100;20168.6;24,59;0,88;;5
13/08/26;MINI IBEX-35;CALL;Dic-26;17.200;20168.6;24,33;0,87;;1
13/08/26;MINI IBEX-35;CALL;Dic-26;17.300;20168.6;24,07;0,87;;1
13/08/26;MINI IBEX-35;CALL;Dic-26;17.400;20168.6;23,80;0,86;;8
13/08/26;MINI IBEX-35;CALL;Dic-26;17.500;20168.6;23,54;0,86;;1.006
13/08/26;MINI IBEX-35;CALL;Dic-26;17.600;20168.6;23,28;0,85;;11
13/08/26;MINI IBEX-35;CALL;Dic-26;17.700;20168.6;23,02;0,84;;5.007
13/08/26;MINI IBEX-35;CALL;Dic-26;17.800;20168.6;22,75;0,84;;92
13/08/26;MINI IBEX-35;CALL;Dic-26;17.900;20168.6;22,49;0,83;;5.004
13/08/26;MINI IBEX-35;CALL;Dic-26;18.000;20168.6;22,23;0,82;;6
13/08/26;MINI IBEX-35;CALL;Dic-26;18.100;20168.6;21,97;0,81;;1
13/08/26;MINI IBEX-35;CALL;Dic-26;18.300;20168.6;21,44;0,79;;5
13/08/26;MINI IBEX-35;CALL;Dic-26;18.400;20168.6;21,18;0,78;;1
13/08/26;MINI IBEX-35;CALL;Dic-26;18.500;20168.6;20,92;0,77;;6.004
13/08/26;MINI IBEX-35;CALL;Dic-26;18.600;20168.6;20,66;0,76;;1
13/08/26;MINI IBEX-35;CALL;Dic-26;18.900;20168.6;19,87;0,73;;1
13/08/26;MINI IBEX-35;CALL;Dic-26;19.000;20168.6;19,61;0,71;;4
13/08/26;MINI IBEX-35;CALL;Dic-26;19.100;20168.6;19,34;0,70;;1
13/08/26;MINI IBEX-35;CALL;Dic-26;19.200;20168.6;19,08;0,69;;4
13/08/26;MINI IBEX-35;CALL;Dic-26;19.300;20168.6;18,82;0,67;;2
13/08/26;MINI IBEX-35;CALL;Dic-26;19.500;20168.6;18,29;0,64;;4
13/08/26;MINI IBEX-35;CALL;Dic-26;19.600;20168.6;18,03;0,63;;1
13/08/26;MINI IBEX-35;CALL;Dic-26;19.700;20168.6;17,77;0,61;;1
13/08/26;MINI IBEX-35;CALL;Dic-26;19.800;20168.6;17,51;0,59;;3
13/08/26;MINI IBEX-35;CALL;Dic-26;19.900;20168.6;17,24;0,57;;6
13/08/26;MINI IBEX-35;CALL;Dic-26;20.000;20168.6;16,98;0,56;1;8
13/08/26;MINI IBEX-35;CALL;Dic-26;20.100;20168.6;16,72;0,54;;2
13/08/26;MINI IBEX-35;CALL;Dic-26;20.200;20168.6;16,46;0,52;;1
13/08/26;MINI IBEX-35;CALL;Dic-26;20.300;20168.6;16,32;0,50;;1
13/08/26;MINI IBEX-35;CALL;Dic-26;20.400;20168.6;16,18;0,47;;3
13/08/26;MINI IBEX-35;CALL;Dic-26;20.500;20168.6;16,05;0,45;;6.004
13/08/26;MINI IBEX-35;CALL;Dic-26;20.600;20168.6;15,91;0,43;;7
13/08/26;MINI IBEX-35;CALL;Dic-26;20.700;20168.6;15,78;0,41;;1
13/08/26;MINI IBEX-35;CALL;Dic-26;20.900;20168.6;15,51;0,37;1;2
13/08/26;MINI IBEX-35;CALL;Dic-26;21.000;20168.6;15,37;0,35;1;5.194
13/08/26;MINI IBEX-35;CALL;Dic-26;21.100;20168.6;15,24;0,33;1;1
13/08/26;MINI IBEX-35;CALL;Dic-26;21.200;20168.6;15,10;0,31;;6
13/08/26;MINI IBEX-35;CALL;Dic-26;21.300;20168.6;14,97;0,29;;3
13/08/26;MINI IBEX-35;CALL;Dic-26;21.700;20168.6;14,42;0,21;;3
13/08/26;MINI IBEX-35;CALL;Dic-26;21.900;20168.6;14,15;0,18;;1
13/08/26;MINI IBEX-35;CALL;Dic-26;22.000;20168.6;14,02;0,16;;3
13/08/26;MINI IBEX-35;CALL;Dic-26;22.200;20168.6;13,75;0,13;;3
13/08/26;MINI IBEX-35;CALL;Mar-27;12.600;20168.6;33,96;0,96;;1
13/08/26;MINI IBEX-35;CALL;Mar-27;13.000;20168.6;33,08;0,95;;2
13/08/26;MINI IBEX-35;CALL;Mar-27;13.500;20168.6;31,97;0,95;;3
13/08/26;MINI IBEX-35;CALL;Mar-27;13.900;20168.6;31,09;0,94;;3
13/08/26;MINI IBEX-35;CALL;Mar-27;14.000;20168.6;30,87;0,94;;1
13/08/26;MINI IBEX-35;CALL;Mar-27;14.100;20168.6;30,65;0,94;;1
13/08/26;MINI IBEX-35;CALL;Mar-27;15.300;20168.6;28,00;0,90;;3
13/08/26;MINI IBEX-35;CALL;Mar-27;17.000;20168.6;24,25;0,83;;2
13/08/26;MINI IBEX-35;CALL;Mar-27;17.900;20168.6;22,27;0,78;;1
13/08/26;MINI IBEX-35;CALL;Mar-27;18.000;20168.6;22,05;0,77;;750
13/08/26;MINI IBEX-35;CALL;Mar-27;18.500;20168.6;20,95;0,73;;2
13/08/26;MINI IBEX-35;CALL;Mar-27;18.900;20168.6;20,06;0,69;;1
13/08/26;MINI IBEX-35;CALL;Mar-27;19.000;20168.6;19,84;0,68;;1
13/08/26;MINI IBEX-35;CALL;Mar-27;20.100;20168.6;17,42;0,54;;1
13/08/26;MINI IBEX-35;CALL;Mar-27;20.500;20168.6;16,78;0,48;;1
13/08/26;MINI IBEX-35;CALL;Mar-27;20.600;20168.6;16,66;0,47;;1
13/08/26;MINI IBEX-35;CALL;Mar-27;20.700;20168.6;16,54;0,45;;1
13/08/26;MINI IBEX-35;CALL;Mar-27;20.800;20168.6;16,42;0,44;;1
13/08/26;MINI IBEX-35;CALL;Jun-27;18.500;20168.6;21,18;0,69;;2
13/08/26;MINI IBEX-35;CALL;Jun-27;19.000;20168.6;20,18;0,64;;2
13/08/26;MINI IBEX-35;CALL;Jun-27;19.200;20168.6;19,78;0,62;;6
13/08/26;MINI IBEX-35;CALL;Jun-27;22.000;20168.6;15,69;0,29;;1
13/08/26;MINI IBEX-35;CALL;Jun-27;24.000;20168.6;13,31;0,08;;3
13/08/26;MINI IBEX-35;CALL;Sep-27;19.800;20168.6;19,05;0,55;;1
13/08/26;MINI IBEX-35;CALL;Dic-27;14.000;20168.6;29,29;0,86;;2
13/08/26;MINI IBEX-35;CALL;Dic-27;16.200;20168.6;25,49;0,78;;32
13/08/26;MINI IBEX-35;CALL;Dic-27;16.300;20168.6;25,32;0,78;;96
13/08/26;MINI IBEX-35;CALL;Dic-27;16.400;20168.6;25,14;0,77;;32
13/08/26;MINI IBEX-35;CALL;Dic-27;16.500;20168.6;24,97;0,77;;32
13/08/26;MINI IBEX-35;CALL;Dic-27;16.700;20168.6;24,63;0,76;;32
13/08/26;MINI IBEX-35;CALL;Dic-27;17.600;20168.6;23,07;0,71;;32
13/08/26;MINI IBEX-35;CALL;Dic-27;19.400;20168.6;19,96;0,58;;6.750
13/08/26;MINI IBEX-35;CALL;Dic-27;19.500;20168.6;19,78;0,57;;4
13/08/26;MINI IBEX-35;CALL;Dic-27;20.500;20168.6;18,38;0,48;;1
13/08/26;MINI IBEX-35;CALL;Mar-28;18.400;20168.6;21,72;0,65;;32
13/08/26;MINI IBEX-35;CALL;Mar-28;18.500;20168.6;21,57;0,64;;32
13/08/26;MINI IBEX-35;CALL;Mar-28;18.600;20168.6;21,41;0,64;;32
13/08/26;MINI IBEX-35;CALL;Dic-28;16.800;20168.6;23,02;0,70;;1.800
13/08/26;MINI IBEX-35;PUT;Ago-26;15.000;20168.6;32,92;;;115
13/08/26;MINI IBEX-35;PUT;Ago-26;15.700;20168.6;30,05;;;10
13/08/26;MINI IBEX-35;PUT;Ago-26;15.800;20168.6;29,64;;;1
13/08/26;MINI IBEX-35;PUT;Ago-26;15.900;20168.6;29,23;;;290
13/08/26;MINI IBEX-35;PUT;Ago-26;16.000;20168.6;28,82;;;1
13/08/26;MINI IBEX-35;PUT;Ago-26;16.200;20168.6;28,01;;;73
13/08/26;MINI IBEX-35;PUT;Ago-26;16.300;20168.6;27,60;;;1
13/08/26;MINI IBEX-35;PUT;Ago-26;16.400;20168.6;27,19;;;1
13/08/26;MINI IBEX-35;PUT;Ago-26;16.500;20168.6;26,78;;;26
13/08/26;MINI IBEX-35;PUT;Ago-26;16.600;20168.6;26,37;;;11
13/08/26;MINI IBEX-35;PUT;Ago-26;16.700;20168.6;25,96;;;4
13/08/26;MINI IBEX-35;PUT;Ago-26;16.800;20168.6;25,55;;;13
13/08/26;MINI IBEX-35;PUT;Ago-26;16.850;20168.6;25,35;;;9
13/08/26;MINI IBEX-35;PUT;Ago-26;16.950;20168.6;24,94;;;1
13/08/26;MINI IBEX-35;PUT;Ago-26;17.000;20168.6;24,73;;;6
13/08/26;MINI IBEX-35;PUT;Ago-26;17.100;20168.6;24,32;;;17
13/08/26;MINI IBEX-35;PUT;Ago-26;17.150;20168.6;24,12;;;1
13/08/26;MINI IBEX-35;PUT;Ago-26;17.200;20168.6;23,91;;;2
13/08/26;MINI IBEX-35;PUT;Ago-26;17.250;20168.6;23,71;;;1
13/08/26;MINI IBEX-35;PUT;Ago-26;17.300;20168.6;23,50;;;4
13/08/26;MINI IBEX-35;PUT;Ago-26;17.350;20168.6;23,30;;;1
13/08/26;MINI IBEX-35;PUT;Ago-26;17.400;20168.6;23,09;;;1
13/08/26;MINI IBEX-35;PUT;Ago-26;17.450;20168.6;22,89;;;1
13/08/26;MINI IBEX-35;PUT;Ago-26;17.500;20168.6;22,68;;;9
13/08/26;MINI IBEX-35;PUT;Ago-26;17.550;20168.6;22,48;;;30
13/08/26;MINI IBEX-35;PUT;Ago-26;17.600;20168.6;22,28;;;105
13/08/26;MINI IBEX-35;PUT;Ago-26;17.700;20168.6;21,87;;;2
13/08/26;MINI IBEX-35;PUT;Ago-26;17.750;20168.6;21,66;;;1
13/08/26;MINI IBEX-35;PUT;Ago-26;17.800;20168.6;21,46;;;4
13/08/26;MINI IBEX-35;PUT;Ago-26;17.850;20168.6;21,25;;;1
13/08/26;MINI IBEX-35;PUT;Ago-26;17.900;20168.6;21,05;;;10
13/08/26;MINI IBEX-35;PUT;Ago-26;17.950;20168.6;20,84;;;2
13/08/26;MINI IBEX-35;PUT;Ago-26;18.000;20168.6;20,64;;;25
13/08/26;MINI IBEX-35;PUT;Ago-26;18.050;20168.6;20,43;;;2
13/08/26;MINI IBEX-35;PUT;Ago-26;18.100;20168.6;20,23;;;69
13/08/26;MINI IBEX-35;PUT;Ago-26;18.150;20168.6;20,02;;;2
13/08/26;MINI IBEX-35;PUT;Ago-26;18.200;20168.6;19,82;;;7
13/08/26;MINI IBEX-35;PUT;Ago-26;18.250;20168.6;19,62;;;4
13/08/26;MINI IBEX-35;PUT;Ago-26;18.300;20168.6;19,41;;;5
13/08/26;MINI IBEX-35;PUT;Ago-26;18.350;20168.6;19,21;;;5
13/08/26;MINI IBEX-35;PUT;Ago-26;18.400;20168.6;19,00;;;4
13/08/26;MINI IBEX-35;PUT;Ago-26;18.450;20168.6;18,80;;;102
13/08/26;MINI IBEX-35;PUT;Ago-26;18.500;20168.6;18,59;;;8
13/08/26;MINI IBEX-35;PUT;Ago-26;18.550;20168.6;18,39;;;1
13/08/26;MINI IBEX-35;PUT;Ago-26;18.600;20168.6;18,18;;;11
13/08/26;MINI IBEX-35;PUT;Ago-26;18.650;20168.6;17,98;;;4
13/08/26;MINI IBEX-35;PUT;Ago-26;18.700;20168.6;17,77;;;78
13/08/26;MINI IBEX-35;PUT;Ago-26;18.750;20168.6;17,57;;;5
13/08/26;MINI IBEX-35;PUT;Ago-26;18.800;20168.6;17,36;;;4
13/08/26;MINI IBEX-35;PUT;Ago-26;18.850;20168.6;17,16;;;2
13/08/26;MINI IBEX-35;PUT;Ago-26;18.900;20168.6;16,96;;;15
13/08/26;MINI IBEX-35;PUT;Ago-26;18.950;20168.6;16,75;-0,01;;1
13/08/26;MINI IBEX-35;PUT;Ago-26;19.000;20168.6;16,55;-0,01;;22
13/08/26;MINI IBEX-35;PUT;Ago-26;19.050;20168.6;16,34;-0,01;;5
13/08/26;MINI IBEX-35;PUT;Ago-26;19.100;20168.6;16,14;-0,01;;6
13/08/26;MINI IBEX-35;PUT;Ago-26;19.150;20168.6;15,93;-0,01;;2
13/08/26;MINI IBEX-35;PUT;Ago-26;19.200;20168.6;15,73;-0,01;;17
13/08/26;MINI IBEX-35;PUT;Ago-26;19.250;20168.6;15,52;-0,02;;7
13/08/26;MINI IBEX-35;PUT;Ago-26;19.300;20168.6;15,32;-0,02;;10
13/08/26;MINI IBEX-35;PUT;Ago-26;19.350;20168.6;15,11;-0,03;;77
13/08/26;MINI IBEX-35;PUT;Ago-26;19.400;20168.6;14,91;-0,03;;24
13/08/26;MINI IBEX-35;PUT;Ago-26;19.450;20168.6;14,70;-0,04;;79
13/08/26;MINI IBEX-35;PUT;Ago-26;19.500;20168.6;14,50;-0,05;;21
13/08/26;MINI IBEX-35;PUT;Ago-26;19.550;20168.6;14,29;-0,06;;21
13/08/26;MINI IBEX-35;PUT;Ago-26;19.600;20168.6;14,09;-0,07;;74
13/08/26;MINI IBEX-35;PUT;Ago-26;19.650;20168.6;13,89;-0,09;;3
13/08/26;MINI IBEX-35;PUT;Ago-26;19.700;20168.6;13,68;-0,11;1;105
13/08/26;MINI IBEX-35;PUT;Ago-26;19.750;20168.6;13,48;-0,13;;7
13/08/26;MINI IBEX-35;PUT;Ago-26;19.800;20168.6;13,27;-0,15;5;62
13/08/26;MINI IBEX-35;PUT;Ago-26;19.850;20168.6;13,07;-0,18;1;24
13/08/26;MINI IBEX-35;PUT;Ago-26;19.900;20168.6;12,86;-0,22;3;127
13/08/26;MINI IBEX-35;PUT;Ago-26;19.950;20168.6;12,66;-0,25;;2
13/08/26;MINI IBEX-35;PUT;Ago-26;20.000;20168.6;12,45;-0,29;;165
13/08/26;MINI IBEX-35;PUT;Ago-26;20.050;20168.6;12,25;-0,34;;107
13/08/26;MINI IBEX-35;PUT;Ago-26;20.075;20168.6;12,15;-0,36;;75
13/08/26;MINI IBEX-35;PUT;Ago-26;20.100;20168.6;12,04;-0,39;2;18
13/08/26;MINI IBEX-35;PUT;Ago-26;20.125;20168.6;11,94;-0,41;75;75
13/08/26;MINI IBEX-35;PUT;Ago-26;20.150;20168.6;11,84;-0,44;81;83
13/08/26;MINI IBEX-35;PUT;Ago-26;20.175;20168.6;11,74;-0,47;2;2
13/08/26;MINI IBEX-35;PUT;Ago-26;20.200;20168.6;11,64;-0,50;1;110
13/08/26;MINI IBEX-35;PUT;Ago-26;20.250;20168.6;11,54;-0,55;1;2
13/08/26;MINI IBEX-35;PUT;Ago-26;20.300;20168.6;11,44;-0,61;7;29
13/08/26;MINI IBEX-35;PUT;Ago-26;20.350;20168.6;11,35;-0,67;5;5
13/08/26;MINI IBEX-35;PUT;Ago-26;20.400;20168.6;11,25;-0,72;1;1
13/08/26;MINI IBEX-35;PUT;Ago-26;20.500;20168.6;11,06;-0,81;;3
13/08/26;MINI IBEX-35;PUT;Sep-26;13.000;20168.6;39,18;;;2
13/08/26;MINI IBEX-35;PUT;Sep-26;13.100;20168.6;38,83;;;2
13/08/26;MINI IBEX-35;PUT;Sep-26;13.500;20168.6;37,43;;;2
13/08/26;MINI IBEX-35;PUT;Sep-26;13.600;20168.6;37,08;;;1
13/08/26;MINI IBEX-35;PUT;Sep-26;13.700;20168.6;36,72;;;2
13/08/26;MINI IBEX-35;PUT;Sep-26;13.900;20168.6;36,02;;;1
13/08/26;MINI IBEX-35;PUT;Sep-26;14.000;20168.6;35,67;;;4
13/08/26;MINI IBEX-35;PUT;Sep-26;14.100;20168.6;35,32;;;2
13/08/26;MINI IBEX-35;PUT;Sep-26;14.200;20168.6;34,97;;;1
13/08/26;MINI IBEX-35;PUT;Sep-26;14.300;20168.6;34,62;;;1
13/08/26;MINI IBEX-35;PUT;Sep-26;14.400;20168.6;34,27;;;4
13/08/26;MINI IBEX-35;PUT;Sep-26;14.500;20168.6;33,92;;;5
13/08/26;MINI IBEX-35;PUT;Sep-26;14.600;20168.6;33,57;;;5
13/08/26;MINI IBEX-35;PUT;Sep-26;14.700;20168.6;33,22;;;3
13/08/26;MINI IBEX-35;PUT;Sep-26;15.000;20168.6;32,16;;;41
13/08/26;MINI IBEX-35;PUT;Sep-26;15.100;20168.6;31,81;;;1
13/08/26;MINI IBEX-35;PUT;Sep-26;15.200;20168.6;31,46;;;2
13/08/26;MINI IBEX-35;PUT;Sep-26;15.300;20168.6;31,11;;;7
13/08/26;MINI IBEX-35;PUT;Sep-26;15.400;20168.6;30,76;;;5
13/08/26;MINI IBEX-35;PUT;Sep-26;15.500;20168.6;30,41;;;44
13/08/26;MINI IBEX-35;PUT;Sep-26;15.600;20168.6;30,06;;;1
13/08/26;MINI IBEX-35;PUT;Sep-26;15.700;20168.6;29,71;;;1
13/08/26;MINI IBEX-35;PUT;Sep-26;15.800;20168.6;29,36;;;3
13/08/26;MINI IBEX-35;PUT;Sep-26;15.900;20168.6;29,01;;;17
13/08/26;MINI IBEX-35;PUT;Sep-26;16.000;20168.6;28,66;;;5.506
13/08/26;MINI IBEX-35;PUT;Sep-26;16.100;20168.6;28,30;;;2
13/08/26;MINI IBEX-35;PUT;Sep-26;16.300;20168.6;27,60;-0,01;;1
13/08/26;MINI IBEX-35;PUT;Sep-26;16.400;20168.6;27,25;-0,01;;3
13/08/26;MINI IBEX-35;PUT;Sep-26;16.500;20168.6;26,90;-0,01;;40
13/08/26;MINI IBEX-35;PUT;Sep-26;16.600;20168.6;26,55;-0,01;;1
13/08/26;MINI IBEX-35;PUT;Sep-26;16.700;20168.6;26,20;-0,01;;1
13/08/26;MINI IBEX-35;PUT;Sep-26;16.800;20168.6;25,85;-0,01;;4
13/08/26;MINI IBEX-35;PUT;Sep-26;17.000;20168.6;25,15;-0,01;;27
13/08/26;MINI IBEX-35;PUT;Sep-26;17.200;20168.6;24,45;-0,02;;2
13/08/26;MINI IBEX-35;PUT;Sep-26;17.300;20168.6;24,09;-0,02;;2
13/08/26;MINI IBEX-35;PUT;Sep-26;17.400;20168.6;23,74;-0,02;;8
13/08/26;MINI IBEX-35;PUT;Sep-26;17.500;20168.6;23,39;-0,02;;114
13/08/26;MINI IBEX-35;PUT;Sep-26;17.600;20168.6;23,04;-0,03;;4
13/08/26;MINI IBEX-35;PUT;Sep-26;17.700;20168.6;22,69;-0,03;;3
13/08/26;MINI IBEX-35;PUT;Sep-26;17.800;20168.6;22,34;-0,03;;8
13/08/26;MINI IBEX-35;PUT;Sep-26;17.850;20168.6;22,16;-0,03;;3
13/08/26;MINI IBEX-35;PUT;Sep-26;17.900;20168.6;21,99;-0,04;;2
13/08/26;MINI IBEX-35;PUT;Sep-26;17.950;20168.6;21,81;-0,04;;1
13/08/26;MINI IBEX-35;PUT;Sep-26;18.000;20168.6;21,64;-0,04;;19
13/08/26;MINI IBEX-35;PUT;Sep-26;18.100;20168.6;21,29;-0,05;;4
13/08/26;MINI IBEX-35;PUT;Sep-26;18.150;20168.6;21,11;-0,05;;110
13/08/26;MINI IBEX-35;PUT;Sep-26;18.200;20168.6;20,94;-0,05;;7
13/08/26;MINI IBEX-35;PUT;Sep-26;18.300;20168.6;20,59;-0,06;;3
13/08/26;MINI IBEX-35;PUT;Sep-26;18.400;20168.6;20,23;-0,06;;20
13/08/26;MINI IBEX-35;PUT;Sep-26;18.500;20168.6;19,88;-0,07;;17
13/08/26;MINI IBEX-35;PUT;Sep-26;18.550;20168.6;19,71;-0,08;;3
13/08/26;MINI IBEX-35;PUT;Sep-26;18.600;20168.6;19,53;-0,08;;12
13/08/26;MINI IBEX-35;PUT;Sep-26;18.700;20168.6;19,18;-0,09;;5
13/08/26;MINI IBEX-35;PUT;Sep-26;18.750;20168.6;19,01;-0,10;;3
13/08/26;MINI IBEX-35;PUT;Sep-26;18.800;20168.6;18,83;-0,10;;6
13/08/26;MINI IBEX-35;PUT;Sep-26;18.850;20168.6;18,66;-0,11;;1
13/08/26;MINI IBEX-35;PUT;Sep-26;18.900;20168.6;18,48;-0,12;;2
13/08/26;MINI IBEX-35;PUT;Sep-26;19.000;20168.6;18,13;-0,13;;10.897
13/08/26;MINI IBEX-35;PUT;Sep-26;19.050;20168.6;17,95;-0,14;;1
13/08/26;MINI IBEX-35;PUT;Sep-26;19.100;20168.6;17,78;-0,15;;16
13/08/26;MINI IBEX-35;PUT;Sep-26;19.150;20168.6;17,60;-0,15;;2
13/08/26;MINI IBEX-35;PUT;Sep-26;19.200;20168.6;17,43;-0,16;;8
13/08/26;MINI IBEX-35;PUT;Sep-26;19.250;20168.6;17,25;-0,17;;1
13/08/26;MINI IBEX-35;PUT;Sep-26;19.300;20168.6;17,08;-0,18;1;10
13/08/26;MINI IBEX-35;PUT;Sep-26;19.350;20168.6;16,90;-0,19;;2
13/08/26;MINI IBEX-35;PUT;Sep-26;19.400;20168.6;16,73;-0,20;1;6
13/08/26;MINI IBEX-35;PUT;Sep-26;19.500;20168.6;16,38;-0,23;1;18
13/08/26;MINI IBEX-35;PUT;Sep-26;19.600;20168.6;16,02;-0,26;1;4
13/08/26;MINI IBEX-35;PUT;Sep-26;19.650;20168.6;15,85;-0,27;;76
13/08/26;MINI IBEX-35;PUT;Sep-26;19.700;20168.6;15,67;-0,28;;7
13/08/26;MINI IBEX-35;PUT;Sep-26;19.800;20168.6;15,32;-0,32;1;12
13/08/26;MINI IBEX-35;PUT;Sep-26;19.850;20168.6;15,15;-0,33;1;1
13/08/26;MINI IBEX-35;PUT;Sep-26;19.900;20168.6;14,97;-0,35;;2
13/08/26;MINI IBEX-35;PUT;Sep-26;20.000;20168.6;14,62;-0,39;;29
13/08/26;MINI IBEX-35;PUT;Sep-26;20.100;20168.6;14,27;-0,43;1;24
13/08/26;MINI IBEX-35;PUT;Sep-26;20.200;20168.6;13,92;-0,47;;5
13/08/26;MINI IBEX-35;PUT;Sep-26;20.250;20168.6;13,77;-0,50;;1
13/08/26;MINI IBEX-35;PUT;Sep-26;20.300;20168.6;13,69;-0,52;6;115
13/08/26;MINI IBEX-35;PUT;Sep-26;20.350;20168.6;13,60;-0,54;2;5
13/08/26;MINI IBEX-35;PUT;Sep-26;20.400;20168.6;13,52;-0,56;;1
13/08/26;MINI IBEX-35;PUT;Sep-26;20.500;20168.6;13,36;-0,61;;3
13/08/26;MINI IBEX-35;PUT;Sep-26;24.000;20168.6;7,59;-1,00;;5.500
13/08/26;MINI IBEX-35;PUT;Oct-26;18.000;20168.6;20,99;-0,09;;6
13/08/26;MINI IBEX-35;PUT;Oct-26;18.300;20168.6;20,06;-0,11;;1
13/08/26;MINI IBEX-35;PUT;Oct-26;18.600;20168.6;19,14;-0,14;;1
13/08/26;MINI IBEX-35;PUT;Oct-26;18.900;20168.6;18,21;-0,18;;1
13/08/26;MINI IBEX-35;PUT;Oct-26;18.950;20168.6;18,06;-0,19;1;4
13/08/26;MINI IBEX-35;PUT;Oct-26;19.000;20168.6;17,91;-0,19;;2
13/08/26;MINI IBEX-35;PUT;Oct-26;19.150;20168.6;17,44;-0,22;;2
13/08/26;MINI IBEX-35;PUT;Oct-26;19.250;20168.6;17,13;-0,24;1;1
13/08/26;MINI IBEX-35;PUT;Oct-26;19.450;20168.6;16,52;-0,28;;1
13/08/26;MINI IBEX-35;PUT;Oct-26;19.700;20168.6;15,75;-0,33;;1
13/08/26;MINI IBEX-35;PUT;Oct-26;20.000;20168.6;14,82;-0,42;;2
13/08/26;MINI IBEX-35;PUT;Oct-26;20.300;20168.6;14,02;-0,51;;1
13/08/26;MINI IBEX-35;PUT;Dic-26;8.600;20168.6;45,13;;;1.250
13/08/26;MINI IBEX-35;PUT;Dic-26;10.900;20168.6;39,10;;;1
13/08/26;MINI IBEX-35;PUT;Dic-26;11.300;20168.6;38,05;;;1
13/08/26;MINI IBEX-35;PUT;Dic-26;11.500;20168.6;37,52;;;2
13/08/26;MINI IBEX-35;PUT;Dic-26;12.200;20168.6;35,68;-0,01;;2
13/08/26;MINI IBEX-35;PUT;Dic-26;12.300;20168.6;35,42;-0,01;;5
13/08/26;MINI IBEX-35;PUT;Dic-26;12.400;20168.6;35,16;-0,01;;1
13/08/26;MINI IBEX-35;PUT;Dic-26;12.500;20168.6;34,90;-0,01;;7
13/08/26;MINI IBEX-35;PUT;Dic-26;12.600;20168.6;34,64;-0,01;;6
13/08/26;MINI IBEX-35;PUT;Dic-26;12.900;20168.6;33,85;-0,01;;7
13/08/26;MINI IBEX-35;PUT;Dic-26;13.000;20168.6;33,59;-0,01;;7
13/08/26;MINI IBEX-35;PUT;Dic-26;13.100;20168.6;33,32;-0,01;;1
13/08/26;MINI IBEX-35;PUT;Dic-26;13.200;20168.6;33,06;-0,01;;1
13/08/26;MINI IBEX-35;PUT;Dic-26;13.500;20168.6;32,27;-0,01;;504
13/08/26;MINI IBEX-35;PUT;Dic-26;13.600;20168.6;32,01;-0,01;;5
13/08/26;MINI IBEX-35;PUT;Dic-26;13.700;20168.6;31,75;-0,02;;2
13/08/26;MINI IBEX-35;PUT;Dic-26;14.000;20168.6;30,96;-0,02;;1.034
13/08/26;MINI IBEX-35;PUT;Dic-26;14.200;20168.6;30,44;-0,02;;3
13/08/26;MINI IBEX-35;PUT;Dic-26;14.300;20168.6;30,18;-0,02;;1
13/08/26;MINI IBEX-35;PUT;Dic-26;14.400;20168.6;29,91;-0,02;;1
13/08/26;MINI IBEX-35;PUT;Dic-26;14.500;20168.6;29,65;-0,02;;1
13/08/26;MINI IBEX-35;PUT;Dic-26;14.600;20168.6;29,39;-0,03;;1
13/08/26;MINI IBEX-35;PUT;Dic-26;14.800;20168.6;28,86;-0,03;;1
13/08/26;MINI IBEX-35;PUT;Dic-26;14.900;20168.6;28,60;-0,03;;3
13/08/26;MINI IBEX-35;PUT;Dic-26;15.000;20168.6;28,34;-0,03;;18
13/08/26;MINI IBEX-35;PUT;Dic-26;15.200;20168.6;27,81;-0,04;;1
13/08/26;MINI IBEX-35;PUT;Dic-26;15.500;20168.6;27,03;-0,04;8;16
13/08/26;MINI IBEX-35;PUT;Dic-26;15.600;20168.6;26,77;-0,04;;32
13/08/26;MINI IBEX-35;PUT;Dic-26;15.700;20168.6;26,50;-0,05;;4
13/08/26;MINI IBEX-35;PUT;Dic-26;15.800;20168.6;26,24;-0,05;;4
13/08/26;MINI IBEX-35;PUT;Dic-26;15.900;20168.6;25,98;-0,05;;1
13/08/26;MINI IBEX-35;PUT;Dic-26;16.000;20168.6;25,72;-0,05;;27
13/08/26;MINI IBEX-35;PUT;Dic-26;16.300;20168.6;24,93;-0,06;;10
13/08/26;MINI IBEX-35;PUT;Dic-26;16.400;20168.6;24,67;-0,07;;6.000
13/08/26;MINI IBEX-35;PUT;Dic-26;16.500;20168.6;24,40;-0,07;;1
13/08/26;MINI IBEX-35;PUT;Dic-26;16.600;20168.6;24,14;-0,07;;2
13/08/26;MINI IBEX-35;PUT;Dic-26;16.700;20168.6;23,88;-0,08;1;1.512
13/08/26;MINI IBEX-35;PUT;Dic-26;16.800;20168.6;23,62;-0,08;;4
13/08/26;MINI IBEX-35;PUT;Dic-26;16.900;20168.6;23,36;-0,09;;4
13/08/26;MINI IBEX-35;PUT;Dic-26;17.000;20168.6;23,09;-0,09;;24
13/08/26;MINI IBEX-35;PUT;Dic-26;17.100;20168.6;22,83;-0,10;;7
13/08/26;MINI IBEX-35;PUT;Dic-26;17.200;20168.6;22,57;-0,10;;105
13/08/26;MINI IBEX-35;PUT;Dic-26;17.300;20168.6;22,31;-0,11;;7
13/08/26;MINI IBEX-35;PUT;Dic-26;17.400;20168.6;22,04;-0,11;;6
13/08/26;MINI IBEX-35;PUT;Dic-26;17.500;20168.6;21,78;-0,12;;1.023
13/08/26;MINI IBEX-35;PUT;Dic-26;17.600;20168.6;21,52;-0,13;;104
13/08/26;MINI IBEX-35;PUT;Dic-26;17.700;20168.6;21,26;-0,13;;5.011
13/08/26;MINI IBEX-35;PUT;Dic-26;17.800;20168.6;20,99;-0,14;;10
13/08/26;MINI IBEX-35;PUT;Dic-26;17.900;20168.6;20,73;-0,15;;5.003
13/08/26;MINI IBEX-35;PUT;Dic-26;18.000;20168.6;20,47;-0,15;1;25
13/08/26;MINI IBEX-35;PUT;Dic-26;18.100;20168.6;20,21;-0,16;;5
13/08/26;MINI IBEX-35;PUT;Dic-26;18.200;20168.6;19,94;-0,17;;11
13/08/26;MINI IBEX-35;PUT;Dic-26;18.300;20168.6;19,68;-0,18;;6
13/08/26;MINI IBEX-35;PUT;Dic-26;18.400;20168.6;19,42;-0,19;;8
13/08/26;MINI IBEX-35;PUT;Dic-26;18.500;20168.6;19,16;-0,20;;211
13/08/26;MINI IBEX-35;PUT;Dic-26;18.700;20168.6;18,63;-0,22;;1
13/08/26;MINI IBEX-35;PUT;Dic-26;18.800;20168.6;18,37;-0,24;2;6
13/08/26;MINI IBEX-35;PUT;Dic-26;18.900;20168.6;18,11;-0,25;;11
13/08/26;MINI IBEX-35;PUT;Dic-26;19.000;20168.6;17,85;-0,26;;5
13/08/26;MINI IBEX-35;PUT;Dic-26;19.100;20168.6;17,58;-0,28;;1
13/08/26;MINI IBEX-35;PUT;Dic-26;19.200;20168.6;17,32;-0,29;;38
13/08/26;MINI IBEX-35;PUT;Dic-26;19.300;20168.6;17,06;-0,31;;5
13/08/26;MINI IBEX-35;PUT;Dic-26;19.400;20168.6;16,80;-0,32;;2
13/08/26;MINI IBEX-35;PUT;Dic-26;19.500;20168.6;16,53;-0,34;;3
13/08/26;MINI IBEX-35;PUT;Dic-26;19.600;20168.6;16,27;-0,36;;6
13/08/26;MINI IBEX-35;PUT;Dic-26;19.700;20168.6;16,01;-0,37;;1
13/08/26;MINI IBEX-35;PUT;Dic-26;19.800;20168.6;15,75;-0,39;1;2
13/08/26;MINI IBEX-35;PUT;Dic-26;19.900;20168.6;15,48;-0,41;;1
13/08/26;MINI IBEX-35;PUT;Dic-26;20.000;20168.6;15,22;-0,43;2;18
13/08/26;MINI IBEX-35;PUT;Dic-26;20.500;20168.6;14,29;-0,55;;1
13/08/26;MINI IBEX-35;PUT;Mar-27;13.000;20168.6;30,98;-0,02;;3
13/08/26;MINI IBEX-35;PUT;Mar-27;13.800;20168.6;29,21;-0,04;;32
13/08/26;MINI IBEX-35;PUT;Mar-27;15.200;20168.6;26,12;-0,06;;1
13/08/26;MINI IBEX-35;PUT;Mar-27;15.700;20168.6;25,02;-0,08;;1
13/08/26;MINI IBEX-35;PUT;Mar-27;16.500;20168.6;23,26;-0,11;;1
13/08/26;MINI IBEX-35;PUT;Mar-27;17.000;20168.6;22,15;-0,13;;2
13/08/26;MINI IBEX-35;PUT;Mar-27;17.500;20168.6;21,05;-0,16;;21
13/08/26;MINI IBEX-35;PUT;Mar-27;18.000;20168.6;19,95;-0,20;;756
13/08/26;MINI IBEX-35;PUT;Mar-27;18.100;20168.6;19,73;-0,21;;5
13/08/26;MINI IBEX-35;PUT;Mar-27;18.200;20168.6;19,51;-0,21;;5
13/08/26;MINI IBEX-35;PUT;Mar-27;18.300;20168.6;19,29;-0,22;;5
13/08/26;MINI IBEX-35;PUT;Mar-27;18.400;20168.6;19,07;-0,23;;5
13/08/26;MINI IBEX-35;PUT;Mar-27;18.500;20168.6;18,85;-0,24;;3
13/08/26;MINI IBEX-35;PUT;Mar-27;18.600;20168.6;18,63;-0,25;;2
13/08/26;MINI IBEX-35;PUT;Mar-27;18.900;20168.6;17,96;-0,28;;1
13/08/26;MINI IBEX-35;PUT;Mar-27;19.100;20168.6;17,52;-0,30;;5
13/08/26;MINI IBEX-35;PUT;Mar-27;19.300;20168.6;17,08;-0,33;;5
13/08/26;MINI IBEX-35;PUT;Mar-27;19.500;20168.6;16,64;-0,36;;5
13/08/26;MINI IBEX-35;PUT;Mar-27;19.600;20168.6;16,42;-0,37;;5
13/08/26;MINI IBEX-35;PUT;Mar-27;19.800;20168.6;15,98;-0,40;;5
13/08/26;MINI IBEX-35;PUT;Mar-27;19.900;20168.6;15,76;-0,41;;5
13/08/26;MINI IBEX-35;PUT;Mar-27;21.400;20168.6;13,60;-0,67;;1
13/08/26;MINI IBEX-35;PUT;Mar-27;21.600;20168.6;13,36;-0,70;;2
13/08/26;MINI IBEX-35;PUT;Mar-27;21.800;20168.6;13,12;-0,74;;1
13/08/26;MINI IBEX-35;PUT;Mar-27;21.900;20168.6;13,00;-0,75;;3
13/08/26;MINI IBEX-35;PUT;Mar-27;22.000;20168.6;12,88;-0,77;;2
13/08/26;MINI IBEX-35;PUT;Mar-27;22.900;20168.6;11,80;-0,89;;2
13/08/26;MINI IBEX-35;PUT;Jun-27;13.000;20168.6;29,68;-0,04;;2
13/08/26;MINI IBEX-35;PUT;Jun-27;16.000;20168.6;23,66;-0,12;;20
13/08/26;MINI IBEX-35;PUT;Jun-27;17.000;20168.6;21,66;-0,17;;1
13/08/26;MINI IBEX-35;PUT;Jun-27;18.000;20168.6;19,66;-0,24;;1
13/08/26;MINI IBEX-35;PUT;Jun-27;18.500;20168.6;18,65;-0,28;;1
13/08/26;MINI IBEX-35;PUT;Jun-27;19.700;20168.6;16,25;-0,41;;1
13/08/26;MINI IBEX-35;PUT;Jun-27;19.900;20168.6;15,85;-0,43;;1
13/08/26;MINI IBEX-35;PUT;Jun-27;20.300;20168.6;15,19;-0,49;;1
13/08/26;MINI IBEX-35;PUT;Jun-27;23.300;20168.6;11,61;-0,89;;1
13/08/26;MINI IBEX-35;PUT;Jun-27;23.400;20168.6;11,49;-0,89;;2
13/08/26;MINI IBEX-35;PUT;Jun-27;24.200;20168.6;10,54;-0,95;;2
13/08/26;MINI IBEX-35;PUT;Sep-27;12.100;20168.6;30,16;-0,04;;32
13/08/26;MINI IBEX-35;PUT;Sep-27;12.200;20168.6;29,98;-0,04;;32
13/08/26;MINI IBEX-35;PUT;Sep-27;12.300;20168.6;29,80;-0,04;;32
13/08/26;MINI IBEX-35;PUT;Sep-27;12.400;20168.6;29,62;-0,04;;32
13/08/26;MINI IBEX-35;PUT;Sep-27;14.200;20168.6;26,33;-0,08;;32
13/08/26;MINI IBEX-35;PUT;Dic-27;13.400;20168.6;27,23;-0,07;;250
13/08/26;MINI IBEX-35;PUT;Dic-27;14.700;20168.6;24,98;-0,11;;1
13/08/26;MINI IBEX-35;PUT;Dic-27;15.400;20168.6;23,77;-0,13;;32
13/08/26;MINI IBEX-35;PUT;Dic-27;15.700;20168.6;23,25;-0,14;;32
13/08/26;MINI IBEX-35;PUT;Dic-27;15.800;20168.6;23,08;-0,15;;32
13/08/26;MINI IBEX-35;PUT;Dic-27;19.300;20168.6;17,03;-0,37;;3
13/08/26;MINI IBEX-35;PUT;Dic-27;19.400;20168.6;16,86;-0,38;;6.751
13/08/26;MINI IBEX-35;PUT;Jun-28;18.400;20168.6;18,06;-0,31;;64
13/08/26;MINI IBEX-35;PUT;Jun-28;18.500;20168.6;17,91;-0,32;;64
13/08/26;MINI IBEX-35;PUT;Jun-28;19.300;20168.6;16,73;-0,38;;32
13/08/26;MINI IBEX-35;PUT;Jun-28;20.000;20168.6;15,74;-0,44;;32
13/08/26;MINI IBEX-35;PUT;Sep-28;17.500;20168.6;18,54;-0,26;;2
13/08/26;MINI IBEX-35;PUT;Dic-28;16.800;20168.6;19,06;-0,22;;1.800
13/08/26;MINI IBEX-35;PUT;Jun-29;18.800;20168.6;18,36;-0,35;;1
13/08/26;MINI IBEX-35;PUT;Jun-31;18.400;20168.6;18,95;-0,33;;1
13/08/26;ACCIONA;CALL;Ago-26;210,00;210.6;40,46;0,53;;5
13/08/26;ACCIONA;CALL;Ago-26;220,00;210.6;38,46;0,23;1;1
13/08/26;ACCIONA;CALL;Ago-26;260,00;210.6;30,60;;;5
13/08/26;ACCIONA;CALL;Ago-26;270,00;210.6;28,64;;;2
13/08/26;ACCIONA;CALL;Sep-26;220,00;210.6;34,56;0,37;;6
13/08/26;ACCIONA;CALL;Sep-26;230,00;210.6;33,91;0,23;;1
13/08/26;ACCIONA;CALL;Sep-26;260,00;210.6;31,96;0,02;;16
13/08/26;ACCIONA;CALL;Sep-26;280,00;210.6;30,67;;;2
13/08/26;ACCIONA;CALL;Sep-26;310,00;210.6;28,72;;;5
13/08/26;ACCIONA;CALL;Sep-26;340,00;210.6;26,77;;;10
13/08/26;ACCIONA;CALL;Dic-26;210,00;210.6;35,24;0,56;;2
13/08/26;ACCIONA;CALL;Dic-26;230,00;210.6;34,61;0,39;;5
13/08/26;ACCIONA;CALL;Dic-26;260,00;210.6;33,75;0,18;;2
13/08/26;ACCIONA;CALL;Dic-26;280,00;210.6;33,18;0,09;;5
13/08/26;ACCIONA;CALL;Dic-26;320,00;210.6;32,04;0,02;;5
13/08/26;ACCIONA;CALL;Mar-27;160,00;210.6;41,24;0,86;;1
13/08/26;ACCIONA;CALL;Mar-27;270,00;210.6;33,54;0,22;;5
13/08/26;ACCIONA;CALL;Mar-27;290,00;210.6;32,97;0,14;;5
13/08/26;ACCIONA;CALL;Jun-27;220,00;210.6;33,72;0,53;;1
13/08/26;ACCIONA;PUT;Ago-26;200,00;210.6;42,24;-0,19;;21
13/08/26;ACCIONA;PUT;Ago-26;210,00;210.6;39,65;-0,47;;1
13/08/26;ACCIONA;PUT;Ago-26;220,00;210.6;37,65;-0,77;;5
13/08/26;ACCIONA;PUT;Ago-26;230,00;210.6;35,68;-0,95;;3
13/08/26;ACCIONA;PUT;Sep-26;120,00;210.6;52,75;;;1
13/08/26;ACCIONA;PUT;Sep-26;170,00;210.6;43,18;-0,05;;1
13/08/26;ACCIONA;PUT;Sep-26;185,00;210.6;40,30;-0,14;;3
13/08/26;ACCIONA;PUT;Sep-26;190,00;210.6;39,35;-0,18;1;15
13/08/26;ACCIONA;PUT;Sep-26;200,00;210.6;37,43;-0,30;;11
13/08/26;ACCIONA;PUT;Sep-26;210,00;210.6;35,51;-0,46;;2
13/08/26;ACCIONA;PUT;Sep-26;240,00;210.6;33,49;-0,89;;1
13/08/26;ACCIONA;PUT;Oct-26;220,00;210.6;34,11;-0,59;;2
13/08/26;ACCIONA;PUT;Dic-26;175,00;210.6;40,26;-0,18;;2
13/08/26;ACCIONA;PUT;Dic-26;195,00;210.6;37,60;-0,31;;15
13/08/26;ACCIONA;PUT;Dic-26;200,00;210.6;36,94;-0,35;;20
13/08/26;ACCIONA;PUT;Dic-26;210,00;210.6;35,61;-0,44;;5
13/08/26;ACCIONA;PUT;Mar-27;170,00;210.6;40,10;-0,19;;2
13/08/26;ACCIONA;PUT;Mar-27;200,00;210.6;36,54;-0,36;;20
13/08/26;ACCIONA;PUT;Mar-27;210,00;210.6;35,35;-0,43;;5
13/08/26;ACCIONA;PUT;Mar-27;290,00;210.6;33,02;-0,89;;5
13/08/26;ACCIONA;PUT;Mar-27;300,00;210.6;32,73;-0,93;;5
13/08/26;ACCIONA ENERGIA;CALL;Sep-26;29,00;21.12;26,84;;;1
13/08/26;ACCIONA ENERGIA;CALL;Dic-26;24,00;21.12;33,42;0,31;;3
13/08/26;ACCIONA ENERGIA;CALL;Dic-26;25,00;21.12;33,25;0,24;;1
13/08/26;ACCIONA ENERGIA;CALL;Dic-26;27,00;21.12;32,90;0,13;;1
13/08/26;ACCIONA ENERGIA;CALL;Dic-26;30,00;21.12;32,38;0,05;;1
13/08/26;ACCIONA ENERGIA;CALL;Dic-26;31,00;21.12;32,20;0,03;;1
13/08/26;ACCIONA ENERGIA;PUT;Ago-26;20,00;21.12;37,92;-0,16;;1
13/08/26;ACCIONA ENERGIA;PUT;Ago-26;21,00;21.12;37,21;-0,45;;1
13/08/26;ACCIONA ENERGIA;PUT;Sep-26;20,00;21.12;35,56;-0,29;;3
13/08/26;ACCIONA ENERGIA;PUT;Sep-26;21,00;21.12;34,85;-0,45;;2
13/08/26;ACCIONA ENERGIA;PUT;Sep-26;23,00;21.12;33,28;-0,78;;2
13/08/26;ACCIONA ENERGIA;PUT;Dic-26;18,00;21.12;38,54;-0,20;;2
13/08/26;ACCIONA ENERGIA;PUT;Dic-26;19,00;21.12;37,84;-0,27;;3
13/08/26;ACCIONA ENERGIA;PUT;Dic-26;21,00;21.12;36,45;-0,44;;15
13/08/26;ACCIONA ENERGIA;PUT;Jun-27;24,00;21.12;31,37;-0,61;;13
13/08/26;ACERINOX;CALL;Ago-26;15,50;18.27;37,70;1,00;;2
13/08/26;ACERINOX;CALL;Ago-26;16,00;18.27;36,64;0,99;;4
13/08/26;ACERINOX;CALL;Ago-26;16,50;18.27;35,59;0,98;;40
13/08/26;ACERINOX;CALL;Ago-26;17,00;18.27;34,53;0,93;;22
13/08/26;ACERINOX;CALL;Ago-26;17,50;18.27;33,47;0,82;;11
13/08/26;ACERINOX;CALL;Ago-26;18,00;18.27;32,41;0,63;;35
13/08/26;ACERINOX;CALL;Ago-26;18,50;18.27;31,37;0,41;;1
13/08/26;ACERINOX;CALL;Sep-26;14,50;18.27;38,12;0,98;;150
13/08/26;ACERINOX;CALL;Sep-26;15,50;18.27;36,33;0,94;;10
13/08/26;ACERINOX;CALL;Sep-26;16,00;18.27;35,44;0,90;;14
13/08/26;ACERINOX;CALL;Sep-26;17,00;18.27;33,65;0,77;;13
13/08/26;ACERINOX;CALL;Sep-26;17,50;18.27;32,76;0,69;;8
13/08/26;ACERINOX;CALL;Sep-26;18,00;18.27;31,86;0,59;;1
13/08/26;ACERINOX;CALL;Sep-26;18,50;18.27;31,21;0,48;;40
13/08/26;ACERINOX;CALL;Sep-26;19,00;18.27;30,83;0,37;;10
13/08/26;ACERINOX;CALL;Sep-26;21,00;18.27;29,34;0,08;;1
13/08/26;ACERINOX;CALL;Oct-26;17,50;18.27;32,94;0,66;;3
13/08/26;ACERINOX;CALL;Oct-26;18,50;18.27;31,51;0,50;20;20
13/08/26;ACERINOX;CALL;Oct-26;19,50;18.27;31,16;0,34;;10
13/08/26;ACERINOX;CALL;Dic-26;6,00;18.27;45,41;1,00;;20
13/08/26;ACERINOX;CALL;Dic-26;9,75;18.27;40,76;1,00;;2
13/08/26;ACERINOX;CALL;Dic-26;11,00;18.27;39,21;0,99;;10
13/08/26;ACERINOX;CALL;Dic-26;13,00;18.27;36,73;0,96;;11
13/08/26;ACERINOX;CALL;Dic-26;13,50;18.27;36,11;0,94;;20
13/08/26;ACERINOX;CALL;Dic-26;14,00;18.27;35,49;0,92;;10
13/08/26;ACERINOX;CALL;Dic-26;14,50;18.27;34,87;0,90;;10
13/08/26;ACERINOX;CALL;Dic-26;16,00;18.27;33,01;0,79;;10
13/08/26;ACERINOX;CALL;Dic-26;16,50;18.27;32,39;0,75;;3
13/08/26;ACERINOX;CALL;Dic-26;17,00;18.27;31,77;0,70;;15
13/08/26;ACERINOX;CALL;Dic-26;17,50;18.27;31,15;0,64;;35
13/08/26;ACERINOX;CALL;Dic-26;18,00;18.27;30,52;0,59;;20
13/08/26;ACERINOX;CALL;Dic-26;19,00;18.27;30,08;0,47;;20
13/08/26;ACERINOX;CALL;Dic-26;19,50;18.27;30,01;0,41;;11
13/08/26;ACERINOX;CALL;Dic-26;20,00;18.27;29,94;0,35;;11
13/08/26;ACERINOX;CALL;Dic-26;22,00;18.27;29,65;0,18;;1
13/08/26;ACERINOX;CALL;Dic-26;24,00;18.27;29,35;0,08;;51
13/08/26;ACERINOX;CALL;Mar-27;8,75;18.27;42,43;1,00;;1
13/08/26;ACERINOX;CALL;Mar-27;11,00;18.27;39,97;0,98;;15
13/08/26;ACERINOX;CALL;Mar-27;13,00;18.27;37,78;0,92;;1
13/08/26;ACERINOX;CALL;Mar-27;13,50;18.27;37,23;0,90;;5
13/08/26;ACERINOX;CALL;Mar-27;14,50;18.27;36,14;0,85;;150
13/08/26;ACERINOX;CALL;Mar-27;15,50;18.27;35,04;0,79;;150
13/08/26;ACERINOX;CALL;Mar-27;16,00;18.27;34,49;0,75;;150
13/08/26;ACERINOX;CALL;Mar-27;17,00;18.27;33,40;0,67;;150
13/08/26;ACERINOX;CALL;Mar-27;17,50;18.27;32,85;0,63;;100
13/08/26;ACERINOX;CALL;Mar-27;18,50;18.27;31,96;0,54;;50
13/08/26;ACERINOX;CALL;Mar-27;19,00;18.27;31,86;0,49;;25
13/08/26;ACERINOX;CALL;Sep-27;13,50;18.27;39,26;0,85;;5
13/08/26;ACERINOX;CALL;Sep-27;14,00;18.27;38,66;0,82;;1
13/08/26;ACERINOX;CALL;Sep-27;16,50;18.27;35,70;0,69;;150
13/08/26;ACERINOX;CALL;Dic-27;11,00;18.27;40,44;0,93;;10
13/08/26;ACERINOX;CALL;Dic-27;12,00;18.27;39,40;0,90;;1
13/08/26;ACERINOX;CALL;Dic-27;13,00;18.27;38,36;0,85;;10
13/08/26;ACERINOX;CALL;Jun-28;12,50;18.27;36,70;0,86;;10
13/08/26;ACERINOX;PUT;Ago-26;12,50;18.27;43,27;;;2
13/08/26;ACERINOX;PUT;Ago-26;13,00;18.27;42,21;;;106
13/08/26;ACERINOX;PUT;Ago-26;14,00;18.27;40,10;;;1
13/08/26;ACERINOX;PUT;Ago-26;14,50;18.27;39,04;;;30
13/08/26;ACERINOX;PUT;Ago-26;15,00;18.27;37,98;;;35
13/08/26;ACERINOX;PUT;Ago-26;15,50;18.27;36,92;;;11
13/08/26;ACERINOX;PUT;Ago-26;17,00;18.27;33,75;-0,07;;20
13/08/26;ACERINOX;PUT;Ago-26;17,50;18.27;32,69;-0,18;;11
13/08/26;ACERINOX;PUT;Ago-26;18,00;18.27;31,63;-0,36;;2
13/08/26;ACERINOX;PUT;Ago-26;18,50;18.27;30,59;-0,60;;30
13/08/26;ACERINOX;PUT;Sep-26;9,00;18.27;45,49;;;23
13/08/26;ACERINOX;PUT;Sep-26;9,50;18.27;44,60;;;43
13/08/26;ACERINOX;PUT;Sep-26;9,75;18.27;44,15;;;1
13/08/26;ACERINOX;PUT;Sep-26;10,00;18.27;43,71;;;10
13/08/26;ACERINOX;PUT;Sep-26;10,50;18.27;42,81;;;40
13/08/26;ACERINOX;PUT;Sep-26;11,00;18.27;41,92;;;150
13/08/26;ACERINOX;PUT;Sep-26;12,00;18.27;40,13;;;10
13/08/26;ACERINOX;PUT;Sep-26;13,00;18.27;38,34;;;9
13/08/26;ACERINOX;PUT;Sep-26;14,00;18.27;36,55;-0,01;;10
13/08/26;ACERINOX;PUT;Sep-26;15,00;18.27;34,77;-0,03;;5
13/08/26;ACERINOX;PUT;Sep-26;15,50;18.27;33,87;-0,05;;22
13/08/26;ACERINOX;PUT;Sep-26;16,00;18.27;32,98;-0,09;;36
13/08/26;ACERINOX;PUT;Sep-26;17,00;18.27;31,19;-0,21;;1
13/08/26;ACERINOX;PUT;Sep-26;17,50;18.27;30,30;-0,30;;10
13/08/26;ACERINOX;PUT;Sep-26;18,50;18.27;28,75;-0,53;;125
13/08/26;ACERINOX;PUT;Oct-26;15,50;18.27;33,47;-0,10;;10
13/08/26;ACERINOX;PUT;Dic-26;9,50;18.27;40,68;;;1
13/08/26;ACERINOX;PUT;Dic-26;9,75;18.27;40,37;;;1
13/08/26;ACERINOX;PUT;Dic-26;10,00;18.27;40,06;;;97
13/08/26;ACERINOX;PUT;Dic-26;10,50;18.27;39,44;-0,01;;35
13/08/26;ACERINOX;PUT;Dic-26;11,00;18.27;38,82;-0,01;;51
13/08/26;ACERINOX;PUT;Dic-26;11,50;18.27;38,20;-0,01;;25
13/08/26;ACERINOX;PUT;Dic-26;12,00;18.27;37,58;-0,02;;75
13/08/26;ACERINOX;PUT;Dic-26;12,50;18.27;36,96;-0,03;;145
13/08/26;ACERINOX;PUT;Dic-26;13,00;18.27;36,34;-0,04;;10
13/08/26;ACERINOX;PUT;Dic-26;13,50;18.27;35,72;-0,06;;45
13/08/26;ACERINOX;PUT;Dic-26;15,50;18.27;33,24;-0,16;;20
13/08/26;ACERINOX;PUT;Dic-26;18,00;18.27;30,13;-0,42;;50
13/08/26;ACERINOX;PUT;Mar-27;8,00;18.27;41,76;;;2
13/08/26;ACERINOX;PUT;Mar-27;10,00;18.27;39,57;-0,02;;175
13/08/26;ACERINOX;PUT;Mar-27;10,50;18.27;39,03;-0,02;;60
13/08/26;ACERINOX;PUT;Mar-27;11,00;18.27;38,48;-0,03;;160
13/08/26;ACERINOX;PUT;Mar-27;11,50;18.27;37,93;-0,04;;126
13/08/26;ACERINOX;PUT;Mar-27;12,00;18.27;37,38;-0,06;;70
13/08/26;ACERINOX;PUT;Mar-27;13,50;18.27;35,74;-0,11;;12
13/08/26;ACERINOX;PUT;Mar-27;15,00;18.27;34,10;-0,20;;100
13/08/26;ACERINOX;PUT;Mar-27;15,50;18.27;33,55;-0,23;;11
13/08/26;ACERINOX;PUT;Mar-27;16,00;18.27;33,00;-0,27;;3
13/08/26;ACERINOX;PUT;Mar-27;17,00;18.27;31,91;-0,35;10;10
13/08/26;ACERINOX;PUT;Jun-27;8,75;18.27;41,23;-0,02;;1
13/08/26;ACERINOX;PUT;Jun-27;10,00;18.27;39,80;-0,03;;243
13/08/26;ACERINOX;PUT;Jun-27;11,00;18.27;38,65;-0,05;;110
13/08/26;ACERINOX;PUT;Jun-27;15,00;18.27;34,05;-0,22;;10
13/08/26;ACERINOX;PUT;Sep-27;10,00;18.27;39,65;-0,05;;150
13/08/26;ACERINOX;PUT;Sep-27;10,50;18.27;39,05;-0,06;;150
13/08/26;ACERINOX;PUT;Sep-27;11,00;18.27;38,46;-0,07;;150
13/08/26;ACERINOX;PUT;Sep-27;11,50;18.27;37,87;-0,09;;150
13/08/26;ACERINOX;PUT;Sep-27;12,00;18.27;37,28;-0,11;;207
13/08/26;ACERINOX;PUT;Dic-27;12,00;18.27;35,84;-0,11;;150
13/08/26;ACERINOX;PUT;Mar-28;12,00;18.27;34,01;-0,12;;208
13/08/26;ACS;CALL;Ago-26;110,00;109.9;37,35;0,51;;5
13/08/26;ACS;CALL;Ago-26;115,00;109.9;35,39;0,20;1;6
13/08/26;ACS;CALL;Ago-26;120,00;109.9;33,44;0,04;;13
13/08/26;ACS;CALL;Ago-26;125,00;109.9;31,48;;;25
13/08/26;ACS;CALL;Ago-26;130,00;109.9;29,53;;;15
13/08/26;ACS;CALL;Ago-26;135,00;109.9;27,57;;;11
13/08/26;ACS;CALL;Ago-26;140,00;109.9;25,61;;;3
13/08/26;ACS;CALL;Ago-26;145,00;109.9;23,66;;;1
13/08/26;ACS;CALL;Ago-26;150,00;109.9;21,70;;;5
13/08/26;ACS;CALL;Sep-26;105,00;109.9;35,05;0,69;;5
13/08/26;ACS;CALL;Sep-26;110,00;109.9;33,65;0,53;;5
13/08/26;ACS;CALL;Sep-26;115,00;109.9;33,46;0,36;;40
13/08/26;ACS;CALL;Sep-26;120,00;109.9;33,28;0,22;1;16
13/08/26;ACS;CALL;Sep-26;125,00;109.9;33,10;0,12;;6
13/08/26;ACS;CALL;Sep-26;130,00;109.9;32,92;0,06;;104
13/08/26;ACS;CALL;Sep-26;140,00;109.9;32,55;0,01;;12
13/08/26;ACS;CALL;Sep-26;145,00;109.9;32,37;;;22
13/08/26;ACS;CALL;Sep-26;150,00;109.9;32,19;;;3
13/08/26;ACS;CALL;Sep-26;155,00;109.9;32,01;;;5
13/08/26;ACS;CALL;Sep-26;165,00;109.9;31,64;;;5
13/08/26;ACS;CALL;Oct-26;115,00;109.9;34,08;0,41;;2
13/08/26;ACS;CALL;Oct-26;125,00;109.9;33,29;0,21;;1
13/08/26;ACS;CALL;Oct-26;140,00;109.9;32,11;0,04;;3
13/08/26;ACS;CALL;Dic-26;86,00;109.9;40,62;0,88;;1
13/08/26;ACS;CALL;Dic-26;90,00;109.9;39,70;0,84;;25
13/08/26;ACS;CALL;Dic-26;92,00;109.9;39,24;0,82;;25
13/08/26;ACS;CALL;Dic-26;105,00;109.9;36,24;0,64;;1
13/08/26;ACS;CALL;Dic-26;110,00;109.9;35,10;0,56;;5
13/08/26;ACS;CALL;Dic-26;115,00;109.9;34,72;0,47;;87
13/08/26;ACS;CALL;Dic-26;120,00;109.9;34,34;0,39;;90
13/08/26;ACS;CALL;Dic-26;125,00;109.9;33,97;0,31;;86
13/08/26;ACS;CALL;Dic-26;130,00;109.9;33,59;0,24;;711
13/08/26;ACS;CALL;Dic-26;135,00;109.9;33,21;0,18;;4
13/08/26;ACS;CALL;Dic-26;140,00;109.9;32,83;0,14;;2
13/08/26;ACS;CALL;Dic-26;145,00;109.9;32,45;0,09;;10
13/08/26;ACS;CALL;Dic-26;150,00;109.9;32,07;0,07;;80
13/08/26;ACS;CALL;Dic-26;155,00;109.9;31,69;0,04;;15
13/08/26;ACS;CALL;Dic-26;160,00;109.9;31,31;0,03;;15
13/08/26;ACS;CALL;Dic-26;165,00;109.9;30,93;0,02;;25
13/08/26;ACS;CALL;Mar-27;92,00;109.9;38,59;0,78;;1
13/08/26;ACS;CALL;Mar-27;96,00;109.9;37,77;0,74;;1
13/08/26;ACS;CALL;Mar-27;100,00;109.9;36,96;0,70;;1
13/08/26;ACS;CALL;Mar-27;115,00;109.9;34,87;0,50;;5
13/08/26;ACS;CALL;Mar-27;140,00;109.9;34,49;0,23;;180
13/08/26;ACS;CALL;Mar-27;145,00;109.9;34,42;0,19;;5
13/08/26;ACS;CALL;Mar-27;150,00;109.9;34,34;0,16;;200
13/08/26;ACS;CALL;Mar-27;155,00;109.9;34,27;0,13;;20
13/08/26;ACS;CALL;Mar-27;160,00;109.9;34,19;0,10;;20
13/08/26;ACS;CALL;Mar-27;165,00;109.9;34,11;0,09;;60
13/08/26;ACS;CALL;Jun-27;54,00;109.9;46,41;0,97;;1
13/08/26;ACS;CALL;Jun-27;56,00;109.9;45,97;0,97;;2
13/08/26;ACS;CALL;Jun-27;88,00;109.9;38,98;0,80;;1
13/08/26;ACS;CALL;Jun-27;96,00;109.9;37,24;0,73;;25
13/08/26;ACS;CALL;Jun-27;100,00;109.9;36,36;0,69;;25
13/08/26;ACS;CALL;Jun-27;165,00;109.9;34,03;0,14;;5
13/08/26;ACS;CALL;Sep-27;86,00;109.9;39,09;0,81;;25
13/08/26;ACS;CALL;Sep-27;105,00;109.9;35,17;0,64;;25
13/08/26;ACS;CALL;Dic-27;70,00;109.9;41,04;0,90;;60
13/08/26;ACS;CALL;Dic-27;88,00;109.9;37,66;0,78;;5
13/08/26;ACS;CALL;Dic-27;90,00;109.9;37,28;0,77;;5
13/08/26;ACS;CALL;Dic-27;94,00;109.9;36,53;0,74;;25
13/08/26;ACS;CALL;Dic-27;110,00;109.9;33,54;0,59;;250
13/08/26;ACS;CALL;Dic-27;130,00;109.9;32,63;0,41;;10
13/08/26;ACS;PUT;Ago-26;98,00;109.9;38,57;-0,02;;1
13/08/26;ACS;PUT;Ago-26;100,00;109.9;37,89;-0,04;;1
13/08/26;ACS;PUT;Ago-26;105,00;109.9;36,21;-0,19;1;9
13/08/26;ACS;PUT;Ago-26;110,00;109.9;34,52;-0,49;;29
13/08/26;ACS;PUT;Ago-26;115,00;109.9;32,56;-0,82;;36
13/08/26;ACS;PUT;Ago-26;120,00;109.9;30,61;-0,98;;1
13/08/26;ACS;PUT;Ago-26;125,00;109.9;28,65;-1,00;;10
13/08/26;ACS;PUT;Sep-26;50,00;109.9;49,45;;;25
13/08/26;ACS;PUT;Sep-26;52,00;109.9;48,88;;;50
13/08/26;ACS;PUT;Sep-26;54,00;109.9;48,31;;;50
13/08/26;ACS;PUT;Sep-26;56,00;109.9;47,74;;;51
13/08/26;ACS;PUT;Sep-26;66,00;109.9;44,89;;;25
13/08/26;ACS;PUT;Sep-26;68,00;109.9;44,32;;;25
13/08/26;ACS;PUT;Sep-26;70,00;109.9;43,75;;;25
13/08/26;ACS;PUT;Sep-26;72,00;109.9;43,18;;;1
13/08/26;ACS;PUT;Sep-26;76,00;109.9;42,04;;;42
13/08/26;ACS;PUT;Sep-26;78,00;109.9;41,46;;;52
13/08/26;ACS;PUT;Sep-26;80,00;109.9;40,89;-0,01;;27
13/08/26;ACS;PUT;Sep-26;84,00;109.9;39,75;-0,01;;25
13/08/26;ACS;PUT;Sep-26;88,00;109.9;38,61;-0,03;;1
13/08/26;ACS;PUT;Sep-26;90,00;109.9;38,04;-0,04;;25
13/08/26;ACS;PUT;Sep-26;94,00;109.9;36,90;-0,08;;5
13/08/26;ACS;PUT;Sep-26;96,00;109.9;36,33;-0,10;;10
13/08/26;ACS;PUT;Sep-26;98,00;109.9;35,76;-0,14;;1
13/08/26;ACS;PUT;Sep-26;100,00;109.9;35,19;-0,18;;34
13/08/26;ACS;PUT;Sep-26;105,00;109.9;33,77;-0,31;;10
13/08/26;ACS;PUT;Sep-26;110,00;109.9;32,37;-0,48;;32
13/08/26;ACS;PUT;Sep-26;115,00;109.9;32,18;-0,65;;8
13/08/26;ACS;PUT;Sep-26;120,00;109.9;32,00;-0,80;;6
13/08/26;ACS;PUT;Sep-26;125,00;109.9;31,82;-0,90;;1
13/08/26;ACS;PUT;Oct-26;84,00;109.9;39,54;-0,04;;1
13/08/26;ACS;PUT;Oct-26;90,00;109.9;37,92;-0,09;;2
13/08/26;ACS;PUT;Oct-26;110,00;109.9;32,54;-0,47;1;1
13/08/26;ACS;PUT;Dic-26;23,00;109.9;53,62;;;201
13/08/26;ACS;PUT;Dic-26;24,00;109.9;53,39;;;25
13/08/26;ACS;PUT;Dic-26;25,00;109.9;53,16;;;25
13/08/26;ACS;PUT;Dic-26;27,00;109.9;52,70;;;25
13/08/26;ACS;PUT;Dic-26;28,00;109.9;52,47;;;75
13/08/26;ACS;PUT;Dic-26;29,00;109.9;52,24;;;75
13/08/26;ACS;PUT;Dic-26;30,00;109.9;52,01;;;17
13/08/26;ACS;PUT;Dic-26;33,00;109.9;51,32;;;6
13/08/26;ACS;PUT;Dic-26;34,00;109.9;51,09;;;25
13/08/26;ACS;PUT;Dic-26;35,00;109.9;50,86;;;200
13/08/26;ACS;PUT;Dic-26;46,00;109.9;48,32;;;25
13/08/26;ACS;PUT;Dic-26;54,00;109.9;46,48;;;25
13/08/26;ACS;PUT;Dic-26;58,00;109.9;45,55;-0,01;;25
13/08/26;ACS;PUT;Dic-26;60,00;109.9;45,09;-0,01;;95
13/08/26;ACS;PUT;Dic-26;62,00;109.9;44,63;-0,01;;5
13/08/26;ACS;PUT;Dic-26;66,00;109.9;43,71;-0,02;;1
13/08/26;ACS;PUT;Dic-26;68,00;109.9;43,25;-0,02;;4
13/08/26;ACS;PUT;Dic-26;76,00;109.9;41,40;-0,05;;6
13/08/26;ACS;PUT;Dic-26;78,00;109.9;40,94;-0,06;;5
13/08/26;ACS;PUT;Dic-26;80,00;109.9;40,48;-0,07;;5
13/08/26;ACS;PUT;Dic-26;82,00;109.9;40,02;-0,08;;10
13/08/26;ACS;PUT;Dic-26;84,00;109.9;39,56;-0,10;;10
13/08/26;ACS;PUT;Dic-26;86,00;109.9;39,10;-0,11;;10
13/08/26;ACS;PUT;Dic-26;88,00;109.9;38,64;-0,13;;45
13/08/26;ACS;PUT;Dic-26;90,00;109.9;38,18;-0,15;;44
13/08/26;ACS;PUT;Dic-26;94,00;109.9;37,26;-0,20;;46
13/08/26;ACS;PUT;Dic-26;96,00;109.9;36,79;-0,22;;80
13/08/26;ACS;PUT;Dic-26;98,00;109.9;36,33;-0,25;;10
13/08/26;ACS;PUT;Dic-26;100,00;109.9;35,87;-0,28;;177
13/08/26;ACS;PUT;Dic-26;105,00;109.9;34,72;-0,36;;3
13/08/26;ACS;PUT;Dic-26;110,00;109.9;33,58;-0,45;;50
13/08/26;ACS;PUT;Dic-26;115,00;109.9;33,20;-0,54;;10
13/08/26;ACS;PUT;Dic-26;125,00;109.9;32,45;-0,71;;5
13/08/26;ACS;PUT;Mar-27;68,00;109.9;41,49;-0,05;;1
13/08/26;ACS;PUT;Mar-27;88,00;109.9;37,43;-0,17;;2
13/08/26;ACS;PUT;Mar-27;90,00;109.9;37,02;-0,19;;7
13/08/26;ACS;PUT;Mar-27;92,00;109.9;36,62;-0,21;;2
13/08/26;ACS;PUT;Mar-27;96,00;109.9;35,80;-0,26;;1
13/08/26;ACS;PUT;Mar-27;98,00;109.9;35,40;-0,28;;115
13/08/26;ACS;PUT;Mar-27;100,00;109.9;34,99;-0,30;;110
13/08/26;ACS;PUT;Mar-27;105,00;109.9;33,98;-0,37;;6
13/08/26;ACS;PUT;Mar-27;110,00;109.9;32,98;-0,44;;10
13/08/26;ACS;PUT;Mar-27;120,00;109.9;32,83;-0,58;;1
13/08/26;ACS;PUT;Jun-27;22,00;109.9;51,21;;;360
13/08/26;ACS;PUT;Jun-27;24,00;109.9;50,77;;;85
13/08/26;ACS;PUT;Jun-27;28,00;109.9;49,90;;;2
13/08/26;ACS;PUT;Jun-27;33,00;109.9;48,80;;;2
13/08/26;ACS;PUT;Jun-27;70,00;109.9;40,72;-0,08;;1
13/08/26;ACS;PUT;Sep-27;78,00;109.9;37,90;-0,14;;25
13/08/26;ACS;PUT;Sep-27;92,00;109.9;35,01;-0,25;;25
13/08/26;ACS;PUT;Dic-27;50,00;109.9;42,29;-0,03;;25
13/08/26;ACS;PUT;Dic-27;78,00;109.9;37,03;-0,15;;25
13/08/26;ACS;PUT;Dic-27;82,00;109.9;36,28;-0,18;;10
13/08/26;ACS;PUT;Dic-27;84,00;109.9;35,90;-0,19;;5
13/08/26;ACS;PUT;Dic-27;98,00;109.9;33,27;-0,31;;25
13/08/26;ACS;PUT;Dic-27;100,00;109.9;32,89;-0,33;;25
13/08/26;ACS;CALL;Dic-26;50,00;109.9;48,92;0,99;;1
13/08/26;ACS;PUT;Ago-26;110,00;109.9;34,52;-0,49;;2
13/08/26;ACS;PUT;Ago-26;115,00;109.9;32,56;-0,82;;50
13/08/26;ACS;PUT;Sep-26;140,00;109.9;31,27;-0,99;;5
13/08/26;AENA;CALL;Ago-26;26,00;26.84;26,88;0,80;;2
13/08/26;AENA;CALL;Ago-26;27,00;26.84;25,58;0,45;;3
13/08/26;AENA;CALL;Ago-26;28,00;26.84;24,54;0,13;;30
13/08/26;AENA;CALL;Ago-26;29,00;26.84;23,50;0,01;;10
13/08/26;AENA;CALL;Sep-26;24,00;26.84;26,93;0,92;;2
13/08/26;AENA;CALL;Sep-26;25,00;26.84;25,82;0,83;;25
13/08/26;AENA;CALL;Sep-26;26,00;26.84;24,70;0,68;;2
13/08/26;AENA;CALL;Sep-26;27,00;26.84;23,64;0,50;;871
13/08/26;AENA;CALL;Sep-26;28,00;26.84;22,87;0,30;;1
13/08/26;AENA;CALL;Oct-26;25,00;26.84;25,42;0,77;;5
13/08/26;AENA;CALL;Dic-26;26,00;26.84;23,79;0,64;;3
13/08/26;AENA;CALL;Dic-26;27,00;26.84;22,96;0,53;;76
13/08/26;AENA;CALL;Dic-26;29,00;26.84;22,06;0,32;;6
13/08/26;AENA;CALL;Mar-27;21,00;26.84;28,46;0,90;;6
13/08/26;AENA;CALL;Mar-27;26,00;26.84;24,24;0,63;;3
13/08/26;AENA;CALL;Mar-27;27,00;26.84;23,47;0,56;;30
13/08/26;AENA;CALL;Jun-27;25,00;26.84;24,67;0,70;;2
13/08/26;AENA;CALL;Jun-27;29,00;26.84;22,51;0,41;;150
13/08/26;AENA;CALL;Jun-27;34,00;26.84;20,83;0,12;;100
13/08/26;AENA;CALL;Dic-27;23,00;26.84;25,94;0,78;;16
13/08/26;AENA;CALL;Dic-27;25,00;26.84;24,70;0,67;;25
13/08/26;AENA;CALL;Dic-27;28,00;26.84;23,26;0,49;;25
13/08/26;AENA;PUT;Ago-26;25,00;26.84;26,73;-0,03;;4
13/08/26;AENA;PUT;Ago-26;26,00;26.84;25,39;-0,19;;20
13/08/26;AENA;PUT;Sep-26;18,50;26.84;33,03;;;2
13/08/26;AENA;PUT;Sep-26;19,00;26.84;32,47;;;32
13/08/26;AENA;PUT;Sep-26;19,50;26.84;31,91;;;4
13/08/26;AENA;PUT;Sep-26;20,00;26.84;31,36;;;14
13/08/26;AENA;PUT;Sep-26;21,00;26.84;30,24;;;97
13/08/26;AENA;PUT;Sep-26;22,00;26.84;29,12;-0,01;;60
13/08/26;AENA;PUT;Sep-26;23,00;26.84;28,00;-0,03;;40
13/08/26;AENA;PUT;Sep-26;24,00;26.84;26,88;-0,08;10;11
13/08/26;AENA;PUT;Sep-26;25,00;26.84;25,77;-0,17;;4
13/08/26;AENA;PUT;Sep-26;26,00;26.84;24,65;-0,32;;3
13/08/26;AENA;PUT;Sep-26;27,00;26.84;23,59;-0,51;;28
13/08/26;AENA;PUT;Dic-26;18,00;26.84;31,38;-0,01;;2
13/08/26;AENA;PUT;Dic-26;19,00;26.84;30,48;-0,02;;3
13/08/26;AENA;PUT;Dic-26;19,50;26.84;30,02;-0,03;;12
13/08/26;AENA;PUT;Dic-26;20,00;26.84;29,57;-0,03;;4
13/08/26;AENA;PUT;Dic-26;21,00;26.84;28,66;-0,06;;5
13/08/26;AENA;PUT;Dic-26;22,00;26.84;27,76;-0,09;;207
13/08/26;AENA;PUT;Dic-26;23,00;26.84;26,85;-0,14;;2
13/08/26;AENA;PUT;Dic-26;24,00;26.84;25,94;-0,20;;2
13/08/26;AENA;PUT;Dic-26;25,00;26.84;25,04;-0,27;;8
13/08/26;AENA;PUT;Mar-27;18,00;26.84;29,86;-0,03;;2
13/08/26;AENA;PUT;Mar-27;20,00;26.84;28,17;-0,06;;501
13/08/26;AENA;PUT;Mar-27;20,50;26.84;27,74;-0,08;;1
13/08/26;AENA;PUT;Mar-27;21,00;26.84;27,32;-0,09;;9
13/08/26;AENA;PUT;Mar-27;22,00;26.84;26,48;-0,13;;4
13/08/26;AENA;PUT;Mar-27;24,00;26.84;24,79;-0,23;1;1
13/08/26;AENA;PUT;Mar-27;26,00;26.84;23,10;-0,37;;6
13/08/26;AENA;PUT;Mar-27;32,00;26.84;20,53;-0,88;;1
13/08/26;AENA;PUT;Jun-27;18,00;26.84;27,23;-0,05;;1
13/08/26;AENA;PUT;Jun-27;19,00;26.84;26,44;-0,08;;1
13/08/26;AENA;PUT;Jun-27;23,00;26.84;23,31;-0,24;;6
13/08/26;AENA;PUT;Jun-27;24,00;26.84;22,53;-0,30;;1
13/08/26;AENA;PUT;Jun-27;25,00;26.84;21,75;-0,37;;25
13/08/26;AENA;PUT;Jun-27;26,00;26.84;20,97;-0,45;;26
13/08/26;AENA;PUT;Jun-27;27,00;26.84;20,26;-0,53;;25
13/08/26;AENA;PUT;Sep-27;18,00;26.84;26,16;-0,06;;1
13/08/26;AENA;PUT;Sep-27;23,00;26.84;22,74;-0,25;;1
13/08/26;ALMIRALL;CALL;Sep-26;11,50;10.6;26,36;0,18;;3
13/08/26;ALMIRALL;CALL;Sep-26;14,00;10.6;22,27;;;10
13/08/26;ALMIRALL;CALL;Dic-26;12,00;10.6;26,70;0,26;;4
13/08/26;ALMIRALL;PUT;Ago-26;9,50;10.6;33,45;-0,01;;2.000
13/08/26;ALMIRALL;PUT;Ago-26;10,50;10.6;33,07;-0,41;;2.000
13/08/26;ALMIRALL;PUT;Ago-26;11,00;10.6;31,65;-0,78;;50
13/08/26;ALMIRALL;PUT;Sep-26;12,00;10.6;26,76;-0,93;;1
13/08/26;AMADEUS;CALL;Ago-26;50,00;56.56;33,26;0,99;;28
13/08/26;AMADEUS;CALL;Ago-26;52,00;56.56;31,07;0,97;;53
13/08/26;AMADEUS;CALL;Ago-26;54,00;56.56;28,88;0,87;;53
13/08/26;AMADEUS;CALL;Ago-26;56,00;56.56;26,68;0,61;;28
13/08/26;AMADEUS;CALL;Ago-26;58,00;56.56;25,99;0,27;;11
13/08/26;AMADEUS;CALL;Ago-26;60,00;56.56;25,87;0,07;;1.996
13/08/26;AMADEUS;CALL;Ago-26;62,00;56.56;25,75;0,01;;5
13/08/26;AMADEUS;CALL;Sep-26;38,00;56.56;37,71;1,00;;1
13/08/26;AMADEUS;CALL;Sep-26;49,00;56.56;31,09;0,94;;25
13/08/26;AMADEUS;CALL;Sep-26;50,00;56.56;30,49;0,91;;150
13/08/26;AMADEUS;CALL;Sep-26;52,00;56.56;29,29;0,84;;873
13/08/26;AMADEUS;CALL;Sep-26;54,00;56.56;28,09;0,72;;3
13/08/26;AMADEUS;CALL;Sep-26;56,00;56.56;26,89;0,57;;458
13/08/26;AMADEUS;CALL;Sep-26;58,00;56.56;26,31;0,41;;30
13/08/26;AMADEUS;CALL;Sep-26;60,00;56.56;25,98;0,26;;7
13/08/26;AMADEUS;CALL;Sep-26;62,00;56.56;25,65;0,14;;1.001
13/08/26;AMADEUS;CALL;Sep-26;64,00;56.56;25,32;0,07;;1
13/08/26;AMADEUS;CALL;Sep-26;66,00;56.56;24,99;0,03;;5
13/08/26;AMADEUS;CALL;Sep-26;70,00;56.56;24,33;;;31
13/08/26;AMADEUS;CALL;Sep-26;72,00;56.56;24,00;;;25
13/08/26;AMADEUS;CALL;Sep-26;74,00;56.56;23,67;;;25
13/08/26;AMADEUS;CALL;Sep-26;84,00;56.56;22,02;;;24
13/08/26;AMADEUS;CALL;Oct-26;48,00;56.56;31,46;0,91;;1
13/08/26;AMADEUS;CALL;Oct-26;60,00;56.56;26,24;0,33;;1
13/08/26;AMADEUS;CALL;Oct-26;62,00;56.56;25,88;0,22;;991
13/08/26;AMADEUS;CALL;Oct-26;66,00;56.56;25,15;0,08;;1
13/08/26;AMADEUS;CALL;Dic-26;38,00;56.56;34,97;0,98;;4
13/08/26;AMADEUS;CALL;Dic-26;39,00;56.56;34,52;0,98;;25
13/08/26;AMADEUS;CALL;Dic-26;40,00;56.56;34,06;0,97;;11
13/08/26;AMADEUS;CALL;Dic-26;45,00;56.56;31,80;0,91;;11
13/08/26;AMADEUS;CALL;Dic-26;49,00;56.56;29,98;0,83;;1
13/08/26;AMADEUS;CALL;Dic-26;50,00;56.56;29,53;0,80;;13
13/08/26;AMADEUS;CALL;Dic-26;52,00;56.56;28,62;0,74;;500
13/08/26;AMADEUS;CALL;Dic-26;54,00;56.56;27,71;0,66;;13
13/08/26;AMADEUS;CALL;Dic-26;56,00;56.56;26,80;0,58;;26
13/08/26;AMADEUS;CALL;Dic-26;58,00;56.56;26,41;0,49;;25
13/08/26;AMADEUS;CALL;Dic-26;60,00;56.56;26,21;0,40;;501
13/08/26;AMADEUS;CALL;Dic-26;62,00;56.56;26,00;0,32;;25
13/08/26;AMADEUS;CALL;Dic-26;64,00;56.56;25,80;0,25;;27
13/08/26;AMADEUS;CALL;Dic-26;66,00;56.56;25,60;0,19;;72
13/08/26;AMADEUS;CALL;Dic-26;68,00;56.56;25,40;0,14;;25
13/08/26;AMADEUS;CALL;Dic-26;70,00;56.56;25,20;0,10;;1
13/08/26;AMADEUS;CALL;Dic-26;72,00;56.56;25,00;0,07;;28
13/08/26;AMADEUS;CALL;Dic-26;74,00;56.56;24,80;0,04;;6
13/08/26;AMADEUS;CALL;Dic-26;90,00;56.56;23,20;;;3
13/08/26;AMADEUS;CALL;Mar-27;40,00;56.56;34,01;0,94;;1
13/08/26;AMADEUS;CALL;Mar-27;45,00;56.56;31,89;0,87;;1
13/08/26;AMADEUS;CALL;Mar-27;50,00;56.56;29,76;0,76;;2
13/08/26;AMADEUS;CALL;Mar-27;52,00;56.56;28,91;0,70;;25
13/08/26;AMADEUS;CALL;Mar-27;54,00;56.56;28,07;0,64;;500
13/08/26;AMADEUS;CALL;Mar-27;56,00;56.56;27,22;0,58;;63
13/08/26;AMADEUS;CALL;Mar-27;58,00;56.56;26,84;0,51;;35
13/08/26;AMADEUS;CALL;Mar-27;60,00;56.56;26,66;0,44;;1
13/08/26;AMADEUS;CALL;Mar-27;62,00;56.56;26,47;0,38;;150
13/08/26;AMADEUS;CALL;Mar-27;66,00;56.56;26,09;0,26;;3
13/08/26;AMADEUS;CALL;Jun-27;40,00;56.56;33,99;0,91;;1
13/08/26;AMADEUS;CALL;Jun-27;50,00;56.56;29,98;0,73;;1
13/08/26;AMADEUS;CALL;Jun-27;52,00;56.56;29,18;0,69;;25
13/08/26;AMADEUS;CALL;Jun-27;58,00;56.56;27,16;0,53;;25
13/08/26;AMADEUS;CALL;Jun-27;60,00;56.56;26,90;0,47;;1
13/08/26;AMADEUS;CALL;Jun-27;62,00;56.56;26,64;0,42;;50
13/08/26;AMADEUS;CALL;Jun-27;64,00;56.56;26,39;0,37;;26
13/08/26;AMADEUS;CALL;Jun-27;66,00;56.56;26,13;0,32;;25
13/08/26;AMADEUS;CALL;Jun-27;68,00;56.56;25,87;0,27;;25
13/08/26;AMADEUS;CALL;Jun-27;72,00;56.56;25,35;0,19;;1
13/08/26;AMADEUS;CALL;Sep-27;49,00;56.56;31,13;0,74;;5
13/08/26;AMADEUS;CALL;Sep-27;66,00;56.56;26,98;0,35;;26
13/08/26;AMADEUS;CALL;Dic-27;56,00;56.56;29,11;0,59;;17
13/08/26;AMADEUS;CALL;Dic-27;60,00;56.56;28,45;0,50;;1
13/08/26;AMADEUS;CALL;Dic-27;72,00;56.56;26,83;0,27;;6
13/08/26;AMADEUS;PUT;Ago-26;39,00;56.56;46,40;;;3
13/08/26;AMADEUS;PUT;Ago-26;41,00;56.56;44,21;;;2
13/08/26;AMADEUS;PUT;Ago-26;42,00;56.56;43,11;;;2
13/08/26;AMADEUS;PUT;Ago-26;43,00;56.56;42,01;;;14
13/08/26;AMADEUS;PUT;Ago-26;44,00;56.56;40,92;;;30
13/08/26;AMADEUS;PUT;Ago-26;45,00;56.56;39,82;;;17
13/08/26;AMADEUS;PUT;Ago-26;46,00;56.56;38,73;;;10
13/08/26;AMADEUS;PUT;Ago-26;47,00;56.56;37,63;;;7
13/08/26;AMADEUS;PUT;Ago-26;48,00;56.56;36,53;;;69
13/08/26;AMADEUS;PUT;Ago-26;49,00;56.56;35,44;;;11
13/08/26;AMADEUS;PUT;Ago-26;50,00;56.56;34,34;-0,01;;285
13/08/26;AMADEUS;PUT;Ago-26;52,00;56.56;32,15;-0,04;;10
13/08/26;AMADEUS;PUT;Ago-26;54,00;56.56;29,96;-0,14;;1
13/08/26;AMADEUS;PUT;Ago-26;56,00;56.56;27,76;-0,39;;1
13/08/26;AMADEUS;PUT;Ago-26;74,00;56.56;26,12;-1,00;;2
13/08/26;AMADEUS;PUT;Sep-26;38,00;56.56;37,93;;;8
13/08/26;AMADEUS;PUT;Sep-26;39,00;56.56;37,33;;;6
13/08/26;AMADEUS;PUT;Sep-26;40,00;56.56;36,72;;;1
13/08/26;AMADEUS;PUT;Sep-26;41,00;56.56;36,12;;;25
13/08/26;AMADEUS;PUT;Sep-26;42,00;56.56;35,52;;;717
13/08/26;AMADEUS;PUT;Sep-26;43,00;56.56;34,92;;;15
13/08/26;AMADEUS;PUT;Sep-26;44,00;56.56;34,32;-0,01;;230
13/08/26;AMADEUS;PUT;Sep-26;45,00;56.56;33,72;-0,01;;109
13/08/26;AMADEUS;PUT;Sep-26;46,00;56.56;33,12;-0,02;2;3.537
13/08/26;AMADEUS;PUT;Sep-26;47,00;56.56;32,52;-0,03;;200
13/08/26;AMADEUS;PUT;Sep-26;48,00;56.56;31,92;-0,04;;94
13/08/26;AMADEUS;PUT;Sep-26;49,00;56.56;31,31;-0,06;;56
13/08/26;AMADEUS;PUT;Sep-26;50,00;56.56;30,71;-0,09;;30
13/08/26;AMADEUS;PUT;Sep-26;52,00;56.56;29,51;-0,17;;11
13/08/26;AMADEUS;PUT;Sep-26;54,00;56.56;28,31;-0,28;;25
13/08/26;AMADEUS;PUT;Sep-26;56,00;56.56;27,11;-0,43;;1
13/08/26;AMADEUS;PUT;Sep-26;58,00;56.56;26,53;-0,60;;25
13/08/26;AMADEUS;PUT;Sep-26;60,00;56.56;26,20;-0,75;;28
13/08/26;AMADEUS;PUT;Sep-26;66,00;56.56;25,21;-0,99;;25
13/08/26;AMADEUS;PUT;Sep-26;68,00;56.56;24,88;-1,00;;50
13/08/26;AMADEUS;PUT;Sep-26;70,00;56.56;24,55;-1,00;;50
13/08/26;AMADEUS;PUT;Oct-26;36,00;56.56;37,72;;;18
13/08/26;AMADEUS;PUT;Oct-26;39,00;56.56;36,11;-0,01;;2
13/08/26;AMADEUS;PUT;Oct-26;40,00;56.56;35,57;-0,01;;526
13/08/26;AMADEUS;PUT;Oct-26;45,00;56.56;32,89;-0,04;;1
13/08/26;AMADEUS;PUT;Oct-26;48,00;56.56;31,28;-0,09;1;2
13/08/26;AMADEUS;PUT;Oct-26;50,00;56.56;30,21;-0,14;;1
13/08/26;AMADEUS;PUT;Oct-26;52,00;56.56;29,14;-0,22;;1
13/08/26;AMADEUS;PUT;Oct-26;58,00;56.56;26,43;-0,56;;10
13/08/26;AMADEUS;PUT;Dic-26;38,00;56.56;35,01;-0,02;;54
13/08/26;AMADEUS;PUT;Dic-26;39,00;56.56;34,56;-0,02;;174
13/08/26;AMADEUS;PUT;Dic-26;40,00;56.56;34,10;-0,03;;104
13/08/26;AMADEUS;PUT;Dic-26;42,00;56.56;33,20;-0,05;;2
13/08/26;AMADEUS;PUT;Dic-26;43,00;56.56;32,74;-0,06;;64
13/08/26;AMADEUS;PUT;Dic-26;44,00;56.56;32,29;-0,07;;15
13/08/26;AMADEUS;PUT;Dic-26;45,00;56.56;31,84;-0,09;;80
13/08/26;AMADEUS;PUT;Dic-26;46,00;56.56;31,38;-0,11;;38
13/08/26;AMADEUS;PUT;Dic-26;47,00;56.56;30,93;-0,13;;100
13/08/26;AMADEUS;PUT;Dic-26;48,00;56.56;30,47;-0,15;;2.022
13/08/26;AMADEUS;PUT;Dic-26;49,00;56.56;30,02;-0,17;;15
13/08/26;AMADEUS;PUT;Dic-26;50,00;56.56;29,57;-0,20;;878
13/08/26;AMADEUS;PUT;Dic-26;52,00;56.56;28,66;-0,27;;536
13/08/26;AMADEUS;PUT;Dic-26;54,00;56.56;27,75;-0,34;;91
13/08/26;AMADEUS;PUT;Dic-26;56,00;56.56;26,84;-0,43;;8
13/08/26;AMADEUS;PUT;Dic-26;58,00;56.56;26,45;-0,52;;1
13/08/26;AMADEUS;PUT;Dic-26;60,00;56.56;26,25;-0,61;;26
13/08/26;AMADEUS;PUT;Dic-26;62,00;56.56;26,04;-0,69;;3
13/08/26;AMADEUS;PUT;Dic-26;64,00;56.56;25,84;-0,77;;1
13/08/26;AMADEUS;PUT;Dic-26;68,00;56.56;25,44;-0,89;;25
13/08/26;AMADEUS;PUT;Dic-26;70,00;56.56;25,24;-0,94;;25
13/08/26;AMADEUS;PUT;Mar-27;38,00;56.56;33,84;-0,05;;116
13/08/26;AMADEUS;PUT;Mar-27;39,00;56.56;33,41;-0,06;;55
13/08/26;AMADEUS;PUT;Mar-27;40,00;56.56;32,99;-0,07;;3
13/08/26;AMADEUS;PUT;Mar-27;41,00;56.56;32,56;-0,08;;54
13/08/26;AMADEUS;PUT;Mar-27;42,00;56.56;32,14;-0,09;;2
13/08/26;AMADEUS;PUT;Mar-27;45,00;56.56;30,87;-0,14;;5
13/08/26;AMADEUS;PUT;Mar-27;46,00;56.56;30,44;-0,16;;10
13/08/26;AMADEUS;PUT;Mar-27;47,00;56.56;30,02;-0,18;;13
13/08/26;AMADEUS;PUT;Mar-27;48,00;56.56;29,59;-0,20;;515
13/08/26;AMADEUS;PUT;Mar-27;49,00;56.56;29,17;-0,22;;15
13/08/26;AMADEUS;PUT;Mar-27;50,00;56.56;28,74;-0,25;;1
13/08/26;AMADEUS;PUT;Mar-27;52,00;56.56;27,89;-0,31;;3
13/08/26;AMADEUS;PUT;Mar-27;54,00;56.56;27,05;-0,37;;1
13/08/26;AMADEUS;PUT;Mar-27;62,00;56.56;25,45;-0,64;;1
13/08/26;AMADEUS;PUT;Jun-27;38,00;56.56;33,56;-0,07;;65
13/08/26;AMADEUS;PUT;Jun-27;39,00;56.56;33,16;-0,08;;10
13/08/26;AMADEUS;PUT;Jun-27;42,00;56.56;31,95;-0,12;;25
13/08/26;AMADEUS;PUT;Jun-27;43,00;56.56;31,55;-0,13;;25
13/08/26;AMADEUS;PUT;Jun-27;44,00;56.56;31,15;-0,15;;3
13/08/26;AMADEUS;PUT;Jun-27;45,00;56.56;30,75;-0,16;;1
13/08/26;AMADEUS;PUT;Jun-27;46,00;56.56;30,35;-0,18;;25
13/08/26;AMADEUS;PUT;Jun-27;47,00;56.56;29,95;-0,20;;25
13/08/26;AMADEUS;PUT;Jun-27;48,00;56.56;29,55;-0,22;;53
13/08/26;AMADEUS;PUT;Jun-27;49,00;56.56;29,15;-0,24;;3
13/08/26;AMADEUS;PUT;Jun-27;50,00;56.56;28,75;-0,27;;24
13/08/26;AMADEUS;PUT;Jun-27;52,00;56.56;27,95;-0,32;;7
13/08/26;AMADEUS;PUT;Jun-27;60,00;56.56;25,67;-0,55;;11
13/08/26;AMADEUS;PUT;Sep-27;52,00;56.56;27,77;-0,34;;1
13/08/26;AMADEUS;PUT;Sep-27;54,00;56.56;27,04;-0,39;;1
13/08/26;AMADEUS;PUT;Dic-27;46,00;56.56;29,65;-0,22;;50
13/08/26;AMADEUS;PUT;Dic-27;47,00;56.56;29,31;-0,24;;25
13/08/26;AMADEUS;PUT;Dic-27;48,00;56.56;28,98;-0,26;;51
13/08/26;AMADEUS;PUT;Dic-27;50,00;56.56;28,30;-0,30;;7
13/08/26;AMADEUS;PUT;Dic-27;52,00;56.56;27,63;-0,34;;3
13/08/26;AMADEUS;PUT;Mar-28;49,00;56.56;28,05;-0,28;;1
13/08/26;AMADEUS;PUT;Jun-28;46,00;56.56;28,50;-0,23;;2
13/08/26;AMADEUS;PUT;Jun-28;48,00;56.56;27,96;-0,27;;6
13/08/26;AMADEUS;PUT;Jun-28;56,00;56.56;25,79;-0,42;;1
13/08/26;AMADEUS;PUT;Jun-28;60,00;56.56;25,30;-0,51;;3
13/08/26;AMADEUS;PUT;Jun-28;62,00;56.56;25,09;-0,55;;3
13/08/26;AMADEUS;PUT;Jun-28;70,00;56.56;24,29;-0,70;;3
13/08/26;AMADEUS;PUT;Sep-28;46,00;56.56;28,06;-0,25;;2
13/08/26;AMADEUS;PUT;Dic-26;44,00;56.56;32,29;-0,07;;1
13/08/26;AMADEUS;PUT;Dic-26;46,00;56.56;31,38;-0,11;;1
13/08/26;AMADEUS;PUT;Sep-27;60,00;56.56;25,59;-0,52;;1
13/08/26;ARCELORMITTAL;CALL;Ago-26;60,00;63.68;45,03;0,82;;58
13/08/26;ARCELORMITTAL;CALL;Ago-26;62,00;63.68;44,40;0,67;;65
13/08/26;ARCELORMITTAL;CALL;Ago-26;64,00;63.68;43,59;0,49;;25
13/08/26;ARCELORMITTAL;CALL;Ago-26;66,00;63.68;41,84;0,29;;103
13/08/26;ARCELORMITTAL;CALL;Ago-26;68,00;63.68;40,09;0,14;;3
13/08/26;ARCELORMITTAL;CALL;Ago-26;70,00;63.68;38,35;0,05;;50
13/08/26;ARCELORMITTAL;CALL;Ago-26;72,00;63.68;36,60;0,01;;20
13/08/26;ARCELORMITTAL;CALL;Sep-26;40,00;63.68;49,62;1,00;;25
13/08/26;ARCELORMITTAL;CALL;Sep-26;58,00;63.68;44,72;0,77;;22
13/08/26;ARCELORMITTAL;CALL;Sep-26;62,00;63.68;43,63;0,61;;2
13/08/26;ARCELORMITTAL;CALL;Sep-26;64,00;63.68;43,04;0,52;;3
13/08/26;ARCELORMITTAL;CALL;Sep-26;68,00;63.68;41,43;0,34;;5
13/08/26;ARCELORMITTAL;CALL;Sep-26;70,00;63.68;40,62;0,26;;118
13/08/26;ARCELORMITTAL;CALL;Sep-26;74,00;63.68;39,01;0,13;;25
13/08/26;ARCELORMITTAL;CALL;Sep-26;76,00;63.68;38,20;0,08;;25
13/08/26;ARCELORMITTAL;CALL;Sep-26;78,00;63.68;37,40;0,05;;100
13/08/26;ARCELORMITTAL;CALL;Sep-26;80,00;63.68;36,59;0,03;;50
13/08/26;ARCELORMITTAL;CALL;Sep-26;84,00;63.68;34,98;0,01;;100
13/08/26;ARCELORMITTAL;CALL;Oct-26;70,00;63.68;43,22;0,34;;25
13/08/26;ARCELORMITTAL;CALL;Dic-26;26,00;63.68;53,33;1,00;;4
13/08/26;ARCELORMITTAL;CALL;Dic-26;35,00;63.68;51,21;0,99;;3
13/08/26;ARCELORMITTAL;CALL;Dic-26;40,00;63.68;50,03;0,96;;2
13/08/26;ARCELORMITTAL;CALL;Dic-26;45,00;63.68;48,85;0,91;;10
13/08/26;ARCELORMITTAL;CALL;Dic-26;50,00;63.68;47,67;0,85;;149
13/08/26;ARCELORMITTAL;CALL;Dic-26;56,00;63.68;46,26;0,74;;1
13/08/26;ARCELORMITTAL;CALL;Dic-26;60,00;63.68;45,32;0,65;;10
13/08/26;ARCELORMITTAL;CALL;Dic-26;70,00;63.68;42,80;0,41;;25
13/08/26;ARCELORMITTAL;CALL;Dic-26;74,00;63.68;41,75;0,32;;2
13/08/26;ARCELORMITTAL;CALL;Dic-26;88,00;63.68;38,08;0,10;;25
13/08/26;ARCELORMITTAL;CALL;Jun-27;21,00;63.68;52,77;1,00;;3
13/08/26;ARCELORMITTAL;CALL;Dic-29;30,00;63.68;37,59;0,94;;1
13/08/26;ARCELORMITTAL;PUT;Ago-26;45,00;63.68;46,92;;;1
13/08/26;ARCELORMITTAL;PUT;Ago-26;47,00;63.68;46,29;;;65
13/08/26;ARCELORMITTAL;PUT;Ago-26;48,00;63.68;45,97;;;28
13/08/26;ARCELORMITTAL;PUT;Ago-26;49,00;63.68;45,66;;;6
13/08/26;ARCELORMITTAL;PUT;Ago-26;50,00;63.68;45,35;;;50
13/08/26;ARCELORMITTAL;PUT;Ago-26;52,00;63.68;44,72;;;2
13/08/26;ARCELORMITTAL;PUT;Ago-26;54,00;63.68;44,09;;;2
13/08/26;ARCELORMITTAL;PUT;Ago-26;56,00;63.68;43,46;-0,02;;10
13/08/26;ARCELORMITTAL;PUT;Ago-26;58,00;63.68;42,83;-0,07;;39
13/08/26;ARCELORMITTAL;PUT;Ago-26;60,00;63.68;42,21;-0,16;;9
13/08/26;ARCELORMITTAL;PUT;Ago-26;62,00;63.68;41,58;-0,32;;1
13/08/26;ARCELORMITTAL;PUT;Ago-26;64,00;63.68;40,77;-0,52;;14
13/08/26;ARCELORMITTAL;PUT;Ago-26;66,00;63.68;39,02;-0,72;;5
13/08/26;ARCELORMITTAL;PUT;Ago-26;68,00;63.68;37,27;-0,88;;25
13/08/26;ARCELORMITTAL;PUT;Sep-26;24,00;63.68;52,02;;;1
13/08/26;ARCELORMITTAL;PUT;Sep-26;38,00;63.68;48,21;;;5
13/08/26;ARCELORMITTAL;PUT;Sep-26;40,00;63.68;47,67;;;2
13/08/26;ARCELORMITTAL;PUT;Sep-26;44,00;63.68;46,58;;;25
13/08/26;ARCELORMITTAL;PUT;Sep-26;45,00;63.68;46,30;-0,01;;50
13/08/26;ARCELORMITTAL;PUT;Sep-26;46,00;63.68;46,03;-0,01;;25
13/08/26;ARCELORMITTAL;PUT;Oct-26;50,00;63.68;45,20;-0,08;;25
13/08/26;ARCELORMITTAL;PUT;Dic-26;34,00;63.68;50,37;-0,01;;5
13/08/26;ARCELORMITTAL;PUT;Dic-26;35,00;63.68;50,14;-0,01;;5
13/08/26;ARCELORMITTAL;PUT;Dic-26;37,00;63.68;49,66;-0,02;;5
13/08/26;ARCELORMITTAL;PUT;Dic-26;38,00;63.68;49,43;-0,03;;5
13/08/26;ARCELORMITTAL;PUT;Dic-26;39,00;63.68;49,19;-0,03;;1
13/08/26;ARCELORMITTAL;PUT;Dic-26;40,00;63.68;48,96;-0,04;;3
13/08/26;ARCELORMITTAL;PUT;Dic-26;45,00;63.68;47,78;-0,08;;7
13/08/26;ARCELORMITTAL;PUT;Dic-26;46,00;63.68;47,54;-0,09;;1
13/08/26;ARCELORMITTAL;PUT;Dic-26;49,00;63.68;46,84;-0,13;;50
13/08/26;ARCELORMITTAL;PUT;Dic-26;50,00;63.68;46,60;-0,15;;25
13/08/26;ARCELORMITTAL;PUT;Dic-26;54,00;63.68;45,66;-0,22;;4
13/08/26;ARCELORMITTAL;PUT;Dic-26;62,00;63.68;43,78;-0,40;;20
13/08/26;ARCELORMITTAL;PUT;Mar-27;36,00;63.68;48,34;-0,04;;5
13/08/26;ARCELORMITTAL;PUT;Dic-27;24,00;63.68;44,71;-0,01;;1
13/08/26;ARCELORMITTAL;PUT;Dic-30;44,00;63.68;34,58;-0,17;;1
13/08/26;ATRESMEDIA;CALL;Ago-26;5,00;5.18;24,76;0,84;;2
13/08/26;ATRESMEDIA;CALL;Ago-26;5,25;5.18;23,73;0,36;;1
13/08/26;ATRESMEDIA;CALL;Sep-26;5,00;5.18;24,71;0,70;;1
13/08/26;ATRESMEDIA;CALL;Sep-26;5,50;5.18;22,15;0,21;;1
13/08/26;ATRESMEDIA;CALL;Oct-26;5,25;5.18;23,91;0,48;;24
13/08/26;ATRESMEDIA;CALL;Dic-26;5,25;5.18;23,95;0,51;;11
13/08/26;ATRESMEDIA;CALL;Dic-26;5,50;5.18;22,52;0,37;;16
13/08/26;ATRESMEDIA;CALL;Dic-26;5,75;5.18;21,09;0,22;;10
13/08/26;ATRESMEDIA;CALL;Dic-26;6,00;5.18;19,65;0,11;;2
13/08/26;ATRESMEDIA;CALL;Mar-27;3,40;5.18;29,57;0,99;;2
13/08/26;ATRESMEDIA;CALL;Mar-27;5,00;5.18;24,73;0,63;;32
13/08/26;ATRESMEDIA;PUT;Ago-26;4,80;5.18;14,26;;;4
13/08/26;ATRESMEDIA;PUT;Sep-26;4,60;5.18;19,35;-0,02;;3
13/08/26;ATRESMEDIA;PUT;Sep-26;4,80;5.18;18,56;-0,09;;4
13/08/26;ATRESMEDIA;PUT;Sep-26;4,90;5.18;18,17;-0,15;;1
13/08/26;ATRESMEDIA;PUT;Dic-26;4,50;5.18;21,68;-0,17;;18
13/08/26;ATRESMEDIA;PUT;Dic-26;5,50;5.18;16,96;-0,79;;25
13/08/26;ATRESMEDIA;PUT;Dic-26;6,00;5.18;14,09;-0,98;;20
13/08/26;ATRESMEDIA;PUT;Mar-27;4,50;5.18;22,32;-0,22;;5
13/08/26;ATRESMEDIA;PUT;Jun-27;4,00;5.18;25,47;-0,17;;5
13/08/26;ATRESMEDIA;PUT;Jun-27;4,50;5.18;24,40;-0,33;;2
13/08/26;ATRESMEDIA;PUT;Jun-27;4,60;5.18;24,19;-0,36;;2
13/08/26;B.SABADELL;CALL;Ago-26;2,99;3.59;34,37;1,00;30;25
13/08/26;B.SABADELL;CALL;Ago-26;3,25;3.59;33,60;0,98;;58
13/08/26;B.SABADELL;CALL;Ago-26;3,33;3.59;33,36;0,94;;3
13/08/26;B.SABADELL;CALL;Ago-26;3,42;3.59;33,10;0,85;;1
13/08/26;B.SABADELL;CALL;Sep-26;2,14;3.59;34,28;1,00;;117
13/08/26;B.SABADELL;CALL;Sep-26;2,56;3.59;33,27;1,00;;20
13/08/26;B.SABADELL;CALL;Sep-26;2,74;3.59;32,83;1,00;1;1
13/08/26;B.SABADELL;CALL;Sep-26;2,91;3.59;32,42;1,00;;52
13/08/26;B.SABADELL;CALL;Sep-26;2,99;3.59;32,23;1,00;;59
13/08/26;B.SABADELL;CALL;Sep-26;3,16;3.59;31,82;0,96;;2
13/08/26;B.SABADELL;CALL;Sep-26;3,25;3.59;31,60;0,91;;300
13/08/26;B.SABADELL;CALL;Sep-26;3,33;3.59;31,41;0,84;;8
13/08/26;B.SABADELL;CALL;Sep-26;3,42;3.59;31,19;0,74;;8
13/08/26;B.SABADELL;CALL;Sep-26;3,50;3.59;31,00;0,62;;42
13/08/26;B.SABADELL;CALL;Oct-26;3,59;3.59;30,89;0,48;1;1
13/08/26;B.SABADELL;CALL;Dic-26;2,48;3.59;30,58;1,00;;50
13/08/26;B.SABADELL;CALL;Dic-26;2,74;3.59;30,00;1,00;;28
13/08/26;B.SABADELL;CALL;Dic-26;2,82;3.59;29,83;0,99;;3
13/08/26;B.SABADELL;CALL;Dic-26;2,91;3.59;29,63;0,96;;4
13/08/26;B.SABADELL;CALL;Dic-26;2,99;3.59;29,45;0,91;;7
13/08/26;B.SABADELL;CALL;Dic-26;3,08;3.59;29,25;0,85;;664
13/08/26;B.SABADELL;CALL;Dic-26;3,25;3.59;28,87;0,73;;11
13/08/26;B.SABADELL;CALL;Dic-26;3,33;3.59;28,69;0,68;;10
13/08/26;B.SABADELL;CALL;Dic-26;3,50;3.59;28,31;0,57;;10
13/08/26;B.SABADELL;CALL;Dic-26;3,59;3.59;28,11;0,51;;1
13/08/26;B.SABADELL;CALL;Mar-27;2,22;3.59;31,99;1,00;;20
13/08/26;B.SABADELL;CALL;Mar-27;2,74;3.59;30,93;0,97;;10
13/08/26;B.SABADELL;CALL;Mar-27;2,91;3.59;30,58;0,88;;38
13/08/26;B.SABADELL;CALL;Mar-27;3,16;3.59;30,07;0,74;;80
13/08/26;B.SABADELL;CALL;Mar-27;3,33;3.59;29,72;0,65;;2
13/08/26;B.SABADELL;CALL;Mar-27;3,42;3.59;29,54;0,60;;9
13/08/26;B.SABADELL;CALL;Mar-27;3,50;3.59;29,37;0,56;;3
13/08/26;B.SABADELL;CALL;Jun-27;2,99;3.59;31,86;0,78;;1
13/08/26;B.SABADELL;CALL;Jun-27;3,33;3.59;31,20;0,64;;90
13/08/26;B.SABADELL;CALL;Jun-27;3,59;3.59;30,69;0,52;;2
13/08/26;B.SABADELL;CALL;Jun-27;3,68;3.59;30,46;0,48;;2
13/08/26;B.SABADELL;CALL;Jun-27;3,76;3.59;30,26;0,45;;1
13/08/26;B.SABADELL;CALL;Jun-27;3,93;3.59;29,84;0,38;;5
13/08/26;B.SABADELL;CALL;Jun-27;4,02;3.59;29,61;0,35;;8
13/08/26;B.SABADELL;PUT;Ago-26;2,65;3.59;25,26;;;6
13/08/26;B.SABADELL;PUT;Ago-26;2,74;3.59;25,00;;;20
13/08/26;B.SABADELL;PUT;Ago-26;3,08;3.59;23,99;;;20
13/08/26;B.SABADELL;PUT;Ago-26;3,16;3.59;23,75;;;4
13/08/26;B.SABADELL;PUT;Ago-26;3,25;3.59;23,48;;;3
13/08/26;B.SABADELL;PUT;Ago-26;3,33;3.59;23,24;-0,01;;31
13/08/26;B.SABADELL;PUT;Sep-26;2,22;3.59;23,73;;;5.249
13/08/26;B.SABADELL;PUT;Sep-26;2,48;3.59;23,10;;;1
13/08/26;B.SABADELL;PUT;Sep-26;2,65;3.59;22,69;;;26
13/08/26;B.SABADELL;PUT;Sep-26;2,74;3.59;22,47;;;23
13/08/26;B.SABADELL;PUT;Sep-26;2,82;3.59;22,28;;;5
13/08/26;B.SABADELL;PUT;Sep-26;2,91;3.59;22,06;;;5
13/08/26;B.SABADELL;PUT;Sep-26;2,99;3.59;21,87;-0,01;;15
13/08/26;B.SABADELL;PUT;Sep-26;3,08;3.59;21,65;-0,02;;30
13/08/26;B.SABADELL;PUT;Sep-26;3,16;3.59;21,46;-0,05;;5
13/08/26;B.SABADELL;PUT;Sep-26;3,33;3.59;21,05;-0,18;;30
13/08/26;B.SABADELL;PUT;Sep-26;3,50;3.59;20,64;-0,44;;62
13/08/26;B.SABADELL;PUT;Sep-26;3,68;3.59;20,10;-0,74;;1
13/08/26;B.SABADELL;PUT;Dic-26;2,48;3.59;24,15;;;411
13/08/26;B.SABADELL;PUT;Dic-26;2,56;3.59;23,98;-0,01;;10
13/08/26;B.SABADELL;PUT;Dic-26;2,65;3.59;23,77;-0,02;;10
13/08/26;B.SABADELL;PUT;Dic-26;2,74;3.59;23,57;-0,03;;20
13/08/26;B.SABADELL;PUT;Dic-26;2,82;3.59;23,40;-0,04;;21
13/08/26;B.SABADELL;PUT;Dic-26;2,91;3.59;23,20;-0,06;;2
13/08/26;B.SABADELL;PUT;Dic-26;2,99;3.59;23,02;-0,09;;10
13/08/26;B.SABADELL;PUT;Dic-26;3,08;3.59;22,82;-0,13;;52
13/08/26;B.SABADELL;PUT;Dic-26;3,16;3.59;22,64;-0,18;;60
13/08/26;B.SABADELL;PUT;Dic-26;3,50;3.59;21,88;-0,44;;50
13/08/26;B.SABADELL;PUT;Mar-27;2,48;3.59;25,74;-0,03;;1
13/08/26;B.SABADELL;PUT;Mar-27;2,65;3.59;25,39;-0,07;;20
13/08/26;B.SABADELL;PUT;Mar-27;2,82;3.59;25,04;-0,11;;113
13/08/26;B.SABADELL;PUT;Mar-27;2,99;3.59;24,70;-0,18;;205
13/08/26;B.SABADELL;PUT;Mar-27;3,08;3.59;24,51;-0,22;;200
13/08/26;B.SABADELL;PUT;Mar-27;3,33;3.59;24,00;-0,36;;141
13/08/26;B.SABADELL;PUT;Mar-27;3,59;3.59;23,47;-0,53;;100
13/08/26;B.SABADELL;PUT;Jun-27;2,74;3.59;26,17;-0,14;;5
13/08/26;B.SABADELL;PUT;Sep-27;2,39;3.59;27,34;-0,08;;5
13/08/26;B.SABADELL;PUT;Dic-27;2,74;3.59;26,85;-0,19;;1.538
13/08/26;B.SABADELL;PUT;Dic-27;2,82;3.59;26,70;-0,22;;3.026
13/08/26;B.SABADELL;PUT;Mar-28;2,56;3.59;28,74;-0,17;;830
13/08/26;B.SABADELL;PUT;Mar-28;2,74;3.59;28,45;-0,23;;769
13/08/26;B.SABADELL;PUT;Mar-28;2,82;3.59;28,33;-0,25;;758
13/08/26;B.SABADELL;PUT;Mar-28;2,91;3.59;28,18;-0,28;;742
13/08/26;B.SABADELL;CALL;Ago-26;3,33;3.59;33,36;0,94;;125
13/08/26;B.SABADELL;PUT;Dic-26;2,48;3.59;24,15;-0,01;;10
13/08/26;BANKINTER;CALL;Ago-26;14,50;16.65;25,31;1,00;;1
13/08/26;BANKINTER;CALL;Ago-26;15,00;16.65;24,20;1,00;;70
13/08/26;BANKINTER;CALL;Sep-26;13,50;16.65;27,66;0,99;;23
13/08/26;BANKINTER;CALL;Sep-26;14,00;16.65;26,59;0,98;;10
13/08/26;BANKINTER;CALL;Sep-26;14,50;16.65;25,53;0,96;;1
13/08/26;BANKINTER;CALL;Sep-26;15,00;16.65;24,47;0,92;;3
13/08/26;BANKINTER;CALL;Sep-26;16,50;16.65;21,29;0,58;;10
13/08/26;BANKINTER;CALL;Oct-26;15,00;16.65;25,78;0,85;;10
13/08/26;BANKINTER;CALL;Oct-26;17,50;16.65;22,03;0,33;;10
13/08/26;BANKINTER;CALL;Dic-26;13,50;16.65;30,29;0,92;;11
13/08/26;BANKINTER;CALL;Dic-26;14,00;16.65;29,34;0,89;;2
13/08/26;BANKINTER;CALL;Dic-26;15,00;16.65;27,44;0,79;;10
13/08/26;BANKINTER;CALL;Dic-26;15,50;16.65;26,49;0,73;;10
13/08/26;BANKINTER;CALL;Dic-26;16,00;16.65;25,54;0,65;;50
13/08/26;BANKINTER;CALL;Dic-26;17,00;16.65;24,20;0,48;;70
13/08/26;BANKINTER;CALL;Mar-27;15,00;16.65;27,57;0,74;;21
13/08/26;BANKINTER;CALL;Mar-27;16,50;16.65;25,14;0,56;;100
13/08/26;BANKINTER;CALL;Mar-27;17,00;16.65;24,80;0,49;;100
13/08/26;BANKINTER;CALL;Jun-27;16,00;16.65;25,91;0,61;;25
13/08/26;BANKINTER;CALL;Dic-27;14,50;16.65;27,60;0,73;;3
13/08/26;BANKINTER;CALL;Dic-27;15,50;16.65;26,50;0,65;;1
13/08/26;BANKINTER;CALL;Dic-27;17,00;16.65;25,16;0,52;;25
13/08/26;BANKINTER;PUT;Ago-26;12,50;16.65;32,69;;;1
13/08/26;BANKINTER;PUT;Ago-26;15,50;16.65;26,03;-0,03;;20
13/08/26;BANKINTER;PUT;Sep-26;6,50;16.65;43,08;;;31
13/08/26;BANKINTER;PUT;Sep-26;7,00;16.65;42,01;;;1
13/08/26;BANKINTER;PUT;Sep-26;10,50;16.65;34,58;;;3
13/08/26;BANKINTER;PUT;Sep-26;11,00;16.65;33,52;;;3
13/08/26;BANKINTER;PUT;Sep-26;11,50;16.65;32,46;;;4
13/08/26;BANKINTER;PUT;Sep-26;12,50;16.65;30,34;;;2
13/08/26;BANKINTER;PUT;Sep-26;13,00;16.65;29,28;;;20
13/08/26;BANKINTER;PUT;Sep-26;13,50;16.65;28,22;-0,01;;10
13/08/26;BANKINTER;PUT;Sep-26;14,00;16.65;27,15;-0,02;;10
13/08/26;BANKINTER;PUT;Sep-26;15,00;16.65;25,03;-0,08;;5
13/08/26;BANKINTER;PUT;Sep-26;15,50;16.65;23,97;-0,16;;20
13/08/26;BANKINTER;PUT;Oct-26;14,50;16.65;26,95;-0,10;;10
13/08/26;BANKINTER;PUT;Dic-26;7,25;16.65;40,94;;;1
13/08/26;BANKINTER;PUT;Dic-26;11,00;16.65;33,81;-0,02;;1
13/08/26;BANKINTER;PUT;Dic-26;12,00;16.65;31,91;-0,04;;1.020
13/08/26;BANKINTER;PUT;Dic-26;12,50;16.65;30,96;-0,06;;114
13/08/26;BANKINTER;PUT;Dic-26;13,00;16.65;30,00;-0,08;;20
13/08/26;BANKINTER;PUT;Dic-26;13,50;16.65;29,05;-0,11;;3.360
13/08/26;BANKINTER;PUT;Dic-26;14,00;16.65;28,10;-0,15;;25
13/08/26;BANKINTER;PUT;Dic-26;15,00;16.65;26,20;-0,25;;5
13/08/26;BANKINTER;PUT;Dic-26;16,00;16.65;24,30;-0,40;;25
13/08/26;BANKINTER;PUT;Mar-27;13,50;16.65;27,81;-0,15;;1.008
13/08/26;BANKINTER;PUT;Jun-27;11,00;16.65;30,30;-0,06;;222
13/08/26;BANKINTER;PUT;Jun-27;12,50;16.65;28,20;-0,12;;3
13/08/26;BANKINTER;PUT;Jun-27;13,50;16.65;26,80;-0,18;;1.000
13/08/26;BANKINTER;PUT;Dic-27;10,50;16.65;28,47;-0,07;;1.000
13/08/26;BANKINTER;PUT;Dic-27;11,00;16.65;27,92;-0,09;;50
13/08/26;BANKINTER;PUT;Dic-27;15,00;16.65;23,51;-0,34;;25
13/08/26;BANKINTER;PUT;Mar-28;13,00;16.65;26,55;-0,20;;194
13/08/26;BANKINTER;PUT;Mar-28;14,00;16.65;25,63;-0,27;;175
13/08/26;BBVA;CALL;Ago-26;19,00;24.91;38,67;1,00;;5.000
13/08/26;BBVA;CALL;Ago-26;20,00;24.91;36,30;1,00;;14.500
13/08/26;BBVA;CALL;Ago-26;21,00;24.91;33,93;1,00;;2.534
13/08/26;BBVA;CALL;Ago-26;22,00;24.91;31,56;1,00;;8.017
13/08/26;BBVA;CALL;Ago-26;23,00;24.91;29,19;0,97;;159
13/08/26;BBVA;CALL;Ago-26;24,00;24.91;26,83;0,83;1;1.081
13/08/26;BBVA;CALL;Ago-26;25,00;24.91;24,63;0,47;20;43
13/08/26;BBVA;CALL;Sep-26;13,50;24.91;48,45;1,00;;75
13/08/26;BBVA;CALL;Sep-26;14,00;24.91;47,43;1,00;;75
13/08/26;BBVA;CALL;Sep-26;14,50;24.91;46,41;1,00;;75
13/08/26;BBVA;CALL;Sep-26;15,00;24.91;45,40;1,00;;152
13/08/26;BBVA;CALL;Sep-26;15,50;24.91;44,38;1,00;;150
13/08/26;BBVA;CALL;Sep-26;16,00;24.91;43,36;1,00;;300
13/08/26;BBVA;CALL;Sep-26;16,50;24.91;42,35;1,00;;300
13/08/26;BBVA;CALL;Sep-26;17,00;24.91;41,33;1,00;;1.950
13/08/26;BBVA;CALL;Sep-26;17,50;24.91;40,31;1,00;;5.000
13/08/26;BBVA;CALL;Sep-26;18,50;24.91;38,28;0,99;;151
13/08/26;BBVA;CALL;Sep-26;19,00;24.91;37,26;0,99;;4.260
13/08/26;BBVA;CALL;Sep-26;19,50;24.91;36,24;0,99;;250
13/08/26;BBVA;CALL;Sep-26;20,00;24.91;35,23;0,98;;7.148
13/08/26;BBVA;CALL;Sep-26;21,00;24.91;33,19;0,96;;2.009
13/08/26;BBVA;CALL;Sep-26;22,00;24.91;31,16;0,91;;534
13/08/26;BBVA;CALL;Sep-26;23,00;24.91;29,12;0,83;;175
13/08/26;BBVA;CALL;Sep-26;24,00;24.91;27,09;0,69;1;73
13/08/26;BBVA;CALL;Sep-26;25,00;24.91;25,20;0,51;;395
13/08/26;BBVA;CALL;Sep-26;26,00;24.91;24,74;0,31;10;170
13/08/26;BBVA;CALL;Sep-26;27,00;24.91;24,29;0,16;10;130
13/08/26;BBVA;CALL;Oct-26;25,00;24.91;26,26;0,52;;1
13/08/26;BBVA;CALL;Dic-26;13,00;24.91;48,35;1,00;;25
13/08/26;BBVA;CALL;Dic-26;15,00;24.91;45,06;0,99;;30
13/08/26;BBVA;CALL;Dic-26;16,00;24.91;43,42;0,99;;3.988
13/08/26;BBVA;CALL;Dic-26;16,50;24.91;42,59;0,98;;50
13/08/26;BBVA;CALL;Dic-26;17,00;24.91;41,77;0,97;;4.311
13/08/26;BBVA;CALL;Dic-26;17,50;24.91;40,95;0,97;;650
13/08/26;BBVA;CALL;Dic-26;18,00;24.91;40,12;0,95;;158
13/08/26;BBVA;CALL;Dic-26;18,50;24.91;39,30;0,94;;8
13/08/26;BBVA;CALL;Dic-26;19,00;24.91;38,48;0,93;;2.502
13/08/26;BBVA;CALL;Dic-26;19,50;24.91;37,65;0,91;10;20
13/08/26;BBVA;CALL;Dic-26;20,00;24.91;36,83;0,89;;162
13/08/26;BBVA;CALL;Dic-26;21,00;24.91;35,19;0,84;;3.522
13/08/26;BBVA;CALL;Dic-26;22,00;24.91;33,54;0,78;5;28
13/08/26;BBVA;CALL;Dic-26;23,00;24.91;31,89;0,70;;2.211
13/08/26;BBVA;CALL;Dic-26;24,00;24.91;30,25;0,61;;2
13/08/26;BBVA;CALL;Dic-26;25,00;24.91;28,71;0,52;;214
13/08/26;BBVA;CALL;Dic-26;26,00;24.91;28,28;0,42;;16
13/08/26;BBVA;CALL;Dic-26;27,00;24.91;27,86;0,33;;150
13/08/26;BBVA;CALL;Dic-26;28,00;24.91;27,43;0,25;;4
13/08/26;BBVA;CALL;Mar-27;9,50;24.91;51,30;1,00;;25
13/08/26;BBVA;CALL;Mar-27;12,00;24.91;47,69;1,00;;25
13/08/26;BBVA;CALL;Mar-27;13,00;24.91;46,24;0,99;;1
13/08/26;BBVA;CALL;Mar-27;15,50;24.91;42,63;0,96;;5
13/08/26;BBVA;CALL;Mar-27;16,00;24.91;41,91;0,95;;905
13/08/26;BBVA;CALL;Mar-27;16,50;24.91;41,18;0,94;;250
13/08/26;BBVA;CALL;Mar-27;17,50;24.91;39,74;0,92;;40
13/08/26;BBVA;CALL;Mar-27;18,00;24.91;39,02;0,90;;102
13/08/26;BBVA;CALL;Mar-27;19,00;24.91;37,57;0,87;;109
13/08/26;BBVA;CALL;Mar-27;20,00;24.91;36,13;0,82;;3.050
13/08/26;BBVA;CALL;Mar-27;20,50;24.91;35,40;0,80;;1
13/08/26;BBVA;CALL;Mar-27;22,00;24.91;33,24;0,73;;4.060
13/08/26;BBVA;CALL;Mar-27;23,00;24.91;31,79;0,67;;161
13/08/26;BBVA;CALL;Mar-27;24,00;24.91;30,35;0,61;;391
13/08/26;BBVA;CALL;Mar-27;25,00;24.91;29,00;0,54;;211
13/08/26;BBVA;CALL;Mar-27;26,00;24.91;28,68;0,47;;500
13/08/26;BBVA;CALL;Mar-27;27,00;24.91;28,36;0,40;;500
13/08/26;BBVA;CALL;Mar-27;28,00;24.91;28,04;0,33;;200
13/08/26;BBVA;CALL;Jun-27;12,00;24.91;47,87;1,00;;150
13/08/26;BBVA;CALL;Jun-27;12,50;24.91;47,20;0,99;;25
13/08/26;BBVA;CALL;Jun-27;13,00;24.91;46,53;0,99;;1
13/08/26;BBVA;CALL;Jun-27;15,00;24.91;43,85;0,96;;3
13/08/26;BBVA;CALL;Jun-27;17,00;24.91;41,17;0,91;;6.000
13/08/26;BBVA;CALL;Jun-27;20,00;24.91;37,16;0,81;;150
13/08/26;BBVA;CALL;Jun-27;21,00;24.91;35,82;0,76;;2.600
13/08/26;BBVA;CALL;Jun-27;22,00;24.91;34,48;0,72;;3.150
13/08/26;BBVA;CALL;Jun-27;23,00;24.91;33,15;0,66;;21
13/08/26;BBVA;CALL;Jun-27;24,00;24.91;31,81;0,61;;10
13/08/26;BBVA;CALL;Jun-27;25,00;24.91;30,56;0,55;158;1.207
13/08/26;BBVA;CALL;Jun-27;26,00;24.91;30,23;0,48;5;15
13/08/26;BBVA;CALL;Jun-27;27,00;24.91;29,89;0,43;10;10
13/08/26;BBVA;CALL;Sep-27;11,50;24.91;46,66;1,00;;150
13/08/26;BBVA;CALL;Sep-27;12,00;24.91;46,07;0,99;;150
13/08/26;BBVA;CALL;Sep-27;15,00;24.91;42,49;0,94;;2
13/08/26;BBVA;CALL;Sep-27;20,00;24.91;36,54;0,79;;1
13/08/26;BBVA;CALL;Sep-27;22,00;24.91;34,16;0,70;;1
13/08/26;BBVA;CALL;Dic-27;11,00;24.91;47,17;1,00;;150
13/08/26;BBVA;CALL;Dic-27;11,50;24.91;46,60;1,00;;26
13/08/26;BBVA;CALL;Dic-27;13,50;24.91;44,36;0,97;;150
13/08/26;BBVA;CALL;Dic-27;15,00;24.91;42,67;0,93;;75
13/08/26;BBVA;CALL;Dic-27;16,00;24.91;41,55;0,91;;6.000
13/08/26;BBVA;CALL;Dic-27;17,00;24.91;40,42;0,88;;150
13/08/26;BBVA;CALL;Dic-27;17,50;24.91;39,86;0,86;;100
13/08/26;BBVA;CALL;Dic-27;18,00;24.91;39,30;0,85;;1
13/08/26;BBVA;CALL;Dic-27;20,00;24.91;37,05;0,77;;150
13/08/26;BBVA;CALL;Dic-27;25,00;24.91;31,50;0,55;;4.001
13/08/26;BBVA;CALL;Mar-28;17,00;24.91;40,27;0,86;;600
13/08/26;BBVA;CALL;Mar-28;17,50;24.91;39,73;0,85;;300
13/08/26;BBVA;CALL;Mar-28;18,00;24.91;39,20;0,83;;300
13/08/26;BBVA;CALL;Mar-28;21,00;24.91;35,99;0,73;;350
13/08/26;BBVA;CALL;Jun-28;10,00;24.91;47,72;1,00;;1
13/08/26;BBVA;CALL;Jun-28;17,00;24.91;40,79;0,86;;750
13/08/26;BBVA;CALL;Jun-28;17,50;24.91;40,30;0,84;;600
13/08/26;BBVA;CALL;Jun-28;18,00;24.91;39,80;0,83;;575
13/08/26;BBVA;CALL;Jun-28;18,50;24.91;39,31;0,81;;3
13/08/26;BBVA;CALL;Jun-28;19,00;24.91;38,81;0,79;;50
13/08/26;BBVA;CALL;Jun-28;19,50;24.91;38,32;0,78;;100
13/08/26;BBVA;CALL;Jun-28;20,00;24.91;37,82;0,76;;125
13/08/26;BBVA;CALL;Jun-28;21,00;24.91;36,83;0,72;;525
13/08/26;BBVA;CALL;Jun-28;22,00;24.91;35,84;0,69;;4.450
13/08/26;BBVA;CALL;Jun-28;23,00;24.91;34,85;0,65;;150
13/08/26;BBVA;CALL;Jun-28;24,00;24.91;33,86;0,61;;300
13/08/26;BBVA;CALL;Jun-28;25,00;24.91;32,93;0,57;;1.000
13/08/26;BBVA;CALL;Dic-29;15,00;24.91;40,78;0,91;;50
13/08/26;BBVA;PUT;Ago-26;13,50;24.91;51,11;;;10
13/08/26;BBVA;PUT;Ago-26;16,50;24.91;44,01;;;1
13/08/26;BBVA;PUT;Ago-26;17,00;24.91;42,83;;;22
13/08/26;BBVA;PUT;Ago-26;17,50;24.91;41,64;;;10
13/08/26;BBVA;PUT;Ago-26;18,00;24.91;40,46;;;14.505
13/08/26;BBVA;PUT;Ago-26;18,50;24.91;39,27;;;151
13/08/26;BBVA;PUT;Ago-26;19,00;24.91;38,09;;;7.500
13/08/26;BBVA;PUT;Ago-26;19,50;24.91;36,90;;;150
13/08/26;BBVA;PUT;Ago-26;20,00;24.91;35,72;;;8.149
13/08/26;BBVA;PUT;Ago-26;20,50;24.91;34,54;;;133
13/08/26;BBVA;PUT;Ago-26;21,00;24.91;33,35;;;9.010
13/08/26;BBVA;PUT;Ago-26;22,00;24.91;30,98;;;12.015
13/08/26;BBVA;PUT;Ago-26;23,00;24.91;28,61;-0,03;;5
13/08/26;BBVA;PUT;Ago-26;24,00;24.91;26,25;-0,16;1;14
13/08/26;BBVA;PUT;Ago-26;25,00;24.91;24,05;-0,53;;20
13/08/26;BBVA;PUT;Ago-26;26,00;24.91;23,56;-0,89;10;11
13/08/26;BBVA;PUT;Sep-26;6,75;24.91;61,27;;;1
13/08/26;BBVA;PUT;Sep-26;8,25;24.91;58,22;;;5
13/08/26;BBVA;PUT;Sep-26;9,00;24.91;56,69;;;674
13/08/26;BBVA;PUT;Sep-26;9,25;24.91;56,18;;;368
13/08/26;BBVA;PUT;Sep-26;9,50;24.91;55,67;;;25
13/08/26;BBVA;PUT;Sep-26;9,75;24.91;55,17;;;200
13/08/26;BBVA;PUT;Sep-26;10,00;24.91;54,66;;;40.150
13/08/26;BBVA;PUT;Sep-26;10,50;24.91;53,64;;;300
13/08/26;BBVA;PUT;Sep-26;11,00;24.91;52,62;;;350
13/08/26;BBVA;PUT;Sep-26;11,50;24.91;51,61;;;1
13/08/26;BBVA;PUT;Sep-26;12,00;24.91;50,59;;;1
13/08/26;BBVA;PUT;Sep-26;12,50;24.91;49,57;;;50
13/08/26;BBVA;PUT;Sep-26;13,00;24.91;48,55;;;130
13/08/26;BBVA;PUT;Sep-26;14,00;24.91;46,52;;;55
13/08/26;BBVA;PUT;Sep-26;14,50;24.91;45,50;;;6
13/08/26;BBVA;PUT;Sep-26;15,00;24.91;44,49;;;108
13/08/26;BBVA;PUT;Sep-26;15,50;24.91;43,47;;;56
13/08/26;BBVA;PUT;Sep-26;16,00;24.91;42,45;;;89
13/08/26;BBVA;PUT;Sep-26;16,50;24.91;41,44;;;58
13/08/26;BBVA;PUT;Sep-26;17,00;24.91;40,42;;;4.956
13/08/26;BBVA;PUT;Sep-26;17,50;24.91;39,40;;;151
13/08/26;BBVA;PUT;Sep-26;18,00;24.91;38,38;;;7.070
13/08/26;BBVA;PUT;Sep-26;18,50;24.91;37,37;;;210
13/08/26;BBVA;PUT;Sep-26;19,00;24.91;36,35;-0,01;;7.071
13/08/26;BBVA;PUT;Sep-26;19,50;24.91;35,33;-0,01;;301
13/08/26;BBVA;PUT;Sep-26;20,00;24.91;34,32;-0,02;;12.031
13/08/26;BBVA;PUT;Sep-26;20,50;24.91;33,30;-0,03;;250
13/08/26;BBVA;PUT;Sep-26;21,00;24.91;32,28;-0,04;;3.318
13/08/26;BBVA;PUT;Sep-26;22,00;24.91;30,25;-0,09;;255
13/08/26;BBVA;PUT;Sep-26;23,00;24.91;28,21;-0,17;1;451
13/08/26;BBVA;PUT;Sep-26;24,00;24.91;26,18;-0,30;10;20
13/08/26;BBVA;PUT;Sep-26;25,00;24.91;24,29;-0,50;3;3
13/08/26;BBVA;PUT;Sep-26;26,00;24.91;23,83;-0,70;4;105
13/08/26;BBVA;PUT;Oct-26;20,00;24.91;33,61;-0,06;;6
13/08/26;BBVA;PUT;Oct-26;22,00;24.91;30,00;-0,17;2;107
13/08/26;BBVA;PUT;Oct-26;23,00;24.91;28,19;-0,26;;51
13/08/26;BBVA;PUT;Oct-26;25,00;24.91;24,70;-0,54;4;4
13/08/26;BBVA;PUT;Dic-26;5,75;24.91;57,93;;;150
13/08/26;BBVA;PUT;Dic-26;6,00;24.91;57,51;;;10.150
13/08/26;BBVA;PUT;Dic-26;6,25;24.91;57,10;;;150
13/08/26;BBVA;PUT;Dic-26;6,50;24.91;56,69;;;13.250
13/08/26;BBVA;PUT;Dic-26;6,75;24.91;56,28;;;450
13/08/26;BBVA;PUT;Dic-26;7,00;24.91;55,87;;;300
13/08/26;BBVA;PUT;Dic-26;7,25;24.91;55,46;;;600
13/08/26;BBVA;PUT;Dic-26;7,50;24.91;55,05;;;450
13/08/26;BBVA;PUT;Dic-26;7,75;24.91;54,63;;;451
13/08/26;BBVA;PUT;Dic-26;8,00;24.91;54,22;;;18.450
13/08/26;BBVA;PUT;Dic-26;8,25;24.91;53,81;;;15
13/08/26;BBVA;PUT;Dic-26;8,50;24.91;53,40;;;25.000
13/08/26;BBVA;PUT;Dic-26;8,75;24.91;52,99;;;311
13/08/26;BBVA;PUT;Dic-26;9,00;24.91;52,58;;;14.933
13/08/26;BBVA;PUT;Dic-26;9,25;24.91;52,17;;;75
13/08/26;BBVA;PUT;Dic-26;9,50;24.91;51,75;;;76
13/08/26;BBVA;PUT;Dic-26;9,75;24.91;51,34;;;200
13/08/26;BBVA;PUT;Dic-26;10,00;24.91;50,93;;;226
13/08/26;BBVA;PUT;Dic-26;10,50;24.91;50,11;;;300
13/08/26;BBVA;PUT;Dic-26;11,00;24.91;49,28;;;481
13/08/26;BBVA;PUT;Dic-26;11,50;24.91;48,46;;;1
13/08/26;BBVA;PUT;Dic-26;12,00;24.91;47,64;;;8.410
13/08/26;BBVA;PUT;Dic-26;12,50;24.91;46,82;;;250
13/08/26;BBVA;PUT;Dic-26;13,00;24.91;45,99;-0,01;;42.101
13/08/26;BBVA;PUT;Dic-26;13,50;24.91;45,17;-0,01;;400
13/08/26;BBVA;PUT;Dic-26;14,00;24.91;44,35;-0,01;;706
13/08/26;BBVA;PUT;Dic-26;14,50;24.91;43,52;-0,01;;300
13/08/26;BBVA;PUT;Dic-26;15,00;24.91;42,70;-0,02;;3.774
13/08/26;BBVA;PUT;Dic-26;15,50;24.91;41,88;-0,02;;12
13/08/26;BBVA;PUT;Dic-26;16,00;24.91;41,06;-0,03;;92
13/08/26;BBVA;PUT;Dic-26;16,50;24.91;40,23;-0,03;;520
13/08/26;BBVA;PUT;Dic-26;17,00;24.91;39,41;-0,04;;8.736
13/08/26;BBVA;PUT;Dic-26;17,50;24.91;38,59;-0,05;;136
13/08/26;BBVA;PUT;Dic-26;18,00;24.91;37,76;-0,06;;20.169
13/08/26;BBVA;PUT;Dic-26;18,50;24.91;36,94;-0,08;;105
13/08/26;BBVA;PUT;Dic-26;19,00;24.91;36,12;-0,09;;13.517
13/08/26;BBVA;PUT;Dic-26;20,00;24.91;34,47;-0,13;;10.512
13/08/26;BBVA;PUT;Dic-26;20,50;24.91;33,65;-0,15;;4
13/08/26;BBVA;PUT;Dic-26;21,00;24.91;32,83;-0,18;;9.140
13/08/26;BBVA;PUT;Dic-26;22,00;24.91;31,18;-0,24;;151
13/08/26;BBVA;PUT;Dic-26;23,00;24.91;29,53;-0,31;;2.600
13/08/26;BBVA;PUT;Dic-26;24,00;24.91;27,89;-0,40;2;2
13/08/26;BBVA;PUT;Dic-26;25,00;24.91;26,35;-0,50;;1
13/08/26;BBVA;PUT;Mar-27;8,50;24.91;50,80;;;25
13/08/26;BBVA;PUT;Mar-27;8,75;24.91;50,43;;;25
13/08/26;BBVA;PUT;Mar-27;9,00;24.91;50,07;;;25
13/08/26;BBVA;PUT;Mar-27;9,25;24.91;49,71;;;25
13/08/26;BBVA;PUT;Mar-27;9,50;24.91;49,35;;;30
13/08/26;BBVA;PUT;Mar-27;9,75;24.91;48,99;;;25
13/08/26;BBVA;PUT;Mar-27;10,50;24.91;47,91;-0,01;;175
13/08/26;BBVA;PUT;Mar-27;11,00;24.91;47,18;-0,01;;175
13/08/26;BBVA;PUT;Mar-27;11,50;24.91;46,46;-0,01;;32.250
13/08/26;BBVA;PUT;Mar-27;12,00;24.91;45,74;-0,01;;40
13/08/26;BBVA;PUT;Mar-27;12,50;24.91;45,01;-0,02;;30
13/08/26;BBVA;PUT;Mar-27;13,00;24.91;44,29;-0,02;;40
13/08/26;BBVA;PUT;Mar-27;13,50;24.91;43,57;-0,02;;20
13/08/26;BBVA;PUT;Mar-27;14,00;24.91;42,85;-0,03;;30
13/08/26;BBVA;PUT;Mar-27;15,00;24.91;41,40;-0,04;;220
13/08/26;BBVA;PUT;Mar-27;16,00;24.91;39,96;-0,06;;5.500
13/08/26;BBVA;PUT;Mar-27;16,50;24.91;39,23;-0,07;;450
13/08/26;BBVA;PUT;Mar-27;17,00;24.91;38,51;-0,08;;2.360
13/08/26;BBVA;PUT;Mar-27;17,50;24.91;37,79;-0,09;;4.250
13/08/26;BBVA;PUT;Mar-27;18,00;24.91;37,07;-0,10;;100
13/08/26;BBVA;PUT;Mar-27;18,50;24.91;36,34;-0,12;;10
13/08/26;BBVA;PUT;Mar-27;19,00;24.91;35,62;-0,13;;400
13/08/26;BBVA;PUT;Mar-27;19,50;24.91;34,90;-0,15;;3.810
13/08/26;BBVA;PUT;Mar-27;20,00;24.91;34,18;-0,17;;6.160
13/08/26;BBVA;PUT;Mar-27;20,50;24.91;33,45;-0,19;;20
13/08/26;BBVA;PUT;Mar-27;21,00;24.91;32,73;-0,22;;381
13/08/26;BBVA;PUT;Mar-27;22,00;24.91;31,29;-0,27;;15
13/08/26;BBVA;PUT;Mar-27;23,00;24.91;29,84;-0,33;;50
13/08/26;BBVA;PUT;Jun-27;4,30;24.91;54,62;;;1
13/08/26;BBVA;PUT;Jun-27;4,50;24.91;54,35;;;1
13/08/26;BBVA;PUT;Jun-27;4,90;24.91;53,82;;;150
13/08/26;BBVA;PUT;Jun-27;5,00;24.91;53,68;;;300
13/08/26;BBVA;PUT;Jun-27;5,25;24.91;53,35;;;298
13/08/26;BBVA;PUT;Jun-27;7,00;24.91;51,01;;;2
13/08/26;BBVA;PUT;Jun-27;8,00;24.91;49,67;;;1
13/08/26;BBVA;PUT;Jun-27;8,25;24.91;49,33;;;7
13/08/26;BBVA;PUT;Jun-27;9,00;24.91;48,33;-0,01;;7.000
13/08/26;BBVA;PUT;Jun-27;9,75;24.91;47,33;-0,01;;175
13/08/26;BBVA;PUT;Jun-27;10,00;24.91;46,99;-0,01;;10.000
13/08/26;BBVA;PUT;Jun-27;11,00;24.91;45,65;-0,02;;75
13/08/26;BBVA;PUT;Jun-27;12,00;24.91;44,32;-0,03;;20
13/08/26;BBVA;PUT;Jun-27;12,50;24.91;43,65;-0,03;;197
13/08/26;BBVA;PUT;Jun-27;13,00;24.91;42,98;-0,04;;1.126
13/08/26;BBVA;PUT;Jun-27;13,50;24.91;42,31;-0,04;;190
13/08/26;BBVA;PUT;Jun-27;14,00;24.91;41,64;-0,05;;33
13/08/26;BBVA;PUT;Jun-27;14,50;24.91;40,97;-0,06;;400
13/08/26;BBVA;PUT;Jun-27;15,00;24.91;40,30;-0,07;;600
13/08/26;BBVA;PUT;Jun-27;15,50;24.91;39,63;-0,08;;21
13/08/26;BBVA;PUT;Jun-27;16,00;24.91;38,96;-0,09;;3
13/08/26;BBVA;PUT;Jun-27;16,50;24.91;38,29;-0,10;;250
13/08/26;BBVA;PUT;Jun-27;17,00;24.91;37,62;-0,12;;151
13/08/26;BBVA;PUT;Jun-27;17,50;24.91;36,96;-0,13;;150
13/08/26;BBVA;PUT;Jun-27;18,00;24.91;36,29;-0,14;;160
13/08/26;BBVA;PUT;Jun-27;18,50;24.91;35,62;-0,16;;2
13/08/26;BBVA;PUT;Jun-27;19,00;24.91;34,95;-0,18;;151
13/08/26;BBVA;PUT;Jun-27;20,00;24.91;33,61;-0,22;;2.604
13/08/26;BBVA;PUT;Jun-27;21,00;24.91;32,27;-0,26;5;35
13/08/26;BBVA;PUT;Jun-27;23,00;24.91;29,60;-0,37;;160
13/08/26;BBVA;PUT;Jun-27;24,00;24.91;28,26;-0,43;20;91
13/08/26;BBVA;PUT;Jun-27;25,00;24.91;27,01;-0,50;30;20
13/08/26;BBVA;PUT;Jun-27;26,00;24.91;26,68;-0,57;10;10
13/08/26;BBVA;PUT;Sep-27;7,75;24.91;47,52;;;10
13/08/26;BBVA;PUT;Sep-27;16,00;24.91;37,69;-0,10;;309
13/08/26;BBVA;PUT;Sep-27;16,50;24.91;37,10;-0,11;;10
13/08/26;BBVA;PUT;Sep-27;17,00;24.91;36,50;-0,13;;379
13/08/26;BBVA;PUT;Sep-27;17,50;24.91;35,90;-0,14;;150
13/08/26;BBVA;PUT;Sep-27;18,00;24.91;35,31;-0,16;;150
13/08/26;BBVA;PUT;Sep-27;20,00;24.91;32,93;-0,23;;1
13/08/26;BBVA;PUT;Sep-27;22,00;24.91;30,55;-0,32;;1
13/08/26;BBVA;PUT;Dic-27;4,40;24.91;50,42;;;1
13/08/26;BBVA;PUT;Dic-27;4,90;24.91;49,86;;;150
13/08/26;BBVA;PUT;Dic-27;5,00;24.91;49,75;;;150
13/08/26;BBVA;PUT;Dic-27;6,50;24.91;48,06;;;10
13/08/26;BBVA;PUT;Dic-27;7,00;24.91;47,50;-0,01;;150
13/08/26;BBVA;PUT;Dic-27;7,25;24.91;47,22;-0,01;;150
13/08/26;BBVA;PUT;Dic-27;7,75;24.91;46,66;-0,01;;1
13/08/26;BBVA;PUT;Dic-27;8,25;24.91;46,10;-0,01;;150
13/08/26;BBVA;PUT;Dic-27;8,50;24.91;45,82;-0,01;;6.150
13/08/26;BBVA;PUT;Dic-27;8,75;24.91;45,53;-0,01;;1
13/08/26;BBVA;PUT;Dic-27;9,00;24.91;45,25;-0,02;;7.650
13/08/26;BBVA;PUT;Dic-27;9,25;24.91;44,97;-0,02;;150
13/08/26;BBVA;PUT;Dic-27;9,50;24.91;44,69;-0,02;;250
13/08/26;BBVA;PUT;Dic-27;9,75;24.91;44,41;-0,02;;150
13/08/26;BBVA;PUT;Dic-27;10,00;24.91;44,13;-0,02;;407
13/08/26;BBVA;PUT;Dic-27;10,50;24.91;43,57;-0,03;;300
13/08/26;BBVA;PUT;Dic-27;11,00;24.91;43,01;-0,03;;5.304
13/08/26;BBVA;PUT;Dic-27;12,00;24.91;41,88;-0,05;;3.300
13/08/26;BBVA;PUT;Dic-27;12,50;24.91;41,32;-0,05;;300
13/08/26;BBVA;PUT;Dic-27;13,00;24.91;40,76;-0,06;;10.000
13/08/26;BBVA;PUT;Dic-27;13,50;24.91;40,20;-0,07;;150
13/08/26;BBVA;PUT;Dic-27;14,00;24.91;39,63;-0,08;;150
13/08/26;BBVA;PUT;Dic-27;15,00;24.91;38,51;-0,10;;3
13/08/26;BBVA;PUT;Dic-27;16,00;24.91;37,39;-0,12;;15.000
13/08/26;BBVA;PUT;Dic-27;16,50;24.91;36,82;-0,13;;174
13/08/26;BBVA;PUT;Dic-27;17,00;24.91;36,26;-0,15;;8.500
13/08/26;BBVA;PUT;Dic-27;17,50;24.91;35,70;-0,16;;292
13/08/26;BBVA;PUT;Dic-27;18,00;24.91;35,14;-0,18;;150
13/08/26;BBVA;PUT;Dic-27;20,00;24.91;32,89;-0,25;;4.000
13/08/26;BBVA;PUT;Dic-27;21,00;24.91;31,77;-0,29;;150
13/08/26;BBVA;PUT;Dic-27;22,00;24.91;30,64;-0,33;;10.302
13/08/26;BBVA;PUT;Dic-27;23,00;24.91;29,52;-0,38;;300
13/08/26;BBVA;PUT;Dic-27;25,00;24.91;27,34;-0,48;;1
13/08/26;BBVA;PUT;Mar-28;15,00;24.91;37,98;-0,11;;150
13/08/26;BBVA;PUT;Mar-28;15,50;24.91;37,44;-0,12;;150
13/08/26;BBVA;PUT;Mar-28;18,00;24.91;34,77;-0,18;;26
13/08/26;BBVA;PUT;Mar-28;20,00;24.91;32,63;-0,25;;150
13/08/26;BBVA;PUT;Mar-28;21,00;24.91;31,56;-0,29;;150
13/08/26;BBVA;PUT;Mar-28;22,00;24.91;30,49;-0,33;;150
13/08/26;BBVA;PUT;Mar-28;23,00;24.91;29,41;-0,37;;150
13/08/26;BBVA;PUT;Jun-28;15,50;24.91;36,12;-0,13;;1
13/08/26;BBVA;PUT;Jun-28;18,00;24.91;33,64;-0,20;;1.250
13/08/26;BBVA;PUT;Jun-28;19,00;24.91;32,65;-0,24;;4.450
13/08/26;BBVA;PUT;Jun-28;20,00;24.91;31,66;-0,27;;3.300
13/08/26;BBVA;PUT;Jun-28;21,00;24.91;30,67;-0,31;;750
13/08/26;BBVA;PUT;Jun-28;22,00;24.91;29,68;-0,35;;2.350
13/08/26;BBVA;PUT;Jun-28;23,00;24.91;28,69;-0,39;;1.500
13/08/26;BBVA;PUT;Dic-28;12,00;24.91;36,70;-0,07;;3.500
13/08/26;BBVA;PUT;Dic-28;12,50;24.91;36,31;-0,08;;1.500
13/08/26;BBVA;PUT;Dic-28;16,00;24.91;33,60;-0,16;;17
13/08/26;BBVA;PUT;Dic-28;16,50;24.91;33,21;-0,17;;9
13/08/26;BBVA;PUT;Dic-28;18,50;24.91;31,65;-0,23;;3
13/08/26;BBVA;PUT;Dic-28;20,00;24.91;30,49;-0,28;;90
13/08/26;BBVA;PUT;Jun-29;16,00;24.91;32,37;-0,17;;1.250
13/08/26;BBVA;PUT;Dic-29;12,50;24.91;33,32;-0,10;;3.000
13/08/26;BBVA;PUT;Dic-29;20,00;24.91;29,40;-0,30;;6
13/08/26;BBVA;PUT;Dic-29;25,00;24.91;26,81;-0,47;;152
13/08/26;BBVA;PUT;Dic-30;20,50;24.91;28,63;-0,33;;1.500
13/08/26;BBVA;CALL;Ago-26;18,50;24.91;39,85;1,00;;10
13/08/26;BBVA;CALL;Ago-26;19,00;24.91;38,67;1,00;;20
13/08/26;BBVA;CALL;Ago-26;20,00;24.91;36,30;1,00;;40
13/08/26;BBVA;CALL;Ago-26;20,50;24.91;35,12;1,00;;46
13/08/26;BBVA;CALL;Ago-26;21,00;24.91;33,93;1,00;;30
13/08/26;BBVA;CALL;Ago-26;21,00;24.91;33,93;1,00;;144
13/08/26;BBVA;CALL;Ago-26;22,00;24.91;31,56;1,00;20;55
13/08/26;BBVA;CALL;Ago-26;23,00;24.91;29,19;0,97;10;45
13/08/26;BBVA;CALL;Ago-26;23,00;24.91;29,19;0,97;;911
13/08/26;BBVA;CALL;Ago-26;24,00;24.91;26,83;0,83;;1.792
13/08/26;BBVA;CALL;Ago-26;24,00;24.91;26,83;0,83;;36
13/08/26;BBVA;CALL;Ago-26;25,00;24.91;24,63;0,47;;20
13/08/26;BBVA;CALL;Ago-26;26,00;24.91;24,14;0,12;;1
13/08/26;BBVA;CALL;Sep-26;19,00;24.91;37,26;0,99;;10
13/08/26;BBVA;CALL;Sep-26;20,00;24.91;35,23;0,98;;10
13/08/26;BBVA;CALL;Sep-26;21,00;24.91;33,19;0,95;;10
13/08/26;BBVA;CALL;Sep-26;22,00;24.91;31,16;0,91;;160
13/08/26;BBVA;CALL;Sep-26;23,00;24.91;29,12;0,82;10;41
13/08/26;BBVA;CALL;Sep-26;25,00;24.91;25,20;0,51;;60
13/08/26;BBVA;CALL;Sep-26;25,00;24.91;25,20;0,51;;1.720
13/08/26;BBVA;CALL;Sep-26;26,00;24.91;24,74;0,31;;3.430
13/08/26;BBVA;CALL;Sep-26;26,00;24.91;24,74;0,31;;30
13/08/26;BBVA;CALL;Sep-26;27,00;24.91;24,29;0,16;;60
13/08/26;BBVA;CALL;Oct-26;23,00;24.91;29,75;0,72;;10
13/08/26;BBVA;CALL;Oct-26;25,00;24.91;26,26;0,47;;10
13/08/26;BBVA;CALL;Oct-26;26,00;24.91;25,83;0,33;;20
13/08/26;BBVA;CALL;Oct-26;27,00;24.91;25,41;0,21;;7.008
13/08/26;BBVA;CALL;Dic-26;17,00;24.91;41,77;0,94;;10
13/08/26;BBVA;CALL;Dic-26;19,00;24.91;38,48;0,89;;10
13/08/26;BBVA;CALL;Dic-26;19,50;24.91;37,65;0,87;;10
13/08/26;BBVA;CALL;Dic-26;21,00;24.91;35,19;0,81;;10
13/08/26;BBVA;CALL;Dic-26;22,00;24.91;33,54;0,75;;3
13/08/26;BBVA;CALL;Dic-26;22,00;24.91;33,54;0,75;;10
13/08/26;BBVA;CALL;Dic-26;23,00;24.91;31,89;0,68;;10
13/08/26;BBVA;CALL;Dic-26;23,00;24.91;31,89;0,68;;1
13/08/26;BBVA;CALL;Dic-26;24,00;24.91;30,25;0,60;;4
13/08/26;BBVA;CALL;Dic-26;24,00;24.91;30,25;0,60;;10
13/08/26;BBVA;CALL;Dic-26;25,00;24.91;28,71;0,50;;6
13/08/26;BBVA;CALL;Dic-26;26,00;24.91;28,28;0,41;;4
13/08/26;BBVA;CALL;Dic-26;29,00;24.91;27,00;0,18;;8
13/08/26;BBVA;CALL;Dic-26;32,00;24.91;25,71;0,05;;10
13/08/26;BBVA;CALL;Mar-27;19,00;24.91;37,57;0,84;;200
13/08/26;BBVA;CALL;Mar-27;19,00;24.91;37,57;0,84;;200
13/08/26;BBVA;CALL;Mar-27;19,50;24.91;36,85;0,83;;20
13/08/26;BBVA;CALL;Mar-27;23,00;24.91;31,79;0,66;;4
13/08/26;BBVA;CALL;Mar-27;24,00;24.91;30,35;0,60;;4
13/08/26;BBVA;CALL;Mar-27;25,00;24.91;29,00;0,53;;4
13/08/26;BBVA;CALL;Mar-27;26,00;24.91;28,68;0,46;;3
13/08/26;BBVA;CALL;Mar-27;27,00;24.91;28,36;0,39;;5
13/08/26;BBVA;CALL;Mar-27;28,00;24.91;28,04;0,33;2;2
13/08/26;BBVA;CALL;Mar-27;32,00;24.91;26,75;0,13;;28
13/08/26;BBVA;PUT;Ago-26;18,50;24.91;39,27;;;5
13/08/26;BBVA;PUT;Ago-26;20,00;24.91;35,72;;;10
13/08/26;BBVA;PUT;Ago-26;20,50;24.91;34,54;;;20
13/08/26;BBVA;PUT;Ago-26;21,00;24.91;33,35;;;61
13/08/26;BBVA;PUT;Ago-26;21,00;24.91;33,35;;;20
13/08/26;BBVA;PUT;Ago-26;22,00;24.91;30,98;;;30
13/08/26;BBVA;PUT;Ago-26;22,00;24.91;30,98;;;90
13/08/26;BBVA;PUT;Ago-26;23,00;24.91;28,61;-0,03;;115
13/08/26;BBVA;PUT;Ago-26;23,00;24.91;28,61;-0,03;;10
13/08/26;BBVA;PUT;Ago-26;24,00;24.91;26,25;-0,16;;30
13/08/26;BBVA;PUT;Ago-26;24,00;24.91;26,25;-0,16;;10
13/08/26;BBVA;PUT;Ago-26;25,00;24.91;24,05;-0,53;;10
13/08/26;BBVA;PUT;Ago-26;25,00;24.91;24,05;-0,53;10;40
13/08/26;BBVA;PUT;Sep-26;9,50;24.91;55,67;;;600
13/08/26;BBVA;PUT;Sep-26;10,50;24.91;53,64;;;700
13/08/26;BBVA;PUT;Sep-26;17,00;24.91;40,42;;;20
13/08/26;BBVA;PUT;Sep-26;18,00;24.91;38,38;;;10
13/08/26;BBVA;PUT;Sep-26;19,00;24.91;36,35;-0,01;;10
13/08/26;BBVA;PUT;Sep-26;20,00;24.91;34,32;-0,02;;10
13/08/26;BBVA;PUT;Sep-26;22,00;24.91;30,25;-0,09;;20
13/08/26;BBVA;PUT;Sep-26;23,00;24.91;28,21;-0,17;;40
13/08/26;BBVA;PUT;Sep-26;24,00;24.91;26,18;-0,30;10;30
13/08/26;BBVA;PUT;Sep-26;24,00;24.91;26,18;-0,30;;10
13/08/26;BBVA;PUT;Sep-26;25,00;24.91;24,29;-0,49;;70
13/08/26;BBVA;PUT;Sep-26;26,00;24.91;23,83;-0,69;;10
13/08/26;BBVA;PUT;Oct-26;22,00;24.91;30,00;-0,17;;20
13/08/26;BBVA;PUT;Oct-26;24,00;24.91;26,38;-0,39;;10
13/08/26;BBVA;PUT;Dic-26;7,25;24.91;55,46;;;150
13/08/26;BBVA;PUT;Dic-26;8,50;24.91;53,40;;;150
13/08/26;BBVA;PUT;Dic-26;8,75;24.91;52,99;;;150
13/08/26;BBVA;PUT;Dic-26;9,00;24.91;52,58;;;150
13/08/26;BBVA;PUT;Dic-26;10,00;24.91;50,93;;;40
13/08/26;BBVA;PUT;Dic-26;15,50;24.91;41,88;-0,02;;5
13/08/26;BBVA;PUT;Dic-26;16,50;24.91;40,23;-0,03;;10
13/08/26;BBVA;PUT;Dic-26;17,00;24.91;39,41;-0,04;;23
13/08/26;BBVA;PUT;Dic-26;17,50;24.91;38,59;-0,05;;16
13/08/26;BBVA;PUT;Dic-26;21,00;24.91;32,83;-0,17;;16
13/08/26;BBVA;PUT;Dic-26;22,00;24.91;31,18;-0,23;;4
13/08/26;BBVA;PUT;Dic-26;23,00;24.91;29,53;-0,31;;1
13/08/26;BBVA;PUT;Dic-26;32,00;24.91;23,35;-0,96;;25
13/08/26;BBVA;PUT;Mar-27;10,00;24.91;48,63;;;150
13/08/26;BBVA;PUT;Mar-27;14,50;24.91;42,12;-0,03;;10
13/08/26;BBVA;PUT;Mar-27;17,00;24.91;38,51;-0,08;;20
13/08/26;BBVA;PUT;Mar-27;18,00;24.91;37,07;-0,10;;1
13/08/26;CAIXABANK;CALL;Ago-26;12,50;12.9;23,71;0,82;;250
13/08/26;CAIXABANK;CALL;Ago-26;13,00;12.9;22,10;0,42;;7
13/08/26;CAIXABANK;CALL;Ago-26;13,50;12.9;21,70;0,08;;1
13/08/26;CAIXABANK;CALL;Sep-26;9,00;12.9;36,41;1,00;;1
13/08/26;CAIXABANK;CALL;Sep-26;10,00;12.9;32,93;0,99;;1
13/08/26;CAIXABANK;CALL;Sep-26;10,50;12.9;31,18;0,99;;1
13/08/26;CAIXABANK;CALL;Sep-26;11,00;12.9;29,44;0,96;;2
13/08/26;CAIXABANK;CALL;Sep-26;11,50;12.9;27,69;0,92;;4
13/08/26;CAIXABANK;CALL;Sep-26;12,00;12.9;25,95;0,83;;10
13/08/26;CAIXABANK;CALL;Sep-26;12,50;12.9;24,21;0,68;;40
13/08/26;CAIXABANK;CALL;Sep-26;13,00;12.9;22,73;0,48;;22
13/08/26;CAIXABANK;CALL;Sep-26;13,50;12.9;22,34;0,28;;5
13/08/26;CAIXABANK;CALL;Oct-26;12,50;12.9;24,69;0,65;;3
13/08/26;CAIXABANK;CALL;Dic-26;7,00;12.9;44,83;1,00;;7.500
13/08/26;CAIXABANK;CALL;Dic-26;9,25;12.9;36,98;0,96;;1
13/08/26;CAIXABANK;CALL;Dic-26;10,50;12.9;32,62;0,90;;1.134
13/08/26;CAIXABANK;CALL;Dic-26;11,00;12.9;30,88;0,85;;20
13/08/26;CAIXABANK;CALL;Dic-26;11,50;12.9;29,13;0,79;;6.000
13/08/26;CAIXABANK;CALL;Dic-26;12,00;12.9;27,39;0,72;;1
13/08/26;CAIXABANK;CALL;Dic-26;12,50;12.9;25,65;0,62;;450
13/08/26;CAIXABANK;CALL;Dic-26;13,00;12.9;24,17;0,51;;1
13/08/26;CAIXABANK;CALL;Mar-27;9,50;12.9;35,00;0,91;;1
13/08/26;CAIXABANK;CALL;Mar-27;10,50;12.9;31,93;0,84;;14
13/08/26;CAIXABANK;CALL;Mar-27;12,50;12.9;25,78;0,61;;11
13/08/26;CAIXABANK;CALL;Mar-27;13,00;12.9;24,47;0,53;;400
13/08/26;CAIXABANK;CALL;Jun-27;9,75;12.9;33,28;0,88;;150
13/08/26;CAIXABANK;CALL;Jun-27;10,00;12.9;32,63;0,86;;150
13/08/26;CAIXABANK;CALL;Jun-27;10,50;12.9;31,32;0,82;;150
13/08/26;CAIXABANK;CALL;Jun-27;11,00;12.9;30,02;0,78;;150
13/08/26;CAIXABANK;CALL;Jun-27;12,00;12.9;27,41;0,67;;1
13/08/26;CAIXABANK;CALL;Jun-27;13,00;12.9;24,99;0,53;;25
13/08/26;CAIXABANK;CALL;Jun-27;14,50;12.9;23,94;0,33;;1
13/08/26;CAIXABANK;CALL;Dic-27;10,50;12.9;31,93;0,79;;20
13/08/26;CAIXABANK;CALL;Dic-27;11,00;12.9;30,85;0,74;;1
13/08/26;CAIXABANK;CALL;Dic-27;11,50;12.9;29,78;0,70;;1
13/08/26;CAIXABANK;CALL;Jun-28;10,00;12.9;33,41;0,80;;150
13/08/26;CAIXABANK;CALL;Jun-28;10,50;12.9;32,55;0,77;;300
13/08/26;CAIXABANK;CALL;Jun-28;11,00;12.9;31,68;0,73;;1.250
13/08/26;CAIXABANK;CALL;Jun-28;11,50;12.9;30,81;0,69;;150
13/08/26;CAIXABANK;PUT;Ago-26;9,50;12.9;35,30;;;2
13/08/26;CAIXABANK;PUT;Ago-26;10,00;12.9;33,39;;;5
13/08/26;CAIXABANK;PUT;Ago-26;10,50;12.9;31,48;;;20
13/08/26;CAIXABANK;PUT;Ago-26;11,00;12.9;29,57;;;1
13/08/26;CAIXABANK;PUT;Ago-26;11,50;12.9;27,65;;;1
13/08/26;CAIXABANK;PUT;Ago-26;12,00;12.9;25,74;-0,03;;21
13/08/26;CAIXABANK;PUT;Ago-26;12,50;12.9;23,83;-0,18;;10
13/08/26;CAIXABANK;PUT;Ago-26;13,00;12.9;22,22;-0,58;80;81
13/08/26;CAIXABANK;PUT;Ago-26;13,50;12.9;21,82;-0,92;2;4
13/08/26;CAIXABANK;PUT;Ago-26;14,00;12.9;21,42;-1,00;;12
13/08/26;CAIXABANK;PUT;Sep-26;5,50;12.9;49,32;;;70.900
13/08/26;CAIXABANK;PUT;Sep-26;7,75;12.9;41,48;;;3
13/08/26;CAIXABANK;PUT;Sep-26;8,00;12.9;40,60;;;174
13/08/26;CAIXABANK;PUT;Sep-26;8,50;12.9;38,86;;;1.000
13/08/26;CAIXABANK;PUT;Sep-26;9,00;12.9;37,11;;;1
13/08/26;CAIXABANK;PUT;Sep-26;10,50;12.9;31,88;-0,02;;3
13/08/26;CAIXABANK;PUT;Sep-26;11,00;12.9;30,14;-0,04;;25
13/08/26;CAIXABANK;PUT;Sep-26;11,50;12.9;28,39;-0,09;;1
13/08/26;CAIXABANK;PUT;Sep-26;12,00;12.9;26,65;-0,18;;256
13/08/26;CAIXABANK;PUT;Sep-26;12,50;12.9;24,91;-0,32;;108
13/08/26;CAIXABANK;PUT;Sep-26;13,00;12.9;23,43;-0,52;;17
13/08/26;CAIXABANK;PUT;Sep-26;13,50;12.9;23,04;-0,72;;1
13/08/26;CAIXABANK;PUT;Dic-26;5,25;12.9;49,98;;;75
13/08/26;CAIXABANK;PUT;Dic-26;6,75;12.9;44,74;-0,01;;3
13/08/26;CAIXABANK;PUT;Dic-26;7,25;12.9;43,00;-0,01;;1
13/08/26;CAIXABANK;PUT;Dic-26;8,00;12.9;40,38;-0,02;;100
13/08/26;CAIXABANK;PUT;Dic-26;8,25;12.9;39,51;-0,02;;100
13/08/26;CAIXABANK;PUT;Dic-26;8,50;12.9;38,64;-0,03;;103
13/08/26;CAIXABANK;PUT;Dic-26;8,75;12.9;37,77;-0,03;;10
13/08/26;CAIXABANK;PUT;Dic-26;9,00;12.9;36,89;-0,04;;11
13/08/26;CAIXABANK;PUT;Dic-26;9,50;12.9;35,15;-0,06;;2
13/08/26;CAIXABANK;PUT;Dic-26;10,00;12.9;33,41;-0,09;;76
13/08/26;CAIXABANK;PUT;Dic-26;10,50;12.9;31,66;-0,12;;1.030
13/08/26;CAIXABANK;PUT;Dic-26;11,00;12.9;29,92;-0,17;;40
13/08/26;CAIXABANK;PUT;Dic-26;11,50;12.9;28,17;-0,23;;6.008
13/08/26;CAIXABANK;PUT;Dic-26;12,50;12.9;24,69;-0,40;;5
13/08/26;CAIXABANK;PUT;Mar-27;6,00;12.9;44,57;-0,01;;7.675
13/08/26;CAIXABANK;PUT;Mar-27;6,50;12.9;43,03;-0,01;;29.800
13/08/26;CAIXABANK;PUT;Mar-27;8,00;12.9;38,42;-0,04;;1
13/08/26;CAIXABANK;PUT;Mar-27;8,75;12.9;36,11;-0,06;;350
13/08/26;CAIXABANK;PUT;Mar-27;9,75;12.9;33,04;-0,11;;5
13/08/26;CAIXABANK;PUT;Mar-27;10,00;12.9;32,27;-0,13;;32
13/08/26;CAIXABANK;PUT;Mar-27;12,00;12.9;26,12;-0,33;;150
13/08/26;CAIXABANK;PUT;Mar-27;12,50;12.9;24,58;-0,40;;8
13/08/26;CAIXABANK;PUT;Jun-27;7,75;12.9;36,71;-0,05;;8.200
13/08/26;CAIXABANK;PUT;Jun-27;10,00;12.9;30,84;-0,17;;4.025
13/08/26;CAIXABANK;PUT;Jun-27;10,50;12.9;29,53;-0,21;;175
13/08/26;CAIXABANK;PUT;Jun-27;11,00;12.9;28,23;-0,25;;25
13/08/26;CAIXABANK;PUT;Jun-27;11,50;12.9;26,92;-0,31;;25
13/08/26;CAIXABANK;PUT;Jun-27;12,00;12.9;25,62;-0,37;;25
13/08/26;CAIXABANK;PUT;Jun-27;13,00;12.9;23,20;-0,51;;50
13/08/26;CAIXABANK;PUT;Dic-27;3,50;12.9;43,12;;;1
13/08/26;CAIXABANK;PUT;Dic-27;4,20;12.9;41,62;-0,01;;1
13/08/26;CAIXABANK;PUT;Dic-27;5,50;12.9;38,83;-0,02;;160
13/08/26;CAIXABANK;PUT;Dic-27;5,75;12.9;38,29;-0,02;;1
13/08/26;CAIXABANK;PUT;Dic-27;6,00;12.9;37,76;-0,03;;150
13/08/26;CAIXABANK;PUT;Dic-27;8,00;12.9;33,47;-0,08;;150
13/08/26;CAIXABANK;PUT;Dic-27;8,25;12.9;32,93;-0,10;;225
13/08/26;CAIXABANK;PUT;Dic-27;8,50;12.9;32,40;-0,11;;150
13/08/26;CAIXABANK;PUT;Dic-27;8,75;12.9;31,86;-0,12;;150
13/08/26;CAIXABANK;PUT;Dic-27;9,00;12.9;31,32;-0,13;;150
13/08/26;CAIXABANK;PUT;Dic-27;9,25;12.9;30,79;-0,15;;150
13/08/26;CAIXABANK;PUT;Dic-27;9,50;12.9;30,25;-0,16;;150
13/08/26;CAIXABANK;PUT;Dic-27;9,75;12.9;29,72;-0,18;;150
13/08/26;CAIXABANK;PUT;Dic-27;10,00;12.9;29,18;-0,20;;150
13/08/26;CAIXABANK;PUT;Jun-28;8,50;12.9;30,97;-0,13;;150
13/08/26;CAIXABANK;PUT;Jun-28;9,00;12.9;30,10;-0,16;;150
13/08/26;CAIXABANK;PUT;Jun-28;9,25;12.9;29,67;-0,18;;150
13/08/26;CAIXABANK;PUT;Jun-28;9,50;12.9;29,24;-0,19;;300
13/08/26;CAIXABANK;PUT;Jun-28;9,75;12.9;28,80;-0,21;;150
13/08/26;CAIXABANK;PUT;Jun-28;10,00;12.9;28,37;-0,23;;150
13/08/26;CAIXABANK;PUT;Dic-28;4,50;12.9;36,09;-0,02;;15.000
13/08/26;CAIXABANK;PUT;Dic-28;8,75;12.9;30,27;-0,16;;450
13/08/26;CAIXABANK;PUT;Dic-29;5,00;12.9;33,37;-0,04;;16.000
13/08/26;CAIXABANK;CALL;Ago-26;13,00;12.9;22,10;0,42;;10
13/08/26;CAIXABANK;CALL;Sep-26;13,00;12.9;22,73;0,48;;10
13/08/26;CAIXABANK;CALL;Dic-26;9,00;12.9;37,85;0,95;;10
13/08/26;CAIXABANK;CALL;Dic-26;11,00;12.9;30,88;0,82;;10
13/08/26;CAIXABANK;CALL;Dic-26;12,00;12.9;27,39;0,69;;10
13/08/26;CAIXABANK;CALL;Dic-26;12,50;12.9;25,65;0,60;;10
13/08/26;CAIXABANK;PUT;Ago-26;12,00;12.9;25,74;-0,03;;10
13/08/26;CAIXABANK;PUT;Sep-26;11,50;12.9;28,39;-0,09;;10
13/08/26;CELLNEX;CALL;Ago-26;25,00;27.42;36,40;0,96;;67
13/08/26;CELLNEX;CALL;Ago-26;26,00;27.42;34,85;0,86;;11
13/08/26;CELLNEX;CALL;Ago-26;27,00;27.42;33,31;0,64;20;55
13/08/26;CELLNEX;CALL;Ago-26;28,00;27.42;31,86;0,34;;24
13/08/26;CELLNEX;CALL;Ago-26;29,00;27.42;30,47;0,11;;25
13/08/26;CELLNEX;CALL;Ago-26;30,00;27.42;29,08;0,02;;3
13/08/26;CELLNEX;CALL;Ago-26;32,00;27.42;26,31;;;1
13/08/26;CELLNEX;CALL;Sep-26;25,00;27.42;32,90;0,83;;5
13/08/26;CELLNEX;CALL;Sep-26;26,00;27.42;31,58;0,73;;7
13/08/26;CELLNEX;CALL;Sep-26;27,00;27.42;30,27;0,59;20;21
13/08/26;CELLNEX;CALL;Sep-26;28,00;27.42;29,40;0,44;;20
13/08/26;CELLNEX;CALL;Sep-26;29,00;27.42;28,86;0,29;;44
13/08/26;CELLNEX;CALL;Sep-26;30,00;27.42;28,31;0,17;;37
13/08/26;CELLNEX;CALL;Sep-26;31,00;27.42;27,76;0,09;;22
13/08/26;CELLNEX;CALL;Sep-26;32,00;27.42;27,21;0,04;;56
13/08/26;CELLNEX;CALL;Sep-26;33,00;27.42;26,67;0,02;;25
13/08/26;CELLNEX;CALL;Sep-26;34,00;27.42;26,12;0,01;;41
13/08/26;CELLNEX;CALL;Sep-26;35,00;27.42;25,57;;;30
13/08/26;CELLNEX;CALL;Sep-26;36,00;27.42;25,03;;;25
13/08/26;CELLNEX;CALL;Sep-26;37,00;27.42;24,48;;;25
13/08/26;CELLNEX;CALL;Sep-26;38,00;27.42;23,93;;;25
13/08/26;CELLNEX;CALL;Sep-26;39,00;27.42;23,39;;;25
13/08/26;CELLNEX;CALL;Sep-26;40,00;27.42;22,84;;;25
13/08/26;CELLNEX;CALL;Dic-26;18,00;27.42;40,81;0,97;;2
13/08/26;CELLNEX;CALL;Dic-26;20,00;27.42;38,50;0,94;;1
13/08/26;CELLNEX;CALL;Dic-26;21,00;27.42;37,34;0,91;;1
13/08/26;CELLNEX;CALL;Dic-26;24,00;27.42;33,88;0,79;;11
13/08/26;CELLNEX;CALL;Dic-26;25,00;27.42;32,72;0,73;;47
13/08/26;CELLNEX;CALL;Dic-26;27,00;27.42;30,42;0,59;;25
13/08/26;CELLNEX;CALL;Dic-26;28,00;27.42;29,80;0,51;;96
13/08/26;CELLNEX;CALL;Dic-26;29,00;27.42;29,57;0,43;;2.064
13/08/26;CELLNEX;CALL;Dic-26;30,00;27.42;29,33;0,35;;148
13/08/26;CELLNEX;CALL;Dic-26;31,00;27.42;29,10;0,28;;110
13/08/26;CELLNEX;CALL;Dic-26;32,00;27.42;28,87;0,22;;218
13/08/26;CELLNEX;CALL;Dic-26;33,00;27.42;28,64;0,17;2;120
13/08/26;CELLNEX;CALL;Dic-26;34,00;27.42;28,41;0,13;;190
13/08/26;CELLNEX;CALL;Dic-26;35,00;27.42;28,18;0,09;;115
13/08/26;CELLNEX;CALL;Dic-26;36,00;27.42;27,95;0,06;;85
13/08/26;CELLNEX;CALL;Dic-26;37,00;27.42;27,72;0,05;;50
13/08/26;CELLNEX;CALL;Dic-26;38,00;27.42;27,49;0,03;;25
13/08/26;CELLNEX;CALL;Dic-26;39,00;27.42;27,26;0,02;;25
13/08/26;CELLNEX;CALL;Dic-26;40,00;27.42;27,02;0,01;;125
13/08/26;CELLNEX;CALL;Dic-26;42,00;27.42;26,56;;;25
13/08/26;CELLNEX;CALL;Dic-26;44,00;27.42;26,10;;;25
13/08/26;CELLNEX;CALL;Dic-26;45,00;27.42;25,87;;;25
13/08/26;CELLNEX;CALL;Dic-26;46,00;27.42;25,64;;;25
13/08/26;CELLNEX;CALL;Mar-27;20,00;27.42;36,34;0,91;;33
13/08/26;CELLNEX;CALL;Mar-27;22,00;27.42;34,67;0,85;;4
13/08/26;CELLNEX;CALL;Mar-27;23,00;27.42;33,83;0,81;;2
13/08/26;CELLNEX;CALL;Mar-27;25,00;27.42;32,15;0,71;;50
13/08/26;CELLNEX;CALL;Mar-27;26,00;27.42;31,31;0,65;;26
13/08/26;CELLNEX;CALL;Mar-27;27,00;27.42;30,47;0,59;;25
13/08/26;CELLNEX;CALL;Mar-27;28,00;27.42;29,96;0,52;;51
13/08/26;CELLNEX;CALL;Mar-27;29,00;27.42;29,70;0,46;;1
13/08/26;CELLNEX;CALL;Mar-27;30,00;27.42;29,43;0,40;;317
13/08/26;CELLNEX;CALL;Mar-27;31,00;27.42;29,16;0,34;;75
13/08/26;CELLNEX;CALL;Mar-27;32,00;27.42;28,90;0,29;;120
13/08/26;CELLNEX;CALL;Mar-27;33,00;27.42;28,63;0,24;;51
13/08/26;CELLNEX;CALL;Mar-27;34,00;27.42;28,36;0,20;;25
13/08/26;CELLNEX;CALL;Mar-27;35,00;27.42;28,09;0,16;;25
13/08/26;CELLNEX;CALL;Jun-27;20,00;27.42;35,30;0,88;;6
13/08/26;CELLNEX;CALL;Jun-27;25,00;27.42;31,90;0,69;;1
13/08/26;CELLNEX;CALL;Jun-27;28,00;27.42;30,09;0,54;;100
13/08/26;CELLNEX;CALL;Jun-27;29,00;27.42;29,81;0,48;;100
13/08/26;CELLNEX;CALL;Jun-27;30,00;27.42;29,53;0,43;;125
13/08/26;CELLNEX;CALL;Jun-27;31,00;27.42;29,25;0,38;;150
13/08/26;CELLNEX;CALL;Jun-27;32,00;27.42;28,97;0,34;;100
13/08/26;CELLNEX;CALL;Jun-27;33,00;27.42;28,69;0,30;;112
13/08/26;CELLNEX;CALL;Jun-27;34,00;27.42;28,41;0,25;;175
13/08/26;CELLNEX;CALL;Jun-27;35,00;27.42;28,13;0,22;;150
13/08/26;CELLNEX;CALL;Jun-27;36,00;27.42;27,85;0,18;;125
13/08/26;CELLNEX;CALL;Jun-27;37,00;27.42;27,57;0,15;;125
13/08/26;CELLNEX;CALL;Jun-27;38,00;27.42;27,29;0,13;;75
13/08/26;CELLNEX;CALL;Jun-27;39,00;27.42;27,01;0,10;;75
13/08/26;CELLNEX;CALL;Jun-27;40,00;27.42;26,73;0,08;;50
13/08/26;CELLNEX;CALL;Jun-27;41,00;27.42;26,45;0,07;;50
13/08/26;CELLNEX;CALL;Jun-27;42,00;27.42;26,17;0,05;;50
13/08/26;CELLNEX;CALL;Jun-27;43,00;27.42;25,89;0,04;;50
13/08/26;CELLNEX;CALL;Jun-27;44,00;27.42;25,61;0,03;;50
13/08/26;CELLNEX;CALL;Jun-27;45,00;27.42;25,33;0,02;;50
13/08/26;CELLNEX;CALL;Jun-27;46,00;27.42;25,06;0,02;;50
13/08/26;CELLNEX;CALL;Jun-27;49,00;27.42;24,22;0,01;;50
13/08/26;CELLNEX;CALL;Jun-27;50,00;27.42;23,94;;;411
13/08/26;CELLNEX;CALL;Sep-27;34,00;27.42;28,30;0,28;;20
13/08/26;CELLNEX;CALL;Sep-27;35,00;27.42;28,00;0,25;;100
13/08/26;CELLNEX;CALL;Sep-27;36,00;27.42;27,69;0,21;;75
13/08/26;CELLNEX;CALL;Sep-27;37,00;27.42;27,39;0,18;;75
13/08/26;CELLNEX;CALL;Sep-27;41,00;27.42;26,17;0,09;;50
13/08/26;CELLNEX;CALL;Dic-27;25,00;27.42;31,83;0,68;;25
13/08/26;CELLNEX;CALL;Dic-27;26,00;27.42;31,33;0,64;;2
13/08/26;CELLNEX;CALL;Dic-27;27,00;27.42;30,83;0,60;;2.500
13/08/26;CELLNEX;CALL;Dic-27;28,00;27.42;30,46;0,55;;7
13/08/26;CELLNEX;CALL;Dic-27;29,00;27.42;30,20;0,51;;1
13/08/26;CELLNEX;CALL;Dic-27;30,00;27.42;29,93;0,47;;115
13/08/26;CELLNEX;CALL;Dic-27;31,00;27.42;29,66;0,43;;75
13/08/26;CELLNEX;CALL;Dic-27;32,00;27.42;29,40;0,39;;51
13/08/26;CELLNEX;CALL;Dic-27;33,00;27.42;29,13;0,36;;25
13/08/26;CELLNEX;CALL;Dic-27;34,00;27.42;28,86;0,32;;74
13/08/26;CELLNEX;CALL;Dic-27;35,00;27.42;28,59;0,29;;50
13/08/26;CELLNEX;CALL;Dic-27;37,00;27.42;28,06;0,23;;25
13/08/26;CELLNEX;CALL;Dic-27;38,00;27.42;27,79;0,20;;570
13/08/26;CELLNEX;CALL;Dic-27;40,00;27.42;27,26;0,15;;48
13/08/26;CELLNEX;CALL;Dic-27;44,00;27.42;26,19;0,08;;25
13/08/26;CELLNEX;CALL;Mar-28;29,00;27.42;30,60;0,52;;11
13/08/26;CELLNEX;CALL;Jun-28;26,00;27.42;31,38;0,64;;4
13/08/26;CELLNEX;CALL;Dic-29;40,00;27.42;29,55;0,33;;1.260
13/08/26;CELLNEX;PUT;Ago-26;21,00;27.42;41,55;;;2
13/08/26;CELLNEX;PUT;Ago-26;22,00;27.42;40,01;;;1
13/08/26;CELLNEX;PUT;Ago-26;23,00;27.42;38,46;;;60
13/08/26;CELLNEX;PUT;Ago-26;24,00;27.42;36,92;-0,01;;59
13/08/26;CELLNEX;PUT;Ago-26;25,00;27.42;35,38;-0,04;;18
13/08/26;CELLNEX;PUT;Ago-26;26,00;27.42;33,83;-0,14;;26
13/08/26;CELLNEX;PUT;Ago-26;27,00;27.42;32,29;-0,36;;10
13/08/26;CELLNEX;PUT;Sep-26;19,00;27.42;39,63;;;1
13/08/26;CELLNEX;PUT;Sep-26;20,00;27.42;38,32;;;1
13/08/26;CELLNEX;PUT;Sep-26;21,00;27.42;37,01;-0,01;;19
13/08/26;CELLNEX;PUT;Sep-26;22,00;27.42;35,70;-0,02;;62
13/08/26;CELLNEX;PUT;Sep-26;23,00;27.42;34,38;-0,04;;23
13/08/26;CELLNEX;PUT;Sep-26;24,00;27.42;33,07;-0,09;1;242
13/08/26;CELLNEX;PUT;Sep-26;25,00;27.42;31,76;-0,16;;70
13/08/26;CELLNEX;PUT;Sep-26;26,00;27.42;30,44;-0,27;;44
13/08/26;CELLNEX;PUT;Sep-26;27,00;27.42;29,13;-0,41;;88
13/08/26;CELLNEX;PUT;Sep-26;28,00;27.42;28,26;-0,57;;51
13/08/26;CELLNEX;PUT;Sep-26;29,00;27.42;27,72;-0,72;;28
13/08/26;CELLNEX;PUT;Sep-26;30,00;27.42;27,17;-0,85;;21
13/08/26;CELLNEX;PUT;Oct-26;23,00;27.42;34,25;-0,09;;10
13/08/26;CELLNEX;PUT;Oct-26;27,00;27.42;29,19;-0,42;;20
13/08/26;CELLNEX;PUT;Dic-26;18,00;27.42;39,03;-0,02;;2.001
13/08/26;CELLNEX;PUT;Dic-26;20,00;27.42;36,72;-0,05;;21
13/08/26;CELLNEX;PUT;Dic-26;21,00;27.42;35,56;-0,08;;225
13/08/26;CELLNEX;PUT;Dic-26;22,00;27.42;34,41;-0,11;;129
13/08/26;CELLNEX;PUT;Dic-26;23,00;27.42;33,25;-0,15;;689
13/08/26;CELLNEX;PUT;Dic-26;24,00;27.42;32,10;-0,20;;4.502
13/08/26;CELLNEX;PUT;Dic-26;25,00;27.42;30,94;-0,26;;59
13/08/26;CELLNEX;PUT;Dic-26;26,00;27.42;29,79;-0,33;;102
13/08/26;CELLNEX;PUT;Dic-26;27,00;27.42;28,64;-0,42;41;94
13/08/26;CELLNEX;PUT;Dic-26;28,00;27.42;28,02;-0,50;;25
13/08/26;CELLNEX;PUT;Dic-26;29,00;27.42;27,79;-0,59;;3
13/08/26;CELLNEX;PUT;Dic-26;30,00;27.42;27,55;-0,68;;1
13/08/26;CELLNEX;PUT;Dic-26;32,00;27.42;27,09;-0,82;;26
13/08/26;CELLNEX;PUT;Dic-26;33,00;27.42;26,86;-0,88;;25
13/08/26;CELLNEX;PUT;Mar-27;20,00;27.42;34,48;-0,09;;1
13/08/26;CELLNEX;PUT;Mar-27;22,00;27.42;32,81;-0,16;;100
13/08/26;CELLNEX;PUT;Mar-27;23,00;27.42;31,97;-0,20;;53
13/08/26;CELLNEX;PUT;Mar-27;24,00;27.42;31,13;-0,25;;2
13/08/26;CELLNEX;PUT;Mar-27;25,00;27.42;30,29;-0,31;;75
13/08/26;CELLNEX;PUT;Mar-27;26,00;27.42;29,45;-0,37;;63
13/08/26;CELLNEX;PUT;Mar-27;27,00;27.42;28,61;-0,43;;117
13/08/26;CELLNEX;PUT;Mar-27;28,00;27.42;28,10;-0,50;;5
13/08/26;CELLNEX;PUT;Mar-27;30,00;27.42;27,57;-0,63;;9
13/08/26;CELLNEX;PUT;Mar-27;31,00;27.42;27,30;-0,69;;2
13/08/26;CELLNEX;PUT;Mar-27;32,00;27.42;27,04;-0,75;;10
13/08/26;CELLNEX;PUT;Mar-27;36,00;27.42;25,97;-0,90;;25
13/08/26;CELLNEX;PUT;Mar-27;37,00;27.42;25,70;-0,93;;25
13/08/26;CELLNEX;PUT;Jun-27;20,00;27.42;33,02;-0,12;;25
13/08/26;CELLNEX;PUT;Jun-27;22,00;27.42;31,66;-0,18;;26
13/08/26;CELLNEX;PUT;Jun-27;23,00;27.42;30,98;-0,22;;25
13/08/26;CELLNEX;PUT;Jun-27;24,00;27.42;30,30;-0,27;;59
13/08/26;CELLNEX;PUT;Jun-27;25,00;27.42;29,62;-0,32;;25
13/08/26;CELLNEX;PUT;Jun-27;26,00;27.42;28,94;-0,37;25;1.575
13/08/26;CELLNEX;PUT;Jun-27;27,00;27.42;28,26;-0,43;;10
13/08/26;CELLNEX;PUT;Jun-27;28,00;27.42;27,81;-0,48;;1
13/08/26;CELLNEX;PUT;Jun-27;29,00;27.42;27,53;-0,54;;1
13/08/26;CELLNEX;PUT;Jun-27;30,00;27.42;27,25;-0,60;;25
13/08/26;CELLNEX;PUT;Jun-27;31,00;27.42;26,97;-0,65;;75
13/08/26;CELLNEX;PUT;Jun-27;32,00;27.42;26,69;-0,70;;50
13/08/26;CELLNEX;PUT;Jun-27;33,00;27.42;26,41;-0,75;;50
13/08/26;CELLNEX;PUT;Jun-27;34,00;27.42;26,13;-0,80;;100
13/08/26;CELLNEX;PUT;Jun-27;35,00;27.42;25,85;-0,84;;100
13/08/26;CELLNEX;PUT;Jun-27;36,00;27.42;25,57;-0,87;;125
13/08/26;CELLNEX;PUT;Jun-27;37,00;27.42;25,29;-0,90;;100
13/08/26;CELLNEX;PUT;Jun-27;38,00;27.42;25,01;-0,92;;100
13/08/26;CELLNEX;PUT;Jun-27;39,00;27.42;24,73;-0,94;;25
13/08/26;CELLNEX;PUT;Sep-27;21,00;27.42;30,97;-0,17;;1
13/08/26;CELLNEX;PUT;Sep-27;24,00;27.42;29,19;-0,28;;3
13/08/26;CELLNEX;PUT;Sep-27;36,00;27.42;24,54;-0,84;;25
13/08/26;CELLNEX;PUT;Sep-27;37,00;27.42;24,24;-0,87;;25
13/08/26;CELLNEX;PUT;Dic-27;21,00;27.42;30,12;-0,17;;1
13/08/26;CELLNEX;PUT;Dic-27;23,00;27.42;29,12;-0,25;;3
13/08/26;CELLNEX;PUT;Dic-27;30,00;27.42;26,23;-0,57;;75
13/08/26;CELLNEX;PUT;Dic-27;31,00;27.42;25,96;-0,61;;50
13/08/26;CELLNEX;PUT;Dic-27;32,00;27.42;25,70;-0,66;;26
13/08/26;CELLNEX;PUT;Dic-27;33,00;27.42;25,43;-0,70;;25
13/08/26;CELLNEX;PUT;Dic-27;34,00;27.42;25,16;-0,74;;25
13/08/26;CELLNEX;PUT;Mar-28;21,00;27.42;29,58;-0,19;;25
13/08/26;CELLNEX;PUT;Mar-28;22,00;27.42;29,16;-0,22;;100
13/08/26;CELLNEX;PUT;Mar-28;24,00;27.42;28,31;-0,30;;100
13/08/26;CELLNEX;PUT;Mar-28;25,00;27.42;27,88;-0,34;;2
13/08/26;CELLNEX;PUT;Jun-28;30,00;27.42;26,71;-0,54;;3
13/08/26;CELLNEX;CALL;Sep-26;28,00;27.42;29,40;0,44;;25
13/08/26;CELLNEX;CALL;Sep-26;31,00;27.42;27,76;0,09;;25
13/08/26;CELLNEX;CALL;Sep-26;32,00;27.42;27,21;0,04;;25
13/08/26;CELLNEX;CALL;Sep-26;33,00;27.42;26,67;0,02;;25
13/08/26;CELLNEX;CALL;Dic-26;28,00;27.42;29,80;0,50;;50
13/08/26;CELLNEX;CALL;Dic-26;29,00;27.42;29,57;0,42;;3
13/08/26;CELLNEX;CALL;Dic-26;32,00;27.42;28,87;0,22;;50
13/08/26;CELLNEX;CALL;Dic-26;35,00;27.42;28,18;0,09;;18
13/08/26;CELLNEX;CALL;Dic-30;30,00;27.42;30,23;0,50;;60
13/08/26;CELLNEX;PUT;Sep-26;25,00;27.42;31,76;-0,16;;10
13/08/26;CELLNEX;PUT;Dic-26;24,00;27.42;32,10;-0,20;;2
13/08/26;CELLNEX;PUT;Mar-27;24,00;27.42;31,13;-0,25;;2
13/08/26;CELLNEX;PUT;Mar-27;25,00;27.42;30,29;-0,30;1;1
13/08/26;CELLNEX;PUT;Jun-27;23,00;27.42;30,98;-0,21;;2
13/08/26;CIE AUTOMOTIVE;CALL;Ago-26;25,00;25.8;20,69;0,85;;5
13/08/26;CIE AUTOMOTIVE;CALL;Sep-26;23,00;25.8;21,29;0,96;;4
13/08/26;CIE AUTOMOTIVE;CALL;Sep-26;30,00;25.8;19,07;0,01;;10
13/08/26;CIE AUTOMOTIVE;CALL;Sep-26;31,00;25.8;18,87;;;11
13/08/26;CIE AUTOMOTIVE;CALL;Sep-26;33,00;25.8;18,48;;;1
13/08/26;CIE AUTOMOTIVE;CALL;Dic-26;22,00;25.8;20,91;0,92;;4
13/08/26;CIE AUTOMOTIVE;CALL;Dic-26;24,00;25.8;19,98;0,77;;1
13/08/26;CIE AUTOMOTIVE;CALL;Dic-26;26,00;25.8;19,11;0,52;;2
13/08/26;CIE AUTOMOTIVE;CALL;Dic-26;27,00;25.8;18,97;0,39;;6
13/08/26;CIE AUTOMOTIVE;CALL;Dic-26;31,00;25.8;18,40;0,06;;2
13/08/26;CIE AUTOMOTIVE;CALL;Mar-27;22,00;25.8;20,58;0,89;;1
13/08/26;CIE AUTOMOTIVE;CALL;Mar-27;24,00;25.8;19,81;0,74;;2
13/08/26;CIE AUTOMOTIVE;CALL;Mar-27;25,00;25.8;19,42;0,64;;2
13/08/26;CIE AUTOMOTIVE;CALL;Mar-27;29,00;25.8;18,78;0,23;;1
13/08/26;CIE AUTOMOTIVE;CALL;Mar-27;30,00;25.8;18,68;0,16;;2
13/08/26;CIE AUTOMOTIVE;CALL;Jun-27;29,00;25.8;18,78;0,28;;43
13/08/26;CIE AUTOMOTIVE;PUT;Ago-26;25,00;25.8;20,43;-0,14;;1
13/08/26;CIE AUTOMOTIVE;PUT;Ago-26;26,00;25.8;19,91;-0,59;;5
13/08/26;CIE AUTOMOTIVE;PUT;Sep-26;26,00;25.8;19,13;-0,53;;1
13/08/26;CIE AUTOMOTIVE;PUT;Dic-26;24,00;25.8;20,65;-0,24;;2
13/08/26;CIE AUTOMOTIVE;PUT;Dic-26;25,00;25.8;20,18;-0,35;;1
13/08/26;CIE AUTOMOTIVE;PUT;Dic-26;26,00;25.8;19,78;-0,48;;2
13/08/26;CIE AUTOMOTIVE;PUT;Mar-27;24,00;25.8;20,02;-0,31;;1
13/08/26;CIE AUTOMOTIVE;PUT;Mar-27;28,00;25.8;19,09;-0,71;;20
13/08/26;COLONIAL;CALL;Sep-26;5,25;5.61;20,91;0,85;;45
13/08/26;COLONIAL;CALL;Sep-26;5,75;5.61;20,02;0,37;;20
13/08/26;COLONIAL;CALL;Dic-26;4,60;5.61;21,31;0,95;;65
13/08/26;COLONIAL;CALL;Dic-26;5,25;5.61;20,65;0,75;;5
13/08/26;COLONIAL;CALL;Dic-26;5,50;5.61;20,40;0,61;;5
13/08/26;COLONIAL;CALL;Dic-26;9,50;5.61;17,05;;;1
13/08/26;COLONIAL;CALL;Mar-27;5,50;5.61;19,58;0,62;;25
13/08/26;COLONIAL;CALL;Mar-27;5,75;5.61;19,41;0,50;;45
13/08/26;COLONIAL;CALL;Mar-27;6,00;5.61;19,23;0,39;;1
13/08/26;COLONIAL;PUT;Ago-26;5,00;5.61;19,24;;;85
13/08/26;COLONIAL;PUT;Ago-26;5,25;5.61;17,74;-0,01;;5
13/08/26;COLONIAL;PUT;Ago-26;5,50;5.61;16,24;-0,21;;7
13/08/26;COLONIAL;PUT;Ago-26;5,75;5.61;15,10;-0,87;;2
13/08/26;COLONIAL;PUT;Sep-26;4,70;5.61;21,24;;;1
13/08/26;COLONIAL;PUT;Sep-26;4,80;5.61;21,04;-0,01;;10
13/08/26;COLONIAL;PUT;Sep-26;5,00;5.61;20,65;-0,03;;219
13/08/26;COLONIAL;PUT;Sep-26;5,25;5.61;20,16;-0,14;;1
13/08/26;COLONIAL;PUT;Sep-26;5,50;5.61;19,67;-0,36;;17
13/08/26;COLONIAL;PUT;Dic-26;4,00;5.61;21,55;;;1
13/08/26;COLONIAL;PUT;Dic-26;4,30;5.61;21,25;-0,01;;2.000
13/08/26;COLONIAL;PUT;Dic-26;4,80;5.61;20,74;-0,08;;2
13/08/26;COLONIAL;PUT;Dic-26;4,90;5.61;20,64;-0,11;;2
13/08/26;COLONIAL;PUT;Dic-26;5,00;5.61;20,54;-0,14;;130
13/08/26;COLONIAL;PUT;Dic-26;5,25;5.61;20,29;-0,25;;959
13/08/26;COLONIAL;PUT;Dic-26;5,50;5.61;20,04;-0,39;;102
13/08/26;COLONIAL;PUT;Mar-27;4,80;5.61;19,66;-0,12;;1
13/08/26;COLONIAL;PUT;Mar-27;5,00;5.61;19,53;-0,18;;101
13/08/26;COLONIAL;PUT;Mar-27;5,25;5.61;19,36;-0,28;;200
13/08/26;COLONIAL;PUT;Mar-27;5,50;5.61;19,20;-0,39;;304
13/08/26;COLONIAL;PUT;Jun-27;5,50;5.61;19,82;-0,39;;141
13/08/26;EBRO FOODS;CALL;Sep-26;18,50;18.18;14,29;0,38;;3
13/08/26;EBRO FOODS;CALL;Sep-26;19,00;18.18;13,47;0,17;;3
13/08/26;EBRO FOODS;CALL;Mar-27;18,50;18.18;13,96;0,46;;1
13/08/26;EBRO FOODS;CALL;Jun-27;18,00;18.18;14,36;0,56;;1
13/08/26;EBRO FOODS;PUT;Sep-26;17,00;18.18;14,76;-0,06;;1
13/08/26;EBRO FOODS;PUT;Sep-26;17,50;18.18;14,36;-0,18;;1
13/08/26;EBRO FOODS;PUT;Sep-26;18,00;18.18;13,96;-0,39;;1
13/08/26;EBRO FOODS;PUT;Dic-26;17,50;18.18;14,62;-0,34;;3
13/08/26;EBRO FOODS;PUT;Dic-26;18,50;18.18;13,95;-0,61;;2
13/08/26;EBRO FOODS;PUT;Jun-27;18,00;18.18;13,96;-0,47;;8
13/08/26;ENAGAS;CALL;Ago-26;15,50;16.85;28,30;0,98;;3
13/08/26;ENAGAS;CALL;Ago-26;17,00;16.85;25,11;0,42;;4
13/08/26;ENAGAS;CALL;Ago-26;17,50;16.85;24,62;0,16;;11
13/08/26;ENAGAS;CALL;Ago-26;18,00;16.85;24,12;0,03;;10
13/08/26;ENAGAS;CALL;Ago-26;18,50;16.85;23,63;;;4
13/08/26;ENAGAS;CALL;Sep-26;15,00;16.85;23,09;0,95;;1
13/08/26;ENAGAS;CALL;Sep-26;16,00;16.85;21,11;0,80;;7
13/08/26;ENAGAS;CALL;Sep-26;17,00;16.85;19,23;0,47;;5
13/08/26;ENAGAS;CALL;Sep-26;17,50;16.85;18,58;0,28;;307
13/08/26;ENAGAS;CALL;Sep-26;18,00;16.85;17,93;0,13;;46
13/08/26;ENAGAS;CALL;Sep-26;18,50;16.85;17,28;0,05;;26
13/08/26;ENAGAS;CALL;Sep-26;19,00;16.85;16,62;0,01;;1
13/08/26;ENAGAS;CALL;Oct-26;18,00;16.85;18,68;0,23;1;1
13/08/26;ENAGAS;CALL;Oct-26;19,00;16.85;17,35;0,06;;1
13/08/26;ENAGAS;CALL;Dic-26;15,50;16.85;24,11;0,76;;25
13/08/26;ENAGAS;CALL;Dic-26;16,00;16.85;23,24;0,69;;417
13/08/26;ENAGAS;CALL;Dic-26;17,00;16.85;21,61;0,52;;30
13/08/26;ENAGAS;CALL;Dic-26;17,50;16.85;21,12;0,43;;38
13/08/26;ENAGAS;CALL;Dic-26;18,00;16.85;20,62;0,34;;87
13/08/26;ENAGAS;CALL;Dic-26;18,50;16.85;20,13;0,26;;60
13/08/26;ENAGAS;CALL;Dic-26;19,00;16.85;19,63;0,18;;146
13/08/26;ENAGAS;CALL;Dic-26;19,50;16.85;19,14;0,12;;123
13/08/26;ENAGAS;CALL;Dic-26;20,00;16.85;18,64;0,08;;27
13/08/26;ENAGAS;CALL;Mar-27;12,00;16.85;27,80;0,98;;1
13/08/26;ENAGAS;CALL;Mar-27;15,50;16.85;23,10;0,74;;301
13/08/26;ENAGAS;CALL;Mar-27;16,00;16.85;22,42;0,67;;32
13/08/26;ENAGAS;CALL;Mar-27;17,00;16.85;21,18;0,52;;56
13/08/26;ENAGAS;CALL;Mar-27;17,50;16.85;20,83;0,44;;34
13/08/26;ENAGAS;CALL;Mar-27;18,00;16.85;20,48;0,36;;142
13/08/26;ENAGAS;CALL;Mar-27;19,00;16.85;19,79;0,23;;63
13/08/26;ENAGAS;CALL;Mar-27;19,50;16.85;19,45;0,17;;10
13/08/26;ENAGAS;CALL;Mar-27;20,00;16.85;19,10;0,13;;96
13/08/26;ENAGAS;CALL;Jun-27;16,00;16.85;23,12;0,64;;10
13/08/26;ENAGAS;CALL;Jun-27;18,00;16.85;21,47;0,41;;26
13/08/26;ENAGAS;CALL;Jun-27;19,50;16.85;20,66;0,25;;2
13/08/26;ENAGAS;CALL;Jun-27;20,00;16.85;20,40;0,20;;5
13/08/26;ENAGAS;CALL;Sep-27;20,00;16.85;21,84;0,24;;29
13/08/26;ENAGAS;CALL;Sep-27;20,50;16.85;21,62;0,20;;2
13/08/26;ENAGAS;CALL;Dic-27;15,00;16.85;25,57;0,72;;1
13/08/26;ENAGAS;CALL;Dic-27;16,00;16.85;24,48;0,63;;26
13/08/26;ENAGAS;CALL;Dic-27;19,50;16.85;22,56;0,31;;2
13/08/26;ENAGAS;CALL;Dic-27;20,00;16.85;22,38;0,27;;1
13/08/26;ENAGAS;CALL;Dic-27;20,50;16.85;22,19;0,24;;1
13/08/26;ENAGAS;CALL;Dic-27;21,00;16.85;22,00;0,20;;10
13/08/26;ENAGAS;CALL;Jun-28;18,00;16.85;21,56;0,43;;1
13/08/26;ENAGAS;CALL;Dic-28;16,00;16.85;20,85;0,61;;1
13/08/26;ENAGAS;PUT;Ago-26;16,00;16.85;24,10;-0,07;;22
13/08/26;ENAGAS;PUT;Ago-26;16,50;16.85;22,97;-0,26;;11
13/08/26;ENAGAS;PUT;Ago-26;17,00;16.85;22,03;-0,60;;3
13/08/26;ENAGAS;PUT;Sep-26;12,00;16.85;27,88;;;6
13/08/26;ENAGAS;PUT;Sep-26;12,50;16.85;26,90;;;12
13/08/26;ENAGAS;PUT;Sep-26;13,00;16.85;25,91;;;217
13/08/26;ENAGAS;PUT;Sep-26;13,50;16.85;24,92;;;27
13/08/26;ENAGAS;PUT;Sep-26;14,00;16.85;23,93;-0,01;;44
13/08/26;ENAGAS;PUT;Sep-26;14,50;16.85;22,94;-0,02;;1
13/08/26;ENAGAS;PUT;Sep-26;15,00;16.85;21,95;-0,04;;25
13/08/26;ENAGAS;PUT;Sep-26;15,50;16.85;20,96;-0,09;;45
13/08/26;ENAGAS;PUT;Sep-26;16,00;16.85;19,97;-0,19;;11
13/08/26;ENAGAS;PUT;Sep-26;16,50;16.85;18,98;-0,34;;12
13/08/26;ENAGAS;PUT;Sep-26;17,00;16.85;18,09;-0,54;;1
13/08/26;ENAGAS;PUT;Sep-26;17,50;16.85;17,44;-0,74;;3
13/08/26;ENAGAS;PUT;Sep-26;18,00;16.85;16,79;-0,90;;1
13/08/26;ENAGAS;PUT;Oct-26;16,50;16.85;19,52;-0,37;;3
13/08/26;ENAGAS;PUT;Dic-26;12,50;16.85;30,40;-0,04;;2
13/08/26;ENAGAS;PUT;Dic-26;13,00;16.85;29,53;-0,05;;227
13/08/26;ENAGAS;PUT;Dic-26;13,50;16.85;28,66;-0,08;;51
13/08/26;ENAGAS;PUT;Dic-26;14,00;16.85;27,79;-0,10;;284
13/08/26;ENAGAS;PUT;Dic-26;14,50;16.85;26,92;-0,14;;126
13/08/26;ENAGAS;PUT;Dic-26;15,00;16.85;26,05;-0,19;;602
13/08/26;ENAGAS;PUT;Dic-26;15,50;16.85;25,18;-0,25;;31
13/08/26;ENAGAS;PUT;Dic-26;16,00;16.85;24,31;-0,32;;35
13/08/26;ENAGAS;PUT;Dic-26;16,50;16.85;23,44;-0,40;;25
13/08/26;ENAGAS;PUT;Dic-26;17,50;16.85;22,19;-0,58;;26
13/08/26;ENAGAS;PUT;Mar-27;12,00;16.85;26,30;-0,04;;1
13/08/26;ENAGAS;PUT;Mar-27;13,00;16.85;24,96;-0,08;;25
13/08/26;ENAGAS;PUT;Mar-27;14,00;16.85;23,61;-0,15;;233
13/08/26;ENAGAS;PUT;Mar-27;14,50;16.85;22,94;-0,19;;56
13/08/26;ENAGAS;PUT;Mar-27;15,00;16.85;22,27;-0,24;;30
13/08/26;ENAGAS;PUT;Mar-27;15,50;16.85;21,60;-0,30;;3
13/08/26;ENAGAS;PUT;Mar-27;16,00;16.85;20,92;-0,37;;540
13/08/26;ENAGAS;PUT;Mar-27;16,50;16.85;20,25;-0,45;;27
13/08/26;ENAGAS;PUT;Mar-27;17,00;16.85;19,68;-0,53;;36
13/08/26;ENAGAS;PUT;Jun-27;17,00;16.85;19,90;-0,51;;52
13/08/26;ENAGAS;PUT;Jun-27;17,50;16.85;19,63;-0,58;;28
13/08/26;ENAGAS;PUT;Sep-27;12,50;16.85;25,57;-0,13;;470
13/08/26;ENAGAS;PUT;Sep-27;13,00;16.85;25,00;-0,16;;75
13/08/26;ENAGAS;PUT;Sep-27;13,50;16.85;24,44;-0,20;;1
13/08/26;ENAGAS;PUT;Sep-27;14,00;16.85;23,87;-0,23;;25
13/08/26;ENAGAS;PUT;Sep-27;17,00;16.85;20,59;-0,54;;25
13/08/26;ENAGAS;PUT;Dic-27;11,00;16.85;26,60;-0,07;;4.100
13/08/26;ENAGAS;PUT;Dic-27;14,00;16.85;23,34;-0,24;;1
13/08/26;ENAGAS;PUT;Mar-28;12,00;16.85;23,78;-0,13;;75
13/08/26;ENAGAS;PUT;Mar-28;14,50;16.85;21,30;-0,30;;173
13/08/26;ENAGAS;PUT;Mar-28;15,50;16.85;20,32;-0,40;;25
13/08/26;ENAGAS;PUT;Mar-28;16,00;16.85;19,82;-0,45;;50
13/08/26;ENAGAS;PUT;Mar-28;16,50;16.85;19,33;-0,50;;25
13/08/26;ENAGAS;PUT;Jun-28;16,00;16.85;18,88;-0,44;;25
13/08/26;ENAGAS;PUT;Jun-28;16,50;16.85;18,43;-0,50;;25
13/08/26;ENAGAS;PUT;Jun-28;18,00;16.85;17,81;-0,64;;141
13/08/26;ENAGAS;CALL;Sep-26;12,50;16.85;28,04;1,00;;25
13/08/26;ENAGAS;CALL;Sep-26;13,50;16.85;26,06;0,99;;5
13/08/26;ENAGAS;CALL;Sep-26;14,00;16.85;25,07;0,99;;6
13/08/26;ENAGAS;CALL;Sep-26;17,00;16.85;19,23;0,47;;1
13/08/26;ENAGAS;CALL;Sep-26;17,50;16.85;18,58;0,28;;1
13/08/26;ENAGAS;CALL;Sep-26;18,00;16.85;17,93;0,14;;25
13/08/26;ENAGAS;CALL;Dic-26;16,50;16.85;22,37;0,61;;25
13/08/26;ENAGAS;CALL;Dic-26;18,00;16.85;20,62;0,34;;25
13/08/26;ENAGAS;PUT;Sep-26;11,00;16.85;29,86;;;1
13/08/26;ENAGAS;PUT;Sep-26;14,00;16.85;23,93;-0,01;;25
13/08/26;ENAGAS;PUT;Sep-26;15,50;16.85;20,96;-0,09;;25
13/08/26;ENAGAS;PUT;Sep-26;16,00;16.85;19,97;-0,19;;2
13/08/26;ENAGAS;PUT;Sep-26;17,00;16.85;18,09;-0,53;;25
13/08/26;ENAGAS;PUT;Dic-26;13,00;16.85;29,53;-0,05;;25
13/08/26;ENAGAS;PUT;Dic-26;13,50;16.85;28,66;-0,07;;75
13/08/26;ENAGAS;PUT;Dic-26;14,00;16.85;27,79;-0,10;;25
13/08/26;ENAGAS;PUT;Dic-26;17,00;16.85;22,68;-0,47;;10
13/08/26;ENAGAS;PUT;Mar-27;14,50;16.85;22,94;-0,19;;50
13/08/26;ENAGAS;PUT;Mar-27;15,00;16.85;22,27;-0,24;;1
13/08/26;ENAGAS;PUT;Mar-27;15,50;16.85;21,60;-0,29;;9
13/08/26;ENAGAS;PUT;Jun-27;15,50;16.85;21,64;-0,30;;6
13/08/26;ENCE;CALL;Ago-26;2,40;2.59;19,14;1,00;;4
13/08/26;ENCE;CALL;Ago-26;2,50;2.59;19,08;0,89;4;4
13/08/26;ENCE;CALL;Mar-27;2,00;2.59;24,47;0,94;;13
13/08/26;ENCE;CALL;Mar-27;2,10;2.59;24,35;0,90;;4
13/08/26;ENCE;CALL;Jun-27;2,40;2.59;23,69;0,71;;10
13/08/26;ENCE;CALL;Mar-28;2,00;2.59;27,82;0,85;;4
13/08/26;ENCE;PUT;Sep-26;4,70;2.59;11,96;-1,00;;10
13/08/26;ENCE;PUT;Jun-27;2,70;2.59;24,04;-0,51;;5
13/08/26;ENDESA;CALL;Ago-26;39,00;41.35;18,53;0,98;;10
13/08/26;ENDESA;CALL;Ago-26;40,00;41.35;17,31;0,91;;11
13/08/26;ENDESA;CALL;Ago-26;41,00;41.35;16,10;0,65;;13
13/08/26;ENDESA;CALL;Ago-26;42,00;41.35;15,59;0,26;;5
13/08/26;ENDESA;CALL;Ago-26;43,00;41.35;15,47;0,05;;1
13/08/26;ENDESA;CALL;Sep-26;38,00;41.35;20,79;0,91;;1
13/08/26;ENDESA;CALL;Sep-26;40,00;41.35;18,68;0,74;;1
13/08/26;ENDESA;CALL;Sep-26;41,00;41.35;17,62;0,59;;5
13/08/26;ENDESA;CALL;Sep-26;42,00;41.35;17,16;0,41;;1
13/08/26;ENDESA;CALL;Dic-26;24,00;41.35;33,97;1,00;;2
13/08/26;ENDESA;CALL;Dic-26;35,00;41.35;24,48;0,90;;10
13/08/26;ENDESA;CALL;Dic-26;36,00;41.35;23,61;0,87;;10
13/08/26;ENDESA;CALL;Dic-26;37,00;41.35;22,75;0,83;;4
13/08/26;ENDESA;CALL;Dic-26;38,00;41.35;21,89;0,78;;4
13/08/26;ENDESA;CALL;Dic-26;40,00;41.35;20,16;0,66;;19
13/08/26;ENDESA;CALL;Dic-26;42,00;41.35;18,95;0,50;;1
13/08/26;ENDESA;CALL;Dic-26;43,00;41.35;18,88;0,41;;5
13/08/26;ENDESA;CALL;Dic-26;45,00;41.35;18,74;0,26;;11
13/08/26;ENDESA;CALL;Dic-26;46,00;41.35;18,66;0,20;;10
13/08/26;ENDESA;CALL;Dic-26;47,00;41.35;18,59;0,15;;20
13/08/26;ENDESA;CALL;Dic-26;48,00;41.35;18,52;0,11;;15
13/08/26;ENDESA;CALL;Mar-27;32,00;41.35;28,48;0,92;;1
13/08/26;ENDESA;CALL;Mar-27;34,00;41.35;26,71;0,88;;150
13/08/26;ENDESA;CALL;Mar-27;40,00;41.35;21,39;0,63;;1
13/08/26;ENDESA;CALL;Mar-27;41,00;41.35;20,50;0,57;;3
13/08/26;ENDESA;CALL;Mar-27;43,00;41.35;20,06;0,45;;5
13/08/26;ENDESA;CALL;Mar-27;44,00;41.35;19,98;0,39;;2
13/08/26;ENDESA;CALL;Mar-27;45,00;41.35;19,90;0,33;;1
13/08/26;ENDESA;CALL;Mar-27;54,00;41.35;19,17;0,04;;38
13/08/26;ENDESA;CALL;Mar-27;56,00;41.35;19,01;0,02;;15
13/08/26;ENDESA;CALL;Jun-27;25,00;41.35;33,14;0,98;;1
13/08/26;ENDESA;CALL;Jun-27;27,00;41.35;31,60;0,96;;2
13/08/26;ENDESA;CALL;Jun-27;32,00;41.35;27,73;0,88;;294
13/08/26;ENDESA;CALL;Jun-27;33,00;41.35;26,95;0,86;;291
13/08/26;ENDESA;CALL;Jun-27;37,00;41.35;23,86;0,75;;1
13/08/26;ENDESA;CALL;Jun-27;38,00;41.35;23,08;0,71;;1
13/08/26;ENDESA;CALL;Jun-27;41,00;41.35;20,76;0,57;;2
13/08/26;ENDESA;CALL;Jun-27;42,00;41.35;20,43;0,52;;2
13/08/26;ENDESA;CALL;Jun-27;44,00;41.35;20,23;0,42;;40
13/08/26;ENDESA;CALL;Jun-27;46,00;41.35;20,04;0,33;;50
13/08/26;ENDESA;CALL;Jun-27;48,00;41.35;19,85;0,25;;5
13/08/26;ENDESA;CALL;Jun-27;56,00;41.35;19,07;0,06;;105
13/08/26;ENDESA;CALL;Sep-27;43,00;41.35;21,16;0,48;;75
13/08/26;ENDESA;CALL;Sep-27;44,00;41.35;21,04;0,44;;150
13/08/26;ENDESA;CALL;Sep-27;45,00;41.35;20,92;0,39;;1
13/08/26;ENDESA;CALL;Sep-27;49,00;41.35;20,43;0,24;;7
13/08/26;ENDESA;CALL;Dic-27;29,00;41.35;29,27;0,92;;1
13/08/26;ENDESA;CALL;Dic-27;31,00;41.35;28,01;0,88;;1
13/08/26;ENDESA;CALL;Dic-27;34,00;41.35;26,12;0,81;;1
13/08/26;ENDESA;CALL;Dic-27;40,00;41.35;22,35;0,61;;26
13/08/26;ENDESA;CALL;Dic-27;50,00;41.35;20,52;0,24;;1
13/08/26;ENDESA;CALL;Dic-27;52,00;41.35;20,30;0,19;;1
13/08/26;ENDESA;CALL;Mar-28;40,00;41.35;22,24;0,61;;25
13/08/26;ENDESA;CALL;Mar-28;44,00;41.35;21,20;0,46;;20
13/08/26;ENDESA;CALL;Mar-28;45,00;41.35;21,11;0,42;;1.215
13/08/26;ENDESA;CALL;Mar-28;46,00;41.35;21,02;0,38;;85
13/08/26;ENDESA;CALL;Mar-28;47,00;41.35;20,93;0,35;;795
13/08/26;ENDESA;CALL;Mar-28;48,00;41.35;20,84;0,32;;140
13/08/26;ENDESA;CALL;Mar-28;49,00;41.35;20,75;0,29;;70
13/08/26;ENDESA;CALL;Mar-28;50,00;41.35;20,66;0,26;;70
13/08/26;ENDESA;CALL;Jun-28;46,00;41.35;21,06;0,40;;10
13/08/26;ENDESA;PUT;Ago-26;34,00;41.35;26,24;;;5
13/08/26;ENDESA;PUT;Ago-26;35,00;41.35;25,02;;;5
13/08/26;ENDESA;PUT;Ago-26;37,00;41.35;22,59;;;10
13/08/26;ENDESA;PUT;Ago-26;38,00;41.35;21,37;;;1
13/08/26;ENDESA;PUT;Ago-26;39,00;41.35;20,15;-0,02;;1
13/08/26;ENDESA;PUT;Ago-26;41,00;41.35;17,72;-0,36;;4
13/08/26;ENDESA;PUT;Ago-26;42,00;41.35;17,21;-0,72;;1
13/08/26;ENDESA;PUT;Ago-26;43,00;41.35;17,09;-0,94;;1
13/08/26;ENDESA;PUT;Sep-26;25,00;41.35;34,00;;;4
13/08/26;ENDESA;PUT;Sep-26;27,00;41.35;31,88;;;445
13/08/26;ENDESA;PUT;Sep-26;28,00;41.35;30,83;;;19
13/08/26;ENDESA;PUT;Sep-26;29,00;41.35;29,77;;;148
13/08/26;ENDESA;PUT;Sep-26;30,00;41.35;28,72;;;147
13/08/26;ENDESA;PUT;Sep-26;31,00;41.35;27,66;;;146
13/08/26;ENDESA;PUT;Sep-26;34,00;41.35;24,49;;;10
13/08/26;ENDESA;PUT;Sep-26;35,00;41.35;23,44;-0,01;;25
13/08/26;ENDESA;PUT;Sep-26;36,00;41.35;22,38;-0,02;;50
13/08/26;ENDESA;PUT;Sep-26;37,00;41.35;21,32;-0,04;;30
13/08/26;ENDESA;PUT;Sep-26;38,00;41.35;20,27;-0,08;;5
13/08/26;ENDESA;PUT;Sep-26;40,00;41.35;18,16;-0,26;;6
13/08/26;ENDESA;PUT;Sep-26;41,00;41.35;17,10;-0,41;;5
13/08/26;ENDESA;PUT;Sep-26;43,00;41.35;16,50;-0,76;;5
13/08/26;ENDESA;PUT;Dic-26;19,00;41.35;37,78;;;15
13/08/26;ENDESA;PUT;Dic-26;28,00;41.35;30,02;-0,01;;25
13/08/26;ENDESA;PUT;Dic-26;30,00;41.35;28,29;-0,02;;10
13/08/26;ENDESA;PUT;Dic-26;32,00;41.35;26,56;-0,04;;10
13/08/26;ENDESA;PUT;Dic-26;33,00;41.35;25,70;-0,05;;35
13/08/26;ENDESA;PUT;Dic-26;34,00;41.35;24,84;-0,07;;1
13/08/26;ENDESA;PUT;Dic-26;35,00;41.35;23,98;-0,10;;10
13/08/26;ENDESA;PUT;Dic-26;37,00;41.35;22,25;-0,17;;10
13/08/26;ENDESA;PUT;Dic-26;38,00;41.35;21,39;-0,22;;4
13/08/26;ENDESA;PUT;Dic-26;39,00;41.35;20,53;-0,28;;10
13/08/26;ENDESA;PUT;Mar-27;37,00;41.35;22,29;-0,23;;10
13/08/26;ENDESA;PUT;Jun-27;15,50;41.35;38,74;;;5
13/08/26;ENDESA;PUT;Jun-27;22,00;41.35;33,71;-0,01;;10
13/08/26;ENDESA;PUT;Jun-27;37,00;41.35;22,11;-0,25;;3
13/08/26;ENDESA;PUT;Jun-27;38,00;41.35;21,33;-0,29;;4
13/08/26;ENDESA;PUT;Dic-27;17,50;41.35;33,41;-0,01;;1
13/08/26;ENDESA;PUT;Dic-27;27,00;41.35;27,43;-0,07;;1
13/08/26;ENDESA;PUT;Dic-27;30,00;41.35;25,55;-0,12;;5
13/08/26;ENDESA;PUT;Dic-27;31,00;41.35;24,92;-0,13;;30
13/08/26;ENDESA;PUT;Dic-27;32,00;41.35;24,29;-0,16;;5
13/08/26;ENDESA;PUT;Dic-27;34,00;41.35;23,03;-0,20;;5
13/08/26;ENDESA;PUT;Dic-27;44,00;41.35;18,11;-0,61;;15
13/08/26;ENDESA;PUT;Mar-28;22,00;41.35;29,88;-0,03;;150
13/08/26;ENDESA;PUT;Mar-28;24,00;41.35;28,69;-0,05;;150
13/08/26;ENDESA;PUT;Mar-28;26,00;41.35;27,50;-0,07;;150
13/08/26;ENDESA;PUT;Mar-28;27,00;41.35;26,90;-0,08;;150
13/08/26;ENDESA;PUT;Mar-28;28,00;41.35;26,30;-0,10;;150
13/08/26;ENDESA;PUT;Jun-28;25,00;41.35;27,53;-0,07;;150
13/08/26;ENDESA;PUT;Jun-28;26,00;41.35;26,98;-0,08;;150
13/08/26;ENDESA;PUT;Jun-28;27,00;41.35;26,42;-0,09;;293
13/08/26;ENDESA;PUT;Jun-28;29,00;41.35;25,31;-0,12;;143
13/08/26;ENDESA;PUT;Jun-28;30,00;41.35;24,75;-0,14;;143
13/08/26;ENDESA;PUT;Jun-28;31,00;41.35;24,20;-0,16;;142
13/08/26;ENDESA;PUT;Jun-28;32,00;41.35;23,64;-0,18;;142
13/08/26;ENDESA;PUT;Jun-28;33,00;41.35;23,08;-0,20;;142
13/08/26;ENDESA;PUT;Dic-28;31,00;41.35;23,34;-0,18;;16
13/08/26;ENDESA;CALL;Ago-26;39,00;41.35;18,53;0,98;;10
13/08/26;ENDESA;CALL;Ago-26;41,00;41.35;16,10;0,65;;10
13/08/26;ENDESA;CALL;Ago-26;42,00;41.35;15,59;0,26;;10
13/08/26;ENDESA;CALL;Sep-26;17,00;41.35;42,96;1,00;;25
13/08/26;ENDESA;CALL;Sep-26;34,00;41.35;25,01;0,99;;25
13/08/26;ENDESA;CALL;Sep-26;34,00;41.35;25,01;0,99;;25
13/08/26;ENDESA;CALL;Sep-26;43,00;41.35;17,02;0,25;;1
13/08/26;ENDESA;CALL;Oct-26;42,00;41.35;18,12;0,45;;1
13/08/26;ENDESA;CALL;Oct-26;44,00;41.35;17,85;0,23;;2
13/08/26;ENDESA;CALL;Dic-26;33,00;41.35;26,20;0,94;;10
13/08/26;ENDESA;CALL;Dic-26;40,00;41.35;20,16;0,65;;10
13/08/26;ENDESA;CALL;Dic-26;42,00;41.35;18,95;0,49;;10
13/08/26;ENDESA;CALL;Mar-27;37,00;41.35;24,05;0,75;;10
13/08/26;ENDESA;PUT;Ago-26;37,00;41.35;22,59;;;10
13/08/26;ENDESA;PUT;Ago-26;40,00;41.35;18,93;-0,11;;10
13/08/26;ENDESA;PUT;Ago-26;42,00;41.35;17,21;-0,72;;10
13/08/26;ENDESA;PUT;Sep-26;24,00;41.35;35,05;;;25
13/08/26;ENDESA;PUT;Sep-26;25,00;41.35;34,00;;;25
13/08/26;ENDESA;PUT;Sep-26;26,00;41.35;32,94;;;25
13/08/26;ENDESA;PUT;Sep-26;26,00;41.35;32,94;;;25
13/08/26;ENDESA;PUT;Sep-26;32,00;41.35;26,60;;;10
13/08/26;ENDESA;PUT;Sep-26;34,00;41.35;24,49;;;25
13/08/26;ENDESA;PUT;Sep-26;35,00;41.35;23,44;-0,01;;25
13/08/26;ENDESA;PUT;Sep-26;35,00;41.35;23,44;-0,01;;50
13/08/26;ENDESA;PUT;Sep-26;36,00;41.35;22,38;-0,02;;25
13/08/26;ENDESA;PUT;Sep-26;37,00;41.35;21,32;-0,04;;50
13/08/26;ENDESA;PUT;Sep-26;39,00;41.35;19,21;-0,15;;10
13/08/26;ENDESA;PUT;Oct-26;40,00;41.35;18,49;-0,30;;10
13/08/26;ENDESA;PUT;Dic-26;32,00;41.35;26,56;-0,04;;8
13/08/26;ENDESA;PUT;Dic-26;36,00;41.35;23,11;-0,13;;10
13/08/26;ENDESA;PUT;Dic-26;39,00;41.35;20,53;-0,27;10;20
13/08/26;FCC;CALL;Jun-27;13,00;11.08;15,82;0,19;;1
13/08/26;FCC;CALL;Dic-27;16,50;11.08;17,99;0,03;;1
13/08/26;FCC;CALL;Jun-28;11,50;11.08;23,63;0,52;;200
13/08/26;FCC;PUT;Sep-26;11,00;11.08;21,15;-0,43;;14
13/08/26;FCC;PUT;Sep-26;12,00;11.08;18,41;-0,92;;3
13/08/26;FCC;PUT;Dic-26;10,50;11.08;21,85;-0,30;;20
13/08/26;FCC;PUT;Mar-27;9,50;11.08;22,60;-0,15;;257
13/08/26;FCC;PUT;Mar-27;10,00;11.08;22,08;-0,22;;250
13/08/26;FCC;PUT;Mar-27;10,50;11.08;21,57;-0,32;;482
13/08/26;FCC;PUT;Mar-27;11,00;11.08;21,06;-0,43;;224
13/08/26;FCC;PUT;Jun-27;11,50;11.08;21,42;-0,51;;3
13/08/26;FCC;PUT;Jun-27;12,00;11.08;20,81;-0,61;;417
13/08/26;FCC;PUT;Sep-27;11,00;11.08;23,55;-0,51;;226
13/08/26;FERROVIAL;CALL;Ago-26;58,00;56.3;20,64;0,17;;26
13/08/26;FERROVIAL;CALL;Ago-26;60,00;56.3;19,30;0,01;;50
13/08/26;FERROVIAL;CALL;Sep-26;50,00;56.3;28,16;0,92;;25
13/08/26;FERROVIAL;CALL;Sep-26;52,00;56.3;26,23;0,85;;25
13/08/26;FERROVIAL;CALL;Sep-26;54,00;56.3;24,30;0,73;;50
13/08/26;FERROVIAL;CALL;Sep-26;56,00;56.3;22,37;0,56;;58
13/08/26;FERROVIAL;CALL;Sep-26;58,00;56.3;21,14;0,35;;2.050
13/08/26;FERROVIAL;CALL;Sep-26;60,00;56.3;20,04;0,17;;116
13/08/26;FERROVIAL;CALL;Sep-26;62,00;56.3;18,94;0,06;;104
13/08/26;FERROVIAL;CALL;Sep-26;64,00;56.3;17,84;0,01;;10
13/08/26;FERROVIAL;CALL;Sep-26;66,00;56.3;16,74;;;25
13/08/26;FERROVIAL;CALL;Sep-26;74,00;56.3;12,33;;;75
13/08/26;FERROVIAL;CALL;Dic-26;47,00;56.3;30,87;0,87;;1
13/08/26;FERROVIAL;CALL;Dic-26;50,00;56.3;28,45;0,80;;50
13/08/26;FERROVIAL;CALL;Dic-26;52,00;56.3;26,84;0,73;;26
13/08/26;FERROVIAL;CALL;Dic-26;54,00;56.3;25,23;0,65;;25
13/08/26;FERROVIAL;CALL;Dic-26;56,00;56.3;23,62;0,55;;54
13/08/26;FERROVIAL;CALL;Dic-26;58,00;56.3;22,86;0,45;;25
13/08/26;FERROVIAL;CALL;Dic-26;60,00;56.3;22,24;0,34;;3.025
13/08/26;FERROVIAL;CALL;Dic-26;64,00;56.3;21,01;0,17;;5
13/08/26;FERROVIAL;CALL;Dic-26;66,00;56.3;20,39;0,10;;5
13/08/26;FERROVIAL;CALL;Dic-26;68,00;56.3;19,78;0,06;;235
13/08/26;FERROVIAL;CALL;Dic-26;70,00;56.3;19,16;0,03;;25
13/08/26;FERROVIAL;CALL;Mar-27;50,00;56.3;27,58;0,76;;54
13/08/26;FERROVIAL;CALL;Mar-27;52,00;56.3;26,38;0,70;;15
13/08/26;FERROVIAL;CALL;Mar-27;58,00;56.3;23,43;0,49;;25
13/08/26;FERROVIAL;CALL;Mar-27;60,00;56.3;23,01;0,41;;25
13/08/26;FERROVIAL;CALL;Mar-27;62,00;56.3;22,60;0,34;;25
13/08/26;FERROVIAL;CALL;Sep-27;44,00;56.3;30,16;0,84;;25
13/08/26;FERROVIAL;CALL;Sep-27;50,00;56.3;27,61;0,73;;25
13/08/26;FERROVIAL;CALL;Sep-27;52,00;56.3;26,75;0,68;;25
13/08/26;FERROVIAL;CALL;Sep-27;56,00;56.3;25,05;0,58;;25
13/08/26;FERROVIAL;CALL;Dic-27;50,00;56.3;27,93;0,72;;25
13/08/26;FERROVIAL;CALL;Dic-27;60,00;56.3;25,01;0,49;;25
13/08/26;FERROVIAL;CALL;Dic-27;70,00;56.3;23,64;0,27;;25
13/08/26;FERROVIAL;CALL;Mar-28;52,00;56.3;27,32;0,68;;25
13/08/26;FERROVIAL;CALL;Mar-28;54,00;56.3;26,67;0,64;;50
13/08/26;FERROVIAL;CALL;Mar-28;60,00;56.3;25,44;0,51;;25
13/08/26;FERROVIAL;CALL;Mar-28;66,00;56.3;24,66;0,38;;25
13/08/26;FERROVIAL;CALL;Jun-28;50,00;56.3;28,25;0,72;;50
13/08/26;FERROVIAL;CALL;Jun-28;56,00;56.3;26,26;0,60;;50
13/08/26;FERROVIAL;CALL;Jun-28;58,00;56.3;25,96;0,56;;25
13/08/26;FERROVIAL;PUT;Ago-26;52,00;56.3;23,44;-0,01;;2
13/08/26;FERROVIAL;PUT;Ago-26;54,00;56.3;21,16;-0,09;1;1
13/08/26;FERROVIAL;PUT;Ago-26;56,00;56.3;18,87;-0,41;;27
13/08/26;FERROVIAL;PUT;Sep-26;36,00;56.3;40,27;;;25
13/08/26;FERROVIAL;PUT;Sep-26;42,00;56.3;34,48;;;25
13/08/26;FERROVIAL;PUT;Sep-26;45,00;56.3;31,59;-0,01;;25
13/08/26;FERROVIAL;PUT;Sep-26;48,00;56.3;28,69;-0,03;;25
13/08/26;FERROVIAL;PUT;Sep-26;49,00;56.3;27,72;-0,05;;5
13/08/26;FERROVIAL;PUT;Sep-26;52,00;56.3;24,83;-0,14;;3.000
13/08/26;FERROVIAL;PUT;Sep-26;54,00;56.3;22,90;-0,26;1;1.543
13/08/26;FERROVIAL;PUT;Sep-26;58,00;56.3;19,74;-0,67;;35
13/08/26;FERROVIAL;PUT;Sep-26;62,00;56.3;17,54;-0,98;;1
13/08/26;FERROVIAL;PUT;Sep-26;64,00;56.3;16,44;-1,00;;25
13/08/26;FERROVIAL;PUT;Oct-26;60,00;56.3;18,72;-0,78;;10
13/08/26;FERROVIAL;PUT;Dic-26;44,00;56.3;32,29;-0,08;;51
13/08/26;FERROVIAL;PUT;Dic-26;49,00;56.3;28,27;-0,18;;26
13/08/26;FERROVIAL;PUT;Dic-26;50,00;56.3;27,46;-0,21;1;25
13/08/26;FERROVIAL;PUT;Dic-26;54,00;56.3;24,24;-0,36;;26
13/08/26;FERROVIAL;PUT;Dic-26;56,00;56.3;22,63;-0,46;;25
13/08/26;FERROVIAL;PUT;Dic-26;58,00;56.3;21,87;-0,57;;130
13/08/26;FERROVIAL;PUT;Dic-26;72,00;56.3;17,56;-0,99;;1
13/08/26;FERROVIAL;PUT;Mar-27;39,00;56.3;33,54;-0,06;;100
13/08/26;FERROVIAL;PUT;Mar-27;45,00;56.3;29,91;-0,14;;25
13/08/26;FERROVIAL;PUT;Mar-27;46,00;56.3;29,31;-0,15;;25
13/08/26;FERROVIAL;PUT;Mar-27;47,00;56.3;28,71;-0,17;;50
13/08/26;FERROVIAL;PUT;Mar-27;48,00;56.3;28,10;-0,20;;75
13/08/26;FERROVIAL;PUT;Mar-27;49,00;56.3;27,50;-0,22;;90
13/08/26;FERROVIAL;PUT;Mar-27;50,00;56.3;26,89;-0,24;;125
13/08/26;FERROVIAL;PUT;Mar-27;52,00;56.3;25,69;-0,30;;135
13/08/26;FERROVIAL;PUT;Mar-27;54,00;56.3;24,48;-0,37;;26
13/08/26;FERROVIAL;PUT;Mar-27;56,00;56.3;23,27;-0,45;;25
13/08/26;FERROVIAL;PUT;Mar-27;58,00;56.3;22,74;-0,53;;25
13/08/26;FERROVIAL;PUT;Jun-27;44,00;56.3;30,23;-0,15;;25
13/08/26;FERROVIAL;PUT;Jun-27;49,00;56.3;27,69;-0,24;;50
13/08/26;FERROVIAL;PUT;Jun-27;60,00;56.3;23,38;-0,57;;5
13/08/26;FERROVIAL;PUT;Sep-27;41,00;56.3;30,95;-0,12;;1
13/08/26;FERROVIAL;PUT;Sep-27;44,00;56.3;29,67;-0,16;;51
13/08/26;FERROVIAL;PUT;Sep-27;45,00;56.3;29,25;-0,18;;25
13/08/26;FERROVIAL;PUT;Sep-27;47,00;56.3;28,39;-0,21;;25
13/08/26;FERROVIAL;PUT;Sep-27;48,00;56.3;27,97;-0,23;;50
13/08/26;FERROVIAL;PUT;Sep-27;49,00;56.3;27,54;-0,25;;25
13/08/26;FERROVIAL;PUT;Dic-27;35,00;56.3;32,90;-0,07;;1
13/08/26;FERROVIAL;PUT;Dic-27;39,00;56.3;31,36;-0,11;;25
13/08/26;FERROVIAL;PUT;Dic-27;40,00;56.3;30,97;-0,12;;25
13/08/26;FERROVIAL;PUT;Dic-27;45,00;56.3;29,05;-0,19;;25
13/08/26;FERROVIAL;PUT;Dic-27;54,00;56.3;25,59;-0,37;;525
13/08/26;FERROVIAL;PUT;Mar-28;58,00;56.3;24,79;-0,46;;1
13/08/26;FERROVIAL;PUT;Mar-28;60,00;56.3;24,53;-0,51;;3
13/08/26;FERROVIAL;PUT;Mar-28;62,00;56.3;24,27;-0,56;;26
13/08/26;FERROVIAL;PUT;Mar-28;64,00;56.3;24,01;-0,61;;25
13/08/26;FERROVIAL;PUT;Jun-28;44,00;56.3;29,23;-0,19;;25
13/08/26;FERROVIAL;PUT;Jun-28;45,00;56.3;28,90;-0,21;;25
13/08/26;FERROVIAL;PUT;Jun-28;46,00;56.3;28,57;-0,22;;25
13/08/26;FERROVIAL;PUT;Jun-28;48,00;56.3;27,90;-0,26;;25
13/08/26;FERROVIAL;PUT;Jun-28;49,00;56.3;27,57;-0,27;;25
13/08/26;FERROVIAL;PUT;Jun-28;50,00;56.3;27,24;-0,29;;25
13/08/26;FERROVIAL;PUT;Jun-28;52,00;56.3;26,58;-0,33;;25
13/08/26;FERROVIAL;PUT;Jun-28;54,00;56.3;25,91;-0,37;;26
13/08/26;FERROVIAL;PUT;Jun-28;56,00;56.3;25,25;-0,41;;25
13/08/26;FERROVIAL;PUT;Jun-28;58,00;56.3;24,95;-0,45;;26
13/08/26;FERROVIAL;PUT;Jun-28;64,00;56.3;24,24;-0,59;;75
13/08/26;FERROVIAL;CALL;Ago-26;62,00;56.3;17,97;;;112
13/08/26;FERROVIAL;CALL;Ago-26;64,00;56.3;16,63;;;224
13/08/26;FERROVIAL;CALL;Sep-26;60,00;56.3;20,04;0,17;;226
13/08/26;FERROVIAL;CALL;Sep-26;60,00;56.3;20,04;0,17;;70
13/08/26;FERROVIAL;CALL;Sep-26;62,00;56.3;18,94;0,06;;452
13/08/26;FERROVIAL;CALL;Dic-26;60,00;56.3;22,24;0,34;;60
13/08/26;FERROVIAL;PUT;Sep-26;54,00;56.3;22,90;-0,26;;15
13/08/26;FERROVIAL;PUT;Sep-26;60,00;56.3;18,64;-0,84;;45
13/08/26;FERROVIAL;PUT;Sep-26;62,00;56.3;17,54;-0,95;;160
13/08/26;FERROVIAL;PUT;Sep-26;64,00;56.3;16,44;-0,99;;45
13/08/26;FERROVIAL;PUT;Dic-26;49,00;56.3;28,27;-0,18;;25
13/08/26;FERROVIAL;PUT;Dic-26;50,00;56.3;27,46;-0,21;;25
13/08/26;FERROVIAL;PUT;Mar-27;40,00;56.3;32,93;-0,07;;300
13/08/26;FLUIDRA;CALL;Sep-26;19,00;19.65;26,34;0,68;;2
13/08/26;FLUIDRA;CALL;Sep-26;21,00;19.65;23,51;0,20;;1
13/08/26;FLUIDRA;CALL;Sep-26;29,00;19.65;11,30;;;200
13/08/26;FLUIDRA;CALL;Dic-26;24,00;19.65;25,27;0,10;;1
13/08/26;FLUIDRA;PUT;Ago-26;16,00;19.65;31,65;;;2
13/08/26;FLUIDRA;PUT;Ago-26;17,00;19.65;30,44;;;1
13/08/26;FLUIDRA;PUT;Ago-26;17,50;19.65;29,84;;;2
13/08/26;FLUIDRA;PUT;Ago-26;18,00;19.65;29,24;-0,02;;1
13/08/26;FLUIDRA;PUT;Ago-26;19,50;19.65;27,43;-0,41;;1
13/08/26;FLUIDRA;PUT;Sep-26;16,50;19.65;29,14;-0,02;;1
13/08/26;FLUIDRA;PUT;Sep-26;18,50;19.65;26,77;-0,22;;1
13/08/26;FLUIDRA;PUT;Dic-26;17,00;19.65;27,69;-0,18;;325
13/08/26;FLUIDRA;PUT;Dic-26;17,50;19.65;27,14;-0,23;;25
13/08/26;FLUIDRA;PUT;Dic-26;18,00;19.65;26,60;-0,28;;625
13/08/26;FLUIDRA;PUT;Dic-26;18,50;19.65;26,06;-0,34;;1
13/08/26;FLUIDRA;PUT;Dic-26;19,00;19.65;25,52;-0,41;;185
13/08/26;FLUIDRA;PUT;Dic-26;21,00;19.65;24,26;-0,68;;7
13/08/26;FLUIDRA;PUT;Mar-27;21,00;19.65;25,46;-0,61;;14
13/08/26;FLUIDRA;PUT;Jun-27;27,00;19.65;25,16;-0,93;;11
13/08/26;FLUIDRA;PUT;Jun-27;28,00;19.65;25,01;-0,95;;11
13/08/26;GRIFOLS;CALL;Ago-26;7,00;10.15;42,99;1,00;;1
13/08/26;GRIFOLS;CALL;Ago-26;8,00;10.15;38,86;1,00;;1
13/08/26;GRIFOLS;CALL;Ago-26;9,00;10.15;34,72;0,99;;10
13/08/26;GRIFOLS;CALL;Ago-26;9,25;10.15;33,68;0,97;;12
13/08/26;GRIFOLS;CALL;Ago-26;9,50;10.15;32,65;0,92;;11
13/08/26;GRIFOLS;CALL;Ago-26;9,75;10.15;31,62;0,81;;8
13/08/26;GRIFOLS;CALL;Ago-26;10,00;10.15;30,58;0,64;;30
13/08/26;GRIFOLS;CALL;Ago-26;10,50;10.15;29,51;0,23;;4
13/08/26;GRIFOLS;CALL;Ago-26;11,00;10.15;28,87;0,03;;20
13/08/26;GRIFOLS;CALL;Sep-26;6,75;10.15;38,57;1,00;;11
13/08/26;GRIFOLS;CALL;Sep-26;8,00;10.15;34,67;0,99;;6
13/08/26;GRIFOLS;CALL;Sep-26;9,00;10.15;31,55;0,90;;12
13/08/26;GRIFOLS;CALL;Sep-26;9,25;10.15;30,77;0,85;;102
13/08/26;GRIFOLS;CALL;Sep-26;9,50;10.15;29,99;0,78;;112
13/08/26;GRIFOLS;CALL;Sep-26;9,75;10.15;29,21;0,69;;11
13/08/26;GRIFOLS;CALL;Sep-26;10,00;10.15;28,43;0,59;;149
13/08/26;GRIFOLS;CALL;Sep-26;10,50;10.15;27,70;0,38;;235
13/08/26;GRIFOLS;CALL;Sep-26;11,00;10.15;27,32;0,19;;2
13/08/26;GRIFOLS;CALL;Sep-26;11,50;10.15;26,94;0,08;;30
13/08/26;GRIFOLS;CALL;Sep-26;12,00;10.15;26,56;0,03;;121
13/08/26;GRIFOLS;CALL;Sep-26;12,50;10.15;26,18;0,01;;29
13/08/26;GRIFOLS;CALL;Oct-26;10,00;10.15;29,62;0,58;;10
13/08/26;GRIFOLS;CALL;Oct-26;11,00;10.15;28,59;0,28;;1
13/08/26;GRIFOLS;CALL;Oct-26;12,00;10.15;27,90;0,09;;1
13/08/26;GRIFOLS;CALL;Dic-26;7,75;10.15;36,41;0,93;;1
13/08/26;GRIFOLS;CALL;Dic-26;8,50;10.15;34,37;0,85;;29
13/08/26;GRIFOLS;CALL;Dic-26;8,75;10.15;33,69;0,82;;25
13/08/26;GRIFOLS;CALL;Dic-26;9,00;10.15;33,00;0,78;;58
13/08/26;GRIFOLS;CALL;Dic-26;9,25;10.15;32,32;0,74;;75
13/08/26;GRIFOLS;CALL;Dic-26;9,50;10.15;31,64;0,69;;267
13/08/26;GRIFOLS;CALL;Dic-26;9,75;10.15;30,96;0,64;;100
13/08/26;GRIFOLS;CALL;Dic-26;10,00;10.15;30,28;0,59;;175
13/08/26;GRIFOLS;CALL;Dic-26;10,50;10.15;29,71;0,47;;174
13/08/26;GRIFOLS;CALL;Dic-26;11,00;10.15;29,48;0,36;;111
13/08/26;GRIFOLS;CALL;Dic-26;11,50;10.15;29,25;0,27;;72
13/08/26;GRIFOLS;CALL;Dic-26;12,00;10.15;29,02;0,19;;48
13/08/26;GRIFOLS;CALL;Dic-26;12,50;10.15;28,79;0,13;;99
13/08/26;GRIFOLS;CALL;Dic-26;13,00;10.15;28,56;0,08;;1.307
13/08/26;GRIFOLS;CALL;Dic-26;13,50;10.15;28,33;0,05;;1.187
13/08/26;GRIFOLS;CALL;Dic-26;14,00;10.15;28,10;0,03;;25
13/08/26;GRIFOLS;CALL;Dic-26;14,50;10.15;27,87;0,02;;25
13/08/26;GRIFOLS;CALL;Dic-26;15,00;10.15;27,64;0,01;;44
13/08/26;GRIFOLS;CALL;Dic-26;15,50;10.15;27,41;;;5
13/08/26;GRIFOLS;CALL;Dic-26;17,00;10.15;26,72;;;25
13/08/26;GRIFOLS;CALL;Dic-26;17,50;10.15;26,49;;;25
13/08/26;GRIFOLS;CALL;Mar-27;6,25;10.15;38,64;0,98;;3
13/08/26;GRIFOLS;CALL;Mar-27;7,00;10.15;37,06;0,95;;3
13/08/26;GRIFOLS;CALL;Mar-27;7,50;10.15;36,01;0,91;;41
13/08/26;GRIFOLS;CALL;Mar-27;8,25;10.15;34,43;0,84;;5
13/08/26;GRIFOLS;CALL;Mar-27;8,50;10.15;33,91;0,81;;2
13/08/26;GRIFOLS;CALL;Mar-27;8,75;10.15;33,38;0,77;;201
13/08/26;GRIFOLS;CALL;Mar-27;9,00;10.15;32,86;0,74;;172
13/08/26;GRIFOLS;CALL;Mar-27;9,25;10.15;32,33;0,70;;127
13/08/26;GRIFOLS;CALL;Mar-27;9,50;10.15;31,81;0,66;;50
13/08/26;GRIFOLS;CALL;Mar-27;9,75;10.15;31,28;0,62;;107
13/08/26;GRIFOLS;CALL;Mar-27;10,00;10.15;30,76;0,58;;170
13/08/26;GRIFOLS;CALL;Mar-27;10,50;10.15;30,29;0,49;;35
13/08/26;GRIFOLS;CALL;Mar-27;11,50;10.15;29,86;0,33;;11
13/08/26;GRIFOLS;CALL;Mar-27;12,00;10.15;29,65;0,27;;211
13/08/26;GRIFOLS;CALL;Mar-27;12,50;10.15;29,44;0,21;5;50
13/08/26;GRIFOLS;CALL;Mar-27;13,00;10.15;29,22;0,16;;518
13/08/26;GRIFOLS;CALL;Mar-27;14,00;10.15;28,80;0,09;;30
13/08/26;GRIFOLS;CALL;Mar-27;16,00;10.15;27,94;0,02;;10
13/08/26;GRIFOLS;CALL;Jun-27;8,00;10.15;35,12;0,82;;5
13/08/26;GRIFOLS;CALL;Jun-27;8,75;10.15;33,74;0,74;;2
13/08/26;GRIFOLS;CALL;Jun-27;9,00;10.15;33,28;0,71;;58
13/08/26;GRIFOLS;CALL;Jun-27;9,25;10.15;32,83;0,68;;28
13/08/26;GRIFOLS;CALL;Jun-27;9,50;10.15;32,37;0,65;;27
13/08/26;GRIFOLS;CALL;Jun-27;9,75;10.15;31,91;0,62;;25
13/08/26;GRIFOLS;CALL;Jun-27;10,00;10.15;31,45;0,58;;35
13/08/26;GRIFOLS;CALL;Jun-27;10,50;10.15;31,06;0,52;;1
13/08/26;GRIFOLS;CALL;Jun-27;11,50;10.15;30,73;0,39;;10
13/08/26;GRIFOLS;CALL;Jun-27;12,00;10.15;30,56;0,33;;22
13/08/26;GRIFOLS;CALL;Jun-27;12,50;10.15;30,40;0,28;;250
13/08/26;GRIFOLS;CALL;Jun-27;13,00;10.15;30,23;0,23;;10
13/08/26;GRIFOLS;CALL;Jun-27;14,00;10.15;29,91;0,16;;5
13/08/26;GRIFOLS;CALL;Jun-27;15,00;10.15;29,58;0,10;;50
13/08/26;GRIFOLS;CALL;Jun-27;16,00;10.15;29,25;0,06;;850
13/08/26;GRIFOLS;CALL;Sep-27;15,00;10.15;30,92;0,15;;10
13/08/26;GRIFOLS;CALL;Dic-27;8,00;10.15;36,04;0,79;;2
13/08/26;GRIFOLS;CALL;Dic-27;8,75;10.15;34,88;0,72;;15
13/08/26;GRIFOLS;CALL;Dic-27;11,00;10.15;32,55;0,49;;1
13/08/26;GRIFOLS;CALL;Dic-27;11,50;10.15;32,45;0,44;;5
13/08/26;GRIFOLS;CALL;Dic-27;12,00;10.15;32,36;0,40;;100
13/08/26;GRIFOLS;CALL;Dic-27;12,50;10.15;32,26;0,36;;100
13/08/26;GRIFOLS;CALL;Dic-27;15,00;10.15;31,76;0,19;;4
13/08/26;GRIFOLS;CALL;Mar-28;15,00;10.15;32,24;0,22;;3
13/08/26;GRIFOLS;CALL;Dic-28;9,00;10.15;33,03;0,69;;14
13/08/26;GRIFOLS;CALL;Dic-28;12,00;10.15;31,23;0,45;;1
13/08/26;GRIFOLS;CALL;Dic-28;15,50;10.15;30,54;0,24;;3
13/08/26;GRIFOLS;CALL;Dic-28;16,50;10.15;30,34;0,20;;2
13/08/26;GRIFOLS;CALL;Dic-28;17,50;10.15;30,14;0,16;;6
13/08/26;GRIFOLS;CALL;Dic-29;15,50;10.15;30,06;0,30;;3
13/08/26;GRIFOLS;PUT;Ago-26;7,50;10.15;49,36;;;1
13/08/26;GRIFOLS;PUT;Ago-26;8,00;10.15;47,29;;;14
13/08/26;GRIFOLS;PUT;Ago-26;8,25;10.15;46,25;;;14
13/08/26;GRIFOLS;PUT;Ago-26;8,50;10.15;45,22;;;130
13/08/26;GRIFOLS;PUT;Ago-26;8,75;10.15;44,18;-0,01;;36
13/08/26;GRIFOLS;PUT;Ago-26;9,00;10.15;43,15;-0,03;;148
13/08/26;GRIFOLS;PUT;Ago-26;9,25;10.15;42,11;-0,06;;67
13/08/26;GRIFOLS;PUT;Ago-26;9,50;10.15;41,08;-0,13;;10
13/08/26;GRIFOLS;PUT;Ago-26;9,75;10.15;40,05;-0,24;;20
13/08/26;GRIFOLS;PUT;Ago-26;10,00;10.15;39,01;-0,38;10;61
13/08/26;GRIFOLS;PUT;Sep-26;6,50;10.15;38,12;;;10
13/08/26;GRIFOLS;PUT;Sep-26;7,25;10.15;35,78;;;4
13/08/26;GRIFOLS;PUT;Sep-26;7,75;10.15;34,22;;;3
13/08/26;GRIFOLS;PUT;Sep-26;8,00;10.15;33,44;-0,01;;31
13/08/26;GRIFOLS;PUT;Sep-26;8,25;10.15;32,66;-0,02;;24
13/08/26;GRIFOLS;PUT;Sep-26;8,50;10.15;31,88;-0,03;;144
13/08/26;GRIFOLS;PUT;Sep-26;8,75;10.15;31,10;-0,06;;72
13/08/26;GRIFOLS;PUT;Sep-26;9,00;10.15;30,32;-0,09;;116
13/08/26;GRIFOLS;PUT;Sep-26;9,25;10.15;29,54;-0,14;;107
13/08/26;GRIFOLS;PUT;Sep-26;9,50;10.15;28,76;-0,21;;70
13/08/26;GRIFOLS;PUT;Sep-26;9,75;10.15;27,98;-0,30;;15
13/08/26;GRIFOLS;PUT;Sep-26;10,00;10.15;27,20;-0,41;;53
13/08/26;GRIFOLS;PUT;Sep-26;10,50;10.15;26,47;-0,64;;148
13/08/26;GRIFOLS;PUT;Sep-26;11,00;10.15;26,09;-0,83;;92
13/08/26;GRIFOLS;PUT;Sep-26;11,50;10.15;25,71;-0,94;;39
13/08/26;GRIFOLS;PUT;Sep-26;12,00;10.15;25,33;-1,00;;22
13/08/26;GRIFOLS;PUT;Sep-26;12,50;10.15;24,95;-1,00;;10
13/08/26;GRIFOLS;PUT;Sep-26;16,00;10.15;22,31;-1,00;4;
13/08/26;GRIFOLS;PUT;Oct-26;8,75;10.15;30,04;-0,10;;30
13/08/26;GRIFOLS;PUT;Oct-26;9,25;10.15;28,58;-0,19;;4
13/08/26;GRIFOLS;PUT;Oct-26;9,50;10.15;27,85;-0,26;;10
13/08/26;GRIFOLS;PUT;Oct-26;10,00;10.15;26,39;-0,41;;20
13/08/26;GRIFOLS;PUT;Dic-26;6,00;10.15;38,92;-0,01;;25
13/08/26;GRIFOLS;PUT;Dic-26;6,25;10.15;38,24;-0,01;;5
13/08/26;GRIFOLS;PUT;Dic-26;6,50;10.15;37,56;-0,02;;1
13/08/26;GRIFOLS;PUT;Dic-26;6,75;10.15;36,88;-0,03;;25
13/08/26;GRIFOLS;PUT;Dic-26;7,00;10.15;36,20;-0,04;;10
13/08/26;GRIFOLS;PUT;Dic-26;7,25;10.15;35,51;-0,05;;291
13/08/26;GRIFOLS;PUT;Dic-26;7,50;10.15;34,83;-0,06;;29
13/08/26;GRIFOLS;PUT;Dic-26;7,75;10.15;34,15;-0,08;;26
13/08/26;GRIFOLS;PUT;Dic-26;8,00;10.15;33,47;-0,10;;317
13/08/26;GRIFOLS;PUT;Dic-26;8,25;10.15;32,79;-0,13;;2
13/08/26;GRIFOLS;PUT;Dic-26;8,50;10.15;32,11;-0,16;;758
13/08/26;GRIFOLS;PUT;Dic-26;8,75;10.15;31,43;-0,20;;12
13/08/26;GRIFOLS;PUT;Dic-26;9,00;10.15;30,74;-0,24;;220
13/08/26;GRIFOLS;PUT;Dic-26;9,25;10.15;30,06;-0,29;;130
13/08/26;GRIFOLS;PUT;Dic-26;9,50;10.15;29,38;-0,34;;445
13/08/26;GRIFOLS;PUT;Dic-26;9,75;10.15;28,70;-0,40;;13
13/08/26;GRIFOLS;PUT;Dic-26;10,00;10.15;28,02;-0,45;3;2.274
13/08/26;GRIFOLS;PUT;Dic-26;10,50;10.15;27,45;-0,57;;29
13/08/26;GRIFOLS;PUT;Dic-26;11,00;10.15;27,22;-0,68;;290
13/08/26;GRIFOLS;PUT;Dic-26;11,50;10.15;26,99;-0,78;;7
13/08/26;GRIFOLS;PUT;Dic-26;12,00;10.15;26,76;-0,85;;1
13/08/26;GRIFOLS;PUT;Dic-26;12,50;10.15;26,53;-0,91;;1
13/08/26;GRIFOLS;PUT;Dic-26;13,00;10.15;26,30;-0,94;;10
13/08/26;GRIFOLS;PUT;Dic-26;13,50;10.15;26,07;-0,97;;113
13/08/26;GRIFOLS;PUT;Mar-27;6,25;10.15;38,88;-0,04;;50
13/08/26;GRIFOLS;PUT;Mar-27;6,50;10.15;38,35;-0,05;;17
13/08/26;GRIFOLS;PUT;Mar-27;6,75;10.15;37,83;-0,06;;250
13/08/26;GRIFOLS;PUT;Mar-27;7,00;10.15;37,30;-0,08;;163
13/08/26;GRIFOLS;PUT;Mar-27;7,25;10.15;36,78;-0,09;;76
13/08/26;GRIFOLS;PUT;Mar-27;7,50;10.15;36,25;-0,12;;770
13/08/26;GRIFOLS;PUT;Mar-27;7,75;10.15;35,72;-0,14;;146
13/08/26;GRIFOLS;PUT;Mar-27;8,00;10.15;35,20;-0,16;;127
13/08/26;GRIFOLS;PUT;Mar-27;8,25;10.15;34,67;-0,19;;5
13/08/26;GRIFOLS;PUT;Mar-27;8,50;10.15;34,15;-0,22;;13
13/08/26;GRIFOLS;PUT;Mar-27;8,75;10.15;33,62;-0,25;;3
13/08/26;GRIFOLS;PUT;Mar-27;9,00;10.15;33,10;-0,28;;1.130
13/08/26;GRIFOLS;PUT;Mar-27;9,25;10.15;32,57;-0,32;;2
13/08/26;GRIFOLS;PUT;Mar-27;10,00;10.15;31,00;-0,44;;15
13/08/26;GRIFOLS;PUT;Mar-27;10,50;10.15;30,53;-0,52;;14
13/08/26;GRIFOLS;PUT;Mar-27;11,00;10.15;30,32;-0,60;;130
13/08/26;GRIFOLS;PUT;Mar-27;16,00;10.15;28,18;-0,99;5;8
13/08/26;GRIFOLS;PUT;Jun-27;6,00;10.15;40,24;-0,05;;20
13/08/26;GRIFOLS;PUT;Jun-27;8,00;10.15;36,56;-0,19;;100
13/08/26;GRIFOLS;PUT;Jun-27;8,25;10.15;36,10;-0,21;;1
13/08/26;GRIFOLS;PUT;Jun-27;10,00;10.15;32,89;-0,43;;2
13/08/26;GRIFOLS;PUT;Jun-27;10,50;10.15;32,50;-0,49;;7
13/08/26;GRIFOLS;PUT;Jun-27;11,00;10.15;32,33;-0,56;;3
13/08/26;GRIFOLS;PUT;Jun-27;12,00;10.15;32,00;-0,68;;206
13/08/26;GRIFOLS;PUT;Jun-27;12,50;10.15;31,84;-0,73;;397
13/08/26;GRIFOLS;PUT;Jun-27;13,00;10.15;31,67;-0,78;;195
13/08/26;GRIFOLS;PUT;Jun-27;13,50;10.15;31,51;-0,82;;25
13/08/26;GRIFOLS;PUT;Jun-27;15,50;10.15;30,85;-0,94;;142
13/08/26;GRIFOLS;PUT;Dic-27;8,25;10.15;37,72;-0,25;;1
13/08/26;GRIFOLS;PUT;Dic-27;8,50;10.15;37,34;-0,28;;5
13/08/26;GRIFOLS;PUT;Dic-27;8,75;10.15;36,95;-0,30;;3
13/08/26;GRIFOLS;PUT;Dic-27;10,50;10.15;34,72;-0,47;;242
13/08/26;GRIFOLS;PUT;Dic-27;11,00;10.15;34,62;-0,51;;228
13/08/26;GRIFOLS;PUT;Dic-27;11,50;10.15;34,52;-0,56;;30
13/08/26;GRIFOLS;PUT;Mar-28;9,50;10.15;36,40;-0,37;;268
13/08/26;GRIFOLS;PUT;Mar-28;10,00;10.15;35,68;-0,41;;260
13/08/26;GRIFOLS;PUT;Jun-28;6,00;10.15;40,46;-0,11;;26
13/08/26;GRIFOLS;PUT;Jun-28;8,25;10.15;37,36;-0,26;;2
13/08/26;GRIFOLS;PUT;Dic-28;6,50;10.15;38,24;-0,15;;25
13/08/26;GRIFOLS;PUT;Dic-28;7,00;10.15;37,61;-0,18;;1
13/08/26;GRIFOLS;PUT;Dic-28;8,00;10.15;36,36;-0,25;;4
13/08/26;GRIFOLS;PUT;Dic-28;9,75;10.15;34,18;-0,38;;1
13/08/26;GRIFOLS;PUT;Jun-29;8,50;10.15;34,57;-0,29;;2
13/08/26;GRIFOLS;PUT;Dic-29;8,50;10.15;33,71;-0,29;;3
13/08/26;GRIFOLS;PUT;Dic-29;9,75;10.15;32,64;-0,38;;1
13/08/26;GRIFOLS;PUT;Dic-30;10,00;10.15;31,62;-0,39;;15
13/08/26;GRIFOLS;CALL;Dic-26;10,00;10.15;30,28;0,54;;10
13/08/26;GRIFOLS;CALL;Dic-26;11,00;10.15;29,48;0,33;;10
13/08/26;GRIFOLS;CALL;Dic-26;11,50;10.15;29,25;0,24;;65
13/08/26;GRIFOLS;CALL;Dic-26;15,00;10.15;27,64;0,01;;15
13/08/26;GRIFOLS;CALL;Jun-27;11,50;10.15;30,73;0,38;;50
13/08/26;GRIFOLS;CALL;Dic-27;11,50;10.15;32,45;0,41;;30
13/08/26;GRIFOLS;CALL;Jun-28;11,50;10.15;32,24;0,45;;60
13/08/26;GRIFOLS;PUT;Sep-26;9,00;10.15;30,32;-0,09;;10
13/08/26;GRIFOLS;PUT;Jun-27;9,00;10.15;34,72;-0,29;;1
13/08/26;IAG;CALL;Ago-26;4,50;5.18;35,82;1,00;;4
13/08/26;IAG;CALL;Ago-26;4,80;5.18;34,76;0,93;;10
13/08/26;IAG;CALL;Ago-26;5,00;5.18;34,05;0,77;;25
13/08/26;IAG;CALL;Ago-26;5,25;5.18;33,29;0,40;;10
13/08/26;IAG;CALL;Ago-26;5,50;5.18;32,86;0,12;;96
13/08/26;IAG;CALL;Ago-26;6,00;5.18;31,99;;;2
13/08/26;IAG;CALL;Sep-26;3,00;5.18;37,81;1,00;;50
13/08/26;IAG;CALL;Sep-26;3,80;5.18;36,00;1,00;;10
13/08/26;IAG;CALL;Sep-26;4,00;5.18;35,55;0,99;;6
13/08/26;IAG;CALL;Sep-26;4,20;5.18;35,10;0,98;;11
13/08/26;IAG;CALL;Sep-26;4,40;5.18;34,65;0,94;;4
13/08/26;IAG;CALL;Sep-26;4,50;5.18;34,43;0,91;;14
13/08/26;IAG;CALL;Sep-26;4,60;5.18;34,20;0,88;;41
13/08/26;IAG;CALL;Sep-26;4,70;5.18;33,98;0,84;;16
13/08/26;IAG;CALL;Sep-26;4,80;5.18;33,75;0,78;;19
13/08/26;IAG;CALL;Sep-26;4,90;5.18;33,53;0,72;200;223
13/08/26;IAG;CALL;Sep-26;5,00;5.18;33,30;0,66;;75
13/08/26;IAG;CALL;Sep-26;5,25;5.18;32,77;0,48;;4.572
13/08/26;IAG;CALL;Sep-26;5,50;5.18;32,34;0,30;;157
13/08/26;IAG;CALL;Sep-26;5,75;5.18;31,91;0,17;;57
13/08/26;IAG;CALL;Sep-26;6,00;5.18;31,47;0,08;;63
13/08/26;IAG;CALL;Sep-26;6,25;5.18;31,04;0,03;;50
13/08/26;IAG;CALL;Oct-26;5,00;5.18;34,33;0,63;3;13
13/08/26;IAG;CALL;Dic-26;2,90;5.18;40,09;1,00;;1
13/08/26;IAG;CALL;Dic-26;3,00;5.18;39,90;1,00;;1
13/08/26;IAG;CALL;Dic-26;3,50;5.18;38,93;0,97;;1
13/08/26;IAG;CALL;Dic-26;4,00;5.18;37,97;0,91;;2
13/08/26;IAG;CALL;Dic-26;4,20;5.18;37,58;0,87;;20
13/08/26;IAG;CALL;Dic-26;4,30;5.18;37,39;0,84;;3
13/08/26;IAG;CALL;Dic-26;4,40;5.18;37,19;0,82;;3
13/08/26;IAG;CALL;Dic-26;4,50;5.18;37,00;0,79;;6
13/08/26;IAG;CALL;Dic-26;4,60;5.18;36,81;0,76;;2
13/08/26;IAG;CALL;Dic-26;4,80;5.18;36,42;0,69;;2
13/08/26;IAG;CALL;Dic-26;5,00;5.18;36,03;0,62;;801
13/08/26;IAG;CALL;Dic-26;5,25;5.18;35,55;0,53;100;671
13/08/26;IAG;CALL;Dic-26;5,50;5.18;35,07;0,43;;1.591
13/08/26;IAG;CALL;Dic-26;5,75;5.18;34,59;0,34;;100
13/08/26;IAG;CALL;Dic-26;6,00;5.18;34,10;0,27;;10
13/08/26;IAG;CALL;Dic-26;6,25;5.18;33,62;0,20;;35
13/08/26;IAG;CALL;Mar-27;4,00;5.18;38,14;0,86;;12
13/08/26;IAG;CALL;Mar-27;4,10;5.18;37,97;0,83;;1
13/08/26;IAG;CALL;Mar-27;4,20;5.18;37,81;0,81;;6
13/08/26;IAG;CALL;Mar-27;4,30;5.18;37,65;0,79;;5
13/08/26;IAG;CALL;Mar-27;4,60;5.18;37,17;0,72;;1
13/08/26;IAG;CALL;Mar-27;4,70;5.18;37,01;0,69;;3
13/08/26;IAG;CALL;Mar-27;4,80;5.18;36,85;0,67;;2
13/08/26;IAG;CALL;Mar-27;5,00;5.18;36,53;0,61;;33
13/08/26;IAG;CALL;Mar-27;5,25;5.18;36,10;0,54;;1
13/08/26;IAG;CALL;Mar-27;5,50;5.18;35,62;0,48;100;300
13/08/26;IAG;CALL;Mar-27;6,00;5.18;34,65;0,35;;1
13/08/26;IAG;CALL;Mar-27;6,25;5.18;34,17;0,29;;250
13/08/26;IAG;CALL;Jun-27;2,00;5.18;38,57;1,00;;2
13/08/26;IAG;CALL;Jun-27;2,20;5.18;38,30;1,00;;25
13/08/26;IAG;CALL;Jun-27;2,30;5.18;38,16;1,00;;25
13/08/26;IAG;CALL;Jun-27;2,40;5.18;38,03;1,00;;25
13/08/26;IAG;CALL;Jun-27;3,00;5.18;37,21;0,97;;5
13/08/26;IAG;CALL;Jun-27;3,40;5.18;36,67;0,93;;1
13/08/26;IAG;CALL;Jun-27;4,00;5.18;35,86;0,84;;3
13/08/26;IAG;CALL;Jun-27;4,10;5.18;35,73;0,82;;2
13/08/26;IAG;CALL;Jun-27;4,40;5.18;35,32;0,76;;3
13/08/26;IAG;CALL;Jun-27;4,50;5.18;35,19;0,74;;1
13/08/26;IAG;CALL;Jun-27;4,90;5.18;34,65;0,64;;3
13/08/26;IAG;CALL;Jun-27;5,00;5.18;34,51;0,62;;2
13/08/26;IAG;CALL;Jun-27;5,25;5.18;34,16;0,56;;20
13/08/26;IAG;CALL;Jun-27;5,50;5.18;33,77;0,50;;1
13/08/26;IAG;CALL;Jun-27;6,25;5.18;32,61;0,33;;2
13/08/26;IAG;CALL;Jun-27;6,50;5.18;32,23;0,28;;1
13/08/26;IAG;CALL;Sep-27;4,50;5.18;33,87;0,73;;1
13/08/26;IAG;CALL;Sep-27;4,80;5.18;33,52;0,66;;1
13/08/26;IAG;CALL;Sep-27;5,25;5.18;32,99;0,56;;4
13/08/26;IAG;CALL;Dic-27;2,00;5.18;37,88;1,00;;25
13/08/26;IAG;CALL;Dic-27;2,10;5.18;37,75;1,00;;25
13/08/26;IAG;CALL;Dic-27;2,20;5.18;37,63;1,00;;25
13/08/26;IAG;CALL;Dic-27;2,30;5.18;37,51;0,99;;25
13/08/26;IAG;CALL;Dic-27;2,40;5.18;37,39;0,99;;25
13/08/26;IAG;CALL;Dic-27;3,70;5.18;35,80;0,86;;1
13/08/26;IAG;CALL;Dic-27;4,50;5.18;34,82;0,72;;1
13/08/26;IAG;CALL;Dic-27;5,00;5.18;34,21;0,62;;4
13/08/26;IAG;CALL;Mar-28;6,00;5.18;33,80;0,46;;2
13/08/26;IAG;CALL;Jun-28;5,00;5.18;36,61;0,64;;1
13/08/26;IAG;PUT;Ago-26;4,70;5.18;37,60;-0,04;;13
13/08/26;IAG;PUT;Ago-26;4,80;5.18;37,25;-0,08;;200
13/08/26;IAG;PUT;Ago-26;5,00;5.18;36,54;-0,25;;40
13/08/26;IAG;PUT;Ago-26;5,25;5.18;35,78;-0,59;25;65
13/08/26;IAG;PUT;Ago-26;6,00;5.18;34,48;-1,00;;10
13/08/26;IAG;PUT;Ago-26;7,25;5.18;32,31;-1,00;;10
13/08/26;IAG;PUT;Sep-26;2,20;5.18;42,47;;;3
13/08/26;IAG;PUT;Sep-26;2,50;5.18;41,79;;;65
13/08/26;IAG;PUT;Sep-26;3,20;5.18;40,22;;;50
13/08/26;IAG;PUT;Sep-26;3,30;5.18;39,99;;;15
13/08/26;IAG;PUT;Sep-26;3,50;5.18;39,54;;;17
13/08/26;IAG;PUT;Sep-26;3,90;5.18;38,64;-0,01;;5
13/08/26;IAG;PUT;Sep-26;4,00;5.18;38,41;-0,01;;205
13/08/26;IAG;PUT;Sep-26;4,10;5.18;38,19;-0,02;;224
13/08/26;IAG;PUT;Sep-26;4,20;5.18;37,96;-0,03;;2
13/08/26;IAG;PUT;Sep-26;4,40;5.18;37,51;-0,07;;21
13/08/26;IAG;PUT;Sep-26;4,50;5.18;37,29;-0,10;;68
13/08/26;IAG;PUT;Sep-26;4,70;5.18;36,84;-0,18;;22
13/08/26;IAG;PUT;Sep-26;4,80;5.18;36,61;-0,23;;107
13/08/26;IAG;PUT;Sep-26;4,90;5.18;36,39;-0,29;;110
13/08/26;IAG;PUT;Sep-26;5,00;5.18;36,16;-0,35;;108
13/08/26;IAG;PUT;Sep-26;5,25;5.18;35,63;-0,52;;10
13/08/26;IAG;PUT;Sep-26;5,50;5.18;35,20;-0,68;;13
13/08/26;IAG;PUT;Dic-26;2,60;5.18;41,15;;;4
13/08/26;IAG;PUT;Dic-26;2,80;5.18;40,76;;;20
13/08/26;IAG;PUT;Dic-26;2,90;5.18;40,57;-0,01;;20
13/08/26;IAG;PUT;Dic-26;3,30;5.18;39,80;-0,02;;20
13/08/26;IAG;PUT;Dic-26;3,50;5.18;39,41;-0,04;;19
13/08/26;IAG;PUT;Dic-26;3,70;5.18;39,02;-0,06;;4
13/08/26;IAG;PUT;Dic-26;3,80;5.18;38,83;-0,07;;151
13/08/26;IAG;PUT;Dic-26;3,90;5.18;38,64;-0,09;;137
13/08/26;IAG;PUT;Dic-26;4,00;5.18;38,45;-0,11;;817
13/08/26;IAG;PUT;Dic-26;4,10;5.18;38,25;-0,13;;12
13/08/26;IAG;PUT;Dic-26;4,20;5.18;38,06;-0,15;;55
13/08/26;IAG;PUT;Dic-26;4,30;5.18;37,87;-0,18;;7
13/08/26;IAG;PUT;Dic-26;4,40;5.18;37,67;-0,20;;54
13/08/26;IAG;PUT;Dic-26;4,50;5.18;37,48;-0,23;;7
13/08/26;IAG;PUT;Dic-26;4,60;5.18;37,29;-0,26;;7
13/08/26;IAG;PUT;Dic-26;4,70;5.18;37,09;-0,30;;2
13/08/26;IAG;PUT;Dic-26;4,80;5.18;36,90;-0,33;;4
13/08/26;IAG;PUT;Dic-26;4,90;5.18;36,71;-0,36;;1
13/08/26;IAG;PUT;Dic-26;5,00;5.18;36,51;-0,40;;159
13/08/26;IAG;PUT;Dic-26;5,25;5.18;36,03;-0,49;;11
13/08/26;IAG;PUT;Dic-26;5,50;5.18;35,55;-0,58;;1
13/08/26;IAG;PUT;Dic-26;6,00;5.18;34,58;-0,74;;100
13/08/26;IAG;PUT;Mar-27;3,20;5.18;38,72;-0,04;;40
13/08/26;IAG;PUT;Mar-27;3,50;5.18;38,24;-0,07;;17
13/08/26;IAG;PUT;Mar-27;3,70;5.18;37,92;-0,10;;20
13/08/26;IAG;PUT;Mar-27;4,00;5.18;37,44;-0,15;;4
13/08/26;IAG;PUT;Mar-27;4,10;5.18;37,27;-0,17;;1
13/08/26;IAG;PUT;Mar-27;4,40;5.18;36,79;-0,23;;20
13/08/26;IAG;PUT;Mar-27;4,60;5.18;36,47;-0,29;;25
13/08/26;IAG;PUT;Mar-27;4,70;5.18;36,31;-0,31;;255
13/08/26;IAG;PUT;Mar-27;4,80;5.18;36,15;-0,34;;2
13/08/26;IAG;PUT;Mar-27;5,00;5.18;35,83;-0,39;;13
13/08/26;IAG;PUT;Mar-27;5,25;5.18;35,40;-0,47;;2
13/08/26;IAG;PUT;Mar-27;5,50;5.18;34,92;-0,54;;6
13/08/26;IAG;PUT;Jun-27;3,50;5.18;36,54;-0,09;;30
13/08/26;IAG;PUT;Jun-27;4,00;5.18;35,86;-0,17;;3
13/08/26;IAG;PUT;Jun-27;4,10;5.18;35,73;-0,19;;2
13/08/26;IAG;PUT;Jun-27;4,40;5.18;35,32;-0,25;;3
13/08/26;IAG;PUT;Jun-27;4,50;5.18;35,19;-0,27;;1
13/08/26;IAG;PUT;Jun-27;5,00;5.18;34,51;-0,39;;7
13/08/26;IAG;PUT;Jun-27;5,25;5.18;34,16;-0,45;;1
13/08/26;IAG;PUT;Jun-27;5,50;5.18;33,77;-0,51;;2
13/08/26;IAG;PUT;Jun-27;6,00;5.18;33,00;-0,64;;2
13/08/26;IAG;PUT;Sep-27;3,20;5.18;35,71;-0,07;;5
13/08/26;IAG;PUT;Sep-27;4,50;5.18;34,21;-0,28;;2
13/08/26;IAG;PUT;Sep-27;4,80;5.18;33,86;-0,34;;1
13/08/26;IAG;PUT;Sep-27;5,25;5.18;33,33;-0,44;;1
13/08/26;IAG;PUT;Dic-27;3,20;5.18;36,77;-0,09;;15.000
13/08/26;IAG;PUT;Dic-27;3,50;5.18;36,40;-0,12;;20
13/08/26;IAG;PUT;Dic-27;4,00;5.18;35,79;-0,20;;1
13/08/26;IAG;PUT;Dic-27;4,60;5.18;35,06;-0,31;;25
13/08/26;IAG;PUT;Dic-27;5,00;5.18;34,57;-0,38;;4
13/08/26;IAG;CALL;Dic-29;3,40;5.18;41,65;0,76;;2
13/08/26;IAG;PUT;Sep-26;4,40;5.18;37,51;-0,07;;8
13/08/26;IBERDROLA;CALL;Ago-26;19,00;20.3;16,94;1,00;;1
13/08/26;IBERDROLA;CALL;Ago-26;20,00;20.3;15,56;0,75;;4
13/08/26;IBERDROLA;CALL;Ago-26;21,00;20.3;15,12;0,07;;10.027
13/08/26;IBERDROLA;CALL;Ago-26;21,50;20.3;15,09;0,01;;5
13/08/26;IBERDROLA;CALL;Ago-26;22,00;20.3;15,07;;;17
13/08/26;IBERDROLA;CALL;Ago-26;22,50;20.3;15,04;;;1
13/08/26;IBERDROLA;CALL;Sep-26;18,00;20.3;18,15;0,99;;60
13/08/26;IBERDROLA;CALL;Sep-26;19,00;20.3;16,80;0,91;;2
13/08/26;IBERDROLA;CALL;Sep-26;19,50;20.3;16,13;0,80;;5.000
13/08/26;IBERDROLA;CALL;Sep-26;20,00;20.3;15,45;0,65;;2
13/08/26;IBERDROLA;CALL;Sep-26;20,50;20.3;15,04;0,45;;2
13/08/26;IBERDROLA;CALL;Sep-26;21,00;20.3;15,00;0,26;;29.616
13/08/26;IBERDROLA;CALL;Sep-26;21,50;20.3;14,97;0,13;;35
13/08/26;IBERDROLA;CALL;Sep-26;22,00;20.3;14,94;0,05;;416
13/08/26;IBERDROLA;CALL;Sep-26;22,50;20.3;14,91;0,02;;2.500
13/08/26;IBERDROLA;CALL;Oct-26;19,50;20.3;16,79;0,75;1;3
13/08/26;IBERDROLA;CALL;Oct-26;21,00;20.3;15,69;0,34;;10.003
13/08/26;IBERDROLA;CALL;Oct-26;22,00;20.3;15,61;0,13;;1
13/08/26;IBERDROLA;CALL;Dic-26;14,50;20.3;24,18;0,99;;2
13/08/26;IBERDROLA;CALL;Dic-26;15,00;20.3;23,54;0,99;;4
13/08/26;IBERDROLA;CALL;Dic-26;16,00;20.3;22,24;0,97;;4
13/08/26;IBERDROLA;CALL;Dic-26;17,00;20.3;20,94;0,94;;6.500
13/08/26;IBERDROLA;CALL;Dic-26;17,50;20.3;20,29;0,91;;2
13/08/26;IBERDROLA;CALL;Dic-26;18,00;20.3;19,64;0,88;;6.001
13/08/26;IBERDROLA;CALL;Dic-26;18,50;20.3;18,99;0,83;;32
13/08/26;IBERDROLA;CALL;Dic-26;19,00;20.3;18,35;0,77;;342
13/08/26;IBERDROLA;CALL;Dic-26;19,50;20.3;17,70;0,70;;26.516
13/08/26;IBERDROLA;CALL;Dic-26;20,00;20.3;17,05;0,61;;7.518
13/08/26;IBERDROLA;CALL;Dic-26;20,50;20.3;16,62;0,51;2;5
13/08/26;IBERDROLA;CALL;Dic-26;21,00;20.3;16,51;0,42;;302
13/08/26;IBERDROLA;CALL;Dic-26;21,50;20.3;16,40;0,32;1;11
13/08/26;IBERDROLA;CALL;Dic-26;22,00;20.3;16,30;0,24;;110
13/08/26;IBERDROLA;CALL;Dic-26;22,50;20.3;16,19;0,17;5;517
13/08/26;IBERDROLA;CALL;Dic-26;23,00;20.3;16,08;0,12;;105
13/08/26;IBERDROLA;CALL;Dic-26;23,50;20.3;15,98;0,08;;8
13/08/26;IBERDROLA;CALL;Dic-26;24,00;20.3;15,87;0,05;;1
13/08/26;IBERDROLA;CALL;Dic-26;25,00;20.3;15,66;0,02;;1
13/08/26;IBERDROLA;CALL;Mar-27;12,00;20.3;26,70;1,00;;5
13/08/26;IBERDROLA;CALL;Mar-27;16,00;20.3;22,30;0,95;;10
13/08/26;IBERDROLA;CALL;Mar-27;16,50;20.3;21,75;0,93;;5
13/08/26;IBERDROLA;CALL;Mar-27;18,00;20.3;20,10;0,83;;4
13/08/26;IBERDROLA;CALL;Mar-27;19,50;20.3;18,45;0,66;;12
13/08/26;IBERDROLA;CALL;Mar-27;20,00;20.3;17,90;0,59;;100
13/08/26;IBERDROLA;CALL;Mar-27;20,50;20.3;17,51;0,52;7;7
13/08/26;IBERDROLA;CALL;Mar-27;21,00;20.3;17,37;0,44;;496
13/08/26;IBERDROLA;CALL;Mar-27;22,00;20.3;17,10;0,31;;20
13/08/26;IBERDROLA;CALL;Mar-27;22,50;20.3;16,96;0,24;4;4
13/08/26;IBERDROLA;CALL;Mar-27;23,00;20.3;16,82;0,19;3;258
13/08/26;IBERDROLA;CALL;Mar-27;24,00;20.3;16,54;0,11;;10
13/08/26;IBERDROLA;CALL;Mar-27;26,00;20.3;15,98;0,03;;17
13/08/26;IBERDROLA;CALL;Jun-27;17,00;20.3;21,23;0,86;;100
13/08/26;IBERDROLA;CALL;Jun-27;17,50;20.3;20,74;0,82;;100
13/08/26;IBERDROLA;CALL;Jun-27;18,00;20.3;20,26;0,79;;1
13/08/26;IBERDROLA;CALL;Jun-27;18,50;20.3;19,77;0,74;;7
13/08/26;IBERDROLA;CALL;Jun-27;19,00;20.3;19,29;0,70;;5.500
13/08/26;IBERDROLA;CALL;Jun-27;19,50;20.3;18,81;0,64;;7
13/08/26;IBERDROLA;CALL;Jun-27;20,00;20.3;18,32;0,59;;100
13/08/26;IBERDROLA;CALL;Jun-27;21,00;20.3;17,86;0,47;;1.005
13/08/26;IBERDROLA;CALL;Jun-27;22,00;20.3;17,61;0,36;;1
13/08/26;IBERDROLA;CALL;Jun-27;23,00;20.3;17,36;0,26;;100
13/08/26;IBERDROLA;CALL;Sep-27;16,50;20.3;21,93;0,88;;10.100
13/08/26;IBERDROLA;CALL;Sep-27;17,00;20.3;21,49;0,85;;100
13/08/26;IBERDROLA;CALL;Sep-27;17,50;20.3;21,04;0,81;;100
13/08/26;IBERDROLA;CALL;Sep-27;19,50;20.3;19,27;0,64;;62
13/08/26;IBERDROLA;CALL;Sep-27;22,00;20.3;18,17;0,38;;5
13/08/26;IBERDROLA;CALL;Dic-27;10,00;20.3;27,79;1,00;;30
13/08/26;IBERDROLA;CALL;Dic-27;13,00;20.3;25,23;0,98;;50
13/08/26;IBERDROLA;CALL;Dic-27;14,00;20.3;24,38;0,96;;5
13/08/26;IBERDROLA;CALL;Dic-27;15,00;20.3;23,53;0,92;;5
13/08/26;IBERDROLA;CALL;Dic-27;16,00;20.3;22,67;0,88;;26
13/08/26;IBERDROLA;CALL;Dic-27;16,50;20.3;22,24;0,85;;25
13/08/26;IBERDROLA;CALL;Dic-27;17,00;20.3;21,82;0,82;;7.530
13/08/26;IBERDROLA;CALL;Dic-27;17,50;20.3;21,39;0,79;;25
13/08/26;IBERDROLA;CALL;Dic-27;18,00;20.3;20,96;0,75;;10.005
13/08/26;IBERDROLA;CALL;Dic-27;18,50;20.3;20,54;0,71;;251
13/08/26;IBERDROLA;CALL;Dic-27;19,00;20.3;20,11;0,67;;157
13/08/26;IBERDROLA;CALL;Dic-27;19,50;20.3;19,68;0,63;;395
13/08/26;IBERDROLA;CALL;Dic-27;20,00;20.3;19,26;0,58;;13.260
13/08/26;IBERDROLA;CALL;Dic-27;21,00;20.3;18,86;0,49;;7.260
13/08/26;IBERDROLA;CALL;Dic-27;22,00;20.3;18,67;0,40;;5.004
13/08/26;IBERDROLA;CALL;Dic-27;23,00;20.3;18,47;0,32;;6
13/08/26;IBERDROLA;CALL;Dic-27;24,00;20.3;18,27;0,25;;2.757
13/08/26;IBERDROLA;CALL;Dic-27;25,00;20.3;18,07;0,18;;2.002
13/08/26;IBERDROLA;CALL;Mar-28;19,00;20.3;20,10;0,67;;1
13/08/26;IBERDROLA;CALL;Mar-28;20,00;20.3;19,28;0,58;;102
13/08/26;IBERDROLA;CALL;Mar-28;21,00;20.3;18,90;0,49;;6
13/08/26;IBERDROLA;CALL;Mar-28;26,00;20.3;18,00;0,16;;1
13/08/26;IBERDROLA;CALL;Jun-28;10,00;20.3;27,37;1,00;;10
13/08/26;IBERDROLA;CALL;Jun-28;20,00;20.3;19,49;0,58;;1
13/08/26;IBERDROLA;CALL;Jun-28;22,50;20.3;18,96;0,39;;7
13/08/26;IBERDROLA;CALL;Jun-28;28,00;20.3;18,24;0,12;;15
13/08/26;IBERDROLA;CALL;Dic-28;16,00;20.3;22,27;0,84;;5.000
13/08/26;IBERDROLA;CALL;Dic-28;18,00;20.3;20,82;0,72;;500
13/08/26;IBERDROLA;CALL;Dic-28;18,50;20.3;20,46;0,69;;25
13/08/26;IBERDROLA;CALL;Dic-28;19,00;20.3;20,10;0,65;;1
13/08/26;IBERDROLA;CALL;Dic-28;24,00;20.3;18,73;0,31;;15
13/08/26;IBERDROLA;CALL;Dic-29;15,00;20.3;22,86;0,88;;1
13/08/26;IBERDROLA;CALL;Dic-29;16,00;20.3;22,20;0,82;;2
13/08/26;IBERDROLA;CALL;Dic-29;18,00;20.3;20,89;0,70;;6.000
13/08/26;IBERDROLA;CALL;Dic-29;19,00;20.3;20,23;0,64;;25
13/08/26;IBERDROLA;CALL;Dic-29;21,50;20.3;19,30;0,49;;1
13/08/26;IBERDROLA;CALL;Jun-30;21,00;20.3;20,21;0,53;;1
13/08/26;IBERDROLA;CALL;Dic-30;18,00;20.3;22,23;0,69;;245
13/08/26;IBERDROLA;PUT;Ago-26;19,00;20.3;16,01;;;55.000
13/08/26;IBERDROLA;PUT;Ago-26;19,50;20.3;15,32;-0,04;;3
13/08/26;IBERDROLA;PUT;Ago-26;20,00;20.3;14,63;-0,24;;102
13/08/26;IBERDROLA;PUT;Ago-26;20,50;20.3;14,21;-0,67;;22
13/08/26;IBERDROLA;PUT;Ago-26;21,00;20.3;14,19;-0,95;;34
13/08/26;IBERDROLA;PUT;Ago-26;21,50;20.3;14,16;-1,00;;26
13/08/26;IBERDROLA;PUT;Sep-26;9,75;20.3;28,49;;;25
13/08/26;IBERDROLA;PUT;Sep-26;13,00;20.3;24,11;;;153
13/08/26;IBERDROLA;PUT;Sep-26;13,50;20.3;23,44;;;44
13/08/26;IBERDROLA;PUT;Sep-26;14,00;20.3;22,76;;;135
13/08/26;IBERDROLA;PUT;Sep-26;14,50;20.3;22,09;;;135
13/08/26;IBERDROLA;PUT;Sep-26;15,00;20.3;21,42;;;51
13/08/26;IBERDROLA;PUT;Sep-26;15,50;20.3;20,74;;;12
13/08/26;IBERDROLA;PUT;Sep-26;16,00;20.3;20,07;;;1
13/08/26;IBERDROLA;PUT;Sep-26;16,50;20.3;19,40;;;63
13/08/26;IBERDROLA;PUT;Sep-26;17,00;20.3;18,72;;;5.020
13/08/26;IBERDROLA;PUT;Sep-26;17,50;20.3;18,05;;;12
13/08/26;IBERDROLA;PUT;Sep-26;18,00;20.3;17,38;-0,01;10;530
13/08/26;IBERDROLA;PUT;Sep-26;18,50;20.3;16,70;-0,03;;30.000
13/08/26;IBERDROLA;PUT;Sep-26;19,00;20.3;16,03;-0,08;;20.000
13/08/26;IBERDROLA;PUT;Sep-26;19,50;20.3;15,36;-0,18;;12.496
13/08/26;IBERDROLA;PUT;Sep-26;20,00;20.3;14,68;-0,35;;5.116
13/08/26;IBERDROLA;PUT;Sep-26;20,50;20.3;14,27;-0,57;;255
13/08/26;IBERDROLA;PUT;Sep-26;21,00;20.3;14,23;-0,77;;2.513
13/08/26;IBERDROLA;PUT;Sep-26;21,50;20.3;14,20;-0,91;;2.504
13/08/26;IBERDROLA;PUT;Sep-26;22,00;20.3;14,17;-0,99;10;
13/08/26;IBERDROLA;PUT;Sep-26;22,50;20.3;14,14;-1,00;;30
13/08/26;IBERDROLA;PUT;Oct-26;19,00;20.3;16,43;-0,15;;10
13/08/26;IBERDROLA;PUT;Dic-26;9,00;20.3;30,33;;;2.000
13/08/26;IBERDROLA;PUT;Dic-26;9,50;20.3;29,68;;;2
13/08/26;IBERDROLA;PUT;Dic-26;9,75;20.3;29,36;;;25
13/08/26;IBERDROLA;PUT;Dic-26;10,50;20.3;28,38;;;502
13/08/26;IBERDROLA;PUT;Dic-26;11,00;20.3;27,73;;;1.348
13/08/26;IBERDROLA;PUT;Dic-26;11,50;20.3;27,09;;;26
13/08/26;IBERDROLA;PUT;Dic-26;12,00;20.3;26,44;;;10.150
13/08/26;IBERDROLA;PUT;Dic-26;13,00;20.3;25,14;;;21
13/08/26;IBERDROLA;PUT;Dic-26;13,50;20.3;24,49;;;10.000
13/08/26;IBERDROLA;PUT;Dic-26;14,00;20.3;23,84;;;15.010
13/08/26;IBERDROLA;PUT;Dic-26;14,50;20.3;23,19;;;10
13/08/26;IBERDROLA;PUT;Dic-26;15,00;20.3;22,55;-0,01;;2
13/08/26;IBERDROLA;PUT;Dic-26;15,50;20.3;21,90;-0,01;;30
13/08/26;IBERDROLA;PUT;Dic-26;16,00;20.3;21,25;-0,02;;34.287
13/08/26;IBERDROLA;PUT;Dic-26;16,50;20.3;20,60;-0,03;;255
13/08/26;IBERDROLA;PUT;Dic-26;17,00;20.3;19,95;-0,05;;67.047
13/08/26;IBERDROLA;PUT;Dic-26;17,50;20.3;19,30;-0,08;;10.005
13/08/26;IBERDROLA;PUT;Dic-26;18,00;20.3;18,65;-0,11;;83.784
13/08/26;IBERDROLA;PUT;Dic-26;18,50;20.3;18,00;-0,16;;7.407
13/08/26;IBERDROLA;PUT;Dic-26;19,00;20.3;17,36;-0,22;;2
13/08/26;IBERDROLA;PUT;Dic-26;19,50;20.3;16,71;-0,30;;16.528
13/08/26;IBERDROLA;PUT;Dic-26;20,00;20.3;16,06;-0,39;;81.018
13/08/26;IBERDROLA;PUT;Dic-26;20,50;20.3;15,63;-0,50;;1
13/08/26;IBERDROLA;PUT;Dic-26;21,00;20.3;15,52;-0,61;;887
13/08/26;IBERDROLA;PUT;Dic-26;21,50;20.3;15,41;-0,72;;12
13/08/26;IBERDROLA;PUT;Dic-26;22,00;20.3;15,31;-0,81;;2
13/08/26;IBERDROLA;PUT;Mar-27;10,50;20.3;27,17;;;1
13/08/26;IBERDROLA;PUT;Mar-27;14,00;20.3;23,32;-0,02;;1
13/08/26;IBERDROLA;PUT;Mar-27;15,00;20.3;22,22;-0,03;;1
13/08/26;IBERDROLA;PUT;Mar-27;16,00;20.3;21,12;-0,06;;14
13/08/26;IBERDROLA;PUT;Mar-27;16,50;20.3;20,57;-0,08;;4
13/08/26;IBERDROLA;PUT;Mar-27;18,00;20.3;18,92;-0,19;;4
13/08/26;IBERDROLA;PUT;Mar-27;18,50;20.3;18,37;-0,24;;2
13/08/26;IBERDROLA;PUT;Mar-27;19,00;20.3;17,82;-0,30;;1
13/08/26;IBERDROLA;PUT;Mar-27;19,50;20.3;17,27;-0,36;;302
13/08/26;IBERDROLA;PUT;Mar-27;20,00;20.3;16,72;-0,44;;60
13/08/26;IBERDROLA;PUT;Mar-27;24,00;20.3;15,36;-0,92;;1
13/08/26;IBERDROLA;PUT;Jun-27;15,00;20.3;22,16;-0,05;;10
13/08/26;IBERDROLA;PUT;Jun-27;16,00;20.3;21,20;-0,09;;1.020
13/08/26;IBERDROLA;PUT;Jun-27;17,00;20.3;20,23;-0,14;10;5.517
13/08/26;IBERDROLA;PUT;Jun-27;17,50;20.3;19,74;-0,18;;5
13/08/26;IBERDROLA;PUT;Jun-27;18,00;20.3;19,26;-0,21;;9
13/08/26;IBERDROLA;PUT;Jun-27;19,00;20.3;18,29;-0,31;;9
13/08/26;IBERDROLA;PUT;Jun-27;19,50;20.3;17,81;-0,37;;50
13/08/26;IBERDROLA;PUT;Jun-27;20,00;20.3;17,32;-0,43;;11.513
13/08/26;IBERDROLA;PUT;Jun-27;23,00;20.3;16,36;-0,80;;1
13/08/26;IBERDROLA;PUT;Sep-27;16,00;20.3;21,19;-0,13;;35.000
13/08/26;IBERDROLA;PUT;Sep-27;16,50;20.3;20,75;-0,16;;200
13/08/26;IBERDROLA;PUT;Sep-27;17,00;20.3;20,31;-0,19;;100
13/08/26;IBERDROLA;PUT;Sep-27;17,50;20.3;19,86;-0,22;;200
13/08/26;IBERDROLA;PUT;Sep-27;18,00;20.3;19,42;-0,26;;5.300
13/08/26;IBERDROLA;PUT;Sep-27;19,00;20.3;18,53;-0,35;;50
13/08/26;IBERDROLA;PUT;Sep-27;19,50;20.3;18,09;-0,41;;50
13/08/26;IBERDROLA;PUT;Sep-27;20,00;20.3;17,65;-0,46;;25
13/08/26;IBERDROLA;PUT;Sep-27;20,50;20.3;17,33;-0,52;;50
13/08/26;IBERDROLA;PUT;Dic-27;9,50;20.3;26,40;;;2.000
13/08/26;IBERDROLA;PUT;Dic-27;10,00;20.3;25,97;-0,01;;5
13/08/26;IBERDROLA;PUT;Dic-27;11,50;20.3;24,69;-0,02;;1.800
13/08/26;IBERDROLA;PUT;Dic-27;12,00;20.3;24,27;-0,02;;30.000
13/08/26;IBERDROLA;PUT;Dic-27;13,00;20.3;23,41;-0,04;;35.000
13/08/26;IBERDROLA;PUT;Dic-27;14,00;20.3;22,56;-0,06;;10.000
13/08/26;IBERDROLA;PUT;Dic-27;14,50;20.3;22,13;-0,08;;20.000
13/08/26;IBERDROLA;PUT;Dic-27;16,00;20.3;20,85;-0,14;;25.000
13/08/26;IBERDROLA;PUT;Dic-27;16,50;20.3;20,42;-0,17;;2
13/08/26;IBERDROLA;PUT;Dic-27;17,00;20.3;20,00;-0,20;;2.750
13/08/26;IBERDROLA;PUT;Dic-27;17,50;20.3;19,57;-0,23;;460
13/08/26;IBERDROLA;PUT;Dic-27;18,00;20.3;19,14;-0,27;;409
13/08/26;IBERDROLA;PUT;Dic-27;18,50;20.3;18,72;-0,31;;175
13/08/26;IBERDROLA;PUT;Dic-27;19,00;20.3;18,29;-0,36;;1.811
13/08/26;IBERDROLA;PUT;Dic-27;19,50;20.3;17,86;-0,40;;25
13/08/26;IBERDROLA;PUT;Dic-27;20,00;20.3;17,44;-0,45;;6.750
13/08/26;IBERDROLA;PUT;Dic-27;21,00;20.3;17,04;-0,56;;1.250
13/08/26;IBERDROLA;PUT;Dic-27;22,00;20.3;16,85;-0,66;;50
13/08/26;IBERDROLA;PUT;Mar-28;18,00;20.3;18,72;-0,28;;200
13/08/26;IBERDROLA;PUT;Jun-28;13,00;20.3;22,29;-0,05;;150
13/08/26;IBERDROLA;PUT;Jun-28;14,00;20.3;21,51;-0,08;;150
13/08/26;IBERDROLA;PUT;Dic-28;15,00;20.3;19,79;-0,14;;5.000
13/08/26;IBERDROLA;PUT;Dic-28;21,50;20.3;15,82;-0,59;;4.000
13/08/26;IBERDROLA;PUT;Dic-28;24,00;20.3;15,53;-0,76;;1
13/08/26;IBERDROLA;PUT;Dic-29;19,00;20.3;16,44;-0,40;;2
13/08/26;IBERDROLA;PUT;Dic-30;14,50;20.3;19,19;-0,18;;5
13/08/26;IBERDROLA;CALL;Ago-26;22,00;20.3;15,07;;;1.035
13/08/26;IBERDROLA;CALL;Ago-26;23,00;20.3;15,02;;;2.050
13/08/26;IBERDROLA;CALL;Sep-26;13,50;20.3;24,21;1,00;;150
13/08/26;IBERDROLA;CALL;Sep-26;14,00;20.3;23,53;1,00;;300
13/08/26;IBERDROLA;CALL;Sep-26;20,00;20.3;15,45;0,64;;160
13/08/26;IBERDROLA;CALL;Sep-26;20,00;20.3;15,45;0,64;;10
13/08/26;IBERDROLA;CALL;Sep-26;21,00;20.3;15,00;0,26;;13
13/08/26;IBERDROLA;CALL;Sep-26;22,00;20.3;14,94;0,05;;2.043
13/08/26;IBERDROLA;CALL;Oct-26;22,00;20.3;15,61;0,13;;12.287
13/08/26;IBERDROLA;CALL;Dic-26;14,50;20.3;24,18;0,98;;510
13/08/26;IBERDROLA;CALL;Dic-26;18,00;20.3;19,64;0,87;;10
13/08/26;IBERDROLA;CALL;Dic-26;18,50;20.3;18,99;0,82;;200
13/08/26;IBERDROLA;CALL;Dic-26;19,00;20.3;18,35;0,76;;50
13/08/26;IBERDROLA;CALL;Dic-26;20,00;20.3;17,05;0,61;;10
13/08/26;IBERDROLA;CALL;Dic-26;20,50;20.3;16,62;0,51;;1
13/08/26;IBERDROLA;CALL;Dic-26;22,00;20.3;16,30;0,24;;2
13/08/26;IBERDROLA;CALL;Jun-27;24,00;20.3;17,12;0,17;;5
13/08/26;IBERDROLA;CALL;Dic-27;12,00;20.3;26,09;0,94;;2.000
13/08/26;IBERDROLA;CALL;Jun-30;21,00;20.3;20,21;0,47;;1
13/08/26;IBERDROLA;PUT;Ago-26;21,00;20.3;14,19;-0,94;;10
13/08/26;IBERDROLA;PUT;Sep-26;13,00;20.3;24,11;;;500
13/08/26;IBERDROLA;PUT;Sep-26;15,00;20.3;21,42;;;800
13/08/26;IBERDROLA;PUT;Sep-26;18,50;20.3;16,70;-0,03;;25
13/08/26;IBERDROLA;PUT;Sep-26;21,00;20.3;14,23;-0,75;;10
13/08/26;IBERDROLA;PUT;Dic-26;15,00;20.3;22,55;-0,01;;600
13/08/26;IBERDROLA;PUT;Dic-26;16,00;20.3;21,25;-0,02;;1
13/08/26;IBERDROLA;PUT;Dic-26;19,00;20.3;17,36;-0,22;;21
13/08/26;IBERDROLA;PUT;Dic-26;19,50;20.3;16,71;-0,29;;4
13/08/26;IBERDROLA;PUT;Dic-26;20,00;20.3;16,06;-0,38;;1
13/08/26;IBERDROLA;PUT;Dic-26;21,00;20.3;15,52;-0,59;;10
13/08/26;IBERDROLA;PUT;Dic-26;22,00;20.3;15,31;-0,77;10;10
13/08/26;IBERDROLA;PUT;Dic-27;12,00;20.3;24,27;-0,02;;2.000
13/08/26;INDITEX;CALL;Ago-26;54,17;57.88;23,61;0,97;;1
13/08/26;INDITEX;CALL;Ago-26;56,11;57.88;21,72;0,84;;300
13/08/26;INDITEX;CALL;Ago-26;58,05;57.88;19,94;0,47;;13
13/08/26;INDITEX;CALL;Ago-26;59,99;57.88;19,31;0,11;;300
13/08/26;INDITEX;CALL;Sep-26;40,63;57.88;40,48;1,00;;25
13/08/26;INDITEX;CALL;Sep-26;41,60;57.88;39,64;1,00;;50
13/08/26;INDITEX;CALL;Sep-26;43,54;57.88;37,97;0,99;;50
13/08/26;INDITEX;CALL;Sep-26;44,49;57.88;37,15;0,99;;25
13/08/26;INDITEX;CALL;Sep-26;45,47;57.88;36,30;0,99;;75
13/08/26;INDITEX;CALL;Sep-26;46,44;57.88;35,46;0,98;;50
13/08/26;INDITEX;CALL;Sep-26;47,41;57.88;34,62;0,97;;50
13/08/26;INDITEX;CALL;Sep-26;48,38;57.88;33,79;0,96;;25
13/08/26;INDITEX;CALL;Sep-26;50,31;57.88;32,12;0,93;;25
13/08/26;INDITEX;CALL;Sep-26;52,25;57.88;30,44;0,87;;100
13/08/26;INDITEX;CALL;Sep-26;54,17;57.88;28,78;0,79;;382
13/08/26;INDITEX;CALL;Sep-26;56,11;57.88;27,11;0,67;;1.757
13/08/26;INDITEX;CALL;Sep-26;58,05;57.88;25,54;0,51;;22
13/08/26;INDITEX;CALL;Sep-26;59,99;57.88;25,06;0,35;;233
13/08/26;INDITEX;CALL;Sep-26;61,92;57.88;24,58;0,21;2;25
13/08/26;INDITEX;CALL;Sep-26;65,78;57.88;23,62;0,05;;10
13/08/26;INDITEX;CALL;Oct-26;63,85;57.88;23,18;0,18;;100
13/08/26;INDITEX;CALL;Dic-26;35,80;57.88;38,70;0,99;;3
13/08/26;INDITEX;CALL;Dic-26;38,70;57.88;36,95;0,98;;1
13/08/26;INDITEX;CALL;Dic-26;39,67;57.88;36,36;0,98;;52
13/08/26;INDITEX;CALL;Dic-26;40,63;57.88;35,78;0,97;;25
13/08/26;INDITEX;CALL;Dic-26;44,49;57.88;33,45;0,93;;120
13/08/26;INDITEX;CALL;Dic-26;46,44;57.88;32,27;0,91;;26
13/08/26;INDITEX;CALL;Dic-26;47,41;57.88;31,68;0,89;;325
13/08/26;INDITEX;CALL;Dic-26;48,38;57.88;31,09;0,87;;400
13/08/26;INDITEX;CALL;Dic-26;50,31;57.88;29,93;0,82;;50
13/08/26;INDITEX;CALL;Dic-26;52,25;57.88;28,75;0,77;;31
13/08/26;INDITEX;CALL;Dic-26;54,17;57.88;27,59;0,70;;59
13/08/26;INDITEX;CALL;Dic-26;56,11;57.88;26,42;0,62;;149
13/08/26;INDITEX;CALL;Dic-26;58,05;57.88;25,32;0,53;;645
13/08/26;INDITEX;CALL;Dic-26;59,99;57.88;24,97;0,44;;201
13/08/26;INDITEX;CALL;Dic-26;61,92;57.88;24,63;0,36;;253
13/08/26;INDITEX;CALL;Dic-26;63,85;57.88;24,28;0,28;;210
13/08/26;INDITEX;CALL;Dic-26;65,78;57.88;23,94;0,21;;16
13/08/26;INDITEX;CALL;Dic-26;67,72;57.88;23,59;0,15;;15
13/08/26;INDITEX;CALL;Dic-26;69,66;57.88;23,25;0,10;;11
13/08/26;INDITEX;CALL;Dic-26;71,60;57.88;22,90;0,07;;3
13/08/26;INDITEX;CALL;Mar-27;52,25;57.88;28,56;0,73;;100
13/08/26;INDITEX;CALL;Mar-27;54,17;57.88;27,52;0,68;;3
13/08/26;INDITEX;CALL;Mar-27;63,85;57.88;24,62;0,36;;400
13/08/26;INDITEX;CALL;Mar-27;65,78;57.88;24,33;0,30;;300
13/08/26;INDITEX;CALL;Mar-27;67,72;57.88;24,04;0,24;;75
13/08/26;INDITEX;CALL;Mar-27;69,66;57.88;23,75;0,19;;25
13/08/26;INDITEX;CALL;Mar-27;71,60;57.88;23,46;0,15;;20
13/08/26;INDITEX;CALL;Mar-27;73,53;57.88;23,17;0,12;;20
13/08/26;INDITEX;CALL;Jun-27;38,70;57.88;34,81;0,94;;150
13/08/26;INDITEX;CALL;Jun-27;45,47;57.88;31,76;0,85;;25
13/08/26;INDITEX;CALL;Jun-27;50,31;57.88;29,59;0,76;;25
13/08/26;INDITEX;CALL;Jun-27;58,05;57.88;26,16;0,56;;150
13/08/26;INDITEX;CALL;Jun-27;59,99;57.88;25,86;0,50;;188
13/08/26;INDITEX;CALL;Jun-27;61,92;57.88;25,56;0,45;;100
13/08/26;INDITEX;CALL;Jun-27;69,66;57.88;24,36;0,24;;100
13/08/26;INDITEX;CALL;Jun-27;71,60;57.88;24,06;0,20;;25
13/08/26;INDITEX;CALL;Jun-27;73,53;57.88;23,76;0,17;;50
13/08/26;INDITEX;CALL;Sep-27;59,99;57.88;25,96;0,51;;25
13/08/26;INDITEX;CALL;Sep-27;63,85;57.88;25,42;0,42;;25
13/08/26;INDITEX;CALL;Sep-27;69,66;57.88;24,62;0,29;;1
13/08/26;INDITEX;CALL;Sep-27;71,60;57.88;24,35;0,25;;25
13/08/26;INDITEX;CALL;Dic-27;37,73;57.88;34,10;0,92;;25
13/08/26;INDITEX;CALL;Dic-27;38,70;57.88;33,76;0,90;;1
13/08/26;INDITEX;CALL;Dic-27;39,67;57.88;33,41;0,89;;1
13/08/26;INDITEX;CALL;Dic-27;43,54;57.88;32,03;0,84;;50
13/08/26;INDITEX;CALL;Dic-27;45,47;57.88;31,34;0,82;;25
13/08/26;INDITEX;CALL;Dic-27;47,41;57.88;30,65;0,78;;25
13/08/26;INDITEX;CALL;Dic-27;52,25;57.88;28,92;0,70;;25
13/08/26;INDITEX;CALL;Dic-27;54,17;57.88;28,23;0,66;;25
13/08/26;INDITEX;CALL;Dic-27;59,99;57.88;26,64;0,53;;25
13/08/26;INDITEX;CALL;Dic-27;61,92;57.88;26,40;0,48;;175
13/08/26;INDITEX;CALL;Dic-27;63,85;57.88;26,15;0,44;;500
13/08/26;INDITEX;CALL;Dic-27;65,78;57.88;25,91;0,40;;10
13/08/26;INDITEX;CALL;Dic-27;71,60;57.88;25,17;0,29;;1
13/08/26;INDITEX;CALL;Mar-28;33,30;57.88;35,95;0,94;;1
13/08/26;INDITEX;CALL;Mar-28;52,89;57.88;28,95;0,68;;50
13/08/26;INDITEX;CALL;Mar-28;54,86;57.88;28,25;0,64;;75
13/08/26;INDITEX;CALL;Mar-28;56,81;57.88;27,55;0,61;;75
13/08/26;INDITEX;CALL;Mar-28;58,77;57.88;27,05;0,57;;50
13/08/26;INDITEX;CALL;Mar-28;60,73;57.88;26,78;0,53;;25
13/08/26;INDITEX;CALL;Mar-28;64,65;57.88;26,23;0,45;;25
13/08/26;INDITEX;CALL;Mar-28;66,60;57.88;25,96;0,41;;25
13/08/26;INDITEX;CALL;Mar-28;68,56;57.88;25,69;0,38;;25
13/08/26;INDITEX;CALL;Mar-28;70,53;57.88;25,42;0,34;;25
13/08/26;INDITEX;CALL;Mar-28;72,49;57.88;25,15;0,31;;25
13/08/26;INDITEX;CALL;Jun-28;42,12;57.88;32,66;0,84;;25
13/08/26;INDITEX;CALL;Jun-28;43,10;57.88;32,32;0,83;;25
13/08/26;INDITEX;CALL;Jun-28;56,81;57.88;27,58;0,61;;25
13/08/26;INDITEX;CALL;Jun-28;58,77;57.88;27,10;0,57;;50
13/08/26;INDITEX;CALL;Jun-28;66,60;57.88;26,11;0,43;;50
13/08/26;INDITEX;CALL;Jun-28;68,56;57.88;25,86;0,39;;25
13/08/26;INDITEX;CALL;Jun-28;70,53;57.88;25,61;0,36;;25
13/08/26;INDITEX;CALL;Jun-28;72,49;57.88;25,36;0,33;;25
13/08/26;INDITEX;CALL;Dic-28;49,44;57.88;29,57;0,73;;2
13/08/26;INDITEX;CALL;Dic-28;67,24;57.88;26,12;0,45;;490
13/08/26;INDITEX;CALL;Dic-29;43,51;57.88;29,18;0,81;;220
13/08/26;INDITEX;PUT;Ago-26;39,67;57.88;38,10;;;100
13/08/26;INDITEX;PUT;Ago-26;41,60;57.88;36,22;;;150
13/08/26;INDITEX;PUT;Ago-26;43,54;57.88;34,34;;;150
13/08/26;INDITEX;PUT;Ago-26;44,49;57.88;33,41;;;2
13/08/26;INDITEX;PUT;Ago-26;46,44;57.88;31,51;;;1
13/08/26;INDITEX;PUT;Ago-26;48,38;57.88;29,63;;;1
13/08/26;INDITEX;PUT;Ago-26;50,31;57.88;27,75;;;11
13/08/26;INDITEX;PUT;Ago-26;52,25;57.88;25,86;;;4
13/08/26;INDITEX;PUT;Ago-26;54,17;57.88;23,99;-0,03;;6
13/08/26;INDITEX;PUT;Ago-26;56,11;57.88;22,10;-0,17;;10
13/08/26;INDITEX;PUT;Ago-26;58,05;57.88;20,32;-0,53;;3
13/08/26;INDITEX;PUT;Sep-26;35,80;57.88;44,25;;;1
13/08/26;INDITEX;PUT;Sep-26;36,76;57.88;43,42;;;27
13/08/26;INDITEX;PUT;Sep-26;38,70;57.88;41,75;;;25
13/08/26;INDITEX;PUT;Sep-26;39,67;57.88;40,91;;;26
13/08/26;INDITEX;PUT;Sep-26;40,63;57.88;40,08;;;28
13/08/26;INDITEX;PUT;Sep-26;41,60;57.88;39,24;;;240
13/08/26;INDITEX;PUT;Sep-26;42,57;57.88;38,41;;;300
13/08/26;INDITEX;PUT;Sep-26;43,54;57.88;37,57;-0,01;;25
13/08/26;INDITEX;PUT;Sep-26;44,49;57.88;36,75;-0,01;;51
13/08/26;INDITEX;PUT;Sep-26;45,47;57.88;35,90;-0,01;;51
13/08/26;INDITEX;PUT;Sep-26;46,44;57.88;35,06;-0,02;;75
13/08/26;INDITEX;PUT;Sep-26;47,41;57.88;34,22;-0,03;;30
13/08/26;INDITEX;PUT;Sep-26;48,38;57.88;33,39;-0,04;;82
13/08/26;INDITEX;PUT;Sep-26;50,31;57.88;31,72;-0,07;;101
13/08/26;INDITEX;PUT;Sep-26;52,00;57.88;30,26;-0,12;;4.005
13/08/26;INDITEX;PUT;Sep-26;52,25;57.88;30,04;-0,13;;26
13/08/26;INDITEX;PUT;Sep-26;54,17;57.88;28,38;-0,21;;375
13/08/26;INDITEX;PUT;Sep-26;56,11;57.88;26,71;-0,33;;5
13/08/26;INDITEX;PUT;Sep-26;58,05;57.88;25,14;-0,49;;6
13/08/26;INDITEX;PUT;Sep-26;59,99;57.88;24,66;-0,66;;6
13/08/26;INDITEX;PUT;Oct-26;48,38;57.88;31,32;-0,07;;1
13/08/26;INDITEX;PUT;Oct-26;50,31;57.88;29,83;-0,11;;1
13/08/26;INDITEX;PUT;Dic-26;32,90;57.88;39,12;;;26
13/08/26;INDITEX;PUT;Dic-26;33,87;57.88;38,53;-0,01;;21
13/08/26;INDITEX;PUT;Dic-26;34,83;57.88;37,95;-0,01;;25
13/08/26;INDITEX;PUT;Dic-26;35,80;57.88;37,36;-0,01;;25
13/08/26;INDITEX;PUT;Dic-26;36,76;57.88;36,78;-0,01;;26
13/08/26;INDITEX;PUT;Dic-26;37,73;57.88;36,19;-0,02;;150
13/08/26;INDITEX;PUT;Dic-26;38,70;57.88;35,61;-0,02;;150
13/08/26;INDITEX;PUT;Dic-26;39,67;57.88;35,02;-0,03;;11
13/08/26;INDITEX;PUT;Dic-26;40,63;57.88;34,44;-0,03;;2
13/08/26;INDITEX;PUT;Dic-26;41,60;57.88;33,85;-0,04;;86
13/08/26;INDITEX;PUT;Dic-26;42,57;57.88;33,27;-0,05;;150
13/08/26;INDITEX;PUT;Dic-26;43,54;57.88;32,68;-0,06;;75
13/08/26;INDITEX;PUT;Dic-26;44,49;57.88;32,11;-0,07;;62
13/08/26;INDITEX;PUT;Dic-26;45,47;57.88;31,51;-0,08;;35
13/08/26;INDITEX;PUT;Dic-26;46,44;57.88;30,93;-0,10;;34
13/08/26;INDITEX;PUT;Dic-26;47,41;57.88;30,34;-0,11;1;2.399
13/08/26;INDITEX;PUT;Dic-26;48,38;57.88;29,75;-0,13;;76
13/08/26;INDITEX;PUT;Dic-26;50,31;57.88;28,59;-0,18;;170
13/08/26;INDITEX;PUT;Dic-26;52,25;57.88;27,41;-0,24;1;26
13/08/26;INDITEX;PUT;Dic-26;54,17;57.88;26,25;-0,30;;25
13/08/26;INDITEX;PUT;Dic-26;56,11;57.88;25,08;-0,39;;210
13/08/26;INDITEX;PUT;Dic-26;59,99;57.88;23,63;-0,57;;176
13/08/26;INDITEX;PUT;Mar-27;33,87;57.88;36,72;-0,02;;50
13/08/26;INDITEX;PUT;Mar-27;34,83;57.88;36,20;-0,02;;50
13/08/26;INDITEX;PUT;Mar-27;35,80;57.88;35,67;-0,03;;75
13/08/26;INDITEX;PUT;Mar-27;36,76;57.88;35,15;-0,03;;75
13/08/26;INDITEX;PUT;Mar-27;37,73;57.88;34,63;-0,04;;25
13/08/26;INDITEX;PUT;Mar-27;38,70;57.88;34,10;-0,05;;25
13/08/26;INDITEX;PUT;Mar-27;39,67;57.88;33,58;-0,05;1;52
13/08/26;INDITEX;PUT;Mar-27;40,63;57.88;33,06;-0,06;;78
13/08/26;INDITEX;PUT;Mar-27;41,60;57.88;32,53;-0,07;;1
13/08/26;INDITEX;PUT;Mar-27;42,57;57.88;32,01;-0,08;;1
13/08/26;INDITEX;PUT;Mar-27;44,49;57.88;30,97;-0,11;;8
13/08/26;INDITEX;PUT;Mar-27;45,47;57.88;30,44;-0,12;;4
13/08/26;INDITEX;PUT;Mar-27;50,00;57.88;27,99;-0,21;;3.000
13/08/26;INDITEX;PUT;Mar-27;50,31;57.88;27,82;-0,22;;101
13/08/26;INDITEX;PUT;Jun-27;26,12;57.88;38,35;-0,01;;1
13/08/26;INDITEX;PUT;Jun-27;30,96;57.88;36,17;-0,02;;150
13/08/26;INDITEX;PUT;Jun-27;33,87;57.88;34,87;-0,03;;200
13/08/26;INDITEX;PUT;Jun-27;34,83;57.88;34,43;-0,04;;180
13/08/26;INDITEX;PUT;Jun-27;36,76;57.88;33,57;-0,05;;25
13/08/26;INDITEX;PUT;Jun-27;38,70;57.88;32,70;-0,07;;150
13/08/26;INDITEX;PUT;Jun-27;39,67;57.88;32,26;-0,08;;101
13/08/26;INDITEX;PUT;Jun-27;41,60;57.88;31,39;-0,10;;176
13/08/26;INDITEX;PUT;Jun-27;42,57;57.88;30,96;-0,11;;150
13/08/26;INDITEX;PUT;Jun-27;43,54;57.88;30,52;-0,13;;150
13/08/26;INDITEX;PUT;Jun-27;44,49;57.88;30,09;-0,14;;50
13/08/26;INDITEX;PUT;Jun-27;46,44;57.88;29,22;-0,17;;25
13/08/26;INDITEX;PUT;Jun-27;47,41;57.88;28,78;-0,19;;153
13/08/26;INDITEX;PUT;Jun-27;48,38;57.88;28,35;-0,21;;150
13/08/26;INDITEX;PUT;Jun-27;50,31;57.88;27,48;-0,25;;3
13/08/26;INDITEX;PUT;Jun-27;52,25;57.88;26,61;-0,30;;150
13/08/26;INDITEX;PUT;Jun-27;56,11;57.88;24,88;-0,41;;25
13/08/26;INDITEX;PUT;Jun-27;65,78;57.88;22,85;-0,70;;1
13/08/26;INDITEX;PUT;Sep-27;43,54;57.88;29,98;-0,14;;25
13/08/26;INDITEX;PUT;Sep-27;44,49;57.88;29,60;-0,15;;25
13/08/26;INDITEX;PUT;Sep-27;45,47;57.88;29,21;-0,17;;25
13/08/26;INDITEX;PUT;Sep-27;46,44;57.88;28,83;-0,19;;25
13/08/26;INDITEX;PUT;Sep-27;73,53;57.88;22,12;-0,84;;1
13/08/26;INDITEX;PUT;Dic-27;21,29;57.88;37,87;-0,01;;2
13/08/26;INDITEX;PUT;Dic-27;33,87;57.88;33,38;-0,06;;100
13/08/26;INDITEX;PUT;Dic-27;36,76;57.88;32,35;-0,08;;25
13/08/26;INDITEX;PUT;Dic-27;37,73;57.88;32,00;-0,09;;25
13/08/26;INDITEX;PUT;Dic-27;43,54;57.88;29,93;-0,16;;10
13/08/26;INDITEX;PUT;Dic-27;45,47;57.88;29,24;-0,18;;1.100
13/08/26;INDITEX;PUT;Dic-27;46,44;57.88;28,89;-0,20;;150
13/08/26;INDITEX;PUT;Dic-27;47,41;57.88;28,55;-0,22;;325
13/08/26;INDITEX;PUT;Dic-27;48,38;57.88;28,20;-0,23;;175
13/08/26;INDITEX;PUT;Dic-27;50,31;57.88;27,51;-0,27;;350
13/08/26;INDITEX;PUT;Dic-27;52,25;57.88;26,82;-0,31;;375
13/08/26;INDITEX;PUT;Dic-27;54,17;57.88;26,13;-0,35;;450
13/08/26;INDITEX;PUT;Dic-27;56,11;57.88;25,44;-0,40;;500
13/08/26;INDITEX;PUT;Dic-27;58,05;57.88;24,79;-0,45;;50
13/08/26;INDITEX;PUT;Dic-27;59,99;57.88;24,54;-0,49;;25
13/08/26;INDITEX;PUT;Jun-28;43,10;57.88;29,38;-0,17;;25
13/08/26;INDITEX;PUT;Jun-28;44,08;57.88;29,04;-0,18;;25
13/08/26;INDITEX;PUT;Jun-28;45,06;57.88;28,70;-0,20;;25
13/08/26;INDITEX;PUT;Jun-28;47,99;57.88;27,69;-0,24;;25
13/08/26;INDITEX;PUT;Dic-28;51,42;57.88;26,18;-0,30;;25
13/08/26;INDITEX;PUT;Dic-29;43,51;57.88;27,33;-0,20;;220
13/08/26;INDITEX;CALL;Ago-26;56,11;57.88;21,72;0,84;;3
13/08/26;INDITEX;CALL;Ago-26;57,35;57.88;20,52;0,63;;5
13/08/26;INDITEX;CALL;Ago-26;59,33;57.88;19,52;0,21;;964
13/08/26;INDITEX;CALL;Ago-26;59,99;57.88;19,31;0,11;3;
13/08/26;INDITEX;CALL;Sep-26;49,44;57.88;32,87;0,94;;5
13/08/26;INDITEX;CALL;Sep-26;54,17;57.88;28,78;0,79;;7
13/08/26;INDITEX;CALL;Sep-26;56,11;57.88;27,11;0,67;;6
13/08/26;INDITEX;CALL;Sep-26;57,35;57.88;26,04;0,57;;5
13/08/26;INDITEX;CALL;Sep-26;59,99;57.88;25,06;0,35;;7
13/08/26;INDITEX;CALL;Sep-26;61,30;57.88;24,73;0,25;;944
13/08/26;INDITEX;CALL;Sep-26;63,28;57.88;24,24;0,14;;1.888
13/08/26;INDITEX;CALL;Oct-26;61,30;57.88;23,66;0,31;;5.945
13/08/26;INDITEX;CALL;Dic-26;56,11;57.88;26,42;0,61;;26
13/08/26;INDITEX;CALL;Dic-26;58,05;57.88;25,32;0,53;;1
13/08/26;INDITEX;PUT;Ago-26;50,31;57.88;27,75;;;5
13/08/26;INDITEX;PUT;Ago-26;51,42;57.88;26,67;;;5
13/08/26;INDITEX;PUT;Ago-26;57,35;57.88;20,90;-0,37;;5
13/08/26;INDITEX;PUT;Sep-26;41,60;57.88;39,24;;;165
13/08/26;INDITEX;PUT;Sep-26;42,57;57.88;38,41;;;150
13/08/26;INDITEX;PUT;Sep-26;43,54;57.88;37,57;-0,01;;15
13/08/26;INDITEX;PUT;Sep-26;44,49;57.88;36,75;-0,01;;10
13/08/26;INDITEX;PUT;Sep-26;50,31;57.88;31,72;-0,07;;6
13/08/26;INDITEX;PUT;Sep-26;54,17;57.88;28,38;-0,21;;7
13/08/26;INDITEX;PUT;Dic-26;42,57;57.88;33,27;-0,05;;120
13/08/26;INDITEX;PUT;Dic-26;46,44;57.88;30,93;-0,09;;1
13/08/26;INDITEX;PUT;Mar-27;42,57;57.88;32,01;-0,08;;1
13/08/26;INDITEX;PUT;Dic-27;59,99;57.88;24,54;-0,46;;10
13/08/26;INDITEX;PUT;Dic-27;63,85;57.88;24,05;-0,55;;1
13/08/26;INDRA;CALL;Ago-26;48,00;64.38;51,86;1,00;;6
13/08/26;INDRA;CALL;Ago-26;49,00;64.38;51,24;1,00;;75
13/08/26;INDRA;CALL;Ago-26;50,00;64.38;50,61;1,00;;23
13/08/26;INDRA;CALL;Ago-26;52,00;64.38;49,36;1,00;;46
13/08/26;INDRA;CALL;Ago-26;54,00;64.38;48,10;0,99;;4
13/08/26;INDRA;CALL;Ago-26;56,00;64.38;46,85;0,98;3;133
13/08/26;INDRA;CALL;Ago-26;58,00;64.38;45,60;0,94;;6
13/08/26;INDRA;CALL;Ago-26;60,00;64.38;44,34;0,87;;140
13/08/26;INDRA;CALL;Ago-26;62,00;64.38;43,09;0,74;;14
13/08/26;INDRA;CALL;Ago-26;64,00;64.38;41,84;0,55;;8
13/08/26;INDRA;CALL;Ago-26;66,00;64.38;40,67;0,36;;1
13/08/26;INDRA;CALL;Ago-26;70,00;64.38;38,37;0,08;;2
13/08/26;INDRA;CALL;Sep-26;18,00;64.38;56,27;1,00;;1
13/08/26;INDRA;CALL;Sep-26;26,00;64.38;53,33;1,00;;1
13/08/26;INDRA;CALL;Sep-26;37,00;64.38;49,29;1,00;;28
13/08/26;INDRA;CALL;Sep-26;47,00;64.38;45,61;0,99;;1
13/08/26;INDRA;CALL;Sep-26;50,00;64.38;44,51;0,97;;84
13/08/26;INDRA;CALL;Sep-26;52,00;64.38;43,77;0,95;;11
13/08/26;INDRA;CALL;Sep-26;54,00;64.38;43,04;0,92;;11
13/08/26;INDRA;CALL;Sep-26;56,00;64.38;42,30;0,87;;1
13/08/26;INDRA;CALL;Sep-26;60,00;64.38;40,83;0,74;15;13
13/08/26;INDRA;CALL;Sep-26;62,00;64.38;40,09;0,65;;6
13/08/26;INDRA;CALL;Sep-26;64,00;64.38;39,36;0,55;;2
13/08/26;INDRA;CALL;Sep-26;66,00;64.38;38,93;0,45;;4
13/08/26;INDRA;CALL;Sep-26;68,00;64.38;38,58;0,36;;5
13/08/26;INDRA;CALL;Sep-26;70,00;64.38;38,23;0,27;;107
13/08/26;INDRA;CALL;Dic-26;30,00;64.38;51,44;1,00;;25
13/08/26;INDRA;CALL;Dic-26;31,00;64.38;51,18;1,00;;25
13/08/26;INDRA;CALL;Dic-26;32,00;64.38;50,92;0,99;;25
13/08/26;INDRA;CALL;Dic-26;35,00;64.38;50,15;0,99;;25
13/08/26;INDRA;CALL;Dic-26;45,00;64.38;47,56;0,93;;21
13/08/26;INDRA;CALL;Dic-26;47,00;64.38;47,04;0,90;;4
13/08/26;INDRA;CALL;Dic-26;48,00;64.38;46,78;0,89;;5
13/08/26;INDRA;CALL;Dic-26;50,00;64.38;46,26;0,86;;5
13/08/26;INDRA;CALL;Dic-26;52,00;64.38;45,74;0,83;;2
13/08/26;INDRA;CALL;Dic-26;54,00;64.38;45,23;0,79;;130
13/08/26;INDRA;CALL;Dic-26;56,00;64.38;44,71;0,76;;50
13/08/26;INDRA;CALL;Dic-26;58,00;64.38;44,19;0,71;;82
13/08/26;INDRA;CALL;Dic-26;60,00;64.38;43,67;0,67;438;196
13/08/26;INDRA;CALL;Dic-26;62,00;64.38;43,16;0,62;;1
13/08/26;INDRA;CALL;Dic-26;64,00;64.38;42,64;0,57;1;13
13/08/26;INDRA;CALL;Dic-26;66,00;64.38;42,12;0,52;;91
13/08/26;INDRA;CALL;Dic-26;68,00;64.38;41,60;0,47;;12
13/08/26;INDRA;CALL;Dic-26;70,00;64.38;41,09;0,43;;20
13/08/26;INDRA;CALL;Dic-26;74,00;64.38;40,05;0,33;15;15
13/08/26;INDRA;CALL;Mar-27;49,00;64.38;45,73;0,84;;1
13/08/26;INDRA;CALL;Mar-27;60,00;64.38;42,83;0,66;;1
13/08/26;INDRA;CALL;Mar-27;62,00;64.38;42,30;0,63;;26
13/08/26;INDRA;CALL;Mar-27;70,00;64.38;41,32;0,48;;11
13/08/26;INDRA;CALL;Jun-27;41,00;64.38;46,63;0,91;;6
13/08/26;INDRA;CALL;Jun-27;50,00;64.38;44,95;0,81;;1
13/08/26;INDRA;CALL;Jun-27;60,00;64.38;43,09;0,67;;3
13/08/26;INDRA;CALL;Jun-27;66,00;64.38;42,24;0,57;;1
13/08/26;INDRA;CALL;Jun-27;70,00;64.38;42,18;0,51;;1
13/08/26;INDRA;CALL;Jun-27;78,00;64.38;42,06;0,40;;2
13/08/26;INDRA;CALL;Sep-27;20,00;64.38;49,76;1,00;;1
13/08/26;INDRA;CALL;Sep-27;33,00;64.38;47,47;0,95;;2
13/08/26;INDRA;CALL;Sep-27;36,00;64.38;46,95;0,93;;1
13/08/26;INDRA;CALL;Sep-27;58,00;64.38;43,07;0,69;;1
13/08/26;INDRA;CALL;Sep-28;52,00;64.38;39,26;0,77;;25
13/08/26;INDRA;CALL;Dic-28;62,00;64.38;37,41;0,67;;25
13/08/26;INDRA;PUT;Ago-26;35,00;64.38;58,74;;;6
13/08/26;INDRA;PUT;Ago-26;38,00;64.38;56,86;;;2
13/08/26;INDRA;PUT;Ago-26;39,00;64.38;56,23;;20;27
13/08/26;INDRA;PUT;Ago-26;40,00;64.38;55,60;;;11
13/08/26;INDRA;PUT;Ago-26;41,00;64.38;54,98;;;4
13/08/26;INDRA;PUT;Ago-26;42,00;64.38;54,35;;;11
13/08/26;INDRA;PUT;Ago-26;43,00;64.38;53,72;;;13
13/08/26;INDRA;PUT;Ago-26;44,00;64.38;53,10;;;5
13/08/26;INDRA;PUT;Ago-26;45,00;64.38;52,47;;;15
13/08/26;INDRA;PUT;Ago-26;46,00;64.38;51,84;;;11
13/08/26;INDRA;PUT;Ago-26;47,00;64.38;51,22;;;9
13/08/26;INDRA;PUT;Ago-26;48,00;64.38;50,59;;;6
13/08/26;INDRA;PUT;Ago-26;49,00;64.38;49,97;;;82
13/08/26;INDRA;PUT;Ago-26;50,00;64.38;49,34;;;15
13/08/26;INDRA;PUT;Ago-26;52,00;64.38;48,09;;;1
13/08/26;INDRA;PUT;Ago-26;54,00;64.38;46,83;;;135
13/08/26;INDRA;PUT;Ago-26;56,00;64.38;45,58;-0,02;;19
13/08/26;INDRA;PUT;Ago-26;58,00;64.38;44,33;-0,05;;14
13/08/26;INDRA;PUT;Ago-26;60,00;64.38;43,07;-0,13;;15
13/08/26;INDRA;PUT;Ago-26;62,00;64.38;41,82;-0,26;;9
13/08/26;INDRA;PUT;Ago-26;64,00;64.38;40,57;-0,45;;1
13/08/26;INDRA;PUT;Ago-26;66,00;64.38;39,40;-0,65;;5
13/08/26;INDRA;PUT;Sep-26;24,00;64.38;53,58;;;4
13/08/26;INDRA;PUT;Sep-26;26,00;64.38;52,85;;;4
13/08/26;INDRA;PUT;Sep-26;30,00;64.38;51,38;;;45
13/08/26;INDRA;PUT;Sep-26;31,00;64.38;51,01;;;50
13/08/26;INDRA;PUT;Sep-26;35,00;64.38;49,54;;;1
13/08/26;INDRA;PUT;Sep-26;36,00;64.38;49,17;;;2
13/08/26;INDRA;PUT;Sep-26;37,00;64.38;48,81;;;13
13/08/26;INDRA;PUT;Sep-26;39,00;64.38;48,07;;;4
13/08/26;INDRA;PUT;Sep-26;40,00;64.38;47,70;;;2
13/08/26;INDRA;PUT;Sep-26;41,00;64.38;47,33;;;20
13/08/26;INDRA;PUT;Sep-26;42,00;64.38;46,97;;;6
13/08/26;INDRA;PUT;Sep-26;43,00;64.38;46,60;;;95
13/08/26;INDRA;PUT;Sep-26;44,00;64.38;46,23;;;21
13/08/26;INDRA;PUT;Sep-26;45,00;64.38;45,86;;;2
13/08/26;INDRA;PUT;Sep-26;46,00;64.38;45,50;-0,01;;760
13/08/26;INDRA;PUT;Sep-26;47,00;64.38;45,13;-0,01;;1
13/08/26;INDRA;PUT;Sep-26;48,00;64.38;44,76;-0,01;;17
13/08/26;INDRA;PUT;Sep-26;49,00;64.38;44,39;-0,02;;2
13/08/26;INDRA;PUT;Sep-26;50,00;64.38;44,03;-0,03;;7
13/08/26;INDRA;PUT;Sep-26;52,00;64.38;43,29;-0,05;;71
13/08/26;INDRA;PUT;Sep-26;54,00;64.38;42,56;-0,08;;11
13/08/26;INDRA;PUT;Sep-26;56,00;64.38;41,82;-0,13;;12
13/08/26;INDRA;PUT;Sep-26;58,00;64.38;41,09;-0,19;1;1
13/08/26;INDRA;PUT;Sep-26;60,00;64.38;40,35;-0,26;;60
13/08/26;INDRA;PUT;Sep-26;62,00;64.38;39,61;-0,35;;3
13/08/26;INDRA;PUT;Sep-26;64,00;64.38;38,88;-0,45;6;9
13/08/26;INDRA;PUT;Sep-26;66,00;64.38;38,45;-0,55;;3
13/08/26;INDRA;PUT;Oct-26;38,00;64.38;48,34;;;5
13/08/26;INDRA;PUT;Oct-26;44,00;64.38;46,35;-0,02;;1
13/08/26;INDRA;PUT;Oct-26;47,00;64.38;45,36;-0,04;;1
13/08/26;INDRA;PUT;Oct-26;48,00;64.38;45,03;-0,05;;1
13/08/26;INDRA;PUT;Oct-26;50,00;64.38;44,37;-0,07;;3
13/08/26;INDRA;PUT;Oct-26;54,00;64.38;43,04;-0,14;;5
13/08/26;INDRA;PUT;Oct-26;58,00;64.38;41,71;-0,24;;2
13/08/26;INDRA;PUT;Oct-26;60,00;64.38;41,05;-0,30;25;25
13/08/26;INDRA;PUT;Dic-26;28,00;64.38;51,68;;;1
13/08/26;INDRA;PUT;Dic-26;30,00;64.38;51,16;;;6
13/08/26;INDRA;PUT;Dic-26;31,00;64.38;50,90;;;1
13/08/26;INDRA;PUT;Dic-26;32,00;64.38;50,64;-0,01;;10
13/08/26;INDRA;PUT;Dic-26;35,00;64.38;49,87;-0,01;;11
13/08/26;INDRA;PUT;Dic-26;37,00;64.38;49,35;-0,02;;6
13/08/26;INDRA;PUT;Dic-26;38,00;64.38;49,09;-0,02;;1
13/08/26;INDRA;PUT;Dic-26;40,00;64.38;48,57;-0,03;;11
13/08/26;INDRA;PUT;Dic-26;42,00;64.38;48,05;-0,05;;10
13/08/26;INDRA;PUT;Dic-26;44,00;64.38;47,54;-0,06;;2
13/08/26;INDRA;PUT;Dic-26;45,00;64.38;47,28;-0,07;;2
13/08/26;INDRA;PUT;Dic-26;46,00;64.38;47,02;-0,08;;8
13/08/26;INDRA;PUT;Dic-26;47,00;64.38;46,76;-0,10;1;7
13/08/26;INDRA;PUT;Dic-26;48,00;64.38;46,50;-0,11;;10
13/08/26;INDRA;PUT;Dic-26;50,00;64.38;45,98;-0,14;;2
13/08/26;INDRA;PUT;Dic-26;52,00;64.38;45,46;-0,17;;78
13/08/26;INDRA;PUT;Dic-26;54,00;64.38;44,95;-0,21;25;50
13/08/26;INDRA;PUT;Dic-26;60,00;64.38;43,39;-0,33;;50
13/08/26;INDRA;PUT;Dic-26;62,00;64.38;42,88;-0,38;15;35
13/08/26;INDRA;PUT;Dic-26;70,00;64.38;40,81;-0,58;;1
13/08/26;INDRA;PUT;Mar-27;37,00;64.38;48,92;-0,05;;2
13/08/26;INDRA;PUT;Mar-27;39,00;64.38;48,39;-0,06;;1
13/08/26;INDRA;PUT;Mar-27;42,00;64.38;47,60;-0,08;;2
13/08/26;INDRA;PUT;Mar-27;43,00;64.38;47,34;-0,09;;1
13/08/26;INDRA;PUT;Mar-27;45,00;64.38;46,81;-0,11;;1
13/08/26;INDRA;PUT;Mar-27;49,00;64.38;45,75;-0,16;;20
13/08/26;INDRA;PUT;Mar-27;50,00;64.38;45,49;-0,18;;10
13/08/26;INDRA;PUT;Mar-27;60,00;64.38;42,85;-0,34;;3
13/08/26;INDRA;PUT;Jun-27;32,00;64.38;48,72;-0,03;;1
13/08/26;INDRA;PUT;Sep-27;33,00;64.38;47,60;-0,05;;1
13/08/26;INDRA;PUT;Sep-27;36,00;64.38;47,08;-0,07;;1
13/08/26;INDRA;PUT;Sep-27;40,00;64.38;46,37;-0,10;;1
13/08/26;INDRA;PUT;Sep-27;45,00;64.38;45,49;-0,15;;15
13/08/26;INDRA;PUT;Dic-27;44,00;64.38;44,42;-0,15;;500
13/08/26;INDRA;PUT;Sep-28;47,00;64.38;39,60;-0,18;;25
13/08/26;INDRA;CALL;Ago-26;54,00;64.38;48,10;0,99;;5
13/08/26;INDRA;CALL;Ago-26;54,00;64.38;48,10;0,99;;2
13/08/26;INDRA;CALL;Ago-26;56,00;64.38;46,85;0,98;;10
13/08/26;INDRA;CALL;Dic-26;41,00;64.38;48,59;0,95;;5
13/08/26;INDRA;CALL;Dic-26;48,00;64.38;46,78;0,88;;5
13/08/26;INDRA;CALL;Dic-26;60,00;64.38;43,67;0,66;;100
13/08/26;INDRA;CALL;Dic-26;64,00;64.38;42,64;0,57;;5
13/08/26;INDRA;PUT;Ago-26;45,00;64.38;52,47;;;5
13/08/26;INDRA;PUT;Ago-26;47,00;64.38;51,22;;;5
13/08/26;INDRA;PUT;Ago-26;52,00;64.38;48,09;;;5
13/08/26;INDRA;PUT;Ago-26;54,00;64.38;46,83;-0,01;;25
13/08/26;INDRA;PUT;Ago-26;58,00;64.38;44,33;-0,05;;20
13/08/26;INDRA;PUT;Ago-26;62,00;64.38;41,82;-0,26;;20
13/08/26;INDRA;PUT;Sep-26;43,00;64.38;46,60;;;5
13/08/26;LABORAT. ROVI;CALL;Ago-26;56,00;58.15;25,08;0,85;;3
13/08/26;LABORAT. ROVI;CALL;Ago-26;58,00;58.15;24,01;0,54;;1
13/08/26;LABORAT. ROVI;CALL;Ago-26;60,00;58.15;23,86;0,20;;6
13/08/26;LABORAT. ROVI;CALL;Ago-26;66,00;58.15;23,62;;;1
13/08/26;LABORAT. ROVI;CALL;Sep-26;58,00;58.15;23,38;0,54;;1
13/08/26;LABORAT. ROVI;CALL;Sep-26;60,00;58.15;23,25;0,36;;1
13/08/26;LABORAT. ROVI;CALL;Sep-26;62,00;58.15;23,18;0,21;;1
13/08/26;LABORAT. ROVI;CALL;Sep-26;64,00;58.15;23,11;0,11;;1
13/08/26;LABORAT. ROVI;CALL;Sep-26;66,00;58.15;23,04;0,05;;2
13/08/26;LABORAT. ROVI;CALL;Sep-26;68,00;58.15;22,97;0,02;;1
13/08/26;LABORAT. ROVI;CALL;Sep-26;78,00;58.15;22,63;;;750
13/08/26;LABORAT. ROVI;CALL;Sep-26;88,00;58.15;22,28;;;1
13/08/26;LABORAT. ROVI;CALL;Sep-26;96,00;58.15;22,01;;;15
13/08/26;LABORAT. ROVI;CALL;Oct-26;62,00;58.15;23,18;0,29;;2
13/08/26;LABORAT. ROVI;CALL;Dic-26;32,00;58.15;36,27;1,00;;2
13/08/26;LABORAT. ROVI;CALL;Dic-26;62,00;58.15;25,77;0,39;;11
13/08/26;LABORAT. ROVI;CALL;Dic-26;66,00;58.15;25,45;0,24;;750
13/08/26;LABORAT. ROVI;CALL;Dic-26;80,00;58.15;24,33;0,02;;15
13/08/26;LABORAT. ROVI;CALL;Dic-26;82,00;58.15;24,17;0,01;;15
13/08/26;LABORAT. ROVI;CALL;Dic-26;84,00;58.15;24,01;0,01;;15
13/08/26;LABORAT. ROVI;CALL;Dic-26;86,00;58.15;23,84;;;15
13/08/26;LABORAT. ROVI;CALL;Dic-26;88,00;58.15;23,68;;;14
13/08/26;LABORAT. ROVI;CALL;Dic-26;90,00;58.15;23,52;;;14
13/08/26;LABORAT. ROVI;CALL;Dic-26;92,00;58.15;23,36;;;5
13/08/26;LABORAT. ROVI;CALL;Dic-26;96,00;58.15;23,04;;;5
13/08/26;LABORAT. ROVI;CALL;Dic-26;100,00;58.15;22,72;;;5
13/08/26;LABORAT. ROVI;CALL;Mar-27;70,00;58.15;26,37;0,23;;2
13/08/26;LABORAT. ROVI;CALL;Mar-27;88,00;58.15;24,82;0,02;;10
13/08/26;LABORAT. ROVI;CALL;Jun-27;56,00;58.15;28,52;0,64;;18
13/08/26;LABORAT. ROVI;CALL;Jun-27;80,00;58.15;26,04;0,13;;16
13/08/26;LABORAT. ROVI;PUT;Ago-26;50,00;58.15;30,15;;;7
13/08/26;LABORAT. ROVI;PUT;Ago-26;52,00;58.15;29,09;;;16
13/08/26;LABORAT. ROVI;PUT;Ago-26;54,00;58.15;28,02;-0,03;;14
13/08/26;LABORAT. ROVI;PUT;Ago-26;56,00;58.15;26,96;-0,17;;11
13/08/26;LABORAT. ROVI;PUT;Ago-26;58,00;58.15;25,89;-0,46;;10
13/08/26;LABORAT. ROVI;PUT;Sep-26;48,00;58.15;27,94;-0,01;;1
13/08/26;LABORAT. ROVI;PUT;Sep-26;50,00;58.15;27,03;-0,03;;1
13/08/26;LABORAT. ROVI;PUT;Sep-26;54,00;58.15;25,19;-0,16;;7
13/08/26;LABORAT. ROVI;PUT;Sep-26;56,00;58.15;24,28;-0,29;;11
13/08/26;LABORAT. ROVI;PUT;Sep-26;58,00;58.15;23,36;-0,46;;5
13/08/26;LABORAT. ROVI;PUT;Sep-26;60,00;58.15;23,23;-0,65;;6
13/08/26;LABORAT. ROVI;PUT;Sep-26;64,00;58.15;23,09;-0,91;;2
13/08/26;LABORAT. ROVI;PUT;Sep-26;70,00;58.15;22,88;-1,00;;1.500
13/08/26;LABORAT. ROVI;PUT;Oct-26;60,00;58.15;23,21;-0,60;;10
13/08/26;LABORAT. ROVI;PUT;Dic-26;40,00;58.15;32,76;-0,02;;1
13/08/26;LABORAT. ROVI;PUT;Dic-26;50,00;58.15;28,87;-0,16;;2
13/08/26;LABORAT. ROVI;PUT;Dic-26;52,00;58.15;28,09;-0,21;;1
13/08/26;LABORAT. ROVI;PUT;Dic-26;54,00;58.15;27,31;-0,28;;6
13/08/26;LABORAT. ROVI;PUT;Dic-26;56,00;58.15;26,53;-0,36;;6
13/08/26;LABORAT. ROVI;PUT;Dic-26;58,00;58.15;25,75;-0,45;;5
13/08/26;LABORAT. ROVI;PUT;Dic-26;60,00;58.15;25,54;-0,54;;45
13/08/26;LABORAT. ROVI;PUT;Dic-26;62,00;58.15;25,38;-0,63;;1.500
13/08/26;LABORAT. ROVI;PUT;Dic-26;66,00;58.15;25,06;-0,79;;10
13/08/26;LABORAT. ROVI;PUT;Dic-26;68,00;58.15;24,90;-0,85;;65
13/08/26;LABORAT. ROVI;PUT;Mar-27;50,00;58.15;29,35;-0,20;;1
13/08/26;LABORAT. ROVI;PUT;Mar-27;54,00;58.15;28,06;-0,31;;5
13/08/26;LABORAT. ROVI;PUT;Mar-27;56,00;58.15;27,42;-0,37;;6
13/08/26;LABORAT. ROVI;PUT;Mar-27;58,00;58.15;26,78;-0,44;;7
13/08/26;LABORAT. ROVI;PUT;Mar-27;60,00;58.15;26,57;-0,50;;8
13/08/26;LABORAT. ROVI;PUT;Mar-27;62,00;58.15;26,40;-0,57;;2
13/08/26;LABORAT. ROVI;PUT;Jun-27;43,00;58.15;31,72;-0,11;;10
13/08/26;LABORAT. ROVI;PUT;Jun-27;44,00;58.15;31,43;-0,12;;20
13/08/26;LABORAT. ROVI;PUT;Jun-27;45,00;58.15;31,15;-0,14;;5
13/08/26;LABORAT. ROVI;PUT;Jun-27;54,00;58.15;28,63;-0,32;;1
13/08/26;LABORAT. ROVI;PUT;Jun-27;58,00;58.15;27,50;-0,42;;1
13/08/26;LABORAT. ROVI;PUT;Jun-27;60,00;58.15;27,30;-0,48;;3
13/08/26;LABORAT. ROVI;PUT;Jun-27;70,00;58.15;26,44;-0,75;;1
13/08/26;LABORAT. ROVI;PUT;Mar-27;50,00;58.15;29,35;-0,20;;3
13/08/26;MAPFRE;CALL;Ago-26;4,40;4.4;21,51;0,50;;1
13/08/26;MAPFRE;CALL;Ago-26;4,50;4.4;21,29;0,24;;73
13/08/26;MAPFRE;CALL;Ago-26;4,60;4.4;21,07;0,08;;60
13/08/26;MAPFRE;CALL;Sep-26;3,80;4.4;22,01;0,99;;1
13/08/26;MAPFRE;CALL;Sep-26;3,90;4.4;21,97;0,96;;10
13/08/26;MAPFRE;CALL;Sep-26;4,00;4.4;21,93;0,92;;16
13/08/26;MAPFRE;CALL;Sep-26;4,10;4.4;21,89;0,86;;20
13/08/26;MAPFRE;CALL;Sep-26;4,20;4.4;21,85;0,77;;783
13/08/26;MAPFRE;CALL;Sep-26;4,30;4.4;21,82;0,65;;5
13/08/26;MAPFRE;CALL;Sep-26;4,40;4.4;21,78;0,52;;3
13/08/26;MAPFRE;CALL;Sep-26;4,50;4.4;21,66;0,39;;13
13/08/26;MAPFRE;CALL;Sep-26;4,70;4.4;21,43;0,18;;15
13/08/26;MAPFRE;CALL;Dic-26;3,90;4.4;21,79;0,87;;5
13/08/26;MAPFRE;CALL;Dic-26;4,10;4.4;21,71;0,76;;35
13/08/26;MAPFRE;CALL;Dic-26;4,40;4.4;21,60;0,54;;10
13/08/26;MAPFRE;CALL;Dic-26;4,50;4.4;21,51;0,47;;11
13/08/26;MAPFRE;CALL;Mar-27;4,00;4.4;22,81;0,75;;1
13/08/26;MAPFRE;CALL;Mar-27;4,90;4.4;22,28;0,29;;15
13/08/26;MAPFRE;CALL;Jun-27;4,20;4.4;23,93;0,63;;7
13/08/26;MAPFRE;CALL;Jun-27;4,30;4.4;23,90;0,59;;8
13/08/26;MAPFRE;CALL;Jun-27;5,00;4.4;23,45;0,30;;1
13/08/26;MAPFRE;CALL;Dic-27;5,00;4.4;24,92;0,36;;5
13/08/26;MAPFRE;PUT;Ago-26;4,20;4.4;21,91;-0,08;;25
13/08/26;MAPFRE;PUT;Ago-26;4,30;4.4;21,68;-0,24;;27
13/08/26;MAPFRE;PUT;Sep-26;1,70;4.4;23,97;;;20
13/08/26;MAPFRE;PUT;Sep-26;3,20;4.4;23,40;;;2
13/08/26;MAPFRE;PUT;Sep-26;3,30;4.4;23,37;;;2
13/08/26;MAPFRE;PUT;Sep-26;3,60;4.4;23,25;;;5
13/08/26;MAPFRE;PUT;Sep-26;3,70;4.4;23,21;-0,01;;50
13/08/26;MAPFRE;PUT;Sep-26;4,30;4.4;22,99;-0,36;;1
13/08/26;MAPFRE;PUT;Sep-26;5,00;4.4;22,26;-0,98;;9
13/08/26;MAPFRE;PUT;Dic-26;3,20;4.4;21,98;-0,01;;2
13/08/26;MAPFRE;PUT;Dic-26;3,60;4.4;21,83;-0,06;;3
13/08/26;MAPFRE;PUT;Dic-26;3,70;4.4;21,79;-0,09;;116
13/08/26;MAPFRE;PUT;Dic-26;3,80;4.4;21,76;-0,13;;20
13/08/26;MAPFRE;PUT;Dic-26;4,00;4.4;21,68;-0,24;;5
13/08/26;MAPFRE;PUT;Dic-26;4,10;4.4;21,64;-0,30;;2
13/08/26;MAPFRE;PUT;Dic-26;4,20;4.4;21,60;-0,37;;50
13/08/26;MAPFRE;PUT;Dic-26;4,50;4.4;21,44;-0,58;;20
13/08/26;MAPFRE;PUT;Mar-27;3,50;4.4;21,35;-0,08;;4
13/08/26;MAPFRE;PUT;Mar-27;3,60;4.4;21,31;-0,10;;1
13/08/26;MAPFRE;PUT;Mar-27;3,70;4.4;21,27;-0,14;;5
13/08/26;MAPFRE;PUT;Mar-27;4,00;4.4;21,16;-0,27;;3.000
13/08/26;MAPFRE;PUT;Dic-27;3,60;4.4;22,67;-0,22;;10
13/08/26;MELIA HOTELS;CALL;Ago-26;13,00;10.25;26,46;;;2
13/08/26;MELIA HOTELS;CALL;Ago-26;13,50;10.25;25,84;;;2
13/08/26;MELIA HOTELS;CALL;Sep-26;7,75;10.25;35,46;1,00;;5
13/08/26;MELIA HOTELS;CALL;Sep-26;8,00;10.25;34,97;0,99;;1.900
13/08/26;MELIA HOTELS;CALL;Sep-26;8,50;10.25;33,99;0,97;;6
13/08/26;MELIA HOTELS;CALL;Sep-26;12,50;10.25;28,17;0,01;;25
13/08/26;MELIA HOTELS;CALL;Dic-26;10,00;10.25;29,99;0,61;;20
13/08/26;MELIA HOTELS;CALL;Dic-26;11,00;10.25;28,97;0,39;;15
13/08/26;MELIA HOTELS;CALL;Dic-26;11,50;10.25;28,56;0,29;;3
13/08/26;MELIA HOTELS;CALL;Dic-26;13,00;10.25;27,34;0,09;;35
13/08/26;MELIA HOTELS;CALL;Mar-27;7,75;10.25;32,89;0,90;;8
13/08/26;MELIA HOTELS;CALL;Mar-27;8,75;10.25;31,53;0,80;;5
13/08/26;MELIA HOTELS;CALL;Mar-27;12,00;10.25;28,28;0,30;;400
13/08/26;MELIA HOTELS;CALL;Mar-27;12,50;10.25;27,94;0,23;;50
13/08/26;MELIA HOTELS;CALL;Jun-27;7,50;10.25;31,91;0,90;;5
13/08/26;MELIA HOTELS;CALL;Jun-27;7,75;10.25;31,65;0,88;;5
13/08/26;MELIA HOTELS;CALL;Sep-27;7,25;10.25;31,50;0,91;;5
13/08/26;MELIA HOTELS;CALL;Dic-27;7,00;10.25;31,30;0,91;;2
13/08/26;MELIA HOTELS;PUT;Ago-26;10,00;10.25;33,62;-0,30;;4
13/08/26;MELIA HOTELS;PUT;Ago-26;10,50;10.25;32,79;-0,68;;5
13/08/26;MELIA HOTELS;PUT;Ago-26;11,50;10.25;31,56;-1,00;;10
13/08/26;MELIA HOTELS;PUT;Sep-26;10,00;10.25;31,62;-0,38;;25
13/08/26;MELIA HOTELS;PUT;Sep-26;10,50;10.25;30,86;-0,57;;400
13/08/26;MELIA HOTELS;PUT;Sep-26;11,00;10.25;30,33;-0,75;20;30
13/08/26;MELIA HOTELS;PUT;Dic-26;8,25;10.25;33,06;-0,11;;30
13/08/26;MELIA HOTELS;PUT;Dic-26;11,00;10.25;29,20;-0,62;20;20
13/08/26;MELIA HOTELS;PUT;Mar-27;9,25;10.25;30,30;-0,27;;50
13/08/26;MELIA HOTELS;PUT;Mar-27;9,50;10.25;29,95;-0,31;;100
13/08/26;MELIA HOTELS;PUT;Mar-27;9,75;10.25;29,61;-0,35;;25
13/08/26;MELIA HOTELS;PUT;Mar-27;10,00;10.25;29,27;-0,39;;100
13/08/26;MELIA HOTELS;PUT;Mar-27;11,00;10.25;28,42;-0,57;;3
13/08/26;MERLIN;CALL;Ago-26;16,50;14.56;23,98;;;1
13/08/26;MERLIN;CALL;Sep-26;16,00;14.56;23,28;0,11;;14.718
13/08/26;MERLIN;CALL;Sep-26;16,50;14.56;23,05;0,05;;4.700
13/08/26;MERLIN;CALL;Oct-26;13,00;14.56;26,51;0,87;;10
13/08/26;MERLIN;CALL;Dic-26;15,50;14.56;23,56;0,36;;6
13/08/26;MERLIN;CALL;Dic-26;16,50;14.56;23,17;0,20;;14.693
13/08/26;MERLIN;CALL;Mar-27;14,50;14.56;24,10;0,55;;5
13/08/26;MERLIN;CALL;Mar-27;16,00;14.56;23,53;0,34;;3
13/08/26;MERLIN;PUT;Ago-26;14,00;14.56;25,57;-0,14;;1
13/08/26;MERLIN;PUT;Ago-26;14,50;14.56;24,60;-0,44;;10
13/08/26;MERLIN;PUT;Sep-26;10,00;14.56;31,38;;;1
13/08/26;MERLIN;PUT;Sep-26;12,00;14.56;27,99;-0,01;;2
13/08/26;MERLIN;PUT;Sep-26;12,50;14.56;27,14;-0,03;;1
13/08/26;MERLIN;PUT;Sep-26;14,00;14.56;24,60;-0,28;;2
13/08/26;MERLIN;PUT;Sep-26;14,50;14.56;23,75;-0,45;;84
13/08/26;MERLIN;PUT;Sep-26;15,00;14.56;23,45;-0,64;;100
13/08/26;MERLIN;PUT;Sep-26;15,50;14.56;23,22;-0,79;;1
13/08/26;MERLIN;PUT;Oct-26;14,00;14.56;24,77;-0,32;;25
13/08/26;MERLIN;PUT;Oct-26;14,50;14.56;23,95;-0,45;25;175
13/08/26;MERLIN;PUT;Dic-26;11,00;14.56;28,98;-0,05;;300
13/08/26;MERLIN;PUT;Dic-26;13,50;14.56;25,20;-0,30;;4
13/08/26;MERLIN;PUT;Dic-26;14,00;14.56;24,45;-0,38;;35
13/08/26;MERLIN;PUT;Mar-27;13,50;14.56;23,89;-0,31;;16
13/08/26;MERLIN;PUT;Jun-27;14,50;14.56;21,48;-0,47;;3
13/08/26;MERLIN;PUT;Jun-27;15,00;14.56;21,28;-0,54;;10
13/08/26;MERLIN;PUT;Dic-27;12,50;14.56;23,18;-0,25;;5.000
13/08/26;NATURGY;CALL;Ago-26;28,00;29.04;19,49;0,90;;1
13/08/26;NATURGY;CALL;Ago-26;29,00;29.04;18,16;0,53;;1
13/08/26;NATURGY;CALL;Ago-26;30,00;29.04;17,47;0,11;;18
13/08/26;NATURGY;CALL;Ago-26;31,00;29.04;16,81;;;2
13/08/26;NATURGY;CALL;Ago-26;33,00;29.04;15,47;;;30
13/08/26;NATURGY;CALL;Sep-26;29,00;29.04;18,03;0,54;;78
13/08/26;NATURGY;CALL;Sep-26;30,00;29.04;17,46;0,30;;152
13/08/26;NATURGY;CALL;Sep-26;31,00;29.04;16,91;0,12;;145
13/08/26;NATURGY;CALL;Dic-26;27,00;29.04;20,88;0,78;;11
13/08/26;NATURGY;CALL;Dic-26;28,00;29.04;20,01;0,67;;24
13/08/26;NATURGY;CALL;Dic-26;29,00;29.04;19,13;0,54;;495
13/08/26;NATURGY;CALL;Dic-26;30,00;29.04;18,64;0,40;;298
13/08/26;NATURGY;CALL;Dic-26;31,00;29.04;18,16;0,28;;113
13/08/26;NATURGY;CALL;Dic-26;32,00;29.04;17,67;0,17;;7
13/08/26;NATURGY;CALL;Dic-26;35,00;29.04;16,23;0,02;;1
13/08/26;NATURGY;CALL;Mar-27;25,00;29.04;22,81;0,85;;2
13/08/26;NATURGY;CALL;Mar-27;26,00;29.04;22,09;0,79;;90
13/08/26;NATURGY;CALL;Mar-27;27,00;29.04;21,37;0,71;;2
13/08/26;NATURGY;CALL;Mar-27;28,00;29.04;20,64;0,62;;11
13/08/26;NATURGY;CALL;Mar-27;29,00;29.04;19,92;0,53;;200
13/08/26;NATURGY;CALL;Mar-27;30,00;29.04;19,48;0,43;;300
13/08/26;NATURGY;CALL;Mar-27;32,00;29.04;18,63;0,26;;1
13/08/26;NATURGY;CALL;Mar-27;33,00;29.04;18,21;0,19;;2
13/08/26;NATURGY;CALL;Jun-27;25,00;29.04;23,20;0,82;;385
13/08/26;NATURGY;CALL;Jun-27;26,00;29.04;22,57;0,76;;2
13/08/26;NATURGY;CALL;Jun-27;27,00;29.04;21,94;0,69;;2
13/08/26;NATURGY;CALL;Jun-27;32,00;29.04;19,56;0,30;;400
13/08/26;NATURGY;CALL;Jun-27;33,00;29.04;19,20;0,24;;2
13/08/26;NATURGY;CALL;Jun-27;35,00;29.04;18,46;0,13;;1
13/08/26;NATURGY;CALL;Dic-27;30,00;29.04;21,26;0,46;;1
13/08/26;NATURGY;PUT;Ago-26;25,00;29.04;23,62;;;2
13/08/26;NATURGY;PUT;Ago-26;26,00;29.04;22,29;;;3
13/08/26;NATURGY;PUT;Ago-26;27,00;29.04;20,96;-0,01;;31
13/08/26;NATURGY;PUT;Ago-26;28,00;29.04;19,62;-0,10;;63
13/08/26;NATURGY;PUT;Ago-26;29,00;29.04;18,29;-0,47;;30
13/08/26;NATURGY;PUT;Ago-26;30,00;29.04;17,60;-0,89;1;1
13/08/26;NATURGY;PUT;Sep-26;18,00;29.04;29,56;;;10
13/08/26;NATURGY;PUT;Sep-26;19,00;29.04;28,47;;;25
13/08/26;NATURGY;PUT;Sep-26;19,50;29.04;27,92;;;25
13/08/26;NATURGY;PUT;Sep-26;20,00;29.04;27,38;;;26
13/08/26;NATURGY;PUT;Sep-26;21,00;29.04;26,29;;;28
13/08/26;NATURGY;PUT;Sep-26;22,00;29.04;25,20;;;27
13/08/26;NATURGY;PUT;Sep-26;23,00;29.04;24,11;;;30
13/08/26;NATURGY;PUT;Sep-26;24,00;29.04;23,02;;;210
13/08/26;NATURGY;PUT;Sep-26;25,00;29.04;21,93;-0,01;;23
13/08/26;NATURGY;PUT;Sep-26;26,00;29.04;20,83;-0,04;;3
13/08/26;NATURGY;PUT;Sep-26;27,00;29.04;19,74;-0,11;;63
13/08/26;NATURGY;PUT;Sep-26;28,00;29.04;18,65;-0,25;;32
13/08/26;NATURGY;PUT;Sep-26;29,00;29.04;17,56;-0,47;;149
13/08/26;NATURGY;PUT;Oct-26;24,00;29.04;22,97;-0,02;;2
13/08/26;NATURGY;PUT;Oct-26;28,00;29.04;18,75;-0,29;;11
13/08/26;NATURGY;PUT;Oct-26;29,00;29.04;17,69;-0,46;;5
13/08/26;NATURGY;PUT;Dic-26;18,00;29.04;27,35;;;2
13/08/26;NATURGY;PUT;Dic-26;19,50;29.04;26,04;;;5
13/08/26;NATURGY;PUT;Dic-26;20,00;29.04;25,61;-0,01;;13
13/08/26;NATURGY;PUT;Dic-26;22,00;29.04;23,86;-0,03;;2
13/08/26;NATURGY;PUT;Dic-26;23,00;29.04;22,99;-0,05;;11
13/08/26;NATURGY;PUT;Dic-26;24,00;29.04;22,12;-0,08;;2.142
13/08/26;NATURGY;PUT;Dic-26;25,00;29.04;21,24;-0,13;;125
13/08/26;NATURGY;PUT;Dic-26;26,00;29.04;20,37;-0,19;;109
13/08/26;NATURGY;PUT;Dic-26;27,00;29.04;19,50;-0,28;;20
13/08/26;NATURGY;PUT;Dic-26;28,00;29.04;18,63;-0,40;;3
13/08/26;NATURGY;PUT;Dic-26;29,00;29.04;17,75;-0,53;;27
13/08/26;NATURGY;PUT;Mar-27;18,00;29.04;26,11;-0,01;;1
13/08/26;NATURGY;PUT;Mar-27;24,00;29.04;21,77;-0,12;;501
13/08/26;NATURGY;PUT;Mar-27;26,00;29.04;20,33;-0,23;;193
13/08/26;NATURGY;PUT;Mar-27;28,00;29.04;18,88;-0,40;;1
13/08/26;NATURGY;PUT;Jun-27;24,00;29.04;21,16;-0,17;;1
13/08/26;NATURGY;PUT;Jun-27;25,00;29.04;20,53;-0,22;;5
13/08/26;NATURGY;PUT;Jun-27;26,00;29.04;19,90;-0,29;;1
13/08/26;NATURGY;PUT;Jun-27;27,00;29.04;19,27;-0,36;;2
13/08/26;NATURGY;PUT;Jun-27;28,00;29.04;18,64;-0,44;;12
13/08/26;NATURGY;PUT;Jun-27;32,00;29.04;16,89;-0,77;;1
13/08/26;NATURGY;PUT;Sep-27;26,00;29.04;19,92;-0,33;;95
13/08/26;NATURGY;PUT;Dic-27;26,00;29.04;19,88;-0,36;;97
13/08/26;NATURGY;PUT;Jun-28;26,00;29.04;19,62;-0,38;;95
13/08/26;NATURGY;PUT;Dic-26;28,00;29.04;18,63;-0,39;;2
13/08/26;OBRASCON HUARTE;CALL;Ago-26;0,45;0.43;56,85;0,34;;100
13/08/26;OBRASCON HUARTE;CALL;Ago-26;0,50;0.43;56,85;0,05;;100
13/08/26;OBRASCON HUARTE;CALL;Sep-26;0,25;0.43;47,35;1,00;;600
13/08/26;OBRASCON HUARTE;CALL;Sep-26;0,40;0.43;46,78;0,73;;120
13/08/26;OBRASCON HUARTE;CALL;Sep-26;0,50;0.43;46,65;0,19;;200
13/08/26;OBRASCON HUARTE;CALL;Dic-26;0,50;0.43;43,37;0,34;;1
13/08/26;OBRASCON HUARTE;CALL;Mar-27;0,40;0.43;44,75;0,67;;300
13/08/26;OBRASCON HUARTE;CALL;Jun-27;0,35;0.43;45,44;0,78;;1.000
13/08/26;OBRASCON HUARTE;CALL;Mar-28;0,50;0.43;43,88;0,54;;10
13/08/26;OBRASCON HUARTE;CALL;Mar-28;0,60;0.43;43,88;0,40;;50
13/08/26;OBRASCON HUARTE;CALL;Jun-28;0,35;0.43;44,00;0,77;;900
13/08/26;PHARMA MAR;CALL;Ago-26;78,00;84.5;40,36;0,92;;2
13/08/26;PHARMA MAR;CALL;Ago-26;80,00;84.5;39,14;0,84;;4
13/08/26;PHARMA MAR;CALL;Ago-26;84,00;84.5;36,70;0,56;;2
13/08/26;PHARMA MAR;CALL;Ago-26;88,00;84.5;34,94;0,23;;4
13/08/26;PHARMA MAR;CALL;Ago-26;90,00;84.5;34,11;0,11;;6
13/08/26;PHARMA MAR;CALL;Sep-26;78,00;84.5;41,20;0,76;;1
13/08/26;PHARMA MAR;CALL;Sep-26;84,00;84.5;37,75;0,55;;5
13/08/26;PHARMA MAR;CALL;Sep-26;86,00;84.5;37,21;0,47;;1
13/08/26;PHARMA MAR;CALL;Sep-26;92,00;84.5;36,19;0,25;;4
13/08/26;PHARMA MAR;CALL;Sep-26;130,00;84.5;29,74;;;2
13/08/26;PHARMA MAR;CALL;Sep-26;135,00;84.5;28,89;;;4
13/08/26;PHARMA MAR;CALL;Sep-26;140,00;84.5;28,05;;;2
13/08/26;PHARMA MAR;CALL;Sep-26;150,00;84.5;26,35;;;4
13/08/26;PHARMA MAR;CALL;Dic-26;76,00;84.5;45,04;0,71;;1
13/08/26;PHARMA MAR;CALL;Dic-26;110,00;84.5;39,70;0,16;;1
13/08/26;PHARMA MAR;CALL;Mar-27;88,00;84.5;39,75;0,53;;1
13/08/26;PHARMA MAR;CALL;Mar-27;105,00;84.5;39,01;0,30;;5
13/08/26;PHARMA MAR;PUT;Ago-26;66,00;84.5;50,40;;;2
13/08/26;PHARMA MAR;PUT;Ago-26;70,00;84.5;47,96;;;1
13/08/26;PHARMA MAR;PUT;Ago-26;74,00;84.5;45,51;-0,02;;2
13/08/26;PHARMA MAR;PUT;Ago-26;80,00;84.5;41,84;-0,18;;2
13/08/26;PHARMA MAR;PUT;Sep-26;33,00;84.5;68,37;;;10
13/08/26;PHARMA MAR;PUT;Sep-26;36,00;84.5;66,64;;;5
13/08/26;PHARMA MAR;PUT;Sep-26;45,00;84.5;61,46;;;20
13/08/26;PHARMA MAR;PUT;Sep-26;46,00;84.5;60,88;;;9
13/08/26;PHARMA MAR;PUT;Sep-26;47,00;84.5;60,31;;;12
13/08/26;PHARMA MAR;PUT;Sep-26;60,00;84.5;52,82;-0,02;;6
13/08/26;PHARMA MAR;PUT;Sep-26;62,00;84.5;51,67;-0,02;;5
13/08/26;PHARMA MAR;PUT;Sep-26;66,00;84.5;49,36;-0,05;;3
13/08/26;PHARMA MAR;PUT;Sep-26;70,00;84.5;47,06;-0,09;;1
13/08/26;PHARMA MAR;PUT;Sep-26;82,00;84.5;40,15;-0,38;;5
13/08/26;PHARMA MAR;PUT;Sep-26;92,00;84.5;37,44;-0,74;;1
13/08/26;PHARMA MAR;PUT;Dic-26;29,00;84.5;68,81;;;5
13/08/26;PHARMA MAR;PUT;Dic-26;46,00;84.5;60,16;-0,03;;2
13/08/26;PHARMA MAR;PUT;Dic-26;48,00;84.5;59,14;-0,03;;1
13/08/26;PHARMA MAR;PUT;Dic-26;50,00;84.5;58,13;-0,04;;1
13/08/26;PHARMA MAR;PUT;Dic-26;60,00;84.5;53,04;-0,10;;2
13/08/26;PHARMA MAR;PUT;Dic-26;62,00;84.5;52,02;-0,12;;1
13/08/26;PHARMA MAR;PUT;Dic-26;70,00;84.5;47,95;-0,20;;1
13/08/26;PHARMA MAR;PUT;Dic-26;76,00;84.5;44,90;-0,29;;15
13/08/26;PHARMA MAR;PUT;Dic-26;78,00;84.5;43,88;-0,32;;10
13/08/26;PHARMA MAR;PUT;Mar-27;41,00;84.5;57,80;-0,03;;8
13/08/26;PHARMA MAR;PUT;Mar-27;43,00;84.5;57,01;-0,04;;3
13/08/26;PHARMA MAR;PUT;Mar-27;52,00;84.5;53,46;-0,08;;1
13/08/26;PHARMA MAR;PUT;Mar-27;78,00;84.5;43,20;-0,33;;1
13/08/26;PHARMA MAR;PUT;Mar-27;80,00;84.5;42,42;-0,36;;2
13/08/26;PHARMA MAR;PUT;Mar-27;105,00;84.5;39,75;-0,71;;1
13/08/26;PHARMA MAR;PUT;Jun-27;39,00;84.5;55,31;-0,04;;3
13/08/26;PHARMA MAR;PUT;Jun-27;42,00;84.5;54,40;-0,05;;1
13/08/26;PHARMA MAR;PUT;Jun-27;44,00;84.5;53,79;-0,05;;3
13/08/26;PHARMA MAR;PUT;Jun-27;48,00;84.5;52,58;-0,07;;1
13/08/26;PHARMA MAR;PUT;Jun-27;60,00;84.5;48,93;-0,15;;1
13/08/26;PHARMA MAR;PUT;Jun-27;66,00;84.5;47,11;-0,20;;1
13/08/26;PHARMA MAR;PUT;Jun-27;70,00;84.5;45,89;-0,24;;2
13/08/26;PHARMA MAR;PUT;Jun-27;120,00;84.5;40,09;-0,79;;1
13/08/26;PUIG;CALL;Ago-26;15,50;17.18;31,76;0,99;;5
13/08/26;PUIG;CALL;Ago-26;16,00;17.18;31,44;0,94;;5
13/08/26;PUIG;CALL;Ago-26;16,50;17.18;31,12;0,82;;5
13/08/26;PUIG;CALL;Ago-26;17,00;17.18;30,80;0,60;;8
13/08/26;PUIG;CALL;Ago-26;17,50;17.18;30,00;0,35;;6
13/08/26;PUIG;CALL;Ago-26;18,00;17.18;28,95;0,15;;13
13/08/26;PUIG;CALL;Sep-26;11,00;17.18;40,04;1,00;;1
13/08/26;PUIG;CALL;Sep-26;14,50;17.18;37,93;0,93;;3
13/08/26;PUIG;CALL;Sep-26;16,00;17.18;37,03;0,75;;9
13/08/26;PUIG;CALL;Sep-26;16,50;17.18;36,73;0,66;;1
13/08/26;PUIG;CALL;Sep-26;17,00;17.18;36,43;0,57;;18
13/08/26;PUIG;CALL;Sep-26;17,50;17.18;36,06;0,47;;8.911
13/08/26;PUIG;CALL;Sep-26;18,00;17.18;35,65;0,37;;19
13/08/26;PUIG;CALL;Sep-26;18,50;17.18;35,24;0,28;;19
13/08/26;PUIG;CALL;Sep-26;19,00;17.18;34,84;0,20;;8
13/08/26;PUIG;CALL;Sep-26;19,50;17.18;34,43;0,14;;2
13/08/26;PUIG;CALL;Sep-26;20,00;17.18;34,02;0,09;;14
13/08/26;PUIG;CALL;Sep-26;21,00;17.18;33,21;0,03;;8.553
13/08/26;PUIG;CALL;Oct-26;17,00;17.18;36,76;0,57;;5
13/08/26;PUIG;CALL;Dic-26;15,00;17.18;36,48;0,78;;3
13/08/26;PUIG;CALL;Dic-26;16,50;17.18;35,67;0,63;;2
13/08/26;PUIG;CALL;Dic-26;17,00;17.18;35,40;0,58;;10
13/08/26;PUIG;CALL;Dic-26;18,00;17.18;35,27;0,47;;39
13/08/26;PUIG;CALL;Dic-26;18,50;17.18;35,25;0,42;;6
13/08/26;PUIG;CALL;Dic-26;19,00;17.18;35,23;0,37;;1
13/08/26;PUIG;CALL;Dic-26;19,50;17.18;35,21;0,32;;20
13/08/26;PUIG;CALL;Dic-26;22,00;17.18;35,11;0,15;;1
13/08/26;PUIG;CALL;Dic-26;23,00;17.18;35,07;0,10;;1
13/08/26;PUIG;CALL;Jun-27;11,00;17.18;34,87;0,95;;5
13/08/26;PUIG;CALL;Jun-27;15,50;17.18;33,21;0,72;;4
13/08/26;PUIG;CALL;Jun-27;16,00;17.18;33,03;0,68;;1
13/08/26;PUIG;CALL;Jun-27;16,50;17.18;32,84;0,64;;2
13/08/26;PUIG;PUT;Ago-26;12,50;17.18;34,57;;;3
13/08/26;PUIG;PUT;Ago-26;14,50;17.18;33,29;;;10
13/08/26;PUIG;PUT;Ago-26;15,00;17.18;32,97;;;6
13/08/26;PUIG;PUT;Ago-26;15,50;17.18;32,65;-0,02;;4
13/08/26;PUIG;PUT;Ago-26;16,00;17.18;32,33;-0,06;;5
13/08/26;PUIG;PUT;Ago-26;16,50;17.18;32,01;-0,19;;20
13/08/26;PUIG;PUT;Ago-26;17,00;17.18;31,69;-0,40;;5
13/08/26;PUIG;PUT;Sep-26;12,00;17.18;39,93;;;5
13/08/26;PUIG;PUT;Sep-26;12,50;17.18;39,62;;;149
13/08/26;PUIG;PUT;Sep-26;13,00;17.18;39,32;-0,01;;22
13/08/26;PUIG;PUT;Sep-26;13,50;17.18;39,02;-0,02;;18
13/08/26;PUIG;PUT;Sep-26;14,00;17.18;38,72;-0,04;;42
13/08/26;PUIG;PUT;Sep-26;14,50;17.18;38,42;-0,07;;1
13/08/26;PUIG;PUT;Sep-26;15,00;17.18;38,12;-0,11;;8.347
13/08/26;PUIG;PUT;Sep-26;15,50;17.18;37,82;-0,17;;6
13/08/26;PUIG;PUT;Sep-26;16,00;17.18;37,52;-0,25;12;261
13/08/26;PUIG;PUT;Sep-26;16,50;17.18;37,22;-0,34;;23
13/08/26;PUIG;PUT;Sep-26;17,00;17.18;36,92;-0,44;;5
13/08/26;PUIG;PUT;Sep-26;17,50;17.18;36,55;-0,54;;14
13/08/26;PUIG;PUT;Oct-26;16,50;17.18;37,14;-0,36;;3
13/08/26;PUIG;PUT;Oct-26;17,00;17.18;36,84;-0,43;;5
13/08/26;PUIG;PUT;Dic-26;11,00;17.18;38,15;-0,02;;2
13/08/26;PUIG;PUT;Dic-26;12,00;17.18;37,60;-0,04;;500
13/08/26;PUIG;PUT;Dic-26;12,50;17.18;37,33;-0,06;;5
13/08/26;PUIG;PUT;Dic-26;13,00;17.18;37,06;-0,08;;3
13/08/26;PUIG;PUT;Dic-26;13,50;17.18;36,79;-0,10;;4
13/08/26;PUIG;PUT;Dic-26;14,00;17.18;36,52;-0,14;;47
13/08/26;PUIG;PUT;Dic-26;14,50;17.18;36,25;-0,18;;2.467
13/08/26;PUIG;PUT;Dic-26;15,00;17.18;35,97;-0,22;15;26
13/08/26;PUIG;PUT;Dic-26;15,50;17.18;35,70;-0,27;;30
13/08/26;PUIG;PUT;Dic-26;16,00;17.18;35,43;-0,32;10;41
13/08/26;PUIG;PUT;Dic-26;16,50;17.18;35,16;-0,37;;21
13/08/26;PUIG;PUT;Dic-26;17,00;17.18;34,89;-0,43;;11
13/08/26;PUIG;PUT;Dic-26;17,50;17.18;34,78;-0,48;;10
13/08/26;PUIG;PUT;Dic-26;18,00;17.18;34,76;-0,54;;5
13/08/26;PUIG;PUT;Dic-26;21,00;17.18;34,64;-0,81;;6
13/08/26;PUIG;PUT;Mar-27;12,00;17.18;36,60;-0,07;;1
13/08/26;PUIG;PUT;Mar-27;13,00;17.18;36,12;-0,12;;1
13/08/26;PUIG;PUT;Mar-27;13,50;17.18;35,88;-0,15;;5
13/08/26;PUIG;PUT;Mar-27;14,00;17.18;35,63;-0,18;;2
13/08/26;PUIG;PUT;Mar-27;15,00;17.18;35,15;-0,25;;10
13/08/26;PUIG;PUT;Mar-27;15,50;17.18;34,90;-0,29;;7
13/08/26;PUIG;PUT;Mar-27;16,00;17.18;34,66;-0,33;;85
13/08/26;PUIG;PUT;Mar-27;16,50;17.18;34,42;-0,37;;274
13/08/26;PUIG;PUT;Jun-27;14,00;17.18;32,51;-0,21;;4
13/08/26;PUIG;PUT;Jun-27;16,00;17.18;31,78;-0,35;;411
13/08/26;PUIG;PUT;Jun-27;16,50;17.18;31,59;-0,39;;2
13/08/26;PUIG;PUT;Jun-27;21,00;17.18;29,56;-0,73;;20
13/08/26;PUIG;PUT;Sep-27;11,00;17.18;31,30;-0,06;;19
13/08/26;PUIG;PUT;Dic-27;15,00;17.18;28,99;-0,28;;4
13/08/26;PUIG;PUT;Dic-27;15,50;17.18;28,87;-0,32;;162
13/08/26;PUIG;PUT;Dic-27;16,00;17.18;28,75;-0,35;;156
13/08/26;PUIG;PUT;Dic-27;16,50;17.18;28,64;-0,39;;151
13/08/26;PUIG;PUT;Mar-28;17,50;17.18;27,60;-0,45;;143
13/08/26;REDEIA;CALL;Ago-26;15,00;15.24;15,80;0,76;;1
13/08/26;REDEIA;CALL;Ago-26;15,50;15.24;15,02;0,23;;2
13/08/26;REDEIA;CALL;Ago-26;16,00;15.24;14,33;0,01;;10
13/08/26;REDEIA;CALL;Sep-26;14,00;15.24;19,09;0,93;;1
13/08/26;REDEIA;CALL;Sep-26;15,00;15.24;17,52;0,64;;10
13/08/26;REDEIA;CALL;Sep-26;15,50;15.24;16,80;0,40;;13
13/08/26;REDEIA;CALL;Sep-26;16,00;15.24;16,16;0,19;;12
13/08/26;REDEIA;CALL;Sep-26;16,50;15.24;15,51;0,06;;4
13/08/26;REDEIA;CALL;Sep-26;17,00;15.24;14,87;0,01;;35
13/08/26;REDEIA;CALL;Sep-26;17,50;15.24;14,22;;;1
13/08/26;REDEIA;CALL;Sep-26;18,50;15.24;12,93;;;1
13/08/26;REDEIA;CALL;Dic-26;14,00;15.24;19,08;0,81;;35
13/08/26;REDEIA;CALL;Dic-26;15,00;15.24;17,88;0,61;;25
13/08/26;REDEIA;CALL;Dic-26;15,50;15.24;17,31;0,49;;17
13/08/26;REDEIA;CALL;Dic-26;16,00;15.24;16,76;0,36;;264
13/08/26;REDEIA;CALL;Dic-26;16,50;15.24;16,21;0,24;;23
13/08/26;REDEIA;CALL;Dic-26;17,00;15.24;15,67;0,15;;25
13/08/26;REDEIA;CALL;Dic-26;17,50;15.24;15,12;0,08;;26
13/08/26;REDEIA;CALL;Dic-26;18,00;15.24;14,57;0,04;;2
13/08/26;REDEIA;CALL;Mar-27;13,50;15.24;19,78;0,84;;1
13/08/26;REDEIA;CALL;Mar-27;14,00;15.24;19,29;0,77;;10
13/08/26;REDEIA;CALL;Mar-27;15,50;15.24;17,81;0,50;;138
13/08/26;REDEIA;CALL;Mar-27;16,00;15.24;17,32;0,40;;206
13/08/26;REDEIA;CALL;Mar-27;16,50;15.24;16,83;0,30;;27
13/08/26;REDEIA;CALL;Mar-27;17,00;15.24;16,34;0,22;;6
13/08/26;REDEIA;CALL;Mar-27;17,50;15.24;15,85;0,15;;137
13/08/26;REDEIA;CALL;Jun-27;16,00;15.24;17,90;0,44;;1
13/08/26;REDEIA;CALL;Jun-27;16,50;15.24;17,42;0,36;;2
13/08/26;REDEIA;CALL;Jun-27;17,00;15.24;16,95;0,28;;6
13/08/26;REDEIA;CALL;Jun-27;18,00;15.24;16,01;0,16;;1
13/08/26;REDEIA;CALL;Dic-27;14,50;15.24;19,34;0,65;;278
13/08/26;REDEIA;CALL;Dic-27;18,00;15.24;16,18;0,19;;6
13/08/26;REDEIA;PUT;Ago-26;14,00;15.24;21,77;;;10
13/08/26;REDEIA;PUT;Ago-26;14,50;15.24;20,89;-0,05;;36
13/08/26;REDEIA;PUT;Ago-26;15,00;15.24;20,02;-0,29;;59
13/08/26;REDEIA;PUT;Ago-26;15,50;15.24;19,24;-0,72;;1
13/08/26;REDEIA;PUT;Sep-26;12,50;15.24;21,23;;;11
13/08/26;REDEIA;PUT;Sep-26;13,00;15.24;20,45;-0,01;;9
13/08/26;REDEIA;PUT;Sep-26;13,50;15.24;19,66;-0,02;;59
13/08/26;REDEIA;PUT;Sep-26;14,00;15.24;18,87;-0,07;;30
13/08/26;REDEIA;PUT;Sep-26;14,50;15.24;18,09;-0,17;;12
13/08/26;REDEIA;PUT;Sep-26;15,00;15.24;17,30;-0,36;;23
13/08/26;REDEIA;PUT;Sep-26;15,50;15.24;16,58;-0,61;;11
13/08/26;REDEIA;PUT;Sep-26;16,00;15.24;15,94;-0,83;;32
13/08/26;REDEIA;PUT;Sep-26;16,50;15.24;15,29;-0,97;;1
13/08/26;REDEIA;PUT;Oct-26;14,50;15.24;17,50;-0,22;;3
13/08/26;REDEIA;PUT;Oct-26;15,00;15.24;16,74;-0,38;;2
13/08/26;REDEIA;PUT;Oct-26;16,00;15.24;15,41;-0,76;;3
13/08/26;REDEIA;PUT;Dic-26;11,50;15.24;21,58;-0,01;;20
13/08/26;REDEIA;PUT;Dic-26;12,00;15.24;20,98;-0,02;;10
13/08/26;REDEIA;PUT;Dic-26;12,50;15.24;20,38;-0,04;;15
13/08/26;REDEIA;PUT;Dic-26;13,00;15.24;19,77;-0,07;;6
13/08/26;REDEIA;PUT;Dic-26;13,50;15.24;19,17;-0,12;;86
13/08/26;REDEIA;PUT;Dic-26;14,00;15.24;18,57;-0,19;;111
13/08/26;REDEIA;PUT;Dic-26;14,50;15.24;17,97;-0,28;;160
13/08/26;REDEIA;PUT;Dic-26;15,00;15.24;17,37;-0,40;;31
13/08/26;REDEIA;PUT;Dic-26;15,50;15.24;16,80;-0,53;;3
13/08/26;REDEIA;PUT;Dic-26;16,00;15.24;16,25;-0,67;;8
13/08/26;REDEIA;PUT;Dic-26;17,00;15.24;15,16;-0,92;;1
13/08/26;REDEIA;PUT;Mar-27;11,50;15.24;20,46;-0,03;;1
13/08/26;REDEIA;PUT;Mar-27;12,00;15.24;19,97;-0,05;;8
13/08/26;REDEIA;PUT;Mar-27;12,50;15.24;19,48;-0,08;;8
13/08/26;REDEIA;PUT;Mar-27;13,00;15.24;18,98;-0,13;;101
13/08/26;REDEIA;PUT;Mar-27;13,50;15.24;18,49;-0,18;;17
13/08/26;REDEIA;PUT;Mar-27;14,00;15.24;18,00;-0,25;;162
13/08/26;REDEIA;PUT;Mar-27;14,50;15.24;17,51;-0,34;;5
13/08/26;REDEIA;PUT;Mar-27;15,00;15.24;17,02;-0,43;;1
13/08/26;REDEIA;PUT;Mar-27;15,50;15.24;16,52;-0,54;;3
13/08/26;REDEIA;PUT;Mar-27;16,00;15.24;16,03;-0,64;;1
13/08/26;REDEIA;PUT;Mar-27;17,00;15.24;15,05;-0,83;;3
13/08/26;REDEIA;PUT;Jun-27;12,50;15.24;19,31;-0,11;;4
13/08/26;REDEIA;PUT;Jun-27;13,50;15.24;18,50;-0,21;;2
13/08/26;REDEIA;PUT;Jun-27;14,00;15.24;18,09;-0,27;;2
13/08/26;REDEIA;PUT;Jun-27;14,50;15.24;17,69;-0,35;;53
13/08/26;REDEIA;PUT;Jun-27;15,00;15.24;17,28;-0,43;;5
13/08/26;REDEIA;PUT;Jun-27;15,50;15.24;16,85;-0,52;;13
13/08/26;REDEIA;PUT;Jun-27;16,00;15.24;16,38;-0,61;;1
13/08/26;REDEIA;PUT;Sep-27;12,50;15.24;18,51;-0,17;;5
13/08/26;REDEIA;PUT;Dic-27;14,00;15.24;17,17;-0,35;;20
13/08/26;REDEIA;PUT;Dic-27;15,00;15.24;16,58;-0,49;;11
13/08/26;REDEIA;PUT;Dic-27;19,00;15.24;12,74;-0,96;;6
13/08/26;REDEIA;PUT;Dic-28;13,00;15.24;17,32;-0,30;;1
13/08/26;REDEIA;PUT;Sep-26;14,00;15.24;18,87;-0,07;;1
13/08/26;REDEIA;PUT;Sep-26;14,50;15.24;18,09;-0,17;;6
13/08/26;REDEIA;PUT;Sep-26;15,00;15.24;17,30;-0,36;;1
13/08/26;REDEIA;PUT;Dic-26;13,50;15.24;19,17;-0,11;;4
13/08/26;REDEIA;PUT;Dic-26;15,00;15.24;17,37;-0,38;;6
13/08/26;REDEIA;PUT;Mar-27;14,00;15.24;18,00;-0,24;;2
13/08/26;REPSOL;CALL;Ago-26;21,00;26.49;38,14;1,00;;94
13/08/26;REPSOL;CALL;Ago-26;22,00;26.49;36,82;1,00;;8
13/08/26;REPSOL;CALL;Ago-26;23,00;26.49;35,50;1,00;;64
13/08/26;REPSOL;CALL;Ago-26;24,00;26.49;34,18;0,98;;189
13/08/26;REPSOL;CALL;Ago-26;25,00;26.49;32,86;0,89;;28
13/08/26;REPSOL;CALL;Ago-26;26,00;26.49;31,54;0,67;;178
13/08/26;REPSOL;CALL;Ago-26;27,00;26.49;30,59;0,35;;85
13/08/26;REPSOL;CALL;Ago-26;28,00;26.49;30,02;0,11;;412
13/08/26;REPSOL;CALL;Ago-26;29,00;26.49;29,44;0,02;;2
13/08/26;REPSOL;CALL;Ago-26;30,00;26.49;28,86;;;50
13/08/26;REPSOL;CALL;Sep-26;16,50;26.49;40,39;1,00;;4
13/08/26;REPSOL;CALL;Sep-26;18,00;26.49;38,88;1,00;;1
13/08/26;REPSOL;CALL;Sep-26;20,00;26.49;36,86;0,99;;17
13/08/26;REPSOL;CALL;Sep-26;20,50;26.49;36,36;0,99;;1
13/08/26;REPSOL;CALL;Sep-26;21,00;26.49;35,86;0,98;;162
13/08/26;REPSOL;CALL;Sep-26;22,00;26.49;34,85;0,96;;11.943
13/08/26;REPSOL;CALL;Sep-26;23,00;26.49;33,84;0,92;;186
13/08/26;REPSOL;CALL;Sep-26;24,00;26.49;32,84;0,85;;178
13/08/26;REPSOL;CALL;Sep-26;25,00;26.49;31,83;0,74;;535
13/08/26;REPSOL;CALL;Sep-26;26,00;26.49;30,82;0,60;;193
13/08/26;REPSOL;CALL;Sep-26;27,00;26.49;30,08;0,45;;193
13/08/26;REPSOL;CALL;Sep-26;28,00;26.49;29,59;0,30;60;239
13/08/26;REPSOL;CALL;Sep-26;29,00;26.49;29,10;0,18;;5
13/08/26;REPSOL;CALL;Sep-26;30,00;26.49;28,61;0,09;;6
13/08/26;REPSOL;CALL;Sep-26;31,00;26.49;28,12;0,04;;1
13/08/26;REPSOL;CALL;Oct-26;27,00;26.49;30,65;0,48;;25
13/08/26;REPSOL;CALL;Oct-26;28,00;26.49;30,34;0,37;3;3
13/08/26;REPSOL;CALL;Oct-26;34,00;26.49;28,53;0,02;;43
13/08/26;REPSOL;CALL;Dic-26;12,00;26.49;38,51;1,00;;2
13/08/26;REPSOL;CALL;Dic-26;13,00;26.49;37,97;1,00;;10
13/08/26;REPSOL;CALL;Dic-26;15,00;26.49;36,89;1,00;;150
13/08/26;REPSOL;CALL;Dic-26;15,50;26.49;36,62;1,00;;160
13/08/26;REPSOL;CALL;Dic-26;16,00;26.49;36,35;0,99;;150
13/08/26;REPSOL;CALL;Dic-26;16,50;26.49;36,08;0,99;;150
13/08/26;REPSOL;CALL;Dic-26;17,00;26.49;35,80;0,99;;75
13/08/26;REPSOL;CALL;Dic-26;17,50;26.49;35,53;0,98;;48
13/08/26;REPSOL;CALL;Dic-26;18,00;26.49;35,26;0,98;;107
13/08/26;REPSOL;CALL;Dic-26;18,50;26.49;34,99;0,97;;354
13/08/26;REPSOL;CALL;Dic-26;19,00;26.49;34,72;0,96;;15
13/08/26;REPSOL;CALL;Dic-26;19,50;26.49;34,45;0,95;;101
13/08/26;REPSOL;CALL;Dic-26;20,00;26.49;34,18;0,94;;64
13/08/26;REPSOL;CALL;Dic-26;21,00;26.49;33,64;0,91;;7
13/08/26;REPSOL;CALL;Dic-26;22,00;26.49;33,10;0,86;;4.060
13/08/26;REPSOL;CALL;Dic-26;23,00;26.49;32,56;0,81;;12
13/08/26;REPSOL;CALL;Dic-26;24,00;26.49;32,02;0,75;;11.635
13/08/26;REPSOL;CALL;Dic-26;25,00;26.49;31,48;0,67;;54
13/08/26;REPSOL;CALL;Dic-26;26,00;26.49;30,94;0,59;;1.192
13/08/26;REPSOL;CALL;Dic-26;27,00;26.49;30,58;0,51;3;13
13/08/26;REPSOL;CALL;Dic-26;28,00;26.49;30,40;0,43;;67
13/08/26;REPSOL;CALL;Dic-26;29,00;26.49;30,23;0,36;;26
13/08/26;REPSOL;CALL;Dic-26;30,00;26.49;30,05;0,29;;43
13/08/26;REPSOL;CALL;Dic-26;31,00;26.49;29,88;0,23;;3
13/08/26;REPSOL;CALL;Dic-26;32,00;26.49;29,70;0,17;;7
13/08/26;REPSOL;CALL;Mar-27;14,50;26.49;38,66;0,99;;5
13/08/26;REPSOL;CALL;Mar-27;16,00;26.49;37,66;0,98;;15
13/08/26;REPSOL;CALL;Mar-27;16,50;26.49;37,32;0,98;;25
13/08/26;REPSOL;CALL;Mar-27;17,00;26.49;36,99;0,97;;2
13/08/26;REPSOL;CALL;Mar-27;17,50;26.49;36,66;0,96;;32
13/08/26;REPSOL;CALL;Mar-27;18,00;26.49;36,32;0,95;;55
13/08/26;REPSOL;CALL;Mar-27;18,50;26.49;35,99;0,94;;16
13/08/26;REPSOL;CALL;Mar-27;19,00;26.49;35,66;0,93;;35
13/08/26;REPSOL;CALL;Mar-27;19,50;26.49;35,32;0,92;;10
13/08/26;REPSOL;CALL;Mar-27;20,00;26.49;34,99;0,90;;25
13/08/26;REPSOL;CALL;Mar-27;22,00;26.49;33,65;0,82;;27
13/08/26;REPSOL;CALL;Mar-27;23,00;26.49;32,99;0,77;;4.000
13/08/26;REPSOL;CALL;Mar-27;24,00;26.49;32,32;0,72;;331
13/08/26;REPSOL;CALL;Mar-27;25,00;26.49;31,65;0,65;;156
13/08/26;REPSOL;CALL;Mar-27;26,00;26.49;30,99;0,59;5;6
13/08/26;REPSOL;CALL;Mar-27;27,00;26.49;30,56;0,52;;25
13/08/26;REPSOL;CALL;Mar-27;28,00;26.49;30,37;0,46;;2
13/08/26;REPSOL;CALL;Mar-27;29,00;26.49;30,19;0,40;;2.001
13/08/26;REPSOL;CALL;Mar-27;30,00;26.49;30,00;0,34;;1
13/08/26;REPSOL;CALL;Mar-27;31,00;26.49;29,81;0,28;;1
13/08/26;REPSOL;CALL;Mar-27;32,00;26.49;29,62;0,24;;180
13/08/26;REPSOL;CALL;Jun-27;11,00;26.49;39,78;1,00;;1
13/08/26;REPSOL;CALL;Jun-27;15,00;26.49;37,31;0,98;;75
13/08/26;REPSOL;CALL;Jun-27;15,50;26.49;37,01;0,98;;50
13/08/26;REPSOL;CALL;Jun-27;16,50;26.49;36,39;0,96;;53
13/08/26;REPSOL;CALL;Jun-27;17,00;26.49;36,08;0,95;;1.019
13/08/26;REPSOL;CALL;Jun-27;17,50;26.49;35,77;0,94;;27
13/08/26;REPSOL;CALL;Jun-27;19,00;26.49;34,85;0,90;;1
13/08/26;REPSOL;CALL;Jun-27;19,50;26.49;34,54;0,89;;1
13/08/26;REPSOL;CALL;Jun-27;25,00;26.49;31,15;0,64;;12
13/08/26;REPSOL;CALL;Jun-27;26,00;26.49;30,53;0,59;;8
13/08/26;REPSOL;CALL;Jun-27;27,00;26.49;30,10;0,53;;3
13/08/26;REPSOL;CALL;Jun-27;29,00;26.49;29,60;0,43;;1
13/08/26;REPSOL;CALL;Jun-27;30,00;26.49;29,35;0,38;;20
13/08/26;REPSOL;CALL;Sep-27;15,50;26.49;38,16;0,97;;1
13/08/26;REPSOL;CALL;Sep-27;18,00;26.49;36,49;0,92;;3.000
13/08/26;REPSOL;CALL;Sep-27;18,50;26.49;36,16;0,90;;3.000
13/08/26;REPSOL;CALL;Sep-27;20,00;26.49;35,16;0,85;;2.000
13/08/26;REPSOL;CALL;Sep-27;21,00;26.49;34,49;0,82;;6
13/08/26;REPSOL;CALL;Sep-27;22,00;26.49;33,82;0,78;;5
13/08/26;REPSOL;CALL;Sep-27;24,00;26.49;32,49;0,69;;2
13/08/26;REPSOL;CALL;Sep-27;27,00;26.49;30,71;0,54;;1
13/08/26;REPSOL;CALL;Dic-27;12,00;26.49;40,53;1,00;;2
13/08/26;REPSOL;CALL;Dic-27;14,00;26.49;39,17;0,98;;1.400
13/08/26;REPSOL;CALL;Dic-27;15,00;26.49;38,49;0,97;;149
13/08/26;REPSOL;CALL;Dic-27;15,50;26.49;38,15;0,96;;2
13/08/26;REPSOL;CALL;Dic-27;16,00;26.49;37,81;0,95;;3
13/08/26;REPSOL;CALL;Dic-27;16,50;26.49;37,47;0,94;;1.528
13/08/26;REPSOL;CALL;Dic-27;17,00;26.49;37,13;0,93;;24
13/08/26;REPSOL;CALL;Dic-27;17,50;26.49;36,79;0,91;;2
13/08/26;REPSOL;CALL;Dic-27;18,00;26.49;36,45;0,90;;3
13/08/26;REPSOL;CALL;Dic-27;19,50;26.49;35,43;0,85;;5
13/08/26;REPSOL;CALL;Dic-27;20,00;26.49;35,09;0,83;;10.000
13/08/26;REPSOL;CALL;Dic-27;23,00;26.49;33,05;0,72;;4
13/08/26;REPSOL;CALL;Dic-27;24,00;26.49;32,37;0,68;;5.000
13/08/26;REPSOL;CALL;Dic-27;25,00;26.49;31,69;0,63;;1
13/08/26;REPSOL;CALL;Mar-28;16,50;26.49;37,01;0,94;;1
13/08/26;REPSOL;CALL;Mar-28;18,00;26.49;36,03;0,89;;1
13/08/26;REPSOL;CALL;Mar-28;19,00;26.49;35,37;0,86;;5
13/08/26;REPSOL;CALL;Mar-28;24,00;26.49;32,10;0,68;;6
13/08/26;REPSOL;CALL;Mar-28;25,00;26.49;31,44;0,63;;1.000
13/08/26;REPSOL;CALL;Mar-28;26,00;26.49;30,79;0,59;;2.000
13/08/26;REPSOL;CALL;Mar-28;27,00;26.49;30,37;0,55;;2.000
13/08/26;REPSOL;CALL;Mar-28;32,00;26.49;29,36;0,36;;2.000
13/08/26;REPSOL;CALL;Mar-28;33,00;26.49;29,16;0,32;;800
13/08/26;REPSOL;CALL;Jun-28;10,00;26.49;40,73;1,00;;10
13/08/26;REPSOL;CALL;Jun-28;19,00;26.49;35,41;0,85;;6
13/08/26;REPSOL;CALL;Jun-28;20,00;26.49;34,82;0,81;;10
13/08/26;REPSOL;CALL;Jun-28;22,00;26.49;33,64;0,74;;4
13/08/26;REPSOL;CALL;Jun-28;24,00;26.49;32,45;0,67;;2.500
13/08/26;REPSOL;CALL;Jun-28;32,00;26.49;29,87;0,38;;1.000
13/08/26;REPSOL;CALL;Sep-28;18,50;26.49;35,69;0,86;;1
13/08/26;REPSOL;CALL;Dic-28;16,00;26.49;36,68;0,93;;2.000
13/08/26;REPSOL;CALL;Dic-28;24,00;26.49;32,75;0,67;;1.500
13/08/26;REPSOL;CALL;Dic-28;27,00;26.49;31,44;0,57;;1
13/08/26;REPSOL;CALL;Dic-28;34,00;26.49;30,21;0,36;;1
13/08/26;REPSOL;CALL;Dic-29;10,00;26.49;37,36;1,00;;200
13/08/26;REPSOL;CALL;Dic-29;11,50;26.49;36,83;1,00;;1
13/08/26;REPSOL;CALL;Dic-29;12,00;26.49;36,66;1,00;;1
13/08/26;REPSOL;CALL;Dic-29;12,50;26.49;36,48;1,00;;3
13/08/26;REPSOL;CALL;Dic-29;17,00;26.49;34,89;0,90;;25
13/08/26;REPSOL;CALL;Dic-30;22,00;26.49;32,84;0,73;;1.500
13/08/26;REPSOL;CALL;Dic-30;26,00;26.49;31,74;0,61;;3.000
13/08/26;REPSOL;PUT;Ago-26;17,50;26.49;42,25;;;2
13/08/26;REPSOL;PUT;Ago-26;18,00;26.49;41,59;;;6
13/08/26;REPSOL;PUT;Ago-26;19,00;26.49;40,27;;;1
13/08/26;REPSOL;PUT;Ago-26;19,50;26.49;39,61;;;13
13/08/26;REPSOL;PUT;Ago-26;20,00;26.49;38,94;;;30
13/08/26;REPSOL;PUT;Ago-26;20,50;26.49;38,28;;;8
13/08/26;REPSOL;PUT;Ago-26;21,00;26.49;37,62;;;30
13/08/26;REPSOL;PUT;Ago-26;22,00;26.49;36,30;;;16
13/08/26;REPSOL;PUT;Ago-26;23,00;26.49;34,98;;;120
13/08/26;REPSOL;PUT;Ago-26;24,00;26.49;33,66;-0,02;;322
13/08/26;REPSOL;PUT;Ago-26;25,00;26.49;32,34;-0,11;;28
13/08/26;REPSOL;PUT;Ago-26;26,00;26.49;31,02;-0,33;;4
13/08/26;REPSOL;PUT;Sep-26;6,75;26.49;49,01;;;2
13/08/26;REPSOL;PUT;Sep-26;10,50;26.49;45,24;;;9
13/08/26;REPSOL;PUT;Sep-26;11,00;26.49;44,73;;;30
13/08/26;REPSOL;PUT;Sep-26;11,50;26.49;44,23;;;51
13/08/26;REPSOL;PUT;Sep-26;12,00;26.49;43,73;;;295
13/08/26;REPSOL;PUT;Sep-26;12,50;26.49;43,22;;;80
13/08/26;REPSOL;PUT;Sep-26;13,00;26.49;42,72;;;119
13/08/26;REPSOL;PUT;Sep-26;13,50;26.49;42,22;;;12
13/08/26;REPSOL;PUT;Sep-26;14,00;26.49;41,71;;;143
13/08/26;REPSOL;PUT;Sep-26;14,50;26.49;41,21;;;277
13/08/26;REPSOL;PUT;Sep-26;15,00;26.49;40,71;;;35
13/08/26;REPSOL;PUT;Sep-26;15,50;26.49;40,20;;;6
13/08/26;REPSOL;PUT;Sep-26;16,00;26.49;39,70;;;10
13/08/26;REPSOL;PUT;Sep-26;16,50;26.49;39,20;;;200
13/08/26;REPSOL;PUT;Sep-26;17,00;26.49;38,69;;;654
13/08/26;REPSOL;PUT;Sep-26;17,50;26.49;38,19;;;204
13/08/26;REPSOL;PUT;Sep-26;18,00;26.49;37,69;;;15.360
13/08/26;REPSOL;PUT;Sep-26;18,50;26.49;37,18;;;211
13/08/26;REPSOL;PUT;Sep-26;19,00;26.49;36,68;;;14
13/08/26;REPSOL;PUT;Sep-26;19,50;26.49;36,18;;;104
13/08/26;REPSOL;PUT;Sep-26;20,00;26.49;35,67;;;8
13/08/26;REPSOL;PUT;Sep-26;20,50;26.49;35,17;-0,01;;5
13/08/26;REPSOL;PUT;Sep-26;21,00;26.49;34,67;-0,01;;1.504
13/08/26;REPSOL;PUT;Sep-26;22,00;26.49;33,66;-0,03;;1.105
13/08/26;REPSOL;PUT;Sep-26;23,00;26.49;32,65;-0,07;;200
13/08/26;REPSOL;PUT;Sep-26;24,00;26.49;31,65;-0,15;4;33
13/08/26;REPSOL;PUT;Sep-26;25,00;26.49;30,64;-0,25;;11
13/08/26;REPSOL;PUT;Sep-26;26,00;26.49;29,63;-0,40;1;6
13/08/26;REPSOL;PUT;Sep-26;27,00;26.49;28,89;-0,56;1;150
13/08/26;REPSOL;PUT;Oct-26;22,00;26.49;33,04;-0,08;;2
13/08/26;REPSOL;PUT;Oct-26;24,00;26.49;31,48;-0,20;;1
13/08/26;REPSOL;PUT;Oct-26;25,00;26.49;30,70;-0,30;;1
13/08/26;REPSOL;PUT;Oct-26;26,00;26.49;29,92;-0,41;;1
13/08/26;REPSOL;PUT;Oct-26;27,00;26.49;29,39;-0,53;;150
13/08/26;REPSOL;PUT;Dic-26;8,00;26.49;40,45;;;9.500
13/08/26;REPSOL;PUT;Dic-26;8,75;26.49;40,05;;;1
13/08/26;REPSOL;PUT;Dic-26;9,00;26.49;39,91;;;13.015
13/08/26;REPSOL;PUT;Dic-26;9,50;26.49;39,64;;;750
13/08/26;REPSOL;PUT;Dic-26;10,00;26.49;39,37;;;34.000
13/08/26;REPSOL;PUT;Dic-26;10,50;26.49;39,10;;;1.000
13/08/26;REPSOL;PUT;Dic-26;11,00;26.49;38,83;;;15.621
13/08/26;REPSOL;PUT;Dic-26;11,50;26.49;38,56;;;3.187
13/08/26;REPSOL;PUT;Dic-26;12,00;26.49;38,29;;;15.760
13/08/26;REPSOL;PUT;Dic-26;12,50;26.49;38,02;;;156
13/08/26;REPSOL;PUT;Dic-26;13,00;26.49;37,75;;;12.000
13/08/26;REPSOL;PUT;Dic-26;13,50;26.49;37,48;;;1
13/08/26;REPSOL;PUT;Dic-26;14,00;26.49;37,21;;;11.025
13/08/26;REPSOL;PUT;Dic-26;14,50;26.49;36,94;;;224
13/08/26;REPSOL;PUT;Dic-26;15,00;26.49;36,67;;;4.184
13/08/26;REPSOL;PUT;Dic-26;15,50;26.49;36,40;;;21.501
13/08/26;REPSOL;PUT;Dic-26;16,00;26.49;36,13;-0,01;;2.160
13/08/26;REPSOL;PUT;Dic-26;16,50;26.49;35,86;-0,01;;161
13/08/26;REPSOL;PUT;Dic-26;17,00;26.49;35,58;-0,01;;136
13/08/26;REPSOL;PUT;Dic-26;17,50;26.49;35,31;-0,02;;160
13/08/26;REPSOL;PUT;Dic-26;18,00;26.49;35,04;-0,02;;26
13/08/26;REPSOL;PUT;Dic-26;18,50;26.49;34,77;-0,03;;1
13/08/26;REPSOL;PUT;Dic-26;19,00;26.49;34,50;-0,04;;4.102
13/08/26;REPSOL;PUT;Dic-26;19,50;26.49;34,23;-0,05;;116
13/08/26;REPSOL;PUT;Dic-26;20,00;26.49;33,96;-0,06;;2.035
13/08/26;REPSOL;PUT;Dic-26;20,50;26.49;33,69;-0,08;;4
13/08/26;REPSOL;PUT;Dic-26;21,00;26.49;33,42;-0,09;;293
13/08/26;REPSOL;PUT;Dic-26;22,00;26.49;32,88;-0,14;;74
13/08/26;REPSOL;PUT;Dic-26;23,00;26.49;32,34;-0,19;;11
13/08/26;REPSOL;PUT;Dic-26;24,00;26.49;31,80;-0,26;;21
13/08/26;REPSOL;PUT;Dic-26;25,00;26.49;31,26;-0,33;;19
13/08/26;REPSOL;PUT;Dic-26;26,00;26.49;30,72;-0,41;;10
13/08/26;REPSOL;PUT;Dic-26;27,00;26.49;30,36;-0,49;;9
13/08/26;REPSOL;PUT;Dic-26;28,00;26.49;30,18;-0,58;;20
13/08/26;REPSOL;PUT;Mar-27;7,25;26.49;41,62;;;4
13/08/26;REPSOL;PUT;Mar-27;8,00;26.49;41,12;;;1
13/08/26;REPSOL;PUT;Mar-27;10,00;26.49;39,79;;;245
13/08/26;REPSOL;PUT;Mar-27;11,50;26.49;38,79;;;216
13/08/26;REPSOL;PUT;Mar-27;12,00;26.49;38,45;;;210
13/08/26;REPSOL;PUT;Mar-27;12,50;26.49;38,12;;;401
13/08/26;REPSOL;PUT;Mar-27;13,50;26.49;37,45;-0,01;;4
13/08/26;REPSOL;PUT;Mar-27;14,00;26.49;37,12;-0,01;;55
13/08/26;REPSOL;PUT;Mar-27;14,50;26.49;36,79;-0,01;;100
13/08/26;REPSOL;PUT;Mar-27;15,00;26.49;36,45;-0,02;;140
13/08/26;REPSOL;PUT;Mar-27;15,50;26.49;36,12;-0,02;;250
13/08/26;REPSOL;PUT;Mar-27;16,00;26.49;35,79;-0,03;;754
13/08/26;REPSOL;PUT;Mar-27;16,50;26.49;35,45;-0,03;;25
13/08/26;REPSOL;PUT;Mar-27;17,00;26.49;35,12;-0,04;;75
13/08/26;REPSOL;PUT;Mar-27;18,00;26.49;34,45;-0,06;;20
13/08/26;REPSOL;PUT;Mar-27;18,50;26.49;34,12;-0,07;;6
13/08/26;REPSOL;PUT;Mar-27;19,00;26.49;33,79;-0,08;;100
13/08/26;REPSOL;PUT;Mar-27;20,00;26.49;33,12;-0,12;;300
13/08/26;REPSOL;PUT;Mar-27;21,00;26.49;32,45;-0,15;;210
13/08/26;REPSOL;PUT;Mar-27;22,00;26.49;31,78;-0,20;;31
13/08/26;REPSOL;PUT;Mar-27;23,00;26.49;31,12;-0,25;;10
13/08/26;REPSOL;PUT;Mar-27;24,00;26.49;30,45;-0,31;;3
13/08/26;REPSOL;PUT;Mar-27;25,00;26.49;29,78;-0,37;;114
13/08/26;REPSOL;PUT;Mar-27;26,00;26.49;29,12;-0,44;5;20
13/08/26;REPSOL;PUT;Mar-27;27,00;26.49;28,69;-0,51;;20
13/08/26;REPSOL;PUT;Mar-27;28,00;26.49;28,50;-0,57;;2
13/08/26;REPSOL;PUT;Jun-27;8,00;26.49;39,81;;;25.000
13/08/26;REPSOL;PUT;Jun-27;9,50;26.49;38,89;;;40
13/08/26;REPSOL;PUT;Jun-27;10,00;26.49;38,58;;;10
13/08/26;REPSOL;PUT;Jun-27;10,50;26.49;38,27;;;2
13/08/26;REPSOL;PUT;Jun-27;11,50;26.49;37,65;;;80
13/08/26;REPSOL;PUT;Jun-27;12,00;26.49;37,34;-0,01;;210
13/08/26;REPSOL;PUT;Jun-27;12,50;26.49;37,04;-0,01;;200
13/08/26;REPSOL;PUT;Jun-27;13,00;26.49;36,73;-0,01;;5.010
13/08/26;REPSOL;PUT;Jun-27;13,50;26.49;36,42;-0,01;;183
13/08/26;REPSOL;PUT;Jun-27;14,00;26.49;36,11;-0,02;;38
13/08/26;REPSOL;PUT;Jun-27;14,50;26.49;35,80;-0,02;;20
13/08/26;REPSOL;PUT;Jun-27;15,00;26.49;35,49;-0,03;;20
13/08/26;REPSOL;PUT;Jun-27;16,00;26.49;34,88;-0,04;;95
13/08/26;REPSOL;PUT;Jun-27;19,50;26.49;32,72;-0,12;;100
13/08/26;REPSOL;PUT;Jun-27;21,00;26.49;31,80;-0,18;;2
13/08/26;REPSOL;PUT;Jun-27;22,00;26.49;31,18;-0,22;;2
13/08/26;REPSOL;PUT;Jun-27;23,00;26.49;30,56;-0,26;;2
13/08/26;REPSOL;PUT;Jun-27;24,00;26.49;29,95;-0,31;;11
13/08/26;REPSOL;PUT;Jun-27;25,00;26.49;29,33;-0,37;;1
13/08/26;REPSOL;PUT;Jun-27;26,00;26.49;28,71;-0,43;;2
13/08/26;REPSOL;PUT;Sep-27;10,50;26.49;39,02;-0,01;;100
13/08/26;REPSOL;PUT;Sep-27;11,00;26.49;38,69;-0,01;;101
13/08/26;REPSOL;PUT;Sep-27;11,50;26.49;38,36;-0,01;;100
13/08/26;REPSOL;PUT;Sep-27;12,00;26.49;38,02;-0,02;;104
13/08/26;REPSOL;PUT;Sep-27;14,00;26.49;36,69;-0,03;;25
13/08/26;REPSOL;PUT;Sep-27;14,50;26.49;36,36;-0,04;;420
13/08/26;REPSOL;PUT;Sep-27;15,00;26.49;36,02;-0,05;;2
13/08/26;REPSOL;PUT;Sep-27;15,50;26.49;35,69;-0,06;;159
13/08/26;REPSOL;PUT;Sep-27;18,00;26.49;34,02;-0,11;;1.000
13/08/26;REPSOL;PUT;Sep-27;19,00;26.49;33,36;-0,14;;5
13/08/26;REPSOL;PUT;Sep-27;24,00;26.49;30,02;-0,34;;1
13/08/26;REPSOL;PUT;Sep-27;25,00;26.49;29,35;-0,39;;1
13/08/26;REPSOL;PUT;Dic-27;7,75;26.49;39,85;;;234
13/08/26;REPSOL;PUT;Dic-27;8,00;26.49;39,68;;;23.000
13/08/26;REPSOL;PUT;Dic-27;8,50;26.49;39,34;;;8.000
13/08/26;REPSOL;PUT;Dic-27;9,00;26.49;39,00;;;7.000
13/08/26;REPSOL;PUT;Dic-27;9,75;26.49;38,49;-0,01;;62
13/08/26;REPSOL;PUT;Dic-27;10,00;26.49;38,32;-0,01;;11.028
13/08/26;REPSOL;PUT;Dic-27;10,50;26.49;37,99;-0,01;;12.938
13/08/26;REPSOL;PUT;Dic-27;11,00;26.49;37,65;-0,01;;27.620
13/08/26;REPSOL;PUT;Dic-27;12,00;26.49;36,97;-0,02;;1
13/08/26;REPSOL;PUT;Dic-27;12,50;26.49;36,63;-0,02;;25
13/08/26;REPSOL;PUT;Dic-27;13,00;26.49;36,29;-0,03;;266
13/08/26;REPSOL;PUT;Dic-27;14,00;26.49;35,61;-0,04;;15.000
13/08/26;REPSOL;PUT;Dic-27;14,50;26.49;35,27;-0,05;;7
13/08/26;REPSOL;PUT;Dic-27;15,00;26.49;34,93;-0,06;;7.001
13/08/26;REPSOL;PUT;Dic-27;16,00;26.49;34,25;-0,07;;30.000
13/08/26;REPSOL;PUT;Dic-27;16,50;26.49;33,91;-0,08;;1.525
13/08/26;REPSOL;PUT;Dic-27;17,00;26.49;33,57;-0,10;;25
13/08/26;REPSOL;PUT;Dic-27;18,00;26.49;32,89;-0,12;;101
13/08/26;REPSOL;PUT;Dic-27;20,00;26.49;31,53;-0,18;;2
13/08/26;REPSOL;PUT;Dic-27;21,00;26.49;30,85;-0,21;;50
13/08/26;REPSOL;PUT;Dic-27;22,00;26.49;30,17;-0,25;;20
13/08/26;REPSOL;PUT;Dic-27;23,00;26.49;29,49;-0,29;;9
13/08/26;REPSOL;PUT;Dic-27;24,00;26.49;28,81;-0,34;;10
13/08/26;REPSOL;PUT;Dic-27;25,00;26.49;28,13;-0,39;;1
13/08/26;REPSOL;PUT;Dic-27;26,00;26.49;27,45;-0,44;;3
13/08/26;REPSOL;PUT;Mar-28;12,00;26.49;35,38;-0,03;;1.000
13/08/26;REPSOL;PUT;Mar-28;13,50;26.49;34,40;-0,04;;1.000
13/08/26;REPSOL;PUT;Mar-28;18,00;26.49;31,46;-0,13;;151
13/08/26;REPSOL;PUT;Mar-28;21,00;26.49;29,49;-0,23;;120
13/08/26;REPSOL;PUT;Mar-28;22,00;26.49;28,84;-0,27;;114
13/08/26;REPSOL;PUT;Mar-28;26,00;26.49;26,22;-0,44;;25
13/08/26;REPSOL;PUT;Jun-28;18,00;26.49;31,23;-0,14;;4.000
13/08/26;REPSOL;PUT;Jun-28;19,50;26.49;30,34;-0,19;;1
13/08/26;REPSOL;PUT;Jun-28;20,00;26.49;30,05;-0,20;;3.000
13/08/26;REPSOL;PUT;Jun-28;21,00;26.49;29,46;-0,24;;120
13/08/26;REPSOL;PUT;Jun-28;22,00;26.49;28,87;-0,27;;6.500
13/08/26;REPSOL;PUT;Jun-28;23,00;26.49;28,27;-0,31;;107
13/08/26;REPSOL;PUT;Sep-28;18,00;26.49;31,03;-0,16;;300
13/08/26;REPSOL;PUT;Dic-28;9,00;26.49;35,03;-0,01;;40.500
13/08/26;REPSOL;PUT;Dic-28;10,00;26.49;34,54;-0,02;;10.000
13/08/26;REPSOL;PUT;Dic-28;11,50;26.49;33,81;-0,03;;1.000
13/08/26;REPSOL;PUT;Dic-28;15,00;26.49;32,09;-0,09;;30.250
13/08/26;REPSOL;PUT;Dic-28;18,00;26.49;30,62;-0,16;;1.000
13/08/26;REPSOL;PUT;Dic-28;19,50;26.49;29,88;-0,21;;1
13/08/26;REPSOL;PUT;Dic-28;23,00;26.49;28,16;-0,32;;1
13/08/26;REPSOL;PUT;Dic-28;24,00;26.49;27,67;-0,36;;1.500
13/08/26;REPSOL;PUT;Dic-28;26,00;26.49;26,69;-0,44;;9
13/08/26;REPSOL;PUT;Jun-29;11,00;26.49;32,83;-0,04;;140
13/08/26;REPSOL;PUT;Dic-29;7,75;26.49;32,94;-0,01;;30.000
13/08/26;REPSOL;PUT;Dic-29;8,00;26.49;32,85;-0,01;;17.000
13/08/26;REPSOL;PUT;Dic-29;11,00;26.49;31,80;-0,04;;20.000
13/08/26;REPSOL;PUT;Dic-29;11,50;26.49;31,62;-0,05;;17.000
13/08/26;REPSOL;PUT;Dic-29;12,50;26.49;31,27;-0,07;;800
13/08/26;REPSOL;PUT;Dic-29;28,00;26.49;26,21;-0,50;;25
13/08/26;REPSOL;PUT;Dic-30;14,00;26.49;29,71;-0,11;;3.000
13/08/26;REPSOL;PUT;Dic-30;18,50;26.49;28,46;-0,22;;3.000
13/08/26;REPSOL;CALL;Ago-26;18,00;26.49;42,11;1,00;;5
13/08/26;REPSOL;CALL;Ago-26;20,00;26.49;39,46;1,00;;5
13/08/26;REPSOL;CALL;Ago-26;21,00;26.49;38,14;1,00;;30
13/08/26;REPSOL;CALL;Ago-26;22,00;26.49;36,82;1,00;;15
13/08/26;REPSOL;CALL;Ago-26;23,00;26.49;35,50;1,00;;10
13/08/26;REPSOL;CALL;Ago-26;23,00;26.49;35,50;1,00;;20
13/08/26;REPSOL;CALL;Ago-26;24,00;26.49;34,18;0,98;;15
13/08/26;REPSOL;CALL;Ago-26;25,00;26.49;32,86;0,89;5;10
13/08/26;REPSOL;CALL;Ago-26;25,00;26.49;32,86;0,89;;20
13/08/26;REPSOL;CALL;Ago-26;26,00;26.49;31,54;0,67;;30
13/08/26;REPSOL;CALL;Ago-26;27,00;26.49;30,59;0,35;;9
13/08/26;REPSOL;CALL;Ago-26;27,00;26.49;30,59;0,35;;40
13/08/26;REPSOL;CALL;Sep-26;14,00;26.49;42,90;1,00;;1
13/08/26;REPSOL;CALL;Sep-26;14,50;26.49;42,40;1,00;;1
13/08/26;REPSOL;CALL;Sep-26;22,00;26.49;34,85;0,96;;58
13/08/26;REPSOL;CALL;Sep-26;22,00;26.49;34,85;0,96;;10
13/08/26;REPSOL;CALL;Sep-26;23,00;26.49;33,84;0,92;;14
13/08/26;REPSOL;CALL;Sep-26;24,00;26.49;32,84;0,85;;1
13/08/26;REPSOL;CALL;Sep-26;24,00;26.49;32,84;0,85;;10
13/08/26;REPSOL;CALL;Sep-26;26,00;26.49;30,82;0,60;;10
13/08/26;REPSOL;CALL;Sep-26;26,00;26.49;30,82;0,60;5;9
13/08/26;REPSOL;CALL;Sep-26;27,00;26.49;30,08;0,45;20;20
13/08/26;REPSOL;CALL;Sep-26;28,00;26.49;29,59;0,30;;10
13/08/26;REPSOL;CALL;Sep-26;28,00;26.49;29,59;0,30;;20
13/08/26;REPSOL;CALL;Sep-26;29,00;26.49;29,10;0,18;;3
13/08/26;REPSOL;CALL;Dic-26;14,50;26.49;37,16;0,99;;1
13/08/26;REPSOL;CALL;Dic-26;15,00;26.49;36,89;0,99;;33
13/08/26;REPSOL;CALL;Dic-26;17,00;26.49;35,80;0,98;;7
13/08/26;REPSOL;CALL;Dic-26;18,00;26.49;35,26;0,97;;26
13/08/26;REPSOL;CALL;Dic-26;21,00;26.49;33,64;0,90;;10
13/08/26;REPSOL;CALL;Dic-26;23,00;26.49;32,56;0,80;;6
13/08/26;REPSOL;CALL;Dic-26;24,00;26.49;32,02;0,74;;127
13/08/26;REPSOL;CALL;Dic-26;24,00;26.49;32,02;0,74;;10
13/08/26;REPSOL;CALL;Dic-26;25,00;26.49;31,48;0,67;;17
13/08/26;REPSOL;CALL;Dic-26;26,00;26.49;30,94;0,59;;80
13/08/26;REPSOL;CALL;Dic-26;26,00;26.49;30,94;0,59;;20
13/08/26;REPSOL;CALL;Dic-26;27,00;26.49;30,58;0,51;;16
13/08/26;REPSOL;CALL;Dic-26;28,00;26.49;30,40;0,43;;20
13/08/26;REPSOL;CALL;Mar-27;22,00;26.49;33,65;0,78;;1
13/08/26;REPSOL;CALL;Mar-27;23,00;26.49;32,99;0,73;;1
13/08/26;REPSOL;CALL;Mar-27;24,00;26.49;32,32;0,68;;6
13/08/26;REPSOL;CALL;Mar-27;27,00;26.49;30,56;0,50;;10
13/08/26;REPSOL;CALL;Jun-27;28,00;26.49;29,85;0,47;15;15
13/08/26;REPSOL;CALL;Dic-27;12,00;26.49;40,53;0,94;;15.000
13/08/26;REPSOL;CALL;Dic-27;16,00;26.49;37,81;0,88;;7
13/08/26;REPSOL;CALL;Jun-28;26,00;26.49;31,27;0,56;;1
13/08/26;REPSOL;CALL;Dic-28;15,25;26.49;37,05;0,83;;750
13/08/26;REPSOL;PUT;Ago-26;19,00;26.49;40,27;;;5
13/08/26;REPSOL;PUT;Ago-26;20,00;26.49;38,94;;;10
13/08/26;REPSOL;PUT;Ago-26;22,00;26.49;36,30;;;10
13/08/26;REPSOL;PUT;Ago-26;22,00;26.49;36,30;;;10
13/08/26;REPSOL;PUT;Ago-26;24,00;26.49;33,66;-0,02;;40
13/08/26;REPSOL;PUT;Ago-26;25,00;26.49;32,34;-0,11;;10
13/08/26;REPSOL;PUT;Ago-26;25,00;26.49;32,34;-0,11;;22
13/08/26;REPSOL;PUT;Ago-26;26,00;26.49;31,02;-0,33;;20
13/08/26;REPSOL;PUT;Sep-26;11,00;26.49;44,73;;;1.200
13/08/26;REPSOL;PUT;Sep-26;16,00;26.49;39,70;;;10
13/08/26;REPSOL;PUT;Sep-26;18,00;26.49;37,69;;;5
13/08/26;REPSOL;PUT;Sep-26;19,00;26.49;36,68;;;15
13/08/26;REPSOL;PUT;Sep-26;19,50;26.49;36,18;;;10
13/08/26;REPSOL;PUT;Sep-26;23,00;26.49;32,65;-0,07;;5
13/08/26;REPSOL;PUT;Sep-26;24,00;26.49;31,65;-0,14;;2
13/08/26;REPSOL;PUT;Sep-26;24,00;26.49;31,65;-0,14;;20
13/08/26;REPSOL;PUT;Sep-26;25,00;26.49;30,64;-0,25;;2
13/08/26;REPSOL;PUT;Sep-26;26,00;26.49;29,63;-0,39;20;30
13/08/26;REPSOL;PUT;Dic-26;11,00;26.49;38,83;;;1
13/08/26;REPSOL;PUT;Dic-26;13,50;26.49;37,48;;;150
13/08/26;REPSOL;PUT;Dic-26;14,50;26.49;36,94;;;150
13/08/26;REPSOL;PUT;Dic-26;15,00;26.49;36,67;;;1
13/08/26;REPSOL;PUT;Dic-26;15,50;26.49;36,40;;;450
13/08/26;REPSOL;PUT;Dic-26;17,00;26.49;35,58;-0,01;;154
13/08/26;REPSOL;PUT;Dic-26;18,00;26.49;35,04;-0,02;;7
13/08/26;REPSOL;PUT;Dic-26;19,50;26.49;34,23;-0,05;;20
13/08/26;REPSOL;PUT;Dic-26;20,00;26.49;33,96;-0,06;;15
13/08/26;REPSOL;PUT;Dic-26;20,00;26.49;33,96;-0,06;;20
13/08/26;REPSOL;PUT;Dic-26;21,00;26.49;33,42;-0,09;;10
13/08/26;REPSOL;PUT;Dic-26;22,00;26.49;32,88;-0,14;;15
13/08/26;REPSOL;PUT;Dic-26;22,00;26.49;32,88;-0,14;;10
13/08/26;REPSOL;PUT;Dic-26;24,00;26.49;31,80;-0,25;;33
13/08/26;REPSOL;PUT;Mar-27;11,50;26.49;38,79;;;1
13/08/26;REPSOL;PUT;Sep-27;17,00;26.49;34,69;-0,08;;5
13/08/26;REPSOL;PUT;Dic-28;15,25;26.49;31,97;-0,09;;750
13/08/26;SACYR;CALL;Dic-26;3,70;4.54;27,58;0,92;;10
13/08/26;SACYR;CALL;Dic-26;3,90;4.54;27,44;0,86;;25
13/08/26;SACYR;CALL;Dic-26;4,00;4.54;27,36;0,82;;5
13/08/26;SACYR;CALL;Dic-26;4,20;4.54;27,22;0,73;;20
13/08/26;SACYR;CALL;Dic-26;4,30;4.54;27,14;0,68;;43
13/08/26;SACYR;CALL;Dic-26;4,50;4.54;27,00;0,57;;10
13/08/26;SACYR;CALL;Dic-26;4,70;4.54;26,80;0,46;;10
13/08/26;SACYR;CALL;Dic-26;4,80;4.54;26,70;0,41;;10
13/08/26;SACYR;CALL;Dic-26;5,00;4.54;26,49;0,31;;30
13/08/26;SACYR;CALL;Mar-27;3,70;4.54;25,77;0,89;;10
13/08/26;SACYR;CALL;Mar-27;3,80;4.54;25,71;0,86;;10
13/08/26;SACYR;CALL;Mar-27;4,80;4.54;25,12;0,44;;20.000
13/08/26;SACYR;CALL;Jun-27;3,90;4.54;24,60;0,80;;25
13/08/26;SACYR;CALL;Jun-27;4,80;4.54;24,20;0,46;;10
13/08/26;SACYR;CALL;Jun-27;4,90;4.54;24,16;0,43;;20
13/08/26;SACYR;CALL;Jun-27;5,00;4.54;24,12;0,39;;10
13/08/26;SACYR;CALL;Dic-27;4,00;4.54;23,67;0,74;;25
13/08/26;SACYR;PUT;Sep-26;3,60;4.54;26,76;;;20
13/08/26;SACYR;PUT;Sep-26;4,50;4.54;26,43;-0,44;;100
13/08/26;SACYR;PUT;Dic-26;3,50;4.54;27,64;-0,04;;10
13/08/26;SACYR;PUT;Dic-26;4,50;4.54;26,91;-0,43;;1.000
13/08/26;SACYR;PUT;Dic-26;4,70;4.54;26,71;-0,55;;50
13/08/26;SACYR;PUT;Dic-26;5,00;4.54;26,40;-0,70;;100
13/08/26;SACYR;PUT;Mar-27;4,20;4.54;25,39;-0,31;;3
13/08/26;SACYR;PUT;Jun-27;3,40;4.54;24,75;-0,08;;20
13/08/26;SACYR;PUT;Jun-27;4,50;4.54;24,27;-0,44;;1.000
13/08/26;SANTANDER;CALL;Ago-26;9,00;12.89;38,82;1,00;;155
13/08/26;SANTANDER;CALL;Ago-26;10,00;12.89;35,05;1,00;;9
13/08/26;SANTANDER;CALL;Ago-26;10,50;12.89;33,16;1,00;;1.801
13/08/26;SANTANDER;CALL;Ago-26;11,00;12.89;31,27;1,00;1;361
13/08/26;SANTANDER;CALL;Ago-26;11,50;12.89;29,38;1,00;;9
13/08/26;SANTANDER;CALL;Ago-26;12,00;12.89;27,49;0,96;6;260
13/08/26;SANTANDER;CALL;Ago-26;12,50;12.89;25,61;0,80;5;347
13/08/26;SANTANDER;CALL;Ago-26;13,00;12.89;24,08;0,42;;280
13/08/26;SANTANDER;CALL;Ago-26;13,50;12.89;23,84;0,10;;100
13/08/26;SANTANDER;CALL;Sep-26;5,50;12.89;50,87;1,00;;16
13/08/26;SANTANDER;CALL;Sep-26;5,75;12.89;49,99;1,00;;1
13/08/26;SANTANDER;CALL;Sep-26;6,00;12.89;49,12;1,00;;2
13/08/26;SANTANDER;CALL;Sep-26;6,50;12.89;47,37;1,00;;11
13/08/26;SANTANDER;CALL;Sep-26;7,00;12.89;45,63;1,00;;4
13/08/26;SANTANDER;CALL;Sep-26;7,75;12.89;43,01;1,00;;30
13/08/26;SANTANDER;CALL;Sep-26;8,00;12.89;42,14;1,00;;100
13/08/26;SANTANDER;CALL;Sep-26;8,50;12.89;40,39;1,00;;458
13/08/26;SANTANDER;CALL;Sep-26;8,75;12.89;39,52;1,00;;3.200
13/08/26;SANTANDER;CALL;Sep-26;9,00;12.89;38,65;1,00;;1
13/08/26;SANTANDER;CALL;Sep-26;9,25;12.89;37,77;1,00;;9
13/08/26;SANTANDER;CALL;Sep-26;9,50;12.89;36,90;1,00;;4
13/08/26;SANTANDER;CALL;Sep-26;9,75;12.89;36,03;0,99;;5.031
13/08/26;SANTANDER;CALL;Sep-26;10,00;12.89;35,15;0,99;;52
13/08/26;SANTANDER;CALL;Sep-26;10,50;12.89;33,41;0,98;;155
13/08/26;SANTANDER;CALL;Sep-26;11,00;12.89;31,66;0,95;;23
13/08/26;SANTANDER;CALL;Sep-26;11,50;12.89;29,92;0,90;;7
13/08/26;SANTANDER;CALL;Sep-26;12,00;12.89;28,17;0,81;;11.069
13/08/26;SANTANDER;CALL;Sep-26;12,50;12.89;26,42;0,67;7;7
13/08/26;SANTANDER;CALL;Sep-26;13,00;12.89;25,00;0,48;5;56
13/08/26;SANTANDER;CALL;Sep-26;13,50;12.89;24,67;0,30;5;721
13/08/26;SANTANDER;CALL;Sep-26;14,50;12.89;24,03;0,07;;3
13/08/26;SANTANDER;CALL;Oct-26;11,50;12.89;31,12;0,83;;10
13/08/26;SANTANDER;CALL;Oct-26;13,00;12.89;26,47;0,51;;7
13/08/26;SANTANDER;CALL;Oct-26;13,50;12.89;26,09;0,37;10;32
13/08/26;SANTANDER;CALL;Oct-26;14,00;12.89;25,70;0,25;3;3
13/08/26;SANTANDER;CALL;Oct-26;14,50;12.89;25,31;0,15;;1
13/08/26;SANTANDER;CALL;Dic-26;3,00;12.89;59,69;1,00;;1
13/08/26;SANTANDER;CALL;Dic-26;4,00;12.89;56,59;1,00;;100
13/08/26;SANTANDER;CALL;Dic-26;4,50;12.89;55,03;1,00;;1
13/08/26;SANTANDER;CALL;Dic-26;4,80;12.89;54,10;1,00;;5.050
13/08/26;SANTANDER;CALL;Dic-26;4,90;12.89;53,79;1,00;;50
13/08/26;SANTANDER;CALL;Dic-26;5,00;12.89;53,48;1,00;;25
13/08/26;SANTANDER;CALL;Dic-26;5,25;12.89;52,71;1,00;;25
13/08/26;SANTANDER;CALL;Dic-26;5,75;12.89;51,15;1,00;;6
13/08/26;SANTANDER;CALL;Dic-26;6,00;12.89;50,38;1,00;;7
13/08/26;SANTANDER;CALL;Dic-26;6,50;12.89;48,83;1,00;;5
13/08/26;SANTANDER;CALL;Dic-26;7,00;12.89;47,27;1,00;;86
13/08/26;SANTANDER;CALL;Dic-26;7,50;12.89;45,72;0,99;;28
13/08/26;SANTANDER;CALL;Dic-26;7,75;12.89;44,95;0,99;;2
13/08/26;SANTANDER;CALL;Dic-26;8,00;12.89;44,17;0,98;;10.163
13/08/26;SANTANDER;CALL;Dic-26;8,25;12.89;43,39;0,98;;110
13/08/26;SANTANDER;CALL;Dic-26;8,50;12.89;42,62;0,97;;100
13/08/26;SANTANDER;CALL;Dic-26;8,75;12.89;41,84;0,97;;22
13/08/26;SANTANDER;CALL;Dic-26;9,00;12.89;41,07;0,96;;284
13/08/26;SANTANDER;CALL;Dic-26;9,25;12.89;40,29;0,95;;2
13/08/26;SANTANDER;CALL;Dic-26;9,50;12.89;39,52;0,94;;75
13/08/26;SANTANDER;CALL;Dic-26;9,75;12.89;38,74;0,92;;5
13/08/26;SANTANDER;CALL;Dic-26;10,00;12.89;37,96;0,91;;67
13/08/26;SANTANDER;CALL;Dic-26;10,50;12.89;36,41;0,87;;77
13/08/26;SANTANDER;CALL;Dic-26;11,00;12.89;34,86;0,82;;68
13/08/26;SANTANDER;CALL;Dic-26;11,50;12.89;33,31;0,76;;17
13/08/26;SANTANDER;CALL;Dic-26;12,00;12.89;31,76;0,69;;61
13/08/26;SANTANDER;CALL;Dic-26;12,50;12.89;30,20;0,61;;85.903
13/08/26;SANTANDER;CALL;Dic-26;13,00;12.89;28,90;0,52;;15.015
13/08/26;SANTANDER;CALL;Dic-26;13,50;12.89;28,48;0,42;;42
13/08/26;SANTANDER;CALL;Dic-26;14,00;12.89;28,05;0,34;;111
13/08/26;SANTANDER;CALL;Dic-26;14,50;12.89;27,62;0,26;;105
13/08/26;SANTANDER;CALL;Mar-27;4,60;12.89;52,68;1,00;;25
13/08/26;SANTANDER;CALL;Mar-27;4,70;12.89;52,40;1,00;;25
13/08/26;SANTANDER;CALL;Mar-27;4,80;12.89;52,12;1,00;;50
13/08/26;SANTANDER;CALL;Mar-27;4,90;12.89;51,84;1,00;;50
13/08/26;SANTANDER;CALL;Mar-27;5,00;12.89;51,56;1,00;;50
13/08/26;SANTANDER;CALL;Mar-27;5,25;12.89;50,87;1,00;;25
13/08/26;SANTANDER;CALL;Mar-27;6,00;12.89;48,77;0,99;;25
13/08/26;SANTANDER;CALL;Mar-27;6,25;12.89;48,07;0,99;;25
13/08/26;SANTANDER;CALL;Mar-27;7,50;12.89;44,58;0,97;;1
13/08/26;SANTANDER;CALL;Mar-27;8,00;12.89;43,18;0,95;;3
13/08/26;SANTANDER;CALL;Mar-27;9,25;12.89;39,69;0,90;;140
13/08/26;SANTANDER;CALL;Mar-27;9,50;12.89;38,99;0,88;;36
13/08/26;SANTANDER;CALL;Mar-27;10,00;12.89;37,60;0,85;;20
13/08/26;SANTANDER;CALL;Mar-27;11,00;12.89;34,80;0,77;;20
13/08/26;SANTANDER;CALL;Mar-27;11,50;12.89;33,41;0,72;;52
13/08/26;SANTANDER;CALL;Mar-27;12,00;12.89;32,01;0,67;;6.615
13/08/26;SANTANDER;CALL;Mar-27;12,50;12.89;30,61;0,60;;52.506
13/08/26;SANTANDER;CALL;Mar-27;13,00;12.89;29,45;0,54;;105
13/08/26;SANTANDER;CALL;Mar-27;13,50;12.89;29,07;0,47;;6.100
13/08/26;SANTANDER;CALL;Mar-27;14,00;12.89;28,70;0,41;;33
13/08/26;SANTANDER;CALL;Mar-27;15,00;12.89;27,95;0,28;;90
13/08/26;SANTANDER;CALL;Mar-27;15,50;12.89;27,57;0,23;;26
13/08/26;SANTANDER;CALL;Mar-27;16,00;12.89;27,20;0,18;;13
13/08/26;SANTANDER;CALL;Jun-27;6,00;12.89;46,00;0,99;;25
13/08/26;SANTANDER;CALL;Jun-27;6,25;12.89;45,42;0,99;;25
13/08/26;SANTANDER;CALL;Jun-27;6,50;12.89;44,84;0,98;;25
13/08/26;SANTANDER;CALL;Jun-27;6,75;12.89;44,27;0,98;;25
13/08/26;SANTANDER;CALL;Jun-27;7,00;12.89;43,69;0,97;;25
13/08/26;SANTANDER;CALL;Jun-27;7,25;12.89;43,12;0,96;;25
13/08/26;SANTANDER;CALL;Jun-27;8,25;12.89;40,82;0,93;;5
13/08/26;SANTANDER;CALL;Jun-27;9,00;12.89;39,09;0,89;;6.000
13/08/26;SANTANDER;CALL;Jun-27;9,75;12.89;37,36;0,85;;1
13/08/26;SANTANDER;CALL;Jun-27;10,00;12.89;36,79;0,83;;5.030
13/08/26;SANTANDER;CALL;Jun-27;10,50;12.89;35,64;0,80;;63
13/08/26;SANTANDER;CALL;Jun-27;11,00;12.89;34,49;0,75;;15
13/08/26;SANTANDER;CALL;Jun-27;12,00;12.89;32,18;0,66;;5.000
13/08/26;SANTANDER;CALL;Jun-27;12,50;12.89;31,03;0,61;;10
13/08/26;SANTANDER;CALL;Jun-27;13,00;12.89;30,06;0,55;;31
13/08/26;SANTANDER;CALL;Jun-27;13,50;12.89;29,71;0,49;153;157
13/08/26;SANTANDER;CALL;Jun-27;15,00;12.89;28,67;0,33;;2.020
13/08/26;SANTANDER;CALL;Jun-27;16,00;12.89;27,97;0,24;;10
13/08/26;SANTANDER;CALL;Sep-27;9,00;12.89;38,32;0,87;;153
13/08/26;SANTANDER;CALL;Sep-27;12,00;12.89;32,43;0,66;;2
13/08/26;SANTANDER;CALL;Dic-27;2,30;12.89;50,33;1,00;;22
13/08/26;SANTANDER;CALL;Dic-27;4,20;12.89;46,89;1,00;;7.000
13/08/26;SANTANDER;CALL;Dic-27;4,90;12.89;45,62;1,00;;4
13/08/26;SANTANDER;CALL;Dic-27;5,00;12.89;45,44;1,00;;2
13/08/26;SANTANDER;CALL;Dic-27;5,25;12.89;44,99;1,00;;3
13/08/26;SANTANDER;CALL;Dic-27;5,50;12.89;44,54;0,99;;5
13/08/26;SANTANDER;CALL;Dic-27;7,00;12.89;41,82;0,95;;2.545
13/08/26;SANTANDER;CALL;Dic-27;7,50;12.89;40,91;0,93;;4
13/08/26;SANTANDER;CALL;Dic-27;8,00;12.89;40,01;0,91;;10
13/08/26;SANTANDER;CALL;Dic-27;8,50;12.89;39,10;0,89;;2
13/08/26;SANTANDER;CALL;Dic-27;9,00;12.89;38,20;0,86;1;152
13/08/26;SANTANDER;CALL;Dic-27;9,25;12.89;37,75;0,85;;25
13/08/26;SANTANDER;CALL;Dic-27;10,00;12.89;36,39;0,80;;20
13/08/26;SANTANDER;CALL;Dic-27;10,50;12.89;35,48;0,77;;1
13/08/26;SANTANDER;CALL;Dic-27;11,00;12.89;34,58;0,74;;5.000
13/08/26;SANTANDER;CALL;Dic-27;11,50;12.89;33,67;0,70;;150
13/08/26;SANTANDER;CALL;Dic-27;12,00;12.89;32,77;0,66;25;6
13/08/26;SANTANDER;CALL;Dic-27;14,00;12.89;30,44;0,48;;52.500
13/08/26;SANTANDER;CALL;Dic-27;15,00;12.89;29,79;0,40;;25.000
13/08/26;SANTANDER;CALL;Dic-27;15,50;12.89;29,47;0,36;;2
13/08/26;SANTANDER;CALL;Mar-28;8,75;12.89;38,22;0,86;;1
13/08/26;SANTANDER;CALL;Mar-28;9,00;12.89;37,81;0,85;;450
13/08/26;SANTANDER;CALL;Mar-28;9,25;12.89;37,39;0,84;;300
13/08/26;SANTANDER;CALL;Mar-28;9,50;12.89;36,98;0,82;;50
13/08/26;SANTANDER;CALL;Mar-28;9,75;12.89;36,56;0,81;;250
13/08/26;SANTANDER;CALL;Mar-28;10,00;12.89;36,15;0,79;;126
13/08/26;SANTANDER;CALL;Mar-28;12,00;12.89;32,84;0,66;;150
13/08/26;SANTANDER;CALL;Mar-28;13,50;12.89;30,99;0,54;;150
13/08/26;SANTANDER;CALL;Mar-28;14,00;12.89;30,68;0,50;;10.000
13/08/26;SANTANDER;CALL;Jun-28;6,00;12.89;42,38;0,97;;3
13/08/26;SANTANDER;CALL;Jun-28;7,75;12.89;39,71;0,91;;4
13/08/26;SANTANDER;CALL;Jun-28;9,50;12.89;37,04;0,82;;5
13/08/26;SANTANDER;CALL;Jun-28;10,00;12.89;36,28;0,79;;150
13/08/26;SANTANDER;CALL;Jun-28;12,50;12.89;32,46;0,62;;3
13/08/26;SANTANDER;CALL;Sep-28;15,50;12.89;30,77;0,43;;15
13/08/26;SANTANDER;CALL;Dic-28;8,50;12.89;38,49;0,86;;3.003
13/08/26;SANTANDER;CALL;Dic-28;9,00;12.89;37,82;0,83;;4
13/08/26;SANTANDER;CALL;Dic-28;12,00;12.89;33,78;0,66;;5.000
13/08/26;SANTANDER;CALL;Dic-28;12,50;12.89;33,11;0,63;;1
13/08/26;SANTANDER;PUT;Ago-26;9,75;12.89;36,79;;;423
13/08/26;SANTANDER;PUT;Ago-26;10,00;12.89;35,85;;;220
13/08/26;SANTANDER;PUT;Ago-26;10,50;12.89;33,96;;;125
13/08/26;SANTANDER;PUT;Ago-26;11,00;12.89;32,07;;;435
13/08/26;SANTANDER;PUT;Ago-26;11,50;12.89;30,18;;;779
13/08/26;SANTANDER;PUT;Ago-26;12,00;12.89;28,29;-0,04;225;8
13/08/26;SANTANDER;PUT;Ago-26;12,50;12.89;26,41;-0,21;;8
13/08/26;SANTANDER;PUT;Ago-26;13,00;12.89;24,88;-0,58;;12
13/08/26;SANTANDER;PUT;Ago-26;13,50;12.89;24,64;-0,90;5;5
13/08/26;SANTANDER;PUT;Ago-26;16,00;12.89;23,41;-1,00;;4
13/08/26;SANTANDER;PUT;Sep-26;4,00;12.89;56,87;;;2
13/08/26;SANTANDER;PUT;Sep-26;6,00;12.89;49,89;;;32.505
13/08/26;SANTANDER;PUT;Sep-26;6,75;12.89;47,27;;;103
13/08/26;SANTANDER;PUT;Sep-26;7,00;12.89;46,40;;;14.621
13/08/26;SANTANDER;PUT;Sep-26;7,25;12.89;45,53;;;30
13/08/26;SANTANDER;PUT;Sep-26;7,50;12.89;44,65;;;210
13/08/26;SANTANDER;PUT;Sep-26;7,75;12.89;43,78;;;10.010
13/08/26;SANTANDER;PUT;Sep-26;8,00;12.89;42,91;;;10.209
13/08/26;SANTANDER;PUT;Sep-26;8,25;12.89;42,03;;;91
13/08/26;SANTANDER;PUT;Sep-26;8,50;12.89;41,16;;;5.001
13/08/26;SANTANDER;PUT;Sep-26;8,75;12.89;40,29;;;55
13/08/26;SANTANDER;PUT;Sep-26;9,00;12.89;39,42;;;133
13/08/26;SANTANDER;PUT;Sep-26;9,25;12.89;38,54;;;4.041
13/08/26;SANTANDER;PUT;Sep-26;9,50;12.89;37,67;;;690
13/08/26;SANTANDER;PUT;Sep-26;9,75;12.89;36,80;-0,01;;140
13/08/26;SANTANDER;PUT;Sep-26;10,00;12.89;35,92;-0,01;;13
13/08/26;SANTANDER;PUT;Sep-26;10,50;12.89;34,18;-0,02;;2.225
13/08/26;SANTANDER;PUT;Sep-26;11,00;12.89;32,43;-0,05;;132
13/08/26;SANTANDER;PUT;Sep-26;11,50;12.89;30,69;-0,11;;25.404
13/08/26;SANTANDER;PUT;Sep-26;12,00;12.89;28,94;-0,20;;221
13/08/26;SANTANDER;PUT;Sep-26;12,50;12.89;27,19;-0,34;10;212
13/08/26;SANTANDER;PUT;Sep-26;13,00;12.89;25,77;-0,52;;12
13/08/26;SANTANDER;PUT;Oct-26;10,00;12.89;36,30;-0,04;;4
13/08/26;SANTANDER;PUT;Oct-26;11,00;12.89;33,01;-0,11;;140
13/08/26;SANTANDER;PUT;Oct-26;11,50;12.89;31,37;-0,17;;659
13/08/26;SANTANDER;PUT;Oct-26;12,00;12.89;29,73;-0,25;;5
13/08/26;SANTANDER;PUT;Oct-26;12,50;12.89;28,08;-0,36;;18
13/08/26;SANTANDER;PUT;Oct-26;13,00;12.89;26,72;-0,50;;7
13/08/26;SANTANDER;PUT;Dic-26;2,50;12.89;60,06;;;40
13/08/26;SANTANDER;PUT;Dic-26;2,80;12.89;59,13;;;60.000
13/08/26;SANTANDER;PUT;Dic-26;3,20;12.89;57,89;;;10
13/08/26;SANTANDER;PUT;Dic-26;3,40;12.89;57,27;;;2
13/08/26;SANTANDER;PUT;Dic-26;3,50;12.89;56,96;;;5
13/08/26;SANTANDER;PUT;Dic-26;3,60;12.89;56,65;;;50.002
13/08/26;SANTANDER;PUT;Dic-26;4,00;12.89;55,41;;;25.007
13/08/26;SANTANDER;PUT;Dic-26;4,20;12.89;54,78;;;25
13/08/26;SANTANDER;PUT;Dic-26;4,30;12.89;54,47;;;15.000
13/08/26;SANTANDER;PUT;Dic-26;4,40;12.89;54,16;;;10.000
13/08/26;SANTANDER;PUT;Dic-26;4,60;12.89;53,54;;;80
13/08/26;SANTANDER;PUT;Dic-26;4,70;12.89;53,23;;;5
13/08/26;SANTANDER;PUT;Dic-26;4,80;12.89;52,92;;;15.000
13/08/26;SANTANDER;PUT;Dic-26;4,90;12.89;52,61;;;150
13/08/26;SANTANDER;PUT;Dic-26;5,00;12.89;52,30;;;20.400
13/08/26;SANTANDER;PUT;Dic-26;5,25;12.89;51,53;;;600
13/08/26;SANTANDER;PUT;Dic-26;6,00;12.89;49,20;;;5.019
13/08/26;SANTANDER;PUT;Dic-26;6,25;12.89;48,42;;;5
13/08/26;SANTANDER;PUT;Dic-26;6,50;12.89;47,65;-0,01;;155
13/08/26;SANTANDER;PUT;Dic-26;6,75;12.89;46,87;-0,01;;156
13/08/26;SANTANDER;PUT;Dic-26;7,00;12.89;46,09;-0,01;;10.171
13/08/26;SANTANDER;PUT;Dic-26;7,25;12.89;45,32;-0,01;;50
13/08/26;SANTANDER;PUT;Dic-26;7,50;12.89;44,54;-0,01;;18
13/08/26;SANTANDER;PUT;Dic-26;7,75;12.89;43,77;-0,02;;51
13/08/26;SANTANDER;PUT;Dic-26;8,00;12.89;42,99;-0,02;;34.888
13/08/26;SANTANDER;PUT;Dic-26;8,25;12.89;42,21;-0,03;;611
13/08/26;SANTANDER;PUT;Dic-26;8,50;12.89;41,44;-0,03;;15.882
13/08/26;SANTANDER;PUT;Dic-26;8,75;12.89;40,66;-0,04;;856
13/08/26;SANTANDER;PUT;Dic-26;9,00;12.89;39,89;-0,05;;5.090
13/08/26;SANTANDER;PUT;Dic-26;9,25;12.89;39,11;-0,06;;999
13/08/26;SANTANDER;PUT;Dic-26;9,50;12.89;38,34;-0,07;;34
13/08/26;SANTANDER;PUT;Dic-26;9,75;12.89;37,56;-0,09;;20
13/08/26;SANTANDER;PUT;Dic-26;10,00;12.89;36,78;-0,10;;90.011
13/08/26;SANTANDER;PUT;Dic-26;10,50;12.89;35,23;-0,14;;15.232
13/08/26;SANTANDER;PUT;Dic-26;11,00;12.89;33,68;-0,19;;1.176
13/08/26;SANTANDER;PUT;Dic-26;11,50;12.89;32,13;-0,25;7;35
13/08/26;SANTANDER;PUT;Dic-26;12,00;12.89;30,58;-0,32;;186
13/08/26;SANTANDER;PUT;Dic-26;12,50;12.89;29,02;-0,41;;27
13/08/26;SANTANDER;PUT;Dic-26;13,00;12.89;27,72;-0,50;2;13
13/08/26;SANTANDER;PUT;Dic-26;13,50;12.89;27,30;-0,59;;100
13/08/26;SANTANDER;PUT;Dic-26;14,00;12.89;26,87;-0,69;;112
13/08/26;SANTANDER;PUT;Dic-26;16,00;12.89;25,16;-0,93;;1
13/08/26;SANTANDER;PUT;Mar-27;5,25;12.89;49,62;-0,01;;470
13/08/26;SANTANDER;PUT;Mar-27;5,50;12.89;48,92;-0,01;;150
13/08/26;SANTANDER;PUT;Mar-27;6,00;12.89;47,52;-0,01;;150
13/08/26;SANTANDER;PUT;Mar-27;6,75;12.89;45,43;-0,02;;371
13/08/26;SANTANDER;PUT;Mar-27;7,00;12.89;44,73;-0,03;;1
13/08/26;SANTANDER;PUT;Mar-27;7,25;12.89;44,03;-0,03;;16.000
13/08/26;SANTANDER;PUT;Mar-27;8,00;12.89;41,93;-0,05;;100
13/08/26;SANTANDER;PUT;Mar-27;8,25;12.89;41,24;-0,06;;5.400
13/08/26;SANTANDER;PUT;Mar-27;8,50;12.89;40,54;-0,07;;100
13/08/26;SANTANDER;PUT;Mar-27;8,75;12.89;39,84;-0,08;;5
13/08/26;SANTANDER;PUT;Mar-27;9,00;12.89;39,14;-0,09;;40
13/08/26;SANTANDER;PUT;Mar-27;9,50;12.89;37,74;-0,12;;52.500
13/08/26;SANTANDER;PUT;Mar-27;9,75;12.89;37,05;-0,13;;6.700
13/08/26;SANTANDER;PUT;Mar-27;10,00;12.89;36,35;-0,15;;25
13/08/26;SANTANDER;PUT;Mar-27;10,50;12.89;34,95;-0,19;;25
13/08/26;SANTANDER;PUT;Mar-27;11,00;12.89;33,55;-0,23;;9.547
13/08/26;SANTANDER;PUT;Mar-27;11,50;12.89;32,16;-0,28;;100
13/08/26;SANTANDER;PUT;Mar-27;12,00;12.89;30,76;-0,34;;456
13/08/26;SANTANDER;PUT;Mar-27;12,50;12.89;29,36;-0,40;;15
13/08/26;SANTANDER;PUT;Jun-27;3,00;12.89;52,10;;;15.000
13/08/26;SANTANDER;PUT;Jun-27;4,00;12.89;49,80;;;1
13/08/26;SANTANDER;PUT;Jun-27;5,50;12.89;46,35;-0,01;;42
13/08/26;SANTANDER;PUT;Jun-27;6,00;12.89;45,20;-0,02;;20.100
13/08/26;SANTANDER;PUT;Jun-27;7,00;12.89;42,89;-0,04;;5.155
13/08/26;SANTANDER;PUT;Jun-27;7,25;12.89;42,32;-0,05;;150
13/08/26;SANTANDER;PUT;Jun-27;7,50;12.89;41,74;-0,06;;813
13/08/26;SANTANDER;PUT;Jun-27;7,75;12.89;41,17;-0,06;;150
13/08/26;SANTANDER;PUT;Jun-27;8,00;12.89;40,59;-0,07;;6.000
13/08/26;SANTANDER;PUT;Jun-27;8,75;12.89;38,87;-0,11;;10
13/08/26;SANTANDER;PUT;Jun-27;9,00;12.89;38,29;-0,12;;16.005
13/08/26;SANTANDER;PUT;Jun-27;9,50;12.89;37,14;-0,14;;5
13/08/26;SANTANDER;PUT;Jun-27;10,00;12.89;35,99;-0,18;2.000;10.005
13/08/26;SANTANDER;PUT;Jun-27;10,50;12.89;34,84;-0,21;;5.004
13/08/26;SANTANDER;PUT;Jun-27;11,50;12.89;32,54;-0,30;;5.260
13/08/26;SANTANDER;PUT;Jun-27;12,00;12.89;31,38;-0,35;;5.025
13/08/26;SANTANDER;PUT;Jun-27;12,50;12.89;30,23;-0,40;350;365
13/08/26;SANTANDER;PUT;Jun-27;13,00;12.89;29,26;-0,46;10;10
13/08/26;SANTANDER;PUT;Sep-27;8,00;12.89;39,38;-0,08;;315
13/08/26;SANTANDER;PUT;Sep-27;9,50;12.89;36,43;-0,16;;263
13/08/26;SANTANDER;PUT;Sep-27;9,75;12.89;35,94;-0,17;;25
13/08/26;SANTANDER;PUT;Sep-27;10,00;12.89;35,45;-0,19;;5
13/08/26;SANTANDER;PUT;Sep-27;12,00;12.89;31,52;-0,35;;1
13/08/26;SANTANDER;PUT;Sep-27;13,00;12.89;29,69;-0,45;;3
13/08/26;SANTANDER;PUT;Dic-27;3,30;12.89;47,10;;;10
13/08/26;SANTANDER;PUT;Dic-27;3,50;12.89;46,74;;;10.040
13/08/26;SANTANDER;PUT;Dic-27;3,90;12.89;46,01;-0,01;;10
13/08/26;SANTANDER;PUT;Dic-27;4,00;12.89;45,83;-0,01;;42
13/08/26;SANTANDER;PUT;Dic-27;4,20;12.89;45,47;-0,01;;7.000
13/08/26;SANTANDER;PUT;Dic-27;4,40;12.89;45,11;-0,01;;51.025
13/08/26;SANTANDER;PUT;Dic-27;4,70;12.89;44,56;-0,01;;10
13/08/26;SANTANDER;PUT;Dic-27;5,25;12.89;43,57;-0,02;;11.500
13/08/26;SANTANDER;PUT;Dic-27;5,50;12.89;43,12;-0,03;;1
13/08/26;SANTANDER;PUT;Dic-27;5,75;12.89;42,66;-0,03;;50.000
13/08/26;SANTANDER;PUT;Dic-27;6,00;12.89;42,21;-0,04;;5.150
13/08/26;SANTANDER;PUT;Dic-27;6,25;12.89;41,76;-0,04;;150
13/08/26;SANTANDER;PUT;Dic-27;6,50;12.89;41,31;-0,05;;151
13/08/26;SANTANDER;PUT;Dic-27;6,75;12.89;40,85;-0,06;;150
13/08/26;SANTANDER;PUT;Dic-27;7,00;12.89;40,40;-0,06;;10.500
13/08/26;SANTANDER;PUT;Dic-27;7,25;12.89;39,95;-0,07;;325
13/08/26;SANTANDER;PUT;Dic-27;7,50;12.89;39,49;-0,08;;300
13/08/26;SANTANDER;PUT;Dic-27;7,75;12.89;39,04;-0,09;;5.000
13/08/26;SANTANDER;PUT;Dic-27;8,00;12.89;38,59;-0,10;;75
13/08/26;SANTANDER;PUT;Dic-27;8,50;12.89;37,68;-0,12;;10.003
13/08/26;SANTANDER;PUT;Dic-27;8,75;12.89;37,23;-0,13;;23
13/08/26;SANTANDER;PUT;Dic-27;9,00;12.89;36,78;-0,15;;4.000
13/08/26;SANTANDER;PUT;Dic-27;9,75;12.89;35,42;-0,19;;25.000
13/08/26;SANTANDER;PUT;Dic-27;10,00;12.89;34,97;-0,21;;40.176
13/08/26;SANTANDER;PUT;Dic-27;10,50;12.89;34,06;-0,24;;4.745
13/08/26;SANTANDER;PUT;Dic-27;11,00;12.89;33,16;-0,28;;30.002
13/08/26;SANTANDER;PUT;Dic-27;11,50;12.89;32,25;-0,32;;25
13/08/26;SANTANDER;PUT;Dic-27;12,00;12.89;31,35;-0,36;;302
13/08/26;SANTANDER;PUT;Dic-27;12,50;12.89;30,44;-0,40;;25
13/08/26;SANTANDER;PUT;Mar-28;9,00;12.89;35,75;-0,15;;150
13/08/26;SANTANDER;PUT;Mar-28;9,25;12.89;35,33;-0,17;;150
13/08/26;SANTANDER;PUT;Mar-28;9,75;12.89;34,50;-0,19;;5
13/08/26;SANTANDER;PUT;Mar-28;10,00;12.89;34,09;-0,21;;150
13/08/26;SANTANDER;PUT;Mar-28;10,50;12.89;33,26;-0,24;;387
13/08/26;SANTANDER;PUT;Mar-28;11,00;12.89;32,44;-0,28;;20.175
13/08/26;SANTANDER;PUT;Mar-28;12,00;12.89;30,78;-0,36;;150
13/08/26;SANTANDER;PUT;Jun-28;5,00;12.89;41,32;-0,02;;10.000
13/08/26;SANTANDER;PUT;Jun-28;10,50;12.89;32,92;-0,25;;10.000
13/08/26;SANTANDER;PUT;Jun-28;11,00;12.89;32,16;-0,29;;381
13/08/26;SANTANDER;PUT;Jun-28;11,50;12.89;31,40;-0,32;;450
13/08/26;SANTANDER;PUT;Jun-28;12,00;12.89;30,64;-0,36;;602
13/08/26;SANTANDER;PUT;Dic-28;4,20;12.89;40,70;-0,02;;10.000
13/08/26;SANTANDER;PUT;Dic-28;6,00;12.89;38,28;-0,06;;12.500
13/08/26;SANTANDER;PUT;Dic-28;8,00;12.89;35,59;-0,13;;15.500
13/08/26;SANTANDER;PUT;Dic-28;8,50;12.89;34,92;-0,15;;3.000
13/08/26;SANTANDER;PUT;Dic-28;9,00;12.89;34,25;-0,18;;5.000
13/08/26;SANTANDER;PUT;Dic-28;10,00;12.89;32,90;-0,23;;12.000
13/08/26;SANTANDER;PUT;Dic-29;3,90;12.89;39,02;-0,02;;3.250
13/08/26;SANTANDER;PUT;Dic-29;5,50;12.89;37,20;-0,06;;25.000
13/08/26;SANTANDER;PUT;Dic-29;8,00;12.89;34,35;-0,15;;11.000
13/08/26;SANTANDER;PUT;Dic-29;10,50;12.89;31,51;-0,27;;100
13/08/26;SANTANDER;PUT;Dic-30;6,00;12.89;35,62;-0,09;;10.000
13/08/26;SANTANDER;PUT;Dic-30;12,50;12.89;29,06;-0,38;;58
13/08/26;SANTANDER;PUT;Dic-30;13,00;12.89;28,62;-0,41;;185
13/08/26;SANTANDER;CALL;Ago-26;10,00;12.89;35,05;1,00;;20
13/08/26;SANTANDER;CALL;Ago-26;10,50;12.89;33,16;1,00;;50
13/08/26;SANTANDER;CALL;Ago-26;11,00;12.89;31,27;1,00;;60
13/08/26;SANTANDER;CALL;Ago-26;11,50;12.89;29,38;1,00;;60
13/08/26;SANTANDER;CALL;Ago-26;12,00;12.89;27,49;0,96;10;100
13/08/26;SANTANDER;CALL;Ago-26;12,00;12.89;27,49;0,96;;22
13/08/26;SANTANDER;CALL;Ago-26;12,50;12.89;25,61;0,80;20;100
13/08/26;SANTANDER;CALL;Ago-26;12,50;12.89;25,61;0,80;2.295;2.362
13/08/26;SANTANDER;CALL;Ago-26;13,00;12.89;24,08;0,42;;40
13/08/26;SANTANDER;CALL;Ago-26;13,00;12.89;24,08;0,42;4.590;4.614
13/08/26;SANTANDER;CALL;Sep-26;9,00;12.89;38,65;1,00;;10
13/08/26;SANTANDER;CALL;Sep-26;10,50;12.89;33,41;0,98;;40
13/08/26;SANTANDER;CALL;Sep-26;11,00;12.89;31,66;0,95;;10
13/08/26;SANTANDER;CALL;Sep-26;11,50;12.89;29,92;0,90;;10
13/08/26;SANTANDER;CALL;Sep-26;11,50;12.89;29,92;0,90;;40
13/08/26;SANTANDER;CALL;Sep-26;12,00;12.89;28,17;0,81;;4.000
13/08/26;SANTANDER;CALL;Sep-26;12,00;12.89;28,17;0,81;;20
13/08/26;SANTANDER;CALL;Sep-26;12,50;12.89;26,42;0,67;;30
13/08/26;SANTANDER;CALL;Sep-26;12,50;12.89;26,42;0,67;;20
13/08/26;SANTANDER;CALL;Sep-26;13,00;12.89;25,00;0,48;10;20
13/08/26;SANTANDER;CALL;Sep-26;13,00;12.89;25,00;0,48;;4.510
13/08/26;SANTANDER;CALL;Sep-26;13,50;12.89;24,67;0,30;;9.000
13/08/26;SANTANDER;CALL;Sep-26;13,50;12.89;24,67;0,30;;10
13/08/26;SANTANDER;CALL;Oct-26;14,00;12.89;25,70;0,25;;38.947
13/08/26;SANTANDER;CALL;Dic-26;6,50;12.89;48,83;0,99;;36
13/08/26;SANTANDER;CALL;Dic-26;8,00;12.89;44,17;0,97;;2
13/08/26;SANTANDER;CALL;Dic-26;8,50;12.89;42,62;0,95;;2
13/08/26;SANTANDER;CALL;Dic-26;8,75;12.89;41,84;0,94;;25
13/08/26;SANTANDER;CALL;Dic-26;9,00;12.89;41,07;0,94;;10
13/08/26;SANTANDER;CALL;Dic-26;10,00;12.89;37,96;0,88;;10
13/08/26;SANTANDER;CALL;Dic-26;10,50;12.89;36,41;0,84;;12
13/08/26;SANTANDER;CALL;Dic-26;12,00;12.89;31,76;0,67;;20
13/08/26;SANTANDER;CALL;Dic-26;12,50;12.89;30,20;0,59;;2
13/08/26;SANTANDER;CALL;Dic-26;13,50;12.89;28,48;0,42;;2
13/08/26;SANTANDER;CALL;Dic-26;14,00;12.89;28,05;0,33;;364
13/08/26;SANTANDER;CALL;Mar-27;4,00;12.89;54,36;0,98;;30
13/08/26;SANTANDER;CALL;Mar-27;5,00;12.89;51,56;0,98;;20
13/08/26;SANTANDER;CALL;Mar-27;10,00;12.89;37,60;0,84;;1
13/08/26;SANTANDER;CALL;Sep-27;11,00;12.89;34,39;0,72;;1
13/08/26;SANTANDER;CALL;Dic-27;10,00;12.89;36,39;0,76;;1
13/08/26;SANTANDER;PUT;Ago-26;10,00;12.89;35,85;;;10
13/08/26;SANTANDER;PUT;Ago-26;11,00;12.89;32,07;;;24
13/08/26;SANTANDER;PUT;Ago-26;11,00;12.89;32,07;;;10
13/08/26;SANTANDER;PUT;Ago-26;11,50;12.89;30,18;-0,01;;12
13/08/26;SANTANDER;PUT;Ago-26;11,50;12.89;30,18;-0,01;;82
13/08/26;SANTANDER;PUT;Ago-26;12,00;12.89;28,29;-0,04;;82
13/08/26;SANTANDER;PUT;Ago-26;12,00;12.89;28,29;-0,04;;45
13/08/26;SANTANDER;PUT;Ago-26;12,50;12.89;26,41;-0,21;;10
13/08/26;SANTANDER;PUT;Ago-26;12,50;12.89;26,41;-0,21;;40
13/08/26;SANTANDER;PUT;Ago-26;13,00;12.89;24,88;-0,58;;11
13/08/26;SANTANDER;PUT;Ago-26;13,00;12.89;24,88;-0,58;;89
13/08/26;SANTANDER;PUT;Ago-26;13,50;12.89;24,64;-0,89;;8
13/08/26;SANTANDER;PUT;Ago-26;14,00;12.89;24,39;-0,99;;30
13/08/26;SANTANDER;PUT;Sep-26;6,25;12.89;49,02;;;1.700
13/08/26;SANTANDER;PUT;Sep-26;7,50;12.89;44,65;;;900
13/08/26;SANTANDER;PUT;Sep-26;8,25;12.89;42,03;;;50
13/08/26;SANTANDER;PUT;Sep-26;9,50;12.89;37,67;;;10
13/08/26;SANTANDER;PUT;Sep-26;10,50;12.89;34,18;-0,02;;30.010
13/08/26;SANTANDER;PUT;Sep-26;11,00;12.89;32,43;-0,05;;1
13/08/26;SANTANDER;PUT;Sep-26;11,50;12.89;30,69;-0,11;;11
13/08/26;SANTANDER;PUT;Sep-26;11,50;12.89;30,69;-0,11;;20
13/08/26;SANTANDER;PUT;Sep-26;12,00;12.89;28,94;-0,20;;66
13/08/26;SANTANDER;PUT;Sep-26;12,00;12.89;28,94;-0,20;;20
13/08/26;SANTANDER;PUT;Sep-26;12,50;12.89;27,19;-0,33;;50
13/08/26;SANTANDER;PUT;Sep-26;13,00;12.89;25,77;-0,51;20;100
13/08/26;SANTANDER;PUT;Sep-26;13,00;12.89;25,77;-0,51;20;20
13/08/26;SANTANDER;PUT;Sep-26;13,50;12.89;25,44;-0,69;;20
13/08/26;SANTANDER;PUT;Sep-26;14,00;12.89;25,12;-0,83;;21
13/08/26;SANTANDER;PUT;Oct-26;11,00;12.89;33,01;-0,11;;2
13/08/26;SANTANDER;PUT;Oct-26;11,50;12.89;31,37;-0,17;;1
13/08/26;SANTANDER;PUT;Oct-26;11,50;12.89;31,37;-0,17;;10
13/08/26;SANTANDER;PUT;Oct-26;12,50;12.89;28,08;-0,36;12;12
13/08/26;SANTANDER;PUT;Dic-26;6,75;12.89;46,87;-0,01;;2.800
13/08/26;SANTANDER;PUT;Dic-26;9,00;12.89;39,89;-0,05;;10
13/08/26;SANTANDER;PUT;Dic-26;9,75;12.89;37,56;-0,09;;26
13/08/26;SANTANDER;PUT;Dic-26;10,00;12.89;36,78;-0,10;;25
13/08/26;SANTANDER;PUT;Dic-26;10,50;12.89;35,23;-0,14;;1
13/08/26;SANTANDER;PUT;Dic-26;11,00;12.89;33,68;-0,19;;20
13/08/26;SANTANDER;PUT;Dic-26;11,00;12.89;33,68;-0,19;;10
13/08/26;SANTANDER;PUT;Dic-26;11,50;12.89;32,13;-0,25;;1
13/08/26;SANTANDER;PUT;Dic-26;12,00;12.89;30,58;-0,32;;1
13/08/26;SANTANDER;PUT;Dic-26;12,50;12.89;29,02;-0,40;;1
13/08/26;SANTANDER;PUT;Dic-26;13,00;12.89;27,72;-0,49;;1
13/08/26;SANTANDER;PUT;Mar-27;9,00;12.89;39,14;-0,09;;2
13/08/26;SANTANDER;PUT;Jun-27;11,50;12.89;32,54;-0,29;;1
13/08/26;SANTANDER;PUT;Dic-29;10,50;12.89;31,51;-0,25;;60
13/08/26;SOLARIA;CALL;Ago-26;16,00;16.3;46,52;0,62;;4
13/08/26;SOLARIA;CALL;Ago-26;20,50;16.3;36,75;;;3
13/08/26;SOLARIA;CALL;Sep-26;18,00;16.3;41,79;0,25;;25
13/08/26;SOLARIA;CALL;Dic-26;18,00;16.3;42,85;0,41;;9
13/08/26;SOLARIA;CALL;Jun-27;16,50;16.3;42,59;0,59;;4
13/08/26;SOLARIA;PUT;Ago-26;15,00;16.3;49,79;-0,12;;729
13/08/26;SOLARIA;PUT;Ago-26;18,00;16.3;43,23;-0,94;;10
13/08/26;SOLARIA;PUT;Ago-26;19,00;16.3;41,06;-1,00;;5
13/08/26;SOLARIA;PUT;Oct-26;15,00;16.3;45,96;-0,29;;4.000
13/08/26;SOLARIA;PUT;Dic-26;14,50;16.3;46,90;-0,28;;3
13/08/26;SOLARIA;PUT;Dic-26;22,00;16.3;42,32;-0,87;;25
13/08/26;SOLARIA;PUT;Dic-26;23,00;16.3;42,09;-0,91;;20
13/08/26;SOLARIA;PUT;Dic-26;25,00;16.3;41,64;-0,97;;20
13/08/26;TECNICAS REUNIDAS;CALL;Ago-26;29,32;28.22;49,87;0,32;;10
13/08/26;TECNICAS REUNIDAS;CALL;Ago-26;30,24;28.22;49,53;0,19;;19
13/08/26;TECNICAS REUNIDAS;CALL;Ago-26;32,07;28.22;48,83;0,04;;18
13/08/26;TECNICAS REUNIDAS;CALL;Ago-26;32,99;28.22;48,49;0,02;;22
13/08/26;TECNICAS REUNIDAS;CALL;Ago-26;34,82;28.22;47,80;;;2
13/08/26;TECNICAS REUNIDAS;CALL;Ago-26;35,74;28.22;47,45;;;2
13/08/26;TECNICAS REUNIDAS;CALL;Ago-26;38,48;28.22;46,41;;;5
13/08/26;TECNICAS REUNIDAS;CALL;Sep-26;30,24;28.22;45,60;0,35;;10
13/08/26;TECNICAS REUNIDAS;CALL;Sep-26;31,15;28.22;45,36;0,27;;3
13/08/26;TECNICAS REUNIDAS;CALL;Sep-26;32,07;28.22;45,12;0,21;;5
13/08/26;TECNICAS REUNIDAS;CALL;Sep-26;32,99;28.22;44,88;0,15;;13
13/08/26;TECNICAS REUNIDAS;CALL;Sep-26;33,90;28.22;44,64;0,11;;6
13/08/26;TECNICAS REUNIDAS;CALL;Sep-26;34,82;28.22;44,40;0,08;;135
13/08/26;TECNICAS REUNIDAS;CALL;Sep-26;36,65;28.22;43,93;0,04;;5
13/08/26;TECNICAS REUNIDAS;CALL;Dic-26;41,23;28.22;50,01;0,12;;5
13/08/26;TECNICAS REUNIDAS;CALL;Mar-27;37,00;28.22;46,43;0,27;;1
13/08/26;TECNICAS REUNIDAS;CALL;Jun-27;29,00;28.22;47,20;0,56;;12
13/08/26;TECNICAS REUNIDAS;PUT;Ago-26;22,91;28.22;58,84;-0,01;;7
13/08/26;TECNICAS REUNIDAS;PUT;Ago-26;23,82;28.22;57,03;-0,02;;5
13/08/26;TECNICAS REUNIDAS;PUT;Ago-26;24,74;28.22;55,21;-0,05;;1
13/08/26;TECNICAS REUNIDAS;PUT;Ago-26;25,66;28.22;53,38;-0,11;;5
13/08/26;TECNICAS REUNIDAS;PUT;Ago-26;26,57;28.22;51,57;-0,20;;1
13/08/26;TECNICAS REUNIDAS;PUT;Ago-26;27,49;28.22;49,75;-0,35;;6
13/08/26;TECNICAS REUNIDAS;PUT;Ago-26;29,32;28.22;47,88;-0,69;;3
13/08/26;TECNICAS REUNIDAS;PUT;Ago-26;30,24;28.22;47,54;-0,83;;3
13/08/26;TECNICAS REUNIDAS;PUT;Sep-26;18,33;28.22;60,79;-0,01;;5
13/08/26;TECNICAS REUNIDAS;PUT;Sep-26;19,24;28.22;59,28;-0,02;;5
13/08/26;TECNICAS REUNIDAS;PUT;Sep-26;22,91;28.22;53,16;-0,09;;5
13/08/26;TECNICAS REUNIDAS;PUT;Sep-26;25,66;28.22;48,58;-0,24;;5
13/08/26;TECNICAS REUNIDAS;PUT;Dic-26;18,33;28.22;55,54;-0,08;;2
13/08/26;TECNICAS REUNIDAS;PUT;Dic-26;20,16;28.22;53,06;-0,12;;2
13/08/26;TECNICAS REUNIDAS;PUT;Dic-26;21,07;28.22;51,82;-0,15;;5
13/08/26;TECNICAS REUNIDAS;PUT;Dic-26;26,57;28.22;44,35;-0,39;;9
13/08/26;TECNICAS REUNIDAS;PUT;Mar-27;16,00;28.22;55,84;-0,07;;1
13/08/26;TECNICAS REUNIDAS;PUT;Mar-27;30,00;28.22;41,20;-0,54;;5
13/08/26;TECNICAS REUNIDAS;PUT;Jun-27;18,00;28.22;50,33;-0,12;;3
13/08/26;TECNICAS REUNIDAS;PUT;Jun-27;32,00;28.22;39,81;-0,58;;2
13/08/26;TECNICAS REUNIDAS;PUT;Ago-26;27,00;28.22;50,72;-0,26;;5
13/08/26;TECNICAS REUNIDAS;PUT;Dic-26;26,00;28.22;45,13;-0,35;;5
13/08/26;TECNICAS REUNIDAS;PUT;Dic-26;27,00;28.22;43,77;-0,41;;5
13/08/26;TELEFONICA;CALL;Ago-26;3,60;3.67;25,37;0,70;;75.077
13/08/26;TELEFONICA;CALL;Ago-26;3,70;3.67;24,63;0,42;;81
13/08/26;TELEFONICA;CALL;Ago-26;3,80;3.67;24,33;0,17;;43
13/08/26;TELEFONICA;CALL;Ago-26;3,90;3.67;24,03;0,05;;3
13/08/26;TELEFONICA;CALL;Ago-26;4,00;3.67;23,73;0,01;;10
13/08/26;TELEFONICA;CALL;Ago-26;4,20;3.67;23,13;;;10
13/08/26;TELEFONICA;CALL;Sep-26;2,20;3.67;36,13;1,00;;2
13/08/26;TELEFONICA;CALL;Sep-26;3,50;3.67;24,79;0,75;;16
13/08/26;TELEFONICA;CALL;Sep-26;3,60;3.67;23,92;0,63;;160
13/08/26;TELEFONICA;CALL;Sep-26;3,70;3.67;23,23;0,48;;134
13/08/26;TELEFONICA;CALL;Sep-26;3,80;3.67;22,94;0,34;;1.013
13/08/26;TELEFONICA;CALL;Sep-26;3,90;3.67;22,65;0,21;;25
13/08/26;TELEFONICA;CALL;Sep-26;4,00;3.67;22,36;0,12;;316
13/08/26;TELEFONICA;CALL;Sep-26;4,10;3.67;22,07;0,06;;10.005
13/08/26;TELEFONICA;CALL;Sep-26;4,20;3.67;21,78;0,03;;594
13/08/26;TELEFONICA;CALL;Sep-26;4,30;3.67;21,49;0,01;;250
13/08/26;TELEFONICA;CALL;Sep-26;4,40;3.67;21,19;;;1.100
13/08/26;TELEFONICA;CALL;Sep-26;4,60;3.67;20,61;;;6
13/08/26;TELEFONICA;CALL;Oct-26;3,90;3.67;22,08;0,29;;2
13/08/26;TELEFONICA;CALL;Dic-26;2,90;3.67;28,29;0,94;;1
13/08/26;TELEFONICA;CALL;Dic-26;3,00;3.67;27,58;0,91;;10
13/08/26;TELEFONICA;CALL;Dic-26;3,30;3.67;25,45;0,80;;10
13/08/26;TELEFONICA;CALL;Dic-26;3,40;3.67;24,75;0,74;;65
13/08/26;TELEFONICA;CALL;Dic-26;3,50;3.67;24,04;0,68;;197
13/08/26;TELEFONICA;CALL;Dic-26;3,60;3.67;23,33;0,61;;86.509
13/08/26;TELEFONICA;CALL;Dic-26;3,70;3.67;22,75;0,53;;1.958
13/08/26;TELEFONICA;CALL;Dic-26;3,80;3.67;22,46;0,45;;324
13/08/26;TELEFONICA;CALL;Dic-26;3,90;3.67;22,17;0,37;;658
13/08/26;TELEFONICA;CALL;Dic-26;4,00;3.67;21,88;0,30;;120.740
13/08/26;TELEFONICA;CALL;Dic-26;4,10;3.67;21,59;0,23;;560
13/08/26;TELEFONICA;CALL;Dic-26;4,20;3.67;21,30;0,17;;1.214
13/08/26;TELEFONICA;CALL;Dic-26;4,30;3.67;21,01;0,13;;511
13/08/26;TELEFONICA;CALL;Dic-26;4,40;3.67;20,71;0,09;;14
13/08/26;TELEFONICA;CALL;Dic-26;4,50;3.67;20,42;0,06;;43.670
13/08/26;TELEFONICA;CALL;Dic-26;4,60;3.67;20,13;0,04;;35.000
13/08/26;TELEFONICA;CALL;Dic-26;4,70;3.67;19,84;0,02;;20.010
13/08/26;TELEFONICA;CALL;Dic-26;4,90;3.67;19,26;0,01;;8.004
13/08/26;TELEFONICA;CALL;Dic-26;5,00;3.67;18,97;;;771
13/08/26;TELEFONICA;CALL;Dic-26;5,25;3.67;18,24;;;8
13/08/26;TELEFONICA;CALL;Dic-26;5,50;3.67;17,52;;;2
13/08/26;TELEFONICA;CALL;Mar-27;2,20;3.67;31,04;0,99;;1
13/08/26;TELEFONICA;CALL;Mar-27;3,10;3.67;26,22;0,84;;30
13/08/26;TELEFONICA;CALL;Mar-27;3,20;3.67;25,68;0,80;;10
13/08/26;TELEFONICA;CALL;Mar-27;3,40;3.67;24,61;0,72;;1
13/08/26;TELEFONICA;CALL;Mar-27;3,50;3.67;24,08;0,67;;2
13/08/26;TELEFONICA;CALL;Mar-27;3,60;3.67;23,54;0,61;;52
13/08/26;TELEFONICA;CALL;Mar-27;3,70;3.67;23,08;0,55;;308
13/08/26;TELEFONICA;CALL;Mar-27;3,80;3.67;22,79;0,49;;3
13/08/26;TELEFONICA;CALL;Mar-27;3,90;3.67;22,50;0,43;;5
13/08/26;TELEFONICA;CALL;Mar-27;4,00;3.67;22,21;0,37;;140
13/08/26;TELEFONICA;CALL;Mar-27;4,20;3.67;21,63;0,26;;70
13/08/26;TELEFONICA;CALL;Mar-27;4,30;3.67;21,34;0,22;;4
13/08/26;TELEFONICA;CALL;Mar-27;4,40;3.67;21,04;0,17;;5.000
13/08/26;TELEFONICA;CALL;Mar-27;4,60;3.67;20,46;0,10;;20.000
13/08/26;TELEFONICA;CALL;Mar-27;4,80;3.67;19,88;0,06;;25
13/08/26;TELEFONICA;CALL;Jun-27;3,00;3.67;26,77;0,86;;5
13/08/26;TELEFONICA;CALL;Jun-27;3,50;3.67;24,68;0,67;;1
13/08/26;TELEFONICA;CALL;Jun-27;3,60;3.67;24,26;0,62;;100
13/08/26;TELEFONICA;CALL;Jun-27;3,80;3.67;23,65;0,52;5;26
13/08/26;TELEFONICA;CALL;Jun-27;3,90;3.67;23,40;0,47;;14
13/08/26;TELEFONICA;CALL;Jun-27;4,00;3.67;23,16;0,41;;58
13/08/26;TELEFONICA;CALL;Jun-27;4,10;3.67;22,91;0,37;;4.028
13/08/26;TELEFONICA;CALL;Jun-27;4,20;3.67;22,67;0,32;;24.007
13/08/26;TELEFONICA;CALL;Jun-27;4,30;3.67;22,42;0,28;;100
13/08/26;TELEFONICA;CALL;Jun-27;4,40;3.67;22,18;0,24;;456
13/08/26;TELEFONICA;CALL;Jun-27;4,50;3.67;21,93;0,20;;6.700
13/08/26;TELEFONICA;CALL;Jun-27;4,70;3.67;21,44;0,13;;10
13/08/26;TELEFONICA;CALL;Jun-27;4,80;3.67;21,20;0,11;;150
13/08/26;TELEFONICA;CALL;Jun-27;4,90;3.67;20,95;0,09;;150
13/08/26;TELEFONICA;CALL;Jun-27;5,00;3.67;20,71;0,07;;150
13/08/26;TELEFONICA;CALL;Jun-27;5,50;3.67;19,48;0,02;;5
13/08/26;TELEFONICA;CALL;Jun-27;5,75;3.67;18,87;0,01;;20
13/08/26;TELEFONICA;CALL;Sep-27;3,70;3.67;24,33;0,57;;31
13/08/26;TELEFONICA;CALL;Sep-27;3,80;3.67;24,09;0,52;;4
13/08/26;TELEFONICA;CALL;Sep-27;3,90;3.67;23,84;0,47;;150
13/08/26;TELEFONICA;CALL;Sep-27;4,60;3.67;22,13;0,19;;2
13/08/26;TELEFONICA;CALL;Sep-27;5,50;3.67;19,92;0,03;;22
13/08/26;TELEFONICA;CALL;Dic-27;2,30;3.67;29,30;0,97;;10
13/08/26;TELEFONICA;CALL;Dic-27;2,40;3.67;29,00;0,96;;10
13/08/26;TELEFONICA;CALL;Dic-27;2,50;3.67;28,70;0,94;;10
13/08/26;TELEFONICA;CALL;Dic-27;2,60;3.67;28,40;0,93;;10
13/08/26;TELEFONICA;CALL;Dic-27;2,70;3.67;28,11;0,91;;25
13/08/26;TELEFONICA;CALL;Dic-27;2,80;3.67;27,81;0,88;;15
13/08/26;TELEFONICA;CALL;Dic-27;2,90;3.67;27,51;0,86;;15
13/08/26;TELEFONICA;CALL;Dic-27;3,10;3.67;26,91;0,80;;8
13/08/26;TELEFONICA;CALL;Dic-27;3,20;3.67;26,61;0,76;;750
13/08/26;TELEFONICA;CALL;Dic-27;3,50;3.67;25,71;0,65;;140
13/08/26;TELEFONICA;CALL;Dic-27;3,60;3.67;25,41;0,61;;22
13/08/26;TELEFONICA;CALL;Dic-27;3,70;3.67;25,13;0,57;;11
13/08/26;TELEFONICA;CALL;Dic-27;3,80;3.67;24,91;0,52;;9.010
13/08/26;TELEFONICA;CALL;Dic-27;3,90;3.67;24,70;0,48;;1
13/08/26;TELEFONICA;CALL;Dic-27;4,00;3.67;24,48;0,44;;870
13/08/26;TELEFONICA;CALL;Dic-27;4,10;3.67;24,26;0,40;;102
13/08/26;TELEFONICA;CALL;Dic-27;4,20;3.67;24,04;0,37;;3
13/08/26;TELEFONICA;CALL;Dic-27;4,30;3.67;23,82;0,33;;36
13/08/26;TELEFONICA;CALL;Dic-27;4,40;3.67;23,61;0,30;;79
13/08/26;TELEFONICA;CALL;Dic-27;4,50;3.67;23,39;0,27;;139
13/08/26;TELEFONICA;CALL;Dic-27;4,60;3.67;23,17;0,24;;4.001
13/08/26;TELEFONICA;CALL;Dic-27;4,70;3.67;22,95;0,21;;30.150
13/08/26;TELEFONICA;CALL;Dic-27;5,00;3.67;22,30;0,14;;486
13/08/26;TELEFONICA;CALL;Dic-27;5,25;3.67;21,75;0,09;;167
13/08/26;TELEFONICA;CALL;Dic-27;5,50;3.67;21,21;0,06;;25
13/08/26;TELEFONICA;CALL;Dic-27;6,00;3.67;20,12;0,02;;21.105
13/08/26;TELEFONICA;CALL;Mar-28;2,10;3.67;29,89;0,98;;10
13/08/26;TELEFONICA;CALL;Mar-28;2,20;3.67;29,63;0,97;;10
13/08/26;TELEFONICA;CALL;Mar-28;2,30;3.67;29,37;0,96;;10
13/08/26;TELEFONICA;CALL;Mar-28;2,40;3.67;29,10;0,95;;10
13/08/26;TELEFONICA;CALL;Mar-28;2,50;3.67;28,84;0,93;;10
13/08/26;TELEFONICA;CALL;Mar-28;2,60;3.67;28,58;0,91;;10
13/08/26;TELEFONICA;CALL;Mar-28;2,70;3.67;28,31;0,89;;50
13/08/26;TELEFONICA;CALL;Mar-28;2,80;3.67;28,05;0,86;;15
13/08/26;TELEFONICA;CALL;Mar-28;2,90;3.67;27,79;0,84;;15
13/08/26;TELEFONICA;CALL;Mar-28;3,00;3.67;27,52;0,81;;20
13/08/26;TELEFONICA;CALL;Mar-28;3,10;3.67;27,26;0,78;;20
13/08/26;TELEFONICA;CALL;Mar-28;3,20;3.67;27,00;0,74;;27
13/08/26;TELEFONICA;CALL;Mar-28;3,30;3.67;26,73;0,71;;25
13/08/26;TELEFONICA;CALL;Mar-28;3,40;3.67;26,47;0,67;;521
13/08/26;TELEFONICA;CALL;Mar-28;3,50;3.67;26,21;0,64;;27
13/08/26;TELEFONICA;CALL;Mar-28;3,60;3.67;25,94;0,60;;26
13/08/26;TELEFONICA;CALL;Mar-28;3,70;3.67;25,70;0,57;;25
13/08/26;TELEFONICA;CALL;Mar-28;4,00;3.67;25,13;0,46;;10
13/08/26;TELEFONICA;CALL;Mar-28;4,10;3.67;24,94;0,43;;1
13/08/26;TELEFONICA;CALL;Mar-28;4,50;3.67;24,17;0,30;;100
13/08/26;TELEFONICA;CALL;Mar-28;4,60;3.67;23,98;0,28;;1
13/08/26;TELEFONICA;CALL;Jun-28;4,00;3.67;25,37;0,47;;100
13/08/26;TELEFONICA;CALL;Jun-28;4,50;3.67;24,51;0,32;;2
13/08/26;TELEFONICA;CALL;Jun-28;4,60;3.67;24,33;0,30;;150
13/08/26;TELEFONICA;CALL;Jun-28;4,70;3.67;24,16;0,27;;150
13/08/26;TELEFONICA;CALL;Jun-28;5,00;3.67;23,64;0,20;;4
13/08/26;TELEFONICA;CALL;Sep-28;3,50;3.67;26,42;0,64;;30
13/08/26;TELEFONICA;CALL;Dic-28;3,80;3.67;26,22;0,54;;3
13/08/26;TELEFONICA;CALL;Dic-28;4,00;3.67;25,93;0,49;;18
13/08/26;TELEFONICA;CALL;Dic-28;4,50;3.67;25,20;0,36;;55
13/08/26;TELEFONICA;CALL;Dic-28;4,80;3.67;24,77;0,29;;10
13/08/26;TELEFONICA;CALL;Dic-28;5,00;3.67;24,48;0,25;;65
13/08/26;TELEFONICA;CALL;Dic-28;5,25;3.67;24,11;0,20;;50
13/08/26;TELEFONICA;CALL;Dic-29;3,40;3.67;27,67;0,66;;10
13/08/26;TELEFONICA;CALL;Dic-29;4,30;3.67;26,64;0,45;;1
13/08/26;TELEFONICA;CALL;Dic-29;4,50;3.67;26,42;0,41;;27
13/08/26;TELEFONICA;CALL;Dic-29;5,00;3.67;25,88;0,32;;543
13/08/26;TELEFONICA;CALL;Jun-30;5,75;3.67;25,52;0,23;;250
13/08/26;TELEFONICA;CALL;Dic-30;4,50;3.67;27,05;0,44;;3
13/08/26;TELEFONICA;PUT;Ago-26;3,10;3.67;29,49;;;68
13/08/26;TELEFONICA;PUT;Ago-26;3,30;3.67;27,60;;;24
13/08/26;TELEFONICA;PUT;Ago-26;3,40;3.67;26,65;-0,02;;66
13/08/26;TELEFONICA;PUT;Ago-26;3,50;3.67;25,71;-0,10;;80
13/08/26;TELEFONICA;PUT;Ago-26;3,60;3.67;24,76;-0,29;;75.173
13/08/26;TELEFONICA;PUT;Ago-26;3,70;3.67;24,02;-0,58;;184
13/08/26;TELEFONICA;PUT;Ago-26;3,80;3.67;23,72;-0,84;;22
13/08/26;TELEFONICA;PUT;Sep-26;2,60;3.67;32,78;;;4
13/08/26;TELEFONICA;PUT;Sep-26;2,70;3.67;31,91;;;5
13/08/26;TELEFONICA;PUT;Sep-26;2,90;3.67;30,17;-0,01;;28
13/08/26;TELEFONICA;PUT;Sep-26;3,00;3.67;29,29;-0,01;;2
13/08/26;TELEFONICA;PUT;Sep-26;3,10;3.67;28,42;-0,03;;20
13/08/26;TELEFONICA;PUT;Sep-26;3,20;3.67;27,55;-0,05;;23
13/08/26;TELEFONICA;PUT;Sep-26;3,30;3.67;26,68;-0,09;;130
13/08/26;TELEFONICA;PUT;Sep-26;3,40;3.67;25,81;-0,16;;84
13/08/26;TELEFONICA;PUT;Sep-26;3,50;3.67;24,93;-0,25;;196
13/08/26;TELEFONICA;PUT;Sep-26;3,60;3.67;24,06;-0,38;;231
13/08/26;TELEFONICA;PUT;Sep-26;3,70;3.67;23,37;-0,52;;10.000
13/08/26;TELEFONICA;PUT;Sep-26;3,80;3.67;23,08;-0,67;;217
13/08/26;TELEFONICA;PUT;Sep-26;3,90;3.67;22,79;-0,79;;305
13/08/26;TELEFONICA;PUT;Sep-26;4,00;3.67;22,50;-0,89;;10
13/08/26;TELEFONICA;PUT;Sep-26;4,10;3.67;22,21;-0,95;;15
13/08/26;TELEFONICA;PUT;Sep-26;4,20;3.67;21,92;-0,99;;7
13/08/26;TELEFONICA;PUT;Sep-26;4,30;3.67;21,63;-1,00;;6
13/08/26;TELEFONICA;PUT;Oct-26;3,50;3.67;24,61;-0,29;;17
13/08/26;TELEFONICA;PUT;Oct-26;4,00;3.67;22,30;-0,81;;25
13/08/26;TELEFONICA;PUT;Dic-26;2,50;3.67;31,10;-0,01;;8
13/08/26;TELEFONICA;PUT;Dic-26;2,80;3.67;28,98;-0,04;;100
13/08/26;TELEFONICA;PUT;Dic-26;2,90;3.67;28,27;-0,06;;50
13/08/26;TELEFONICA;PUT;Dic-26;3,00;3.67;27,56;-0,09;;17
13/08/26;TELEFONICA;PUT;Dic-26;3,10;3.67;26,85;-0,12;;212
13/08/26;TELEFONICA;PUT;Dic-26;3,20;3.67;26,14;-0,16;;177
13/08/26;TELEFONICA;PUT;Dic-26;3,30;3.67;25,43;-0,20;;46
13/08/26;TELEFONICA;PUT;Dic-26;3,40;3.67;24,73;-0,26;;65.233
13/08/26;TELEFONICA;PUT;Dic-26;3,50;3.67;24,02;-0,33;;20.224
13/08/26;TELEFONICA;PUT;Dic-26;3,60;3.67;23,31;-0,40;;95.172
13/08/26;TELEFONICA;PUT;Dic-26;3,70;3.67;22,73;-0,48;;320
13/08/26;TELEFONICA;PUT;Dic-26;3,80;3.67;22,44;-0,57;;348
13/08/26;TELEFONICA;PUT;Dic-26;3,90;3.67;22,15;-0,65;;2.732
13/08/26;TELEFONICA;PUT;Dic-26;4,00;3.67;21,86;-0,72;;107.538
13/08/26;TELEFONICA;PUT;Dic-26;4,10;3.67;21,57;-0,80;;1
13/08/26;TELEFONICA;PUT;Dic-26;4,20;3.67;21,28;-0,86;;18
13/08/26;TELEFONICA;PUT;Dic-26;4,30;3.67;20,99;-0,91;;83
13/08/26;TELEFONICA;PUT;Dic-26;4,50;3.67;20,40;-1,00;;37.510
13/08/26;TELEFONICA;PUT;Dic-26;4,60;3.67;20,11;-1,00;;15.000
13/08/26;TELEFONICA;PUT;Mar-27;3,10;3.67;25,79;-0,16;;8
13/08/26;TELEFONICA;PUT;Mar-27;3,20;3.67;25,25;-0,20;;33
13/08/26;TELEFONICA;PUT;Mar-27;3,30;3.67;24,72;-0,24;;1
13/08/26;TELEFONICA;PUT;Mar-27;3,40;3.67;24,18;-0,29;;1
13/08/26;TELEFONICA;PUT;Mar-27;3,50;3.67;23,65;-0,34;;53
13/08/26;TELEFONICA;PUT;Mar-27;3,60;3.67;23,11;-0,40;;40
13/08/26;TELEFONICA;PUT;Mar-27;3,70;3.67;22,65;-0,46;;19
13/08/26;TELEFONICA;PUT;Mar-27;3,80;3.67;22,36;-0,53;;220
13/08/26;TELEFONICA;PUT;Mar-27;3,90;3.67;22,07;-0,59;;719
13/08/26;TELEFONICA;PUT;Mar-27;4,00;3.67;21,78;-0,66;;674
13/08/26;TELEFONICA;PUT;Mar-27;4,10;3.67;21,49;-0,72;;29
13/08/26;TELEFONICA;PUT;Mar-27;4,20;3.67;21,20;-0,78;;600
13/08/26;TELEFONICA;PUT;Mar-27;4,40;3.67;20,61;-0,89;;5.000
13/08/26;TELEFONICA;PUT;Mar-27;4,50;3.67;20,32;-0,94;;5
13/08/26;TELEFONICA;PUT;Mar-27;4,60;3.67;20,03;-0,98;;20.000
13/08/26;TELEFONICA;PUT;Jun-27;3,10;3.67;23,50;-0,21;;1
13/08/26;TELEFONICA;PUT;Jun-27;3,20;3.67;23,08;-0,26;;15
13/08/26;TELEFONICA;PUT;Jun-27;3,30;3.67;22,66;-0,30;;25
13/08/26;TELEFONICA;PUT;Jun-27;3,40;3.67;22,24;-0,35;;41
13/08/26;TELEFONICA;PUT;Jun-27;3,50;3.67;21,83;-0,41;;52
13/08/26;TELEFONICA;PUT;Jun-27;3,60;3.67;21,41;-0,46;;25.100
13/08/26;TELEFONICA;PUT;Jun-27;3,70;3.67;21,04;-0,52;;17
13/08/26;TELEFONICA;PUT;Jun-27;3,80;3.67;20,80;-0,57;;4.566
13/08/26;TELEFONICA;PUT;Jun-27;3,90;3.67;20,55;-0,63;;19
13/08/26;TELEFONICA;PUT;Jun-27;4,00;3.67;20,31;-0,68;;10
13/08/26;TELEFONICA;PUT;Jun-27;4,10;3.67;20,06;-0,73;;20
13/08/26;TELEFONICA;PUT;Jun-27;4,20;3.67;19,82;-0,77;;20
13/08/26;TELEFONICA;PUT;Jun-27;4,30;3.67;19,57;-0,82;;20
13/08/26;TELEFONICA;PUT;Jun-27;4,40;3.67;19,33;-0,85;;5
13/08/26;TELEFONICA;PUT;Jun-27;4,60;3.67;18,84;-0,91;;4
13/08/26;TELEFONICA;PUT;Jun-27;5,00;3.67;17,86;-0,97;;96
13/08/26;TELEFONICA;PUT;Jun-27;5,50;3.67;16,63;-1,00;;240
13/08/26;TELEFONICA;PUT;Sep-27;2,50;3.67;23,97;-0,05;;20
13/08/26;TELEFONICA;PUT;Sep-27;2,90;3.67;22,58;-0,15;;30
13/08/26;TELEFONICA;PUT;Sep-27;3,10;3.67;21,89;-0,22;;1
13/08/26;TELEFONICA;PUT;Sep-27;3,80;3.67;19,61;-0,56;;1
13/08/26;TELEFONICA;PUT;Sep-27;4,00;3.67;19,12;-0,67;;4
13/08/26;TELEFONICA;PUT;Sep-27;4,10;3.67;18,87;-0,72;;1
13/08/26;TELEFONICA;PUT;Sep-27;4,20;3.67;18,63;-0,76;;2
13/08/26;TELEFONICA;PUT;Sep-27;5,00;3.67;16,67;-0,97;;1
13/08/26;TELEFONICA;PUT;Sep-27;5,75;3.67;14,83;-1,00;;25
13/08/26;TELEFONICA;PUT;Dic-27;2,20;3.67;25,69;-0,03;;6.000
13/08/26;TELEFONICA;PUT;Dic-27;2,70;3.67;24,20;-0,12;;100
13/08/26;TELEFONICA;PUT;Dic-27;3,00;3.67;23,30;-0,20;;7.500
13/08/26;TELEFONICA;PUT;Dic-27;3,20;3.67;22,70;-0,27;;1
13/08/26;TELEFONICA;PUT;Dic-27;3,30;3.67;22,40;-0,31;;5
13/08/26;TELEFONICA;PUT;Dic-27;3,40;3.67;22,10;-0,36;;10
13/08/26;TELEFONICA;PUT;Dic-27;3,50;3.67;21,80;-0,40;;10
13/08/26;TELEFONICA;PUT;Dic-27;3,60;3.67;21,50;-0,45;;30.000
13/08/26;TELEFONICA;PUT;Dic-27;3,70;3.67;21,22;-0,49;;5
13/08/26;TELEFONICA;PUT;Dic-27;3,80;3.67;21,00;-0,54;;9.003
13/08/26;TELEFONICA;PUT;Dic-27;4,00;3.67;20,57;-0,63;;20.003
13/08/26;TELEFONICA;PUT;Dic-27;4,10;3.67;20,35;-0,67;;3
13/08/26;TELEFONICA;PUT;Dic-27;4,20;3.67;20,13;-0,72;;1
13/08/26;TELEFONICA;PUT;Dic-27;4,30;3.67;19,91;-0,76;;4
13/08/26;TELEFONICA;PUT;Dic-27;4,40;3.67;19,70;-0,79;;3
13/08/26;TELEFONICA;PUT;Dic-27;4,50;3.67;19,48;-0,82;;3
13/08/26;TELEFONICA;PUT;Dic-27;4,60;3.67;19,26;-0,85;;250
13/08/26;TELEFONICA;PUT;Dic-27;4,70;3.67;19,04;-0,88;;30.000
13/08/26;TELEFONICA;PUT;Dic-27;5,00;3.67;18,39;-0,94;;5
13/08/26;TELEFONICA;PUT;Dic-27;5,50;3.67;17,30;-0,99;;5
13/08/26;TELEFONICA;PUT;Mar-28;3,30;3.67;22,87;-0,32;;6
13/08/26;TELEFONICA;PUT;Mar-28;3,90;3.67;21,46;-0,57;;40
13/08/26;TELEFONICA;PUT;Mar-28;4,00;3.67;21,27;-0,61;;25
13/08/26;TELEFONICA;PUT;Mar-28;4,30;3.67;20,70;-0,72;;2
13/08/26;TELEFONICA;PUT;Mar-28;4,50;3.67;20,31;-0,79;;1
13/08/26;TELEFONICA;PUT;Mar-28;4,60;3.67;20,12;-0,82;;1
13/08/26;TELEFONICA;PUT;Mar-28;4,90;3.67;19,55;-0,89;;2
13/08/26;TELEFONICA;PUT;Mar-28;5,25;3.67;18,88;-0,95;;4
13/08/26;TELEFONICA;PUT;Mar-28;5,50;3.67;18,41;-0,97;;17
13/08/26;TELEFONICA;PUT;Jun-28;3,60;3.67;22,25;-0,46;;3
13/08/26;TELEFONICA;PUT;Dic-28;3,00;3.67;23,64;-0,26;;20.000
13/08/26;TELEFONICA;PUT;Dic-28;3,50;3.67;22,73;-0,41;;5
13/08/26;TELEFONICA;PUT;Dic-28;4,80;3.67;20,78;-0,79;;50
13/08/26;TELEFONICA;PUT;Dic-29;3,50;3.67;23,12;-0,42;;150
13/08/26;TELEFONICA;CALL;Sep-26;3,50;3.67;24,79;0,75;;1
13/08/26;TELEFONICA;CALL;Sep-26;3,60;3.67;23,92;0,62;;2
13/08/26;TELEFONICA;CALL;Sep-26;3,90;3.67;22,65;0,22;;85
13/08/26;TELEFONICA;CALL;Sep-26;4,00;3.67;22,36;0,12;;32
13/08/26;TELEFONICA;CALL;Dic-26;3,70;3.67;22,75;0,52;;4
13/08/26;TELEFONICA;CALL;Dic-26;4,30;3.67;21,01;0,13;;27
13/08/26;TELEFONICA;CALL;Dic-26;5,25;3.67;18,24;;;190
13/08/26;TELEFONICA;CALL;Mar-27;3,80;3.67;22,79;0,48;;40
13/08/26;TELEFONICA;CALL;Sep-27;3,70;3.67;24,33;0,50;;10
13/08/26;TELEFONICA;PUT;Sep-26;3,30;3.67;26,68;-0,09;;5
13/08/26;TELEFONICA;PUT;Sep-26;3,50;3.67;24,93;-0,25;;11
13/08/26;TELEFONICA;PUT;Sep-26;3,60;3.67;24,06;-0,37;;25
13/08/26;TELEFONICA;PUT;Sep-26;3,70;3.67;23,37;-0,52;;25
13/08/26;TELEFONICA;PUT;Sep-26;3,80;3.67;23,08;-0,66;;10
13/08/26;TELEFONICA;PUT;Sep-26;4,00;3.67;22,50;-0,87;;700
13/08/26;TELEFONICA;PUT;Sep-26;4,30;3.67;21,63;-0,99;;100
13/08/26;TELEFONICA;PUT;Sep-26;4,50;3.67;21,04;-1,00;;112
13/08/26;TELEFONICA;PUT;Sep-26;4,70;3.67;20,46;-1,00;;5
13/08/26;TELEFONICA;PUT;Sep-26;5,25;3.67;18,86;-1,00;;15
13/08/26;TELEFONICA;PUT;Dic-26;3,40;3.67;24,73;-0,26;;4
13/08/26;TELEFONICA;PUT;Dic-26;3,90;3.67;22,15;-0,63;;10
13/08/26;TELEFONICA;PUT;Dic-26;4,20;3.67;21,28;-0,82;;50
13/08/26;TELEFONICA;PUT;Dic-26;7,50;3.67;12,26;-0,99;;5
13/08/26;TELEFONICA;PUT;Dic-26;9,50;3.67;12,26;-0,99;;50
13/08/26;TELEFONICA;PUT;Dic-26;11,00;3.67;12,26;-0,99;;52
13/08/26;TELEFONICA;PUT;Dic-26;12,00;3.67;12,26;-0,99;;361
13/08/26;TELEFONICA;PUT;Dic-26;16,50;3.67;12,26;-0,99;;14
13/08/26;TELEFONICA;PUT;Mar-27;3,20;3.67;25,25;-0,19;;800
13/08/26;TELEFONICA;PUT;Mar-27;3,40;3.67;24,18;-0,28;;1.000
13/08/26;TELEFONICA;PUT;Mar-27;3,60;3.67;23,11;-0,38;;1.200
13/08/26;TELEFONICA;PUT;Mar-27;3,80;3.67;22,36;-0,50;;40
13/08/26;TELEFONICA;PUT;Mar-27;7,75;3.67;12,18;-0,99;;750
13/08/26;TELEFONICA;PUT;Jun-27;4,90;3.67;18,10;-0,94;;5
13/08/26;TELEFONICA;PUT;Jun-27;5,50;3.67;16,63;-0,97;;585
13/08/26;UNICAJA;CALL;Ago-26;3,00;3.58;28,76;1,00;;10
13/08/26;UNICAJA;CALL;Sep-26;2,80;3.58;28,60;1,00;;7
13/08/26;UNICAJA;CALL;Sep-26;3,50;3.58;28,28;0,63;;160
13/08/26;UNICAJA;CALL;Dic-26;3,40;3.58;27,82;0,65;;68
13/08/26;UNICAJA;CALL;Dic-26;3,50;3.58;27,78;0,57;;80
13/08/26;UNICAJA;PUT;Sep-26;2,70;3.58;22,47;;;200
13/08/26;UNICAJA;PUT;Sep-26;3,00;3.58;22,33;;;25
13/08/26;UNICAJA;PUT;Sep-26;3,20;3.58;22,24;-0,05;;25
13/08/26;UNICAJA;PUT;Sep-26;3,40;3.58;22,14;-0,21;;25
13/08/26;UNICAJA;PUT;Sep-26;3,50;3.58;22,10;-0,35;;25
13/08/26;UNICAJA;PUT;Dic-26;2,30;3.58;22,60;;;5
13/08/26;UNICAJA;PUT;Dic-26;2,50;3.58;22,50;;;4
13/08/26;UNICAJA;PUT;Dic-26;4,00;3.58;21,65;-0,85;;30
13/08/26;VIDRALA;CALL;Sep-26;80,00;87.2;20,41;0,92;;1
13/08/26;VIDRALA;CALL;Dic-26;80,00;87.2;20,06;0,80;;1
13/08/26;VIDRALA;CALL;Dic-26;88,00;87.2;18,80;0,52;;4
13/08/26;VIDRALA;CALL;Dic-26;90,00;87.2;18,69;0,44;;1
13/08/26;VIDRALA;CALL;Mar-27;84,00;87.2;19,26;0,66;;1
13/08/26;VIDRALA;CALL;Mar-27;90,00;87.2;18,79;0,47;;10
13/08/26;VIDRALA;PUT;Sep-26;66,67;87.2;23,13;;;2
13/08/26;VIDRALA;PUT;Sep-26;74,29;87.2;21,21;-0,01;;1
13/08/26;VIDRALA;PUT;Sep-26;81,90;87.2;19,29;-0,14;;11
13/08/26;VIDRALA;PUT;Dic-26;60,00;87.2;22,84;;;1
13/08/26;VIDRALA;PUT;Dic-26;72,00;87.2;20,83;-0,05;;1
13/08/26;VIDRALA;PUT;Dic-26;80,00;87.2;19,48;-0,19;;2
13/08/26;VIDRALA;PUT;Mar-27;58,00;87.2;20,57;;;1
13/08/26;VIDRALA;PUT;Mar-27;72,00;87.2;19,07;-0,09;;3
13/08/26;VIDRALA;PUT;Mar-27;76,00;87.2;18,64;-0,15;;10
13/08/26;VISCOFAN;CALL;Ago-26;56,99;56.6;17,13;0,41;;2
13/08/26;VISCOFAN;CALL;Ago-26;58,95;56.6;16,80;0,05;;5
13/08/26;VISCOFAN;CALL;Ago-26;60,92;56.6;16,46;;;10
13/08/26;VISCOFAN;CALL;Sep-26;45,20;56.6;21,65;1,00;;1
13/08/26;VISCOFAN;CALL;Sep-26;49,13;56.6;19,41;0,99;;1
13/08/26;VISCOFAN;CALL;Sep-26;53,06;56.6;17,16;0,90;;2
13/08/26;VISCOFAN;CALL;Sep-26;55,02;56.6;16,04;0,74;;5
13/08/26;VISCOFAN;CALL;Sep-26;56,99;56.6;14,99;0,47;;5
13/08/26;VISCOFAN;CALL;Sep-26;58,95;56.6;14,24;0,20;;45
13/08/26;VISCOFAN;CALL;Sep-26;60,92;56.6;13,49;0,05;;12
13/08/26;VISCOFAN;CALL;Sep-26;64,85;56.6;11,98;;;1
13/08/26;VISCOFAN;CALL;Dic-26;62,89;56.6;14,92;0,15;;1
13/08/26;VISCOFAN;CALL;Dic-26;64,85;56.6;14,68;0,08;;1
13/08/26;VISCOFAN;CALL;Mar-27;55,02;56.6;18,40;0,63;;1
13/08/26;VISCOFAN;CALL;Mar-27;56,99;56.6;17,64;0,52;;1
13/08/26;VISCOFAN;CALL;Mar-27;58,95;56.6;17,55;0,41;;4
13/08/26;VISCOFAN;CALL;Mar-27;72,71;56.6;16,90;0,03;;1
13/08/26;VISCOFAN;CALL;Jun-27;60,92;56.6;17,73;0,34;;1
13/08/26;VISCOFAN;CALL;Jun-27;70,75;56.6;17,04;0,08;;5
13/08/26;VISCOFAN;PUT;Ago-26;51,09;56.6;23,94;;;3
13/08/26;VISCOFAN;PUT;Ago-26;53,06;56.6;22,15;-0,02;;8
13/08/26;VISCOFAN;PUT;Ago-26;55,02;56.6;20,37;-0,17;;7
13/08/26;VISCOFAN;PUT;Ago-26;56,99;56.6;18,87;-0,59;;1
13/08/26;VISCOFAN;PUT;Sep-26;40,29;56.6;26,07;;;1
13/08/26;VISCOFAN;PUT;Sep-26;42,25;56.6;24,95;;;3
13/08/26;VISCOFAN;PUT;Sep-26;43,23;56.6;24,39;;;3
13/08/26;VISCOFAN;PUT;Sep-26;44,22;56.6;23,82;;;4
13/08/26;VISCOFAN;PUT;Sep-26;45,20;56.6;23,26;;;2
13/08/26;VISCOFAN;PUT;Sep-26;46,18;56.6;22,70;;;4
13/08/26;VISCOFAN;PUT;Sep-26;47,16;56.6;22,14;;;4
13/08/26;VISCOFAN;PUT;Sep-26;49,13;56.6;21,02;-0,01;;12
13/08/26;VISCOFAN;PUT;Sep-26;51,09;56.6;19,90;-0,04;;6
13/08/26;VISCOFAN;PUT;Sep-26;53,06;56.6;18,77;-0,12;;38
13/08/26;VISCOFAN;PUT;Sep-26;55,02;56.6;17,65;-0,28;;15
13/08/26;VISCOFAN;PUT;Sep-26;56,99;56.6;16,60;-0,53;;10
13/08/26;VISCOFAN;PUT;Sep-26;58,95;56.6;15,85;-0,79;;3
13/08/26;VISCOFAN;PUT;Oct-26;45,20;56.6;23,51;-0,01;;2
13/08/26;VISCOFAN;PUT;Oct-26;51,09;56.6;20,46;-0,10;;1
13/08/26;VISCOFAN;PUT;Oct-26;53,06;56.6;19,43;-0,19;1;1
13/08/26;VISCOFAN;PUT;Dic-26;40,29;56.6;27,63;-0,01;;2
13/08/26;VISCOFAN;PUT;Dic-26;42,25;56.6;26,60;-0,02;;1
13/08/26;VISCOFAN;PUT;Dic-26;43,23;56.6;26,09;-0,03;;1
13/08/26;VISCOFAN;PUT;Dic-26;44,22;56.6;25,57;-0,04;;12
13/08/26;VISCOFAN;PUT;Dic-26;45,20;56.6;25,06;-0,05;;1
13/08/26;VISCOFAN;PUT;Dic-26;47,16;56.6;24,03;-0,08;;2
13/08/26;VISCOFAN;PUT;Dic-26;48,15;56.6;23,51;-0,10;;1
13/08/26;VISCOFAN;PUT;Dic-26;49,13;56.6;23,00;-0,12;;6
13/08/26;VISCOFAN;PUT;Dic-26;51,09;56.6;21,97;-0,18;;7
13/08/26;VISCOFAN;PUT;Dic-26;53,06;56.6;20,94;-0,26;;12
13/08/26;VISCOFAN;PUT;Dic-26;55,02;56.6;19,91;-0,36;;2
13/08/26;VISCOFAN;PUT;Mar-27;48,15;56.6;19,40;-0,14;;1
13/08/26;VISCOFAN;PUT;Mar-27;49,13;56.6;18,94;-0,17;;7
13/08/26;VISCOFAN;PUT;Mar-27;51,09;56.6;18,02;-0,24;;1
13/08/26;VISCOFAN;PUT;Mar-27;53,06;56.6;17,09;-0,32;;7
13/08/26;VISCOFAN;PUT;Mar-27;56,99;56.6;15,40;-0,55;;5
13/08/26;VISCOFAN;PUT;Jun-27;44,22;56.6;19,82;-0,09;;2
13/08/26;VISCOFAN;PUT;Jun-27;45,20;56.6;19,44;-0,11;;5
13/08/26;VISCOFAN;PUT;Jun-27;51,09;56.6;17,11;-0,27;;2
13/08/26;VISCOFAN;PUT;Jun-27;53,06;56.6;16,34;-0,35;;3
13/08/26;VISCOFAN;PUT;Dic-27;44,22;56.6;18,88;-0,11;;1
13/08/26;VISCOFAN;PUT;Dic-28;44,22;56.6;18,04;-0,17;;1
