fecha_boletin;accion;tipo;fecha_vencimiento;strike;spot;volatilidad_cierre;delta_cierre;volumen_contratos;posicion_abierta
08/09/26;MINI IBEX-35;CALL;Sep-26;7.500;19997.1;68,40;1,00;;3
08/09/26;MINI IBEX-35;CALL;Sep-26;12.200;19997.1;48,26;1,00;;32
08/09/26;MINI IBEX-35;CALL;Sep-26;14.000;19997.1;40,54;1,00;;5
08/09/26;MINI IBEX-35;CALL;Sep-26;15.000;19997.1;36,26;1,00;2;
08/09/26;MINI IBEX-35;CALL;Sep-26;15.500;19997.1;34,11;1,00;;1
08/09/26;MINI IBEX-35;CALL;Sep-26;16.000;19997.1;31,97;1,00;;5.500
08/09/26;MINI IBEX-35;CALL;Sep-26;16.400;19997.1;30,25;1,00;;3
08/09/26;MINI IBEX-35;CALL;Sep-26;16.500;19997.1;29,83;1,00;;1
08/09/26;MINI IBEX-35;CALL;Sep-26;17.000;19997.1;27,68;1,00;;3
08/09/26;MINI IBEX-35;CALL;Sep-26;17.200;19997.1;26,83;1,00;;1
08/09/26;MINI IBEX-35;CALL;Sep-26;17.300;19997.1;26,40;1,00;;5
08/09/26;MINI IBEX-35;CALL;Sep-26;17.400;19997.1;25,97;1,00;;3
08/09/26;MINI IBEX-35;CALL;Sep-26;17.500;19997.1;25,54;1,00;;7
08/09/26;MINI IBEX-35;CALL;Sep-26;17.600;19997.1;25,11;1,00;;2
08/09/26;MINI IBEX-35;CALL;Sep-26;18.000;19997.1;23,40;1,00;;103
08/09/26;MINI IBEX-35;CALL;Sep-26;18.100;19997.1;22,97;0,99;;1
08/09/26;MINI IBEX-35;CALL;Sep-26;18.200;19997.1;22,54;0,99;;6
08/09/26;MINI IBEX-35;CALL;Sep-26;18.300;19997.1;22,11;0,99;;3
08/09/26;MINI IBEX-35;CALL;Sep-26;18.400;19997.1;21,68;0,99;;2
08/09/26;MINI IBEX-35;CALL;Sep-26;18.500;19997.1;21,25;0,99;;25
08/09/26;MINI IBEX-35;CALL;Sep-26;18.600;19997.1;20,83;0,98;;1
08/09/26;MINI IBEX-35;CALL;Sep-26;18.700;19997.1;20,40;0,98;;1
08/09/26;MINI IBEX-35;CALL;Sep-26;18.900;19997.1;19,54;0,96;;4
08/09/26;MINI IBEX-35;CALL;Sep-26;18.950;19997.1;19,33;0,95;;3
08/09/26;MINI IBEX-35;CALL;Sep-26;19.000;19997.1;19,11;0,95;;9
08/09/26;MINI IBEX-35;CALL;Sep-26;19.100;19997.1;18,68;0,93;;18
08/09/26;MINI IBEX-35;CALL;Sep-26;19.200;19997.1;18,25;0,91;;4
08/09/26;MINI IBEX-35;CALL;Sep-26;19.250;19997.1;18,04;0,90;;1
08/09/26;MINI IBEX-35;CALL;Sep-26;19.300;19997.1;17,82;0,88;;5
08/09/26;MINI IBEX-35;CALL;Sep-26;19.350;19997.1;17,61;0,87;;5
08/09/26;MINI IBEX-35;CALL;Sep-26;19.400;19997.1;17,40;0,85;;8
08/09/26;MINI IBEX-35;CALL;Sep-26;19.450;19997.1;17,18;0,83;1;4
08/09/26;MINI IBEX-35;CALL;Sep-26;19.500;19997.1;16,97;0,81;;38
08/09/26;MINI IBEX-35;CALL;Sep-26;19.550;19997.1;16,75;0,79;;1
08/09/26;MINI IBEX-35;CALL;Sep-26;19.600;19997.1;16,54;0,76;;2
08/09/26;MINI IBEX-35;CALL;Sep-26;19.650;19997.1;16,32;0,74;;11
08/09/26;MINI IBEX-35;CALL;Sep-26;19.700;19997.1;16,11;0,71;;8
08/09/26;MINI IBEX-35;CALL;Sep-26;19.750;19997.1;15,90;0,68;;3
08/09/26;MINI IBEX-35;CALL;Sep-26;19.800;19997.1;15,68;0,65;;10
08/09/26;MINI IBEX-35;CALL;Sep-26;19.850;19997.1;15,47;0,61;;1
08/09/26;MINI IBEX-35;CALL;Sep-26;19.900;19997.1;15,25;0,57;;124
08/09/26;MINI IBEX-35;CALL;Sep-26;19.950;19997.1;15,04;0,53;2;24
08/09/26;MINI IBEX-35;CALL;Sep-26;20.000;19997.1;14,86;0,49;;96
08/09/26;MINI IBEX-35;CALL;Sep-26;20.050;19997.1;14,76;0,45;1;10
08/09/26;MINI IBEX-35;CALL;Sep-26;20.100;19997.1;14,66;0,41;1;18
08/09/26;MINI IBEX-35;CALL;Sep-26;20.150;19997.1;14,56;0,37;;8
08/09/26;MINI IBEX-35;CALL;Sep-26;20.200;19997.1;14,47;0,33;;28
08/09/26;MINI IBEX-35;CALL;Sep-26;20.250;19997.1;14,37;0,30;;10
08/09/26;MINI IBEX-35;CALL;Sep-26;20.300;19997.1;14,27;0,26;5;45
08/09/26;MINI IBEX-35;CALL;Sep-26;20.350;19997.1;14,18;0,23;2;22
08/09/26;MINI IBEX-35;CALL;Sep-26;20.400;19997.1;14,08;0,19;1;12
08/09/26;MINI IBEX-35;CALL;Sep-26;20.450;19997.1;13,98;0,17;;7
08/09/26;MINI IBEX-35;CALL;Sep-26;20.500;19997.1;13,89;0,14;1;20
08/09/26;MINI IBEX-35;CALL;Sep-26;20.550;19997.1;13,79;0,12;;1
08/09/26;MINI IBEX-35;CALL;Sep-26;20.600;19997.1;13,69;0,09;;8
08/09/26;MINI IBEX-35;CALL;Sep-26;20.650;19997.1;13,60;0,08;;100
08/09/26;MINI IBEX-35;CALL;Sep-26;20.700;19997.1;13,50;0,06;;107
08/09/26;MINI IBEX-35;CALL;Sep-26;20.750;19997.1;13,40;0,05;1;101
08/09/26;MINI IBEX-35;CALL;Sep-26;20.800;19997.1;13,31;0,04;;17
08/09/26;MINI IBEX-35;CALL;Sep-26;20.900;19997.1;13,11;0,02;;6
08/09/26;MINI IBEX-35;CALL;Sep-26;21.000;19997.1;12,92;0,01;;8
08/09/26;MINI IBEX-35;CALL;Sep-26;21.050;19997.1;12,82;0,01;;2
08/09/26;MINI IBEX-35;CALL;Sep-26;21.100;19997.1;12,73;0,01;;1
08/09/26;MINI IBEX-35;CALL;Sep-26;21.200;19997.1;12,53;;;11
08/09/26;MINI IBEX-35;CALL;Sep-26;21.300;19997.1;12,34;;;5
08/09/26;MINI IBEX-35;CALL;Sep-26;24.000;19997.1;7,12;;;5.500
08/09/26;MINI IBEX-35;CALL;Oct-26;19.450;19997.1;16,09;0,71;;1
08/09/26;MINI IBEX-35;CALL;Oct-26;19.500;19997.1;15,91;0,69;;1
08/09/26;MINI IBEX-35;CALL;Oct-26;19.550;19997.1;15,73;0,68;;1
08/09/26;MINI IBEX-35;CALL;Oct-26;19.900;19997.1;14,44;0,55;1;1
08/09/26;MINI IBEX-35;CALL;Oct-26;20.000;19997.1;14,10;0,50;;9
08/09/26;MINI IBEX-35;CALL;Oct-26;20.100;19997.1;13,95;0,46;;2
08/09/26;MINI IBEX-35;CALL;Oct-26;20.200;19997.1;13,80;0,41;5;8
08/09/26;MINI IBEX-35;CALL;Oct-26;20.250;19997.1;13,72;0,39;;4
08/09/26;MINI IBEX-35;CALL;Oct-26;20.300;19997.1;13,65;0,37;;1
08/09/26;MINI IBEX-35;CALL;Oct-26;20.400;19997.1;13,49;0,33;;2
08/09/26;MINI IBEX-35;CALL;Oct-26;20.500;19997.1;13,34;0,29;;1
08/09/26;MINI IBEX-35;CALL;Oct-26;20.650;19997.1;13,12;0,23;;100
08/09/26;MINI IBEX-35;CALL;Oct-26;20.700;19997.1;13,04;0,21;;112
08/09/26;MINI IBEX-35;CALL;Oct-26;20.750;19997.1;12,96;0,19;;100
08/09/26;MINI IBEX-35;CALL;Oct-26;20.800;19997.1;12,89;0,18;;12
08/09/26;MINI IBEX-35;CALL;Oct-26;20.900;19997.1;12,74;0,14;;1
08/09/26;MINI IBEX-35;CALL;Oct-26;21.000;19997.1;12,58;0,12;;11
08/09/26;MINI IBEX-35;CALL;Oct-26;21.100;19997.1;12,43;0,09;;4
08/09/26;MINI IBEX-35;CALL;Oct-26;21.200;19997.1;12,28;0,07;;1
08/09/26;MINI IBEX-35;CALL;Oct-26;21.300;19997.1;12,13;0,06;;5
08/09/26;MINI IBEX-35;CALL;Oct-26;21.400;19997.1;11,98;0,04;;2
08/09/26;MINI IBEX-35;CALL;Oct-26;21.600;19997.1;11,67;0,02;;2
08/09/26;MINI IBEX-35;CALL;Nov-26;19.700;19997.1;16,32;0,58;;2
08/09/26;MINI IBEX-35;CALL;Nov-26;19.900;19997.1;15,67;0,52;;1
08/09/26;MINI IBEX-35;CALL;Nov-26;19.950;19997.1;15,53;0,51;;3
08/09/26;MINI IBEX-35;CALL;Nov-26;20.200;19997.1;15,17;0,44;;1
08/09/26;MINI IBEX-35;CALL;Nov-26;20.550;19997.1;14,66;0,33;;3
08/09/26;MINI IBEX-35;CALL;Nov-26;20.700;19997.1;14,45;0,29;;1
08/09/26;MINI IBEX-35;CALL;Nov-26;21.000;19997.1;14,02;0,21;;1
08/09/26;MINI IBEX-35;CALL;Nov-26;21.250;19997.1;13,66;0,16;;1
08/09/26;MINI IBEX-35;CALL;Nov-26;22.100;19997.1;12,44;0,04;;1
08/09/26;MINI IBEX-35;CALL;Dic-26;8.300;19997.1;50,43;0,99;;655
08/09/26;MINI IBEX-35;CALL;Dic-26;8.600;19997.1;49,54;0,99;;1.250
08/09/26;MINI IBEX-35;CALL;Dic-26;10.500;19997.1;43,93;0,99;;30
08/09/26;MINI IBEX-35;CALL;Dic-26;12.000;19997.1;39,49;0,99;;12
08/09/26;MINI IBEX-35;CALL;Dic-26;12.200;19997.1;38,90;0,99;;32
08/09/26;MINI IBEX-35;CALL;Dic-26;13.000;19997.1;36,54;0,98;;1
08/09/26;MINI IBEX-35;CALL;Dic-26;14.800;19997.1;31,22;0,96;;32
08/09/26;MINI IBEX-35;CALL;Dic-26;15.000;19997.1;30,63;0,96;2;2
08/09/26;MINI IBEX-35;CALL;Dic-26;15.300;19997.1;29,74;0,95;;1
08/09/26;MINI IBEX-35;CALL;Dic-26;16.000;19997.1;27,67;0,94;;10
08/09/26;MINI IBEX-35;CALL;Dic-26;16.400;19997.1;26,49;0,92;;6.000
08/09/26;MINI IBEX-35;CALL;Dic-26;16.700;19997.1;25,60;0,91;;1.500
08/09/26;MINI IBEX-35;CALL;Dic-26;16.900;19997.1;25,01;0,90;;5
08/09/26;MINI IBEX-35;CALL;Dic-26;17.000;19997.1;24,71;0,90;;19
08/09/26;MINI IBEX-35;CALL;Dic-26;17.100;19997.1;24,42;0,89;;5
08/09/26;MINI IBEX-35;CALL;Dic-26;17.200;19997.1;24,12;0,88;;1
08/09/26;MINI IBEX-35;CALL;Dic-26;17.300;19997.1;23,83;0,88;;1
08/09/26;MINI IBEX-35;CALL;Dic-26;17.400;19997.1;23,53;0,87;;8
08/09/26;MINI IBEX-35;CALL;Dic-26;17.500;19997.1;23,24;0,86;;1.006
08/09/26;MINI IBEX-35;CALL;Dic-26;17.600;19997.1;22,94;0,86;;11
08/09/26;MINI IBEX-35;CALL;Dic-26;17.700;19997.1;22,65;0,85;;5.007
08/09/26;MINI IBEX-35;CALL;Dic-26;17.800;19997.1;22,35;0,84;;92
08/09/26;MINI IBEX-35;CALL;Dic-26;17.900;19997.1;22,05;0,83;;5.004
08/09/26;MINI IBEX-35;CALL;Dic-26;18.000;19997.1;21,76;0,82;;6
08/09/26;MINI IBEX-35;CALL;Dic-26;18.100;19997.1;21,46;0,82;;1
08/09/26;MINI IBEX-35;CALL;Dic-26;18.300;19997.1;20,87;0,79;;5
08/09/26;MINI IBEX-35;CALL;Dic-26;18.400;19997.1;20,58;0,78;;1
08/09/26;MINI IBEX-35;CALL;Dic-26;18.500;19997.1;20,28;0,77;;6.004
08/09/26;MINI IBEX-35;CALL;Dic-26;18.600;19997.1;19,99;0,76;;1
08/09/26;MINI IBEX-35;CALL;Dic-26;18.900;19997.1;19,10;0,72;;1
08/09/26;MINI IBEX-35;CALL;Dic-26;19.000;19997.1;18,80;0,70;;3
08/09/26;MINI IBEX-35;CALL;Dic-26;19.100;19997.1;18,51;0,69;;1
08/09/26;MINI IBEX-35;CALL;Dic-26;19.200;19997.1;18,21;0,67;;4
08/09/26;MINI IBEX-35;CALL;Dic-26;19.300;19997.1;17,92;0,65;;2
08/09/26;MINI IBEX-35;CALL;Dic-26;19.500;19997.1;17,33;0,61;;4
08/09/26;MINI IBEX-35;CALL;Dic-26;19.600;19997.1;17,03;0,59;;3
08/09/26;MINI IBEX-35;CALL;Dic-26;19.700;19997.1;16,73;0,57;;1
08/09/26;MINI IBEX-35;CALL;Dic-26;19.800;19997.1;16,44;0,55;;3
08/09/26;MINI IBEX-35;CALL;Dic-26;19.900;19997.1;16,14;0,53;;6
08/09/26;MINI IBEX-35;CALL;Dic-26;20.000;19997.1;15,91;0,50;;8
08/09/26;MINI IBEX-35;CALL;Dic-26;20.100;19997.1;15,77;0,48;;12
08/09/26;MINI IBEX-35;CALL;Dic-26;20.200;19997.1;15,63;0,46;;12
08/09/26;MINI IBEX-35;CALL;Dic-26;20.300;19997.1;15,50;0,43;;3
08/09/26;MINI IBEX-35;CALL;Dic-26;20.400;19997.1;15,36;0,41;;5
08/09/26;MINI IBEX-35;CALL;Dic-26;20.500;19997.1;15,22;0,38;;6.004
08/09/26;MINI IBEX-35;CALL;Dic-26;20.600;19997.1;15,09;0,36;;8
08/09/26;MINI IBEX-35;CALL;Dic-26;20.700;19997.1;14,95;0,34;;2
08/09/26;MINI IBEX-35;CALL;Dic-26;20.900;19997.1;14,68;0,29;;1
08/09/26;MINI IBEX-35;CALL;Dic-26;21.000;19997.1;14,54;0,27;1;5.201
08/09/26;MINI IBEX-35;CALL;Dic-26;21.100;19997.1;14,40;0,24;;1
08/09/26;MINI IBEX-35;CALL;Dic-26;21.200;19997.1;14,26;0,22;;6
08/09/26;MINI IBEX-35;CALL;Dic-26;21.300;19997.1;14,13;0,20;;12
08/09/26;MINI IBEX-35;CALL;Dic-26;21.700;19997.1;13,58;0,13;;2
08/09/26;MINI IBEX-35;CALL;Dic-26;21.900;19997.1;13,31;0,10;;1
08/09/26;MINI IBEX-35;CALL;Dic-26;22.000;19997.1;13,17;0,09;;3
08/09/26;MINI IBEX-35;CALL;Dic-26;22.200;19997.1;12,90;0,06;;4
08/09/26;MINI IBEX-35;CALL;Dic-26;22.300;19997.1;12,76;0,05;;2
08/09/26;MINI IBEX-35;CALL;Mar-27;12.600;19997.1;33,59;0,96;;1
08/09/26;MINI IBEX-35;CALL;Mar-27;13.000;19997.1;32,66;0,96;;2
08/09/26;MINI IBEX-35;CALL;Mar-27;13.500;19997.1;31,50;0,95;;3
08/09/26;MINI IBEX-35;CALL;Mar-27;13.900;19997.1;30,58;0,95;;3
08/09/26;MINI IBEX-35;CALL;Mar-27;14.000;19997.1;30,35;0,94;;1
08/09/26;MINI IBEX-35;CALL;Mar-27;14.100;19997.1;30,11;0,94;;1
08/09/26;MINI IBEX-35;CALL;Mar-27;15.300;19997.1;27,34;0,91;;3
08/09/26;MINI IBEX-35;CALL;Mar-27;17.000;19997.1;23,40;0,84;;2
08/09/26;MINI IBEX-35;CALL;Mar-27;17.900;19997.1;21,32;0,78;;1
08/09/26;MINI IBEX-35;CALL;Mar-27;18.000;19997.1;21,09;0,77;;750
08/09/26;MINI IBEX-35;CALL;Mar-27;18.500;19997.1;19,93;0,72;;2
08/09/26;MINI IBEX-35;CALL;Mar-27;18.900;19997.1;19,00;0,68;;2
08/09/26;MINI IBEX-35;CALL;Mar-27;19.000;19997.1;18,77;0,66;;1
08/09/26;MINI IBEX-35;CALL;Mar-27;19.300;19997.1;18,08;0,63;;4
08/09/26;MINI IBEX-35;CALL;Mar-27;19.800;19997.1;16,92;0,55;;5
08/09/26;MINI IBEX-35;CALL;Mar-27;20.000;19997.1;16,46;0,52;1;1
08/09/26;MINI IBEX-35;CALL;Mar-27;20.100;19997.1;16,32;0,50;;1
08/09/26;MINI IBEX-35;CALL;Mar-27;20.500;19997.1;15,85;0,43;;1
08/09/26;MINI IBEX-35;CALL;Mar-27;20.600;19997.1;15,73;0,42;;1
08/09/26;MINI IBEX-35;CALL;Mar-27;20.700;19997.1;15,61;0,40;;1
08/09/26;MINI IBEX-35;CALL;Mar-27;20.800;19997.1;15,49;0,38;;1
08/09/26;MINI IBEX-35;CALL;Mar-27;21.000;19997.1;15,26;0,35;;1
08/09/26;MINI IBEX-35;CALL;Mar-27;22.000;19997.1;14,07;0,19;;2
08/09/26;MINI IBEX-35;CALL;Mar-27;22.400;19997.1;13,60;0,14;;1
08/09/26;MINI IBEX-35;CALL;Jun-27;18.500;19997.1;20,17;0,68;;2
08/09/26;MINI IBEX-35;CALL;Jun-27;19.000;19997.1;19,12;0,63;;2
08/09/26;MINI IBEX-35;CALL;Jun-27;19.200;19997.1;18,70;0,60;;6
08/09/26;MINI IBEX-35;CALL;Jun-27;22.000;19997.1;14,88;0,24;;1
08/09/26;MINI IBEX-35;CALL;Jun-27;24.000;19997.1;12,64;0,05;;3
08/09/26;MINI IBEX-35;CALL;Sep-27;19.800;19997.1;18,08;0,53;;1
08/09/26;MINI IBEX-35;CALL;Dic-27;14.000;19997.1;28,44;0,86;;2
08/09/26;MINI IBEX-35;CALL;Dic-27;16.200;19997.1;24,67;0,78;;32
08/09/26;MINI IBEX-35;CALL;Dic-27;16.300;19997.1;24,50;0,77;;96
08/09/26;MINI IBEX-35;CALL;Dic-27;16.400;19997.1;24,33;0,77;;32
08/09/26;MINI IBEX-35;CALL;Dic-27;16.500;19997.1;24,16;0,76;;32
08/09/26;MINI IBEX-35;CALL;Dic-27;16.700;19997.1;23,81;0,75;;32
08/09/26;MINI IBEX-35;CALL;Dic-27;17.600;19997.1;22,27;0,70;;32
08/09/26;MINI IBEX-35;CALL;Dic-27;19.400;19997.1;19,19;0,56;;6.750
08/09/26;MINI IBEX-35;CALL;Dic-27;19.500;19997.1;19,02;0,55;;4
08/09/26;MINI IBEX-35;CALL;Dic-27;20.500;19997.1;17,69;0,46;;1
08/09/26;MINI IBEX-35;CALL;Mar-28;18.400;19997.1;21,09;0,64;;32
08/09/26;MINI IBEX-35;CALL;Mar-28;18.500;19997.1;20,93;0,63;;32
08/09/26;MINI IBEX-35;CALL;Mar-28;18.600;19997.1;20,76;0,62;;32
08/09/26;MINI IBEX-35;CALL;Dic-28;16.800;19997.1;22,92;0,69;;1.800
08/09/26;MINI IBEX-35;PUT;Sep-26;13.000;19997.1;44,83;;;2
08/09/26;MINI IBEX-35;PUT;Sep-26;13.100;19997.1;44,40;;;2
08/09/26;MINI IBEX-35;PUT;Sep-26;13.500;19997.1;42,68;;;2
08/09/26;MINI IBEX-35;PUT;Sep-26;13.600;19997.1;42,26;;;1
08/09/26;MINI IBEX-35;PUT;Sep-26;13.700;19997.1;41,83;;;2
08/09/26;MINI IBEX-35;PUT;Sep-26;13.900;19997.1;40,97;;;1
08/09/26;MINI IBEX-35;PUT;Sep-26;14.000;19997.1;40,54;;;4
08/09/26;MINI IBEX-35;PUT;Sep-26;14.100;19997.1;40,11;;;2
08/09/26;MINI IBEX-35;PUT;Sep-26;14.200;19997.1;39,68;;;1
08/09/26;MINI IBEX-35;PUT;Sep-26;14.300;19997.1;39,26;;;1
08/09/26;MINI IBEX-35;PUT;Sep-26;14.400;19997.1;38,83;;;4
08/09/26;MINI IBEX-35;PUT;Sep-26;14.500;19997.1;38,40;;;5
08/09/26;MINI IBEX-35;PUT;Sep-26;14.600;19997.1;37,97;;;5
08/09/26;MINI IBEX-35;PUT;Sep-26;14.700;19997.1;37,54;;;3
08/09/26;MINI IBEX-35;PUT;Sep-26;15.000;19997.1;36,26;;;41
08/09/26;MINI IBEX-35;PUT;Sep-26;15.100;19997.1;35,83;;;1
08/09/26;MINI IBEX-35;PUT;Sep-26;15.200;19997.1;35,40;;;2
08/09/26;MINI IBEX-35;PUT;Sep-26;15.300;19997.1;34,97;;;7
08/09/26;MINI IBEX-35;PUT;Sep-26;15.400;19997.1;34,54;;;5
08/09/26;MINI IBEX-35;PUT;Sep-26;15.500;19997.1;34,11;;;44
08/09/26;MINI IBEX-35;PUT;Sep-26;15.600;19997.1;33,68;;;1
08/09/26;MINI IBEX-35;PUT;Sep-26;15.700;19997.1;33,25;;;1
08/09/26;MINI IBEX-35;PUT;Sep-26;15.800;19997.1;32,83;;;3
08/09/26;MINI IBEX-35;PUT;Sep-26;15.900;19997.1;32,40;;;17
08/09/26;MINI IBEX-35;PUT;Sep-26;16.000;19997.1;31,97;;;5.506
08/09/26;MINI IBEX-35;PUT;Sep-26;16.100;19997.1;31,54;;;2
08/09/26;MINI IBEX-35;PUT;Sep-26;16.300;19997.1;30,68;;;1
08/09/26;MINI IBEX-35;PUT;Sep-26;16.400;19997.1;30,25;;;3
08/09/26;MINI IBEX-35;PUT;Sep-26;16.500;19997.1;29,83;;;40
08/09/26;MINI IBEX-35;PUT;Sep-26;16.600;19997.1;29,40;;;1
08/09/26;MINI IBEX-35;PUT;Sep-26;16.700;19997.1;28,97;;;1
08/09/26;MINI IBEX-35;PUT;Sep-26;16.800;19997.1;28,54;;;4
08/09/26;MINI IBEX-35;PUT;Sep-26;17.000;19997.1;27,68;;;145
08/09/26;MINI IBEX-35;PUT;Sep-26;17.200;19997.1;26,83;;;2
08/09/26;MINI IBEX-35;PUT;Sep-26;17.300;19997.1;26,40;;;2
08/09/26;MINI IBEX-35;PUT;Sep-26;17.400;19997.1;25,97;;;8
08/09/26;MINI IBEX-35;PUT;Sep-26;17.500;19997.1;25,54;;;114
08/09/26;MINI IBEX-35;PUT;Sep-26;17.600;19997.1;25,11;;;10
08/09/26;MINI IBEX-35;PUT;Sep-26;17.700;19997.1;24,68;;;3
08/09/26;MINI IBEX-35;PUT;Sep-26;17.800;19997.1;24,25;;;7
08/09/26;MINI IBEX-35;PUT;Sep-26;17.850;19997.1;24,04;;;3
08/09/26;MINI IBEX-35;PUT;Sep-26;17.900;19997.1;23,83;;;3
08/09/26;MINI IBEX-35;PUT;Sep-26;17.950;19997.1;23,61;;;2
08/09/26;MINI IBEX-35;PUT;Sep-26;18.000;19997.1;23,40;;;25
08/09/26;MINI IBEX-35;PUT;Sep-26;18.100;19997.1;22,97;;;5
08/09/26;MINI IBEX-35;PUT;Sep-26;18.150;19997.1;22,75;-0,01;;111
08/09/26;MINI IBEX-35;PUT;Sep-26;18.200;19997.1;22,54;-0,01;;17
08/09/26;MINI IBEX-35;PUT;Sep-26;18.300;19997.1;22,11;-0,01;;4
08/09/26;MINI IBEX-35;PUT;Sep-26;18.350;19997.1;21,90;-0,01;;1
08/09/26;MINI IBEX-35;PUT;Sep-26;18.400;19997.1;21,68;-0,01;;20
08/09/26;MINI IBEX-35;PUT;Sep-26;18.500;19997.1;21,25;-0,01;;20
08/09/26;MINI IBEX-35;PUT;Sep-26;18.550;19997.1;21,04;-0,02;;2
08/09/26;MINI IBEX-35;PUT;Sep-26;18.600;19997.1;20,83;-0,02;;11
08/09/26;MINI IBEX-35;PUT;Sep-26;18.700;19997.1;20,40;-0,02;;61
08/09/26;MINI IBEX-35;PUT;Sep-26;18.750;19997.1;20,18;-0,03;;7
08/09/26;MINI IBEX-35;PUT;Sep-26;18.800;19997.1;19,97;-0,03;;21
08/09/26;MINI IBEX-35;PUT;Sep-26;18.850;19997.1;19,75;-0,04;;2
08/09/26;MINI IBEX-35;PUT;Sep-26;18.900;19997.1;19,54;-0,04;;2
08/09/26;MINI IBEX-35;PUT;Sep-26;18.950;19997.1;19,33;-0,05;;2
08/09/26;MINI IBEX-35;PUT;Sep-26;19.000;19997.1;19,11;-0,05;;10.906
08/09/26;MINI IBEX-35;PUT;Sep-26;19.050;19997.1;18,90;-0,06;;7
08/09/26;MINI IBEX-35;PUT;Sep-26;19.100;19997.1;18,68;-0,07;20;31
08/09/26;MINI IBEX-35;PUT;Sep-26;19.150;19997.1;18,47;-0,08;;2
08/09/26;MINI IBEX-35;PUT;Sep-26;19.200;19997.1;18,25;-0,09;1;12
08/09/26;MINI IBEX-35;PUT;Sep-26;19.250;19997.1;18,04;-0,10;1;2
08/09/26;MINI IBEX-35;PUT;Sep-26;19.300;19997.1;17,82;-0,12;3;16
08/09/26;MINI IBEX-35;PUT;Sep-26;19.350;19997.1;17,61;-0,13;;12
08/09/26;MINI IBEX-35;PUT;Sep-26;19.400;19997.1;17,40;-0,15;;12
08/09/26;MINI IBEX-35;PUT;Sep-26;19.450;19997.1;17,18;-0,17;;25
08/09/26;MINI IBEX-35;PUT;Sep-26;19.500;19997.1;16,97;-0,19;13;45
08/09/26;MINI IBEX-35;PUT;Sep-26;19.550;19997.1;16,75;-0,21;;3
08/09/26;MINI IBEX-35;PUT;Sep-26;19.600;19997.1;16,54;-0,23;;80
08/09/26;MINI IBEX-35;PUT;Sep-26;19.650;19997.1;16,32;-0,26;;76
08/09/26;MINI IBEX-35;PUT;Sep-26;19.700;19997.1;16,11;-0,29;1;29
08/09/26;MINI IBEX-35;PUT;Sep-26;19.800;19997.1;15,68;-0,35;7;119
08/09/26;MINI IBEX-35;PUT;Sep-26;19.850;19997.1;15,47;-0,39;100;205
08/09/26;MINI IBEX-35;PUT;Sep-26;19.900;19997.1;15,25;-0,43;100;113
08/09/26;MINI IBEX-35;PUT;Sep-26;19.950;19997.1;15,04;-0,47;100;100
08/09/26;MINI IBEX-35;PUT;Sep-26;20.000;19997.1;14,86;-0,51;107;110
08/09/26;MINI IBEX-35;PUT;Sep-26;20.050;19997.1;14,76;-0,55;;6
08/09/26;MINI IBEX-35;PUT;Sep-26;20.100;19997.1;14,66;-0,59;;28
08/09/26;MINI IBEX-35;PUT;Sep-26;20.150;19997.1;14,56;-0,63;;23
08/09/26;MINI IBEX-35;PUT;Sep-26;20.200;19997.1;14,47;-0,66;;5
08/09/26;MINI IBEX-35;PUT;Sep-26;20.250;19997.1;14,37;-0,70;;2
08/09/26;MINI IBEX-35;PUT;Sep-26;20.300;19997.1;14,27;-0,74;;124
08/09/26;MINI IBEX-35;PUT;Sep-26;20.350;19997.1;14,18;-0,77;;14
08/09/26;MINI IBEX-35;PUT;Sep-26;20.400;19997.1;14,08;-0,80;;1
08/09/26;MINI IBEX-35;PUT;Sep-26;20.500;19997.1;13,89;-0,86;;3
08/09/26;MINI IBEX-35;PUT;Sep-26;20.550;19997.1;13,79;-0,88;;1
08/09/26;MINI IBEX-35;PUT;Sep-26;24.000;19997.1;7,12;-1,00;;5.500
08/09/26;MINI IBEX-35;PUT;Oct-26;16.400;19997.1;27,59;-0,01;;10
08/09/26;MINI IBEX-35;PUT;Oct-26;16.500;19997.1;27,23;-0,01;;121
08/09/26;MINI IBEX-35;PUT;Oct-26;16.900;19997.1;25,76;-0,02;100;100
08/09/26;MINI IBEX-35;PUT;Oct-26;17.000;19997.1;25,39;-0,02;;1
08/09/26;MINI IBEX-35;PUT;Oct-26;17.300;19997.1;24,29;-0,03;;1
08/09/26;MINI IBEX-35;PUT;Oct-26;17.500;19997.1;23,56;-0,04;;2
08/09/26;MINI IBEX-35;PUT;Oct-26;17.600;19997.1;23,19;-0,04;;1
08/09/26;MINI IBEX-35;PUT;Oct-26;18.000;19997.1;21,72;-0,06;;17
08/09/26;MINI IBEX-35;PUT;Oct-26;18.300;19997.1;20,62;-0,09;;1
08/09/26;MINI IBEX-35;PUT;Oct-26;18.400;19997.1;20,26;-0,10;;25
08/09/26;MINI IBEX-35;PUT;Oct-26;18.500;19997.1;19,89;-0,11;2;4
08/09/26;MINI IBEX-35;PUT;Oct-26;18.600;19997.1;19,52;-0,12;;1
08/09/26;MINI IBEX-35;PUT;Oct-26;18.650;19997.1;19,34;-0,13;;1
08/09/26;MINI IBEX-35;PUT;Oct-26;18.700;19997.1;19,16;-0,14;;1
08/09/26;MINI IBEX-35;PUT;Oct-26;18.750;19997.1;18,97;-0,14;;1
08/09/26;MINI IBEX-35;PUT;Oct-26;18.800;19997.1;18,79;-0,15;;2
08/09/26;MINI IBEX-35;PUT;Oct-26;18.900;19997.1;18,42;-0,17;2;6
08/09/26;MINI IBEX-35;PUT;Oct-26;18.950;19997.1;18,24;-0,18;2;5
08/09/26;MINI IBEX-35;PUT;Oct-26;19.000;19997.1;18,05;-0,19;;52
08/09/26;MINI IBEX-35;PUT;Oct-26;19.100;19997.1;17,69;-0,21;;5
08/09/26;MINI IBEX-35;PUT;Oct-26;19.150;19997.1;17,50;-0,22;;4
08/09/26;MINI IBEX-35;PUT;Oct-26;19.250;19997.1;17,14;-0,24;;1
08/09/26;MINI IBEX-35;PUT;Oct-26;19.300;19997.1;16,95;-0,25;;1
08/09/26;MINI IBEX-35;PUT;Oct-26;19.400;19997.1;16,59;-0,28;;2
08/09/26;MINI IBEX-35;PUT;Oct-26;19.450;19997.1;16,40;-0,29;;1
08/09/26;MINI IBEX-35;PUT;Oct-26;19.500;19997.1;16,22;-0,31;;2
08/09/26;MINI IBEX-35;PUT;Oct-26;19.600;19997.1;15,85;-0,34;;2
08/09/26;MINI IBEX-35;PUT;Oct-26;19.700;19997.1;15,49;-0,38;;2
08/09/26;MINI IBEX-35;PUT;Oct-26;19.800;19997.1;15,12;-0,41;;2
08/09/26;MINI IBEX-35;PUT;Oct-26;19.900;19997.1;14,75;-0,45;;27
08/09/26;MINI IBEX-35;PUT;Oct-26;19.950;19997.1;14,57;-0,47;1;3
08/09/26;MINI IBEX-35;PUT;Oct-26;20.000;19997.1;14,41;-0,49;;15
08/09/26;MINI IBEX-35;PUT;Oct-26;20.100;19997.1;14,26;-0,54;;1
08/09/26;MINI IBEX-35;PUT;Oct-26;20.150;19997.1;14,18;-0,56;;8
08/09/26;MINI IBEX-35;PUT;Oct-26;20.300;19997.1;13,96;-0,62;;1
08/09/26;MINI IBEX-35;PUT;Oct-26;20.500;19997.1;13,65;-0,71;;2
08/09/26;MINI IBEX-35;PUT;Nov-26;17.900;19997.1;20,69;-0,11;1;1
08/09/26;MINI IBEX-35;PUT;Nov-26;18.300;19997.1;19,40;-0,15;;1
08/09/26;MINI IBEX-35;PUT;Nov-26;19.800;19997.1;14,56;-0,44;;1
08/09/26;MINI IBEX-35;PUT;Nov-26;19.900;19997.1;14,24;-0,47;;1
08/09/26;MINI IBEX-35;PUT;Nov-26;20.700;19997.1;13,02;-0,72;;1
08/09/26;MINI IBEX-35;PUT;Dic-26;8.600;19997.1;47,97;;;1.250
08/09/26;MINI IBEX-35;PUT;Dic-26;10.900;19997.1;41,17;;;1
08/09/26;MINI IBEX-35;PUT;Dic-26;11.300;19997.1;39,99;;;1
08/09/26;MINI IBEX-35;PUT;Dic-26;11.500;19997.1;39,40;;;2
08/09/26;MINI IBEX-35;PUT;Dic-26;12.200;19997.1;37,33;;;2
08/09/26;MINI IBEX-35;PUT;Dic-26;12.300;19997.1;37,04;-0,01;;5
08/09/26;MINI IBEX-35;PUT;Dic-26;12.400;19997.1;36,74;-0,01;;1
08/09/26;MINI IBEX-35;PUT;Dic-26;12.500;19997.1;36,44;-0,01;;7
08/09/26;MINI IBEX-35;PUT;Dic-26;12.600;19997.1;36,15;-0,01;;6
08/09/26;MINI IBEX-35;PUT;Dic-26;12.900;19997.1;35,26;-0,01;;7
08/09/26;MINI IBEX-35;PUT;Dic-26;13.000;19997.1;34,97;-0,01;;7
08/09/26;MINI IBEX-35;PUT;Dic-26;13.100;19997.1;34,67;-0,01;;1
08/09/26;MINI IBEX-35;PUT;Dic-26;13.200;19997.1;34,38;-0,01;;1
08/09/26;MINI IBEX-35;PUT;Dic-26;13.500;19997.1;33,49;-0,01;;504
08/09/26;MINI IBEX-35;PUT;Dic-26;13.600;19997.1;33,19;-0,01;;5
08/09/26;MINI IBEX-35;PUT;Dic-26;13.700;19997.1;32,90;-0,01;;2
08/09/26;MINI IBEX-35;PUT;Dic-26;14.000;19997.1;32,01;-0,01;;1.034
08/09/26;MINI IBEX-35;PUT;Dic-26;14.200;19997.1;31,42;-0,02;;3
08/09/26;MINI IBEX-35;PUT;Dic-26;14.300;19997.1;31,12;-0,02;;1
08/09/26;MINI IBEX-35;PUT;Dic-26;14.400;19997.1;30,83;-0,02;;1
08/09/26;MINI IBEX-35;PUT;Dic-26;14.500;19997.1;30,53;-0,02;;1
08/09/26;MINI IBEX-35;PUT;Dic-26;14.600;19997.1;30,24;-0,02;;1
08/09/26;MINI IBEX-35;PUT;Dic-26;14.800;19997.1;29,65;-0,02;;1
08/09/26;MINI IBEX-35;PUT;Dic-26;14.900;19997.1;29,35;-0,02;;3
08/09/26;MINI IBEX-35;PUT;Dic-26;15.000;19997.1;29,06;-0,03;;18
08/09/26;MINI IBEX-35;PUT;Dic-26;15.200;19997.1;28,46;-0,03;;1
08/09/26;MINI IBEX-35;PUT;Dic-26;15.500;19997.1;27,58;-0,04;;28
08/09/26;MINI IBEX-35;PUT;Dic-26;15.600;19997.1;27,28;-0,04;;32
08/09/26;MINI IBEX-35;PUT;Dic-26;15.700;19997.1;26,99;-0,04;;4
08/09/26;MINI IBEX-35;PUT;Dic-26;15.800;19997.1;26,69;-0,04;;4
08/09/26;MINI IBEX-35;PUT;Dic-26;15.900;19997.1;26,40;-0,04;;1
08/09/26;MINI IBEX-35;PUT;Dic-26;16.000;19997.1;26,10;-0,05;;27
08/09/26;MINI IBEX-35;PUT;Dic-26;16.300;19997.1;25,21;-0,06;;10
08/09/26;MINI IBEX-35;PUT;Dic-26;16.400;19997.1;24,92;-0,06;;6.000
08/09/26;MINI IBEX-35;PUT;Dic-26;16.500;19997.1;24,62;-0,06;;3
08/09/26;MINI IBEX-35;PUT;Dic-26;16.600;19997.1;24,33;-0,07;;2
08/09/26;MINI IBEX-35;PUT;Dic-26;16.700;19997.1;24,03;-0,07;;1.516
08/09/26;MINI IBEX-35;PUT;Dic-26;16.800;19997.1;23,74;-0,08;;11
08/09/26;MINI IBEX-35;PUT;Dic-26;16.900;19997.1;23,44;-0,08;;4
08/09/26;MINI IBEX-35;PUT;Dic-26;17.000;19997.1;23,14;-0,08;;24
08/09/26;MINI IBEX-35;PUT;Dic-26;17.100;19997.1;22,85;-0,09;;7
08/09/26;MINI IBEX-35;PUT;Dic-26;17.200;19997.1;22,55;-0,10;;105
08/09/26;MINI IBEX-35;PUT;Dic-26;17.300;19997.1;22,26;-0,10;;6
08/09/26;MINI IBEX-35;PUT;Dic-26;17.400;19997.1;21,96;-0,11;;6
08/09/26;MINI IBEX-35;PUT;Dic-26;17.500;19997.1;21,67;-0,11;1;1.024
08/09/26;MINI IBEX-35;PUT;Dic-26;17.600;19997.1;21,37;-0,12;;104
08/09/26;MINI IBEX-35;PUT;Dic-26;17.700;19997.1;21,08;-0,13;;5.011
08/09/26;MINI IBEX-35;PUT;Dic-26;17.800;19997.1;20,78;-0,14;;10
08/09/26;MINI IBEX-35;PUT;Dic-26;17.900;19997.1;20,48;-0,14;;5.001
08/09/26;MINI IBEX-35;PUT;Dic-26;18.000;19997.1;20,19;-0,15;;513
08/09/26;MINI IBEX-35;PUT;Dic-26;18.100;19997.1;19,89;-0,16;;5
08/09/26;MINI IBEX-35;PUT;Dic-26;18.200;19997.1;19,60;-0,17;;11
08/09/26;MINI IBEX-35;PUT;Dic-26;18.300;19997.1;19,30;-0,18;;10
08/09/26;MINI IBEX-35;PUT;Dic-26;18.400;19997.1;19,01;-0,19;;10
08/09/26;MINI IBEX-35;PUT;Dic-26;18.500;19997.1;18,71;-0,21;;212
08/09/26;MINI IBEX-35;PUT;Dic-26;18.700;19997.1;18,12;-0,23;;7
08/09/26;MINI IBEX-35;PUT;Dic-26;18.800;19997.1;17,82;-0,25;1;7
08/09/26;MINI IBEX-35;PUT;Dic-26;18.900;19997.1;17,53;-0,26;;13
08/09/26;MINI IBEX-35;PUT;Dic-26;19.000;19997.1;17,23;-0,28;;9
08/09/26;MINI IBEX-35;PUT;Dic-26;19.100;19997.1;16,94;-0,29;;3
08/09/26;MINI IBEX-35;PUT;Dic-26;19.200;19997.1;16,64;-0,31;3;38
08/09/26;MINI IBEX-35;PUT;Dic-26;19.300;19997.1;16,35;-0,33;;4
08/09/26;MINI IBEX-35;PUT;Dic-26;19.400;19997.1;16,05;-0,35;;2
08/09/26;MINI IBEX-35;PUT;Dic-26;19.500;19997.1;15,76;-0,37;;3
08/09/26;MINI IBEX-35;PUT;Dic-26;19.600;19997.1;15,46;-0,39;;6
08/09/26;MINI IBEX-35;PUT;Dic-26;19.700;19997.1;15,16;-0,42;;1
08/09/26;MINI IBEX-35;PUT;Dic-26;19.800;19997.1;14,87;-0,44;;3
08/09/26;MINI IBEX-35;PUT;Dic-26;19.900;19997.1;14,57;-0,47;;1
08/09/26;MINI IBEX-35;PUT;Dic-26;20.000;19997.1;14,34;-0,49;;24
08/09/26;MINI IBEX-35;PUT;Dic-26;20.100;19997.1;14,20;-0,52;;11
08/09/26;MINI IBEX-35;PUT;Dic-26;20.500;19997.1;13,65;-0,63;;1
08/09/26;MINI IBEX-35;PUT;Mar-27;13.000;19997.1;30,57;-0,02;;3
08/09/26;MINI IBEX-35;PUT;Mar-27;13.800;19997.1;28,72;-0,03;;32
08/09/26;MINI IBEX-35;PUT;Mar-27;15.200;19997.1;25,48;-0,06;;1
08/09/26;MINI IBEX-35;PUT;Mar-27;15.700;19997.1;24,32;-0,07;;1
08/09/26;MINI IBEX-35;PUT;Mar-27;16.500;19997.1;22,47;-0,10;;1
08/09/26;MINI IBEX-35;PUT;Mar-27;17.000;19997.1;21,31;-0,13;;2
08/09/26;MINI IBEX-35;PUT;Mar-27;17.500;19997.1;20,15;-0,16;;21
08/09/26;MINI IBEX-35;PUT;Mar-27;17.800;19997.1;19,46;-0,18;;1
08/09/26;MINI IBEX-35;PUT;Mar-27;18.000;19997.1;19,00;-0,20;;756
08/09/26;MINI IBEX-35;PUT;Mar-27;18.100;19997.1;18,77;-0,21;;5
08/09/26;MINI IBEX-35;PUT;Mar-27;18.200;19997.1;18,53;-0,22;;5
08/09/26;MINI IBEX-35;PUT;Mar-27;18.300;19997.1;18,30;-0,23;;5
08/09/26;MINI IBEX-35;PUT;Mar-27;18.400;19997.1;18,07;-0,24;;5
08/09/26;MINI IBEX-35;PUT;Mar-27;18.500;19997.1;17,84;-0,25;;3
08/09/26;MINI IBEX-35;PUT;Mar-27;18.600;19997.1;17,61;-0,26;1;2
08/09/26;MINI IBEX-35;PUT;Mar-27;18.900;19997.1;16,91;-0,30;;2
08/09/26;MINI IBEX-35;PUT;Mar-27;19.100;19997.1;16,45;-0,32;;5
08/09/26;MINI IBEX-35;PUT;Mar-27;19.300;19997.1;15,99;-0,35;;5
08/09/26;MINI IBEX-35;PUT;Mar-27;19.500;19997.1;15,52;-0,38;;5
08/09/26;MINI IBEX-35;PUT;Mar-27;19.600;19997.1;15,29;-0,40;;5
08/09/26;MINI IBEX-35;PUT;Mar-27;19.800;19997.1;14,83;-0,43;;5
08/09/26;MINI IBEX-35;PUT;Mar-27;19.900;19997.1;14,60;-0,45;;5
08/09/26;MINI IBEX-35;PUT;Mar-27;21.400;19997.1;12,69;-0,74;;1
08/09/26;MINI IBEX-35;PUT;Mar-27;21.600;19997.1;12,46;-0,77;;2
08/09/26;MINI IBEX-35;PUT;Mar-27;21.800;19997.1;12,22;-0,81;;1
08/09/26;MINI IBEX-35;PUT;Mar-27;21.900;19997.1;12,10;-0,82;;3
08/09/26;MINI IBEX-35;PUT;Mar-27;22.000;19997.1;11,98;-0,84;;2
08/09/26;MINI IBEX-35;PUT;Mar-27;22.900;19997.1;10,92;-0,94;;2
08/09/26;MINI IBEX-35;PUT;Jun-27;13.000;19997.1;29,11;-0,04;;2
08/09/26;MINI IBEX-35;PUT;Jun-27;15.400;19997.1;24,08;-0,09;;5
08/09/26;MINI IBEX-35;PUT;Jun-27;16.000;19997.1;22,82;-0,12;;20
08/09/26;MINI IBEX-35;PUT;Jun-27;17.000;19997.1;20,73;-0,17;;1
08/09/26;MINI IBEX-35;PUT;Jun-27;18.000;19997.1;18,63;-0,24;;1
08/09/26;MINI IBEX-35;PUT;Jun-27;18.500;19997.1;17,59;-0,29;;1
08/09/26;MINI IBEX-35;PUT;Jun-27;19.700;19997.1;15,07;-0,44;;1
08/09/26;MINI IBEX-35;PUT;Jun-27;19.900;19997.1;14,66;-0,47;;1
08/09/26;MINI IBEX-35;PUT;Jun-27;20.300;19997.1;14,21;-0,53;;1
08/09/26;MINI IBEX-35;PUT;Jun-27;23.300;19997.1;10,84;-0,93;;1
08/09/26;MINI IBEX-35;PUT;Jun-27;23.400;19997.1;10,73;-0,93;;2
08/09/26;MINI IBEX-35;PUT;Jun-27;24.200;19997.1;9,83;-0,97;;2
08/09/26;MINI IBEX-35;PUT;Sep-27;12.100;19997.1;29,44;-0,03;;32
08/09/26;MINI IBEX-35;PUT;Sep-27;12.200;19997.1;29,25;-0,04;;32
08/09/26;MINI IBEX-35;PUT;Sep-27;12.300;19997.1;29,07;-0,04;;32
08/09/26;MINI IBEX-35;PUT;Sep-27;12.400;19997.1;28,88;-0,04;;32
08/09/26;MINI IBEX-35;PUT;Sep-27;14.200;19997.1;25,53;-0,07;;32
08/09/26;MINI IBEX-35;PUT;Dic-27;13.400;19997.1;26,19;-0,07;;250
08/09/26;MINI IBEX-35;PUT;Dic-27;14.700;19997.1;23,96;-0,10;;1
08/09/26;MINI IBEX-35;PUT;Dic-27;15.400;19997.1;22,76;-0,13;;32
08/09/26;MINI IBEX-35;PUT;Dic-27;15.700;19997.1;22,25;-0,14;;32
08/09/26;MINI IBEX-35;PUT;Dic-27;15.800;19997.1;22,08;-0,14;;32
08/09/26;MINI IBEX-35;PUT;Dic-27;19.300;19997.1;16,08;-0,39;;3
08/09/26;MINI IBEX-35;PUT;Dic-27;19.400;19997.1;15,91;-0,40;;6.751
08/09/26;MINI IBEX-35;PUT;Jun-28;18.400;19997.1;17,23;-0,32;;64
08/09/26;MINI IBEX-35;PUT;Jun-28;18.500;19997.1;17,08;-0,33;;64
08/09/26;MINI IBEX-35;PUT;Jun-28;19.300;19997.1;15,85;-0,39;;32
08/09/26;MINI IBEX-35;PUT;Jun-28;20.000;19997.1;14,90;-0,46;;32
08/09/26;MINI IBEX-35;PUT;Sep-28;17.500;19997.1;18,13;-0,26;;2
08/09/26;MINI IBEX-35;PUT;Dic-28;16.800;19997.1;18,75;-0,23;;1.800
08/09/26;MINI IBEX-35;PUT;Jun-29;18.800;19997.1;18,13;-0,36;;1
08/09/26;MINI IBEX-35;PUT;Jun-31;18.400;19997.1;18,87;-0,33;;1
08/09/26;ACCIONA;CALL;Sep-26;210,00;215.0;37,61;0,66;;13
08/09/26;ACCIONA;CALL;Sep-26;220,00;215.0;36,08;0,37;;5
08/09/26;ACCIONA;CALL;Sep-26;230,00;215.0;34,98;0,13;10;10
08/09/26;ACCIONA;CALL;Sep-26;260,00;215.0;31,68;;;16
08/09/26;ACCIONA;CALL;Sep-26;280,00;215.0;29,47;;;2
08/09/26;ACCIONA;CALL;Sep-26;310,00;215.0;26,17;;;5
08/09/26;ACCIONA;CALL;Sep-26;340,00;215.0;22,87;;;10
08/09/26;ACCIONA;CALL;Oct-26;220,00;215.0;34,48;0,45;;1
08/09/26;ACCIONA;CALL;Oct-26;230,00;215.0;33,67;0,29;;1
08/09/26;ACCIONA;CALL;Dic-26;210,00;215.0;35,84;0,60;;2
08/09/26;ACCIONA;CALL;Dic-26;230,00;215.0;34,51;0,41;;5
08/09/26;ACCIONA;CALL;Dic-26;260,00;215.0;33,53;0,17;;2
08/09/26;ACCIONA;CALL;Dic-26;280,00;215.0;32,88;0,08;;5
08/09/26;ACCIONA;CALL;Dic-26;320,00;215.0;31,58;0,01;;5
08/09/26;ACCIONA;CALL;Mar-27;160,00;215.0;43,09;0,87;;1
08/09/26;ACCIONA;CALL;Mar-27;270,00;215.0;33,45;0,22;;5
08/09/26;ACCIONA;CALL;Mar-27;290,00;215.0;32,83;0,14;;5
08/09/26;ACCIONA;CALL;Jun-27;220,00;215.0;33,66;0,56;;1
08/09/26;ACCIONA;PUT;Sep-26;120,00;215.0;55,03;;;1
08/09/26;ACCIONA;PUT;Sep-26;170,00;215.0;45,18;;;1
08/09/26;ACCIONA;PUT;Sep-26;185,00;215.0;42,23;-0,01;;4
08/09/26;ACCIONA;PUT;Sep-26;190,00;215.0;41,24;-0,03;;15
08/09/26;ACCIONA;PUT;Sep-26;195,00;215.0;40,26;-0,07;;35
08/09/26;ACCIONA;PUT;Sep-26;200,00;215.0;39,27;-0,12;;16
08/09/26;ACCIONA;PUT;Sep-26;210,00;215.0;37,30;-0,34;;37
08/09/26;ACCIONA;PUT;Oct-26;185,00;215.0;40,32;-0,11;;20
08/09/26;ACCIONA;PUT;Oct-26;220,00;215.0;34,20;-0,55;;2
08/09/26;ACCIONA;PUT;Nov-26;180,00;215.0;41,14;-0,14;;60
08/09/26;ACCIONA;PUT;Nov-26;185,00;215.0;40,19;-0,17;;5
08/09/26;ACCIONA;PUT;Dic-26;170,00;215.0;42,66;-0,12;;60
08/09/26;ACCIONA;PUT;Dic-26;175,00;215.0;41,83;-0,14;;62
08/09/26;ACCIONA;PUT;Dic-26;195,00;215.0;38,48;-0,27;;15
08/09/26;ACCIONA;PUT;Dic-26;200,00;215.0;37,64;-0,31;;20
08/09/26;ACCIONA;PUT;Dic-26;210,00;215.0;35,97;-0,40;;7
08/09/26;ACCIONA;PUT;Mar-27;155,00;215.0;43,68;-0,11;;60
08/09/26;ACCIONA;PUT;Mar-27;170,00;215.0;41,52;-0,17;;2
08/09/26;ACCIONA;PUT;Mar-27;200,00;215.0;37,19;-0,33;;20
08/09/26;ACCIONA;PUT;Mar-27;210,00;215.0;35,75;-0,40;;5
08/09/26;ACCIONA;CALL;Nov-26;220,00;215.0;34,43;0,48;;3
08/09/26;ACCIONA ENERGIA;CALL;Sep-26;29,00;22.2;31,48;;;1
08/09/26;ACCIONA ENERGIA;CALL;Dic-26;24,00;22.2;31,99;0,37;;3
08/09/26;ACCIONA ENERGIA;CALL;Dic-26;25,00;22.2;31,99;0,28;;1
08/09/26;ACCIONA ENERGIA;CALL;Dic-26;27,00;22.2;31,99;0,15;;1
08/09/26;ACCIONA ENERGIA;CALL;Dic-26;30,00;22.2;31,99;0,05;;1
08/09/26;ACCIONA ENERGIA;CALL;Dic-26;31,00;22.2;31,99;0,03;;1
08/09/26;ACCIONA ENERGIA;PUT;Sep-26;20,00;22.2;34,87;-0,03;;3
08/09/26;ACCIONA ENERGIA;PUT;Sep-26;21,00;22.2;34,19;-0,16;;22
08/09/26;ACCIONA ENERGIA;PUT;Sep-26;22,00;22.2;33,52;-0,42;;10
08/09/26;ACCIONA ENERGIA;PUT;Sep-26;23,00;22.2;33,36;-0,73;5;7
08/09/26;ACCIONA ENERGIA;PUT;Sep-26;24,00;22.2;33,33;-0,92;5;5
08/09/26;ACCIONA ENERGIA;PUT;Oct-26;22,00;22.2;33,53;-0,44;;20
08/09/26;ACCIONA ENERGIA;PUT;Dic-26;18,00;22.2;37,19;-0,12;;2
08/09/26;ACCIONA ENERGIA;PUT;Dic-26;19,00;22.2;36,51;-0,17;;3
08/09/26;ACCIONA ENERGIA;PUT;Dic-26;20,00;22.2;35,84;-0,25;;1
08/09/26;ACCIONA ENERGIA;PUT;Dic-26;21,00;22.2;35,16;-0,34;;15
08/09/26;ACCIONA ENERGIA;PUT;Jun-27;24,00;22.2;29,77;-0,55;;13
08/09/26;ACERINOX;CALL;Sep-26;14,50;17.96;37,11;1,00;;150
08/09/26;ACERINOX;CALL;Sep-26;15,50;17.96;35,31;1,00;;10
08/09/26;ACERINOX;CALL;Sep-26;16,00;17.96;34,41;0,98;;11
08/09/26;ACERINOX;CALL;Sep-26;17,00;17.96;32,61;0,85;;13
08/09/26;ACERINOX;CALL;Sep-26;17,50;17.96;31,71;0,70;;8
08/09/26;ACERINOX;CALL;Sep-26;18,00;17.96;30,82;0,50;;7
08/09/26;ACERINOX;CALL;Sep-26;18,50;17.96;30,07;0,29;1;47
08/09/26;ACERINOX;CALL;Sep-26;19,00;17.96;29,32;0,13;;10
08/09/26;ACERINOX;CALL;Sep-26;21,00;17.96;26,31;;;1
08/09/26;ACERINOX;CALL;Oct-26;16,50;17.96;33,60;0,80;;3
08/09/26;ACERINOX;CALL;Oct-26;17,50;17.96;31,82;0,63;;3
08/09/26;ACERINOX;CALL;Oct-26;18,50;17.96;30,49;0,41;;24
08/09/26;ACERINOX;CALL;Oct-26;19,00;17.96;30,02;0,31;10;11
08/09/26;ACERINOX;CALL;Oct-26;19,50;17.96;29,54;0,21;;10
08/09/26;ACERINOX;CALL;Nov-26;18,50;17.96;31,33;0,46;;3
08/09/26;ACERINOX;CALL;Dic-26;6,00;17.96;49,00;1,00;;20
08/09/26;ACERINOX;CALL;Dic-26;9,75;17.96;43,36;1,00;;2
08/09/26;ACERINOX;CALL;Dic-26;11,00;17.96;41,48;0,99;;10
08/09/26;ACERINOX;CALL;Dic-26;13,00;17.96;38,48;0,96;;11
08/09/26;ACERINOX;CALL;Dic-26;13,50;17.96;37,72;0,94;;20
08/09/26;ACERINOX;CALL;Dic-26;14,00;17.96;36,97;0,92;;10
08/09/26;ACERINOX;CALL;Dic-26;14,50;17.96;36,22;0,90;;10
08/09/26;ACERINOX;CALL;Dic-26;15,00;17.96;35,47;0,86;;20
08/09/26;ACERINOX;CALL;Dic-26;16,00;17.96;33,97;0,78;;10
08/09/26;ACERINOX;CALL;Dic-26;16,50;17.96;33,21;0,73;;3
08/09/26;ACERINOX;CALL;Dic-26;17,00;17.96;32,46;0,67;;15
08/09/26;ACERINOX;CALL;Dic-26;17,50;17.96;31,71;0,61;;35
08/09/26;ACERINOX;CALL;Dic-26;18,00;17.96;31,01;0,54;;20
08/09/26;ACERINOX;CALL;Dic-26;18,50;17.96;30,88;0,48;;12
08/09/26;ACERINOX;CALL;Dic-26;19,00;17.96;30,75;0,41;;20
08/09/26;ACERINOX;CALL;Dic-26;19,50;17.96;30,62;0,35;;11
08/09/26;ACERINOX;CALL;Dic-26;20,00;17.96;30,49;0,29;;11
08/09/26;ACERINOX;CALL;Dic-26;22,00;17.96;29,97;0,12;;1
08/09/26;ACERINOX;CALL;Dic-26;24,00;17.96;29,45;0,04;;51
08/09/26;ACERINOX;CALL;Mar-27;8,75;17.96;43,12;1,00;;1
08/09/26;ACERINOX;CALL;Mar-27;11,00;17.96;40,37;0,98;;15
08/09/26;ACERINOX;CALL;Mar-27;13,00;17.96;37,92;0,93;;1
08/09/26;ACERINOX;CALL;Mar-27;13,50;17.96;37,30;0,90;;5
08/09/26;ACERINOX;CALL;Mar-27;14,50;17.96;36,08;0,85;;150
08/09/26;ACERINOX;CALL;Mar-27;15,50;17.96;34,85;0,78;;150
08/09/26;ACERINOX;CALL;Mar-27;16,00;17.96;34,24;0,74;;150
08/09/26;ACERINOX;CALL;Mar-27;17,00;17.96;33,02;0,65;;150
08/09/26;ACERINOX;CALL;Mar-27;17,50;17.96;32,40;0,60;;100
08/09/26;ACERINOX;CALL;Mar-27;18,50;17.96;31,70;0,50;;50
08/09/26;ACERINOX;CALL;Mar-27;19,00;17.96;31,57;0,45;;25
08/09/26;ACERINOX;CALL;Jun-27;16,00;17.96;35,10;0,71;;1
08/09/26;ACERINOX;CALL;Jun-27;17,50;17.96;33,23;0,60;;4
08/09/26;ACERINOX;CALL;Sep-27;13,50;17.96;39,56;0,84;;5
08/09/26;ACERINOX;CALL;Sep-27;14,00;17.96;38,91;0,81;;1
08/09/26;ACERINOX;CALL;Sep-27;16,50;17.96;35,67;0,67;;150
08/09/26;ACERINOX;CALL;Sep-27;18,50;17.96;33,61;0,53;;1
08/09/26;ACERINOX;CALL;Dic-27;11,00;17.96;41,11;0,92;;10
08/09/26;ACERINOX;CALL;Dic-27;12,00;17.96;39,96;0,89;;1
08/09/26;ACERINOX;CALL;Dic-27;13,00;17.96;38,81;0,84;;10
08/09/26;ACERINOX;CALL;Jun-28;12,50;17.96;37,37;0,85;;10
08/09/26;ACERINOX;PUT;Sep-26;9,00;17.96;45,33;;;23
08/09/26;ACERINOX;PUT;Sep-26;9,50;17.96;44,43;;;43
08/09/26;ACERINOX;PUT;Sep-26;9,75;17.96;43,98;;;1
08/09/26;ACERINOX;PUT;Sep-26;10,00;17.96;43,53;;;10
08/09/26;ACERINOX;PUT;Sep-26;10,50;17.96;42,63;;;40
08/09/26;ACERINOX;PUT;Sep-26;11,00;17.96;41,73;;;150
08/09/26;ACERINOX;PUT;Sep-26;12,00;17.96;39,93;;;10
08/09/26;ACERINOX;PUT;Sep-26;13,00;17.96;38,13;;;9
08/09/26;ACERINOX;PUT;Sep-26;14,00;17.96;36,33;;;10
08/09/26;ACERINOX;PUT;Sep-26;15,00;17.96;34,53;;;5
08/09/26;ACERINOX;PUT;Sep-26;15,50;17.96;33,63;;;22
08/09/26;ACERINOX;PUT;Sep-26;16,00;17.96;32,73;-0,02;;40
08/09/26;ACERINOX;PUT;Sep-26;17,00;17.96;30,93;-0,13;;11
08/09/26;ACERINOX;PUT;Sep-26;17,50;17.96;30,03;-0,29;;11
08/09/26;ACERINOX;PUT;Sep-26;18,00;17.96;29,14;-0,50;;3
08/09/26;ACERINOX;PUT;Sep-26;18,50;17.96;28,39;-0,73;;25
08/09/26;ACERINOX;PUT;Oct-26;15,50;17.96;32,80;-0,07;;10
08/09/26;ACERINOX;PUT;Oct-26;17,50;17.96;29,24;-0,37;35;35
08/09/26;ACERINOX;PUT;Nov-26;17,50;17.96;29,31;-0,39;;3
08/09/26;ACERINOX;PUT;Dic-26;9,50;17.96;41,99;;;1
08/09/26;ACERINOX;PUT;Dic-26;9,75;17.96;41,61;;;1
08/09/26;ACERINOX;PUT;Dic-26;10,00;17.96;41,24;;;97
08/09/26;ACERINOX;PUT;Dic-26;10,50;17.96;40,48;;;35
08/09/26;ACERINOX;PUT;Dic-26;11,00;17.96;39,73;-0,01;;51
08/09/26;ACERINOX;PUT;Dic-26;11,50;17.96;38,98;-0,01;;25
08/09/26;ACERINOX;PUT;Dic-26;12,00;17.96;38,23;-0,02;;75
08/09/26;ACERINOX;PUT;Dic-26;12,50;17.96;37,48;-0,02;;145
08/09/26;ACERINOX;PUT;Dic-26;13,00;17.96;36,73;-0,04;;10
08/09/26;ACERINOX;PUT;Dic-26;13,50;17.96;35,97;-0,05;;45
08/09/26;ACERINOX;PUT;Dic-26;15,00;17.96;33,72;-0,13;;20
08/09/26;ACERINOX;PUT;Dic-26;15,50;17.96;32,97;-0,17;5;25
08/09/26;ACERINOX;PUT;Dic-26;16,50;17.96;31,46;-0,27;10;10
08/09/26;ACERINOX;PUT;Dic-26;17,00;17.96;30,71;-0,33;;30
08/09/26;ACERINOX;PUT;Dic-26;18,00;17.96;29,26;-0,46;;50
08/09/26;ACERINOX;PUT;Mar-27;8,00;17.96;42,16;;;2
08/09/26;ACERINOX;PUT;Mar-27;10,00;17.96;39,71;-0,02;;175
08/09/26;ACERINOX;PUT;Mar-27;10,50;17.96;39,10;-0,02;;60
08/09/26;ACERINOX;PUT;Mar-27;11,00;17.96;38,49;-0,03;;160
08/09/26;ACERINOX;PUT;Mar-27;11,50;17.96;37,87;-0,04;;126
08/09/26;ACERINOX;PUT;Mar-27;12,00;17.96;37,26;-0,05;;70
08/09/26;ACERINOX;PUT;Mar-27;13,50;17.96;35,42;-0,11;;7
08/09/26;ACERINOX;PUT;Mar-27;15,00;17.96;33,59;-0,20;;100
08/09/26;ACERINOX;PUT;Mar-27;15,50;17.96;32,97;-0,24;;11
08/09/26;ACERINOX;PUT;Mar-27;16,00;17.96;32,36;-0,28;;3
08/09/26;ACERINOX;PUT;Mar-27;17,00;17.96;31,14;-0,37;;10
08/09/26;ACERINOX;PUT;Jun-27;8,75;17.96;41,91;-0,02;;1
08/09/26;ACERINOX;PUT;Jun-27;10,00;17.96;40,36;-0,03;;243
08/09/26;ACERINOX;PUT;Jun-27;11,00;17.96;39,11;-0,06;;110
08/09/26;ACERINOX;PUT;Jun-27;15,00;17.96;34,14;-0,23;;10
08/09/26;ACERINOX;PUT;Sep-27;10,00;17.96;40,57;-0,05;;150
08/09/26;ACERINOX;PUT;Sep-27;10,50;17.96;39,92;-0,07;;150
08/09/26;ACERINOX;PUT;Sep-27;11,00;17.96;39,27;-0,08;;150
08/09/26;ACERINOX;PUT;Sep-27;11,50;17.96;38,62;-0,09;;150
08/09/26;ACERINOX;PUT;Sep-27;12,00;17.96;37,97;-0,11;;207
08/09/26;ACERINOX;PUT;Dic-27;12,00;17.96;36,66;-0,12;;150
08/09/26;ACERINOX;PUT;Mar-28;12,00;17.96;34,96;-0,13;;208
08/09/26;ACERINOX;PUT;Sep-28;18,00;17.96;29,06;-0,44;;138
08/09/26;ACS;CALL;Sep-26;105,00;104.8;33,91;0,50;;5
08/09/26;ACS;CALL;Sep-26;108,00;104.8;33,07;0,30;;20
08/09/26;ACS;CALL;Sep-26;110,00;104.8;32,51;0,20;1;8
08/09/26;ACS;CALL;Sep-26;115,00;104.8;31,12;0,04;;45
08/09/26;ACS;CALL;Sep-26;120,00;104.8;29,72;;;21
08/09/26;ACS;CALL;Sep-26;125,00;104.8;28,32;;;6
08/09/26;ACS;CALL;Sep-26;130,00;104.8;26,92;;;104
08/09/26;ACS;CALL;Sep-26;140,00;104.8;24,12;;;12
08/09/26;ACS;CALL;Sep-26;145,00;104.8;22,72;;;22
08/09/26;ACS;CALL;Sep-26;150,00;104.8;21,32;;;3
08/09/26;ACS;CALL;Sep-26;155,00;104.8;19,92;;;5
08/09/26;ACS;CALL;Sep-26;165,00;104.8;17,12;;;5
08/09/26;ACS;CALL;Oct-26;110,00;104.8;32,32;0,35;;17
08/09/26;ACS;CALL;Oct-26;115,00;104.8;31,80;0,20;;7
08/09/26;ACS;CALL;Oct-26;120,00;104.8;31,27;0,10;;6
08/09/26;ACS;CALL;Oct-26;125,00;104.8;30,75;0,04;;1
08/09/26;ACS;CALL;Oct-26;130,00;104.8;30,22;0,02;;5
08/09/26;ACS;CALL;Oct-26;140,00;104.8;29,18;;;3
08/09/26;ACS;CALL;Nov-26;110,00;104.8;32,91;0,41;;1
08/09/26;ACS;CALL;Nov-26;120,00;104.8;32,91;0,21;;1
08/09/26;ACS;CALL;Nov-26;125,00;104.8;32,91;0,14;;1
08/09/26;ACS;CALL;Dic-26;86,00;104.8;38,67;0,86;;1
08/09/26;ACS;CALL;Dic-26;90,00;104.8;37,57;0,82;;25
08/09/26;ACS;CALL;Dic-26;92,00;104.8;37,01;0,79;;25
08/09/26;ACS;CALL;Dic-26;105,00;104.8;33,45;0,55;;2
08/09/26;ACS;CALL;Dic-26;110,00;104.8;33,04;0,44;;5
08/09/26;ACS;CALL;Dic-26;115,00;104.8;32,63;0,34;;85
08/09/26;ACS;CALL;Dic-26;120,00;104.8;32,21;0,25;;90
08/09/26;ACS;CALL;Dic-26;125,00;104.8;31,80;0,18;2;86
08/09/26;ACS;CALL;Dic-26;130,00;104.8;31,39;0,12;;711
08/09/26;ACS;CALL;Dic-26;135,00;104.8;30,97;0,08;;4
08/09/26;ACS;CALL;Dic-26;140,00;104.8;30,56;0,05;;2
08/09/26;ACS;CALL;Dic-26;145,00;104.8;30,15;0,03;;9
08/09/26;ACS;CALL;Dic-26;150,00;104.8;29,73;0,01;;80
08/09/26;ACS;CALL;Dic-26;155,00;104.8;29,32;0,01;;15
08/09/26;ACS;CALL;Dic-26;160,00;104.8;28,91;;;15
08/09/26;ACS;CALL;Dic-26;165,00;104.8;28,49;;;25
08/09/26;ACS;CALL;Mar-27;92,00;104.8;36,98;0,74;;1
08/09/26;ACS;CALL;Mar-27;96,00;104.8;36,08;0,69;;1
08/09/26;ACS;CALL;Mar-27;100,00;104.8;35,17;0,64;;1
08/09/26;ACS;CALL;Mar-27;115,00;104.8;33,54;0,41;;5
08/09/26;ACS;CALL;Mar-27;140,00;104.8;32,19;0,14;;180
08/09/26;ACS;CALL;Mar-27;145,00;104.8;31,92;0,10;;5
08/09/26;ACS;CALL;Mar-27;150,00;104.8;31,65;0,08;;200
08/09/26;ACS;CALL;Mar-27;155,00;104.8;31,38;0,06;;20
08/09/26;ACS;CALL;Mar-27;160,00;104.8;31,11;0,04;;20
08/09/26;ACS;CALL;Mar-27;165,00;104.8;30,83;0,03;;60
08/09/26;ACS;CALL;Jun-27;54,00;104.8;45,72;0,97;;1
08/09/26;ACS;CALL;Jun-27;56,00;104.8;45,24;0,96;;2
08/09/26;ACS;CALL;Jun-27;88,00;104.8;37,61;0,77;;1
08/09/26;ACS;CALL;Jun-27;96,00;104.8;35,70;0,69;;25
08/09/26;ACS;CALL;Jun-27;100,00;104.8;34,75;0,64;;25
08/09/26;ACS;CALL;Jun-27;125,00;104.8;33,28;0,35;;16
08/09/26;ACS;CALL;Jun-27;165,00;104.8;32,64;0,08;;5
08/09/26;ACS;CALL;Sep-27;86,00;104.8;37,97;0,78;;25
08/09/26;ACS;CALL;Sep-27;105,00;104.8;33,78;0,58;;25
08/09/26;ACS;CALL;Dic-27;70,00;104.8;40,19;0,89;;60
08/09/26;ACS;CALL;Dic-27;88,00;104.8;36,59;0,75;;5
08/09/26;ACS;CALL;Dic-27;90,00;104.8;36,19;0,73;;5
08/09/26;ACS;CALL;Dic-27;94,00;104.8;35,38;0,70;;25
08/09/26;ACS;CALL;Dic-27;110,00;104.8;33,19;0,54;;250
08/09/26;ACS;CALL;Dic-27;130,00;104.8;33,06;0,36;;10
08/09/26;ACS;CALL;Mar-28;115,00;104.8;31,83;0,50;;1
08/09/26;ACS;PUT;Sep-26;50,00;104.8;50,59;;;25
08/09/26;ACS;PUT;Sep-26;52,00;104.8;49,97;;;50
08/09/26;ACS;PUT;Sep-26;54,00;104.8;49,34;;;50
08/09/26;ACS;PUT;Sep-26;56,00;104.8;48,72;;;51
08/09/26;ACS;PUT;Sep-26;66,00;104.8;45,60;;;25
08/09/26;ACS;PUT;Sep-26;68,00;104.8;44,98;;;25
08/09/26;ACS;PUT;Sep-26;70,00;104.8;44,36;;;25
08/09/26;ACS;PUT;Sep-26;72,00;104.8;43,73;;;1
08/09/26;ACS;PUT;Sep-26;76,00;104.8;42,49;;;42
08/09/26;ACS;PUT;Sep-26;78,00;104.8;41,86;;;52
08/09/26;ACS;PUT;Sep-26;80,00;104.8;41,24;;;27
08/09/26;ACS;PUT;Sep-26;84,00;104.8;39,99;;;25
08/09/26;ACS;PUT;Sep-26;88,00;104.8;38,75;;;1
08/09/26;ACS;PUT;Sep-26;90,00;104.8;38,12;-0,01;;25
08/09/26;ACS;PUT;Sep-26;94,00;104.8;36,88;-0,03;;5
08/09/26;ACS;PUT;Sep-26;96,00;104.8;36,25;-0,07;;9
08/09/26;ACS;PUT;Sep-26;98,00;104.8;35,63;-0,12;1;5
08/09/26;ACS;PUT;Sep-26;100,00;104.8;35,01;-0,20;;33
08/09/26;ACS;PUT;Sep-26;105,00;104.8;33,45;-0,50;;10
08/09/26;ACS;PUT;Sep-26;110,00;104.8;32,05;-0,81;;31
08/09/26;ACS;PUT;Sep-26;115,00;104.8;30,66;-0,97;;4
08/09/26;ACS;PUT;Sep-26;120,00;104.8;29,26;-1,00;;5
08/09/26;ACS;PUT;Oct-26;84,00;104.8;37,84;-0,03;;1
08/09/26;ACS;PUT;Oct-26;88,00;104.8;36,64;-0,06;;2
08/09/26;ACS;PUT;Oct-26;90,00;104.8;36,04;-0,08;;3
08/09/26;ACS;PUT;Oct-26;92,00;104.8;35,45;-0,11;;1
08/09/26;ACS;PUT;Oct-26;100,00;104.8;33,06;-0,31;;1
08/09/26;ACS;PUT;Oct-26;110,00;104.8;31,07;-0,66;;6
08/09/26;ACS;PUT;Nov-26;78,00;104.8;39,29;-0,04;;1
08/09/26;ACS;PUT;Nov-26;92,00;104.8;35,15;-0,18;;1
08/09/26;ACS;PUT;Nov-26;100,00;104.8;32,78;-0,34;;1
08/09/26;ACS;PUT;Nov-26;110,00;104.8;31,36;-0,60;;1
08/09/26;ACS;PUT;Nov-26;115,00;104.8;31,36;-0,72;;5
08/09/26;ACS;PUT;Dic-26;23,00;104.8;54,64;;;201
08/09/26;ACS;PUT;Dic-26;24,00;104.8;54,36;;;25
08/09/26;ACS;PUT;Dic-26;25,00;104.8;54,08;;;25
08/09/26;ACS;PUT;Dic-26;27,00;104.8;53,53;;;25
08/09/26;ACS;PUT;Dic-26;28,00;104.8;53,25;;;75
08/09/26;ACS;PUT;Dic-26;29,00;104.8;52,98;;;75
08/09/26;ACS;PUT;Dic-26;30,00;104.8;52,70;;;17
08/09/26;ACS;PUT;Dic-26;33,00;104.8;51,87;;;6
08/09/26;ACS;PUT;Dic-26;34,00;104.8;51,59;;;25
08/09/26;ACS;PUT;Dic-26;35,00;104.8;51,31;;;200
08/09/26;ACS;PUT;Dic-26;46,00;104.8;48,27;;;25
08/09/26;ACS;PUT;Dic-26;54,00;104.8;46,06;;;25
08/09/26;ACS;PUT;Dic-26;58,00;104.8;44,95;;;25
08/09/26;ACS;PUT;Dic-26;60,00;104.8;44,40;-0,01;;95
08/09/26;ACS;PUT;Dic-26;62,00;104.8;43,84;-0,01;;5
08/09/26;ACS;PUT;Dic-26;66,00;104.8;42,74;-0,01;;1
08/09/26;ACS;PUT;Dic-26;68,00;104.8;42,18;-0,02;;4
08/09/26;ACS;PUT;Dic-26;76,00;104.8;39,97;-0,05;;6
08/09/26;ACS;PUT;Dic-26;78,00;104.8;39,42;-0,06;;5
08/09/26;ACS;PUT;Dic-26;80,00;104.8;38,86;-0,07;;5
08/09/26;ACS;PUT;Dic-26;82,00;104.8;38,31;-0,09;;10
08/09/26;ACS;PUT;Dic-26;84,00;104.8;37,76;-0,11;;14
08/09/26;ACS;PUT;Dic-26;86,00;104.8;37,20;-0,13;;10
08/09/26;ACS;PUT;Dic-26;88,00;104.8;36,65;-0,15;;45
08/09/26;ACS;PUT;Dic-26;90,00;104.8;36,10;-0,18;;44
08/09/26;ACS;PUT;Dic-26;94,00;104.8;34,99;-0,24;;46
08/09/26;ACS;PUT;Dic-26;96,00;104.8;34,44;-0,27;;80
08/09/26;ACS;PUT;Dic-26;98,00;104.8;33,88;-0,31;;10
08/09/26;ACS;PUT;Dic-26;100,00;104.8;33,33;-0,35;;177
08/09/26;ACS;PUT;Dic-26;105,00;104.8;31,98;-0,46;;3
08/09/26;ACS;PUT;Dic-26;110,00;104.8;31,57;-0,57;;50
08/09/26;ACS;PUT;Dic-26;115,00;104.8;31,16;-0,68;;10
08/09/26;ACS;PUT;Dic-26;125,00;104.8;30,33;-0,86;;10
08/09/26;ACS;PUT;Mar-27;60,00;104.8;42,23;-0,02;;1
08/09/26;ACS;PUT;Mar-27;68,00;104.8;40,42;-0,05;;1
08/09/26;ACS;PUT;Mar-27;86,00;104.8;36,36;-0,18;;5
08/09/26;ACS;PUT;Mar-27;88,00;104.8;35,90;-0,20;;2
08/09/26;ACS;PUT;Mar-27;90,00;104.8;35,45;-0,23;;18
08/09/26;ACS;PUT;Mar-27;92,00;104.8;35,00;-0,25;;2
08/09/26;ACS;PUT;Mar-27;96,00;104.8;34,10;-0,31;;2
08/09/26;ACS;PUT;Mar-27;98,00;104.8;33,65;-0,34;;115
08/09/26;ACS;PUT;Mar-27;100,00;104.8;33,19;-0,37;;110
08/09/26;ACS;PUT;Mar-27;105,00;104.8;32,10;-0,45;;6
08/09/26;ACS;PUT;Mar-27;110,00;104.8;31,83;-0,53;;10
08/09/26;ACS;PUT;Jun-27;22,00;104.8;51,19;;;360
08/09/26;ACS;PUT;Jun-27;24,00;104.8;50,71;;;85
08/09/26;ACS;PUT;Jun-27;28,00;104.8;49,76;;;2
08/09/26;ACS;PUT;Jun-27;33,00;104.8;48,57;;;2
08/09/26;ACS;PUT;Jun-27;70,00;104.8;39,74;-0,09;;1
08/09/26;ACS;PUT;Jun-27;92,00;104.8;34,49;-0,27;;1
08/09/26;ACS;PUT;Sep-27;78,00;104.8;36,90;-0,16;;25
08/09/26;ACS;PUT;Sep-27;92,00;104.8;33,78;-0,29;;25
08/09/26;ACS;PUT;Dic-27;50,00;104.8;41,71;-0,03;;25
08/09/26;ACS;PUT;Dic-27;78,00;104.8;36,10;-0,17;;25
08/09/26;ACS;PUT;Dic-27;82,00;104.8;35,30;-0,20;;10
08/09/26;ACS;PUT;Dic-27;84,00;104.8;34,90;-0,22;;5
08/09/26;ACS;PUT;Dic-27;98,00;104.8;32,09;-0,35;;25
08/09/26;ACS;PUT;Dic-27;100,00;104.8;31,69;-0,38;;25
08/09/26;ACS;PUT;Dic-27;115,00;104.8;30,67;-0,54;;5
08/09/26;ACS;PUT;Jun-28;105,00;104.8;28,92;-0,42;;1
08/09/26;ACS;CALL;Dic-26;50,00;104.8;48,63;0,99;;1
08/09/26;ACS;PUT;Sep-26;140,00;104.8;23,66;-1,00;;5
08/09/26;AENA;CALL;Sep-26;24,00;25.56;24,44;0,94;;2
08/09/26;AENA;CALL;Sep-26;25,00;25.56;23,28;0,73;;25
08/09/26;AENA;CALL;Sep-26;26,00;25.56;22,31;0,34;;2
08/09/26;AENA;CALL;Sep-26;26,50;25.56;21,94;0,17;;1
08/09/26;AENA;CALL;Sep-26;27,00;25.56;21,58;0,07;;873
08/09/26;AENA;CALL;Sep-26;28,00;25.56;20,85;;;3
08/09/26;AENA;CALL;Oct-26;25,00;25.56;23,53;0,64;;10
08/09/26;AENA;CALL;Oct-26;26,00;25.56;22,57;0,44;;1
08/09/26;AENA;CALL;Oct-26;27,00;25.56;21,84;0,24;;1
08/09/26;AENA;CALL;Oct-26;29,00;25.56;20,38;0,03;;10
08/09/26;AENA;CALL;Dic-26;26,00;25.56;22,53;0,49;;3
08/09/26;AENA;CALL;Dic-26;27,00;25.56;21,95;0,36;;72
08/09/26;AENA;CALL;Dic-26;29,00;25.56;20,81;0,15;;6
08/09/26;AENA;CALL;Mar-27;21,00;25.56;27,83;0,87;;6
08/09/26;AENA;CALL;Mar-27;26,00;25.56;23,23;0,53;;3
08/09/26;AENA;CALL;Mar-27;27,00;25.56;22,79;0,43;;30
08/09/26;AENA;CALL;Jun-27;25,00;25.56;23,64;0,62;;2
08/09/26;AENA;CALL;Jun-27;29,00;25.56;21,93;0,29;;150
08/09/26;AENA;CALL;Jun-27;34,00;25.56;20,17;0,06;;100
08/09/26;AENA;CALL;Dic-27;23,00;25.56;25,29;0,73;;16
08/09/26;AENA;CALL;Dic-27;25,00;25.56;23,91;0,60;;25
08/09/26;AENA;CALL;Dic-27;28,00;25.56;22,79;0,40;;25
08/09/26;AENA;PUT;Sep-26;18,50;25.56;30,33;;;2
08/09/26;AENA;PUT;Sep-26;19,00;25.56;29,75;;;32
08/09/26;AENA;PUT;Sep-26;19,50;25.56;29,17;;;4
08/09/26;AENA;PUT;Sep-26;20,00;25.56;28,59;;;14
08/09/26;AENA;PUT;Sep-26;21,00;25.56;27,43;;;97
08/09/26;AENA;PUT;Sep-26;22,00;25.56;26,27;;;60
08/09/26;AENA;PUT;Sep-26;23,00;25.56;25,11;;;40
08/09/26;AENA;PUT;Sep-26;24,00;25.56;23,95;-0,05;;11
08/09/26;AENA;PUT;Sep-26;25,00;25.56;22,79;-0,27;;12
08/09/26;AENA;PUT;Sep-26;26,00;25.56;21,82;-0,67;;1
08/09/26;AENA;PUT;Sep-26;26,50;25.56;21,45;-0,84;;1
08/09/26;AENA;PUT;Sep-26;27,00;25.56;21,09;-0,94;;53
08/09/26;AENA;PUT;Sep-26;27,50;25.56;20,72;-0,99;;1
08/09/26;AENA;PUT;Oct-26;24,00;25.56;23,98;-0,19;2;2
08/09/26;AENA;PUT;Oct-26;25,00;25.56;22,83;-0,36;;3
08/09/26;AENA;PUT;Oct-26;26,00;25.56;21,87;-0,57;;1
08/09/26;AENA;PUT;Oct-26;27,00;25.56;21,14;-0,78;;1
08/09/26;AENA;PUT;Nov-26;23,00;25.56;25,15;-0,15;;1
08/09/26;AENA;PUT;Dic-26;18,00;25.56;30,21;-0,01;;2
08/09/26;AENA;PUT;Dic-26;19,00;25.56;29,15;-0,02;;3
08/09/26;AENA;PUT;Dic-26;19,50;25.56;28,62;-0,03;;12
08/09/26;AENA;PUT;Dic-26;20,00;25.56;28,09;-0,04;;4
08/09/26;AENA;PUT;Dic-26;21,00;25.56;27,04;-0,07;;5
08/09/26;AENA;PUT;Dic-26;22,00;25.56;25,98;-0,11;;207
08/09/26;AENA;PUT;Dic-26;23,00;25.56;24,92;-0,18;;2
08/09/26;AENA;PUT;Dic-26;24,00;25.56;23,87;-0,27;;2
08/09/26;AENA;PUT;Dic-26;25,00;25.56;22,81;-0,39;;31
08/09/26;AENA;PUT;Mar-27;18,00;25.56;29,13;-0,03;;2
08/09/26;AENA;PUT;Mar-27;20,00;25.56;27,20;-0,08;;500
08/09/26;AENA;PUT;Mar-27;20,50;25.56;26,71;-0,10;;1
08/09/26;AENA;PUT;Mar-27;21,00;25.56;26,23;-0,12;;9
08/09/26;AENA;PUT;Mar-27;22,00;25.56;25,27;-0,17;;6
08/09/26;AENA;PUT;Mar-27;24,00;25.56;23,34;-0,30;;3
08/09/26;AENA;PUT;Mar-27;26,00;25.56;21,63;-0,49;;6
08/09/26;AENA;PUT;Jun-27;18,00;25.56;26,52;-0,07;;1
08/09/26;AENA;PUT;Jun-27;19,00;25.56;25,62;-0,10;;1
08/09/26;AENA;PUT;Jun-27;23,00;25.56;22,02;-0,31;;6
08/09/26;AENA;PUT;Jun-27;24,00;25.56;21,12;-0,39;;1
08/09/26;AENA;PUT;Jun-27;25,00;25.56;20,22;-0,48;;25
08/09/26;AENA;PUT;Jun-27;26,00;25.56;19,57;-0,57;;26
08/09/26;AENA;PUT;Jun-27;27,00;25.56;19,21;-0,66;;25
08/09/26;AENA;PUT;Sep-27;18,00;25.56;25,47;-0,08;;1
08/09/26;AENA;PUT;Sep-27;23,00;25.56;21,62;-0,32;;1
08/09/26;ALMIRALL;CALL;Sep-26;11,50;10.36;27,13;0,01;;3
08/09/26;ALMIRALL;CALL;Sep-26;14,00;10.36;26,81;;;10
08/09/26;ALMIRALL;CALL;Dic-26;12,00;10.36;26,74;0,18;;4
08/09/26;ALMIRALL;PUT;Sep-26;10,50;10.36;28,26;-0,60;;3
08/09/26;ALMIRALL;PUT;Sep-26;12,00;10.36;28,07;-1,00;;1
08/09/26;ALMIRALL;PUT;Dic-26;11,00;10.36;28,00;-0,62;;4
08/09/26;AMADEUS;CALL;Sep-26;38,00;56.58;38,77;1,00;;1
08/09/26;AMADEUS;CALL;Sep-26;49,00;56.58;31,77;1,00;;25
08/09/26;AMADEUS;CALL;Sep-26;50,00;56.58;31,14;0,99;;150
08/09/26;AMADEUS;CALL;Sep-26;52,00;56.58;29,86;0,96;;873
08/09/26;AMADEUS;CALL;Sep-26;54,00;56.58;28,59;0,85;;4
08/09/26;AMADEUS;CALL;Sep-26;56,00;56.58;27,32;0,60;;458
08/09/26;AMADEUS;CALL;Sep-26;58,00;56.58;26,68;0,30;;31
08/09/26;AMADEUS;CALL;Sep-26;60,00;56.58;26,31;0,10;;27
08/09/26;AMADEUS;CALL;Sep-26;62,00;56.58;25,93;0,02;;1.001
08/09/26;AMADEUS;CALL;Sep-26;64,00;56.58;25,55;;;2
08/09/26;AMADEUS;CALL;Sep-26;66,00;56.58;25,17;;;7
08/09/26;AMADEUS;CALL;Sep-26;70,00;56.58;24,42;;;31
08/09/26;AMADEUS;CALL;Sep-26;72,00;56.58;24,04;;;25
08/09/26;AMADEUS;CALL;Sep-26;74,00;56.58;23,67;;;25
08/09/26;AMADEUS;CALL;Sep-26;84,00;56.58;21,78;;;24
08/09/26;AMADEUS;CALL;Oct-26;48,00;56.58;33,19;0,95;;1
08/09/26;AMADEUS;CALL;Oct-26;56,00;56.58;28,19;0,57;;1
08/09/26;AMADEUS;CALL;Oct-26;60,00;56.58;27,23;0,28;;5
08/09/26;AMADEUS;CALL;Oct-26;62,00;56.58;26,87;0,16;;992
08/09/26;AMADEUS;CALL;Oct-26;64,00;56.58;26,52;0,08;;1.302
08/09/26;AMADEUS;CALL;Oct-26;66,00;56.58;26,17;0,04;;2
08/09/26;AMADEUS;CALL;Nov-26;58,00;56.58;27,91;0,46;;1
08/09/26;AMADEUS;CALL;Nov-26;60,00;56.58;27,56;0,36;;50
08/09/26;AMADEUS;CALL;Nov-26;64,00;56.58;26,85;0,18;;468
08/09/26;AMADEUS;CALL;Nov-26;66,00;56.58;26,50;0,12;;443
08/09/26;AMADEUS;CALL;Nov-26;68,00;56.58;26,14;0,07;;1
08/09/26;AMADEUS;CALL;Dic-26;38,00;56.58;39,00;0,98;;4
08/09/26;AMADEUS;CALL;Dic-26;39,00;56.58;38,40;0,98;;25
08/09/26;AMADEUS;CALL;Dic-26;40,00;56.58;37,81;0,97;;11
08/09/26;AMADEUS;CALL;Dic-26;45,00;56.58;34,83;0,92;;11
08/09/26;AMADEUS;CALL;Dic-26;49,00;56.58;32,45;0,83;;1
08/09/26;AMADEUS;CALL;Dic-26;50,00;56.58;31,86;0,80;;13
08/09/26;AMADEUS;CALL;Dic-26;52,00;56.58;30,67;0,74;;500
08/09/26;AMADEUS;CALL;Dic-26;54,00;56.58;29,48;0,66;;13
08/09/26;AMADEUS;CALL;Dic-26;56,00;56.58;28,29;0,58;;26
08/09/26;AMADEUS;CALL;Dic-26;58,00;56.58;27,76;0,48;;25
08/09/26;AMADEUS;CALL;Dic-26;60,00;56.58;27,52;0,39;;501
08/09/26;AMADEUS;CALL;Dic-26;62,00;56.58;27,27;0,30;;25
08/09/26;AMADEUS;CALL;Dic-26;64,00;56.58;27,02;0,23;;27
08/09/26;AMADEUS;CALL;Dic-26;66,00;56.58;26,77;0,17;;73
08/09/26;AMADEUS;CALL;Dic-26;68,00;56.58;26,53;0,12;;25
08/09/26;AMADEUS;CALL;Dic-26;70,00;56.58;26,28;0,08;;1
08/09/26;AMADEUS;CALL;Dic-26;72,00;56.58;26,03;0,05;;28
08/09/26;AMADEUS;CALL;Dic-26;74,00;56.58;25,78;0,03;;6
08/09/26;AMADEUS;CALL;Dic-26;90,00;56.58;23,81;;;3
08/09/26;AMADEUS;CALL;Mar-27;40,00;56.58;37,35;0,93;;1
08/09/26;AMADEUS;CALL;Mar-27;52,00;56.58;30,71;0,70;;25
08/09/26;AMADEUS;CALL;Mar-27;54,00;56.58;29,60;0,64;;500
08/09/26;AMADEUS;CALL;Mar-27;56,00;56.58;28,49;0,57;;63
08/09/26;AMADEUS;CALL;Mar-27;58,00;56.58;28,04;0,50;;60
08/09/26;AMADEUS;CALL;Mar-27;60,00;56.58;27,87;0,44;;1
08/09/26;AMADEUS;CALL;Mar-27;62,00;56.58;27,69;0,37;;300
08/09/26;AMADEUS;CALL;Mar-27;64,00;56.58;27,51;0,31;;10
08/09/26;AMADEUS;CALL;Mar-27;66,00;56.58;27,34;0,26;;3
08/09/26;AMADEUS;CALL;Jun-27;40,00;56.58;36,48;0,90;;1
08/09/26;AMADEUS;CALL;Jun-27;50,00;56.58;31,65;0,73;;1
08/09/26;AMADEUS;CALL;Jun-27;52,00;56.58;30,68;0,69;;25
08/09/26;AMADEUS;CALL;Jun-27;58,00;56.58;28,30;0,53;;25
08/09/26;AMADEUS;CALL;Jun-27;60,00;56.58;28,07;0,47;;26
08/09/26;AMADEUS;CALL;Jun-27;62,00;56.58;27,83;0,42;;50
08/09/26;AMADEUS;CALL;Jun-27;64,00;56.58;27,60;0,37;;26
08/09/26;AMADEUS;CALL;Jun-27;66,00;56.58;27,36;0,32;;50
08/09/26;AMADEUS;CALL;Jun-27;68,00;56.58;27,12;0,27;;85
08/09/26;AMADEUS;CALL;Jun-27;72,00;56.58;26,65;0,19;;1
08/09/26;AMADEUS;CALL;Sep-27;49,00;56.58;32,43;0,74;;5
08/09/26;AMADEUS;CALL;Sep-27;66,00;56.58;27,88;0,35;;26
08/09/26;AMADEUS;CALL;Dic-27;56,00;56.58;29,82;0,59;;25
08/09/26;AMADEUS;CALL;Dic-27;60,00;56.58;29,16;0,50;;25
08/09/26;AMADEUS;CALL;Dic-27;72,00;56.58;27,60;0,27;;6
08/09/26;AMADEUS;PUT;Sep-26;38,00;56.58;40,19;;;8
08/09/26;AMADEUS;PUT;Sep-26;39,00;56.58;39,56;;;6
08/09/26;AMADEUS;PUT;Sep-26;40,00;56.58;38,92;;;1
08/09/26;AMADEUS;PUT;Sep-26;41,00;56.58;38,28;;;25
08/09/26;AMADEUS;PUT;Sep-26;42,00;56.58;37,65;;;717
08/09/26;AMADEUS;PUT;Sep-26;43,00;56.58;37,01;;;15
08/09/26;AMADEUS;PUT;Sep-26;44,00;56.58;36,37;;;230
08/09/26;AMADEUS;PUT;Sep-26;45,00;56.58;35,74;;;109
08/09/26;AMADEUS;PUT;Sep-26;46,00;56.58;35,10;;;3.537
08/09/26;AMADEUS;PUT;Sep-26;47,00;56.58;34,47;;;202
08/09/26;AMADEUS;PUT;Sep-26;48,00;56.58;33,83;;;94
08/09/26;AMADEUS;PUT;Sep-26;49,00;56.58;33,19;;;56
08/09/26;AMADEUS;PUT;Sep-26;50,00;56.58;32,56;-0,01;;30
08/09/26;AMADEUS;PUT;Sep-26;52,00;56.58;31,28;-0,05;;25
08/09/26;AMADEUS;PUT;Sep-26;54,00;56.58;30,01;-0,17;;33
08/09/26;AMADEUS;PUT;Sep-26;56,00;56.58;28,74;-0,40;;3
08/09/26;AMADEUS;PUT;Sep-26;58,00;56.58;28,10;-0,69;;25
08/09/26;AMADEUS;PUT;Sep-26;60,00;56.58;27,73;-0,90;;28
08/09/26;AMADEUS;PUT;Sep-26;66,00;56.58;26,59;-1,00;;25
08/09/26;AMADEUS;PUT;Sep-26;68,00;56.58;26,22;-1,00;;50
08/09/26;AMADEUS;PUT;Sep-26;70,00;56.58;25,84;-1,00;;50
08/09/26;AMADEUS;PUT;Oct-26;36,00;56.58;41,10;;;18
08/09/26;AMADEUS;PUT;Oct-26;39,00;56.58;39,23;;;2
08/09/26;AMADEUS;PUT;Oct-26;40,00;56.58;38,60;;;526
08/09/26;AMADEUS;PUT;Oct-26;45,00;56.58;35,48;-0,02;;1
08/09/26;AMADEUS;PUT;Oct-26;48,00;56.58;33,61;-0,06;;4
08/09/26;AMADEUS;PUT;Oct-26;49,00;56.58;32,98;-0,08;;1
08/09/26;AMADEUS;PUT;Oct-26;50,00;56.58;32,36;-0,10;;3
08/09/26;AMADEUS;PUT;Oct-26;52,00;56.58;31,11;-0,18;;7
08/09/26;AMADEUS;PUT;Oct-26;54,00;56.58;29,86;-0,29;;2
08/09/26;AMADEUS;PUT;Oct-26;58,00;56.58;28,00;-0,58;;10
08/09/26;AMADEUS;PUT;Nov-26;52,00;56.58;30,78;-0,24;;2
08/09/26;AMADEUS;PUT;Nov-26;54,00;56.58;29,55;-0,33;;2
08/09/26;AMADEUS;PUT;Dic-26;38,00;56.58;38,80;-0,02;;54
08/09/26;AMADEUS;PUT;Dic-26;39,00;56.58;38,20;-0,02;;174
08/09/26;AMADEUS;PUT;Dic-26;40,00;56.58;37,61;-0,03;;103
08/09/26;AMADEUS;PUT;Dic-26;42,00;56.58;36,42;-0,05;;2
08/09/26;AMADEUS;PUT;Dic-26;43,00;56.58;35,82;-0,06;;56
08/09/26;AMADEUS;PUT;Dic-26;44,00;56.58;35,23;-0,07;;15
08/09/26;AMADEUS;PUT;Dic-26;45,00;56.58;34,63;-0,08;;78
08/09/26;AMADEUS;PUT;Dic-26;46,00;56.58;34,04;-0,10;;38
08/09/26;AMADEUS;PUT;Dic-26;47,00;56.58;33,44;-0,12;;100
08/09/26;AMADEUS;PUT;Dic-26;48,00;56.58;32,85;-0,14;;2.022
08/09/26;AMADEUS;PUT;Dic-26;49,00;56.58;32,25;-0,17;;15
08/09/26;AMADEUS;PUT;Dic-26;50,00;56.58;31,66;-0,20;1;868
08/09/26;AMADEUS;PUT;Dic-26;52,00;56.58;30,47;-0,26;;539
08/09/26;AMADEUS;PUT;Dic-26;54,00;56.58;29,28;-0,34;;91
08/09/26;AMADEUS;PUT;Dic-26;56,00;56.58;28,09;-0,43;;12
08/09/26;AMADEUS;PUT;Dic-26;58,00;56.58;27,56;-0,53;;1
08/09/26;AMADEUS;PUT;Dic-26;60,00;56.58;27,32;-0,62;;26
08/09/26;AMADEUS;PUT;Dic-26;62,00;56.58;27,07;-0,71;;3
08/09/26;AMADEUS;PUT;Dic-26;64,00;56.58;26,82;-0,79;;1
08/09/26;AMADEUS;PUT;Dic-26;68,00;56.58;26,33;-0,91;;25
08/09/26;AMADEUS;PUT;Dic-26;70,00;56.58;26,08;-0,96;;25
08/09/26;AMADEUS;PUT;Mar-27;38,00;56.58;37,24;-0,05;;116
08/09/26;AMADEUS;PUT;Mar-27;39,00;56.58;36,69;-0,06;;55
08/09/26;AMADEUS;PUT;Mar-27;40,00;56.58;36,13;-0,07;;3
08/09/26;AMADEUS;PUT;Mar-27;41,00;56.58;35,58;-0,08;;54
08/09/26;AMADEUS;PUT;Mar-27;42,00;56.58;35,02;-0,09;;2
08/09/26;AMADEUS;PUT;Mar-27;45,00;56.58;33,36;-0,14;;5
08/09/26;AMADEUS;PUT;Mar-27;46,00;56.58;32,81;-0,16;;10
08/09/26;AMADEUS;PUT;Mar-27;47,00;56.58;32,26;-0,18;;13
08/09/26;AMADEUS;PUT;Mar-27;48,00;56.58;31,70;-0,20;;515
08/09/26;AMADEUS;PUT;Mar-27;49,00;56.58;31,15;-0,22;;15
08/09/26;AMADEUS;PUT;Mar-27;50,00;56.58;30,59;-0,25;;1
08/09/26;AMADEUS;PUT;Mar-27;52,00;56.58;29,49;-0,31;;3
08/09/26;AMADEUS;PUT;Mar-27;54,00;56.58;28,38;-0,37;;11
08/09/26;AMADEUS;PUT;Mar-27;62,00;56.58;26,47;-0,65;;1
08/09/26;AMADEUS;PUT;Jun-27;38,00;56.58;36,14;-0,08;;65
08/09/26;AMADEUS;PUT;Jun-27;39,00;56.58;35,65;-0,09;;10
08/09/26;AMADEUS;PUT;Jun-27;42,00;56.58;34,20;-0,12;;25
08/09/26;AMADEUS;PUT;Jun-27;43,00;56.58;33,72;-0,14;;25
08/09/26;AMADEUS;PUT;Jun-27;44,00;56.58;33,24;-0,15;;3
08/09/26;AMADEUS;PUT;Jun-27;45,00;56.58;32,75;-0,17;;1
08/09/26;AMADEUS;PUT;Jun-27;46,00;56.58;32,27;-0,19;;25
08/09/26;AMADEUS;PUT;Jun-27;47,00;56.58;31,79;-0,20;;25
08/09/26;AMADEUS;PUT;Jun-27;48,00;56.58;31,30;-0,22;;53
08/09/26;AMADEUS;PUT;Jun-27;49,00;56.58;30,82;-0,25;;3
08/09/26;AMADEUS;PUT;Jun-27;50,00;56.58;30,34;-0,27;;24
08/09/26;AMADEUS;PUT;Jun-27;52,00;56.58;29,37;-0,32;;7
08/09/26;AMADEUS;PUT;Jun-27;54,00;56.58;28,41;-0,37;;13
08/09/26;AMADEUS;PUT;Jun-27;60,00;56.58;26,76;-0,55;;11
08/09/26;AMADEUS;PUT;Sep-27;52,00;56.58;28,81;-0,34;;1
08/09/26;AMADEUS;PUT;Sep-27;54,00;56.58;27,96;-0,39;;12
08/09/26;AMADEUS;PUT;Dic-27;46,00;56.58;30,70;-0,22;;50
08/09/26;AMADEUS;PUT;Dic-27;47,00;56.58;30,32;-0,24;;25
08/09/26;AMADEUS;PUT;Dic-27;48,00;56.58;29,95;-0,26;;51
08/09/26;AMADEUS;PUT;Dic-27;50,00;56.58;29,19;-0,30;;7
08/09/26;AMADEUS;PUT;Dic-27;52,00;56.58;28,44;-0,34;;3
08/09/26;AMADEUS;PUT;Dic-27;58,00;56.58;26,53;-0,48;;1
08/09/26;AMADEUS;PUT;Mar-28;49,00;56.58;28,89;-0,28;;1
08/09/26;AMADEUS;PUT;Jun-28;46,00;56.58;29,35;-0,23;;2
08/09/26;AMADEUS;PUT;Jun-28;48,00;56.58;28,74;-0,27;;6
08/09/26;AMADEUS;PUT;Jun-28;56,00;56.58;26,29;-0,42;;1
08/09/26;AMADEUS;PUT;Jun-28;60,00;56.58;25,77;-0,51;;3
08/09/26;AMADEUS;PUT;Jun-28;62,00;56.58;25,57;-0,55;;3
08/09/26;AMADEUS;PUT;Jun-28;70,00;56.58;24,77;-0,71;;2
08/09/26;AMADEUS;PUT;Sep-28;46,00;56.58;28,79;-0,25;;2
08/09/26;AMADEUS;PUT;Dic-26;44,00;56.58;35,23;-0,07;;1
08/09/26;AMADEUS;PUT;Dic-26;46,00;56.58;34,04;-0,10;;1
08/09/26;AMADEUS;PUT;Sep-27;60,00;56.58;26,39;-0,52;;1
08/09/26;ARCELORMITTAL;CALL;Sep-26;40,00;66.94;49,94;1,00;;25
08/09/26;ARCELORMITTAL;CALL;Sep-26;52,00;66.94;46,60;1,00;;2
08/09/26;ARCELORMITTAL;CALL;Sep-26;58,00;66.94;44,92;0,98;;2
08/09/26;ARCELORMITTAL;CALL;Sep-26;62,00;66.94;43,81;0,86;;74
08/09/26;ARCELORMITTAL;CALL;Sep-26;64,00;66.94;43,25;0,75;;28
08/09/26;ARCELORMITTAL;CALL;Sep-26;66,00;66.94;42,69;0,60;;8
08/09/26;ARCELORMITTAL;CALL;Sep-26;68,00;66.94;41,64;0,43;;9
08/09/26;ARCELORMITTAL;CALL;Sep-26;70,00;66.94;40,14;0,27;;114
08/09/26;ARCELORMITTAL;CALL;Sep-26;74,00;66.94;37,16;0,06;;25
08/09/26;ARCELORMITTAL;CALL;Sep-26;76,00;66.94;35,66;0,02;50;75
08/09/26;ARCELORMITTAL;CALL;Sep-26;78,00;66.94;34,17;;;100
08/09/26;ARCELORMITTAL;CALL;Sep-26;80,00;66.94;32,67;;;50
08/09/26;ARCELORMITTAL;CALL;Sep-26;84,00;66.94;29,69;;;104
08/09/26;ARCELORMITTAL;CALL;Oct-26;64,00;66.94;42,90;0,66;6;16
08/09/26;ARCELORMITTAL;CALL;Oct-26;66,00;66.94;42,34;0,58;;3
08/09/26;ARCELORMITTAL;CALL;Oct-26;68,00;66.94;41,60;0,49;;2
08/09/26;ARCELORMITTAL;CALL;Oct-26;70,00;66.94;40,71;0,40;;37
08/09/26;ARCELORMITTAL;CALL;Oct-26;74,00;66.94;38,92;0,24;;3
08/09/26;ARCELORMITTAL;CALL;Nov-26;68,00;66.94;43,81;0,52;;1
08/09/26;ARCELORMITTAL;CALL;Nov-26;76,00;66.94;41,62;0,29;;1
08/09/26;ARCELORMITTAL;CALL;Dic-26;26,00;66.94;54,47;1,00;;4
08/09/26;ARCELORMITTAL;CALL;Dic-26;35,00;66.94;52,10;0,99;;3
08/09/26;ARCELORMITTAL;CALL;Dic-26;40,00;66.94;50,78;0,98;;2
08/09/26;ARCELORMITTAL;CALL;Dic-26;45,00;66.94;49,46;0,95;;10
08/09/26;ARCELORMITTAL;CALL;Dic-26;50,00;66.94;48,14;0,90;;149
08/09/26;ARCELORMITTAL;CALL;Dic-26;56,00;66.94;46,56;0,81;;1
08/09/26;ARCELORMITTAL;CALL;Dic-26;60,00;66.94;45,50;0,72;;10
08/09/26;ARCELORMITTAL;CALL;Dic-26;70,00;66.94;43,32;0,48;;26
08/09/26;ARCELORMITTAL;CALL;Dic-26;72,00;66.94;43,09;0,43;25;53
08/09/26;ARCELORMITTAL;CALL;Dic-26;74,00;66.94;42,86;0,38;;5
08/09/26;ARCELORMITTAL;CALL;Dic-26;76,00;66.94;42,63;0,33;;30
08/09/26;ARCELORMITTAL;CALL;Dic-26;88,00;66.94;41,26;0,13;;25
08/09/26;ARCELORMITTAL;CALL;Jun-27;21,00;66.94;52,97;1,00;;3
08/09/26;ARCELORMITTAL;CALL;Dic-29;30,00;66.94;37,34;0,95;;1
08/09/26;ARCELORMITTAL;PUT;Sep-26;24,00;66.94;51,73;;;1
08/09/26;ARCELORMITTAL;PUT;Sep-26;38,00;66.94;47,83;;;5
08/09/26;ARCELORMITTAL;PUT;Sep-26;40,00;66.94;47,27;;;2
08/09/26;ARCELORMITTAL;PUT;Sep-26;44,00;66.94;46,16;;;25
08/09/26;ARCELORMITTAL;PUT;Sep-26;45,00;66.94;45,88;;;50
08/09/26;ARCELORMITTAL;PUT;Sep-26;46,00;66.94;45,60;;;25
08/09/26;ARCELORMITTAL;PUT;Sep-26;54,00;66.94;43,37;;;1
08/09/26;ARCELORMITTAL;PUT;Sep-26;56,00;66.94;42,81;;;1
08/09/26;ARCELORMITTAL;PUT;Sep-26;58,00;66.94;42,25;-0,02;;42
08/09/26;ARCELORMITTAL;PUT;Sep-26;62,00;66.94;41,14;-0,12;;3
08/09/26;ARCELORMITTAL;PUT;Sep-26;64,00;66.94;40,58;-0,24;;2
08/09/26;ARCELORMITTAL;PUT;Sep-26;66,00;66.94;40,02;-0,40;40;40
08/09/26;ARCELORMITTAL;PUT;Sep-26;68,00;66.94;38,97;-0,58;;25
08/09/26;ARCELORMITTAL;PUT;Oct-26;50,00;66.94;44,96;-0,02;;25
08/09/26;ARCELORMITTAL;PUT;Oct-26;62,00;66.94;41,62;-0,26;;10
08/09/26;ARCELORMITTAL;PUT;Nov-26;62,00;66.94;43,72;-0,31;;1
08/09/26;ARCELORMITTAL;PUT;Dic-26;34,00;66.94;50,97;;;5
08/09/26;ARCELORMITTAL;PUT;Dic-26;35,00;66.94;50,71;;;5
08/09/26;ARCELORMITTAL;PUT;Dic-26;37,00;66.94;50,18;-0,01;;5
08/09/26;ARCELORMITTAL;PUT;Dic-26;39,00;66.94;49,65;-0,01;;1
08/09/26;ARCELORMITTAL;PUT;Dic-26;40,00;66.94;49,39;-0,02;;3
08/09/26;ARCELORMITTAL;PUT;Dic-26;45,00;66.94;48,07;-0,04;;32
08/09/26;ARCELORMITTAL;PUT;Dic-26;46,00;66.94;47,81;-0,05;;1
08/09/26;ARCELORMITTAL;PUT;Dic-26;49,00;66.94;47,01;-0,08;;50
08/09/26;ARCELORMITTAL;PUT;Dic-26;50,00;66.94;46,75;-0,09;;25
08/09/26;ARCELORMITTAL;PUT;Dic-26;54,00;66.94;45,70;-0,15;1;5
08/09/26;ARCELORMITTAL;PUT;Dic-26;60,00;66.94;44,11;-0,27;;115
08/09/26;ARCELORMITTAL;PUT;Dic-26;62,00;66.94;43,58;-0,32;;20
08/09/26;ARCELORMITTAL;PUT;Mar-27;36,00;66.94;47,61;-0,02;;5
08/09/26;ARCELORMITTAL;PUT;Mar-27;38,00;66.94;47,21;-0,03;;1
08/09/26;ARCELORMITTAL;PUT;Dic-27;24,00;66.94;44,12;-0,01;;1
08/09/26;ARCELORMITTAL;PUT;Dic-30;44,00;66.94;34,11;-0,14;;1
08/09/26;ATRESMEDIA;CALL;Sep-26;5,00;5.15;20,48;0,82;;1
08/09/26;ATRESMEDIA;CALL;Sep-26;5,25;5.15;19,27;0,29;;1
08/09/26;ATRESMEDIA;CALL;Sep-26;5,50;5.15;17,73;0,01;;1
08/09/26;ATRESMEDIA;CALL;Oct-26;5,25;5.15;22,77;0,42;;24
08/09/26;ATRESMEDIA;CALL;Dic-26;5,25;5.15;23,36;0,48;;11
08/09/26;ATRESMEDIA;CALL;Dic-26;5,30;5.15;23,07;0,45;;1
08/09/26;ATRESMEDIA;CALL;Dic-26;5,50;5.15;21,90;0,31;;6
08/09/26;ATRESMEDIA;CALL;Dic-26;5,75;5.15;20,44;0,17;;10
08/09/26;ATRESMEDIA;CALL;Dic-26;6,00;5.15;18,99;0,07;;2
08/09/26;ATRESMEDIA;CALL;Mar-27;3,40;5.15;28,90;1,00;;2
08/09/26;ATRESMEDIA;CALL;Mar-27;5,00;5.15;24,35;0,61;;32
08/09/26;ATRESMEDIA;PUT;Sep-26;4,60;5.15;16,92;;;3
08/09/26;ATRESMEDIA;PUT;Sep-26;4,80;5.15;16,11;;;4
08/09/26;ATRESMEDIA;PUT;Sep-26;4,90;5.15;15,71;-0,03;;1
08/09/26;ATRESMEDIA;PUT;Dic-26;4,50;5.15;21,24;-0,16;;18
08/09/26;ATRESMEDIA;PUT;Dic-26;5,00;5.15;19,14;-0,48;;3
08/09/26;ATRESMEDIA;PUT;Dic-26;5,50;5.15;16,47;-0,85;;25
08/09/26;ATRESMEDIA;PUT;Dic-26;6,00;5.15;13,56;-0,99;;20
08/09/26;ATRESMEDIA;PUT;Mar-27;4,50;5.15;22,15;-0,22;;5
08/09/26;ATRESMEDIA;PUT;Jun-27;4,00;5.15;25,45;-0,17;;5
08/09/26;ATRESMEDIA;PUT;Jun-27;4,50;5.15;24,48;-0,34;;2
08/09/26;ATRESMEDIA;PUT;Jun-27;4,60;5.15;24,29;-0,37;;2
08/09/26;B.SABADELL;CALL;Sep-26;2,14;3.7;30,41;1,00;;117
08/09/26;B.SABADELL;CALL;Sep-26;2,56;3.7;29,16;1,00;;20
08/09/26;B.SABADELL;CALL;Sep-26;2,91;3.7;28,12;1,00;;52
08/09/26;B.SABADELL;CALL;Sep-26;2,99;3.7;27,88;1,00;;30
08/09/26;B.SABADELL;CALL;Sep-26;3,16;3.7;27,38;1,00;;2
08/09/26;B.SABADELL;CALL;Sep-26;3,25;3.7;27,11;1,00;;300
08/09/26;B.SABADELL;CALL;Sep-26;3,33;3.7;26,87;0,99;;8
08/09/26;B.SABADELL;CALL;Sep-26;3,42;3.7;26,60;0,96;;8
08/09/26;B.SABADELL;CALL;Sep-26;3,50;3.7;26,36;0,90;;40
08/09/26;B.SABADELL;CALL;Sep-26;3,59;3.7;26,10;0,76;;12
08/09/26;B.SABADELL;CALL;Sep-26;3,68;3.7;25,83;0,55;;1
08/09/26;B.SABADELL;CALL;Oct-26;3,59;3.7;26,99;0,66;;1
08/09/26;B.SABADELL;CALL;Dic-26;2,48;3.7;29,42;1,00;;50
08/09/26;B.SABADELL;CALL;Dic-26;2,74;3.7;28,60;0,98;;28
08/09/26;B.SABADELL;CALL;Dic-26;2,82;3.7;28,35;0,97;;3
08/09/26;B.SABADELL;CALL;Dic-26;2,99;3.7;27,81;0,94;;7
08/09/26;B.SABADELL;CALL;Dic-26;3,08;3.7;27,52;0,91;;664
08/09/26;B.SABADELL;CALL;Dic-26;3,25;3.7;26,99;0,85;;11
08/09/26;B.SABADELL;CALL;Dic-26;3,33;3.7;26,74;0,80;;10
08/09/26;B.SABADELL;CALL;Dic-26;3,50;3.7;26,20;0,70;;10
08/09/26;B.SABADELL;CALL;Dic-26;3,59;3.7;25,91;0,63;;41
08/09/26;B.SABADELL;CALL;Dic-26;3,68;3.7;25,63;0,56;;25
08/09/26;B.SABADELL;CALL;Dic-26;3,85;3.7;25,08;0,42;;40
08/09/26;B.SABADELL;CALL;Mar-27;2,22;3.7;30,43;1,00;;20
08/09/26;B.SABADELL;CALL;Mar-27;2,74;3.7;29,11;0,96;;10
08/09/26;B.SABADELL;CALL;Mar-27;2,91;3.7;28,68;0,92;;38
08/09/26;B.SABADELL;CALL;Mar-27;3,16;3.7;28,05;0,83;;80
08/09/26;B.SABADELL;CALL;Mar-27;3,33;3.7;27,62;0,75;;2
08/09/26;B.SABADELL;CALL;Mar-27;3,42;3.7;27,40;0,70;;9
08/09/26;B.SABADELL;CALL;Mar-27;3,50;3.7;27,19;0,66;;3
08/09/26;B.SABADELL;CALL;Mar-27;3,59;3.7;26,97;0,61;;50
08/09/26;B.SABADELL;CALL;Mar-27;3,93;3.7;26,02;0,41;;100
08/09/26;B.SABADELL;CALL;Jun-27;2,99;3.7;30,62;0,86;;6
08/09/26;B.SABADELL;CALL;Jun-27;3,33;3.7;29,82;0,71;;90
08/09/26;B.SABADELL;CALL;Jun-27;3,59;3.7;29,21;0,59;;2
08/09/26;B.SABADELL;CALL;Jun-27;3,68;3.7;29,00;0,55;;4
08/09/26;B.SABADELL;CALL;Jun-27;3,76;3.7;28,80;0,51;;3
08/09/26;B.SABADELL;CALL;Jun-27;3,93;3.7;28,39;0,44;;1
08/09/26;B.SABADELL;CALL;Jun-27;4,02;3.7;28,17;0,40;;11
08/09/26;B.SABADELL;PUT;Sep-26;2,22;3.7;22,27;;;5.249
08/09/26;B.SABADELL;PUT;Sep-26;2,48;3.7;21,50;;;1
08/09/26;B.SABADELL;PUT;Sep-26;2,65;3.7;20,99;;;26
08/09/26;B.SABADELL;PUT;Sep-26;2,74;3.7;20,73;;;23
08/09/26;B.SABADELL;PUT;Sep-26;2,82;3.7;20,49;;;5
08/09/26;B.SABADELL;PUT;Sep-26;2,91;3.7;20,22;;;5
08/09/26;B.SABADELL;PUT;Sep-26;2,99;3.7;19,98;;;15
08/09/26;B.SABADELL;PUT;Sep-26;3,08;3.7;19,71;;;30
08/09/26;B.SABADELL;PUT;Sep-26;3,16;3.7;19,48;;;5
08/09/26;B.SABADELL;PUT;Sep-26;3,33;3.7;18,97;;;30
08/09/26;B.SABADELL;PUT;Sep-26;3,50;3.7;18,46;-0,03;;62
08/09/26;B.SABADELL;PUT;Sep-26;3,59;3.7;18,20;-0,16;;1
08/09/26;B.SABADELL;PUT;Sep-26;3,68;3.7;17,93;-0,43;;1
08/09/26;B.SABADELL;PUT;Nov-26;3,42;3.7;22,30;-0,19;;5
08/09/26;B.SABADELL;PUT;Dic-26;2,48;3.7;26,04;;410;411
08/09/26;B.SABADELL;PUT;Dic-26;2,56;3.7;25,79;;;10
08/09/26;B.SABADELL;PUT;Dic-26;2,65;3.7;25,50;;;10
08/09/26;B.SABADELL;PUT;Dic-26;2,74;3.7;25,22;-0,01;;20
08/09/26;B.SABADELL;PUT;Dic-26;2,82;3.7;24,97;-0,01;;21
08/09/26;B.SABADELL;PUT;Dic-26;2,91;3.7;24,68;-0,03;;2
08/09/26;B.SABADELL;PUT;Dic-26;2,99;3.7;24,43;-0,04;;10
08/09/26;B.SABADELL;PUT;Dic-26;3,08;3.7;24,14;-0,06;;52
08/09/26;B.SABADELL;PUT;Dic-26;3,16;3.7;23,89;-0,09;;60
08/09/26;B.SABADELL;PUT;Dic-26;3,42;3.7;23,07;-0,23;;40
08/09/26;B.SABADELL;PUT;Dic-26;3,50;3.7;22,82;-0,29;;50
08/09/26;B.SABADELL;PUT;Dic-26;3,68;3.7;22,25;-0,45;;40
08/09/26;B.SABADELL;PUT;Mar-27;2,48;3.7;26,64;-0,02;;1
08/09/26;B.SABADELL;PUT;Mar-27;2,65;3.7;26,21;-0,04;;20
08/09/26;B.SABADELL;PUT;Mar-27;2,82;3.7;25,78;-0,07;;113
08/09/26;B.SABADELL;PUT;Mar-27;2,99;3.7;25,35;-0,11;;205
08/09/26;B.SABADELL;PUT;Mar-27;3,08;3.7;25,13;-0,15;;200
08/09/26;B.SABADELL;PUT;Mar-27;3,33;3.7;24,49;-0,26;;141
08/09/26;B.SABADELL;PUT;Mar-27;3,42;3.7;24,27;-0,32;;3
08/09/26;B.SABADELL;PUT;Mar-27;3,59;3.7;23,84;-0,42;;100
08/09/26;B.SABADELL;PUT;Jun-27;2,74;3.7;26,85;-0,10;;5
08/09/26;B.SABADELL;PUT;Sep-27;2,39;3.7;27,94;-0,06;;5
08/09/26;B.SABADELL;PUT;Dic-27;2,74;3.7;27,35;-0,15;;1.538
08/09/26;B.SABADELL;PUT;Dic-27;2,82;3.7;27,19;-0,17;;3.026
08/09/26;B.SABADELL;PUT;Mar-28;2,56;3.7;29,22;-0,14;;830
08/09/26;B.SABADELL;PUT;Mar-28;2,74;3.7;28,91;-0,18;;769
08/09/26;B.SABADELL;PUT;Mar-28;2,82;3.7;28,77;-0,20;;758
08/09/26;B.SABADELL;PUT;Mar-28;2,91;3.7;28,62;-0,23;;742
08/09/26;B.SABADELL;PUT;Dic-26;2,48;3.7;26,04;;;10
08/09/26;BANKINTER;CALL;Sep-26;13,50;16.82;27,49;1,00;;3
08/09/26;BANKINTER;CALL;Sep-26;14,00;16.82;26,45;1,00;;9
08/09/26;BANKINTER;CALL;Sep-26;14,50;16.82;25,41;1,00;;1
08/09/26;BANKINTER;CALL;Sep-26;15,00;16.82;24,37;1,00;;2
08/09/26;BANKINTER;CALL;Sep-26;16,50;16.82;21,25;0,72;;10
08/09/26;BANKINTER;CALL;Oct-26;15,00;16.82;26,36;0,92;;10
08/09/26;BANKINTER;CALL;Oct-26;17,50;16.82;22,35;0,32;;10
08/09/26;BANKINTER;CALL;Dic-26;13,50;16.82;30,16;0,95;;11
08/09/26;BANKINTER;CALL;Dic-26;14,00;16.82;29,18;0,92;;2
08/09/26;BANKINTER;CALL;Dic-26;15,00;16.82;27,22;0,83;;10
08/09/26;BANKINTER;CALL;Dic-26;15,50;16.82;26,24;0,77;;10
08/09/26;BANKINTER;CALL;Dic-26;16,00;16.82;25,26;0,69;;50
08/09/26;BANKINTER;CALL;Dic-26;17,00;16.82;23,60;0,50;;100
08/09/26;BANKINTER;CALL;Mar-27;15,00;16.82;27,36;0,77;;21
08/09/26;BANKINTER;CALL;Mar-27;16,50;16.82;24,92;0,58;;100
08/09/26;BANKINTER;CALL;Mar-27;17,00;16.82;24,35;0,51;;100
08/09/26;BANKINTER;CALL;Jun-27;14,50;16.82;28,40;0,78;;1
08/09/26;BANKINTER;CALL;Jun-27;15,50;16.82;27,00;0,68;;1
08/09/26;BANKINTER;CALL;Jun-27;16,00;16.82;26,29;0,62;;25
08/09/26;BANKINTER;CALL;Jun-27;16,50;16.82;25,59;0,57;;1
08/09/26;BANKINTER;CALL;Dic-27;14,50;16.82;27,86;0,74;;3
08/09/26;BANKINTER;CALL;Dic-27;15,50;16.82;26,77;0,66;;1
08/09/26;BANKINTER;CALL;Dic-27;17,00;16.82;25,29;0,53;;25
08/09/26;BANKINTER;PUT;Sep-26;6,50;16.82;41,94;;;31
08/09/26;BANKINTER;PUT;Sep-26;7,00;16.82;40,90;;;1
08/09/26;BANKINTER;PUT;Sep-26;10,50;16.82;33,62;;;3
08/09/26;BANKINTER;PUT;Sep-26;11,00;16.82;32,58;;;3
08/09/26;BANKINTER;PUT;Sep-26;11,50;16.82;31,54;;;4
08/09/26;BANKINTER;PUT;Sep-26;12,50;16.82;29,46;;;2
08/09/26;BANKINTER;PUT;Sep-26;13,00;16.82;28,42;;;20
08/09/26;BANKINTER;PUT;Sep-26;13,50;16.82;27,38;;;10
08/09/26;BANKINTER;PUT;Sep-26;14,00;16.82;26,34;;;10
08/09/26;BANKINTER;PUT;Sep-26;15,00;16.82;24,26;;;5
08/09/26;BANKINTER;PUT;Sep-26;15,50;16.82;23,22;-0,02;;20
08/09/26;BANKINTER;PUT;Sep-26;16,50;16.82;21,14;-0,28;1;3
08/09/26;BANKINTER;PUT;Oct-26;14,50;16.82;27,05;-0,04;;10
08/09/26;BANKINTER;PUT;Dic-26;7,25;16.82;41,34;;;1
08/09/26;BANKINTER;PUT;Dic-26;11,00;16.82;33,98;-0,01;;1
08/09/26;BANKINTER;PUT;Dic-26;12,00;16.82;32,02;-0,02;;1.020
08/09/26;BANKINTER;PUT;Dic-26;12,50;16.82;31,04;-0,03;;114
08/09/26;BANKINTER;PUT;Dic-26;13,00;16.82;30,05;-0,05;;20
08/09/26;BANKINTER;PUT;Dic-26;13,50;16.82;29,07;-0,08;;3.360
08/09/26;BANKINTER;PUT;Dic-26;14,00;16.82;28,09;-0,11;;25
08/09/26;BANKINTER;PUT;Dic-26;15,00;16.82;26,13;-0,21;;5
08/09/26;BANKINTER;PUT;Dic-26;16,00;16.82;24,17;-0,36;;25
08/09/26;BANKINTER;PUT;Mar-27;13,50;16.82;27,82;-0,13;;1.008
08/09/26;BANKINTER;PUT;Mar-27;15,50;16.82;24,57;-0,31;;75
08/09/26;BANKINTER;PUT;Jun-27;11,00;16.82;30,53;-0,05;;222
08/09/26;BANKINTER;PUT;Jun-27;12,50;16.82;28,42;-0,10;;3
08/09/26;BANKINTER;PUT;Jun-27;13,50;16.82;27,01;-0,16;;1.000
08/09/26;BANKINTER;PUT;Dic-27;10,50;16.82;28,53;-0,06;;1.000
08/09/26;BANKINTER;PUT;Dic-27;11,00;16.82;27,98;-0,08;;50
08/09/26;BANKINTER;PUT;Dic-27;15,00;16.82;23,62;-0,32;;25
08/09/26;BANKINTER;PUT;Mar-28;13,00;16.82;26,69;-0,19;;194
08/09/26;BANKINTER;PUT;Mar-28;14,00;16.82;25,78;-0,25;;175
08/09/26;BBVA;CALL;Sep-26;13,50;25.35;50,01;1,00;;75
08/09/26;BBVA;CALL;Sep-26;14,00;25.35;48,96;1,00;;75
08/09/26;BBVA;CALL;Sep-26;14,50;25.35;47,91;1,00;;75
08/09/26;BBVA;CALL;Sep-26;15,00;25.35;46,87;1,00;;152
08/09/26;BBVA;CALL;Sep-26;15,50;25.35;45,82;1,00;;150
08/09/26;BBVA;CALL;Sep-26;16,00;25.35;44,78;1,00;;300
08/09/26;BBVA;CALL;Sep-26;16,50;25.35;43,73;1,00;;300
08/09/26;BBVA;CALL;Sep-26;17,00;25.35;42,69;1,00;;1.950
08/09/26;BBVA;CALL;Sep-26;17,50;25.35;41,64;1,00;;5.000
08/09/26;BBVA;CALL;Sep-26;18,50;25.35;39,55;1,00;;151
08/09/26;BBVA;CALL;Sep-26;19,00;25.35;38,51;1,00;;4.260
08/09/26;BBVA;CALL;Sep-26;19,50;25.35;37,46;1,00;;250
08/09/26;BBVA;CALL;Sep-26;20,00;25.35;36,42;1,00;;7.148
08/09/26;BBVA;CALL;Sep-26;21,00;25.35;34,32;1,00;;2.009
08/09/26;BBVA;CALL;Sep-26;22,00;25.35;32,23;1,00;;534
08/09/26;BBVA;CALL;Sep-26;23,00;25.35;30,14;0,98;;150
08/09/26;BBVA;CALL;Sep-26;24,00;25.35;28,05;0,89;1;57
08/09/26;BBVA;CALL;Sep-26;25,00;25.35;25,96;0,64;;540
08/09/26;BBVA;CALL;Sep-26;25,50;25.35;25,18;0,46;;103
08/09/26;BBVA;CALL;Sep-26;26,00;25.35;25,01;0,28;1;1.241
08/09/26;BBVA;CALL;Sep-26;27,00;25.35;24,67;0,07;;130
08/09/26;BBVA;CALL;Oct-26;25,00;25.35;25,74;0,60;;4
08/09/26;BBVA;CALL;Oct-26;26,00;25.35;24,90;0,39;;7
08/09/26;BBVA;CALL;Oct-26;27,00;25.35;24,57;0,21;1;110
08/09/26;BBVA;CALL;Dic-26;13,00;25.35;49,18;1,00;;25
08/09/26;BBVA;CALL;Dic-26;15,00;25.35;45,70;1,00;;30
08/09/26;BBVA;CALL;Dic-26;16,00;25.35;43,97;1,00;;3.960
08/09/26;BBVA;CALL;Dic-26;16,50;25.35;43,10;1,00;;50
08/09/26;BBVA;CALL;Dic-26;17,00;25.35;42,23;0,99;;4.311
08/09/26;BBVA;CALL;Dic-26;17,50;25.35;41,37;0,99;;650
08/09/26;BBVA;CALL;Dic-26;18,00;25.35;40,50;0,98;;158
08/09/26;BBVA;CALL;Dic-26;18,50;25.35;39,63;0,98;;8
08/09/26;BBVA;CALL;Dic-26;19,00;25.35;38,76;0,97;;2.502
08/09/26;BBVA;CALL;Dic-26;19,50;25.35;37,89;0,95;;3
08/09/26;BBVA;CALL;Dic-26;20,00;25.35;37,03;0,94;;162
08/09/26;BBVA;CALL;Dic-26;21,00;25.35;35,29;0,89;;3.517
08/09/26;BBVA;CALL;Dic-26;22,00;25.35;33,55;0,83;;22
08/09/26;BBVA;CALL;Dic-26;23,00;25.35;31,82;0,75;;2.211
08/09/26;BBVA;CALL;Dic-26;24,00;25.35;30,08;0,66;;2
08/09/26;BBVA;CALL;Dic-26;25,00;25.35;28,35;0,55;;244
08/09/26;BBVA;CALL;Dic-26;26,00;25.35;27,53;0,44;;277
08/09/26;BBVA;CALL;Dic-26;27,00;25.35;27,20;0,33;;152
08/09/26;BBVA;CALL;Dic-26;28,00;25.35;26,87;0,24;;17
08/09/26;BBVA;CALL;Mar-27;9,50;25.35;50,45;1,00;;25
08/09/26;BBVA;CALL;Mar-27;12,00;25.35;46,93;1,00;;25
08/09/26;BBVA;CALL;Mar-27;13,00;25.35;45,53;1,00;;1
08/09/26;BBVA;CALL;Mar-27;15,50;25.35;42,01;0,98;;5
08/09/26;BBVA;CALL;Mar-27;16,00;25.35;41,31;0,98;;905
08/09/26;BBVA;CALL;Mar-27;16,50;25.35;40,60;0,97;;250
08/09/26;BBVA;CALL;Mar-27;17,50;25.35;39,19;0,94;;40
08/09/26;BBVA;CALL;Mar-27;18,00;25.35;38,49;0,93;;101
08/09/26;BBVA;CALL;Mar-27;19,00;25.35;37,08;0,89;;109
08/09/26;BBVA;CALL;Mar-27;20,00;25.35;35,68;0,85;;3.053
08/09/26;BBVA;CALL;Mar-27;20,50;25.35;34,97;0,83;;1
08/09/26;BBVA;CALL;Mar-27;21,50;25.35;33,57;0,79;;4.000
08/09/26;BBVA;CALL;Mar-27;22,00;25.35;32,86;0,76;;4.055
08/09/26;BBVA;CALL;Mar-27;23,00;25.35;31,46;0,70;;161
08/09/26;BBVA;CALL;Mar-27;24,00;25.35;30,05;0,64;;381
08/09/26;BBVA;CALL;Mar-27;25,00;25.35;28,64;0,56;;11.721
08/09/26;BBVA;CALL;Mar-27;26,00;25.35;27,99;0,49;;500
08/09/26;BBVA;CALL;Mar-27;27,00;25.35;27,74;0,41;;500
08/09/26;BBVA;CALL;Mar-27;28,00;25.35;27,49;0,34;;200
08/09/26;BBVA;CALL;Jun-27;12,00;25.35;47,19;1,00;;150
08/09/26;BBVA;CALL;Jun-27;12,50;25.35;46,54;1,00;;25
08/09/26;BBVA;CALL;Jun-27;13,00;25.35;45,88;1,00;;1
08/09/26;BBVA;CALL;Jun-27;15,00;25.35;43,25;0,98;;3
08/09/26;BBVA;CALL;Jun-27;17,00;25.35;40,62;0,93;;6.000
08/09/26;BBVA;CALL;Jun-27;20,00;25.35;36,67;0,83;;150
08/09/26;BBVA;CALL;Jun-27;21,00;25.35;35,36;0,79;;2.600
08/09/26;BBVA;CALL;Jun-27;22,00;25.35;34,04;0,74;;3.150
08/09/26;BBVA;CALL;Jun-27;23,00;25.35;32,73;0,69;;27
08/09/26;BBVA;CALL;Jun-27;24,00;25.35;31,42;0,63;;30
08/09/26;BBVA;CALL;Jun-27;25,00;25.35;30,10;0,57;;1.760
08/09/26;BBVA;CALL;Jun-27;26,00;25.35;29,46;0,50;;15
08/09/26;BBVA;CALL;Jun-27;27,00;25.35;29,18;0,44;;12
08/09/26;BBVA;CALL;Sep-27;11,50;25.35;46,28;1,00;;150
08/09/26;BBVA;CALL;Sep-27;12,00;25.35;45,69;1,00;;150
08/09/26;BBVA;CALL;Sep-27;15,00;25.35;42,14;0,96;;2
08/09/26;BBVA;CALL;Sep-27;20,00;25.35;36,22;0,81;;1
08/09/26;BBVA;CALL;Sep-27;22,00;25.35;33,85;0,72;;1
08/09/26;BBVA;CALL;Dic-27;11,00;25.35;46,56;1,00;;150
08/09/26;BBVA;CALL;Dic-27;11,50;25.35;46,02;1,00;;26
08/09/26;BBVA;CALL;Dic-27;13,50;25.35;43,83;0,99;;150
08/09/26;BBVA;CALL;Dic-27;15,00;25.35;42,20;0,95;;75
08/09/26;BBVA;CALL;Dic-27;16,00;25.35;41,10;0,92;;6.000
08/09/26;BBVA;CALL;Dic-27;17,00;25.35;40,01;0,89;;150
08/09/26;BBVA;CALL;Dic-27;17,50;25.35;39,47;0,87;;100
08/09/26;BBVA;CALL;Dic-27;18,00;25.35;38,92;0,86;;1
08/09/26;BBVA;CALL;Dic-27;20,00;25.35;36,74;0,79;;150
08/09/26;BBVA;CALL;Dic-27;25,00;25.35;31,28;0,57;;4.002
08/09/26;BBVA;CALL;Dic-27;26,00;25.35;30,69;0,52;;100
08/09/26;BBVA;CALL;Mar-28;17,00;25.35;39,40;0,88;;600
08/09/26;BBVA;CALL;Mar-28;17,50;25.35;38,90;0,86;;300
08/09/26;BBVA;CALL;Mar-28;18,00;25.35;38,41;0,85;;300
08/09/26;BBVA;CALL;Mar-28;21,00;25.35;35,41;0,74;;350
08/09/26;BBVA;CALL;Jun-28;10,00;25.35;47,47;1,00;;1
08/09/26;BBVA;CALL;Jun-28;17,00;25.35;40,56;0,87;;750
08/09/26;BBVA;CALL;Jun-28;17,50;25.35;40,07;0,86;;600
08/09/26;BBVA;CALL;Jun-28;18,00;25.35;39,58;0,84;;575
08/09/26;BBVA;CALL;Jun-28;18,50;25.35;39,09;0,82;;3
08/09/26;BBVA;CALL;Jun-28;19,00;25.35;38,59;0,81;;50
08/09/26;BBVA;CALL;Jun-28;19,50;25.35;38,10;0,79;;100
08/09/26;BBVA;CALL;Jun-28;20,00;25.35;37,61;0,77;;125
08/09/26;BBVA;CALL;Jun-28;21,00;25.35;36,62;0,74;;525
08/09/26;BBVA;CALL;Jun-28;22,00;25.35;35,63;0,70;;4.450
08/09/26;BBVA;CALL;Jun-28;23,00;25.35;34,65;0,66;;150
08/09/26;BBVA;CALL;Jun-28;24,00;25.35;33,66;0,62;;300
08/09/26;BBVA;CALL;Jun-28;25,00;25.35;32,68;0,58;;1.000
08/09/26;BBVA;CALL;Dic-29;15,00;25.35;40,49;0,91;;50
08/09/26;BBVA;PUT;Sep-26;6,75;25.35;63,87;;;1
08/09/26;BBVA;PUT;Sep-26;8,25;25.35;60,73;;;5
08/09/26;BBVA;PUT;Sep-26;9,00;25.35;59,16;;;674
08/09/26;BBVA;PUT;Sep-26;9,25;25.35;58,64;;;368
08/09/26;BBVA;PUT;Sep-26;9,50;25.35;58,12;;;25
08/09/26;BBVA;PUT;Sep-26;9,75;25.35;57,60;;;200
08/09/26;BBVA;PUT;Sep-26;10,00;25.35;57,07;;;40.150
08/09/26;BBVA;PUT;Sep-26;10,50;25.35;56,03;;;300
08/09/26;BBVA;PUT;Sep-26;11,00;25.35;54,98;;;350
08/09/26;BBVA;PUT;Sep-26;11,50;25.35;53,94;;;1
08/09/26;BBVA;PUT;Sep-26;12,00;25.35;52,89;;;1
08/09/26;BBVA;PUT;Sep-26;12,50;25.35;51,85;;;50
08/09/26;BBVA;PUT;Sep-26;13,00;25.35;50,80;;;130
08/09/26;BBVA;PUT;Sep-26;14,00;25.35;48,71;;;55
08/09/26;BBVA;PUT;Sep-26;14,50;25.35;47,66;;;6
08/09/26;BBVA;PUT;Sep-26;15,00;25.35;46,62;;;108
08/09/26;BBVA;PUT;Sep-26;15,50;25.35;45,57;;;56
08/09/26;BBVA;PUT;Sep-26;16,00;25.35;44,53;;;89
08/09/26;BBVA;PUT;Sep-26;16,50;25.35;43,48;;;58
08/09/26;BBVA;PUT;Sep-26;17,00;25.35;42,44;;;4.956
08/09/26;BBVA;PUT;Sep-26;17,50;25.35;41,39;;;151
08/09/26;BBVA;PUT;Sep-26;18,00;25.35;40,35;;;7.070
08/09/26;BBVA;PUT;Sep-26;18,50;25.35;39,30;;;210
08/09/26;BBVA;PUT;Sep-26;19,00;25.35;38,26;;;7.071
08/09/26;BBVA;PUT;Sep-26;19,50;25.35;37,21;;;301
08/09/26;BBVA;PUT;Sep-26;20,00;25.35;36,17;;;12.031
08/09/26;BBVA;PUT;Sep-26;20,50;25.35;35,12;;;250
08/09/26;BBVA;PUT;Sep-26;21,00;25.35;34,07;;;3.167
08/09/26;BBVA;PUT;Sep-26;22,00;25.35;31,98;;;263
08/09/26;BBVA;PUT;Sep-26;23,00;25.35;29,89;-0,02;;454
08/09/26;BBVA;PUT;Sep-26;24,00;25.35;27,80;-0,11;;202
08/09/26;BBVA;PUT;Sep-26;24,50;25.35;26,76;-0,21;;151
08/09/26;BBVA;PUT;Sep-26;25,00;25.35;25,71;-0,36;;301
08/09/26;BBVA;PUT;Sep-26;25,50;25.35;24,93;-0,54;;3
08/09/26;BBVA;PUT;Sep-26;26,00;25.35;24,76;-0,72;;52
08/09/26;BBVA;PUT;Oct-26;19,00;25.35;35,40;-0,01;;1
08/09/26;BBVA;PUT;Oct-26;20,00;25.35;33,61;-0,02;;6
08/09/26;BBVA;PUT;Oct-26;20,50;25.35;32,71;-0,03;;10
08/09/26;BBVA;PUT;Oct-26;21,00;25.35;31,82;-0,04;;20
08/09/26;BBVA;PUT;Oct-26;22,00;25.35;30,03;-0,09;;125
08/09/26;BBVA;PUT;Oct-26;23,00;25.35;28,24;-0,17;;161
08/09/26;BBVA;PUT;Oct-26;24,00;25.35;26,45;-0,30;30;63
08/09/26;BBVA;PUT;Oct-26;25,00;25.35;24,67;-0,48;;14
08/09/26;BBVA;PUT;Oct-26;27,00;25.35;23,50;-0,83;;1
08/09/26;BBVA;PUT;Nov-26;22,00;25.35;31,25;-0,16;;1
08/09/26;BBVA;PUT;Nov-26;23,00;25.35;29,52;-0,24;20;100
08/09/26;BBVA;PUT;Nov-26;24,00;25.35;27,78;-0,34;;10
08/09/26;BBVA;PUT;Dic-26;5,75;25.35;59,43;;;150
08/09/26;BBVA;PUT;Dic-26;6,00;25.35;59,00;;;10.150
08/09/26;BBVA;PUT;Dic-26;6,25;25.35;58,56;;;150
08/09/26;BBVA;PUT;Dic-26;6,50;25.35;58,13;;;13.250
08/09/26;BBVA;PUT;Dic-26;6,75;25.35;57,69;;;450
08/09/26;BBVA;PUT;Dic-26;7,00;25.35;57,26;;;300
08/09/26;BBVA;PUT;Dic-26;7,25;25.35;56,83;;;600
08/09/26;BBVA;PUT;Dic-26;7,50;25.35;56,39;;;450
08/09/26;BBVA;PUT;Dic-26;7,75;25.35;55,96;;;451
08/09/26;BBVA;PUT;Dic-26;8,00;25.35;55,52;;;18.450
08/09/26;BBVA;PUT;Dic-26;8,25;25.35;55,09;;;15
08/09/26;BBVA;PUT;Dic-26;8,50;25.35;54,66;;;25.000
08/09/26;BBVA;PUT;Dic-26;8,75;25.35;54,22;;;311
08/09/26;BBVA;PUT;Dic-26;9,00;25.35;53,79;;;14.933
08/09/26;BBVA;PUT;Dic-26;9,25;25.35;53,35;;;75
08/09/26;BBVA;PUT;Dic-26;9,50;25.35;52,92;;;76
08/09/26;BBVA;PUT;Dic-26;9,75;25.35;52,49;;;200
08/09/26;BBVA;PUT;Dic-26;10,00;25.35;52,05;;;226
08/09/26;BBVA;PUT;Dic-26;10,50;25.35;51,19;;;300
08/09/26;BBVA;PUT;Dic-26;11,00;25.35;50,32;;;481
08/09/26;BBVA;PUT;Dic-26;11,50;25.35;49,45;;;1
08/09/26;BBVA;PUT;Dic-26;12,00;25.35;48,58;;;8.410
08/09/26;BBVA;PUT;Dic-26;12,50;25.35;47,71;;;250
08/09/26;BBVA;PUT;Dic-26;13,00;25.35;46,85;;;42.101
08/09/26;BBVA;PUT;Dic-26;13,50;25.35;45,98;;;400
08/09/26;BBVA;PUT;Dic-26;14,00;25.35;45,11;;;706
08/09/26;BBVA;PUT;Dic-26;14,50;25.35;44,24;-0,01;;300
08/09/26;BBVA;PUT;Dic-26;15,00;25.35;43,37;-0,01;;3.774
08/09/26;BBVA;PUT;Dic-26;15,50;25.35;42,51;-0,01;;12
08/09/26;BBVA;PUT;Dic-26;16,00;25.35;41,64;-0,01;;92
08/09/26;BBVA;PUT;Dic-26;16,50;25.35;40,77;-0,02;;520
08/09/26;BBVA;PUT;Dic-26;17,00;25.35;39,90;-0,02;;8.736
08/09/26;BBVA;PUT;Dic-26;17,50;25.35;39,04;-0,03;;124
08/09/26;BBVA;PUT;Dic-26;18,00;25.35;38,17;-0,04;;20.169
08/09/26;BBVA;PUT;Dic-26;18,50;25.35;37,30;-0,05;;105
08/09/26;BBVA;PUT;Dic-26;19,00;25.35;36,43;-0,06;;13.518
08/09/26;BBVA;PUT;Dic-26;20,00;25.35;34,70;-0,09;;10.512
08/09/26;BBVA;PUT;Dic-26;20,50;25.35;33,83;-0,11;;6
08/09/26;BBVA;PUT;Dic-26;21,00;25.35;32,96;-0,13;;12.145
08/09/26;BBVA;PUT;Dic-26;22,00;25.35;31,22;-0,19;;1.003
08/09/26;BBVA;PUT;Dic-26;23,00;25.35;29,49;-0,26;;2.600
08/09/26;BBVA;PUT;Dic-26;24,00;25.35;27,75;-0,35;;581
08/09/26;BBVA;PUT;Dic-26;25,00;25.35;26,02;-0,46;;51
08/09/26;BBVA;PUT;Dic-26;28,00;25.35;24,54;-0,80;;50
08/09/26;BBVA;PUT;Mar-27;8,50;25.35;50,03;;;25
08/09/26;BBVA;PUT;Mar-27;8,75;25.35;49,68;;;25
08/09/26;BBVA;PUT;Mar-27;9,00;25.35;49,32;;;25
08/09/26;BBVA;PUT;Mar-27;9,25;25.35;48,97;;;25
08/09/26;BBVA;PUT;Mar-27;9,50;25.35;48,62;;;30
08/09/26;BBVA;PUT;Mar-27;9,75;25.35;48,27;;;25
08/09/26;BBVA;PUT;Mar-27;10,50;25.35;47,21;;;175
08/09/26;BBVA;PUT;Mar-27;11,00;25.35;46,51;;;175
08/09/26;BBVA;PUT;Mar-27;11,50;25.35;45,81;-0,01;;32.250
08/09/26;BBVA;PUT;Mar-27;12,00;25.35;45,10;-0,01;;40
08/09/26;BBVA;PUT;Mar-27;12,50;25.35;44,40;-0,01;;30
08/09/26;BBVA;PUT;Mar-27;13,00;25.35;43,70;-0,01;;40
08/09/26;BBVA;PUT;Mar-27;13,50;25.35;42,99;-0,01;;20
08/09/26;BBVA;PUT;Mar-27;14,00;25.35;42,29;-0,02;;30
08/09/26;BBVA;PUT;Mar-27;15,00;25.35;40,88;-0,03;;220
08/09/26;BBVA;PUT;Mar-27;16,00;25.35;39,48;-0,04;;5.500
08/09/26;BBVA;PUT;Mar-27;16,50;25.35;38,77;-0,05;;450
08/09/26;BBVA;PUT;Mar-27;17,00;25.35;38,07;-0,06;;2.360
08/09/26;BBVA;PUT;Mar-27;17,50;25.35;37,36;-0,07;;4.250
08/09/26;BBVA;PUT;Mar-27;18,00;25.35;36,66;-0,08;;100
08/09/26;BBVA;PUT;Mar-27;18,50;25.35;35,96;-0,09;;10
08/09/26;BBVA;PUT;Mar-27;19,00;25.35;35,25;-0,11;;2.400
08/09/26;BBVA;PUT;Mar-27;19,50;25.35;34,55;-0,12;;3.810
08/09/26;BBVA;PUT;Mar-27;20,00;25.35;33,85;-0,14;;6.180
08/09/26;BBVA;PUT;Mar-27;20,50;25.35;33,14;-0,16;;20
08/09/26;BBVA;PUT;Mar-27;21,00;25.35;32,44;-0,18;;381
08/09/26;BBVA;PUT;Mar-27;22,00;25.35;31,03;-0,23;;12.645
08/09/26;BBVA;PUT;Mar-27;23,00;25.35;29,63;-0,30;;8.150
08/09/26;BBVA;PUT;Mar-27;24,00;25.35;28,22;-0,37;;1
08/09/26;BBVA;PUT;Mar-27;25,00;25.35;26,81;-0,45;;11.500
08/09/26;BBVA;PUT;Jun-27;4,30;25.35;54,10;;;1
08/09/26;BBVA;PUT;Jun-27;4,50;25.35;53,84;;;1
08/09/26;BBVA;PUT;Jun-27;4,90;25.35;53,31;;;150
08/09/26;BBVA;PUT;Jun-27;5,00;25.35;53,18;;;300
08/09/26;BBVA;PUT;Jun-27;5,25;25.35;52,85;;;298
08/09/26;BBVA;PUT;Jun-27;7,00;25.35;50,55;;;2
08/09/26;BBVA;PUT;Jun-27;8,00;25.35;49,23;;;1
08/09/26;BBVA;PUT;Jun-27;8,25;25.35;48,91;;;7
08/09/26;BBVA;PUT;Jun-27;9,00;25.35;47,92;;;7.000
08/09/26;BBVA;PUT;Jun-27;9,75;25.35;46,93;-0,01;;175
08/09/26;BBVA;PUT;Jun-27;10,00;25.35;46,60;-0,01;;10.000
08/09/26;BBVA;PUT;Jun-27;11,00;25.35;45,29;-0,01;;75
08/09/26;BBVA;PUT;Jun-27;12,00;25.35;43,97;-0,02;;20
08/09/26;BBVA;PUT;Jun-27;12,50;25.35;43,32;-0,02;;197
08/09/26;BBVA;PUT;Jun-27;13,00;25.35;42,66;-0,03;;1.126
08/09/26;BBVA;PUT;Jun-27;13,50;25.35;42,00;-0,03;;190
08/09/26;BBVA;PUT;Jun-27;14,00;25.35;41,34;-0,04;;33
08/09/26;BBVA;PUT;Jun-27;14,50;25.35;40,69;-0,05;;400
08/09/26;BBVA;PUT;Jun-27;15,00;25.35;40,03;-0,06;;600
08/09/26;BBVA;PUT;Jun-27;15,50;25.35;39,37;-0,06;;21
08/09/26;BBVA;PUT;Jun-27;16,00;25.35;38,71;-0,07;;3
08/09/26;BBVA;PUT;Jun-27;16,50;25.35;38,06;-0,08;;250
08/09/26;BBVA;PUT;Jun-27;17,00;25.35;37,40;-0,10;;151
08/09/26;BBVA;PUT;Jun-27;17,50;25.35;36,74;-0,11;;150
08/09/26;BBVA;PUT;Jun-27;18,00;25.35;36,08;-0,12;;160
08/09/26;BBVA;PUT;Jun-27;18,50;25.35;35,43;-0,14;;2
08/09/26;BBVA;PUT;Jun-27;19,00;25.35;34,77;-0,16;;151
08/09/26;BBVA;PUT;Jun-27;20,00;25.35;33,45;-0,19;;2.603
08/09/26;BBVA;PUT;Jun-27;21,00;25.35;32,14;-0,24;;75
08/09/26;BBVA;PUT;Jun-27;23,00;25.35;29,51;-0,34;;1.180
08/09/26;BBVA;PUT;Jun-27;24,00;25.35;28,20;-0,41;;91
08/09/26;BBVA;PUT;Jun-27;25,00;25.35;26,88;-0,48;;30
08/09/26;BBVA;PUT;Jun-27;26,00;25.35;26,24;-0,55;;10
08/09/26;BBVA;PUT;Sep-27;7,75;25.35;47,58;;10;10
08/09/26;BBVA;PUT;Sep-27;16,00;25.35;37,82;-0,09;;309
08/09/26;BBVA;PUT;Sep-27;16,50;25.35;37,22;-0,10;;10
08/09/26;BBVA;PUT;Sep-27;17,00;25.35;36,63;-0,11;;379
08/09/26;BBVA;PUT;Sep-27;17,50;25.35;36,04;-0,13;;150
08/09/26;BBVA;PUT;Sep-27;18,00;25.35;35,45;-0,14;;150
08/09/26;BBVA;PUT;Sep-27;20,00;25.35;33,08;-0,21;;1
08/09/26;BBVA;PUT;Sep-27;22,00;25.35;30,71;-0,29;;1
08/09/26;BBVA;PUT;Dic-27;4,40;25.35;50,08;;;1
08/09/26;BBVA;PUT;Dic-27;4,90;25.35;49,54;;;150
08/09/26;BBVA;PUT;Dic-27;5,00;25.35;49,43;;;150
08/09/26;BBVA;PUT;Dic-27;6,50;25.35;47,79;;;10
08/09/26;BBVA;PUT;Dic-27;7,00;25.35;47,25;;;150
08/09/26;BBVA;PUT;Dic-27;7,25;25.35;46,97;;;150
08/09/26;BBVA;PUT;Dic-27;7,75;25.35;46,43;-0,01;;1
08/09/26;BBVA;PUT;Dic-27;8,25;25.35;45,88;-0,01;;150
08/09/26;BBVA;PUT;Dic-27;8,50;25.35;45,61;-0,01;;6.150
08/09/26;BBVA;PUT;Dic-27;8,75;25.35;45,34;-0,01;;1
08/09/26;BBVA;PUT;Dic-27;9,00;25.35;45,06;-0,01;;7.650
08/09/26;BBVA;PUT;Dic-27;9,25;25.35;44,79;-0,01;;150
08/09/26;BBVA;PUT;Dic-27;9,50;25.35;44,52;-0,02;;250
08/09/26;BBVA;PUT;Dic-27;9,75;25.35;44,25;-0,02;;150
08/09/26;BBVA;PUT;Dic-27;10,00;25.35;43,97;-0,02;;407
08/09/26;BBVA;PUT;Dic-27;10,50;25.35;43,43;-0,02;;300
08/09/26;BBVA;PUT;Dic-27;11,00;25.35;42,88;-0,03;;5.304
08/09/26;BBVA;PUT;Dic-27;12,00;25.35;41,79;-0,04;;3.300
08/09/26;BBVA;PUT;Dic-27;12,50;25.35;41,24;-0,04;;300
08/09/26;BBVA;PUT;Dic-27;13,00;25.35;40,70;-0,05;;10.000
08/09/26;BBVA;PUT;Dic-27;13,50;25.35;40,15;-0,06;;150
08/09/26;BBVA;PUT;Dic-27;14,00;25.35;39,61;-0,07;;150
08/09/26;BBVA;PUT;Dic-27;15,00;25.35;38,52;-0,09;;3
08/09/26;BBVA;PUT;Dic-27;16,00;25.35;37,42;-0,11;;15.000
08/09/26;BBVA;PUT;Dic-27;16,50;25.35;36,88;-0,12;;174
08/09/26;BBVA;PUT;Dic-27;17,00;25.35;36,33;-0,13;25;8.500
08/09/26;BBVA;PUT;Dic-27;17,50;25.35;35,79;-0,15;;292
08/09/26;BBVA;PUT;Dic-27;18,00;25.35;35,24;-0,16;;150
08/09/26;BBVA;PUT;Dic-27;20,00;25.35;33,06;-0,23;;4.000
08/09/26;BBVA;PUT;Dic-27;21,00;25.35;31,97;-0,27;;150
08/09/26;BBVA;PUT;Dic-27;22,00;25.35;30,88;-0,31;;10.302
08/09/26;BBVA;PUT;Dic-27;23,00;25.35;29,78;-0,36;;300
08/09/26;BBVA;PUT;Dic-27;25,00;25.35;27,60;-0,46;;1
08/09/26;BBVA;PUT;Mar-28;15,00;25.35;37,36;-0,09;;150
08/09/26;BBVA;PUT;Mar-28;15,50;25.35;36,86;-0,10;;150
08/09/26;BBVA;PUT;Mar-28;18,00;25.35;34,37;-0,17;;26
08/09/26;BBVA;PUT;Mar-28;20,00;25.35;32,37;-0,23;;150
08/09/26;BBVA;PUT;Mar-28;21,00;25.35;31,37;-0,27;;150
08/09/26;BBVA;PUT;Mar-28;22,00;25.35;30,37;-0,31;;150
08/09/26;BBVA;PUT;Mar-28;23,00;25.35;29,37;-0,35;;150
08/09/26;BBVA;PUT;Jun-28;15,50;25.35;36,16;-0,12;;1
08/09/26;BBVA;PUT;Jun-28;18,00;25.35;33,70;-0,19;;1.250
08/09/26;BBVA;PUT;Jun-28;19,00;25.35;32,71;-0,22;;4.450
08/09/26;BBVA;PUT;Jun-28;20,00;25.35;31,73;-0,25;;3.300
08/09/26;BBVA;PUT;Jun-28;21,00;25.35;30,74;-0,29;;750
08/09/26;BBVA;PUT;Jun-28;22,00;25.35;29,75;-0,33;;2.350
08/09/26;BBVA;PUT;Jun-28;23,00;25.35;28,77;-0,37;;1.500
08/09/26;BBVA;PUT;Sep-28;25,00;25.35;26,46;-0,46;100;100
08/09/26;BBVA;PUT;Dic-28;12,00;25.35;36,40;-0,06;;3.500
08/09/26;BBVA;PUT;Dic-28;12,50;25.35;36,02;-0,07;;1.500
08/09/26;BBVA;PUT;Dic-28;16,00;25.35;33,40;-0,14;;17
08/09/26;BBVA;PUT;Dic-28;16,50;25.35;33,02;-0,16;;9
08/09/26;BBVA;PUT;Dic-28;18,50;25.35;31,52;-0,21;;3
08/09/26;BBVA;PUT;Dic-28;20,00;25.35;30,40;-0,26;;90
08/09/26;BBVA;PUT;Dic-28;25,00;25.35;26,65;-0,46;;2
08/09/26;BBVA;PUT;Jun-29;16,00;25.35;32,20;-0,16;;1.250
08/09/26;BBVA;PUT;Dic-29;12,50;25.35;33,06;-0,09;;3.000
08/09/26;BBVA;PUT;Dic-29;20,00;25.35;29,31;-0,28;;6
08/09/26;BBVA;PUT;Dic-29;25,00;25.35;26,81;-0,45;;152
08/09/26;BBVA;PUT;Dic-30;20,50;25.35;28,56;-0,31;;1.500
08/09/26;BBVA;CALL;Sep-26;19,00;25.35;38,51;1,00;;10
08/09/26;BBVA;CALL;Sep-26;20,00;25.35;36,42;1,00;;10
08/09/26;BBVA;CALL;Sep-26;20,00;25.35;36,42;1,00;;20
08/09/26;BBVA;CALL;Sep-26;21,00;25.35;34,32;1,00;;20
08/09/26;BBVA;CALL;Sep-26;21,00;25.35;34,32;1,00;;154
08/09/26;BBVA;CALL;Sep-26;22,00;25.35;32,23;1,00;;20
08/09/26;BBVA;CALL;Sep-26;22,00;25.35;32,23;1,00;;160
08/09/26;BBVA;CALL;Sep-26;23,00;25.35;30,14;0,98;;91
08/09/26;BBVA;CALL;Sep-26;24,00;25.35;28,05;0,89;10;
08/09/26;BBVA;CALL;Sep-26;25,00;25.35;25,96;0,64;;40
08/09/26;BBVA;CALL;Sep-26;25,00;25.35;25,96;0,64;;1.720
08/09/26;BBVA;CALL;Sep-26;25,50;25.35;25,18;0,46;;30
08/09/26;BBVA;CALL;Sep-26;26,00;25.35;25,01;0,28;;30
08/09/26;BBVA;CALL;Sep-26;26,00;25.35;25,01;0,28;;3.430
08/09/26;BBVA;CALL;Sep-26;27,00;25.35;24,67;0,07;;60
08/09/26;BBVA;CALL;Oct-26;22,00;25.35;31,10;0,91;;20
08/09/26;BBVA;CALL;Oct-26;23,00;25.35;29,31;0,82;;10
08/09/26;BBVA;CALL;Oct-26;23,00;25.35;29,31;0,82;;10
08/09/26;BBVA;CALL;Oct-26;24,00;25.35;27,52;0,69;;26
08/09/26;BBVA;CALL;Oct-26;25,00;25.35;25,74;0,52;;10
08/09/26;BBVA;CALL;Oct-26;26,00;25.35;24,90;0,33;;1.709
08/09/26;BBVA;CALL;Oct-26;26,00;25.35;24,90;0,33;;50
08/09/26;BBVA;CALL;Oct-26;27,00;25.35;24,57;0,18;;10.426
08/09/26;BBVA;CALL;Nov-26;25,00;25.35;28,17;0,53;10;10
08/09/26;BBVA;CALL;Nov-26;27,00;25.35;27,04;0,29;10;10
08/09/26;BBVA;CALL;Nov-26;28,00;25.35;26,72;0,20;;15
08/09/26;BBVA;CALL;Dic-26;17,00;25.35;42,23;0,96;;10
08/09/26;BBVA;CALL;Dic-26;19,00;25.35;38,76;0,92;;10
08/09/26;BBVA;CALL;Dic-26;19,50;25.35;37,89;0,91;;10
08/09/26;BBVA;CALL;Dic-26;21,00;25.35;35,29;0,85;;10
08/09/26;BBVA;CALL;Dic-26;22,00;25.35;33,55;0,79;;3
08/09/26;BBVA;CALL;Dic-26;22,00;25.35;33,55;0,79;;10
08/09/26;BBVA;CALL;Dic-26;23,00;25.35;31,82;0,72;;10
08/09/26;BBVA;CALL;Dic-26;23,00;25.35;31,82;0,72;;1
08/09/26;BBVA;CALL;Dic-26;24,00;25.35;30,08;0,64;;4
08/09/26;BBVA;CALL;Dic-26;24,00;25.35;30,08;0,64;;10
08/09/26;BBVA;CALL;Dic-26;25,00;25.35;28,35;0,54;;6
08/09/26;BBVA;CALL;Dic-26;26,00;25.35;27,53;0,43;;4
08/09/26;BBVA;CALL;Dic-26;29,00;25.35;26,54;0,17;;8
08/09/26;BBVA;CALL;Dic-26;32,00;25.35;25,55;0,04;;10
08/09/26;BBVA;CALL;Mar-27;19,00;25.35;37,08;0,87;;200
08/09/26;BBVA;CALL;Mar-27;19,00;25.35;37,08;0,87;;200
08/09/26;BBVA;CALL;Mar-27;19,50;25.35;36,38;0,86;;20
08/09/26;BBVA;CALL;Mar-27;23,00;25.35;31,46;0,69;;4
08/09/26;BBVA;CALL;Mar-27;24,00;25.35;30,05;0,63;;4
08/09/26;BBVA;CALL;Mar-27;25,00;25.35;28,64;0,56;;4
08/09/26;BBVA;CALL;Mar-27;26,00;25.35;27,99;0,48;;3
08/09/26;BBVA;CALL;Mar-27;27,00;25.35;27,74;0,41;;5
08/09/26;BBVA;CALL;Mar-27;28,00;25.35;27,49;0,34;;2
08/09/26;BBVA;CALL;Mar-27;32,00;25.35;26,49;0,13;;28
08/09/26;BBVA;PUT;Sep-26;9,50;25.35;58,12;;;600
08/09/26;BBVA;PUT;Sep-26;10,50;25.35;56,03;;;700
08/09/26;BBVA;PUT;Sep-26;17,00;25.35;42,44;;;20
08/09/26;BBVA;PUT;Sep-26;18,00;25.35;40,35;;;10
08/09/26;BBVA;PUT;Sep-26;19,00;25.35;38,26;;;10
08/09/26;BBVA;PUT;Sep-26;20,00;25.35;36,17;;;10
08/09/26;BBVA;PUT;Sep-26;22,00;25.35;31,98;;;10
08/09/26;BBVA;PUT;Sep-26;24,00;25.35;27,80;-0,11;;92
08/09/26;BBVA;PUT;Sep-26;24,00;25.35;27,80;-0,11;;10
08/09/26;BBVA;PUT;Sep-26;25,00;25.35;25,71;-0,36;;80
08/09/26;BBVA;PUT;Sep-26;25,50;25.35;24,93;-0,54;5;25
08/09/26;BBVA;PUT;Sep-26;26,00;25.35;24,76;-0,72;;15
08/09/26;BBVA;PUT;Oct-26;22,00;25.35;30,03;-0,09;;20
08/09/26;BBVA;PUT;Oct-26;24,00;25.35;26,45;-0,30;5;25
08/09/26;BBVA;PUT;Oct-26;24,00;25.35;26,45;-0,30;;10
08/09/26;BBVA;PUT;Oct-26;25,00;25.35;24,67;-0,48;10;10
08/09/26;BBVA;PUT;Oct-26;25,00;25.35;24,67;-0,48;;30
08/09/26;BBVA;PUT;Oct-26;26,00;25.35;23,83;-0,67;;15
08/09/26;BBVA;PUT;Nov-26;24,00;25.35;27,78;-0,34;10;29
08/09/26;BBVA;PUT;Nov-26;25,00;25.35;26,05;-0,46;5;5
08/09/26;BBVA;PUT;Dic-26;7,25;25.35;56,83;;;150
08/09/26;BBVA;PUT;Dic-26;8,50;25.35;54,66;;;150
08/09/26;BBVA;PUT;Dic-26;8,75;25.35;54,22;;;150
08/09/26;BBVA;PUT;Dic-26;9,00;25.35;53,79;;;150
08/09/26;BBVA;PUT;Dic-26;10,00;25.35;52,05;;;40
08/09/26;BBVA;PUT;Dic-26;15,50;25.35;42,51;-0,01;;5
08/09/26;BBVA;PUT;Dic-26;16,50;25.35;40,77;-0,02;;10
08/09/26;BBVA;PUT;Dic-26;17,00;25.35;39,90;-0,03;;23
08/09/26;BBVA;PUT;Dic-26;17,50;25.35;39,04;-0,03;;16
08/09/26;BBVA;PUT;Dic-26;21,00;25.35;32,96;-0,13;;16
08/09/26;BBVA;PUT;Dic-26;22,00;25.35;31,22;-0,19;;4
08/09/26;BBVA;PUT;Dic-26;23,00;25.35;29,49;-0,26;;1
08/09/26;BBVA;PUT;Dic-26;32,00;25.35;23,22;-0,96;;25
08/09/26;BBVA;PUT;Mar-27;10,00;25.35;47,92;;;150
08/09/26;BBVA;PUT;Mar-27;14,50;25.35;41,59;-0,02;;10
08/09/26;BBVA;PUT;Mar-27;17,00;25.35;38,07;-0,06;;20
08/09/26;BBVA;PUT;Mar-27;18,00;25.35;36,66;-0,08;;1
08/09/26;BBVA;PUT;Jun-27;22,00;25.35;30,82;-0,28;;70
08/09/26;BBVA;PUT;Jun-27;27,00;25.35;25,96;-0,59;;7
08/09/26;CAIXABANK;CALL;Sep-26;9,00;13.34;37,44;1,00;;1
08/09/26;CAIXABANK;CALL;Sep-26;10,00;13.34;33,86;1,00;;1
08/09/26;CAIXABANK;CALL;Sep-26;10,50;13.34;32,07;1,00;;1
08/09/26;CAIXABANK;CALL;Sep-26;11,00;13.34;30,29;1,00;;2
08/09/26;CAIXABANK;CALL;Sep-26;11,50;13.34;28,50;1,00;;4
08/09/26;CAIXABANK;CALL;Sep-26;12,00;13.34;26,71;0,99;;8
08/09/26;CAIXABANK;CALL;Sep-26;12,50;13.34;24,92;0,94;;20
08/09/26;CAIXABANK;CALL;Sep-26;13,00;13.34;23,14;0,76;;102
08/09/26;CAIXABANK;CALL;Sep-26;13,25;13.34;22,24;0,58;;1
08/09/26;CAIXABANK;CALL;Sep-26;13,50;13.34;21,81;0,38;;5
08/09/26;CAIXABANK;CALL;Oct-26;12,50;13.34;24,77;0,81;;3
08/09/26;CAIXABANK;CALL;Oct-26;13,25;13.34;22,18;0,56;;92
08/09/26;CAIXABANK;CALL;Nov-26;13,00;13.34;23,58;0,63;;4
08/09/26;CAIXABANK;CALL;Dic-26;7,00;13.34;45,00;1,00;;7.500
08/09/26;CAIXABANK;CALL;Dic-26;9,25;13.34;37,18;0,99;;1
08/09/26;CAIXABANK;CALL;Dic-26;10,50;13.34;32,84;0,95;;1.134
08/09/26;CAIXABANK;CALL;Dic-26;11,00;13.34;31,10;0,92;;20
08/09/26;CAIXABANK;CALL;Dic-26;11,50;13.34;29,37;0,88;;6.000
08/09/26;CAIXABANK;CALL;Dic-26;12,00;13.34;27,63;0,81;;1
08/09/26;CAIXABANK;CALL;Dic-26;12,50;13.34;25,89;0,72;;430
08/09/26;CAIXABANK;CALL;Dic-26;13,00;13.34;24,15;0,61;;2
08/09/26;CAIXABANK;CALL;Mar-27;9,50;13.34;34,74;0,95;;1
08/09/26;CAIXABANK;CALL;Mar-27;10,50;13.34;31,79;0,89;;14
08/09/26;CAIXABANK;CALL;Mar-27;12,50;13.34;25,89;0,67;;11
08/09/26;CAIXABANK;CALL;Mar-27;13,00;13.34;24,42;0,59;;400
08/09/26;CAIXABANK;CALL;Jun-27;9,75;13.34;32,91;0,92;;150
08/09/26;CAIXABANK;CALL;Jun-27;10,00;13.34;32,30;0,90;;150
08/09/26;CAIXABANK;CALL;Jun-27;10,50;13.34;31,07;0,87;;150
08/09/26;CAIXABANK;CALL;Jun-27;11,00;13.34;29,85;0,83;;150
08/09/26;CAIXABANK;CALL;Jun-27;12,00;13.34;27,40;0,72;;1
08/09/26;CAIXABANK;CALL;Jun-27;13,00;13.34;24,95;0,59;;25
08/09/26;CAIXABANK;CALL;Jun-27;14,50;13.34;23,34;0,37;;1
08/09/26;CAIXABANK;CALL;Sep-27;13,50;13.34;25,08;0,52;;2
08/09/26;CAIXABANK;CALL;Dic-27;10,50;13.34;31,81;0,82;;20
08/09/26;CAIXABANK;CALL;Dic-27;11,00;13.34;30,81;0,78;;1
08/09/26;CAIXABANK;CALL;Dic-27;11,50;13.34;29,81;0,74;;1
08/09/26;CAIXABANK;CALL;Jun-28;10,00;13.34;33,20;0,83;;150
08/09/26;CAIXABANK;CALL;Jun-28;10,50;13.34;32,40;0,80;;300
08/09/26;CAIXABANK;CALL;Jun-28;11,00;13.34;31,60;0,76;;1.250
08/09/26;CAIXABANK;CALL;Jun-28;11,50;13.34;30,80;0,72;;150
08/09/26;CAIXABANK;PUT;Sep-26;5,50;13.34;51,53;;;70.900
08/09/26;CAIXABANK;PUT;Sep-26;7,75;13.34;43,48;;;3
08/09/26;CAIXABANK;PUT;Sep-26;8,00;13.34;42,59;;;174
08/09/26;CAIXABANK;PUT;Sep-26;8,50;13.34;40,80;;;1.000
08/09/26;CAIXABANK;PUT;Sep-26;9,00;13.34;39,02;;;1
08/09/26;CAIXABANK;PUT;Sep-26;10,50;13.34;33,65;;;3
08/09/26;CAIXABANK;PUT;Sep-26;11,00;13.34;31,87;;;25
08/09/26;CAIXABANK;PUT;Sep-26;11,50;13.34;30,08;;;1
08/09/26;CAIXABANK;PUT;Sep-26;12,00;13.34;28,29;-0,01;;256
08/09/26;CAIXABANK;PUT;Sep-26;12,50;13.34;26,50;-0,07;1;108
08/09/26;CAIXABANK;PUT;Sep-26;13,00;13.34;24,72;-0,26;;17
08/09/26;CAIXABANK;PUT;Sep-26;13,25;13.34;23,82;-0,42;;2
08/09/26;CAIXABANK;PUT;Sep-26;13,50;13.34;23,39;-0,61;;5
08/09/26;CAIXABANK;PUT;Sep-26;13,75;13.34;23,19;-0,78;;1
08/09/26;CAIXABANK;PUT;Sep-26;14,00;13.34;22,99;-0,90;;11
08/09/26;CAIXABANK;PUT;Sep-26;14,50;13.34;22,59;-1,00;;6
08/09/26;CAIXABANK;PUT;Oct-26;12,50;13.34;24,61;-0,19;;10
08/09/26;CAIXABANK;PUT;Oct-26;13,00;13.34;22,89;-0,34;;10
08/09/26;CAIXABANK;PUT;Dic-26;5,25;13.34;49,92;;;75
08/09/26;CAIXABANK;PUT;Dic-26;6,75;13.34;44,71;;;3
08/09/26;CAIXABANK;PUT;Dic-26;7,25;13.34;42,97;;;1
08/09/26;CAIXABANK;PUT;Dic-26;8,00;13.34;40,37;-0,01;;100
08/09/26;CAIXABANK;PUT;Dic-26;8,25;13.34;39,50;-0,01;;100
08/09/26;CAIXABANK;PUT;Dic-26;8,50;13.34;38,63;-0,01;;102
08/09/26;CAIXABANK;PUT;Dic-26;8,75;13.34;37,76;-0,01;;10
08/09/26;CAIXABANK;PUT;Dic-26;9,00;13.34;36,89;-0,02;;11
08/09/26;CAIXABANK;PUT;Dic-26;9,50;13.34;35,15;-0,03;;2
08/09/26;CAIXABANK;PUT;Dic-26;10,00;13.34;33,42;-0,05;;76
08/09/26;CAIXABANK;PUT;Dic-26;10,50;13.34;31,68;-0,07;;1.030
08/09/26;CAIXABANK;PUT;Dic-26;11,00;13.34;29,94;-0,11;;40
08/09/26;CAIXABANK;PUT;Dic-26;11,50;13.34;28,21;-0,15;;6.008
08/09/26;CAIXABANK;PUT;Dic-26;12,50;13.34;24,73;-0,31;;10
08/09/26;CAIXABANK;PUT;Dic-26;13,00;13.34;22,99;-0,42;;27
08/09/26;CAIXABANK;PUT;Dic-26;14,00;13.34;21,33;-0,68;;1
08/09/26;CAIXABANK;PUT;Mar-27;6,00;13.34;44,04;;;7.675
08/09/26;CAIXABANK;PUT;Mar-27;6,50;13.34;42,56;-0,01;;29.800
08/09/26;CAIXABANK;PUT;Mar-27;8,00;13.34;38,14;-0,02;;1
08/09/26;CAIXABANK;PUT;Mar-27;8,75;13.34;35,92;-0,04;;350
08/09/26;CAIXABANK;PUT;Mar-27;9,75;13.34;32,97;-0,08;;5
08/09/26;CAIXABANK;PUT;Mar-27;10,00;13.34;32,24;-0,09;;32
08/09/26;CAIXABANK;PUT;Mar-27;12,00;13.34;26,34;-0,26;;150
08/09/26;CAIXABANK;PUT;Mar-27;12,50;13.34;24,86;-0,33;;8
08/09/26;CAIXABANK;PUT;Jun-27;7,75;13.34;36,21;-0,04;;8.200
08/09/26;CAIXABANK;PUT;Jun-27;10,00;13.34;30,70;-0,13;;4.025
08/09/26;CAIXABANK;PUT;Jun-27;10,50;13.34;29,47;-0,17;;175
08/09/26;CAIXABANK;PUT;Jun-27;11,00;13.34;28,25;-0,21;;25
08/09/26;CAIXABANK;PUT;Jun-27;11,50;13.34;27,03;-0,26;;25
08/09/26;CAIXABANK;PUT;Jun-27;12,00;13.34;25,80;-0,32;;25
08/09/26;CAIXABANK;PUT;Jun-27;13,00;13.34;23,35;-0,46;;50
08/09/26;CAIXABANK;PUT;Dic-27;3,50;13.34;42,08;;;1
08/09/26;CAIXABANK;PUT;Dic-27;4,20;13.34;40,68;;;1
08/09/26;CAIXABANK;PUT;Dic-27;5,50;13.34;38,08;-0,01;;160
08/09/26;CAIXABANK;PUT;Dic-27;5,75;13.34;37,58;-0,02;;1
08/09/26;CAIXABANK;PUT;Dic-27;6,00;13.34;37,08;-0,02;;150
08/09/26;CAIXABANK;PUT;Dic-27;8,00;13.34;33,08;-0,07;;150
08/09/26;CAIXABANK;PUT;Dic-27;8,25;13.34;32,58;-0,08;;225
08/09/26;CAIXABANK;PUT;Dic-27;8,50;13.34;32,08;-0,09;;150
08/09/26;CAIXABANK;PUT;Dic-27;8,75;13.34;31,58;-0,10;;150
08/09/26;CAIXABANK;PUT;Dic-27;9,00;13.34;31,08;-0,11;;150
08/09/26;CAIXABANK;PUT;Dic-27;9,25;13.34;30,58;-0,12;;150
08/09/26;CAIXABANK;PUT;Dic-27;9,50;13.34;30,08;-0,14;;150
08/09/26;CAIXABANK;PUT;Dic-27;9,75;13.34;29,58;-0,15;;150
08/09/26;CAIXABANK;PUT;Dic-27;10,00;13.34;29,08;-0,17;;150
08/09/26;CAIXABANK;PUT;Jun-28;8,50;13.34;30,66;-0,11;;150
08/09/26;CAIXABANK;PUT;Jun-28;9,00;13.34;29,86;-0,14;;150
08/09/26;CAIXABANK;PUT;Jun-28;9,25;13.34;29,46;-0,15;;150
08/09/26;CAIXABANK;PUT;Jun-28;9,50;13.34;29,06;-0,17;;300
08/09/26;CAIXABANK;PUT;Jun-28;9,75;13.34;28,66;-0,18;;150
08/09/26;CAIXABANK;PUT;Jun-28;10,00;13.34;28,26;-0,20;;150
08/09/26;CAIXABANK;PUT;Dic-28;4,50;13.34;35,31;-0,01;;15.000
08/09/26;CAIXABANK;PUT;Dic-28;8,75;13.34;30,00;-0,14;;450
08/09/26;CAIXABANK;PUT;Dic-29;5,00;13.34;32,92;-0,03;;16.000
08/09/26;CAIXABANK;CALL;Sep-26;13,00;13.34;23,14;0,76;;10
08/09/26;CAIXABANK;CALL;Dic-26;9,00;13.34;38,05;0,97;;10
08/09/26;CAIXABANK;CALL;Dic-26;11,00;13.34;31,10;0,88;;10
08/09/26;CAIXABANK;CALL;Dic-26;12,00;13.34;27,63;0,77;;10
08/09/26;CAIXABANK;CALL;Dic-26;12,50;13.34;25,89;0,68;;10
08/09/26;CAIXABANK;PUT;Sep-26;11,50;13.34;30,08;;;10
08/09/26;CELLNEX;CALL;Sep-26;25,00;25.4;32,08;0,63;;13
08/09/26;CELLNEX;CALL;Sep-26;26,00;25.4;30,95;0,34;;11
08/09/26;CELLNEX;CALL;Sep-26;27,00;25.4;29,97;0,12;;30
08/09/26;CELLNEX;CALL;Sep-26;28,00;25.4;28,98;0,02;;61
08/09/26;CELLNEX;CALL;Sep-26;29,00;25.4;28,00;;;43
08/09/26;CELLNEX;CALL;Sep-26;30,00;25.4;27,01;;;37
08/09/26;CELLNEX;CALL;Sep-26;31,00;25.4;26,03;;;22
08/09/26;CELLNEX;CALL;Sep-26;32,00;25.4;25,04;;;56
08/09/26;CELLNEX;CALL;Sep-26;33,00;25.4;24,06;;;25
08/09/26;CELLNEX;CALL;Sep-26;34,00;25.4;23,08;;;41
08/09/26;CELLNEX;CALL;Sep-26;35,00;25.4;22,09;;;30
08/09/26;CELLNEX;CALL;Sep-26;36,00;25.4;21,11;;;25
08/09/26;CELLNEX;CALL;Sep-26;37,00;25.4;20,12;;;25
08/09/26;CELLNEX;CALL;Sep-26;38,00;25.4;19,14;;;25
08/09/26;CELLNEX;CALL;Sep-26;39,00;25.4;18,15;;;25
08/09/26;CELLNEX;CALL;Sep-26;40,00;25.4;17,17;;;25
08/09/26;CELLNEX;CALL;Dic-26;18,00;25.4;38,76;0,97;;2
08/09/26;CELLNEX;CALL;Dic-26;20,00;25.4;36,29;0,92;;1
08/09/26;CELLNEX;CALL;Dic-26;21,00;25.4;35,06;0,88;;1
08/09/26;CELLNEX;CALL;Dic-26;24,00;25.4;31,36;0,68;;11
08/09/26;CELLNEX;CALL;Dic-26;25,00;25.4;30,12;0,59;;47
08/09/26;CELLNEX;CALL;Dic-26;27,00;25.4;29,13;0,39;;25
08/09/26;CELLNEX;CALL;Dic-26;28,00;25.4;28,81;0,30;;76
08/09/26;CELLNEX;CALL;Dic-26;29,00;25.4;28,50;0,22;;2.060
08/09/26;CELLNEX;CALL;Dic-26;30,00;25.4;28,18;0,16;;148
08/09/26;CELLNEX;CALL;Dic-26;31,00;25.4;27,87;0,11;;110
08/09/26;CELLNEX;CALL;Dic-26;32,00;25.4;27,55;0,07;;218
08/09/26;CELLNEX;CALL;Dic-26;33,00;25.4;27,24;0,04;;120
08/09/26;CELLNEX;CALL;Dic-26;34,00;25.4;26,92;0,03;;190
08/09/26;CELLNEX;CALL;Dic-26;35,00;25.4;26,61;0,01;;115
08/09/26;CELLNEX;CALL;Dic-26;36,00;25.4;26,29;0,01;;85
08/09/26;CELLNEX;CALL;Dic-26;37,00;25.4;25,98;;;50
08/09/26;CELLNEX;CALL;Dic-26;38,00;25.4;25,66;;;25
08/09/26;CELLNEX;CALL;Dic-26;39,00;25.4;25,35;;;25
08/09/26;CELLNEX;CALL;Dic-26;40,00;25.4;25,03;;;125
08/09/26;CELLNEX;CALL;Dic-26;42,00;25.4;24,40;;;25
08/09/26;CELLNEX;CALL;Dic-26;44,00;25.4;23,77;;;25
08/09/26;CELLNEX;CALL;Dic-26;45,00;25.4;23,46;;;25
08/09/26;CELLNEX;CALL;Dic-26;46,00;25.4;23,14;;;25
08/09/26;CELLNEX;CALL;Mar-27;20,00;25.4;34,60;0,88;;33
08/09/26;CELLNEX;CALL;Mar-27;22,00;25.4;32,92;0,78;;4
08/09/26;CELLNEX;CALL;Mar-27;25,00;25.4;30,40;0,58;;50
08/09/26;CELLNEX;CALL;Mar-27;26,00;25.4;29,86;0,51;;26
08/09/26;CELLNEX;CALL;Mar-27;27,00;25.4;29,54;0,43;;25
08/09/26;CELLNEX;CALL;Mar-27;28,00;25.4;29,21;0,36;;51
08/09/26;CELLNEX;CALL;Mar-27;29,00;25.4;28,88;0,30;;1
08/09/26;CELLNEX;CALL;Mar-27;30,00;25.4;28,55;0,24;;317
08/09/26;CELLNEX;CALL;Mar-27;31,00;25.4;28,22;0,19;;75
08/09/26;CELLNEX;CALL;Mar-27;32,00;25.4;27,89;0,15;;120
08/09/26;CELLNEX;CALL;Mar-27;33,00;25.4;27,57;0,11;;51
08/09/26;CELLNEX;CALL;Mar-27;34,00;25.4;27,24;0,08;;25
08/09/26;CELLNEX;CALL;Mar-27;35,00;25.4;26,91;0,06;;25
08/09/26;CELLNEX;CALL;Jun-27;20,00;25.4;33,91;0,84;;6
08/09/26;CELLNEX;CALL;Jun-27;25,00;25.4;30,57;0,59;;1
08/09/26;CELLNEX;CALL;Jun-27;28,00;25.4;29,45;0,41;;100
08/09/26;CELLNEX;CALL;Jun-27;29,00;25.4;29,12;0,36;;100
08/09/26;CELLNEX;CALL;Jun-27;30,00;25.4;28,79;0,31;;125
08/09/26;CELLNEX;CALL;Jun-27;31,00;25.4;28,46;0,26;;150
08/09/26;CELLNEX;CALL;Jun-27;32,00;25.4;28,13;0,22;;100
08/09/26;CELLNEX;CALL;Jun-27;33,00;25.4;27,81;0,18;;112
08/09/26;CELLNEX;CALL;Jun-27;34,00;25.4;27,48;0,15;;175
08/09/26;CELLNEX;CALL;Jun-27;35,00;25.4;27,15;0,11;;150
08/09/26;CELLNEX;CALL;Jun-27;36,00;25.4;26,82;0,09;;125
08/09/26;CELLNEX;CALL;Jun-27;37,00;25.4;26,49;0,07;;125
08/09/26;CELLNEX;CALL;Jun-27;38,00;25.4;26,17;0,05;;75
08/09/26;CELLNEX;CALL;Jun-27;39,00;25.4;25,84;0,04;;75
08/09/26;CELLNEX;CALL;Jun-27;40,00;25.4;25,51;0,03;;50
08/09/26;CELLNEX;CALL;Jun-27;41,00;25.4;25,18;0,02;;50
08/09/26;CELLNEX;CALL;Jun-27;42,00;25.4;24,85;0,01;;50
08/09/26;CELLNEX;CALL;Jun-27;43,00;25.4;24,53;0,01;;50
08/09/26;CELLNEX;CALL;Jun-27;44,00;25.4;24,20;0,01;;50
08/09/26;CELLNEX;CALL;Jun-27;45,00;25.4;23,87;;;50
08/09/26;CELLNEX;CALL;Jun-27;46,00;25.4;23,54;;;50
08/09/26;CELLNEX;CALL;Jun-27;49,00;25.4;22,56;;;50
08/09/26;CELLNEX;CALL;Jun-27;50,00;25.4;22,23;;;411
08/09/26;CELLNEX;CALL;Sep-27;34,00;25.4;27,42;0,18;;20
08/09/26;CELLNEX;CALL;Sep-27;35,00;25.4;27,07;0,15;;100
08/09/26;CELLNEX;CALL;Sep-27;36,00;25.4;26,73;0,12;;75
08/09/26;CELLNEX;CALL;Sep-27;37,00;25.4;26,39;0,10;;75
08/09/26;CELLNEX;CALL;Sep-27;41,00;25.4;25,03;0,04;;50
08/09/26;CELLNEX;CALL;Dic-27;25,00;25.4;30,86;0,59;;25
08/09/26;CELLNEX;CALL;Dic-27;26,00;25.4;30,49;0,55;;2
08/09/26;CELLNEX;CALL;Dic-27;27,00;25.4;30,19;0,50;;2.500
08/09/26;CELLNEX;CALL;Dic-27;28,00;25.4;29,89;0,46;;7
08/09/26;CELLNEX;CALL;Dic-27;29,00;25.4;29,58;0,41;;1
08/09/26;CELLNEX;CALL;Dic-27;30,00;25.4;29,28;0,37;;115
08/09/26;CELLNEX;CALL;Dic-27;31,00;25.4;28,98;0,33;;75
08/09/26;CELLNEX;CALL;Dic-27;32,00;25.4;28,68;0,29;;51
08/09/26;CELLNEX;CALL;Dic-27;33,00;25.4;28,38;0,26;;25
08/09/26;CELLNEX;CALL;Dic-27;34,00;25.4;28,07;0,23;;74
08/09/26;CELLNEX;CALL;Dic-27;35,00;25.4;27,77;0,19;;50
08/09/26;CELLNEX;CALL;Dic-27;37,00;25.4;27,17;0,14;;25
08/09/26;CELLNEX;CALL;Dic-27;38,00;25.4;26,87;0,12;;570
08/09/26;CELLNEX;CALL;Dic-27;40,00;25.4;26,26;0,08;;48
08/09/26;CELLNEX;CALL;Dic-27;44,00;25.4;25,06;0,04;;25
08/09/26;CELLNEX;CALL;Mar-28;29,00;25.4;30,08;0,43;;11
08/09/26;CELLNEX;CALL;Jun-28;26,00;25.4;30,75;0,56;;4
08/09/26;CELLNEX;CALL;Dic-29;40,00;25.4;29,33;0,27;;1.260
08/09/26;CELLNEX;PUT;Sep-26;19,00;25.4;38,35;;;1
08/09/26;CELLNEX;PUT;Sep-26;20,00;25.4;37,00;;;1
08/09/26;CELLNEX;PUT;Sep-26;21,00;25.4;35,65;;;19
08/09/26;CELLNEX;PUT;Sep-26;22,00;25.4;34,30;;;62
08/09/26;CELLNEX;PUT;Sep-26;23,00;25.4;32,94;-0,03;;23
08/09/26;CELLNEX;PUT;Sep-26;24,00;25.4;31,59;-0,13;;263
08/09/26;CELLNEX;PUT;Sep-26;25,00;25.4;30,24;-0,36;;69
08/09/26;CELLNEX;PUT;Sep-26;26,00;25.4;29,11;-0,67;;47
08/09/26;CELLNEX;PUT;Sep-26;27,00;25.4;28,13;-0,90;;69
08/09/26;CELLNEX;PUT;Sep-26;28,00;25.4;27,14;-0,99;;41
08/09/26;CELLNEX;PUT;Sep-26;29,00;25.4;26,16;-1,00;;28
08/09/26;CELLNEX;PUT;Sep-26;30,00;25.4;25,17;-1,00;;21
08/09/26;CELLNEX;PUT;Oct-26;22,00;25.4;32,51;-0,07;;1
08/09/26;CELLNEX;PUT;Oct-26;23,00;25.4;31,21;-0,15;;10
08/09/26;CELLNEX;PUT;Oct-26;24,00;25.4;29,91;-0,26;;15
08/09/26;CELLNEX;PUT;Oct-26;25,00;25.4;28,61;-0,41;;4
08/09/26;CELLNEX;PUT;Oct-26;27,00;25.4;26,94;-0,74;;20
08/09/26;CELLNEX;PUT;Nov-26;22,00;25.4;32,28;-0,14;;11
08/09/26;CELLNEX;PUT;Nov-26;23,00;25.4;31,00;-0,21;;20
08/09/26;CELLNEX;PUT;Nov-26;27,00;25.4;27,34;-0,66;;20
08/09/26;CELLNEX;PUT;Dic-26;18,00;25.4;37,00;-0,03;;2.001
08/09/26;CELLNEX;PUT;Dic-26;20,00;25.4;34,53;-0,08;;20
08/09/26;CELLNEX;PUT;Dic-26;21,00;25.4;33,30;-0,11;;225
08/09/26;CELLNEX;PUT;Dic-26;22,00;25.4;32,06;-0,17;;129
08/09/26;CELLNEX;PUT;Dic-26;23,00;25.4;30,83;-0,23;;689
08/09/26;CELLNEX;PUT;Dic-26;24,00;25.4;29,60;-0,32;;4.558
08/09/26;CELLNEX;PUT;Dic-26;25,00;25.4;28,36;-0,42;;63
08/09/26;CELLNEX;PUT;Dic-26;26,00;25.4;27,68;-0,52;;153
08/09/26;CELLNEX;PUT;Dic-26;27,00;25.4;27,37;-0,63;;84
08/09/26;CELLNEX;PUT;Dic-26;28,00;25.4;27,05;-0,73;;25
08/09/26;CELLNEX;PUT;Dic-26;29,00;25.4;26,74;-0,81;;3
08/09/26;CELLNEX;PUT;Dic-26;30,00;25.4;26,42;-0,88;;1
08/09/26;CELLNEX;PUT;Dic-26;32,00;25.4;25,79;-0,99;;26
08/09/26;CELLNEX;PUT;Dic-26;33,00;25.4;25,48;-1,00;;25
08/09/26;CELLNEX;PUT;Mar-27;20,00;25.4;32,93;-0,14;;1
08/09/26;CELLNEX;PUT;Mar-27;22,00;25.4;31,25;-0,23;;100
08/09/26;CELLNEX;PUT;Mar-27;23,00;25.4;30,41;-0,30;;53
08/09/26;CELLNEX;PUT;Mar-27;24,00;25.4;29,57;-0,36;;2
08/09/26;CELLNEX;PUT;Mar-27;25,00;25.4;28,73;-0,44;;85
08/09/26;CELLNEX;PUT;Mar-27;26,00;25.4;28,19;-0,52;;28
08/09/26;CELLNEX;PUT;Mar-27;27,00;25.4;27,87;-0,59;;117
08/09/26;CELLNEX;PUT;Mar-27;28,00;25.4;27,54;-0,67;;5
08/09/26;CELLNEX;PUT;Mar-27;30,00;25.4;26,88;-0,79;;9
08/09/26;CELLNEX;PUT;Mar-27;31,00;25.4;26,55;-0,84;;2
08/09/26;CELLNEX;PUT;Mar-27;32,00;25.4;26,22;-0,88;;10
08/09/26;CELLNEX;PUT;Mar-27;36,00;25.4;24,91;-0,97;;25
08/09/26;CELLNEX;PUT;Mar-27;37,00;25.4;24,58;-0,98;;25
08/09/26;CELLNEX;PUT;Jun-27;20,00;25.4;31,92;-0,16;;25
08/09/26;CELLNEX;PUT;Jun-27;20,50;25.4;31,59;-0,18;;10
08/09/26;CELLNEX;PUT;Jun-27;22,00;25.4;30,59;-0,25;;26
08/09/26;CELLNEX;PUT;Jun-27;23,00;25.4;29,92;-0,31;;25
08/09/26;CELLNEX;PUT;Jun-27;24,00;25.4;29,25;-0,36;;109
08/09/26;CELLNEX;PUT;Jun-27;25,00;25.4;28,58;-0,43;;25
08/09/26;CELLNEX;PUT;Jun-27;26,00;25.4;28,11;-0,49;;1.575
08/09/26;CELLNEX;PUT;Jun-27;27,00;25.4;27,79;-0,56;;10
08/09/26;CELLNEX;PUT;Jun-27;28,00;25.4;27,46;-0,62;;1
08/09/26;CELLNEX;PUT;Jun-27;29,00;25.4;27,13;-0,68;;1
08/09/26;CELLNEX;PUT;Jun-27;30,00;25.4;26,80;-0,74;;25
08/09/26;CELLNEX;PUT;Jun-27;31,00;25.4;26,47;-0,79;;75
08/09/26;CELLNEX;PUT;Jun-27;32,00;25.4;26,14;-0,83;;50
08/09/26;CELLNEX;PUT;Jun-27;33,00;25.4;25,82;-0,87;;50
08/09/26;CELLNEX;PUT;Jun-27;34,00;25.4;25,49;-0,91;;100
08/09/26;CELLNEX;PUT;Jun-27;35,00;25.4;25,16;-0,93;;100
08/09/26;CELLNEX;PUT;Jun-27;36,00;25.4;24,83;-0,95;;125
08/09/26;CELLNEX;PUT;Jun-27;37,00;25.4;24,50;-0,97;;100
08/09/26;CELLNEX;PUT;Jun-27;38,00;25.4;24,18;-0,98;;100
08/09/26;CELLNEX;PUT;Jun-27;39,00;25.4;23,85;-0,99;;25
08/09/26;CELLNEX;PUT;Sep-27;21,00;25.4;29,90;-0,22;;1
08/09/26;CELLNEX;PUT;Sep-27;24,00;25.4;28,17;-0,38;;3
08/09/26;CELLNEX;PUT;Sep-27;25,00;25.4;27,59;-0,43;;1
08/09/26;CELLNEX;PUT;Sep-27;36,00;25.4;23,74;-0,93;;25
08/09/26;CELLNEX;PUT;Sep-27;37,00;25.4;23,40;-0,95;;25
08/09/26;CELLNEX;PUT;Dic-27;21,00;25.4;29,22;-0,23;;1
08/09/26;CELLNEX;PUT;Dic-27;23,00;25.4;28,25;-0,32;;3
08/09/26;CELLNEX;PUT;Dic-27;30,00;25.4;25,69;-0,68;;75
08/09/26;CELLNEX;PUT;Dic-27;31,00;25.4;25,39;-0,73;;50
08/09/26;CELLNEX;PUT;Dic-27;32,00;25.4;25,09;-0,77;;26
08/09/26;CELLNEX;PUT;Dic-27;33,00;25.4;24,79;-0,81;;25
08/09/26;CELLNEX;PUT;Dic-27;34,00;25.4;24,48;-0,85;;25
08/09/26;CELLNEX;PUT;Mar-28;21,00;25.4;28,84;-0,25;;25
08/09/26;CELLNEX;PUT;Mar-28;22,00;25.4;28,42;-0,29;;100
08/09/26;CELLNEX;PUT;Mar-28;24,00;25.4;27,58;-0,38;;100
08/09/26;CELLNEX;PUT;Mar-28;25,00;25.4;27,16;-0,43;;2
08/09/26;CELLNEX;PUT;Jun-28;30,00;25.4;26,37;-0,63;;3
08/09/26;CELLNEX;CALL;Sep-26;28,00;25.4;28,98;0,02;;25
08/09/26;CELLNEX;CALL;Sep-26;31,00;25.4;26,03;;;25
08/09/26;CELLNEX;CALL;Sep-26;32,00;25.4;25,04;;;25
08/09/26;CELLNEX;CALL;Sep-26;33,00;25.4;24,06;;;25
08/09/26;CELLNEX;CALL;Dic-26;28,00;25.4;28,81;0,30;;50
08/09/26;CELLNEX;CALL;Dic-26;29,00;25.4;28,50;0,22;;3
08/09/26;CELLNEX;CALL;Dic-26;32,00;25.4;27,55;0,07;;50
08/09/26;CELLNEX;CALL;Dic-26;35,00;25.4;26,61;0,02;;18
08/09/26;CELLNEX;CALL;Dic-30;30,00;25.4;30,14;0,45;;120
08/09/26;CELLNEX;PUT;Sep-26;25,00;25.4;30,24;-0,36;;10
08/09/26;CELLNEX;PUT;Dic-26;24,00;25.4;29,60;-0,31;;2
08/09/26;CELLNEX;PUT;Mar-27;24,00;25.4;29,57;-0,35;;2
08/09/26;CELLNEX;PUT;Mar-27;25,00;25.4;28,73;-0,43;;1
08/09/26;CELLNEX;PUT;Jun-27;23,00;25.4;29,92;-0,29;;2
08/09/26;CIE AUTOMOTIVE;CALL;Sep-26;23,00;25.45;20,75;1,00;;4
08/09/26;CIE AUTOMOTIVE;CALL;Sep-26;30,00;25.45;18,70;;;10
08/09/26;CIE AUTOMOTIVE;CALL;Sep-26;31,00;25.45;18,51;;;11
08/09/26;CIE AUTOMOTIVE;CALL;Sep-26;33,00;25.45;18,15;;;1
08/09/26;CIE AUTOMOTIVE;CALL;Dic-26;22,00;25.45;21,37;0,92;;4
08/09/26;CIE AUTOMOTIVE;CALL;Dic-26;24,00;25.45;20,42;0,75;1;
08/09/26;CIE AUTOMOTIVE;CALL;Dic-26;26,00;25.45;19,65;0,46;;2
08/09/26;CIE AUTOMOTIVE;CALL;Dic-26;27,00;25.45;19,50;0,32;;6
08/09/26;CIE AUTOMOTIVE;CALL;Dic-26;31,00;25.45;18,87;0,03;;2
08/09/26;CIE AUTOMOTIVE;CALL;Mar-27;22,00;25.45;20,81;0,89;;1
08/09/26;CIE AUTOMOTIVE;CALL;Mar-27;24,00;25.45;20,02;0,71;1;3
08/09/26;CIE AUTOMOTIVE;CALL;Mar-27;25,00;25.45;19,63;0,60;;2
08/09/26;CIE AUTOMOTIVE;CALL;Mar-27;29,00;25.45;19,08;0,19;;1
08/09/26;CIE AUTOMOTIVE;CALL;Mar-27;30,00;25.45;18,97;0,12;;2
08/09/26;CIE AUTOMOTIVE;CALL;Jun-27;29,00;25.45;19,01;0,25;;43
08/09/26;CIE AUTOMOTIVE;PUT;Sep-26;25,00;25.45;18,75;-0,27;;1
08/09/26;CIE AUTOMOTIVE;PUT;Sep-26;26,00;25.45;18,43;-0,75;;12
08/09/26;CIE AUTOMOTIVE;PUT;Sep-26;26,50;25.45;18,34;-0,91;;1
08/09/26;CIE AUTOMOTIVE;PUT;Oct-26;24,00;25.45;20,02;-0,17;1;1
08/09/26;CIE AUTOMOTIVE;PUT;Dic-26;24,00;25.45;20,15;-0,25;;4
08/09/26;CIE AUTOMOTIVE;PUT;Dic-26;25,00;25.45;19,68;-0,39;;2
08/09/26;CIE AUTOMOTIVE;PUT;Dic-26;26,00;25.45;19,38;-0,55;;2
08/09/26;CIE AUTOMOTIVE;PUT;Mar-27;24,00;25.45;19,74;-0,34;;1
08/09/26;CIE AUTOMOTIVE;PUT;Mar-27;26,00;25.45;19,11;-0,56;;10
08/09/26;CIE AUTOMOTIVE;PUT;Mar-27;28,00;25.45;18,90;-0,77;;20
08/09/26;CIE AUTOMOTIVE;PUT;Jun-27;24,00;25.45;19,65;-0,34;;1
08/09/26;COLONIAL;CALL;Sep-26;5,25;5.2;18,76;0,39;;45
08/09/26;COLONIAL;CALL;Sep-26;5,75;5.2;18,41;;;20
08/09/26;COLONIAL;CALL;Nov-26;5,30;5.2;19,81;0,45;;4
08/09/26;COLONIAL;CALL;Dic-26;4,60;5.2;20,24;0,90;;65
08/09/26;COLONIAL;CALL;Dic-26;5,25;5.2;19,70;0,51;;5
08/09/26;COLONIAL;CALL;Dic-26;5,50;5.2;19,53;0,33;;5
08/09/26;COLONIAL;CALL;Dic-26;9,50;5.2;16,71;;;1
08/09/26;COLONIAL;CALL;Mar-27;5,50;5.2;18,88;0,41;;25
08/09/26;COLONIAL;CALL;Mar-27;5,75;5.2;18,72;0,29;;45
08/09/26;COLONIAL;CALL;Mar-27;6,00;5.2;18,56;0,19;;1
08/09/26;COLONIAL;PUT;Sep-26;4,70;5.2;19,04;;;1
08/09/26;COLONIAL;PUT;Sep-26;4,80;5.2;18,95;;;10
08/09/26;COLONIAL;PUT;Sep-26;5,00;5.2;18,77;-0,10;;219
08/09/26;COLONIAL;PUT;Sep-26;5,25;5.2;18,55;-0,61;;1
08/09/26;COLONIAL;PUT;Sep-26;5,50;5.2;18,38;-0,97;;17
08/09/26;COLONIAL;PUT;Oct-26;5,00;5.2;19,17;-0,24;;1
08/09/26;COLONIAL;PUT;Oct-26;5,25;5.2;18,95;-0,54;;11
08/09/26;COLONIAL;PUT;Oct-26;5,30;5.2;18,92;-0,60;;2
08/09/26;COLONIAL;PUT;Nov-26;5,30;5.2;18,89;-0,56;;2
08/09/26;COLONIAL;PUT;Dic-26;4,00;5.2;19,91;;;1
08/09/26;COLONIAL;PUT;Dic-26;4,30;5.2;19,66;-0,03;;2.000
08/09/26;COLONIAL;PUT;Dic-26;4,80;5.2;19,24;-0,18;;2
08/09/26;COLONIAL;PUT;Dic-26;4,90;5.2;19,16;-0,24;;2
08/09/26;COLONIAL;PUT;Dic-26;5,00;5.2;19,08;-0,31;;130
08/09/26;COLONIAL;PUT;Dic-26;5,25;5.2;18,87;-0,50;2;983
08/09/26;COLONIAL;PUT;Dic-26;5,50;5.2;18,70;-0,69;;106
08/09/26;COLONIAL;PUT;Mar-27;4,80;5.2;18,85;-0,23;;1
08/09/26;COLONIAL;PUT;Mar-27;5,00;5.2;18,74;-0,33;5;141
08/09/26;COLONIAL;PUT;Mar-27;5,25;5.2;18,61;-0,48;;202
08/09/26;COLONIAL;PUT;Mar-27;5,50;5.2;18,45;-0,62;;304
08/09/26;COLONIAL;PUT;Jun-27;5,30;5.2;19,62;-0,48;;251
08/09/26;COLONIAL;PUT;Jun-27;5,50;5.2;19,49;-0,58;;141
08/09/26;EBRO FOODS;CALL;Sep-26;18,50;18.38;13,23;0,40;;3
08/09/26;EBRO FOODS;CALL;Sep-26;19,00;18.38;11,87;0,05;;3
08/09/26;EBRO FOODS;CALL;Mar-27;18,50;18.38;13,51;0,50;;1
08/09/26;EBRO FOODS;CALL;Jun-27;18,00;18.38;14,04;0,60;;1
08/09/26;EBRO FOODS;PUT;Sep-26;17,00;18.38;12,95;;;1
08/09/26;EBRO FOODS;PUT;Sep-26;17,50;18.38;12,53;-0,01;;1
08/09/26;EBRO FOODS;PUT;Sep-26;18,00;18.38;12,12;-0,14;;1
08/09/26;EBRO FOODS;PUT;Oct-26;17,00;18.38;13,68;-0,06;;1
08/09/26;EBRO FOODS;PUT;Dic-26;17,50;18.38;13,60;-0,27;;4
08/09/26;EBRO FOODS;PUT;Jun-27;18,00;18.38;13,42;-0,44;;8
08/09/26;ENAGAS;CALL;Sep-26;15,00;16.62;21,21;1,00;;1
08/09/26;ENAGAS;CALL;Sep-26;16,00;16.62;19,30;0,89;;7
08/09/26;ENAGAS;CALL;Sep-26;17,00;16.62;17,61;0,23;;4
08/09/26;ENAGAS;CALL;Sep-26;17,50;16.62;16,94;0,04;;307
08/09/26;ENAGAS;CALL;Sep-26;18,00;16.62;16,27;;;46
08/09/26;ENAGAS;CALL;Sep-26;18,50;16.62;15,59;;;26
08/09/26;ENAGAS;CALL;Sep-26;19,00;16.62;14,92;;;1
08/09/26;ENAGAS;CALL;Oct-26;17,00;16.62;20,81;0,40;;1
08/09/26;ENAGAS;CALL;Oct-26;18,00;16.62;19,47;0,12;;1
08/09/26;ENAGAS;CALL;Oct-26;19,00;16.62;18,12;0,01;;1
08/09/26;ENAGAS;CALL;Nov-26;18,00;16.62;20,15;0,22;;5
08/09/26;ENAGAS;CALL;Dic-26;15,50;16.62;24,39;0,75;;25
08/09/26;ENAGAS;CALL;Dic-26;16,00;16.62;23,50;0,66;;417
08/09/26;ENAGAS;CALL;Dic-26;17,00;16.62;21,99;0,47;;30
08/09/26;ENAGAS;CALL;Dic-26;17,50;16.62;21,45;0,37;;38
08/09/26;ENAGAS;CALL;Dic-26;18,00;16.62;20,92;0,27;;88
08/09/26;ENAGAS;CALL;Dic-26;18,50;16.62;20,39;0,19;;60
08/09/26;ENAGAS;CALL;Dic-26;19,00;16.62;19,86;0,12;;146
08/09/26;ENAGAS;CALL;Dic-26;19,50;16.62;19,33;0,07;;123
08/09/26;ENAGAS;CALL;Dic-26;20,00;16.62;18,80;0,04;;27
08/09/26;ENAGAS;CALL;Mar-27;12,00;16.62;27,89;0,98;;1
08/09/26;ENAGAS;CALL;Mar-27;15,50;16.62;23,19;0,72;;301
08/09/26;ENAGAS;CALL;Mar-27;16,00;16.62;22,51;0,64;;32
08/09/26;ENAGAS;CALL;Mar-27;17,00;16.62;21,40;0,47;;56
08/09/26;ENAGAS;CALL;Mar-27;17,50;16.62;21,03;0,39;;34
08/09/26;ENAGAS;CALL;Mar-27;18,00;16.62;20,66;0,31;;143
08/09/26;ENAGAS;CALL;Mar-27;19,00;16.62;19,91;0,18;;63
08/09/26;ENAGAS;CALL;Mar-27;19,50;16.62;19,54;0,13;;10
08/09/26;ENAGAS;CALL;Mar-27;20,00;16.62;19,17;0,09;;96
08/09/26;ENAGAS;CALL;Jun-27;16,00;16.62;23,19;0,62;;10
08/09/26;ENAGAS;CALL;Jun-27;18,00;16.62;21,65;0,37;;26
08/09/26;ENAGAS;CALL;Jun-27;19,50;16.62;20,80;0,21;;2
08/09/26;ENAGAS;CALL;Jun-27;20,00;16.62;20,52;0,17;;5
08/09/26;ENAGAS;CALL;Sep-27;20,00;16.62;21,72;0,20;;29
08/09/26;ENAGAS;CALL;Sep-27;20,50;16.62;21,46;0,17;;2
08/09/26;ENAGAS;CALL;Dic-27;15,00;16.62;25,65;0,70;;1
08/09/26;ENAGAS;CALL;Dic-27;16,00;16.62;24,51;0,60;;26
08/09/26;ENAGAS;CALL;Dic-27;19,50;16.62;22,47;0,28;;2
08/09/26;ENAGAS;CALL;Dic-27;20,00;16.62;22,24;0,24;;1
08/09/26;ENAGAS;CALL;Dic-27;20,50;16.62;22,01;0,21;;1
08/09/26;ENAGAS;CALL;Dic-27;21,00;16.62;21,78;0,18;;10
08/09/26;ENAGAS;CALL;Jun-28;18,00;16.62;21,54;0,41;;1
08/09/26;ENAGAS;CALL;Dic-28;16,00;16.62;20,75;0,59;;1
08/09/26;ENAGAS;PUT;Sep-26;12,00;16.62;26,50;;;6
08/09/26;ENAGAS;PUT;Sep-26;12,50;16.62;25,55;;;12
08/09/26;ENAGAS;PUT;Sep-26;13,00;16.62;24,60;;;217
08/09/26;ENAGAS;PUT;Sep-26;13,50;16.62;23,64;;;27
08/09/26;ENAGAS;PUT;Sep-26;14,00;16.62;22,69;;;44
08/09/26;ENAGAS;PUT;Sep-26;14,50;16.62;21,74;;;1
08/09/26;ENAGAS;PUT;Sep-26;15,00;16.62;20,79;;;25
08/09/26;ENAGAS;PUT;Sep-26;15,50;16.62;19,83;-0,02;;45
08/09/26;ENAGAS;PUT;Sep-26;16,00;16.62;18,88;-0,11;;11
08/09/26;ENAGAS;PUT;Sep-26;16,50;16.62;17,93;-0,39;;16
08/09/26;ENAGAS;PUT;Sep-26;16,75;16.62;17,53;-0,60;;17
08/09/26;ENAGAS;PUT;Sep-26;17,00;16.62;17,19;-0,78;;1
08/09/26;ENAGAS;PUT;Sep-26;17,50;16.62;16,52;-0,98;;3
08/09/26;ENAGAS;PUT;Sep-26;18,00;16.62;15,85;-1,00;;2
08/09/26;ENAGAS;PUT;Oct-26;15,50;16.62;23,06;-0,16;;1
08/09/26;ENAGAS;PUT;Oct-26;16,00;16.62;22,13;-0,28;;14
08/09/26;ENAGAS;PUT;Oct-26;16,50;16.62;21,19;-0,43;;5
08/09/26;ENAGAS;PUT;Nov-26;15,00;16.62;25,14;-0,16;;3
08/09/26;ENAGAS;PUT;Nov-26;16,00;16.62;23,29;-0,33;;17
08/09/26;ENAGAS;PUT;Nov-26;16,50;16.62;22,37;-0,44;;1
08/09/26;ENAGAS;PUT;Dic-26;12,50;16.62;31,52;-0,03;;2
08/09/26;ENAGAS;PUT;Dic-26;13,00;16.62;30,63;-0,05;;227
08/09/26;ENAGAS;PUT;Dic-26;13,50;16.62;29,74;-0,07;;51
08/09/26;ENAGAS;PUT;Dic-26;14,00;16.62;28,85;-0,11;;283
08/09/26;ENAGAS;PUT;Dic-26;14,50;16.62;27,95;-0,15;;126
08/09/26;ENAGAS;PUT;Dic-26;15,00;16.62;27,06;-0,20;;612
08/09/26;ENAGAS;PUT;Dic-26;15,50;16.62;26,17;-0,27;;35
08/09/26;ENAGAS;PUT;Dic-26;16,00;16.62;25,28;-0,35;;41
08/09/26;ENAGAS;PUT;Dic-26;16,50;16.62;24,38;-0,44;;25
08/09/26;ENAGAS;PUT;Dic-26;17,50;16.62;23,23;-0,63;;26
08/09/26;ENAGAS;PUT;Mar-27;12,00;16.62;26,51;-0,04;;1
08/09/26;ENAGAS;PUT;Mar-27;13,00;16.62;25,16;-0,09;;25
08/09/26;ENAGAS;PUT;Mar-27;14,00;16.62;23,82;-0,16;;233
08/09/26;ENAGAS;PUT;Mar-27;14,50;16.62;23,15;-0,21;;56
08/09/26;ENAGAS;PUT;Mar-27;15,00;16.62;22,48;-0,27;;30
08/09/26;ENAGAS;PUT;Mar-27;15,50;16.62;21,81;-0,33;;4
08/09/26;ENAGAS;PUT;Mar-27;16,00;16.62;21,13;-0,41;;540
08/09/26;ENAGAS;PUT;Mar-27;16,50;16.62;20,46;-0,49;;27
08/09/26;ENAGAS;PUT;Mar-27;17,00;16.62;20,02;-0,58;;36
08/09/26;ENAGAS;PUT;Jun-27;17,00;16.62;20,16;-0,55;;52
08/09/26;ENAGAS;PUT;Jun-27;17,50;16.62;19,88;-0,62;;28
08/09/26;ENAGAS;PUT;Sep-27;12,50;16.62;25,73;-0,14;;470
08/09/26;ENAGAS;PUT;Sep-27;13,00;16.62;25,13;-0,17;;75
08/09/26;ENAGAS;PUT;Sep-27;13,50;16.62;24,54;-0,21;;1
08/09/26;ENAGAS;PUT;Sep-27;14,00;16.62;23,95;-0,25;;25
08/09/26;ENAGAS;PUT;Sep-27;17,00;16.62;20,65;-0,58;;25
08/09/26;ENAGAS;PUT;Dic-27;11,00;16.62;26,84;-0,08;;4.100
08/09/26;ENAGAS;PUT;Dic-27;14,00;16.62;23,42;-0,26;;1
08/09/26;ENAGAS;PUT;Mar-28;12,00;16.62;24,00;-0,14;;75
08/09/26;ENAGAS;PUT;Mar-28;14,50;16.62;21,34;-0,32;;173
08/09/26;ENAGAS;PUT;Mar-28;15,50;16.62;20,28;-0,42;;25
08/09/26;ENAGAS;PUT;Mar-28;16,00;16.62;19,75;-0,47;;50
08/09/26;ENAGAS;PUT;Mar-28;16,50;16.62;19,22;-0,52;;25
08/09/26;ENAGAS;PUT;Jun-28;16,00;16.62;18,79;-0,47;;25
08/09/26;ENAGAS;PUT;Jun-28;16,50;16.62;18,30;-0,52;;25
08/09/26;ENAGAS;PUT;Jun-28;18,00;16.62;17,74;-0,67;;141
08/09/26;ENAGAS;CALL;Sep-26;12,50;16.62;25,97;1,00;;25
08/09/26;ENAGAS;CALL;Sep-26;13,50;16.62;24,06;1,00;;5
08/09/26;ENAGAS;CALL;Sep-26;14,00;16.62;23,11;1,00;;2
08/09/26;ENAGAS;CALL;Sep-26;17,00;16.62;17,61;0,23;;1
08/09/26;ENAGAS;CALL;Sep-26;17,50;16.62;16,94;0,04;;1
08/09/26;ENAGAS;CALL;Sep-26;18,00;16.62;16,27;;;25
08/09/26;ENAGAS;CALL;Dic-26;16,50;16.62;22,60;0,57;;25
08/09/26;ENAGAS;CALL;Dic-26;17,00;16.62;21,99;0,47;;100
08/09/26;ENAGAS;CALL;Dic-26;17,50;16.62;21,45;0,37;;50
08/09/26;ENAGAS;CALL;Dic-26;18,00;16.62;20,92;0,27;;25
08/09/26;ENAGAS;PUT;Sep-26;11,00;16.62;28,41;;;1
08/09/26;ENAGAS;PUT;Sep-26;14,00;16.62;22,69;;;25
08/09/26;ENAGAS;PUT;Sep-26;15,50;16.62;19,83;-0,02;;25
08/09/26;ENAGAS;PUT;Sep-26;16,00;16.62;18,88;-0,11;;2
08/09/26;ENAGAS;PUT;Sep-26;17,00;16.62;17,19;-0,77;;25
08/09/26;ENAGAS;PUT;Nov-26;15,50;16.62;24,22;-0,23;;2
08/09/26;ENAGAS;PUT;Dic-26;13,00;16.62;30,63;-0,05;;25
08/09/26;ENAGAS;PUT;Dic-26;13,50;16.62;29,74;-0,07;;75
08/09/26;ENAGAS;PUT;Dic-26;14,00;16.62;28,85;-0,11;;25
08/09/26;ENAGAS;PUT;Dic-26;15,50;16.62;26,17;-0,26;;5
08/09/26;ENAGAS;PUT;Dic-26;16,50;16.62;24,38;-0,43;;10
08/09/26;ENAGAS;PUT;Mar-27;14,50;16.62;23,15;-0,20;;50
08/09/26;ENAGAS;PUT;Mar-27;15,00;16.62;22,48;-0,26;;1
08/09/26;ENAGAS;PUT;Mar-27;15,50;16.62;21,81;-0,32;;9
08/09/26;ENAGAS;PUT;Jun-27;15,50;16.62;21,76;-0,32;;6
08/09/26;ENCE;CALL;Mar-27;2,00;2.51;24,52;0,95;;13
08/09/26;ENCE;CALL;Mar-27;2,10;2.51;24,42;0,90;;4
08/09/26;ENCE;CALL;Jun-27;2,40;2.51;23,56;0,62;;10
08/09/26;ENCE;CALL;Mar-28;2,00;2.51;27,91;0,84;;4
08/09/26;ENCE;PUT;Sep-26;4,70;2.51;7,93;-1,00;;10
08/09/26;ENCE;PUT;Jun-27;2,70;2.51;24,41;-0,63;;5
08/09/26;ENDESA;CALL;Sep-26;38,00;41.38;19,79;1,00;;1
08/09/26;ENDESA;CALL;Sep-26;40,00;41.38;17,81;0,88;;1
08/09/26;ENDESA;CALL;Sep-26;41,00;41.38;16,82;0,64;;5
08/09/26;ENDESA;CALL;Sep-26;42,00;41.38;16,36;0,30;;1
08/09/26;ENDESA;CALL;Sep-26;43,00;41.38;16,22;0,08;;5
08/09/26;ENDESA;CALL;Oct-26;40,00;41.38;19,90;0,73;;5
08/09/26;ENDESA;CALL;Oct-26;44,00;41.38;18,16;0,17;;1
08/09/26;ENDESA;CALL;Nov-26;44,00;41.38;18,86;0,27;;3
08/09/26;ENDESA;CALL;Dic-26;24,00;41.38;35,01;1,00;;2
08/09/26;ENDESA;CALL;Dic-26;35,00;41.38;25,09;0,92;;10
08/09/26;ENDESA;CALL;Dic-26;36,00;41.38;24,18;0,89;;10
08/09/26;ENDESA;CALL;Dic-26;37,00;41.38;23,28;0,85;;4
08/09/26;ENDESA;CALL;Dic-26;38,00;41.38;22,38;0,80;;4
08/09/26;ENDESA;CALL;Dic-26;40,00;41.38;20,58;0,67;;19
08/09/26;ENDESA;CALL;Dic-26;42,00;41.38;19,27;0,49;;1
08/09/26;ENDESA;CALL;Dic-26;43,00;41.38;19,16;0,40;;5
08/09/26;ENDESA;CALL;Dic-26;45,00;41.38;18,95;0,23;;11
08/09/26;ENDESA;CALL;Dic-26;46,00;41.38;18,85;0,17;;10
08/09/26;ENDESA;CALL;Dic-26;47,00;41.38;18,74;0,12;;20
08/09/26;ENDESA;CALL;Dic-26;48,00;41.38;18,64;0,08;;15
08/09/26;ENDESA;CALL;Mar-27;32,00;41.38;28,58;0,93;;1
08/09/26;ENDESA;CALL;Mar-27;34,00;41.38;26,81;0,89;;150
08/09/26;ENDESA;CALL;Mar-27;40,00;41.38;21,49;0,63;;1
08/09/26;ENDESA;CALL;Mar-27;41,00;41.38;20,61;0,57;;3
08/09/26;ENDESA;CALL;Mar-27;43,00;41.38;20,13;0,43;;5
08/09/26;ENDESA;CALL;Mar-27;44,00;41.38;20,04;0,37;;2
08/09/26;ENDESA;CALL;Mar-27;45,00;41.38;19,95;0,31;;1
08/09/26;ENDESA;CALL;Mar-27;54,00;41.38;19,15;0,03;;38
08/09/26;ENDESA;CALL;Mar-27;56,00;41.38;18,97;0,02;;15
08/09/26;ENDESA;CALL;Jun-27;25,00;41.38;33,07;0,98;;1
08/09/26;ENDESA;CALL;Jun-27;27,00;41.38;31,53;0,97;;2
08/09/26;ENDESA;CALL;Jun-27;32,00;41.38;27,71;0,89;;294
08/09/26;ENDESA;CALL;Jun-27;33,00;41.38;26,94;0,87;;291
08/09/26;ENDESA;CALL;Jun-27;37,00;41.38;23,88;0,75;;1
08/09/26;ENDESA;CALL;Jun-27;38,00;41.38;23,12;0,71;;1
08/09/26;ENDESA;CALL;Jun-27;41,00;41.38;20,82;0,57;;2
08/09/26;ENDESA;CALL;Jun-27;42,00;41.38;20,47;0,52;;2
08/09/26;ENDESA;CALL;Jun-27;44,00;41.38;20,26;0,42;;40
08/09/26;ENDESA;CALL;Jun-27;46,00;41.38;20,05;0,32;;50
08/09/26;ENDESA;CALL;Jun-27;48,00;41.38;19,84;0,24;;5
08/09/26;ENDESA;CALL;Jun-27;54,00;41.38;19,21;0,07;;155
08/09/26;ENDESA;CALL;Jun-27;56,00;41.38;19,00;0,05;;410
08/09/26;ENDESA;CALL;Sep-27;43,00;41.38;21,22;0,48;;75
08/09/26;ENDESA;CALL;Sep-27;44,00;41.38;21,09;0,43;;150
08/09/26;ENDESA;CALL;Sep-27;45,00;41.38;20,96;0,39;;1
08/09/26;ENDESA;CALL;Sep-27;49,00;41.38;20,45;0,23;;7
08/09/26;ENDESA;CALL;Dic-27;29,00;41.38;29,33;0,92;;1
08/09/26;ENDESA;CALL;Dic-27;31,00;41.38;28,07;0,88;;1
08/09/26;ENDESA;CALL;Dic-27;34,00;41.38;26,19;0,81;;1
08/09/26;ENDESA;CALL;Dic-27;40,00;41.38;22,42;0,61;;26
08/09/26;ENDESA;CALL;Dic-27;50,00;41.38;20,58;0,24;;2
08/09/26;ENDESA;CALL;Dic-27;52,00;41.38;20,35;0,18;;1
08/09/26;ENDESA;CALL;Mar-28;40,00;41.38;22,28;0,61;;25
08/09/26;ENDESA;CALL;Mar-28;44,00;41.38;21,23;0,45;;20
08/09/26;ENDESA;CALL;Mar-28;45,00;41.38;21,14;0,42;;1.215
08/09/26;ENDESA;CALL;Mar-28;46,00;41.38;21,05;0,38;;85
08/09/26;ENDESA;CALL;Mar-28;47,00;41.38;20,96;0,35;;795
08/09/26;ENDESA;CALL;Mar-28;48,00;41.38;20,87;0,32;;290
08/09/26;ENDESA;CALL;Mar-28;49,00;41.38;20,78;0,29;;80
08/09/26;ENDESA;CALL;Mar-28;50,00;41.38;20,70;0,26;;75
08/09/26;ENDESA;CALL;Mar-28;56,00;41.38;20,16;0,13;;13
08/09/26;ENDESA;CALL;Jun-28;46,00;41.38;21,09;0,40;;10
08/09/26;ENDESA;PUT;Sep-26;25,00;41.38;33,49;;;4
08/09/26;ENDESA;PUT;Sep-26;27,00;41.38;31,51;;;445
08/09/26;ENDESA;PUT;Sep-26;28,00;41.38;30,52;;;19
08/09/26;ENDESA;PUT;Sep-26;29,00;41.38;29,53;;;148
08/09/26;ENDESA;PUT;Sep-26;30,00;41.38;28,54;;;147
08/09/26;ENDESA;PUT;Sep-26;31,00;41.38;27,54;;;146
08/09/26;ENDESA;PUT;Sep-26;34,00;41.38;24,57;;;10
08/09/26;ENDESA;PUT;Sep-26;35,00;41.38;23,58;;;25
08/09/26;ENDESA;PUT;Sep-26;36,00;41.38;22,59;;;50
08/09/26;ENDESA;PUT;Sep-26;37,00;41.38;21,60;;;30
08/09/26;ENDESA;PUT;Sep-26;38,00;41.38;20,61;-0,01;;15
08/09/26;ENDESA;PUT;Sep-26;40,00;41.38;18,63;-0,13;;7
08/09/26;ENDESA;PUT;Sep-26;41,00;41.38;17,64;-0,36;;5
08/09/26;ENDESA;PUT;Sep-26;42,50;41.38;17,11;-0,82;;1
08/09/26;ENDESA;PUT;Sep-26;43,00;41.38;17,04;-0,92;;5
08/09/26;ENDESA;PUT;Dic-26;19,00;41.38;38,92;;;15
08/09/26;ENDESA;PUT;Dic-26;28,00;41.38;30,80;-0,01;;25
08/09/26;ENDESA;PUT;Dic-26;30,00;41.38;29,00;-0,01;;10
08/09/26;ENDESA;PUT;Dic-26;32,00;41.38;27,19;-0,03;;10
08/09/26;ENDESA;PUT;Dic-26;33,00;41.38;26,29;-0,04;;35
08/09/26;ENDESA;PUT;Dic-26;34,00;41.38;25,39;-0,06;;1
08/09/26;ENDESA;PUT;Dic-26;35,00;41.38;24,49;-0,08;;10
08/09/26;ENDESA;PUT;Dic-26;37,00;41.38;22,68;-0,15;;10
08/09/26;ENDESA;PUT;Dic-26;38,00;41.38;21,78;-0,20;;4
08/09/26;ENDESA;PUT;Dic-26;39,00;41.38;20,88;-0,26;;10
08/09/26;ENDESA;PUT;Dic-26;40,00;41.38;19,98;-0,34;;10
08/09/26;ENDESA;PUT;Mar-27;37,00;41.38;22,42;-0,22;;10
08/09/26;ENDESA;PUT;Mar-27;39,00;41.38;20,65;-0,32;;10
08/09/26;ENDESA;PUT;Jun-27;15,50;41.38;38,53;;;5
08/09/26;ENDESA;PUT;Jun-27;22,00;41.38;33,55;-0,01;;10
08/09/26;ENDESA;PUT;Jun-27;37,00;41.38;22,07;-0,25;;3
08/09/26;ENDESA;PUT;Jun-27;38,00;41.38;21,31;-0,29;;4
08/09/26;ENDESA;PUT;Dic-27;17,50;41.38;33,30;-0,01;;1
08/09/26;ENDESA;PUT;Dic-27;27,00;41.38;27,34;-0,07;;1
08/09/26;ENDESA;PUT;Dic-27;30,00;41.38;25,45;-0,11;;5
08/09/26;ENDESA;PUT;Dic-27;31,00;41.38;24,82;-0,13;;30
08/09/26;ENDESA;PUT;Dic-27;32,00;41.38;24,19;-0,15;;5
08/09/26;ENDESA;PUT;Dic-27;34,00;41.38;22,94;-0,20;;5
08/09/26;ENDESA;PUT;Dic-27;44,00;41.38;18,00;-0,62;;15
08/09/26;ENDESA;PUT;Mar-28;22,00;41.38;29,78;-0,03;;150
08/09/26;ENDESA;PUT;Mar-28;24,00;41.38;28,59;-0,05;;150
08/09/26;ENDESA;PUT;Mar-28;26,00;41.38;27,40;-0,07;;150
08/09/26;ENDESA;PUT;Mar-28;27,00;41.38;26,80;-0,08;;150
08/09/26;ENDESA;PUT;Mar-28;28,00;41.38;26,21;-0,09;;150
08/09/26;ENDESA;PUT;Jun-28;25,00;41.38;27,59;-0,06;;150
08/09/26;ENDESA;PUT;Jun-28;26,00;41.38;27,02;-0,07;;150
08/09/26;ENDESA;PUT;Jun-28;27,00;41.38;26,46;-0,09;;293
08/09/26;ENDESA;PUT;Jun-28;29,00;41.38;25,33;-0,12;;143
08/09/26;ENDESA;PUT;Jun-28;30,00;41.38;24,77;-0,13;;143
08/09/26;ENDESA;PUT;Jun-28;31,00;41.38;24,20;-0,15;;142
08/09/26;ENDESA;PUT;Jun-28;32,00;41.38;23,64;-0,17;;142
08/09/26;ENDESA;PUT;Jun-28;33,00;41.38;23,08;-0,20;;142
08/09/26;ENDESA;PUT;Dic-28;31,00;41.38;23,20;-0,18;;16
08/09/26;ENDESA;CALL;Sep-26;17,00;41.38;40,60;1,00;;25
08/09/26;ENDESA;CALL;Sep-26;34,00;41.38;23,75;1,00;;25
08/09/26;ENDESA;CALL;Sep-26;34,00;41.38;23,75;1,00;;25
08/09/26;ENDESA;CALL;Sep-26;42,00;41.38;16,36;0,31;;10
08/09/26;ENDESA;CALL;Sep-26;43,00;41.38;16,22;0,08;;1
08/09/26;ENDESA;CALL;Oct-26;42,00;41.38;18,44;0,43;;1
08/09/26;ENDESA;CALL;Oct-26;44,00;41.38;18,16;0,17;;2
08/09/26;ENDESA;CALL;Dic-26;33,00;41.38;26,89;0,95;;10
08/09/26;ENDESA;CALL;Dic-26;40,00;41.38;20,58;0,66;;10
08/09/26;ENDESA;CALL;Dic-26;42,00;41.38;19,27;0,49;;10
08/09/26;ENDESA;CALL;Mar-27;37,00;41.38;24,15;0,76;;10
08/09/26;ENDESA;PUT;Sep-26;24,00;41.38;34,48;;;25
08/09/26;ENDESA;PUT;Sep-26;25,00;41.38;33,49;;;25
08/09/26;ENDESA;PUT;Sep-26;26,00;41.38;32,50;;;25
08/09/26;ENDESA;PUT;Sep-26;26,00;41.38;32,50;;;25
08/09/26;ENDESA;PUT;Sep-26;32,00;41.38;26,55;;;10
08/09/26;ENDESA;PUT;Sep-26;34,00;41.38;24,57;;;25
08/09/26;ENDESA;PUT;Sep-26;35,00;41.38;23,58;;;25
08/09/26;ENDESA;PUT;Sep-26;35,00;41.38;23,58;;;50
08/09/26;ENDESA;PUT;Sep-26;36,00;41.38;22,59;;;25
08/09/26;ENDESA;PUT;Sep-26;37,00;41.38;21,60;;;50
08/09/26;ENDESA;PUT;Sep-26;39,00;41.38;19,62;-0,03;;10
08/09/26;ENDESA;PUT;Oct-26;40,00;41.38;19,52;-0,27;;10
08/09/26;ENDESA;PUT;Dic-26;32,00;41.38;27,19;-0,03;;8
08/09/26;ENDESA;PUT;Dic-26;36,00;41.38;23,58;-0,11;;10
08/09/26;ENDESA;PUT;Dic-26;39,00;41.38;20,88;-0,25;;30
08/09/26;FCC;CALL;Sep-26;10,50;10.92;17,64;0,92;;1
08/09/26;FCC;CALL;Jun-27;11,00;10.92;17,62;0,57;;1
08/09/26;FCC;CALL;Dic-27;16,50;10.92;18,12;0,02;;1
08/09/26;FCC;CALL;Jun-28;11,50;10.92;23,63;0,50;;200
08/09/26;FCC;PUT;Sep-26;11,00;10.92;18,16;-0,58;;1
08/09/26;FCC;PUT;Sep-26;11,50;10.92;16,73;-0,98;;1
08/09/26;FCC;PUT;Sep-26;12,00;10.92;15,29;-1,00;;3
08/09/26;FCC;PUT;Dic-26;10,50;10.92;20,34;-0,32;;20
08/09/26;FCC;PUT;Mar-27;9,50;10.92;21,18;-0,14;;257
08/09/26;FCC;PUT;Mar-27;10,00;10.92;20,63;-0,23;;250
08/09/26;FCC;PUT;Mar-27;10,50;10.92;20,08;-0,34;;482
08/09/26;FCC;PUT;Mar-27;11,00;10.92;19,47;-0,47;;224
08/09/26;FCC;PUT;Jun-27;10,50;10.92;20,91;-0,35;;9
08/09/26;FCC;PUT;Jun-27;11,50;10.92;19,95;-0,56;;3
08/09/26;FCC;PUT;Jun-27;12,00;10.92;19,35;-0,68;;417
08/09/26;FCC;PUT;Sep-27;11,00;10.92;22,62;-0,54;;226
08/09/26;FERROVIAL;CALL;Sep-26;50,00;50.0;27,23;0,51;;56
08/09/26;FERROVIAL;CALL;Sep-26;52,00;50.0;26,18;0,19;;40
08/09/26;FERROVIAL;CALL;Sep-26;53,00;50.0;25,65;0,09;;4
08/09/26;FERROVIAL;CALL;Sep-26;54,00;50.0;25,12;0,04;;56
08/09/26;FERROVIAL;CALL;Sep-26;56,00;50.0;24,07;;;61
08/09/26;FERROVIAL;CALL;Sep-26;57,00;50.0;23,54;;;6
08/09/26;FERROVIAL;CALL;Sep-26;58,00;50.0;23,02;;;2.060
08/09/26;FERROVIAL;CALL;Sep-26;60,00;50.0;21,96;;;92
08/09/26;FERROVIAL;CALL;Sep-26;62,00;50.0;20,91;;;104
08/09/26;FERROVIAL;CALL;Sep-26;64,00;50.0;19,86;;;10
08/09/26;FERROVIAL;CALL;Sep-26;66,00;50.0;18,80;;;25
08/09/26;FERROVIAL;CALL;Sep-26;74,00;50.0;14,59;;;75
08/09/26;FERROVIAL;CALL;Oct-26;54,00;50.0;23,67;0,18;;17
08/09/26;FERROVIAL;CALL;Oct-26;56,00;50.0;22,62;0,07;;9
08/09/26;FERROVIAL;CALL;Nov-26;56,00;50.0;23,36;0,15;;50
08/09/26;FERROVIAL;CALL;Nov-26;60,00;50.0;21,39;0,03;;1
08/09/26;FERROVIAL;CALL;Dic-26;47,00;50.0;28,87;0,69;;1
08/09/26;FERROVIAL;CALL;Dic-26;50,00;50.0;25,99;0,53;4.000;4.000
08/09/26;FERROVIAL;CALL;Dic-26;52,00;50.0;25,27;0,41;;26
08/09/26;FERROVIAL;CALL;Dic-26;54,00;50.0;24,55;0,29;;25
08/09/26;FERROVIAL;CALL;Dic-26;56,00;50.0;23,83;0,20;;54
08/09/26;FERROVIAL;CALL;Dic-26;58,00;50.0;23,11;0,12;;25
08/09/26;FERROVIAL;CALL;Dic-26;60,00;50.0;22,39;0,07;;3.025
08/09/26;FERROVIAL;CALL;Dic-26;64,00;50.0;20,95;0,01;;5
08/09/26;FERROVIAL;CALL;Dic-26;66,00;50.0;20,23;;;5
08/09/26;FERROVIAL;CALL;Dic-26;68,00;50.0;19,51;;;235
08/09/26;FERROVIAL;CALL;Dic-26;70,00;50.0;18,79;;;25
08/09/26;FERROVIAL;CALL;Mar-27;45,00;50.0;28,65;0,74;;54
08/09/26;FERROVIAL;CALL;Mar-27;50,00;50.0;25,18;0,55;;102
08/09/26;FERROVIAL;CALL;Mar-27;52,00;50.0;24,78;0,46;;15
08/09/26;FERROVIAL;CALL;Mar-27;58,00;50.0;23,58;0,23;;25
08/09/26;FERROVIAL;CALL;Mar-27;60,00;50.0;23,18;0,16;;25
08/09/26;FERROVIAL;CALL;Mar-27;62,00;50.0;22,78;0,12;;25
08/09/26;FERROVIAL;CALL;Sep-27;44,00;50.0;28,60;0,74;;25
08/09/26;FERROVIAL;CALL;Sep-27;50,00;50.0;25,52;0,57;;25
08/09/26;FERROVIAL;CALL;Sep-27;52,00;50.0;25,24;0,51;;25
08/09/26;FERROVIAL;CALL;Sep-27;56,00;50.0;24,68;0,39;;25
08/09/26;FERROVIAL;CALL;Dic-27;50,00;50.0;25,70;0,58;;25
08/09/26;FERROVIAL;CALL;Dic-27;60,00;50.0;24,37;0,32;;25
08/09/26;FERROVIAL;CALL;Dic-27;70,00;50.0;23,03;0,13;;25
08/09/26;FERROVIAL;CALL;Mar-28;52,00;50.0;25,53;0,54;;25
08/09/26;FERROVIAL;CALL;Mar-28;54,00;50.0;25,27;0,49;;50
08/09/26;FERROVIAL;CALL;Mar-28;60,00;50.0;24,47;0,35;;25
08/09/26;FERROVIAL;CALL;Mar-28;66,00;50.0;23,67;0,23;;25
08/09/26;FERROVIAL;CALL;Jun-28;50,00;50.0;25,93;0,60;;50
08/09/26;FERROVIAL;CALL;Jun-28;56,00;50.0;25,17;0,46;;50
08/09/26;FERROVIAL;CALL;Jun-28;58,00;50.0;24,92;0,42;;25
08/09/26;FERROVIAL;CALL;Dic-28;50,00;50.0;26,38;0,61;3.000;3.000
08/09/26;FERROVIAL;PUT;Sep-26;36,00;50.0;41,71;;;25
08/09/26;FERROVIAL;PUT;Sep-26;42,00;50.0;35,35;;;25
08/09/26;FERROVIAL;PUT;Sep-26;45,00;50.0;32,17;-0,02;;25
08/09/26;FERROVIAL;PUT;Sep-26;47,00;50.0;30,05;-0,10;;28
08/09/26;FERROVIAL;PUT;Sep-26;48,00;50.0;28,99;-0,19;;54
08/09/26;FERROVIAL;PUT;Sep-26;49,00;50.0;27,93;-0,32;;29
08/09/26;FERROVIAL;PUT;Sep-26;50,00;50.0;26,87;-0,49;;53
08/09/26;FERROVIAL;PUT;Sep-26;52,00;50.0;25,82;-0,81;;3.002
08/09/26;FERROVIAL;PUT;Sep-26;54,00;50.0;24,76;-0,97;;1.544
08/09/26;FERROVIAL;PUT;Sep-26;58,00;50.0;22,66;-1,00;;35
08/09/26;FERROVIAL;PUT;Sep-26;64,00;50.0;19,50;-1,00;;25
08/09/26;FERROVIAL;PUT;Oct-26;46,00;50.0;28,83;-0,17;;5
08/09/26;FERROVIAL;PUT;Oct-26;48,00;50.0;26,75;-0,30;;7
08/09/26;FERROVIAL;PUT;Oct-26;49,00;50.0;25,71;-0,38;;15
08/09/26;FERROVIAL;PUT;Nov-26;43,00;50.0;31,87;-0,14;;7
08/09/26;FERROVIAL;PUT;Nov-26;46,00;50.0;28,79;-0,25;;2
08/09/26;FERROVIAL;PUT;Dic-26;44,00;50.0;30,78;-0,20;;51
08/09/26;FERROVIAL;PUT;Dic-26;48,00;50.0;26,94;-0,37;;7
08/09/26;FERROVIAL;PUT;Dic-26;49,00;50.0;25,98;-0,43;;26
08/09/26;FERROVIAL;PUT;Dic-26;50,00;50.0;25,02;-0,49;;25
08/09/26;FERROVIAL;PUT;Dic-26;54,00;50.0;23,58;-0,73;;26
08/09/26;FERROVIAL;PUT;Dic-26;56,00;50.0;22,86;-0,83;;25
08/09/26;FERROVIAL;PUT;Dic-26;58,00;50.0;22,14;-0,90;;130
08/09/26;FERROVIAL;PUT;Dic-26;60,00;50.0;21,42;-0,95;;10
08/09/26;FERROVIAL;PUT;Dic-26;72,00;50.0;17,10;-1,00;;1
08/09/26;FERROVIAL;PUT;Mar-27;39,00;50.0;32,70;-0,12;;100
08/09/26;FERROVIAL;PUT;Mar-27;45,00;50.0;28,54;-0,27;;25
08/09/26;FERROVIAL;PUT;Mar-27;46,00;50.0;27,84;-0,30;;26
08/09/26;FERROVIAL;PUT;Mar-27;47,00;50.0;27,15;-0,34;;50
08/09/26;FERROVIAL;PUT;Mar-27;48,00;50.0;26,46;-0,38;;76
08/09/26;FERROVIAL;PUT;Mar-27;49,00;50.0;25,76;-0,42;;90
08/09/26;FERROVIAL;PUT;Mar-27;50,00;50.0;25,07;-0,47;;125
08/09/26;FERROVIAL;PUT;Mar-27;52,00;50.0;24,67;-0,56;;135
08/09/26;FERROVIAL;PUT;Mar-27;54,00;50.0;24,27;-0,65;;25
08/09/26;FERROVIAL;PUT;Mar-27;56,00;50.0;23,87;-0,73;;1
08/09/26;FERROVIAL;PUT;Mar-27;58,00;50.0;23,47;-0,81;;25
08/09/26;FERROVIAL;PUT;Jun-27;44,00;50.0;28,86;-0,26;;25
08/09/26;FERROVIAL;PUT;Jun-27;49,00;50.0;25,89;-0,41;;50
08/09/26;FERROVIAL;PUT;Jun-27;60,00;50.0;23,77;-0,80;;8
08/09/26;FERROVIAL;PUT;Sep-27;41,00;50.0;30,27;-0,20;;1
08/09/26;FERROVIAL;PUT;Sep-27;44,00;50.0;28,73;-0,27;;51
08/09/26;FERROVIAL;PUT;Sep-27;45,00;50.0;28,22;-0,29;;25
08/09/26;FERROVIAL;PUT;Sep-27;47,00;50.0;27,19;-0,35;;25
08/09/26;FERROVIAL;PUT;Sep-27;48,00;50.0;26,68;-0,38;;50
08/09/26;FERROVIAL;PUT;Sep-27;49,00;50.0;26,16;-0,41;;25
08/09/26;FERROVIAL;PUT;Dic-27;35,00;50.0;32,69;-0,12;;1
08/09/26;FERROVIAL;PUT;Dic-27;39,00;50.0;30,77;-0,18;;25
08/09/26;FERROVIAL;PUT;Dic-27;40,00;50.0;30,29;-0,20;;25
08/09/26;FERROVIAL;PUT;Dic-27;45,00;50.0;27,89;-0,30;;25
08/09/26;FERROVIAL;PUT;Dic-27;54,00;50.0;24,96;-0,55;;525
08/09/26;FERROVIAL;PUT;Mar-28;58,00;50.0;24,43;-0,64;;1
08/09/26;FERROVIAL;PUT;Mar-28;60,00;50.0;24,17;-0,69;;3
08/09/26;FERROVIAL;PUT;Mar-28;62,00;50.0;23,90;-0,75;;26
08/09/26;FERROVIAL;PUT;Mar-28;64,00;50.0;23,63;-0,79;;25
08/09/26;FERROVIAL;PUT;Jun-28;44,00;50.0;27,87;-0,28;;25
08/09/26;FERROVIAL;PUT;Jun-28;45,00;50.0;27,47;-0,30;;25
08/09/26;FERROVIAL;PUT;Jun-28;46,00;50.0;27,07;-0,33;;25
08/09/26;FERROVIAL;PUT;Jun-28;48,00;50.0;26,27;-0,37;;25
08/09/26;FERROVIAL;PUT;Jun-28;49,00;50.0;25,87;-0,40;;25
08/09/26;FERROVIAL;PUT;Jun-28;50,00;50.0;25,47;-0,42;;25
08/09/26;FERROVIAL;PUT;Jun-28;52,00;50.0;25,22;-0,47;;25
08/09/26;FERROVIAL;PUT;Jun-28;54,00;50.0;24,96;-0,52;;26
08/09/26;FERROVIAL;PUT;Jun-28;56,00;50.0;24,71;-0,57;;25
08/09/26;FERROVIAL;PUT;Jun-28;58,00;50.0;24,46;-0,62;;26
08/09/26;FERROVIAL;PUT;Jun-28;64,00;50.0;23,70;-0,77;;75
08/09/26;FERROVIAL;CALL;Sep-26;60,00;50.0;21,96;;;70
08/09/26;FERROVIAL;CALL;Sep-26;60,00;50.0;21,96;;;226
08/09/26;FERROVIAL;CALL;Sep-26;62,00;50.0;20,91;;;452
08/09/26;FERROVIAL;CALL;Oct-26;52,00;50.0;24,73;0,34;;226
08/09/26;FERROVIAL;CALL;Oct-26;54,00;50.0;23,67;0,18;;452
08/09/26;FERROVIAL;CALL;Dic-26;60,00;50.0;22,39;0,07;;60
08/09/26;FERROVIAL;PUT;Sep-26;54,00;50.0;24,76;-0,97;;15
08/09/26;FERROVIAL;PUT;Sep-26;60,00;50.0;21,60;-1,00;;45
08/09/26;FERROVIAL;PUT;Sep-26;62,00;50.0;20,55;-1,00;;160
08/09/26;FERROVIAL;PUT;Sep-26;64,00;50.0;19,50;-1,00;;45
08/09/26;FERROVIAL;PUT;Dic-26;49,00;50.0;25,98;-0,42;;25
08/09/26;FERROVIAL;PUT;Dic-26;50,00;50.0;25,02;-0,48;;25
08/09/26;FERROVIAL;PUT;Mar-27;40,00;50.0;32,00;-0,14;;300
08/09/26;FLUIDRA;CALL;Sep-26;19,00;18.84;22,55;0,42;;2
08/09/26;FLUIDRA;CALL;Sep-26;21,00;18.84;17,24;;;1
08/09/26;FLUIDRA;CALL;Sep-26;29,00;18.84;0,02;;;200
08/09/26;FLUIDRA;CALL;Dic-26;19,50;18.84;25,83;0,44;;1
08/09/26;FLUIDRA;CALL;Dic-26;24,00;18.84;24,16;0,03;;1
08/09/26;FLUIDRA;PUT;Sep-26;16,50;18.84;24,77;;;1
08/09/26;FLUIDRA;PUT;Sep-26;18,50;18.84;22,33;-0,30;;1
08/09/26;FLUIDRA;PUT;Oct-26;18,50;18.84;23,48;-0,38;;2
08/09/26;FLUIDRA;PUT;Dic-26;17,00;18.84;26,42;-0,23;;325
08/09/26;FLUIDRA;PUT;Dic-26;17,50;18.84;25,83;-0,30;;25
08/09/26;FLUIDRA;PUT;Dic-26;18,00;18.84;25,25;-0,37;;625
08/09/26;FLUIDRA;PUT;Dic-26;18,50;18.84;24,67;-0,45;;1
08/09/26;FLUIDRA;PUT;Dic-26;19,00;18.84;24,21;-0,54;;185
08/09/26;FLUIDRA;PUT;Dic-26;21,00;18.84;23,47;-0,82;;7
08/09/26;FLUIDRA;PUT;Mar-27;21,00;18.84;25,22;-0,72;;14
08/09/26;FLUIDRA;PUT;Jun-27;27,00;18.84;25,22;-0,96;;11
08/09/26;FLUIDRA;PUT;Jun-27;28,00;18.84;25,10;-0,98;;11
08/09/26;GRIFOLS;CALL;Sep-26;6,75;10.0;41,51;1,00;;11
08/09/26;GRIFOLS;CALL;Sep-26;8,00;10.0;36,80;1,00;;6
08/09/26;GRIFOLS;CALL;Sep-26;9,00;10.0;33,03;0,97;;12
08/09/26;GRIFOLS;CALL;Sep-26;9,25;10.0;32,09;0,93;;102
08/09/26;GRIFOLS;CALL;Sep-26;9,50;10.0;31,15;0,85;;112
08/09/26;GRIFOLS;CALL;Sep-26;9,75;10.0;30,21;0,70;;11
08/09/26;GRIFOLS;CALL;Sep-26;10,00;10.0;29,28;0,51;;141
08/09/26;GRIFOLS;CALL;Sep-26;10,50;10.0;28,99;0,16;;354
08/09/26;GRIFOLS;CALL;Sep-26;11,00;10.0;28,71;0,02;;2
08/09/26;GRIFOLS;CALL;Sep-26;11,50;10.0;28,43;;;30
08/09/26;GRIFOLS;CALL;Sep-26;12,00;10.0;28,14;;;121
08/09/26;GRIFOLS;CALL;Sep-26;12,50;10.0;27,86;;;29
08/09/26;GRIFOLS;CALL;Oct-26;10,00;10.0;26,54;0,53;1;15
08/09/26;GRIFOLS;CALL;Oct-26;10,25;10.0;26,41;0,41;;1
08/09/26;GRIFOLS;CALL;Oct-26;10,50;10.0;26,29;0,31;;1
08/09/26;GRIFOLS;CALL;Oct-26;11,00;10.0;26,04;0,14;;6
08/09/26;GRIFOLS;CALL;Oct-26;12,00;10.0;25,54;0,02;;1
08/09/26;GRIFOLS;CALL;Nov-26;10,00;10.0;28,60;0,54;;102
08/09/26;GRIFOLS;CALL;Nov-26;10,50;10.0;28,36;0,39;;1
08/09/26;GRIFOLS;CALL;Nov-26;11,00;10.0;28,13;0,26;;2
08/09/26;GRIFOLS;CALL;Dic-26;7,75;10.0;35,93;0,94;;1
08/09/26;GRIFOLS;CALL;Dic-26;8,50;10.0;33,75;0,86;;26
08/09/26;GRIFOLS;CALL;Dic-26;8,75;10.0;33,02;0,82;;25
08/09/26;GRIFOLS;CALL;Dic-26;9,00;10.0;32,30;0,78;;56
08/09/26;GRIFOLS;CALL;Dic-26;9,25;10.0;31,57;0,73;;75
08/09/26;GRIFOLS;CALL;Dic-26;9,50;10.0;30,85;0,67;;267
08/09/26;GRIFOLS;CALL;Dic-26;9,75;10.0;30,12;0,61;;100
08/09/26;GRIFOLS;CALL;Dic-26;10,00;10.0;29,41;0,54;;177
08/09/26;GRIFOLS;CALL;Dic-26;10,50;10.0;29,23;0,41;;174
08/09/26;GRIFOLS;CALL;Dic-26;11,00;10.0;29,04;0,30;;321
08/09/26;GRIFOLS;CALL;Dic-26;11,50;10.0;28,86;0,20;;52
08/09/26;GRIFOLS;CALL;Dic-26;12,00;10.0;28,67;0,13;;68
08/09/26;GRIFOLS;CALL;Dic-26;12,50;10.0;28,49;0,08;;99
08/09/26;GRIFOLS;CALL;Dic-26;13,00;10.0;28,31;0,04;;1.307
08/09/26;GRIFOLS;CALL;Dic-26;13,50;10.0;28,12;0,02;;1.187
08/09/26;GRIFOLS;CALL;Dic-26;14,00;10.0;27,94;0,01;;25
08/09/26;GRIFOLS;CALL;Dic-26;14,50;10.0;27,76;0,01;;25
08/09/26;GRIFOLS;CALL;Dic-26;15,00;10.0;27,57;;;44
08/09/26;GRIFOLS;CALL;Dic-26;15,50;10.0;27,39;;;5
08/09/26;GRIFOLS;CALL;Dic-26;17,00;10.0;26,84;;;25
08/09/26;GRIFOLS;CALL;Dic-26;17,50;10.0;26,66;;;25
08/09/26;GRIFOLS;CALL;Mar-27;6,25;10.0;38,78;0,98;;3
08/09/26;GRIFOLS;CALL;Mar-27;7,00;10.0;37,20;0,95;;3
08/09/26;GRIFOLS;CALL;Mar-27;7,50;10.0;36,15;0,91;;41
08/09/26;GRIFOLS;CALL;Mar-27;8,00;10.0;35,10;0,86;;4
08/09/26;GRIFOLS;CALL;Mar-27;8,25;10.0;34,58;0,83;;5
08/09/26;GRIFOLS;CALL;Mar-27;8,50;10.0;34,05;0,80;;4
08/09/26;GRIFOLS;CALL;Mar-27;8,75;10.0;33,53;0,76;;201
08/09/26;GRIFOLS;CALL;Mar-27;9,00;10.0;33,00;0,72;;124
08/09/26;GRIFOLS;CALL;Mar-27;9,25;10.0;32,48;0,68;;127
08/09/26;GRIFOLS;CALL;Mar-27;9,50;10.0;31,95;0,63;;50
08/09/26;GRIFOLS;CALL;Mar-27;9,75;10.0;31,43;0,59;;107
08/09/26;GRIFOLS;CALL;Mar-27;10,00;10.0;30,91;0,54;;170
08/09/26;GRIFOLS;CALL;Mar-27;10,50;10.0;30,81;0,45;;35
08/09/26;GRIFOLS;CALL;Mar-27;11,50;10.0;30,61;0,30;;11
08/09/26;GRIFOLS;CALL;Mar-27;12,00;10.0;30,51;0,23;;211
08/09/26;GRIFOLS;CALL;Mar-27;12,50;10.0;30,41;0,18;10;70
08/09/26;GRIFOLS;CALL;Mar-27;13,00;10.0;30,31;0,14;;528
08/09/26;GRIFOLS;CALL;Mar-27;14,00;10.0;30,11;0,07;;70
08/09/26;GRIFOLS;CALL;Mar-27;16,00;10.0;29,71;0,02;;10
08/09/26;GRIFOLS;CALL;Jun-27;8,00;10.0;35,50;0,81;;6
08/09/26;GRIFOLS;CALL;Jun-27;8,25;10.0;35,05;0,79;;3
08/09/26;GRIFOLS;CALL;Jun-27;8,75;10.0;34,15;0,73;;2
08/09/26;GRIFOLS;CALL;Jun-27;9,00;10.0;33,70;0,70;;58
08/09/26;GRIFOLS;CALL;Jun-27;9,25;10.0;33,25;0,66;;53
08/09/26;GRIFOLS;CALL;Jun-27;9,50;10.0;32,80;0,63;;27
08/09/26;GRIFOLS;CALL;Jun-27;9,75;10.0;32,35;0,59;;25
08/09/26;GRIFOLS;CALL;Jun-27;10,00;10.0;31,91;0,56;;67
08/09/26;GRIFOLS;CALL;Jun-27;10,50;10.0;31,84;0,49;;1
08/09/26;GRIFOLS;CALL;Jun-27;11,00;10.0;31,78;0,43;;12
08/09/26;GRIFOLS;CALL;Jun-27;11,50;10.0;31,71;0,36;;10
08/09/26;GRIFOLS;CALL;Jun-27;12,00;10.0;31,64;0,31;;22
08/09/26;GRIFOLS;CALL;Jun-27;12,50;10.0;31,58;0,26;;658
08/09/26;GRIFOLS;CALL;Jun-27;13,00;10.0;31,51;0,21;;20
08/09/26;GRIFOLS;CALL;Jun-27;14,00;10.0;31,38;0,14;;15
08/09/26;GRIFOLS;CALL;Jun-27;15,00;10.0;31,24;0,09;;50
08/09/26;GRIFOLS;CALL;Jun-27;16,00;10.0;31,11;0,06;;850
08/09/26;GRIFOLS;CALL;Sep-27;15,00;10.0;32,36;0,14;;10
08/09/26;GRIFOLS;CALL;Dic-27;8,00;10.0;36,28;0,78;;2
08/09/26;GRIFOLS;CALL;Dic-27;8,75;10.0;35,15;0,71;;15
08/09/26;GRIFOLS;CALL;Dic-27;11,00;10.0;33,18;0,47;;1
08/09/26;GRIFOLS;CALL;Dic-27;11,50;10.0;33,13;0,43;;5
08/09/26;GRIFOLS;CALL;Dic-27;12,00;10.0;33,08;0,38;;150
08/09/26;GRIFOLS;CALL;Dic-27;12,50;10.0;33,03;0,34;;100
08/09/26;GRIFOLS;CALL;Dic-27;15,00;10.0;32,78;0,18;;4
08/09/26;GRIFOLS;CALL;Mar-28;15,00;10.0;33,18;0,21;;3
08/09/26;GRIFOLS;CALL;Dic-28;9,00;10.0;33,11;0,68;;14
08/09/26;GRIFOLS;CALL;Dic-28;12,00;10.0;31,55;0,44;;1
08/09/26;GRIFOLS;CALL;Dic-28;15,50;10.0;30,96;0,23;;3
08/09/26;GRIFOLS;CALL;Dic-28;16,50;10.0;30,80;0,19;;2
08/09/26;GRIFOLS;CALL;Dic-28;17,50;10.0;30,63;0,15;;6
08/09/26;GRIFOLS;CALL;Dic-29;15,50;10.0;30,23;0,29;;3
08/09/26;GRIFOLS;PUT;Sep-26;6,50;10.0;45,31;;;10
08/09/26;GRIFOLS;PUT;Sep-26;7,25;10.0;42,49;;;4
08/09/26;GRIFOLS;PUT;Sep-26;7,75;10.0;40,60;;;3
08/09/26;GRIFOLS;PUT;Sep-26;8,00;10.0;39,66;;;31
08/09/26;GRIFOLS;PUT;Sep-26;8,25;10.0;38,72;;;24
08/09/26;GRIFOLS;PUT;Sep-26;8,50;10.0;37,78;;;142
08/09/26;GRIFOLS;PUT;Sep-26;8,75;10.0;36,84;-0,01;;71
08/09/26;GRIFOLS;PUT;Sep-26;9,00;10.0;35,89;-0,04;;115
08/09/26;GRIFOLS;PUT;Sep-26;9,25;10.0;34,95;-0,08;;112
08/09/26;GRIFOLS;PUT;Sep-26;9,50;10.0;34,01;-0,17;1;69
08/09/26;GRIFOLS;PUT;Sep-26;9,75;10.0;33,07;-0,31;;18
08/09/26;GRIFOLS;PUT;Sep-26;10,00;10.0;32,14;-0,49;;82
08/09/26;GRIFOLS;PUT;Sep-26;10,50;10.0;31,85;-0,82;;147
08/09/26;GRIFOLS;PUT;Sep-26;11,00;10.0;31,57;-0,97;;75
08/09/26;GRIFOLS;PUT;Sep-26;11,50;10.0;31,29;-1,00;;39
08/09/26;GRIFOLS;PUT;Sep-26;12,00;10.0;31,00;-1,00;;22
08/09/26;GRIFOLS;PUT;Sep-26;12,50;10.0;30,72;-1,00;;10
08/09/26;GRIFOLS;PUT;Oct-26;8,75;10.0;29,49;-0,07;;37
08/09/26;GRIFOLS;PUT;Oct-26;9,25;10.0;27,96;-0,18;1;6
08/09/26;GRIFOLS;PUT;Oct-26;9,50;10.0;27,19;-0,26;;10
08/09/26;GRIFOLS;PUT;Oct-26;10,00;10.0;25,67;-0,48;;20
08/09/26;GRIFOLS;PUT;Nov-26;9,50;10.0;27,07;-0,30;;13
08/09/26;GRIFOLS;PUT;Nov-26;9,75;10.0;26,33;-0,38;;2
08/09/26;GRIFOLS;PUT;Nov-26;10,00;10.0;25,60;-0,47;;100
08/09/26;GRIFOLS;PUT;Dic-26;6,00;10.0;38,43;-0,01;;25
08/09/26;GRIFOLS;PUT;Dic-26;6,25;10.0;37,71;-0,01;;5
08/09/26;GRIFOLS;PUT;Dic-26;6,50;10.0;36,98;-0,01;;1
08/09/26;GRIFOLS;PUT;Dic-26;6,75;10.0;36,26;-0,02;;25
08/09/26;GRIFOLS;PUT;Dic-26;7,00;10.0;35,53;-0,03;;10
08/09/26;GRIFOLS;PUT;Dic-26;7,25;10.0;34,81;-0,04;;291
08/09/26;GRIFOLS;PUT;Dic-26;7,50;10.0;34,08;-0,05;;29
08/09/26;GRIFOLS;PUT;Dic-26;7,75;10.0;33,36;-0,07;;26
08/09/26;GRIFOLS;PUT;Dic-26;8,00;10.0;32,63;-0,09;;317
08/09/26;GRIFOLS;PUT;Dic-26;8,25;10.0;31,91;-0,12;;2
08/09/26;GRIFOLS;PUT;Dic-26;8,50;10.0;31,18;-0,16;;757
08/09/26;GRIFOLS;PUT;Dic-26;8,75;10.0;30,45;-0,20;;12
08/09/26;GRIFOLS;PUT;Dic-26;9,00;10.0;29,73;-0,25;;221
08/09/26;GRIFOLS;PUT;Dic-26;9,25;10.0;29,00;-0,31;;141
08/09/26;GRIFOLS;PUT;Dic-26;9,50;10.0;28,28;-0,37;;448
08/09/26;GRIFOLS;PUT;Dic-26;9,75;10.0;27,55;-0,44;;14
08/09/26;GRIFOLS;PUT;Dic-26;10,00;10.0;26,84;-0,51;;1.722
08/09/26;GRIFOLS;PUT;Dic-26;10,50;10.0;26,66;-0,64;;29
08/09/26;GRIFOLS;PUT;Dic-26;11,00;10.0;26,47;-0,76;;305
08/09/26;GRIFOLS;PUT;Dic-26;11,50;10.0;26,29;-0,85;;16
08/09/26;GRIFOLS;PUT;Dic-26;12,00;10.0;26,10;-0,91;;1
08/09/26;GRIFOLS;PUT;Dic-26;12,50;10.0;25,92;-0,95;;1
08/09/26;GRIFOLS;PUT;Dic-26;13,00;10.0;25,74;-0,98;;10
08/09/26;GRIFOLS;PUT;Dic-26;13,50;10.0;25,55;-0,99;;113
08/09/26;GRIFOLS;PUT;Mar-27;6,25;10.0;38,68;-0,04;;50
08/09/26;GRIFOLS;PUT;Mar-27;6,50;10.0;38,15;-0,05;;17
08/09/26;GRIFOLS;PUT;Mar-27;6,75;10.0;37,63;-0,06;;250
08/09/26;GRIFOLS;PUT;Mar-27;7,00;10.0;37,10;-0,08;;163
08/09/26;GRIFOLS;PUT;Mar-27;7,25;10.0;36,58;-0,09;;76
08/09/26;GRIFOLS;PUT;Mar-27;7,50;10.0;36,05;-0,11;;770
08/09/26;GRIFOLS;PUT;Mar-27;7,75;10.0;35,53;-0,14;;146
08/09/26;GRIFOLS;PUT;Mar-27;8,00;10.0;35,00;-0,16;;127
08/09/26;GRIFOLS;PUT;Mar-27;8,25;10.0;34,48;-0,19;;5
08/09/26;GRIFOLS;PUT;Mar-27;8,50;10.0;33,95;-0,23;;13
08/09/26;GRIFOLS;PUT;Mar-27;8,75;10.0;33,43;-0,26;;3
08/09/26;GRIFOLS;PUT;Mar-27;9,00;10.0;32,90;-0,30;;1.128
08/09/26;GRIFOLS;PUT;Mar-27;9,25;10.0;32,38;-0,34;;2
08/09/26;GRIFOLS;PUT;Mar-27;9,75;10.0;31,33;-0,43;;1
08/09/26;GRIFOLS;PUT;Mar-27;10,00;10.0;30,81;-0,47;;15
08/09/26;GRIFOLS;PUT;Mar-27;10,50;10.0;30,71;-0,56;;14
08/09/26;GRIFOLS;PUT;Mar-27;11,00;10.0;30,61;-0,65;;130
08/09/26;GRIFOLS;PUT;Mar-27;16,00;10.0;29,61;-0,99;;5
08/09/26;GRIFOLS;PUT;Jun-27;6,00;10.0;40,03;-0,05;;20
08/09/26;GRIFOLS;PUT;Jun-27;7,50;10.0;37,32;-0,15;;10
08/09/26;GRIFOLS;PUT;Jun-27;8,00;10.0;36,42;-0,20;;150
08/09/26;GRIFOLS;PUT;Jun-27;8,25;10.0;35,97;-0,22;;1
08/09/26;GRIFOLS;PUT;Jun-27;9,00;10.0;34,62;-0,31;;10
08/09/26;GRIFOLS;PUT;Jun-27;10,00;10.0;32,83;-0,45;;848
08/09/26;GRIFOLS;PUT;Jun-27;10,50;10.0;32,76;-0,52;;7
08/09/26;GRIFOLS;PUT;Jun-27;11,00;10.0;32,70;-0,59;;3
08/09/26;GRIFOLS;PUT;Jun-27;11,50;10.0;32,63;-0,65;;7
08/09/26;GRIFOLS;PUT;Jun-27;12,00;10.0;32,56;-0,71;;206
08/09/26;GRIFOLS;PUT;Jun-27;12,50;10.0;32,50;-0,76;;402
08/09/26;GRIFOLS;PUT;Jun-27;13,00;10.0;32,43;-0,81;;195
08/09/26;GRIFOLS;PUT;Jun-27;13,50;10.0;32,36;-0,85;;25
08/09/26;GRIFOLS;PUT;Jun-27;15,50;10.0;32,10;-0,95;;142
08/09/26;GRIFOLS;PUT;Sep-27;13,00;10.0;33,89;-0,75;;5
08/09/26;GRIFOLS;PUT;Dic-27;8,25;10.0;37,67;-0,26;;1
08/09/26;GRIFOLS;PUT;Dic-27;8,50;10.0;37,29;-0,29;;5
08/09/26;GRIFOLS;PUT;Dic-27;8,75;10.0;36,92;-0,31;;3
08/09/26;GRIFOLS;PUT;Dic-27;10,50;10.0;35,00;-0,49;;242
08/09/26;GRIFOLS;PUT;Dic-27;11,00;10.0;34,95;-0,53;;228
08/09/26;GRIFOLS;PUT;Dic-27;11,50;10.0;34,90;-0,58;;30
08/09/26;GRIFOLS;PUT;Mar-28;9,50;10.0;36,41;-0,38;;268
08/09/26;GRIFOLS;PUT;Mar-28;10,00;10.0;35,70;-0,42;;260
08/09/26;GRIFOLS;PUT;Jun-28;6,00;10.0;40,25;-0,11;;26
08/09/26;GRIFOLS;PUT;Jun-28;8,25;10.0;37,25;-0,27;;2
08/09/26;GRIFOLS;PUT;Dic-28;6,50;10.0;38,11;-0,16;;25
08/09/26;GRIFOLS;PUT;Dic-28;7,00;10.0;37,50;-0,19;;1
08/09/26;GRIFOLS;PUT;Dic-28;8,00;10.0;36,26;-0,26;;4
08/09/26;GRIFOLS;PUT;Dic-28;9,75;10.0;34,10;-0,39;;1
08/09/26;GRIFOLS;PUT;Jun-29;8,50;10.0;34,47;-0,29;;2
08/09/26;GRIFOLS;PUT;Dic-29;8,50;10.0;33,55;-0,30;;3
08/09/26;GRIFOLS;PUT;Dic-29;9,75;10.0;32,55;-0,38;;1
08/09/26;GRIFOLS;PUT;Dic-30;10,00;10.0;31,56;-0,40;;15
08/09/26;GRIFOLS;CALL;Dic-26;10,00;10.0;29,41;0,50;;10
08/09/26;GRIFOLS;CALL;Dic-26;11,00;10.0;29,04;0,27;;10
08/09/26;GRIFOLS;CALL;Dic-26;11,50;10.0;28,86;0,18;;65
08/09/26;GRIFOLS;CALL;Dic-26;15,00;10.0;27,57;;;15
08/09/26;GRIFOLS;CALL;Jun-27;11,50;10.0;31,71;0,36;;50
08/09/26;GRIFOLS;CALL;Dic-27;11,50;10.0;33,13;0,40;;30
08/09/26;GRIFOLS;CALL;Jun-28;11,50;10.0;32,75;0,44;;60
08/09/26;GRIFOLS;PUT;Sep-26;9,00;10.0;35,89;-0,04;;10
08/09/26;GRIFOLS;PUT;Dic-26;9,50;10.0;28,28;-0,36;;10
08/09/26;GRIFOLS;PUT;Jun-27;9,00;10.0;34,62;-0,30;;1
08/09/26;HBX;CALL;Oct-26;8,25;7.3;29,65;0,12;;10
08/09/26;HBX;CALL;Dic-26;8,00;7.3;30,04;0,32;;10
08/09/26;HBX;CALL;Dic-26;8,25;7.3;29,88;0,26;;10
08/09/26;HBX;CALL;Mar-27;7,50;7.3;30,15;0,52;;10
08/09/26;HBX;CALL;Mar-27;7,75;7.3;29,99;0,46;;10
08/09/26;HBX;CALL;Mar-27;8,50;7.3;29,51;0,30;;10
08/09/26;HBX;CALL;Jun-27;6,75;7.3;29,09;0,70;;10
08/09/26;HBX;CALL;Jun-27;8,00;7.3;28,51;0,44;;10
08/09/26;HBX;CALL;Jun-27;8,50;7.3;28,19;0,34;;10
08/09/26;HBX;PUT;Dic-26;7,25;7.3;31,60;-0,44;;10
08/09/26;HBX;PUT;Jun-27;7,50;7.3;30,20;-0,47;;10
08/09/26;IAG;CALL;Sep-26;3,80;4.95;29,95;1,00;;10
08/09/26;IAG;CALL;Sep-26;4,00;4.95;29,52;1,00;;6
08/09/26;IAG;CALL;Sep-26;4,20;4.95;29,08;1,00;;11
08/09/26;IAG;CALL;Sep-26;4,40;4.95;28,65;0,99;;4
08/09/26;IAG;CALL;Sep-26;4,50;4.95;28,44;0,98;;14
08/09/26;IAG;CALL;Sep-26;4,60;4.95;28,22;0,94;;41
08/09/26;IAG;CALL;Sep-26;4,70;4.95;28,01;0,87;;16
08/09/26;IAG;CALL;Sep-26;4,80;4.95;27,79;0,76;;18
08/09/26;IAG;CALL;Sep-26;4,90;4.95;27,58;0,60;;202
08/09/26;IAG;CALL;Sep-26;5,00;4.95;27,37;0,42;;74
08/09/26;IAG;CALL;Sep-26;5,10;4.95;27,19;0,27;;50
08/09/26;IAG;CALL;Sep-26;5,25;4.95;26,90;0,10;;4.576
08/09/26;IAG;CALL;Sep-26;5,30;4.95;26,81;0,07;;50
08/09/26;IAG;CALL;Sep-26;5,50;4.95;26,43;0,01;;157
08/09/26;IAG;CALL;Sep-26;5,75;4.95;25,96;;;57
08/09/26;IAG;CALL;Sep-26;6,00;4.95;25,49;;;63
08/09/26;IAG;CALL;Sep-26;6,25;4.95;25,02;;;50
08/09/26;IAG;CALL;Oct-26;5,00;4.95;30,70;0,49;;13
08/09/26;IAG;CALL;Oct-26;5,25;4.95;30,23;0,30;;20
08/09/26;IAG;CALL;Dic-26;2,90;4.95;37,43;1,00;;1
08/09/26;IAG;CALL;Dic-26;3,00;4.95;37,20;1,00;;1
08/09/26;IAG;CALL;Dic-26;3,50;4.95;36,06;0,98;;1
08/09/26;IAG;CALL;Dic-26;4,00;4.95;34,91;0,91;;2
08/09/26;IAG;CALL;Dic-26;4,20;4.95;34,46;0,86;;20
08/09/26;IAG;CALL;Dic-26;4,30;4.95;34,23;0,82;;3
08/09/26;IAG;CALL;Dic-26;4,40;4.95;34,00;0,79;;3
08/09/26;IAG;CALL;Dic-26;4,50;4.95;33,77;0,75;;6
08/09/26;IAG;CALL;Dic-26;4,60;4.95;33,54;0,71;;2
08/09/26;IAG;CALL;Dic-26;4,80;4.95;33,08;0,61;;2
08/09/26;IAG;CALL;Dic-26;5,00;4.95;32,64;0,52;;801
08/09/26;IAG;CALL;Dic-26;5,25;4.95;32,15;0,40;;681
08/09/26;IAG;CALL;Dic-26;5,30;4.95;32,05;0,38;;4
08/09/26;IAG;CALL;Dic-26;5,50;4.95;31,66;0,29;;1.591
08/09/26;IAG;CALL;Dic-26;5,75;4.95;31,18;0,20;;100
08/09/26;IAG;CALL;Dic-26;6,00;4.95;30,69;0,13;;10
08/09/26;IAG;CALL;Dic-26;6,25;4.95;30,20;0,08;;35
08/09/26;IAG;CALL;Mar-27;4,00;4.95;36,47;0,83;;12
08/09/26;IAG;CALL;Mar-27;4,10;4.95;36,30;0,81;;1
08/09/26;IAG;CALL;Mar-27;4,20;4.95;36,13;0,78;;6
08/09/26;IAG;CALL;Mar-27;4,30;4.95;35,96;0,75;;5
08/09/26;IAG;CALL;Mar-27;4,60;4.95;35,46;0,67;;1
08/09/26;IAG;CALL;Mar-27;4,70;4.95;35,29;0,63;;3
08/09/26;IAG;CALL;Mar-27;4,80;4.95;35,12;0,60;;152
08/09/26;IAG;CALL;Mar-27;5,00;4.95;34,77;0,54;;33
08/09/26;IAG;CALL;Mar-27;5,25;4.95;34,26;0,46;;2
08/09/26;IAG;CALL;Mar-27;5,50;4.95;33,76;0,39;150;275
08/09/26;IAG;CALL;Mar-27;6,00;4.95;32,75;0,25;;1
08/09/26;IAG;CALL;Mar-27;6,25;4.95;32,24;0,19;;250
08/09/26;IAG;CALL;Mar-27;6,50;4.95;31,74;0,15;;150
08/09/26;IAG;CALL;Jun-27;2,00;4.95;37,16;1,00;;2
08/09/26;IAG;CALL;Jun-27;2,20;4.95;36,89;1,00;;25
08/09/26;IAG;CALL;Jun-27;2,30;4.95;36,76;1,00;;25
08/09/26;IAG;CALL;Jun-27;2,40;4.95;36,62;1,00;;25
08/09/26;IAG;CALL;Jun-27;3,00;4.95;35,82;0,96;;5
08/09/26;IAG;CALL;Jun-27;3,40;4.95;35,28;0,92;;1
08/09/26;IAG;CALL;Jun-27;4,00;4.95;34,47;0,81;;3
08/09/26;IAG;CALL;Jun-27;4,10;4.95;34,33;0,79;;2
08/09/26;IAG;CALL;Jun-27;4,40;4.95;33,93;0,72;;3
08/09/26;IAG;CALL;Jun-27;4,50;4.95;33,79;0,69;;1
08/09/26;IAG;CALL;Jun-27;4,90;4.95;33,26;0,59;;3
08/09/26;IAG;CALL;Jun-27;5,00;4.95;33,11;0,56;;2
08/09/26;IAG;CALL;Jun-27;5,25;4.95;32,72;0,49;;20
08/09/26;IAG;CALL;Jun-27;5,50;4.95;32,34;0,43;;1
08/09/26;IAG;CALL;Jun-27;6,25;4.95;31,17;0,25;;2
08/09/26;IAG;CALL;Jun-27;6,50;4.95;30,79;0,20;;1
08/09/26;IAG;CALL;Sep-27;4,40;4.95;32,78;0,71;;25
08/09/26;IAG;CALL;Sep-27;4,50;4.95;32,66;0,69;;25
08/09/26;IAG;CALL;Sep-27;4,80;4.95;32,32;0,61;;1
08/09/26;IAG;CALL;Sep-27;5,00;4.95;32,08;0,56;;1
08/09/26;IAG;CALL;Sep-27;5,25;4.95;31,74;0,50;;4
08/09/26;IAG;CALL;Dic-27;2,00;4.95;36,54;1,00;;25
08/09/26;IAG;CALL;Dic-27;2,10;4.95;36,42;1,00;;25
08/09/26;IAG;CALL;Dic-27;2,20;4.95;36,31;1,00;;25
08/09/26;IAG;CALL;Dic-27;2,30;4.95;36,19;0,99;;25
08/09/26;IAG;CALL;Dic-27;2,40;4.95;36,08;0,99;;25
08/09/26;IAG;CALL;Dic-27;3,70;4.95;34,59;0,84;;1
08/09/26;IAG;CALL;Dic-27;4,10;4.95;34,13;0,77;;25
08/09/26;IAG;CALL;Dic-27;4,50;4.95;33,67;0,68;;1
08/09/26;IAG;CALL;Dic-27;4,90;4.95;33,22;0,60;;1
08/09/26;IAG;CALL;Dic-27;5,00;4.95;33,11;0,58;;4
08/09/26;IAG;CALL;Dic-27;5,25;4.95;32,86;0,52;;1
08/09/26;IAG;CALL;Dic-27;5,75;4.95;32,35;0,42;;4.000
08/09/26;IAG;CALL;Mar-28;6,00;4.95;32,79;0,40;;2
08/09/26;IAG;CALL;Jun-28;5,00;4.95;35,62;0,60;;1
08/09/26;IAG;PUT;Sep-26;2,20;4.95;34,94;;;3
08/09/26;IAG;PUT;Sep-26;2,50;4.95;34,30;;;65
08/09/26;IAG;PUT;Sep-26;3,20;4.95;32,79;;;50
08/09/26;IAG;PUT;Sep-26;3,30;4.95;32,57;;;15
08/09/26;IAG;PUT;Sep-26;3,50;4.95;32,14;;;17
08/09/26;IAG;PUT;Sep-26;3,90;4.95;31,28;;;5
08/09/26;IAG;PUT;Sep-26;4,00;4.95;31,07;;;205
08/09/26;IAG;PUT;Sep-26;4,10;4.95;30,85;;;224
08/09/26;IAG;PUT;Sep-26;4,20;4.95;30,63;;;2
08/09/26;IAG;PUT;Sep-26;4,40;4.95;30,20;-0,01;;21
08/09/26;IAG;PUT;Sep-26;4,50;4.95;29,99;-0,03;;68
08/09/26;IAG;PUT;Sep-26;4,70;4.95;29,56;-0,14;;22
08/09/26;IAG;PUT;Sep-26;4,80;4.95;29,34;-0,25;;112
08/09/26;IAG;PUT;Sep-26;4,90;4.95;29,13;-0,41;100;110
08/09/26;IAG;PUT;Sep-26;5,00;4.95;28,92;-0,57;;107
08/09/26;IAG;PUT;Sep-26;5,25;4.95;28,45;-0,89;;10
08/09/26;IAG;PUT;Sep-26;5,30;4.95;28,36;-0,93;;10
08/09/26;IAG;PUT;Sep-26;5,50;4.95;27,98;-1,00;;13
08/09/26;IAG;PUT;Oct-26;4,20;4.95;33,98;-0,06;;150
08/09/26;IAG;PUT;Oct-26;4,80;4.95;32,56;-0,36;;35
08/09/26;IAG;PUT;Oct-26;4,90;4.95;32,33;-0,43;;10
08/09/26;IAG;PUT;Dic-26;2,60;4.95;38,18;;;4
08/09/26;IAG;PUT;Dic-26;2,80;4.95;37,72;;;20
08/09/26;IAG;PUT;Dic-26;2,90;4.95;37,49;;;20
08/09/26;IAG;PUT;Dic-26;3,30;4.95;36,58;-0,01;;20
08/09/26;IAG;PUT;Dic-26;3,50;4.95;36,12;-0,03;;19
08/09/26;IAG;PUT;Dic-26;3,70;4.95;35,66;-0,05;;4
08/09/26;IAG;PUT;Dic-26;3,80;4.95;35,43;-0,07;;151
08/09/26;IAG;PUT;Dic-26;3,90;4.95;35,20;-0,09;;137
08/09/26;IAG;PUT;Dic-26;4,00;4.95;34,97;-0,11;;817
08/09/26;IAG;PUT;Dic-26;4,10;4.95;34,74;-0,14;;12
08/09/26;IAG;PUT;Dic-26;4,20;4.95;34,52;-0,17;;55
08/09/26;IAG;PUT;Dic-26;4,30;4.95;34,29;-0,20;;7
08/09/26;IAG;PUT;Dic-26;4,40;4.95;34,06;-0,24;;54
08/09/26;IAG;PUT;Dic-26;4,50;4.95;33,83;-0,28;;7
08/09/26;IAG;PUT;Dic-26;4,60;4.95;33,60;-0,32;;7
08/09/26;IAG;PUT;Dic-26;4,70;4.95;33,37;-0,36;;2
08/09/26;IAG;PUT;Dic-26;4,80;4.95;33,14;-0,41;;4
08/09/26;IAG;PUT;Dic-26;4,90;4.95;32,91;-0,45;;6
08/09/26;IAG;PUT;Dic-26;5,00;4.95;32,70;-0,50;;160
08/09/26;IAG;PUT;Dic-26;5,25;4.95;32,21;-0,61;;11
08/09/26;IAG;PUT;Dic-26;5,50;4.95;31,72;-0,72;;1
08/09/26;IAG;PUT;Dic-26;5,75;4.95;31,24;-0,80;;1
08/09/26;IAG;PUT;Dic-26;6,00;4.95;30,75;-0,87;;100
08/09/26;IAG;PUT;Mar-27;3,20;4.95;35,49;-0,03;;40
08/09/26;IAG;PUT;Mar-27;3,50;4.95;34,98;-0,07;;17
08/09/26;IAG;PUT;Mar-27;3,70;4.95;34,64;-0,10;;20
08/09/26;IAG;PUT;Mar-27;4,00;4.95;34,14;-0,16;;4
08/09/26;IAG;PUT;Mar-27;4,10;4.95;33,97;-0,19;;1
08/09/26;IAG;PUT;Mar-27;4,40;4.95;33,46;-0,27;;20
08/09/26;IAG;PUT;Mar-27;4,60;4.95;33,13;-0,34;;25
08/09/26;IAG;PUT;Mar-27;4,70;4.95;32,96;-0,37;;255
08/09/26;IAG;PUT;Mar-27;4,80;4.95;32,79;-0,40;;2
08/09/26;IAG;PUT;Mar-27;5,00;4.95;32,44;-0,47;;13
08/09/26;IAG;PUT;Mar-27;5,25;4.95;31,93;-0,56;;3
08/09/26;IAG;PUT;Mar-27;5,50;4.95;31,43;-0,64;;6
08/09/26;IAG;PUT;Mar-27;5,75;4.95;30,92;-0,72;;1
08/09/26;IAG;PUT;Jun-27;3,50;4.95;33,92;-0,09;;30
08/09/26;IAG;PUT;Jun-27;3,70;4.95;33,65;-0,12;;25
08/09/26;IAG;PUT;Jun-27;4,00;4.95;33,25;-0,19;;3
08/09/26;IAG;PUT;Jun-27;4,10;4.95;33,11;-0,21;;2
08/09/26;IAG;PUT;Jun-27;4,40;4.95;32,71;-0,28;;3
08/09/26;IAG;PUT;Jun-27;4,50;4.95;32,57;-0,31;;1
08/09/26;IAG;PUT;Jun-27;5,00;4.95;31,89;-0,46;;7
08/09/26;IAG;PUT;Jun-27;5,25;4.95;31,50;-0,53;;1
08/09/26;IAG;PUT;Jun-27;5,50;4.95;31,12;-0,60;;2
08/09/26;IAG;PUT;Jun-27;6,00;4.95;30,34;-0,74;;2
08/09/26;IAG;PUT;Sep-27;3,20;4.95;33,45;-0,07;;5
08/09/26;IAG;PUT;Sep-27;4,50;4.95;31,96;-0,32;;2
08/09/26;IAG;PUT;Sep-27;4,80;4.95;31,62;-0,40;;1
08/09/26;IAG;PUT;Sep-27;5,00;4.95;31,38;-0,45;;1
08/09/26;IAG;PUT;Sep-27;5,25;4.95;31,04;-0,51;;2
08/09/26;IAG;PUT;Dic-27;3,20;4.95;34,44;-0,09;;15.000
08/09/26;IAG;PUT;Dic-27;3,50;4.95;34,10;-0,14;;20
08/09/26;IAG;PUT;Dic-27;4,00;4.95;33,53;-0,23;;18
08/09/26;IAG;PUT;Dic-27;4,60;4.95;32,84;-0,35;;25
08/09/26;IAG;PUT;Dic-27;4,90;4.95;32,50;-0,42;;4.001
08/09/26;IAG;PUT;Dic-27;5,00;4.95;32,39;-0,44;;4
08/09/26;IAG;PUT;Dic-27;5,25;4.95;32,14;-0,49;;2
08/09/26;IAG;PUT;Mar-28;3,50;4.95;34,38;-0,15;;25
08/09/26;IAG;PUT;Jun-28;4,20;4.95;34,80;-0,27;;25
08/09/26;IAG;PUT;Jun-28;4,40;4.95;34,63;-0,31;;25
08/09/26;IAG;CALL;Dic-29;3,40;4.95;40,90;0,74;;2
08/09/26;IAG;PUT;Sep-26;4,40;4.95;30,20;-0,01;;8
08/09/26;IBERDROLA;CALL;Sep-26;18,00;19.88;17,04;1,00;;30
08/09/26;IBERDROLA;CALL;Sep-26;19,00;19.88;15,72;0,96;;3
08/09/26;IBERDROLA;CALL;Sep-26;19,50;19.88;15,05;0,79;;5.000
08/09/26;IBERDROLA;CALL;Sep-26;20,00;19.88;14,54;0,42;;165
08/09/26;IBERDROLA;CALL;Sep-26;20,25;19.88;14,52;0,23;;1
08/09/26;IBERDROLA;CALL;Sep-26;20,50;19.88;14,50;0,11;;6
08/09/26;IBERDROLA;CALL;Sep-26;20,75;19.88;14,48;0,04;;1
08/09/26;IBERDROLA;CALL;Sep-26;21,00;19.88;14,46;0,01;;29.614
08/09/26;IBERDROLA;CALL;Sep-26;21,50;19.88;14,41;;;35
08/09/26;IBERDROLA;CALL;Sep-26;22,00;19.88;14,37;;;416
08/09/26;IBERDROLA;CALL;Sep-26;22,50;19.88;14,33;;;2.500
08/09/26;IBERDROLA;CALL;Oct-26;19,50;19.88;15,13;0,68;;7
08/09/26;IBERDROLA;CALL;Oct-26;20,00;19.88;14,62;0,48;;1
08/09/26;IBERDROLA;CALL;Oct-26;20,50;19.88;14,57;0,28;1;5.000
08/09/26;IBERDROLA;CALL;Oct-26;21,00;19.88;14,52;0,14;;10.001
08/09/26;IBERDROLA;CALL;Oct-26;22,00;19.88;14,42;0,02;;1
08/09/26;IBERDROLA;CALL;Nov-26;18,00;19.88;17,95;0,91;6;3
08/09/26;IBERDROLA;CALL;Nov-26;21,00;19.88;15,40;0,25;;1
08/09/26;IBERDROLA;CALL;Dic-26;14,50;19.88;23,08;1,00;;2
08/09/26;IBERDROLA;CALL;Dic-26;15,00;19.88;22,41;0,99;;4
08/09/26;IBERDROLA;CALL;Dic-26;16,00;19.88;21,09;0,98;;4
08/09/26;IBERDROLA;CALL;Dic-26;17,00;19.88;19,76;0,95;;6.500
08/09/26;IBERDROLA;CALL;Dic-26;17,50;19.88;19,10;0,92;;2
08/09/26;IBERDROLA;CALL;Dic-26;18,00;19.88;18,44;0,87;;6.001
08/09/26;IBERDROLA;CALL;Dic-26;18,50;19.88;17,78;0,81;;32
08/09/26;IBERDROLA;CALL;Dic-26;19,00;19.88;17,12;0,73;;345
08/09/26;IBERDROLA;CALL;Dic-26;19,50;19.88;16,45;0,63;;26.516
08/09/26;IBERDROLA;CALL;Dic-26;20,00;19.88;15,93;0,52;;7.515
08/09/26;IBERDROLA;CALL;Dic-26;20,50;19.88;15,86;0,40;;6
08/09/26;IBERDROLA;CALL;Dic-26;21,00;19.88;15,78;0,30;;311
08/09/26;IBERDROLA;CALL;Dic-26;21,50;19.88;15,71;0,21;;11
08/09/26;IBERDROLA;CALL;Dic-26;22,00;19.88;15,63;0,14;;143
08/09/26;IBERDROLA;CALL;Dic-26;22,50;19.88;15,55;0,08;;517
08/09/26;IBERDROLA;CALL;Dic-26;23,00;19.88;15,48;0,05;;105
08/09/26;IBERDROLA;CALL;Dic-26;23,50;19.88;15,40;0,03;;8
08/09/26;IBERDROLA;CALL;Dic-26;24,00;19.88;15,33;0,01;;1
08/09/26;IBERDROLA;CALL;Dic-26;25,00;19.88;15,18;;;1
08/09/26;IBERDROLA;CALL;Mar-27;12,00;19.88;26,15;1,00;;5
08/09/26;IBERDROLA;CALL;Mar-27;16,00;19.88;21,66;0,95;;10
08/09/26;IBERDROLA;CALL;Mar-27;16,50;19.88;21,10;0,93;;5
08/09/26;IBERDROLA;CALL;Mar-27;18,00;19.88;19,41;0,81;;4
08/09/26;IBERDROLA;CALL;Mar-27;19,50;19.88;17,73;0,61;;12
08/09/26;IBERDROLA;CALL;Mar-27;20,00;19.88;17,27;0,52;;100
08/09/26;IBERDROLA;CALL;Mar-27;20,50;19.88;17,12;0,44;;8
08/09/26;IBERDROLA;CALL;Mar-27;21,00;19.88;16,98;0,36;1;501
08/09/26;IBERDROLA;CALL;Mar-27;22,00;19.88;16,70;0,22;;20
08/09/26;IBERDROLA;CALL;Mar-27;22,50;19.88;16,55;0,17;;4
08/09/26;IBERDROLA;CALL;Mar-27;23,00;19.88;16,41;0,12;;258
08/09/26;IBERDROLA;CALL;Mar-27;24,00;19.88;16,13;0,06;;10
08/09/26;IBERDROLA;CALL;Mar-27;26,00;19.88;15,56;0,01;;17
08/09/26;IBERDROLA;CALL;Jun-27;17,00;19.88;20,74;0,84;;100
08/09/26;IBERDROLA;CALL;Jun-27;17,50;19.88;20,23;0,81;;100
08/09/26;IBERDROLA;CALL;Jun-27;18,00;19.88;19,73;0,76;;1
08/09/26;IBERDROLA;CALL;Jun-27;18,50;19.88;19,23;0,71;;7
08/09/26;IBERDROLA;CALL;Jun-27;19,00;19.88;18,73;0,66;;5.500
08/09/26;IBERDROLA;CALL;Jun-27;19,50;19.88;18,22;0,60;;7
08/09/26;IBERDROLA;CALL;Jun-27;20,00;19.88;17,81;0,53;;100
08/09/26;IBERDROLA;CALL;Jun-27;20,50;19.88;17,67;0,47;;3
08/09/26;IBERDROLA;CALL;Jun-27;21,00;19.88;17,54;0,41;;1.005
08/09/26;IBERDROLA;CALL;Jun-27;22,00;19.88;17,27;0,30;2;12
08/09/26;IBERDROLA;CALL;Jun-27;23,00;19.88;17,00;0,20;;100
08/09/26;IBERDROLA;CALL;Sep-27;16,50;19.88;21,31;0,87;;10.100
08/09/26;IBERDROLA;CALL;Sep-27;17,00;19.88;20,85;0,83;;100
08/09/26;IBERDROLA;CALL;Sep-27;17,50;19.88;20,38;0,79;;100
08/09/26;IBERDROLA;CALL;Sep-27;19,50;19.88;18,54;0,60;;155
08/09/26;IBERDROLA;CALL;Sep-27;22,00;19.88;17,66;0,32;;5
08/09/26;IBERDROLA;CALL;Dic-27;10,00;19.88;27,30;1,00;;30
08/09/26;IBERDROLA;CALL;Dic-27;13,00;19.88;24,63;0,98;;50
08/09/26;IBERDROLA;CALL;Dic-27;14,00;19.88;23,75;0,96;;5
08/09/26;IBERDROLA;CALL;Dic-27;15,00;19.88;22,86;0,92;;5
08/09/26;IBERDROLA;CALL;Dic-27;16,00;19.88;21,97;0,87;;26
08/09/26;IBERDROLA;CALL;Dic-27;16,50;19.88;21,52;0,84;;25
08/09/26;IBERDROLA;CALL;Dic-27;17,00;19.88;21,08;0,81;;7.530
08/09/26;IBERDROLA;CALL;Dic-27;17,50;19.88;20,64;0,77;;25
08/09/26;IBERDROLA;CALL;Dic-27;18,00;19.88;20,19;0,73;;10.005
08/09/26;IBERDROLA;CALL;Dic-27;18,50;19.88;19,75;0,68;;251
08/09/26;IBERDROLA;CALL;Dic-27;19,00;19.88;19,30;0,64;;157
08/09/26;IBERDROLA;CALL;Dic-27;19,50;19.88;18,86;0,59;;395
08/09/26;IBERDROLA;CALL;Dic-27;20,00;19.88;18,49;0,54;;13.210
08/09/26;IBERDROLA;CALL;Dic-27;21,00;19.88;18,28;0,44;;7.260
08/09/26;IBERDROLA;CALL;Dic-27;22,00;19.88;18,06;0,35;;5.004
08/09/26;IBERDROLA;CALL;Dic-27;23,00;19.88;17,84;0,26;;6
08/09/26;IBERDROLA;CALL;Dic-27;24,00;19.88;17,62;0,19;;2.757
08/09/26;IBERDROLA;CALL;Dic-27;25,00;19.88;17,40;0,14;;2.002
08/09/26;IBERDROLA;CALL;Mar-28;19,00;19.88;19,28;0,63;;1
08/09/26;IBERDROLA;CALL;Mar-28;20,00;19.88;18,51;0,54;;102
08/09/26;IBERDROLA;CALL;Mar-28;21,00;19.88;18,32;0,45;;6
08/09/26;IBERDROLA;CALL;Mar-28;26,00;19.88;17,40;0,12;;1
08/09/26;IBERDROLA;CALL;Jun-28;10,00;19.88;26,68;1,00;;5
08/09/26;IBERDROLA;CALL;Jun-28;20,00;19.88;18,71;0,54;;1
08/09/26;IBERDROLA;CALL;Jun-28;22,50;19.88;18,29;0,35;;7
08/09/26;IBERDROLA;CALL;Jun-28;28,00;19.88;17,37;0,08;;15
08/09/26;IBERDROLA;CALL;Dic-28;16,00;19.88;21,53;0,83;;5.000
08/09/26;IBERDROLA;CALL;Dic-28;18,00;19.88;20,06;0,70;;500
08/09/26;IBERDROLA;CALL;Dic-28;18,50;19.88;19,69;0,66;;25
08/09/26;IBERDROLA;CALL;Dic-28;19,00;19.88;19,32;0,62;;1
08/09/26;IBERDROLA;CALL;Dic-28;22,00;19.88;18,39;0,40;;1
08/09/26;IBERDROLA;CALL;Dic-28;23,00;19.88;18,25;0,33;;1
08/09/26;IBERDROLA;CALL;Dic-28;24,00;19.88;18,12;0,28;;15
08/09/26;IBERDROLA;CALL;Dic-28;25,00;19.88;17,98;0,22;;10
08/09/26;IBERDROLA;CALL;Dic-29;15,00;19.88;22,36;0,86;;1
08/09/26;IBERDROLA;CALL;Dic-29;18,00;19.88;20,35;0,68;;6.000
08/09/26;IBERDROLA;CALL;Dic-29;19,00;19.88;19,68;0,62;;25
08/09/26;IBERDROLA;CALL;Dic-29;21,50;19.88;18,95;0,46;;1
08/09/26;IBERDROLA;CALL;Dic-29;23,00;19.88;18,83;0,38;;3
08/09/26;IBERDROLA;CALL;Dic-29;25,00;19.88;18,66;0,28;;1
08/09/26;IBERDROLA;CALL;Jun-30;21,00;19.88;19,95;0,50;;1
08/09/26;IBERDROLA;CALL;Dic-30;18,00;19.88;21,81;0,67;;245
08/09/26;IBERDROLA;PUT;Sep-26;9,75;19.88;27,56;;;25
08/09/26;IBERDROLA;PUT;Sep-26;13,00;19.88;23,25;;;153
08/09/26;IBERDROLA;PUT;Sep-26;13,50;19.88;22,59;;;44
08/09/26;IBERDROLA;PUT;Sep-26;14,00;19.88;21,93;;;135
08/09/26;IBERDROLA;PUT;Sep-26;14,50;19.88;21,27;;;135
08/09/26;IBERDROLA;PUT;Sep-26;15,00;19.88;20,60;;;51
08/09/26;IBERDROLA;PUT;Sep-26;15,50;19.88;19,94;;;12
08/09/26;IBERDROLA;PUT;Sep-26;16,00;19.88;19,28;;;1
08/09/26;IBERDROLA;PUT;Sep-26;16,50;19.88;18,62;;;63
08/09/26;IBERDROLA;PUT;Sep-26;17,00;19.88;17,95;;;5.020
08/09/26;IBERDROLA;PUT;Sep-26;17,50;19.88;17,29;;;12
08/09/26;IBERDROLA;PUT;Sep-26;18,00;19.88;16,63;;;530
08/09/26;IBERDROLA;PUT;Sep-26;18,50;19.88;15,97;;;30.000
08/09/26;IBERDROLA;PUT;Sep-26;19,00;19.88;15,31;-0,03;;20.000
08/09/26;IBERDROLA;PUT;Sep-26;19,50;19.88;14,64;-0,20;;6.531
08/09/26;IBERDROLA;PUT;Sep-26;19,75;19.88;14,31;-0,38;;25
08/09/26;IBERDROLA;PUT;Sep-26;20,00;19.88;14,13;-0,59;;5.217
08/09/26;IBERDROLA;PUT;Sep-26;20,50;19.88;14,09;-0,91;;256
08/09/26;IBERDROLA;PUT;Sep-26;21,00;19.88;14,05;-1,00;;2.513
08/09/26;IBERDROLA;PUT;Sep-26;21,50;19.88;14,00;-1,00;;2.503
08/09/26;IBERDROLA;PUT;Oct-26;19,00;19.88;15,62;-0,17;;14
08/09/26;IBERDROLA;PUT;Oct-26;19,50;19.88;14,97;-0,32;;1
08/09/26;IBERDROLA;PUT;Oct-26;20,00;19.88;14,46;-0,53;;1
08/09/26;IBERDROLA;PUT;Oct-26;20,50;19.88;14,41;-0,73;;1
08/09/26;IBERDROLA;PUT;Nov-26;18,00;19.88;17,56;-0,09;;6
08/09/26;IBERDROLA;PUT;Nov-26;19,00;19.88;16,25;-0,24;;3
08/09/26;IBERDROLA;PUT;Nov-26;19,50;19.88;15,60;-0,36;;1
08/09/26;IBERDROLA;PUT;Dic-26;9,00;19.88;29,92;;;2.000
08/09/26;IBERDROLA;PUT;Dic-26;9,50;19.88;29,26;;;2
08/09/26;IBERDROLA;PUT;Dic-26;9,75;19.88;28,93;;;25
08/09/26;IBERDROLA;PUT;Dic-26;10,50;19.88;27,93;;;502
08/09/26;IBERDROLA;PUT;Dic-26;11,00;19.88;27,27;;;1.348
08/09/26;IBERDROLA;PUT;Dic-26;11,50;19.88;26,61;;;26
08/09/26;IBERDROLA;PUT;Dic-26;12,00;19.88;25,95;;;10.150
08/09/26;IBERDROLA;PUT;Dic-26;13,00;19.88;24,62;;;21
08/09/26;IBERDROLA;PUT;Dic-26;13,50;19.88;23,96;;;10.000
08/09/26;IBERDROLA;PUT;Dic-26;14,00;19.88;23,30;;;15.010
08/09/26;IBERDROLA;PUT;Dic-26;14,50;19.88;22,64;;;10
08/09/26;IBERDROLA;PUT;Dic-26;15,00;19.88;21,97;-0,01;;2
08/09/26;IBERDROLA;PUT;Dic-26;15,50;19.88;21,31;-0,01;;30
08/09/26;IBERDROLA;PUT;Dic-26;16,00;19.88;20,65;-0,02;;34.287
08/09/26;IBERDROLA;PUT;Dic-26;16,50;19.88;19,99;-0,03;;255
08/09/26;IBERDROLA;PUT;Dic-26;17,00;19.88;19,32;-0,05;;67.047
08/09/26;IBERDROLA;PUT;Dic-26;17,50;19.88;18,66;-0,08;;10.009
08/09/26;IBERDROLA;PUT;Dic-26;18,00;19.88;18,00;-0,12;;83.783
08/09/26;IBERDROLA;PUT;Dic-26;18,50;19.88;17,34;-0,19;;7.408
08/09/26;IBERDROLA;PUT;Dic-26;19,00;19.88;16,68;-0,27;;26
08/09/26;IBERDROLA;PUT;Dic-26;19,50;19.88;16,01;-0,37;;16.528
08/09/26;IBERDROLA;PUT;Dic-26;20,00;19.88;15,49;-0,49;;81.021
08/09/26;IBERDROLA;PUT;Dic-26;20,50;19.88;15,42;-0,62;;1
08/09/26;IBERDROLA;PUT;Dic-26;21,00;19.88;15,34;-0,74;;888
08/09/26;IBERDROLA;PUT;Dic-26;21,50;19.88;15,27;-0,84;;11
08/09/26;IBERDROLA;PUT;Dic-26;22,00;19.88;15,19;-0,92;1;3
08/09/26;IBERDROLA;PUT;Mar-27;10,50;19.88;26,96;;;1
08/09/26;IBERDROLA;PUT;Mar-27;14,00;19.88;23,03;-0,01;;1
08/09/26;IBERDROLA;PUT;Mar-27;15,00;19.88;21,90;-0,03;;1
08/09/26;IBERDROLA;PUT;Mar-27;16,00;19.88;20,78;-0,07;;21
08/09/26;IBERDROLA;PUT;Mar-27;16,50;19.88;20,22;-0,09;;4
08/09/26;IBERDROLA;PUT;Mar-27;18,00;19.88;18,53;-0,22;;4
08/09/26;IBERDROLA;PUT;Mar-27;18,50;19.88;17,97;-0,28;;2
08/09/26;IBERDROLA;PUT;Mar-27;19,00;19.88;17,41;-0,35;;1
08/09/26;IBERDROLA;PUT;Mar-27;19,50;19.88;16,85;-0,42;;302
08/09/26;IBERDROLA;PUT;Mar-27;20,00;19.88;16,39;-0,51;;60
08/09/26;IBERDROLA;PUT;Mar-27;24,00;19.88;15,25;-0,96;;1
08/09/26;IBERDROLA;PUT;Jun-27;15,00;19.88;21,98;-0,06;;13
08/09/26;IBERDROLA;PUT;Jun-27;15,50;19.88;21,48;-0,08;;2
08/09/26;IBERDROLA;PUT;Jun-27;16,00;19.88;20,97;-0,10;;1.020
08/09/26;IBERDROLA;PUT;Jun-27;16,50;19.88;20,47;-0,13;;9
08/09/26;IBERDROLA;PUT;Jun-27;17,00;19.88;19,97;-0,16;;5.517
08/09/26;IBERDROLA;PUT;Jun-27;17,50;19.88;19,46;-0,20;;5
08/09/26;IBERDROLA;PUT;Jun-27;18,00;19.88;18,96;-0,24;;9
08/09/26;IBERDROLA;PUT;Jun-27;19,00;19.88;17,96;-0,36;;9
08/09/26;IBERDROLA;PUT;Jun-27;19,50;19.88;17,45;-0,42;;50
08/09/26;IBERDROLA;PUT;Jun-27;20,00;19.88;17,04;-0,49;;11.513
08/09/26;IBERDROLA;PUT;Jun-27;23,00;19.88;16,23;-0,86;;2
08/09/26;IBERDROLA;PUT;Sep-27;16,00;19.88;20,93;-0,14;4;35.004
08/09/26;IBERDROLA;PUT;Sep-27;16,50;19.88;20,47;-0,17;;200
08/09/26;IBERDROLA;PUT;Sep-27;17,00;19.88;20,01;-0,21;;100
08/09/26;IBERDROLA;PUT;Sep-27;17,50;19.88;19,54;-0,25;;200
08/09/26;IBERDROLA;PUT;Sep-27;18,00;19.88;19,08;-0,29;;5.300
08/09/26;IBERDROLA;PUT;Sep-27;19,00;19.88;18,16;-0,40;;50
08/09/26;IBERDROLA;PUT;Sep-27;19,50;19.88;17,70;-0,45;;50
08/09/26;IBERDROLA;PUT;Sep-27;20,00;19.88;17,32;-0,51;;25
08/09/26;IBERDROLA;PUT;Sep-27;20,50;19.88;17,19;-0,57;;50
08/09/26;IBERDROLA;PUT;Dic-27;9,50;19.88;26,31;;;2.000
08/09/26;IBERDROLA;PUT;Dic-27;10,00;19.88;25,87;-0,01;;5
08/09/26;IBERDROLA;PUT;Dic-27;11,50;19.88;24,54;-0,02;;1.800
08/09/26;IBERDROLA;PUT;Dic-27;12,00;19.88;24,09;-0,02;;30.000
08/09/26;IBERDROLA;PUT;Dic-27;13,00;19.88;23,20;-0,04;;35.000
08/09/26;IBERDROLA;PUT;Dic-27;14,00;19.88;22,32;-0,07;;10.000
08/09/26;IBERDROLA;PUT;Dic-27;14,50;19.88;21,87;-0,08;;20.000
08/09/26;IBERDROLA;PUT;Dic-27;16,00;19.88;20,54;-0,15;;25.001
08/09/26;IBERDROLA;PUT;Dic-27;16,50;19.88;20,09;-0,18;;2.002
08/09/26;IBERDROLA;PUT;Dic-27;17,00;19.88;19,65;-0,22;;2.750
08/09/26;IBERDROLA;PUT;Dic-27;17,50;19.88;19,21;-0,26;;460
08/09/26;IBERDROLA;PUT;Dic-27;18,00;19.88;18,76;-0,30;;409
08/09/26;IBERDROLA;PUT;Dic-27;18,50;19.88;18,32;-0,35;;175
08/09/26;IBERDROLA;PUT;Dic-27;19,00;19.88;17,87;-0,39;;1.811
08/09/26;IBERDROLA;PUT;Dic-27;19,50;19.88;17,43;-0,45;;25
08/09/26;IBERDROLA;PUT;Dic-27;20,00;19.88;17,06;-0,50;;9.250
08/09/26;IBERDROLA;PUT;Dic-27;21,00;19.88;16,85;-0,61;;1.250
08/09/26;IBERDROLA;PUT;Dic-27;22,00;19.88;16,63;-0,71;;50
08/09/26;IBERDROLA;PUT;Mar-28;18,00;19.88;18,31;-0,31;;200
08/09/26;IBERDROLA;PUT;Jun-28;13,00;19.88;21,93;-0,06;;150
08/09/26;IBERDROLA;PUT;Jun-28;14,00;19.88;21,12;-0,09;;150
08/09/26;IBERDROLA;PUT;Dic-28;15,00;19.88;19,40;-0,15;;5.000
08/09/26;IBERDROLA;PUT;Dic-28;21,50;19.88;15,58;-0,63;;4.000
08/09/26;IBERDROLA;PUT;Dic-28;24,00;19.88;15,25;-0,80;;1
08/09/26;IBERDROLA;PUT;Dic-29;19,00;19.88;16,11;-0,43;;2
08/09/26;IBERDROLA;PUT;Dic-30;14,50;19.88;18,95;-0,19;;5
08/09/26;IBERDROLA;CALL;Sep-26;13,50;19.88;23,00;1,00;;150
08/09/26;IBERDROLA;CALL;Sep-26;14,00;19.88;22,34;1,00;;300
08/09/26;IBERDROLA;CALL;Sep-26;20,00;19.88;14,54;0,42;;160
08/09/26;IBERDROLA;CALL;Sep-26;20,00;19.88;14,54;0,42;;10
08/09/26;IBERDROLA;CALL;Sep-26;20,50;19.88;14,50;0,11;;1
08/09/26;IBERDROLA;CALL;Sep-26;21,00;19.88;14,46;0,01;;13
08/09/26;IBERDROLA;CALL;Sep-26;22,00;19.88;14,37;;;2.043
08/09/26;IBERDROLA;CALL;Oct-26;20,50;19.88;14,57;0,28;;2.041
08/09/26;IBERDROLA;CALL;Oct-26;21,00;19.88;14,52;0,14;;4.082
08/09/26;IBERDROLA;CALL;Dic-26;14,50;19.88;23,08;0,99;;510
08/09/26;IBERDROLA;CALL;Dic-26;18,00;19.88;18,44;0,87;;10
08/09/26;IBERDROLA;CALL;Dic-26;18,50;19.88;17,78;0,81;;200
08/09/26;IBERDROLA;CALL;Dic-26;19,00;19.88;17,12;0,73;;50
08/09/26;IBERDROLA;CALL;Dic-26;20,00;19.88;15,93;0,52;;10
08/09/26;IBERDROLA;CALL;Dic-26;20,50;19.88;15,86;0,40;;1
08/09/26;IBERDROLA;CALL;Dic-26;21,00;19.88;15,78;0,30;;14
08/09/26;IBERDROLA;CALL;Dic-26;22,00;19.88;15,63;0,13;;17
08/09/26;IBERDROLA;CALL;Jun-27;24,00;19.88;16,73;0,12;;5
08/09/26;IBERDROLA;CALL;Dic-27;12,00;19.88;25,52;0,94;;2.000
08/09/26;IBERDROLA;CALL;Dic-27;17,00;19.88;21,08;0,75;2;2
08/09/26;IBERDROLA;CALL;Jun-30;21,00;19.88;19,95;0,45;;1
08/09/26;IBERDROLA;PUT;Sep-26;13,00;19.88;23,25;;;500
08/09/26;IBERDROLA;PUT;Sep-26;15,00;19.88;20,60;;;800
08/09/26;IBERDROLA;PUT;Sep-26;18,50;19.88;15,97;;;25
08/09/26;IBERDROLA;PUT;Sep-26;20,25;19.88;14,11;-0,77;;2
08/09/26;IBERDROLA;PUT;Sep-26;21,00;19.88;14,05;-0,99;;10
08/09/26;IBERDROLA;PUT;Dic-26;15,00;19.88;21,97;-0,01;;600
08/09/26;IBERDROLA;PUT;Dic-26;16,00;19.88;20,65;-0,02;;1
08/09/26;IBERDROLA;PUT;Dic-26;19,00;19.88;16,68;-0,26;;21
08/09/26;IBERDROLA;PUT;Dic-26;19,50;19.88;16,01;-0,36;;4
08/09/26;IBERDROLA;PUT;Dic-26;20,00;19.88;15,49;-0,48;;1
08/09/26;IBERDROLA;PUT;Dic-26;21,00;19.88;15,34;-0,70;;10
08/09/26;IBERDROLA;PUT;Dic-26;21,00;19.88;15,34;-0,70;;10
08/09/26;IBERDROLA;PUT;Dic-26;22,00;19.88;15,19;-0,87;;10
08/09/26;IBERDROLA;PUT;Dic-27;12,00;19.88;24,09;-0,02;;2.000
08/09/26;INDITEX;CALL;Sep-26;40,63;56.52;43,41;1,00;;25
08/09/26;INDITEX;CALL;Sep-26;41,60;56.52;42,61;1,00;;50
08/09/26;INDITEX;CALL;Sep-26;43,54;56.52;40,99;1,00;;50
08/09/26;INDITEX;CALL;Sep-26;44,49;56.52;40,20;1,00;;25
08/09/26;INDITEX;CALL;Sep-26;45,47;56.52;39,39;1,00;;75
08/09/26;INDITEX;CALL;Sep-26;46,44;56.52;38,58;1,00;;50
08/09/26;INDITEX;CALL;Sep-26;47,41;56.52;37,78;1,00;;50
08/09/26;INDITEX;CALL;Sep-26;48,38;56.52;36,97;1,00;;25
08/09/26;INDITEX;CALL;Sep-26;50,31;56.52;35,36;0,98;;25
08/09/26;INDITEX;CALL;Sep-26;52,25;56.52;33,75;0,93;;100
08/09/26;INDITEX;CALL;Sep-26;54,17;56.52;32,15;0,80;;381
08/09/26;INDITEX;CALL;Sep-26;56,11;56.52;30,54;0,57;;1.752
08/09/26;INDITEX;CALL;Sep-26;58,05;56.52;29,91;0,31;;517
08/09/26;INDITEX;CALL;Sep-26;59,00;56.52;29,73;0,20;;100
08/09/26;INDITEX;CALL;Sep-26;59,99;56.52;29,55;0,12;;233
08/09/26;INDITEX;CALL;Sep-26;61,92;56.52;29,18;0,03;;25
08/09/26;INDITEX;CALL;Sep-26;65,78;56.52;28,45;;;10
08/09/26;INDITEX;CALL;Oct-26;61,92;56.52;23,86;0,13;;3
08/09/26;INDITEX;CALL;Oct-26;63,85;56.52;23,54;0,06;;100
08/09/26;INDITEX;CALL;Nov-26;61,92;56.52;23,08;0,20;1;1
08/09/26;INDITEX;CALL;Nov-26;63,85;56.52;22,79;0,13;;1
08/09/26;INDITEX;CALL;Nov-26;65,78;56.52;22,49;0,07;;100
08/09/26;INDITEX;CALL;Dic-26;35,80;56.52;38,37;1,00;;3
08/09/26;INDITEX;CALL;Dic-26;38,70;56.52;36,56;0,99;;1
08/09/26;INDITEX;CALL;Dic-26;39,67;56.52;35,95;0,98;;52
08/09/26;INDITEX;CALL;Dic-26;40,63;56.52;35,35;0,98;;25
08/09/26;INDITEX;CALL;Dic-26;44,49;56.52;32,94;0,94;;120
08/09/26;INDITEX;CALL;Dic-26;46,44;56.52;31,72;0,91;;26
08/09/26;INDITEX;CALL;Dic-26;47,41;56.52;31,12;0,88;;325
08/09/26;INDITEX;CALL;Dic-26;48,38;56.52;30,51;0,86;;400
08/09/26;INDITEX;CALL;Dic-26;50,31;56.52;29,30;0,80;;50
08/09/26;INDITEX;CALL;Dic-26;52,25;56.52;28,09;0,73;;31
08/09/26;INDITEX;CALL;Dic-26;54,17;56.52;26,89;0,65;;59
08/09/26;INDITEX;CALL;Dic-26;56,11;56.52;25,68;0,55;;149
08/09/26;INDITEX;CALL;Dic-26;58,05;56.52;25,18;0,45;;645
08/09/26;INDITEX;CALL;Dic-26;59,99;56.52;24,87;0,35;;202
08/09/26;INDITEX;CALL;Dic-26;61,92;56.52;24,56;0,27;;253
08/09/26;INDITEX;CALL;Dic-26;63,85;56.52;24,25;0,19;;211
08/09/26;INDITEX;CALL;Dic-26;65,78;56.52;23,95;0,13;2;18
08/09/26;INDITEX;CALL;Dic-26;67,72;56.52;23,64;0,08;;15
08/09/26;INDITEX;CALL;Dic-26;69,66;56.52;23,33;0,05;10;10
08/09/26;INDITEX;CALL;Dic-26;71,60;56.52;23,02;0,03;;3
08/09/26;INDITEX;CALL;Mar-27;52,25;56.52;27,84;0,70;;100
08/09/26;INDITEX;CALL;Mar-27;54,17;56.52;26,79;0,64;;3
08/09/26;INDITEX;CALL;Mar-27;63,85;56.52;24,51;0,29;;400
08/09/26;INDITEX;CALL;Mar-27;65,78;56.52;24,24;0,23;;300
08/09/26;INDITEX;CALL;Mar-27;67,72;56.52;23,98;0,18;;75
08/09/26;INDITEX;CALL;Mar-27;69,66;56.52;23,72;0,14;;25
08/09/26;INDITEX;CALL;Mar-27;71,60;56.52;23,45;0,10;;10
08/09/26;INDITEX;CALL;Mar-27;73,53;56.52;23,19;0,08;;20
08/09/26;INDITEX;CALL;Jun-27;38,70;56.52;34,01;0,94;;150
08/09/26;INDITEX;CALL;Jun-27;45,47;56.52;30,97;0,84;;25
08/09/26;INDITEX;CALL;Jun-27;50,31;56.52;28,80;0,74;;25
08/09/26;INDITEX;CALL;Jun-27;58,05;56.52;25,78;0,51;;150
08/09/26;INDITEX;CALL;Jun-27;59,99;56.52;25,47;0,45;;188
08/09/26;INDITEX;CALL;Jun-27;61,92;56.52;25,16;0,39;;100
08/09/26;INDITEX;CALL;Jun-27;69,66;56.52;23,93;0,19;;100
08/09/26;INDITEX;CALL;Jun-27;71,60;56.52;23,62;0,15;;25
08/09/26;INDITEX;CALL;Jun-27;73,53;56.52;23,31;0,12;;50
08/09/26;INDITEX;CALL;Sep-27;59,99;56.52;25,91;0,47;;25
08/09/26;INDITEX;CALL;Sep-27;63,85;56.52;25,39;0,37;;25
08/09/26;INDITEX;CALL;Sep-27;69,66;56.52;24,60;0,25;;1
08/09/26;INDITEX;CALL;Sep-27;71,60;56.52;24,33;0,21;;25
08/09/26;INDITEX;CALL;Dic-27;37,73;56.52;32,90;0,92;;25
08/09/26;INDITEX;CALL;Dic-27;38,70;56.52;32,59;0,90;;1
08/09/26;INDITEX;CALL;Dic-27;39,67;56.52;32,28;0,89;;1
08/09/26;INDITEX;CALL;Dic-27;43,54;56.52;31,02;0,84;;50
08/09/26;INDITEX;CALL;Dic-27;45,47;56.52;30,39;0,81;;25
08/09/26;INDITEX;CALL;Dic-27;47,41;56.52;29,77;0,77;;25
08/09/26;INDITEX;CALL;Dic-27;52,25;56.52;28,20;0,67;;25
08/09/26;INDITEX;CALL;Dic-27;54,17;56.52;27,57;0,63;;25
08/09/26;INDITEX;CALL;Dic-27;59,99;56.52;26,38;0,49;;25
08/09/26;INDITEX;CALL;Dic-27;61,92;56.52;26,14;0,45;;175
08/09/26;INDITEX;CALL;Dic-27;63,85;56.52;25,90;0,40;;500
08/09/26;INDITEX;CALL;Dic-27;65,78;56.52;25,66;0,36;;10
08/09/26;INDITEX;CALL;Dic-27;71,60;56.52;24,94;0,25;;1
08/09/26;INDITEX;CALL;Mar-28;33,30;56.52;34,56;0,94;;1
08/09/26;INDITEX;CALL;Mar-28;52,89;56.52;28,33;0,66;;50
08/09/26;INDITEX;CALL;Mar-28;54,86;56.52;27,70;0,62;;75
08/09/26;INDITEX;CALL;Mar-28;56,81;56.52;27,13;0,58;;75
08/09/26;INDITEX;CALL;Mar-28;58,77;56.52;26,85;0,54;;50
08/09/26;INDITEX;CALL;Mar-28;60,73;56.52;26,57;0,50;;25
08/09/26;INDITEX;CALL;Mar-28;64,65;56.52;26,02;0,42;;25
08/09/26;INDITEX;CALL;Mar-28;66,60;56.52;25,74;0,38;;25
08/09/26;INDITEX;CALL;Mar-28;68,56;56.52;25,47;0,34;;25
08/09/26;INDITEX;CALL;Mar-28;70,53;56.52;25,19;0,31;;25
08/09/26;INDITEX;CALL;Mar-28;72,49;56.52;24,91;0,27;;25
08/09/26;INDITEX;CALL;Jun-28;42,12;56.52;31,76;0,84;;25
08/09/26;INDITEX;CALL;Jun-28;43,10;56.52;31,45;0,82;;25
08/09/26;INDITEX;CALL;Jun-28;56,81;56.52;27,22;0,59;;25
08/09/26;INDITEX;CALL;Jun-28;58,77;56.52;26,97;0,55;;50
08/09/26;INDITEX;CALL;Jun-28;66,60;56.52;25,95;0,40;;50
08/09/26;INDITEX;CALL;Jun-28;68,56;56.52;25,70;0,36;;25
08/09/26;INDITEX;CALL;Jun-28;70,53;56.52;25,44;0,33;;25
08/09/26;INDITEX;CALL;Jun-28;72,49;56.52;25,19;0,29;;25
08/09/26;INDITEX;CALL;Dic-28;49,44;56.52;29,00;0,72;;2
08/09/26;INDITEX;CALL;Dic-28;67,24;56.52;25,94;0,42;;490
08/09/26;INDITEX;CALL;Dic-29;43,51;56.52;28,67;0,80;;220
08/09/26;INDITEX;PUT;Sep-26;35,80;56.52;47,39;;;1
08/09/26;INDITEX;PUT;Sep-26;36,76;56.52;46,59;;;27
08/09/26;INDITEX;PUT;Sep-26;38,70;56.52;44,98;;;25
08/09/26;INDITEX;PUT;Sep-26;39,67;56.52;44,17;;;26
08/09/26;INDITEX;PUT;Sep-26;40,63;56.52;43,37;;;28
08/09/26;INDITEX;PUT;Sep-26;41,60;56.52;42,57;;;240
08/09/26;INDITEX;PUT;Sep-26;42,57;56.52;41,76;;;300
08/09/26;INDITEX;PUT;Sep-26;43,54;56.52;40,95;;;25
08/09/26;INDITEX;PUT;Sep-26;44,49;56.52;40,16;;;51
08/09/26;INDITEX;PUT;Sep-26;45,47;56.52;39,35;;;51
08/09/26;INDITEX;PUT;Sep-26;46,44;56.52;38,54;;;75
08/09/26;INDITEX;PUT;Sep-26;47,41;56.52;37,74;;;30
08/09/26;INDITEX;PUT;Sep-26;48,38;56.52;36,93;;;82
08/09/26;INDITEX;PUT;Sep-26;50,31;56.52;35,32;-0,02;;101
08/09/26;INDITEX;PUT;Sep-26;52,00;56.52;33,92;-0,06;;4.006
08/09/26;INDITEX;PUT;Sep-26;52,25;56.52;33,71;-0,07;;27
08/09/26;INDITEX;PUT;Sep-26;54,17;56.52;32,11;-0,20;5;375
08/09/26;INDITEX;PUT;Sep-26;56,11;56.52;30,50;-0,43;;2
08/09/26;INDITEX;PUT;Sep-26;58,05;56.52;29,87;-0,69;;501
08/09/26;INDITEX;PUT;Sep-26;59,99;56.52;29,51;-0,88;;6
08/09/26;INDITEX;PUT;Oct-26;48,38;56.52;30,54;-0,05;;2
08/09/26;INDITEX;PUT;Oct-26;50,00;56.52;29,37;-0,09;;2
08/09/26;INDITEX;PUT;Oct-26;50,31;56.52;29,14;-0,10;;1
08/09/26;INDITEX;PUT;Oct-26;52,25;56.52;27,74;-0,17;;2
08/09/26;INDITEX;PUT;Oct-26;54,17;56.52;26,34;-0,29;;3
08/09/26;INDITEX;PUT;Oct-26;56,11;56.52;24,94;-0,44;;3
08/09/26;INDITEX;PUT;Nov-26;48,38;56.52;28,56;-0,10;;1
08/09/26;INDITEX;PUT;Nov-26;50,00;56.52;27,44;-0,15;;2
08/09/26;INDITEX;PUT;Dic-26;32,90;56.52;38,76;;;26
08/09/26;INDITEX;PUT;Dic-26;33,87;56.52;38,15;;;21
08/09/26;INDITEX;PUT;Dic-26;34,83;56.52;37,55;-0,01;;25
08/09/26;INDITEX;PUT;Dic-26;35,80;56.52;36,94;-0,01;;25
08/09/26;INDITEX;PUT;Dic-26;36,76;56.52;36,34;-0,01;;26
08/09/26;INDITEX;PUT;Dic-26;37,73;56.52;35,74;-0,01;;150
08/09/26;INDITEX;PUT;Dic-26;38,70;56.52;35,13;-0,02;;150
08/09/26;INDITEX;PUT;Dic-26;39,67;56.52;34,52;-0,02;;11
08/09/26;INDITEX;PUT;Dic-26;40,63;56.52;33,92;-0,03;;2
08/09/26;INDITEX;PUT;Dic-26;41,60;56.52;33,32;-0,03;;86
08/09/26;INDITEX;PUT;Dic-26;42,57;56.52;32,71;-0,04;;150
08/09/26;INDITEX;PUT;Dic-26;43,54;56.52;32,10;-0,05;;75
08/09/26;INDITEX;PUT;Dic-26;44,49;56.52;31,51;-0,06;;62
08/09/26;INDITEX;PUT;Dic-26;45,47;56.52;30,90;-0,08;;35
08/09/26;INDITEX;PUT;Dic-26;46,44;56.52;30,29;-0,09;;253
08/09/26;INDITEX;PUT;Dic-26;47,41;56.52;29,69;-0,11;;2.409
08/09/26;INDITEX;PUT;Dic-26;48,38;56.52;29,08;-0,14;;76
08/09/26;INDITEX;PUT;Dic-26;50,00;56.52;28,07;-0,18;;200
08/09/26;INDITEX;PUT;Dic-26;50,31;56.52;27,87;-0,19;;170
08/09/26;INDITEX;PUT;Dic-26;52,25;56.52;26,66;-0,26;;30
08/09/26;INDITEX;PUT;Dic-26;54,17;56.52;25,46;-0,35;;125
08/09/26;INDITEX;PUT;Dic-26;56,11;56.52;24,25;-0,45;;210
08/09/26;INDITEX;PUT;Dic-26;59,99;56.52;23,44;-0,67;;176
08/09/26;INDITEX;PUT;Mar-27;33,87;56.52;35,92;-0,02;;50
08/09/26;INDITEX;PUT;Mar-27;34,83;56.52;35,40;-0,02;;50
08/09/26;INDITEX;PUT;Mar-27;35,80;56.52;34,86;-0,03;;75
08/09/26;INDITEX;PUT;Mar-27;36,76;56.52;34,34;-0,03;;75
08/09/26;INDITEX;PUT;Mar-27;37,73;56.52;33,81;-0,04;;25
08/09/26;INDITEX;PUT;Mar-27;38,70;56.52;33,27;-0,04;;25
08/09/26;INDITEX;PUT;Mar-27;39,67;56.52;32,74;-0,05;;52
08/09/26;INDITEX;PUT;Mar-27;40,63;56.52;32,22;-0,06;;78
08/09/26;INDITEX;PUT;Mar-27;41,60;56.52;31,68;-0,07;;1
08/09/26;INDITEX;PUT;Mar-27;42,57;56.52;31,15;-0,08;;1
08/09/26;INDITEX;PUT;Mar-27;44,49;56.52;30,10;-0,11;;18
08/09/26;INDITEX;PUT;Mar-27;45,47;56.52;29,56;-0,13;;13
08/09/26;INDITEX;PUT;Mar-27;50,00;56.52;27,08;-0,23;;3.000
08/09/26;INDITEX;PUT;Mar-27;50,31;56.52;26,91;-0,24;;102
08/09/26;INDITEX;PUT;Mar-27;52,25;56.52;25,84;-0,30;;200
08/09/26;INDITEX;PUT;Mar-27;54,17;56.52;24,79;-0,36;;5
08/09/26;INDITEX;PUT;Jun-27;26,12;56.52;37,43;-0,01;;1
08/09/26;INDITEX;PUT;Jun-27;30,96;56.52;35,26;-0,02;;150
08/09/26;INDITEX;PUT;Jun-27;33,87;56.52;33,95;-0,03;;200
08/09/26;INDITEX;PUT;Jun-27;34,83;56.52;33,52;-0,04;;180
08/09/26;INDITEX;PUT;Jun-27;36,76;56.52;32,66;-0,05;;25
08/09/26;INDITEX;PUT;Jun-27;38,70;56.52;31,79;-0,07;;150
08/09/26;INDITEX;PUT;Jun-27;39,67;56.52;31,35;-0,08;;101
08/09/26;INDITEX;PUT;Jun-27;41,60;56.52;30,49;-0,10;;176
08/09/26;INDITEX;PUT;Jun-27;42,57;56.52;30,05;-0,12;;150
08/09/26;INDITEX;PUT;Jun-27;43,54;56.52;29,62;-0,13;;150
08/09/26;INDITEX;PUT;Jun-27;44,49;56.52;29,19;-0,15;;50
08/09/26;INDITEX;PUT;Jun-27;46,44;56.52;28,32;-0,18;;25
08/09/26;INDITEX;PUT;Jun-27;47,41;56.52;27,88;-0,20;;153
08/09/26;INDITEX;PUT;Jun-27;48,38;56.52;27,45;-0,23;;150
08/09/26;INDITEX;PUT;Jun-27;50,31;56.52;26,58;-0,27;;3
08/09/26;INDITEX;PUT;Jun-27;52,25;56.52;25,71;-0,33;;150
08/09/26;INDITEX;PUT;Jun-27;56,11;56.52;23,98;-0,45;;25
08/09/26;INDITEX;PUT;Jun-27;65,78;56.52;22,33;-0,76;;1
08/09/26;INDITEX;PUT;Sep-27;43,54;56.52;28,89;-0,15;;25
08/09/26;INDITEX;PUT;Sep-27;44,49;56.52;28,54;-0,16;;25
08/09/26;INDITEX;PUT;Sep-27;45,47;56.52;28,18;-0,18;;25
08/09/26;INDITEX;PUT;Sep-27;46,44;56.52;27,82;-0,20;;25
08/09/26;INDITEX;PUT;Sep-27;73,53;56.52;21,76;-0,88;;1
08/09/26;INDITEX;PUT;Dic-27;21,29;56.52;35,96;;;2
08/09/26;INDITEX;PUT;Dic-27;33,87;56.52;31,88;-0,05;;100
08/09/26;INDITEX;PUT;Dic-27;36,76;56.52;30,94;-0,08;;25
08/09/26;INDITEX;PUT;Dic-27;37,73;56.52;30,62;-0,09;;25
08/09/26;INDITEX;PUT;Dic-27;43,54;56.52;28,74;-0,16;;10
08/09/26;INDITEX;PUT;Dic-27;45,47;56.52;28,11;-0,19;;1.100
08/09/26;INDITEX;PUT;Dic-27;46,44;56.52;27,80;-0,21;;150
08/09/26;INDITEX;PUT;Dic-27;47,41;56.52;27,49;-0,23;;325
08/09/26;INDITEX;PUT;Dic-27;48,38;56.52;27,17;-0,25;;175
08/09/26;INDITEX;PUT;Dic-27;50,31;56.52;26,54;-0,29;;350
08/09/26;INDITEX;PUT;Dic-27;52,25;56.52;25,92;-0,34;;375
08/09/26;INDITEX;PUT;Dic-27;54,17;56.52;25,29;-0,38;;450
08/09/26;INDITEX;PUT;Dic-27;56,11;56.52;24,66;-0,43;;500
08/09/26;INDITEX;PUT;Dic-27;58,05;56.52;24,34;-0,49;;50
08/09/26;INDITEX;PUT;Dic-27;59,99;56.52;24,10;-0,54;;25
08/09/26;INDITEX;PUT;Jun-28;43,10;56.52;28,25;-0,18;;25
08/09/26;INDITEX;PUT;Jun-28;44,08;56.52;27,95;-0,19;;25
08/09/26;INDITEX;PUT;Jun-28;45,06;56.52;27,64;-0,21;;25
08/09/26;INDITEX;PUT;Jun-28;47,99;56.52;26,73;-0,26;;25
08/09/26;INDITEX;PUT;Dic-28;51,42;56.52;25,42;-0,32;;25
08/09/26;INDITEX;PUT;Dic-29;43,51;56.52;26,67;-0,21;;220
08/09/26;INDITEX;CALL;Sep-26;49,44;56.52;36,09;0,99;;5
08/09/26;INDITEX;CALL;Sep-26;54,17;56.52;32,15;0,80;1;6
08/09/26;INDITEX;CALL;Sep-26;56,11;56.52;30,54;0,57;;6
08/09/26;INDITEX;CALL;Sep-26;57,35;56.52;30,04;0,40;;5
08/09/26;INDITEX;CALL;Sep-26;59,99;56.52;29,55;0,12;;7
08/09/26;INDITEX;CALL;Sep-26;61,30;56.52;29,30;0,05;;944
08/09/26;INDITEX;CALL;Sep-26;63,28;56.52;28,92;0,01;;1.888
08/09/26;INDITEX;CALL;Oct-26;61,30;56.52;23,96;0,17;;5.945
08/09/26;INDITEX;CALL;Oct-26;63,85;56.52;23,54;0,06;;1
08/09/26;INDITEX;CALL;Dic-26;56,11;56.52;25,68;0,55;;26
08/09/26;INDITEX;CALL;Dic-26;58,05;56.52;25,18;0,45;;1
08/09/26;INDITEX;PUT;Sep-26;41,60;56.52;42,57;;;165
08/09/26;INDITEX;PUT;Sep-26;42,57;56.52;41,76;;;150
08/09/26;INDITEX;PUT;Sep-26;43,54;56.52;40,95;;;15
08/09/26;INDITEX;PUT;Sep-26;44,49;56.52;40,16;;;10
08/09/26;INDITEX;PUT;Sep-26;50,31;56.52;35,32;-0,02;;6
08/09/26;INDITEX;PUT;Sep-26;54,17;56.52;32,11;-0,20;;7
08/09/26;INDITEX;PUT;Sep-26;55,37;56.52;31,12;-0,33;;5
08/09/26;INDITEX;PUT;Sep-26;56,11;56.52;30,50;-0,43;;3
08/09/26;INDITEX;PUT;Oct-26;56,11;56.52;24,94;-0,43;;1
08/09/26;INDITEX;PUT;Dic-26;42,57;56.52;32,71;-0,04;;120
08/09/26;INDITEX;PUT;Dic-26;46,44;56.52;30,29;-0,09;;1
08/09/26;INDITEX;PUT;Mar-27;42,57;56.52;31,15;-0,08;;1
08/09/26;INDITEX;PUT;Dic-27;59,99;56.52;24,10;-0,50;;10
08/09/26;INDITEX;PUT;Dic-27;63,85;56.52;23,62;-0,59;;1
08/09/26;INDRA;CALL;Sep-26;18,00;58.04;64,09;1,00;;1
08/09/26;INDRA;CALL;Sep-26;26,00;58.04;60,00;1,00;;1
08/09/26;INDRA;CALL;Sep-26;37,00;58.04;54,37;1,00;;28
08/09/26;INDRA;CALL;Sep-26;50,00;58.04;47,73;0,97;;84
08/09/26;INDRA;CALL;Sep-26;52,00;58.04;46,71;0,93;;11
08/09/26;INDRA;CALL;Sep-26;54,00;58.04;45,69;0,84;;11
08/09/26;INDRA;CALL;Sep-26;56,00;58.04;44,66;0,70;;1
08/09/26;INDRA;CALL;Sep-26;58,00;58.04;43,64;0,52;;8
08/09/26;INDRA;CALL;Sep-26;60,00;58.04;42,79;0,34;5;131
08/09/26;INDRA;CALL;Sep-26;62,00;58.04;41,94;0,18;;26
08/09/26;INDRA;CALL;Sep-26;64,00;58.04;41,09;0,08;;3
08/09/26;INDRA;CALL;Sep-26;66,00;58.04;40,24;0,03;;7
08/09/26;INDRA;CALL;Sep-26;68,00;58.04;39,39;0,01;;7
08/09/26;INDRA;CALL;Sep-26;70,00;58.04;38,54;;;116
08/09/26;INDRA;CALL;Oct-26;62,00;58.04;40,34;0,34;;1
08/09/26;INDRA;CALL;Oct-26;68,00;58.04;39,00;0,12;;6
08/09/26;INDRA;CALL;Oct-26;70,00;58.04;38,55;0,08;;10
08/09/26;INDRA;CALL;Oct-26;74,00;58.04;37,66;0,03;;2
08/09/26;INDRA;CALL;Oct-26;86,00;58.04;34,97;;;4
08/09/26;INDRA;CALL;Nov-26;60,00;58.04;42,60;0,48;;1
08/09/26;INDRA;CALL;Dic-26;30,00;58.04;54,49;0,99;;25
08/09/26;INDRA;CALL;Dic-26;31,00;58.04;54,09;0,99;;25
08/09/26;INDRA;CALL;Dic-26;32,00;58.04;53,69;0,99;;25
08/09/26;INDRA;CALL;Dic-26;35,00;58.04;52,48;0,98;;25
08/09/26;INDRA;CALL;Dic-26;45,00;58.04;48,46;0,87;;21
08/09/26;INDRA;CALL;Dic-26;47,00;58.04;47,66;0,84;;4
08/09/26;INDRA;CALL;Dic-26;48,00;58.04;47,26;0,82;;5
08/09/26;INDRA;CALL;Dic-26;50,00;58.04;46,45;0,78;;5
08/09/26;INDRA;CALL;Dic-26;52,00;58.04;45,65;0,73;;3
08/09/26;INDRA;CALL;Dic-26;54,00;58.04;44,84;0,67;;130
08/09/26;INDRA;CALL;Dic-26;56,00;58.04;44,04;0,62;;50
08/09/26;INDRA;CALL;Dic-26;58,00;58.04;43,24;0,56;;82
08/09/26;INDRA;CALL;Dic-26;60,00;58.04;42,66;0,50;;196
08/09/26;INDRA;CALL;Dic-26;62,00;58.04;42,08;0,44;;1
08/09/26;INDRA;CALL;Dic-26;64,00;58.04;41,51;0,38;;15
08/09/26;INDRA;CALL;Dic-26;66,00;58.04;40,93;0,32;;86
08/09/26;INDRA;CALL;Dic-26;68,00;58.04;40,36;0,27;;12
08/09/26;INDRA;CALL;Dic-26;70,00;58.04;39,79;0,22;;20
08/09/26;INDRA;CALL;Dic-26;74,00;58.04;38,64;0,15;;15
08/09/26;INDRA;CALL;Mar-27;49,00;58.04;45,92;0,76;;1
08/09/26;INDRA;CALL;Mar-27;60,00;58.04;42,16;0,54;;1
08/09/26;INDRA;CALL;Mar-27;62,00;58.04;42,09;0,49;;26
08/09/26;INDRA;CALL;Mar-27;70,00;58.04;41,82;0,34;;11
08/09/26;INDRA;CALL;Jun-27;41,00;58.04;47,64;0,86;;6
08/09/26;INDRA;CALL;Jun-27;50,00;58.04;44,85;0,73;;1
08/09/26;INDRA;CALL;Jun-27;60,00;58.04;42,35;0,56;;3
08/09/26;INDRA;CALL;Jun-27;66,00;58.04;42,31;0,46;;1
08/09/26;INDRA;CALL;Jun-27;70,00;58.04;42,29;0,40;;11
08/09/26;INDRA;CALL;Jun-27;78,00;58.04;42,25;0,29;;2
08/09/26;INDRA;CALL;Sep-27;20,00;58.04;53,63;0,99;;1
08/09/26;INDRA;CALL;Sep-27;33,00;58.04;49,75;0,93;;2
08/09/26;INDRA;CALL;Sep-27;36,00;58.04;48,85;0,90;;1
08/09/26;INDRA;CALL;Sep-27;58,00;58.04;42,28;0,61;;1
08/09/26;INDRA;CALL;Sep-28;52,00;58.04;39,10;0,71;;25
08/09/26;INDRA;CALL;Dic-28;62,00;58.04;37,15;0,60;;25
08/09/26;INDRA;PUT;Sep-26;24,00;58.04;59,75;;;4
08/09/26;INDRA;PUT;Sep-26;26,00;58.04;58,73;;;4
08/09/26;INDRA;PUT;Sep-26;30,00;58.04;56,68;;;45
08/09/26;INDRA;PUT;Sep-26;31,00;58.04;56,17;;;50
08/09/26;INDRA;PUT;Sep-26;35,00;58.04;54,13;;;1
08/09/26;INDRA;PUT;Sep-26;36,00;58.04;53,62;;;2
08/09/26;INDRA;PUT;Sep-26;37,00;58.04;53,10;;;13
08/09/26;INDRA;PUT;Sep-26;39,00;58.04;52,08;;;4
08/09/26;INDRA;PUT;Sep-26;40,00;58.04;51,57;;;2
08/09/26;INDRA;PUT;Sep-26;41,00;58.04;51,06;;;20
08/09/26;INDRA;PUT;Sep-26;42,00;58.04;50,55;;;6
08/09/26;INDRA;PUT;Sep-26;43,00;58.04;50,04;;;95
08/09/26;INDRA;PUT;Sep-26;44,00;58.04;49,53;;;21
08/09/26;INDRA;PUT;Sep-26;45,00;58.04;49,02;;;2
08/09/26;INDRA;PUT;Sep-26;46,00;58.04;48,50;;;760
08/09/26;INDRA;PUT;Sep-26;47,00;58.04;47,99;;;1
08/09/26;INDRA;PUT;Sep-26;48,00;58.04;47,48;-0,01;;17
08/09/26;INDRA;PUT;Sep-26;49,00;58.04;46,97;-0,01;;2
08/09/26;INDRA;PUT;Sep-26;50,00;58.04;46,46;-0,02;;501
08/09/26;INDRA;PUT;Sep-26;52,00;58.04;45,44;-0,07;;77
08/09/26;INDRA;PUT;Sep-26;54,00;58.04;44,42;-0,15;1;11
08/09/26;INDRA;PUT;Sep-26;56,00;58.04;43,39;-0,29;1;19
08/09/26;INDRA;PUT;Sep-26;58,00;58.04;42,37;-0,48;;14
08/09/26;INDRA;PUT;Sep-26;60,00;58.04;41,52;-0,67;1;115
08/09/26;INDRA;PUT;Sep-26;62,00;58.04;40,67;-0,83;;3
08/09/26;INDRA;PUT;Sep-26;64,00;58.04;39,82;-0,93;;9
08/09/26;INDRA;PUT;Sep-26;66,00;58.04;38,97;-0,98;;3
08/09/26;INDRA;PUT;Oct-26;38,00;58.04;49,97;;;5
08/09/26;INDRA;PUT;Oct-26;44,00;58.04;47,28;-0,03;;1
08/09/26;INDRA;PUT;Oct-26;46,00;58.04;46,38;-0,05;;2
08/09/26;INDRA;PUT;Oct-26;47,00;58.04;45,94;-0,06;;1
08/09/26;INDRA;PUT;Oct-26;48,00;58.04;45,49;-0,08;;3
08/09/26;INDRA;PUT;Oct-26;50,00;58.04;44,59;-0,13;;4
08/09/26;INDRA;PUT;Oct-26;52,00;58.04;43,70;-0,19;;2
08/09/26;INDRA;PUT;Oct-26;54,00;58.04;42,80;-0,27;;7
08/09/26;INDRA;PUT;Oct-26;56,00;58.04;41,90;-0,36;;11
08/09/26;INDRA;PUT;Oct-26;58,00;58.04;41,01;-0,47;;2
08/09/26;INDRA;PUT;Oct-26;60,00;58.04;40,55;-0,57;;25
08/09/26;INDRA;PUT;Oct-26;72,00;58.04;37,86;-0,97;;3
08/09/26;INDRA;PUT;Nov-26;42,00;58.04;49,21;-0,05;;5
08/09/26;INDRA;PUT;Nov-26;47,00;58.04;47,03;-0,13;;1
08/09/26;INDRA;PUT;Nov-26;52,00;58.04;44,85;-0,25;;2
08/09/26;INDRA;PUT;Dic-26;28,00;58.04;54,71;;;1
08/09/26;INDRA;PUT;Dic-26;30,00;58.04;53,90;-0,01;;5
08/09/26;INDRA;PUT;Dic-26;31,00;58.04;53,50;-0,01;;1
08/09/26;INDRA;PUT;Dic-26;32,00;58.04;53,10;-0,01;;10
08/09/26;INDRA;PUT;Dic-26;35,00;58.04;51,89;-0,02;;1
08/09/26;INDRA;PUT;Dic-26;37,00;58.04;51,09;-0,03;;6
08/09/26;INDRA;PUT;Dic-26;38,00;58.04;50,69;-0,04;;1
08/09/26;INDRA;PUT;Dic-26;40,00;58.04;49,88;-0,06;;11
08/09/26;INDRA;PUT;Dic-26;42,00;58.04;49,08;-0,08;;10
08/09/26;INDRA;PUT;Dic-26;44,00;58.04;48,27;-0,11;;4
08/09/26;INDRA;PUT;Dic-26;45,00;58.04;47,87;-0,12;;2
08/09/26;INDRA;PUT;Dic-26;46,00;58.04;47,47;-0,14;;8
08/09/26;INDRA;PUT;Dic-26;47,00;58.04;47,07;-0,16;;9
08/09/26;INDRA;PUT;Dic-26;48,00;58.04;46,67;-0,18;;21
08/09/26;INDRA;PUT;Dic-26;50,00;58.04;45,86;-0,22;25;25
08/09/26;INDRA;PUT;Dic-26;52,00;58.04;45,06;-0,27;;78
08/09/26;INDRA;PUT;Dic-26;54,00;58.04;44,25;-0,33;;101
08/09/26;INDRA;PUT;Dic-26;58,00;58.04;42,65;-0,45;;25
08/09/26;INDRA;PUT;Dic-26;60,00;58.04;42,07;-0,51;;50
08/09/26;INDRA;PUT;Dic-26;62,00;58.04;41,49;-0,57;;35
08/09/26;INDRA;PUT;Dic-26;70,00;58.04;39,20;-0,79;;1
08/09/26;INDRA;PUT;Mar-27;37,00;58.04;50,36;-0,07;;2
08/09/26;INDRA;PUT;Mar-27;39,00;58.04;49,54;-0,09;;1
08/09/26;INDRA;PUT;Mar-27;42,00;58.04;48,32;-0,13;;2
08/09/26;INDRA;PUT;Mar-27;43,00;58.04;47,91;-0,14;;1
08/09/26;INDRA;PUT;Mar-27;45,00;58.04;47,10;-0,17;;1
08/09/26;INDRA;PUT;Mar-27;49,00;58.04;45,47;-0,24;;10
08/09/26;INDRA;PUT;Mar-27;50,00;58.04;45,06;-0,26;;10
08/09/26;INDRA;PUT;Mar-27;52,00;58.04;44,24;-0,30;;1
08/09/26;INDRA;PUT;Mar-27;54,00;58.04;43,43;-0,34;;1
08/09/26;INDRA;PUT;Mar-27;60,00;58.04;41,71;-0,47;;3
08/09/26;INDRA;PUT;Jun-27;32,00;58.04;50,26;-0,05;;1
08/09/26;INDRA;PUT;Jun-27;50,00;58.04;44,67;-0,27;;1
08/09/26;INDRA;PUT;Jun-27;52,00;58.04;44,05;-0,30;;1
08/09/26;INDRA;PUT;Jun-27;58,00;58.04;42,19;-0,41;;10
08/09/26;INDRA;PUT;Jun-27;60,00;58.04;42,17;-0,45;;2
08/09/26;INDRA;PUT;Jun-27;62,00;58.04;42,16;-0,48;;3
08/09/26;INDRA;PUT;Sep-27;31,00;58.04;50,03;-0,06;;1
08/09/26;INDRA;PUT;Sep-27;33,00;58.04;49,43;-0,08;;1
08/09/26;INDRA;PUT;Sep-27;34,00;58.04;49,13;-0,09;;1
08/09/26;INDRA;PUT;Sep-27;36,00;58.04;48,53;-0,10;;1
08/09/26;INDRA;PUT;Sep-27;40,00;58.04;47,34;-0,15;;1
08/09/26;INDRA;PUT;Sep-27;45,00;58.04;45,84;-0,21;;15
08/09/26;INDRA;PUT;Dic-27;11,00;58.04;54,52;;;25
08/09/26;INDRA;PUT;Dic-27;44,00;58.04;45,04;-0,20;;500
08/09/26;INDRA;PUT;Sep-28;47,00;58.04;39,57;-0,24;;25
08/09/26;INDRA;CALL;Dic-26;41,00;58.04;50,07;0,92;;5
08/09/26;INDRA;CALL;Dic-26;48,00;58.04;47,26;0,81;;5
08/09/26;INDRA;CALL;Dic-26;60,00;58.04;42,66;0,50;;100
08/09/26;INDRA;CALL;Dic-26;64,00;58.04;41,51;0,38;;5
08/09/26;INDRA;CALL;Dic-26;70,00;58.04;39,79;0,22;;5
08/09/26;INDRA;PUT;Sep-26;43,00;58.04;50,04;;;5
08/09/26;INDRA;PUT;Sep-26;56,00;58.04;43,39;-0,29;;5
08/09/26;INDRA;PUT;Dic-26;50,00;58.04;45,86;-0,22;;5
08/09/26;LABORAT. ROVI;CALL;Sep-26;60,00;58.65;19,70;0,26;;6
08/09/26;LABORAT. ROVI;CALL;Sep-26;62,00;58.65;19,64;0,05;;7
08/09/26;LABORAT. ROVI;CALL;Sep-26;64,00;58.65;19,59;;;5
08/09/26;LABORAT. ROVI;CALL;Sep-26;66,00;58.65;19,53;;;2
08/09/26;LABORAT. ROVI;CALL;Sep-26;78,00;58.65;19,19;;;750
08/09/26;LABORAT. ROVI;CALL;Sep-26;88,00;58.65;18,91;;;1
08/09/26;LABORAT. ROVI;CALL;Sep-26;96,00;58.65;18,68;;;15
08/09/26;LABORAT. ROVI;CALL;Dic-26;60,00;58.65;26,02;0,48;;4
08/09/26;LABORAT. ROVI;CALL;Dic-26;62,00;58.65;25,88;0,39;;15
08/09/26;LABORAT. ROVI;CALL;Dic-26;66,00;58.65;25,61;0,22;;751
08/09/26;LABORAT. ROVI;CALL;Dic-26;70,00;58.65;25,34;0,11;;9
08/09/26;LABORAT. ROVI;CALL;Dic-26;80,00;58.65;24,65;0,01;;15
08/09/26;LABORAT. ROVI;CALL;Dic-26;82,00;58.65;24,52;0,01;;15
08/09/26;LABORAT. ROVI;CALL;Dic-26;84,00;58.65;24,38;;;15
08/09/26;LABORAT. ROVI;CALL;Dic-26;86,00;58.65;24,24;;;15
08/09/26;LABORAT. ROVI;CALL;Dic-26;88,00;58.65;24,11;;;14
08/09/26;LABORAT. ROVI;CALL;Dic-26;90,00;58.65;23,97;;;14
08/09/26;LABORAT. ROVI;CALL;Dic-26;92,00;58.65;23,84;;;5
08/09/26;LABORAT. ROVI;CALL;Dic-26;96,00;58.65;23,56;;;5
08/09/26;LABORAT. ROVI;CALL;Dic-26;100,00;58.65;23,29;;;5
08/09/26;LABORAT. ROVI;CALL;Mar-27;70,00;58.65;25,89;0,22;;2
08/09/26;LABORAT. ROVI;CALL;Mar-27;88,00;58.65;23,95;0,01;;10
08/09/26;LABORAT. ROVI;CALL;Jun-27;56,00;58.65;28,31;0,65;;18
08/09/26;LABORAT. ROVI;CALL;Jun-27;60,00;58.65;27,42;0,55;;1
08/09/26;LABORAT. ROVI;CALL;Jun-27;80,00;58.65;25,14;0,11;;16
08/09/26;LABORAT. ROVI;PUT;Sep-26;48,00;58.65;24,59;;;1
08/09/26;LABORAT. ROVI;PUT;Sep-26;50,00;58.65;23,72;;;1
08/09/26;LABORAT. ROVI;PUT;Sep-26;54,00;58.65;21,96;-0,01;;7
08/09/26;LABORAT. ROVI;PUT;Sep-26;56,00;58.65;21,09;-0,09;;11
08/09/26;LABORAT. ROVI;PUT;Sep-26;58,00;58.65;20,21;-0,36;1;6
08/09/26;LABORAT. ROVI;PUT;Sep-26;60,00;58.65;19,89;-0,75;;9
08/09/26;LABORAT. ROVI;PUT;Sep-26;64,00;58.65;19,78;-1,00;;2
08/09/26;LABORAT. ROVI;PUT;Sep-26;70,00;58.65;19,61;-1,00;;1.500
08/09/26;LABORAT. ROVI;PUT;Oct-26;54,00;58.65;24,83;-0,14;;5
08/09/26;LABORAT. ROVI;PUT;Oct-26;58,00;58.65;23,02;-0,42;;5
08/09/26;LABORAT. ROVI;PUT;Oct-26;60,00;58.65;22,65;-0,60;;10
08/09/26;LABORAT. ROVI;PUT;Nov-26;52,00;58.65;28,24;-0,15;;1
08/09/26;LABORAT. ROVI;PUT;Dic-26;40,00;58.65;33,71;-0,01;;1
08/09/26;LABORAT. ROVI;PUT;Dic-26;50,00;58.65;29,45;-0,13;;2
08/09/26;LABORAT. ROVI;PUT;Dic-26;52,00;58.65;28,59;-0,18;;1
08/09/26;LABORAT. ROVI;PUT;Dic-26;54,00;58.65;27,74;-0,25;;6
08/09/26;LABORAT. ROVI;PUT;Dic-26;56,00;58.65;26,89;-0,33;;5
08/09/26;LABORAT. ROVI;PUT;Dic-26;58,00;58.65;26,04;-0,43;1;6
08/09/26;LABORAT. ROVI;PUT;Dic-26;60,00;58.65;25,67;-0,53;;54
08/09/26;LABORAT. ROVI;PUT;Dic-26;62,00;58.65;25,53;-0,63;;1.500
08/09/26;LABORAT. ROVI;PUT;Dic-26;66,00;58.65;25,26;-0,80;;10
08/09/26;LABORAT. ROVI;PUT;Dic-26;68,00;58.65;25,12;-0,87;;65
08/09/26;LABORAT. ROVI;PUT;Dic-26;76,00;58.65;24,58;-1,00;;6
08/09/26;LABORAT. ROVI;PUT;Mar-27;50,00;58.65;29,55;-0,18;;2
08/09/26;LABORAT. ROVI;PUT;Mar-27;54,00;58.65;28,26;-0,29;;5
08/09/26;LABORAT. ROVI;PUT;Mar-27;56,00;58.65;27,61;-0,35;;6
08/09/26;LABORAT. ROVI;PUT;Mar-27;58,00;58.65;26,96;-0,42;;7
08/09/26;LABORAT. ROVI;PUT;Mar-27;60,00;58.65;26,60;-0,49;;8
08/09/26;LABORAT. ROVI;PUT;Mar-27;62,00;58.65;26,39;-0,56;;2
08/09/26;LABORAT. ROVI;PUT;Jun-27;43,00;58.65;31,84;-0,09;;10
08/09/26;LABORAT. ROVI;PUT;Jun-27;44,00;58.65;31,56;-0,11;;20
08/09/26;LABORAT. ROVI;PUT;Jun-27;45,00;58.65;31,28;-0,12;;5
08/09/26;LABORAT. ROVI;PUT;Jun-27;54,00;58.65;28,77;-0,30;;1
08/09/26;LABORAT. ROVI;PUT;Jun-27;58,00;58.65;27,66;-0,41;;1
08/09/26;LABORAT. ROVI;PUT;Jun-27;60,00;58.65;27,33;-0,47;;4
08/09/26;LABORAT. ROVI;PUT;Jun-27;70,00;58.65;26,19;-0,75;;1
08/09/26;LABORAT. ROVI;PUT;Mar-27;50,00;58.65;29,55;-0,18;;3
08/09/26;MAPFRE;CALL;Sep-26;3,80;4.44;19,27;1,00;;1
08/09/26;MAPFRE;CALL;Sep-26;3,90;4.44;19,23;1,00;;10
08/09/26;MAPFRE;CALL;Sep-26;4,00;4.44;19,19;1,00;;16
08/09/26;MAPFRE;CALL;Sep-26;4,10;4.44;19,16;0,99;;20
08/09/26;MAPFRE;CALL;Sep-26;4,20;4.44;19,12;0,96;;783
08/09/26;MAPFRE;CALL;Sep-26;4,30;4.44;19,08;0,84;;2
08/09/26;MAPFRE;CALL;Sep-26;4,40;4.44;19,04;0,62;3;1
08/09/26;MAPFRE;CALL;Sep-26;4,50;4.44;18,98;0,34;;13
08/09/26;MAPFRE;CALL;Sep-26;4,70;4.44;18,81;0,03;;15
08/09/26;MAPFRE;CALL;Oct-26;4,50;4.44;18,83;0,44;;1
08/09/26;MAPFRE;CALL;Oct-26;4,60;4.44;18,74;0,30;;10
08/09/26;MAPFRE;CALL;Nov-26;4,50;4.44;19,92;0,48;;1
08/09/26;MAPFRE;CALL;Nov-26;4,60;4.44;19,83;0,38;;20
08/09/26;MAPFRE;CALL;Dic-26;3,90;4.44;20,45;0,92;;5
08/09/26;MAPFRE;CALL;Dic-26;4,10;4.44;20,38;0,82;;35
08/09/26;MAPFRE;CALL;Dic-26;4,40;4.44;20,26;0,57;;10
08/09/26;MAPFRE;CALL;Dic-26;4,50;4.44;20,20;0,48;2;16
08/09/26;MAPFRE;CALL;Mar-27;4,00;4.44;22,15;0,79;;1
08/09/26;MAPFRE;CALL;Mar-27;4,90;4.44;21,68;0,28;;15
08/09/26;MAPFRE;CALL;Jun-27;4,20;4.44;23,47;0,65;;7
08/09/26;MAPFRE;CALL;Jun-27;4,30;4.44;23,43;0,60;;8
08/09/26;MAPFRE;CALL;Jun-27;5,00;4.44;23,00;0,30;;1
08/09/26;MAPFRE;CALL;Dic-27;5,00;4.44;24,75;0,36;;5
08/09/26;MAPFRE;PUT;Sep-26;1,70;4.44;22,26;;;20
08/09/26;MAPFRE;PUT;Sep-26;3,20;4.44;21,69;;;2
08/09/26;MAPFRE;PUT;Sep-26;3,30;4.44;21,66;;;2
08/09/26;MAPFRE;PUT;Sep-26;3,60;4.44;21,54;;;5
08/09/26;MAPFRE;PUT;Sep-26;3,70;4.44;21,51;;;50
08/09/26;MAPFRE;PUT;Sep-26;5,00;4.44;20,76;-1,00;;9
08/09/26;MAPFRE;PUT;Nov-26;4,50;4.44;21,78;-0,53;;1
08/09/26;MAPFRE;PUT;Dic-26;3,20;4.44;21,68;;;2
08/09/26;MAPFRE;PUT;Dic-26;3,60;4.44;21,53;-0,04;;3
08/09/26;MAPFRE;PUT;Dic-26;3,70;4.44;21,50;-0,06;;116
08/09/26;MAPFRE;PUT;Dic-26;3,80;4.44;21,46;-0,09;;20
08/09/26;MAPFRE;PUT;Dic-26;4,00;4.44;21,38;-0,19;;5
08/09/26;MAPFRE;PUT;Dic-26;4,10;4.44;21,35;-0,26;;2
08/09/26;MAPFRE;PUT;Dic-26;4,20;4.44;21,31;-0,33;;50
08/09/26;MAPFRE;PUT;Dic-26;4,30;4.44;21,27;-0,41;;1
08/09/26;MAPFRE;PUT;Dic-26;4,50;4.44;21,17;-0,57;;20
08/09/26;MAPFRE;PUT;Mar-27;3,50;4.44;21,18;-0,06;;4
08/09/26;MAPFRE;PUT;Mar-27;3,60;4.44;21,14;-0,08;;1
08/09/26;MAPFRE;PUT;Mar-27;3,70;4.44;21,11;-0,11;;5
08/09/26;MAPFRE;PUT;Mar-27;4,00;4.44;20,99;-0,24;;3.000
08/09/26;MAPFRE;PUT;Dic-27;3,60;4.44;22,65;-0,20;;10
08/09/26;MELIA HOTELS;CALL;Sep-26;7,75;9.89;33,15;1,00;;5
08/09/26;MELIA HOTELS;CALL;Sep-26;8,00;9.89;32,65;1,00;;1.900
08/09/26;MELIA HOTELS;CALL;Sep-26;8,50;9.89;31,66;1,00;;6
08/09/26;MELIA HOTELS;CALL;Sep-26;12,50;9.89;26,08;;;25
08/09/26;MELIA HOTELS;CALL;Dic-26;10,00;9.89;29,27;0,52;;20
08/09/26;MELIA HOTELS;CALL;Dic-26;11,00;9.89;28,33;0,28;;15
08/09/26;MELIA HOTELS;CALL;Dic-26;11,50;9.89;27,86;0,18;;3
08/09/26;MELIA HOTELS;CALL;Dic-26;13,00;9.89;26,44;0,03;;35
08/09/26;MELIA HOTELS;CALL;Mar-27;7,75;9.89;32,33;0,89;;8
08/09/26;MELIA HOTELS;CALL;Mar-27;8,75;9.89;30,92;0,76;;5
08/09/26;MELIA HOTELS;CALL;Mar-27;12,00;9.89;27,67;0,21;;400
08/09/26;MELIA HOTELS;CALL;Mar-27;12,50;9.89;27,28;0,15;;50
08/09/26;MELIA HOTELS;CALL;Jun-27;7,50;9.89;31,41;0,89;;5
08/09/26;MELIA HOTELS;CALL;Jun-27;7,75;9.89;31,14;0,86;;5
08/09/26;MELIA HOTELS;CALL;Sep-27;7,25;9.89;31,12;0,90;;5
08/09/26;MELIA HOTELS;CALL;Dic-27;7,00;9.89;30,90;0,90;;2
08/09/26;MELIA HOTELS;PUT;Sep-26;10,00;9.89;28,67;-0,58;;25
08/09/26;MELIA HOTELS;PUT;Sep-26;10,50;9.89;28,13;-0,90;;50
08/09/26;MELIA HOTELS;PUT;Sep-26;11,00;9.89;27,59;-1,00;;30
08/09/26;MELIA HOTELS;PUT;Oct-26;9,50;9.89;28,50;-0,31;;4
08/09/26;MELIA HOTELS;PUT;Dic-26;8,25;9.89;31,60;-0,11;;30
08/09/26;MELIA HOTELS;PUT;Dic-26;11,00;9.89;27,68;-0,74;;20
08/09/26;MELIA HOTELS;PUT;Mar-27;9,25;9.89;29,57;-0,32;;50
08/09/26;MELIA HOTELS;PUT;Mar-27;9,50;9.89;29,22;-0,37;;100
08/09/26;MELIA HOTELS;PUT;Mar-27;9,75;9.89;28,86;-0,41;;25
08/09/26;MELIA HOTELS;PUT;Mar-27;10,00;9.89;28,58;-0,46;;100
08/09/26;MELIA HOTELS;PUT;Mar-27;11,00;9.89;27,81;-0,66;;3
08/09/26;MELIA HOTELS;PUT;Jun-27;8,75;9.89;28,93;-0,25;;2
08/09/26;MERLIN;CALL;Sep-26;16,00;13.13;19,71;;;14.696
08/09/26;MERLIN;CALL;Sep-26;16,50;13.13;19,46;;;4.700
08/09/26;MERLIN;CALL;Oct-26;13,00;13.13;21,62;0,58;;10
08/09/26;MERLIN;CALL;Nov-26;14,00;13.13;21,34;0,28;;5
08/09/26;MERLIN;CALL;Nov-26;14,50;13.13;21,08;0,17;;5
08/09/26;MERLIN;CALL;Dic-26;16,50;13.13;20,82;0,02;;14.693
08/09/26;MERLIN;CALL;Mar-27;14,50;13.13;22,91;0,30;;5
08/09/26;MERLIN;CALL;Mar-27;16,00;13.13;22,34;0,13;;3
08/09/26;MERLIN;CALL;Jun-27;13,50;13.13;23,09;0,48;;1
08/09/26;MERLIN;PUT;Sep-26;10,00;13.13;28,22;;;1
08/09/26;MERLIN;PUT;Sep-26;12,00;13.13;24,51;-0,01;;2
08/09/26;MERLIN;PUT;Sep-26;12,50;13.13;23,59;-0,10;;1
08/09/26;MERLIN;PUT;Sep-26;13,00;13.13;22,66;-0,38;;3
08/09/26;MERLIN;PUT;Sep-26;14,00;13.13;21,98;-0,97;;11
08/09/26;MERLIN;PUT;Sep-26;14,50;13.13;21,72;-1,00;;1
08/09/26;MERLIN;PUT;Sep-26;15,00;13.13;21,47;-1,00;;35
08/09/26;MERLIN;PUT;Oct-26;13,00;13.13;23,21;-0,42;;1
08/09/26;MERLIN;PUT;Oct-26;13,50;13.13;22,78;-0,63;;24
08/09/26;MERLIN;PUT;Oct-26;14,00;13.13;22,53;-0,80;;31
08/09/26;MERLIN;PUT;Oct-26;14,50;13.13;22,27;-0,92;;200
08/09/26;MERLIN;PUT;Oct-26;19,50;13.13;19,74;-1,00;;1
08/09/26;MERLIN;PUT;Nov-26;14,50;13.13;22,54;-0,83;;40
08/09/26;MERLIN;PUT;Dic-26;11,00;13.13;26,95;-0,10;;300
08/09/26;MERLIN;PUT;Dic-26;12,00;13.13;25,17;-0,25;;1
08/09/26;MERLIN;PUT;Dic-26;13,00;13.13;23,39;-0,47;;2
08/09/26;MERLIN;PUT;Dic-26;13,50;13.13;22,99;-0,60;;4
08/09/26;MERLIN;PUT;Dic-26;14,00;13.13;22,76;-0,71;;35
08/09/26;MERLIN;PUT;Mar-27;12,00;13.13;24,41;-0,28;;3
08/09/26;MERLIN;PUT;Mar-27;13,50;13.13;22,52;-0,55;;16
08/09/26;MERLIN;PUT;Jun-27;14,50;13.13;21,20;-0,70;;3
08/09/26;MERLIN;PUT;Jun-27;15,00;13.13;21,03;-0,76;;10
08/09/26;MERLIN;PUT;Dic-27;12,50;13.13;22,06;-0,40;;5.000
08/09/26;NATURGY;CALL;Sep-26;28,00;29.4;18,20;0,95;;1
08/09/26;NATURGY;CALL;Sep-26;29,00;29.4;17,16;0,70;;98
08/09/26;NATURGY;CALL;Sep-26;29,50;29.4;16,68;0,47;;3
08/09/26;NATURGY;CALL;Sep-26;30,00;29.4;16,39;0,24;;154
08/09/26;NATURGY;CALL;Sep-26;31,00;29.4;15,80;0,02;;145
08/09/26;NATURGY;CALL;Oct-26;30,00;29.4;17,50;0,39;1;1
08/09/26;NATURGY;CALL;Dic-26;27,00;29.4;21,00;0,84;;11
08/09/26;NATURGY;CALL;Dic-26;28,00;29.4;20,07;0,73;;24
08/09/26;NATURGY;CALL;Dic-26;29,00;29.4;19,14;0,58;;495
08/09/26;NATURGY;CALL;Dic-26;30,00;29.4;18,44;0,43;;298
08/09/26;NATURGY;CALL;Dic-26;31,00;29.4;17,88;0,28;;113
08/09/26;NATURGY;CALL;Dic-26;32,00;29.4;17,33;0,16;;7
08/09/26;NATURGY;CALL;Dic-26;35,00;29.4;15,66;0,01;;1
08/09/26;NATURGY;CALL;Mar-27;25,00;29.4;23,11;0,89;;2
08/09/26;NATURGY;CALL;Mar-27;26,00;29.4;22,38;0,82;;90
08/09/26;NATURGY;CALL;Mar-27;27,00;29.4;21,64;0,74;;2
08/09/26;NATURGY;CALL;Mar-27;28,00;29.4;20,90;0,65;;11
08/09/26;NATURGY;CALL;Mar-27;29,00;29.4;20,16;0,55;;200
08/09/26;NATURGY;CALL;Mar-27;30,00;29.4;19,62;0,45;;300
08/09/26;NATURGY;CALL;Mar-27;32,00;29.4;18,78;0,27;;1
08/09/26;NATURGY;CALL;Mar-27;33,00;29.4;18,36;0,20;;2
08/09/26;NATURGY;CALL;Jun-27;25,00;29.4;23,56;0,85;;385
08/09/26;NATURGY;CALL;Jun-27;26,00;29.4;22,92;0,78;;2
08/09/26;NATURGY;CALL;Jun-27;27,00;29.4;22,27;0,71;;2
08/09/26;NATURGY;CALL;Jun-27;32,00;29.4;19,72;0,31;;401
08/09/26;NATURGY;CALL;Jun-27;33,00;29.4;19,33;0,25;;2
08/09/26;NATURGY;CALL;Jun-27;35,00;29.4;18,56;0,14;;1
08/09/26;NATURGY;CALL;Dic-27;30,00;29.4;21,47;0,48;;1
08/09/26;NATURGY;PUT;Sep-26;18,00;29.4;28,34;;;10
08/09/26;NATURGY;PUT;Sep-26;19,00;29.4;27,30;;;25
08/09/26;NATURGY;PUT;Sep-26;19,50;29.4;26,78;;;25
08/09/26;NATURGY;PUT;Sep-26;20,00;29.4;26,25;;;26
08/09/26;NATURGY;PUT;Sep-26;21,00;29.4;25,21;;;28
08/09/26;NATURGY;PUT;Sep-26;22,00;29.4;24,17;;;27
08/09/26;NATURGY;PUT;Sep-26;23,00;29.4;23,13;;;30
08/09/26;NATURGY;PUT;Sep-26;24,00;29.4;22,08;;;210
08/09/26;NATURGY;PUT;Sep-26;25,00;29.4;21,04;;;23
08/09/26;NATURGY;PUT;Sep-26;26,00;29.4;20,00;;;3
08/09/26;NATURGY;PUT;Sep-26;27,00;29.4;18,95;;;62
08/09/26;NATURGY;PUT;Sep-26;28,00;29.4;17,91;-0,05;;33
08/09/26;NATURGY;PUT;Sep-26;29,00;29.4;16,87;-0,30;1;162
08/09/26;NATURGY;PUT;Sep-26;30,00;29.4;16,10;-0,77;;13
08/09/26;NATURGY;PUT;Sep-26;31,00;29.4;15,51;-0,99;;3
08/09/26;NATURGY;PUT;Oct-26;24,00;29.4;21,84;;;2
08/09/26;NATURGY;PUT;Oct-26;28,00;29.4;17,71;-0,18;1;14
08/09/26;NATURGY;PUT;Oct-26;29,00;29.4;16,68;-0,38;;23
08/09/26;NATURGY;PUT;Nov-26;28,00;29.4;16,50;-0,32;;1
08/09/26;NATURGY;PUT;Dic-26;18,00;29.4;27,03;;;2
08/09/26;NATURGY;PUT;Dic-26;19,50;29.4;25,63;;;5
08/09/26;NATURGY;PUT;Dic-26;20,00;29.4;25,17;;;13
08/09/26;NATURGY;PUT;Dic-26;22,00;29.4;23,31;-0,01;;2
08/09/26;NATURGY;PUT;Dic-26;23,00;29.4;22,38;-0,02;;11
08/09/26;NATURGY;PUT;Dic-26;24,00;29.4;21,45;-0,04;;2.142
08/09/26;NATURGY;PUT;Dic-26;25,00;29.4;20,52;-0,08;;124
08/09/26;NATURGY;PUT;Dic-26;26,00;29.4;19,59;-0,14;;109
08/09/26;NATURGY;PUT;Dic-26;27,00;29.4;18,66;-0,22;;20
08/09/26;NATURGY;PUT;Dic-26;28,00;29.4;17,73;-0,34;;6
08/09/26;NATURGY;PUT;Dic-26;29,00;29.4;16,80;-0,49;;52
08/09/26;NATURGY;PUT;Dic-26;30,00;29.4;16,10;-0,65;;1
08/09/26;NATURGY;PUT;Dic-26;31,00;29.4;15,54;-0,80;;1
08/09/26;NATURGY;PUT;Dic-26;32,00;29.4;14,99;-0,90;;50
08/09/26;NATURGY;PUT;Mar-27;18,00;29.4;26,31;;;1
08/09/26;NATURGY;PUT;Mar-27;24,00;29.4;21,89;-0,10;;501
08/09/26;NATURGY;PUT;Mar-27;26,00;29.4;20,42;-0,20;;193
08/09/26;NATURGY;PUT;Mar-27;28,00;29.4;18,94;-0,36;;1
08/09/26;NATURGY;PUT;Jun-27;24,00;29.4;21,50;-0,15;;1
08/09/26;NATURGY;PUT;Jun-27;25,00;29.4;20,85;-0,20;;5
08/09/26;NATURGY;PUT;Jun-27;26,00;29.4;20,21;-0,26;;1
08/09/26;NATURGY;PUT;Jun-27;27,00;29.4;19,56;-0,33;;2
08/09/26;NATURGY;PUT;Jun-27;28,00;29.4;18,91;-0,41;;12
08/09/26;NATURGY;PUT;Jun-27;32,00;29.4;17,01;-0,75;;1
08/09/26;NATURGY;PUT;Sep-27;26,00;29.4;20,14;-0,30;;95
08/09/26;NATURGY;PUT;Dic-27;26,00;29.4;20,09;-0,34;;97
08/09/26;NATURGY;PUT;Jun-28;26,00;29.4;19,76;-0,36;;95
08/09/26;NATURGY;PUT;Dic-26;28,00;29.4;17,73;-0,33;;2
08/09/26;OBRASCON HUARTE;CALL;Sep-26;0,40;0.37;43,30;0,15;;120
08/09/26;OBRASCON HUARTE;CALL;Sep-26;0,50;0.37;43,30;;;200
08/09/26;OBRASCON HUARTE;CALL;Dic-26;0,50;0.37;42,73;0,12;;1
08/09/26;OBRASCON HUARTE;CALL;Mar-27;0,40;0.37;44,46;0,49;;300
08/09/26;OBRASCON HUARTE;CALL;Jun-27;0,35;0.37;45,14;0,65;;1.000
08/09/26;OBRASCON HUARTE;CALL;Mar-28;0,50;0.37;43,78;0,42;;10
08/09/26;OBRASCON HUARTE;CALL;Mar-28;0,60;0.37;43,78;0,29;;50
08/09/26;OBRASCON HUARTE;CALL;Jun-28;0,35;0.37;43,68;0,68;;900
08/09/26;PHARMA MAR;CALL;Sep-26;78,00;80.0;38,21;0,67;;1
08/09/26;PHARMA MAR;CALL;Sep-26;84,00;80.0;35,54;0,22;;5
08/09/26;PHARMA MAR;CALL;Sep-26;86,00;80.0;34,94;0,11;;2
08/09/26;PHARMA MAR;CALL;Sep-26;92,00;80.0;33,11;0,01;;4
08/09/26;PHARMA MAR;CALL;Sep-26;130,00;80.0;21,55;;;2
08/09/26;PHARMA MAR;CALL;Sep-26;135,00;80.0;20,03;;;4
08/09/26;PHARMA MAR;CALL;Sep-26;140,00;80.0;18,51;;;2
08/09/26;PHARMA MAR;CALL;Sep-26;150,00;80.0;15,47;;;4
08/09/26;PHARMA MAR;CALL;Dic-26;76,00;80.0;42,12;0,65;;1
08/09/26;PHARMA MAR;CALL;Dic-26;110,00;80.0;37,50;0,07;;1
08/09/26;PHARMA MAR;CALL;Mar-27;88,00;80.0;38,55;0,44;;1
08/09/26;PHARMA MAR;CALL;Mar-27;105,00;80.0;37,56;0,21;;5
08/09/26;PHARMA MAR;CALL;Jun-27;120,00;80.0;37,79;0,16;;6
08/09/26;PHARMA MAR;PUT;Sep-26;33,00;80.0;72,93;;;10
08/09/26;PHARMA MAR;PUT;Sep-26;36,00;80.0;70,75;;;5
08/09/26;PHARMA MAR;PUT;Sep-26;45,00;80.0;64,23;;;20
08/09/26;PHARMA MAR;PUT;Sep-26;46,00;80.0;63,50;;;9
08/09/26;PHARMA MAR;PUT;Sep-26;47,00;80.0;62,78;;;12
08/09/26;PHARMA MAR;PUT;Sep-26;60,00;80.0;53,35;;;6
08/09/26;PHARMA MAR;PUT;Sep-26;62,00;80.0;51,90;;;5
08/09/26;PHARMA MAR;PUT;Sep-26;66,00;80.0;49,00;-0,01;;3
08/09/26;PHARMA MAR;PUT;Sep-26;70,00;80.0;46,10;-0,04;;1
08/09/26;PHARMA MAR;PUT;Sep-26;82,00;80.0;38,24;-0,64;;6
08/09/26;PHARMA MAR;PUT;Sep-26;92,00;80.0;35,20;-1,00;;1
08/09/26;PHARMA MAR;PUT;Dic-26;29,00;80.0;74,31;;;5
08/09/26;PHARMA MAR;PUT;Dic-26;46,00;80.0;62,63;-0,03;;2
08/09/26;PHARMA MAR;PUT;Dic-26;48,00;80.0;61,25;-0,04;;1
08/09/26;PHARMA MAR;PUT;Dic-26;50,00;80.0;59,88;-0,05;;1
08/09/26;PHARMA MAR;PUT;Dic-26;60,00;80.0;53,00;-0,12;;2
08/09/26;PHARMA MAR;PUT;Dic-26;62,00;80.0;51,63;-0,14;;1
08/09/26;PHARMA MAR;PUT;Dic-26;70,00;80.0;46,13;-0,24;;1
08/09/26;PHARMA MAR;PUT;Dic-26;76,00;80.0;42,00;-0,36;;15
08/09/26;PHARMA MAR;PUT;Dic-26;78,00;80.0;40,63;-0,40;;10
08/09/26;PHARMA MAR;PUT;Mar-27;41,00;80.0;59,51;-0,04;;8
08/09/26;PHARMA MAR;PUT;Mar-27;43,00;80.0;58,50;-0,04;;3
08/09/26;PHARMA MAR;PUT;Mar-27;52,00;80.0;53,97;-0,09;;1
08/09/26;PHARMA MAR;PUT;Mar-27;60,00;80.0;49,93;-0,16;;1
08/09/26;PHARMA MAR;PUT;Mar-27;78,00;80.0;40,86;-0,40;;1
08/09/26;PHARMA MAR;PUT;Mar-27;80,00;80.0;39,85;-0,43;;2
08/09/26;PHARMA MAR;PUT;Mar-27;105,00;80.0;38,39;-0,81;;1
08/09/26;PHARMA MAR;PUT;Jun-27;39,00;80.0;56,17;-0,04;;3
08/09/26;PHARMA MAR;PUT;Jun-27;42,00;80.0;55,06;-0,05;;1
08/09/26;PHARMA MAR;PUT;Jun-27;44,00;80.0;54,32;-0,06;;3
08/09/26;PHARMA MAR;PUT;Jun-27;48,00;80.0;52,84;-0,09;;1
08/09/26;PHARMA MAR;PUT;Jun-27;60,00;80.0;48,39;-0,18;;1
08/09/26;PHARMA MAR;PUT;Jun-27;66,00;80.0;46,16;-0,24;;1
08/09/26;PHARMA MAR;PUT;Jun-27;70,00;80.0;44,68;-0,28;;2
08/09/26;PHARMA MAR;PUT;Jun-27;120,00;80.0;38,97;-0,87;;1
08/09/26;PUIG;CALL;Sep-26;11,00;18.15;37,56;1,00;;1
08/09/26;PUIG;CALL;Sep-26;14,50;18.15;34,79;1,00;1;2
08/09/26;PUIG;CALL;Sep-26;16,00;18.15;33,61;0,99;;9
08/09/26;PUIG;CALL;Sep-26;16,50;18.15;33,21;0,96;;1
08/09/26;PUIG;CALL;Sep-26;17,00;18.15;32,82;0,89;;28
08/09/26;PUIG;CALL;Sep-26;17,50;18.15;32,42;0,76;;8.911
08/09/26;PUIG;CALL;Sep-26;18,00;18.15;32,03;0,58;;21
08/09/26;PUIG;CALL;Sep-26;18,50;18.15;31,45;0,37;2;17
08/09/26;PUIG;CALL;Sep-26;19,00;18.15;30,79;0,20;;8
08/09/26;PUIG;CALL;Sep-26;19,50;18.15;30,12;0,08;;2
08/09/26;PUIG;CALL;Sep-26;20,00;18.15;29,46;0,02;;14
08/09/26;PUIG;CALL;Sep-26;21,00;18.15;28,14;;;8.553
08/09/26;PUIG;CALL;Oct-26;17,00;18.15;29,00;0,78;;5
08/09/26;PUIG;CALL;Oct-26;18,50;18.15;27,81;0,44;;6
08/09/26;PUIG;CALL;Oct-26;19,00;18.15;27,27;0,33;;5
08/09/26;PUIG;CALL;Dic-26;15,00;18.15;33,00;0,89;;3
08/09/26;PUIG;CALL;Dic-26;16,50;18.15;31,92;0,76;;2
08/09/26;PUIG;CALL;Dic-26;17,00;18.15;31,56;0,70;;10
08/09/26;PUIG;CALL;Dic-26;18,00;18.15;30,85;0,57;;39
08/09/26;PUIG;CALL;Dic-26;18,50;18.15;30,62;0,50;;6
08/09/26;PUIG;CALL;Dic-26;19,00;18.15;30,46;0,44;;1
08/09/26;PUIG;CALL;Dic-26;19,50;18.15;30,29;0,37;;20
08/09/26;PUIG;CALL;Dic-26;21,00;18.15;29,80;0,21;2;6
08/09/26;PUIG;CALL;Dic-26;22,00;18.15;29,47;0,13;;1
08/09/26;PUIG;CALL;Dic-26;23,00;18.15;29,14;0,08;;2
08/09/26;PUIG;CALL;Jun-27;11,00;18.15;33,94;0,98;;5
08/09/26;PUIG;CALL;Jun-27;15,50;18.15;31,54;0,79;;4
08/09/26;PUIG;CALL;Jun-27;16,00;18.15;31,28;0,75;;1
08/09/26;PUIG;CALL;Jun-27;16,50;18.15;31,01;0,72;;2
08/09/26;PUIG;CALL;Jun-27;17,50;18.15;30,48;0,64;;1
08/09/26;PUIG;PUT;Sep-26;12,00;18.15;38,82;;;5
08/09/26;PUIG;PUT;Sep-26;12,50;18.15;38,42;;;149
08/09/26;PUIG;PUT;Sep-26;13,00;18.15;38,03;;;22
08/09/26;PUIG;PUT;Sep-26;13,50;18.15;37,63;;;18
08/09/26;PUIG;PUT;Sep-26;14,00;18.15;37,24;;;42
08/09/26;PUIG;PUT;Sep-26;14,50;18.15;36,84;;;1
08/09/26;PUIG;PUT;Sep-26;15,00;18.15;36,45;;;8.347
08/09/26;PUIG;PUT;Sep-26;15,50;18.15;36,05;;;6
08/09/26;PUIG;PUT;Sep-26;16,00;18.15;35,66;-0,01;10;227
08/09/26;PUIG;PUT;Sep-26;16,50;18.15;35,26;-0,05;;26
08/09/26;PUIG;PUT;Sep-26;17,00;18.15;34,87;-0,12;;8
08/09/26;PUIG;PUT;Sep-26;17,50;18.15;34,47;-0,25;;29
08/09/26;PUIG;PUT;Sep-26;18,00;18.15;34,08;-0,43;;1
08/09/26;PUIG;PUT;Sep-26;18,50;18.15;33,50;-0,62;;10
08/09/26;PUIG;PUT;Oct-26;16,00;18.15;30,04;-0,09;;1
08/09/26;PUIG;PUT;Oct-26;16,50;18.15;29,68;-0,14;;3
08/09/26;PUIG;PUT;Oct-26;17,00;18.15;29,32;-0,22;;15
08/09/26;PUIG;PUT;Nov-26;16,50;18.15;32,07;-0,22;5;5
08/09/26;PUIG;PUT;Dic-26;11,00;18.15;35,36;;;2
08/09/26;PUIG;PUT;Dic-26;12,00;18.15;34,64;-0,01;;500
08/09/26;PUIG;PUT;Dic-26;12,50;18.15;34,29;-0,01;;5
08/09/26;PUIG;PUT;Dic-26;13,00;18.15;33,93;-0,02;;3
08/09/26;PUIG;PUT;Dic-26;13,50;18.15;33,57;-0,04;;4
08/09/26;PUIG;PUT;Dic-26;14,00;18.15;33,21;-0,05;;47
08/09/26;PUIG;PUT;Dic-26;14,50;18.15;32,85;-0,08;;2.467
08/09/26;PUIG;PUT;Dic-26;15,00;18.15;32,50;-0,11;;26
08/09/26;PUIG;PUT;Dic-26;15,50;18.15;32,14;-0,15;;30
08/09/26;PUIG;PUT;Dic-26;16,00;18.15;31,78;-0,19;;22
08/09/26;PUIG;PUT;Dic-26;16,50;18.15;31,42;-0,24;;6
08/09/26;PUIG;PUT;Dic-26;17,00;18.15;31,06;-0,30;;11
08/09/26;PUIG;PUT;Dic-26;17,50;18.15;30,71;-0,37;;10
08/09/26;PUIG;PUT;Dic-26;18,00;18.15;30,35;-0,44;;5
08/09/26;PUIG;PUT;Dic-26;21,00;18.15;29,30;-0,81;;6
08/09/26;PUIG;PUT;Mar-27;12,00;18.15;35,50;-0,04;;1
08/09/26;PUIG;PUT;Mar-27;13,00;18.15;34,83;-0,07;;1
08/09/26;PUIG;PUT;Mar-27;13,50;18.15;34,50;-0,09;;5
08/09/26;PUIG;PUT;Mar-27;14,00;18.15;34,17;-0,11;;2
08/09/26;PUIG;PUT;Mar-27;15,00;18.15;33,51;-0,17;;10
08/09/26;PUIG;PUT;Mar-27;15,50;18.15;33,18;-0,21;;7
08/09/26;PUIG;PUT;Mar-27;16,00;18.15;32,85;-0,24;;85
08/09/26;PUIG;PUT;Mar-27;16,50;18.15;32,52;-0,29;;274
08/09/26;PUIG;PUT;Mar-27;17,00;18.15;32,19;-0,33;;10
08/09/26;PUIG;PUT;Jun-27;14,00;18.15;31,32;-0,14;;4
08/09/26;PUIG;PUT;Jun-27;15,00;18.15;30,79;-0,21;;5
08/09/26;PUIG;PUT;Jun-27;16,00;18.15;30,26;-0,28;;411
08/09/26;PUIG;PUT;Jun-27;16,50;18.15;29,99;-0,32;;2
08/09/26;PUIG;PUT;Jun-27;17,50;18.15;29,46;-0,40;;1
08/09/26;PUIG;PUT;Jun-27;21,00;18.15;29,01;-0,68;;20
08/09/26;PUIG;PUT;Sep-27;11,00;18.15;30,59;-0,04;;19
08/09/26;PUIG;PUT;Dic-27;15,00;18.15;27,85;-0,22;;4
08/09/26;PUIG;PUT;Dic-27;15,50;18.15;27,69;-0,25;;162
08/09/26;PUIG;PUT;Dic-27;16,00;18.15;27,52;-0,28;;156
08/09/26;PUIG;PUT;Dic-27;16,50;18.15;27,36;-0,32;;151
08/09/26;PUIG;PUT;Mar-28;17,50;18.15;26,38;-0,39;;143
08/09/26;REDEIA;CALL;Sep-26;14,00;14.9;18,23;0,98;;1
08/09/26;REDEIA;CALL;Sep-26;15,00;14.9;16,61;0,42;;11
08/09/26;REDEIA;CALL;Sep-26;15,50;14.9;15,95;0,07;;14
08/09/26;REDEIA;CALL;Sep-26;16,00;14.9;15,29;;;10
08/09/26;REDEIA;CALL;Sep-26;16,50;14.9;14,63;;;4
08/09/26;REDEIA;CALL;Sep-26;17,00;14.9;13,97;;;35
08/09/26;REDEIA;CALL;Sep-26;17,50;14.9;13,31;;;1
08/09/26;REDEIA;CALL;Sep-26;18,50;14.9;11,99;;;1
08/09/26;REDEIA;CALL;Nov-26;15,50;14.9;16,87;0,34;;1
08/09/26;REDEIA;CALL;Dic-26;14,00;14.9;18,84;0,77;;35
08/09/26;REDEIA;CALL;Dic-26;15,00;14.9;17,50;0,52;;26
08/09/26;REDEIA;CALL;Dic-26;15,50;14.9;16,94;0,38;;21
08/09/26;REDEIA;CALL;Dic-26;16,00;14.9;16,38;0,24;;265
08/09/26;REDEIA;CALL;Dic-26;16,50;14.9;15,82;0,14;;43
08/09/26;REDEIA;CALL;Dic-26;17,00;14.9;15,26;0,06;;25
08/09/26;REDEIA;CALL;Dic-26;17,50;14.9;14,70;0,03;;26
08/09/26;REDEIA;CALL;Dic-26;18,00;14.9;14,14;0,01;;2
08/09/26;REDEIA;CALL;Mar-27;13,50;14.9;19,90;0,80;;1
08/09/26;REDEIA;CALL;Mar-27;14,00;14.9;19,39;0,72;10;20
08/09/26;REDEIA;CALL;Mar-27;15,50;14.9;17,86;0,42;;138
08/09/26;REDEIA;CALL;Mar-27;16,00;14.9;17,35;0,31;;206
08/09/26;REDEIA;CALL;Mar-27;16,50;14.9;16,85;0,22;;27
08/09/26;REDEIA;CALL;Mar-27;17,00;14.9;16,35;0,15;;6
08/09/26;REDEIA;CALL;Mar-27;17,50;14.9;15,84;0,09;;137
08/09/26;REDEIA;CALL;Jun-27;14,00;14.9;19,88;0,69;;9
08/09/26;REDEIA;CALL;Jun-27;15,50;14.9;18,56;0,45;;10
08/09/26;REDEIA;CALL;Jun-27;16,00;14.9;18,08;0,37;;1
08/09/26;REDEIA;CALL;Jun-27;16,50;14.9;17,60;0,30;2;2
08/09/26;REDEIA;CALL;Jun-27;17,00;14.9;17,12;0,23;;6
08/09/26;REDEIA;CALL;Jun-27;18,00;14.9;16,16;0,11;;1
08/09/26;REDEIA;CALL;Sep-27;15,50;14.9;18,62;0,46;;2
08/09/26;REDEIA;CALL;Dic-27;14,50;14.9;19,47;0,60;;278
08/09/26;REDEIA;CALL;Dic-27;18,00;14.9;16,11;0,15;;6
08/09/26;REDEIA;PUT;Sep-26;12,50;14.9;20,68;;;11
08/09/26;REDEIA;PUT;Sep-26;13,00;14.9;19,86;;;9
08/09/26;REDEIA;PUT;Sep-26;13,50;14.9;19,03;;;59
08/09/26;REDEIA;PUT;Sep-26;14,00;14.9;18,20;-0,02;1;29
08/09/26;REDEIA;PUT;Sep-26;14,50;14.9;17,37;-0,16;;12
08/09/26;REDEIA;PUT;Sep-26;15,00;14.9;16,58;-0,59;2;49
08/09/26;REDEIA;PUT;Sep-26;15,50;14.9;15,92;-0,94;;13
08/09/26;REDEIA;PUT;Sep-26;16,00;14.9;15,26;-1,00;;1
08/09/26;REDEIA;PUT;Sep-26;16,50;14.9;14,60;-1,00;;1
08/09/26;REDEIA;PUT;Oct-26;14,50;14.9;16,74;-0,29;;17
08/09/26;REDEIA;PUT;Oct-26;15,00;14.9;15,99;-0,53;;57
08/09/26;REDEIA;PUT;Oct-26;15,50;14.9;15,34;-0,78;;4
08/09/26;REDEIA;PUT;Oct-26;16,00;14.9;14,69;-0,95;;3
08/09/26;REDEIA;PUT;Nov-26;14,00;14.9;17,75;-0,19;;17
08/09/26;REDEIA;PUT;Nov-26;14,50;14.9;16,99;-0,33;;1
08/09/26;REDEIA;PUT;Nov-26;15,00;14.9;16,25;-0,50;4;4
08/09/26;REDEIA;PUT;Dic-26;11,50;14.9;21,52;-0,01;;20
08/09/26;REDEIA;PUT;Dic-26;12,00;14.9;20,84;-0,02;;10
08/09/26;REDEIA;PUT;Dic-26;12,50;14.9;20,16;-0,04;;15
08/09/26;REDEIA;PUT;Dic-26;13,00;14.9;19,47;-0,08;;13
08/09/26;REDEIA;PUT;Dic-26;13,50;14.9;18,79;-0,14;1;93
08/09/26;REDEIA;PUT;Dic-26;14,00;14.9;18,11;-0,22;;122
08/09/26;REDEIA;PUT;Dic-26;14,50;14.9;17,43;-0,34;;183
08/09/26;REDEIA;PUT;Dic-26;15,00;14.9;16,77;-0,49;;81
08/09/26;REDEIA;PUT;Dic-26;15,50;14.9;16,21;-0,65;;4
08/09/26;REDEIA;PUT;Dic-26;16,00;14.9;15,65;-0,80;;8
08/09/26;REDEIA;PUT;Mar-27;11,50;14.9;20,30;-0,03;;1
08/09/26;REDEIA;PUT;Mar-27;12,00;14.9;19,78;-0,06;;8
08/09/26;REDEIA;PUT;Mar-27;12,50;14.9;19,27;-0,09;;8
08/09/26;REDEIA;PUT;Mar-27;13,00;14.9;18,76;-0,15;;101
08/09/26;REDEIA;PUT;Mar-27;13,50;14.9;18,24;-0,21;;23
08/09/26;REDEIA;PUT;Mar-27;14,00;14.9;17,73;-0,30;;162
08/09/26;REDEIA;PUT;Mar-27;14,50;14.9;17,21;-0,40;;6
08/09/26;REDEIA;PUT;Mar-27;15,00;14.9;16,70;-0,51;;6
08/09/26;REDEIA;PUT;Mar-27;15,50;14.9;16,20;-0,63;;3
08/09/26;REDEIA;PUT;Mar-27;16,00;14.9;15,69;-0,74;;3
08/09/26;REDEIA;PUT;Mar-27;17,00;14.9;14,69;-0,90;;2
08/09/26;REDEIA;PUT;Jun-27;12,50;14.9;19,22;-0,13;;4
08/09/26;REDEIA;PUT;Jun-27;13,50;14.9;18,39;-0,24;;2
08/09/26;REDEIA;PUT;Jun-27;14,00;14.9;17,97;-0,32;3;7
08/09/26;REDEIA;PUT;Jun-27;14,50;14.9;17,56;-0,40;;53
08/09/26;REDEIA;PUT;Jun-27;15,00;14.9;17,13;-0,49;;5
08/09/26;REDEIA;PUT;Jun-27;15,50;14.9;16,65;-0,59;;19
08/09/26;REDEIA;PUT;Jun-27;16,00;14.9;16,17;-0,69;;1
08/09/26;REDEIA;PUT;Sep-27;12,50;14.9;18,40;-0,19;;5
08/09/26;REDEIA;PUT;Dic-27;14,00;14.9;17,04;-0,40;;20
08/09/26;REDEIA;PUT;Dic-27;15,00;14.9;16,40;-0,55;;11
08/09/26;REDEIA;PUT;Dic-27;19,00;14.9;12,37;-0,98;;6
08/09/26;REDEIA;PUT;Dic-28;13,00;14.9;17,21;-0,34;;1
08/09/26;REDEIA;PUT;Sep-26;14,00;14.9;18,20;-0,02;;1
08/09/26;REDEIA;PUT;Sep-26;14,50;14.9;17,37;-0,16;;6
08/09/26;REDEIA;PUT;Sep-26;15,00;14.9;16,58;-0,58;;1
08/09/26;REDEIA;PUT;Dic-26;13,50;14.9;18,79;-0,13;;4
08/09/26;REDEIA;PUT;Dic-26;15,00;14.9;16,77;-0,48;;6
08/09/26;REDEIA;PUT;Mar-27;14,00;14.9;17,73;-0,29;;2
08/09/26;REDEIA;PUT;Mar-27;14,50;14.9;17,21;-0,39;5;5
08/09/26;REDEIA;PUT;Jun-27;14,50;14.9;17,56;-0,38;;5
08/09/26;REPSOL;CALL;Sep-26;16,50;28.33;43,82;1,00;;4
08/09/26;REPSOL;CALL;Sep-26;18,00;28.33;42,51;1,00;;1
08/09/26;REPSOL;CALL;Sep-26;20,00;28.33;40,77;1,00;;17
08/09/26;REPSOL;CALL;Sep-26;20,50;28.33;40,34;1,00;;1
08/09/26;REPSOL;CALL;Sep-26;21,00;28.33;39,90;1,00;;161
08/09/26;REPSOL;CALL;Sep-26;22,00;28.33;39,03;1,00;;11.898
08/09/26;REPSOL;CALL;Sep-26;23,00;28.33;38,16;1,00;;182
08/09/26;REPSOL;CALL;Sep-26;24,00;28.33;37,29;1,00;;137
08/09/26;REPSOL;CALL;Sep-26;25,00;28.33;36,42;0,98;;523
08/09/26;REPSOL;CALL;Sep-26;26,00;28.33;35,55;0,93;;188
08/09/26;REPSOL;CALL;Sep-26;27,00;28.33;34,68;0,81;;197
08/09/26;REPSOL;CALL;Sep-26;28,00;28.33;33,81;0,60;;279
08/09/26;REPSOL;CALL;Sep-26;29,00;28.33;33,17;0,35;;19
08/09/26;REPSOL;CALL;Sep-26;30,00;28.33;32,66;0,15;50;176
08/09/26;REPSOL;CALL;Sep-26;31,00;28.33;32,14;0,05;;101
08/09/26;REPSOL;CALL;Oct-26;27,00;28.33;33,29;0,70;;16
08/09/26;REPSOL;CALL;Oct-26;28,00;28.33;32,58;0,57;;15
08/09/26;REPSOL;CALL;Oct-26;29,00;28.33;32,28;0,44;;5.002
08/09/26;REPSOL;CALL;Oct-26;30,00;28.33;32,18;0,32;;40
08/09/26;REPSOL;CALL;Oct-26;31,00;28.33;32,09;0,21;;3
08/09/26;REPSOL;CALL;Oct-26;32,00;28.33;31,99;0,14;;10
08/09/26;REPSOL;CALL;Oct-26;34,00;28.33;31,81;0,04;;43
08/09/26;REPSOL;CALL;Nov-26;28,00;28.33;34,19;0,57;;5
08/09/26;REPSOL;CALL;Nov-26;32,00;28.33;31,93;0,23;;5
08/09/26;REPSOL;CALL;Dic-26;12,00;28.33;42,85;1,00;;2
08/09/26;REPSOL;CALL;Dic-26;13,00;28.33;42,23;1,00;;10
08/09/26;REPSOL;CALL;Dic-26;15,00;28.33;40,98;1,00;;150
08/09/26;REPSOL;CALL;Dic-26;15,50;28.33;40,67;1,00;;160
08/09/26;REPSOL;CALL;Dic-26;16,00;28.33;40,36;1,00;;150
08/09/26;REPSOL;CALL;Dic-26;16,50;28.33;40,05;1,00;;150
08/09/26;REPSOL;CALL;Dic-26;17,00;28.33;39,74;1,00;;75
08/09/26;REPSOL;CALL;Dic-26;17,50;28.33;39,42;0,99;;48
08/09/26;REPSOL;CALL;Dic-26;18,00;28.33;39,11;0,99;;107
08/09/26;REPSOL;CALL;Dic-26;18,50;28.33;38,80;0,99;;354
08/09/26;REPSOL;CALL;Dic-26;19,00;28.33;38,49;0,98;;15
08/09/26;REPSOL;CALL;Dic-26;19,50;28.33;38,18;0,98;;101
08/09/26;REPSOL;CALL;Dic-26;20,00;28.33;37,86;0,97;;54
08/09/26;REPSOL;CALL;Dic-26;21,00;28.33;37,24;0,95;;7
08/09/26;REPSOL;CALL;Dic-26;22,00;28.33;36,62;0,92;;4.090
08/09/26;REPSOL;CALL;Dic-26;23,00;28.33;35,99;0,89;;12
08/09/26;REPSOL;CALL;Dic-26;24,00;28.33;35,37;0,85;;11.627
08/09/26;REPSOL;CALL;Dic-26;25,00;28.33;34,75;0,79;;78
08/09/26;REPSOL;CALL;Dic-26;26,00;28.33;34,12;0,73;;1.189
08/09/26;REPSOL;CALL;Dic-26;27,00;28.33;33,50;0,66;;13
08/09/26;REPSOL;CALL;Dic-26;28,00;28.33;32,88;0,58;;325
08/09/26;REPSOL;CALL;Dic-26;29,00;28.33;32,38;0,50;;37
08/09/26;REPSOL;CALL;Dic-26;30,00;28.33;31,94;0,42;;63
08/09/26;REPSOL;CALL;Dic-26;31,00;28.33;31,51;0,34;15;31
08/09/26;REPSOL;CALL;Dic-26;32,00;28.33;31,07;0,27;;14
08/09/26;REPSOL;CALL;Mar-27;14,50;28.33;41,62;1,00;;5
08/09/26;REPSOL;CALL;Mar-27;16,00;28.33;40,51;0,99;;15
08/09/26;REPSOL;CALL;Mar-27;16,50;28.33;40,14;0,99;;25
08/09/26;REPSOL;CALL;Mar-27;17,00;28.33;39,77;0,99;;2
08/09/26;REPSOL;CALL;Mar-27;17,50;28.33;39,40;0,98;;32
08/09/26;REPSOL;CALL;Mar-27;18,00;28.33;39,03;0,98;;55
08/09/26;REPSOL;CALL;Mar-27;18,50;28.33;38,66;0,97;;16
08/09/26;REPSOL;CALL;Mar-27;19,00;28.33;38,29;0,96;;35
08/09/26;REPSOL;CALL;Mar-27;19,50;28.33;37,92;0,95;;10
08/09/26;REPSOL;CALL;Mar-27;20,00;28.33;37,54;0,94;;20
08/09/26;REPSOL;CALL;Mar-27;22,00;28.33;36,06;0,89;;27
08/09/26;REPSOL;CALL;Mar-27;23,00;28.33;35,32;0,85;;4.000
08/09/26;REPSOL;CALL;Mar-27;24,00;28.33;34,58;0,81;;331
08/09/26;REPSOL;CALL;Mar-27;25,00;28.33;33,84;0,75;;175
08/09/26;REPSOL;CALL;Mar-27;26,00;28.33;33,10;0,70;;6
08/09/26;REPSOL;CALL;Mar-27;27,00;28.33;32,36;0,64;;20
08/09/26;REPSOL;CALL;Mar-27;28,00;28.33;31,61;0,57;;11
08/09/26;REPSOL;CALL;Mar-27;29,00;28.33;31,24;0,51;;2.015
08/09/26;REPSOL;CALL;Mar-27;30,00;28.33;31,06;0,45;;2
08/09/26;REPSOL;CALL;Mar-27;31,00;28.33;30,87;0,39;;2
08/09/26;REPSOL;CALL;Mar-27;32,00;28.33;30,68;0,33;;180
08/09/26;REPSOL;CALL;Jun-27;11,00;28.33;41,66;1,00;;1
08/09/26;REPSOL;CALL;Jun-27;15,00;28.33;39,08;0,99;;75
08/09/26;REPSOL;CALL;Jun-27;15,50;28.33;38,75;0,99;;50
08/09/26;REPSOL;CALL;Jun-27;16,50;28.33;38,11;0,98;;23
08/09/26;REPSOL;CALL;Jun-27;17,00;28.33;37,78;0,97;;1.019
08/09/26;REPSOL;CALL;Jun-27;17,50;28.33;37,46;0,97;;27
08/09/26;REPSOL;CALL;Jun-27;19,00;28.33;36,49;0,94;;1
08/09/26;REPSOL;CALL;Jun-27;19,50;28.33;36,16;0,93;;1
08/09/26;REPSOL;CALL;Jun-27;23,00;28.33;33,90;0,81;;16
08/09/26;REPSOL;CALL;Jun-27;26,00;28.33;31,96;0,68;;8
08/09/26;REPSOL;CALL;Jun-27;27,00;28.33;31,31;0,63;;3
08/09/26;REPSOL;CALL;Jun-27;28,00;28.33;30,66;0,58;;100
08/09/26;REPSOL;CALL;Jun-27;30,00;28.33;30,19;0,47;;32
08/09/26;REPSOL;CALL;Sep-27;15,50;28.33;39,22;0,98;;1
08/09/26;REPSOL;CALL;Sep-27;18,00;28.33;37,55;0,95;;3.000
08/09/26;REPSOL;CALL;Sep-27;18,50;28.33;37,21;0,94;;3.000
08/09/26;REPSOL;CALL;Sep-27;20,00;28.33;36,21;0,90;;2.000
08/09/26;REPSOL;CALL;Sep-27;21,00;28.33;35,54;0,87;;6
08/09/26;REPSOL;CALL;Sep-27;22,00;28.33;34,87;0,84;;5
08/09/26;REPSOL;CALL;Sep-27;24,00;28.33;33,52;0,76;;17
08/09/26;REPSOL;CALL;Sep-27;27,00;28.33;31,51;0,63;;1
08/09/26;REPSOL;CALL;Dic-27;12,00;28.33;41,16;1,00;;2
08/09/26;REPSOL;CALL;Dic-27;14,00;28.33;39,82;0,99;;1.400
08/09/26;REPSOL;CALL;Dic-27;15,00;28.33;39,15;0,98;;149
08/09/26;REPSOL;CALL;Dic-27;15,50;28.33;38,81;0,98;;2
08/09/26;REPSOL;CALL;Dic-27;16,00;28.33;38,48;0,97;;3
08/09/26;REPSOL;CALL;Dic-27;16,50;28.33;38,14;0,96;;1.528
08/09/26;REPSOL;CALL;Dic-27;17,00;28.33;37,81;0,95;;24
08/09/26;REPSOL;CALL;Dic-27;17,50;28.33;37,47;0,94;;2
08/09/26;REPSOL;CALL;Dic-27;18,00;28.33;37,14;0,93;;3
08/09/26;REPSOL;CALL;Dic-27;19,50;28.33;36,13;0,89;;5
08/09/26;REPSOL;CALL;Dic-27;20,00;28.33;35,80;0,88;;10.000
08/09/26;REPSOL;CALL;Dic-27;23,00;28.33;33,78;0,78;;4
08/09/26;REPSOL;CALL;Dic-27;24,00;28.33;33,11;0,74;;5.000
08/09/26;REPSOL;CALL;Dic-27;25,00;28.33;32,44;0,71;;1
08/09/26;REPSOL;CALL;Dic-27;27,00;28.33;31,10;0,62;;20
08/09/26;REPSOL;CALL;Mar-28;16,50;28.33;37,47;0,96;;1
08/09/26;REPSOL;CALL;Mar-28;18,00;28.33;36,49;0,93;;1
08/09/26;REPSOL;CALL;Mar-28;19,00;28.33;35,85;0,90;;5
08/09/26;REPSOL;CALL;Mar-28;24,00;28.33;32,61;0,74;;6
08/09/26;REPSOL;CALL;Mar-28;25,00;28.33;31,96;0,70;;1.000
08/09/26;REPSOL;CALL;Mar-28;26,00;28.33;31,32;0,66;;2.000
08/09/26;REPSOL;CALL;Mar-28;27,00;28.33;30,67;0,62;;2.000
08/09/26;REPSOL;CALL;Mar-28;32,00;28.33;29,46;0,43;;5.000
08/09/26;REPSOL;CALL;Mar-28;33,00;28.33;29,37;0,39;;1.800
08/09/26;REPSOL;CALL;Jun-28;10,00;28.33;40,65;1,00;;10
08/09/26;REPSOL;CALL;Jun-28;19,00;28.33;35,46;0,89;;6
08/09/26;REPSOL;CALL;Jun-28;20,00;28.33;34,88;0,86;;10
08/09/26;REPSOL;CALL;Jun-28;22,00;28.33;33,73;0,80;;4
08/09/26;REPSOL;CALL;Jun-28;24,00;28.33;32,58;0,73;;2.500
08/09/26;REPSOL;CALL;Jun-28;32,00;28.33;29,73;0,45;;1.002
08/09/26;REPSOL;CALL;Jun-28;34,00;28.33;29,55;0,38;;1.000
08/09/26;REPSOL;CALL;Jun-28;36,00;28.33;29,36;0,33;;1.500
08/09/26;REPSOL;CALL;Sep-28;18,50;28.33;35,54;0,90;;1
08/09/26;REPSOL;CALL;Dic-28;16,00;28.33;36,17;0,96;;2.000
08/09/26;REPSOL;CALL;Dic-28;24,00;28.33;32,41;0,72;;1.520
08/09/26;REPSOL;CALL;Dic-28;27,00;28.33;31,00;0,62;;11
08/09/26;REPSOL;CALL;Dic-28;29,00;28.33;30,32;0,56;;8
08/09/26;REPSOL;CALL;Dic-28;34,00;28.33;29,97;0,41;;1
08/09/26;REPSOL;CALL;Dic-29;10,00;28.33;36,80;1,00;;200
08/09/26;REPSOL;CALL;Dic-29;11,50;28.33;36,30;1,00;;1
08/09/26;REPSOL;CALL;Dic-29;12,00;28.33;36,14;1,00;;1
08/09/26;REPSOL;CALL;Dic-29;12,50;28.33;35,98;1,00;;3
08/09/26;REPSOL;CALL;Dic-29;17,00;28.33;34,49;0,94;;25
08/09/26;REPSOL;CALL;Dic-30;22,00;28.33;32,63;0,77;;1.500
08/09/26;REPSOL;CALL;Dic-30;26,00;28.33;31,59;0,66;;3.000
08/09/26;REPSOL;PUT;Sep-26;6,75;28.33;51,60;;;2
08/09/26;REPSOL;PUT;Sep-26;10,50;28.33;48,33;;;9
08/09/26;REPSOL;PUT;Sep-26;11,00;28.33;47,90;;;30
08/09/26;REPSOL;PUT;Sep-26;11,50;28.33;47,46;;;51
08/09/26;REPSOL;PUT;Sep-26;12,00;28.33;47,03;;;295
08/09/26;REPSOL;PUT;Sep-26;12,50;28.33;46,59;;;80
08/09/26;REPSOL;PUT;Sep-26;13,00;28.33;46,16;;;119
08/09/26;REPSOL;PUT;Sep-26;13,50;28.33;45,72;;;12
08/09/26;REPSOL;PUT;Sep-26;14,00;28.33;45,29;;;143
08/09/26;REPSOL;PUT;Sep-26;14,50;28.33;44,85;;;277
08/09/26;REPSOL;PUT;Sep-26;15,00;28.33;44,42;;;35
08/09/26;REPSOL;PUT;Sep-26;15,50;28.33;43,98;;;6
08/09/26;REPSOL;PUT;Sep-26;16,00;28.33;43,55;;;10
08/09/26;REPSOL;PUT;Sep-26;16,50;28.33;43,11;;;200
08/09/26;REPSOL;PUT;Sep-26;17,00;28.33;42,67;;;654
08/09/26;REPSOL;PUT;Sep-26;17,50;28.33;42,24;;;204
08/09/26;REPSOL;PUT;Sep-26;18,00;28.33;41,80;;;15.360
08/09/26;REPSOL;PUT;Sep-26;18,50;28.33;41,37;;;211
08/09/26;REPSOL;PUT;Sep-26;19,00;28.33;40,93;;;14
08/09/26;REPSOL;PUT;Sep-26;19,50;28.33;40,50;;;104
08/09/26;REPSOL;PUT;Sep-26;20,00;28.33;40,06;;;8
08/09/26;REPSOL;PUT;Sep-26;20,50;28.33;39,63;;;5
08/09/26;REPSOL;PUT;Sep-26;21,00;28.33;39,19;;;1.504
08/09/26;REPSOL;PUT;Sep-26;22,00;28.33;38,32;;;1.105
08/09/26;REPSOL;PUT;Sep-26;23,00;28.33;37,45;;;200
08/09/26;REPSOL;PUT;Sep-26;24,00;28.33;36,58;;1;47
08/09/26;REPSOL;PUT;Sep-26;25,00;28.33;35,71;-0,02;3;413
08/09/26;REPSOL;PUT;Sep-26;26,00;28.33;34,84;-0,06;;168
08/09/26;REPSOL;PUT;Sep-26;26,50;28.33;34,40;-0,11;;5
08/09/26;REPSOL;PUT;Sep-26;27,00;28.33;33,97;-0,19;;322
08/09/26;REPSOL;PUT;Sep-26;27,50;28.33;33,53;-0,28;1;2
08/09/26;REPSOL;PUT;Sep-26;28,00;28.33;33,10;-0,40;2;4
08/09/26;REPSOL;PUT;Sep-26;29,00;28.33;32,46;-0,65;;3
08/09/26;REPSOL;PUT;Oct-26;22,00;28.33;35,78;-0,01;;2
08/09/26;REPSOL;PUT;Oct-26;23,00;28.33;35,07;-0,03;;2
08/09/26;REPSOL;PUT;Oct-26;24,00;28.33;34,35;-0,06;10;109
08/09/26;REPSOL;PUT;Oct-26;25,00;28.33;33,63;-0,11;;1
08/09/26;REPSOL;PUT;Oct-26;26,00;28.33;32,91;-0,19;3;12
08/09/26;REPSOL;PUT;Oct-26;27,00;28.33;32,19;-0,30;12;166
08/09/26;REPSOL;PUT;Oct-26;28,00;28.33;31,48;-0,43;;16
08/09/26;REPSOL;PUT;Nov-26;24,00;28.33;34,55;-0,12;550;567
08/09/26;REPSOL;PUT;Nov-26;25,00;28.33;33,84;-0,18;10;10
08/09/26;REPSOL;PUT;Nov-26;26,00;28.33;33,13;-0,25;;1
08/09/26;REPSOL;PUT;Dic-26;8,00;28.33;43,86;;;9.500
08/09/26;REPSOL;PUT;Dic-26;8,75;28.33;43,39;;;1
08/09/26;REPSOL;PUT;Dic-26;9,00;28.33;43,23;;;13.015
08/09/26;REPSOL;PUT;Dic-26;9,50;28.33;42,92;;;750
08/09/26;REPSOL;PUT;Dic-26;10,00;28.33;42,61;;;34.000
08/09/26;REPSOL;PUT;Dic-26;10,50;28.33;42,30;;;1.000
08/09/26;REPSOL;PUT;Dic-26;11,00;28.33;41,99;;;15.621
08/09/26;REPSOL;PUT;Dic-26;11,50;28.33;41,68;;;3.187
08/09/26;REPSOL;PUT;Dic-26;12,00;28.33;41,36;;;15.760
08/09/26;REPSOL;PUT;Dic-26;12,50;28.33;41,05;;;156
08/09/26;REPSOL;PUT;Dic-26;13,00;28.33;40,74;;;12.000
08/09/26;REPSOL;PUT;Dic-26;13,50;28.33;40,43;;;1
08/09/26;REPSOL;PUT;Dic-26;14,00;28.33;40,12;;;11.025
08/09/26;REPSOL;PUT;Dic-26;14,50;28.33;39,80;;;224
08/09/26;REPSOL;PUT;Dic-26;15,00;28.33;39,49;;;4.184
08/09/26;REPSOL;PUT;Dic-26;15,50;28.33;39,18;;;21.501
08/09/26;REPSOL;PUT;Dic-26;16,00;28.33;38,87;;;2.160
08/09/26;REPSOL;PUT;Dic-26;16,50;28.33;38,56;;;161
08/09/26;REPSOL;PUT;Dic-26;17,00;28.33;38,25;;;136
08/09/26;REPSOL;PUT;Dic-26;17,50;28.33;37,93;-0,01;;160
08/09/26;REPSOL;PUT;Dic-26;18,00;28.33;37,62;-0,01;;26
08/09/26;REPSOL;PUT;Dic-26;18,50;28.33;37,31;-0,01;;1
08/09/26;REPSOL;PUT;Dic-26;19,00;28.33;37,00;-0,01;;4.102
08/09/26;REPSOL;PUT;Dic-26;19,50;28.33;36,69;-0,02;;116
08/09/26;REPSOL;PUT;Dic-26;20,00;28.33;36,37;-0,03;;2.035
08/09/26;REPSOL;PUT;Dic-26;20,50;28.33;36,06;-0,03;;4
08/09/26;REPSOL;PUT;Dic-26;21,00;28.33;35,75;-0,04;;293
08/09/26;REPSOL;PUT;Dic-26;22,00;28.33;35,13;-0,07;;74
08/09/26;REPSOL;PUT;Dic-26;23,00;28.33;34,50;-0,10;;136
08/09/26;REPSOL;PUT;Dic-26;24,00;28.33;33,88;-0,15;;47
08/09/26;REPSOL;PUT;Dic-26;25,00;28.33;33,26;-0,20;;17
08/09/26;REPSOL;PUT;Dic-26;26,00;28.33;32,63;-0,27;;5.031
08/09/26;REPSOL;PUT;Dic-26;27,00;28.33;32,01;-0,34;;73
08/09/26;REPSOL;PUT;Dic-26;28,00;28.33;31,39;-0,43;;20
08/09/26;REPSOL;PUT;Dic-26;33,00;28.33;29,15;-0,83;;10
08/09/26;REPSOL;PUT;Mar-27;7,25;28.33;45,28;;;4
08/09/26;REPSOL;PUT;Mar-27;8,00;28.33;44,72;;;1
08/09/26;REPSOL;PUT;Mar-27;10,00;28.33;43,24;;;245
08/09/26;REPSOL;PUT;Mar-27;11,50;28.33;42,13;;;216
08/09/26;REPSOL;PUT;Mar-27;12,00;28.33;41,75;;;210
08/09/26;REPSOL;PUT;Mar-27;12,50;28.33;41,38;;;401
08/09/26;REPSOL;PUT;Mar-27;13,50;28.33;40,64;;;4
08/09/26;REPSOL;PUT;Mar-27;14,00;28.33;40,27;-0,01;;55
08/09/26;REPSOL;PUT;Mar-27;14,50;28.33;39,90;-0,01;;100
08/09/26;REPSOL;PUT;Mar-27;15,00;28.33;39,53;-0,01;;140
08/09/26;REPSOL;PUT;Mar-27;15,50;28.33;39,16;-0,01;;250
08/09/26;REPSOL;PUT;Mar-27;16,00;28.33;38,79;-0,02;;754
08/09/26;REPSOL;PUT;Mar-27;16,50;28.33;38,42;-0,02;;25
08/09/26;REPSOL;PUT;Mar-27;17,00;28.33;38,05;-0,02;;75
08/09/26;REPSOL;PUT;Mar-27;18,00;28.33;37,31;-0,04;;20
08/09/26;REPSOL;PUT;Mar-27;18,50;28.33;36,94;-0,04;;6
08/09/26;REPSOL;PUT;Mar-27;19,00;28.33;36,57;-0,05;150;250
08/09/26;REPSOL;PUT;Mar-27;20,00;28.33;35,82;-0,07;150;300
08/09/26;REPSOL;PUT;Mar-27;20,50;28.33;35,45;-0,09;150;150
08/09/26;REPSOL;PUT;Mar-27;21,00;28.33;35,08;-0,10;;210
08/09/26;REPSOL;PUT;Mar-27;22,00;28.33;34,34;-0,13;4;22
08/09/26;REPSOL;PUT;Mar-27;23,00;28.33;33,60;-0,17;;10
08/09/26;REPSOL;PUT;Mar-27;24,00;28.33;32,86;-0,22;;3
08/09/26;REPSOL;PUT;Mar-27;25,00;28.33;32,12;-0,27;;117
08/09/26;REPSOL;PUT;Mar-27;26,00;28.33;31,38;-0,32;;18
08/09/26;REPSOL;PUT;Mar-27;27,00;28.33;30,64;-0,39;;30
08/09/26;REPSOL;PUT;Mar-27;28,00;28.33;29,89;-0,45;;2
08/09/26;REPSOL;PUT;Mar-27;29,00;28.33;29,52;-0,52;;1
08/09/26;REPSOL;PUT;Jun-27;8,00;28.33;42,42;;;25.000
08/09/26;REPSOL;PUT;Jun-27;9,50;28.33;41,45;;;40
08/09/26;REPSOL;PUT;Jun-27;10,00;28.33;41,12;;;10
08/09/26;REPSOL;PUT;Jun-27;10,50;28.33;40,80;;;2
08/09/26;REPSOL;PUT;Jun-27;11,50;28.33;40,15;;;80
08/09/26;REPSOL;PUT;Jun-27;12,00;28.33;39,83;;;210
08/09/26;REPSOL;PUT;Jun-27;12,50;28.33;39,50;-0,01;;200
08/09/26;REPSOL;PUT;Jun-27;13,00;28.33;39,18;-0,01;;5.010
08/09/26;REPSOL;PUT;Jun-27;13,50;28.33;38,86;-0,01;;183
08/09/26;REPSOL;PUT;Jun-27;14,00;28.33;38,53;-0,01;;38
08/09/26;REPSOL;PUT;Jun-27;14,50;28.33;38,21;-0,02;;20
08/09/26;REPSOL;PUT;Jun-27;15,00;28.33;37,89;-0,02;;20
08/09/26;REPSOL;PUT;Jun-27;16,00;28.33;37,24;-0,03;;95
08/09/26;REPSOL;PUT;Jun-27;18,00;28.33;35,94;-0,06;;50
08/09/26;REPSOL;PUT;Jun-27;19,50;28.33;34,97;-0,09;;100
08/09/26;REPSOL;PUT;Jun-27;20,00;28.33;34,65;-0,10;;10
08/09/26;REPSOL;PUT;Jun-27;21,00;28.33;34,00;-0,13;;2
08/09/26;REPSOL;PUT;Jun-27;22,00;28.33;33,36;-0,16;;2
08/09/26;REPSOL;PUT;Jun-27;23,00;28.33;32,71;-0,19;;2
08/09/26;REPSOL;PUT;Jun-27;24,00;28.33;32,06;-0,24;;1
08/09/26;REPSOL;PUT;Jun-27;25,00;28.33;31,41;-0,28;;1
08/09/26;REPSOL;PUT;Jun-27;26,00;28.33;30,77;-0,33;;2
08/09/26;REPSOL;PUT;Jun-27;28,00;28.33;29,47;-0,44;;10
08/09/26;REPSOL;PUT;Sep-27;10,50;28.33;41,11;;;100
08/09/26;REPSOL;PUT;Sep-27;11,00;28.33;40,77;-0,01;;101
08/09/26;REPSOL;PUT;Sep-27;11,50;28.33;40,44;-0,01;;100
08/09/26;REPSOL;PUT;Sep-27;12,00;28.33;40,10;-0,01;;104
08/09/26;REPSOL;PUT;Sep-27;14,00;28.33;38,76;-0,02;;25
08/09/26;REPSOL;PUT;Sep-27;14,50;28.33;38,43;-0,03;;420
08/09/26;REPSOL;PUT;Sep-27;15,00;28.33;38,09;-0,04;;2
08/09/26;REPSOL;PUT;Sep-27;15,50;28.33;37,75;-0,04;;159
08/09/26;REPSOL;PUT;Sep-27;18,00;28.33;36,08;-0,08;;1.000
08/09/26;REPSOL;PUT;Sep-27;19,00;28.33;35,41;-0,11;;5
08/09/26;REPSOL;PUT;Sep-27;24,00;28.33;32,05;-0,27;;1
08/09/26;REPSOL;PUT;Sep-27;25,00;28.33;31,38;-0,31;;1
08/09/26;REPSOL;PUT;Dic-27;7,75;28.33;41,54;;;234
08/09/26;REPSOL;PUT;Dic-27;8,00;28.33;41,37;;;23.000
08/09/26;REPSOL;PUT;Dic-27;8,50;28.33;41,04;;;8.000
08/09/26;REPSOL;PUT;Dic-27;9,00;28.33;40,70;;;7.000
08/09/26;REPSOL;PUT;Dic-27;9,75;28.33;40,20;;;62
08/09/26;REPSOL;PUT;Dic-27;10,00;28.33;40,03;-0,01;;11.028
08/09/26;REPSOL;PUT;Dic-27;10,50;28.33;39,70;-0,01;;12.938
08/09/26;REPSOL;PUT;Dic-27;11,00;28.33;39,36;-0,01;;27.620
08/09/26;REPSOL;PUT;Dic-27;12,00;28.33;38,69;-0,01;;1
08/09/26;REPSOL;PUT;Dic-27;12,50;28.33;38,36;-0,02;;25
08/09/26;REPSOL;PUT;Dic-27;13,00;28.33;38,02;-0,02;;266
08/09/26;REPSOL;PUT;Dic-27;14,00;28.33;37,35;-0,03;;15.000
08/09/26;REPSOL;PUT;Dic-27;14,50;28.33;37,02;-0,04;;7
08/09/26;REPSOL;PUT;Dic-27;15,00;28.33;36,68;-0,04;;7.001
08/09/26;REPSOL;PUT;Dic-27;16,00;28.33;36,01;-0,06;;30.000
08/09/26;REPSOL;PUT;Dic-27;16,50;28.33;35,67;-0,06;;1.525
08/09/26;REPSOL;PUT;Dic-27;17,00;28.33;35,34;-0,07;;25
08/09/26;REPSOL;PUT;Dic-27;18,00;28.33;34,67;-0,09;;101
08/09/26;REPSOL;PUT;Dic-27;19,00;28.33;34,00;-0,11;;3
08/09/26;REPSOL;PUT;Dic-27;20,00;28.33;33,33;-0,14;;13
08/09/26;REPSOL;PUT;Dic-27;21,00;28.33;32,66;-0,17;;50
08/09/26;REPSOL;PUT;Dic-27;22,00;28.33;31,99;-0,20;;20
08/09/26;REPSOL;PUT;Dic-27;23,00;28.33;31,31;-0,23;;9
08/09/26;REPSOL;PUT;Dic-27;24,00;28.33;30,64;-0,27;;10
08/09/26;REPSOL;PUT;Dic-27;25,00;28.33;29,97;-0,31;;1
08/09/26;REPSOL;PUT;Dic-27;26,00;28.33;29,30;-0,35;;3
08/09/26;REPSOL;PUT;Mar-28;12,00;28.33;37,00;-0,02;;1.000
08/09/26;REPSOL;PUT;Mar-28;13,50;28.33;36,03;-0,03;;1.000
08/09/26;REPSOL;PUT;Mar-28;18,00;28.33;33,11;-0,10;;151
08/09/26;REPSOL;PUT;Mar-28;21,00;28.33;31,17;-0,18;;120
08/09/26;REPSOL;PUT;Mar-28;22,00;28.33;30,53;-0,21;;114
08/09/26;REPSOL;PUT;Mar-28;26,00;28.33;27,94;-0,36;;25
08/09/26;REPSOL;PUT;Jun-28;18,00;28.33;32,34;-0,11;;4.000
08/09/26;REPSOL;PUT;Jun-28;19,50;28.33;31,47;-0,15;;1
08/09/26;REPSOL;PUT;Jun-28;20,00;28.33;31,18;-0,16;;3.000
08/09/26;REPSOL;PUT;Jun-28;21,00;28.33;30,61;-0,19;;120
08/09/26;REPSOL;PUT;Jun-28;22,00;28.33;30,03;-0,22;;6.500
08/09/26;REPSOL;PUT;Jun-28;23,00;28.33;29,45;-0,25;;107
08/09/26;REPSOL;PUT;Sep-28;18,00;28.33;31,95;-0,12;;300
08/09/26;REPSOL;PUT;Dic-28;9,00;28.33;35,41;-0,01;;40.500
08/09/26;REPSOL;PUT;Dic-28;10,00;28.33;34,94;-0,01;;10.000
08/09/26;REPSOL;PUT;Dic-28;11,50;28.33;34,23;-0,02;;1.000
08/09/26;REPSOL;PUT;Dic-28;14,50;28.33;32,82;-0,06;;1
08/09/26;REPSOL;PUT;Dic-28;15,00;28.33;32,58;-0,07;;30.250
08/09/26;REPSOL;PUT;Dic-28;18,00;28.33;31,17;-0,13;;1.000
08/09/26;REPSOL;PUT;Dic-28;19,50;28.33;30,47;-0,16;;1
08/09/26;REPSOL;PUT;Dic-28;23,00;28.33;28,82;-0,26;;1
08/09/26;REPSOL;PUT;Dic-28;24,00;28.33;28,35;-0,30;;1.518
08/09/26;REPSOL;PUT;Dic-28;26,00;28.33;27,41;-0,37;;9
08/09/26;REPSOL;PUT;Jun-29;11,00;28.33;33,41;-0,03;;140
08/09/26;REPSOL;PUT;Dic-29;7,75;28.33;33,02;-0,01;;30.000
08/09/26;REPSOL;PUT;Dic-29;8,00;28.33;32,94;-0,01;;17.000
08/09/26;REPSOL;PUT;Dic-29;11,00;28.33;31,95;-0,03;;20.000
08/09/26;REPSOL;PUT;Dic-29;11,50;28.33;31,78;-0,04;;17.000
08/09/26;REPSOL;PUT;Dic-29;12,50;28.33;31,46;-0,05;;800
08/09/26;REPSOL;PUT;Dic-29;28,00;28.33;26,35;-0,44;;25
08/09/26;REPSOL;PUT;Dic-30;14,00;28.33;29,88;-0,09;;3.000
08/09/26;REPSOL;PUT;Dic-30;18,50;28.33;28,71;-0,18;;3.000
08/09/26;REPSOL;CALL;Sep-26;14,00;28.33;46,00;1,00;;1
08/09/26;REPSOL;CALL;Sep-26;14,50;28.33;45,56;1,00;;1
08/09/26;REPSOL;CALL;Sep-26;22,00;28.33;39,03;1,00;2;69
08/09/26;REPSOL;CALL;Sep-26;22,00;28.33;39,03;1,00;;10
08/09/26;REPSOL;CALL;Sep-26;23,00;28.33;38,16;1,00;;20
08/09/26;REPSOL;CALL;Sep-26;24,00;28.33;37,29;1,00;;1
08/09/26;REPSOL;CALL;Sep-26;24,00;28.33;37,29;1,00;;10
08/09/26;REPSOL;CALL;Sep-26;25,00;28.33;36,42;0,98;;10
08/09/26;REPSOL;CALL;Sep-26;26,00;28.33;35,55;0,93;;19
08/09/26;REPSOL;CALL;Sep-26;26,00;28.33;35,55;0,93;;10
08/09/26;REPSOL;CALL;Sep-26;27,00;28.33;34,68;0,81;;46
08/09/26;REPSOL;CALL;Sep-26;28,00;28.33;33,81;0,60;;10
08/09/26;REPSOL;CALL;Sep-26;28,00;28.33;33,81;0,60;;20
08/09/26;REPSOL;CALL;Sep-26;29,00;28.33;33,17;0,35;;20
08/09/26;REPSOL;CALL;Sep-26;29,00;28.33;33,17;0,35;;8
08/09/26;REPSOL;CALL;Oct-26;20,00;28.33;38,32;1,00;;6
08/09/26;REPSOL;CALL;Oct-26;28,00;28.33;32,58;0,57;;6
08/09/26;REPSOL;CALL;Oct-26;30,00;28.33;32,18;0,32;;3
08/09/26;REPSOL;CALL;Nov-26;29,00;28.33;33,59;0,48;;25
08/09/26;REPSOL;CALL;Dic-26;14,50;28.33;41,29;0,99;;1
08/09/26;REPSOL;CALL;Dic-26;15,00;28.33;40,98;0,99;;33
08/09/26;REPSOL;CALL;Dic-26;17,00;28.33;39,74;0,99;;7
08/09/26;REPSOL;CALL;Dic-26;18,00;28.33;39,11;0,98;;26
08/09/26;REPSOL;CALL;Dic-26;21,00;28.33;37,24;0,94;;10
08/09/26;REPSOL;CALL;Dic-26;23,00;28.33;35,99;0,88;;6
08/09/26;REPSOL;CALL;Dic-26;24,00;28.33;35,37;0,84;4;102
08/09/26;REPSOL;CALL;Dic-26;24,00;28.33;35,37;0,84;;10
08/09/26;REPSOL;CALL;Dic-26;25,00;28.33;34,75;0,79;;17
08/09/26;REPSOL;CALL;Dic-26;26,00;28.33;34,12;0,72;;80
08/09/26;REPSOL;CALL;Dic-26;26,00;28.33;34,12;0,72;;20
08/09/26;REPSOL;CALL;Dic-26;27,00;28.33;33,50;0,65;;16
08/09/26;REPSOL;CALL;Dic-26;28,00;28.33;32,88;0,57;;20
08/09/26;REPSOL;CALL;Mar-27;22,00;28.33;36,06;0,85;2;5
08/09/26;REPSOL;CALL;Mar-27;23,00;28.33;35,32;0,81;;1
08/09/26;REPSOL;CALL;Mar-27;24,00;28.33;34,58;0,77;;6
08/09/26;REPSOL;CALL;Mar-27;25,00;28.33;33,84;0,72;;5
08/09/26;REPSOL;CALL;Mar-27;26,00;28.33;33,10;0,67;;5
08/09/26;REPSOL;CALL;Jun-27;23,00;28.33;33,90;0,79;;4
08/09/26;REPSOL;CALL;Jun-27;28,00;28.33;30,66;0,56;;15
08/09/26;REPSOL;CALL;Dic-27;12,00;28.33;41,16;0,95;;15.000
08/09/26;REPSOL;CALL;Dic-27;16,00;28.33;38,48;0,90;;7
08/09/26;REPSOL;CALL;Jun-28;26,00;28.33;31,42;0,62;;1
08/09/26;REPSOL;CALL;Dic-28;15,25;28.33;36,53;0,86;;750
08/09/26;REPSOL;CALL;Jun-29;26,00;28.33;31,82;0,60;;1
08/09/26;REPSOL;PUT;Sep-26;11,00;28.33;47,90;;;1.200
08/09/26;REPSOL;PUT;Sep-26;16,00;28.33;43,55;;;10
08/09/26;REPSOL;PUT;Sep-26;18,00;28.33;41,80;;;5
08/09/26;REPSOL;PUT;Sep-26;19,00;28.33;40,93;;;15
08/09/26;REPSOL;PUT;Sep-26;19,50;28.33;40,50;;;10
08/09/26;REPSOL;PUT;Sep-26;23,00;28.33;37,45;;;5
08/09/26;REPSOL;PUT;Sep-26;24,00;28.33;36,58;;;20
08/09/26;REPSOL;PUT;Sep-26;24,00;28.33;36,58;;;2
08/09/26;REPSOL;PUT;Sep-26;25,00;28.33;35,71;-0,02;;2
08/09/26;REPSOL;PUT;Sep-26;26,00;28.33;34,84;-0,06;;35
08/09/26;REPSOL;PUT;Sep-26;27,00;28.33;33,97;-0,19;;15
08/09/26;REPSOL;PUT;Sep-26;28,00;28.33;33,10;-0,40;;50
08/09/26;REPSOL;PUT;Sep-26;29,00;28.33;32,46;-0,65;;1
08/09/26;REPSOL;PUT;Oct-26;25,00;28.33;33,63;-0,11;;5
08/09/26;REPSOL;PUT;Oct-26;26,00;28.33;32,91;-0,19;;5
08/09/26;REPSOL;PUT;Oct-26;27,00;28.33;32,19;-0,30;;10
08/09/26;REPSOL;PUT;Oct-26;27,00;28.33;32,19;-0,30;;20
08/09/26;REPSOL;PUT;Nov-26;24,00;28.33;34,55;-0,12;;6
08/09/26;REPSOL;PUT;Dic-26;11,00;28.33;41,99;;;1
08/09/26;REPSOL;PUT;Dic-26;13,50;28.33;40,43;;;150
08/09/26;REPSOL;PUT;Dic-26;14,50;28.33;39,80;;;150
08/09/26;REPSOL;PUT;Dic-26;15,00;28.33;39,49;;;1
08/09/26;REPSOL;PUT;Dic-26;15,50;28.33;39,18;;;450
08/09/26;REPSOL;PUT;Dic-26;17,00;28.33;38,25;;;154
08/09/26;REPSOL;PUT;Dic-26;18,00;28.33;37,62;-0,01;;7
08/09/26;REPSOL;PUT;Dic-26;20,00;28.33;36,37;-0,03;;20
08/09/26;REPSOL;PUT;Dic-26;21,00;28.33;35,75;-0,04;;10
08/09/26;REPSOL;PUT;Dic-26;22,00;28.33;35,13;-0,07;;10
08/09/26;REPSOL;PUT;Dic-26;22,00;28.33;35,13;-0,07;;15
08/09/26;REPSOL;PUT;Dic-26;24,00;28.33;33,88;-0,15;;36
08/09/26;REPSOL;PUT;Dic-26;25,00;28.33;33,26;-0,20;;30
08/09/26;REPSOL;PUT;Dic-26;26,00;28.33;32,63;-0,26;;40
08/09/26;REPSOL;PUT;Dic-26;30,00;28.33;30,45;-0,59;;10
08/09/26;REPSOL;PUT;Mar-27;11,50;28.33;42,13;;;1
08/09/26;REPSOL;PUT;Jun-27;24,00;28.33;32,06;-0,23;;5
08/09/26;REPSOL;PUT;Sep-27;17,00;28.33;36,75;-0,06;;5
08/09/26;REPSOL;PUT;Dic-28;15,25;28.33;32,47;-0,07;;750
08/09/26;SACYR;CALL;Nov-26;4,50;4.36;26,02;0,43;;80
08/09/26;SACYR;CALL;Dic-26;3,70;4.36;27,04;0,90;;10
08/09/26;SACYR;CALL;Dic-26;3,90;4.36;26,94;0,82;;25
08/09/26;SACYR;CALL;Dic-26;4,00;4.36;26,88;0,77;;5
08/09/26;SACYR;CALL;Dic-26;4,20;4.36;26,78;0,65;;20
08/09/26;SACYR;CALL;Dic-26;4,30;4.36;26,72;0,59;;43
08/09/26;SACYR;CALL;Dic-26;4,50;4.36;26,33;0,46;;10
08/09/26;SACYR;CALL;Dic-26;4,70;4.36;25,81;0,33;;10
08/09/26;SACYR;CALL;Dic-26;4,80;4.36;25,55;0,28;;10
08/09/26;SACYR;CALL;Dic-26;5,00;4.36;25,03;0,18;;30
08/09/26;SACYR;CALL;Mar-27;3,70;4.36;25,34;0,86;;10
08/09/26;SACYR;CALL;Mar-27;3,80;4.36;25,29;0,82;;10
08/09/26;SACYR;CALL;Mar-27;4,80;4.36;24,38;0,33;;20.000
08/09/26;SACYR;CALL;Jun-27;3,90;4.36;24,26;0,75;;25
08/09/26;SACYR;CALL;Jun-27;4,80;4.36;23,68;0,38;;10
08/09/26;SACYR;CALL;Jun-27;4,90;4.36;23,58;0,34;;20
08/09/26;SACYR;CALL;Jun-27;5,00;4.36;23,49;0,31;;10
08/09/26;SACYR;CALL;Dic-27;4,00;4.36;23,40;0,69;;25
08/09/26;SACYR;PUT;Sep-26;3,60;4.36;25,45;;;20
08/09/26;SACYR;PUT;Sep-26;4,30;4.36;25,18;-0,36;;5
08/09/26;SACYR;PUT;Sep-26;4,50;4.36;25,16;-0,77;;100
08/09/26;SACYR;PUT;Oct-26;4,50;4.36;25,08;-0,63;;100
08/09/26;SACYR;PUT;Dic-26;3,50;4.36;26,71;-0,05;;10
08/09/26;SACYR;PUT;Dic-26;4,50;4.36;25,89;-0,55;;1.000
08/09/26;SACYR;PUT;Dic-26;4,70;4.36;25,37;-0,69;;50
08/09/26;SACYR;PUT;Dic-26;5,00;4.36;24,59;-0,85;;100
08/09/26;SACYR;PUT;Mar-27;4,20;4.36;25,14;-0,39;;3
08/09/26;SACYR;PUT;Jun-27;3,40;4.36;24,65;-0,10;;20
08/09/26;SACYR;PUT;Jun-27;3,80;4.36;24,49;-0,22;;10
08/09/26;SACYR;PUT;Jun-27;3,90;4.36;24,46;-0,26;;10
08/09/26;SACYR;PUT;Jun-27;4,30;4.36;24,30;-0,43;;3
08/09/26;SACYR;PUT;Jun-27;4,50;4.36;24,15;-0,52;;1.000
08/09/26;SANTANDER;CALL;Sep-26;5,50;12.93;50,11;1,00;;15
08/09/26;SANTANDER;CALL;Sep-26;5,75;12.93;49,24;1,00;;1
08/09/26;SANTANDER;CALL;Sep-26;6,50;12.93;46,61;1,00;;11
08/09/26;SANTANDER;CALL;Sep-26;7,00;12.93;44,85;1,00;;4
08/09/26;SANTANDER;CALL;Sep-26;7,75;12.93;42,23;1,00;;30
08/09/26;SANTANDER;CALL;Sep-26;8,00;12.93;41,35;1,00;;100
08/09/26;SANTANDER;CALL;Sep-26;8,50;12.93;39,60;1,00;;458
08/09/26;SANTANDER;CALL;Sep-26;8,75;12.93;38,72;1,00;;3.200
08/09/26;SANTANDER;CALL;Sep-26;9,00;12.93;37,84;1,00;;1
08/09/26;SANTANDER;CALL;Sep-26;9,25;12.93;36,97;1,00;;9
08/09/26;SANTANDER;CALL;Sep-26;9,50;12.93;36,09;1,00;;13
08/09/26;SANTANDER;CALL;Sep-26;9,75;12.93;35,21;1,00;;5.031
08/09/26;SANTANDER;CALL;Sep-26;10,00;12.93;34,34;1,00;10;59
08/09/26;SANTANDER;CALL;Sep-26;10,50;12.93;32,59;1,00;;151
08/09/26;SANTANDER;CALL;Sep-26;11,00;12.93;30,83;1,00;;23
08/09/26;SANTANDER;CALL;Sep-26;11,50;12.93;29,08;0,99;;10
08/09/26;SANTANDER;CALL;Sep-26;12,00;12.93;27,33;0,95;;11.021
08/09/26;SANTANDER;CALL;Sep-26;12,50;12.93;25,57;0,80;;19
08/09/26;SANTANDER;CALL;Sep-26;12,75;12.93;24,70;0,65;;5
08/09/26;SANTANDER;CALL;Sep-26;13,00;12.93;24,00;0,46;;10.064
08/09/26;SANTANDER;CALL;Sep-26;13,50;12.93;23,56;0,14;;721
08/09/26;SANTANDER;CALL;Sep-26;14,00;12.93;23,12;0,02;;10
08/09/26;SANTANDER;CALL;Sep-26;14,50;12.93;22,69;;;3
08/09/26;SANTANDER;CALL;Oct-26;11,00;12.93;32,22;0,95;;1
08/09/26;SANTANDER;CALL;Oct-26;11,50;12.93;30,60;0,90;;12
08/09/26;SANTANDER;CALL;Oct-26;12,50;12.93;27,35;0,68;100;3
08/09/26;SANTANDER;CALL;Oct-26;13,00;12.93;25,89;0,50;13;1.019
08/09/26;SANTANDER;CALL;Oct-26;13,50;12.93;25,42;0,33;;21
08/09/26;SANTANDER;CALL;Oct-26;14,00;12.93;24,96;0,18;40;140
08/09/26;SANTANDER;CALL;Oct-26;14,50;12.93;24,50;0,08;;1
08/09/26;SANTANDER;CALL;Nov-26;11,00;12.93;33,81;0,89;;1
08/09/26;SANTANDER;CALL;Nov-26;13,00;12.93;27,62;0,51;;2
08/09/26;SANTANDER;CALL;Dic-26;3,00;12.93;60,19;1,00;;1
08/09/26;SANTANDER;CALL;Dic-26;4,00;12.93;57,05;1,00;;100
08/09/26;SANTANDER;CALL;Dic-26;4,50;12.93;55,48;1,00;;1
08/09/26;SANTANDER;CALL;Dic-26;4,80;12.93;54,53;1,00;;5.050
08/09/26;SANTANDER;CALL;Dic-26;4,90;12.93;54,22;1,00;;50
08/09/26;SANTANDER;CALL;Dic-26;5,00;12.93;53,90;1,00;;25
08/09/26;SANTANDER;CALL;Dic-26;5,25;12.93;53,12;1,00;;25
08/09/26;SANTANDER;CALL;Dic-26;5,75;12.93;51,54;1,00;;6
08/09/26;SANTANDER;CALL;Dic-26;6,00;12.93;50,76;1,00;;7
08/09/26;SANTANDER;CALL;Dic-26;6,50;12.93;49,19;1,00;;5
08/09/26;SANTANDER;CALL;Dic-26;7,00;12.93;47,61;1,00;;86
08/09/26;SANTANDER;CALL;Dic-26;7,50;12.93;46,04;1,00;;28
08/09/26;SANTANDER;CALL;Dic-26;7,75;12.93;45,26;1,00;;2
08/09/26;SANTANDER;CALL;Dic-26;8,00;12.93;44,47;0,99;;10.163
08/09/26;SANTANDER;CALL;Dic-26;8,25;12.93;43,68;0,99;;110
08/09/26;SANTANDER;CALL;Dic-26;8,50;12.93;42,90;0,99;;100
08/09/26;SANTANDER;CALL;Dic-26;8,75;12.93;42,11;0,98;;22
08/09/26;SANTANDER;CALL;Dic-26;9,00;12.93;41,32;0,98;;315
08/09/26;SANTANDER;CALL;Dic-26;9,25;12.93;40,54;0,97;;2
08/09/26;SANTANDER;CALL;Dic-26;9,50;12.93;39,75;0,96;;65
08/09/26;SANTANDER;CALL;Dic-26;9,75;12.93;38,97;0,95;;5
08/09/26;SANTANDER;CALL;Dic-26;10,00;12.93;38,18;0,93;;67
08/09/26;SANTANDER;CALL;Dic-26;10,50;12.93;36,61;0,90;;77
08/09/26;SANTANDER;CALL;Dic-26;11,00;12.93;35,04;0,85;;73
08/09/26;SANTANDER;CALL;Dic-26;11,50;12.93;33,46;0,79;;377
08/09/26;SANTANDER;CALL;Dic-26;12,00;12.93;31,89;0,71;;57
08/09/26;SANTANDER;CALL;Dic-26;12,50;12.93;30,32;0,62;;85.902
08/09/26;SANTANDER;CALL;Dic-26;13,00;12.93;28,90;0,51;;21.016
08/09/26;SANTANDER;CALL;Dic-26;13,50;12.93;28,45;0,41;;52
08/09/26;SANTANDER;CALL;Dic-26;14,00;12.93;28,00;0,31;;112
08/09/26;SANTANDER;CALL;Dic-26;14,50;12.93;27,55;0,23;;105
08/09/26;SANTANDER;CALL;Mar-27;4,60;12.93;53,14;1,00;;25
08/09/26;SANTANDER;CALL;Mar-27;4,70;12.93;52,87;1,00;;25
08/09/26;SANTANDER;CALL;Mar-27;4,80;12.93;52,59;1,00;;50
08/09/26;SANTANDER;CALL;Mar-27;4,90;12.93;52,31;1,00;;50
08/09/26;SANTANDER;CALL;Mar-27;5,00;12.93;52,03;1,00;;50
08/09/26;SANTANDER;CALL;Mar-27;5,25;12.93;51,34;1,00;;25
08/09/26;SANTANDER;CALL;Mar-27;6,00;12.93;49,25;1,00;;25
08/09/26;SANTANDER;CALL;Mar-27;6,25;12.93;48,55;1,00;;25
08/09/26;SANTANDER;CALL;Mar-27;7,50;12.93;45,07;0,98;;1
08/09/26;SANTANDER;CALL;Mar-27;8,00;12.93;43,68;0,96;;3
08/09/26;SANTANDER;CALL;Mar-27;9,25;12.93;40,20;0,91;;140
08/09/26;SANTANDER;CALL;Mar-27;9,50;12.93;39,50;0,89;;36
08/09/26;SANTANDER;CALL;Mar-27;10,00;12.93;38,11;0,86;;30
08/09/26;SANTANDER;CALL;Mar-27;11,00;12.93;35,33;0,78;;1.820
08/09/26;SANTANDER;CALL;Mar-27;11,50;12.93;33,94;0,73;;52
08/09/26;SANTANDER;CALL;Mar-27;12,00;12.93;32,54;0,67;;6.615
08/09/26;SANTANDER;CALL;Mar-27;12,50;12.93;31,15;0,61;;52.506
08/09/26;SANTANDER;CALL;Mar-27;13,00;12.93;29,90;0,54;;5.105
08/09/26;SANTANDER;CALL;Mar-27;13,50;12.93;29,51;0,47;;6.100
08/09/26;SANTANDER;CALL;Mar-27;14,00;12.93;29,12;0,40;;42
08/09/26;SANTANDER;CALL;Mar-27;14,50;12.93;28,74;0,33;;100
08/09/26;SANTANDER;CALL;Mar-27;15,00;12.93;28,35;0,27;;120
08/09/26;SANTANDER;CALL;Mar-27;15,50;12.93;27,96;0,22;;26
08/09/26;SANTANDER;CALL;Mar-27;16,00;12.93;27,58;0,17;;13
08/09/26;SANTANDER;CALL;Jun-27;6,00;12.93;45,89;0,99;;25
08/09/26;SANTANDER;CALL;Jun-27;6,25;12.93;45,35;0,99;;25
08/09/26;SANTANDER;CALL;Jun-27;6,50;12.93;44,81;0,99;;25
08/09/26;SANTANDER;CALL;Jun-27;6,75;12.93;44,27;0,98;;25
08/09/26;SANTANDER;CALL;Jun-27;7,00;12.93;43,72;0,98;;25
08/09/26;SANTANDER;CALL;Jun-27;7,25;12.93;43,18;0,97;;25
08/09/26;SANTANDER;CALL;Jun-27;8,25;12.93;41,02;0,93;;5
08/09/26;SANTANDER;CALL;Jun-27;9,00;12.93;39,39;0,90;;6.000
08/09/26;SANTANDER;CALL;Jun-27;9,75;12.93;37,77;0,85;;1
08/09/26;SANTANDER;CALL;Jun-27;10,00;12.93;37,23;0,84;;5.030
08/09/26;SANTANDER;CALL;Jun-27;10,50;12.93;36,15;0,80;;103
08/09/26;SANTANDER;CALL;Jun-27;11,00;12.93;35,06;0,76;;15
08/09/26;SANTANDER;CALL;Jun-27;12,00;12.93;32,90;0,66;;5.000
08/09/26;SANTANDER;CALL;Jun-27;12,50;12.93;31,82;0,61;;10
08/09/26;SANTANDER;CALL;Jun-27;13,00;12.93;30,83;0,55;;624
08/09/26;SANTANDER;CALL;Jun-27;13,50;12.93;30,48;0,50;;157
08/09/26;SANTANDER;CALL;Jun-27;15,00;12.93;29,44;0,33;;2.020
08/09/26;SANTANDER;CALL;Jun-27;16,00;12.93;28,74;0,24;;10
08/09/26;SANTANDER;CALL;Jun-27;16,50;12.93;28,40;0,20;50;50
08/09/26;SANTANDER;CALL;Sep-27;9,00;12.93;38,38;0,88;;153
08/09/26;SANTANDER;CALL;Sep-27;10,00;12.93;36,55;0,82;;2
08/09/26;SANTANDER;CALL;Sep-27;12,00;12.93;32,89;0,66;;2
08/09/26;SANTANDER;CALL;Dic-27;2,30;12.93;49,58;1,00;;22
08/09/26;SANTANDER;CALL;Dic-27;4,20;12.93;46,34;1,00;;7.000
08/09/26;SANTANDER;CALL;Dic-27;4,90;12.93;45,15;1,00;;4
08/09/26;SANTANDER;CALL;Dic-27;5,00;12.93;44,98;1,00;;2
08/09/26;SANTANDER;CALL;Dic-27;5,25;12.93;44,56;1,00;;3
08/09/26;SANTANDER;CALL;Dic-27;5,50;12.93;44,13;1,00;;5
08/09/26;SANTANDER;CALL;Dic-27;7,00;12.93;41,58;0,95;;2.545
08/09/26;SANTANDER;CALL;Dic-27;7,50;12.93;40,73;0,93;;4
08/09/26;SANTANDER;CALL;Dic-27;8,00;12.93;39,88;0,91;;10
08/09/26;SANTANDER;CALL;Dic-27;8,50;12.93;39,03;0,89;;2
08/09/26;SANTANDER;CALL;Dic-27;9,00;12.93;38,18;0,87;;152
08/09/26;SANTANDER;CALL;Dic-27;9,25;12.93;37,75;0,85;;25
08/09/26;SANTANDER;CALL;Dic-27;10,00;12.93;36,48;0,81;;20
08/09/26;SANTANDER;CALL;Dic-27;10,50;12.93;35,63;0,78;;1
08/09/26;SANTANDER;CALL;Dic-27;11,00;12.93;34,78;0,74;;5.000
08/09/26;SANTANDER;CALL;Dic-27;11,50;12.93;33,93;0,70;;150
08/09/26;SANTANDER;CALL;Dic-27;12,00;12.93;33,08;0,66;;6
08/09/26;SANTANDER;CALL;Dic-27;14,00;12.93;30,77;0,49;;52.500
08/09/26;SANTANDER;CALL;Dic-27;15,00;12.93;30,10;0,40;;25.000
08/09/26;SANTANDER;CALL;Dic-27;15,50;12.93;29,77;0,36;;2
08/09/26;SANTANDER;CALL;Mar-28;8,75;12.93;38,21;0,87;;1
08/09/26;SANTANDER;CALL;Mar-28;9,00;12.93;37,81;0,85;;450
08/09/26;SANTANDER;CALL;Mar-28;9,25;12.93;37,42;0,84;;300
08/09/26;SANTANDER;CALL;Mar-28;9,50;12.93;37,03;0,83;;50
08/09/26;SANTANDER;CALL;Mar-28;9,75;12.93;36,63;0,81;;250
08/09/26;SANTANDER;CALL;Mar-28;10,00;12.93;36,24;0,80;;126
08/09/26;SANTANDER;CALL;Mar-28;12,00;12.93;33,10;0,66;;150
08/09/26;SANTANDER;CALL;Mar-28;12,50;12.93;32,31;0,62;;1
08/09/26;SANTANDER;CALL;Mar-28;13,50;12.93;31,26;0,54;;150
08/09/26;SANTANDER;CALL;Mar-28;14,00;12.93;30,94;0,50;;10.000
08/09/26;SANTANDER;CALL;Jun-28;6,00;12.93;42,04;0,98;;3
08/09/26;SANTANDER;CALL;Jun-28;7,75;12.93;39,51;0,91;;4
08/09/26;SANTANDER;CALL;Jun-28;9,50;12.93;36,98;0,82;;5
08/09/26;SANTANDER;CALL;Jun-28;10,00;12.93;36,26;0,79;;150
08/09/26;SANTANDER;CALL;Jun-28;12,50;12.93;32,65;0,62;;3
08/09/26;SANTANDER;CALL;Jun-28;15,50;12.93;30,51;0,41;;3.500
08/09/26;SANTANDER;CALL;Sep-28;13,00;12.93;32,26;0,59;;3
08/09/26;SANTANDER;CALL;Sep-28;15,50;12.93;30,84;0,43;;15
08/09/26;SANTANDER;CALL;Dic-28;8,50;12.93;38,25;0,86;;3.003
08/09/26;SANTANDER;CALL;Dic-28;9,00;12.93;37,62;0,84;;4
08/09/26;SANTANDER;CALL;Dic-28;12,00;12.93;33,83;0,66;;5.000
08/09/26;SANTANDER;CALL;Dic-28;12,50;12.93;33,20;0,63;;1
08/09/26;SANTANDER;PUT;Sep-26;4,00;12.93;58,34;;;2
08/09/26;SANTANDER;PUT;Sep-26;6,00;12.93;51,33;;;32.505
08/09/26;SANTANDER;PUT;Sep-26;6,75;12.93;48,70;;;103
08/09/26;SANTANDER;PUT;Sep-26;7,00;12.93;47,82;;;14.621
08/09/26;SANTANDER;PUT;Sep-26;7,50;12.93;46,07;;;160
08/09/26;SANTANDER;PUT;Sep-26;7,75;12.93;45,20;;;10.010
08/09/26;SANTANDER;PUT;Sep-26;8,00;12.93;44,32;;;10.209
08/09/26;SANTANDER;PUT;Sep-26;8,25;12.93;43,44;;;93
08/09/26;SANTANDER;PUT;Sep-26;8,50;12.93;42,57;;;5.001
08/09/26;SANTANDER;PUT;Sep-26;8,75;12.93;41,69;;;55
08/09/26;SANTANDER;PUT;Sep-26;9,00;12.93;40,81;;;133
08/09/26;SANTANDER;PUT;Sep-26;9,25;12.93;39,94;;30;4.041
08/09/26;SANTANDER;PUT;Sep-26;9,50;12.93;39,06;;;690
08/09/26;SANTANDER;PUT;Sep-26;9,75;12.93;38,18;;;140
08/09/26;SANTANDER;PUT;Sep-26;10,00;12.93;37,31;;;13
08/09/26;SANTANDER;PUT;Sep-26;10,50;12.93;35,56;;;2.225
08/09/26;SANTANDER;PUT;Sep-26;11,00;12.93;33,80;;;129
08/09/26;SANTANDER;PUT;Sep-26;11,50;12.93;32,05;-0,01;1;25.378
08/09/26;SANTANDER;PUT;Sep-26;12,00;12.93;30,30;-0,06;;921
08/09/26;SANTANDER;PUT;Sep-26;12,25;12.93;29,42;-0,13;;3
08/09/26;SANTANDER;PUT;Sep-26;12,50;12.93;28,54;-0,23;;327
08/09/26;SANTANDER;PUT;Sep-26;12,75;12.93;27,67;-0,37;;2
08/09/26;SANTANDER;PUT;Sep-26;13,00;12.93;26,97;-0,53;;19
08/09/26;SANTANDER;PUT;Sep-26;13,25;12.93;26,75;-0,70;5;5
08/09/26;SANTANDER;PUT;Oct-26;10,00;12.93;36,39;-0,01;;4
08/09/26;SANTANDER;PUT;Oct-26;11,00;12.93;33,14;-0,06;;186
08/09/26;SANTANDER;PUT;Oct-26;11,50;12.93;31,52;-0,11;1;694
08/09/26;SANTANDER;PUT;Oct-26;12,00;12.93;29,90;-0,20;;284
08/09/26;SANTANDER;PUT;Oct-26;12,50;12.93;28,27;-0,33;50;73
08/09/26;SANTANDER;PUT;Oct-26;13,00;12.93;26,81;-0,50;;28
08/09/26;SANTANDER;PUT;Nov-26;11,00;12.93;33,38;-0,13;;2
08/09/26;SANTANDER;PUT;Nov-26;11,50;12.93;31,79;-0,20;150;151
08/09/26;SANTANDER;PUT;Nov-26;12,00;12.93;30,20;-0,28;50;76
08/09/26;SANTANDER;PUT;Nov-26;12,50;12.93;28,62;-0,39;;1
08/09/26;SANTANDER;PUT;Nov-26;13,00;12.93;27,19;-0,52;5;5
08/09/26;SANTANDER;PUT;Dic-26;2,50;12.93;60,49;;;40
08/09/26;SANTANDER;PUT;Dic-26;2,80;12.93;59,54;;;60.000
08/09/26;SANTANDER;PUT;Dic-26;3,20;12.93;58,28;;;10
08/09/26;SANTANDER;PUT;Dic-26;3,40;12.93;57,65;;;2
08/09/26;SANTANDER;PUT;Dic-26;3,50;12.93;57,34;;;5
08/09/26;SANTANDER;PUT;Dic-26;3,60;12.93;57,03;;;50.002
08/09/26;SANTANDER;PUT;Dic-26;4,00;12.93;55,77;;;25.007
08/09/26;SANTANDER;PUT;Dic-26;4,20;12.93;55,14;;;25
08/09/26;SANTANDER;PUT;Dic-26;4,30;12.93;54,82;;;15.000
08/09/26;SANTANDER;PUT;Dic-26;4,40;12.93;54,51;;;10.000
08/09/26;SANTANDER;PUT;Dic-26;4,60;12.93;53,88;;;80
08/09/26;SANTANDER;PUT;Dic-26;4,70;12.93;53,57;;;5
08/09/26;SANTANDER;PUT;Dic-26;4,80;12.93;53,25;;;15.000
08/09/26;SANTANDER;PUT;Dic-26;4,90;12.93;52,94;;;150
08/09/26;SANTANDER;PUT;Dic-26;5,00;12.93;52,62;;;20.400
08/09/26;SANTANDER;PUT;Dic-26;5,25;12.93;51,84;;;600
08/09/26;SANTANDER;PUT;Dic-26;6,00;12.93;49,48;;;5.019
08/09/26;SANTANDER;PUT;Dic-26;6,25;12.93;48,69;;;5
08/09/26;SANTANDER;PUT;Dic-26;6,50;12.93;47,91;;;155
08/09/26;SANTANDER;PUT;Dic-26;6,75;12.93;47,12;;;156
08/09/26;SANTANDER;PUT;Dic-26;7,00;12.93;46,33;;;10.171
08/09/26;SANTANDER;PUT;Dic-26;7,25;12.93;45,55;-0,01;;50
08/09/26;SANTANDER;PUT;Dic-26;7,50;12.93;44,76;-0,01;;18
08/09/26;SANTANDER;PUT;Dic-26;7,75;12.93;43,98;-0,01;;51
08/09/26;SANTANDER;PUT;Dic-26;8,00;12.93;43,19;-0,01;;34.888
08/09/26;SANTANDER;PUT;Dic-26;8,25;12.93;42,40;-0,02;;611
08/09/26;SANTANDER;PUT;Dic-26;8,50;12.93;41,62;-0,02;;15.882
08/09/26;SANTANDER;PUT;Dic-26;8,75;12.93;40,83;-0,03;;856
08/09/26;SANTANDER;PUT;Dic-26;9,00;12.93;40,04;-0,04;;5.090
08/09/26;SANTANDER;PUT;Dic-26;9,25;12.93;39,26;-0,04;;999
08/09/26;SANTANDER;PUT;Dic-26;9,50;12.93;38,47;-0,05;;34
08/09/26;SANTANDER;PUT;Dic-26;9,75;12.93;37,69;-0,07;;20
08/09/26;SANTANDER;PUT;Dic-26;10,00;12.93;36,90;-0,08;;90.011
08/09/26;SANTANDER;PUT;Dic-26;10,50;12.93;35,33;-0,12;1;15.225
08/09/26;SANTANDER;PUT;Dic-26;11,00;12.93;33,76;-0,16;;1.170
08/09/26;SANTANDER;PUT;Dic-26;11,50;12.93;32,18;-0,23;;81
08/09/26;SANTANDER;PUT;Dic-26;12,00;12.93;30,61;-0,31;;10.246
08/09/26;SANTANDER;PUT;Dic-26;12,50;12.93;29,04;-0,40;;186
08/09/26;SANTANDER;PUT;Dic-26;13,00;12.93;27,62;-0,50;;5.018
08/09/26;SANTANDER;PUT;Dic-26;13,50;12.93;27,17;-0,61;;100
08/09/26;SANTANDER;PUT;Dic-26;14,00;12.93;26,72;-0,71;;112
08/09/26;SANTANDER;PUT;Dic-26;16,00;12.93;24,91;-0,96;;1
08/09/26;SANTANDER;PUT;Mar-27;5,25;12.93;49,50;;;470
08/09/26;SANTANDER;PUT;Mar-27;5,50;12.93;48,80;;;150
08/09/26;SANTANDER;PUT;Mar-27;6,00;12.93;47,41;-0,01;;150
08/09/26;SANTANDER;PUT;Mar-27;6,75;12.93;45,32;-0,02;;371
08/09/26;SANTANDER;PUT;Mar-27;7,00;12.93;44,62;-0,02;;1
08/09/26;SANTANDER;PUT;Mar-27;7,25;12.93;43,93;-0,02;;16.000
08/09/26;SANTANDER;PUT;Mar-27;8,00;12.93;41,84;-0,04;;100
08/09/26;SANTANDER;PUT;Mar-27;8,25;12.93;41,14;-0,05;;5.400
08/09/26;SANTANDER;PUT;Mar-27;8,50;12.93;40,45;-0,06;;100
08/09/26;SANTANDER;PUT;Mar-27;8,75;12.93;39,75;-0,07;;5
08/09/26;SANTANDER;PUT;Mar-27;9,00;12.93;39,06;-0,08;;40
08/09/26;SANTANDER;PUT;Mar-27;9,25;12.93;38,36;-0,09;;3
08/09/26;SANTANDER;PUT;Mar-27;9,50;12.93;37,66;-0,10;;52.500
08/09/26;SANTANDER;PUT;Mar-27;9,75;12.93;36,97;-0,12;;6.700
08/09/26;SANTANDER;PUT;Mar-27;10,00;12.93;36,27;-0,13;;25
08/09/26;SANTANDER;PUT;Mar-27;10,50;12.93;34,88;-0,17;10;40
08/09/26;SANTANDER;PUT;Mar-27;11,00;12.93;33,49;-0,22;;9.547
08/09/26;SANTANDER;PUT;Mar-27;11,50;12.93;32,10;-0,27;;90
08/09/26;SANTANDER;PUT;Mar-27;12,00;12.93;30,70;-0,33;;457
08/09/26;SANTANDER;PUT;Mar-27;12,50;12.93;29,31;-0,40;;21
08/09/26;SANTANDER;PUT;Mar-27;13,00;12.93;28,06;-0,47;;14.500
08/09/26;SANTANDER;PUT;Mar-27;14,50;12.93;26,90;-0,70;;1
08/09/26;SANTANDER;PUT;Jun-27;3,00;12.93;51,13;;;15.000
08/09/26;SANTANDER;PUT;Jun-27;4,00;12.93;48,97;;;1
08/09/26;SANTANDER;PUT;Jun-27;5,50;12.93;45,72;-0,01;;42
08/09/26;SANTANDER;PUT;Jun-27;6,00;12.93;44,64;-0,02;;20.100
08/09/26;SANTANDER;PUT;Jun-27;7,00;12.93;42,47;-0,03;;5.155
08/09/26;SANTANDER;PUT;Jun-27;7,25;12.93;41,93;-0,04;;150
08/09/26;SANTANDER;PUT;Jun-27;7,50;12.93;41,39;-0,05;;813
08/09/26;SANTANDER;PUT;Jun-27;7,75;12.93;40,85;-0,06;;150
08/09/26;SANTANDER;PUT;Jun-27;8,00;12.93;40,31;-0,06;;6.000
08/09/26;SANTANDER;PUT;Jun-27;8,50;12.93;39,23;-0,08;;5.000
08/09/26;SANTANDER;PUT;Jun-27;8,75;12.93;38,68;-0,10;;10
08/09/26;SANTANDER;PUT;Jun-27;9,00;12.93;38,14;-0,11;;16.005
08/09/26;SANTANDER;PUT;Jun-27;9,50;12.93;37,06;-0,14;;5
08/09/26;SANTANDER;PUT;Jun-27;10,00;12.93;35,98;-0,17;;10.005
08/09/26;SANTANDER;PUT;Jun-27;10,50;12.93;34,90;-0,21;10;9.114
08/09/26;SANTANDER;PUT;Jun-27;11,50;12.93;32,73;-0,29;;5.260
08/09/26;SANTANDER;PUT;Jun-27;12,00;12.93;31,65;-0,35;;5.025
08/09/26;SANTANDER;PUT;Jun-27;12,50;12.93;30,57;-0,40;;366
08/09/26;SANTANDER;PUT;Jun-27;13,00;12.93;29,58;-0,46;1;15
08/09/26;SANTANDER;PUT;Sep-27;8,00;12.93;39,15;-0,08;;315
08/09/26;SANTANDER;PUT;Sep-27;9,50;12.93;36,40;-0,15;;263
08/09/26;SANTANDER;PUT;Sep-27;9,75;12.93;35,94;-0,17;;25
08/09/26;SANTANDER;PUT;Sep-27;10,00;12.93;35,49;-0,18;;5
08/09/26;SANTANDER;PUT;Sep-27;12,00;12.93;31,83;-0,35;;2
08/09/26;SANTANDER;PUT;Sep-27;13,00;12.93;30,07;-0,45;;3
08/09/26;SANTANDER;PUT;Dic-27;3,30;12.93;46,49;;;10
08/09/26;SANTANDER;PUT;Dic-27;3,50;12.93;46,15;;;10.040
08/09/26;SANTANDER;PUT;Dic-27;3,90;12.93;45,47;;;10
08/09/26;SANTANDER;PUT;Dic-27;4,00;12.93;45,30;-0,01;;42
08/09/26;SANTANDER;PUT;Dic-27;4,20;12.93;44,95;-0,01;;7.000
08/09/26;SANTANDER;PUT;Dic-27;4,40;12.93;44,61;-0,01;;51.025
08/09/26;SANTANDER;PUT;Dic-27;4,70;12.93;44,10;-0,01;;10
08/09/26;SANTANDER;PUT;Dic-27;5,25;12.93;43,17;-0,02;;11.500
08/09/26;SANTANDER;PUT;Dic-27;5,50;12.93;42,74;-0,02;;1
08/09/26;SANTANDER;PUT;Dic-27;5,75;12.93;42,32;-0,03;;50.000
08/09/26;SANTANDER;PUT;Dic-27;6,00;12.93;41,89;-0,03;;5.150
08/09/26;SANTANDER;PUT;Dic-27;6,25;12.93;41,47;-0,04;;150
08/09/26;SANTANDER;PUT;Dic-27;6,50;12.93;41,04;-0,04;;151
08/09/26;SANTANDER;PUT;Dic-27;6,75;12.93;40,62;-0,05;;150
08/09/26;SANTANDER;PUT;Dic-27;7,00;12.93;40,19;-0,06;;10.500
08/09/26;SANTANDER;PUT;Dic-27;7,25;12.93;39,77;-0,07;;325
08/09/26;SANTANDER;PUT;Dic-27;7,50;12.93;39,34;-0,07;;300
08/09/26;SANTANDER;PUT;Dic-27;7,75;12.93;38,92;-0,08;;5.000
08/09/26;SANTANDER;PUT;Dic-27;8,00;12.93;38,49;-0,09;;75
08/09/26;SANTANDER;PUT;Dic-27;8,50;12.93;37,64;-0,12;;10.003
08/09/26;SANTANDER;PUT;Dic-27;8,75;12.93;37,21;-0,13;;23
08/09/26;SANTANDER;PUT;Dic-27;9,00;12.93;36,79;-0,14;;4.000
08/09/26;SANTANDER;PUT;Dic-27;9,75;12.93;35,51;-0,18;;25.000
08/09/26;SANTANDER;PUT;Dic-27;10,00;12.93;35,09;-0,20;;40.176
08/09/26;SANTANDER;PUT;Dic-27;10,50;12.93;34,24;-0,23;;4.745
08/09/26;SANTANDER;PUT;Dic-27;11,00;12.93;33,39;-0,27;;30.002
08/09/26;SANTANDER;PUT;Dic-27;11,50;12.93;32,54;-0,31;;25
08/09/26;SANTANDER;PUT;Dic-27;12,00;12.93;31,69;-0,35;;302
08/09/26;SANTANDER;PUT;Dic-27;12,50;12.93;30,83;-0,40;;25
08/09/26;SANTANDER;PUT;Mar-28;9,00;12.93;35,85;-0,15;;3.150
08/09/26;SANTANDER;PUT;Mar-28;9,25;12.93;35,46;-0,16;;150
08/09/26;SANTANDER;PUT;Mar-28;9,75;12.93;34,67;-0,19;;5
08/09/26;SANTANDER;PUT;Mar-28;10,00;12.93;34,28;-0,21;;150
08/09/26;SANTANDER;PUT;Mar-28;10,50;12.93;33,49;-0,24;;387
08/09/26;SANTANDER;PUT;Mar-28;11,00;12.93;32,71;-0,27;;20.175
08/09/26;SANTANDER;PUT;Mar-28;12,00;12.93;31,14;-0,35;;150
08/09/26;SANTANDER;PUT;Mar-28;12,50;12.93;30,35;-0,39;;1
08/09/26;SANTANDER;PUT;Jun-28;5,00;12.93;41,02;-0,02;;10.000
08/09/26;SANTANDER;PUT;Jun-28;10,50;12.93;33,08;-0,25;;10.000
08/09/26;SANTANDER;PUT;Jun-28;11,00;12.93;32,36;-0,28;;381
08/09/26;SANTANDER;PUT;Jun-28;11,50;12.93;31,64;-0,32;;450
08/09/26;SANTANDER;PUT;Jun-28;12,00;12.93;30,92;-0,35;;602
08/09/26;SANTANDER;PUT;Jun-28;12,50;12.93;30,19;-0,39;;3.500
08/09/26;SANTANDER;PUT;Dic-28;4,20;12.93;40,26;-0,02;;10.000
08/09/26;SANTANDER;PUT;Dic-28;6,00;12.93;37,99;-0,05;;12.500
08/09/26;SANTANDER;PUT;Dic-28;8,00;12.93;35,46;-0,12;;15.500
08/09/26;SANTANDER;PUT;Dic-28;8,50;12.93;34,83;-0,15;;3.000
08/09/26;SANTANDER;PUT;Dic-28;9,00;12.93;34,20;-0,17;;5.000
08/09/26;SANTANDER;PUT;Dic-28;10,00;12.93;32,93;-0,23;;12.000
08/09/26;SANTANDER;PUT;Dic-29;3,90;12.93;38,71;-0,02;;3.250
08/09/26;SANTANDER;PUT;Dic-29;5,50;12.93;36,98;-0,06;;25.000
08/09/26;SANTANDER;PUT;Dic-29;8,00;12.93;34,27;-0,14;;11.000
08/09/26;SANTANDER;PUT;Dic-29;10,50;12.93;31,56;-0,27;;100
08/09/26;SANTANDER;PUT;Dic-30;6,00;12.93;35,56;-0,08;;10.000
08/09/26;SANTANDER;PUT;Dic-30;12,50;12.93;29,19;-0,37;;58
08/09/26;SANTANDER;PUT;Dic-30;13,00;12.93;28,74;-0,40;;185
08/09/26;SANTANDER;CALL;Sep-26;9,00;12.93;37,84;1,00;;10
08/09/26;SANTANDER;CALL;Sep-26;10,50;12.93;32,59;1,00;;40
08/09/26;SANTANDER;CALL;Sep-26;11,00;12.93;30,83;1,00;;40
08/09/26;SANTANDER;CALL;Sep-26;11,00;12.93;30,83;1,00;;10
08/09/26;SANTANDER;CALL;Sep-26;11,50;12.93;29,08;0,99;;10
08/09/26;SANTANDER;CALL;Sep-26;11,50;12.93;29,08;0,99;;60
08/09/26;SANTANDER;CALL;Sep-26;12,00;12.93;27,33;0,95;;4.030
08/09/26;SANTANDER;CALL;Sep-26;12,00;12.93;27,33;0,95;;20
08/09/26;SANTANDER;CALL;Sep-26;12,50;12.93;25,57;0,80;;80
08/09/26;SANTANDER;CALL;Sep-26;12,50;12.93;25,57;0,80;;20
08/09/26;SANTANDER;CALL;Sep-26;12,75;12.93;24,70;0,65;;20
08/09/26;SANTANDER;CALL;Sep-26;13,00;12.93;24,00;0,46;;10
08/09/26;SANTANDER;CALL;Sep-26;13,00;12.93;24,00;0,46;40;4.560
08/09/26;SANTANDER;CALL;Sep-26;13,50;12.93;23,56;0,14;;9.000
08/09/26;SANTANDER;CALL;Sep-26;13,50;12.93;23,56;0,14;;50
08/09/26;SANTANDER;CALL;Oct-26;11,00;12.93;32,22;0,95;;40
08/09/26;SANTANDER;CALL;Oct-26;12,00;12.93;28,98;0,81;;32
08/09/26;SANTANDER;CALL;Oct-26;12,50;12.93;27,35;0,67;;10
08/09/26;SANTANDER;CALL;Oct-26;13,00;12.93;25,89;0,50;20;80
08/09/26;SANTANDER;CALL;Oct-26;13,00;12.93;25,89;0,50;32;32
08/09/26;SANTANDER;CALL;Oct-26;13,50;12.93;25,42;0,33;;4.596
08/09/26;SANTANDER;CALL;Oct-26;14,00;12.93;24,96;0,18;;48.139
08/09/26;SANTANDER;CALL;Nov-26;10,50;12.93;35,39;0,91;;1
08/09/26;SANTANDER;CALL;Nov-26;11,00;12.93;33,81;0,86;;1
08/09/26;SANTANDER;CALL;Nov-26;13,00;12.93;27,62;0,49;;10
08/09/26;SANTANDER;CALL;Nov-26;13,50;12.93;27,15;0,37;;20
08/09/26;SANTANDER;CALL;Nov-26;13,50;12.93;27,15;0,37;;10
08/09/26;SANTANDER;CALL;Nov-26;14,00;12.93;26,69;0,26;;20
08/09/26;SANTANDER;CALL;Dic-26;6,50;12.93;49,19;0,99;;36
08/09/26;SANTANDER;CALL;Dic-26;8,00;12.93;44,47;0,98;;2
08/09/26;SANTANDER;CALL;Dic-26;8,50;12.93;42,90;0,97;;2
08/09/26;SANTANDER;CALL;Dic-26;8,75;12.93;42,11;0,96;;25
08/09/26;SANTANDER;CALL;Dic-26;9,00;12.93;41,32;0,95;;10
08/09/26;SANTANDER;CALL;Dic-26;10,00;12.93;38,18;0,91;;10
08/09/26;SANTANDER;CALL;Dic-26;10,50;12.93;36,61;0,87;;12
08/09/26;SANTANDER;CALL;Dic-26;12,00;12.93;31,89;0,69;;20
08/09/26;SANTANDER;CALL;Dic-26;12,50;12.93;30,32;0,60;;2
08/09/26;SANTANDER;CALL;Dic-26;13,50;12.93;28,45;0,40;;2
08/09/26;SANTANDER;CALL;Dic-26;14,00;12.93;28,00;0,31;;365
08/09/26;SANTANDER;CALL;Mar-27;4,00;12.93;54,81;0,99;;30
08/09/26;SANTANDER;CALL;Mar-27;5,00;12.93;52,03;0,98;;20
08/09/26;SANTANDER;CALL;Mar-27;10,00;12.93;38,11;0,85;;1
08/09/26;SANTANDER;CALL;Mar-27;12,50;12.93;31,15;0,60;;1
08/09/26;SANTANDER;CALL;Sep-27;11,00;12.93;34,72;0,72;;1
08/09/26;SANTANDER;CALL;Dic-27;10,00;12.93;36,48;0,77;;1
08/09/26;SANTANDER;CALL;Dic-27;14,00;12.93;30,77;0,46;;4
08/09/26;SANTANDER;CALL;Dic-28;6,00;12.93;41,41;0,88;;51
08/09/26;SANTANDER;CALL;Dic-28;7,00;12.93;40,14;0,85;;2
08/09/26;SANTANDER;PUT;Sep-26;6,25;12.93;50,45;;;1.700
08/09/26;SANTANDER;PUT;Sep-26;7,50;12.93;46,07;;;900
08/09/26;SANTANDER;PUT;Sep-26;8,25;12.93;43,44;;;50
08/09/26;SANTANDER;PUT;Sep-26;9,50;12.93;39,06;;;10
08/09/26;SANTANDER;PUT;Sep-26;10,50;12.93;35,56;;;30.010
08/09/26;SANTANDER;PUT;Sep-26;11,00;12.93;33,80;;;1
08/09/26;SANTANDER;PUT;Sep-26;11,50;12.93;32,05;-0,01;;11
08/09/26;SANTANDER;PUT;Sep-26;11,50;12.93;32,05;-0,01;;20
08/09/26;SANTANDER;PUT;Sep-26;12,00;12.93;30,30;-0,06;;20
08/09/26;SANTANDER;PUT;Sep-26;12,00;12.93;30,30;-0,06;;76
08/09/26;SANTANDER;PUT;Sep-26;12,50;12.93;28,54;-0,23;;200
08/09/26;SANTANDER;PUT;Sep-26;12,50;12.93;28,54;-0,23;;50
08/09/26;SANTANDER;PUT;Sep-26;12,75;12.93;27,67;-0,37;;30
08/09/26;SANTANDER;PUT;Sep-26;13,00;12.93;26,97;-0,53;;20
08/09/26;SANTANDER;PUT;Sep-26;13,00;12.93;26,97;-0,53;;131
08/09/26;SANTANDER;PUT;Sep-26;13,50;12.93;26,53;-0,82;;20
08/09/26;SANTANDER;PUT;Sep-26;14,00;12.93;26,09;-0,96;;20
08/09/26;SANTANDER;PUT;Oct-26;11,00;12.93;33,14;-0,06;;2
08/09/26;SANTANDER;PUT;Oct-26;11,50;12.93;31,52;-0,11;;1
08/09/26;SANTANDER;PUT;Oct-26;11,50;12.93;31,52;-0,11;;10
08/09/26;SANTANDER;PUT;Oct-26;12,00;12.93;29,90;-0,20;;32
08/09/26;SANTANDER;PUT;Oct-26;12,50;12.93;28,27;-0,33;;12
08/09/26;SANTANDER;PUT;Oct-26;12,50;12.93;28,27;-0,33;;20
08/09/26;SANTANDER;PUT;Oct-26;13,00;12.93;26,81;-0,49;20;80
08/09/26;SANTANDER;PUT;Oct-26;14,50;12.93;25,42;-0,90;5;20
08/09/26;SANTANDER;PUT;Nov-26;12,00;12.93;30,20;-0,28;;10
08/09/26;SANTANDER;PUT;Dic-26;6,75;12.93;47,12;;;2.800
08/09/26;SANTANDER;PUT;Dic-26;9,00;12.93;40,04;-0,04;;10
08/09/26;SANTANDER;PUT;Dic-26;9,75;12.93;37,69;-0,07;;26
08/09/26;SANTANDER;PUT;Dic-26;10,00;12.93;36,90;-0,08;;25
08/09/26;SANTANDER;PUT;Dic-26;10,50;12.93;35,33;-0,12;;4
08/09/26;SANTANDER;PUT;Dic-26;11,00;12.93;33,76;-0,16;;20
08/09/26;SANTANDER;PUT;Dic-26;11,00;12.93;33,76;-0,16;;10
08/09/26;SANTANDER;PUT;Dic-26;11,50;12.93;32,18;-0,22;;2
08/09/26;SANTANDER;PUT;Dic-26;12,00;12.93;30,61;-0,30;;26
08/09/26;SANTANDER;PUT;Dic-26;12,50;12.93;29,04;-0,39;;1
08/09/26;SANTANDER;PUT;Dic-26;13,00;12.93;27,62;-0,49;;1
08/09/26;SANTANDER;PUT;Mar-27;9,00;12.93;39,06;-0,08;;2
08/09/26;SANTANDER;PUT;Mar-27;12,50;12.93;29,31;-0,38;;1
08/09/26;SANTANDER;PUT;Jun-27;11,50;12.93;32,73;-0,29;;1
08/09/26;SANTANDER;PUT;Dic-29;10,50;12.93;31,56;-0,24;;60
08/09/26;SOLARIA;CALL;Sep-26;18,00;17.71;46,98;0,44;;25
08/09/26;SOLARIA;CALL;Nov-26;16,00;17.71;51,72;0,72;;3
08/09/26;SOLARIA;CALL;Dic-26;18,00;17.71;47,61;0,54;;9
08/09/26;SOLARIA;CALL;Jun-27;16,50;17.71;45,72;0,67;;4
08/09/26;SOLARIA;PUT;Sep-26;16,00;17.71;50,34;-0,10;;1.373
08/09/26;SOLARIA;PUT;Sep-26;16,50;17.71;49,36;-0,18;;3
08/09/26;SOLARIA;PUT;Sep-26;17,00;17.71;48,38;-0,29;;2
08/09/26;SOLARIA;PUT;Oct-26;15,00;17.71;53,50;-0,15;;4.000
08/09/26;SOLARIA;PUT;Nov-26;14,50;17.71;54,63;-0,17;;5
08/09/26;SOLARIA;PUT;Dic-26;14,50;17.71;53,56;-0,19;;3
08/09/26;SOLARIA;PUT;Dic-26;18,00;17.71;47,54;-0,47;;5
08/09/26;SOLARIA;PUT;Dic-26;22,00;17.71;46,19;-0,78;;25
08/09/26;SOLARIA;PUT;Dic-26;23,00;17.71;45,85;-0,84;;20
08/09/26;SOLARIA;PUT;Dic-26;25,00;17.71;45,17;-0,92;;20
08/09/26;TECNICAS REUNIDAS;CALL;Sep-26;29,32;26.52;43,31;0,09;;1
08/09/26;TECNICAS REUNIDAS;CALL;Sep-26;30,24;26.52;42,95;0,04;;10
08/09/26;TECNICAS REUNIDAS;CALL;Sep-26;31,15;26.52;42,60;0,01;;3
08/09/26;TECNICAS REUNIDAS;CALL;Sep-26;32,07;26.52;42,24;;;5
08/09/26;TECNICAS REUNIDAS;CALL;Sep-26;32,99;26.52;41,88;;;13
08/09/26;TECNICAS REUNIDAS;CALL;Sep-26;33,90;26.52;41,52;;;6
08/09/26;TECNICAS REUNIDAS;CALL;Sep-26;34,82;26.52;41,17;;;135
08/09/26;TECNICAS REUNIDAS;CALL;Sep-26;36,65;26.52;40,45;;;5
08/09/26;TECNICAS REUNIDAS;CALL;Oct-26;29,32;26.52;45,53;0,28;;3
08/09/26;TECNICAS REUNIDAS;CALL;Oct-26;30,24;26.52;45,14;0,21;;3
08/09/26;TECNICAS REUNIDAS;CALL;Oct-26;34,82;26.52;43,18;0,03;;2
08/09/26;TECNICAS REUNIDAS;CALL;Oct-26;36,65;26.52;42,40;0,01;;5
08/09/26;TECNICAS REUNIDAS;CALL;Nov-26;30,24;26.52;45,58;0,29;;3
08/09/26;TECNICAS REUNIDAS;CALL;Nov-26;33,90;26.52;43,97;0,12;;5
08/09/26;TECNICAS REUNIDAS;CALL;Nov-26;35,74;26.52;43,16;0,07;;5
08/09/26;TECNICAS REUNIDAS;CALL;Dic-26;27,49;26.52;49,96;0,49;;10
08/09/26;TECNICAS REUNIDAS;CALL;Dic-26;41,23;26.52;44,78;0,03;;5
08/09/26;TECNICAS REUNIDAS;CALL;Mar-27;20,00;26.52;58,43;0,82;;1
08/09/26;TECNICAS REUNIDAS;CALL;Mar-27;37,00;26.52;48,28;0,21;;1
08/09/26;TECNICAS REUNIDAS;CALL;Jun-27;29,00;26.52;46,97;0,49;;12
08/09/26;TECNICAS REUNIDAS;PUT;Sep-26;18,33;26.52;54,53;;;5
08/09/26;TECNICAS REUNIDAS;PUT;Sep-26;19,24;26.52;52,94;;;5
08/09/26;TECNICAS REUNIDAS;PUT;Sep-26;22,91;26.52;46,53;-0,03;;5
08/09/26;TECNICAS REUNIDAS;PUT;Sep-26;24,74;26.52;43,33;-0,16;;1
08/09/26;TECNICAS REUNIDAS;PUT;Sep-26;25,66;26.52;41,72;-0,30;;10
08/09/26;TECNICAS REUNIDAS;PUT;Sep-26;27,49;26.52;39,84;-0,69;;9
08/09/26;TECNICAS REUNIDAS;PUT;Oct-26;20,16;26.52;51,12;-0,04;;5
08/09/26;TECNICAS REUNIDAS;PUT;Oct-26;24,74;26.52;43,24;-0,28;;1
08/09/26;TECNICAS REUNIDAS;PUT;Nov-26;19,24;26.52;52,71;-0,08;;3
08/09/26;TECNICAS REUNIDAS;PUT;Nov-26;25,66;26.52;41,57;-0,44;;1
08/09/26;TECNICAS REUNIDAS;PUT;Dic-26;18,33;26.52;52,94;-0,08;;2
08/09/26;TECNICAS REUNIDAS;PUT;Dic-26;20,16;26.52;50,02;-0,14;;2
08/09/26;TECNICAS REUNIDAS;PUT;Dic-26;21,07;26.52;48,57;-0,17;;5
08/09/26;TECNICAS REUNIDAS;PUT;Dic-26;26,57;26.52;39,85;-0,51;;9
08/09/26;TECNICAS REUNIDAS;PUT;Dic-26;27,49;26.52;39,50;-0,57;;10
08/09/26;TECNICAS REUNIDAS;PUT;Mar-27;16,00;26.52;54,25;-0,08;;1
08/09/26;TECNICAS REUNIDAS;PUT;Mar-27;30,00;26.52;40,06;-0,64;;5
08/09/26;TECNICAS REUNIDAS;PUT;Jun-27;18,00;26.52;48,75;-0,14;;3
08/09/26;TECNICAS REUNIDAS;PUT;Jun-27;32,00;26.52;39,10;-0,67;;2
08/09/26;TECNICAS REUNIDAS;PUT;Dic-26;26,00;26.52;40,70;-0,46;;5
08/09/26;TECNICAS REUNIDAS;PUT;Dic-26;27,00;26.52;39,69;-0,53;;5
08/09/26;TELEFONICA;CALL;Sep-26;2,20;3.62;30,24;1,00;;2
08/09/26;TELEFONICA;CALL;Sep-26;3,50;3.62;19,60;0,86;;14
08/09/26;TELEFONICA;CALL;Sep-26;3,60;3.62;18,78;0,59;;165
08/09/26;TELEFONICA;CALL;Sep-26;3,70;3.62;18,36;0,26;;126
08/09/26;TELEFONICA;CALL;Sep-26;3,80;3.62;18,07;0,06;;1.013
08/09/26;TELEFONICA;CALL;Sep-26;3,90;3.62;17,77;0,01;;25
08/09/26;TELEFONICA;CALL;Sep-26;4,00;3.62;17,48;;;376
08/09/26;TELEFONICA;CALL;Sep-26;4,10;3.62;17,19;;;10.005
08/09/26;TELEFONICA;CALL;Sep-26;4,20;3.62;16,89;;;594
08/09/26;TELEFONICA;CALL;Sep-26;4,30;3.62;16,60;;;250
08/09/26;TELEFONICA;CALL;Sep-26;4,40;3.62;16,30;;;1.100
08/09/26;TELEFONICA;CALL;Sep-26;4,60;3.62;15,71;;;6
08/09/26;TELEFONICA;CALL;Oct-26;3,70;3.62;17,94;0,39;;38
08/09/26;TELEFONICA;CALL;Oct-26;3,80;3.62;17,66;0,22;;92
08/09/26;TELEFONICA;CALL;Oct-26;3,90;3.62;17,37;0,11;;2
08/09/26;TELEFONICA;CALL;Nov-26;3,70;3.62;19,84;0,45;;1
08/09/26;TELEFONICA;CALL;Nov-26;3,80;3.62;19,56;0,33;;14
08/09/26;TELEFONICA;CALL;Dic-26;2,90;3.62;26,02;0,96;;1
08/09/26;TELEFONICA;CALL;Dic-26;3,00;3.62;25,29;0,94;;10
08/09/26;TELEFONICA;CALL;Dic-26;3,30;3.62;23,11;0,81;;10
08/09/26;TELEFONICA;CALL;Dic-26;3,40;3.62;22,38;0,74;;65
08/09/26;TELEFONICA;CALL;Dic-26;3,50;3.62;21,65;0,66;;196
08/09/26;TELEFONICA;CALL;Dic-26;3,60;3.62;20,93;0,57;;86.509
08/09/26;TELEFONICA;CALL;Dic-26;3,70;3.62;20,54;0,47;;1.969
08/09/26;TELEFONICA;CALL;Dic-26;3,80;3.62;20,26;0,37;;2.330
08/09/26;TELEFONICA;CALL;Dic-26;3,90;3.62;19,97;0,28;;657
08/09/26;TELEFONICA;CALL;Dic-26;4,00;3.62;19,68;0,20;;120.750
08/09/26;TELEFONICA;CALL;Dic-26;4,10;3.62;19,40;0,14;;570
08/09/26;TELEFONICA;CALL;Dic-26;4,20;3.62;19,11;0,09;;1.214
08/09/26;TELEFONICA;CALL;Dic-26;4,30;3.62;18,83;0,05;;511
08/09/26;TELEFONICA;CALL;Dic-26;4,40;3.62;18,54;0,03;;14
08/09/26;TELEFONICA;CALL;Dic-26;4,50;3.62;18,26;0,02;;43.670
08/09/26;TELEFONICA;CALL;Dic-26;4,60;3.62;17,97;0,01;;35.000
08/09/26;TELEFONICA;CALL;Dic-26;4,70;3.62;17,69;;;20.010
08/09/26;TELEFONICA;CALL;Dic-26;4,90;3.62;17,12;;;8.004
08/09/26;TELEFONICA;CALL;Dic-26;5,00;3.62;16,83;;;771
08/09/26;TELEFONICA;CALL;Dic-26;5,25;3.62;16,12;;;8
08/09/26;TELEFONICA;CALL;Dic-26;5,50;3.62;15,41;;;2
08/09/26;TELEFONICA;CALL;Mar-27;2,20;3.62;29,27;0,99;;1
08/09/26;TELEFONICA;CALL;Mar-27;3,10;3.62;24,63;0,85;;30
08/09/26;TELEFONICA;CALL;Mar-27;3,20;3.62;24,12;0,81;;10
08/09/26;TELEFONICA;CALL;Mar-27;3,40;3.62;23,09;0,71;;1
08/09/26;TELEFONICA;CALL;Mar-27;3,50;3.62;22,57;0,65;;2
08/09/26;TELEFONICA;CALL;Mar-27;3,60;3.62;22,06;0,58;;52
08/09/26;TELEFONICA;CALL;Mar-27;3,70;3.62;21,71;0,51;;423
08/09/26;TELEFONICA;CALL;Mar-27;3,80;3.62;21,42;0,44;;3
08/09/26;TELEFONICA;CALL;Mar-27;3,90;3.62;21,12;0,38;;5
08/09/26;TELEFONICA;CALL;Mar-27;4,00;3.62;20,83;0,31;;140
08/09/26;TELEFONICA;CALL;Mar-27;4,20;3.62;20,24;0,20;;70
08/09/26;TELEFONICA;CALL;Mar-27;4,30;3.62;19,95;0,15;;4
08/09/26;TELEFONICA;CALL;Mar-27;4,40;3.62;19,65;0,12;;5.000
08/09/26;TELEFONICA;CALL;Mar-27;4,60;3.62;19,06;0,06;;20.000
08/09/26;TELEFONICA;CALL;Mar-27;4,80;3.62;18,47;0,03;;25
08/09/26;TELEFONICA;CALL;Jun-27;2,00;3.62;29,32;1,00;;10
08/09/26;TELEFONICA;CALL;Jun-27;3,00;3.62;25,36;0,86;;5
08/09/26;TELEFONICA;CALL;Jun-27;3,50;3.62;23,39;0,65;;1
08/09/26;TELEFONICA;CALL;Jun-27;3,60;3.62;22,99;0,59;;100
08/09/26;TELEFONICA;CALL;Jun-27;3,80;3.62;22,46;0,48;;26
08/09/26;TELEFONICA;CALL;Jun-27;3,90;3.62;22,21;0,43;;14
08/09/26;TELEFONICA;CALL;Jun-27;4,00;3.62;21,96;0,37;;58
08/09/26;TELEFONICA;CALL;Jun-27;4,10;3.62;21,72;0,32;;4.028
08/09/26;TELEFONICA;CALL;Jun-27;4,20;3.62;21,47;0,27;;24.007
08/09/26;TELEFONICA;CALL;Jun-27;4,30;3.62;21,22;0,23;;100
08/09/26;TELEFONICA;CALL;Jun-27;4,40;3.62;20,97;0,19;;456
08/09/26;TELEFONICA;CALL;Jun-27;4,50;3.62;20,72;0,15;;6.700
08/09/26;TELEFONICA;CALL;Jun-27;4,70;3.62;20,22;0,09;;10
08/09/26;TELEFONICA;CALL;Jun-27;4,80;3.62;19,98;0,07;;150
08/09/26;TELEFONICA;CALL;Jun-27;4,90;3.62;19,73;0,05;;150
08/09/26;TELEFONICA;CALL;Jun-27;5,00;3.62;19,48;0,04;;150
08/09/26;TELEFONICA;CALL;Jun-27;5,50;3.62;18,24;0,01;;5
08/09/26;TELEFONICA;CALL;Jun-27;5,75;3.62;17,62;;;20
08/09/26;TELEFONICA;CALL;Sep-27;3,70;3.62;23,35;0,54;;31
08/09/26;TELEFONICA;CALL;Sep-27;3,80;3.62;23,10;0,49;;4
08/09/26;TELEFONICA;CALL;Sep-27;3,90;3.62;22,85;0,44;;150
08/09/26;TELEFONICA;CALL;Sep-27;4,60;3.62;21,11;0,15;;2
08/09/26;TELEFONICA;CALL;Sep-27;5,50;3.62;18,88;0,01;;22
08/09/26;TELEFONICA;CALL;Dic-27;2,30;3.62;28,35;0,98;;10
08/09/26;TELEFONICA;CALL;Dic-27;2,40;3.62;28,07;0,96;;10
08/09/26;TELEFONICA;CALL;Dic-27;2,50;3.62;27,78;0,95;;10
08/09/26;TELEFONICA;CALL;Dic-27;2,60;3.62;27,50;0,93;;10
08/09/26;TELEFONICA;CALL;Dic-27;2,70;3.62;27,21;0,91;;25
08/09/26;TELEFONICA;CALL;Dic-27;2,80;3.62;26,93;0,89;;15
08/09/26;TELEFONICA;CALL;Dic-27;2,90;3.62;26,64;0,86;;15
08/09/26;TELEFONICA;CALL;Dic-27;3,10;3.62;26,07;0,79;;8
08/09/26;TELEFONICA;CALL;Dic-27;3,20;3.62;25,79;0,76;;750
08/09/26;TELEFONICA;CALL;Dic-27;3,50;3.62;24,93;0,63;;140
08/09/26;TELEFONICA;CALL;Dic-27;3,60;3.62;24,65;0,59;;22
08/09/26;TELEFONICA;CALL;Dic-27;3,70;3.62;24,42;0,54;1;10
08/09/26;TELEFONICA;CALL;Dic-27;3,80;3.62;24,21;0,50;;9.011
08/09/26;TELEFONICA;CALL;Dic-27;3,90;3.62;23,99;0,45;;1
08/09/26;TELEFONICA;CALL;Dic-27;4,00;3.62;23,78;0,41;;870
08/09/26;TELEFONICA;CALL;Dic-27;4,10;3.62;23,57;0,37;;102
08/09/26;TELEFONICA;CALL;Dic-27;4,20;3.62;23,36;0,33;;3
08/09/26;TELEFONICA;CALL;Dic-27;4,30;3.62;23,15;0,30;;36
08/09/26;TELEFONICA;CALL;Dic-27;4,40;3.62;22,94;0,26;;79
08/09/26;TELEFONICA;CALL;Dic-27;4,50;3.62;22,72;0,23;;139
08/09/26;TELEFONICA;CALL;Dic-27;4,60;3.62;22,51;0,20;;4.001
08/09/26;TELEFONICA;CALL;Dic-27;4,70;3.62;22,30;0,18;;30.150
08/09/26;TELEFONICA;CALL;Dic-27;5,00;3.62;21,67;0,11;;486
08/09/26;TELEFONICA;CALL;Dic-27;5,25;3.62;21,14;0,07;;167
08/09/26;TELEFONICA;CALL;Dic-27;5,50;3.62;20,61;0,04;;25
08/09/26;TELEFONICA;CALL;Dic-27;6,00;3.62;19,55;0,01;;21.105
08/09/26;TELEFONICA;CALL;Mar-28;2,10;3.62;29,06;0,98;;10
08/09/26;TELEFONICA;CALL;Mar-28;2,20;3.62;28,81;0,98;;10
08/09/26;TELEFONICA;CALL;Mar-28;2,30;3.62;28,57;0,97;;10
08/09/26;TELEFONICA;CALL;Mar-28;2,40;3.62;28,32;0,95;;10
08/09/26;TELEFONICA;CALL;Mar-28;2,50;3.62;28,07;0,93;;10
08/09/26;TELEFONICA;CALL;Mar-28;2,60;3.62;27,82;0,92;;10
08/09/26;TELEFONICA;CALL;Mar-28;2,70;3.62;27,57;0,89;;50
08/09/26;TELEFONICA;CALL;Mar-28;2,80;3.62;27,32;0,86;;15
08/09/26;TELEFONICA;CALL;Mar-28;2,90;3.62;27,08;0,84;;15
08/09/26;TELEFONICA;CALL;Mar-28;3,00;3.62;26,83;0,80;;20
08/09/26;TELEFONICA;CALL;Mar-28;3,10;3.62;26,58;0,77;;20
08/09/26;TELEFONICA;CALL;Mar-28;3,20;3.62;26,33;0,74;;27
08/09/26;TELEFONICA;CALL;Mar-28;3,30;3.62;26,08;0,70;;25
08/09/26;TELEFONICA;CALL;Mar-28;3,40;3.62;25,83;0,66;;521
08/09/26;TELEFONICA;CALL;Mar-28;3,50;3.62;25,59;0,62;;27
08/09/26;TELEFONICA;CALL;Mar-28;3,60;3.62;25,34;0,58;;26
08/09/26;TELEFONICA;CALL;Mar-28;3,70;3.62;25,13;0,55;;25
08/09/26;TELEFONICA;CALL;Mar-28;3,80;3.62;24,94;0,51;;1
08/09/26;TELEFONICA;CALL;Mar-28;4,00;3.62;24,55;0,44;;10
08/09/26;TELEFONICA;CALL;Mar-28;4,10;3.62;24,36;0,40;;1
08/09/26;TELEFONICA;CALL;Mar-28;4,50;3.62;23,59;0,28;;100
08/09/26;TELEFONICA;CALL;Mar-28;4,60;3.62;23,39;0,25;;1
08/09/26;TELEFONICA;CALL;Jun-28;4,00;3.62;24,88;0,45;;100
08/09/26;TELEFONICA;CALL;Jun-28;4,50;3.62;24,01;0,30;;2
08/09/26;TELEFONICA;CALL;Jun-28;4,60;3.62;23,83;0,27;;150
08/09/26;TELEFONICA;CALL;Jun-28;4,70;3.62;23,66;0,25;;175
08/09/26;TELEFONICA;CALL;Jun-28;5,00;3.62;23,13;0,18;;4
08/09/26;TELEFONICA;CALL;Sep-28;3,50;3.62;25,96;0,62;;30
08/09/26;TELEFONICA;CALL;Sep-28;4,00;3.62;25,14;0,46;;1
08/09/26;TELEFONICA;CALL;Dic-28;3,20;3.62;26,81;0,71;;25
08/09/26;TELEFONICA;CALL;Dic-28;3,50;3.62;26,31;0,62;30;30
08/09/26;TELEFONICA;CALL;Dic-28;3,80;3.62;25,85;0,53;;3
08/09/26;TELEFONICA;CALL;Dic-28;4,00;3.62;25,56;0,47;;18
08/09/26;TELEFONICA;CALL;Dic-28;4,50;3.62;24,82;0,34;;55
08/09/26;TELEFONICA;CALL;Dic-28;4,80;3.62;24,38;0,27;;10
08/09/26;TELEFONICA;CALL;Dic-28;5,00;3.62;24,08;0,22;;65
08/09/26;TELEFONICA;CALL;Dic-28;5,25;3.62;23,71;0,18;;50
08/09/26;TELEFONICA;CALL;Jun-29;4,50;3.62;25,67;0,37;;5
08/09/26;TELEFONICA;CALL;Dic-29;3,40;3.62;27,40;0,65;;10
08/09/26;TELEFONICA;CALL;Dic-29;4,30;3.62;26,40;0,44;;1
08/09/26;TELEFONICA;CALL;Dic-29;4,50;3.62;26,18;0,40;;32
08/09/26;TELEFONICA;CALL;Dic-29;5,00;3.62;25,63;0,30;;543
08/09/26;TELEFONICA;CALL;Jun-30;5,75;3.62;25,30;0,22;;250
08/09/26;TELEFONICA;CALL;Dic-30;4,50;3.62;26,87;0,43;;3
08/09/26;TELEFONICA;CALL;Jun-31;4,40;3.62;27,22;0,46;;50
08/09/26;TELEFONICA;PUT;Sep-26;2,60;3.62;28,29;;;4
08/09/26;TELEFONICA;PUT;Sep-26;2,70;3.62;27,47;;;5
08/09/26;TELEFONICA;PUT;Sep-26;2,90;3.62;25,83;;;28
08/09/26;TELEFONICA;PUT;Sep-26;3,00;3.62;25,01;;;2
08/09/26;TELEFONICA;PUT;Sep-26;3,10;3.62;24,19;;;20
08/09/26;TELEFONICA;PUT;Sep-26;3,20;3.62;23,37;;;23
08/09/26;TELEFONICA;PUT;Sep-26;3,30;3.62;22,55;-0,01;;142
08/09/26;TELEFONICA;PUT;Sep-26;3,40;3.62;21,74;-0,04;;94
08/09/26;TELEFONICA;PUT;Sep-26;3,50;3.62;20,92;-0,15;;196
08/09/26;TELEFONICA;PUT;Sep-26;3,60;3.62;20,10;-0,41;;233
08/09/26;TELEFONICA;PUT;Sep-26;3,70;3.62;19,68;-0,73;100;10.100
08/09/26;TELEFONICA;PUT;Sep-26;3,80;3.62;19,39;-0,93;;227
08/09/26;TELEFONICA;PUT;Sep-26;3,90;3.62;19,09;-1,00;;305
08/09/26;TELEFONICA;PUT;Sep-26;4,00;3.62;18,80;-1,00;;20
08/09/26;TELEFONICA;PUT;Sep-26;4,10;3.62;18,51;-1,00;;15
08/09/26;TELEFONICA;PUT;Sep-26;4,20;3.62;18,21;-1,00;;7
08/09/26;TELEFONICA;PUT;Sep-26;4,30;3.62;17,92;-1,00;;6
08/09/26;TELEFONICA;PUT;Oct-26;3,50;3.62;20,42;-0,28;;53
08/09/26;TELEFONICA;PUT;Oct-26;3,60;3.62;19,64;-0,44;1;46
08/09/26;TELEFONICA;PUT;Oct-26;4,00;3.62;18,38;-0,97;;25
08/09/26;TELEFONICA;PUT;Nov-26;3,40;3.62;22,44;-0,24;;30
08/09/26;TELEFONICA;PUT;Nov-26;3,50;3.62;21,67;-0,33;;21
08/09/26;TELEFONICA;PUT;Nov-26;3,60;3.62;20,90;-0,44;;4
08/09/26;TELEFONICA;PUT;Dic-26;2,50;3.62;29,33;-0,01;;8
08/09/26;TELEFONICA;PUT;Dic-26;2,80;3.62;27,15;-0,03;;100
08/09/26;TELEFONICA;PUT;Dic-26;2,90;3.62;26,43;-0,04;;50
08/09/26;TELEFONICA;PUT;Dic-26;3,00;3.62;25,70;-0,07;;13
08/09/26;TELEFONICA;PUT;Dic-26;3,10;3.62;24,97;-0,10;;212
08/09/26;TELEFONICA;PUT;Dic-26;3,20;3.62;24,24;-0,14;;177
08/09/26;TELEFONICA;PUT;Dic-26;3,30;3.62;23,52;-0,19;;46
08/09/26;TELEFONICA;PUT;Dic-26;3,40;3.62;22,79;-0,26;;65.243
08/09/26;TELEFONICA;PUT;Dic-26;3,50;3.62;22,06;-0,34;;20.219
08/09/26;TELEFONICA;PUT;Dic-26;3,60;3.62;21,34;-0,44;;95.172
08/09/26;TELEFONICA;PUT;Dic-26;3,70;3.62;20,95;-0,54;;320
08/09/26;TELEFONICA;PUT;Dic-26;3,80;3.62;20,67;-0,64;;348
08/09/26;TELEFONICA;PUT;Dic-26;3,90;3.62;20,38;-0,73;;2.732
08/09/26;TELEFONICA;PUT;Dic-26;4,00;3.62;20,09;-0,82;;107.538
08/09/26;TELEFONICA;PUT;Dic-26;4,10;3.62;19,81;-0,89;;1
08/09/26;TELEFONICA;PUT;Dic-26;4,20;3.62;19,52;-0,95;;13
08/09/26;TELEFONICA;PUT;Dic-26;4,30;3.62;19,24;-0,99;;83
08/09/26;TELEFONICA;PUT;Dic-26;4,50;3.62;18,67;-1,00;;37.510
08/09/26;TELEFONICA;PUT;Dic-26;4,60;3.62;18,38;-1,00;;15.000
08/09/26;TELEFONICA;PUT;Mar-27;3,10;3.62;24,31;-0,15;;8
08/09/26;TELEFONICA;PUT;Mar-27;3,20;3.62;23,80;-0,19;;33
08/09/26;TELEFONICA;PUT;Mar-27;3,30;3.62;23,28;-0,24;;1
08/09/26;TELEFONICA;PUT;Mar-27;3,40;3.62;22,77;-0,30;;7
08/09/26;TELEFONICA;PUT;Mar-27;3,50;3.62;22,25;-0,36;;38
08/09/26;TELEFONICA;PUT;Mar-27;3,60;3.62;21,74;-0,43;;60
08/09/26;TELEFONICA;PUT;Mar-27;3,70;3.62;21,39;-0,50;;19
08/09/26;TELEFONICA;PUT;Mar-27;3,80;3.62;21,10;-0,58;;220
08/09/26;TELEFONICA;PUT;Mar-27;3,90;3.62;20,80;-0,65;;724
08/09/26;TELEFONICA;PUT;Mar-27;4,00;3.62;20,51;-0,72;;674
08/09/26;TELEFONICA;PUT;Mar-27;4,10;3.62;20,22;-0,79;;29
08/09/26;TELEFONICA;PUT;Mar-27;4,20;3.62;19,92;-0,85;;600
08/09/26;TELEFONICA;PUT;Mar-27;4,40;3.62;19,33;-0,97;;5.000
08/09/26;TELEFONICA;PUT;Mar-27;4,50;3.62;19,04;-1,00;;5
08/09/26;TELEFONICA;PUT;Mar-27;4,60;3.62;18,74;-1,00;;20.000
08/09/26;TELEFONICA;PUT;Jun-27;3,10;3.62;22,11;-0,21;;2
08/09/26;TELEFONICA;PUT;Jun-27;3,20;3.62;21,71;-0,26;;15
08/09/26;TELEFONICA;PUT;Jun-27;3,30;3.62;21,32;-0,31;;25
08/09/26;TELEFONICA;PUT;Jun-27;3,40;3.62;20,92;-0,37;;41
08/09/26;TELEFONICA;PUT;Jun-27;3,50;3.62;20,53;-0,43;;52
08/09/26;TELEFONICA;PUT;Jun-27;3,60;3.62;20,13;-0,50;;25.100
08/09/26;TELEFONICA;PUT;Jun-27;3,70;3.62;19,85;-0,56;;22
08/09/26;TELEFONICA;PUT;Jun-27;3,80;3.62;19,60;-0,62;;4.565
08/09/26;TELEFONICA;PUT;Jun-27;3,90;3.62;19,35;-0,68;;19
08/09/26;TELEFONICA;PUT;Jun-27;4,00;3.62;19,10;-0,73;;10
08/09/26;TELEFONICA;PUT;Jun-27;4,10;3.62;18,86;-0,78;;20
08/09/26;TELEFONICA;PUT;Jun-27;4,20;3.62;18,61;-0,83;;20
08/09/26;TELEFONICA;PUT;Jun-27;4,30;3.62;18,36;-0,86;;20
08/09/26;TELEFONICA;PUT;Jun-27;4,40;3.62;18,11;-0,90;;5
08/09/26;TELEFONICA;PUT;Jun-27;4,60;3.62;17,61;-0,94;;4
08/09/26;TELEFONICA;PUT;Jun-27;5,00;3.62;16,62;-0,99;;96
08/09/26;TELEFONICA;PUT;Jun-27;5,50;3.62;15,38;-1,00;;240
08/09/26;TELEFONICA;PUT;Sep-27;2,50;3.62;22,55;-0,05;;20
08/09/26;TELEFONICA;PUT;Sep-27;2,90;3.62;21,26;-0,14;;30
08/09/26;TELEFONICA;PUT;Sep-27;3,00;3.62;20,94;-0,18;;6
08/09/26;TELEFONICA;PUT;Sep-27;3,10;3.62;20,61;-0,22;;1
08/09/26;TELEFONICA;PUT;Sep-27;3,70;3.62;18,74;-0,55;;2
08/09/26;TELEFONICA;PUT;Sep-27;3,80;3.62;18,49;-0,61;;1
08/09/26;TELEFONICA;PUT;Sep-27;4,00;3.62;17,99;-0,72;;4
08/09/26;TELEFONICA;PUT;Sep-27;4,10;3.62;17,75;-0,77;;1
08/09/26;TELEFONICA;PUT;Sep-27;4,20;3.62;17,50;-0,81;;2
08/09/26;TELEFONICA;PUT;Sep-27;5,00;3.62;15,51;-0,99;;1
08/09/26;TELEFONICA;PUT;Sep-27;5,75;3.62;13,65;-1,00;;25
08/09/26;TELEFONICA;PUT;Dic-27;2,20;3.62;24,68;-0,03;;6.000
08/09/26;TELEFONICA;PUT;Dic-27;2,80;3.62;22,97;-0,14;;3
08/09/26;TELEFONICA;PUT;Dic-27;3,00;3.62;22,40;-0,20;;7.500
08/09/26;TELEFONICA;PUT;Dic-27;3,20;3.62;21,83;-0,28;;1
08/09/26;TELEFONICA;PUT;Dic-27;3,30;3.62;21,54;-0,33;;5
08/09/26;TELEFONICA;PUT;Dic-27;3,40;3.62;21,26;-0,37;;10
08/09/26;TELEFONICA;PUT;Dic-27;3,50;3.62;20,97;-0,42;;10
08/09/26;TELEFONICA;PUT;Dic-27;3,60;3.62;20,69;-0,47;;30.000
08/09/26;TELEFONICA;PUT;Dic-27;3,70;3.62;20,46;-0,52;;5
08/09/26;TELEFONICA;PUT;Dic-27;3,80;3.62;20,25;-0,57;;9.003
08/09/26;TELEFONICA;PUT;Dic-27;4,00;3.62;19,82;-0,67;;20.003
08/09/26;TELEFONICA;PUT;Dic-27;4,10;3.62;19,61;-0,71;;3
08/09/26;TELEFONICA;PUT;Dic-27;4,20;3.62;19,40;-0,76;;1
08/09/26;TELEFONICA;PUT;Dic-27;4,30;3.62;19,19;-0,79;;4
08/09/26;TELEFONICA;PUT;Dic-27;4,40;3.62;18,98;-0,83;;3
08/09/26;TELEFONICA;PUT;Dic-27;4,50;3.62;18,76;-0,86;;3
08/09/26;TELEFONICA;PUT;Dic-27;4,60;3.62;18,55;-0,89;;250
08/09/26;TELEFONICA;PUT;Dic-27;4,70;3.62;18,34;-0,91;;30.000
08/09/26;TELEFONICA;PUT;Dic-27;5,00;3.62;17,71;-0,96;;5
08/09/26;TELEFONICA;PUT;Dic-27;5,50;3.62;16,65;-0,99;;5
08/09/26;TELEFONICA;PUT;Mar-28;2,70;3.62;23,67;-0,13;;4
08/09/26;TELEFONICA;PUT;Mar-28;3,30;3.62;22,18;-0,33;;6
08/09/26;TELEFONICA;PUT;Mar-28;3,80;3.62;21,04;-0,55;;1
08/09/26;TELEFONICA;PUT;Mar-28;3,90;3.62;20,84;-0,60;;40
08/09/26;TELEFONICA;PUT;Mar-28;4,00;3.62;20,65;-0,64;;25
08/09/26;TELEFONICA;PUT;Mar-28;4,30;3.62;20,07;-0,76;;2
08/09/26;TELEFONICA;PUT;Mar-28;4,50;3.62;19,69;-0,83;;1
08/09/26;TELEFONICA;PUT;Mar-28;4,60;3.62;19,49;-0,86;;1
08/09/26;TELEFONICA;PUT;Mar-28;4,90;3.62;18,91;-0,92;;2
08/09/26;TELEFONICA;PUT;Mar-28;5,25;3.62;18,24;-0,97;;4
08/09/26;TELEFONICA;PUT;Mar-28;5,50;3.62;17,75;-0,99;;17
08/09/26;TELEFONICA;PUT;Jun-28;3,60;3.62;21,71;-0,48;;3
08/09/26;TELEFONICA;PUT;Jun-28;4,10;3.62;20,83;-0,67;;25
08/09/26;TELEFONICA;PUT;Sep-28;4,00;3.62;21,29;-0,61;;25
08/09/26;TELEFONICA;PUT;Sep-28;4,20;3.62;20,98;-0,68;;25
08/09/26;TELEFONICA;PUT;Dic-28;3,00;3.62;23,13;-0,26;;20.000
08/09/26;TELEFONICA;PUT;Dic-28;3,50;3.62;22,30;-0,43;;5
08/09/26;TELEFONICA;PUT;Dic-28;4,80;3.62;20,37;-0,82;;50
08/09/26;TELEFONICA;PUT;Dic-29;3,50;3.62;22,85;-0,43;;150
08/09/26;TELEFONICA;CALL;Sep-26;3,50;3.62;19,60;0,86;;1
08/09/26;TELEFONICA;CALL;Sep-26;3,60;3.62;18,78;0,59;;2
08/09/26;TELEFONICA;CALL;Sep-26;3,90;3.62;17,77;0,01;;85
08/09/26;TELEFONICA;CALL;Sep-26;4,00;3.62;17,48;;;32
08/09/26;TELEFONICA;CALL;Dic-26;3,70;3.62;20,54;0,47;;4
08/09/26;TELEFONICA;CALL;Dic-26;4,30;3.62;18,83;0,05;;27
08/09/26;TELEFONICA;CALL;Dic-26;5,25;3.62;16,12;;;190
08/09/26;TELEFONICA;CALL;Mar-27;3,80;3.62;21,42;0,44;;40
08/09/26;TELEFONICA;CALL;Sep-27;3,70;3.62;23,35;0,48;;10
08/09/26;TELEFONICA;PUT;Sep-26;3,30;3.62;22,55;-0,01;;5
08/09/26;TELEFONICA;PUT;Sep-26;3,80;3.62;19,39;-0,92;;10
08/09/26;TELEFONICA;PUT;Sep-26;4,00;3.62;18,80;-1,00;;700
08/09/26;TELEFONICA;PUT;Sep-26;4,30;3.62;17,92;-1,00;;100
08/09/26;TELEFONICA;PUT;Sep-26;4,50;3.62;17,33;-1,00;;112
08/09/26;TELEFONICA;PUT;Sep-26;4,70;3.62;16,74;-1,00;;5
08/09/26;TELEFONICA;PUT;Dic-26;3,40;3.62;22,79;-0,26;;4
08/09/26;TELEFONICA;PUT;Dic-26;3,90;3.62;20,38;-0,71;;10
08/09/26;TELEFONICA;PUT;Dic-26;4,20;3.62;19,52;-0,90;;50
08/09/26;TELEFONICA;PUT;Dic-26;4,40;3.62;18,95;-0,96;;5
08/09/26;TELEFONICA;PUT;Dic-26;7,50;3.62;10,94;-0,99;;5
08/09/26;TELEFONICA;PUT;Dic-26;9,50;3.62;10,94;-0,99;;50
08/09/26;TELEFONICA;PUT;Dic-26;11,00;3.62;10,94;-0,99;;52
08/09/26;TELEFONICA;PUT;Dic-26;12,00;3.62;10,94;-0,99;;361
08/09/26;TELEFONICA;PUT;Dic-26;16,50;3.62;10,94;-0,99;;14
08/09/26;TELEFONICA;PUT;Mar-27;3,20;3.62;23,80;-0,19;;800
08/09/26;TELEFONICA;PUT;Mar-27;3,40;3.62;22,77;-0,29;;1.000
08/09/26;TELEFONICA;PUT;Mar-27;3,60;3.62;21,74;-0,41;;1.200
08/09/26;TELEFONICA;PUT;Mar-27;3,80;3.62;21,10;-0,55;;40
08/09/26;TELEFONICA;PUT;Mar-27;7,75;3.62;11,06;-0,99;;750
08/09/26;TELEFONICA;PUT;Jun-27;4,90;3.62;16,87;-0,96;;5
08/09/26;TELEFONICA;PUT;Jun-27;5,50;3.62;15,38;-0,98;;585
08/09/26;UNICAJA;CALL;Sep-26;2,80;3.59;27,33;1,00;;7
08/09/26;UNICAJA;CALL;Sep-26;3,50;3.59;27,00;0,72;;160
08/09/26;UNICAJA;CALL;Dic-26;3,40;3.59;27,89;0,64;;68
08/09/26;UNICAJA;CALL;Dic-26;3,50;3.59;27,84;0,55;;80
08/09/26;UNICAJA;CALL;Mar-27;3,30;3.59;28,73;0,68;;3
08/09/26;UNICAJA;PUT;Sep-26;2,70;3.59;21,19;;;200
08/09/26;UNICAJA;PUT;Sep-26;3,00;3.59;21,05;;;25
08/09/26;UNICAJA;PUT;Sep-26;3,20;3.59;20,96;;;25
08/09/26;UNICAJA;PUT;Sep-26;3,40;3.59;20,87;-0,06;;25
08/09/26;UNICAJA;PUT;Sep-26;3,50;3.59;20,82;-0,23;;25
08/09/26;UNICAJA;PUT;Dic-26;2,30;3.59;22,37;;;5
08/09/26;UNICAJA;PUT;Dic-26;2,50;3.59;22,27;;;4
08/09/26;UNICAJA;PUT;Dic-26;4,00;3.59;21,39;-0,89;;30
08/09/26;VIDRALA;CALL;Sep-26;80,00;88.1;16,48;1,00;;1
08/09/26;VIDRALA;CALL;Dic-26;80,00;88.1;19,90;0,85;;1
08/09/26;VIDRALA;CALL;Dic-26;88,00;88.1;18,45;0,55;;4
08/09/26;VIDRALA;CALL;Dic-26;90,00;88.1;18,31;0,46;;1
08/09/26;VIDRALA;CALL;Mar-27;84,00;88.1;18,89;0,70;;1
08/09/26;VIDRALA;CALL;Mar-27;90,00;88.1;18,32;0,49;;15
08/09/26;VIDRALA;PUT;Sep-26;66,67;88.1;19,52;;;2
08/09/26;VIDRALA;PUT;Sep-26;74,29;88.1;18,02;;;1
08/09/26;VIDRALA;PUT;Sep-26;81,90;88.1;16,52;;;11
08/09/26;VIDRALA;PUT;Dic-26;60,00;88.1;23,84;;;1
08/09/26;VIDRALA;PUT;Dic-26;72,00;88.1;21,66;-0,03;;1
08/09/26;VIDRALA;PUT;Dic-26;74,00;88.1;21,30;-0,05;;3
08/09/26;VIDRALA;PUT;Dic-26;80,00;88.1;20,21;-0,16;;2
08/09/26;VIDRALA;PUT;Mar-27;58,00;88.1;20,79;;;1
08/09/26;VIDRALA;PUT;Mar-27;72,00;88.1;19,15;-0,07;;3
08/09/26;VIDRALA;PUT;Mar-27;76,00;88.1;18,68;-0,13;;10
08/09/26;VISCOFAN;CALL;Sep-26;45,20;56.7;24,43;1,00;;1
08/09/26;VISCOFAN;CALL;Sep-26;49,13;56.7;21,89;1,00;;1
08/09/26;VISCOFAN;CALL;Sep-26;53,06;56.7;19,34;0,98;;2
08/09/26;VISCOFAN;CALL;Sep-26;55,02;56.7;18,08;0,85;;5
08/09/26;VISCOFAN;CALL;Sep-26;56,99;56.7;16,73;0,44;;5
08/09/26;VISCOFAN;CALL;Sep-26;58,95;56.7;15,01;0,06;;45
08/09/26;VISCOFAN;CALL;Sep-26;60,92;56.7;13,27;;;12
08/09/26;VISCOFAN;CALL;Sep-26;64,85;56.7;9,80;;;1
08/09/26;VISCOFAN;CALL;Oct-26;60,92;56.7;14,52;0,07;;5
08/09/26;VISCOFAN;CALL;Dic-26;62,89;56.7;15,09;0,12;;2
08/09/26;VISCOFAN;CALL;Dic-26;64,85;56.7;15,00;0,06;;1
08/09/26;VISCOFAN;CALL;Mar-27;55,02;56.7;18,54;0,64;;1
08/09/26;VISCOFAN;CALL;Mar-27;56,99;56.7;17,61;0,52;;1
08/09/26;VISCOFAN;CALL;Mar-27;58,95;56.7;17,54;0,40;;4
08/09/26;VISCOFAN;CALL;Mar-27;72,71;56.7;17,06;0,02;;1
08/09/26;VISCOFAN;CALL;Jun-27;60,92;56.7;17,89;0,34;;1
08/09/26;VISCOFAN;CALL;Jun-27;70,75;56.7;17,14;0,07;;5
08/09/26;VISCOFAN;PUT;Sep-26;40,29;56.7;28,98;;;1
08/09/26;VISCOFAN;PUT;Sep-26;42,25;56.7;27,71;;;3
08/09/26;VISCOFAN;PUT;Sep-26;43,23;56.7;27,08;;;3
08/09/26;VISCOFAN;PUT;Sep-26;44,22;56.7;26,44;;;4
08/09/26;VISCOFAN;PUT;Sep-26;45,20;56.7;25,81;;;2
08/09/26;VISCOFAN;PUT;Sep-26;46,18;56.7;25,17;;;4
08/09/26;VISCOFAN;PUT;Sep-26;47,16;56.7;24,54;;;4
08/09/26;VISCOFAN;PUT;Sep-26;49,13;56.7;23,27;;;12
08/09/26;VISCOFAN;PUT;Sep-26;51,09;56.7;22,00;;;6
08/09/26;VISCOFAN;PUT;Sep-26;53,06;56.7;20,72;-0,02;;37
08/09/26;VISCOFAN;PUT;Sep-26;55,02;56.7;19,46;-0,17;;15
08/09/26;VISCOFAN;PUT;Sep-26;56,99;56.7;18,11;-0,56;;10
08/09/26;VISCOFAN;PUT;Sep-26;58,95;56.7;16,39;-0,93;;3
08/09/26;VISCOFAN;PUT;Oct-26;45,20;56.7;23,39;;;2
08/09/26;VISCOFAN;PUT;Oct-26;51,09;56.7;19,79;-0,04;;1
08/09/26;VISCOFAN;PUT;Oct-26;53,06;56.7;18,59;-0,12;1;5
08/09/26;VISCOFAN;PUT;Oct-26;55,02;56.7;17,39;-0,27;;2
08/09/26;VISCOFAN;PUT;Nov-26;51,09;56.7;20,61;-0,11;1;1
08/09/26;VISCOFAN;PUT;Dic-26;40,29;56.7;28,64;-0,01;;2
08/09/26;VISCOFAN;PUT;Dic-26;42,25;56.7;27,38;-0,02;;1
08/09/26;VISCOFAN;PUT;Dic-26;43,23;56.7;26,75;-0,02;;1
08/09/26;VISCOFAN;PUT;Dic-26;44,22;56.7;26,12;-0,03;;12
08/09/26;VISCOFAN;PUT;Dic-26;45,20;56.7;25,49;-0,04;;1
08/09/26;VISCOFAN;PUT;Dic-26;47,16;56.7;24,23;-0,06;;2
08/09/26;VISCOFAN;PUT;Dic-26;48,15;56.7;23,60;-0,08;;1
08/09/26;VISCOFAN;PUT;Dic-26;49,13;56.7;22,97;-0,10;;6
08/09/26;VISCOFAN;PUT;Dic-26;51,09;56.7;21,71;-0,15;;7
08/09/26;VISCOFAN;PUT;Dic-26;53,06;56.7;20,45;-0,24;;12
08/09/26;VISCOFAN;PUT;Dic-26;55,02;56.7;19,20;-0,34;;2
08/09/26;VISCOFAN;PUT;Mar-27;48,15;56.7;19,01;-0,12;;1
08/09/26;VISCOFAN;PUT;Mar-27;49,13;56.7;18,48;-0,15;;7
08/09/26;VISCOFAN;PUT;Mar-27;51,09;56.7;17,41;-0,22;;12
08/09/26;VISCOFAN;PUT;Mar-27;53,06;56.7;16,33;-0,31;;7
08/09/26;VISCOFAN;PUT;Mar-27;56,99;56.7;14,33;-0,56;;5
08/09/26;VISCOFAN;PUT;Jun-27;44,22;56.7;19,90;-0,08;;2
08/09/26;VISCOFAN;PUT;Jun-27;45,20;56.7;19,46;-0,10;;5
08/09/26;VISCOFAN;PUT;Jun-27;51,09;56.7;16,79;-0,26;;2
08/09/26;VISCOFAN;PUT;Jun-27;53,06;56.7;15,90;-0,34;;3
08/09/26;VISCOFAN;PUT;Dic-27;44,22;56.7;18,86;-0,11;;1
08/09/26;VISCOFAN;PUT;Dic-28;44,22;56.7;18,03;-0,17;;1
