fecha_boletin;accion;tipo;fecha_vencimiento;strike;spot;volatilidad_cierre;delta_cierre;volumen_contratos;posicion_abierta
10/08/26;MINI IBEX-35;CALL;Ago-26;16.500;20173.0;27,71;1,00;;4
10/08/26;MINI IBEX-35;CALL;Ago-26;17.000;20173.0;25,63;1,00;;1
10/08/26;MINI IBEX-35;CALL;Ago-26;17.500;20173.0;23,55;1,00;;1
10/08/26;MINI IBEX-35;CALL;Ago-26;17.700;20173.0;22,72;1,00;1;1
10/08/26;MINI IBEX-35;CALL;Ago-26;18.000;20173.0;21,47;1,00;;13
10/08/26;MINI IBEX-35;CALL;Ago-26;18.050;20173.0;21,26;1,00;;1
10/08/26;MINI IBEX-35;CALL;Ago-26;18.150;20173.0;20,84;1,00;;4
10/08/26;MINI IBEX-35;CALL;Ago-26;18.200;20173.0;20,64;1,00;;1
10/08/26;MINI IBEX-35;CALL;Ago-26;18.300;20173.0;20,22;1,00;;2
10/08/26;MINI IBEX-35;CALL;Ago-26;18.350;20173.0;20,01;1,00;;1
10/08/26;MINI IBEX-35;CALL;Ago-26;18.400;20173.0;19,81;1,00;;6
10/08/26;MINI IBEX-35;CALL;Ago-26;18.450;20173.0;19,60;1,00;;1
10/08/26;MINI IBEX-35;CALL;Ago-26;18.500;20173.0;19,39;0,99;;12
10/08/26;MINI IBEX-35;CALL;Ago-26;18.600;20173.0;18,97;0,99;;3
10/08/26;MINI IBEX-35;CALL;Ago-26;18.800;20173.0;18,14;0,99;;6
10/08/26;MINI IBEX-35;CALL;Ago-26;18.850;20173.0;17,93;0,99;;1
10/08/26;MINI IBEX-35;CALL;Ago-26;18.900;20173.0;17,73;0,98;;6
10/08/26;MINI IBEX-35;CALL;Ago-26;19.000;20173.0;17,31;0,98;;21
10/08/26;MINI IBEX-35;CALL;Ago-26;19.100;20173.0;16,89;0,97;;3
10/08/26;MINI IBEX-35;CALL;Ago-26;19.150;20173.0;16,69;0,97;;1
10/08/26;MINI IBEX-35;CALL;Ago-26;19.200;20173.0;16,48;0,96;;78
10/08/26;MINI IBEX-35;CALL;Ago-26;19.300;20173.0;16,06;0,95;;9
10/08/26;MINI IBEX-35;CALL;Ago-26;19.350;20173.0;15,86;0,94;;7
10/08/26;MINI IBEX-35;CALL;Ago-26;19.400;20173.0;15,65;0,93;;6
10/08/26;MINI IBEX-35;CALL;Ago-26;19.450;20173.0;15,44;0,92;;2
10/08/26;MINI IBEX-35;CALL;Ago-26;19.500;20173.0;15,23;0,91;;26
10/08/26;MINI IBEX-35;CALL;Ago-26;19.550;20173.0;15,02;0,90;;2
10/08/26;MINI IBEX-35;CALL;Ago-26;19.600;20173.0;14,82;0,88;;62
10/08/26;MINI IBEX-35;CALL;Ago-26;19.650;20173.0;14,61;0,86;;6
10/08/26;MINI IBEX-35;CALL;Ago-26;19.700;20173.0;14,40;0,84;;108
10/08/26;MINI IBEX-35;CALL;Ago-26;19.750;20173.0;14,19;0,82;;100
10/08/26;MINI IBEX-35;CALL;Ago-26;19.800;20173.0;13,98;0,80;;138
10/08/26;MINI IBEX-35;CALL;Ago-26;19.850;20173.0;13,78;0,77;;102
10/08/26;MINI IBEX-35;CALL;Ago-26;19.900;20173.0;13,57;0,74;;113
10/08/26;MINI IBEX-35;CALL;Ago-26;19.950;20173.0;13,36;0,71;;72
10/08/26;MINI IBEX-35;CALL;Ago-26;20.000;20173.0;13,15;0,67;;219
10/08/26;MINI IBEX-35;CALL;Ago-26;20.050;20173.0;12,94;0,64;;2
10/08/26;MINI IBEX-35;CALL;Ago-26;20.100;20173.0;12,74;0,59;;87
10/08/26;MINI IBEX-35;CALL;Ago-26;20.150;20173.0;12,53;0,55;2;3
10/08/26;MINI IBEX-35;CALL;Ago-26;20.200;20173.0;12,32;0,51;4;32
10/08/26;MINI IBEX-35;CALL;Ago-26;20.250;20173.0;12,21;0,46;;2
10/08/26;MINI IBEX-35;CALL;Ago-26;20.300;20173.0;12,11;0,41;1;15
10/08/26;MINI IBEX-35;CALL;Ago-26;20.350;20173.0;12,01;0,37;;1
10/08/26;MINI IBEX-35;CALL;Ago-26;20.400;20173.0;11,91;0,32;4;7
10/08/26;MINI IBEX-35;CALL;Ago-26;20.450;20173.0;11,80;0,28;1;10
10/08/26;MINI IBEX-35;CALL;Ago-26;20.500;20173.0;11,70;0,24;;11
10/08/26;MINI IBEX-35;CALL;Ago-26;20.600;20173.0;11,50;0,17;6;25
10/08/26;MINI IBEX-35;CALL;Ago-26;20.700;20173.0;11,29;0,11;3;4
10/08/26;MINI IBEX-35;CALL;Ago-26;20.800;20173.0;11,09;0,07;;2
10/08/26;MINI IBEX-35;CALL;Ago-26;20.900;20173.0;10,88;0,04;;1
10/08/26;MINI IBEX-35;CALL;Ago-26;21.000;20173.0;10,68;0,02;;2
10/08/26;MINI IBEX-35;CALL;Ago-26;21.050;20173.0;10,58;0,01;;1
10/08/26;MINI IBEX-35;CALL;Sep-26;7.500;20173.0;58,49;1,00;;3
10/08/26;MINI IBEX-35;CALL;Sep-26;12.200;20173.0;42,16;1,00;;32
10/08/26;MINI IBEX-35;CALL;Sep-26;14.000;20173.0;35,91;1,00;;5
10/08/26;MINI IBEX-35;CALL;Sep-26;15.000;20173.0;32,43;1,00;;2
10/08/26;MINI IBEX-35;CALL;Sep-26;15.500;20173.0;30,69;0,99;;1
10/08/26;MINI IBEX-35;CALL;Sep-26;16.000;20173.0;28,96;0,99;;5.500
10/08/26;MINI IBEX-35;CALL;Sep-26;16.400;20173.0;27,57;0,99;;3
10/08/26;MINI IBEX-35;CALL;Sep-26;16.500;20173.0;27,22;0,99;;1
10/08/26;MINI IBEX-35;CALL;Sep-26;17.000;20173.0;25,48;0,98;;3
10/08/26;MINI IBEX-35;CALL;Sep-26;17.200;20173.0;24,79;0,98;;1
10/08/26;MINI IBEX-35;CALL;Sep-26;17.300;20173.0;24,44;0,97;;5
10/08/26;MINI IBEX-35;CALL;Sep-26;17.400;20173.0;24,09;0,97;;3
10/08/26;MINI IBEX-35;CALL;Sep-26;17.500;20173.0;23,74;0,97;;7
10/08/26;MINI IBEX-35;CALL;Sep-26;17.600;20173.0;23,40;0,97;;2
10/08/26;MINI IBEX-35;CALL;Sep-26;18.000;20173.0;22,01;0,95;;103
10/08/26;MINI IBEX-35;CALL;Sep-26;18.100;20173.0;21,66;0,94;;1
10/08/26;MINI IBEX-35;CALL;Sep-26;18.200;20173.0;21,31;0,94;;6
10/08/26;MINI IBEX-35;CALL;Sep-26;18.300;20173.0;20,96;0,93;;3
10/08/26;MINI IBEX-35;CALL;Sep-26;18.400;20173.0;20,62;0,92;;2
10/08/26;MINI IBEX-35;CALL;Sep-26;18.500;20173.0;20,27;0,91;;22
10/08/26;MINI IBEX-35;CALL;Sep-26;18.600;20173.0;19,92;0,90;;1
10/08/26;MINI IBEX-35;CALL;Sep-26;18.700;20173.0;19,57;0,89;;1
10/08/26;MINI IBEX-35;CALL;Sep-26;18.900;20173.0;18,88;0,87;;2
10/08/26;MINI IBEX-35;CALL;Sep-26;18.950;20173.0;18,71;0,86;;2
10/08/26;MINI IBEX-35;CALL;Sep-26;19.000;20173.0;18,53;0,86;;9
10/08/26;MINI IBEX-35;CALL;Sep-26;19.100;20173.0;18,18;0,84;;18
10/08/26;MINI IBEX-35;CALL;Sep-26;19.200;20173.0;17,84;0,82;;5
10/08/26;MINI IBEX-35;CALL;Sep-26;19.250;20173.0;17,66;0,81;;1
10/08/26;MINI IBEX-35;CALL;Sep-26;19.300;20173.0;17,49;0,80;;4
10/08/26;MINI IBEX-35;CALL;Sep-26;19.350;20173.0;17,32;0,79;;5
10/08/26;MINI IBEX-35;CALL;Sep-26;19.400;20173.0;17,14;0,78;;11
10/08/26;MINI IBEX-35;CALL;Sep-26;19.450;20173.0;16,97;0,77;;3
10/08/26;MINI IBEX-35;CALL;Sep-26;19.500;20173.0;16,79;0,76;;37
10/08/26;MINI IBEX-35;CALL;Sep-26;19.550;20173.0;16,62;0,74;;1
10/08/26;MINI IBEX-35;CALL;Sep-26;19.650;20173.0;16,27;0,72;;1
10/08/26;MINI IBEX-35;CALL;Sep-26;19.700;20173.0;16,10;0,70;;4
10/08/26;MINI IBEX-35;CALL;Sep-26;19.750;20173.0;15,93;0,69;;3
10/08/26;MINI IBEX-35;CALL;Sep-26;19.800;20173.0;15,75;0,67;;6
10/08/26;MINI IBEX-35;CALL;Sep-26;19.900;20173.0;15,40;0,64;;105
10/08/26;MINI IBEX-35;CALL;Sep-26;19.950;20173.0;15,23;0,62;;2
10/08/26;MINI IBEX-35;CALL;Sep-26;20.000;20173.0;15,06;0,60;;86
10/08/26;MINI IBEX-35;CALL;Sep-26;20.050;20173.0;14,88;0,58;;10
10/08/26;MINI IBEX-35;CALL;Sep-26;20.100;20173.0;14,71;0,57;;8
10/08/26;MINI IBEX-35;CALL;Sep-26;20.150;20173.0;14,54;0,55;;1
10/08/26;MINI IBEX-35;CALL;Sep-26;20.200;20173.0;14,36;0,53;;3
10/08/26;MINI IBEX-35;CALL;Sep-26;20.250;20173.0;14,21;0,50;;11
10/08/26;MINI IBEX-35;CALL;Sep-26;20.300;20173.0;14,12;0,48;;45
10/08/26;MINI IBEX-35;CALL;Sep-26;20.400;20173.0;13,96;0,44;;2
10/08/26;MINI IBEX-35;CALL;Sep-26;20.450;20173.0;13,87;0,42;1;1
10/08/26;MINI IBEX-35;CALL;Sep-26;20.500;20173.0;13,79;0,40;;2
10/08/26;MINI IBEX-35;CALL;Sep-26;20.550;20173.0;13,71;0,38;;1
10/08/26;MINI IBEX-35;CALL;Sep-26;20.600;20173.0;13,62;0,35;;1
10/08/26;MINI IBEX-35;CALL;Sep-26;20.650;20173.0;13,54;0,33;;100
10/08/26;MINI IBEX-35;CALL;Sep-26;20.700;20173.0;13,46;0,31;;82
10/08/26;MINI IBEX-35;CALL;Sep-26;20.750;20173.0;13,37;0,29;;100
10/08/26;MINI IBEX-35;CALL;Sep-26;21.000;20173.0;12,96;0,20;;2
10/08/26;MINI IBEX-35;CALL;Sep-26;21.200;20173.0;12,62;0,14;;21
10/08/26;MINI IBEX-35;CALL;Sep-26;21.300;20173.0;12,46;0,11;;5
10/08/26;MINI IBEX-35;CALL;Sep-26;24.000;20173.0;7,97;;;5.500
10/08/26;MINI IBEX-35;CALL;Oct-26;19.450;20173.0;17,82;0,70;;1
10/08/26;MINI IBEX-35;CALL;Oct-26;19.550;20173.0;17,51;0,68;;1
10/08/26;MINI IBEX-35;CALL;Oct-26;20.650;20173.0;14,76;0,38;;100
10/08/26;MINI IBEX-35;CALL;Oct-26;20.700;20173.0;14,68;0,37;;100
10/08/26;MINI IBEX-35;CALL;Oct-26;20.750;20173.0;14,60;0,35;;100
10/08/26;MINI IBEX-35;CALL;Dic-26;8.300;20173.0;47,72;0,99;;655
10/08/26;MINI IBEX-35;CALL;Dic-26;8.600;20173.0;46,93;0,99;;1.250
10/08/26;MINI IBEX-35;CALL;Dic-26;10.500;20173.0;41,95;0,99;;30
10/08/26;MINI IBEX-35;CALL;Dic-26;12.000;20173.0;38,01;0,98;;12
10/08/26;MINI IBEX-35;CALL;Dic-26;12.200;20173.0;37,49;0,98;;32
10/08/26;MINI IBEX-35;CALL;Dic-26;13.000;20173.0;35,39;0,98;;1
10/08/26;MINI IBEX-35;CALL;Dic-26;14.800;20173.0;30,67;0,95;;32
10/08/26;MINI IBEX-35;CALL;Dic-26;15.300;20173.0;29,36;0,94;;1
10/08/26;MINI IBEX-35;CALL;Dic-26;16.000;20173.0;27,52;0,92;;10
10/08/26;MINI IBEX-35;CALL;Dic-26;16.400;20173.0;26,47;0,91;;6.000
10/08/26;MINI IBEX-35;CALL;Dic-26;16.700;20173.0;25,69;0,90;;1.500
10/08/26;MINI IBEX-35;CALL;Dic-26;16.900;20173.0;25,16;0,89;;5
10/08/26;MINI IBEX-35;CALL;Dic-26;17.000;20173.0;24,90;0,88;;19
10/08/26;MINI IBEX-35;CALL;Dic-26;17.100;20173.0;24,64;0,88;;5
10/08/26;MINI IBEX-35;CALL;Dic-26;17.200;20173.0;24,37;0,87;;1
10/08/26;MINI IBEX-35;CALL;Dic-26;17.300;20173.0;24,11;0,87;;1
10/08/26;MINI IBEX-35;CALL;Dic-26;17.400;20173.0;23,85;0,86;;8
10/08/26;MINI IBEX-35;CALL;Dic-26;17.500;20173.0;23,59;0,85;;1.006
10/08/26;MINI IBEX-35;CALL;Dic-26;17.600;20173.0;23,33;0,85;;11
10/08/26;MINI IBEX-35;CALL;Dic-26;17.700;20173.0;23,06;0,84;;5.007
10/08/26;MINI IBEX-35;CALL;Dic-26;17.800;20173.0;22,80;0,83;;92
10/08/26;MINI IBEX-35;CALL;Dic-26;17.900;20173.0;22,54;0,82;;5.004
10/08/26;MINI IBEX-35;CALL;Dic-26;18.000;20173.0;22,28;0,82;;6
10/08/26;MINI IBEX-35;CALL;Dic-26;18.100;20173.0;22,01;0,81;;1
10/08/26;MINI IBEX-35;CALL;Dic-26;18.300;20173.0;21,49;0,79;;5
10/08/26;MINI IBEX-35;CALL;Dic-26;18.400;20173.0;21,23;0,78;;1
10/08/26;MINI IBEX-35;CALL;Dic-26;18.500;20173.0;20,96;0,77;;6.004
10/08/26;MINI IBEX-35;CALL;Dic-26;18.600;20173.0;20,70;0,76;;1
10/08/26;MINI IBEX-35;CALL;Dic-26;18.900;20173.0;19,92;0,73;;1
10/08/26;MINI IBEX-35;CALL;Dic-26;19.000;20173.0;19,65;0,71;;4
10/08/26;MINI IBEX-35;CALL;Dic-26;19.100;20173.0;19,39;0,70;;1
10/08/26;MINI IBEX-35;CALL;Dic-26;19.200;20173.0;19,13;0,69;;4
10/08/26;MINI IBEX-35;CALL;Dic-26;19.300;20173.0;18,87;0,67;;2
10/08/26;MINI IBEX-35;CALL;Dic-26;19.500;20173.0;18,34;0,64;;4
10/08/26;MINI IBEX-35;CALL;Dic-26;19.600;20173.0;18,08;0,63;;1
10/08/26;MINI IBEX-35;CALL;Dic-26;19.700;20173.0;17,82;0,61;;1
10/08/26;MINI IBEX-35;CALL;Dic-26;19.800;20173.0;17,55;0,59;;3
10/08/26;MINI IBEX-35;CALL;Dic-26;19.900;20173.0;17,29;0,57;;6
10/08/26;MINI IBEX-35;CALL;Dic-26;20.000;20173.0;17,03;0,56;;9
10/08/26;MINI IBEX-35;CALL;Dic-26;20.100;20173.0;16,77;0,54;;2
10/08/26;MINI IBEX-35;CALL;Dic-26;20.200;20173.0;16,51;0,52;;1
10/08/26;MINI IBEX-35;CALL;Dic-26;20.300;20173.0;16,36;0,50;;1
10/08/26;MINI IBEX-35;CALL;Dic-26;20.400;20173.0;16,22;0,48;;2
10/08/26;MINI IBEX-35;CALL;Dic-26;20.500;20173.0;16,08;0,46;;6.004
10/08/26;MINI IBEX-35;CALL;Dic-26;20.600;20173.0;15,94;0,44;;7
10/08/26;MINI IBEX-35;CALL;Dic-26;20.700;20173.0;15,81;0,41;1;1
10/08/26;MINI IBEX-35;CALL;Dic-26;20.900;20173.0;15,53;0,37;;1
10/08/26;MINI IBEX-35;CALL;Dic-26;21.000;20173.0;15,39;0,35;;5.193
10/08/26;MINI IBEX-35;CALL;Dic-26;21.200;20173.0;15,11;0,31;;6
10/08/26;MINI IBEX-35;CALL;Dic-26;21.300;20173.0;14,97;0,29;;3
10/08/26;MINI IBEX-35;CALL;Dic-26;21.700;20173.0;14,42;0,22;;3
10/08/26;MINI IBEX-35;CALL;Dic-26;21.900;20173.0;14,14;0,18;;1
10/08/26;MINI IBEX-35;CALL;Dic-26;22.000;20173.0;14,00;0,16;;3
10/08/26;MINI IBEX-35;CALL;Dic-26;22.200;20173.0;13,73;0,13;;3
10/08/26;MINI IBEX-35;CALL;Mar-27;12.600;20173.0;33,80;0,96;;1
10/08/26;MINI IBEX-35;CALL;Mar-27;13.000;20173.0;32,92;0,95;;2
10/08/26;MINI IBEX-35;CALL;Mar-27;13.500;20173.0;31,83;0,95;;3
10/08/26;MINI IBEX-35;CALL;Mar-27;13.900;20173.0;30,95;0,94;;3
10/08/26;MINI IBEX-35;CALL;Mar-27;14.000;20173.0;30,73;0,94;;1
10/08/26;MINI IBEX-35;CALL;Mar-27;14.100;20173.0;30,51;0,93;;1
10/08/26;MINI IBEX-35;CALL;Mar-27;15.300;20173.0;27,89;0,90;;3
10/08/26;MINI IBEX-35;CALL;Mar-27;17.000;20173.0;24,17;0,83;;2
10/08/26;MINI IBEX-35;CALL;Mar-27;17.900;20173.0;22,20;0,78;;1
10/08/26;MINI IBEX-35;CALL;Mar-27;18.000;20173.0;21,98;0,77;;750
10/08/26;MINI IBEX-35;CALL;Mar-27;18.500;20173.0;20,88;0,73;;2
10/08/26;MINI IBEX-35;CALL;Mar-27;19.000;20173.0;19,79;0,68;;1
10/08/26;MINI IBEX-35;CALL;Mar-27;20.100;20173.0;17,38;0,54;;1
10/08/26;MINI IBEX-35;CALL;Mar-27;20.500;20173.0;16,74;0,48;;1
10/08/26;MINI IBEX-35;CALL;Mar-27;20.600;20173.0;16,62;0,47;;1
10/08/26;MINI IBEX-35;CALL;Mar-27;20.700;20173.0;16,49;0,45;;1
10/08/26;MINI IBEX-35;CALL;Mar-27;20.800;20173.0;16,37;0,44;;1
10/08/26;MINI IBEX-35;CALL;Jun-27;18.500;20173.0;21,03;0,69;;2
10/08/26;MINI IBEX-35;CALL;Jun-27;19.000;20173.0;20,04;0,64;;2
10/08/26;MINI IBEX-35;CALL;Jun-27;19.200;20173.0;19,65;0,62;;6
10/08/26;MINI IBEX-35;CALL;Jun-27;22.000;20173.0;15,56;0,29;;1
10/08/26;MINI IBEX-35;CALL;Jun-27;24.000;20173.0;13,14;0,08;;3
10/08/26;MINI IBEX-35;CALL;Sep-27;19.800;20173.0;18,93;0,55;;1
10/08/26;MINI IBEX-35;CALL;Dic-27;14.000;20173.0;28,99;0,86;;2
10/08/26;MINI IBEX-35;CALL;Dic-27;16.200;20173.0;25,26;0,78;;32
10/08/26;MINI IBEX-35;CALL;Dic-27;16.300;20173.0;25,09;0,78;;96
10/08/26;MINI IBEX-35;CALL;Dic-27;16.400;20173.0;24,92;0,77;;32
10/08/26;MINI IBEX-35;CALL;Dic-27;16.500;20173.0;24,75;0,77;;32
10/08/26;MINI IBEX-35;CALL;Dic-27;16.700;20173.0;24,41;0,76;;32
10/08/26;MINI IBEX-35;CALL;Dic-27;17.600;20173.0;22,89;0,71;;32
10/08/26;MINI IBEX-35;CALL;Dic-27;19.400;20173.0;19,84;0,58;;6.750
10/08/26;MINI IBEX-35;CALL;Dic-27;19.500;20173.0;19,67;0,57;;4
10/08/26;MINI IBEX-35;CALL;Dic-27;20.500;20173.0;18,27;0,48;;1
10/08/26;MINI IBEX-35;CALL;Mar-28;18.400;20173.0;21,58;0,65;;32
10/08/26;MINI IBEX-35;CALL;Mar-28;18.500;20173.0;21,43;0,64;;32
10/08/26;MINI IBEX-35;CALL;Mar-28;18.600;20173.0;21,27;0,64;;32
10/08/26;MINI IBEX-35;CALL;Dic-28;16.800;20173.0;22,85;0,70;;1.800
10/08/26;MINI IBEX-35;PUT;Ago-26;15.000;20173.0;33,94;;;115
10/08/26;MINI IBEX-35;PUT;Ago-26;15.700;20173.0;31,03;;;10
10/08/26;MINI IBEX-35;PUT;Ago-26;15.800;20173.0;30,62;;;1
10/08/26;MINI IBEX-35;PUT;Ago-26;15.900;20173.0;30,20;;;290
10/08/26;MINI IBEX-35;PUT;Ago-26;16.000;20173.0;29,78;;;1
10/08/26;MINI IBEX-35;PUT;Ago-26;16.200;20173.0;28,95;;;73
10/08/26;MINI IBEX-35;PUT;Ago-26;16.300;20173.0;28,54;;;1
10/08/26;MINI IBEX-35;PUT;Ago-26;16.400;20173.0;28,12;;;1
10/08/26;MINI IBEX-35;PUT;Ago-26;16.500;20173.0;27,71;;;26
10/08/26;MINI IBEX-35;PUT;Ago-26;16.600;20173.0;27,29;;;11
10/08/26;MINI IBEX-35;PUT;Ago-26;16.700;20173.0;26,87;;;4
10/08/26;MINI IBEX-35;PUT;Ago-26;16.800;20173.0;26,46;;;13
10/08/26;MINI IBEX-35;PUT;Ago-26;16.850;20173.0;26,25;;;9
10/08/26;MINI IBEX-35;PUT;Ago-26;16.950;20173.0;25,83;;;1
10/08/26;MINI IBEX-35;PUT;Ago-26;17.000;20173.0;25,63;;;6
10/08/26;MINI IBEX-35;PUT;Ago-26;17.100;20173.0;25,21;;;17
10/08/26;MINI IBEX-35;PUT;Ago-26;17.150;20173.0;25,00;;;1
10/08/26;MINI IBEX-35;PUT;Ago-26;17.200;20173.0;24,79;;;2
10/08/26;MINI IBEX-35;PUT;Ago-26;17.250;20173.0;24,59;;;1
10/08/26;MINI IBEX-35;PUT;Ago-26;17.300;20173.0;24,38;;;4
10/08/26;MINI IBEX-35;PUT;Ago-26;17.350;20173.0;24,17;;;1
10/08/26;MINI IBEX-35;PUT;Ago-26;17.400;20173.0;23,96;;;1
10/08/26;MINI IBEX-35;PUT;Ago-26;17.450;20173.0;23,76;;;1
10/08/26;MINI IBEX-35;PUT;Ago-26;17.500;20173.0;23,55;;;9
10/08/26;MINI IBEX-35;PUT;Ago-26;17.550;20173.0;23,34;;;30
10/08/26;MINI IBEX-35;PUT;Ago-26;17.600;20173.0;23,13;;;105
10/08/26;MINI IBEX-35;PUT;Ago-26;17.700;20173.0;22,72;;;2
10/08/26;MINI IBEX-35;PUT;Ago-26;17.750;20173.0;22,51;;;1
10/08/26;MINI IBEX-35;PUT;Ago-26;17.800;20173.0;22,30;;;4
10/08/26;MINI IBEX-35;PUT;Ago-26;17.850;20173.0;22,09;;;1
10/08/26;MINI IBEX-35;PUT;Ago-26;17.900;20173.0;21,88;;;10
10/08/26;MINI IBEX-35;PUT;Ago-26;17.950;20173.0;21,68;;;2
10/08/26;MINI IBEX-35;PUT;Ago-26;18.000;20173.0;21,47;;;25
10/08/26;MINI IBEX-35;PUT;Ago-26;18.050;20173.0;21,26;;;2
10/08/26;MINI IBEX-35;PUT;Ago-26;18.100;20173.0;21,05;;;69
10/08/26;MINI IBEX-35;PUT;Ago-26;18.150;20173.0;20,84;;;2
10/08/26;MINI IBEX-35;PUT;Ago-26;18.200;20173.0;20,64;;;7
10/08/26;MINI IBEX-35;PUT;Ago-26;18.250;20173.0;20,43;;;4
10/08/26;MINI IBEX-35;PUT;Ago-26;18.300;20173.0;20,22;;;5
10/08/26;MINI IBEX-35;PUT;Ago-26;18.350;20173.0;20,01;;;5
10/08/26;MINI IBEX-35;PUT;Ago-26;18.400;20173.0;19,81;;;4
10/08/26;MINI IBEX-35;PUT;Ago-26;18.450;20173.0;19,60;;;102
10/08/26;MINI IBEX-35;PUT;Ago-26;18.500;20173.0;19,39;;;8
10/08/26;MINI IBEX-35;PUT;Ago-26;18.550;20173.0;19,18;-0,01;;1
10/08/26;MINI IBEX-35;PUT;Ago-26;18.600;20173.0;18,97;-0,01;;11
10/08/26;MINI IBEX-35;PUT;Ago-26;18.650;20173.0;18,77;-0,01;;4
10/08/26;MINI IBEX-35;PUT;Ago-26;18.700;20173.0;18,56;-0,01;;78
10/08/26;MINI IBEX-35;PUT;Ago-26;18.750;20173.0;18,35;-0,01;;5
10/08/26;MINI IBEX-35;PUT;Ago-26;18.800;20173.0;18,14;-0,01;;4
10/08/26;MINI IBEX-35;PUT;Ago-26;18.850;20173.0;17,93;-0,01;;2
10/08/26;MINI IBEX-35;PUT;Ago-26;18.900;20173.0;17,73;-0,02;;15
10/08/26;MINI IBEX-35;PUT;Ago-26;18.950;20173.0;17,52;-0,02;;1
10/08/26;MINI IBEX-35;PUT;Ago-26;19.000;20173.0;17,31;-0,02;;22
10/08/26;MINI IBEX-35;PUT;Ago-26;19.050;20173.0;17,10;-0,02;;5
10/08/26;MINI IBEX-35;PUT;Ago-26;19.100;20173.0;16,89;-0,03;4;6
10/08/26;MINI IBEX-35;PUT;Ago-26;19.150;20173.0;16,69;-0,03;;2
10/08/26;MINI IBEX-35;PUT;Ago-26;19.200;20173.0;16,48;-0,04;1;17
10/08/26;MINI IBEX-35;PUT;Ago-26;19.250;20173.0;16,27;-0,04;;7
10/08/26;MINI IBEX-35;PUT;Ago-26;19.300;20173.0;16,06;-0,05;;10
10/08/26;MINI IBEX-35;PUT;Ago-26;19.350;20173.0;15,86;-0,06;;77
10/08/26;MINI IBEX-35;PUT;Ago-26;19.400;20173.0;15,65;-0,07;;24
10/08/26;MINI IBEX-35;PUT;Ago-26;19.450;20173.0;15,44;-0,08;;79
10/08/26;MINI IBEX-35;PUT;Ago-26;19.500;20173.0;15,23;-0,09;2;16
10/08/26;MINI IBEX-35;PUT;Ago-26;19.550;20173.0;15,02;-0,10;;21
10/08/26;MINI IBEX-35;PUT;Ago-26;19.600;20173.0;14,82;-0,12;1;74
10/08/26;MINI IBEX-35;PUT;Ago-26;19.650;20173.0;14,61;-0,14;;3
10/08/26;MINI IBEX-35;PUT;Ago-26;19.700;20173.0;14,40;-0,16;;104
10/08/26;MINI IBEX-35;PUT;Ago-26;19.750;20173.0;14,19;-0,18;;6
10/08/26;MINI IBEX-35;PUT;Ago-26;19.800;20173.0;13,98;-0,20;2;42
10/08/26;MINI IBEX-35;PUT;Ago-26;19.850;20173.0;13,78;-0,23;1;24
10/08/26;MINI IBEX-35;PUT;Ago-26;19.900;20173.0;13,57;-0,26;;123
10/08/26;MINI IBEX-35;PUT;Ago-26;19.950;20173.0;13,36;-0,29;;1
10/08/26;MINI IBEX-35;PUT;Ago-26;20.000;20173.0;13,15;-0,33;5;163
10/08/26;MINI IBEX-35;PUT;Ago-26;20.050;20173.0;12,94;-0,36;2;106
10/08/26;MINI IBEX-35;PUT;Ago-26;20.100;20173.0;12,74;-0,40;1;15
10/08/26;MINI IBEX-35;PUT;Ago-26;20.150;20173.0;12,53;-0,45;;7
10/08/26;MINI IBEX-35;PUT;Ago-26;20.200;20173.0;12,32;-0,49;3;105
10/08/26;MINI IBEX-35;PUT;Ago-26;20.300;20173.0;12,11;-0,59;1;21
10/08/26;MINI IBEX-35;PUT;Ago-26;20.500;20173.0;11,70;-0,76;;2
10/08/26;MINI IBEX-35;PUT;Sep-26;13.000;20173.0;39,20;;;2
10/08/26;MINI IBEX-35;PUT;Sep-26;13.100;20173.0;38,85;;;2
10/08/26;MINI IBEX-35;PUT;Sep-26;13.500;20173.0;37,46;;;2
10/08/26;MINI IBEX-35;PUT;Sep-26;13.600;20173.0;37,12;;;1
10/08/26;MINI IBEX-35;PUT;Sep-26;13.700;20173.0;36,77;;;2
10/08/26;MINI IBEX-35;PUT;Sep-26;13.900;20173.0;36,07;;;1
10/08/26;MINI IBEX-35;PUT;Sep-26;14.000;20173.0;35,73;;;4
10/08/26;MINI IBEX-35;PUT;Sep-26;14.100;20173.0;35,38;;;2
10/08/26;MINI IBEX-35;PUT;Sep-26;14.200;20173.0;35,03;;;1
10/08/26;MINI IBEX-35;PUT;Sep-26;14.300;20173.0;34,68;;;1
10/08/26;MINI IBEX-35;PUT;Sep-26;14.400;20173.0;34,34;;;4
10/08/26;MINI IBEX-35;PUT;Sep-26;14.500;20173.0;33,99;;;5
10/08/26;MINI IBEX-35;PUT;Sep-26;14.600;20173.0;33,64;;;5
10/08/26;MINI IBEX-35;PUT;Sep-26;14.700;20173.0;33,29;;;3
10/08/26;MINI IBEX-35;PUT;Sep-26;15.000;20173.0;32,25;;;41
10/08/26;MINI IBEX-35;PUT;Sep-26;15.100;20173.0;31,90;;;1
10/08/26;MINI IBEX-35;PUT;Sep-26;15.200;20173.0;31,56;;;2
10/08/26;MINI IBEX-35;PUT;Sep-26;15.300;20173.0;31,21;;;7
10/08/26;MINI IBEX-35;PUT;Sep-26;15.400;20173.0;30,86;;;5
10/08/26;MINI IBEX-35;PUT;Sep-26;15.500;20173.0;30,51;;;44
10/08/26;MINI IBEX-35;PUT;Sep-26;15.600;20173.0;30,17;;;1
10/08/26;MINI IBEX-35;PUT;Sep-26;15.700;20173.0;29,82;;;1
10/08/26;MINI IBEX-35;PUT;Sep-26;15.800;20173.0;29,47;;;3
10/08/26;MINI IBEX-35;PUT;Sep-26;15.900;20173.0;29,12;-0,01;;17
10/08/26;MINI IBEX-35;PUT;Sep-26;16.000;20173.0;28,78;-0,01;;5.506
10/08/26;MINI IBEX-35;PUT;Sep-26;16.100;20173.0;28,43;-0,01;;2
10/08/26;MINI IBEX-35;PUT;Sep-26;16.300;20173.0;27,73;-0,01;;1
10/08/26;MINI IBEX-35;PUT;Sep-26;16.400;20173.0;27,39;-0,01;;3
10/08/26;MINI IBEX-35;PUT;Sep-26;16.500;20173.0;27,04;-0,01;;20
10/08/26;MINI IBEX-35;PUT;Sep-26;16.600;20173.0;26,69;-0,01;;1
10/08/26;MINI IBEX-35;PUT;Sep-26;16.700;20173.0;26,34;-0,01;;1
10/08/26;MINI IBEX-35;PUT;Sep-26;16.800;20173.0;26,00;-0,01;;4
10/08/26;MINI IBEX-35;PUT;Sep-26;17.000;20173.0;25,30;-0,02;;27
10/08/26;MINI IBEX-35;PUT;Sep-26;17.200;20173.0;24,61;-0,02;;2
10/08/26;MINI IBEX-35;PUT;Sep-26;17.300;20173.0;24,26;-0,02;;2
10/08/26;MINI IBEX-35;PUT;Sep-26;17.400;20173.0;23,91;-0,02;;8
10/08/26;MINI IBEX-35;PUT;Sep-26;17.500;20173.0;23,56;-0,03;;114
10/08/26;MINI IBEX-35;PUT;Sep-26;17.600;20173.0;23,22;-0,03;;4
10/08/26;MINI IBEX-35;PUT;Sep-26;17.700;20173.0;22,87;-0,03;;3
10/08/26;MINI IBEX-35;PUT;Sep-26;17.800;20173.0;22,52;-0,04;;8
10/08/26;MINI IBEX-35;PUT;Sep-26;17.850;20173.0;22,35;-0,04;;3
10/08/26;MINI IBEX-35;PUT;Sep-26;17.900;20173.0;22,17;-0,04;;2
10/08/26;MINI IBEX-35;PUT;Sep-26;17.950;20173.0;22,00;-0,04;;1
10/08/26;MINI IBEX-35;PUT;Sep-26;18.000;20173.0;21,83;-0,05;;19
10/08/26;MINI IBEX-35;PUT;Sep-26;18.100;20173.0;21,48;-0,05;;4
10/08/26;MINI IBEX-35;PUT;Sep-26;18.150;20173.0;21,31;-0,06;;110
10/08/26;MINI IBEX-35;PUT;Sep-26;18.200;20173.0;21,13;-0,06;;6
10/08/26;MINI IBEX-35;PUT;Sep-26;18.250;20173.0;20,96;-0,06;;3
10/08/26;MINI IBEX-35;PUT;Sep-26;18.300;20173.0;20,78;-0,07;;3
10/08/26;MINI IBEX-35;PUT;Sep-26;18.400;20173.0;20,44;-0,07;;20
10/08/26;MINI IBEX-35;PUT;Sep-26;18.500;20173.0;20,09;-0,08;2;17
10/08/26;MINI IBEX-35;PUT;Sep-26;18.550;20173.0;19,92;-0,09;;3
10/08/26;MINI IBEX-35;PUT;Sep-26;18.600;20173.0;19,74;-0,09;;12
10/08/26;MINI IBEX-35;PUT;Sep-26;18.700;20173.0;19,39;-0,10;;5
10/08/26;MINI IBEX-35;PUT;Sep-26;18.750;20173.0;19,22;-0,11;;3
10/08/26;MINI IBEX-35;PUT;Sep-26;18.800;20173.0;19,05;-0,11;;6
10/08/26;MINI IBEX-35;PUT;Sep-26;18.850;20173.0;18,87;-0,12;;1
10/08/26;MINI IBEX-35;PUT;Sep-26;18.900;20173.0;18,70;-0,13;;2
10/08/26;MINI IBEX-35;PUT;Sep-26;19.000;20173.0;18,35;-0,14;;10.887
10/08/26;MINI IBEX-35;PUT;Sep-26;19.050;20173.0;18,18;-0,15;1;1
10/08/26;MINI IBEX-35;PUT;Sep-26;19.100;20173.0;18,00;-0,16;6;16
10/08/26;MINI IBEX-35;PUT;Sep-26;19.150;20173.0;17,83;-0,16;;2
10/08/26;MINI IBEX-35;PUT;Sep-26;19.200;20173.0;17,66;-0,17;;6
10/08/26;MINI IBEX-35;PUT;Sep-26;19.250;20173.0;17,48;-0,18;;1
10/08/26;MINI IBEX-35;PUT;Sep-26;19.300;20173.0;17,31;-0,19;;10
10/08/26;MINI IBEX-35;PUT;Sep-26;19.350;20173.0;17,14;-0,20;;2
10/08/26;MINI IBEX-35;PUT;Sep-26;19.400;20173.0;16,96;-0,21;;4
10/08/26;MINI IBEX-35;PUT;Sep-26;19.500;20173.0;16,61;-0,24;;14
10/08/26;MINI IBEX-35;PUT;Sep-26;19.600;20173.0;16,27;-0,26;;3
10/08/26;MINI IBEX-35;PUT;Sep-26;19.650;20173.0;16,09;-0,28;;76
10/08/26;MINI IBEX-35;PUT;Sep-26;19.700;20173.0;15,92;-0,29;1;6
10/08/26;MINI IBEX-35;PUT;Sep-26;19.800;20173.0;15,57;-0,32;;8
10/08/26;MINI IBEX-35;PUT;Sep-26;19.900;20173.0;15,22;-0,36;;2
10/08/26;MINI IBEX-35;PUT;Sep-26;20.000;20173.0;14,88;-0,39;;29
10/08/26;MINI IBEX-35;PUT;Sep-26;20.100;20173.0;14,53;-0,43;;3
10/08/26;MINI IBEX-35;PUT;Sep-26;20.200;20173.0;14,18;-0,47;;3
10/08/26;MINI IBEX-35;PUT;Sep-26;20.250;20173.0;14,03;-0,49;1;1
10/08/26;MINI IBEX-35;PUT;Sep-26;20.300;20173.0;13,94;-0,51;;66
10/08/26;MINI IBEX-35;PUT;Sep-26;20.350;20173.0;13,86;-0,54;2;1
10/08/26;MINI IBEX-35;PUT;Sep-26;24.000;20173.0;7,79;-1,00;;5.500
10/08/26;MINI IBEX-35;PUT;Oct-26;18.000;20173.0;21,18;-0,09;;5
10/08/26;MINI IBEX-35;PUT;Oct-26;18.300;20173.0;20,25;-0,12;;1
10/08/26;MINI IBEX-35;PUT;Oct-26;18.600;20173.0;19,32;-0,15;;1
10/08/26;MINI IBEX-35;PUT;Oct-26;18.900;20173.0;18,39;-0,19;;1
10/08/26;MINI IBEX-35;PUT;Oct-26;18.950;20173.0;18,24;-0,19;;1
10/08/26;MINI IBEX-35;PUT;Oct-26;19.000;20173.0;18,08;-0,20;;1
10/08/26;MINI IBEX-35;PUT;Oct-26;19.150;20173.0;17,62;-0,22;;2
10/08/26;MINI IBEX-35;PUT;Oct-26;19.450;20173.0;16,69;-0,28;;1
10/08/26;MINI IBEX-35;PUT;Oct-26;19.700;20173.0;15,91;-0,34;;1
10/08/26;MINI IBEX-35;PUT;Oct-26;20.000;20173.0;14,98;-0,42;1;1
10/08/26;MINI IBEX-35;PUT;Oct-26;20.300;20173.0;14,18;-0,51;;1
10/08/26;MINI IBEX-35;PUT;Dic-26;8.600;20173.0;45,17;;;1.250
10/08/26;MINI IBEX-35;PUT;Dic-26;10.900;20173.0;39,14;;;1
10/08/26;MINI IBEX-35;PUT;Dic-26;11.300;20173.0;38,09;;;1
10/08/26;MINI IBEX-35;PUT;Dic-26;11.500;20173.0;37,57;;;2
10/08/26;MINI IBEX-35;PUT;Dic-26;12.200;20173.0;35,73;-0,01;;2
10/08/26;MINI IBEX-35;PUT;Dic-26;12.300;20173.0;35,47;-0,01;;5
10/08/26;MINI IBEX-35;PUT;Dic-26;12.400;20173.0;35,21;-0,01;;1
10/08/26;MINI IBEX-35;PUT;Dic-26;12.500;20173.0;34,94;-0,01;;7
10/08/26;MINI IBEX-35;PUT;Dic-26;12.600;20173.0;34,68;-0,01;;6
10/08/26;MINI IBEX-35;PUT;Dic-26;12.900;20173.0;33,89;-0,01;;7
10/08/26;MINI IBEX-35;PUT;Dic-26;13.000;20173.0;33,63;-0,01;;7
10/08/26;MINI IBEX-35;PUT;Dic-26;13.100;20173.0;33,37;-0,01;;1
10/08/26;MINI IBEX-35;PUT;Dic-26;13.200;20173.0;33,11;-0,01;;1
10/08/26;MINI IBEX-35;PUT;Dic-26;13.500;20173.0;32,32;-0,01;;504
10/08/26;MINI IBEX-35;PUT;Dic-26;13.600;20173.0;32,06;-0,02;;5
10/08/26;MINI IBEX-35;PUT;Dic-26;13.700;20173.0;31,80;-0,02;;2
10/08/26;MINI IBEX-35;PUT;Dic-26;14.000;20173.0;31,01;-0,02;;1.034
10/08/26;MINI IBEX-35;PUT;Dic-26;14.200;20173.0;30,48;-0,02;;3
10/08/26;MINI IBEX-35;PUT;Dic-26;14.300;20173.0;30,22;-0,02;;1
10/08/26;MINI IBEX-35;PUT;Dic-26;14.400;20173.0;29,96;-0,02;;1
10/08/26;MINI IBEX-35;PUT;Dic-26;14.500;20173.0;29,70;-0,03;;1
10/08/26;MINI IBEX-35;PUT;Dic-26;14.600;20173.0;29,43;-0,03;;1
10/08/26;MINI IBEX-35;PUT;Dic-26;14.800;20173.0;28,91;-0,03;;1
10/08/26;MINI IBEX-35;PUT;Dic-26;14.900;20173.0;28,65;-0,03;;3
10/08/26;MINI IBEX-35;PUT;Dic-26;15.000;20173.0;28,39;-0,03;;18
10/08/26;MINI IBEX-35;PUT;Dic-26;15.200;20173.0;27,86;-0,04;;1
10/08/26;MINI IBEX-35;PUT;Dic-26;15.500;20173.0;27,07;-0,04;1;8
10/08/26;MINI IBEX-35;PUT;Dic-26;15.600;20173.0;26,81;-0,05;;32
10/08/26;MINI IBEX-35;PUT;Dic-26;15.700;20173.0;26,55;-0,05;;4
10/08/26;MINI IBEX-35;PUT;Dic-26;15.800;20173.0;26,29;-0,05;;4
10/08/26;MINI IBEX-35;PUT;Dic-26;15.900;20173.0;26,02;-0,05;;1
10/08/26;MINI IBEX-35;PUT;Dic-26;16.000;20173.0;25,76;-0,06;;27
10/08/26;MINI IBEX-35;PUT;Dic-26;16.300;20173.0;24,98;-0,07;;10
10/08/26;MINI IBEX-35;PUT;Dic-26;16.400;20173.0;24,71;-0,07;;6.000
10/08/26;MINI IBEX-35;PUT;Dic-26;16.500;20173.0;24,45;-0,07;;1
10/08/26;MINI IBEX-35;PUT;Dic-26;16.600;20173.0;24,19;-0,08;;2
10/08/26;MINI IBEX-35;PUT;Dic-26;16.700;20173.0;23,93;-0,08;5;1.512
10/08/26;MINI IBEX-35;PUT;Dic-26;16.800;20173.0;23,66;-0,08;;4
10/08/26;MINI IBEX-35;PUT;Dic-26;16.900;20173.0;23,40;-0,09;;4
10/08/26;MINI IBEX-35;PUT;Dic-26;17.000;20173.0;23,14;-0,09;;24
10/08/26;MINI IBEX-35;PUT;Dic-26;17.100;20173.0;22,88;-0,10;;7
10/08/26;MINI IBEX-35;PUT;Dic-26;17.200;20173.0;22,61;-0,10;;105
10/08/26;MINI IBEX-35;PUT;Dic-26;17.300;20173.0;22,35;-0,11;;7
10/08/26;MINI IBEX-35;PUT;Dic-26;17.400;20173.0;22,09;-0,12;;6
10/08/26;MINI IBEX-35;PUT;Dic-26;17.500;20173.0;21,83;-0,12;;1.023
10/08/26;MINI IBEX-35;PUT;Dic-26;17.600;20173.0;21,57;-0,13;;104
10/08/26;MINI IBEX-35;PUT;Dic-26;17.700;20173.0;21,30;-0,13;;5.011
10/08/26;MINI IBEX-35;PUT;Dic-26;17.800;20173.0;21,04;-0,14;;10
10/08/26;MINI IBEX-35;PUT;Dic-26;17.900;20173.0;20,78;-0,15;3;5.003
10/08/26;MINI IBEX-35;PUT;Dic-26;18.000;20173.0;20,52;-0,16;;26
10/08/26;MINI IBEX-35;PUT;Dic-26;18.100;20173.0;20,25;-0,17;;5
10/08/26;MINI IBEX-35;PUT;Dic-26;18.200;20173.0;19,99;-0,17;;11
10/08/26;MINI IBEX-35;PUT;Dic-26;18.300;20173.0;19,73;-0,18;;6
10/08/26;MINI IBEX-35;PUT;Dic-26;18.400;20173.0;19,47;-0,19;;8
10/08/26;MINI IBEX-35;PUT;Dic-26;18.500;20173.0;19,20;-0,20;;211
10/08/26;MINI IBEX-35;PUT;Dic-26;18.700;20173.0;18,68;-0,23;1;1
10/08/26;MINI IBEX-35;PUT;Dic-26;18.800;20173.0;18,42;-0,24;;4
10/08/26;MINI IBEX-35;PUT;Dic-26;18.900;20173.0;18,16;-0,25;1;11
10/08/26;MINI IBEX-35;PUT;Dic-26;19.000;20173.0;17,89;-0,26;;5
10/08/26;MINI IBEX-35;PUT;Dic-26;19.100;20173.0;17,63;-0,28;;1
10/08/26;MINI IBEX-35;PUT;Dic-26;19.200;20173.0;17,37;-0,29;;38
10/08/26;MINI IBEX-35;PUT;Dic-26;19.300;20173.0;17,11;-0,31;1;5
10/08/26;MINI IBEX-35;PUT;Dic-26;19.400;20173.0;16,84;-0,32;;2
10/08/26;MINI IBEX-35;PUT;Dic-26;19.500;20173.0;16,58;-0,34;;3
10/08/26;MINI IBEX-35;PUT;Dic-26;19.600;20173.0;16,32;-0,36;;6
10/08/26;MINI IBEX-35;PUT;Dic-26;19.700;20173.0;16,06;-0,37;;1
10/08/26;MINI IBEX-35;PUT;Dic-26;19.800;20173.0;15,79;-0,39;;1
10/08/26;MINI IBEX-35;PUT;Dic-26;19.900;20173.0;15,53;-0,41;;1
10/08/26;MINI IBEX-35;PUT;Dic-26;20.000;20173.0;15,27;-0,43;1;12
10/08/26;MINI IBEX-35;PUT;Dic-26;20.500;20173.0;14,32;-0,54;;1
10/08/26;MINI IBEX-35;PUT;Mar-27;13.000;20173.0;30,89;-0,03;;3
10/08/26;MINI IBEX-35;PUT;Mar-27;13.800;20173.0;29,14;-0,04;;32
10/08/26;MINI IBEX-35;PUT;Mar-27;15.200;20173.0;26,08;-0,06;;1
10/08/26;MINI IBEX-35;PUT;Mar-27;15.700;20173.0;24,98;-0,08;;1
10/08/26;MINI IBEX-35;PUT;Mar-27;16.500;20173.0;23,23;-0,11;;1
10/08/26;MINI IBEX-35;PUT;Mar-27;17.000;20173.0;22,14;-0,13;;2
10/08/26;MINI IBEX-35;PUT;Mar-27;17.500;20173.0;21,04;-0,16;;21
10/08/26;MINI IBEX-35;PUT;Mar-27;18.000;20173.0;19,95;-0,20;;756
10/08/26;MINI IBEX-35;PUT;Mar-27;18.100;20173.0;19,73;-0,21;;5
10/08/26;MINI IBEX-35;PUT;Mar-27;18.200;20173.0;19,51;-0,22;;5
10/08/26;MINI IBEX-35;PUT;Mar-27;18.300;20173.0;19,29;-0,22;;5
10/08/26;MINI IBEX-35;PUT;Mar-27;18.400;20173.0;19,07;-0,23;;5
10/08/26;MINI IBEX-35;PUT;Mar-27;18.500;20173.0;18,85;-0,24;;3
10/08/26;MINI IBEX-35;PUT;Mar-27;18.600;20173.0;18,63;-0,25;;2
10/08/26;MINI IBEX-35;PUT;Mar-27;18.900;20173.0;17,98;-0,28;1;1
10/08/26;MINI IBEX-35;PUT;Mar-27;19.100;20173.0;17,54;-0,31;;5
10/08/26;MINI IBEX-35;PUT;Mar-27;19.300;20173.0;17,10;-0,33;;5
10/08/26;MINI IBEX-35;PUT;Mar-27;19.500;20173.0;16,66;-0,36;;5
10/08/26;MINI IBEX-35;PUT;Mar-27;19.600;20173.0;16,45;-0,37;;5
10/08/26;MINI IBEX-35;PUT;Mar-27;19.800;20173.0;16,01;-0,40;;5
10/08/26;MINI IBEX-35;PUT;Mar-27;19.900;20173.0;15,79;-0,41;;5
10/08/26;MINI IBEX-35;PUT;Mar-27;21.400;20173.0;13,60;-0,67;;1
10/08/26;MINI IBEX-35;PUT;Mar-27;21.600;20173.0;13,35;-0,70;;2
10/08/26;MINI IBEX-35;PUT;Mar-27;21.800;20173.0;13,10;-0,74;;1
10/08/26;MINI IBEX-35;PUT;Mar-27;21.900;20173.0;12,98;-0,75;;3
10/08/26;MINI IBEX-35;PUT;Mar-27;22.000;20173.0;12,86;-0,77;;2
10/08/26;MINI IBEX-35;PUT;Mar-27;22.900;20173.0;11,75;-0,89;;2
10/08/26;MINI IBEX-35;PUT;Jun-27;13.000;20173.0;29,38;-0,04;;2
10/08/26;MINI IBEX-35;PUT;Jun-27;16.000;20173.0;23,46;-0,12;;20
10/08/26;MINI IBEX-35;PUT;Jun-27;17.000;20173.0;21,49;-0,17;;1
10/08/26;MINI IBEX-35;PUT;Jun-27;18.000;20173.0;19,52;-0,24;;1
10/08/26;MINI IBEX-35;PUT;Jun-27;18.500;20173.0;18,54;-0,28;;1
10/08/26;MINI IBEX-35;PUT;Jun-27;19.700;20173.0;16,17;-0,40;;1
10/08/26;MINI IBEX-35;PUT;Jun-27;19.900;20173.0;15,78;-0,43;;1
10/08/26;MINI IBEX-35;PUT;Jun-27;23.300;20173.0;11,49;-0,89;;1
10/08/26;MINI IBEX-35;PUT;Jun-27;23.400;20173.0;11,37;-0,89;;2
10/08/26;MINI IBEX-35;PUT;Jun-27;24.200;20173.0;10,41;-0,95;;2
10/08/26;MINI IBEX-35;PUT;Sep-27;12.100;20173.0;29,91;-0,04;;32
10/08/26;MINI IBEX-35;PUT;Sep-27;12.200;20173.0;29,72;-0,04;;32
10/08/26;MINI IBEX-35;PUT;Sep-27;12.300;20173.0;29,54;-0,04;;32
10/08/26;MINI IBEX-35;PUT;Sep-27;12.400;20173.0;29,36;-0,04;;32
10/08/26;MINI IBEX-35;PUT;Sep-27;14.200;20173.0;26,11;-0,08;;32
10/08/26;MINI IBEX-35;PUT;Dic-27;13.400;20173.0;26,88;-0,07;;250
10/08/26;MINI IBEX-35;PUT;Dic-27;14.700;20173.0;24,67;-0,11;;1
10/08/26;MINI IBEX-35;PUT;Dic-27;15.400;20173.0;23,49;-0,13;;32
10/08/26;MINI IBEX-35;PUT;Dic-27;15.700;20173.0;22,98;-0,14;;32
10/08/26;MINI IBEX-35;PUT;Dic-27;15.800;20173.0;22,81;-0,15;;32
10/08/26;MINI IBEX-35;PUT;Dic-27;19.300;20173.0;16,88;-0,37;;3
10/08/26;MINI IBEX-35;PUT;Dic-27;19.400;20173.0;16,71;-0,38;;6.751
10/08/26;MINI IBEX-35;PUT;Jun-28;18.400;20173.0;17,89;-0,31;;64
10/08/26;MINI IBEX-35;PUT;Jun-28;18.500;20173.0;17,75;-0,32;;64
10/08/26;MINI IBEX-35;PUT;Jun-28;19.300;20173.0;16,60;-0,38;;32
10/08/26;MINI IBEX-35;PUT;Jun-28;20.000;20173.0;15,62;-0,44;;32
10/08/26;MINI IBEX-35;PUT;Sep-28;17.500;20173.0;18,36;-0,25;;2
10/08/26;MINI IBEX-35;PUT;Dic-28;16.800;20173.0;18,87;-0,22;;1.800
10/08/26;MINI IBEX-35;PUT;Jun-29;18.800;20173.0;18,26;-0,35;;1
10/08/26;MINI IBEX-35;PUT;Jun-31;18.400;20173.0;18,91;-0,33;;1
10/08/26;ACCIONA;CALL;Ago-26;210,00;208.8;41,14;0,49;;5
10/08/26;ACCIONA;CALL;Ago-26;260,00;208.8;32,44;;;5
10/08/26;ACCIONA;CALL;Ago-26;270,00;208.8;30,70;;;2
10/08/26;ACCIONA;CALL;Sep-26;220,00;208.8;34,96;0,35;;6
10/08/26;ACCIONA;CALL;Sep-26;230,00;208.8;34,12;0,21;;1
10/08/26;ACCIONA;CALL;Sep-26;260,00;208.8;31,58;0,02;;16
10/08/26;ACCIONA;CALL;Sep-26;280,00;208.8;29,89;;;2
10/08/26;ACCIONA;CALL;Sep-26;310,00;208.8;27,35;;;5
10/08/26;ACCIONA;CALL;Sep-26;340,00;208.8;24,81;;;10
10/08/26;ACCIONA;CALL;Dic-26;210,00;208.8;35,33;0,55;;2
10/08/26;ACCIONA;CALL;Dic-26;230,00;208.8;34,59;0,37;;5
10/08/26;ACCIONA;CALL;Dic-26;260,00;208.8;33,49;0,17;;2
10/08/26;ACCIONA;CALL;Dic-26;280,00;208.8;32,76;0,09;;5
10/08/26;ACCIONA;CALL;Dic-26;320,00;208.8;31,29;0,01;;5
10/08/26;ACCIONA;CALL;Mar-27;160,00;208.8;41,20;0,85;;1
10/08/26;ACCIONA;CALL;Mar-27;270,00;208.8;33,41;0,21;;5
10/08/26;ACCIONA;CALL;Mar-27;290,00;208.8;32,77;0,14;;5
10/08/26;ACCIONA;CALL;Jun-27;220,00;208.8;33,74;0,52;;1
10/08/26;ACCIONA;PUT;Ago-26;200,00;208.8;42,59;-0,27;;21
10/08/26;ACCIONA;PUT;Ago-26;210,00;208.8;40,09;-0,52;;1
10/08/26;ACCIONA;PUT;Ago-26;220,00;208.8;38,35;-0,77;;2
10/08/26;ACCIONA;PUT;Ago-26;230,00;208.8;36,61;-0,93;;3
10/08/26;ACCIONA;PUT;Sep-26;120,00;208.8;53,33;;;1
10/08/26;ACCIONA;PUT;Sep-26;170,00;208.8;43,51;-0,06;;1
10/08/26;ACCIONA;PUT;Sep-26;185,00;208.8;40,56;-0,16;;3
10/08/26;ACCIONA;PUT;Sep-26;190,00;208.8;39,58;-0,21;;15
10/08/26;ACCIONA;PUT;Sep-26;200,00;208.8;37,62;-0,34;1;11
10/08/26;ACCIONA;PUT;Sep-26;210,00;208.8;35,79;-0,49;;2
10/08/26;ACCIONA;PUT;Sep-26;240,00;208.8;33,25;-0,89;;1
10/08/26;ACCIONA;PUT;Oct-26;220,00;208.8;34,20;-0,60;;2
10/08/26;ACCIONA;PUT;Dic-26;175,00;208.8;40,26;-0,19;;2
10/08/26;ACCIONA;PUT;Dic-26;195,00;208.8;37,54;-0,33;;15
10/08/26;ACCIONA;PUT;Dic-26;200,00;208.8;36,86;-0,37;;20
10/08/26;ACCIONA;PUT;Dic-26;210,00;208.8;35,63;-0,46;;5
10/08/26;ACCIONA;PUT;Mar-27;170,00;208.8;40,01;-0,20;;2
10/08/26;ACCIONA;PUT;Mar-27;200,00;208.8;36,41;-0,37;;20
10/08/26;ACCIONA;PUT;Mar-27;210,00;208.8;35,32;-0,44;;5
10/08/26;ACCIONA;PUT;Mar-27;290,00;208.8;32,77;-0,90;;5
10/08/26;ACCIONA;PUT;Mar-27;300,00;208.8;32,45;-0,94;;5
10/08/26;ACCIONA ENERGIA;CALL;Sep-26;29,00;20.64;25,28;;;1
10/08/26;ACCIONA ENERGIA;CALL;Dic-26;24,00;20.64;33,50;0,27;;3
10/08/26;ACCIONA ENERGIA;CALL;Dic-26;25,00;20.64;33,27;0,21;;1
10/08/26;ACCIONA ENERGIA;CALL;Dic-26;27,00;20.64;32,82;0,11;;1
10/08/26;ACCIONA ENERGIA;CALL;Dic-26;30,00;20.64;32,14;0,03;;1
10/08/26;ACCIONA ENERGIA;CALL;Dic-26;31,00;20.64;31,92;0,02;;1
10/08/26;ACCIONA ENERGIA;PUT;Ago-26;20,00;20.64;37,61;-0,30;;1
10/08/26;ACCIONA ENERGIA;PUT;Ago-26;21,00;20.64;36,59;-0,59;;1
10/08/26;ACCIONA ENERGIA;PUT;Sep-26;20,00;20.64;35,83;-0,37;;3
10/08/26;ACCIONA ENERGIA;PUT;Sep-26;21,00;20.64;35,01;-0,53;;2
10/08/26;ACCIONA ENERGIA;PUT;Sep-26;23,00;20.64;33,07;-0,83;;2
10/08/26;ACCIONA ENERGIA;PUT;Dic-26;18,00;20.64;39,23;-0,23;;2
10/08/26;ACCIONA ENERGIA;PUT;Dic-26;19,00;20.64;38,52;-0,31;;3
10/08/26;ACCIONA ENERGIA;PUT;Dic-26;21,00;20.64;37,27;-0,48;;15
10/08/26;ACCIONA ENERGIA;PUT;Jun-27;24,00;20.64;31,86;-0,64;;13
10/08/26;ACERINOX;CALL;Ago-26;15,50;18.03;37,26;0,99;;2
10/08/26;ACERINOX;CALL;Ago-26;16,00;18.03;36,20;0,97;;4
10/08/26;ACERINOX;CALL;Ago-26;16,50;18.03;35,13;0,93;10;40
10/08/26;ACERINOX;CALL;Ago-26;17,00;18.03;34,07;0,85;;22
10/08/26;ACERINOX;CALL;Ago-26;17,50;18.03;33,01;0,71;;11
10/08/26;ACERINOX;CALL;Ago-26;18,00;18.03;31,94;0,53;;35
10/08/26;ACERINOX;CALL;Ago-26;18,50;18.03;31,04;0,33;1;1
10/08/26;ACERINOX;CALL;Sep-26;14,50;18.03;38,28;0,97;;150
10/08/26;ACERINOX;CALL;Sep-26;15,50;18.03;36,46;0,91;;10
10/08/26;ACERINOX;CALL;Sep-26;16,00;18.03;35,56;0,86;;14
10/08/26;ACERINOX;CALL;Sep-26;17,00;18.03;33,75;0,73;;13
10/08/26;ACERINOX;CALL;Sep-26;17,50;18.03;32,84;0,64;;8
10/08/26;ACERINOX;CALL;Sep-26;18,00;18.03;31,93;0,54;;1
10/08/26;ACERINOX;CALL;Sep-26;18,50;18.03;31,41;0,43;10;40
10/08/26;ACERINOX;CALL;Sep-26;19,00;18.03;30,91;0,33;;10
10/08/26;ACERINOX;CALL;Sep-26;21,00;18.03;28,91;0,06;;1
10/08/26;ACERINOX;CALL;Oct-26;17,50;18.03;33,03;0,62;;3
10/08/26;ACERINOX;CALL;Oct-26;19,50;18.03;31,30;0,31;;10
10/08/26;ACERINOX;CALL;Dic-26;6,00;18.03;45,61;1,00;;20
10/08/26;ACERINOX;CALL;Dic-26;9,75;18.03;40,90;1,00;;2
10/08/26;ACERINOX;CALL;Dic-26;11,00;18.03;39,33;0,99;;10
10/08/26;ACERINOX;CALL;Dic-26;13,00;18.03;36,81;0,95;;11
10/08/26;ACERINOX;CALL;Dic-26;13,50;18.03;36,18;0,93;;20
10/08/26;ACERINOX;CALL;Dic-26;14,00;18.03;35,56;0,91;;10
10/08/26;ACERINOX;CALL;Dic-26;14,50;18.03;34,93;0,88;;10
10/08/26;ACERINOX;CALL;Dic-26;16,00;18.03;33,04;0,77;;10
10/08/26;ACERINOX;CALL;Dic-26;16,50;18.03;32,41;0,72;;3
10/08/26;ACERINOX;CALL;Dic-26;17,00;18.03;31,78;0,67;;15
10/08/26;ACERINOX;CALL;Dic-26;17,50;18.03;31,16;0,62;;35
10/08/26;ACERINOX;CALL;Dic-26;18,00;18.03;30,53;0,56;;20
10/08/26;ACERINOX;CALL;Dic-26;19,00;18.03;30,24;0,44;;20
10/08/26;ACERINOX;CALL;Dic-26;19,50;18.03;30,11;0,38;;11
10/08/26;ACERINOX;CALL;Dic-26;20,00;18.03;29,98;0,33;;10
10/08/26;ACERINOX;CALL;Dic-26;22,00;18.03;29,46;0,16;;1
10/08/26;ACERINOX;CALL;Dic-26;24,00;18.03;28,94;0,06;;51
10/08/26;ACERINOX;CALL;Mar-27;8,75;18.03;42,47;1,00;;1
10/08/26;ACERINOX;CALL;Mar-27;11,00;18.03;39,98;0,97;;15
10/08/26;ACERINOX;CALL;Mar-27;13,00;18.03;37,76;0,91;;1
10/08/26;ACERINOX;CALL;Mar-27;13,50;18.03;37,20;0,89;;5
10/08/26;ACERINOX;CALL;Mar-27;14,50;18.03;36,10;0,84;;150
10/08/26;ACERINOX;CALL;Mar-27;15,50;18.03;34,99;0,77;;150
10/08/26;ACERINOX;CALL;Mar-27;16,00;18.03;34,43;0,74;;150
10/08/26;ACERINOX;CALL;Mar-27;17,00;18.03;33,32;0,66;;150
10/08/26;ACERINOX;CALL;Mar-27;17,50;18.03;32,77;0,61;;100
10/08/26;ACERINOX;CALL;Mar-27;18,50;18.03;32,06;0,52;;50
10/08/26;ACERINOX;CALL;Mar-27;19,00;18.03;31,93;0,47;;25
10/08/26;ACERINOX;CALL;Sep-27;13,50;18.03;38,95;0,84;;5
10/08/26;ACERINOX;CALL;Sep-27;14,00;18.03;38,36;0,81;;1
10/08/26;ACERINOX;CALL;Sep-27;16,50;18.03;35,40;0,67;;150
10/08/26;ACERINOX;CALL;Dic-27;11,00;18.03;40,11;0,93;;10
10/08/26;ACERINOX;CALL;Dic-27;12,00;18.03;39,07;0,89;;1
10/08/26;ACERINOX;CALL;Dic-27;13,00;18.03;38,04;0,85;;10
10/08/26;ACERINOX;CALL;Jun-28;12,50;18.03;36,41;0,86;;10
10/08/26;ACERINOX;PUT;Ago-26;12,50;18.03;42,96;;;2
10/08/26;ACERINOX;PUT;Ago-26;13,00;18.03;41,89;;;106
10/08/26;ACERINOX;PUT;Ago-26;14,00;18.03;39,77;;;1
10/08/26;ACERINOX;PUT;Ago-26;14,50;18.03;38,71;;;30
10/08/26;ACERINOX;PUT;Ago-26;15,00;18.03;37,64;;;35
10/08/26;ACERINOX;PUT;Ago-26;15,50;18.03;36,58;-0,01;;11
10/08/26;ACERINOX;PUT;Ago-26;17,00;18.03;33,39;-0,15;;20
10/08/26;ACERINOX;PUT;Ago-26;17,50;18.03;32,33;-0,28;;11
10/08/26;ACERINOX;PUT;Ago-26;18,00;18.03;31,26;-0,47;;2
10/08/26;ACERINOX;PUT;Ago-26;18,50;18.03;30,36;-0,67;;30
10/08/26;ACERINOX;PUT;Sep-26;9,00;18.03;46,00;;;23
10/08/26;ACERINOX;PUT;Sep-26;9,50;18.03;45,09;;;43
10/08/26;ACERINOX;PUT;Sep-26;9,75;18.03;44,64;;;1
10/08/26;ACERINOX;PUT;Sep-26;10,00;18.03;44,19;;;10
10/08/26;ACERINOX;PUT;Sep-26;10,50;18.03;43,28;;;40
10/08/26;ACERINOX;PUT;Sep-26;11,00;18.03;42,38;;;150
10/08/26;ACERINOX;PUT;Sep-26;12,00;18.03;40,57;;;10
10/08/26;ACERINOX;PUT;Sep-26;13,00;18.03;38,75;;;9
10/08/26;ACERINOX;PUT;Sep-26;14,00;18.03;36,94;-0,01;;10
10/08/26;ACERINOX;PUT;Sep-26;15,00;18.03;35,13;-0,05;;5
10/08/26;ACERINOX;PUT;Sep-26;15,50;18.03;34,22;-0,08;;22
10/08/26;ACERINOX;PUT;Sep-26;16,00;18.03;33,32;-0,12;;36
10/08/26;ACERINOX;PUT;Sep-26;17,50;18.03;30,60;-0,36;10;10
10/08/26;ACERINOX;PUT;Sep-26;18,50;18.03;29,17;-0,58;;125
10/08/26;ACERINOX;PUT;Oct-26;15,50;18.03;33,79;-0,13;;10
10/08/26;ACERINOX;PUT;Dic-26;9,50;18.03;41,34;;;1
10/08/26;ACERINOX;PUT;Dic-26;9,75;18.03;41,03;;;1
10/08/26;ACERINOX;PUT;Dic-26;10,00;18.03;40,72;;;97
10/08/26;ACERINOX;PUT;Dic-26;10,50;18.03;40,09;-0,01;;35
10/08/26;ACERINOX;PUT;Dic-26;11,00;18.03;39,46;-0,01;;51
10/08/26;ACERINOX;PUT;Dic-26;11,50;18.03;38,83;-0,02;;25
10/08/26;ACERINOX;PUT;Dic-26;12,00;18.03;38,20;-0,03;;75
10/08/26;ACERINOX;PUT;Dic-26;12,50;18.03;37,57;-0,04;;145
10/08/26;ACERINOX;PUT;Dic-26;13,00;18.03;36,94;-0,05;;10
10/08/26;ACERINOX;PUT;Dic-26;13,50;18.03;36,31;-0,07;;45
10/08/26;ACERINOX;PUT;Dic-26;15,50;18.03;33,80;-0,19;;20
10/08/26;ACERINOX;PUT;Dic-26;18,00;18.03;30,66;-0,45;;50
10/08/26;ACERINOX;PUT;Mar-27;8,00;18.03;42,04;;;2
10/08/26;ACERINOX;PUT;Mar-27;10,00;18.03;39,82;-0,02;;175
10/08/26;ACERINOX;PUT;Mar-27;10,50;18.03;39,26;-0,03;;60
10/08/26;ACERINOX;PUT;Mar-27;11,00;18.03;38,71;-0,04;;160
10/08/26;ACERINOX;PUT;Mar-27;11,50;18.03;38,15;-0,05;;126
10/08/26;ACERINOX;PUT;Mar-27;12,00;18.03;37,60;-0,06;;70
10/08/26;ACERINOX;PUT;Mar-27;13,50;18.03;35,93;-0,12;;12
10/08/26;ACERINOX;PUT;Mar-27;15,00;18.03;34,27;-0,21;;100
10/08/26;ACERINOX;PUT;Mar-27;15,50;18.03;33,72;-0,25;;11
10/08/26;ACERINOX;PUT;Mar-27;16,00;18.03;33,16;-0,28;;3
10/08/26;ACERINOX;PUT;Jun-27;8,75;18.03;41,17;-0,02;;1
10/08/26;ACERINOX;PUT;Jun-27;10,00;18.03;39,73;-0,04;;243
10/08/26;ACERINOX;PUT;Jun-27;11,00;18.03;38,59;-0,06;;110
10/08/26;ACERINOX;PUT;Jun-27;15,00;18.03;34,00;-0,23;;10
10/08/26;ACERINOX;PUT;Sep-27;10,00;18.03;39,51;-0,05;;150
10/08/26;ACERINOX;PUT;Sep-27;10,50;18.03;38,92;-0,07;;150
10/08/26;ACERINOX;PUT;Sep-27;11,00;18.03;38,33;-0,08;;150
10/08/26;ACERINOX;PUT;Sep-27;11,50;18.03;37,74;-0,10;;150
10/08/26;ACERINOX;PUT;Sep-27;12,00;18.03;37,14;-0,11;;207
10/08/26;ACERINOX;PUT;Dic-27;12,00;18.03;35,69;-0,12;;150
10/08/26;ACERINOX;PUT;Mar-28;12,00;18.03;33,97;-0,13;;208
10/08/26;ACS;CALL;Ago-26;110,00;109.1;38,04;0,47;;5
10/08/26;ACS;CALL;Ago-26;115,00;109.1;36,30;0,21;;1
10/08/26;ACS;CALL;Ago-26;120,00;109.1;34,55;0,06;;13
10/08/26;ACS;CALL;Ago-26;125,00;109.1;32,81;0,01;;25
10/08/26;ACS;CALL;Ago-26;130,00;109.1;31,07;;;15
10/08/26;ACS;CALL;Ago-26;135,00;109.1;29,33;;;11
10/08/26;ACS;CALL;Ago-26;140,00;109.1;27,59;;;3
10/08/26;ACS;CALL;Ago-26;145,00;109.1;25,85;;;1
10/08/26;ACS;CALL;Ago-26;150,00;109.1;24,10;;;5
10/08/26;ACS;CALL;Sep-26;105,00;109.1;36,16;0,66;;5
10/08/26;ACS;CALL;Sep-26;110,00;109.1;34,89;0,50;;5
10/08/26;ACS;CALL;Sep-26;115,00;109.1;34,47;0,35;;40
10/08/26;ACS;CALL;Sep-26;120,00;109.1;34,06;0,22;;15
10/08/26;ACS;CALL;Sep-26;125,00;109.1;33,65;0,12;;10
10/08/26;ACS;CALL;Sep-26;130,00;109.1;33,24;0,06;;104
10/08/26;ACS;CALL;Sep-26;140,00;109.1;32,41;0,01;;12
10/08/26;ACS;CALL;Sep-26;145,00;109.1;32,00;;;22
10/08/26;ACS;CALL;Sep-26;150,00;109.1;31,59;;;3
10/08/26;ACS;CALL;Sep-26;155,00;109.1;31,17;;;5
10/08/26;ACS;CALL;Sep-26;165,00;109.1;30,35;;;5
10/08/26;ACS;CALL;Oct-26;115,00;109.1;34,32;0,40;;2
10/08/26;ACS;CALL;Oct-26;125,00;109.1;33,99;0,20;;1
10/08/26;ACS;CALL;Oct-26;140,00;109.1;33,48;0,05;;3
10/08/26;ACS;CALL;Dic-26;86,00;109.1;40,70;0,87;;1
10/08/26;ACS;CALL;Dic-26;90,00;109.1;39,74;0,83;;25
10/08/26;ACS;CALL;Dic-26;92,00;109.1;39,27;0,81;;25
10/08/26;ACS;CALL;Dic-26;105,00;109.1;36,17;0,63;;1
10/08/26;ACS;CALL;Dic-26;110,00;109.1;35,08;0,54;;5
10/08/26;ACS;CALL;Dic-26;115,00;109.1;34,47;0,46;;87
10/08/26;ACS;CALL;Dic-26;120,00;109.1;33,86;0,37;;90
10/08/26;ACS;CALL;Dic-26;125,00;109.1;33,25;0,30;;86
10/08/26;ACS;CALL;Dic-26;130,00;109.1;32,64;0,22;;711
10/08/26;ACS;CALL;Dic-26;135,00;109.1;32,02;0,16;;4
10/08/26;ACS;CALL;Dic-26;140,00;109.1;31,41;0,12;;2
10/08/26;ACS;CALL;Dic-26;145,00;109.1;30,80;0,08;;10
10/08/26;ACS;CALL;Dic-26;150,00;109.1;30,19;0,05;;80
10/08/26;ACS;CALL;Dic-26;155,00;109.1;29,58;0,03;;15
10/08/26;ACS;CALL;Dic-26;160,00;109.1;28,97;0,02;;15
10/08/26;ACS;CALL;Dic-26;165,00;109.1;28,36;0,01;;25
10/08/26;ACS;CALL;Mar-27;92,00;109.1;38,66;0,78;;1
10/08/26;ACS;CALL;Mar-27;96,00;109.1;37,80;0,73;;1
10/08/26;ACS;CALL;Mar-27;100,00;109.1;36,95;0,69;;1
10/08/26;ACS;CALL;Mar-27;115,00;109.1;34,77;0,49;;5
10/08/26;ACS;CALL;Mar-27;140,00;109.1;33,77;0,22;;180
10/08/26;ACS;CALL;Mar-27;145,00;109.1;33,57;0,18;;5
10/08/26;ACS;CALL;Mar-27;150,00;109.1;33,38;0,15;;200
10/08/26;ACS;CALL;Mar-27;155,00;109.1;33,18;0,12;;20
10/08/26;ACS;CALL;Mar-27;160,00;109.1;32,98;0,09;;20
10/08/26;ACS;CALL;Mar-27;165,00;109.1;32,78;0,07;;60
10/08/26;ACS;CALL;Jun-27;54,00;109.1;46,86;0,97;;1
10/08/26;ACS;CALL;Jun-27;56,00;109.1;46,40;0,96;;2
10/08/26;ACS;CALL;Jun-27;88,00;109.1;39,07;0,79;;1
10/08/26;ACS;CALL;Jun-27;96,00;109.1;37,23;0,72;;25
10/08/26;ACS;CALL;Jun-27;100,00;109.1;36,32;0,68;;25
10/08/26;ACS;CALL;Jun-27;165,00;109.1;32,86;0,12;;5
10/08/26;ACS;CALL;Sep-27;86,00;109.1;39,19;0,80;;25
10/08/26;ACS;CALL;Sep-27;105,00;109.1;35,07;0,63;;25
10/08/26;ACS;CALL;Dic-27;70,00;109.1;41,21;0,89;;60
10/08/26;ACS;CALL;Dic-27;88,00;109.1;37,69;0,78;;5
10/08/26;ACS;CALL;Dic-27;90,00;109.1;37,29;0,76;;5
10/08/26;ACS;CALL;Dic-27;94,00;109.1;36,51;0,73;;25
10/08/26;ACS;CALL;Dic-27;110,00;109.1;33,55;0,58;;250
10/08/26;ACS;CALL;Dic-27;130,00;109.1;33,37;0,41;;10
10/08/26;ACS;PUT;Ago-26;98,00;109.1;38,85;-0,05;;1
10/08/26;ACS;PUT;Ago-26;100,00;109.1;38,18;-0,09;;1
10/08/26;ACS;PUT;Ago-26;105,00;109.1;36,48;-0,26;;8
10/08/26;ACS;PUT;Ago-26;110,00;109.1;34,78;-0,54;;29
10/08/26;ACS;PUT;Ago-26;115,00;109.1;33,04;-0,81;;36
10/08/26;ACS;PUT;Ago-26;120,00;109.1;31,29;-0,96;;1
10/08/26;ACS;PUT;Ago-26;125,00;109.1;29,55;-1,00;;10
10/08/26;ACS;PUT;Sep-26;50,00;109.1;50,64;;;25
10/08/26;ACS;PUT;Sep-26;52,00;109.1;50,06;;;50
10/08/26;ACS;PUT;Sep-26;54,00;109.1;49,47;;;50
10/08/26;ACS;PUT;Sep-26;56,00;109.1;48,88;;;51
10/08/26;ACS;PUT;Sep-26;66,00;109.1;45,95;;;25
10/08/26;ACS;PUT;Sep-26;68,00;109.1;45,36;;;25
10/08/26;ACS;PUT;Sep-26;70,00;109.1;44,78;;;25
10/08/26;ACS;PUT;Sep-26;72,00;109.1;44,19;;;1
10/08/26;ACS;PUT;Sep-26;76,00;109.1;43,02;;;42
10/08/26;ACS;PUT;Sep-26;78,00;109.1;42,43;-0,01;;52
10/08/26;ACS;PUT;Sep-26;80,00;109.1;41,85;-0,01;;27
10/08/26;ACS;PUT;Sep-26;84,00;109.1;40,67;-0,02;;25
10/08/26;ACS;PUT;Sep-26;88,00;109.1;39,50;-0,04;;1
10/08/26;ACS;PUT;Sep-26;90,00;109.1;38,91;-0,06;;25
10/08/26;ACS;PUT;Sep-26;94,00;109.1;37,74;-0,10;;5
10/08/26;ACS;PUT;Sep-26;96,00;109.1;37,15;-0,13;;10
10/08/26;ACS;PUT;Sep-26;98,00;109.1;36,57;-0,17;;1
10/08/26;ACS;PUT;Sep-26;100,00;109.1;35,98;-0,21;;31
10/08/26;ACS;PUT;Sep-26;105,00;109.1;34,51;-0,34;;10
10/08/26;ACS;PUT;Sep-26;110,00;109.1;33,24;-0,50;;32
10/08/26;ACS;PUT;Sep-26;115,00;109.1;32,82;-0,66;;8
10/08/26;ACS;PUT;Sep-26;120,00;109.1;32,41;-0,80;;6
10/08/26;ACS;PUT;Sep-26;125,00;109.1;32,00;-0,90;;1
10/08/26;ACS;PUT;Oct-26;84,00;109.1;40,13;-0,05;;1
10/08/26;ACS;PUT;Oct-26;90,00;109.1;38,46;-0,10;;2
10/08/26;ACS;PUT;Dic-26;23,00;109.1;54,62;;;201
10/08/26;ACS;PUT;Dic-26;24,00;109.1;54,38;;;25
10/08/26;ACS;PUT;Dic-26;25,00;109.1;54,14;;;25
10/08/26;ACS;PUT;Dic-26;27,00;109.1;53,67;;;25
10/08/26;ACS;PUT;Dic-26;28,00;109.1;53,43;;;75
10/08/26;ACS;PUT;Dic-26;29,00;109.1;53,19;;;75
10/08/26;ACS;PUT;Dic-26;30,00;109.1;52,95;;;17
10/08/26;ACS;PUT;Dic-26;33,00;109.1;52,24;;;6
10/08/26;ACS;PUT;Dic-26;34,00;109.1;52,00;;;25
10/08/26;ACS;PUT;Dic-26;35,00;109.1;51,76;;;200
10/08/26;ACS;PUT;Dic-26;46,00;109.1;49,14;;;25
10/08/26;ACS;PUT;Dic-26;54,00;109.1;47,23;;;25
10/08/26;ACS;PUT;Dic-26;58,00;109.1;46,28;-0,01;;25
10/08/26;ACS;PUT;Dic-26;60,00;109.1;45,80;-0,01;;95
10/08/26;ACS;PUT;Dic-26;62,00;109.1;45,32;-0,01;;5
10/08/26;ACS;PUT;Dic-26;66,00;109.1;44,37;-0,02;;1
10/08/26;ACS;PUT;Dic-26;76,00;109.1;41,99;-0,05;;6
10/08/26;ACS;PUT;Dic-26;78,00;109.1;41,51;-0,07;;5
10/08/26;ACS;PUT;Dic-26;80,00;109.1;41,03;-0,08;;5
10/08/26;ACS;PUT;Dic-26;82,00;109.1;40,56;-0,09;;10
10/08/26;ACS;PUT;Dic-26;84,00;109.1;40,08;-0,11;;10
10/08/26;ACS;PUT;Dic-26;86,00;109.1;39,61;-0,12;;10
10/08/26;ACS;PUT;Dic-26;88,00;109.1;39,13;-0,14;;45
10/08/26;ACS;PUT;Dic-26;90,00;109.1;38,65;-0,16;;44
10/08/26;ACS;PUT;Dic-26;94,00;109.1;37,70;-0,21;;46
10/08/26;ACS;PUT;Dic-26;96,00;109.1;37,22;-0,24;;80
10/08/26;ACS;PUT;Dic-26;98,00;109.1;36,75;-0,26;;10
10/08/26;ACS;PUT;Dic-26;100,00;109.1;36,27;-0,29;;177
10/08/26;ACS;PUT;Dic-26;105,00;109.1;35,08;-0,38;;3
10/08/26;ACS;PUT;Dic-26;110,00;109.1;33,99;-0,46;;50
10/08/26;ACS;PUT;Dic-26;115,00;109.1;33,38;-0,56;;10
10/08/26;ACS;PUT;Dic-26;125,00;109.1;32,16;-0,73;;5
10/08/26;ACS;PUT;Mar-27;68,00;109.1;42,08;-0,05;;1
10/08/26;ACS;PUT;Mar-27;88,00;109.1;37,80;-0,18;;2
10/08/26;ACS;PUT;Mar-27;90,00;109.1;37,37;-0,20;;5
10/08/26;ACS;PUT;Mar-27;92,00;109.1;36,95;-0,22;;2
10/08/26;ACS;PUT;Mar-27;96,00;109.1;36,09;-0,27;;1
10/08/26;ACS;PUT;Mar-27;98,00;109.1;35,66;-0,29;;115
10/08/26;ACS;PUT;Mar-27;100,00;109.1;35,24;-0,31;;110
10/08/26;ACS;PUT;Mar-27;105,00;109.1;34,17;-0,38;;6
10/08/26;ACS;PUT;Mar-27;110,00;109.1;33,25;-0,45;;10
10/08/26;ACS;PUT;Mar-27;120,00;109.1;32,86;-0,59;;1
10/08/26;ACS;PUT;Jun-27;22,00;109.1;52,19;;;360
10/08/26;ACS;PUT;Jun-27;24,00;109.1;51,73;;;85
10/08/26;ACS;PUT;Jun-27;28,00;109.1;50,81;;;2
10/08/26;ACS;PUT;Jun-27;33,00;109.1;49,67;;;2
10/08/26;ACS;PUT;Jun-27;70,00;109.1;41,19;-0,08;;1
10/08/26;ACS;PUT;Sep-27;78,00;109.1;38,25;-0,15;;25
10/08/26;ACS;PUT;Sep-27;92,00;109.1;35,21;-0,26;;25
10/08/26;ACS;PUT;Dic-27;50,00;109.1;42,74;-0,03;;25
10/08/26;ACS;PUT;Dic-27;78,00;109.1;37,26;-0,16;;25
10/08/26;ACS;PUT;Dic-27;82,00;109.1;36,48;-0,18;;10
10/08/26;ACS;PUT;Dic-27;84,00;109.1;36,09;-0,20;;5
10/08/26;ACS;PUT;Dic-27;98,00;109.1;33,35;-0,31;;25
10/08/26;ACS;PUT;Dic-27;100,00;109.1;32,96;-0,33;;25
10/08/26;ACS;CALL;Dic-26;50,00;109.1;49,27;0,99;;1
10/08/26;ACS;PUT;Ago-26;110,00;109.1;34,78;-0,54;;2
10/08/26;ACS;PUT;Ago-26;115,00;109.1;33,04;-0,81;;50
10/08/26;ACS;PUT;Sep-26;140,00;109.1;30,76;-0,99;;5
10/08/26;AENA;CALL;Ago-26;26,00;26.7;26,66;0,73;;2
10/08/26;AENA;CALL;Ago-26;27,00;26.7;25,41;0,41;;3
10/08/26;AENA;CALL;Ago-26;28,00;26.7;24,36;0,14;;30
10/08/26;AENA;CALL;Ago-26;29,00;26.7;23,31;0,02;;10
10/08/26;AENA;CALL;Sep-26;24,00;26.7;26,93;0,90;;2
10/08/26;AENA;CALL;Sep-26;25,00;26.7;25,81;0,80;;25
10/08/26;AENA;CALL;Sep-26;26,00;26.7;24,69;0,65;;2
10/08/26;AENA;CALL;Sep-26;27,00;26.7;23,66;0,47;;870
10/08/26;AENA;CALL;Sep-26;28,00;26.7;22,88;0,29;;1
10/08/26;AENA;CALL;Oct-26;25,00;26.7;25,41;0,76;;5
10/08/26;AENA;CALL;Dic-26;26,00;26.7;23,98;0,62;1;3
10/08/26;AENA;CALL;Dic-26;27,00;26.7;23,21;0,52;;76
10/08/26;AENA;CALL;Dic-26;29,00;26.7;22,31;0,31;;6
10/08/26;AENA;CALL;Mar-27;21,00;26.7;28,61;0,90;;6
10/08/26;AENA;CALL;Mar-27;26,00;26.7;24,43;0,62;;3
10/08/26;AENA;CALL;Mar-27;27,00;26.7;23,74;0,55;;30
10/08/26;AENA;CALL;Jun-27;25,00;26.7;24,77;0,70;;2
10/08/26;AENA;CALL;Jun-27;29,00;26.7;22,67;0,40;;150
10/08/26;AENA;CALL;Jun-27;34,00;26.7;20,99;0,12;;100
10/08/26;AENA;CALL;Dic-27;23,00;26.7;25,96;0,78;;16
10/08/26;AENA;CALL;Dic-27;25,00;26.7;24,74;0,67;;25
10/08/26;AENA;CALL;Dic-27;28,00;26.7;23,36;0,49;;25
10/08/26;AENA;PUT;Ago-26;25,00;26.7;26,30;-0,07;;4
10/08/26;AENA;PUT;Ago-26;26,00;26.7;24,97;-0,26;;20
10/08/26;AENA;PUT;Sep-26;18,50;26.7;32,72;;;2
10/08/26;AENA;PUT;Sep-26;19,00;26.7;32,16;;;32
10/08/26;AENA;PUT;Sep-26;19,50;26.7;31,60;;;4
10/08/26;AENA;PUT;Sep-26;20,00;26.7;31,04;;;14
10/08/26;AENA;PUT;Sep-26;21,00;26.7;29,91;-0,01;;97
10/08/26;AENA;PUT;Sep-26;22,00;26.7;28,79;-0,02;;60
10/08/26;AENA;PUT;Sep-26;23,00;26.7;27,67;-0,04;;40
10/08/26;AENA;PUT;Sep-26;24,00;26.7;26,54;-0,10;;11
10/08/26;AENA;PUT;Sep-26;25,00;26.7;25,42;-0,20;;3
10/08/26;AENA;PUT;Sep-26;26,00;26.7;24,30;-0,35;25;3
10/08/26;AENA;PUT;Sep-26;27,00;26.7;23,27;-0,53;;28
10/08/26;AENA;PUT;Dic-26;18,00;26.7;31,62;-0,01;;2
10/08/26;AENA;PUT;Dic-26;19,00;26.7;30,71;-0,02;;3
10/08/26;AENA;PUT;Dic-26;19,50;26.7;30,25;-0,03;;12
10/08/26;AENA;PUT;Dic-26;20,00;26.7;29,80;-0,04;;4
10/08/26;AENA;PUT;Dic-26;21,00;26.7;28,88;-0,06;;5
10/08/26;AENA;PUT;Dic-26;22,00;26.7;27,97;-0,10;;207
10/08/26;AENA;PUT;Dic-26;23,00;26.7;27,06;-0,15;;2
10/08/26;AENA;PUT;Dic-26;24,00;26.7;26,15;-0,21;;2
10/08/26;AENA;PUT;Dic-26;25,00;26.7;25,24;-0,29;;4
10/08/26;AENA;PUT;Mar-27;18,00;26.7;29,91;-0,03;;2
10/08/26;AENA;PUT;Mar-27;20,00;26.7;28,23;-0,07;;501
10/08/26;AENA;PUT;Mar-27;20,50;26.7;27,82;-0,08;;1
10/08/26;AENA;PUT;Mar-27;21,00;26.7;27,40;-0,10;;9
10/08/26;AENA;PUT;Mar-27;22,00;26.7;26,56;-0,14;;4
10/08/26;AENA;PUT;Mar-27;24,00;26.7;24,89;-0,24;;1
10/08/26;AENA;PUT;Mar-27;26,00;26.7;23,22;-0,38;;6
10/08/26;AENA;PUT;Mar-27;32,00;26.7;20,78;-0,89;;1
10/08/26;AENA;PUT;Jun-27;18,00;26.7;27,26;-0,06;;1
10/08/26;AENA;PUT;Jun-27;19,00;26.7;26,49;-0,08;;1
10/08/26;AENA;PUT;Jun-27;23,00;26.7;23,39;-0,25;5;6
10/08/26;AENA;PUT;Jun-27;24,00;26.7;22,62;-0,31;1;1
10/08/26;AENA;PUT;Jun-27;25,00;26.7;21,85;-0,38;;25
10/08/26;AENA;PUT;Jun-27;26,00;26.7;21,07;-0,46;;26
10/08/26;AENA;PUT;Jun-27;27,00;26.7;20,43;-0,54;;25
10/08/26;AENA;PUT;Sep-27;18,00;26.7;26,16;-0,07;;1
10/08/26;AENA;PUT;Sep-27;23,00;26.7;22,78;-0,26;;1
10/08/26;ALMIRALL;CALL;Sep-26;11,50;10.78;26,90;0,26;;3
10/08/26;ALMIRALL;CALL;Sep-26;14,00;10.78;22,11;;;10
10/08/26;ALMIRALL;CALL;Dic-26;12,00;10.78;26,76;0,30;;4
10/08/26;ALMIRALL;PUT;Ago-26;9,50;10.78;33,50;-0,01;;2.000
10/08/26;ALMIRALL;PUT;Ago-26;10,50;10.78;33,13;-0,31;;2.000
10/08/26;ALMIRALL;PUT;Ago-26;11,00;10.78;32,38;-0,63;;50
10/08/26;ALMIRALL;PUT;Sep-26;12,00;10.78;27,03;-0,88;;1
10/08/26;AMADEUS;CALL;Ago-26;50,00;57.1;34,70;0,99;;28
10/08/26;AMADEUS;CALL;Ago-26;52,00;57.1;32,58;0,95;;53
10/08/26;AMADEUS;CALL;Ago-26;54,00;57.1;30,45;0,86;;53
10/08/26;AMADEUS;CALL;Ago-26;56,00;57.1;28,33;0,67;;28
10/08/26;AMADEUS;CALL;Ago-26;58,00;57.1;27,10;0,38;;11
10/08/26;AMADEUS;CALL;Ago-26;60,00;57.1;26,97;0,16;;1.996
10/08/26;AMADEUS;CALL;Ago-26;62,00;57.1;26,85;0,04;;4
10/08/26;AMADEUS;CALL;Sep-26;38,00;57.1;38,69;1,00;;1
10/08/26;AMADEUS;CALL;Sep-26;49,00;57.1;32,01;0,94;;25
10/08/26;AMADEUS;CALL;Sep-26;50,00;57.1;31,40;0,91;;150
10/08/26;AMADEUS;CALL;Sep-26;52,00;57.1;30,19;0,85;;873
10/08/26;AMADEUS;CALL;Sep-26;54,00;57.1;28,97;0,75;;3
10/08/26;AMADEUS;CALL;Sep-26;56,00;57.1;27,76;0,61;;458
10/08/26;AMADEUS;CALL;Sep-26;58,00;57.1;26,94;0,46;;31
10/08/26;AMADEUS;CALL;Sep-26;60,00;57.1;26,60;0,31;;7
10/08/26;AMADEUS;CALL;Sep-26;62,00;57.1;26,26;0,19;1;1.001
10/08/26;AMADEUS;CALL;Sep-26;64,00;57.1;25,92;0,10;;1
10/08/26;AMADEUS;CALL;Sep-26;66,00;57.1;25,58;0,05;;5
10/08/26;AMADEUS;CALL;Sep-26;70,00;57.1;24,91;0,01;;31
10/08/26;AMADEUS;CALL;Sep-26;72,00;57.1;24,57;;;25
10/08/26;AMADEUS;CALL;Sep-26;74,00;57.1;24,23;;;25
10/08/26;AMADEUS;CALL;Sep-26;84,00;57.1;22,54;;;24
10/08/26;AMADEUS;CALL;Oct-26;48,00;57.1;32,13;0,91;;1
10/08/26;AMADEUS;CALL;Oct-26;62,00;57.1;26,38;0,26;1;991
10/08/26;AMADEUS;CALL;Dic-26;38,00;57.1;35,35;0,98;;4
10/08/26;AMADEUS;CALL;Dic-26;39,00;57.1;34,91;0,98;;25
10/08/26;AMADEUS;CALL;Dic-26;40,00;57.1;34,48;0,97;;11
10/08/26;AMADEUS;CALL;Dic-26;45,00;57.1;32,29;0,91;;11
10/08/26;AMADEUS;CALL;Dic-26;49,00;57.1;30,54;0,84;;1
10/08/26;AMADEUS;CALL;Dic-26;50,00;57.1;30,10;0,81;;13
10/08/26;AMADEUS;CALL;Dic-26;52,00;57.1;29,22;0,75;;500
10/08/26;AMADEUS;CALL;Dic-26;54,00;57.1;28,35;0,68;;13
10/08/26;AMADEUS;CALL;Dic-26;56,00;57.1;27,47;0,60;;26
10/08/26;AMADEUS;CALL;Dic-26;58,00;57.1;26,89;0,51;;25
10/08/26;AMADEUS;CALL;Dic-26;60,00;57.1;26,67;0,43;;501
10/08/26;AMADEUS;CALL;Dic-26;62,00;57.1;26,45;0,35;;25
10/08/26;AMADEUS;CALL;Dic-26;64,00;57.1;26,22;0,28;;27
10/08/26;AMADEUS;CALL;Dic-26;66,00;57.1;26,00;0,21;;72
10/08/26;AMADEUS;CALL;Dic-26;68,00;57.1;25,78;0,16;;25
10/08/26;AMADEUS;CALL;Dic-26;70,00;57.1;25,56;0,12;;1
10/08/26;AMADEUS;CALL;Dic-26;72,00;57.1;25,34;0,08;;28
10/08/26;AMADEUS;CALL;Dic-26;74,00;57.1;25,12;0,05;;6
10/08/26;AMADEUS;CALL;Dic-26;90,00;57.1;23,34;;;3
10/08/26;AMADEUS;CALL;Mar-27;40,00;57.1;34,40;0,94;;1
10/08/26;AMADEUS;CALL;Mar-27;45,00;57.1;32,35;0,87;;1
10/08/26;AMADEUS;CALL;Mar-27;50,00;57.1;30,31;0,77;;2
10/08/26;AMADEUS;CALL;Mar-27;52,00;57.1;29,49;0,72;;25
10/08/26;AMADEUS;CALL;Mar-27;54,00;57.1;28,68;0,66;;500
10/08/26;AMADEUS;CALL;Mar-27;56,00;57.1;27,86;0,59;;63
10/08/26;AMADEUS;CALL;Mar-27;58,00;57.1;27,31;0,53;;35
10/08/26;AMADEUS;CALL;Mar-27;60,00;57.1;27,09;0,46;1;1
10/08/26;AMADEUS;CALL;Mar-27;62,00;57.1;26,87;0,40;;150
10/08/26;AMADEUS;CALL;Mar-27;66,00;57.1;26,42;0,28;;3
10/08/26;AMADEUS;CALL;Jun-27;40,00;57.1;34,26;0,91;;1
10/08/26;AMADEUS;CALL;Jun-27;50,00;57.1;30,46;0,74;;1
10/08/26;AMADEUS;CALL;Jun-27;52,00;57.1;29,71;0,70;;26
10/08/26;AMADEUS;CALL;Jun-27;58,00;57.1;27,64;0,55;;25
10/08/26;AMADEUS;CALL;Jun-27;60,00;57.1;27,35;0,49;;1
10/08/26;AMADEUS;CALL;Jun-27;62,00;57.1;27,05;0,44;;50
10/08/26;AMADEUS;CALL;Jun-27;64,00;57.1;26,76;0,39;;26
10/08/26;AMADEUS;CALL;Jun-27;66,00;57.1;26,47;0,34;;25
10/08/26;AMADEUS;CALL;Jun-27;68,00;57.1;26,18;0,29;;25
10/08/26;AMADEUS;CALL;Jun-27;72,00;57.1;25,60;0,21;;1
10/08/26;AMADEUS;CALL;Sep-27;49,00;57.1;31,59;0,75;;5
10/08/26;AMADEUS;CALL;Sep-27;66,00;57.1;27,35;0,36;;26
10/08/26;AMADEUS;CALL;Dic-27;56,00;57.1;29,61;0,60;;17
10/08/26;AMADEUS;CALL;Dic-27;60,00;57.1;28,84;0,52;;1
10/08/26;AMADEUS;CALL;Dic-27;72,00;57.1;27,16;0,29;;6
10/08/26;AMADEUS;PUT;Ago-26;39,00;57.1;47,30;;;3
10/08/26;AMADEUS;PUT;Ago-26;41,00;57.1;45,18;;;2
10/08/26;AMADEUS;PUT;Ago-26;42,00;57.1;44,11;;;2
10/08/26;AMADEUS;PUT;Ago-26;43,00;57.1;43,05;;;14
10/08/26;AMADEUS;PUT;Ago-26;44,00;57.1;41,99;;;30
10/08/26;AMADEUS;PUT;Ago-26;45,00;57.1;40,93;;;17
10/08/26;AMADEUS;PUT;Ago-26;46,00;57.1;39,86;;;10
10/08/26;AMADEUS;PUT;Ago-26;47,00;57.1;38,80;;;7
10/08/26;AMADEUS;PUT;Ago-26;48,00;57.1;37,74;;;69
10/08/26;AMADEUS;PUT;Ago-26;49,00;57.1;36,68;-0,01;;11
10/08/26;AMADEUS;PUT;Ago-26;50,00;57.1;35,61;-0,01;;285
10/08/26;AMADEUS;PUT;Ago-26;52,00;57.1;33,49;-0,05;;10
10/08/26;AMADEUS;PUT;Ago-26;54,00;57.1;31,36;-0,15;;1
10/08/26;AMADEUS;PUT;Ago-26;74,00;57.1;26,98;-1,00;;2
10/08/26;AMADEUS;PUT;Sep-26;38,00;57.1;38,47;;;8
10/08/26;AMADEUS;PUT;Sep-26;39,00;57.1;37,86;;;6
10/08/26;AMADEUS;PUT;Sep-26;40,00;57.1;37,25;;;1
10/08/26;AMADEUS;PUT;Sep-26;41,00;57.1;36,64;;;25
10/08/26;AMADEUS;PUT;Sep-26;42,00;57.1;36,04;;;717
10/08/26;AMADEUS;PUT;Sep-26;43,00;57.1;35,43;-0,01;;15
10/08/26;AMADEUS;PUT;Sep-26;44,00;57.1;34,82;-0,01;;230
10/08/26;AMADEUS;PUT;Sep-26;45,00;57.1;34,22;-0,01;;229
10/08/26;AMADEUS;PUT;Sep-26;46,00;57.1;33,61;-0,02;;3.535
10/08/26;AMADEUS;PUT;Sep-26;47,00;57.1;33,00;-0,03;;200
10/08/26;AMADEUS;PUT;Sep-26;48,00;57.1;32,39;-0,04;;94
10/08/26;AMADEUS;PUT;Sep-26;49,00;57.1;31,79;-0,06;;56
10/08/26;AMADEUS;PUT;Sep-26;50,00;57.1;31,18;-0,09;;30
10/08/26;AMADEUS;PUT;Sep-26;52,00;57.1;29,97;-0,15;;11
10/08/26;AMADEUS;PUT;Sep-26;54,00;57.1;28,75;-0,25;;20
10/08/26;AMADEUS;PUT;Sep-26;56,00;57.1;27,54;-0,39;;1
10/08/26;AMADEUS;PUT;Sep-26;58,00;57.1;26,72;-0,55;;25
10/08/26;AMADEUS;PUT;Sep-26;60,00;57.1;26,38;-0,70;;28
10/08/26;AMADEUS;PUT;Sep-26;66,00;57.1;25,36;-0,97;;25
10/08/26;AMADEUS;PUT;Sep-26;68,00;57.1;25,02;-1,00;;50
10/08/26;AMADEUS;PUT;Sep-26;70,00;57.1;24,69;-1,00;;50
10/08/26;AMADEUS;PUT;Oct-26;36,00;57.1;37,93;;;18
10/08/26;AMADEUS;PUT;Oct-26;39,00;57.1;36,34;-0,01;;2
10/08/26;AMADEUS;PUT;Oct-26;40,00;57.1;35,80;-0,01;;526
10/08/26;AMADEUS;PUT;Oct-26;45,00;57.1;33,15;-0,04;;1
10/08/26;AMADEUS;PUT;Oct-26;48,00;57.1;31,55;-0,08;;1
10/08/26;AMADEUS;PUT;Oct-26;50,00;57.1;30,49;-0,13;;1
10/08/26;AMADEUS;PUT;Dic-26;38,00;57.1;35,31;-0,02;;54
10/08/26;AMADEUS;PUT;Dic-26;39,00;57.1;34,87;-0,02;;174
10/08/26;AMADEUS;PUT;Dic-26;40,00;57.1;34,44;-0,03;;105
10/08/26;AMADEUS;PUT;Dic-26;42,00;57.1;33,56;-0,05;;1
10/08/26;AMADEUS;PUT;Dic-26;43,00;57.1;33,12;-0,06;1;64
10/08/26;AMADEUS;PUT;Dic-26;44,00;57.1;32,69;-0,07;;15
10/08/26;AMADEUS;PUT;Dic-26;45,00;57.1;32,25;-0,09;3;80
10/08/26;AMADEUS;PUT;Dic-26;46,00;57.1;31,81;-0,10;;40
10/08/26;AMADEUS;PUT;Dic-26;47,00;57.1;31,37;-0,12;;100
10/08/26;AMADEUS;PUT;Dic-26;48,00;57.1;30,93;-0,14;;2.023
10/08/26;AMADEUS;PUT;Dic-26;49,00;57.1;30,50;-0,17;;15
10/08/26;AMADEUS;PUT;Dic-26;50,00;57.1;30,06;-0,19;;879
10/08/26;AMADEUS;PUT;Dic-26;52,00;57.1;29,18;-0,25;;536
10/08/26;AMADEUS;PUT;Dic-26;54,00;57.1;28,31;-0,33;10;66
10/08/26;AMADEUS;PUT;Dic-26;56,00;57.1;27,43;-0,41;;8
10/08/26;AMADEUS;PUT;Dic-26;58,00;57.1;26,85;-0,49;;1
10/08/26;AMADEUS;PUT;Dic-26;60,00;57.1;26,63;-0,58;;26
10/08/26;AMADEUS;PUT;Dic-26;62,00;57.1;26,41;-0,66;;3
10/08/26;AMADEUS;PUT;Dic-26;64,00;57.1;26,18;-0,74;;1
10/08/26;AMADEUS;PUT;Dic-26;68,00;57.1;25,74;-0,87;;25
10/08/26;AMADEUS;PUT;Dic-26;70,00;57.1;25,52;-0,92;;25
10/08/26;AMADEUS;PUT;Mar-27;38,00;57.1;34,17;-0,05;;116
10/08/26;AMADEUS;PUT;Mar-27;39,00;57.1;33,76;-0,05;;55
10/08/26;AMADEUS;PUT;Mar-27;40,00;57.1;33,35;-0,07;;3
10/08/26;AMADEUS;PUT;Mar-27;41,00;57.1;32,94;-0,08;;54
10/08/26;AMADEUS;PUT;Mar-27;42,00;57.1;32,53;-0,09;;2
10/08/26;AMADEUS;PUT;Mar-27;45,00;57.1;31,30;-0,13;;5
10/08/26;AMADEUS;PUT;Mar-27;46,00;57.1;30,90;-0,15;;10
10/08/26;AMADEUS;PUT;Mar-27;47,00;57.1;30,49;-0,17;;13
10/08/26;AMADEUS;PUT;Mar-27;48,00;57.1;30,08;-0,19;;515
10/08/26;AMADEUS;PUT;Mar-27;49,00;57.1;29,67;-0,22;;15
10/08/26;AMADEUS;PUT;Mar-27;50,00;57.1;29,26;-0,24;;1
10/08/26;AMADEUS;PUT;Mar-27;52,00;57.1;28,44;-0,29;;3
10/08/26;AMADEUS;PUT;Mar-27;54,00;57.1;27,63;-0,35;;1
10/08/26;AMADEUS;PUT;Mar-27;62,00;57.1;25,82;-0,62;;1
10/08/26;AMADEUS;PUT;Jun-27;38,00;57.1;33,77;-0,07;;65
10/08/26;AMADEUS;PUT;Jun-27;39,00;57.1;33,39;-0,08;;10
10/08/26;AMADEUS;PUT;Jun-27;42,00;57.1;32,25;-0,11;;25
10/08/26;AMADEUS;PUT;Jun-27;43,00;57.1;31,87;-0,13;;25
10/08/26;AMADEUS;PUT;Jun-27;44,00;57.1;31,49;-0,14;;3
10/08/26;AMADEUS;PUT;Jun-27;45,00;57.1;31,11;-0,16;;1
10/08/26;AMADEUS;PUT;Jun-27;46,00;57.1;30,73;-0,18;;25
10/08/26;AMADEUS;PUT;Jun-27;47,00;57.1;30,35;-0,19;;25
10/08/26;AMADEUS;PUT;Jun-27;48,00;57.1;29,97;-0,21;;53
10/08/26;AMADEUS;PUT;Jun-27;49,00;57.1;29,59;-0,24;;3
10/08/26;AMADEUS;PUT;Jun-27;50,00;57.1;29,21;-0,26;;24
10/08/26;AMADEUS;PUT;Jun-27;52,00;57.1;28,46;-0,30;;7
10/08/26;AMADEUS;PUT;Jun-27;60,00;57.1;26,10;-0,53;;11
10/08/26;AMADEUS;PUT;Sep-27;52,00;57.1;28,25;-0,33;;1
10/08/26;AMADEUS;PUT;Sep-27;54,00;57.1;27,55;-0,38;;1
10/08/26;AMADEUS;PUT;Dic-27;46,00;57.1;30,03;-0,21;;50
10/08/26;AMADEUS;PUT;Dic-27;47,00;57.1;29,70;-0,23;;25
10/08/26;AMADEUS;PUT;Dic-27;48,00;57.1;29,37;-0,25;;51
10/08/26;AMADEUS;PUT;Dic-27;50,00;57.1;28,72;-0,29;;7
10/08/26;AMADEUS;PUT;Dic-27;52,00;57.1;28,07;-0,33;;3
10/08/26;AMADEUS;PUT;Mar-28;49,00;57.1;28,40;-0,27;;1
10/08/26;AMADEUS;PUT;Jun-28;46,00;57.1;28,78;-0,23;;2
10/08/26;AMADEUS;PUT;Jun-28;48,00;57.1;28,25;-0,26;;6
10/08/26;AMADEUS;PUT;Jun-28;56,00;57.1;26,15;-0,41;;1
10/08/26;AMADEUS;PUT;Jun-28;60,00;57.1;25,54;-0,49;;3
10/08/26;AMADEUS;PUT;Jun-28;62,00;57.1;25,32;-0,53;;3
10/08/26;AMADEUS;PUT;Jun-28;70,00;57.1;24,43;-0,69;;3
10/08/26;AMADEUS;PUT;Sep-28;46,00;57.1;28,30;-0,24;;2
10/08/26;AMADEUS;PUT;Dic-26;44,00;57.1;32,69;-0,07;;1
10/08/26;AMADEUS;PUT;Dic-26;46,00;57.1;31,81;-0,10;;1
10/08/26;AMADEUS;PUT;Sep-27;60,00;57.1;26,00;-0,50;;1
10/08/26;ARCELORMITTAL;CALL;Ago-26;52,00;64.22;50,78;0,99;;2
10/08/26;ARCELORMITTAL;CALL;Ago-26;56,00;64.22;49,51;0,95;;20
10/08/26;ARCELORMITTAL;CALL;Ago-26;60,00;64.22;48,25;0,80;1;58
10/08/26;ARCELORMITTAL;CALL;Ago-26;62,00;64.22;47,61;0,68;;65
10/08/26;ARCELORMITTAL;CALL;Ago-26;64,00;64.22;46,98;0,54;;25
10/08/26;ARCELORMITTAL;CALL;Ago-26;66,00;64.22;45,51;0,38;;102
10/08/26;ARCELORMITTAL;CALL;Ago-26;68,00;64.22;43,93;0,24;;2
10/08/26;ARCELORMITTAL;CALL;Ago-26;70,00;64.22;42,35;0,13;;50
10/08/26;ARCELORMITTAL;CALL;Ago-26;72,00;64.22;40,77;0,06;;20
10/08/26;ARCELORMITTAL;CALL;Sep-26;40,00;64.22;51,34;1,00;;25
10/08/26;ARCELORMITTAL;CALL;Sep-26;58,00;64.22;46,29;0,78;;22
10/08/26;ARCELORMITTAL;CALL;Sep-26;62,00;64.22;45,17;0,63;1;2
10/08/26;ARCELORMITTAL;CALL;Sep-26;68,00;64.22;43,33;0,38;;5
10/08/26;ARCELORMITTAL;CALL;Sep-26;70,00;64.22;42,69;0,30;;118
10/08/26;ARCELORMITTAL;CALL;Sep-26;74,00;64.22;41,40;0,17;;25
10/08/26;ARCELORMITTAL;CALL;Sep-26;76,00;64.22;40,76;0,12;;25
10/08/26;ARCELORMITTAL;CALL;Sep-26;78,00;64.22;40,12;0,08;;100
10/08/26;ARCELORMITTAL;CALL;Sep-26;80,00;64.22;39,47;0,05;;50
10/08/26;ARCELORMITTAL;CALL;Sep-26;84,00;64.22;38,18;0,02;;100
10/08/26;ARCELORMITTAL;CALL;Oct-26;70,00;64.22;44,05;0,37;;25
10/08/26;ARCELORMITTAL;CALL;Dic-26;26,00;64.22;54,65;1,00;;4
10/08/26;ARCELORMITTAL;CALL;Dic-26;35,00;64.22;52,46;0,98;;3
10/08/26;ARCELORMITTAL;CALL;Dic-26;40,00;64.22;51,24;0,96;;2
10/08/26;ARCELORMITTAL;CALL;Dic-26;45,00;64.22;50,02;0,91;;10
10/08/26;ARCELORMITTAL;CALL;Dic-26;50,00;64.22;48,80;0,85;;149
10/08/26;ARCELORMITTAL;CALL;Dic-26;56,00;64.22;47,34;0,74;;1
10/08/26;ARCELORMITTAL;CALL;Dic-26;60,00;64.22;46,36;0,66;;10
10/08/26;ARCELORMITTAL;CALL;Dic-26;70,00;64.22;43,83;0,43;;5
10/08/26;ARCELORMITTAL;CALL;Dic-26;74,00;64.22;42,79;0,34;;2
10/08/26;ARCELORMITTAL;CALL;Dic-26;88,00;64.22;39,16;0,12;;25
10/08/26;ARCELORMITTAL;CALL;Dic-29;30,00;64.22;37,79;0,94;;1
10/08/26;ARCELORMITTAL;PUT;Ago-26;45,00;64.22;50,20;;;1
10/08/26;ARCELORMITTAL;PUT;Ago-26;47,00;64.22;49,56;;;65
10/08/26;ARCELORMITTAL;PUT;Ago-26;48,00;64.22;49,25;;;28
10/08/26;ARCELORMITTAL;PUT;Ago-26;49,00;64.22;48,93;;;6
10/08/26;ARCELORMITTAL;PUT;Ago-26;50,00;64.22;48,61;;;50
10/08/26;ARCELORMITTAL;PUT;Ago-26;52,00;64.22;47,98;;;2
10/08/26;ARCELORMITTAL;PUT;Ago-26;54,00;64.22;47,35;-0,02;;2
10/08/26;ARCELORMITTAL;PUT;Ago-26;56,00;64.22;46,71;-0,04;;10
10/08/26;ARCELORMITTAL;PUT;Ago-26;58,00;64.22;46,08;-0,09;;39
10/08/26;ARCELORMITTAL;PUT;Ago-26;60,00;64.22;45,45;-0,18;;9
10/08/26;ARCELORMITTAL;PUT;Ago-26;62,00;64.22;44,81;-0,31;;1
10/08/26;ARCELORMITTAL;PUT;Ago-26;64,00;64.22;44,18;-0,46;;14
10/08/26;ARCELORMITTAL;PUT;Ago-26;66,00;64.22;42,71;-0,63;;5
10/08/26;ARCELORMITTAL;PUT;Ago-26;68,00;64.22;41,13;-0,78;;25
10/08/26;ARCELORMITTAL;PUT;Sep-26;24,00;64.22;53,70;;;1
10/08/26;ARCELORMITTAL;PUT;Sep-26;38,00;64.22;49,78;;;5
10/08/26;ARCELORMITTAL;PUT;Sep-26;40,00;64.22;49,22;;;2
10/08/26;ARCELORMITTAL;PUT;Sep-26;44,00;64.22;48,10;-0,01;;25
10/08/26;ARCELORMITTAL;PUT;Sep-26;45,00;64.22;47,82;-0,01;;50
10/08/26;ARCELORMITTAL;PUT;Sep-26;46,00;64.22;47,54;-0,01;;25
10/08/26;ARCELORMITTAL;PUT;Oct-26;50,00;64.22;46,15;-0,08;;25
10/08/26;ARCELORMITTAL;PUT;Dic-26;34,00;64.22;51,58;-0,01;;5
10/08/26;ARCELORMITTAL;PUT;Dic-26;35,00;64.22;51,34;-0,02;;5
10/08/26;ARCELORMITTAL;PUT;Dic-26;37,00;64.22;50,85;-0,02;;5
10/08/26;ARCELORMITTAL;PUT;Dic-26;38,00;64.22;50,61;-0,03;;5
10/08/26;ARCELORMITTAL;PUT;Dic-26;39,00;64.22;50,36;-0,03;;1
10/08/26;ARCELORMITTAL;PUT;Dic-26;40,00;64.22;50,12;-0,04;;3
10/08/26;ARCELORMITTAL;PUT;Dic-26;45,00;64.22;48,90;-0,08;;7
10/08/26;ARCELORMITTAL;PUT;Dic-26;46,00;64.22;48,65;-0,09;;1
10/08/26;ARCELORMITTAL;PUT;Dic-26;49,00;64.22;47,92;-0,13;;50
10/08/26;ARCELORMITTAL;PUT;Dic-26;50,00;64.22;47,68;-0,15;;25
10/08/26;ARCELORMITTAL;PUT;Dic-26;54,00;64.22;46,70;-0,22;;4
10/08/26;ARCELORMITTAL;PUT;Mar-27;36,00;64.22;49,10;-0,04;;5
10/08/26;ARCELORMITTAL;PUT;Dic-27;24,00;64.22;45,04;-0,01;;1
10/08/26;ARCELORMITTAL;PUT;Dic-30;44,00;64.22;34,71;-0,16;;1
10/08/26;ATRESMEDIA;CALL;Ago-26;5,00;5.11;25,01;0,70;;2
10/08/26;ATRESMEDIA;CALL;Sep-26;5,00;5.11;24,61;0,63;;1
10/08/26;ATRESMEDIA;CALL;Sep-26;5,50;5.11;21,88;0,17;;1
10/08/26;ATRESMEDIA;CALL;Oct-26;5,25;5.11;23,59;0,43;;24
10/08/26;ATRESMEDIA;CALL;Dic-26;5,25;5.11;23,72;0,47;;11
10/08/26;ATRESMEDIA;CALL;Dic-26;5,50;5.11;22,27;0,32;;16
10/08/26;ATRESMEDIA;CALL;Dic-26;5,75;5.11;20,81;0,19;;10
10/08/26;ATRESMEDIA;CALL;Dic-26;6,00;5.11;19,36;0,09;;2
10/08/26;ATRESMEDIA;CALL;Mar-27;3,40;5.11;29,66;0,99;;2
10/08/26;ATRESMEDIA;CALL;Mar-27;5,00;5.11;24,76;0,59;;32
10/08/26;ATRESMEDIA;PUT;Ago-26;4,80;5.11;14,55;-0,01;;4
10/08/26;ATRESMEDIA;PUT;Sep-26;4,60;5.11;18,93;-0,04;;3
10/08/26;ATRESMEDIA;PUT;Sep-26;4,80;5.11;18,13;-0,13;;4
10/08/26;ATRESMEDIA;PUT;Sep-26;4,90;5.11;17,74;-0,22;;1
10/08/26;ATRESMEDIA;PUT;Dic-26;4,50;5.11;21,39;-0,20;;18
10/08/26;ATRESMEDIA;PUT;Dic-26;5,50;5.11;16,50;-0,84;;25
10/08/26;ATRESMEDIA;PUT;Dic-26;6,00;5.11;13,59;-0,99;;20
10/08/26;ATRESMEDIA;PUT;Mar-27;4,50;5.11;22,12;-0,25;;5
10/08/26;ATRESMEDIA;PUT;Jun-27;4,00;5.11;25,32;-0,19;;5
10/08/26;ATRESMEDIA;PUT;Jun-27;4,50;5.11;24,24;-0,35;;2
10/08/26;ATRESMEDIA;PUT;Jun-27;4,60;5.11;24,03;-0,39;;2
10/08/26;B.SABADELL;CALL;Ago-26;2,99;3.48;34,13;1,00;;60
10/08/26;B.SABADELL;CALL;Ago-26;3,25;3.48;33,33;0,89;;58
10/08/26;B.SABADELL;CALL;Ago-26;3,33;3.48;33,09;0,79;;3
10/08/26;B.SABADELL;CALL;Ago-26;3,42;3.48;32,81;0,64;;1
10/08/26;B.SABADELL;CALL;Sep-26;2,14;3.48;34,09;1,00;;117
10/08/26;B.SABADELL;CALL;Sep-26;2,56;3.48;33,04;1,00;;20
10/08/26;B.SABADELL;CALL;Sep-26;2,74;3.48;32,59;1,00;;2
10/08/26;B.SABADELL;CALL;Sep-26;2,91;3.48;32,17;0,99;;52
10/08/26;B.SABADELL;CALL;Sep-26;2,99;3.48;31,97;0,98;;59
10/08/26;B.SABADELL;CALL;Sep-26;3,16;3.48;31,55;0,89;;2
10/08/26;B.SABADELL;CALL;Sep-26;3,25;3.48;31,32;0,80;;300
10/08/26;B.SABADELL;CALL;Sep-26;3,33;3.48;31,12;0,71;;8
10/08/26;B.SABADELL;CALL;Sep-26;3,42;3.48;30,90;0,58;;8
10/08/26;B.SABADELL;CALL;Sep-26;3,50;3.48;30,68;0,47;;42
10/08/26;B.SABADELL;CALL;Dic-26;2,48;3.48;29,93;1,00;;50
10/08/26;B.SABADELL;CALL;Dic-26;2,74;3.48;29,36;0,98;;28
10/08/26;B.SABADELL;CALL;Dic-26;2,82;3.48;29,18;0,96;;3
10/08/26;B.SABADELL;CALL;Dic-26;2,91;3.48;28,99;0,91;;4
10/08/26;B.SABADELL;CALL;Dic-26;2,99;3.48;28,81;0,86;;7
10/08/26;B.SABADELL;CALL;Dic-26;3,08;3.48;28,61;0,79;;664
10/08/26;B.SABADELL;CALL;Dic-26;3,16;3.48;28,43;0,73;;6
10/08/26;B.SABADELL;CALL;Dic-26;3,25;3.48;28,24;0,67;;11
10/08/26;B.SABADELL;CALL;Dic-26;3,33;3.48;28,06;0,61;;10
10/08/26;B.SABADELL;CALL;Dic-26;3,50;3.48;27,66;0,49;;10
10/08/26;B.SABADELL;CALL;Dic-26;3,59;3.48;27,35;0,43;;1
10/08/26;B.SABADELL;CALL;Mar-27;2,22;3.48;31,58;1,00;;20
10/08/26;B.SABADELL;CALL;Mar-27;2,74;3.48;30,48;0,94;;10
10/08/26;B.SABADELL;CALL;Mar-27;2,91;3.48;30,12;0,83;;38
10/08/26;B.SABADELL;CALL;Mar-27;3,16;3.48;29,59;0,69;;80
10/08/26;B.SABADELL;CALL;Mar-27;3,33;3.48;29,24;0,60;;2
10/08/26;B.SABADELL;CALL;Mar-27;3,42;3.48;29,05;0,55;;9
10/08/26;B.SABADELL;CALL;Mar-27;3,50;3.48;28,86;0,50;;3
10/08/26;B.SABADELL;CALL;Jun-27;2,99;3.48;31,46;0,74;;1
10/08/26;B.SABADELL;CALL;Jun-27;3,33;3.48;30,77;0,59;;80
10/08/26;B.SABADELL;CALL;Jun-27;3,76;3.48;29,75;0,40;;1
10/08/26;B.SABADELL;CALL;Jun-27;3,93;3.48;29,31;0,33;;5
10/08/26;B.SABADELL;CALL;Jun-27;4,02;3.48;29,07;0,30;;3
10/08/26;B.SABADELL;PUT;Ago-26;2,65;3.48;25,21;;;6
10/08/26;B.SABADELL;PUT;Ago-26;2,74;3.48;24,94;;;20
10/08/26;B.SABADELL;PUT;Ago-26;3,08;3.48;23,90;;;20
10/08/26;B.SABADELL;PUT;Ago-26;3,16;3.48;23,65;-0,01;;4
10/08/26;B.SABADELL;PUT;Ago-26;3,25;3.48;23,37;-0,04;;3
10/08/26;B.SABADELL;PUT;Ago-26;3,33;3.48;23,13;-0,13;;31
10/08/26;B.SABADELL;PUT;Sep-26;2,22;3.48;24,04;;;5.249
10/08/26;B.SABADELL;PUT;Sep-26;2,48;3.48;23,39;;;1
10/08/26;B.SABADELL;PUT;Sep-26;2,65;3.48;22,97;;;26
10/08/26;B.SABADELL;PUT;Sep-26;2,74;3.48;22,74;;;23
10/08/26;B.SABADELL;PUT;Sep-26;2,82;3.48;22,54;;;5
10/08/26;B.SABADELL;PUT;Sep-26;2,91;3.48;22,32;-0,01;;5
10/08/26;B.SABADELL;PUT;Sep-26;2,99;3.48;22,12;-0,03;;15
10/08/26;B.SABADELL;PUT;Sep-26;3,08;3.48;21,90;-0,07;;30
10/08/26;B.SABADELL;PUT;Sep-26;3,16;3.48;21,70;-0,13;;5
10/08/26;B.SABADELL;PUT;Sep-26;3,33;3.48;21,27;-0,34;;30
10/08/26;B.SABADELL;PUT;Sep-26;3,50;3.48;20,83;-0,63;;62
10/08/26;B.SABADELL;PUT;Dic-26;2,48;3.48;23,85;-0,01;;411
10/08/26;B.SABADELL;PUT;Dic-26;2,56;3.48;23,68;-0,02;;10
10/08/26;B.SABADELL;PUT;Dic-26;2,65;3.48;23,48;-0,03;;10
10/08/26;B.SABADELL;PUT;Dic-26;2,74;3.48;23,28;-0,05;;20
10/08/26;B.SABADELL;PUT;Dic-26;2,82;3.48;23,10;-0,07;;21
10/08/26;B.SABADELL;PUT;Dic-26;2,91;3.48;22,91;-0,10;;2
10/08/26;B.SABADELL;PUT;Dic-26;2,99;3.48;22,73;-0,14;;10
10/08/26;B.SABADELL;PUT;Dic-26;3,08;3.48;22,53;-0,19;;52
10/08/26;B.SABADELL;PUT;Dic-26;3,16;3.48;22,35;-0,24;;60
10/08/26;B.SABADELL;PUT;Dic-26;3,50;3.48;21,58;-0,54;;50
10/08/26;B.SABADELL;PUT;Mar-27;2,48;3.48;25,33;-0,05;;1
10/08/26;B.SABADELL;PUT;Mar-27;2,65;3.48;24,97;-0,09;;20
10/08/26;B.SABADELL;PUT;Mar-27;2,82;3.48;24,61;-0,15;;113
10/08/26;B.SABADELL;PUT;Mar-27;2,99;3.48;24,25;-0,23;;205
10/08/26;B.SABADELL;PUT;Mar-27;3,08;3.48;24,06;-0,28;;200
10/08/26;B.SABADELL;PUT;Mar-27;3,33;3.48;23,54;-0,43;;141
10/08/26;B.SABADELL;PUT;Mar-27;3,59;3.48;22,88;-0,60;;100
10/08/26;B.SABADELL;PUT;Jun-27;2,74;3.48;25,68;-0,17;;5
10/08/26;B.SABADELL;PUT;Sep-27;2,39;3.48;26,84;-0,10;;5
10/08/26;B.SABADELL;PUT;Dic-27;2,74;3.48;26,49;-0,22;;1.538
10/08/26;B.SABADELL;PUT;Dic-27;2,82;3.48;26,33;-0,25;;3.026
10/08/26;B.SABADELL;PUT;Mar-28;2,56;3.48;28,44;-0,20;;830
10/08/26;B.SABADELL;PUT;Mar-28;2,74;3.48;28,14;-0,25;;769
10/08/26;B.SABADELL;PUT;Mar-28;2,82;3.48;28,01;-0,28;;758
10/08/26;B.SABADELL;PUT;Mar-28;2,91;3.48;27,87;-0,31;;742
10/08/26;B.SABADELL;CALL;Ago-26;3,33;3.48;33,09;0,79;;125
10/08/26;B.SABADELL;PUT;Dic-26;2,48;3.48;23,85;-0,01;;10
10/08/26;BANKINTER;CALL;Ago-26;14,50;16.57;25,17;1,00;;1
10/08/26;BANKINTER;CALL;Ago-26;15,00;16.57;24,06;0,99;;70
10/08/26;BANKINTER;CALL;Sep-26;13,50;16.57;27,53;0,99;;23
10/08/26;BANKINTER;CALL;Sep-26;14,00;16.57;26,46;0,98;;10
10/08/26;BANKINTER;CALL;Sep-26;14,50;16.57;25,39;0,95;;1
10/08/26;BANKINTER;CALL;Sep-26;15,00;16.57;24,33;0,91;;3
10/08/26;BANKINTER;CALL;Sep-26;16,50;16.57;21,13;0,55;;10
10/08/26;BANKINTER;CALL;Oct-26;15,00;16.57;25,64;0,84;;10
10/08/26;BANKINTER;CALL;Oct-26;17,50;16.57;21,97;0,31;;10
10/08/26;BANKINTER;CALL;Dic-26;13,50;16.57;30,19;0,91;;11
10/08/26;BANKINTER;CALL;Dic-26;14,00;16.57;29,23;0,88;;2
10/08/26;BANKINTER;CALL;Dic-26;15,00;16.57;27,32;0,78;;10
10/08/26;BANKINTER;CALL;Dic-26;15,50;16.57;26,36;0,72;;10
10/08/26;BANKINTER;CALL;Dic-26;16,00;16.57;25,41;0,64;;50
10/08/26;BANKINTER;CALL;Dic-26;17,00;16.57;24,19;0,47;;70
10/08/26;BANKINTER;CALL;Mar-27;15,00;16.57;27,36;0,73;;21
10/08/26;BANKINTER;CALL;Mar-27;16,50;16.57;24,91;0,55;;100
10/08/26;BANKINTER;CALL;Mar-27;17,00;16.57;24,68;0,48;;100
10/08/26;BANKINTER;CALL;Jun-27;16,00;16.57;25,68;0,60;;25
10/08/26;BANKINTER;CALL;Dic-27;14,50;16.57;27,44;0,72;;3
10/08/26;BANKINTER;CALL;Dic-27;15,50;16.57;26,33;0,64;;1
10/08/26;BANKINTER;CALL;Dic-27;17,00;16.57;25,05;0,51;;25
10/08/26;BANKINTER;PUT;Ago-26;12,50;16.57;32,59;;;1
10/08/26;BANKINTER;PUT;Ago-26;15,50;16.57;25,89;-0,06;;20
10/08/26;BANKINTER;PUT;Sep-26;6,50;16.57;43,29;;;31
10/08/26;BANKINTER;PUT;Sep-26;7,00;16.57;42,23;;;1
10/08/26;BANKINTER;PUT;Sep-26;10,50;16.57;34,76;;;3
10/08/26;BANKINTER;PUT;Sep-26;11,00;16.57;33,70;;;3
10/08/26;BANKINTER;PUT;Sep-26;11,50;16.57;32,63;;;4
10/08/26;BANKINTER;PUT;Sep-26;12,50;16.57;30,50;;;2
10/08/26;BANKINTER;PUT;Sep-26;13,00;16.57;29,43;;;20
10/08/26;BANKINTER;PUT;Sep-26;13,50;16.57;28,37;-0,01;;10
10/08/26;BANKINTER;PUT;Sep-26;14,00;16.57;27,30;-0,03;;10
10/08/26;BANKINTER;PUT;Sep-26;15,00;16.57;25,17;-0,10;;5
10/08/26;BANKINTER;PUT;Sep-26;15,50;16.57;24,10;-0,18;;20
10/08/26;BANKINTER;PUT;Oct-26;14,50;16.57;27,08;-0,11;;10
10/08/26;BANKINTER;PUT;Dic-26;7,25;16.57;41,30;;;1
10/08/26;BANKINTER;PUT;Dic-26;11,00;16.57;34,13;-0,02;;1
10/08/26;BANKINTER;PUT;Dic-26;12,00;16.57;32,22;-0,04;;1.020
10/08/26;BANKINTER;PUT;Dic-26;12,50;16.57;31,27;-0,06;;114
10/08/26;BANKINTER;PUT;Dic-26;13,00;16.57;30,31;-0,09;;20
10/08/26;BANKINTER;PUT;Dic-26;13,50;16.57;29,36;-0,12;;3.360
10/08/26;BANKINTER;PUT;Dic-26;14,00;16.57;28,40;-0,16;;25
10/08/26;BANKINTER;PUT;Dic-26;15,00;16.57;26,49;-0,26;4;5
10/08/26;BANKINTER;PUT;Dic-26;16,00;16.57;24,58;-0,41;;25
10/08/26;BANKINTER;PUT;Mar-27;13,50;16.57;27,93;-0,15;;1.008
10/08/26;BANKINTER;PUT;Jun-27;11,00;16.57;30,36;-0,06;;222
10/08/26;BANKINTER;PUT;Jun-27;12,50;16.57;28,25;-0,12;;3
10/08/26;BANKINTER;PUT;Jun-27;13,50;16.57;26,84;-0,18;;1.000
10/08/26;BANKINTER;PUT;Dic-27;10,50;16.57;28,52;-0,07;;1.000
10/08/26;BANKINTER;PUT;Dic-27;11,00;16.57;27,96;-0,09;;50
10/08/26;BANKINTER;PUT;Dic-27;15,00;16.57;23,54;-0,34;;25
10/08/26;BANKINTER;PUT;Mar-28;13,00;16.57;26,56;-0,21;;194
10/08/26;BANKINTER;PUT;Mar-28;14,00;16.57;25,64;-0,27;;175
10/08/26;BBVA;CALL;Ago-26;19,00;24.7;38,84;1,00;;5.000
10/08/26;BBVA;CALL;Ago-26;20,00;24.7;36,50;1,00;;14.500
10/08/26;BBVA;CALL;Ago-26;21,00;24.7;34,17;1,00;;2.534
10/08/26;BBVA;CALL;Ago-26;22,00;24.7;31,83;0,98;;8.017
10/08/26;BBVA;CALL;Ago-26;23,00;24.7;29,50;0,92;;159
10/08/26;BBVA;CALL;Ago-26;24,00;24.7;27,16;0,74;;1.081
10/08/26;BBVA;CALL;Ago-26;25,00;24.7;25,38;0,41;;90
10/08/26;BBVA;CALL;Sep-26;13,50;24.7;47,94;1,00;;75
10/08/26;BBVA;CALL;Sep-26;14,00;24.7;46,95;1,00;;75
10/08/26;BBVA;CALL;Sep-26;14,50;24.7;45,95;1,00;;75
10/08/26;BBVA;CALL;Sep-26;15,00;24.7;44,96;1,00;;152
10/08/26;BBVA;CALL;Sep-26;15,50;24.7;43,97;1,00;;150
10/08/26;BBVA;CALL;Sep-26;16,00;24.7;42,98;1,00;;300
10/08/26;BBVA;CALL;Sep-26;16,50;24.7;41,99;1,00;;300
10/08/26;BBVA;CALL;Sep-26;17,00;24.7;41,00;1,00;;1.950
10/08/26;BBVA;CALL;Sep-26;17,50;24.7;40,00;1,00;;5.000
10/08/26;BBVA;CALL;Sep-26;18,50;24.7;38,02;0,99;;151
10/08/26;BBVA;CALL;Sep-26;19,00;24.7;37,03;0,99;;4.260
10/08/26;BBVA;CALL;Sep-26;19,50;24.7;36,04;0,98;;250
10/08/26;BBVA;CALL;Sep-26;20,00;24.7;35,04;0,97;;7.148
10/08/26;BBVA;CALL;Sep-26;21,00;24.7;33,06;0,94;;2.009
10/08/26;BBVA;CALL;Sep-26;22,00;24.7;31,08;0,89;;534
10/08/26;BBVA;CALL;Sep-26;23,00;24.7;29,09;0,79;;174
10/08/26;BBVA;CALL;Sep-26;24,00;24.7;27,11;0,65;;73
10/08/26;BBVA;CALL;Sep-26;25,00;24.7;25,58;0,47;;395
10/08/26;BBVA;CALL;Sep-26;26,00;24.7;25,12;0,29;140;170
10/08/26;BBVA;CALL;Sep-26;27,00;24.7;24,66;0,15;;100
10/08/26;BBVA;CALL;Oct-26;25,00;24.7;26,50;0,49;;1
10/08/26;BBVA;CALL;Dic-26;13,00;24.7;48,21;1,00;;26
10/08/26;BBVA;CALL;Dic-26;15,00;24.7;44,92;0,99;;30
10/08/26;BBVA;CALL;Dic-26;16,00;24.7;43,27;0,98;;3.988
10/08/26;BBVA;CALL;Dic-26;16,50;24.7;42,45;0,98;;50
10/08/26;BBVA;CALL;Dic-26;17,00;24.7;41,63;0,97;;4.311
10/08/26;BBVA;CALL;Dic-26;17,50;24.7;40,80;0,96;;650
10/08/26;BBVA;CALL;Dic-26;18,00;24.7;39,98;0,95;;158
10/08/26;BBVA;CALL;Dic-26;18,50;24.7;39,16;0,94;;8
10/08/26;BBVA;CALL;Dic-26;19,00;24.7;38,33;0,92;;2.512
10/08/26;BBVA;CALL;Dic-26;19,50;24.7;37,51;0,90;;30
10/08/26;BBVA;CALL;Dic-26;20,00;24.7;36,69;0,88;;162
10/08/26;BBVA;CALL;Dic-26;21,00;24.7;35,04;0,83;;3.522
10/08/26;BBVA;CALL;Dic-26;22,00;24.7;33,40;0,76;;28
10/08/26;BBVA;CALL;Dic-26;23,00;24.7;31,75;0,69;;2.211
10/08/26;BBVA;CALL;Dic-26;24,00;24.7;30,10;0,60;;2
10/08/26;BBVA;CALL;Dic-26;25,00;24.7;28,82;0,50;;214
10/08/26;BBVA;CALL;Dic-26;26,00;24.7;28,39;0,40;;16
10/08/26;BBVA;CALL;Dic-26;27,00;24.7;27,96;0,31;;150
10/08/26;BBVA;CALL;Dic-26;28,00;24.7;27,52;0,23;;4
10/08/26;BBVA;CALL;Mar-27;9,50;24.7;51,68;1,00;;25
10/08/26;BBVA;CALL;Mar-27;12,00;24.7;48,00;1,00;;25
10/08/26;BBVA;CALL;Mar-27;13,00;24.7;46,53;0,99;;1
10/08/26;BBVA;CALL;Mar-27;15,50;24.7;42,85;0,96;;5
10/08/26;BBVA;CALL;Mar-27;16,00;24.7;42,12;0,95;;905
10/08/26;BBVA;CALL;Mar-27;16,50;24.7;41,38;0,94;;250
10/08/26;BBVA;CALL;Mar-27;17,50;24.7;39,91;0,91;;40
10/08/26;BBVA;CALL;Mar-27;18,00;24.7;39,18;0,89;;102
10/08/26;BBVA;CALL;Mar-27;19,00;24.7;37,70;0,86;;109
10/08/26;BBVA;CALL;Mar-27;20,00;24.7;36,23;0,82;;3.050
10/08/26;BBVA;CALL;Mar-27;20,50;24.7;35,50;0,79;;1
10/08/26;BBVA;CALL;Mar-27;22,00;24.7;33,29;0,72;;4.060
10/08/26;BBVA;CALL;Mar-27;23,00;24.7;31,82;0,66;;161
10/08/26;BBVA;CALL;Mar-27;24,00;24.7;30,35;0,59;;391
10/08/26;BBVA;CALL;Mar-27;25,00;24.7;29,22;0,52;;211
10/08/26;BBVA;CALL;Mar-27;26,00;24.7;28,88;0,45;;500
10/08/26;BBVA;CALL;Mar-27;27,00;24.7;28,54;0,39;;500
10/08/26;BBVA;CALL;Mar-27;28,00;24.7;28,21;0,32;;200
10/08/26;BBVA;CALL;Jun-27;12,00;24.7;47,99;0,99;;150
10/08/26;BBVA;CALL;Jun-27;12,50;24.7;47,31;0,99;;25
10/08/26;BBVA;CALL;Jun-27;13,00;24.7;46,64;0,99;;1
10/08/26;BBVA;CALL;Jun-27;15,00;24.7;43,94;0,96;;3
10/08/26;BBVA;CALL;Jun-27;17,00;24.7;41,24;0,90;;6.000
10/08/26;BBVA;CALL;Jun-27;20,00;24.7;37,19;0,80;;150
10/08/26;BBVA;CALL;Jun-27;21,00;24.7;35,84;0,75;;2.600
10/08/26;BBVA;CALL;Jun-27;22,00;24.7;34,49;0,71;;3.150
10/08/26;BBVA;CALL;Jun-27;23,00;24.7;33,14;0,65;;21
10/08/26;BBVA;CALL;Jun-27;24,00;24.7;31,79;0,59;;10
10/08/26;BBVA;CALL;Jun-27;25,00;24.7;30,74;0,53;323;566
10/08/26;BBVA;CALL;Sep-27;11,50;24.7;46,72;1,00;;150
10/08/26;BBVA;CALL;Sep-27;12,00;24.7;46,12;0,99;;150
10/08/26;BBVA;CALL;Sep-27;15,00;24.7;42,52;0,94;;2
10/08/26;BBVA;CALL;Sep-27;20,00;24.7;36,52;0,78;;1
10/08/26;BBVA;CALL;Sep-27;22,00;24.7;34,11;0,69;;1
10/08/26;BBVA;CALL;Dic-27;11,00;24.7;47,20;1,00;;150
10/08/26;BBVA;CALL;Dic-27;11,50;24.7;46,63;1,00;;26
10/08/26;BBVA;CALL;Dic-27;13,50;24.7;44,37;0,97;;150
10/08/26;BBVA;CALL;Dic-27;15,00;24.7;42,67;0,93;;75
10/08/26;BBVA;CALL;Dic-27;16,00;24.7;41,53;0,90;;6.000
10/08/26;BBVA;CALL;Dic-27;17,00;24.7;40,40;0,87;;150
10/08/26;BBVA;CALL;Dic-27;17,50;24.7;39,83;0,86;;100
10/08/26;BBVA;CALL;Dic-27;18,00;24.7;39,27;0,84;;1
10/08/26;BBVA;CALL;Dic-27;20,00;24.7;37,00;0,77;;150
10/08/26;BBVA;CALL;Dic-27;25,00;24.7;31,56;0,54;;4.000
10/08/26;BBVA;CALL;Mar-28;17,00;24.7;40,23;0,86;;600
10/08/26;BBVA;CALL;Mar-28;17,50;24.7;39,69;0,84;;300
10/08/26;BBVA;CALL;Mar-28;18,00;24.7;39,15;0,82;;300
10/08/26;BBVA;CALL;Mar-28;21,00;24.7;35,91;0,72;;350
10/08/26;BBVA;CALL;Jun-28;10,00;24.7;47,74;1,00;;1
10/08/26;BBVA;CALL;Jun-28;17,00;24.7;40,75;0,85;;750
10/08/26;BBVA;CALL;Jun-28;17,50;24.7;40,25;0,84;;600
10/08/26;BBVA;CALL;Jun-28;18,00;24.7;39,75;0,82;;575
10/08/26;BBVA;CALL;Jun-28;18,50;24.7;39,25;0,80;;3
10/08/26;BBVA;CALL;Jun-28;19,00;24.7;38,75;0,79;;50
10/08/26;BBVA;CALL;Jun-28;19,50;24.7;38,25;0,77;;100
10/08/26;BBVA;CALL;Jun-28;20,00;24.7;37,75;0,75;;125
10/08/26;BBVA;CALL;Jun-28;21,00;24.7;36,76;0,72;;525
10/08/26;BBVA;CALL;Jun-28;22,00;24.7;35,76;0,68;;4.450
10/08/26;BBVA;CALL;Jun-28;23,00;24.7;34,76;0,64;;150
10/08/26;BBVA;CALL;Jun-28;24,00;24.7;33,76;0,60;;300
10/08/26;BBVA;CALL;Jun-28;25,00;24.7;32,94;0,56;;1.000
10/08/26;BBVA;CALL;Dic-29;15,00;24.7;40,76;0,90;;50
10/08/26;BBVA;PUT;Ago-26;13,50;24.7;51,00;;;10
10/08/26;BBVA;PUT;Ago-26;16,50;24.7;43,99;;;1
10/08/26;BBVA;PUT;Ago-26;17,00;24.7;42,83;;;22
10/08/26;BBVA;PUT;Ago-26;17,50;24.7;41,66;;;10
10/08/26;BBVA;PUT;Ago-26;18,00;24.7;40,49;;;14.505
10/08/26;BBVA;PUT;Ago-26;18,50;24.7;39,33;;;151
10/08/26;BBVA;PUT;Ago-26;19,00;24.7;38,16;;;7.500
10/08/26;BBVA;PUT;Ago-26;19,50;24.7;36,99;;;150
10/08/26;BBVA;PUT;Ago-26;20,00;24.7;35,82;;;8.149
10/08/26;BBVA;PUT;Ago-26;20,50;24.7;34,66;;;133
10/08/26;BBVA;PUT;Ago-26;21,00;24.7;33,49;;;9.010
10/08/26;BBVA;PUT;Ago-26;22,00;24.7;31,15;-0,01;;12.015
10/08/26;BBVA;PUT;Ago-26;23,00;24.7;28,82;-0,07;;5
10/08/26;BBVA;PUT;Ago-26;24,00;24.7;26,48;-0,26;;16
10/08/26;BBVA;PUT;Ago-26;25,00;24.7;24,70;-0,60;;20
10/08/26;BBVA;PUT;Ago-26;26,00;24.7;24,22;-0,89;;2
10/08/26;BBVA;PUT;Sep-26;6,75;24.7;60,30;;;1
10/08/26;BBVA;PUT;Sep-26;8,25;24.7;57,32;;;5
10/08/26;BBVA;PUT;Sep-26;9,00;24.7;55,84;;;674
10/08/26;BBVA;PUT;Sep-26;9,25;24.7;55,34;;;368
10/08/26;BBVA;PUT;Sep-26;9,50;24.7;54,84;;;25
10/08/26;BBVA;PUT;Sep-26;9,75;24.7;54,35;;;200
10/08/26;BBVA;PUT;Sep-26;10,00;24.7;53,85;;;40.150
10/08/26;BBVA;PUT;Sep-26;10,50;24.7;52,86;;;300
10/08/26;BBVA;PUT;Sep-26;11,00;24.7;51,87;;;350
10/08/26;BBVA;PUT;Sep-26;11,50;24.7;50,88;;;1
10/08/26;BBVA;PUT;Sep-26;12,00;24.7;49,88;;;1
10/08/26;BBVA;PUT;Sep-26;12,50;24.7;48,89;;;50
10/08/26;BBVA;PUT;Sep-26;13,00;24.7;47,90;;;130
10/08/26;BBVA;PUT;Sep-26;14,00;24.7;45,92;;;55
10/08/26;BBVA;PUT;Sep-26;14,50;24.7;44,92;;;6
10/08/26;BBVA;PUT;Sep-26;15,00;24.7;43,93;;;108
10/08/26;BBVA;PUT;Sep-26;15,50;24.7;42,94;;;56
10/08/26;BBVA;PUT;Sep-26;16,00;24.7;41,95;;;89
10/08/26;BBVA;PUT;Sep-26;16,50;24.7;40,96;;;58
10/08/26;BBVA;PUT;Sep-26;17,00;24.7;39,97;;;4.956
10/08/26;BBVA;PUT;Sep-26;17,50;24.7;38,97;;;151
10/08/26;BBVA;PUT;Sep-26;18,00;24.7;37,98;;;7.070
10/08/26;BBVA;PUT;Sep-26;18,50;24.7;36,99;-0,01;;210
10/08/26;BBVA;PUT;Sep-26;19,00;24.7;36,00;-0,01;;7.071
10/08/26;BBVA;PUT;Sep-26;19,50;24.7;35,01;-0,02;;301
10/08/26;BBVA;PUT;Sep-26;20,00;24.7;34,01;-0,02;;12.031
10/08/26;BBVA;PUT;Sep-26;20,50;24.7;33,02;-0,04;1;250
10/08/26;BBVA;PUT;Sep-26;21,00;24.7;32,03;-0,05;;3.318
10/08/26;BBVA;PUT;Sep-26;22,00;24.7;30,05;-0,11;;153
10/08/26;BBVA;PUT;Sep-26;23,00;24.7;28,06;-0,20;50;451
10/08/26;BBVA;PUT;Sep-26;24,00;24.7;26,08;-0,34;100;10
10/08/26;BBVA;PUT;Sep-26;26,00;24.7;24,09;-0,73;;101
10/08/26;BBVA;PUT;Oct-26;20,00;24.7;33,70;-0,07;;6
10/08/26;BBVA;PUT;Oct-26;22,00;24.7;30,08;-0,19;;105
10/08/26;BBVA;PUT;Oct-26;23,00;24.7;28,27;-0,29;;1
10/08/26;BBVA;PUT;Oct-26;30,00;24.7;22,84;-0,98;;25
10/08/26;BBVA;PUT;Dic-26;5,75;24.7;57,81;;;150
10/08/26;BBVA;PUT;Dic-26;6,00;24.7;57,40;;;10.150
10/08/26;BBVA;PUT;Dic-26;6,25;24.7;56,99;;;150
10/08/26;BBVA;PUT;Dic-26;6,50;24.7;56,57;;;13.250
10/08/26;BBVA;PUT;Dic-26;6,75;24.7;56,16;;;450
10/08/26;BBVA;PUT;Dic-26;7,00;24.7;55,75;;;300
10/08/26;BBVA;PUT;Dic-26;7,25;24.7;55,34;;;600
10/08/26;BBVA;PUT;Dic-26;7,50;24.7;54,93;;;450
10/08/26;BBVA;PUT;Dic-26;7,75;24.7;54,52;;;451
10/08/26;BBVA;PUT;Dic-26;8,00;24.7;54,11;;;18.450
10/08/26;BBVA;PUT;Dic-26;8,25;24.7;53,69;;;15
10/08/26;BBVA;PUT;Dic-26;8,50;24.7;53,28;;;25.000
10/08/26;BBVA;PUT;Dic-26;8,75;24.7;52,87;;;311
10/08/26;BBVA;PUT;Dic-26;9,00;24.7;52,46;;;14.933
10/08/26;BBVA;PUT;Dic-26;9,25;24.7;52,05;;;75
10/08/26;BBVA;PUT;Dic-26;9,50;24.7;51,64;;;76
10/08/26;BBVA;PUT;Dic-26;9,75;24.7;51,22;;;200
10/08/26;BBVA;PUT;Dic-26;10,00;24.7;50,81;;;226
10/08/26;BBVA;PUT;Dic-26;10,50;24.7;49,99;;;300
10/08/26;BBVA;PUT;Dic-26;11,00;24.7;49,17;;;481
10/08/26;BBVA;PUT;Dic-26;11,50;24.7;48,34;;;1
10/08/26;BBVA;PUT;Dic-26;12,00;24.7;47,52;;;8.410
10/08/26;BBVA;PUT;Dic-26;12,50;24.7;46,70;-0,01;;250
10/08/26;BBVA;PUT;Dic-26;13,00;24.7;45,87;-0,01;;42.101
10/08/26;BBVA;PUT;Dic-26;13,50;24.7;45,05;-0,01;;400
10/08/26;BBVA;PUT;Dic-26;14,00;24.7;44,23;-0,01;;706
10/08/26;BBVA;PUT;Dic-26;14,50;24.7;43,40;-0,01;;300
10/08/26;BBVA;PUT;Dic-26;15,00;24.7;42,58;-0,02;;3.774
10/08/26;BBVA;PUT;Dic-26;15,50;24.7;41,76;-0,03;;12
10/08/26;BBVA;PUT;Dic-26;16,00;24.7;40,93;-0,03;;92
10/08/26;BBVA;PUT;Dic-26;16,50;24.7;40,11;-0,04;;520
10/08/26;BBVA;PUT;Dic-26;17,00;24.7;39,29;-0,05;;8.736
10/08/26;BBVA;PUT;Dic-26;17,50;24.7;38,46;-0,06;;136
10/08/26;BBVA;PUT;Dic-26;18,00;24.7;37,64;-0,07;;20.169
10/08/26;BBVA;PUT;Dic-26;18,50;24.7;36,82;-0,08;;105
10/08/26;BBVA;PUT;Dic-26;19,00;24.7;35,99;-0,10;;13.517
10/08/26;BBVA;PUT;Dic-26;20,00;24.7;34,35;-0,14;;10.512
10/08/26;BBVA;PUT;Dic-26;20,50;24.7;33,52;-0,16;4;4
10/08/26;BBVA;PUT;Dic-26;21,00;24.7;32,70;-0,19;;9.140
10/08/26;BBVA;PUT;Dic-26;22,00;24.7;31,06;-0,25;;151
10/08/26;BBVA;PUT;Dic-26;23,00;24.7;29,41;-0,33;;2.600
10/08/26;BBVA;PUT;Mar-27;8,50;24.7;51,07;;;25
10/08/26;BBVA;PUT;Mar-27;8,75;24.7;50,70;;;25
10/08/26;BBVA;PUT;Mar-27;9,00;24.7;50,33;;;25
10/08/26;BBVA;PUT;Mar-27;9,25;24.7;49,97;;;25
10/08/26;BBVA;PUT;Mar-27;9,50;24.7;49,60;;;30
10/08/26;BBVA;PUT;Mar-27;9,75;24.7;49,23;;;25
10/08/26;BBVA;PUT;Mar-27;10,50;24.7;48,13;-0,01;;175
10/08/26;BBVA;PUT;Mar-27;11,00;24.7;47,39;-0,01;;175
10/08/26;BBVA;PUT;Mar-27;11,50;24.7;46,66;-0,01;;32.250
10/08/26;BBVA;PUT;Mar-27;12,00;24.7;45,92;-0,01;;40
10/08/26;BBVA;PUT;Mar-27;12,50;24.7;45,19;-0,02;;30
10/08/26;BBVA;PUT;Mar-27;13,00;24.7;44,45;-0,02;;40
10/08/26;BBVA;PUT;Mar-27;13,50;24.7;43,72;-0,03;;20
10/08/26;BBVA;PUT;Mar-27;14,00;24.7;42,98;-0,03;;30
10/08/26;BBVA;PUT;Mar-27;15,00;24.7;41,51;-0,04;;220
10/08/26;BBVA;PUT;Mar-27;16,00;24.7;40,04;-0,06;;5.500
10/08/26;BBVA;PUT;Mar-27;16,50;24.7;39,30;-0,07;;450
10/08/26;BBVA;PUT;Mar-27;17,00;24.7;38,57;-0,08;;2.360
10/08/26;BBVA;PUT;Mar-27;17,50;24.7;37,83;-0,10;;4.250
10/08/26;BBVA;PUT;Mar-27;18,00;24.7;37,10;-0,11;;100
10/08/26;BBVA;PUT;Mar-27;18,50;24.7;36,36;-0,13;;10
10/08/26;BBVA;PUT;Mar-27;19,00;24.7;35,62;-0,14;;400
10/08/26;BBVA;PUT;Mar-27;19,50;24.7;34,89;-0,16;;3.810
10/08/26;BBVA;PUT;Mar-27;20,00;24.7;34,15;-0,18;;6.160
10/08/26;BBVA;PUT;Mar-27;20,50;24.7;33,42;-0,20;;20
10/08/26;BBVA;PUT;Mar-27;21,00;24.7;32,68;-0,23;;381
10/08/26;BBVA;PUT;Mar-27;22,00;24.7;31,21;-0,28;;15
10/08/26;BBVA;PUT;Mar-27;23,00;24.7;29,74;-0,34;;50
10/08/26;BBVA;PUT;Jun-27;4,30;24.7;54,65;;;1
10/08/26;BBVA;PUT;Jun-27;4,50;24.7;54,38;;;1
10/08/26;BBVA;PUT;Jun-27;4,90;24.7;53,84;;;150
10/08/26;BBVA;PUT;Jun-27;5,00;24.7;53,71;;;300
10/08/26;BBVA;PUT;Jun-27;5,25;24.7;53,37;;;298
10/08/26;BBVA;PUT;Jun-27;7,00;24.7;51,01;;;2
10/08/26;BBVA;PUT;Jun-27;8,00;24.7;49,66;;;1
10/08/26;BBVA;PUT;Jun-27;8,25;24.7;49,32;;;7
10/08/26;BBVA;PUT;Jun-27;9,00;24.7;48,31;-0,01;;7.000
10/08/26;BBVA;PUT;Jun-27;9,75;24.7;47,30;-0,01;;175
10/08/26;BBVA;PUT;Jun-27;10,00;24.7;46,96;-0,01;;10.000
10/08/26;BBVA;PUT;Jun-27;11,00;24.7;45,61;-0,02;;75
10/08/26;BBVA;PUT;Jun-27;12,00;24.7;44,26;-0,03;;20
10/08/26;BBVA;PUT;Jun-27;12,50;24.7;43,58;-0,03;;197
10/08/26;BBVA;PUT;Jun-27;13,00;24.7;42,91;-0,04;;1.126
10/08/26;BBVA;PUT;Jun-27;13,50;24.7;42,23;-0,05;;190
10/08/26;BBVA;PUT;Jun-27;14,00;24.7;41,56;-0,05;;33
10/08/26;BBVA;PUT;Jun-27;14,50;24.7;40,89;-0,06;;400
10/08/26;BBVA;PUT;Jun-27;15,00;24.7;40,21;-0,07;;600
10/08/26;BBVA;PUT;Jun-27;15,50;24.7;39,54;-0,08;;21
10/08/26;BBVA;PUT;Jun-27;16,00;24.7;38,86;-0,09;;3
10/08/26;BBVA;PUT;Jun-27;16,50;24.7;38,19;-0,11;;250
10/08/26;BBVA;PUT;Jun-27;17,00;24.7;37,51;-0,12;;151
10/08/26;BBVA;PUT;Jun-27;17,50;24.7;36,84;-0,13;;150
10/08/26;BBVA;PUT;Jun-27;18,00;24.7;36,16;-0,15;;160
10/08/26;BBVA;PUT;Jun-27;18,50;24.7;35,49;-0,17;;2
10/08/26;BBVA;PUT;Jun-27;19,00;24.7;34,81;-0,19;;151
10/08/26;BBVA;PUT;Jun-27;20,00;24.7;33,46;-0,23;;2.604
10/08/26;BBVA;PUT;Jun-27;21,00;24.7;32,11;-0,27;;30
10/08/26;BBVA;PUT;Jun-27;23,00;24.7;29,41;-0,38;;160
10/08/26;BBVA;PUT;Jun-27;24,00;24.7;28,06;-0,45;;81
10/08/26;BBVA;PUT;Sep-27;7,75;24.7;47,46;-0,01;;10
10/08/26;BBVA;PUT;Sep-27;16,00;24.7;37,55;-0,11;;309
10/08/26;BBVA;PUT;Sep-27;16,50;24.7;36,95;-0,12;;10
10/08/26;BBVA;PUT;Sep-27;17,00;24.7;36,35;-0,13;;379
10/08/26;BBVA;PUT;Sep-27;17,50;24.7;35,75;-0,15;;150
10/08/26;BBVA;PUT;Sep-27;18,00;24.7;35,15;-0,16;;150
10/08/26;BBVA;PUT;Sep-27;20,00;24.7;32,75;-0,24;;1
10/08/26;BBVA;PUT;Sep-27;22,00;24.7;30,34;-0,33;;1
10/08/26;BBVA;PUT;Dic-27;4,40;24.7;50,37;;;1
10/08/26;BBVA;PUT;Dic-27;4,90;24.7;49,81;;;150
10/08/26;BBVA;PUT;Dic-27;5,00;24.7;49,69;;;150
10/08/26;BBVA;PUT;Dic-27;6,50;24.7;47,99;;;10
10/08/26;BBVA;PUT;Dic-27;7,00;24.7;47,42;-0,01;;150
10/08/26;BBVA;PUT;Dic-27;7,25;24.7;47,14;-0,01;;150
10/08/26;BBVA;PUT;Dic-27;7,75;24.7;46,57;-0,01;;1
10/08/26;BBVA;PUT;Dic-27;8,25;24.7;46,01;-0,01;;150
10/08/26;BBVA;PUT;Dic-27;8,50;24.7;45,72;-0,01;;6.150
10/08/26;BBVA;PUT;Dic-27;8,75;24.7;45,44;-0,01;;1
10/08/26;BBVA;PUT;Dic-27;9,00;24.7;45,16;-0,02;;7.650
10/08/26;BBVA;PUT;Dic-27;9,25;24.7;44,87;-0,02;;150
10/08/26;BBVA;PUT;Dic-27;9,50;24.7;44,59;-0,02;;250
10/08/26;BBVA;PUT;Dic-27;9,75;24.7;44,31;-0,02;;150
10/08/26;BBVA;PUT;Dic-27;10,00;24.7;44,02;-0,02;;407
10/08/26;BBVA;PUT;Dic-27;10,50;24.7;43,46;-0,03;;300
10/08/26;BBVA;PUT;Dic-27;11,00;24.7;42,89;-0,03;;5.304
10/08/26;BBVA;PUT;Dic-27;12,00;24.7;41,76;-0,05;;3.300
10/08/26;BBVA;PUT;Dic-27;12,50;24.7;41,19;-0,05;;300
10/08/26;BBVA;PUT;Dic-27;13,00;24.7;40,62;-0,06;;10.000
10/08/26;BBVA;PUT;Dic-27;13,50;24.7;40,06;-0,07;;150
10/08/26;BBVA;PUT;Dic-27;14,00;24.7;39,49;-0,08;;150
10/08/26;BBVA;PUT;Dic-27;15,00;24.7;38,36;-0,10;;3
10/08/26;BBVA;PUT;Dic-27;16,00;24.7;37,22;-0,12;;15.000
10/08/26;BBVA;PUT;Dic-27;16,50;24.7;36,66;-0,14;;174
10/08/26;BBVA;PUT;Dic-27;17,00;24.7;36,09;-0,15;;8.500
10/08/26;BBVA;PUT;Dic-27;17,50;24.7;35,52;-0,17;;292
10/08/26;BBVA;PUT;Dic-27;18,00;24.7;34,96;-0,18;;150
10/08/26;BBVA;PUT;Dic-27;20,00;24.7;32,69;-0,25;;4.000
10/08/26;BBVA;PUT;Dic-27;21,00;24.7;31,55;-0,29;;150
10/08/26;BBVA;PUT;Dic-27;22,00;24.7;30,42;-0,34;;10.302
10/08/26;BBVA;PUT;Dic-27;23,00;24.7;29,29;-0,39;;300
10/08/26;BBVA;PUT;Mar-28;15,00;24.7;37,84;-0,11;;150
10/08/26;BBVA;PUT;Mar-28;15,50;24.7;37,30;-0,12;;150
10/08/26;BBVA;PUT;Mar-28;18,00;24.7;34,60;-0,19;;26
10/08/26;BBVA;PUT;Mar-28;20,00;24.7;32,44;-0,26;;150
10/08/26;BBVA;PUT;Mar-28;21,00;24.7;31,36;-0,30;;150
10/08/26;BBVA;PUT;Mar-28;22,00;24.7;30,28;-0,34;;150
10/08/26;BBVA;PUT;Mar-28;23,00;24.7;29,21;-0,38;;150
10/08/26;BBVA;PUT;Jun-28;15,50;24.7;36,00;-0,14;;1
10/08/26;BBVA;PUT;Jun-28;18,00;24.7;33,50;-0,21;;1.250
10/08/26;BBVA;PUT;Jun-28;19,00;24.7;32,50;-0,24;;4.450
10/08/26;BBVA;PUT;Jun-28;20,00;24.7;31,50;-0,28;;3.300
10/08/26;BBVA;PUT;Jun-28;21,00;24.7;30,51;-0,32;;750
10/08/26;BBVA;PUT;Jun-28;22,00;24.7;29,51;-0,36;;2.350
10/08/26;BBVA;PUT;Jun-28;23,00;24.7;28,51;-0,40;;1.500
10/08/26;BBVA;PUT;Dic-28;12,00;24.7;36,62;-0,07;;3.500
10/08/26;BBVA;PUT;Dic-28;12,50;24.7;36,23;-0,08;;1.500
10/08/26;BBVA;PUT;Dic-28;16,00;24.7;33,49;-0,16;;17
10/08/26;BBVA;PUT;Dic-28;18,50;24.7;31,53;-0,23;;3
10/08/26;BBVA;PUT;Dic-28;20,00;24.7;30,36;-0,29;;90
10/08/26;BBVA;PUT;Jun-29;16,00;24.7;32,29;-0,18;;1.250
10/08/26;BBVA;PUT;Dic-29;12,50;24.7;33,26;-0,10;;3.000
10/08/26;BBVA;PUT;Dic-29;20,00;24.7;29,31;-0,31;;6
10/08/26;BBVA;PUT;Dic-29;25,00;24.7;26,72;-0,48;;152
10/08/26;BBVA;PUT;Dic-30;20,50;24.7;28,56;-0,34;;1.500
10/08/26;BBVA;CALL;Ago-26;18,50;24.7;40,01;1,00;;10
10/08/26;BBVA;CALL;Ago-26;19,00;24.7;38,84;1,00;;20
10/08/26;BBVA;CALL;Ago-26;20,00;24.7;36,50;1,00;;40
10/08/26;BBVA;CALL;Ago-26;20,50;24.7;35,34;1,00;;46
10/08/26;BBVA;CALL;Ago-26;21,00;24.7;34,17;1,00;;30
10/08/26;BBVA;CALL;Ago-26;21,00;24.7;34,17;1,00;;144
10/08/26;BBVA;CALL;Ago-26;22,00;24.7;31,83;0,98;;105
10/08/26;BBVA;CALL;Ago-26;23,00;24.7;29,50;0,92;;55
10/08/26;BBVA;CALL;Ago-26;23,00;24.7;29,50;0,92;;911
10/08/26;BBVA;CALL;Ago-26;24,00;24.7;27,16;0,74;;1.792
10/08/26;BBVA;CALL;Ago-26;24,00;24.7;27,16;0,74;;36
10/08/26;BBVA;CALL;Ago-26;25,00;24.7;25,38;0,41;10;20
10/08/26;BBVA;CALL;Ago-26;26,00;24.7;24,90;0,13;;1
10/08/26;BBVA;CALL;Sep-26;19,00;24.7;37,03;0,98;;10
10/08/26;BBVA;CALL;Sep-26;20,00;24.7;35,04;0,97;;10
10/08/26;BBVA;CALL;Sep-26;21,00;24.7;33,06;0,94;;10
10/08/26;BBVA;CALL;Sep-26;22,00;24.7;31,08;0,88;;160
10/08/26;BBVA;CALL;Sep-26;23,00;24.7;29,09;0,79;;1
10/08/26;BBVA;CALL;Sep-26;25,00;24.7;25,58;0,47;;30
10/08/26;BBVA;CALL;Sep-26;25,00;24.7;25,58;0,47;10;1.720
10/08/26;BBVA;CALL;Sep-26;26,00;24.7;25,12;0,29;10;3.430
10/08/26;BBVA;CALL;Sep-26;26,00;24.7;25,12;0,29;;11
10/08/26;BBVA;CALL;Oct-26;23,00;24.7;29,70;0,70;;10
10/08/26;BBVA;CALL;Oct-26;25,00;24.7;26,50;0,44;;10
10/08/26;BBVA;CALL;Oct-26;26,00;24.7;26,05;0,31;;20
10/08/26;BBVA;CALL;Oct-26;27,00;24.7;25,61;0,20;;7.008
10/08/26;BBVA;CALL;Dic-26;17,00;24.7;41,63;0,94;;10
10/08/26;BBVA;CALL;Dic-26;19,00;24.7;38,33;0,88;;10
10/08/26;BBVA;CALL;Dic-26;19,50;24.7;37,51;0,86;;10
10/08/26;BBVA;CALL;Dic-26;21,00;24.7;35,04;0,79;;10
10/08/26;BBVA;CALL;Dic-26;22,00;24.7;33,40;0,73;;10
10/08/26;BBVA;CALL;Dic-26;22,00;24.7;33,40;0,73;;3
10/08/26;BBVA;CALL;Dic-26;23,00;24.7;31,75;0,66;;1
10/08/26;BBVA;CALL;Dic-26;23,00;24.7;31,75;0,66;;10
10/08/26;BBVA;CALL;Dic-26;24,00;24.7;30,10;0,58;;10
10/08/26;BBVA;CALL;Dic-26;24,00;24.7;30,10;0,58;;4
10/08/26;BBVA;CALL;Dic-26;25,00;24.7;28,82;0,49;;6
10/08/26;BBVA;CALL;Dic-26;26,00;24.7;28,39;0,39;;4
10/08/26;BBVA;CALL;Dic-26;29,00;24.7;27,09;0,17;;8
10/08/26;BBVA;CALL;Dic-26;32,00;24.7;25,80;0,05;;10
10/08/26;BBVA;CALL;Mar-27;19,00;24.7;37,70;0,84;;200
10/08/26;BBVA;CALL;Mar-27;19,00;24.7;37,70;0,84;;200
10/08/26;BBVA;CALL;Mar-27;19,50;24.7;36,97;0,82;;20
10/08/26;BBVA;CALL;Mar-27;23,00;24.7;31,82;0,65;;4
10/08/26;BBVA;CALL;Mar-27;24,00;24.7;30,35;0,58;;4
10/08/26;BBVA;CALL;Mar-27;25,00;24.7;29,22;0,52;;4
10/08/26;BBVA;CALL;Mar-27;26,00;24.7;28,88;0,45;;3
10/08/26;BBVA;CALL;Mar-27;27,00;24.7;28,54;0,38;;5
10/08/26;BBVA;CALL;Mar-27;32,00;24.7;26,86;0,13;;28
10/08/26;BBVA;PUT;Ago-26;18,50;24.7;39,33;;;5
10/08/26;BBVA;PUT;Ago-26;20,00;24.7;35,82;;;10
10/08/26;BBVA;PUT;Ago-26;20,50;24.7;34,66;;;20
10/08/26;BBVA;PUT;Ago-26;21,00;24.7;33,49;;;61
10/08/26;BBVA;PUT;Ago-26;21,00;24.7;33,49;;;20
10/08/26;BBVA;PUT;Ago-26;22,00;24.7;31,15;-0,02;;30
10/08/26;BBVA;PUT;Ago-26;22,00;24.7;31,15;-0,02;;90
10/08/26;BBVA;PUT;Ago-26;23,00;24.7;28,82;-0,07;;115
10/08/26;BBVA;PUT;Ago-26;23,00;24.7;28,82;-0,07;;10
10/08/26;BBVA;PUT;Ago-26;24,00;24.7;26,48;-0,25;;30
10/08/26;BBVA;PUT;Ago-26;24,00;24.7;26,48;-0,25;;10
10/08/26;BBVA;PUT;Ago-26;25,00;24.7;24,70;-0,60;10;10
10/08/26;BBVA;PUT;Ago-26;25,00;24.7;24,70;-0,60;10;30
10/08/26;BBVA;PUT;Sep-26;9,50;24.7;54,84;;;600
10/08/26;BBVA;PUT;Sep-26;10,50;24.7;52,86;;;700
10/08/26;BBVA;PUT;Sep-26;17,00;24.7;39,97;;;20
10/08/26;BBVA;PUT;Sep-26;18,00;24.7;37,98;;;10
10/08/26;BBVA;PUT;Sep-26;19,00;24.7;36,00;-0,01;;10
10/08/26;BBVA;PUT;Sep-26;20,00;24.7;34,01;-0,02;;10
10/08/26;BBVA;PUT;Sep-26;22,00;24.7;30,05;-0,11;;20
10/08/26;BBVA;PUT;Sep-26;23,00;24.7;28,06;-0,20;;40
10/08/26;BBVA;PUT;Sep-26;24,00;24.7;26,08;-0,34;;10
10/08/26;BBVA;PUT;Sep-26;24,00;24.7;26,08;-0,34;;10
10/08/26;BBVA;PUT;Sep-26;25,00;24.7;24,55;-0,53;;10
10/08/26;BBVA;PUT;Oct-26;22,00;24.7;30,08;-0,19;;20
10/08/26;BBVA;PUT;Oct-26;24,00;24.7;26,47;-0,42;;10
10/08/26;BBVA;PUT;Dic-26;7,25;24.7;55,34;;;150
10/08/26;BBVA;PUT;Dic-26;8,50;24.7;53,28;;;150
10/08/26;BBVA;PUT;Dic-26;8,75;24.7;52,87;;;150
10/08/26;BBVA;PUT;Dic-26;9,00;24.7;52,46;;;150
10/08/26;BBVA;PUT;Dic-26;10,00;24.7;50,81;;;40
10/08/26;BBVA;PUT;Dic-26;15,50;24.7;41,76;-0,03;;5
10/08/26;BBVA;PUT;Dic-26;16,50;24.7;40,11;-0,04;;10
10/08/26;BBVA;PUT;Dic-26;17,00;24.7;39,29;-0,05;;23
10/08/26;BBVA;PUT;Dic-26;17,50;24.7;38,46;-0,06;;16
10/08/26;BBVA;PUT;Dic-26;21,00;24.7;32,70;-0,19;;16
10/08/26;BBVA;PUT;Dic-26;22,00;24.7;31,06;-0,25;;4
10/08/26;BBVA;PUT;Dic-26;23,00;24.7;29,41;-0,32;;1
10/08/26;BBVA;PUT;Mar-27;10,00;24.7;48,86;-0,01;;150
10/08/26;BBVA;PUT;Mar-27;14,50;24.7;42,24;-0,04;;10
10/08/26;BBVA;PUT;Mar-27;17,00;24.7;38,57;-0,08;;20
10/08/26;BBVA;PUT;Mar-27;18,00;24.7;37,10;-0,11;;1
10/08/26;CAIXABANK;CALL;Ago-26;12,50;12.94;24,16;0,81;;250
10/08/26;CAIXABANK;CALL;Ago-26;13,00;12.94;22,43;0,47;;7
10/08/26;CAIXABANK;CALL;Ago-26;13,50;12.94;22,03;0,14;;1
10/08/26;CAIXABANK;CALL;Sep-26;9,00;12.94;36,77;1,00;;1
10/08/26;CAIXABANK;CALL;Sep-26;10,00;12.94;33,29;0,99;;1
10/08/26;CAIXABANK;CALL;Sep-26;10,50;12.94;31,56;0,98;;1
10/08/26;CAIXABANK;CALL;Sep-26;11,00;12.94;29,82;0,96;;2
10/08/26;CAIXABANK;CALL;Sep-26;11,50;12.94;28,08;0,91;;4
10/08/26;CAIXABANK;CALL;Sep-26;12,00;12.94;26,34;0,83;;10
10/08/26;CAIXABANK;CALL;Sep-26;12,50;12.94;24,60;0,69;;40
10/08/26;CAIXABANK;CALL;Sep-26;13,00;12.94;23,02;0,50;;22
10/08/26;CAIXABANK;CALL;Sep-26;13,50;12.94;22,64;0,31;;5
10/08/26;CAIXABANK;CALL;Oct-26;12,50;12.94;25,02;0,66;;3
10/08/26;CAIXABANK;CALL;Dic-26;7,00;12.94;45,21;1,00;;7.500
10/08/26;CAIXABANK;CALL;Dic-26;9,25;12.94;37,45;0,96;;1
10/08/26;CAIXABANK;CALL;Dic-26;10,50;12.94;33,13;0,89;;1.134
10/08/26;CAIXABANK;CALL;Dic-26;11,00;12.94;31,41;0,85;;20
10/08/26;CAIXABANK;CALL;Dic-26;11,50;12.94;29,68;0,79;;6.000
10/08/26;CAIXABANK;CALL;Dic-26;12,00;12.94;27,95;0,72;;1
10/08/26;CAIXABANK;CALL;Dic-26;12,50;12.94;26,23;0,63;;450
10/08/26;CAIXABANK;CALL;Dic-26;13,00;12.94;24,66;0,52;;1
10/08/26;CAIXABANK;CALL;Mar-27;9,50;12.94;35,40;0,91;;1
10/08/26;CAIXABANK;CALL;Mar-27;10,50;12.94;32,33;0,84;;14
10/08/26;CAIXABANK;CALL;Mar-27;12,50;12.94;26,20;0,61;;11
10/08/26;CAIXABANK;CALL;Mar-27;13,00;12.94;24,80;0,53;;400
10/08/26;CAIXABANK;CALL;Jun-27;9,75;12.94;33,58;0,88;;150
10/08/26;CAIXABANK;CALL;Jun-27;10,00;12.94;32,93;0,86;;150
10/08/26;CAIXABANK;CALL;Jun-27;10,50;12.94;31,63;0,82;;150
10/08/26;CAIXABANK;CALL;Jun-27;11,00;12.94;30,33;0,78;;150
10/08/26;CAIXABANK;CALL;Jun-27;12,00;12.94;27,73;0,67;;1
10/08/26;CAIXABANK;CALL;Jun-27;13,00;12.94;25,24;0,54;;25
10/08/26;CAIXABANK;CALL;Jun-27;14,50;12.94;24,19;0,34;;1
10/08/26;CAIXABANK;CALL;Dic-27;10,50;12.94;32,13;0,79;;20
10/08/26;CAIXABANK;CALL;Dic-27;11,00;12.94;31,06;0,75;;1
10/08/26;CAIXABANK;CALL;Dic-27;11,50;12.94;29,99;0,70;;1
10/08/26;CAIXABANK;CALL;Jun-28;10,00;12.94;33,54;0,80;;150
10/08/26;CAIXABANK;CALL;Jun-28;10,50;12.94;32,68;0,77;;300
10/08/26;CAIXABANK;CALL;Jun-28;11,00;12.94;31,82;0,73;;1.250
10/08/26;CAIXABANK;CALL;Jun-28;11,50;12.94;30,96;0,69;;150
10/08/26;CAIXABANK;PUT;Ago-26;9,50;12.94;35,66;;;2
10/08/26;CAIXABANK;PUT;Ago-26;10,00;12.94;33,76;;;5
10/08/26;CAIXABANK;PUT;Ago-26;10,50;12.94;31,85;;;20
10/08/26;CAIXABANK;PUT;Ago-26;11,00;12.94;29,95;;;1
10/08/26;CAIXABANK;PUT;Ago-26;11,50;12.94;28,04;-0,01;;1
10/08/26;CAIXABANK;PUT;Ago-26;12,00;12.94;26,13;-0,04;;21
10/08/26;CAIXABANK;PUT;Ago-26;12,50;12.94;24,23;-0,20;;10
10/08/26;CAIXABANK;PUT;Ago-26;13,00;12.94;22,50;-0,53;;1
10/08/26;CAIXABANK;PUT;Ago-26;13,50;12.94;22,10;-0,86;;2
10/08/26;CAIXABANK;PUT;Ago-26;14,00;12.94;21,70;-0,99;;12
10/08/26;CAIXABANK;PUT;Sep-26;5,50;12.94;49,65;;;70.900
10/08/26;CAIXABANK;PUT;Sep-26;7,75;12.94;41,83;;;3
10/08/26;CAIXABANK;PUT;Sep-26;8,00;12.94;40,96;;;174
10/08/26;CAIXABANK;PUT;Sep-26;8,50;12.94;39,22;;;1.000
10/08/26;CAIXABANK;PUT;Sep-26;9,00;12.94;37,48;;;1
10/08/26;CAIXABANK;PUT;Sep-26;10,50;12.94;32,27;-0,02;;3
10/08/26;CAIXABANK;PUT;Sep-26;11,00;12.94;30,53;-0,04;;25
10/08/26;CAIXABANK;PUT;Sep-26;11,50;12.94;28,79;-0,09;;1
10/08/26;CAIXABANK;PUT;Sep-26;12,00;12.94;27,05;-0,18;;256
10/08/26;CAIXABANK;PUT;Sep-26;12,50;12.94;25,31;-0,32;;108
10/08/26;CAIXABANK;PUT;Sep-26;13,00;12.94;23,73;-0,50;;17
10/08/26;CAIXABANK;PUT;Sep-26;13,50;12.94;23,35;-0,69;;1
10/08/26;CAIXABANK;PUT;Dic-26;5,25;12.94;50,24;;;75
10/08/26;CAIXABANK;PUT;Dic-26;6,75;12.94;45,07;-0,01;;3
10/08/26;CAIXABANK;PUT;Dic-26;7,25;12.94;43,34;-0,01;;1
10/08/26;CAIXABANK;PUT;Dic-26;8,00;12.94;40,75;-0,02;;100
10/08/26;CAIXABANK;PUT;Dic-26;8,25;12.94;39,89;-0,02;;100
10/08/26;CAIXABANK;PUT;Dic-26;8,50;12.94;39,03;-0,03;;103
10/08/26;CAIXABANK;PUT;Dic-26;8,75;12.94;38,16;-0,03;;10
10/08/26;CAIXABANK;PUT;Dic-26;9,00;12.94;37,30;-0,04;;11
10/08/26;CAIXABANK;PUT;Dic-26;9,50;12.94;35,57;-0,06;;2
10/08/26;CAIXABANK;PUT;Dic-26;10,00;12.94;33,85;-0,09;;76
10/08/26;CAIXABANK;PUT;Dic-26;10,50;12.94;32,12;-0,12;;1.030
10/08/26;CAIXABANK;PUT;Dic-26;11,00;12.94;30,40;-0,17;;40
10/08/26;CAIXABANK;PUT;Dic-26;11,50;12.94;28,67;-0,23;;6.008
10/08/26;CAIXABANK;PUT;Dic-26;12,50;12.94;25,22;-0,40;;5
10/08/26;CAIXABANK;PUT;Mar-27;6,00;12.94;44,87;-0,01;;7.675
10/08/26;CAIXABANK;PUT;Mar-27;6,50;12.94;43,34;-0,01;;29.800
10/08/26;CAIXABANK;PUT;Mar-27;8,00;12.94;38,74;-0,04;;1
10/08/26;CAIXABANK;PUT;Mar-27;8,75;12.94;36,44;-0,06;;350
10/08/26;CAIXABANK;PUT;Mar-27;9,75;12.94;33,38;-0,11;;5
10/08/26;CAIXABANK;PUT;Mar-27;10,00;12.94;32,61;-0,13;;32
10/08/26;CAIXABANK;PUT;Mar-27;12,00;12.94;26,48;-0,32;;150
10/08/26;CAIXABANK;PUT;Mar-27;12,50;12.94;24,95;-0,40;;8
10/08/26;CAIXABANK;PUT;Jun-27;7,75;12.94;36,96;-0,05;;8.200
10/08/26;CAIXABANK;PUT;Jun-27;10,00;12.94;31,11;-0,17;;4.025
10/08/26;CAIXABANK;PUT;Jun-27;10,50;12.94;29,81;-0,20;;175
10/08/26;CAIXABANK;PUT;Jun-27;11,00;12.94;28,51;-0,25;;25
10/08/26;CAIXABANK;PUT;Jun-27;11,50;12.94;27,21;-0,30;;25
10/08/26;CAIXABANK;PUT;Jun-27;12,00;12.94;25,91;-0,36;;25
10/08/26;CAIXABANK;PUT;Jun-27;13,00;12.94;23,42;-0,50;;50
10/08/26;CAIXABANK;PUT;Dic-27;3,50;12.94;43,27;;;1
10/08/26;CAIXABANK;PUT;Dic-27;4,20;12.94;41,78;-0,01;;1
10/08/26;CAIXABANK;PUT;Dic-27;5,50;12.94;39,00;-0,02;;160
10/08/26;CAIXABANK;PUT;Dic-27;5,75;12.94;38,46;-0,02;;1
10/08/26;CAIXABANK;PUT;Dic-27;6,00;12.94;37,93;-0,03;;150
10/08/26;CAIXABANK;PUT;Dic-27;8,00;12.94;33,65;-0,08;;150
10/08/26;CAIXABANK;PUT;Dic-27;8,25;12.94;33,12;-0,10;;225
10/08/26;CAIXABANK;PUT;Dic-27;8,50;12.94;32,58;-0,11;;150
10/08/26;CAIXABANK;PUT;Dic-27;8,75;12.94;32,05;-0,12;;150
10/08/26;CAIXABANK;PUT;Dic-27;9,00;12.94;31,51;-0,13;;150
10/08/26;CAIXABANK;PUT;Dic-27;9,25;12.94;30,98;-0,15;;150
10/08/26;CAIXABANK;PUT;Dic-27;9,50;12.94;30,44;-0,16;;150
10/08/26;CAIXABANK;PUT;Dic-27;9,75;12.94;29,91;-0,18;;150
10/08/26;CAIXABANK;PUT;Dic-27;10,00;12.94;29,38;-0,19;;150
10/08/26;CAIXABANK;PUT;Jun-28;8,50;12.94;31,10;-0,13;;150
10/08/26;CAIXABANK;PUT;Jun-28;9,00;12.94;30,24;-0,16;;150
10/08/26;CAIXABANK;PUT;Jun-28;9,25;12.94;29,81;-0,17;;150
10/08/26;CAIXABANK;PUT;Jun-28;9,50;12.94;29,38;-0,19;;300
10/08/26;CAIXABANK;PUT;Jun-28;9,75;12.94;28,95;-0,21;;150
10/08/26;CAIXABANK;PUT;Jun-28;10,00;12.94;28,51;-0,22;;150
10/08/26;CAIXABANK;PUT;Dic-28;4,50;12.94;36,17;-0,02;;15.000
10/08/26;CAIXABANK;PUT;Dic-28;8,75;12.94;30,37;-0,16;;450
10/08/26;CAIXABANK;PUT;Dic-29;5,00;12.94;33,42;-0,04;;16.000
10/08/26;CAIXABANK;CALL;Ago-26;13,00;12.94;22,43;0,47;;10
10/08/26;CAIXABANK;CALL;Sep-26;13,00;12.94;23,02;0,50;;10
10/08/26;CAIXABANK;CALL;Dic-26;9,00;12.94;38,31;0,94;;10
10/08/26;CAIXABANK;CALL;Dic-26;11,00;12.94;31,41;0,82;;10
10/08/26;CAIXABANK;CALL;Dic-26;12,00;12.94;27,95;0,69;;10
10/08/26;CAIXABANK;CALL;Dic-26;12,50;12.94;26,23;0,60;;10
10/08/26;CAIXABANK;PUT;Ago-26;12,00;12.94;26,13;-0,05;;10
10/08/26;CAIXABANK;PUT;Sep-26;11,50;12.94;28,79;-0,09;;10
10/08/26;CELLNEX;CALL;Ago-26;25,00;27.09;36,32;0,90;;67
10/08/26;CELLNEX;CALL;Ago-26;26,00;27.09;34,75;0,76;;11
10/08/26;CELLNEX;CALL;Ago-26;27,00;27.09;33,19;0,54;;75
10/08/26;CELLNEX;CALL;Ago-26;28,00;27.09;31,94;0,29;;24
10/08/26;CELLNEX;CALL;Ago-26;29,00;27.09;30,72;0,11;;25
10/08/26;CELLNEX;CALL;Ago-26;30,00;27.09;29,51;0,02;;3
10/08/26;CELLNEX;CALL;Ago-26;32,00;27.09;27,07;;;1
10/08/26;CELLNEX;CALL;Sep-26;25,00;27.09;33,20;0,79;5;5
10/08/26;CELLNEX;CALL;Sep-26;26,00;27.09;31,85;0,68;;7
10/08/26;CELLNEX;CALL;Sep-26;27,00;27.09;30,49;0,54;;30
10/08/26;CELLNEX;CALL;Sep-26;28,00;27.09;29,74;0,40;;39
10/08/26;CELLNEX;CALL;Sep-26;29,00;27.09;29,05;0,26;;44
10/08/26;CELLNEX;CALL;Sep-26;30,00;27.09;28,36;0,15;;62
10/08/26;CELLNEX;CALL;Sep-26;31,00;27.09;27,68;0,08;;22
10/08/26;CELLNEX;CALL;Sep-26;32,00;27.09;26,99;0,03;;56
10/08/26;CELLNEX;CALL;Sep-26;33,00;27.09;26,30;0,01;;25
10/08/26;CELLNEX;CALL;Sep-26;34,00;27.09;25,61;;;41
10/08/26;CELLNEX;CALL;Sep-26;35,00;27.09;24,92;;;30
10/08/26;CELLNEX;CALL;Sep-26;36,00;27.09;24,23;;;25
10/08/26;CELLNEX;CALL;Sep-26;37,00;27.09;23,54;;;25
10/08/26;CELLNEX;CALL;Sep-26;38,00;27.09;22,85;;;25
10/08/26;CELLNEX;CALL;Sep-26;39,00;27.09;22,16;;;25
10/08/26;CELLNEX;CALL;Sep-26;40,00;27.09;21,47;;;25
10/08/26;CELLNEX;CALL;Dic-26;18,00;27.09;40,85;0,97;;2
10/08/26;CELLNEX;CALL;Dic-26;20,00;27.09;38,49;0,93;;1
10/08/26;CELLNEX;CALL;Dic-26;21,00;27.09;37,30;0,90;;1
10/08/26;CELLNEX;CALL;Dic-26;24,00;27.09;33,76;0,77;;11
10/08/26;CELLNEX;CALL;Dic-26;25,00;27.09;32,58;0,71;;47
10/08/26;CELLNEX;CALL;Dic-26;27,00;27.09;30,22;0,56;;25
10/08/26;CELLNEX;CALL;Dic-26;28,00;27.09;29,84;0,48;;96
10/08/26;CELLNEX;CALL;Dic-26;29,00;27.09;29,55;0,40;;2.064
10/08/26;CELLNEX;CALL;Dic-26;30,00;27.09;29,25;0,33;;148
10/08/26;CELLNEX;CALL;Dic-26;31,00;27.09;28,96;0,26;;110
10/08/26;CELLNEX;CALL;Dic-26;32,00;27.09;28,66;0,20;;218
10/08/26;CELLNEX;CALL;Dic-26;33,00;27.09;28,36;0,15;;120
10/08/26;CELLNEX;CALL;Dic-26;34,00;27.09;28,07;0,11;;190
10/08/26;CELLNEX;CALL;Dic-26;35,00;27.09;27,77;0,08;;115
10/08/26;CELLNEX;CALL;Dic-26;36,00;27.09;27,48;0,05;;85
10/08/26;CELLNEX;CALL;Dic-26;37,00;27.09;27,18;0,04;;50
10/08/26;CELLNEX;CALL;Dic-26;38,00;27.09;26,89;0,02;;25
10/08/26;CELLNEX;CALL;Dic-26;39,00;27.09;26,59;0,01;;25
10/08/26;CELLNEX;CALL;Dic-26;40,00;27.09;26,30;0,01;;125
10/08/26;CELLNEX;CALL;Dic-26;42,00;27.09;25,71;;;25
10/08/26;CELLNEX;CALL;Dic-26;44,00;27.09;25,12;;;25
10/08/26;CELLNEX;CALL;Dic-26;45,00;27.09;24,82;;;25
10/08/26;CELLNEX;CALL;Dic-26;46,00;27.09;24,53;;;25
10/08/26;CELLNEX;CALL;Mar-27;20,00;27.09;36,40;0,90;;33
10/08/26;CELLNEX;CALL;Mar-27;22,00;27.09;34,66;0,84;;4
10/08/26;CELLNEX;CALL;Mar-27;23,00;27.09;33,78;0,79;;2
10/08/26;CELLNEX;CALL;Mar-27;25,00;27.09;32,04;0,69;;50
10/08/26;CELLNEX;CALL;Mar-27;26,00;27.09;31,16;0,63;;26
10/08/26;CELLNEX;CALL;Mar-27;27,00;27.09;30,29;0,57;;25
10/08/26;CELLNEX;CALL;Mar-27;28,00;27.09;29,93;0,50;;51
10/08/26;CELLNEX;CALL;Mar-27;29,00;27.09;29,62;0,44;;1
10/08/26;CELLNEX;CALL;Mar-27;30,00;27.09;29,31;0,38;;317
10/08/26;CELLNEX;CALL;Mar-27;31,00;27.09;29,01;0,32;;75
10/08/26;CELLNEX;CALL;Mar-27;32,00;27.09;28,70;0,27;;120
10/08/26;CELLNEX;CALL;Mar-27;33,00;27.09;28,39;0,22;;51
10/08/26;CELLNEX;CALL;Mar-27;34,00;27.09;28,08;0,18;;25
10/08/26;CELLNEX;CALL;Mar-27;35,00;27.09;27,78;0,14;;25
10/08/26;CELLNEX;CALL;Jun-27;20,00;27.09;35,27;0,88;;6
10/08/26;CELLNEX;CALL;Jun-27;25,00;27.09;31,77;0,67;;1
10/08/26;CELLNEX;CALL;Jun-27;28,00;27.09;30,02;0,52;;100
10/08/26;CELLNEX;CALL;Jun-27;29,00;27.09;29,71;0,47;;100
10/08/26;CELLNEX;CALL;Jun-27;30,00;27.09;29,40;0,42;;125
10/08/26;CELLNEX;CALL;Jun-27;31,00;27.09;29,10;0,37;;150
10/08/26;CELLNEX;CALL;Jun-27;32,00;27.09;28,79;0,32;;100
10/08/26;CELLNEX;CALL;Jun-27;33,00;27.09;28,48;0,28;;112
10/08/26;CELLNEX;CALL;Jun-27;34,00;27.09;28,17;0,24;;175
10/08/26;CELLNEX;CALL;Jun-27;35,00;27.09;27,87;0,20;;150
10/08/26;CELLNEX;CALL;Jun-27;36,00;27.09;27,56;0,17;;125
10/08/26;CELLNEX;CALL;Jun-27;37,00;27.09;27,25;0,14;;125
10/08/26;CELLNEX;CALL;Jun-27;38,00;27.09;26,94;0,11;;75
10/08/26;CELLNEX;CALL;Jun-27;39,00;27.09;26,64;0,09;;75
10/08/26;CELLNEX;CALL;Jun-27;40,00;27.09;26,33;0,07;;50
10/08/26;CELLNEX;CALL;Jun-27;41,00;27.09;26,02;0,06;;50
10/08/26;CELLNEX;CALL;Jun-27;42,00;27.09;25,71;0,05;;50
10/08/26;CELLNEX;CALL;Jun-27;43,00;27.09;25,41;0,03;;50
10/08/26;CELLNEX;CALL;Jun-27;44,00;27.09;25,10;0,03;;50
10/08/26;CELLNEX;CALL;Jun-27;45,00;27.09;24,79;0,02;;50
10/08/26;CELLNEX;CALL;Jun-27;46,00;27.09;24,48;0,01;;50
10/08/26;CELLNEX;CALL;Jun-27;49,00;27.09;23,56;;;50
10/08/26;CELLNEX;CALL;Jun-27;50,00;27.09;23,25;;;411
10/08/26;CELLNEX;CALL;Sep-27;34,00;27.09;28,22;0,27;;20
10/08/26;CELLNEX;CALL;Sep-27;35,00;27.09;27,92;0,23;;100
10/08/26;CELLNEX;CALL;Sep-27;36,00;27.09;27,61;0,20;;75
10/08/26;CELLNEX;CALL;Sep-27;37,00;27.09;27,30;0,17;;75
10/08/26;CELLNEX;CALL;Sep-27;41,00;27.09;26,07;0,08;;50
10/08/26;CELLNEX;CALL;Dic-27;25,00;27.09;31,73;0,66;;25
10/08/26;CELLNEX;CALL;Dic-27;26,00;27.09;31,21;0,62;;2
10/08/26;CELLNEX;CALL;Dic-27;27,00;27.09;30,70;0,58;;2.500
10/08/26;CELLNEX;CALL;Dic-27;28,00;27.09;30,40;0,54;;7
10/08/26;CELLNEX;CALL;Dic-27;29,00;27.09;30,13;0,50;;1
10/08/26;CELLNEX;CALL;Dic-27;30,00;27.09;29,86;0,46;;115
10/08/26;CELLNEX;CALL;Dic-27;31,00;27.09;29,59;0,42;;75
10/08/26;CELLNEX;CALL;Dic-27;32,00;27.09;29,32;0,38;;51
10/08/26;CELLNEX;CALL;Dic-27;33,00;27.09;29,05;0,35;;25
10/08/26;CELLNEX;CALL;Dic-27;34,00;27.09;28,78;0,31;;74
10/08/26;CELLNEX;CALL;Dic-27;35,00;27.09;28,51;0,28;;50
10/08/26;CELLNEX;CALL;Dic-27;37,00;27.09;27,97;0,22;;25
10/08/26;CELLNEX;CALL;Dic-27;38,00;27.09;27,70;0,19;;570
10/08/26;CELLNEX;CALL;Dic-27;40,00;27.09;27,16;0,14;;48
10/08/26;CELLNEX;CALL;Dic-27;44,00;27.09;26,07;0,07;;25
10/08/26;CELLNEX;CALL;Mar-28;29,00;27.09;30,53;0,51;;11
10/08/26;CELLNEX;CALL;Jun-28;26,00;27.09;31,28;0,63;;4
10/08/26;CELLNEX;CALL;Dic-29;40,00;27.09;29,53;0,32;;1.260
10/08/26;CELLNEX;PUT;Ago-26;21,00;27.09;41,88;;;2
10/08/26;CELLNEX;PUT;Ago-26;22,00;27.09;40,31;;;1
10/08/26;CELLNEX;PUT;Ago-26;23,00;27.09;38,75;-0,01;;61
10/08/26;CELLNEX;PUT;Ago-26;24,00;27.09;37,19;-0,03;;59
10/08/26;CELLNEX;PUT;Ago-26;25,00;27.09;35,63;-0,09;;18
10/08/26;CELLNEX;PUT;Ago-26;26,00;27.09;34,06;-0,23;;26
10/08/26;CELLNEX;PUT;Ago-26;27,00;27.09;32,50;-0,46;;10
10/08/26;CELLNEX;PUT;Sep-26;19,00;27.09;40,65;;;1
10/08/26;CELLNEX;PUT;Sep-26;20,00;27.09;39,30;-0,01;;1
10/08/26;CELLNEX;PUT;Sep-26;21,00;27.09;37,94;-0,02;;19
10/08/26;CELLNEX;PUT;Sep-26;22,00;27.09;36,59;-0,03;;62
10/08/26;CELLNEX;PUT;Sep-26;23,00;27.09;35,24;-0,07;;23
10/08/26;CELLNEX;PUT;Sep-26;24,00;27.09;33,88;-0,12;2;242
10/08/26;CELLNEX;PUT;Sep-26;25,00;27.09;32,53;-0,21;1;70
10/08/26;CELLNEX;PUT;Sep-26;26,00;27.09;31,18;-0,32;4;44
10/08/26;CELLNEX;PUT;Sep-26;27,00;27.09;29,82;-0,46;1;88
10/08/26;CELLNEX;PUT;Sep-26;28,00;27.09;29,07;-0,61;;51
10/08/26;CELLNEX;PUT;Sep-26;29,00;27.09;28,38;-0,75;;28
10/08/26;CELLNEX;PUT;Sep-26;30,00;27.09;27,69;-0,86;;21
10/08/26;CELLNEX;PUT;Oct-26;23,00;27.09;34,66;-0,11;;10
10/08/26;CELLNEX;PUT;Oct-26;27,00;27.09;29,45;-0,45;;20
10/08/26;CELLNEX;PUT;Dic-26;18,00;27.09;39,20;-0,03;;2.001
10/08/26;CELLNEX;PUT;Dic-26;20,00;27.09;36,84;-0,06;;21
10/08/26;CELLNEX;PUT;Dic-26;21,00;27.09;35,65;-0,09;;225
10/08/26;CELLNEX;PUT;Dic-26;22,00;27.09;34,47;-0,13;;129
10/08/26;CELLNEX;PUT;Dic-26;23,00;27.09;33,29;-0,17;;689
10/08/26;CELLNEX;PUT;Dic-26;24,00;27.09;32,11;-0,22;;4.502
10/08/26;CELLNEX;PUT;Dic-26;25,00;27.09;30,93;-0,29;;59
10/08/26;CELLNEX;PUT;Dic-26;26,00;27.09;29,75;-0,36;;102
10/08/26;CELLNEX;PUT;Dic-26;27,00;27.09;28,57;-0,44;;56
10/08/26;CELLNEX;PUT;Dic-26;28,00;27.09;28,19;-0,53;;25
10/08/26;CELLNEX;PUT;Dic-26;29,00;27.09;27,90;-0,62;;3
10/08/26;CELLNEX;PUT;Dic-26;30,00;27.09;27,60;-0,70;;1
10/08/26;CELLNEX;PUT;Dic-26;32,00;27.09;27,01;-0,84;;26
10/08/26;CELLNEX;PUT;Dic-26;33,00;27.09;26,71;-0,89;;25
10/08/26;CELLNEX;PUT;Mar-27;20,00;27.09;34,59;-0,10;;1
10/08/26;CELLNEX;PUT;Mar-27;22,00;27.09;32,85;-0,18;;100
10/08/26;CELLNEX;PUT;Mar-27;23,00;27.09;31,97;-0,22;;53
10/08/26;CELLNEX;PUT;Mar-27;24,00;27.09;31,10;-0,27;;2
10/08/26;CELLNEX;PUT;Mar-27;25,00;27.09;30,23;-0,33;;75
10/08/26;CELLNEX;PUT;Mar-27;26,00;27.09;29,35;-0,39;;63
10/08/26;CELLNEX;PUT;Mar-27;27,00;27.09;28,48;-0,46;;117
10/08/26;CELLNEX;PUT;Mar-27;28,00;27.09;28,12;-0,52;;5
10/08/26;CELLNEX;PUT;Mar-27;30,00;27.09;27,50;-0,65;;9
10/08/26;CELLNEX;PUT;Mar-27;31,00;27.09;27,20;-0,71;;2
10/08/26;CELLNEX;PUT;Mar-27;32,00;27.09;26,89;-0,76;;10
10/08/26;CELLNEX;PUT;Mar-27;36,00;27.09;25,66;-0,91;;25
10/08/26;CELLNEX;PUT;Mar-27;37,00;27.09;25,35;-0,94;;25
10/08/26;CELLNEX;PUT;Jun-27;20,00;27.09;33,01;-0,12;;25
10/08/26;CELLNEX;PUT;Jun-27;22,00;27.09;31,61;-0,19;;27
10/08/26;CELLNEX;PUT;Jun-27;23,00;27.09;30,91;-0,23;;25
10/08/26;CELLNEX;PUT;Jun-27;24,00;27.09;30,21;-0,28;;59
10/08/26;CELLNEX;PUT;Jun-27;25,00;27.09;29,51;-0,33;;25
10/08/26;CELLNEX;PUT;Jun-27;26,00;27.09;28,80;-0,39;25;1.550
10/08/26;CELLNEX;PUT;Jun-27;27,00;27.09;28,10;-0,44;;10
10/08/26;CELLNEX;PUT;Jun-27;28,00;27.09;27,76;-0,50;;1
10/08/26;CELLNEX;PUT;Jun-27;29,00;27.09;27,45;-0,56;1;2
10/08/26;CELLNEX;PUT;Jun-27;30,00;27.09;27,14;-0,62;;25
10/08/26;CELLNEX;PUT;Jun-27;31,00;27.09;26,84;-0,67;;75
10/08/26;CELLNEX;PUT;Jun-27;32,00;27.09;26,53;-0,72;;50
10/08/26;CELLNEX;PUT;Jun-27;33,00;27.09;26,22;-0,77;;50
10/08/26;CELLNEX;PUT;Jun-27;34,00;27.09;25,91;-0,81;;100
10/08/26;CELLNEX;PUT;Jun-27;35,00;27.09;25,61;-0,85;;100
10/08/26;CELLNEX;PUT;Jun-27;36,00;27.09;25,30;-0,88;;125
10/08/26;CELLNEX;PUT;Jun-27;37,00;27.09;24,99;-0,91;;100
10/08/26;CELLNEX;PUT;Jun-27;38,00;27.09;24,68;-0,93;;100
10/08/26;CELLNEX;PUT;Jun-27;39,00;27.09;24,38;-0,95;;25
10/08/26;CELLNEX;PUT;Sep-27;21,00;27.09;30,96;-0,18;;1
10/08/26;CELLNEX;PUT;Sep-27;24,00;27.09;29,11;-0,30;;3
10/08/26;CELLNEX;PUT;Sep-27;36,00;27.09;24,47;-0,85;;25
10/08/26;CELLNEX;PUT;Sep-27;37,00;27.09;24,16;-0,88;;25
10/08/26;CELLNEX;PUT;Dic-27;21,00;27.09;30,12;-0,18;;1
10/08/26;CELLNEX;PUT;Dic-27;23,00;27.09;29,08;-0,26;;3
10/08/26;CELLNEX;PUT;Dic-27;30,00;27.09;26,18;-0,58;;75
10/08/26;CELLNEX;PUT;Dic-27;31,00;27.09;25,91;-0,63;;50
10/08/26;CELLNEX;PUT;Dic-27;32,00;27.09;25,64;-0,67;;26
10/08/26;CELLNEX;PUT;Dic-27;33,00;27.09;25,37;-0,71;;25
10/08/26;CELLNEX;PUT;Dic-27;34,00;27.09;25,10;-0,75;;25
10/08/26;CELLNEX;PUT;Mar-28;21,00;27.09;29,60;-0,20;;25
10/08/26;CELLNEX;PUT;Mar-28;22,00;27.09;29,15;-0,23;;100
10/08/26;CELLNEX;PUT;Mar-28;24,00;27.09;28,27;-0,31;;100
10/08/26;CELLNEX;PUT;Mar-28;25,00;27.09;27,83;-0,35;;2
10/08/26;CELLNEX;PUT;Jun-28;30,00;27.09;26,68;-0,55;;3
10/08/26;CELLNEX;CALL;Sep-26;28,00;27.09;29,74;0,39;;25
10/08/26;CELLNEX;CALL;Sep-26;31,00;27.09;27,68;0,08;;25
10/08/26;CELLNEX;CALL;Sep-26;32,00;27.09;26,99;0,04;;25
10/08/26;CELLNEX;CALL;Sep-26;33,00;27.09;26,30;0,01;;25
10/08/26;CELLNEX;CALL;Dic-26;28,00;27.09;29,84;0,48;;50
10/08/26;CELLNEX;CALL;Dic-26;29,00;27.09;29,55;0,40;;3
10/08/26;CELLNEX;CALL;Dic-26;32,00;27.09;28,66;0,20;;50
10/08/26;CELLNEX;CALL;Dic-26;35,00;27.09;27,77;0,08;;18
10/08/26;CELLNEX;CALL;Dic-30;30,00;27.09;30,24;0,49;;60
10/08/26;CELLNEX;PUT;Sep-26;25,00;27.09;32,53;-0,20;;10
10/08/26;CELLNEX;PUT;Dic-26;24,00;27.09;32,11;-0,22;;2
10/08/26;CELLNEX;PUT;Mar-27;24,00;27.09;31,10;-0,26;;2
10/08/26;CELLNEX;PUT;Jun-27;23,00;27.09;30,91;-0,23;;2
10/08/26;CIE AUTOMOTIVE;CALL;Ago-26;25,00;25.6;20,56;0,76;;5
10/08/26;CIE AUTOMOTIVE;CALL;Sep-26;23,00;25.6;21,20;0,95;;4
10/08/26;CIE AUTOMOTIVE;CALL;Sep-26;30,00;25.6;18,93;0,01;;10
10/08/26;CIE AUTOMOTIVE;CALL;Sep-26;31,00;25.6;18,73;;;11
10/08/26;CIE AUTOMOTIVE;CALL;Sep-26;33,00;25.6;18,31;;;1
10/08/26;CIE AUTOMOTIVE;CALL;Dic-26;22,00;25.6;20,64;0,91;;4
10/08/26;CIE AUTOMOTIVE;CALL;Dic-26;24,00;25.6;19,70;0,75;;1
10/08/26;CIE AUTOMOTIVE;CALL;Dic-26;26,00;25.6;18,89;0,50;;1
10/08/26;CIE AUTOMOTIVE;CALL;Dic-26;27,00;25.6;18,75;0,37;;6
10/08/26;CIE AUTOMOTIVE;CALL;Dic-26;31,00;25.6;18,18;0,05;;2
10/08/26;CIE AUTOMOTIVE;CALL;Mar-27;22,00;25.6;20,41;0,88;;1
10/08/26;CIE AUTOMOTIVE;CALL;Mar-27;24,00;25.6;19,63;0,72;;2
10/08/26;CIE AUTOMOTIVE;CALL;Mar-27;25,00;25.6;19,23;0,62;;2
10/08/26;CIE AUTOMOTIVE;CALL;Mar-27;29,00;25.6;18,65;0,22;;1
10/08/26;CIE AUTOMOTIVE;CALL;Mar-27;30,00;25.6;18,54;0,15;;2
10/08/26;CIE AUTOMOTIVE;CALL;Jun-27;29,00;25.6;18,69;0,27;;43
10/08/26;CIE AUTOMOTIVE;PUT;Ago-26;25,00;25.6;20,31;-0,24;;1
10/08/26;CIE AUTOMOTIVE;PUT;Ago-26;26,00;25.6;19,85;-0,66;;5
10/08/26;CIE AUTOMOTIVE;PUT;Sep-26;26,00;25.6;19,14;-0,58;;1
10/08/26;CIE AUTOMOTIVE;PUT;Dic-26;24,00;25.6;20,51;-0,26;;1
10/08/26;CIE AUTOMOTIVE;PUT;Dic-26;25,00;25.6;20,04;-0,38;;1
10/08/26;CIE AUTOMOTIVE;PUT;Dic-26;26,00;25.6;19,70;-0,51;;2
10/08/26;CIE AUTOMOTIVE;PUT;Mar-27;24,00;25.6;19,93;-0,33;;1
10/08/26;CIE AUTOMOTIVE;PUT;Mar-27;28,00;25.6;19,05;-0,72;;20
10/08/26;COLONIAL;CALL;Sep-26;5,25;5.52;21,02;0,79;;45
10/08/26;COLONIAL;CALL;Sep-26;5,75;5.52;20,07;0,29;;20
10/08/26;COLONIAL;CALL;Dic-26;4,60;5.52;21,74;0,94;;65
10/08/26;COLONIAL;CALL;Dic-26;5,25;5.52;20,99;0,70;;5
10/08/26;COLONIAL;CALL;Dic-26;5,50;5.52;20,70;0,56;;5
10/08/26;COLONIAL;CALL;Dic-26;9,50;5.52;17,07;;;1
10/08/26;COLONIAL;CALL;Mar-27;5,50;5.52;20,28;0,58;;25
10/08/26;COLONIAL;CALL;Mar-27;5,75;5.52;20,09;0,47;;45
10/08/26;COLONIAL;CALL;Mar-27;6,00;5.52;19,89;0,36;;1
10/08/26;COLONIAL;PUT;Ago-26;5,00;5.52;18,78;;;85
10/08/26;COLONIAL;PUT;Ago-26;5,25;5.52;17,26;-0,04;;5
10/08/26;COLONIAL;PUT;Ago-26;5,50;5.52;15,73;-0,43;;7
10/08/26;COLONIAL;PUT;Ago-26;5,75;5.52;14,79;-0,95;;2
10/08/26;COLONIAL;PUT;Sep-26;4,70;5.52;21,09;-0,01;;1
10/08/26;COLONIAL;PUT;Sep-26;4,80;5.52;20,86;-0,02;;10
10/08/26;COLONIAL;PUT;Sep-26;5,00;5.52;20,40;-0,06;;219
10/08/26;COLONIAL;PUT;Sep-26;5,25;5.52;19,83;-0,20;;1
10/08/26;COLONIAL;PUT;Sep-26;5,50;5.52;19,26;-0,45;;17
10/08/26;COLONIAL;PUT;Dic-26;4,00;5.52;21,68;;;1
10/08/26;COLONIAL;PUT;Dic-26;4,30;5.52;21,34;-0,02;;2.000
10/08/26;COLONIAL;PUT;Dic-26;4,80;5.52;20,77;-0,11;;2
10/08/26;COLONIAL;PUT;Dic-26;4,90;5.52;20,65;-0,14;;2
10/08/26;COLONIAL;PUT;Dic-26;5,00;5.52;20,54;-0,18;;130
10/08/26;COLONIAL;PUT;Dic-26;5,25;5.52;20,25;-0,30;;959
10/08/26;COLONIAL;PUT;Dic-26;5,50;5.52;19,96;-0,45;;102
10/08/26;COLONIAL;PUT;Mar-27;4,80;5.52;19,82;-0,14;;1
10/08/26;COLONIAL;PUT;Mar-27;5,00;5.52;19,68;-0,21;;101
10/08/26;COLONIAL;PUT;Mar-27;5,25;5.52;19,50;-0,32;;200
10/08/26;COLONIAL;PUT;Mar-27;5,50;5.52;19,31;-0,44;;304
10/08/26;COLONIAL;PUT;Jun-27;5,50;5.52;20,00;-0,43;;141
10/08/26;EBRO FOODS;CALL;Sep-26;18,50;18.28;14,63;0,43;;3
10/08/26;EBRO FOODS;CALL;Sep-26;19,00;18.28;13,81;0,22;;3
10/08/26;EBRO FOODS;CALL;Mar-27;18,50;18.28;14,06;0,49;;1
10/08/26;EBRO FOODS;CALL;Jun-27;18,00;18.28;14,47;0,58;;1
10/08/26;EBRO FOODS;PUT;Sep-26;17,00;18.28;15,44;-0,07;;1
10/08/26;EBRO FOODS;PUT;Sep-26;17,50;18.28;15,03;-0,17;;1
10/08/26;EBRO FOODS;PUT;Sep-26;18,00;18.28;14,62;-0,35;;1
10/08/26;EBRO FOODS;PUT;Dic-26;18,50;18.28;14,24;-0,58;;2
10/08/26;EBRO FOODS;PUT;Jun-27;18,00;18.28;14,18;-0,45;;8
10/08/26;ENAGAS;CALL;Ago-26;15,50;16.67;26,74;0,94;;3
10/08/26;ENAGAS;CALL;Ago-26;17,00;16.67;23,71;0,33;;4
10/08/26;ENAGAS;CALL;Ago-26;17,50;16.67;23,17;0,12;;11
10/08/26;ENAGAS;CALL;Ago-26;18,00;16.67;22,63;0,03;;10
10/08/26;ENAGAS;CALL;Ago-26;18,50;16.67;22,09;;;4
10/08/26;ENAGAS;CALL;Sep-26;13,50;16.67;26,83;0,99;;2
10/08/26;ENAGAS;CALL;Sep-26;15,00;16.67;23,80;0,92;;1
10/08/26;ENAGAS;CALL;Sep-26;16,00;16.67;21,78;0,74;;7
10/08/26;ENAGAS;CALL;Sep-26;17,00;16.67;19,99;0,41;;5
10/08/26;ENAGAS;CALL;Sep-26;17,50;16.67;19,33;0,24;;307
10/08/26;ENAGAS;CALL;Sep-26;18,00;16.67;18,67;0,12;;46
10/08/26;ENAGAS;CALL;Sep-26;18,50;16.67;18,01;0,04;;26
10/08/26;ENAGAS;CALL;Sep-26;19,00;16.67;17,36;0,01;;1
10/08/26;ENAGAS;CALL;Oct-26;19,00;16.67;17,62;0,05;;1
10/08/26;ENAGAS;CALL;Dic-26;15,50;16.67;24,00;0,74;;25
10/08/26;ENAGAS;CALL;Dic-26;16,00;16.67;23,12;0,67;5;417
10/08/26;ENAGAS;CALL;Dic-26;17,00;16.67;21,61;0,49;;30
10/08/26;ENAGAS;CALL;Dic-26;17,50;16.67;21,11;0,40;;38
10/08/26;ENAGAS;CALL;Dic-26;18,00;16.67;20,61;0,31;;87
10/08/26;ENAGAS;CALL;Dic-26;18,50;16.67;20,11;0,23;;50
10/08/26;ENAGAS;CALL;Dic-26;19,00;16.67;19,61;0,16;;146
10/08/26;ENAGAS;CALL;Dic-26;19,50;16.67;19,11;0,11;;123
10/08/26;ENAGAS;CALL;Dic-26;20,00;16.67;18,61;0,07;;27
10/08/26;ENAGAS;CALL;Mar-27;12,00;16.67;27,75;0,97;;1
10/08/26;ENAGAS;CALL;Mar-27;15,50;16.67;22,99;0,72;;301
10/08/26;ENAGAS;CALL;Mar-27;16,00;16.67;22,31;0,65;;32
10/08/26;ENAGAS;CALL;Mar-27;17,00;16.67;21,16;0,49;;56
10/08/26;ENAGAS;CALL;Mar-27;17,50;16.67;20,80;0,41;;34
10/08/26;ENAGAS;CALL;Mar-27;18,00;16.67;20,44;0,34;;142
10/08/26;ENAGAS;CALL;Mar-27;19,00;16.67;19,72;0,21;5;63
10/08/26;ENAGAS;CALL;Mar-27;19,50;16.67;19,36;0,16;;10
10/08/26;ENAGAS;CALL;Mar-27;20,00;16.67;19,00;0,11;;96
10/08/26;ENAGAS;CALL;Jun-27;16,00;16.67;22,98;0,62;;10
10/08/26;ENAGAS;CALL;Jun-27;18,00;16.67;21,43;0,38;;26
10/08/26;ENAGAS;CALL;Jun-27;19,50;16.67;20,62;0,23;;2
10/08/26;ENAGAS;CALL;Jun-27;20,00;16.67;20,35;0,19;;5
10/08/26;ENAGAS;CALL;Sep-27;20,00;16.67;21,73;0,22;;29
10/08/26;ENAGAS;CALL;Sep-27;20,50;16.67;21,50;0,18;;2
10/08/26;ENAGAS;CALL;Dic-27;15,00;16.67;25,43;0,70;;1
10/08/26;ENAGAS;CALL;Dic-27;16,00;16.67;24,33;0,61;;26
10/08/26;ENAGAS;CALL;Dic-27;19,50;16.67;22,46;0,29;;2
10/08/26;ENAGAS;CALL;Dic-27;20,00;16.67;22,26;0,25;;1
10/08/26;ENAGAS;CALL;Dic-27;20,50;16.67;22,06;0,22;;1
10/08/26;ENAGAS;CALL;Dic-27;21,00;16.67;21,86;0,19;;10
10/08/26;ENAGAS;CALL;Jun-28;18,00;16.67;21,53;0,41;;1
10/08/26;ENAGAS;CALL;Dic-28;16,00;16.67;20,75;0,59;;1
10/08/26;ENAGAS;PUT;Ago-26;16,00;16.67;23,16;-0,15;;22
10/08/26;ENAGAS;PUT;Ago-26;16,50;16.67;22,02;-0,38;;11
10/08/26;ENAGAS;PUT;Ago-26;17,00;16.67;21,27;-0,69;;3
10/08/26;ENAGAS;PUT;Sep-26;12,00;16.67;28,47;;;6
10/08/26;ENAGAS;PUT;Sep-26;12,50;16.67;27,46;;;12
10/08/26;ENAGAS;PUT;Sep-26;13,00;16.67;26,45;;;217
10/08/26;ENAGAS;PUT;Sep-26;13,50;16.67;25,44;;;27
10/08/26;ENAGAS;PUT;Sep-26;14,00;16.67;24,43;-0,01;;44
10/08/26;ENAGAS;PUT;Sep-26;14,50;16.67;23,42;-0,03;;1
10/08/26;ENAGAS;PUT;Sep-26;15,00;16.67;22,41;-0,07;;25
10/08/26;ENAGAS;PUT;Sep-26;15,50;16.67;21,40;-0,14;;45
10/08/26;ENAGAS;PUT;Sep-26;16,00;16.67;20,39;-0,25;;11
10/08/26;ENAGAS;PUT;Sep-26;16,50;16.67;19,38;-0,41;;12
10/08/26;ENAGAS;PUT;Sep-26;17,00;16.67;18,60;-0,61;;1
10/08/26;ENAGAS;PUT;Sep-26;17,50;16.67;17,94;-0,79;;3
10/08/26;ENAGAS;PUT;Sep-26;18,00;16.67;17,28;-0,92;;1
10/08/26;ENAGAS;PUT;Oct-26;16,50;16.67;19,58;-0,42;;1
10/08/26;ENAGAS;PUT;Dic-26;12,50;16.67;30,06;-0,04;;2
10/08/26;ENAGAS;PUT;Dic-26;13,00;16.67;29,18;-0,06;;227
10/08/26;ENAGAS;PUT;Dic-26;13,50;16.67;28,30;-0,08;;51
10/08/26;ENAGAS;PUT;Dic-26;14,00;16.67;27,42;-0,12;;284
10/08/26;ENAGAS;PUT;Dic-26;14,50;16.67;26,54;-0,16;;126
10/08/26;ENAGAS;PUT;Dic-26;15,00;16.67;25,66;-0,21;;602
10/08/26;ENAGAS;PUT;Dic-26;15,50;16.67;24,78;-0,27;;30
10/08/26;ENAGAS;PUT;Dic-26;16,00;16.67;23,90;-0,34;;34
10/08/26;ENAGAS;PUT;Dic-26;16,50;16.67;23,02;-0,43;;25
10/08/26;ENAGAS;PUT;Dic-26;17,50;16.67;21,89;-0,61;;26
10/08/26;ENAGAS;PUT;Mar-27;12,00;16.67;26,10;-0,05;;1
10/08/26;ENAGAS;PUT;Mar-27;13,00;16.67;24,74;-0,09;;25
10/08/26;ENAGAS;PUT;Mar-27;14,00;16.67;23,38;-0,16;;233
10/08/26;ENAGAS;PUT;Mar-27;14,50;16.67;22,70;-0,21;;56
10/08/26;ENAGAS;PUT;Mar-27;15,00;16.67;22,02;-0,26;5;30
10/08/26;ENAGAS;PUT;Mar-27;15,50;16.67;21,34;-0,33;;3
10/08/26;ENAGAS;PUT;Mar-27;16,00;16.67;20,66;-0,40;;540
10/08/26;ENAGAS;PUT;Mar-27;16,50;16.67;19,98;-0,48;;27
10/08/26;ENAGAS;PUT;Mar-27;17,00;16.67;19,51;-0,56;;36
10/08/26;ENAGAS;PUT;Jun-27;17,00;16.67;19,78;-0,53;;52
10/08/26;ENAGAS;PUT;Jun-27;17,50;16.67;19,51;-0,60;;28
10/08/26;ENAGAS;PUT;Sep-27;12,50;16.67;25,39;-0,14;;470
10/08/26;ENAGAS;PUT;Sep-27;13,00;16.67;24,82;-0,17;;75
10/08/26;ENAGAS;PUT;Sep-27;13,50;16.67;24,25;-0,21;;1
10/08/26;ENAGAS;PUT;Sep-27;14,00;16.67;23,68;-0,25;;25
10/08/26;ENAGAS;PUT;Sep-27;17,00;16.67;20,49;-0,56;;25
10/08/26;ENAGAS;PUT;Dic-27;11,00;16.67;26,47;-0,08;;4.100
10/08/26;ENAGAS;PUT;Dic-27;14,00;16.67;23,17;-0,25;;1
10/08/26;ENAGAS;PUT;Mar-28;12,00;16.67;23,65;-0,14;;75
10/08/26;ENAGAS;PUT;Mar-28;14,50;16.67;21,15;-0,32;;173
10/08/26;ENAGAS;PUT;Mar-28;15,50;16.67;20,15;-0,41;;25
10/08/26;ENAGAS;PUT;Mar-28;16,00;16.67;19,65;-0,46;;50
10/08/26;ENAGAS;PUT;Mar-28;16,50;16.67;19,15;-0,52;;25
10/08/26;ENAGAS;PUT;Jun-28;16,00;16.67;18,73;-0,46;;25
10/08/26;ENAGAS;PUT;Jun-28;16,50;16.67;18,27;-0,52;;25
10/08/26;ENAGAS;PUT;Jun-28;18,00;16.67;17,74;-0,66;;141
10/08/26;ENAGAS;CALL;Sep-26;12,50;16.67;28,85;1,00;;25
10/08/26;ENAGAS;CALL;Sep-26;13,50;16.67;26,83;0,99;;5
10/08/26;ENAGAS;CALL;Sep-26;14,00;16.67;25,82;0,98;;6
10/08/26;ENAGAS;CALL;Sep-26;17,00;16.67;19,99;0,41;;1
10/08/26;ENAGAS;CALL;Sep-26;17,50;16.67;19,33;0,24;;1
10/08/26;ENAGAS;CALL;Sep-26;18,00;16.67;18,67;0,12;;25
10/08/26;ENAGAS;CALL;Dic-26;16,50;16.67;22,24;0,58;;25
10/08/26;ENAGAS;CALL;Dic-26;18,00;16.67;20,61;0,31;;25
10/08/26;ENAGAS;PUT;Sep-26;11,00;16.67;30,49;;;1
10/08/26;ENAGAS;PUT;Sep-26;14,00;16.67;24,43;-0,01;;25
10/08/26;ENAGAS;PUT;Sep-26;15,50;16.67;21,40;-0,13;;25
10/08/26;ENAGAS;PUT;Sep-26;16,00;16.67;20,39;-0,25;;2
10/08/26;ENAGAS;PUT;Sep-26;17,00;16.67;18,60;-0,60;;25
10/08/26;ENAGAS;PUT;Dic-26;13,00;16.67;29,18;-0,06;;25
10/08/26;ENAGAS;PUT;Dic-26;13,50;16.67;28,30;-0,08;;75
10/08/26;ENAGAS;PUT;Dic-26;14,00;16.67;27,42;-0,12;;25
10/08/26;ENAGAS;PUT;Dic-26;17,00;16.67;22,39;-0,50;;10
10/08/26;ENAGAS;PUT;Mar-27;14,50;16.67;22,70;-0,20;;50
10/08/26;ENAGAS;PUT;Mar-27;15,00;16.67;22,02;-0,26;;1
10/08/26;ENAGAS;PUT;Mar-27;15,50;16.67;21,34;-0,32;;9
10/08/26;ENAGAS;PUT;Jun-27;15,50;16.67;21,41;-0,32;;6
10/08/26;ENCE;CALL;Ago-26;2,40;2.59;19,63;0,99;;4
10/08/26;ENCE;CALL;Mar-27;2,00;2.59;24,48;0,94;;13
10/08/26;ENCE;CALL;Mar-27;2,10;2.59;24,37;0,90;;4
10/08/26;ENCE;CALL;Jun-27;2,40;2.59;23,74;0,71;;10
10/08/26;ENCE;CALL;Mar-28;2,00;2.59;27,82;0,85;;4
10/08/26;ENCE;PUT;Sep-26;4,70;2.59;12,67;-1,00;;10
10/08/26;ENDESA;CALL;Ago-26;39,00;41.71;18,81;0,98;;10
10/08/26;ENDESA;CALL;Ago-26;40,00;41.71;17,60;0,92;10;11
10/08/26;ENDESA;CALL;Ago-26;41,00;41.71;16,40;0,74;;13
10/08/26;ENDESA;CALL;Ago-26;42,00;41.71;15,50;0,41;5;5
10/08/26;ENDESA;CALL;Ago-26;43,00;41.71;15,38;0,13;;1
10/08/26;ENDESA;CALL;Sep-26;38,00;41.71;21,82;0,91;;1
10/08/26;ENDESA;CALL;Sep-26;40,00;41.71;19,70;0,76;;1
10/08/26;ENDESA;CALL;Sep-26;41,00;41.71;18,63;0,64;;5
10/08/26;ENDESA;CALL;Sep-26;42,00;41.71;17,84;0,48;;1
10/08/26;ENDESA;CALL;Dic-26;24,00;41.71;34,36;1,00;;2
10/08/26;ENDESA;CALL;Dic-26;35,00;41.71;24,86;0,91;;10
10/08/26;ENDESA;CALL;Dic-26;36,00;41.71;24,00;0,88;;10
10/08/26;ENDESA;CALL;Dic-26;37,00;41.71;23,14;0,84;;4
10/08/26;ENDESA;CALL;Dic-26;38,00;41.71;22,27;0,80;;4
10/08/26;ENDESA;CALL;Dic-26;40,00;41.71;20,55;0,68;;19
10/08/26;ENDESA;CALL;Dic-26;42,00;41.71;19,05;0,53;;1
10/08/26;ENDESA;CALL;Dic-26;43,00;41.71;18,98;0,45;;5
10/08/26;ENDESA;CALL;Dic-26;45,00;41.71;18,83;0,30;;11
10/08/26;ENDESA;CALL;Dic-26;46,00;41.71;18,76;0,23;;10
10/08/26;ENDESA;CALL;Dic-26;47,00;41.71;18,69;0,18;;20
10/08/26;ENDESA;CALL;Dic-26;48,00;41.71;18,62;0,13;;15
10/08/26;ENDESA;CALL;Mar-27;32,00;41.71;28,74;0,92;;1
10/08/26;ENDESA;CALL;Mar-27;34,00;41.71;26,97;0,88;;150
10/08/26;ENDESA;CALL;Mar-27;40,00;41.71;21,65;0,65;;1
10/08/26;ENDESA;CALL;Mar-27;41,00;41.71;20,76;0,59;;3
10/08/26;ENDESA;CALL;Mar-27;43,00;41.71;20,03;0,47;;5
10/08/26;ENDESA;CALL;Mar-27;44,00;41.71;19,95;0,41;;2
10/08/26;ENDESA;CALL;Mar-27;45,00;41.71;19,87;0,35;;1
10/08/26;ENDESA;CALL;Mar-27;54,00;41.71;19,15;0,05;;38
10/08/26;ENDESA;CALL;Mar-27;56,00;41.71;18,99;0,03;;15
10/08/26;ENDESA;CALL;Jun-27;25,00;41.71;33,27;0,98;;1
10/08/26;ENDESA;CALL;Jun-27;27,00;41.71;31,74;0,96;;2
10/08/26;ENDESA;CALL;Jun-27;32,00;41.71;27,90;0,89;;294
10/08/26;ENDESA;CALL;Jun-27;33,00;41.71;27,13;0,87;;291
10/08/26;ENDESA;CALL;Jun-27;37,00;41.71;24,06;0,76;;1
10/08/26;ENDESA;CALL;Jun-27;38,00;41.71;23,30;0,72;;1
10/08/26;ENDESA;CALL;Jun-27;41,00;41.71;20,99;0,59;;2
10/08/26;ENDESA;CALL;Jun-27;42,00;41.71;20,42;0,54;;2
10/08/26;ENDESA;CALL;Jun-27;44,00;41.71;20,23;0,44;;40
10/08/26;ENDESA;CALL;Jun-27;46,00;41.71;20,04;0,35;;50
10/08/26;ENDESA;CALL;Jun-27;48,00;41.71;19,85;0,27;;5
10/08/26;ENDESA;CALL;Jun-27;56,00;41.71;19,08;0,06;;105
10/08/26;ENDESA;CALL;Sep-27;43,00;41.71;21,17;0,50;;75
10/08/26;ENDESA;CALL;Sep-27;44,00;41.71;21,05;0,46;;150
10/08/26;ENDESA;CALL;Sep-27;45,00;41.71;20,93;0,41;;1
10/08/26;ENDESA;CALL;Sep-27;49,00;41.71;20,45;0,26;;7
10/08/26;ENDESA;CALL;Dic-27;29,00;41.71;29,39;0,92;;1
10/08/26;ENDESA;CALL;Dic-27;31,00;41.71;28,15;0,89;;1
10/08/26;ENDESA;CALL;Dic-27;34,00;41.71;26,28;0,82;;1
10/08/26;ENDESA;CALL;Dic-27;40,00;41.71;22,54;0,63;;26
10/08/26;ENDESA;CALL;Dic-27;50,00;41.71;20,54;0,26;;1
10/08/26;ENDESA;CALL;Dic-27;52,00;41.71;20,32;0,20;;1
10/08/26;ENDESA;CALL;Mar-28;40,00;41.71;22,42;0,62;;25
10/08/26;ENDESA;CALL;Mar-28;44,00;41.71;21,21;0,47;;20
10/08/26;ENDESA;CALL;Mar-28;45,00;41.71;21,12;0,44;;1.215
10/08/26;ENDESA;CALL;Mar-28;46,00;41.71;21,03;0,40;;85
10/08/26;ENDESA;CALL;Mar-28;47,00;41.71;20,94;0,37;;795
10/08/26;ENDESA;CALL;Mar-28;48,00;41.71;20,86;0,34;;140
10/08/26;ENDESA;CALL;Mar-28;49,00;41.71;20,77;0,30;;70
10/08/26;ENDESA;CALL;Mar-28;50,00;41.71;20,68;0,28;;70
10/08/26;ENDESA;CALL;Jun-28;46,00;41.71;21,08;0,42;;10
10/08/26;ENDESA;PUT;Ago-26;34,00;41.71;26,08;;;5
10/08/26;ENDESA;PUT;Ago-26;35,00;41.71;24,88;;;5
10/08/26;ENDESA;PUT;Ago-26;37,00;41.71;22,46;;;10
10/08/26;ENDESA;PUT;Ago-26;38,00;41.71;21,26;;;1
10/08/26;ENDESA;PUT;Ago-26;39,00;41.71;20,05;-0,02;;1
10/08/26;ENDESA;PUT;Ago-26;41,00;41.71;17,64;-0,28;;4
10/08/26;ENDESA;PUT;Ago-26;42,00;41.71;16,74;-0,58;;1
10/08/26;ENDESA;PUT;Ago-26;43,00;41.71;16,62;-0,85;;1
10/08/26;ENDESA;PUT;Sep-26;25,00;41.71;34,96;;;4
10/08/26;ENDESA;PUT;Sep-26;27,00;41.71;32,84;;;445
10/08/26;ENDESA;PUT;Sep-26;28,00;41.71;31,77;;;19
10/08/26;ENDESA;PUT;Sep-26;29,00;41.71;30,71;;;148
10/08/26;ENDESA;PUT;Sep-26;30,00;41.71;29,65;;;147
10/08/26;ENDESA;PUT;Sep-26;31,00;41.71;28,58;;;146
10/08/26;ENDESA;PUT;Sep-26;34,00;41.71;25,39;-0,01;;10
10/08/26;ENDESA;PUT;Sep-26;35,00;41.71;24,33;-0,01;;25
10/08/26;ENDESA;PUT;Sep-26;36,00;41.71;23,27;-0,02;;50
10/08/26;ENDESA;PUT;Sep-26;37,00;41.71;22,21;-0,04;;30
10/08/26;ENDESA;PUT;Sep-26;38,00;41.71;21,14;-0,08;;5
10/08/26;ENDESA;PUT;Sep-26;40,00;41.71;19,02;-0,23;;6
10/08/26;ENDESA;PUT;Sep-26;41,00;41.71;17,95;-0,36;;5
10/08/26;ENDESA;PUT;Sep-26;43,00;41.71;17,04;-0,69;;5
10/08/26;ENDESA;PUT;Dic-26;19,00;41.71;37,92;;;15
10/08/26;ENDESA;PUT;Dic-26;28,00;41.71;30,15;-0,01;;25
10/08/26;ENDESA;PUT;Dic-26;30,00;41.71;28,43;-0,02;;10
10/08/26;ENDESA;PUT;Dic-26;32,00;41.71;26,70;-0,04;;10
10/08/26;ENDESA;PUT;Dic-26;33,00;41.71;25,84;-0,05;;35
10/08/26;ENDESA;PUT;Dic-26;34,00;41.71;24,97;-0,07;;1
10/08/26;ENDESA;PUT;Dic-26;35,00;41.71;24,11;-0,09;;10
10/08/26;ENDESA;PUT;Dic-26;37,00;41.71;22,39;-0,15;;10
10/08/26;ENDESA;PUT;Dic-26;38,00;41.71;21,52;-0,20;;4
10/08/26;ENDESA;PUT;Dic-26;39,00;41.71;20,66;-0,25;10;10
10/08/26;ENDESA;PUT;Mar-27;37,00;41.71;22,29;-0,22;;10
10/08/26;ENDESA;PUT;Jun-27;15,50;41.71;38,62;;;5
10/08/26;ENDESA;PUT;Jun-27;22,00;41.71;33,63;-0,01;;10
10/08/26;ENDESA;PUT;Jun-27;37,00;41.71;22,12;-0,24;;3
10/08/26;ENDESA;PUT;Jun-27;38,00;41.71;21,36;-0,28;;4
10/08/26;ENDESA;PUT;Dic-27;17,50;41.71;33,36;-0,01;;1
10/08/26;ENDESA;PUT;Dic-27;27,00;41.71;27,44;-0,07;;1
10/08/26;ENDESA;PUT;Dic-27;30,00;41.71;25,57;-0,11;;5
10/08/26;ENDESA;PUT;Dic-27;31,00;41.71;24,95;-0,13;;30
10/08/26;ENDESA;PUT;Dic-27;32,00;41.71;24,32;-0,15;;5
10/08/26;ENDESA;PUT;Dic-27;34,00;41.71;23,08;-0,20;;5
10/08/26;ENDESA;PUT;Dic-27;44,00;41.71;18,01;-0,59;;15
10/08/26;ENDESA;PUT;Mar-28;22,00;41.71;29,89;-0,03;;150
10/08/26;ENDESA;PUT;Mar-28;24,00;41.71;28,70;-0,05;;150
10/08/26;ENDESA;PUT;Mar-28;26,00;41.71;27,52;-0,07;;150
10/08/26;ENDESA;PUT;Mar-28;27,00;41.71;26,93;-0,08;;150
10/08/26;ENDESA;PUT;Mar-28;28,00;41.71;26,34;-0,09;;150
10/08/26;ENDESA;PUT;Jun-28;25,00;41.71;27,43;-0,06;;150
10/08/26;ENDESA;PUT;Jun-28;26,00;41.71;26,89;-0,07;;150
10/08/26;ENDESA;PUT;Jun-28;27,00;41.71;26,34;-0,09;;293
10/08/26;ENDESA;PUT;Jun-28;29,00;41.71;25,26;-0,11;;143
10/08/26;ENDESA;PUT;Jun-28;30,00;41.71;24,71;-0,13;;143
10/08/26;ENDESA;PUT;Jun-28;31,00;41.71;24,17;-0,15;;142
10/08/26;ENDESA;PUT;Jun-28;32,00;41.71;23,63;-0,17;;142
10/08/26;ENDESA;PUT;Jun-28;33,00;41.71;23,08;-0,19;;142
10/08/26;ENDESA;PUT;Dic-28;31,00;41.71;23,40;-0,18;;16
10/08/26;ENDESA;CALL;Ago-26;39,00;41.71;18,81;0,98;;10
10/08/26;ENDESA;CALL;Ago-26;41,00;41.71;16,40;0,74;;10
10/08/26;ENDESA;CALL;Ago-26;42,00;41.71;15,50;0,41;;10
10/08/26;ENDESA;CALL;Sep-26;17,00;41.71;44,14;1,00;;25
10/08/26;ENDESA;CALL;Sep-26;34,00;41.71;26,07;0,99;;25
10/08/26;ENDESA;CALL;Sep-26;34,00;41.71;26,07;0,99;;25
10/08/26;ENDESA;CALL;Sep-26;43,00;41.71;17,72;0,32;;1
10/08/26;ENDESA;CALL;Oct-26;42,00;41.71;18,48;0,50;;1
10/08/26;ENDESA;CALL;Oct-26;44,00;41.71;18,21;0,28;;2
10/08/26;ENDESA;CALL;Dic-26;33,00;41.71;26,59;0,94;;10
10/08/26;ENDESA;CALL;Dic-26;40,00;41.71;20,55;0,68;;10
10/08/26;ENDESA;CALL;Dic-26;42,00;41.71;19,05;0,52;;10
10/08/26;ENDESA;CALL;Mar-27;37,00;41.71;24,31;0,76;;10
10/08/26;ENDESA;PUT;Ago-26;37,00;41.71;22,46;;;10
10/08/26;ENDESA;PUT;Ago-26;40,00;41.71;18,84;-0,10;;10
10/08/26;ENDESA;PUT;Ago-26;42,00;41.71;16,74;-0,58;;10
10/08/26;ENDESA;PUT;Sep-26;24,00;41.71;36,02;;;25
10/08/26;ENDESA;PUT;Sep-26;25,00;41.71;34,96;;;25
10/08/26;ENDESA;PUT;Sep-26;26,00;41.71;33,90;;;25
10/08/26;ENDESA;PUT;Sep-26;26,00;41.71;33,90;;;25
10/08/26;ENDESA;PUT;Sep-26;32,00;41.71;27,52;;;10
10/08/26;ENDESA;PUT;Sep-26;34,00;41.71;25,39;-0,01;;25
10/08/26;ENDESA;PUT;Sep-26;35,00;41.71;24,33;-0,01;;25
10/08/26;ENDESA;PUT;Sep-26;35,00;41.71;24,33;-0,01;;50
10/08/26;ENDESA;PUT;Sep-26;36,00;41.71;23,27;-0,02;;25
10/08/26;ENDESA;PUT;Sep-26;37,00;41.71;22,21;-0,04;;50
10/08/26;ENDESA;PUT;Sep-26;39,00;41.71;20,08;-0,14;;10
10/08/26;ENDESA;PUT;Oct-26;40,00;41.71;19,12;-0,27;10;10
10/08/26;ENDESA;PUT;Dic-26;32,00;41.71;26,70;-0,04;;8
10/08/26;ENDESA;PUT;Dic-26;36,00;41.71;23,25;-0,12;;10
10/08/26;FCC;CALL;Jun-27;13,00;11.08;15,92;0,19;;1
10/08/26;FCC;CALL;Dic-27;16,50;11.08;17,75;0,02;;1
10/08/26;FCC;CALL;Jun-28;11,50;11.08;23,67;0,52;;200
10/08/26;FCC;PUT;Sep-26;11,00;11.08;20,97;-0,43;;14
10/08/26;FCC;PUT;Sep-26;12,00;11.08;18,22;-0,92;;3
10/08/26;FCC;PUT;Dic-26;10,50;11.08;21,68;-0,30;;20
10/08/26;FCC;PUT;Mar-27;9,50;11.08;22,51;-0,15;;257
10/08/26;FCC;PUT;Mar-27;10,00;11.08;21,95;-0,22;;250
10/08/26;FCC;PUT;Mar-27;10,50;11.08;21,40;-0,32;;482
10/08/26;FCC;PUT;Mar-27;11,00;11.08;20,84;-0,43;;224
10/08/26;FCC;PUT;Jun-27;11,50;11.08;21,16;-0,51;;3
10/08/26;FCC;PUT;Jun-27;12,00;11.08;20,51;-0,62;;417
10/08/26;FCC;PUT;Sep-27;11,00;11.08;23,37;-0,51;;226
10/08/26;FERROVIAL;CALL;Ago-26;58,00;56.82;22,75;0,31;1;26
10/08/26;FERROVIAL;CALL;Ago-26;60,00;56.82;21,40;0,08;;50
10/08/26;FERROVIAL;CALL;Sep-26;50,00;56.82;29,68;0,92;;25
10/08/26;FERROVIAL;CALL;Sep-26;52,00;56.82;27,78;0,85;;25
10/08/26;FERROVIAL;CALL;Sep-26;54,00;56.82;25,88;0,75;;50
10/08/26;FERROVIAL;CALL;Sep-26;56,00;56.82;23,98;0,60;;58
10/08/26;FERROVIAL;CALL;Sep-26;58,00;56.82;22,52;0,42;;2.050
10/08/26;FERROVIAL;CALL;Sep-26;60,00;56.82;21,37;0,24;;116
10/08/26;FERROVIAL;CALL;Sep-26;62,00;56.82;20,22;0,11;;104
10/08/26;FERROVIAL;CALL;Sep-26;64,00;56.82;19,07;0,03;;10
10/08/26;FERROVIAL;CALL;Sep-26;66,00;56.82;17,92;0,01;;25
10/08/26;FERROVIAL;CALL;Sep-26;74,00;56.82;13,32;;;75
10/08/26;FERROVIAL;CALL;Dic-26;47,00;56.82;31,32;0,88;;1
10/08/26;FERROVIAL;CALL;Dic-26;50,00;56.82;28,96;0,81;;50
10/08/26;FERROVIAL;CALL;Dic-26;52,00;56.82;27,39;0,75;;26
10/08/26;FERROVIAL;CALL;Dic-26;54,00;56.82;25,82;0,67;;25
10/08/26;FERROVIAL;CALL;Dic-26;56,00;56.82;24,24;0,58;;54
10/08/26;FERROVIAL;CALL;Dic-26;58,00;56.82;23,20;0,48;;25
10/08/26;FERROVIAL;CALL;Dic-26;60,00;56.82;22,52;0,37;;3.025
10/08/26;FERROVIAL;CALL;Dic-26;64,00;56.82;21,16;0,19;;5
10/08/26;FERROVIAL;CALL;Dic-26;66,00;56.82;20,48;0,12;;5
10/08/26;FERROVIAL;CALL;Dic-26;68,00;56.82;19,80;0,07;;235
10/08/26;FERROVIAL;CALL;Dic-26;70,00;56.82;19,12;0,04;;25
10/08/26;FERROVIAL;CALL;Mar-27;50,00;56.82;27,83;0,77;;54
10/08/26;FERROVIAL;CALL;Mar-27;52,00;56.82;26,67;0,71;;15
10/08/26;FERROVIAL;CALL;Mar-27;58,00;56.82;23,61;0,51;;25
10/08/26;FERROVIAL;CALL;Mar-27;60,00;56.82;23,18;0,43;;25
10/08/26;FERROVIAL;CALL;Mar-27;62,00;56.82;22,75;0,36;;25
10/08/26;FERROVIAL;CALL;Sep-27;44,00;56.82;30,15;0,84;;25
10/08/26;FERROVIAL;CALL;Sep-27;50,00;56.82;27,72;0,74;;25
10/08/26;FERROVIAL;CALL;Sep-27;52,00;56.82;26,91;0,70;;25
10/08/26;FERROVIAL;CALL;Sep-27;56,00;56.82;25,29;0,60;;25
10/08/26;FERROVIAL;CALL;Dic-27;50,00;56.82;28,04;0,73;;25
10/08/26;FERROVIAL;CALL;Dic-27;60,00;56.82;25,11;0,51;;25
10/08/26;FERROVIAL;CALL;Dic-27;70,00;56.82;23,70;0,28;;25
10/08/26;FERROVIAL;CALL;Mar-28;52,00;56.82;27,48;0,69;;25
10/08/26;FERROVIAL;CALL;Mar-28;54,00;56.82;26,86;0,65;;50
10/08/26;FERROVIAL;CALL;Mar-28;60,00;56.82;25,55;0,52;;25
10/08/26;FERROVIAL;CALL;Mar-28;66,00;56.82;24,74;0,40;;25
10/08/26;FERROVIAL;CALL;Jun-28;50,00;56.82;28,37;0,72;;50
10/08/26;FERROVIAL;CALL;Jun-28;56,00;56.82;26,47;0,61;;50
10/08/26;FERROVIAL;CALL;Jun-28;58,00;56.82;26,06;0,58;;25
10/08/26;FERROVIAL;PUT;Ago-26;52,00;56.82;25,48;-0,02;;2
10/08/26;FERROVIAL;PUT;Ago-26;56,00;56.82;21,00;-0,33;1;27
10/08/26;FERROVIAL;PUT;Sep-26;36,00;56.82;41,03;;;25
10/08/26;FERROVIAL;PUT;Sep-26;42,00;56.82;35,32;;;25
10/08/26;FERROVIAL;PUT;Sep-26;45,00;56.82;32,47;-0,01;;25
10/08/26;FERROVIAL;PUT;Sep-26;48,00;56.82;29,62;-0,03;;25
10/08/26;FERROVIAL;PUT;Sep-26;49,00;56.82;28,67;-0,05;;5
10/08/26;FERROVIAL;PUT;Sep-26;52,00;56.82;25,82;-0,13;;3.005
10/08/26;FERROVIAL;PUT;Sep-26;54,00;56.82;23,92;-0,24;;1.543
10/08/26;FERROVIAL;PUT;Sep-26;58,00;56.82;20,56;-0,60;;35
10/08/26;FERROVIAL;PUT;Sep-26;62,00;56.82;18,26;-0,94;;1
10/08/26;FERROVIAL;PUT;Sep-26;64,00;56.82;17,11;-1,00;;25
10/08/26;FERROVIAL;PUT;Oct-26;60,00;56.82;19,38;-0,73;;10
10/08/26;FERROVIAL;PUT;Dic-26;44,00;56.82;32,65;-0,08;;51
10/08/26;FERROVIAL;PUT;Dic-26;49,00;56.82;28,72;-0,17;;26
10/08/26;FERROVIAL;PUT;Dic-26;50,00;56.82;27,93;-0,20;;25
10/08/26;FERROVIAL;PUT;Dic-26;54,00;56.82;24,79;-0,34;;26
10/08/26;FERROVIAL;PUT;Dic-26;56,00;56.82;23,21;-0,44;;25
10/08/26;FERROVIAL;PUT;Dic-26;58,00;56.82;22,17;-0,54;;130
10/08/26;FERROVIAL;PUT;Dic-26;72,00;56.82;17,40;-0,99;;1
10/08/26;FERROVIAL;PUT;Mar-27;39,00;56.82;33,49;-0,05;;100
10/08/26;FERROVIAL;PUT;Mar-27;45,00;56.82;30,00;-0,13;;25
10/08/26;FERROVIAL;PUT;Mar-27;46,00;56.82;29,42;-0,15;;25
10/08/26;FERROVIAL;PUT;Mar-27;47,00;56.82;28,84;-0,16;;50
10/08/26;FERROVIAL;PUT;Mar-27;48,00;56.82;28,26;-0,19;;75
10/08/26;FERROVIAL;PUT;Mar-27;49,00;56.82;27,68;-0,21;;90
10/08/26;FERROVIAL;PUT;Mar-27;50,00;56.82;27,10;-0,23;;125
10/08/26;FERROVIAL;PUT;Mar-27;52,00;56.82;25,94;-0,29;;135
10/08/26;FERROVIAL;PUT;Mar-27;54,00;56.82;24,78;-0,35;;26
10/08/26;FERROVIAL;PUT;Mar-27;56,00;56.82;23,62;-0,43;;25
10/08/26;FERROVIAL;PUT;Mar-27;58,00;56.82;22,88;-0,51;;25
10/08/26;FERROVIAL;PUT;Jun-27;44,00;56.82;30,19;-0,14;;25
10/08/26;FERROVIAL;PUT;Jun-27;49,00;56.82;27,76;-0,23;;50
10/08/26;FERROVIAL;PUT;Jun-27;60,00;56.82;23,45;-0,55;;5
10/08/26;FERROVIAL;PUT;Sep-27;41,00;56.82;30,83;-0,11;;1
10/08/26;FERROVIAL;PUT;Sep-27;44,00;56.82;29,62;-0,15;;51
10/08/26;FERROVIAL;PUT;Sep-27;45,00;56.82;29,21;-0,17;;25
10/08/26;FERROVIAL;PUT;Sep-27;47,00;56.82;28,41;-0,20;;25
10/08/26;FERROVIAL;PUT;Sep-27;48,00;56.82;28,00;-0,22;;50
10/08/26;FERROVIAL;PUT;Sep-27;49,00;56.82;27,60;-0,24;;25
10/08/26;FERROVIAL;PUT;Dic-27;35,00;56.82;32,66;-0,07;;1
10/08/26;FERROVIAL;PUT;Dic-27;39,00;56.82;31,20;-0,11;;25
10/08/26;FERROVIAL;PUT;Dic-27;40,00;56.82;30,84;-0,12;;25
10/08/26;FERROVIAL;PUT;Dic-27;45,00;56.82;29,02;-0,19;;25
10/08/26;FERROVIAL;PUT;Dic-27;54,00;56.82;25,75;-0,36;;525
10/08/26;FERROVIAL;PUT;Mar-28;58,00;56.82;24,87;-0,45;;1
10/08/26;FERROVIAL;PUT;Mar-28;60,00;56.82;24,60;-0,50;;3
10/08/26;FERROVIAL;PUT;Mar-28;62,00;56.82;24,33;-0,55;;26
10/08/26;FERROVIAL;PUT;Mar-28;64,00;56.82;24,06;-0,59;;25
10/08/26;FERROVIAL;PUT;Jun-28;44,00;56.82;29,23;-0,19;;25
10/08/26;FERROVIAL;PUT;Jun-28;45,00;56.82;28,91;-0,20;;25
10/08/26;FERROVIAL;PUT;Jun-28;46,00;56.82;28,60;-0,22;;25
10/08/26;FERROVIAL;PUT;Jun-28;48,00;56.82;27,96;-0,25;;25
10/08/26;FERROVIAL;PUT;Jun-28;49,00;56.82;27,65;-0,26;;25
10/08/26;FERROVIAL;PUT;Jun-28;50,00;56.82;27,33;-0,28;;25
10/08/26;FERROVIAL;PUT;Jun-28;52,00;56.82;26,70;-0,32;;25
10/08/26;FERROVIAL;PUT;Jun-28;54,00;56.82;26,06;-0,36;;26
10/08/26;FERROVIAL;PUT;Jun-28;56,00;56.82;25,43;-0,40;;25
10/08/26;FERROVIAL;PUT;Jun-28;58,00;56.82;25,02;-0,44;;26
10/08/26;FERROVIAL;PUT;Jun-28;64,00;56.82;24,29;-0,57;;75
10/08/26;FERROVIAL;CALL;Ago-26;62,00;56.82;20,06;0,01;;112
10/08/26;FERROVIAL;CALL;Ago-26;64,00;56.82;18,71;;;224
10/08/26;FERROVIAL;CALL;Sep-26;60,00;56.82;21,37;0,24;;226
10/08/26;FERROVIAL;CALL;Sep-26;60,00;56.82;21,37;0,24;;70
10/08/26;FERROVIAL;CALL;Sep-26;62,00;56.82;20,22;0,11;;452
10/08/26;FERROVIAL;CALL;Dic-26;60,00;56.82;22,52;0,37;;60
10/08/26;FERROVIAL;PUT;Sep-26;54,00;56.82;23,92;-0,24;;15
10/08/26;FERROVIAL;PUT;Sep-26;60,00;56.82;19,41;-0,78;;45
10/08/26;FERROVIAL;PUT;Sep-26;62,00;56.82;18,26;-0,91;;160
10/08/26;FERROVIAL;PUT;Sep-26;64,00;56.82;17,11;-0,98;;45
10/08/26;FERROVIAL;PUT;Dic-26;49,00;56.82;28,72;-0,17;;25
10/08/26;FERROVIAL;PUT;Dic-26;50,00;56.82;27,93;-0,20;;25
10/08/26;FERROVIAL;PUT;Mar-27;40,00;56.82;32,91;-0,06;;300
10/08/26;FLUIDRA;CALL;Sep-26;19,00;20.06;26,92;0,75;;2
10/08/26;FLUIDRA;CALL;Sep-26;21,00;20.06;24,36;0,31;;1
10/08/26;FLUIDRA;CALL;Sep-26;29,00;20.06;13,06;;;200
10/08/26;FLUIDRA;CALL;Dic-26;24,00;20.06;25,40;0,14;;1
10/08/26;FLUIDRA;PUT;Ago-26;16,00;20.06;32,04;;;2
10/08/26;FLUIDRA;PUT;Ago-26;17,00;20.06;30,86;;;1
10/08/26;FLUIDRA;PUT;Ago-26;17,50;20.06;30,27;;;2
10/08/26;FLUIDRA;PUT;Ago-26;18,00;20.06;29,68;-0,02;;1
10/08/26;FLUIDRA;PUT;Ago-26;19,50;20.06;27,91;-0,27;;1
10/08/26;FLUIDRA;PUT;Sep-26;16,50;20.06;29,69;-0,02;;1
10/08/26;FLUIDRA;PUT;Sep-26;18,50;20.06;27,36;-0,17;;1
10/08/26;FLUIDRA;PUT;Dic-26;17,00;20.06;28,12;-0,15;;325
10/08/26;FLUIDRA;PUT;Dic-26;17,50;20.06;27,59;-0,20;;25
10/08/26;FLUIDRA;PUT;Dic-26;18,00;20.06;27,06;-0,24;;625
10/08/26;FLUIDRA;PUT;Dic-26;18,50;20.06;26,53;-0,30;;1
10/08/26;FLUIDRA;PUT;Dic-26;19,00;20.06;26,00;-0,35;;185
10/08/26;FLUIDRA;PUT;Dic-26;21,00;20.06;24,48;-0,62;;7
10/08/26;FLUIDRA;PUT;Mar-27;21,00;20.06;25,57;-0,57;;14
10/08/26;FLUIDRA;PUT;Jun-27;27,00;20.06;25,14;-0,90;;11
10/08/26;FLUIDRA;PUT;Jun-27;28,00;20.06;24,97;-0,93;;11
10/08/26;GRIFOLS;CALL;Ago-26;7,00;10.0;39,64;1,00;;1
10/08/26;GRIFOLS;CALL;Ago-26;8,00;10.0;35,61;1,00;;1
10/08/26;GRIFOLS;CALL;Ago-26;9,00;10.0;31,57;0,98;;10
10/08/26;GRIFOLS;CALL;Ago-26;9,25;10.0;30,57;0,93;;12
10/08/26;GRIFOLS;CALL;Ago-26;9,50;10.0;29,56;0,85;;11
10/08/26;GRIFOLS;CALL;Ago-26;9,75;10.0;28,55;0,71;;8
10/08/26;GRIFOLS;CALL;Ago-26;10,00;10.0;27,54;0,52;;30
10/08/26;GRIFOLS;CALL;Ago-26;10,50;10.0;26,89;0,16;;4
10/08/26;GRIFOLS;CALL;Ago-26;11,00;10.0;26,24;0,02;;20
10/08/26;GRIFOLS;CALL;Sep-26;6,75;10.0;38,47;1,00;;11
10/08/26;GRIFOLS;CALL;Sep-26;8,00;10.0;34,51;0,98;;6
10/08/26;GRIFOLS;CALL;Sep-26;9,00;10.0;31,35;0,86;;12
10/08/26;GRIFOLS;CALL;Sep-26;9,25;10.0;30,56;0,80;;102
10/08/26;GRIFOLS;CALL;Sep-26;9,50;10.0;29,76;0,73;;112
10/08/26;GRIFOLS;CALL;Sep-26;9,75;10.0;28,97;0,63;;11
10/08/26;GRIFOLS;CALL;Sep-26;10,00;10.0;28,18;0,53;;149
10/08/26;GRIFOLS;CALL;Sep-26;10,50;10.0;27,78;0,32;;236
10/08/26;GRIFOLS;CALL;Sep-26;11,00;10.0;27,38;0,16;;2
10/08/26;GRIFOLS;CALL;Sep-26;11,50;10.0;26,98;0,07;;30
10/08/26;GRIFOLS;CALL;Sep-26;12,00;10.0;26,58;0,02;;121
10/08/26;GRIFOLS;CALL;Sep-26;12,50;10.0;26,18;0,01;;29
10/08/26;GRIFOLS;CALL;Oct-26;10,00;10.0;29,57;0,54;;10
10/08/26;GRIFOLS;CALL;Oct-26;11,00;10.0;28,87;0,25;;3
10/08/26;GRIFOLS;CALL;Dic-26;7,75;10.0;36,31;0,92;;1
10/08/26;GRIFOLS;CALL;Dic-26;8,50;10.0;34,23;0,83;;29
10/08/26;GRIFOLS;CALL;Dic-26;8,75;10.0;33,54;0,80;;25
10/08/26;GRIFOLS;CALL;Dic-26;9,00;10.0;32,85;0,76;;58
10/08/26;GRIFOLS;CALL;Dic-26;9,25;10.0;32,16;0,71;;75
10/08/26;GRIFOLS;CALL;Dic-26;9,50;10.0;31,46;0,66;;267
10/08/26;GRIFOLS;CALL;Dic-26;9,75;10.0;30,77;0,61;;100
10/08/26;GRIFOLS;CALL;Dic-26;10,00;10.0;30,08;0,55;;175
10/08/26;GRIFOLS;CALL;Dic-26;10,50;10.0;29,83;0,44;2;174
10/08/26;GRIFOLS;CALL;Dic-26;11,00;10.0;29,58;0,33;;105
10/08/26;GRIFOLS;CALL;Dic-26;11,50;10.0;29,33;0,24;;72
10/08/26;GRIFOLS;CALL;Dic-26;12,00;10.0;29,08;0,17;;48
10/08/26;GRIFOLS;CALL;Dic-26;12,50;10.0;28,83;0,11;;99
10/08/26;GRIFOLS;CALL;Dic-26;13,00;10.0;28,58;0,07;;1.307
10/08/26;GRIFOLS;CALL;Dic-26;13,50;10.0;28,33;0,04;;1.187
10/08/26;GRIFOLS;CALL;Dic-26;14,00;10.0;28,08;0,03;;25
10/08/26;GRIFOLS;CALL;Dic-26;14,50;10.0;27,83;0,01;;25
10/08/26;GRIFOLS;CALL;Dic-26;15,00;10.0;27,58;0,01;;44
10/08/26;GRIFOLS;CALL;Dic-26;15,50;10.0;27,33;;;5
10/08/26;GRIFOLS;CALL;Dic-26;17,00;10.0;26,58;;;25
10/08/26;GRIFOLS;CALL;Dic-26;17,50;10.0;26,33;;;25
10/08/26;GRIFOLS;CALL;Mar-27;6,25;10.0;38,53;0,97;;3
10/08/26;GRIFOLS;CALL;Mar-27;7,00;10.0;36,93;0,94;;3
10/08/26;GRIFOLS;CALL;Mar-27;7,50;10.0;35,86;0,90;;41
10/08/26;GRIFOLS;CALL;Mar-27;8,25;10.0;34,26;0,82;;5
10/08/26;GRIFOLS;CALL;Mar-27;8,50;10.0;33,73;0,79;;2
10/08/26;GRIFOLS;CALL;Mar-27;8,75;10.0;33,20;0,75;;201
10/08/26;GRIFOLS;CALL;Mar-27;9,00;10.0;32,66;0,72;;172
10/08/26;GRIFOLS;CALL;Mar-27;9,25;10.0;32,13;0,68;;127
10/08/26;GRIFOLS;CALL;Mar-27;9,50;10.0;31,60;0,64;;50
10/08/26;GRIFOLS;CALL;Mar-27;9,75;10.0;31,06;0,59;;107
10/08/26;GRIFOLS;CALL;Mar-27;10,00;10.0;30,53;0,55;;170
10/08/26;GRIFOLS;CALL;Mar-27;10,50;10.0;30,31;0,46;;35
10/08/26;GRIFOLS;CALL;Mar-27;11,50;10.0;29,88;0,31;;11
10/08/26;GRIFOLS;CALL;Mar-27;12,00;10.0;29,66;0,25;;211
10/08/26;GRIFOLS;CALL;Mar-27;12,50;10.0;29,45;0,19;;40
10/08/26;GRIFOLS;CALL;Mar-27;13,00;10.0;29,23;0,15;;518
10/08/26;GRIFOLS;CALL;Mar-27;14,00;10.0;28,80;0,08;;30
10/08/26;GRIFOLS;CALL;Mar-27;16,00;10.0;27,93;0,02;;10
10/08/26;GRIFOLS;CALL;Jun-27;8,00;10.0;34,96;0,81;;5
10/08/26;GRIFOLS;CALL;Jun-27;8,75;10.0;33,56;0,73;;2
10/08/26;GRIFOLS;CALL;Jun-27;9,00;10.0;33,10;0,70;;58
10/08/26;GRIFOLS;CALL;Jun-27;9,25;10.0;32,63;0,66;;28
10/08/26;GRIFOLS;CALL;Jun-27;9,50;10.0;32,16;0,63;;27
10/08/26;GRIFOLS;CALL;Jun-27;9,75;10.0;31,70;0,60;;25
10/08/26;GRIFOLS;CALL;Jun-27;10,00;10.0;31,23;0,56;;35
10/08/26;GRIFOLS;CALL;Jun-27;10,50;10.0;31,05;0,50;;1
10/08/26;GRIFOLS;CALL;Jun-27;11,50;10.0;30,68;0,37;;10
10/08/26;GRIFOLS;CALL;Jun-27;12,00;10.0;30,50;0,31;;22
10/08/26;GRIFOLS;CALL;Jun-27;12,50;10.0;30,31;0,26;;250
10/08/26;GRIFOLS;CALL;Jun-27;13,00;10.0;30,13;0,22;;10
10/08/26;GRIFOLS;CALL;Jun-27;14,00;10.0;29,76;0,14;;5
10/08/26;GRIFOLS;CALL;Jun-27;15,00;10.0;29,40;0,09;;50
10/08/26;GRIFOLS;CALL;Jun-27;16,00;10.0;29,03;0,05;;850
10/08/26;GRIFOLS;CALL;Sep-27;15,00;10.0;30,90;0,14;;10
10/08/26;GRIFOLS;CALL;Dic-27;8,00;10.0;35,88;0,78;;2
10/08/26;GRIFOLS;CALL;Dic-27;8,75;10.0;34,71;0,71;;15
10/08/26;GRIFOLS;CALL;Dic-27;11,00;10.0;32,55;0,48;;1
10/08/26;GRIFOLS;CALL;Dic-27;11,50;10.0;32,45;0,43;;5
10/08/26;GRIFOLS;CALL;Dic-27;15,00;10.0;31,75;0,18;;4
10/08/26;GRIFOLS;CALL;Mar-28;15,00;10.0;32,22;0,21;;3
10/08/26;GRIFOLS;CALL;Dic-28;9,00;10.0;32,88;0,68;;14
10/08/26;GRIFOLS;CALL;Dic-28;12,00;10.0;31,21;0,44;;1
10/08/26;GRIFOLS;CALL;Dic-28;15,50;10.0;30,51;0,23;;3
10/08/26;GRIFOLS;CALL;Dic-28;16,50;10.0;30,31;0,19;;2
10/08/26;GRIFOLS;CALL;Dic-28;17,50;10.0;30,11;0,15;;6
10/08/26;GRIFOLS;CALL;Dic-29;15,50;10.0;30,06;0,29;;3
10/08/26;GRIFOLS;PUT;Ago-26;7,50;10.0;44,35;;;1
10/08/26;GRIFOLS;PUT;Ago-26;8,00;10.0;42,34;;;14
10/08/26;GRIFOLS;PUT;Ago-26;8,25;10.0;41,33;;;14
10/08/26;GRIFOLS;PUT;Ago-26;8,50;10.0;40,32;-0,01;;130
10/08/26;GRIFOLS;PUT;Ago-26;8,75;10.0;39,31;-0,02;;36
10/08/26;GRIFOLS;PUT;Ago-26;9,00;10.0;38,30;-0,05;;148
10/08/26;GRIFOLS;PUT;Ago-26;9,25;10.0;37,30;-0,11;;67
10/08/26;GRIFOLS;PUT;Ago-26;9,50;10.0;36,29;-0,20;;10
10/08/26;GRIFOLS;PUT;Ago-26;9,75;10.0;35,28;-0,33;;20
10/08/26;GRIFOLS;PUT;Ago-26;10,00;10.0;34,27;-0,48;;51
10/08/26;GRIFOLS;PUT;Sep-26;6,50;10.0;37,67;;;10
10/08/26;GRIFOLS;PUT;Sep-26;7,25;10.0;35,30;;;4
10/08/26;GRIFOLS;PUT;Sep-26;7,75;10.0;33,72;-0,01;;3
10/08/26;GRIFOLS;PUT;Sep-26;8,00;10.0;32,92;-0,02;;31
10/08/26;GRIFOLS;PUT;Sep-26;8,25;10.0;32,13;-0,03;;24
10/08/26;GRIFOLS;PUT;Sep-26;8,50;10.0;31,34;-0,05;;144
10/08/26;GRIFOLS;PUT;Sep-26;8,75;10.0;30,55;-0,08;;72
10/08/26;GRIFOLS;PUT;Sep-26;9,00;10.0;29,76;-0,12;;116
10/08/26;GRIFOLS;PUT;Sep-26;9,25;10.0;28,97;-0,19;;107
10/08/26;GRIFOLS;PUT;Sep-26;9,50;10.0;28,17;-0,27;;65
10/08/26;GRIFOLS;PUT;Sep-26;9,75;10.0;27,38;-0,36;;15
10/08/26;GRIFOLS;PUT;Sep-26;10,00;10.0;26,59;-0,47;;53
10/08/26;GRIFOLS;PUT;Sep-26;10,50;10.0;26,19;-0,70;;148
10/08/26;GRIFOLS;PUT;Sep-26;11,00;10.0;25,79;-0,87;;92
10/08/26;GRIFOLS;PUT;Sep-26;11,50;10.0;25,39;-0,96;;39
10/08/26;GRIFOLS;PUT;Sep-26;12,00;10.0;24,99;-1,00;;22
10/08/26;GRIFOLS;PUT;Sep-26;12,50;10.0;24,59;-1,00;;10
10/08/26;GRIFOLS;PUT;Sep-26;16,00;10.0;21,79;-1,00;;4
10/08/26;GRIFOLS;PUT;Oct-26;8,75;10.0;29,69;-0,13;;30
10/08/26;GRIFOLS;PUT;Oct-26;9,25;10.0;28,21;-0,23;;4
10/08/26;GRIFOLS;PUT;Oct-26;9,50;10.0;27,46;-0,30;;10
10/08/26;GRIFOLS;PUT;Oct-26;10,00;10.0;25,98;-0,47;;20
10/08/26;GRIFOLS;PUT;Dic-26;6,00;10.0;38,58;-0,01;;25
10/08/26;GRIFOLS;PUT;Dic-26;6,25;10.0;37,89;-0,02;;5
10/08/26;GRIFOLS;PUT;Dic-26;6,50;10.0;37,19;-0,02;;1
10/08/26;GRIFOLS;PUT;Dic-26;6,75;10.0;36,50;-0,03;;25
10/08/26;GRIFOLS;PUT;Dic-26;7,00;10.0;35,81;-0,04;;10
10/08/26;GRIFOLS;PUT;Dic-26;7,25;10.0;35,12;-0,06;;291
10/08/26;GRIFOLS;PUT;Dic-26;7,50;10.0;34,43;-0,07;;29
10/08/26;GRIFOLS;PUT;Dic-26;7,75;10.0;33,74;-0,09;;26
10/08/26;GRIFOLS;PUT;Dic-26;8,00;10.0;33,04;-0,12;;317
10/08/26;GRIFOLS;PUT;Dic-26;8,25;10.0;32,35;-0,15;;2
10/08/26;GRIFOLS;PUT;Dic-26;8,50;10.0;31,66;-0,18;;758
10/08/26;GRIFOLS;PUT;Dic-26;8,75;10.0;30,97;-0,22;;12
10/08/26;GRIFOLS;PUT;Dic-26;9,00;10.0;30,28;-0,27;;222
10/08/26;GRIFOLS;PUT;Dic-26;9,25;10.0;29,59;-0,32;;130
10/08/26;GRIFOLS;PUT;Dic-26;9,50;10.0;28,89;-0,37;;445
10/08/26;GRIFOLS;PUT;Dic-26;9,75;10.0;28,20;-0,43;;13
10/08/26;GRIFOLS;PUT;Dic-26;10,00;10.0;27,51;-0,49;5;2.279
10/08/26;GRIFOLS;PUT;Dic-26;10,50;10.0;27,26;-0,61;;29
10/08/26;GRIFOLS;PUT;Dic-26;11,00;10.0;27,01;-0,71;;290
10/08/26;GRIFOLS;PUT;Dic-26;11,50;10.0;26,76;-0,80;;7
10/08/26;GRIFOLS;PUT;Dic-26;12,00;10.0;26,51;-0,87;;1
10/08/26;GRIFOLS;PUT;Dic-26;12,50;10.0;26,26;-0,92;;1
10/08/26;GRIFOLS;PUT;Dic-26;13,00;10.0;26,01;-0,95;;10
10/08/26;GRIFOLS;PUT;Dic-26;13,50;10.0;25,76;-0,97;;113
10/08/26;GRIFOLS;PUT;Mar-27;6,25;10.0;38,51;-0,04;;50
10/08/26;GRIFOLS;PUT;Mar-27;6,50;10.0;37,98;-0,06;;17
10/08/26;GRIFOLS;PUT;Mar-27;6,75;10.0;37,44;-0,07;;250
10/08/26;GRIFOLS;PUT;Mar-27;7,00;10.0;36,91;-0,09;;163
10/08/26;GRIFOLS;PUT;Mar-27;7,25;10.0;36,38;-0,10;;76
10/08/26;GRIFOLS;PUT;Mar-27;7,50;10.0;35,84;-0,13;;770
10/08/26;GRIFOLS;PUT;Mar-27;7,75;10.0;35,31;-0,15;;146
10/08/26;GRIFOLS;PUT;Mar-27;8,00;10.0;34,78;-0,17;;127
10/08/26;GRIFOLS;PUT;Mar-27;8,25;10.0;34,24;-0,20;;5
10/08/26;GRIFOLS;PUT;Mar-27;8,50;10.0;33,71;-0,23;;13
10/08/26;GRIFOLS;PUT;Mar-27;8,75;10.0;33,18;-0,27;;3
10/08/26;GRIFOLS;PUT;Mar-27;9,00;10.0;32,64;-0,30;;1.130
10/08/26;GRIFOLS;PUT;Mar-27;9,25;10.0;32,11;-0,34;;2
10/08/26;GRIFOLS;PUT;Mar-27;10,00;10.0;30,51;-0,47;;15
10/08/26;GRIFOLS;PUT;Mar-27;10,50;10.0;30,29;-0,55;;14
10/08/26;GRIFOLS;PUT;Mar-27;11,00;10.0;30,08;-0,63;;130
10/08/26;GRIFOLS;PUT;Mar-27;16,00;10.0;27,91;-0,99;;3
10/08/26;GRIFOLS;PUT;Jun-27;6,00;10.0;39,94;-0,06;;20
10/08/26;GRIFOLS;PUT;Jun-27;8,00;10.0;36,20;-0,20;;100
10/08/26;GRIFOLS;PUT;Jun-27;8,25;10.0;35,74;-0,23;;1
10/08/26;GRIFOLS;PUT;Jun-27;10,00;10.0;32,47;-0,45;;2
10/08/26;GRIFOLS;PUT;Jun-27;10,50;10.0;32,29;-0,51;;7
10/08/26;GRIFOLS;PUT;Jun-27;11,00;10.0;32,10;-0,58;;3
10/08/26;GRIFOLS;PUT;Jun-27;12,00;10.0;31,74;-0,70;;206
10/08/26;GRIFOLS;PUT;Jun-27;12,50;10.0;31,55;-0,75;;397
10/08/26;GRIFOLS;PUT;Jun-27;13,00;10.0;31,37;-0,80;;195
10/08/26;GRIFOLS;PUT;Jun-27;13,50;10.0;31,19;-0,84;;25
10/08/26;GRIFOLS;PUT;Jun-27;15,50;10.0;30,45;-0,95;;142
10/08/26;GRIFOLS;PUT;Dic-27;8,25;10.0;37,44;-0,27;;1
10/08/26;GRIFOLS;PUT;Dic-27;8,50;10.0;37,05;-0,29;;5
10/08/26;GRIFOLS;PUT;Dic-27;8,75;10.0;36,66;-0,31;;3
10/08/26;GRIFOLS;PUT;Dic-27;10,50;10.0;34,60;-0,48;;242
10/08/26;GRIFOLS;PUT;Dic-27;11,00;10.0;34,50;-0,53;;228
10/08/26;GRIFOLS;PUT;Dic-27;11,50;10.0;34,40;-0,57;;30
10/08/26;GRIFOLS;PUT;Mar-28;9,50;10.0;36,13;-0,38;;268
10/08/26;GRIFOLS;PUT;Mar-28;10,00;10.0;35,38;-0,42;;260
10/08/26;GRIFOLS;PUT;Jun-28;6,00;10.0;40,27;-0,12;;26
10/08/26;GRIFOLS;PUT;Jun-28;8,25;10.0;37,12;-0,27;;2
10/08/26;GRIFOLS;PUT;Dic-28;6,50;10.0;38,06;-0,16;;25
10/08/26;GRIFOLS;PUT;Dic-28;7,00;10.0;37,43;-0,19;;1
10/08/26;GRIFOLS;PUT;Dic-28;8,00;10.0;36,16;-0,26;;4
10/08/26;GRIFOLS;PUT;Dic-28;9,75;10.0;33,95;-0,39;;1
10/08/26;GRIFOLS;PUT;Jun-29;8,50;10.0;34,40;-0,30;;2
10/08/26;GRIFOLS;PUT;Dic-29;8,50;10.0;33,56;-0,30;;3
10/08/26;GRIFOLS;PUT;Dic-29;9,75;10.0;32,48;-0,39;;1
10/08/26;GRIFOLS;PUT;Dic-30;10,00;10.0;31,50;-0,40;;15
10/08/26;GRIFOLS;CALL;Dic-26;10,00;10.0;30,08;0,51;;10
10/08/26;GRIFOLS;CALL;Dic-26;11,00;10.0;29,58;0,31;;10
10/08/26;GRIFOLS;CALL;Dic-26;11,50;10.0;29,33;0,22;;65
10/08/26;GRIFOLS;CALL;Dic-26;15,00;10.0;27,58;0,01;;15
10/08/26;GRIFOLS;CALL;Jun-27;11,50;10.0;30,68;0,36;;50
10/08/26;GRIFOLS;CALL;Dic-27;11,50;10.0;32,45;0,40;;30
10/08/26;GRIFOLS;CALL;Jun-28;11,50;10.0;32,22;0,44;;60
10/08/26;GRIFOLS;PUT;Sep-26;9,00;10.0;29,76;-0,12;;10
10/08/26;GRIFOLS;PUT;Jun-27;9,00;10.0;34,34;-0,30;;1
10/08/26;IAG;CALL;Ago-26;4,50;5.1;36,97;0,98;;4
10/08/26;IAG;CALL;Ago-26;4,80;5.1;35,89;0,85;;10
10/08/26;IAG;CALL;Ago-26;5,00;5.1;35,17;0,65;;25
10/08/26;IAG;CALL;Ago-26;5,25;5.1;34,54;0,34;;10
10/08/26;IAG;CALL;Ago-26;5,50;5.1;34,10;0,11;;96
10/08/26;IAG;CALL;Ago-26;6,00;5.1;33,22;;;2
10/08/26;IAG;CALL;Sep-26;3,00;5.1;38,77;1,00;;50
10/08/26;IAG;CALL;Sep-26;3,80;5.1;36,84;0,99;;10
10/08/26;IAG;CALL;Sep-26;4,00;5.1;36,36;0,98;;6
10/08/26;IAG;CALL;Sep-26;4,20;5.1;35,87;0,96;;11
10/08/26;IAG;CALL;Sep-26;4,40;5.1;35,39;0,91;;4
10/08/26;IAG;CALL;Sep-26;4,50;5.1;35,15;0,88;;14
10/08/26;IAG;CALL;Sep-26;4,60;5.1;34,91;0,84;;41
10/08/26;IAG;CALL;Sep-26;4,70;5.1;34,67;0,79;;16
10/08/26;IAG;CALL;Sep-26;4,80;5.1;34,42;0,73;;19
10/08/26;IAG;CALL;Sep-26;4,90;5.1;34,18;0,67;;33
10/08/26;IAG;CALL;Sep-26;5,00;5.1;33,94;0,60;;75
10/08/26;IAG;CALL;Sep-26;5,25;5.1;33,43;0,43;;4.572
10/08/26;IAG;CALL;Sep-26;5,50;5.1;32,99;0,27;;154
10/08/26;IAG;CALL;Sep-26;5,75;5.1;32,55;0,15;;57
10/08/26;IAG;CALL;Sep-26;6,00;5.1;32,11;0,07;;63
10/08/26;IAG;CALL;Sep-26;6,25;5.1;31,67;0,03;;50
10/08/26;IAG;CALL;Oct-26;5,00;5.1;34,59;0,60;;10
10/08/26;IAG;CALL;Dic-26;2,90;5.1;40,35;1,00;;1
10/08/26;IAG;CALL;Dic-26;3,00;5.1;40,15;0,99;;1
10/08/26;IAG;CALL;Dic-26;3,50;5.1;39,14;0,97;;1
10/08/26;IAG;CALL;Dic-26;4,00;5.1;38,13;0,89;;2
10/08/26;IAG;CALL;Dic-26;4,20;5.1;37,72;0,85;;20
10/08/26;IAG;CALL;Dic-26;4,30;5.1;37,52;0,82;;3
10/08/26;IAG;CALL;Dic-26;4,40;5.1;37,32;0,80;;3
10/08/26;IAG;CALL;Dic-26;4,50;5.1;37,11;0,77;;6
10/08/26;IAG;CALL;Dic-26;4,60;5.1;36,91;0,73;;2
10/08/26;IAG;CALL;Dic-26;4,80;5.1;36,51;0,66;;2
10/08/26;IAG;CALL;Dic-26;5,00;5.1;36,10;0,59;;801
10/08/26;IAG;CALL;Dic-26;5,25;5.1;35,61;0,50;;771
10/08/26;IAG;CALL;Dic-26;5,50;5.1;35,14;0,41;;1.591
10/08/26;IAG;CALL;Dic-26;5,75;5.1;34,67;0,32;;100
10/08/26;IAG;CALL;Dic-26;6,00;5.1;34,19;0,25;;10
10/08/26;IAG;CALL;Dic-26;6,25;5.1;33,72;0,19;;35
10/08/26;IAG;CALL;Mar-27;4,00;5.1;38,25;0,84;;12
10/08/26;IAG;CALL;Mar-27;4,10;5.1;38,08;0,82;;1
10/08/26;IAG;CALL;Mar-27;4,20;5.1;37,92;0,80;;6
10/08/26;IAG;CALL;Mar-27;4,30;5.1;37,75;0,78;;5
10/08/26;IAG;CALL;Mar-27;4,60;5.1;37,24;0,70;;1
10/08/26;IAG;CALL;Mar-27;4,70;5.1;37,07;0,67;;3
10/08/26;IAG;CALL;Mar-27;4,80;5.1;36,90;0,65;;2
10/08/26;IAG;CALL;Mar-27;5,00;5.1;36,56;0,59;;33
10/08/26;IAG;CALL;Mar-27;5,25;5.1;36,09;0,52;;1
10/08/26;IAG;CALL;Mar-27;5,50;5.1;35,60;0,46;;1
10/08/26;IAG;CALL;Mar-27;6,00;5.1;34,62;0,33;;1
10/08/26;IAG;CALL;Mar-27;6,25;5.1;34,13;0,27;;250
10/08/26;IAG;CALL;Jun-27;2,00;5.1;38,86;1,00;;2
10/08/26;IAG;CALL;Jun-27;2,20;5.1;38,57;1,00;;25
10/08/26;IAG;CALL;Jun-27;2,30;5.1;38,43;1,00;;25
10/08/26;IAG;CALL;Jun-27;2,40;5.1;38,29;0,99;;25
10/08/26;IAG;CALL;Jun-27;3,00;5.1;37,42;0,96;;5
10/08/26;IAG;CALL;Jun-27;3,40;5.1;36,85;0,92;;1
10/08/26;IAG;CALL;Jun-27;4,00;5.1;35,99;0,82;;3
10/08/26;IAG;CALL;Jun-27;4,10;5.1;35,84;0,81;;2
10/08/26;IAG;CALL;Jun-27;4,40;5.1;35,41;0,74;;3
10/08/26;IAG;CALL;Jun-27;4,50;5.1;35,27;0,72;;1
10/08/26;IAG;CALL;Jun-27;4,90;5.1;34,69;0,63;;3
10/08/26;IAG;CALL;Jun-27;5,00;5.1;34,55;0,60;;2
10/08/26;IAG;CALL;Jun-27;5,25;5.1;34,17;0,54;;20
10/08/26;IAG;CALL;Jun-27;5,50;5.1;33,78;0,48;;1
10/08/26;IAG;CALL;Jun-27;6,25;5.1;32,60;0,32;;2
10/08/26;IAG;CALL;Jun-27;6,50;5.1;32,21;0,27;;1
10/08/26;IAG;CALL;Sep-27;4,50;5.1;33,94;0,72;;1
10/08/26;IAG;CALL;Sep-27;4,80;5.1;33,57;0,65;;1
10/08/26;IAG;CALL;Sep-27;5,25;5.1;33,00;0,55;;4
10/08/26;IAG;CALL;Dic-27;2,00;5.1;37,92;1,00;;25
10/08/26;IAG;CALL;Dic-27;2,10;5.1;37,80;1,00;;25
10/08/26;IAG;CALL;Dic-27;2,20;5.1;37,67;1,00;;25
10/08/26;IAG;CALL;Dic-27;2,30;5.1;37,55;0,99;;25
10/08/26;IAG;CALL;Dic-27;2,40;5.1;37,43;0,99;;25
10/08/26;IAG;CALL;Dic-27;3,70;5.1;35,81;0,85;;1
10/08/26;IAG;CALL;Dic-27;4,50;5.1;34,82;0,71;;1
10/08/26;IAG;CALL;Dic-27;5,00;5.1;34,20;0,61;;4
10/08/26;IAG;CALL;Mar-28;6,00;5.1;33,81;0,44;;2
10/08/26;IAG;CALL;Jun-28;5,00;5.1;36,60;0,63;;1
10/08/26;IAG;PUT;Ago-26;4,70;5.1;38,66;-0,10;;13
10/08/26;IAG;PUT;Ago-26;4,80;5.1;38,30;-0,17;;200
10/08/26;IAG;PUT;Ago-26;5,00;5.1;37,58;-0,36;;40
10/08/26;IAG;PUT;Ago-26;5,25;5.1;36,95;-0,65;;40
10/08/26;IAG;PUT;Ago-26;6,00;5.1;35,63;-1,00;;10
10/08/26;IAG;PUT;Ago-26;7,25;5.1;33,43;-1,00;;10
10/08/26;IAG;PUT;Sep-26;2,20;5.1;43,45;;;3
10/08/26;IAG;PUT;Sep-26;2,50;5.1;42,72;;;65
10/08/26;IAG;PUT;Sep-26;3,20;5.1;41,03;;;50
10/08/26;IAG;PUT;Sep-26;3,30;5.1;40,79;;;15
10/08/26;IAG;PUT;Sep-26;3,50;5.1;40,31;;;17
10/08/26;IAG;PUT;Sep-26;3,90;5.1;39,34;-0,01;;5
10/08/26;IAG;PUT;Sep-26;4,00;5.1;39,10;-0,02;;205
10/08/26;IAG;PUT;Sep-26;4,10;5.1;38,86;-0,03;;224
10/08/26;IAG;PUT;Sep-26;4,20;5.1;38,61;-0,05;;2
10/08/26;IAG;PUT;Sep-26;4,40;5.1;38,13;-0,10;;21
10/08/26;IAG;PUT;Sep-26;4,50;5.1;37,89;-0,14;;68
10/08/26;IAG;PUT;Sep-26;4,70;5.1;37,41;-0,23;;22
10/08/26;IAG;PUT;Sep-26;4,80;5.1;37,16;-0,28;30;107
10/08/26;IAG;PUT;Sep-26;4,90;5.1;36,92;-0,34;;110
10/08/26;IAG;PUT;Sep-26;5,00;5.1;36,68;-0,40;;108
10/08/26;IAG;PUT;Sep-26;5,25;5.1;36,17;-0,57;;10
10/08/26;IAG;PUT;Sep-26;5,50;5.1;35,73;-0,72;;13
10/08/26;IAG;PUT;Dic-26;2,60;5.1;41,50;;;4
10/08/26;IAG;PUT;Dic-26;2,80;5.1;41,09;-0,01;;20
10/08/26;IAG;PUT;Dic-26;2,90;5.1;40,89;-0,01;;20
10/08/26;IAG;PUT;Dic-26;3,30;5.1;40,08;-0,03;;20
10/08/26;IAG;PUT;Dic-26;3,50;5.1;39,68;-0,04;;19
10/08/26;IAG;PUT;Dic-26;3,70;5.1;39,27;-0,07;;4
10/08/26;IAG;PUT;Dic-26;3,80;5.1;39,07;-0,09;;151
10/08/26;IAG;PUT;Dic-26;3,90;5.1;38,87;-0,10;;137
10/08/26;IAG;PUT;Dic-26;4,00;5.1;38,67;-0,12;;817
10/08/26;IAG;PUT;Dic-26;4,10;5.1;38,46;-0,15;;12
10/08/26;IAG;PUT;Dic-26;4,20;5.1;38,26;-0,17;;55
10/08/26;IAG;PUT;Dic-26;4,30;5.1;38,06;-0,20;;7
10/08/26;IAG;PUT;Dic-26;4,40;5.1;37,86;-0,22;;54
10/08/26;IAG;PUT;Dic-26;4,50;5.1;37,65;-0,25;;76
10/08/26;IAG;PUT;Dic-26;4,60;5.1;37,45;-0,29;;7
10/08/26;IAG;PUT;Dic-26;4,70;5.1;37,25;-0,32;;2
10/08/26;IAG;PUT;Dic-26;4,80;5.1;37,05;-0,35;;4
10/08/26;IAG;PUT;Dic-26;4,90;5.1;36,84;-0,39;;1
10/08/26;IAG;PUT;Dic-26;5,00;5.1;36,64;-0,42;;159
10/08/26;IAG;PUT;Dic-26;5,25;5.1;36,15;-0,51;;11
10/08/26;IAG;PUT;Dic-26;5,50;5.1;35,68;-0,60;;1
10/08/26;IAG;PUT;Dic-26;6,00;5.1;34,73;-0,76;;100
10/08/26;IAG;PUT;Mar-27;3,20;5.1;38,99;-0,04;;40
10/08/26;IAG;PUT;Mar-27;3,50;5.1;38,48;-0,08;;17
10/08/26;IAG;PUT;Mar-27;3,70;5.1;38,14;-0,11;;20
10/08/26;IAG;PUT;Mar-27;4,00;5.1;37,63;-0,16;;4
10/08/26;IAG;PUT;Mar-27;4,10;5.1;37,46;-0,18;;1
10/08/26;IAG;PUT;Mar-27;4,40;5.1;36,96;-0,25;;20
10/08/26;IAG;PUT;Mar-27;4,60;5.1;36,62;-0,30;;25
10/08/26;IAG;PUT;Mar-27;4,70;5.1;36,45;-0,33;;255
10/08/26;IAG;PUT;Mar-27;4,80;5.1;36,28;-0,36;;2
10/08/26;IAG;PUT;Mar-27;5,00;5.1;35,94;-0,41;;13
10/08/26;IAG;PUT;Mar-27;5,25;5.1;35,47;-0,49;;2
10/08/26;IAG;PUT;Mar-27;5,50;5.1;34,98;-0,56;;6
10/08/26;IAG;PUT;Jun-27;3,50;5.1;36,77;-0,10;;30
10/08/26;IAG;PUT;Jun-27;4,00;5.1;36,06;-0,18;;3
10/08/26;IAG;PUT;Jun-27;4,10;5.1;35,91;-0,20;;2
10/08/26;IAG;PUT;Jun-27;4,40;5.1;35,48;-0,26;;3
10/08/26;IAG;PUT;Jun-27;4,50;5.1;35,34;-0,28;;1
10/08/26;IAG;PUT;Jun-27;5,00;5.1;34,62;-0,41;;7
10/08/26;IAG;PUT;Jun-27;5,25;5.1;34,24;-0,47;;1
10/08/26;IAG;PUT;Jun-27;5,50;5.1;33,85;-0,53;;2
10/08/26;IAG;PUT;Jun-27;6,00;5.1;33,07;-0,65;;2
10/08/26;IAG;PUT;Sep-27;3,20;5.1;35,95;-0,07;;5
10/08/26;IAG;PUT;Sep-27;4,50;5.1;34,34;-0,29;;2
10/08/26;IAG;PUT;Sep-27;4,80;5.1;33,97;-0,36;;1
10/08/26;IAG;PUT;Sep-27;5,25;5.1;33,40;-0,46;;1
10/08/26;IAG;PUT;Dic-27;3,20;5.1;36,85;-0,10;;15.000
10/08/26;IAG;PUT;Dic-27;3,50;5.1;36,48;-0,13;;20
10/08/26;IAG;PUT;Dic-27;4,00;5.1;35,86;-0,21;;1
10/08/26;IAG;PUT;Dic-27;4,60;5.1;35,12;-0,32;;25
10/08/26;IAG;PUT;Dic-27;5,00;5.1;34,62;-0,40;;4
10/08/26;IAG;CALL;Dic-29;3,40;5.1;41,63;0,75;;2
10/08/26;IAG;PUT;Sep-26;4,40;5.1;38,13;-0,10;;8
10/08/26;IBERDROLA;CALL;Ago-26;19,00;20.56;17,50;1,00;;1
10/08/26;IBERDROLA;CALL;Ago-26;20,00;20.56;16,14;0,85;;4
10/08/26;IBERDROLA;CALL;Ago-26;21,00;20.56;15,37;0,23;;10.027
10/08/26;IBERDROLA;CALL;Ago-26;21,50;20.56;15,35;0,05;;5
10/08/26;IBERDROLA;CALL;Ago-26;22,00;20.56;15,33;0,01;;17
10/08/26;IBERDROLA;CALL;Ago-26;22,50;20.56;15,32;;;1
10/08/26;IBERDROLA;CALL;Sep-26;18,00;20.56;18,48;0,99;;60
10/08/26;IBERDROLA;CALL;Sep-26;19,00;20.56;17,15;0,93;;1
10/08/26;IBERDROLA;CALL;Sep-26;19,50;20.56;16,49;0,85;;5.000
10/08/26;IBERDROLA;CALL;Sep-26;20,00;20.56;15,82;0,73;;2
10/08/26;IBERDROLA;CALL;Sep-26;20,50;20.56;15,16;0,55;;2
10/08/26;IBERDROLA;CALL;Sep-26;21,00;20.56;15,05;0,36;;29.616
10/08/26;IBERDROLA;CALL;Sep-26;21,50;20.56;15,02;0,20;;35
10/08/26;IBERDROLA;CALL;Sep-26;22,00;20.56;14,99;0,10;;416
10/08/26;IBERDROLA;CALL;Sep-26;22,50;20.56;14,95;0,04;;2.500
10/08/26;IBERDROLA;CALL;Oct-26;19,50;20.56;17,12;0,79;;1
10/08/26;IBERDROLA;CALL;Oct-26;21,00;20.56;15,72;0,41;;10.000
10/08/26;IBERDROLA;CALL;Oct-26;22,00;20.56;15,64;0,18;1;1
10/08/26;IBERDROLA;CALL;Dic-26;14,50;20.56;24,44;0,99;;2
10/08/26;IBERDROLA;CALL;Dic-26;15,00;20.56;23,80;0,99;;4
10/08/26;IBERDROLA;CALL;Dic-26;16,00;20.56;22,52;0,98;;4
10/08/26;IBERDROLA;CALL;Dic-26;17,00;20.56;21,24;0,95;;6.500
10/08/26;IBERDROLA;CALL;Dic-26;17,50;20.56;20,60;0,92;;2
10/08/26;IBERDROLA;CALL;Dic-26;18,00;20.56;19,96;0,89;;6.001
10/08/26;IBERDROLA;CALL;Dic-26;18,50;20.56;19,32;0,85;;32
10/08/26;IBERDROLA;CALL;Dic-26;19,00;20.56;18,68;0,80;;342
10/08/26;IBERDROLA;CALL;Dic-26;19,50;20.56;18,04;0,73;;26.516
10/08/26;IBERDROLA;CALL;Dic-26;20,00;20.56;17,40;0,66;;7.518
10/08/26;IBERDROLA;CALL;Dic-26;20,50;20.56;16,76;0,57;;3
10/08/26;IBERDROLA;CALL;Dic-26;21,00;20.56;16,59;0,47;;302
10/08/26;IBERDROLA;CALL;Dic-26;21,50;20.56;16,48;0,38;;10
10/08/26;IBERDROLA;CALL;Dic-26;22,00;20.56;16,38;0,29;;110
10/08/26;IBERDROLA;CALL;Dic-26;22,50;20.56;16,27;0,22;;522
10/08/26;IBERDROLA;CALL;Dic-26;23,00;20.56;16,17;0,15;;105
10/08/26;IBERDROLA;CALL;Dic-26;23,50;20.56;16,06;0,10;;8
10/08/26;IBERDROLA;CALL;Dic-26;24,00;20.56;15,95;0,07;;1
10/08/26;IBERDROLA;CALL;Dic-26;25,00;20.56;15,74;0,03;;1
10/08/26;IBERDROLA;CALL;Mar-27;12,00;20.56;27,03;1,00;;5
10/08/26;IBERDROLA;CALL;Mar-27;16,00;20.56;22,62;0,95;;10
10/08/26;IBERDROLA;CALL;Mar-27;16,50;20.56;22,07;0,94;;5
10/08/26;IBERDROLA;CALL;Mar-27;18,00;20.56;20,41;0,85;;4
10/08/26;IBERDROLA;CALL;Mar-27;19,50;20.56;18,76;0,70;;12
10/08/26;IBERDROLA;CALL;Mar-27;20,00;20.56;18,21;0,63;;100
10/08/26;IBERDROLA;CALL;Mar-27;21,00;20.56;17,48;0,48;;496
10/08/26;IBERDROLA;CALL;Mar-27;22,00;20.56;17,22;0,34;;20
10/08/26;IBERDROLA;CALL;Mar-27;23,00;20.56;16,96;0,23;;255
10/08/26;IBERDROLA;CALL;Mar-27;24,00;20.56;16,70;0,14;;10
10/08/26;IBERDROLA;CALL;Mar-27;26,00;20.56;16,18;0,04;;17
10/08/26;IBERDROLA;CALL;Jun-27;17,00;20.56;21,50;0,87;;100
10/08/26;IBERDROLA;CALL;Jun-27;17,50;20.56;21,02;0,84;;100
10/08/26;IBERDROLA;CALL;Jun-27;18,00;20.56;20,53;0,80;;1
10/08/26;IBERDROLA;CALL;Jun-27;18,50;20.56;20,04;0,76;;7
10/08/26;IBERDROLA;CALL;Jun-27;19,00;20.56;19,56;0,72;;5.500
10/08/26;IBERDROLA;CALL;Jun-27;19,50;20.56;19,07;0,67;;7
10/08/26;IBERDROLA;CALL;Jun-27;20,00;20.56;18,58;0,62;;100
10/08/26;IBERDROLA;CALL;Jun-27;21,00;20.56;17,93;0,50;;1.005
10/08/26;IBERDROLA;CALL;Jun-27;22,00;20.56;17,69;0,39;;1
10/08/26;IBERDROLA;CALL;Jun-27;23,00;20.56;17,45;0,29;;100
10/08/26;IBERDROLA;CALL;Sep-27;16,50;20.56;22,18;0,89;;10.100
10/08/26;IBERDROLA;CALL;Sep-27;17,00;20.56;21,73;0,86;;100
10/08/26;IBERDROLA;CALL;Sep-27;17,50;20.56;21,29;0,83;;100
10/08/26;IBERDROLA;CALL;Sep-27;19,50;20.56;19,51;0,66;;62
10/08/26;IBERDROLA;CALL;Sep-27;22,00;20.56;18,26;0,41;;5
10/08/26;IBERDROLA;CALL;Dic-27;10,00;20.56;28,07;1,00;;30
10/08/26;IBERDROLA;CALL;Dic-27;13,00;20.56;25,50;0,98;;50
10/08/26;IBERDROLA;CALL;Dic-27;14,00;20.56;24,64;0,96;;5
10/08/26;IBERDROLA;CALL;Dic-27;15,00;20.56;23,78;0,93;;5
10/08/26;IBERDROLA;CALL;Dic-27;16,00;20.56;22,92;0,89;;26
10/08/26;IBERDROLA;CALL;Dic-27;16,50;20.56;22,49;0,86;;25
10/08/26;IBERDROLA;CALL;Dic-27;17,00;20.56;22,06;0,84;;7.530
10/08/26;IBERDROLA;CALL;Dic-27;17,50;20.56;21,63;0,80;;25
10/08/26;IBERDROLA;CALL;Dic-27;18,00;20.56;21,20;0,77;;10.000
10/08/26;IBERDROLA;CALL;Dic-27;18,50;20.56;20,77;0,73;;251
10/08/26;IBERDROLA;CALL;Dic-27;19,00;20.56;20,34;0,69;;157
10/08/26;IBERDROLA;CALL;Dic-27;19,50;20.56;19,91;0,65;;395
10/08/26;IBERDROLA;CALL;Dic-27;20,00;20.56;19,48;0,61;;13.260
10/08/26;IBERDROLA;CALL;Dic-27;21,00;20.56;18,91;0,51;;7.260
10/08/26;IBERDROLA;CALL;Dic-27;22,00;20.56;18,72;0,42;;5.004
10/08/26;IBERDROLA;CALL;Dic-27;23,00;20.56;18,53;0,34;;6
10/08/26;IBERDROLA;CALL;Dic-27;24,00;20.56;18,33;0,27;;2.757
10/08/26;IBERDROLA;CALL;Dic-27;25,00;20.56;18,14;0,20;;2.002
10/08/26;IBERDROLA;CALL;Mar-28;19,00;20.56;20,30;0,69;;1
10/08/26;IBERDROLA;CALL;Mar-28;20,00;20.56;19,49;0,60;;102
10/08/26;IBERDROLA;CALL;Mar-28;21,00;20.56;18,96;0,52;;6
10/08/26;IBERDROLA;CALL;Mar-28;26,00;20.56;18,07;0,17;;1
10/08/26;IBERDROLA;CALL;Jun-28;10,00;20.56;27,47;1,00;;10
10/08/26;IBERDROLA;CALL;Jun-28;22,50;20.56;19,00;0,41;;7
10/08/26;IBERDROLA;CALL;Jun-28;28,00;20.56;18,29;0,13;;15
10/08/26;IBERDROLA;CALL;Dic-28;16,00;20.56;22,41;0,85;;5.000
10/08/26;IBERDROLA;CALL;Dic-28;18,00;20.56;20,99;0,73;;500
10/08/26;IBERDROLA;CALL;Dic-28;18,50;20.56;20,63;0,70;;25
10/08/26;IBERDROLA;CALL;Dic-28;19,00;20.56;20,27;0,67;;1
10/08/26;IBERDROLA;CALL;Dic-28;24,00;20.56;18,77;0,33;;15
10/08/26;IBERDROLA;CALL;Dic-29;15,00;20.56;22,99;0,89;;1
10/08/26;IBERDROLA;CALL;Dic-29;16,00;20.56;22,34;0,83;;2
10/08/26;IBERDROLA;CALL;Dic-29;18,00;20.56;21,04;0,72;;6.000
10/08/26;IBERDROLA;CALL;Dic-29;19,00;20.56;20,39;0,66;;25
10/08/26;IBERDROLA;CALL;Dic-29;21,50;20.56;19,32;0,51;;1
10/08/26;IBERDROLA;CALL;Jun-30;21,00;20.56;20,21;0,54;1;1
10/08/26;IBERDROLA;CALL;Dic-30;18,00;20.56;22,36;0,70;;245
10/08/26;IBERDROLA;PUT;Ago-26;19,00;20.56;16,89;;;55.000
10/08/26;IBERDROLA;PUT;Ago-26;19,50;20.56;16,21;-0,03;;3
10/08/26;IBERDROLA;PUT;Ago-26;20,00;20.56;15,53;-0,15;;102
10/08/26;IBERDROLA;PUT;Ago-26;20,50;20.56;14,85;-0,44;;22
10/08/26;IBERDROLA;PUT;Ago-26;21,00;20.56;14,76;-0,79;;34
10/08/26;IBERDROLA;PUT;Ago-26;21,50;20.56;14,74;-0,97;;26
10/08/26;IBERDROLA;PUT;Ago-26;30,00;20.56;14,46;-1,00;;5
10/08/26;IBERDROLA;PUT;Sep-26;9,75;20.56;28,77;;;25
10/08/26;IBERDROLA;PUT;Sep-26;13,00;20.56;24,45;;;153
10/08/26;IBERDROLA;PUT;Sep-26;13,50;20.56;23,79;;;44
10/08/26;IBERDROLA;PUT;Sep-26;14,00;20.56;23,12;;;135
10/08/26;IBERDROLA;PUT;Sep-26;14,50;20.56;22,46;;;135
10/08/26;IBERDROLA;PUT;Sep-26;15,00;20.56;21,79;;;51
10/08/26;IBERDROLA;PUT;Sep-26;15,50;20.56;21,13;;;12
10/08/26;IBERDROLA;PUT;Sep-26;16,00;20.56;20,46;;;1
10/08/26;IBERDROLA;PUT;Sep-26;16,50;20.56;19,80;;;63
10/08/26;IBERDROLA;PUT;Sep-26;17,00;20.56;19,13;;;5.020
10/08/26;IBERDROLA;PUT;Sep-26;17,50;20.56;18,47;;;12
10/08/26;IBERDROLA;PUT;Sep-26;18,00;20.56;17,80;-0,01;;540
10/08/26;IBERDROLA;PUT;Sep-26;18,50;20.56;17,14;-0,03;;30.000
10/08/26;IBERDROLA;PUT;Sep-26;19,00;20.56;16,47;-0,06;;20.000
10/08/26;IBERDROLA;PUT;Sep-26;19,50;20.56;15,81;-0,14;;12.496
10/08/26;IBERDROLA;PUT;Sep-26;20,00;20.56;15,14;-0,27;;5.116
10/08/26;IBERDROLA;PUT;Sep-26;20,50;20.56;14,48;-0,45;1;255
10/08/26;IBERDROLA;PUT;Sep-26;21,00;20.56;14,37;-0,66;;2.513
10/08/26;IBERDROLA;PUT;Sep-26;21,50;20.56;14,34;-0,83;;2.504
10/08/26;IBERDROLA;PUT;Sep-26;22,00;20.56;14,31;-0,94;;10
10/08/26;IBERDROLA;PUT;Sep-26;22,50;20.56;14,27;-1,00;;30
10/08/26;IBERDROLA;PUT;Oct-26;19,00;20.56;16,79;-0,12;;10
10/08/26;IBERDROLA;PUT;Dic-26;9,00;20.56;30,50;;;2.000
10/08/26;IBERDROLA;PUT;Dic-26;9,50;20.56;29,86;;;2
10/08/26;IBERDROLA;PUT;Dic-26;9,75;20.56;29,54;;;25
10/08/26;IBERDROLA;PUT;Dic-26;10,50;20.56;28,57;;;502
10/08/26;IBERDROLA;PUT;Dic-26;11,00;20.56;27,93;;;1.348
10/08/26;IBERDROLA;PUT;Dic-26;11,50;20.56;27,29;;;26
10/08/26;IBERDROLA;PUT;Dic-26;12,00;20.56;26,65;;;10.150
10/08/26;IBERDROLA;PUT;Dic-26;13,00;20.56;25,37;;;21
10/08/26;IBERDROLA;PUT;Dic-26;13,50;20.56;24,73;;;10.000
10/08/26;IBERDROLA;PUT;Dic-26;14,00;20.56;24,09;;;15.010
10/08/26;IBERDROLA;PUT;Dic-26;14,50;20.56;23,45;;;10
10/08/26;IBERDROLA;PUT;Dic-26;15,00;20.56;22,81;-0,01;;2
10/08/26;IBERDROLA;PUT;Dic-26;15,50;20.56;22,17;-0,01;;30
10/08/26;IBERDROLA;PUT;Dic-26;16,00;20.56;21,53;-0,02;;34.287
10/08/26;IBERDROLA;PUT;Dic-26;16,50;20.56;20,89;-0,03;;255
10/08/26;IBERDROLA;PUT;Dic-26;17,00;20.56;20,25;-0,05;;67.047
10/08/26;IBERDROLA;PUT;Dic-26;17,50;20.56;19,61;-0,07;;10.005
10/08/26;IBERDROLA;PUT;Dic-26;18,00;20.56;18,97;-0,10;;83.784
10/08/26;IBERDROLA;PUT;Dic-26;18,50;20.56;18,33;-0,14;;7.407
10/08/26;IBERDROLA;PUT;Dic-26;19,00;20.56;17,69;-0,19;;2
10/08/26;IBERDROLA;PUT;Dic-26;19,50;20.56;17,05;-0,26;;16.528
10/08/26;IBERDROLA;PUT;Dic-26;20,00;20.56;16,41;-0,35;;81.018
10/08/26;IBERDROLA;PUT;Dic-26;20,50;20.56;15,77;-0,45;;1
10/08/26;IBERDROLA;PUT;Dic-26;21,00;20.56;15,60;-0,55;1;887
10/08/26;IBERDROLA;PUT;Dic-26;21,50;20.56;15,49;-0,66;;12
10/08/26;IBERDROLA;PUT;Dic-26;22,00;20.56;15,39;-0,76;;2
10/08/26;IBERDROLA;PUT;Dic-26;30,00;20.56;13,70;-1,00;;1
10/08/26;IBERDROLA;PUT;Mar-27;10,50;20.56;27,49;;;1
10/08/26;IBERDROLA;PUT;Mar-27;14,00;20.56;23,63;-0,01;;1
10/08/26;IBERDROLA;PUT;Mar-27;15,00;20.56;22,53;-0,03;;1
10/08/26;IBERDROLA;PUT;Mar-27;16,00;20.56;21,43;-0,06;;14
10/08/26;IBERDROLA;PUT;Mar-27;16,50;20.56;20,88;-0,08;;4
10/08/26;IBERDROLA;PUT;Mar-27;18,00;20.56;19,22;-0,17;;4
10/08/26;IBERDROLA;PUT;Mar-27;18,50;20.56;18,67;-0,21;;2
10/08/26;IBERDROLA;PUT;Mar-27;19,00;20.56;18,12;-0,27;;1
10/08/26;IBERDROLA;PUT;Mar-27;19,50;20.56;17,57;-0,33;;302
10/08/26;IBERDROLA;PUT;Mar-27;20,00;20.56;17,02;-0,40;;60
10/08/26;IBERDROLA;PUT;Mar-27;24,00;20.56;15,51;-0,90;;1
10/08/26;IBERDROLA;PUT;Jun-27;15,00;20.56;22,44;-0,05;;10
10/08/26;IBERDROLA;PUT;Jun-27;16,00;20.56;21,47;-0,08;;1.020
10/08/26;IBERDROLA;PUT;Jun-27;17,00;20.56;20,49;-0,13;;5.502
10/08/26;IBERDROLA;PUT;Jun-27;17,50;20.56;20,01;-0,16;;5
10/08/26;IBERDROLA;PUT;Jun-27;18,00;20.56;19,52;-0,20;;9
10/08/26;IBERDROLA;PUT;Jun-27;19,00;20.56;18,55;-0,29;;9
10/08/26;IBERDROLA;PUT;Jun-27;19,50;20.56;18,06;-0,34;;50
10/08/26;IBERDROLA;PUT;Jun-27;20,00;20.56;17,57;-0,40;;7.513
10/08/26;IBERDROLA;PUT;Jun-27;23,00;20.56;16,44;-0,76;;1
10/08/26;IBERDROLA;PUT;Sep-27;16,00;20.56;21,45;-0,12;;35.000
10/08/26;IBERDROLA;PUT;Sep-27;16,50;20.56;21,00;-0,14;;200
10/08/26;IBERDROLA;PUT;Sep-27;17,00;20.56;20,55;-0,17;;100
10/08/26;IBERDROLA;PUT;Sep-27;17,50;20.56;20,11;-0,21;;200
10/08/26;IBERDROLA;PUT;Sep-27;18,00;20.56;19,66;-0,24;;5.300
10/08/26;IBERDROLA;PUT;Sep-27;19,00;20.56;18,77;-0,33;;50
10/08/26;IBERDROLA;PUT;Sep-27;19,50;20.56;18,33;-0,38;;50
10/08/26;IBERDROLA;PUT;Sep-27;20,00;20.56;17,88;-0,43;;25
10/08/26;IBERDROLA;PUT;Sep-27;20,50;20.56;17,43;-0,48;;50
10/08/26;IBERDROLA;PUT;Dic-27;9,50;20.56;26,68;;;2.000
10/08/26;IBERDROLA;PUT;Dic-27;10,00;20.56;26,25;-0,01;;5
10/08/26;IBERDROLA;PUT;Dic-27;11,50;20.56;24,97;-0,02;;1.800
10/08/26;IBERDROLA;PUT;Dic-27;12,00;20.56;24,54;-0,02;;30.000
10/08/26;IBERDROLA;PUT;Dic-27;13,00;20.56;23,68;-0,04;;35.000
10/08/26;IBERDROLA;PUT;Dic-27;14,00;20.56;22,82;-0,06;;10.000
10/08/26;IBERDROLA;PUT;Dic-27;14,50;20.56;22,39;-0,07;;20.000
10/08/26;IBERDROLA;PUT;Dic-27;16,00;20.56;21,10;-0,13;;25.000
10/08/26;IBERDROLA;PUT;Dic-27;16,50;20.56;20,67;-0,16;;2
10/08/26;IBERDROLA;PUT;Dic-27;17,00;20.56;20,24;-0,18;;2.750
10/08/26;IBERDROLA;PUT;Dic-27;17,50;20.56;19,81;-0,22;;460
10/08/26;IBERDROLA;PUT;Dic-27;18,00;20.56;19,38;-0,25;;409
10/08/26;IBERDROLA;PUT;Dic-27;18,50;20.56;18,95;-0,29;;175
10/08/26;IBERDROLA;PUT;Dic-27;19,00;20.56;18,52;-0,33;;1.811
10/08/26;IBERDROLA;PUT;Dic-27;19,50;20.56;18,09;-0,38;;25
10/08/26;IBERDROLA;PUT;Dic-27;20,00;20.56;17,66;-0,43;;6.750
10/08/26;IBERDROLA;PUT;Dic-27;21,00;20.56;17,09;-0,53;;1.250
10/08/26;IBERDROLA;PUT;Dic-27;22,00;20.56;16,90;-0,63;;50
10/08/26;IBERDROLA;PUT;Mar-28;18,00;20.56;18,91;-0,27;;200
10/08/26;IBERDROLA;PUT;Jun-28;13,00;20.56;22,42;-0,05;;150
10/08/26;IBERDROLA;PUT;Jun-28;14,00;20.56;21,65;-0,07;;150
10/08/26;IBERDROLA;PUT;Dic-28;15,00;20.56;19,93;-0,13;;5.000
10/08/26;IBERDROLA;PUT;Dic-28;21,50;20.56;15,85;-0,57;;4.000
10/08/26;IBERDROLA;PUT;Dic-28;24,00;20.56;15,57;-0,74;;1
10/08/26;IBERDROLA;PUT;Dic-29;19,00;20.56;16,60;-0,38;;2
10/08/26;IBERDROLA;PUT;Dic-30;14,50;20.56;19,30;-0,17;;5
10/08/26;IBERDROLA;CALL;Ago-26;22,00;20.56;15,33;0,01;;1.035
10/08/26;IBERDROLA;CALL;Ago-26;23,00;20.56;15,30;;;2.050
10/08/26;IBERDROLA;CALL;Sep-26;13,50;20.56;24,47;1,00;;150
10/08/26;IBERDROLA;CALL;Sep-26;14,00;20.56;23,80;1,00;;300
10/08/26;IBERDROLA;CALL;Sep-26;20,00;20.56;15,82;0,72;;160
10/08/26;IBERDROLA;CALL;Sep-26;20,00;20.56;15,82;0,72;;10
10/08/26;IBERDROLA;CALL;Sep-26;21,00;20.56;15,05;0,36;1;2
10/08/26;IBERDROLA;CALL;Sep-26;22,00;20.56;14,99;0,10;;2.043
10/08/26;IBERDROLA;CALL;Oct-26;22,00;20.56;15,64;0,18;;12.287
10/08/26;IBERDROLA;CALL;Dic-26;14,50;20.56;24,44;0,99;;510
10/08/26;IBERDROLA;CALL;Dic-26;18,00;20.56;19,96;0,88;;10
10/08/26;IBERDROLA;CALL;Dic-26;18,50;20.56;19,32;0,84;;200
10/08/26;IBERDROLA;CALL;Dic-26;19,00;20.56;18,68;0,79;;50
10/08/26;IBERDROLA;CALL;Dic-26;20,00;20.56;17,40;0,65;;10
10/08/26;IBERDROLA;CALL;Dic-26;20,50;20.56;16,76;0,56;;1
10/08/26;IBERDROLA;CALL;Dic-26;22,00;20.56;16,38;0,29;;2
10/08/26;IBERDROLA;CALL;Jun-27;24,00;20.56;17,20;0,20;;5
10/08/26;IBERDROLA;CALL;Dic-27;12,00;20.56;26,36;0,94;;2.000
10/08/26;IBERDROLA;CALL;Jun-30;21,00;20.56;20,21;0,48;1;1
10/08/26;IBERDROLA;PUT;Ago-26;21,00;20.56;14,76;-0,78;;10
10/08/26;IBERDROLA;PUT;Sep-26;13,00;20.56;24,45;;;500
10/08/26;IBERDROLA;PUT;Sep-26;15,00;20.56;21,79;;;800
10/08/26;IBERDROLA;PUT;Sep-26;18,50;20.56;17,14;-0,03;;25
10/08/26;IBERDROLA;PUT;Sep-26;21,00;20.56;14,37;-0,64;;10
10/08/26;IBERDROLA;PUT;Dic-26;15,00;20.56;22,81;-0,01;;600
10/08/26;IBERDROLA;PUT;Dic-26;16,00;20.56;21,53;-0,02;;1
10/08/26;IBERDROLA;PUT;Dic-26;19,00;20.56;17,69;-0,19;;21
10/08/26;IBERDROLA;PUT;Dic-26;19,50;20.56;17,05;-0,26;;4
10/08/26;IBERDROLA;PUT;Dic-26;20,00;20.56;16,41;-0,34;;1
10/08/26;IBERDROLA;PUT;Dic-26;21,00;20.56;15,60;-0,53;;10
10/08/26;IBERDROLA;PUT;Dic-27;12,00;20.56;24,54;-0,02;;2.000
10/08/26;INDITEX;CALL;Ago-26;54,17;59.1;26,06;0,98;;1
10/08/26;INDITEX;CALL;Ago-26;56,11;59.1;24,21;0,90;;300
10/08/26;INDITEX;CALL;Ago-26;58,05;59.1;22,36;0,69;;13
10/08/26;INDITEX;CALL;Ago-26;59,99;59.1;21,07;0,36;;300
10/08/26;INDITEX;CALL;Sep-26;40,63;59.1;40,84;1,00;;25
10/08/26;INDITEX;CALL;Sep-26;41,60;59.1;40,01;1,00;;50
10/08/26;INDITEX;CALL;Sep-26;43,54;59.1;38,36;0,99;;50
10/08/26;INDITEX;CALL;Sep-26;44,49;59.1;37,55;0,99;;25
10/08/26;INDITEX;CALL;Sep-26;45,47;59.1;36,72;0,99;;75
10/08/26;INDITEX;CALL;Sep-26;46,44;59.1;35,89;0,98;;50
10/08/26;INDITEX;CALL;Sep-26;47,41;59.1;35,07;0,98;;50
10/08/26;INDITEX;CALL;Sep-26;48,38;59.1;34,24;0,97;;25
10/08/26;INDITEX;CALL;Sep-26;50,31;59.1;32,60;0,94;;25
10/08/26;INDITEX;CALL;Sep-26;52,25;59.1;30,94;0,90;;100
10/08/26;INDITEX;CALL;Sep-26;54,17;59.1;29,31;0,84;;382
10/08/26;INDITEX;CALL;Sep-26;56,11;59.1;27,66;0,74;;1.757
10/08/26;INDITEX;CALL;Sep-26;58,05;59.1;26,00;0,61;;22
10/08/26;INDITEX;CALL;Sep-26;59,99;59.1;24,89;0,46;;233
10/08/26;INDITEX;CALL;Sep-26;61,92;59.1;24,41;0,30;;25
10/08/26;INDITEX;CALL;Sep-26;65,78;59.1;23,45;0,09;;10
10/08/26;INDITEX;CALL;Oct-26;63,85;59.1;23,21;0,25;;100
10/08/26;INDITEX;CALL;Dic-26;35,80;59.1;39,67;0,99;;3
10/08/26;INDITEX;CALL;Dic-26;38,70;59.1;37,89;0,98;;1
10/08/26;INDITEX;CALL;Dic-26;39,67;59.1;37,30;0,98;;52
10/08/26;INDITEX;CALL;Dic-26;40,63;59.1;36,70;0,97;;25
10/08/26;INDITEX;CALL;Dic-26;44,49;59.1;34,33;0,94;;120
10/08/26;INDITEX;CALL;Dic-26;46,44;59.1;33,13;0,92;;26
10/08/26;INDITEX;CALL;Dic-26;47,41;59.1;32,54;0,90;;325
10/08/26;INDITEX;CALL;Dic-26;48,38;59.1;31,94;0,88;;400
10/08/26;INDITEX;CALL;Dic-26;50,31;59.1;30,75;0,84;;50
10/08/26;INDITEX;CALL;Dic-26;52,25;59.1;29,56;0,79;;31
10/08/26;INDITEX;CALL;Dic-26;54,17;59.1;28,38;0,73;;59
10/08/26;INDITEX;CALL;Dic-26;56,11;59.1;27,19;0,67;;149
10/08/26;INDITEX;CALL;Dic-26;58,05;59.1;26,00;0,59;;645
10/08/26;INDITEX;CALL;Dic-26;59,99;59.1;25,19;0,50;;201
10/08/26;INDITEX;CALL;Dic-26;61,92;59.1;24,84;0,41;;253
10/08/26;INDITEX;CALL;Dic-26;63,85;59.1;24,49;0,33;;220
10/08/26;INDITEX;CALL;Dic-26;65,78;59.1;24,14;0,26;;16
10/08/26;INDITEX;CALL;Dic-26;67,72;59.1;23,79;0,20;;15
10/08/26;INDITEX;CALL;Dic-26;69,66;59.1;23,44;0,14;;11
10/08/26;INDITEX;CALL;Dic-26;71,60;59.1;23,09;0,10;;3
10/08/26;INDITEX;CALL;Mar-27;52,25;59.1;29,46;0,76;;100
10/08/26;INDITEX;CALL;Mar-27;54,17;59.1;28,39;0,71;;3
10/08/26;INDITEX;CALL;Mar-27;63,85;59.1;24,95;0,40;;400
10/08/26;INDITEX;CALL;Mar-27;65,78;59.1;24,65;0,34;;300
10/08/26;INDITEX;CALL;Mar-27;67,72;59.1;24,36;0,29;;75
10/08/26;INDITEX;CALL;Mar-27;69,66;59.1;24,06;0,23;;25
10/08/26;INDITEX;CALL;Mar-27;71,60;59.1;23,77;0,19;;20
10/08/26;INDITEX;CALL;Mar-27;73,53;59.1;23,47;0,15;;20
10/08/26;INDITEX;CALL;Jun-27;38,70;59.1;35,84;0,94;;150
10/08/26;INDITEX;CALL;Jun-27;45,47;59.1;32,71;0,86;;25
10/08/26;INDITEX;CALL;Jun-27;50,31;59.1;30,48;0,78;;25
10/08/26;INDITEX;CALL;Jun-27;58,05;59.1;26,90;0,60;;150
10/08/26;INDITEX;CALL;Jun-27;59,99;59.1;26,27;0,54;;155
10/08/26;INDITEX;CALL;Jun-27;61,92;59.1;25,98;0,49;;100
10/08/26;INDITEX;CALL;Jun-27;69,66;59.1;24,80;0,28;;100
10/08/26;INDITEX;CALL;Jun-27;71,60;59.1;24,51;0,24;;25
10/08/26;INDITEX;CALL;Jun-27;73,53;59.1;24,21;0,20;;50
10/08/26;INDITEX;CALL;Sep-27;59,99;59.1;26,31;0,55;;25
10/08/26;INDITEX;CALL;Sep-27;63,85;59.1;25,77;0,45;;25
10/08/26;INDITEX;CALL;Sep-27;69,66;59.1;24,95;0,32;;1
10/08/26;INDITEX;CALL;Sep-27;71,60;59.1;24,68;0,28;;25
10/08/26;INDITEX;CALL;Dic-27;37,73;59.1;34,86;0,92;;25
10/08/26;INDITEX;CALL;Dic-27;38,70;59.1;34,51;0,91;;1
10/08/26;INDITEX;CALL;Dic-27;39,67;59.1;34,15;0,90;;1
10/08/26;INDITEX;CALL;Dic-27;43,54;59.1;32,73;0,85;;50
10/08/26;INDITEX;CALL;Dic-27;45,47;59.1;32,03;0,83;;25
10/08/26;INDITEX;CALL;Dic-27;47,41;59.1;31,32;0,80;;25
10/08/26;INDITEX;CALL;Dic-27;52,25;59.1;29,54;0,72;;25
10/08/26;INDITEX;CALL;Dic-27;54,17;59.1;28,84;0,68;;25
10/08/26;INDITEX;CALL;Dic-27;59,99;59.1;26,91;0,56;;25
10/08/26;INDITEX;CALL;Dic-27;61,92;59.1;26,66;0,51;;175
10/08/26;INDITEX;CALL;Dic-27;63,85;59.1;26,41;0,47;;500
10/08/26;INDITEX;CALL;Dic-27;65,78;59.1;26,16;0,43;;10
10/08/26;INDITEX;CALL;Dic-27;71,60;59.1;25,41;0,32;;1
10/08/26;INDITEX;CALL;Mar-28;33,30;59.1;36,72;0,94;;1
10/08/26;INDITEX;CALL;Mar-28;52,89;59.1;29,54;0,70;;50
10/08/26;INDITEX;CALL;Mar-28;54,86;59.1;28,81;0,67;;75
10/08/26;INDITEX;CALL;Mar-28;56,81;59.1;28,10;0,63;;75
10/08/26;INDITEX;CALL;Mar-28;58,77;59.1;27,38;0,59;;50
10/08/26;INDITEX;CALL;Mar-28;60,73;59.1;27,03;0,56;;25
10/08/26;INDITEX;CALL;Mar-28;64,65;59.1;26,48;0,48;;25
10/08/26;INDITEX;CALL;Mar-28;66,60;59.1;26,20;0,44;;25
10/08/26;INDITEX;CALL;Mar-28;68,56;59.1;25,93;0,40;;25
10/08/26;INDITEX;CALL;Mar-28;70,53;59.1;25,65;0,37;;25
10/08/26;INDITEX;CALL;Mar-28;72,49;59.1;25,37;0,34;;25
10/08/26;INDITEX;CALL;Jun-28;42,12;59.1;33,44;0,85;;25
10/08/26;INDITEX;CALL;Jun-28;43,10;59.1;33,09;0,84;;25
10/08/26;INDITEX;CALL;Jun-28;56,81;59.1;28,14;0,63;;25
10/08/26;INDITEX;CALL;Jun-28;58,77;59.1;27,43;0,60;;50
10/08/26;INDITEX;CALL;Jun-28;66,60;59.1;26,38;0,46;;50
10/08/26;INDITEX;CALL;Jun-28;68,56;59.1;26,14;0,42;;25
10/08/26;INDITEX;CALL;Jun-28;70,53;59.1;25,89;0,39;;25
10/08/26;INDITEX;CALL;Jun-28;72,49;59.1;25,65;0,36;;25
10/08/26;INDITEX;CALL;Dic-28;49,44;59.1;30,12;0,75;;2
10/08/26;INDITEX;CALL;Dic-28;67,24;59.1;26,29;0,47;;490
10/08/26;INDITEX;CALL;Dic-29;43,51;59.1;29,60;0,82;;220
10/08/26;INDITEX;PUT;Ago-26;39,67;59.1;40,05;;;100
10/08/26;INDITEX;PUT;Ago-26;41,60;59.1;38,21;;;150
10/08/26;INDITEX;PUT;Ago-26;43,54;59.1;36,36;;;150
10/08/26;INDITEX;PUT;Ago-26;44,49;59.1;35,46;;;2
10/08/26;INDITEX;PUT;Ago-26;46,44;59.1;33,60;;;1
10/08/26;INDITEX;PUT;Ago-26;48,38;59.1;31,75;;;1
10/08/26;INDITEX;PUT;Ago-26;50,31;59.1;29,91;;;11
10/08/26;INDITEX;PUT;Ago-26;52,25;59.1;28,06;;;4
10/08/26;INDITEX;PUT;Ago-26;54,17;59.1;26,23;-0,03;;6
10/08/26;INDITEX;PUT;Ago-26;56,11;59.1;24,38;-0,10;;10
10/08/26;INDITEX;PUT;Ago-26;58,05;59.1;22,53;-0,31;;4
10/08/26;INDITEX;PUT;Sep-26;35,80;59.1;44,54;;;1
10/08/26;INDITEX;PUT;Sep-26;36,76;59.1;43,73;;;27
10/08/26;INDITEX;PUT;Sep-26;38,70;59.1;42,07;;;25
10/08/26;INDITEX;PUT;Sep-26;39,67;59.1;41,25;;;26
10/08/26;INDITEX;PUT;Sep-26;40,63;59.1;40,43;;;28
10/08/26;INDITEX;PUT;Sep-26;41,60;59.1;39,60;;;240
10/08/26;INDITEX;PUT;Sep-26;42,57;59.1;38,78;;;300
10/08/26;INDITEX;PUT;Sep-26;43,54;59.1;37,95;-0,01;;35
10/08/26;INDITEX;PUT;Sep-26;44,49;59.1;37,14;-0,01;;51
10/08/26;INDITEX;PUT;Sep-26;45,47;59.1;36,31;-0,01;;51
10/08/26;INDITEX;PUT;Sep-26;46,44;59.1;35,48;-0,02;;75
10/08/26;INDITEX;PUT;Sep-26;47,41;59.1;34,66;-0,02;;30
10/08/26;INDITEX;PUT;Sep-26;48,38;59.1;33,83;-0,03;;82
10/08/26;INDITEX;PUT;Sep-26;50,31;59.1;32,19;-0,05;;101
10/08/26;INDITEX;PUT;Sep-26;52,00;59.1;30,75;-0,09;;4.005
10/08/26;INDITEX;PUT;Sep-26;52,25;59.1;30,53;-0,10;;26
10/08/26;INDITEX;PUT;Sep-26;54,17;59.1;28,90;-0,16;;375
10/08/26;INDITEX;PUT;Sep-26;56,11;59.1;27,25;-0,26;;4
10/08/26;INDITEX;PUT;Sep-26;58,05;59.1;25,59;-0,39;;6
10/08/26;INDITEX;PUT;Sep-26;59,99;59.1;24,48;-0,55;;6
10/08/26;INDITEX;PUT;Oct-26;48,38;59.1;32,13;-0,06;;1
10/08/26;INDITEX;PUT;Oct-26;50,31;59.1;30,64;-0,09;;1
10/08/26;INDITEX;PUT;Dic-26;32,90;59.1;40,22;-0,01;;26
10/08/26;INDITEX;PUT;Dic-26;33,87;59.1;39,62;-0,01;;21
10/08/26;INDITEX;PUT;Dic-26;34,83;59.1;39,03;-0,01;;25
10/08/26;INDITEX;PUT;Dic-26;35,80;59.1;38,43;-0,01;;25
10/08/26;INDITEX;PUT;Dic-26;36,76;59.1;37,84;-0,01;;26
10/08/26;INDITEX;PUT;Dic-26;37,73;59.1;37,25;-0,02;;150
10/08/26;INDITEX;PUT;Dic-26;38,70;59.1;36,65;-0,02;;150
10/08/26;INDITEX;PUT;Dic-26;39,67;59.1;36,06;-0,02;;21
10/08/26;INDITEX;PUT;Dic-26;40,63;59.1;35,46;-0,03;;2
10/08/26;INDITEX;PUT;Dic-26;41,60;59.1;34,87;-0,04;;86
10/08/26;INDITEX;PUT;Dic-26;42,57;59.1;34,27;-0,04;;150
10/08/26;INDITEX;PUT;Dic-26;43,54;59.1;33,68;-0,05;;75
10/08/26;INDITEX;PUT;Dic-26;44,49;59.1;33,09;-0,06;;62
10/08/26;INDITEX;PUT;Dic-26;45,47;59.1;32,49;-0,07;;26
10/08/26;INDITEX;PUT;Dic-26;46,44;59.1;31,89;-0,09;;34
10/08/26;INDITEX;PUT;Dic-26;47,41;59.1;31,30;-0,10;;2.400
10/08/26;INDITEX;PUT;Dic-26;48,38;59.1;30,70;-0,12;;76
10/08/26;INDITEX;PUT;Dic-26;50,31;59.1;29,51;-0,16;;170
10/08/26;INDITEX;PUT;Dic-26;52,25;59.1;28,32;-0,21;;25
10/08/26;INDITEX;PUT;Dic-26;54,17;59.1;27,14;-0,27;;25
10/08/26;INDITEX;PUT;Dic-26;56,11;59.1;25,95;-0,34;;210
10/08/26;INDITEX;PUT;Dic-26;59,99;59.1;23,95;-0,51;;176
10/08/26;INDITEX;PUT;Mar-27;33,87;59.1;37,92;-0,02;;50
10/08/26;INDITEX;PUT;Mar-27;34,83;59.1;37,38;-0,02;;50
10/08/26;INDITEX;PUT;Mar-27;35,80;59.1;36,85;-0,03;;75
10/08/26;INDITEX;PUT;Mar-27;36,76;59.1;36,32;-0,03;;75
10/08/26;INDITEX;PUT;Mar-27;37,73;59.1;35,78;-0,04;;25
10/08/26;INDITEX;PUT;Mar-27;38,70;59.1;35,25;-0,04;;25
10/08/26;INDITEX;PUT;Mar-27;39,67;59.1;34,71;-0,05;;53
10/08/26;INDITEX;PUT;Mar-27;40,63;59.1;34,18;-0,06;;78
10/08/26;INDITEX;PUT;Mar-27;41,60;59.1;33,64;-0,07;;1
10/08/26;INDITEX;PUT;Mar-27;42,57;59.1;33,11;-0,08;;1
10/08/26;INDITEX;PUT;Mar-27;44,49;59.1;32,05;-0,10;;8
10/08/26;INDITEX;PUT;Mar-27;45,47;59.1;31,50;-0,11;;4
10/08/26;INDITEX;PUT;Mar-27;50,00;59.1;29,00;-0,19;;3.000
10/08/26;INDITEX;PUT;Mar-27;50,31;59.1;28,83;-0,20;;101
10/08/26;INDITEX;PUT;Jun-27;26,12;59.1;39,60;-0,01;;1
10/08/26;INDITEX;PUT;Jun-27;30,96;59.1;37,36;-0,02;;150
10/08/26;INDITEX;PUT;Jun-27;33,87;59.1;36,02;-0,03;;200
10/08/26;INDITEX;PUT;Jun-27;34,83;59.1;35,57;-0,04;;180
10/08/26;INDITEX;PUT;Jun-27;36,76;59.1;34,68;-0,05;;25
10/08/26;INDITEX;PUT;Jun-27;38,70;59.1;33,78;-0,07;;150
10/08/26;INDITEX;PUT;Jun-27;39,67;59.1;33,34;-0,07;;101
10/08/26;INDITEX;PUT;Jun-27;41,60;59.1;32,44;-0,09;;176
10/08/26;INDITEX;PUT;Jun-27;42,57;59.1;32,00;-0,11;;150
10/08/26;INDITEX;PUT;Jun-27;43,54;59.1;31,55;-0,12;;150
10/08/26;INDITEX;PUT;Jun-27;44,49;59.1;31,11;-0,13;;50
10/08/26;INDITEX;PUT;Jun-27;46,44;59.1;30,21;-0,16;;25
10/08/26;INDITEX;PUT;Jun-27;47,41;59.1;29,76;-0,18;;153
10/08/26;INDITEX;PUT;Jun-27;48,38;59.1;29,31;-0,19;;150
10/08/26;INDITEX;PUT;Jun-27;50,31;59.1;28,42;-0,23;;3
10/08/26;INDITEX;PUT;Jun-27;52,25;59.1;27,52;-0,27;;150
10/08/26;INDITEX;PUT;Jun-27;56,11;59.1;25,73;-0,37;;25
10/08/26;INDITEX;PUT;Jun-27;65,78;59.1;23,33;-0,66;;1
10/08/26;INDITEX;PUT;Sep-27;43,54;59.1;30,88;-0,13;;25
10/08/26;INDITEX;PUT;Sep-27;44,49;59.1;30,49;-0,14;;25
10/08/26;INDITEX;PUT;Sep-27;45,47;59.1;30,10;-0,16;;25
10/08/26;INDITEX;PUT;Sep-27;46,44;59.1;29,70;-0,17;;25
10/08/26;INDITEX;PUT;Sep-27;73,53;59.1;22,53;-0,80;;1
10/08/26;INDITEX;PUT;Dic-27;21,29;59.1;38,88;-0,01;;2
10/08/26;INDITEX;PUT;Dic-27;33,87;59.1;34,27;-0,05;;100
10/08/26;INDITEX;PUT;Dic-27;36,76;59.1;33,21;-0,07;;25
10/08/26;INDITEX;PUT;Dic-27;37,73;59.1;32,85;-0,08;;25
10/08/26;INDITEX;PUT;Dic-27;43,54;59.1;30,72;-0,15;;10
10/08/26;INDITEX;PUT;Dic-27;45,47;59.1;30,02;-0,17;;1.100
10/08/26;INDITEX;PUT;Dic-27;46,44;59.1;29,66;-0,19;;150
10/08/26;INDITEX;PUT;Dic-27;47,41;59.1;29,31;-0,20;;325
10/08/26;INDITEX;PUT;Dic-27;48,38;59.1;28,95;-0,22;;175
10/08/26;INDITEX;PUT;Dic-27;50,31;59.1;28,24;-0,25;;350
10/08/26;INDITEX;PUT;Dic-27;52,25;59.1;27,53;-0,29;;375
10/08/26;INDITEX;PUT;Dic-27;54,17;59.1;26,83;-0,33;;450
10/08/26;INDITEX;PUT;Dic-27;56,11;59.1;26,12;-0,37;;500
10/08/26;INDITEX;PUT;Dic-27;58,05;59.1;25,40;-0,41;;50
10/08/26;INDITEX;PUT;Dic-27;59,99;59.1;24,90;-0,46;;25
10/08/26;INDITEX;PUT;Jun-28;43,10;59.1;30,23;-0,16;;25
10/08/26;INDITEX;PUT;Jun-28;44,08;59.1;29,87;-0,17;;25
10/08/26;INDITEX;PUT;Jun-28;45,06;59.1;29,52;-0,19;;25
10/08/26;INDITEX;PUT;Jun-28;47,99;59.1;28,46;-0,23;;25
10/08/26;INDITEX;PUT;Dic-28;51,42;59.1;26,78;-0,29;;25
10/08/26;INDITEX;PUT;Dic-29;43,51;59.1;27,80;-0,19;;220
10/08/26;INDITEX;CALL;Ago-26;56,11;59.1;24,21;0,90;;3
10/08/26;INDITEX;CALL;Ago-26;57,35;59.1;23,03;0,78;;5
10/08/26;INDITEX;CALL;Ago-26;59,33;59.1;21,29;0,47;;964
10/08/26;INDITEX;CALL;Ago-26;59,99;59.1;21,07;0,36;;3
10/08/26;INDITEX;CALL;Sep-26;49,44;59.1;33,34;0,95;;5
10/08/26;INDITEX;CALL;Sep-26;54,17;59.1;29,31;0,83;;7
10/08/26;INDITEX;CALL;Sep-26;56,11;59.1;27,66;0,74;;6
10/08/26;INDITEX;CALL;Sep-26;57,35;59.1;26,60;0,66;;5
10/08/26;INDITEX;CALL;Sep-26;59,99;59.1;24,89;0,45;;7
10/08/26;INDITEX;CALL;Sep-26;61,30;59.1;24,56;0,35;;944
10/08/26;INDITEX;CALL;Sep-26;63,28;59.1;24,07;0,21;;1.888
10/08/26;INDITEX;CALL;Oct-26;61,30;59.1;23,70;0,39;;5.945
10/08/26;INDITEX;CALL;Dic-26;56,11;59.1;27,19;0,66;;26
10/08/26;INDITEX;CALL;Dic-26;58,05;59.1;26,00;0,58;;1
10/08/26;INDITEX;PUT;Ago-26;50,31;59.1;29,91;;;5
10/08/26;INDITEX;PUT;Ago-26;51,42;59.1;28,85;;;5
10/08/26;INDITEX;PUT;Ago-26;57,35;59.1;23,20;-0,22;;5
10/08/26;INDITEX;PUT;Sep-26;41,60;59.1;39,60;;;165
10/08/26;INDITEX;PUT;Sep-26;42,57;59.1;38,78;;;150
10/08/26;INDITEX;PUT;Sep-26;43,54;59.1;37,95;-0,01;;15
10/08/26;INDITEX;PUT;Sep-26;44,49;59.1;37,14;-0,01;;10
10/08/26;INDITEX;PUT;Sep-26;50,31;59.1;32,19;-0,06;;6
10/08/26;INDITEX;PUT;Sep-26;54,17;59.1;28,90;-0,16;;7
10/08/26;INDITEX;PUT;Dic-26;42,57;59.1;34,27;-0,04;;120
10/08/26;INDITEX;PUT;Dic-26;46,44;59.1;31,89;-0,08;;1
10/08/26;INDITEX;PUT;Mar-27;42,57;59.1;33,11;-0,07;;1
10/08/26;INDITEX;PUT;Mar-27;47,41;59.1;30,43;-0,14;;1
10/08/26;INDITEX;PUT;Dic-27;59,99;59.1;24,90;-0,43;;10
10/08/26;INDRA;CALL;Ago-26;48,00;64.14;53,37;1,00;;6
10/08/26;INDRA;CALL;Ago-26;49,00;64.14;52,77;1,00;;75
10/08/26;INDRA;CALL;Ago-26;50,00;64.14;52,16;1,00;;23
10/08/26;INDRA;CALL;Ago-26;52,00;64.14;50,96;0,99;;46
10/08/26;INDRA;CALL;Ago-26;54,00;64.14;49,75;0,98;3;5
10/08/26;INDRA;CALL;Ago-26;56,00;64.14;48,55;0,95;;136
10/08/26;INDRA;CALL;Ago-26;58,00;64.14;47,34;0,90;;6
10/08/26;INDRA;CALL;Ago-26;60,00;64.14;46,14;0,81;;140
10/08/26;INDRA;CALL;Ago-26;62,00;64.14;44,93;0,68;;13
10/08/26;INDRA;CALL;Ago-26;64,00;64.14;43,72;0,53;;8
10/08/26;INDRA;CALL;Ago-26;66,00;64.14;42,71;0,37;;1
10/08/26;INDRA;CALL;Sep-26;18,00;64.14;59,20;1,00;;1
10/08/26;INDRA;CALL;Sep-26;26,00;64.14;56,13;1,00;;1
10/08/26;INDRA;CALL;Sep-26;37,00;64.14;51,90;1,00;;28
10/08/26;INDRA;CALL;Sep-26;47,00;64.14;48,05;0,98;;1
10/08/26;INDRA;CALL;Sep-26;50,00;64.14;46,90;0,96;;84
10/08/26;INDRA;CALL;Sep-26;52,00;64.14;46,13;0,93;;11
10/08/26;INDRA;CALL;Sep-26;54,00;64.14;45,36;0,89;;11
10/08/26;INDRA;CALL;Sep-26;56,00;64.14;44,59;0,85;;1
10/08/26;INDRA;CALL;Sep-26;60,00;64.14;43,05;0,71;;17
10/08/26;INDRA;CALL;Sep-26;62,00;64.14;42,28;0,63;;6
10/08/26;INDRA;CALL;Sep-26;64,00;64.14;41,51;0,54;;2
10/08/26;INDRA;CALL;Sep-26;66,00;64.14;41,03;0,45;;4
10/08/26;INDRA;CALL;Sep-26;68,00;64.14;40,56;0,36;;5
10/08/26;INDRA;CALL;Sep-26;70,00;64.14;40,09;0,28;;106
10/08/26;INDRA;CALL;Dic-26;30,00;64.14;53,03;1,00;;25
10/08/26;INDRA;CALL;Dic-26;31,00;64.14;52,76;0,99;;25
10/08/26;INDRA;CALL;Dic-26;32,00;64.14;52,49;0,99;;25
10/08/26;INDRA;CALL;Dic-26;35,00;64.14;51,67;0,98;;25
10/08/26;INDRA;CALL;Dic-26;45,00;64.14;48,97;0,92;;21
10/08/26;INDRA;CALL;Dic-26;47,00;64.14;48,43;0,89;;4
10/08/26;INDRA;CALL;Dic-26;48,00;64.14;48,16;0,88;;5
10/08/26;INDRA;CALL;Dic-26;50,00;64.14;47,62;0,85;;5
10/08/26;INDRA;CALL;Dic-26;52,00;64.14;47,08;0,82;;2
10/08/26;INDRA;CALL;Dic-26;54,00;64.14;46,54;0,78;;130
10/08/26;INDRA;CALL;Dic-26;56,00;64.14;46,00;0,75;;50
10/08/26;INDRA;CALL;Dic-26;58,00;64.14;45,46;0,70;28;82
10/08/26;INDRA;CALL;Dic-26;60,00;64.14;44,92;0,66;;439
10/08/26;INDRA;CALL;Dic-26;62,00;64.14;44,38;0,62;;1
10/08/26;INDRA;CALL;Dic-26;64,00;64.14;43,84;0,57;;12
10/08/26;INDRA;CALL;Dic-26;66,00;64.14;43,32;0,52;5;90
10/08/26;INDRA;CALL;Dic-26;68,00;64.14;42,80;0,47;;12
10/08/26;INDRA;CALL;Dic-26;70,00;64.14;42,28;0,43;;20
10/08/26;INDRA;CALL;Mar-27;49,00;64.14;46,93;0,83;;1
10/08/26;INDRA;CALL;Mar-27;60,00;64.14;43,90;0,66;;1
10/08/26;INDRA;CALL;Mar-27;62,00;64.14;43,35;0,62;;26
10/08/26;INDRA;CALL;Mar-27;70,00;64.14;42,36;0,48;;11
10/08/26;INDRA;CALL;Jun-27;41,00;64.14;47,93;0,90;;6
10/08/26;INDRA;CALL;Jun-27;50,00;64.14;46,11;0,80;;1
10/08/26;INDRA;CALL;Jun-27;60,00;64.14;44,08;0,66;;3
10/08/26;INDRA;CALL;Jun-27;66,00;64.14;43,21;0,57;;1
10/08/26;INDRA;CALL;Jun-27;70,00;64.14;43,15;0,51;;1
10/08/26;INDRA;CALL;Jun-27;78,00;64.14;43,02;0,41;;2
10/08/26;INDRA;CALL;Sep-27;20,00;64.14;50,71;1,00;;1
10/08/26;INDRA;CALL;Sep-27;33,00;64.14;48,34;0,95;;2
10/08/26;INDRA;CALL;Sep-27;36,00;64.14;47,80;0,93;;1
10/08/26;INDRA;CALL;Sep-27;58,00;64.14;43,80;0,69;;1
10/08/26;INDRA;CALL;Sep-28;52,00;64.14;39,74;0,77;;25
10/08/26;INDRA;CALL;Dic-28;62,00;64.14;37,81;0,67;;25
10/08/26;INDRA;PUT;Ago-26;35,00;64.14;59,81;;;6
10/08/26;INDRA;PUT;Ago-26;38,00;64.14;58,00;;;2
10/08/26;INDRA;PUT;Ago-26;39,00;64.14;57,40;;;27
10/08/26;INDRA;PUT;Ago-26;40,00;64.14;56,79;;;11
10/08/26;INDRA;PUT;Ago-26;41,00;64.14;56,19;;;4
10/08/26;INDRA;PUT;Ago-26;42,00;64.14;55,59;;;11
10/08/26;INDRA;PUT;Ago-26;43,00;64.14;54,98;;;13
10/08/26;INDRA;PUT;Ago-26;44,00;64.14;54,38;;;5
10/08/26;INDRA;PUT;Ago-26;45,00;64.14;53,78;;;15
10/08/26;INDRA;PUT;Ago-26;46,00;64.14;53,18;;;11
10/08/26;INDRA;PUT;Ago-26;47,00;64.14;52,57;;;9
10/08/26;INDRA;PUT;Ago-26;48,00;64.14;51,97;;;6
10/08/26;INDRA;PUT;Ago-26;49,00;64.14;51,37;;;82
10/08/26;INDRA;PUT;Ago-26;50,00;64.14;50,76;;;16
10/08/26;INDRA;PUT;Ago-26;52,00;64.14;49,56;-0,01;;1
10/08/26;INDRA;PUT;Ago-26;54,00;64.14;48,35;-0,02;;135
10/08/26;INDRA;PUT;Ago-26;56,00;64.14;47,15;-0,04;2;19
10/08/26;INDRA;PUT;Ago-26;58,00;64.14;45,94;-0,10;3;14
10/08/26;INDRA;PUT;Ago-26;60,00;64.14;44,74;-0,18;;15
10/08/26;INDRA;PUT;Ago-26;62,00;64.14;43,53;-0,31;1;9
10/08/26;INDRA;PUT;Ago-26;64,00;64.14;42,32;-0,47;;1
10/08/26;INDRA;PUT;Ago-26;66,00;64.14;41,31;-0,64;2;2
10/08/26;INDRA;PUT;Sep-26;24,00;64.14;56,16;;;4
10/08/26;INDRA;PUT;Sep-26;26,00;64.14;55,39;;;4
10/08/26;INDRA;PUT;Sep-26;30,00;64.14;53,85;;;45
10/08/26;INDRA;PUT;Sep-26;31,00;64.14;53,46;;;50
10/08/26;INDRA;PUT;Sep-26;35,00;64.14;51,93;;;1
10/08/26;INDRA;PUT;Sep-26;36,00;64.14;51,54;;;2
10/08/26;INDRA;PUT;Sep-26;37,00;64.14;51,16;;;13
10/08/26;INDRA;PUT;Sep-26;39,00;64.14;50,39;;;4
10/08/26;INDRA;PUT;Sep-26;40,00;64.14;50,00;;;2
10/08/26;INDRA;PUT;Sep-26;41,00;64.14;49,62;;;20
10/08/26;INDRA;PUT;Sep-26;42,00;64.14;49,23;;;6
10/08/26;INDRA;PUT;Sep-26;43,00;64.14;48,85;;;95
10/08/26;INDRA;PUT;Sep-26;44,00;64.14;48,47;-0,01;;21
10/08/26;INDRA;PUT;Sep-26;45,00;64.14;48,08;-0,01;;2
10/08/26;INDRA;PUT;Sep-26;46,00;64.14;47,70;-0,01;;760
10/08/26;INDRA;PUT;Sep-26;47,00;64.14;47,31;-0,02;;1
10/08/26;INDRA;PUT;Sep-26;48,00;64.14;46,93;-0,02;;17
10/08/26;INDRA;PUT;Sep-26;49,00;64.14;46,54;-0,03;;2
10/08/26;INDRA;PUT;Sep-26;50,00;64.14;46,16;-0,04;;7
10/08/26;INDRA;PUT;Sep-26;52,00;64.14;45,39;-0,07;;71
10/08/26;INDRA;PUT;Sep-26;54,00;64.14;44,62;-0,10;;11
10/08/26;INDRA;PUT;Sep-26;56,00;64.14;43,85;-0,15;;11
10/08/26;INDRA;PUT;Sep-26;60,00;64.14;42,31;-0,29;;60
10/08/26;INDRA;PUT;Oct-26;38,00;64.14;50,24;-0,01;;5
10/08/26;INDRA;PUT;Oct-26;44,00;64.14;48,18;-0,03;;1
10/08/26;INDRA;PUT;Oct-26;47,00;64.14;47,15;-0,05;;1
10/08/26;INDRA;PUT;Oct-26;48,00;64.14;46,81;-0,06;;1
10/08/26;INDRA;PUT;Oct-26;50,00;64.14;46,12;-0,08;;3
10/08/26;INDRA;PUT;Dic-26;28,00;64.14;53,20;;;1
10/08/26;INDRA;PUT;Dic-26;30,00;64.14;52,66;;;6
10/08/26;INDRA;PUT;Dic-26;31,00;64.14;52,39;-0,01;;1
10/08/26;INDRA;PUT;Dic-26;32,00;64.14;52,12;-0,01;;10
10/08/26;INDRA;PUT;Dic-26;35,00;64.14;51,30;-0,02;;11
10/08/26;INDRA;PUT;Dic-26;37,00;64.14;50,76;-0,02;;6
10/08/26;INDRA;PUT;Dic-26;38,00;64.14;50,49;-0,03;;1
10/08/26;INDRA;PUT;Dic-26;40,00;64.14;49,95;-0,04;;11
10/08/26;INDRA;PUT;Dic-26;42,00;64.14;49,41;-0,05;;10
10/08/26;INDRA;PUT;Dic-26;44,00;64.14;48,87;-0,07;;2
10/08/26;INDRA;PUT;Dic-26;45,00;64.14;48,60;-0,08;;2
10/08/26;INDRA;PUT;Dic-26;46,00;64.14;48,33;-0,09;;8
10/08/26;INDRA;PUT;Dic-26;47,00;64.14;48,06;-0,11;;6
10/08/26;INDRA;PUT;Dic-26;48,00;64.14;47,79;-0,12;;10
10/08/26;INDRA;PUT;Dic-26;50,00;64.14;47,25;-0,15;;2
10/08/26;INDRA;PUT;Dic-26;52,00;64.14;46,71;-0,18;;78
10/08/26;INDRA;PUT;Dic-26;54,00;64.14;46,17;-0,22;;50
10/08/26;INDRA;PUT;Dic-26;60,00;64.14;44,55;-0,34;;50
10/08/26;INDRA;PUT;Dic-26;62,00;64.14;44,01;-0,39;;20
10/08/26;INDRA;PUT;Dic-26;70,00;64.14;41,91;-0,58;;1
10/08/26;INDRA;PUT;Mar-27;37,00;64.14;50,22;-0,05;;2
10/08/26;INDRA;PUT;Mar-27;39,00;64.14;49,66;-0,07;;1
10/08/26;INDRA;PUT;Mar-27;42,00;64.14;48,84;-0,09;;2
10/08/26;INDRA;PUT;Mar-27;43,00;64.14;48,56;-0,10;;1
10/08/26;INDRA;PUT;Mar-27;45,00;64.14;48,01;-0,12;;1
10/08/26;INDRA;PUT;Mar-27;49,00;64.14;46,91;-0,17;;20
10/08/26;INDRA;PUT;Mar-27;50,00;64.14;46,63;-0,18;;10
10/08/26;INDRA;PUT;Mar-27;60,00;64.14;43,88;-0,34;;3
10/08/26;INDRA;PUT;Jun-27;32,00;64.14;50,09;-0,04;;1
10/08/26;INDRA;PUT;Sep-27;33,00;64.14;48,43;-0,05;;1
10/08/26;INDRA;PUT;Sep-27;36,00;64.14;47,89;-0,07;;1
10/08/26;INDRA;PUT;Sep-27;40,00;64.14;47,16;-0,11;;1
10/08/26;INDRA;PUT;Sep-27;45,00;64.14;46,25;-0,16;;15
10/08/26;INDRA;PUT;Dic-27;44,00;64.14;45,09;-0,15;;500
10/08/26;INDRA;PUT;Sep-28;47,00;64.14;40,09;-0,19;;25
10/08/26;INDRA;CALL;Ago-26;54,00;64.14;49,75;0,98;;5
10/08/26;INDRA;CALL;Ago-26;54,00;64.14;49,75;0,98;;2
10/08/26;INDRA;CALL;Ago-26;56,00;64.14;48,55;0,95;;10
10/08/26;INDRA;CALL;Dic-26;41,00;64.14;50,05;0,94;;5
10/08/26;INDRA;CALL;Dic-26;48,00;64.14;48,16;0,87;;5
10/08/26;INDRA;CALL;Dic-26;60,00;64.14;44,92;0,65;;100
10/08/26;INDRA;CALL;Dic-26;64,00;64.14;43,84;0,56;;5
10/08/26;INDRA;PUT;Ago-26;45,00;64.14;53,78;;;5
10/08/26;INDRA;PUT;Ago-26;47,00;64.14;52,57;;;5
10/08/26;INDRA;PUT;Ago-26;52,00;64.14;49,56;-0,01;;5
10/08/26;INDRA;PUT;Ago-26;54,00;64.14;48,35;-0,02;;25
10/08/26;INDRA;PUT;Ago-26;58,00;64.14;45,94;-0,10;;20
10/08/26;INDRA;PUT;Ago-26;62,00;64.14;43,53;-0,31;20;20
10/08/26;INDRA;PUT;Sep-26;43,00;64.14;48,85;;;5
10/08/26;LABORAT. ROVI;CALL;Ago-26;56,00;58.7;25,56;0,86;;3
10/08/26;LABORAT. ROVI;CALL;Ago-26;58,00;58.7;24,50;0,63;;1
10/08/26;LABORAT. ROVI;CALL;Ago-26;60,00;58.7;24,07;0,31;;6
10/08/26;LABORAT. ROVI;CALL;Ago-26;66,00;58.7;23,80;;;1
10/08/26;LABORAT. ROVI;CALL;Sep-26;58,00;58.7;24,39;0,59;;1
10/08/26;LABORAT. ROVI;CALL;Sep-26;60,00;58.7;24,02;0,42;;1
10/08/26;LABORAT. ROVI;CALL;Sep-26;62,00;58.7;23,94;0,27;;1
10/08/26;LABORAT. ROVI;CALL;Sep-26;64,00;58.7;23,86;0,15;;1
10/08/26;LABORAT. ROVI;CALL;Sep-26;66,00;58.7;23,78;0,08;;2
10/08/26;LABORAT. ROVI;CALL;Sep-26;68,00;58.7;23,70;0,03;;1
10/08/26;LABORAT. ROVI;CALL;Sep-26;78,00;58.7;23,30;;;750
10/08/26;LABORAT. ROVI;CALL;Sep-26;88,00;58.7;22,91;;;1
10/08/26;LABORAT. ROVI;CALL;Sep-26;96,00;58.7;22,59;;;15
10/08/26;LABORAT. ROVI;CALL;Oct-26;62,00;58.7;24,00;0,33;;2
10/08/26;LABORAT. ROVI;CALL;Dic-26;32,00;58.7;36,85;1,00;;2
10/08/26;LABORAT. ROVI;CALL;Dic-26;62,00;58.7;26,13;0,41;;5
10/08/26;LABORAT. ROVI;CALL;Dic-26;66,00;58.7;25,81;0,27;;750
10/08/26;LABORAT. ROVI;CALL;Dic-26;80,00;58.7;24,70;0,02;;15
10/08/26;LABORAT. ROVI;CALL;Dic-26;82,00;58.7;24,54;0,01;;15
10/08/26;LABORAT. ROVI;CALL;Dic-26;84,00;58.7;24,38;0,01;;15
10/08/26;LABORAT. ROVI;CALL;Dic-26;86,00;58.7;24,22;0,01;;15
10/08/26;LABORAT. ROVI;CALL;Dic-26;88,00;58.7;24,06;;;14
10/08/26;LABORAT. ROVI;CALL;Dic-26;90,00;58.7;23,90;;;14
10/08/26;LABORAT. ROVI;CALL;Dic-26;92,00;58.7;23,74;;;5
10/08/26;LABORAT. ROVI;CALL;Dic-26;96,00;58.7;23,42;;;5
10/08/26;LABORAT. ROVI;CALL;Dic-26;100,00;58.7;23,11;;;5
10/08/26;LABORAT. ROVI;CALL;Mar-27;70,00;58.7;26,59;0,25;;2
10/08/26;LABORAT. ROVI;CALL;Mar-27;88,00;58.7;25,05;0,03;;10
10/08/26;LABORAT. ROVI;CALL;Jun-27;56,00;58.7;28,77;0,65;;18
10/08/26;LABORAT. ROVI;CALL;Jun-27;80,00;58.7;26,21;0,14;;16
10/08/26;LABORAT. ROVI;PUT;Ago-26;50,00;58.7;30,71;;;7
10/08/26;LABORAT. ROVI;PUT;Ago-26;52,00;58.7;29,66;-0,01;;16
10/08/26;LABORAT. ROVI;PUT;Ago-26;54,00;58.7;28,60;-0,04;;14
10/08/26;LABORAT. ROVI;PUT;Ago-26;56,00;58.7;27,55;-0,16;;11
10/08/26;LABORAT. ROVI;PUT;Ago-26;58,00;58.7;26,49;-0,38;;10
10/08/26;LABORAT. ROVI;PUT;Sep-26;48,00;58.7;28,80;-0,01;;1
10/08/26;LABORAT. ROVI;PUT;Sep-26;50,00;58.7;27,88;-0,03;;1
10/08/26;LABORAT. ROVI;PUT;Sep-26;54,00;58.7;26,04;-0,15;;6
10/08/26;LABORAT. ROVI;PUT;Sep-26;56,00;58.7;25,12;-0,26;;11
10/08/26;LABORAT. ROVI;PUT;Sep-26;58,00;58.7;24,20;-0,42;;5
10/08/26;LABORAT. ROVI;PUT;Sep-26;60,00;58.7;23,83;-0,59;;6
10/08/26;LABORAT. ROVI;PUT;Sep-26;64,00;58.7;23,67;-0,86;;2
10/08/26;LABORAT. ROVI;PUT;Sep-26;70,00;58.7;23,43;-1,00;;1.500
10/08/26;LABORAT. ROVI;PUT;Oct-26;60,00;58.7;23,63;-0,56;;10
10/08/26;LABORAT. ROVI;PUT;Dic-26;40,00;58.7;33,16;-0,02;;1
10/08/26;LABORAT. ROVI;PUT;Dic-26;50,00;58.7;29,24;-0,15;;2
10/08/26;LABORAT. ROVI;PUT;Dic-26;52,00;58.7;28,46;-0,20;;1
10/08/26;LABORAT. ROVI;PUT;Dic-26;54,00;58.7;27,67;-0,26;;6
10/08/26;LABORAT. ROVI;PUT;Dic-26;56,00;58.7;26,89;-0,34;;6
10/08/26;LABORAT. ROVI;PUT;Dic-26;58,00;58.7;26,10;-0,42;;5
10/08/26;LABORAT. ROVI;PUT;Dic-26;60,00;58.7;25,73;-0,51;;45
10/08/26;LABORAT. ROVI;PUT;Dic-26;62,00;58.7;25,57;-0,60;;1.500
10/08/26;LABORAT. ROVI;PUT;Dic-26;66,00;58.7;25,25;-0,76;;10
10/08/26;LABORAT. ROVI;PUT;Dic-26;68,00;58.7;25,09;-0,83;;65
10/08/26;LABORAT. ROVI;PUT;Dic-26;76,00;58.7;24,45;-1,00;;6
10/08/26;LABORAT. ROVI;PUT;Dic-26;82,00;58.7;23,98;-1,00;;4
10/08/26;LABORAT. ROVI;PUT;Mar-27;50,00;58.7;29,56;-0,19;;1
10/08/26;LABORAT. ROVI;PUT;Mar-27;54,00;58.7;28,28;-0,29;;5
10/08/26;LABORAT. ROVI;PUT;Mar-27;56,00;58.7;27,65;-0,35;;6
10/08/26;LABORAT. ROVI;PUT;Mar-27;58,00;58.7;27,01;-0,42;;7
10/08/26;LABORAT. ROVI;PUT;Mar-27;60,00;58.7;26,68;-0,48;;8
10/08/26;LABORAT. ROVI;PUT;Mar-27;62,00;58.7;26,51;-0,55;;2
10/08/26;LABORAT. ROVI;PUT;Jun-27;43,00;58.7;31,87;-0,10;;10
10/08/26;LABORAT. ROVI;PUT;Jun-27;44,00;58.7;31,59;-0,12;;20
10/08/26;LABORAT. ROVI;PUT;Jun-27;45,00;58.7;31,31;-0,13;;5
10/08/26;LABORAT. ROVI;PUT;Jun-27;54,00;58.7;28,81;-0,31;;1
10/08/26;LABORAT. ROVI;PUT;Jun-27;58,00;58.7;27,69;-0,41;;1
10/08/26;LABORAT. ROVI;PUT;Jun-27;60,00;58.7;27,39;-0,46;;3
10/08/26;LABORAT. ROVI;PUT;Jun-27;70,00;58.7;26,54;-0,73;;1
10/08/26;LABORAT. ROVI;PUT;Mar-27;50,00;58.7;29,56;-0,19;;3
10/08/26;MAPFRE;CALL;Ago-26;4,40;4.41;21,55;0,54;;1
10/08/26;MAPFRE;CALL;Ago-26;4,50;4.41;21,33;0,31;;73
10/08/26;MAPFRE;CALL;Ago-26;4,60;4.41;21,11;0,13;;60
10/08/26;MAPFRE;CALL;Sep-26;3,80;4.41;22,29;0,98;;1
10/08/26;MAPFRE;CALL;Sep-26;3,90;4.41;22,24;0,96;;10
10/08/26;MAPFRE;CALL;Sep-26;4,00;4.41;22,19;0,92;;16
10/08/26;MAPFRE;CALL;Sep-26;4,10;4.41;22,13;0,86;;20
10/08/26;MAPFRE;CALL;Sep-26;4,20;4.41;22,08;0,77;;783
10/08/26;MAPFRE;CALL;Sep-26;4,30;4.41;22,03;0,66;;5
10/08/26;MAPFRE;CALL;Sep-26;4,40;4.41;21,98;0,54;;3
10/08/26;MAPFRE;CALL;Sep-26;4,50;4.41;21,86;0,42;;13
10/08/26;MAPFRE;CALL;Sep-26;4,70;4.41;21,62;0,20;;15
10/08/26;MAPFRE;CALL;Dic-26;3,90;4.41;21,97;0,87;;5
10/08/26;MAPFRE;CALL;Dic-26;4,10;4.41;21,90;0,76;;35
10/08/26;MAPFRE;CALL;Dic-26;4,40;4.41;21,78;0,55;;10
10/08/26;MAPFRE;CALL;Dic-26;4,50;4.41;21,70;0,48;;11
10/08/26;MAPFRE;CALL;Mar-27;4,00;4.41;22,90;0,76;;1
10/08/26;MAPFRE;CALL;Mar-27;4,90;4.41;22,38;0,30;;15
10/08/26;MAPFRE;CALL;Jun-27;4,20;4.41;23,98;0,64;;7
10/08/26;MAPFRE;CALL;Jun-27;4,30;4.41;23,94;0,59;;8
10/08/26;MAPFRE;CALL;Jun-27;5,00;4.41;23,50;0,31;;1
10/08/26;MAPFRE;CALL;Dic-27;5,00;4.41;24,95;0,37;;5
10/08/26;MAPFRE;PUT;Ago-26;4,20;4.41;21,96;-0,10;;25
10/08/26;MAPFRE;PUT;Ago-26;4,30;4.41;21,73;-0,24;;27
10/08/26;MAPFRE;PUT;Sep-26;1,70;4.41;24,90;;;20
10/08/26;MAPFRE;PUT;Sep-26;3,20;4.41;24,11;;;2
10/08/26;MAPFRE;PUT;Sep-26;3,30;4.41;24,06;;;2
10/08/26;MAPFRE;PUT;Sep-26;3,60;4.41;23,90;;;5
10/08/26;MAPFRE;PUT;Sep-26;3,70;4.41;23,85;-0,01;;50
10/08/26;MAPFRE;PUT;Sep-26;4,30;4.41;23,53;-0,35;;1
10/08/26;MAPFRE;PUT;Sep-26;5,00;4.41;22,76;-0,97;;9
10/08/26;MAPFRE;PUT;Dic-26;3,20;4.41;22,41;-0,01;;2
10/08/26;MAPFRE;PUT;Dic-26;3,60;4.41;22,26;-0,06;;3
10/08/26;MAPFRE;PUT;Dic-26;3,70;4.41;22,22;-0,09;;116
10/08/26;MAPFRE;PUT;Dic-26;3,80;4.41;22,18;-0,13;;20
10/08/26;MAPFRE;PUT;Dic-26;4,00;4.41;22,10;-0,23;;5
10/08/26;MAPFRE;PUT;Dic-26;4,10;4.41;22,07;-0,30;;2
10/08/26;MAPFRE;PUT;Dic-26;4,20;4.41;22,03;-0,36;;50
10/08/26;MAPFRE;PUT;Dic-26;4,50;4.41;21,87;-0,57;;20
10/08/26;MAPFRE;PUT;Mar-27;3,50;4.41;21,61;-0,08;;4
10/08/26;MAPFRE;PUT;Mar-27;3,60;4.41;21,58;-0,10;;1
10/08/26;MAPFRE;PUT;Mar-27;3,70;4.41;21,54;-0,14;;5
10/08/26;MAPFRE;PUT;Mar-27;4,00;4.41;21,42;-0,26;;3.000
10/08/26;MAPFRE;PUT;Dic-27;3,60;4.41;22,78;-0,22;;10
10/08/26;MELIA HOTELS;CALL;Ago-26;13,00;10.0;26,32;;;2
10/08/26;MELIA HOTELS;CALL;Ago-26;13,50;10.0;25,69;;;2
10/08/26;MELIA HOTELS;CALL;Sep-26;7,75;10.0;35,70;0,99;;5
10/08/26;MELIA HOTELS;CALL;Sep-26;8,00;10.0;35,20;0,98;;1.900
10/08/26;MELIA HOTELS;CALL;Sep-26;8,50;10.0;34,20;0,94;;6
10/08/26;MELIA HOTELS;CALL;Sep-26;12,50;10.0;28,37;0,01;;25
10/08/26;MELIA HOTELS;CALL;Dic-26;10,00;10.0;29,97;0,55;;20
10/08/26;MELIA HOTELS;CALL;Dic-26;11,00;10.0;29,14;0,34;;15
10/08/26;MELIA HOTELS;CALL;Dic-26;11,50;10.0;28,72;0,25;;3
10/08/26;MELIA HOTELS;CALL;Dic-26;13,00;10.0;27,47;0,07;;35
10/08/26;MELIA HOTELS;CALL;Mar-27;7,75;10.0;32,81;0,88;;8
10/08/26;MELIA HOTELS;CALL;Mar-27;8,75;10.0;31,44;0,77;;5
10/08/26;MELIA HOTELS;CALL;Mar-27;12,00;10.0;28,33;0,26;;400
10/08/26;MELIA HOTELS;CALL;Mar-27;12,50;10.0;27,98;0,20;;50
10/08/26;MELIA HOTELS;CALL;Jun-27;7,50;10.0;31,83;0,88;;5
10/08/26;MELIA HOTELS;CALL;Jun-27;7,75;10.0;31,58;0,86;;5
10/08/26;MELIA HOTELS;CALL;Sep-27;7,25;10.0;31,51;0,90;;5
10/08/26;MELIA HOTELS;CALL;Dic-27;7,00;10.0;31,20;0,90;;2
10/08/26;MELIA HOTELS;PUT;Ago-26;10,00;10.0;33,22;-0,48;;4
10/08/26;MELIA HOTELS;PUT;Ago-26;10,50;10.0;32,59;-0,80;;5
10/08/26;MELIA HOTELS;PUT;Ago-26;11,50;10.0;31,32;-1,00;;10
10/08/26;MELIA HOTELS;PUT;Sep-26;10,00;10.0;31,75;-0,47;;25
10/08/26;MELIA HOTELS;PUT;Sep-26;10,50;10.0;31,18;-0,66;;400
10/08/26;MELIA HOTELS;PUT;Sep-26;11,00;10.0;30,62;-0,82;;50
10/08/26;MELIA HOTELS;PUT;Dic-26;8,25;10.0;33,06;-0,13;;30
10/08/26;MELIA HOTELS;PUT;Dic-26;11,00;10.0;29,31;-0,67;;10
10/08/26;MELIA HOTELS;PUT;Mar-27;9,25;10.0;30,15;-0,31;;50
10/08/26;MELIA HOTELS;PUT;Mar-27;9,50;10.0;29,80;-0,35;;100
10/08/26;MELIA HOTELS;PUT;Mar-27;9,75;10.0;29,46;-0,39;;25
10/08/26;MELIA HOTELS;PUT;Mar-27;10,00;10.0;29,12;-0,44;;100
10/08/26;MELIA HOTELS;PUT;Mar-27;11,00;10.0;28,42;-0,62;;3
10/08/26;MERLIN;CALL;Ago-26;16,50;14.55;24,10;;;1
10/08/26;MERLIN;CALL;Sep-26;16,00;14.55;24,03;0,13;;14.718
10/08/26;MERLIN;CALL;Sep-26;16,50;14.55;23,80;0,06;;4.700
10/08/26;MERLIN;CALL;Oct-26;13,00;14.55;27,21;0,85;10;10
10/08/26;MERLIN;CALL;Dic-26;15,50;14.55;24,05;0,36;;6
10/08/26;MERLIN;CALL;Dic-26;16,50;14.55;23,66;0,21;;14.693
10/08/26;MERLIN;CALL;Mar-27;14,50;14.55;24,38;0,55;;5
10/08/26;MERLIN;CALL;Mar-27;16,00;14.55;23,85;0,34;;3
10/08/26;MERLIN;PUT;Ago-26;14,00;14.55;25,87;-0,19;;1
10/08/26;MERLIN;PUT;Ago-26;14,50;14.55;24,91;-0,46;;10
10/08/26;MERLIN;PUT;Sep-26;10,00;14.55;32,41;;;1
10/08/26;MERLIN;PUT;Sep-26;12,00;14.55;29,02;-0,02;;2
10/08/26;MERLIN;PUT;Sep-26;12,50;14.55;28,18;-0,04;;1
10/08/26;MERLIN;PUT;Sep-26;14,00;14.55;25,63;-0,30;;1
10/08/26;MERLIN;PUT;Sep-26;14,50;14.55;24,78;-0,46;;84
10/08/26;MERLIN;PUT;Sep-26;15,00;14.55;24,49;-0,63;;100
10/08/26;MERLIN;PUT;Sep-26;15,50;14.55;24,26;-0,77;;1
10/08/26;MERLIN;PUT;Oct-26;14,00;14.55;25,68;-0,33;;25
10/08/26;MERLIN;PUT;Oct-26;14,50;14.55;24,85;-0,45;25;125
10/08/26;MERLIN;PUT;Dic-26;11,00;14.55;29,54;-0,05;;300
10/08/26;MERLIN;PUT;Dic-26;14,00;14.55;25,07;-0,39;;35
10/08/26;MERLIN;PUT;Mar-27;13,50;14.55;24,14;-0,32;4;16
10/08/26;MERLIN;PUT;Jun-27;14,50;14.55;21,67;-0,47;;3
10/08/26;MERLIN;PUT;Jun-27;15,00;14.55;21,48;-0,54;;10
10/08/26;MERLIN;PUT;Dic-27;12,50;14.55;23,26;-0,26;;5.000
10/08/26;NATURGY;CALL;Ago-26;28,00;28.62;19,45;0,75;;1
10/08/26;NATURGY;CALL;Ago-26;29,00;28.62;18,35;0,35;;1
10/08/26;NATURGY;CALL;Ago-26;30,00;28.62;17,68;0,07;;18
10/08/26;NATURGY;CALL;Ago-26;31,00;28.62;17,00;;;2
10/08/26;NATURGY;CALL;Ago-26;33,00;28.62;15,65;;;30
10/08/26;NATURGY;CALL;Sep-26;29,00;28.62;17,92;0,44;;78
10/08/26;NATURGY;CALL;Sep-26;30,00;28.62;17,35;0,22;;152
10/08/26;NATURGY;CALL;Sep-26;31,00;28.62;16,78;0,08;;145
10/08/26;NATURGY;CALL;Dic-26;27,00;28.62;20,54;0,74;;11
10/08/26;NATURGY;CALL;Dic-26;28,00;28.62;19,66;0,62;;24
10/08/26;NATURGY;CALL;Dic-26;29,00;28.62;18,92;0,48;;495
10/08/26;NATURGY;CALL;Dic-26;30,00;28.62;18,42;0,35;;298
10/08/26;NATURGY;CALL;Dic-26;31,00;28.62;17,92;0,23;;113
10/08/26;NATURGY;CALL;Dic-26;32,00;28.62;17,42;0,14;;7
10/08/26;NATURGY;CALL;Dic-26;35,00;28.62;15,91;0,01;;1
10/08/26;NATURGY;CALL;Mar-27;25,00;28.62;22,50;0,83;;2
10/08/26;NATURGY;CALL;Mar-27;26,00;28.62;21,76;0,76;;90
10/08/26;NATURGY;CALL;Mar-27;27,00;28.62;21,03;0,68;;2
10/08/26;NATURGY;CALL;Mar-27;28,00;28.62;20,29;0,59;;11
10/08/26;NATURGY;CALL;Mar-27;29,00;28.62;19,68;0,49;;200
10/08/26;NATURGY;CALL;Mar-27;30,00;28.62;19,25;0,39;;300
10/08/26;NATURGY;CALL;Mar-27;32,00;28.62;18,38;0,23;;1
10/08/26;NATURGY;CALL;Mar-27;33,00;28.62;17,95;0,16;;2
10/08/26;NATURGY;CALL;Jun-27;25,00;28.62;22,94;0,80;;385
10/08/26;NATURGY;CALL;Jun-27;26,00;28.62;22,29;0,73;;2
10/08/26;NATURGY;CALL;Jun-27;27,00;28.62;21,64;0,66;;2
10/08/26;NATURGY;CALL;Jun-27;32,00;28.62;19,32;0,27;;400
10/08/26;NATURGY;CALL;Jun-27;33,00;28.62;18,95;0,21;;2
10/08/26;NATURGY;CALL;Jun-27;35,00;28.62;18,20;0,11;;1
10/08/26;NATURGY;CALL;Dic-27;30,00;28.62;21,08;0,43;;1
10/08/26;NATURGY;PUT;Ago-26;25,00;28.62;23,76;;;2
10/08/26;NATURGY;PUT;Ago-26;26,00;28.62;22,41;-0,01;;3
10/08/26;NATURGY;PUT;Ago-26;27,00;28.62;21,06;-0,05;;31
10/08/26;NATURGY;PUT;Ago-26;28,00;28.62;19,71;-0,25;;63
10/08/26;NATURGY;PUT;Ago-26;29,00;28.62;18,61;-0,65;;29
10/08/26;NATURGY;PUT;Sep-26;18,00;28.62;29,76;;;10
10/08/26;NATURGY;PUT;Sep-26;19,00;28.62;28,63;;;25
10/08/26;NATURGY;PUT;Sep-26;19,50;28.62;28,06;;;25
10/08/26;NATURGY;PUT;Sep-26;20,00;28.62;27,50;;;26
10/08/26;NATURGY;PUT;Sep-26;21,00;28.62;26,37;;;28
10/08/26;NATURGY;PUT;Sep-26;22,00;28.62;25,24;;;27
10/08/26;NATURGY;PUT;Sep-26;23,00;28.62;24,11;;;30
10/08/26;NATURGY;PUT;Sep-26;24,00;28.62;22,98;-0,01;;328
10/08/26;NATURGY;PUT;Sep-26;25,00;28.62;21,85;-0,03;;23
10/08/26;NATURGY;PUT;Sep-26;26,00;28.62;20,72;-0,07;;3
10/08/26;NATURGY;PUT;Sep-26;27,00;28.62;19,59;-0,17;;63
10/08/26;NATURGY;PUT;Sep-26;28,00;28.62;18,46;-0,34;;31
10/08/26;NATURGY;PUT;Sep-26;29,00;28.62;17,54;-0,57;;149
10/08/26;NATURGY;PUT;Oct-26;24,00;28.62;22,77;-0,03;;2
10/08/26;NATURGY;PUT;Oct-26;28,00;28.62;18,44;-0,36;;11
10/08/26;NATURGY;PUT;Oct-26;29,00;28.62;17,56;-0,54;5;5
10/08/26;NATURGY;PUT;Dic-26;18,00;28.62;27,17;;;2
10/08/26;NATURGY;PUT;Dic-26;19,50;28.62;25,84;-0,01;;5
10/08/26;NATURGY;PUT;Dic-26;20,00;28.62;25,40;-0,01;;13
10/08/26;NATURGY;PUT;Dic-26;22,00;28.62;23,63;-0,03;;2
10/08/26;NATURGY;PUT;Dic-26;23,00;28.62;22,74;-0,06;;11
10/08/26;NATURGY;PUT;Dic-26;24,00;28.62;21,86;-0,09;;2.142
10/08/26;NATURGY;PUT;Dic-26;25,00;28.62;20,97;-0,15;;125
10/08/26;NATURGY;PUT;Dic-26;26,00;28.62;20,09;-0,23;;109
10/08/26;NATURGY;PUT;Dic-26;27,00;28.62;19,20;-0,33;;20
10/08/26;NATURGY;PUT;Dic-26;28,00;28.62;18,32;-0,45;;3
10/08/26;NATURGY;PUT;Dic-26;29,00;28.62;17,58;-0,59;;27
10/08/26;NATURGY;PUT;Mar-27;18,00;28.62;25,83;-0,01;;1
10/08/26;NATURGY;PUT;Mar-27;24,00;28.62;21,43;-0,14;;501
10/08/26;NATURGY;PUT;Mar-27;26,00;28.62;19,96;-0,26;;193
10/08/26;NATURGY;PUT;Mar-27;28,00;28.62;18,49;-0,44;;1
10/08/26;NATURGY;PUT;Jun-27;24,00;28.62;20,85;-0,19;1;1
10/08/26;NATURGY;PUT;Jun-27;25,00;28.62;20,20;-0,25;;5
10/08/26;NATURGY;PUT;Jun-27;26,00;28.62;19,55;-0,31;;1
10/08/26;NATURGY;PUT;Jun-27;27,00;28.62;18,90;-0,39;;2
10/08/26;NATURGY;PUT;Jun-27;28,00;28.62;18,24;-0,48;;12
10/08/26;NATURGY;PUT;Jun-27;32,00;28.62;16,58;-0,80;;1
10/08/26;NATURGY;PUT;Sep-27;26,00;28.62;19,60;-0,35;;95
10/08/26;NATURGY;PUT;Dic-27;26,00;28.62;19,60;-0,38;;97
10/08/26;NATURGY;PUT;Jun-28;26,00;28.62;19,41;-0,41;;95
10/08/26;NATURGY;PUT;Dic-26;28,00;28.62;18,32;-0,44;;2
10/08/26;OBRASCON HUARTE;CALL;Ago-26;0,45;0.44;55,68;0,43;100;100
10/08/26;OBRASCON HUARTE;CALL;Ago-26;0,50;0.44;55,68;0,10;100;100
10/08/26;OBRASCON HUARTE;CALL;Sep-26;0,25;0.44;47,81;1,00;;600
10/08/26;OBRASCON HUARTE;CALL;Sep-26;0,40;0.44;47,24;0,76;;120
10/08/26;OBRASCON HUARTE;CALL;Sep-26;0,50;0.44;47,09;0,23;200;200
10/08/26;OBRASCON HUARTE;CALL;Dic-26;0,50;0.44;43,15;0,37;;1
10/08/26;OBRASCON HUARTE;CALL;Mar-27;0,40;0.44;44,88;0,69;100;300
10/08/26;OBRASCON HUARTE;CALL;Jun-27;0,35;0.44;45,53;0,79;;1.000
10/08/26;OBRASCON HUARTE;CALL;Mar-28;0,50;0.44;43,92;0,55;;10
10/08/26;OBRASCON HUARTE;CALL;Mar-28;0,60;0.44;43,92;0,42;;50
10/08/26;OBRASCON HUARTE;CALL;Jun-28;0,35;0.44;44,06;0,78;600;900
10/08/26;PHARMA MAR;CALL;Ago-26;78,00;80.9;42,60;0,70;;2
10/08/26;PHARMA MAR;CALL;Ago-26;80,00;80.9;41,37;0,58;;4
10/08/26;PHARMA MAR;CALL;Ago-26;88,00;80.9;38,18;0,11;;4
10/08/26;PHARMA MAR;CALL;Ago-26;90,00;80.9;37,44;0,06;;6
10/08/26;PHARMA MAR;CALL;Sep-26;78,00;80.9;42,37;0,64;;1
10/08/26;PHARMA MAR;CALL;Sep-26;84,00;80.9;40,01;0,42;;5
10/08/26;PHARMA MAR;CALL;Sep-26;86,00;80.9;39,58;0,35;1;1
10/08/26;PHARMA MAR;CALL;Sep-26;92,00;80.9;38,29;0,17;;4
10/08/26;PHARMA MAR;CALL;Sep-26;130,00;80.9;30,15;;;2
10/08/26;PHARMA MAR;CALL;Sep-26;135,00;80.9;29,08;;;4
10/08/26;PHARMA MAR;CALL;Sep-26;140,00;80.9;28,01;;;2
10/08/26;PHARMA MAR;CALL;Sep-26;150,00;80.9;25,86;;;4
10/08/26;PHARMA MAR;CALL;Dic-26;76,00;80.9;44,85;0,66;;1
10/08/26;PHARMA MAR;CALL;Dic-26;100,00;80.9;41,31;0,24;;6
10/08/26;PHARMA MAR;CALL;Dic-26;110,00;80.9;40,77;0,14;;1
10/08/26;PHARMA MAR;CALL;Mar-27;88,00;80.9;40,64;0,48;;1
10/08/26;PHARMA MAR;CALL;Mar-27;105,00;80.9;39,80;0,26;;5
10/08/26;PHARMA MAR;PUT;Ago-26;66,00;80.9;52,75;-0,01;;2
10/08/26;PHARMA MAR;PUT;Ago-26;70,00;80.9;50,28;-0,04;;1
10/08/26;PHARMA MAR;PUT;Ago-26;74,00;80.9;47,80;-0,13;;2
10/08/26;PHARMA MAR;PUT;Ago-26;80,00;80.9;44,10;-0,42;;2
10/08/26;PHARMA MAR;PUT;Sep-26;33,00;80.9;70,11;;;10
10/08/26;PHARMA MAR;PUT;Sep-26;36,00;80.9;68,35;;;5
10/08/26;PHARMA MAR;PUT;Sep-26;45,00;80.9;63,08;;;20
10/08/26;PHARMA MAR;PUT;Sep-26;46,00;80.9;62,50;;;9
10/08/26;PHARMA MAR;PUT;Sep-26;47,00;80.9;61,91;;;12
10/08/26;PHARMA MAR;PUT;Sep-26;60,00;80.9;54,31;-0,04;;6
10/08/26;PHARMA MAR;PUT;Sep-26;62,00;80.9;53,14;-0,05;;5
10/08/26;PHARMA MAR;PUT;Sep-26;66,00;80.9;50,80;-0,09;;3
10/08/26;PHARMA MAR;PUT;Sep-26;70,00;80.9;48,46;-0,16;;1
10/08/26;PHARMA MAR;PUT;Sep-26;82,00;80.9;41,84;-0,51;;5
10/08/26;PHARMA MAR;PUT;Sep-26;88,00;80.9;40,56;-0,71;1;
10/08/26;PHARMA MAR;PUT;Sep-26;92,00;80.9;39,70;-0,82;;1
10/08/26;PHARMA MAR;PUT;Dic-26;29,00;80.9;69,36;;;5
10/08/26;PHARMA MAR;PUT;Dic-26;46,00;80.9;60,60;-0,04;;2
10/08/26;PHARMA MAR;PUT;Dic-26;48,00;80.9;59,57;-0,05;;1
10/08/26;PHARMA MAR;PUT;Dic-26;50,00;80.9;58,54;-0,06;;1
10/08/26;PHARMA MAR;PUT;Dic-26;60,00;80.9;53,39;-0,13;;2
10/08/26;PHARMA MAR;PUT;Dic-26;62,00;80.9;52,36;-0,15;;1
10/08/26;PHARMA MAR;PUT;Dic-26;70,00;80.9;48,24;-0,25;;1
10/08/26;PHARMA MAR;PUT;Dic-26;76,00;80.9;45,15;-0,35;;15
10/08/26;PHARMA MAR;PUT;Dic-26;78,00;80.9;44,12;-0,38;;10
10/08/26;PHARMA MAR;PUT;Mar-27;41,00;80.9;57,70;-0,04;;8
10/08/26;PHARMA MAR;PUT;Mar-27;43,00;80.9;56,91;-0,05;;3
10/08/26;PHARMA MAR;PUT;Mar-27;52,00;80.9;53,35;-0,10;;1
10/08/26;PHARMA MAR;PUT;Mar-27;78,00;80.9;43,07;-0,38;;1
10/08/26;PHARMA MAR;PUT;Mar-27;80,00;80.9;42,28;-0,41;;2
10/08/26;PHARMA MAR;PUT;Mar-27;105,00;80.9;40,73;-0,75;;1
10/08/26;PHARMA MAR;PUT;Jun-27;39,00;80.9;55,20;-0,04;;3
10/08/26;PHARMA MAR;PUT;Jun-27;42,00;80.9;54,28;-0,06;;1
10/08/26;PHARMA MAR;PUT;Jun-27;44,00;80.9;53,67;-0,07;;3
10/08/26;PHARMA MAR;PUT;Jun-27;48,00;80.9;52,45;-0,09;;1
10/08/26;PHARMA MAR;PUT;Jun-27;60,00;80.9;48,79;-0,18;;1
10/08/26;PHARMA MAR;PUT;Jun-27;66,00;80.9;46,96;-0,23;;1
10/08/26;PHARMA MAR;PUT;Jun-27;70,00;80.9;45,74;-0,28;;2
10/08/26;PHARMA MAR;PUT;Jun-27;120,00;80.9;40,81;-0,82;;1
10/08/26;PUIG;CALL;Ago-26;15,50;16.97;32,31;0,95;;5
10/08/26;PUIG;CALL;Ago-26;16,00;16.97;31,99;0,86;;5
10/08/26;PUIG;CALL;Ago-26;16,50;16.97;31,66;0,71;;5
10/08/26;PUIG;CALL;Ago-26;17,00;16.97;31,30;0,50;;8
10/08/26;PUIG;CALL;Ago-26;17,50;16.97;30,38;0,29;;6
10/08/26;PUIG;CALL;Ago-26;18,00;16.97;29,46;0,13;;13
10/08/26;PUIG;CALL;Sep-26;11,00;16.97;40,99;1,00;;1
10/08/26;PUIG;CALL;Sep-26;14,50;16.97;38,85;0,91;;3
10/08/26;PUIG;CALL;Sep-26;16,00;16.97;37,94;0,71;;9
10/08/26;PUIG;CALL;Sep-26;16,50;16.97;37,64;0,62;;1
10/08/26;PUIG;CALL;Sep-26;17,00;16.97;37,32;0,53;;18
10/08/26;PUIG;CALL;Sep-26;17,50;16.97;36,80;0,43;;8.911
10/08/26;PUIG;CALL;Sep-26;18,00;16.97;36,28;0,34;5;9
10/08/26;PUIG;CALL;Sep-26;18,50;16.97;35,76;0,26;;19
10/08/26;PUIG;CALL;Sep-26;19,00;16.97;35,24;0,19;;8
10/08/26;PUIG;CALL;Sep-26;19,50;16.97;34,72;0,13;;2
10/08/26;PUIG;CALL;Sep-26;20,00;16.97;34,20;0,08;;14
10/08/26;PUIG;CALL;Sep-26;21,00;16.97;33,15;0,03;;8.553
10/08/26;PUIG;CALL;Oct-26;17,00;16.97;37,97;0,54;;5
10/08/26;PUIG;CALL;Dic-26;15,00;16.97;37,82;0,76;;3
10/08/26;PUIG;CALL;Dic-26;16,50;16.97;37,00;0,61;;2
10/08/26;PUIG;CALL;Dic-26;17,00;16.97;36,74;0,56;;10
10/08/26;PUIG;CALL;Dic-26;18,00;16.97;36,62;0,45;;38
10/08/26;PUIG;CALL;Dic-26;18,50;16.97;36,56;0,40;;6
10/08/26;PUIG;CALL;Dic-26;19,00;16.97;36,50;0,36;;1
10/08/26;PUIG;CALL;Dic-26;19,50;16.97;36,44;0,31;;20
10/08/26;PUIG;CALL;Dic-26;22,00;16.97;36,15;0,15;;1
10/08/26;PUIG;CALL;Dic-26;23,00;16.97;36,03;0,10;;1
10/08/26;PUIG;CALL;Jun-27;11,00;16.97;35,50;0,95;;5
10/08/26;PUIG;CALL;Jun-27;15,50;16.97;33,82;0,70;;4
10/08/26;PUIG;CALL;Jun-27;16,00;16.97;33,63;0,66;;1
10/08/26;PUIG;CALL;Jun-27;16,50;16.97;33,45;0,62;;2
10/08/26;PUIG;PUT;Ago-26;12,50;16.97;34,59;;;3
10/08/26;PUIG;PUT;Ago-26;14,50;16.97;33,29;;;10
10/08/26;PUIG;PUT;Ago-26;15,00;16.97;32,97;-0,01;;6
10/08/26;PUIG;PUT;Ago-26;15,50;16.97;32,64;-0,05;;4
10/08/26;PUIG;PUT;Ago-26;16,00;16.97;32,32;-0,14;;5
10/08/26;PUIG;PUT;Ago-26;16,50;16.97;31,99;-0,29;;20
10/08/26;PUIG;PUT;Ago-26;17,00;16.97;31,63;-0,50;;15
10/08/26;PUIG;PUT;Sep-26;12,00;16.97;39,75;;;5
10/08/26;PUIG;PUT;Sep-26;12,50;16.97;39,44;-0,01;;149
10/08/26;PUIG;PUT;Sep-26;13,00;16.97;39,14;-0,02;;22
10/08/26;PUIG;PUT;Sep-26;13,50;16.97;38,83;-0,03;;18
10/08/26;PUIG;PUT;Sep-26;14,00;16.97;38,53;-0,05;;42
10/08/26;PUIG;PUT;Sep-26;14,50;16.97;38,22;-0,09;;1
10/08/26;PUIG;PUT;Sep-26;15,00;16.97;37,92;-0,14;;8.347
10/08/26;PUIG;PUT;Sep-26;15,50;16.97;37,62;-0,21;;6
10/08/26;PUIG;PUT;Sep-26;16,00;16.97;37,31;-0,29;;253
10/08/26;PUIG;PUT;Sep-26;16,50;16.97;37,01;-0,38;;23
10/08/26;PUIG;PUT;Sep-26;17,00;16.97;36,69;-0,48;;5
10/08/26;PUIG;PUT;Sep-26;17,50;16.97;36,17;-0,57;;4
10/08/26;PUIG;PUT;Oct-26;16,50;16.97;37,45;-0,39;;3
10/08/26;PUIG;PUT;Oct-26;17,00;16.97;37,15;-0,47;;5
10/08/26;PUIG;PUT;Dic-26;11,00;16.97;38,96;-0,02;;2
10/08/26;PUIG;PUT;Dic-26;12,00;16.97;38,41;-0,05;;500
10/08/26;PUIG;PUT;Dic-26;12,50;16.97;38,14;-0,07;;5
10/08/26;PUIG;PUT;Dic-26;13,00;16.97;37,86;-0,09;;3
10/08/26;PUIG;PUT;Dic-26;13,50;16.97;37,59;-0,12;;4
10/08/26;PUIG;PUT;Dic-26;14,00;16.97;37,31;-0,16;;47
10/08/26;PUIG;PUT;Dic-26;14,50;16.97;37,04;-0,20;;2.467
10/08/26;PUIG;PUT;Dic-26;15,00;16.97;36,76;-0,24;;41
10/08/26;PUIG;PUT;Dic-26;15,50;16.97;36,49;-0,29;;30
10/08/26;PUIG;PUT;Dic-26;16,00;16.97;36,21;-0,34;;31
10/08/26;PUIG;PUT;Dic-26;16,50;16.97;35,94;-0,39;;21
10/08/26;PUIG;PUT;Dic-26;17,00;16.97;35,68;-0,45;;11
10/08/26;PUIG;PUT;Dic-26;17,50;16.97;35,62;-0,50;;10
10/08/26;PUIG;PUT;Dic-26;18,00;16.97;35,56;-0,56;;5
10/08/26;PUIG;PUT;Dic-26;21,00;16.97;35,21;-0,82;;6
10/08/26;PUIG;PUT;Dic-26;32,00;16.97;33,91;-1,00;1;
10/08/26;PUIG;PUT;Mar-27;12,00;16.97;37,08;-0,08;;1
10/08/26;PUIG;PUT;Mar-27;13,00;16.97;36,59;-0,13;;1
10/08/26;PUIG;PUT;Mar-27;13,50;16.97;36,34;-0,16;;5
10/08/26;PUIG;PUT;Mar-27;14,00;16.97;36,10;-0,19;;2
10/08/26;PUIG;PUT;Mar-27;15,00;16.97;35,61;-0,27;;10
10/08/26;PUIG;PUT;Mar-27;15,50;16.97;35,36;-0,31;;7
10/08/26;PUIG;PUT;Mar-27;16,00;16.97;35,12;-0,35;;85
10/08/26;PUIG;PUT;Mar-27;16,50;16.97;34,87;-0,39;;274
10/08/26;PUIG;PUT;Jun-27;14,00;16.97;32,90;-0,22;;4
10/08/26;PUIG;PUT;Jun-27;16,00;16.97;32,15;-0,37;;411
10/08/26;PUIG;PUT;Jun-27;16,50;16.97;31,97;-0,41;;2
10/08/26;PUIG;PUT;Jun-27;21,00;16.97;29,65;-0,74;;20
10/08/26;PUIG;PUT;Sep-27;11,00;16.97;31,64;-0,07;;19
10/08/26;PUIG;PUT;Dic-27;15,00;16.97;29,27;-0,30;;4
10/08/26;PUIG;PUT;Dic-27;15,50;16.97;29,16;-0,33;;162
10/08/26;PUIG;PUT;Dic-27;16,00;16.97;29,04;-0,37;;156
10/08/26;PUIG;PUT;Dic-27;16,50;16.97;28,92;-0,40;;151
10/08/26;PUIG;PUT;Mar-28;17,50;16.97;27,82;-0,47;;143
10/08/26;REDEIA;CALL;Ago-26;15,50;15.31;13,98;0,32;;2
10/08/26;REDEIA;CALL;Ago-26;16,00;15.31;13,29;0,03;;10
10/08/26;REDEIA;CALL;Sep-26;14,00;15.31;18,92;0,94;;1
10/08/26;REDEIA;CALL;Sep-26;15,00;15.31;17,33;0,67;;10
10/08/26;REDEIA;CALL;Sep-26;15,50;15.31;16,59;0,44;1;14
10/08/26;REDEIA;CALL;Sep-26;16,00;15.31;15,94;0,22;;12
10/08/26;REDEIA;CALL;Sep-26;16,50;15.31;15,29;0,08;;4
10/08/26;REDEIA;CALL;Sep-26;17,00;15.31;14,63;0,02;;35
10/08/26;REDEIA;CALL;Sep-26;17,50;15.31;13,98;;;1
10/08/26;REDEIA;CALL;Sep-26;18,50;15.31;12,67;;;1
10/08/26;REDEIA;CALL;Dic-26;14,00;15.31;19,14;0,82;;36
10/08/26;REDEIA;CALL;Dic-26;15,00;15.31;17,92;0,63;;25
10/08/26;REDEIA;CALL;Dic-26;15,50;15.31;17,33;0,51;;17
10/08/26;REDEIA;CALL;Dic-26;16,00;15.31;16,79;0,38;;264
10/08/26;REDEIA;CALL;Dic-26;16,50;15.31;16,24;0,26;;23
10/08/26;REDEIA;CALL;Dic-26;17,00;15.31;15,70;0,16;;25
10/08/26;REDEIA;CALL;Dic-26;17,50;15.31;15,16;0,09;;26
10/08/26;REDEIA;CALL;Dic-26;18,00;15.31;14,61;0,04;;2
10/08/26;REDEIA;CALL;Mar-27;13,50;15.31;20,05;0,84;;1
10/08/26;REDEIA;CALL;Mar-27;14,00;15.31;19,56;0,78;;10
10/08/26;REDEIA;CALL;Mar-27;15,50;15.31;18,09;0,51;;138
10/08/26;REDEIA;CALL;Mar-27;16,00;15.31;17,60;0,42;;206
10/08/26;REDEIA;CALL;Mar-27;16,50;15.31;17,11;0,32;;27
10/08/26;REDEIA;CALL;Mar-27;17,00;15.31;16,62;0,24;;6
10/08/26;REDEIA;CALL;Mar-27;17,50;15.31;16,13;0,16;;137
10/08/26;REDEIA;CALL;Jun-27;16,00;15.31;18,25;0,45;;1
10/08/26;REDEIA;CALL;Jun-27;16,50;15.31;17,77;0,37;;2
10/08/26;REDEIA;CALL;Jun-27;17,00;15.31;17,29;0,30;;6
10/08/26;REDEIA;CALL;Jun-27;18,00;15.31;16,33;0,17;;1
10/08/26;REDEIA;CALL;Dic-27;14,50;15.31;19,58;0,66;;278
10/08/26;REDEIA;CALL;Dic-27;18,00;15.31;16,40;0,20;;6
10/08/26;REDEIA;PUT;Ago-26;14,00;15.31;20,45;-0,01;;10
10/08/26;REDEIA;PUT;Ago-26;14,50;15.31;19,59;-0,05;;36
10/08/26;REDEIA;PUT;Ago-26;15,00;15.31;18,73;-0,25;;59
10/08/26;REDEIA;PUT;Ago-26;15,50;15.31;17,94;-0,64;;1
10/08/26;REDEIA;PUT;Ago-26;16,00;15.31;17,25;-0,93;;2
10/08/26;REDEIA;PUT;Sep-26;12,50;15.31;21,50;;;11
10/08/26;REDEIA;PUT;Sep-26;13,00;15.31;20,70;-0,01;;9
10/08/26;REDEIA;PUT;Sep-26;13,50;15.31;19,91;-0,02;;59
10/08/26;REDEIA;PUT;Sep-26;14,00;15.31;19,11;-0,07;;30
10/08/26;REDEIA;PUT;Sep-26;14,50;15.31;18,32;-0,17;;12
10/08/26;REDEIA;PUT;Sep-26;15,00;15.31;17,52;-0,34;;23
10/08/26;REDEIA;PUT;Sep-26;15,50;15.31;16,78;-0,57;;11
10/08/26;REDEIA;PUT;Sep-26;16,00;15.31;16,13;-0,79;;32
10/08/26;REDEIA;PUT;Sep-26;16,50;15.31;15,48;-0,95;;1
10/08/26;REDEIA;PUT;Oct-26;14,50;15.31;17,87;-0,21;1;3
10/08/26;REDEIA;PUT;Oct-26;15,00;15.31;17,11;-0,36;1;1
10/08/26;REDEIA;PUT;Oct-26;16,00;15.31;15,75;-0,73;;3
10/08/26;REDEIA;PUT;Dic-26;11,50;15.31;21,88;-0,01;;20
10/08/26;REDEIA;PUT;Dic-26;12,00;15.31;21,27;-0,02;;12
10/08/26;REDEIA;PUT;Dic-26;12,50;15.31;20,66;-0,04;1;15
10/08/26;REDEIA;PUT;Dic-26;13,00;15.31;20,05;-0,07;;6
10/08/26;REDEIA;PUT;Dic-26;13,50;15.31;19,44;-0,11;1;85
10/08/26;REDEIA;PUT;Dic-26;14,00;15.31;18,83;-0,18;;111
10/08/26;REDEIA;PUT;Dic-26;14,50;15.31;18,22;-0,27;70;159
10/08/26;REDEIA;PUT;Dic-26;15,00;15.31;17,61;-0,38;;31
10/08/26;REDEIA;PUT;Dic-26;15,50;15.31;17,02;-0,51;;3
10/08/26;REDEIA;PUT;Dic-26;16,00;15.31;16,48;-0,64;;8
10/08/26;REDEIA;PUT;Dic-26;17,00;15.31;15,39;-0,90;;1
10/08/26;REDEIA;PUT;Mar-27;11,50;15.31;20,70;-0,03;;1
10/08/26;REDEIA;PUT;Mar-27;12,00;15.31;20,21;-0,05;;8
10/08/26;REDEIA;PUT;Mar-27;12,50;15.31;19,72;-0,08;;8
10/08/26;REDEIA;PUT;Mar-27;13,00;15.31;19,23;-0,12;2;101
10/08/26;REDEIA;PUT;Mar-27;13,50;15.31;18,74;-0,18;;15
10/08/26;REDEIA;PUT;Mar-27;14,00;15.31;18,25;-0,24;;162
10/08/26;REDEIA;PUT;Mar-27;14,50;15.31;17,76;-0,33;;5
10/08/26;REDEIA;PUT;Mar-27;15,00;15.31;17,27;-0,42;;1
10/08/26;REDEIA;PUT;Mar-27;15,50;15.31;16,78;-0,52;;3
10/08/26;REDEIA;PUT;Mar-27;16,00;15.31;16,29;-0,62;;1
10/08/26;REDEIA;PUT;Mar-27;17,00;15.31;15,31;-0,81;;3
10/08/26;REDEIA;PUT;Jun-27;12,50;15.31;19,51;-0,11;;4
10/08/26;REDEIA;PUT;Jun-27;13,50;15.31;18,71;-0,20;2;2
10/08/26;REDEIA;PUT;Jun-27;14,00;15.31;18,31;-0,26;1;2
10/08/26;REDEIA;PUT;Jun-27;14,50;15.31;17,90;-0,34;;53
10/08/26;REDEIA;PUT;Jun-27;15,00;15.31;17,50;-0,42;;5
10/08/26;REDEIA;PUT;Jun-27;15,50;15.31;17,07;-0,50;;13
10/08/26;REDEIA;PUT;Jun-27;16,00;15.31;16,59;-0,59;;1
10/08/26;REDEIA;PUT;Sep-27;12,50;15.31;18,75;-0,16;;5
10/08/26;REDEIA;PUT;Dic-27;14,00;15.31;17,36;-0,34;;20
10/08/26;REDEIA;PUT;Dic-27;15,00;15.31;16,75;-0,48;;11
10/08/26;REDEIA;PUT;Dic-27;19,00;15.31;12,86;-0,96;;6
10/08/26;REDEIA;PUT;Dic-28;13,00;15.31;17,40;-0,30;;1
10/08/26;REDEIA;PUT;Sep-26;14,00;15.31;19,11;-0,07;;1
10/08/26;REDEIA;PUT;Sep-26;14,50;15.31;18,32;-0,17;;6
10/08/26;REDEIA;PUT;Sep-26;15,00;15.31;17,52;-0,33;;1
10/08/26;REDEIA;PUT;Dic-26;13,50;15.31;19,44;-0,11;;4
10/08/26;REDEIA;PUT;Dic-26;15,00;15.31;17,61;-0,37;;6
10/08/26;REDEIA;PUT;Mar-27;14,00;15.31;18,25;-0,24;;2
10/08/26;REPSOL;CALL;Ago-26;21,00;25.74;38,02;1,00;;94
10/08/26;REPSOL;CALL;Ago-26;22,00;25.74;36,66;0,99;;8
10/08/26;REPSOL;CALL;Ago-26;23,00;25.74;35,30;0,97;;64
10/08/26;REPSOL;CALL;Ago-26;24,00;25.74;33,94;0,89;;189
10/08/26;REPSOL;CALL;Ago-26;25,00;25.74;32,58;0,71;;31
10/08/26;REPSOL;CALL;Ago-26;26,00;25.74;31,41;0,44;;178
10/08/26;REPSOL;CALL;Ago-26;27,00;25.74;30,80;0,20;1;85
10/08/26;REPSOL;CALL;Ago-26;28,00;25.74;30,19;0,06;;412
10/08/26;REPSOL;CALL;Ago-26;29,00;25.74;29,59;0,01;;2
10/08/26;REPSOL;CALL;Ago-26;30,00;25.74;28,98;;;50
10/08/26;REPSOL;CALL;Sep-26;16,50;25.74;40,29;1,00;;4
10/08/26;REPSOL;CALL;Sep-26;18,00;25.74;38,76;1,00;;1
10/08/26;REPSOL;CALL;Sep-26;20,00;25.74;36,71;0,99;;17
10/08/26;REPSOL;CALL;Sep-26;20,50;25.74;36,20;0,98;;1
10/08/26;REPSOL;CALL;Sep-26;21,00;25.74;35,69;0,97;;162
10/08/26;REPSOL;CALL;Sep-26;22,00;25.74;34,67;0,93;;11.943
10/08/26;REPSOL;CALL;Sep-26;23,00;25.74;33,64;0,86;;186
10/08/26;REPSOL;CALL;Sep-26;24,00;25.74;32,62;0,77;;178
10/08/26;REPSOL;CALL;Sep-26;25,00;25.74;31,60;0,64;;535
10/08/26;REPSOL;CALL;Sep-26;26,00;25.74;30,76;0,49;1;193
10/08/26;REPSOL;CALL;Sep-26;27,00;25.74;30,45;0,34;;193
10/08/26;REPSOL;CALL;Sep-26;28,00;25.74;30,14;0,22;1;68
10/08/26;REPSOL;CALL;Sep-26;29,00;25.74;29,83;0,13;;5
10/08/26;REPSOL;CALL;Sep-26;30,00;25.74;29,52;0,07;;6
10/08/26;REPSOL;CALL;Sep-26;31,00;25.74;29,21;0,03;;1
10/08/26;REPSOL;CALL;Oct-26;27,00;25.74;30,95;0,40;;25
10/08/26;REPSOL;CALL;Dic-26;12,00;25.74;38,55;1,00;;2
10/08/26;REPSOL;CALL;Dic-26;13,00;25.74;37,98;1,00;;10
10/08/26;REPSOL;CALL;Dic-26;15,00;25.74;36,84;1,00;;150
10/08/26;REPSOL;CALL;Dic-26;15,50;25.74;36,55;0,99;;160
10/08/26;REPSOL;CALL;Dic-26;16,00;25.74;36,27;0,99;;150
10/08/26;REPSOL;CALL;Dic-26;16,50;25.74;35,98;0,99;;151
10/08/26;REPSOL;CALL;Dic-26;17,00;25.74;35,70;0,98;;75
10/08/26;REPSOL;CALL;Dic-26;17,50;25.74;35,42;0,98;;48
10/08/26;REPSOL;CALL;Dic-26;18,00;25.74;35,13;0,97;;107
10/08/26;REPSOL;CALL;Dic-26;18,50;25.74;34,85;0,96;;354
10/08/26;REPSOL;CALL;Dic-26;19,00;25.74;34,56;0,95;;15
10/08/26;REPSOL;CALL;Dic-26;19,50;25.74;34,28;0,93;;101
10/08/26;REPSOL;CALL;Dic-26;20,00;25.74;33,99;0,92;;64
10/08/26;REPSOL;CALL;Dic-26;21,00;25.74;33,42;0,88;;7
10/08/26;REPSOL;CALL;Dic-26;22,00;25.74;32,85;0,83;;4.060
10/08/26;REPSOL;CALL;Dic-26;23,00;25.74;32,28;0,77;;12
10/08/26;REPSOL;CALL;Dic-26;24,00;25.74;31,71;0,69;;11.642
10/08/26;REPSOL;CALL;Dic-26;25,00;25.74;31,14;0,62;;54
10/08/26;REPSOL;CALL;Dic-26;26,00;25.74;30,66;0,53;5;1.190
10/08/26;REPSOL;CALL;Dic-26;27,00;25.74;30,41;0,45;;7
10/08/26;REPSOL;CALL;Dic-26;28,00;25.74;30,16;0,37;;62
10/08/26;REPSOL;CALL;Dic-26;29,00;25.74;29,92;0,30;;26
10/08/26;REPSOL;CALL;Dic-26;30,00;25.74;29,67;0,23;;43
10/08/26;REPSOL;CALL;Dic-26;31,00;25.74;29,43;0,18;;3
10/08/26;REPSOL;CALL;Dic-26;32,00;25.74;29,18;0,13;;7
10/08/26;REPSOL;CALL;Mar-27;14,50;25.74;38,56;0,99;;5
10/08/26;REPSOL;CALL;Mar-27;16,00;25.74;37,51;0,98;;15
10/08/26;REPSOL;CALL;Mar-27;16,50;25.74;37,16;0,97;;25
10/08/26;REPSOL;CALL;Mar-27;17,00;25.74;36,81;0,96;;2
10/08/26;REPSOL;CALL;Mar-27;17,50;25.74;36,46;0,95;;32
10/08/26;REPSOL;CALL;Mar-27;18,00;25.74;36,11;0,94;;55
10/08/26;REPSOL;CALL;Mar-27;18,50;25.74;35,76;0,93;;16
10/08/26;REPSOL;CALL;Mar-27;19,00;25.74;35,41;0,91;;35
10/08/26;REPSOL;CALL;Mar-27;19,50;25.74;35,06;0,90;;10
10/08/26;REPSOL;CALL;Mar-27;20,00;25.74;34,71;0,88;;25
10/08/26;REPSOL;CALL;Mar-27;22,00;25.74;33,32;0,79;;27
10/08/26;REPSOL;CALL;Mar-27;23,00;25.74;32,62;0,74;;4.000
10/08/26;REPSOL;CALL;Mar-27;24,00;25.74;31,92;0,67;;331
10/08/26;REPSOL;CALL;Mar-27;25,00;25.74;31,22;0,61;;156
10/08/26;REPSOL;CALL;Mar-27;26,00;25.74;30,65;0,54;;1
10/08/26;REPSOL;CALL;Mar-27;27,00;25.74;30,47;0,47;;25
10/08/26;REPSOL;CALL;Mar-27;28,00;25.74;30,29;0,41;;1
10/08/26;REPSOL;CALL;Mar-27;29,00;25.74;30,11;0,35;;2.001
10/08/26;REPSOL;CALL;Mar-27;30,00;25.74;29,93;0,29;;1
10/08/26;REPSOL;CALL;Mar-27;31,00;25.74;29,75;0,24;;1
10/08/26;REPSOL;CALL;Mar-27;32,00;25.74;29,57;0,20;;180
10/08/26;REPSOL;CALL;Jun-27;11,00;25.74;39,81;1,00;;1
10/08/26;REPSOL;CALL;Jun-27;15,00;25.74;37,22;0,98;;75
10/08/26;REPSOL;CALL;Jun-27;15,50;25.74;36,90;0,97;;50
10/08/26;REPSOL;CALL;Jun-27;16,50;25.74;36,25;0,95;;53
10/08/26;REPSOL;CALL;Jun-27;17,00;25.74;35,93;0,94;;1.019
10/08/26;REPSOL;CALL;Jun-27;17,50;25.74;35,61;0,93;;27
10/08/26;REPSOL;CALL;Jun-27;19,00;25.74;34,63;0,89;;1
10/08/26;REPSOL;CALL;Jun-27;19,50;25.74;34,31;0,87;;1
10/08/26;REPSOL;CALL;Jun-27;25,00;25.74;30,75;0,60;;12
10/08/26;REPSOL;CALL;Jun-27;26,00;25.74;30,23;0,55;;8
10/08/26;REPSOL;CALL;Jun-27;27,00;25.74;30,07;0,49;;3
10/08/26;REPSOL;CALL;Jun-27;29,00;25.74;29,76;0,39;;1
10/08/26;REPSOL;CALL;Jun-27;30,00;25.74;29,61;0,34;;20
10/08/26;REPSOL;CALL;Sep-27;15,50;25.74;37,88;0,96;;1
10/08/26;REPSOL;CALL;Sep-27;18,00;25.74;36,16;0,90;;3.000
10/08/26;REPSOL;CALL;Sep-27;18,50;25.74;35,82;0,89;;3.000
10/08/26;REPSOL;CALL;Sep-27;20,00;25.74;34,79;0,83;;2.000
10/08/26;REPSOL;CALL;Sep-27;21,00;25.74;34,10;0,79;;6
10/08/26;REPSOL;CALL;Sep-27;22,00;25.74;33,42;0,75;;5
10/08/26;REPSOL;CALL;Sep-27;24,00;25.74;32,04;0,65;;2
10/08/26;REPSOL;CALL;Sep-27;27,00;25.74;30,62;0,50;;1
10/08/26;REPSOL;CALL;Dic-27;12,00;25.74;40,31;0,99;;2
10/08/26;REPSOL;CALL;Dic-27;14,00;25.74;38,91;0,98;;1.400
10/08/26;REPSOL;CALL;Dic-27;15,00;25.74;38,21;0,96;;149
10/08/26;REPSOL;CALL;Dic-27;15,50;25.74;37,86;0,95;;2
10/08/26;REPSOL;CALL;Dic-27;16,00;25.74;37,51;0,94;;3
10/08/26;REPSOL;CALL;Dic-27;16,50;25.74;37,16;0,93;;1.528
10/08/26;REPSOL;CALL;Dic-27;17,00;25.74;36,81;0,91;;24
10/08/26;REPSOL;CALL;Dic-27;17,50;25.74;36,46;0,90;;2
10/08/26;REPSOL;CALL;Dic-27;18,00;25.74;36,11;0,88;;3
10/08/26;REPSOL;CALL;Dic-27;19,50;25.74;35,06;0,83;;5
10/08/26;REPSOL;CALL;Dic-27;20,00;25.74;34,71;0,81;;10.000
10/08/26;REPSOL;CALL;Dic-27;23,00;25.74;32,62;0,69;;4
10/08/26;REPSOL;CALL;Dic-27;24,00;25.74;31,92;0,65;;5.000
10/08/26;REPSOL;CALL;Dic-27;25,00;25.74;31,22;0,60;;1
10/08/26;REPSOL;CALL;Mar-28;16,50;25.74;36,71;0,92;;1
10/08/26;REPSOL;CALL;Mar-28;18,00;25.74;35,70;0,88;;1
10/08/26;REPSOL;CALL;Mar-28;19,00;25.74;35,03;0,85;;5
10/08/26;REPSOL;CALL;Mar-28;24,00;25.74;31,66;0,65;;6
10/08/26;REPSOL;CALL;Mar-28;25,00;25.74;30,99;0,60;;1.000
10/08/26;REPSOL;CALL;Mar-28;26,00;25.74;30,44;0,56;;2.000
10/08/26;REPSOL;CALL;Mar-28;27,00;25.74;30,26;0,52;;2.000
10/08/26;REPSOL;CALL;Mar-28;32,00;25.74;29,36;0,33;;2.000
10/08/26;REPSOL;CALL;Mar-28;33,00;25.74;29,17;0,29;;800
10/08/26;REPSOL;CALL;Jun-28;10,00;25.74;40,57;1,00;;10
10/08/26;REPSOL;CALL;Jun-28;19,00;25.74;35,09;0,83;;6
10/08/26;REPSOL;CALL;Jun-28;20,00;25.74;34,48;0,79;;10
10/08/26;REPSOL;CALL;Jun-28;22,00;25.74;33,27;0,72;;4
10/08/26;REPSOL;CALL;Jun-28;24,00;25.74;32,05;0,64;;2.500
10/08/26;REPSOL;CALL;Jun-28;32,00;25.74;29,94;0,36;;1.000
10/08/26;REPSOL;CALL;Sep-28;18,50;25.74;35,41;0,85;;1
10/08/26;REPSOL;CALL;Dic-28;16,00;25.74;36,45;0,92;;2.000
10/08/26;REPSOL;CALL;Dic-28;24,00;25.74;32,41;0,64;;1.500
10/08/26;REPSOL;CALL;Dic-28;27,00;25.74;31,37;0,54;;1
10/08/26;REPSOL;CALL;Dic-29;10,00;25.74;37,27;1,00;;200
10/08/26;REPSOL;CALL;Dic-29;11,50;25.74;36,72;1,00;;1
10/08/26;REPSOL;CALL;Dic-29;12,00;25.74;36,54;1,00;;1
10/08/26;REPSOL;CALL;Dic-29;12,50;25.74;36,36;1,00;;3
10/08/26;REPSOL;CALL;Dic-29;17,00;25.74;34,73;0,88;;25
10/08/26;REPSOL;CALL;Dic-30;22,00;25.74;32,67;0,71;;1.500
10/08/26;REPSOL;CALL;Dic-30;26,00;25.74;31,60;0,59;;3.000
10/08/26;REPSOL;PUT;Ago-26;17,50;25.74;42,00;;;2
10/08/26;REPSOL;PUT;Ago-26;18,00;25.74;41,32;;;6
10/08/26;REPSOL;PUT;Ago-26;19,00;25.74;39,96;;;1
10/08/26;REPSOL;PUT;Ago-26;19,50;25.74;39,28;;;13
10/08/26;REPSOL;PUT;Ago-26;20,00;25.74;38,60;;;30
10/08/26;REPSOL;PUT;Ago-26;20,50;25.74;37,93;;;8
10/08/26;REPSOL;PUT;Ago-26;21,00;25.74;37,25;;;30
10/08/26;REPSOL;PUT;Ago-26;22,00;25.74;35,89;;;16
10/08/26;REPSOL;PUT;Ago-26;23,00;25.74;34,53;-0,03;;120
10/08/26;REPSOL;PUT;Ago-26;24,00;25.74;33,17;-0,11;;322
10/08/26;REPSOL;PUT;Ago-26;25,00;25.74;31,81;-0,29;1;28
10/08/26;REPSOL;PUT;Ago-26;26,00;25.74;30,64;-0,56;;4
10/08/26;REPSOL;PUT;Ago-26;34,00;25.74;25,77;-1,00;;3
10/08/26;REPSOL;PUT;Sep-26;6,75;25.74;49,14;;;2
10/08/26;REPSOL;PUT;Sep-26;10,50;25.74;45,30;;;9
10/08/26;REPSOL;PUT;Sep-26;11,00;25.74;44,79;;;30
10/08/26;REPSOL;PUT;Sep-26;11,50;25.74;44,28;;;51
10/08/26;REPSOL;PUT;Sep-26;12,00;25.74;43,77;;;295
10/08/26;REPSOL;PUT;Sep-26;12,50;25.74;43,26;;;80
10/08/26;REPSOL;PUT;Sep-26;13,00;25.74;42,74;;;119
10/08/26;REPSOL;PUT;Sep-26;13,50;25.74;42,23;;;12
10/08/26;REPSOL;PUT;Sep-26;14,00;25.74;41,72;;;143
10/08/26;REPSOL;PUT;Sep-26;14,50;25.74;41,21;;;277
10/08/26;REPSOL;PUT;Sep-26;15,00;25.74;40,70;;;35
10/08/26;REPSOL;PUT;Sep-26;15,50;25.74;40,19;;;6
10/08/26;REPSOL;PUT;Sep-26;16,00;25.74;39,67;;;10
10/08/26;REPSOL;PUT;Sep-26;16,50;25.74;39,16;;;200
10/08/26;REPSOL;PUT;Sep-26;17,00;25.74;38,65;;;654
10/08/26;REPSOL;PUT;Sep-26;17,50;25.74;38,14;;;204
10/08/26;REPSOL;PUT;Sep-26;18,00;25.74;37,63;;;15.360
10/08/26;REPSOL;PUT;Sep-26;18,50;25.74;37,12;;;211
10/08/26;REPSOL;PUT;Sep-26;19,00;25.74;36,61;;;14
10/08/26;REPSOL;PUT;Sep-26;19,50;25.74;36,09;-0,01;;104
10/08/26;REPSOL;PUT;Sep-26;20,00;25.74;35,58;-0,01;;8
10/08/26;REPSOL;PUT;Sep-26;20,50;25.74;35,07;-0,02;;5
10/08/26;REPSOL;PUT;Sep-26;21,00;25.74;34,56;-0,03;;1.504
10/08/26;REPSOL;PUT;Sep-26;22,00;25.74;33,54;-0,07;;1.105
10/08/26;REPSOL;PUT;Sep-26;23,00;25.74;32,51;-0,13;1;14
10/08/26;REPSOL;PUT;Sep-26;24,00;25.74;31,49;-0,23;1;22
10/08/26;REPSOL;PUT;Sep-26;25,00;25.74;30,47;-0,36;1;11
10/08/26;REPSOL;PUT;Sep-26;26,00;25.74;29,63;-0,51;;5
10/08/26;REPSOL;PUT;Sep-26;27,00;25.74;29,32;-0,67;;150
10/08/26;REPSOL;PUT;Oct-26;22,00;25.74;33,05;-0,11;;2
10/08/26;REPSOL;PUT;Oct-26;24,00;25.74;31,39;-0,27;;1
10/08/26;REPSOL;PUT;Oct-26;25,00;25.74;30,56;-0,38;;1
10/08/26;REPSOL;PUT;Oct-26;26,00;25.74;29,85;-0,50;;1
10/08/26;REPSOL;PUT;Oct-26;27,00;25.74;29,48;-0,62;;150
10/08/26;REPSOL;PUT;Dic-26;8,00;25.74;40,67;;;9.500
10/08/26;REPSOL;PUT;Dic-26;8,75;25.74;40,24;;;1
10/08/26;REPSOL;PUT;Dic-26;9,00;25.74;40,10;;;13.015
10/08/26;REPSOL;PUT;Dic-26;9,50;25.74;39,81;;;750
10/08/26;REPSOL;PUT;Dic-26;10,00;25.74;39,53;;;34.000
10/08/26;REPSOL;PUT;Dic-26;10,50;25.74;39,24;;;1.000
10/08/26;REPSOL;PUT;Dic-26;11,00;25.74;38,96;;;15.621
10/08/26;REPSOL;PUT;Dic-26;11,50;25.74;38,67;;;3.187
10/08/26;REPSOL;PUT;Dic-26;12,00;25.74;38,39;;;15.760
10/08/26;REPSOL;PUT;Dic-26;12,50;25.74;38,10;;;156
10/08/26;REPSOL;PUT;Dic-26;13,00;25.74;37,82;;;12.000
10/08/26;REPSOL;PUT;Dic-26;13,50;25.74;37,53;;;1
10/08/26;REPSOL;PUT;Dic-26;14,00;25.74;37,25;;;11.025
10/08/26;REPSOL;PUT;Dic-26;14,50;25.74;36,96;;;224
10/08/26;REPSOL;PUT;Dic-26;15,00;25.74;36,68;;;4.184
10/08/26;REPSOL;PUT;Dic-26;15,50;25.74;36,39;-0,01;;21.501
10/08/26;REPSOL;PUT;Dic-26;16,00;25.74;36,11;-0,01;;2.160
10/08/26;REPSOL;PUT;Dic-26;16,50;25.74;35,82;-0,01;;161
10/08/26;REPSOL;PUT;Dic-26;17,00;25.74;35,54;-0,02;;136
10/08/26;REPSOL;PUT;Dic-26;17,50;25.74;35,26;-0,02;;160
10/08/26;REPSOL;PUT;Dic-26;18,00;25.74;34,97;-0,03;;26
10/08/26;REPSOL;PUT;Dic-26;18,50;25.74;34,69;-0,04;;1
10/08/26;REPSOL;PUT;Dic-26;19,00;25.74;34,40;-0,05;;4.102
10/08/26;REPSOL;PUT;Dic-26;19,50;25.74;34,12;-0,07;;116
10/08/26;REPSOL;PUT;Dic-26;20,00;25.74;33,83;-0,08;;2.035
10/08/26;REPSOL;PUT;Dic-26;20,50;25.74;33,55;-0,10;;4
10/08/26;REPSOL;PUT;Dic-26;21,00;25.74;33,26;-0,12;;293
10/08/26;REPSOL;PUT;Dic-26;22,00;25.74;32,69;-0,17;;74
10/08/26;REPSOL;PUT;Dic-26;23,00;25.74;32,12;-0,24;;11
10/08/26;REPSOL;PUT;Dic-26;24,00;25.74;31,55;-0,31;6;21
10/08/26;REPSOL;PUT;Dic-26;25,00;25.74;30,98;-0,39;;19
10/08/26;REPSOL;PUT;Dic-26;26,00;25.74;30,50;-0,47;6;10
10/08/26;REPSOL;PUT;Dic-26;27,00;25.74;30,25;-0,56;;9
10/08/26;REPSOL;PUT;Dic-26;28,00;25.74;30,00;-0,64;;20
10/08/26;REPSOL;PUT;Mar-27;7,25;25.74;41,82;;;4
10/08/26;REPSOL;PUT;Mar-27;8,00;25.74;41,30;;;1
10/08/26;REPSOL;PUT;Mar-27;10,00;25.74;39,90;;;245
10/08/26;REPSOL;PUT;Mar-27;11,50;25.74;38,85;;;216
10/08/26;REPSOL;PUT;Mar-27;12,00;25.74;38,50;;;210
10/08/26;REPSOL;PUT;Mar-27;12,50;25.74;38,15;-0,01;;401
10/08/26;REPSOL;PUT;Mar-27;13,50;25.74;37,45;-0,01;;4
10/08/26;REPSOL;PUT;Mar-27;14,00;25.74;37,10;-0,01;;55
10/08/26;REPSOL;PUT;Mar-27;14,50;25.74;36,75;-0,02;;100
10/08/26;REPSOL;PUT;Mar-27;15,00;25.74;36,40;-0,02;;140
10/08/26;REPSOL;PUT;Mar-27;15,50;25.74;36,05;-0,03;;250
10/08/26;REPSOL;PUT;Mar-27;16,00;25.74;35,70;-0,03;;754
10/08/26;REPSOL;PUT;Mar-27;16,50;25.74;35,35;-0,04;;25
10/08/26;REPSOL;PUT;Mar-27;17,00;25.74;35,00;-0,05;;75
10/08/26;REPSOL;PUT;Mar-27;18,00;25.74;34,30;-0,07;;20
10/08/26;REPSOL;PUT;Mar-27;18,50;25.74;33,95;-0,09;;6
10/08/26;REPSOL;PUT;Mar-27;19,00;25.74;33,60;-0,10;;100
10/08/26;REPSOL;PUT;Mar-27;20,00;25.74;32,90;-0,14;;300
10/08/26;REPSOL;PUT;Mar-27;21,00;25.74;32,20;-0,18;;210
10/08/26;REPSOL;PUT;Mar-27;22,00;25.74;31,51;-0,23;;31
10/08/26;REPSOL;PUT;Mar-27;23,00;25.74;30,81;-0,29;;10
10/08/26;REPSOL;PUT;Mar-27;24,00;25.74;30,11;-0,35;;3
10/08/26;REPSOL;PUT;Mar-27;25,00;25.74;29,41;-0,42;;114
10/08/26;REPSOL;PUT;Mar-27;26,00;25.74;28,84;-0,49;;15
10/08/26;REPSOL;PUT;Mar-27;27,00;25.74;28,66;-0,56;;20
10/08/26;REPSOL;PUT;Mar-27;28,00;25.74;28,48;-0,62;;2
10/08/26;REPSOL;PUT;Jun-27;8,00;25.74;39,96;;;25.000
10/08/26;REPSOL;PUT;Jun-27;9,50;25.74;38,99;;;40
10/08/26;REPSOL;PUT;Jun-27;10,00;25.74;38,66;;;10
10/08/26;REPSOL;PUT;Jun-27;10,50;25.74;38,34;;;2
10/08/26;REPSOL;PUT;Jun-27;11,50;25.74;37,69;-0,01;;80
10/08/26;REPSOL;PUT;Jun-27;12,00;25.74;37,37;-0,01;;210
10/08/26;REPSOL;PUT;Jun-27;12,50;25.74;37,04;-0,01;;200
10/08/26;REPSOL;PUT;Jun-27;13,00;25.74;36,72;-0,01;;5.010
10/08/26;REPSOL;PUT;Jun-27;13,50;25.74;36,40;-0,02;;183
10/08/26;REPSOL;PUT;Jun-27;14,00;25.74;36,07;-0,02;;38
10/08/26;REPSOL;PUT;Jun-27;14,50;25.74;35,75;-0,03;;20
10/08/26;REPSOL;PUT;Jun-27;15,00;25.74;35,42;-0,04;;20
10/08/26;REPSOL;PUT;Jun-27;16,00;25.74;34,78;-0,05;;75
10/08/26;REPSOL;PUT;Jun-27;19,50;25.74;32,51;-0,14;;100
10/08/26;REPSOL;PUT;Jun-27;21,00;25.74;31,54;-0,20;;2
10/08/26;REPSOL;PUT;Jun-27;22,00;25.74;30,89;-0,25;;2
10/08/26;REPSOL;PUT;Jun-27;24,00;25.74;29,60;-0,35;;11
10/08/26;REPSOL;PUT;Jun-27;25,00;25.74;28,95;-0,41;;1
10/08/26;REPSOL;PUT;Jun-27;26,00;25.74;28,43;-0,47;;2
10/08/26;REPSOL;PUT;Sep-27;10,50;25.74;38,87;-0,01;;100
10/08/26;REPSOL;PUT;Sep-27;11,00;25.74;38,53;-0,01;;101
10/08/26;REPSOL;PUT;Sep-27;11,50;25.74;38,18;-0,01;;100
10/08/26;REPSOL;PUT;Sep-27;12,00;25.74;37,84;-0,02;;104
10/08/26;REPSOL;PUT;Sep-27;14,00;25.74;36,47;-0,04;;25
10/08/26;REPSOL;PUT;Sep-27;14,50;25.74;36,12;-0,05;;420
10/08/26;REPSOL;PUT;Sep-27;15,00;25.74;35,78;-0,06;;2
10/08/26;REPSOL;PUT;Sep-27;15,50;25.74;35,44;-0,07;;159
10/08/26;REPSOL;PUT;Sep-27;18,00;25.74;33,72;-0,13;;1.000
10/08/26;REPSOL;PUT;Sep-27;19,00;25.74;33,04;-0,16;;5
10/08/26;REPSOL;PUT;Sep-27;24,00;25.74;29,60;-0,38;;1
10/08/26;REPSOL;PUT;Sep-27;25,00;25.74;28,92;-0,43;;1
10/08/26;REPSOL;PUT;Dic-27;7,75;25.74;39,75;;;234
10/08/26;REPSOL;PUT;Dic-27;8,00;25.74;39,58;;;23.000
10/08/26;REPSOL;PUT;Dic-27;8,50;25.74;39,23;;;8.000
10/08/26;REPSOL;PUT;Dic-27;9,00;25.74;38,88;-0,01;;7.000
10/08/26;REPSOL;PUT;Dic-27;9,75;25.74;38,35;-0,01;;62
10/08/26;REPSOL;PUT;Dic-27;10,00;25.74;38,18;-0,01;;11.028
10/08/26;REPSOL;PUT;Dic-27;10,50;25.74;37,83;-0,01;;12.938
10/08/26;REPSOL;PUT;Dic-27;11,00;25.74;37,48;-0,02;;27.620
10/08/26;REPSOL;PUT;Dic-27;12,00;25.74;36,78;-0,02;;1
10/08/26;REPSOL;PUT;Dic-27;12,50;25.74;36,43;-0,03;;25
10/08/26;REPSOL;PUT;Dic-27;13,00;25.74;36,08;-0,03;;266
10/08/26;REPSOL;PUT;Dic-27;14,00;25.74;35,38;-0,05;;15.000
10/08/26;REPSOL;PUT;Dic-27;14,50;25.74;35,03;-0,06;;7
10/08/26;REPSOL;PUT;Dic-27;15,00;25.74;34,68;-0,07;;7.001
10/08/26;REPSOL;PUT;Dic-27;16,00;25.74;33,98;-0,08;;30.000
10/08/26;REPSOL;PUT;Dic-27;16,50;25.74;33,63;-0,10;;1.525
10/08/26;REPSOL;PUT;Dic-27;17,00;25.74;33,28;-0,11;;25
10/08/26;REPSOL;PUT;Dic-27;18,00;25.74;32,58;-0,13;;101
10/08/26;REPSOL;PUT;Dic-27;20,00;25.74;31,18;-0,20;;2
10/08/26;REPSOL;PUT;Dic-27;21,00;25.74;30,48;-0,24;;50
10/08/26;REPSOL;PUT;Dic-27;22,00;25.74;29,79;-0,28;;20
10/08/26;REPSOL;PUT;Dic-27;23,00;25.74;29,09;-0,32;;9
10/08/26;REPSOL;PUT;Dic-27;24,00;25.74;28,39;-0,37;;10
10/08/26;REPSOL;PUT;Dic-27;25,00;25.74;27,69;-0,42;;1
10/08/26;REPSOL;PUT;Dic-27;26,00;25.74;27,12;-0,47;;3
10/08/26;REPSOL;PUT;Mar-28;12,00;25.74;35,21;-0,03;;1.000
10/08/26;REPSOL;PUT;Mar-28;13,50;25.74;34,20;-0,05;;1.000
10/08/26;REPSOL;PUT;Mar-28;18,00;25.74;31,17;-0,15;;151
10/08/26;REPSOL;PUT;Mar-28;21,00;25.74;29,15;-0,25;;120
10/08/26;REPSOL;PUT;Mar-28;22,00;25.74;28,48;-0,29;;114
10/08/26;REPSOL;PUT;Mar-28;26,00;25.74;25,91;-0,48;;25
10/08/26;REPSOL;PUT;Jun-28;18,00;25.74;30,96;-0,16;;4.000
10/08/26;REPSOL;PUT;Jun-28;19,50;25.74;30,05;-0,20;;1
10/08/26;REPSOL;PUT;Jun-28;20,00;25.74;29,74;-0,22;;3.000
10/08/26;REPSOL;PUT;Jun-28;21,00;25.74;29,14;-0,26;;120
10/08/26;REPSOL;PUT;Jun-28;22,00;25.74;28,53;-0,30;;6.500
10/08/26;REPSOL;PUT;Jun-28;23,00;25.74;27,92;-0,34;;107
10/08/26;REPSOL;PUT;Sep-28;18,00;25.74;30,79;-0,17;;300
10/08/26;REPSOL;PUT;Dic-28;9,00;25.74;34,93;-0,01;;40.500
10/08/26;REPSOL;PUT;Dic-28;10,00;25.74;34,43;-0,02;;10.000
10/08/26;REPSOL;PUT;Dic-28;11,50;25.74;33,67;-0,04;;1.000
10/08/26;REPSOL;PUT;Dic-28;15,00;25.74;31,90;-0,10;;30.250
10/08/26;REPSOL;PUT;Dic-28;18,00;25.74;30,39;-0,18;;1.000
10/08/26;REPSOL;PUT;Dic-28;23,00;25.74;27,86;-0,35;;1
10/08/26;REPSOL;PUT;Dic-28;24,00;25.74;27,36;-0,39;;1.500
10/08/26;REPSOL;PUT;Dic-28;26,00;25.74;26,45;-0,47;;9
10/08/26;REPSOL;PUT;Jun-29;11,00;25.74;32,92;-0,04;;140
10/08/26;REPSOL;PUT;Dic-29;7,75;25.74;32,88;-0,01;;30.000
10/08/26;REPSOL;PUT;Dic-29;8,00;25.74;32,79;-0,01;;17.000
10/08/26;REPSOL;PUT;Dic-29;11,00;25.74;31,70;-0,05;;20.000
10/08/26;REPSOL;PUT;Dic-29;11,50;25.74;31,52;-0,06;;17.000
10/08/26;REPSOL;PUT;Dic-29;12,50;25.74;31,16;-0,07;;800
10/08/26;REPSOL;PUT;Dic-29;24,00;25.74;26,99;-0,39;;20
10/08/26;REPSOL;PUT;Dic-30;14,00;25.74;29,61;-0,12;;3.000
10/08/26;REPSOL;PUT;Dic-30;18,50;25.74;28,33;-0,24;;3.000
10/08/26;REPSOL;CALL;Ago-26;18,00;25.74;42,09;1,00;;5
10/08/26;REPSOL;CALL;Ago-26;20,00;25.74;39,37;1,00;;5
10/08/26;REPSOL;CALL;Ago-26;21,00;25.74;38,02;1,00;;30
10/08/26;REPSOL;CALL;Ago-26;22,00;25.74;36,66;0,99;;15
10/08/26;REPSOL;CALL;Ago-26;23,00;25.74;35,30;0,97;;10
10/08/26;REPSOL;CALL;Ago-26;23,00;25.74;35,30;0,97;;20
10/08/26;REPSOL;CALL;Ago-26;24,00;25.74;33,94;0,89;;15
10/08/26;REPSOL;CALL;Ago-26;25,00;25.74;32,58;0,71;;15
10/08/26;REPSOL;CALL;Ago-26;25,00;25.74;32,58;0,71;;20
10/08/26;REPSOL;CALL;Ago-26;26,00;25.74;31,41;0,44;20;30
10/08/26;REPSOL;CALL;Ago-26;27,00;25.74;30,80;0,20;;3
10/08/26;REPSOL;CALL;Ago-26;27,00;25.74;30,80;0,20;;40
10/08/26;REPSOL;CALL;Sep-26;14,00;25.74;42,85;1,00;;1
10/08/26;REPSOL;CALL;Sep-26;14,50;25.74;42,34;1,00;;1
10/08/26;REPSOL;CALL;Sep-26;22,00;25.74;34,67;0,92;15;58
10/08/26;REPSOL;CALL;Sep-26;22,00;25.74;34,67;0,92;;10
10/08/26;REPSOL;CALL;Sep-26;23,00;25.74;33,64;0,86;;14
10/08/26;REPSOL;CALL;Sep-26;24,00;25.74;32,62;0,76;;10
10/08/26;REPSOL;CALL;Sep-26;24,00;25.74;32,62;0,76;;1
10/08/26;REPSOL;CALL;Sep-26;26,00;25.74;30,76;0,49;3;4
10/08/26;REPSOL;CALL;Sep-26;26,00;25.74;30,76;0,49;;10
10/08/26;REPSOL;CALL;Sep-26;28,00;25.74;30,14;0,22;;10
10/08/26;REPSOL;CALL;Sep-26;28,00;25.74;30,14;0,22;;20
10/08/26;REPSOL;CALL;Sep-26;29,00;25.74;29,83;0,13;3;3
10/08/26;REPSOL;CALL;Dic-26;14,50;25.74;37,12;0,99;;1
10/08/26;REPSOL;CALL;Dic-26;15,00;25.74;36,84;0,99;;33
10/08/26;REPSOL;CALL;Dic-26;17,00;25.74;35,70;0,97;;7
10/08/26;REPSOL;CALL;Dic-26;18,00;25.74;35,13;0,96;;26
10/08/26;REPSOL;CALL;Dic-26;21,00;25.74;33,42;0,87;;10
10/08/26;REPSOL;CALL;Dic-26;23,00;25.74;32,28;0,76;;6
10/08/26;REPSOL;CALL;Dic-26;24,00;25.74;31,71;0,69;;10
10/08/26;REPSOL;CALL;Dic-26;24,00;25.74;31,71;0,69;;127
10/08/26;REPSOL;CALL;Dic-26;25,00;25.74;31,14;0,61;;17
10/08/26;REPSOL;CALL;Dic-26;26,00;25.74;30,66;0,53;;20
10/08/26;REPSOL;CALL;Dic-26;27,00;25.74;30,41;0,45;;16
10/08/26;REPSOL;CALL;Dic-26;28,00;25.74;30,16;0,37;;20
10/08/26;REPSOL;CALL;Mar-27;22,00;25.74;33,32;0,75;;1
10/08/26;REPSOL;CALL;Mar-27;23,00;25.74;32,62;0,70;;1
10/08/26;REPSOL;CALL;Mar-27;24,00;25.74;31,92;0,64;;6
10/08/26;REPSOL;CALL;Mar-27;27,00;25.74;30,47;0,45;;10
10/08/26;REPSOL;CALL;Dic-27;12,00;25.74;40,31;0,93;;15.000
10/08/26;REPSOL;CALL;Dic-27;16,00;25.74;37,51;0,87;;7
10/08/26;REPSOL;CALL;Jun-28;26,00;25.74;30,95;0,53;;1
10/08/26;REPSOL;CALL;Dic-28;15,25;25.74;36,83;0,82;;750
10/08/26;REPSOL;PUT;Ago-26;19,00;25.74;39,96;;;5
10/08/26;REPSOL;PUT;Ago-26;20,00;25.74;38,60;;;10
10/08/26;REPSOL;PUT;Ago-26;22,00;25.74;35,89;-0,01;;10
10/08/26;REPSOL;PUT;Ago-26;22,00;25.74;35,89;-0,01;;10
10/08/26;REPSOL;PUT;Ago-26;24,00;25.74;33,17;-0,11;;40
10/08/26;REPSOL;PUT;Ago-26;25,00;25.74;31,81;-0,29;;10
10/08/26;REPSOL;PUT;Ago-26;25,00;25.74;31,81;-0,29;;20
10/08/26;REPSOL;PUT;Ago-26;26,00;25.74;30,64;-0,56;;20
10/08/26;REPSOL;PUT;Sep-26;11,00;25.74;44,79;;;1.200
10/08/26;REPSOL;PUT;Sep-26;16,00;25.74;39,67;;;10
10/08/26;REPSOL;PUT;Sep-26;18,00;25.74;37,63;;;5
10/08/26;REPSOL;PUT;Sep-26;19,00;25.74;36,61;;;15
10/08/26;REPSOL;PUT;Sep-26;19,50;25.74;36,09;-0,01;;10
10/08/26;REPSOL;PUT;Sep-26;23,00;25.74;32,51;-0,13;;5
10/08/26;REPSOL;PUT;Sep-26;24,00;25.74;31,49;-0,23;;20
10/08/26;REPSOL;PUT;Sep-26;25,00;25.74;30,47;-0,36;;2
10/08/26;REPSOL;PUT;Dic-26;11,00;25.74;38,96;;;1
10/08/26;REPSOL;PUT;Dic-26;13,50;25.74;37,53;;;150
10/08/26;REPSOL;PUT;Dic-26;14,50;25.74;36,96;;;150
10/08/26;REPSOL;PUT;Dic-26;15,00;25.74;36,68;;;1
10/08/26;REPSOL;PUT;Dic-26;15,50;25.74;36,39;-0,01;;450
10/08/26;REPSOL;PUT;Dic-26;17,00;25.74;35,54;-0,02;;154
10/08/26;REPSOL;PUT;Dic-26;18,00;25.74;34,97;-0,03;;7
10/08/26;REPSOL;PUT;Dic-26;19,00;25.74;34,40;-0,05;;33
10/08/26;REPSOL;PUT;Dic-26;19,50;25.74;34,12;-0,07;;20
10/08/26;REPSOL;PUT;Dic-26;20,00;25.74;33,83;-0,08;;15
10/08/26;REPSOL;PUT;Dic-26;20,00;25.74;33,83;-0,08;;20
10/08/26;REPSOL;PUT;Dic-26;21,00;25.74;33,26;-0,12;;10
10/08/26;REPSOL;PUT;Dic-26;22,00;25.74;32,69;-0,17;;15
10/08/26;REPSOL;PUT;Dic-26;22,00;25.74;32,69;-0,17;;10
10/08/26;REPSOL;PUT;Mar-27;11,50;25.74;38,85;;;1
10/08/26;REPSOL;PUT;Sep-27;17,00;25.74;34,41;-0,10;;5
10/08/26;REPSOL;PUT;Dic-28;15,25;25.74;31,78;-0,10;;750
10/08/26;SACYR;CALL;Dic-26;3,70;4.54;27,55;0,91;;10
10/08/26;SACYR;CALL;Dic-26;3,90;4.54;27,40;0,85;;25
10/08/26;SACYR;CALL;Dic-26;4,00;4.54;27,33;0,82;;5
10/08/26;SACYR;CALL;Dic-26;4,20;4.54;27,18;0,73;;20
10/08/26;SACYR;CALL;Dic-26;4,30;4.54;27,10;0,68;;43
10/08/26;SACYR;CALL;Dic-26;4,50;4.54;26,96;0,57;;10
10/08/26;SACYR;CALL;Dic-26;4,70;4.54;26,72;0,47;;10
10/08/26;SACYR;CALL;Dic-26;4,80;4.54;26,58;0,41;;10
10/08/26;SACYR;CALL;Dic-26;5,00;4.54;26,32;0,31;;30
10/08/26;SACYR;CALL;Mar-27;3,70;4.54;25,77;0,89;;10
10/08/26;SACYR;CALL;Mar-27;3,80;4.54;25,71;0,86;;10
10/08/26;SACYR;CALL;Mar-27;4,80;4.54;25,07;0,44;;20.000
10/08/26;SACYR;CALL;Jun-27;3,90;4.54;24,61;0,80;;25
10/08/26;SACYR;CALL;Jun-27;4,80;4.54;24,18;0,46;;10
10/08/26;SACYR;CALL;Jun-27;4,90;4.54;24,12;0,43;;20
10/08/26;SACYR;CALL;Jun-27;5,00;4.54;24,06;0,39;;10
10/08/26;SACYR;CALL;Dic-27;4,00;4.54;23,68;0,74;;25
10/08/26;SACYR;PUT;Sep-26;3,60;4.54;26,78;;;20
10/08/26;SACYR;PUT;Sep-26;4,50;4.54;26,45;-0,44;;100
10/08/26;SACYR;PUT;Dic-26;3,50;4.54;27,61;-0,04;;10
10/08/26;SACYR;PUT;Dic-26;4,50;4.54;26,88;-0,43;;1.000
10/08/26;SACYR;PUT;Dic-26;4,70;4.54;26,64;-0,54;;50
10/08/26;SACYR;PUT;Dic-26;5,00;4.54;26,24;-0,70;;100
10/08/26;SACYR;PUT;Mar-27;4,20;4.54;25,40;-0,31;;3
10/08/26;SACYR;PUT;Jun-27;3,40;4.54;24,77;-0,08;;20
10/08/26;SACYR;PUT;Jun-27;4,50;4.54;24,29;-0,43;;1.000
10/08/26;SANTANDER;CALL;Ago-26;9,00;12.85;39,91;1,00;;155
10/08/26;SANTANDER;CALL;Ago-26;10,00;12.85;36,20;1,00;;9
10/08/26;SANTANDER;CALL;Ago-26;10,50;12.85;34,34;1,00;;1.801
10/08/26;SANTANDER;CALL;Ago-26;11,00;12.85;32,49;1,00;100;361
10/08/26;SANTANDER;CALL;Ago-26;11,50;12.85;30,63;0,98;;10
10/08/26;SANTANDER;CALL;Ago-26;12,00;12.85;28,78;0,92;;260
10/08/26;SANTANDER;CALL;Ago-26;12,50;12.85;26,93;0,74;1;352
10/08/26;SANTANDER;CALL;Ago-26;13,00;12.85;25,55;0,41;;261
10/08/26;SANTANDER;CALL;Ago-26;13,50;12.85;25,30;0,14;;100
10/08/26;SANTANDER;CALL;Sep-26;5,50;12.85;51,76;1,00;;16
10/08/26;SANTANDER;CALL;Sep-26;5,75;12.85;50,89;1,00;;1
10/08/26;SANTANDER;CALL;Sep-26;6,00;12.85;50,02;1,00;;2
10/08/26;SANTANDER;CALL;Sep-26;6,50;12.85;48,29;1,00;;11
10/08/26;SANTANDER;CALL;Sep-26;7,00;12.85;46,55;1,00;;4
10/08/26;SANTANDER;CALL;Sep-26;7,75;12.85;43,94;1,00;;30
10/08/26;SANTANDER;CALL;Sep-26;8,00;12.85;43,07;1,00;;100
10/08/26;SANTANDER;CALL;Sep-26;8,50;12.85;41,34;1,00;;458
10/08/26;SANTANDER;CALL;Sep-26;8,75;12.85;40,47;1,00;;3.200
10/08/26;SANTANDER;CALL;Sep-26;9,00;12.85;39,60;1,00;;1
10/08/26;SANTANDER;CALL;Sep-26;9,25;12.85;38,73;1,00;;9
10/08/26;SANTANDER;CALL;Sep-26;9,50;12.85;37,86;0,99;;4
10/08/26;SANTANDER;CALL;Sep-26;9,75;12.85;36,99;0,99;;5.031
10/08/26;SANTANDER;CALL;Sep-26;10,00;12.85;36,12;0,99;;52
10/08/26;SANTANDER;CALL;Sep-26;10,50;12.85;34,38;0,97;;155
10/08/26;SANTANDER;CALL;Sep-26;11,00;12.85;32,65;0,94;;23
10/08/26;SANTANDER;CALL;Sep-26;11,50;12.85;30,91;0,88;;7
10/08/26;SANTANDER;CALL;Sep-26;12,00;12.85;29,17;0,78;;11.069
10/08/26;SANTANDER;CALL;Sep-26;12,50;12.85;27,43;0,65;;10
10/08/26;SANTANDER;CALL;Sep-26;13,00;12.85;26,11;0,48;;55
10/08/26;SANTANDER;CALL;Sep-26;13,50;12.85;25,79;0,30;80;671
10/08/26;SANTANDER;CALL;Sep-26;14,50;12.85;25,14;0,08;;3
10/08/26;SANTANDER;CALL;Oct-26;11,50;12.85;31,89;0,82;;10
10/08/26;SANTANDER;CALL;Oct-26;13,00;12.85;27,36;0,50;;1
10/08/26;SANTANDER;CALL;Oct-26;13,50;12.85;26,98;0,37;42;1
10/08/26;SANTANDER;CALL;Dic-26;3,00;12.85;60,11;1,00;;1
10/08/26;SANTANDER;CALL;Dic-26;4,00;12.85;57,05;1,00;;100
10/08/26;SANTANDER;CALL;Dic-26;4,50;12.85;55,52;1,00;;1
10/08/26;SANTANDER;CALL;Dic-26;4,80;12.85;54,60;1,00;;5.050
10/08/26;SANTANDER;CALL;Dic-26;4,90;12.85;54,30;1,00;;50
10/08/26;SANTANDER;CALL;Dic-26;5,00;12.85;53,99;1,00;;25
10/08/26;SANTANDER;CALL;Dic-26;5,25;12.85;53,23;1,00;;25
10/08/26;SANTANDER;CALL;Dic-26;5,75;12.85;51,70;1,00;;6
10/08/26;SANTANDER;CALL;Dic-26;6,00;12.85;50,93;1,00;;7
10/08/26;SANTANDER;CALL;Dic-26;6,50;12.85;49,40;1,00;;5
10/08/26;SANTANDER;CALL;Dic-26;7,00;12.85;47,87;0,99;;86
10/08/26;SANTANDER;CALL;Dic-26;7,50;12.85;46,34;0,99;;28
10/08/26;SANTANDER;CALL;Dic-26;7,75;12.85;45,57;0,99;;2
10/08/26;SANTANDER;CALL;Dic-26;8,00;12.85;44,81;0,98;;10.163
10/08/26;SANTANDER;CALL;Dic-26;8,25;12.85;44,04;0,98;;110
10/08/26;SANTANDER;CALL;Dic-26;8,50;12.85;43,28;0,97;;100
10/08/26;SANTANDER;CALL;Dic-26;8,75;12.85;42,51;0,96;;22
10/08/26;SANTANDER;CALL;Dic-26;9,00;12.85;41,75;0,95;;284
10/08/26;SANTANDER;CALL;Dic-26;9,25;12.85;40,98;0,94;;2
10/08/26;SANTANDER;CALL;Dic-26;9,50;12.85;40,22;0,93;;75
10/08/26;SANTANDER;CALL;Dic-26;9,75;12.85;39,45;0,92;;5
10/08/26;SANTANDER;CALL;Dic-26;10,00;12.85;38,69;0,90;;67
10/08/26;SANTANDER;CALL;Dic-26;10,50;12.85;37,16;0,86;;97
10/08/26;SANTANDER;CALL;Dic-26;11,00;12.85;35,63;0,81;;68
10/08/26;SANTANDER;CALL;Dic-26;11,50;12.85;34,10;0,75;1;17
10/08/26;SANTANDER;CALL;Dic-26;12,00;12.85;32,57;0,68;;61
10/08/26;SANTANDER;CALL;Dic-26;12,50;12.85;31,04;0,60;;85.903
10/08/26;SANTANDER;CALL;Dic-26;13,00;12.85;29,84;0,51;;15.015
10/08/26;SANTANDER;CALL;Dic-26;13,50;12.85;29,42;0,42;;21
10/08/26;SANTANDER;CALL;Dic-26;14,00;12.85;29,01;0,34;;111
10/08/26;SANTANDER;CALL;Dic-26;14,50;12.85;28,59;0,27;;105
10/08/26;SANTANDER;CALL;Mar-27;4,60;12.85;52,94;1,00;;25
10/08/26;SANTANDER;CALL;Mar-27;4,70;12.85;52,66;1,00;;25
10/08/26;SANTANDER;CALL;Mar-27;4,80;12.85;52,39;1,00;;50
10/08/26;SANTANDER;CALL;Mar-27;4,90;12.85;52,11;1,00;;50
10/08/26;SANTANDER;CALL;Mar-27;5,00;12.85;51,84;1,00;;50
10/08/26;SANTANDER;CALL;Mar-27;5,25;12.85;51,15;1,00;;25
10/08/26;SANTANDER;CALL;Mar-27;6,00;12.85;49,09;0,99;;25
10/08/26;SANTANDER;CALL;Mar-27;6,25;12.85;48,40;0,99;;25
10/08/26;SANTANDER;CALL;Mar-27;7,50;12.85;44,96;0,97;;1
10/08/26;SANTANDER;CALL;Mar-27;8,00;12.85;43,59;0,95;;3
10/08/26;SANTANDER;CALL;Mar-27;9,25;12.85;40,15;0,89;;140
10/08/26;SANTANDER;CALL;Mar-27;9,50;12.85;39,47;0,88;;36
10/08/26;SANTANDER;CALL;Mar-27;10,00;12.85;38,09;0,85;;20
10/08/26;SANTANDER;CALL;Mar-27;11,00;12.85;35,34;0,76;;20
10/08/26;SANTANDER;CALL;Mar-27;11,50;12.85;33,97;0,71;;52
10/08/26;SANTANDER;CALL;Mar-27;12,00;12.85;32,59;0,66;;6.615
10/08/26;SANTANDER;CALL;Mar-27;12,50;12.85;31,22;0,60;;52.506
10/08/26;SANTANDER;CALL;Mar-27;13,00;12.85;30,14;0,53;;105
10/08/26;SANTANDER;CALL;Mar-27;13,50;12.85;29,76;0,47;;6.100
10/08/26;SANTANDER;CALL;Mar-27;14,00;12.85;29,39;0,41;;33
10/08/26;SANTANDER;CALL;Mar-27;15,00;12.85;28,63;0,29;;90
10/08/26;SANTANDER;CALL;Mar-27;15,50;12.85;28,26;0,24;;26
10/08/26;SANTANDER;CALL;Mar-27;16,00;12.85;27,88;0,19;;13
10/08/26;SANTANDER;CALL;Jun-27;6,00;12.85;46,48;0,99;;25
10/08/26;SANTANDER;CALL;Jun-27;6,25;12.85;45,91;0,98;;25
10/08/26;SANTANDER;CALL;Jun-27;6,50;12.85;45,34;0,98;;25
10/08/26;SANTANDER;CALL;Jun-27;6,75;12.85;44,77;0,97;;25
10/08/26;SANTANDER;CALL;Jun-27;7,00;12.85;44,20;0,97;;25
10/08/26;SANTANDER;CALL;Jun-27;7,25;12.85;43,63;0,96;;25
10/08/26;SANTANDER;CALL;Jun-27;8,25;12.85;41,34;0,92;;5
10/08/26;SANTANDER;CALL;Jun-27;9,00;12.85;39,63;0,89;;6.000
10/08/26;SANTANDER;CALL;Jun-27;9,75;12.85;37,92;0,84;;1
10/08/26;SANTANDER;CALL;Jun-27;10,00;12.85;37,35;0,82;;5.030
10/08/26;SANTANDER;CALL;Jun-27;10,50;12.85;36,21;0,79;;63
10/08/26;SANTANDER;CALL;Jun-27;11,00;12.85;35,07;0,75;;15
10/08/26;SANTANDER;CALL;Jun-27;12,00;12.85;32,78;0,66;;5.000
10/08/26;SANTANDER;CALL;Jun-27;12,50;12.85;31,64;0,60;;10
10/08/26;SANTANDER;CALL;Jun-27;13,00;12.85;30,74;0,55;;1
10/08/26;SANTANDER;CALL;Jun-27;13,50;12.85;30,39;0,49;;4
10/08/26;SANTANDER;CALL;Jun-27;15,00;12.85;29,34;0,34;;2.020
10/08/26;SANTANDER;CALL;Jun-27;16,00;12.85;28,64;0,25;;10
10/08/26;SANTANDER;CALL;Sep-27;9,00;12.85;38,75;0,87;;153
10/08/26;SANTANDER;CALL;Sep-27;12,00;12.85;32,92;0,65;;2
10/08/26;SANTANDER;CALL;Dic-27;2,30;12.85;50,80;1,00;;22
10/08/26;SANTANDER;CALL;Dic-27;4,20;12.85;47,35;1,00;;7.000
10/08/26;SANTANDER;CALL;Dic-27;4,90;12.85;46,08;1,00;;4
10/08/26;SANTANDER;CALL;Dic-27;5,00;12.85;45,90;1,00;;2
10/08/26;SANTANDER;CALL;Dic-27;5,25;12.85;45,44;0,99;;3
10/08/26;SANTANDER;CALL;Dic-27;5,50;12.85;44,99;0,99;;5
10/08/26;SANTANDER;CALL;Dic-27;7,00;12.85;42,26;0,95;;2.545
10/08/26;SANTANDER;CALL;Dic-27;7,50;12.85;41,36;0,93;;4
10/08/26;SANTANDER;CALL;Dic-27;8,00;12.85;40,45;0,91;;10
10/08/26;SANTANDER;CALL;Dic-27;8,50;12.85;39,54;0,88;;2
10/08/26;SANTANDER;CALL;Dic-27;9,00;12.85;38,63;0,86;;152
10/08/26;SANTANDER;CALL;Dic-27;9,25;12.85;38,18;0,84;;25
10/08/26;SANTANDER;CALL;Dic-27;10,00;12.85;36,82;0,80;;20
10/08/26;SANTANDER;CALL;Dic-27;10,50;12.85;35,91;0,77;;1
10/08/26;SANTANDER;CALL;Dic-27;11,00;12.85;35,00;0,73;;5.000
10/08/26;SANTANDER;CALL;Dic-27;11,50;12.85;34,09;0,70;;150
10/08/26;SANTANDER;CALL;Dic-27;12,00;12.85;33,19;0,66;;6
10/08/26;SANTANDER;CALL;Dic-27;14,00;12.85;30,93;0,48;;52.500
10/08/26;SANTANDER;CALL;Dic-27;15,00;12.85;30,30;0,40;;25.000
10/08/26;SANTANDER;CALL;Dic-27;15,50;12.85;29,99;0,36;;2
10/08/26;SANTANDER;CALL;Mar-28;8,75;12.85;38,59;0,86;;1
10/08/26;SANTANDER;CALL;Mar-28;9,00;12.85;38,17;0,85;;450
10/08/26;SANTANDER;CALL;Mar-28;9,25;12.85;37,76;0,83;;300
10/08/26;SANTANDER;CALL;Mar-28;9,50;12.85;37,34;0,82;;50
10/08/26;SANTANDER;CALL;Mar-28;9,75;12.85;36,93;0,81;;250
10/08/26;SANTANDER;CALL;Mar-28;10,00;12.85;36,51;0,79;;126
10/08/26;SANTANDER;CALL;Mar-28;12,00;12.85;33,19;0,65;;150
10/08/26;SANTANDER;CALL;Mar-28;13,50;12.85;31,38;0,54;;150
10/08/26;SANTANDER;CALL;Mar-28;14,00;12.85;31,07;0,50;;10.000
10/08/26;SANTANDER;CALL;Jun-28;6,00;12.85;42,71;0,97;;3
10/08/26;SANTANDER;CALL;Jun-28;7,75;12.85;40,03;0,90;;4
10/08/26;SANTANDER;CALL;Jun-28;9,50;12.85;37,35;0,82;;5
10/08/26;SANTANDER;CALL;Jun-28;10,00;12.85;36,58;0,79;;150
10/08/26;SANTANDER;CALL;Jun-28;12,50;12.85;32,76;0,62;;3
10/08/26;SANTANDER;CALL;Sep-28;15,50;12.85;31,05;0,43;;15
10/08/26;SANTANDER;CALL;Dic-28;8,50;12.85;38,72;0,86;;3.004
10/08/26;SANTANDER;CALL;Dic-28;9,00;12.85;38,05;0,83;;4
10/08/26;SANTANDER;CALL;Dic-28;12,00;12.85;34,00;0,66;;5.000
10/08/26;SANTANDER;CALL;Dic-28;12,50;12.85;33,32;0,63;1;1
10/08/26;SANTANDER;PUT;Ago-26;9,75;12.85;37,86;;;423
10/08/26;SANTANDER;PUT;Ago-26;10,00;12.85;36,94;;;220
10/08/26;SANTANDER;PUT;Ago-26;10,50;12.85;35,08;;;125
10/08/26;SANTANDER;PUT;Ago-26;11,00;12.85;33,23;;;435
10/08/26;SANTANDER;PUT;Ago-26;11,50;12.85;31,37;-0,02;;779
10/08/26;SANTANDER;PUT;Ago-26;12,00;12.85;29,52;-0,09;;230
10/08/26;SANTANDER;PUT;Ago-26;12,50;12.85;27,67;-0,27;2;18
10/08/26;SANTANDER;PUT;Ago-26;13,00;12.85;26,29;-0,59;;5
10/08/26;SANTANDER;PUT;Ago-26;16,00;12.85;24,81;-1,00;;4
10/08/26;SANTANDER;PUT;Sep-26;4,00;12.85;57,37;;;2
10/08/26;SANTANDER;PUT;Sep-26;6,00;12.85;50,42;;;32.505
10/08/26;SANTANDER;PUT;Sep-26;6,75;12.85;47,82;;;103
10/08/26;SANTANDER;PUT;Sep-26;7,00;12.85;46,95;;;14.621
10/08/26;SANTANDER;PUT;Sep-26;7,25;12.85;46,08;;;30
10/08/26;SANTANDER;PUT;Sep-26;7,50;12.85;45,21;;;210
10/08/26;SANTANDER;PUT;Sep-26;7,75;12.85;44,34;;;10.010
10/08/26;SANTANDER;PUT;Sep-26;8,00;12.85;43,47;;;10.209
10/08/26;SANTANDER;PUT;Sep-26;8,25;12.85;42,60;;;91
10/08/26;SANTANDER;PUT;Sep-26;8,50;12.85;41,74;;;5.001
10/08/26;SANTANDER;PUT;Sep-26;8,75;12.85;40,87;;;55
10/08/26;SANTANDER;PUT;Sep-26;9,00;12.85;40,00;;;133
10/08/26;SANTANDER;PUT;Sep-26;9,25;12.85;39,13;;;4.041
10/08/26;SANTANDER;PUT;Sep-26;9,50;12.85;38,26;-0,01;;690
10/08/26;SANTANDER;PUT;Sep-26;9,75;12.85;37,39;-0,01;;140
10/08/26;SANTANDER;PUT;Sep-26;10,00;12.85;36,52;-0,01;;13
10/08/26;SANTANDER;PUT;Sep-26;10,50;12.85;34,78;-0,03;;2.225
10/08/26;SANTANDER;PUT;Sep-26;11,00;12.85;33,05;-0,06;;132
10/08/26;SANTANDER;PUT;Sep-26;11,50;12.85;31,31;-0,12;;25.408
10/08/26;SANTANDER;PUT;Sep-26;12,00;12.85;29,57;-0,22;5;221
10/08/26;SANTANDER;PUT;Sep-26;12,50;12.85;27,83;-0,36;;212
10/08/26;SANTANDER;PUT;Sep-26;13,00;12.85;26,51;-0,53;2;11
10/08/26;SANTANDER;PUT;Oct-26;10,00;12.85;36,65;-0,04;;4
10/08/26;SANTANDER;PUT;Oct-26;11,00;12.85;33,38;-0,12;;140
10/08/26;SANTANDER;PUT;Oct-26;11,50;12.85;31,75;-0,18;;653
10/08/26;SANTANDER;PUT;Oct-26;12,00;12.85;30,11;-0,27;;16
10/08/26;SANTANDER;PUT;Oct-26;12,50;12.85;28,48;-0,38;;18
10/08/26;SANTANDER;PUT;Oct-26;13,00;12.85;27,22;-0,51;;7
10/08/26;SANTANDER;PUT;Dic-26;2,50;12.85;60,13;;;40
10/08/26;SANTANDER;PUT;Dic-26;2,80;12.85;59,21;;;60.000
10/08/26;SANTANDER;PUT;Dic-26;3,20;12.85;57,99;;;10
10/08/26;SANTANDER;PUT;Dic-26;3,40;12.85;57,38;;;2
10/08/26;SANTANDER;PUT;Dic-26;3,50;12.85;57,07;;;5
10/08/26;SANTANDER;PUT;Dic-26;3,60;12.85;56,77;;;50.002
10/08/26;SANTANDER;PUT;Dic-26;4,00;12.85;55,54;;;25.007
10/08/26;SANTANDER;PUT;Dic-26;4,20;12.85;54,93;;;25
10/08/26;SANTANDER;PUT;Dic-26;4,30;12.85;54,62;;;15.000
10/08/26;SANTANDER;PUT;Dic-26;4,40;12.85;54,32;;;10.000
10/08/26;SANTANDER;PUT;Dic-26;4,60;12.85;53,71;;;80
10/08/26;SANTANDER;PUT;Dic-26;4,70;12.85;53,40;;;5
10/08/26;SANTANDER;PUT;Dic-26;4,80;12.85;53,09;;;15.000
10/08/26;SANTANDER;PUT;Dic-26;4,90;12.85;52,79;;;150
10/08/26;SANTANDER;PUT;Dic-26;5,00;12.85;52,48;;;20.400
10/08/26;SANTANDER;PUT;Dic-26;5,25;12.85;51,72;;;600
10/08/26;SANTANDER;PUT;Dic-26;6,00;12.85;49,42;;;5.019
10/08/26;SANTANDER;PUT;Dic-26;6,25;12.85;48,66;;;5
10/08/26;SANTANDER;PUT;Dic-26;6,50;12.85;47,89;-0,01;;155
10/08/26;SANTANDER;PUT;Dic-26;6,75;12.85;47,13;-0,01;;156
10/08/26;SANTANDER;PUT;Dic-26;7,00;12.85;46,36;-0,01;;10.171
10/08/26;SANTANDER;PUT;Dic-26;7,25;12.85;45,59;-0,01;;50
10/08/26;SANTANDER;PUT;Dic-26;7,50;12.85;44,83;-0,02;;18
10/08/26;SANTANDER;PUT;Dic-26;7,75;12.85;44,06;-0,02;;51
10/08/26;SANTANDER;PUT;Dic-26;8,00;12.85;43,30;-0,03;;34.884
10/08/26;SANTANDER;PUT;Dic-26;8,25;12.85;42,53;-0,03;;611
10/08/26;SANTANDER;PUT;Dic-26;8,50;12.85;41,77;-0,04;;15.882
10/08/26;SANTANDER;PUT;Dic-26;8,75;12.85;41,00;-0,05;;856
10/08/26;SANTANDER;PUT;Dic-26;9,00;12.85;40,24;-0,06;;5.090
10/08/26;SANTANDER;PUT;Dic-26;9,25;12.85;39,47;-0,07;;999
10/08/26;SANTANDER;PUT;Dic-26;9,50;12.85;38,71;-0,08;;34
10/08/26;SANTANDER;PUT;Dic-26;9,75;12.85;37,94;-0,09;;20
10/08/26;SANTANDER;PUT;Dic-26;10,00;12.85;37,18;-0,11;;90.011
10/08/26;SANTANDER;PUT;Dic-26;10,50;12.85;35,65;-0,15;;15.232
10/08/26;SANTANDER;PUT;Dic-26;11,00;12.85;34,12;-0,20;;1.176
10/08/26;SANTANDER;PUT;Dic-26;11,50;12.85;32,59;-0,26;;40
10/08/26;SANTANDER;PUT;Dic-26;12,00;12.85;31,06;-0,33;;186
10/08/26;SANTANDER;PUT;Dic-26;12,50;12.85;29,53;-0,41;;27
10/08/26;SANTANDER;PUT;Dic-26;13,00;12.85;28,33;-0,50;;11
10/08/26;SANTANDER;PUT;Dic-26;13,50;12.85;27,91;-0,60;;100
10/08/26;SANTANDER;PUT;Dic-26;14,00;12.85;27,50;-0,68;;112
10/08/26;SANTANDER;PUT;Dic-26;16,00;12.85;25,84;-0,92;;1
10/08/26;SANTANDER;PUT;Mar-27;5,25;12.85;49,75;-0,01;;470
10/08/26;SANTANDER;PUT;Mar-27;5,50;12.85;49,06;-0,01;;150
10/08/26;SANTANDER;PUT;Mar-27;6,00;12.85;47,69;-0,01;;150
10/08/26;SANTANDER;PUT;Mar-27;6,75;12.85;45,63;-0,02;;371
10/08/26;SANTANDER;PUT;Mar-27;7,00;12.85;44,94;-0,03;;1
10/08/26;SANTANDER;PUT;Mar-27;7,25;12.85;44,25;-0,03;;16.000
10/08/26;SANTANDER;PUT;Mar-27;8,00;12.85;42,19;-0,05;;100
10/08/26;SANTANDER;PUT;Mar-27;8,25;12.85;41,50;-0,06;;5.400
10/08/26;SANTANDER;PUT;Mar-27;8,50;12.85;40,81;-0,07;;100
10/08/26;SANTANDER;PUT;Mar-27;8,75;12.85;40,13;-0,08;;5
10/08/26;SANTANDER;PUT;Mar-27;9,00;12.85;39,44;-0,09;;40
10/08/26;SANTANDER;PUT;Mar-27;9,50;12.85;38,07;-0,12;;52.500
10/08/26;SANTANDER;PUT;Mar-27;9,75;12.85;37,38;-0,14;;6.700
10/08/26;SANTANDER;PUT;Mar-27;10,00;12.85;36,69;-0,15;;25
10/08/26;SANTANDER;PUT;Mar-27;10,50;12.85;35,32;-0,19;;25
10/08/26;SANTANDER;PUT;Mar-27;11,00;12.85;33,94;-0,23;;9.547
10/08/26;SANTANDER;PUT;Mar-27;11,50;12.85;32,57;-0,29;;100
10/08/26;SANTANDER;PUT;Mar-27;12,00;12.85;31,19;-0,34;;456
10/08/26;SANTANDER;PUT;Mar-27;12,50;12.85;29,82;-0,41;;10
10/08/26;SANTANDER;PUT;Jun-27;3,00;12.85;52,35;;;15.000
10/08/26;SANTANDER;PUT;Jun-27;4,00;12.85;50,06;;;1
10/08/26;SANTANDER;PUT;Jun-27;5,50;12.85;46,64;-0,01;;42
10/08/26;SANTANDER;PUT;Jun-27;6,00;12.85;45,50;-0,02;;20.100
10/08/26;SANTANDER;PUT;Jun-27;7,00;12.85;43,22;-0,04;;5.155
10/08/26;SANTANDER;PUT;Jun-27;7,25;12.85;42,65;-0,05;;150
10/08/26;SANTANDER;PUT;Jun-27;7,50;12.85;42,08;-0,06;;813
10/08/26;SANTANDER;PUT;Jun-27;7,75;12.85;41,50;-0,07;;150
10/08/26;SANTANDER;PUT;Jun-27;8,00;12.85;40,93;-0,08;;6.000
10/08/26;SANTANDER;PUT;Jun-27;8,75;12.85;39,22;-0,11;;10
10/08/26;SANTANDER;PUT;Jun-27;9,00;12.85;38,65;-0,12;;16.005
10/08/26;SANTANDER;PUT;Jun-27;9,50;12.85;37,51;-0,15;;5
10/08/26;SANTANDER;PUT;Jun-27;10,00;12.85;36,37;-0,18;;10.005
10/08/26;SANTANDER;PUT;Jun-27;10,50;12.85;35,23;-0,22;;5.004
10/08/26;SANTANDER;PUT;Jun-27;11,50;12.85;32,95;-0,30;50;5.260
10/08/26;SANTANDER;PUT;Jun-27;12,00;12.85;31,80;-0,35;;5.005
10/08/26;SANTANDER;PUT;Jun-27;12,50;12.85;30,66;-0,41;10;10
10/08/26;SANTANDER;PUT;Sep-27;8,00;12.85;39,67;-0,09;;315
10/08/26;SANTANDER;PUT;Sep-27;9,50;12.85;36,75;-0,16;;263
10/08/26;SANTANDER;PUT;Sep-27;9,75;12.85;36,26;-0,18;;25
10/08/26;SANTANDER;PUT;Sep-27;10,00;12.85;35,78;-0,19;;5
10/08/26;SANTANDER;PUT;Sep-27;12,00;12.85;31,89;-0,35;;1
10/08/26;SANTANDER;PUT;Sep-27;13,00;12.85;30,13;-0,45;;3
10/08/26;SANTANDER;PUT;Dic-27;3,30;12.85;47,46;;;10
10/08/26;SANTANDER;PUT;Dic-27;3,50;12.85;47,10;;;10.040
10/08/26;SANTANDER;PUT;Dic-27;3,90;12.85;46,37;-0,01;;10
10/08/26;SANTANDER;PUT;Dic-27;4,00;12.85;46,19;-0,01;;42
10/08/26;SANTANDER;PUT;Dic-27;4,20;12.85;45,83;-0,01;;7.000
10/08/26;SANTANDER;PUT;Dic-27;4,40;12.85;45,46;-0,01;;51.025
10/08/26;SANTANDER;PUT;Dic-27;4,70;12.85;44,92;-0,01;;10
10/08/26;SANTANDER;PUT;Dic-27;5,25;12.85;43,92;-0,02;;11.500
10/08/26;SANTANDER;PUT;Dic-27;5,50;12.85;43,47;-0,03;;1
10/08/26;SANTANDER;PUT;Dic-27;5,75;12.85;43,01;-0,03;;50.000
10/08/26;SANTANDER;PUT;Dic-27;6,00;12.85;42,56;-0,04;;5.150
10/08/26;SANTANDER;PUT;Dic-27;6,25;12.85;42,11;-0,04;;150
10/08/26;SANTANDER;PUT;Dic-27;6,50;12.85;41,65;-0,05;;151
10/08/26;SANTANDER;PUT;Dic-27;6,75;12.85;41,20;-0,06;;150
10/08/26;SANTANDER;PUT;Dic-27;7,00;12.85;40,74;-0,06;;10.500
10/08/26;SANTANDER;PUT;Dic-27;7,25;12.85;40,29;-0,07;;325
10/08/26;SANTANDER;PUT;Dic-27;7,50;12.85;39,84;-0,08;;300
10/08/26;SANTANDER;PUT;Dic-27;7,75;12.85;39,38;-0,09;;5.000
10/08/26;SANTANDER;PUT;Dic-27;8,00;12.85;38,93;-0,10;;75
10/08/26;SANTANDER;PUT;Dic-27;8,50;12.85;38,02;-0,12;;10.003
10/08/26;SANTANDER;PUT;Dic-27;8,75;12.85;37,57;-0,14;;23
10/08/26;SANTANDER;PUT;Dic-27;9,00;12.85;37,11;-0,15;;4.000
10/08/26;SANTANDER;PUT;Dic-27;9,75;12.85;35,75;-0,19;;25.000
10/08/26;SANTANDER;PUT;Dic-27;10,00;12.85;35,30;-0,21;;40.176
10/08/26;SANTANDER;PUT;Dic-27;10,50;12.85;34,39;-0,24;;4.745
10/08/26;SANTANDER;PUT;Dic-27;11,00;12.85;33,48;-0,28;;30.002
10/08/26;SANTANDER;PUT;Dic-27;11,50;12.85;32,57;-0,32;;25
10/08/26;SANTANDER;PUT;Dic-27;12,00;12.85;31,67;-0,36;;302
10/08/26;SANTANDER;PUT;Dic-27;12,50;12.85;30,76;-0,40;;25
10/08/26;SANTANDER;PUT;Mar-28;9,00;12.85;36,03;-0,16;;150
10/08/26;SANTANDER;PUT;Mar-28;9,25;12.85;35,62;-0,17;;150
10/08/26;SANTANDER;PUT;Mar-28;9,75;12.85;34,79;-0,20;;5
10/08/26;SANTANDER;PUT;Mar-28;10,00;12.85;34,37;-0,21;;150
10/08/26;SANTANDER;PUT;Mar-28;10,50;12.85;33,54;-0,25;;387
10/08/26;SANTANDER;PUT;Mar-28;11,00;12.85;32,71;-0,28;;20.175
10/08/26;SANTANDER;PUT;Mar-28;12,00;12.85;31,05;-0,36;;150
10/08/26;SANTANDER;PUT;Jun-28;5,00;12.85;41,58;-0,03;;10.000
10/08/26;SANTANDER;PUT;Jun-28;10,50;12.85;33,16;-0,25;;10.000
10/08/26;SANTANDER;PUT;Jun-28;11,00;12.85;32,39;-0,29;;381
10/08/26;SANTANDER;PUT;Jun-28;11,50;12.85;31,63;-0,32;;450
10/08/26;SANTANDER;PUT;Jun-28;12,00;12.85;30,86;-0,36;;602
10/08/26;SANTANDER;PUT;Dic-28;4,20;12.85;40,92;-0,02;;10.000
10/08/26;SANTANDER;PUT;Dic-28;6,00;12.85;38,49;-0,06;;12.500
10/08/26;SANTANDER;PUT;Dic-28;8,00;12.85;35,79;-0,13;;15.500
10/08/26;SANTANDER;PUT;Dic-28;8,50;12.85;35,12;-0,15;;3.000
10/08/26;SANTANDER;PUT;Dic-28;9,00;12.85;34,45;-0,18;;5.000
10/08/26;SANTANDER;PUT;Dic-28;10,00;12.85;33,10;-0,23;;12.000
10/08/26;SANTANDER;PUT;Dic-29;3,90;12.85;39,17;-0,02;;3.250
10/08/26;SANTANDER;PUT;Dic-29;5,50;12.85;37,34;-0,06;;25.000
10/08/26;SANTANDER;PUT;Dic-29;8,00;12.85;34,49;-0,15;;11.000
10/08/26;SANTANDER;PUT;Dic-29;10,50;12.85;31,63;-0,27;;100
10/08/26;SANTANDER;PUT;Dic-30;6,00;12.85;35,72;-0,09;;10.000
10/08/26;SANTANDER;PUT;Dic-30;12,50;12.85;29,15;-0,38;;58
10/08/26;SANTANDER;PUT;Dic-30;13,00;12.85;28,73;-0,41;;185
10/08/26;SANTANDER;CALL;Ago-26;10,00;12.85;36,20;1,00;;20
10/08/26;SANTANDER;CALL;Ago-26;10,50;12.85;34,34;1,00;;50
10/08/26;SANTANDER;CALL;Ago-26;11,00;12.85;32,49;1,00;;60
10/08/26;SANTANDER;CALL;Ago-26;11,50;12.85;30,63;0,98;;60
10/08/26;SANTANDER;CALL;Ago-26;12,00;12.85;28,78;0,92;;120
10/08/26;SANTANDER;CALL;Ago-26;12,00;12.85;28,78;0,92;;22
10/08/26;SANTANDER;CALL;Ago-26;12,50;12.85;26,93;0,73;;120
10/08/26;SANTANDER;CALL;Ago-26;12,50;12.85;26,93;0,73;;2.362
10/08/26;SANTANDER;CALL;Ago-26;13,00;12.85;25,55;0,41;;40
10/08/26;SANTANDER;CALL;Ago-26;13,00;12.85;25,55;0,41;;4.614
10/08/26;SANTANDER;CALL;Sep-26;9,00;12.85;39,60;1,00;;10
10/08/26;SANTANDER;CALL;Sep-26;10,50;12.85;34,38;0,97;;40
10/08/26;SANTANDER;CALL;Sep-26;11,00;12.85;32,65;0,93;;10
10/08/26;SANTANDER;CALL;Sep-26;11,50;12.85;30,91;0,88;;10
10/08/26;SANTANDER;CALL;Sep-26;11,50;12.85;30,91;0,88;;40
10/08/26;SANTANDER;CALL;Sep-26;12,00;12.85;29,17;0,78;;4.000
10/08/26;SANTANDER;CALL;Sep-26;12,00;12.85;29,17;0,78;;20
10/08/26;SANTANDER;CALL;Sep-26;12,50;12.85;27,43;0,65;;10
10/08/26;SANTANDER;CALL;Sep-26;12,50;12.85;27,43;0,65;;20
10/08/26;SANTANDER;CALL;Sep-26;13,00;12.85;26,11;0,47;;10
10/08/26;SANTANDER;CALL;Sep-26;13,00;12.85;26,11;0,47;;4.510
10/08/26;SANTANDER;CALL;Sep-26;13,50;12.85;25,79;0,30;;9.000
10/08/26;SANTANDER;CALL;Sep-26;13,50;12.85;25,79;0,30;;10
10/08/26;SANTANDER;CALL;Oct-26;14,00;12.85;26,61;0,26;;38.947
10/08/26;SANTANDER;CALL;Dic-26;6,50;12.85;49,40;0,98;;36
10/08/26;SANTANDER;CALL;Dic-26;8,00;12.85;44,81;0,96;;2
10/08/26;SANTANDER;CALL;Dic-26;8,50;12.85;43,28;0,95;;2
10/08/26;SANTANDER;CALL;Dic-26;8,75;12.85;42,51;0,94;;25
10/08/26;SANTANDER;CALL;Dic-26;9,00;12.85;41,75;0,93;;10
10/08/26;SANTANDER;CALL;Dic-26;10,00;12.85;38,69;0,87;;10
10/08/26;SANTANDER;CALL;Dic-26;10,50;12.85;37,16;0,84;;12
10/08/26;SANTANDER;CALL;Dic-26;12,00;12.85;32,57;0,66;;20
10/08/26;SANTANDER;CALL;Dic-26;12,50;12.85;31,04;0,59;;2
10/08/26;SANTANDER;CALL;Dic-26;13,50;12.85;29,42;0,42;;2
10/08/26;SANTANDER;CALL;Dic-26;14,00;12.85;29,01;0,34;364;364
10/08/26;SANTANDER;CALL;Mar-27;4,00;12.85;54,59;0,98;;30
10/08/26;SANTANDER;CALL;Mar-27;5,00;12.85;51,84;0,98;;20
10/08/26;SANTANDER;CALL;Mar-27;10,00;12.85;38,09;0,83;;1
10/08/26;SANTANDER;CALL;Sep-27;11,00;12.85;34,86;0,71;;1
10/08/26;SANTANDER;CALL;Dic-27;10,00;12.85;36,82;0,76;;1
10/08/26;SANTANDER;PUT;Ago-26;10,00;12.85;36,94;;;10
10/08/26;SANTANDER;PUT;Ago-26;11,00;12.85;33,23;;;24
10/08/26;SANTANDER;PUT;Ago-26;11,00;12.85;33,23;;;10
10/08/26;SANTANDER;PUT;Ago-26;11,50;12.85;31,37;-0,02;;12
10/08/26;SANTANDER;PUT;Ago-26;11,50;12.85;31,37;-0,02;;82
10/08/26;SANTANDER;PUT;Ago-26;12,00;12.85;29,52;-0,09;;82
10/08/26;SANTANDER;PUT;Ago-26;12,00;12.85;29,52;-0,09;;45
10/08/26;SANTANDER;PUT;Ago-26;12,50;12.85;27,67;-0,27;;10
10/08/26;SANTANDER;PUT;Ago-26;12,50;12.85;27,67;-0,27;;40
10/08/26;SANTANDER;PUT;Ago-26;13,00;12.85;26,29;-0,58;10;11
10/08/26;SANTANDER;PUT;Ago-26;13,00;12.85;26,29;-0,58;45;89
10/08/26;SANTANDER;PUT;Ago-26;13,50;12.85;26,04;-0,85;;8
10/08/26;SANTANDER;PUT;Ago-26;14,00;12.85;25,79;-0,97;;30
10/08/26;SANTANDER;PUT;Sep-26;6,25;12.85;49,56;;;1.700
10/08/26;SANTANDER;PUT;Sep-26;7,50;12.85;45,21;;;900
10/08/26;SANTANDER;PUT;Sep-26;8,25;12.85;42,60;;;50
10/08/26;SANTANDER;PUT;Sep-26;9,50;12.85;38,26;-0,01;;10
10/08/26;SANTANDER;PUT;Sep-26;10,50;12.85;34,78;-0,03;;30.010
10/08/26;SANTANDER;PUT;Sep-26;11,00;12.85;33,05;-0,07;;1
10/08/26;SANTANDER;PUT;Sep-26;11,50;12.85;31,31;-0,12;;11
10/08/26;SANTANDER;PUT;Sep-26;11,50;12.85;31,31;-0,12;;20
10/08/26;SANTANDER;PUT;Sep-26;12,00;12.85;29,57;-0,22;;56
10/08/26;SANTANDER;PUT;Sep-26;12,00;12.85;29,57;-0,22;;20
10/08/26;SANTANDER;PUT;Sep-26;13,00;12.85;26,51;-0,52;20;40
10/08/26;SANTANDER;PUT;Sep-26;13,50;12.85;26,19;-0,69;;20
10/08/26;SANTANDER;PUT;Sep-26;14,00;12.85;25,87;-0,82;;21
10/08/26;SANTANDER;PUT;Oct-26;11,00;12.85;33,38;-0,12;;2
10/08/26;SANTANDER;PUT;Oct-26;11,50;12.85;31,75;-0,18;;1
10/08/26;SANTANDER;PUT;Oct-26;11,50;12.85;31,75;-0,18;;10
10/08/26;SANTANDER;PUT;Dic-26;6,75;12.85;47,13;-0,01;;2.800
10/08/26;SANTANDER;PUT;Dic-26;9,00;12.85;40,24;-0,06;;10
10/08/26;SANTANDER;PUT;Dic-26;9,75;12.85;37,94;-0,09;;26
10/08/26;SANTANDER;PUT;Dic-26;10,00;12.85;37,18;-0,11;;25
10/08/26;SANTANDER;PUT;Dic-26;10,50;12.85;35,65;-0,15;;1
10/08/26;SANTANDER;PUT;Dic-26;11,00;12.85;34,12;-0,20;;20
10/08/26;SANTANDER;PUT;Dic-26;11,00;12.85;34,12;-0,20;;10
10/08/26;SANTANDER;PUT;Dic-26;11,50;12.85;32,59;-0,25;;1
10/08/26;SANTANDER;PUT;Dic-26;12,00;12.85;31,06;-0,32;;1
10/08/26;SANTANDER;PUT;Dic-26;12,50;12.85;29,53;-0,40;;1
10/08/26;SANTANDER;PUT;Dic-26;13,00;12.85;28,33;-0,49;;1
10/08/26;SANTANDER;PUT;Mar-27;9,00;12.85;39,44;-0,09;;2
10/08/26;SANTANDER;PUT;Jun-27;11,50;12.85;32,95;-0,30;;1
10/08/26;SANTANDER;PUT;Dic-29;10,50;12.85;31,63;-0,25;;60
10/08/26;SOLARIA;CALL;Ago-26;16,00;15.81;45,51;0,46;;4
10/08/26;SOLARIA;CALL;Ago-26;20,50;15.81;36,87;;;3
10/08/26;SOLARIA;CALL;Sep-26;18,00;15.81;40,90;0,19;;25
10/08/26;SOLARIA;CALL;Dic-26;18,00;15.81;42,53;0,36;;9
10/08/26;SOLARIA;CALL;Jun-27;16,50;15.81;42,58;0,56;4;4
10/08/26;SOLARIA;PUT;Ago-26;15,00;15.81;48,77;-0,25;;729
10/08/26;SOLARIA;PUT;Ago-26;18,00;15.81;42,73;-0,96;;10
10/08/26;SOLARIA;PUT;Ago-26;19,00;15.81;40,81;-1,00;;5
10/08/26;SOLARIA;PUT;Dic-26;14,50;15.81;46,16;-0,32;;3
10/08/26;SOLARIA;PUT;Dic-26;22,00;15.81;41,58;-0,90;;25
10/08/26;SOLARIA;PUT;Dic-26;23,00;15.81;41,24;-0,94;;20
10/08/26;SOLARIA;PUT;Dic-26;25,00;15.81;40,57;-0,99;;20
10/08/26;TECNICAS REUNIDAS;CALL;Ago-26;29,32;27.2;48,89;0,20;;10
10/08/26;TECNICAS REUNIDAS;CALL;Ago-26;30,24;27.2;48,52;0,11;;19
10/08/26;TECNICAS REUNIDAS;CALL;Ago-26;32,07;27.2;47,78;0,03;;18
10/08/26;TECNICAS REUNIDAS;CALL;Ago-26;32,99;27.2;47,41;0,01;;22
10/08/26;TECNICAS REUNIDAS;CALL;Ago-26;34,82;27.2;46,67;;;2
10/08/26;TECNICAS REUNIDAS;CALL;Ago-26;35,74;27.2;46,30;;;2
10/08/26;TECNICAS REUNIDAS;CALL;Ago-26;38,48;27.2;45,19;;;5
10/08/26;TECNICAS REUNIDAS;CALL;Sep-26;30,24;27.2;45,66;0,27;;10
10/08/26;TECNICAS REUNIDAS;CALL;Sep-26;31,15;27.2;45,42;0,21;;3
10/08/26;TECNICAS REUNIDAS;CALL;Sep-26;32,07;27.2;45,17;0,15;;5
10/08/26;TECNICAS REUNIDAS;CALL;Sep-26;32,99;27.2;44,92;0,11;;13
10/08/26;TECNICAS REUNIDAS;CALL;Sep-26;33,90;27.2;44,67;0,08;;6
10/08/26;TECNICAS REUNIDAS;CALL;Sep-26;34,82;27.2;44,43;0,05;;135
10/08/26;TECNICAS REUNIDAS;CALL;Sep-26;36,65;27.2;43,93;0,02;;5
10/08/26;TECNICAS REUNIDAS;CALL;Dic-26;41,23;27.2;49,95;0,10;;5
10/08/26;TECNICAS REUNIDAS;CALL;Mar-27;37,00;27.2;45,86;0,24;;1
10/08/26;TECNICAS REUNIDAS;CALL;Jun-27;29,00;27.2;46,96;0,52;;12
10/08/26;TECNICAS REUNIDAS;PUT;Ago-26;22,91;27.2;56,69;-0,04;;7
10/08/26;TECNICAS REUNIDAS;PUT;Ago-26;23,82;27.2;54,83;-0,07;;5
10/08/26;TECNICAS REUNIDAS;PUT;Ago-26;24,74;27.2;52,94;-0,14;;1
10/08/26;TECNICAS REUNIDAS;PUT;Ago-26;25,66;27.2;51,06;-0,24;;5
10/08/26;TECNICAS REUNIDAS;PUT;Ago-26;26,57;27.2;49,20;-0,37;;1
10/08/26;TECNICAS REUNIDAS;PUT;Ago-26;27,49;27.2;47,79;-0,53;;6
10/08/26;TECNICAS REUNIDAS;PUT;Ago-26;29,32;27.2;47,05;-0,81;;3
10/08/26;TECNICAS REUNIDAS;PUT;Ago-26;30,24;27.2;46,68;-0,90;;3
10/08/26;TECNICAS REUNIDAS;PUT;Sep-26;18,33;27.2;60,13;-0,02;;5
10/08/26;TECNICAS REUNIDAS;PUT;Sep-26;19,24;27.2;58,54;-0,03;;5
10/08/26;TECNICAS REUNIDAS;PUT;Sep-26;22,91;27.2;52,16;-0,14;;5
10/08/26;TECNICAS REUNIDAS;PUT;Sep-26;25,66;27.2;47,37;-0,32;;5
10/08/26;TECNICAS REUNIDAS;PUT;Dic-26;18,33;27.2;54,79;-0,09;;2
10/08/26;TECNICAS REUNIDAS;PUT;Dic-26;20,16;27.2;52,21;-0,15;;2
10/08/26;TECNICAS REUNIDAS;PUT;Dic-26;21,07;27.2;50,93;-0,18;;5
10/08/26;TECNICAS REUNIDAS;PUT;Dic-26;26,57;27.2;43,18;-0,44;9;9
10/08/26;TECNICAS REUNIDAS;PUT;Mar-27;16,00;27.2;55,29;-0,08;;1
10/08/26;TECNICAS REUNIDAS;PUT;Mar-27;30,00;27.2;40,84;-0,58;;5
10/08/26;TECNICAS REUNIDAS;PUT;Jun-27;18,00;27.2;49,81;-0,13;1;3
10/08/26;TECNICAS REUNIDAS;PUT;Jun-27;32,00;27.2;39,61;-0,63;;2
10/08/26;TECNICAS REUNIDAS;PUT;Ago-26;27,00;27.2;48,32;-0,44;;5
10/08/26;TECNICAS REUNIDAS;PUT;Dic-26;26,00;27.2;43,98;-0,41;;5
10/08/26;TECNICAS REUNIDAS;PUT;Dic-26;27,00;27.2;42,57;-0,46;;5
10/08/26;TELEFONICA;CALL;Ago-26;3,60;3.64;24,89;0,61;;75.077
10/08/26;TELEFONICA;CALL;Ago-26;3,70;3.64;24,36;0,35;;81
10/08/26;TELEFONICA;CALL;Ago-26;3,80;3.64;24,05;0,16;;43
10/08/26;TELEFONICA;CALL;Ago-26;3,90;3.64;23,75;0,05;;3
10/08/26;TELEFONICA;CALL;Ago-26;4,00;3.64;23,45;0,01;;10
10/08/26;TELEFONICA;CALL;Ago-26;4,20;3.64;22,84;;;10
10/08/26;TELEFONICA;CALL;Sep-26;2,20;3.64;36,35;1,00;;2
10/08/26;TELEFONICA;CALL;Sep-26;3,50;3.64;24,91;0,70;;16
10/08/26;TELEFONICA;CALL;Sep-26;3,60;3.64;24,03;0,58;;160
10/08/26;TELEFONICA;CALL;Sep-26;3,70;3.64;23,52;0,44;;131
10/08/26;TELEFONICA;CALL;Sep-26;3,80;3.64;23,23;0,30;;1.013
10/08/26;TELEFONICA;CALL;Sep-26;3,90;3.64;22,94;0,19;;25
10/08/26;TELEFONICA;CALL;Sep-26;4,00;3.64;22,64;0,11;;316
10/08/26;TELEFONICA;CALL;Sep-26;4,10;3.64;22,35;0,06;;10.005
10/08/26;TELEFONICA;CALL;Sep-26;4,20;3.64;22,06;0,03;;594
10/08/26;TELEFONICA;CALL;Sep-26;4,30;3.64;21,76;0,01;;250
10/08/26;TELEFONICA;CALL;Sep-26;4,40;3.64;21,47;;;1.100
10/08/26;TELEFONICA;CALL;Sep-26;4,60;3.64;20,88;;;6
10/08/26;TELEFONICA;CALL;Oct-26;3,90;3.64;22,27;0,26;;2
10/08/26;TELEFONICA;CALL;Dic-26;2,90;3.64;28,45;0,93;;1
10/08/26;TELEFONICA;CALL;Dic-26;3,00;3.64;27,74;0,90;;10
10/08/26;TELEFONICA;CALL;Dic-26;3,30;3.64;25,59;0,78;;10
10/08/26;TELEFONICA;CALL;Dic-26;3,40;3.64;24,88;0,72;;65
10/08/26;TELEFONICA;CALL;Dic-26;3,50;3.64;24,16;0,65;;197
10/08/26;TELEFONICA;CALL;Dic-26;3,60;3.64;23,45;0,58;;86.509
10/08/26;TELEFONICA;CALL;Dic-26;3,70;3.64;23,00;0,50;;1.958
10/08/26;TELEFONICA;CALL;Dic-26;3,80;3.64;22,71;0,42;;324
10/08/26;TELEFONICA;CALL;Dic-26;3,90;3.64;22,42;0,35;;658
10/08/26;TELEFONICA;CALL;Dic-26;4,00;3.64;22,12;0,28;;120.740
10/08/26;TELEFONICA;CALL;Dic-26;4,10;3.64;21,83;0,22;;560
10/08/26;TELEFONICA;CALL;Dic-26;4,20;3.64;21,54;0,16;;1.214
10/08/26;TELEFONICA;CALL;Dic-26;4,30;3.64;21,24;0,12;;511
10/08/26;TELEFONICA;CALL;Dic-26;4,40;3.64;20,95;0,08;;14
10/08/26;TELEFONICA;CALL;Dic-26;4,50;3.64;20,66;0,05;;43.670
10/08/26;TELEFONICA;CALL;Dic-26;4,60;3.64;20,36;0,04;;35.000
10/08/26;TELEFONICA;CALL;Dic-26;4,70;3.64;20,07;0,02;;20.010
10/08/26;TELEFONICA;CALL;Dic-26;4,90;3.64;19,48;0,01;;8.004
10/08/26;TELEFONICA;CALL;Dic-26;5,00;3.64;19,19;;;771
10/08/26;TELEFONICA;CALL;Dic-26;5,25;3.64;18,46;;;8
10/08/26;TELEFONICA;CALL;Dic-26;5,50;3.64;17,72;;;2
10/08/26;TELEFONICA;CALL;Mar-27;2,20;3.64;31,18;0,99;;1
10/08/26;TELEFONICA;CALL;Mar-27;3,10;3.64;26,31;0,83;;30
10/08/26;TELEFONICA;CALL;Mar-27;3,20;3.64;25,77;0,79;;10
10/08/26;TELEFONICA;CALL;Mar-27;3,40;3.64;24,69;0,70;;1
10/08/26;TELEFONICA;CALL;Mar-27;3,50;3.64;24,15;0,65;;2
10/08/26;TELEFONICA;CALL;Mar-27;3,60;3.64;23,60;0,59;;52
10/08/26;TELEFONICA;CALL;Mar-27;3,70;3.64;23,22;0,53;;308
10/08/26;TELEFONICA;CALL;Mar-27;3,80;3.64;22,93;0,47;;3
10/08/26;TELEFONICA;CALL;Mar-27;3,90;3.64;22,64;0,41;;5
10/08/26;TELEFONICA;CALL;Mar-27;4,00;3.64;22,34;0,35;;140
10/08/26;TELEFONICA;CALL;Mar-27;4,20;3.64;21,76;0,25;10;70
10/08/26;TELEFONICA;CALL;Mar-27;4,30;3.64;21,46;0,20;;4
10/08/26;TELEFONICA;CALL;Mar-27;4,40;3.64;21,17;0,16;;5.000
10/08/26;TELEFONICA;CALL;Mar-27;4,60;3.64;20,58;0,10;;20.000
10/08/26;TELEFONICA;CALL;Mar-27;4,80;3.64;20,00;0,05;;25
10/08/26;TELEFONICA;CALL;Jun-27;3,00;3.64;26,82;0,85;;5
10/08/26;TELEFONICA;CALL;Jun-27;3,50;3.64;24,71;0,65;;1
10/08/26;TELEFONICA;CALL;Jun-27;3,60;3.64;24,29;0,60;;100
10/08/26;TELEFONICA;CALL;Jun-27;3,80;3.64;23,73;0,50;;25
10/08/26;TELEFONICA;CALL;Jun-27;3,90;3.64;23,49;0,45;;14
10/08/26;TELEFONICA;CALL;Jun-27;4,00;3.64;23,24;0,40;;58
10/08/26;TELEFONICA;CALL;Jun-27;4,10;3.64;22,99;0,35;;4.028
10/08/26;TELEFONICA;CALL;Jun-27;4,20;3.64;22,74;0,30;;24.007
10/08/26;TELEFONICA;CALL;Jun-27;4,30;3.64;22,50;0,26;;100
10/08/26;TELEFONICA;CALL;Jun-27;4,40;3.64;22,25;0,22;;456
10/08/26;TELEFONICA;CALL;Jun-27;4,50;3.64;22,00;0,19;;6.700
10/08/26;TELEFONICA;CALL;Jun-27;4,70;3.64;21,51;0,13;;10
10/08/26;TELEFONICA;CALL;Jun-27;4,80;3.64;21,26;0,10;;150
10/08/26;TELEFONICA;CALL;Jun-27;4,90;3.64;21,01;0,08;;150
10/08/26;TELEFONICA;CALL;Jun-27;5,00;3.64;20,76;0,06;;150
10/08/26;TELEFONICA;CALL;Jun-27;5,50;3.64;19,53;0,01;;5
10/08/26;TELEFONICA;CALL;Jun-27;5,75;3.64;18,91;0,01;;20
10/08/26;TELEFONICA;CALL;Sep-27;3,70;3.64;24,37;0,55;;31
10/08/26;TELEFONICA;CALL;Sep-27;3,80;3.64;24,12;0,50;;4
10/08/26;TELEFONICA;CALL;Sep-27;3,90;3.64;23,88;0,46;;150
10/08/26;TELEFONICA;CALL;Sep-27;4,60;3.64;22,14;0,18;;2
10/08/26;TELEFONICA;CALL;Sep-27;5,50;3.64;19,92;0,03;;22
10/08/26;TELEFONICA;CALL;Dic-27;2,30;3.64;29,33;0,97;;10
10/08/26;TELEFONICA;CALL;Dic-27;2,40;3.64;29,03;0,96;;10
10/08/26;TELEFONICA;CALL;Dic-27;2,50;3.64;28,73;0,94;;10
10/08/26;TELEFONICA;CALL;Dic-27;2,60;3.64;28,42;0,92;;10
10/08/26;TELEFONICA;CALL;Dic-27;2,70;3.64;28,12;0,90;;25
10/08/26;TELEFONICA;CALL;Dic-27;2,80;3.64;27,82;0,88;;15
10/08/26;TELEFONICA;CALL;Dic-27;2,90;3.64;27,52;0,85;;15
10/08/26;TELEFONICA;CALL;Dic-27;3,10;3.64;26,91;0,79;;8
10/08/26;TELEFONICA;CALL;Dic-27;3,20;3.64;26,61;0,75;;750
10/08/26;TELEFONICA;CALL;Dic-27;3,50;3.64;25,70;0,63;;140
10/08/26;TELEFONICA;CALL;Dic-27;3,60;3.64;25,40;0,59;;22
10/08/26;TELEFONICA;CALL;Dic-27;3,70;3.64;25,16;0,55;;11
10/08/26;TELEFONICA;CALL;Dic-27;3,80;3.64;24,94;0,51;;9.010
10/08/26;TELEFONICA;CALL;Dic-27;3,90;3.64;24,73;0,47;;1
10/08/26;TELEFONICA;CALL;Dic-27;4,00;3.64;24,52;0,43;;870
10/08/26;TELEFONICA;CALL;Dic-27;4,10;3.64;24,31;0,39;;102
10/08/26;TELEFONICA;CALL;Dic-27;4,20;3.64;24,10;0,36;;3
10/08/26;TELEFONICA;CALL;Dic-27;4,30;3.64;23,89;0,32;;36
10/08/26;TELEFONICA;CALL;Dic-27;4,40;3.64;23,68;0,29;;79
10/08/26;TELEFONICA;CALL;Dic-27;4,50;3.64;23,47;0,26;;139
10/08/26;TELEFONICA;CALL;Dic-27;4,60;3.64;23,26;0,23;;4.001
10/08/26;TELEFONICA;CALL;Dic-27;4,70;3.64;23,05;0,20;;30.150
10/08/26;TELEFONICA;CALL;Dic-27;5,00;3.64;22,41;0,13;;486
10/08/26;TELEFONICA;CALL;Dic-27;5,25;3.64;21,89;0,09;;167
10/08/26;TELEFONICA;CALL;Dic-27;5,50;3.64;21,36;0,06;;25
10/08/26;TELEFONICA;CALL;Dic-27;6,00;3.64;20,31;0,02;;21.105
10/08/26;TELEFONICA;CALL;Mar-28;2,10;3.64;29,91;0,98;;10
10/08/26;TELEFONICA;CALL;Mar-28;2,20;3.64;29,65;0,97;;10
10/08/26;TELEFONICA;CALL;Mar-28;2,30;3.64;29,38;0,96;;10
10/08/26;TELEFONICA;CALL;Mar-28;2,40;3.64;29,12;0,94;;10
10/08/26;TELEFONICA;CALL;Mar-28;2,50;3.64;28,85;0,93;;10
10/08/26;TELEFONICA;CALL;Mar-28;2,60;3.64;28,58;0,91;;10
10/08/26;TELEFONICA;CALL;Mar-28;2,70;3.64;28,32;0,88;;50
10/08/26;TELEFONICA;CALL;Mar-28;2,80;3.64;28,05;0,86;;15
10/08/26;TELEFONICA;CALL;Mar-28;2,90;3.64;27,79;0,83;;15
10/08/26;TELEFONICA;CALL;Mar-28;3,00;3.64;27,52;0,80;;20
10/08/26;TELEFONICA;CALL;Mar-28;3,10;3.64;27,26;0,77;;20
10/08/26;TELEFONICA;CALL;Mar-28;3,20;3.64;26,99;0,73;;27
10/08/26;TELEFONICA;CALL;Mar-28;3,30;3.64;26,72;0,70;;25
10/08/26;TELEFONICA;CALL;Mar-28;3,40;3.64;26,46;0,66;;521
10/08/26;TELEFONICA;CALL;Mar-28;3,50;3.64;26,19;0,63;;27
10/08/26;TELEFONICA;CALL;Mar-28;3,60;3.64;25,93;0,59;;26
10/08/26;TELEFONICA;CALL;Mar-28;3,70;3.64;25,71;0,56;;25
10/08/26;TELEFONICA;CALL;Mar-28;4,00;3.64;25,13;0,45;;10
10/08/26;TELEFONICA;CALL;Mar-28;4,10;3.64;24,94;0,42;;1
10/08/26;TELEFONICA;CALL;Mar-28;4,50;3.64;24,17;0,29;;100
10/08/26;TELEFONICA;CALL;Mar-28;4,60;3.64;23,97;0,27;;1
10/08/26;TELEFONICA;CALL;Jun-28;4,00;3.64;25,37;0,46;;100
10/08/26;TELEFONICA;CALL;Jun-28;4,50;3.64;24,50;0,31;;2
10/08/26;TELEFONICA;CALL;Jun-28;4,60;3.64;24,32;0,29;;150
10/08/26;TELEFONICA;CALL;Jun-28;4,70;3.64;24,15;0,26;;150
10/08/26;TELEFONICA;CALL;Jun-28;5,00;3.64;23,62;0,20;;4
10/08/26;TELEFONICA;CALL;Sep-28;3,50;3.64;26,40;0,63;;30
10/08/26;TELEFONICA;CALL;Dic-28;3,80;3.64;26,21;0,54;;3
10/08/26;TELEFONICA;CALL;Dic-28;4,00;3.64;25,92;0,48;;18
10/08/26;TELEFONICA;CALL;Dic-28;4,50;3.64;25,18;0,35;;55
10/08/26;TELEFONICA;CALL;Dic-28;4,80;3.64;24,74;0,28;;10
10/08/26;TELEFONICA;CALL;Dic-28;5,00;3.64;24,45;0,24;;65
10/08/26;TELEFONICA;CALL;Dic-28;5,25;3.64;24,08;0,19;;50
10/08/26;TELEFONICA;CALL;Dic-29;3,40;3.64;27,66;0,65;;10
10/08/26;TELEFONICA;CALL;Dic-29;4,30;3.64;26,63;0,44;;1
10/08/26;TELEFONICA;CALL;Dic-29;4,50;3.64;26,41;0,40;;27
10/08/26;TELEFONICA;CALL;Dic-29;5,00;3.64;25,86;0,31;;543
10/08/26;TELEFONICA;CALL;Jun-30;5,75;3.64;25,49;0,22;;250
10/08/26;TELEFONICA;CALL;Dic-30;4,50;3.64;27,03;0,44;;3
10/08/26;TELEFONICA;PUT;Ago-26;3,10;3.64;28,52;;;68
10/08/26;TELEFONICA;PUT;Ago-26;3,30;3.64;26,63;-0,02;;24
10/08/26;TELEFONICA;PUT;Ago-26;3,40;3.64;25,69;-0,06;;66
10/08/26;TELEFONICA;PUT;Ago-26;3,50;3.64;24,74;-0,18;60;80
10/08/26;TELEFONICA;PUT;Ago-26;3,60;3.64;23,80;-0,39;;75.173
10/08/26;TELEFONICA;PUT;Ago-26;3,70;3.64;23,27;-0,65;;184
10/08/26;TELEFONICA;PUT;Ago-26;3,80;3.64;22,96;-0,86;;22
10/08/26;TELEFONICA;PUT;Ago-26;4,00;3.64;22,36;-1,00;;10
10/08/26;TELEFONICA;PUT;Sep-26;2,60;3.64;32,57;;;4
10/08/26;TELEFONICA;PUT;Sep-26;2,70;3.64;31,69;;;5
10/08/26;TELEFONICA;PUT;Sep-26;2,90;3.64;29,93;-0,01;;28
10/08/26;TELEFONICA;PUT;Sep-26;3,00;3.64;29,05;-0,02;;2
10/08/26;TELEFONICA;PUT;Sep-26;3,10;3.64;28,17;-0,04;;20
10/08/26;TELEFONICA;PUT;Sep-26;3,20;3.64;27,29;-0,07;;23
10/08/26;TELEFONICA;PUT;Sep-26;3,30;3.64;26,41;-0,12;;130
10/08/26;TELEFONICA;PUT;Sep-26;3,40;3.64;25,53;-0,19;;84
10/08/26;TELEFONICA;PUT;Sep-26;3,50;3.64;24,65;-0,30;;196
10/08/26;TELEFONICA;PUT;Sep-26;3,60;3.64;23,77;-0,42;;231
10/08/26;TELEFONICA;PUT;Sep-26;3,70;3.64;23,26;-0,57;;10.000
10/08/26;TELEFONICA;PUT;Sep-26;3,80;3.64;22,97;-0,70;;217
10/08/26;TELEFONICA;PUT;Sep-26;3,90;3.64;22,68;-0,82;;305
10/08/26;TELEFONICA;PUT;Sep-26;4,00;3.64;22,38;-0,90;;10.087
10/08/26;TELEFONICA;PUT;Sep-26;4,10;3.64;22,09;-0,96;;15
10/08/26;TELEFONICA;PUT;Sep-26;4,20;3.64;21,80;-1,00;;7
10/08/26;TELEFONICA;PUT;Sep-26;4,30;3.64;21,50;-1,00;;6
10/08/26;TELEFONICA;PUT;Oct-26;3,50;3.64;24,42;-0,33;6;17
10/08/26;TELEFONICA;PUT;Oct-26;4,00;3.64;22,26;-0,83;;25
10/08/26;TELEFONICA;PUT;Dic-26;2,50;3.64;31,22;-0,02;;8
10/08/26;TELEFONICA;PUT;Dic-26;2,80;3.64;29,08;-0,05;;100
10/08/26;TELEFONICA;PUT;Dic-26;2,90;3.64;28,36;-0,07;;50
10/08/26;TELEFONICA;PUT;Dic-26;3,00;3.64;27,65;-0,10;;17
10/08/26;TELEFONICA;PUT;Dic-26;3,10;3.64;26,93;-0,13;;212
10/08/26;TELEFONICA;PUT;Dic-26;3,20;3.64;26,22;-0,17;;177
10/08/26;TELEFONICA;PUT;Dic-26;3,30;3.64;25,50;-0,22;;46
10/08/26;TELEFONICA;PUT;Dic-26;3,40;3.64;24,79;-0,28;;65.233
10/08/26;TELEFONICA;PUT;Dic-26;3,50;3.64;24,07;-0,35;;20.224
10/08/26;TELEFONICA;PUT;Dic-26;3,60;3.64;23,36;-0,43;15;95.172
10/08/26;TELEFONICA;PUT;Dic-26;3,70;3.64;22,91;-0,51;;320
10/08/26;TELEFONICA;PUT;Dic-26;3,80;3.64;22,62;-0,59;;348
10/08/26;TELEFONICA;PUT;Dic-26;3,90;3.64;22,33;-0,67;;2.732
10/08/26;TELEFONICA;PUT;Dic-26;4,00;3.64;22,03;-0,74;;107.538
10/08/26;TELEFONICA;PUT;Dic-26;4,10;3.64;21,74;-0,81;;1
10/08/26;TELEFONICA;PUT;Dic-26;4,20;3.64;21,45;-0,88;;18
10/08/26;TELEFONICA;PUT;Dic-26;4,30;3.64;21,15;-0,93;;83
10/08/26;TELEFONICA;PUT;Dic-26;4,40;3.64;20,86;-0,97;;9
10/08/26;TELEFONICA;PUT;Dic-26;4,50;3.64;20,57;-1,00;;37.510
10/08/26;TELEFONICA;PUT;Dic-26;4,60;3.64;20,27;-1,00;;15.000
10/08/26;TELEFONICA;PUT;Mar-27;3,10;3.64;25,96;-0,17;;8
10/08/26;TELEFONICA;PUT;Mar-27;3,20;3.64;25,42;-0,21;;33
10/08/26;TELEFONICA;PUT;Mar-27;3,30;3.64;24,88;-0,26;;1
10/08/26;TELEFONICA;PUT;Mar-27;3,40;3.64;24,34;-0,31;;1
10/08/26;TELEFONICA;PUT;Mar-27;3,50;3.64;23,80;-0,36;;53
10/08/26;TELEFONICA;PUT;Mar-27;3,60;3.64;23,25;-0,42;;40
10/08/26;TELEFONICA;PUT;Mar-27;3,70;3.64;22,87;-0,48;;19
10/08/26;TELEFONICA;PUT;Mar-27;3,80;3.64;22,58;-0,55;;220
10/08/26;TELEFONICA;PUT;Mar-27;3,90;3.64;22,29;-0,61;;719
10/08/26;TELEFONICA;PUT;Mar-27;4,00;3.64;21,99;-0,68;;674
10/08/26;TELEFONICA;PUT;Mar-27;4,10;3.64;21,70;-0,74;;29
10/08/26;TELEFONICA;PUT;Mar-27;4,20;3.64;21,41;-0,80;;600
10/08/26;TELEFONICA;PUT;Mar-27;4,40;3.64;20,82;-0,90;;5.000
10/08/26;TELEFONICA;PUT;Mar-27;4,50;3.64;20,53;-0,95;;5
10/08/26;TELEFONICA;PUT;Mar-27;4,60;3.64;20,23;-0,99;;20.000
10/08/26;TELEFONICA;PUT;Jun-27;3,10;3.64;23,67;-0,23;;1
10/08/26;TELEFONICA;PUT;Jun-27;3,20;3.64;23,25;-0,27;;15
10/08/26;TELEFONICA;PUT;Jun-27;3,30;3.64;22,83;-0,32;;15
10/08/26;TELEFONICA;PUT;Jun-27;3,40;3.64;22,41;-0,37;;31
10/08/26;TELEFONICA;PUT;Jun-27;3,50;3.64;21,98;-0,42;;52
10/08/26;TELEFONICA;PUT;Jun-27;3,60;3.64;21,56;-0,48;;25.100
10/08/26;TELEFONICA;PUT;Jun-27;3,70;3.64;21,25;-0,54;;17
10/08/26;TELEFONICA;PUT;Jun-27;3,80;3.64;21,00;-0,59;;4.366
10/08/26;TELEFONICA;PUT;Jun-27;3,90;3.64;20,76;-0,64;;19
10/08/26;TELEFONICA;PUT;Jun-27;4,00;3.64;20,51;-0,69;;10
10/08/26;TELEFONICA;PUT;Jun-27;4,10;3.64;20,26;-0,74;;20
10/08/26;TELEFONICA;PUT;Jun-27;4,20;3.64;20,01;-0,78;;20
10/08/26;TELEFONICA;PUT;Jun-27;4,30;3.64;19,77;-0,83;;20
10/08/26;TELEFONICA;PUT;Jun-27;4,40;3.64;19,52;-0,86;;5
10/08/26;TELEFONICA;PUT;Jun-27;4,60;3.64;19,02;-0,91;;4
10/08/26;TELEFONICA;PUT;Jun-27;5,00;3.64;18,03;-0,97;;96
10/08/26;TELEFONICA;PUT;Jun-27;5,50;3.64;16,80;-1,00;;240
10/08/26;TELEFONICA;PUT;Sep-27;2,50;3.64;24,02;-0,06;;20
10/08/26;TELEFONICA;PUT;Sep-27;2,90;3.64;22,67;-0,16;;30
10/08/26;TELEFONICA;PUT;Sep-27;3,10;3.64;21,99;-0,23;;1
10/08/26;TELEFONICA;PUT;Sep-27;3,80;3.64;19,76;-0,58;;1
10/08/26;TELEFONICA;PUT;Sep-27;4,00;3.64;19,27;-0,68;;4
10/08/26;TELEFONICA;PUT;Sep-27;4,10;3.64;19,02;-0,73;;1
10/08/26;TELEFONICA;PUT;Sep-27;4,20;3.64;18,77;-0,77;;2
10/08/26;TELEFONICA;PUT;Sep-27;5,00;3.64;16,79;-0,97;;1
10/08/26;TELEFONICA;PUT;Sep-27;5,75;3.64;14,94;-1,00;;25
10/08/26;TELEFONICA;PUT;Dic-27;2,20;3.64;25,81;-0,04;;6.000
10/08/26;TELEFONICA;PUT;Dic-27;2,70;3.64;24,30;-0,12;;100
10/08/26;TELEFONICA;PUT;Dic-27;3,00;3.64;23,39;-0,21;;7.500
10/08/26;TELEFONICA;PUT;Dic-27;3,20;3.64;22,79;-0,29;;1
10/08/26;TELEFONICA;PUT;Dic-27;3,30;3.64;22,49;-0,33;;5
10/08/26;TELEFONICA;PUT;Dic-27;3,40;3.64;22,18;-0,37;;10
10/08/26;TELEFONICA;PUT;Dic-27;3,50;3.64;21,88;-0,42;;10
10/08/26;TELEFONICA;PUT;Dic-27;3,60;3.64;21,58;-0,46;;30.000
10/08/26;TELEFONICA;PUT;Dic-27;3,70;3.64;21,34;-0,51;;5
10/08/26;TELEFONICA;PUT;Dic-27;3,80;3.64;21,12;-0,55;;9.003
10/08/26;TELEFONICA;PUT;Dic-27;4,00;3.64;20,70;-0,65;;20.003
10/08/26;TELEFONICA;PUT;Dic-27;4,10;3.64;20,49;-0,69;;3
10/08/26;TELEFONICA;PUT;Dic-27;4,20;3.64;20,28;-0,73;;1
10/08/26;TELEFONICA;PUT;Dic-27;4,30;3.64;20,07;-0,76;;4
10/08/26;TELEFONICA;PUT;Dic-27;4,40;3.64;19,86;-0,80;;3
10/08/26;TELEFONICA;PUT;Dic-27;4,50;3.64;19,65;-0,83;;3
10/08/26;TELEFONICA;PUT;Dic-27;4,60;3.64;19,44;-0,86;;250
10/08/26;TELEFONICA;PUT;Dic-27;4,70;3.64;19,23;-0,88;;30.000
10/08/26;TELEFONICA;PUT;Dic-27;5,00;3.64;18,59;-0,94;;5
10/08/26;TELEFONICA;PUT;Dic-27;5,50;3.64;17,54;-0,99;;5
10/08/26;TELEFONICA;PUT;Mar-28;3,30;3.64;22,93;-0,33;;6
10/08/26;TELEFONICA;PUT;Mar-28;3,90;3.64;21,53;-0,58;;40
10/08/26;TELEFONICA;PUT;Mar-28;4,00;3.64;21,34;-0,62;;25
10/08/26;TELEFONICA;PUT;Mar-28;4,30;3.64;20,76;-0,73;;2
10/08/26;TELEFONICA;PUT;Mar-28;4,50;3.64;20,38;-0,80;;1
10/08/26;TELEFONICA;PUT;Mar-28;4,60;3.64;20,18;-0,83;;1
10/08/26;TELEFONICA;PUT;Mar-28;4,90;3.64;19,61;-0,90;;2
10/08/26;TELEFONICA;PUT;Mar-28;5,25;3.64;18,93;-0,95;;4
10/08/26;TELEFONICA;PUT;Mar-28;5,50;3.64;18,45;-0,98;;17
10/08/26;TELEFONICA;PUT;Jun-28;3,60;3.64;22,30;-0,47;;3
10/08/26;TELEFONICA;PUT;Dic-28;3,00;3.64;23,68;-0,26;;20.000
10/08/26;TELEFONICA;PUT;Dic-28;3,50;3.64;22,76;-0,42;;5
10/08/26;TELEFONICA;PUT;Dic-28;4,80;3.64;20,80;-0,80;;50
10/08/26;TELEFONICA;PUT;Dic-29;3,50;3.64;23,15;-0,43;;150
10/08/26;TELEFONICA;CALL;Sep-26;3,50;3.64;24,91;0,70;;1
10/08/26;TELEFONICA;CALL;Sep-26;3,60;3.64;24,03;0,58;;2
10/08/26;TELEFONICA;CALL;Sep-26;3,90;3.64;22,94;0,19;;85
10/08/26;TELEFONICA;CALL;Sep-26;4,00;3.64;22,64;0,11;;32
10/08/26;TELEFONICA;CALL;Dic-26;3,70;3.64;23,00;0,50;;4
10/08/26;TELEFONICA;CALL;Dic-26;4,30;3.64;21,24;0,12;;27
10/08/26;TELEFONICA;CALL;Dic-26;5,25;3.64;18,46;;;190
10/08/26;TELEFONICA;CALL;Mar-27;3,80;3.64;22,93;0,46;;40
10/08/26;TELEFONICA;CALL;Sep-27;3,70;3.64;24,37;0,49;;10
10/08/26;TELEFONICA;PUT;Sep-26;3,30;3.64;26,41;-0,12;;5
10/08/26;TELEFONICA;PUT;Sep-26;3,50;3.64;24,65;-0,29;;11
10/08/26;TELEFONICA;PUT;Sep-26;3,60;3.64;23,77;-0,42;;25
10/08/26;TELEFONICA;PUT;Sep-26;3,70;3.64;23,26;-0,56;;25
10/08/26;TELEFONICA;PUT;Sep-26;3,80;3.64;22,97;-0,69;;10
10/08/26;TELEFONICA;PUT;Sep-26;4,00;3.64;22,38;-0,89;;700
10/08/26;TELEFONICA;PUT;Sep-26;4,30;3.64;21,50;-0,99;;100
10/08/26;TELEFONICA;PUT;Sep-26;4,50;3.64;20,92;-1,00;;112
10/08/26;TELEFONICA;PUT;Sep-26;4,70;3.64;20,33;-1,00;;5
10/08/26;TELEFONICA;PUT;Sep-26;5,25;3.64;18,72;-1,00;;15
10/08/26;TELEFONICA;PUT;Dic-26;3,40;3.64;24,79;-0,28;;4
10/08/26;TELEFONICA;PUT;Dic-26;3,90;3.64;22,33;-0,65;;10
10/08/26;TELEFONICA;PUT;Dic-26;4,20;3.64;21,45;-0,83;;50
10/08/26;TELEFONICA;PUT;Dic-26;7,50;3.64;12,54;-0,99;;5
10/08/26;TELEFONICA;PUT;Dic-26;9,50;3.64;12,54;-0,99;;50
10/08/26;TELEFONICA;PUT;Dic-26;11,00;3.64;12,54;-0,99;;52
10/08/26;TELEFONICA;PUT;Dic-26;12,00;3.64;12,54;-0,99;;361
10/08/26;TELEFONICA;PUT;Dic-26;16,50;3.64;12,54;-0,99;;14
10/08/26;TELEFONICA;PUT;Mar-27;3,20;3.64;25,42;-0,20;;800
10/08/26;TELEFONICA;PUT;Mar-27;3,40;3.64;24,34;-0,29;;1.000
10/08/26;TELEFONICA;PUT;Mar-27;3,60;3.64;23,25;-0,40;;1.200
10/08/26;TELEFONICA;PUT;Mar-27;3,80;3.64;22,58;-0,52;;40
10/08/26;TELEFONICA;PUT;Mar-27;7,75;3.64;12,50;-0,98;;750
10/08/26;TELEFONICA;PUT;Jun-27;4,90;3.64;18,28;-0,94;;5
10/08/26;TELEFONICA;PUT;Jun-27;5,50;3.64;16,80;-0,97;;585
10/08/26;UNICAJA;CALL;Ago-26;3,00;3.54;28,74;1,00;;10
10/08/26;UNICAJA;CALL;Sep-26;2,80;3.54;28,61;1,00;;7
10/08/26;UNICAJA;CALL;Sep-26;3,50;3.54;28,28;0,57;;160
10/08/26;UNICAJA;CALL;Dic-26;3,40;3.54;27,83;0,62;;68
10/08/26;UNICAJA;CALL;Dic-26;3,50;3.54;27,78;0,54;;80
10/08/26;UNICAJA;PUT;Sep-26;2,70;3.54;22,52;;;200
10/08/26;UNICAJA;PUT;Sep-26;3,00;3.54;22,38;-0,01;;25
10/08/26;UNICAJA;PUT;Sep-26;3,20;3.54;22,29;-0,07;;25
10/08/26;UNICAJA;PUT;Sep-26;3,40;3.54;22,20;-0,27;;25
10/08/26;UNICAJA;PUT;Sep-26;3,50;3.54;22,15;-0,42;;25
10/08/26;UNICAJA;PUT;Dic-26;2,30;3.54;22,60;;;5
10/08/26;UNICAJA;PUT;Dic-26;2,50;3.54;22,51;-0,01;;4
10/08/26;UNICAJA;PUT;Dic-26;4,00;3.54;21,63;-0,87;;30
10/08/26;VIDRALA;CALL;Sep-26;80,00;87.6;21,04;0,92;;1
10/08/26;VIDRALA;CALL;Dic-26;80,00;87.6;20,38;0,81;;1
10/08/26;VIDRALA;CALL;Dic-26;88,00;87.6;19,00;0,54;;4
10/08/26;VIDRALA;CALL;Dic-26;90,00;87.6;18,88;0,46;;1
10/08/26;VIDRALA;CALL;Mar-27;84,00;87.6;19,42;0,67;;1
10/08/26;VIDRALA;CALL;Mar-27;90,00;87.6;18,91;0,49;;10
10/08/26;VIDRALA;PUT;Sep-26;66,67;87.6;23,91;;;2
10/08/26;VIDRALA;PUT;Sep-26;74,29;87.6;21,86;-0,01;;1
10/08/26;VIDRALA;PUT;Sep-26;81,90;87.6;19,80;-0,14;;11
10/08/26;VIDRALA;PUT;Dic-26;60,00;87.6;23,37;;;1
10/08/26;VIDRALA;PUT;Dic-26;72,00;87.6;21,22;-0,05;;1
10/08/26;VIDRALA;PUT;Dic-26;80,00;87.6;19,79;-0,19;;1
10/08/26;VIDRALA;PUT;Mar-27;58,00;87.6;20,81;;;1
10/08/26;VIDRALA;PUT;Mar-27;72,00;87.6;19,26;-0,08;;3
10/08/26;VIDRALA;PUT;Mar-27;76,00;87.6;18,82;-0,15;;10
10/08/26;VISCOFAN;CALL;Ago-26;56,99;57.2;17,27;0,56;;2
10/08/26;VISCOFAN;CALL;Ago-26;58,95;57.2;16,79;0,16;;5
10/08/26;VISCOFAN;CALL;Ago-26;60,92;57.2;16,46;0,01;;10
10/08/26;VISCOFAN;CALL;Sep-26;45,20;57.2;22,09;1,00;;1
10/08/26;VISCOFAN;CALL;Sep-26;49,13;57.2;19,89;0,99;;1
10/08/26;VISCOFAN;CALL;Sep-26;53,06;57.2;17,70;0,91;;2
10/08/26;VISCOFAN;CALL;Sep-26;55,02;57.2;16,60;0,78;;5
10/08/26;VISCOFAN;CALL;Sep-26;56,99;57.2;15,50;0,56;;5
10/08/26;VISCOFAN;CALL;Sep-26;58,95;57.2;14,87;0,29;;45
10/08/26;VISCOFAN;CALL;Sep-26;60,92;57.2;14,30;0,10;;12
10/08/26;VISCOFAN;CALL;Sep-26;64,85;57.2;13,15;;;1
10/08/26;VISCOFAN;CALL;Dic-26;58,95;57.2;15,61;0,43;;4
10/08/26;VISCOFAN;CALL;Dic-26;62,89;57.2;15,10;0,18;;1
10/08/26;VISCOFAN;CALL;Dic-26;64,85;57.2;14,85;0,10;;1
10/08/26;VISCOFAN;CALL;Mar-27;55,02;57.2;18,73;0,66;;1
10/08/26;VISCOFAN;CALL;Mar-27;56,99;57.2;17,84;0,56;;1
10/08/26;VISCOFAN;CALL;Mar-27;72,71;57.2;16,93;0,03;;1
10/08/26;VISCOFAN;CALL;Jun-27;60,92;57.2;17,82;0,37;;1
10/08/26;VISCOFAN;CALL;Jun-27;70,75;57.2;17,07;0,09;;5
10/08/26;VISCOFAN;PUT;Ago-26;51,09;57.2;23,82;;;3
10/08/26;VISCOFAN;PUT;Ago-26;53,06;57.2;22,10;-0,02;;8
10/08/26;VISCOFAN;PUT;Ago-26;55,02;57.2;20,40;-0,13;;7
10/08/26;VISCOFAN;PUT;Ago-26;56,99;57.2;18,69;-0,44;;1
10/08/26;VISCOFAN;PUT;Sep-26;40,29;57.2;26,61;;;1
10/08/26;VISCOFAN;PUT;Sep-26;42,25;57.2;25,51;;;3
10/08/26;VISCOFAN;PUT;Sep-26;43,23;57.2;24,97;;;3
10/08/26;VISCOFAN;PUT;Sep-26;44,22;57.2;24,41;;;4
10/08/26;VISCOFAN;PUT;Sep-26;45,20;57.2;23,86;;;2
10/08/26;VISCOFAN;PUT;Sep-26;46,18;57.2;23,32;;;4
10/08/26;VISCOFAN;PUT;Sep-26;47,16;57.2;22,77;;;4
10/08/26;VISCOFAN;PUT;Sep-26;49,13;57.2;21,66;-0,01;;12
10/08/26;VISCOFAN;PUT;Sep-26;51,09;57.2;20,57;-0,04;;6
10/08/26;VISCOFAN;PUT;Sep-26;53,06;57.2;19,47;-0,11;;38
10/08/26;VISCOFAN;PUT;Sep-26;55,02;57.2;18,37;-0,24;;15
10/08/26;VISCOFAN;PUT;Sep-26;56,99;57.2;17,27;-0,45;;10
10/08/26;VISCOFAN;PUT;Sep-26;58,95;57.2;16,64;-0,70;;3
10/08/26;VISCOFAN;PUT;Oct-26;45,20;57.2;23,97;-0,01;;2
10/08/26;VISCOFAN;PUT;Oct-26;51,09;57.2;20,99;-0,09;;1
10/08/26;VISCOFAN;PUT;Dic-26;40,29;57.2;27,69;-0,01;;2
10/08/26;VISCOFAN;PUT;Dic-26;42,25;57.2;26,71;-0,02;;1
10/08/26;VISCOFAN;PUT;Dic-26;43,23;57.2;26,22;-0,03;;1
10/08/26;VISCOFAN;PUT;Dic-26;44,22;57.2;25,73;-0,04;;12
10/08/26;VISCOFAN;PUT;Dic-26;45,20;57.2;25,23;-0,05;;1
10/08/26;VISCOFAN;PUT;Dic-26;47,16;57.2;24,25;-0,07;;2
10/08/26;VISCOFAN;PUT;Dic-26;48,15;57.2;23,76;-0,09;;1
10/08/26;VISCOFAN;PUT;Dic-26;49,13;57.2;23,26;-0,11;;6
10/08/26;VISCOFAN;PUT;Dic-26;51,09;57.2;22,28;-0,17;;7
10/08/26;VISCOFAN;PUT;Dic-26;53,06;57.2;21,29;-0,24;;12
10/08/26;VISCOFAN;PUT;Mar-27;48,15;57.2;19,69;-0,13;;1
10/08/26;VISCOFAN;PUT;Mar-27;49,13;57.2;19,25;-0,16;;7
10/08/26;VISCOFAN;PUT;Mar-27;51,09;57.2;18,36;-0,22;;1
10/08/26;VISCOFAN;PUT;Mar-27;53,06;57.2;17,46;-0,30;;7
10/08/26;VISCOFAN;PUT;Mar-27;56,99;57.2;15,68;-0,51;;5
10/08/26;VISCOFAN;PUT;Jun-27;44,22;57.2;19,99;-0,08;;2
10/08/26;VISCOFAN;PUT;Jun-27;45,20;57.2;19,62;-0,10;;5
10/08/26;VISCOFAN;PUT;Jun-27;51,09;57.2;17,38;-0,25;;2
10/08/26;VISCOFAN;PUT;Jun-27;53,06;57.2;16,64;-0,32;;3
10/08/26;VISCOFAN;PUT;Dic-27;44,22;57.2;18,98;-0,11;;1
10/08/26;VISCOFAN;PUT;Dic-28;44,22;57.2;18,12;-0,16;;1
