fecha_boletin;accion;tipo;fecha_vencimiento;strike;spot;volatilidad_cierre;delta_cierre;volumen_contratos;posicion_abierta
09/09/26;MINI IBEX-35;CALL;Sep-26;7.500;19695.3;70,06;1,00;;3
09/09/26;MINI IBEX-35;CALL;Sep-26;12.200;19695.3;49,53;1,00;;32
09/09/26;MINI IBEX-35;CALL;Sep-26;14.000;19695.3;41,67;1,00;;5
09/09/26;MINI IBEX-35;CALL;Sep-26;15.500;19695.3;35,11;1,00;;1
09/09/26;MINI IBEX-35;CALL;Sep-26;16.000;19695.3;32,93;1,00;;5.500
09/09/26;MINI IBEX-35;CALL;Sep-26;16.400;19695.3;31,18;1,00;;3
09/09/26;MINI IBEX-35;CALL;Sep-26;16.500;19695.3;30,74;1,00;;1
09/09/26;MINI IBEX-35;CALL;Sep-26;17.000;19695.3;28,56;1,00;;3
09/09/26;MINI IBEX-35;CALL;Sep-26;17.200;19695.3;27,68;1,00;;1
09/09/26;MINI IBEX-35;CALL;Sep-26;17.300;19695.3;27,25;1,00;;5
09/09/26;MINI IBEX-35;CALL;Sep-26;17.400;19695.3;26,81;1,00;;3
09/09/26;MINI IBEX-35;CALL;Sep-26;17.500;19695.3;26,37;1,00;;7
09/09/26;MINI IBEX-35;CALL;Sep-26;17.600;19695.3;25,94;1,00;;2
09/09/26;MINI IBEX-35;CALL;Sep-26;18.000;19695.3;24,19;0,99;;103
09/09/26;MINI IBEX-35;CALL;Sep-26;18.100;19695.3;23,75;0,99;;1
09/09/26;MINI IBEX-35;CALL;Sep-26;18.200;19695.3;23,32;0,98;;6
09/09/26;MINI IBEX-35;CALL;Sep-26;18.300;19695.3;22,88;0,98;;3
09/09/26;MINI IBEX-35;CALL;Sep-26;18.400;19695.3;22,44;0,97;;2
09/09/26;MINI IBEX-35;CALL;Sep-26;18.500;19695.3;22,01;0,96;;25
09/09/26;MINI IBEX-35;CALL;Sep-26;18.600;19695.3;21,57;0,95;;1
09/09/26;MINI IBEX-35;CALL;Sep-26;18.700;19695.3;21,13;0,94;;1
09/09/26;MINI IBEX-35;CALL;Sep-26;18.900;19695.3;20,26;0,90;;4
09/09/26;MINI IBEX-35;CALL;Sep-26;18.950;19695.3;20,04;0,89;;3
09/09/26;MINI IBEX-35;CALL;Sep-26;19.000;19695.3;19,82;0,87;;9
09/09/26;MINI IBEX-35;CALL;Sep-26;19.100;19695.3;19,38;0,84;;18
09/09/26;MINI IBEX-35;CALL;Sep-26;19.200;19695.3;18,95;0,80;;4
09/09/26;MINI IBEX-35;CALL;Sep-26;19.250;19695.3;18,73;0,78;;1
09/09/26;MINI IBEX-35;CALL;Sep-26;19.300;19695.3;18,51;0,75;;5
09/09/26;MINI IBEX-35;CALL;Sep-26;19.350;19695.3;18,29;0,73;;5
09/09/26;MINI IBEX-35;CALL;Sep-26;19.400;19695.3;18,07;0,70;;8
09/09/26;MINI IBEX-35;CALL;Sep-26;19.450;19695.3;17,85;0,67;;4
09/09/26;MINI IBEX-35;CALL;Sep-26;19.500;19695.3;17,64;0,64;;38
09/09/26;MINI IBEX-35;CALL;Sep-26;19.550;19695.3;17,42;0,60;9;10
09/09/26;MINI IBEX-35;CALL;Sep-26;19.600;19695.3;17,20;0,57;5;2
09/09/26;MINI IBEX-35;CALL;Sep-26;19.650;19695.3;16,98;0,53;4;12
09/09/26;MINI IBEX-35;CALL;Sep-26;19.700;19695.3;16,80;0,49;10;7
09/09/26;MINI IBEX-35;CALL;Sep-26;19.750;19695.3;16,71;0,46;2;3
09/09/26;MINI IBEX-35;CALL;Sep-26;19.800;19695.3;16,61;0,42;;10
09/09/26;MINI IBEX-35;CALL;Sep-26;19.850;19695.3;16,52;0,38;2;2
09/09/26;MINI IBEX-35;CALL;Sep-26;19.900;19695.3;16,43;0,34;12;133
09/09/26;MINI IBEX-35;CALL;Sep-26;19.950;19695.3;16,33;0,31;2;24
09/09/26;MINI IBEX-35;CALL;Sep-26;20.000;19695.3;16,24;0,27;5;97
09/09/26;MINI IBEX-35;CALL;Sep-26;20.050;19695.3;16,14;0,24;8;10
09/09/26;MINI IBEX-35;CALL;Sep-26;20.100;19695.3;16,05;0,21;2;18
09/09/26;MINI IBEX-35;CALL;Sep-26;20.150;19695.3;15,96;0,18;1;7
09/09/26;MINI IBEX-35;CALL;Sep-26;20.200;19695.3;15,86;0,15;;28
09/09/26;MINI IBEX-35;CALL;Sep-26;20.250;19695.3;15,77;0,13;;10
09/09/26;MINI IBEX-35;CALL;Sep-26;20.300;19695.3;15,67;0,11;1;45
09/09/26;MINI IBEX-35;CALL;Sep-26;20.350;19695.3;15,58;0,09;;22
09/09/26;MINI IBEX-35;CALL;Sep-26;20.400;19695.3;15,49;0,07;;12
09/09/26;MINI IBEX-35;CALL;Sep-26;20.450;19695.3;15,39;0,06;10;17
09/09/26;MINI IBEX-35;CALL;Sep-26;20.500;19695.3;15,30;0,05;10;20
09/09/26;MINI IBEX-35;CALL;Sep-26;20.550;19695.3;15,20;0,04;;1
09/09/26;MINI IBEX-35;CALL;Sep-26;20.600;19695.3;15,11;0,03;;8
09/09/26;MINI IBEX-35;CALL;Sep-26;20.650;19695.3;15,02;0,02;;100
09/09/26;MINI IBEX-35;CALL;Sep-26;20.700;19695.3;14,92;0,02;;107
09/09/26;MINI IBEX-35;CALL;Sep-26;20.750;19695.3;14,83;0,01;;101
09/09/26;MINI IBEX-35;CALL;Sep-26;20.800;19695.3;14,73;0,01;;17
09/09/26;MINI IBEX-35;CALL;Sep-26;20.900;19695.3;14,55;;;6
09/09/26;MINI IBEX-35;CALL;Sep-26;21.000;19695.3;14,36;;;8
09/09/26;MINI IBEX-35;CALL;Sep-26;21.050;19695.3;14,26;;;2
09/09/26;MINI IBEX-35;CALL;Sep-26;21.100;19695.3;14,17;;;1
09/09/26;MINI IBEX-35;CALL;Sep-26;21.200;19695.3;13,98;;;11
09/09/26;MINI IBEX-35;CALL;Sep-26;21.300;19695.3;13,79;;;5
09/09/26;MINI IBEX-35;CALL;Sep-26;24.000;19695.3;8,72;;;5.500
09/09/26;MINI IBEX-35;CALL;Oct-26;19.200;19695.3;17,39;0,68;1;1
09/09/26;MINI IBEX-35;CALL;Oct-26;19.300;19695.3;17,02;0,65;1;1
09/09/26;MINI IBEX-35;CALL;Oct-26;19.400;19695.3;16,64;0,62;1;1
09/09/26;MINI IBEX-35;CALL;Oct-26;19.450;19695.3;16,45;0,60;;1
09/09/26;MINI IBEX-35;CALL;Oct-26;19.500;19695.3;16,26;0,58;;1
09/09/26;MINI IBEX-35;CALL;Oct-26;19.550;19695.3;16,07;0,56;10;11
09/09/26;MINI IBEX-35;CALL;Oct-26;19.600;19695.3;15,88;0,55;1;1
09/09/26;MINI IBEX-35;CALL;Oct-26;19.650;19695.3;15,69;0,53;1;1
09/09/26;MINI IBEX-35;CALL;Oct-26;19.700;19695.3;15,53;0,51;3;3
09/09/26;MINI IBEX-35;CALL;Oct-26;19.900;19695.3;15,22;0,42;;1
09/09/26;MINI IBEX-35;CALL;Oct-26;20.000;19695.3;15,06;0,38;1;10
09/09/26;MINI IBEX-35;CALL;Oct-26;20.100;19695.3;14,91;0,34;2;4
09/09/26;MINI IBEX-35;CALL;Oct-26;20.200;19695.3;14,76;0,30;1;9
09/09/26;MINI IBEX-35;CALL;Oct-26;20.250;19695.3;14,68;0,28;;4
09/09/26;MINI IBEX-35;CALL;Oct-26;20.300;19695.3;14,60;0,26;1;2
09/09/26;MINI IBEX-35;CALL;Oct-26;20.400;19695.3;14,45;0,23;;2
09/09/26;MINI IBEX-35;CALL;Oct-26;20.500;19695.3;14,29;0,20;;1
09/09/26;MINI IBEX-35;CALL;Oct-26;20.650;19695.3;14,06;0,15;;100
09/09/26;MINI IBEX-35;CALL;Oct-26;20.700;19695.3;13,99;0,14;2;114
09/09/26;MINI IBEX-35;CALL;Oct-26;20.750;19695.3;13,91;0,12;;100
09/09/26;MINI IBEX-35;CALL;Oct-26;20.800;19695.3;13,83;0,11;;12
09/09/26;MINI IBEX-35;CALL;Oct-26;20.900;19695.3;13,68;0,09;;1
09/09/26;MINI IBEX-35;CALL;Oct-26;21.000;19695.3;13,52;0,07;1;11
09/09/26;MINI IBEX-35;CALL;Oct-26;21.100;19695.3;13,37;0,06;;4
09/09/26;MINI IBEX-35;CALL;Oct-26;21.200;19695.3;13,22;0,04;;1
09/09/26;MINI IBEX-35;CALL;Oct-26;21.300;19695.3;13,06;0,03;;5
09/09/26;MINI IBEX-35;CALL;Oct-26;21.400;19695.3;12,91;0,02;;2
09/09/26;MINI IBEX-35;CALL;Oct-26;21.600;19695.3;12,60;0,01;;2
09/09/26;MINI IBEX-35;CALL;Nov-26;19.700;19695.3;16,26;0,49;;2
09/09/26;MINI IBEX-35;CALL;Nov-26;19.900;19695.3;15,97;0,44;;1
09/09/26;MINI IBEX-35;CALL;Nov-26;19.950;19695.3;15,89;0,42;;3
09/09/26;MINI IBEX-35;CALL;Nov-26;20.000;19695.3;15,82;0,41;6;5
09/09/26;MINI IBEX-35;CALL;Nov-26;20.200;19695.3;15,53;0,35;;1
09/09/26;MINI IBEX-35;CALL;Nov-26;20.550;19695.3;15,02;0,26;;3
09/09/26;MINI IBEX-35;CALL;Nov-26;20.700;19695.3;14,80;0,22;;1
09/09/26;MINI IBEX-35;CALL;Nov-26;21.000;19695.3;14,36;0,15;;1
09/09/26;MINI IBEX-35;CALL;Nov-26;21.250;19695.3;14,00;0,11;;1
09/09/26;MINI IBEX-35;CALL;Nov-26;22.100;19695.3;12,75;0,02;;1
09/09/26;MINI IBEX-35;CALL;Dic-26;8.300;19695.3;51,03;0,99;;655
09/09/26;MINI IBEX-35;CALL;Dic-26;8.600;19695.3;50,12;0,99;;1.250
09/09/26;MINI IBEX-35;CALL;Dic-26;10.500;19695.3;44,36;0,99;;30
09/09/26;MINI IBEX-35;CALL;Dic-26;12.000;19695.3;39,80;0,99;;12
09/09/26;MINI IBEX-35;CALL;Dic-26;12.200;19695.3;39,20;0,99;;32
09/09/26;MINI IBEX-35;CALL;Dic-26;13.000;19695.3;36,77;0,98;;1
09/09/26;MINI IBEX-35;CALL;Dic-26;14.800;19695.3;31,31;0,96;;32
09/09/26;MINI IBEX-35;CALL;Dic-26;15.000;19695.3;30,70;0,95;;2
09/09/26;MINI IBEX-35;CALL;Dic-26;15.300;19695.3;29,79;0,95;;1
09/09/26;MINI IBEX-35;CALL;Dic-26;16.000;19695.3;27,66;0,92;;10
09/09/26;MINI IBEX-35;CALL;Dic-26;16.400;19695.3;26,45;0,91;;6.000
09/09/26;MINI IBEX-35;CALL;Dic-26;16.700;19695.3;25,54;0,89;;1.500
09/09/26;MINI IBEX-35;CALL;Dic-26;16.900;19695.3;24,93;0,88;;5
09/09/26;MINI IBEX-35;CALL;Dic-26;17.000;19695.3;24,63;0,88;;19
09/09/26;MINI IBEX-35;CALL;Dic-26;17.100;19695.3;24,32;0,87;;5
09/09/26;MINI IBEX-35;CALL;Dic-26;17.200;19695.3;24,02;0,86;;1
09/09/26;MINI IBEX-35;CALL;Dic-26;17.300;19695.3;23,72;0,86;;1
09/09/26;MINI IBEX-35;CALL;Dic-26;17.400;19695.3;23,41;0,85;;8
09/09/26;MINI IBEX-35;CALL;Dic-26;17.500;19695.3;23,11;0,84;;1.006
09/09/26;MINI IBEX-35;CALL;Dic-26;17.600;19695.3;22,81;0,83;;11
09/09/26;MINI IBEX-35;CALL;Dic-26;17.700;19695.3;22,50;0,82;;5.007
09/09/26;MINI IBEX-35;CALL;Dic-26;17.800;19695.3;22,20;0,81;;92
09/09/26;MINI IBEX-35;CALL;Dic-26;17.900;19695.3;21,90;0,80;;5.004
09/09/26;MINI IBEX-35;CALL;Dic-26;18.000;19695.3;21,59;0,79;;6
09/09/26;MINI IBEX-35;CALL;Dic-26;18.100;19695.3;21,29;0,78;;1
09/09/26;MINI IBEX-35;CALL;Dic-26;18.300;19695.3;20,68;0,76;;5
09/09/26;MINI IBEX-35;CALL;Dic-26;18.400;19695.3;20,38;0,74;;1
09/09/26;MINI IBEX-35;CALL;Dic-26;18.500;19695.3;20,07;0,73;;6.004
09/09/26;MINI IBEX-35;CALL;Dic-26;18.600;19695.3;19,77;0,72;;1
09/09/26;MINI IBEX-35;CALL;Dic-26;18.900;19695.3;18,86;0,67;;1
09/09/26;MINI IBEX-35;CALL;Dic-26;19.000;19695.3;18,56;0,65;;3
09/09/26;MINI IBEX-35;CALL;Dic-26;19.100;19695.3;18,25;0,63;;1
09/09/26;MINI IBEX-35;CALL;Dic-26;19.200;19695.3;17,95;0,61;;4
09/09/26;MINI IBEX-35;CALL;Dic-26;19.300;19695.3;17,65;0,59;;2
09/09/26;MINI IBEX-35;CALL;Dic-26;19.500;19695.3;17,04;0,55;;4
09/09/26;MINI IBEX-35;CALL;Dic-26;19.600;19695.3;16,74;0,53;;3
09/09/26;MINI IBEX-35;CALL;Dic-26;19.700;19695.3;16,50;0,50;;1
09/09/26;MINI IBEX-35;CALL;Dic-26;19.800;19695.3;16,36;0,48;;3
09/09/26;MINI IBEX-35;CALL;Dic-26;19.900;19695.3;16,22;0,46;;6
09/09/26;MINI IBEX-35;CALL;Dic-26;20.000;19695.3;16,08;0,43;5;13
09/09/26;MINI IBEX-35;CALL;Dic-26;20.100;19695.3;15,95;0,41;;12
09/09/26;MINI IBEX-35;CALL;Dic-26;20.200;19695.3;15,81;0,39;1;11
09/09/26;MINI IBEX-35;CALL;Dic-26;20.300;19695.3;15,67;0,36;;3
09/09/26;MINI IBEX-35;CALL;Dic-26;20.400;19695.3;15,53;0,34;1;5
09/09/26;MINI IBEX-35;CALL;Dic-26;20.500;19695.3;15,39;0,31;;6.004
09/09/26;MINI IBEX-35;CALL;Dic-26;20.600;19695.3;15,25;0,29;;8
09/09/26;MINI IBEX-35;CALL;Dic-26;20.700;19695.3;15,11;0,27;;2
09/09/26;MINI IBEX-35;CALL;Dic-26;20.900;19695.3;14,83;0,23;;1
09/09/26;MINI IBEX-35;CALL;Dic-26;21.000;19695.3;14,69;0,21;4;5.198
09/09/26;MINI IBEX-35;CALL;Dic-26;21.100;19695.3;14,55;0,19;;1
09/09/26;MINI IBEX-35;CALL;Dic-26;21.200;19695.3;14,42;0,17;;6
09/09/26;MINI IBEX-35;CALL;Dic-26;21.300;19695.3;14,28;0,15;;12
09/09/26;MINI IBEX-35;CALL;Dic-26;21.700;19695.3;13,72;0,09;;2
09/09/26;MINI IBEX-35;CALL;Dic-26;21.900;19695.3;13,44;0,07;;1
09/09/26;MINI IBEX-35;CALL;Dic-26;22.000;19695.3;13,30;0,06;;3
09/09/26;MINI IBEX-35;CALL;Dic-26;22.200;19695.3;13,03;0,04;;4
09/09/26;MINI IBEX-35;CALL;Dic-26;22.300;19695.3;12,89;0,03;;2
09/09/26;MINI IBEX-35;CALL;Mar-27;12.600;19695.3;33,68;0,96;;1
09/09/26;MINI IBEX-35;CALL;Mar-27;13.000;19695.3;32,73;0,96;;2
09/09/26;MINI IBEX-35;CALL;Mar-27;13.500;19695.3;31,54;0,95;;3
09/09/26;MINI IBEX-35;CALL;Mar-27;13.900;19695.3;30,60;0,94;;3
09/09/26;MINI IBEX-35;CALL;Mar-27;14.000;19695.3;30,36;0,94;;1
09/09/26;MINI IBEX-35;CALL;Mar-27;14.100;19695.3;30,12;0,94;;1
09/09/26;MINI IBEX-35;CALL;Mar-27;15.300;19695.3;27,28;0,90;;3
09/09/26;MINI IBEX-35;CALL;Mar-27;17.000;19695.3;23,26;0,82;;2
09/09/26;MINI IBEX-35;CALL;Mar-27;17.900;19695.3;21,13;0,75;;1
09/09/26;MINI IBEX-35;CALL;Mar-27;18.000;19695.3;20,89;0,74;;750
09/09/26;MINI IBEX-35;CALL;Mar-27;18.500;19695.3;19,71;0,69;;2
09/09/26;MINI IBEX-35;CALL;Mar-27;18.900;19695.3;18,76;0,64;;2
09/09/26;MINI IBEX-35;CALL;Mar-27;19.000;19695.3;18,52;0,62;;1
09/09/26;MINI IBEX-35;CALL;Mar-27;19.300;19695.3;17,81;0,58;;4
09/09/26;MINI IBEX-35;CALL;Mar-27;19.500;19695.3;17,34;0,55;5;5
09/09/26;MINI IBEX-35;CALL;Mar-27;19.800;19695.3;16,73;0,50;;5
09/09/26;MINI IBEX-35;CALL;Mar-27;20.000;19695.3;16,49;0,47;1;1
09/09/26;MINI IBEX-35;CALL;Mar-27;20.100;19695.3;16,37;0,45;;1
09/09/26;MINI IBEX-35;CALL;Mar-27;20.500;19695.3;15,89;0,38;;1
09/09/26;MINI IBEX-35;CALL;Mar-27;20.600;19695.3;15,77;0,37;;1
09/09/26;MINI IBEX-35;CALL;Mar-27;20.700;19695.3;15,65;0,35;;1
09/09/26;MINI IBEX-35;CALL;Mar-27;20.800;19695.3;15,53;0,33;;1
09/09/26;MINI IBEX-35;CALL;Mar-27;21.000;19695.3;15,29;0,30;;1
09/09/26;MINI IBEX-35;CALL;Mar-27;22.000;19695.3;14,09;0,15;;2
09/09/26;MINI IBEX-35;CALL;Mar-27;22.400;19695.3;13,61;0,11;;1
09/09/26;MINI IBEX-35;CALL;Jun-27;18.500;19695.3;19,94;0,65;;2
09/09/26;MINI IBEX-35;CALL;Jun-27;19.000;19695.3;18,87;0,59;;2
09/09/26;MINI IBEX-35;CALL;Jun-27;19.200;19695.3;18,44;0,57;;6
09/09/26;MINI IBEX-35;CALL;Jun-27;19.500;19695.3;17,80;0,53;1;1
09/09/26;MINI IBEX-35;CALL;Jun-27;22.000;19695.3;14,86;0,20;;1
09/09/26;MINI IBEX-35;CALL;Jun-27;24.000;19695.3;12,58;0,04;;3
09/09/26;MINI IBEX-35;CALL;Sep-27;19.800;19695.3;18,01;0,50;;1
09/09/26;MINI IBEX-35;CALL;Dic-27;14.000;19695.3;28,38;0,85;;2
09/09/26;MINI IBEX-35;CALL;Dic-27;16.200;19695.3;24,55;0,76;;32
09/09/26;MINI IBEX-35;CALL;Dic-27;16.300;19695.3;24,38;0,76;;96
09/09/26;MINI IBEX-35;CALL;Dic-27;16.400;19695.3;24,21;0,75;;32
09/09/26;MINI IBEX-35;CALL;Dic-27;16.500;19695.3;24,03;0,75;;32
09/09/26;MINI IBEX-35;CALL;Dic-27;16.700;19695.3;23,68;0,74;;32
09/09/26;MINI IBEX-35;CALL;Dic-27;17.600;19695.3;22,12;0,68;;32
09/09/26;MINI IBEX-35;CALL;Dic-27;19.400;19695.3;18,99;0,54;;6.750
09/09/26;MINI IBEX-35;CALL;Dic-27;19.500;19695.3;18,81;0,53;;4
09/09/26;MINI IBEX-35;CALL;Dic-27;20.500;19695.3;17,64;0,43;;1
09/09/26;MINI IBEX-35;CALL;Mar-28;18.400;19695.3;20,92;0,62;;32
09/09/26;MINI IBEX-35;CALL;Mar-28;18.500;19695.3;20,75;0,61;;32
09/09/26;MINI IBEX-35;CALL;Mar-28;18.600;19695.3;20,59;0,60;;32
09/09/26;MINI IBEX-35;CALL;Dic-28;16.800;19695.3;22,80;0,67;;1.800
09/09/26;MINI IBEX-35;PUT;Sep-26;13.000;19695.3;46,03;;;2
09/09/26;MINI IBEX-35;PUT;Sep-26;13.100;19695.3;45,60;;;2
09/09/26;MINI IBEX-35;PUT;Sep-26;13.500;19695.3;43,85;;;2
09/09/26;MINI IBEX-35;PUT;Sep-26;13.600;19695.3;43,41;;;1
09/09/26;MINI IBEX-35;PUT;Sep-26;13.700;19695.3;42,98;;;2
09/09/26;MINI IBEX-35;PUT;Sep-26;13.900;19695.3;42,10;;;1
09/09/26;MINI IBEX-35;PUT;Sep-26;14.000;19695.3;41,67;;;4
09/09/26;MINI IBEX-35;PUT;Sep-26;14.100;19695.3;41,23;;;2
09/09/26;MINI IBEX-35;PUT;Sep-26;14.200;19695.3;40,79;;;1
09/09/26;MINI IBEX-35;PUT;Sep-26;14.300;19695.3;40,35;;;1
09/09/26;MINI IBEX-35;PUT;Sep-26;14.400;19695.3;39,92;;;4
09/09/26;MINI IBEX-35;PUT;Sep-26;14.500;19695.3;39,48;;;5
09/09/26;MINI IBEX-35;PUT;Sep-26;14.600;19695.3;39,04;;;5
09/09/26;MINI IBEX-35;PUT;Sep-26;14.700;19695.3;38,61;;;3
09/09/26;MINI IBEX-35;PUT;Sep-26;15.000;19695.3;37,30;;;41
09/09/26;MINI IBEX-35;PUT;Sep-26;15.100;19695.3;36,86;;;1
09/09/26;MINI IBEX-35;PUT;Sep-26;15.200;19695.3;36,42;;;2
09/09/26;MINI IBEX-35;PUT;Sep-26;15.300;19695.3;35,99;;;7
09/09/26;MINI IBEX-35;PUT;Sep-26;15.400;19695.3;35,55;;;5
09/09/26;MINI IBEX-35;PUT;Sep-26;15.500;19695.3;35,11;;;44
09/09/26;MINI IBEX-35;PUT;Sep-26;15.600;19695.3;34,68;;;1
09/09/26;MINI IBEX-35;PUT;Sep-26;15.700;19695.3;34,24;;;1
09/09/26;MINI IBEX-35;PUT;Sep-26;15.800;19695.3;33,80;;;3
09/09/26;MINI IBEX-35;PUT;Sep-26;15.900;19695.3;33,36;;;17
09/09/26;MINI IBEX-35;PUT;Sep-26;16.000;19695.3;32,93;;;5.506
09/09/26;MINI IBEX-35;PUT;Sep-26;16.100;19695.3;32,49;;;2
09/09/26;MINI IBEX-35;PUT;Sep-26;16.300;19695.3;31,62;;;1
09/09/26;MINI IBEX-35;PUT;Sep-26;16.400;19695.3;31,18;;;3
09/09/26;MINI IBEX-35;PUT;Sep-26;16.500;19695.3;30,74;;;40
09/09/26;MINI IBEX-35;PUT;Sep-26;16.600;19695.3;30,31;;;1
09/09/26;MINI IBEX-35;PUT;Sep-26;16.700;19695.3;29,87;;;1
09/09/26;MINI IBEX-35;PUT;Sep-26;16.800;19695.3;29,43;;;4
09/09/26;MINI IBEX-35;PUT;Sep-26;17.000;19695.3;28,56;;;145
09/09/26;MINI IBEX-35;PUT;Sep-26;17.200;19695.3;27,68;;;2
09/09/26;MINI IBEX-35;PUT;Sep-26;17.300;19695.3;27,25;;;2
09/09/26;MINI IBEX-35;PUT;Sep-26;17.400;19695.3;26,81;;;8
09/09/26;MINI IBEX-35;PUT;Sep-26;17.500;19695.3;26,37;;;114
09/09/26;MINI IBEX-35;PUT;Sep-26;17.600;19695.3;25,94;;;10
09/09/26;MINI IBEX-35;PUT;Sep-26;17.700;19695.3;25,50;;;3
09/09/26;MINI IBEX-35;PUT;Sep-26;17.800;19695.3;25,06;-0,01;;7
09/09/26;MINI IBEX-35;PUT;Sep-26;17.850;19695.3;24,85;-0,01;;3
09/09/26;MINI IBEX-35;PUT;Sep-26;17.900;19695.3;24,63;-0,01;;3
09/09/26;MINI IBEX-35;PUT;Sep-26;17.950;19695.3;24,41;-0,01;;2
09/09/26;MINI IBEX-35;PUT;Sep-26;18.000;19695.3;24,19;-0,01;3;28
09/09/26;MINI IBEX-35;PUT;Sep-26;18.100;19695.3;23,75;-0,01;;5
09/09/26;MINI IBEX-35;PUT;Sep-26;18.150;19695.3;23,53;-0,01;10;101
09/09/26;MINI IBEX-35;PUT;Sep-26;18.200;19695.3;23,32;-0,02;;17
09/09/26;MINI IBEX-35;PUT;Sep-26;18.300;19695.3;22,88;-0,02;;4
09/09/26;MINI IBEX-35;PUT;Sep-26;18.350;19695.3;22,66;-0,02;;1
09/09/26;MINI IBEX-35;PUT;Sep-26;18.400;19695.3;22,44;-0,03;;20
09/09/26;MINI IBEX-35;PUT;Sep-26;18.500;19695.3;22,01;-0,04;;20
09/09/26;MINI IBEX-35;PUT;Sep-26;18.550;19695.3;21,79;-0,04;;2
09/09/26;MINI IBEX-35;PUT;Sep-26;18.600;19695.3;21,57;-0,05;;11
09/09/26;MINI IBEX-35;PUT;Sep-26;18.700;19695.3;21,13;-0,06;;61
09/09/26;MINI IBEX-35;PUT;Sep-26;18.750;19695.3;20,91;-0,07;;7
09/09/26;MINI IBEX-35;PUT;Sep-26;18.800;19695.3;20,69;-0,08;1;21
09/09/26;MINI IBEX-35;PUT;Sep-26;18.850;19695.3;20,48;-0,09;5;5
09/09/26;MINI IBEX-35;PUT;Sep-26;18.900;19695.3;20,26;-0,10;;2
09/09/26;MINI IBEX-35;PUT;Sep-26;18.950;19695.3;20,04;-0,11;1;3
09/09/26;MINI IBEX-35;PUT;Sep-26;19.000;19695.3;19,82;-0,13;1;10.907
09/09/26;MINI IBEX-35;PUT;Sep-26;19.050;19695.3;19,60;-0,14;4;11
09/09/26;MINI IBEX-35;PUT;Sep-26;19.100;19695.3;19,38;-0,16;;31
09/09/26;MINI IBEX-35;PUT;Sep-26;19.150;19695.3;19,17;-0,18;;2
09/09/26;MINI IBEX-35;PUT;Sep-26;19.200;19695.3;18,95;-0,20;3;13
09/09/26;MINI IBEX-35;PUT;Sep-26;19.250;19695.3;18,73;-0,22;;2
09/09/26;MINI IBEX-35;PUT;Sep-26;19.300;19695.3;18,51;-0,25;1;16
09/09/26;MINI IBEX-35;PUT;Sep-26;19.350;19695.3;18,29;-0,27;;12
09/09/26;MINI IBEX-35;PUT;Sep-26;19.400;19695.3;18,07;-0,30;;12
09/09/26;MINI IBEX-35;PUT;Sep-26;19.450;19695.3;17,85;-0,33;;25
09/09/26;MINI IBEX-35;PUT;Sep-26;19.500;19695.3;17,64;-0,36;20;50
09/09/26;MINI IBEX-35;PUT;Sep-26;19.550;19695.3;17,42;-0,40;5;6
09/09/26;MINI IBEX-35;PUT;Sep-26;19.600;19695.3;17,20;-0,43;1;81
09/09/26;MINI IBEX-35;PUT;Sep-26;19.650;19695.3;16,98;-0,47;8;84
09/09/26;MINI IBEX-35;PUT;Sep-26;19.700;19695.3;16,80;-0,51;3;29
09/09/26;MINI IBEX-35;PUT;Sep-26;19.800;19695.3;16,61;-0,58;2;119
09/09/26;MINI IBEX-35;PUT;Sep-26;19.850;19695.3;16,52;-0,62;4;201
09/09/26;MINI IBEX-35;PUT;Sep-26;19.900;19695.3;16,43;-0,66;8;106
09/09/26;MINI IBEX-35;PUT;Sep-26;19.950;19695.3;16,33;-0,69;1;100
09/09/26;MINI IBEX-35;PUT;Sep-26;20.000;19695.3;16,24;-0,73;1;109
09/09/26;MINI IBEX-35;PUT;Sep-26;20.050;19695.3;16,14;-0,76;4;2
09/09/26;MINI IBEX-35;PUT;Sep-26;20.100;19695.3;16,05;-0,79;;28
09/09/26;MINI IBEX-35;PUT;Sep-26;20.150;19695.3;15,96;-0,82;2;23
09/09/26;MINI IBEX-35;PUT;Sep-26;20.200;19695.3;15,86;-0,85;;5
09/09/26;MINI IBEX-35;PUT;Sep-26;20.250;19695.3;15,77;-0,87;;2
09/09/26;MINI IBEX-35;PUT;Sep-26;20.300;19695.3;15,67;-0,89;;124
09/09/26;MINI IBEX-35;PUT;Sep-26;20.350;19695.3;15,58;-0,91;1;13
09/09/26;MINI IBEX-35;PUT;Sep-26;20.400;19695.3;15,49;-0,93;;1
09/09/26;MINI IBEX-35;PUT;Sep-26;20.500;19695.3;15,30;-0,95;;3
09/09/26;MINI IBEX-35;PUT;Sep-26;20.550;19695.3;15,20;-0,96;;1
09/09/26;MINI IBEX-35;PUT;Sep-26;24.000;19695.3;8,72;-1,00;;5.500
09/09/26;MINI IBEX-35;PUT;Oct-26;16.400;19695.3;28,39;-0,02;10;20
09/09/26;MINI IBEX-35;PUT;Oct-26;16.500;19695.3;28,02;-0,02;;121
09/09/26;MINI IBEX-35;PUT;Oct-26;16.900;19695.3;26,51;-0,03;;100
09/09/26;MINI IBEX-35;PUT;Oct-26;17.000;19695.3;26,13;-0,04;;1
09/09/26;MINI IBEX-35;PUT;Oct-26;17.300;19695.3;25,00;-0,05;;1
09/09/26;MINI IBEX-35;PUT;Oct-26;17.500;19695.3;24,24;-0,06;;2
09/09/26;MINI IBEX-35;PUT;Oct-26;17.600;19695.3;23,86;-0,07;;1
09/09/26;MINI IBEX-35;PUT;Oct-26;17.900;19695.3;22,73;-0,09;1;1
09/09/26;MINI IBEX-35;PUT;Oct-26;18.000;19695.3;22,35;-0,10;21;29
09/09/26;MINI IBEX-35;PUT;Oct-26;18.300;19695.3;21,22;-0,13;1;
09/09/26;MINI IBEX-35;PUT;Oct-26;18.400;19695.3;20,84;-0,15;;25
09/09/26;MINI IBEX-35;PUT;Oct-26;18.500;19695.3;20,47;-0,16;1;5
09/09/26;MINI IBEX-35;PUT;Oct-26;18.600;19695.3;20,09;-0,18;;1
09/09/26;MINI IBEX-35;PUT;Oct-26;18.650;19695.3;19,90;-0,19;;1
09/09/26;MINI IBEX-35;PUT;Oct-26;18.700;19695.3;19,71;-0,20;;1
09/09/26;MINI IBEX-35;PUT;Oct-26;18.750;19695.3;19,52;-0,21;;1
09/09/26;MINI IBEX-35;PUT;Oct-26;18.800;19695.3;19,33;-0,22;;2
09/09/26;MINI IBEX-35;PUT;Oct-26;18.900;19695.3;18,96;-0,24;;6
09/09/26;MINI IBEX-35;PUT;Oct-26;18.950;19695.3;18,77;-0,25;3;8
09/09/26;MINI IBEX-35;PUT;Oct-26;19.000;19695.3;18,58;-0,26;;52
09/09/26;MINI IBEX-35;PUT;Oct-26;19.100;19695.3;18,20;-0,29;;5
09/09/26;MINI IBEX-35;PUT;Oct-26;19.150;19695.3;18,01;-0,30;;4
09/09/26;MINI IBEX-35;PUT;Oct-26;19.250;19695.3;17,63;-0,33;;1
09/09/26;MINI IBEX-35;PUT;Oct-26;19.300;19695.3;17,45;-0,35;1;2
09/09/26;MINI IBEX-35;PUT;Oct-26;19.400;19695.3;17,07;-0,38;;2
09/09/26;MINI IBEX-35;PUT;Oct-26;19.450;19695.3;16,88;-0,40;;1
09/09/26;MINI IBEX-35;PUT;Oct-26;19.500;19695.3;16,69;-0,42;;2
09/09/26;MINI IBEX-35;PUT;Oct-26;19.600;19695.3;16,31;-0,45;1;2
09/09/26;MINI IBEX-35;PUT;Oct-26;19.700;19695.3;15,96;-0,49;1;3
09/09/26;MINI IBEX-35;PUT;Oct-26;19.800;19695.3;15,80;-0,53;;2
09/09/26;MINI IBEX-35;PUT;Oct-26;19.900;19695.3;15,65;-0,57;;27
09/09/26;MINI IBEX-35;PUT;Oct-26;19.950;19695.3;15,57;-0,59;;3
09/09/26;MINI IBEX-35;PUT;Oct-26;20.000;19695.3;15,49;-0,61;;15
09/09/26;MINI IBEX-35;PUT;Oct-26;20.100;19695.3;15,34;-0,65;;1
09/09/26;MINI IBEX-35;PUT;Oct-26;20.150;19695.3;15,26;-0,67;;8
09/09/26;MINI IBEX-35;PUT;Oct-26;20.300;19695.3;15,03;-0,73;;1
09/09/26;MINI IBEX-35;PUT;Oct-26;20.500;19695.3;14,72;-0,79;;2
09/09/26;MINI IBEX-35;PUT;Nov-26;17.000;19695.3;23,94;-0,08;2;2
09/09/26;MINI IBEX-35;PUT;Nov-26;17.500;19695.3;22,27;-0,11;10;10
09/09/26;MINI IBEX-35;PUT;Nov-26;17.700;19695.3;21,60;-0,13;10;10
09/09/26;MINI IBEX-35;PUT;Nov-26;17.900;19695.3;20,93;-0,15;;1
09/09/26;MINI IBEX-35;PUT;Nov-26;18.100;19695.3;20,26;-0,17;1;1
09/09/26;MINI IBEX-35;PUT;Nov-26;18.300;19695.3;19,59;-0,20;;1
09/09/26;MINI IBEX-35;PUT;Nov-26;18.700;19695.3;18,25;-0,26;1;1
09/09/26;MINI IBEX-35;PUT;Nov-26;19.800;19695.3;14,88;-0,53;;1
09/09/26;MINI IBEX-35;PUT;Nov-26;19.900;19695.3;14,74;-0,56;;1
09/09/26;MINI IBEX-35;PUT;Nov-26;20.700;19695.3;13,57;-0,80;;1
09/09/26;MINI IBEX-35;PUT;Dic-26;8.600;19695.3;48,71;;;1.250
09/09/26;MINI IBEX-35;PUT;Dic-26;10.900;19695.3;41,73;;;1
09/09/26;MINI IBEX-35;PUT;Dic-26;11.300;19695.3;40,52;;;1
09/09/26;MINI IBEX-35;PUT;Dic-26;11.500;19695.3;39,91;;;2
09/09/26;MINI IBEX-35;PUT;Dic-26;12.200;19695.3;37,79;-0,01;;2
09/09/26;MINI IBEX-35;PUT;Dic-26;12.300;19695.3;37,48;-0,01;;5
09/09/26;MINI IBEX-35;PUT;Dic-26;12.400;19695.3;37,18;-0,01;;1
09/09/26;MINI IBEX-35;PUT;Dic-26;12.500;19695.3;36,88;-0,01;;7
09/09/26;MINI IBEX-35;PUT;Dic-26;12.600;19695.3;36,57;-0,01;;6
09/09/26;MINI IBEX-35;PUT;Dic-26;12.900;19695.3;35,66;-0,01;;7
09/09/26;MINI IBEX-35;PUT;Dic-26;13.000;19695.3;35,36;-0,01;;7
09/09/26;MINI IBEX-35;PUT;Dic-26;13.100;19695.3;35,06;-0,01;;1
09/09/26;MINI IBEX-35;PUT;Dic-26;13.200;19695.3;34,75;-0,01;;1
09/09/26;MINI IBEX-35;PUT;Dic-26;13.500;19695.3;33,84;-0,01;;504
09/09/26;MINI IBEX-35;PUT;Dic-26;13.600;19695.3;33,54;-0,01;;5
09/09/26;MINI IBEX-35;PUT;Dic-26;13.700;19695.3;33,23;-0,02;;2
09/09/26;MINI IBEX-35;PUT;Dic-26;14.000;19695.3;32,32;-0,02;;1.034
09/09/26;MINI IBEX-35;PUT;Dic-26;14.200;19695.3;31,72;-0,02;;3
09/09/26;MINI IBEX-35;PUT;Dic-26;14.300;19695.3;31,41;-0,02;;1
09/09/26;MINI IBEX-35;PUT;Dic-26;14.400;19695.3;31,11;-0,02;;1
09/09/26;MINI IBEX-35;PUT;Dic-26;14.500;19695.3;30,81;-0,03;;1
09/09/26;MINI IBEX-35;PUT;Dic-26;14.600;19695.3;30,50;-0,03;;1
09/09/26;MINI IBEX-35;PUT;Dic-26;14.800;19695.3;29,90;-0,03;;1
09/09/26;MINI IBEX-35;PUT;Dic-26;14.900;19695.3;29,59;-0,03;;3
09/09/26;MINI IBEX-35;PUT;Dic-26;15.000;19695.3;29,29;-0,03;;18
09/09/26;MINI IBEX-35;PUT;Dic-26;15.200;19695.3;28,68;-0,04;;1
09/09/26;MINI IBEX-35;PUT;Dic-26;15.500;19695.3;27,77;-0,04;;28
09/09/26;MINI IBEX-35;PUT;Dic-26;15.600;19695.3;27,47;-0,05;;32
09/09/26;MINI IBEX-35;PUT;Dic-26;15.700;19695.3;27,16;-0,05;;4
09/09/26;MINI IBEX-35;PUT;Dic-26;15.800;19695.3;26,86;-0,05;;4
09/09/26;MINI IBEX-35;PUT;Dic-26;15.900;19695.3;26,56;-0,06;;1
09/09/26;MINI IBEX-35;PUT;Dic-26;16.000;19695.3;26,25;-0,06;;27
09/09/26;MINI IBEX-35;PUT;Dic-26;16.300;19695.3;25,34;-0,07;;10
09/09/26;MINI IBEX-35;PUT;Dic-26;16.400;19695.3;25,04;-0,07;;6.000
09/09/26;MINI IBEX-35;PUT;Dic-26;16.500;19695.3;24,74;-0,08;;3
09/09/26;MINI IBEX-35;PUT;Dic-26;16.600;19695.3;24,43;-0,08;;2
09/09/26;MINI IBEX-35;PUT;Dic-26;16.700;19695.3;24,13;-0,09;;1.516
09/09/26;MINI IBEX-35;PUT;Dic-26;16.800;19695.3;23,82;-0,09;;11
09/09/26;MINI IBEX-35;PUT;Dic-26;16.900;19695.3;23,52;-0,10;;4
09/09/26;MINI IBEX-35;PUT;Dic-26;17.000;19695.3;23,22;-0,11;;24
09/09/26;MINI IBEX-35;PUT;Dic-26;17.100;19695.3;22,91;-0,11;;7
09/09/26;MINI IBEX-35;PUT;Dic-26;17.200;19695.3;22,61;-0,12;;105
09/09/26;MINI IBEX-35;PUT;Dic-26;17.300;19695.3;22,31;-0,13;;6
09/09/26;MINI IBEX-35;PUT;Dic-26;17.400;19695.3;22,00;-0,13;;6
09/09/26;MINI IBEX-35;PUT;Dic-26;17.500;19695.3;21,70;-0,14;;1.024
09/09/26;MINI IBEX-35;PUT;Dic-26;17.600;19695.3;21,40;-0,15;;104
09/09/26;MINI IBEX-35;PUT;Dic-26;17.700;19695.3;21,09;-0,16;;5.011
09/09/26;MINI IBEX-35;PUT;Dic-26;17.800;19695.3;20,79;-0,17;;10
09/09/26;MINI IBEX-35;PUT;Dic-26;17.900;19695.3;20,49;-0,18;;5.001
09/09/26;MINI IBEX-35;PUT;Dic-26;18.000;19695.3;20,18;-0,19;1;513
09/09/26;MINI IBEX-35;PUT;Dic-26;18.100;19695.3;19,88;-0,20;;5
09/09/26;MINI IBEX-35;PUT;Dic-26;18.200;19695.3;19,58;-0,21;;11
09/09/26;MINI IBEX-35;PUT;Dic-26;18.300;19695.3;19,27;-0,22;;10
09/09/26;MINI IBEX-35;PUT;Dic-26;18.400;19695.3;18,97;-0,24;6;10
09/09/26;MINI IBEX-35;PUT;Dic-26;18.500;19695.3;18,66;-0,25;;212
09/09/26;MINI IBEX-35;PUT;Dic-26;18.700;19695.3;18,06;-0,28;1;8
09/09/26;MINI IBEX-35;PUT;Dic-26;18.800;19695.3;17,75;-0,30;;7
09/09/26;MINI IBEX-35;PUT;Dic-26;18.900;19695.3;17,45;-0,32;;13
09/09/26;MINI IBEX-35;PUT;Dic-26;19.000;19695.3;17,15;-0,33;;9
09/09/26;MINI IBEX-35;PUT;Dic-26;19.100;19695.3;16,84;-0,35;;3
09/09/26;MINI IBEX-35;PUT;Dic-26;19.200;19695.3;16,54;-0,37;;38
09/09/26;MINI IBEX-35;PUT;Dic-26;19.300;19695.3;16,24;-0,40;1;4
09/09/26;MINI IBEX-35;PUT;Dic-26;19.400;19695.3;15,93;-0,42;;2
09/09/26;MINI IBEX-35;PUT;Dic-26;19.500;19695.3;15,63;-0,44;10;13
09/09/26;MINI IBEX-35;PUT;Dic-26;19.600;19695.3;15,33;-0,47;;6
09/09/26;MINI IBEX-35;PUT;Dic-26;19.700;19695.3;15,09;-0,49;;1
09/09/26;MINI IBEX-35;PUT;Dic-26;19.800;19695.3;14,95;-0,52;;3
09/09/26;MINI IBEX-35;PUT;Dic-26;19.900;19695.3;14,81;-0,54;40;41
09/09/26;MINI IBEX-35;PUT;Dic-26;20.000;19695.3;14,67;-0,57;;24
09/09/26;MINI IBEX-35;PUT;Dic-26;20.100;19695.3;14,54;-0,60;;11
09/09/26;MINI IBEX-35;PUT;Dic-26;20.500;19695.3;13,98;-0,70;;1
09/09/26;MINI IBEX-35;PUT;Mar-27;13.000;19695.3;30,71;-0,02;;3
09/09/26;MINI IBEX-35;PUT;Mar-27;13.800;19695.3;28,81;-0,04;;32
09/09/26;MINI IBEX-35;PUT;Mar-27;15.200;19695.3;25,50;-0,07;;1
09/09/26;MINI IBEX-35;PUT;Mar-27;15.700;19695.3;24,32;-0,08;;1
09/09/26;MINI IBEX-35;PUT;Mar-27;16.500;19695.3;22,42;-0,12;;1
09/09/26;MINI IBEX-35;PUT;Mar-27;17.000;19695.3;21,24;-0,15;;2
09/09/26;MINI IBEX-35;PUT;Mar-27;17.500;19695.3;20,05;-0,18;;21
09/09/26;MINI IBEX-35;PUT;Mar-27;17.800;19695.3;19,34;-0,21;;1
09/09/26;MINI IBEX-35;PUT;Mar-27;18.000;19695.3;18,87;-0,23;;756
09/09/26;MINI IBEX-35;PUT;Mar-27;18.100;19695.3;18,63;-0,24;;5
09/09/26;MINI IBEX-35;PUT;Mar-27;18.200;19695.3;18,40;-0,25;;5
09/09/26;MINI IBEX-35;PUT;Mar-27;18.300;19695.3;18,16;-0,26;;5
09/09/26;MINI IBEX-35;PUT;Mar-27;18.400;19695.3;17,92;-0,27;;5
09/09/26;MINI IBEX-35;PUT;Mar-27;18.500;19695.3;17,69;-0,28;;3
09/09/26;MINI IBEX-35;PUT;Mar-27;18.600;19695.3;17,45;-0,30;;2
09/09/26;MINI IBEX-35;PUT;Mar-27;18.900;19695.3;16,74;-0,34;;2
09/09/26;MINI IBEX-35;PUT;Mar-27;19.100;19695.3;16,27;-0,37;;5
09/09/26;MINI IBEX-35;PUT;Mar-27;19.300;19695.3;15,79;-0,40;;5
09/09/26;MINI IBEX-35;PUT;Mar-27;19.500;19695.3;15,32;-0,43;;5
09/09/26;MINI IBEX-35;PUT;Mar-27;19.600;19695.3;15,08;-0,45;5;5
09/09/26;MINI IBEX-35;PUT;Mar-27;19.800;19695.3;14,71;-0,49;5;2
09/09/26;MINI IBEX-35;PUT;Mar-27;19.900;19695.3;14,59;-0,51;5;
09/09/26;MINI IBEX-35;PUT;Mar-27;21.400;19695.3;12,79;-0,79;;1
09/09/26;MINI IBEX-35;PUT;Mar-27;21.600;19695.3;12,55;-0,82;;2
09/09/26;MINI IBEX-35;PUT;Mar-27;21.800;19695.3;12,31;-0,85;;1
09/09/26;MINI IBEX-35;PUT;Mar-27;21.900;19695.3;12,19;-0,86;;3
09/09/26;MINI IBEX-35;PUT;Mar-27;22.000;19695.3;12,07;-0,87;;2
09/09/26;MINI IBEX-35;PUT;Mar-27;22.900;19695.3;10,99;-0,95;;2
09/09/26;MINI IBEX-35;PUT;Jun-27;13.000;19695.3;29,20;-0,04;;2
09/09/26;MINI IBEX-35;PUT;Jun-27;15.400;19695.3;24,05;-0,11;;5
09/09/26;MINI IBEX-35;PUT;Jun-27;16.000;19695.3;22,76;-0,13;;20
09/09/26;MINI IBEX-35;PUT;Jun-27;17.000;19695.3;20,62;-0,19;;1
09/09/26;MINI IBEX-35;PUT;Jun-27;18.000;19695.3;18,47;-0,27;;1
09/09/26;MINI IBEX-35;PUT;Jun-27;18.500;19695.3;17,40;-0,32;;1
09/09/26;MINI IBEX-35;PUT;Jun-27;19.700;19695.3;14,94;-0,48;;1
09/09/26;MINI IBEX-35;PUT;Jun-27;19.900;19695.3;14,71;-0,51;;1
09/09/26;MINI IBEX-35;PUT;Jun-27;20.300;19695.3;14,26;-0,57;;1
09/09/26;MINI IBEX-35;PUT;Jun-27;23.300;19695.3;10,84;-0,94;;1
09/09/26;MINI IBEX-35;PUT;Jun-27;23.400;19695.3;10,72;-0,95;;2
09/09/26;MINI IBEX-35;PUT;Jun-27;24.200;19695.3;9,81;-0,97;;2
09/09/26;MINI IBEX-35;PUT;Sep-27;12.100;19695.3;29,52;-0,04;;32
09/09/26;MINI IBEX-35;PUT;Sep-27;12.200;19695.3;29,33;-0,04;;32
09/09/26;MINI IBEX-35;PUT;Sep-27;12.300;19695.3;29,14;-0,04;;32
09/09/26;MINI IBEX-35;PUT;Sep-27;12.400;19695.3;28,95;-0,04;;32
09/09/26;MINI IBEX-35;PUT;Sep-27;14.200;19695.3;25,51;-0,08;;32
09/09/26;MINI IBEX-35;PUT;Dic-27;13.400;19695.3;26,05;-0,07;;250
09/09/26;MINI IBEX-35;PUT;Dic-27;14.700;19695.3;23,79;-0,11;;1
09/09/26;MINI IBEX-35;PUT;Dic-27;15.400;19695.3;22,58;-0,14;;32
09/09/26;MINI IBEX-35;PUT;Dic-27;15.700;19695.3;22,05;-0,15;;32
09/09/26;MINI IBEX-35;PUT;Dic-27;15.800;19695.3;21,88;-0,16;;32
09/09/26;MINI IBEX-35;PUT;Dic-27;19.300;19695.3;15,79;-0,42;;3
09/09/26;MINI IBEX-35;PUT;Dic-27;19.400;19695.3;15,62;-0,43;;6.751
09/09/26;MINI IBEX-35;PUT;Jun-28;18.400;19695.3;16,97;-0,34;;64
09/09/26;MINI IBEX-35;PUT;Jun-28;18.500;19695.3;16,81;-0,35;;64
09/09/26;MINI IBEX-35;PUT;Jun-28;19.300;19695.3;15,57;-0,42;;32
09/09/26;MINI IBEX-35;PUT;Jun-28;20.000;19695.3;14,76;-0,49;;32
09/09/26;MINI IBEX-35;PUT;Sep-28;17.500;19695.3;17,92;-0,28;;2
09/09/26;MINI IBEX-35;PUT;Dic-28;16.800;19695.3;18,58;-0,24;;1.800
09/09/26;MINI IBEX-35;PUT;Jun-29;18.800;19695.3;17,98;-0,38;;1
09/09/26;MINI IBEX-35;PUT;Jun-31;18.400;19695.3;18,80;-0,34;;1
09/09/26;ACCIONA;CALL;Sep-26;210,00;209.8;36,18;0,51;;13
09/09/26;ACCIONA;CALL;Sep-26;220,00;209.8;34,97;0,20;;5
09/09/26;ACCIONA;CALL;Sep-26;230,00;209.8;33,76;0,04;;10
09/09/26;ACCIONA;CALL;Sep-26;260,00;209.8;30,14;;;16
09/09/26;ACCIONA;CALL;Sep-26;280,00;209.8;27,72;;;2
09/09/26;ACCIONA;CALL;Sep-26;310,00;209.8;24,10;;;5
09/09/26;ACCIONA;CALL;Sep-26;340,00;209.8;20,48;;;10
09/09/26;ACCIONA;CALL;Oct-26;220,00;209.8;33,89;0,36;;1
09/09/26;ACCIONA;CALL;Oct-26;230,00;209.8;33,14;0,21;;1
09/09/26;ACCIONA;CALL;Dic-26;210,00;209.8;34,91;0,55;;2
09/09/26;ACCIONA;CALL;Dic-26;230,00;209.8;34,28;0,35;;5
09/09/26;ACCIONA;CALL;Dic-26;260,00;209.8;33,32;0,14;;2
09/09/26;ACCIONA;CALL;Dic-26;280,00;209.8;32,69;0,06;;5
09/09/26;ACCIONA;CALL;Dic-26;320,00;209.8;31,42;0,01;;5
09/09/26;ACCIONA;CALL;Mar-27;160,00;209.8;42,47;0,86;;1
09/09/26;ACCIONA;CALL;Mar-27;270,00;209.8;33,29;0,19;;5
09/09/26;ACCIONA;CALL;Mar-27;290,00;209.8;32,69;0,12;;5
09/09/26;ACCIONA;CALL;Jun-27;220,00;209.8;33,49;0,52;;1
09/09/26;ACCIONA;PUT;Sep-26;120,00;209.8;54,06;;;1
09/09/26;ACCIONA;PUT;Sep-26;170,00;209.8;43,97;;;1
09/09/26;ACCIONA;PUT;Sep-26;185,00;209.8;40,94;-0,02;;4
09/09/26;ACCIONA;PUT;Sep-26;190,00;209.8;39,94;-0,05;;15
09/09/26;ACCIONA;PUT;Sep-26;195,00;209.8;38,93;-0,11;;35
09/09/26;ACCIONA;PUT;Sep-26;200,00;209.8;37,92;-0,20;;16
09/09/26;ACCIONA;PUT;Sep-26;210,00;209.8;35,92;-0,49;;37
09/09/26;ACCIONA;PUT;Oct-26;185,00;209.8;39,27;-0,14;;20
09/09/26;ACCIONA;PUT;Oct-26;220,00;209.8;33,62;-0,65;;2
09/09/26;ACCIONA;PUT;Nov-26;180,00;209.8;40,19;-0,17;;60
09/09/26;ACCIONA;PUT;Nov-26;185,00;209.8;39,22;-0,20;;5
09/09/26;ACCIONA;PUT;Dic-26;170,00;209.8;41,83;-0,14;;60
09/09/26;ACCIONA;PUT;Dic-26;175,00;209.8;40,98;-0,16;;62
09/09/26;ACCIONA;PUT;Dic-26;195,00;209.8;37,58;-0,31;;15
09/09/26;ACCIONA;PUT;Dic-26;200,00;209.8;36,73;-0,35;;20
09/09/26;ACCIONA;PUT;Dic-26;210,00;209.8;35,05;-0,46;;7
09/09/26;ACCIONA;PUT;Mar-27;155,00;209.8;43,09;-0,12;;60
09/09/26;ACCIONA;PUT;Mar-27;170,00;209.8;40,87;-0,19;;2
09/09/26;ACCIONA;PUT;Mar-27;200,00;209.8;36,44;-0,36;;20
09/09/26;ACCIONA;PUT;Mar-27;210,00;209.8;34,98;-0,44;;5
09/09/26;ACCIONA;CALL;Nov-26;220,00;209.8;34,16;0,42;;3
09/09/26;ACCIONA ENERGIA;CALL;Sep-26;29,00;21.7;31,46;;;1
09/09/26;ACCIONA ENERGIA;CALL;Dic-26;24,00;21.7;31,99;0,32;;3
09/09/26;ACCIONA ENERGIA;CALL;Dic-26;25,00;21.7;31,99;0,24;;1
09/09/26;ACCIONA ENERGIA;CALL;Dic-26;27,00;21.7;31,99;0,12;;1
09/09/26;ACCIONA ENERGIA;CALL;Dic-26;30,00;21.7;31,99;0,04;;1
09/09/26;ACCIONA ENERGIA;CALL;Dic-26;31,00;21.7;31,99;0,02;;1
09/09/26;ACCIONA ENERGIA;PUT;Sep-26;20,00;21.7;34,56;-0,06;;3
09/09/26;ACCIONA ENERGIA;PUT;Sep-26;21,00;21.7;33,86;-0,26;;22
09/09/26;ACCIONA ENERGIA;PUT;Sep-26;22,00;21.7;33,37;-0,59;;10
09/09/26;ACCIONA ENERGIA;PUT;Sep-26;23,00;21.7;33,34;-0,86;;7
09/09/26;ACCIONA ENERGIA;PUT;Sep-26;24,00;21.7;33,31;-0,98;;5
09/09/26;ACCIONA ENERGIA;PUT;Oct-26;22,00;21.7;33,38;-0,52;;20
09/09/26;ACCIONA ENERGIA;PUT;Dic-26;18,00;21.7;36,92;-0,14;;2
09/09/26;ACCIONA ENERGIA;PUT;Dic-26;19,00;21.7;36,23;-0,21;;3
09/09/26;ACCIONA ENERGIA;PUT;Dic-26;20,00;21.7;35,54;-0,29;;1
09/09/26;ACCIONA ENERGIA;PUT;Dic-26;21,00;21.7;34,84;-0,38;;15
09/09/26;ACCIONA ENERGIA;PUT;Jun-27;24,00;21.7;29,56;-0,59;;13
09/09/26;ACERINOX;CALL;Sep-26;14,50;17.88;37,22;1,00;;150
09/09/26;ACERINOX;CALL;Sep-26;15,50;17.88;35,41;1,00;;10
09/09/26;ACERINOX;CALL;Sep-26;16,00;17.88;34,51;0,98;;11
09/09/26;ACERINOX;CALL;Sep-26;17,00;17.88;32,70;0,84;;13
09/09/26;ACERINOX;CALL;Sep-26;17,50;17.88;31,80;0,68;;8
09/09/26;ACERINOX;CALL;Sep-26;18,00;17.88;30,92;0,46;;7
09/09/26;ACERINOX;CALL;Sep-26;18,50;17.88;30,12;0,25;;47
09/09/26;ACERINOX;CALL;Sep-26;19,00;17.88;29,31;0,10;;10
09/09/26;ACERINOX;CALL;Sep-26;21,00;17.88;26,11;;;1
09/09/26;ACERINOX;CALL;Oct-26;16,50;17.88;33,55;0,79;;3
09/09/26;ACERINOX;CALL;Oct-26;17,50;17.88;31,76;0,61;;3
09/09/26;ACERINOX;CALL;Oct-26;18,50;17.88;30,55;0,39;;24
09/09/26;ACERINOX;CALL;Oct-26;19,00;17.88;30,12;0,29;;11
09/09/26;ACERINOX;CALL;Oct-26;19,50;17.88;29,69;0,20;;10
09/09/26;ACERINOX;CALL;Nov-26;18,50;17.88;31,38;0,44;;3
09/09/26;ACERINOX;CALL;Dic-26;6,00;17.88;48,99;1,00;;20
09/09/26;ACERINOX;CALL;Dic-26;9,75;17.88;43,33;1,00;;2
09/09/26;ACERINOX;CALL;Dic-26;11,00;17.88;41,44;0,99;;10
09/09/26;ACERINOX;CALL;Dic-26;13,00;17.88;38,42;0,96;;11
09/09/26;ACERINOX;CALL;Dic-26;13,50;17.88;37,66;0,94;;20
09/09/26;ACERINOX;CALL;Dic-26;14,00;17.88;36,91;0,92;;10
09/09/26;ACERINOX;CALL;Dic-26;14,50;17.88;36,15;0,89;;10
09/09/26;ACERINOX;CALL;Dic-26;15,00;17.88;35,40;0,86;;20
09/09/26;ACERINOX;CALL;Dic-26;16,00;17.88;33,89;0,77;;10
09/09/26;ACERINOX;CALL;Dic-26;16,50;17.88;33,13;0,72;;3
09/09/26;ACERINOX;CALL;Dic-26;17,00;17.88;32,38;0,66;;15
09/09/26;ACERINOX;CALL;Dic-26;17,50;17.88;31,62;0,60;;35
09/09/26;ACERINOX;CALL;Dic-26;18,00;17.88;31,02;0,53;;20
09/09/26;ACERINOX;CALL;Dic-26;18,50;17.88;30,91;0,47;;12
09/09/26;ACERINOX;CALL;Dic-26;19,00;17.88;30,80;0,40;;20
09/09/26;ACERINOX;CALL;Dic-26;19,50;17.88;30,69;0,34;;11
09/09/26;ACERINOX;CALL;Dic-26;20,00;17.88;30,58;0,28;;11
09/09/26;ACERINOX;CALL;Dic-26;22,00;17.88;30,13;0,12;;1
09/09/26;ACERINOX;CALL;Dic-26;24,00;17.88;29,68;0,04;;51
09/09/26;ACERINOX;CALL;Mar-27;8,75;17.88;43,10;1,00;;1
09/09/26;ACERINOX;CALL;Mar-27;11,00;17.88;40,34;0,98;;15
09/09/26;ACERINOX;CALL;Mar-27;13,00;17.88;37,87;0,92;;1
09/09/26;ACERINOX;CALL;Mar-27;13,50;17.88;37,26;0,90;;5
09/09/26;ACERINOX;CALL;Mar-27;14,50;17.88;36,03;0,85;;150
09/09/26;ACERINOX;CALL;Mar-27;15,50;17.88;34,80;0,78;;150
09/09/26;ACERINOX;CALL;Mar-27;16,00;17.88;34,18;0,73;;150
09/09/26;ACERINOX;CALL;Mar-27;17,00;17.88;32,95;0,64;;150
09/09/26;ACERINOX;CALL;Mar-27;17,50;17.88;32,34;0,59;;100
09/09/26;ACERINOX;CALL;Mar-27;18,50;17.88;31,72;0,49;;50
09/09/26;ACERINOX;CALL;Mar-27;19,00;17.88;31,60;0,45;;25
09/09/26;ACERINOX;CALL;Jun-27;16,00;17.88;35,04;0,70;;1
09/09/26;ACERINOX;CALL;Jun-27;17,50;17.88;33,16;0,59;;4
09/09/26;ACERINOX;CALL;Sep-27;13,50;17.88;39,51;0,83;;5
09/09/26;ACERINOX;CALL;Sep-27;14,00;17.88;38,85;0,81;;1
09/09/26;ACERINOX;CALL;Sep-27;16,50;17.88;35,59;0,66;;150
09/09/26;ACERINOX;CALL;Sep-27;18,50;17.88;33,62;0,53;;1
09/09/26;ACERINOX;CALL;Dic-27;11,00;17.88;41,08;0,92;;10
09/09/26;ACERINOX;CALL;Dic-27;12,00;17.88;39,93;0,89;;1
09/09/26;ACERINOX;CALL;Dic-27;13,00;17.88;38,77;0,84;;10
09/09/26;ACERINOX;CALL;Jun-28;12,50;17.88;37,32;0,85;;10
09/09/26;ACERINOX;PUT;Sep-26;9,00;17.88;45,50;;;23
09/09/26;ACERINOX;PUT;Sep-26;9,50;17.88;44,59;;;43
09/09/26;ACERINOX;PUT;Sep-26;9,75;17.88;44,14;;;1
09/09/26;ACERINOX;PUT;Sep-26;10,00;17.88;43,69;;;10
09/09/26;ACERINOX;PUT;Sep-26;10,50;17.88;42,79;;;40
09/09/26;ACERINOX;PUT;Sep-26;11,00;17.88;41,88;;;150
09/09/26;ACERINOX;PUT;Sep-26;12,00;17.88;40,07;;;10
09/09/26;ACERINOX;PUT;Sep-26;13,00;17.88;38,26;;;9
09/09/26;ACERINOX;PUT;Sep-26;14,00;17.88;36,46;;;10
09/09/26;ACERINOX;PUT;Sep-26;15,00;17.88;34,65;;;5
09/09/26;ACERINOX;PUT;Sep-26;15,50;17.88;33,74;;;22
09/09/26;ACERINOX;PUT;Sep-26;16,00;17.88;32,84;-0,01;;40
09/09/26;ACERINOX;PUT;Sep-26;17,00;17.88;31,03;-0,14;;11
09/09/26;ACERINOX;PUT;Sep-26;17,50;17.88;30,13;-0,31;;11
09/09/26;ACERINOX;PUT;Sep-26;18,00;17.88;29,25;-0,54;;3
09/09/26;ACERINOX;PUT;Sep-26;18,50;17.88;28,45;-0,77;;25
09/09/26;ACERINOX;PUT;Oct-26;15,50;17.88;32,80;-0,08;;10
09/09/26;ACERINOX;PUT;Oct-26;17,50;17.88;29,22;-0,38;;35
09/09/26;ACERINOX;PUT;Oct-26;18,00;17.88;28,44;-0,50;1;1
09/09/26;ACERINOX;PUT;Nov-26;17,50;17.88;29,24;-0,40;;3
09/09/26;ACERINOX;PUT;Dic-26;9,50;17.88;41,97;;;1
09/09/26;ACERINOX;PUT;Dic-26;9,75;17.88;41,60;;;1
09/09/26;ACERINOX;PUT;Dic-26;10,00;17.88;41,22;;;97
09/09/26;ACERINOX;PUT;Dic-26;10,50;17.88;40,46;;;35
09/09/26;ACERINOX;PUT;Dic-26;11,00;17.88;39,71;-0,01;;51
09/09/26;ACERINOX;PUT;Dic-26;11,50;17.88;38,95;-0,01;;25
09/09/26;ACERINOX;PUT;Dic-26;12,00;17.88;38,20;-0,02;;75
09/09/26;ACERINOX;PUT;Dic-26;12,50;17.88;37,44;-0,03;;145
09/09/26;ACERINOX;PUT;Dic-26;13,00;17.88;36,69;-0,04;;10
09/09/26;ACERINOX;PUT;Dic-26;13,50;17.88;35,93;-0,05;;45
09/09/26;ACERINOX;PUT;Dic-26;15,00;17.88;33,67;-0,13;;20
09/09/26;ACERINOX;PUT;Dic-26;15,50;17.88;32,91;-0,17;;25
09/09/26;ACERINOX;PUT;Dic-26;16,50;17.88;31,40;-0,27;;10
09/09/26;ACERINOX;PUT;Dic-26;17,00;17.88;30,65;-0,33;;30
09/09/26;ACERINOX;PUT;Dic-26;18,00;17.88;29,29;-0,47;;50
09/09/26;ACERINOX;PUT;Mar-27;8,00;17.88;42,20;;;2
09/09/26;ACERINOX;PUT;Mar-27;10,00;17.88;39,74;-0,02;;175
09/09/26;ACERINOX;PUT;Mar-27;10,50;17.88;39,12;-0,02;;60
09/09/26;ACERINOX;PUT;Mar-27;11,00;17.88;38,51;-0,03;;160
09/09/26;ACERINOX;PUT;Mar-27;11,50;17.88;37,89;-0,04;;126
09/09/26;ACERINOX;PUT;Mar-27;12,00;17.88;37,27;-0,05;;70
09/09/26;ACERINOX;PUT;Mar-27;13,50;17.88;35,43;-0,12;;7
09/09/26;ACERINOX;PUT;Mar-27;15,00;17.88;33,58;-0,21;;100
09/09/26;ACERINOX;PUT;Mar-27;15,50;17.88;32,97;-0,24;;11
09/09/26;ACERINOX;PUT;Mar-27;16,00;17.88;32,35;-0,29;;3
09/09/26;ACERINOX;PUT;Mar-27;17,00;17.88;31,12;-0,38;;10
09/09/26;ACERINOX;PUT;Jun-27;8,75;17.88;41,93;-0,02;;1
09/09/26;ACERINOX;PUT;Jun-27;10,00;17.88;40,37;-0,03;;243
09/09/26;ACERINOX;PUT;Jun-27;11,00;17.88;39,12;-0,06;;110
09/09/26;ACERINOX;PUT;Jun-27;15,00;17.88;34,13;-0,23;;10
09/09/26;ACERINOX;PUT;Sep-27;10,00;17.88;40,57;-0,05;;150
09/09/26;ACERINOX;PUT;Sep-27;10,50;17.88;39,92;-0,07;;150
09/09/26;ACERINOX;PUT;Sep-27;11,00;17.88;39,27;-0,08;;150
09/09/26;ACERINOX;PUT;Sep-27;11,50;17.88;38,62;-0,10;;150
09/09/26;ACERINOX;PUT;Sep-27;12,00;17.88;37,96;-0,11;;207
09/09/26;ACERINOX;PUT;Dic-27;12,00;17.88;36,65;-0,12;;150
09/09/26;ACERINOX;PUT;Mar-28;12,00;17.88;34,95;-0,13;;208
09/09/26;ACERINOX;PUT;Sep-28;18,00;17.88;29,08;-0,44;;138
09/09/26;ACS;CALL;Sep-26;105,00;101.3;32,69;0,26;;5
09/09/26;ACS;CALL;Sep-26;108,00;101.3;31,77;0,11;;20
09/09/26;ACS;CALL;Sep-26;110,00;101.3;31,16;0,05;;8
09/09/26;ACS;CALL;Sep-26;115,00;101.3;29,63;;;45
09/09/26;ACS;CALL;Sep-26;120,00;101.3;28,10;;;21
09/09/26;ACS;CALL;Sep-26;125,00;101.3;26,57;;;6
09/09/26;ACS;CALL;Sep-26;130,00;101.3;25,04;;;104
09/09/26;ACS;CALL;Sep-26;140,00;101.3;21,98;;;12
09/09/26;ACS;CALL;Sep-26;145,00;101.3;20,45;;;22
09/09/26;ACS;CALL;Sep-26;150,00;101.3;18,92;;;3
09/09/26;ACS;CALL;Sep-26;155,00;101.3;17,39;;;5
09/09/26;ACS;CALL;Sep-26;165,00;101.3;14,33;;;5
09/09/26;ACS;CALL;Oct-26;110,00;101.3;31,97;0,23;;17
09/09/26;ACS;CALL;Oct-26;115,00;101.3;31,51;0,12;;7
09/09/26;ACS;CALL;Oct-26;120,00;101.3;31,05;0,05;;6
09/09/26;ACS;CALL;Oct-26;125,00;101.3;30,59;0,02;;1
09/09/26;ACS;CALL;Oct-26;130,00;101.3;30,13;0,01;;5
09/09/26;ACS;CALL;Oct-26;140,00;101.3;29,20;;;3
09/09/26;ACS;CALL;Nov-26;110,00;101.3;32,74;0,32;;1
09/09/26;ACS;CALL;Nov-26;120,00;101.3;32,57;0,14;;1
09/09/26;ACS;CALL;Nov-26;125,00;101.3;32,49;0,09;;1
09/09/26;ACS;CALL;Dic-26;86,00;101.3;37,83;0,83;;1
09/09/26;ACS;CALL;Dic-26;90,00;101.3;36,68;0,77;;25
09/09/26;ACS;CALL;Dic-26;92,00;101.3;36,11;0,74;;25
09/09/26;ACS;CALL;Dic-26;105,00;101.3;33,07;0,47;;2
09/09/26;ACS;CALL;Dic-26;110,00;101.3;32,56;0,36;;5
09/09/26;ACS;CALL;Dic-26;115,00;101.3;32,05;0,27;;85
09/09/26;ACS;CALL;Dic-26;120,00;101.3;31,54;0,19;;90
09/09/26;ACS;CALL;Dic-26;125,00;101.3;31,03;0,12;;86
09/09/26;ACS;CALL;Dic-26;130,00;101.3;30,52;0,08;;711
09/09/26;ACS;CALL;Dic-26;135,00;101.3;30,01;0,04;;4
09/09/26;ACS;CALL;Dic-26;140,00;101.3;29,50;0,02;;2
09/09/26;ACS;CALL;Dic-26;145,00;101.3;28,99;0,01;;9
09/09/26;ACS;CALL;Dic-26;150,00;101.3;28,48;0,01;;80
09/09/26;ACS;CALL;Dic-26;155,00;101.3;27,97;;;15
09/09/26;ACS;CALL;Dic-26;160,00;101.3;27,46;;;15
09/09/26;ACS;CALL;Dic-26;165,00;101.3;26,95;;;25
09/09/26;ACS;CALL;Mar-27;92,00;101.3;36,26;0,70;;1
09/09/26;ACS;CALL;Mar-27;96,00;101.3;35,33;0,65;;1
09/09/26;ACS;CALL;Mar-27;100,00;101.3;34,39;0,58;;1
09/09/26;ACS;CALL;Mar-27;115,00;101.3;33,50;0,36;;5
09/09/26;ACS;CALL;Mar-27;140,00;101.3;32,43;0,11;;180
09/09/26;ACS;CALL;Mar-27;145,00;101.3;32,22;0,08;;5
09/09/26;ACS;CALL;Mar-27;150,00;101.3;32,01;0,06;;200
09/09/26;ACS;CALL;Mar-27;155,00;101.3;31,79;0,05;;20
09/09/26;ACS;CALL;Mar-27;160,00;101.3;31,58;0,03;;20
09/09/26;ACS;CALL;Mar-27;165,00;101.3;31,37;0,02;;60
09/09/26;ACS;CALL;Jun-27;54,00;101.3;45,27;0,97;;1
09/09/26;ACS;CALL;Jun-27;56,00;101.3;44,78;0,96;;2
09/09/26;ACS;CALL;Jun-27;88,00;101.3;36,88;0,74;;1
09/09/26;ACS;CALL;Jun-27;96,00;101.3;34,91;0,65;;25
09/09/26;ACS;CALL;Jun-27;100,00;101.3;33,92;0,60;;25
09/09/26;ACS;CALL;Jun-27;125,00;101.3;33,37;0,31;;16
09/09/26;ACS;CALL;Jun-27;165,00;101.3;32,97;0,07;;5
09/09/26;ACS;CALL;Sep-27;86,00;101.3;37,29;0,75;;25
09/09/26;ACS;CALL;Sep-27;105,00;101.3;33,72;0,54;;25
09/09/26;ACS;CALL;Dic-27;70,00;101.3;39,70;0,87;;60
09/09/26;ACS;CALL;Dic-27;88,00;101.3;35,97;0,73;;5
09/09/26;ACS;CALL;Dic-27;90,00;101.3;35,55;0,71;;5
09/09/26;ACS;CALL;Dic-27;94,00;101.3;34,72;0,67;;25
09/09/26;ACS;CALL;Dic-27;110,00;101.3;33,01;0,50;;250
09/09/26;ACS;CALL;Dic-27;130,00;101.3;32,55;0,32;;10
09/09/26;ACS;CALL;Mar-28;115,00;101.3;31,56;0,46;;1
09/09/26;ACS;PUT;Sep-26;50,00;101.3;49,84;;;25
09/09/26;ACS;PUT;Sep-26;52,00;101.3;49,20;;;50
09/09/26;ACS;PUT;Sep-26;54,00;101.3;48,55;;;50
09/09/26;ACS;PUT;Sep-26;56,00;101.3;47,91;;;51
09/09/26;ACS;PUT;Sep-26;66,00;101.3;44,68;;;25
09/09/26;ACS;PUT;Sep-26;68,00;101.3;44,04;;;25
09/09/26;ACS;PUT;Sep-26;70,00;101.3;43,39;;;25
09/09/26;ACS;PUT;Sep-26;72,00;101.3;42,75;;;1
09/09/26;ACS;PUT;Sep-26;76,00;101.3;41,46;;;42
09/09/26;ACS;PUT;Sep-26;78,00;101.3;40,81;;;52
09/09/26;ACS;PUT;Sep-26;80,00;101.3;40,17;;;27
09/09/26;ACS;PUT;Sep-26;84,00;101.3;38,88;;;25
09/09/26;ACS;PUT;Sep-26;88,00;101.3;37,59;-0,01;;1
09/09/26;ACS;PUT;Sep-26;90,00;101.3;36,94;-0,02;;25
09/09/26;ACS;PUT;Sep-26;94,00;101.3;35,65;-0,09;;5
09/09/26;ACS;PUT;Sep-26;96,00;101.3;35,01;-0,16;;9
09/09/26;ACS;PUT;Sep-26;98,00;101.3;34,36;-0,26;1;4
09/09/26;ACS;PUT;Sep-26;100,00;101.3;33,72;-0,39;;33
09/09/26;ACS;PUT;Sep-26;105,00;101.3;32,17;-0,75;;10
09/09/26;ACS;PUT;Sep-26;110,00;101.3;30,64;-0,96;;31
09/09/26;ACS;PUT;Sep-26;115,00;101.3;29,11;-1,00;;4
09/09/26;ACS;PUT;Sep-26;120,00;101.3;27,58;-1,00;;5
09/09/26;ACS;PUT;Oct-26;84,00;101.3;36,78;-0,05;;1
09/09/26;ACS;PUT;Oct-26;88,00;101.3;35,54;-0,09;;2
09/09/26;ACS;PUT;Oct-26;90,00;101.3;34,93;-0,13;;3
09/09/26;ACS;PUT;Oct-26;92,00;101.3;34,31;-0,17;;1
09/09/26;ACS;PUT;Oct-26;94,00;101.3;33,69;-0,22;1;1
09/09/26;ACS;PUT;Oct-26;100,00;101.3;31,83;-0,42;;1
09/09/26;ACS;PUT;Oct-26;110,00;101.3;30,63;-0,79;;6
09/09/26;ACS;PUT;Nov-26;78,00;101.3;38,40;-0,05;;1
09/09/26;ACS;PUT;Nov-26;92,00;101.3;34,12;-0,23;;1
09/09/26;ACS;PUT;Nov-26;100,00;101.3;31,67;-0,43;;1
09/09/26;ACS;PUT;Nov-26;110,00;101.3;31,13;-0,70;;1
09/09/26;ACS;PUT;Nov-26;115,00;101.3;31,04;-0,80;;5
09/09/26;ACS;PUT;Dic-26;23,00;101.3;54,36;;;201
09/09/26;ACS;PUT;Dic-26;24,00;101.3;54,07;;;25
09/09/26;ACS;PUT;Dic-26;25,00;101.3;53,78;;;25
09/09/26;ACS;PUT;Dic-26;27,00;101.3;53,21;;;25
09/09/26;ACS;PUT;Dic-26;28,00;101.3;52,92;;;75
09/09/26;ACS;PUT;Dic-26;29,00;101.3;52,64;;;75
09/09/26;ACS;PUT;Dic-26;30,00;101.3;52,35;;;17
09/09/26;ACS;PUT;Dic-26;33,00;101.3;51,49;;;6
09/09/26;ACS;PUT;Dic-26;34,00;101.3;51,21;;;25
09/09/26;ACS;PUT;Dic-26;35,00;101.3;50,92;;;200
09/09/26;ACS;PUT;Dic-26;46,00;101.3;47,77;;;25
09/09/26;ACS;PUT;Dic-26;54,00;101.3;45,48;;;25
09/09/26;ACS;PUT;Dic-26;58,00;101.3;44,34;-0,01;;25
09/09/26;ACS;PUT;Dic-26;60,00;101.3;43,76;-0,01;;95
09/09/26;ACS;PUT;Dic-26;62,00;101.3;43,19;-0,01;;5
09/09/26;ACS;PUT;Dic-26;66,00;101.3;42,05;-0,02;;1
09/09/26;ACS;PUT;Dic-26;68,00;101.3;41,47;-0,02;;4
09/09/26;ACS;PUT;Dic-26;76,00;101.3;39,18;-0,06;;6
09/09/26;ACS;PUT;Dic-26;78,00;101.3;38,61;-0,08;;5
09/09/26;ACS;PUT;Dic-26;80,00;101.3;38,04;-0,09;;5
09/09/26;ACS;PUT;Dic-26;82,00;101.3;37,47;-0,11;;10
09/09/26;ACS;PUT;Dic-26;84,00;101.3;36,89;-0,14;;14
09/09/26;ACS;PUT;Dic-26;86,00;101.3;36,32;-0,16;;10
09/09/26;ACS;PUT;Dic-26;88,00;101.3;35,75;-0,19;;45
09/09/26;ACS;PUT;Dic-26;90,00;101.3;35,17;-0,22;;44
09/09/26;ACS;PUT;Dic-26;94,00;101.3;34,03;-0,30;;46
09/09/26;ACS;PUT;Dic-26;96,00;101.3;33,46;-0,34;;80
09/09/26;ACS;PUT;Dic-26;98,00;101.3;32,88;-0,38;;10
09/09/26;ACS;PUT;Dic-26;100,00;101.3;32,31;-0,42;;177
09/09/26;ACS;PUT;Dic-26;105,00;101.3;31,56;-0,54;;3
09/09/26;ACS;PUT;Dic-26;110,00;101.3;31,05;-0,66;;50
09/09/26;ACS;PUT;Dic-26;115,00;101.3;30,54;-0,76;;10
09/09/26;ACS;PUT;Dic-26;125,00;101.3;29,52;-0,92;;10
09/09/26;ACS;PUT;Mar-27;60,00;101.3;41,73;-0,03;;1
09/09/26;ACS;PUT;Mar-27;68,00;101.3;39,86;-0,06;;1
09/09/26;ACS;PUT;Mar-27;86,00;101.3;35,65;-0,22;;5
09/09/26;ACS;PUT;Mar-27;88,00;101.3;35,19;-0,24;;2
09/09/26;ACS;PUT;Mar-27;90,00;101.3;34,72;-0,27;;18
09/09/26;ACS;PUT;Mar-27;92,00;101.3;34,25;-0,30;;2
09/09/26;ACS;PUT;Mar-27;96,00;101.3;33,32;-0,36;;2
09/09/26;ACS;PUT;Mar-27;98,00;101.3;32,85;-0,39;;115
09/09/26;ACS;PUT;Mar-27;100,00;101.3;32,38;-0,42;;110
09/09/26;ACS;PUT;Mar-27;105,00;101.3;31,92;-0,51;;6
09/09/26;ACS;PUT;Mar-27;110,00;101.3;31,71;-0,59;;10
09/09/26;ACS;PUT;Jun-27;22,00;101.3;50,99;;;360
09/09/26;ACS;PUT;Jun-27;24,00;101.3;50,50;;;85
09/09/26;ACS;PUT;Jun-27;28,00;101.3;49,51;;;2
09/09/26;ACS;PUT;Jun-27;33,00;101.3;48,28;;;2
09/09/26;ACS;PUT;Jun-27;70,00;101.3;39,14;-0,10;;1
09/09/26;ACS;PUT;Jun-27;92,00;101.3;33,72;-0,30;;1
09/09/26;ACS;PUT;Sep-27;78,00;101.3;36,28;-0,18;;25
09/09/26;ACS;PUT;Sep-27;92,00;101.3;33,05;-0,32;;25
09/09/26;ACS;PUT;Dic-27;50,00;101.3;41,34;-0,04;;25
09/09/26;ACS;PUT;Dic-27;78,00;101.3;35,54;-0,19;;25
09/09/26;ACS;PUT;Dic-27;82,00;101.3;34,71;-0,23;;10
09/09/26;ACS;PUT;Dic-27;84,00;101.3;34,30;-0,25;;5
09/09/26;ACS;PUT;Dic-27;98,00;101.3;31,39;-0,39;;25
09/09/26;ACS;PUT;Dic-27;100,00;101.3;30,98;-0,42;;25
09/09/26;ACS;PUT;Dic-27;115,00;101.3;30,39;-0,58;;5
09/09/26;ACS;PUT;Jun-28;105,00;101.3;28,81;-0,46;;1
09/09/26;ACS;CALL;Dic-26;50,00;101.3;48,14;0,99;;1
09/09/26;ACS;PUT;Sep-26;140,00;101.3;21,46;-1,00;;5
09/09/26;AENA;CALL;Sep-26;24,00;24.86;23,67;0,84;;2
09/09/26;AENA;CALL;Sep-26;25,00;24.86;22,53;0,45;;25
09/09/26;AENA;CALL;Sep-26;26,00;24.86;21,78;0,10;;2
09/09/26;AENA;CALL;Sep-26;26,50;24.86;21,41;0,03;;1
09/09/26;AENA;CALL;Sep-26;27,00;24.86;21,03;0,01;;873
09/09/26;AENA;CALL;Sep-26;28,00;24.86;20,28;;;3
09/09/26;AENA;CALL;Oct-26;25,00;24.86;22,84;0,50;;10
09/09/26;AENA;CALL;Oct-26;26,00;24.86;22,09;0,29;;1
09/09/26;AENA;CALL;Oct-26;27,00;24.86;21,34;0,13;;1
09/09/26;AENA;CALL;Oct-26;29,00;24.86;19,84;0,01;;10
09/09/26;AENA;CALL;Dic-26;26,00;24.86;22,18;0,40;;3
09/09/26;AENA;CALL;Dic-26;27,00;24.86;21,59;0,27;;72
09/09/26;AENA;CALL;Dic-26;29,00;24.86;20,41;0,09;;6
09/09/26;AENA;CALL;Mar-27;21,00;24.86;27,28;0,85;;6
09/09/26;AENA;CALL;Mar-27;26,00;24.86;22,93;0,46;;3
09/09/26;AENA;CALL;Mar-27;27,00;24.86;22,47;0,37;;30
09/09/26;AENA;CALL;Jun-27;25,00;24.86;23,10;0,56;;2
09/09/26;AENA;CALL;Jun-27;29,00;24.86;21,65;0,24;;150
09/09/26;AENA;CALL;Jun-27;34,00;24.86;19,84;0,04;;100
09/09/26;AENA;CALL;Dic-27;23,00;24.86;24,85;0,69;;16
09/09/26;AENA;CALL;Dic-27;25,00;24.86;23,49;0,55;;25
09/09/26;AENA;CALL;Dic-27;28,00;24.86;22,56;0,36;;25
09/09/26;AENA;PUT;Sep-26;18,50;24.86;29,74;;;2
09/09/26;AENA;PUT;Sep-26;19,00;24.86;29,14;;;32
09/09/26;AENA;PUT;Sep-26;19,50;24.86;28,55;;;4
09/09/26;AENA;PUT;Sep-26;20,00;24.86;27,95;;;14
09/09/26;AENA;PUT;Sep-26;21,00;24.86;26,76;;;97
09/09/26;AENA;PUT;Sep-26;22,00;24.86;25,56;;;60
09/09/26;AENA;PUT;Sep-26;23,00;24.86;24,37;-0,02;;40
09/09/26;AENA;PUT;Sep-26;24,00;24.86;23,18;-0,16;;11
09/09/26;AENA;PUT;Sep-26;25,00;24.86;22,04;-0,55;2;14
09/09/26;AENA;PUT;Sep-26;26,00;24.86;21,29;-0,91;;1
09/09/26;AENA;PUT;Sep-26;26,50;24.86;20,92;-0,98;;1
09/09/26;AENA;PUT;Sep-26;27,00;24.86;20,54;-1,00;3;50
09/09/26;AENA;PUT;Sep-26;27,50;24.86;20,17;-1,00;1;
09/09/26;AENA;PUT;Oct-26;23,00;24.86;24,39;-0,14;1;1
09/09/26;AENA;PUT;Oct-26;24,00;24.86;23,21;-0,30;;2
09/09/26;AENA;PUT;Oct-26;25,00;24.86;22,09;-0,51;;3
09/09/26;AENA;PUT;Oct-26;26,00;24.86;21,34;-0,73;;1
09/09/26;AENA;PUT;Oct-26;27,00;24.86;20,59;-0,90;;1
09/09/26;AENA;PUT;Nov-26;23,00;24.86;24,42;-0,21;;1
09/09/26;AENA;PUT;Dic-26;18,00;24.86;29,69;-0,01;;2
09/09/26;AENA;PUT;Dic-26;19,00;24.86;28,60;-0,03;;3
09/09/26;AENA;PUT;Dic-26;19,50;24.86;28,06;-0,04;;12
09/09/26;AENA;PUT;Dic-26;20,00;24.86;27,52;-0,05;;4
09/09/26;AENA;PUT;Dic-26;21,00;24.86;26,43;-0,09;;5
09/09/26;AENA;PUT;Dic-26;22,00;24.86;25,35;-0,15;;207
09/09/26;AENA;PUT;Dic-26;23,00;24.86;24,26;-0,24;;2
09/09/26;AENA;PUT;Dic-26;24,00;24.86;23,17;-0,35;;2
09/09/26;AENA;PUT;Dic-26;25,00;24.86;22,16;-0,48;;31
09/09/26;AENA;PUT;Mar-27;18,00;24.86;28,64;-0,04;;2
09/09/26;AENA;PUT;Mar-27;20,00;24.86;26,65;-0,10;;500
09/09/26;AENA;PUT;Mar-27;20,50;24.86;26,16;-0,12;;1
09/09/26;AENA;PUT;Mar-27;21,00;24.86;25,66;-0,14;;9
09/09/26;AENA;PUT;Mar-27;22,00;24.86;24,67;-0,20;;6
09/09/26;AENA;PUT;Mar-27;24,00;24.86;22,68;-0,36;;3
09/09/26;AENA;PUT;Mar-27;26,00;24.86;21,31;-0,57;;6
09/09/26;AENA;PUT;Jun-27;18,00;24.86;26,06;-0,08;;1
09/09/26;AENA;PUT;Jun-27;19,00;24.86;25,13;-0,12;;1
09/09/26;AENA;PUT;Jun-27;23,00;24.86;21,43;-0,37;;6
09/09/26;AENA;PUT;Jun-27;24,00;24.86;20,51;-0,45;;1
09/09/26;AENA;PUT;Jun-27;25,00;24.86;19,66;-0,55;;25
09/09/26;AENA;PUT;Jun-27;26,00;24.86;19,30;-0,64;;26
09/09/26;AENA;PUT;Jun-27;27,00;24.86;18,94;-0,73;;25
09/09/26;AENA;PUT;Sep-27;18,00;24.86;25,08;-0,09;;1
09/09/26;AENA;PUT;Sep-27;23,00;24.86;21,12;-0,37;;1
09/09/26;ALMIRALL;CALL;Sep-26;11,50;10.08;27,09;;;3
09/09/26;ALMIRALL;CALL;Sep-26;14,00;10.08;26,76;;;10
09/09/26;ALMIRALL;CALL;Dic-26;12,00;10.08;26,72;0,13;;4
09/09/26;ALMIRALL;PUT;Sep-26;10,50;10.08;28,22;-0,81;;3
09/09/26;ALMIRALL;PUT;Sep-26;12,00;10.08;28,03;-1,00;1;
09/09/26;ALMIRALL;PUT;Dic-26;11,00;10.08;27,98;-0,70;;4
09/09/26;AMADEUS;CALL;Sep-26;38,00;54.32;38,23;1,00;;1
09/09/26;AMADEUS;CALL;Sep-26;49,00;54.32;30,87;0,98;;25
09/09/26;AMADEUS;CALL;Sep-26;50,00;54.32;30,20;0,96;;150
09/09/26;AMADEUS;CALL;Sep-26;52,00;54.32;28,86;0,84;;873
09/09/26;AMADEUS;CALL;Sep-26;54,00;54.32;27,52;0,57;;4
09/09/26;AMADEUS;CALL;Sep-26;56,00;54.32;26,99;0,25;;458
09/09/26;AMADEUS;CALL;Sep-26;58,00;54.32;26,61;0,06;;31
09/09/26;AMADEUS;CALL;Sep-26;59,00;54.32;26,42;0,02;3;3
09/09/26;AMADEUS;CALL;Sep-26;60,00;54.32;26,23;0,01;;27
09/09/26;AMADEUS;CALL;Sep-26;62,00;54.32;25,85;;;1.001
09/09/26;AMADEUS;CALL;Sep-26;64,00;54.32;25,47;;;2
09/09/26;AMADEUS;CALL;Sep-26;66,00;54.32;25,09;;;7
09/09/26;AMADEUS;CALL;Sep-26;70,00;54.32;24,33;;;31
09/09/26;AMADEUS;CALL;Sep-26;72,00;54.32;23,95;;;25
09/09/26;AMADEUS;CALL;Sep-26;74,00;54.32;23,57;;;25
09/09/26;AMADEUS;CALL;Sep-26;84,00;54.32;21,66;;;24
09/09/26;AMADEUS;CALL;Oct-26;48,00;54.32;32,29;0,90;;1
09/09/26;AMADEUS;CALL;Oct-26;56,00;54.32;27,87;0,39;;1
09/09/26;AMADEUS;CALL;Oct-26;60,00;54.32;27,13;0,14;3;5
09/09/26;AMADEUS;CALL;Oct-26;62,00;54.32;26,77;0,07;;992
09/09/26;AMADEUS;CALL;Oct-26;64,00;54.32;26,40;0,03;;1.302
09/09/26;AMADEUS;CALL;Oct-26;66,00;54.32;26,03;0,01;;2
09/09/26;AMADEUS;CALL;Nov-26;58,00;54.32;27,73;0,33;;1
09/09/26;AMADEUS;CALL;Nov-26;60,00;54.32;27,37;0,24;;50
09/09/26;AMADEUS;CALL;Nov-26;64,00;54.32;26,66;0,10;;468
09/09/26;AMADEUS;CALL;Nov-26;66,00;54.32;26,30;0,06;;443
09/09/26;AMADEUS;CALL;Nov-26;68,00;54.32;25,95;0,03;;1
09/09/26;AMADEUS;CALL;Dic-26;38,00;54.32;38,31;0,97;;4
09/09/26;AMADEUS;CALL;Dic-26;39,00;54.32;37,68;0,97;;25
09/09/26;AMADEUS;CALL;Dic-26;40,00;54.32;37,05;0,96;;11
09/09/26;AMADEUS;CALL;Dic-26;45,00;54.32;33,92;0,88;;11
09/09/26;AMADEUS;CALL;Dic-26;49,00;54.32;31,42;0,77;;1
09/09/26;AMADEUS;CALL;Dic-26;50,00;54.32;30,79;0,74;;13
09/09/26;AMADEUS;CALL;Dic-26;52,00;54.32;29,54;0,66;;500
09/09/26;AMADEUS;CALL;Dic-26;54,00;54.32;28,29;0,56;;13
09/09/26;AMADEUS;CALL;Dic-26;56,00;54.32;27,88;0,47;;26
09/09/26;AMADEUS;CALL;Dic-26;58,00;54.32;27,64;0,37;;25
09/09/26;AMADEUS;CALL;Dic-26;60,00;54.32;27,39;0,28;;501
09/09/26;AMADEUS;CALL;Dic-26;62,00;54.32;27,15;0,21;;25
09/09/26;AMADEUS;CALL;Dic-26;64,00;54.32;26,90;0,15;;27
09/09/26;AMADEUS;CALL;Dic-26;66,00;54.32;26,66;0,10;;73
09/09/26;AMADEUS;CALL;Dic-26;68,00;54.32;26,41;0,07;;25
09/09/26;AMADEUS;CALL;Dic-26;70,00;54.32;26,17;0,04;;1
09/09/26;AMADEUS;CALL;Dic-26;72,00;54.32;25,92;0,02;;28
09/09/26;AMADEUS;CALL;Dic-26;74,00;54.32;25,67;0,01;;6
09/09/26;AMADEUS;CALL;Dic-26;90,00;54.32;23,71;;;3
09/09/26;AMADEUS;CALL;Mar-27;40,00;54.32;36,52;0,92;;1
09/09/26;AMADEUS;CALL;Mar-27;52,00;54.32;29,60;0,64;;25
09/09/26;AMADEUS;CALL;Mar-27;54,00;54.32;28,44;0,57;;500
09/09/26;AMADEUS;CALL;Mar-27;56,00;54.32;28,11;0,49;;63
09/09/26;AMADEUS;CALL;Mar-27;58,00;54.32;27,92;0,42;;60
09/09/26;AMADEUS;CALL;Mar-27;60,00;54.32;27,74;0,35;;1
09/09/26;AMADEUS;CALL;Mar-27;62,00;54.32;27,55;0,29;;300
09/09/26;AMADEUS;CALL;Mar-27;64,00;54.32;27,37;0,24;;10
09/09/26;AMADEUS;CALL;Mar-27;66,00;54.32;27,18;0,19;;3
09/09/26;AMADEUS;CALL;Jun-27;40,00;54.32;35,74;0,88;;1
09/09/26;AMADEUS;CALL;Jun-27;50,00;54.32;30,70;0,68;;1
09/09/26;AMADEUS;CALL;Jun-27;52,00;54.32;29,70;0,63;4;29
09/09/26;AMADEUS;CALL;Jun-27;58,00;54.32;28,08;0,46;;25
09/09/26;AMADEUS;CALL;Jun-27;60,00;54.32;27,83;0,41;1;25
09/09/26;AMADEUS;CALL;Jun-27;62,00;54.32;27,59;0,35;;50
09/09/26;AMADEUS;CALL;Jun-27;64,00;54.32;27,34;0,30;;26
09/09/26;AMADEUS;CALL;Jun-27;66,00;54.32;27,10;0,26;;50
09/09/26;AMADEUS;CALL;Jun-27;68,00;54.32;26,85;0,22;;85
09/09/26;AMADEUS;CALL;Jun-27;72,00;54.32;26,36;0,15;;1
09/09/26;AMADEUS;CALL;Sep-27;49,00;54.32;31,61;0,70;;5
09/09/26;AMADEUS;CALL;Sep-27;66,00;54.32;27,54;0,29;;26
09/09/26;AMADEUS;CALL;Dic-27;56,00;54.32;29,41;0,54;;25
09/09/26;AMADEUS;CALL;Dic-27;60,00;54.32;28,87;0,45;;25
09/09/26;AMADEUS;CALL;Dic-27;72,00;54.32;27,25;0,23;;6
09/09/26;AMADEUS;PUT;Sep-26;38,00;54.32;39,65;;;8
09/09/26;AMADEUS;PUT;Sep-26;39,00;54.32;38,98;;;6
09/09/26;AMADEUS;PUT;Sep-26;40,00;54.32;38,31;;;1
09/09/26;AMADEUS;PUT;Sep-26;41,00;54.32;37,64;;;25
09/09/26;AMADEUS;PUT;Sep-26;42,00;54.32;36,97;;;717
09/09/26;AMADEUS;PUT;Sep-26;43,00;54.32;36,30;;;15
09/09/26;AMADEUS;PUT;Sep-26;44,00;54.32;35,63;;;230
09/09/26;AMADEUS;PUT;Sep-26;45,00;54.32;34,96;;;109
09/09/26;AMADEUS;PUT;Sep-26;46,00;54.32;34,30;;;3.537
09/09/26;AMADEUS;PUT;Sep-26;47,00;54.32;33,63;;;202
09/09/26;AMADEUS;PUT;Sep-26;48,00;54.32;32,96;-0,01;;94
09/09/26;AMADEUS;PUT;Sep-26;49,00;54.32;32,29;-0,02;;56
09/09/26;AMADEUS;PUT;Sep-26;50,00;54.32;31,62;-0,04;;30
09/09/26;AMADEUS;PUT;Sep-26;52,00;54.32;30,28;-0,17;;25
09/09/26;AMADEUS;PUT;Sep-26;54,00;54.32;28,94;-0,44;;33
09/09/26;AMADEUS;PUT;Sep-26;56,00;54.32;28,41;-0,74;;3
09/09/26;AMADEUS;PUT;Sep-26;58,00;54.32;28,03;-0,93;;25
09/09/26;AMADEUS;PUT;Sep-26;60,00;54.32;27,65;-1,00;;28
09/09/26;AMADEUS;PUT;Sep-26;66,00;54.32;26,51;-1,00;;25
09/09/26;AMADEUS;PUT;Sep-26;68,00;54.32;26,13;-1,00;;50
09/09/26;AMADEUS;PUT;Sep-26;70,00;54.32;25,75;-1,00;;50
09/09/26;AMADEUS;PUT;Oct-26;36,00;54.32;40,55;;;18
09/09/26;AMADEUS;PUT;Oct-26;39,00;54.32;38,60;;;2
09/09/26;AMADEUS;PUT;Oct-26;40,00;54.32;37,94;;;526
09/09/26;AMADEUS;PUT;Oct-26;45,00;54.32;34,69;-0,04;;1
09/09/26;AMADEUS;PUT;Oct-26;47,00;54.32;33,39;-0,08;2;2
09/09/26;AMADEUS;PUT;Oct-26;48,00;54.32;32,74;-0,10;;4
09/09/26;AMADEUS;PUT;Oct-26;49,00;54.32;32,09;-0,14;;1
09/09/26;AMADEUS;PUT;Oct-26;50,00;54.32;31,44;-0,18;1;4
09/09/26;AMADEUS;PUT;Oct-26;52,00;54.32;30,14;-0,30;;7
09/09/26;AMADEUS;PUT;Oct-26;54,00;54.32;28,84;-0,45;;2
09/09/26;AMADEUS;PUT;Oct-26;58,00;54.32;27,95;-0,75;;10
09/09/26;AMADEUS;PUT;Nov-26;52,00;54.32;29,67;-0,34;1;3
09/09/26;AMADEUS;PUT;Nov-26;54,00;54.32;28,37;-0,45;;2
09/09/26;AMADEUS;PUT;Dic-26;38,00;54.32;38,11;-0,03;;54
09/09/26;AMADEUS;PUT;Dic-26;39,00;54.32;37,48;-0,03;;174
09/09/26;AMADEUS;PUT;Dic-26;40,00;54.32;36,85;-0,04;;103
09/09/26;AMADEUS;PUT;Dic-26;42,00;54.32;35,60;-0,07;;2
09/09/26;AMADEUS;PUT;Dic-26;43,00;54.32;34,98;-0,08;;56
09/09/26;AMADEUS;PUT;Dic-26;44,00;54.32;34,35;-0,10;;15
09/09/26;AMADEUS;PUT;Dic-26;45,00;54.32;33,72;-0,12;;78
09/09/26;AMADEUS;PUT;Dic-26;46,00;54.32;33,10;-0,14;;38
09/09/26;AMADEUS;PUT;Dic-26;47,00;54.32;32,47;-0,17;;100
09/09/26;AMADEUS;PUT;Dic-26;48,00;54.32;31,85;-0,20;;2.022
09/09/26;AMADEUS;PUT;Dic-26;49,00;54.32;31,22;-0,23;;15
09/09/26;AMADEUS;PUT;Dic-26;50,00;54.32;30,59;-0,26;;868
09/09/26;AMADEUS;PUT;Dic-26;52,00;54.32;29,34;-0,35;;539
09/09/26;AMADEUS;PUT;Dic-26;54,00;54.32;28,09;-0,44;;91
09/09/26;AMADEUS;PUT;Dic-26;56,00;54.32;27,68;-0,54;;12
09/09/26;AMADEUS;PUT;Dic-26;58,00;54.32;27,44;-0,64;;1
09/09/26;AMADEUS;PUT;Dic-26;60,00;54.32;27,19;-0,73;;26
09/09/26;AMADEUS;PUT;Dic-26;62,00;54.32;26,95;-0,81;;3
09/09/26;AMADEUS;PUT;Dic-26;64,00;54.32;26,70;-0,88;;1
09/09/26;AMADEUS;PUT;Dic-26;68,00;54.32;26,21;-0,97;;25
09/09/26;AMADEUS;PUT;Dic-26;70,00;54.32;25,97;-1,00;;25
09/09/26;AMADEUS;PUT;Mar-27;38,00;54.32;36,48;-0,07;;116
09/09/26;AMADEUS;PUT;Mar-27;39,00;54.32;35,91;-0,08;;55
09/09/26;AMADEUS;PUT;Mar-27;40,00;54.32;35,33;-0,09;;3
09/09/26;AMADEUS;PUT;Mar-27;41,00;54.32;34,75;-0,11;;54
09/09/26;AMADEUS;PUT;Mar-27;42,00;54.32;34,18;-0,12;;2
09/09/26;AMADEUS;PUT;Mar-27;45,00;54.32;32,45;-0,18;2;7
09/09/26;AMADEUS;PUT;Mar-27;46,00;54.32;31,87;-0,20;;10
09/09/26;AMADEUS;PUT;Mar-27;47,00;54.32;31,29;-0,22;;13
09/09/26;AMADEUS;PUT;Mar-27;48,00;54.32;30,72;-0,25;;515
09/09/26;AMADEUS;PUT;Mar-27;49,00;54.32;30,14;-0,28;;15
09/09/26;AMADEUS;PUT;Mar-27;50,00;54.32;29,56;-0,31;;1
09/09/26;AMADEUS;PUT;Mar-27;52,00;54.32;28,41;-0,38;;3
09/09/26;AMADEUS;PUT;Mar-27;54,00;54.32;27,25;-0,45;;11
09/09/26;AMADEUS;PUT;Mar-27;62,00;54.32;26,36;-0,73;;1
09/09/26;AMADEUS;PUT;Jun-27;38,00;54.32;35,46;-0,09;;65
09/09/26;AMADEUS;PUT;Jun-27;39,00;54.32;34,96;-0,11;;10
09/09/26;AMADEUS;PUT;Jun-27;42,00;54.32;33,45;-0,15;;25
09/09/26;AMADEUS;PUT;Jun-27;43,00;54.32;32,95;-0,17;;25
09/09/26;AMADEUS;PUT;Jun-27;44,00;54.32;32,44;-0,18;;3
09/09/26;AMADEUS;PUT;Jun-27;45,00;54.32;31,94;-0,20;;1
09/09/26;AMADEUS;PUT;Jun-27;46,00;54.32;31,44;-0,22;;25
09/09/26;AMADEUS;PUT;Jun-27;47,00;54.32;30,93;-0,25;;25
09/09/26;AMADEUS;PUT;Jun-27;48,00;54.32;30,43;-0,27;;53
09/09/26;AMADEUS;PUT;Jun-27;49,00;54.32;29,93;-0,29;;3
09/09/26;AMADEUS;PUT;Jun-27;50,00;54.32;29,42;-0,32;;24
09/09/26;AMADEUS;PUT;Jun-27;52,00;54.32;28,42;-0,38;;7
09/09/26;AMADEUS;PUT;Jun-27;54,00;54.32;27,41;-0,44;4;17
09/09/26;AMADEUS;PUT;Jun-27;60,00;54.32;26,55;-0,62;;11
09/09/26;AMADEUS;PUT;Sep-27;52,00;54.32;27,96;-0,39;;1
09/09/26;AMADEUS;PUT;Sep-27;54,00;54.32;27,07;-0,45;;12
09/09/26;AMADEUS;PUT;Dic-27;46,00;54.32;30,09;-0,26;;50
09/09/26;AMADEUS;PUT;Dic-27;47,00;54.32;29,69;-0,28;;25
09/09/26;AMADEUS;PUT;Dic-27;48,00;54.32;29,29;-0,30;;51
09/09/26;AMADEUS;PUT;Dic-27;50,00;54.32;28,49;-0,34;;7
09/09/26;AMADEUS;PUT;Dic-27;52,00;54.32;27,70;-0,39;;3
09/09/26;AMADEUS;PUT;Dic-27;58,00;54.32;26,27;-0,54;;1
09/09/26;AMADEUS;PUT;Mar-28;49,00;54.32;28,21;-0,32;;1
09/09/26;AMADEUS;PUT;Jun-28;46,00;54.32;28,79;-0,27;;2
09/09/26;AMADEUS;PUT;Jun-28;48,00;54.32;28,16;-0,30;;6
09/09/26;AMADEUS;PUT;Jun-28;56,00;54.32;25,96;-0,47;;1
09/09/26;AMADEUS;PUT;Jun-28;60,00;54.32;25,55;-0,56;;3
09/09/26;AMADEUS;PUT;Jun-28;62,00;54.32;25,34;-0,60;;3
09/09/26;AMADEUS;PUT;Jun-28;70,00;54.32;24,50;-0,76;;2
09/09/26;AMADEUS;PUT;Sep-28;46,00;54.32;28,31;-0,28;;2
09/09/26;AMADEUS;PUT;Dic-26;44,00;54.32;34,35;-0,10;;1
09/09/26;AMADEUS;PUT;Dic-26;46,00;54.32;33,10;-0,14;;1
09/09/26;AMADEUS;PUT;Dic-26;56,00;54.32;27,68;-0,53;1;1
09/09/26;AMADEUS;PUT;Sep-27;60,00;54.32;26,09;-0,58;;1
09/09/26;ARCELORMITTAL;CALL;Sep-26;40,00;66.42;50,67;1,00;;25
09/09/26;ARCELORMITTAL;CALL;Sep-26;52,00;66.42;47,18;1,00;;2
09/09/26;ARCELORMITTAL;CALL;Sep-26;58,00;66.42;45,43;0,97;;2
09/09/26;ARCELORMITTAL;CALL;Sep-26;62,00;66.42;44,27;0,85;;74
09/09/26;ARCELORMITTAL;CALL;Sep-26;64,00;66.42;43,68;0,72;;28
09/09/26;ARCELORMITTAL;CALL;Sep-26;66,00;66.42;43,10;0,55;;8
09/09/26;ARCELORMITTAL;CALL;Sep-26;68,00;66.42;41,75;0,38;;9
09/09/26;ARCELORMITTAL;CALL;Sep-26;70,00;66.42;40,20;0,21;;114
09/09/26;ARCELORMITTAL;CALL;Sep-26;74,00;66.42;37,08;0,03;;25
09/09/26;ARCELORMITTAL;CALL;Sep-26;76,00;66.42;35,53;0,01;;75
09/09/26;ARCELORMITTAL;CALL;Sep-26;78,00;66.42;33,97;;;100
09/09/26;ARCELORMITTAL;CALL;Sep-26;80,00;66.42;32,42;;;50
09/09/26;ARCELORMITTAL;CALL;Sep-26;84,00;66.42;29,30;;;104
09/09/26;ARCELORMITTAL;CALL;Oct-26;52,00;66.42;47,00;0,96;4;1
09/09/26;ARCELORMITTAL;CALL;Oct-26;64,00;66.42;43,57;0,64;6;22
09/09/26;ARCELORMITTAL;CALL;Oct-26;66,00;66.42;43,00;0,55;1;2
09/09/26;ARCELORMITTAL;CALL;Oct-26;68,00;66.42;42,17;0,46;;2
09/09/26;ARCELORMITTAL;CALL;Oct-26;70,00;66.42;41,26;0,38;;37
09/09/26;ARCELORMITTAL;CALL;Oct-26;74,00;66.42;39,46;0,22;;3
09/09/26;ARCELORMITTAL;CALL;Nov-26;68,00;66.42;44,49;0,50;;1
09/09/26;ARCELORMITTAL;CALL;Nov-26;76,00;66.42;42,09;0,27;;1
09/09/26;ARCELORMITTAL;CALL;Dic-26;26,00;66.42;55,27;1,00;;4
09/09/26;ARCELORMITTAL;CALL;Dic-26;35,00;66.42;52,83;0,99;;3
09/09/26;ARCELORMITTAL;CALL;Dic-26;40,00;66.42;51,48;0,98;;2
09/09/26;ARCELORMITTAL;CALL;Dic-26;45,00;66.42;50,12;0,95;;10
09/09/26;ARCELORMITTAL;CALL;Dic-26;50,00;66.42;48,77;0,90;;149
09/09/26;ARCELORMITTAL;CALL;Dic-26;56,00;66.42;47,14;0,80;;1
09/09/26;ARCELORMITTAL;CALL;Dic-26;60,00;66.42;46,06;0,71;;10
09/09/26;ARCELORMITTAL;CALL;Dic-26;70,00;66.42;43,91;0,46;;26
09/09/26;ARCELORMITTAL;CALL;Dic-26;72,00;66.42;43,68;0,42;;53
09/09/26;ARCELORMITTAL;CALL;Dic-26;74,00;66.42;43,45;0,37;;5
09/09/26;ARCELORMITTAL;CALL;Dic-26;76,00;66.42;43,21;0,32;;30
09/09/26;ARCELORMITTAL;CALL;Dic-26;88,00;66.42;41,83;0,13;;25
09/09/26;ARCELORMITTAL;CALL;Jun-27;21,00;66.42;53,25;1,00;;3
09/09/26;ARCELORMITTAL;CALL;Dic-29;30,00;66.42;37,41;0,95;;1
09/09/26;ARCELORMITTAL;PUT;Sep-26;24,00;66.42;52,68;;;1
09/09/26;ARCELORMITTAL;PUT;Sep-26;38,00;66.42;48,60;;;5
09/09/26;ARCELORMITTAL;PUT;Sep-26;40,00;66.42;48,02;;;2
09/09/26;ARCELORMITTAL;PUT;Sep-26;44,00;66.42;46,86;;;25
09/09/26;ARCELORMITTAL;PUT;Sep-26;45,00;66.42;46,56;;;50
09/09/26;ARCELORMITTAL;PUT;Sep-26;46,00;66.42;46,27;;;25
09/09/26;ARCELORMITTAL;PUT;Sep-26;54,00;66.42;43,95;;;1
09/09/26;ARCELORMITTAL;PUT;Sep-26;56,00;66.42;43,36;-0,01;;1
09/09/26;ARCELORMITTAL;PUT;Sep-26;58,00;66.42;42,78;-0,02;;42
09/09/26;ARCELORMITTAL;PUT;Sep-26;62,00;66.42;41,62;-0,14;;3
09/09/26;ARCELORMITTAL;PUT;Sep-26;64,00;66.42;41,03;-0,27;2;2
09/09/26;ARCELORMITTAL;PUT;Sep-26;66,00;66.42;40,45;-0,45;;40
09/09/26;ARCELORMITTAL;PUT;Sep-26;68,00;66.42;39,10;-0,63;;25
09/09/26;ARCELORMITTAL;PUT;Oct-26;50,00;66.42;45,78;-0,02;;25
09/09/26;ARCELORMITTAL;PUT;Oct-26;62,00;66.42;42,34;-0,28;;10
09/09/26;ARCELORMITTAL;PUT;Nov-26;62,00;66.42;44,50;-0,32;;1
09/09/26;ARCELORMITTAL;PUT;Dic-26;34,00;66.42;51,78;;;5
09/09/26;ARCELORMITTAL;PUT;Dic-26;35,00;66.42;51,50;-0,01;;5
09/09/26;ARCELORMITTAL;PUT;Dic-26;37,00;66.42;50,96;-0,01;;5
09/09/26;ARCELORMITTAL;PUT;Dic-26;39,00;66.42;50,42;-0,01;;1
09/09/26;ARCELORMITTAL;PUT;Dic-26;40,00;66.42;50,15;-0,02;;3
09/09/26;ARCELORMITTAL;PUT;Dic-26;45,00;66.42;48,79;-0,05;;32
09/09/26;ARCELORMITTAL;PUT;Dic-26;46,00;66.42;48,52;-0,06;;1
09/09/26;ARCELORMITTAL;PUT;Dic-26;49,00;66.42;47,71;-0,09;;50
09/09/26;ARCELORMITTAL;PUT;Dic-26;50,00;66.42;47,44;-0,10;;25
09/09/26;ARCELORMITTAL;PUT;Dic-26;54,00;66.42;46,36;-0,16;;5
09/09/26;ARCELORMITTAL;PUT;Dic-26;60,00;66.42;44,73;-0,29;;115
09/09/26;ARCELORMITTAL;PUT;Dic-26;62,00;66.42;44,19;-0,33;;20
09/09/26;ARCELORMITTAL;PUT;Mar-27;36,00;66.42;48,30;-0,03;;5
09/09/26;ARCELORMITTAL;PUT;Mar-27;38,00;66.42;47,89;-0,04;25;26
09/09/26;ARCELORMITTAL;PUT;Mar-27;40,00;66.42;47,48;-0,05;25;25
09/09/26;ARCELORMITTAL;PUT;Dic-27;24,00;66.42;44,36;-0,01;;1
09/09/26;ARCELORMITTAL;PUT;Dic-30;44,00;66.42;34,30;-0,15;;1
09/09/26;ATRESMEDIA;CALL;Sep-26;5,00;5.11;20,32;0,76;;1
09/09/26;ATRESMEDIA;CALL;Sep-26;5,25;5.11;19,01;0,19;;1
09/09/26;ATRESMEDIA;CALL;Sep-26;5,50;5.11;17,46;;;1
09/09/26;ATRESMEDIA;CALL;Oct-26;5,25;5.11;22,62;0,38;;24
09/09/26;ATRESMEDIA;CALL;Dic-26;5,25;5.11;23,16;0,45;;11
09/09/26;ATRESMEDIA;CALL;Dic-26;5,30;5.11;22,86;0,42;;1
09/09/26;ATRESMEDIA;CALL;Dic-26;5,50;5.11;21,69;0,29;;6
09/09/26;ATRESMEDIA;CALL;Dic-26;5,75;5.11;20,22;0,14;;10
09/09/26;ATRESMEDIA;CALL;Dic-26;6,00;5.11;18,75;0,05;;2
09/09/26;ATRESMEDIA;CALL;Mar-27;3,40;5.11;28,85;1,00;;2
09/09/26;ATRESMEDIA;CALL;Mar-27;5,00;5.11;24,26;0,59;;32
09/09/26;ATRESMEDIA;PUT;Sep-26;4,60;5.11;16,77;;;3
09/09/26;ATRESMEDIA;PUT;Sep-26;4,80;5.11;15,96;-0,01;;4
09/09/26;ATRESMEDIA;PUT;Sep-26;4,90;5.11;15,56;-0,04;;1
09/09/26;ATRESMEDIA;PUT;Dic-26;4,50;5.11;21,13;-0,17;;18
09/09/26;ATRESMEDIA;PUT;Dic-26;5,00;5.11;19,01;-0,51;;3
09/09/26;ATRESMEDIA;PUT;Dic-26;5,50;5.11;16,25;-0,88;;25
09/09/26;ATRESMEDIA;PUT;Dic-26;6,00;5.11;13,31;-1,00;;20
09/09/26;ATRESMEDIA;PUT;Mar-27;4,50;5.11;22,08;-0,23;;5
09/09/26;ATRESMEDIA;PUT;Jun-27;4,00;5.11;25,41;-0,18;;5
09/09/26;ATRESMEDIA;PUT;Jun-27;4,50;5.11;24,43;-0,35;;2
09/09/26;ATRESMEDIA;PUT;Jun-27;4,60;5.11;24,24;-0,39;;2
09/09/26;B.SABADELL;CALL;Sep-26;2,14;3.67;30,37;1,00;;117
09/09/26;B.SABADELL;CALL;Sep-26;2,56;3.67;29,11;1,00;;20
09/09/26;B.SABADELL;CALL;Sep-26;2,91;3.67;28,06;1,00;;52
09/09/26;B.SABADELL;CALL;Sep-26;2,99;3.67;27,82;1,00;;30
09/09/26;B.SABADELL;CALL;Sep-26;3,16;3.67;27,31;1,00;;2
09/09/26;B.SABADELL;CALL;Sep-26;3,25;3.67;27,04;1,00;;300
09/09/26;B.SABADELL;CALL;Sep-26;3,33;3.67;26,80;0,99;;8
09/09/26;B.SABADELL;CALL;Sep-26;3,42;3.67;26,53;0,96;;8
09/09/26;B.SABADELL;CALL;Sep-26;3,50;3.67;26,30;0,88;9;49
09/09/26;B.SABADELL;CALL;Sep-26;3,59;3.67;26,03;0,72;;12
09/09/26;B.SABADELL;CALL;Sep-26;3,68;3.67;25,75;0,49;;1
09/09/26;B.SABADELL;CALL;Oct-26;3,59;3.67;26,96;0,63;;1
09/09/26;B.SABADELL;CALL;Dic-26;2,48;3.67;29,40;1,00;;50
09/09/26;B.SABADELL;CALL;Dic-26;2,74;3.67;28,57;0,98;;28
09/09/26;B.SABADELL;CALL;Dic-26;2,82;3.67;28,32;0,97;;3
09/09/26;B.SABADELL;CALL;Dic-26;2,99;3.67;27,78;0,94;;7
09/09/26;B.SABADELL;CALL;Dic-26;3,08;3.67;27,49;0,91;;664
09/09/26;B.SABADELL;CALL;Dic-26;3,25;3.67;26,95;0,84;;11
09/09/26;B.SABADELL;CALL;Dic-26;3,33;3.67;26,70;0,79;;10
09/09/26;B.SABADELL;CALL;Dic-26;3,50;3.67;26,16;0,68;;10
09/09/26;B.SABADELL;CALL;Dic-26;3,59;3.67;25,87;0,61;;41
09/09/26;B.SABADELL;CALL;Dic-26;3,68;3.67;25,58;0,54;;25
09/09/26;B.SABADELL;CALL;Dic-26;3,85;3.67;25,03;0,40;;40
09/09/26;B.SABADELL;CALL;Mar-27;2,22;3.67;30,54;1,00;;20
09/09/26;B.SABADELL;CALL;Mar-27;2,74;3.67;29,17;0,96;;10
09/09/26;B.SABADELL;CALL;Mar-27;2,91;3.67;28,73;0,92;;38
09/09/26;B.SABADELL;CALL;Mar-27;3,16;3.67;28,07;0,82;;80
09/09/26;B.SABADELL;CALL;Mar-27;3,33;3.67;27,62;0,74;;2
09/09/26;B.SABADELL;CALL;Mar-27;3,42;3.67;27,38;0,69;;9
09/09/26;B.SABADELL;CALL;Mar-27;3,50;3.67;27,17;0,64;;3
09/09/26;B.SABADELL;CALL;Mar-27;3,59;3.67;26,94;0,59;;50
09/09/26;B.SABADELL;CALL;Mar-27;3,93;3.67;25,97;0,39;;100
09/09/26;B.SABADELL;CALL;Jun-27;2,99;3.67;30,60;0,85;;6
09/09/26;B.SABADELL;CALL;Jun-27;3,33;3.67;29,80;0,70;;90
09/09/26;B.SABADELL;CALL;Jun-27;3,59;3.67;29,18;0,58;;2
09/09/26;B.SABADELL;CALL;Jun-27;3,68;3.67;28,97;0,54;;4
09/09/26;B.SABADELL;CALL;Jun-27;3,76;3.67;28,77;0,50;;3
09/09/26;B.SABADELL;CALL;Jun-27;3,93;3.67;28,36;0,42;;1
09/09/26;B.SABADELL;CALL;Jun-27;4,02;3.67;28,14;0,39;;11
09/09/26;B.SABADELL;PUT;Sep-26;2,22;3.67;22,23;;;5.249
09/09/26;B.SABADELL;PUT;Sep-26;2,48;3.67;21,45;;;1
09/09/26;B.SABADELL;PUT;Sep-26;2,65;3.67;20,94;;;26
09/09/26;B.SABADELL;PUT;Sep-26;2,74;3.67;20,67;;;23
09/09/26;B.SABADELL;PUT;Sep-26;2,82;3.67;20,43;;;5
09/09/26;B.SABADELL;PUT;Sep-26;2,91;3.67;20,16;;;5
09/09/26;B.SABADELL;PUT;Sep-26;2,99;3.67;19,92;;;15
09/09/26;B.SABADELL;PUT;Sep-26;3,08;3.67;19,65;;;30
09/09/26;B.SABADELL;PUT;Sep-26;3,16;3.67;19,41;;;5
09/09/26;B.SABADELL;PUT;Sep-26;3,33;3.67;18,90;;;30
09/09/26;B.SABADELL;PUT;Sep-26;3,50;3.67;18,40;-0,05;;62
09/09/26;B.SABADELL;PUT;Sep-26;3,59;3.67;18,13;-0,21;;1
09/09/26;B.SABADELL;PUT;Sep-26;3,68;3.67;17,85;-0,52;;1
09/09/26;B.SABADELL;PUT;Nov-26;3,42;3.67;22,42;-0,21;;5
09/09/26;B.SABADELL;PUT;Dic-26;2,48;3.67;26,17;;;411
09/09/26;B.SABADELL;PUT;Dic-26;2,56;3.67;25,91;;;10
09/09/26;B.SABADELL;PUT;Dic-26;2,65;3.67;25,63;-0,01;;10
09/09/26;B.SABADELL;PUT;Dic-26;2,74;3.67;25,34;-0,01;;20
09/09/26;B.SABADELL;PUT;Dic-26;2,82;3.67;25,09;-0,02;;21
09/09/26;B.SABADELL;PUT;Dic-26;2,91;3.67;24,80;-0,03;;2
09/09/26;B.SABADELL;PUT;Dic-26;2,99;3.67;24,55;-0,04;;10
09/09/26;B.SABADELL;PUT;Dic-26;3,08;3.67;24,26;-0,07;;52
09/09/26;B.SABADELL;PUT;Dic-26;3,16;3.67;24,01;-0,10;;60
09/09/26;B.SABADELL;PUT;Dic-26;3,42;3.67;23,18;-0,24;;40
09/09/26;B.SABADELL;PUT;Dic-26;3,50;3.67;22,93;-0,31;;50
09/09/26;B.SABADELL;PUT;Dic-26;3,68;3.67;22,35;-0,47;;40
09/09/26;B.SABADELL;PUT;Mar-27;2,48;3.67;26,81;-0,02;;1
09/09/26;B.SABADELL;PUT;Mar-27;2,65;3.67;26,36;-0,04;;20
09/09/26;B.SABADELL;PUT;Mar-27;2,82;3.67;25,91;-0,07;;113
09/09/26;B.SABADELL;PUT;Mar-27;2,99;3.67;25,47;-0,12;;205
09/09/26;B.SABADELL;PUT;Mar-27;3,08;3.67;25,23;-0,15;;200
09/09/26;B.SABADELL;PUT;Mar-27;3,33;3.67;24,57;-0,28;;141
09/09/26;B.SABADELL;PUT;Mar-27;3,42;3.67;24,33;-0,33;;3
09/09/26;B.SABADELL;PUT;Mar-27;3,59;3.67;23,89;-0,44;;100
09/09/26;B.SABADELL;PUT;Jun-27;2,74;3.67;26,87;-0,10;;5
09/09/26;B.SABADELL;PUT;Jun-27;2,99;3.67;26,28;-0,18;5;5
09/09/26;B.SABADELL;PUT;Sep-27;2,39;3.67;27,95;-0,06;;5
09/09/26;B.SABADELL;PUT;Dic-27;2,74;3.67;27,36;-0,15;;1.538
09/09/26;B.SABADELL;PUT;Dic-27;2,82;3.67;27,19;-0,18;;3.026
09/09/26;B.SABADELL;PUT;Mar-28;2,56;3.67;29,22;-0,14;;830
09/09/26;B.SABADELL;PUT;Mar-28;2,74;3.67;28,91;-0,19;;769
09/09/26;B.SABADELL;PUT;Mar-28;2,82;3.67;28,77;-0,21;;758
09/09/26;B.SABADELL;PUT;Mar-28;2,91;3.67;28,61;-0,23;;742
09/09/26;B.SABADELL;PUT;Dic-26;2,48;3.67;26,17;;;10
09/09/26;BANKINTER;CALL;Sep-26;13,50;16.56;27,12;1,00;;3
09/09/26;BANKINTER;CALL;Sep-26;14,00;16.56;26,06;1,00;;9
09/09/26;BANKINTER;CALL;Sep-26;14,50;16.56;25,00;1,00;;1
09/09/26;BANKINTER;CALL;Sep-26;15,00;16.56;23,95;1,00;;2
09/09/26;BANKINTER;CALL;Sep-26;16,50;16.56;20,78;0,56;;10
09/09/26;BANKINTER;CALL;Oct-26;15,00;16.56;26,07;0,90;;10
09/09/26;BANKINTER;CALL;Oct-26;17,50;16.56;22,47;0,24;;10
09/09/26;BANKINTER;CALL;Dic-26;13,50;16.56;29,84;0,94;;11
09/09/26;BANKINTER;CALL;Dic-26;14,00;16.56;28,84;0,91;;2
09/09/26;BANKINTER;CALL;Dic-26;15,00;16.56;26,85;0,81;;10
09/09/26;BANKINTER;CALL;Dic-26;15,50;16.56;25,85;0,74;;10
09/09/26;BANKINTER;CALL;Dic-26;16,00;16.56;24,86;0,65;;50
09/09/26;BANKINTER;CALL;Dic-26;17,00;16.56;23,61;0,45;;100
09/09/26;BANKINTER;CALL;Mar-27;15,00;16.56;27,16;0,74;;21
09/09/26;BANKINTER;CALL;Mar-27;16,50;16.56;24,69;0,54;;100
09/09/26;BANKINTER;CALL;Mar-27;17,00;16.56;24,47;0,47;;100
09/09/26;BANKINTER;CALL;Jun-27;14,50;16.56;28,30;0,75;;1
09/09/26;BANKINTER;CALL;Jun-27;15,50;16.56;26,87;0,65;;1
09/09/26;BANKINTER;CALL;Jun-27;16,00;16.56;26,16;0,60;;25
09/09/26;BANKINTER;CALL;Jun-27;16,50;16.56;25,45;0,54;;1
09/09/26;BANKINTER;CALL;Dic-27;14,50;16.56;27,75;0,72;;3
09/09/26;BANKINTER;CALL;Dic-27;15,50;16.56;26,64;0,64;;1
09/09/26;BANKINTER;CALL;Dic-27;17,00;16.56;25,37;0,51;;25
09/09/26;BANKINTER;PUT;Sep-26;6,50;16.56;41,86;;;31
09/09/26;BANKINTER;PUT;Sep-26;7,00;16.56;40,81;;;1
09/09/26;BANKINTER;PUT;Sep-26;10,50;16.56;33,41;;;3
09/09/26;BANKINTER;PUT;Sep-26;11,00;16.56;32,35;;;3
09/09/26;BANKINTER;PUT;Sep-26;11,50;16.56;31,29;;;4
09/09/26;BANKINTER;PUT;Sep-26;12,50;16.56;29,18;;;2
09/09/26;BANKINTER;PUT;Sep-26;13,00;16.56;28,12;;;20
09/09/26;BANKINTER;PUT;Sep-26;13,50;16.56;27,07;;;10
09/09/26;BANKINTER;PUT;Sep-26;14,00;16.56;26,01;;;10
09/09/26;BANKINTER;PUT;Sep-26;15,00;16.56;23,90;;;5
09/09/26;BANKINTER;PUT;Sep-26;15,50;16.56;22,84;-0,03;;20
09/09/26;BANKINTER;PUT;Sep-26;16,50;16.56;20,73;-0,44;;3
09/09/26;BANKINTER;PUT;Oct-26;14,50;16.56;26,86;-0,05;;10
09/09/26;BANKINTER;PUT;Oct-26;16,50;16.56;22,64;-0,46;25;25
09/09/26;BANKINTER;PUT;Dic-26;7,25;16.56;41,22;;;1
09/09/26;BANKINTER;PUT;Dic-26;11,00;16.56;33,75;-0,01;;1
09/09/26;BANKINTER;PUT;Dic-26;12,00;16.56;31,76;-0,03;;1.020
09/09/26;BANKINTER;PUT;Dic-26;12,50;16.56;30,76;-0,04;;114
09/09/26;BANKINTER;PUT;Dic-26;13,00;16.56;29,76;-0,06;;20
09/09/26;BANKINTER;PUT;Dic-26;13,50;16.56;28,77;-0,09;;3.360
09/09/26;BANKINTER;PUT;Dic-26;14,00;16.56;27,77;-0,13;;25
09/09/26;BANKINTER;PUT;Dic-26;15,00;16.56;25,78;-0,24;;5
09/09/26;BANKINTER;PUT;Dic-26;16,00;16.56;23,79;-0,41;;25
09/09/26;BANKINTER;PUT;Mar-27;13,50;16.56;27,63;-0,14;;1.008
09/09/26;BANKINTER;PUT;Mar-27;15,50;16.56;24,33;-0,34;;75
09/09/26;BANKINTER;PUT;Jun-27;11,00;16.56;30,47;-0,05;;222
09/09/26;BANKINTER;PUT;Jun-27;12,50;16.56;28,32;-0,11;;3
09/09/26;BANKINTER;PUT;Jun-27;13,50;16.56;26,89;-0,18;;1.000
09/09/26;BANKINTER;PUT;Dic-27;10,50;16.56;28,45;-0,07;;1.000
09/09/26;BANKINTER;PUT;Dic-27;11,00;16.56;27,90;-0,08;;50
09/09/26;BANKINTER;PUT;Dic-27;15,00;16.56;23,47;-0,34;;25
09/09/26;BANKINTER;PUT;Mar-28;13,00;16.56;26,59;-0,20;;194
09/09/26;BANKINTER;PUT;Mar-28;14,00;16.56;25,66;-0,27;;175
09/09/26;BBVA;CALL;Sep-26;13,50;25.05;49,00;1,00;;75
09/09/26;BBVA;CALL;Sep-26;14,00;25.05;47,97;1,00;;75
09/09/26;BBVA;CALL;Sep-26;14,50;25.05;46,95;1,00;;75
09/09/26;BBVA;CALL;Sep-26;15,00;25.05;45,92;1,00;;152
09/09/26;BBVA;CALL;Sep-26;15,50;25.05;44,90;1,00;;150
09/09/26;BBVA;CALL;Sep-26;16,00;25.05;43,88;1,00;;300
09/09/26;BBVA;CALL;Sep-26;16,50;25.05;42,85;1,00;;300
09/09/26;BBVA;CALL;Sep-26;17,00;25.05;41,83;1,00;;1.950
09/09/26;BBVA;CALL;Sep-26;17,50;25.05;40,80;1,00;;5.000
09/09/26;BBVA;CALL;Sep-26;18,50;25.05;38,75;1,00;;151
09/09/26;BBVA;CALL;Sep-26;19,00;25.05;37,73;1,00;;4.260
09/09/26;BBVA;CALL;Sep-26;19,50;25.05;36,70;1,00;;250
09/09/26;BBVA;CALL;Sep-26;20,00;25.05;35,68;1,00;;7.148
09/09/26;BBVA;CALL;Sep-26;21,00;25.05;33,63;1,00;;2.009
09/09/26;BBVA;CALL;Sep-26;22,00;25.05;31,58;1,00;30;524
09/09/26;BBVA;CALL;Sep-26;23,00;25.05;29,53;0,97;;150
09/09/26;BBVA;CALL;Sep-26;24,00;25.05;27,48;0,85;;57
09/09/26;BBVA;CALL;Sep-26;25,00;25.05;25,43;0,53;;540
09/09/26;BBVA;CALL;Sep-26;25,50;25.05;25,17;0,34;10;113
09/09/26;BBVA;CALL;Sep-26;26,00;25.05;25,00;0,18;;1.241
09/09/26;BBVA;CALL;Sep-26;27,00;25.05;24,66;0,03;;130
09/09/26;BBVA;CALL;Oct-26;25,00;25.05;25,27;0,53;2;6
09/09/26;BBVA;CALL;Oct-26;26,00;25.05;24,88;0,32;;7
09/09/26;BBVA;CALL;Oct-26;27,00;25.05;24,56;0,16;;110
09/09/26;BBVA;CALL;Dic-26;13,00;25.05;48,92;1,00;;25
09/09/26;BBVA;CALL;Dic-26;15,00;25.05;45,43;1,00;;30
09/09/26;BBVA;CALL;Dic-26;16,00;25.05;43,69;1,00;;3.960
09/09/26;BBVA;CALL;Dic-26;16,50;25.05;42,81;1,00;;50
09/09/26;BBVA;CALL;Dic-26;17,00;25.05;41,94;0,99;;4.311
09/09/26;BBVA;CALL;Dic-26;17,50;25.05;41,07;0,99;;650
09/09/26;BBVA;CALL;Dic-26;18,00;25.05;40,20;0,98;;158
09/09/26;BBVA;CALL;Dic-26;18,50;25.05;39,33;0,97;;8
09/09/26;BBVA;CALL;Dic-26;19,00;25.05;38,46;0,96;;2.502
09/09/26;BBVA;CALL;Dic-26;19,50;25.05;37,58;0,95;;3
09/09/26;BBVA;CALL;Dic-26;20,00;25.05;36,71;0,93;;162
09/09/26;BBVA;CALL;Dic-26;21,00;25.05;34,97;0,88;1;3.518
09/09/26;BBVA;CALL;Dic-26;22,00;25.05;33,23;0,81;;22
09/09/26;BBVA;CALL;Dic-26;23,00;25.05;31,48;0,73;;2.211
09/09/26;BBVA;CALL;Dic-26;24,00;25.05;29,74;0,63;10;11
09/09/26;BBVA;CALL;Dic-26;25,00;25.05;28,00;0,52;12;256
09/09/26;BBVA;CALL;Dic-26;26,00;25.05;27,61;0,40;;277
09/09/26;BBVA;CALL;Dic-26;27,00;25.05;27,29;0,30;;152
09/09/26;BBVA;CALL;Dic-26;28,00;25.05;26,97;0,22;;17
09/09/26;BBVA;CALL;Mar-27;9,50;25.05;50,47;1,00;;25
09/09/26;BBVA;CALL;Mar-27;12,00;25.05;46,91;1,00;;25
09/09/26;BBVA;CALL;Mar-27;13,00;25.05;45,49;1,00;;1
09/09/26;BBVA;CALL;Mar-27;15,50;25.05;41,93;0,98;;5
09/09/26;BBVA;CALL;Mar-27;16,00;25.05;41,22;0,97;;905
09/09/26;BBVA;CALL;Mar-27;16,50;25.05;40,50;0,96;;250
09/09/26;BBVA;CALL;Mar-27;17,50;25.05;39,08;0,93;;40
09/09/26;BBVA;CALL;Mar-27;18,00;25.05;38,37;0,92;;101
09/09/26;BBVA;CALL;Mar-27;19,00;25.05;36,94;0,88;;109
09/09/26;BBVA;CALL;Mar-27;20,00;25.05;35,52;0,84;;3.053
09/09/26;BBVA;CALL;Mar-27;20,50;25.05;34,81;0,82;;1
09/09/26;BBVA;CALL;Mar-27;21,50;25.05;33,38;0,77;;4.000
09/09/26;BBVA;CALL;Mar-27;22,00;25.05;32,67;0,74;;4.055
09/09/26;BBVA;CALL;Mar-27;23,00;25.05;31,25;0,68;;161
09/09/26;BBVA;CALL;Mar-27;24,00;25.05;29,83;0,62;;381
09/09/26;BBVA;CALL;Mar-27;25,00;25.05;28,40;0,54;;11.721
09/09/26;BBVA;CALL;Mar-27;26,00;25.05;28,10;0,46;;500
09/09/26;BBVA;CALL;Mar-27;27,00;25.05;27,86;0,39;;500
09/09/26;BBVA;CALL;Mar-27;28,00;25.05;27,62;0,32;;200
09/09/26;BBVA;CALL;Jun-27;12,00;25.05;47,19;1,00;;150
09/09/26;BBVA;CALL;Jun-27;12,50;25.05;46,52;1,00;;25
09/09/26;BBVA;CALL;Jun-27;13,00;25.05;45,85;1,00;;1
09/09/26;BBVA;CALL;Jun-27;15,00;25.05;43,19;0,97;;3
09/09/26;BBVA;CALL;Jun-27;17,00;25.05;40,53;0,92;;6.000
09/09/26;BBVA;CALL;Jun-27;20,00;25.05;36,54;0,82;;150
09/09/26;BBVA;CALL;Jun-27;21,00;25.05;35,21;0,78;;2.600
09/09/26;BBVA;CALL;Jun-27;22,00;25.05;33,88;0,73;;3.150
09/09/26;BBVA;CALL;Jun-27;23,00;25.05;32,55;0,67;;27
09/09/26;BBVA;CALL;Jun-27;24,00;25.05;31,22;0,61;;30
09/09/26;BBVA;CALL;Jun-27;25,00;25.05;29,89;0,55;;1.760
09/09/26;BBVA;CALL;Jun-27;26,00;25.05;29,55;0,48;;15
09/09/26;BBVA;CALL;Jun-27;27,00;25.05;29,28;0,42;;12
09/09/26;BBVA;CALL;Sep-27;11,50;25.05;46,07;1,00;;150
09/09/26;BBVA;CALL;Sep-27;12,00;25.05;45,48;1,00;;150
09/09/26;BBVA;CALL;Sep-27;15,00;25.05;41,92;0,96;;2
09/09/26;BBVA;CALL;Sep-27;20,00;25.05;36,00;0,80;;1
09/09/26;BBVA;CALL;Sep-27;22,00;25.05;33,63;0,71;;1
09/09/26;BBVA;CALL;Dic-27;11,00;25.05;46,53;1,00;;150
09/09/26;BBVA;CALL;Dic-27;11,50;25.05;45,98;1,00;;26
09/09/26;BBVA;CALL;Dic-27;13,50;25.05;43,77;0,98;;150
09/09/26;BBVA;CALL;Dic-27;15,00;25.05;42,11;0,94;;75
09/09/26;BBVA;CALL;Dic-27;16,00;25.05;41,01;0,92;;6.000
09/09/26;BBVA;CALL;Dic-27;17,00;25.05;39,90;0,88;;150
09/09/26;BBVA;CALL;Dic-27;17,50;25.05;39,35;0,87;;100
09/09/26;BBVA;CALL;Dic-27;18,00;25.05;38,80;0,85;;1
09/09/26;BBVA;CALL;Dic-27;20,00;25.05;36,59;0,78;;150
09/09/26;BBVA;CALL;Dic-27;25,00;25.05;31,07;0,56;;4.002
09/09/26;BBVA;CALL;Dic-27;26,00;25.05;30,69;0,51;;100
09/09/26;BBVA;CALL;Dic-27;27,00;25.05;30,36;0,46;1;1
09/09/26;BBVA;CALL;Mar-28;17,00;25.05;39,29;0,87;;600
09/09/26;BBVA;CALL;Mar-28;17,50;25.05;38,79;0,85;;300
09/09/26;BBVA;CALL;Mar-28;18,00;25.05;38,28;0,84;;300
09/09/26;BBVA;CALL;Mar-28;21,00;25.05;35,25;0,73;;350
09/09/26;BBVA;CALL;Jun-28;10,00;25.05;47,22;1,00;;1
09/09/26;BBVA;CALL;Jun-28;17,00;25.05;40,33;0,87;;750
09/09/26;BBVA;CALL;Jun-28;17,50;25.05;39,83;0,85;;600
09/09/26;BBVA;CALL;Jun-28;18,00;25.05;39,34;0,83;;575
09/09/26;BBVA;CALL;Jun-28;18,50;25.05;38,85;0,82;;3
09/09/26;BBVA;CALL;Jun-28;19,00;25.05;38,36;0,80;;50
09/09/26;BBVA;CALL;Jun-28;19,50;25.05;37,87;0,78;;100
09/09/26;BBVA;CALL;Jun-28;20,00;25.05;37,37;0,77;;125
09/09/26;BBVA;CALL;Jun-28;21,00;25.05;36,39;0,73;;525
09/09/26;BBVA;CALL;Jun-28;22,00;25.05;35,40;0,69;;4.450
09/09/26;BBVA;CALL;Jun-28;23,00;25.05;34,42;0,65;;150
09/09/26;BBVA;CALL;Jun-28;24,00;25.05;33,43;0,61;;300
09/09/26;BBVA;CALL;Jun-28;25,00;25.05;32,45;0,57;;1.000
09/09/26;BBVA;CALL;Dic-29;15,00;25.05;40,43;0,91;;50
09/09/26;BBVA;PUT;Sep-26;6,75;25.05;62,54;;;1
09/09/26;BBVA;PUT;Sep-26;8,25;25.05;59,47;;;5
09/09/26;BBVA;PUT;Sep-26;9,00;25.05;57,93;;;674
09/09/26;BBVA;PUT;Sep-26;9,25;25.05;57,42;;;368
09/09/26;BBVA;PUT;Sep-26;9,50;25.05;56,91;;;25
09/09/26;BBVA;PUT;Sep-26;9,75;25.05;56,39;;;200
09/09/26;BBVA;PUT;Sep-26;10,00;25.05;55,88;;;40.150
09/09/26;BBVA;PUT;Sep-26;10,50;25.05;54,86;;;300
09/09/26;BBVA;PUT;Sep-26;11,00;25.05;53,83;;;350
09/09/26;BBVA;PUT;Sep-26;11,50;25.05;52,81;;;1
09/09/26;BBVA;PUT;Sep-26;12,00;25.05;51,78;;;1
09/09/26;BBVA;PUT;Sep-26;12,50;25.05;50,76;;;50
09/09/26;BBVA;PUT;Sep-26;13,00;25.05;49,73;;;130
09/09/26;BBVA;PUT;Sep-26;14,00;25.05;47,68;;;55
09/09/26;BBVA;PUT;Sep-26;14,50;25.05;46,66;;;6
09/09/26;BBVA;PUT;Sep-26;15,00;25.05;45,63;;;108
09/09/26;BBVA;PUT;Sep-26;15,50;25.05;44,61;;;56
09/09/26;BBVA;PUT;Sep-26;16,00;25.05;43,59;;;89
09/09/26;BBVA;PUT;Sep-26;16,50;25.05;42,56;;;58
09/09/26;BBVA;PUT;Sep-26;17,00;25.05;41,54;;;4.956
09/09/26;BBVA;PUT;Sep-26;17,50;25.05;40,51;;;151
09/09/26;BBVA;PUT;Sep-26;18,00;25.05;39,49;;;7.070
09/09/26;BBVA;PUT;Sep-26;18,50;25.05;38,46;;;210
09/09/26;BBVA;PUT;Sep-26;19,00;25.05;37,44;;;7.071
09/09/26;BBVA;PUT;Sep-26;19,50;25.05;36,41;;;301
09/09/26;BBVA;PUT;Sep-26;20,00;25.05;35,39;;;12.031
09/09/26;BBVA;PUT;Sep-26;20,50;25.05;34,36;;;250
09/09/26;BBVA;PUT;Sep-26;21,00;25.05;33,34;;;3.167
09/09/26;BBVA;PUT;Sep-26;22,00;25.05;31,29;;;263
09/09/26;BBVA;PUT;Sep-26;23,00;25.05;29,24;-0,03;;454
09/09/26;BBVA;PUT;Sep-26;24,00;25.05;27,19;-0,15;;202
09/09/26;BBVA;PUT;Sep-26;24,50;25.05;26,17;-0,28;;151
09/09/26;BBVA;PUT;Sep-26;25,00;25.05;25,14;-0,47;2;301
09/09/26;BBVA;PUT;Sep-26;25,50;25.05;24,88;-0,66;;3
09/09/26;BBVA;PUT;Sep-26;26,00;25.05;24,71;-0,82;;52
09/09/26;BBVA;PUT;Oct-26;19,00;25.05;34,91;-0,01;;1
09/09/26;BBVA;PUT;Oct-26;20,00;25.05;33,12;-0,02;;6
09/09/26;BBVA;PUT;Oct-26;20,50;25.05;32,23;-0,03;;10
09/09/26;BBVA;PUT;Oct-26;21,00;25.05;31,34;-0,05;;20
09/09/26;BBVA;PUT;Oct-26;22,00;25.05;29,56;-0,10;;125
09/09/26;BBVA;PUT;Oct-26;23,00;25.05;27,78;-0,20;2;163
09/09/26;BBVA;PUT;Oct-26;24,00;25.05;25,99;-0,35;2;65
09/09/26;BBVA;PUT;Oct-26;25,00;25.05;24,21;-0,54;1;14
09/09/26;BBVA;PUT;Oct-26;27,00;25.05;23,50;-0,87;;1
09/09/26;BBVA;PUT;Nov-26;22,00;25.05;31,12;-0,18;;1
09/09/26;BBVA;PUT;Nov-26;23,00;25.05;29,36;-0,26;;100
09/09/26;BBVA;PUT;Nov-26;24,00;25.05;27,60;-0,38;;10
09/09/26;BBVA;PUT;Dic-26;5,75;25.05;59,43;;;150
09/09/26;BBVA;PUT;Dic-26;6,00;25.05;59,00;;;10.150
09/09/26;BBVA;PUT;Dic-26;6,25;25.05;58,56;;;150
09/09/26;BBVA;PUT;Dic-26;6,50;25.05;58,13;;;13.250
09/09/26;BBVA;PUT;Dic-26;6,75;25.05;57,69;;;450
09/09/26;BBVA;PUT;Dic-26;7,00;25.05;57,25;;;300
09/09/26;BBVA;PUT;Dic-26;7,25;25.05;56,82;;;600
09/09/26;BBVA;PUT;Dic-26;7,50;25.05;56,38;;;450
09/09/26;BBVA;PUT;Dic-26;7,75;25.05;55,95;;;451
09/09/26;BBVA;PUT;Dic-26;8,00;25.05;55,51;;;18.450
09/09/26;BBVA;PUT;Dic-26;8,25;25.05;55,08;;;15
09/09/26;BBVA;PUT;Dic-26;8,50;25.05;54,64;;;25.000
09/09/26;BBVA;PUT;Dic-26;8,75;25.05;54,20;;;311
09/09/26;BBVA;PUT;Dic-26;9,00;25.05;53,77;;;14.933
09/09/26;BBVA;PUT;Dic-26;9,25;25.05;53,33;;;75
09/09/26;BBVA;PUT;Dic-26;9,50;25.05;52,90;;;76
09/09/26;BBVA;PUT;Dic-26;9,75;25.05;52,46;;;200
09/09/26;BBVA;PUT;Dic-26;10,00;25.05;52,02;;;226
09/09/26;BBVA;PUT;Dic-26;10,50;25.05;51,15;;;300
09/09/26;BBVA;PUT;Dic-26;11,00;25.05;50,28;;;481
09/09/26;BBVA;PUT;Dic-26;11,50;25.05;49,41;;;1
09/09/26;BBVA;PUT;Dic-26;12,00;25.05;48,54;;;8.410
09/09/26;BBVA;PUT;Dic-26;12,50;25.05;47,67;;;250
09/09/26;BBVA;PUT;Dic-26;13,00;25.05;46,80;;;42.101
09/09/26;BBVA;PUT;Dic-26;13,50;25.05;45,92;;;400
09/09/26;BBVA;PUT;Dic-26;14,00;25.05;45,05;-0,01;;706
09/09/26;BBVA;PUT;Dic-26;14,50;25.05;44,18;-0,01;;300
09/09/26;BBVA;PUT;Dic-26;15,00;25.05;43,31;-0,01;;3.774
09/09/26;BBVA;PUT;Dic-26;15,50;25.05;42,44;-0,01;;12
09/09/26;BBVA;PUT;Dic-26;16,00;25.05;41,57;-0,02;;92
09/09/26;BBVA;PUT;Dic-26;16,50;25.05;40,69;-0,02;;520
09/09/26;BBVA;PUT;Dic-26;17,00;25.05;39,82;-0,03;;8.736
09/09/26;BBVA;PUT;Dic-26;17,50;25.05;38,95;-0,03;;124
09/09/26;BBVA;PUT;Dic-26;18,00;25.05;38,08;-0,04;;20.169
09/09/26;BBVA;PUT;Dic-26;18,50;25.05;37,21;-0,05;;105
09/09/26;BBVA;PUT;Dic-26;19,00;25.05;36,34;-0,07;1;13.517
09/09/26;BBVA;PUT;Dic-26;20,00;25.05;34,59;-0,10;;10.512
09/09/26;BBVA;PUT;Dic-26;20,50;25.05;33,72;-0,12;;6
09/09/26;BBVA;PUT;Dic-26;21,00;25.05;32,85;-0,15;;12.145
09/09/26;BBVA;PUT;Dic-26;22,00;25.05;31,11;-0,21;;1.003
09/09/26;BBVA;PUT;Dic-26;23,00;25.05;29,36;-0,29;;2.600
09/09/26;BBVA;PUT;Dic-26;24,00;25.05;27,62;-0,38;;581
09/09/26;BBVA;PUT;Dic-26;25,00;25.05;25,88;-0,50;;51
09/09/26;BBVA;PUT;Dic-26;28,00;25.05;24,85;-0,82;;50
09/09/26;BBVA;PUT;Mar-27;8,50;25.05;50,28;;;25
09/09/26;BBVA;PUT;Mar-27;8,75;25.05;49,93;;;25
09/09/26;BBVA;PUT;Mar-27;9,00;25.05;49,57;;;25
09/09/26;BBVA;PUT;Mar-27;9,25;25.05;49,22;;;25
09/09/26;BBVA;PUT;Mar-27;9,50;25.05;48,86;;;30
09/09/26;BBVA;PUT;Mar-27;9,75;25.05;48,50;;;25
09/09/26;BBVA;PUT;Mar-27;10,50;25.05;47,44;;;175
09/09/26;BBVA;PUT;Mar-27;11,00;25.05;46,72;;;175
09/09/26;BBVA;PUT;Mar-27;11,50;25.05;46,01;-0,01;;32.250
09/09/26;BBVA;PUT;Mar-27;12,00;25.05;45,30;-0,01;;40
09/09/26;BBVA;PUT;Mar-27;12,50;25.05;44,59;-0,01;;30
09/09/26;BBVA;PUT;Mar-27;13,00;25.05;43,88;-0,01;;40
09/09/26;BBVA;PUT;Mar-27;13,50;25.05;43,17;-0,02;;20
09/09/26;BBVA;PUT;Mar-27;14,00;25.05;42,45;-0,02;;30
09/09/26;BBVA;PUT;Mar-27;15,00;25.05;41,03;-0,03;;220
09/09/26;BBVA;PUT;Mar-27;16,00;25.05;39,61;-0,05;;5.500
09/09/26;BBVA;PUT;Mar-27;16,50;25.05;38,89;-0,05;;450
09/09/26;BBVA;PUT;Mar-27;17,00;25.05;38,18;-0,06;;2.360
09/09/26;BBVA;PUT;Mar-27;17,50;25.05;37,47;-0,07;;4.250
09/09/26;BBVA;PUT;Mar-27;18,00;25.05;36,76;-0,09;;100
09/09/26;BBVA;PUT;Mar-27;18,50;25.05;36,05;-0,10;;10
09/09/26;BBVA;PUT;Mar-27;19,00;25.05;35,33;-0,12;;2.400
09/09/26;BBVA;PUT;Mar-27;19,50;25.05;34,62;-0,13;;3.810
09/09/26;BBVA;PUT;Mar-27;20,00;25.05;33,91;-0,15;100;6.280
09/09/26;BBVA;PUT;Mar-27;20,50;25.05;33,20;-0,18;;20
09/09/26;BBVA;PUT;Mar-27;21,00;25.05;32,49;-0,20;;381
09/09/26;BBVA;PUT;Mar-27;22,00;25.05;31,06;-0,25;;12.645
09/09/26;BBVA;PUT;Mar-27;23,00;25.05;29,64;-0,32;;8.150
09/09/26;BBVA;PUT;Mar-27;24,00;25.05;28,22;-0,39;;1
09/09/26;BBVA;PUT;Mar-27;25,00;25.05;26,79;-0,47;;11.500
09/09/26;BBVA;PUT;Jun-27;4,30;25.05;54,40;;;1
09/09/26;BBVA;PUT;Jun-27;4,50;25.05;54,14;;;1
09/09/26;BBVA;PUT;Jun-27;4,90;25.05;53,60;;;150
09/09/26;BBVA;PUT;Jun-27;5,00;25.05;53,47;;;300
09/09/26;BBVA;PUT;Jun-27;5,25;25.05;53,14;;;298
09/09/26;BBVA;PUT;Jun-27;7,00;25.05;50,81;;;2
09/09/26;BBVA;PUT;Jun-27;8,00;25.05;49,48;;;1
09/09/26;BBVA;PUT;Jun-27;8,25;25.05;49,15;;;7
09/09/26;BBVA;PUT;Jun-27;9,00;25.05;48,15;;;7.000
09/09/26;BBVA;PUT;Jun-27;9,75;25.05;47,15;-0,01;;175
09/09/26;BBVA;PUT;Jun-27;10,00;25.05;46,82;-0,01;;10.000
09/09/26;BBVA;PUT;Jun-27;11,00;25.05;45,49;-0,01;;75
09/09/26;BBVA;PUT;Jun-27;12,00;25.05;44,16;-0,02;;20
09/09/26;BBVA;PUT;Jun-27;12,50;25.05;43,49;-0,03;;197
09/09/26;BBVA;PUT;Jun-27;13,00;25.05;42,82;-0,03;;1.126
09/09/26;BBVA;PUT;Jun-27;13,50;25.05;42,16;-0,04;;190
09/09/26;BBVA;PUT;Jun-27;14,00;25.05;41,49;-0,04;;33
09/09/26;BBVA;PUT;Jun-27;14,50;25.05;40,83;-0,05;;400
09/09/26;BBVA;PUT;Jun-27;15,00;25.05;40,16;-0,06;;600
09/09/26;BBVA;PUT;Jun-27;15,50;25.05;39,50;-0,07;;21
09/09/26;BBVA;PUT;Jun-27;16,00;25.05;38,83;-0,08;;3
09/09/26;BBVA;PUT;Jun-27;16,50;25.05;38,17;-0,09;;250
09/09/26;BBVA;PUT;Jun-27;17,00;25.05;37,50;-0,10;;151
09/09/26;BBVA;PUT;Jun-27;17,50;25.05;36,84;-0,12;;150
09/09/26;BBVA;PUT;Jun-27;18,00;25.05;36,17;-0,13;;160
09/09/26;BBVA;PUT;Jun-27;18,50;25.05;35,51;-0,15;;2
09/09/26;BBVA;PUT;Jun-27;19,00;25.05;34,84;-0,17;1;152
09/09/26;BBVA;PUT;Jun-27;20,00;25.05;33,51;-0,21;;2.603
09/09/26;BBVA;PUT;Jun-27;21,00;25.05;32,18;-0,25;;75
09/09/26;BBVA;PUT;Jun-27;23,00;25.05;29,52;-0,36;;1.180
09/09/26;BBVA;PUT;Jun-27;24,00;25.05;28,19;-0,43;;91
09/09/26;BBVA;PUT;Jun-27;25,00;25.05;26,86;-0,50;;30
09/09/26;BBVA;PUT;Jun-27;26,00;25.05;26,52;-0,57;;10
09/09/26;BBVA;PUT;Sep-27;7,75;25.05;47,52;;;10
09/09/26;BBVA;PUT;Sep-27;16,00;25.05;37,75;-0,09;;309
09/09/26;BBVA;PUT;Sep-27;16,50;25.05;37,16;-0,11;;10
09/09/26;BBVA;PUT;Sep-27;17,00;25.05;36,56;-0,12;;379
09/09/26;BBVA;PUT;Sep-27;17,50;25.05;35,97;-0,13;;150
09/09/26;BBVA;PUT;Sep-27;18,00;25.05;35,38;-0,15;;150
09/09/26;BBVA;PUT;Sep-27;20,00;25.05;33,01;-0,22;74;75
09/09/26;BBVA;PUT;Sep-27;22,00;25.05;30,64;-0,31;;1
09/09/26;BBVA;PUT;Dic-27;4,40;25.05;50,25;;;1
09/09/26;BBVA;PUT;Dic-27;4,90;25.05;49,69;;;150
09/09/26;BBVA;PUT;Dic-27;5,00;25.05;49,58;;;150
09/09/26;BBVA;PUT;Dic-27;6,50;25.05;47,93;;;10
09/09/26;BBVA;PUT;Dic-27;7,00;25.05;47,38;;;150
09/09/26;BBVA;PUT;Dic-27;7,25;25.05;47,10;-0,01;;150
09/09/26;BBVA;PUT;Dic-27;7,75;25.05;46,55;-0,01;;1
09/09/26;BBVA;PUT;Dic-27;8,25;25.05;45,99;-0,01;;150
09/09/26;BBVA;PUT;Dic-27;8,50;25.05;45,72;-0,01;;6.150
09/09/26;BBVA;PUT;Dic-27;8,75;25.05;45,44;-0,01;;1
09/09/26;BBVA;PUT;Dic-27;9,00;25.05;45,17;-0,01;;7.650
09/09/26;BBVA;PUT;Dic-27;9,25;25.05;44,89;-0,01;;150
09/09/26;BBVA;PUT;Dic-27;9,50;25.05;44,61;-0,02;;250
09/09/26;BBVA;PUT;Dic-27;9,75;25.05;44,34;-0,02;;150
09/09/26;BBVA;PUT;Dic-27;10,00;25.05;44,06;-0,02;;407
09/09/26;BBVA;PUT;Dic-27;10,50;25.05;43,51;-0,02;;300
09/09/26;BBVA;PUT;Dic-27;11,00;25.05;42,96;-0,03;;5.304
09/09/26;BBVA;PUT;Dic-27;12,00;25.05;41,85;-0,04;;3.300
09/09/26;BBVA;PUT;Dic-27;12,50;25.05;41,30;-0,05;;300
09/09/26;BBVA;PUT;Dic-27;13,00;25.05;40,75;-0,06;;10.000
09/09/26;BBVA;PUT;Dic-27;13,50;25.05;40,20;-0,06;;150
09/09/26;BBVA;PUT;Dic-27;14,00;25.05;39,64;-0,07;;150
09/09/26;BBVA;PUT;Dic-27;15,00;25.05;38,54;-0,09;;3
09/09/26;BBVA;PUT;Dic-27;16,00;25.05;37,44;-0,11;;15.000
09/09/26;BBVA;PUT;Dic-27;16,50;25.05;36,88;-0,13;;174
09/09/26;BBVA;PUT;Dic-27;17,00;25.05;36,33;-0,14;;8.500
09/09/26;BBVA;PUT;Dic-27;17,50;25.05;35,78;-0,15;;292
09/09/26;BBVA;PUT;Dic-27;18,00;25.05;35,23;-0,17;;150
09/09/26;BBVA;PUT;Dic-27;20,00;25.05;33,02;-0,24;;4.000
09/09/26;BBVA;PUT;Dic-27;21,00;25.05;31,91;-0,28;;150
09/09/26;BBVA;PUT;Dic-27;22,00;25.05;30,81;-0,32;;10.302
09/09/26;BBVA;PUT;Dic-27;23,00;25.05;29,70;-0,37;;300
09/09/26;BBVA;PUT;Dic-27;25,00;25.05;27,50;-0,48;;1
09/09/26;BBVA;PUT;Mar-28;15,00;25.05;37,37;-0,10;;150
09/09/26;BBVA;PUT;Mar-28;15,50;25.05;36,87;-0,11;;150
09/09/26;BBVA;PUT;Mar-28;18,00;25.05;34,34;-0,18;;26
09/09/26;BBVA;PUT;Mar-28;20,00;25.05;32,32;-0,24;;150
09/09/26;BBVA;PUT;Mar-28;21,00;25.05;31,31;-0,28;;150
09/09/26;BBVA;PUT;Mar-28;22,00;25.05;30,29;-0,32;;150
09/09/26;BBVA;PUT;Mar-28;23,00;25.05;29,28;-0,37;;150
09/09/26;BBVA;PUT;Jun-28;15,50;25.05;36,01;-0,13;;1
09/09/26;BBVA;PUT;Jun-28;18,00;25.05;33,55;-0,19;;1.250
09/09/26;BBVA;PUT;Jun-28;19,00;25.05;32,57;-0,23;;4.450
09/09/26;BBVA;PUT;Jun-28;20,00;25.05;31,58;-0,26;;3.300
09/09/26;BBVA;PUT;Jun-28;21,00;25.05;30,60;-0,30;;750
09/09/26;BBVA;PUT;Jun-28;22,00;25.05;29,61;-0,34;;2.350
09/09/26;BBVA;PUT;Jun-28;23,00;25.05;28,63;-0,39;;1.500
09/09/26;BBVA;PUT;Sep-28;25,00;25.05;26,35;-0,47;;100
09/09/26;BBVA;PUT;Dic-28;12,00;25.05;36,42;-0,06;;3.500
09/09/26;BBVA;PUT;Dic-28;12,50;25.05;36,04;-0,07;;1.500
09/09/26;BBVA;PUT;Dic-28;16,00;25.05;33,38;-0,15;;17
09/09/26;BBVA;PUT;Dic-28;16,50;25.05;33,01;-0,16;;9
09/09/26;BBVA;PUT;Dic-28;18,50;25.05;31,49;-0,22;;3
09/09/26;BBVA;PUT;Dic-28;20,00;25.05;30,35;-0,27;;90
09/09/26;BBVA;PUT;Dic-28;25,00;25.05;26,56;-0,47;;2
09/09/26;BBVA;PUT;Jun-29;16,00;25.05;32,18;-0,16;;1.250
09/09/26;BBVA;PUT;Dic-29;12,50;25.05;33,08;-0,09;;3.000
09/09/26;BBVA;PUT;Dic-29;20,00;25.05;29,28;-0,29;;6
09/09/26;BBVA;PUT;Dic-29;25,00;25.05;26,76;-0,46;;152
09/09/26;BBVA;PUT;Dic-30;20,50;25.05;28,54;-0,32;;1.500
09/09/26;BBVA;CALL;Sep-26;19,00;25.05;37,73;1,00;;10
09/09/26;BBVA;CALL;Sep-26;20,00;25.05;35,68;1,00;;10
09/09/26;BBVA;CALL;Sep-26;20,00;25.05;35,68;1,00;;20
09/09/26;BBVA;CALL;Sep-26;21,00;25.05;33,63;1,00;;20
09/09/26;BBVA;CALL;Sep-26;21,00;25.05;33,63;1,00;;154
09/09/26;BBVA;CALL;Sep-26;22,00;25.05;31,58;1,00;;160
09/09/26;BBVA;CALL;Sep-26;22,00;25.05;31,58;1,00;;20
09/09/26;BBVA;CALL;Sep-26;23,00;25.05;29,53;0,97;20;71
09/09/26;BBVA;CALL;Sep-26;25,00;25.05;25,43;0,53;;40
09/09/26;BBVA;CALL;Sep-26;25,00;25.05;25,43;0,53;;1.720
09/09/26;BBVA;CALL;Sep-26;25,50;25.05;25,17;0,34;;30
09/09/26;BBVA;CALL;Sep-26;26,00;25.05;25,00;0,18;;30
09/09/26;BBVA;CALL;Sep-26;26,00;25.05;25,00;0,18;;3.430
09/09/26;BBVA;CALL;Sep-26;27,00;25.05;24,66;0,03;;60
09/09/26;BBVA;CALL;Oct-26;22,00;25.05;30,62;0,89;;20
09/09/26;BBVA;CALL;Oct-26;23,00;25.05;28,84;0,79;;10
09/09/26;BBVA;CALL;Oct-26;23,00;25.05;28,84;0,79;;10
09/09/26;BBVA;CALL;Oct-26;24,00;25.05;27,05;0,65;;26
09/09/26;BBVA;CALL;Oct-26;25,00;25.05;25,27;0,46;;10
09/09/26;BBVA;CALL;Oct-26;26,00;25.05;24,88;0,28;;1.709
09/09/26;BBVA;CALL;Oct-26;26,00;25.05;24,88;0,28;;50
09/09/26;BBVA;CALL;Oct-26;27,00;25.05;24,56;0,14;;10.426
09/09/26;BBVA;CALL;Nov-26;25,00;25.05;27,80;0,49;;10
09/09/26;BBVA;CALL;Nov-26;27,00;25.05;27,09;0,26;;10
09/09/26;BBVA;CALL;Nov-26;28,00;25.05;26,77;0,17;;15
09/09/26;BBVA;CALL;Dic-26;17,00;25.05;41,94;0,96;;10
09/09/26;BBVA;CALL;Dic-26;19,00;25.05;38,46;0,92;;10
09/09/26;BBVA;CALL;Dic-26;19,50;25.05;37,58;0,90;;10
09/09/26;BBVA;CALL;Dic-26;21,00;25.05;34,97;0,84;;10
09/09/26;BBVA;CALL;Dic-26;22,00;25.05;33,23;0,78;;10
09/09/26;BBVA;CALL;Dic-26;22,00;25.05;33,23;0,78;;3
09/09/26;BBVA;CALL;Dic-26;23,00;25.05;31,48;0,70;;1
09/09/26;BBVA;CALL;Dic-26;23,00;25.05;31,48;0,70;;10
09/09/26;BBVA;CALL;Dic-26;24,00;25.05;29,74;0,61;;10
09/09/26;BBVA;CALL;Dic-26;24,00;25.05;29,74;0,61;;4
09/09/26;BBVA;CALL;Dic-26;25,00;25.05;28,00;0,51;;6
09/09/26;BBVA;CALL;Dic-26;26,00;25.05;27,61;0,40;;4
09/09/26;BBVA;CALL;Dic-26;29,00;25.05;26,65;0,15;;8
09/09/26;BBVA;CALL;Dic-26;32,00;25.05;25,69;0,04;;10
09/09/26;BBVA;CALL;Mar-27;19,00;25.05;36,94;0,86;;200
09/09/26;BBVA;CALL;Mar-27;19,00;25.05;36,94;0,86;;200
09/09/26;BBVA;CALL;Mar-27;19,50;25.05;36,23;0,85;;20
09/09/26;BBVA;CALL;Mar-27;23,00;25.05;31,25;0,68;;4
09/09/26;BBVA;CALL;Mar-27;24,00;25.05;29,83;0,61;;4
09/09/26;BBVA;CALL;Mar-27;25,00;25.05;28,40;0,53;;4
09/09/26;BBVA;CALL;Mar-27;26,00;25.05;28,10;0,46;;3
09/09/26;BBVA;CALL;Mar-27;27,00;25.05;27,86;0,39;;5
09/09/26;BBVA;CALL;Mar-27;28,00;25.05;27,62;0,32;;2
09/09/26;BBVA;CALL;Mar-27;32,00;25.05;26,67;0,12;;28
09/09/26;BBVA;PUT;Sep-26;9,50;25.05;56,91;;;600
09/09/26;BBVA;PUT;Sep-26;10,50;25.05;54,86;;;700
09/09/26;BBVA;PUT;Sep-26;17,00;25.05;41,54;;;20
09/09/26;BBVA;PUT;Sep-26;18,00;25.05;39,49;;;10
09/09/26;BBVA;PUT;Sep-26;19,00;25.05;37,44;;;10
09/09/26;BBVA;PUT;Sep-26;20,00;25.05;35,39;;;10
09/09/26;BBVA;PUT;Sep-26;22,00;25.05;31,29;;;10
09/09/26;BBVA;PUT;Sep-26;24,00;25.05;27,19;-0,15;;92
09/09/26;BBVA;PUT;Sep-26;24,00;25.05;27,19;-0,15;;10
09/09/26;BBVA;PUT;Sep-26;25,00;25.05;25,14;-0,47;;80
09/09/26;BBVA;PUT;Sep-26;25,50;25.05;24,88;-0,66;;25
09/09/26;BBVA;PUT;Sep-26;26,00;25.05;24,71;-0,82;;15
09/09/26;BBVA;PUT;Oct-26;22,00;25.05;29,56;-0,10;;20
09/09/26;BBVA;PUT;Oct-26;24,00;25.05;25,99;-0,35;;25
09/09/26;BBVA;PUT;Oct-26;24,00;25.05;25,99;-0,35;;10
09/09/26;BBVA;PUT;Oct-26;25,00;25.05;24,21;-0,54;;10
09/09/26;BBVA;PUT;Oct-26;25,00;25.05;24,21;-0,54;10;40
09/09/26;BBVA;PUT;Oct-26;26,00;25.05;23,82;-0,73;;15
09/09/26;BBVA;PUT;Nov-26;24,00;25.05;27,60;-0,37;;29
09/09/26;BBVA;PUT;Nov-26;25,00;25.05;25,85;-0,50;;5
09/09/26;BBVA;PUT;Dic-26;7,25;25.05;56,82;;;150
09/09/26;BBVA;PUT;Dic-26;8,50;25.05;54,64;;;150
09/09/26;BBVA;PUT;Dic-26;8,75;25.05;54,20;;;150
09/09/26;BBVA;PUT;Dic-26;9,00;25.05;53,77;;;150
09/09/26;BBVA;PUT;Dic-26;10,00;25.05;52,02;;;40
09/09/26;BBVA;PUT;Dic-26;15,50;25.05;42,44;-0,01;;5
09/09/26;BBVA;PUT;Dic-26;16,50;25.05;40,69;-0,02;;10
09/09/26;BBVA;PUT;Dic-26;17,00;25.05;39,82;-0,03;;23
09/09/26;BBVA;PUT;Dic-26;17,50;25.05;38,95;-0,04;;16
09/09/26;BBVA;PUT;Dic-26;21,00;25.05;32,85;-0,14;;16
09/09/26;BBVA;PUT;Dic-26;22,00;25.05;31,11;-0,20;;4
09/09/26;BBVA;PUT;Dic-26;23,00;25.05;29,36;-0,28;;1
09/09/26;BBVA;PUT;Dic-26;32,00;25.05;23,57;-0,97;;25
09/09/26;BBVA;PUT;Mar-27;10,00;25.05;48,15;;;150
09/09/26;BBVA;PUT;Mar-27;14,50;25.05;41,74;-0,03;;10
09/09/26;BBVA;PUT;Mar-27;17,00;25.05;38,18;-0,06;;20
09/09/26;BBVA;PUT;Mar-27;18,00;25.05;36,76;-0,09;;1
09/09/26;BBVA;PUT;Jun-27;22,00;25.05;30,85;-0,29;;70
09/09/26;BBVA;PUT;Jun-27;27,00;25.05;26,25;-0,61;;7
09/09/26;CAIXABANK;CALL;Sep-26;9,00;13.18;36,98;1,00;;1
09/09/26;CAIXABANK;CALL;Sep-26;10,00;13.18;33,36;1,00;;1
09/09/26;CAIXABANK;CALL;Sep-26;10,50;13.18;31,55;1,00;;1
09/09/26;CAIXABANK;CALL;Sep-26;11,00;13.18;29,74;1,00;;2
09/09/26;CAIXABANK;CALL;Sep-26;11,50;13.18;27,94;1,00;;4
09/09/26;CAIXABANK;CALL;Sep-26;12,00;13.18;26,13;0,99;;8
09/09/26;CAIXABANK;CALL;Sep-26;12,50;13.18;24,32;0,92;;20
09/09/26;CAIXABANK;CALL;Sep-26;13,00;13.18;22,51;0,66;;102
09/09/26;CAIXABANK;CALL;Sep-26;13,25;13.18;21,80;0,45;;1
09/09/26;CAIXABANK;CALL;Sep-26;13,50;13.18;21,60;0,25;;5
09/09/26;CAIXABANK;CALL;Oct-26;12,50;13.18;24,41;0,77;;3
09/09/26;CAIXABANK;CALL;Oct-26;13,25;13.18;21,99;0,50;;92
09/09/26;CAIXABANK;CALL;Nov-26;13,00;13.18;23,26;0,59;;4
09/09/26;CAIXABANK;CALL;Dic-26;7,00;13.18;45,08;1,00;;7.500
09/09/26;CAIXABANK;CALL;Dic-26;9,25;13.18;37,12;0,99;;1
09/09/26;CAIXABANK;CALL;Dic-26;10,50;13.18;32,69;0,94;;1.134
09/09/26;CAIXABANK;CALL;Dic-26;11,00;13.18;30,92;0,91;;20
09/09/26;CAIXABANK;CALL;Dic-26;11,50;13.18;29,15;0,86;;6.000
09/09/26;CAIXABANK;CALL;Dic-26;12,00;13.18;27,38;0,79;;1
09/09/26;CAIXABANK;CALL;Dic-26;12,50;13.18;25,61;0,69;;430
09/09/26;CAIXABANK;CALL;Dic-26;13,00;13.18;23,84;0,57;;2
09/09/26;CAIXABANK;CALL;Mar-27;9,50;13.18;34,61;0,94;;1
09/09/26;CAIXABANK;CALL;Mar-27;10,50;13.18;31,63;0,88;;14
09/09/26;CAIXABANK;CALL;Mar-27;12,50;13.18;25,66;0,65;10;21
09/09/26;CAIXABANK;CALL;Mar-27;13,00;13.18;24,17;0,56;;400
09/09/26;CAIXABANK;CALL;Mar-27;14,00;13.18;22,97;0,39;3;3
09/09/26;CAIXABANK;CALL;Jun-27;9,75;13.18;32,77;0,91;;150
09/09/26;CAIXABANK;CALL;Jun-27;10,00;13.18;32,15;0,90;;150
09/09/26;CAIXABANK;CALL;Jun-27;10,50;13.18;30,91;0,86;;150
09/09/26;CAIXABANK;CALL;Jun-27;11,00;13.18;29,67;0,81;;150
09/09/26;CAIXABANK;CALL;Jun-27;12,00;13.18;27,19;0,71;;1
09/09/26;CAIXABANK;CALL;Jun-27;13,00;13.18;24,72;0,57;;25
09/09/26;CAIXABANK;CALL;Jun-27;14,50;13.18;23,37;0,34;;1
09/09/26;CAIXABANK;CALL;Sep-27;13,50;13.18;25,11;0,50;2;1
09/09/26;CAIXABANK;CALL;Sep-27;15,00;13.18;24,09;0,32;6;6
09/09/26;CAIXABANK;CALL;Dic-27;10,50;13.18;31,68;0,81;;20
09/09/26;CAIXABANK;CALL;Dic-27;11,00;13.18;30,67;0,77;;1
09/09/26;CAIXABANK;CALL;Dic-27;11,50;13.18;29,66;0,72;;1
09/09/26;CAIXABANK;CALL;Jun-28;10,00;13.18;33,09;0,82;;150
09/09/26;CAIXABANK;CALL;Jun-28;10,50;13.18;32,28;0,79;;300
09/09/26;CAIXABANK;CALL;Jun-28;11,00;13.18;31,47;0,75;;1.250
09/09/26;CAIXABANK;CALL;Jun-28;11,50;13.18;30,66;0,71;;150
09/09/26;CAIXABANK;PUT;Sep-26;5,50;13.18;51,21;;;70.900
09/09/26;CAIXABANK;PUT;Sep-26;7,75;13.18;43,07;;;3
09/09/26;CAIXABANK;PUT;Sep-26;8,00;13.18;42,16;;;174
09/09/26;CAIXABANK;PUT;Sep-26;8,50;13.18;40,36;;;1.000
09/09/26;CAIXABANK;PUT;Sep-26;9,00;13.18;38,55;;;1
09/09/26;CAIXABANK;PUT;Sep-26;10,50;13.18;33,12;;;3
09/09/26;CAIXABANK;PUT;Sep-26;11,00;13.18;31,31;;;25
09/09/26;CAIXABANK;PUT;Sep-26;11,50;13.18;29,51;;;1
09/09/26;CAIXABANK;PUT;Sep-26;12,00;13.18;27,70;-0,01;;256
09/09/26;CAIXABANK;PUT;Sep-26;12,50;13.18;25,89;-0,09;;108
09/09/26;CAIXABANK;PUT;Sep-26;12,75;13.18;24,99;-0,19;25;25
09/09/26;CAIXABANK;PUT;Sep-26;13,00;13.18;24,08;-0,35;;17
09/09/26;CAIXABANK;PUT;Sep-26;13,25;13.18;23,37;-0,55;;2
09/09/26;CAIXABANK;PUT;Sep-26;13,50;13.18;23,17;-0,74;;5
09/09/26;CAIXABANK;PUT;Sep-26;13,75;13.18;22,97;-0,88;;1
09/09/26;CAIXABANK;PUT;Sep-26;14,00;13.18;22,77;-0,96;2;9
09/09/26;CAIXABANK;PUT;Sep-26;14,50;13.18;22,36;-1,00;;6
09/09/26;CAIXABANK;PUT;Oct-26;12,50;13.18;24,07;-0,23;;10
09/09/26;CAIXABANK;PUT;Oct-26;13,00;13.18;22,33;-0,40;;10
09/09/26;CAIXABANK;PUT;Dic-26;5,25;13.18;49,93;;;75
09/09/26;CAIXABANK;PUT;Dic-26;6,75;13.18;44,62;;;3
09/09/26;CAIXABANK;PUT;Dic-26;7,25;13.18;42,85;;;1
09/09/26;CAIXABANK;PUT;Dic-26;8,00;13.18;40,19;-0,01;;100
09/09/26;CAIXABANK;PUT;Dic-26;8,25;13.18;39,31;-0,01;;100
09/09/26;CAIXABANK;PUT;Dic-26;8,50;13.18;38,42;-0,01;;102
09/09/26;CAIXABANK;PUT;Dic-26;8,75;13.18;37,54;-0,02;;10
09/09/26;CAIXABANK;PUT;Dic-26;9,00;13.18;36,65;-0,02;;11
09/09/26;CAIXABANK;PUT;Dic-26;9,50;13.18;34,88;-0,03;;2
09/09/26;CAIXABANK;PUT;Dic-26;10,00;13.18;33,11;-0,05;;76
09/09/26;CAIXABANK;PUT;Dic-26;10,50;13.18;31,34;-0,08;;1.030
09/09/26;CAIXABANK;PUT;Dic-26;11,00;13.18;29,57;-0,12;;40
09/09/26;CAIXABANK;PUT;Dic-26;11,50;13.18;27,80;-0,17;;6.008
09/09/26;CAIXABANK;PUT;Dic-26;12,50;13.18;24,26;-0,34;;10
09/09/26;CAIXABANK;PUT;Dic-26;13,00;13.18;22,49;-0,46;;27
09/09/26;CAIXABANK;PUT;Dic-26;14,00;13.18;21,23;-0,72;;1
09/09/26;CAIXABANK;PUT;Mar-27;6,00;13.18;43,87;;;7.675
09/09/26;CAIXABANK;PUT;Mar-27;6,50;13.18;42,38;-0,01;;29.800
09/09/26;CAIXABANK;PUT;Mar-27;8,00;13.18;37,90;-0,03;;1
09/09/26;CAIXABANK;PUT;Mar-27;8,75;13.18;35,66;-0,04;;350
09/09/26;CAIXABANK;PUT;Mar-27;9,75;13.18;32,68;-0,08;;5
09/09/26;CAIXABANK;PUT;Mar-27;10,00;13.18;31,93;-0,10;;32
09/09/26;CAIXABANK;PUT;Mar-27;12,00;13.18;25,96;-0,28;;150
09/09/26;CAIXABANK;PUT;Mar-27;12,50;13.18;24,47;-0,36;;8
09/09/26;CAIXABANK;PUT;Jun-27;7,75;13.18;36,02;-0,04;;8.200
09/09/26;CAIXABANK;PUT;Jun-27;10,00;13.18;30,44;-0,14;;4.025
09/09/26;CAIXABANK;PUT;Jun-27;10,50;13.18;29,20;-0,18;;175
09/09/26;CAIXABANK;PUT;Jun-27;11,00;13.18;27,96;-0,22;;25
09/09/26;CAIXABANK;PUT;Jun-27;11,50;13.18;26,72;-0,28;;25
09/09/26;CAIXABANK;PUT;Jun-27;12,00;13.18;25,48;-0,34;;25
09/09/26;CAIXABANK;PUT;Jun-27;13,00;13.18;23,01;-0,48;;50
09/09/26;CAIXABANK;PUT;Dic-27;3,50;13.18;42,02;;;1
09/09/26;CAIXABANK;PUT;Dic-27;4,20;13.18;40,60;;;1
09/09/26;CAIXABANK;PUT;Dic-27;5,50;13.18;37,97;-0,01;;160
09/09/26;CAIXABANK;PUT;Dic-27;5,75;13.18;37,46;-0,02;;1
09/09/26;CAIXABANK;PUT;Dic-27;6,00;13.18;36,96;-0,02;;150
09/09/26;CAIXABANK;PUT;Dic-27;8,00;13.18;32,91;-0,07;;150
09/09/26;CAIXABANK;PUT;Dic-27;8,25;13.18;32,40;-0,08;;225
09/09/26;CAIXABANK;PUT;Dic-27;8,50;13.18;31,90;-0,09;;150
09/09/26;CAIXABANK;PUT;Dic-27;8,75;13.18;31,39;-0,10;;150
09/09/26;CAIXABANK;PUT;Dic-27;9,00;13.18;30,89;-0,12;;150
09/09/26;CAIXABANK;PUT;Dic-27;9,25;13.18;30,38;-0,13;;150
09/09/26;CAIXABANK;PUT;Dic-27;9,50;13.18;29,88;-0,14;;150
09/09/26;CAIXABANK;PUT;Dic-27;9,75;13.18;29,37;-0,16;;150
09/09/26;CAIXABANK;PUT;Dic-27;10,00;13.18;28,86;-0,18;;150
09/09/26;CAIXABANK;PUT;Jun-28;8,50;13.18;30,52;-0,12;;150
09/09/26;CAIXABANK;PUT;Jun-28;9,00;13.18;29,71;-0,15;;150
09/09/26;CAIXABANK;PUT;Jun-28;9,25;13.18;29,30;-0,16;;150
09/09/26;CAIXABANK;PUT;Jun-28;9,50;13.18;28,90;-0,17;;300
09/09/26;CAIXABANK;PUT;Jun-28;9,75;13.18;28,49;-0,19;;150
09/09/26;CAIXABANK;PUT;Jun-28;10,00;13.18;28,09;-0,21;;150
09/09/26;CAIXABANK;PUT;Dic-28;4,50;13.18;35,26;-0,01;;15.000
09/09/26;CAIXABANK;PUT;Dic-28;8,75;13.18;29,88;-0,15;;450
09/09/26;CAIXABANK;PUT;Dic-29;5,00;13.18;32,88;-0,03;;16.000
09/09/26;CAIXABANK;CALL;Sep-26;13,00;13.18;22,51;0,66;;10
09/09/26;CAIXABANK;CALL;Dic-26;9,00;13.18;38,00;0,97;;10
09/09/26;CAIXABANK;CALL;Dic-26;11,00;13.18;30,92;0,87;;10
09/09/26;CAIXABANK;CALL;Dic-26;12,00;13.18;27,38;0,74;;10
09/09/26;CAIXABANK;CALL;Dic-26;12,50;13.18;25,61;0,65;;10
09/09/26;CAIXABANK;PUT;Sep-26;11,50;13.18;29,51;;;10
09/09/26;CELLNEX;CALL;Sep-26;25,00;24.88;31,44;0,48;;13
09/09/26;CELLNEX;CALL;Sep-26;26,00;24.88;30,37;0,19;;11
09/09/26;CELLNEX;CALL;Sep-26;27,00;24.88;29,30;0,04;;30
09/09/26;CELLNEX;CALL;Sep-26;28,00;24.88;28,23;;;61
09/09/26;CELLNEX;CALL;Sep-26;29,00;24.88;27,15;;;43
09/09/26;CELLNEX;CALL;Sep-26;30,00;24.88;26,08;;;37
09/09/26;CELLNEX;CALL;Sep-26;31,00;24.88;25,01;;;22
09/09/26;CELLNEX;CALL;Sep-26;32,00;24.88;23,94;;;56
09/09/26;CELLNEX;CALL;Sep-26;33,00;24.88;22,87;;;25
09/09/26;CELLNEX;CALL;Sep-26;34,00;24.88;21,80;;;41
09/09/26;CELLNEX;CALL;Sep-26;35,00;24.88;20,72;;;30
09/09/26;CELLNEX;CALL;Sep-26;36,00;24.88;19,65;;;25
09/09/26;CELLNEX;CALL;Sep-26;37,00;24.88;18,58;;;25
09/09/26;CELLNEX;CALL;Sep-26;38,00;24.88;17,51;;;25
09/09/26;CELLNEX;CALL;Sep-26;39,00;24.88;16,44;;;25
09/09/26;CELLNEX;CALL;Sep-26;40,00;24.88;15,36;;;25
09/09/26;CELLNEX;CALL;Dic-26;18,00;24.88;38,28;0,96;;2
09/09/26;CELLNEX;CALL;Dic-26;20,00;24.88;35,77;0,90;;1
09/09/26;CELLNEX;CALL;Dic-26;21,00;24.88;34,51;0,86;;1
09/09/26;CELLNEX;CALL;Dic-26;24,00;24.88;30,73;0,64;;11
09/09/26;CELLNEX;CALL;Dic-26;25,00;24.88;29,58;0,54;;47
09/09/26;CELLNEX;CALL;Dic-26;27,00;24.88;29,00;0,34;;25
09/09/26;CELLNEX;CALL;Dic-26;28,00;24.88;28,70;0,25;;76
09/09/26;CELLNEX;CALL;Dic-26;29,00;24.88;28,41;0,18;;2.060
09/09/26;CELLNEX;CALL;Dic-26;30,00;24.88;28,11;0,13;5;143
09/09/26;CELLNEX;CALL;Dic-26;31,00;24.88;27,82;0,08;;110
09/09/26;CELLNEX;CALL;Dic-26;32,00;24.88;27,52;0,05;;218
09/09/26;CELLNEX;CALL;Dic-26;33,00;24.88;27,23;0,03;;120
09/09/26;CELLNEX;CALL;Dic-26;34,00;24.88;26,93;0,02;;190
09/09/26;CELLNEX;CALL;Dic-26;35,00;24.88;26,64;0,01;;115
09/09/26;CELLNEX;CALL;Dic-26;36,00;24.88;26,34;0,01;;85
09/09/26;CELLNEX;CALL;Dic-26;37,00;24.88;26,05;;;50
09/09/26;CELLNEX;CALL;Dic-26;38,00;24.88;25,75;;;25
09/09/26;CELLNEX;CALL;Dic-26;39,00;24.88;25,46;;;25
09/09/26;CELLNEX;CALL;Dic-26;40,00;24.88;25,16;;;125
09/09/26;CELLNEX;CALL;Dic-26;42,00;24.88;24,57;;;25
09/09/26;CELLNEX;CALL;Dic-26;44,00;24.88;23,98;;;25
09/09/26;CELLNEX;CALL;Dic-26;45,00;24.88;23,69;;;25
09/09/26;CELLNEX;CALL;Dic-26;46,00;24.88;23,39;;;25
09/09/26;CELLNEX;CALL;Mar-27;20,00;24.88;34,24;0,86;;33
09/09/26;CELLNEX;CALL;Mar-27;22,00;24.88;32,53;0,76;;4
09/09/26;CELLNEX;CALL;Mar-27;25,00;24.88;30,02;0,54;;50
09/09/26;CELLNEX;CALL;Mar-27;26,00;24.88;29,70;0,47;;26
09/09/26;CELLNEX;CALL;Mar-27;27,00;24.88;29,38;0,39;;25
09/09/26;CELLNEX;CALL;Mar-27;28,00;24.88;29,06;0,33;;51
09/09/26;CELLNEX;CALL;Mar-27;29,00;24.88;28,74;0,26;;1
09/09/26;CELLNEX;CALL;Mar-27;30,00;24.88;28,41;0,21;;317
09/09/26;CELLNEX;CALL;Mar-27;31,00;24.88;28,09;0,16;;75
09/09/26;CELLNEX;CALL;Mar-27;32,00;24.88;27,77;0,12;;120
09/09/26;CELLNEX;CALL;Mar-27;33,00;24.88;27,45;0,09;;51
09/09/26;CELLNEX;CALL;Mar-27;34,00;24.88;27,13;0,07;;25
09/09/26;CELLNEX;CALL;Mar-27;35,00;24.88;26,81;0,05;;25
09/09/26;CELLNEX;CALL;Jun-27;20,00;24.88;33,62;0,82;;6
09/09/26;CELLNEX;CALL;Jun-27;25,00;24.88;30,25;0,55;;1
09/09/26;CELLNEX;CALL;Jun-27;28,00;24.88;29,29;0,38;;100
09/09/26;CELLNEX;CALL;Jun-27;29,00;24.88;28,97;0,33;;100
09/09/26;CELLNEX;CALL;Jun-27;30,00;24.88;28,64;0,28;;125
09/09/26;CELLNEX;CALL;Jun-27;31,00;24.88;28,32;0,23;;150
09/09/26;CELLNEX;CALL;Jun-27;32,00;24.88;28,00;0,19;;100
09/09/26;CELLNEX;CALL;Jun-27;33,00;24.88;27,68;0,16;;112
09/09/26;CELLNEX;CALL;Jun-27;34,00;24.88;27,36;0,12;;175
09/09/26;CELLNEX;CALL;Jun-27;35,00;24.88;27,04;0,10;;150
09/09/26;CELLNEX;CALL;Jun-27;36,00;24.88;26,71;0,08;;125
09/09/26;CELLNEX;CALL;Jun-27;37,00;24.88;26,39;0,06;;125
09/09/26;CELLNEX;CALL;Jun-27;38,00;24.88;26,07;0,04;;75
09/09/26;CELLNEX;CALL;Jun-27;39,00;24.88;25,75;0,03;;75
09/09/26;CELLNEX;CALL;Jun-27;40,00;24.88;25,43;0,02;;50
09/09/26;CELLNEX;CALL;Jun-27;41,00;24.88;25,11;0,02;;50
09/09/26;CELLNEX;CALL;Jun-27;42,00;24.88;24,79;0,01;;50
09/09/26;CELLNEX;CALL;Jun-27;43,00;24.88;24,46;0,01;;50
09/09/26;CELLNEX;CALL;Jun-27;44,00;24.88;24,14;0,01;;50
09/09/26;CELLNEX;CALL;Jun-27;45,00;24.88;23,82;;;50
09/09/26;CELLNEX;CALL;Jun-27;46,00;24.88;23,50;;;50
09/09/26;CELLNEX;CALL;Jun-27;49,00;24.88;22,53;;;50
09/09/26;CELLNEX;CALL;Jun-27;50,00;24.88;22,37;;;411
09/09/26;CELLNEX;CALL;Sep-27;34,00;24.88;27,16;0,16;;20
09/09/26;CELLNEX;CALL;Sep-27;35,00;24.88;26,81;0,13;;100
09/09/26;CELLNEX;CALL;Sep-27;36,00;24.88;26,47;0,10;;75
09/09/26;CELLNEX;CALL;Sep-27;37,00;24.88;26,12;0,08;;75
09/09/26;CELLNEX;CALL;Sep-27;41,00;24.88;24,72;0,03;;50
09/09/26;CELLNEX;CALL;Dic-27;25,00;24.88;30,63;0,57;;25
09/09/26;CELLNEX;CALL;Dic-27;26,00;24.88;30,32;0,52;;2
09/09/26;CELLNEX;CALL;Dic-27;27,00;24.88;30,02;0,48;;2.500
09/09/26;CELLNEX;CALL;Dic-27;28,00;24.88;29,71;0,43;;7
09/09/26;CELLNEX;CALL;Dic-27;29,00;24.88;29,40;0,39;;1
09/09/26;CELLNEX;CALL;Dic-27;30,00;24.88;29,09;0,35;;115
09/09/26;CELLNEX;CALL;Dic-27;31,00;24.88;28,78;0,31;;75
09/09/26;CELLNEX;CALL;Dic-27;32,00;24.88;28,48;0,27;;51
09/09/26;CELLNEX;CALL;Dic-27;33,00;24.88;28,17;0,24;;25
09/09/26;CELLNEX;CALL;Dic-27;34,00;24.88;27,86;0,20;;74
09/09/26;CELLNEX;CALL;Dic-27;35,00;24.88;27,55;0,17;;50
09/09/26;CELLNEX;CALL;Dic-27;37,00;24.88;26,94;0,12;;25
09/09/26;CELLNEX;CALL;Dic-27;38,00;24.88;26,63;0,11;;570
09/09/26;CELLNEX;CALL;Dic-27;40,00;24.88;26,01;0,07;;48
09/09/26;CELLNEX;CALL;Dic-27;44,00;24.88;24,78;0,03;;25
09/09/26;CELLNEX;CALL;Mar-28;29,00;24.88;29,92;0,41;;11
09/09/26;CELLNEX;CALL;Jun-28;26,00;24.88;30,64;0,54;;4
09/09/26;CELLNEX;CALL;Dic-29;40,00;24.88;29,26;0,26;;1.260
09/09/26;CELLNEX;PUT;Sep-26;19,00;24.88;37,82;;;1
09/09/26;CELLNEX;PUT;Sep-26;20,00;24.88;36,44;;;1
09/09/26;CELLNEX;PUT;Sep-26;21,00;24.88;35,06;;;19
09/09/26;CELLNEX;PUT;Sep-26;22,00;24.88;33,68;-0,01;;62
09/09/26;CELLNEX;PUT;Sep-26;23,00;24.88;32,30;-0,06;;23
09/09/26;CELLNEX;PUT;Sep-26;24,00;24.88;30,92;-0,22;;263
09/09/26;CELLNEX;PUT;Sep-26;25,00;24.88;29,58;-0,53;;69
09/09/26;CELLNEX;PUT;Sep-26;26,00;24.88;28,51;-0,83;;47
09/09/26;CELLNEX;PUT;Sep-26;27,00;24.88;27,44;-0,97;;69
09/09/26;CELLNEX;PUT;Sep-26;28,00;24.88;26,37;-1,00;;41
09/09/26;CELLNEX;PUT;Sep-26;29,00;24.88;25,29;-1,00;;28
09/09/26;CELLNEX;PUT;Sep-26;30,00;24.88;24,22;-1,00;;21
09/09/26;CELLNEX;PUT;Oct-26;22,00;24.88;31,86;-0,10;;1
09/09/26;CELLNEX;PUT;Oct-26;23,00;24.88;30,53;-0,19;;10
09/09/26;CELLNEX;PUT;Oct-26;24,00;24.88;29,21;-0,33;;15
09/09/26;CELLNEX;PUT;Oct-26;25,00;24.88;27,96;-0,50;;4
09/09/26;CELLNEX;PUT;Oct-26;27,00;24.88;26,59;-0,82;;20
09/09/26;CELLNEX;PUT;Nov-26;22,00;24.88;31,66;-0,16;;11
09/09/26;CELLNEX;PUT;Nov-26;23,00;24.88;30,35;-0,25;;20
09/09/26;CELLNEX;PUT;Nov-26;27,00;24.88;27,20;-0,73;;20
09/09/26;CELLNEX;PUT;Dic-26;18,00;24.88;36,51;-0,03;;2.001
09/09/26;CELLNEX;PUT;Dic-26;20,00;24.88;34,00;-0,09;;20
09/09/26;CELLNEX;PUT;Dic-26;21,00;24.88;32,74;-0,13;;225
09/09/26;CELLNEX;PUT;Dic-26;22,00;24.88;31,48;-0,19;;129
09/09/26;CELLNEX;PUT;Dic-26;23,00;24.88;30,22;-0,27;;689
09/09/26;CELLNEX;PUT;Dic-26;24,00;24.88;28,96;-0,36;;4.558
09/09/26;CELLNEX;PUT;Dic-26;25,00;24.88;27,81;-0,47;;63
09/09/26;CELLNEX;PUT;Dic-26;26,00;24.88;27,52;-0,58;;153
09/09/26;CELLNEX;PUT;Dic-26;27,00;24.88;27,23;-0,69;;84
09/09/26;CELLNEX;PUT;Dic-26;28,00;24.88;26,93;-0,78;;25
09/09/26;CELLNEX;PUT;Dic-26;29,00;24.88;26,64;-0,86;;3
09/09/26;CELLNEX;PUT;Dic-26;30,00;24.88;26,34;-0,92;;1
09/09/26;CELLNEX;PUT;Dic-26;32,00;24.88;25,75;-1,00;;26
09/09/26;CELLNEX;PUT;Dic-26;33,00;24.88;25,46;-1,00;;25
09/09/26;CELLNEX;PUT;Mar-27;20,00;24.88;32,57;-0,15;;1
09/09/26;CELLNEX;PUT;Mar-27;22,00;24.88;30,86;-0,26;;100
09/09/26;CELLNEX;PUT;Mar-27;23,00;24.88;30,00;-0,33;;53
09/09/26;CELLNEX;PUT;Mar-27;24,00;24.88;29,14;-0,40;;2
09/09/26;CELLNEX;PUT;Mar-27;25,00;24.88;28,35;-0,48;;85
09/09/26;CELLNEX;PUT;Mar-27;26,00;24.88;28,03;-0,56;;28
09/09/26;CELLNEX;PUT;Mar-27;27,00;24.88;27,71;-0,63;;117
09/09/26;CELLNEX;PUT;Mar-27;28,00;24.88;27,39;-0,70;;5
09/09/26;CELLNEX;PUT;Mar-27;30,00;24.88;26,74;-0,82;;9
09/09/26;CELLNEX;PUT;Mar-27;31,00;24.88;26,42;-0,87;;2
09/09/26;CELLNEX;PUT;Mar-27;32,00;24.88;26,10;-0,91;;10
09/09/26;CELLNEX;PUT;Mar-27;36,00;24.88;24,81;-0,98;;25
09/09/26;CELLNEX;PUT;Mar-27;37,00;24.88;24,49;-0,99;;25
09/09/26;CELLNEX;PUT;Jun-27;20,00;24.88;31,64;-0,18;;25
09/09/26;CELLNEX;PUT;Jun-27;20,50;24.88;31,30;-0,20;;10
09/09/26;CELLNEX;PUT;Jun-27;22,00;24.88;30,28;-0,28;;26
09/09/26;CELLNEX;PUT;Jun-27;23,00;24.88;29,59;-0,33;;25
09/09/26;CELLNEX;PUT;Jun-27;24,00;24.88;28,91;-0,40;;109
09/09/26;CELLNEX;PUT;Jun-27;25,00;24.88;28,27;-0,46;;25
09/09/26;CELLNEX;PUT;Jun-27;26,00;24.88;27,95;-0,53;;1.575
09/09/26;CELLNEX;PUT;Jun-27;27,00;24.88;27,63;-0,59;;10
09/09/26;CELLNEX;PUT;Jun-27;28,00;24.88;27,31;-0,66;;1
09/09/26;CELLNEX;PUT;Jun-27;29,00;24.88;26,99;-0,72;;1
09/09/26;CELLNEX;PUT;Jun-27;30,00;24.88;26,66;-0,77;;25
09/09/26;CELLNEX;PUT;Jun-27;31,00;24.88;26,34;-0,82;;75
09/09/26;CELLNEX;PUT;Jun-27;32,00;24.88;26,02;-0,86;;50
09/09/26;CELLNEX;PUT;Jun-27;33,00;24.88;25,70;-0,89;;50
09/09/26;CELLNEX;PUT;Jun-27;34,00;24.88;25,38;-0,92;;100
09/09/26;CELLNEX;PUT;Jun-27;35,00;24.88;25,06;-0,95;;100
09/09/26;CELLNEX;PUT;Jun-27;36,00;24.88;24,73;-0,96;;125
09/09/26;CELLNEX;PUT;Jun-27;37,00;24.88;24,41;-0,98;;100
09/09/26;CELLNEX;PUT;Jun-27;38,00;24.88;24,09;-0,98;;100
09/09/26;CELLNEX;PUT;Jun-27;39,00;24.88;23,77;-0,99;;25
09/09/26;CELLNEX;PUT;Sep-27;21,00;24.88;29,65;-0,24;;1
09/09/26;CELLNEX;PUT;Sep-27;24,00;24.88;27,88;-0,41;;3
09/09/26;CELLNEX;PUT;Sep-27;25,00;24.88;27,32;-0,46;;1
09/09/26;CELLNEX;PUT;Sep-27;36,00;24.88;23,49;-0,95;;25
09/09/26;CELLNEX;PUT;Sep-27;37,00;24.88;23,14;-0,96;;25
09/09/26;CELLNEX;PUT;Dic-27;21,00;24.88;28,99;-0,25;;1
09/09/26;CELLNEX;PUT;Dic-27;23,00;24.88;28,00;-0,35;;3
09/09/26;CELLNEX;PUT;Dic-27;30,00;24.88;25,49;-0,71;;75
09/09/26;CELLNEX;PUT;Dic-27;31,00;24.88;25,18;-0,76;;50
09/09/26;CELLNEX;PUT;Dic-27;32,00;24.88;24,88;-0,80;;26
09/09/26;CELLNEX;PUT;Dic-27;33,00;24.88;24,57;-0,84;;25
09/09/26;CELLNEX;PUT;Dic-27;34,00;24.88;24,26;-0,87;;25
09/09/26;CELLNEX;PUT;Mar-28;21,00;24.88;28,64;-0,26;;25
09/09/26;CELLNEX;PUT;Mar-28;22,00;24.88;28,21;-0,31;;100
09/09/26;CELLNEX;PUT;Mar-28;24,00;24.88;27,36;-0,40;;100
09/09/26;CELLNEX;PUT;Mar-28;25,00;24.88;26,95;-0,45;;2
09/09/26;CELLNEX;PUT;Jun-28;30,00;24.88;26,24;-0,66;;3
09/09/26;CELLNEX;CALL;Sep-26;28,00;24.88;28,23;;;25
09/09/26;CELLNEX;CALL;Sep-26;31,00;24.88;25,01;;;25
09/09/26;CELLNEX;CALL;Sep-26;32,00;24.88;23,94;;;25
09/09/26;CELLNEX;CALL;Sep-26;33,00;24.88;22,87;;;25
09/09/26;CELLNEX;CALL;Dic-26;28,00;24.88;28,70;0,25;;50
09/09/26;CELLNEX;CALL;Dic-26;29,00;24.88;28,41;0,18;;3
09/09/26;CELLNEX;CALL;Dic-26;32,00;24.88;27,52;0,05;;50
09/09/26;CELLNEX;CALL;Dic-26;35,00;24.88;26,64;0,01;;18
09/09/26;CELLNEX;CALL;Dic-30;30,00;24.88;30,11;0,43;;120
09/09/26;CELLNEX;PUT;Sep-26;25,00;24.88;29,58;-0,53;;10
09/09/26;CELLNEX;PUT;Dic-26;24,00;24.88;28,96;-0,36;;2
09/09/26;CELLNEX;PUT;Mar-27;24,00;24.88;29,14;-0,39;;2
09/09/26;CELLNEX;PUT;Mar-27;25,00;24.88;28,35;-0,47;;1
09/09/26;CELLNEX;PUT;Jun-27;23,00;24.88;29,59;-0,32;;2
09/09/26;CIE AUTOMOTIVE;CALL;Sep-26;23,00;25.3;20,69;1,00;;4
09/09/26;CIE AUTOMOTIVE;CALL;Sep-26;30,00;25.3;18,67;;;10
09/09/26;CIE AUTOMOTIVE;CALL;Sep-26;31,00;25.3;18,49;;;11
09/09/26;CIE AUTOMOTIVE;CALL;Sep-26;33,00;25.3;18,12;;;1
09/09/26;CIE AUTOMOTIVE;CALL;Dic-26;22,00;25.3;21,68;0,91;;4
09/09/26;CIE AUTOMOTIVE;CALL;Dic-26;26,00;25.3;19,96;0,44;;2
09/09/26;CIE AUTOMOTIVE;CALL;Dic-26;27,00;25.3;19,80;0,31;;6
09/09/26;CIE AUTOMOTIVE;CALL;Dic-26;31,00;25.3;19,17;0,03;;2
09/09/26;CIE AUTOMOTIVE;CALL;Mar-27;22,00;25.3;20,92;0,88;;1
09/09/26;CIE AUTOMOTIVE;CALL;Mar-27;24,00;25.3;20,13;0,69;;3
09/09/26;CIE AUTOMOTIVE;CALL;Mar-27;25,00;25.3;19,74;0,58;;2
09/09/26;CIE AUTOMOTIVE;CALL;Mar-27;29,00;25.3;19,23;0,17;;1
09/09/26;CIE AUTOMOTIVE;CALL;Mar-27;30,00;25.3;19,12;0,12;;2
09/09/26;CIE AUTOMOTIVE;CALL;Jun-27;29,00;25.3;19,12;0,24;;43
09/09/26;CIE AUTOMOTIVE;PUT;Sep-26;25,00;25.3;18,68;-0,33;;1
09/09/26;CIE AUTOMOTIVE;PUT;Sep-26;26,00;25.3;18,40;-0,82;;12
09/09/26;CIE AUTOMOTIVE;PUT;Sep-26;26,50;25.3;18,31;-0,95;;1
09/09/26;CIE AUTOMOTIVE;PUT;Oct-26;24,00;25.3;20,05;-0,19;;1
09/09/26;CIE AUTOMOTIVE;PUT;Dic-26;24,00;25.3;20,21;-0,27;3;7
09/09/26;CIE AUTOMOTIVE;PUT;Dic-26;25,00;25.3;19,73;-0,42;;2
09/09/26;CIE AUTOMOTIVE;PUT;Dic-26;26,00;25.3;19,47;-0,57;;2
09/09/26;CIE AUTOMOTIVE;PUT;Mar-27;24,00;25.3;19,74;-0,35;;1
09/09/26;CIE AUTOMOTIVE;PUT;Mar-27;26,00;25.3;19,16;-0,58;;10
09/09/26;CIE AUTOMOTIVE;PUT;Mar-27;28,00;25.3;18,95;-0,78;;20
09/09/26;CIE AUTOMOTIVE;PUT;Jun-27;24,00;25.3;19,64;-0,36;;1
09/09/26;COLONIAL;CALL;Sep-26;5,25;5.13;18,70;0,22;;45
09/09/26;COLONIAL;CALL;Sep-26;5,75;5.13;18,34;;;20
09/09/26;COLONIAL;CALL;Nov-26;5,30;5.13;19,72;0,39;;4
09/09/26;COLONIAL;CALL;Dic-26;4,60;5.13;20,12;0,87;;65
09/09/26;COLONIAL;CALL;Dic-26;5,25;5.13;19,62;0,45;;5
09/09/26;COLONIAL;CALL;Dic-26;5,50;5.13;19,44;0,28;;5
09/09/26;COLONIAL;CALL;Dic-26;9,50;5.13;16,58;;;1
09/09/26;COLONIAL;CALL;Mar-27;5,50;5.13;18,80;0,36;;25
09/09/26;COLONIAL;CALL;Mar-27;5,75;5.13;18,63;0,25;;45
09/09/26;COLONIAL;CALL;Mar-27;6,00;5.13;18,47;0,16;;1
09/09/26;COLONIAL;PUT;Sep-26;4,70;5.13;18,98;;;1
09/09/26;COLONIAL;PUT;Sep-26;4,80;5.13;18,89;-0,01;;10
09/09/26;COLONIAL;PUT;Sep-26;5,00;5.13;18,70;-0,19;;219
09/09/26;COLONIAL;PUT;Sep-26;5,25;5.13;18,50;-0,79;;1
09/09/26;COLONIAL;PUT;Sep-26;5,50;5.13;18,32;-1,00;17;
09/09/26;COLONIAL;PUT;Oct-26;5,00;5.13;18,97;-0,32;;1
09/09/26;COLONIAL;PUT;Oct-26;5,25;5.13;18,77;-0,64;;11
09/09/26;COLONIAL;PUT;Oct-26;5,30;5.13;18,73;-0,70;;2
09/09/26;COLONIAL;PUT;Nov-26;5,00;5.13;18,91;-0,35;2;2
09/09/26;COLONIAL;PUT;Nov-26;5,30;5.13;18,67;-0,63;;2
09/09/26;COLONIAL;PUT;Dic-26;4,00;5.13;19,63;-0,01;;1
09/09/26;COLONIAL;PUT;Dic-26;4,30;5.13;19,39;-0,03;;2.000
09/09/26;COLONIAL;PUT;Dic-26;4,80;5.13;19,00;-0,22;;2
09/09/26;COLONIAL;PUT;Dic-26;4,90;5.13;18,93;-0,29;;2
09/09/26;COLONIAL;PUT;Dic-26;5,00;5.13;18,85;-0,36;;130
09/09/26;COLONIAL;PUT;Dic-26;5,25;5.13;18,66;-0,56;1;984
09/09/26;COLONIAL;PUT;Dic-26;5,50;5.13;18,48;-0,75;;106
09/09/26;COLONIAL;PUT;Mar-27;4,80;5.13;18,72;-0,26;;1
09/09/26;COLONIAL;PUT;Mar-27;5,00;5.13;18,62;-0,37;;141
09/09/26;COLONIAL;PUT;Mar-27;5,25;5.13;18,47;-0,52;;202
09/09/26;COLONIAL;PUT;Mar-27;5,50;5.13;18,31;-0,67;;304
09/09/26;COLONIAL;PUT;Jun-27;5,30;5.13;19,52;-0,52;;251
09/09/26;COLONIAL;PUT;Jun-27;5,50;5.13;19,39;-0,62;;141
09/09/26;EBRO FOODS;CALL;Sep-26;18,50;18.32;13,05;0,33;;3
09/09/26;EBRO FOODS;CALL;Sep-26;19,00;18.32;11,64;0,02;;3
09/09/26;EBRO FOODS;CALL;Mar-27;18,50;18.32;13,50;0,48;;1
09/09/26;EBRO FOODS;CALL;Jun-27;18,00;18.32;14,01;0,58;;1
09/09/26;EBRO FOODS;PUT;Sep-26;17,00;18.32;12,90;;;1
09/09/26;EBRO FOODS;PUT;Sep-26;17,50;18.32;12,49;-0,01;;1
09/09/26;EBRO FOODS;PUT;Sep-26;18,00;18.32;12,07;-0,17;;1
09/09/26;EBRO FOODS;PUT;Oct-26;17,00;18.32;13,65;-0,07;;1
09/09/26;EBRO FOODS;PUT;Dic-26;17,50;18.32;13,56;-0,28;;4
09/09/26;EBRO FOODS;PUT;Jun-27;18,00;18.32;13,39;-0,45;;8
09/09/26;ENAGAS;CALL;Sep-26;15,00;16.49;21,07;1,00;;1
09/09/26;ENAGAS;CALL;Sep-26;16,00;16.49;19,15;0,85;;7
09/09/26;ENAGAS;CALL;Sep-26;17,00;16.49;17,52;0,14;;4
09/09/26;ENAGAS;CALL;Sep-26;17,50;16.49;16,84;0,01;;307
09/09/26;ENAGAS;CALL;Sep-26;18,00;16.49;16,16;;;46
09/09/26;ENAGAS;CALL;Sep-26;18,50;16.49;15,49;;;26
09/09/26;ENAGAS;CALL;Sep-26;19,00;16.49;14,81;;;1
09/09/26;ENAGAS;CALL;Oct-26;17,00;16.49;20,81;0,35;;1
09/09/26;ENAGAS;CALL;Oct-26;18,00;16.49;19,45;0,09;1;2
09/09/26;ENAGAS;CALL;Oct-26;19,00;16.49;18,10;0,01;;1
09/09/26;ENAGAS;CALL;Nov-26;18,00;16.49;20,14;0,19;1;6
09/09/26;ENAGAS;CALL;Dic-26;15,50;16.49;24,33;0,73;;25
09/09/26;ENAGAS;CALL;Dic-26;16,00;16.49;23,43;0,64;;417
09/09/26;ENAGAS;CALL;Dic-26;17,00;16.49;22,00;0,44;;30
09/09/26;ENAGAS;CALL;Dic-26;17,50;16.49;21,47;0,34;;38
09/09/26;ENAGAS;CALL;Dic-26;18,00;16.49;20,93;0,25;;88
09/09/26;ENAGAS;CALL;Dic-26;18,50;16.49;20,40;0,17;;60
09/09/26;ENAGAS;CALL;Dic-26;19,00;16.49;19,86;0,11;;146
09/09/26;ENAGAS;CALL;Dic-26;19,50;16.49;19,33;0,06;;123
09/09/26;ENAGAS;CALL;Dic-26;20,00;16.49;18,79;0,03;;27
09/09/26;ENAGAS;CALL;Mar-27;12,00;16.49;27,84;0,98;;1
09/09/26;ENAGAS;CALL;Mar-27;15,50;16.49;23,10;0,70;;301
09/09/26;ENAGAS;CALL;Mar-27;16,00;16.49;22,42;0,62;;32
09/09/26;ENAGAS;CALL;Mar-27;17,00;16.49;21,38;0,45;;56
09/09/26;ENAGAS;CALL;Mar-27;17,50;16.49;21,00;0,36;;34
09/09/26;ENAGAS;CALL;Mar-27;18,00;16.49;20,63;0,29;;143
09/09/26;ENAGAS;CALL;Mar-27;19,00;16.49;19,88;0,16;;63
09/09/26;ENAGAS;CALL;Mar-27;19,50;16.49;19,51;0,12;;10
09/09/26;ENAGAS;CALL;Mar-27;20,00;16.49;19,13;0,08;;96
09/09/26;ENAGAS;CALL;Jun-27;16,00;16.49;23,09;0,60;;10
09/09/26;ENAGAS;CALL;Jun-27;18,00;16.49;21,66;0,35;;26
09/09/26;ENAGAS;CALL;Jun-27;19,50;16.49;20,84;0,20;;2
09/09/26;ENAGAS;CALL;Jun-27;20,00;16.49;20,56;0,16;;5
09/09/26;ENAGAS;CALL;Sep-27;20,00;16.49;21,69;0,19;;29
09/09/26;ENAGAS;CALL;Sep-27;20,50;16.49;21,42;0,16;;2
09/09/26;ENAGAS;CALL;Dic-27;15,00;16.49;25,57;0,69;;1
09/09/26;ENAGAS;CALL;Dic-27;16,00;16.49;24,41;0,59;;26
09/09/26;ENAGAS;CALL;Dic-27;19,50;16.49;22,45;0,27;;2
09/09/26;ENAGAS;CALL;Dic-27;20,00;16.49;22,22;0,23;;1
09/09/26;ENAGAS;CALL;Dic-27;20,50;16.49;21,99;0,20;;1
09/09/26;ENAGAS;CALL;Dic-27;21,00;16.49;21,75;0,17;;10
09/09/26;ENAGAS;CALL;Jun-28;18,00;16.49;21,53;0,40;;1
09/09/26;ENAGAS;CALL;Dic-28;16,00;16.49;20,69;0,57;;1
09/09/26;ENAGAS;PUT;Sep-26;12,00;16.49;26,42;;;6
09/09/26;ENAGAS;PUT;Sep-26;12,50;16.49;25,46;;;12
09/09/26;ENAGAS;PUT;Sep-26;13,00;16.49;24,50;;;217
09/09/26;ENAGAS;PUT;Sep-26;13,50;16.49;23,54;;;27
09/09/26;ENAGAS;PUT;Sep-26;14,00;16.49;22,58;;;44
09/09/26;ENAGAS;PUT;Sep-26;14,50;16.49;21,62;;;1
09/09/26;ENAGAS;PUT;Sep-26;15,00;16.49;20,66;;;25
09/09/26;ENAGAS;PUT;Sep-26;15,50;16.49;19,70;-0,02;;45
09/09/26;ENAGAS;PUT;Sep-26;16,00;16.49;18,74;-0,15;;11
09/09/26;ENAGAS;PUT;Sep-26;16,50;16.49;17,79;-0,50;;16
09/09/26;ENAGAS;PUT;Sep-26;16,75;16.49;17,45;-0,71;;17
09/09/26;ENAGAS;PUT;Sep-26;17,00;16.49;17,11;-0,87;;1
09/09/26;ENAGAS;PUT;Sep-26;17,50;16.49;16,43;-1,00;;3
09/09/26;ENAGAS;PUT;Sep-26;18,00;16.49;15,75;-1,00;;2
09/09/26;ENAGAS;PUT;Oct-26;15,50;16.49;23,25;-0,18;;1
09/09/26;ENAGAS;PUT;Oct-26;16,00;16.49;22,31;-0,31;;14
09/09/26;ENAGAS;PUT;Oct-26;16,50;16.49;21,38;-0,48;;5
09/09/26;ENAGAS;PUT;Oct-26;18,00;16.49;19,34;-0,93;1;1
09/09/26;ENAGAS;PUT;Nov-26;15,00;16.49;25,42;-0,18;;3
09/09/26;ENAGAS;PUT;Nov-26;15,50;16.49;24,49;-0,25;1;1
09/09/26;ENAGAS;PUT;Nov-26;16,00;16.49;23,56;-0,35;;17
09/09/26;ENAGAS;PUT;Nov-26;16,50;16.49;22,64;-0,47;;1
09/09/26;ENAGAS;PUT;Dic-26;12,50;16.49;31,88;-0,04;;2
09/09/26;ENAGAS;PUT;Dic-26;13,00;16.49;30,98;-0,06;;227
09/09/26;ENAGAS;PUT;Dic-26;13,50;16.49;30,08;-0,08;;51
09/09/26;ENAGAS;PUT;Dic-26;14,00;16.49;29,18;-0,12;;283
09/09/26;ENAGAS;PUT;Dic-26;14,50;16.49;28,28;-0,16;;126
09/09/26;ENAGAS;PUT;Dic-26;15,00;16.49;27,38;-0,22;;612
09/09/26;ENAGAS;PUT;Dic-26;15,50;16.49;26,48;-0,29;;35
09/09/26;ENAGAS;PUT;Dic-26;16,00;16.49;25,58;-0,37;;41
09/09/26;ENAGAS;PUT;Dic-26;16,50;16.49;24,69;-0,46;;25
09/09/26;ENAGAS;PUT;Dic-26;17,50;16.49;23,62;-0,65;;26
09/09/26;ENAGAS;PUT;Mar-27;12,00;16.49;26,69;-0,05;;1
09/09/26;ENAGAS;PUT;Mar-27;13,00;16.49;25,34;-0,09;;25
09/09/26;ENAGAS;PUT;Mar-27;14,00;16.49;23,98;-0,17;;233
09/09/26;ENAGAS;PUT;Mar-27;14,50;16.49;23,31;-0,22;;56
09/09/26;ENAGAS;PUT;Mar-27;15,00;16.49;22,63;-0,28;;30
09/09/26;ENAGAS;PUT;Mar-27;15,50;16.49;21,95;-0,35;;4
09/09/26;ENAGAS;PUT;Mar-27;16,00;16.49;21,27;-0,43;;540
09/09/26;ENAGAS;PUT;Mar-27;16,50;16.49;20,60;-0,51;;27
09/09/26;ENAGAS;PUT;Mar-27;17,00;16.49;20,23;-0,60;;36
09/09/26;ENAGAS;PUT;Jun-27;17,00;16.49;20,31;-0,57;;52
09/09/26;ENAGAS;PUT;Jun-27;17,50;16.49;20,04;-0,64;;28
09/09/26;ENAGAS;PUT;Sep-27;12,50;16.49;25,79;-0,14;;470
09/09/26;ENAGAS;PUT;Sep-27;13,00;16.49;25,19;-0,18;;75
09/09/26;ENAGAS;PUT;Sep-27;13,50;16.49;24,60;-0,22;;1
09/09/26;ENAGAS;PUT;Sep-27;14,00;16.49;24,00;-0,26;;25
09/09/26;ENAGAS;PUT;Sep-27;17,00;16.49;20,76;-0,59;;25
09/09/26;ENAGAS;PUT;Dic-27;11,00;16.49;26,90;-0,08;;4.100
09/09/26;ENAGAS;PUT;Dic-27;14,00;16.49;23,44;-0,27;;1
09/09/26;ENAGAS;PUT;Mar-28;12,00;16.49;24,03;-0,14;;75
09/09/26;ENAGAS;PUT;Mar-28;14,50;16.49;21,35;-0,33;;173
09/09/26;ENAGAS;PUT;Mar-28;15,50;16.49;20,28;-0,43;;25
09/09/26;ENAGAS;PUT;Mar-28;16,00;16.49;19,74;-0,48;;50
09/09/26;ENAGAS;PUT;Mar-28;16,50;16.49;19,22;-0,54;;25
09/09/26;ENAGAS;PUT;Jun-28;15,00;16.49;19,78;-0,38;10;10
09/09/26;ENAGAS;PUT;Jun-28;16,00;16.49;18,79;-0,48;;25
09/09/26;ENAGAS;PUT;Jun-28;16,50;16.49;18,30;-0,53;;25
09/09/26;ENAGAS;PUT;Jun-28;18,00;16.49;17,81;-0,68;;141
09/09/26;ENAGAS;CALL;Sep-26;12,50;16.49;25,87;1,00;;25
09/09/26;ENAGAS;CALL;Sep-26;13,50;16.49;23,95;1,00;;5
09/09/26;ENAGAS;CALL;Sep-26;14,00;16.49;22,99;1,00;;2
09/09/26;ENAGAS;CALL;Sep-26;17,00;16.49;17,52;0,14;;1
09/09/26;ENAGAS;CALL;Sep-26;17,50;16.49;16,84;0,01;;1
09/09/26;ENAGAS;CALL;Sep-26;18,00;16.49;16,16;;;25
09/09/26;ENAGAS;CALL;Dic-26;16,50;16.49;22,54;0,54;;25
09/09/26;ENAGAS;CALL;Dic-26;17,00;16.49;22,00;0,44;;100
09/09/26;ENAGAS;CALL;Dic-26;17,50;16.49;21,47;0,34;;50
09/09/26;ENAGAS;CALL;Dic-26;18,00;16.49;20,93;0,25;;25
09/09/26;ENAGAS;PUT;Sep-26;11,00;16.49;28,34;;;1
09/09/26;ENAGAS;PUT;Sep-26;14,00;16.49;22,58;;;25
09/09/26;ENAGAS;PUT;Sep-26;15,50;16.49;19,70;-0,02;;25
09/09/26;ENAGAS;PUT;Sep-26;16,00;16.49;18,74;-0,15;;2
09/09/26;ENAGAS;PUT;Sep-26;17,00;16.49;17,11;-0,86;;25
09/09/26;ENAGAS;PUT;Nov-26;15,50;16.49;24,49;-0,25;;2
09/09/26;ENAGAS;PUT;Dic-26;13,00;16.49;30,98;-0,06;;25
09/09/26;ENAGAS;PUT;Dic-26;13,50;16.49;30,08;-0,08;;75
09/09/26;ENAGAS;PUT;Dic-26;14,00;16.49;29,18;-0,12;;25
09/09/26;ENAGAS;PUT;Dic-26;15,50;16.49;26,48;-0,28;;5
09/09/26;ENAGAS;PUT;Dic-26;16,50;16.49;24,69;-0,45;;10
09/09/26;ENAGAS;PUT;Mar-27;14,50;16.49;23,31;-0,21;;50
09/09/26;ENAGAS;PUT;Mar-27;15,00;16.49;22,63;-0,27;;1
09/09/26;ENAGAS;PUT;Mar-27;15,50;16.49;21,95;-0,34;;9
09/09/26;ENAGAS;PUT;Jun-27;15,50;16.49;21,83;-0,34;;6
09/09/26;ENCE;CALL;Mar-27;2,00;2.51;24,52;0,95;;13
09/09/26;ENCE;CALL;Mar-27;2,10;2.51;24,41;0,90;;4
09/09/26;ENCE;CALL;Jun-27;2,40;2.51;23,56;0,62;;10
09/09/26;ENCE;CALL;Mar-28;2,00;2.51;27,92;0,84;;4
09/09/26;ENCE;PUT;Sep-26;4,70;2.51;7,91;-1,00;;10
09/09/26;ENCE;PUT;Jun-27;2,70;2.51;24,43;-0,63;;5
09/09/26;ENDESA;CALL;Sep-26;38,00;41.8;20,16;1,00;;1
09/09/26;ENDESA;CALL;Sep-26;40,00;41.8;18,20;0,94;;1
09/09/26;ENDESA;CALL;Sep-26;41,00;41.8;17,21;0,77;;5
09/09/26;ENDESA;CALL;Sep-26;42,00;41.8;16,40;0,44;1;2
09/09/26;ENDESA;CALL;Sep-26;43,00;41.8;16,27;0,14;;5
09/09/26;ENDESA;CALL;Oct-26;40,00;41.8;20,25;0,77;;5
09/09/26;ENDESA;CALL;Oct-26;44,00;41.8;18,17;0,21;;1
09/09/26;ENDESA;CALL;Nov-26;44,00;41.8;18,84;0,30;;3
09/09/26;ENDESA;CALL;Dic-26;24,00;41.8;35,15;1,00;;2
09/09/26;ENDESA;CALL;Dic-26;35,00;41.8;25,32;0,93;;10
09/09/26;ENDESA;CALL;Dic-26;36,00;41.8;24,43;0,90;;10
09/09/26;ENDESA;CALL;Dic-26;37,00;41.8;23,54;0,86;;4
09/09/26;ENDESA;CALL;Dic-26;38,00;41.8;22,64;0,82;;4
09/09/26;ENDESA;CALL;Dic-26;40,00;41.8;20,86;0,70;;19
09/09/26;ENDESA;CALL;Dic-26;42,00;41.8;19,23;0,53;;1
09/09/26;ENDESA;CALL;Dic-26;43,00;41.8;19,13;0,43;;5
09/09/26;ENDESA;CALL;Dic-26;45,00;41.8;18,92;0,27;;11
09/09/26;ENDESA;CALL;Dic-26;46,00;41.8;18,81;0,20;;10
09/09/26;ENDESA;CALL;Dic-26;47,00;41.8;18,71;0,14;;20
09/09/26;ENDESA;CALL;Dic-26;48,00;41.8;18,61;0,10;;15
09/09/26;ENDESA;CALL;Mar-27;32,00;41.8;28,71;0,94;;1
09/09/26;ENDESA;CALL;Mar-27;34,00;41.8;26,95;0,90;;150
09/09/26;ENDESA;CALL;Mar-27;40,00;41.8;21,69;0,66;;1
09/09/26;ENDESA;CALL;Mar-27;41,00;41.8;20,81;0,60;;3
09/09/26;ENDESA;CALL;Mar-27;43,00;41.8;20,00;0,46;;5
09/09/26;ENDESA;CALL;Mar-27;44,00;41.8;19,92;0,40;;2
09/09/26;ENDESA;CALL;Mar-27;45,00;41.8;19,83;0,34;;1
09/09/26;ENDESA;CALL;Mar-27;54,00;41.8;19,04;0,04;;38
09/09/26;ENDESA;CALL;Mar-27;56,00;41.8;18,86;0,02;;15
09/09/26;ENDESA;CALL;Jun-27;25,00;41.8;33,12;0,98;;1
09/09/26;ENDESA;CALL;Jun-27;27,00;41.8;31,60;0,97;;2
09/09/26;ENDESA;CALL;Jun-27;32,00;41.8;27,81;0,90;;294
09/09/26;ENDESA;CALL;Jun-27;33,00;41.8;27,06;0,88;;291
09/09/26;ENDESA;CALL;Jun-27;37,00;41.8;24,03;0,77;;1
09/09/26;ENDESA;CALL;Jun-27;38,00;41.8;23,27;0,73;;1
09/09/26;ENDESA;CALL;Jun-27;41,00;41.8;21,00;0,60;;2
09/09/26;ENDESA;CALL;Jun-27;42,00;41.8;20,37;0,54;;2
09/09/26;ENDESA;CALL;Jun-27;44,00;41.8;20,16;0,44;;40
09/09/26;ENDESA;CALL;Jun-27;46,00;41.8;19,95;0,34;;50
09/09/26;ENDESA;CALL;Jun-27;48,00;41.8;19,75;0,25;;5
09/09/26;ENDESA;CALL;Jun-27;54,00;41.8;19,13;0,08;;155
09/09/26;ENDESA;CALL;Jun-27;56,00;41.8;18,92;0,05;;410
09/09/26;ENDESA;CALL;Sep-27;43,00;41.8;21,18;0,50;;75
09/09/26;ENDESA;CALL;Sep-27;44,00;41.8;21,06;0,45;;150
09/09/26;ENDESA;CALL;Sep-27;45,00;41.8;20,94;0,41;;1
09/09/26;ENDESA;CALL;Sep-27;49,00;41.8;20,46;0,25;;7
09/09/26;ENDESA;CALL;Dic-27;29,00;41.8;29,51;0,93;;1
09/09/26;ENDESA;CALL;Dic-27;31,00;41.8;28,25;0,89;;1
09/09/26;ENDESA;CALL;Dic-27;34,00;41.8;26,36;0,82;;1
09/09/26;ENDESA;CALL;Dic-27;40,00;41.8;22,58;0,63;;26
09/09/26;ENDESA;CALL;Dic-27;50,00;41.8;20,53;0,25;;2
09/09/26;ENDESA;CALL;Dic-27;52,00;41.8;20,31;0,19;;1
09/09/26;ENDESA;CALL;Mar-28;40,00;41.8;22,47;0,63;;25
09/09/26;ENDESA;CALL;Mar-28;44,00;41.8;21,20;0,47;;20
09/09/26;ENDESA;CALL;Mar-28;45,00;41.8;21,11;0,44;;1.215
09/09/26;ENDESA;CALL;Mar-28;46,00;41.8;21,02;0,40;;85
09/09/26;ENDESA;CALL;Mar-28;47,00;41.8;20,93;0,37;;795
09/09/26;ENDESA;CALL;Mar-28;48,00;41.8;20,85;0,33;;290
09/09/26;ENDESA;CALL;Mar-28;49,00;41.8;20,76;0,30;;80
09/09/26;ENDESA;CALL;Mar-28;50,00;41.8;20,67;0,27;;75
09/09/26;ENDESA;CALL;Mar-28;56,00;41.8;20,14;0,14;;13
09/09/26;ENDESA;CALL;Jun-28;46,00;41.8;21,05;0,42;;10
09/09/26;ENDESA;PUT;Sep-26;25,00;41.8;33,69;;;4
09/09/26;ENDESA;PUT;Sep-26;27,00;41.8;31,73;;;445
09/09/26;ENDESA;PUT;Sep-26;28,00;41.8;30,75;;;19
09/09/26;ENDESA;PUT;Sep-26;29,00;41.8;29,77;;;148
09/09/26;ENDESA;PUT;Sep-26;30,00;41.8;28,78;;;147
09/09/26;ENDESA;PUT;Sep-26;31,00;41.8;27,80;;;146
09/09/26;ENDESA;PUT;Sep-26;34,00;41.8;24,86;;;10
09/09/26;ENDESA;PUT;Sep-26;35,00;41.8;23,88;;;25
09/09/26;ENDESA;PUT;Sep-26;36,00;41.8;22,90;;;50
09/09/26;ENDESA;PUT;Sep-26;37,00;41.8;21,92;;;30
09/09/26;ENDESA;PUT;Sep-26;38,00;41.8;20,94;;;15
09/09/26;ENDESA;PUT;Sep-26;40,00;41.8;18,98;-0,07;;7
09/09/26;ENDESA;PUT;Sep-26;41,00;41.8;17,99;-0,24;;5
09/09/26;ENDESA;PUT;Sep-26;42,50;41.8;17,12;-0,72;;1
09/09/26;ENDESA;PUT;Sep-26;43,00;41.8;17,05;-0,85;;5
09/09/26;ENDESA;PUT;Dic-26;19,00;41.8;38,84;;;15
09/09/26;ENDESA;PUT;Dic-26;28,00;41.8;30,81;;;25
09/09/26;ENDESA;PUT;Dic-26;30,00;41.8;29,02;-0,01;;10
09/09/26;ENDESA;PUT;Dic-26;32,00;41.8;27,23;-0,02;;10
09/09/26;ENDESA;PUT;Dic-26;33,00;41.8;26,34;-0,03;;35
09/09/26;ENDESA;PUT;Dic-26;34,00;41.8;25,45;-0,05;;1
09/09/26;ENDESA;PUT;Dic-26;35,00;41.8;24,55;-0,07;;10
09/09/26;ENDESA;PUT;Dic-26;37,00;41.8;22,77;-0,13;;10
09/09/26;ENDESA;PUT;Dic-26;38,00;41.8;21,87;-0,17;;4
09/09/26;ENDESA;PUT;Dic-26;39,00;41.8;20,98;-0,23;;10
09/09/26;ENDESA;PUT;Dic-26;40,00;41.8;20,09;-0,30;;10
09/09/26;ENDESA;PUT;Mar-27;37,00;41.8;22,34;-0,20;;10
09/09/26;ENDESA;PUT;Mar-27;39,00;41.8;20,59;-0,30;;10
09/09/26;ENDESA;PUT;Jun-27;15,50;41.8;38,24;;;5
09/09/26;ENDESA;PUT;Jun-27;22,00;41.8;33,32;-0,01;;10
09/09/26;ENDESA;PUT;Jun-27;37,00;41.8;21,96;-0,23;;3
09/09/26;ENDESA;PUT;Jun-27;38,00;41.8;21,20;-0,27;;4
09/09/26;ENDESA;PUT;Dic-27;17,50;41.8;33,31;-0,01;;1
09/09/26;ENDESA;PUT;Dic-27;27,00;41.8;27,32;-0,06;;1
09/09/26;ENDESA;PUT;Dic-27;30,00;41.8;25,43;-0,10;;5
09/09/26;ENDESA;PUT;Dic-27;31,00;41.8;24,80;-0,12;;30
09/09/26;ENDESA;PUT;Dic-27;32,00;41.8;24,17;-0,14;;5
09/09/26;ENDESA;PUT;Dic-27;34,00;41.8;22,91;-0,19;;5
09/09/26;ENDESA;PUT;Dic-27;44,00;41.8;17,75;-0,60;;15
09/09/26;ENDESA;PUT;Mar-28;22,00;41.8;29,81;-0,03;;150
09/09/26;ENDESA;PUT;Mar-28;24,00;41.8;28,62;-0,04;;150
09/09/26;ENDESA;PUT;Mar-28;26,00;41.8;27,42;-0,06;;150
09/09/26;ENDESA;PUT;Mar-28;27,00;41.8;26,82;-0,07;;150
09/09/26;ENDESA;PUT;Mar-28;28,00;41.8;26,22;-0,09;;150
09/09/26;ENDESA;PUT;Jun-28;25,00;41.8;27,51;-0,06;;150
09/09/26;ENDESA;PUT;Jun-28;26,00;41.8;26,95;-0,07;;150
09/09/26;ENDESA;PUT;Jun-28;27,00;41.8;26,39;-0,08;;293
09/09/26;ENDESA;PUT;Jun-28;29,00;41.8;25,28;-0,11;;143
09/09/26;ENDESA;PUT;Jun-28;30,00;41.8;24,72;-0,12;;143
09/09/26;ENDESA;PUT;Jun-28;31,00;41.8;24,16;-0,14;;142
09/09/26;ENDESA;PUT;Jun-28;32,00;41.8;23,60;-0,16;;142
09/09/26;ENDESA;PUT;Jun-28;33,00;41.8;23,04;-0,19;;142
09/09/26;ENDESA;PUT;Dic-28;31,00;41.8;23,26;-0,17;;16
09/09/26;ENDESA;CALL;Sep-26;17,00;41.8;40,76;1,00;;25
09/09/26;ENDESA;CALL;Sep-26;34,00;41.8;24,08;1,00;;25
09/09/26;ENDESA;CALL;Sep-26;34,00;41.8;24,08;1,00;;25
09/09/26;ENDESA;CALL;Sep-26;42,00;41.8;16,40;0,44;;10
09/09/26;ENDESA;CALL;Sep-26;43,00;41.8;16,27;0,14;;1
09/09/26;ENDESA;CALL;Oct-26;42,00;41.8;18,44;0,50;;1
09/09/26;ENDESA;CALL;Oct-26;44,00;41.8;18,17;0,21;;2
09/09/26;ENDESA;CALL;Dic-26;33,00;41.8;27,11;0,96;;10
09/09/26;ENDESA;CALL;Dic-26;40,00;41.8;20,86;0,69;;10
09/09/26;ENDESA;CALL;Dic-26;42,00;41.8;19,23;0,52;;10
09/09/26;ENDESA;CALL;Mar-27;37,00;41.8;24,32;0,77;;10
09/09/26;ENDESA;PUT;Sep-26;24,00;41.8;34,67;;;25
09/09/26;ENDESA;PUT;Sep-26;25,00;41.8;33,69;;;25
09/09/26;ENDESA;PUT;Sep-26;26,00;41.8;32,71;;;25
09/09/26;ENDESA;PUT;Sep-26;26,00;41.8;32,71;;;25
09/09/26;ENDESA;PUT;Sep-26;32,00;41.8;26,82;;;10
09/09/26;ENDESA;PUT;Sep-26;34,00;41.8;24,86;;;25
09/09/26;ENDESA;PUT;Sep-26;35,00;41.8;23,88;;;25
09/09/26;ENDESA;PUT;Sep-26;35,00;41.8;23,88;;;50
09/09/26;ENDESA;PUT;Sep-26;36,00;41.8;22,90;;;25
09/09/26;ENDESA;PUT;Sep-26;37,00;41.8;21,92;;;50
09/09/26;ENDESA;PUT;Sep-26;39,00;41.8;19,96;-0,01;;10
09/09/26;ENDESA;PUT;Oct-26;40,00;41.8;19,65;-0,22;;10
09/09/26;ENDESA;PUT;Dic-26;32,00;41.8;27,23;-0,02;;8
09/09/26;ENDESA;PUT;Dic-26;36,00;41.8;23,66;-0,09;;10
09/09/26;ENDESA;PUT;Dic-26;39,00;41.8;20,98;-0,23;;30
09/09/26;FCC;CALL;Sep-26;10,50;10.68;16,98;0,75;;1
09/09/26;FCC;CALL;Jun-27;11,00;10.68;17,32;0,51;;1
09/09/26;FCC;CALL;Dic-27;16,50;10.68;17,85;0,01;;1
09/09/26;FCC;CALL;Jun-28;11,50;10.68;23,50;0,46;;200
09/09/26;FCC;PUT;Sep-26;11,00;10.68;17,44;-0,86;;1
09/09/26;FCC;PUT;Sep-26;11,50;10.68;15,97;-1,00;;1
09/09/26;FCC;PUT;Sep-26;12,00;10.68;14,51;-1,00;;3
09/09/26;FCC;PUT;Dic-26;10,50;10.68;19,73;-0,40;;20
09/09/26;FCC;PUT;Mar-27;9,50;10.68;20,88;-0,18;;257
09/09/26;FCC;PUT;Mar-27;10,00;10.68;20,33;-0,28;;250
09/09/26;FCC;PUT;Mar-27;10,50;10.68;19,79;-0,40;;482
09/09/26;FCC;PUT;Mar-27;11,00;10.68;18,96;-0,54;;224
09/09/26;FCC;PUT;Jun-27;10,50;10.68;20,75;-0,40;;9
09/09/26;FCC;PUT;Jun-27;11,50;10.68;19,63;-0,62;;3
09/09/26;FCC;PUT;Jun-27;12,00;10.68;19,02;-0,74;;417
09/09/26;FCC;PUT;Sep-27;11,00;10.68;22,39;-0,58;;226
09/09/26;FERROVIAL;CALL;Sep-26;48,00;48.63;28,47;0,63;4;4
09/09/26;FERROVIAL;CALL;Sep-26;49,00;48.63;27,58;0,44;1;1
09/09/26;FERROVIAL;CALL;Sep-26;50,00;48.63;27,04;0,27;;56
09/09/26;FERROVIAL;CALL;Sep-26;52,00;48.63;25,96;0,05;5;35
09/09/26;FERROVIAL;CALL;Sep-26;53,00;48.63;25,41;0,02;;4
09/09/26;FERROVIAL;CALL;Sep-26;54,00;48.63;24,87;;;56
09/09/26;FERROVIAL;CALL;Sep-26;56,00;48.63;23,79;;;61
09/09/26;FERROVIAL;CALL;Sep-26;57,00;48.63;23,25;;;6
09/09/26;FERROVIAL;CALL;Sep-26;58,00;48.63;22,71;;;2.060
09/09/26;FERROVIAL;CALL;Sep-26;60,00;48.63;21,62;;;92
09/09/26;FERROVIAL;CALL;Sep-26;62,00;48.63;20,54;;;104
09/09/26;FERROVIAL;CALL;Sep-26;64,00;48.63;19,46;;;10
09/09/26;FERROVIAL;CALL;Sep-26;66,00;48.63;18,37;;;25
09/09/26;FERROVIAL;CALL;Sep-26;74,00;48.63;14,04;;;75
09/09/26;FERROVIAL;CALL;Oct-26;54,00;48.63;23,30;0,09;;17
09/09/26;FERROVIAL;CALL;Oct-26;56,00;48.63;22,22;0,03;;9
09/09/26;FERROVIAL;CALL;Nov-26;56,00;48.63;23,05;0,09;;50
09/09/26;FERROVIAL;CALL;Nov-26;60,00;48.63;21,02;0,01;;1
09/09/26;FERROVIAL;CALL;Dic-26;47,00;48.63;27,95;0,63;;1
09/09/26;FERROVIAL;CALL;Dic-26;50,00;48.63;25,83;0,44;;4.000
09/09/26;FERROVIAL;CALL;Dic-26;52,00;48.63;25,09;0,32;;26
09/09/26;FERROVIAL;CALL;Dic-26;54,00;48.63;24,35;0,22;;25
09/09/26;FERROVIAL;CALL;Dic-26;56,00;48.63;23,61;0,14;;54
09/09/26;FERROVIAL;CALL;Dic-26;58,00;48.63;22,87;0,08;;25
09/09/26;FERROVIAL;CALL;Dic-26;60,00;48.63;22,13;0,04;;3.025
09/09/26;FERROVIAL;CALL;Dic-26;64,00;48.63;20,65;0,01;;5
09/09/26;FERROVIAL;CALL;Dic-26;66,00;48.63;19,91;;;5
09/09/26;FERROVIAL;CALL;Dic-26;68,00;48.63;19,17;;;235
09/09/26;FERROVIAL;CALL;Dic-26;70,00;48.63;18,43;;;25
09/09/26;FERROVIAL;CALL;Mar-27;45,00;48.63;28,01;0,69;;54
09/09/26;FERROVIAL;CALL;Mar-27;50,00;48.63;25,13;0,48;;102
09/09/26;FERROVIAL;CALL;Mar-27;52,00;48.63;24,73;0,40;;15
09/09/26;FERROVIAL;CALL;Mar-27;58,00;48.63;23,54;0,18;;25
09/09/26;FERROVIAL;CALL;Mar-27;60,00;48.63;23,14;0,13;;25
09/09/26;FERROVIAL;CALL;Mar-27;62,00;48.63;22,74;0,09;;25
09/09/26;FERROVIAL;CALL;Sep-27;44,00;48.63;28,17;0,71;;25
09/09/26;FERROVIAL;CALL;Sep-27;50,00;48.63;25,50;0,53;;25
09/09/26;FERROVIAL;CALL;Sep-27;52,00;48.63;25,23;0,47;;25
09/09/26;FERROVIAL;CALL;Sep-27;56,00;48.63;24,68;0,35;;25
09/09/26;FERROVIAL;CALL;Dic-27;50,00;48.63;25,65;0,54;;25
09/09/26;FERROVIAL;CALL;Dic-27;60,00;48.63;24,28;0,28;;25
09/09/26;FERROVIAL;CALL;Dic-27;70,00;48.63;22,91;0,11;;25
09/09/26;FERROVIAL;CALL;Mar-28;52,00;48.63;25,45;0,50;;25
09/09/26;FERROVIAL;CALL;Mar-28;54,00;48.63;25,17;0,45;;50
09/09/26;FERROVIAL;CALL;Mar-28;60,00;48.63;24,35;0,31;;25
09/09/26;FERROVIAL;CALL;Mar-28;66,00;48.63;23,53;0,20;;25
09/09/26;FERROVIAL;CALL;Jun-28;50,00;48.63;25,84;0,56;;50
09/09/26;FERROVIAL;CALL;Jun-28;56,00;48.63;25,06;0,43;;50
09/09/26;FERROVIAL;CALL;Jun-28;58,00;48.63;24,80;0,38;;25
09/09/26;FERROVIAL;CALL;Dic-28;50,00;48.63;26,31;0,58;;3.000
09/09/26;FERROVIAL;PUT;Sep-26;36,00;48.63;41,23;;;25
09/09/26;FERROVIAL;PUT;Sep-26;42,00;48.63;34,65;;;25
09/09/26;FERROVIAL;PUT;Sep-26;45,00;48.63;31,36;-0,05;;25
09/09/26;FERROVIAL;PUT;Sep-26;47,00;48.63;29,17;-0,22;;28
09/09/26;FERROVIAL;PUT;Sep-26;48,00;48.63;28,07;-0,37;2;55
09/09/26;FERROVIAL;PUT;Sep-26;49,00;48.63;27,18;-0,56;;29
09/09/26;FERROVIAL;PUT;Sep-26;50,00;48.63;26,64;-0,74;1;52
09/09/26;FERROVIAL;PUT;Sep-26;52,00;48.63;25,56;-0,96;;3.002
09/09/26;FERROVIAL;PUT;Sep-26;54,00;48.63;24,47;-1,00;2;1.544
09/09/26;FERROVIAL;PUT;Sep-26;58,00;48.63;22,31;-1,00;;35
09/09/26;FERROVIAL;PUT;Sep-26;64,00;48.63;19,06;-1,00;;25
09/09/26;FERROVIAL;PUT;Oct-26;46,00;48.63;27,77;-0,24;;5
09/09/26;FERROVIAL;PUT;Oct-26;48,00;48.63;25,63;-0,41;;7
09/09/26;FERROVIAL;PUT;Oct-26;49,00;48.63;24,76;-0,51;;15
09/09/26;FERROVIAL;PUT;Nov-26;43,00;48.63;31,04;-0,18;;7
09/09/26;FERROVIAL;PUT;Nov-26;46,00;48.63;27,85;-0,32;;2
09/09/26;FERROVIAL;PUT;Dic-26;44,00;48.63;29,91;-0,24;;51
09/09/26;FERROVIAL;PUT;Dic-26;48,00;48.63;25,96;-0,45;;7
09/09/26;FERROVIAL;PUT;Dic-26;49,00;48.63;25,20;-0,51;;26
09/09/26;FERROVIAL;PUT;Dic-26;50,00;48.63;24,83;-0,58;;25
09/09/26;FERROVIAL;PUT;Dic-26;54,00;48.63;23,35;-0,80;;26
09/09/26;FERROVIAL;PUT;Dic-26;56,00;48.63;22,61;-0,89;;25
09/09/26;FERROVIAL;PUT;Dic-26;58,00;48.63;21,87;-0,94;;130
09/09/26;FERROVIAL;PUT;Dic-26;60,00;48.63;21,13;-0,98;;10
09/09/26;FERROVIAL;PUT;Dic-26;72,00;48.63;16,69;-1,00;;1
09/09/26;FERROVIAL;PUT;Mar-27;39,00;48.63;32,36;-0,14;;100
09/09/26;FERROVIAL;PUT;Mar-27;45,00;48.63;28,04;-0,31;;25
09/09/26;FERROVIAL;PUT;Mar-27;46,00;48.63;27,32;-0,35;;26
09/09/26;FERROVIAL;PUT;Mar-27;47,00;48.63;26,60;-0,39;;50
09/09/26;FERROVIAL;PUT;Mar-27;48,00;48.63;25,88;-0,44;;76
09/09/26;FERROVIAL;PUT;Mar-27;49,00;48.63;25,36;-0,48;;90
09/09/26;FERROVIAL;PUT;Mar-27;50,00;48.63;25,16;-0,53;;125
09/09/26;FERROVIAL;PUT;Mar-27;52,00;48.63;24,76;-0,62;;135
09/09/26;FERROVIAL;PUT;Mar-27;54,00;48.63;24,36;-0,71;;25
09/09/26;FERROVIAL;PUT;Mar-27;56,00;48.63;23,96;-0,79;;1
09/09/26;FERROVIAL;PUT;Mar-27;58,00;48.63;23,57;-0,85;;25
09/09/26;FERROVIAL;PUT;Jun-27;44,00;48.63;28,53;-0,29;;25
09/09/26;FERROVIAL;PUT;Jun-27;49,00;48.63;25,61;-0,46;;50
09/09/26;FERROVIAL;PUT;Jun-27;60,00;48.63;23,96;-0,84;;8
09/09/26;FERROVIAL;PUT;Sep-27;41,00;48.63;30,04;-0,23;;1
09/09/26;FERROVIAL;PUT;Sep-27;44,00;48.63;28,44;-0,30;;51
09/09/26;FERROVIAL;PUT;Sep-27;45,00;48.63;27,90;-0,33;;25
09/09/26;FERROVIAL;PUT;Sep-27;47,00;48.63;26,83;-0,39;;25
09/09/26;FERROVIAL;PUT;Sep-27;48,00;48.63;26,30;-0,42;;50
09/09/26;FERROVIAL;PUT;Sep-27;49,00;48.63;25,91;-0,45;;25
09/09/26;FERROVIAL;PUT;Dic-27;35,00;48.63;32,48;-0,13;;1
09/09/26;FERROVIAL;PUT;Dic-27;39,00;48.63;30,50;-0,20;;25
09/09/26;FERROVIAL;PUT;Dic-27;40,00;48.63;30,01;-0,22;;25
09/09/26;FERROVIAL;PUT;Dic-27;45,00;48.63;27,54;-0,33;;25
09/09/26;FERROVIAL;PUT;Dic-27;54,00;48.63;25,01;-0,59;;525
09/09/26;FERROVIAL;PUT;Mar-28;58,00;48.63;24,44;-0,68;;1
09/09/26;FERROVIAL;PUT;Mar-28;60,00;48.63;24,16;-0,73;;3
09/09/26;FERROVIAL;PUT;Mar-28;62,00;48.63;23,89;-0,79;;26
09/09/26;FERROVIAL;PUT;Mar-28;64,00;48.63;23,61;-0,83;;25
09/09/26;FERROVIAL;PUT;Jun-28;44,00;48.63;27,56;-0,31;;25
09/09/26;FERROVIAL;PUT;Jun-28;45,00;48.63;27,15;-0,33;;25
09/09/26;FERROVIAL;PUT;Jun-28;46,00;48.63;26,74;-0,36;;25
09/09/26;FERROVIAL;PUT;Jun-28;48,00;48.63;25,92;-0,40;;25
09/09/26;FERROVIAL;PUT;Jun-28;49,00;48.63;25,61;-0,43;;25
09/09/26;FERROVIAL;PUT;Jun-28;50,00;48.63;25,48;-0,45;;25
09/09/26;FERROVIAL;PUT;Jun-28;52,00;48.63;25,22;-0,51;;25
09/09/26;FERROVIAL;PUT;Jun-28;54,00;48.63;24,96;-0,56;;26
09/09/26;FERROVIAL;PUT;Jun-28;56,00;48.63;24,70;-0,61;;25
09/09/26;FERROVIAL;PUT;Jun-28;58,00;48.63;24,44;-0,66;;26
09/09/26;FERROVIAL;PUT;Jun-28;64,00;48.63;23,66;-0,81;;75
09/09/26;FERROVIAL;CALL;Sep-26;60,00;48.63;21,62;;;70
09/09/26;FERROVIAL;CALL;Sep-26;60,00;48.63;21,62;;;226
09/09/26;FERROVIAL;CALL;Sep-26;62,00;48.63;20,54;;;452
09/09/26;FERROVIAL;CALL;Oct-26;52,00;48.63;24,39;0,22;;226
09/09/26;FERROVIAL;CALL;Oct-26;54,00;48.63;23,30;0,09;;452
09/09/26;FERROVIAL;CALL;Dic-26;60,00;48.63;22,13;0,04;;60
09/09/26;FERROVIAL;PUT;Sep-26;54,00;48.63;24,47;-1,00;;15
09/09/26;FERROVIAL;PUT;Sep-26;60,00;48.63;21,22;-1,00;;45
09/09/26;FERROVIAL;PUT;Sep-26;62,00;48.63;20,14;-1,00;;160
09/09/26;FERROVIAL;PUT;Sep-26;64,00;48.63;19,06;-1,00;;45
09/09/26;FERROVIAL;PUT;Oct-26;49,00;48.63;24,76;-0,51;1;1
09/09/26;FERROVIAL;PUT;Dic-26;49,00;48.63;25,20;-0,50;;25
09/09/26;FERROVIAL;PUT;Dic-26;50,00;48.63;24,83;-0,56;;25
09/09/26;FERROVIAL;PUT;Mar-27;40,00;48.63;31,64;-0,16;;300
09/09/26;FLUIDRA;CALL;Sep-26;19,00;18.19;20,67;0,10;;2
09/09/26;FLUIDRA;CALL;Sep-26;21,00;18.19;14,99;;;1
09/09/26;FLUIDRA;CALL;Sep-26;29,00;18.19;0,02;;;200
09/09/26;FLUIDRA;CALL;Dic-26;19,50;18.19;25,65;0,33;;1
09/09/26;FLUIDRA;CALL;Dic-26;24,00;18.19;24,09;0,01;;1
09/09/26;FLUIDRA;PUT;Sep-26;16,50;18.19;24,05;;;1
09/09/26;FLUIDRA;PUT;Sep-26;18,50;18.19;21,03;-0,69;;1
09/09/26;FLUIDRA;PUT;Oct-26;18,50;18.19;22,78;-0,57;;2
09/09/26;FLUIDRA;PUT;Dic-26;16,00;18.19;26,94;-0,19;1;1
09/09/26;FLUIDRA;PUT;Dic-26;17,00;18.19;25,73;-0,32;;325
09/09/26;FLUIDRA;PUT;Dic-26;17,50;18.19;25,12;-0,39;;25
09/09/26;FLUIDRA;PUT;Dic-26;18,00;18.19;24,52;-0,48;;625
09/09/26;FLUIDRA;PUT;Dic-26;18,50;18.19;24,18;-0,57;;1
09/09/26;FLUIDRA;PUT;Dic-26;19,00;18.19;24,01;-0,65;;185
09/09/26;FLUIDRA;PUT;Dic-26;21,00;18.19;23,31;-0,89;;7
09/09/26;FLUIDRA;PUT;Mar-27;21,00;18.19;25,14;-0,79;;14
09/09/26;FLUIDRA;PUT;Jun-27;27,00;18.19;25,12;-0,98;;11
09/09/26;FLUIDRA;PUT;Jun-27;28,00;18.19;24,99;-0,99;;11
09/09/26;GRIFOLS;CALL;Sep-26;6,75;9.96;41,05;1,00;;11
09/09/26;GRIFOLS;CALL;Sep-26;8,00;9.96;36,32;1,00;2;8
09/09/26;GRIFOLS;CALL;Sep-26;9,00;9.96;32,54;0,98;;12
09/09/26;GRIFOLS;CALL;Sep-26;9,25;9.96;31,59;0,94;;102
09/09/26;GRIFOLS;CALL;Sep-26;9,50;9.96;30,65;0,84;;112
09/09/26;GRIFOLS;CALL;Sep-26;9,75;9.96;29,70;0,68;;11
09/09/26;GRIFOLS;CALL;Sep-26;10,00;9.96;28,89;0,48;;141
09/09/26;GRIFOLS;CALL;Sep-26;10,50;9.96;28,61;0,13;;354
09/09/26;GRIFOLS;CALL;Sep-26;11,00;9.96;28,33;0,01;;2
09/09/26;GRIFOLS;CALL;Sep-26;11,50;9.96;28,04;;;30
09/09/26;GRIFOLS;CALL;Sep-26;12,00;9.96;27,76;;;121
09/09/26;GRIFOLS;CALL;Sep-26;12,50;9.96;27,47;;;29
09/09/26;GRIFOLS;CALL;Oct-26;10,00;9.96;26,36;0,51;;15
09/09/26;GRIFOLS;CALL;Oct-26;10,25;9.96;26,23;0,39;;1
09/09/26;GRIFOLS;CALL;Oct-26;10,50;9.96;26,11;0,29;;1
09/09/26;GRIFOLS;CALL;Oct-26;11,00;9.96;25,86;0,13;;6
09/09/26;GRIFOLS;CALL;Oct-26;12,00;9.96;25,35;0,01;;1
09/09/26;GRIFOLS;CALL;Nov-26;10,00;9.96;28,54;0,53;;102
09/09/26;GRIFOLS;CALL;Nov-26;10,50;9.96;28,31;0,38;;1
09/09/26;GRIFOLS;CALL;Nov-26;11,00;9.96;28,07;0,24;;2
09/09/26;GRIFOLS;CALL;Dic-26;7,75;9.96;35,82;0,94;;1
09/09/26;GRIFOLS;CALL;Dic-26;8,50;9.96;33,63;0,86;;26
09/09/26;GRIFOLS;CALL;Dic-26;8,75;9.96;32,90;0,82;;25
09/09/26;GRIFOLS;CALL;Dic-26;9,00;9.96;32,17;0,77;;56
09/09/26;GRIFOLS;CALL;Dic-26;9,25;9.96;31,45;0,72;;75
09/09/26;GRIFOLS;CALL;Dic-26;9,50;9.96;30,72;0,66;;267
09/09/26;GRIFOLS;CALL;Dic-26;9,75;9.96;29,99;0,60;;100
09/09/26;GRIFOLS;CALL;Dic-26;10,00;9.96;29,37;0,53;;177
09/09/26;GRIFOLS;CALL;Dic-26;10,50;9.96;29,19;0,40;25;199
09/09/26;GRIFOLS;CALL;Dic-26;11,00;9.96;29,01;0,28;;321
09/09/26;GRIFOLS;CALL;Dic-26;11,50;9.96;28,82;0,19;;52
09/09/26;GRIFOLS;CALL;Dic-26;12,00;9.96;28,64;0,12;;68
09/09/26;GRIFOLS;CALL;Dic-26;12,50;9.96;28,45;0,07;;99
09/09/26;GRIFOLS;CALL;Dic-26;13,00;9.96;28,27;0,04;;1.307
09/09/26;GRIFOLS;CALL;Dic-26;13,50;9.96;28,08;0,02;;1.187
09/09/26;GRIFOLS;CALL;Dic-26;14,00;9.96;27,90;0,01;;25
09/09/26;GRIFOLS;CALL;Dic-26;14,50;9.96;27,72;;;25
09/09/26;GRIFOLS;CALL;Dic-26;15,00;9.96;27,53;;;44
09/09/26;GRIFOLS;CALL;Dic-26;15,50;9.96;27,35;;;5
09/09/26;GRIFOLS;CALL;Dic-26;17,00;9.96;26,80;;;25
09/09/26;GRIFOLS;CALL;Dic-26;17,50;9.96;26,61;;;25
09/09/26;GRIFOLS;CALL;Mar-27;6,25;9.96;38,60;0,98;;3
09/09/26;GRIFOLS;CALL;Mar-27;7,00;9.96;37,05;0,95;;3
09/09/26;GRIFOLS;CALL;Mar-27;7,50;9.96;36,01;0,91;;41
09/09/26;GRIFOLS;CALL;Mar-27;8,00;9.96;34,97;0,86;;4
09/09/26;GRIFOLS;CALL;Mar-27;8,25;9.96;34,45;0,83;;5
09/09/26;GRIFOLS;CALL;Mar-27;8,50;9.96;33,93;0,79;;4
09/09/26;GRIFOLS;CALL;Mar-27;8,75;9.96;33,41;0,75;;201
09/09/26;GRIFOLS;CALL;Mar-27;9,00;9.96;32,89;0,71;;124
09/09/26;GRIFOLS;CALL;Mar-27;9,25;9.96;32,38;0,67;;127
09/09/26;GRIFOLS;CALL;Mar-27;9,50;9.96;31,86;0,63;;50
09/09/26;GRIFOLS;CALL;Mar-27;9,75;9.96;31,34;0,58;;107
09/09/26;GRIFOLS;CALL;Mar-27;10,00;9.96;30,90;0,53;;170
09/09/26;GRIFOLS;CALL;Mar-27;10,50;9.96;30,80;0,44;;35
09/09/26;GRIFOLS;CALL;Mar-27;11,50;9.96;30,60;0,29;;11
09/09/26;GRIFOLS;CALL;Mar-27;12,00;9.96;30,50;0,23;;211
09/09/26;GRIFOLS;CALL;Mar-27;12,50;9.96;30,40;0,17;;70
09/09/26;GRIFOLS;CALL;Mar-27;13,00;9.96;30,30;0,13;;528
09/09/26;GRIFOLS;CALL;Mar-27;14,00;9.96;30,10;0,07;;70
09/09/26;GRIFOLS;CALL;Mar-27;16,00;9.96;29,70;0,02;;10
09/09/26;GRIFOLS;CALL;Jun-27;8,00;9.96;35,46;0,81;;6
09/09/26;GRIFOLS;CALL;Jun-27;8,25;9.96;35,00;0,78;;3
09/09/26;GRIFOLS;CALL;Jun-27;8,75;9.96;34,10;0,72;;2
09/09/26;GRIFOLS;CALL;Jun-27;9,00;9.96;33,65;0,69;;58
09/09/26;GRIFOLS;CALL;Jun-27;9,25;9.96;33,20;0,66;;53
09/09/26;GRIFOLS;CALL;Jun-27;9,50;9.96;32,74;0,62;;27
09/09/26;GRIFOLS;CALL;Jun-27;9,75;9.96;32,29;0,59;;25
09/09/26;GRIFOLS;CALL;Jun-27;10,00;9.96;31,91;0,55;;67
09/09/26;GRIFOLS;CALL;Jun-27;10,50;9.96;31,85;0,48;;1
09/09/26;GRIFOLS;CALL;Jun-27;11,00;9.96;31,78;0,42;;12
09/09/26;GRIFOLS;CALL;Jun-27;11,50;9.96;31,71;0,36;;10
09/09/26;GRIFOLS;CALL;Jun-27;12,00;9.96;31,65;0,30;;22
09/09/26;GRIFOLS;CALL;Jun-27;12,50;9.96;31,58;0,25;;658
09/09/26;GRIFOLS;CALL;Jun-27;13,00;9.96;31,51;0,21;;20
09/09/26;GRIFOLS;CALL;Jun-27;14,00;9.96;31,38;0,14;;15
09/09/26;GRIFOLS;CALL;Jun-27;15,00;9.96;31,24;0,09;;50
09/09/26;GRIFOLS;CALL;Jun-27;16,00;9.96;31,11;0,06;;850
09/09/26;GRIFOLS;CALL;Sep-27;15,00;9.96;32,35;0,14;;10
09/09/26;GRIFOLS;CALL;Dic-27;8,00;9.96;36,24;0,78;;2
09/09/26;GRIFOLS;CALL;Dic-27;8,75;9.96;35,11;0,71;;15
09/09/26;GRIFOLS;CALL;Dic-27;11,00;9.96;33,22;0,47;;1
09/09/26;GRIFOLS;CALL;Dic-27;11,50;9.96;33,19;0,42;;5
09/09/26;GRIFOLS;CALL;Dic-27;12,00;9.96;33,15;0,38;;150
09/09/26;GRIFOLS;CALL;Dic-27;12,50;9.96;33,12;0,34;;100
09/09/26;GRIFOLS;CALL;Dic-27;15,00;9.96;32,95;0,18;;4
09/09/26;GRIFOLS;CALL;Mar-28;15,00;9.96;33,34;0,21;;3
09/09/26;GRIFOLS;CALL;Dic-28;9,00;9.96;33,03;0,68;;14
09/09/26;GRIFOLS;CALL;Dic-28;12,00;9.96;31,54;0,43;;1
09/09/26;GRIFOLS;CALL;Dic-28;15,50;9.96;30,95;0,23;;3
09/09/26;GRIFOLS;CALL;Dic-28;16,50;9.96;30,78;0,19;;2
09/09/26;GRIFOLS;CALL;Dic-28;17,50;9.96;30,62;0,15;;6
09/09/26;GRIFOLS;CALL;Dic-29;15,50;9.96;30,22;0,29;;3
09/09/26;GRIFOLS;PUT;Sep-26;6,50;9.96;44,83;;;10
09/09/26;GRIFOLS;PUT;Sep-26;7,25;9.96;41,99;;;4
09/09/26;GRIFOLS;PUT;Sep-26;7,75;9.96;40,10;;;3
09/09/26;GRIFOLS;PUT;Sep-26;8,00;9.96;39,15;;;31
09/09/26;GRIFOLS;PUT;Sep-26;8,25;9.96;38,20;;;24
09/09/26;GRIFOLS;PUT;Sep-26;8,50;9.96;37,26;;;142
09/09/26;GRIFOLS;PUT;Sep-26;8,75;9.96;36,31;-0,01;;71
09/09/26;GRIFOLS;PUT;Sep-26;9,00;9.96;35,37;-0,03;;115
09/09/26;GRIFOLS;PUT;Sep-26;9,25;9.96;34,42;-0,08;;112
09/09/26;GRIFOLS;PUT;Sep-26;9,50;9.96;33,48;-0,18;;69
09/09/26;GRIFOLS;PUT;Sep-26;9,75;9.96;32,53;-0,33;;18
09/09/26;GRIFOLS;PUT;Sep-26;10,00;9.96;31,72;-0,52;;82
09/09/26;GRIFOLS;PUT;Sep-26;10,50;9.96;31,44;-0,85;;147
09/09/26;GRIFOLS;PUT;Sep-26;11,00;9.96;31,16;-0,98;;75
09/09/26;GRIFOLS;PUT;Sep-26;11,50;9.96;30,87;-1,00;;39
09/09/26;GRIFOLS;PUT;Sep-26;12,00;9.96;30,59;-1,00;;22
09/09/26;GRIFOLS;PUT;Sep-26;12,50;9.96;30,30;-1,00;;10
09/09/26;GRIFOLS;PUT;Oct-26;8,75;9.96;29,13;-0,07;;37
09/09/26;GRIFOLS;PUT;Oct-26;9,25;9.96;27,59;-0,18;5;11
09/09/26;GRIFOLS;PUT;Oct-26;9,50;9.96;26,82;-0,27;;10
09/09/26;GRIFOLS;PUT;Oct-26;10,00;9.96;25,40;-0,50;;20
09/09/26;GRIFOLS;PUT;Nov-26;8,75;9.96;29,10;-0,14;30;30
09/09/26;GRIFOLS;PUT;Nov-26;9,50;9.96;26,87;-0,31;;13
09/09/26;GRIFOLS;PUT;Nov-26;9,75;9.96;26,12;-0,39;;2
09/09/26;GRIFOLS;PUT;Nov-26;10,00;9.96;25,49;-0,48;;100
09/09/26;GRIFOLS;PUT;Dic-26;6,00;9.96;38,31;-0,01;;25
09/09/26;GRIFOLS;PUT;Dic-26;6,25;9.96;37,58;-0,01;;5
09/09/26;GRIFOLS;PUT;Dic-26;6,50;9.96;36,86;-0,01;;1
09/09/26;GRIFOLS;PUT;Dic-26;6,75;9.96;36,13;-0,02;;25
09/09/26;GRIFOLS;PUT;Dic-26;7,00;9.96;35,40;-0,03;;10
09/09/26;GRIFOLS;PUT;Dic-26;7,25;9.96;34,67;-0,04;;291
09/09/26;GRIFOLS;PUT;Dic-26;7,50;9.96;33,94;-0,05;;29
09/09/26;GRIFOLS;PUT;Dic-26;7,75;9.96;33,22;-0,07;;26
09/09/26;GRIFOLS;PUT;Dic-26;8,00;9.96;32,49;-0,10;;317
09/09/26;GRIFOLS;PUT;Dic-26;8,25;9.96;31,76;-0,13;;2
09/09/26;GRIFOLS;PUT;Dic-26;8,50;9.96;31,03;-0,16;;757
09/09/26;GRIFOLS;PUT;Dic-26;8,75;9.96;30,30;-0,21;;12
09/09/26;GRIFOLS;PUT;Dic-26;9,00;9.96;29,57;-0,26;;221
09/09/26;GRIFOLS;PUT;Dic-26;9,25;9.96;28,85;-0,31;;141
09/09/26;GRIFOLS;PUT;Dic-26;9,50;9.96;28,12;-0,38;;448
09/09/26;GRIFOLS;PUT;Dic-26;9,75;9.96;27,39;-0,45;;14
09/09/26;GRIFOLS;PUT;Dic-26;10,00;9.96;26,77;-0,52;;1.722
09/09/26;GRIFOLS;PUT;Dic-26;10,50;9.96;26,59;-0,65;;29
09/09/26;GRIFOLS;PUT;Dic-26;11,00;9.96;26,41;-0,77;;305
09/09/26;GRIFOLS;PUT;Dic-26;11,50;9.96;26,22;-0,86;;16
09/09/26;GRIFOLS;PUT;Dic-26;12,00;9.96;26,04;-0,92;;1
09/09/26;GRIFOLS;PUT;Dic-26;12,50;9.96;25,85;-0,96;;1
09/09/26;GRIFOLS;PUT;Dic-26;13,00;9.96;25,67;-0,98;;10
09/09/26;GRIFOLS;PUT;Dic-26;13,50;9.96;25,48;-0,99;;113
09/09/26;GRIFOLS;PUT;Mar-27;6,25;9.96;38,50;-0,04;;50
09/09/26;GRIFOLS;PUT;Mar-27;6,50;9.96;37,98;-0,05;;17
09/09/26;GRIFOLS;PUT;Mar-27;6,75;9.96;37,47;-0,06;;250
09/09/26;GRIFOLS;PUT;Mar-27;7,00;9.96;36,95;-0,08;;163
09/09/26;GRIFOLS;PUT;Mar-27;7,25;9.96;36,43;-0,09;;76
09/09/26;GRIFOLS;PUT;Mar-27;7,50;9.96;35,91;-0,12;;770
09/09/26;GRIFOLS;PUT;Mar-27;7,75;9.96;35,39;-0,14;;146
09/09/26;GRIFOLS;PUT;Mar-27;8,00;9.96;34,87;-0,17;;127
09/09/26;GRIFOLS;PUT;Mar-27;8,25;9.96;34,35;-0,20;;5
09/09/26;GRIFOLS;PUT;Mar-27;8,50;9.96;33,83;-0,23;;13
09/09/26;GRIFOLS;PUT;Mar-27;8,75;9.96;33,31;-0,27;;3
09/09/26;GRIFOLS;PUT;Mar-27;9,00;9.96;32,79;-0,30;;1.128
09/09/26;GRIFOLS;PUT;Mar-27;9,25;9.96;32,28;-0,35;;2
09/09/26;GRIFOLS;PUT;Mar-27;9,75;9.96;31,24;-0,43;;1
09/09/26;GRIFOLS;PUT;Mar-27;10,00;9.96;30,80;-0,48;;15
09/09/26;GRIFOLS;PUT;Mar-27;10,50;9.96;30,70;-0,57;;14
09/09/26;GRIFOLS;PUT;Mar-27;11,00;9.96;30,60;-0,65;;130
09/09/26;GRIFOLS;PUT;Mar-27;16,00;9.96;29,60;-0,99;;5
09/09/26;GRIFOLS;PUT;Jun-27;6,00;9.96;39,99;-0,05;;20
09/09/26;GRIFOLS;PUT;Jun-27;7,50;9.96;37,28;-0,15;;10
09/09/26;GRIFOLS;PUT;Jun-27;8,00;9.96;36,38;-0,20;;150
09/09/26;GRIFOLS;PUT;Jun-27;8,25;9.96;35,92;-0,23;;1
09/09/26;GRIFOLS;PUT;Jun-27;9,00;9.96;34,57;-0,32;;10
09/09/26;GRIFOLS;PUT;Jun-27;10,00;9.96;32,83;-0,46;;848
09/09/26;GRIFOLS;PUT;Jun-27;10,50;9.96;32,77;-0,53;;7
09/09/26;GRIFOLS;PUT;Jun-27;11,00;9.96;32,70;-0,59;;3
09/09/26;GRIFOLS;PUT;Jun-27;11,50;9.96;32,63;-0,66;;7
09/09/26;GRIFOLS;PUT;Jun-27;12,00;9.96;32,57;-0,71;;206
09/09/26;GRIFOLS;PUT;Jun-27;12,50;9.96;32,50;-0,77;;402
09/09/26;GRIFOLS;PUT;Jun-27;13,00;9.96;32,43;-0,81;;195
09/09/26;GRIFOLS;PUT;Jun-27;13,50;9.96;32,37;-0,85;;25
09/09/26;GRIFOLS;PUT;Jun-27;15,50;9.96;32,10;-0,95;;142
09/09/26;GRIFOLS;PUT;Sep-27;13,00;9.96;33,90;-0,75;;5
09/09/26;GRIFOLS;PUT;Dic-27;8,25;9.96;37,63;-0,27;;1
09/09/26;GRIFOLS;PUT;Dic-27;8,50;9.96;37,25;-0,29;;5
09/09/26;GRIFOLS;PUT;Dic-27;8,75;9.96;36,88;-0,31;;3
09/09/26;GRIFOLS;PUT;Dic-27;10,50;9.96;35,02;-0,49;;242
09/09/26;GRIFOLS;PUT;Dic-27;11,00;9.96;34,99;-0,54;;228
09/09/26;GRIFOLS;PUT;Dic-27;11,50;9.96;34,96;-0,58;;30
09/09/26;GRIFOLS;PUT;Mar-28;9,50;9.96;36,37;-0,38;;268
09/09/26;GRIFOLS;PUT;Mar-28;10,00;9.96;35,71;-0,43;;260
09/09/26;GRIFOLS;PUT;Jun-28;6,00;9.96;40,23;-0,11;;26
09/09/26;GRIFOLS;PUT;Jun-28;8,25;9.96;37,21;-0,27;;2
09/09/26;GRIFOLS;PUT;Dic-28;6,50;9.96;37,97;-0,16;;25
09/09/26;GRIFOLS;PUT;Dic-28;7,00;9.96;37,36;-0,19;;1
09/09/26;GRIFOLS;PUT;Dic-28;8,00;9.96;36,16;-0,26;;4
09/09/26;GRIFOLS;PUT;Dic-28;9,75;9.96;34,05;-0,40;;1
09/09/26;GRIFOLS;PUT;Jun-29;8,50;9.96;34,38;-0,30;;2
09/09/26;GRIFOLS;PUT;Dic-29;8,50;9.96;33,52;-0,30;;3
09/09/26;GRIFOLS;PUT;Dic-29;9,75;9.96;32,52;-0,39;;1
09/09/26;GRIFOLS;PUT;Dic-30;10,00;9.96;31,56;-0,40;;15
09/09/26;GRIFOLS;CALL;Dic-26;10,00;9.96;29,37;0,49;;10
09/09/26;GRIFOLS;CALL;Dic-26;11,00;9.96;29,01;0,26;;10
09/09/26;GRIFOLS;CALL;Dic-26;11,50;9.96;28,82;0,17;;65
09/09/26;GRIFOLS;CALL;Dic-26;15,00;9.96;27,53;;;15
09/09/26;GRIFOLS;CALL;Jun-27;11,50;9.96;31,71;0,35;;50
09/09/26;GRIFOLS;CALL;Dic-27;11,50;9.96;33,19;0,39;;30
09/09/26;GRIFOLS;CALL;Jun-28;11,50;9.96;32,74;0,43;;60
09/09/26;GRIFOLS;PUT;Sep-26;9,00;9.96;35,37;-0,03;;10
09/09/26;GRIFOLS;PUT;Dic-26;9,50;9.96;28,12;-0,37;;10
09/09/26;GRIFOLS;PUT;Jun-27;9,00;9.96;34,57;-0,30;;1
09/09/26;HBX;CALL;Oct-26;8,25;7.22;29,59;0,09;;10
09/09/26;HBX;CALL;Dic-26;8,00;7.22;29,98;0,30;;10
09/09/26;HBX;CALL;Dic-26;8,25;7.22;29,82;0,23;;10
09/09/26;HBX;CALL;Mar-27;7,50;7.22;30,10;0,50;;10
09/09/26;HBX;CALL;Mar-27;7,75;7.22;29,93;0,44;;10
09/09/26;HBX;CALL;Mar-27;8,50;7.22;29,45;0,28;;10
09/09/26;HBX;CALL;Jun-27;6,75;7.22;29,07;0,68;;10
09/09/26;HBX;CALL;Jun-27;8,00;7.22;28,45;0,42;;10
09/09/26;HBX;CALL;Jun-27;8,50;7.22;28,13;0,33;;10
09/09/26;HBX;PUT;Dic-26;7,25;7.22;31,57;-0,47;;10
09/09/26;HBX;PUT;Jun-27;7,50;7.22;30,15;-0,49;;10
09/09/26;IAG;CALL;Sep-26;3,80;4.84;29,90;1,00;;10
09/09/26;IAG;CALL;Sep-26;4,00;4.84;29,46;1,00;;6
09/09/26;IAG;CALL;Sep-26;4,20;4.84;29,02;1,00;;11
09/09/26;IAG;CALL;Sep-26;4,40;4.84;28,58;0,98;;4
09/09/26;IAG;CALL;Sep-26;4,50;4.84;28,36;0,95;;14
09/09/26;IAG;CALL;Sep-26;4,60;4.84;28,14;0,88;;41
09/09/26;IAG;CALL;Sep-26;4,70;4.84;27,92;0,76;;16
09/09/26;IAG;CALL;Sep-26;4,80;4.84;27,70;0,59;;18
09/09/26;IAG;CALL;Sep-26;4,90;4.84;27,49;0,40;10;192
09/09/26;IAG;CALL;Sep-26;5,00;4.84;27,30;0,24;;74
09/09/26;IAG;CALL;Sep-26;5,10;4.84;27,11;0,12;;50
09/09/26;IAG;CALL;Sep-26;5,25;4.84;26,82;0,03;;4.576
09/09/26;IAG;CALL;Sep-26;5,30;4.84;26,72;0,02;;50
09/09/26;IAG;CALL;Sep-26;5,50;4.84;26,34;;;157
09/09/26;IAG;CALL;Sep-26;5,75;4.84;25,86;;;57
09/09/26;IAG;CALL;Sep-26;6,00;4.84;25,37;;;63
09/09/26;IAG;CALL;Sep-26;6,25;4.84;24,89;;;50
09/09/26;IAG;CALL;Oct-26;5,00;4.84;30,61;0,40;;13
09/09/26;IAG;CALL;Oct-26;5,25;4.84;30,13;0,22;;20
09/09/26;IAG;CALL;Dic-26;2,90;4.84;37,48;1,00;;1
09/09/26;IAG;CALL;Dic-26;3,00;4.84;37,24;1,00;;1
09/09/26;IAG;CALL;Dic-26;3,50;4.84;36,03;0,97;;1
09/09/26;IAG;CALL;Dic-26;4,00;4.84;34,82;0,89;;2
09/09/26;IAG;CALL;Dic-26;4,20;4.84;34,34;0,83;;20
09/09/26;IAG;CALL;Dic-26;4,30;4.84;34,10;0,79;;3
09/09/26;IAG;CALL;Dic-26;4,40;4.84;33,86;0,75;;3
09/09/26;IAG;CALL;Dic-26;4,50;4.84;33,62;0,71;;6
09/09/26;IAG;CALL;Dic-26;4,60;4.84;33,38;0,66;;2
09/09/26;IAG;CALL;Dic-26;4,80;4.84;32,90;0,56;;2
09/09/26;IAG;CALL;Dic-26;5,00;4.84;32,48;0,46;;801
09/09/26;IAG;CALL;Dic-26;5,25;4.84;31,98;0,35;;681
09/09/26;IAG;CALL;Dic-26;5,30;4.84;31,88;0,32;;4
09/09/26;IAG;CALL;Dic-26;5,50;4.84;31,48;0,24;;1.591
09/09/26;IAG;CALL;Dic-26;5,75;4.84;30,98;0,16;;100
09/09/26;IAG;CALL;Dic-26;6,00;4.84;30,48;0,10;;10
09/09/26;IAG;CALL;Dic-26;6,25;4.84;29,98;0,06;;35
09/09/26;IAG;CALL;Mar-27;4,00;4.84;36,46;0,81;;12
09/09/26;IAG;CALL;Mar-27;4,10;4.84;36,28;0,78;;1
09/09/26;IAG;CALL;Mar-27;4,20;4.84;36,11;0,75;;6
09/09/26;IAG;CALL;Mar-27;4,30;4.84;35,94;0,73;;5
09/09/26;IAG;CALL;Mar-27;4,60;4.84;35,42;0,63;;1
09/09/26;IAG;CALL;Mar-27;4,70;4.84;35,25;0,60;;3
09/09/26;IAG;CALL;Mar-27;4,80;4.84;35,08;0,57;;152
09/09/26;IAG;CALL;Mar-27;5,00;4.84;34,68;0,50;;33
09/09/26;IAG;CALL;Mar-27;5,25;4.84;34,16;0,42;;2
09/09/26;IAG;CALL;Mar-27;5,50;4.84;33,65;0,35;;275
09/09/26;IAG;CALL;Mar-27;6,00;4.84;32,61;0,22;;1
09/09/26;IAG;CALL;Mar-27;6,25;4.84;32,10;0,16;;250
09/09/26;IAG;CALL;Mar-27;6,50;4.84;31,58;0,12;;150
09/09/26;IAG;CALL;Jun-27;2,00;4.84;37,26;1,00;;2
09/09/26;IAG;CALL;Jun-27;2,20;4.84;36,99;1,00;;25
09/09/26;IAG;CALL;Jun-27;2,30;4.84;36,85;1,00;;25
09/09/26;IAG;CALL;Jun-27;2,40;4.84;36,71;1,00;;25
09/09/26;IAG;CALL;Jun-27;3,00;4.84;35,88;0,96;;5
09/09/26;IAG;CALL;Jun-27;3,40;4.84;35,33;0,91;;1
09/09/26;IAG;CALL;Jun-27;4,00;4.84;34,51;0,79;;3
09/09/26;IAG;CALL;Jun-27;4,10;4.84;34,37;0,77;;2
09/09/26;IAG;CALL;Jun-27;4,40;4.84;33,96;0,69;;3
09/09/26;IAG;CALL;Jun-27;4,50;4.84;33,82;0,67;;1
09/09/26;IAG;CALL;Jun-27;4,90;4.84;33,25;0,56;;3
09/09/26;IAG;CALL;Jun-27;5,00;4.84;33,10;0,53;;2
09/09/26;IAG;CALL;Jun-27;5,25;4.84;32,70;0,46;;20
09/09/26;IAG;CALL;Jun-27;5,50;4.84;32,30;0,39;;1
09/09/26;IAG;CALL;Jun-27;6,25;4.84;31,12;0,23;;2
09/09/26;IAG;CALL;Jun-27;6,50;4.84;30,72;0,18;;1
09/09/26;IAG;CALL;Sep-27;4,40;4.84;32,82;0,69;;25
09/09/26;IAG;CALL;Sep-27;4,50;4.84;32,69;0,66;;25
09/09/26;IAG;CALL;Sep-27;4,80;4.84;32,32;0,59;;1
09/09/26;IAG;CALL;Sep-27;5,00;4.84;32,05;0,54;;1
09/09/26;IAG;CALL;Sep-27;5,25;4.84;31,71;0,47;;4
09/09/26;IAG;CALL;Dic-27;2,00;4.84;36,78;1,00;;25
09/09/26;IAG;CALL;Dic-27;2,10;4.84;36,66;1,00;;25
09/09/26;IAG;CALL;Dic-27;2,20;4.84;36,53;1,00;;25
09/09/26;IAG;CALL;Dic-27;2,30;4.84;36,41;0,99;;25
09/09/26;IAG;CALL;Dic-27;2,40;4.84;36,28;0,99;;25
09/09/26;IAG;CALL;Dic-27;3,70;4.84;34,67;0,83;;1
09/09/26;IAG;CALL;Dic-27;4,10;4.84;34,18;0,75;;25
09/09/26;IAG;CALL;Dic-27;4,50;4.84;33,68;0,66;;1
09/09/26;IAG;CALL;Dic-27;4,90;4.84;33,20;0,57;;1
09/09/26;IAG;CALL;Dic-27;5,00;4.84;33,09;0,55;;4
09/09/26;IAG;CALL;Dic-27;5,25;4.84;32,84;0,50;;1
09/09/26;IAG;CALL;Dic-27;5,75;4.84;32,32;0,39;;4.000
09/09/26;IAG;CALL;Mar-28;6,00;4.84;32,77;0,38;;2
09/09/26;IAG;CALL;Jun-28;5,00;4.84;35,63;0,58;;1
09/09/26;IAG;PUT;Sep-26;2,20;4.84;34,98;;;3
09/09/26;IAG;PUT;Sep-26;2,50;4.84;34,32;;;65
09/09/26;IAG;PUT;Sep-26;3,20;4.84;32,77;;;50
09/09/26;IAG;PUT;Sep-26;3,30;4.84;32,55;;;15
09/09/26;IAG;PUT;Sep-26;3,50;4.84;32,11;;;17
09/09/26;IAG;PUT;Sep-26;3,90;4.84;31,23;;;5
09/09/26;IAG;PUT;Sep-26;4,00;4.84;31,01;;;205
09/09/26;IAG;PUT;Sep-26;4,10;4.84;30,79;;;224
09/09/26;IAG;PUT;Sep-26;4,20;4.84;30,57;;;2
09/09/26;IAG;PUT;Sep-26;4,40;4.84;30,13;-0,02;;21
09/09/26;IAG;PUT;Sep-26;4,50;4.84;29,91;-0,06;;68
09/09/26;IAG;PUT;Sep-26;4,70;4.84;29,47;-0,25;;22
09/09/26;IAG;PUT;Sep-26;4,80;4.84;29,25;-0,42;;112
09/09/26;IAG;PUT;Sep-26;4,90;4.84;29,04;-0,59;;110
09/09/26;IAG;PUT;Sep-26;5,00;4.84;28,85;-0,75;;107
09/09/26;IAG;PUT;Sep-26;5,25;4.84;28,37;-0,97;;10
09/09/26;IAG;PUT;Sep-26;5,30;4.84;28,27;-0,98;;10
09/09/26;IAG;PUT;Sep-26;5,50;4.84;27,89;-1,00;;13
09/09/26;IAG;PUT;Oct-26;4,20;4.84;33,88;-0,08;;150
09/09/26;IAG;PUT;Oct-26;4,80;4.84;32,44;-0,44;;35
09/09/26;IAG;PUT;Oct-26;4,90;4.84;32,22;-0,52;;10
09/09/26;IAG;PUT;Dic-26;2,60;4.84;38,26;;;4
09/09/26;IAG;PUT;Dic-26;2,80;4.84;37,78;;;20
09/09/26;IAG;PUT;Dic-26;2,90;4.84;37,54;;;20
09/09/26;IAG;PUT;Dic-26;3,30;4.84;36,57;-0,02;;20
09/09/26;IAG;PUT;Dic-26;3,50;4.84;36,09;-0,04;;19
09/09/26;IAG;PUT;Dic-26;3,70;4.84;35,61;-0,07;;4
09/09/26;IAG;PUT;Dic-26;3,80;4.84;35,37;-0,09;;151
09/09/26;IAG;PUT;Dic-26;3,90;4.84;35,13;-0,11;;137
09/09/26;IAG;PUT;Dic-26;4,00;4.84;34,88;-0,13;;817
09/09/26;IAG;PUT;Dic-26;4,10;4.84;34,64;-0,16;;12
09/09/26;IAG;PUT;Dic-26;4,20;4.84;34,40;-0,20;;55
09/09/26;IAG;PUT;Dic-26;4,30;4.84;34,16;-0,23;;7
09/09/26;IAG;PUT;Dic-26;4,40;4.84;33,92;-0,28;;54
09/09/26;IAG;PUT;Dic-26;4,50;4.84;33,68;-0,32;;7
09/09/26;IAG;PUT;Dic-26;4,60;4.84;33,44;-0,36;;7
09/09/26;IAG;PUT;Dic-26;4,70;4.84;33,20;-0,41;;2
09/09/26;IAG;PUT;Dic-26;4,80;4.84;32,96;-0,46;;4
09/09/26;IAG;PUT;Dic-26;4,90;4.84;32,74;-0,51;;6
09/09/26;IAG;PUT;Dic-26;5,00;4.84;32,54;-0,55;;160
09/09/26;IAG;PUT;Dic-26;5,25;4.84;32,04;-0,67;;11
09/09/26;IAG;PUT;Dic-26;5,50;4.84;31,54;-0,77;;1
09/09/26;IAG;PUT;Dic-26;5,75;4.84;31,04;-0,85;;1
09/09/26;IAG;PUT;Dic-26;6,00;4.84;30,54;-0,91;;100
09/09/26;IAG;PUT;Mar-27;3,20;4.84;35,64;-0,04;;40
09/09/26;IAG;PUT;Mar-27;3,50;4.84;35,13;-0,08;;17
09/09/26;IAG;PUT;Mar-27;3,70;4.84;34,78;-0,12;;20
09/09/26;IAG;PUT;Mar-27;4,00;4.84;34,27;-0,19;;4
09/09/26;IAG;PUT;Mar-27;4,10;4.84;34,09;-0,21;;1
09/09/26;IAG;PUT;Mar-27;4,40;4.84;33,58;-0,30;;20
09/09/26;IAG;PUT;Mar-27;4,60;4.84;33,23;-0,37;;25
09/09/26;IAG;PUT;Mar-27;4,70;4.84;33,06;-0,41;;255
09/09/26;IAG;PUT;Mar-27;4,80;4.84;32,89;-0,44;;2
09/09/26;IAG;PUT;Mar-27;5,00;4.84;32,49;-0,51;;13
09/09/26;IAG;PUT;Mar-27;5,25;4.84;31,97;-0,60;;3
09/09/26;IAG;PUT;Mar-27;5,50;4.84;31,46;-0,68;;6
09/09/26;IAG;PUT;Mar-27;5,75;4.84;30,94;-0,76;;1
09/09/26;IAG;PUT;Jun-27;3,50;4.84;34,16;-0,11;;30
09/09/26;IAG;PUT;Jun-27;3,70;4.84;33,88;-0,14;;25
09/09/26;IAG;PUT;Jun-27;4,00;4.84;33,47;-0,21;;3
09/09/26;IAG;PUT;Jun-27;4,10;4.84;33,33;-0,23;;2
09/09/26;IAG;PUT;Jun-27;4,40;4.84;32,92;-0,31;;3
09/09/26;IAG;PUT;Jun-27;4,50;4.84;32,78;-0,34;;1
09/09/26;IAG;PUT;Jun-27;5,00;4.84;32,06;-0,49;;7
09/09/26;IAG;PUT;Jun-27;5,25;4.84;31,66;-0,56;;1
09/09/26;IAG;PUT;Jun-27;5,50;4.84;31,26;-0,64;;2
09/09/26;IAG;PUT;Jun-27;6,00;4.84;30,47;-0,77;;2
09/09/26;IAG;PUT;Sep-27;3,20;4.84;33,76;-0,08;;5
09/09/26;IAG;PUT;Sep-27;4,50;4.84;32,15;-0,35;;2
09/09/26;IAG;PUT;Sep-27;4,80;4.84;31,78;-0,42;;1
09/09/26;IAG;PUT;Sep-27;5,00;4.84;31,51;-0,48;;1
09/09/26;IAG;PUT;Sep-27;5,25;4.84;31,17;-0,54;;2
09/09/26;IAG;PUT;Dic-27;3,20;4.84;34,68;-0,10;;15.000
09/09/26;IAG;PUT;Dic-27;3,50;4.84;34,31;-0,15;;20
09/09/26;IAG;PUT;Dic-27;4,00;4.84;33,69;-0,24;;18
09/09/26;IAG;PUT;Dic-27;4,60;4.84;32,95;-0,37;;25
09/09/26;IAG;PUT;Dic-27;4,90;4.84;32,59;-0,44;;4.001
09/09/26;IAG;PUT;Dic-27;5,00;4.84;32,48;-0,46;;4
09/09/26;IAG;PUT;Dic-27;5,25;4.84;32,23;-0,52;;2
09/09/26;IAG;PUT;Mar-28;3,50;4.84;34,58;-0,16;;25
09/09/26;IAG;PUT;Jun-28;4,20;4.84;34,91;-0,29;;25
09/09/26;IAG;PUT;Jun-28;4,40;4.84;34,73;-0,33;;25
09/09/26;IAG;CALL;Dic-29;3,40;4.84;40,90;0,73;;2
09/09/26;IAG;PUT;Sep-26;4,40;4.84;30,13;-0,02;;8
09/09/26;IBERDROLA;CALL;Sep-26;18,00;19.93;17,12;1,00;;30
09/09/26;IBERDROLA;CALL;Sep-26;19,00;19.93;15,80;0,97;;3
09/09/26;IBERDROLA;CALL;Sep-26;19,50;19.93;15,14;0,83;;5.000
09/09/26;IBERDROLA;CALL;Sep-26;20,00;19.93;14,57;0,45;1;166
09/09/26;IBERDROLA;CALL;Sep-26;20,25;19.93;14,55;0,25;;1
09/09/26;IBERDROLA;CALL;Sep-26;20,50;19.93;14,53;0,11;;6
09/09/26;IBERDROLA;CALL;Sep-26;20,75;19.93;14,51;0,04;;1
09/09/26;IBERDROLA;CALL;Sep-26;21,00;19.93;14,49;0,01;;29.614
09/09/26;IBERDROLA;CALL;Sep-26;21,50;19.93;14,45;;;35
09/09/26;IBERDROLA;CALL;Sep-26;22,00;19.93;14,41;;;416
09/09/26;IBERDROLA;CALL;Sep-26;22,50;19.93;14,36;;;2.500
09/09/26;IBERDROLA;CALL;Oct-26;19,50;19.93;15,19;0,70;;7
09/09/26;IBERDROLA;CALL;Oct-26;20,00;19.93;14,63;0,50;;1
09/09/26;IBERDROLA;CALL;Oct-26;20,50;19.93;14,58;0,30;;5.000
09/09/26;IBERDROLA;CALL;Oct-26;21,00;19.93;14,53;0,14;;10.001
09/09/26;IBERDROLA;CALL;Oct-26;22,00;19.93;14,43;0,02;;1
09/09/26;IBERDROLA;CALL;Nov-26;18,00;19.93;18,04;0,91;;3
09/09/26;IBERDROLA;CALL;Nov-26;21,00;19.93;15,44;0,26;;1
09/09/26;IBERDROLA;CALL;Dic-26;14,50;19.93;23,16;1,00;;2
09/09/26;IBERDROLA;CALL;Dic-26;15,00;19.93;22,50;0,99;;4
09/09/26;IBERDROLA;CALL;Dic-26;16,00;19.93;21,18;0,98;;4
09/09/26;IBERDROLA;CALL;Dic-26;17,00;19.93;19,86;0,95;;6.500
09/09/26;IBERDROLA;CALL;Dic-26;17,50;19.93;19,19;0,92;;2
09/09/26;IBERDROLA;CALL;Dic-26;18,00;19.93;18,53;0,88;;6.001
09/09/26;IBERDROLA;CALL;Dic-26;18,50;19.93;17,87;0,82;;32
09/09/26;IBERDROLA;CALL;Dic-26;19,00;19.93;17,21;0,74;;345
09/09/26;IBERDROLA;CALL;Dic-26;19,50;19.93;16,55;0,64;;26.516
09/09/26;IBERDROLA;CALL;Dic-26;20,00;19.93;15,98;0,53;;7.515
09/09/26;IBERDROLA;CALL;Dic-26;20,50;19.93;15,90;0,41;;6
09/09/26;IBERDROLA;CALL;Dic-26;21,00;19.93;15,83;0,31;;311
09/09/26;IBERDROLA;CALL;Dic-26;21,50;19.93;15,75;0,21;;11
09/09/26;IBERDROLA;CALL;Dic-26;22,00;19.93;15,68;0,14;;143
09/09/26;IBERDROLA;CALL;Dic-26;22,50;19.93;15,60;0,09;;517
09/09/26;IBERDROLA;CALL;Dic-26;23,00;19.93;15,53;0,05;;105
09/09/26;IBERDROLA;CALL;Dic-26;23,50;19.93;15,45;0,03;;8
09/09/26;IBERDROLA;CALL;Dic-26;24,00;19.93;15,38;0,01;;1
09/09/26;IBERDROLA;CALL;Dic-26;25,00;19.93;15,23;;;1
09/09/26;IBERDROLA;CALL;Mar-27;12,00;19.93;26,20;1,00;;5
09/09/26;IBERDROLA;CALL;Mar-27;16,00;19.93;21,72;0,95;;10
09/09/26;IBERDROLA;CALL;Mar-27;16,50;19.93;21,16;0,93;;5
09/09/26;IBERDROLA;CALL;Mar-27;18,00;19.93;19,48;0,82;;4
09/09/26;IBERDROLA;CALL;Mar-27;19,50;19.93;17,80;0,61;10;22
09/09/26;IBERDROLA;CALL;Mar-27;20,00;19.93;17,30;0,53;;100
09/09/26;IBERDROLA;CALL;Mar-27;20,50;19.93;17,17;0,45;;8
09/09/26;IBERDROLA;CALL;Mar-27;21,00;19.93;17,03;0,37;;501
09/09/26;IBERDROLA;CALL;Mar-27;22,00;19.93;16,76;0,23;;20
09/09/26;IBERDROLA;CALL;Mar-27;22,50;19.93;16,63;0,17;;4
09/09/26;IBERDROLA;CALL;Mar-27;23,00;19.93;16,50;0,13;;258
09/09/26;IBERDROLA;CALL;Mar-27;24,00;19.93;16,23;0,06;;10
09/09/26;IBERDROLA;CALL;Mar-27;26,00;19.93;15,69;0,01;;17
09/09/26;IBERDROLA;CALL;Jun-27;17,00;19.93;20,80;0,85;;100
09/09/26;IBERDROLA;CALL;Jun-27;17,50;19.93;20,29;0,81;;100
09/09/26;IBERDROLA;CALL;Jun-27;18,00;19.93;19,79;0,76;;1
09/09/26;IBERDROLA;CALL;Jun-27;18,50;19.93;19,29;0,72;;7
09/09/26;IBERDROLA;CALL;Jun-27;19,00;19.93;18,79;0,66;;5.500
09/09/26;IBERDROLA;CALL;Jun-27;19,50;19.93;18,29;0,60;;7
09/09/26;IBERDROLA;CALL;Jun-27;20,00;19.93;17,84;0,54;;100
09/09/26;IBERDROLA;CALL;Jun-27;20,50;19.93;17,71;0,48;;3
09/09/26;IBERDROLA;CALL;Jun-27;21,00;19.93;17,57;0,42;;1.005
09/09/26;IBERDROLA;CALL;Jun-27;22,00;19.93;17,30;0,30;;12
09/09/26;IBERDROLA;CALL;Jun-27;23,00;19.93;17,04;0,20;;100
09/09/26;IBERDROLA;CALL;Sep-27;16,50;19.93;21,35;0,87;;10.100
09/09/26;IBERDROLA;CALL;Sep-27;17,00;19.93;20,89;0,83;;100
09/09/26;IBERDROLA;CALL;Sep-27;17,50;19.93;20,43;0,80;;100
09/09/26;IBERDROLA;CALL;Sep-27;19,50;19.93;18,59;0,60;;155
09/09/26;IBERDROLA;CALL;Sep-27;22,00;19.93;17,68;0,32;;5
09/09/26;IBERDROLA;CALL;Dic-27;10,00;19.93;27,32;1,00;;30
09/09/26;IBERDROLA;CALL;Dic-27;13,00;19.93;24,66;0,98;;50
09/09/26;IBERDROLA;CALL;Dic-27;14,00;19.93;23,77;0,96;;5
09/09/26;IBERDROLA;CALL;Dic-27;15,00;19.93;22,89;0,92;;5
09/09/26;IBERDROLA;CALL;Dic-27;16,00;19.93;22,00;0,87;;26
09/09/26;IBERDROLA;CALL;Dic-27;16,50;19.93;21,56;0,84;;25
09/09/26;IBERDROLA;CALL;Dic-27;17,00;19.93;21,11;0,81;;7.530
09/09/26;IBERDROLA;CALL;Dic-27;17,50;19.93;20,67;0,77;;25
09/09/26;IBERDROLA;CALL;Dic-27;18,00;19.93;20,23;0,73;;10.005
09/09/26;IBERDROLA;CALL;Dic-27;18,50;19.93;19,78;0,69;;251
09/09/26;IBERDROLA;CALL;Dic-27;19,00;19.93;19,34;0,64;;157
09/09/26;IBERDROLA;CALL;Dic-27;19,50;19.93;18,90;0,59;;395
09/09/26;IBERDROLA;CALL;Dic-27;20,00;19.93;18,50;0,54;;13.210
09/09/26;IBERDROLA;CALL;Dic-27;21,00;19.93;18,29;0,44;;7.260
09/09/26;IBERDROLA;CALL;Dic-27;22,00;19.93;18,07;0,35;;5.004
09/09/26;IBERDROLA;CALL;Dic-27;23,00;19.93;17,85;0,27;;6
09/09/26;IBERDROLA;CALL;Dic-27;24,00;19.93;17,63;0,20;;2.757
09/09/26;IBERDROLA;CALL;Dic-27;25,00;19.93;17,42;0,14;;2.002
09/09/26;IBERDROLA;CALL;Mar-28;19,00;19.93;19,31;0,64;;1
09/09/26;IBERDROLA;CALL;Mar-28;20,00;19.93;18,53;0,55;;102
09/09/26;IBERDROLA;CALL;Mar-28;21,00;19.93;18,34;0,45;;6
09/09/26;IBERDROLA;CALL;Mar-28;26,00;19.93;17,42;0,12;;1
09/09/26;IBERDROLA;CALL;Jun-28;10,00;19.93;26,71;1,00;;5
09/09/26;IBERDROLA;CALL;Jun-28;20,00;19.93;18,73;0,55;;1
09/09/26;IBERDROLA;CALL;Jun-28;22,50;19.93;18,31;0,35;;7
09/09/26;IBERDROLA;CALL;Jun-28;28,00;19.93;17,39;0,08;;15
09/09/26;IBERDROLA;CALL;Dic-28;16,00;19.93;21,57;0,83;;5.000
09/09/26;IBERDROLA;CALL;Dic-28;18,00;19.93;20,10;0,70;;500
09/09/26;IBERDROLA;CALL;Dic-28;18,50;19.93;19,73;0,66;;25
09/09/26;IBERDROLA;CALL;Dic-28;19,00;19.93;19,36;0,63;;1
09/09/26;IBERDROLA;CALL;Dic-28;22,00;19.93;18,40;0,40;;1
09/09/26;IBERDROLA;CALL;Dic-28;23,00;19.93;18,27;0,34;;1
09/09/26;IBERDROLA;CALL;Dic-28;24,00;19.93;18,13;0,28;;15
09/09/26;IBERDROLA;CALL;Dic-28;25,00;19.93;18,00;0,23;;10
09/09/26;IBERDROLA;CALL;Dic-29;15,00;19.93;22,39;0,87;;1
09/09/26;IBERDROLA;CALL;Dic-29;18,00;19.93;20,38;0,68;;6.000
09/09/26;IBERDROLA;CALL;Dic-29;19,00;19.93;19,71;0,62;;25
09/09/26;IBERDROLA;CALL;Dic-29;21,50;19.93;18,98;0,46;;1
09/09/26;IBERDROLA;CALL;Dic-29;23,00;19.93;18,88;0,38;;3
09/09/26;IBERDROLA;CALL;Dic-29;25,00;19.93;18,75;0,29;;1
09/09/26;IBERDROLA;CALL;Jun-30;21,00;19.93;19,96;0,51;;1
09/09/26;IBERDROLA;CALL;Dic-30;18,00;19.93;21,85;0,67;;245
09/09/26;IBERDROLA;PUT;Sep-26;9,75;19.93;27,67;;;25
09/09/26;IBERDROLA;PUT;Sep-26;13,00;19.93;23,37;;;153
09/09/26;IBERDROLA;PUT;Sep-26;13,50;19.93;22,71;;;44
09/09/26;IBERDROLA;PUT;Sep-26;14,00;19.93;22,05;;;135
09/09/26;IBERDROLA;PUT;Sep-26;14,50;19.93;21,39;;;135
09/09/26;IBERDROLA;PUT;Sep-26;15,00;19.93;20,73;;;51
09/09/26;IBERDROLA;PUT;Sep-26;15,50;19.93;20,07;;;12
09/09/26;IBERDROLA;PUT;Sep-26;16,00;19.93;19,41;;;1
09/09/26;IBERDROLA;PUT;Sep-26;16,50;19.93;18,75;;;63
09/09/26;IBERDROLA;PUT;Sep-26;17,00;19.93;18,09;;;5.020
09/09/26;IBERDROLA;PUT;Sep-26;17,50;19.93;17,42;;;12
09/09/26;IBERDROLA;PUT;Sep-26;18,00;19.93;16,76;;;530
09/09/26;IBERDROLA;PUT;Sep-26;18,50;19.93;16,10;;;30.000
09/09/26;IBERDROLA;PUT;Sep-26;19,00;19.93;15,44;-0,02;;20.000
09/09/26;IBERDROLA;PUT;Sep-26;19,50;19.93;14,78;-0,17;;6.531
09/09/26;IBERDROLA;PUT;Sep-26;19,75;19.93;14,45;-0,34;;25
09/09/26;IBERDROLA;PUT;Sep-26;20,00;19.93;14,21;-0,56;;5.217
09/09/26;IBERDROLA;PUT;Sep-26;20,50;19.93;14,17;-0,90;;256
09/09/26;IBERDROLA;PUT;Sep-26;21,00;19.93;14,13;-1,00;;2.513
09/09/26;IBERDROLA;PUT;Sep-26;21,50;19.93;14,09;-1,00;;2.503
09/09/26;IBERDROLA;PUT;Oct-26;19,00;19.93;15,69;-0,16;5.000;5.014
09/09/26;IBERDROLA;PUT;Oct-26;19,50;19.93;15,03;-0,30;2;3
09/09/26;IBERDROLA;PUT;Oct-26;20,00;19.93;14,47;-0,51;;1
09/09/26;IBERDROLA;PUT;Oct-26;20,50;19.93;14,42;-0,72;;1
09/09/26;IBERDROLA;PUT;Nov-26;18,00;19.93;17,65;-0,08;;6
09/09/26;IBERDROLA;PUT;Nov-26;19,00;19.93;16,35;-0,23;;3
09/09/26;IBERDROLA;PUT;Nov-26;19,50;19.93;15,69;-0,35;;1
09/09/26;IBERDROLA;PUT;Dic-26;9,00;19.93;29,99;;;2.000
09/09/26;IBERDROLA;PUT;Dic-26;9,50;19.93;29,33;;;2
09/09/26;IBERDROLA;PUT;Dic-26;9,75;19.93;29,00;;;25
09/09/26;IBERDROLA;PUT;Dic-26;10,50;19.93;28,01;;;502
09/09/26;IBERDROLA;PUT;Dic-26;11,00;19.93;27,35;;;1.348
09/09/26;IBERDROLA;PUT;Dic-26;11,50;19.93;26,68;;;26
09/09/26;IBERDROLA;PUT;Dic-26;12,00;19.93;26,02;;;10.150
09/09/26;IBERDROLA;PUT;Dic-26;13,00;19.93;24,70;;;21
09/09/26;IBERDROLA;PUT;Dic-26;13,50;19.93;24,04;;;10.000
09/09/26;IBERDROLA;PUT;Dic-26;14,00;19.93;23,38;;;15.010
09/09/26;IBERDROLA;PUT;Dic-26;14,50;19.93;22,72;;;10
09/09/26;IBERDROLA;PUT;Dic-26;15,00;19.93;22,06;;;2
09/09/26;IBERDROLA;PUT;Dic-26;15,50;19.93;21,40;-0,01;;30
09/09/26;IBERDROLA;PUT;Dic-26;16,00;19.93;20,74;-0,02;;34.287
09/09/26;IBERDROLA;PUT;Dic-26;16,50;19.93;20,08;-0,03;;255
09/09/26;IBERDROLA;PUT;Dic-26;17,00;19.93;19,42;-0,05;;67.047
09/09/26;IBERDROLA;PUT;Dic-26;17,50;19.93;18,75;-0,08;;10.009
09/09/26;IBERDROLA;PUT;Dic-26;18,00;19.93;18,09;-0,12;;83.783
09/09/26;IBERDROLA;PUT;Dic-26;18,50;19.93;17,43;-0,18;;7.408
09/09/26;IBERDROLA;PUT;Dic-26;19,00;19.93;16,77;-0,26;;26
09/09/26;IBERDROLA;PUT;Dic-26;19,50;19.93;16,11;-0,36;;16.528
09/09/26;IBERDROLA;PUT;Dic-26;20,00;19.93;15,54;-0,48;9.000;81.021
09/09/26;IBERDROLA;PUT;Dic-26;20,50;19.93;15,46;-0,61;;1
09/09/26;IBERDROLA;PUT;Dic-26;21,00;19.93;15,39;-0,73;;888
09/09/26;IBERDROLA;PUT;Dic-26;21,50;19.93;15,31;-0,83;;11
09/09/26;IBERDROLA;PUT;Dic-26;22,00;19.93;15,24;-0,92;;3
09/09/26;IBERDROLA;PUT;Mar-27;10,50;19.93;27,00;;;1
09/09/26;IBERDROLA;PUT;Mar-27;14,00;19.93;23,08;-0,01;;1
09/09/26;IBERDROLA;PUT;Mar-27;15,00;19.93;21,96;-0,03;;1
09/09/26;IBERDROLA;PUT;Mar-27;16,00;19.93;20,84;-0,06;;21
09/09/26;IBERDROLA;PUT;Mar-27;16,50;19.93;20,28;-0,09;;4
09/09/26;IBERDROLA;PUT;Mar-27;18,00;19.93;18,60;-0,21;;4
09/09/26;IBERDROLA;PUT;Mar-27;18,50;19.93;18,04;-0,27;;2
09/09/26;IBERDROLA;PUT;Mar-27;19,00;19.93;17,48;-0,34;;1
09/09/26;IBERDROLA;PUT;Mar-27;19,50;19.93;16,92;-0,42;;302
09/09/26;IBERDROLA;PUT;Mar-27;20,00;19.93;16,42;-0,50;;60
09/09/26;IBERDROLA;PUT;Mar-27;24,00;19.93;15,35;-0,96;;1
09/09/26;IBERDROLA;PUT;Jun-27;15,00;19.93;22,02;-0,06;;13
09/09/26;IBERDROLA;PUT;Jun-27;15,50;19.93;21,52;-0,07;;2
09/09/26;IBERDROLA;PUT;Jun-27;16,00;19.93;21,02;-0,10;;1.020
09/09/26;IBERDROLA;PUT;Jun-27;16,50;19.93;20,52;-0,12;3;12
09/09/26;IBERDROLA;PUT;Jun-27;17,00;19.93;20,02;-0,16;;5.517
09/09/26;IBERDROLA;PUT;Jun-27;17,50;19.93;19,51;-0,19;;5
09/09/26;IBERDROLA;PUT;Jun-27;18,00;19.93;19,01;-0,24;;9
09/09/26;IBERDROLA;PUT;Jun-27;19,00;19.93;18,01;-0,35;;9
09/09/26;IBERDROLA;PUT;Jun-27;19,50;19.93;17,51;-0,41;;50
09/09/26;IBERDROLA;PUT;Jun-27;20,00;19.93;17,06;-0,48;;11.513
09/09/26;IBERDROLA;PUT;Jun-27;23,00;19.93;16,26;-0,85;;2
09/09/26;IBERDROLA;PUT;Sep-27;16,00;19.93;20,97;-0,14;;35.004
09/09/26;IBERDROLA;PUT;Sep-27;16,50;19.93;20,51;-0,17;;200
09/09/26;IBERDROLA;PUT;Sep-27;17,00;19.93;20,05;-0,20;;100
09/09/26;IBERDROLA;PUT;Sep-27;17,50;19.93;19,59;-0,25;;200
09/09/26;IBERDROLA;PUT;Sep-27;18,00;19.93;19,13;-0,29;;5.300
09/09/26;IBERDROLA;PUT;Sep-27;19,00;19.93;18,21;-0,39;;50
09/09/26;IBERDROLA;PUT;Sep-27;19,50;19.93;17,75;-0,45;;50
09/09/26;IBERDROLA;PUT;Sep-27;20,00;19.93;17,34;-0,51;;25
09/09/26;IBERDROLA;PUT;Sep-27;20,50;19.93;17,22;-0,56;;50
09/09/26;IBERDROLA;PUT;Dic-27;9,50;19.93;26,34;;;2.000
09/09/26;IBERDROLA;PUT;Dic-27;10,00;19.93;25,90;-0,01;;5
09/09/26;IBERDROLA;PUT;Dic-27;11,50;19.93;24,57;-0,02;;1.800
09/09/26;IBERDROLA;PUT;Dic-27;12,00;19.93;24,13;-0,02;;30.000
09/09/26;IBERDROLA;PUT;Dic-27;13,00;19.93;23,24;-0,04;;35.000
09/09/26;IBERDROLA;PUT;Dic-27;14,00;19.93;22,35;-0,07;;10.000
09/09/26;IBERDROLA;PUT;Dic-27;14,50;19.93;21,91;-0,08;;20.000
09/09/26;IBERDROLA;PUT;Dic-27;16,00;19.93;20,58;-0,15;;25.001
09/09/26;IBERDROLA;PUT;Dic-27;16,50;19.93;20,14;-0,18;;2.002
09/09/26;IBERDROLA;PUT;Dic-27;17,00;19.93;19,69;-0,21;;2.750
09/09/26;IBERDROLA;PUT;Dic-27;17,50;19.93;19,25;-0,25;;460
09/09/26;IBERDROLA;PUT;Dic-27;18,00;19.93;18,81;-0,29;;409
09/09/26;IBERDROLA;PUT;Dic-27;18,50;19.93;18,36;-0,34;;175
09/09/26;IBERDROLA;PUT;Dic-27;19,00;19.93;17,92;-0,39;;1.811
09/09/26;IBERDROLA;PUT;Dic-27;19,50;19.93;17,48;-0,44;;25
09/09/26;IBERDROLA;PUT;Dic-27;20,00;19.93;17,08;-0,50;;9.250
09/09/26;IBERDROLA;PUT;Dic-27;21,00;19.93;16,87;-0,60;;1.250
09/09/26;IBERDROLA;PUT;Dic-27;22,00;19.93;16,65;-0,70;;50
09/09/26;IBERDROLA;PUT;Mar-28;18,00;19.93;18,32;-0,31;;200
09/09/26;IBERDROLA;PUT;Jun-28;13,00;19.93;21,96;-0,06;;150
09/09/26;IBERDROLA;PUT;Jun-28;14,00;19.93;21,16;-0,08;;150
09/09/26;IBERDROLA;PUT;Dic-28;15,00;19.93;19,43;-0,15;;5.000
09/09/26;IBERDROLA;PUT;Dic-28;21,50;19.93;15,59;-0,62;;4.000
09/09/26;IBERDROLA;PUT;Dic-28;24,00;19.93;15,25;-0,80;;1
09/09/26;IBERDROLA;PUT;Dic-29;19,00;19.93;16,14;-0,42;;2
09/09/26;IBERDROLA;PUT;Dic-30;14,50;19.93;18,98;-0,18;;5
09/09/26;IBERDROLA;CALL;Sep-26;13,50;19.93;23,07;1,00;;150
09/09/26;IBERDROLA;CALL;Sep-26;14,00;19.93;22,41;1,00;;300
09/09/26;IBERDROLA;CALL;Sep-26;20,00;19.93;14,57;0,45;;160
09/09/26;IBERDROLA;CALL;Sep-26;20,00;19.93;14,57;0,45;;10
09/09/26;IBERDROLA;CALL;Sep-26;20,50;19.93;14,53;0,11;;1
09/09/26;IBERDROLA;CALL;Sep-26;21,00;19.93;14,49;0,01;;13
09/09/26;IBERDROLA;CALL;Sep-26;22,00;19.93;14,41;;;2.043
09/09/26;IBERDROLA;CALL;Oct-26;20,50;19.93;14,58;0,30;;2.041
09/09/26;IBERDROLA;CALL;Oct-26;21,00;19.93;14,53;0,15;;4.082
09/09/26;IBERDROLA;CALL;Dic-26;14,50;19.93;23,16;0,99;;510
09/09/26;IBERDROLA;CALL;Dic-26;18,00;19.93;18,53;0,87;;10
09/09/26;IBERDROLA;CALL;Dic-26;18,50;19.93;17,87;0,81;;200
09/09/26;IBERDROLA;CALL;Dic-26;19,00;19.93;17,21;0,74;;50
09/09/26;IBERDROLA;CALL;Dic-26;20,00;19.93;15,98;0,53;;10
09/09/26;IBERDROLA;CALL;Dic-26;20,50;19.93;15,90;0,41;;1
09/09/26;IBERDROLA;CALL;Dic-26;21,00;19.93;15,83;0,30;;14
09/09/26;IBERDROLA;CALL;Dic-26;22,00;19.93;15,68;0,14;;17
09/09/26;IBERDROLA;CALL;Jun-27;24,00;19.93;16,77;0,13;;5
09/09/26;IBERDROLA;CALL;Dic-27;12,00;19.93;25,55;0,94;;2.000
09/09/26;IBERDROLA;CALL;Dic-27;17,00;19.93;21,11;0,75;;2
09/09/26;IBERDROLA;CALL;Jun-30;21,00;19.93;19,96;0,45;;1
09/09/26;IBERDROLA;PUT;Sep-26;13,00;19.93;23,37;;;500
09/09/26;IBERDROLA;PUT;Sep-26;15,00;19.93;20,73;;;800
09/09/26;IBERDROLA;PUT;Sep-26;18,50;19.93;16,10;;;25
09/09/26;IBERDROLA;PUT;Sep-26;20,25;19.93;14,19;-0,75;;2
09/09/26;IBERDROLA;PUT;Sep-26;21,00;19.93;14,13;-0,99;;10
09/09/26;IBERDROLA;PUT;Dic-26;15,00;19.93;22,06;-0,01;;600
09/09/26;IBERDROLA;PUT;Dic-26;16,00;19.93;20,74;-0,02;;1
09/09/26;IBERDROLA;PUT;Dic-26;19,00;19.93;16,77;-0,25;;21
09/09/26;IBERDROLA;PUT;Dic-26;19,50;19.93;16,11;-0,35;;4
09/09/26;IBERDROLA;PUT;Dic-26;20,00;19.93;15,54;-0,47;;1
09/09/26;IBERDROLA;PUT;Dic-26;21,00;19.93;15,39;-0,69;;10
09/09/26;IBERDROLA;PUT;Dic-26;21,00;19.93;15,39;-0,69;;10
09/09/26;IBERDROLA;PUT;Dic-26;22,00;19.93;15,24;-0,86;;10
09/09/26;IBERDROLA;PUT;Dic-27;12,00;19.93;24,13;-0,02;;2.000
09/09/26;INDITEX;CALL;Sep-26;40,63;54.48;39,93;1,00;;25
09/09/26;INDITEX;CALL;Sep-26;41,60;54.48;39,13;1,00;;50
09/09/26;INDITEX;CALL;Sep-26;43,54;54.48;37,51;1,00;;50
09/09/26;INDITEX;CALL;Sep-26;44,49;54.48;36,72;1,00;;25
09/09/26;INDITEX;CALL;Sep-26;45,47;54.48;35,91;1,00;;75
09/09/26;INDITEX;CALL;Sep-26;46,44;54.48;35,10;1,00;;50
09/09/26;INDITEX;CALL;Sep-26;47,41;54.48;34,29;1,00;;50
09/09/26;INDITEX;CALL;Sep-26;48,38;54.48;33,49;0,99;;25
09/09/26;INDITEX;CALL;Sep-26;50,31;54.48;31,88;0,95;;25
09/09/26;INDITEX;CALL;Sep-26;52,25;54.48;30,27;0,82;;100
09/09/26;INDITEX;CALL;Sep-26;54,17;54.48;28,67;0,56;5;376
09/09/26;INDITEX;CALL;Sep-26;56,11;54.48;28,10;0,26;;1.752
09/09/26;INDITEX;CALL;Sep-26;58,05;54.48;27,73;0,08;;517
09/09/26;INDITEX;CALL;Sep-26;59,00;54.48;27,55;0,04;;100
09/09/26;INDITEX;CALL;Sep-26;59,99;54.48;27,36;0,01;93;233
09/09/26;INDITEX;CALL;Sep-26;61,92;54.48;27,00;;;25
09/09/26;INDITEX;CALL;Sep-26;65,78;54.48;26,27;;;10
09/09/26;INDITEX;CALL;Oct-26;61,92;54.48;21,99;0,04;;3
09/09/26;INDITEX;CALL;Oct-26;63,85;54.48;21,65;0,01;;100
09/09/26;INDITEX;CALL;Nov-26;61,92;54.48;21,47;0,10;;1
09/09/26;INDITEX;CALL;Nov-26;63,85;54.48;21,16;0,05;;1
09/09/26;INDITEX;CALL;Nov-26;65,78;54.48;20,85;0,02;;100
09/09/26;INDITEX;CALL;Dic-26;35,80;54.48;36,32;0,99;;3
09/09/26;INDITEX;CALL;Dic-26;38,70;54.48;34,47;0,98;;1
09/09/26;INDITEX;CALL;Dic-26;39,67;54.48;33,85;0,98;;52
09/09/26;INDITEX;CALL;Dic-26;40,63;54.48;33,24;0,97;;25
09/09/26;INDITEX;CALL;Dic-26;44,49;54.48;30,79;0,92;;120
09/09/26;INDITEX;CALL;Dic-26;46,44;54.48;29,55;0,88;;26
09/09/26;INDITEX;CALL;Dic-26;47,41;54.48;28,93;0,85;;325
09/09/26;INDITEX;CALL;Dic-26;48,38;54.48;28,31;0,82;;400
09/09/26;INDITEX;CALL;Dic-26;50,31;54.48;27,08;0,74;;50
09/09/26;INDITEX;CALL;Dic-26;52,25;54.48;25,85;0,65;;31
09/09/26;INDITEX;CALL;Dic-26;54,17;54.48;24,63;0,55;2;59
09/09/26;INDITEX;CALL;Dic-26;56,11;54.48;24,16;0,44;;149
09/09/26;INDITEX;CALL;Dic-26;58,00;54.48;23,85;0,33;750;750
09/09/26;INDITEX;CALL;Dic-26;58,05;54.48;23,84;0,33;21;660
09/09/26;INDITEX;CALL;Dic-26;59,99;54.48;23,52;0,24;100;211
09/09/26;INDITEX;CALL;Dic-26;61,92;54.48;23,20;0,16;;253
09/09/26;INDITEX;CALL;Dic-26;63,85;54.48;22,88;0,10;;211
09/09/26;INDITEX;CALL;Dic-26;65,78;54.48;22,56;0,06;;18
09/09/26;INDITEX;CALL;Dic-26;67,72;54.48;22,24;0,04;10;15
09/09/26;INDITEX;CALL;Dic-26;69,66;54.48;21,92;0,02;;10
09/09/26;INDITEX;CALL;Dic-26;71,60;54.48;21,60;0,01;;3
09/09/26;INDITEX;CALL;Mar-27;52,25;54.48;26,11;0,64;;100
09/09/26;INDITEX;CALL;Mar-27;54,17;54.48;25,04;0,57;;3
09/09/26;INDITEX;CALL;Mar-27;63,85;54.48;23,55;0,21;;400
09/09/26;INDITEX;CALL;Mar-27;65,78;54.48;23,28;0,16;;300
09/09/26;INDITEX;CALL;Mar-27;67,72;54.48;23,01;0,12;;75
09/09/26;INDITEX;CALL;Mar-27;69,66;54.48;22,73;0,09;;25
09/09/26;INDITEX;CALL;Mar-27;71,60;54.48;22,46;0,06;;10
09/09/26;INDITEX;CALL;Mar-27;73,53;54.48;22,19;0,04;10;20
09/09/26;INDITEX;CALL;Jun-27;38,70;54.48;32,80;0,92;;150
09/09/26;INDITEX;CALL;Jun-27;45,47;54.48;29,69;0,81;;25
09/09/26;INDITEX;CALL;Jun-27;50,31;54.48;27,47;0,69;;25
09/09/26;INDITEX;CALL;Jun-27;54,17;54.48;25,70;0,57;1;1
09/09/26;INDITEX;CALL;Jun-27;58,05;54.48;24,97;0,44;;150
09/09/26;INDITEX;CALL;Jun-27;59,99;54.48;24,65;0,38;;188
09/09/26;INDITEX;CALL;Jun-27;61,92;54.48;24,33;0,32;;100
09/09/26;INDITEX;CALL;Jun-27;69,66;54.48;23,05;0,14;;100
09/09/26;INDITEX;CALL;Jun-27;71,60;54.48;22,73;0,10;;25
09/09/26;INDITEX;CALL;Jun-27;73,53;54.48;22,41;0,08;;50
09/09/26;INDITEX;CALL;Sep-27;59,99;54.48;25,26;0,41;;25
09/09/26;INDITEX;CALL;Sep-27;63,85;54.48;24,72;0,31;;25
09/09/26;INDITEX;CALL;Sep-27;69,66;54.48;23,90;0,19;;1
09/09/26;INDITEX;CALL;Sep-27;71,60;54.48;23,63;0,16;;25
09/09/26;INDITEX;CALL;Dic-27;37,73;54.48;32,18;0,90;;25
09/09/26;INDITEX;CALL;Dic-27;38,70;54.48;31,85;0,89;;1
09/09/26;INDITEX;CALL;Dic-27;39,67;54.48;31,52;0,87;;1
09/09/26;INDITEX;CALL;Dic-27;43,54;54.48;30,22;0,81;;50
09/09/26;INDITEX;CALL;Dic-27;45,47;54.48;29,57;0,77;;25
09/09/26;INDITEX;CALL;Dic-27;47,41;54.48;28,92;0,74;;25
09/09/26;INDITEX;CALL;Dic-27;52,25;54.48;27,29;0,63;;25
09/09/26;INDITEX;CALL;Dic-27;54,17;54.48;26,64;0,58;;25
09/09/26;INDITEX;CALL;Dic-27;58,05;54.48;26,08;0,48;3;3
09/09/26;INDITEX;CALL;Dic-27;59,99;54.48;25,83;0,44;;25
09/09/26;INDITEX;CALL;Dic-27;61,92;54.48;25,58;0,39;;175
09/09/26;INDITEX;CALL;Dic-27;63,85;54.48;25,34;0,35;;500
09/09/26;INDITEX;CALL;Dic-27;65,78;54.48;25,09;0,31;;10
09/09/26;INDITEX;CALL;Dic-27;71,60;54.48;24,34;0,20;;1
09/09/26;INDITEX;CALL;Mar-28;33,30;54.48;33,95;0,93;;1
09/09/26;INDITEX;CALL;Mar-28;52,89;54.48;27,48;0,62;;50
09/09/26;INDITEX;CALL;Mar-28;54,86;54.48;26,89;0,58;;75
09/09/26;INDITEX;CALL;Mar-28;56,81;54.48;26,61;0,53;;75
09/09/26;INDITEX;CALL;Mar-28;58,77;54.48;26,32;0,49;;50
09/09/26;INDITEX;CALL;Mar-28;60,73;54.48;26,03;0,45;;25
09/09/26;INDITEX;CALL;Mar-28;64,65;54.48;25,46;0,37;;25
09/09/26;INDITEX;CALL;Mar-28;66,60;54.48;25,17;0,33;;25
09/09/26;INDITEX;CALL;Mar-28;68,56;54.48;24,88;0,29;;25
09/09/26;INDITEX;CALL;Mar-28;70,53;54.48;24,59;0,26;;25
09/09/26;INDITEX;CALL;Mar-28;72,49;54.48;24,31;0,23;;25
09/09/26;INDITEX;CALL;Jun-28;42,12;54.48;31,08;0,81;;25
09/09/26;INDITEX;CALL;Jun-28;43,10;54.48;30,76;0,80;;25
09/09/26;INDITEX;CALL;Jun-28;56,81;54.48;26,76;0,54;;25
09/09/26;INDITEX;CALL;Jun-28;58,77;54.48;26,49;0,50;;50
09/09/26;INDITEX;CALL;Jun-28;66,60;54.48;25,44;0,35;;50
09/09/26;INDITEX;CALL;Jun-28;68,56;54.48;25,17;0,31;;25
09/09/26;INDITEX;CALL;Jun-28;70,53;54.48;24,91;0,28;;25
09/09/26;INDITEX;CALL;Jun-28;72,49;54.48;24,65;0,25;;25
09/09/26;INDITEX;CALL;Dic-28;49,44;54.48;28,35;0,69;;2
09/09/26;INDITEX;CALL;Dic-28;67,24;54.48;25,60;0,38;;490
09/09/26;INDITEX;CALL;Dic-29;43,51;54.48;28,18;0,78;;220
09/09/26;INDITEX;PUT;Sep-26;35,80;54.48;43,98;;;1
09/09/26;INDITEX;PUT;Sep-26;36,76;54.48;43,18;;;27
09/09/26;INDITEX;PUT;Sep-26;38,70;54.48;41,57;;;25
09/09/26;INDITEX;PUT;Sep-26;39,67;54.48;40,76;;;26
09/09/26;INDITEX;PUT;Sep-26;40,63;54.48;39,96;;;28
09/09/26;INDITEX;PUT;Sep-26;41,60;54.48;39,16;;;240
09/09/26;INDITEX;PUT;Sep-26;42,57;54.48;38,35;;;300
09/09/26;INDITEX;PUT;Sep-26;43,54;54.48;37,54;;;25
09/09/26;INDITEX;PUT;Sep-26;44,49;54.48;36,75;;;51
09/09/26;INDITEX;PUT;Sep-26;45,47;54.48;35,94;;;51
09/09/26;INDITEX;PUT;Sep-26;46,44;54.48;35,13;;;75
09/09/26;INDITEX;PUT;Sep-26;47,41;54.48;34,32;;;30
09/09/26;INDITEX;PUT;Sep-26;48,38;54.48;33,52;-0,01;;82
09/09/26;INDITEX;PUT;Sep-26;50,31;54.48;31,91;-0,05;;101
09/09/26;INDITEX;PUT;Sep-26;52,00;54.48;30,50;-0,16;;4.006
09/09/26;INDITEX;PUT;Sep-26;52,25;54.48;30,30;-0,18;;27
09/09/26;INDITEX;PUT;Sep-26;54,17;54.48;28,70;-0,44;2;375
09/09/26;INDITEX;PUT;Sep-26;56,11;54.48;28,13;-0,74;;2
09/09/26;INDITEX;PUT;Sep-26;58,05;54.48;27,76;-0,93;;501
09/09/26;INDITEX;PUT;Sep-26;59,99;54.48;27,39;-0,99;;6
09/09/26;INDITEX;PUT;Oct-26;47,41;54.48;28,34;-0,05;2;2
09/09/26;INDITEX;PUT;Oct-26;48,38;54.48;27,63;-0,08;;2
09/09/26;INDITEX;PUT;Oct-26;50,00;54.48;26,44;-0,14;5;7
09/09/26;INDITEX;PUT;Oct-26;50,31;54.48;26,21;-0,15;1;2
09/09/26;INDITEX;PUT;Oct-26;52,25;54.48;24,79;-0,28;6;8
09/09/26;INDITEX;PUT;Oct-26;54,17;54.48;23,38;-0,45;1;4
09/09/26;INDITEX;PUT;Oct-26;56,11;54.48;22,87;-0,64;;3
09/09/26;INDITEX;PUT;Nov-26;44,49;54.48;28,63;-0,05;2;2
09/09/26;INDITEX;PUT;Nov-26;48,38;54.48;25,89;-0,14;2;3
09/09/26;INDITEX;PUT;Nov-26;50,00;54.48;24,75;-0,21;1;3
09/09/26;INDITEX;PUT;Nov-26;50,31;54.48;24,53;-0,22;1;1
09/09/26;INDITEX;PUT;Dic-26;32,90;54.48;36,55;;;26
09/09/26;INDITEX;PUT;Dic-26;33,87;54.48;35,93;;;21
09/09/26;INDITEX;PUT;Dic-26;34,83;54.48;35,32;-0,01;;25
09/09/26;INDITEX;PUT;Dic-26;35,80;54.48;34,71;-0,01;;25
09/09/26;INDITEX;PUT;Dic-26;36,76;54.48;34,10;-0,01;;26
09/09/26;INDITEX;PUT;Dic-26;37,73;54.48;33,48;-0,01;;150
09/09/26;INDITEX;PUT;Dic-26;38,70;54.48;32,86;-0,02;;150
09/09/26;INDITEX;PUT;Dic-26;39,67;54.48;32,24;-0,02;;11
09/09/26;INDITEX;PUT;Dic-26;40,63;54.48;31,63;-0,03;;2
09/09/26;INDITEX;PUT;Dic-26;41,60;54.48;31,02;-0,04;;86
09/09/26;INDITEX;PUT;Dic-26;42,57;54.48;30,40;-0,05;;150
09/09/26;INDITEX;PUT;Dic-26;43,54;54.48;29,78;-0,06;;75
09/09/26;INDITEX;PUT;Dic-26;44,49;54.48;29,18;-0,08;;62
09/09/26;INDITEX;PUT;Dic-26;45,47;54.48;28,55;-0,10;;35
09/09/26;INDITEX;PUT;Dic-26;46,44;54.48;27,94;-0,12;1;254
09/09/26;INDITEX;PUT;Dic-26;47,41;54.48;27,32;-0,15;1;2.410
09/09/26;INDITEX;PUT;Dic-26;48,38;54.48;26,70;-0,18;1;76
09/09/26;INDITEX;PUT;Dic-26;50,00;54.48;25,67;-0,24;99;299
09/09/26;INDITEX;PUT;Dic-26;50,31;54.48;25,47;-0,25;;170
09/09/26;INDITEX;PUT;Dic-26;52,25;54.48;24,24;-0,35;3;33
09/09/26;INDITEX;PUT;Dic-26;54,17;54.48;23,02;-0,46;2;127
09/09/26;INDITEX;PUT;Dic-26;56,11;54.48;22,55;-0,58;;210
09/09/26;INDITEX;PUT;Dic-26;59,99;54.48;21,91;-0,79;;176
09/09/26;INDITEX;PUT;Mar-27;33,87;54.48;34,12;-0,02;;50
09/09/26;INDITEX;PUT;Mar-27;34,83;54.48;33,58;-0,02;;50
09/09/26;INDITEX;PUT;Mar-27;35,80;54.48;33,04;-0,03;;75
09/09/26;INDITEX;PUT;Mar-27;36,76;54.48;32,51;-0,03;;75
09/09/26;INDITEX;PUT;Mar-27;37,73;54.48;31,97;-0,04;;25
09/09/26;INDITEX;PUT;Mar-27;38,70;54.48;31,43;-0,05;;25
09/09/26;INDITEX;PUT;Mar-27;39,67;54.48;30,89;-0,06;;52
09/09/26;INDITEX;PUT;Mar-27;40,63;54.48;30,35;-0,07;10;88
09/09/26;INDITEX;PUT;Mar-27;41,60;54.48;29,81;-0,08;10;10
09/09/26;INDITEX;PUT;Mar-27;42,57;54.48;29,27;-0,10;;1
09/09/26;INDITEX;PUT;Mar-27;44,49;54.48;28,20;-0,13;;18
09/09/26;INDITEX;PUT;Mar-27;45,47;54.48;27,66;-0,15;;13
09/09/26;INDITEX;PUT;Mar-27;47,41;54.48;26,58;-0,20;1;1
09/09/26;INDITEX;PUT;Mar-27;50,00;54.48;25,13;-0,28;12;3.012
09/09/26;INDITEX;PUT;Mar-27;50,31;54.48;24,96;-0,29;;102
09/09/26;INDITEX;PUT;Mar-27;52,25;54.48;23,88;-0,36;;200
09/09/26;INDITEX;PUT;Mar-27;54,17;54.48;22,81;-0,45;;5
09/09/26;INDITEX;PUT;Jun-27;26,12;54.48;36,14;-0,01;;1
09/09/26;INDITEX;PUT;Jun-27;30,96;54.48;33,92;-0,02;;150
09/09/26;INDITEX;PUT;Jun-27;33,87;54.48;32,59;-0,04;;200
09/09/26;INDITEX;PUT;Jun-27;34,83;54.48;32,15;-0,04;;180
09/09/26;INDITEX;PUT;Jun-27;36,76;54.48;31,26;-0,06;;25
09/09/26;INDITEX;PUT;Jun-27;38,70;54.48;30,37;-0,08;;150
09/09/26;INDITEX;PUT;Jun-27;39,67;54.48;29,93;-0,09;;101
09/09/26;INDITEX;PUT;Jun-27;41,60;54.48;29,04;-0,12;;176
09/09/26;INDITEX;PUT;Jun-27;42,57;54.48;28,60;-0,14;;150
09/09/26;INDITEX;PUT;Jun-27;43,54;54.48;28,15;-0,16;;150
09/09/26;INDITEX;PUT;Jun-27;44,49;54.48;27,71;-0,17;;50
09/09/26;INDITEX;PUT;Jun-27;46,44;54.48;26,82;-0,22;;25
09/09/26;INDITEX;PUT;Jun-27;47,41;54.48;26,37;-0,24;;153
09/09/26;INDITEX;PUT;Jun-27;48,38;54.48;25,93;-0,27;;150
09/09/26;INDITEX;PUT;Jun-27;50,00;54.48;25,19;-0,32;10;10
09/09/26;INDITEX;PUT;Jun-27;50,31;54.48;25,04;-0,32;;3
09/09/26;INDITEX;PUT;Jun-27;52,25;54.48;24,15;-0,39;;150
09/09/26;INDITEX;PUT;Jun-27;56,11;54.48;22,86;-0,53;;25
09/09/26;INDITEX;PUT;Jun-27;65,78;54.48;21,26;-0,83;;1
09/09/26;INDITEX;PUT;Sep-27;43,54;54.48;27,79;-0,17;;25
09/09/26;INDITEX;PUT;Sep-27;44,49;54.48;27,42;-0,19;;25
09/09/26;INDITEX;PUT;Sep-27;45,47;54.48;27,04;-0,21;;25
09/09/26;INDITEX;PUT;Sep-27;46,44;54.48;26,67;-0,23;;25
09/09/26;INDITEX;PUT;Sep-27;50,00;54.48;25,30;-0,32;10;10
09/09/26;INDITEX;PUT;Sep-27;73,53;54.48;20,89;-0,93;;1
09/09/26;INDITEX;PUT;Dic-27;21,29;54.48;35,31;;;2
09/09/26;INDITEX;PUT;Dic-27;33,87;54.48;31,08;-0,06;;100
09/09/26;INDITEX;PUT;Dic-27;36,76;54.48;30,10;-0,09;;25
09/09/26;INDITEX;PUT;Dic-27;37,73;54.48;29,78;-0,10;;25
09/09/26;INDITEX;PUT;Dic-27;43,54;54.48;27,82;-0,19;;10
09/09/26;INDITEX;PUT;Dic-27;45,47;54.48;27,17;-0,22;;1.100
09/09/26;INDITEX;PUT;Dic-27;46,44;54.48;26,85;-0,24;;150
09/09/26;INDITEX;PUT;Dic-27;47,41;54.48;26,52;-0,27;;325
09/09/26;INDITEX;PUT;Dic-27;48,38;54.48;26,19;-0,29;;175
09/09/26;INDITEX;PUT;Dic-27;50,31;54.48;25,54;-0,33;;350
09/09/26;INDITEX;PUT;Dic-27;52,25;54.48;24,89;-0,38;;375
09/09/26;INDITEX;PUT;Dic-27;54,17;54.48;24,24;-0,44;;450
09/09/26;INDITEX;PUT;Dic-27;56,11;54.48;23,93;-0,49;;500
09/09/26;INDITEX;PUT;Dic-27;58,05;54.48;23,68;-0,55;;50
09/09/26;INDITEX;PUT;Dic-27;59,99;54.48;23,43;-0,60;;25
09/09/26;INDITEX;PUT;Mar-28;47,02;54.48;26,43;-0,26;1;1
09/09/26;INDITEX;PUT;Jun-28;43,10;54.48;27,46;-0,20;;25
09/09/26;INDITEX;PUT;Jun-28;44,08;54.48;27,14;-0,22;;25
09/09/26;INDITEX;PUT;Jun-28;45,06;54.48;26,82;-0,24;;25
09/09/26;INDITEX;PUT;Jun-28;47,99;54.48;25,87;-0,29;;25
09/09/26;INDITEX;PUT;Dic-28;51,42;54.48;24,67;-0,36;;25
09/09/26;INDITEX;PUT;Dic-29;43,51;54.48;26,14;-0,23;;220
09/09/26;INDITEX;CALL;Sep-26;49,44;54.48;32,60;0,97;;5
09/09/26;INDITEX;CALL;Sep-26;54,17;54.48;28,67;0,56;;6
09/09/26;INDITEX;CALL;Sep-26;56,11;54.48;28,10;0,26;;6
09/09/26;INDITEX;CALL;Sep-26;57,35;54.48;27,87;0,13;;5
09/09/26;INDITEX;CALL;Sep-26;59,99;54.48;27,36;0,01;;7
09/09/26;INDITEX;CALL;Sep-26;61,30;54.48;27,12;;;944
09/09/26;INDITEX;CALL;Sep-26;63,28;54.48;26,74;;;1.888
09/09/26;INDITEX;CALL;Oct-26;61,30;54.48;22,09;0,06;;5.945
09/09/26;INDITEX;CALL;Oct-26;63,85;54.48;21,65;0,01;;1
09/09/26;INDITEX;CALL;Nov-26;63,85;54.48;21,16;0,05;4;4
09/09/26;INDITEX;CALL;Dic-26;56,11;54.48;24,16;0,43;;26
09/09/26;INDITEX;CALL;Dic-26;58,05;54.48;23,84;0,33;;1
09/09/26;INDITEX;PUT;Sep-26;41,60;54.48;39,16;;;165
09/09/26;INDITEX;PUT;Sep-26;42,57;54.48;38,35;;;150
09/09/26;INDITEX;PUT;Sep-26;43,54;54.48;37,54;;;15
09/09/26;INDITEX;PUT;Sep-26;44,49;54.48;36,75;;;10
09/09/26;INDITEX;PUT;Sep-26;50,31;54.48;31,91;-0,05;;6
09/09/26;INDITEX;PUT;Sep-26;54,17;54.48;28,70;-0,44;;7
09/09/26;INDITEX;PUT;Sep-26;55,37;54.48;28,27;-0,63;;5
09/09/26;INDITEX;PUT;Sep-26;56,11;54.48;28,13;-0,73;;3
09/09/26;INDITEX;PUT;Oct-26;56,11;54.48;22,87;-0,63;;1
09/09/26;INDITEX;PUT;Dic-26;42,57;54.48;30,40;-0,05;20;140
09/09/26;INDITEX;PUT;Dic-26;46,44;54.48;27,94;-0,12;;1
09/09/26;INDITEX;PUT;Dic-26;54,17;54.48;23,02;-0,45;23;23
09/09/26;INDITEX;PUT;Mar-27;42,57;54.48;29,27;-0,10;;1
09/09/26;INDITEX;PUT;Dic-27;59,99;54.48;23,43;-0,56;;10
09/09/26;INDITEX;PUT;Dic-27;63,85;54.48;22,94;-0,65;2;3
09/09/26;INDRA;CALL;Sep-26;18,00;56.94;64,74;1,00;;1
09/09/26;INDRA;CALL;Sep-26;26,00;56.94;60,52;1,00;;1
09/09/26;INDRA;CALL;Sep-26;37,00;56.94;54,73;1,00;;28
09/09/26;INDRA;CALL;Sep-26;50,00;56.94;47,88;0,96;;84
09/09/26;INDRA;CALL;Sep-26;52,00;56.94;46,82;0,90;;11
09/09/26;INDRA;CALL;Sep-26;54,00;56.94;45,77;0,78;;11
09/09/26;INDRA;CALL;Sep-26;56,00;56.94;44,72;0,61;;1
09/09/26;INDRA;CALL;Sep-26;58,00;56.94;43,73;0,41;;8
09/09/26;INDRA;CALL;Sep-26;60,00;56.94;42,80;0,23;;131
09/09/26;INDRA;CALL;Sep-26;62,00;56.94;41,88;0,11;;26
09/09/26;INDRA;CALL;Sep-26;64,00;56.94;40,95;0,04;;3
09/09/26;INDRA;CALL;Sep-26;66,00;56.94;40,03;0,01;;7
09/09/26;INDRA;CALL;Sep-26;68,00;56.94;39,11;;;7
09/09/26;INDRA;CALL;Sep-26;70,00;56.94;38,18;;;116
09/09/26;INDRA;CALL;Oct-26;62,00;56.94;40,38;0,28;;1
09/09/26;INDRA;CALL;Oct-26;68,00;56.94;39,19;0,09;;6
09/09/26;INDRA;CALL;Oct-26;70,00;56.94;38,79;0,06;2;12
09/09/26;INDRA;CALL;Oct-26;74,00;56.94;37,99;0,02;;2
09/09/26;INDRA;CALL;Oct-26;86,00;56.94;35,61;;;4
09/09/26;INDRA;CALL;Nov-26;60,00;56.94;42,77;0,44;;1
09/09/26;INDRA;CALL;Nov-26;80,00;56.94;42,30;0,05;5;5
09/09/26;INDRA;CALL;Dic-26;30,00;56.94;54,36;0,99;;25
09/09/26;INDRA;CALL;Dic-26;31,00;56.94;53,95;0,99;;25
09/09/26;INDRA;CALL;Dic-26;32,00;56.94;53,54;0,99;;25
09/09/26;INDRA;CALL;Dic-26;35,00;56.94;52,31;0,97;;25
09/09/26;INDRA;CALL;Dic-26;45,00;56.94;48,21;0,86;;21
09/09/26;INDRA;CALL;Dic-26;47,00;56.94;47,39;0,82;;4
09/09/26;INDRA;CALL;Dic-26;48,00;56.94;46,98;0,80;;5
09/09/26;INDRA;CALL;Dic-26;50,00;56.94;46,16;0,75;;5
09/09/26;INDRA;CALL;Dic-26;52,00;56.94;45,34;0,70;;3
09/09/26;INDRA;CALL;Dic-26;54,00;56.94;44,52;0,65;;130
09/09/26;INDRA;CALL;Dic-26;56,00;56.94;43,71;0,59;;50
09/09/26;INDRA;CALL;Dic-26;58,00;56.94;43,01;0,52;;82
09/09/26;INDRA;CALL;Dic-26;60,00;56.94;42,42;0,46;;196
09/09/26;INDRA;CALL;Dic-26;62,00;56.94;41,84;0,40;;1
09/09/26;INDRA;CALL;Dic-26;64,00;56.94;41,25;0,34;;15
09/09/26;INDRA;CALL;Dic-26;66,00;56.94;40,67;0,29;;86
09/09/26;INDRA;CALL;Dic-26;68,00;56.94;40,08;0,24;;12
09/09/26;INDRA;CALL;Dic-26;70,00;56.94;39,50;0,20;;20
09/09/26;INDRA;CALL;Dic-26;74,00;56.94;38,33;0,12;;15
09/09/26;INDRA;CALL;Mar-27;49,00;56.94;45,63;0,75;;1
09/09/26;INDRA;CALL;Mar-27;60,00;56.94;42,17;0,51;;1
09/09/26;INDRA;CALL;Mar-27;62,00;56.94;42,10;0,47;;26
09/09/26;INDRA;CALL;Mar-27;70,00;56.94;41,82;0,32;;11
09/09/26;INDRA;CALL;Jun-27;41,00;56.94;47,52;0,85;;6
09/09/26;INDRA;CALL;Jun-27;50,00;56.94;44,62;0,72;;1
09/09/26;INDRA;CALL;Jun-27;60,00;56.94;42,37;0,54;;3
09/09/26;INDRA;CALL;Jun-27;66,00;56.94;42,34;0,44;;1
09/09/26;INDRA;CALL;Jun-27;70,00;56.94;42,31;0,38;;11
09/09/26;INDRA;CALL;Jun-27;78,00;56.94;42,27;0,27;2;
09/09/26;INDRA;CALL;Sep-27;20,00;56.94;53,75;0,99;;1
09/09/26;INDRA;CALL;Sep-27;33,00;56.94;49,72;0,92;;2
09/09/26;INDRA;CALL;Sep-27;36,00;56.94;48,79;0,89;;1
09/09/26;INDRA;CALL;Sep-27;58,00;56.94;42,17;0,59;;1
09/09/26;INDRA;CALL;Sep-28;52,00;56.94;38,91;0,70;;25
09/09/26;INDRA;CALL;Dic-28;62,00;56.94;37,15;0,59;;25
09/09/26;INDRA;PUT;Sep-26;24,00;56.94;60,30;;;4
09/09/26;INDRA;PUT;Sep-26;26,00;56.94;59,24;;;4
09/09/26;INDRA;PUT;Sep-26;30,00;56.94;57,13;;;45
09/09/26;INDRA;PUT;Sep-26;31,00;56.94;56,61;;;50
09/09/26;INDRA;PUT;Sep-26;35,00;56.94;54,50;;;1
09/09/26;INDRA;PUT;Sep-26;36,00;56.94;53,97;;;2
09/09/26;INDRA;PUT;Sep-26;37,00;56.94;53,45;;;13
09/09/26;INDRA;PUT;Sep-26;39,00;56.94;52,39;;;4
09/09/26;INDRA;PUT;Sep-26;40,00;56.94;51,87;;;2
09/09/26;INDRA;PUT;Sep-26;41,00;56.94;51,34;;;20
09/09/26;INDRA;PUT;Sep-26;42,00;56.94;50,81;;;6
09/09/26;INDRA;PUT;Sep-26;43,00;56.94;50,28;;;95
09/09/26;INDRA;PUT;Sep-26;44,00;56.94;49,76;;;21
09/09/26;INDRA;PUT;Sep-26;45,00;56.94;49,23;;;2
09/09/26;INDRA;PUT;Sep-26;46,00;56.94;48,70;;;760
09/09/26;INDRA;PUT;Sep-26;47,00;56.94;48,18;;;1
09/09/26;INDRA;PUT;Sep-26;48,00;56.94;47,65;-0,01;;17
09/09/26;INDRA;PUT;Sep-26;49,00;56.94;47,12;-0,02;;2
09/09/26;INDRA;PUT;Sep-26;50,00;56.94;46,60;-0,03;;501
09/09/26;INDRA;PUT;Sep-26;52,00;56.94;45,54;-0,10;;77
09/09/26;INDRA;PUT;Sep-26;54,00;56.94;44,49;-0,21;;11
09/09/26;INDRA;PUT;Sep-26;56,00;56.94;43,44;-0,39;1;20
09/09/26;INDRA;PUT;Sep-26;58,00;56.94;42,45;-0,59;;14
09/09/26;INDRA;PUT;Sep-26;60,00;56.94;41,52;-0,78;;115
09/09/26;INDRA;PUT;Sep-26;62,00;56.94;40,60;-0,90;;3
09/09/26;INDRA;PUT;Sep-26;64,00;56.94;39,67;-0,97;;9
09/09/26;INDRA;PUT;Sep-26;66,00;56.94;38,75;-1,00;;3
09/09/26;INDRA;PUT;Oct-26;38,00;56.94;49,94;;;5
09/09/26;INDRA;PUT;Oct-26;44,00;56.94;47,20;-0,03;;1
09/09/26;INDRA;PUT;Oct-26;46,00;56.94;46,29;-0,06;;2
09/09/26;INDRA;PUT;Oct-26;47,00;56.94;45,83;-0,08;;1
09/09/26;INDRA;PUT;Oct-26;48,00;56.94;45,37;-0,10;;3
09/09/26;INDRA;PUT;Oct-26;50,00;56.94;44,46;-0,16;1;5
09/09/26;INDRA;PUT;Oct-26;52,00;56.94;43,55;-0,23;;2
09/09/26;INDRA;PUT;Oct-26;54,00;56.94;42,63;-0,32;;7
09/09/26;INDRA;PUT;Oct-26;56,00;56.94;41,72;-0,42;;11
09/09/26;INDRA;PUT;Oct-26;58,00;56.94;41,08;-0,52;;2
09/09/26;INDRA;PUT;Oct-26;60,00;56.94;40,68;-0,63;;25
09/09/26;INDRA;PUT;Oct-26;72,00;56.94;38,29;-0,98;;3
09/09/26;INDRA;PUT;Nov-26;42,00;56.94;49,16;-0,06;;5
09/09/26;INDRA;PUT;Nov-26;47,00;56.94;46,91;-0,15;;1
09/09/26;INDRA;PUT;Nov-26;52,00;56.94;44,66;-0,28;;2
09/09/26;INDRA;PUT;Dic-26;28,00;56.94;54,58;;;1
09/09/26;INDRA;PUT;Dic-26;30,00;56.94;53,76;-0,01;;5
09/09/26;INDRA;PUT;Dic-26;31,00;56.94;53,35;-0,01;;1
09/09/26;INDRA;PUT;Dic-26;32,00;56.94;52,94;-0,01;;10
09/09/26;INDRA;PUT;Dic-26;35,00;56.94;51,71;-0,03;;1
09/09/26;INDRA;PUT;Dic-26;37,00;56.94;50,89;-0,04;;6
09/09/26;INDRA;PUT;Dic-26;38,00;56.94;50,48;-0,05;;1
09/09/26;INDRA;PUT;Dic-26;40,00;56.94;49,66;-0,07;;11
09/09/26;INDRA;PUT;Dic-26;42,00;56.94;48,84;-0,09;;10
09/09/26;INDRA;PUT;Dic-26;44,00;56.94;48,02;-0,12;;4
09/09/26;INDRA;PUT;Dic-26;45,00;56.94;47,61;-0,14;;2
09/09/26;INDRA;PUT;Dic-26;46,00;56.94;47,20;-0,16;;8
09/09/26;INDRA;PUT;Dic-26;47,00;56.94;46,79;-0,18;;9
09/09/26;INDRA;PUT;Dic-26;48,00;56.94;46,38;-0,20;1;22
09/09/26;INDRA;PUT;Dic-26;50,00;56.94;45,56;-0,25;25;50
09/09/26;INDRA;PUT;Dic-26;52,00;56.94;44,74;-0,30;;78
09/09/26;INDRA;PUT;Dic-26;54,00;56.94;43,92;-0,36;;101
09/09/26;INDRA;PUT;Dic-26;58,00;56.94;42,41;-0,48;;25
09/09/26;INDRA;PUT;Dic-26;60,00;56.94;41,82;-0,54;;50
09/09/26;INDRA;PUT;Dic-26;62,00;56.94;41,24;-0,61;;35
09/09/26;INDRA;PUT;Dic-26;70,00;56.94;38,90;-0,82;;1
09/09/26;INDRA;PUT;Mar-27;37,00;56.94;50,23;-0,08;;2
09/09/26;INDRA;PUT;Mar-27;39,00;56.94;49,39;-0,10;;1
09/09/26;INDRA;PUT;Mar-27;42,00;56.94;48,13;-0,14;;2
09/09/26;INDRA;PUT;Mar-27;43,00;56.94;47,71;-0,15;;1
09/09/26;INDRA;PUT;Mar-27;45,00;56.94;46,86;-0,19;;1
09/09/26;INDRA;PUT;Mar-27;49,00;56.94;45,18;-0,26;;10
09/09/26;INDRA;PUT;Mar-27;50,00;56.94;44,76;-0,28;;10
09/09/26;INDRA;PUT;Mar-27;52,00;56.94;43,91;-0,32;;1
09/09/26;INDRA;PUT;Mar-27;54,00;56.94;43,07;-0,36;;1
09/09/26;INDRA;PUT;Mar-27;60,00;56.94;41,72;-0,50;;3
09/09/26;INDRA;PUT;Jun-27;32,00;56.94;50,24;-0,06;;1
09/09/26;INDRA;PUT;Jun-27;50,00;56.94;44,44;-0,28;;1
09/09/26;INDRA;PUT;Jun-27;52,00;56.94;43,80;-0,32;;1
09/09/26;INDRA;PUT;Jun-27;58,00;56.94;42,20;-0,43;;10
09/09/26;INDRA;PUT;Jun-27;60,00;56.94;42,19;-0,47;;2
09/09/26;INDRA;PUT;Jun-27;62,00;56.94;42,18;-0,51;;3
09/09/26;INDRA;PUT;Sep-27;31,00;56.94;50,02;-0,07;;1
09/09/26;INDRA;PUT;Sep-27;33,00;56.94;49,40;-0,08;;1
09/09/26;INDRA;PUT;Sep-27;34,00;56.94;49,09;-0,09;;1
09/09/26;INDRA;PUT;Sep-27;36,00;56.94;48,47;-0,11;;1
09/09/26;INDRA;PUT;Sep-27;40,00;56.94;47,23;-0,15;;1
09/09/26;INDRA;PUT;Sep-27;45,00;56.94;45,67;-0,22;;15
09/09/26;INDRA;PUT;Dic-27;11,00;56.94;54,75;;;25
09/09/26;INDRA;PUT;Dic-27;44,00;56.94;44,89;-0,21;;500
09/09/26;INDRA;PUT;Sep-28;47,00;56.94;39,41;-0,25;;25
09/09/26;INDRA;CALL;Dic-26;41,00;56.94;49,85;0,91;;5
09/09/26;INDRA;CALL;Dic-26;48,00;56.94;46,98;0,79;;5
09/09/26;INDRA;CALL;Dic-26;60,00;56.94;42,42;0,46;;100
09/09/26;INDRA;CALL;Dic-26;64,00;56.94;41,25;0,34;;5
09/09/26;INDRA;CALL;Dic-26;70,00;56.94;39,50;0,20;;5
09/09/26;INDRA;PUT;Sep-26;43,00;56.94;50,28;;;5
09/09/26;INDRA;PUT;Sep-26;56,00;56.94;43,44;-0,39;;5
09/09/26;INDRA;PUT;Dic-26;50,00;56.94;45,56;-0,24;;5
09/09/26;LABORAT. ROVI;CALL;Sep-26;60,00;57.7;19,65;0,11;;6
09/09/26;LABORAT. ROVI;CALL;Sep-26;62,00;57.7;19,60;0,01;;7
09/09/26;LABORAT. ROVI;CALL;Sep-26;64,00;57.7;19,54;;;5
09/09/26;LABORAT. ROVI;CALL;Sep-26;66,00;57.7;19,48;;;2
09/09/26;LABORAT. ROVI;CALL;Sep-26;78,00;57.7;19,13;;;750
09/09/26;LABORAT. ROVI;CALL;Sep-26;88,00;57.7;18,84;;;1
09/09/26;LABORAT. ROVI;CALL;Sep-26;96,00;57.7;18,61;;;15
09/09/26;LABORAT. ROVI;CALL;Dic-26;60,00;57.7;26,00;0,43;;4
09/09/26;LABORAT. ROVI;CALL;Dic-26;62,00;57.7;25,85;0,34;;15
09/09/26;LABORAT. ROVI;CALL;Dic-26;66,00;57.7;25,55;0,19;;751
09/09/26;LABORAT. ROVI;CALL;Dic-26;70,00;57.7;25,25;0,09;;9
09/09/26;LABORAT. ROVI;CALL;Dic-26;80,00;57.7;24,50;0,01;;15
09/09/26;LABORAT. ROVI;CALL;Dic-26;82,00;57.7;24,35;;;15
09/09/26;LABORAT. ROVI;CALL;Dic-26;84,00;57.7;24,19;;;15
09/09/26;LABORAT. ROVI;CALL;Dic-26;86,00;57.7;24,04;;;15
09/09/26;LABORAT. ROVI;CALL;Dic-26;88,00;57.7;23,89;;;14
09/09/26;LABORAT. ROVI;CALL;Dic-26;90,00;57.7;23,74;;;14
09/09/26;LABORAT. ROVI;CALL;Dic-26;92,00;57.7;23,59;;;5
09/09/26;LABORAT. ROVI;CALL;Dic-26;96,00;57.7;23,29;;;5
09/09/26;LABORAT. ROVI;CALL;Dic-26;100,00;57.7;22,99;;;5
09/09/26;LABORAT. ROVI;CALL;Mar-27;70,00;57.7;25,81;0,19;;2
09/09/26;LABORAT. ROVI;CALL;Mar-27;88,00;57.7;23,83;0,01;;10
09/09/26;LABORAT. ROVI;CALL;Jun-27;56,00;57.7;28,07;0,63;;18
09/09/26;LABORAT. ROVI;CALL;Jun-27;60,00;57.7;27,32;0,52;;1
09/09/26;LABORAT. ROVI;CALL;Jun-27;80,00;57.7;25,01;0,10;;16
09/09/26;LABORAT. ROVI;PUT;Sep-26;48,00;57.7;24,35;;;1
09/09/26;LABORAT. ROVI;PUT;Sep-26;50,00;57.7;23,45;;;1
09/09/26;LABORAT. ROVI;PUT;Sep-26;54,00;57.7;21,65;-0,02;;7
09/09/26;LABORAT. ROVI;PUT;Sep-26;56,00;57.7;20,75;-0,17;;11
09/09/26;LABORAT. ROVI;PUT;Sep-26;58,00;57.7;19,97;-0,55;;6
09/09/26;LABORAT. ROVI;PUT;Sep-26;60,00;57.7;19,91;-0,89;;9
09/09/26;LABORAT. ROVI;PUT;Sep-26;64,00;57.7;19,80;-1,00;;2
09/09/26;LABORAT. ROVI;PUT;Sep-26;70,00;57.7;19,62;-1,00;;1.500
09/09/26;LABORAT. ROVI;PUT;Oct-26;54,00;57.7;24,81;-0,18;;5
09/09/26;LABORAT. ROVI;PUT;Oct-26;58,00;57.7;23,08;-0,50;;5
09/09/26;LABORAT. ROVI;PUT;Oct-26;60,00;57.7;22,98;-0,69;;10
09/09/26;LABORAT. ROVI;PUT;Nov-26;52,00;57.7;28,31;-0,18;;1
09/09/26;LABORAT. ROVI;PUT;Dic-26;40,00;57.7;33,72;-0,01;;1
09/09/26;LABORAT. ROVI;PUT;Dic-26;50,00;57.7;29,39;-0,15;;2
09/09/26;LABORAT. ROVI;PUT;Dic-26;52,00;57.7;28,52;-0,21;;1
09/09/26;LABORAT. ROVI;PUT;Dic-26;54,00;57.7;27,65;-0,29;;6
09/09/26;LABORAT. ROVI;PUT;Dic-26;56,00;57.7;26,79;-0,37;;5
09/09/26;LABORAT. ROVI;PUT;Dic-26;58,00;57.7;26,03;-0,47;1;7
09/09/26;LABORAT. ROVI;PUT;Dic-26;60,00;57.7;25,88;-0,58;;54
09/09/26;LABORAT. ROVI;PUT;Dic-26;62,00;57.7;25,73;-0,67;;1.500
09/09/26;LABORAT. ROVI;PUT;Dic-26;66,00;57.7;25,43;-0,83;;10
09/09/26;LABORAT. ROVI;PUT;Dic-26;68,00;57.7;25,28;-0,90;;65
09/09/26;LABORAT. ROVI;PUT;Dic-26;76,00;57.7;24,68;-1,00;;6
09/09/26;LABORAT. ROVI;PUT;Mar-27;50,00;57.7;29,48;-0,20;;2
09/09/26;LABORAT. ROVI;PUT;Mar-27;54,00;57.7;28,14;-0,32;;5
09/09/26;LABORAT. ROVI;PUT;Mar-27;56,00;57.7;27,47;-0,38;;6
09/09/26;LABORAT. ROVI;PUT;Mar-27;58,00;57.7;26,87;-0,45;;7
09/09/26;LABORAT. ROVI;PUT;Mar-27;60,00;57.7;26,65;-0,53;;8
09/09/26;LABORAT. ROVI;PUT;Mar-27;62,00;57.7;26,43;-0,60;;2
09/09/26;LABORAT. ROVI;PUT;Jun-27;43,00;57.7;31,74;-0,10;;10
09/09/26;LABORAT. ROVI;PUT;Jun-27;44,00;57.7;31,46;-0,12;;20
09/09/26;LABORAT. ROVI;PUT;Jun-27;45,00;57.7;31,18;-0,13;;5
09/09/26;LABORAT. ROVI;PUT;Jun-27;54,00;57.7;28,63;-0,33;;1
09/09/26;LABORAT. ROVI;PUT;Jun-27;58,00;57.7;27,55;-0,44;;1
09/09/26;LABORAT. ROVI;PUT;Jun-27;60,00;57.7;27,31;-0,50;;4
09/09/26;LABORAT. ROVI;PUT;Jun-27;70,00;57.7;26,16;-0,78;;1
09/09/26;LABORAT. ROVI;PUT;Mar-27;50,00;57.7;29,48;-0,20;;3
09/09/26;MAPFRE;CALL;Sep-26;3,80;4.37;19,23;1,00;1;
09/09/26;MAPFRE;CALL;Sep-26;3,90;4.37;19,19;1,00;;10
09/09/26;MAPFRE;CALL;Sep-26;4,00;4.37;19,15;1,00;;16
09/09/26;MAPFRE;CALL;Sep-26;4,10;4.37;19,11;0,98;1;20
09/09/26;MAPFRE;CALL;Sep-26;4,20;4.37;19,07;0,91;;783
09/09/26;MAPFRE;CALL;Sep-26;4,30;4.37;19,04;0,72;;2
09/09/26;MAPFRE;CALL;Sep-26;4,40;4.37;18,98;0,42;;1
09/09/26;MAPFRE;CALL;Sep-26;4,50;4.37;18,90;0,17;;13
09/09/26;MAPFRE;CALL;Sep-26;4,70;4.37;18,73;0,01;;15
09/09/26;MAPFRE;CALL;Oct-26;4,50;4.37;18,64;0,34;;1
09/09/26;MAPFRE;CALL;Oct-26;4,60;4.37;18,56;0,21;;10
09/09/26;MAPFRE;CALL;Nov-26;4,50;4.37;19,75;0,41;;1
09/09/26;MAPFRE;CALL;Nov-26;4,60;4.37;19,67;0,31;;20
09/09/26;MAPFRE;CALL;Dic-26;3,90;4.37;20,35;0,90;;5
09/09/26;MAPFRE;CALL;Dic-26;4,10;4.37;20,27;0,78;;35
09/09/26;MAPFRE;CALL;Dic-26;4,40;4.37;20,14;0,51;;10
09/09/26;MAPFRE;CALL;Dic-26;4,50;4.37;20,06;0,42;;16
09/09/26;MAPFRE;CALL;Mar-27;4,00;4.37;22,01;0,75;;1
09/09/26;MAPFRE;CALL;Mar-27;4,90;4.37;21,51;0,25;;15
09/09/26;MAPFRE;CALL;Jun-27;4,20;4.37;23,28;0,62;;7
09/09/26;MAPFRE;CALL;Jun-27;4,30;4.37;23,25;0,57;;8
09/09/26;MAPFRE;CALL;Jun-27;5,00;4.37;22,79;0,27;;1
09/09/26;MAPFRE;CALL;Dic-27;5,00;4.37;24,63;0,34;;5
09/09/26;MAPFRE;PUT;Sep-26;1,70;4.37;22,07;;;20
09/09/26;MAPFRE;PUT;Sep-26;3,20;4.37;21,50;;;2
09/09/26;MAPFRE;PUT;Sep-26;3,30;4.37;21,46;;;2
09/09/26;MAPFRE;PUT;Sep-26;3,60;4.37;21,34;;;5
09/09/26;MAPFRE;PUT;Sep-26;3,70;4.37;21,31;;;50
09/09/26;MAPFRE;PUT;Sep-26;5,00;4.37;20,52;-1,00;;9
09/09/26;MAPFRE;PUT;Oct-26;4,30;4.37;21,09;-0,38;10;10
09/09/26;MAPFRE;PUT;Nov-26;4,50;4.37;21,59;-0,59;;1
09/09/26;MAPFRE;PUT;Dic-26;3,20;4.37;21,56;;;2
09/09/26;MAPFRE;PUT;Dic-26;3,60;4.37;21,40;-0,05;;3
09/09/26;MAPFRE;PUT;Dic-26;3,70;4.37;21,37;-0,08;;116
09/09/26;MAPFRE;PUT;Dic-26;3,80;4.37;21,33;-0,12;;20
09/09/26;MAPFRE;PUT;Dic-26;4,00;4.37;21,25;-0,23;;5
09/09/26;MAPFRE;PUT;Dic-26;4,10;4.37;21,21;-0,30;;2
09/09/26;MAPFRE;PUT;Dic-26;4,20;4.37;21,17;-0,38;;50
09/09/26;MAPFRE;PUT;Dic-26;4,30;4.37;21,14;-0,47;;1
09/09/26;MAPFRE;PUT;Dic-26;4,50;4.37;21,00;-0,63;;20
09/09/26;MAPFRE;PUT;Mar-27;3,50;4.37;21,06;-0,07;;4
09/09/26;MAPFRE;PUT;Mar-27;3,60;4.37;21,02;-0,09;;1
09/09/26;MAPFRE;PUT;Mar-27;3,70;4.37;20,99;-0,13;;5
09/09/26;MAPFRE;PUT;Mar-27;4,00;4.37;20,87;-0,27;;3.000
09/09/26;MAPFRE;PUT;Dic-27;3,60;4.37;22,55;-0,22;;10
09/09/26;MELIA HOTELS;CALL;Sep-26;7,75;9.89;33,16;1,00;;5
09/09/26;MELIA HOTELS;CALL;Sep-26;8,00;9.89;32,66;1,00;;1.900
09/09/26;MELIA HOTELS;CALL;Sep-26;8,50;9.89;31,66;1,00;;6
09/09/26;MELIA HOTELS;CALL;Sep-26;12,50;9.89;26,09;;;25
09/09/26;MELIA HOTELS;CALL;Dic-26;10,00;9.89;29,28;0,52;;20
09/09/26;MELIA HOTELS;CALL;Dic-26;11,00;9.89;28,33;0,28;;15
09/09/26;MELIA HOTELS;CALL;Dic-26;11,50;9.89;27,86;0,18;;3
09/09/26;MELIA HOTELS;CALL;Dic-26;13,00;9.89;26,45;0,03;;35
09/09/26;MELIA HOTELS;CALL;Mar-27;7,75;9.89;32,34;0,89;;8
09/09/26;MELIA HOTELS;CALL;Mar-27;8,75;9.89;30,92;0,76;;5
09/09/26;MELIA HOTELS;CALL;Mar-27;12,00;9.89;27,67;0,21;;400
09/09/26;MELIA HOTELS;CALL;Mar-27;12,50;9.89;27,29;0,15;;50
09/09/26;MELIA HOTELS;CALL;Jun-27;7,50;9.89;31,42;0,89;;5
09/09/26;MELIA HOTELS;CALL;Jun-27;7,75;9.89;31,15;0,86;;5
09/09/26;MELIA HOTELS;CALL;Sep-27;7,25;9.89;31,12;0,90;;5
09/09/26;MELIA HOTELS;CALL;Dic-27;7,00;9.89;30,90;0,90;;2
09/09/26;MELIA HOTELS;PUT;Sep-26;10,00;9.89;28,67;-0,58;;25
09/09/26;MELIA HOTELS;PUT;Sep-26;10,50;9.89;28,13;-0,91;;50
09/09/26;MELIA HOTELS;PUT;Sep-26;11,00;9.89;27,59;-1,00;;30
09/09/26;MELIA HOTELS;PUT;Oct-26;9,50;9.89;28,48;-0,31;;4
09/09/26;MELIA HOTELS;PUT;Dic-26;8,25;9.89;31,60;-0,11;;30
09/09/26;MELIA HOTELS;PUT;Dic-26;11,00;9.89;27,68;-0,74;;20
09/09/26;MELIA HOTELS;PUT;Mar-27;9,25;9.89;29,57;-0,32;;50
09/09/26;MELIA HOTELS;PUT;Mar-27;9,50;9.89;29,21;-0,37;;100
09/09/26;MELIA HOTELS;PUT;Mar-27;9,75;9.89;28,86;-0,41;;25
09/09/26;MELIA HOTELS;PUT;Mar-27;10,00;9.89;28,57;-0,46;;100
09/09/26;MELIA HOTELS;PUT;Mar-27;11,00;9.89;27,80;-0,66;;3
09/09/26;MELIA HOTELS;PUT;Jun-27;8,75;9.89;28,94;-0,25;;2
09/09/26;MERLIN;CALL;Sep-26;16,00;12.93;19,59;;;14.696
09/09/26;MERLIN;CALL;Sep-26;16,50;12.93;19,33;;;4.700
09/09/26;MERLIN;CALL;Oct-26;13,00;12.93;21,34;0,50;;10
09/09/26;MERLIN;CALL;Nov-26;14,00;12.93;21,23;0,23;;5
09/09/26;MERLIN;CALL;Nov-26;14,50;12.93;20,97;0,13;;5
09/09/26;MERLIN;CALL;Dic-26;16,50;12.93;20,72;0,01;;14.693
09/09/26;MERLIN;CALL;Mar-27;14,50;12.93;22,82;0,27;;5
09/09/26;MERLIN;CALL;Mar-27;16,00;12.93;22,24;0,10;;3
09/09/26;MERLIN;CALL;Jun-27;13,50;12.93;23,00;0,45;;1
09/09/26;MERLIN;PUT;Sep-26;10,00;12.93;27,93;;;1
09/09/26;MERLIN;PUT;Sep-26;12,00;12.93;24,17;-0,02;;2
09/09/26;MERLIN;PUT;Sep-26;12,50;12.93;23,23;-0,17;;1
09/09/26;MERLIN;PUT;Sep-26;13,00;12.93;22,38;-0,55;;3
09/09/26;MERLIN;PUT;Sep-26;14,00;12.93;21,87;-1,00;11;
09/09/26;MERLIN;PUT;Sep-26;14,50;12.93;21,61;-1,00;;1
09/09/26;MERLIN;PUT;Sep-26;15,00;12.93;21,35;-1,00;;35
09/09/26;MERLIN;PUT;Oct-26;13,00;12.93;22,94;-0,51;;1
09/09/26;MERLIN;PUT;Oct-26;13,50;12.93;22,69;-0,71;;24
09/09/26;MERLIN;PUT;Oct-26;14,00;12.93;22,43;-0,86;;31
09/09/26;MERLIN;PUT;Oct-26;14,50;12.93;22,17;-0,96;;200
09/09/26;MERLIN;PUT;Oct-26;19,50;12.93;19,59;-1,00;1;
09/09/26;MERLIN;PUT;Nov-26;14,50;12.93;22,44;-0,88;;40
09/09/26;MERLIN;PUT;Dic-26;11,00;12.93;26,64;-0,12;;300
09/09/26;MERLIN;PUT;Dic-26;12,00;12.93;24,84;-0,29;10;11
09/09/26;MERLIN;PUT;Dic-26;13,00;12.93;23,13;-0,53;;2
09/09/26;MERLIN;PUT;Dic-26;13,50;12.93;22,90;-0,65;;4
09/09/26;MERLIN;PUT;Dic-26;14,00;12.93;22,66;-0,76;;35
09/09/26;MERLIN;PUT;Mar-27;12,00;12.93;24,08;-0,31;;3
09/09/26;MERLIN;PUT;Mar-27;13,50;12.93;22,40;-0,59;;16
09/09/26;MERLIN;PUT;Jun-27;14,50;12.93;21,08;-0,73;;3
09/09/26;MERLIN;PUT;Jun-27;15,00;12.93;20,90;-0,79;;10
09/09/26;MERLIN;PUT;Dic-27;12,50;12.93;21,82;-0,42;;5.000
09/09/26;NATURGY;CALL;Sep-26;28,00;29.28;18,16;0,94;;1
09/09/26;NATURGY;CALL;Sep-26;29,00;29.28;17,10;0,65;;98
09/09/26;NATURGY;CALL;Sep-26;29,50;29.28;16,67;0,40;;3
09/09/26;NATURGY;CALL;Sep-26;30,00;29.28;16,37;0,18;;154
09/09/26;NATURGY;CALL;Sep-26;31,00;29.28;15,76;0,01;;145
09/09/26;NATURGY;CALL;Oct-26;30,00;29.28;17,68;0,36;;1
09/09/26;NATURGY;CALL;Dic-26;27,00;29.28;21,21;0,83;;11
09/09/26;NATURGY;CALL;Dic-26;28,00;29.28;20,27;0,71;;24
09/09/26;NATURGY;CALL;Dic-26;29,00;29.28;19,32;0,57;;495
09/09/26;NATURGY;CALL;Dic-26;30,00;29.28;18,65;0,41;;298
09/09/26;NATURGY;CALL;Dic-26;31,00;29.28;18,08;0,26;;113
09/09/26;NATURGY;CALL;Dic-26;32,00;29.28;17,51;0,15;;7
09/09/26;NATURGY;CALL;Dic-26;35,00;29.28;15,80;0,01;;1
09/09/26;NATURGY;CALL;Mar-27;25,00;29.28;23,24;0,88;;2
09/09/26;NATURGY;CALL;Mar-27;26,00;29.28;22,48;0,81;;90
09/09/26;NATURGY;CALL;Mar-27;27,00;29.28;21,73;0,73;;2
09/09/26;NATURGY;CALL;Mar-27;28,00;29.28;20,98;0,64;;11
09/09/26;NATURGY;CALL;Mar-27;29,00;29.28;20,23;0,54;;200
09/09/26;NATURGY;CALL;Mar-27;30,00;29.28;19,72;0,44;;300
09/09/26;NATURGY;CALL;Mar-27;32,00;29.28;18,87;0,26;;1
09/09/26;NATURGY;CALL;Mar-27;33,00;29.28;18,45;0,19;;2
09/09/26;NATURGY;CALL;Jun-27;25,00;29.28;23,60;0,84;;385
09/09/26;NATURGY;CALL;Jun-27;26,00;29.28;22,95;0,77;;2
09/09/26;NATURGY;CALL;Jun-27;27,00;29.28;22,30;0,70;;2
09/09/26;NATURGY;CALL;Jun-27;30,00;29.28;20,54;0,46;67;67
09/09/26;NATURGY;CALL;Jun-27;32,00;29.28;19,77;0,31;;401
09/09/26;NATURGY;CALL;Jun-27;33,00;29.28;19,38;0,24;;2
09/09/26;NATURGY;CALL;Jun-27;35,00;29.28;18,61;0,13;;1
09/09/26;NATURGY;CALL;Dic-27;30,00;29.28;21,49;0,47;;1
09/09/26;NATURGY;PUT;Sep-26;18,00;29.28;28,38;;;10
09/09/26;NATURGY;PUT;Sep-26;19,00;29.28;27,32;;;25
09/09/26;NATURGY;PUT;Sep-26;19,50;29.28;26,79;;;25
09/09/26;NATURGY;PUT;Sep-26;20,00;29.28;26,27;;;26
09/09/26;NATURGY;PUT;Sep-26;21,00;29.28;25,21;;;28
09/09/26;NATURGY;PUT;Sep-26;22,00;29.28;24,15;;;27
09/09/26;NATURGY;PUT;Sep-26;23,00;29.28;23,09;;;30
09/09/26;NATURGY;PUT;Sep-26;24,00;29.28;22,03;;;210
09/09/26;NATURGY;PUT;Sep-26;25,00;29.28;20,97;;;23
09/09/26;NATURGY;PUT;Sep-26;26,00;29.28;19,91;;;3
09/09/26;NATURGY;PUT;Sep-26;27,00;29.28;18,85;;;62
09/09/26;NATURGY;PUT;Sep-26;28,00;29.28;17,80;-0,05;;33
09/09/26;NATURGY;PUT;Sep-26;29,00;29.28;16,74;-0,35;;162
09/09/26;NATURGY;PUT;Sep-26;30,00;29.28;16,01;-0,83;;13
09/09/26;NATURGY;PUT;Sep-26;31,00;29.28;15,40;-1,00;;3
09/09/26;NATURGY;PUT;Oct-26;24,00;29.28;21,78;;;2
09/09/26;NATURGY;PUT;Oct-26;28,00;29.28;17,59;-0,19;;14
09/09/26;NATURGY;PUT;Oct-26;29,00;29.28;16,54;-0,40;;23
09/09/26;NATURGY;PUT;Nov-26;28,00;29.28;16,34;-0,33;;1
09/09/26;NATURGY;PUT;Dic-26;18,00;29.28;27,22;;;2
09/09/26;NATURGY;PUT;Dic-26;19,50;29.28;25,80;;;5
09/09/26;NATURGY;PUT;Dic-26;20,00;29.28;25,33;;;13
09/09/26;NATURGY;PUT;Dic-26;22,00;29.28;23,44;-0,01;;2
09/09/26;NATURGY;PUT;Dic-26;23,00;29.28;22,49;-0,02;;11
09/09/26;NATURGY;PUT;Dic-26;24,00;29.28;21,55;-0,05;;2.142
09/09/26;NATURGY;PUT;Dic-26;25,00;29.28;20,60;-0,08;;124
09/09/26;NATURGY;PUT;Dic-26;26,00;29.28;19,66;-0,14;;109
09/09/26;NATURGY;PUT;Dic-26;27,00;29.28;18,71;-0,23;;20
09/09/26;NATURGY;PUT;Dic-26;28,00;29.28;17,77;-0,36;;6
09/09/26;NATURGY;PUT;Dic-26;29,00;29.28;16,82;-0,51;;52
09/09/26;NATURGY;PUT;Dic-26;30,00;29.28;16,15;-0,67;;1
09/09/26;NATURGY;PUT;Dic-26;31,00;29.28;15,58;-0,81;;1
09/09/26;NATURGY;PUT;Dic-26;32,00;29.28;15,01;-0,91;;50
09/09/26;NATURGY;PUT;Mar-27;18,00;29.28;26,46;;;1
09/09/26;NATURGY;PUT;Mar-27;24,00;29.28;21,95;-0,10;;501
09/09/26;NATURGY;PUT;Mar-27;26,00;29.28;20,44;-0,21;;193
09/09/26;NATURGY;PUT;Mar-27;28,00;29.28;18,94;-0,38;;1
09/09/26;NATURGY;PUT;Jun-27;24,00;29.28;21,49;-0,15;;1
09/09/26;NATURGY;PUT;Jun-27;25,00;29.28;20,84;-0,21;;5
09/09/26;NATURGY;PUT;Jun-27;26,00;29.28;20,19;-0,27;;1
09/09/26;NATURGY;PUT;Jun-27;27,00;29.28;19,54;-0,34;;2
09/09/26;NATURGY;PUT;Jun-27;28,00;29.28;18,89;-0,42;;12
09/09/26;NATURGY;PUT;Jun-27;32,00;29.28;17,01;-0,76;;1
09/09/26;NATURGY;PUT;Sep-27;26,00;29.28;20,16;-0,31;;95
09/09/26;NATURGY;PUT;Dic-27;26,00;29.28;20,10;-0,34;;97
09/09/26;NATURGY;PUT;Jun-28;26,00;29.28;19,74;-0,37;;95
09/09/26;NATURGY;PUT;Dic-26;28,00;29.28;17,77;-0,35;;2
09/09/26;OBRASCON HUARTE;CALL;Sep-26;0,40;0.37;43,30;0,11;;120
09/09/26;OBRASCON HUARTE;CALL;Sep-26;0,50;0.37;43,30;;;200
09/09/26;OBRASCON HUARTE;CALL;Dic-26;0,50;0.37;42,72;0,11;;1
09/09/26;OBRASCON HUARTE;CALL;Mar-27;0,40;0.37;44,47;0,47;;300
09/09/26;OBRASCON HUARTE;CALL;Jun-27;0,35;0.37;45,13;0,64;;1.000
09/09/26;OBRASCON HUARTE;CALL;Mar-28;0,50;0.37;43,78;0,41;;10
09/09/26;OBRASCON HUARTE;CALL;Mar-28;0,60;0.37;43,78;0,29;;50
09/09/26;OBRASCON HUARTE;CALL;Jun-28;0,35;0.37;43,66;0,68;;900
09/09/26;PHARMA MAR;CALL;Sep-26;78,00;78.65;38,27;0,57;;1
09/09/26;PHARMA MAR;CALL;Sep-26;84,00;78.65;36,02;0,13;;5
09/09/26;PHARMA MAR;CALL;Sep-26;86,00;78.65;35,36;0,06;;2
09/09/26;PHARMA MAR;CALL;Sep-26;92,00;78.65;33,38;;;4
09/09/26;PHARMA MAR;CALL;Sep-26;130,00;78.65;20,81;;;2
09/09/26;PHARMA MAR;CALL;Sep-26;135,00;78.65;19,16;;;4
09/09/26;PHARMA MAR;CALL;Sep-26;140,00;78.65;17,51;;;2
09/09/26;PHARMA MAR;CALL;Sep-26;150,00;78.65;14,20;;;4
09/09/26;PHARMA MAR;CALL;Dic-26;76,00;78.65;41,35;0,62;;1
09/09/26;PHARMA MAR;CALL;Dic-26;110,00;78.65;37,76;0,06;;1
09/09/26;PHARMA MAR;CALL;Mar-27;88,00;78.65;38,56;0,42;;1
09/09/26;PHARMA MAR;CALL;Mar-27;105,00;78.65;37,63;0,19;;5
09/09/26;PHARMA MAR;CALL;Jun-27;120,00;78.65;37,74;0,15;;6
09/09/26;PHARMA MAR;PUT;Sep-26;33,00;78.65;73,71;;;10
09/09/26;PHARMA MAR;PUT;Sep-26;36,00;78.65;71,48;;;5
09/09/26;PHARMA MAR;PUT;Sep-26;45,00;78.65;64,81;;;20
09/09/26;PHARMA MAR;PUT;Sep-26;46,00;78.65;64,07;;;9
09/09/26;PHARMA MAR;PUT;Sep-26;47,00;78.65;63,32;;;12
09/09/26;PHARMA MAR;PUT;Sep-26;60,00;78.65;53,68;;;6
09/09/26;PHARMA MAR;PUT;Sep-26;62,00;78.65;52,20;;;5
09/09/26;PHARMA MAR;PUT;Sep-26;66,00;78.65;49,23;-0,01;;3
09/09/26;PHARMA MAR;PUT;Sep-26;70,00;78.65;46,27;-0,05;;1
09/09/26;PHARMA MAR;PUT;Sep-26;82,00;78.65;38,74;-0,74;;6
09/09/26;PHARMA MAR;PUT;Sep-26;92,00;78.65;35,44;-1,00;;1
09/09/26;PHARMA MAR;PUT;Dic-26;29,00;78.65;74,29;;;5
09/09/26;PHARMA MAR;PUT;Dic-26;46,00;78.65;62,33;-0,03;;2
09/09/26;PHARMA MAR;PUT;Dic-26;48,00;78.65;60,92;-0,04;;1
09/09/26;PHARMA MAR;PUT;Dic-26;50,00;78.65;59,52;-0,05;;1
09/09/26;PHARMA MAR;PUT;Dic-26;60,00;78.65;52,48;-0,13;;2
09/09/26;PHARMA MAR;PUT;Dic-26;62,00;78.65;51,07;-0,15;;1
09/09/26;PHARMA MAR;PUT;Dic-26;70,00;78.65;45,45;-0,26;;1
09/09/26;PHARMA MAR;PUT;Dic-26;76,00;78.65;41,22;-0,39;;15
09/09/26;PHARMA MAR;PUT;Dic-26;78,00;78.65;39,82;-0,43;;10
09/09/26;PHARMA MAR;PUT;Mar-27;41,00;78.65;59,38;-0,04;;8
09/09/26;PHARMA MAR;PUT;Mar-27;43,00;78.65;58,34;-0,05;;3
09/09/26;PHARMA MAR;PUT;Mar-27;52,00;78.65;53,69;-0,10;;1
09/09/26;PHARMA MAR;PUT;Mar-27;60,00;78.65;49,55;-0,17;;1
09/09/26;PHARMA MAR;PUT;Mar-27;78,00;78.65;40,25;-0,42;;1
09/09/26;PHARMA MAR;PUT;Mar-27;80,00;78.65;39,84;-0,45;;2
09/09/26;PHARMA MAR;PUT;Mar-27;105,00;78.65;38,46;-0,83;;1
09/09/26;PHARMA MAR;PUT;Jun-27;39,00;78.65;55,97;-0,04;;3
09/09/26;PHARMA MAR;PUT;Jun-27;42,00;78.65;54,83;-0,06;;1
09/09/26;PHARMA MAR;PUT;Jun-27;44,00;78.65;54,08;-0,07;;3
09/09/26;PHARMA MAR;PUT;Jun-27;48,00;78.65;52,57;-0,09;;1
09/09/26;PHARMA MAR;PUT;Jun-27;60,00;78.65;48,04;-0,19;;1
09/09/26;PHARMA MAR;PUT;Jun-27;66,00;78.65;45,78;-0,25;;1
09/09/26;PHARMA MAR;PUT;Jun-27;70,00;78.65;44,27;-0,30;;2
09/09/26;PHARMA MAR;PUT;Jun-27;120,00;78.65;38,91;-0,89;;1
09/09/26;PUIG;CALL;Sep-26;11,00;17.85;37,54;1,00;;1
09/09/26;PUIG;CALL;Sep-26;14,50;17.85;34,73;1,00;;2
09/09/26;PUIG;CALL;Sep-26;16,00;17.85;33,53;0,98;;9
09/09/26;PUIG;CALL;Sep-26;16,50;17.85;33,12;0,94;;1
09/09/26;PUIG;CALL;Sep-26;17,00;17.85;32,72;0,84;;28
09/09/26;PUIG;CALL;Sep-26;17,50;17.85;32,32;0,66;;8.911
09/09/26;PUIG;CALL;Sep-26;18,00;17.85;31,82;0,45;;21
09/09/26;PUIG;CALL;Sep-26;18,50;17.85;31,11;0,24;;17
09/09/26;PUIG;CALL;Sep-26;19,00;17.85;30,39;0,10;;8
09/09/26;PUIG;CALL;Sep-26;19,50;17.85;29,67;0,03;;2
09/09/26;PUIG;CALL;Sep-26;20,00;17.85;28,95;0,01;;14
09/09/26;PUIG;CALL;Sep-26;21,00;17.85;27,51;;;8.553
09/09/26;PUIG;CALL;Oct-26;17,00;17.85;28,73;0,73;;5
09/09/26;PUIG;CALL;Oct-26;18,50;17.85;27,45;0,37;;6
09/09/26;PUIG;CALL;Oct-26;19,00;17.85;26,95;0,26;;5
09/09/26;PUIG;CALL;Dic-26;15,00;17.85;32,82;0,87;;3
09/09/26;PUIG;CALL;Dic-26;16,50;17.85;31,72;0,72;;2
09/09/26;PUIG;CALL;Dic-26;17,00;17.85;31,36;0,66;;10
09/09/26;PUIG;CALL;Dic-26;18,00;17.85;30,70;0,53;;39
09/09/26;PUIG;CALL;Dic-26;18,50;17.85;30,55;0,46;;6
09/09/26;PUIG;CALL;Dic-26;19,00;17.85;30,40;0,39;;1
09/09/26;PUIG;CALL;Dic-26;19,50;17.85;30,25;0,33;;20
09/09/26;PUIG;CALL;Dic-26;21,00;17.85;29,80;0,18;;6
09/09/26;PUIG;CALL;Dic-26;22,00;17.85;29,50;0,11;;1
09/09/26;PUIG;CALL;Dic-26;23,00;17.85;29,20;0,06;;2
09/09/26;PUIG;CALL;Jun-27;11,00;17.85;33,84;0,97;;5
09/09/26;PUIG;CALL;Jun-27;15,50;17.85;31,40;0,77;;4
09/09/26;PUIG;CALL;Jun-27;16,00;17.85;31,13;0,73;;1
09/09/26;PUIG;CALL;Jun-27;16,50;17.85;30,86;0,70;;2
09/09/26;PUIG;CALL;Jun-27;17,50;17.85;30,32;0,61;;1
09/09/26;PUIG;PUT;Sep-26;12,00;17.85;38,80;;;5
09/09/26;PUIG;PUT;Sep-26;12,50;17.85;38,40;;;149
09/09/26;PUIG;PUT;Sep-26;13,00;17.85;37,99;;;22
09/09/26;PUIG;PUT;Sep-26;13,50;17.85;37,59;;;18
09/09/26;PUIG;PUT;Sep-26;14,00;17.85;37,19;;;42
09/09/26;PUIG;PUT;Sep-26;14,50;17.85;36,79;;;1
09/09/26;PUIG;PUT;Sep-26;15,00;17.85;36,39;;;8.347
09/09/26;PUIG;PUT;Sep-26;15,50;17.85;35,99;-0,01;;6
09/09/26;PUIG;PUT;Sep-26;16,00;17.85;35,59;-0,02;;227
09/09/26;PUIG;PUT;Sep-26;16,50;17.85;35,18;-0,07;;26
09/09/26;PUIG;PUT;Sep-26;17,00;17.85;34,78;-0,18;;8
09/09/26;PUIG;PUT;Sep-26;17,50;17.85;34,38;-0,34;;29
09/09/26;PUIG;PUT;Sep-26;18,00;17.85;33,88;-0,55;;1
09/09/26;PUIG;PUT;Sep-26;18,50;17.85;33,17;-0,74;;10
09/09/26;PUIG;PUT;Oct-26;16,00;17.85;29,72;-0,11;;1
09/09/26;PUIG;PUT;Oct-26;16,50;17.85;29,35;-0,18;;3
09/09/26;PUIG;PUT;Oct-26;17,00;17.85;28,99;-0,28;;15
09/09/26;PUIG;PUT;Nov-26;15,00;17.85;32,97;-0,10;10;10
09/09/26;PUIG;PUT;Nov-26;15,50;17.85;32,60;-0,14;10;10
09/09/26;PUIG;PUT;Nov-26;16,50;17.85;31,85;-0,26;;5
09/09/26;PUIG;PUT;Nov-26;18,00;17.85;30,77;-0,49;5;5
09/09/26;PUIG;PUT;Dic-26;11,00;17.85;35,20;;;2
09/09/26;PUIG;PUT;Dic-26;12,00;17.85;34,47;-0,01;;500
09/09/26;PUIG;PUT;Dic-26;12,50;17.85;34,11;-0,02;;5
09/09/26;PUIG;PUT;Dic-26;13,00;17.85;33,74;-0,03;;3
09/09/26;PUIG;PUT;Dic-26;13,50;17.85;33,38;-0,04;;4
09/09/26;PUIG;PUT;Dic-26;14,00;17.85;33,01;-0,06;;47
09/09/26;PUIG;PUT;Dic-26;14,50;17.85;32,65;-0,09;;2.467
09/09/26;PUIG;PUT;Dic-26;15,00;17.85;32,29;-0,13;;26
09/09/26;PUIG;PUT;Dic-26;15,50;17.85;31,92;-0,17;;30
09/09/26;PUIG;PUT;Dic-26;16,00;17.85;31,56;-0,22;;22
09/09/26;PUIG;PUT;Dic-26;16,50;17.85;31,19;-0,28;;6
09/09/26;PUIG;PUT;Dic-26;17,00;17.85;30,83;-0,34;;11
09/09/26;PUIG;PUT;Dic-26;17,50;17.85;30,46;-0,41;;10
09/09/26;PUIG;PUT;Dic-26;18,00;17.85;30,17;-0,48;;5
09/09/26;PUIG;PUT;Dic-26;21,00;17.85;29,27;-0,84;;6
09/09/26;PUIG;PUT;Mar-27;12,00;17.85;35,35;-0,04;;1
09/09/26;PUIG;PUT;Mar-27;13,00;17.85;34,68;-0,08;;1
09/09/26;PUIG;PUT;Mar-27;13,50;17.85;34,34;-0,10;;5
09/09/26;PUIG;PUT;Mar-27;14,00;17.85;34,01;-0,12;;2
09/09/26;PUIG;PUT;Mar-27;15,00;17.85;33,34;-0,19;;10
09/09/26;PUIG;PUT;Mar-27;15,50;17.85;33,00;-0,22;;7
09/09/26;PUIG;PUT;Mar-27;16,00;17.85;32,66;-0,27;;85
09/09/26;PUIG;PUT;Mar-27;16,50;17.85;32,33;-0,31;;274
09/09/26;PUIG;PUT;Mar-27;17,00;17.85;31,99;-0,36;;10
09/09/26;PUIG;PUT;Jun-27;14,00;17.85;31,17;-0,16;;4
09/09/26;PUIG;PUT;Jun-27;15,00;17.85;30,63;-0,22;;5
09/09/26;PUIG;PUT;Jun-27;16,00;17.85;30,09;-0,30;;411
09/09/26;PUIG;PUT;Jun-27;16,50;17.85;29,82;-0,34;;2
09/09/26;PUIG;PUT;Jun-27;17,50;17.85;29,28;-0,43;;1
09/09/26;PUIG;PUT;Jun-27;21,00;17.85;29,03;-0,70;;20
09/09/26;PUIG;PUT;Sep-27;11,00;17.85;30,50;-0,04;;19
09/09/26;PUIG;PUT;Dic-27;15,00;17.85;27,76;-0,23;;4
09/09/26;PUIG;PUT;Dic-27;15,50;17.85;27,59;-0,27;;162
09/09/26;PUIG;PUT;Dic-27;16,00;17.85;27,42;-0,30;;156
09/09/26;PUIG;PUT;Dic-27;16,50;17.85;27,25;-0,34;;151
09/09/26;PUIG;PUT;Mar-28;17,50;17.85;26,29;-0,41;;143
09/09/26;REDEIA;CALL;Sep-26;14,00;14.91;18,25;0,99;;1
09/09/26;REDEIA;CALL;Sep-26;15,00;14.91;16,62;0,42;;11
09/09/26;REDEIA;CALL;Sep-26;15,50;14.91;15,96;0,07;;14
09/09/26;REDEIA;CALL;Sep-26;16,00;14.91;15,30;;;10
09/09/26;REDEIA;CALL;Sep-26;16,50;14.91;14,64;;;4
09/09/26;REDEIA;CALL;Sep-26;17,00;14.91;13,98;;;35
09/09/26;REDEIA;CALL;Sep-26;17,50;14.91;13,32;;;1
09/09/26;REDEIA;CALL;Sep-26;18,50;14.91;12,00;;;1
09/09/26;REDEIA;CALL;Nov-26;15,50;14.91;16,90;0,34;;1
09/09/26;REDEIA;CALL;Dic-26;14,00;14.91;18,85;0,77;;35
09/09/26;REDEIA;CALL;Dic-26;15,00;14.91;17,51;0,52;;26
09/09/26;REDEIA;CALL;Dic-26;15,50;14.91;16,95;0,38;;21
09/09/26;REDEIA;CALL;Dic-26;16,00;14.91;16,39;0,24;;265
09/09/26;REDEIA;CALL;Dic-26;16,50;14.91;15,83;0,14;;43
09/09/26;REDEIA;CALL;Dic-26;17,00;14.91;15,27;0,06;;25
09/09/26;REDEIA;CALL;Dic-26;17,50;14.91;14,71;0,03;;26
09/09/26;REDEIA;CALL;Dic-26;18,00;14.91;14,16;0,01;;2
09/09/26;REDEIA;CALL;Mar-27;13,50;14.91;19,90;0,81;;1
09/09/26;REDEIA;CALL;Mar-27;14,00;14.91;19,39;0,72;;20
09/09/26;REDEIA;CALL;Mar-27;15,50;14.91;17,86;0,42;;138
09/09/26;REDEIA;CALL;Mar-27;16,00;14.91;17,35;0,31;;206
09/09/26;REDEIA;CALL;Mar-27;16,50;14.91;16,85;0,22;;27
09/09/26;REDEIA;CALL;Mar-27;17,00;14.91;16,35;0,15;;6
09/09/26;REDEIA;CALL;Mar-27;17,50;14.91;15,84;0,09;;137
09/09/26;REDEIA;CALL;Jun-27;14,00;14.91;19,87;0,69;;9
09/09/26;REDEIA;CALL;Jun-27;15,50;14.91;18,55;0,46;;10
09/09/26;REDEIA;CALL;Jun-27;16,00;14.91;18,07;0,37;;1
09/09/26;REDEIA;CALL;Jun-27;16,50;14.91;17,59;0,30;;2
09/09/26;REDEIA;CALL;Jun-27;17,00;14.91;17,11;0,23;;6
09/09/26;REDEIA;CALL;Jun-27;18,00;14.91;16,15;0,11;;1
09/09/26;REDEIA;CALL;Sep-27;15,50;14.91;18,61;0,46;;2
09/09/26;REDEIA;CALL;Dic-27;14,50;14.91;19,47;0,60;;278
09/09/26;REDEIA;CALL;Dic-27;18,00;14.91;16,11;0,15;;6
09/09/26;REDEIA;PUT;Sep-26;12,50;14.91;20,70;;;11
09/09/26;REDEIA;PUT;Sep-26;13,00;14.91;19,87;;;9
09/09/26;REDEIA;PUT;Sep-26;13,50;14.91;19,04;;;59
09/09/26;REDEIA;PUT;Sep-26;14,00;14.91;18,22;-0,01;;29
09/09/26;REDEIA;PUT;Sep-26;14,50;14.91;17,39;-0,15;;12
09/09/26;REDEIA;PUT;Sep-26;15,00;14.91;16,59;-0,58;1;50
09/09/26;REDEIA;PUT;Sep-26;15,50;14.91;15,93;-0,94;;13
09/09/26;REDEIA;PUT;Sep-26;16,00;14.91;15,27;-1,00;1;
09/09/26;REDEIA;PUT;Sep-26;16,50;14.91;14,61;-1,00;;1
09/09/26;REDEIA;PUT;Oct-26;14,50;14.91;16,70;-0,28;3;20
09/09/26;REDEIA;PUT;Oct-26;15,00;14.91;15,96;-0,52;;57
09/09/26;REDEIA;PUT;Oct-26;15,50;14.91;15,32;-0,78;;4
09/09/26;REDEIA;PUT;Oct-26;16,00;14.91;14,68;-0,95;;3
09/09/26;REDEIA;PUT;Nov-26;13,50;14.91;18,48;-0,10;10;10
09/09/26;REDEIA;PUT;Nov-26;14,00;14.91;17,72;-0,19;;17
09/09/26;REDEIA;PUT;Nov-26;14,50;14.91;16,96;-0,32;;1
09/09/26;REDEIA;PUT;Nov-26;15,00;14.91;16,23;-0,50;;4
09/09/26;REDEIA;PUT;Dic-26;11,50;14.91;21,50;-0,01;;20
09/09/26;REDEIA;PUT;Dic-26;12,00;14.91;20,82;-0,02;;10
09/09/26;REDEIA;PUT;Dic-26;12,50;14.91;20,14;-0,04;;15
09/09/26;REDEIA;PUT;Dic-26;13,00;14.91;19,45;-0,07;;13
09/09/26;REDEIA;PUT;Dic-26;13,50;14.91;18,77;-0,13;;93
09/09/26;REDEIA;PUT;Dic-26;14,00;14.91;18,09;-0,22;;122
09/09/26;REDEIA;PUT;Dic-26;14,50;14.91;17,41;-0,34;;183
09/09/26;REDEIA;PUT;Dic-26;15,00;14.91;16,75;-0,49;;81
09/09/26;REDEIA;PUT;Dic-26;15,50;14.91;16,19;-0,65;;4
09/09/26;REDEIA;PUT;Dic-26;16,00;14.91;15,63;-0,80;;8
09/09/26;REDEIA;PUT;Mar-27;11,50;14.91;20,29;-0,03;;1
09/09/26;REDEIA;PUT;Mar-27;12,00;14.91;19,77;-0,06;;8
09/09/26;REDEIA;PUT;Mar-27;12,50;14.91;19,26;-0,09;;8
09/09/26;REDEIA;PUT;Mar-27;13,00;14.91;18,74;-0,14;;101
09/09/26;REDEIA;PUT;Mar-27;13,50;14.91;18,23;-0,21;;23
09/09/26;REDEIA;PUT;Mar-27;14,00;14.91;17,72;-0,30;;162
09/09/26;REDEIA;PUT;Mar-27;14,50;14.91;17,20;-0,40;;6
09/09/26;REDEIA;PUT;Mar-27;15,00;14.91;16,69;-0,51;;6
09/09/26;REDEIA;PUT;Mar-27;15,50;14.91;16,19;-0,63;;3
09/09/26;REDEIA;PUT;Mar-27;16,00;14.91;15,68;-0,74;;3
09/09/26;REDEIA;PUT;Mar-27;17,00;14.91;14,68;-0,90;;2
09/09/26;REDEIA;PUT;Jun-27;12,50;14.91;19,21;-0,13;;4
09/09/26;REDEIA;PUT;Jun-27;13,50;14.91;18,39;-0,24;;2
09/09/26;REDEIA;PUT;Jun-27;14,00;14.91;17,97;-0,31;;7
09/09/26;REDEIA;PUT;Jun-27;14,50;14.91;17,56;-0,40;;53
09/09/26;REDEIA;PUT;Jun-27;15,00;14.91;17,13;-0,49;;5
09/09/26;REDEIA;PUT;Jun-27;15,50;14.91;16,65;-0,59;;19
09/09/26;REDEIA;PUT;Jun-27;16,00;14.91;16,17;-0,69;;1
09/09/26;REDEIA;PUT;Sep-27;12,50;14.91;18,39;-0,19;;5
09/09/26;REDEIA;PUT;Dic-27;14,00;14.91;17,04;-0,39;;20
09/09/26;REDEIA;PUT;Dic-27;15,00;14.91;16,40;-0,55;;11
09/09/26;REDEIA;PUT;Dic-27;19,00;14.91;12,38;-0,98;;6
09/09/26;REDEIA;PUT;Dic-28;13,00;14.91;17,21;-0,33;;1
09/09/26;REDEIA;PUT;Sep-26;14,00;14.91;18,22;-0,01;;1
09/09/26;REDEIA;PUT;Sep-26;14,50;14.91;17,39;-0,15;;6
09/09/26;REDEIA;PUT;Sep-26;15,00;14.91;16,59;-0,58;;1
09/09/26;REDEIA;PUT;Dic-26;13,50;14.91;18,77;-0,13;;4
09/09/26;REDEIA;PUT;Dic-26;15,00;14.91;16,75;-0,48;;6
09/09/26;REDEIA;PUT;Mar-27;14,00;14.91;17,72;-0,29;;2
09/09/26;REDEIA;PUT;Mar-27;14,50;14.91;17,20;-0,38;;5
09/09/26;REDEIA;PUT;Jun-27;14,50;14.91;17,56;-0,37;;5
09/09/26;REPSOL;CALL;Sep-26;16,50;28.81;43,73;1,00;;4
09/09/26;REPSOL;CALL;Sep-26;18,00;28.81;42,53;1,00;;1
09/09/26;REPSOL;CALL;Sep-26;20,00;28.81;40,93;1,00;;17
09/09/26;REPSOL;CALL;Sep-26;20,50;28.81;40,53;1,00;;1
09/09/26;REPSOL;CALL;Sep-26;21,00;28.81;40,13;1,00;;161
09/09/26;REPSOL;CALL;Sep-26;22,00;28.81;39,34;1,00;;11.898
09/09/26;REPSOL;CALL;Sep-26;23,00;28.81;38,54;1,00;;182
09/09/26;REPSOL;CALL;Sep-26;24,00;28.81;37,74;1,00;;137
09/09/26;REPSOL;CALL;Sep-26;25,00;28.81;36,94;0,99;1;522
09/09/26;REPSOL;CALL;Sep-26;26,00;28.81;36,14;0,97;;188
09/09/26;REPSOL;CALL;Sep-26;27,00;28.81;35,34;0,89;;197
09/09/26;REPSOL;CALL;Sep-26;28,00;28.81;34,55;0,71;7;272
09/09/26;REPSOL;CALL;Sep-26;29,00;28.81;33,79;0,47;1;18
09/09/26;REPSOL;CALL;Sep-26;30,00;28.81;33,23;0,23;;176
09/09/26;REPSOL;CALL;Sep-26;31,00;28.81;32,66;0,08;;101
09/09/26;REPSOL;CALL;Oct-26;27,00;28.81;33,79;0,75;;16
09/09/26;REPSOL;CALL;Oct-26;28,00;28.81;33,09;0,64;2;15
09/09/26;REPSOL;CALL;Oct-26;29,00;28.81;32,51;0,51;;5.002
09/09/26;REPSOL;CALL;Oct-26;30,00;28.81;32,43;0,38;1;41
09/09/26;REPSOL;CALL;Oct-26;31,00;28.81;32,35;0,26;1;4
09/09/26;REPSOL;CALL;Oct-26;32,00;28.81;32,27;0,17;;10
09/09/26;REPSOL;CALL;Oct-26;34,00;28.81;32,11;0,06;;43
09/09/26;REPSOL;CALL;Nov-26;28,00;28.81;34,35;0,62;;5
09/09/26;REPSOL;CALL;Nov-26;32,00;28.81;31,87;0,26;;5
09/09/26;REPSOL;CALL;Dic-26;12,00;28.81;42,81;1,00;;2
09/09/26;REPSOL;CALL;Dic-26;13,00;28.81;42,19;1,00;;10
09/09/26;REPSOL;CALL;Dic-26;15,00;28.81;40,97;1,00;;150
09/09/26;REPSOL;CALL;Dic-26;15,50;28.81;40,66;1,00;;160
09/09/26;REPSOL;CALL;Dic-26;16,00;28.81;40,36;1,00;;150
09/09/26;REPSOL;CALL;Dic-26;16,50;28.81;40,05;1,00;;150
09/09/26;REPSOL;CALL;Dic-26;17,00;28.81;39,74;1,00;;75
09/09/26;REPSOL;CALL;Dic-26;17,50;28.81;39,44;0,99;;48
09/09/26;REPSOL;CALL;Dic-26;18,00;28.81;39,13;0,99;;107
09/09/26;REPSOL;CALL;Dic-26;18,50;28.81;38,82;0,99;;354
09/09/26;REPSOL;CALL;Dic-26;19,00;28.81;38,52;0,99;;15
09/09/26;REPSOL;CALL;Dic-26;19,50;28.81;38,21;0,98;;101
09/09/26;REPSOL;CALL;Dic-26;20,00;28.81;37,90;0,98;;54
09/09/26;REPSOL;CALL;Dic-26;21,00;28.81;37,29;0,96;;7
09/09/26;REPSOL;CALL;Dic-26;22,00;28.81;36,68;0,94;;4.090
09/09/26;REPSOL;CALL;Dic-26;23,00;28.81;36,06;0,91;;12
09/09/26;REPSOL;CALL;Dic-26;24,00;28.81;35,45;0,87;;11.627
09/09/26;REPSOL;CALL;Dic-26;25,00;28.81;34,84;0,82;;78
09/09/26;REPSOL;CALL;Dic-26;26,00;28.81;34,22;0,76;;1.189
09/09/26;REPSOL;CALL;Dic-26;27,00;28.81;33,61;0,69;;13
09/09/26;REPSOL;CALL;Dic-26;28,00;28.81;33,00;0,61;;325
09/09/26;REPSOL;CALL;Dic-26;29,00;28.81;32,43;0,53;;37
09/09/26;REPSOL;CALL;Dic-26;30,00;28.81;32,06;0,45;10;73
09/09/26;REPSOL;CALL;Dic-26;31,00;28.81;31,69;0,38;1;31
09/09/26;REPSOL;CALL;Dic-26;32,00;28.81;31,32;0,30;;14
09/09/26;REPSOL;CALL;Mar-27;14,50;28.81;41,67;1,00;;5
09/09/26;REPSOL;CALL;Mar-27;16,00;28.81;40,56;0,99;;15
09/09/26;REPSOL;CALL;Mar-27;16,50;28.81;40,19;0,99;;25
09/09/26;REPSOL;CALL;Mar-27;17,00;28.81;39,82;0,99;;2
09/09/26;REPSOL;CALL;Mar-27;17,50;28.81;39,44;0,98;;32
09/09/26;REPSOL;CALL;Mar-27;18,00;28.81;39,07;0,98;;55
09/09/26;REPSOL;CALL;Mar-27;18,50;28.81;38,70;0,97;;16
09/09/26;REPSOL;CALL;Mar-27;19,00;28.81;38,33;0,97;;35
09/09/26;REPSOL;CALL;Mar-27;19,50;28.81;37,96;0,96;;10
09/09/26;REPSOL;CALL;Mar-27;20,00;28.81;37,59;0,95;;20
09/09/26;REPSOL;CALL;Mar-27;22,00;28.81;36,11;0,90;;27
09/09/26;REPSOL;CALL;Mar-27;23,00;28.81;35,37;0,87;;4.000
09/09/26;REPSOL;CALL;Mar-27;24,00;28.81;34,63;0,82;7;324
09/09/26;REPSOL;CALL;Mar-27;25,00;28.81;33,89;0,78;;175
09/09/26;REPSOL;CALL;Mar-27;26,00;28.81;33,15;0,72;;6
09/09/26;REPSOL;CALL;Mar-27;27,00;28.81;32,41;0,67;;20
09/09/26;REPSOL;CALL;Mar-27;28,00;28.81;31,67;0,60;10;12
09/09/26;REPSOL;CALL;Mar-27;29,00;28.81;31,05;0,54;10;2.015
09/09/26;REPSOL;CALL;Mar-27;30,00;28.81;30,92;0,48;;2
09/09/26;REPSOL;CALL;Mar-27;31,00;28.81;30,79;0,42;;2
09/09/26;REPSOL;CALL;Mar-27;32,00;28.81;30,66;0,36;;180
09/09/26;REPSOL;CALL;Jun-27;11,00;28.81;41,58;1,00;;1
09/09/26;REPSOL;CALL;Jun-27;15,00;28.81;39,04;0,99;;75
09/09/26;REPSOL;CALL;Jun-27;15,50;28.81;38,72;0,99;;50
09/09/26;REPSOL;CALL;Jun-27;16,50;28.81;38,08;0,98;;23
09/09/26;REPSOL;CALL;Jun-27;17,00;28.81;37,77;0,98;;1.019
09/09/26;REPSOL;CALL;Jun-27;17,50;28.81;37,45;0,97;;27
09/09/26;REPSOL;CALL;Jun-27;19,00;28.81;36,49;0,95;;1
09/09/26;REPSOL;CALL;Jun-27;19,50;28.81;36,17;0,94;;1
09/09/26;REPSOL;CALL;Jun-27;23,00;28.81;33,95;0,83;;16
09/09/26;REPSOL;CALL;Jun-27;26,00;28.81;32,04;0,70;;8
09/09/26;REPSOL;CALL;Jun-27;27,00;28.81;31,40;0,65;;3
09/09/26;REPSOL;CALL;Jun-27;28,00;28.81;30,77;0,60;;100
09/09/26;REPSOL;CALL;Jun-27;30,00;28.81;30,14;0,50;;32
09/09/26;REPSOL;CALL;Sep-27;15,50;28.81;39,26;0,99;;1
09/09/26;REPSOL;CALL;Sep-27;18,00;28.81;37,61;0,96;;3.000
09/09/26;REPSOL;CALL;Sep-27;18,50;28.81;37,28;0,94;;3.000
09/09/26;REPSOL;CALL;Sep-27;20,00;28.81;36,29;0,91;;2.000
09/09/26;REPSOL;CALL;Sep-27;21,00;28.81;35,63;0,88;;6
09/09/26;REPSOL;CALL;Sep-27;22,00;28.81;34,97;0,85;;5
09/09/26;REPSOL;CALL;Sep-27;24,00;28.81;33,65;0,78;;17
09/09/26;REPSOL;CALL;Sep-27;27,00;28.81;31,67;0,65;;1
09/09/26;REPSOL;CALL;Dic-27;12,00;28.81;41,38;1,00;;2
09/09/26;REPSOL;CALL;Dic-27;14,00;28.81;40,04;0,99;;1.400
09/09/26;REPSOL;CALL;Dic-27;15,00;28.81;39,37;0,98;;149
09/09/26;REPSOL;CALL;Dic-27;15,50;28.81;39,03;0,98;;2
09/09/26;REPSOL;CALL;Dic-27;16,00;28.81;38,70;0,97;;3
09/09/26;REPSOL;CALL;Dic-27;16,50;28.81;38,36;0,97;;1.528
09/09/26;REPSOL;CALL;Dic-27;17,00;28.81;38,03;0,96;;24
09/09/26;REPSOL;CALL;Dic-27;17,50;28.81;37,69;0,95;;2
09/09/26;REPSOL;CALL;Dic-27;18,00;28.81;37,35;0,94;;3
09/09/26;REPSOL;CALL;Dic-27;19,50;28.81;36,35;0,90;;5
09/09/26;REPSOL;CALL;Dic-27;20,00;28.81;36,01;0,89;10.000;10.000
09/09/26;REPSOL;CALL;Dic-27;23,00;28.81;34,00;0,79;;4
09/09/26;REPSOL;CALL;Dic-27;24,00;28.81;33,33;0,76;;5.000
09/09/26;REPSOL;CALL;Dic-27;25,00;28.81;32,66;0,72;;1
09/09/26;REPSOL;CALL;Dic-27;27,00;28.81;31,31;0,64;;20
09/09/26;REPSOL;CALL;Dic-27;30,00;28.81;30,02;0,52;10.000;10.000
09/09/26;REPSOL;CALL;Mar-28;16,50;28.81;37,54;0,97;;1
09/09/26;REPSOL;CALL;Mar-28;18,00;28.81;36,59;0,94;;1
09/09/26;REPSOL;CALL;Mar-28;19,00;28.81;35,95;0,91;;5
09/09/26;REPSOL;CALL;Mar-28;24,00;28.81;32,77;0,76;;6
09/09/26;REPSOL;CALL;Mar-28;25,00;28.81;32,13;0,72;;1.000
09/09/26;REPSOL;CALL;Mar-28;26,00;28.81;31,50;0,68;;2.000
09/09/26;REPSOL;CALL;Mar-28;27,00;28.81;30,86;0,64;;2.000
09/09/26;REPSOL;CALL;Mar-28;32,00;28.81;29,49;0,45;;5.000
09/09/26;REPSOL;CALL;Mar-28;33,00;28.81;29,42;0,41;;1.800
09/09/26;REPSOL;CALL;Jun-28;10,00;28.81;40,88;1,00;;10
09/09/26;REPSOL;CALL;Jun-28;19,00;28.81;35,68;0,90;;6
09/09/26;REPSOL;CALL;Jun-28;20,00;28.81;35,10;0,87;;10
09/09/26;REPSOL;CALL;Jun-28;22,00;28.81;33,94;0,81;;4
09/09/26;REPSOL;CALL;Jun-28;24,00;28.81;32,78;0,75;;2.500
09/09/26;REPSOL;CALL;Jun-28;32,00;28.81;29,74;0,47;;1.002
09/09/26;REPSOL;CALL;Jun-28;34,00;28.81;29,58;0,40;;1.000
09/09/26;REPSOL;CALL;Jun-28;36,00;28.81;29,42;0,35;;1.500
09/09/26;REPSOL;CALL;Sep-28;18,50;28.81;35,64;0,91;;1
09/09/26;REPSOL;CALL;Dic-28;16,00;28.81;36,38;0,97;;2.000
09/09/26;REPSOL;CALL;Dic-28;24,00;28.81;32,58;0,74;;1.520
09/09/26;REPSOL;CALL;Dic-28;27,00;28.81;31,16;0,64;;11
09/09/26;REPSOL;CALL;Dic-28;29,00;28.81;30,29;0,58;;8
09/09/26;REPSOL;CALL;Dic-28;34,00;28.81;30,00;0,43;;1
09/09/26;REPSOL;CALL;Dic-29;10,00;28.81;37,03;1,00;;200
09/09/26;REPSOL;CALL;Dic-29;11,50;28.81;36,53;1,00;;1
09/09/26;REPSOL;CALL;Dic-29;12,00;28.81;36,36;1,00;;1
09/09/26;REPSOL;CALL;Dic-29;12,50;28.81;36,19;1,00;;3
09/09/26;REPSOL;CALL;Dic-29;17,00;28.81;34,68;0,94;;25
09/09/26;REPSOL;CALL;Dic-30;22,00;28.81;32,69;0,78;;1.500
09/09/26;REPSOL;CALL;Dic-30;26,00;28.81;31,68;0,68;;3.000
09/09/26;REPSOL;PUT;Sep-26;6,75;28.81;50,46;;;2
09/09/26;REPSOL;PUT;Sep-26;10,50;28.81;47,47;;;9
09/09/26;REPSOL;PUT;Sep-26;11,00;28.81;47,07;;;30
09/09/26;REPSOL;PUT;Sep-26;11,50;28.81;46,67;;;51
09/09/26;REPSOL;PUT;Sep-26;12,00;28.81;46,27;;;295
09/09/26;REPSOL;PUT;Sep-26;12,50;28.81;45,87;;;80
09/09/26;REPSOL;PUT;Sep-26;13,00;28.81;45,47;;;119
09/09/26;REPSOL;PUT;Sep-26;13,50;28.81;45,07;;;12
09/09/26;REPSOL;PUT;Sep-26;14,00;28.81;44,67;;;143
09/09/26;REPSOL;PUT;Sep-26;14,50;28.81;44,27;;;277
09/09/26;REPSOL;PUT;Sep-26;15,00;28.81;43,87;;;35
09/09/26;REPSOL;PUT;Sep-26;15,50;28.81;43,48;;;6
09/09/26;REPSOL;PUT;Sep-26;16,00;28.81;43,08;;;10
09/09/26;REPSOL;PUT;Sep-26;16,50;28.81;42,68;;;200
09/09/26;REPSOL;PUT;Sep-26;17,00;28.81;42,28;;;654
09/09/26;REPSOL;PUT;Sep-26;17,50;28.81;41,88;;;204
09/09/26;REPSOL;PUT;Sep-26;18,00;28.81;41,48;;;15.360
09/09/26;REPSOL;PUT;Sep-26;18,50;28.81;41,08;;;211
09/09/26;REPSOL;PUT;Sep-26;19,00;28.81;40,68;;;14
09/09/26;REPSOL;PUT;Sep-26;19,50;28.81;40,28;;;104
09/09/26;REPSOL;PUT;Sep-26;20,00;28.81;39,88;;;8
09/09/26;REPSOL;PUT;Sep-26;20,50;28.81;39,48;;;5
09/09/26;REPSOL;PUT;Sep-26;21,00;28.81;39,08;;;1.504
09/09/26;REPSOL;PUT;Sep-26;22,00;28.81;38,29;;;1.105
09/09/26;REPSOL;PUT;Sep-26;23,00;28.81;37,49;;;200
09/09/26;REPSOL;PUT;Sep-26;24,00;28.81;36,69;;;47
09/09/26;REPSOL;PUT;Sep-26;25,00;28.81;35,89;-0,01;;413
09/09/26;REPSOL;PUT;Sep-26;26,00;28.81;35,09;-0,03;;168
09/09/26;REPSOL;PUT;Sep-26;26,50;28.81;34,69;-0,06;;5
09/09/26;REPSOL;PUT;Sep-26;27,00;28.81;34,29;-0,11;;322
09/09/26;REPSOL;PUT;Sep-26;27,50;28.81;33,90;-0,18;;2
09/09/26;REPSOL;PUT;Sep-26;28,00;28.81;33,50;-0,28;;4
09/09/26;REPSOL;PUT;Sep-26;29,00;28.81;32,74;-0,54;;3
09/09/26;REPSOL;PUT;Oct-26;22,00;28.81;36,02;-0,01;;2
09/09/26;REPSOL;PUT;Oct-26;23,00;28.81;35,32;-0,02;;2
09/09/26;REPSOL;PUT;Oct-26;24,00;28.81;34,63;-0,04;;109
09/09/26;REPSOL;PUT;Oct-26;25,00;28.81;33,93;-0,08;;1
09/09/26;REPSOL;PUT;Oct-26;26,00;28.81;33,24;-0,15;;12
09/09/26;REPSOL;PUT;Oct-26;27,00;28.81;32,55;-0,24;10;166
09/09/26;REPSOL;PUT;Oct-26;28,00;28.81;31,85;-0,36;;16
09/09/26;REPSOL;PUT;Oct-26;29,00;28.81;31,27;-0,50;1;1
09/09/26;REPSOL;PUT;Nov-26;24,00;28.81;34,68;-0,10;;567
09/09/26;REPSOL;PUT;Nov-26;25,00;28.81;33,98;-0,15;;10
09/09/26;REPSOL;PUT;Nov-26;26,00;28.81;33,29;-0,21;;1
09/09/26;REPSOL;PUT;Dic-26;8,00;28.81;43,77;;;9.500
09/09/26;REPSOL;PUT;Dic-26;8,75;28.81;43,31;;;1
09/09/26;REPSOL;PUT;Dic-26;9,00;28.81;43,16;;;13.015
09/09/26;REPSOL;PUT;Dic-26;9,50;28.81;42,85;;;750
09/09/26;REPSOL;PUT;Dic-26;10,00;28.81;42,54;;;34.000
09/09/26;REPSOL;PUT;Dic-26;10,50;28.81;42,24;;;1.000
09/09/26;REPSOL;PUT;Dic-26;11,00;28.81;41,93;;;15.621
09/09/26;REPSOL;PUT;Dic-26;11,50;28.81;41,62;;;3.187
09/09/26;REPSOL;PUT;Dic-26;12,00;28.81;41,32;;;15.760
09/09/26;REPSOL;PUT;Dic-26;12,50;28.81;41,01;;;156
09/09/26;REPSOL;PUT;Dic-26;13,00;28.81;40,70;;;12.000
09/09/26;REPSOL;PUT;Dic-26;13,50;28.81;40,40;;;1
09/09/26;REPSOL;PUT;Dic-26;14,00;28.81;40,09;;;11.025
09/09/26;REPSOL;PUT;Dic-26;14,50;28.81;39,79;;;224
09/09/26;REPSOL;PUT;Dic-26;15,00;28.81;39,48;;;4.184
09/09/26;REPSOL;PUT;Dic-26;15,50;28.81;39,17;;;21.501
09/09/26;REPSOL;PUT;Dic-26;16,00;28.81;38,87;;;2.160
09/09/26;REPSOL;PUT;Dic-26;16,50;28.81;38,56;;;161
09/09/26;REPSOL;PUT;Dic-26;17,00;28.81;38,25;;;136
09/09/26;REPSOL;PUT;Dic-26;17,50;28.81;37,95;;;160
09/09/26;REPSOL;PUT;Dic-26;18,00;28.81;37,64;-0,01;;26
09/09/26;REPSOL;PUT;Dic-26;18,50;28.81;37,33;-0,01;;1
09/09/26;REPSOL;PUT;Dic-26;19,00;28.81;37,03;-0,01;;4.102
09/09/26;REPSOL;PUT;Dic-26;19,50;28.81;36,72;-0,02;;116
09/09/26;REPSOL;PUT;Dic-26;20,00;28.81;36,41;-0,02;;2.035
09/09/26;REPSOL;PUT;Dic-26;20,50;28.81;36,11;-0,03;;4
09/09/26;REPSOL;PUT;Dic-26;21,00;28.81;35,80;-0,03;;293
09/09/26;REPSOL;PUT;Dic-26;22,00;28.81;35,19;-0,06;;74
09/09/26;REPSOL;PUT;Dic-26;23,00;28.81;34,57;-0,09;;136
09/09/26;REPSOL;PUT;Dic-26;24,00;28.81;33,96;-0,13;;47
09/09/26;REPSOL;PUT;Dic-26;25,00;28.81;33,35;-0,18;;17
09/09/26;REPSOL;PUT;Dic-26;26,00;28.81;32,73;-0,24;3;5.032
09/09/26;REPSOL;PUT;Dic-26;27,00;28.81;32,12;-0,31;58;44
09/09/26;REPSOL;PUT;Dic-26;28,00;28.81;31,51;-0,39;40;60
09/09/26;REPSOL;PUT;Dic-26;33,00;28.81;29,46;-0,79;;10
09/09/26;REPSOL;PUT;Mar-27;7,25;28.81;45,52;;;4
09/09/26;REPSOL;PUT;Mar-27;8,00;28.81;44,97;;;1
09/09/26;REPSOL;PUT;Mar-27;10,00;28.81;43,49;;;245
09/09/26;REPSOL;PUT;Mar-27;11,50;28.81;42,38;;;216
09/09/26;REPSOL;PUT;Mar-27;12,00;28.81;42,01;;;210
09/09/26;REPSOL;PUT;Mar-27;12,50;28.81;41,64;;;401
09/09/26;REPSOL;PUT;Mar-27;13,50;28.81;40,90;;;4
09/09/26;REPSOL;PUT;Mar-27;14,00;28.81;40,53;;;55
09/09/26;REPSOL;PUT;Mar-27;14,50;28.81;40,16;-0,01;;100
09/09/26;REPSOL;PUT;Mar-27;15,00;28.81;39,79;-0,01;;140
09/09/26;REPSOL;PUT;Mar-27;15,50;28.81;39,42;-0,01;;250
09/09/26;REPSOL;PUT;Mar-27;16,00;28.81;39,05;-0,01;;754
09/09/26;REPSOL;PUT;Mar-27;16,50;28.81;38,68;-0,02;;25
09/09/26;REPSOL;PUT;Mar-27;17,00;28.81;38,31;-0,02;;75
09/09/26;REPSOL;PUT;Mar-27;18,00;28.81;37,56;-0,03;;20
09/09/26;REPSOL;PUT;Mar-27;18,50;28.81;37,19;-0,04;;6
09/09/26;REPSOL;PUT;Mar-27;19,00;28.81;36,82;-0,05;;250
09/09/26;REPSOL;PUT;Mar-27;20,00;28.81;36,08;-0,07;;300
09/09/26;REPSOL;PUT;Mar-27;20,50;28.81;35,71;-0,08;;150
09/09/26;REPSOL;PUT;Mar-27;21,00;28.81;35,34;-0,09;;210
09/09/26;REPSOL;PUT;Mar-27;22,00;28.81;34,60;-0,12;;22
09/09/26;REPSOL;PUT;Mar-27;23,00;28.81;33,86;-0,15;;10
09/09/26;REPSOL;PUT;Mar-27;24,00;28.81;33,12;-0,20;;3
09/09/26;REPSOL;PUT;Mar-27;25,00;28.81;32,38;-0,24;;117
09/09/26;REPSOL;PUT;Mar-27;26,00;28.81;31,64;-0,30;;18
09/09/26;REPSOL;PUT;Mar-27;27,00;28.81;30,90;-0,36;;30
09/09/26;REPSOL;PUT;Mar-27;28,00;28.81;30,16;-0,42;;2
09/09/26;REPSOL;PUT;Mar-27;29,00;28.81;29,54;-0,49;;1
09/09/26;REPSOL;PUT;Jun-27;8,00;28.81;42,48;;;25.000
09/09/26;REPSOL;PUT;Jun-27;9,50;28.81;41,53;;;40
09/09/26;REPSOL;PUT;Jun-27;10,00;28.81;41,21;;;10
09/09/26;REPSOL;PUT;Jun-27;10,50;28.81;40,89;;;2
09/09/26;REPSOL;PUT;Jun-27;11,50;28.81;40,26;;;80
09/09/26;REPSOL;PUT;Jun-27;12,00;28.81;39,94;;;210
09/09/26;REPSOL;PUT;Jun-27;12,50;28.81;39,62;;;200
09/09/26;REPSOL;PUT;Jun-27;13,00;28.81;39,30;-0,01;;5.010
09/09/26;REPSOL;PUT;Jun-27;13,50;28.81;38,98;-0,01;;183
09/09/26;REPSOL;PUT;Jun-27;14,00;28.81;38,66;-0,01;;38
09/09/26;REPSOL;PUT;Jun-27;14,50;28.81;38,35;-0,01;;20
09/09/26;REPSOL;PUT;Jun-27;15,00;28.81;38,03;-0,02;;20
09/09/26;REPSOL;PUT;Jun-27;16,00;28.81;37,39;-0,02;;95
09/09/26;REPSOL;PUT;Jun-27;18,00;28.81;36,12;-0,05;;50
09/09/26;REPSOL;PUT;Jun-27;19,50;28.81;35,16;-0,08;;100
09/09/26;REPSOL;PUT;Jun-27;20,00;28.81;34,85;-0,09;;10
09/09/26;REPSOL;PUT;Jun-27;21,00;28.81;34,21;-0,12;;2
09/09/26;REPSOL;PUT;Jun-27;22,00;28.81;33,57;-0,14;;2
09/09/26;REPSOL;PUT;Jun-27;23,00;28.81;32,94;-0,18;;2
09/09/26;REPSOL;PUT;Jun-27;24,00;28.81;32,30;-0,22;;1
09/09/26;REPSOL;PUT;Jun-27;25,00;28.81;31,66;-0,26;1;2
09/09/26;REPSOL;PUT;Jun-27;26,00;28.81;31,03;-0,31;;2
09/09/26;REPSOL;PUT;Jun-27;28,00;28.81;29,76;-0,41;;10
09/09/26;REPSOL;PUT;Sep-27;10,50;28.81;41,24;;;100
09/09/26;REPSOL;PUT;Sep-27;11,00;28.81;40,91;-0,01;;101
09/09/26;REPSOL;PUT;Sep-27;11,50;28.81;40,58;-0,01;;100
09/09/26;REPSOL;PUT;Sep-27;12,00;28.81;40,25;-0,01;;104
09/09/26;REPSOL;PUT;Sep-27;14,00;28.81;38,93;-0,02;;25
09/09/26;REPSOL;PUT;Sep-27;14,50;28.81;38,60;-0,03;;420
09/09/26;REPSOL;PUT;Sep-27;15,00;28.81;38,27;-0,03;;2
09/09/26;REPSOL;PUT;Sep-27;15,50;28.81;37,94;-0,04;;159
09/09/26;REPSOL;PUT;Sep-27;18,00;28.81;36,29;-0,08;;1.000
09/09/26;REPSOL;PUT;Sep-27;19,00;28.81;35,63;-0,10;;5
09/09/26;REPSOL;PUT;Sep-27;24,00;28.81;32,33;-0,25;;1
09/09/26;REPSOL;PUT;Sep-27;25,00;28.81;31,67;-0,29;;1
09/09/26;REPSOL;PUT;Dic-27;7,75;28.81;41,89;;;234
09/09/26;REPSOL;PUT;Dic-27;8,00;28.81;41,72;;;23.000
09/09/26;REPSOL;PUT;Dic-27;8,50;28.81;41,39;;;8.000
09/09/26;REPSOL;PUT;Dic-27;9,00;28.81;41,05;;;7.000
09/09/26;REPSOL;PUT;Dic-27;9,75;28.81;40,55;;;62
09/09/26;REPSOL;PUT;Dic-27;10,00;28.81;40,38;-0,01;;11.028
09/09/26;REPSOL;PUT;Dic-27;10,50;28.81;40,05;-0,01;;12.938
09/09/26;REPSOL;PUT;Dic-27;11,00;28.81;39,71;-0,01;;27.620
09/09/26;REPSOL;PUT;Dic-27;12,00;28.81;39,04;-0,01;;1
09/09/26;REPSOL;PUT;Dic-27;12,50;28.81;38,71;-0,02;;25
09/09/26;REPSOL;PUT;Dic-27;13,00;28.81;38,37;-0,02;;266
09/09/26;REPSOL;PUT;Dic-27;14,00;28.81;37,70;-0,03;;15.000
09/09/26;REPSOL;PUT;Dic-27;14,50;28.81;37,36;-0,03;;7
09/09/26;REPSOL;PUT;Dic-27;15,00;28.81;37,03;-0,04;;7.001
09/09/26;REPSOL;PUT;Dic-27;16,00;28.81;36,36;-0,05;;30.000
09/09/26;REPSOL;PUT;Dic-27;16,50;28.81;36,02;-0,06;;1.525
09/09/26;REPSOL;PUT;Dic-27;17,00;28.81;35,69;-0,07;;25
09/09/26;REPSOL;PUT;Dic-27;18,00;28.81;35,01;-0,08;;101
09/09/26;REPSOL;PUT;Dic-27;19,00;28.81;34,34;-0,11;;3
09/09/26;REPSOL;PUT;Dic-27;20,00;28.81;33,67;-0,13;;13
09/09/26;REPSOL;PUT;Dic-27;21,00;28.81;33,00;-0,16;;50
09/09/26;REPSOL;PUT;Dic-27;22,00;28.81;32,33;-0,19;;20
09/09/26;REPSOL;PUT;Dic-27;23,00;28.81;31,66;-0,22;;9
09/09/26;REPSOL;PUT;Dic-27;24,00;28.81;30,99;-0,25;;10
09/09/26;REPSOL;PUT;Dic-27;25,00;28.81;30,32;-0,29;;1
09/09/26;REPSOL;PUT;Dic-27;26,00;28.81;29,65;-0,33;;3
09/09/26;REPSOL;PUT;Mar-28;12,00;28.81;37,15;-0,02;;1.000
09/09/26;REPSOL;PUT;Mar-28;13,50;28.81;36,19;-0,03;;1.000
09/09/26;REPSOL;PUT;Mar-28;18,00;28.81;33,33;-0,10;;151
09/09/26;REPSOL;PUT;Mar-28;21,00;28.81;31,42;-0,17;;120
09/09/26;REPSOL;PUT;Mar-28;22,00;28.81;30,78;-0,20;;114
09/09/26;REPSOL;PUT;Mar-28;26,00;28.81;28,24;-0,34;;25
09/09/26;REPSOL;PUT;Jun-28;18,00;28.81;32,64;-0,10;;4.000
09/09/26;REPSOL;PUT;Jun-28;19,50;28.81;31,78;-0,14;;1
09/09/26;REPSOL;PUT;Jun-28;20,00;28.81;31,49;-0,15;;3.000
09/09/26;REPSOL;PUT;Jun-28;21,00;28.81;30,91;-0,17;;120
09/09/26;REPSOL;PUT;Jun-28;22,00;28.81;30,33;-0,20;;6.500
09/09/26;REPSOL;PUT;Jun-28;23,00;28.81;29,75;-0,24;;107
09/09/26;REPSOL;PUT;Sep-28;18,00;28.81;32,13;-0,11;;300
09/09/26;REPSOL;PUT;Dic-28;9,00;28.81;35,72;-0,01;;40.500
09/09/26;REPSOL;PUT;Dic-28;10,00;28.81;35,24;-0,01;;10.000
09/09/26;REPSOL;PUT;Dic-28;11,50;28.81;34,53;-0,02;;1.000
09/09/26;REPSOL;PUT;Dic-28;14,50;28.81;33,11;-0,06;;1
09/09/26;REPSOL;PUT;Dic-28;15,00;28.81;32,87;-0,06;;30.250
09/09/26;REPSOL;PUT;Dic-28;18,00;28.81;31,45;-0,12;;1.000
09/09/26;REPSOL;PUT;Dic-28;19,50;28.81;30,74;-0,15;;1
09/09/26;REPSOL;PUT;Dic-28;23,00;28.81;29,08;-0,25;;1
09/09/26;REPSOL;PUT;Dic-28;24,00;28.81;28,60;-0,28;;1.518
09/09/26;REPSOL;PUT;Dic-28;26,00;28.81;27,65;-0,35;;9
09/09/26;REPSOL;PUT;Jun-29;11,00;28.81;33,50;-0,02;;140
09/09/26;REPSOL;PUT;Dic-29;7,75;28.81;33,31;-0,01;;30.000
09/09/26;REPSOL;PUT;Dic-29;8,00;28.81;33,22;-0,01;;17.000
09/09/26;REPSOL;PUT;Dic-29;11,00;28.81;32,22;-0,03;;20.000
09/09/26;REPSOL;PUT;Dic-29;11,50;28.81;32,05;-0,03;;17.000
09/09/26;REPSOL;PUT;Dic-29;12,50;28.81;31,71;-0,05;;800
09/09/26;REPSOL;PUT;Dic-29;28,00;28.81;26,51;-0,42;;25
09/09/26;REPSOL;PUT;Dic-30;14,00;28.81;29,95;-0,08;;3.000
09/09/26;REPSOL;PUT;Dic-30;18,50;28.81;28,80;-0,17;;3.000
09/09/26;REPSOL;CALL;Sep-26;14,00;28.81;45,72;1,00;;1
09/09/26;REPSOL;CALL;Sep-26;14,50;28.81;45,32;1,00;;1
09/09/26;REPSOL;CALL;Sep-26;22,00;28.81;39,34;1,00;;10
09/09/26;REPSOL;CALL;Sep-26;22,00;28.81;39,34;1,00;;69
09/09/26;REPSOL;CALL;Sep-26;23,00;28.81;38,54;1,00;;20
09/09/26;REPSOL;CALL;Sep-26;24,00;28.81;37,74;1,00;;1
09/09/26;REPSOL;CALL;Sep-26;24,00;28.81;37,74;1,00;;10
09/09/26;REPSOL;CALL;Sep-26;25,00;28.81;36,94;0,99;;10
09/09/26;REPSOL;CALL;Sep-26;26,00;28.81;36,14;0,97;;19
09/09/26;REPSOL;CALL;Sep-26;26,00;28.81;36,14;0,97;;10
09/09/26;REPSOL;CALL;Sep-26;27,00;28.81;35,34;0,88;;46
09/09/26;REPSOL;CALL;Sep-26;28,00;28.81;34,55;0,71;;20
09/09/26;REPSOL;CALL;Sep-26;28,00;28.81;34,55;0,71;;10
09/09/26;REPSOL;CALL;Sep-26;29,00;28.81;33,79;0,47;;8
09/09/26;REPSOL;CALL;Sep-26;29,00;28.81;33,79;0,47;;20
09/09/26;REPSOL;CALL;Oct-26;20,00;28.81;38,65;1,00;;6
09/09/26;REPSOL;CALL;Oct-26;28,00;28.81;33,09;0,63;;6
09/09/26;REPSOL;CALL;Oct-26;30,00;28.81;32,43;0,38;;3
09/09/26;REPSOL;CALL;Nov-26;29,00;28.81;33,68;0,52;;25
09/09/26;REPSOL;CALL;Dic-26;14,50;28.81;41,28;0,99;;1
09/09/26;REPSOL;CALL;Dic-26;15,00;28.81;40,97;0,99;;33
09/09/26;REPSOL;CALL;Dic-26;17,00;28.81;39,74;0,99;;7
09/09/26;REPSOL;CALL;Dic-26;18,00;28.81;39,13;0,99;;26
09/09/26;REPSOL;CALL;Dic-26;21,00;28.81;37,29;0,95;;10
09/09/26;REPSOL;CALL;Dic-26;23,00;28.81;36,06;0,90;;6
09/09/26;REPSOL;CALL;Dic-26;24,00;28.81;35,45;0,86;;102
09/09/26;REPSOL;CALL;Dic-26;24,00;28.81;35,45;0,86;;10
09/09/26;REPSOL;CALL;Dic-26;25,00;28.81;34,84;0,81;;17
09/09/26;REPSOL;CALL;Dic-26;26,00;28.81;34,22;0,75;;80
09/09/26;REPSOL;CALL;Dic-26;26,00;28.81;34,22;0,75;;20
09/09/26;REPSOL;CALL;Dic-26;27,00;28.81;33,61;0,68;;16
09/09/26;REPSOL;CALL;Dic-26;28,00;28.81;33,00;0,61;;20
09/09/26;REPSOL;CALL;Mar-27;22,00;28.81;36,11;0,86;;5
09/09/26;REPSOL;CALL;Mar-27;23,00;28.81;35,37;0,83;;1
09/09/26;REPSOL;CALL;Mar-27;24,00;28.81;34,63;0,79;;6
09/09/26;REPSOL;CALL;Mar-27;25,00;28.81;33,89;0,74;;5
09/09/26;REPSOL;CALL;Mar-27;26,00;28.81;33,15;0,69;;5
09/09/26;REPSOL;CALL;Jun-27;23,00;28.81;33,95;0,80;;4
09/09/26;REPSOL;CALL;Jun-27;28,00;28.81;30,77;0,59;;15
09/09/26;REPSOL;CALL;Dic-27;12,00;28.81;41,38;0,95;;15.000
09/09/26;REPSOL;CALL;Dic-27;16,00;28.81;38,70;0,91;;7
09/09/26;REPSOL;CALL;Jun-28;26,00;28.81;31,63;0,63;;1
09/09/26;REPSOL;CALL;Dic-28;15,25;28.81;36,73;0,86;;750
09/09/26;REPSOL;CALL;Jun-29;26,00;28.81;31,95;0,61;;1
09/09/26;REPSOL;PUT;Sep-26;11,00;28.81;47,07;;;1.200
09/09/26;REPSOL;PUT;Sep-26;16,00;28.81;43,08;;;10
09/09/26;REPSOL;PUT;Sep-26;18,00;28.81;41,48;;;5
09/09/26;REPSOL;PUT;Sep-26;19,00;28.81;40,68;;;15
09/09/26;REPSOL;PUT;Sep-26;19,50;28.81;40,28;;;10
09/09/26;REPSOL;PUT;Sep-26;23,00;28.81;37,49;;;5
09/09/26;REPSOL;PUT;Sep-26;24,00;28.81;36,69;;;2
09/09/26;REPSOL;PUT;Sep-26;24,00;28.81;36,69;;;20
09/09/26;REPSOL;PUT;Sep-26;25,00;28.81;35,89;-0,01;;2
09/09/26;REPSOL;PUT;Sep-26;26,00;28.81;35,09;-0,03;;35
09/09/26;REPSOL;PUT;Sep-26;27,00;28.81;34,29;-0,11;;15
09/09/26;REPSOL;PUT;Sep-26;28,00;28.81;33,50;-0,28;;50
09/09/26;REPSOL;PUT;Sep-26;29,00;28.81;32,74;-0,54;;1
09/09/26;REPSOL;PUT;Oct-26;25,00;28.81;33,93;-0,08;;5
09/09/26;REPSOL;PUT;Oct-26;26,00;28.81;33,24;-0,15;;5
09/09/26;REPSOL;PUT;Oct-26;27,00;28.81;32,55;-0,24;;10
09/09/26;REPSOL;PUT;Oct-26;27,00;28.81;32,55;-0,24;;20
09/09/26;REPSOL;PUT;Nov-26;24,00;28.81;34,68;-0,10;;6
09/09/26;REPSOL;PUT;Dic-26;11,00;28.81;41,93;;;1
09/09/26;REPSOL;PUT;Dic-26;13,50;28.81;40,40;;;150
09/09/26;REPSOL;PUT;Dic-26;14,50;28.81;39,79;;;150
09/09/26;REPSOL;PUT;Dic-26;15,00;28.81;39,48;;;1
09/09/26;REPSOL;PUT;Dic-26;15,50;28.81;39,17;;;450
09/09/26;REPSOL;PUT;Dic-26;17,00;28.81;38,25;;;154
09/09/26;REPSOL;PUT;Dic-26;18,00;28.81;37,64;-0,01;;7
09/09/26;REPSOL;PUT;Dic-26;20,00;28.81;36,41;-0,02;;20
09/09/26;REPSOL;PUT;Dic-26;21,00;28.81;35,80;-0,04;;10
09/09/26;REPSOL;PUT;Dic-26;22,00;28.81;35,19;-0,06;;10
09/09/26;REPSOL;PUT;Dic-26;22,00;28.81;35,19;-0,06;;15
09/09/26;REPSOL;PUT;Dic-26;24,00;28.81;33,96;-0,12;;36
09/09/26;REPSOL;PUT;Dic-26;25,00;28.81;33,35;-0,17;;30
09/09/26;REPSOL;PUT;Dic-26;26,00;28.81;32,73;-0,23;;40
09/09/26;REPSOL;PUT;Dic-26;30,00;28.81;30,57;-0,55;;10
09/09/26;REPSOL;PUT;Mar-27;11,50;28.81;42,38;;;1
09/09/26;REPSOL;PUT;Jun-27;24,00;28.81;32,30;-0,21;;5
09/09/26;REPSOL;PUT;Sep-27;17,00;28.81;36,95;-0,06;;5
09/09/26;REPSOL;PUT;Dic-28;15,25;28.81;32,75;-0,06;;750
09/09/26;SACYR;CALL;Nov-26;4,50;4.25;25,64;0,35;;80
09/09/26;SACYR;CALL;Dic-26;3,70;4.25;27,06;0,86;;10
09/09/26;SACYR;CALL;Dic-26;3,90;4.25;26,93;0,77;;25
09/09/26;SACYR;CALL;Dic-26;4,00;4.25;26,87;0,71;;5
09/09/26;SACYR;CALL;Dic-26;4,20;4.25;26,74;0,58;;20
09/09/26;SACYR;CALL;Dic-26;4,30;4.25;26,59;0,52;;43
09/09/26;SACYR;CALL;Dic-26;4,50;4.25;26,07;0,38;;10
09/09/26;SACYR;CALL;Dic-26;4,70;4.25;25,55;0,27;;10
09/09/26;SACYR;CALL;Dic-26;4,80;4.25;25,29;0,21;;10
09/09/26;SACYR;CALL;Dic-26;5,00;4.25;24,77;0,13;;30
09/09/26;SACYR;CALL;Mar-27;3,70;4.25;25,30;0,82;;10
09/09/26;SACYR;CALL;Mar-27;3,80;4.25;25,25;0,78;;10
09/09/26;SACYR;CALL;Mar-27;4,80;4.25;24,27;0,28;;20.000
09/09/26;SACYR;CALL;Jun-27;3,90;4.25;24,22;0,71;;25
09/09/26;SACYR;CALL;Jun-27;4,80;4.25;23,56;0,33;;10
09/09/26;SACYR;CALL;Jun-27;4,90;4.25;23,47;0,30;;20
09/09/26;SACYR;CALL;Jun-27;5,00;4.25;23,38;0,26;;10
09/09/26;SACYR;CALL;Dic-27;4,00;4.25;23,36;0,66;;25
09/09/26;SACYR;PUT;Sep-26;3,60;4.25;25,42;;;20
09/09/26;SACYR;PUT;Sep-26;4,30;4.25;25,16;-0,60;;5
09/09/26;SACYR;PUT;Sep-26;4,50;4.25;25,16;-0,93;;100
09/09/26;SACYR;PUT;Oct-26;4,50;4.25;24,38;-0,75;;100
09/09/26;SACYR;PUT;Dic-26;3,50;4.25;26,73;-0,07;;10
09/09/26;SACYR;PUT;Dic-26;4,50;4.25;25,62;-0,63;;1.000
09/09/26;SACYR;PUT;Dic-26;4,70;4.25;25,10;-0,76;;50
09/09/26;SACYR;PUT;Dic-26;5,00;4.25;24,32;-0,90;;100
09/09/26;SACYR;PUT;Mar-27;4,20;4.25;25,09;-0,44;;3
09/09/26;SACYR;PUT;Jun-27;3,40;4.25;24,63;-0,12;;20
09/09/26;SACYR;PUT;Jun-27;3,80;4.25;24,48;-0,26;;10
09/09/26;SACYR;PUT;Jun-27;3,90;4.25;24,44;-0,30;;10
09/09/26;SACYR;PUT;Jun-27;4,30;4.25;24,25;-0,48;;3
09/09/26;SACYR;PUT;Jun-27;4,50;4.25;24,07;-0,57;;1.000
09/09/26;SANTANDER;CALL;Sep-26;5,50;12.7;49,76;1,00;;15
09/09/26;SANTANDER;CALL;Sep-26;5,75;12.7;48,87;1,00;;1
09/09/26;SANTANDER;CALL;Sep-26;6,50;12.7;46,21;1,00;;11
09/09/26;SANTANDER;CALL;Sep-26;7,00;12.7;44,44;1,00;;4
09/09/26;SANTANDER;CALL;Sep-26;7,75;12.7;41,78;1,00;;30
09/09/26;SANTANDER;CALL;Sep-26;8,00;12.7;40,89;1,00;;100
09/09/26;SANTANDER;CALL;Sep-26;8,50;12.7;39,12;1,00;;458
09/09/26;SANTANDER;CALL;Sep-26;8,75;12.7;38,24;1,00;;3.200
09/09/26;SANTANDER;CALL;Sep-26;9,00;12.7;37,35;1,00;;1
09/09/26;SANTANDER;CALL;Sep-26;9,25;12.7;36,46;1,00;;9
09/09/26;SANTANDER;CALL;Sep-26;9,50;12.7;35,58;1,00;;13
09/09/26;SANTANDER;CALL;Sep-26;9,75;12.7;34,69;1,00;;5.031
09/09/26;SANTANDER;CALL;Sep-26;10,00;12.7;33,81;1,00;;59
09/09/26;SANTANDER;CALL;Sep-26;10,50;12.7;32,03;1,00;;151
09/09/26;SANTANDER;CALL;Sep-26;11,00;12.7;30,26;1,00;;23
09/09/26;SANTANDER;CALL;Sep-26;11,50;12.7;28,49;0,99;;10
09/09/26;SANTANDER;CALL;Sep-26;12,00;12.7;26,72;0,92;10;11.011
09/09/26;SANTANDER;CALL;Sep-26;12,50;12.7;24,94;0,67;;19
09/09/26;SANTANDER;CALL;Sep-26;12,75;12.7;24,20;0,47;;5
09/09/26;SANTANDER;CALL;Sep-26;13,00;12.7;23,96;0,28;15;10.064
09/09/26;SANTANDER;CALL;Sep-26;13,50;12.7;23,49;0,05;10;721
09/09/26;SANTANDER;CALL;Sep-26;14,00;12.7;23,02;;;10
09/09/26;SANTANDER;CALL;Sep-26;14,50;12.7;22,54;;;3
09/09/26;SANTANDER;CALL;Oct-26;8,75;12.7;39,36;1,00;5;5
09/09/26;SANTANDER;CALL;Oct-26;11,00;12.7;31,86;0,93;;1
09/09/26;SANTANDER;CALL;Oct-26;11,50;12.7;30,19;0,86;;12
09/09/26;SANTANDER;CALL;Oct-26;12,50;12.7;26,85;0,60;2;5
09/09/26;SANTANDER;CALL;Oct-26;13,00;12.7;25,90;0,41;13;1.032
09/09/26;SANTANDER;CALL;Oct-26;13,50;12.7;25,42;0,25;;21
09/09/26;SANTANDER;CALL;Oct-26;14,00;12.7;24,93;0,12;30;170
09/09/26;SANTANDER;CALL;Oct-26;14,50;12.7;24,45;0,05;;1
09/09/26;SANTANDER;CALL;Nov-26;11,00;12.7;33,44;0,87;;1
09/09/26;SANTANDER;CALL;Nov-26;13,00;12.7;27,67;0,45;;2
09/09/26;SANTANDER;CALL;Dic-26;3,00;12.7;60,23;1,00;;1
09/09/26;SANTANDER;CALL;Dic-26;4,00;12.7;57,02;1,00;;100
09/09/26;SANTANDER;CALL;Dic-26;4,50;12.7;55,42;1,00;;1
09/09/26;SANTANDER;CALL;Dic-26;4,80;12.7;54,46;1,00;;5.050
09/09/26;SANTANDER;CALL;Dic-26;4,90;12.7;54,14;1,00;;50
09/09/26;SANTANDER;CALL;Dic-26;5,00;12.7;53,82;1,00;;25
09/09/26;SANTANDER;CALL;Dic-26;5,25;12.7;53,02;1,00;;25
09/09/26;SANTANDER;CALL;Dic-26;5,75;12.7;51,42;1,00;;6
09/09/26;SANTANDER;CALL;Dic-26;6,00;12.7;50,62;1,00;;7
09/09/26;SANTANDER;CALL;Dic-26;6,50;12.7;49,02;1,00;;5
09/09/26;SANTANDER;CALL;Dic-26;7,00;12.7;47,41;1,00;;86
09/09/26;SANTANDER;CALL;Dic-26;7,50;12.7;45,81;1,00;;28
09/09/26;SANTANDER;CALL;Dic-26;7,75;12.7;45,01;0,99;;2
09/09/26;SANTANDER;CALL;Dic-26;8,00;12.7;44,21;0,99;;10.163
09/09/26;SANTANDER;CALL;Dic-26;8,25;12.7;43,41;0,99;;110
09/09/26;SANTANDER;CALL;Dic-26;8,50;12.7;42,61;0,98;;100
09/09/26;SANTANDER;CALL;Dic-26;8,75;12.7;41,81;0,98;;22
09/09/26;SANTANDER;CALL;Dic-26;9,00;12.7;41,01;0,97;;315
09/09/26;SANTANDER;CALL;Dic-26;9,25;12.7;40,21;0,96;;2
09/09/26;SANTANDER;CALL;Dic-26;9,50;12.7;39,41;0,95;;65
09/09/26;SANTANDER;CALL;Dic-26;9,75;12.7;38,61;0,94;;5
09/09/26;SANTANDER;CALL;Dic-26;10,00;12.7;37,81;0,92;;67
09/09/26;SANTANDER;CALL;Dic-26;10,50;12.7;36,20;0,88;;77
09/09/26;SANTANDER;CALL;Dic-26;11,00;12.7;34,60;0,82;;73
09/09/26;SANTANDER;CALL;Dic-26;11,50;12.7;33,00;0,75;;377
09/09/26;SANTANDER;CALL;Dic-26;12,00;12.7;31,40;0,67;;57
09/09/26;SANTANDER;CALL;Dic-26;12,50;12.7;29,80;0,57;10;85.912
09/09/26;SANTANDER;CALL;Dic-26;13,00;12.7;28,89;0,46;;21.016
09/09/26;SANTANDER;CALL;Dic-26;13,50;12.7;28,43;0,36;;52
09/09/26;SANTANDER;CALL;Dic-26;14,00;12.7;27,97;0,27;1;113
09/09/26;SANTANDER;CALL;Dic-26;14,50;12.7;27,51;0,19;;105
09/09/26;SANTANDER;CALL;Mar-27;4,60;12.7;53,02;1,00;;25
09/09/26;SANTANDER;CALL;Mar-27;4,70;12.7;52,73;1,00;;25
09/09/26;SANTANDER;CALL;Mar-27;4,80;12.7;52,45;1,00;;50
09/09/26;SANTANDER;CALL;Mar-27;4,90;12.7;52,17;1,00;;50
09/09/26;SANTANDER;CALL;Mar-27;5,00;12.7;51,88;1,00;;50
09/09/26;SANTANDER;CALL;Mar-27;5,25;12.7;51,17;1,00;;25
09/09/26;SANTANDER;CALL;Mar-27;6,00;12.7;49,05;1,00;;25
09/09/26;SANTANDER;CALL;Mar-27;6,25;12.7;48,34;1,00;;25
09/09/26;SANTANDER;CALL;Mar-27;7,50;12.7;44,79;0,97;;1
09/09/26;SANTANDER;CALL;Mar-27;8,00;12.7;43,38;0,96;;3
09/09/26;SANTANDER;CALL;Mar-27;9,25;12.7;39,83;0,90;;140
09/09/26;SANTANDER;CALL;Mar-27;9,50;12.7;39,12;0,88;;36
09/09/26;SANTANDER;CALL;Mar-27;10,00;12.7;37,70;0,85;;30
09/09/26;SANTANDER;CALL;Mar-27;11,00;12.7;34,87;0,76;;1.820
09/09/26;SANTANDER;CALL;Mar-27;11,50;12.7;33,45;0,70;;52
09/09/26;SANTANDER;CALL;Mar-27;12,00;12.7;32,03;0,64;;6.615
09/09/26;SANTANDER;CALL;Mar-27;12,50;12.7;30,62;0,58;;52.506
09/09/26;SANTANDER;CALL;Mar-27;13,00;12.7;29,82;0,50;;5.105
09/09/26;SANTANDER;CALL;Mar-27;13,50;12.7;29,43;0,43;;6.100
09/09/26;SANTANDER;CALL;Mar-27;14,00;12.7;29,03;0,36;;42
09/09/26;SANTANDER;CALL;Mar-27;14,50;12.7;28,64;0,30;;100
09/09/26;SANTANDER;CALL;Mar-27;15,00;12.7;28,25;0,24;;120
09/09/26;SANTANDER;CALL;Mar-27;15,50;12.7;27,85;0,19;;26
09/09/26;SANTANDER;CALL;Mar-27;16,00;12.7;27,46;0,15;;13
09/09/26;SANTANDER;CALL;Jun-27;6,00;12.7;45,73;0,99;;25
09/09/26;SANTANDER;CALL;Jun-27;6,25;12.7;45,18;0,99;;25
09/09/26;SANTANDER;CALL;Jun-27;6,50;12.7;44,62;0,99;;25
09/09/26;SANTANDER;CALL;Jun-27;6,75;12.7;44,07;0,98;;25
09/09/26;SANTANDER;CALL;Jun-27;7,00;12.7;43,52;0,97;;25
09/09/26;SANTANDER;CALL;Jun-27;7,25;12.7;42,97;0,97;;25
09/09/26;SANTANDER;CALL;Jun-27;8,25;12.7;40,77;0,93;;5
09/09/26;SANTANDER;CALL;Jun-27;9,00;12.7;39,11;0,89;;6.000
09/09/26;SANTANDER;CALL;Jun-27;9,75;12.7;37,46;0,84;;1
09/09/26;SANTANDER;CALL;Jun-27;10,00;12.7;36,91;0,82;;5.030
09/09/26;SANTANDER;CALL;Jun-27;10,50;12.7;35,80;0,79;;103
09/09/26;SANTANDER;CALL;Jun-27;11,00;12.7;34,70;0,74;;15
09/09/26;SANTANDER;CALL;Jun-27;12,00;12.7;32,49;0,64;;5.000
09/09/26;SANTANDER;CALL;Jun-27;12,50;12.7;31,39;0,58;;10
09/09/26;SANTANDER;CALL;Jun-27;13,00;12.7;30,74;0,53;;624
09/09/26;SANTANDER;CALL;Jun-27;13,50;12.7;30,39;0,47;;157
09/09/26;SANTANDER;CALL;Jun-27;15,00;12.7;29,33;0,31;;2.020
09/09/26;SANTANDER;CALL;Jun-27;16,00;12.7;28,62;0,22;;10
09/09/26;SANTANDER;CALL;Jun-27;16,50;12.7;28,26;0,18;;50
09/09/26;SANTANDER;CALL;Sep-27;9,00;12.7;38,14;0,87;;153
09/09/26;SANTANDER;CALL;Sep-27;10,00;12.7;36,28;0,81;;2
09/09/26;SANTANDER;CALL;Sep-27;12,00;12.7;32,55;0,64;;2
09/09/26;SANTANDER;CALL;Dic-27;2,30;12.7;49,55;1,00;;22
09/09/26;SANTANDER;CALL;Dic-27;4,20;12.7;46,26;1,00;;7.000
09/09/26;SANTANDER;CALL;Dic-27;4,90;12.7;45,05;1,00;;4
09/09/26;SANTANDER;CALL;Dic-27;5,00;12.7;44,88;1,00;;2
09/09/26;SANTANDER;CALL;Dic-27;5,25;12.7;44,44;1,00;;3
09/09/26;SANTANDER;CALL;Dic-27;5,50;12.7;44,01;0,99;;5
09/09/26;SANTANDER;CALL;Dic-27;7,00;12.7;41,41;0,95;;2.545
09/09/26;SANTANDER;CALL;Dic-27;7,50;12.7;40,54;0,93;;4
09/09/26;SANTANDER;CALL;Dic-27;8,00;12.7;39,68;0,91;;10
09/09/26;SANTANDER;CALL;Dic-27;8,50;12.7;38,81;0,88;;2
09/09/26;SANTANDER;CALL;Dic-27;9,00;12.7;37,94;0,86;;152
09/09/26;SANTANDER;CALL;Dic-27;9,25;12.7;37,51;0,84;;25
09/09/26;SANTANDER;CALL;Dic-27;10,00;12.7;36,21;0,80;;20
09/09/26;SANTANDER;CALL;Dic-27;10,50;12.7;35,35;0,76;;1
09/09/26;SANTANDER;CALL;Dic-27;11,00;12.7;34,48;0,73;;5.000
09/09/26;SANTANDER;CALL;Dic-27;11,50;12.7;33,61;0,69;;150
09/09/26;SANTANDER;CALL;Dic-27;12,00;12.7;32,75;0,64;;6
09/09/26;SANTANDER;CALL;Dic-27;14,00;12.7;30,65;0,46;;52.500
09/09/26;SANTANDER;CALL;Dic-27;15,00;12.7;29,97;0,38;;25.000
09/09/26;SANTANDER;CALL;Dic-27;15,50;12.7;29,63;0,34;;2
09/09/26;SANTANDER;CALL;Mar-28;8,75;12.7;37,99;0,86;;1
09/09/26;SANTANDER;CALL;Mar-28;9,00;12.7;37,59;0,85;;450
09/09/26;SANTANDER;CALL;Mar-28;9,25;12.7;37,19;0,83;;300
09/09/26;SANTANDER;CALL;Mar-28;9,50;12.7;36,79;0,82;;50
09/09/26;SANTANDER;CALL;Mar-28;9,75;12.7;36,39;0,80;;250
09/09/26;SANTANDER;CALL;Mar-28;10,00;12.7;35,99;0,79;;126
09/09/26;SANTANDER;CALL;Mar-28;12,00;12.7;32,78;0,64;;150
09/09/26;SANTANDER;CALL;Mar-28;12,50;12.7;31,98;0,60;;1
09/09/26;SANTANDER;CALL;Mar-28;13,50;12.7;31,14;0,52;;150
09/09/26;SANTANDER;CALL;Mar-28;14,00;12.7;30,81;0,48;;10.000
09/09/26;SANTANDER;CALL;Jun-28;6,00;12.7;41,90;0,97;;3
09/09/26;SANTANDER;CALL;Jun-28;7,75;12.7;39,33;0,90;;4
09/09/26;SANTANDER;CALL;Jun-28;9,50;12.7;36,76;0,81;;5
09/09/26;SANTANDER;CALL;Jun-28;10,00;12.7;36,02;0,78;;150
09/09/26;SANTANDER;CALL;Jun-28;12,50;12.7;32,35;0,61;;3
09/09/26;SANTANDER;CALL;Jun-28;15,50;12.7;30,29;0,39;;3.500
09/09/26;SANTANDER;CALL;Sep-28;13,00;12.7;32,15;0,58;;3
09/09/26;SANTANDER;CALL;Sep-28;15,50;12.7;30,71;0,41;;15
09/09/26;SANTANDER;CALL;Dic-28;8,50;12.7;38,07;0,86;;3.003
09/09/26;SANTANDER;CALL;Dic-28;9,00;12.7;37,42;0,83;;4
09/09/26;SANTANDER;CALL;Dic-28;12,00;12.7;33,57;0,65;;5.000
09/09/26;SANTANDER;CALL;Dic-28;12,50;12.7;32,92;0,62;;1
09/09/26;SANTANDER;CALL;Dic-28;13,00;12.7;32,50;0,58;2;2
09/09/26;SANTANDER;PUT;Sep-26;4,00;12.7;58,02;;;2
09/09/26;SANTANDER;PUT;Sep-26;6,00;12.7;50,93;;;32.505
09/09/26;SANTANDER;PUT;Sep-26;6,75;12.7;48,28;;;103
09/09/26;SANTANDER;PUT;Sep-26;7,00;12.7;47,39;;;14.621
09/09/26;SANTANDER;PUT;Sep-26;7,50;12.7;45,62;;;160
09/09/26;SANTANDER;PUT;Sep-26;7,75;12.7;44,73;;;10.010
09/09/26;SANTANDER;PUT;Sep-26;8,00;12.7;43,84;;;10.209
09/09/26;SANTANDER;PUT;Sep-26;8,25;12.7;42,96;;;93
09/09/26;SANTANDER;PUT;Sep-26;8,50;12.7;42,07;;;5.001
09/09/26;SANTANDER;PUT;Sep-26;8,75;12.7;41,19;;;55
09/09/26;SANTANDER;PUT;Sep-26;9,00;12.7;40,30;;;133
09/09/26;SANTANDER;PUT;Sep-26;9,25;12.7;39,41;;;4.041
09/09/26;SANTANDER;PUT;Sep-26;9,50;12.7;38,53;;;690
09/09/26;SANTANDER;PUT;Sep-26;9,75;12.7;37,64;;;140
09/09/26;SANTANDER;PUT;Sep-26;10,00;12.7;36,76;;;13
09/09/26;SANTANDER;PUT;Sep-26;10,50;12.7;34,98;;;2.225
09/09/26;SANTANDER;PUT;Sep-26;11,00;12.7;33,21;;;129
09/09/26;SANTANDER;PUT;Sep-26;11,50;12.7;31,44;-0,02;;25.378
09/09/26;SANTANDER;PUT;Sep-26;12,00;12.7;29,67;-0,11;;921
09/09/26;SANTANDER;PUT;Sep-26;12,25;12.7;28,78;-0,21;;3
09/09/26;SANTANDER;PUT;Sep-26;12,50;12.7;27,89;-0,35;51;377
09/09/26;SANTANDER;PUT;Sep-26;12,75;12.7;27,15;-0,53;10;12
09/09/26;SANTANDER;PUT;Sep-26;13,00;12.7;26,91;-0,70;;19
09/09/26;SANTANDER;PUT;Sep-26;13,25;12.7;26,68;-0,84;;5
09/09/26;SANTANDER;PUT;Oct-26;10,00;12.7;35,94;-0,02;;4
09/09/26;SANTANDER;PUT;Oct-26;11,00;12.7;32,61;-0,07;;186
09/09/26;SANTANDER;PUT;Oct-26;11,50;12.7;30,94;-0,14;30;724
09/09/26;SANTANDER;PUT;Oct-26;12,00;12.7;29,27;-0,25;4;284
09/09/26;SANTANDER;PUT;Oct-26;12,50;12.7;27,60;-0,40;;73
09/09/26;SANTANDER;PUT;Oct-26;13,00;12.7;26,65;-0,59;10;28
09/09/26;SANTANDER;PUT;Nov-26;11,00;12.7;32,90;-0,16;;2
09/09/26;SANTANDER;PUT;Nov-26;11,50;12.7;31,28;-0,23;1;152
09/09/26;SANTANDER;PUT;Nov-26;12,00;12.7;29,67;-0,33;;76
09/09/26;SANTANDER;PUT;Nov-26;12,50;12.7;28,05;-0,45;;1
09/09/26;SANTANDER;PUT;Nov-26;13,00;12.7;27,13;-0,58;;5
09/09/26;SANTANDER;PUT;Dic-26;2,50;12.7;60,47;;;40
09/09/26;SANTANDER;PUT;Dic-26;2,80;12.7;59,51;;;60.000
09/09/26;SANTANDER;PUT;Dic-26;3,20;12.7;58,23;;;10
09/09/26;SANTANDER;PUT;Dic-26;3,40;12.7;57,59;;;2
09/09/26;SANTANDER;PUT;Dic-26;3,50;12.7;57,27;;;5
09/09/26;SANTANDER;PUT;Dic-26;3,60;12.7;56,95;;;50.002
09/09/26;SANTANDER;PUT;Dic-26;4,00;12.7;55,66;;;25.007
09/09/26;SANTANDER;PUT;Dic-26;4,20;12.7;55,02;;;25
09/09/26;SANTANDER;PUT;Dic-26;4,30;12.7;54,70;;;15.000
09/09/26;SANTANDER;PUT;Dic-26;4,40;12.7;54,38;;;10.000
09/09/26;SANTANDER;PUT;Dic-26;4,60;12.7;53,74;;;80
09/09/26;SANTANDER;PUT;Dic-26;4,70;12.7;53,42;;;5
09/09/26;SANTANDER;PUT;Dic-26;4,80;12.7;53,10;;;15.000
09/09/26;SANTANDER;PUT;Dic-26;4,90;12.7;52,78;;;150
09/09/26;SANTANDER;PUT;Dic-26;5,00;12.7;52,46;;;20.400
09/09/26;SANTANDER;PUT;Dic-26;5,25;12.7;51,66;;;600
09/09/26;SANTANDER;PUT;Dic-26;6,00;12.7;49,26;;;5.019
09/09/26;SANTANDER;PUT;Dic-26;6,25;12.7;48,46;;;5
09/09/26;SANTANDER;PUT;Dic-26;6,50;12.7;47,66;;;155
09/09/26;SANTANDER;PUT;Dic-26;6,75;12.7;46,86;;;156
09/09/26;SANTANDER;PUT;Dic-26;7,00;12.7;46,05;-0,01;;10.171
09/09/26;SANTANDER;PUT;Dic-26;7,25;12.7;45,25;-0,01;;50
09/09/26;SANTANDER;PUT;Dic-26;7,50;12.7;44,45;-0,01;;18
09/09/26;SANTANDER;PUT;Dic-26;7,75;12.7;43,65;-0,01;;51
09/09/26;SANTANDER;PUT;Dic-26;8,00;12.7;42,85;-0,02;;34.888
09/09/26;SANTANDER;PUT;Dic-26;8,25;12.7;42,05;-0,02;;611
09/09/26;SANTANDER;PUT;Dic-26;8,50;12.7;41,25;-0,03;;15.882
09/09/26;SANTANDER;PUT;Dic-26;8,75;12.7;40,45;-0,03;;856
09/09/26;SANTANDER;PUT;Dic-26;9,00;12.7;39,65;-0,04;;5.090
09/09/26;SANTANDER;PUT;Dic-26;9,25;12.7;38,85;-0,05;;999
09/09/26;SANTANDER;PUT;Dic-26;9,50;12.7;38,05;-0,06;;34
09/09/26;SANTANDER;PUT;Dic-26;9,75;12.7;37,25;-0,08;;20
09/09/26;SANTANDER;PUT;Dic-26;10,00;12.7;36,45;-0,09;;90.011
09/09/26;SANTANDER;PUT;Dic-26;10,50;12.7;34,84;-0,14;;15.225
09/09/26;SANTANDER;PUT;Dic-26;11,00;12.7;33,24;-0,19;;1.170
09/09/26;SANTANDER;PUT;Dic-26;11,50;12.7;31,64;-0,26;;81
09/09/26;SANTANDER;PUT;Dic-26;12,00;12.7;30,04;-0,34;;10.246
09/09/26;SANTANDER;PUT;Dic-26;12,50;12.7;28,44;-0,45;;186
09/09/26;SANTANDER;PUT;Dic-26;13,00;12.7;27,53;-0,56;;5.018
09/09/26;SANTANDER;PUT;Dic-26;13,50;12.7;27,07;-0,66;;100
09/09/26;SANTANDER;PUT;Dic-26;14,00;12.7;26,61;-0,76;;112
09/09/26;SANTANDER;PUT;Dic-26;16,00;12.7;24,77;-0,97;;1
09/09/26;SANTANDER;PUT;Mar-27;5,25;12.7;49,28;;;470
09/09/26;SANTANDER;PUT;Mar-27;5,50;12.7;48,57;-0,01;;150
09/09/26;SANTANDER;PUT;Mar-27;6,00;12.7;47,16;-0,01;;150
09/09/26;SANTANDER;PUT;Mar-27;6,75;12.7;45,03;-0,02;;371
09/09/26;SANTANDER;PUT;Mar-27;7,00;12.7;44,32;-0,02;;1
09/09/26;SANTANDER;PUT;Mar-27;7,25;12.7;43,61;-0,03;;16.000
09/09/26;SANTANDER;PUT;Mar-27;8,00;12.7;41,49;-0,05;;100
09/09/26;SANTANDER;PUT;Mar-27;8,25;12.7;40,78;-0,05;;5.400
09/09/26;SANTANDER;PUT;Mar-27;8,50;12.7;40,07;-0,06;;100
09/09/26;SANTANDER;PUT;Mar-27;8,75;12.7;39,36;-0,07;;5
09/09/26;SANTANDER;PUT;Mar-27;9,00;12.7;38,65;-0,08;;40
09/09/26;SANTANDER;PUT;Mar-27;9,25;12.7;37,94;-0,10;;3
09/09/26;SANTANDER;PUT;Mar-27;9,50;12.7;37,23;-0,11;;52.500
09/09/26;SANTANDER;PUT;Mar-27;9,75;12.7;36,52;-0,13;;6.700
09/09/26;SANTANDER;PUT;Mar-27;10,00;12.7;35,81;-0,15;;25
09/09/26;SANTANDER;PUT;Mar-27;10,50;12.7;34,40;-0,19;;40
09/09/26;SANTANDER;PUT;Mar-27;11,00;12.7;32,98;-0,24;;9.547
09/09/26;SANTANDER;PUT;Mar-27;11,50;12.7;31,56;-0,29;;90
09/09/26;SANTANDER;PUT;Mar-27;12,00;12.7;30,14;-0,36;;457
09/09/26;SANTANDER;PUT;Mar-27;12,50;12.7;28,73;-0,43;;21
09/09/26;SANTANDER;PUT;Mar-27;13,00;12.7;27,93;-0,51;;14.500
09/09/26;SANTANDER;PUT;Mar-27;14,50;12.7;26,75;-0,74;;1
09/09/26;SANTANDER;PUT;Jun-27;3,00;12.7;51,06;;;15.000
09/09/26;SANTANDER;PUT;Jun-27;4,00;12.7;48,86;;;1
09/09/26;SANTANDER;PUT;Jun-27;5,50;12.7;45,55;-0,01;;42
09/09/26;SANTANDER;PUT;Jun-27;6,00;12.7;44,45;-0,02;;20.100
09/09/26;SANTANDER;PUT;Jun-27;7,00;12.7;42,24;-0,04;;5.155
09/09/26;SANTANDER;PUT;Jun-27;7,25;12.7;41,69;-0,04;;150
09/09/26;SANTANDER;PUT;Jun-27;7,50;12.7;41,14;-0,05;;813
09/09/26;SANTANDER;PUT;Jun-27;7,75;12.7;40,59;-0,06;;150
09/09/26;SANTANDER;PUT;Jun-27;8,00;12.7;40,04;-0,07;;6.000
09/09/26;SANTANDER;PUT;Jun-27;8,50;12.7;38,93;-0,09;;5.000
09/09/26;SANTANDER;PUT;Jun-27;8,75;12.7;38,38;-0,10;;10
09/09/26;SANTANDER;PUT;Jun-27;9,00;12.7;37,83;-0,12;;16.005
09/09/26;SANTANDER;PUT;Jun-27;9,50;12.7;36,73;-0,15;;5
09/09/26;SANTANDER;PUT;Jun-27;10,00;12.7;35,63;-0,18;;10.005
09/09/26;SANTANDER;PUT;Jun-27;10,50;12.7;34,52;-0,22;;9.114
09/09/26;SANTANDER;PUT;Jun-27;11,50;12.7;32,32;-0,32;;5.260
09/09/26;SANTANDER;PUT;Jun-27;12,00;12.7;31,21;-0,37;;5.025
09/09/26;SANTANDER;PUT;Jun-27;12,50;12.7;30,11;-0,43;;366
09/09/26;SANTANDER;PUT;Jun-27;13,00;12.7;29,46;-0,49;1;16
09/09/26;SANTANDER;PUT;Sep-27;8,00;12.7;38,91;-0,08;;315
09/09/26;SANTANDER;PUT;Sep-27;9,50;12.7;36,12;-0,16;;263
09/09/26;SANTANDER;PUT;Sep-27;9,75;12.7;35,65;-0,18;;25
09/09/26;SANTANDER;PUT;Sep-27;10,00;12.7;35,19;-0,20;;5
09/09/26;SANTANDER;PUT;Sep-27;12,00;12.7;31,46;-0,37;;2
09/09/26;SANTANDER;PUT;Sep-27;13,00;12.7;29,94;-0,47;;3
09/09/26;SANTANDER;PUT;Dic-27;3,30;12.7;46,42;;;10
09/09/26;SANTANDER;PUT;Dic-27;3,50;12.7;46,08;;;10.040
09/09/26;SANTANDER;PUT;Dic-27;3,90;12.7;45,38;;;10
09/09/26;SANTANDER;PUT;Dic-27;4,00;12.7;45,21;-0,01;;42
09/09/26;SANTANDER;PUT;Dic-27;4,20;12.7;44,86;-0,01;;7.000
09/09/26;SANTANDER;PUT;Dic-27;4,40;12.7;44,52;-0,01;;51.025
09/09/26;SANTANDER;PUT;Dic-27;4,70;12.7;44,00;-0,01;;10
09/09/26;SANTANDER;PUT;Dic-27;5,25;12.7;43,04;-0,02;;11.500
09/09/26;SANTANDER;PUT;Dic-27;5,50;12.7;42,61;-0,02;;1
09/09/26;SANTANDER;PUT;Dic-27;5,75;12.7;42,18;-0,03;;50.000
09/09/26;SANTANDER;PUT;Dic-27;6,00;12.7;41,74;-0,03;;5.150
09/09/26;SANTANDER;PUT;Dic-27;6,25;12.7;41,31;-0,04;;150
09/09/26;SANTANDER;PUT;Dic-27;6,50;12.7;40,88;-0,05;;151
09/09/26;SANTANDER;PUT;Dic-27;6,75;12.7;40,44;-0,05;;150
09/09/26;SANTANDER;PUT;Dic-27;7,00;12.7;40,01;-0,06;;10.500
09/09/26;SANTANDER;PUT;Dic-27;7,25;12.7;39,58;-0,07;;325
09/09/26;SANTANDER;PUT;Dic-27;7,50;12.7;39,14;-0,08;;300
09/09/26;SANTANDER;PUT;Dic-27;7,75;12.7;38,71;-0,09;;5.000
09/09/26;SANTANDER;PUT;Dic-27;8,00;12.7;38,28;-0,10;;75
09/09/26;SANTANDER;PUT;Dic-27;8,50;12.7;37,41;-0,12;;10.003
09/09/26;SANTANDER;PUT;Dic-27;8,75;12.7;36,98;-0,14;;23
09/09/26;SANTANDER;PUT;Dic-27;9,00;12.7;36,54;-0,15;;4.000
09/09/26;SANTANDER;PUT;Dic-27;9,75;12.7;35,24;-0,20;;25.000
09/09/26;SANTANDER;PUT;Dic-27;10,00;12.7;34,81;-0,21;;40.176
09/09/26;SANTANDER;PUT;Dic-27;10,50;12.7;33,95;-0,25;;4.745
09/09/26;SANTANDER;PUT;Dic-27;11,00;12.7;33,08;-0,29;;30.002
09/09/26;SANTANDER;PUT;Dic-27;11,50;12.7;32,21;-0,33;;25
09/09/26;SANTANDER;PUT;Dic-27;12,00;12.7;31,35;-0,37;;302
09/09/26;SANTANDER;PUT;Dic-27;12,50;12.7;30,48;-0,42;;25
09/09/26;SANTANDER;PUT;Mar-28;9,00;12.7;35,61;-0,16;;3.150
09/09/26;SANTANDER;PUT;Mar-28;9,25;12.7;35,21;-0,17;;150
09/09/26;SANTANDER;PUT;Mar-28;9,75;12.7;34,41;-0,20;;5
09/09/26;SANTANDER;PUT;Mar-28;10,00;12.7;34,01;-0,22;;150
09/09/26;SANTANDER;PUT;Mar-28;10,50;12.7;33,21;-0,25;;387
09/09/26;SANTANDER;PUT;Mar-28;11,00;12.7;32,41;-0,29;;20.175
09/09/26;SANTANDER;PUT;Mar-28;12,00;12.7;30,80;-0,37;;150
09/09/26;SANTANDER;PUT;Mar-28;12,50;12.7;30,00;-0,41;;1
09/09/26;SANTANDER;PUT;Jun-28;5,00;12.7;40,91;-0,02;;10.000
09/09/26;SANTANDER;PUT;Jun-28;10,50;12.7;32,82;-0,26;;10.000
09/09/26;SANTANDER;PUT;Jun-28;11,00;12.7;32,08;-0,30;;381
09/09/26;SANTANDER;PUT;Jun-28;11,50;12.7;31,35;-0,33;;450
09/09/26;SANTANDER;PUT;Jun-28;12,00;12.7;30,61;-0,37;;602
09/09/26;SANTANDER;PUT;Jun-28;12,50;12.7;29,88;-0,41;;3.500
09/09/26;SANTANDER;PUT;Dic-28;4,20;12.7;40,17;-0,02;;10.000
09/09/26;SANTANDER;PUT;Dic-28;6,00;12.7;37,85;-0,06;;12.500
09/09/26;SANTANDER;PUT;Dic-28;8,00;12.7;35,28;-0,13;;15.500
09/09/26;SANTANDER;PUT;Dic-28;8,50;12.7;34,64;-0,16;;3.000
09/09/26;SANTANDER;PUT;Dic-28;9,00;12.7;33,99;-0,18;;5.000
09/09/26;SANTANDER;PUT;Dic-28;10,00;12.7;32,71;-0,24;;12.000
09/09/26;SANTANDER;PUT;Dic-29;3,90;12.7;38,64;-0,02;;3.250
09/09/26;SANTANDER;PUT;Dic-29;5,50;12.7;36,88;-0,06;;25.000
09/09/26;SANTANDER;PUT;Dic-29;8,00;12.7;34,12;-0,15;;11.000
09/09/26;SANTANDER;PUT;Dic-29;10,50;12.7;31,36;-0,28;;100
09/09/26;SANTANDER;PUT;Dic-30;6,00;12.7;35,46;-0,09;;10.000
09/09/26;SANTANDER;PUT;Dic-30;12,50;12.7;28,98;-0,38;;58
09/09/26;SANTANDER;PUT;Dic-30;13,00;12.7;28,65;-0,41;;185
09/09/26;SANTANDER;CALL;Sep-26;9,00;12.7;37,35;1,00;;10
09/09/26;SANTANDER;CALL;Sep-26;10,50;12.7;32,03;1,00;;40
09/09/26;SANTANDER;CALL;Sep-26;11,00;12.7;30,26;1,00;;40
09/09/26;SANTANDER;CALL;Sep-26;11,00;12.7;30,26;1,00;;10
09/09/26;SANTANDER;CALL;Sep-26;11,50;12.7;28,49;0,99;;10
09/09/26;SANTANDER;CALL;Sep-26;11,50;12.7;28,49;0,99;;60
09/09/26;SANTANDER;CALL;Sep-26;12,00;12.7;26,72;0,91;10;4.020
09/09/26;SANTANDER;CALL;Sep-26;12,00;12.7;26,72;0,91;;20
09/09/26;SANTANDER;CALL;Sep-26;12,50;12.7;24,94;0,67;;20
09/09/26;SANTANDER;CALL;Sep-26;12,50;12.7;24,94;0,67;30;50
09/09/26;SANTANDER;CALL;Sep-26;12,75;12.7;24,20;0,47;;20
09/09/26;SANTANDER;CALL;Sep-26;13,00;12.7;23,96;0,28;10;10
09/09/26;SANTANDER;CALL;Sep-26;13,00;12.7;23,96;0,28;;4.560
09/09/26;SANTANDER;CALL;Sep-26;13,50;12.7;23,49;0,05;;9.000
09/09/26;SANTANDER;CALL;Sep-26;13,50;12.7;23,49;0,05;;50
09/09/26;SANTANDER;CALL;Oct-26;11,00;12.7;31,86;0,93;;40
09/09/26;SANTANDER;CALL;Oct-26;12,00;12.7;28,52;0,75;;32
09/09/26;SANTANDER;CALL;Oct-26;12,50;12.7;26,85;0,60;;10
09/09/26;SANTANDER;CALL;Oct-26;13,00;12.7;25,90;0,41;;80
09/09/26;SANTANDER;CALL;Oct-26;13,00;12.7;25,90;0,41;;32
09/09/26;SANTANDER;CALL;Oct-26;13,50;12.7;25,42;0,25;;4.596
09/09/26;SANTANDER;CALL;Oct-26;13,50;12.7;25,42;0,25;10;10
09/09/26;SANTANDER;CALL;Oct-26;14,00;12.7;24,93;0,12;;48.139
09/09/26;SANTANDER;CALL;Nov-26;10,50;12.7;35,05;0,89;;1
09/09/26;SANTANDER;CALL;Nov-26;11,00;12.7;33,44;0,84;;1
09/09/26;SANTANDER;CALL;Nov-26;13,00;12.7;27,67;0,43;;10
09/09/26;SANTANDER;CALL;Nov-26;13,50;12.7;27,20;0,31;;20
09/09/26;SANTANDER;CALL;Nov-26;13,50;12.7;27,20;0,31;;10
09/09/26;SANTANDER;CALL;Nov-26;14,00;12.7;26,73;0,21;;20
09/09/26;SANTANDER;CALL;Dic-26;6,50;12.7;49,02;0,99;;36
09/09/26;SANTANDER;CALL;Dic-26;8,00;12.7;44,21;0,97;;2
09/09/26;SANTANDER;CALL;Dic-26;8,50;12.7;42,61;0,96;;2
09/09/26;SANTANDER;CALL;Dic-26;8,75;12.7;41,81;0,96;;25
09/09/26;SANTANDER;CALL;Dic-26;9,00;12.7;41,01;0,95;;10
09/09/26;SANTANDER;CALL;Dic-26;10,00;12.7;37,81;0,89;;10
09/09/26;SANTANDER;CALL;Dic-26;10,50;12.7;36,20;0,85;;12
09/09/26;SANTANDER;CALL;Dic-26;12,00;12.7;31,40;0,65;;20
09/09/26;SANTANDER;CALL;Dic-26;12,50;12.7;29,80;0,56;;2
09/09/26;SANTANDER;CALL;Dic-26;13,50;12.7;28,43;0,36;;2
09/09/26;SANTANDER;CALL;Dic-26;14,00;12.7;27,97;0,27;;365
09/09/26;SANTANDER;CALL;Mar-27;4,00;12.7;54,72;0,99;;30
09/09/26;SANTANDER;CALL;Mar-27;5,00;12.7;51,88;0,98;;20
09/09/26;SANTANDER;CALL;Mar-27;10,00;12.7;37,70;0,83;;1
09/09/26;SANTANDER;CALL;Mar-27;12,50;12.7;30,62;0,57;;1
09/09/26;SANTANDER;CALL;Jun-27;15,00;12.7;29,33;0,30;1;1
09/09/26;SANTANDER;CALL;Sep-27;11,00;12.7;34,41;0,71;;1
09/09/26;SANTANDER;CALL;Dic-27;10,00;12.7;36,21;0,76;1;
09/09/26;SANTANDER;CALL;Dic-27;14,00;12.7;30,65;0,44;;4
09/09/26;SANTANDER;CALL;Mar-28;14,00;12.7;30,81;0,46;1;1
09/09/26;SANTANDER;CALL;Mar-28;14,50;12.7;30,49;0,42;1;1
09/09/26;SANTANDER;CALL;Jun-28;14,50;12.7;30,92;0,43;1;1
09/09/26;SANTANDER;CALL;Dic-28;6,00;12.7;41,28;0,87;;51
09/09/26;SANTANDER;CALL;Dic-28;7,00;12.7;40,00;0,84;;2
09/09/26;SANTANDER;PUT;Sep-26;6,25;12.7;50,05;;;1.700
09/09/26;SANTANDER;PUT;Sep-26;7,50;12.7;45,62;;;900
09/09/26;SANTANDER;PUT;Sep-26;8,25;12.7;42,96;;;50
09/09/26;SANTANDER;PUT;Sep-26;9,50;12.7;38,53;;;10
09/09/26;SANTANDER;PUT;Sep-26;10,50;12.7;34,98;;;30.010
09/09/26;SANTANDER;PUT;Sep-26;11,00;12.7;33,21;;;1
09/09/26;SANTANDER;PUT;Sep-26;11,50;12.7;31,44;-0,02;;11
09/09/26;SANTANDER;PUT;Sep-26;11,50;12.7;31,44;-0,02;;20
09/09/26;SANTANDER;PUT;Sep-26;12,00;12.7;29,67;-0,11;;20
09/09/26;SANTANDER;PUT;Sep-26;12,00;12.7;29,67;-0,11;;76
09/09/26;SANTANDER;PUT;Sep-26;12,50;12.7;27,89;-0,35;;50
09/09/26;SANTANDER;PUT;Sep-26;12,50;12.7;27,89;-0,35;;200
09/09/26;SANTANDER;PUT;Sep-26;12,75;12.7;27,15;-0,53;;30
09/09/26;SANTANDER;PUT;Sep-26;13,00;12.7;26,91;-0,70;;20
09/09/26;SANTANDER;PUT;Sep-26;13,00;12.7;26,91;-0,70;1;130
09/09/26;SANTANDER;PUT;Sep-26;13,50;12.7;26,44;-0,92;;20
09/09/26;SANTANDER;PUT;Sep-26;14,00;12.7;25,97;-0,99;;20
09/09/26;SANTANDER;PUT;Oct-26;11,00;12.7;32,61;-0,07;;2
09/09/26;SANTANDER;PUT;Oct-26;11,50;12.7;30,94;-0,14;;1
09/09/26;SANTANDER;PUT;Oct-26;11,50;12.7;30,94;-0,14;;10
09/09/26;SANTANDER;PUT;Oct-26;12,00;12.7;29,27;-0,25;;32
09/09/26;SANTANDER;PUT;Oct-26;12,50;12.7;27,60;-0,40;;20
09/09/26;SANTANDER;PUT;Oct-26;12,50;12.7;27,60;-0,40;;12
09/09/26;SANTANDER;PUT;Oct-26;13,00;12.7;26,65;-0,58;20;100
09/09/26;SANTANDER;PUT;Oct-26;14,50;12.7;25,20;-0,94;;20
09/09/26;SANTANDER;PUT;Nov-26;12,00;12.7;29,67;-0,33;;10
09/09/26;SANTANDER;PUT;Nov-26;12,50;12.7;28,05;-0,44;10;10
09/09/26;SANTANDER;PUT;Dic-26;6,75;12.7;46,86;;;2.800
09/09/26;SANTANDER;PUT;Dic-26;9,00;12.7;39,65;-0,04;;10
09/09/26;SANTANDER;PUT;Dic-26;9,75;12.7;37,25;-0,08;;26
09/09/26;SANTANDER;PUT;Dic-26;10,00;12.7;36,45;-0,09;;25
09/09/26;SANTANDER;PUT;Dic-26;10,50;12.7;34,84;-0,13;;4
09/09/26;SANTANDER;PUT;Dic-26;11,00;12.7;33,24;-0,19;;20
09/09/26;SANTANDER;PUT;Dic-26;11,00;12.7;33,24;-0,19;;10
09/09/26;SANTANDER;PUT;Dic-26;11,50;12.7;31,64;-0,26;;2
09/09/26;SANTANDER;PUT;Dic-26;12,00;12.7;30,04;-0,34;;26
09/09/26;SANTANDER;PUT;Dic-26;12,50;12.7;28,44;-0,44;;1
09/09/26;SANTANDER;PUT;Dic-26;13,00;12.7;27,53;-0,54;;1
09/09/26;SANTANDER;PUT;Mar-27;9,00;12.7;38,65;-0,08;;2
09/09/26;SANTANDER;PUT;Mar-27;12,50;12.7;28,73;-0,42;;1
09/09/26;SANTANDER;PUT;Jun-27;11,50;12.7;32,32;-0,31;;1
09/09/26;SANTANDER;PUT;Sep-27;12,00;12.7;31,46;-0,35;1;1
09/09/26;SANTANDER;PUT;Dic-29;10,50;12.7;31,36;-0,25;;60
09/09/26;SOLARIA;CALL;Sep-26;18,00;17.57;46,72;0,39;;25
09/09/26;SOLARIA;CALL;Oct-26;19,00;17.57;46,84;0,33;8;8
09/09/26;SOLARIA;CALL;Nov-26;16,00;17.57;51,47;0,71;;3
09/09/26;SOLARIA;CALL;Dic-26;18,00;17.57;47,58;0,52;;9
09/09/26;SOLARIA;CALL;Jun-27;16,50;17.57;45,55;0,66;;4
09/09/26;SOLARIA;PUT;Sep-26;16,00;17.57;50,08;-0,11;;1.373
09/09/26;SOLARIA;PUT;Sep-26;16,50;17.57;49,09;-0,20;;3
09/09/26;SOLARIA;PUT;Sep-26;17,00;17.57;48,11;-0,32;;2
09/09/26;SOLARIA;PUT;Oct-26;15,00;17.57;53,28;-0,15;;4.000
09/09/26;SOLARIA;PUT;Nov-26;14,50;17.57;54,42;-0,18;;5
09/09/26;SOLARIA;PUT;Dic-26;14,50;17.57;53,29;-0,20;;3
09/09/26;SOLARIA;PUT;Dic-26;18,00;17.57;47,52;-0,48;;5
09/09/26;SOLARIA;PUT;Dic-26;22,00;17.57;46,30;-0,79;;25
09/09/26;SOLARIA;PUT;Dic-26;23,00;17.57;46,00;-0,85;;20
09/09/26;SOLARIA;PUT;Dic-26;25,00;17.57;45,39;-0,93;;20
09/09/26;TECNICAS REUNIDAS;CALL;Sep-26;29,32;25.74;43,22;0,03;;1
09/09/26;TECNICAS REUNIDAS;CALL;Sep-26;30,24;25.74;42,85;0,01;;10
09/09/26;TECNICAS REUNIDAS;CALL;Sep-26;31,15;25.74;42,49;;;3
09/09/26;TECNICAS REUNIDAS;CALL;Sep-26;32,07;25.74;42,12;;;5
09/09/26;TECNICAS REUNIDAS;CALL;Sep-26;32,99;25.74;41,75;;;13
09/09/26;TECNICAS REUNIDAS;CALL;Sep-26;33,90;25.74;41,38;;;6
09/09/26;TECNICAS REUNIDAS;CALL;Sep-26;34,82;25.74;41,01;;;135
09/09/26;TECNICAS REUNIDAS;CALL;Sep-26;36,65;25.74;40,28;;;5
09/09/26;TECNICAS REUNIDAS;CALL;Oct-26;29,32;25.74;45,57;0,21;;3
09/09/26;TECNICAS REUNIDAS;CALL;Oct-26;30,24;25.74;45,15;0,15;;3
09/09/26;TECNICAS REUNIDAS;CALL;Oct-26;34,82;25.74;43,07;0,02;;2
09/09/26;TECNICAS REUNIDAS;CALL;Oct-26;36,65;25.74;42,25;0,01;;5
09/09/26;TECNICAS REUNIDAS;CALL;Nov-26;30,24;25.74;45,65;0,24;;3
09/09/26;TECNICAS REUNIDAS;CALL;Nov-26;33,90;25.74;43,99;0,09;;5
09/09/26;TECNICAS REUNIDAS;CALL;Nov-26;35,74;25.74;43,16;0,05;;5
09/09/26;TECNICAS REUNIDAS;CALL;Dic-26;27,49;25.74;50,16;0,44;;10
09/09/26;TECNICAS REUNIDAS;CALL;Dic-26;41,23;25.74;44,64;0,02;;5
09/09/26;TECNICAS REUNIDAS;CALL;Mar-27;20,00;25.74;58,38;0,80;;1
09/09/26;TECNICAS REUNIDAS;CALL;Mar-27;37,00;25.74;48,61;0,18;;1
09/09/26;TECNICAS REUNIDAS;CALL;Jun-27;29,00;25.74;47,55;0,46;;12
09/09/26;TECNICAS REUNIDAS;CALL;Mar-28;36,00;25.74;40,15;0,32;20;20
09/09/26;TECNICAS REUNIDAS;CALL;Mar-28;37,00;25.74;40,01;0,30;5;5
09/09/26;TECNICAS REUNIDAS;CALL;Mar-28;38,00;25.74;39,86;0,28;20;20
09/09/26;TECNICAS REUNIDAS;PUT;Sep-26;18,33;25.74;53,73;;;5
09/09/26;TECNICAS REUNIDAS;PUT;Sep-26;19,24;25.74;52,09;;;5
09/09/26;TECNICAS REUNIDAS;PUT;Sep-26;22,91;25.74;45,48;-0,05;;5
09/09/26;TECNICAS REUNIDAS;PUT;Sep-26;24,74;25.74;42,19;-0,26;;1
09/09/26;TECNICAS REUNIDAS;PUT;Sep-26;25,66;25.74;40,53;-0,47;;10
09/09/26;TECNICAS REUNIDAS;PUT;Sep-26;27,49;25.74;39,69;-0,85;;9
09/09/26;TECNICAS REUNIDAS;PUT;Oct-26;20,16;25.74;50,37;-0,05;;5
09/09/26;TECNICAS REUNIDAS;PUT;Oct-26;24,74;25.74;42,19;-0,35;;1
09/09/26;TECNICAS REUNIDAS;PUT;Nov-26;19,24;25.74;51,86;-0,10;;3
09/09/26;TECNICAS REUNIDAS;PUT;Nov-26;25,66;25.74;40,38;-0,51;;1
09/09/26;TECNICAS REUNIDAS;PUT;Dic-26;18,33;25.74;52,35;-0,10;;2
09/09/26;TECNICAS REUNIDAS;PUT;Dic-26;20,16;25.74;49,32;-0,16;;2
09/09/26;TECNICAS REUNIDAS;PUT;Dic-26;21,07;25.74;47,81;-0,20;;5
09/09/26;TECNICAS REUNIDAS;PUT;Dic-26;26,57;25.74;39,74;-0,57;;9
09/09/26;TECNICAS REUNIDAS;PUT;Dic-26;27,49;25.74;39,37;-0,63;;10
09/09/26;TECNICAS REUNIDAS;PUT;Mar-27;16,00;25.74;54,18;-0,09;;1
09/09/26;TECNICAS REUNIDAS;PUT;Mar-27;30,00;25.74;40,29;-0,68;;5
09/09/26;TECNICAS REUNIDAS;PUT;Jun-27;18,00;25.74;48,74;-0,15;;3
09/09/26;TECNICAS REUNIDAS;PUT;Jun-27;32,00;25.74;39,47;-0,70;;2
09/09/26;TECNICAS REUNIDAS;PUT;Jun-28;18,50;25.74;41,25;-0,20;5;5
09/09/26;TECNICAS REUNIDAS;PUT;Dic-26;26,00;25.74;39,97;-0,52;;5
09/09/26;TECNICAS REUNIDAS;PUT;Dic-26;27,00;25.74;39,56;-0,59;;5
09/09/26;TELEFONICA;CALL;Sep-26;2,20;3.57;29,32;1,00;;2
09/09/26;TELEFONICA;CALL;Sep-26;3,50;3.57;18,65;0,77;;14
09/09/26;TELEFONICA;CALL;Sep-26;3,60;3.57;17,97;0,41;;165
09/09/26;TELEFONICA;CALL;Sep-26;3,70;3.57;17,67;0,11;;126
09/09/26;TELEFONICA;CALL;Sep-26;3,80;3.57;17,37;0,01;;1.013
09/09/26;TELEFONICA;CALL;Sep-26;3,90;3.57;17,07;;;25
09/09/26;TELEFONICA;CALL;Sep-26;4,00;3.57;16,78;;;376
09/09/26;TELEFONICA;CALL;Sep-26;4,10;3.57;16,48;;;10.005
09/09/26;TELEFONICA;CALL;Sep-26;4,20;3.57;16,18;;;594
09/09/26;TELEFONICA;CALL;Sep-26;4,30;3.57;15,88;;;250
09/09/26;TELEFONICA;CALL;Sep-26;4,40;3.57;15,58;;;1.100
09/09/26;TELEFONICA;CALL;Sep-26;4,60;3.57;14,98;;;6
09/09/26;TELEFONICA;CALL;Oct-26;3,70;3.57;17,64;0,29;;38
09/09/26;TELEFONICA;CALL;Oct-26;3,80;3.57;17,35;0,15;;92
09/09/26;TELEFONICA;CALL;Oct-26;3,90;3.57;17,06;0,06;;2
09/09/26;TELEFONICA;CALL;Nov-26;3,70;3.57;19,94;0,39;;1
09/09/26;TELEFONICA;CALL;Nov-26;3,80;3.57;19,65;0,27;;14
09/09/26;TELEFONICA;CALL;Dic-26;2,90;3.57;26,07;0,95;;1
09/09/26;TELEFONICA;CALL;Dic-26;3,00;3.57;25,33;0,92;;10
09/09/26;TELEFONICA;CALL;Dic-26;3,20;3.57;23,86;0,84;5;5
09/09/26;TELEFONICA;CALL;Dic-26;3,30;3.57;23,12;0,78;;10
09/09/26;TELEFONICA;CALL;Dic-26;3,40;3.57;22,39;0,70;;65
09/09/26;TELEFONICA;CALL;Dic-26;3,50;3.57;21,65;0,62;;196
09/09/26;TELEFONICA;CALL;Dic-26;3,60;3.57;21,03;0,52;;86.509
09/09/26;TELEFONICA;CALL;Dic-26;3,70;3.57;20,74;0,42;;1.969
09/09/26;TELEFONICA;CALL;Dic-26;3,80;3.57;20,45;0,32;;2.330
09/09/26;TELEFONICA;CALL;Dic-26;3,90;3.57;20,16;0,24;;657
09/09/26;TELEFONICA;CALL;Dic-26;4,00;3.57;19,88;0,17;;120.750
09/09/26;TELEFONICA;CALL;Dic-26;4,10;3.57;19,59;0,11;;570
09/09/26;TELEFONICA;CALL;Dic-26;4,20;3.57;19,30;0,07;;1.214
09/09/26;TELEFONICA;CALL;Dic-26;4,30;3.57;19,01;0,04;;511
09/09/26;TELEFONICA;CALL;Dic-26;4,40;3.57;18,72;0,02;;14
09/09/26;TELEFONICA;CALL;Dic-26;4,50;3.57;18,43;0,01;;43.670
09/09/26;TELEFONICA;CALL;Dic-26;4,60;3.57;18,14;0,01;;35.000
09/09/26;TELEFONICA;CALL;Dic-26;4,70;3.57;17,85;;;20.010
09/09/26;TELEFONICA;CALL;Dic-26;4,90;3.57;17,27;;;8.004
09/09/26;TELEFONICA;CALL;Dic-26;5,00;3.57;16,98;;;771
09/09/26;TELEFONICA;CALL;Dic-26;5,25;3.57;16,26;;;8
09/09/26;TELEFONICA;CALL;Dic-26;5,50;3.57;15,54;;;2
09/09/26;TELEFONICA;CALL;Mar-27;2,20;3.57;29,28;0,99;;1
09/09/26;TELEFONICA;CALL;Mar-27;3,10;3.57;24,58;0,83;;30
09/09/26;TELEFONICA;CALL;Mar-27;3,20;3.57;24,06;0,79;;10
09/09/26;TELEFONICA;CALL;Mar-27;3,40;3.57;23,01;0,68;;1
09/09/26;TELEFONICA;CALL;Mar-27;3,50;3.57;22,49;0,61;;2
09/09/26;TELEFONICA;CALL;Mar-27;3,60;3.57;22,03;0,55;;52
09/09/26;TELEFONICA;CALL;Mar-27;3,70;3.57;21,73;0,48;;423
09/09/26;TELEFONICA;CALL;Mar-27;3,80;3.57;21,43;0,41;;3
09/09/26;TELEFONICA;CALL;Mar-27;3,90;3.57;21,13;0,34;;5
09/09/26;TELEFONICA;CALL;Mar-27;4,00;3.57;20,84;0,28;;140
09/09/26;TELEFONICA;CALL;Mar-27;4,20;3.57;20,24;0,17;;70
09/09/26;TELEFONICA;CALL;Mar-27;4,30;3.57;19,94;0,13;;4
09/09/26;TELEFONICA;CALL;Mar-27;4,40;3.57;19,64;0,10;;5.000
09/09/26;TELEFONICA;CALL;Mar-27;4,60;3.57;19,04;0,05;;20.000
09/09/26;TELEFONICA;CALL;Mar-27;4,80;3.57;18,45;0,02;;25
09/09/26;TELEFONICA;CALL;Jun-27;2,00;3.57;29,33;1,00;;10
09/09/26;TELEFONICA;CALL;Jun-27;3,00;3.57;25,32;0,85;;5
09/09/26;TELEFONICA;CALL;Jun-27;3,50;3.57;23,31;0,62;;1
09/09/26;TELEFONICA;CALL;Jun-27;3,60;3.57;22,95;0,57;;100
09/09/26;TELEFONICA;CALL;Jun-27;3,80;3.57;22,45;0,45;;26
09/09/26;TELEFONICA;CALL;Jun-27;3,90;3.57;22,20;0,40;;14
09/09/26;TELEFONICA;CALL;Jun-27;4,00;3.57;21,94;0,34;;58
09/09/26;TELEFONICA;CALL;Jun-27;4,10;3.57;21,69;0,29;;4.028
09/09/26;TELEFONICA;CALL;Jun-27;4,20;3.57;21,44;0,25;;24.007
09/09/26;TELEFONICA;CALL;Jun-27;4,30;3.57;21,19;0,20;;100
09/09/26;TELEFONICA;CALL;Jun-27;4,40;3.57;20,94;0,17;;456
09/09/26;TELEFONICA;CALL;Jun-27;4,50;3.57;20,68;0,13;;6.700
09/09/26;TELEFONICA;CALL;Jun-27;4,70;3.57;20,18;0,08;;10
09/09/26;TELEFONICA;CALL;Jun-27;4,80;3.57;19,93;0,06;;150
09/09/26;TELEFONICA;CALL;Jun-27;4,90;3.57;19,68;0,04;;150
09/09/26;TELEFONICA;CALL;Jun-27;5,00;3.57;19,43;0,03;;150
09/09/26;TELEFONICA;CALL;Jun-27;5,50;3.57;18,17;;;5
09/09/26;TELEFONICA;CALL;Jun-27;5,75;3.57;17,54;;;20
09/09/26;TELEFONICA;CALL;Sep-27;3,70;3.57;23,31;0,51;;31
09/09/26;TELEFONICA;CALL;Sep-27;3,80;3.57;23,06;0,46;;4
09/09/26;TELEFONICA;CALL;Sep-27;3,90;3.57;22,81;0,41;;150
09/09/26;TELEFONICA;CALL;Sep-27;4,60;3.57;21,04;0,13;;2
09/09/26;TELEFONICA;CALL;Sep-27;5,50;3.57;18,78;0,01;;22
09/09/26;TELEFONICA;CALL;Dic-27;2,30;3.57;28,20;0,97;;10
09/09/26;TELEFONICA;CALL;Dic-27;2,40;3.57;27,92;0,96;;10
09/09/26;TELEFONICA;CALL;Dic-27;2,50;3.57;27,64;0,94;;10
09/09/26;TELEFONICA;CALL;Dic-27;2,60;3.57;27,36;0,93;;10
09/09/26;TELEFONICA;CALL;Dic-27;2,70;3.57;27,08;0,90;;25
09/09/26;TELEFONICA;CALL;Dic-27;2,80;3.57;26,80;0,88;;15
09/09/26;TELEFONICA;CALL;Dic-27;2,90;3.57;26,52;0,85;;15
09/09/26;TELEFONICA;CALL;Dic-27;3,00;3.57;26,24;0,81;3;3
09/09/26;TELEFONICA;CALL;Dic-27;3,10;3.57;25,96;0,78;;8
09/09/26;TELEFONICA;CALL;Dic-27;3,20;3.57;25,68;0,74;;750
09/09/26;TELEFONICA;CALL;Dic-27;3,50;3.57;24,84;0,61;;140
09/09/26;TELEFONICA;CALL;Dic-27;3,60;3.57;24,58;0,56;;22
09/09/26;TELEFONICA;CALL;Dic-27;3,70;3.57;24,37;0,52;;10
09/09/26;TELEFONICA;CALL;Dic-27;3,80;3.57;24,15;0,48;;9.011
09/09/26;TELEFONICA;CALL;Dic-27;3,90;3.57;23,94;0,43;;1
09/09/26;TELEFONICA;CALL;Dic-27;4,00;3.57;23,72;0,39;;870
09/09/26;TELEFONICA;CALL;Dic-27;4,10;3.57;23,51;0,35;;102
09/09/26;TELEFONICA;CALL;Dic-27;4,20;3.57;23,29;0,31;;3
09/09/26;TELEFONICA;CALL;Dic-27;4,30;3.57;23,08;0,28;;36
09/09/26;TELEFONICA;CALL;Dic-27;4,40;3.57;22,87;0,25;;79
09/09/26;TELEFONICA;CALL;Dic-27;4,50;3.57;22,65;0,21;;139
09/09/26;TELEFONICA;CALL;Dic-27;4,60;3.57;22,44;0,19;;4.001
09/09/26;TELEFONICA;CALL;Dic-27;4,70;3.57;22,22;0,16;;30.150
09/09/26;TELEFONICA;CALL;Dic-27;5,00;3.57;21,58;0,10;;486
09/09/26;TELEFONICA;CALL;Dic-27;5,25;3.57;21,04;0,06;;167
09/09/26;TELEFONICA;CALL;Dic-27;5,50;3.57;20,51;0,04;;25
09/09/26;TELEFONICA;CALL;Dic-27;6,00;3.57;19,43;0,01;;21.105
09/09/26;TELEFONICA;CALL;Mar-28;2,10;3.57;29,04;0,98;;10
09/09/26;TELEFONICA;CALL;Mar-28;2,20;3.57;28,79;0,97;;10
09/09/26;TELEFONICA;CALL;Mar-28;2,30;3.57;28,54;0,96;;10
09/09/26;TELEFONICA;CALL;Mar-28;2,40;3.57;28,28;0,95;;10
09/09/26;TELEFONICA;CALL;Mar-28;2,50;3.57;28,03;0,93;;10
09/09/26;TELEFONICA;CALL;Mar-28;2,60;3.57;27,78;0,91;;10
09/09/26;TELEFONICA;CALL;Mar-28;2,70;3.57;27,53;0,88;;50
09/09/26;TELEFONICA;CALL;Mar-28;2,80;3.57;27,28;0,85;;15
09/09/26;TELEFONICA;CALL;Mar-28;2,90;3.57;27,03;0,82;;15
09/09/26;TELEFONICA;CALL;Mar-28;3,00;3.57;26,77;0,79;;20
09/09/26;TELEFONICA;CALL;Mar-28;3,10;3.57;26,52;0,76;;20
09/09/26;TELEFONICA;CALL;Mar-28;3,20;3.57;26,27;0,72;;27
09/09/26;TELEFONICA;CALL;Mar-28;3,30;3.57;26,02;0,68;;25
09/09/26;TELEFONICA;CALL;Mar-28;3,40;3.57;25,77;0,64;;521
09/09/26;TELEFONICA;CALL;Mar-28;3,50;3.57;25,51;0,60;;27
09/09/26;TELEFONICA;CALL;Mar-28;3,60;3.57;25,28;0,57;;26
09/09/26;TELEFONICA;CALL;Mar-28;3,70;3.57;25,08;0,53;;25
09/09/26;TELEFONICA;CALL;Mar-28;3,80;3.57;24,89;0,49;;1
09/09/26;TELEFONICA;CALL;Mar-28;4,00;3.57;24,49;0,42;;10
09/09/26;TELEFONICA;CALL;Mar-28;4,10;3.57;24,30;0,38;;1
09/09/26;TELEFONICA;CALL;Mar-28;4,50;3.57;23,51;0,26;;100
09/09/26;TELEFONICA;CALL;Mar-28;4,60;3.57;23,32;0,23;;1
09/09/26;TELEFONICA;CALL;Jun-28;4,00;3.57;24,82;0,43;;100
09/09/26;TELEFONICA;CALL;Jun-28;4,50;3.57;23,94;0,28;;2
09/09/26;TELEFONICA;CALL;Jun-28;4,60;3.57;23,76;0,25;;150
09/09/26;TELEFONICA;CALL;Jun-28;4,70;3.57;23,58;0,23;;175
09/09/26;TELEFONICA;CALL;Jun-28;5,00;3.57;23,05;0,16;;4
09/09/26;TELEFONICA;CALL;Sep-28;3,50;3.57;25,91;0,61;;30
09/09/26;TELEFONICA;CALL;Sep-28;4,00;3.57;25,09;0,44;;1
09/09/26;TELEFONICA;CALL;Dic-28;3,20;3.57;26,78;0,70;;25
09/09/26;TELEFONICA;CALL;Dic-28;3,50;3.57;26,27;0,61;;30
09/09/26;TELEFONICA;CALL;Dic-28;3,80;3.57;25,81;0,51;;3
09/09/26;TELEFONICA;CALL;Dic-28;4,00;3.57;25,51;0,45;;18
09/09/26;TELEFONICA;CALL;Dic-28;4,50;3.57;24,77;0,32;;55
09/09/26;TELEFONICA;CALL;Dic-28;4,80;3.57;24,32;0,25;;10
09/09/26;TELEFONICA;CALL;Dic-28;5,00;3.57;24,02;0,21;;65
09/09/26;TELEFONICA;CALL;Dic-28;5,25;3.57;23,65;0,17;;50
09/09/26;TELEFONICA;CALL;Jun-29;4,50;3.57;25,63;0,36;;5
09/09/26;TELEFONICA;CALL;Dic-29;3,40;3.57;27,37;0,64;;10
09/09/26;TELEFONICA;CALL;Dic-29;4,30;3.57;26,37;0,43;;1
09/09/26;TELEFONICA;CALL;Dic-29;4,50;3.57;26,14;0,38;5;37
09/09/26;TELEFONICA;CALL;Dic-29;5,00;3.57;25,58;0,29;;543
09/09/26;TELEFONICA;CALL;Jun-30;5,75;3.57;25,24;0,21;;250
09/09/26;TELEFONICA;CALL;Dic-30;4,50;3.57;26,84;0,42;;3
09/09/26;TELEFONICA;CALL;Jun-31;4,40;3.57;27,18;0,45;;50
09/09/26;TELEFONICA;PUT;Sep-26;2,60;3.57;27,60;;;4
09/09/26;TELEFONICA;PUT;Sep-26;2,70;3.57;26,78;;;5
09/09/26;TELEFONICA;PUT;Sep-26;2,90;3.57;25,14;;;28
09/09/26;TELEFONICA;PUT;Sep-26;3,00;3.57;24,31;;;2
09/09/26;TELEFONICA;PUT;Sep-26;3,10;3.57;23,49;;;20
09/09/26;TELEFONICA;PUT;Sep-26;3,20;3.57;22,67;;;23
09/09/26;TELEFONICA;PUT;Sep-26;3,30;3.57;21,85;-0,01;;142
09/09/26;TELEFONICA;PUT;Sep-26;3,40;3.57;21,03;-0,06;;94
09/09/26;TELEFONICA;PUT;Sep-26;3,50;3.57;20,21;-0,25;;196
09/09/26;TELEFONICA;PUT;Sep-26;3,60;3.57;19,53;-0,59;;233
09/09/26;TELEFONICA;PUT;Sep-26;3,70;3.57;19,23;-0,88;;10.100
09/09/26;TELEFONICA;PUT;Sep-26;3,80;3.57;18,93;-0,99;;227
09/09/26;TELEFONICA;PUT;Sep-26;3,90;3.57;18,63;-1,00;;305
09/09/26;TELEFONICA;PUT;Sep-26;4,00;3.57;18,34;-1,00;;20
09/09/26;TELEFONICA;PUT;Sep-26;4,10;3.57;18,04;-1,00;;15
09/09/26;TELEFONICA;PUT;Sep-26;4,20;3.57;17,74;-1,00;;7
09/09/26;TELEFONICA;PUT;Sep-26;4,30;3.57;17,44;-1,00;;6
09/09/26;TELEFONICA;PUT;Oct-26;3,50;3.57;19,92;-0,35;25;78
09/09/26;TELEFONICA;PUT;Oct-26;3,60;3.57;19,27;-0,53;300;346
09/09/26;TELEFONICA;PUT;Oct-26;4,00;3.57;18,12;-1,00;;25
09/09/26;TELEFONICA;PUT;Nov-26;3,40;3.57;22,12;-0,28;;30
09/09/26;TELEFONICA;PUT;Nov-26;3,50;3.57;21,33;-0,38;;21
09/09/26;TELEFONICA;PUT;Nov-26;3,60;3.57;20,68;-0,50;;4
09/09/26;TELEFONICA;PUT;Dic-26;2,50;3.57;29,16;-0,01;;8
09/09/26;TELEFONICA;PUT;Dic-26;2,80;3.57;26,95;-0,03;;100
09/09/26;TELEFONICA;PUT;Dic-26;2,90;3.57;26,21;-0,05;;50
09/09/26;TELEFONICA;PUT;Dic-26;3,00;3.57;25,47;-0,08;;13
09/09/26;TELEFONICA;PUT;Dic-26;3,10;3.57;24,74;-0,11;;212
09/09/26;TELEFONICA;PUT;Dic-26;3,20;3.57;24,00;-0,16;;177
09/09/26;TELEFONICA;PUT;Dic-26;3,30;3.57;23,26;-0,22;;46
09/09/26;TELEFONICA;PUT;Dic-26;3,40;3.57;22,53;-0,30;;65.243
09/09/26;TELEFONICA;PUT;Dic-26;3,50;3.57;21,79;-0,39;;20.219
09/09/26;TELEFONICA;PUT;Dic-26;3,60;3.57;21,17;-0,49;;95.172
09/09/26;TELEFONICA;PUT;Dic-26;3,70;3.57;20,88;-0,59;;320
09/09/26;TELEFONICA;PUT;Dic-26;3,80;3.57;20,59;-0,69;;348
09/09/26;TELEFONICA;PUT;Dic-26;3,90;3.57;20,30;-0,78;;2.732
09/09/26;TELEFONICA;PUT;Dic-26;4,00;3.57;20,02;-0,86;;107.538
09/09/26;TELEFONICA;PUT;Dic-26;4,10;3.57;19,73;-0,93;;1
09/09/26;TELEFONICA;PUT;Dic-26;4,20;3.57;19,44;-0,98;;13
09/09/26;TELEFONICA;PUT;Dic-26;4,30;3.57;19,15;-1,00;;83
09/09/26;TELEFONICA;PUT;Dic-26;4,50;3.57;18,57;-1,00;;37.510
09/09/26;TELEFONICA;PUT;Dic-26;4,60;3.57;18,28;-1,00;;15.000
09/09/26;TELEFONICA;PUT;Mar-27;3,10;3.57;24,13;-0,17;;8
09/09/26;TELEFONICA;PUT;Mar-27;3,20;3.57;23,61;-0,21;;33
09/09/26;TELEFONICA;PUT;Mar-27;3,30;3.57;23,09;-0,27;;1
09/09/26;TELEFONICA;PUT;Mar-27;3,40;3.57;22,56;-0,33;;7
09/09/26;TELEFONICA;PUT;Mar-27;3,50;3.57;22,04;-0,39;;38
09/09/26;TELEFONICA;PUT;Mar-27;3,60;3.57;21,58;-0,47;;60
09/09/26;TELEFONICA;PUT;Mar-27;3,70;3.57;21,28;-0,54;;19
09/09/26;TELEFONICA;PUT;Mar-27;3,80;3.57;20,98;-0,62;;220
09/09/26;TELEFONICA;PUT;Mar-27;3,90;3.57;20,68;-0,69;;724
09/09/26;TELEFONICA;PUT;Mar-27;4,00;3.57;20,39;-0,76;;674
09/09/26;TELEFONICA;PUT;Mar-27;4,10;3.57;20,09;-0,83;;29
09/09/26;TELEFONICA;PUT;Mar-27;4,20;3.57;19,79;-0,89;;600
09/09/26;TELEFONICA;PUT;Mar-27;4,40;3.57;19,19;-0,99;;5.000
09/09/26;TELEFONICA;PUT;Mar-27;4,50;3.57;18,89;-1,00;;5
09/09/26;TELEFONICA;PUT;Mar-27;4,60;3.57;18,59;-1,00;;20.000
09/09/26;TELEFONICA;PUT;Jun-27;3,10;3.57;21,97;-0,24;;2
09/09/26;TELEFONICA;PUT;Jun-27;3,20;3.57;21,57;-0,29;;15
09/09/26;TELEFONICA;PUT;Jun-27;3,30;3.57;21,17;-0,34;;25
09/09/26;TELEFONICA;PUT;Jun-27;3,40;3.57;20,76;-0,40;;41
09/09/26;TELEFONICA;PUT;Jun-27;3,50;3.57;20,36;-0,46;;52
09/09/26;TELEFONICA;PUT;Jun-27;3,60;3.57;20,00;-0,53;;25.100
09/09/26;TELEFONICA;PUT;Jun-27;3,70;3.57;19,75;-0,59;;22
09/09/26;TELEFONICA;PUT;Jun-27;3,80;3.57;19,50;-0,65;;4.565
09/09/26;TELEFONICA;PUT;Jun-27;3,90;3.57;19,25;-0,71;;19
09/09/26;TELEFONICA;PUT;Jun-27;4,00;3.57;18,99;-0,76;;10
09/09/26;TELEFONICA;PUT;Jun-27;4,10;3.57;18,74;-0,81;;20
09/09/26;TELEFONICA;PUT;Jun-27;4,20;3.57;18,49;-0,85;;20
09/09/26;TELEFONICA;PUT;Jun-27;4,30;3.57;18,24;-0,89;;20
09/09/26;TELEFONICA;PUT;Jun-27;4,40;3.57;17,99;-0,91;;5
09/09/26;TELEFONICA;PUT;Jun-27;4,60;3.57;17,48;-0,96;;4
09/09/26;TELEFONICA;PUT;Jun-27;5,00;3.57;16,48;-0,99;;96
09/09/26;TELEFONICA;PUT;Jun-27;5,50;3.57;15,22;-1,00;;240
09/09/26;TELEFONICA;PUT;Sep-27;2,50;3.57;22,44;-0,05;;20
09/09/26;TELEFONICA;PUT;Sep-27;2,90;3.57;21,14;-0,16;;30
09/09/26;TELEFONICA;PUT;Sep-27;3,00;3.57;20,81;-0,20;;6
09/09/26;TELEFONICA;PUT;Sep-27;3,10;3.57;20,48;-0,24;;1
09/09/26;TELEFONICA;PUT;Sep-27;3,70;3.57;18,62;-0,58;;2
09/09/26;TELEFONICA;PUT;Sep-27;3,80;3.57;18,37;-0,64;;1
09/09/26;TELEFONICA;PUT;Sep-27;4,00;3.57;17,86;-0,75;;4
09/09/26;TELEFONICA;PUT;Sep-27;4,10;3.57;17,61;-0,79;;1
09/09/26;TELEFONICA;PUT;Sep-27;4,20;3.57;17,36;-0,84;;2
09/09/26;TELEFONICA;PUT;Sep-27;5,00;3.57;15,35;-0,99;;1
09/09/26;TELEFONICA;PUT;Sep-27;5,75;3.57;13,46;-1,00;;25
09/09/26;TELEFONICA;PUT;Dic-27;2,20;3.57;24,48;-0,03;;6.000
09/09/26;TELEFONICA;PUT;Dic-27;2,80;3.57;22,80;-0,15;;3
09/09/26;TELEFONICA;PUT;Dic-27;3,00;3.57;22,24;-0,22;;7.500
09/09/26;TELEFONICA;PUT;Dic-27;3,20;3.57;21,68;-0,30;;1
09/09/26;TELEFONICA;PUT;Dic-27;3,30;3.57;21,40;-0,35;;5
09/09/26;TELEFONICA;PUT;Dic-27;3,40;3.57;21,12;-0,40;;10
09/09/26;TELEFONICA;PUT;Dic-27;3,50;3.57;20,84;-0,45;;10
09/09/26;TELEFONICA;PUT;Dic-27;3,60;3.57;20,58;-0,50;;30.000
09/09/26;TELEFONICA;PUT;Dic-27;3,70;3.57;20,37;-0,55;;5
09/09/26;TELEFONICA;PUT;Dic-27;3,80;3.57;20,15;-0,60;;9.003
09/09/26;TELEFONICA;PUT;Dic-27;4,00;3.57;19,72;-0,69;;20.003
09/09/26;TELEFONICA;PUT;Dic-27;4,10;3.57;19,51;-0,74;;3
09/09/26;TELEFONICA;PUT;Dic-27;4,20;3.57;19,29;-0,78;;1
09/09/26;TELEFONICA;PUT;Dic-27;4,30;3.57;19,08;-0,82;;4
09/09/26;TELEFONICA;PUT;Dic-27;4,40;3.57;18,87;-0,85;;3
09/09/26;TELEFONICA;PUT;Dic-27;4,50;3.57;18,65;-0,88;;3
09/09/26;TELEFONICA;PUT;Dic-27;4,60;3.57;18,44;-0,90;;250
09/09/26;TELEFONICA;PUT;Dic-27;4,70;3.57;18,22;-0,92;;30.000
09/09/26;TELEFONICA;PUT;Dic-27;5,00;3.57;17,58;-0,97;;5
09/09/26;TELEFONICA;PUT;Dic-27;5,50;3.57;16,51;-1,00;;5
09/09/26;TELEFONICA;PUT;Mar-28;2,70;3.57;23,60;-0,14;;4
09/09/26;TELEFONICA;PUT;Mar-28;3,30;3.57;22,09;-0,35;;6
09/09/26;TELEFONICA;PUT;Mar-28;3,80;3.57;20,96;-0,58;;1
09/09/26;TELEFONICA;PUT;Mar-28;3,90;3.57;20,76;-0,62;;40
09/09/26;TELEFONICA;PUT;Mar-28;4,00;3.57;20,56;-0,66;;25
09/09/26;TELEFONICA;PUT;Mar-28;4,30;3.57;19,98;-0,78;;2
09/09/26;TELEFONICA;PUT;Mar-28;4,50;3.57;19,58;-0,85;;1
09/09/26;TELEFONICA;PUT;Mar-28;4,60;3.57;19,39;-0,87;;1
09/09/26;TELEFONICA;PUT;Mar-28;4,90;3.57;18,80;-0,93;;2
09/09/26;TELEFONICA;PUT;Mar-28;5,25;3.57;18,11;-0,98;;4
09/09/26;TELEFONICA;PUT;Mar-28;5,50;3.57;17,62;-0,99;;17
09/09/26;TELEFONICA;PUT;Jun-28;3,60;3.57;21,63;-0,50;;3
09/09/26;TELEFONICA;PUT;Jun-28;4,10;3.57;20,75;-0,69;;25
09/09/26;TELEFONICA;PUT;Sep-28;4,00;3.57;21,21;-0,63;;25
09/09/26;TELEFONICA;PUT;Sep-28;4,20;3.57;20,90;-0,70;;25
09/09/26;TELEFONICA;PUT;Dic-28;3,00;3.57;23,07;-0,28;;20.000
09/09/26;TELEFONICA;PUT;Dic-28;3,50;3.57;22,23;-0,45;;5
09/09/26;TELEFONICA;PUT;Dic-28;4,80;3.57;20,28;-0,83;;50
09/09/26;TELEFONICA;PUT;Dic-29;3,50;3.57;22,80;-0,44;;150
09/09/26;TELEFONICA;CALL;Sep-26;3,50;3.57;18,65;0,77;;1
09/09/26;TELEFONICA;CALL;Sep-26;3,60;3.57;17,97;0,41;;2
09/09/26;TELEFONICA;CALL;Sep-26;3,90;3.57;17,07;;;85
09/09/26;TELEFONICA;CALL;Sep-26;4,00;3.57;16,78;;;32
09/09/26;TELEFONICA;CALL;Dic-26;3,70;3.57;20,74;0,42;;4
09/09/26;TELEFONICA;CALL;Dic-26;4,30;3.57;19,01;0,04;;27
09/09/26;TELEFONICA;CALL;Dic-26;5,25;3.57;16,26;;;190
09/09/26;TELEFONICA;CALL;Mar-27;3,80;3.57;21,43;0,40;;40
09/09/26;TELEFONICA;CALL;Sep-27;3,70;3.57;23,31;0,45;;10
09/09/26;TELEFONICA;PUT;Sep-26;3,30;3.57;21,85;-0,01;;5
09/09/26;TELEFONICA;PUT;Sep-26;3,80;3.57;18,93;-0,98;;10
09/09/26;TELEFONICA;PUT;Sep-26;4,00;3.57;18,34;-1,00;;700
09/09/26;TELEFONICA;PUT;Sep-26;4,30;3.57;17,44;-1,00;;100
09/09/26;TELEFONICA;PUT;Sep-26;4,50;3.57;16,84;-1,00;;112
09/09/26;TELEFONICA;PUT;Sep-26;4,70;3.57;16,25;-1,00;5;
09/09/26;TELEFONICA;PUT;Dic-26;3,40;3.57;22,53;-0,29;;4
09/09/26;TELEFONICA;PUT;Dic-26;3,90;3.57;20,30;-0,75;;10
09/09/26;TELEFONICA;PUT;Dic-26;4,20;3.57;19,44;-0,92;;50
09/09/26;TELEFONICA;PUT;Dic-26;4,40;3.57;18,86;-0,97;;5
09/09/26;TELEFONICA;PUT;Dic-26;7,50;3.57;11,02;-0,99;;5
09/09/26;TELEFONICA;PUT;Dic-26;9,50;3.57;11,02;-0,99;;50
09/09/26;TELEFONICA;PUT;Dic-26;11,00;3.57;11,02;-0,99;;52
09/09/26;TELEFONICA;PUT;Dic-26;12,00;3.57;11,02;-0,99;;361
09/09/26;TELEFONICA;PUT;Dic-26;16,50;3.57;11,02;-0,99;;14
09/09/26;TELEFONICA;PUT;Mar-27;3,20;3.57;23,61;-0,21;;800
09/09/26;TELEFONICA;PUT;Mar-27;3,40;3.57;22,56;-0,32;;1.000
09/09/26;TELEFONICA;PUT;Mar-27;3,60;3.57;21,58;-0,45;;1.200
09/09/26;TELEFONICA;PUT;Mar-27;3,80;3.57;20,98;-0,59;;40
09/09/26;TELEFONICA;PUT;Mar-27;7,75;3.57;11,10;-0,99;;750
09/09/26;TELEFONICA;PUT;Jun-27;4,90;3.57;16,73;-0,97;;5
09/09/26;TELEFONICA;PUT;Jun-27;5,50;3.57;15,22;-0,98;;585
09/09/26;UNICAJA;CALL;Sep-26;2,80;3.57;27,32;1,00;;7
09/09/26;UNICAJA;CALL;Sep-26;3,50;3.57;26,99;0,69;;160
09/09/26;UNICAJA;CALL;Dic-26;3,40;3.57;27,89;0,63;;68
09/09/26;UNICAJA;CALL;Dic-26;3,50;3.57;27,84;0,54;;80
09/09/26;UNICAJA;CALL;Mar-27;3,30;3.57;28,73;0,67;;3
09/09/26;UNICAJA;PUT;Sep-26;2,70;3.57;21,19;;;200
09/09/26;UNICAJA;PUT;Sep-26;3,00;3.57;21,05;;;25
09/09/26;UNICAJA;PUT;Sep-26;3,20;3.57;20,95;;;25
09/09/26;UNICAJA;PUT;Sep-26;3,40;3.57;20,86;-0,06;;25
09/09/26;UNICAJA;PUT;Sep-26;3,50;3.57;20,81;-0,26;;25
09/09/26;UNICAJA;PUT;Dic-26;2,30;3.57;22,37;;;5
09/09/26;UNICAJA;PUT;Dic-26;2,50;3.57;22,28;;;4
09/09/26;UNICAJA;PUT;Dic-26;4,00;3.57;21,38;-0,90;;30
09/09/26;VIDRALA;CALL;Sep-26;80,00;88.1;16,44;1,00;;1
09/09/26;VIDRALA;CALL;Dic-26;80,00;88.1;19,98;0,85;;1
09/09/26;VIDRALA;CALL;Dic-26;88,00;88.1;18,50;0,55;;4
09/09/26;VIDRALA;CALL;Dic-26;90,00;88.1;18,36;0,46;;1
09/09/26;VIDRALA;CALL;Mar-27;84,00;88.1;18,92;0,70;;1
09/09/26;VIDRALA;CALL;Mar-27;90,00;88.1;18,35;0,49;;15
09/09/26;VIDRALA;PUT;Sep-26;66,67;88.1;19,51;;;2
09/09/26;VIDRALA;PUT;Sep-26;74,29;88.1;18,01;;;1
09/09/26;VIDRALA;PUT;Sep-26;81,90;88.1;16,51;;;11
09/09/26;VIDRALA;PUT;Dic-26;60,00;88.1;24,12;;;1
09/09/26;VIDRALA;PUT;Dic-26;72,00;88.1;21,89;-0,03;;1
09/09/26;VIDRALA;PUT;Dic-26;74,00;88.1;21,52;-0,05;;3
09/09/26;VIDRALA;PUT;Dic-26;80,00;88.1;20,41;-0,16;;2
09/09/26;VIDRALA;PUT;Mar-27;58,00;88.1;20,88;;;1
09/09/26;VIDRALA;PUT;Mar-27;72,00;88.1;19,24;-0,07;;3
09/09/26;VIDRALA;PUT;Mar-27;76,00;88.1;18,77;-0,13;;10
09/09/26;VISCOFAN;CALL;Sep-26;45,20;56.2;24,67;1,00;;1
09/09/26;VISCOFAN;CALL;Sep-26;49,13;56.2;22,06;1,00;;1
09/09/26;VISCOFAN;CALL;Sep-26;53,06;56.2;19,45;0,97;;2
09/09/26;VISCOFAN;CALL;Sep-26;55,02;56.2;18,14;0,78;;5
09/09/26;VISCOFAN;CALL;Sep-26;56,99;56.2;16,63;0,31;;5
09/09/26;VISCOFAN;CALL;Sep-26;58,95;56.2;14,83;0,02;;45
09/09/26;VISCOFAN;CALL;Sep-26;60,92;56.2;13,02;;;12
09/09/26;VISCOFAN;CALL;Sep-26;64,85;56.2;9,41;;;1
09/09/26;VISCOFAN;CALL;Oct-26;60,92;56.2;14,65;0,05;;5
09/09/26;VISCOFAN;CALL;Dic-26;62,89;56.2;15,21;0,10;;2
09/09/26;VISCOFAN;CALL;Dic-26;64,85;56.2;15,14;0,05;;1
09/09/26;VISCOFAN;CALL;Mar-27;55,02;56.2;18,34;0,61;;1
09/09/26;VISCOFAN;CALL;Mar-27;56,99;56.2;17,63;0,49;;1
09/09/26;VISCOFAN;CALL;Mar-27;58,95;56.2;17,50;0,37;;4
09/09/26;VISCOFAN;CALL;Mar-27;72,71;56.2;16,60;0,01;;1
09/09/26;VISCOFAN;CALL;Jun-27;60,92;56.2;17,76;0,31;;1
09/09/26;VISCOFAN;CALL;Jun-27;70,75;56.2;16,71;0,06;;5
09/09/26;VISCOFAN;PUT;Sep-26;40,29;56.2;29,35;;;1
09/09/26;VISCOFAN;PUT;Sep-26;42,25;56.2;28,05;;;3
09/09/26;VISCOFAN;PUT;Sep-26;43,23;56.2;27,40;;;3
09/09/26;VISCOFAN;PUT;Sep-26;44,22;56.2;26,74;;;4
09/09/26;VISCOFAN;PUT;Sep-26;45,20;56.2;26,09;;;2
09/09/26;VISCOFAN;PUT;Sep-26;46,18;56.2;25,44;;;4
09/09/26;VISCOFAN;PUT;Sep-26;47,16;56.2;24,79;;;4
09/09/26;VISCOFAN;PUT;Sep-26;49,13;56.2;23,48;;;12
09/09/26;VISCOFAN;PUT;Sep-26;51,09;56.2;22,17;;;6
09/09/26;VISCOFAN;PUT;Sep-26;53,06;56.2;20,87;-0,04;;37
09/09/26;VISCOFAN;PUT;Sep-26;55,02;56.2;19,56;-0,24;;15
09/09/26;VISCOFAN;PUT;Sep-26;56,99;56.2;18,05;-0,68;;10
09/09/26;VISCOFAN;PUT;Sep-26;58,95;56.2;16,25;-0,98;;3
09/09/26;VISCOFAN;PUT;Oct-26;45,20;56.2;23,48;;;2
09/09/26;VISCOFAN;PUT;Oct-26;51,09;56.2;19,77;-0,06;;1
09/09/26;VISCOFAN;PUT;Oct-26;53,06;56.2;18,53;-0,15;;5
09/09/26;VISCOFAN;PUT;Oct-26;55,02;56.2;17,30;-0,33;;2
09/09/26;VISCOFAN;PUT;Nov-26;51,09;56.2;20,53;-0,13;;1
09/09/26;VISCOFAN;PUT;Dic-26;40,29;56.2;28,66;-0,01;;2
09/09/26;VISCOFAN;PUT;Dic-26;42,25;56.2;27,38;-0,02;;1
09/09/26;VISCOFAN;PUT;Dic-26;43,23;56.2;26,74;-0,02;;1
09/09/26;VISCOFAN;PUT;Dic-26;44,22;56.2;26,10;-0,03;;12
09/09/26;VISCOFAN;PUT;Dic-26;45,20;56.2;25,46;-0,04;;1
09/09/26;VISCOFAN;PUT;Dic-26;47,16;56.2;24,18;-0,07;;2
09/09/26;VISCOFAN;PUT;Dic-26;48,15;56.2;23,53;-0,09;;1
09/09/26;VISCOFAN;PUT;Dic-26;49,13;56.2;22,89;-0,11;1;5
09/09/26;VISCOFAN;PUT;Dic-26;51,09;56.2;21,61;-0,17;;7
09/09/26;VISCOFAN;PUT;Dic-26;53,06;56.2;20,33;-0,26;;12
09/09/26;VISCOFAN;PUT;Dic-26;55,02;56.2;19,05;-0,38;;2
09/09/26;VISCOFAN;PUT;Mar-27;48,15;56.2;18,95;-0,14;;1
09/09/26;VISCOFAN;PUT;Mar-27;49,13;56.2;18,40;-0,16;;7
09/09/26;VISCOFAN;PUT;Mar-27;51,09;56.2;17,31;-0,24;;12
09/09/26;VISCOFAN;PUT;Mar-27;53,06;56.2;16,21;-0,34;;7
09/09/26;VISCOFAN;PUT;Mar-27;56,99;56.2;14,41;-0,60;;5
09/09/26;VISCOFAN;PUT;Jun-27;44,22;56.2;19,80;-0,09;;2
09/09/26;VISCOFAN;PUT;Jun-27;45,20;56.2;19,35;-0,11;;5
09/09/26;VISCOFAN;PUT;Jun-27;51,09;56.2;16,66;-0,28;;2
09/09/26;VISCOFAN;PUT;Jun-27;53,06;56.2;15,76;-0,36;;3
09/09/26;VISCOFAN;PUT;Dic-27;44,22;56.2;18,88;-0,12;;1
09/09/26;VISCOFAN;PUT;Dic-28;44,22;56.2;18,01;-0,17;;1
