fecha_boletin;accion;tipo;fecha_vencimiento;strike;spot;volatilidad_cierre;delta_cierre;volumen_contratos;posicion_abierta
24/08/26;MINI IBEX-35;CALL;Sep-26;7.500;20098.6;65,02;1,00;;3
24/08/26;MINI IBEX-35;CALL;Sep-26;12.200;20098.6;46,12;1,00;;32
24/08/26;MINI IBEX-35;CALL;Sep-26;14.000;20098.6;38,89;1,00;;5
24/08/26;MINI IBEX-35;CALL;Sep-26;15.000;20098.6;34,87;1,00;;2
24/08/26;MINI IBEX-35;CALL;Sep-26;15.500;20098.6;32,86;1,00;;1
24/08/26;MINI IBEX-35;CALL;Sep-26;16.000;20098.6;30,85;1,00;;5.500
24/08/26;MINI IBEX-35;CALL;Sep-26;16.400;20098.6;29,24;1,00;;3
24/08/26;MINI IBEX-35;CALL;Sep-26;16.500;20098.6;28,84;0,99;;1
24/08/26;MINI IBEX-35;CALL;Sep-26;17.000;20098.6;26,83;0,99;;3
24/08/26;MINI IBEX-35;CALL;Sep-26;17.200;20098.6;26,03;0,99;;1
24/08/26;MINI IBEX-35;CALL;Sep-26;17.300;20098.6;25,63;0,99;;5
24/08/26;MINI IBEX-35;CALL;Sep-26;17.400;20098.6;25,22;0,99;;3
24/08/26;MINI IBEX-35;CALL;Sep-26;17.500;20098.6;24,82;0,98;;7
24/08/26;MINI IBEX-35;CALL;Sep-26;17.600;20098.6;24,42;0,98;;2
24/08/26;MINI IBEX-35;CALL;Sep-26;18.000;20098.6;22,81;0,97;;103
24/08/26;MINI IBEX-35;CALL;Sep-26;18.100;20098.6;22,41;0,97;;1
24/08/26;MINI IBEX-35;CALL;Sep-26;18.200;20098.6;22,01;0,96;;6
24/08/26;MINI IBEX-35;CALL;Sep-26;18.300;20098.6;21,61;0,96;;3
24/08/26;MINI IBEX-35;CALL;Sep-26;18.400;20098.6;21,20;0,95;;2
24/08/26;MINI IBEX-35;CALL;Sep-26;18.500;20098.6;20,80;0,94;;25
24/08/26;MINI IBEX-35;CALL;Sep-26;18.600;20098.6;20,40;0,93;;1
24/08/26;MINI IBEX-35;CALL;Sep-26;18.700;20098.6;20,00;0,92;;1
24/08/26;MINI IBEX-35;CALL;Sep-26;18.900;20098.6;19,19;0,90;1;2
24/08/26;MINI IBEX-35;CALL;Sep-26;18.950;20098.6;18,99;0,89;1;3
24/08/26;MINI IBEX-35;CALL;Sep-26;19.000;20098.6;18,79;0,89;;9
24/08/26;MINI IBEX-35;CALL;Sep-26;19.100;20098.6;18,39;0,87;;18
24/08/26;MINI IBEX-35;CALL;Sep-26;19.200;20098.6;17,99;0,85;;4
24/08/26;MINI IBEX-35;CALL;Sep-26;19.250;20098.6;17,79;0,84;;1
24/08/26;MINI IBEX-35;CALL;Sep-26;19.300;20098.6;17,59;0,83;;5
24/08/26;MINI IBEX-35;CALL;Sep-26;19.350;20098.6;17,39;0,82;;5
24/08/26;MINI IBEX-35;CALL;Sep-26;19.400;20098.6;17,18;0,80;;9
24/08/26;MINI IBEX-35;CALL;Sep-26;19.450;20098.6;16,98;0,79;;3
24/08/26;MINI IBEX-35;CALL;Sep-26;19.500;20098.6;16,78;0,78;;37
24/08/26;MINI IBEX-35;CALL;Sep-26;19.550;20098.6;16,58;0,76;;1
24/08/26;MINI IBEX-35;CALL;Sep-26;19.600;20098.6;16,38;0,75;;1
24/08/26;MINI IBEX-35;CALL;Sep-26;19.650;20098.6;16,18;0,73;;11
24/08/26;MINI IBEX-35;CALL;Sep-26;19.700;20098.6;15,98;0,71;;4
24/08/26;MINI IBEX-35;CALL;Sep-26;19.750;20098.6;15,78;0,69;;3
24/08/26;MINI IBEX-35;CALL;Sep-26;19.800;20098.6;15,58;0,67;1;9
24/08/26;MINI IBEX-35;CALL;Sep-26;19.850;20098.6;15,38;0,65;;1
24/08/26;MINI IBEX-35;CALL;Sep-26;19.900;20098.6;15,18;0,63;;120
24/08/26;MINI IBEX-35;CALL;Sep-26;19.950;20098.6;14,97;0,61;;23
24/08/26;MINI IBEX-35;CALL;Sep-26;20.000;20098.6;14,77;0,58;2;86
24/08/26;MINI IBEX-35;CALL;Sep-26;20.050;20098.6;14,57;0,56;5;10
24/08/26;MINI IBEX-35;CALL;Sep-26;20.100;20098.6;14,37;0,53;3;6
24/08/26;MINI IBEX-35;CALL;Sep-26;20.150;20098.6;14,17;0,51;;1
24/08/26;MINI IBEX-35;CALL;Sep-26;20.200;20098.6;14,08;0,48;1;6
24/08/26;MINI IBEX-35;CALL;Sep-26;20.250;20098.6;14,00;0,45;5;13
24/08/26;MINI IBEX-35;CALL;Sep-26;20.300;20098.6;13,91;0,43;3;47
24/08/26;MINI IBEX-35;CALL;Sep-26;20.350;20098.6;13,83;0,40;10;10
24/08/26;MINI IBEX-35;CALL;Sep-26;20.400;20098.6;13,74;0,37;2;6
24/08/26;MINI IBEX-35;CALL;Sep-26;20.450;20098.6;13,66;0,35;;8
24/08/26;MINI IBEX-35;CALL;Sep-26;20.500;20098.6;13,57;0,32;12;18
24/08/26;MINI IBEX-35;CALL;Sep-26;20.550;20098.6;13,49;0,30;;1
24/08/26;MINI IBEX-35;CALL;Sep-26;20.600;20098.6;13,41;0,27;;8
24/08/26;MINI IBEX-35;CALL;Sep-26;20.650;20098.6;13,32;0,25;;100
24/08/26;MINI IBEX-35;CALL;Sep-26;20.700;20098.6;13,24;0,23;1;104
24/08/26;MINI IBEX-35;CALL;Sep-26;20.750;20098.6;13,15;0,20;;100
24/08/26;MINI IBEX-35;CALL;Sep-26;20.800;20098.6;13,07;0,18;2;6
24/08/26;MINI IBEX-35;CALL;Sep-26;20.900;20098.6;12,90;0,15;;6
24/08/26;MINI IBEX-35;CALL;Sep-26;21.000;20098.6;12,73;0,11;1;13
24/08/26;MINI IBEX-35;CALL;Sep-26;21.050;20098.6;12,65;0,10;1;1
24/08/26;MINI IBEX-35;CALL;Sep-26;21.100;20098.6;12,56;0,08;;1
24/08/26;MINI IBEX-35;CALL;Sep-26;21.200;20098.6;12,39;0,06;;21
24/08/26;MINI IBEX-35;CALL;Sep-26;21.300;20098.6;12,22;0,04;;5
24/08/26;MINI IBEX-35;CALL;Sep-26;24.000;20098.6;7,67;;;5.500
24/08/26;MINI IBEX-35;CALL;Oct-26;19.450;20098.6;17,28;0,71;;1
24/08/26;MINI IBEX-35;CALL;Oct-26;19.550;20098.6;16,94;0,69;;1
24/08/26;MINI IBEX-35;CALL;Oct-26;20.000;20098.6;15,42;0,56;1;1
24/08/26;MINI IBEX-35;CALL;Oct-26;20.250;20098.6;14,76;0,47;;4
24/08/26;MINI IBEX-35;CALL;Oct-26;20.300;20098.6;14,68;0,46;1;1
24/08/26;MINI IBEX-35;CALL;Oct-26;20.500;20098.6;14,37;0,39;1;1
24/08/26;MINI IBEX-35;CALL;Oct-26;20.650;20098.6;14,14;0,33;;100
24/08/26;MINI IBEX-35;CALL;Oct-26;20.700;20098.6;14,06;0,32;;100
24/08/26;MINI IBEX-35;CALL;Oct-26;20.750;20098.6;13,98;0,30;;100
24/08/26;MINI IBEX-35;CALL;Oct-26;20.900;20098.6;13,75;0,25;;1
24/08/26;MINI IBEX-35;CALL;Dic-26;8.300;20098.6;49,86;0,99;;655
24/08/26;MINI IBEX-35;CALL;Dic-26;8.600;20098.6;49,00;0,99;;1.250
24/08/26;MINI IBEX-35;CALL;Dic-26;10.500;20098.6;43,52;0,99;;30
24/08/26;MINI IBEX-35;CALL;Dic-26;12.000;20098.6;39,20;0,98;;12
24/08/26;MINI IBEX-35;CALL;Dic-26;12.200;20098.6;38,62;0,98;;32
24/08/26;MINI IBEX-35;CALL;Dic-26;13.000;20098.6;36,32;0,98;;1
24/08/26;MINI IBEX-35;CALL;Dic-26;14.800;20098.6;31,13;0,96;;32
24/08/26;MINI IBEX-35;CALL;Dic-26;15.300;20098.6;29,69;0,95;;1
24/08/26;MINI IBEX-35;CALL;Dic-26;16.000;20098.6;27,67;0,93;;10
24/08/26;MINI IBEX-35;CALL;Dic-26;16.400;20098.6;26,52;0,92;;6.000
24/08/26;MINI IBEX-35;CALL;Dic-26;16.700;20098.6;25,66;0,91;;1.500
24/08/26;MINI IBEX-35;CALL;Dic-26;16.900;20098.6;25,08;0,90;;5
24/08/26;MINI IBEX-35;CALL;Dic-26;17.000;20098.6;24,79;0,89;;19
24/08/26;MINI IBEX-35;CALL;Dic-26;17.100;20098.6;24,50;0,89;;5
24/08/26;MINI IBEX-35;CALL;Dic-26;17.200;20098.6;24,21;0,88;;1
24/08/26;MINI IBEX-35;CALL;Dic-26;17.300;20098.6;23,93;0,87;;1
24/08/26;MINI IBEX-35;CALL;Dic-26;17.400;20098.6;23,64;0,87;;8
24/08/26;MINI IBEX-35;CALL;Dic-26;17.500;20098.6;23,35;0,86;;1.006
24/08/26;MINI IBEX-35;CALL;Dic-26;17.600;20098.6;23,06;0,86;;11
24/08/26;MINI IBEX-35;CALL;Dic-26;17.700;20098.6;22,77;0,85;;5.007
24/08/26;MINI IBEX-35;CALL;Dic-26;17.800;20098.6;22,49;0,84;;92
24/08/26;MINI IBEX-35;CALL;Dic-26;17.900;20098.6;22,20;0,83;;5.004
24/08/26;MINI IBEX-35;CALL;Dic-26;18.000;20098.6;21,91;0,83;;6
24/08/26;MINI IBEX-35;CALL;Dic-26;18.100;20098.6;21,62;0,82;;1
24/08/26;MINI IBEX-35;CALL;Dic-26;18.300;20098.6;21,04;0,80;;5
24/08/26;MINI IBEX-35;CALL;Dic-26;18.400;20098.6;20,76;0,79;;1
24/08/26;MINI IBEX-35;CALL;Dic-26;18.500;20098.6;20,47;0,78;;6.004
24/08/26;MINI IBEX-35;CALL;Dic-26;18.600;20098.6;20,18;0,77;;1
24/08/26;MINI IBEX-35;CALL;Dic-26;18.900;20098.6;19,32;0,73;;1
24/08/26;MINI IBEX-35;CALL;Dic-26;19.000;20098.6;19,03;0,72;;4
24/08/26;MINI IBEX-35;CALL;Dic-26;19.100;20098.6;18,74;0,70;;1
24/08/26;MINI IBEX-35;CALL;Dic-26;19.200;20098.6;18,45;0,69;;4
24/08/26;MINI IBEX-35;CALL;Dic-26;19.300;20098.6;18,16;0,67;;2
24/08/26;MINI IBEX-35;CALL;Dic-26;19.500;20098.6;17,59;0,64;;4
24/08/26;MINI IBEX-35;CALL;Dic-26;19.600;20098.6;17,30;0,62;;1
24/08/26;MINI IBEX-35;CALL;Dic-26;19.700;20098.6;17,01;0,60;;1
24/08/26;MINI IBEX-35;CALL;Dic-26;19.800;20098.6;16,72;0,58;;3
24/08/26;MINI IBEX-35;CALL;Dic-26;19.900;20098.6;16,43;0,56;;6
24/08/26;MINI IBEX-35;CALL;Dic-26;20.000;20098.6;16,15;0,54;;8
24/08/26;MINI IBEX-35;CALL;Dic-26;20.100;20098.6;15,86;0,52;;2
24/08/26;MINI IBEX-35;CALL;Dic-26;20.200;20098.6;15,68;0,50;;11
24/08/26;MINI IBEX-35;CALL;Dic-26;20.300;20098.6;15,55;0,48;;1
24/08/26;MINI IBEX-35;CALL;Dic-26;20.400;20098.6;15,41;0,45;;5
24/08/26;MINI IBEX-35;CALL;Dic-26;20.500;20098.6;15,27;0,43;;6.004
24/08/26;MINI IBEX-35;CALL;Dic-26;20.600;20098.6;15,14;0,41;;7
24/08/26;MINI IBEX-35;CALL;Dic-26;20.700;20098.6;15,00;0,38;;2
24/08/26;MINI IBEX-35;CALL;Dic-26;20.900;20098.6;14,73;0,34;;2
24/08/26;MINI IBEX-35;CALL;Dic-26;21.000;20098.6;14,59;0,32;3;5.200
24/08/26;MINI IBEX-35;CALL;Dic-26;21.100;20098.6;14,46;0,29;;1
24/08/26;MINI IBEX-35;CALL;Dic-26;21.200;20098.6;14,32;0,27;;6
24/08/26;MINI IBEX-35;CALL;Dic-26;21.300;20098.6;14,19;0,25;;13
24/08/26;MINI IBEX-35;CALL;Dic-26;21.700;20098.6;13,64;0,17;;4
24/08/26;MINI IBEX-35;CALL;Dic-26;21.900;20098.6;13,37;0,14;;1
24/08/26;MINI IBEX-35;CALL;Dic-26;22.000;20098.6;13,24;0,12;;3
24/08/26;MINI IBEX-35;CALL;Dic-26;22.200;20098.6;12,96;0,10;;3
24/08/26;MINI IBEX-35;CALL;Dic-26;22.300;20098.6;12,83;0,08;;1
24/08/26;MINI IBEX-35;CALL;Mar-27;12.600;20098.6;34,71;0,96;;1
24/08/26;MINI IBEX-35;CALL;Mar-27;13.000;20098.6;33,76;0,95;;2
24/08/26;MINI IBEX-35;CALL;Mar-27;13.500;20098.6;32,57;0,95;;3
24/08/26;MINI IBEX-35;CALL;Mar-27;13.900;20098.6;31,62;0,94;;3
24/08/26;MINI IBEX-35;CALL;Mar-27;14.000;20098.6;31,38;0,94;;1
24/08/26;MINI IBEX-35;CALL;Mar-27;14.100;20098.6;31,14;0,94;;1
24/08/26;MINI IBEX-35;CALL;Mar-27;15.300;20098.6;28,29;0,91;;3
24/08/26;MINI IBEX-35;CALL;Mar-27;17.000;20098.6;24,24;0,84;;2
24/08/26;MINI IBEX-35;CALL;Mar-27;17.900;20098.6;22,10;0,78;;1
24/08/26;MINI IBEX-35;CALL;Mar-27;18.000;20098.6;21,86;0,77;;750
24/08/26;MINI IBEX-35;CALL;Mar-27;18.500;20098.6;20,67;0,73;;2
24/08/26;MINI IBEX-35;CALL;Mar-27;18.900;20098.6;19,72;0,69;;2
24/08/26;MINI IBEX-35;CALL;Mar-27;19.000;20098.6;19,48;0,68;;1
24/08/26;MINI IBEX-35;CALL;Mar-27;19.100;20098.6;19,25;0,66;;1
24/08/26;MINI IBEX-35;CALL;Mar-27;20.100;20098.6;16,87;0,53;;1
24/08/26;MINI IBEX-35;CALL;Mar-27;20.500;20098.6;16,29;0,47;;1
24/08/26;MINI IBEX-35;CALL;Mar-27;20.600;20098.6;16,17;0,45;;1
24/08/26;MINI IBEX-35;CALL;Mar-27;20.700;20098.6;16,05;0,43;;2
24/08/26;MINI IBEX-35;CALL;Mar-27;20.800;20098.6;15,93;0,42;;1
24/08/26;MINI IBEX-35;CALL;Mar-27;22.000;20098.6;14,48;0,23;;1
24/08/26;MINI IBEX-35;CALL;Jun-27;18.500;20098.6;20,91;0,68;;2
24/08/26;MINI IBEX-35;CALL;Jun-27;19.000;20098.6;19,84;0,64;;2
24/08/26;MINI IBEX-35;CALL;Jun-27;19.200;20098.6;19,42;0,62;;6
24/08/26;MINI IBEX-35;CALL;Jun-27;22.000;20098.6;15,30;0,27;;1
24/08/26;MINI IBEX-35;CALL;Jun-27;24.000;20098.6;12,94;0,07;;3
24/08/26;MINI IBEX-35;CALL;Sep-27;19.800;20098.6;18,72;0,55;;1
24/08/26;MINI IBEX-35;CALL;Dic-27;14.000;20098.6;29,35;0,86;;2
24/08/26;MINI IBEX-35;CALL;Dic-27;16.200;20098.6;25,46;0,78;;32
24/08/26;MINI IBEX-35;CALL;Dic-27;16.300;20098.6;25,29;0,77;;96
24/08/26;MINI IBEX-35;CALL;Dic-27;16.400;20098.6;25,11;0,77;;32
24/08/26;MINI IBEX-35;CALL;Dic-27;16.500;20098.6;24,93;0,76;;32
24/08/26;MINI IBEX-35;CALL;Dic-27;16.700;20098.6;24,58;0,75;;32
24/08/26;MINI IBEX-35;CALL;Dic-27;17.600;20098.6;22,99;0,71;;32
24/08/26;MINI IBEX-35;CALL;Dic-27;19.400;20098.6;19,81;0,58;;6.750
24/08/26;MINI IBEX-35;CALL;Dic-27;19.500;20098.6;19,63;0,57;;4
24/08/26;MINI IBEX-35;CALL;Dic-27;20.500;20098.6;18,20;0,48;;1
24/08/26;MINI IBEX-35;CALL;Mar-28;18.400;20098.6;21,69;0,65;;32
24/08/26;MINI IBEX-35;CALL;Mar-28;18.500;20098.6;21,52;0,64;;32
24/08/26;MINI IBEX-35;CALL;Mar-28;18.600;20098.6;21,36;0,63;;32
24/08/26;MINI IBEX-35;CALL;Dic-28;16.800;20098.6;23,28;0,69;;1.800
24/08/26;MINI IBEX-35;PUT;Sep-26;13.000;20098.6;42,91;;;2
24/08/26;MINI IBEX-35;PUT;Sep-26;13.100;20098.6;42,51;;;2
24/08/26;MINI IBEX-35;PUT;Sep-26;13.500;20098.6;40,90;;;2
24/08/26;MINI IBEX-35;PUT;Sep-26;13.600;20098.6;40,50;;;1
24/08/26;MINI IBEX-35;PUT;Sep-26;13.700;20098.6;40,10;;;2
24/08/26;MINI IBEX-35;PUT;Sep-26;13.900;20098.6;39,29;;;1
24/08/26;MINI IBEX-35;PUT;Sep-26;14.000;20098.6;38,89;;;4
24/08/26;MINI IBEX-35;PUT;Sep-26;14.100;20098.6;38,49;;;2
24/08/26;MINI IBEX-35;PUT;Sep-26;14.200;20098.6;38,09;;;1
24/08/26;MINI IBEX-35;PUT;Sep-26;14.300;20098.6;37,68;;;1
24/08/26;MINI IBEX-35;PUT;Sep-26;14.400;20098.6;37,28;;;4
24/08/26;MINI IBEX-35;PUT;Sep-26;14.500;20098.6;36,88;;;5
24/08/26;MINI IBEX-35;PUT;Sep-26;14.600;20098.6;36,48;;;5
24/08/26;MINI IBEX-35;PUT;Sep-26;14.700;20098.6;36,08;;;3
24/08/26;MINI IBEX-35;PUT;Sep-26;15.000;20098.6;34,87;;;41
24/08/26;MINI IBEX-35;PUT;Sep-26;15.100;20098.6;34,47;;;1
24/08/26;MINI IBEX-35;PUT;Sep-26;15.200;20098.6;34,07;;;2
24/08/26;MINI IBEX-35;PUT;Sep-26;15.300;20098.6;33,66;;;7
24/08/26;MINI IBEX-35;PUT;Sep-26;15.400;20098.6;33,26;;;5
24/08/26;MINI IBEX-35;PUT;Sep-26;15.500;20098.6;32,86;;;44
24/08/26;MINI IBEX-35;PUT;Sep-26;15.600;20098.6;32,46;;;1
24/08/26;MINI IBEX-35;PUT;Sep-26;15.700;20098.6;32,06;;;1
24/08/26;MINI IBEX-35;PUT;Sep-26;15.800;20098.6;31,65;;;3
24/08/26;MINI IBEX-35;PUT;Sep-26;15.900;20098.6;31,25;;;17
24/08/26;MINI IBEX-35;PUT;Sep-26;16.000;20098.6;30,85;;;5.506
24/08/26;MINI IBEX-35;PUT;Sep-26;16.100;20098.6;30,45;;;2
24/08/26;MINI IBEX-35;PUT;Sep-26;16.300;20098.6;29,64;;;1
24/08/26;MINI IBEX-35;PUT;Sep-26;16.400;20098.6;29,24;;;3
24/08/26;MINI IBEX-35;PUT;Sep-26;16.500;20098.6;28,84;;;40
24/08/26;MINI IBEX-35;PUT;Sep-26;16.600;20098.6;28,44;;;1
24/08/26;MINI IBEX-35;PUT;Sep-26;16.700;20098.6;28,04;;;1
24/08/26;MINI IBEX-35;PUT;Sep-26;16.800;20098.6;27,64;-0,01;;4
24/08/26;MINI IBEX-35;PUT;Sep-26;17.000;20098.6;26,83;-0,01;;145
24/08/26;MINI IBEX-35;PUT;Sep-26;17.200;20098.6;26,03;-0,01;;2
24/08/26;MINI IBEX-35;PUT;Sep-26;17.300;20098.6;25,63;-0,01;;2
24/08/26;MINI IBEX-35;PUT;Sep-26;17.400;20098.6;25,22;-0,01;;8
24/08/26;MINI IBEX-35;PUT;Sep-26;17.500;20098.6;24,82;-0,01;;114
24/08/26;MINI IBEX-35;PUT;Sep-26;17.600;20098.6;24,42;-0,02;;10
24/08/26;MINI IBEX-35;PUT;Sep-26;17.700;20098.6;24,02;-0,02;;3
24/08/26;MINI IBEX-35;PUT;Sep-26;17.800;20098.6;23,62;-0,02;;8
24/08/26;MINI IBEX-35;PUT;Sep-26;17.850;20098.6;23,41;-0,02;;3
24/08/26;MINI IBEX-35;PUT;Sep-26;17.900;20098.6;23,21;-0,02;;3
24/08/26;MINI IBEX-35;PUT;Sep-26;17.950;20098.6;23,01;-0,03;;2
24/08/26;MINI IBEX-35;PUT;Sep-26;18.000;20098.6;22,81;-0,03;;23
24/08/26;MINI IBEX-35;PUT;Sep-26;18.100;20098.6;22,41;-0,03;;5
24/08/26;MINI IBEX-35;PUT;Sep-26;18.150;20098.6;22,21;-0,03;;110
24/08/26;MINI IBEX-35;PUT;Sep-26;18.200;20098.6;22,01;-0,04;;8
24/08/26;MINI IBEX-35;PUT;Sep-26;18.300;20098.6;21,61;-0,04;;3
24/08/26;MINI IBEX-35;PUT;Sep-26;18.400;20098.6;21,20;-0,05;;20
24/08/26;MINI IBEX-35;PUT;Sep-26;18.500;20098.6;20,80;-0,06;2;28
24/08/26;MINI IBEX-35;PUT;Sep-26;18.550;20098.6;20,60;-0,06;;2
24/08/26;MINI IBEX-35;PUT;Sep-26;18.600;20098.6;20,40;-0,06;;11
24/08/26;MINI IBEX-35;PUT;Sep-26;18.700;20098.6;20,00;-0,07;;5
24/08/26;MINI IBEX-35;PUT;Sep-26;18.750;20098.6;19,80;-0,08;;3
24/08/26;MINI IBEX-35;PUT;Sep-26;18.800;20098.6;19,60;-0,09;1;6
24/08/26;MINI IBEX-35;PUT;Sep-26;18.850;20098.6;19,40;-0,09;;2
24/08/26;MINI IBEX-35;PUT;Sep-26;18.900;20098.6;19,19;-0,10;;2
24/08/26;MINI IBEX-35;PUT;Sep-26;18.950;20098.6;18,99;-0,10;;1
24/08/26;MINI IBEX-35;PUT;Sep-26;19.000;20098.6;18,79;-0,11;;10.906
24/08/26;MINI IBEX-35;PUT;Sep-26;19.050;20098.6;18,59;-0,12;1;3
24/08/26;MINI IBEX-35;PUT;Sep-26;19.100;20098.6;18,39;-0,13;2;24
24/08/26;MINI IBEX-35;PUT;Sep-26;19.150;20098.6;18,19;-0,14;;2
24/08/26;MINI IBEX-35;PUT;Sep-26;19.200;20098.6;17,99;-0,15;1;10
24/08/26;MINI IBEX-35;PUT;Sep-26;19.250;20098.6;17,79;-0,16;;1
24/08/26;MINI IBEX-35;PUT;Sep-26;19.300;20098.6;17,59;-0,17;1;9
24/08/26;MINI IBEX-35;PUT;Sep-26;19.350;20098.6;17,39;-0,18;;12
24/08/26;MINI IBEX-35;PUT;Sep-26;19.400;20098.6;17,18;-0,19;;8
24/08/26;MINI IBEX-35;PUT;Sep-26;19.500;20098.6;16,78;-0,22;2;22
24/08/26;MINI IBEX-35;PUT;Sep-26;19.550;20098.6;16,58;-0,24;2;3
24/08/26;MINI IBEX-35;PUT;Sep-26;19.600;20098.6;16,38;-0,25;;4
24/08/26;MINI IBEX-35;PUT;Sep-26;19.650;20098.6;16,18;-0,27;;76
24/08/26;MINI IBEX-35;PUT;Sep-26;19.700;20098.6;15,98;-0,29;;6
24/08/26;MINI IBEX-35;PUT;Sep-26;19.800;20098.6;15,58;-0,33;;110
24/08/26;MINI IBEX-35;PUT;Sep-26;19.850;20098.6;15,38;-0,35;1;105
24/08/26;MINI IBEX-35;PUT;Sep-26;19.900;20098.6;15,18;-0,37;2;7
24/08/26;MINI IBEX-35;PUT;Sep-26;19.950;20098.6;14,97;-0,39;1;1
24/08/26;MINI IBEX-35;PUT;Sep-26;20.000;20098.6;14,77;-0,41;15;41
24/08/26;MINI IBEX-35;PUT;Sep-26;20.050;20098.6;14,57;-0,44;2;2
24/08/26;MINI IBEX-35;PUT;Sep-26;20.100;20098.6;14,37;-0,46;;29
24/08/26;MINI IBEX-35;PUT;Sep-26;20.150;20098.6;14,17;-0,49;;1
24/08/26;MINI IBEX-35;PUT;Sep-26;20.200;20098.6;14,08;-0,52;;5
24/08/26;MINI IBEX-35;PUT;Sep-26;20.250;20098.6;14,00;-0,54;;2
24/08/26;MINI IBEX-35;PUT;Sep-26;20.300;20098.6;13,91;-0,57;10;126
24/08/26;MINI IBEX-35;PUT;Sep-26;20.350;20098.6;13,83;-0,60;2;11
24/08/26;MINI IBEX-35;PUT;Sep-26;20.400;20098.6;13,74;-0,62;;1
24/08/26;MINI IBEX-35;PUT;Sep-26;20.500;20098.6;13,57;-0,68;;3
24/08/26;MINI IBEX-35;PUT;Sep-26;24.000;20098.6;7,67;-1,00;;5.500
24/08/26;MINI IBEX-35;PUT;Oct-26;16.400;20098.6;27,10;-0,02;;10
24/08/26;MINI IBEX-35;PUT;Oct-26;17.500;20098.6;23,39;-0,05;;1
24/08/26;MINI IBEX-35;PUT;Oct-26;18.000;20098.6;21,70;-0,08;;13
24/08/26;MINI IBEX-35;PUT;Oct-26;18.300;20098.6;20,69;-0,11;;1
24/08/26;MINI IBEX-35;PUT;Oct-26;18.400;20098.6;20,35;-0,11;;15
24/08/26;MINI IBEX-35;PUT;Oct-26;18.500;20098.6;20,01;-0,12;;1
24/08/26;MINI IBEX-35;PUT;Oct-26;18.600;20098.6;19,67;-0,14;;1
24/08/26;MINI IBEX-35;PUT;Oct-26;18.900;20098.6;18,66;-0,18;;3
24/08/26;MINI IBEX-35;PUT;Oct-26;18.950;20098.6;18,49;-0,18;1;5
24/08/26;MINI IBEX-35;PUT;Oct-26;19.000;20098.6;18,32;-0,19;;3
24/08/26;MINI IBEX-35;PUT;Oct-26;19.150;20098.6;17,82;-0,22;;3
24/08/26;MINI IBEX-35;PUT;Oct-26;19.250;20098.6;17,48;-0,24;;1
24/08/26;MINI IBEX-35;PUT;Oct-26;19.300;20098.6;17,31;-0,25;1;1
24/08/26;MINI IBEX-35;PUT;Oct-26;19.450;20098.6;16,81;-0,28;;1
24/08/26;MINI IBEX-35;PUT;Oct-26;19.600;20098.6;16,30;-0,32;;1
24/08/26;MINI IBEX-35;PUT;Oct-26;19.700;20098.6;15,96;-0,34;;1
24/08/26;MINI IBEX-35;PUT;Oct-26;19.900;20098.6;15,29;-0,40;6;6
24/08/26;MINI IBEX-35;PUT;Oct-26;20.000;20098.6;14,95;-0,44;3;5
24/08/26;MINI IBEX-35;PUT;Oct-26;20.300;20098.6;14,21;-0,54;;1
24/08/26;MINI IBEX-35;PUT;Oct-26;20.500;20098.6;13,90;-0,62;1;1
24/08/26;MINI IBEX-35;PUT;Dic-26;8.600;20098.6;47,81;;;1.250
24/08/26;MINI IBEX-35;PUT;Dic-26;10.900;20098.6;41,18;;;1
24/08/26;MINI IBEX-35;PUT;Dic-26;11.300;20098.6;40,03;;;1
24/08/26;MINI IBEX-35;PUT;Dic-26;11.500;20098.6;39,45;;;2
24/08/26;MINI IBEX-35;PUT;Dic-26;12.200;20098.6;37,43;-0,01;;2
24/08/26;MINI IBEX-35;PUT;Dic-26;12.300;20098.6;37,15;-0,01;;5
24/08/26;MINI IBEX-35;PUT;Dic-26;12.400;20098.6;36,86;-0,01;;1
24/08/26;MINI IBEX-35;PUT;Dic-26;12.500;20098.6;36,57;-0,01;;7
24/08/26;MINI IBEX-35;PUT;Dic-26;12.600;20098.6;36,28;-0,01;;6
24/08/26;MINI IBEX-35;PUT;Dic-26;12.900;20098.6;35,42;-0,01;;7
24/08/26;MINI IBEX-35;PUT;Dic-26;13.000;20098.6;35,13;-0,01;;7
24/08/26;MINI IBEX-35;PUT;Dic-26;13.100;20098.6;34,84;-0,01;;1
24/08/26;MINI IBEX-35;PUT;Dic-26;13.200;20098.6;34,55;-0,01;;1
24/08/26;MINI IBEX-35;PUT;Dic-26;13.500;20098.6;33,69;-0,01;;504
24/08/26;MINI IBEX-35;PUT;Dic-26;13.600;20098.6;33,40;-0,02;;5
24/08/26;MINI IBEX-35;PUT;Dic-26;13.700;20098.6;33,11;-0,02;;2
24/08/26;MINI IBEX-35;PUT;Dic-26;14.000;20098.6;32,25;-0,02;;1.034
24/08/26;MINI IBEX-35;PUT;Dic-26;14.200;20098.6;31,67;-0,02;;3
24/08/26;MINI IBEX-35;PUT;Dic-26;14.300;20098.6;31,38;-0,02;;1
24/08/26;MINI IBEX-35;PUT;Dic-26;14.400;20098.6;31,09;-0,02;;1
24/08/26;MINI IBEX-35;PUT;Dic-26;14.500;20098.6;30,81;-0,02;;1
24/08/26;MINI IBEX-35;PUT;Dic-26;14.600;20098.6;30,52;-0,03;;1
24/08/26;MINI IBEX-35;PUT;Dic-26;14.800;20098.6;29,94;-0,03;;1
24/08/26;MINI IBEX-35;PUT;Dic-26;14.900;20098.6;29,65;-0,03;;3
24/08/26;MINI IBEX-35;PUT;Dic-26;15.000;20098.6;29,36;-0,03;;18
24/08/26;MINI IBEX-35;PUT;Dic-26;15.200;20098.6;28,79;-0,04;;1
24/08/26;MINI IBEX-35;PUT;Dic-26;15.500;20098.6;27,92;-0,04;;27
24/08/26;MINI IBEX-35;PUT;Dic-26;15.600;20098.6;27,64;-0,04;;32
24/08/26;MINI IBEX-35;PUT;Dic-26;15.700;20098.6;27,35;-0,05;;4
24/08/26;MINI IBEX-35;PUT;Dic-26;15.800;20098.6;27,06;-0,05;;4
24/08/26;MINI IBEX-35;PUT;Dic-26;15.900;20098.6;26,77;-0,05;;1
24/08/26;MINI IBEX-35;PUT;Dic-26;16.000;20098.6;26,48;-0,05;;27
24/08/26;MINI IBEX-35;PUT;Dic-26;16.300;20098.6;25,62;-0,06;;10
24/08/26;MINI IBEX-35;PUT;Dic-26;16.400;20098.6;25,33;-0,07;;6.000
24/08/26;MINI IBEX-35;PUT;Dic-26;16.500;20098.6;25,04;-0,07;;3
24/08/26;MINI IBEX-35;PUT;Dic-26;16.600;20098.6;24,75;-0,07;;2
24/08/26;MINI IBEX-35;PUT;Dic-26;16.700;20098.6;24,47;-0,08;;1.512
24/08/26;MINI IBEX-35;PUT;Dic-26;16.800;20098.6;24,18;-0,08;;11
24/08/26;MINI IBEX-35;PUT;Dic-26;16.900;20098.6;23,89;-0,09;;4
24/08/26;MINI IBEX-35;PUT;Dic-26;17.000;20098.6;23,60;-0,09;;24
24/08/26;MINI IBEX-35;PUT;Dic-26;17.100;20098.6;23,31;-0,10;;7
24/08/26;MINI IBEX-35;PUT;Dic-26;17.200;20098.6;23,02;-0,10;;105
24/08/26;MINI IBEX-35;PUT;Dic-26;17.300;20098.6;22,74;-0,11;;6
24/08/26;MINI IBEX-35;PUT;Dic-26;17.400;20098.6;22,45;-0,11;;6
24/08/26;MINI IBEX-35;PUT;Dic-26;17.500;20098.6;22,16;-0,12;;1.024
24/08/26;MINI IBEX-35;PUT;Dic-26;17.600;20098.6;21,87;-0,13;;104
24/08/26;MINI IBEX-35;PUT;Dic-26;17.700;20098.6;21,58;-0,13;;5.011
24/08/26;MINI IBEX-35;PUT;Dic-26;17.800;20098.6;21,30;-0,14;;10
24/08/26;MINI IBEX-35;PUT;Dic-26;17.900;20098.6;21,01;-0,15;;5.003
24/08/26;MINI IBEX-35;PUT;Dic-26;18.000;20098.6;20,72;-0,16;;26
24/08/26;MINI IBEX-35;PUT;Dic-26;18.100;20098.6;20,43;-0,16;;5
24/08/26;MINI IBEX-35;PUT;Dic-26;18.200;20098.6;20,14;-0,17;;11
24/08/26;MINI IBEX-35;PUT;Dic-26;18.300;20098.6;19,85;-0,18;;6
24/08/26;MINI IBEX-35;PUT;Dic-26;18.400;20098.6;19,57;-0,19;;8
24/08/26;MINI IBEX-35;PUT;Dic-26;18.500;20098.6;19,28;-0,20;;213
24/08/26;MINI IBEX-35;PUT;Dic-26;18.700;20098.6;18,70;-0,23;;1
24/08/26;MINI IBEX-35;PUT;Dic-26;18.800;20098.6;18,41;-0,24;;6
24/08/26;MINI IBEX-35;PUT;Dic-26;18.900;20098.6;18,13;-0,25;;11
24/08/26;MINI IBEX-35;PUT;Dic-26;19.000;20098.6;17,84;-0,27;;5
24/08/26;MINI IBEX-35;PUT;Dic-26;19.100;20098.6;17,55;-0,28;;3
24/08/26;MINI IBEX-35;PUT;Dic-26;19.200;20098.6;17,26;-0,30;;38
24/08/26;MINI IBEX-35;PUT;Dic-26;19.300;20098.6;16,97;-0,31;;5
24/08/26;MINI IBEX-35;PUT;Dic-26;19.400;20098.6;16,68;-0,33;;2
24/08/26;MINI IBEX-35;PUT;Dic-26;19.500;20098.6;16,40;-0,35;;3
24/08/26;MINI IBEX-35;PUT;Dic-26;19.600;20098.6;16,11;-0,37;;6
24/08/26;MINI IBEX-35;PUT;Dic-26;19.700;20098.6;15,82;-0,39;;1
24/08/26;MINI IBEX-35;PUT;Dic-26;19.800;20098.6;15,53;-0,41;;2
24/08/26;MINI IBEX-35;PUT;Dic-26;19.900;20098.6;15,24;-0,43;;1
24/08/26;MINI IBEX-35;PUT;Dic-26;20.000;20098.6;14,96;-0,45;;23
24/08/26;MINI IBEX-35;PUT;Dic-26;20.500;20098.6;14,08;-0,57;;1
24/08/26;MINI IBEX-35;PUT;Mar-27;13.000;20098.6;31,86;-0,03;;3
24/08/26;MINI IBEX-35;PUT;Mar-27;13.800;20098.6;29,95;-0,04;;32
24/08/26;MINI IBEX-35;PUT;Mar-27;15.200;20098.6;26,62;-0,07;;1
24/08/26;MINI IBEX-35;PUT;Mar-27;15.700;20098.6;25,43;-0,08;;1
24/08/26;MINI IBEX-35;PUT;Mar-27;16.500;20098.6;23,53;-0,11;;1
24/08/26;MINI IBEX-35;PUT;Mar-27;17.000;20098.6;22,34;-0,13;;2
24/08/26;MINI IBEX-35;PUT;Mar-27;17.500;20098.6;21,15;-0,16;;21
24/08/26;MINI IBEX-35;PUT;Mar-27;18.000;20098.6;19,96;-0,20;;756
24/08/26;MINI IBEX-35;PUT;Mar-27;18.100;20098.6;19,73;-0,21;;5
24/08/26;MINI IBEX-35;PUT;Mar-27;18.200;20098.6;19,49;-0,22;;5
24/08/26;MINI IBEX-35;PUT;Mar-27;18.300;20098.6;19,25;-0,23;;5
24/08/26;MINI IBEX-35;PUT;Mar-27;18.400;20098.6;19,01;-0,23;;5
24/08/26;MINI IBEX-35;PUT;Mar-27;18.500;20098.6;18,77;-0,24;;3
24/08/26;MINI IBEX-35;PUT;Mar-27;18.600;20098.6;18,54;-0,25;;2
24/08/26;MINI IBEX-35;PUT;Mar-27;18.900;20098.6;17,82;-0,29;;2
24/08/26;MINI IBEX-35;PUT;Mar-27;19.100;20098.6;17,35;-0,31;;5
24/08/26;MINI IBEX-35;PUT;Mar-27;19.300;20098.6;16,87;-0,34;;5
24/08/26;MINI IBEX-35;PUT;Mar-27;19.500;20098.6;16,40;-0,36;;5
24/08/26;MINI IBEX-35;PUT;Mar-27;19.600;20098.6;16,16;-0,38;;5
24/08/26;MINI IBEX-35;PUT;Mar-27;19.800;20098.6;15,68;-0,41;;5
24/08/26;MINI IBEX-35;PUT;Mar-27;19.900;20098.6;15,44;-0,42;;5
24/08/26;MINI IBEX-35;PUT;Mar-27;21.400;20098.6;13,31;-0,69;;1
24/08/26;MINI IBEX-35;PUT;Mar-27;21.600;20098.6;13,07;-0,73;;2
24/08/26;MINI IBEX-35;PUT;Mar-27;21.800;20098.6;12,83;-0,76;;1
24/08/26;MINI IBEX-35;PUT;Mar-27;21.900;20098.6;12,70;-0,78;;3
24/08/26;MINI IBEX-35;PUT;Mar-27;22.000;20098.6;12,58;-0,79;;2
24/08/26;MINI IBEX-35;PUT;Mar-27;22.900;20098.6;11,50;-0,91;;2
24/08/26;MINI IBEX-35;PUT;Jun-27;13.000;20098.6;30,15;-0,04;;2
24/08/26;MINI IBEX-35;PUT;Jun-27;16.000;20098.6;23,77;-0,12;;20
24/08/26;MINI IBEX-35;PUT;Jun-27;17.000;20098.6;21,64;-0,17;;1
24/08/26;MINI IBEX-35;PUT;Jun-27;18.000;20098.6;19,51;-0,24;;1
24/08/26;MINI IBEX-35;PUT;Jun-27;18.500;20098.6;18,45;-0,28;;1
24/08/26;MINI IBEX-35;PUT;Jun-27;19.700;20098.6;15,89;-0,41;;1
24/08/26;MINI IBEX-35;PUT;Jun-27;19.900;20098.6;15,47;-0,44;;1
24/08/26;MINI IBEX-35;PUT;Jun-27;20.300;20098.6;14,85;-0,50;;1
24/08/26;MINI IBEX-35;PUT;Jun-27;23.300;20098.6;11,31;-0,90;;1
24/08/26;MINI IBEX-35;PUT;Jun-27;23.400;20098.6;11,19;-0,91;;2
24/08/26;MINI IBEX-35;PUT;Jun-27;24.200;20098.6;10,25;-0,95;;2
24/08/26;MINI IBEX-35;PUT;Sep-27;12.100;20098.6;30,63;-0,04;;32
24/08/26;MINI IBEX-35;PUT;Sep-27;12.200;20098.6;30,43;-0,04;;32
24/08/26;MINI IBEX-35;PUT;Sep-27;12.300;20098.6;30,24;-0,04;;32
24/08/26;MINI IBEX-35;PUT;Sep-27;12.400;20098.6;30,05;-0,04;;32
24/08/26;MINI IBEX-35;PUT;Sep-27;14.200;20098.6;26,57;-0,08;;32
24/08/26;MINI IBEX-35;PUT;Dic-27;13.400;20098.6;27,20;-0,07;;250
24/08/26;MINI IBEX-35;PUT;Dic-27;14.700;20098.6;24,91;-0,11;;1
24/08/26;MINI IBEX-35;PUT;Dic-27;15.400;20098.6;23,67;-0,13;;32
24/08/26;MINI IBEX-35;PUT;Dic-27;15.700;20098.6;23,14;-0,14;;32
24/08/26;MINI IBEX-35;PUT;Dic-27;15.800;20098.6;22,96;-0,15;;32
24/08/26;MINI IBEX-35;PUT;Dic-27;19.300;20098.6;16,78;-0,38;;3
24/08/26;MINI IBEX-35;PUT;Dic-27;19.400;20098.6;16,60;-0,39;;6.751
24/08/26;MINI IBEX-35;PUT;Jun-28;18.400;20098.6;17,95;-0,31;;64
24/08/26;MINI IBEX-35;PUT;Jun-28;18.500;20098.6;17,79;-0,32;;64
24/08/26;MINI IBEX-35;PUT;Jun-28;19.300;20098.6;16,53;-0,38;;32
24/08/26;MINI IBEX-35;PUT;Jun-28;20.000;20098.6;15,49;-0,45;;32
24/08/26;MINI IBEX-35;PUT;Sep-28;17.500;20098.6;18,75;-0,26;;2
24/08/26;MINI IBEX-35;PUT;Dic-28;16.800;20098.6;19,27;-0,22;;1.800
24/08/26;MINI IBEX-35;PUT;Jun-29;18.800;20098.6;18,44;-0,35;;1
24/08/26;MINI IBEX-35;PUT;Jun-31;18.400;20098.6;19,03;-0,33;;1
24/08/26;ACCIONA;CALL;Sep-26;210,00;209.8;35,33;0,52;5;9
24/08/26;ACCIONA;CALL;Sep-26;220,00;209.8;35,08;0,33;3;6
24/08/26;ACCIONA;CALL;Sep-26;230,00;209.8;34,83;0,17;;1
24/08/26;ACCIONA;CALL;Sep-26;260,00;209.8;34,06;0,01;;16
24/08/26;ACCIONA;CALL;Sep-26;280,00;209.8;33,56;;;2
24/08/26;ACCIONA;CALL;Sep-26;310,00;209.8;32,79;;;5
24/08/26;ACCIONA;CALL;Sep-26;340,00;209.8;32,03;;;10
24/08/26;ACCIONA;CALL;Dic-26;210,00;209.8;34,53;0,55;;2
24/08/26;ACCIONA;CALL;Dic-26;230,00;209.8;33,74;0,37;;5
24/08/26;ACCIONA;CALL;Dic-26;260,00;209.8;32,55;0,15;;2
24/08/26;ACCIONA;CALL;Dic-26;280,00;209.8;31,75;0,07;;5
24/08/26;ACCIONA;CALL;Dic-26;320,00;209.8;30,16;0,01;;5
24/08/26;ACCIONA;CALL;Mar-27;160,00;209.8;41,54;0,86;;1
24/08/26;ACCIONA;CALL;Mar-27;270,00;209.8;32,79;0,20;;5
24/08/26;ACCIONA;CALL;Mar-27;290,00;209.8;32,09;0,12;;5
24/08/26;ACCIONA;CALL;Jun-27;220,00;209.8;33,36;0,53;;1
24/08/26;ACCIONA;PUT;Sep-26;120,00;209.8;53,23;;;1
24/08/26;ACCIONA;PUT;Sep-26;170,00;209.8;43,46;-0,03;;1
24/08/26;ACCIONA;PUT;Sep-26;185,00;209.8;40,53;-0,11;;3
24/08/26;ACCIONA;PUT;Sep-26;190,00;209.8;39,55;-0,15;;15
24/08/26;ACCIONA;PUT;Sep-26;200,00;209.8;37,60;-0,29;;11
24/08/26;ACCIONA;PUT;Sep-26;210,00;209.8;35,67;-0,48;;12
24/08/26;ACCIONA;PUT;Sep-26;240,00;209.8;34,91;-0,93;;1
24/08/26;ACCIONA;PUT;Oct-26;220,00;209.8;34,10;-0,61;;2
24/08/26;ACCIONA;PUT;Dic-26;175,00;209.8;39,62;-0,17;;2
24/08/26;ACCIONA;PUT;Dic-26;195,00;209.8;36,73;-0,31;;15
24/08/26;ACCIONA;PUT;Dic-26;200,00;209.8;36,01;-0,36;1;20
24/08/26;ACCIONA;PUT;Dic-26;210,00;209.8;34,58;-0,45;;5
24/08/26;ACCIONA;PUT;Mar-27;170,00;209.8;40,05;-0,19;;2
24/08/26;ACCIONA;PUT;Mar-27;200,00;209.8;36,05;-0,36;;20
24/08/26;ACCIONA;PUT;Mar-27;210,00;209.8;34,73;-0,44;;5
24/08/26;ACCIONA;PUT;Mar-27;290,00;209.8;31,94;-0,92;;5
24/08/26;ACCIONA;PUT;Mar-27;300,00;209.8;31,59;-0,96;5;
24/08/26;ACCIONA ENERGIA;CALL;Sep-26;29,00;20.9;29,88;;;1
24/08/26;ACCIONA ENERGIA;CALL;Dic-26;24,00;20.9;31,62;0,26;;3
24/08/26;ACCIONA ENERGIA;CALL;Dic-26;25,00;20.9;31,44;0,19;;1
24/08/26;ACCIONA ENERGIA;CALL;Dic-26;27,00;20.9;31,09;0,09;;1
24/08/26;ACCIONA ENERGIA;CALL;Dic-26;30,00;20.9;30,56;0,02;;1
24/08/26;ACCIONA ENERGIA;CALL;Dic-26;31,00;20.9;30,39;0,01;;1
24/08/26;ACCIONA ENERGIA;PUT;Sep-26;20,00;20.9;34,15;-0,29;;3
24/08/26;ACCIONA ENERGIA;PUT;Sep-26;21,00;20.9;33,48;-0,50;;22
24/08/26;ACCIONA ENERGIA;PUT;Sep-26;23,00;20.9;33,00;-0,86;;2
24/08/26;ACCIONA ENERGIA;PUT;Dic-26;18,00;20.9;36,60;-0,20;;2
24/08/26;ACCIONA ENERGIA;PUT;Dic-26;19,00;20.9;35,88;-0,27;;3
24/08/26;ACCIONA ENERGIA;PUT;Dic-26;21,00;20.9;34,50;-0,46;;15
24/08/26;ACCIONA ENERGIA;PUT;Jun-27;24,00;20.9;29,77;-0,64;;13
24/08/26;ACERINOX;CALL;Sep-26;14,50;17.18;36,31;0,97;;150
24/08/26;ACERINOX;CALL;Sep-26;15,50;17.18;34,45;0,89;;10
24/08/26;ACERINOX;CALL;Sep-26;16,00;17.18;33,52;0,81;;11
24/08/26;ACERINOX;CALL;Sep-26;17,00;17.18;31,66;0,57;;13
24/08/26;ACERINOX;CALL;Sep-26;17,50;17.18;31,16;0,43;;8
24/08/26;ACERINOX;CALL;Sep-26;18,00;17.18;30,91;0,30;4;5
24/08/26;ACERINOX;CALL;Sep-26;18,50;17.18;30,65;0,20;5;45
24/08/26;ACERINOX;CALL;Sep-26;19,00;17.18;30,40;0,12;;10
24/08/26;ACERINOX;CALL;Sep-26;21,00;17.18;29,39;0,01;;1
24/08/26;ACERINOX;CALL;Oct-26;17,50;17.18;31,74;0,47;;3
24/08/26;ACERINOX;CALL;Oct-26;18,50;17.18;31,45;0,30;;20
24/08/26;ACERINOX;CALL;Oct-26;19,50;17.18;31,15;0,16;;10
24/08/26;ACERINOX;CALL;Dic-26;6,00;17.18;47,35;1,00;;20
24/08/26;ACERINOX;CALL;Dic-26;9,75;17.18;42,03;0,99;;2
24/08/26;ACERINOX;CALL;Dic-26;11,00;17.18;40,26;0,98;;10
24/08/26;ACERINOX;CALL;Dic-26;13,00;17.18;37,43;0,93;;11
24/08/26;ACERINOX;CALL;Dic-26;13,50;17.18;36,72;0,90;;20
24/08/26;ACERINOX;CALL;Dic-26;14,00;17.18;36,01;0,87;;10
24/08/26;ACERINOX;CALL;Dic-26;14,50;17.18;35,31;0,84;;10
24/08/26;ACERINOX;CALL;Dic-26;15,00;17.18;34,60;0,80;;20
24/08/26;ACERINOX;CALL;Dic-26;16,00;17.18;33,18;0,70;;10
24/08/26;ACERINOX;CALL;Dic-26;16,50;17.18;32,47;0,64;;3
24/08/26;ACERINOX;CALL;Dic-26;17,00;17.18;31,76;0,58;;15
24/08/26;ACERINOX;CALL;Dic-26;17,50;17.18;31,39;0,51;;35
24/08/26;ACERINOX;CALL;Dic-26;18,00;17.18;31,21;0,45;;20
24/08/26;ACERINOX;CALL;Dic-26;19,00;17.18;30,84;0,33;;20
24/08/26;ACERINOX;CALL;Dic-26;19,50;17.18;30,65;0,28;;11
24/08/26;ACERINOX;CALL;Dic-26;20,00;17.18;30,47;0,23;;11
24/08/26;ACERINOX;CALL;Dic-26;22,00;17.18;29,73;0,09;;1
24/08/26;ACERINOX;CALL;Dic-26;24,00;17.18;29,00;0,03;;51
24/08/26;ACERINOX;CALL;Mar-27;8,75;17.18;43,85;0,99;;1
24/08/26;ACERINOX;CALL;Mar-27;11,00;17.18;40,96;0,96;;15
24/08/26;ACERINOX;CALL;Mar-27;13,00;17.18;38,40;0,89;;1
24/08/26;ACERINOX;CALL;Mar-27;13,50;17.18;37,76;0,86;;5
24/08/26;ACERINOX;CALL;Mar-27;14,50;17.18;36,48;0,80;;150
24/08/26;ACERINOX;CALL;Mar-27;15,50;17.18;35,20;0,72;;150
24/08/26;ACERINOX;CALL;Mar-27;16,00;17.18;34,56;0,67;;150
24/08/26;ACERINOX;CALL;Mar-27;17,00;17.18;33,28;0,58;;150
24/08/26;ACERINOX;CALL;Mar-27;17,50;17.18;32,94;0,53;;100
24/08/26;ACERINOX;CALL;Mar-27;18,50;17.18;32,61;0,43;;50
24/08/26;ACERINOX;CALL;Mar-27;19,00;17.18;32,45;0,39;;25
24/08/26;ACERINOX;CALL;Jun-27;16,00;17.18;35,22;0,66;;1
24/08/26;ACERINOX;CALL;Jun-27;17,50;17.18;33,51;0,54;;4
24/08/26;ACERINOX;CALL;Sep-27;13,50;17.18;39,53;0,80;;5
24/08/26;ACERINOX;CALL;Sep-27;14,00;17.18;38,85;0,77;;1
24/08/26;ACERINOX;CALL;Sep-27;16,50;17.18;35,45;0,62;;150
24/08/26;ACERINOX;CALL;Dic-27;11,00;17.18;41,31;0,90;;10
24/08/26;ACERINOX;CALL;Dic-27;12,00;17.18;40,09;0,86;;1
24/08/26;ACERINOX;CALL;Dic-27;13,00;17.18;38,87;0,81;;10
24/08/26;ACERINOX;CALL;Jun-28;12,50;17.18;37,51;0,83;;10
24/08/26;ACERINOX;PUT;Sep-26;9,00;17.18;43,64;;;23
24/08/26;ACERINOX;PUT;Sep-26;9,50;17.18;42,71;;;43
24/08/26;ACERINOX;PUT;Sep-26;9,75;17.18;42,24;;;1
24/08/26;ACERINOX;PUT;Sep-26;10,00;17.18;41,77;;;10
24/08/26;ACERINOX;PUT;Sep-26;10,50;17.18;40,84;;;40
24/08/26;ACERINOX;PUT;Sep-26;11,00;17.18;39,91;;;150
24/08/26;ACERINOX;PUT;Sep-26;12,00;17.18;38,05;;;10
24/08/26;ACERINOX;PUT;Sep-26;13,00;17.18;36,19;;;9
24/08/26;ACERINOX;PUT;Sep-26;14,00;17.18;34,32;-0,01;;10
24/08/26;ACERINOX;PUT;Sep-26;15,00;17.18;32,46;-0,05;;5
24/08/26;ACERINOX;PUT;Sep-26;15,50;17.18;31,53;-0,10;;22
24/08/26;ACERINOX;PUT;Sep-26;16,00;17.18;30,60;-0,17;;40
24/08/26;ACERINOX;PUT;Sep-26;17,00;17.18;28,74;-0,42;;7
24/08/26;ACERINOX;PUT;Sep-26;17,50;17.18;28,24;-0,58;;10
24/08/26;ACERINOX;PUT;Sep-26;18,00;17.18;27,99;-0,72;;2
24/08/26;ACERINOX;PUT;Sep-26;18,50;17.18;27,73;-0,84;;25
24/08/26;ACERINOX;PUT;Oct-26;15,50;17.18;31,68;-0,17;;10
24/08/26;ACERINOX;PUT;Dic-26;9,50;17.18;40,17;;;1
24/08/26;ACERINOX;PUT;Dic-26;9,75;17.18;39,81;;;1
24/08/26;ACERINOX;PUT;Dic-26;10,00;17.18;39,46;;;97
24/08/26;ACERINOX;PUT;Dic-26;10,50;17.18;38,75;-0,01;;35
24/08/26;ACERINOX;PUT;Dic-26;11,00;17.18;38,04;-0,01;;51
24/08/26;ACERINOX;PUT;Dic-26;11,50;17.18;37,34;-0,02;;25
24/08/26;ACERINOX;PUT;Dic-26;12,00;17.18;36,63;-0,03;;75
24/08/26;ACERINOX;PUT;Dic-26;12,50;17.18;35,92;-0,04;;145
24/08/26;ACERINOX;PUT;Dic-26;13,00;17.18;35,21;-0,06;;10
24/08/26;ACERINOX;PUT;Dic-26;13,50;17.18;34,50;-0,09;;45
24/08/26;ACERINOX;PUT;Dic-26;15,00;17.18;32,38;-0,19;;20
24/08/26;ACERINOX;PUT;Dic-26;15,50;17.18;31,67;-0,24;;20
24/08/26;ACERINOX;PUT;Dic-26;17,00;17.18;29,54;-0,43;;30
24/08/26;ACERINOX;PUT;Dic-26;18,00;17.18;28,99;-0,57;;50
24/08/26;ACERINOX;PUT;Mar-27;8,00;17.18;42,39;-0,01;;2
24/08/26;ACERINOX;PUT;Mar-27;10,00;17.18;39,82;-0,03;;175
24/08/26;ACERINOX;PUT;Mar-27;10,50;17.18;39,18;-0,04;;60
24/08/26;ACERINOX;PUT;Mar-27;11,00;17.18;38,54;-0,05;;160
24/08/26;ACERINOX;PUT;Mar-27;11,50;17.18;37,90;-0,06;;126
24/08/26;ACERINOX;PUT;Mar-27;12,00;17.18;37,26;-0,08;;70
24/08/26;ACERINOX;PUT;Mar-27;13,50;17.18;35,34;-0,15;;12
24/08/26;ACERINOX;PUT;Mar-27;15,00;17.18;33,42;-0,26;;100
24/08/26;ACERINOX;PUT;Mar-27;15,50;17.18;32,78;-0,30;;11
24/08/26;ACERINOX;PUT;Mar-27;16,00;17.18;32,14;-0,35;;3
24/08/26;ACERINOX;PUT;Mar-27;17,00;17.18;30,86;-0,45;;10
24/08/26;ACERINOX;PUT;Jun-27;8,75;17.18;42,33;-0,02;;1
24/08/26;ACERINOX;PUT;Jun-27;10,00;17.18;40,63;-0,05;;243
24/08/26;ACERINOX;PUT;Jun-27;11,00;17.18;39,27;-0,08;;110
24/08/26;ACERINOX;PUT;Jun-27;15,00;17.18;33,84;-0,28;;10
24/08/26;ACERINOX;PUT;Sep-27;10,00;17.18;40,31;-0,07;;150
24/08/26;ACERINOX;PUT;Sep-27;10,50;17.18;39,63;-0,08;;150
24/08/26;ACERINOX;PUT;Sep-27;11,00;17.18;38,95;-0,10;;150
24/08/26;ACERINOX;PUT;Sep-27;11,50;17.18;38,27;-0,12;;150
24/08/26;ACERINOX;PUT;Sep-27;12,00;17.18;37,60;-0,14;;207
24/08/26;ACERINOX;PUT;Dic-27;12,00;17.18;36,40;-0,15;;150
24/08/26;ACERINOX;PUT;Mar-28;12,00;17.18;34,75;-0,16;;208
24/08/26;ACERINOX;PUT;Sep-28;18,00;17.18;29,12;-0,48;;138
24/08/26;ACS;CALL;Sep-26;105,00;104.7;31,63;0,51;1;5
24/08/26;ACS;CALL;Sep-26;108,00;104.7;31,31;0,38;9;9
24/08/26;ACS;CALL;Sep-26;110,00;104.7;31,10;0,29;;5
24/08/26;ACS;CALL;Sep-26;115,00;104.7;30,58;0,13;;41
24/08/26;ACS;CALL;Sep-26;120,00;104.7;30,05;0,05;;21
24/08/26;ACS;CALL;Sep-26;125,00;104.7;29,53;0,01;;6
24/08/26;ACS;CALL;Sep-26;130,00;104.7;29,00;;;104
24/08/26;ACS;CALL;Sep-26;140,00;104.7;27,95;;;12
24/08/26;ACS;CALL;Sep-26;145,00;104.7;27,43;;;22
24/08/26;ACS;CALL;Sep-26;150,00;104.7;26,90;;;3
24/08/26;ACS;CALL;Sep-26;155,00;104.7;26,38;;;5
24/08/26;ACS;CALL;Sep-26;165,00;104.7;25,32;;;5
24/08/26;ACS;CALL;Oct-26;110,00;104.7;31,73;0,38;6;21
24/08/26;ACS;CALL;Oct-26;115,00;104.7;31,21;0,24;;2
24/08/26;ACS;CALL;Oct-26;120,00;104.7;30,68;0,14;;5
24/08/26;ACS;CALL;Oct-26;125,00;104.7;30,16;0,07;;1
24/08/26;ACS;CALL;Oct-26;130,00;104.7;29,63;0,03;;5
24/08/26;ACS;CALL;Oct-26;140,00;104.7;28,58;;;3
24/08/26;ACS;CALL;Dic-26;86,00;104.7;38,04;0,85;;1
24/08/26;ACS;CALL;Dic-26;90,00;104.7;36,98;0,81;;25
24/08/26;ACS;CALL;Dic-26;92,00;104.7;36,46;0,78;;25
24/08/26;ACS;CALL;Dic-26;105,00;104.7;33,10;0,55;;2
24/08/26;ACS;CALL;Dic-26;110,00;104.7;33,05;0,45;;5
24/08/26;ACS;CALL;Dic-26;115,00;104.7;33,00;0,36;;87
24/08/26;ACS;CALL;Dic-26;120,00;104.7;32,95;0,28;;90
24/08/26;ACS;CALL;Dic-26;125,00;104.7;32,91;0,21;;86
24/08/26;ACS;CALL;Dic-26;130,00;104.7;32,86;0,15;;711
24/08/26;ACS;CALL;Dic-26;135,00;104.7;32,81;0,11;;4
24/08/26;ACS;CALL;Dic-26;140,00;104.7;32,76;0,08;;2
24/08/26;ACS;CALL;Dic-26;145,00;104.7;32,72;0,05;;10
24/08/26;ACS;CALL;Dic-26;150,00;104.7;32,67;0,03;;80
24/08/26;ACS;CALL;Dic-26;155,00;104.7;32,62;0,02;;15
24/08/26;ACS;CALL;Dic-26;160,00;104.7;32,57;0,01;;15
24/08/26;ACS;CALL;Dic-26;165,00;104.7;32,52;0,01;;25
24/08/26;ACS;CALL;Mar-27;92,00;104.7;36,81;0,74;;1
24/08/26;ACS;CALL;Mar-27;96,00;104.7;35,89;0,69;;1
24/08/26;ACS;CALL;Mar-27;100,00;104.7;34,98;0,63;;1
24/08/26;ACS;CALL;Mar-27;115,00;104.7;32,75;0,42;;5
24/08/26;ACS;CALL;Mar-27;140,00;104.7;29,97;0,13;;180
24/08/26;ACS;CALL;Mar-27;145,00;104.7;29,41;0,09;;5
24/08/26;ACS;CALL;Mar-27;150,00;104.7;28,85;0,07;;200
24/08/26;ACS;CALL;Mar-27;155,00;104.7;28,30;0,05;;20
24/08/26;ACS;CALL;Mar-27;160,00;104.7;27,74;0,03;;20
24/08/26;ACS;CALL;Mar-27;165,00;104.7;27,18;0,02;;60
24/08/26;ACS;CALL;Jun-27;54,00;104.7;45,60;0,97;;1
24/08/26;ACS;CALL;Jun-27;56,00;104.7;45,12;0,96;;2
24/08/26;ACS;CALL;Jun-27;88,00;104.7;37,48;0,77;;1
24/08/26;ACS;CALL;Jun-27;96,00;104.7;35,57;0,69;;25
24/08/26;ACS;CALL;Jun-27;100,00;104.7;34,61;0,64;;25
24/08/26;ACS;CALL;Jun-27;165,00;104.7;29,46;0,06;;5
24/08/26;ACS;CALL;Sep-27;86,00;104.7;37,86;0,78;;25
24/08/26;ACS;CALL;Sep-27;105,00;104.7;33,68;0,58;;25
24/08/26;ACS;CALL;Dic-27;70,00;104.7;40,23;0,88;;60
24/08/26;ACS;CALL;Dic-27;88,00;104.7;36,56;0,75;;5
24/08/26;ACS;CALL;Dic-27;90,00;104.7;36,16;0,73;;5
24/08/26;ACS;CALL;Dic-27;94,00;104.7;35,34;0,70;;25
24/08/26;ACS;CALL;Dic-27;110,00;104.7;32,99;0,54;;250
24/08/26;ACS;CALL;Dic-27;130,00;104.7;32,35;0,36;;10
24/08/26;ACS;CALL;Mar-28;115,00;104.7;31,78;0,50;;1
24/08/26;ACS;PUT;Sep-26;50,00;104.7;48,15;;;25
24/08/26;ACS;PUT;Sep-26;52,00;104.7;47,55;;;50
24/08/26;ACS;PUT;Sep-26;54,00;104.7;46,94;;;50
24/08/26;ACS;PUT;Sep-26;56,00;104.7;46,34;;;51
24/08/26;ACS;PUT;Sep-26;66,00;104.7;43,31;;;25
24/08/26;ACS;PUT;Sep-26;68,00;104.7;42,71;;;25
24/08/26;ACS;PUT;Sep-26;70,00;104.7;42,11;;;25
24/08/26;ACS;PUT;Sep-26;72,00;104.7;41,50;;;1
24/08/26;ACS;PUT;Sep-26;76,00;104.7;40,29;;;42
24/08/26;ACS;PUT;Sep-26;78,00;104.7;39,69;;;52
24/08/26;ACS;PUT;Sep-26;80,00;104.7;39,08;;;27
24/08/26;ACS;PUT;Sep-26;84,00;104.7;37,87;-0,01;;25
24/08/26;ACS;PUT;Sep-26;88,00;104.7;36,66;-0,03;;1
24/08/26;ACS;PUT;Sep-26;90,00;104.7;36,06;-0,05;;25
24/08/26;ACS;PUT;Sep-26;94,00;104.7;34,85;-0,11;;5
24/08/26;ACS;PUT;Sep-26;96,00;104.7;34,24;-0,15;;6
24/08/26;ACS;PUT;Sep-26;98,00;104.7;33,64;-0,21;;3
24/08/26;ACS;PUT;Sep-26;100,00;104.7;33,03;-0,28;1;33
24/08/26;ACS;PUT;Sep-26;105,00;104.7;31,58;-0,49;1;11
24/08/26;ACS;PUT;Sep-26;108,00;104.7;31,26;-0,63;;1
24/08/26;ACS;PUT;Sep-26;110,00;104.7;31,05;-0,71;;31
24/08/26;ACS;PUT;Sep-26;115,00;104.7;30,53;-0,87;4;5
24/08/26;ACS;PUT;Sep-26;120,00;104.7;30,00;-0,96;;6
24/08/26;ACS;PUT;Oct-26;84,00;104.7;37,26;-0,05;;1
24/08/26;ACS;PUT;Oct-26;90,00;104.7;35,51;-0,11;;2
24/08/26;ACS;PUT;Oct-26;110,00;104.7;30,64;-0,64;;1
24/08/26;ACS;PUT;Dic-26;23,00;104.7;53,29;;;201
24/08/26;ACS;PUT;Dic-26;24,00;104.7;53,02;;;25
24/08/26;ACS;PUT;Dic-26;25,00;104.7;52,76;;;25
24/08/26;ACS;PUT;Dic-26;27,00;104.7;52,23;;;25
24/08/26;ACS;PUT;Dic-26;28,00;104.7;51,97;;;75
24/08/26;ACS;PUT;Dic-26;29,00;104.7;51,70;;;75
24/08/26;ACS;PUT;Dic-26;30,00;104.7;51,44;;;17
24/08/26;ACS;PUT;Dic-26;33,00;104.7;50,65;;;6
24/08/26;ACS;PUT;Dic-26;34,00;104.7;50,38;;;25
24/08/26;ACS;PUT;Dic-26;35,00;104.7;50,12;;;200
24/08/26;ACS;PUT;Dic-26;46,00;104.7;47,21;;;25
24/08/26;ACS;PUT;Dic-26;54,00;104.7;45,10;;;25
24/08/26;ACS;PUT;Dic-26;58,00;104.7;44,04;-0,01;;25
24/08/26;ACS;PUT;Dic-26;60,00;104.7;43,51;-0,01;;95
24/08/26;ACS;PUT;Dic-26;62,00;104.7;42,98;-0,01;;5
24/08/26;ACS;PUT;Dic-26;66,00;104.7;41,93;-0,02;;1
24/08/26;ACS;PUT;Dic-26;68,00;104.7;41,40;-0,02;;4
24/08/26;ACS;PUT;Dic-26;76,00;104.7;39,28;-0,06;;6
24/08/26;ACS;PUT;Dic-26;78,00;104.7;38,76;-0,07;;5
24/08/26;ACS;PUT;Dic-26;80,00;104.7;38,23;-0,08;;5
24/08/26;ACS;PUT;Dic-26;82,00;104.7;37,70;-0,10;;10
24/08/26;ACS;PUT;Dic-26;84,00;104.7;37,17;-0,12;;14
24/08/26;ACS;PUT;Dic-26;86,00;104.7;36,64;-0,14;;10
24/08/26;ACS;PUT;Dic-26;88,00;104.7;36,11;-0,16;;45
24/08/26;ACS;PUT;Dic-26;90,00;104.7;35,58;-0,19;;44
24/08/26;ACS;PUT;Dic-26;94,00;104.7;34,53;-0,25;;46
24/08/26;ACS;PUT;Dic-26;96,00;104.7;34,00;-0,28;;80
24/08/26;ACS;PUT;Dic-26;98,00;104.7;33,47;-0,32;;10
24/08/26;ACS;PUT;Dic-26;100,00;104.7;32,94;-0,35;;177
24/08/26;ACS;PUT;Dic-26;105,00;104.7;31,70;-0,46;;3
24/08/26;ACS;PUT;Dic-26;110,00;104.7;31,65;-0,57;;50
24/08/26;ACS;PUT;Dic-26;115,00;104.7;31,60;-0,66;;10
24/08/26;ACS;PUT;Dic-26;125,00;104.7;31,51;-0,82;;10
24/08/26;ACS;PUT;Mar-27;60,00;104.7;42,41;-0,03;;1
24/08/26;ACS;PUT;Mar-27;68,00;104.7;40,57;-0,06;;1
24/08/26;ACS;PUT;Mar-27;86,00;104.7;36,45;-0,19;5;5
24/08/26;ACS;PUT;Mar-27;88,00;104.7;35,99;-0,21;;2
24/08/26;ACS;PUT;Mar-27;90,00;104.7;35,53;-0,23;;17
24/08/26;ACS;PUT;Mar-27;92,00;104.7;35,07;-0,26;;2
24/08/26;ACS;PUT;Mar-27;96,00;104.7;34,15;-0,31;;2
24/08/26;ACS;PUT;Mar-27;98,00;104.7;33,70;-0,34;;115
24/08/26;ACS;PUT;Mar-27;100,00;104.7;33,24;-0,37;;110
24/08/26;ACS;PUT;Mar-27;105,00;104.7;32,13;-0,45;;6
24/08/26;ACS;PUT;Mar-27;110,00;104.7;31,57;-0,53;;10
24/08/26;ACS;PUT;Jun-27;22,00;104.7;51,26;;;360
24/08/26;ACS;PUT;Jun-27;24,00;104.7;50,78;;;85
24/08/26;ACS;PUT;Jun-27;28,00;104.7;49,82;;;2
24/08/26;ACS;PUT;Jun-27;33,00;104.7;48,63;;;2
24/08/26;ACS;PUT;Jun-27;70,00;104.7;39,80;-0,09;;1
24/08/26;ACS;PUT;Jun-27;92,00;104.7;34,54;-0,27;;1
24/08/26;ACS;PUT;Sep-27;78,00;104.7;36,95;-0,17;;25
24/08/26;ACS;PUT;Sep-27;92,00;104.7;33,83;-0,29;;25
24/08/26;ACS;PUT;Dic-27;50,00;104.7;41,95;-0,04;;25
24/08/26;ACS;PUT;Dic-27;78,00;104.7;36,24;-0,18;;25
24/08/26;ACS;PUT;Dic-27;82,00;104.7;35,43;-0,21;;10
24/08/26;ACS;PUT;Dic-27;84,00;104.7;35,02;-0,22;;5
24/08/26;ACS;PUT;Dic-27;98,00;104.7;32,17;-0,36;;25
24/08/26;ACS;PUT;Dic-27;100,00;104.7;31,76;-0,38;;25
24/08/26;ACS;PUT;Dic-27;115,00;104.7;30,47;-0,54;5;5
24/08/26;ACS;CALL;Dic-26;50,00;104.7;47,55;0,99;;1
24/08/26;ACS;PUT;Sep-26;140,00;104.7;27,90;-1,00;;5
24/08/26;AENA;CALL;Sep-26;24,00;27.24;26,08;0,97;;2
24/08/26;AENA;CALL;Sep-26;25,00;27.24;25,00;0,91;;25
24/08/26;AENA;CALL;Sep-26;26,00;27.24;23,93;0,79;;2
24/08/26;AENA;CALL;Sep-26;27,00;27.24;22,85;0,58;;873
24/08/26;AENA;CALL;Sep-26;28,00;27.24;22,07;0,34;1;2
24/08/26;AENA;CALL;Oct-26;25,00;27.24;25,08;0,84;;6
24/08/26;AENA;CALL;Oct-26;29,00;27.24;21,49;0,25;10;10
24/08/26;AENA;CALL;Dic-26;26,00;27.24;23,84;0,68;;3
24/08/26;AENA;CALL;Dic-26;27,00;27.24;22,87;0,58;6;77
24/08/26;AENA;CALL;Dic-26;29,00;27.24;21,82;0,35;;6
24/08/26;AENA;CALL;Mar-27;21,00;27.24;28,99;0,91;;6
24/08/26;AENA;CALL;Mar-27;26,00;27.24;24,46;0,66;;3
24/08/26;AENA;CALL;Mar-27;27,00;27.24;23,56;0,59;;30
24/08/26;AENA;CALL;Jun-27;25,00;27.24;24,95;0,73;;2
24/08/26;AENA;CALL;Jun-27;29,00;27.24;22,51;0,44;;150
24/08/26;AENA;CALL;Jun-27;34,00;27.24;20,86;0,13;;100
24/08/26;AENA;CALL;Dic-27;23,00;27.24;26,23;0,80;;16
24/08/26;AENA;CALL;Dic-27;25,00;27.24;24,93;0,70;;25
24/08/26;AENA;CALL;Dic-27;28,00;27.24;23,28;0,52;;25
24/08/26;AENA;PUT;Sep-26;18,50;27.24;31,57;;;2
24/08/26;AENA;PUT;Sep-26;19,00;27.24;31,03;;;32
24/08/26;AENA;PUT;Sep-26;19,50;27.24;30,49;;;4
24/08/26;AENA;PUT;Sep-26;20,00;27.24;29,96;;;14
24/08/26;AENA;PUT;Sep-26;21,00;27.24;28,88;;;97
24/08/26;AENA;PUT;Sep-26;22,00;27.24;27,80;;;60
24/08/26;AENA;PUT;Sep-26;23,00;27.24;26,73;-0,01;;40
24/08/26;AENA;PUT;Sep-26;24,00;27.24;25,65;-0,03;;11
24/08/26;AENA;PUT;Sep-26;25,00;27.24;24,57;-0,08;;4
24/08/26;AENA;PUT;Sep-26;26,00;27.24;23,50;-0,21;;3
24/08/26;AENA;PUT;Sep-26;27,00;27.24;22,42;-0,42;;28
24/08/26;AENA;PUT;Oct-26;25,00;27.24;24,67;-0,16;;1
24/08/26;AENA;PUT;Oct-26;27,00;27.24;22,55;-0,43;;1
24/08/26;AENA;PUT;Dic-26;18,00;27.24;31,25;-0,01;;2
24/08/26;AENA;PUT;Dic-26;19,00;27.24;30,29;-0,01;;3
24/08/26;AENA;PUT;Dic-26;19,50;27.24;29,80;-0,02;;12
24/08/26;AENA;PUT;Dic-26;20,00;27.24;29,32;-0,02;;4
24/08/26;AENA;PUT;Dic-26;21,00;27.24;28,35;-0,04;;5
24/08/26;AENA;PUT;Dic-26;22,00;27.24;27,39;-0,07;;207
24/08/26;AENA;PUT;Dic-26;23,00;27.24;26,42;-0,10;;2
24/08/26;AENA;PUT;Dic-26;24,00;27.24;25,45;-0,16;;2
24/08/26;AENA;PUT;Dic-26;25,00;27.24;24,49;-0,23;;9
24/08/26;AENA;PUT;Mar-27;18,00;27.24;30,29;-0,02;;2
24/08/26;AENA;PUT;Mar-27;20,00;27.24;28,48;-0,05;1;500
24/08/26;AENA;PUT;Mar-27;20,50;27.24;28,02;-0,07;;1
24/08/26;AENA;PUT;Mar-27;21,00;27.24;27,57;-0,08;;9
24/08/26;AENA;PUT;Mar-27;22,00;27.24;26,66;-0,11;;4
24/08/26;AENA;PUT;Mar-27;24,00;27.24;24,85;-0,20;;1
24/08/26;AENA;PUT;Mar-27;26,00;27.24;23,04;-0,34;;6
24/08/26;AENA;PUT;Mar-27;32,00;27.24;20,00;-0,87;;1
24/08/26;AENA;PUT;Jun-27;18,00;27.24;27,60;-0,05;;1
24/08/26;AENA;PUT;Jun-27;19,00;27.24;26,77;-0,07;;1
24/08/26;AENA;PUT;Jun-27;23,00;27.24;23,44;-0,22;;6
24/08/26;AENA;PUT;Jun-27;24,00;27.24;22,61;-0,28;;1
24/08/26;AENA;PUT;Jun-27;25,00;27.24;21,77;-0,34;;25
24/08/26;AENA;PUT;Jun-27;26,00;27.24;20,94;-0,42;;26
24/08/26;AENA;PUT;Jun-27;27,00;27.24;20,11;-0,50;;25
24/08/26;AENA;PUT;Sep-27;18,00;27.24;26,47;-0,06;;1
24/08/26;AENA;PUT;Sep-27;23,00;27.24;22,86;-0,23;;1
24/08/26;ALMIRALL;CALL;Sep-26;11,50;10.28;26,59;0,06;;3
24/08/26;ALMIRALL;CALL;Sep-26;14,00;10.28;25,13;;;10
24/08/26;ALMIRALL;CALL;Dic-26;12,00;10.28;26,61;0,18;;4
24/08/26;ALMIRALL;PUT;Sep-26;10,50;10.28;28,36;-0,59;2;2
24/08/26;ALMIRALL;PUT;Sep-26;12,00;10.28;27,49;-1,00;;1
24/08/26;AMADEUS;CALL;Sep-26;38,00;58.14;36,92;1,00;;1
24/08/26;AMADEUS;CALL;Sep-26;49,00;58.14;31,05;0,98;;25
24/08/26;AMADEUS;CALL;Sep-26;50,00;58.14;30,52;0,97;;150
24/08/26;AMADEUS;CALL;Sep-26;52,00;58.14;29,45;0,93;;873
24/08/26;AMADEUS;CALL;Sep-26;54,00;58.14;28,39;0,85;;4
24/08/26;AMADEUS;CALL;Sep-26;56,00;58.14;27,32;0,72;;457
24/08/26;AMADEUS;CALL;Sep-26;58,00;58.14;26,25;0,54;;31
24/08/26;AMADEUS;CALL;Sep-26;60,00;58.14;25,82;0,34;11;21
24/08/26;AMADEUS;CALL;Sep-26;62,00;58.14;25,43;0,18;;1.001
24/08/26;AMADEUS;CALL;Sep-26;64,00;58.14;25,04;0,08;;1
24/08/26;AMADEUS;CALL;Sep-26;66,00;58.14;24,65;0,03;;5
24/08/26;AMADEUS;CALL;Sep-26;70,00;58.14;23,87;;;31
24/08/26;AMADEUS;CALL;Sep-26;72,00;58.14;23,48;;;25
24/08/26;AMADEUS;CALL;Sep-26;74,00;58.14;23,09;;;25
24/08/26;AMADEUS;CALL;Sep-26;84,00;58.14;21,14;;;24
24/08/26;AMADEUS;CALL;Oct-26;48,00;58.14;32,12;0,95;;1
24/08/26;AMADEUS;CALL;Oct-26;56,00;58.14;27,95;0,67;;1
24/08/26;AMADEUS;CALL;Oct-26;60,00;58.14;26,47;0,41;;1
24/08/26;AMADEUS;CALL;Oct-26;62,00;58.14;26,08;0,29;;991
24/08/26;AMADEUS;CALL;Oct-26;64,00;58.14;25,69;0,19;;1.300
24/08/26;AMADEUS;CALL;Oct-26;66,00;58.14;25,30;0,11;;1
24/08/26;AMADEUS;CALL;Dic-26;38,00;58.14;36,96;0,99;;4
24/08/26;AMADEUS;CALL;Dic-26;39,00;58.14;36,46;0,98;;25
24/08/26;AMADEUS;CALL;Dic-26;40,00;58.14;35,95;0,98;;11
24/08/26;AMADEUS;CALL;Dic-26;45,00;58.14;33,43;0,93;;11
24/08/26;AMADEUS;CALL;Dic-26;49,00;58.14;31,41;0,86;;1
24/08/26;AMADEUS;CALL;Dic-26;50,00;58.14;30,91;0,84;;13
24/08/26;AMADEUS;CALL;Dic-26;52,00;58.14;29,90;0,78;;500
24/08/26;AMADEUS;CALL;Dic-26;54,00;58.14;28,89;0,72;;13
24/08/26;AMADEUS;CALL;Dic-26;56,00;58.14;27,88;0,64;;26
24/08/26;AMADEUS;CALL;Dic-26;58,00;58.14;26,87;0,56;;25
24/08/26;AMADEUS;CALL;Dic-26;60,00;58.14;26,58;0,47;;501
24/08/26;AMADEUS;CALL;Dic-26;62,00;58.14;26,34;0,38;;25
24/08/26;AMADEUS;CALL;Dic-26;64,00;58.14;26,09;0,30;;27
24/08/26;AMADEUS;CALL;Dic-26;66,00;58.14;25,85;0,23;;72
24/08/26;AMADEUS;CALL;Dic-26;68,00;58.14;25,61;0,17;;25
24/08/26;AMADEUS;CALL;Dic-26;70,00;58.14;25,37;0,12;;1
24/08/26;AMADEUS;CALL;Dic-26;72,00;58.14;25,13;0,08;;28
24/08/26;AMADEUS;CALL;Dic-26;74,00;58.14;24,89;0,05;;6
24/08/26;AMADEUS;CALL;Dic-26;90,00;58.14;22,96;;;3
24/08/26;AMADEUS;CALL;Mar-27;40,00;58.14;35,83;0,95;;1
24/08/26;AMADEUS;CALL;Mar-27;45,00;58.14;33,42;0,89;1;
24/08/26;AMADEUS;CALL;Mar-27;52,00;58.14;30,05;0,74;;25
24/08/26;AMADEUS;CALL;Mar-27;54,00;58.14;29,08;0,69;;500
24/08/26;AMADEUS;CALL;Mar-27;56,00;58.14;28,12;0,63;;63
24/08/26;AMADEUS;CALL;Mar-27;58,00;58.14;27,16;0,56;;35
24/08/26;AMADEUS;CALL;Mar-27;60,00;58.14;26,88;0,49;;1
24/08/26;AMADEUS;CALL;Mar-27;62,00;58.14;26,65;0,43;;150
24/08/26;AMADEUS;CALL;Mar-27;66,00;58.14;26,19;0,30;;3
24/08/26;AMADEUS;CALL;Jun-27;40,00;58.14;35,46;0,92;;1
24/08/26;AMADEUS;CALL;Jun-27;50,00;58.14;31,04;0,76;;1
24/08/26;AMADEUS;CALL;Jun-27;52,00;58.14;30,16;0,72;;25
24/08/26;AMADEUS;CALL;Jun-27;58,00;58.14;27,51;0,57;;25
24/08/26;AMADEUS;CALL;Jun-27;60,00;58.14;27,18;0,52;;1
24/08/26;AMADEUS;CALL;Jun-27;62,00;58.14;26,90;0,46;;50
24/08/26;AMADEUS;CALL;Jun-27;64,00;58.14;26,61;0,41;;26
24/08/26;AMADEUS;CALL;Jun-27;66,00;58.14;26,32;0,36;;25
24/08/26;AMADEUS;CALL;Jun-27;68,00;58.14;26,04;0,31;;25
24/08/26;AMADEUS;CALL;Jun-27;72,00;58.14;25,46;0,22;;1
24/08/26;AMADEUS;CALL;Sep-27;49,00;58.14;32,14;0,77;;5
24/08/26;AMADEUS;CALL;Sep-27;66,00;58.14;27,43;0,38;;26
24/08/26;AMADEUS;CALL;Dic-27;56,00;58.14;29,83;0,62;;17
24/08/26;AMADEUS;CALL;Dic-27;60,00;58.14;28,82;0,54;;1
24/08/26;AMADEUS;CALL;Dic-27;72,00;58.14;27,37;0,31;;6
24/08/26;AMADEUS;PUT;Sep-26;38,00;58.14;37,90;;;8
24/08/26;AMADEUS;PUT;Sep-26;39,00;58.14;37,37;;;6
24/08/26;AMADEUS;PUT;Sep-26;40,00;58.14;36,83;;;1
24/08/26;AMADEUS;PUT;Sep-26;41,00;58.14;36,30;;;25
24/08/26;AMADEUS;PUT;Sep-26;42,00;58.14;35,77;;;717
24/08/26;AMADEUS;PUT;Sep-26;43,00;58.14;35,23;;;15
24/08/26;AMADEUS;PUT;Sep-26;44,00;58.14;34,70;;;230
24/08/26;AMADEUS;PUT;Sep-26;45,00;58.14;34,17;;;109
24/08/26;AMADEUS;PUT;Sep-26;46,00;58.14;33,63;;;3.537
24/08/26;AMADEUS;PUT;Sep-26;47,00;58.14;33,10;-0,01;;202
24/08/26;AMADEUS;PUT;Sep-26;48,00;58.14;32,57;-0,01;;94
24/08/26;AMADEUS;PUT;Sep-26;49,00;58.14;32,03;-0,02;;56
24/08/26;AMADEUS;PUT;Sep-26;50,00;58.14;31,50;-0,03;;30
24/08/26;AMADEUS;PUT;Sep-26;52,00;58.14;30,43;-0,07;1;25
24/08/26;AMADEUS;PUT;Sep-26;54,00;58.14;29,37;-0,16;1;32
24/08/26;AMADEUS;PUT;Sep-26;56,00;58.14;28,30;-0,29;;3
24/08/26;AMADEUS;PUT;Sep-26;58,00;58.14;27,23;-0,47;;25
24/08/26;AMADEUS;PUT;Sep-26;60,00;58.14;26,80;-0,65;;28
24/08/26;AMADEUS;PUT;Sep-26;66,00;58.14;25,63;-0,98;;25
24/08/26;AMADEUS;PUT;Sep-26;68,00;58.14;25,24;-1,00;;50
24/08/26;AMADEUS;PUT;Sep-26;70,00;58.14;24,85;-1,00;;50
24/08/26;AMADEUS;PUT;Oct-26;36,00;58.14;38,51;;;18
24/08/26;AMADEUS;PUT;Oct-26;39,00;58.14;36,95;;;2
24/08/26;AMADEUS;PUT;Oct-26;40,00;58.14;36,42;;;526
24/08/26;AMADEUS;PUT;Oct-26;45,00;58.14;33,82;-0,02;;1
24/08/26;AMADEUS;PUT;Oct-26;48,00;58.14;32,25;-0,05;;3
24/08/26;AMADEUS;PUT;Oct-26;50,00;58.14;31,21;-0,09;;2
24/08/26;AMADEUS;PUT;Oct-26;52,00;58.14;30,16;-0,15;;3
24/08/26;AMADEUS;PUT;Oct-26;54,00;58.14;29,12;-0,23;1;2
24/08/26;AMADEUS;PUT;Oct-26;58,00;58.14;27,03;-0,46;;10
24/08/26;AMADEUS;PUT;Dic-26;38,00;58.14;36,86;-0,01;;54
24/08/26;AMADEUS;PUT;Dic-26;39,00;58.14;36,36;-0,02;;174
24/08/26;AMADEUS;PUT;Dic-26;40,00;58.14;35,85;-0,02;;103
24/08/26;AMADEUS;PUT;Dic-26;42,00;58.14;34,84;-0,04;;2
24/08/26;AMADEUS;PUT;Dic-26;43,00;58.14;34,34;-0,05;;64
24/08/26;AMADEUS;PUT;Dic-26;44,00;58.14;33,83;-0,06;;15
24/08/26;AMADEUS;PUT;Dic-26;45,00;58.14;33,33;-0,07;;79
24/08/26;AMADEUS;PUT;Dic-26;46,00;58.14;32,82;-0,08;;38
24/08/26;AMADEUS;PUT;Dic-26;47,00;58.14;32,32;-0,10;1;100
24/08/26;AMADEUS;PUT;Dic-26;48,00;58.14;31,82;-0,12;;2.022
24/08/26;AMADEUS;PUT;Dic-26;49,00;58.14;31,31;-0,14;;15
24/08/26;AMADEUS;PUT;Dic-26;50,00;58.14;30,81;-0,16;;868
24/08/26;AMADEUS;PUT;Dic-26;52,00;58.14;29,80;-0,22;;536
24/08/26;AMADEUS;PUT;Dic-26;54,00;58.14;28,79;-0,28;;91
24/08/26;AMADEUS;PUT;Dic-26;56,00;58.14;27,78;-0,36;;8
24/08/26;AMADEUS;PUT;Dic-26;58,00;58.14;26,77;-0,45;;1
24/08/26;AMADEUS;PUT;Dic-26;60,00;58.14;26,48;-0,54;;26
24/08/26;AMADEUS;PUT;Dic-26;62,00;58.14;26,24;-0,63;;3
24/08/26;AMADEUS;PUT;Dic-26;64,00;58.14;25,99;-0,72;;1
24/08/26;AMADEUS;PUT;Dic-26;68,00;58.14;25,51;-0,86;;25
24/08/26;AMADEUS;PUT;Dic-26;70,00;58.14;25,27;-0,91;;25
24/08/26;AMADEUS;PUT;Mar-27;38,00;58.14;35,71;-0,04;;116
24/08/26;AMADEUS;PUT;Mar-27;39,00;58.14;35,23;-0,05;;55
24/08/26;AMADEUS;PUT;Mar-27;40,00;58.14;34,75;-0,06;;3
24/08/26;AMADEUS;PUT;Mar-27;41,00;58.14;34,26;-0,07;;54
24/08/26;AMADEUS;PUT;Mar-27;42,00;58.14;33,78;-0,08;;2
24/08/26;AMADEUS;PUT;Mar-27;45,00;58.14;32,34;-0,12;;5
24/08/26;AMADEUS;PUT;Mar-27;46,00;58.14;31,86;-0,13;;10
24/08/26;AMADEUS;PUT;Mar-27;47,00;58.14;31,37;-0,15;;14
24/08/26;AMADEUS;PUT;Mar-27;48,00;58.14;30,89;-0,17;;515
24/08/26;AMADEUS;PUT;Mar-27;49,00;58.14;30,41;-0,19;;15
24/08/26;AMADEUS;PUT;Mar-27;50,00;58.14;29,93;-0,21;;1
24/08/26;AMADEUS;PUT;Mar-27;52,00;58.14;28,97;-0,27;;3
24/08/26;AMADEUS;PUT;Mar-27;54,00;58.14;28,00;-0,32;;1
24/08/26;AMADEUS;PUT;Mar-27;62,00;58.14;25,57;-0,59;;1
24/08/26;AMADEUS;PUT;Jun-27;38,00;58.14;35,06;-0,06;;65
24/08/26;AMADEUS;PUT;Jun-27;39,00;58.14;34,62;-0,07;;10
24/08/26;AMADEUS;PUT;Jun-27;42,00;58.14;33,30;-0,10;;25
24/08/26;AMADEUS;PUT;Jun-27;43,00;58.14;32,85;-0,12;;25
24/08/26;AMADEUS;PUT;Jun-27;44,00;58.14;32,41;-0,13;;3
24/08/26;AMADEUS;PUT;Jun-27;45,00;58.14;31,97;-0,14;;1
24/08/26;AMADEUS;PUT;Jun-27;46,00;58.14;31,53;-0,16;;25
24/08/26;AMADEUS;PUT;Jun-27;47,00;58.14;31,09;-0,18;;25
24/08/26;AMADEUS;PUT;Jun-27;48,00;58.14;30,65;-0,20;;53
24/08/26;AMADEUS;PUT;Jun-27;49,00;58.14;30,20;-0,21;;3
24/08/26;AMADEUS;PUT;Jun-27;50,00;58.14;29,76;-0,24;;24
24/08/26;AMADEUS;PUT;Jun-27;52,00;58.14;28,88;-0,28;;7
24/08/26;AMADEUS;PUT;Jun-27;54,00;58.14;28,00;-0,33;;1
24/08/26;AMADEUS;PUT;Jun-27;60,00;58.14;25,90;-0,50;;11
24/08/26;AMADEUS;PUT;Sep-27;52,00;58.14;28,59;-0,31;;1
24/08/26;AMADEUS;PUT;Sep-27;54,00;58.14;27,79;-0,35;;1
24/08/26;AMADEUS;PUT;Dic-27;46,00;58.14;30,58;-0,20;;50
24/08/26;AMADEUS;PUT;Dic-27;47,00;58.14;30,22;-0,22;;25
24/08/26;AMADEUS;PUT;Dic-27;48,00;58.14;29,85;-0,23;;51
24/08/26;AMADEUS;PUT;Dic-27;50,00;58.14;29,12;-0,27;;7
24/08/26;AMADEUS;PUT;Dic-27;52,00;58.14;28,38;-0,31;;3
24/08/26;AMADEUS;PUT;Dic-27;58,00;58.14;26,18;-0,44;;1
24/08/26;AMADEUS;PUT;Mar-28;49,00;58.14;28,81;-0,26;;1
24/08/26;AMADEUS;PUT;Jun-28;46,00;58.14;29,31;-0,21;;2
24/08/26;AMADEUS;PUT;Jun-28;48,00;58.14;28,71;-0,24;;6
24/08/26;AMADEUS;PUT;Jun-28;56,00;58.14;26,33;-0,39;;1
24/08/26;AMADEUS;PUT;Jun-28;60,00;58.14;25,52;-0,47;;3
24/08/26;AMADEUS;PUT;Jun-28;62,00;58.14;25,34;-0,51;;3
24/08/26;AMADEUS;PUT;Jun-28;70,00;58.14;24,60;-0,67;;2
24/08/26;AMADEUS;PUT;Sep-28;46,00;58.14;28,76;-0,23;;2
24/08/26;AMADEUS;PUT;Dic-26;44,00;58.14;33,83;-0,06;;1
24/08/26;AMADEUS;PUT;Dic-26;46,00;58.14;32,82;-0,08;;1
24/08/26;AMADEUS;PUT;Sep-27;60,00;58.14;25,88;-0,48;;1
24/08/26;ARCELORMITTAL;CALL;Sep-26;40,00;62.84;51,89;1,00;;25
24/08/26;ARCELORMITTAL;CALL;Sep-26;50,00;62.84;48,86;0,97;;1
24/08/26;ARCELORMITTAL;CALL;Sep-26;52,00;62.84;48,26;0,94;4;
24/08/26;ARCELORMITTAL;CALL;Sep-26;58,00;62.84;46,44;0,77;;22
24/08/26;ARCELORMITTAL;CALL;Sep-26;62,00;62.84;45,23;0,57;;74
24/08/26;ARCELORMITTAL;CALL;Sep-26;64,00;62.84;44,40;0,47;;28
24/08/26;ARCELORMITTAL;CALL;Sep-26;66,00;62.84;43,39;0,36;;2
24/08/26;ARCELORMITTAL;CALL;Sep-26;68,00;62.84;42,38;0,26;;7
24/08/26;ARCELORMITTAL;CALL;Sep-26;70,00;62.84;41,37;0,18;;118
24/08/26;ARCELORMITTAL;CALL;Sep-26;74,00;62.84;39,36;0,07;;25
24/08/26;ARCELORMITTAL;CALL;Sep-26;76,00;62.84;38,35;0,03;;25
24/08/26;ARCELORMITTAL;CALL;Sep-26;78,00;62.84;37,34;0,02;;100
24/08/26;ARCELORMITTAL;CALL;Sep-26;80,00;62.84;36,33;0,01;;50
24/08/26;ARCELORMITTAL;CALL;Sep-26;84,00;62.84;34,32;;;104
24/08/26;ARCELORMITTAL;CALL;Oct-26;70,00;62.84;42,82;0,29;;35
24/08/26;ARCELORMITTAL;CALL;Dic-26;26,00;62.84;55,72;1,00;;4
24/08/26;ARCELORMITTAL;CALL;Dic-26;35,00;62.84;53,14;0,98;;3
24/08/26;ARCELORMITTAL;CALL;Dic-26;40,00;62.84;51,71;0,96;;2
24/08/26;ARCELORMITTAL;CALL;Dic-26;45,00;62.84;50,28;0,91;;10
24/08/26;ARCELORMITTAL;CALL;Dic-26;50,00;62.84;48,85;0,84;;149
24/08/26;ARCELORMITTAL;CALL;Dic-26;56,00;62.84;47,13;0,72;;1
24/08/26;ARCELORMITTAL;CALL;Dic-26;60,00;62.84;45,98;0,63;;10
24/08/26;ARCELORMITTAL;CALL;Dic-26;70,00;62.84;43,27;0,39;;26
24/08/26;ARCELORMITTAL;CALL;Dic-26;74,00;62.84;42,21;0,30;;2
24/08/26;ARCELORMITTAL;CALL;Dic-26;88,00;62.84;38,50;0,08;;25
24/08/26;ARCELORMITTAL;CALL;Jun-27;21,00;62.84;54,13;0,99;;3
24/08/26;ARCELORMITTAL;CALL;Dic-29;30,00;62.84;37,86;0,94;;1
24/08/26;ARCELORMITTAL;PUT;Sep-26;24,00;62.84;54,71;;;1
24/08/26;ARCELORMITTAL;PUT;Sep-26;38,00;62.84;50,48;;;5
24/08/26;ARCELORMITTAL;PUT;Sep-26;40,00;62.84;49,88;;;2
24/08/26;ARCELORMITTAL;PUT;Sep-26;44,00;62.84;48,67;;;25
24/08/26;ARCELORMITTAL;PUT;Sep-26;45,00;62.84;48,36;;;50
24/08/26;ARCELORMITTAL;PUT;Sep-26;46,00;62.84;48,06;-0,01;;25
24/08/26;ARCELORMITTAL;PUT;Sep-26;54,00;62.84;45,64;-0,09;;1
24/08/26;ARCELORMITTAL;PUT;Sep-26;56,00;62.84;45,04;-0,15;;1
24/08/26;ARCELORMITTAL;PUT;Sep-26;58,00;62.84;44,43;-0,23;;40
24/08/26;ARCELORMITTAL;PUT;Oct-26;50,00;62.84;46,62;-0,08;;25
24/08/26;ARCELORMITTAL;PUT;Oct-26;62,00;62.84;42,99;-0,43;;10
24/08/26;ARCELORMITTAL;PUT;Dic-26;34,00;62.84;51,86;-0,01;;5
24/08/26;ARCELORMITTAL;PUT;Dic-26;35,00;62.84;51,57;-0,01;;5
24/08/26;ARCELORMITTAL;PUT;Dic-26;37,00;62.84;51,00;-0,02;;5
24/08/26;ARCELORMITTAL;PUT;Dic-26;38,00;62.84;50,72;-0,03;;5
24/08/26;ARCELORMITTAL;PUT;Dic-26;39,00;62.84;50,43;-0,03;;1
24/08/26;ARCELORMITTAL;PUT;Dic-26;40,00;62.84;50,14;-0,04;;3
24/08/26;ARCELORMITTAL;PUT;Dic-26;45,00;62.84;48,71;-0,09;;7
24/08/26;ARCELORMITTAL;PUT;Dic-26;46,00;62.84;48,42;-0,10;;1
24/08/26;ARCELORMITTAL;PUT;Dic-26;49,00;62.84;47,56;-0,14;;50
24/08/26;ARCELORMITTAL;PUT;Dic-26;50,00;62.84;47,28;-0,16;;25
24/08/26;ARCELORMITTAL;PUT;Dic-26;54,00;62.84;46,13;-0,23;;4
24/08/26;ARCELORMITTAL;PUT;Dic-26;60,00;62.84;44,41;-0,37;;115
24/08/26;ARCELORMITTAL;PUT;Dic-26;62,00;62.84;43,84;-0,42;;20
24/08/26;ARCELORMITTAL;PUT;Mar-27;36,00;62.84;49,03;-0,04;;5
24/08/26;ARCELORMITTAL;PUT;Dic-27;24,00;62.84;45,15;-0,01;;1
24/08/26;ARCELORMITTAL;PUT;Dic-30;44,00;62.84;34,49;-0,17;;1
24/08/26;ATRESMEDIA;CALL;Sep-26;5,00;5.24;22,03;0,81;;1
24/08/26;ATRESMEDIA;CALL;Sep-26;5,25;5.24;21,02;0,51;;1
24/08/26;ATRESMEDIA;CALL;Sep-26;5,50;5.24;19,51;0,19;;1
24/08/26;ATRESMEDIA;CALL;Oct-26;5,25;5.24;22,90;0,52;;24
24/08/26;ATRESMEDIA;CALL;Dic-26;5,25;5.24;23,66;0,54;;11
24/08/26;ATRESMEDIA;CALL;Dic-26;5,50;5.24;22,23;0,39;;6
24/08/26;ATRESMEDIA;CALL;Dic-26;5,75;5.24;20,80;0,24;;10
24/08/26;ATRESMEDIA;CALL;Dic-26;6,00;5.24;19,37;0,12;;2
24/08/26;ATRESMEDIA;CALL;Mar-27;3,40;5.24;29,10;1,00;;2
24/08/26;ATRESMEDIA;CALL;Mar-27;5,00;5.24;24,52;0,66;;32
24/08/26;ATRESMEDIA;PUT;Sep-26;4,60;5.24;18,38;;;3
24/08/26;ATRESMEDIA;PUT;Sep-26;4,80;5.24;17,60;-0,03;;4
24/08/26;ATRESMEDIA;PUT;Sep-26;4,90;5.24;17,20;-0,06;;1
24/08/26;ATRESMEDIA;PUT;Dic-26;4,50;5.24;21,29;-0,14;;18
24/08/26;ATRESMEDIA;PUT;Dic-26;5,00;5.24;19,26;-0,41;;3
24/08/26;ATRESMEDIA;PUT;Dic-26;5,50;5.24;16,79;-0,77;;25
24/08/26;ATRESMEDIA;PUT;Dic-26;6,00;5.24;13,93;-0,98;;20
24/08/26;ATRESMEDIA;PUT;Mar-27;4,50;5.24;22,19;-0,20;;5
24/08/26;ATRESMEDIA;PUT;Jun-27;4,00;5.24;25,39;-0,16;;5
24/08/26;ATRESMEDIA;PUT;Jun-27;4,50;5.24;24,40;-0,31;;2
24/08/26;ATRESMEDIA;PUT;Jun-27;4,60;5.24;24,20;-0,34;;2
24/08/26;B.SABADELL;CALL;Sep-26;2,14;3.71;31,20;1,00;;117
24/08/26;B.SABADELL;CALL;Sep-26;2,56;3.71;30,14;1,00;;20
24/08/26;B.SABADELL;CALL;Sep-26;2,91;3.71;29,26;1,00;;52
24/08/26;B.SABADELL;CALL;Sep-26;2,99;3.71;29,06;1,00;;30
24/08/26;B.SABADELL;CALL;Sep-26;3,16;3.71;28,63;0,99;;2
24/08/26;B.SABADELL;CALL;Sep-26;3,25;3.71;28,41;0,97;;300
24/08/26;B.SABADELL;CALL;Sep-26;3,33;3.71;28,20;0,94;;8
24/08/26;B.SABADELL;CALL;Sep-26;3,42;3.71;27,98;0,88;;8
24/08/26;B.SABADELL;CALL;Sep-26;3,50;3.71;27,78;0,81;;40
24/08/26;B.SABADELL;CALL;Sep-26;3,59;3.71;27,55;0,70;12;12
24/08/26;B.SABADELL;CALL;Sep-26;3,68;3.71;27,33;0,57;1;1
24/08/26;B.SABADELL;CALL;Oct-26;3,59;3.71;28,31;0,66;;1
24/08/26;B.SABADELL;CALL;Dic-26;2,48;3.71;30,14;0,99;;50
24/08/26;B.SABADELL;CALL;Dic-26;2,74;3.71;29,49;0,97;;28
24/08/26;B.SABADELL;CALL;Dic-26;2,82;3.71;29,29;0,96;;3
24/08/26;B.SABADELL;CALL;Dic-26;2,91;3.71;29,06;0,95;4;
24/08/26;B.SABADELL;CALL;Dic-26;2,99;3.71;28,86;0,93;;7
24/08/26;B.SABADELL;CALL;Dic-26;3,08;3.71;28,63;0,90;;664
24/08/26;B.SABADELL;CALL;Dic-26;3,25;3.71;28,21;0,83;;11
24/08/26;B.SABADELL;CALL;Dic-26;3,33;3.71;28,00;0,79;;10
24/08/26;B.SABADELL;CALL;Dic-26;3,50;3.71;27,58;0,69;;10
24/08/26;B.SABADELL;CALL;Dic-26;3,59;3.71;27,35;0,64;;1
24/08/26;B.SABADELL;CALL;Dic-26;3,68;3.71;27,13;0,57;;25
24/08/26;B.SABADELL;CALL;Mar-27;2,22;3.71;31,34;1,00;;20
24/08/26;B.SABADELL;CALL;Mar-27;2,74;3.71;30,18;0,95;;10
24/08/26;B.SABADELL;CALL;Mar-27;2,91;3.71;29,79;0,91;;38
24/08/26;B.SABADELL;CALL;Mar-27;3,16;3.71;29,23;0,82;;80
24/08/26;B.SABADELL;CALL;Mar-27;3,33;3.71;28,85;0,75;;2
24/08/26;B.SABADELL;CALL;Mar-27;3,42;3.71;28,65;0,70;;9
24/08/26;B.SABADELL;CALL;Mar-27;3,50;3.71;28,47;0,66;;3
24/08/26;B.SABADELL;CALL;Jun-27;2,99;3.71;31,22;0,85;;6
24/08/26;B.SABADELL;CALL;Jun-27;3,33;3.71;30,52;0,72;;90
24/08/26;B.SABADELL;CALL;Jun-27;3,59;3.71;29,99;0,60;;2
24/08/26;B.SABADELL;CALL;Jun-27;3,68;3.71;29,80;0,56;;4
24/08/26;B.SABADELL;CALL;Jun-27;3,76;3.71;29,62;0,53;;3
24/08/26;B.SABADELL;CALL;Jun-27;3,93;3.71;29,21;0,45;;3
24/08/26;B.SABADELL;CALL;Jun-27;4,02;3.71;28,99;0,42;;8
24/08/26;B.SABADELL;PUT;Sep-26;2,22;3.71;22,14;;;5.249
24/08/26;B.SABADELL;PUT;Sep-26;2,48;3.71;21,49;;;1
24/08/26;B.SABADELL;PUT;Sep-26;2,65;3.71;21,06;;;26
24/08/26;B.SABADELL;PUT;Sep-26;2,74;3.71;20,84;;;23
24/08/26;B.SABADELL;PUT;Sep-26;2,82;3.71;20,64;;;5
24/08/26;B.SABADELL;PUT;Sep-26;2,91;3.71;20,41;;;5
24/08/26;B.SABADELL;PUT;Sep-26;2,99;3.71;20,21;;;15
24/08/26;B.SABADELL;PUT;Sep-26;3,08;3.71;19,98;;;30
24/08/26;B.SABADELL;PUT;Sep-26;3,16;3.71;19,78;;;5
24/08/26;B.SABADELL;PUT;Sep-26;3,33;3.71;19,35;-0,01;;30
24/08/26;B.SABADELL;PUT;Sep-26;3,50;3.71;18,93;-0,11;;62
24/08/26;B.SABADELL;PUT;Sep-26;3,59;3.71;18,70;-0,23;;1
24/08/26;B.SABADELL;PUT;Sep-26;3,68;3.71;18,48;-0,41;;1
24/08/26;B.SABADELL;PUT;Dic-26;2,48;3.71;23,90;;;411
24/08/26;B.SABADELL;PUT;Dic-26;2,56;3.71;23,70;;;10
24/08/26;B.SABADELL;PUT;Dic-26;2,65;3.71;23,47;;;10
24/08/26;B.SABADELL;PUT;Dic-26;2,74;3.71;23,25;-0,01;;20
24/08/26;B.SABADELL;PUT;Dic-26;2,82;3.71;23,05;-0,01;;21
24/08/26;B.SABADELL;PUT;Dic-26;2,91;3.71;22,82;-0,02;;2
24/08/26;B.SABADELL;PUT;Dic-26;2,99;3.71;22,62;-0,03;;10
24/08/26;B.SABADELL;PUT;Dic-26;3,08;3.71;22,39;-0,05;;52
24/08/26;B.SABADELL;PUT;Dic-26;3,16;3.71;22,19;-0,08;;60
24/08/26;B.SABADELL;PUT;Dic-26;3,50;3.71;21,34;-0,27;;50
24/08/26;B.SABADELL;PUT;Mar-27;2,48;3.71;25,69;-0,01;;1
24/08/26;B.SABADELL;PUT;Mar-27;2,65;3.71;25,31;-0,03;;20
24/08/26;B.SABADELL;PUT;Mar-27;2,82;3.71;24,93;-0,06;;113
24/08/26;B.SABADELL;PUT;Mar-27;2,99;3.71;24,54;-0,11;;205
24/08/26;B.SABADELL;PUT;Mar-27;3,08;3.71;24,34;-0,14;;200
24/08/26;B.SABADELL;PUT;Mar-27;3,33;3.71;23,78;-0,26;;141
24/08/26;B.SABADELL;PUT;Mar-27;3,42;3.71;23,58;-0,31;;3
24/08/26;B.SABADELL;PUT;Mar-27;3,59;3.71;23,20;-0,41;;100
24/08/26;B.SABADELL;PUT;Jun-27;2,74;3.71;26,14;-0,09;;5
24/08/26;B.SABADELL;PUT;Sep-27;2,39;3.71;27,35;-0,05;;5
24/08/26;B.SABADELL;PUT;Dic-27;2,74;3.71;26,90;-0,15;;1.538
24/08/26;B.SABADELL;PUT;Dic-27;2,82;3.71;26,74;-0,17;;3.026
24/08/26;B.SABADELL;PUT;Mar-28;2,56;3.71;28,84;-0,13;;830
24/08/26;B.SABADELL;PUT;Mar-28;2,74;3.71;28,55;-0,18;;769
24/08/26;B.SABADELL;PUT;Mar-28;2,82;3.71;28,42;-0,20;;758
24/08/26;B.SABADELL;PUT;Mar-28;2,91;3.71;28,28;-0,22;;742
24/08/26;B.SABADELL;PUT;Dic-26;2,48;3.71;23,90;;;10
24/08/26;BANKINTER;CALL;Sep-26;13,50;16.96;28,07;1,00;;23
24/08/26;BANKINTER;CALL;Sep-26;14,00;16.96;27,05;1,00;;9
24/08/26;BANKINTER;CALL;Sep-26;14,50;16.96;26,03;0,99;;1
24/08/26;BANKINTER;CALL;Sep-26;15,00;16.96;25,01;0,97;;2
24/08/26;BANKINTER;CALL;Sep-26;16,50;16.96;21,94;0,70;;10
24/08/26;BANKINTER;CALL;Oct-26;15,00;16.96;26,60;0,90;;10
24/08/26;BANKINTER;CALL;Oct-26;17,50;16.96;22,39;0,39;;10
24/08/26;BANKINTER;CALL;Dic-26;13,50;16.96;30,43;0,94;;11
24/08/26;BANKINTER;CALL;Dic-26;14,00;16.96;29,46;0,91;;2
24/08/26;BANKINTER;CALL;Dic-26;15,00;16.96;27,52;0,83;;10
24/08/26;BANKINTER;CALL;Dic-26;15,50;16.96;26,54;0,77;;10
24/08/26;BANKINTER;CALL;Dic-26;16,00;16.96;25,57;0,71;;50
24/08/26;BANKINTER;CALL;Dic-26;17,00;16.96;23,70;0,54;;70
24/08/26;BANKINTER;CALL;Mar-27;15,00;16.96;27,74;0,77;;21
24/08/26;BANKINTER;CALL;Mar-27;16,50;16.96;25,29;0,60;;100
24/08/26;BANKINTER;CALL;Mar-27;17,00;16.96;24,54;0,53;;100
24/08/26;BANKINTER;CALL;Jun-27;14,50;16.96;28,39;0,78;;1
24/08/26;BANKINTER;CALL;Jun-27;15,50;16.96;26,97;0,69;;1
24/08/26;BANKINTER;CALL;Jun-27;16,00;16.96;26,26;0,64;;25
24/08/26;BANKINTER;CALL;Jun-27;16,50;16.96;25,55;0,59;;1
24/08/26;BANKINTER;CALL;Dic-27;14,50;16.96;27,88;0,75;;3
24/08/26;BANKINTER;CALL;Dic-27;15,50;16.96;26,78;0,67;;1
24/08/26;BANKINTER;CALL;Dic-27;17,00;16.96;25,17;0,54;;25
24/08/26;BANKINTER;PUT;Sep-26;6,50;16.96;42,12;;;31
24/08/26;BANKINTER;PUT;Sep-26;7,00;16.96;41,09;;;1
24/08/26;BANKINTER;PUT;Sep-26;10,50;16.96;33,94;;;3
24/08/26;BANKINTER;PUT;Sep-26;11,00;16.96;32,92;;;3
24/08/26;BANKINTER;PUT;Sep-26;11,50;16.96;31,89;;;4
24/08/26;BANKINTER;PUT;Sep-26;12,50;16.96;29,85;;;2
24/08/26;BANKINTER;PUT;Sep-26;13,00;16.96;28,83;;;20
24/08/26;BANKINTER;PUT;Sep-26;13,50;16.96;27,80;;;10
24/08/26;BANKINTER;PUT;Sep-26;14,00;16.96;26,78;;;10
24/08/26;BANKINTER;PUT;Sep-26;15,00;16.96;24,74;-0,03;;5
24/08/26;BANKINTER;PUT;Sep-26;15,50;16.96;23,71;-0,07;;20
24/08/26;BANKINTER;PUT;Sep-26;16,50;16.96;21,67;-0,30;;3
24/08/26;BANKINTER;PUT;Oct-26;14,50;16.96;27,21;-0,06;;10
24/08/26;BANKINTER;PUT;Dic-26;7,25;16.96;41,59;;;1
24/08/26;BANKINTER;PUT;Dic-26;11,00;16.96;34,29;-0,01;;1
24/08/26;BANKINTER;PUT;Dic-26;12,00;16.96;32,34;-0,03;;1.020
24/08/26;BANKINTER;PUT;Dic-26;12,50;16.96;31,37;-0,04;;114
24/08/26;BANKINTER;PUT;Dic-26;13,00;16.96;30,40;-0,06;;20
24/08/26;BANKINTER;PUT;Dic-26;13,50;16.96;29,42;-0,08;;3.360
24/08/26;BANKINTER;PUT;Dic-26;14,00;16.96;28,45;-0,12;;25
24/08/26;BANKINTER;PUT;Dic-26;15,00;16.96;26,51;-0,21;;5
24/08/26;BANKINTER;PUT;Dic-26;16,00;16.96;24,56;-0,35;;25
24/08/26;BANKINTER;PUT;Mar-27;13,50;16.96;28,20;-0,13;;1.008
24/08/26;BANKINTER;PUT;Jun-27;11,00;16.96;30,80;-0,05;;222
24/08/26;BANKINTER;PUT;Jun-27;12,50;16.96;28,68;-0,10;;3
24/08/26;BANKINTER;PUT;Jun-27;13,50;16.96;27,26;-0,16;;1.000
24/08/26;BANKINTER;PUT;Dic-27;10,50;16.96;28,78;-0,06;;1.000
24/08/26;BANKINTER;PUT;Dic-27;11,00;16.96;28,23;-0,08;;50
24/08/26;BANKINTER;PUT;Dic-27;15,00;16.96;23,82;-0,31;;25
24/08/26;BANKINTER;PUT;Mar-28;13,00;16.96;26,85;-0,19;;194
24/08/26;BANKINTER;PUT;Mar-28;14,00;16.96;25,93;-0,25;;175
24/08/26;BBVA;CALL;Sep-26;13,50;25.07;49,22;1,00;;75
24/08/26;BBVA;CALL;Sep-26;14,00;25.07;48,13;1,00;;75
24/08/26;BBVA;CALL;Sep-26;14,50;25.07;47,05;1,00;;75
24/08/26;BBVA;CALL;Sep-26;15,00;25.07;45,96;1,00;;152
24/08/26;BBVA;CALL;Sep-26;15,50;25.07;44,88;1,00;;150
24/08/26;BBVA;CALL;Sep-26;16,00;25.07;43,80;1,00;;300
24/08/26;BBVA;CALL;Sep-26;16,50;25.07;42,71;1,00;;300
24/08/26;BBVA;CALL;Sep-26;17,00;25.07;41,63;1,00;;1.950
24/08/26;BBVA;CALL;Sep-26;17,50;25.07;40,55;1,00;;5.000
24/08/26;BBVA;CALL;Sep-26;18,50;25.07;38,38;1,00;;151
24/08/26;BBVA;CALL;Sep-26;19,00;25.07;37,30;1,00;;4.260
24/08/26;BBVA;CALL;Sep-26;19,50;25.07;36,21;1,00;;250
24/08/26;BBVA;CALL;Sep-26;20,00;25.07;35,13;0,99;;7.148
24/08/26;BBVA;CALL;Sep-26;21,00;25.07;32,96;0,98;;2.009
24/08/26;BBVA;CALL;Sep-26;22,00;25.07;30,79;0,95;;534
24/08/26;BBVA;CALL;Sep-26;23,00;25.07;28,63;0,89;;150
24/08/26;BBVA;CALL;Sep-26;24,00;25.07;26,46;0,75;;73
24/08/26;BBVA;CALL;Sep-26;25,00;25.07;24,29;0,54;;395
24/08/26;BBVA;CALL;Sep-26;25,50;25.07;23,94;0,41;;11
24/08/26;BBVA;CALL;Sep-26;26,00;25.07;23,71;0,30;1.001;1.180
24/08/26;BBVA;CALL;Sep-26;27,00;25.07;23,24;0,12;;130
24/08/26;BBVA;CALL;Oct-26;25,00;25.07;26,85;0,54;;1
24/08/26;BBVA;CALL;Oct-26;26,00;25.07;26,35;0,38;;6
24/08/26;BBVA;CALL;Oct-26;27,00;25.07;25,95;0,23;;80
24/08/26;BBVA;CALL;Dic-26;13,00;25.07;49,51;1,00;;25
24/08/26;BBVA;CALL;Dic-26;15,00;25.07;46,13;1,00;;30
24/08/26;BBVA;CALL;Dic-26;16,00;25.07;44,45;0,99;;3.988
24/08/26;BBVA;CALL;Dic-26;16,50;25.07;43,60;0,99;;50
24/08/26;BBVA;CALL;Dic-26;17,00;25.07;42,76;0,98;;4.311
24/08/26;BBVA;CALL;Dic-26;17,50;25.07;41,91;0,97;;650
24/08/26;BBVA;CALL;Dic-26;18,00;25.07;41,07;0,96;;158
24/08/26;BBVA;CALL;Dic-26;18,50;25.07;40,22;0,95;;8
24/08/26;BBVA;CALL;Dic-26;19,00;25.07;39,38;0,94;;2.502
24/08/26;BBVA;CALL;Dic-26;19,50;25.07;38,54;0,92;;20
24/08/26;BBVA;CALL;Dic-26;20,00;25.07;37,69;0,90;;162
24/08/26;BBVA;CALL;Dic-26;21,00;25.07;36,00;0,85;;3.522
24/08/26;BBVA;CALL;Dic-26;22,00;25.07;34,31;0,79;;25
24/08/26;BBVA;CALL;Dic-26;23,00;25.07;32,63;0,72;;2.211
24/08/26;BBVA;CALL;Dic-26;24,00;25.07;30,94;0,63;;2
24/08/26;BBVA;CALL;Dic-26;25,00;25.07;29,25;0,53;;214
24/08/26;BBVA;CALL;Dic-26;26,00;25.07;28,78;0,43;;16
24/08/26;BBVA;CALL;Dic-26;27,00;25.07;28,41;0,33;;152
24/08/26;BBVA;CALL;Dic-26;28,00;25.07;28,04;0,25;;6
24/08/26;BBVA;CALL;Mar-27;9,50;25.07;52,65;1,00;;25
24/08/26;BBVA;CALL;Mar-27;12,00;25.07;49,02;1,00;;25
24/08/26;BBVA;CALL;Mar-27;13,00;25.07;47,57;0,99;;1
24/08/26;BBVA;CALL;Mar-27;15,50;25.07;43,95;0,97;;5
24/08/26;BBVA;CALL;Mar-27;16,00;25.07;43,22;0,95;;905
24/08/26;BBVA;CALL;Mar-27;16,50;25.07;42,50;0,94;;250
24/08/26;BBVA;CALL;Mar-27;17,50;25.07;41,05;0,92;;40
24/08/26;BBVA;CALL;Mar-27;18,00;25.07;40,33;0,90;2;101
24/08/26;BBVA;CALL;Mar-27;19,00;25.07;38,88;0,87;;109
24/08/26;BBVA;CALL;Mar-27;20,00;25.07;37,43;0,83;;3.050
24/08/26;BBVA;CALL;Mar-27;20,50;25.07;36,70;0,81;;1
24/08/26;BBVA;CALL;Mar-27;21,50;25.07;35,25;0,76;;4.000
24/08/26;BBVA;CALL;Mar-27;22,00;25.07;34,53;0,73;;4.055
24/08/26;BBVA;CALL;Mar-27;23,00;25.07;33,08;0,68;;161
24/08/26;BBVA;CALL;Mar-27;24,00;25.07;31,63;0,62;;391
24/08/26;BBVA;CALL;Mar-27;25,00;25.07;30,18;0,55;;211
24/08/26;BBVA;CALL;Mar-27;26,00;25.07;29,83;0,48;;500
24/08/26;BBVA;CALL;Mar-27;27,00;25.07;29,57;0,41;;500
24/08/26;BBVA;CALL;Mar-27;28,00;25.07;29,30;0,35;;200
24/08/26;BBVA;CALL;Jun-27;12,00;25.07;49,60;1,00;;150
24/08/26;BBVA;CALL;Jun-27;12,50;25.07;48,91;0,99;;25
24/08/26;BBVA;CALL;Jun-27;13,00;25.07;48,23;0,99;;1
24/08/26;BBVA;CALL;Jun-27;15,00;25.07;45,49;0,96;;3
24/08/26;BBVA;CALL;Jun-27;17,00;25.07;42,75;0,91;;6.000
24/08/26;BBVA;CALL;Jun-27;20,00;25.07;38,64;0,81;;150
24/08/26;BBVA;CALL;Jun-27;21,00;25.07;37,27;0,76;;2.600
24/08/26;BBVA;CALL;Jun-27;22,00;25.07;35,90;0,72;;3.150
24/08/26;BBVA;CALL;Jun-27;23,00;25.07;34,53;0,67;;21
24/08/26;BBVA;CALL;Jun-27;24,00;25.07;33,17;0,62;;10
24/08/26;BBVA;CALL;Jun-27;25,00;25.07;31,80;0,56;;1.760
24/08/26;BBVA;CALL;Jun-27;26,00;25.07;31,43;0,50;;15
24/08/26;BBVA;CALL;Jun-27;27,00;25.07;31,14;0,44;;13
24/08/26;BBVA;CALL;Sep-27;11,50;25.07;47,80;1,00;;150
24/08/26;BBVA;CALL;Sep-27;12,00;25.07;47,19;1,00;;150
24/08/26;BBVA;CALL;Sep-27;15,00;25.07;43,56;0,94;;2
24/08/26;BBVA;CALL;Sep-27;20,00;25.07;37,51;0,79;;1
24/08/26;BBVA;CALL;Sep-27;22,00;25.07;35,09;0,71;;1
24/08/26;BBVA;CALL;Dic-27;11,00;25.07;48,21;1,00;;150
24/08/26;BBVA;CALL;Dic-27;11,50;25.07;47,64;1,00;;26
24/08/26;BBVA;CALL;Dic-27;13,50;25.07;45,35;0,97;;150
24/08/26;BBVA;CALL;Dic-27;15,00;25.07;43,63;0,93;;75
24/08/26;BBVA;CALL;Dic-27;16,00;25.07;42,49;0,91;;6.000
24/08/26;BBVA;CALL;Dic-27;17,00;25.07;41,35;0,88;;150
24/08/26;BBVA;CALL;Dic-27;17,50;25.07;40,78;0,86;;100
24/08/26;BBVA;CALL;Dic-27;18,00;25.07;40,20;0,85;;1
24/08/26;BBVA;CALL;Dic-27;20,00;25.07;37,92;0,78;;150
24/08/26;BBVA;CALL;Dic-27;25,00;25.07;32,20;0,56;;4.002
24/08/26;BBVA;CALL;Dic-27;26,00;25.07;31,81;0,52;;100
24/08/26;BBVA;CALL;Mar-28;17,00;25.07;40,60;0,86;;600
24/08/26;BBVA;CALL;Mar-28;17,50;25.07;40,07;0,85;;300
24/08/26;BBVA;CALL;Mar-28;18,00;25.07;39,55;0,83;;300
24/08/26;BBVA;CALL;Mar-28;21,00;25.07;36,40;0,73;;350
24/08/26;BBVA;CALL;Jun-28;10,00;25.07;48,47;1,00;;1
24/08/26;BBVA;CALL;Jun-28;17,00;25.07;41,39;0,86;;750
24/08/26;BBVA;CALL;Jun-28;17,50;25.07;40,89;0,85;;600
24/08/26;BBVA;CALL;Jun-28;18,00;25.07;40,38;0,83;;575
24/08/26;BBVA;CALL;Jun-28;18,50;25.07;39,88;0,81;;3
24/08/26;BBVA;CALL;Jun-28;19,00;25.07;39,37;0,80;;50
24/08/26;BBVA;CALL;Jun-28;19,50;25.07;38,87;0,78;;100
24/08/26;BBVA;CALL;Jun-28;20,00;25.07;38,36;0,76;;125
24/08/26;BBVA;CALL;Jun-28;21,00;25.07;37,35;0,73;;525
24/08/26;BBVA;CALL;Jun-28;22,00;25.07;36,34;0,69;;4.450
24/08/26;BBVA;CALL;Jun-28;23,00;25.07;35,33;0,65;;150
24/08/26;BBVA;CALL;Jun-28;24,00;25.07;34,32;0,61;;300
24/08/26;BBVA;CALL;Jun-28;25,00;25.07;33,31;0,57;;1.000
24/08/26;BBVA;CALL;Dic-29;15,00;25.07;40,99;0,91;;50
24/08/26;BBVA;PUT;Sep-26;6,75;25.07;63,37;;;1
24/08/26;BBVA;PUT;Sep-26;8,25;25.07;60,12;;;5
24/08/26;BBVA;PUT;Sep-26;9,00;25.07;58,50;;;674
24/08/26;BBVA;PUT;Sep-26;9,25;25.07;57,96;;;368
24/08/26;BBVA;PUT;Sep-26;9,50;25.07;57,41;;;25
24/08/26;BBVA;PUT;Sep-26;9,75;25.07;56,87;;;200
24/08/26;BBVA;PUT;Sep-26;10,00;25.07;56,33;;;40.150
24/08/26;BBVA;PUT;Sep-26;10,50;25.07;55,25;;;300
24/08/26;BBVA;PUT;Sep-26;11,00;25.07;54,16;;;350
24/08/26;BBVA;PUT;Sep-26;11,50;25.07;53,08;;;1
24/08/26;BBVA;PUT;Sep-26;12,00;25.07;52,00;;;1
24/08/26;BBVA;PUT;Sep-26;12,50;25.07;50,91;;;50
24/08/26;BBVA;PUT;Sep-26;13,00;25.07;49,83;;;130
24/08/26;BBVA;PUT;Sep-26;14,00;25.07;47,66;;;55
24/08/26;BBVA;PUT;Sep-26;14,50;25.07;46,58;;;6
24/08/26;BBVA;PUT;Sep-26;15,00;25.07;45,49;;;108
24/08/26;BBVA;PUT;Sep-26;15,50;25.07;44,41;;;56
24/08/26;BBVA;PUT;Sep-26;16,00;25.07;43,33;;;89
24/08/26;BBVA;PUT;Sep-26;16,50;25.07;42,24;;;58
24/08/26;BBVA;PUT;Sep-26;17,00;25.07;41,16;;;4.956
24/08/26;BBVA;PUT;Sep-26;17,50;25.07;40,08;;;151
24/08/26;BBVA;PUT;Sep-26;18,00;25.07;38,99;;;7.070
24/08/26;BBVA;PUT;Sep-26;18,50;25.07;37,91;;;210
24/08/26;BBVA;PUT;Sep-26;19,00;25.07;36,83;;;7.071
24/08/26;BBVA;PUT;Sep-26;19,50;25.07;35,74;;;301
24/08/26;BBVA;PUT;Sep-26;20,00;25.07;34,66;-0,01;;12.031
24/08/26;BBVA;PUT;Sep-26;20,50;25.07;33,57;-0,01;;250
24/08/26;BBVA;PUT;Sep-26;21,00;25.07;32,49;-0,02;;3.318
24/08/26;BBVA;PUT;Sep-26;22,00;25.07;30,32;-0,04;2;263
24/08/26;BBVA;PUT;Sep-26;23,00;25.07;28,16;-0,11;1;451
24/08/26;BBVA;PUT;Sep-26;24,00;25.07;25,99;-0,24;10;32
24/08/26;BBVA;PUT;Sep-26;25,00;25.07;23,82;-0,46;;3
24/08/26;BBVA;PUT;Sep-26;26,00;25.07;23,24;-0,71;;102
24/08/26;BBVA;PUT;Oct-26;19,00;25.07;36,58;-0,02;;1
24/08/26;BBVA;PUT;Oct-26;20,00;25.07;34,73;-0,05;;6
24/08/26;BBVA;PUT;Oct-26;21,00;25.07;32,88;-0,09;;10
24/08/26;BBVA;PUT;Oct-26;22,00;25.07;31,03;-0,15;10;113
24/08/26;BBVA;PUT;Oct-26;23,00;25.07;29,19;-0,24;;51
24/08/26;BBVA;PUT;Oct-26;25,00;25.07;25,49;-0,52;;4
24/08/26;BBVA;PUT;Dic-26;5,75;25.07;59,83;;;150
24/08/26;BBVA;PUT;Dic-26;6,00;25.07;59,41;;;10.150
24/08/26;BBVA;PUT;Dic-26;6,25;25.07;58,99;;;150
24/08/26;BBVA;PUT;Dic-26;6,50;25.07;58,57;;;13.250
24/08/26;BBVA;PUT;Dic-26;6,75;25.07;58,15;;;450
24/08/26;BBVA;PUT;Dic-26;7,00;25.07;57,72;;;300
24/08/26;BBVA;PUT;Dic-26;7,25;25.07;57,30;;;600
24/08/26;BBVA;PUT;Dic-26;7,50;25.07;56,88;;;450
24/08/26;BBVA;PUT;Dic-26;7,75;25.07;56,46;;;451
24/08/26;BBVA;PUT;Dic-26;8,00;25.07;56,03;;;18.450
24/08/26;BBVA;PUT;Dic-26;8,25;25.07;55,61;;;15
24/08/26;BBVA;PUT;Dic-26;8,50;25.07;55,19;;;25.000
24/08/26;BBVA;PUT;Dic-26;8,75;25.07;54,77;;;311
24/08/26;BBVA;PUT;Dic-26;9,00;25.07;54,35;;;14.933
24/08/26;BBVA;PUT;Dic-26;9,25;25.07;53,92;;;75
24/08/26;BBVA;PUT;Dic-26;9,50;25.07;53,50;;;76
24/08/26;BBVA;PUT;Dic-26;9,75;25.07;53,08;;;200
24/08/26;BBVA;PUT;Dic-26;10,00;25.07;52,66;;;226
24/08/26;BBVA;PUT;Dic-26;10,50;25.07;51,81;;;300
24/08/26;BBVA;PUT;Dic-26;11,00;25.07;50,97;;;481
24/08/26;BBVA;PUT;Dic-26;11,50;25.07;50,12;;;1
24/08/26;BBVA;PUT;Dic-26;12,00;25.07;49,28;;;8.410
24/08/26;BBVA;PUT;Dic-26;12,50;25.07;48,44;;;250
24/08/26;BBVA;PUT;Dic-26;13,00;25.07;47,59;-0,01;;42.101
24/08/26;BBVA;PUT;Dic-26;13,50;25.07;46,75;-0,01;;400
24/08/26;BBVA;PUT;Dic-26;14,00;25.07;45,90;-0,01;;706
24/08/26;BBVA;PUT;Dic-26;14,50;25.07;45,06;-0,01;;300
24/08/26;BBVA;PUT;Dic-26;15,00;25.07;44,21;-0,02;;3.774
24/08/26;BBVA;PUT;Dic-26;15,50;25.07;43,37;-0,02;;12
24/08/26;BBVA;PUT;Dic-26;16,00;25.07;42,53;-0,03;;92
24/08/26;BBVA;PUT;Dic-26;16,50;25.07;41,68;-0,03;;520
24/08/26;BBVA;PUT;Dic-26;17,00;25.07;40,84;-0,04;;8.736
24/08/26;BBVA;PUT;Dic-26;17,50;25.07;39,99;-0,05;;136
24/08/26;BBVA;PUT;Dic-26;18,00;25.07;39,15;-0,06;;20.169
24/08/26;BBVA;PUT;Dic-26;18,50;25.07;38,30;-0,07;;105
24/08/26;BBVA;PUT;Dic-26;19,00;25.07;37,46;-0,09;;13.517
24/08/26;BBVA;PUT;Dic-26;20,00;25.07;35,77;-0,12;;10.512
24/08/26;BBVA;PUT;Dic-26;20,50;25.07;34,93;-0,14;;6
24/08/26;BBVA;PUT;Dic-26;21,00;25.07;34,08;-0,17;;12.140
24/08/26;BBVA;PUT;Dic-26;22,00;25.07;32,39;-0,23;1.000;1.003
24/08/26;BBVA;PUT;Dic-26;23,00;25.07;30,71;-0,30;;2.600
24/08/26;BBVA;PUT;Dic-26;24,00;25.07;29,02;-0,39;;505
24/08/26;BBVA;PUT;Dic-26;25,00;25.07;27,33;-0,49;;1
24/08/26;BBVA;PUT;Mar-27;8,50;25.07;52,31;;;25
24/08/26;BBVA;PUT;Mar-27;8,75;25.07;51,95;;;25
24/08/26;BBVA;PUT;Mar-27;9,00;25.07;51,59;;;25
24/08/26;BBVA;PUT;Mar-27;9,25;25.07;51,23;;;25
24/08/26;BBVA;PUT;Mar-27;9,50;25.07;50,87;;;30
24/08/26;BBVA;PUT;Mar-27;9,75;25.07;50,50;;;25
24/08/26;BBVA;PUT;Mar-27;10,50;25.07;49,42;-0,01;;175
24/08/26;BBVA;PUT;Mar-27;11,00;25.07;48,69;-0,01;;175
24/08/26;BBVA;PUT;Mar-27;11,50;25.07;47,97;-0,01;;32.250
24/08/26;BBVA;PUT;Mar-27;12,00;25.07;47,24;-0,01;;40
24/08/26;BBVA;PUT;Mar-27;12,50;25.07;46,52;-0,02;;30
24/08/26;BBVA;PUT;Mar-27;13,00;25.07;45,79;-0,02;;40
24/08/26;BBVA;PUT;Mar-27;13,50;25.07;45,07;-0,02;;20
24/08/26;BBVA;PUT;Mar-27;14,00;25.07;44,34;-0,03;;30
24/08/26;BBVA;PUT;Mar-27;15,00;25.07;42,89;-0,04;;220
24/08/26;BBVA;PUT;Mar-27;16,00;25.07;41,44;-0,06;;5.500
24/08/26;BBVA;PUT;Mar-27;16,50;25.07;40,72;-0,07;;450
24/08/26;BBVA;PUT;Mar-27;17,00;25.07;40,00;-0,08;;2.360
24/08/26;BBVA;PUT;Mar-27;17,50;25.07;39,27;-0,09;;4.250
24/08/26;BBVA;PUT;Mar-27;18,00;25.07;38,55;-0,10;;100
24/08/26;BBVA;PUT;Mar-27;18,50;25.07;37,82;-0,12;;10
24/08/26;BBVA;PUT;Mar-27;19,00;25.07;37,10;-0,13;;2.400
24/08/26;BBVA;PUT;Mar-27;19,50;25.07;36,37;-0,15;;3.810
24/08/26;BBVA;PUT;Mar-27;20,00;25.07;35,65;-0,17;;6.180
24/08/26;BBVA;PUT;Mar-27;20,50;25.07;34,92;-0,19;;20
24/08/26;BBVA;PUT;Mar-27;21,00;25.07;34,20;-0,21;;381
24/08/26;BBVA;PUT;Mar-27;22,00;25.07;32,75;-0,26;4;144
24/08/26;BBVA;PUT;Mar-27;23,00;25.07;31,30;-0,32;;3.050
24/08/26;BBVA;PUT;Mar-27;24,00;25.07;29,85;-0,39;;1
24/08/26;BBVA;PUT;Jun-27;4,30;25.07;56,65;;;1
24/08/26;BBVA;PUT;Jun-27;4,50;25.07;56,38;;;1
24/08/26;BBVA;PUT;Jun-27;4,90;25.07;55,83;;;150
24/08/26;BBVA;PUT;Jun-27;5,00;25.07;55,70;;;300
24/08/26;BBVA;PUT;Jun-27;5,25;25.07;55,35;;;298
24/08/26;BBVA;PUT;Jun-27;7,00;25.07;52,96;;;2
24/08/26;BBVA;PUT;Jun-27;8,00;25.07;51,59;;;1
24/08/26;BBVA;PUT;Jun-27;8,25;25.07;51,24;;;7
24/08/26;BBVA;PUT;Jun-27;9,00;25.07;50,22;-0,01;;7.000
24/08/26;BBVA;PUT;Jun-27;9,75;25.07;49,19;-0,01;;175
24/08/26;BBVA;PUT;Jun-27;10,00;25.07;48,85;-0,01;;10.000
24/08/26;BBVA;PUT;Jun-27;11,00;25.07;47,48;-0,02;;75
24/08/26;BBVA;PUT;Jun-27;12,00;25.07;46,11;-0,03;;20
24/08/26;BBVA;PUT;Jun-27;12,50;25.07;45,42;-0,03;;197
24/08/26;BBVA;PUT;Jun-27;13,00;25.07;44,74;-0,04;;1.126
24/08/26;BBVA;PUT;Jun-27;13,50;25.07;44,06;-0,04;;190
24/08/26;BBVA;PUT;Jun-27;14,00;25.07;43,37;-0,05;;33
24/08/26;BBVA;PUT;Jun-27;14,50;25.07;42,69;-0,06;;400
24/08/26;BBVA;PUT;Jun-27;15,00;25.07;42,00;-0,07;;600
24/08/26;BBVA;PUT;Jun-27;15,50;25.07;41,32;-0,08;;21
24/08/26;BBVA;PUT;Jun-27;16,00;25.07;40,63;-0,09;;3
24/08/26;BBVA;PUT;Jun-27;16,50;25.07;39,95;-0,10;;250
24/08/26;BBVA;PUT;Jun-27;17,00;25.07;39,26;-0,12;;151
24/08/26;BBVA;PUT;Jun-27;17,50;25.07;38,58;-0,13;;150
24/08/26;BBVA;PUT;Jun-27;18,00;25.07;37,89;-0,14;;160
24/08/26;BBVA;PUT;Jun-27;18,50;25.07;37,21;-0,16;;2
24/08/26;BBVA;PUT;Jun-27;19,00;25.07;36,52;-0,18;;151
24/08/26;BBVA;PUT;Jun-27;20,00;25.07;35,15;-0,21;;2.604
24/08/26;BBVA;PUT;Jun-27;21,00;25.07;33,78;-0,26;;75
24/08/26;BBVA;PUT;Jun-27;23,00;25.07;31,04;-0,36;;160
24/08/26;BBVA;PUT;Jun-27;24,00;25.07;29,68;-0,42;;91
24/08/26;BBVA;PUT;Jun-27;25,00;25.07;28,31;-0,49;;20
24/08/26;BBVA;PUT;Jun-27;26,00;25.07;27,94;-0,55;1;11
24/08/26;BBVA;PUT;Sep-27;7,75;25.07;48,98;-0,01;;10
24/08/26;BBVA;PUT;Sep-27;16,00;25.07;38,99;-0,10;;309
24/08/26;BBVA;PUT;Sep-27;16,50;25.07;38,39;-0,11;;10
24/08/26;BBVA;PUT;Sep-27;17,00;25.07;37,78;-0,13;;379
24/08/26;BBVA;PUT;Sep-27;17,50;25.07;37,18;-0,14;;150
24/08/26;BBVA;PUT;Sep-27;18,00;25.07;36,57;-0,16;;150
24/08/26;BBVA;PUT;Sep-27;20,00;25.07;34,15;-0,22;;1
24/08/26;BBVA;PUT;Sep-27;22,00;25.07;31,73;-0,31;;1
24/08/26;BBVA;PUT;Dic-27;4,40;25.07;51,86;;;1
24/08/26;BBVA;PUT;Dic-27;4,90;25.07;51,28;;;150
24/08/26;BBVA;PUT;Dic-27;5,00;25.07;51,17;;;150
24/08/26;BBVA;PUT;Dic-27;6,50;25.07;49,45;;;10
24/08/26;BBVA;PUT;Dic-27;7,00;25.07;48,88;-0,01;;150
24/08/26;BBVA;PUT;Dic-27;7,25;25.07;48,60;-0,01;;150
24/08/26;BBVA;PUT;Dic-27;7,75;25.07;48,02;-0,01;;1
24/08/26;BBVA;PUT;Dic-27;8,25;25.07;47,45;-0,01;;150
24/08/26;BBVA;PUT;Dic-27;8,50;25.07;47,17;-0,01;;6.150
24/08/26;BBVA;PUT;Dic-27;8,75;25.07;46,88;-0,01;;1
24/08/26;BBVA;PUT;Dic-27;9,00;25.07;46,60;-0,02;;7.650
24/08/26;BBVA;PUT;Dic-27;9,25;25.07;46,31;-0,02;;150
24/08/26;BBVA;PUT;Dic-27;9,50;25.07;46,02;-0,02;;250
24/08/26;BBVA;PUT;Dic-27;9,75;25.07;45,74;-0,02;;150
24/08/26;BBVA;PUT;Dic-27;10,00;25.07;45,45;-0,02;;407
24/08/26;BBVA;PUT;Dic-27;10,50;25.07;44,88;-0,03;;300
24/08/26;BBVA;PUT;Dic-27;11,00;25.07;44,31;-0,03;;5.304
24/08/26;BBVA;PUT;Dic-27;12,00;25.07;43,17;-0,05;;3.300
24/08/26;BBVA;PUT;Dic-27;12,50;25.07;42,59;-0,05;;300
24/08/26;BBVA;PUT;Dic-27;13,00;25.07;42,02;-0,06;;10.000
24/08/26;BBVA;PUT;Dic-27;13,50;25.07;41,45;-0,07;;150
24/08/26;BBVA;PUT;Dic-27;14,00;25.07;40,88;-0,08;;150
24/08/26;BBVA;PUT;Dic-27;15,00;25.07;39,73;-0,10;;3
24/08/26;BBVA;PUT;Dic-27;16,00;25.07;38,59;-0,12;;15.000
24/08/26;BBVA;PUT;Dic-27;16,50;25.07;38,02;-0,13;;174
24/08/26;BBVA;PUT;Dic-27;17,00;25.07;37,45;-0,15;;8.500
24/08/26;BBVA;PUT;Dic-27;17,50;25.07;36,88;-0,16;;292
24/08/26;BBVA;PUT;Dic-27;18,00;25.07;36,30;-0,18;;150
24/08/26;BBVA;PUT;Dic-27;20,00;25.07;34,02;-0,24;;4.000
24/08/26;BBVA;PUT;Dic-27;21,00;25.07;32,87;-0,28;;150
24/08/26;BBVA;PUT;Dic-27;22,00;25.07;31,73;-0,32;;10.302
24/08/26;BBVA;PUT;Dic-27;23,00;25.07;30,59;-0,37;;300
24/08/26;BBVA;PUT;Dic-27;25,00;25.07;28,30;-0,47;;1
24/08/26;BBVA;PUT;Mar-28;15,00;25.07;38,47;-0,10;;150
24/08/26;BBVA;PUT;Mar-28;15,50;25.07;37,94;-0,11;;150
24/08/26;BBVA;PUT;Mar-28;18,00;25.07;35,32;-0,18;;26
24/08/26;BBVA;PUT;Mar-28;20,00;25.07;33,22;-0,25;;150
24/08/26;BBVA;PUT;Mar-28;21,00;25.07;32,17;-0,28;;150
24/08/26;BBVA;PUT;Mar-28;22,00;25.07;31,11;-0,32;;150
24/08/26;BBVA;PUT;Mar-28;23,00;25.07;30,06;-0,37;;150
24/08/26;BBVA;PUT;Jun-28;15,50;25.07;36,92;-0,13;;1
24/08/26;BBVA;PUT;Jun-28;18,00;25.07;34,39;-0,20;;1.250
24/08/26;BBVA;PUT;Jun-28;19,00;25.07;33,38;-0,23;;4.450
24/08/26;BBVA;PUT;Jun-28;20,00;25.07;32,37;-0,27;;3.300
24/08/26;BBVA;PUT;Jun-28;21,00;25.07;31,36;-0,30;;750
24/08/26;BBVA;PUT;Jun-28;22,00;25.07;30,35;-0,34;;2.350
24/08/26;BBVA;PUT;Jun-28;23,00;25.07;29,34;-0,39;;1.500
24/08/26;BBVA;PUT;Dic-28;12,00;25.07;37,28;-0,07;;3.500
24/08/26;BBVA;PUT;Dic-28;12,50;25.07;36,89;-0,08;;1.500
24/08/26;BBVA;PUT;Dic-28;16,00;25.07;34,15;-0,15;;17
24/08/26;BBVA;PUT;Dic-28;16,50;25.07;33,75;-0,17;;9
24/08/26;BBVA;PUT;Dic-28;18,50;25.07;32,18;-0,22;;3
24/08/26;BBVA;PUT;Dic-28;20,00;25.07;31,01;-0,27;;90
24/08/26;BBVA;PUT;Jun-29;16,00;25.07;32,85;-0,17;;1.250
24/08/26;BBVA;PUT;Dic-29;12,50;25.07;33,60;-0,09;;3.000
24/08/26;BBVA;PUT;Dic-29;20,00;25.07;29,71;-0,29;;6
24/08/26;BBVA;PUT;Dic-29;25,00;25.07;27,12;-0,46;;152
24/08/26;BBVA;PUT;Dic-30;20,50;25.07;28,87;-0,32;;1.500
24/08/26;BBVA;CALL;Sep-26;19,00;25.07;37,30;1,00;;10
24/08/26;BBVA;CALL;Sep-26;20,00;25.07;35,13;0,99;;10
24/08/26;BBVA;CALL;Sep-26;20,00;25.07;35,13;0,99;;20
24/08/26;BBVA;CALL;Sep-26;21,00;25.07;32,96;0,98;;20
24/08/26;BBVA;CALL;Sep-26;21,00;25.07;32,96;0,98;;154
24/08/26;BBVA;CALL;Sep-26;22,00;25.07;30,79;0,95;;160
24/08/26;BBVA;CALL;Sep-26;22,00;25.07;30,79;0,95;;20
24/08/26;BBVA;CALL;Sep-26;23,00;25.07;28,63;0,88;;81
24/08/26;BBVA;CALL;Sep-26;24,00;25.07;26,46;0,75;;10
24/08/26;BBVA;CALL;Sep-26;25,00;25.07;24,29;0,54;;60
24/08/26;BBVA;CALL;Sep-26;25,00;25.07;24,29;0,54;;1.720
24/08/26;BBVA;CALL;Sep-26;26,00;25.07;23,71;0,30;;3.430
24/08/26;BBVA;CALL;Sep-26;26,00;25.07;23,71;0,30;;30
24/08/26;BBVA;CALL;Sep-26;27,00;25.07;23,24;0,12;;60
24/08/26;BBVA;CALL;Oct-26;22,00;25.07;32,39;0,84;;20
24/08/26;BBVA;CALL;Oct-26;23,00;25.07;30,55;0,75;;10
24/08/26;BBVA;CALL;Oct-26;23,00;25.07;30,55;0,75;;10
24/08/26;BBVA;CALL;Oct-26;25,00;25.07;26,85;0,48;;10
24/08/26;BBVA;CALL;Oct-26;26,00;25.07;26,35;0,33;;20
24/08/26;BBVA;CALL;Oct-26;26,00;25.07;26,35;0,33;10;15
24/08/26;BBVA;CALL;Oct-26;27,00;25.07;25,95;0,21;;7.008
24/08/26;BBVA;CALL;Dic-26;17,00;25.07;42,76;0,95;;10
24/08/26;BBVA;CALL;Dic-26;19,00;25.07;39,38;0,90;;10
24/08/26;BBVA;CALL;Dic-26;19,50;25.07;38,54;0,88;;10
24/08/26;BBVA;CALL;Dic-26;21,00;25.07;36,00;0,82;;10
24/08/26;BBVA;CALL;Dic-26;22,00;25.07;34,31;0,76;;10
24/08/26;BBVA;CALL;Dic-26;22,00;25.07;34,31;0,76;;3
24/08/26;BBVA;CALL;Dic-26;23,00;25.07;32,63;0,69;;1
24/08/26;BBVA;CALL;Dic-26;23,00;25.07;32,63;0,69;;10
24/08/26;BBVA;CALL;Dic-26;24,00;25.07;30,94;0,61;;10
24/08/26;BBVA;CALL;Dic-26;24,00;25.07;30,94;0,61;;4
24/08/26;BBVA;CALL;Dic-26;25,00;25.07;29,25;0,52;;6
24/08/26;BBVA;CALL;Dic-26;26,00;25.07;28,78;0,42;;4
24/08/26;BBVA;CALL;Dic-26;29,00;25.07;27,67;0,18;;8
24/08/26;BBVA;CALL;Dic-26;32,00;25.07;26,55;0,05;;10
24/08/26;BBVA;CALL;Mar-27;19,00;25.07;38,88;0,85;;200
24/08/26;BBVA;CALL;Mar-27;19,00;25.07;38,88;0,85;;200
24/08/26;BBVA;CALL;Mar-27;19,50;25.07;38,15;0,83;;20
24/08/26;BBVA;CALL;Mar-27;23,00;25.07;33,08;0,67;;4
24/08/26;BBVA;CALL;Mar-27;24,00;25.07;31,63;0,61;;4
24/08/26;BBVA;CALL;Mar-27;25,00;25.07;30,18;0,54;;4
24/08/26;BBVA;CALL;Mar-27;26,00;25.07;29,83;0,47;;3
24/08/26;BBVA;CALL;Mar-27;27,00;25.07;29,57;0,41;;5
24/08/26;BBVA;CALL;Mar-27;28,00;25.07;29,30;0,34;;2
24/08/26;BBVA;CALL;Mar-27;32,00;25.07;28,24;0,15;;28
24/08/26;BBVA;PUT;Sep-26;9,50;25.07;57,41;;;600
24/08/26;BBVA;PUT;Sep-26;10,50;25.07;55,25;;;700
24/08/26;BBVA;PUT;Sep-26;17,00;25.07;41,16;;;20
24/08/26;BBVA;PUT;Sep-26;18,00;25.07;38,99;;;10
24/08/26;BBVA;PUT;Sep-26;19,00;25.07;36,83;;;10
24/08/26;BBVA;PUT;Sep-26;20,00;25.07;34,66;-0,01;;10
24/08/26;BBVA;PUT;Sep-26;22,00;25.07;30,32;-0,05;;10
24/08/26;BBVA;PUT;Sep-26;23,00;25.07;28,16;-0,11;;10
24/08/26;BBVA;PUT;Sep-26;24,00;25.07;25,99;-0,24;40;92
24/08/26;BBVA;PUT;Sep-26;24,00;25.07;25,99;-0,24;;10
24/08/26;BBVA;PUT;Sep-26;25,00;25.07;23,82;-0,46;;70
24/08/26;BBVA;PUT;Sep-26;26,00;25.07;23,24;-0,70;;10
24/08/26;BBVA;PUT;Oct-26;22,00;25.07;31,03;-0,15;;20
24/08/26;BBVA;PUT;Oct-26;24,00;25.07;27,34;-0,36;;20
24/08/26;BBVA;PUT;Oct-26;24,00;25.07;27,34;-0,36;;10
24/08/26;BBVA;PUT;Oct-26;25,00;25.07;25,49;-0,52;5;5
24/08/26;BBVA;PUT;Oct-26;26,00;25.07;24,99;-0,68;;5
24/08/26;BBVA;PUT;Dic-26;7,25;25.07;57,30;;;150
24/08/26;BBVA;PUT;Dic-26;8,50;25.07;55,19;;;150
24/08/26;BBVA;PUT;Dic-26;8,75;25.07;54,77;;;150
24/08/26;BBVA;PUT;Dic-26;9,00;25.07;54,35;;;150
24/08/26;BBVA;PUT;Dic-26;10,00;25.07;52,66;;;40
24/08/26;BBVA;PUT;Dic-26;15,50;25.07;43,37;-0,02;;5
24/08/26;BBVA;PUT;Dic-26;16,50;25.07;41,68;-0,03;;10
24/08/26;BBVA;PUT;Dic-26;17,00;25.07;40,84;-0,04;;23
24/08/26;BBVA;PUT;Dic-26;17,50;25.07;39,99;-0,05;;16
24/08/26;BBVA;PUT;Dic-26;21,00;25.07;34,08;-0,16;;16
24/08/26;BBVA;PUT;Dic-26;22,00;25.07;32,39;-0,22;;4
24/08/26;BBVA;PUT;Dic-26;23,00;25.07;30,71;-0,29;;1
24/08/26;BBVA;PUT;Dic-26;32,00;25.07;24,63;-0,95;;25
24/08/26;BBVA;PUT;Mar-27;10,00;25.07;50,14;;;150
24/08/26;BBVA;PUT;Mar-27;14,50;25.07;43,62;-0,03;;10
24/08/26;BBVA;PUT;Mar-27;17,00;25.07;40,00;-0,08;;20
24/08/26;BBVA;PUT;Mar-27;18,00;25.07;38,55;-0,10;;1
24/08/26;BBVA;PUT;Jun-27;22,00;25.07;32,41;-0,30;;70
24/08/26;CAIXABANK;CALL;Sep-26;9,00;13.27;36,25;1,00;;1
24/08/26;CAIXABANK;CALL;Sep-26;10,00;13.27;32,88;1,00;;1
24/08/26;CAIXABANK;CALL;Sep-26;10,50;13.27;31,20;1,00;;1
24/08/26;CAIXABANK;CALL;Sep-26;11,00;13.27;29,52;0,99;;2
24/08/26;CAIXABANK;CALL;Sep-26;11,50;13.27;27,83;0,98;;4
24/08/26;CAIXABANK;CALL;Sep-26;12,00;13.27;26,15;0,94;;10
24/08/26;CAIXABANK;CALL;Sep-26;12,50;13.27;24,47;0,84;;40
24/08/26;CAIXABANK;CALL;Sep-26;13,00;13.27;22,78;0,65;82;104
24/08/26;CAIXABANK;CALL;Sep-26;13,50;13.27;21,71;0,40;;5
24/08/26;CAIXABANK;CALL;Oct-26;12,50;13.27;25,29;0,76;;3
24/08/26;CAIXABANK;CALL;Dic-26;7,00;13.27;44,54;1,00;;7.500
24/08/26;CAIXABANK;CALL;Dic-26;9,25;13.27;36,96;0,98;;1
24/08/26;CAIXABANK;CALL;Dic-26;10,50;13.27;32,75;0,93;;1.134
24/08/26;CAIXABANK;CALL;Dic-26;11,00;13.27;31,07;0,90;;20
24/08/26;CAIXABANK;CALL;Dic-26;11,50;13.27;29,38;0,85;;6.000
24/08/26;CAIXABANK;CALL;Dic-26;12,00;13.27;27,70;0,79;;1
24/08/26;CAIXABANK;CALL;Dic-26;12,50;13.27;26,02;0,70;;450
24/08/26;CAIXABANK;CALL;Dic-26;13,00;13.27;24,33;0,59;1;2
24/08/26;CAIXABANK;CALL;Mar-27;9,50;13.27;35,18;0,93;;1
24/08/26;CAIXABANK;CALL;Mar-27;10,50;13.27;32,24;0,87;;14
24/08/26;CAIXABANK;CALL;Mar-27;12,50;13.27;26,36;0,66;;11
24/08/26;CAIXABANK;CALL;Mar-27;13,00;13.27;24,89;0,58;;400
24/08/26;CAIXABANK;CALL;Jun-27;9,75;13.27;33,52;0,91;;150
24/08/26;CAIXABANK;CALL;Jun-27;10,00;13.27;32,90;0,89;;150
24/08/26;CAIXABANK;CALL;Jun-27;10,50;13.27;31,66;0,85;;150
24/08/26;CAIXABANK;CALL;Jun-27;11,00;13.27;30,41;0,81;;150
24/08/26;CAIXABANK;CALL;Jun-27;12,00;13.27;27,93;0,71;;1
24/08/26;CAIXABANK;CALL;Jun-27;13,00;13.27;25,44;0,58;;25
24/08/26;CAIXABANK;CALL;Jun-27;14,50;13.27;23,94;0,37;;1
24/08/26;CAIXABANK;CALL;Dic-27;10,50;13.27;32,35;0,81;;20
24/08/26;CAIXABANK;CALL;Dic-27;11,00;13.27;31,32;0,77;;1
24/08/26;CAIXABANK;CALL;Dic-27;11,50;13.27;30,29;0,73;;1
24/08/26;CAIXABANK;CALL;Jun-28;10,00;13.27;33,75;0,82;;150
24/08/26;CAIXABANK;CALL;Jun-28;10,50;13.27;32,92;0,79;;300
24/08/26;CAIXABANK;CALL;Jun-28;11,00;13.27;32,09;0,75;;1.250
24/08/26;CAIXABANK;CALL;Jun-28;11,50;13.27;31,26;0,71;;150
24/08/26;CAIXABANK;PUT;Sep-26;5,50;13.27;48,67;;;70.900
24/08/26;CAIXABANK;PUT;Sep-26;7,75;13.27;41,09;;;3
24/08/26;CAIXABANK;PUT;Sep-26;8,00;13.27;40,25;;;174
24/08/26;CAIXABANK;PUT;Sep-26;8,50;13.27;38,56;;;1.000
24/08/26;CAIXABANK;PUT;Sep-26;9,00;13.27;36,88;;;1
24/08/26;CAIXABANK;PUT;Sep-26;10,50;13.27;31,83;;;3
24/08/26;CAIXABANK;PUT;Sep-26;11,00;13.27;30,15;-0,01;;25
24/08/26;CAIXABANK;PUT;Sep-26;11,50;13.27;28,46;-0,02;;1
24/08/26;CAIXABANK;PUT;Sep-26;12,00;13.27;26,78;-0,07;;256
24/08/26;CAIXABANK;PUT;Sep-26;12,50;13.27;25,10;-0,17;1;108
24/08/26;CAIXABANK;PUT;Sep-26;13,00;13.27;23,41;-0,35;3;17
24/08/26;CAIXABANK;PUT;Sep-26;13,25;13.27;22,57;-0,47;2;2
24/08/26;CAIXABANK;PUT;Sep-26;13,50;13.27;22,34;-0,60;;3
24/08/26;CAIXABANK;PUT;Sep-26;14,00;13.27;21,97;-0,82;1;10
24/08/26;CAIXABANK;PUT;Sep-26;14,50;13.27;21,59;-0,95;1;1
24/08/26;CAIXABANK;PUT;Dic-26;5,25;13.27;49,83;;;75
24/08/26;CAIXABANK;PUT;Dic-26;6,75;13.27;44,78;;;3
24/08/26;CAIXABANK;PUT;Dic-26;7,25;13.27;43,09;;;1
24/08/26;CAIXABANK;PUT;Dic-26;8,00;13.27;40,57;-0,01;;100
24/08/26;CAIXABANK;PUT;Dic-26;8,25;13.27;39,73;-0,01;;100
24/08/26;CAIXABANK;PUT;Dic-26;8,50;13.27;38,88;-0,02;;103
24/08/26;CAIXABANK;PUT;Dic-26;8,75;13.27;38,04;-0,02;;10
24/08/26;CAIXABANK;PUT;Dic-26;9,00;13.27;37,20;-0,03;;11
24/08/26;CAIXABANK;PUT;Dic-26;9,50;13.27;35,52;-0,04;;2
24/08/26;CAIXABANK;PUT;Dic-26;10,00;13.27;33,83;-0,06;;76
24/08/26;CAIXABANK;PUT;Dic-26;10,50;13.27;32,15;-0,09;;1.030
24/08/26;CAIXABANK;PUT;Dic-26;11,00;13.27;30,47;-0,13;;40
24/08/26;CAIXABANK;PUT;Dic-26;11,50;13.27;28,78;-0,18;;6.008
24/08/26;CAIXABANK;PUT;Dic-26;12,50;13.27;25,42;-0,33;;10
24/08/26;CAIXABANK;PUT;Dic-26;13,00;13.27;23,73;-0,44;2;2
24/08/26;CAIXABANK;PUT;Dic-26;14,00;13.27;22,29;-0,67;1;1
24/08/26;CAIXABANK;PUT;Mar-27;6,00;13.27;44,46;-0,01;;7.675
24/08/26;CAIXABANK;PUT;Mar-27;6,50;13.27;42,99;-0,01;;29.800
24/08/26;CAIXABANK;PUT;Mar-27;8,00;13.27;38,58;-0,03;;1
24/08/26;CAIXABANK;PUT;Mar-27;8,75;13.27;36,37;-0,05;;350
24/08/26;CAIXABANK;PUT;Mar-27;9,75;13.27;33,43;-0,09;;5
24/08/26;CAIXABANK;PUT;Mar-27;10,00;13.27;32,70;-0,10;;32
24/08/26;CAIXABANK;PUT;Mar-27;12,00;13.27;26,82;-0,28;;150
24/08/26;CAIXABANK;PUT;Mar-27;12,50;13.27;25,35;-0,35;;8
24/08/26;CAIXABANK;PUT;Jun-27;7,75;13.27;36,81;-0,04;;8.200
24/08/26;CAIXABANK;PUT;Jun-27;10,00;13.27;31,21;-0,14;;4.025
24/08/26;CAIXABANK;PUT;Jun-27;10,50;13.27;29,97;-0,18;;175
24/08/26;CAIXABANK;PUT;Jun-27;11,00;13.27;28,72;-0,22;;25
24/08/26;CAIXABANK;PUT;Jun-27;11,50;13.27;27,48;-0,27;;25
24/08/26;CAIXABANK;PUT;Jun-27;12,00;13.27;26,24;-0,33;;25
24/08/26;CAIXABANK;PUT;Jun-27;13,00;13.27;23,75;-0,46;;50
24/08/26;CAIXABANK;PUT;Dic-27;3,50;13.27;42,96;;;1
24/08/26;CAIXABANK;PUT;Dic-27;4,20;13.27;41,52;;;1
24/08/26;CAIXABANK;PUT;Dic-27;5,50;13.27;38,84;-0,02;;160
24/08/26;CAIXABANK;PUT;Dic-27;5,75;13.27;38,33;-0,02;;1
24/08/26;CAIXABANK;PUT;Dic-27;6,00;13.27;37,81;-0,02;;150
24/08/26;CAIXABANK;PUT;Dic-27;8,00;13.27;33,69;-0,07;;150
24/08/26;CAIXABANK;PUT;Dic-27;8,25;13.27;33,17;-0,08;;225
24/08/26;CAIXABANK;PUT;Dic-27;8,50;13.27;32,66;-0,09;;150
24/08/26;CAIXABANK;PUT;Dic-27;8,75;13.27;32,14;-0,11;;150
24/08/26;CAIXABANK;PUT;Dic-27;9,00;13.27;31,63;-0,12;;150
24/08/26;CAIXABANK;PUT;Dic-27;9,25;13.27;31,11;-0,13;;150
24/08/26;CAIXABANK;PUT;Dic-27;9,50;13.27;30,60;-0,14;;150
24/08/26;CAIXABANK;PUT;Dic-27;9,75;13.27;30,08;-0,16;;150
24/08/26;CAIXABANK;PUT;Dic-27;10,00;13.27;29,57;-0,18;;150
24/08/26;CAIXABANK;PUT;Jun-28;8,50;13.27;31,18;-0,12;;150
24/08/26;CAIXABANK;PUT;Jun-28;9,00;13.27;30,35;-0,15;;150
24/08/26;CAIXABANK;PUT;Jun-28;9,25;13.27;29,94;-0,16;;150
24/08/26;CAIXABANK;PUT;Jun-28;9,50;13.27;29,52;-0,17;;300
24/08/26;CAIXABANK;PUT;Jun-28;9,75;13.27;29,11;-0,19;;150
24/08/26;CAIXABANK;PUT;Jun-28;10,00;13.27;28,70;-0,21;;150
24/08/26;CAIXABANK;PUT;Dic-28;4,50;13.27;36,00;-0,01;;15.000
24/08/26;CAIXABANK;PUT;Dic-28;8,75;13.27;30,45;-0,15;;450
24/08/26;CAIXABANK;PUT;Dic-29;5,00;13.27;33,28;-0,03;;16.000
24/08/26;CAIXABANK;CALL;Sep-26;13,00;13.27;22,78;0,65;;10
24/08/26;CAIXABANK;CALL;Dic-26;9,00;13.27;37,80;0,96;;10
24/08/26;CAIXABANK;CALL;Dic-26;11,00;13.27;31,07;0,86;;10
24/08/26;CAIXABANK;CALL;Dic-26;12,00;13.27;27,70;0,74;;10
24/08/26;CAIXABANK;CALL;Dic-26;12,50;13.27;26,02;0,66;;10
24/08/26;CAIXABANK;PUT;Sep-26;11,50;13.27;28,46;-0,02;;10
24/08/26;CELLNEX;CALL;Sep-26;25,00;26.69;30,63;0,81;;5
24/08/26;CELLNEX;CALL;Sep-26;26,00;26.69;29,36;0,65;;10
24/08/26;CELLNEX;CALL;Sep-26;27,00;26.69;28,40;0,46;5;30
24/08/26;CELLNEX;CALL;Sep-26;28,00;26.69;28,15;0,28;12;32
24/08/26;CELLNEX;CALL;Sep-26;29,00;26.69;27,90;0,14;;40
24/08/26;CELLNEX;CALL;Sep-26;30,00;26.69;27,65;0,06;;37
24/08/26;CELLNEX;CALL;Sep-26;31,00;26.69;27,40;0,02;;22
24/08/26;CELLNEX;CALL;Sep-26;32,00;26.69;27,15;0,01;;56
24/08/26;CELLNEX;CALL;Sep-26;33,00;26.69;26,90;;;25
24/08/26;CELLNEX;CALL;Sep-26;34,00;26.69;26,65;;;41
24/08/26;CELLNEX;CALL;Sep-26;35,00;26.69;26,40;;;30
24/08/26;CELLNEX;CALL;Sep-26;36,00;26.69;26,15;;;25
24/08/26;CELLNEX;CALL;Sep-26;37,00;26.69;25,90;;;25
24/08/26;CELLNEX;CALL;Sep-26;38,00;26.69;25,65;;;25
24/08/26;CELLNEX;CALL;Sep-26;39,00;26.69;25,41;;;25
24/08/26;CELLNEX;CALL;Sep-26;40,00;26.69;25,16;;;25
24/08/26;CELLNEX;CALL;Dic-26;18,00;26.69;39,57;0,97;;2
24/08/26;CELLNEX;CALL;Dic-26;20,00;26.69;37,20;0,94;;1
24/08/26;CELLNEX;CALL;Dic-26;21,00;26.69;36,01;0,91;;1
24/08/26;CELLNEX;CALL;Dic-26;24,00;26.69;32,45;0,76;;11
24/08/26;CELLNEX;CALL;Dic-26;25,00;26.69;31,27;0,69;;47
24/08/26;CELLNEX;CALL;Dic-26;27,00;26.69;29,19;0,52;;25
24/08/26;CELLNEX;CALL;Dic-26;28,00;26.69;28,97;0,43;;96
24/08/26;CELLNEX;CALL;Dic-26;29,00;26.69;28,74;0,35;;2.060
24/08/26;CELLNEX;CALL;Dic-26;30,00;26.69;28,52;0,28;;148
24/08/26;CELLNEX;CALL;Dic-26;31,00;26.69;28,29;0,21;;110
24/08/26;CELLNEX;CALL;Dic-26;32,00;26.69;28,07;0,15;;218
24/08/26;CELLNEX;CALL;Dic-26;33,00;26.69;27,84;0,11;;120
24/08/26;CELLNEX;CALL;Dic-26;34,00;26.69;27,62;0,08;;190
24/08/26;CELLNEX;CALL;Dic-26;35,00;26.69;27,39;0,05;;115
24/08/26;CELLNEX;CALL;Dic-26;36,00;26.69;27,17;0,03;;85
24/08/26;CELLNEX;CALL;Dic-26;37,00;26.69;26,94;0,02;;50
24/08/26;CELLNEX;CALL;Dic-26;38,00;26.69;26,72;0,01;;25
24/08/26;CELLNEX;CALL;Dic-26;39,00;26.69;26,49;0,01;;25
24/08/26;CELLNEX;CALL;Dic-26;40,00;26.69;26,27;;;125
24/08/26;CELLNEX;CALL;Dic-26;42,00;26.69;25,82;;;25
24/08/26;CELLNEX;CALL;Dic-26;44,00;26.69;25,37;;;25
24/08/26;CELLNEX;CALL;Dic-26;45,00;26.69;25,14;;;25
24/08/26;CELLNEX;CALL;Dic-26;46,00;26.69;24,92;;;25
24/08/26;CELLNEX;CALL;Mar-27;20,00;26.69;35,43;0,91;;33
24/08/26;CELLNEX;CALL;Mar-27;22,00;26.69;33,75;0,83;;4
24/08/26;CELLNEX;CALL;Mar-27;23,00;26.69;32,92;0,78;;2
24/08/26;CELLNEX;CALL;Mar-27;25,00;26.69;31,24;0,67;;50
24/08/26;CELLNEX;CALL;Mar-27;26,00;26.69;30,41;0,60;;26
24/08/26;CELLNEX;CALL;Mar-27;27,00;26.69;29,73;0,53;;25
24/08/26;CELLNEX;CALL;Mar-27;28,00;26.69;29,40;0,47;;51
24/08/26;CELLNEX;CALL;Mar-27;29,00;26.69;29,08;0,40;;1
24/08/26;CELLNEX;CALL;Mar-27;30,00;26.69;28,76;0,34;;317
24/08/26;CELLNEX;CALL;Mar-27;31,00;26.69;28,43;0,28;;75
24/08/26;CELLNEX;CALL;Mar-27;32,00;26.69;28,11;0,23;;120
24/08/26;CELLNEX;CALL;Mar-27;33,00;26.69;27,78;0,18;;51
24/08/26;CELLNEX;CALL;Mar-27;34,00;26.69;27,46;0,14;;25
24/08/26;CELLNEX;CALL;Mar-27;35,00;26.69;27,13;0,11;;25
24/08/26;CELLNEX;CALL;Jun-27;20,00;26.69;34,61;0,87;;6
24/08/26;CELLNEX;CALL;Jun-27;25,00;26.69;31,24;0,66;;1
24/08/26;CELLNEX;CALL;Jun-27;28,00;26.69;29,67;0,49;;100
24/08/26;CELLNEX;CALL;Jun-27;29,00;26.69;29,35;0,44;;100
24/08/26;CELLNEX;CALL;Jun-27;30,00;26.69;29,03;0,39;;125
24/08/26;CELLNEX;CALL;Jun-27;31,00;26.69;28,70;0,34;;150
24/08/26;CELLNEX;CALL;Jun-27;32,00;26.69;28,38;0,29;;100
24/08/26;CELLNEX;CALL;Jun-27;33,00;26.69;28,05;0,25;;112
24/08/26;CELLNEX;CALL;Jun-27;34,00;26.69;27,73;0,21;;175
24/08/26;CELLNEX;CALL;Jun-27;35,00;26.69;27,40;0,17;;150
24/08/26;CELLNEX;CALL;Jun-27;36,00;26.69;27,08;0,14;;125
24/08/26;CELLNEX;CALL;Jun-27;37,00;26.69;26,75;0,11;;125
24/08/26;CELLNEX;CALL;Jun-27;38,00;26.69;26,43;0,09;;75
24/08/26;CELLNEX;CALL;Jun-27;39,00;26.69;26,10;0,07;;75
24/08/26;CELLNEX;CALL;Jun-27;40,00;26.69;25,78;0,06;;50
24/08/26;CELLNEX;CALL;Jun-27;41,00;26.69;25,45;0,04;;50
24/08/26;CELLNEX;CALL;Jun-27;42,00;26.69;25,13;0,03;;50
24/08/26;CELLNEX;CALL;Jun-27;43,00;26.69;24,80;0,02;;50
24/08/26;CELLNEX;CALL;Jun-27;44,00;26.69;24,48;0,02;;50
24/08/26;CELLNEX;CALL;Jun-27;45,00;26.69;24,15;0,01;;50
24/08/26;CELLNEX;CALL;Jun-27;46,00;26.69;23,83;0,01;;50
24/08/26;CELLNEX;CALL;Jun-27;49,00;26.69;22,86;;;50
24/08/26;CELLNEX;CALL;Jun-27;50,00;26.69;22,53;;;411
24/08/26;CELLNEX;CALL;Sep-27;34,00;26.69;27,82;0,24;;20
24/08/26;CELLNEX;CALL;Sep-27;35,00;26.69;27,49;0,21;;100
24/08/26;CELLNEX;CALL;Sep-27;36,00;26.69;27,17;0,18;;75
24/08/26;CELLNEX;CALL;Sep-27;37,00;26.69;26,84;0,15;;75
24/08/26;CELLNEX;CALL;Sep-27;41,00;26.69;25,54;0,06;;50
24/08/26;CELLNEX;CALL;Dic-27;25,00;26.69;31,36;0,65;;25
24/08/26;CELLNEX;CALL;Dic-27;26,00;26.69;30,88;0,61;;2
24/08/26;CELLNEX;CALL;Dic-27;27,00;26.69;30,45;0,56;;2.500
24/08/26;CELLNEX;CALL;Dic-27;28,00;26.69;30,15;0,52;;7
24/08/26;CELLNEX;CALL;Dic-27;29,00;26.69;29,85;0,48;;1
24/08/26;CELLNEX;CALL;Dic-27;30,00;26.69;29,55;0,44;;115
24/08/26;CELLNEX;CALL;Dic-27;31,00;26.69;29,25;0,40;;75
24/08/26;CELLNEX;CALL;Dic-27;32,00;26.69;28,95;0,36;;51
24/08/26;CELLNEX;CALL;Dic-27;33,00;26.69;28,65;0,32;;25
24/08/26;CELLNEX;CALL;Dic-27;34,00;26.69;28,35;0,28;;74
24/08/26;CELLNEX;CALL;Dic-27;35,00;26.69;28,05;0,25;;50
24/08/26;CELLNEX;CALL;Dic-27;37,00;26.69;27,45;0,19;;25
24/08/26;CELLNEX;CALL;Dic-27;38,00;26.69;27,15;0,17;;570
24/08/26;CELLNEX;CALL;Dic-27;40,00;26.69;26,55;0,12;;48
24/08/26;CELLNEX;CALL;Dic-27;44,00;26.69;25,35;0,06;;25
24/08/26;CELLNEX;CALL;Mar-28;29,00;26.69;30,29;0,49;;11
24/08/26;CELLNEX;CALL;Jun-28;26,00;26.69;31,03;0,61;;4
24/08/26;CELLNEX;CALL;Dic-29;40,00;26.69;29,27;0,31;;1.260
24/08/26;CELLNEX;PUT;Sep-26;19,00;26.69;36,61;;;1
24/08/26;CELLNEX;PUT;Sep-26;20,00;26.69;35,33;;;1
24/08/26;CELLNEX;PUT;Sep-26;21,00;26.69;34,06;;;19
24/08/26;CELLNEX;PUT;Sep-26;22,00;26.69;32,78;-0,01;;62
24/08/26;CELLNEX;PUT;Sep-26;23,00;26.69;31,51;-0,03;;23
24/08/26;CELLNEX;PUT;Sep-26;24,00;26.69;30,24;-0,08;20;263
24/08/26;CELLNEX;PUT;Sep-26;25,00;26.69;28,96;-0,18;;72
24/08/26;CELLNEX;PUT;Sep-26;26,00;26.69;27,69;-0,34;;44
24/08/26;CELLNEX;PUT;Sep-26;27,00;26.69;26,73;-0,55;;99
24/08/26;CELLNEX;PUT;Sep-26;28,00;26.69;26,48;-0,74;;51
24/08/26;CELLNEX;PUT;Sep-26;29,00;26.69;26,23;-0,88;;28
24/08/26;CELLNEX;PUT;Sep-26;30,00;26.69;25,98;-0,96;;21
24/08/26;CELLNEX;PUT;Oct-26;23,00;26.69;31,91;-0,10;;10
24/08/26;CELLNEX;PUT;Oct-26;25,00;26.69;29,41;-0,25;;4
24/08/26;CELLNEX;PUT;Oct-26;27,00;26.69;27,26;-0,51;;20
24/08/26;CELLNEX;PUT;Dic-26;18,00;26.69;37,86;-0,02;;2.001
24/08/26;CELLNEX;PUT;Dic-26;20,00;26.69;35,49;-0,06;;21
24/08/26;CELLNEX;PUT;Dic-26;21,00;26.69;34,30;-0,09;;225
24/08/26;CELLNEX;PUT;Dic-26;22,00;26.69;33,11;-0,12;;129
24/08/26;CELLNEX;PUT;Dic-26;23,00;26.69;31,93;-0,17;;689
24/08/26;CELLNEX;PUT;Dic-26;24,00;26.69;30,74;-0,23;;4.502
24/08/26;CELLNEX;PUT;Dic-26;25,00;26.69;29,56;-0,30;;59
24/08/26;CELLNEX;PUT;Dic-26;26,00;26.69;28,37;-0,39;;152
24/08/26;CELLNEX;PUT;Dic-26;27,00;26.69;27,48;-0,49;;94
24/08/26;CELLNEX;PUT;Dic-26;28,00;26.69;27,26;-0,58;;25
24/08/26;CELLNEX;PUT;Dic-26;29,00;26.69;27,03;-0,67;;3
24/08/26;CELLNEX;PUT;Dic-26;30,00;26.69;26,81;-0,76;;1
24/08/26;CELLNEX;PUT;Dic-26;32,00;26.69;26,36;-0,89;;26
24/08/26;CELLNEX;PUT;Dic-26;33,00;26.69;26,13;-0,94;;25
24/08/26;CELLNEX;PUT;Mar-27;20,00;26.69;33,80;-0,11;;1
24/08/26;CELLNEX;PUT;Mar-27;22,00;26.69;32,12;-0,18;;100
24/08/26;CELLNEX;PUT;Mar-27;23,00;26.69;31,29;-0,23;;53
24/08/26;CELLNEX;PUT;Mar-27;24,00;26.69;30,45;-0,29;;2
24/08/26;CELLNEX;PUT;Mar-27;25,00;26.69;29,61;-0,35;;75
24/08/26;CELLNEX;PUT;Mar-27;26,00;26.69;28,78;-0,42;;63
24/08/26;CELLNEX;PUT;Mar-27;27,00;26.69;28,10;-0,49;;117
24/08/26;CELLNEX;PUT;Mar-27;28,00;26.69;27,77;-0,56;;5
24/08/26;CELLNEX;PUT;Mar-27;30,00;26.69;27,13;-0,69;;9
24/08/26;CELLNEX;PUT;Mar-27;31,00;26.69;26,80;-0,75;;2
24/08/26;CELLNEX;PUT;Mar-27;32,00;26.69;26,48;-0,80;;10
24/08/26;CELLNEX;PUT;Mar-27;36,00;26.69;25,18;-0,94;;25
24/08/26;CELLNEX;PUT;Mar-27;37,00;26.69;24,85;-0,96;;25
24/08/26;CELLNEX;PUT;Jun-27;20,00;26.69;32,59;-0,13;;25
24/08/26;CELLNEX;PUT;Jun-27;22,00;26.69;31,24;-0,20;;26
24/08/26;CELLNEX;PUT;Jun-27;23,00;26.69;30,57;-0,25;;25
24/08/26;CELLNEX;PUT;Jun-27;24,00;26.69;29,89;-0,30;;59
24/08/26;CELLNEX;PUT;Jun-27;25,00;26.69;29,22;-0,35;;25
24/08/26;CELLNEX;PUT;Jun-27;26,00;26.69;28,55;-0,41;;1.575
24/08/26;CELLNEX;PUT;Jun-27;27,00;26.69;27,98;-0,47;;10
24/08/26;CELLNEX;PUT;Jun-27;28,00;26.69;27,65;-0,53;;1
24/08/26;CELLNEX;PUT;Jun-27;29,00;26.69;27,33;-0,59;;1
24/08/26;CELLNEX;PUT;Jun-27;30,00;26.69;27,01;-0,65;;25
24/08/26;CELLNEX;PUT;Jun-27;31,00;26.69;26,68;-0,70;;75
24/08/26;CELLNEX;PUT;Jun-27;32,00;26.69;26,36;-0,76;;50
24/08/26;CELLNEX;PUT;Jun-27;33,00;26.69;26,03;-0,80;;50
24/08/26;CELLNEX;PUT;Jun-27;34,00;26.69;25,71;-0,84;;100
24/08/26;CELLNEX;PUT;Jun-27;35,00;26.69;25,38;-0,88;;100
24/08/26;CELLNEX;PUT;Jun-27;36,00;26.69;25,06;-0,91;;125
24/08/26;CELLNEX;PUT;Jun-27;37,00;26.69;24,73;-0,93;;100
24/08/26;CELLNEX;PUT;Jun-27;38,00;26.69;24,41;-0,95;;100
24/08/26;CELLNEX;PUT;Jun-27;39,00;26.69;24,08;-0,97;;25
24/08/26;CELLNEX;PUT;Sep-27;21,00;26.69;30,56;-0,18;;1
24/08/26;CELLNEX;PUT;Sep-27;24,00;26.69;28,80;-0,31;;3
24/08/26;CELLNEX;PUT;Sep-27;25,00;26.69;28,21;-0,36;;1
24/08/26;CELLNEX;PUT;Sep-27;36,00;26.69;24,20;-0,87;;25
24/08/26;CELLNEX;PUT;Sep-27;37,00;26.69;23,87;-0,90;;25
24/08/26;CELLNEX;PUT;Dic-27;21,00;26.69;29,73;-0,19;;1
24/08/26;CELLNEX;PUT;Dic-27;23,00;26.69;28,76;-0,27;;3
24/08/26;CELLNEX;PUT;Dic-27;30,00;26.69;25,97;-0,61;;75
24/08/26;CELLNEX;PUT;Dic-27;31,00;26.69;25,67;-0,65;;50
24/08/26;CELLNEX;PUT;Dic-27;32,00;26.69;25,37;-0,70;;26
24/08/26;CELLNEX;PUT;Dic-27;33,00;26.69;25,07;-0,74;;25
24/08/26;CELLNEX;PUT;Dic-27;34,00;26.69;24,77;-0,78;;25
24/08/26;CELLNEX;PUT;Mar-28;21,00;26.69;29,31;-0,21;;25
24/08/26;CELLNEX;PUT;Mar-28;22,00;26.69;28,88;-0,24;;100
24/08/26;CELLNEX;PUT;Mar-28;24,00;26.69;28,03;-0,32;;100
24/08/26;CELLNEX;PUT;Mar-28;25,00;26.69;27,61;-0,37;;2
24/08/26;CELLNEX;PUT;Jun-28;30,00;26.69;26,55;-0,57;;3
24/08/26;CELLNEX;CALL;Sep-26;28,00;26.69;28,15;0,28;;25
24/08/26;CELLNEX;CALL;Sep-26;31,00;26.69;27,40;0,02;;25
24/08/26;CELLNEX;CALL;Sep-26;32,00;26.69;27,15;0,01;;25
24/08/26;CELLNEX;CALL;Sep-26;33,00;26.69;26,90;;;25
24/08/26;CELLNEX;CALL;Dic-26;28,00;26.69;28,97;0,43;;50
24/08/26;CELLNEX;CALL;Dic-26;29,00;26.69;28,74;0,35;;3
24/08/26;CELLNEX;CALL;Dic-26;32,00;26.69;28,07;0,15;;50
24/08/26;CELLNEX;CALL;Dic-26;35,00;26.69;27,39;0,05;;18
24/08/26;CELLNEX;CALL;Dic-30;30,00;26.69;30,17;0,48;;60
24/08/26;CELLNEX;PUT;Sep-26;25,00;26.69;28,96;-0,18;;10
24/08/26;CELLNEX;PUT;Dic-26;24,00;26.69;30,74;-0,23;;2
24/08/26;CELLNEX;PUT;Mar-27;24,00;26.69;30,45;-0,28;;2
24/08/26;CELLNEX;PUT;Mar-27;25,00;26.69;29,61;-0,34;;1
24/08/26;CELLNEX;PUT;Jun-27;23,00;26.69;30,57;-0,24;;2
24/08/26;CIE AUTOMOTIVE;CALL;Sep-26;23,00;25.85;20,93;0,99;;4
24/08/26;CIE AUTOMOTIVE;CALL;Sep-26;30,00;25.85;18,78;;;10
24/08/26;CIE AUTOMOTIVE;CALL;Sep-26;31,00;25.85;18,60;;;11
24/08/26;CIE AUTOMOTIVE;CALL;Sep-26;33,00;25.85;18,24;;;1
24/08/26;CIE AUTOMOTIVE;CALL;Dic-26;22,00;25.85;21,13;0,93;;4
24/08/26;CIE AUTOMOTIVE;CALL;Dic-26;24,00;25.85;20,20;0,78;;1
24/08/26;CIE AUTOMOTIVE;CALL;Dic-26;26,00;25.85;19,32;0,53;;2
24/08/26;CIE AUTOMOTIVE;CALL;Dic-26;27,00;25.85;19,16;0,39;;6
24/08/26;CIE AUTOMOTIVE;CALL;Dic-26;31,00;25.85;18,54;0,05;;2
24/08/26;CIE AUTOMOTIVE;CALL;Mar-27;22,00;25.85;20,71;0,90;;1
24/08/26;CIE AUTOMOTIVE;CALL;Mar-27;24,00;25.85;19,94;0,75;;2
24/08/26;CIE AUTOMOTIVE;CALL;Mar-27;25,00;25.85;19,55;0,64;;2
24/08/26;CIE AUTOMOTIVE;CALL;Mar-27;29,00;25.85;18,90;0,23;;1
24/08/26;CIE AUTOMOTIVE;CALL;Mar-27;30,00;25.85;18,79;0,16;;2
24/08/26;CIE AUTOMOTIVE;CALL;Jun-27;29,00;25.85;18,86;0,28;;43
24/08/26;CIE AUTOMOTIVE;PUT;Sep-26;25,00;25.85;19,02;-0,24;;1
24/08/26;CIE AUTOMOTIVE;PUT;Sep-26;26,00;25.85;18,57;-0,53;1;12
24/08/26;CIE AUTOMOTIVE;PUT;Dic-26;24,00;25.85;20,07;-0,22;;2
24/08/26;CIE AUTOMOTIVE;PUT;Dic-26;25,00;25.85;19,60;-0,34;;1
24/08/26;CIE AUTOMOTIVE;PUT;Dic-26;26,00;25.85;19,19;-0,48;;2
24/08/26;CIE AUTOMOTIVE;PUT;Mar-27;24,00;25.85;19,67;-0,30;;1
24/08/26;CIE AUTOMOTIVE;PUT;Mar-27;28,00;25.85;18,73;-0,71;;20
24/08/26;COLONIAL;CALL;Sep-26;5,25;5.48;19,48;0,81;;45
24/08/26;COLONIAL;CALL;Sep-26;5,75;5.48;19,11;0,18;;20
24/08/26;COLONIAL;CALL;Dic-26;4,60;5.48;21,03;0,94;;65
24/08/26;COLONIAL;CALL;Dic-26;5,25;5.48;20,52;0,69;;5
24/08/26;COLONIAL;CALL;Dic-26;5,50;5.48;20,32;0,53;;5
24/08/26;COLONIAL;CALL;Dic-26;9,50;5.48;17,64;;;1
24/08/26;COLONIAL;CALL;Mar-27;5,50;5.48;19,43;0,56;;25
24/08/26;COLONIAL;CALL;Mar-27;5,75;5.48;19,28;0,43;;45
24/08/26;COLONIAL;CALL;Mar-27;6,00;5.48;19,13;0,32;;1
24/08/26;COLONIAL;PUT;Sep-26;4,70;5.48;20,34;;;1
24/08/26;COLONIAL;PUT;Sep-26;4,80;5.48;20,26;-0,01;;10
24/08/26;COLONIAL;PUT;Sep-26;5,00;5.48;20,08;-0,04;;219
24/08/26;COLONIAL;PUT;Sep-26;5,25;5.48;19,87;-0,20;;1
24/08/26;COLONIAL;PUT;Sep-26;5,50;5.48;19,66;-0,52;;17
24/08/26;COLONIAL;PUT;Oct-26;5,25;5.48;20,40;-0,27;;11
24/08/26;COLONIAL;PUT;Dic-26;4,00;5.48;21,36;;;1
24/08/26;COLONIAL;PUT;Dic-26;4,30;5.48;21,12;-0,02;;2.000
24/08/26;COLONIAL;PUT;Dic-26;4,80;5.48;20,72;-0,11;;2
24/08/26;COLONIAL;PUT;Dic-26;4,90;5.48;20,65;-0,14;;2
24/08/26;COLONIAL;PUT;Dic-26;5,00;5.48;20,57;-0,19;;130
24/08/26;COLONIAL;PUT;Dic-26;5,25;5.48;20,37;-0,32;;961
24/08/26;COLONIAL;PUT;Dic-26;5,50;5.48;20,17;-0,48;;102
24/08/26;COLONIAL;PUT;Mar-27;4,80;5.48;19,51;-0,15;;1
24/08/26;COLONIAL;PUT;Mar-27;5,00;5.48;19,41;-0,22;;106
24/08/26;COLONIAL;PUT;Mar-27;5,25;5.48;19,29;-0,33;;200
24/08/26;COLONIAL;PUT;Mar-27;5,50;5.48;19,16;-0,46;;304
24/08/26;COLONIAL;PUT;Jun-27;5,50;5.48;19,80;-0,45;;141
24/08/26;EBRO FOODS;CALL;Sep-26;18,50;18.48;13,96;0,51;;3
24/08/26;EBRO FOODS;CALL;Sep-26;19,00;18.48;13,10;0,23;;3
24/08/26;EBRO FOODS;CALL;Mar-27;18,50;18.48;13,73;0,52;;1
24/08/26;EBRO FOODS;CALL;Jun-27;18,00;18.48;14,24;0,61;;1
24/08/26;EBRO FOODS;PUT;Sep-26;17,00;18.48;13,95;-0,01;;1
24/08/26;EBRO FOODS;PUT;Sep-26;17,50;18.48;13,53;-0,06;;1
24/08/26;EBRO FOODS;PUT;Sep-26;18,00;18.48;13,12;-0,21;;1
24/08/26;EBRO FOODS;PUT;Oct-26;17,00;18.48;14,48;-0,09;;1
24/08/26;EBRO FOODS;PUT;Dic-26;17,50;18.48;14,18;-0,26;;3
24/08/26;EBRO FOODS;PUT;Dic-26;18,50;18.48;13,37;-0,53;;2
24/08/26;EBRO FOODS;PUT;Jun-27;18,00;18.48;13,66;-0,42;;8
24/08/26;ENAGAS;CALL;Sep-26;15,00;16.78;20,65;0,98;;1
24/08/26;ENAGAS;CALL;Sep-26;16,00;16.78;18,76;0,85;;7
24/08/26;ENAGAS;CALL;Sep-26;17,00;16.78;16,99;0,41;4;4
24/08/26;ENAGAS;CALL;Sep-26;17,50;16.78;16,30;0,18;;307
24/08/26;ENAGAS;CALL;Sep-26;18,00;16.78;15,62;0,05;;46
24/08/26;ENAGAS;CALL;Sep-26;18,50;16.78;14,93;0,01;;26
24/08/26;ENAGAS;CALL;Sep-26;19,00;16.78;14,25;;;1
24/08/26;ENAGAS;CALL;Oct-26;18,00;16.78;18,29;0,18;;1
24/08/26;ENAGAS;CALL;Oct-26;19,00;16.78;16,94;0,03;;1
24/08/26;ENAGAS;CALL;Dic-26;15,50;16.78;23,91;0,76;;25
24/08/26;ENAGAS;CALL;Dic-26;16,00;16.78;23,01;0,69;;417
24/08/26;ENAGAS;CALL;Dic-26;17,00;16.78;21,40;0,51;;30
24/08/26;ENAGAS;CALL;Dic-26;17,50;16.78;20,90;0,41;;38
24/08/26;ENAGAS;CALL;Dic-26;18,00;16.78;20,41;0,31;;87
24/08/26;ENAGAS;CALL;Dic-26;18,50;16.78;19,91;0,23;;60
24/08/26;ENAGAS;CALL;Dic-26;19,00;16.78;19,41;0,16;;146
24/08/26;ENAGAS;CALL;Dic-26;19,50;16.78;18,92;0,10;;123
24/08/26;ENAGAS;CALL;Dic-26;20,00;16.78;18,42;0,06;;27
24/08/26;ENAGAS;CALL;Mar-27;12,00;16.78;28,13;0,98;;1
24/08/26;ENAGAS;CALL;Mar-27;15,50;16.78;23,20;0,73;;301
24/08/26;ENAGAS;CALL;Mar-27;16,00;16.78;22,49;0,66;;32
24/08/26;ENAGAS;CALL;Mar-27;17,00;16.78;21,23;0,50;;56
24/08/26;ENAGAS;CALL;Mar-27;17,50;16.78;20,86;0,42;;34
24/08/26;ENAGAS;CALL;Mar-27;18,00;16.78;20,49;0,34;;142
24/08/26;ENAGAS;CALL;Mar-27;19,00;16.78;19,76;0,21;;63
24/08/26;ENAGAS;CALL;Mar-27;19,50;16.78;19,39;0,16;;10
24/08/26;ENAGAS;CALL;Mar-27;20,00;16.78;19,02;0,11;;96
24/08/26;ENAGAS;CALL;Jun-27;16,00;16.78;23,25;0,63;;10
24/08/26;ENAGAS;CALL;Jun-27;18,00;16.78;21,59;0,39;;26
24/08/26;ENAGAS;CALL;Jun-27;19,50;16.78;20,78;0,24;;2
24/08/26;ENAGAS;CALL;Jun-27;20,00;16.78;20,51;0,19;;5
24/08/26;ENAGAS;CALL;Sep-27;20,00;16.78;21,78;0,22;;29
24/08/26;ENAGAS;CALL;Sep-27;20,50;16.78;21,53;0,19;;2
24/08/26;ENAGAS;CALL;Dic-27;15,00;16.78;25,81;0,71;;1
24/08/26;ENAGAS;CALL;Dic-27;16,00;16.78;24,63;0,62;;26
24/08/26;ENAGAS;CALL;Dic-27;19,50;16.78;22,53;0,30;;2
24/08/26;ENAGAS;CALL;Dic-27;20,00;16.78;22,31;0,26;;1
24/08/26;ENAGAS;CALL;Dic-27;20,50;16.78;22,09;0,23;;1
24/08/26;ENAGAS;CALL;Dic-27;21,00;16.78;21,88;0,19;;10
24/08/26;ENAGAS;CALL;Jun-28;18,00;16.78;21,60;0,42;;1
24/08/26;ENAGAS;CALL;Dic-28;16,00;16.78;20,90;0,60;;1
24/08/26;ENAGAS;PUT;Sep-26;12,00;16.78;25,60;;;6
24/08/26;ENAGAS;PUT;Sep-26;12,50;16.78;24,66;;;12
24/08/26;ENAGAS;PUT;Sep-26;13,00;16.78;23,71;;;217
24/08/26;ENAGAS;PUT;Sep-26;13,50;16.78;22,77;;;27
24/08/26;ENAGAS;PUT;Sep-26;14,00;16.78;21,83;;;44
24/08/26;ENAGAS;PUT;Sep-26;14,50;16.78;20,88;;;1
24/08/26;ENAGAS;PUT;Sep-26;15,00;16.78;19,94;-0,01;;25
24/08/26;ENAGAS;PUT;Sep-26;15,50;16.78;19,00;-0,05;;45
24/08/26;ENAGAS;PUT;Sep-26;16,00;16.78;18,05;-0,15;;11
24/08/26;ENAGAS;PUT;Sep-26;16,50;16.78;17,11;-0,34;2;14
24/08/26;ENAGAS;PUT;Sep-26;16,75;16.78;16,64;-0,46;15;15
24/08/26;ENAGAS;PUT;Sep-26;17,00;16.78;16,28;-0,60;;1
24/08/26;ENAGAS;PUT;Sep-26;17,50;16.78;15,59;-0,85;;3
24/08/26;ENAGAS;PUT;Sep-26;18,00;16.78;14,91;-0,98;1;2
24/08/26;ENAGAS;PUT;Oct-26;16,00;16.78;20,38;-0,25;;3
24/08/26;ENAGAS;PUT;Oct-26;16,50;16.78;19,44;-0,38;;4
24/08/26;ENAGAS;PUT;Dic-26;12,50;16.78;29,28;-0,03;;2
24/08/26;ENAGAS;PUT;Dic-26;13,00;16.78;28,39;-0,04;;227
24/08/26;ENAGAS;PUT;Dic-26;13,50;16.78;27,49;-0,06;;51
24/08/26;ENAGAS;PUT;Dic-26;14,00;16.78;26,60;-0,09;1;283
24/08/26;ENAGAS;PUT;Dic-26;14,50;16.78;25,71;-0,13;;126
24/08/26;ENAGAS;PUT;Dic-26;15,00;16.78;24,81;-0,18;10;612
24/08/26;ENAGAS;PUT;Dic-26;15,50;16.78;23,92;-0,24;;32
24/08/26;ENAGAS;PUT;Dic-26;16,00;16.78;23,02;-0,32;1;36
24/08/26;ENAGAS;PUT;Dic-26;16,50;16.78;22,13;-0,40;;25
24/08/26;ENAGAS;PUT;Dic-26;17,50;16.78;20,91;-0,60;;26
24/08/26;ENAGAS;PUT;Mar-27;12,00;16.78;25,81;-0,04;;1
24/08/26;ENAGAS;PUT;Mar-27;13,00;16.78;24,40;-0,08;;25
24/08/26;ENAGAS;PUT;Mar-27;14,00;16.78;22,99;-0,14;;233
24/08/26;ENAGAS;PUT;Mar-27;14,50;16.78;22,29;-0,19;;56
24/08/26;ENAGAS;PUT;Mar-27;15,00;16.78;21,58;-0,24;;30
24/08/26;ENAGAS;PUT;Mar-27;15,50;16.78;20,88;-0,31;;3
24/08/26;ENAGAS;PUT;Mar-27;16,00;16.78;20,17;-0,38;;540
24/08/26;ENAGAS;PUT;Mar-27;16,50;16.78;19,46;-0,46;;27
24/08/26;ENAGAS;PUT;Mar-27;17,00;16.78;18,91;-0,55;;36
24/08/26;ENAGAS;PUT;Jun-27;17,00;16.78;19,49;-0,52;;52
24/08/26;ENAGAS;PUT;Jun-27;17,50;16.78;19,22;-0,59;;28
24/08/26;ENAGAS;PUT;Sep-27;12,50;16.78;25,67;-0,13;;470
24/08/26;ENAGAS;PUT;Sep-27;13,00;16.78;25,06;-0,16;;75
24/08/26;ENAGAS;PUT;Sep-27;13,50;16.78;24,45;-0,20;;1
24/08/26;ENAGAS;PUT;Sep-27;14,00;16.78;23,85;-0,24;;25
24/08/26;ENAGAS;PUT;Sep-27;17,00;16.78;20,37;-0,56;;25
24/08/26;ENAGAS;PUT;Dic-27;11,00;16.78;26,89;-0,08;;4.100
24/08/26;ENAGAS;PUT;Dic-27;14,00;16.78;23,38;-0,24;;1
24/08/26;ENAGAS;PUT;Mar-28;12,00;16.78;23,99;-0,13;;75
24/08/26;ENAGAS;PUT;Mar-28;14,50;16.78;21,31;-0,31;;173
24/08/26;ENAGAS;PUT;Mar-28;15,50;16.78;20,23;-0,40;;25
24/08/26;ENAGAS;PUT;Mar-28;16,00;16.78;19,70;-0,45;;50
24/08/26;ENAGAS;PUT;Mar-28;16,50;16.78;19,16;-0,51;;25
24/08/26;ENAGAS;PUT;Jun-28;16,00;16.78;18,76;-0,45;;25
24/08/26;ENAGAS;PUT;Jun-28;16,50;16.78;18,27;-0,50;;25
24/08/26;ENAGAS;PUT;Jun-28;18,00;16.78;17,63;-0,65;;141
24/08/26;ENAGAS;CALL;Sep-26;12,50;16.78;25,37;1,00;;25
24/08/26;ENAGAS;CALL;Sep-26;13,50;16.78;23,48;1,00;;5
24/08/26;ENAGAS;CALL;Sep-26;14,00;16.78;22,54;1,00;;6
24/08/26;ENAGAS;CALL;Sep-26;17,00;16.78;16,99;0,41;;1
24/08/26;ENAGAS;CALL;Sep-26;17,50;16.78;16,30;0,18;;1
24/08/26;ENAGAS;CALL;Sep-26;18,00;16.78;15,62;0,05;;25
24/08/26;ENAGAS;CALL;Dic-26;16,50;16.78;22,12;0,60;;25
24/08/26;ENAGAS;CALL;Dic-26;17,50;16.78;20,90;0,41;50;50
24/08/26;ENAGAS;CALL;Dic-26;18,00;16.78;20,41;0,31;;25
24/08/26;ENAGAS;PUT;Sep-26;11,00;16.78;27,49;;;1
24/08/26;ENAGAS;PUT;Sep-26;14,00;16.78;21,83;;;25
24/08/26;ENAGAS;PUT;Sep-26;15,50;16.78;19,00;-0,05;;25
24/08/26;ENAGAS;PUT;Sep-26;16,00;16.78;18,05;-0,15;;2
24/08/26;ENAGAS;PUT;Sep-26;17,00;16.78;16,28;-0,60;;25
24/08/26;ENAGAS;PUT;Dic-26;13,00;16.78;28,39;-0,04;;25
24/08/26;ENAGAS;PUT;Dic-26;13,50;16.78;27,49;-0,06;;75
24/08/26;ENAGAS;PUT;Dic-26;14,00;16.78;26,60;-0,09;;25
24/08/26;ENAGAS;PUT;Dic-26;15,50;16.78;23,92;-0,24;5;5
24/08/26;ENAGAS;PUT;Dic-26;16,50;16.78;22,13;-0,39;;10
24/08/26;ENAGAS;PUT;Dic-26;17,00;16.78;21,41;-0,49;;10
24/08/26;ENAGAS;PUT;Mar-27;14,50;16.78;22,29;-0,18;;50
24/08/26;ENAGAS;PUT;Mar-27;15,00;16.78;21,58;-0,24;;1
24/08/26;ENAGAS;PUT;Mar-27;15,50;16.78;20,88;-0,30;;9
24/08/26;ENAGAS;PUT;Jun-27;15,50;16.78;21,26;-0,30;;6
24/08/26;ENCE;CALL;Mar-27;2,00;2.53;24,99;0,92;;13
24/08/26;ENCE;CALL;Mar-27;2,10;2.53;24,87;0,88;;4
24/08/26;ENCE;CALL;Jun-27;2,40;2.53;24,00;0,67;;10
24/08/26;ENCE;CALL;Mar-28;2,00;2.53;28,01;0,83;;4
24/08/26;ENCE;PUT;Sep-26;4,70;2.53;9,21;-1,00;;10
24/08/26;ENCE;PUT;Jun-27;2,70;2.53;24,21;-0,56;;5
24/08/26;ENDESA;CALL;Sep-26;38,00;41.92;21,30;0,97;;1
24/08/26;ENDESA;CALL;Sep-26;40,00;41.92;19,31;0,84;;1
24/08/26;ENDESA;CALL;Sep-26;41,00;41.92;18,31;0,70;;5
24/08/26;ENDESA;CALL;Sep-26;42,00;41.92;17,39;0,51;3;4
24/08/26;ENDESA;CALL;Sep-26;43,00;41.92;17,25;0,31;;5
24/08/26;ENDESA;CALL;Oct-26;40,00;41.92;20,24;0,75;;1
24/08/26;ENDESA;CALL;Dic-26;24,00;41.92;34,39;1,00;;2
24/08/26;ENDESA;CALL;Dic-26;35,00;41.92;24,94;0,92;;10
24/08/26;ENDESA;CALL;Dic-26;36,00;41.92;24,08;0,89;;10
24/08/26;ENDESA;CALL;Dic-26;37,00;41.92;23,23;0,86;;4
24/08/26;ENDESA;CALL;Dic-26;38,00;41.92;22,37;0,82;;4
24/08/26;ENDESA;CALL;Dic-26;40,00;41.92;20,65;0,70;;19
24/08/26;ENDESA;CALL;Dic-26;42,00;41.92;18,99;0,54;;1
24/08/26;ENDESA;CALL;Dic-26;43,00;41.92;18,89;0,46;;5
24/08/26;ENDESA;CALL;Dic-26;45,00;41.92;18,68;0,29;;11
24/08/26;ENDESA;CALL;Dic-26;46,00;41.92;18,58;0,22;;10
24/08/26;ENDESA;CALL;Dic-26;47,00;41.92;18,47;0,17;;20
24/08/26;ENDESA;CALL;Dic-26;48,00;41.92;18,37;0,12;;15
24/08/26;ENDESA;CALL;Mar-27;32,00;41.92;29,16;0,93;;1
24/08/26;ENDESA;CALL;Mar-27;34,00;41.92;27,37;0,89;;150
24/08/26;ENDESA;CALL;Mar-27;40,00;41.92;21,98;0,66;;1
24/08/26;ENDESA;CALL;Mar-27;41,00;41.92;21,08;0,61;;3
24/08/26;ENDESA;CALL;Mar-27;43,00;41.92;20,14;0,48;;5
24/08/26;ENDESA;CALL;Mar-27;44,00;41.92;20,03;0,42;;2
24/08/26;ENDESA;CALL;Mar-27;45,00;41.92;19,93;0,35;;1
24/08/26;ENDESA;CALL;Mar-27;54,00;41.92;19,00;0,05;;38
24/08/26;ENDESA;CALL;Mar-27;56,00;41.92;18,79;0,02;;15
24/08/26;ENDESA;CALL;Jun-27;25,00;41.92;33,72;0,98;;1
24/08/26;ENDESA;CALL;Jun-27;27,00;41.92;32,16;0,96;;2
24/08/26;ENDESA;CALL;Jun-27;32,00;41.92;28,26;0,89;;294
24/08/26;ENDESA;CALL;Jun-27;33,00;41.92;27,48;0,87;;291
24/08/26;ENDESA;CALL;Jun-27;37,00;41.92;24,36;0,76;;1
24/08/26;ENDESA;CALL;Jun-27;38,00;41.92;23,58;0,73;;1
24/08/26;ENDESA;CALL;Jun-27;41,00;41.92;21,25;0,60;;2
24/08/26;ENDESA;CALL;Jun-27;42,00;41.92;20,52;0,55;;2
24/08/26;ENDESA;CALL;Jun-27;44,00;41.92;20,30;0,45;;40
24/08/26;ENDESA;CALL;Jun-27;46,00;41.92;20,08;0,35;;50
24/08/26;ENDESA;CALL;Jun-27;48,00;41.92;19,85;0,27;;5
24/08/26;ENDESA;CALL;Jun-27;56,00;41.92;18,96;0,06;;105
24/08/26;ENDESA;CALL;Sep-27;43,00;41.92;21,26;0,51;;75
24/08/26;ENDESA;CALL;Sep-27;44,00;41.92;21,14;0,46;;150
24/08/26;ENDESA;CALL;Sep-27;45,00;41.92;21,01;0,42;;1
24/08/26;ENDESA;CALL;Sep-27;49,00;41.92;20,50;0,26;;7
24/08/26;ENDESA;CALL;Dic-27;29,00;41.92;29,74;0,92;;1
24/08/26;ENDESA;CALL;Dic-27;31,00;41.92;28,47;0,89;;1
24/08/26;ENDESA;CALL;Dic-27;34,00;41.92;26,56;0,82;;1
24/08/26;ENDESA;CALL;Dic-27;40,00;41.92;22,74;0,64;;26
24/08/26;ENDESA;CALL;Dic-27;50,00;41.92;20,56;0,26;;1
24/08/26;ENDESA;CALL;Dic-27;52,00;41.92;20,32;0,20;;1
24/08/26;ENDESA;CALL;Mar-28;40,00;41.92;22,61;0,63;;25
24/08/26;ENDESA;CALL;Mar-28;44,00;41.92;21,27;0,48;;20
24/08/26;ENDESA;CALL;Mar-28;45,00;41.92;21,18;0,44;;1.215
24/08/26;ENDESA;CALL;Mar-28;46,00;41.92;21,09;0,41;;85
24/08/26;ENDESA;CALL;Mar-28;47,00;41.92;21,01;0,37;;795
24/08/26;ENDESA;CALL;Mar-28;48,00;41.92;20,92;0,34;;140
24/08/26;ENDESA;CALL;Mar-28;49,00;41.92;20,83;0,31;;70
24/08/26;ENDESA;CALL;Mar-28;50,00;41.92;20,74;0,28;;70
24/08/26;ENDESA;CALL;Mar-28;56,00;41.92;20,22;0,14;;13
24/08/26;ENDESA;CALL;Jun-28;46,00;41.92;21,11;0,42;;10
24/08/26;ENDESA;PUT;Sep-26;25,00;41.92;34,58;;;4
24/08/26;ENDESA;PUT;Sep-26;27,00;41.92;32,59;;;445
24/08/26;ENDESA;PUT;Sep-26;28,00;41.92;31,60;;;19
24/08/26;ENDESA;PUT;Sep-26;29,00;41.92;30,60;;;148
24/08/26;ENDESA;PUT;Sep-26;30,00;41.92;29,61;;;147
24/08/26;ENDESA;PUT;Sep-26;31,00;41.92;28,61;;;146
24/08/26;ENDESA;PUT;Sep-26;34,00;41.92;25,63;;;10
24/08/26;ENDESA;PUT;Sep-26;35,00;41.92;24,64;;;25
24/08/26;ENDESA;PUT;Sep-26;36,00;41.92;23,64;-0,01;;50
24/08/26;ENDESA;PUT;Sep-26;37,00;41.92;22,65;-0,02;;30
24/08/26;ENDESA;PUT;Sep-26;38,00;41.92;21,66;-0,04;;5
24/08/26;ENDESA;PUT;Sep-26;40,00;41.92;19,67;-0,17;1;7
24/08/26;ENDESA;PUT;Sep-26;41,00;41.92;18,67;-0,31;;5
24/08/26;ENDESA;PUT;Sep-26;43,00;41.92;17,61;-0,70;;5
24/08/26;ENDESA;PUT;Dic-26;19,00;41.92;37,77;;;15
24/08/26;ENDESA;PUT;Dic-26;28,00;41.92;30,04;-0,01;;25
24/08/26;ENDESA;PUT;Dic-26;30,00;41.92;28,33;-0,01;;10
24/08/26;ENDESA;PUT;Dic-26;32,00;41.92;26,61;-0,03;;10
24/08/26;ENDESA;PUT;Dic-26;33,00;41.92;25,75;-0,04;;35
24/08/26;ENDESA;PUT;Dic-26;34,00;41.92;24,89;-0,05;;1
24/08/26;ENDESA;PUT;Dic-26;35,00;41.92;24,03;-0,07;;10
24/08/26;ENDESA;PUT;Dic-26;37,00;41.92;22,32;-0,14;;10
24/08/26;ENDESA;PUT;Dic-26;38,00;41.92;21,46;-0,18;;4
24/08/26;ENDESA;PUT;Dic-26;39,00;41.92;20,60;-0,23;;10
24/08/26;ENDESA;PUT;Dic-26;40,00;41.92;19,74;-0,30;;10
24/08/26;ENDESA;PUT;Mar-27;37,00;41.92;22,72;-0,21;;10
24/08/26;ENDESA;PUT;Mar-27;39,00;41.92;20,92;-0,30;;10
24/08/26;ENDESA;PUT;Jun-27;15,50;41.92;39,18;;;5
24/08/26;ENDESA;PUT;Jun-27;22,00;41.92;34,11;-0,01;;10
24/08/26;ENDESA;PUT;Jun-27;37,00;41.92;22,42;-0,23;;3
24/08/26;ENDESA;PUT;Jun-27;38,00;41.92;21,64;-0,27;;4
24/08/26;ENDESA;PUT;Dic-27;17,50;41.92;33,78;-0,01;;1
24/08/26;ENDESA;PUT;Dic-27;27,00;41.92;27,74;-0,06;;1
24/08/26;ENDESA;PUT;Dic-27;30,00;41.92;25,83;-0,11;;5
24/08/26;ENDESA;PUT;Dic-27;31,00;41.92;25,20;-0,12;;30
24/08/26;ENDESA;PUT;Dic-27;32,00;41.92;24,56;-0,14;;5
24/08/26;ENDESA;PUT;Dic-27;34,00;41.92;23,29;-0,19;;5
24/08/26;ENDESA;PUT;Dic-27;44,00;41.92;18,00;-0,59;;15
24/08/26;ENDESA;PUT;Mar-28;22,00;41.92;30,23;-0,03;;150
24/08/26;ENDESA;PUT;Mar-28;24,00;41.92;29,02;-0,05;;150
24/08/26;ENDESA;PUT;Mar-28;26,00;41.92;27,81;-0,07;;150
24/08/26;ENDESA;PUT;Mar-28;27,00;41.92;27,21;-0,08;;150
24/08/26;ENDESA;PUT;Mar-28;28,00;41.92;26,60;-0,09;;150
24/08/26;ENDESA;PUT;Jun-28;25,00;41.92;27,87;-0,06;;150
24/08/26;ENDESA;PUT;Jun-28;26,00;41.92;27,31;-0,07;;150
24/08/26;ENDESA;PUT;Jun-28;27,00;41.92;26,74;-0,08;;293
24/08/26;ENDESA;PUT;Jun-28;29,00;41.92;25,61;-0,11;;143
24/08/26;ENDESA;PUT;Jun-28;30,00;41.92;25,05;-0,13;;143
24/08/26;ENDESA;PUT;Jun-28;31,00;41.92;24,49;-0,15;;142
24/08/26;ENDESA;PUT;Jun-28;32,00;41.92;23,92;-0,17;;142
24/08/26;ENDESA;PUT;Jun-28;33,00;41.92;23,36;-0,19;;142
24/08/26;ENDESA;PUT;Dic-28;31,00;41.92;23,54;-0,17;;16
24/08/26;ENDESA;CALL;Sep-26;17,00;41.92;42,17;1,00;;25
24/08/26;ENDESA;CALL;Sep-26;34,00;41.92;25,27;1,00;;25
24/08/26;ENDESA;CALL;Sep-26;34,00;41.92;25,27;1,00;;25
24/08/26;ENDESA;CALL;Sep-26;43,00;41.92;17,25;0,31;;1
24/08/26;ENDESA;CALL;Oct-26;42,00;41.92;18,31;0,52;;1
24/08/26;ENDESA;CALL;Oct-26;44,00;41.92;18,04;0,27;;2
24/08/26;ENDESA;CALL;Dic-26;33,00;41.92;26,66;0,95;;10
24/08/26;ENDESA;CALL;Dic-26;40,00;41.92;20,65;0,69;;10
24/08/26;ENDESA;CALL;Dic-26;42,00;41.92;18,99;0,54;;10
24/08/26;ENDESA;CALL;Mar-27;37,00;41.92;24,67;0,77;;10
24/08/26;ENDESA;PUT;Sep-26;24,00;41.92;35,57;;;25
24/08/26;ENDESA;PUT;Sep-26;25,00;41.92;34,58;;;25
24/08/26;ENDESA;PUT;Sep-26;26,00;41.92;33,58;;;25
24/08/26;ENDESA;PUT;Sep-26;26,00;41.92;33,58;;;25
24/08/26;ENDESA;PUT;Sep-26;32,00;41.92;27,62;;;10
24/08/26;ENDESA;PUT;Sep-26;34,00;41.92;25,63;;;25
24/08/26;ENDESA;PUT;Sep-26;35,00;41.92;24,64;;;25
24/08/26;ENDESA;PUT;Sep-26;35,00;41.92;24,64;;;50
24/08/26;ENDESA;PUT;Sep-26;36,00;41.92;23,64;-0,01;;25
24/08/26;ENDESA;PUT;Sep-26;37,00;41.92;22,65;-0,02;;50
24/08/26;ENDESA;PUT;Sep-26;39,00;41.92;20,66;-0,08;;10
24/08/26;ENDESA;PUT;Oct-26;40,00;41.92;19,43;-0,24;;10
24/08/26;ENDESA;PUT;Dic-26;32,00;41.92;26,61;-0,03;;8
24/08/26;ENDESA;PUT;Dic-26;36,00;41.92;23,17;-0,10;;10
24/08/26;ENDESA;PUT;Dic-26;39,00;41.92;20,60;-0,23;;20
24/08/26;FCC;CALL;Sep-26;10,50;11.1;18,67;0,88;;1
24/08/26;FCC;CALL;Jun-27;11,00;11.1;18,11;0,61;;1
24/08/26;FCC;CALL;Dic-27;16,50;11.1;18,19;0,03;;1
24/08/26;FCC;CALL;Jun-28;11,50;11.1;23,70;0,52;;200
24/08/26;FCC;PUT;Sep-26;11,00;11.1;19,52;-0,41;4;1
24/08/26;FCC;PUT;Sep-26;11,50;11.1;18,08;-0,76;;1
24/08/26;FCC;PUT;Sep-26;12,00;11.1;16,63;-0,98;;3
24/08/26;FCC;PUT;Dic-26;10,50;11.1;21,26;-0,28;;20
24/08/26;FCC;PUT;Mar-27;9,50;11.1;22,28;-0,14;;257
24/08/26;FCC;PUT;Mar-27;10,00;11.1;21,74;-0,21;;250
24/08/26;FCC;PUT;Mar-27;10,50;11.1;21,20;-0,31;;482
24/08/26;FCC;PUT;Mar-27;11,00;11.1;20,66;-0,42;;224
24/08/26;FCC;PUT;Jun-27;11,50;11.1;21,16;-0,51;;3
24/08/26;FCC;PUT;Jun-27;12,00;11.1;20,56;-0,62;;417
24/08/26;FCC;PUT;Sep-27;11,00;11.1;23,38;-0,50;;226
24/08/26;FERROVIAL;CALL;Sep-26;50,00;53.8;26,64;0,86;;25
24/08/26;FERROVIAL;CALL;Sep-26;52,00;53.8;24,68;0,72;;26
24/08/26;FERROVIAL;CALL;Sep-26;54,00;53.8;22,81;0,50;1;51
24/08/26;FERROVIAL;CALL;Sep-26;55,00;53.8;22,27;0,37;1;2
24/08/26;FERROVIAL;CALL;Sep-26;56,00;53.8;21,72;0,26;2;61
24/08/26;FERROVIAL;CALL;Sep-26;57,00;53.8;21,18;0,16;5;6
24/08/26;FERROVIAL;CALL;Sep-26;58,00;53.8;20,63;0,09;;2.050
24/08/26;FERROVIAL;CALL;Sep-26;60,00;53.8;19,54;0,02;3;92
24/08/26;FERROVIAL;CALL;Sep-26;62,00;53.8;18,45;;;104
24/08/26;FERROVIAL;CALL;Sep-26;64,00;53.8;17,36;;;10
24/08/26;FERROVIAL;CALL;Sep-26;66,00;53.8;16,27;;;25
24/08/26;FERROVIAL;CALL;Sep-26;74,00;53.8;11,91;;;75
24/08/26;FERROVIAL;CALL;Dic-26;47,00;53.8;30,51;0,82;;1
24/08/26;FERROVIAL;CALL;Dic-26;50,00;53.8;27,86;0,72;;50
24/08/26;FERROVIAL;CALL;Dic-26;52,00;53.8;26,08;0,63;;26
24/08/26;FERROVIAL;CALL;Dic-26;54,00;53.8;24,43;0,52;;25
24/08/26;FERROVIAL;CALL;Dic-26;56,00;53.8;23,81;0,41;;54
24/08/26;FERROVIAL;CALL;Dic-26;58,00;53.8;23,19;0,31;;25
24/08/26;FERROVIAL;CALL;Dic-26;60,00;53.8;22,57;0,21;;3.025
24/08/26;FERROVIAL;CALL;Dic-26;64,00;53.8;21,33;0,08;;5
24/08/26;FERROVIAL;CALL;Dic-26;66,00;53.8;20,71;0,04;;5
24/08/26;FERROVIAL;CALL;Dic-26;68,00;53.8;20,09;0,02;;235
24/08/26;FERROVIAL;CALL;Dic-26;70,00;53.8;19,47;0,01;;25
24/08/26;FERROVIAL;CALL;Mar-27;44,00;53.8;31,31;0,84;15;
24/08/26;FERROVIAL;CALL;Mar-27;45,00;53.8;30,63;0,82;30;
24/08/26;FERROVIAL;CALL;Mar-27;49,00;53.8;27,93;0,72;15;
24/08/26;FERROVIAL;CALL;Mar-27;50,00;53.8;27,26;0,69;;102
24/08/26;FERROVIAL;CALL;Mar-27;52,00;53.8;25,91;0,62;;15
24/08/26;FERROVIAL;CALL;Mar-27;58,00;53.8;23,81;0,38;;25
24/08/26;FERROVIAL;CALL;Mar-27;60,00;53.8;23,38;0,31;;25
24/08/26;FERROVIAL;CALL;Mar-27;62,00;53.8;22,96;0,24;;25
24/08/26;FERROVIAL;CALL;Sep-27;44,00;53.8;30,23;0,80;;25
24/08/26;FERROVIAL;CALL;Sep-27;50,00;53.8;27,33;0,67;;25
24/08/26;FERROVIAL;CALL;Sep-27;52,00;53.8;26,36;0,62;;25
24/08/26;FERROVIAL;CALL;Sep-27;56,00;53.8;25,18;0,51;;25
24/08/26;FERROVIAL;CALL;Dic-27;50,00;53.8;27,54;0,67;;25
24/08/26;FERROVIAL;CALL;Dic-27;60,00;53.8;25,02;0,43;;25
24/08/26;FERROVIAL;CALL;Dic-27;70,00;53.8;23,66;0,22;;25
24/08/26;FERROVIAL;CALL;Mar-28;52,00;53.8;26,78;0,63;;25
24/08/26;FERROVIAL;CALL;Mar-28;54,00;53.8;26,09;0,58;;50
24/08/26;FERROVIAL;CALL;Mar-28;60,00;53.8;25,27;0,45;;25
24/08/26;FERROVIAL;CALL;Mar-28;66,00;53.8;24,46;0,33;;25
24/08/26;FERROVIAL;CALL;Jun-28;50,00;53.8;27,72;0,67;;50
24/08/26;FERROVIAL;CALL;Jun-28;56,00;53.8;26,04;0,55;;50
24/08/26;FERROVIAL;CALL;Jun-28;58,00;53.8;25,79;0,51;;25
24/08/26;FERROVIAL;PUT;Sep-26;36,00;53.8;40,03;;;25
24/08/26;FERROVIAL;PUT;Sep-26;42,00;53.8;34,15;;;25
24/08/26;FERROVIAL;PUT;Sep-26;45,00;53.8;31,21;-0,01;;25
24/08/26;FERROVIAL;PUT;Sep-26;48,00;53.8;28,28;-0,06;;25
24/08/26;FERROVIAL;PUT;Sep-26;49,00;53.8;27,30;-0,09;;5
24/08/26;FERROVIAL;PUT;Sep-26;52,00;53.8;24,36;-0,28;27;3.002
24/08/26;FERROVIAL;PUT;Sep-26;54,00;53.8;22,49;-0,51;1;1.544
24/08/26;FERROVIAL;PUT;Sep-26;55,00;53.8;21,95;-0,63;1;1
24/08/26;FERROVIAL;PUT;Sep-26;56,00;53.8;21,40;-0,75;2;2
24/08/26;FERROVIAL;PUT;Sep-26;58,00;53.8;20,31;-0,93;;35
24/08/26;FERROVIAL;PUT;Sep-26;64,00;53.8;17,04;-1,00;;25
24/08/26;FERROVIAL;PUT;Oct-26;48,00;53.8;28,01;-0,13;;7
24/08/26;FERROVIAL;PUT;Oct-26;60,00;53.8;19,03;-0,95;;10
24/08/26;FERROVIAL;PUT;Dic-26;44,00;53.8;31,80;-0,12;;51
24/08/26;FERROVIAL;PUT;Dic-26;48,00;53.8;28,26;-0,22;;7
24/08/26;FERROVIAL;PUT;Dic-26;49,00;53.8;27,37;-0,25;;26
24/08/26;FERROVIAL;PUT;Dic-26;50,00;53.8;26,49;-0,29;;25
24/08/26;FERROVIAL;PUT;Dic-26;54,00;53.8;23,06;-0,49;;26
24/08/26;FERROVIAL;PUT;Dic-26;56,00;53.8;22,44;-0,61;;25
24/08/26;FERROVIAL;PUT;Dic-26;58,00;53.8;21,82;-0,72;;130
24/08/26;FERROVIAL;PUT;Dic-26;60,00;53.8;21,20;-0,81;;1
24/08/26;FERROVIAL;PUT;Dic-26;72,00;53.8;17,48;-1,00;;1
24/08/26;FERROVIAL;PUT;Mar-27;39,00;53.8;33,76;-0,08;;100
24/08/26;FERROVIAL;PUT;Mar-27;45,00;53.8;29,70;-0,18;;25
24/08/26;FERROVIAL;PUT;Mar-27;46,00;53.8;29,03;-0,20;;25
24/08/26;FERROVIAL;PUT;Mar-27;47,00;53.8;28,35;-0,23;;50
24/08/26;FERROVIAL;PUT;Mar-27;48,00;53.8;27,68;-0,25;;75
24/08/26;FERROVIAL;PUT;Mar-27;49,00;53.8;27,00;-0,28;;90
24/08/26;FERROVIAL;PUT;Mar-27;50,00;53.8;26,33;-0,32;;125
24/08/26;FERROVIAL;PUT;Mar-27;52,00;53.8;24,98;-0,39;;135
24/08/26;FERROVIAL;PUT;Mar-27;54,00;53.8;23,72;-0,47;;26
24/08/26;FERROVIAL;PUT;Mar-27;56,00;53.8;23,30;-0,56;;25
24/08/26;FERROVIAL;PUT;Mar-27;58,00;53.8;22,88;-0,64;;25
24/08/26;FERROVIAL;PUT;Jun-27;44,00;53.8;30,03;-0,19;;25
24/08/26;FERROVIAL;PUT;Jun-27;49,00;53.8;27,18;-0,30;;50
24/08/26;FERROVIAL;PUT;Jun-27;60,00;53.8;23,40;-0,67;;5
24/08/26;FERROVIAL;PUT;Sep-27;41,00;53.8;31,05;-0,15;;1
24/08/26;FERROVIAL;PUT;Sep-27;44,00;53.8;29,60;-0,20;;51
24/08/26;FERROVIAL;PUT;Sep-27;45,00;53.8;29,11;-0,22;;25
24/08/26;FERROVIAL;PUT;Sep-27;47,00;53.8;28,15;-0,26;;25
24/08/26;FERROVIAL;PUT;Sep-27;48,00;53.8;27,66;-0,28;;50
24/08/26;FERROVIAL;PUT;Sep-27;49,00;53.8;27,18;-0,31;;25
24/08/26;FERROVIAL;PUT;Dic-27;35,00;53.8;33,28;-0,09;;1
24/08/26;FERROVIAL;PUT;Dic-27;39,00;53.8;31,52;-0,13;;25
24/08/26;FERROVIAL;PUT;Dic-27;40,00;53.8;31,08;-0,15;;25
24/08/26;FERROVIAL;PUT;Dic-27;45,00;53.8;28,88;-0,23;;25
24/08/26;FERROVIAL;PUT;Dic-27;54,00;53.8;24,98;-0,44;;525
24/08/26;FERROVIAL;PUT;Mar-28;58,00;53.8;24,64;-0,53;;1
24/08/26;FERROVIAL;PUT;Mar-28;60,00;53.8;24,36;-0,58;;3
24/08/26;FERROVIAL;PUT;Mar-28;62,00;53.8;24,09;-0,63;;26
24/08/26;FERROVIAL;PUT;Mar-28;64,00;53.8;23,82;-0,68;;25
24/08/26;FERROVIAL;PUT;Jun-28;44,00;53.8;28,93;-0,22;;25
24/08/26;FERROVIAL;PUT;Jun-28;45,00;53.8;28,56;-0,24;;25
24/08/26;FERROVIAL;PUT;Jun-28;46,00;53.8;28,19;-0,26;;25
24/08/26;FERROVIAL;PUT;Jun-28;48,00;53.8;27,45;-0,30;;25
24/08/26;FERROVIAL;PUT;Jun-28;49,00;53.8;27,07;-0,32;;25
24/08/26;FERROVIAL;PUT;Jun-28;50,00;53.8;26,70;-0,34;;25
24/08/26;FERROVIAL;PUT;Jun-28;52,00;53.8;25,96;-0,38;;25
24/08/26;FERROVIAL;PUT;Jun-28;54,00;53.8;25,27;-0,42;;26
24/08/26;FERROVIAL;PUT;Jun-28;56,00;53.8;25,02;-0,47;;25
24/08/26;FERROVIAL;PUT;Jun-28;58,00;53.8;24,77;-0,52;;26
24/08/26;FERROVIAL;PUT;Jun-28;64,00;53.8;24,03;-0,66;;75
24/08/26;FERROVIAL;CALL;Sep-26;60,00;53.8;19,54;0,02;;70
24/08/26;FERROVIAL;CALL;Sep-26;60,00;53.8;19,54;0,02;;226
24/08/26;FERROVIAL;CALL;Sep-26;62,00;53.8;18,45;;;452
24/08/26;FERROVIAL;CALL;Dic-26;60,00;53.8;22,57;0,21;;60
24/08/26;FERROVIAL;PUT;Sep-26;54,00;53.8;22,49;-0,50;;15
24/08/26;FERROVIAL;PUT;Sep-26;60,00;53.8;19,22;-0,98;;45
24/08/26;FERROVIAL;PUT;Sep-26;62,00;53.8;18,13;-1,00;;160
24/08/26;FERROVIAL;PUT;Sep-26;64,00;53.8;17,04;-1,00;;45
24/08/26;FERROVIAL;PUT;Dic-26;49,00;53.8;27,37;-0,25;;25
24/08/26;FERROVIAL;PUT;Dic-26;50,00;53.8;26,49;-0,29;;25
24/08/26;FERROVIAL;PUT;Mar-27;40,00;53.8;33,08;-0,09;;300
24/08/26;FLUIDRA;CALL;Sep-26;19,00;19.5;25,65;0,67;;2
24/08/26;FLUIDRA;CALL;Sep-26;21,00;19.5;22,61;0,12;;1
24/08/26;FLUIDRA;CALL;Sep-26;29,00;19.5;9,62;;;200
24/08/26;FLUIDRA;CALL;Dic-26;19,50;19.5;26,44;0,55;;1
24/08/26;FLUIDRA;CALL;Dic-26;24,00;19.5;24,59;0,08;;1
24/08/26;FLUIDRA;PUT;Sep-26;16,50;19.5;28,39;-0,01;;1
24/08/26;FLUIDRA;PUT;Sep-26;18,50;19.5;26,00;-0,21;;1
24/08/26;FLUIDRA;PUT;Dic-26;17,00;19.5;28,01;-0,19;;325
24/08/26;FLUIDRA;PUT;Dic-26;17,50;19.5;27,44;-0,24;;25
24/08/26;FLUIDRA;PUT;Dic-26;18,00;19.5;26,87;-0,30;;625
24/08/26;FLUIDRA;PUT;Dic-26;18,50;19.5;26,30;-0,36;;1
24/08/26;FLUIDRA;PUT;Dic-26;19,00;19.5;25,72;-0,43;;185
24/08/26;FLUIDRA;PUT;Dic-26;21,00;19.5;24,53;-0,70;;7
24/08/26;FLUIDRA;PUT;Mar-27;21,00;19.5;25,65;-0,63;;14
24/08/26;FLUIDRA;PUT;Jun-27;27,00;19.5;25,18;-0,94;;11
24/08/26;FLUIDRA;PUT;Jun-27;28,00;19.5;25,01;-0,96;;11
24/08/26;GRIFOLS;CALL;Sep-26;6,75;9.88;39,71;1,00;;11
24/08/26;GRIFOLS;CALL;Sep-26;8,00;9.88;35,58;0,99;;6
24/08/26;GRIFOLS;CALL;Sep-26;9,00;9.88;32,27;0,88;;12
24/08/26;GRIFOLS;CALL;Sep-26;9,25;9.88;31,44;0,80;;102
24/08/26;GRIFOLS;CALL;Sep-26;9,50;9.88;30,62;0,71;;112
24/08/26;GRIFOLS;CALL;Sep-26;9,75;9.88;29,79;0,59;;11
24/08/26;GRIFOLS;CALL;Sep-26;10,00;9.88;29,29;0,46;;146
24/08/26;GRIFOLS;CALL;Sep-26;10,50;9.88;29,00;0,23;;354
24/08/26;GRIFOLS;CALL;Sep-26;11,00;9.88;28,72;0,08;;2
24/08/26;GRIFOLS;CALL;Sep-26;11,50;9.88;28,43;0,02;;30
24/08/26;GRIFOLS;CALL;Sep-26;12,00;9.88;28,14;;;121
24/08/26;GRIFOLS;CALL;Sep-26;12,50;9.88;27,86;;;29
24/08/26;GRIFOLS;CALL;Oct-26;9,75;9.88;29,97;0,58;;2
24/08/26;GRIFOLS;CALL;Oct-26;10,00;9.88;29,52;0,49;;10
24/08/26;GRIFOLS;CALL;Oct-26;11,00;9.88;28,98;0,19;;6
24/08/26;GRIFOLS;CALL;Oct-26;12,00;9.88;28,44;0,04;;1
24/08/26;GRIFOLS;CALL;Dic-26;7,75;9.88;36,41;0,92;;1
24/08/26;GRIFOLS;CALL;Dic-26;8,50;9.88;34,28;0,83;;29
24/08/26;GRIFOLS;CALL;Dic-26;8,75;9.88;33,57;0,79;;25
24/08/26;GRIFOLS;CALL;Dic-26;9,00;9.88;32,86;0,74;;58
24/08/26;GRIFOLS;CALL;Dic-26;9,25;9.88;32,16;0,69;;75
24/08/26;GRIFOLS;CALL;Dic-26;9,50;9.88;31,45;0,64;;267
24/08/26;GRIFOLS;CALL;Dic-26;9,75;9.88;30,74;0,58;;100
24/08/26;GRIFOLS;CALL;Dic-26;10,00;9.88;30,32;0,52;;177
24/08/26;GRIFOLS;CALL;Dic-26;10,50;9.88;30,10;0,40;;174
24/08/26;GRIFOLS;CALL;Dic-26;11,00;9.88;29,88;0,30;10;121
24/08/26;GRIFOLS;CALL;Dic-26;11,50;9.88;29,66;0,21;;72
24/08/26;GRIFOLS;CALL;Dic-26;12,00;9.88;29,44;0,14;;48
24/08/26;GRIFOLS;CALL;Dic-26;12,50;9.88;29,22;0,09;;99
24/08/26;GRIFOLS;CALL;Dic-26;13,00;9.88;29,00;0,05;;1.307
24/08/26;GRIFOLS;CALL;Dic-26;13,50;9.88;28,78;0,03;;1.187
24/08/26;GRIFOLS;CALL;Dic-26;14,00;9.88;28,56;0,02;;25
24/08/26;GRIFOLS;CALL;Dic-26;14,50;9.88;28,34;0,01;;25
24/08/26;GRIFOLS;CALL;Dic-26;15,00;9.88;28,12;;;44
24/08/26;GRIFOLS;CALL;Dic-26;15,50;9.88;27,91;;;5
24/08/26;GRIFOLS;CALL;Dic-26;17,00;9.88;27,25;;;25
24/08/26;GRIFOLS;CALL;Dic-26;17,50;9.88;27,03;;;25
24/08/26;GRIFOLS;CALL;Mar-27;6,25;9.88;38,79;0,97;;3
24/08/26;GRIFOLS;CALL;Mar-27;7,00;9.88;37,19;0,94;;3
24/08/26;GRIFOLS;CALL;Mar-27;7,50;9.88;36,13;0,90;;41
24/08/26;GRIFOLS;CALL;Mar-27;8,25;9.88;34,53;0,81;;5
24/08/26;GRIFOLS;CALL;Mar-27;8,50;9.88;34,00;0,78;;2
24/08/26;GRIFOLS;CALL;Mar-27;8,75;9.88;33,47;0,74;;201
24/08/26;GRIFOLS;CALL;Mar-27;9,00;9.88;32,94;0,70;;172
24/08/26;GRIFOLS;CALL;Mar-27;9,25;9.88;32,41;0,66;;127
24/08/26;GRIFOLS;CALL;Mar-27;9,50;9.88;31,88;0,61;;50
24/08/26;GRIFOLS;CALL;Mar-27;9,75;9.88;31,35;0,57;;107
24/08/26;GRIFOLS;CALL;Mar-27;10,00;9.88;31,03;0,53;;170
24/08/26;GRIFOLS;CALL;Mar-27;10,50;9.88;30,86;0,44;;35
24/08/26;GRIFOLS;CALL;Mar-27;11,50;9.88;30,52;0,29;;11
24/08/26;GRIFOLS;CALL;Mar-27;12,00;9.88;30,35;0,23;;211
24/08/26;GRIFOLS;CALL;Mar-27;12,50;9.88;30,19;0,17;;50
24/08/26;GRIFOLS;CALL;Mar-27;13,00;9.88;30,02;0,13;;518
24/08/26;GRIFOLS;CALL;Mar-27;14,00;9.88;29,68;0,07;;30
24/08/26;GRIFOLS;CALL;Mar-27;16,00;9.88;29,01;0,02;;10
24/08/26;GRIFOLS;CALL;Jun-27;8,00;9.88;35,36;0,80;;5
24/08/26;GRIFOLS;CALL;Jun-27;8,75;9.88;33,97;0,71;;2
24/08/26;GRIFOLS;CALL;Jun-27;9,00;9.88;33,50;0,68;;58
24/08/26;GRIFOLS;CALL;Jun-27;9,25;9.88;33,04;0,65;;53
24/08/26;GRIFOLS;CALL;Jun-27;9,50;9.88;32,58;0,61;;27
24/08/26;GRIFOLS;CALL;Jun-27;9,75;9.88;32,11;0,58;;25
24/08/26;GRIFOLS;CALL;Jun-27;10,00;9.88;31,84;0,55;;35
24/08/26;GRIFOLS;CALL;Jun-27;10,50;9.88;31,72;0,48;;1
24/08/26;GRIFOLS;CALL;Jun-27;11,50;9.88;31,49;0,35;;10
24/08/26;GRIFOLS;CALL;Jun-27;12,00;9.88;31,37;0,30;;22
24/08/26;GRIFOLS;CALL;Jun-27;12,50;9.88;31,25;0,25;;255
24/08/26;GRIFOLS;CALL;Jun-27;13,00;9.88;31,13;0,21;;10
24/08/26;GRIFOLS;CALL;Jun-27;14,00;9.88;30,90;0,14;;5
24/08/26;GRIFOLS;CALL;Jun-27;15,00;9.88;30,66;0,09;;50
24/08/26;GRIFOLS;CALL;Jun-27;16,00;9.88;30,42;0,05;;850
24/08/26;GRIFOLS;CALL;Sep-27;15,00;9.88;31,88;0,13;;10
24/08/26;GRIFOLS;CALL;Dic-27;8,00;9.88;36,09;0,77;;2
24/08/26;GRIFOLS;CALL;Dic-27;8,75;9.88;34,92;0,70;;15
24/08/26;GRIFOLS;CALL;Dic-27;11,00;9.88;33,02;0,46;;1
24/08/26;GRIFOLS;CALL;Dic-27;11,50;9.88;32,95;0,42;;5
24/08/26;GRIFOLS;CALL;Dic-27;12,00;9.88;32,88;0,37;;150
24/08/26;GRIFOLS;CALL;Dic-27;12,50;9.88;32,82;0,33;;100
24/08/26;GRIFOLS;CALL;Dic-27;15,00;9.88;32,48;0,17;;4
24/08/26;GRIFOLS;CALL;Mar-28;15,00;9.88;32,89;0,20;;3
24/08/26;GRIFOLS;CALL;Dic-28;9,00;9.88;32,94;0,67;;14
24/08/26;GRIFOLS;CALL;Dic-28;12,00;9.88;31,48;0,43;;1
24/08/26;GRIFOLS;CALL;Dic-28;15,50;9.88;30,89;0,22;;3
24/08/26;GRIFOLS;CALL;Dic-28;16,50;9.88;30,72;0,19;;2
24/08/26;GRIFOLS;CALL;Dic-28;17,50;9.88;30,55;0,15;;6
24/08/26;GRIFOLS;CALL;Dic-29;15,50;9.88;30,20;0,28;;3
24/08/26;GRIFOLS;PUT;Sep-26;6,50;9.88;38,53;;;10
24/08/26;GRIFOLS;PUT;Sep-26;7,25;9.88;36,05;;;4
24/08/26;GRIFOLS;PUT;Sep-26;7,75;9.88;34,39;;;3
24/08/26;GRIFOLS;PUT;Sep-26;8,00;9.88;33,57;-0,01;;31
24/08/26;GRIFOLS;PUT;Sep-26;8,25;9.88;32,74;-0,02;;24
24/08/26;GRIFOLS;PUT;Sep-26;8,50;9.88;31,91;-0,03;;143
24/08/26;GRIFOLS;PUT;Sep-26;8,75;9.88;31,09;-0,06;;72
24/08/26;GRIFOLS;PUT;Sep-26;9,00;9.88;30,26;-0,11;;116
24/08/26;GRIFOLS;PUT;Sep-26;9,25;9.88;29,43;-0,18;;112
24/08/26;GRIFOLS;PUT;Sep-26;9,50;9.88;28,61;-0,28;8;72
24/08/26;GRIFOLS;PUT;Sep-26;9,75;9.88;27,78;-0,41;1;16
24/08/26;GRIFOLS;PUT;Sep-26;10,00;9.88;27,28;-0,55;5;64
24/08/26;GRIFOLS;PUT;Sep-26;10,50;9.88;26,99;-0,80;;148
24/08/26;GRIFOLS;PUT;Sep-26;11,00;9.88;26,71;-0,94;;92
24/08/26;GRIFOLS;PUT;Sep-26;11,50;9.88;26,42;-1,00;5;39
24/08/26;GRIFOLS;PUT;Sep-26;12,00;9.88;26,13;-1,00;;22
24/08/26;GRIFOLS;PUT;Sep-26;12,50;9.88;25,85;-1,00;;10
24/08/26;GRIFOLS;PUT;Oct-26;8,75;9.88;29,40;-0,12;7;37
24/08/26;GRIFOLS;PUT;Oct-26;9,25;9.88;27,90;-0,24;;5
24/08/26;GRIFOLS;PUT;Oct-26;9,50;9.88;27,15;-0,32;;10
24/08/26;GRIFOLS;PUT;Oct-26;10,00;9.88;25,95;-0,52;;20
24/08/26;GRIFOLS;PUT;Dic-26;6,00;9.88;37,72;-0,01;;25
24/08/26;GRIFOLS;PUT;Dic-26;6,25;9.88;37,01;-0,01;;5
24/08/26;GRIFOLS;PUT;Dic-26;6,50;9.88;36,30;-0,02;;1
24/08/26;GRIFOLS;PUT;Dic-26;6,75;9.88;35,59;-0,03;;25
24/08/26;GRIFOLS;PUT;Dic-26;7,00;9.88;34,88;-0,04;;10
24/08/26;GRIFOLS;PUT;Dic-26;7,25;9.88;34,17;-0,05;;291
24/08/26;GRIFOLS;PUT;Dic-26;7,50;9.88;33,46;-0,07;;29
24/08/26;GRIFOLS;PUT;Dic-26;7,75;9.88;32,76;-0,09;;26
24/08/26;GRIFOLS;PUT;Dic-26;8,00;9.88;32,05;-0,12;;317
24/08/26;GRIFOLS;PUT;Dic-26;8,25;9.88;31,34;-0,15;;2
24/08/26;GRIFOLS;PUT;Dic-26;8,50;9.88;30,63;-0,19;;758
24/08/26;GRIFOLS;PUT;Dic-26;8,75;9.88;29,92;-0,23;;12
24/08/26;GRIFOLS;PUT;Dic-26;9,00;9.88;29,21;-0,28;;221
24/08/26;GRIFOLS;PUT;Dic-26;9,25;9.88;28,51;-0,34;;130
24/08/26;GRIFOLS;PUT;Dic-26;9,50;9.88;27,80;-0,40;;447
24/08/26;GRIFOLS;PUT;Dic-26;9,75;9.88;27,09;-0,46;;13
24/08/26;GRIFOLS;PUT;Dic-26;10,00;9.88;26,67;-0,53;;2.282
24/08/26;GRIFOLS;PUT;Dic-26;10,50;9.88;26,45;-0,66;;29
24/08/26;GRIFOLS;PUT;Dic-26;11,00;9.88;26,23;-0,77;;295
24/08/26;GRIFOLS;PUT;Dic-26;11,50;9.88;26,01;-0,85;;7
24/08/26;GRIFOLS;PUT;Dic-26;12,00;9.88;25,79;-0,91;;1
24/08/26;GRIFOLS;PUT;Dic-26;12,50;9.88;25,57;-0,95;;1
24/08/26;GRIFOLS;PUT;Dic-26;13,00;9.88;25,35;-0,97;;10
24/08/26;GRIFOLS;PUT;Dic-26;13,50;9.88;25,13;-0,99;;113
24/08/26;GRIFOLS;PUT;Mar-27;6,25;9.88;38,17;-0,04;;50
24/08/26;GRIFOLS;PUT;Mar-27;6,50;9.88;37,63;-0,05;;17
24/08/26;GRIFOLS;PUT;Mar-27;6,75;9.88;37,10;-0,07;;250
24/08/26;GRIFOLS;PUT;Mar-27;7,00;9.88;36,57;-0,09;;163
24/08/26;GRIFOLS;PUT;Mar-27;7,25;9.88;36,04;-0,11;;76
24/08/26;GRIFOLS;PUT;Mar-27;7,50;9.88;35,51;-0,13;;770
24/08/26;GRIFOLS;PUT;Mar-27;7,75;9.88;34,98;-0,15;;146
24/08/26;GRIFOLS;PUT;Mar-27;8,00;9.88;34,45;-0,18;;127
24/08/26;GRIFOLS;PUT;Mar-27;8,25;9.88;33,91;-0,21;;5
24/08/26;GRIFOLS;PUT;Mar-27;8,50;9.88;33,38;-0,24;;13
24/08/26;GRIFOLS;PUT;Mar-27;8,75;9.88;32,85;-0,28;;3
24/08/26;GRIFOLS;PUT;Mar-27;9,00;9.88;32,32;-0,32;;1.129
24/08/26;GRIFOLS;PUT;Mar-27;9,25;9.88;31,79;-0,36;;2
24/08/26;GRIFOLS;PUT;Mar-27;10,00;9.88;30,41;-0,49;;15
24/08/26;GRIFOLS;PUT;Mar-27;10,50;9.88;30,24;-0,58;;14
24/08/26;GRIFOLS;PUT;Mar-27;11,00;9.88;30,07;-0,66;;130
24/08/26;GRIFOLS;PUT;Mar-27;16,00;9.88;28,39;-0,99;;5
24/08/26;GRIFOLS;PUT;Jun-27;6,00;9.88;39,79;-0,06;;20
24/08/26;GRIFOLS;PUT;Jun-27;8,00;9.88;36,08;-0,21;;100
24/08/26;GRIFOLS;PUT;Jun-27;8,25;9.88;35,61;-0,24;;1
24/08/26;GRIFOLS;PUT;Jun-27;10,00;9.88;32,56;-0,46;;2
24/08/26;GRIFOLS;PUT;Jun-27;10,50;9.88;32,44;-0,54;;7
24/08/26;GRIFOLS;PUT;Jun-27;11,00;9.88;32,33;-0,60;;3
24/08/26;GRIFOLS;PUT;Jun-27;11,50;9.88;32,21;-0,66;;5
24/08/26;GRIFOLS;PUT;Jun-27;12,00;9.88;32,09;-0,72;;206
24/08/26;GRIFOLS;PUT;Jun-27;12,50;9.88;31,97;-0,77;;402
24/08/26;GRIFOLS;PUT;Jun-27;13,00;9.88;31,85;-0,82;;195
24/08/26;GRIFOLS;PUT;Jun-27;13,50;9.88;31,74;-0,86;;25
24/08/26;GRIFOLS;PUT;Jun-27;15,50;9.88;31,26;-0,95;;142
24/08/26;GRIFOLS;PUT;Dic-27;8,25;9.88;37,36;-0,27;;1
24/08/26;GRIFOLS;PUT;Dic-27;8,50;9.88;36,97;-0,30;;5
24/08/26;GRIFOLS;PUT;Dic-27;8,75;9.88;36,58;-0,32;;3
24/08/26;GRIFOLS;PUT;Dic-27;10,50;9.88;34,75;-0,50;;242
24/08/26;GRIFOLS;PUT;Dic-27;11,00;9.88;34,68;-0,54;;228
24/08/26;GRIFOLS;PUT;Dic-27;11,50;9.88;34,61;-0,59;;30
24/08/26;GRIFOLS;PUT;Mar-28;9,50;9.88;36,07;-0,39;;268
24/08/26;GRIFOLS;PUT;Mar-28;10,00;9.88;35,49;-0,44;;260
24/08/26;GRIFOLS;PUT;Jun-28;6,00;9.88;40,14;-0,12;;26
24/08/26;GRIFOLS;PUT;Jun-28;8,25;9.88;37,02;-0,28;;2
24/08/26;GRIFOLS;PUT;Dic-28;6,50;9.88;37,91;-0,16;;25
24/08/26;GRIFOLS;PUT;Dic-28;7,00;9.88;37,29;-0,20;;1
24/08/26;GRIFOLS;PUT;Dic-28;8,00;9.88;36,04;-0,27;;4
24/08/26;GRIFOLS;PUT;Dic-28;9,75;9.88;33,85;-0,40;;1
24/08/26;GRIFOLS;PUT;Jun-29;8,50;9.88;34,29;-0,30;;2
24/08/26;GRIFOLS;PUT;Dic-29;8,50;9.88;33,45;-0,31;;3
24/08/26;GRIFOLS;PUT;Dic-29;9,75;9.88;32,40;-0,40;;1
24/08/26;GRIFOLS;PUT;Dic-30;10,00;9.88;31,52;-0,41;;15
24/08/26;GRIFOLS;CALL;Dic-26;10,00;9.88;30,32;0,48;;10
24/08/26;GRIFOLS;CALL;Dic-26;11,00;9.88;29,88;0,27;;10
24/08/26;GRIFOLS;CALL;Dic-26;11,50;9.88;29,66;0,19;;65
24/08/26;GRIFOLS;CALL;Dic-26;15,00;9.88;28,12;;;15
24/08/26;GRIFOLS;CALL;Jun-27;11,50;9.88;31,49;0,35;;50
24/08/26;GRIFOLS;CALL;Dic-27;11,50;9.88;32,95;0,39;;30
24/08/26;GRIFOLS;CALL;Jun-28;11,50;9.88;32,61;0,43;;60
24/08/26;GRIFOLS;PUT;Sep-26;9,00;9.88;30,26;-0,11;;10
24/08/26;GRIFOLS;PUT;Jun-27;9,00;9.88;34,22;-0,31;;1
24/08/26;HBX;CALL;Oct-26;8,25;7.74;30,20;0,32;;10
24/08/26;HBX;CALL;Dic-26;8,00;7.74;30,54;0,48;;10
24/08/26;HBX;CALL;Dic-26;8,25;7.74;30,40;0,41;;10
24/08/26;HBX;CALL;Mar-27;7,50;7.74;30,61;0,62;;10
24/08/26;HBX;CALL;Mar-27;7,75;7.74;30,55;0,57;;10
24/08/26;HBX;CALL;Mar-27;8,50;7.74;30,10;0,41;;10
24/08/26;HBX;CALL;Jun-27;6,75;7.74;29,49;0,77;;10
24/08/26;HBX;CALL;Jun-27;8,00;7.74;29,13;0,54;;10
24/08/26;HBX;CALL;Jun-27;8,50;7.74;28,85;0,44;;10
24/08/26;HBX;PUT;Dic-26;7,25;7.74;31,86;-0,31;;10
24/08/26;HBX;PUT;Jun-27;7,50;7.74;30,70;-0,38;;10
24/08/26;IAG;CALL;Sep-26;3,00;5.05;33,85;1,00;;50
24/08/26;IAG;CALL;Sep-26;3,80;5.05;32,27;1,00;;10
24/08/26;IAG;CALL;Sep-26;4,00;5.05;31,87;1,00;;6
24/08/26;IAG;CALL;Sep-26;4,20;5.05;31,48;0,99;;11
24/08/26;IAG;CALL;Sep-26;4,40;5.05;31,08;0,96;;4
24/08/26;IAG;CALL;Sep-26;4,50;5.05;30,88;0,93;;14
24/08/26;IAG;CALL;Sep-26;4,60;5.05;30,68;0,89;;41
24/08/26;IAG;CALL;Sep-26;4,70;5.05;30,49;0,83;;16
24/08/26;IAG;CALL;Sep-26;4,80;5.05;30,29;0,75;;19
24/08/26;IAG;CALL;Sep-26;4,90;5.05;30,09;0,67;;223
24/08/26;IAG;CALL;Sep-26;5,00;5.05;29,89;0,57;;75
24/08/26;IAG;CALL;Sep-26;5,10;5.05;29,70;0,47;50;50
24/08/26;IAG;CALL;Sep-26;5,25;5.05;29,42;0,32;;4.572
24/08/26;IAG;CALL;Sep-26;5,50;5.05;28,96;0,14;;157
24/08/26;IAG;CALL;Sep-26;5,75;5.05;28,50;0,04;;57
24/08/26;IAG;CALL;Sep-26;6,00;5.05;28,04;0,01;;63
24/08/26;IAG;CALL;Sep-26;6,25;5.05;27,57;;;50
24/08/26;IAG;CALL;Oct-26;5,00;5.05;32,15;0,56;;13
24/08/26;IAG;CALL;Oct-26;5,25;5.05;31,69;0,41;20;20
24/08/26;IAG;CALL;Dic-26;2,90;5.05;38,12;1,00;;1
24/08/26;IAG;CALL;Dic-26;3,00;5.05;37,92;1,00;;1
24/08/26;IAG;CALL;Dic-26;3,50;5.05;36,90;0,98;;1
24/08/26;IAG;CALL;Dic-26;4,00;5.05;35,87;0,91;;2
24/08/26;IAG;CALL;Dic-26;4,20;5.05;35,46;0,86;;20
24/08/26;IAG;CALL;Dic-26;4,30;5.05;35,26;0,83;;3
24/08/26;IAG;CALL;Dic-26;4,40;5.05;35,05;0,80;;3
24/08/26;IAG;CALL;Dic-26;4,50;5.05;34,85;0,77;;6
24/08/26;IAG;CALL;Dic-26;4,60;5.05;34,64;0,73;;2
24/08/26;IAG;CALL;Dic-26;4,80;5.05;34,23;0,65;;2
24/08/26;IAG;CALL;Dic-26;5,00;5.05;33,82;0,57;;801
24/08/26;IAG;CALL;Dic-26;5,25;5.05;33,35;0,46;;671
24/08/26;IAG;CALL;Dic-26;5,50;5.05;32,89;0,36;;1.591
24/08/26;IAG;CALL;Dic-26;5,75;5.05;32,43;0,27;;100
24/08/26;IAG;CALL;Dic-26;6,00;5.05;31,97;0,19;;10
24/08/26;IAG;CALL;Dic-26;6,25;5.05;31,50;0,13;;35
24/08/26;IAG;CALL;Mar-27;4,00;5.05;36,62;0,84;;12
24/08/26;IAG;CALL;Mar-27;4,10;5.05;36,47;0,82;;1
24/08/26;IAG;CALL;Mar-27;4,20;5.05;36,32;0,80;;6
24/08/26;IAG;CALL;Mar-27;4,30;5.05;36,16;0,77;;5
24/08/26;IAG;CALL;Mar-27;4,60;5.05;35,71;0,69;;1
24/08/26;IAG;CALL;Mar-27;4,70;5.05;35,56;0,66;;3
24/08/26;IAG;CALL;Mar-27;4,80;5.05;35,40;0,63;150;152
24/08/26;IAG;CALL;Mar-27;5,00;5.05;35,10;0,57;;33
24/08/26;IAG;CALL;Mar-27;5,25;5.05;34,63;0,50;;1
24/08/26;IAG;CALL;Mar-27;5,50;5.05;34,13;0,43;;300
24/08/26;IAG;CALL;Mar-27;6,00;5.05;33,14;0,29;;1
24/08/26;IAG;CALL;Mar-27;6,25;5.05;32,64;0,23;;250
24/08/26;IAG;CALL;Jun-27;2,00;5.05;36,93;1,00;;2
24/08/26;IAG;CALL;Jun-27;2,20;5.05;36,69;1,00;;25
24/08/26;IAG;CALL;Jun-27;2,30;5.05;36,58;1,00;;25
24/08/26;IAG;CALL;Jun-27;2,40;5.05;36,46;1,00;;25
24/08/26;IAG;CALL;Jun-27;3,00;5.05;35,74;0,97;;5
24/08/26;IAG;CALL;Jun-27;3,40;5.05;35,27;0,92;;1
24/08/26;IAG;CALL;Jun-27;4,00;5.05;34,55;0,82;;3
24/08/26;IAG;CALL;Jun-27;4,10;5.05;34,43;0,80;;2
24/08/26;IAG;CALL;Jun-27;4,40;5.05;34,08;0,74;;3
24/08/26;IAG;CALL;Jun-27;4,50;5.05;33,96;0,71;;1
24/08/26;IAG;CALL;Jun-27;4,90;5.05;33,48;0,61;;3
24/08/26;IAG;CALL;Jun-27;5,00;5.05;33,36;0,59;;2
24/08/26;IAG;CALL;Jun-27;5,25;5.05;33,00;0,52;;20
24/08/26;IAG;CALL;Jun-27;5,50;5.05;32,62;0,46;;1
24/08/26;IAG;CALL;Jun-27;6,25;5.05;31,48;0,29;;2
24/08/26;IAG;CALL;Jun-27;6,50;5.05;31,10;0,24;;1
24/08/26;IAG;CALL;Sep-27;4,40;5.05;32,96;0,73;25;25
24/08/26;IAG;CALL;Sep-27;4,50;5.05;32,86;0,71;25;25
24/08/26;IAG;CALL;Sep-27;4,80;5.05;32,54;0,64;;1
24/08/26;IAG;CALL;Sep-27;5,25;5.05;32,01;0,53;;4
24/08/26;IAG;CALL;Dic-27;2,00;5.05;36,59;1,00;;25
24/08/26;IAG;CALL;Dic-27;2,10;5.05;36,48;1,00;;25
24/08/26;IAG;CALL;Dic-27;2,20;5.05;36,38;1,00;;25
24/08/26;IAG;CALL;Dic-27;2,30;5.05;36,27;1,00;;25
24/08/26;IAG;CALL;Dic-27;2,40;5.05;36,17;0,99;;25
24/08/26;IAG;CALL;Dic-27;3,70;5.05;34,79;0,85;;1
24/08/26;IAG;CALL;Dic-27;4,10;5.05;34,37;0,78;25;25
24/08/26;IAG;CALL;Dic-27;4,50;5.05;33,95;0,70;;1
24/08/26;IAG;CALL;Dic-27;4,90;5.05;33,52;0,62;;1
24/08/26;IAG;CALL;Dic-27;5,00;5.05;33,42;0,60;;4
24/08/26;IAG;CALL;Mar-28;6,00;5.05;33,18;0,43;;2
24/08/26;IAG;CALL;Jun-28;5,00;5.05;36,10;0,62;;1
24/08/26;IAG;PUT;Sep-26;2,20;5.05;38,04;;;3
24/08/26;IAG;PUT;Sep-26;2,50;5.05;37,45;;;65
24/08/26;IAG;PUT;Sep-26;3,20;5.05;36,06;;;50
24/08/26;IAG;PUT;Sep-26;3,30;5.05;35,86;;;15
24/08/26;IAG;PUT;Sep-26;3,50;5.05;35,46;;;17
24/08/26;IAG;PUT;Sep-26;3,90;5.05;34,67;;;5
24/08/26;IAG;PUT;Sep-26;4,00;5.05;34,47;;;205
24/08/26;IAG;PUT;Sep-26;4,10;5.05;34,27;-0,01;;224
24/08/26;IAG;PUT;Sep-26;4,20;5.05;34,08;-0,02;;2
24/08/26;IAG;PUT;Sep-26;4,40;5.05;33,68;-0,05;;21
24/08/26;IAG;PUT;Sep-26;4,50;5.05;33,48;-0,09;;68
24/08/26;IAG;PUT;Sep-26;4,70;5.05;33,09;-0,19;;22
24/08/26;IAG;PUT;Sep-26;4,80;5.05;32,89;-0,26;1;108
24/08/26;IAG;PUT;Sep-26;4,90;5.05;32,69;-0,34;;110
24/08/26;IAG;PUT;Sep-26;5,00;5.05;32,49;-0,44;;107
24/08/26;IAG;PUT;Sep-26;5,25;5.05;32,02;-0,66;;10
24/08/26;IAG;PUT;Sep-26;5,50;5.05;31,56;-0,84;;13
24/08/26;IAG;PUT;Oct-26;4,20;5.05;36,80;-0,08;150;150
24/08/26;IAG;PUT;Dic-26;2,60;5.05;40,47;;;4
24/08/26;IAG;PUT;Dic-26;2,80;5.05;40,06;;;20
24/08/26;IAG;PUT;Dic-26;2,90;5.05;39,85;-0,01;;20
24/08/26;IAG;PUT;Dic-26;3,30;5.05;39,04;-0,02;;20
24/08/26;IAG;PUT;Dic-26;3,50;5.05;38,63;-0,04;;19
24/08/26;IAG;PUT;Dic-26;3,70;5.05;38,22;-0,06;;4
24/08/26;IAG;PUT;Dic-26;3,80;5.05;38,01;-0,08;;151
24/08/26;IAG;PUT;Dic-26;3,90;5.05;37,81;-0,10;;137
24/08/26;IAG;PUT;Dic-26;4,00;5.05;37,60;-0,12;;817
24/08/26;IAG;PUT;Dic-26;4,10;5.05;37,40;-0,14;;12
24/08/26;IAG;PUT;Dic-26;4,20;5.05;37,19;-0,17;;55
24/08/26;IAG;PUT;Dic-26;4,30;5.05;36,99;-0,20;;7
24/08/26;IAG;PUT;Dic-26;4,40;5.05;36,78;-0,23;;54
24/08/26;IAG;PUT;Dic-26;4,50;5.05;36,58;-0,26;;7
24/08/26;IAG;PUT;Dic-26;4,60;5.05;36,37;-0,30;;7
24/08/26;IAG;PUT;Dic-26;4,70;5.05;36,17;-0,33;;2
24/08/26;IAG;PUT;Dic-26;4,80;5.05;35,96;-0,37;;4
24/08/26;IAG;PUT;Dic-26;4,90;5.05;35,76;-0,41;;1
24/08/26;IAG;PUT;Dic-26;5,00;5.05;35,55;-0,45;;160
24/08/26;IAG;PUT;Dic-26;5,25;5.05;35,08;-0,55;;11
24/08/26;IAG;PUT;Dic-26;5,50;5.05;34,62;-0,64;;1
24/08/26;IAG;PUT;Dic-26;6,00;5.05;33,70;-0,80;;100
24/08/26;IAG;PUT;Mar-27;3,20;5.05;37,29;-0,04;;40
24/08/26;IAG;PUT;Mar-27;3,50;5.05;36,84;-0,07;;17
24/08/26;IAG;PUT;Mar-27;3,70;5.05;36,54;-0,10;;20
24/08/26;IAG;PUT;Mar-27;4,00;5.05;36,08;-0,16;;4
24/08/26;IAG;PUT;Mar-27;4,10;5.05;35,93;-0,18;;1
24/08/26;IAG;PUT;Mar-27;4,40;5.05;35,47;-0,26;;20
24/08/26;IAG;PUT;Mar-27;4,60;5.05;35,17;-0,31;;25
24/08/26;IAG;PUT;Mar-27;4,70;5.05;35,02;-0,34;;255
24/08/26;IAG;PUT;Mar-27;4,80;5.05;34,86;-0,37;;2
24/08/26;IAG;PUT;Mar-27;5,00;5.05;34,56;-0,44;;13
24/08/26;IAG;PUT;Mar-27;5,25;5.05;34,09;-0,51;;2
24/08/26;IAG;PUT;Mar-27;5,50;5.05;33,59;-0,59;;6
24/08/26;IAG;PUT;Jun-27;3,50;5.05;35,29;-0,09;;30
24/08/26;IAG;PUT;Jun-27;3,70;5.05;35,05;-0,12;25;25
24/08/26;IAG;PUT;Jun-27;4,00;5.05;34,69;-0,18;;3
24/08/26;IAG;PUT;Jun-27;4,10;5.05;34,57;-0,20;;2
24/08/26;IAG;PUT;Jun-27;4,40;5.05;34,22;-0,27;;3
24/08/26;IAG;PUT;Jun-27;4,50;5.05;34,10;-0,29;;1
24/08/26;IAG;PUT;Jun-27;5,00;5.05;33,50;-0,42;;7
24/08/26;IAG;PUT;Jun-27;5,25;5.05;33,14;-0,49;;1
24/08/26;IAG;PUT;Jun-27;5,50;5.05;32,76;-0,56;;2
24/08/26;IAG;PUT;Jun-27;6,00;5.05;32,00;-0,68;;2
24/08/26;IAG;PUT;Sep-27;3,20;5.05;34,68;-0,07;;5
24/08/26;IAG;PUT;Sep-27;4,50;5.05;33,31;-0,30;;2
24/08/26;IAG;PUT;Sep-27;4,80;5.05;32,99;-0,37;;1
24/08/26;IAG;PUT;Sep-27;5,25;5.05;32,46;-0,48;;1
24/08/26;IAG;PUT;Dic-27;3,20;5.05;35,74;-0,09;;15.000
24/08/26;IAG;PUT;Dic-27;3,50;5.05;35,42;-0,13;;20
24/08/26;IAG;PUT;Dic-27;4,00;5.05;34,90;-0,22;7;8
24/08/26;IAG;PUT;Dic-27;4,60;5.05;34,26;-0,33;;25
24/08/26;IAG;PUT;Dic-27;4,90;5.05;33,94;-0,39;;1
24/08/26;IAG;PUT;Dic-27;5,00;5.05;33,84;-0,41;;4
24/08/26;IAG;PUT;Mar-28;3,50;5.05;35,74;-0,15;25;25
24/08/26;IAG;PUT;Jun-28;4,20;5.05;36,37;-0,26;25;25
24/08/26;IAG;PUT;Jun-28;4,40;5.05;36,21;-0,30;25;25
24/08/26;IAG;CALL;Dic-29;3,40;5.05;41,22;0,75;;2
24/08/26;IAG;PUT;Sep-26;4,40;5.05;33,68;-0,05;;8
24/08/26;IBERDROLA;CALL;Sep-26;18,00;20.03;17,50;0,99;;60
24/08/26;IBERDROLA;CALL;Sep-26;19,00;20.03;16,12;0,90;;2
24/08/26;IBERDROLA;CALL;Sep-26;19,50;20.03;15,43;0,76;;5.000
24/08/26;IBERDROLA;CALL;Sep-26;20,00;20.03;14,74;0,54;;4
24/08/26;IBERDROLA;CALL;Sep-26;20,50;20.03;14,67;0,29;2;4
24/08/26;IBERDROLA;CALL;Sep-26;20,75;20.03;14,65;0,20;1;1
24/08/26;IBERDROLA;CALL;Sep-26;21,00;20.03;14,64;0,12;;29.614
24/08/26;IBERDROLA;CALL;Sep-26;21,50;20.03;14,60;0,04;;35
24/08/26;IBERDROLA;CALL;Sep-26;22,00;20.03;14,57;0,01;;416
24/08/26;IBERDROLA;CALL;Sep-26;22,50;20.03;14,54;;;2.500
24/08/26;IBERDROLA;CALL;Oct-26;19,50;20.03;16,09;0,70;;4
24/08/26;IBERDROLA;CALL;Oct-26;20,00;20.03;15,42;0,54;;1
24/08/26;IBERDROLA;CALL;Oct-26;21,00;20.03;15,32;0,24;;10.000
24/08/26;IBERDROLA;CALL;Oct-26;22,00;20.03;15,25;0,06;;1
24/08/26;IBERDROLA;CALL;Dic-26;14,50;20.03;23,52;0,99;;2
24/08/26;IBERDROLA;CALL;Dic-26;15,00;20.03;22,86;0,99;;4
24/08/26;IBERDROLA;CALL;Dic-26;16,00;20.03;21,53;0,98;;4
24/08/26;IBERDROLA;CALL;Dic-26;17,00;20.03;20,19;0,94;;6.500
24/08/26;IBERDROLA;CALL;Dic-26;17,50;20.03;19,53;0,91;;2
24/08/26;IBERDROLA;CALL;Dic-26;18,00;20.03;18,86;0,87;;6.001
24/08/26;IBERDROLA;CALL;Dic-26;18,50;20.03;18,20;0,81;;32
24/08/26;IBERDROLA;CALL;Dic-26;19,00;20.03;17,53;0,75;1;345
24/08/26;IBERDROLA;CALL;Dic-26;19,50;20.03;16,87;0,66;;26.516
24/08/26;IBERDROLA;CALL;Dic-26;20,00;20.03;16,20;0,56;;7.518
24/08/26;IBERDROLA;CALL;Dic-26;20,50;20.03;16,10;0,45;1;6
24/08/26;IBERDROLA;CALL;Dic-26;21,00;20.03;16,03;0,35;;302
24/08/26;IBERDROLA;CALL;Dic-26;21,50;20.03;15,96;0,26;;11
24/08/26;IBERDROLA;CALL;Dic-26;22,00;20.03;15,90;0,18;;141
24/08/26;IBERDROLA;CALL;Dic-26;22,50;20.03;15,83;0,12;;517
24/08/26;IBERDROLA;CALL;Dic-26;23,00;20.03;15,76;0,08;;105
24/08/26;IBERDROLA;CALL;Dic-26;23,50;20.03;15,70;0,05;;8
24/08/26;IBERDROLA;CALL;Dic-26;24,00;20.03;15,63;0,03;;1
24/08/26;IBERDROLA;CALL;Dic-26;25,00;20.03;15,50;0,01;;1
24/08/26;IBERDROLA;CALL;Mar-27;12,00;20.03;26,62;1,00;;5
24/08/26;IBERDROLA;CALL;Mar-27;16,00;20.03;22,03;0,95;;10
24/08/26;IBERDROLA;CALL;Mar-27;16,50;20.03;21,45;0,93;;5
24/08/26;IBERDROLA;CALL;Mar-27;18,00;20.03;19,73;0,82;;4
24/08/26;IBERDROLA;CALL;Mar-27;19,50;20.03;18,01;0,63;;12
24/08/26;IBERDROLA;CALL;Mar-27;20,00;20.03;17,43;0,55;;100
24/08/26;IBERDROLA;CALL;Mar-27;20,50;20.03;17,29;0,47;;7
24/08/26;IBERDROLA;CALL;Mar-27;21,00;20.03;17,17;0,40;;496
24/08/26;IBERDROLA;CALL;Mar-27;22,00;20.03;16,94;0,26;;20
24/08/26;IBERDROLA;CALL;Mar-27;22,50;20.03;16,82;0,20;;4
24/08/26;IBERDROLA;CALL;Mar-27;23,00;20.03;16,71;0,15;;258
24/08/26;IBERDROLA;CALL;Mar-27;24,00;20.03;16,48;0,08;;10
24/08/26;IBERDROLA;CALL;Mar-27;26,00;20.03;16,01;0,02;;17
24/08/26;IBERDROLA;CALL;Jun-27;17,00;20.03;21,05;0,85;;100
24/08/26;IBERDROLA;CALL;Jun-27;17,50;20.03;20,54;0,81;;100
24/08/26;IBERDROLA;CALL;Jun-27;18,00;20.03;20,03;0,77;;1
24/08/26;IBERDROLA;CALL;Jun-27;18,50;20.03;19,52;0,72;;7
24/08/26;IBERDROLA;CALL;Jun-27;19,00;20.03;19,02;0,67;;5.500
24/08/26;IBERDROLA;CALL;Jun-27;19,50;20.03;18,51;0,61;;7
24/08/26;IBERDROLA;CALL;Jun-27;20,00;20.03;18,00;0,56;;100
24/08/26;IBERDROLA;CALL;Jun-27;21,00;20.03;17,74;0,44;;1.005
24/08/26;IBERDROLA;CALL;Jun-27;22,00;20.03;17,51;0,32;;1
24/08/26;IBERDROLA;CALL;Jun-27;23,00;20.03;17,28;0,23;;100
24/08/26;IBERDROLA;CALL;Sep-27;16,50;20.03;21,83;0,87;;10.100
24/08/26;IBERDROLA;CALL;Sep-27;17,00;20.03;21,36;0,83;;100
24/08/26;IBERDROLA;CALL;Sep-27;17,50;20.03;20,90;0,80;;100
24/08/26;IBERDROLA;CALL;Sep-27;19,50;20.03;19,03;0,61;25;125
24/08/26;IBERDROLA;CALL;Sep-27;22,00;20.03;18,11;0,34;;5
24/08/26;IBERDROLA;CALL;Dic-27;10,00;20.03;28,02;1,00;;30
24/08/26;IBERDROLA;CALL;Dic-27;13,00;20.03;25,33;0,98;;50
24/08/26;IBERDROLA;CALL;Dic-27;14,00;20.03;24,43;0,96;;5
24/08/26;IBERDROLA;CALL;Dic-27;15,00;20.03;23,53;0,92;;5
24/08/26;IBERDROLA;CALL;Dic-27;16,00;20.03;22,63;0,87;;26
24/08/26;IBERDROLA;CALL;Dic-27;16,50;20.03;22,18;0,84;;25
24/08/26;IBERDROLA;CALL;Dic-27;17,00;20.03;21,73;0,81;;7.530
24/08/26;IBERDROLA;CALL;Dic-27;17,50;20.03;21,28;0,77;;25
24/08/26;IBERDROLA;CALL;Dic-27;18,00;20.03;20,83;0,74;;10.005
24/08/26;IBERDROLA;CALL;Dic-27;18,50;20.03;20,38;0,69;;251
24/08/26;IBERDROLA;CALL;Dic-27;19,00;20.03;19,94;0,65;;157
24/08/26;IBERDROLA;CALL;Dic-27;19,50;20.03;19,49;0,61;;395
24/08/26;IBERDROLA;CALL;Dic-27;20,00;20.03;19,04;0,56;;13.260
24/08/26;IBERDROLA;CALL;Dic-27;21,00;20.03;18,83;0,46;;7.260
24/08/26;IBERDROLA;CALL;Dic-27;22,00;20.03;18,65;0,37;;5.004
24/08/26;IBERDROLA;CALL;Dic-27;23,00;20.03;18,47;0,29;;6
24/08/26;IBERDROLA;CALL;Dic-27;24,00;20.03;18,28;0,22;;2.757
24/08/26;IBERDROLA;CALL;Dic-27;25,00;20.03;18,10;0,17;;2.002
24/08/26;IBERDROLA;CALL;Mar-28;19,00;20.03;19,91;0,64;;1
24/08/26;IBERDROLA;CALL;Mar-28;20,00;20.03;19,07;0,56;;102
24/08/26;IBERDROLA;CALL;Mar-28;21,00;20.03;18,86;0,47;;6
24/08/26;IBERDROLA;CALL;Mar-28;26,00;20.03;17,95;0,14;;1
24/08/26;IBERDROLA;CALL;Jun-28;10,00;20.03;27,44;1,00;;5
24/08/26;IBERDROLA;CALL;Jun-28;20,00;20.03;19,28;0,56;;1
24/08/26;IBERDROLA;CALL;Jun-28;22,50;20.03;18,89;0,37;;7
24/08/26;IBERDROLA;CALL;Jun-28;28,00;20.03;18,07;0,10;;15
24/08/26;IBERDROLA;CALL;Dic-28;16,00;20.03;22,12;0,83;;5.000
24/08/26;IBERDROLA;CALL;Dic-28;18,00;20.03;20,66;0,70;;500
24/08/26;IBERDROLA;CALL;Dic-28;18,50;20.03;20,29;0,67;;25
24/08/26;IBERDROLA;CALL;Dic-28;19,00;20.03;19,92;0,63;;1
24/08/26;IBERDROLA;CALL;Dic-28;24,00;20.03;18,71;0,30;;15
24/08/26;IBERDROLA;CALL;Dic-29;15,00;20.03;22,83;0,87;;1
24/08/26;IBERDROLA;CALL;Dic-29;16,00;20.03;22,15;0,81;2;
24/08/26;IBERDROLA;CALL;Dic-29;18,00;20.03;20,79;0,69;;6.000
24/08/26;IBERDROLA;CALL;Dic-29;19,00;20.03;20,10;0,62;;25
24/08/26;IBERDROLA;CALL;Dic-29;21,50;20.03;19,30;0,47;;1
24/08/26;IBERDROLA;CALL;Dic-29;23,00;20.03;19,20;0,39;;2
24/08/26;IBERDROLA;CALL;Jun-30;21,00;20.03;20,20;0,51;;1
24/08/26;IBERDROLA;CALL;Dic-30;18,00;20.03;22,14;0,68;;245
24/08/26;IBERDROLA;PUT;Sep-26;9,75;20.03;28,04;;;25
24/08/26;IBERDROLA;PUT;Sep-26;13,00;20.03;23,55;;;153
24/08/26;IBERDROLA;PUT;Sep-26;13,50;20.03;22,86;;;44
24/08/26;IBERDROLA;PUT;Sep-26;14,00;20.03;22,17;;;135
24/08/26;IBERDROLA;PUT;Sep-26;14,50;20.03;21,48;;;135
24/08/26;IBERDROLA;PUT;Sep-26;15,00;20.03;20,79;;;51
24/08/26;IBERDROLA;PUT;Sep-26;15,50;20.03;20,10;;;12
24/08/26;IBERDROLA;PUT;Sep-26;16,00;20.03;19,41;;;1
24/08/26;IBERDROLA;PUT;Sep-26;16,50;20.03;18,72;;;63
24/08/26;IBERDROLA;PUT;Sep-26;17,00;20.03;18,03;;;5.020
24/08/26;IBERDROLA;PUT;Sep-26;17,50;20.03;17,33;;;12
24/08/26;IBERDROLA;PUT;Sep-26;18,00;20.03;16,64;-0,01;;530
24/08/26;IBERDROLA;PUT;Sep-26;18,50;20.03;15,95;-0,03;;30.000
24/08/26;IBERDROLA;PUT;Sep-26;19,00;20.03;15,26;-0,09;;20.000
24/08/26;IBERDROLA;PUT;Sep-26;19,50;20.03;14,57;-0,23;28;12.524
24/08/26;IBERDROLA;PUT;Sep-26;20,00;20.03;13,88;-0,46;2;5.117
24/08/26;IBERDROLA;PUT;Sep-26;20,50;20.03;13,81;-0,73;;256
24/08/26;IBERDROLA;PUT;Sep-26;21,00;20.03;13,78;-0,91;;2.513
24/08/26;IBERDROLA;PUT;Sep-26;21,50;20.03;13,74;-1,00;;2.503
24/08/26;IBERDROLA;PUT;Oct-26;19,00;20.03;15,86;-0,17;;10
24/08/26;IBERDROLA;PUT;Oct-26;20,00;20.03;14,53;-0,46;1;1
24/08/26;IBERDROLA;PUT;Oct-26;21,50;20.03;14,39;-0,92;;5
24/08/26;IBERDROLA;PUT;Dic-26;9,00;20.03;29,89;;;2.000
24/08/26;IBERDROLA;PUT;Dic-26;9,50;20.03;29,23;;;2
24/08/26;IBERDROLA;PUT;Dic-26;9,75;20.03;28,90;;;25
24/08/26;IBERDROLA;PUT;Dic-26;10,50;20.03;27,90;;;502
24/08/26;IBERDROLA;PUT;Dic-26;11,00;20.03;27,23;;;1.348
24/08/26;IBERDROLA;PUT;Dic-26;11,50;20.03;26,57;;;26
24/08/26;IBERDROLA;PUT;Dic-26;12,00;20.03;25,90;;;10.150
24/08/26;IBERDROLA;PUT;Dic-26;13,00;20.03;24,57;;;21
24/08/26;IBERDROLA;PUT;Dic-26;13,50;20.03;23,90;;;10.000
24/08/26;IBERDROLA;PUT;Dic-26;14,00;20.03;23,24;;;15.010
24/08/26;IBERDROLA;PUT;Dic-26;14,50;20.03;22,57;;;10
24/08/26;IBERDROLA;PUT;Dic-26;15,00;20.03;21,91;-0,01;;2
24/08/26;IBERDROLA;PUT;Dic-26;15,50;20.03;21,24;-0,01;;30
24/08/26;IBERDROLA;PUT;Dic-26;16,00;20.03;20,58;-0,02;;34.287
24/08/26;IBERDROLA;PUT;Dic-26;16,50;20.03;19,91;-0,03;;255
24/08/26;IBERDROLA;PUT;Dic-26;17,00;20.03;19,24;-0,05;;67.047
24/08/26;IBERDROLA;PUT;Dic-26;17,50;20.03;18,58;-0,08;;10.005
24/08/26;IBERDROLA;PUT;Dic-26;18,00;20.03;17,91;-0,12;;83.784
24/08/26;IBERDROLA;PUT;Dic-26;18,50;20.03;17,25;-0,18;;7.408
24/08/26;IBERDROLA;PUT;Dic-26;19,00;20.03;16,58;-0,25;;2
24/08/26;IBERDROLA;PUT;Dic-26;19,50;20.03;15,92;-0,34;;16.528
24/08/26;IBERDROLA;PUT;Dic-26;20,00;20.03;15,25;-0,45;;81.018
24/08/26;IBERDROLA;PUT;Dic-26;20,50;20.03;15,15;-0,57;;1
24/08/26;IBERDROLA;PUT;Dic-26;21,00;20.03;15,08;-0,69;;888
24/08/26;IBERDROLA;PUT;Dic-26;21,50;20.03;15,01;-0,80;;12
24/08/26;IBERDROLA;PUT;Dic-26;22,00;20.03;14,95;-0,89;;2
24/08/26;IBERDROLA;PUT;Dic-26;28,00;20.03;14,15;-1,00;;1
24/08/26;IBERDROLA;PUT;Mar-27;10,50;20.03;27,14;;;1
24/08/26;IBERDROLA;PUT;Mar-27;14,00;20.03;23,12;-0,02;;1
24/08/26;IBERDROLA;PUT;Mar-27;15,00;20.03;21,98;-0,03;;1
24/08/26;IBERDROLA;PUT;Mar-27;16,00;20.03;20,83;-0,07;;14
24/08/26;IBERDROLA;PUT;Mar-27;16,50;20.03;20,25;-0,09;;4
24/08/26;IBERDROLA;PUT;Mar-27;18,00;20.03;18,53;-0,21;4;4
24/08/26;IBERDROLA;PUT;Mar-27;18,50;20.03;17,96;-0,26;;2
24/08/26;IBERDROLA;PUT;Mar-27;19,00;20.03;17,38;-0,33;;1
24/08/26;IBERDROLA;PUT;Mar-27;19,50;20.03;16,81;-0,40;;302
24/08/26;IBERDROLA;PUT;Mar-27;20,00;20.03;16,23;-0,48;;60
24/08/26;IBERDROLA;PUT;Mar-27;24,00;20.03;15,28;-0,95;;1
24/08/26;IBERDROLA;PUT;Jun-27;15,00;20.03;22,03;-0,06;;13
24/08/26;IBERDROLA;PUT;Jun-27;16,00;20.03;21,01;-0,10;;1.020
24/08/26;IBERDROLA;PUT;Jun-27;16,50;20.03;20,50;-0,12;;6
24/08/26;IBERDROLA;PUT;Jun-27;17,00;20.03;20,00;-0,15;;5.517
24/08/26;IBERDROLA;PUT;Jun-27;17,50;20.03;19,49;-0,19;;5
24/08/26;IBERDROLA;PUT;Jun-27;18,00;20.03;18,98;-0,23;;9
24/08/26;IBERDROLA;PUT;Jun-27;19,00;20.03;17,97;-0,34;;9
24/08/26;IBERDROLA;PUT;Jun-27;19,50;20.03;17,46;-0,40;;50
24/08/26;IBERDROLA;PUT;Jun-27;20,00;20.03;16,95;-0,47;;11.513
24/08/26;IBERDROLA;PUT;Jun-27;23,00;20.03;16,23;-0,83;;1
24/08/26;IBERDROLA;PUT;Sep-27;16,00;20.03;21,07;-0,14;;35.000
24/08/26;IBERDROLA;PUT;Sep-27;16,50;20.03;20,60;-0,17;;200
24/08/26;IBERDROLA;PUT;Sep-27;17,00;20.03;20,13;-0,20;;100
24/08/26;IBERDROLA;PUT;Sep-27;17,50;20.03;19,67;-0,24;;200
24/08/26;IBERDROLA;PUT;Sep-27;18,00;20.03;19,20;-0,28;;5.300
24/08/26;IBERDROLA;PUT;Sep-27;19,00;20.03;18,27;-0,38;;50
24/08/26;IBERDROLA;PUT;Sep-27;19,50;20.03;17,80;-0,44;;50
24/08/26;IBERDROLA;PUT;Sep-27;20,00;20.03;17,34;-0,49;;25
24/08/26;IBERDROLA;PUT;Sep-27;20,50;20.03;17,21;-0,55;;50
24/08/26;IBERDROLA;PUT;Dic-27;9,50;20.03;26,58;;;2.000
24/08/26;IBERDROLA;PUT;Dic-27;10,00;20.03;26,13;-0,01;;5
24/08/26;IBERDROLA;PUT;Dic-27;11,50;20.03;24,79;-0,02;;1.800
24/08/26;IBERDROLA;PUT;Dic-27;12,00;20.03;24,34;-0,02;;30.000
24/08/26;IBERDROLA;PUT;Dic-27;13,00;20.03;23,44;-0,04;;35.000
24/08/26;IBERDROLA;PUT;Dic-27;14,00;20.03;22,54;-0,07;;10.000
24/08/26;IBERDROLA;PUT;Dic-27;14,50;20.03;22,09;-0,08;;20.000
24/08/26;IBERDROLA;PUT;Dic-27;16,00;20.03;20,74;-0,15;;25.000
24/08/26;IBERDROLA;PUT;Dic-27;16,50;20.03;20,29;-0,18;;2.002
24/08/26;IBERDROLA;PUT;Dic-27;17,00;20.03;19,84;-0,21;;2.750
24/08/26;IBERDROLA;PUT;Dic-27;17,50;20.03;19,39;-0,25;;460
24/08/26;IBERDROLA;PUT;Dic-27;18,00;20.03;18,94;-0,29;;409
24/08/26;IBERDROLA;PUT;Dic-27;18,50;20.03;18,49;-0,33;;175
24/08/26;IBERDROLA;PUT;Dic-27;19,00;20.03;18,05;-0,38;;1.811
24/08/26;IBERDROLA;PUT;Dic-27;19,50;20.03;17,60;-0,43;;25
24/08/26;IBERDROLA;PUT;Dic-27;20,00;20.03;17,15;-0,48;;6.750
24/08/26;IBERDROLA;PUT;Dic-27;21,00;20.03;16,94;-0,59;;1.250
24/08/26;IBERDROLA;PUT;Dic-27;22,00;20.03;16,76;-0,68;;50
24/08/26;IBERDROLA;PUT;Mar-28;18,00;20.03;18,49;-0,30;;200
24/08/26;IBERDROLA;PUT;Jun-28;13,00;20.03;22,22;-0,06;;150
24/08/26;IBERDROLA;PUT;Jun-28;14,00;20.03;21,41;-0,09;;150
24/08/26;IBERDROLA;PUT;Dic-28;15,00;20.03;19,59;-0,15;;5.000
24/08/26;IBERDROLA;PUT;Dic-28;21,50;20.03;15,74;-0,61;;4.000
24/08/26;IBERDROLA;PUT;Dic-28;24,00;20.03;15,45;-0,79;;1
24/08/26;IBERDROLA;PUT;Dic-29;19,00;20.03;16,25;-0,42;;2
24/08/26;IBERDROLA;PUT;Dic-30;14,50;20.03;19,14;-0,19;;5
24/08/26;IBERDROLA;CALL;Sep-26;13,50;20.03;23,72;1,00;;150
24/08/26;IBERDROLA;CALL;Sep-26;14,00;20.03;23,03;1,00;;300
24/08/26;IBERDROLA;CALL;Sep-26;20,00;20.03;14,74;0,54;;160
24/08/26;IBERDROLA;CALL;Sep-26;20,00;20.03;14,74;0,54;;10
24/08/26;IBERDROLA;CALL;Sep-26;21,00;20.03;14,64;0,12;;13
24/08/26;IBERDROLA;CALL;Sep-26;22,00;20.03;14,57;0,01;;2.043
24/08/26;IBERDROLA;CALL;Oct-26;22,00;20.03;15,25;0,06;;12.287
24/08/26;IBERDROLA;CALL;Dic-26;14,50;20.03;23,52;0,99;;510
24/08/26;IBERDROLA;CALL;Dic-26;18,00;20.03;18,86;0,86;;10
24/08/26;IBERDROLA;CALL;Dic-26;18,50;20.03;18,20;0,81;;200
24/08/26;IBERDROLA;CALL;Dic-26;19,00;20.03;17,53;0,74;;50
24/08/26;IBERDROLA;CALL;Dic-26;20,00;20.03;16,20;0,55;;10
24/08/26;IBERDROLA;CALL;Dic-26;20,50;20.03;16,10;0,45;;1
24/08/26;IBERDROLA;CALL;Dic-26;22,00;20.03;15,90;0,18;;2
24/08/26;IBERDROLA;CALL;Jun-27;24,00;20.03;17,05;0,15;;5
24/08/26;IBERDROLA;CALL;Dic-27;12,00;20.03;26,23;0,93;;2.000
24/08/26;IBERDROLA;CALL;Jun-30;21,00;20.03;20,20;0,46;;1
24/08/26;IBERDROLA;PUT;Sep-26;13,00;20.03;23,55;;;500
24/08/26;IBERDROLA;PUT;Sep-26;15,00;20.03;20,79;;;800
24/08/26;IBERDROLA;PUT;Sep-26;18,50;20.03;15,95;-0,03;;25
24/08/26;IBERDROLA;PUT;Sep-26;20,25;20.03;13,83;-0,59;;2
24/08/26;IBERDROLA;PUT;Sep-26;21,00;20.03;13,78;-0,89;;10
24/08/26;IBERDROLA;PUT;Dic-26;15,00;20.03;21,91;-0,01;;600
24/08/26;IBERDROLA;PUT;Dic-26;16,00;20.03;20,58;-0,02;;1
24/08/26;IBERDROLA;PUT;Dic-26;19,00;20.03;16,58;-0,24;;21
24/08/26;IBERDROLA;PUT;Dic-26;19,50;20.03;15,92;-0,33;;4
24/08/26;IBERDROLA;PUT;Dic-26;20,00;20.03;15,25;-0,44;;1
24/08/26;IBERDROLA;PUT;Dic-26;21,00;20.03;15,08;-0,66;;10
24/08/26;IBERDROLA;PUT;Dic-26;22,00;20.03;14,95;-0,83;;10
24/08/26;IBERDROLA;PUT;Dic-27;12,00;20.03;24,34;-0,02;;2.000
24/08/26;INDITEX;CALL;Sep-26;40,63;58.42;43,04;1,00;;25
24/08/26;INDITEX;CALL;Sep-26;41,60;58.42;42,13;1,00;;50
24/08/26;INDITEX;CALL;Sep-26;43,54;58.42;40,33;1,00;;50
24/08/26;INDITEX;CALL;Sep-26;44,49;58.42;39,45;1,00;;25
24/08/26;INDITEX;CALL;Sep-26;45,47;58.42;38,53;0,99;;75
24/08/26;INDITEX;CALL;Sep-26;46,44;58.42;37,63;0,99;;50
24/08/26;INDITEX;CALL;Sep-26;47,41;58.42;36,73;0,99;;50
24/08/26;INDITEX;CALL;Sep-26;48,38;58.42;35,83;0,98;;25
24/08/26;INDITEX;CALL;Sep-26;50,31;58.42;34,03;0,96;;25
24/08/26;INDITEX;CALL;Sep-26;52,25;58.42;32,23;0,92;;100
24/08/26;INDITEX;CALL;Sep-26;54,17;58.42;30,44;0,84;;382
24/08/26;INDITEX;CALL;Sep-26;56,11;58.42;28,64;0,72;;1.757
24/08/26;INDITEX;CALL;Sep-26;58,05;58.42;26,83;0,56;;22
24/08/26;INDITEX;CALL;Sep-26;59,99;58.42;26,10;0,37;1;233
24/08/26;INDITEX;CALL;Sep-26;61,92;58.42;25,61;0,21;;25
24/08/26;INDITEX;CALL;Sep-26;65,78;58.42;24,64;0,04;;10
24/08/26;INDITEX;CALL;Oct-26;61,92;58.42;23,41;0,29;;3
24/08/26;INDITEX;CALL;Oct-26;63,85;58.42;23,04;0,18;;100
24/08/26;INDITEX;CALL;Dic-26;35,80;58.42;38,52;0,99;;3
24/08/26;INDITEX;CALL;Dic-26;38,70;58.42;36,70;0,99;;1
24/08/26;INDITEX;CALL;Dic-26;39,67;58.42;36,09;0,98;;52
24/08/26;INDITEX;CALL;Dic-26;40,63;58.42;35,49;0,98;;25
24/08/26;INDITEX;CALL;Dic-26;44,49;58.42;33,06;0,95;;120
24/08/26;INDITEX;CALL;Dic-26;46,44;58.42;31,84;0,92;;26
24/08/26;INDITEX;CALL;Dic-26;47,41;58.42;31,23;0,91;;325
24/08/26;INDITEX;CALL;Dic-26;48,38;58.42;30,62;0,89;;400
24/08/26;INDITEX;CALL;Dic-26;50,31;58.42;29,41;0,85;;50
24/08/26;INDITEX;CALL;Dic-26;52,25;58.42;28,19;0,79;;31
24/08/26;INDITEX;CALL;Dic-26;54,17;58.42;26,99;0,72;;59
24/08/26;INDITEX;CALL;Dic-26;56,11;58.42;25,77;0,65;;149
24/08/26;INDITEX;CALL;Dic-26;58,05;58.42;24,55;0,55;;645
24/08/26;INDITEX;CALL;Dic-26;59,99;58.42;24,06;0,46;;201
24/08/26;INDITEX;CALL;Dic-26;61,92;58.42;23,74;0,36;;253
24/08/26;INDITEX;CALL;Dic-26;63,85;58.42;23,42;0,28;;210
24/08/26;INDITEX;CALL;Dic-26;65,78;58.42;23,10;0,21;;17
24/08/26;INDITEX;CALL;Dic-26;67,72;58.42;22,78;0,14;;15
24/08/26;INDITEX;CALL;Dic-26;69,66;58.42;22,46;0,09;;11
24/08/26;INDITEX;CALL;Dic-26;71,60;58.42;22,14;0,06;;3
24/08/26;INDITEX;CALL;Mar-27;52,25;58.42;28,45;0,75;;100
24/08/26;INDITEX;CALL;Mar-27;54,17;58.42;27,40;0,70;;3
24/08/26;INDITEX;CALL;Mar-27;63,85;58.42;24,33;0,37;;400
24/08/26;INDITEX;CALL;Mar-27;65,78;58.42;24,06;0,30;;300
24/08/26;INDITEX;CALL;Mar-27;67,72;58.42;23,80;0,25;;75
24/08/26;INDITEX;CALL;Mar-27;69,66;58.42;23,53;0,20;;25
24/08/26;INDITEX;CALL;Mar-27;71,60;58.42;23,27;0,15;;20
24/08/26;INDITEX;CALL;Mar-27;73,53;58.42;23,00;0,12;;20
24/08/26;INDITEX;CALL;Jun-27;38,70;58.42;34,59;0,94;;150
24/08/26;INDITEX;CALL;Jun-27;45,47;58.42;31,57;0,86;;25
24/08/26;INDITEX;CALL;Jun-27;50,31;58.42;29,42;0,78;;25
24/08/26;INDITEX;CALL;Jun-27;58,05;58.42;25,97;0,58;;150
24/08/26;INDITEX;CALL;Jun-27;59,99;58.42;25,57;0,52;;188
24/08/26;INDITEX;CALL;Jun-27;61,92;58.42;25,27;0,46;;100
24/08/26;INDITEX;CALL;Jun-27;69,66;58.42;24,08;0,25;;100
24/08/26;INDITEX;CALL;Jun-27;71,60;58.42;23,78;0,21;;25
24/08/26;INDITEX;CALL;Jun-27;73,53;58.42;23,48;0,17;;50
24/08/26;INDITEX;CALL;Sep-27;59,99;58.42;26,01;0,53;;25
24/08/26;INDITEX;CALL;Sep-27;63,85;58.42;25,51;0,43;;25
24/08/26;INDITEX;CALL;Sep-27;69,66;58.42;24,74;0,30;;1
24/08/26;INDITEX;CALL;Sep-27;71,60;58.42;24,49;0,26;;25
24/08/26;INDITEX;CALL;Dic-27;37,73;58.42;33,34;0,93;;25
24/08/26;INDITEX;CALL;Dic-27;38,70;58.42;33,03;0,91;;1
24/08/26;INDITEX;CALL;Dic-27;39,67;58.42;32,72;0,90;;1
24/08/26;INDITEX;CALL;Dic-27;43,54;58.42;31,48;0,85;;50
24/08/26;INDITEX;CALL;Dic-27;45,47;58.42;30,87;0,83;;25
24/08/26;INDITEX;CALL;Dic-27;47,41;58.42;30,25;0,80;;25
24/08/26;INDITEX;CALL;Dic-27;52,25;58.42;28,70;0,71;;25
24/08/26;INDITEX;CALL;Dic-27;54,17;58.42;28,09;0,67;;25
24/08/26;INDITEX;CALL;Dic-27;59,99;58.42;26,54;0,54;;25
24/08/26;INDITEX;CALL;Dic-27;61,92;58.42;26,31;0,50;;175
24/08/26;INDITEX;CALL;Dic-27;63,85;58.42;26,08;0,45;;500
24/08/26;INDITEX;CALL;Dic-27;65,78;58.42;25,85;0,41;;10
24/08/26;INDITEX;CALL;Dic-27;71,60;58.42;25,15;0,30;;1
24/08/26;INDITEX;CALL;Mar-28;33,30;58.42;35,20;0,95;;1
24/08/26;INDITEX;CALL;Mar-28;52,89;58.42;28,94;0,69;;50
24/08/26;INDITEX;CALL;Mar-28;54,86;58.42;28,31;0,66;;75
24/08/26;INDITEX;CALL;Mar-28;56,81;58.42;27,68;0,62;;75
24/08/26;INDITEX;CALL;Mar-28;58,77;58.42;27,12;0,58;;50
24/08/26;INDITEX;CALL;Mar-28;60,73;58.42;26,87;0,54;;25
24/08/26;INDITEX;CALL;Mar-28;64,65;58.42;26,35;0,46;;25
24/08/26;INDITEX;CALL;Mar-28;66,60;58.42;26,10;0,43;;25
24/08/26;INDITEX;CALL;Mar-28;68,56;58.42;25,84;0,39;;25
24/08/26;INDITEX;CALL;Mar-28;70,53;58.42;25,58;0,35;;25
24/08/26;INDITEX;CALL;Mar-28;72,49;58.42;25,32;0,32;;25
24/08/26;INDITEX;CALL;Jun-28;42,12;58.42;32,27;0,85;;25
24/08/26;INDITEX;CALL;Jun-28;43,10;58.42;31,97;0,84;;25
24/08/26;INDITEX;CALL;Jun-28;56,81;58.42;27,75;0,62;;25
24/08/26;INDITEX;CALL;Jun-28;58,77;58.42;27,21;0,59;;50
24/08/26;INDITEX;CALL;Jun-28;66,60;58.42;26,27;0,44;;50
24/08/26;INDITEX;CALL;Jun-28;68,56;58.42;26,04;0,40;;25
24/08/26;INDITEX;CALL;Jun-28;70,53;58.42;25,80;0,37;;25
24/08/26;INDITEX;CALL;Jun-28;72,49;58.42;25,56;0,34;;25
24/08/26;INDITEX;CALL;Dic-28;49,44;58.42;29,42;0,74;;2
24/08/26;INDITEX;CALL;Dic-28;67,24;58.42;26,20;0,46;;490
24/08/26;INDITEX;CALL;Dic-29;43,51;58.42;28,93;0,81;;220
24/08/26;INDITEX;PUT;Sep-26;35,80;58.42;47,38;;;1
24/08/26;INDITEX;PUT;Sep-26;36,76;58.42;46,48;;;27
24/08/26;INDITEX;PUT;Sep-26;38,70;58.42;44,68;;;25
24/08/26;INDITEX;PUT;Sep-26;39,67;58.42;43,78;;;26
24/08/26;INDITEX;PUT;Sep-26;40,63;58.42;42,89;;;28
24/08/26;INDITEX;PUT;Sep-26;41,60;58.42;41,98;;;240
24/08/26;INDITEX;PUT;Sep-26;42,57;58.42;41,08;;;300
24/08/26;INDITEX;PUT;Sep-26;43,54;58.42;40,18;;;25
24/08/26;INDITEX;PUT;Sep-26;44,49;58.42;39,30;;;51
24/08/26;INDITEX;PUT;Sep-26;45,47;58.42;38,38;-0,01;;51
24/08/26;INDITEX;PUT;Sep-26;46,44;58.42;37,48;-0,01;;75
24/08/26;INDITEX;PUT;Sep-26;47,41;58.42;36,58;-0,01;;30
24/08/26;INDITEX;PUT;Sep-26;48,38;58.42;35,68;-0,02;;82
24/08/26;INDITEX;PUT;Sep-26;50,31;58.42;33,88;-0,04;;101
24/08/26;INDITEX;PUT;Sep-26;52,00;58.42;32,31;-0,08;;4.006
24/08/26;INDITEX;PUT;Sep-26;52,25;58.42;32,08;-0,08;;27
24/08/26;INDITEX;PUT;Sep-26;54,17;58.42;30,29;-0,16;;375
24/08/26;INDITEX;PUT;Sep-26;56,11;58.42;28,49;-0,28;;1
24/08/26;INDITEX;PUT;Sep-26;58,05;58.42;26,68;-0,44;3;9
24/08/26;INDITEX;PUT;Sep-26;59,99;58.42;25,95;-0,63;;6
24/08/26;INDITEX;PUT;Oct-26;48,38;58.42;31,47;-0,05;;2
24/08/26;INDITEX;PUT;Oct-26;50,00;58.42;30,23;-0,08;;2
24/08/26;INDITEX;PUT;Oct-26;50,31;58.42;29,99;-0,08;;1
24/08/26;INDITEX;PUT;Dic-26;32,90;58.42;39,24;;;26
24/08/26;INDITEX;PUT;Dic-26;33,87;58.42;38,63;;;21
24/08/26;INDITEX;PUT;Dic-26;34,83;58.42;38,03;-0,01;;25
24/08/26;INDITEX;PUT;Dic-26;35,80;58.42;37,42;-0,01;;25
24/08/26;INDITEX;PUT;Dic-26;36,76;58.42;36,81;-0,01;1;26
24/08/26;INDITEX;PUT;Dic-26;37,73;58.42;36,21;-0,01;;150
24/08/26;INDITEX;PUT;Dic-26;38,70;58.42;35,60;-0,01;;150
24/08/26;INDITEX;PUT;Dic-26;39,67;58.42;34,99;-0,02;;11
24/08/26;INDITEX;PUT;Dic-26;40,63;58.42;34,39;-0,02;;2
24/08/26;INDITEX;PUT;Dic-26;41,60;58.42;33,78;-0,03;;86
24/08/26;INDITEX;PUT;Dic-26;42,57;58.42;33,17;-0,04;;150
24/08/26;INDITEX;PUT;Dic-26;43,54;58.42;32,56;-0,04;;75
24/08/26;INDITEX;PUT;Dic-26;44,49;58.42;31,96;-0,05;;62
24/08/26;INDITEX;PUT;Dic-26;45,47;58.42;31,35;-0,06;;35
24/08/26;INDITEX;PUT;Dic-26;46,44;58.42;30,74;-0,08;;253
24/08/26;INDITEX;PUT;Dic-26;47,41;58.42;30,13;-0,09;;2.409
24/08/26;INDITEX;PUT;Dic-26;48,38;58.42;29,52;-0,11;;76
24/08/26;INDITEX;PUT;Dic-26;50,31;58.42;28,31;-0,15;;170
24/08/26;INDITEX;PUT;Dic-26;52,25;58.42;27,09;-0,21;1;27
24/08/26;INDITEX;PUT;Dic-26;54,17;58.42;25,89;-0,28;;25
24/08/26;INDITEX;PUT;Dic-26;56,11;58.42;24,67;-0,36;;210
24/08/26;INDITEX;PUT;Dic-26;59,99;58.42;22,96;-0,56;;176
24/08/26;INDITEX;PUT;Dic-26;71,60;58.42;21,04;-0,96;;1
24/08/26;INDITEX;PUT;Mar-27;33,87;58.42;36,61;-0,02;;50
24/08/26;INDITEX;PUT;Mar-27;34,83;58.42;36,08;-0,02;;50
24/08/26;INDITEX;PUT;Mar-27;35,80;58.42;35,55;-0,02;;75
24/08/26;INDITEX;PUT;Mar-27;36,76;58.42;35,02;-0,03;;75
24/08/26;INDITEX;PUT;Mar-27;37,73;58.42;34,49;-0,03;;25
24/08/26;INDITEX;PUT;Mar-27;38,70;58.42;33,96;-0,04;;25
24/08/26;INDITEX;PUT;Mar-27;39,67;58.42;33,43;-0,05;;52
24/08/26;INDITEX;PUT;Mar-27;40,63;58.42;32,90;-0,05;;78
24/08/26;INDITEX;PUT;Mar-27;41,60;58.42;32,37;-0,06;;1
24/08/26;INDITEX;PUT;Mar-27;42,57;58.42;31,84;-0,07;;1
24/08/26;INDITEX;PUT;Mar-27;44,49;58.42;30,79;-0,09;;8
24/08/26;INDITEX;PUT;Mar-27;45,47;58.42;30,25;-0,11;;4
24/08/26;INDITEX;PUT;Mar-27;50,00;58.42;27,77;-0,19;;3.000
24/08/26;INDITEX;PUT;Mar-27;50,31;58.42;27,60;-0,20;;102
24/08/26;INDITEX;PUT;Mar-27;52,25;58.42;26,54;-0,25;100;100
24/08/26;INDITEX;PUT;Mar-27;54,17;58.42;25,49;-0,30;;5
24/08/26;INDITEX;PUT;Jun-27;26,12;58.42;38,14;-0,01;;1
24/08/26;INDITEX;PUT;Jun-27;30,96;58.42;35,98;-0,02;;150
24/08/26;INDITEX;PUT;Jun-27;33,87;58.42;34,69;-0,03;;200
24/08/26;INDITEX;PUT;Jun-27;34,83;58.42;34,26;-0,03;;180
24/08/26;INDITEX;PUT;Jun-27;36,76;58.42;33,40;-0,05;;25
24/08/26;INDITEX;PUT;Jun-27;38,70;58.42;32,54;-0,06;;150
24/08/26;INDITEX;PUT;Jun-27;39,67;58.42;32,10;-0,07;;101
24/08/26;INDITEX;PUT;Jun-27;41,60;58.42;31,25;-0,09;;176
24/08/26;INDITEX;PUT;Jun-27;42,57;58.42;30,81;-0,10;;150
24/08/26;INDITEX;PUT;Jun-27;43,54;58.42;30,38;-0,12;;150
24/08/26;INDITEX;PUT;Jun-27;44,49;58.42;29,96;-0,13;;50
24/08/26;INDITEX;PUT;Jun-27;46,44;58.42;29,09;-0,16;;25
24/08/26;INDITEX;PUT;Jun-27;47,41;58.42;28,66;-0,18;;153
24/08/26;INDITEX;PUT;Jun-27;48,38;58.42;28,23;-0,20;;150
24/08/26;INDITEX;PUT;Jun-27;50,31;58.42;27,37;-0,24;;3
24/08/26;INDITEX;PUT;Jun-27;52,25;58.42;26,51;-0,28;;150
24/08/26;INDITEX;PUT;Jun-27;56,11;58.42;24,79;-0,39;;25
24/08/26;INDITEX;PUT;Jun-27;65,78;58.42;22,63;-0,69;;1
24/08/26;INDITEX;PUT;Sep-27;43,54;58.42;29,57;-0,13;;25
24/08/26;INDITEX;PUT;Sep-27;44,49;58.42;29,22;-0,14;;25
24/08/26;INDITEX;PUT;Sep-27;45,47;58.42;28,85;-0,16;;25
24/08/26;INDITEX;PUT;Sep-27;46,44;58.42;28,49;-0,17;;25
24/08/26;INDITEX;PUT;Sep-27;73,53;58.42;22,07;-0,83;;1
24/08/26;INDITEX;PUT;Dic-27;21,29;58.42;36,39;;;2
24/08/26;INDITEX;PUT;Dic-27;33,87;58.42;32,37;-0,05;;100
24/08/26;INDITEX;PUT;Dic-27;36,76;58.42;31,45;-0,07;;25
24/08/26;INDITEX;PUT;Dic-27;37,73;58.42;31,14;-0,08;;25
24/08/26;INDITEX;PUT;Dic-27;43,54;58.42;29,28;-0,14;;10
24/08/26;INDITEX;PUT;Dic-27;45,47;58.42;28,67;-0,17;;1.100
24/08/26;INDITEX;PUT;Dic-27;46,44;58.42;28,36;-0,19;;150
24/08/26;INDITEX;PUT;Dic-27;47,41;58.42;28,05;-0,20;;325
24/08/26;INDITEX;PUT;Dic-27;48,38;58.42;27,74;-0,22;;175
24/08/26;INDITEX;PUT;Dic-27;50,31;58.42;27,12;-0,26;;350
24/08/26;INDITEX;PUT;Dic-27;52,25;58.42;26,50;-0,30;;375
24/08/26;INDITEX;PUT;Dic-27;54,17;58.42;25,89;-0,34;;450
24/08/26;INDITEX;PUT;Dic-27;56,11;58.42;25,27;-0,38;;500
24/08/26;INDITEX;PUT;Dic-27;58,05;58.42;24,65;-0,43;;50
24/08/26;INDITEX;PUT;Dic-27;59,99;58.42;24,34;-0,48;;25
24/08/26;INDITEX;PUT;Jun-28;43,10;58.42;28,85;-0,16;;25
24/08/26;INDITEX;PUT;Jun-28;44,08;58.42;28,55;-0,17;;25
24/08/26;INDITEX;PUT;Jun-28;45,06;58.42;28,25;-0,19;;25
24/08/26;INDITEX;PUT;Jun-28;47,99;58.42;27,34;-0,23;;25
24/08/26;INDITEX;PUT;Dic-28;51,42;58.42;25,92;-0,29;;25
24/08/26;INDITEX;PUT;Dic-29;43,51;58.42;26,95;-0,19;;220
24/08/26;INDITEX;CALL;Sep-26;49,44;58.42;34,84;0,97;;5
24/08/26;INDITEX;CALL;Sep-26;54,17;58.42;30,44;0,84;;7
24/08/26;INDITEX;CALL;Sep-26;56,11;58.42;28,64;0,72;;6
24/08/26;INDITEX;CALL;Sep-26;57,35;58.42;27,49;0,62;;5
24/08/26;INDITEX;CALL;Sep-26;59,99;58.42;26,10;0,37;;7
24/08/26;INDITEX;CALL;Sep-26;61,30;58.42;25,77;0,26;;944
24/08/26;INDITEX;CALL;Sep-26;63,28;58.42;25,27;0,13;;1.888
24/08/26;INDITEX;CALL;Oct-26;61,30;58.42;23,53;0,33;;5.945
24/08/26;INDITEX;CALL;Dic-26;56,11;58.42;25,77;0,64;;26
24/08/26;INDITEX;CALL;Dic-26;58,05;58.42;24,55;0,55;;1
24/08/26;INDITEX;PUT;Sep-26;41,60;58.42;41,98;;;165
24/08/26;INDITEX;PUT;Sep-26;42,57;58.42;41,08;;;150
24/08/26;INDITEX;PUT;Sep-26;43,54;58.42;40,18;;;15
24/08/26;INDITEX;PUT;Sep-26;44,49;58.42;39,30;;;10
24/08/26;INDITEX;PUT;Sep-26;50,31;58.42;33,88;-0,04;;6
24/08/26;INDITEX;PUT;Sep-26;54,17;58.42;30,29;-0,16;;7
24/08/26;INDITEX;PUT;Oct-26;56,11;58.42;25,52;-0,31;;1
24/08/26;INDITEX;PUT;Dic-26;42,57;58.42;33,17;-0,04;;120
24/08/26;INDITEX;PUT;Dic-26;46,44;58.42;30,74;-0,08;;1
24/08/26;INDITEX;PUT;Mar-27;42,57;58.42;31,84;-0,07;;1
24/08/26;INDITEX;PUT;Dic-27;59,99;58.42;24,34;-0,45;;10
24/08/26;INDITEX;PUT;Dic-27;63,85;58.42;23,88;-0,54;;1
24/08/26;INDRA;CALL;Sep-26;18,00;60.56;58,96;1,00;;1
24/08/26;INDRA;CALL;Sep-26;26,00;60.56;55,75;1,00;;1
24/08/26;INDRA;CALL;Sep-26;37,00;60.56;51,33;1,00;;28
24/08/26;INDRA;CALL;Sep-26;47,00;60.56;47,31;0,98;1;
24/08/26;INDRA;CALL;Sep-26;50,00;60.56;46,10;0,95;;84
24/08/26;INDRA;CALL;Sep-26;52,00;60.56;45,30;0,91;;11
24/08/26;INDRA;CALL;Sep-26;54,00;60.56;44,50;0,85;;11
24/08/26;INDRA;CALL;Sep-26;56,00;60.56;43,69;0,77;;1
24/08/26;INDRA;CALL;Sep-26;60,00;60.56;42,09;0,56;;131
24/08/26;INDRA;CALL;Sep-26;62,00;60.56;41,71;0,44;5;17
24/08/26;INDRA;CALL;Sep-26;64,00;60.56;41,50;0,33;1;3
24/08/26;INDRA;CALL;Sep-26;66,00;60.56;41,29;0,23;;4
24/08/26;INDRA;CALL;Sep-26;68,00;60.56;41,08;0,16;;5
24/08/26;INDRA;CALL;Sep-26;70,00;60.56;40,87;0,10;;110
24/08/26;INDRA;CALL;Oct-26;68,00;60.56;41,22;0,26;;6
24/08/26;INDRA;CALL;Oct-26;70,00;60.56;40,94;0,20;;13
24/08/26;INDRA;CALL;Oct-26;86,00;60.56;38,74;0,01;;4
24/08/26;INDRA;CALL;Dic-26;30,00;60.56;53,16;0,99;;25
24/08/26;INDRA;CALL;Dic-26;31,00;60.56;52,83;0,99;;25
24/08/26;INDRA;CALL;Dic-26;32,00;60.56;52,50;0,99;;25
24/08/26;INDRA;CALL;Dic-26;35,00;60.56;51,51;0,98;;25
24/08/26;INDRA;CALL;Dic-26;45,00;60.56;48,21;0,90;;21
24/08/26;INDRA;CALL;Dic-26;47,00;60.56;47,55;0,87;;4
24/08/26;INDRA;CALL;Dic-26;48,00;60.56;47,22;0,85;;5
24/08/26;INDRA;CALL;Dic-26;50,00;60.56;46,56;0,81;;5
24/08/26;INDRA;CALL;Dic-26;52,00;60.56;45,90;0,77;;2
24/08/26;INDRA;CALL;Dic-26;54,00;60.56;45,24;0,73;;130
24/08/26;INDRA;CALL;Dic-26;56,00;60.56;44,58;0,68;;50
24/08/26;INDRA;CALL;Dic-26;58,00;60.56;43,92;0,63;;82
24/08/26;INDRA;CALL;Dic-26;60,00;60.56;43,25;0,58;;196
24/08/26;INDRA;CALL;Dic-26;62,00;60.56;42,71;0,52;;1
24/08/26;INDRA;CALL;Dic-26;64,00;60.56;42,22;0,47;;15
24/08/26;INDRA;CALL;Dic-26;66,00;60.56;41,72;0,42;;89
24/08/26;INDRA;CALL;Dic-26;68,00;60.56;41,23;0,36;;12
24/08/26;INDRA;CALL;Dic-26;70,00;60.56;40,73;0,32;;20
24/08/26;INDRA;CALL;Dic-26;74,00;60.56;39,74;0,23;;15
24/08/26;INDRA;CALL;Mar-27;49,00;60.56;46,59;0,79;;1
24/08/26;INDRA;CALL;Mar-27;60,00;60.56;42,77;0,59;;1
24/08/26;INDRA;CALL;Mar-27;62,00;60.56;42,45;0,55;;26
24/08/26;INDRA;CALL;Mar-27;70,00;60.56;41,75;0,40;;11
24/08/26;INDRA;CALL;Jun-27;41,00;60.56;47,92;0,88;;6
24/08/26;INDRA;CALL;Jun-27;50,00;60.56;45,59;0,76;;1
24/08/26;INDRA;CALL;Jun-27;60,00;60.56;43,00;0,61;;3
24/08/26;INDRA;CALL;Jun-27;66,00;60.56;42,74;0,51;;1
24/08/26;INDRA;CALL;Jun-27;70,00;60.56;42,65;0,45;;1
24/08/26;INDRA;CALL;Jun-27;78,00;60.56;42,48;0,34;;2
24/08/26;INDRA;CALL;Sep-27;20,00;60.56;52,24;0,99;;1
24/08/26;INDRA;CALL;Sep-27;33,00;60.56;49,16;0,94;;2
24/08/26;INDRA;CALL;Sep-27;36,00;60.56;48,45;0,91;;1
24/08/26;INDRA;CALL;Sep-27;58,00;60.56;43,25;0,64;;1
24/08/26;INDRA;CALL;Sep-28;52,00;60.56;39,58;0,74;;25
24/08/26;INDRA;CALL;Dic-28;62,00;60.56;37,46;0,63;;25
24/08/26;INDRA;PUT;Sep-26;24,00;60.56;54,91;;;4
24/08/26;INDRA;PUT;Sep-26;26,00;60.56;54,11;;;4
24/08/26;INDRA;PUT;Sep-26;30,00;60.56;52,50;;;45
24/08/26;INDRA;PUT;Sep-26;31,00;60.56;52,10;;;50
24/08/26;INDRA;PUT;Sep-26;35,00;60.56;50,49;;;1
24/08/26;INDRA;PUT;Sep-26;36,00;60.56;50,09;;;2
24/08/26;INDRA;PUT;Sep-26;37,00;60.56;49,69;;;13
24/08/26;INDRA;PUT;Sep-26;39,00;60.56;48,88;;;4
24/08/26;INDRA;PUT;Sep-26;40,00;60.56;48,48;;;2
24/08/26;INDRA;PUT;Sep-26;41,00;60.56;48,08;;;20
24/08/26;INDRA;PUT;Sep-26;42,00;60.56;47,68;;;6
24/08/26;INDRA;PUT;Sep-26;43,00;60.56;47,28;;;95
24/08/26;INDRA;PUT;Sep-26;44,00;60.56;46,87;;;21
24/08/26;INDRA;PUT;Sep-26;45,00;60.56;46,47;-0,01;;2
24/08/26;INDRA;PUT;Sep-26;46,00;60.56;46,07;-0,01;;760
24/08/26;INDRA;PUT;Sep-26;47,00;60.56;45,67;-0,01;;1
24/08/26;INDRA;PUT;Sep-26;48,00;60.56;45,27;-0,02;1;17
24/08/26;INDRA;PUT;Sep-26;49,00;60.56;44,86;-0,03;;2
24/08/26;INDRA;PUT;Sep-26;50,00;60.56;44,46;-0,04;;500
24/08/26;INDRA;PUT;Sep-26;52,00;60.56;43,66;-0,08;;72
24/08/26;INDRA;PUT;Sep-26;54,00;60.56;42,86;-0,14;;11
24/08/26;INDRA;PUT;Sep-26;56,00;60.56;42,05;-0,22;2;16
24/08/26;INDRA;PUT;Sep-26;58,00;60.56;41,25;-0,32;;1
24/08/26;INDRA;PUT;Sep-26;60,00;60.56;40,45;-0,44;;63
24/08/26;INDRA;PUT;Sep-26;62,00;60.56;40,07;-0,56;;3
24/08/26;INDRA;PUT;Sep-26;64,00;60.56;39,86;-0,68;;9
24/08/26;INDRA;PUT;Sep-26;66,00;60.56;39,65;-0,78;;3
24/08/26;INDRA;PUT;Oct-26;38,00;60.56;49,43;;;5
24/08/26;INDRA;PUT;Oct-26;44,00;60.56;47,12;-0,03;;1
24/08/26;INDRA;PUT;Oct-26;46,00;60.56;46,35;-0,05;;2
24/08/26;INDRA;PUT;Oct-26;47,00;60.56;45,96;-0,06;;1
24/08/26;INDRA;PUT;Oct-26;48,00;60.56;45,58;-0,08;;2
24/08/26;INDRA;PUT;Oct-26;50,00;60.56;44,81;-0,11;;3
24/08/26;INDRA;PUT;Oct-26;54,00;60.56;43,27;-0,21;;5
24/08/26;INDRA;PUT;Oct-26;56,00;60.56;42,50;-0,28;10;10
24/08/26;INDRA;PUT;Oct-26;58,00;60.56;41,73;-0,36;;2
24/08/26;INDRA;PUT;Oct-26;60,00;60.56;40,96;-0,44;;25
24/08/26;INDRA;PUT;Oct-26;72,00;60.56;39,17;-0,87;;3
24/08/26;INDRA;PUT;Dic-26;28,00;60.56;52,92;;;1
24/08/26;INDRA;PUT;Dic-26;30,00;60.56;52,26;-0,01;1;5
24/08/26;INDRA;PUT;Dic-26;31,00;60.56;51,93;-0,01;;1
24/08/26;INDRA;PUT;Dic-26;32,00;60.56;51,60;-0,01;;10
24/08/26;INDRA;PUT;Dic-26;35,00;60.56;50,61;-0,02;;11
24/08/26;INDRA;PUT;Dic-26;37,00;60.56;49,95;-0,03;;6
24/08/26;INDRA;PUT;Dic-26;38,00;60.56;49,62;-0,03;;1
24/08/26;INDRA;PUT;Dic-26;40,00;60.56;48,96;-0,05;;11
24/08/26;INDRA;PUT;Dic-26;42,00;60.56;48,30;-0,07;;10
24/08/26;INDRA;PUT;Dic-26;44,00;60.56;47,64;-0,09;;2
24/08/26;INDRA;PUT;Dic-26;45,00;60.56;47,31;-0,10;;2
24/08/26;INDRA;PUT;Dic-26;46,00;60.56;46,98;-0,12;;8
24/08/26;INDRA;PUT;Dic-26;47,00;60.56;46,65;-0,13;;8
24/08/26;INDRA;PUT;Dic-26;48,00;60.56;46,32;-0,15;;10
24/08/26;INDRA;PUT;Dic-26;50,00;60.56;45,66;-0,19;;2
24/08/26;INDRA;PUT;Dic-26;52,00;60.56;45,00;-0,23;;78
24/08/26;INDRA;PUT;Dic-26;54,00;60.56;44,34;-0,27;1;101
24/08/26;INDRA;PUT;Dic-26;58,00;60.56;43,02;-0,37;;25
24/08/26;INDRA;PUT;Dic-26;60,00;60.56;42,35;-0,43;;50
24/08/26;INDRA;PUT;Dic-26;62,00;60.56;41,81;-0,48;;35
24/08/26;INDRA;PUT;Dic-26;70,00;60.56;39,83;-0,70;;1
24/08/26;INDRA;PUT;Mar-27;37,00;60.56;50,43;-0,06;;2
24/08/26;INDRA;PUT;Mar-27;39,00;60.56;49,74;-0,08;;1
24/08/26;INDRA;PUT;Mar-27;42,00;60.56;48,70;-0,11;;2
24/08/26;INDRA;PUT;Mar-27;43,00;60.56;48,35;-0,12;;1
24/08/26;INDRA;PUT;Mar-27;45,00;60.56;47,66;-0,15;;1
24/08/26;INDRA;PUT;Mar-27;49,00;60.56;46,27;-0,21;;20
24/08/26;INDRA;PUT;Mar-27;50,00;60.56;45,92;-0,22;;10
24/08/26;INDRA;PUT;Mar-27;52,00;60.56;45,23;-0,26;;1
24/08/26;INDRA;PUT;Mar-27;60,00;60.56;42,45;-0,41;;3
24/08/26;INDRA;PUT;Jun-27;32,00;60.56;50,33;-0,05;;1
24/08/26;INDRA;PUT;Jun-27;50,00;60.56;45,67;-0,24;;1
24/08/26;INDRA;PUT;Jun-27;60,00;60.56;43,08;-0,40;;2
24/08/26;INDRA;PUT;Jun-27;62,00;60.56;42,91;-0,43;;1
24/08/26;INDRA;PUT;Sep-27;31,00;60.56;49,53;-0,05;1;1
24/08/26;INDRA;PUT;Sep-27;33,00;60.56;49,05;-0,07;;1
24/08/26;INDRA;PUT;Sep-27;34,00;60.56;48,82;-0,07;;1
24/08/26;INDRA;PUT;Sep-27;36,00;60.56;48,34;-0,09;;1
24/08/26;INDRA;PUT;Sep-27;40,00;60.56;47,40;-0,13;;1
24/08/26;INDRA;PUT;Sep-27;45,00;60.56;46,21;-0,18;;15
24/08/26;INDRA;PUT;Dic-27;44,00;60.56;45,17;-0,18;;500
24/08/26;INDRA;PUT;Sep-28;47,00;60.56;40,00;-0,21;;25
24/08/26;INDRA;CALL;Dic-26;41,00;60.56;49,53;0,93;;5
24/08/26;INDRA;CALL;Dic-26;48,00;60.56;47,22;0,84;;5
24/08/26;INDRA;CALL;Dic-26;60,00;60.56;43,25;0,57;;100
24/08/26;INDRA;CALL;Dic-26;64,00;60.56;42,22;0,47;;5
24/08/26;INDRA;CALL;Dic-26;70,00;60.56;40,73;0,31;;5
24/08/26;INDRA;PUT;Sep-26;43,00;60.56;47,28;;;5
24/08/26;LABORAT. ROVI;CALL;Sep-26;60,00;59.85;22,50;0,51;1;2
24/08/26;LABORAT. ROVI;CALL;Sep-26;62,00;59.85;22,44;0,29;;4
24/08/26;LABORAT. ROVI;CALL;Sep-26;66,00;59.85;22,33;0,05;;2
24/08/26;LABORAT. ROVI;CALL;Sep-26;78,00;59.85;21,99;;;750
24/08/26;LABORAT. ROVI;CALL;Sep-26;88,00;59.85;21,72;;;1
24/08/26;LABORAT. ROVI;CALL;Sep-26;96,00;59.85;21,49;;;15
24/08/26;LABORAT. ROVI;CALL;Oct-26;62,00;59.85;22,70;0,37;1;1
24/08/26;LABORAT. ROVI;CALL;Dic-26;60,00;59.85;24,59;0,54;;4
24/08/26;LABORAT. ROVI;CALL;Dic-26;62,00;59.85;24,46;0,45;;11
24/08/26;LABORAT. ROVI;CALL;Dic-26;66,00;59.85;24,19;0,28;;750
24/08/26;LABORAT. ROVI;CALL;Dic-26;70,00;59.85;23,92;0,15;;8
24/08/26;LABORAT. ROVI;CALL;Dic-26;80,00;59.85;23,25;0,02;;15
24/08/26;LABORAT. ROVI;CALL;Dic-26;82,00;59.85;23,12;0,01;;15
24/08/26;LABORAT. ROVI;CALL;Dic-26;84,00;59.85;22,99;0,01;;15
24/08/26;LABORAT. ROVI;CALL;Dic-26;86,00;59.85;22,85;;;15
24/08/26;LABORAT. ROVI;CALL;Dic-26;88,00;59.85;22,72;;;14
24/08/26;LABORAT. ROVI;CALL;Dic-26;90,00;59.85;22,58;;;14
24/08/26;LABORAT. ROVI;CALL;Dic-26;92,00;59.85;22,45;;;5
24/08/26;LABORAT. ROVI;CALL;Dic-26;96,00;59.85;22,18;;;5
24/08/26;LABORAT. ROVI;CALL;Dic-26;100,00;59.85;21,92;;;5
24/08/26;LABORAT. ROVI;CALL;Mar-27;70,00;59.85;25,62;0,26;;2
24/08/26;LABORAT. ROVI;CALL;Mar-27;88,00;59.85;24,12;0,03;;10
24/08/26;LABORAT. ROVI;CALL;Jun-27;56,00;59.85;28,27;0,68;;18
24/08/26;LABORAT. ROVI;CALL;Jun-27;60,00;59.85;27,19;0,58;;1
24/08/26;LABORAT. ROVI;CALL;Jun-27;80,00;59.85;25,52;0,15;;16
24/08/26;LABORAT. ROVI;PUT;Sep-26;48,00;59.85;27,43;;;1
24/08/26;LABORAT. ROVI;PUT;Sep-26;50,00;59.85;26,57;;;1
24/08/26;LABORAT. ROVI;PUT;Sep-26;54,00;59.85;24,86;-0,05;;7
24/08/26;LABORAT. ROVI;PUT;Sep-26;56,00;59.85;24,00;-0,13;;11
24/08/26;LABORAT. ROVI;PUT;Sep-26;58,00;59.85;23,14;-0,28;;5
24/08/26;LABORAT. ROVI;PUT;Sep-26;60,00;59.85;22,35;-0,50;;8
24/08/26;LABORAT. ROVI;PUT;Sep-26;64,00;59.85;22,23;-0,87;;2
24/08/26;LABORAT. ROVI;PUT;Sep-26;70,00;59.85;22,07;-1,00;;1.500
24/08/26;LABORAT. ROVI;PUT;Oct-26;54,00;59.85;25,40;-0,13;;5
24/08/26;LABORAT. ROVI;PUT;Oct-26;58,00;59.85;23,66;-0,34;;5
24/08/26;LABORAT. ROVI;PUT;Oct-26;60,00;59.85;22,85;-0,48;;10
24/08/26;LABORAT. ROVI;PUT;Dic-26;40,00;59.85;32,35;-0,01;;1
24/08/26;LABORAT. ROVI;PUT;Dic-26;50,00;59.85;28,40;-0,11;;2
24/08/26;LABORAT. ROVI;PUT;Dic-26;52,00;59.85;27,60;-0,15;;1
24/08/26;LABORAT. ROVI;PUT;Dic-26;54,00;59.85;26,81;-0,21;;6
24/08/26;LABORAT. ROVI;PUT;Dic-26;56,00;59.85;26,02;-0,29;;5
24/08/26;LABORAT. ROVI;PUT;Dic-26;58,00;59.85;25,23;-0,37;;5
24/08/26;LABORAT. ROVI;PUT;Dic-26;60,00;59.85;24,49;-0,46;;49
24/08/26;LABORAT. ROVI;PUT;Dic-26;62,00;59.85;24,36;-0,56;;1.500
24/08/26;LABORAT. ROVI;PUT;Dic-26;66,00;59.85;24,09;-0,74;;10
24/08/26;LABORAT. ROVI;PUT;Dic-26;68,00;59.85;23,96;-0,82;;65
24/08/26;LABORAT. ROVI;PUT;Dic-26;76,00;59.85;23,42;-1,00;;6
24/08/26;LABORAT. ROVI;PUT;Mar-27;50,00;59.85;29,26;-0,16;;2
24/08/26;LABORAT. ROVI;PUT;Mar-27;54,00;59.85;27,97;-0,26;;5
24/08/26;LABORAT. ROVI;PUT;Mar-27;56,00;59.85;27,32;-0,32;;6
24/08/26;LABORAT. ROVI;PUT;Mar-27;58,00;59.85;26,68;-0,38;;7
24/08/26;LABORAT. ROVI;PUT;Mar-27;60,00;59.85;26,07;-0,45;;8
24/08/26;LABORAT. ROVI;PUT;Mar-27;62,00;59.85;25,90;-0,52;;2
24/08/26;LABORAT. ROVI;PUT;Jun-27;43,00;59.85;31,71;-0,09;;10
24/08/26;LABORAT. ROVI;PUT;Jun-27;44,00;59.85;31,43;-0,10;;20
24/08/26;LABORAT. ROVI;PUT;Jun-27;45,00;59.85;31,16;-0,11;;5
24/08/26;LABORAT. ROVI;PUT;Jun-27;54,00;59.85;28,65;-0,28;;1
24/08/26;LABORAT. ROVI;PUT;Jun-27;58,00;59.85;27,54;-0,38;;1
24/08/26;LABORAT. ROVI;PUT;Jun-27;60,00;59.85;27,01;-0,43;;4
24/08/26;LABORAT. ROVI;PUT;Jun-27;70,00;59.85;26,17;-0,71;;1
24/08/26;LABORAT. ROVI;PUT;Mar-27;50,00;59.85;29,26;-0,16;;3
24/08/26;MAPFRE;CALL;Sep-26;3,80;4.41;21,82;1,00;;1
24/08/26;MAPFRE;CALL;Sep-26;3,90;4.41;21,78;0,99;;10
24/08/26;MAPFRE;CALL;Sep-26;4,00;4.41;21,74;0,96;;16
24/08/26;MAPFRE;CALL;Sep-26;4,10;4.41;21,71;0,91;;20
24/08/26;MAPFRE;CALL;Sep-26;4,20;4.41;21,67;0,82;;783
24/08/26;MAPFRE;CALL;Sep-26;4,30;4.41;21,63;0,69;;5
24/08/26;MAPFRE;CALL;Sep-26;4,40;4.41;21,59;0,53;;3
24/08/26;MAPFRE;CALL;Sep-26;4,50;4.41;21,51;0,38;;13
24/08/26;MAPFRE;CALL;Sep-26;4,70;4.41;21,35;0,14;;15
24/08/26;MAPFRE;CALL;Dic-26;3,90;4.41;21,80;0,89;;5
24/08/26;MAPFRE;CALL;Dic-26;4,10;4.41;21,73;0,77;;35
24/08/26;MAPFRE;CALL;Dic-26;4,40;4.41;21,61;0,55;;10
24/08/26;MAPFRE;CALL;Dic-26;4,50;4.41;21,53;0,47;3;14
24/08/26;MAPFRE;CALL;Mar-27;4,00;4.41;22,75;0,76;;1
24/08/26;MAPFRE;CALL;Mar-27;4,90;4.41;22,27;0,29;;15
24/08/26;MAPFRE;CALL;Jun-27;4,20;4.41;23,79;0,64;;7
24/08/26;MAPFRE;CALL;Jun-27;4,30;4.41;23,75;0,59;;8
24/08/26;MAPFRE;CALL;Jun-27;5,00;4.41;23,31;0,30;;1
24/08/26;MAPFRE;CALL;Dic-27;5,00;4.41;24,88;0,36;;5
24/08/26;MAPFRE;PUT;Sep-26;1,70;4.41;23,45;;;20
24/08/26;MAPFRE;PUT;Sep-26;3,20;4.41;22,89;;;2
24/08/26;MAPFRE;PUT;Sep-26;3,30;4.41;22,85;;;2
24/08/26;MAPFRE;PUT;Sep-26;3,60;4.41;22,74;;;5
24/08/26;MAPFRE;PUT;Sep-26;3,70;4.41;22,70;;;50
24/08/26;MAPFRE;PUT;Sep-26;4,30;4.41;22,47;-0,32;;1
24/08/26;MAPFRE;PUT;Sep-26;5,00;4.41;21,94;-1,00;;9
24/08/26;MAPFRE;PUT;Dic-26;3,20;4.41;22,37;-0,01;;2
24/08/26;MAPFRE;PUT;Dic-26;3,60;4.41;22,22;-0,06;;3
24/08/26;MAPFRE;PUT;Dic-26;3,70;4.41;22,18;-0,09;;116
24/08/26;MAPFRE;PUT;Dic-26;3,80;4.41;22,14;-0,12;;20
24/08/26;MAPFRE;PUT;Dic-26;4,00;4.41;22,06;-0,23;;5
24/08/26;MAPFRE;PUT;Dic-26;4,10;4.41;22,03;-0,29;;2
24/08/26;MAPFRE;PUT;Dic-26;4,20;4.41;21,99;-0,36;;50
24/08/26;MAPFRE;PUT;Dic-26;4,50;4.41;21,83;-0,58;;20
24/08/26;MAPFRE;PUT;Mar-27;3,50;4.41;21,61;-0,07;;4
24/08/26;MAPFRE;PUT;Mar-27;3,60;4.41;21,58;-0,10;;1
24/08/26;MAPFRE;PUT;Mar-27;3,70;4.41;21,54;-0,13;;5
24/08/26;MAPFRE;PUT;Mar-27;4,00;4.41;21,42;-0,26;;3.000
24/08/26;MAPFRE;PUT;Dic-27;3,60;4.41;22,79;-0,22;;10
24/08/26;MELIA HOTELS;CALL;Sep-26;7,75;10.28;35,37;1,00;;5
24/08/26;MELIA HOTELS;CALL;Sep-26;8,00;10.28;34,89;1,00;;1.900
24/08/26;MELIA HOTELS;CALL;Sep-26;8,50;10.28;33,91;0,99;;6
24/08/26;MELIA HOTELS;CALL;Sep-26;12,50;10.28;28,15;;;25
24/08/26;MELIA HOTELS;CALL;Dic-26;10,00;10.28;30,49;0,61;;20
24/08/26;MELIA HOTELS;CALL;Dic-26;11,00;10.28;29,36;0,39;;15
24/08/26;MELIA HOTELS;CALL;Dic-26;11,50;10.28;28,90;0,29;;3
24/08/26;MELIA HOTELS;CALL;Dic-26;13,00;10.28;27,54;0,08;;35
24/08/26;MELIA HOTELS;CALL;Mar-27;7,75;10.28;33,38;0,90;;8
24/08/26;MELIA HOTELS;CALL;Mar-27;8,75;10.28;31,95;0,80;;5
24/08/26;MELIA HOTELS;CALL;Mar-27;12,00;10.28;28,49;0,29;;400
24/08/26;MELIA HOTELS;CALL;Mar-27;12,50;10.28;28,11;0,23;;50
24/08/26;MELIA HOTELS;CALL;Jun-27;7,50;10.28;32,31;0,90;;5
24/08/26;MELIA HOTELS;CALL;Jun-27;7,75;10.28;32,04;0,88;;5
24/08/26;MELIA HOTELS;CALL;Sep-27;7,25;10.28;31,76;0,91;;5
24/08/26;MELIA HOTELS;CALL;Dic-27;7,00;10.28;31,43;0,92;;2
24/08/26;MELIA HOTELS;PUT;Sep-26;10,00;10.28;30,81;-0,35;;25
24/08/26;MELIA HOTELS;PUT;Sep-26;10,50;10.28;30,04;-0,59;25;400
24/08/26;MELIA HOTELS;PUT;Sep-26;11,00;10.28;29,52;-0,80;;30
24/08/26;MELIA HOTELS;PUT;Dic-26;8,25;10.28;32,94;-0,09;;30
24/08/26;MELIA HOTELS;PUT;Dic-26;11,00;10.28;28,80;-0,62;;20
24/08/26;MELIA HOTELS;PUT;Mar-27;9,25;10.28;30,58;-0,27;;50
24/08/26;MELIA HOTELS;PUT;Mar-27;9,50;10.28;30,22;-0,31;;100
24/08/26;MELIA HOTELS;PUT;Mar-27;9,75;10.28;29,87;-0,35;;25
24/08/26;MELIA HOTELS;PUT;Mar-27;10,00;10.28;29,51;-0,39;;100
24/08/26;MELIA HOTELS;PUT;Mar-27;11,00;10.28;28,57;-0,57;;3
24/08/26;MELIA HOTELS;PUT;Jun-27;8,75;10.28;29,79;-0,21;2;2
24/08/26;MERLIN;CALL;Sep-26;16,00;13.9;21,10;0,01;;14.696
24/08/26;MERLIN;CALL;Sep-26;16,50;13.9;20,86;;;4.700
24/08/26;MERLIN;CALL;Oct-26;13,00;13.9;23,93;0,79;;10
24/08/26;MERLIN;CALL;Dic-26;16,50;13.9;21,67;0,09;;14.693
24/08/26;MERLIN;CALL;Mar-27;14,50;13.9;23,22;0,44;;5
24/08/26;MERLIN;CALL;Mar-27;16,00;13.9;22,64;0,23;;3
24/08/26;MERLIN;PUT;Sep-26;10,00;13.9;28,94;;;1
24/08/26;MERLIN;PUT;Sep-26;12,00;13.9;25,54;-0,01;;2
24/08/26;MERLIN;PUT;Sep-26;12,50;13.9;24,68;-0,04;;1
24/08/26;MERLIN;PUT;Sep-26;14,00;13.9;22,25;-0,53;2;11
24/08/26;MERLIN;PUT;Sep-26;14,50;13.9;22,01;-0,76;;84
24/08/26;MERLIN;PUT;Sep-26;15,00;13.9;21,77;-0,91;;100
24/08/26;MERLIN;PUT;Oct-26;13,50;13.9;23,47;-0,34;1;22
24/08/26;MERLIN;PUT;Oct-26;14,00;13.9;22,74;-0,50;;26
24/08/26;MERLIN;PUT;Oct-26;14,50;13.9;22,50;-0,67;;200
24/08/26;MERLIN;PUT;Dic-26;11,00;13.9;27,75;-0,06;;300
24/08/26;MERLIN;PUT;Dic-26;13,50;13.9;23,67;-0,41;;4
24/08/26;MERLIN;PUT;Dic-26;14,00;13.9;22,97;-0,52;;35
24/08/26;MERLIN;PUT;Mar-27;12,00;13.9;24,83;-0,19;3;3
24/08/26;MERLIN;PUT;Mar-27;13,50;13.9;22,71;-0,41;;16
24/08/26;MERLIN;PUT;Jun-27;14,50;13.9;20,93;-0,58;;3
24/08/26;MERLIN;PUT;Jun-27;15,00;13.9;20,76;-0,65;;10
24/08/26;MERLIN;PUT;Dic-27;12,50;13.9;22,43;-0,31;;5.000
24/08/26;NATURGY;CALL;Sep-26;28,00;29.6;19,41;0,87;;1
24/08/26;NATURGY;CALL;Sep-26;29,00;29.6;18,38;0,68;;78
24/08/26;NATURGY;CALL;Sep-26;30,00;29.6;17,56;0,41;;154
24/08/26;NATURGY;CALL;Sep-26;31,00;29.6;17,04;0,17;;145
24/08/26;NATURGY;CALL;Dic-26;27,00;29.6;21,09;0,84;;11
24/08/26;NATURGY;CALL;Dic-26;28,00;29.6;20,20;0,74;;24
24/08/26;NATURGY;CALL;Dic-26;29,00;29.6;19,31;0,61;;495
24/08/26;NATURGY;CALL;Dic-26;30,00;29.6;18,58;0,47;;298
24/08/26;NATURGY;CALL;Dic-26;31,00;29.6;18,09;0,33;;113
24/08/26;NATURGY;CALL;Dic-26;32,00;29.6;17,59;0,21;;7
24/08/26;NATURGY;CALL;Dic-26;35,00;29.6;16,10;0,03;;1
24/08/26;NATURGY;CALL;Mar-27;25,00;29.6;23,12;0,89;;2
24/08/26;NATURGY;CALL;Mar-27;26,00;29.6;22,38;0,83;;90
24/08/26;NATURGY;CALL;Mar-27;27,00;29.6;21,63;0,75;;2
24/08/26;NATURGY;CALL;Mar-27;28,00;29.6;20,89;0,67;;11
24/08/26;NATURGY;CALL;Mar-27;29,00;29.6;20,15;0,58;;200
24/08/26;NATURGY;CALL;Mar-27;30,00;29.6;19,53;0,48;;300
24/08/26;NATURGY;CALL;Mar-27;32,00;29.6;18,70;0,30;;1
24/08/26;NATURGY;CALL;Mar-27;33,00;29.6;18,28;0,22;;2
24/08/26;NATURGY;CALL;Jun-27;25,00;29.6;23,46;0,86;;385
24/08/26;NATURGY;CALL;Jun-27;26,00;29.6;22,82;0,79;;2
24/08/26;NATURGY;CALL;Jun-27;27,00;29.6;22,18;0,72;;2
24/08/26;NATURGY;CALL;Jun-27;32,00;29.6;19,67;0,34;;400
24/08/26;NATURGY;CALL;Jun-27;33,00;29.6;19,32;0,27;;2
24/08/26;NATURGY;CALL;Jun-27;35,00;29.6;18,62;0,16;;1
24/08/26;NATURGY;CALL;Dic-27;30,00;29.6;21,38;0,49;;1
24/08/26;NATURGY;PUT;Sep-26;18,00;29.6;29,28;;;10
24/08/26;NATURGY;PUT;Sep-26;19,00;29.6;28,25;;;25
24/08/26;NATURGY;PUT;Sep-26;19,50;29.6;27,74;;;25
24/08/26;NATURGY;PUT;Sep-26;20,00;29.6;27,23;;;26
24/08/26;NATURGY;PUT;Sep-26;21,00;29.6;26,20;;;28
24/08/26;NATURGY;PUT;Sep-26;22,00;29.6;25,18;;;27
24/08/26;NATURGY;PUT;Sep-26;23,00;29.6;24,15;;;30
24/08/26;NATURGY;PUT;Sep-26;24,00;29.6;23,13;;;210
24/08/26;NATURGY;PUT;Sep-26;25,00;29.6;22,10;;;23
24/08/26;NATURGY;PUT;Sep-26;26,00;29.6;21,08;-0,01;;3
24/08/26;NATURGY;PUT;Sep-26;27,00;29.6;20,05;-0,04;;62
24/08/26;NATURGY;PUT;Sep-26;28,00;29.6;19,03;-0,12;;33
24/08/26;NATURGY;PUT;Sep-26;29,00;29.6;18,00;-0,31;;149
24/08/26;NATURGY;PUT;Sep-26;30,00;29.6;17,18;-0,60;;13
24/08/26;NATURGY;PUT;Oct-26;24,00;29.6;23,09;-0,01;;2
24/08/26;NATURGY;PUT;Oct-26;28,00;29.6;19,08;-0,20;;13
24/08/26;NATURGY;PUT;Dic-26;18,00;29.6;27,81;;;2
24/08/26;NATURGY;PUT;Dic-26;19,50;29.6;26,48;;;5
24/08/26;NATURGY;PUT;Dic-26;20,00;29.6;26,03;;;13
24/08/26;NATURGY;PUT;Dic-26;22,00;29.6;24,25;-0,02;;2
24/08/26;NATURGY;PUT;Dic-26;23,00;29.6;23,36;-0,03;;11
24/08/26;NATURGY;PUT;Dic-26;24,00;29.6;22,47;-0,05;;2.142
24/08/26;NATURGY;PUT;Dic-26;25,00;29.6;21,58;-0,09;3;124
24/08/26;NATURGY;PUT;Dic-26;26,00;29.6;20,69;-0,15;;109
24/08/26;NATURGY;PUT;Dic-26;27,00;29.6;19,80;-0,23;;20
24/08/26;NATURGY;PUT;Dic-26;28,00;29.6;18,91;-0,33;3;6
24/08/26;NATURGY;PUT;Dic-26;29,00;29.6;18,02;-0,46;;27
24/08/26;NATURGY;PUT;Mar-27;18,00;29.6;26,61;-0,01;;1
24/08/26;NATURGY;PUT;Mar-27;24,00;29.6;22,15;-0,10;;501
24/08/26;NATURGY;PUT;Mar-27;26,00;29.6;20,67;-0,20;;193
24/08/26;NATURGY;PUT;Mar-27;28,00;29.6;19,18;-0,35;;1
24/08/26;NATURGY;PUT;Jun-27;24,00;29.6;21,45;-0,14;;1
24/08/26;NATURGY;PUT;Jun-27;25,00;29.6;20,81;-0,19;;5
24/08/26;NATURGY;PUT;Jun-27;26,00;29.6;20,17;-0,25;;1
24/08/26;NATURGY;PUT;Jun-27;27,00;29.6;19,53;-0,32;;2
24/08/26;NATURGY;PUT;Jun-27;28,00;29.6;18,89;-0,39;;12
24/08/26;NATURGY;PUT;Jun-27;32,00;29.6;17,02;-0,73;;1
24/08/26;NATURGY;PUT;Sep-27;26,00;29.6;20,16;-0,29;;95
24/08/26;NATURGY;PUT;Dic-27;26,00;29.6;20,10;-0,33;;97
24/08/26;NATURGY;PUT;Jun-28;26,00;29.6;19,75;-0,35;;95
24/08/26;NATURGY;PUT;Dic-26;28,00;29.6;18,91;-0,32;;2
24/08/26;OBRASCON HUARTE;CALL;Sep-26;0,25;0.42;43,97;1,00;;600
24/08/26;OBRASCON HUARTE;CALL;Sep-26;0,40;0.42;43,37;0,67;;120
24/08/26;OBRASCON HUARTE;CALL;Sep-26;0,50;0.42;43,30;0,07;;200
24/08/26;OBRASCON HUARTE;CALL;Dic-26;0,50;0.42;42,80;0,28;;1
24/08/26;OBRASCON HUARTE;CALL;Mar-27;0,40;0.42;44,45;0,63;;300
24/08/26;OBRASCON HUARTE;CALL;Jun-27;0,35;0.42;45,24;0,75;;1.000
24/08/26;OBRASCON HUARTE;CALL;Mar-28;0,50;0.42;43,77;0,51;;10
24/08/26;OBRASCON HUARTE;CALL;Mar-28;0,60;0.42;43,77;0,38;;50
24/08/26;OBRASCON HUARTE;CALL;Jun-28;0,35;0.42;43,86;0,75;;900
24/08/26;PHARMA MAR;CALL;Sep-26;78,00;82.3;40,42;0,72;;1
24/08/26;PHARMA MAR;CALL;Sep-26;84,00;82.3;37,51;0,44;;5
24/08/26;PHARMA MAR;CALL;Sep-26;86,00;82.3;37,36;0,35;;1
24/08/26;PHARMA MAR;CALL;Sep-26;92,00;82.3;36,92;0,14;;4
24/08/26;PHARMA MAR;CALL;Sep-26;130,00;82.3;34,15;;;2
24/08/26;PHARMA MAR;CALL;Sep-26;135,00;82.3;33,79;;;4
24/08/26;PHARMA MAR;CALL;Sep-26;140,00;82.3;33,42;;;2
24/08/26;PHARMA MAR;CALL;Sep-26;150,00;82.3;32,69;;;4
24/08/26;PHARMA MAR;CALL;Dic-26;76,00;82.3;43,35;0,68;;1
24/08/26;PHARMA MAR;CALL;Dic-26;110,00;82.3;37,66;0,11;;1
24/08/26;PHARMA MAR;CALL;Mar-27;88,00;82.3;38,80;0,49;;1
24/08/26;PHARMA MAR;CALL;Mar-27;105,00;82.3;37,57;0,25;;5
24/08/26;PHARMA MAR;CALL;Jun-27;120,00;82.3;37,61;0,19;;6
24/08/26;PHARMA MAR;PUT;Sep-26;33,00;82.3;71,16;;;10
24/08/26;PHARMA MAR;PUT;Sep-26;36,00;82.3;69,21;;;5
24/08/26;PHARMA MAR;PUT;Sep-26;45,00;82.3;63,38;;;20
24/08/26;PHARMA MAR;PUT;Sep-26;46,00;82.3;62,73;;;9
24/08/26;PHARMA MAR;PUT;Sep-26;47,00;82.3;62,09;;;12
24/08/26;PHARMA MAR;PUT;Sep-26;60,00;82.3;53,66;-0,01;;6
24/08/26;PHARMA MAR;PUT;Sep-26;62,00;82.3;52,37;-0,02;;5
24/08/26;PHARMA MAR;PUT;Sep-26;66,00;82.3;49,77;-0,04;;3
24/08/26;PHARMA MAR;PUT;Sep-26;70,00;82.3;47,18;-0,08;;1
24/08/26;PHARMA MAR;PUT;Sep-26;82,00;82.3;39,40;-0,46;;5
24/08/26;PHARMA MAR;PUT;Sep-26;92,00;82.3;38,50;-0,86;;1
24/08/26;PHARMA MAR;PUT;Dic-26;29,00;82.3;71,01;;;5
24/08/26;PHARMA MAR;PUT;Dic-26;46,00;82.3;61,09;-0,03;;2
24/08/26;PHARMA MAR;PUT;Dic-26;48,00;82.3;59,92;-0,04;;1
24/08/26;PHARMA MAR;PUT;Dic-26;50,00;82.3;58,76;-0,05;;1
24/08/26;PHARMA MAR;PUT;Dic-26;60,00;82.3;52,93;-0,11;;2
24/08/26;PHARMA MAR;PUT;Dic-26;62,00;82.3;51,76;-0,13;;1
24/08/26;PHARMA MAR;PUT;Dic-26;70,00;82.3;47,09;-0,22;;1
24/08/26;PHARMA MAR;PUT;Dic-26;76,00;82.3;43,59;-0,32;;15
24/08/26;PHARMA MAR;PUT;Dic-26;78,00;82.3;42,43;-0,36;;10
24/08/26;PHARMA MAR;PUT;Mar-27;41,00;82.3;59,09;-0,03;;8
24/08/26;PHARMA MAR;PUT;Mar-27;43,00;82.3;58,18;-0,04;;3
24/08/26;PHARMA MAR;PUT;Mar-27;52,00;82.3;54,06;-0,09;;1
24/08/26;PHARMA MAR;PUT;Mar-27;60,00;82.3;50,40;-0,15;;1
24/08/26;PHARMA MAR;PUT;Mar-27;78,00;82.3;42,16;-0,36;;1
24/08/26;PHARMA MAR;PUT;Mar-27;80,00;82.3;41,24;-0,39;;2
24/08/26;PHARMA MAR;PUT;Mar-27;105,00;82.3;38,54;-0,76;;1
24/08/26;PHARMA MAR;PUT;Jun-27;39,00;82.3;56,59;-0,04;;3
24/08/26;PHARMA MAR;PUT;Jun-27;42,00;82.3;55,52;-0,05;;1
24/08/26;PHARMA MAR;PUT;Jun-27;44,00;82.3;54,81;-0,06;;3
24/08/26;PHARMA MAR;PUT;Jun-27;48,00;82.3;53,39;-0,08;;1
24/08/26;PHARMA MAR;PUT;Jun-27;60,00;82.3;49,11;-0,17;;1
24/08/26;PHARMA MAR;PUT;Jun-27;66,00;82.3;46,97;-0,22;;1
24/08/26;PHARMA MAR;PUT;Jun-27;70,00;82.3;45,54;-0,26;;2
24/08/26;PHARMA MAR;PUT;Jun-27;120,00;82.3;38,87;-0,84;;1
24/08/26;PUIG;CALL;Sep-26;11,00;17.37;42,89;1,00;;1
24/08/26;PUIG;CALL;Sep-26;14,50;17.37;40,74;0,96;;3
24/08/26;PUIG;CALL;Sep-26;16,00;17.37;39,82;0,80;;9
24/08/26;PUIG;CALL;Sep-26;16,50;17.37;39,51;0,71;;1
24/08/26;PUIG;CALL;Sep-26;17,00;17.37;39,21;0,61;;28
24/08/26;PUIG;CALL;Sep-26;17,50;17.37;38,94;0,50;;8.911
24/08/26;PUIG;CALL;Sep-26;18,00;17.37;38,77;0,39;2;22
24/08/26;PUIG;CALL;Sep-26;18,50;17.37;38,61;0,29;;19
24/08/26;PUIG;CALL;Sep-26;19,00;17.37;38,45;0,20;;8
24/08/26;PUIG;CALL;Sep-26;19,50;17.37;38,29;0,14;;2
24/08/26;PUIG;CALL;Sep-26;20,00;17.37;38,12;0,09;;14
24/08/26;PUIG;CALL;Sep-26;21,00;17.37;37,80;0,03;;8.553
24/08/26;PUIG;CALL;Oct-26;17,00;17.37;37,88;0,60;;5
24/08/26;PUIG;CALL;Oct-26;18,50;17.37;37,32;0,37;;6
24/08/26;PUIG;CALL;Oct-26;19,00;17.37;37,17;0,30;5;5
24/08/26;PUIG;CALL;Dic-26;15,00;17.37;37,50;0,80;;3
24/08/26;PUIG;CALL;Dic-26;16,50;17.37;36,70;0,65;;2
24/08/26;PUIG;CALL;Dic-26;17,00;17.37;36,43;0,60;;10
24/08/26;PUIG;CALL;Dic-26;18,00;17.37;36,04;0,49;;39
24/08/26;PUIG;CALL;Dic-26;18,50;17.37;35,88;0,43;;6
24/08/26;PUIG;CALL;Dic-26;19,00;17.37;35,73;0,38;;1
24/08/26;PUIG;CALL;Dic-26;19,50;17.37;35,58;0,33;;20
24/08/26;PUIG;CALL;Dic-26;22,00;17.37;34,81;0,14;;1
24/08/26;PUIG;CALL;Dic-26;23,00;17.37;34,50;0,09;;1
24/08/26;PUIG;CALL;Jun-27;11,00;17.37;35,08;0,96;;5
24/08/26;PUIG;CALL;Jun-27;15,50;17.37;33,53;0,73;;4
24/08/26;PUIG;CALL;Jun-27;16,00;17.37;33,35;0,69;;1
24/08/26;PUIG;CALL;Jun-27;16,50;17.37;33,18;0,65;;2
24/08/26;PUIG;PUT;Sep-26;12,00;17.37;42,13;;;5
24/08/26;PUIG;PUT;Sep-26;12,50;17.37;41,82;;;149
24/08/26;PUIG;PUT;Sep-26;13,00;17.37;41,51;;;22
24/08/26;PUIG;PUT;Sep-26;13,50;17.37;41,21;-0,01;;18
24/08/26;PUIG;PUT;Sep-26;14,00;17.37;40,90;-0,02;;42
24/08/26;PUIG;PUT;Sep-26;14,50;17.37;40,59;-0,04;;1
24/08/26;PUIG;PUT;Sep-26;15,00;17.37;40,29;-0,07;;8.347
24/08/26;PUIG;PUT;Sep-26;15,50;17.37;39,98;-0,12;;6
24/08/26;PUIG;PUT;Sep-26;16,00;17.37;39,67;-0,20;;269
24/08/26;PUIG;PUT;Sep-26;16,50;17.37;39,36;-0,29;;25
24/08/26;PUIG;PUT;Sep-26;17,00;17.37;39,06;-0,39;2;7
24/08/26;PUIG;PUT;Sep-26;17,50;17.37;38,79;-0,50;;24
24/08/26;PUIG;PUT;Oct-26;16,00;17.37;37,91;-0,25;;1
24/08/26;PUIG;PUT;Oct-26;16,50;17.37;37,62;-0,33;;3
24/08/26;PUIG;PUT;Oct-26;17,00;17.37;37,33;-0,41;;15
24/08/26;PUIG;PUT;Dic-26;11,00;17.37;38,53;-0,01;;2
24/08/26;PUIG;PUT;Dic-26;12,00;17.37;38,00;-0,03;;500
24/08/26;PUIG;PUT;Dic-26;12,50;17.37;37,73;-0,05;;5
24/08/26;PUIG;PUT;Dic-26;13,00;17.37;37,46;-0,07;;3
24/08/26;PUIG;PUT;Dic-26;13,50;17.37;37,19;-0,09;;4
24/08/26;PUIG;PUT;Dic-26;14,00;17.37;36,92;-0,12;;47
24/08/26;PUIG;PUT;Dic-26;14,50;17.37;36,65;-0,16;;2.467
24/08/26;PUIG;PUT;Dic-26;15,00;17.37;36,38;-0,20;;26
24/08/26;PUIG;PUT;Dic-26;15,50;17.37;36,11;-0,24;;30
24/08/26;PUIG;PUT;Dic-26;16,00;17.37;35,85;-0,30;;41
24/08/26;PUIG;PUT;Dic-26;16,50;17.37;35,58;-0,35;;21
24/08/26;PUIG;PUT;Dic-26;17,00;17.37;35,31;-0,41;;11
24/08/26;PUIG;PUT;Dic-26;17,50;17.37;35,07;-0,46;;10
24/08/26;PUIG;PUT;Dic-26;18,00;17.37;34,92;-0,52;;5
24/08/26;PUIG;PUT;Dic-26;21,00;17.37;34,00;-0,82;;6
24/08/26;PUIG;PUT;Mar-27;12,00;17.37;36,82;-0,06;;1
24/08/26;PUIG;PUT;Mar-27;13,00;17.37;36,34;-0,11;;1
24/08/26;PUIG;PUT;Mar-27;13,50;17.37;36,10;-0,13;;5
24/08/26;PUIG;PUT;Mar-27;14,00;17.37;35,86;-0,16;;2
24/08/26;PUIG;PUT;Mar-27;15,00;17.37;35,38;-0,23;;10
24/08/26;PUIG;PUT;Mar-27;15,50;17.37;35,14;-0,27;;7
24/08/26;PUIG;PUT;Mar-27;16,00;17.37;34,90;-0,31;;85
24/08/26;PUIG;PUT;Mar-27;16,50;17.37;34,66;-0,36;;274
24/08/26;PUIG;PUT;Jun-27;14,00;17.37;32,51;-0,19;;4
24/08/26;PUIG;PUT;Jun-27;16,00;17.37;31,82;-0,34;;411
24/08/26;PUIG;PUT;Jun-27;16,50;17.37;31,65;-0,38;;2
24/08/26;PUIG;PUT;Jun-27;21,00;17.37;30,31;-0,72;;20
24/08/26;PUIG;PUT;Sep-27;11,00;17.37;31,28;-0,06;;19
24/08/26;PUIG;PUT;Dic-27;15,00;17.37;28,91;-0,27;;4
24/08/26;PUIG;PUT;Dic-27;15,50;17.37;28,80;-0,30;;162
24/08/26;PUIG;PUT;Dic-27;16,00;17.37;28,70;-0,34;;156
24/08/26;PUIG;PUT;Dic-27;16,50;17.37;28,59;-0,38;;151
24/08/26;PUIG;PUT;Mar-28;17,50;17.37;27,57;-0,44;;143
24/08/26;REDEIA;CALL;Sep-26;14,00;15.17;18,46;0,96;;1
24/08/26;REDEIA;CALL;Sep-26;15,00;15.17;16,85;0,62;;10
24/08/26;REDEIA;CALL;Sep-26;15,50;15.17;16,15;0,33;;13
24/08/26;REDEIA;CALL;Sep-26;16,00;15.17;15,50;0,11;;10
24/08/26;REDEIA;CALL;Sep-26;16,50;15.17;14,86;0,02;;4
24/08/26;REDEIA;CALL;Sep-26;17,00;15.17;14,21;;;35
24/08/26;REDEIA;CALL;Sep-26;17,50;15.17;13,56;;;1
24/08/26;REDEIA;CALL;Sep-26;18,50;15.17;12,26;;;1
24/08/26;REDEIA;CALL;Dic-26;14,00;15.17;18,88;0,81;;35
24/08/26;REDEIA;CALL;Dic-26;15,00;15.17;17,58;0,59;;26
24/08/26;REDEIA;CALL;Dic-26;15,50;15.17;17,00;0,46;;17
24/08/26;REDEIA;CALL;Dic-26;16,00;15.17;16,45;0,33;;265
24/08/26;REDEIA;CALL;Dic-26;16,50;15.17;15,90;0,21;;43
24/08/26;REDEIA;CALL;Dic-26;17,00;15.17;15,35;0,12;;25
24/08/26;REDEIA;CALL;Dic-26;17,50;15.17;14,80;0,06;;26
24/08/26;REDEIA;CALL;Dic-26;18,00;15.17;14,25;0,02;;2
24/08/26;REDEIA;CALL;Mar-27;13,50;15.17;20,06;0,83;;1
24/08/26;REDEIA;CALL;Mar-27;14,00;15.17;19,53;0,76;;10
24/08/26;REDEIA;CALL;Mar-27;15,50;15.17;17,97;0,48;;138
24/08/26;REDEIA;CALL;Mar-27;16,00;15.17;17,48;0,38;;206
24/08/26;REDEIA;CALL;Mar-27;16,50;15.17;16,98;0,29;;27
24/08/26;REDEIA;CALL;Mar-27;17,00;15.17;16,49;0,20;;6
24/08/26;REDEIA;CALL;Mar-27;17,50;15.17;16,00;0,13;;137
24/08/26;REDEIA;CALL;Jun-27;14,00;15.17;20,01;0,72;;6
24/08/26;REDEIA;CALL;Jun-27;15,50;15.17;18,70;0,50;10;10
24/08/26;REDEIA;CALL;Jun-27;16,00;15.17;18,23;0,42;;1
24/08/26;REDEIA;CALL;Jun-27;16,50;15.17;17,75;0,35;;2
24/08/26;REDEIA;CALL;Jun-27;17,00;15.17;17,28;0,27;;6
24/08/26;REDEIA;CALL;Jun-27;18,00;15.17;16,34;0,15;;1
24/08/26;REDEIA;CALL;Dic-27;14,50;15.17;19,56;0,64;;278
24/08/26;REDEIA;CALL;Dic-27;18,00;15.17;16,35;0,18;;6
24/08/26;REDEIA;PUT;Sep-26;12,50;15.17;20,60;;;11
24/08/26;REDEIA;PUT;Sep-26;13,00;15.17;19,80;;;9
24/08/26;REDEIA;PUT;Sep-26;13,50;15.17;19,00;-0,01;;59
24/08/26;REDEIA;PUT;Sep-26;14,00;15.17;18,20;-0,04;;30
24/08/26;REDEIA;PUT;Sep-26;14,50;15.17;17,39;-0,15;;12
24/08/26;REDEIA;PUT;Sep-26;15,00;15.17;16,59;-0,38;;47
24/08/26;REDEIA;PUT;Sep-26;15,50;15.17;15,89;-0,68;;13
24/08/26;REDEIA;PUT;Sep-26;16,00;15.17;15,24;-0,92;;32
24/08/26;REDEIA;PUT;Sep-26;16,50;15.17;14,60;-1,00;;1
24/08/26;REDEIA;PUT;Oct-26;14,50;15.17;16,72;-0,22;;13
24/08/26;REDEIA;PUT;Oct-26;15,00;15.17;15,95;-0,40;;4
24/08/26;REDEIA;PUT;Oct-26;15,50;15.17;15,27;-0,62;;4
24/08/26;REDEIA;PUT;Oct-26;16,00;15.17;14,63;-0,83;;3
24/08/26;REDEIA;PUT;Dic-26;11,50;15.17;20,98;-0,01;;20
24/08/26;REDEIA;PUT;Dic-26;12,00;15.17;20,33;-0,01;;10
24/08/26;REDEIA;PUT;Dic-26;12,50;15.17;19,68;-0,03;;15
24/08/26;REDEIA;PUT;Dic-26;13,00;15.17;19,03;-0,06;;5
24/08/26;REDEIA;PUT;Dic-26;13,50;15.17;18,39;-0,11;;86
24/08/26;REDEIA;PUT;Dic-26;14,00;15.17;17,74;-0,18;;111
24/08/26;REDEIA;PUT;Dic-26;14,50;15.17;17,09;-0,28;;183
24/08/26;REDEIA;PUT;Dic-26;15,00;15.17;16,44;-0,41;30;79
24/08/26;REDEIA;PUT;Dic-26;15,50;15.17;15,86;-0,56;;3
24/08/26;REDEIA;PUT;Dic-26;16,00;15.17;15,31;-0,71;;8
24/08/26;REDEIA;PUT;Dic-26;17,00;15.17;14,21;-0,97;;1
24/08/26;REDEIA;PUT;Mar-27;11,50;15.17;20,34;-0,03;;1
24/08/26;REDEIA;PUT;Mar-27;12,00;15.17;19,81;-0,05;;8
24/08/26;REDEIA;PUT;Mar-27;12,50;15.17;19,29;-0,08;;8
24/08/26;REDEIA;PUT;Mar-27;13,00;15.17;18,76;-0,13;;101
24/08/26;REDEIA;PUT;Mar-27;13,50;15.17;18,23;-0,18;;17
24/08/26;REDEIA;PUT;Mar-27;14,00;15.17;17,70;-0,26;;163
24/08/26;REDEIA;PUT;Mar-27;14,50;15.17;17,18;-0,35;;5
24/08/26;REDEIA;PUT;Mar-27;15,00;15.17;16,65;-0,45;;1
24/08/26;REDEIA;PUT;Mar-27;15,50;15.17;16,14;-0,56;;3
24/08/26;REDEIA;PUT;Mar-27;16,00;15.17;15,65;-0,67;;1
24/08/26;REDEIA;PUT;Mar-27;17,00;15.17;14,66;-0,85;;3
24/08/26;REDEIA;PUT;Jun-27;12,50;15.17;19,29;-0,11;;4
24/08/26;REDEIA;PUT;Jun-27;13,50;15.17;18,43;-0,21;;2
24/08/26;REDEIA;PUT;Jun-27;14,00;15.17;18,00;-0,28;;2
24/08/26;REDEIA;PUT;Jun-27;14,50;15.17;17,57;-0,36;;53
24/08/26;REDEIA;PUT;Jun-27;15,00;15.17;17,15;-0,44;;5
24/08/26;REDEIA;PUT;Jun-27;15,50;15.17;16,69;-0,53;;13
24/08/26;REDEIA;PUT;Jun-27;16,00;15.17;16,22;-0,63;;1
24/08/26;REDEIA;PUT;Sep-27;12,50;15.17;18,45;-0,17;;5
24/08/26;REDEIA;PUT;Dic-27;14,00;15.17;17,09;-0,36;;20
24/08/26;REDEIA;PUT;Dic-27;15,00;15.17;16,47;-0,50;;11
24/08/26;REDEIA;PUT;Dic-27;19,00;15.17;12,58;-0,97;;6
24/08/26;REDEIA;PUT;Dic-28;13,00;15.17;17,26;-0,31;;1
24/08/26;REDEIA;PUT;Sep-26;14,00;15.17;18,20;-0,04;;1
24/08/26;REDEIA;PUT;Sep-26;14,50;15.17;17,39;-0,15;;6
24/08/26;REDEIA;PUT;Sep-26;15,00;15.17;16,59;-0,38;;1
24/08/26;REDEIA;PUT;Dic-26;13,50;15.17;18,39;-0,11;;4
24/08/26;REDEIA;PUT;Dic-26;15,00;15.17;16,44;-0,40;;6
24/08/26;REDEIA;PUT;Mar-27;14,00;15.17;17,70;-0,25;;2
24/08/26;REPSOL;CALL;Sep-26;16,50;27.09;41,43;1,00;;4
24/08/26;REPSOL;CALL;Sep-26;18,00;27.09;39,73;1,00;;1
24/08/26;REPSOL;CALL;Sep-26;20,00;27.09;37,47;1,00;;17
24/08/26;REPSOL;CALL;Sep-26;20,50;27.09;36,90;1,00;;1
24/08/26;REPSOL;CALL;Sep-26;21,00;27.09;36,33;1,00;;161
24/08/26;REPSOL;CALL;Sep-26;22,00;27.09;35,20;0,99;;11.943
24/08/26;REPSOL;CALL;Sep-26;23,00;27.09;34,07;0,97;4;182
24/08/26;REPSOL;CALL;Sep-26;24,00;27.09;32,94;0,93;;165
24/08/26;REPSOL;CALL;Sep-26;25,00;27.09;31,81;0,85;1;523
24/08/26;REPSOL;CALL;Sep-26;26,00;27.09;30,67;0,72;;188
24/08/26;REPSOL;CALL;Sep-26;27,00;27.09;29,54;0,54;1;188
24/08/26;REPSOL;CALL;Sep-26;28,00;27.09;29,00;0,35;31;274
24/08/26;REPSOL;CALL;Sep-26;29,00;27.09;28,52;0,20;2;17
24/08/26;REPSOL;CALL;Sep-26;30,00;27.09;28,04;0,09;;6
24/08/26;REPSOL;CALL;Sep-26;31,00;27.09;27,56;0,04;;1
24/08/26;REPSOL;CALL;Oct-26;27,00;27.09;31,35;0,55;25;13
24/08/26;REPSOL;CALL;Oct-26;28,00;27.09;31,02;0,42;;14
24/08/26;REPSOL;CALL;Oct-26;29,00;27.09;30,75;0,31;;3
24/08/26;REPSOL;CALL;Oct-26;31,00;27.09;30,21;0,14;;1
24/08/26;REPSOL;CALL;Oct-26;34,00;27.09;29,40;0,03;;43
24/08/26;REPSOL;CALL;Dic-26;12,00;27.09;41,18;1,00;;2
24/08/26;REPSOL;CALL;Dic-26;13,00;27.09;40,53;1,00;;10
24/08/26;REPSOL;CALL;Dic-26;15,00;27.09;39,22;1,00;;150
24/08/26;REPSOL;CALL;Dic-26;15,50;27.09;38,90;1,00;;160
24/08/26;REPSOL;CALL;Dic-26;16,00;27.09;38,57;0,99;;150
24/08/26;REPSOL;CALL;Dic-26;16,50;27.09;38,25;0,99;;150
24/08/26;REPSOL;CALL;Dic-26;17,00;27.09;37,92;0,99;;75
24/08/26;REPSOL;CALL;Dic-26;17,50;27.09;37,59;0,99;;48
24/08/26;REPSOL;CALL;Dic-26;18,00;27.09;37,27;0,98;;107
24/08/26;REPSOL;CALL;Dic-26;18,50;27.09;36,94;0,98;;354
24/08/26;REPSOL;CALL;Dic-26;19,00;27.09;36,62;0,97;;15
24/08/26;REPSOL;CALL;Dic-26;19,50;27.09;36,29;0,96;;101
24/08/26;REPSOL;CALL;Dic-26;20,00;27.09;35,96;0,95;;56
24/08/26;REPSOL;CALL;Dic-26;21,00;27.09;35,31;0,92;;7
24/08/26;REPSOL;CALL;Dic-26;22,00;27.09;34,66;0,88;;4.060
24/08/26;REPSOL;CALL;Dic-26;23,00;27.09;34,01;0,84;;12
24/08/26;REPSOL;CALL;Dic-26;24,00;27.09;33,36;0,78;;11.633
24/08/26;REPSOL;CALL;Dic-26;25,00;27.09;32,70;0,71;;52
24/08/26;REPSOL;CALL;Dic-26;26,00;27.09;32,05;0,64;;1.189
24/08/26;REPSOL;CALL;Dic-26;27,00;27.09;31,40;0,56;;13
24/08/26;REPSOL;CALL;Dic-26;28,00;27.09;31,16;0,48;;79
24/08/26;REPSOL;CALL;Dic-26;29,00;27.09;30,96;0,40;;25
24/08/26;REPSOL;CALL;Dic-26;30,00;27.09;30,77;0,32;;61
24/08/26;REPSOL;CALL;Dic-26;31,00;27.09;30,57;0,26;1;10
24/08/26;REPSOL;CALL;Dic-26;32,00;27.09;30,37;0,20;;9
24/08/26;REPSOL;CALL;Mar-27;14,50;27.09;40,22;0,99;;5
24/08/26;REPSOL;CALL;Mar-27;16,00;27.09;39,08;0,99;;15
24/08/26;REPSOL;CALL;Mar-27;16,50;27.09;38,70;0,98;;25
24/08/26;REPSOL;CALL;Mar-27;17,00;27.09;38,32;0,98;;2
24/08/26;REPSOL;CALL;Mar-27;17,50;27.09;37,94;0,97;;32
24/08/26;REPSOL;CALL;Mar-27;18,00;27.09;37,55;0,96;;55
24/08/26;REPSOL;CALL;Mar-27;18,50;27.09;37,17;0,95;;16
24/08/26;REPSOL;CALL;Mar-27;19,00;27.09;36,79;0,94;;35
24/08/26;REPSOL;CALL;Mar-27;19,50;27.09;36,41;0,93;;10
24/08/26;REPSOL;CALL;Mar-27;20,00;27.09;36,03;0,92;;20
24/08/26;REPSOL;CALL;Mar-27;22,00;27.09;34,50;0,85;;27
24/08/26;REPSOL;CALL;Mar-27;23,00;27.09;33,74;0,80;;4.000
24/08/26;REPSOL;CALL;Mar-27;24,00;27.09;32,98;0,75;;331
24/08/26;REPSOL;CALL;Mar-27;25,00;27.09;32,21;0,69;;165
24/08/26;REPSOL;CALL;Mar-27;26,00;27.09;31,45;0,63;;6
24/08/26;REPSOL;CALL;Mar-27;27,00;27.09;30,69;0,56;;25
24/08/26;REPSOL;CALL;Mar-27;28,00;27.09;30,44;0,50;;2
24/08/26;REPSOL;CALL;Mar-27;29,00;27.09;30,24;0,43;;2.001
24/08/26;REPSOL;CALL;Mar-27;30,00;27.09;30,05;0,37;10;2
24/08/26;REPSOL;CALL;Mar-27;31,00;27.09;29,85;0,31;1;2
24/08/26;REPSOL;CALL;Mar-27;32,00;27.09;29,65;0,26;;180
24/08/26;REPSOL;CALL;Jun-27;11,00;27.09;40,94;1,00;;1
24/08/26;REPSOL;CALL;Jun-27;15,00;27.09;38,18;0,99;;75
24/08/26;REPSOL;CALL;Jun-27;15,50;27.09;37,84;0,98;;50
24/08/26;REPSOL;CALL;Jun-27;16,50;27.09;37,15;0,97;;53
24/08/26;REPSOL;CALL;Jun-27;17,00;27.09;36,80;0,96;;1.019
24/08/26;REPSOL;CALL;Jun-27;17,50;27.09;36,46;0,95;;27
24/08/26;REPSOL;CALL;Jun-27;19,00;27.09;35,42;0,92;;1
24/08/26;REPSOL;CALL;Jun-27;19,50;27.09;35,08;0,90;;1
24/08/26;REPSOL;CALL;Jun-27;25,00;27.09;31,29;0,67;;2
24/08/26;REPSOL;CALL;Jun-27;26,00;27.09;30,60;0,62;;8
24/08/26;REPSOL;CALL;Jun-27;27,00;27.09;29,91;0,56;;3
24/08/26;REPSOL;CALL;Jun-27;28,00;27.09;29,67;0,51;;100
24/08/26;REPSOL;CALL;Jun-27;29,00;27.09;29,47;0,46;;10
24/08/26;REPSOL;CALL;Jun-27;30,00;27.09;29,28;0,40;10;31
24/08/26;REPSOL;CALL;Sep-27;15,50;27.09;38,33;0,98;;1
24/08/26;REPSOL;CALL;Sep-27;18,00;27.09;36,55;0,93;;3.000
24/08/26;REPSOL;CALL;Sep-27;18,50;27.09;36,19;0,92;;3.000
24/08/26;REPSOL;CALL;Sep-27;20,00;27.09;35,12;0,87;;2.000
24/08/26;REPSOL;CALL;Sep-27;21,00;27.09;34,41;0,84;;6
24/08/26;REPSOL;CALL;Sep-27;22,00;27.09;33,69;0,80;;5
24/08/26;REPSOL;CALL;Sep-27;24,00;27.09;32,27;0,71;4;17
24/08/26;REPSOL;CALL;Sep-27;27,00;27.09;30,12;0,57;;1
24/08/26;REPSOL;CALL;Dic-27;12,00;27.09;40,49;1,00;;2
24/08/26;REPSOL;CALL;Dic-27;14,00;27.09;39,06;0,99;;1.400
24/08/26;REPSOL;CALL;Dic-27;15,00;27.09;38,35;0,97;;149
24/08/26;REPSOL;CALL;Dic-27;15,50;27.09;37,99;0,97;;2
24/08/26;REPSOL;CALL;Dic-27;16,00;27.09;37,63;0,96;;3
24/08/26;REPSOL;CALL;Dic-27;16,50;27.09;37,28;0,95;;1.528
24/08/26;REPSOL;CALL;Dic-27;17,00;27.09;36,92;0,94;;24
24/08/26;REPSOL;CALL;Dic-27;17,50;27.09;36,56;0,93;;2
24/08/26;REPSOL;CALL;Dic-27;18,00;27.09;36,21;0,91;;3
24/08/26;REPSOL;CALL;Dic-27;19,50;27.09;35,14;0,87;;5
24/08/26;REPSOL;CALL;Dic-27;20,00;27.09;34,78;0,85;;10.000
24/08/26;REPSOL;CALL;Dic-27;23,00;27.09;32,64;0,74;;4
24/08/26;REPSOL;CALL;Dic-27;24,00;27.09;31,93;0,70;;5.000
24/08/26;REPSOL;CALL;Dic-27;25,00;27.09;31,21;0,66;;1
24/08/26;REPSOL;CALL;Dic-27;27,00;27.09;29,78;0,57;;10
24/08/26;REPSOL;CALL;Dic-27;34,00;27.09;28,53;0,29;6;6
24/08/26;REPSOL;CALL;Mar-28;16,50;27.09;36,55;0,95;;1
24/08/26;REPSOL;CALL;Mar-28;18,00;27.09;35,53;0,91;;1
24/08/26;REPSOL;CALL;Mar-28;19,00;27.09;34,85;0,88;;5
24/08/26;REPSOL;CALL;Mar-28;24,00;27.09;31,47;0,70;;6
24/08/26;REPSOL;CALL;Mar-28;25,00;27.09;30,79;0,66;;1.000
24/08/26;REPSOL;CALL;Mar-28;26,00;27.09;30,12;0,61;;2.000
24/08/26;REPSOL;CALL;Mar-28;27,00;27.09;29,44;0,57;;2.000
24/08/26;REPSOL;CALL;Mar-28;32,00;27.09;28,72;0,37;;2.000
24/08/26;REPSOL;CALL;Mar-28;33,00;27.09;28,58;0,34;;1.800
24/08/26;REPSOL;CALL;Jun-28;10,00;27.09;40,21;1,00;;10
24/08/26;REPSOL;CALL;Jun-28;19,00;27.09;34,68;0,87;;6
24/08/26;REPSOL;CALL;Jun-28;20,00;27.09;34,06;0,84;;10
24/08/26;REPSOL;CALL;Jun-28;22,00;27.09;32,83;0,77;;4
24/08/26;REPSOL;CALL;Jun-28;24,00;27.09;31,60;0,69;;2.500
24/08/26;REPSOL;CALL;Jun-28;32,00;27.09;28,98;0,39;;1.000
24/08/26;REPSOL;CALL;Jun-28;34,00;27.09;28,68;0,33;;1.000
24/08/26;REPSOL;CALL;Sep-28;18,50;27.09;34,86;0,88;;1
24/08/26;REPSOL;CALL;Dic-28;16,00;27.09;35,66;0,95;;2.000
24/08/26;REPSOL;CALL;Dic-28;24,00;27.09;31,63;0,69;;1.520
24/08/26;REPSOL;CALL;Dic-28;27,00;27.09;30,12;0,58;;1
24/08/26;REPSOL;CALL;Dic-28;29,00;27.09;29,86;0,51;;7
24/08/26;REPSOL;CALL;Dic-28;34,00;27.09;29,30;0,37;;1
24/08/26;REPSOL;CALL;Dic-29;10,00;27.09;36,65;1,00;;200
24/08/26;REPSOL;CALL;Dic-29;11,50;27.09;36,11;1,00;;1
24/08/26;REPSOL;CALL;Dic-29;12,00;27.09;35,93;1,00;;1
24/08/26;REPSOL;CALL;Dic-29;12,50;27.09;35,76;1,00;;3
24/08/26;REPSOL;CALL;Dic-29;17,00;27.09;34,15;0,92;;25
24/08/26;REPSOL;CALL;Dic-30;22,00;27.09;32,27;0,74;;1.500
24/08/26;REPSOL;CALL;Dic-30;26,00;27.09;31,14;0,63;;3.000
24/08/26;REPSOL;PUT;Sep-26;6,75;27.09;51,29;;;2
24/08/26;REPSOL;PUT;Sep-26;10,50;27.09;47,04;;;9
24/08/26;REPSOL;PUT;Sep-26;11,00;27.09;46,47;;;30
24/08/26;REPSOL;PUT;Sep-26;11,50;27.09;45,91;;;51
24/08/26;REPSOL;PUT;Sep-26;12,00;27.09;45,34;;;295
24/08/26;REPSOL;PUT;Sep-26;12,50;27.09;44,78;;;80
24/08/26;REPSOL;PUT;Sep-26;13,00;27.09;44,21;;;119
24/08/26;REPSOL;PUT;Sep-26;13,50;27.09;43,64;;;12
24/08/26;REPSOL;PUT;Sep-26;14,00;27.09;43,08;;;143
24/08/26;REPSOL;PUT;Sep-26;14,50;27.09;42,51;;;277
24/08/26;REPSOL;PUT;Sep-26;15,00;27.09;41,95;;;35
24/08/26;REPSOL;PUT;Sep-26;15,50;27.09;41,38;;;6
24/08/26;REPSOL;PUT;Sep-26;16,00;27.09;40,81;;;10
24/08/26;REPSOL;PUT;Sep-26;16,50;27.09;40,25;;;200
24/08/26;REPSOL;PUT;Sep-26;17,00;27.09;39,68;;;654
24/08/26;REPSOL;PUT;Sep-26;17,50;27.09;39,12;;;204
24/08/26;REPSOL;PUT;Sep-26;18,00;27.09;38,55;;;15.360
24/08/26;REPSOL;PUT;Sep-26;18,50;27.09;37,98;;;211
24/08/26;REPSOL;PUT;Sep-26;19,00;27.09;37,42;;;14
24/08/26;REPSOL;PUT;Sep-26;19,50;27.09;36,85;;;104
24/08/26;REPSOL;PUT;Sep-26;20,00;27.09;36,29;;;8
24/08/26;REPSOL;PUT;Sep-26;20,50;27.09;35,72;;;5
24/08/26;REPSOL;PUT;Sep-26;21,00;27.09;35,15;;;1.504
24/08/26;REPSOL;PUT;Sep-26;22,00;27.09;34,02;-0,01;;1.105
24/08/26;REPSOL;PUT;Sep-26;23,00;27.09;32,89;-0,03;;200
24/08/26;REPSOL;PUT;Sep-26;24,00;27.09;31,76;-0,06;1;46
24/08/26;REPSOL;PUT;Sep-26;25,00;27.09;30,63;-0,15;40;413
24/08/26;REPSOL;PUT;Sep-26;26,00;27.09;29,49;-0,28;36;60
24/08/26;REPSOL;PUT;Sep-26;27,00;27.09;28,36;-0,46;;151
24/08/26;REPSOL;PUT;Sep-26;28,00;27.09;27,82;-0,66;1;2
24/08/26;REPSOL;PUT;Sep-26;29,00;27.09;27,34;-0,82;;3
24/08/26;REPSOL;PUT;Oct-26;22,00;27.09;32,89;-0,04;;2
24/08/26;REPSOL;PUT;Oct-26;24,00;27.09;31,22;-0,14;18;27
24/08/26;REPSOL;PUT;Oct-26;25,00;27.09;30,38;-0,22;;1
24/08/26;REPSOL;PUT;Oct-26;26,00;27.09;29,54;-0,33;3;5
24/08/26;REPSOL;PUT;Oct-26;27,00;27.09;28,71;-0,46;;151
24/08/26;REPSOL;PUT;Oct-26;28,00;27.09;28,38;-0,59;20;
24/08/26;REPSOL;PUT;Dic-26;8,00;27.09;41,66;;;9.500
24/08/26;REPSOL;PUT;Dic-26;8,75;27.09;41,17;;;1
24/08/26;REPSOL;PUT;Dic-26;9,00;27.09;41,01;;;13.015
24/08/26;REPSOL;PUT;Dic-26;9,50;27.09;40,68;;;750
24/08/26;REPSOL;PUT;Dic-26;10,00;27.09;40,36;;;34.000
24/08/26;REPSOL;PUT;Dic-26;10,50;27.09;40,03;;;1.000
24/08/26;REPSOL;PUT;Dic-26;11,00;27.09;39,70;;;15.621
24/08/26;REPSOL;PUT;Dic-26;11,50;27.09;39,38;;;3.187
24/08/26;REPSOL;PUT;Dic-26;12,00;27.09;39,05;;;15.760
24/08/26;REPSOL;PUT;Dic-26;12,50;27.09;38,72;;;156
24/08/26;REPSOL;PUT;Dic-26;13,00;27.09;38,40;;;12.000
24/08/26;REPSOL;PUT;Dic-26;13,50;27.09;38,07;;;1
24/08/26;REPSOL;PUT;Dic-26;14,00;27.09;37,75;;;11.025
24/08/26;REPSOL;PUT;Dic-26;14,50;27.09;37,42;;;224
24/08/26;REPSOL;PUT;Dic-26;15,00;27.09;37,09;;;4.184
24/08/26;REPSOL;PUT;Dic-26;15,50;27.09;36,77;;;21.501
24/08/26;REPSOL;PUT;Dic-26;16,00;27.09;36,44;;;2.160
24/08/26;REPSOL;PUT;Dic-26;16,50;27.09;36,12;;;161
24/08/26;REPSOL;PUT;Dic-26;17,00;27.09;35,79;-0,01;;136
24/08/26;REPSOL;PUT;Dic-26;17,50;27.09;35,46;-0,01;;160
24/08/26;REPSOL;PUT;Dic-26;18,00;27.09;35,14;-0,01;;26
24/08/26;REPSOL;PUT;Dic-26;18,50;27.09;34,81;-0,02;;1
24/08/26;REPSOL;PUT;Dic-26;19,00;27.09;34,49;-0,03;;4.102
24/08/26;REPSOL;PUT;Dic-26;19,50;27.09;34,16;-0,03;;116
24/08/26;REPSOL;PUT;Dic-26;20,00;27.09;33,83;-0,04;;2.035
24/08/26;REPSOL;PUT;Dic-26;20,50;27.09;33,51;-0,05;;4
24/08/26;REPSOL;PUT;Dic-26;21,00;27.09;33,18;-0,07;1;293
24/08/26;REPSOL;PUT;Dic-26;22,00;27.09;32,53;-0,10;;74
24/08/26;REPSOL;PUT;Dic-26;23,00;27.09;31,88;-0,15;100;136
24/08/26;REPSOL;PUT;Dic-26;24,00;27.09;31,23;-0,21;8;47
24/08/26;REPSOL;PUT;Dic-26;25,00;27.09;30,57;-0,28;;17
24/08/26;REPSOL;PUT;Dic-26;26,00;27.09;29,92;-0,36;;31
24/08/26;REPSOL;PUT;Dic-26;27,00;27.09;29,27;-0,45;;42
24/08/26;REPSOL;PUT;Dic-26;28,00;27.09;29,03;-0,54;;20
24/08/26;REPSOL;PUT;Mar-27;7,25;27.09;43,48;;;4
24/08/26;REPSOL;PUT;Mar-27;8,00;27.09;42,90;;;1
24/08/26;REPSOL;PUT;Mar-27;10,00;27.09;41,38;;;245
24/08/26;REPSOL;PUT;Mar-27;11,50;27.09;40,23;;;216
24/08/26;REPSOL;PUT;Mar-27;12,00;27.09;39,85;;;210
24/08/26;REPSOL;PUT;Mar-27;12,50;27.09;39,47;;;401
24/08/26;REPSOL;PUT;Mar-27;13,50;27.09;38,71;-0,01;;4
24/08/26;REPSOL;PUT;Mar-27;14,00;27.09;38,33;-0,01;;55
24/08/26;REPSOL;PUT;Mar-27;14,50;27.09;37,94;-0,01;;100
24/08/26;REPSOL;PUT;Mar-27;15,00;27.09;37,56;-0,01;;140
24/08/26;REPSOL;PUT;Mar-27;15,50;27.09;37,18;-0,02;;250
24/08/26;REPSOL;PUT;Mar-27;16,00;27.09;36,80;-0,02;;754
24/08/26;REPSOL;PUT;Mar-27;16,50;27.09;36,42;-0,03;;25
24/08/26;REPSOL;PUT;Mar-27;17,00;27.09;36,04;-0,03;;75
24/08/26;REPSOL;PUT;Mar-27;18,00;27.09;35,27;-0,05;;20
24/08/26;REPSOL;PUT;Mar-27;18,50;27.09;34,89;-0,06;;6
24/08/26;REPSOL;PUT;Mar-27;19,00;27.09;34,51;-0,07;;100
24/08/26;REPSOL;PUT;Mar-27;20,00;27.09;33,75;-0,10;;300
24/08/26;REPSOL;PUT;Mar-27;21,00;27.09;32,99;-0,13;;210
24/08/26;REPSOL;PUT;Mar-27;22,00;27.09;32,22;-0,17;;31
24/08/26;REPSOL;PUT;Mar-27;23,00;27.09;31,46;-0,22;;10
24/08/26;REPSOL;PUT;Mar-27;24,00;27.09;30,70;-0,27;;3
24/08/26;REPSOL;PUT;Mar-27;25,00;27.09;29,93;-0,33;;115
24/08/26;REPSOL;PUT;Mar-27;26,00;27.09;29,17;-0,40;;18
24/08/26;REPSOL;PUT;Mar-27;27,00;27.09;28,41;-0,47;;30
24/08/26;REPSOL;PUT;Mar-27;28,00;27.09;28,16;-0,54;;2
24/08/26;REPSOL;PUT;Mar-27;29,00;27.09;27,96;-0,60;;1
24/08/26;REPSOL;PUT;Jun-27;8,00;27.09;41,36;;;25.000
24/08/26;REPSOL;PUT;Jun-27;9,50;27.09;40,33;;;40
24/08/26;REPSOL;PUT;Jun-27;10,00;27.09;39,99;;;10
24/08/26;REPSOL;PUT;Jun-27;10,50;27.09;39,64;;;2
24/08/26;REPSOL;PUT;Jun-27;11,50;27.09;38,95;;;80
24/08/26;REPSOL;PUT;Jun-27;12,00;27.09;38,61;-0,01;;210
24/08/26;REPSOL;PUT;Jun-27;12,50;27.09;38,26;-0,01;;200
24/08/26;REPSOL;PUT;Jun-27;13,00;27.09;37,92;-0,01;;5.010
24/08/26;REPSOL;PUT;Jun-27;13,50;27.09;37,57;-0,01;;183
24/08/26;REPSOL;PUT;Jun-27;14,00;27.09;37,23;-0,02;;38
24/08/26;REPSOL;PUT;Jun-27;14,50;27.09;36,89;-0,02;;20
24/08/26;REPSOL;PUT;Jun-27;15,00;27.09;36,54;-0,02;;20
24/08/26;REPSOL;PUT;Jun-27;16,00;27.09;35,85;-0,04;;95
24/08/26;REPSOL;PUT;Jun-27;18,00;27.09;34,47;-0,07;20;30
24/08/26;REPSOL;PUT;Jun-27;19,50;27.09;33,44;-0,11;;100
24/08/26;REPSOL;PUT;Jun-27;21,00;27.09;32,41;-0,16;;2
24/08/26;REPSOL;PUT;Jun-27;22,00;27.09;31,72;-0,19;;2
24/08/26;REPSOL;PUT;Jun-27;23,00;27.09;31,03;-0,24;;2
24/08/26;REPSOL;PUT;Jun-27;24,00;27.09;30,34;-0,29;;1
24/08/26;REPSOL;PUT;Jun-27;25,00;27.09;29,65;-0,34;;1
24/08/26;REPSOL;PUT;Jun-27;26,00;27.09;28,96;-0,39;;2
24/08/26;REPSOL;PUT;Jun-27;28,00;27.09;28,03;-0,51;;10
24/08/26;REPSOL;PUT;Sep-27;10,50;27.09;40,02;-0,01;;100
24/08/26;REPSOL;PUT;Sep-27;11,00;27.09;39,66;-0,01;;101
24/08/26;REPSOL;PUT;Sep-27;11,50;27.09;39,31;-0,01;;100
24/08/26;REPSOL;PUT;Sep-27;12,00;27.09;38,95;-0,01;;104
24/08/26;REPSOL;PUT;Sep-27;14,00;27.09;37,52;-0,03;;25
24/08/26;REPSOL;PUT;Sep-27;14,50;27.09;37,17;-0,04;;420
24/08/26;REPSOL;PUT;Sep-27;15,00;27.09;36,81;-0,04;;2
24/08/26;REPSOL;PUT;Sep-27;15,50;27.09;36,45;-0,05;;159
24/08/26;REPSOL;PUT;Sep-27;18,00;27.09;34,67;-0,10;;1.000
24/08/26;REPSOL;PUT;Sep-27;19,00;27.09;33,95;-0,13;;5
24/08/26;REPSOL;PUT;Sep-27;24,00;27.09;30,39;-0,31;;1
24/08/26;REPSOL;PUT;Sep-27;25,00;27.09;29,67;-0,36;;1
24/08/26;REPSOL;PUT;Dic-27;7,75;27.09;40,70;;;234
24/08/26;REPSOL;PUT;Dic-27;8,00;27.09;40,52;;;23.000
24/08/26;REPSOL;PUT;Dic-27;8,50;27.09;40,17;;;8.000
24/08/26;REPSOL;PUT;Dic-27;9,00;27.09;39,81;;;7.000
24/08/26;REPSOL;PUT;Dic-27;9,75;27.09;39,28;-0,01;;62
24/08/26;REPSOL;PUT;Dic-27;10,00;27.09;39,10;-0,01;;11.028
24/08/26;REPSOL;PUT;Dic-27;10,50;27.09;38,74;-0,01;;12.938
24/08/26;REPSOL;PUT;Dic-27;11,00;27.09;38,38;-0,01;;27.620
24/08/26;REPSOL;PUT;Dic-27;12,00;27.09;37,67;-0,02;;1
24/08/26;REPSOL;PUT;Dic-27;12,50;27.09;37,31;-0,02;;25
24/08/26;REPSOL;PUT;Dic-27;13,00;27.09;36,96;-0,03;;266
24/08/26;REPSOL;PUT;Dic-27;14,00;27.09;36,24;-0,04;;15.000
24/08/26;REPSOL;PUT;Dic-27;14,50;27.09;35,89;-0,04;;7
24/08/26;REPSOL;PUT;Dic-27;15,00;27.09;35,53;-0,05;;7.001
24/08/26;REPSOL;PUT;Dic-27;16,00;27.09;34,81;-0,07;;30.000
24/08/26;REPSOL;PUT;Dic-27;16,50;27.09;34,46;-0,08;;1.525
24/08/26;REPSOL;PUT;Dic-27;17,00;27.09;34,10;-0,09;;25
24/08/26;REPSOL;PUT;Dic-27;18,00;27.09;33,39;-0,11;;101
24/08/26;REPSOL;PUT;Dic-27;19,00;27.09;32,67;-0,13;;3
24/08/26;REPSOL;PUT;Dic-27;20,00;27.09;31,96;-0,16;2;3
24/08/26;REPSOL;PUT;Dic-27;21,00;27.09;31,25;-0,20;;50
24/08/26;REPSOL;PUT;Dic-27;22,00;27.09;30,53;-0,23;;20
24/08/26;REPSOL;PUT;Dic-27;23,00;27.09;29,82;-0,27;;9
24/08/26;REPSOL;PUT;Dic-27;24,00;27.09;29,11;-0,31;;10
24/08/26;REPSOL;PUT;Dic-27;25,00;27.09;28,39;-0,36;;1
24/08/26;REPSOL;PUT;Dic-27;26,00;27.09;27,68;-0,41;;3
24/08/26;REPSOL;PUT;Mar-28;12,00;27.09;35,89;-0,02;;1.000
24/08/26;REPSOL;PUT;Mar-28;13,50;27.09;34,88;-0,04;;1.000
24/08/26;REPSOL;PUT;Mar-28;18,00;27.09;31,83;-0,12;;151
24/08/26;REPSOL;PUT;Mar-28;21,00;27.09;29,80;-0,21;;120
24/08/26;REPSOL;PUT;Mar-28;22,00;27.09;29,12;-0,25;;114
24/08/26;REPSOL;PUT;Mar-28;26,00;27.09;26,42;-0,42;;25
24/08/26;REPSOL;PUT;Jun-28;18,00;27.09;31,30;-0,13;;4.000
24/08/26;REPSOL;PUT;Jun-28;19,50;27.09;30,38;-0,17;;1
24/08/26;REPSOL;PUT;Jun-28;20,00;27.09;30,07;-0,18;;3.000
24/08/26;REPSOL;PUT;Jun-28;21,00;27.09;29,46;-0,22;;120
24/08/26;REPSOL;PUT;Jun-28;22,00;27.09;28,84;-0,25;;6.500
24/08/26;REPSOL;PUT;Jun-28;23,00;27.09;28,23;-0,29;;107
24/08/26;REPSOL;PUT;Sep-28;18,00;27.09;31,04;-0,14;;300
24/08/26;REPSOL;PUT;Dic-28;9,00;27.09;34,92;-0,01;;40.500
24/08/26;REPSOL;PUT;Dic-28;10,00;27.09;34,41;-0,02;;10.000
24/08/26;REPSOL;PUT;Dic-28;11,50;27.09;33,66;-0,03;;1.000
24/08/26;REPSOL;PUT;Dic-28;14,50;27.09;32,14;-0,07;1;1
24/08/26;REPSOL;PUT;Dic-28;15,00;27.09;31,89;-0,08;;30.250
24/08/26;REPSOL;PUT;Dic-28;18,00;27.09;30,38;-0,15;;1.000
24/08/26;REPSOL;PUT;Dic-28;19,50;27.09;29,62;-0,19;;1
24/08/26;REPSOL;PUT;Dic-28;23,00;27.09;27,85;-0,30;;1
24/08/26;REPSOL;PUT;Dic-28;24,00;27.09;27,35;-0,34;;1.515
24/08/26;REPSOL;PUT;Dic-28;26,00;27.09;26,34;-0,42;;9
24/08/26;REPSOL;PUT;Jun-29;11,00;27.09;32,78;-0,03;;140
24/08/26;REPSOL;PUT;Dic-29;7,75;27.09;32,77;-0,01;;30.000
24/08/26;REPSOL;PUT;Dic-29;8,00;27.09;32,68;-0,01;;17.000
24/08/26;REPSOL;PUT;Dic-29;11,00;27.09;31,61;-0,04;;20.000
24/08/26;REPSOL;PUT;Dic-29;11,50;27.09;31,43;-0,04;;17.000
24/08/26;REPSOL;PUT;Dic-29;12,50;27.09;31,08;-0,06;;800
24/08/26;REPSOL;PUT;Dic-29;28,00;27.09;25,84;-0,48;;25
24/08/26;REPSOL;PUT;Dic-30;14,00;27.09;29,60;-0,10;;3.000
24/08/26;REPSOL;PUT;Dic-30;18,50;27.09;28,33;-0,21;;3.000
24/08/26;REPSOL;CALL;Sep-26;14,00;27.09;44,26;1,00;;1
24/08/26;REPSOL;CALL;Sep-26;14,50;27.09;43,69;1,00;;1
24/08/26;REPSOL;CALL;Sep-26;22,00;27.09;35,20;0,99;;73
24/08/26;REPSOL;CALL;Sep-26;22,00;27.09;35,20;0,99;;10
24/08/26;REPSOL;CALL;Sep-26;23,00;27.09;34,07;0,97;;24
24/08/26;REPSOL;CALL;Sep-26;24,00;27.09;32,94;0,93;;1
24/08/26;REPSOL;CALL;Sep-26;24,00;27.09;32,94;0,93;;10
24/08/26;REPSOL;CALL;Sep-26;25,00;27.09;31,81;0,84;;15
24/08/26;REPSOL;CALL;Sep-26;26,00;27.09;30,67;0,71;;10
24/08/26;REPSOL;CALL;Sep-26;26,00;27.09;30,67;0,71;;19
24/08/26;REPSOL;CALL;Sep-26;27,00;27.09;29,54;0,54;5;41
24/08/26;REPSOL;CALL;Sep-26;28,00;27.09;29,00;0,35;;10
24/08/26;REPSOL;CALL;Sep-26;28,00;27.09;29,00;0,35;;20
24/08/26;REPSOL;CALL;Sep-26;29,00;27.09;28,52;0,20;;8
24/08/26;REPSOL;CALL;Oct-26;20,00;27.09;37,20;0,98;;6
24/08/26;REPSOL;CALL;Oct-26;28,00;27.09;31,02;0,42;;5
24/08/26;REPSOL;CALL;Oct-26;30,00;27.09;30,48;0,22;;3
24/08/26;REPSOL;CALL;Dic-26;14,50;27.09;39,55;0,99;;1
24/08/26;REPSOL;CALL;Dic-26;15,00;27.09;39,22;0,99;;33
24/08/26;REPSOL;CALL;Dic-26;17,00;27.09;37,92;0,98;;7
24/08/26;REPSOL;CALL;Dic-26;18,00;27.09;37,27;0,97;;26
24/08/26;REPSOL;CALL;Dic-26;21,00;27.09;35,31;0,91;;10
24/08/26;REPSOL;CALL;Dic-26;23,00;27.09;34,01;0,83;;6
24/08/26;REPSOL;CALL;Dic-26;24,00;27.09;33,36;0,77;;106
24/08/26;REPSOL;CALL;Dic-26;24,00;27.09;33,36;0,77;;10
24/08/26;REPSOL;CALL;Dic-26;25,00;27.09;32,70;0,71;;17
24/08/26;REPSOL;CALL;Dic-26;26,00;27.09;32,05;0,64;;80
24/08/26;REPSOL;CALL;Dic-26;26,00;27.09;32,05;0,64;;20
24/08/26;REPSOL;CALL;Dic-26;27,00;27.09;31,40;0,56;;16
24/08/26;REPSOL;CALL;Dic-26;28,00;27.09;31,16;0,47;;20
24/08/26;REPSOL;CALL;Mar-27;22,00;27.09;34,50;0,81;;1
24/08/26;REPSOL;CALL;Mar-27;23,00;27.09;33,74;0,76;;1
24/08/26;REPSOL;CALL;Mar-27;24,00;27.09;32,98;0,71;;6
24/08/26;REPSOL;CALL;Mar-27;25,00;27.09;32,21;0,66;;5
24/08/26;REPSOL;CALL;Mar-27;26,00;27.09;31,45;0,60;;5
24/08/26;REPSOL;CALL;Jun-27;28,00;27.09;29,67;0,50;;15
24/08/26;REPSOL;CALL;Dic-27;12,00;27.09;40,49;0,94;;15.000
24/08/26;REPSOL;CALL;Dic-27;16,00;27.09;37,63;0,89;;7
24/08/26;REPSOL;CALL;Jun-28;26,00;27.09;30,37;0,58;;1
24/08/26;REPSOL;CALL;Dic-28;15,25;27.09;36,04;0,84;;750
24/08/26;REPSOL;CALL;Jun-29;26,00;27.09;31,10;0,56;;1
24/08/26;REPSOL;PUT;Sep-26;11,00;27.09;46,47;;;1.200
24/08/26;REPSOL;PUT;Sep-26;16,00;27.09;40,81;;;10
24/08/26;REPSOL;PUT;Sep-26;18,00;27.09;38,55;;;5
24/08/26;REPSOL;PUT;Sep-26;19,00;27.09;37,42;;;15
24/08/26;REPSOL;PUT;Sep-26;19,50;27.09;36,85;;;10
24/08/26;REPSOL;PUT;Sep-26;23,00;27.09;32,89;-0,03;;5
24/08/26;REPSOL;PUT;Sep-26;24,00;27.09;31,76;-0,07;;20
24/08/26;REPSOL;PUT;Sep-26;24,00;27.09;31,76;-0,07;;2
24/08/26;REPSOL;PUT;Sep-26;25,00;27.09;30,63;-0,15;;2
24/08/26;REPSOL;PUT;Sep-26;26,00;27.09;29,49;-0,28;;45
24/08/26;REPSOL;PUT;Sep-26;27,00;27.09;28,36;-0,46;10;10
24/08/26;REPSOL;PUT;Oct-26;27,00;27.09;28,71;-0,45;;5
24/08/26;REPSOL;PUT;Dic-26;11,00;27.09;39,70;;;1
24/08/26;REPSOL;PUT;Dic-26;13,50;27.09;38,07;;;150
24/08/26;REPSOL;PUT;Dic-26;14,50;27.09;37,42;;;150
24/08/26;REPSOL;PUT;Dic-26;15,00;27.09;37,09;;;1
24/08/26;REPSOL;PUT;Dic-26;15,50;27.09;36,77;;;450
24/08/26;REPSOL;PUT;Dic-26;17,00;27.09;35,79;-0,01;;154
24/08/26;REPSOL;PUT;Dic-26;18,00;27.09;35,14;-0,01;;7
24/08/26;REPSOL;PUT;Dic-26;20,00;27.09;33,83;-0,04;;20
24/08/26;REPSOL;PUT;Dic-26;21,00;27.09;33,18;-0,07;;10
24/08/26;REPSOL;PUT;Dic-26;22,00;27.09;32,53;-0,10;;10
24/08/26;REPSOL;PUT;Dic-26;22,00;27.09;32,53;-0,10;;15
24/08/26;REPSOL;PUT;Dic-26;24,00;27.09;31,23;-0,21;;36
24/08/26;REPSOL;PUT;Dic-26;25,00;27.09;30,57;-0,27;;10
24/08/26;REPSOL;PUT;Dic-26;30,00;27.09;28,64;-0,69;;10
24/08/26;REPSOL;PUT;Mar-27;11,50;27.09;40,23;;;1
24/08/26;REPSOL;PUT;Jun-27;24,00;27.09;30,34;-0,27;;5
24/08/26;REPSOL;PUT;Sep-27;17,00;27.09;35,38;-0,08;;5
24/08/26;REPSOL;PUT;Dic-28;15,25;27.09;31,76;-0,08;;750
24/08/26;SACYR;CALL;Dic-26;3,70;4.27;26,92;0,86;;10
24/08/26;SACYR;CALL;Dic-26;3,90;4.27;26,81;0,76;;25
24/08/26;SACYR;CALL;Dic-26;4,00;4.27;26,76;0,71;;5
24/08/26;SACYR;CALL;Dic-26;4,20;4.27;26,65;0,59;;20
24/08/26;SACYR;CALL;Dic-26;4,30;4.27;26,58;0,53;;43
24/08/26;SACYR;CALL;Dic-26;4,50;4.27;26,39;0,41;;10
24/08/26;SACYR;CALL;Dic-26;4,70;4.27;26,20;0,30;;10
24/08/26;SACYR;CALL;Dic-26;4,80;4.27;26,11;0,25;;10
24/08/26;SACYR;CALL;Dic-26;5,00;4.27;25,92;0,17;;30
24/08/26;SACYR;CALL;Mar-27;3,70;4.27;25,29;0,82;;10
24/08/26;SACYR;CALL;Mar-27;3,80;4.27;25,24;0,78;;10
24/08/26;SACYR;CALL;Mar-27;4,80;4.27;24,56;0,30;;20.000
24/08/26;SACYR;CALL;Jun-27;3,90;4.27;24,26;0,71;;25
24/08/26;SACYR;CALL;Jun-27;4,80;4.27;23,66;0,35;;10
24/08/26;SACYR;CALL;Jun-27;4,90;4.27;23,58;0,31;;20
24/08/26;SACYR;CALL;Jun-27;5,00;4.27;23,49;0,28;;10
24/08/26;SACYR;CALL;Dic-27;4,00;4.27;23,41;0,66;;25
24/08/26;SACYR;PUT;Sep-26;3,60;4.27;25,51;;;20
24/08/26;SACYR;PUT;Sep-26;4,30;4.27;25,21;-0,53;5;5
24/08/26;SACYR;PUT;Sep-26;4,50;4.27;24,99;-0,78;;100
24/08/26;SACYR;PUT;Oct-26;4,50;4.27;25,47;-0,69;;100
24/08/26;SACYR;PUT;Dic-26;3,50;4.27;26,64;-0,08;;10
24/08/26;SACYR;PUT;Dic-26;4,50;4.27;26,00;-0,60;;1.000
24/08/26;SACYR;PUT;Dic-26;4,70;4.27;25,81;-0,72;;50
24/08/26;SACYR;PUT;Dic-26;5,00;4.27;25,53;-0,86;;100
24/08/26;SACYR;PUT;Mar-27;4,20;4.27;24,94;-0,43;;3
24/08/26;SACYR;PUT;Jun-27;3,40;4.27;24,45;-0,12;;20
24/08/26;SACYR;PUT;Jun-27;3,80;4.27;24,29;-0,26;10;10
24/08/26;SACYR;PUT;Jun-27;3,90;4.27;24,25;-0,30;10;10
24/08/26;SACYR;PUT;Jun-27;4,30;4.27;24,08;-0,47;;3
24/08/26;SACYR;PUT;Jun-27;4,50;4.27;23,91;-0,56;;1.000
24/08/26;SANTANDER;CALL;Sep-26;5,50;12.7;52,34;1,00;;16
24/08/26;SANTANDER;CALL;Sep-26;5,75;12.7;51,39;1,00;;1
24/08/26;SANTANDER;CALL;Sep-26;6,50;12.7;48,56;1,00;;11
24/08/26;SANTANDER;CALL;Sep-26;7,00;12.7;46,67;1,00;;4
24/08/26;SANTANDER;CALL;Sep-26;7,75;12.7;43,83;1,00;;30
24/08/26;SANTANDER;CALL;Sep-26;8,00;12.7;42,89;1,00;;100
24/08/26;SANTANDER;CALL;Sep-26;8,50;12.7;41,00;1,00;;458
24/08/26;SANTANDER;CALL;Sep-26;8,75;12.7;40,05;1,00;;3.200
24/08/26;SANTANDER;CALL;Sep-26;9,00;12.7;39,11;1,00;;1
24/08/26;SANTANDER;CALL;Sep-26;9,25;12.7;38,16;1,00;;9
24/08/26;SANTANDER;CALL;Sep-26;9,50;12.7;37,22;1,00;;9
24/08/26;SANTANDER;CALL;Sep-26;9,75;12.7;36,28;1,00;;5.031
24/08/26;SANTANDER;CALL;Sep-26;10,00;12.7;35,33;1,00;;51
24/08/26;SANTANDER;CALL;Sep-26;10,50;12.7;33,44;0,99;;154
24/08/26;SANTANDER;CALL;Sep-26;11,00;12.7;31,55;0,96;;23
24/08/26;SANTANDER;CALL;Sep-26;11,50;12.7;29,66;0,91;3;10
24/08/26;SANTANDER;CALL;Sep-26;12,00;12.7;27,77;0,80;;11.069
24/08/26;SANTANDER;CALL;Sep-26;12,50;12.7;25,88;0,62;;19
24/08/26;SANTANDER;CALL;Sep-26;13,00;12.7;24,92;0,38;6;91
24/08/26;SANTANDER;CALL;Sep-26;13,50;12.7;24,60;0,19;;721
24/08/26;SANTANDER;CALL;Sep-26;14,00;12.7;24,27;0,07;;10
24/08/26;SANTANDER;CALL;Sep-26;14,50;12.7;23,94;0,02;;3
24/08/26;SANTANDER;CALL;Oct-26;11,00;12.7;33,13;0,89;;1
24/08/26;SANTANDER;CALL;Oct-26;11,50;12.7;31,37;0,82;;10
24/08/26;SANTANDER;CALL;Oct-26;13,00;12.7;26,91;0,44;;1.006
24/08/26;SANTANDER;CALL;Oct-26;13,50;12.7;26,53;0,30;;14
24/08/26;SANTANDER;CALL;Oct-26;14,00;12.7;26,15;0,19;;103
24/08/26;SANTANDER;CALL;Oct-26;14,50;12.7;25,77;0,10;;1
24/08/26;SANTANDER;CALL;Dic-26;3,00;12.7;61,92;1,00;;1
24/08/26;SANTANDER;CALL;Dic-26;4,00;12.7;58,54;1,00;;100
24/08/26;SANTANDER;CALL;Dic-26;4,50;12.7;56,85;1,00;;1
24/08/26;SANTANDER;CALL;Dic-26;4,80;12.7;55,83;1,00;;5.050
24/08/26;SANTANDER;CALL;Dic-26;4,90;12.7;55,49;1,00;;50
24/08/26;SANTANDER;CALL;Dic-26;5,00;12.7;55,15;1,00;;25
24/08/26;SANTANDER;CALL;Dic-26;5,25;12.7;54,31;1,00;;25
24/08/26;SANTANDER;CALL;Dic-26;5,75;12.7;52,61;1,00;;6
24/08/26;SANTANDER;CALL;Dic-26;6,00;12.7;51,77;1,00;;7
24/08/26;SANTANDER;CALL;Dic-26;6,50;12.7;50,08;1,00;;5
24/08/26;SANTANDER;CALL;Dic-26;7,00;12.7;48,38;1,00;;86
24/08/26;SANTANDER;CALL;Dic-26;7,50;12.7;46,69;0,99;;28
24/08/26;SANTANDER;CALL;Dic-26;7,75;12.7;45,84;0,99;;2
24/08/26;SANTANDER;CALL;Dic-26;8,00;12.7;45,00;0,98;;10.163
24/08/26;SANTANDER;CALL;Dic-26;8,25;12.7;44,15;0,98;;110
24/08/26;SANTANDER;CALL;Dic-26;8,50;12.7;43,31;0,97;;100
24/08/26;SANTANDER;CALL;Dic-26;8,75;12.7;42,46;0,97;;22
24/08/26;SANTANDER;CALL;Dic-26;9,00;12.7;41,61;0,96;;335
24/08/26;SANTANDER;CALL;Dic-26;9,25;12.7;40,77;0,95;;2
24/08/26;SANTANDER;CALL;Dic-26;9,50;12.7;39,92;0,94;;75
24/08/26;SANTANDER;CALL;Dic-26;9,75;12.7;39,07;0,92;;5
24/08/26;SANTANDER;CALL;Dic-26;10,00;12.7;38,23;0,90;;67
24/08/26;SANTANDER;CALL;Dic-26;10,50;12.7;36,53;0,86;;77
24/08/26;SANTANDER;CALL;Dic-26;11,00;12.7;34,84;0,81;2;68
24/08/26;SANTANDER;CALL;Dic-26;11,50;12.7;33,15;0,74;;377
24/08/26;SANTANDER;CALL;Dic-26;12,00;12.7;31,46;0,67;;57
24/08/26;SANTANDER;CALL;Dic-26;12,50;12.7;29,76;0,57;;85.903
24/08/26;SANTANDER;CALL;Dic-26;13,00;12.7;28,84;0,47;;15.015
24/08/26;SANTANDER;CALL;Dic-26;13,50;12.7;28,43;0,38;;72
24/08/26;SANTANDER;CALL;Dic-26;14,00;12.7;28,02;0,29;;114
24/08/26;SANTANDER;CALL;Dic-26;14,50;12.7;27,62;0,22;;105
24/08/26;SANTANDER;CALL;Mar-27;4,60;12.7;55,99;1,00;;25
24/08/26;SANTANDER;CALL;Mar-27;4,70;12.7;55,68;1,00;;25
24/08/26;SANTANDER;CALL;Mar-27;4,80;12.7;55,37;1,00;;50
24/08/26;SANTANDER;CALL;Mar-27;4,90;12.7;55,07;1,00;;50
24/08/26;SANTANDER;CALL;Mar-27;5,00;12.7;54,76;1,00;;50
24/08/26;SANTANDER;CALL;Mar-27;5,25;12.7;53,99;1,00;;25
24/08/26;SANTANDER;CALL;Mar-27;6,00;12.7;51,69;0,99;;25
24/08/26;SANTANDER;CALL;Mar-27;6,25;12.7;50,92;0,99;;25
24/08/26;SANTANDER;CALL;Mar-27;7,50;12.7;47,08;0,96;;1
24/08/26;SANTANDER;CALL;Mar-27;8,00;12.7;45,55;0,94;;3
24/08/26;SANTANDER;CALL;Mar-27;9,25;12.7;41,71;0,88;;140
24/08/26;SANTANDER;CALL;Mar-27;9,50;12.7;40,94;0,87;;36
24/08/26;SANTANDER;CALL;Mar-27;10,00;12.7;39,41;0,83;;20
24/08/26;SANTANDER;CALL;Mar-27;11,00;12.7;36,34;0,75;;1.820
24/08/26;SANTANDER;CALL;Mar-27;11,50;12.7;34,80;0,70;;52
24/08/26;SANTANDER;CALL;Mar-27;12,00;12.7;33,27;0,64;;6.615
24/08/26;SANTANDER;CALL;Mar-27;12,50;12.7;31,73;0,58;;52.506
24/08/26;SANTANDER;CALL;Mar-27;13,00;12.7;30,91;0,51;;5.105
24/08/26;SANTANDER;CALL;Mar-27;13,50;12.7;30,57;0,45;;6.100
24/08/26;SANTANDER;CALL;Mar-27;14,00;12.7;30,22;0,38;;42
24/08/26;SANTANDER;CALL;Mar-27;15,00;12.7;29,54;0,27;;90
24/08/26;SANTANDER;CALL;Mar-27;15,50;12.7;29,20;0,22;;26
24/08/26;SANTANDER;CALL;Mar-27;16,00;12.7;28,86;0,17;;13
24/08/26;SANTANDER;CALL;Jun-27;6,00;12.7;48,53;0,99;;25
24/08/26;SANTANDER;CALL;Jun-27;6,25;12.7;47,92;0,98;;25
24/08/26;SANTANDER;CALL;Jun-27;6,50;12.7;47,30;0,98;;25
24/08/26;SANTANDER;CALL;Jun-27;6,75;12.7;46,68;0,97;;25
24/08/26;SANTANDER;CALL;Jun-27;7,00;12.7;46,07;0,96;;25
24/08/26;SANTANDER;CALL;Jun-27;7,25;12.7;45,45;0,95;;25
24/08/26;SANTANDER;CALL;Jun-27;8,25;12.7;42,98;0,91;;5
24/08/26;SANTANDER;CALL;Jun-27;9,00;12.7;41,13;0,88;;6.000
24/08/26;SANTANDER;CALL;Jun-27;9,75;12.7;39,28;0,83;;1
24/08/26;SANTANDER;CALL;Jun-27;10,00;12.7;38,67;0,81;;5.030
24/08/26;SANTANDER;CALL;Jun-27;10,50;12.7;37,43;0,78;;63
24/08/26;SANTANDER;CALL;Jun-27;11,00;12.7;36,20;0,74;;15
24/08/26;SANTANDER;CALL;Jun-27;12,00;12.7;33,73;0,64;;5.000
24/08/26;SANTANDER;CALL;Jun-27;12,50;12.7;32,50;0,59;;10
24/08/26;SANTANDER;CALL;Jun-27;13,00;12.7;31,80;0,53;;624
24/08/26;SANTANDER;CALL;Jun-27;13,50;12.7;31,48;0,48;;157
24/08/26;SANTANDER;CALL;Jun-27;15,00;12.7;30,49;0,33;;2.020
24/08/26;SANTANDER;CALL;Jun-27;16,00;12.7;29,84;0,24;;10
24/08/26;SANTANDER;CALL;Sep-27;9,00;12.7;39,88;0,86;;153
24/08/26;SANTANDER;CALL;Sep-27;10,00;12.7;37,81;0,80;;2
24/08/26;SANTANDER;CALL;Sep-27;12,00;12.7;33,67;0,64;;2
24/08/26;SANTANDER;CALL;Dic-27;2,30;12.7;52,38;1,00;;22
24/08/26;SANTANDER;CALL;Dic-27;4,20;12.7;48,74;1,00;;7.000
24/08/26;SANTANDER;CALL;Dic-27;4,90;12.7;47,40;1,00;;4
24/08/26;SANTANDER;CALL;Dic-27;5,00;12.7;47,20;1,00;;2
24/08/26;SANTANDER;CALL;Dic-27;5,25;12.7;46,73;0,99;;3
24/08/26;SANTANDER;CALL;Dic-27;5,50;12.7;46,25;0,99;;5
24/08/26;SANTANDER;CALL;Dic-27;7,00;12.7;43,37;0,94;;2.545
24/08/26;SANTANDER;CALL;Dic-27;7,50;12.7;42,42;0,92;;4
24/08/26;SANTANDER;CALL;Dic-27;8,00;12.7;41,46;0,90;;10
24/08/26;SANTANDER;CALL;Dic-27;8,50;12.7;40,50;0,88;;2
24/08/26;SANTANDER;CALL;Dic-27;9,00;12.7;39,54;0,85;;152
24/08/26;SANTANDER;CALL;Dic-27;9,25;12.7;39,06;0,84;;25
24/08/26;SANTANDER;CALL;Dic-27;10,00;12.7;37,63;0,79;;20
24/08/26;SANTANDER;CALL;Dic-27;10,50;12.7;36,67;0,76;;1
24/08/26;SANTANDER;CALL;Dic-27;11,00;12.7;35,71;0,72;;5.000
24/08/26;SANTANDER;CALL;Dic-27;11,50;12.7;34,75;0,68;;150
24/08/26;SANTANDER;CALL;Dic-27;12,00;12.7;33,79;0,64;;6
24/08/26;SANTANDER;CALL;Dic-27;14,00;12.7;31,67;0,47;;52.500
24/08/26;SANTANDER;CALL;Dic-27;15,00;12.7;31,06;0,39;;25.000
24/08/26;SANTANDER;CALL;Dic-27;15,50;12.7;30,76;0,35;;2
24/08/26;SANTANDER;CALL;Mar-28;8,75;12.7;39,43;0,85;;1
24/08/26;SANTANDER;CALL;Mar-28;9,00;12.7;38,99;0,84;;450
24/08/26;SANTANDER;CALL;Mar-28;9,25;12.7;38,55;0,83;;300
24/08/26;SANTANDER;CALL;Mar-28;9,50;12.7;38,11;0,81;;50
24/08/26;SANTANDER;CALL;Mar-28;9,75;12.7;37,67;0,80;;250
24/08/26;SANTANDER;CALL;Mar-28;10,00;12.7;37,23;0,78;;126
24/08/26;SANTANDER;CALL;Mar-28;12,00;12.7;33,71;0,64;;150
24/08/26;SANTANDER;CALL;Mar-28;13,50;12.7;32,02;0,53;;150
24/08/26;SANTANDER;CALL;Mar-28;14,00;12.7;31,73;0,49;;10.000
24/08/26;SANTANDER;CALL;Jun-28;6,00;12.7;43,56;0,97;;3
24/08/26;SANTANDER;CALL;Jun-28;7,75;12.7;40,76;0,90;;4
24/08/26;SANTANDER;CALL;Jun-28;9,50;12.7;37,96;0,81;;5
24/08/26;SANTANDER;CALL;Jun-28;10,00;12.7;37,16;0,78;;150
24/08/26;SANTANDER;CALL;Jun-28;12,50;12.7;33,15;0,61;;3
24/08/26;SANTANDER;CALL;Sep-28;13,00;12.7;32,87;0,58;;3
24/08/26;SANTANDER;CALL;Sep-28;15,50;12.7;31,56;0,42;;15
24/08/26;SANTANDER;CALL;Dic-28;8,50;12.7;39,29;0,85;;3.003
24/08/26;SANTANDER;CALL;Dic-28;9,00;12.7;38,59;0,83;;4
24/08/26;SANTANDER;CALL;Dic-28;12,00;12.7;34,33;0,65;;5.000
24/08/26;SANTANDER;CALL;Dic-28;12,50;12.7;33,63;0,62;;1
24/08/26;SANTANDER;PUT;Sep-26;4,00;12.7;58,92;;;2
24/08/26;SANTANDER;PUT;Sep-26;6,00;12.7;51,37;;;32.505
24/08/26;SANTANDER;PUT;Sep-26;6,75;12.7;48,53;;;103
24/08/26;SANTANDER;PUT;Sep-26;7,00;12.7;47,59;;;14.621
24/08/26;SANTANDER;PUT;Sep-26;7,50;12.7;45,70;;;210
24/08/26;SANTANDER;PUT;Sep-26;7,75;12.7;44,75;;;10.010
24/08/26;SANTANDER;PUT;Sep-26;8,00;12.7;43,81;;;10.209
24/08/26;SANTANDER;PUT;Sep-26;8,25;12.7;42,86;;;91
24/08/26;SANTANDER;PUT;Sep-26;8,50;12.7;41,92;;;5.001
24/08/26;SANTANDER;PUT;Sep-26;8,75;12.7;40,97;;;55
24/08/26;SANTANDER;PUT;Sep-26;9,00;12.7;40,03;;;133
24/08/26;SANTANDER;PUT;Sep-26;9,25;12.7;39,08;;;4.041
24/08/26;SANTANDER;PUT;Sep-26;9,50;12.7;38,14;;;690
24/08/26;SANTANDER;PUT;Sep-26;9,75;12.7;37,20;;;140
24/08/26;SANTANDER;PUT;Sep-26;10,00;12.7;36,25;;;13
24/08/26;SANTANDER;PUT;Sep-26;10,50;12.7;34,36;-0,01;;2.225
24/08/26;SANTANDER;PUT;Sep-26;11,00;12.7;32,47;-0,04;1;133
24/08/26;SANTANDER;PUT;Sep-26;11,50;12.7;30,58;-0,10;;25.407
24/08/26;SANTANDER;PUT;Sep-26;12,00;12.7;28,69;-0,21;3;935
24/08/26;SANTANDER;PUT;Sep-26;12,25;12.7;27,75;-0,29;3;3
24/08/26;SANTANDER;PUT;Sep-26;12,50;12.7;26,80;-0,39;;215
24/08/26;SANTANDER;PUT;Sep-26;12,75;12.7;26,01;-0,50;1;2
24/08/26;SANTANDER;PUT;Sep-26;13,00;12.7;25,84;-0,62;10;20
24/08/26;SANTANDER;PUT;Oct-26;10,00;12.7;36,62;-0,03;;4
24/08/26;SANTANDER;PUT;Oct-26;11,00;12.7;33,11;-0,11;1;141
24/08/26;SANTANDER;PUT;Oct-26;11,50;12.7;31,35;-0,18;1;690
24/08/26;SANTANDER;PUT;Oct-26;12,00;12.7;29,59;-0,28;5;36
24/08/26;SANTANDER;PUT;Oct-26;12,50;12.7;27,83;-0,41;5;18
24/08/26;SANTANDER;PUT;Oct-26;13,00;12.7;26,89;-0,56;;7
24/08/26;SANTANDER;PUT;Dic-26;2,50;12.7;62,59;;;40
24/08/26;SANTANDER;PUT;Dic-26;2,80;12.7;61,57;;;60.000
24/08/26;SANTANDER;PUT;Dic-26;3,20;12.7;60,22;;;10
24/08/26;SANTANDER;PUT;Dic-26;3,40;12.7;59,54;;;2
24/08/26;SANTANDER;PUT;Dic-26;3,50;12.7;59,20;;;5
24/08/26;SANTANDER;PUT;Dic-26;3,60;12.7;58,86;;;50.002
24/08/26;SANTANDER;PUT;Dic-26;4,00;12.7;57,51;;;25.007
24/08/26;SANTANDER;PUT;Dic-26;4,20;12.7;56,83;;;25
24/08/26;SANTANDER;PUT;Dic-26;4,30;12.7;56,49;;;15.000
24/08/26;SANTANDER;PUT;Dic-26;4,40;12.7;56,15;;;10.000
24/08/26;SANTANDER;PUT;Dic-26;4,60;12.7;55,48;;;80
24/08/26;SANTANDER;PUT;Dic-26;4,70;12.7;55,14;;;5
24/08/26;SANTANDER;PUT;Dic-26;4,80;12.7;54,80;;;15.000
24/08/26;SANTANDER;PUT;Dic-26;4,90;12.7;54,46;;;150
24/08/26;SANTANDER;PUT;Dic-26;5,00;12.7;54,12;;;20.400
24/08/26;SANTANDER;PUT;Dic-26;5,25;12.7;53,28;;;600
24/08/26;SANTANDER;PUT;Dic-26;6,00;12.7;50,74;;;5.019
24/08/26;SANTANDER;PUT;Dic-26;6,25;12.7;49,89;;;5
24/08/26;SANTANDER;PUT;Dic-26;6,50;12.7;49,05;-0,01;;155
24/08/26;SANTANDER;PUT;Dic-26;6,75;12.7;48,20;-0,01;;156
24/08/26;SANTANDER;PUT;Dic-26;7,00;12.7;47,35;-0,01;;10.171
24/08/26;SANTANDER;PUT;Dic-26;7,25;12.7;46,51;-0,01;;50
24/08/26;SANTANDER;PUT;Dic-26;7,50;12.7;45,66;-0,01;;18
24/08/26;SANTANDER;PUT;Dic-26;7,75;12.7;44,81;-0,02;;51
24/08/26;SANTANDER;PUT;Dic-26;8,00;12.7;43,97;-0,02;;34.888
24/08/26;SANTANDER;PUT;Dic-26;8,25;12.7;43,12;-0,03;;611
24/08/26;SANTANDER;PUT;Dic-26;8,50;12.7;42,28;-0,04;;15.882
24/08/26;SANTANDER;PUT;Dic-26;8,75;12.7;41,43;-0,05;;856
24/08/26;SANTANDER;PUT;Dic-26;9,00;12.7;40,58;-0,05;;5.090
24/08/26;SANTANDER;PUT;Dic-26;9,25;12.7;39,74;-0,07;;999
24/08/26;SANTANDER;PUT;Dic-26;9,50;12.7;38,89;-0,08;;34
24/08/26;SANTANDER;PUT;Dic-26;9,75;12.7;38,04;-0,09;;20
24/08/26;SANTANDER;PUT;Dic-26;10,00;12.7;37,20;-0,11;;90.011
24/08/26;SANTANDER;PUT;Dic-26;10,50;12.7;35,50;-0,15;;15.226
24/08/26;SANTANDER;PUT;Dic-26;11,00;12.7;33,81;-0,21;6;1.175
24/08/26;SANTANDER;PUT;Dic-26;11,50;12.7;32,12;-0,27;1;81
24/08/26;SANTANDER;PUT;Dic-26;12,00;12.7;30,43;-0,35;;231
24/08/26;SANTANDER;PUT;Dic-26;12,50;12.7;28,73;-0,44;;187
24/08/26;SANTANDER;PUT;Dic-26;13,00;12.7;27,81;-0,54;;18
24/08/26;SANTANDER;PUT;Dic-26;13,50;12.7;27,40;-0,64;;100
24/08/26;SANTANDER;PUT;Dic-26;14,00;12.7;26,99;-0,73;;112
24/08/26;SANTANDER;PUT;Dic-26;16,00;12.7;25,37;-0,95;;1
24/08/26;SANTANDER;PUT;Mar-27;5,25;12.7;52,48;-0,01;;470
24/08/26;SANTANDER;PUT;Mar-27;5,50;12.7;51,71;-0,01;;150
24/08/26;SANTANDER;PUT;Mar-27;6,00;12.7;50,18;-0,01;;150
24/08/26;SANTANDER;PUT;Mar-27;6,75;12.7;47,87;-0,03;;371
24/08/26;SANTANDER;PUT;Mar-27;7,00;12.7;47,11;-0,03;;1
24/08/26;SANTANDER;PUT;Mar-27;7,25;12.7;46,34;-0,04;;16.000
24/08/26;SANTANDER;PUT;Mar-27;8,00;12.7;44,04;-0,06;;100
24/08/26;SANTANDER;PUT;Mar-27;8,25;12.7;43,27;-0,07;;5.400
24/08/26;SANTANDER;PUT;Mar-27;8,50;12.7;42,50;-0,08;;100
24/08/26;SANTANDER;PUT;Mar-27;8,75;12.7;41,73;-0,09;;5
24/08/26;SANTANDER;PUT;Mar-27;9,00;12.7;40,97;-0,10;;40
24/08/26;SANTANDER;PUT;Mar-27;9,25;12.7;40,20;-0,12;;3
24/08/26;SANTANDER;PUT;Mar-27;9,50;12.7;39,43;-0,13;;52.500
24/08/26;SANTANDER;PUT;Mar-27;9,75;12.7;38,66;-0,14;;6.700
24/08/26;SANTANDER;PUT;Mar-27;10,00;12.7;37,90;-0,16;;25
24/08/26;SANTANDER;PUT;Mar-27;10,50;12.7;36,36;-0,20;;30
24/08/26;SANTANDER;PUT;Mar-27;11,00;12.7;34,83;-0,25;;9.547
24/08/26;SANTANDER;PUT;Mar-27;11,50;12.7;33,29;-0,30;;100
24/08/26;SANTANDER;PUT;Mar-27;12,00;12.7;31,76;-0,36;1;457
24/08/26;SANTANDER;PUT;Mar-27;12,50;12.7;30,22;-0,43;1;21
24/08/26;SANTANDER;PUT;Mar-27;13,00;12.7;29,40;-0,50;;14.500
24/08/26;SANTANDER;PUT;Mar-27;14,50;12.7;28,37;-0,71;1;1
24/08/26;SANTANDER;PUT;Jun-27;3,00;12.7;54,84;;;15.000
24/08/26;SANTANDER;PUT;Jun-27;4,00;12.7;52,38;;;1
24/08/26;SANTANDER;PUT;Jun-27;5,50;12.7;48,68;-0,02;;42
24/08/26;SANTANDER;PUT;Jun-27;6,00;12.7;47,44;-0,02;;20.100
24/08/26;SANTANDER;PUT;Jun-27;7,00;12.7;44,98;-0,05;;5.155
24/08/26;SANTANDER;PUT;Jun-27;7,25;12.7;44,36;-0,06;;150
24/08/26;SANTANDER;PUT;Jun-27;7,50;12.7;43,74;-0,06;;813
24/08/26;SANTANDER;PUT;Jun-27;7,75;12.7;43,13;-0,07;;150
24/08/26;SANTANDER;PUT;Jun-27;8,00;12.7;42,51;-0,08;;6.000
24/08/26;SANTANDER;PUT;Jun-27;8,75;12.7;40,66;-0,12;;10
24/08/26;SANTANDER;PUT;Jun-27;9,00;12.7;40,04;-0,13;;16.005
24/08/26;SANTANDER;PUT;Jun-27;9,50;12.7;38,81;-0,16;;5
24/08/26;SANTANDER;PUT;Jun-27;10,00;12.7;37,58;-0,19;;10.005
24/08/26;SANTANDER;PUT;Jun-27;10,50;12.7;36,34;-0,23;;5.004
24/08/26;SANTANDER;PUT;Jun-27;11,50;12.7;33,88;-0,32;;5.260
24/08/26;SANTANDER;PUT;Jun-27;12,00;12.7;32,64;-0,37;;5.025
24/08/26;SANTANDER;PUT;Jun-27;12,50;12.7;31,41;-0,43;;366
24/08/26;SANTANDER;PUT;Jun-27;13,00;12.7;30,71;-0,48;;10
24/08/26;SANTANDER;PUT;Sep-27;8,00;12.7;40,98;-0,09;;315
24/08/26;SANTANDER;PUT;Sep-27;9,50;12.7;37,87;-0,17;;263
24/08/26;SANTANDER;PUT;Sep-27;9,75;12.7;37,35;-0,19;;25
24/08/26;SANTANDER;PUT;Sep-27;10,00;12.7;36,83;-0,20;;5
24/08/26;SANTANDER;PUT;Sep-27;12,00;12.7;32,69;-0,37;;1
24/08/26;SANTANDER;PUT;Sep-27;13,00;12.7;31,04;-0,47;;3
24/08/26;SANTANDER;PUT;Dic-27;3,30;12.7;49,05;;;10
24/08/26;SANTANDER;PUT;Dic-27;3,50;12.7;48,67;;;10.040
24/08/26;SANTANDER;PUT;Dic-27;3,90;12.7;47,90;-0,01;;10
24/08/26;SANTANDER;PUT;Dic-27;4,00;12.7;47,71;-0,01;;42
24/08/26;SANTANDER;PUT;Dic-27;4,20;12.7;47,33;-0,01;;7.000
24/08/26;SANTANDER;PUT;Dic-27;4,40;12.7;46,94;-0,01;;51.025
24/08/26;SANTANDER;PUT;Dic-27;4,70;12.7;46,37;-0,02;;10
24/08/26;SANTANDER;PUT;Dic-27;5,25;12.7;45,32;-0,02;;11.500
24/08/26;SANTANDER;PUT;Dic-27;5,50;12.7;44,84;-0,03;;1
24/08/26;SANTANDER;PUT;Dic-27;5,75;12.7;44,36;-0,03;;50.000
24/08/26;SANTANDER;PUT;Dic-27;6,00;12.7;43,88;-0,04;;5.150
24/08/26;SANTANDER;PUT;Dic-27;6,25;12.7;43,40;-0,05;;150
24/08/26;SANTANDER;PUT;Dic-27;6,50;12.7;42,92;-0,05;;151
24/08/26;SANTANDER;PUT;Dic-27;6,75;12.7;42,44;-0,06;;150
24/08/26;SANTANDER;PUT;Dic-27;7,00;12.7;41,96;-0,07;;10.500
24/08/26;SANTANDER;PUT;Dic-27;7,25;12.7;41,48;-0,08;;325
24/08/26;SANTANDER;PUT;Dic-27;7,50;12.7;41,01;-0,09;;300
24/08/26;SANTANDER;PUT;Dic-27;7,75;12.7;40,53;-0,10;;5.000
24/08/26;SANTANDER;PUT;Dic-27;8,00;12.7;40,05;-0,11;;75
24/08/26;SANTANDER;PUT;Dic-27;8,50;12.7;39,09;-0,13;;10.003
24/08/26;SANTANDER;PUT;Dic-27;8,75;12.7;38,61;-0,15;;23
24/08/26;SANTANDER;PUT;Dic-27;9,00;12.7;38,13;-0,16;;4.000
24/08/26;SANTANDER;PUT;Dic-27;9,75;12.7;36,70;-0,20;;25.000
24/08/26;SANTANDER;PUT;Dic-27;10,00;12.7;36,22;-0,22;;40.176
24/08/26;SANTANDER;PUT;Dic-27;10,50;12.7;35,26;-0,25;;4.745
24/08/26;SANTANDER;PUT;Dic-27;11,00;12.7;34,30;-0,29;;30.002
24/08/26;SANTANDER;PUT;Dic-27;11,50;12.7;33,34;-0,33;;25
24/08/26;SANTANDER;PUT;Dic-27;12,00;12.7;32,38;-0,37;;302
24/08/26;SANTANDER;PUT;Dic-27;12,50;12.7;31,43;-0,42;;25
24/08/26;SANTANDER;PUT;Mar-28;9,00;12.7;37,00;-0,16;;150
24/08/26;SANTANDER;PUT;Mar-28;9,25;12.7;36,56;-0,18;;150
24/08/26;SANTANDER;PUT;Mar-28;9,75;12.7;35,68;-0,21;;5
24/08/26;SANTANDER;PUT;Mar-28;10,00;12.7;35,24;-0,22;;150
24/08/26;SANTANDER;PUT;Mar-28;10,50;12.7;34,36;-0,26;;387
24/08/26;SANTANDER;PUT;Mar-28;11,00;12.7;33,48;-0,29;;20.175
24/08/26;SANTANDER;PUT;Mar-28;12,00;12.7;31,72;-0,37;;150
24/08/26;SANTANDER;PUT;Jun-28;5,00;12.7;42,63;-0,03;;10.000
24/08/26;SANTANDER;PUT;Jun-28;10,50;12.7;33,82;-0,26;;10.000
24/08/26;SANTANDER;PUT;Jun-28;11,00;12.7;33,02;-0,30;;381
24/08/26;SANTANDER;PUT;Jun-28;11,50;12.7;32,22;-0,33;;450
24/08/26;SANTANDER;PUT;Jun-28;12,00;12.7;31,42;-0,37;;602
24/08/26;SANTANDER;PUT;Dic-28;4,20;12.7;41,88;-0,02;;10.000
24/08/26;SANTANDER;PUT;Dic-28;6,00;12.7;39,33;-0,06;;12.500
24/08/26;SANTANDER;PUT;Dic-28;8,00;12.7;36,49;-0,14;;15.500
24/08/26;SANTANDER;PUT;Dic-28;8,50;12.7;35,78;-0,16;;3.000
24/08/26;SANTANDER;PUT;Dic-28;9,00;12.7;35,08;-0,19;;5.000
24/08/26;SANTANDER;PUT;Dic-28;10,00;12.7;33,66;-0,24;;12.000
24/08/26;SANTANDER;PUT;Dic-29;3,90;12.7;39,75;-0,02;;3.250
24/08/26;SANTANDER;PUT;Dic-29;5,50;12.7;37,86;-0,06;;25.000
24/08/26;SANTANDER;PUT;Dic-29;8,00;12.7;34,91;-0,16;;11.000
24/08/26;SANTANDER;PUT;Dic-29;10,50;12.7;31,96;-0,28;;100
24/08/26;SANTANDER;PUT;Dic-30;6,00;12.7;36,15;-0,09;;10.000
24/08/26;SANTANDER;PUT;Dic-30;12,50;12.7;29,32;-0,39;;58
24/08/26;SANTANDER;PUT;Dic-30;13,00;12.7;28,99;-0,41;;185
24/08/26;SANTANDER;CALL;Sep-26;9,00;12.7;39,11;1,00;;10
24/08/26;SANTANDER;CALL;Sep-26;10,50;12.7;33,44;0,99;;40
24/08/26;SANTANDER;CALL;Sep-26;11,00;12.7;31,55;0,96;;40
24/08/26;SANTANDER;CALL;Sep-26;11,00;12.7;31,55;0,96;;10
24/08/26;SANTANDER;CALL;Sep-26;11,50;12.7;29,66;0,91;;10
24/08/26;SANTANDER;CALL;Sep-26;11,50;12.7;29,66;0,91;;60
24/08/26;SANTANDER;CALL;Sep-26;12,00;12.7;27,77;0,80;;4.030
24/08/26;SANTANDER;CALL;Sep-26;12,00;12.7;27,77;0,80;;20
24/08/26;SANTANDER;CALL;Sep-26;12,50;12.7;25,88;0,61;;20
24/08/26;SANTANDER;CALL;Sep-26;12,50;12.7;25,88;0,61;;60
24/08/26;SANTANDER;CALL;Sep-26;12,75;12.7;25,09;0,50;;20
24/08/26;SANTANDER;CALL;Sep-26;13,00;12.7;24,92;0,38;;40
24/08/26;SANTANDER;CALL;Sep-26;13,00;12.7;24,92;0,38;;4.510
24/08/26;SANTANDER;CALL;Sep-26;13,50;12.7;24,60;0,19;;9.000
24/08/26;SANTANDER;CALL;Sep-26;13,50;12.7;24,60;0,19;5;50
24/08/26;SANTANDER;CALL;Oct-26;11,00;12.7;33,13;0,89;;40
24/08/26;SANTANDER;CALL;Oct-26;12,00;12.7;29,61;0,72;;32
24/08/26;SANTANDER;CALL;Oct-26;12,50;12.7;27,85;0,59;;10
24/08/26;SANTANDER;CALL;Oct-26;13,00;12.7;26,91;0,44;;20
24/08/26;SANTANDER;CALL;Oct-26;14,00;12.7;26,15;0,19;;38.947
24/08/26;SANTANDER;CALL;Dic-26;6,50;12.7;50,08;0,99;;36
24/08/26;SANTANDER;CALL;Dic-26;8,00;12.7;45,00;0,97;;2
24/08/26;SANTANDER;CALL;Dic-26;8,50;12.7;43,31;0,95;;2
24/08/26;SANTANDER;CALL;Dic-26;8,75;12.7;42,46;0,94;;25
24/08/26;SANTANDER;CALL;Dic-26;9,00;12.7;41,61;0,93;;10
24/08/26;SANTANDER;CALL;Dic-26;10,00;12.7;38,23;0,88;;10
24/08/26;SANTANDER;CALL;Dic-26;10,50;12.7;36,53;0,84;;12
24/08/26;SANTANDER;CALL;Dic-26;12,00;12.7;31,46;0,65;;20
24/08/26;SANTANDER;CALL;Dic-26;12,50;12.7;29,76;0,56;;2
24/08/26;SANTANDER;CALL;Dic-26;13,50;12.7;28,43;0,37;;2
24/08/26;SANTANDER;CALL;Dic-26;14,00;12.7;28,02;0,29;;365
24/08/26;SANTANDER;CALL;Mar-27;4,00;12.7;57,83;0,98;;30
24/08/26;SANTANDER;CALL;Mar-27;5,00;12.7;54,76;0,98;;20
24/08/26;SANTANDER;CALL;Mar-27;10,00;12.7;39,41;0,82;;1
24/08/26;SANTANDER;CALL;Sep-27;11,00;12.7;35,74;0,70;;1
24/08/26;SANTANDER;CALL;Dic-27;10,00;12.7;37,63;0,75;;1
24/08/26;SANTANDER;CALL;Dic-27;14,00;12.7;31,67;0,45;;4
24/08/26;SANTANDER;CALL;Dic-28;6,00;12.7;42,84;0,87;;51
24/08/26;SANTANDER;CALL;Dic-28;7,00;12.7;41,42;0,84;;2
24/08/26;SANTANDER;PUT;Sep-26;6,25;12.7;50,42;;;1.700
24/08/26;SANTANDER;PUT;Sep-26;7,50;12.7;45,70;;;900
24/08/26;SANTANDER;PUT;Sep-26;8,25;12.7;42,86;;;50
24/08/26;SANTANDER;PUT;Sep-26;9,50;12.7;38,14;;;10
24/08/26;SANTANDER;PUT;Sep-26;10,50;12.7;34,36;-0,02;;30.010
24/08/26;SANTANDER;PUT;Sep-26;11,00;12.7;32,47;-0,04;;1
24/08/26;SANTANDER;PUT;Sep-26;11,50;12.7;30,58;-0,10;;11
24/08/26;SANTANDER;PUT;Sep-26;11,50;12.7;30,58;-0,10;;20
24/08/26;SANTANDER;PUT;Sep-26;12,00;12.7;28,69;-0,21;;20
24/08/26;SANTANDER;PUT;Sep-26;12,00;12.7;28,69;-0,21;;96
24/08/26;SANTANDER;PUT;Sep-26;12,50;12.7;26,80;-0,39;;50
24/08/26;SANTANDER;PUT;Sep-26;12,50;12.7;26,80;-0,39;;200
24/08/26;SANTANDER;PUT;Sep-26;13,00;12.7;25,84;-0,61;;20
24/08/26;SANTANDER;PUT;Sep-26;13,00;12.7;25,84;-0,61;;100
24/08/26;SANTANDER;PUT;Sep-26;13,50;12.7;25,52;-0,80;;20
24/08/26;SANTANDER;PUT;Sep-26;14,00;12.7;25,19;-0,92;;21
24/08/26;SANTANDER;PUT;Oct-26;11,00;12.7;33,11;-0,11;;2
24/08/26;SANTANDER;PUT;Oct-26;11,50;12.7;31,35;-0,18;;1
24/08/26;SANTANDER;PUT;Oct-26;11,50;12.7;31,35;-0,18;;10
24/08/26;SANTANDER;PUT;Oct-26;12,50;12.7;27,83;-0,41;;12
24/08/26;SANTANDER;PUT;Oct-26;12,50;12.7;27,83;-0,41;10;20
24/08/26;SANTANDER;PUT;Oct-26;13,00;12.7;26,89;-0,55;;20
24/08/26;SANTANDER;PUT;Dic-26;6,75;12.7;48,20;-0,01;;2.800
24/08/26;SANTANDER;PUT;Dic-26;9,00;12.7;40,58;-0,05;;10
24/08/26;SANTANDER;PUT;Dic-26;9,75;12.7;38,04;-0,09;;26
24/08/26;SANTANDER;PUT;Dic-26;10,00;12.7;37,20;-0,11;;25
24/08/26;SANTANDER;PUT;Dic-26;10,50;12.7;35,50;-0,15;;1
24/08/26;SANTANDER;PUT;Dic-26;11,00;12.7;33,81;-0,20;;20
24/08/26;SANTANDER;PUT;Dic-26;11,00;12.7;33,81;-0,20;;10
24/08/26;SANTANDER;PUT;Dic-26;11,50;12.7;32,12;-0,27;;1
24/08/26;SANTANDER;PUT;Dic-26;12,00;12.7;30,43;-0,34;;26
24/08/26;SANTANDER;PUT;Dic-26;12,50;12.7;28,73;-0,43;;1
24/08/26;SANTANDER;PUT;Dic-26;13,00;12.7;27,81;-0,53;;1
24/08/26;SANTANDER;PUT;Mar-27;9,00;12.7;40,97;-0,10;;2
24/08/26;SANTANDER;PUT;Mar-27;12,50;12.7;30,22;-0,41;1;1
24/08/26;SANTANDER;PUT;Jun-27;11,50;12.7;33,88;-0,31;;1
24/08/26;SANTANDER;PUT;Dic-29;10,50;12.7;31,96;-0,25;;60
24/08/26;SOLARIA;CALL;Sep-26;18,00;16.99;45,28;0,34;;25
24/08/26;SOLARIA;CALL;Dic-26;18,00;16.99;45,30;0,47;;9
24/08/26;SOLARIA;CALL;Jun-27;16,50;16.99;44,26;0,63;;4
24/08/26;SOLARIA;PUT;Sep-26;16,00;16.99;47,25;-0,29;;5
24/08/26;SOLARIA;PUT;Sep-26;17,00;16.99;45,25;-0,48;2;2
24/08/26;SOLARIA;PUT;Oct-26;15,00;16.99;49,20;-0,22;;4.000
24/08/26;SOLARIA;PUT;Dic-26;14,50;16.99;49,93;-0,23;;3
24/08/26;SOLARIA;PUT;Dic-26;22,00;16.99;43,78;-0,83;;25
24/08/26;SOLARIA;PUT;Dic-26;23,00;16.99;43,46;-0,88;;20
24/08/26;SOLARIA;PUT;Dic-26;25,00;16.99;42,83;-0,95;;20
24/08/26;TECNICAS REUNIDAS;CALL;Sep-26;30,24;26.84;43,06;0,16;;10
24/08/26;TECNICAS REUNIDAS;CALL;Sep-26;31,15;26.84;42,79;0,10;;3
24/08/26;TECNICAS REUNIDAS;CALL;Sep-26;32,07;26.84;42,51;0,06;;5
24/08/26;TECNICAS REUNIDAS;CALL;Sep-26;32,99;26.84;42,24;0,04;;13
24/08/26;TECNICAS REUNIDAS;CALL;Sep-26;33,90;26.84;41,97;0,02;;6
24/08/26;TECNICAS REUNIDAS;CALL;Sep-26;34,82;26.84;41,69;0,01;;135
24/08/26;TECNICAS REUNIDAS;CALL;Sep-26;36,65;26.84;41,15;;;5
24/08/26;TECNICAS REUNIDAS;CALL;Oct-26;34,82;26.84;43,19;0,07;;2
24/08/26;TECNICAS REUNIDAS;CALL;Oct-26;36,65;26.84;42,65;0,03;;5
24/08/26;TECNICAS REUNIDAS;CALL;Dic-26;27,49;26.84;48,82;0,52;;10
24/08/26;TECNICAS REUNIDAS;CALL;Dic-26;41,23;26.84;45,57;0,05;;5
24/08/26;TECNICAS REUNIDAS;CALL;Mar-27;37,00;26.84;44,85;0,21;;1
24/08/26;TECNICAS REUNIDAS;CALL;Jun-27;29,00;26.84;45,69;0,50;;12
24/08/26;TECNICAS REUNIDAS;PUT;Sep-26;18,33;26.84;56,17;;;5
24/08/26;TECNICAS REUNIDAS;PUT;Sep-26;19,24;26.84;54,62;-0,01;;5
24/08/26;TECNICAS REUNIDAS;PUT;Sep-26;22,91;26.84;48,33;-0,09;;5
24/08/26;TECNICAS REUNIDAS;PUT;Sep-26;24,74;26.84;45,19;-0,23;1;1
24/08/26;TECNICAS REUNIDAS;PUT;Sep-26;25,66;26.84;43,61;-0,32;;5
24/08/26;TECNICAS REUNIDAS;PUT;Sep-26;27,49;26.84;41,40;-0,56;9;9
24/08/26;TECNICAS REUNIDAS;PUT;Oct-26;20,16;26.84;54,18;-0,07;;5
24/08/26;TECNICAS REUNIDAS;PUT;Dic-26;18,33;26.84;55,17;-0,09;;2
24/08/26;TECNICAS REUNIDAS;PUT;Dic-26;20,16;26.84;52,40;-0,15;;2
24/08/26;TECNICAS REUNIDAS;PUT;Dic-26;21,07;26.84;51,02;-0,18;;5
24/08/26;TECNICAS REUNIDAS;PUT;Dic-26;26,57;26.84;42,69;-0,47;;9
24/08/26;TECNICAS REUNIDAS;PUT;Dic-26;27,49;26.84;42,13;-0,53;;10
24/08/26;TECNICAS REUNIDAS;PUT;Mar-27;16,00;26.84;56,07;-0,08;;1
24/08/26;TECNICAS REUNIDAS;PUT;Mar-27;30,00;26.84;40,67;-0,61;;5
24/08/26;TECNICAS REUNIDAS;PUT;Jun-27;18,00;26.84;50,13;-0,14;;3
24/08/26;TECNICAS REUNIDAS;PUT;Jun-27;32,00;26.84;38,85;-0,65;;2
24/08/26;TECNICAS REUNIDAS;PUT;Dic-26;26,00;26.84;43,55;-0,43;;5
24/08/26;TECNICAS REUNIDAS;PUT;Dic-26;27,00;26.84;42,24;-0,49;;5
24/08/26;TELEFONICA;CALL;Sep-26;2,20;3.65;34,53;1,00;;2
24/08/26;TELEFONICA;CALL;Sep-26;3,50;3.65;22,89;0,77;2;14
24/08/26;TELEFONICA;CALL;Sep-26;3,60;3.65;22,00;0,61;;160
24/08/26;TELEFONICA;CALL;Sep-26;3,70;3.65;21,41;0,42;;136
24/08/26;TELEFONICA;CALL;Sep-26;3,80;3.65;21,10;0,25;;1.013
24/08/26;TELEFONICA;CALL;Sep-26;3,90;3.65;20,80;0,12;;25
24/08/26;TELEFONICA;CALL;Sep-26;4,00;3.65;20,50;0,05;;376
24/08/26;TELEFONICA;CALL;Sep-26;4,10;3.65;20,20;0,02;;10.005
24/08/26;TELEFONICA;CALL;Sep-26;4,20;3.65;19,90;;;594
24/08/26;TELEFONICA;CALL;Sep-26;4,30;3.65;19,60;;;250
24/08/26;TELEFONICA;CALL;Sep-26;4,40;3.65;19,30;;;1.100
24/08/26;TELEFONICA;CALL;Sep-26;4,60;3.65;18,69;;;6
24/08/26;TELEFONICA;CALL;Oct-26;3,70;3.65;20,80;0,46;21;22
24/08/26;TELEFONICA;CALL;Oct-26;3,90;3.65;20,22;0,22;;2
24/08/26;TELEFONICA;CALL;Nov-26;3,80;3.65;20,66;0,39;1;1
24/08/26;TELEFONICA;CALL;Dic-26;2,90;3.65;26,90;0,95;;1
24/08/26;TELEFONICA;CALL;Dic-26;3,00;3.65;26,15;0,93;;10
24/08/26;TELEFONICA;CALL;Dic-26;3,30;3.65;23,90;0,81;;10
24/08/26;TELEFONICA;CALL;Dic-26;3,40;3.65;23,16;0,75;;65
24/08/26;TELEFONICA;CALL;Dic-26;3,50;3.65;22,41;0,67;;197
24/08/26;TELEFONICA;CALL;Dic-26;3,60;3.65;21,66;0,59;;86.509
24/08/26;TELEFONICA;CALL;Dic-26;3,70;3.65;21,14;0,50;;1.973
24/08/26;TELEFONICA;CALL;Dic-26;3,80;3.65;20,85;0,41;1;322
24/08/26;TELEFONICA;CALL;Dic-26;3,90;3.65;20,56;0,33;;658
24/08/26;TELEFONICA;CALL;Dic-26;4,00;3.65;20,26;0,25;;120.735
24/08/26;TELEFONICA;CALL;Dic-26;4,10;3.65;19,97;0,18;;560
24/08/26;TELEFONICA;CALL;Dic-26;4,20;3.65;19,68;0,13;;1.214
24/08/26;TELEFONICA;CALL;Dic-26;4,30;3.65;19,39;0,08;;511
24/08/26;TELEFONICA;CALL;Dic-26;4,40;3.65;19,09;0,05;;14
24/08/26;TELEFONICA;CALL;Dic-26;4,50;3.65;18,80;0,03;;43.670
24/08/26;TELEFONICA;CALL;Dic-26;4,60;3.65;18,51;0,02;;35.000
24/08/26;TELEFONICA;CALL;Dic-26;4,70;3.65;18,22;0,01;;20.010
24/08/26;TELEFONICA;CALL;Dic-26;4,90;3.65;17,63;;;8.004
24/08/26;TELEFONICA;CALL;Dic-26;5,00;3.65;17,34;;;771
24/08/26;TELEFONICA;CALL;Dic-26;5,25;3.65;16,61;;;8
24/08/26;TELEFONICA;CALL;Dic-26;5,50;3.65;15,88;;;2
24/08/26;TELEFONICA;CALL;Mar-27;2,20;3.65;29,71;0,99;;1
24/08/26;TELEFONICA;CALL;Mar-27;3,10;3.65;24,78;0,85;;30
24/08/26;TELEFONICA;CALL;Mar-27;3,20;3.65;24,23;0,81;;10
24/08/26;TELEFONICA;CALL;Mar-27;3,40;3.65;23,13;0,72;;1
24/08/26;TELEFONICA;CALL;Mar-27;3,50;3.65;22,59;0,66;;2
24/08/26;TELEFONICA;CALL;Mar-27;3,60;3.65;22,04;0,60;;52
24/08/26;TELEFONICA;CALL;Mar-27;3,70;3.65;21,62;0,53;10;323
24/08/26;TELEFONICA;CALL;Mar-27;3,80;3.65;21,33;0,47;;3
24/08/26;TELEFONICA;CALL;Mar-27;3,90;3.65;21,04;0,40;;5
24/08/26;TELEFONICA;CALL;Mar-27;4,00;3.65;20,74;0,34;;140
24/08/26;TELEFONICA;CALL;Mar-27;4,20;3.65;20,16;0,23;;70
24/08/26;TELEFONICA;CALL;Mar-27;4,30;3.65;19,87;0,18;;4
24/08/26;TELEFONICA;CALL;Mar-27;4,40;3.65;19,57;0,14;;5.000
24/08/26;TELEFONICA;CALL;Mar-27;4,60;3.65;18,99;0,07;;20.000
24/08/26;TELEFONICA;CALL;Mar-27;4,80;3.65;18,41;0,03;;25
24/08/26;TELEFONICA;CALL;Jun-27;2,00;3.65;29,68;1,00;;10
24/08/26;TELEFONICA;CALL;Jun-27;3,00;3.65;25,48;0,87;;5
24/08/26;TELEFONICA;CALL;Jun-27;3,50;3.65;23,38;0,66;;1
24/08/26;TELEFONICA;CALL;Jun-27;3,60;3.65;22,96;0,61;;100
24/08/26;TELEFONICA;CALL;Jun-27;3,80;3.65;22,36;0,50;;26
24/08/26;TELEFONICA;CALL;Jun-27;3,90;3.65;22,11;0,44;;14
24/08/26;TELEFONICA;CALL;Jun-27;4,00;3.65;21,85;0,39;;58
24/08/26;TELEFONICA;CALL;Jun-27;4,10;3.65;21,60;0,34;;4.028
24/08/26;TELEFONICA;CALL;Jun-27;4,20;3.65;21,34;0,29;;24.007
24/08/26;TELEFONICA;CALL;Jun-27;4,30;3.65;21,08;0,25;;100
24/08/26;TELEFONICA;CALL;Jun-27;4,40;3.65;20,83;0,20;;456
24/08/26;TELEFONICA;CALL;Jun-27;4,50;3.65;20,57;0,17;;6.700
24/08/26;TELEFONICA;CALL;Jun-27;4,70;3.65;20,06;0,11;;10
24/08/26;TELEFONICA;CALL;Jun-27;4,80;3.65;19,81;0,08;;150
24/08/26;TELEFONICA;CALL;Jun-27;4,90;3.65;19,55;0,06;;150
24/08/26;TELEFONICA;CALL;Jun-27;5,00;3.65;19,29;0,05;;150
24/08/26;TELEFONICA;CALL;Jun-27;5,50;3.65;18,02;0,01;;5
24/08/26;TELEFONICA;CALL;Jun-27;5,75;3.65;17,38;;;20
24/08/26;TELEFONICA;CALL;Sep-27;3,70;3.65;23,27;0,55;;31
24/08/26;TELEFONICA;CALL;Sep-27;3,80;3.65;23,01;0,50;;4
24/08/26;TELEFONICA;CALL;Sep-27;3,90;3.65;22,76;0,45;;150
24/08/26;TELEFONICA;CALL;Sep-27;4,60;3.65;20,97;0,16;;2
24/08/26;TELEFONICA;CALL;Sep-27;5,50;3.65;18,67;0,02;;22
24/08/26;TELEFONICA;CALL;Dic-27;2,30;3.65;28,51;0,97;;10
24/08/26;TELEFONICA;CALL;Dic-27;2,40;3.65;28,21;0,96;;10
24/08/26;TELEFONICA;CALL;Dic-27;2,50;3.65;27,90;0,95;;10
24/08/26;TELEFONICA;CALL;Dic-27;2,60;3.65;27,60;0,93;;10
24/08/26;TELEFONICA;CALL;Dic-27;2,70;3.65;27,30;0,91;;25
24/08/26;TELEFONICA;CALL;Dic-27;2,80;3.65;27,00;0,89;;15
24/08/26;TELEFONICA;CALL;Dic-27;2,90;3.65;26,70;0,86;;15
24/08/26;TELEFONICA;CALL;Dic-27;3,10;3.65;26,09;0,80;;8
24/08/26;TELEFONICA;CALL;Dic-27;3,20;3.65;25,79;0,76;;750
24/08/26;TELEFONICA;CALL;Dic-27;3,50;3.65;24,89;0,64;;140
24/08/26;TELEFONICA;CALL;Dic-27;3,60;3.65;24,59;0,60;;22
24/08/26;TELEFONICA;CALL;Dic-27;3,70;3.65;24,33;0,55;;11
24/08/26;TELEFONICA;CALL;Dic-27;3,80;3.65;24,11;0,51;;9.010
24/08/26;TELEFONICA;CALL;Dic-27;3,90;3.65;23,89;0,47;;1
24/08/26;TELEFONICA;CALL;Dic-27;4,00;3.65;23,67;0,43;;870
24/08/26;TELEFONICA;CALL;Dic-27;4,10;3.65;23,45;0,39;;102
24/08/26;TELEFONICA;CALL;Dic-27;4,20;3.65;23,23;0,35;;3
24/08/26;TELEFONICA;CALL;Dic-27;4,30;3.65;23,01;0,31;;36
24/08/26;TELEFONICA;CALL;Dic-27;4,40;3.65;22,79;0,28;;79
24/08/26;TELEFONICA;CALL;Dic-27;4,50;3.65;22,57;0,25;;139
24/08/26;TELEFONICA;CALL;Dic-27;4,60;3.65;22,36;0,21;;4.001
24/08/26;TELEFONICA;CALL;Dic-27;4,70;3.65;22,14;0,19;;30.150
24/08/26;TELEFONICA;CALL;Dic-27;5,00;3.65;21,48;0,12;;486
24/08/26;TELEFONICA;CALL;Dic-27;5,25;3.65;20,93;0,08;;167
24/08/26;TELEFONICA;CALL;Dic-27;5,50;3.65;20,38;0,05;;25
24/08/26;TELEFONICA;CALL;Dic-27;6,00;3.65;19,29;0,01;;21.105
24/08/26;TELEFONICA;CALL;Mar-28;2,10;3.65;29,25;0,98;;10
24/08/26;TELEFONICA;CALL;Mar-28;2,20;3.65;28,99;0,98;;10
24/08/26;TELEFONICA;CALL;Mar-28;2,30;3.65;28,72;0,96;;10
24/08/26;TELEFONICA;CALL;Mar-28;2,40;3.65;28,46;0,95;;10
24/08/26;TELEFONICA;CALL;Mar-28;2,50;3.65;28,19;0,93;;10
24/08/26;TELEFONICA;CALL;Mar-28;2,60;3.65;27,93;0,92;;10
24/08/26;TELEFONICA;CALL;Mar-28;2,70;3.65;27,66;0,89;;50
24/08/26;TELEFONICA;CALL;Mar-28;2,80;3.65;27,40;0,87;;15
24/08/26;TELEFONICA;CALL;Mar-28;2,90;3.65;27,13;0,84;;15
24/08/26;TELEFONICA;CALL;Mar-28;3,00;3.65;26,87;0,81;;20
24/08/26;TELEFONICA;CALL;Mar-28;3,10;3.65;26,60;0,77;;20
24/08/26;TELEFONICA;CALL;Mar-28;3,20;3.65;26,34;0,74;;27
24/08/26;TELEFONICA;CALL;Mar-28;3,30;3.65;26,07;0,70;;25
24/08/26;TELEFONICA;CALL;Mar-28;3,40;3.65;25,81;0,67;;521
24/08/26;TELEFONICA;CALL;Mar-28;3,50;3.65;25,54;0,63;;27
24/08/26;TELEFONICA;CALL;Mar-28;3,60;3.65;25,28;0,59;;26
24/08/26;TELEFONICA;CALL;Mar-28;3,70;3.65;25,05;0,56;;25
24/08/26;TELEFONICA;CALL;Mar-28;4,00;3.65;24,48;0,45;;10
24/08/26;TELEFONICA;CALL;Mar-28;4,10;3.65;24,28;0,41;;1
24/08/26;TELEFONICA;CALL;Mar-28;4,50;3.65;23,52;0,29;;100
24/08/26;TELEFONICA;CALL;Mar-28;4,60;3.65;23,33;0,26;;1
24/08/26;TELEFONICA;CALL;Jun-28;4,00;3.65;24,81;0,46;;100
24/08/26;TELEFONICA;CALL;Jun-28;4,50;3.65;23,94;0,31;;2
24/08/26;TELEFONICA;CALL;Jun-28;4,60;3.65;23,77;0,28;;150
24/08/26;TELEFONICA;CALL;Jun-28;4,70;3.65;23,60;0,26;;175
24/08/26;TELEFONICA;CALL;Jun-28;5,00;3.65;23,08;0,19;;4
24/08/26;TELEFONICA;CALL;Sep-28;3,50;3.65;25,92;0,63;;30
24/08/26;TELEFONICA;CALL;Sep-28;4,00;3.65;25,07;0,47;;1
24/08/26;TELEFONICA;CALL;Dic-28;3,80;3.65;25,79;0,54;;3
24/08/26;TELEFONICA;CALL;Dic-28;4,00;3.65;25,50;0,48;;18
24/08/26;TELEFONICA;CALL;Dic-28;4,50;3.65;24,77;0,35;;55
24/08/26;TELEFONICA;CALL;Dic-28;4,80;3.65;24,33;0,28;;10
24/08/26;TELEFONICA;CALL;Dic-28;5,00;3.65;24,04;0,23;;65
24/08/26;TELEFONICA;CALL;Dic-28;5,25;3.65;23,67;0,19;;50
24/08/26;TELEFONICA;CALL;Dic-29;3,40;3.65;27,39;0,66;;10
24/08/26;TELEFONICA;CALL;Dic-29;4,30;3.65;26,36;0,44;;1
24/08/26;TELEFONICA;CALL;Dic-29;4,50;3.65;26,14;0,40;;27
24/08/26;TELEFONICA;CALL;Dic-29;5,00;3.65;25,59;0,31;;543
24/08/26;TELEFONICA;CALL;Jun-30;5,75;3.65;25,27;0,22;;250
24/08/26;TELEFONICA;CALL;Dic-30;4,50;3.65;26,83;0,44;;3
24/08/26;TELEFONICA;CALL;Jun-31;4,40;3.65;27,11;0,46;;50
24/08/26;TELEFONICA;PUT;Sep-26;2,60;3.65;31,28;;;4
24/08/26;TELEFONICA;PUT;Sep-26;2,70;3.65;30,39;;;5
24/08/26;TELEFONICA;PUT;Sep-26;2,90;3.65;28,60;;;28
24/08/26;TELEFONICA;PUT;Sep-26;3,00;3.65;27,70;;;2
24/08/26;TELEFONICA;PUT;Sep-26;3,10;3.65;26,80;-0,01;;20
24/08/26;TELEFONICA;PUT;Sep-26;3,20;3.65;25,91;-0,02;;23
24/08/26;TELEFONICA;PUT;Sep-26;3,30;3.65;25,01;-0,06;30;142
24/08/26;TELEFONICA;PUT;Sep-26;3,40;3.65;24,12;-0,12;;84
24/08/26;TELEFONICA;PUT;Sep-26;3,50;3.65;23,22;-0,23;;196
24/08/26;TELEFONICA;PUT;Sep-26;3,60;3.65;22,33;-0,39;;231
24/08/26;TELEFONICA;PUT;Sep-26;3,70;3.65;21,74;-0,58;;10.000
24/08/26;TELEFONICA;PUT;Sep-26;3,80;3.65;21,43;-0,75;5;222
24/08/26;TELEFONICA;PUT;Sep-26;3,90;3.65;21,13;-0,88;;305
24/08/26;TELEFONICA;PUT;Sep-26;4,00;3.65;20,83;-0,96;;10
24/08/26;TELEFONICA;PUT;Sep-26;4,10;3.65;20,53;-1,00;;15
24/08/26;TELEFONICA;PUT;Sep-26;4,20;3.65;20,23;-1,00;;7
24/08/26;TELEFONICA;PUT;Sep-26;4,30;3.65;19,93;-1,00;;6
24/08/26;TELEFONICA;PUT;Oct-26;3,50;3.65;22,76;-0,29;;27
24/08/26;TELEFONICA;PUT;Oct-26;3,60;3.65;21,94;-0,41;;20
24/08/26;TELEFONICA;PUT;Oct-26;4,00;3.65;20,51;-0,88;;25
24/08/26;TELEFONICA;PUT;Dic-26;2,50;3.65;30,39;-0,01;;8
24/08/26;TELEFONICA;PUT;Dic-26;2,80;3.65;28,14;-0,04;;100
24/08/26;TELEFONICA;PUT;Dic-26;2,90;3.65;27,39;-0,05;;50
24/08/26;TELEFONICA;PUT;Dic-26;3,00;3.65;26,64;-0,08;;13
24/08/26;TELEFONICA;PUT;Dic-26;3,10;3.65;25,89;-0,11;;212
24/08/26;TELEFONICA;PUT;Dic-26;3,20;3.65;25,14;-0,15;;177
24/08/26;TELEFONICA;PUT;Dic-26;3,30;3.65;24,39;-0,20;;46
24/08/26;TELEFONICA;PUT;Dic-26;3,40;3.65;23,65;-0,26;;65.233
24/08/26;TELEFONICA;PUT;Dic-26;3,50;3.65;22,90;-0,33;;20.224
24/08/26;TELEFONICA;PUT;Dic-26;3,60;3.65;22,15;-0,42;;95.172
24/08/26;TELEFONICA;PUT;Dic-26;3,70;3.65;21,63;-0,50;;320
24/08/26;TELEFONICA;PUT;Dic-26;3,80;3.65;21,34;-0,60;;348
24/08/26;TELEFONICA;PUT;Dic-26;3,90;3.65;21,05;-0,69;;2.732
24/08/26;TELEFONICA;PUT;Dic-26;4,00;3.65;20,75;-0,77;;107.538
24/08/26;TELEFONICA;PUT;Dic-26;4,10;3.65;20,46;-0,84;;1
24/08/26;TELEFONICA;PUT;Dic-26;4,20;3.65;20,17;-0,90;;13
24/08/26;TELEFONICA;PUT;Dic-26;4,30;3.65;19,88;-0,96;;83
24/08/26;TELEFONICA;PUT;Dic-26;4,50;3.65;19,29;-1,00;;37.510
24/08/26;TELEFONICA;PUT;Dic-26;4,60;3.65;19,00;-1,00;;15.000
24/08/26;TELEFONICA;PUT;Mar-27;3,10;3.65;24,86;-0,15;;8
24/08/26;TELEFONICA;PUT;Mar-27;3,20;3.65;24,31;-0,19;;33
24/08/26;TELEFONICA;PUT;Mar-27;3,30;3.65;23,76;-0,24;;1
24/08/26;TELEFONICA;PUT;Mar-27;3,40;3.65;23,21;-0,29;;1
24/08/26;TELEFONICA;PUT;Mar-27;3,50;3.65;22,67;-0,35;;53
24/08/26;TELEFONICA;PUT;Mar-27;3,60;3.65;22,12;-0,41;;60
24/08/26;TELEFONICA;PUT;Mar-27;3,70;3.65;21,70;-0,48;;19
24/08/26;TELEFONICA;PUT;Mar-27;3,80;3.65;21,41;-0,55;;220
24/08/26;TELEFONICA;PUT;Mar-27;3,90;3.65;21,12;-0,62;;719
24/08/26;TELEFONICA;PUT;Mar-27;4,00;3.65;20,82;-0,69;;674
24/08/26;TELEFONICA;PUT;Mar-27;4,10;3.65;20,53;-0,76;;29
24/08/26;TELEFONICA;PUT;Mar-27;4,20;3.65;20,24;-0,82;;600
24/08/26;TELEFONICA;PUT;Mar-27;4,40;3.65;19,65;-0,93;;5.000
24/08/26;TELEFONICA;PUT;Mar-27;4,50;3.65;19,36;-0,98;;5
24/08/26;TELEFONICA;PUT;Mar-27;4,60;3.65;19,07;-1,00;;20.000
24/08/26;TELEFONICA;PUT;Jun-27;3,10;3.65;22,61;-0,21;;2
24/08/26;TELEFONICA;PUT;Jun-27;3,20;3.65;22,19;-0,26;;15
24/08/26;TELEFONICA;PUT;Jun-27;3,30;3.65;21,77;-0,31;;25
24/08/26;TELEFONICA;PUT;Jun-27;3,40;3.65;21,35;-0,36;;41
24/08/26;TELEFONICA;PUT;Jun-27;3,50;3.65;20,93;-0,42;;52
24/08/26;TELEFONICA;PUT;Jun-27;3,60;3.65;20,51;-0,48;;25.100
24/08/26;TELEFONICA;PUT;Jun-27;3,70;3.65;20,17;-0,54;;22
24/08/26;TELEFONICA;PUT;Jun-27;3,80;3.65;19,91;-0,60;;4.566
24/08/26;TELEFONICA;PUT;Jun-27;3,90;3.65;19,66;-0,65;;19
24/08/26;TELEFONICA;PUT;Jun-27;4,00;3.65;19,40;-0,71;;10
24/08/26;TELEFONICA;PUT;Jun-27;4,10;3.65;19,15;-0,76;;20
24/08/26;TELEFONICA;PUT;Jun-27;4,20;3.65;18,89;-0,80;;20
24/08/26;TELEFONICA;PUT;Jun-27;4,30;3.65;18,63;-0,84;;20
24/08/26;TELEFONICA;PUT;Jun-27;4,40;3.65;18,38;-0,88;;5
24/08/26;TELEFONICA;PUT;Jun-27;4,60;3.65;17,87;-0,93;;4
24/08/26;TELEFONICA;PUT;Jun-27;5,00;3.65;16,84;-0,98;;96
24/08/26;TELEFONICA;PUT;Jun-27;5,50;3.65;15,57;-1,00;;240
24/08/26;TELEFONICA;PUT;Sep-27;2,50;3.65;23,17;-0,05;;20
24/08/26;TELEFONICA;PUT;Sep-27;2,90;3.65;21,78;-0,14;;30
24/08/26;TELEFONICA;PUT;Sep-27;3,10;3.65;21,09;-0,22;;1
24/08/26;TELEFONICA;PUT;Sep-27;3,80;3.65;18,79;-0,59;;1
24/08/26;TELEFONICA;PUT;Sep-27;4,00;3.65;18,28;-0,69;;4
24/08/26;TELEFONICA;PUT;Sep-27;4,10;3.65;18,03;-0,75;;1
24/08/26;TELEFONICA;PUT;Sep-27;4,20;3.65;17,77;-0,79;;2
24/08/26;TELEFONICA;PUT;Sep-27;5,00;3.65;15,72;-0,98;;1
24/08/26;TELEFONICA;PUT;Sep-27;5,75;3.65;13,81;-1,00;;25
24/08/26;TELEFONICA;PUT;Dic-27;2,20;3.65;25,13;-0,03;;6.000
24/08/26;TELEFONICA;PUT;Dic-27;3,00;3.65;22,72;-0,20;;7.500
24/08/26;TELEFONICA;PUT;Dic-27;3,20;3.65;22,11;-0,28;;1
24/08/26;TELEFONICA;PUT;Dic-27;3,30;3.65;21,81;-0,32;;5
24/08/26;TELEFONICA;PUT;Dic-27;3,40;3.65;21,51;-0,36;;10
24/08/26;TELEFONICA;PUT;Dic-27;3,50;3.65;21,21;-0,41;;10
24/08/26;TELEFONICA;PUT;Dic-27;3,60;3.65;20,91;-0,46;;30.000
24/08/26;TELEFONICA;PUT;Dic-27;3,70;3.65;20,65;-0,51;;5
24/08/26;TELEFONICA;PUT;Dic-27;3,80;3.65;20,43;-0,56;;9.003
24/08/26;TELEFONICA;PUT;Dic-27;4,00;3.65;19,99;-0,65;;20.003
24/08/26;TELEFONICA;PUT;Dic-27;4,10;3.65;19,77;-0,69;;3
24/08/26;TELEFONICA;PUT;Dic-27;4,20;3.65;19,55;-0,74;;1
24/08/26;TELEFONICA;PUT;Dic-27;4,30;3.65;19,33;-0,78;;4
24/08/26;TELEFONICA;PUT;Dic-27;4,40;3.65;19,11;-0,81;;3
24/08/26;TELEFONICA;PUT;Dic-27;4,50;3.65;18,89;-0,85;;3
24/08/26;TELEFONICA;PUT;Dic-27;4,60;3.65;18,68;-0,87;;250
24/08/26;TELEFONICA;PUT;Dic-27;4,70;3.65;18,46;-0,90;;30.000
24/08/26;TELEFONICA;PUT;Dic-27;5,00;3.65;17,80;-0,95;;5
24/08/26;TELEFONICA;PUT;Dic-27;5,50;3.65;16,70;-0,99;;5
24/08/26;TELEFONICA;PUT;Mar-28;3,30;3.65;22,39;-0,32;;6
24/08/26;TELEFONICA;PUT;Mar-28;3,90;3.65;20,99;-0,58;;40
24/08/26;TELEFONICA;PUT;Mar-28;4,00;3.65;20,80;-0,62;;25
24/08/26;TELEFONICA;PUT;Mar-28;4,30;3.65;20,22;-0,74;;2
24/08/26;TELEFONICA;PUT;Mar-28;4,50;3.65;19,84;-0,81;;1
24/08/26;TELEFONICA;PUT;Mar-28;4,60;3.65;19,65;-0,84;;1
24/08/26;TELEFONICA;PUT;Mar-28;4,90;3.65;19,07;-0,91;;2
24/08/26;TELEFONICA;PUT;Mar-28;5,25;3.65;18,40;-0,96;;4
24/08/26;TELEFONICA;PUT;Mar-28;5,50;3.65;17,92;-0,98;;17
24/08/26;TELEFONICA;PUT;Jun-28;3,60;3.65;21,85;-0,47;;3
24/08/26;TELEFONICA;PUT;Jun-28;4,10;3.65;20,96;-0,65;;25
24/08/26;TELEFONICA;PUT;Sep-28;4,00;3.65;21,38;-0,60;;25
24/08/26;TELEFONICA;PUT;Sep-28;4,20;3.65;21,07;-0,67;;25
24/08/26;TELEFONICA;PUT;Dic-28;3,00;3.65;23,33;-0,26;;20.000
24/08/26;TELEFONICA;PUT;Dic-28;3,50;3.65;22,41;-0,42;;5
24/08/26;TELEFONICA;PUT;Dic-28;4,80;3.65;20,46;-0,81;;50
24/08/26;TELEFONICA;PUT;Dic-29;3,50;3.65;22,92;-0,42;;150
24/08/26;TELEFONICA;CALL;Sep-26;3,50;3.65;22,89;0,77;;1
24/08/26;TELEFONICA;CALL;Sep-26;3,60;3.65;22,00;0,61;;2
24/08/26;TELEFONICA;CALL;Sep-26;3,90;3.65;20,80;0,12;;85
24/08/26;TELEFONICA;CALL;Sep-26;4,00;3.65;20,50;0,05;;32
24/08/26;TELEFONICA;CALL;Dic-26;3,70;3.65;21,14;0,50;;4
24/08/26;TELEFONICA;CALL;Dic-26;4,30;3.65;19,39;0,09;;27
24/08/26;TELEFONICA;CALL;Dic-26;5,25;3.65;16,61;;;190
24/08/26;TELEFONICA;CALL;Mar-27;3,80;3.65;21,33;0,46;;40
24/08/26;TELEFONICA;CALL;Sep-27;3,70;3.65;23,27;0,49;;10
24/08/26;TELEFONICA;PUT;Sep-26;3,30;3.65;25,01;-0,06;;5
24/08/26;TELEFONICA;PUT;Sep-26;3,50;3.65;23,22;-0,23;;11
24/08/26;TELEFONICA;PUT;Sep-26;3,60;3.65;22,33;-0,39;;25
24/08/26;TELEFONICA;PUT;Sep-26;3,70;3.65;21,74;-0,57;;25
24/08/26;TELEFONICA;PUT;Sep-26;3,80;3.65;21,43;-0,75;;10
24/08/26;TELEFONICA;PUT;Sep-26;4,00;3.65;20,83;-0,95;;700
24/08/26;TELEFONICA;PUT;Sep-26;4,30;3.65;19,93;-1,00;;100
24/08/26;TELEFONICA;PUT;Sep-26;4,50;3.65;19,32;-1,00;;112
24/08/26;TELEFONICA;PUT;Sep-26;4,70;3.65;18,72;-1,00;;5
24/08/26;TELEFONICA;PUT;Sep-26;5,25;3.65;17,06;-1,00;;15
24/08/26;TELEFONICA;PUT;Dic-26;3,40;3.65;23,65;-0,26;;4
24/08/26;TELEFONICA;PUT;Dic-26;3,90;3.65;21,05;-0,66;;10
24/08/26;TELEFONICA;PUT;Dic-26;4,20;3.65;20,17;-0,86;;50
24/08/26;TELEFONICA;PUT;Dic-26;7,50;3.65;11,22;-0,99;;5
24/08/26;TELEFONICA;PUT;Dic-26;9,50;3.65;11,22;-0,99;;50
24/08/26;TELEFONICA;PUT;Dic-26;11,00;3.65;11,22;-0,99;;52
24/08/26;TELEFONICA;PUT;Dic-26;12,00;3.65;11,22;-0,99;;361
24/08/26;TELEFONICA;PUT;Dic-26;16,50;3.65;11,22;-0,99;;14
24/08/26;TELEFONICA;PUT;Mar-27;3,20;3.65;24,31;-0,19;;800
24/08/26;TELEFONICA;PUT;Mar-27;3,40;3.65;23,21;-0,28;;1.000
24/08/26;TELEFONICA;PUT;Mar-27;3,60;3.65;22,12;-0,40;;1.200
24/08/26;TELEFONICA;PUT;Mar-27;3,80;3.65;21,41;-0,52;;40
24/08/26;TELEFONICA;PUT;Mar-27;7,75;3.65;11,29;-0,99;;750
24/08/26;TELEFONICA;PUT;Jun-27;4,90;3.65;17,10;-0,95;;5
24/08/26;TELEFONICA;PUT;Jun-27;5,50;3.65;15,57;-0,98;;585
24/08/26;UNICAJA;CALL;Sep-26;2,80;3.6;27,34;1,00;;7
24/08/26;UNICAJA;CALL;Sep-26;3,50;3.6;27,01;0,67;;160
24/08/26;UNICAJA;CALL;Dic-26;3,40;3.6;27,79;0,66;;68
24/08/26;UNICAJA;CALL;Dic-26;3,50;3.6;27,74;0,58;;80
24/08/26;UNICAJA;PUT;Sep-26;2,70;3.6;21,20;;;200
24/08/26;UNICAJA;PUT;Sep-26;3,00;3.6;21,06;;;25
24/08/26;UNICAJA;PUT;Sep-26;3,20;3.6;20,96;-0,01;;25
24/08/26;UNICAJA;PUT;Sep-26;3,40;3.6;20,87;-0,14;;25
24/08/26;UNICAJA;PUT;Sep-26;3,50;3.6;20,82;-0,29;;25
24/08/26;UNICAJA;PUT;Dic-26;2,30;3.6;22,24;;;5
24/08/26;UNICAJA;PUT;Dic-26;2,50;3.6;22,15;;;4
24/08/26;UNICAJA;PUT;Dic-26;4,00;3.6;21,27;-0,86;;30
24/08/26;VIDRALA;CALL;Sep-26;80,00;90.9;18,49;1,00;;1
24/08/26;VIDRALA;CALL;Dic-26;80,00;90.9;19,98;0,90;;1
24/08/26;VIDRALA;CALL;Dic-26;88,00;90.9;18,72;0,67;;4
24/08/26;VIDRALA;CALL;Dic-26;90,00;90.9;18,40;0,59;;1
24/08/26;VIDRALA;CALL;Mar-27;84,00;90.9;19,07;0,77;;1
24/08/26;VIDRALA;CALL;Mar-27;90,00;90.9;18,48;0,59;;15
24/08/26;VIDRALA;PUT;Sep-26;66,67;90.9;20,57;;;2
24/08/26;VIDRALA;PUT;Sep-26;74,29;90.9;19,28;;;1
24/08/26;VIDRALA;PUT;Sep-26;81,90;90.9;18,00;-0,01;;11
24/08/26;VIDRALA;PUT;Dic-26;60,00;90.9;22,54;;;1
24/08/26;VIDRALA;PUT;Dic-26;72,00;90.9;20,65;-0,02;;1
24/08/26;VIDRALA;PUT;Dic-26;74,00;90.9;20,33;-0,03;;3
24/08/26;VIDRALA;PUT;Dic-26;80,00;90.9;19,39;-0,10;;2
24/08/26;VIDRALA;PUT;Mar-27;58,00;90.9;20,24;;;1
24/08/26;VIDRALA;PUT;Mar-27;72,00;90.9;18,85;-0,04;;3
24/08/26;VIDRALA;PUT;Mar-27;76,00;90.9;18,46;-0,09;;10
24/08/26;VISCOFAN;CALL;Sep-26;45,20;57.5;21,20;1,00;;1
24/08/26;VISCOFAN;CALL;Sep-26;49,13;57.5;19,10;1,00;;1
24/08/26;VISCOFAN;CALL;Sep-26;53,06;57.5;17,01;0,97;;2
24/08/26;VISCOFAN;CALL;Sep-26;55,02;57.5;15,96;0,87;;5
24/08/26;VISCOFAN;CALL;Sep-26;56,99;57.5;14,91;0,61;;5
24/08/26;VISCOFAN;CALL;Sep-26;58,95;57.5;13,84;0,27;4;45
24/08/26;VISCOFAN;CALL;Sep-26;60,92;57.5;12,76;0,05;;12
24/08/26;VISCOFAN;CALL;Sep-26;64,85;57.5;10,59;;;1
24/08/26;VISCOFAN;CALL;Oct-26;60,92;57.5;14,92;0,18;5;5
24/08/26;VISCOFAN;CALL;Dic-26;62,89;57.5;15,24;0,18;;1
24/08/26;VISCOFAN;CALL;Dic-26;64,85;57.5;15,08;0,10;;1
24/08/26;VISCOFAN;CALL;Mar-27;55,02;57.5;18,87;0,68;;1
24/08/26;VISCOFAN;CALL;Mar-27;56,99;57.5;17,91;0,57;;1
24/08/26;VISCOFAN;CALL;Mar-27;58,95;57.5;17,63;0,45;;4
24/08/26;VISCOFAN;CALL;Mar-27;72,71;57.5;17,31;0,03;;1
24/08/26;VISCOFAN;CALL;Jun-27;60,92;57.5;17,99;0,38;;1
24/08/26;VISCOFAN;CALL;Jun-27;70,75;57.5;17,42;0,10;;5
24/08/26;VISCOFAN;PUT;Sep-26;40,29;57.5;25,49;;;1
24/08/26;VISCOFAN;PUT;Sep-26;42,25;57.5;24,44;;;3
24/08/26;VISCOFAN;PUT;Sep-26;43,23;57.5;23,92;;;3
24/08/26;VISCOFAN;PUT;Sep-26;44,22;57.5;23,39;;;4
24/08/26;VISCOFAN;PUT;Sep-26;45,20;57.5;22,87;;;2
24/08/26;VISCOFAN;PUT;Sep-26;46,18;57.5;22,35;;;4
24/08/26;VISCOFAN;PUT;Sep-26;47,16;57.5;21,82;;;4
24/08/26;VISCOFAN;PUT;Sep-26;49,13;57.5;20,77;;;12
24/08/26;VISCOFAN;PUT;Sep-26;51,09;57.5;19,73;-0,01;;6
24/08/26;VISCOFAN;PUT;Sep-26;53,06;57.5;18,68;-0,05;;37
24/08/26;VISCOFAN;PUT;Sep-26;55,02;57.5;17,63;-0,16;;15
24/08/26;VISCOFAN;PUT;Sep-26;56,99;57.5;16,58;-0,40;;10
24/08/26;VISCOFAN;PUT;Sep-26;58,95;57.5;15,51;-0,72;;3
24/08/26;VISCOFAN;PUT;Oct-26;45,20;57.5;23,54;;;2
24/08/26;VISCOFAN;PUT;Oct-26;51,09;57.5;20,50;-0,06;;1
24/08/26;VISCOFAN;PUT;Oct-26;53,06;57.5;19,48;-0,12;;1
24/08/26;VISCOFAN;PUT;Dic-26;40,29;57.5;27,34;-0,01;;2
24/08/26;VISCOFAN;PUT;Dic-26;42,25;57.5;26,29;-0,01;;1
24/08/26;VISCOFAN;PUT;Dic-26;43,23;57.5;25,77;-0,02;;1
24/08/26;VISCOFAN;PUT;Dic-26;44,22;57.5;25,24;-0,02;;12
24/08/26;VISCOFAN;PUT;Dic-26;45,20;57.5;24,72;-0,03;;1
24/08/26;VISCOFAN;PUT;Dic-26;47,16;57.5;23,67;-0,05;;2
24/08/26;VISCOFAN;PUT;Dic-26;48,15;57.5;23,15;-0,07;;1
24/08/26;VISCOFAN;PUT;Dic-26;49,13;57.5;22,62;-0,09;;6
24/08/26;VISCOFAN;PUT;Dic-26;51,09;57.5;21,58;-0,14;;7
24/08/26;VISCOFAN;PUT;Dic-26;53,06;57.5;20,53;-0,21;;12
24/08/26;VISCOFAN;PUT;Dic-26;55,02;57.5;19,48;-0,31;;2
24/08/26;VISCOFAN;PUT;Mar-27;48,15;57.5;19,12;-0,11;;1
24/08/26;VISCOFAN;PUT;Mar-27;49,13;57.5;18,65;-0,14;;7
24/08/26;VISCOFAN;PUT;Mar-27;51,09;57.5;17,69;-0,20;1;12
24/08/26;VISCOFAN;PUT;Mar-27;53,06;57.5;16,73;-0,28;;7
24/08/26;VISCOFAN;PUT;Mar-27;56,99;57.5;14,82;-0,50;;5
24/08/26;VISCOFAN;PUT;Jun-27;44,22;57.5;19,88;-0,07;;2
24/08/26;VISCOFAN;PUT;Jun-27;45,20;57.5;19,47;-0,09;;5
24/08/26;VISCOFAN;PUT;Jun-27;51,09;57.5;17,05;-0,23;;2
24/08/26;VISCOFAN;PUT;Jun-27;53,06;57.5;16,24;-0,31;;3
24/08/26;VISCOFAN;PUT;Dic-27;44,22;57.5;18,91;-0,10;;1
24/08/26;VISCOFAN;PUT;Dic-28;44,22;57.5;18,05;-0,15;;1
