fecha_boletin;accion;tipo;fecha_vencimiento;strike;spot;volatilidad_cierre;delta_cierre;volumen_contratos;posicion_abierta
15/09/26;MINI IBEX-35;CALL;Sep-26;7.500;19555.9;78,22;1,00;;3
15/09/26;MINI IBEX-35;CALL;Sep-26;12.200;19555.9;56,54;1,00;;32
15/09/26;MINI IBEX-35;CALL;Sep-26;14.000;19555.9;48,23;1,00;;5
15/09/26;MINI IBEX-35;CALL;Sep-26;15.500;19555.9;41,31;1,00;;1
15/09/26;MINI IBEX-35;CALL;Sep-26;16.000;19555.9;39,01;1,00;;5.500
15/09/26;MINI IBEX-35;CALL;Sep-26;16.400;19555.9;37,16;1,00;;3
15/09/26;MINI IBEX-35;CALL;Sep-26;16.500;19555.9;36,70;1,00;;1
15/09/26;MINI IBEX-35;CALL;Sep-26;17.000;19555.9;34,39;1,00;;3
15/09/26;MINI IBEX-35;CALL;Sep-26;17.300;19555.9;33,01;1,00;;5
15/09/26;MINI IBEX-35;CALL;Sep-26;17.400;19555.9;32,55;1,00;;3
15/09/26;MINI IBEX-35;CALL;Sep-26;17.500;19555.9;32,09;1,00;;7
15/09/26;MINI IBEX-35;CALL;Sep-26;17.600;19555.9;31,63;1,00;;1
15/09/26;MINI IBEX-35;CALL;Sep-26;18.000;19555.9;29,78;1,00;;101
15/09/26;MINI IBEX-35;CALL;Sep-26;18.100;19555.9;29,32;1,00;;1
15/09/26;MINI IBEX-35;CALL;Sep-26;18.200;19555.9;28,86;1,00;;5
15/09/26;MINI IBEX-35;CALL;Sep-26;18.300;19555.9;28,40;1,00;;3
15/09/26;MINI IBEX-35;CALL;Sep-26;18.400;19555.9;27,94;0,99;;2
15/09/26;MINI IBEX-35;CALL;Sep-26;18.500;19555.9;27,47;0,99;;25
15/09/26;MINI IBEX-35;CALL;Sep-26;18.600;19555.9;27,01;0,98;;1
15/09/26;MINI IBEX-35;CALL;Sep-26;18.700;19555.9;26,55;0,97;;1
15/09/26;MINI IBEX-35;CALL;Sep-26;18.900;19555.9;25,63;0,94;;4
15/09/26;MINI IBEX-35;CALL;Sep-26;18.950;19555.9;25,40;0,92;;3
15/09/26;MINI IBEX-35;CALL;Sep-26;19.000;19555.9;25,17;0,91;;9
15/09/26;MINI IBEX-35;CALL;Sep-26;19.100;19555.9;24,71;0,87;;18
15/09/26;MINI IBEX-35;CALL;Sep-26;19.200;19555.9;24,25;0,82;;4
15/09/26;MINI IBEX-35;CALL;Sep-26;19.250;19555.9;24,01;0,79;;1
15/09/26;MINI IBEX-35;CALL;Sep-26;19.300;19555.9;23,78;0,75;;4
15/09/26;MINI IBEX-35;CALL;Sep-26;19.350;19555.9;23,55;0,71;;5
15/09/26;MINI IBEX-35;CALL;Sep-26;19.400;19555.9;23,32;0,67;2;8
15/09/26;MINI IBEX-35;CALL;Sep-26;19.450;19555.9;23,09;0,63;1;5
15/09/26;MINI IBEX-35;CALL;Sep-26;19.500;19555.9;22,86;0,58;4;39
15/09/26;MINI IBEX-35;CALL;Sep-26;19.525;19555.9;22,75;0,56;2;
15/09/26;MINI IBEX-35;CALL;Sep-26;19.550;19555.9;22,63;0,54;;10
15/09/26;MINI IBEX-35;CALL;Sep-26;19.600;19555.9;22,44;0,49;3;4
15/09/26;MINI IBEX-35;CALL;Sep-26;19.650;19555.9;22,34;0,44;2;15
15/09/26;MINI IBEX-35;CALL;Sep-26;19.700;19555.9;22,23;0,39;1;6
15/09/26;MINI IBEX-35;CALL;Sep-26;19.750;19555.9;22,13;0,34;;3
15/09/26;MINI IBEX-35;CALL;Sep-26;19.800;19555.9;22,02;0,29;2;12
15/09/26;MINI IBEX-35;CALL;Sep-26;19.850;19555.9;21,92;0,25;2;4
15/09/26;MINI IBEX-35;CALL;Sep-26;19.875;19555.9;21,86;0,23;1;1
15/09/26;MINI IBEX-35;CALL;Sep-26;19.900;19555.9;21,81;0,21;4;132
15/09/26;MINI IBEX-35;CALL;Sep-26;19.950;19555.9;21,70;0,18;2;24
15/09/26;MINI IBEX-35;CALL;Sep-26;20.000;19555.9;21,60;0,14;3;96
15/09/26;MINI IBEX-35;CALL;Sep-26;20.025;19555.9;21,55;0,13;1;1
15/09/26;MINI IBEX-35;CALL;Sep-26;20.050;19555.9;21,49;0,12;7;10
15/09/26;MINI IBEX-35;CALL;Sep-26;20.075;19555.9;21,44;0,10;1;5
15/09/26;MINI IBEX-35;CALL;Sep-26;20.100;19555.9;21,39;0,09;;18
15/09/26;MINI IBEX-35;CALL;Sep-26;20.150;19555.9;21,28;0,07;2;7
15/09/26;MINI IBEX-35;CALL;Sep-26;20.200;19555.9;21,18;0,06;9;38
15/09/26;MINI IBEX-35;CALL;Sep-26;20.250;19555.9;21,07;0,04;7;5
15/09/26;MINI IBEX-35;CALL;Sep-26;20.300;19555.9;20,97;0,03;;46
15/09/26;MINI IBEX-35;CALL;Sep-26;20.350;19555.9;20,86;0,02;;22
15/09/26;MINI IBEX-35;CALL;Sep-26;20.400;19555.9;20,75;0,02;;12
15/09/26;MINI IBEX-35;CALL;Sep-26;20.450;19555.9;20,65;0,01;;16
15/09/26;MINI IBEX-35;CALL;Sep-26;20.500;19555.9;20,54;0,01;;20
15/09/26;MINI IBEX-35;CALL;Sep-26;20.550;19555.9;20,44;0,01;;1
15/09/26;MINI IBEX-35;CALL;Sep-26;20.600;19555.9;20,33;;;8
15/09/26;MINI IBEX-35;CALL;Sep-26;20.650;19555.9;20,23;;;100
15/09/26;MINI IBEX-35;CALL;Sep-26;20.700;19555.9;20,12;;;107
15/09/26;MINI IBEX-35;CALL;Sep-26;20.750;19555.9;20,02;;;101
15/09/26;MINI IBEX-35;CALL;Sep-26;20.800;19555.9;19,91;;;17
15/09/26;MINI IBEX-35;CALL;Sep-26;20.900;19555.9;19,70;;;6
15/09/26;MINI IBEX-35;CALL;Sep-26;21.000;19555.9;19,49;;;8
15/09/26;MINI IBEX-35;CALL;Sep-26;21.050;19555.9;19,38;;;2
15/09/26;MINI IBEX-35;CALL;Sep-26;21.100;19555.9;19,28;;;1
15/09/26;MINI IBEX-35;CALL;Sep-26;21.200;19555.9;19,07;;;11
15/09/26;MINI IBEX-35;CALL;Sep-26;21.300;19555.9;18,86;;;5
15/09/26;MINI IBEX-35;CALL;Sep-26;24.000;19555.9;13,16;;;5.500
15/09/26;MINI IBEX-35;CALL;Oct-26;19.000;19555.9;18,58;0,72;3;4
15/09/26;MINI IBEX-35;CALL;Oct-26;19.200;19555.9;17,77;0,66;1;2
15/09/26;MINI IBEX-35;CALL;Oct-26;19.300;19555.9;17,36;0,62;;2
15/09/26;MINI IBEX-35;CALL;Oct-26;19.400;19555.9;16,95;0,59;4;5
15/09/26;MINI IBEX-35;CALL;Oct-26;19.450;19555.9;16,75;0,57;10;11
15/09/26;MINI IBEX-35;CALL;Oct-26;19.500;19555.9;16,55;0,55;1;1
15/09/26;MINI IBEX-35;CALL;Oct-26;19.550;19555.9;16,34;0,53;;11
15/09/26;MINI IBEX-35;CALL;Oct-26;19.600;19555.9;16,16;0,50;1;2
15/09/26;MINI IBEX-35;CALL;Oct-26;19.650;19555.9;16,08;0,48;;1
15/09/26;MINI IBEX-35;CALL;Oct-26;19.700;19555.9;15,99;0,46;3;2
15/09/26;MINI IBEX-35;CALL;Oct-26;19.750;19555.9;15,91;0,44;;1
15/09/26;MINI IBEX-35;CALL;Oct-26;19.800;19555.9;15,82;0,42;1;4
15/09/26;MINI IBEX-35;CALL;Oct-26;19.900;19555.9;15,65;0,37;1;3
15/09/26;MINI IBEX-35;CALL;Oct-26;19.950;19555.9;15,57;0,35;1;1
15/09/26;MINI IBEX-35;CALL;Oct-26;20.000;19555.9;15,48;0,33;3;12
15/09/26;MINI IBEX-35;CALL;Oct-26;20.050;19555.9;15,40;0,31;;1
15/09/26;MINI IBEX-35;CALL;Oct-26;20.100;19555.9;15,31;0,29;1;6
15/09/26;MINI IBEX-35;CALL;Oct-26;20.150;19555.9;15,23;0,27;1;5
15/09/26;MINI IBEX-35;CALL;Oct-26;20.200;19555.9;15,14;0,25;2;15
15/09/26;MINI IBEX-35;CALL;Oct-26;20.250;19555.9;15,06;0,23;2;9
15/09/26;MINI IBEX-35;CALL;Oct-26;20.300;19555.9;14,97;0,21;2;3
15/09/26;MINI IBEX-35;CALL;Oct-26;20.400;19555.9;14,80;0,18;1;3
15/09/26;MINI IBEX-35;CALL;Oct-26;20.500;19555.9;14,63;0,15;1;1
15/09/26;MINI IBEX-35;CALL;Oct-26;20.650;19555.9;14,38;0,11;;100
15/09/26;MINI IBEX-35;CALL;Oct-26;20.700;19555.9;14,29;0,10;;114
15/09/26;MINI IBEX-35;CALL;Oct-26;20.750;19555.9;14,21;0,09;;100
15/09/26;MINI IBEX-35;CALL;Oct-26;20.800;19555.9;14,12;0,08;;12
15/09/26;MINI IBEX-35;CALL;Oct-26;20.900;19555.9;13,95;0,06;;1
15/09/26;MINI IBEX-35;CALL;Oct-26;21.000;19555.9;13,78;0,04;;11
15/09/26;MINI IBEX-35;CALL;Oct-26;21.100;19555.9;13,61;0,03;;4
15/09/26;MINI IBEX-35;CALL;Oct-26;21.200;19555.9;13,44;0,02;;1
15/09/26;MINI IBEX-35;CALL;Oct-26;21.300;19555.9;13,27;0,02;;5
15/09/26;MINI IBEX-35;CALL;Oct-26;21.400;19555.9;13,10;0,01;;2
15/09/26;MINI IBEX-35;CALL;Oct-26;21.600;19555.9;12,76;;;2
15/09/26;MINI IBEX-35;CALL;Nov-26;19.700;19555.9;16,73;0,47;;2
15/09/26;MINI IBEX-35;CALL;Nov-26;19.900;19555.9;16,40;0,41;;2
15/09/26;MINI IBEX-35;CALL;Nov-26;19.950;19555.9;16,31;0,39;;3
15/09/26;MINI IBEX-35;CALL;Nov-26;20.000;19555.9;16,23;0,38;;10
15/09/26;MINI IBEX-35;CALL;Nov-26;20.200;19555.9;15,89;0,32;;3
15/09/26;MINI IBEX-35;CALL;Nov-26;20.300;19555.9;15,72;0,29;;4
15/09/26;MINI IBEX-35;CALL;Nov-26;20.400;19555.9;15,55;0,27;2;2
15/09/26;MINI IBEX-35;CALL;Nov-26;20.550;19555.9;15,30;0,23;;3
15/09/26;MINI IBEX-35;CALL;Nov-26;20.700;19555.9;15,04;0,19;;1
15/09/26;MINI IBEX-35;CALL;Nov-26;21.000;19555.9;14,54;0,13;;12
15/09/26;MINI IBEX-35;CALL;Nov-26;21.200;19555.9;14,20;0,09;;1
15/09/26;MINI IBEX-35;CALL;Nov-26;21.250;19555.9;14,11;0,09;;1
15/09/26;MINI IBEX-35;CALL;Nov-26;22.100;19555.9;12,68;0,01;;1
15/09/26;MINI IBEX-35;CALL;Dic-26;8.300;19555.9;54,09;0,99;;655
15/09/26;MINI IBEX-35;CALL;Dic-26;8.600;19555.9;53,10;0,99;;1.250
15/09/26;MINI IBEX-35;CALL;Dic-26;10.500;19555.9;46,86;0,99;;30
15/09/26;MINI IBEX-35;CALL;Dic-26;12.000;19555.9;41,92;0,98;;12
15/09/26;MINI IBEX-35;CALL;Dic-26;12.200;19555.9;41,26;0,98;;32
15/09/26;MINI IBEX-35;CALL;Dic-26;13.000;19555.9;38,63;0,98;;1
15/09/26;MINI IBEX-35;CALL;Dic-26;14.800;19555.9;32,71;0,95;;32
15/09/26;MINI IBEX-35;CALL;Dic-26;15.000;19555.9;32,05;0,95;;2
15/09/26;MINI IBEX-35;CALL;Dic-26;15.300;19555.9;31,07;0,94;;1
15/09/26;MINI IBEX-35;CALL;Dic-26;16.000;19555.9;28,76;0,92;;10
15/09/26;MINI IBEX-35;CALL;Dic-26;16.400;19555.9;27,45;0,90;;6.000
15/09/26;MINI IBEX-35;CALL;Dic-26;16.700;19555.9;26,46;0,89;;1.500
15/09/26;MINI IBEX-35;CALL;Dic-26;16.900;19555.9;25,80;0,87;;5
15/09/26;MINI IBEX-35;CALL;Dic-26;17.000;19555.9;25,47;0,87;;19
15/09/26;MINI IBEX-35;CALL;Dic-26;17.100;19555.9;25,15;0,86;;5
15/09/26;MINI IBEX-35;CALL;Dic-26;17.200;19555.9;24,82;0,85;;1
15/09/26;MINI IBEX-35;CALL;Dic-26;17.300;19555.9;24,49;0,85;;1
15/09/26;MINI IBEX-35;CALL;Dic-26;17.400;19555.9;24,16;0,84;;8
15/09/26;MINI IBEX-35;CALL;Dic-26;17.500;19555.9;23,83;0,83;;1.006
15/09/26;MINI IBEX-35;CALL;Dic-26;17.600;19555.9;23,50;0,82;;11
15/09/26;MINI IBEX-35;CALL;Dic-26;17.700;19555.9;23,17;0,81;;5.007
15/09/26;MINI IBEX-35;CALL;Dic-26;17.800;19555.9;22,84;0,80;;93
15/09/26;MINI IBEX-35;CALL;Dic-26;17.900;19555.9;22,51;0,79;;5.004
15/09/26;MINI IBEX-35;CALL;Dic-26;18.000;19555.9;22,18;0,78;;7
15/09/26;MINI IBEX-35;CALL;Dic-26;18.100;19555.9;21,86;0,77;;1
15/09/26;MINI IBEX-35;CALL;Dic-26;18.200;19555.9;21,53;0,76;;1
15/09/26;MINI IBEX-35;CALL;Dic-26;18.300;19555.9;21,20;0,74;;5
15/09/26;MINI IBEX-35;CALL;Dic-26;18.400;19555.9;20,87;0,73;;1
15/09/26;MINI IBEX-35;CALL;Dic-26;18.500;19555.9;20,54;0,72;;6.004
15/09/26;MINI IBEX-35;CALL;Dic-26;18.600;19555.9;20,21;0,70;;1
15/09/26;MINI IBEX-35;CALL;Dic-26;18.800;19555.9;19,55;0,67;1;1
15/09/26;MINI IBEX-35;CALL;Dic-26;18.900;19555.9;19,22;0,65;;1
15/09/26;MINI IBEX-35;CALL;Dic-26;19.000;19555.9;18,90;0,63;;3
15/09/26;MINI IBEX-35;CALL;Dic-26;19.100;19555.9;18,57;0,61;;1
15/09/26;MINI IBEX-35;CALL;Dic-26;19.200;19555.9;18,24;0,59;;4
15/09/26;MINI IBEX-35;CALL;Dic-26;19.300;19555.9;17,91;0,57;;2
15/09/26;MINI IBEX-35;CALL;Dic-26;19.500;19555.9;17,25;0,53;4.700;4.704
15/09/26;MINI IBEX-35;CALL;Dic-26;19.600;19555.9;16,99;0,50;;3
15/09/26;MINI IBEX-35;CALL;Dic-26;19.700;19555.9;16,83;0,48;;1
15/09/26;MINI IBEX-35;CALL;Dic-26;19.800;19555.9;16,67;0,46;;3
15/09/26;MINI IBEX-35;CALL;Dic-26;19.900;19555.9;16,51;0,43;;6
15/09/26;MINI IBEX-35;CALL;Dic-26;20.000;19555.9;16,35;0,41;;14
15/09/26;MINI IBEX-35;CALL;Dic-26;20.100;19555.9;16,19;0,38;;12
15/09/26;MINI IBEX-35;CALL;Dic-26;20.200;19555.9;16,03;0,36;;11
15/09/26;MINI IBEX-35;CALL;Dic-26;20.300;19555.9;15,87;0,34;;3
15/09/26;MINI IBEX-35;CALL;Dic-26;20.400;19555.9;15,71;0,31;1;6
15/09/26;MINI IBEX-35;CALL;Dic-26;20.500;19555.9;15,55;0,29;;6.004
15/09/26;MINI IBEX-35;CALL;Dic-26;20.600;19555.9;15,39;0,27;6;14
15/09/26;MINI IBEX-35;CALL;Dic-26;20.700;19555.9;15,23;0,24;;2
15/09/26;MINI IBEX-35;CALL;Dic-26;20.900;19555.9;14,91;0,20;;1
15/09/26;MINI IBEX-35;CALL;Dic-26;21.000;19555.9;14,75;0,18;;5.198
15/09/26;MINI IBEX-35;CALL;Dic-26;21.100;19555.9;14,59;0,16;;1
15/09/26;MINI IBEX-35;CALL;Dic-26;21.200;19555.9;14,43;0,14;;6
15/09/26;MINI IBEX-35;CALL;Dic-26;21.300;19555.9;14,27;0,13;;12
15/09/26;MINI IBEX-35;CALL;Dic-26;21.700;19555.9;13,63;0,07;;2
15/09/26;MINI IBEX-35;CALL;Dic-26;21.900;19555.9;13,31;0,05;;1
15/09/26;MINI IBEX-35;CALL;Dic-26;22.000;19555.9;13,15;0,04;;3
15/09/26;MINI IBEX-35;CALL;Dic-26;22.200;19555.9;12,83;0,03;;4
15/09/26;MINI IBEX-35;CALL;Dic-26;22.300;19555.9;12,67;0,02;;2
15/09/26;MINI IBEX-35;CALL;Mar-27;12.600;19555.9;34,60;0,96;;1
15/09/26;MINI IBEX-35;CALL;Mar-27;13.000;19555.9;33,61;0,95;;2
15/09/26;MINI IBEX-35;CALL;Mar-27;13.500;19555.9;32,37;0,94;;3
15/09/26;MINI IBEX-35;CALL;Mar-27;13.900;19555.9;31,37;0,94;;3
15/09/26;MINI IBEX-35;CALL;Mar-27;14.000;19555.9;31,13;0,93;;1
15/09/26;MINI IBEX-35;CALL;Mar-27;14.100;19555.9;30,88;0,93;;1
15/09/26;MINI IBEX-35;CALL;Mar-27;15.300;19555.9;27,90;0,90;;3
15/09/26;MINI IBEX-35;CALL;Mar-27;17.000;19555.9;23,68;0,81;;2
15/09/26;MINI IBEX-35;CALL;Mar-27;17.900;19555.9;21,45;0,74;;1
15/09/26;MINI IBEX-35;CALL;Mar-27;18.000;19555.9;21,20;0,73;;750
15/09/26;MINI IBEX-35;CALL;Mar-27;18.500;19555.9;19,96;0,68;;2
15/09/26;MINI IBEX-35;CALL;Mar-27;18.900;19555.9;18,97;0,63;;2
15/09/26;MINI IBEX-35;CALL;Mar-27;19.000;19555.9;18,72;0,61;;1
15/09/26;MINI IBEX-35;CALL;Mar-27;19.300;19555.9;17,98;0,57;;4
15/09/26;MINI IBEX-35;CALL;Mar-27;19.800;19555.9;16,94;0,49;;5
15/09/26;MINI IBEX-35;CALL;Mar-27;20.000;19555.9;16,66;0,45;;1
15/09/26;MINI IBEX-35;CALL;Mar-27;20.100;19555.9;16,52;0,44;;1
15/09/26;MINI IBEX-35;CALL;Mar-27;20.500;19555.9;15,96;0,37;;1
15/09/26;MINI IBEX-35;CALL;Mar-27;20.600;19555.9;15,82;0,35;;1
15/09/26;MINI IBEX-35;CALL;Mar-27;20.700;19555.9;15,68;0,33;;1
15/09/26;MINI IBEX-35;CALL;Mar-27;20.800;19555.9;15,54;0,31;;1
15/09/26;MINI IBEX-35;CALL;Mar-27;21.000;19555.9;15,26;0,28;;1
15/09/26;MINI IBEX-35;CALL;Mar-27;21.600;19555.9;14,43;0,19;;1
15/09/26;MINI IBEX-35;CALL;Mar-27;22.000;19555.9;13,87;0,13;1;3
15/09/26;MINI IBEX-35;CALL;Mar-27;22.400;19555.9;13,31;0,09;;1
15/09/26;MINI IBEX-35;CALL;Jun-27;18.500;19555.9;20,04;0,64;;2
15/09/26;MINI IBEX-35;CALL;Jun-27;19.000;19555.9;18,93;0,58;;2
15/09/26;MINI IBEX-35;CALL;Jun-27;19.200;19555.9;18,48;0,56;;6
15/09/26;MINI IBEX-35;CALL;Jun-27;19.500;19555.9;17,82;0,52;;1
15/09/26;MINI IBEX-35;CALL;Jun-27;22.000;19555.9;14,61;0,19;;1
15/09/26;MINI IBEX-35;CALL;Jun-27;24.000;19555.9;12,04;0,03;;3
15/09/26;MINI IBEX-35;CALL;Sep-27;19.800;19555.9;17,98;0,49;;1
15/09/26;MINI IBEX-35;CALL;Dic-27;14.000;19555.9;28,54;0,85;;2
15/09/26;MINI IBEX-35;CALL;Dic-27;16.200;19555.9;24,63;0,76;;32
15/09/26;MINI IBEX-35;CALL;Dic-27;16.300;19555.9;24,45;0,76;;96
15/09/26;MINI IBEX-35;CALL;Dic-27;16.400;19555.9;24,27;0,75;;32
15/09/26;MINI IBEX-35;CALL;Dic-27;16.500;19555.9;24,10;0,74;;32
15/09/26;MINI IBEX-35;CALL;Dic-27;16.700;19555.9;23,74;0,73;;32
15/09/26;MINI IBEX-35;CALL;Dic-27;17.600;19555.9;22,14;0,68;;32
15/09/26;MINI IBEX-35;CALL;Dic-27;19.400;19555.9;18,94;0,53;;6.750
15/09/26;MINI IBEX-35;CALL;Dic-27;19.500;19555.9;18,77;0,52;;4
15/09/26;MINI IBEX-35;CALL;Dic-27;20.500;19555.9;17,52;0,42;;1
15/09/26;MINI IBEX-35;CALL;Mar-28;18.400;19555.9;20,85;0,61;;32
15/09/26;MINI IBEX-35;CALL;Mar-28;18.500;19555.9;20,68;0,61;;32
15/09/26;MINI IBEX-35;CALL;Mar-28;18.600;19555.9;20,52;0,60;;32
15/09/26;MINI IBEX-35;CALL;Dic-28;16.800;19555.9;22,81;0,67;;1.800
15/09/26;MINI IBEX-35;CALL;Dic-29;20.600;19555.9;20,74;0,45;;1
15/09/26;MINI IBEX-35;PUT;Sep-26;13.000;19555.9;52,85;;;2
15/09/26;MINI IBEX-35;PUT;Sep-26;13.100;19555.9;52,38;;;2
15/09/26;MINI IBEX-35;PUT;Sep-26;13.500;19555.9;50,54;;;2
15/09/26;MINI IBEX-35;PUT;Sep-26;13.600;19555.9;50,08;;;1
15/09/26;MINI IBEX-35;PUT;Sep-26;13.700;19555.9;49,62;;;2
15/09/26;MINI IBEX-35;PUT;Sep-26;13.900;19555.9;48,69;;;1
15/09/26;MINI IBEX-35;PUT;Sep-26;14.000;19555.9;48,23;;;4
15/09/26;MINI IBEX-35;PUT;Sep-26;14.100;19555.9;47,77;;;2
15/09/26;MINI IBEX-35;PUT;Sep-26;14.200;19555.9;47,31;;;1
15/09/26;MINI IBEX-35;PUT;Sep-26;14.300;19555.9;46,85;;;1
15/09/26;MINI IBEX-35;PUT;Sep-26;14.400;19555.9;46,39;;;4
15/09/26;MINI IBEX-35;PUT;Sep-26;14.500;19555.9;45,93;;;5
15/09/26;MINI IBEX-35;PUT;Sep-26;14.600;19555.9;45,46;;;5
15/09/26;MINI IBEX-35;PUT;Sep-26;14.700;19555.9;45,00;;;3
15/09/26;MINI IBEX-35;PUT;Sep-26;15.000;19555.9;43,62;;;41
15/09/26;MINI IBEX-35;PUT;Sep-26;15.100;19555.9;43,16;;;1
15/09/26;MINI IBEX-35;PUT;Sep-26;15.200;19555.9;42,70;;;2
15/09/26;MINI IBEX-35;PUT;Sep-26;15.300;19555.9;42,24;;;7
15/09/26;MINI IBEX-35;PUT;Sep-26;15.400;19555.9;41,77;;;5
15/09/26;MINI IBEX-35;PUT;Sep-26;15.500;19555.9;41,31;;;44
15/09/26;MINI IBEX-35;PUT;Sep-26;15.600;19555.9;40,85;;;1
15/09/26;MINI IBEX-35;PUT;Sep-26;15.700;19555.9;40,39;;;1
15/09/26;MINI IBEX-35;PUT;Sep-26;15.800;19555.9;39,93;;;3
15/09/26;MINI IBEX-35;PUT;Sep-26;15.900;19555.9;39,47;;;17
15/09/26;MINI IBEX-35;PUT;Sep-26;16.000;19555.9;39,01;;;5.506
15/09/26;MINI IBEX-35;PUT;Sep-26;16.100;19555.9;38,55;;;2
15/09/26;MINI IBEX-35;PUT;Sep-26;16.300;19555.9;37,62;;;1
15/09/26;MINI IBEX-35;PUT;Sep-26;16.400;19555.9;37,16;;;3
15/09/26;MINI IBEX-35;PUT;Sep-26;16.500;19555.9;36,70;;;40
15/09/26;MINI IBEX-35;PUT;Sep-26;16.600;19555.9;36,24;;;1
15/09/26;MINI IBEX-35;PUT;Sep-26;16.700;19555.9;35,78;;;1
15/09/26;MINI IBEX-35;PUT;Sep-26;16.800;19555.9;35,32;;;4
15/09/26;MINI IBEX-35;PUT;Sep-26;17.000;19555.9;34,39;;;145
15/09/26;MINI IBEX-35;PUT;Sep-26;17.200;19555.9;33,47;;;2
15/09/26;MINI IBEX-35;PUT;Sep-26;17.300;19555.9;33,01;;;2
15/09/26;MINI IBEX-35;PUT;Sep-26;17.400;19555.9;32,55;;;8
15/09/26;MINI IBEX-35;PUT;Sep-26;17.500;19555.9;32,09;;;114
15/09/26;MINI IBEX-35;PUT;Sep-26;17.600;19555.9;31,63;;;10
15/09/26;MINI IBEX-35;PUT;Sep-26;17.700;19555.9;31,16;;;3
15/09/26;MINI IBEX-35;PUT;Sep-26;17.800;19555.9;30,70;;;7
15/09/26;MINI IBEX-35;PUT;Sep-26;17.850;19555.9;30,47;;;3
15/09/26;MINI IBEX-35;PUT;Sep-26;17.900;19555.9;30,24;;;3
15/09/26;MINI IBEX-35;PUT;Sep-26;17.950;19555.9;30,01;;;2
15/09/26;MINI IBEX-35;PUT;Sep-26;18.000;19555.9;29,78;;;28
15/09/26;MINI IBEX-35;PUT;Sep-26;18.100;19555.9;29,32;;;5
15/09/26;MINI IBEX-35;PUT;Sep-26;18.150;19555.9;29,09;;;101
15/09/26;MINI IBEX-35;PUT;Sep-26;18.200;19555.9;28,86;;;17
15/09/26;MINI IBEX-35;PUT;Sep-26;18.300;19555.9;28,40;;;4
15/09/26;MINI IBEX-35;PUT;Sep-26;18.350;19555.9;28,17;-0,01;;1
15/09/26;MINI IBEX-35;PUT;Sep-26;18.400;19555.9;27,94;-0,01;;20
15/09/26;MINI IBEX-35;PUT;Sep-26;18.500;19555.9;27,47;-0,01;;20
15/09/26;MINI IBEX-35;PUT;Sep-26;18.550;19555.9;27,24;-0,01;;2
15/09/26;MINI IBEX-35;PUT;Sep-26;18.600;19555.9;27,01;-0,02;;10
15/09/26;MINI IBEX-35;PUT;Sep-26;18.700;19555.9;26,55;-0,03;;61
15/09/26;MINI IBEX-35;PUT;Sep-26;18.750;19555.9;26,32;-0,03;;8
15/09/26;MINI IBEX-35;PUT;Sep-26;18.800;19555.9;26,09;-0,04;1;21
15/09/26;MINI IBEX-35;PUT;Sep-26;18.850;19555.9;25,86;-0,05;;5
15/09/26;MINI IBEX-35;PUT;Sep-26;18.900;19555.9;25,63;-0,06;;3
15/09/26;MINI IBEX-35;PUT;Sep-26;18.950;19555.9;25,40;-0,08;1;3
15/09/26;MINI IBEX-35;PUT;Sep-26;19.000;19555.9;25,17;-0,09;;10.907
15/09/26;MINI IBEX-35;PUT;Sep-26;19.050;19555.9;24,94;-0,11;;7
15/09/26;MINI IBEX-35;PUT;Sep-26;19.100;19555.9;24,71;-0,13;;31
15/09/26;MINI IBEX-35;PUT;Sep-26;19.150;19555.9;24,48;-0,16;;2
15/09/26;MINI IBEX-35;PUT;Sep-26;19.200;19555.9;24,25;-0,18;1;17
15/09/26;MINI IBEX-35;PUT;Sep-26;19.250;19555.9;24,01;-0,21;1;3
15/09/26;MINI IBEX-35;PUT;Sep-26;19.300;19555.9;23,78;-0,25;2;17
15/09/26;MINI IBEX-35;PUT;Sep-26;19.350;19555.9;23,55;-0,29;;12
15/09/26;MINI IBEX-35;PUT;Sep-26;19.400;19555.9;23,32;-0,33;;14
15/09/26;MINI IBEX-35;PUT;Sep-26;19.450;19555.9;23,09;-0,37;;26
15/09/26;MINI IBEX-35;PUT;Sep-26;19.500;19555.9;22,86;-0,42;12;48
15/09/26;MINI IBEX-35;PUT;Sep-26;19.550;19555.9;22,63;-0,46;;6
15/09/26;MINI IBEX-35;PUT;Sep-26;19.575;19555.9;22,52;-0,49;;2
15/09/26;MINI IBEX-35;PUT;Sep-26;19.600;19555.9;22,44;-0,51;2;82
15/09/26;MINI IBEX-35;PUT;Sep-26;19.625;19555.9;22,39;-0,54;1;1
15/09/26;MINI IBEX-35;PUT;Sep-26;19.650;19555.9;22,34;-0,56;;82
15/09/26;MINI IBEX-35;PUT;Sep-26;19.700;19555.9;22,23;-0,61;1;33
15/09/26;MINI IBEX-35;PUT;Sep-26;19.800;19555.9;22,02;-0,70;;117
15/09/26;MINI IBEX-35;PUT;Sep-26;19.825;19555.9;21,97;-0,73;;1
15/09/26;MINI IBEX-35;PUT;Sep-26;19.850;19555.9;21,92;-0,75;;153
15/09/26;MINI IBEX-35;PUT;Sep-26;19.900;19555.9;21,81;-0,79;;106
15/09/26;MINI IBEX-35;PUT;Sep-26;19.925;19555.9;21,76;-0,81;;5
15/09/26;MINI IBEX-35;PUT;Sep-26;19.950;19555.9;21,70;-0,82;1;100
15/09/26;MINI IBEX-35;PUT;Sep-26;20.000;19555.9;21,60;-0,86;1;105
15/09/26;MINI IBEX-35;PUT;Sep-26;20.050;19555.9;21,49;-0,88;;2
15/09/26;MINI IBEX-35;PUT;Sep-26;20.100;19555.9;21,39;-0,91;;28
15/09/26;MINI IBEX-35;PUT;Sep-26;20.150;19555.9;21,28;-0,93;;23
15/09/26;MINI IBEX-35;PUT;Sep-26;20.200;19555.9;21,18;-0,94;;4
15/09/26;MINI IBEX-35;PUT;Sep-26;20.250;19555.9;21,07;-0,96;;2
15/09/26;MINI IBEX-35;PUT;Sep-26;20.300;19555.9;20,97;-0,97;;126
15/09/26;MINI IBEX-35;PUT;Sep-26;20.350;19555.9;20,86;-0,98;;13
15/09/26;MINI IBEX-35;PUT;Sep-26;20.400;19555.9;20,75;-0,98;;1
15/09/26;MINI IBEX-35;PUT;Sep-26;20.500;19555.9;20,54;-0,99;;3
15/09/26;MINI IBEX-35;PUT;Sep-26;20.550;19555.9;20,44;-0,99;;1
15/09/26;MINI IBEX-35;PUT;Sep-26;24.000;19555.9;13,16;-1,00;;5.500
15/09/26;MINI IBEX-35;PUT;Oct-26;16.400;19555.9;29,97;-0,02;;20
15/09/26;MINI IBEX-35;PUT;Oct-26;16.500;19555.9;29,57;-0,02;;121
15/09/26;MINI IBEX-35;PUT;Oct-26;16.900;19555.9;27,94;-0,03;;150
15/09/26;MINI IBEX-35;PUT;Oct-26;17.000;19555.9;27,53;-0,04;;1
15/09/26;MINI IBEX-35;PUT;Oct-26;17.300;19555.9;26,31;-0,05;;1
15/09/26;MINI IBEX-35;PUT;Oct-26;17.500;19555.9;25,50;-0,06;;3
15/09/26;MINI IBEX-35;PUT;Oct-26;17.600;19555.9;25,09;-0,07;;1
15/09/26;MINI IBEX-35;PUT;Oct-26;17.700;19555.9;24,69;-0,08;1;2
15/09/26;MINI IBEX-35;PUT;Oct-26;17.900;19555.9;23,87;-0,09;;2
15/09/26;MINI IBEX-35;PUT;Oct-26;18.000;19555.9;23,47;-0,10;;29
15/09/26;MINI IBEX-35;PUT;Oct-26;18.400;19555.9;21,84;-0,16;;25
15/09/26;MINI IBEX-35;PUT;Oct-26;18.500;19555.9;21,43;-0,17;1;9
15/09/26;MINI IBEX-35;PUT;Oct-26;18.600;19555.9;21,03;-0,19;;2
15/09/26;MINI IBEX-35;PUT;Oct-26;18.650;19555.9;20,82;-0,20;;1
15/09/26;MINI IBEX-35;PUT;Oct-26;18.700;19555.9;20,62;-0,21;;1
15/09/26;MINI IBEX-35;PUT;Oct-26;18.750;19555.9;20,42;-0,22;;1
15/09/26;MINI IBEX-35;PUT;Oct-26;18.800;19555.9;20,21;-0,23;;2
15/09/26;MINI IBEX-35;PUT;Oct-26;18.900;19555.9;19,81;-0,26;;6
15/09/26;MINI IBEX-35;PUT;Oct-26;18.950;19555.9;19,60;-0,27;;8
15/09/26;MINI IBEX-35;PUT;Oct-26;19.000;19555.9;19,40;-0,29;2;55
15/09/26;MINI IBEX-35;PUT;Oct-26;19.100;19555.9;18,99;-0,31;;5
15/09/26;MINI IBEX-35;PUT;Oct-26;19.150;19555.9;18,79;-0,33;;4
15/09/26;MINI IBEX-35;PUT;Oct-26;19.200;19555.9;18,59;-0,35;;1
15/09/26;MINI IBEX-35;PUT;Oct-26;19.250;19555.9;18,38;-0,36;;2
15/09/26;MINI IBEX-35;PUT;Oct-26;19.300;19555.9;18,18;-0,38;;3
15/09/26;MINI IBEX-35;PUT;Oct-26;19.400;19555.9;17,77;-0,41;;3
15/09/26;MINI IBEX-35;PUT;Oct-26;19.450;19555.9;17,57;-0,43;;1
15/09/26;MINI IBEX-35;PUT;Oct-26;19.500;19555.9;17,37;-0,45;;102
15/09/26;MINI IBEX-35;PUT;Oct-26;19.550;19555.9;17,16;-0,47;;101
15/09/26;MINI IBEX-35;PUT;Oct-26;19.600;19555.9;16,98;-0,49;1;3
15/09/26;MINI IBEX-35;PUT;Oct-26;19.650;19555.9;16,90;-0,51;1;1
15/09/26;MINI IBEX-35;PUT;Oct-26;19.700;19555.9;16,81;-0,53;;100
15/09/26;MINI IBEX-35;PUT;Oct-26;19.750;19555.9;16,73;-0,55;;100
15/09/26;MINI IBEX-35;PUT;Oct-26;19.800;19555.9;16,64;-0,58;;2
15/09/26;MINI IBEX-35;PUT;Oct-26;19.850;19555.9;16,56;-0,60;;1
15/09/26;MINI IBEX-35;PUT;Oct-26;19.900;19555.9;16,47;-0,62;;27
15/09/26;MINI IBEX-35;PUT;Oct-26;19.950;19555.9;16,39;-0,64;;3
15/09/26;MINI IBEX-35;PUT;Oct-26;20.000;19555.9;16,30;-0,66;;19
15/09/26;MINI IBEX-35;PUT;Oct-26;20.100;19555.9;16,13;-0,70;;1
15/09/26;MINI IBEX-35;PUT;Oct-26;20.150;19555.9;16,05;-0,72;;8
15/09/26;MINI IBEX-35;PUT;Oct-26;20.300;19555.9;15,79;-0,77;;1
15/09/26;MINI IBEX-35;PUT;Oct-26;20.500;19555.9;15,45;-0,83;;2
15/09/26;MINI IBEX-35;PUT;Nov-26;17.000;19555.9;24,65;-0,08;;2
15/09/26;MINI IBEX-35;PUT;Nov-26;17.500;19555.9;22,83;-0,12;;20
15/09/26;MINI IBEX-35;PUT;Nov-26;17.700;19555.9;22,10;-0,14;;10
15/09/26;MINI IBEX-35;PUT;Nov-26;17.900;19555.9;21,38;-0,16;;1
15/09/26;MINI IBEX-35;PUT;Nov-26;18.000;19555.9;21,01;-0,17;;2
15/09/26;MINI IBEX-35;PUT;Nov-26;18.100;19555.9;20,65;-0,18;;1
15/09/26;MINI IBEX-35;PUT;Nov-26;18.300;19555.9;19,92;-0,21;;1
15/09/26;MINI IBEX-35;PUT;Nov-26;18.500;19555.9;19,20;-0,24;1;1
15/09/26;MINI IBEX-35;PUT;Nov-26;18.700;19555.9;18,47;-0,28;;1
15/09/26;MINI IBEX-35;PUT;Nov-26;19.200;19555.9;16,65;-0,39;;1
15/09/26;MINI IBEX-35;PUT;Nov-26;19.800;19555.9;14,98;-0,57;;1
15/09/26;MINI IBEX-35;PUT;Nov-26;19.900;19555.9;14,82;-0,60;;1
15/09/26;MINI IBEX-35;PUT;Nov-26;20.700;19555.9;13,46;-0,83;;1
15/09/26;MINI IBEX-35;PUT;Dic-26;8.600;19555.9;51,51;;;1.250
15/09/26;MINI IBEX-35;PUT;Dic-26;10.900;19555.9;43,95;;;1
15/09/26;MINI IBEX-35;PUT;Dic-26;11.300;19555.9;42,63;;;1
15/09/26;MINI IBEX-35;PUT;Dic-26;11.500;19555.9;41,98;;;2
15/09/26;MINI IBEX-35;PUT;Dic-26;12.200;19555.9;39,67;-0,01;;2
15/09/26;MINI IBEX-35;PUT;Dic-26;12.300;19555.9;39,34;-0,01;;5
15/09/26;MINI IBEX-35;PUT;Dic-26;12.400;19555.9;39,02;-0,01;;1
15/09/26;MINI IBEX-35;PUT;Dic-26;12.500;19555.9;38,69;-0,01;;7
15/09/26;MINI IBEX-35;PUT;Dic-26;12.600;19555.9;38,36;-0,01;;6
15/09/26;MINI IBEX-35;PUT;Dic-26;12.900;19555.9;37,37;-0,01;;7
15/09/26;MINI IBEX-35;PUT;Dic-26;13.000;19555.9;37,04;-0,01;;7
15/09/26;MINI IBEX-35;PUT;Dic-26;13.100;19555.9;36,71;-0,01;;1
15/09/26;MINI IBEX-35;PUT;Dic-26;13.200;19555.9;36,38;-0,01;;1
15/09/26;MINI IBEX-35;PUT;Dic-26;13.500;19555.9;35,40;-0,02;;504
15/09/26;MINI IBEX-35;PUT;Dic-26;13.600;19555.9;35,07;-0,02;;5
15/09/26;MINI IBEX-35;PUT;Dic-26;13.700;19555.9;34,74;-0,02;;2
15/09/26;MINI IBEX-35;PUT;Dic-26;14.000;19555.9;33,75;-0,02;;1.034
15/09/26;MINI IBEX-35;PUT;Dic-26;14.200;19555.9;33,09;-0,02;;3
15/09/26;MINI IBEX-35;PUT;Dic-26;14.300;19555.9;32,77;-0,03;;1
15/09/26;MINI IBEX-35;PUT;Dic-26;14.400;19555.9;32,44;-0,03;;1
15/09/26;MINI IBEX-35;PUT;Dic-26;14.500;19555.9;32,11;-0,03;;1
15/09/26;MINI IBEX-35;PUT;Dic-26;14.600;19555.9;31,78;-0,03;;1
15/09/26;MINI IBEX-35;PUT;Dic-26;14.800;19555.9;31,12;-0,03;;1
15/09/26;MINI IBEX-35;PUT;Dic-26;14.900;19555.9;30,79;-0,04;;3
15/09/26;MINI IBEX-35;PUT;Dic-26;15.000;19555.9;30,46;-0,04;;18
15/09/26;MINI IBEX-35;PUT;Dic-26;15.200;19555.9;29,81;-0,04;;1
15/09/26;MINI IBEX-35;PUT;Dic-26;15.500;19555.9;28,82;-0,05;;28
15/09/26;MINI IBEX-35;PUT;Dic-26;15.600;19555.9;28,49;-0,05;;32
15/09/26;MINI IBEX-35;PUT;Dic-26;15.700;19555.9;28,16;-0,05;;4
15/09/26;MINI IBEX-35;PUT;Dic-26;15.800;19555.9;27,83;-0,06;;4
15/09/26;MINI IBEX-35;PUT;Dic-26;15.900;19555.9;27,50;-0,06;;1
15/09/26;MINI IBEX-35;PUT;Dic-26;16.000;19555.9;27,17;-0,06;;27
15/09/26;MINI IBEX-35;PUT;Dic-26;16.200;19555.9;26,52;-0,07;;1
15/09/26;MINI IBEX-35;PUT;Dic-26;16.300;19555.9;26,19;-0,08;;10
15/09/26;MINI IBEX-35;PUT;Dic-26;16.400;19555.9;25,86;-0,08;;6.000
15/09/26;MINI IBEX-35;PUT;Dic-26;16.500;19555.9;25,53;-0,08;;3
15/09/26;MINI IBEX-35;PUT;Dic-26;16.600;19555.9;25,20;-0,09;;2
15/09/26;MINI IBEX-35;PUT;Dic-26;16.700;19555.9;24,87;-0,10;;1.516
15/09/26;MINI IBEX-35;PUT;Dic-26;16.800;19555.9;24,54;-0,10;;11
15/09/26;MINI IBEX-35;PUT;Dic-26;16.900;19555.9;24,21;-0,11;;4
15/09/26;MINI IBEX-35;PUT;Dic-26;17.000;19555.9;23,88;-0,11;;24
15/09/26;MINI IBEX-35;PUT;Dic-26;17.100;19555.9;23,56;-0,12;;7
15/09/26;MINI IBEX-35;PUT;Dic-26;17.200;19555.9;23,23;-0,13;;105
15/09/26;MINI IBEX-35;PUT;Dic-26;17.300;19555.9;22,90;-0,13;;6
15/09/26;MINI IBEX-35;PUT;Dic-26;17.400;19555.9;22,57;-0,14;;6
15/09/26;MINI IBEX-35;PUT;Dic-26;17.500;19555.9;22,24;-0,15;;1.026
15/09/26;MINI IBEX-35;PUT;Dic-26;17.600;19555.9;21,91;-0,16;;104
15/09/26;MINI IBEX-35;PUT;Dic-26;17.700;19555.9;21,58;-0,17;;5.011
15/09/26;MINI IBEX-35;PUT;Dic-26;17.800;19555.9;21,25;-0,18;;10
15/09/26;MINI IBEX-35;PUT;Dic-26;17.900;19555.9;20,92;-0,19;;5.001
15/09/26;MINI IBEX-35;PUT;Dic-26;18.000;19555.9;20,59;-0,20;;513
15/09/26;MINI IBEX-35;PUT;Dic-26;18.100;19555.9;20,27;-0,21;;5
15/09/26;MINI IBEX-35;PUT;Dic-26;18.200;19555.9;19,94;-0,22;;11
15/09/26;MINI IBEX-35;PUT;Dic-26;18.300;19555.9;19,61;-0,24;1;11
15/09/26;MINI IBEX-35;PUT;Dic-26;18.400;19555.9;19,28;-0,25;;10
15/09/26;MINI IBEX-35;PUT;Dic-26;18.500;19555.9;18,95;-0,26;;213
15/09/26;MINI IBEX-35;PUT;Dic-26;18.700;19555.9;18,29;-0,30;;8
15/09/26;MINI IBEX-35;PUT;Dic-26;18.800;19555.9;17,96;-0,31;;7
15/09/26;MINI IBEX-35;PUT;Dic-26;18.900;19555.9;17,63;-0,33;;14
15/09/26;MINI IBEX-35;PUT;Dic-26;19.000;19555.9;17,31;-0,35;2;11
15/09/26;MINI IBEX-35;PUT;Dic-26;19.100;19555.9;16,98;-0,37;;3
15/09/26;MINI IBEX-35;PUT;Dic-26;19.200;19555.9;16,65;-0,39;;38
15/09/26;MINI IBEX-35;PUT;Dic-26;19.300;19555.9;16,32;-0,42;;4
15/09/26;MINI IBEX-35;PUT;Dic-26;19.400;19555.9;15,99;-0,44;1;3
15/09/26;MINI IBEX-35;PUT;Dic-26;19.500;19555.9;15,66;-0,47;4.700;4.713
15/09/26;MINI IBEX-35;PUT;Dic-26;19.600;19555.9;15,40;-0,49;;6
15/09/26;MINI IBEX-35;PUT;Dic-26;19.700;19555.9;15,24;-0,52;;1
15/09/26;MINI IBEX-35;PUT;Dic-26;19.800;19555.9;15,08;-0,54;;9
15/09/26;MINI IBEX-35;PUT;Dic-26;19.900;19555.9;14,92;-0,57;;1
15/09/26;MINI IBEX-35;PUT;Dic-26;20.000;19555.9;14,76;-0,60;;24
15/09/26;MINI IBEX-35;PUT;Dic-26;20.100;19555.9;14,60;-0,62;;11
15/09/26;MINI IBEX-35;PUT;Dic-26;20.500;19555.9;13,96;-0,73;;1
15/09/26;MINI IBEX-35;PUT;Mar-27;13.000;19555.9;31,47;-0,03;;3
15/09/26;MINI IBEX-35;PUT;Mar-27;13.800;19555.9;29,48;-0,04;;32
15/09/26;MINI IBEX-35;PUT;Mar-27;15.200;19555.9;26,01;-0,07;;1
15/09/26;MINI IBEX-35;PUT;Mar-27;15.700;19555.9;24,77;-0,09;;1
15/09/26;MINI IBEX-35;PUT;Mar-27;16.500;19555.9;22,78;-0,13;;1
15/09/26;MINI IBEX-35;PUT;Mar-27;17.000;19555.9;21,54;-0,16;;2
15/09/26;MINI IBEX-35;PUT;Mar-27;17.500;19555.9;20,30;-0,19;;21
15/09/26;MINI IBEX-35;PUT;Mar-27;17.800;19555.9;19,56;-0,22;;1
15/09/26;MINI IBEX-35;PUT;Mar-27;18.000;19555.9;19,06;-0,24;;756
15/09/26;MINI IBEX-35;PUT;Mar-27;18.100;19555.9;18,82;-0,25;;5
15/09/26;MINI IBEX-35;PUT;Mar-27;18.200;19555.9;18,57;-0,26;;5
15/09/26;MINI IBEX-35;PUT;Mar-27;18.300;19555.9;18,32;-0,27;;5
15/09/26;MINI IBEX-35;PUT;Mar-27;18.400;19555.9;18,07;-0,28;;5
15/09/26;MINI IBEX-35;PUT;Mar-27;18.500;19555.9;17,82;-0,30;;3
15/09/26;MINI IBEX-35;PUT;Mar-27;18.600;19555.9;17,58;-0,31;;2
15/09/26;MINI IBEX-35;PUT;Mar-27;18.900;19555.9;16,83;-0,35;;2
15/09/26;MINI IBEX-35;PUT;Mar-27;19.100;19555.9;16,34;-0,38;;5
15/09/26;MINI IBEX-35;PUT;Mar-27;19.300;19555.9;15,84;-0,41;;5
15/09/26;MINI IBEX-35;PUT;Mar-27;19.500;19555.9;15,34;-0,45;;5
15/09/26;MINI IBEX-35;PUT;Mar-27;19.600;19555.9;15,09;-0,47;;5
15/09/26;MINI IBEX-35;PUT;Mar-27;19.800;19555.9;14,80;-0,51;;2
15/09/26;MINI IBEX-35;PUT;Mar-27;21.400;19555.9;12,57;-0,81;;1
15/09/26;MINI IBEX-35;PUT;Mar-27;21.600;19555.9;12,29;-0,84;;2
15/09/26;MINI IBEX-35;PUT;Mar-27;21.800;19555.9;12,01;-0,87;;1
15/09/26;MINI IBEX-35;PUT;Mar-27;21.900;19555.9;11,87;-0,88;;3
15/09/26;MINI IBEX-35;PUT;Mar-27;22.000;19555.9;11,73;-0,89;;2
15/09/26;MINI IBEX-35;PUT;Mar-27;22.900;19555.9;10,48;-0,96;;2
15/09/26;MINI IBEX-35;PUT;Jun-27;13.000;19555.9;29,68;-0,04;;2
15/09/26;MINI IBEX-35;PUT;Jun-27;15.400;19555.9;24,35;-0,11;;5
15/09/26;MINI IBEX-35;PUT;Jun-27;16.000;19555.9;23,01;-0,14;;20
15/09/26;MINI IBEX-35;PUT;Jun-27;17.000;19555.9;20,79;-0,19;;1
15/09/26;MINI IBEX-35;PUT;Jun-27;18.000;19555.9;18,57;-0,28;;1
15/09/26;MINI IBEX-35;PUT;Jun-27;18.100;19555.9;18,35;-0,29;1;1
15/09/26;MINI IBEX-35;PUT;Jun-27;18.500;19555.9;17,46;-0,33;;1
15/09/26;MINI IBEX-35;PUT;Jun-27;19.600;19555.9;15,10;-0,48;;5
15/09/26;MINI IBEX-35;PUT;Jun-27;19.700;19555.9;14,97;-0,49;;6
15/09/26;MINI IBEX-35;PUT;Jun-27;19.900;19555.9;14,72;-0,52;;1
15/09/26;MINI IBEX-35;PUT;Jun-27;20.300;19555.9;14,21;-0,59;;1
15/09/26;MINI IBEX-35;PUT;Jun-27;23.300;19555.9;10,36;-0,95;;1
15/09/26;MINI IBEX-35;PUT;Jun-27;23.400;19555.9;10,23;-0,96;;2
15/09/26;MINI IBEX-35;PUT;Jun-27;24.200;19555.9;9,21;-0,97;;2
15/09/26;MINI IBEX-35;PUT;Sep-27;12.100;19555.9;29,96;-0,04;;32
15/09/26;MINI IBEX-35;PUT;Sep-27;12.200;19555.9;29,76;-0,04;;32
15/09/26;MINI IBEX-35;PUT;Sep-27;12.300;19555.9;29,57;-0,04;;32
15/09/26;MINI IBEX-35;PUT;Sep-27;12.400;19555.9;29,37;-0,04;;32
15/09/26;MINI IBEX-35;PUT;Sep-27;14.200;19555.9;25,83;-0,09;;32
15/09/26;MINI IBEX-35;PUT;Dic-27;13.400;19555.9;26,40;-0,08;;250
15/09/26;MINI IBEX-35;PUT;Dic-27;14.700;19555.9;24,09;-0,11;;1
15/09/26;MINI IBEX-35;PUT;Dic-27;15.100;19555.9;23,38;-0,13;;2
15/09/26;MINI IBEX-35;PUT;Dic-27;15.400;19555.9;22,84;-0,14;;32
15/09/26;MINI IBEX-35;PUT;Dic-27;15.700;19555.9;22,31;-0,15;;32
15/09/26;MINI IBEX-35;PUT;Dic-27;15.800;19555.9;22,13;-0,16;;32
15/09/26;MINI IBEX-35;PUT;Dic-27;19.300;19555.9;15,90;-0,43;;3
15/09/26;MINI IBEX-35;PUT;Dic-27;19.400;19555.9;15,73;-0,44;;6.751
15/09/26;MINI IBEX-35;PUT;Jun-28;18.400;19555.9;17,12;-0,34;;64
15/09/26;MINI IBEX-35;PUT;Jun-28;18.500;19555.9;16,96;-0,35;;64
15/09/26;MINI IBEX-35;PUT;Jun-28;19.300;19555.9;15,71;-0,42;;32
15/09/26;MINI IBEX-35;PUT;Jun-28;20.000;19555.9;14,88;-0,49;;32
15/09/26;MINI IBEX-35;PUT;Sep-28;17.500;19555.9;18,07;-0,28;;2
15/09/26;MINI IBEX-35;PUT;Dic-28;16.800;19555.9;18,71;-0,24;;1.800
15/09/26;MINI IBEX-35;PUT;Jun-29;18.800;19555.9;18,10;-0,37;;1
15/09/26;MINI IBEX-35;PUT;Jun-31;18.400;19555.9;18,91;-0,33;;1
15/09/26;ACCIONA;CALL;Sep-26;210,00;202.0;37,28;0,13;;16
15/09/26;ACCIONA;CALL;Sep-26;220,00;202.0;35,70;;;5
15/09/26;ACCIONA;CALL;Sep-26;230,00;202.0;34,11;;;10
15/09/26;ACCIONA;CALL;Sep-26;260,00;202.0;29,36;;;16
15/09/26;ACCIONA;CALL;Sep-26;280,00;202.0;26,19;;;2
15/09/26;ACCIONA;CALL;Sep-26;310,00;202.0;21,44;;;5
15/09/26;ACCIONA;CALL;Sep-26;340,00;202.0;16,69;;;10
15/09/26;ACCIONA;CALL;Oct-26;200,00;202.0;35,10;0,57;10;10
15/09/26;ACCIONA;CALL;Oct-26;210,00;202.0;34,32;0,38;15;15
15/09/26;ACCIONA;CALL;Oct-26;220,00;202.0;33,86;0,21;;1
15/09/26;ACCIONA;CALL;Oct-26;230,00;202.0;33,40;0,10;;1
15/09/26;ACCIONA;CALL;Dic-26;210,00;202.0;34,97;0,46;;2
15/09/26;ACCIONA;CALL;Dic-26;230,00;202.0;34,61;0,27;;5
15/09/26;ACCIONA;CALL;Dic-26;260,00;202.0;34,07;0,09;;2
15/09/26;ACCIONA;CALL;Dic-26;280,00;202.0;33,70;0,04;;5
15/09/26;ACCIONA;CALL;Dic-26;320,00;202.0;32,98;;;5
15/09/26;ACCIONA;CALL;Mar-27;160,00;202.0;41,73;0,84;;1
15/09/26;ACCIONA;CALL;Mar-27;270,00;202.0;33,54;0,15;;5
15/09/26;ACCIONA;CALL;Mar-27;290,00;202.0;33,04;0,09;;5
15/09/26;ACCIONA;CALL;Jun-27;220,00;202.0;33,36;0,47;;1
15/09/26;ACCIONA;PUT;Sep-26;120,00;202.0;56,14;;;1
15/09/26;ACCIONA;PUT;Sep-26;170,00;202.0;45,41;;;1
15/09/26;ACCIONA;PUT;Sep-26;185,00;202.0;42,20;-0,01;;7
15/09/26;ACCIONA;PUT;Sep-26;190,00;202.0;41,12;-0,05;;15
15/09/26;ACCIONA;PUT;Sep-26;195,00;202.0;40,05;-0,16;;35
15/09/26;ACCIONA;PUT;Sep-26;200,00;202.0;38,98;-0,38;;11
15/09/26;ACCIONA;PUT;Sep-26;210,00;202.0;37,28;-0,87;5;42
15/09/26;ACCIONA;PUT;Oct-26;185,00;202.0;38,87;-0,20;;20
15/09/26;ACCIONA;PUT;Oct-26;195,00;202.0;36,80;-0,35;;10
15/09/26;ACCIONA;PUT;Oct-26;200,00;202.0;35,77;-0,44;;25
15/09/26;ACCIONA;PUT;Oct-26;210,00;202.0;34,99;-0,62;5;5
15/09/26;ACCIONA;PUT;Oct-26;220,00;202.0;34,53;-0,79;;2
15/09/26;ACCIONA;PUT;Nov-26;180,00;202.0;39,92;-0,22;;60
15/09/26;ACCIONA;PUT;Nov-26;185,00;202.0;38,89;-0,26;;5
15/09/26;ACCIONA;PUT;Dic-26;140,00;202.0;46,92;-0,05;1;1
15/09/26;ACCIONA;PUT;Dic-26;155,00;202.0;44,22;-0,09;;1
15/09/26;ACCIONA;PUT;Dic-26;160,00;202.0;43,32;-0,12;1;1
15/09/26;ACCIONA;PUT;Dic-26;170,00;202.0;41,53;-0,17;;60
15/09/26;ACCIONA;PUT;Dic-26;175,00;202.0;40,63;-0,21;;62
15/09/26;ACCIONA;PUT;Dic-26;195,00;202.0;37,03;-0,38;;15
15/09/26;ACCIONA;PUT;Dic-26;200,00;202.0;36,13;-0,43;;20
15/09/26;ACCIONA;PUT;Dic-26;210,00;202.0;35,62;-0,54;;7
15/09/26;ACCIONA;PUT;Mar-27;155,00;202.0;42,63;-0,14;;60
15/09/26;ACCIONA;PUT;Mar-27;170,00;202.0;40,30;-0,22;;2
15/09/26;ACCIONA;PUT;Mar-27;200,00;202.0;35,65;-0,42;;20
15/09/26;ACCIONA;PUT;Mar-27;210,00;202.0;35,14;-0,50;;5
15/09/26;ACCIONA;CALL;Nov-26;220,00;202.0;34,52;0,32;;3
15/09/26;ACCIONA ENERGIA;CALL;Sep-26;29,00;21.44;32,91;;;1
15/09/26;ACCIONA ENERGIA;CALL;Dic-26;24,00;21.44;31,66;0,28;;3
15/09/26;ACCIONA ENERGIA;CALL;Dic-26;25,00;21.44;31,51;0,20;;1
15/09/26;ACCIONA ENERGIA;CALL;Dic-26;27,00;21.44;31,20;0,09;;1
15/09/26;ACCIONA ENERGIA;CALL;Dic-26;30,00;21.44;30,73;0,02;;1
15/09/26;ACCIONA ENERGIA;CALL;Dic-26;31,00;21.44;30,57;0,01;;1
15/09/26;ACCIONA ENERGIA;PUT;Sep-26;20,00;21.44;35,82;-0,02;;3
15/09/26;ACCIONA ENERGIA;PUT;Sep-26;21,00;21.44;35,10;-0,25;;22
15/09/26;ACCIONA ENERGIA;PUT;Sep-26;22,00;21.44;34,77;-0,79;;10
15/09/26;ACCIONA ENERGIA;PUT;Sep-26;23,00;21.44;34,74;-0,99;;7
15/09/26;ACCIONA ENERGIA;PUT;Sep-26;24,00;21.44;34,71;-1,00;;5
15/09/26;ACCIONA ENERGIA;PUT;Oct-26;20,50;21.44;34,21;-0,30;;5
15/09/26;ACCIONA ENERGIA;PUT;Oct-26;22,00;21.44;33,52;-0,58;;20
15/09/26;ACCIONA ENERGIA;PUT;Dic-26;18,00;21.44;36,88;-0,15;;2
15/09/26;ACCIONA ENERGIA;PUT;Dic-26;19,00;21.44;36,18;-0,22;;3
15/09/26;ACCIONA ENERGIA;PUT;Dic-26;20,00;21.44;35,48;-0,31;;1
15/09/26;ACCIONA ENERGIA;PUT;Dic-26;21,00;21.44;34,78;-0,41;;15
15/09/26;ACCIONA ENERGIA;PUT;Jun-27;24,00;21.44;29,81;-0,61;;13
15/09/26;ACERINOX;CALL;Sep-26;14,50;17.6;37,81;1,00;;150
15/09/26;ACERINOX;CALL;Sep-26;15,50;17.6;35,97;1,00;;10
15/09/26;ACERINOX;CALL;Sep-26;16,00;17.6;35,05;1,00;;11
15/09/26;ACERINOX;CALL;Sep-26;17,00;17.6;33,21;0,88;;13
15/09/26;ACERINOX;CALL;Sep-26;17,50;17.6;32,29;0,58;;8
15/09/26;ACERINOX;CALL;Sep-26;18,00;17.6;31,31;0,22;;7
15/09/26;ACERINOX;CALL;Sep-26;18,50;17.6;30,30;0,04;;47
15/09/26;ACERINOX;CALL;Sep-26;19,00;17.6;29,30;;;10
15/09/26;ACERINOX;CALL;Sep-26;21,00;17.6;25,28;;;1
15/09/26;ACERINOX;CALL;Oct-26;16,50;17.6;32,93;0,77;;3
15/09/26;ACERINOX;CALL;Oct-26;17,50;17.6;31,13;0,55;;3
15/09/26;ACERINOX;CALL;Oct-26;18,00;17.6;30,75;0,43;10;10
15/09/26;ACERINOX;CALL;Oct-26;18,50;17.6;30,51;0,31;;24
15/09/26;ACERINOX;CALL;Oct-26;19,00;17.6;30,26;0,21;;11
15/09/26;ACERINOX;CALL;Oct-26;19,50;17.6;30,01;0,13;;10
15/09/26;ACERINOX;CALL;Nov-26;18,50;17.6;31,64;0,39;;3
15/09/26;ACERINOX;CALL;Dic-26;6,00;17.6;48,66;1,00;;20
15/09/26;ACERINOX;CALL;Dic-26;9,75;17.6;42,97;1,00;;2
15/09/26;ACERINOX;CALL;Dic-26;11,00;17.6;41,08;0,99;;10
15/09/26;ACERINOX;CALL;Dic-26;13,00;17.6;38,05;0,95;;11
15/09/26;ACERINOX;CALL;Dic-26;13,50;17.6;37,29;0,94;;20
15/09/26;ACERINOX;CALL;Dic-26;14,00;17.6;36,53;0,91;;10
15/09/26;ACERINOX;CALL;Dic-26;14,50;17.6;35,78;0,88;;10
15/09/26;ACERINOX;CALL;Dic-26;15,00;17.6;35,02;0,85;;20
15/09/26;ACERINOX;CALL;Dic-26;16,00;17.6;33,50;0,75;;10
15/09/26;ACERINOX;CALL;Dic-26;16,50;17.6;32,75;0,69;;3
15/09/26;ACERINOX;CALL;Dic-26;17,00;17.6;31,99;0,63;;15
15/09/26;ACERINOX;CALL;Dic-26;17,50;17.6;31,23;0,56;;35
15/09/26;ACERINOX;CALL;Dic-26;18,00;17.6;31,07;0,49;;20
15/09/26;ACERINOX;CALL;Dic-26;18,50;17.6;31,06;0,42;;12
15/09/26;ACERINOX;CALL;Dic-26;19,00;17.6;31,05;0,36;;20
15/09/26;ACERINOX;CALL;Dic-26;19,50;17.6;31,04;0,30;;11
15/09/26;ACERINOX;CALL;Dic-26;20,00;17.6;31,03;0,25;;11
15/09/26;ACERINOX;CALL;Dic-26;22,00;17.6;31,00;0,10;;1
15/09/26;ACERINOX;CALL;Dic-26;24,00;17.6;30,96;0,03;;51
15/09/26;ACERINOX;CALL;Mar-27;8,75;17.6;42,83;1,00;;1
15/09/26;ACERINOX;CALL;Mar-27;11,00;17.6;40,07;0,98;;15
15/09/26;ACERINOX;CALL;Mar-27;13,00;17.6;37,60;0,92;;1
15/09/26;ACERINOX;CALL;Mar-27;13,50;17.6;36,99;0,89;;5
15/09/26;ACERINOX;CALL;Mar-27;14,50;17.6;35,76;0,83;;150
15/09/26;ACERINOX;CALL;Mar-27;15,50;17.6;34,53;0,76;;150
15/09/26;ACERINOX;CALL;Mar-27;16,00;17.6;33,91;0,71;;150
15/09/26;ACERINOX;CALL;Mar-27;17,00;17.6;32,68;0,62;;150
15/09/26;ACERINOX;CALL;Mar-27;17,50;17.6;32,06;0,57;;100
15/09/26;ACERINOX;CALL;Mar-27;18,50;17.6;31,82;0,46;;50
15/09/26;ACERINOX;CALL;Mar-27;19,00;17.6;31,75;0,41;;25
15/09/26;ACERINOX;CALL;Jun-27;16,00;17.6;34,74;0,69;;1
15/09/26;ACERINOX;CALL;Jun-27;17,50;17.6;32,89;0,57;;4
15/09/26;ACERINOX;CALL;Sep-27;13,50;17.6;39,16;0,83;;5
15/09/26;ACERINOX;CALL;Sep-27;14,00;17.6;38,52;0,80;;1
15/09/26;ACERINOX;CALL;Sep-27;16,50;17.6;35,30;0,65;;150
15/09/26;ACERINOX;CALL;Sep-27;18,50;17.6;33,66;0,51;;1
15/09/26;ACERINOX;CALL;Dic-27;11,00;17.6;40,82;0,92;;10
15/09/26;ACERINOX;CALL;Dic-27;12,00;17.6;39,66;0,88;;1
15/09/26;ACERINOX;CALL;Dic-27;13,00;17.6;38,50;0,83;;10
15/09/26;ACERINOX;CALL;Jun-28;12,50;17.6;37,09;0,84;;10
15/09/26;ACERINOX;PUT;Sep-26;9,00;17.6;46,18;;;23
15/09/26;ACERINOX;PUT;Sep-26;9,50;17.6;45,26;;;43
15/09/26;ACERINOX;PUT;Sep-26;9,75;17.6;44,80;;;1
15/09/26;ACERINOX;PUT;Sep-26;10,00;17.6;44,34;;;10
15/09/26;ACERINOX;PUT;Sep-26;10,50;17.6;43,42;;;40
15/09/26;ACERINOX;PUT;Sep-26;11,00;17.6;42,51;;;150
15/09/26;ACERINOX;PUT;Sep-26;12,00;17.6;40,67;;;10
15/09/26;ACERINOX;PUT;Sep-26;13,00;17.6;38,83;;;9
15/09/26;ACERINOX;PUT;Sep-26;14,00;17.6;36,99;;;10
15/09/26;ACERINOX;PUT;Sep-26;15,00;17.6;35,16;;;5
15/09/26;ACERINOX;PUT;Sep-26;15,50;17.6;34,24;;;22
15/09/26;ACERINOX;PUT;Sep-26;16,00;17.6;33,32;;;40
15/09/26;ACERINOX;PUT;Sep-26;17,00;17.6;31,48;-0,11;;11
15/09/26;ACERINOX;PUT;Sep-26;17,50;17.6;30,56;-0,41;;11
15/09/26;ACERINOX;PUT;Sep-26;18,00;17.6;29,58;-0,79;;1
15/09/26;ACERINOX;PUT;Sep-26;18,50;17.6;28,57;-0,97;;25
15/09/26;ACERINOX;PUT;Oct-26;15,50;17.6;32,66;-0,08;;10
15/09/26;ACERINOX;PUT;Oct-26;17,00;17.6;29,96;-0,32;;10
15/09/26;ACERINOX;PUT;Oct-26;17,50;17.6;29,06;-0,45;;35
15/09/26;ACERINOX;PUT;Oct-26;18,00;17.6;28,68;-0,58;;3
15/09/26;ACERINOX;PUT;Nov-26;16,50;17.6;31,10;-0,28;;2
15/09/26;ACERINOX;PUT;Nov-26;17,50;17.6;29,30;-0,45;3;3
15/09/26;ACERINOX;PUT;Dic-26;9,50;17.6;42,02;;;1
15/09/26;ACERINOX;PUT;Dic-26;9,75;17.6;41,64;;;1
15/09/26;ACERINOX;PUT;Dic-26;10,00;17.6;41,27;;;97
15/09/26;ACERINOX;PUT;Dic-26;10,50;17.6;40,51;;;35
15/09/26;ACERINOX;PUT;Dic-26;11,00;17.6;39,75;-0,01;;51
15/09/26;ACERINOX;PUT;Dic-26;11,50;17.6;38,99;-0,01;;25
15/09/26;ACERINOX;PUT;Dic-26;12,00;17.6;38,23;-0,02;;75
15/09/26;ACERINOX;PUT;Dic-26;12,50;17.6;37,48;-0,03;;145
15/09/26;ACERINOX;PUT;Dic-26;13,00;17.6;36,72;-0,04;;10
15/09/26;ACERINOX;PUT;Dic-26;13,50;17.6;35,96;-0,06;;45
15/09/26;ACERINOX;PUT;Dic-26;15,00;17.6;33,69;-0,15;;20
15/09/26;ACERINOX;PUT;Dic-26;15,50;17.6;32,93;-0,19;;27
15/09/26;ACERINOX;PUT;Dic-26;16,50;17.6;31,42;-0,30;;10
15/09/26;ACERINOX;PUT;Dic-26;17,00;17.6;30,66;-0,37;;33
15/09/26;ACERINOX;PUT;Dic-26;18,00;17.6;29,74;-0,52;;50
15/09/26;ACERINOX;PUT;Mar-27;8,00;17.6;42,20;;;2
15/09/26;ACERINOX;PUT;Mar-27;10,00;17.6;39,74;-0,02;;175
15/09/26;ACERINOX;PUT;Mar-27;10,50;17.6;39,12;-0,02;;60
15/09/26;ACERINOX;PUT;Mar-27;11,00;17.6;38,51;-0,03;;160
15/09/26;ACERINOX;PUT;Mar-27;11,50;17.6;37,89;-0,05;;126
15/09/26;ACERINOX;PUT;Mar-27;12,00;17.6;37,27;-0,06;;70
15/09/26;ACERINOX;PUT;Mar-27;13,50;17.6;35,43;-0,13;;7
15/09/26;ACERINOX;PUT;Mar-27;15,00;17.6;33,58;-0,22;;100
15/09/26;ACERINOX;PUT;Mar-27;15,50;17.6;32,97;-0,26;;11
15/09/26;ACERINOX;PUT;Mar-27;16,00;17.6;32,35;-0,31;;3
15/09/26;ACERINOX;PUT;Mar-27;17,00;17.6;31,12;-0,41;;10
15/09/26;ACERINOX;PUT;Jun-27;8,75;17.6;41,74;-0,02;;1
15/09/26;ACERINOX;PUT;Jun-27;10,00;17.6;40,21;-0,04;;243
15/09/26;ACERINOX;PUT;Jun-27;11,00;17.6;38,98;-0,06;;110
15/09/26;ACERINOX;PUT;Jun-27;15,00;17.6;34,05;-0,25;;10
15/09/26;ACERINOX;PUT;Sep-27;10,00;17.6;40,33;-0,06;;150
15/09/26;ACERINOX;PUT;Sep-27;10,50;17.6;39,68;-0,07;;150
15/09/26;ACERINOX;PUT;Sep-27;11,00;17.6;39,04;-0,08;;150
15/09/26;ACERINOX;PUT;Sep-27;11,50;17.6;38,40;-0,10;;150
15/09/26;ACERINOX;PUT;Sep-27;12,00;17.6;37,75;-0,12;;207
15/09/26;ACERINOX;PUT;Dic-27;12,00;17.6;36,51;-0,13;;150
15/09/26;ACERINOX;PUT;Mar-28;12,00;17.6;34,80;-0,14;;208
15/09/26;ACERINOX;PUT;Sep-28;18,00;17.6;29,18;-0,46;;138
15/09/26;ACS;CALL;Sep-26;98,00;91.45;31,54;0,01;;1
15/09/26;ACS;CALL;Sep-26;102,00;91.45;29,89;;;1
15/09/26;ACS;CALL;Sep-26;104,00;91.45;29,07;;;1
15/09/26;ACS;CALL;Sep-26;105,00;91.45;28,66;;;5
15/09/26;ACS;CALL;Sep-26;108,00;91.45;27,42;;;20
15/09/26;ACS;CALL;Sep-26;110,00;91.45;26,60;;;8
15/09/26;ACS;CALL;Sep-26;115,00;91.45;24,54;;;45
15/09/26;ACS;CALL;Sep-26;120,00;91.45;22,48;;;21
15/09/26;ACS;CALL;Sep-26;125,00;91.45;20,42;;;6
15/09/26;ACS;CALL;Sep-26;130,00;91.45;18,36;;;104
15/09/26;ACS;CALL;Sep-26;140,00;91.45;14,24;;;12
15/09/26;ACS;CALL;Sep-26;145,00;91.45;12,18;;;22
15/09/26;ACS;CALL;Sep-26;150,00;91.45;10,12;;;3
15/09/26;ACS;CALL;Sep-26;155,00;91.45;8,06;;;5
15/09/26;ACS;CALL;Sep-26;165,00;91.45;3,95;;;5
15/09/26;ACS;CALL;Oct-26;96,00;91.45;32,11;0,33;;1
15/09/26;ACS;CALL;Oct-26;100,00;91.45;31,92;0,19;;1
15/09/26;ACS;CALL;Oct-26;110,00;91.45;31,45;0,03;;17
15/09/26;ACS;CALL;Oct-26;115,00;91.45;31,21;0,01;;7
15/09/26;ACS;CALL;Oct-26;120,00;91.45;30,98;;;6
15/09/26;ACS;CALL;Oct-26;125,00;91.45;30,74;;;1
15/09/26;ACS;CALL;Oct-26;130,00;91.45;30,50;;;5
15/09/26;ACS;CALL;Oct-26;140,00;91.45;30,03;;;3
15/09/26;ACS;CALL;Nov-26;110,00;91.45;31,19;0,10;;1
15/09/26;ACS;CALL;Nov-26;120,00;91.45;30,28;0,02;;1
15/09/26;ACS;CALL;Nov-26;125,00;91.45;29,82;0,01;;1
15/09/26;ACS;CALL;Dic-26;86,00;91.45;35,23;0,68;;1
15/09/26;ACS;CALL;Dic-26;90,00;91.45;33,96;0,59;;25
15/09/26;ACS;CALL;Dic-26;92,00;91.45;33,43;0,54;;25
15/09/26;ACS;CALL;Dic-26;105,00;91.45;31,72;0,23;;2
15/09/26;ACS;CALL;Dic-26;110,00;91.45;31,07;0,15;;5
15/09/26;ACS;CALL;Dic-26;115,00;91.45;30,41;0,09;;83
15/09/26;ACS;CALL;Dic-26;120,00;91.45;29,75;0,05;;90
15/09/26;ACS;CALL;Dic-26;125,00;91.45;29,10;0,02;;86
15/09/26;ACS;CALL;Dic-26;130,00;91.45;28,44;0,01;;711
15/09/26;ACS;CALL;Dic-26;135,00;91.45;27,79;;;4
15/09/26;ACS;CALL;Dic-26;140,00;91.45;27,13;;;2
15/09/26;ACS;CALL;Dic-26;145,00;91.45;26,47;;;9
15/09/26;ACS;CALL;Dic-26;150,00;91.45;25,82;;;80
15/09/26;ACS;CALL;Dic-26;155,00;91.45;25,16;;;15
15/09/26;ACS;CALL;Dic-26;160,00;91.45;24,50;;;15
15/09/26;ACS;CALL;Dic-26;165,00;91.45;23,85;;;25
15/09/26;ACS;CALL;Mar-27;92,00;91.45;34,10;0,55;;1
15/09/26;ACS;CALL;Mar-27;96,00;91.45;33,86;0,48;;1
15/09/26;ACS;CALL;Mar-27;100,00;91.45;33,63;0,42;;1
15/09/26;ACS;CALL;Mar-27;115,00;91.45;32,76;0,21;;5
15/09/26;ACS;CALL;Mar-27;140,00;91.45;31,30;0,04;;180
15/09/26;ACS;CALL;Mar-27;145,00;91.45;31,01;0,03;;5
15/09/26;ACS;CALL;Mar-27;150,00;91.45;30,72;0,02;;200
15/09/26;ACS;CALL;Mar-27;155,00;91.45;30,42;0,01;;20
15/09/26;ACS;CALL;Mar-27;160,00;91.45;30,13;0,01;;20
15/09/26;ACS;CALL;Mar-27;165,00;91.45;29,84;;;60
15/09/26;ACS;CALL;Jun-27;54,00;91.45;43,72;0,95;;1
15/09/26;ACS;CALL;Jun-27;56,00;91.45;43,18;0,94;;2
15/09/26;ACS;CALL;Jun-27;88,00;91.45;34,55;0,63;;1
15/09/26;ACS;CALL;Jun-27;92,00;91.45;33,61;0,57;;1
15/09/26;ACS;CALL;Jun-27;96,00;91.45;33,52;0,52;;25
15/09/26;ACS;CALL;Jun-27;100,00;91.45;33,43;0,46;;25
15/09/26;ACS;CALL;Jun-27;125,00;91.45;32,89;0,19;;16
15/09/26;ACS;CALL;Jun-27;165,00;91.45;32,01;0,03;;5
15/09/26;ACS;CALL;Sep-27;86,00;91.45;35,16;0,66;;25
15/09/26;ACS;CALL;Sep-27;105,00;91.45;32,90;0,41;;25
15/09/26;ACS;CALL;Dic-27;70,00;91.45;38,15;0,82;;60
15/09/26;ACS;CALL;Dic-27;88,00;91.45;34,01;0,63;;5
15/09/26;ACS;CALL;Dic-27;90,00;91.45;33,55;0,61;;5
15/09/26;ACS;CALL;Dic-27;94,00;91.45;33,11;0,56;;25
15/09/26;ACS;CALL;Dic-27;110,00;91.45;32,41;0,38;;250
15/09/26;ACS;CALL;Dic-27;130,00;91.45;31,53;0,21;;10
15/09/26;ACS;CALL;Mar-28;115,00;91.45;31,19;0,36;;1
15/09/26;ACS;PUT;Sep-26;50,00;91.45;48,65;;;25
15/09/26;ACS;PUT;Sep-26;52,00;91.45;47,93;;;50
15/09/26;ACS;PUT;Sep-26;54,00;91.45;47,22;;;50
15/09/26;ACS;PUT;Sep-26;56,00;91.45;46,50;;;51
15/09/26;ACS;PUT;Sep-26;66,00;91.45;42,93;;;25
15/09/26;ACS;PUT;Sep-26;68,00;91.45;42,22;;;25
15/09/26;ACS;PUT;Sep-26;70,00;91.45;41,50;;;25
15/09/26;ACS;PUT;Sep-26;72,00;91.45;40,79;;;1
15/09/26;ACS;PUT;Sep-26;76,00;91.45;39,36;;;42
15/09/26;ACS;PUT;Sep-26;78,00;91.45;38,64;;;52
15/09/26;ACS;PUT;Sep-26;80,00;91.45;37,93;;;27
15/09/26;ACS;PUT;Sep-26;84,00;91.45;36,50;;;25
15/09/26;ACS;PUT;Sep-26;88,00;91.45;35,07;-0,11;;1
15/09/26;ACS;PUT;Sep-26;90,00;91.45;34,36;-0,30;;25
15/09/26;ACS;PUT;Sep-26;94,00;91.45;32,79;-0,82;;5
15/09/26;ACS;PUT;Sep-26;96,00;91.45;31,97;-0,95;5;5
15/09/26;ACS;PUT;Sep-26;98,00;91.45;31,14;-1,00;;4
15/09/26;ACS;PUT;Sep-26;100,00;91.45;30,32;-1,00;15;16
15/09/26;ACS;PUT;Sep-26;105,00;91.45;28,26;-1,00;;10
15/09/26;ACS;PUT;Sep-26;110,00;91.45;26,20;-1,00;;31
15/09/26;ACS;PUT;Sep-26;115,00;91.45;24,14;-1,00;;4
15/09/26;ACS;PUT;Sep-26;120,00;91.45;22,08;-1,00;;5
15/09/26;ACS;PUT;Oct-26;84,00;91.45;33,36;-0,17;;12
15/09/26;ACS;PUT;Oct-26;88,00;91.45;32,00;-0,32;;2
15/09/26;ACS;PUT;Oct-26;90,00;91.45;31,32;-0,41;1;5
15/09/26;ACS;PUT;Oct-26;92,00;91.45;30,80;-0,50;10;11
15/09/26;ACS;PUT;Oct-26;94,00;91.45;30,71;-0,60;;1
15/09/26;ACS;PUT;Oct-26;96,00;91.45;30,61;-0,69;;1
15/09/26;ACS;PUT;Oct-26;100,00;91.45;30,42;-0,83;;1
15/09/26;ACS;PUT;Oct-26;110,00;91.45;29,95;-1,00;;6
15/09/26;ACS;PUT;Nov-26;78,00;91.45;35,61;-0,13;5;11
15/09/26;ACS;PUT;Nov-26;80,00;91.45;34,93;-0,16;;5
15/09/26;ACS;PUT;Nov-26;86,00;91.45;32,90;-0,30;;1
15/09/26;ACS;PUT;Nov-26;88,00;91.45;32,22;-0,35;;2
15/09/26;ACS;PUT;Nov-26;92,00;91.45;31,00;-0,48;;1
15/09/26;ACS;PUT;Nov-26;100,00;91.45;30,27;-0,73;;1
15/09/26;ACS;PUT;Nov-26;110,00;91.45;29,36;-0,94;;1
15/09/26;ACS;PUT;Nov-26;115,00;91.45;28,90;-0,99;;5
15/09/26;ACS;PUT;Dic-26;23,00;91.45;53,55;;;201
15/09/26;ACS;PUT;Dic-26;24,00;91.45;53,23;;;25
15/09/26;ACS;PUT;Dic-26;25,00;91.45;52,91;;;25
15/09/26;ACS;PUT;Dic-26;27,00;91.45;52,28;;;25
15/09/26;ACS;PUT;Dic-26;28,00;91.45;51,96;;;75
15/09/26;ACS;PUT;Dic-26;29,00;91.45;51,64;;;75
15/09/26;ACS;PUT;Dic-26;30,00;91.45;51,33;;;17
15/09/26;ACS;PUT;Dic-26;33,00;91.45;50,38;;;6
15/09/26;ACS;PUT;Dic-26;34,00;91.45;50,06;;;25
15/09/26;ACS;PUT;Dic-26;35,00;91.45;49,74;;;200
15/09/26;ACS;PUT;Dic-26;46,00;91.45;46,25;;;25
15/09/26;ACS;PUT;Dic-26;54,00;91.45;43,72;-0,01;;25
15/09/26;ACS;PUT;Dic-26;58,00;91.45;42,45;-0,01;;25
15/09/26;ACS;PUT;Dic-26;60,00;91.45;41,81;-0,02;;95
15/09/26;ACS;PUT;Dic-26;62,00;91.45;41,18;-0,02;;5
15/09/26;ACS;PUT;Dic-26;66,00;91.45;39,91;-0,04;;1
15/09/26;ACS;PUT;Dic-26;68,00;91.45;39,28;-0,05;;4
15/09/26;ACS;PUT;Dic-26;76,00;91.45;36,74;-0,13;;6
15/09/26;ACS;PUT;Dic-26;78,00;91.45;36,11;-0,16;;6
15/09/26;ACS;PUT;Dic-26;80,00;91.45;35,47;-0,19;;5
15/09/26;ACS;PUT;Dic-26;82,00;91.45;34,84;-0,23;;10
15/09/26;ACS;PUT;Dic-26;84,00;91.45;34,20;-0,27;;14
15/09/26;ACS;PUT;Dic-26;86,00;91.45;33,57;-0,32;;10
15/09/26;ACS;PUT;Dic-26;88,00;91.45;32,93;-0,37;;45
15/09/26;ACS;PUT;Dic-26;90,00;91.45;32,30;-0,42;;44
15/09/26;ACS;PUT;Dic-26;94,00;91.45;31,51;-0,53;;46
15/09/26;ACS;PUT;Dic-26;96,00;91.45;31,24;-0,58;;80
15/09/26;ACS;PUT;Dic-26;98,00;91.45;30,98;-0,63;;10
15/09/26;ACS;PUT;Dic-26;100,00;91.45;30,72;-0,69;;176
15/09/26;ACS;PUT;Dic-26;105,00;91.45;30,06;-0,80;;3
15/09/26;ACS;PUT;Dic-26;110,00;91.45;29,41;-0,89;;50
15/09/26;ACS;PUT;Dic-26;115,00;91.45;28,75;-0,96;;10
15/09/26;ACS;PUT;Dic-26;125,00;91.45;27,44;-1,00;;10
15/09/26;ACS;PUT;Mar-27;60,00;91.45;40,04;-0,05;;1
15/09/26;ACS;PUT;Mar-27;68,00;91.45;38,00;-0,11;;1
15/09/26;ACS;PUT;Mar-27;86,00;91.45;33,41;-0,34;;11
15/09/26;ACS;PUT;Mar-27;88,00;91.45;32,90;-0,38;;2
15/09/26;ACS;PUT;Mar-27;90,00;91.45;32,39;-0,42;;2
15/09/26;ACS;PUT;Mar-27;92,00;91.45;31,99;-0,46;;1
15/09/26;ACS;PUT;Mar-27;96,00;91.45;31,75;-0,53;;2
15/09/26;ACS;PUT;Mar-27;98,00;91.45;31,64;-0,57;;115
15/09/26;ACS;PUT;Mar-27;100,00;91.45;31,52;-0,60;;110
15/09/26;ACS;PUT;Mar-27;105,00;91.45;31,23;-0,69;;6
15/09/26;ACS;PUT;Mar-27;110,00;91.45;30,94;-0,77;;10
15/09/26;ACS;PUT;Jun-27;22,00;91.45;50,09;;;360
15/09/26;ACS;PUT;Jun-27;24,00;91.45;49,55;;;85
15/09/26;ACS;PUT;Jun-27;28,00;91.45;48,47;;;2
15/09/26;ACS;PUT;Jun-27;33,00;91.45;47,13;;;2
15/09/26;ACS;PUT;Jun-27;70,00;91.45;37,15;-0,15;;1
15/09/26;ACS;PUT;Jun-27;92,00;91.45;31,35;-0,44;;1
15/09/26;ACS;PUT;Sep-27;60,00;91.45;38,76;-0,10;;1
15/09/26;ACS;PUT;Sep-27;74,00;91.45;35,24;-0,22;3;17
15/09/26;ACS;PUT;Sep-27;78,00;91.45;34,23;-0,26;;25
15/09/26;ACS;PUT;Sep-27;92,00;91.45;30,81;-0,45;;25
15/09/26;ACS;PUT;Dic-27;50,00;91.45;40,19;-0,06;;25
15/09/26;ACS;PUT;Dic-27;78,00;91.45;33,76;-0,27;;25
15/09/26;ACS;PUT;Dic-27;82,00;91.45;32,84;-0,31;;10
15/09/26;ACS;PUT;Dic-27;84,00;91.45;32,38;-0,34;;5
15/09/26;ACS;PUT;Dic-27;98,00;91.45;30,38;-0,52;;25
15/09/26;ACS;PUT;Dic-27;100,00;91.45;30,30;-0,54;;25
15/09/26;ACS;PUT;Dic-27;115,00;91.45;29,64;-0,71;;5
15/09/26;ACS;PUT;Jun-28;105,00;91.45;28,51;-0,58;;1
15/09/26;ACS;CALL;Dic-26;50,00;91.45;46,64;0,99;;1
15/09/26;ACS;PUT;Sep-26;140,00;91.45;13,84;-1,00;;5
15/09/26;AENA;CALL;Sep-26;24,00;25.0;24,01;0,97;;2
15/09/26;AENA;CALL;Sep-26;25,00;25.0;22,82;0,51;;25
15/09/26;AENA;CALL;Sep-26;26,00;25.0;22,07;0,03;;2
15/09/26;AENA;CALL;Sep-26;26,50;25.0;21,70;;;1
15/09/26;AENA;CALL;Sep-26;27,00;25.0;21,33;;;873
15/09/26;AENA;CALL;Sep-26;28,00;25.0;20,58;;;3
15/09/26;AENA;CALL;Oct-26;25,00;25.0;23,51;0,53;;10
15/09/26;AENA;CALL;Oct-26;26,00;25.0;22,76;0,30;;500
15/09/26;AENA;CALL;Oct-26;27,00;25.0;22,02;0,13;;1
15/09/26;AENA;CALL;Oct-26;29,00;25.0;20,52;0,01;;10
15/09/26;AENA;CALL;Dic-26;26,00;25.0;22,57;0,41;;3
15/09/26;AENA;CALL;Dic-26;27,00;25.0;21,99;0,28;;72
15/09/26;AENA;CALL;Dic-26;29,00;25.0;20,85;0,10;;6
15/09/26;AENA;CALL;Mar-27;21,00;25.0;27,51;0,85;;6
15/09/26;AENA;CALL;Mar-27;26,00;25.0;23,12;0,47;;3
15/09/26;AENA;CALL;Mar-27;27,00;25.0;22,68;0,38;;30
15/09/26;AENA;CALL;Jun-27;25,00;25.0;23,22;0,57;;2
15/09/26;AENA;CALL;Jun-27;29,00;25.0;21,78;0,24;;150
15/09/26;AENA;CALL;Jun-27;34,00;25.0;19,98;0,04;;100
15/09/26;AENA;CALL;Dic-27;23,00;25.0;24,99;0,70;;16
15/09/26;AENA;CALL;Dic-27;25,00;25.0;23,58;0,56;;25
15/09/26;AENA;CALL;Dic-27;28,00;25.0;22,66;0,37;;25
15/09/26;AENA;PUT;Sep-26;18,50;25.0;29,97;;;2
15/09/26;AENA;PUT;Sep-26;19,00;25.0;29,38;;;32
15/09/26;AENA;PUT;Sep-26;19,50;25.0;28,79;;;4
15/09/26;AENA;PUT;Sep-26;20,00;25.0;28,19;;;14
15/09/26;AENA;PUT;Sep-26;21,00;25.0;27,01;;;97
15/09/26;AENA;PUT;Sep-26;22,00;25.0;25,82;;;60
15/09/26;AENA;PUT;Sep-26;23,00;25.0;24,63;;;40
15/09/26;AENA;PUT;Sep-26;24,00;25.0;23,45;-0,03;;11
15/09/26;AENA;PUT;Sep-26;25,00;25.0;22,26;-0,49;;14
15/09/26;AENA;PUT;Sep-26;26,00;25.0;21,51;-0,98;;1
15/09/26;AENA;PUT;Sep-26;27,00;25.0;20,77;-1,00;;50
15/09/26;AENA;PUT;Oct-26;23,00;25.0;24,81;-0,11;21.000;301
15/09/26;AENA;PUT;Oct-26;24,00;25.0;23,63;-0,26;;2
15/09/26;AENA;PUT;Oct-26;25,00;25.0;22,46;-0,48;;3
15/09/26;AENA;PUT;Oct-26;26,00;25.0;21,71;-0,72;;1
15/09/26;AENA;PUT;Oct-26;27,00;25.0;20,97;-0,90;;1
15/09/26;AENA;PUT;Nov-26;23,00;25.0;24,72;-0,19;1;3
15/09/26;AENA;PUT;Dic-26;18,00;25.0;29,92;-0,01;;2
15/09/26;AENA;PUT;Dic-26;19,00;25.0;28,84;-0,02;;3
15/09/26;AENA;PUT;Dic-26;19,50;25.0;28,30;-0,03;;12
15/09/26;AENA;PUT;Dic-26;20,00;25.0;27,76;-0,05;;4
15/09/26;AENA;PUT;Dic-26;21,00;25.0;26,68;-0,08;;5
15/09/26;AENA;PUT;Dic-26;22,00;25.0;25,60;-0,14;;207
15/09/26;AENA;PUT;Dic-26;23,00;25.0;24,52;-0,22;;2
15/09/26;AENA;PUT;Dic-26;24,00;25.0;23,44;-0,33;;2
15/09/26;AENA;PUT;Dic-26;25,00;25.0;22,36;-0,46;;32
15/09/26;AENA;PUT;Mar-27;18,00;25.0;28,77;-0,04;;2
15/09/26;AENA;PUT;Mar-27;20,00;25.0;26,79;-0,09;;500
15/09/26;AENA;PUT;Mar-27;20,50;25.0;26,30;-0,11;;1
15/09/26;AENA;PUT;Mar-27;21,00;25.0;25,81;-0,14;;9
15/09/26;AENA;PUT;Mar-27;22,00;25.0;24,82;-0,19;;6
15/09/26;AENA;PUT;Mar-27;24,00;25.0;22,85;-0,35;;3
15/09/26;AENA;PUT;Mar-27;26,00;25.0;21,42;-0,55;;6
15/09/26;AENA;PUT;Jun-27;18,00;25.0;26,13;-0,08;;1
15/09/26;AENA;PUT;Jun-27;19,00;25.0;25,21;-0,11;;1
15/09/26;AENA;PUT;Jun-27;20,00;25.0;24,29;-0,15;;2
15/09/26;AENA;PUT;Jun-27;23,00;25.0;21,53;-0,35;;6
15/09/26;AENA;PUT;Jun-27;24,00;25.0;20,61;-0,44;;1
15/09/26;AENA;PUT;Jun-27;25,00;25.0;19,69;-0,54;;25
15/09/26;AENA;PUT;Jun-27;26,00;25.0;19,33;-0,63;;26
15/09/26;AENA;PUT;Jun-27;27,00;25.0;18,97;-0,72;;25
15/09/26;AENA;PUT;Sep-27;18,00;25.0;25,14;-0,09;;1
15/09/26;AENA;PUT;Sep-27;23,00;25.0;21,20;-0,35;;1
15/09/26;ALMIRALL;CALL;Sep-26;11,50;10.54;27,16;;;3
15/09/26;ALMIRALL;CALL;Sep-26;14,00;10.54;26,84;;;10
15/09/26;ALMIRALL;CALL;Dic-26;12,00;10.54;26,73;0,20;;4
15/09/26;ALMIRALL;PUT;Sep-26;10,50;10.54;28,30;-0,43;;3
15/09/26;ALMIRALL;PUT;Dic-26;11,00;10.54;27,99;-0,58;;4
15/09/26;AMADEUS;CALL;Sep-26;38,00;54.04;41,91;1,00;;1
15/09/26;AMADEUS;CALL;Sep-26;49,00;54.04;34,17;1,00;;25
15/09/26;AMADEUS;CALL;Sep-26;50,00;54.04;33,47;1,00;;150
15/09/26;AMADEUS;CALL;Sep-26;52,00;54.04;32,06;0,91;;873
15/09/26;AMADEUS;CALL;Sep-26;54,00;54.04;30,66;0,52;;4
15/09/26;AMADEUS;CALL;Sep-26;56,00;54.04;30,28;0,10;;460
15/09/26;AMADEUS;CALL;Sep-26;58,00;54.04;29,92;;;31
15/09/26;AMADEUS;CALL;Sep-26;59,00;54.04;29,74;;;3
15/09/26;AMADEUS;CALL;Sep-26;60,00;54.04;29,56;;;27
15/09/26;AMADEUS;CALL;Sep-26;62,00;54.04;29,21;;;1.001
15/09/26;AMADEUS;CALL;Sep-26;64,00;54.04;28,85;;;2
15/09/26;AMADEUS;CALL;Sep-26;66,00;54.04;28,49;;;7
15/09/26;AMADEUS;CALL;Sep-26;70,00;54.04;27,78;;;31
15/09/26;AMADEUS;CALL;Sep-26;72,00;54.04;27,42;;;25
15/09/26;AMADEUS;CALL;Sep-26;74,00;54.04;27,06;;;25
15/09/26;AMADEUS;CALL;Sep-26;84,00;54.04;25,27;;;24
15/09/26;AMADEUS;CALL;Oct-26;48,00;54.04;33,49;0,90;;1
15/09/26;AMADEUS;CALL;Oct-26;56,00;54.04;29,01;0,36;;1
15/09/26;AMADEUS;CALL;Oct-26;60,00;54.04;28,32;0,12;;6
15/09/26;AMADEUS;CALL;Oct-26;62,00;54.04;27,98;0,05;;992
15/09/26;AMADEUS;CALL;Oct-26;64,00;54.04;27,63;0,02;;1.302
15/09/26;AMADEUS;CALL;Oct-26;66,00;54.04;27,28;0,01;;2
15/09/26;AMADEUS;CALL;Nov-26;58,00;54.04;28,52;0,31;;1
15/09/26;AMADEUS;CALL;Nov-26;60,00;54.04;28,17;0,22;;50
15/09/26;AMADEUS;CALL;Nov-26;64,00;54.04;27,48;0,09;;468
15/09/26;AMADEUS;CALL;Nov-26;66,00;54.04;27,13;0,05;;443
15/09/26;AMADEUS;CALL;Nov-26;68,00;54.04;26,79;0,03;;1
15/09/26;AMADEUS;CALL;Dic-26;38,00;54.04;39,27;0,97;;4
15/09/26;AMADEUS;CALL;Dic-26;39,00;54.04;38,61;0,96;;25
15/09/26;AMADEUS;CALL;Dic-26;40,00;54.04;37,96;0,95;;11
15/09/26;AMADEUS;CALL;Dic-26;45,00;54.04;34,69;0,88;;11
15/09/26;AMADEUS;CALL;Dic-26;49,00;54.04;32,08;0,76;;1
15/09/26;AMADEUS;CALL;Dic-26;50,00;54.04;31,42;0,73;;13
15/09/26;AMADEUS;CALL;Dic-26;52,00;54.04;30,11;0,64;;500
15/09/26;AMADEUS;CALL;Dic-26;54,00;54.04;28,81;0,55;;13
15/09/26;AMADEUS;CALL;Dic-26;56,00;54.04;28,56;0,45;;26
15/09/26;AMADEUS;CALL;Dic-26;58,00;54.04;28,34;0,36;;25
15/09/26;AMADEUS;CALL;Dic-26;60,00;54.04;28,12;0,27;;501
15/09/26;AMADEUS;CALL;Dic-26;62,00;54.04;27,90;0,20;1;25
15/09/26;AMADEUS;CALL;Dic-26;64,00;54.04;27,67;0,14;;27
15/09/26;AMADEUS;CALL;Dic-26;66,00;54.04;27,45;0,09;;73
15/09/26;AMADEUS;CALL;Dic-26;68,00;54.04;27,23;0,06;;25
15/09/26;AMADEUS;CALL;Dic-26;70,00;54.04;27,01;0,04;;1
15/09/26;AMADEUS;CALL;Dic-26;72,00;54.04;26,79;0,02;;28
15/09/26;AMADEUS;CALL;Dic-26;74,00;54.04;26,56;0,01;;6
15/09/26;AMADEUS;CALL;Dic-26;90,00;54.04;24,79;;;3
15/09/26;AMADEUS;CALL;Mar-27;40,00;54.04;37,09;0,91;;1
15/09/26;AMADEUS;CALL;Mar-27;52,00;54.04;29,99;0,63;;25
15/09/26;AMADEUS;CALL;Mar-27;54,00;54.04;28,80;0,55;;500
15/09/26;AMADEUS;CALL;Mar-27;56,00;54.04;28,63;0,48;;63
15/09/26;AMADEUS;CALL;Mar-27;58,00;54.04;28,49;0,41;;60
15/09/26;AMADEUS;CALL;Mar-27;60,00;54.04;28,34;0,35;;1
15/09/26;AMADEUS;CALL;Mar-27;62,00;54.04;28,19;0,29;100;300
15/09/26;AMADEUS;CALL;Mar-27;64,00;54.04;28,04;0,23;;10
15/09/26;AMADEUS;CALL;Mar-27;66,00;54.04;27,89;0,19;;3
15/09/26;AMADEUS;CALL;Jun-27;40,00;54.04;36,08;0,88;;1
15/09/26;AMADEUS;CALL;Jun-27;50,00;54.04;30,96;0,68;;1
15/09/26;AMADEUS;CALL;Jun-27;52,00;54.04;29,93;0,63;;29
15/09/26;AMADEUS;CALL;Jun-27;58,00;54.04;28,45;0,45;;25
15/09/26;AMADEUS;CALL;Jun-27;60,00;54.04;28,23;0,40;;25
15/09/26;AMADEUS;CALL;Jun-27;62,00;54.04;28,01;0,35;;50
15/09/26;AMADEUS;CALL;Jun-27;64,00;54.04;27,78;0,30;;26
15/09/26;AMADEUS;CALL;Jun-27;66,00;54.04;27,56;0,25;;50
15/09/26;AMADEUS;CALL;Jun-27;68,00;54.04;27,34;0,21;;85
15/09/26;AMADEUS;CALL;Jun-27;72,00;54.04;26,90;0,15;;1
15/09/26;AMADEUS;CALL;Sep-27;49,00;54.04;31,80;0,70;;5
15/09/26;AMADEUS;CALL;Sep-27;66,00;54.04;27,91;0,28;;26
15/09/26;AMADEUS;CALL;Dic-27;56,00;54.04;29,62;0,53;;25
15/09/26;AMADEUS;CALL;Dic-27;60,00;54.04;29,12;0,45;;25
15/09/26;AMADEUS;CALL;Dic-27;72,00;54.04;27,64;0,23;;6
15/09/26;AMADEUS;PUT;Sep-26;38,00;54.04;43,57;;;8
15/09/26;AMADEUS;PUT;Sep-26;39,00;54.04;42,87;;;6
15/09/26;AMADEUS;PUT;Sep-26;40,00;54.04;42,16;;;1
15/09/26;AMADEUS;PUT;Sep-26;41,00;54.04;41,46;;;25
15/09/26;AMADEUS;PUT;Sep-26;42,00;54.04;40,76;;;717
15/09/26;AMADEUS;PUT;Sep-26;43,00;54.04;40,05;;;15
15/09/26;AMADEUS;PUT;Sep-26;44,00;54.04;39,35;;;230
15/09/26;AMADEUS;PUT;Sep-26;45,00;54.04;38,65;;;109
15/09/26;AMADEUS;PUT;Sep-26;46,00;54.04;37,94;;;3.537
15/09/26;AMADEUS;PUT;Sep-26;47,00;54.04;37,24;;;202
15/09/26;AMADEUS;PUT;Sep-26;48,00;54.04;36,54;;;94
15/09/26;AMADEUS;PUT;Sep-26;49,00;54.04;35,83;;;56
15/09/26;AMADEUS;PUT;Sep-26;50,00;54.04;35,13;-0,01;;30
15/09/26;AMADEUS;PUT;Sep-26;52,00;54.04;33,72;-0,10;;25
15/09/26;AMADEUS;PUT;Sep-26;54,00;54.04;32,32;-0,48;;33
15/09/26;AMADEUS;PUT;Sep-26;56,00;54.04;31,94;-0,89;;3
15/09/26;AMADEUS;PUT;Sep-26;58,00;54.04;31,58;-1,00;;25
15/09/26;AMADEUS;PUT;Sep-26;60,00;54.04;31,22;-1,00;1;27
15/09/26;AMADEUS;PUT;Sep-26;66,00;54.04;30,15;-1,00;;25
15/09/26;AMADEUS;PUT;Sep-26;68,00;54.04;29,79;-1,00;;50
15/09/26;AMADEUS;PUT;Sep-26;70,00;54.04;29,44;-1,00;;50
15/09/26;AMADEUS;PUT;Oct-26;36,00;54.04;42,30;;;18
15/09/26;AMADEUS;PUT;Oct-26;39,00;54.04;40,25;;;2
15/09/26;AMADEUS;PUT;Oct-26;40,00;54.04;39,56;;;526
15/09/26;AMADEUS;PUT;Oct-26;45,00;54.04;36,14;-0,03;;1
15/09/26;AMADEUS;PUT;Oct-26;47,00;54.04;34,77;-0,07;;2
15/09/26;AMADEUS;PUT;Oct-26;48,00;54.04;34,09;-0,10;;4
15/09/26;AMADEUS;PUT;Oct-26;49,00;54.04;33,40;-0,14;;1
15/09/26;AMADEUS;PUT;Oct-26;50,00;54.04;32,72;-0,19;1;5
15/09/26;AMADEUS;PUT;Oct-26;52,00;54.04;31,35;-0,31;;7
15/09/26;AMADEUS;PUT;Oct-26;54,00;54.04;29,98;-0,47;;2
15/09/26;AMADEUS;PUT;Oct-26;58,00;54.04;29,27;-0,78;;10
15/09/26;AMADEUS;PUT;Nov-26;52,00;54.04;30,21;-0,35;;3
15/09/26;AMADEUS;PUT;Nov-26;54,00;54.04;28,86;-0,46;;3
15/09/26;AMADEUS;PUT;Dic-26;38,00;54.04;38,87;-0,03;;54
15/09/26;AMADEUS;PUT;Dic-26;39,00;54.04;38,21;-0,03;;174
15/09/26;AMADEUS;PUT;Dic-26;40,00;54.04;37,56;-0,04;;103
15/09/26;AMADEUS;PUT;Dic-26;42,00;54.04;36,25;-0,07;;2
15/09/26;AMADEUS;PUT;Dic-26;43,00;54.04;35,60;-0,08;;56
15/09/26;AMADEUS;PUT;Dic-26;44,00;54.04;34,94;-0,10;;15
15/09/26;AMADEUS;PUT;Dic-26;45,00;54.04;34,29;-0,12;;78
15/09/26;AMADEUS;PUT;Dic-26;46,00;54.04;33,64;-0,14;;38
15/09/26;AMADEUS;PUT;Dic-26;47,00;54.04;32,98;-0,17;;100
15/09/26;AMADEUS;PUT;Dic-26;48,00;54.04;32,33;-0,20;;2.022
15/09/26;AMADEUS;PUT;Dic-26;49,00;54.04;31,68;-0,23;;15
15/09/26;AMADEUS;PUT;Dic-26;50,00;54.04;31,02;-0,27;;868
15/09/26;AMADEUS;PUT;Dic-26;52,00;54.04;29,71;-0,36;;539
15/09/26;AMADEUS;PUT;Dic-26;54,00;54.04;28,41;-0,46;;92
15/09/26;AMADEUS;PUT;Dic-26;56,00;54.04;28,16;-0,56;;13
15/09/26;AMADEUS;PUT;Dic-26;58,00;54.04;27,94;-0,66;;1
15/09/26;AMADEUS;PUT;Dic-26;60,00;54.04;27,72;-0,75;1;27
15/09/26;AMADEUS;PUT;Dic-26;62,00;54.04;27,50;-0,82;;3
15/09/26;AMADEUS;PUT;Dic-26;64,00;54.04;27,27;-0,89;;1
15/09/26;AMADEUS;PUT;Dic-26;68,00;54.04;26,83;-0,98;;25
15/09/26;AMADEUS;PUT;Dic-26;70,00;54.04;26,61;-1,00;;25
15/09/26;AMADEUS;PUT;Mar-27;38,00;54.04;36,93;-0,07;;116
15/09/26;AMADEUS;PUT;Mar-27;39,00;54.04;36,34;-0,08;;55
15/09/26;AMADEUS;PUT;Mar-27;40,00;54.04;35,74;-0,09;;3
15/09/26;AMADEUS;PUT;Mar-27;41,00;54.04;35,15;-0,11;;54
15/09/26;AMADEUS;PUT;Mar-27;42,00;54.04;34,56;-0,13;;2
15/09/26;AMADEUS;PUT;Mar-27;45,00;54.04;32,78;-0,18;;7
15/09/26;AMADEUS;PUT;Mar-27;46,00;54.04;32,19;-0,21;;10
15/09/26;AMADEUS;PUT;Mar-27;47,00;54.04;31,60;-0,23;;13
15/09/26;AMADEUS;PUT;Mar-27;48,00;54.04;31,01;-0,26;;515
15/09/26;AMADEUS;PUT;Mar-27;49,00;54.04;30,41;-0,29;;15
15/09/26;AMADEUS;PUT;Mar-27;50,00;54.04;29,82;-0,32;;1
15/09/26;AMADEUS;PUT;Mar-27;52,00;54.04;28,64;-0,39;;3
15/09/26;AMADEUS;PUT;Mar-27;54,00;54.04;27,45;-0,46;;11
15/09/26;AMADEUS;PUT;Mar-27;62,00;54.04;26,84;-0,74;;1
15/09/26;AMADEUS;PUT;Jun-27;38,00;54.04;35,70;-0,09;;65
15/09/26;AMADEUS;PUT;Jun-27;39,00;54.04;35,19;-0,11;;10
15/09/26;AMADEUS;PUT;Jun-27;42,00;54.04;33,65;-0,15;;25
15/09/26;AMADEUS;PUT;Jun-27;43,00;54.04;33,14;-0,17;;25
15/09/26;AMADEUS;PUT;Jun-27;44,00;54.04;32,63;-0,19;;3
15/09/26;AMADEUS;PUT;Jun-27;45,00;54.04;32,12;-0,21;;1
15/09/26;AMADEUS;PUT;Jun-27;46,00;54.04;31,61;-0,23;;25
15/09/26;AMADEUS;PUT;Jun-27;47,00;54.04;31,09;-0,25;;25
15/09/26;AMADEUS;PUT;Jun-27;48,00;54.04;30,58;-0,27;;53
15/09/26;AMADEUS;PUT;Jun-27;49,00;54.04;30,07;-0,30;;3
15/09/26;AMADEUS;PUT;Jun-27;50,00;54.04;29,56;-0,33;;24
15/09/26;AMADEUS;PUT;Jun-27;52,00;54.04;28,53;-0,38;;7
15/09/26;AMADEUS;PUT;Jun-27;54,00;54.04;27,51;-0,45;;17
15/09/26;AMADEUS;PUT;Jun-27;60,00;54.04;26,83;-0,63;;11
15/09/26;AMADEUS;PUT;Sep-27;48,00;54.04;29,83;-0,30;1;1
15/09/26;AMADEUS;PUT;Sep-27;52,00;54.04;28,03;-0,40;;1
15/09/26;AMADEUS;PUT;Sep-27;54,00;54.04;27,13;-0,45;;12
15/09/26;AMADEUS;PUT;Dic-27;46,00;54.04;30,13;-0,26;;50
15/09/26;AMADEUS;PUT;Dic-27;47,00;54.04;29,73;-0,28;;25
15/09/26;AMADEUS;PUT;Dic-27;48,00;54.04;29,33;-0,30;;51
15/09/26;AMADEUS;PUT;Dic-27;50,00;54.04;28,53;-0,35;;7
15/09/26;AMADEUS;PUT;Dic-27;52,00;54.04;27,73;-0,40;;3
15/09/26;AMADEUS;PUT;Dic-27;58,00;54.04;26,42;-0,55;;1
15/09/26;AMADEUS;PUT;Mar-28;49,00;54.04;28,24;-0,33;;1
15/09/26;AMADEUS;PUT;Jun-28;46,00;54.04;28,82;-0,27;;2
15/09/26;AMADEUS;PUT;Jun-28;48,00;54.04;28,18;-0,31;;6
15/09/26;AMADEUS;PUT;Jun-28;56,00;54.04;26,05;-0,48;;1
15/09/26;AMADEUS;PUT;Jun-28;60,00;54.04;25,65;-0,56;;3
15/09/26;AMADEUS;PUT;Jun-28;62,00;54.04;25,45;-0,61;;3
15/09/26;AMADEUS;PUT;Jun-28;70,00;54.04;24,66;-0,76;;2
15/09/26;AMADEUS;PUT;Sep-28;46,00;54.04;28,32;-0,28;;2
15/09/26;AMADEUS;PUT;Dic-26;44,00;54.04;34,94;-0,10;;1
15/09/26;AMADEUS;PUT;Dic-26;46,00;54.04;33,64;-0,14;;1
15/09/26;AMADEUS;PUT;Dic-26;56,00;54.04;28,16;-0,55;;1
15/09/26;AMADEUS;PUT;Sep-27;60,00;54.04;26,30;-0,59;;1
15/09/26;ARCELORMITTAL;CALL;Sep-26;40,00;63.26;54,54;1,00;;25
15/09/26;ARCELORMITTAL;CALL;Sep-26;52,00;63.26;50,50;1,00;;2
15/09/26;ARCELORMITTAL;CALL;Sep-26;58,00;63.26;48,47;0,98;;2
15/09/26;ARCELORMITTAL;CALL;Sep-26;62,00;63.26;47,12;0,69;;74
15/09/26;ARCELORMITTAL;CALL;Sep-26;64,00;63.26;46,02;0,40;;28
15/09/26;ARCELORMITTAL;CALL;Sep-26;66,00;63.26;44,17;0,15;1;7
15/09/26;ARCELORMITTAL;CALL;Sep-26;68,00;63.26;42,33;0,03;;6
15/09/26;ARCELORMITTAL;CALL;Sep-26;70,00;63.26;40,48;;;114
15/09/26;ARCELORMITTAL;CALL;Sep-26;74,00;63.26;36,80;;;25
15/09/26;ARCELORMITTAL;CALL;Sep-26;76,00;63.26;34,95;;;75
15/09/26;ARCELORMITTAL;CALL;Sep-26;78,00;63.26;33,11;;;100
15/09/26;ARCELORMITTAL;CALL;Sep-26;80,00;63.26;31,26;;;50
15/09/26;ARCELORMITTAL;CALL;Sep-26;84,00;63.26;27,58;;;104
15/09/26;ARCELORMITTAL;CALL;Oct-26;50,00;63.26;48,66;0,96;2;1
15/09/26;ARCELORMITTAL;CALL;Oct-26;52,00;63.26;48,00;0,93;;6
15/09/26;ARCELORMITTAL;CALL;Oct-26;54,00;63.26;47,33;0,89;;1
15/09/26;ARCELORMITTAL;CALL;Oct-26;64,00;63.26;43,91;0,50;;53
15/09/26;ARCELORMITTAL;CALL;Oct-26;66,00;63.26;42,96;0,40;3;3
15/09/26;ARCELORMITTAL;CALL;Oct-26;68,00;63.26;42,01;0,30;;2
15/09/26;ARCELORMITTAL;CALL;Oct-26;70,00;63.26;41,06;0,22;;39
15/09/26;ARCELORMITTAL;CALL;Oct-26;74,00;63.26;39,17;0,10;;3
15/09/26;ARCELORMITTAL;CALL;Nov-26;68,00;63.26;44,61;0,40;;1
15/09/26;ARCELORMITTAL;CALL;Nov-26;76,00;63.26;41,78;0,18;;1
15/09/26;ARCELORMITTAL;CALL;Dic-26;26,00;63.26;56,88;1,00;;4
15/09/26;ARCELORMITTAL;CALL;Dic-26;35,00;63.26;54,03;0,99;;3
15/09/26;ARCELORMITTAL;CALL;Dic-26;40,00;63.26;52,45;0,97;;2
15/09/26;ARCELORMITTAL;CALL;Dic-26;45,00;63.26;50,87;0,93;;10
15/09/26;ARCELORMITTAL;CALL;Dic-26;50,00;63.26;49,29;0,86;;149
15/09/26;ARCELORMITTAL;CALL;Dic-26;56,00;63.26;47,40;0,74;;1
15/09/26;ARCELORMITTAL;CALL;Dic-26;60,00;63.26;46,13;0,64;;10
15/09/26;ARCELORMITTAL;CALL;Dic-26;68,00;63.26;44,65;0,43;50;54
15/09/26;ARCELORMITTAL;CALL;Dic-26;70,00;63.26;44,46;0,38;;26
15/09/26;ARCELORMITTAL;CALL;Dic-26;72,00;63.26;44,27;0,33;;53
15/09/26;ARCELORMITTAL;CALL;Dic-26;74,00;63.26;44,08;0,29;;5
15/09/26;ARCELORMITTAL;CALL;Dic-26;76,00;63.26;43,89;0,25;;30
15/09/26;ARCELORMITTAL;CALL;Dic-26;88,00;63.26;42,75;0,08;;25
15/09/26;ARCELORMITTAL;CALL;Jun-27;21,00;63.26;53,38;1,00;;3
15/09/26;ARCELORMITTAL;CALL;Dic-29;30,00;63.26;37,32;0,94;;1
15/09/26;ARCELORMITTAL;PUT;Sep-26;24,00;63.26;57,23;;;1
15/09/26;ARCELORMITTAL;PUT;Sep-26;38,00;63.26;52,51;;;5
15/09/26;ARCELORMITTAL;PUT;Sep-26;40,00;63.26;51,83;;;2
15/09/26;ARCELORMITTAL;PUT;Sep-26;44,00;63.26;50,49;;;25
15/09/26;ARCELORMITTAL;PUT;Sep-26;45,00;63.26;50,15;;;50
15/09/26;ARCELORMITTAL;PUT;Sep-26;46,00;63.26;49,81;;;25
15/09/26;ARCELORMITTAL;PUT;Sep-26;54,00;63.26;47,11;;;1
15/09/26;ARCELORMITTAL;PUT;Sep-26;56,00;63.26;46,44;;;1
15/09/26;ARCELORMITTAL;PUT;Sep-26;58,00;63.26;45,76;-0,02;;42
15/09/26;ARCELORMITTAL;PUT;Sep-26;60,00;63.26;45,09;-0,09;;2
15/09/26;ARCELORMITTAL;PUT;Sep-26;62,00;63.26;44,41;-0,30;;2
15/09/26;ARCELORMITTAL;PUT;Sep-26;64,00;63.26;43,31;-0,61;;1
15/09/26;ARCELORMITTAL;PUT;Sep-26;66,00;63.26;41,46;-0,87;;40
15/09/26;ARCELORMITTAL;PUT;Sep-26;68,00;63.26;39,62;-0,98;;25
15/09/26;ARCELORMITTAL;PUT;Oct-26;50,00;63.26;47,40;-0,04;;25
15/09/26;ARCELORMITTAL;PUT;Oct-26;62,00;63.26;43,42;-0,41;;12
15/09/26;ARCELORMITTAL;PUT;Nov-26;62,00;63.26;45,42;-0,42;;1
15/09/26;ARCELORMITTAL;PUT;Dic-26;34,00;63.26;53,32;-0,01;;5
15/09/26;ARCELORMITTAL;PUT;Dic-26;35,00;63.26;53,00;-0,01;;5
15/09/26;ARCELORMITTAL;PUT;Dic-26;37,00;63.26;52,37;-0,01;;5
15/09/26;ARCELORMITTAL;PUT;Dic-26;39,00;63.26;51,74;-0,02;;1
15/09/26;ARCELORMITTAL;PUT;Dic-26;40,00;63.26;51,42;-0,03;;3
15/09/26;ARCELORMITTAL;PUT;Dic-26;45,00;63.26;49,84;-0,07;;32
15/09/26;ARCELORMITTAL;PUT;Dic-26;46,00;63.26;49,53;-0,08;;1
15/09/26;ARCELORMITTAL;PUT;Dic-26;49,00;63.26;48,58;-0,12;;50
15/09/26;ARCELORMITTAL;PUT;Dic-26;50,00;63.26;48,26;-0,14;;30
15/09/26;ARCELORMITTAL;PUT;Dic-26;54,00;63.26;47,00;-0,21;;5
15/09/26;ARCELORMITTAL;PUT;Dic-26;60,00;63.26;45,10;-0,36;;115
15/09/26;ARCELORMITTAL;PUT;Dic-26;62,00;63.26;44,47;-0,41;;20
15/09/26;ARCELORMITTAL;PUT;Mar-27;36,00;63.26;48,60;-0,03;;5
15/09/26;ARCELORMITTAL;PUT;Mar-27;38,00;63.26;48,16;-0,05;;26
15/09/26;ARCELORMITTAL;PUT;Mar-27;40,00;63.26;47,72;-0,06;;25
15/09/26;ARCELORMITTAL;PUT;Dic-27;24,00;63.26;44,52;-0,01;;1
15/09/26;ARCELORMITTAL;PUT;Dic-30;44,00;63.26;34,20;-0,16;;1
15/09/26;ATRESMEDIA;CALL;Sep-26;5,00;5.31;21,09;1,00;;1
15/09/26;ATRESMEDIA;CALL;Sep-26;5,25;5.31;20,11;0,74;;1
15/09/26;ATRESMEDIA;CALL;Sep-26;5,50;5.31;18,75;0,02;;1
15/09/26;ATRESMEDIA;CALL;Oct-26;5,25;5.31;24,30;0,59;;24
15/09/26;ATRESMEDIA;CALL;Dic-26;5,25;5.31;24,45;0,58;;11
15/09/26;ATRESMEDIA;CALL;Dic-26;5,30;5.31;24,25;0,55;;1
15/09/26;ATRESMEDIA;CALL;Dic-26;5,50;5.31;23,14;0,42;;6
15/09/26;ATRESMEDIA;CALL;Dic-26;5,75;5.31;21,72;0,26;;10
15/09/26;ATRESMEDIA;CALL;Dic-26;6,00;5.31;20,31;0,13;;2
15/09/26;ATRESMEDIA;CALL;Mar-27;3,40;5.31;29,22;1,00;;2
15/09/26;ATRESMEDIA;CALL;Mar-27;5,00;5.31;24,90;0,69;;32
15/09/26;ATRESMEDIA;PUT;Sep-26;4,60;5.31;17,47;;;3
15/09/26;ATRESMEDIA;PUT;Sep-26;4,80;5.31;16,69;;;4
15/09/26;ATRESMEDIA;PUT;Sep-26;4,90;5.31;16,31;;;1
15/09/26;ATRESMEDIA;PUT;Dic-26;4,50;5.31;22,07;-0,10;;18
15/09/26;ATRESMEDIA;PUT;Dic-26;5,00;5.31;20,02;-0,36;;3
15/09/26;ATRESMEDIA;PUT;Dic-26;5,50;5.31;17,69;-0,74;;25
15/09/26;ATRESMEDIA;PUT;Dic-26;6,00;5.31;14,86;-0,97;;20
15/09/26;ATRESMEDIA;PUT;Mar-27;4,50;5.31;22,67;-0,17;;5
15/09/26;ATRESMEDIA;PUT;Jun-27;4,00;5.31;25,77;-0,14;;5
15/09/26;ATRESMEDIA;PUT;Jun-27;4,50;5.31;24,86;-0,28;;2
15/09/26;ATRESMEDIA;PUT;Jun-27;4,60;5.31;24,68;-0,31;;2
15/09/26;B.SABADELL;CALL;Sep-26;2,14;3.7;30,42;1,00;;117
15/09/26;B.SABADELL;CALL;Sep-26;2,91;3.7;28,13;1,00;;52
15/09/26;B.SABADELL;CALL;Sep-26;2,99;3.7;27,89;1,00;;30
15/09/26;B.SABADELL;CALL;Sep-26;3,16;3.7;27,38;1,00;;2
15/09/26;B.SABADELL;CALL;Sep-26;3,25;3.7;27,12;1,00;;300
15/09/26;B.SABADELL;CALL;Sep-26;3,33;3.7;26,88;1,00;;8
15/09/26;B.SABADELL;CALL;Sep-26;3,42;3.7;26,61;1,00;;8
15/09/26;B.SABADELL;CALL;Sep-26;3,50;3.7;26,37;0,99;;49
15/09/26;B.SABADELL;CALL;Sep-26;3,59;3.7;26,10;0,90;;12
15/09/26;B.SABADELL;CALL;Sep-26;3,68;3.7;25,84;0,59;;1
15/09/26;B.SABADELL;CALL;Oct-26;3,59;3.7;27,27;0,67;;1
15/09/26;B.SABADELL;CALL;Nov-26;3,68;3.7;27,10;0,56;;1
15/09/26;B.SABADELL;CALL;Dic-26;2,48;3.7;29,65;1,00;;50
15/09/26;B.SABADELL;CALL;Dic-26;2,74;3.7;28,81;0,99;;28
15/09/26;B.SABADELL;CALL;Dic-26;2,82;3.7;28,55;0,98;;3
15/09/26;B.SABADELL;CALL;Dic-26;2,99;3.7;28,00;0,95;;7
15/09/26;B.SABADELL;CALL;Dic-26;3,08;3.7;27,71;0,92;;664
15/09/26;B.SABADELL;CALL;Dic-26;3,25;3.7;27,16;0,85;;11
15/09/26;B.SABADELL;CALL;Dic-26;3,33;3.7;26,90;0,81;;10
15/09/26;B.SABADELL;CALL;Dic-26;3,50;3.7;26,35;0,70;;10
15/09/26;B.SABADELL;CALL;Dic-26;3,59;3.7;26,05;0,63;;41
15/09/26;B.SABADELL;CALL;Dic-26;3,68;3.7;25,76;0,56;;25
15/09/26;B.SABADELL;CALL;Dic-26;3,85;3.7;25,21;0,42;;40
15/09/26;B.SABADELL;CALL;Mar-27;2,22;3.7;30,59;1,00;;20
15/09/26;B.SABADELL;CALL;Mar-27;2,74;3.7;29,23;0,96;;10
15/09/26;B.SABADELL;CALL;Mar-27;2,91;3.7;28,78;0,93;;38
15/09/26;B.SABADELL;CALL;Mar-27;3,16;3.7;28,13;0,84;;80
15/09/26;B.SABADELL;CALL;Mar-27;3,33;3.7;27,68;0,76;;2
15/09/26;B.SABADELL;CALL;Mar-27;3,42;3.7;27,45;0,71;;9
15/09/26;B.SABADELL;CALL;Mar-27;3,50;3.7;27,24;0,66;;3
15/09/26;B.SABADELL;CALL;Mar-27;3,59;3.7;27,00;0,61;;50
15/09/26;B.SABADELL;CALL;Mar-27;3,93;3.7;26,07;0,41;;100
15/09/26;B.SABADELL;CALL;Jun-27;2,99;3.7;30,69;0,86;;6
15/09/26;B.SABADELL;CALL;Jun-27;3,33;3.7;29,89;0,72;;90
15/09/26;B.SABADELL;CALL;Jun-27;3,50;3.7;29,50;0,64;;4
15/09/26;B.SABADELL;CALL;Jun-27;3,59;3.7;29,29;0,59;;2
15/09/26;B.SABADELL;CALL;Jun-27;3,68;3.7;29,07;0,55;;4
15/09/26;B.SABADELL;CALL;Jun-27;3,76;3.7;28,88;0,51;;3
15/09/26;B.SABADELL;CALL;Jun-27;3,93;3.7;28,47;0,44;;1
15/09/26;B.SABADELL;CALL;Jun-27;4,02;3.7;28,25;0,40;;11
15/09/26;B.SABADELL;PUT;Sep-26;2,22;3.7;22,28;;;5.249
15/09/26;B.SABADELL;PUT;Sep-26;2,48;3.7;21,51;;;1
15/09/26;B.SABADELL;PUT;Sep-26;2,65;3.7;21,00;;;26
15/09/26;B.SABADELL;PUT;Sep-26;2,74;3.7;20,73;;;23
15/09/26;B.SABADELL;PUT;Sep-26;2,82;3.7;20,49;;;5
15/09/26;B.SABADELL;PUT;Sep-26;2,91;3.7;20,23;;;5
15/09/26;B.SABADELL;PUT;Sep-26;2,99;3.7;19,99;;;15
15/09/26;B.SABADELL;PUT;Sep-26;3,08;3.7;19,72;;;30
15/09/26;B.SABADELL;PUT;Sep-26;3,16;3.7;19,48;;;5
15/09/26;B.SABADELL;PUT;Sep-26;3,33;3.7;18,98;;;30
15/09/26;B.SABADELL;PUT;Sep-26;3,50;3.7;18,47;;;62
15/09/26;B.SABADELL;PUT;Sep-26;3,59;3.7;18,20;-0,03;;1
15/09/26;B.SABADELL;PUT;Sep-26;3,68;3.7;17,94;-0,37;;1
15/09/26;B.SABADELL;PUT;Sep-26;3,85;3.7;17,35;-1,00;;5
15/09/26;B.SABADELL;PUT;Nov-26;3,42;3.7;23,43;-0,19;;5
15/09/26;B.SABADELL;PUT;Dic-26;2,48;3.7;27,19;;;411
15/09/26;B.SABADELL;PUT;Dic-26;2,56;3.7;26,94;;;10
15/09/26;B.SABADELL;PUT;Dic-26;2,65;3.7;26,64;;;10
15/09/26;B.SABADELL;PUT;Dic-26;2,74;3.7;26,35;-0,01;;20
15/09/26;B.SABADELL;PUT;Dic-26;2,82;3.7;26,09;-0,02;;21
15/09/26;B.SABADELL;PUT;Dic-26;2,91;3.7;25,80;-0,03;;2
15/09/26;B.SABADELL;PUT;Dic-26;2,99;3.7;25,54;-0,04;;10
15/09/26;B.SABADELL;PUT;Dic-26;3,08;3.7;25,25;-0,06;;52
15/09/26;B.SABADELL;PUT;Dic-26;3,16;3.7;24,99;-0,09;;60
15/09/26;B.SABADELL;PUT;Dic-26;3,42;3.7;24,15;-0,23;;40
15/09/26;B.SABADELL;PUT;Dic-26;3,50;3.7;23,89;-0,29;;50
15/09/26;B.SABADELL;PUT;Dic-26;3,68;3.7;23,30;-0,44;;40
15/09/26;B.SABADELL;PUT;Mar-27;2,48;3.7;27,29;-0,02;;1
15/09/26;B.SABADELL;PUT;Mar-27;2,65;3.7;26,84;-0,04;;20
15/09/26;B.SABADELL;PUT;Mar-27;2,82;3.7;26,40;-0,07;;113
15/09/26;B.SABADELL;PUT;Mar-27;2,99;3.7;25,95;-0,11;;205
15/09/26;B.SABADELL;PUT;Mar-27;3,08;3.7;25,72;-0,15;;200
15/09/26;B.SABADELL;PUT;Mar-27;3,33;3.7;25,06;-0,26;;141
15/09/26;B.SABADELL;PUT;Mar-27;3,42;3.7;24,83;-0,31;;3
15/09/26;B.SABADELL;PUT;Mar-27;3,59;3.7;24,38;-0,42;;100
15/09/26;B.SABADELL;PUT;Jun-27;2,74;3.7;27,23;-0,10;;5
15/09/26;B.SABADELL;PUT;Jun-27;2,99;3.7;26,64;-0,17;;5
15/09/26;B.SABADELL;PUT;Sep-27;2,39;3.7;28,22;-0,06;;5
15/09/26;B.SABADELL;PUT;Dic-27;2,74;3.7;27,59;-0,15;;1.538
15/09/26;B.SABADELL;PUT;Dic-27;2,82;3.7;27,42;-0,17;;3.026
15/09/26;B.SABADELL;PUT;Mar-28;2,56;3.7;29,42;-0,13;;830
15/09/26;B.SABADELL;PUT;Mar-28;2,74;3.7;29,11;-0,18;;769
15/09/26;B.SABADELL;PUT;Mar-28;2,82;3.7;28,98;-0,20;;758
15/09/26;B.SABADELL;PUT;Mar-28;2,91;3.7;28,82;-0,23;;742
15/09/26;B.SABADELL;PUT;Dic-26;2,48;3.7;27,19;;;10
15/09/26;BANKINTER;CALL;Sep-26;13,50;16.63;27,32;1,00;;3
15/09/26;BANKINTER;CALL;Sep-26;14,00;16.63;26,27;1,00;;9
15/09/26;BANKINTER;CALL;Sep-26;14,50;16.63;25,21;1,00;;1
15/09/26;BANKINTER;CALL;Sep-26;15,00;16.63;24,16;1,00;;2
15/09/26;BANKINTER;CALL;Sep-26;16,50;16.63;21,00;0,66;;10
15/09/26;BANKINTER;CALL;Oct-26;15,00;16.63;26,56;0,92;;10
15/09/26;BANKINTER;CALL;Oct-26;17,50;16.63;22,86;0,24;;10
15/09/26;BANKINTER;CALL;Dic-26;13,50;16.63;30,04;0,95;;11
15/09/26;BANKINTER;CALL;Dic-26;14,00;16.63;29,05;0,92;;2
15/09/26;BANKINTER;CALL;Dic-26;15,00;16.63;27,07;0,82;;10
15/09/26;BANKINTER;CALL;Dic-26;15,50;16.63;26,07;0,75;;10
15/09/26;BANKINTER;CALL;Dic-26;16,00;16.63;25,08;0,66;;40
15/09/26;BANKINTER;CALL;Dic-26;17,00;16.63;23,73;0,46;10;110
15/09/26;BANKINTER;CALL;Mar-27;15,00;16.63;27,64;0,74;;21
15/09/26;BANKINTER;CALL;Mar-27;16,50;16.63;25,18;0,55;;100
15/09/26;BANKINTER;CALL;Mar-27;17,00;16.63;24,86;0,48;;100
15/09/26;BANKINTER;CALL;Jun-27;14,50;16.63;28,79;0,76;;1
15/09/26;BANKINTER;CALL;Jun-27;15,50;16.63;27,39;0,66;;1
15/09/26;BANKINTER;CALL;Jun-27;16,00;16.63;26,69;0,60;;25
15/09/26;BANKINTER;CALL;Jun-27;16,50;16.63;25,99;0,55;;1
15/09/26;BANKINTER;CALL;Dic-27;14,50;16.63;28,04;0,73;;3
15/09/26;BANKINTER;CALL;Dic-27;15,50;16.63;26,96;0,65;;1
15/09/26;BANKINTER;CALL;Dic-27;17,00;16.63;25,66;0,52;;25
15/09/26;BANKINTER;PUT;Sep-26;6,50;16.63;41,98;;;31
15/09/26;BANKINTER;PUT;Sep-26;7,00;16.63;40,92;;;1
15/09/26;BANKINTER;PUT;Sep-26;10,50;16.63;33,55;;;3
15/09/26;BANKINTER;PUT;Sep-26;11,00;16.63;32,50;;;3
15/09/26;BANKINTER;PUT;Sep-26;11,50;16.63;31,45;;;4
15/09/26;BANKINTER;PUT;Sep-26;12,50;16.63;29,34;;;2
15/09/26;BANKINTER;PUT;Sep-26;13,00;16.63;28,29;;;20
15/09/26;BANKINTER;PUT;Sep-26;13,50;16.63;27,24;;;10
15/09/26;BANKINTER;PUT;Sep-26;14,00;16.63;26,19;;;10
15/09/26;BANKINTER;PUT;Sep-26;15,00;16.63;24,08;;;5
15/09/26;BANKINTER;PUT;Sep-26;15,50;16.63;23,03;;;20
15/09/26;BANKINTER;PUT;Sep-26;16,50;16.63;20,92;-0,34;;3
15/09/26;BANKINTER;PUT;Sep-26;17,00;16.63;20,53;-0,88;;10
15/09/26;BANKINTER;PUT;Oct-26;14,50;16.63;27,52;-0,04;;10
15/09/26;BANKINTER;PUT;Oct-26;16,50;16.63;23,31;-0,43;;25
15/09/26;BANKINTER;PUT;Dic-26;7,25;16.63;41,42;;;1
15/09/26;BANKINTER;PUT;Dic-26;11,00;16.63;33,98;-0,01;;1
15/09/26;BANKINTER;PUT;Dic-26;12,00;16.63;31,99;-0,02;;1.020
15/09/26;BANKINTER;PUT;Dic-26;12,50;16.63;31,00;-0,04;;114
15/09/26;BANKINTER;PUT;Dic-26;13,00;16.63;30,01;-0,05;;20
15/09/26;BANKINTER;PUT;Dic-26;13,50;16.63;29,01;-0,08;;3.360
15/09/26;BANKINTER;PUT;Dic-26;14,00;16.63;28,02;-0,12;;25
15/09/26;BANKINTER;PUT;Dic-26;15,00;16.63;26,04;-0,23;;5
15/09/26;BANKINTER;PUT;Dic-26;16,00;16.63;24,05;-0,40;10;25
15/09/26;BANKINTER;PUT;Dic-26;17,00;16.63;22,70;-0,60;10;10
15/09/26;BANKINTER;PUT;Mar-27;13,50;16.63;27,90;-0,13;;1.008
15/09/26;BANKINTER;PUT;Mar-27;15,50;16.63;24,61;-0,33;;75
15/09/26;BANKINTER;PUT;Jun-27;11,00;16.63;30,59;-0,05;;222
15/09/26;BANKINTER;PUT;Jun-27;12,50;16.63;28,49;-0,11;;3
15/09/26;BANKINTER;PUT;Jun-27;13,50;16.63;27,09;-0,17;;1.000
15/09/26;BANKINTER;PUT;Dic-27;10,50;16.63;28,48;-0,06;;1.000
15/09/26;BANKINTER;PUT;Dic-27;11,00;16.63;27,94;-0,08;;50
15/09/26;BANKINTER;PUT;Dic-27;15,00;16.63;23,61;-0,33;;25
15/09/26;BANKINTER;PUT;Mar-28;13,00;16.63;26,66;-0,20;;194
15/09/26;BANKINTER;PUT;Mar-28;14,00;16.63;25,76;-0,26;;175
15/09/26;BBVA;CALL;Sep-26;13,50;24.9;51,01;1,00;;75
15/09/26;BBVA;CALL;Sep-26;14,00;24.9;50,06;1,00;;75
15/09/26;BBVA;CALL;Sep-26;14,50;24.9;49,10;1,00;;75
15/09/26;BBVA;CALL;Sep-26;15,00;24.9;48,14;1,00;;152
15/09/26;BBVA;CALL;Sep-26;15,50;24.9;47,18;1,00;;150
15/09/26;BBVA;CALL;Sep-26;16,00;24.9;46,23;1,00;;300
15/09/26;BBVA;CALL;Sep-26;16,50;24.9;45,27;1,00;;300
15/09/26;BBVA;CALL;Sep-26;17,00;24.9;44,31;1,00;;1.950
15/09/26;BBVA;CALL;Sep-26;17,50;24.9;43,36;1,00;;5.000
15/09/26;BBVA;CALL;Sep-26;18,50;24.9;41,44;1,00;;151
15/09/26;BBVA;CALL;Sep-26;19,00;24.9;40,48;1,00;;4.260
15/09/26;BBVA;CALL;Sep-26;19,50;24.9;39,53;1,00;;250
15/09/26;BBVA;CALL;Sep-26;20,00;24.9;38,57;1,00;;7.148
15/09/26;BBVA;CALL;Sep-26;21,00;24.9;36,66;1,00;;2.009
15/09/26;BBVA;CALL;Sep-26;22,00;24.9;34,74;1,00;10;514
15/09/26;BBVA;CALL;Sep-26;23,00;24.9;32,83;1,00;;150
15/09/26;BBVA;CALL;Sep-26;24,00;24.9;30,91;0,91;15;42
15/09/26;BBVA;CALL;Sep-26;25,00;24.9;29,16;0,45;;540
15/09/26;BBVA;CALL;Sep-26;25,50;24.9;28,99;0,19;;133
15/09/26;BBVA;CALL;Sep-26;26,00;24.9;28,82;0,05;;1.231
15/09/26;BBVA;CALL;Sep-26;27,00;24.9;28,49;;;130
15/09/26;BBVA;CALL;Oct-26;25,00;24.9;25,42;0,50;;11
15/09/26;BBVA;CALL;Oct-26;26,00;24.9;25,10;0,27;2;12
15/09/26;BBVA;CALL;Oct-26;27,00;24.9;24,78;0,12;;110
15/09/26;BBVA;CALL;Dic-26;13,00;24.9;49,83;1,00;;25
15/09/26;BBVA;CALL;Dic-26;15,00;24.9;46,21;1,00;;30
15/09/26;BBVA;CALL;Dic-26;16,00;24.9;44,40;1,00;;3.960
15/09/26;BBVA;CALL;Dic-26;16,50;24.9;43,50;1,00;;50
15/09/26;BBVA;CALL;Dic-26;17,00;24.9;42,60;0,99;;4.311
15/09/26;BBVA;CALL;Dic-26;17,50;24.9;41,69;0,99;;650
15/09/26;BBVA;CALL;Dic-26;18,00;24.9;40,79;0,98;;159
15/09/26;BBVA;CALL;Dic-26;18,50;24.9;39,89;0,98;;8
15/09/26;BBVA;CALL;Dic-26;19,00;24.9;38,98;0,96;;2.502
15/09/26;BBVA;CALL;Dic-26;19,50;24.9;38,08;0,95;;3
15/09/26;BBVA;CALL;Dic-26;20,00;24.9;37,18;0,93;;162
15/09/26;BBVA;CALL;Dic-26;21,00;24.9;35,37;0,88;;3.518
15/09/26;BBVA;CALL;Dic-26;22,00;24.9;33,56;0,80;;22
15/09/26;BBVA;CALL;Dic-26;23,00;24.9;31,75;0,71;;2.211
15/09/26;BBVA;CALL;Dic-26;24,00;24.9;29,95;0,61;;11
15/09/26;BBVA;CALL;Dic-26;25,00;24.9;28,29;0,49;10;266
15/09/26;BBVA;CALL;Dic-26;26,00;24.9;27,95;0,38;;277
15/09/26;BBVA;CALL;Dic-26;27,00;24.9;27,62;0,29;29;172
15/09/26;BBVA;CALL;Dic-26;28,00;24.9;27,28;0,20;;17
15/09/26;BBVA;CALL;Dic-26;30,00;24.9;26,61;0,08;;10
15/09/26;BBVA;CALL;Dic-26;31,00;24.9;26,28;0,05;;10
15/09/26;BBVA;CALL;Mar-27;9,50;24.9;51,02;1,00;;25
15/09/26;BBVA;CALL;Mar-27;12,00;24.9;47,40;1,00;;25
15/09/26;BBVA;CALL;Mar-27;13,00;24.9;45,95;1,00;;1
15/09/26;BBVA;CALL;Mar-27;15,50;24.9;42,34;0,98;;5
15/09/26;BBVA;CALL;Mar-27;16,00;24.9;41,62;0,97;;905
15/09/26;BBVA;CALL;Mar-27;16,50;24.9;40,89;0,96;;250
15/09/26;BBVA;CALL;Mar-27;17,50;24.9;39,45;0,93;;40
15/09/26;BBVA;CALL;Mar-27;18,00;24.9;38,73;0,91;;101
15/09/26;BBVA;CALL;Mar-27;19,00;24.9;37,28;0,88;;109
15/09/26;BBVA;CALL;Mar-27;20,00;24.9;35,83;0,84;;3.053
15/09/26;BBVA;CALL;Mar-27;20,50;24.9;35,11;0,81;;1
15/09/26;BBVA;CALL;Mar-27;21,50;24.9;33,67;0,77;;4.000
15/09/26;BBVA;CALL;Mar-27;22,00;24.9;32,94;0,74;;4.055
15/09/26;BBVA;CALL;Mar-27;23,00;24.9;31,50;0,68;;161
15/09/26;BBVA;CALL;Mar-27;24,00;24.9;30,05;0,61;;381
15/09/26;BBVA;CALL;Mar-27;25,00;24.9;28,72;0,53;;11.721
15/09/26;BBVA;CALL;Mar-27;26,00;24.9;28,47;0,45;;500
15/09/26;BBVA;CALL;Mar-27;27,00;24.9;28,22;0,38;;500
15/09/26;BBVA;CALL;Mar-27;28,00;24.9;27,96;0,31;;200
15/09/26;BBVA;CALL;Jun-27;12,00;24.9;47,96;1,00;;150
15/09/26;BBVA;CALL;Jun-27;12,50;24.9;47,27;1,00;;25
15/09/26;BBVA;CALL;Jun-27;13,00;24.9;46,58;1,00;;1
15/09/26;BBVA;CALL;Jun-27;15,00;24.9;43,82;0,97;;3
15/09/26;BBVA;CALL;Jun-27;17,00;24.9;41,06;0,91;;6.000
15/09/26;BBVA;CALL;Jun-27;20,00;24.9;36,93;0,81;;150
15/09/26;BBVA;CALL;Jun-27;21,00;24.9;35,55;0,77;;2.600
15/09/26;BBVA;CALL;Jun-27;22,00;24.9;34,17;0,72;;3.150
15/09/26;BBVA;CALL;Jun-27;23,00;24.9;32,79;0,67;2;29
15/09/26;BBVA;CALL;Jun-27;24,00;24.9;31,41;0,61;;30
15/09/26;BBVA;CALL;Jun-27;25,00;24.9;30,14;0,54;;1.760
15/09/26;BBVA;CALL;Jun-27;26,00;24.9;29,86;0,47;;15
15/09/26;BBVA;CALL;Jun-27;27,00;24.9;29,58;0,41;;3.012
15/09/26;BBVA;CALL;Sep-27;11,50;24.9;46,65;1,00;;150
15/09/26;BBVA;CALL;Sep-27;12,00;24.9;46,04;1,00;;150
15/09/26;BBVA;CALL;Sep-27;15,00;24.9;42,39;0,95;;2
15/09/26;BBVA;CALL;Sep-27;20,00;24.9;36,30;0,79;;1
15/09/26;BBVA;CALL;Sep-27;22,00;24.9;33,86;0,70;;1
15/09/26;BBVA;CALL;Dic-27;11,00;24.9;46,52;1,00;;150
15/09/26;BBVA;CALL;Dic-27;11,50;24.9;45,97;1,00;;26
15/09/26;BBVA;CALL;Dic-27;13,50;24.9;43,77;0,98;;150
15/09/26;BBVA;CALL;Dic-27;15,00;24.9;42,13;0,94;;75
15/09/26;BBVA;CALL;Dic-27;16,00;24.9;41,03;0,91;;6.000
15/09/26;BBVA;CALL;Dic-27;17,00;24.9;39,93;0,88;;150
15/09/26;BBVA;CALL;Dic-27;17,50;24.9;39,38;0,87;;100
15/09/26;BBVA;CALL;Dic-27;18,00;24.9;38,83;0,85;;1
15/09/26;BBVA;CALL;Dic-27;20,00;24.9;36,64;0,78;;150
15/09/26;BBVA;CALL;Dic-27;25,00;24.9;31,23;0,55;;4.002
15/09/26;BBVA;CALL;Dic-27;26,00;24.9;30,88;0,50;;100
15/09/26;BBVA;CALL;Dic-27;27,00;24.9;30,53;0,45;;2
15/09/26;BBVA;CALL;Mar-28;17,00;24.9;39,19;0,87;;600
15/09/26;BBVA;CALL;Mar-28;17,50;24.9;38,69;0,85;;300
15/09/26;BBVA;CALL;Mar-28;18,00;24.9;38,20;0,84;;300
15/09/26;BBVA;CALL;Mar-28;21,00;24.9;35,22;0,73;;350
15/09/26;BBVA;CALL;Jun-28;10,00;24.9;46,95;1,00;;1
15/09/26;BBVA;CALL;Jun-28;17,00;24.9;40,20;0,86;;750
15/09/26;BBVA;CALL;Jun-28;17,50;24.9;39,72;0,85;;600
15/09/26;BBVA;CALL;Jun-28;18,00;24.9;39,24;0,83;;575
15/09/26;BBVA;CALL;Jun-28;18,50;24.9;38,76;0,81;;3
15/09/26;BBVA;CALL;Jun-28;19,00;24.9;38,28;0,80;;50
15/09/26;BBVA;CALL;Jun-28;19,50;24.9;37,79;0,78;;100
15/09/26;BBVA;CALL;Jun-28;20,00;24.9;37,31;0,76;;125
15/09/26;BBVA;CALL;Jun-28;21,00;24.9;36,35;0,73;;525
15/09/26;BBVA;CALL;Jun-28;22,00;24.9;35,39;0,69;;4.450
15/09/26;BBVA;CALL;Jun-28;23,00;24.9;34,42;0,65;;150
15/09/26;BBVA;CALL;Jun-28;24,00;24.9;33,46;0,61;;300
15/09/26;BBVA;CALL;Jun-28;25,00;24.9;32,55;0,57;;1.000
15/09/26;BBVA;CALL;Dic-29;15,00;24.9;40,36;0,91;;50
15/09/26;BBVA;PUT;Sep-26;6,75;24.9;65,12;;;1
15/09/26;BBVA;PUT;Sep-26;8,25;24.9;62,25;;;5
15/09/26;BBVA;PUT;Sep-26;9,00;24.9;60,82;;;674
15/09/26;BBVA;PUT;Sep-26;9,25;24.9;60,34;;;368
15/09/26;BBVA;PUT;Sep-26;9,50;24.9;59,86;;;25
15/09/26;BBVA;PUT;Sep-26;9,75;24.9;59,38;;;200
15/09/26;BBVA;PUT;Sep-26;10,00;24.9;58,90;;;40.150
15/09/26;BBVA;PUT;Sep-26;10,50;24.9;57,95;;;300
15/09/26;BBVA;PUT;Sep-26;11,00;24.9;56,99;;;350
15/09/26;BBVA;PUT;Sep-26;11,50;24.9;56,03;;;1
15/09/26;BBVA;PUT;Sep-26;12,00;24.9;55,07;;;1
15/09/26;BBVA;PUT;Sep-26;12,50;24.9;54,12;;;50
15/09/26;BBVA;PUT;Sep-26;13,00;24.9;53,16;;;130
15/09/26;BBVA;PUT;Sep-26;14,00;24.9;51,25;;;55
15/09/26;BBVA;PUT;Sep-26;14,50;24.9;50,29;;;6
15/09/26;BBVA;PUT;Sep-26;15,00;24.9;49,33;;;108
15/09/26;BBVA;PUT;Sep-26;15,50;24.9;48,37;;;56
15/09/26;BBVA;PUT;Sep-26;16,00;24.9;47,42;;;89
15/09/26;BBVA;PUT;Sep-26;16,50;24.9;46,46;;;58
15/09/26;BBVA;PUT;Sep-26;17,00;24.9;45,50;;;4.956
15/09/26;BBVA;PUT;Sep-26;17,50;24.9;44,55;;;151
15/09/26;BBVA;PUT;Sep-26;18,00;24.9;43,59;;;7.070
15/09/26;BBVA;PUT;Sep-26;18,50;24.9;42,63;;;210
15/09/26;BBVA;PUT;Sep-26;19,00;24.9;41,67;;;7.071
15/09/26;BBVA;PUT;Sep-26;19,50;24.9;40,72;;;301
15/09/26;BBVA;PUT;Sep-26;20,00;24.9;39,76;;;12.031
15/09/26;BBVA;PUT;Sep-26;20,50;24.9;38,80;;;250
15/09/26;BBVA;PUT;Sep-26;21,00;24.9;37,85;;;3.167
15/09/26;BBVA;PUT;Sep-26;22,00;24.9;35,93;;;263
15/09/26;BBVA;PUT;Sep-26;23,00;24.9;34,02;;;454
15/09/26;BBVA;PUT;Sep-26;24,00;24.9;32,10;-0,10;10;202
15/09/26;BBVA;PUT;Sep-26;24,50;24.9;31,15;-0,28;;151
15/09/26;BBVA;PUT;Sep-26;25,00;24.9;30,35;-0,55;;311
15/09/26;BBVA;PUT;Sep-26;25,50;24.9;30,18;-0,80;;3
15/09/26;BBVA;PUT;Sep-26;26,00;24.9;30,01;-0,94;;48
15/09/26;BBVA;PUT;Oct-26;19,00;24.9;35,58;-0,01;;1
15/09/26;BBVA;PUT;Oct-26;20,00;24.9;33,78;-0,02;;6
15/09/26;BBVA;PUT;Oct-26;20,50;24.9;32,87;-0,03;;10
15/09/26;BBVA;PUT;Oct-26;21,00;24.9;31,97;-0,04;;10
15/09/26;BBVA;PUT;Oct-26;22,00;24.9;30,16;-0,10;;125
15/09/26;BBVA;PUT;Oct-26;23,00;24.9;28,35;-0,20;;173
15/09/26;BBVA;PUT;Oct-26;24,00;24.9;26,55;-0,37;53;55
15/09/26;BBVA;PUT;Oct-26;25,00;24.9;24,89;-0,59;;14
15/09/26;BBVA;PUT;Oct-26;27,00;24.9;24,25;-0,91;;2
15/09/26;BBVA;PUT;Nov-26;22,00;24.9;31,86;-0,19;;1
15/09/26;BBVA;PUT;Nov-26;23,00;24.9;30,05;-0,28;;120
15/09/26;BBVA;PUT;Nov-26;24,00;24.9;28,25;-0,40;;10
15/09/26;BBVA;PUT;Nov-26;27,00;24.9;25,95;-0,79;;50
15/09/26;BBVA;PUT;Dic-26;5,75;24.9;61,02;;;150
15/09/26;BBVA;PUT;Dic-26;6,00;24.9;60,57;;;10.150
15/09/26;BBVA;PUT;Dic-26;6,25;24.9;60,11;;;150
15/09/26;BBVA;PUT;Dic-26;6,50;24.9;59,66;;;13.250
15/09/26;BBVA;PUT;Dic-26;6,75;24.9;59,21;;;450
15/09/26;BBVA;PUT;Dic-26;7,00;24.9;58,76;;;300
15/09/26;BBVA;PUT;Dic-26;7,25;24.9;58,31;;;600
15/09/26;BBVA;PUT;Dic-26;7,50;24.9;57,86;;;450
15/09/26;BBVA;PUT;Dic-26;7,75;24.9;57,40;;;451
15/09/26;BBVA;PUT;Dic-26;8,00;24.9;56,95;;;18.450
15/09/26;BBVA;PUT;Dic-26;8,25;24.9;56,50;;;15
15/09/26;BBVA;PUT;Dic-26;8,50;24.9;56,05;;;25.000
15/09/26;BBVA;PUT;Dic-26;8,75;24.9;55,60;;;311
15/09/26;BBVA;PUT;Dic-26;9,00;24.9;55,14;;;14.933
15/09/26;BBVA;PUT;Dic-26;9,25;24.9;54,69;;;75
15/09/26;BBVA;PUT;Dic-26;9,50;24.9;54,24;;;76
15/09/26;BBVA;PUT;Dic-26;9,75;24.9;53,79;;;200
15/09/26;BBVA;PUT;Dic-26;10,00;24.9;53,34;;;226
15/09/26;BBVA;PUT;Dic-26;10,50;24.9;52,43;;;300
15/09/26;BBVA;PUT;Dic-26;11,00;24.9;51,53;;;481
15/09/26;BBVA;PUT;Dic-26;11,50;24.9;50,63;;;1
15/09/26;BBVA;PUT;Dic-26;12,00;24.9;49,72;;;8.410
15/09/26;BBVA;PUT;Dic-26;12,50;24.9;48,82;;;250
15/09/26;BBVA;PUT;Dic-26;13,00;24.9;47,92;;;42.101
15/09/26;BBVA;PUT;Dic-26;13,50;24.9;47,01;;;400
15/09/26;BBVA;PUT;Dic-26;14,00;24.9;46,11;-0,01;;706
15/09/26;BBVA;PUT;Dic-26;14,50;24.9;45,21;-0,01;;300
15/09/26;BBVA;PUT;Dic-26;15,00;24.9;44,30;-0,01;;3.774
15/09/26;BBVA;PUT;Dic-26;15,50;24.9;43,40;-0,01;;12
15/09/26;BBVA;PUT;Dic-26;16,00;24.9;42,49;-0,02;;92
15/09/26;BBVA;PUT;Dic-26;16,50;24.9;41,59;-0,02;;520
15/09/26;BBVA;PUT;Dic-26;17,00;24.9;40,69;-0,03;;8.736
15/09/26;BBVA;PUT;Dic-26;17,50;24.9;39,78;-0,04;;124
15/09/26;BBVA;PUT;Dic-26;18,00;24.9;38,88;-0,05;;20.159
15/09/26;BBVA;PUT;Dic-26;18,50;24.9;37,98;-0,06;;105
15/09/26;BBVA;PUT;Dic-26;19,00;24.9;37,07;-0,07;;13.517
15/09/26;BBVA;PUT;Dic-26;20,00;24.9;35,27;-0,10;;10.512
15/09/26;BBVA;PUT;Dic-26;20,50;24.9;34,36;-0,13;;6
15/09/26;BBVA;PUT;Dic-26;21,00;24.9;33,46;-0,15;30;12.145
15/09/26;BBVA;PUT;Dic-26;22,00;24.9;31,65;-0,22;2;1.005
15/09/26;BBVA;PUT;Dic-26;23,00;24.9;29,84;-0,30;;2.600
15/09/26;BBVA;PUT;Dic-26;24,00;24.9;28,04;-0,40;;581
15/09/26;BBVA;PUT;Dic-26;25,00;24.9;26,38;-0,52;;51
15/09/26;BBVA;PUT;Dic-26;28,00;24.9;25,37;-0,84;;50
15/09/26;BBVA;PUT;Mar-27;8,50;24.9;50,87;;;25
15/09/26;BBVA;PUT;Mar-27;8,75;24.9;50,51;;;25
15/09/26;BBVA;PUT;Mar-27;9,00;24.9;50,15;;;25
15/09/26;BBVA;PUT;Mar-27;9,25;24.9;49,79;;;25
15/09/26;BBVA;PUT;Mar-27;9,50;24.9;49,43;;;30
15/09/26;BBVA;PUT;Mar-27;9,75;24.9;49,06;;;25
15/09/26;BBVA;PUT;Mar-27;10,50;24.9;47,98;;;175
15/09/26;BBVA;PUT;Mar-27;11,00;24.9;47,26;;;175
15/09/26;BBVA;PUT;Mar-27;11,50;24.9;46,53;-0,01;;32.250
15/09/26;BBVA;PUT;Mar-27;12,00;24.9;45,81;-0,01;;40
15/09/26;BBVA;PUT;Mar-27;12,50;24.9;45,09;-0,01;;30
15/09/26;BBVA;PUT;Mar-27;13,00;24.9;44,36;-0,01;;40
15/09/26;BBVA;PUT;Mar-27;13,50;24.9;43,64;-0,02;;20
15/09/26;BBVA;PUT;Mar-27;14,00;24.9;42,92;-0,02;;30
15/09/26;BBVA;PUT;Mar-27;15,00;24.9;41,47;-0,03;;220
15/09/26;BBVA;PUT;Mar-27;16,00;24.9;40,03;-0,05;;5.500
15/09/26;BBVA;PUT;Mar-27;16,50;24.9;39,30;-0,05;;450
15/09/26;BBVA;PUT;Mar-27;17,00;24.9;38,58;-0,07;;2.360
15/09/26;BBVA;PUT;Mar-27;17,50;24.9;37,86;-0,08;;4.250
15/09/26;BBVA;PUT;Mar-27;18,00;24.9;37,14;-0,09;;100
15/09/26;BBVA;PUT;Mar-27;18,50;24.9;36,41;-0,10;;10
15/09/26;BBVA;PUT;Mar-27;19,00;24.9;35,69;-0,12;;2.400
15/09/26;BBVA;PUT;Mar-27;19,50;24.9;34,97;-0,14;;3.810
15/09/26;BBVA;PUT;Mar-27;20,00;24.9;34,24;-0,16;;6.280
15/09/26;BBVA;PUT;Mar-27;20,50;24.9;33,52;-0,18;;20
15/09/26;BBVA;PUT;Mar-27;21,00;24.9;32,80;-0,20;;381
15/09/26;BBVA;PUT;Mar-27;22,00;24.9;31,35;-0,26;;12.645
15/09/26;BBVA;PUT;Mar-27;23,00;24.9;29,91;-0,32;;8.150
15/09/26;BBVA;PUT;Mar-27;24,00;24.9;28,46;-0,40;;1
15/09/26;BBVA;PUT;Mar-27;25,00;24.9;27,13;-0,48;;11.500
15/09/26;BBVA;PUT;Jun-27;4,30;24.9;55,55;;;1
15/09/26;BBVA;PUT;Jun-27;4,50;24.9;55,28;;;1
15/09/26;BBVA;PUT;Jun-27;4,90;24.9;54,73;;;150
15/09/26;BBVA;PUT;Jun-27;5,00;24.9;54,59;;;300
15/09/26;BBVA;PUT;Jun-27;5,25;24.9;54,24;;;298
15/09/26;BBVA;PUT;Jun-27;7,00;24.9;51,83;;;2
15/09/26;BBVA;PUT;Jun-27;8,00;24.9;50,45;;;1
15/09/26;BBVA;PUT;Jun-27;8,25;24.9;50,11;;;7
15/09/26;BBVA;PUT;Jun-27;9,00;24.9;49,07;-0,01;;7.000
15/09/26;BBVA;PUT;Jun-27;9,75;24.9;48,04;-0,01;;175
15/09/26;BBVA;PUT;Jun-27;10,00;24.9;47,69;-0,01;;10.000
15/09/26;BBVA;PUT;Jun-27;11,00;24.9;46,32;-0,02;;75
15/09/26;BBVA;PUT;Jun-27;12,00;24.9;44,94;-0,02;;20
15/09/26;BBVA;PUT;Jun-27;12,50;24.9;44,25;-0,03;;197
15/09/26;BBVA;PUT;Jun-27;13,00;24.9;43,56;-0,03;;1.126
15/09/26;BBVA;PUT;Jun-27;13,50;24.9;42,87;-0,04;;190
15/09/26;BBVA;PUT;Jun-27;14,00;24.9;42,18;-0,05;;33
15/09/26;BBVA;PUT;Jun-27;14,50;24.9;41,49;-0,05;;400
15/09/26;BBVA;PUT;Jun-27;15,00;24.9;40,80;-0,06;;600
15/09/26;BBVA;PUT;Jun-27;15,50;24.9;40,11;-0,07;;21
15/09/26;BBVA;PUT;Jun-27;16,00;24.9;39,42;-0,08;;3
15/09/26;BBVA;PUT;Jun-27;16,50;24.9;38,73;-0,09;;250
15/09/26;BBVA;PUT;Jun-27;17,00;24.9;38,04;-0,11;;151
15/09/26;BBVA;PUT;Jun-27;17,50;24.9;37,35;-0,12;;150
15/09/26;BBVA;PUT;Jun-27;18,00;24.9;36,66;-0,14;;160
15/09/26;BBVA;PUT;Jun-27;18,50;24.9;35,97;-0,15;;2
15/09/26;BBVA;PUT;Jun-27;19,00;24.9;35,29;-0,17;;152
15/09/26;BBVA;PUT;Jun-27;20,00;24.9;33,91;-0,21;;2.628
15/09/26;BBVA;PUT;Jun-27;21,00;24.9;32,53;-0,26;;75
15/09/26;BBVA;PUT;Jun-27;23,00;24.9;29,77;-0,37;;1.180
15/09/26;BBVA;PUT;Jun-27;24,00;24.9;28,39;-0,44;;91
15/09/26;BBVA;PUT;Jun-27;25,00;24.9;27,12;-0,51;;30
15/09/26;BBVA;PUT;Jun-27;26,00;24.9;26,84;-0,57;;10
15/09/26;BBVA;PUT;Sep-27;7,75;24.9;48,24;;;10
15/09/26;BBVA;PUT;Sep-27;16,00;24.9;38,19;-0,10;;309
15/09/26;BBVA;PUT;Sep-27;16,50;24.9;37,58;-0,11;;10
15/09/26;BBVA;PUT;Sep-27;17,00;24.9;36,97;-0,12;;379
15/09/26;BBVA;PUT;Sep-27;17,50;24.9;36,36;-0,13;;150
15/09/26;BBVA;PUT;Sep-27;18,00;24.9;35,76;-0,15;;150
15/09/26;BBVA;PUT;Sep-27;20,00;24.9;33,32;-0,22;;75
15/09/26;BBVA;PUT;Sep-27;22,00;24.9;30,88;-0,31;;1
15/09/26;BBVA;PUT;Dic-27;4,40;24.9;50,20;;;1
15/09/26;BBVA;PUT;Dic-27;4,90;24.9;49,65;;;150
15/09/26;BBVA;PUT;Dic-27;5,00;24.9;49,54;;;150
15/09/26;BBVA;PUT;Dic-27;6,50;24.9;47,90;;;10
15/09/26;BBVA;PUT;Dic-27;7,00;24.9;47,35;;;150
15/09/26;BBVA;PUT;Dic-27;7,25;24.9;47,07;;;150
15/09/26;BBVA;PUT;Dic-27;7,75;24.9;46,53;-0,01;;1
15/09/26;BBVA;PUT;Dic-27;8,25;24.9;45,98;-0,01;;150
15/09/26;BBVA;PUT;Dic-27;8,50;24.9;45,70;-0,01;;6.150
15/09/26;BBVA;PUT;Dic-27;8,75;24.9;45,43;-0,01;;1
15/09/26;BBVA;PUT;Dic-27;9,00;24.9;45,15;-0,01;;7.650
15/09/26;BBVA;PUT;Dic-27;9,25;24.9;44,88;-0,01;;150
15/09/26;BBVA;PUT;Dic-27;9,50;24.9;44,60;-0,02;;250
15/09/26;BBVA;PUT;Dic-27;9,75;24.9;44,33;-0,02;;150
15/09/26;BBVA;PUT;Dic-27;10,00;24.9;44,06;-0,02;;407
15/09/26;BBVA;PUT;Dic-27;10,50;24.9;43,51;-0,02;;300
15/09/26;BBVA;PUT;Dic-27;11,00;24.9;42,96;-0,03;;5.304
15/09/26;BBVA;PUT;Dic-27;12,00;24.9;41,86;-0,04;;3.300
15/09/26;BBVA;PUT;Dic-27;12,50;24.9;41,31;-0,05;;300
15/09/26;BBVA;PUT;Dic-27;13,00;24.9;40,76;-0,06;;10.000
15/09/26;BBVA;PUT;Dic-27;13,50;24.9;40,21;-0,06;;150
15/09/26;BBVA;PUT;Dic-27;14,00;24.9;39,67;-0,07;;150
15/09/26;BBVA;PUT;Dic-27;15,00;24.9;38,57;-0,09;;3
15/09/26;BBVA;PUT;Dic-27;16,00;24.9;37,47;-0,11;;15.000
15/09/26;BBVA;PUT;Dic-27;16,50;24.9;36,92;-0,13;;174
15/09/26;BBVA;PUT;Dic-27;17,00;24.9;36,37;-0,14;;8.500
15/09/26;BBVA;PUT;Dic-27;17,50;24.9;35,82;-0,16;;292
15/09/26;BBVA;PUT;Dic-27;18,00;24.9;35,27;-0,17;;150
15/09/26;BBVA;PUT;Dic-27;20,00;24.9;33,08;-0,24;;4.000
15/09/26;BBVA;PUT;Dic-27;21,00;24.9;31,98;-0,28;;150
15/09/26;BBVA;PUT;Dic-27;22,00;24.9;30,88;-0,33;;10.302
15/09/26;BBVA;PUT;Dic-27;23,00;24.9;29,79;-0,38;;300
15/09/26;BBVA;PUT;Dic-27;25,00;24.9;27,67;-0,48;;1
15/09/26;BBVA;PUT;Mar-28;15,00;24.9;37,23;-0,10;;150
15/09/26;BBVA;PUT;Mar-28;15,50;24.9;36,73;-0,11;;150
15/09/26;BBVA;PUT;Mar-28;18,00;24.9;34,26;-0,18;;26
15/09/26;BBVA;PUT;Mar-28;20,00;24.9;32,27;-0,24;;150
15/09/26;BBVA;PUT;Mar-28;21,00;24.9;31,28;-0,28;;150
15/09/26;BBVA;PUT;Mar-28;22,00;24.9;30,29;-0,33;;150
15/09/26;BBVA;PUT;Mar-28;23,00;24.9;29,30;-0,37;;150
15/09/26;BBVA;PUT;Jun-28;15,50;24.9;35,86;-0,13;;1
15/09/26;BBVA;PUT;Jun-28;18,00;24.9;33,45;-0,20;;1.250
15/09/26;BBVA;PUT;Jun-28;19,00;24.9;32,49;-0,23;;4.450
15/09/26;BBVA;PUT;Jun-28;20,00;24.9;31,52;-0,26;;3.300
15/09/26;BBVA;PUT;Jun-28;21,00;24.9;30,56;-0,30;;750
15/09/26;BBVA;PUT;Jun-28;22,00;24.9;29,60;-0,35;;2.350
15/09/26;BBVA;PUT;Jun-28;23,00;24.9;28,63;-0,39;;1.500
15/09/26;BBVA;PUT;Sep-28;25,00;24.9;26,43;-0,48;;100
15/09/26;BBVA;PUT;Dic-28;12,00;24.9;36,16;-0,06;;3.500
15/09/26;BBVA;PUT;Dic-28;12,50;24.9;35,79;-0,07;;1.500
15/09/26;BBVA;PUT;Dic-28;16,00;24.9;33,21;-0,15;;17
15/09/26;BBVA;PUT;Dic-28;16,50;24.9;32,84;-0,16;;9
15/09/26;BBVA;PUT;Dic-28;18,50;24.9;31,37;-0,22;;3
15/09/26;BBVA;PUT;Dic-28;20,00;24.9;30,27;-0,27;;90
15/09/26;BBVA;PUT;Dic-28;25,00;24.9;26,62;-0,47;;2
15/09/26;BBVA;PUT;Jun-29;16,00;24.9;32,12;-0,16;;1.250
15/09/26;BBVA;PUT;Dic-29;12,50;24.9;32,97;-0,09;;3.000
15/09/26;BBVA;PUT;Dic-29;20,00;24.9;29,26;-0,29;;6
15/09/26;BBVA;PUT;Dic-29;25,00;24.9;26,79;-0,46;;152
15/09/26;BBVA;PUT;Dic-30;20,50;24.9;28,51;-0,32;;1.500
15/09/26;BBVA;CALL;Sep-26;19,00;24.9;40,48;1,00;;10
15/09/26;BBVA;CALL;Sep-26;20,00;24.9;38,57;1,00;;10
15/09/26;BBVA;CALL;Sep-26;21,00;24.9;36,66;1,00;;20
15/09/26;BBVA;CALL;Sep-26;21,00;24.9;36,66;1,00;;154
15/09/26;BBVA;CALL;Sep-26;22,00;24.9;34,74;1,00;;20
15/09/26;BBVA;CALL;Sep-26;22,00;24.9;34,74;1,00;;150
15/09/26;BBVA;CALL;Sep-26;23,00;24.9;32,83;1,00;20;31
15/09/26;BBVA;CALL;Sep-26;25,00;24.9;29,16;0,45;;30
15/09/26;BBVA;CALL;Sep-26;25,00;24.9;29,16;0,45;;1.740
15/09/26;BBVA;CALL;Sep-26;25,50;24.9;28,99;0,19;;20
15/09/26;BBVA;CALL;Sep-26;25,50;24.9;28,99;0,19;;30
15/09/26;BBVA;CALL;Sep-26;26,00;24.9;28,82;0,05;;30
15/09/26;BBVA;CALL;Sep-26;26,00;24.9;28,82;0,05;;3.430
15/09/26;BBVA;CALL;Sep-26;27,00;24.9;28,49;;;60
15/09/26;BBVA;CALL;Oct-26;22,00;24.9;30,69;0,90;;20
15/09/26;BBVA;CALL;Oct-26;23,00;24.9;28,88;0,79;;10
15/09/26;BBVA;CALL;Oct-26;23,00;24.9;28,88;0,79;;10
15/09/26;BBVA;CALL;Oct-26;24,00;24.9;27,08;0,63;25;61
15/09/26;BBVA;CALL;Oct-26;25,00;24.9;25,42;0,42;;10
15/09/26;BBVA;CALL;Oct-26;26,00;24.9;25,10;0,23;;1.709
15/09/26;BBVA;CALL;Oct-26;26,00;24.9;25,10;0,23;;50
15/09/26;BBVA;CALL;Oct-26;27,00;24.9;24,78;0,10;;10.426
15/09/26;BBVA;CALL;Nov-26;25,00;24.9;28,28;0,47;;20
15/09/26;BBVA;CALL;Nov-26;27,00;24.9;27,64;0,23;;10
15/09/26;BBVA;CALL;Nov-26;28,00;24.9;27,31;0,15;;15
15/09/26;BBVA;CALL;Dic-26;17,00;24.9;42,60;0,96;;10
15/09/26;BBVA;CALL;Dic-26;19,00;24.9;38,98;0,91;;10
15/09/26;BBVA;CALL;Dic-26;19,50;24.9;38,08;0,90;;10
15/09/26;BBVA;CALL;Dic-26;21,00;24.9;35,37;0,83;;10
15/09/26;BBVA;CALL;Dic-26;22,00;24.9;33,56;0,77;;3
15/09/26;BBVA;CALL;Dic-26;22,00;24.9;33,56;0,77;;10
15/09/26;BBVA;CALL;Dic-26;23,00;24.9;31,75;0,69;;10
15/09/26;BBVA;CALL;Dic-26;23,00;24.9;31,75;0,69;;1
15/09/26;BBVA;CALL;Dic-26;24,00;24.9;29,95;0,60;;4
15/09/26;BBVA;CALL;Dic-26;24,00;24.9;29,95;0,60;;10
15/09/26;BBVA;CALL;Dic-26;25,00;24.9;28,29;0,49;;6
15/09/26;BBVA;CALL;Dic-26;26,00;24.9;27,95;0,38;;4
15/09/26;BBVA;CALL;Dic-26;29,00;24.9;26,95;0,13;;8
15/09/26;BBVA;CALL;Dic-26;32,00;24.9;25,94;0,03;;10
15/09/26;BBVA;CALL;Mar-27;19,00;24.9;37,28;0,86;;200
15/09/26;BBVA;CALL;Mar-27;19,00;24.9;37,28;0,86;;200
15/09/26;BBVA;CALL;Mar-27;19,50;24.9;36,56;0,84;;20
15/09/26;BBVA;CALL;Mar-27;23,00;24.9;31,50;0,67;;4
15/09/26;BBVA;CALL;Mar-27;24,00;24.9;30,05;0,60;;4
15/09/26;BBVA;CALL;Mar-27;25,00;24.9;28,72;0,52;;4
15/09/26;BBVA;CALL;Mar-27;26,00;24.9;28,47;0,45;;3
15/09/26;BBVA;CALL;Mar-27;27,00;24.9;28,22;0,37;;5
15/09/26;BBVA;CALL;Mar-27;28,00;24.9;27,96;0,31;;2
15/09/26;BBVA;CALL;Mar-27;32,00;24.9;26,94;0,11;;28
15/09/26;BBVA;CALL;Jun-27;30,00;24.9;28,74;0,24;;5
15/09/26;BBVA;PUT;Sep-26;9,50;24.9;59,86;;;600
15/09/26;BBVA;PUT;Sep-26;10,50;24.9;57,95;;;700
15/09/26;BBVA;PUT;Sep-26;17,00;24.9;45,50;;;20
15/09/26;BBVA;PUT;Sep-26;18,00;24.9;43,59;;;10
15/09/26;BBVA;PUT;Sep-26;19,00;24.9;41,67;;;10
15/09/26;BBVA;PUT;Sep-26;20,00;24.9;39,76;;;10
15/09/26;BBVA;PUT;Sep-26;22,00;24.9;35,93;;;10
15/09/26;BBVA;PUT;Sep-26;24,00;24.9;32,10;-0,10;;52
15/09/26;BBVA;PUT;Sep-26;24,00;24.9;32,10;-0,10;;10
15/09/26;BBVA;PUT;Sep-26;25,00;24.9;30,35;-0,55;;40
15/09/26;BBVA;PUT;Sep-26;25,00;24.9;30,35;-0,55;20;60
15/09/26;BBVA;PUT;Sep-26;25,50;24.9;30,18;-0,80;;25
15/09/26;BBVA;PUT;Sep-26;25,50;24.9;30,18;-0,80;;20
15/09/26;BBVA;PUT;Sep-26;26,00;24.9;30,01;-0,94;;15
15/09/26;BBVA;PUT;Oct-26;22,00;24.9;30,16;-0,10;;20
15/09/26;BBVA;PUT;Oct-26;24,00;24.9;26,55;-0,37;5;40
15/09/26;BBVA;PUT;Oct-26;24,00;24.9;26,55;-0,37;;10
15/09/26;BBVA;PUT;Oct-26;25,00;24.9;24,89;-0,58;;10
15/09/26;BBVA;PUT;Oct-26;25,00;24.9;24,89;-0,58;;50
15/09/26;BBVA;PUT;Oct-26;26,00;24.9;24,57;-0,77;;15
15/09/26;BBVA;PUT;Nov-26;23,00;24.9;30,05;-0,28;;10
15/09/26;BBVA;PUT;Nov-26;24,00;24.9;28,25;-0,39;;44
15/09/26;BBVA;PUT;Nov-26;25,00;24.9;26,59;-0,53;;5
15/09/26;BBVA;PUT;Dic-26;7,25;24.9;58,31;;;150
15/09/26;BBVA;PUT;Dic-26;8,50;24.9;56,05;;;150
15/09/26;BBVA;PUT;Dic-26;8,75;24.9;55,60;;;150
15/09/26;BBVA;PUT;Dic-26;9,00;24.9;55,14;;;150
15/09/26;BBVA;PUT;Dic-26;10,00;24.9;53,34;;;40
15/09/26;BBVA;PUT;Dic-26;15,50;24.9;43,40;-0,01;;5
15/09/26;BBVA;PUT;Dic-26;16,50;24.9;41,59;-0,02;;10
15/09/26;BBVA;PUT;Dic-26;17,00;24.9;40,69;-0,03;;23
15/09/26;BBVA;PUT;Dic-26;17,50;24.9;39,78;-0,04;;16
15/09/26;BBVA;PUT;Dic-26;21,00;24.9;33,46;-0,15;;16
15/09/26;BBVA;PUT;Dic-26;22,00;24.9;31,65;-0,21;;4
15/09/26;BBVA;PUT;Dic-26;23,00;24.9;29,84;-0,29;;1
15/09/26;BBVA;PUT;Dic-26;32,00;24.9;24,03;-0,97;;25
15/09/26;BBVA;PUT;Mar-27;10,00;24.9;48,70;;;150
15/09/26;BBVA;PUT;Mar-27;14,50;24.9;42,20;-0,03;;10
15/09/26;BBVA;PUT;Mar-27;17,00;24.9;38,58;-0,06;;50
15/09/26;BBVA;PUT;Mar-27;18,00;24.9;37,14;-0,09;;1
15/09/26;BBVA;PUT;Jun-27;22,00;24.9;31,15;-0,30;;70
15/09/26;BBVA;PUT;Jun-27;27,00;24.9;26,56;-0,61;;7
15/09/26;CAIXABANK;CALL;Sep-26;9,00;13.16;36,78;1,00;;1
15/09/26;CAIXABANK;CALL;Sep-26;10,00;13.16;33,14;1,00;;1
15/09/26;CAIXABANK;CALL;Sep-26;10,50;13.16;31,31;1,00;;1
15/09/26;CAIXABANK;CALL;Sep-26;11,00;13.16;29,49;1,00;;2
15/09/26;CAIXABANK;CALL;Sep-26;11,50;13.16;27,66;1,00;1;3
15/09/26;CAIXABANK;CALL;Sep-26;12,00;13.16;25,84;1,00;;8
15/09/26;CAIXABANK;CALL;Sep-26;12,50;13.16;24,02;0,99;;20
15/09/26;CAIXABANK;CALL;Sep-26;13,00;13.16;22,19;0,73;;103
15/09/26;CAIXABANK;CALL;Sep-26;13,25;13.16;21,54;0,37;;1
15/09/26;CAIXABANK;CALL;Sep-26;13,50;13.16;21,33;0,10;;5
15/09/26;CAIXABANK;CALL;Oct-26;12,50;13.16;24,28;0,78;;3
15/09/26;CAIXABANK;CALL;Oct-26;13,25;13.16;21,90;0,48;;92
15/09/26;CAIXABANK;CALL;Dic-26;7,00;13.16;45,14;1,00;;7.500
15/09/26;CAIXABANK;CALL;Dic-26;9,25;13.16;37,17;0,99;;1
15/09/26;CAIXABANK;CALL;Dic-26;10,50;13.16;32,73;0,95;;1.134
15/09/26;CAIXABANK;CALL;Dic-26;11,00;13.16;30,96;0,91;;20
15/09/26;CAIXABANK;CALL;Dic-26;11,50;13.16;29,19;0,86;;6.000
15/09/26;CAIXABANK;CALL;Dic-26;12,00;13.16;27,41;0,79;;1
15/09/26;CAIXABANK;CALL;Dic-26;12,50;13.16;25,64;0,69;;430
15/09/26;CAIXABANK;CALL;Dic-26;13,00;13.16;23,87;0,57;;2
15/09/26;CAIXABANK;CALL;Mar-27;9,50;13.16;34,56;0,94;;1
15/09/26;CAIXABANK;CALL;Mar-27;10,50;13.16;31,59;0,88;;14
15/09/26;CAIXABANK;CALL;Mar-27;12,50;13.16;25,67;0,64;2;19
15/09/26;CAIXABANK;CALL;Mar-27;13,00;13.16;24,18;0,56;;400
15/09/26;CAIXABANK;CALL;Mar-27;14,00;13.16;23,03;0,38;;3
15/09/26;CAIXABANK;CALL;Jun-27;9,75;13.16;32,84;0,91;;150
15/09/26;CAIXABANK;CALL;Jun-27;10,00;13.16;32,22;0,90;;150
15/09/26;CAIXABANK;CALL;Jun-27;10,50;13.16;30,98;0,86;;150
15/09/26;CAIXABANK;CALL;Jun-27;11,00;13.16;29,74;0,81;;150
15/09/26;CAIXABANK;CALL;Jun-27;12,00;13.16;27,26;0,71;;1
15/09/26;CAIXABANK;CALL;Jun-27;13,00;13.16;24,78;0,57;;25
15/09/26;CAIXABANK;CALL;Jun-27;14,50;13.16;23,46;0,34;;1
15/09/26;CAIXABANK;CALL;Sep-27;13,50;13.16;25,11;0,50;;1
15/09/26;CAIXABANK;CALL;Sep-27;15,00;13.16;24,05;0,32;;6
15/09/26;CAIXABANK;CALL;Dic-27;10,50;13.16;31,63;0,81;;20
15/09/26;CAIXABANK;CALL;Dic-27;11,00;13.16;30,62;0,77;;1
15/09/26;CAIXABANK;CALL;Dic-27;11,50;13.16;29,60;0,72;;1
15/09/26;CAIXABANK;CALL;Jun-28;10,00;13.16;33,01;0,82;;150
15/09/26;CAIXABANK;CALL;Jun-28;10,50;13.16;32,20;0,79;;300
15/09/26;CAIXABANK;CALL;Jun-28;11,00;13.16;31,39;0,75;;1.250
15/09/26;CAIXABANK;CALL;Jun-28;11,50;13.16;30,58;0,71;;150
15/09/26;CAIXABANK;PUT;Sep-26;5,50;13.16;51,15;;;70.900
15/09/26;CAIXABANK;PUT;Sep-26;7,75;13.16;42,94;;;3
15/09/26;CAIXABANK;PUT;Sep-26;8,00;13.16;42,03;;;174
15/09/26;CAIXABANK;PUT;Sep-26;8,50;13.16;40,21;;;1.000
15/09/26;CAIXABANK;PUT;Sep-26;9,00;13.16;38,38;;;1
15/09/26;CAIXABANK;PUT;Sep-26;10,50;13.16;32,91;;;3
15/09/26;CAIXABANK;PUT;Sep-26;11,00;13.16;31,09;;;25
15/09/26;CAIXABANK;PUT;Sep-26;11,50;13.16;29,26;;;1
15/09/26;CAIXABANK;PUT;Sep-26;12,00;13.16;27,44;;;256
15/09/26;CAIXABANK;PUT;Sep-26;12,50;13.16;25,62;-0,01;;108
15/09/26;CAIXABANK;PUT;Sep-26;12,75;13.16;24,71;-0,08;;25
15/09/26;CAIXABANK;PUT;Sep-26;13,00;13.16;23,79;-0,28;;16
15/09/26;CAIXABANK;PUT;Sep-26;13,25;13.16;23,14;-0,62;;2
15/09/26;CAIXABANK;PUT;Sep-26;13,50;13.16;22,93;-0,89;;5
15/09/26;CAIXABANK;PUT;Sep-26;13,75;13.16;22,73;-0,99;;1
15/09/26;CAIXABANK;PUT;Sep-26;14,00;13.16;22,53;-1,00;1;6
15/09/26;CAIXABANK;PUT;Sep-26;14,50;13.16;22,12;-1,00;;6
15/09/26;CAIXABANK;PUT;Oct-26;12,50;13.16;23,69;-0,21;;10
15/09/26;CAIXABANK;PUT;Oct-26;13,00;13.16;21,94;-0,40;;10
15/09/26;CAIXABANK;PUT;Dic-26;5,25;13.16;50,03;;;75
15/09/26;CAIXABANK;PUT;Dic-26;6,75;13.16;44,71;;;3
15/09/26;CAIXABANK;PUT;Dic-26;7,25;13.16;42,94;;;1
15/09/26;CAIXABANK;PUT;Dic-26;8,00;13.16;40,28;-0,01;;100
15/09/26;CAIXABANK;PUT;Dic-26;8,25;13.16;39,39;-0,01;;100
15/09/26;CAIXABANK;PUT;Dic-26;8,50;13.16;38,50;-0,01;;102
15/09/26;CAIXABANK;PUT;Dic-26;8,75;13.16;37,62;-0,01;;10
15/09/26;CAIXABANK;PUT;Dic-26;9,00;13.16;36,73;-0,02;;11
15/09/26;CAIXABANK;PUT;Dic-26;9,50;13.16;34,96;-0,03;;2
15/09/26;CAIXABANK;PUT;Dic-26;10,00;13.16;33,19;-0,05;;76
15/09/26;CAIXABANK;PUT;Dic-26;10,50;13.16;31,41;-0,08;;1.030
15/09/26;CAIXABANK;PUT;Dic-26;11,00;13.16;29,64;-0,11;;40
15/09/26;CAIXABANK;PUT;Dic-26;11,50;13.16;27,87;-0,17;;6.008
15/09/26;CAIXABANK;PUT;Dic-26;12,00;13.16;26,09;-0,24;;5
15/09/26;CAIXABANK;PUT;Dic-26;12,50;13.16;24,32;-0,34;;10
15/09/26;CAIXABANK;PUT;Dic-26;13,00;13.16;22,55;-0,47;;42
15/09/26;CAIXABANK;PUT;Dic-26;14,00;13.16;21,34;-0,73;;1
15/09/26;CAIXABANK;PUT;Mar-27;6,00;13.16;44,17;;;7.675
15/09/26;CAIXABANK;PUT;Mar-27;6,50;13.16;42,69;-0,01;;29.800
15/09/26;CAIXABANK;PUT;Mar-27;8,00;13.16;38,24;-0,02;;1
15/09/26;CAIXABANK;PUT;Mar-27;8,75;13.16;36,02;-0,04;;350
15/09/26;CAIXABANK;PUT;Mar-27;9,75;13.16;33,06;-0,08;;5
15/09/26;CAIXABANK;PUT;Mar-27;10,00;13.16;32,31;-0,10;;32
15/09/26;CAIXABANK;PUT;Mar-27;11,50;13.16;27,87;-0,22;10;10
15/09/26;CAIXABANK;PUT;Mar-27;12,00;13.16;26,39;-0,29;;150
15/09/26;CAIXABANK;PUT;Mar-27;12,50;13.16;24,91;-0,36;;8
15/09/26;CAIXABANK;PUT;Jun-27;7,75;13.16;36,63;-0,04;;8.200
15/09/26;CAIXABANK;PUT;Jun-27;10,00;13.16;31,04;-0,14;;4.025
15/09/26;CAIXABANK;PUT;Jun-27;10,50;13.16;29,80;-0,18;;175
15/09/26;CAIXABANK;PUT;Jun-27;11,00;13.16;28,56;-0,23;;25
15/09/26;CAIXABANK;PUT;Jun-27;11,50;13.16;27,32;-0,28;;25
15/09/26;CAIXABANK;PUT;Jun-27;12,00;13.16;26,08;-0,34;;25
15/09/26;CAIXABANK;PUT;Jun-27;12,50;13.16;24,84;-0,41;;151
15/09/26;CAIXABANK;PUT;Jun-27;13,00;13.16;23,60;-0,48;;50
15/09/26;CAIXABANK;PUT;Dic-27;3,50;13.16;42,37;;;1
15/09/26;CAIXABANK;PUT;Dic-27;4,20;13.16;40,96;;;1
15/09/26;CAIXABANK;PUT;Dic-27;5,50;13.16;38,32;-0,01;;160
15/09/26;CAIXABANK;PUT;Dic-27;5,75;13.16;37,82;-0,02;;1
15/09/26;CAIXABANK;PUT;Dic-27;6,00;13.16;37,31;-0,02;;150
15/09/26;CAIXABANK;PUT;Dic-27;8,00;13.16;33,26;-0,07;;150
15/09/26;CAIXABANK;PUT;Dic-27;8,25;13.16;32,75;-0,08;;225
15/09/26;CAIXABANK;PUT;Dic-27;8,50;13.16;32,24;-0,09;;150
15/09/26;CAIXABANK;PUT;Dic-27;8,75;13.16;31,74;-0,10;;150
15/09/26;CAIXABANK;PUT;Dic-27;9,00;13.16;31,23;-0,12;;150
15/09/26;CAIXABANK;PUT;Dic-27;9,25;13.16;30,72;-0,13;;150
15/09/26;CAIXABANK;PUT;Dic-27;9,50;13.16;30,22;-0,14;;150
15/09/26;CAIXABANK;PUT;Dic-27;9,75;13.16;29,71;-0,16;;150
15/09/26;CAIXABANK;PUT;Dic-27;10,00;13.16;29,20;-0,18;;150
15/09/26;CAIXABANK;PUT;Jun-28;8,50;13.16;30,73;-0,12;;150
15/09/26;CAIXABANK;PUT;Jun-28;9,00;13.16;29,92;-0,14;;150
15/09/26;CAIXABANK;PUT;Jun-28;9,25;13.16;29,52;-0,16;;150
15/09/26;CAIXABANK;PUT;Jun-28;9,50;13.16;29,11;-0,17;;300
15/09/26;CAIXABANK;PUT;Jun-28;9,75;13.16;28,71;-0,19;;150
15/09/26;CAIXABANK;PUT;Jun-28;10,00;13.16;28,30;-0,21;;150
15/09/26;CAIXABANK;PUT;Dic-28;4,50;13.16;35,43;-0,01;;15.000
15/09/26;CAIXABANK;PUT;Dic-28;8,75;13.16;30,05;-0,15;;450
15/09/26;CAIXABANK;PUT;Dic-29;5,00;13.16;32,79;-0,03;;16.000
15/09/26;CAIXABANK;CALL;Sep-26;13,00;13.16;22,19;0,73;;10
15/09/26;CAIXABANK;CALL;Dic-26;9,00;13.16;38,05;0,97;;10
15/09/26;CAIXABANK;CALL;Dic-26;11,00;13.16;30,96;0,87;;10
15/09/26;CAIXABANK;CALL;Dic-26;12,00;13.16;27,41;0,74;;10
15/09/26;CAIXABANK;CALL;Dic-26;12,50;13.16;25,64;0,65;;10
15/09/26;CAIXABANK;PUT;Sep-26;11,50;13.16;29,26;;;10
15/09/26;CELLNEX;CALL;Sep-26;25,00;25.4;35,42;0,70;10;3
15/09/26;CELLNEX;CALL;Sep-26;26,00;25.4;34,08;0,23;10;7
15/09/26;CELLNEX;CALL;Sep-26;27,00;25.4;32,77;0,02;;21
15/09/26;CELLNEX;CALL;Sep-26;28,00;25.4;31,46;;;61
15/09/26;CELLNEX;CALL;Sep-26;29,00;25.4;30,15;;;43
15/09/26;CELLNEX;CALL;Sep-26;30,00;25.4;28,83;;;37
15/09/26;CELLNEX;CALL;Sep-26;31,00;25.4;27,52;;;22
15/09/26;CELLNEX;CALL;Sep-26;32,00;25.4;26,21;;;56
15/09/26;CELLNEX;CALL;Sep-26;33,00;25.4;24,90;;;25
15/09/26;CELLNEX;CALL;Sep-26;34,00;25.4;23,58;;;41
15/09/26;CELLNEX;CALL;Sep-26;35,00;25.4;22,27;;;30
15/09/26;CELLNEX;CALL;Sep-26;36,00;25.4;20,96;;;25
15/09/26;CELLNEX;CALL;Sep-26;37,00;25.4;19,65;;;25
15/09/26;CELLNEX;CALL;Sep-26;38,00;25.4;18,33;;;25
15/09/26;CELLNEX;CALL;Sep-26;39,00;25.4;17,02;;;25
15/09/26;CELLNEX;CALL;Sep-26;40,00;25.4;15,71;;;25
15/09/26;CELLNEX;CALL;Oct-26;25,00;25.4;30,18;0,60;10;10
15/09/26;CELLNEX;CALL;Dic-26;18,00;25.4;38,65;0,97;;2
15/09/26;CELLNEX;CALL;Dic-26;20,00;25.4;36,21;0,92;;1
15/09/26;CELLNEX;CALL;Dic-26;21,00;25.4;34,99;0,88;;1
15/09/26;CELLNEX;CALL;Dic-26;24,00;25.4;31,33;0,68;;11
15/09/26;CELLNEX;CALL;Dic-26;25,00;25.4;30,11;0,59;;47
15/09/26;CELLNEX;CALL;Dic-26;27,00;25.4;29,39;0,39;;25
15/09/26;CELLNEX;CALL;Dic-26;28,00;25.4;29,24;0,30;;76
15/09/26;CELLNEX;CALL;Dic-26;29,00;25.4;29,10;0,22;;2.060
15/09/26;CELLNEX;CALL;Dic-26;30,00;25.4;28,96;0,15;;143
15/09/26;CELLNEX;CALL;Dic-26;31,00;25.4;28,81;0,11;;110
15/09/26;CELLNEX;CALL;Dic-26;32,00;25.4;28,67;0,07;;218
15/09/26;CELLNEX;CALL;Dic-26;33,00;25.4;28,52;0,05;;120
15/09/26;CELLNEX;CALL;Dic-26;34,00;25.4;28,38;0,03;;190
15/09/26;CELLNEX;CALL;Dic-26;35,00;25.4;28,23;0,02;;115
15/09/26;CELLNEX;CALL;Dic-26;36,00;25.4;28,09;0,01;;85
15/09/26;CELLNEX;CALL;Dic-26;37,00;25.4;27,95;0,01;;50
15/09/26;CELLNEX;CALL;Dic-26;38,00;25.4;27,80;;;25
15/09/26;CELLNEX;CALL;Dic-26;39,00;25.4;27,66;;;25
15/09/26;CELLNEX;CALL;Dic-26;40,00;25.4;27,51;;;125
15/09/26;CELLNEX;CALL;Dic-26;42,00;25.4;27,22;;;25
15/09/26;CELLNEX;CALL;Dic-26;44,00;25.4;26,93;;;25
15/09/26;CELLNEX;CALL;Dic-26;45,00;25.4;26,79;;;25
15/09/26;CELLNEX;CALL;Dic-26;46,00;25.4;26,65;;;25
15/09/26;CELLNEX;CALL;Mar-27;20,00;25.4;34,62;0,88;;33
15/09/26;CELLNEX;CALL;Mar-27;22,00;25.4;32,97;0,79;;4
15/09/26;CELLNEX;CALL;Mar-27;25,00;25.4;30,49;0,58;;50
15/09/26;CELLNEX;CALL;Mar-27;26,00;25.4;30,01;0,51;;26
15/09/26;CELLNEX;CALL;Mar-27;27,00;25.4;29,76;0,43;;25
15/09/26;CELLNEX;CALL;Mar-27;28,00;25.4;29,51;0,36;;51
15/09/26;CELLNEX;CALL;Mar-27;29,00;25.4;29,26;0,30;;1
15/09/26;CELLNEX;CALL;Mar-27;30,00;25.4;29,01;0,24;;317
15/09/26;CELLNEX;CALL;Mar-27;31,00;25.4;28,76;0,19;;75
15/09/26;CELLNEX;CALL;Mar-27;32,00;25.4;28,51;0,15;;120
15/09/26;CELLNEX;CALL;Mar-27;33,00;25.4;28,26;0,11;;51
15/09/26;CELLNEX;CALL;Mar-27;34,00;25.4;28,02;0,09;;25
15/09/26;CELLNEX;CALL;Mar-27;35,00;25.4;27,77;0,06;;25
15/09/26;CELLNEX;CALL;Jun-27;20,00;25.4;33,92;0,84;;6
15/09/26;CELLNEX;CALL;Jun-27;25,00;25.4;30,64;0,59;;1
15/09/26;CELLNEX;CALL;Jun-27;28,00;25.4;29,70;0,41;;100
15/09/26;CELLNEX;CALL;Jun-27;29,00;25.4;29,44;0,36;;100
15/09/26;CELLNEX;CALL;Jun-27;30,00;25.4;29,17;0,31;;125
15/09/26;CELLNEX;CALL;Jun-27;31,00;25.4;28,91;0,26;;150
15/09/26;CELLNEX;CALL;Jun-27;32,00;25.4;28,65;0,22;;100
15/09/26;CELLNEX;CALL;Jun-27;33,00;25.4;28,39;0,18;;112
15/09/26;CELLNEX;CALL;Jun-27;34,00;25.4;28,12;0,15;;175
15/09/26;CELLNEX;CALL;Jun-27;35,00;25.4;27,86;0,12;;150
15/09/26;CELLNEX;CALL;Jun-27;36,00;25.4;27,60;0,10;;125
15/09/26;CELLNEX;CALL;Jun-27;37,00;25.4;27,34;0,08;;125
15/09/26;CELLNEX;CALL;Jun-27;38,00;25.4;27,07;0,06;;75
15/09/26;CELLNEX;CALL;Jun-27;39,00;25.4;26,81;0,05;;75
15/09/26;CELLNEX;CALL;Jun-27;40,00;25.4;26,55;0,03;;50
15/09/26;CELLNEX;CALL;Jun-27;41,00;25.4;26,29;0,03;;50
15/09/26;CELLNEX;CALL;Jun-27;42,00;25.4;26,02;0,02;;50
15/09/26;CELLNEX;CALL;Jun-27;43,00;25.4;25,76;0,01;;50
15/09/26;CELLNEX;CALL;Jun-27;44,00;25.4;25,50;0,01;;50
15/09/26;CELLNEX;CALL;Jun-27;45,00;25.4;25,24;0,01;;50
15/09/26;CELLNEX;CALL;Jun-27;46,00;25.4;24,97;;;50
15/09/26;CELLNEX;CALL;Jun-27;49,00;25.4;24,19;;;50
15/09/26;CELLNEX;CALL;Jun-27;50,00;25.4;23,92;;;411
15/09/26;CELLNEX;CALL;Sep-27;25,00;25.4;30,64;0,59;1;1
15/09/26;CELLNEX;CALL;Sep-27;34,00;25.4;27,81;0,18;;20
15/09/26;CELLNEX;CALL;Sep-27;35,00;25.4;27,51;0,15;;100
15/09/26;CELLNEX;CALL;Sep-27;36,00;25.4;27,21;0,12;;75
15/09/26;CELLNEX;CALL;Sep-27;37,00;25.4;26,91;0,10;;75
15/09/26;CELLNEX;CALL;Sep-27;41,00;25.4;25,70;0,04;;50
15/09/26;CELLNEX;CALL;Dic-27;25,00;25.4;30,92;0,60;;25
15/09/26;CELLNEX;CALL;Dic-27;26,00;25.4;30,56;0,55;;2
15/09/26;CELLNEX;CALL;Dic-27;27,00;25.4;30,29;0,50;;2.500
15/09/26;CELLNEX;CALL;Dic-27;28,00;25.4;30,01;0,46;;7
15/09/26;CELLNEX;CALL;Dic-27;29,00;25.4;29,74;0,42;;1
15/09/26;CELLNEX;CALL;Dic-27;30,00;25.4;29,46;0,37;;115
15/09/26;CELLNEX;CALL;Dic-27;31,00;25.4;29,19;0,34;;75
15/09/26;CELLNEX;CALL;Dic-27;32,00;25.4;28,91;0,30;;51
15/09/26;CELLNEX;CALL;Dic-27;33,00;25.4;28,64;0,26;;25
15/09/26;CELLNEX;CALL;Dic-27;34,00;25.4;28,36;0,23;;74
15/09/26;CELLNEX;CALL;Dic-27;35,00;25.4;28,08;0,20;;50
15/09/26;CELLNEX;CALL;Dic-27;37,00;25.4;27,53;0,15;;25
15/09/26;CELLNEX;CALL;Dic-27;38,00;25.4;27,26;0,12;;570
15/09/26;CELLNEX;CALL;Dic-27;40,00;25.4;26,71;0,09;;48
15/09/26;CELLNEX;CALL;Dic-27;44,00;25.4;25,60;0,04;;25
15/09/26;CELLNEX;CALL;Mar-28;29,00;25.4;30,22;0,44;;11
15/09/26;CELLNEX;CALL;Jun-28;26,00;25.4;30,82;0,57;;4
15/09/26;CELLNEX;CALL;Dic-29;40,00;25.4;29,54;0,28;;1.260
15/09/26;CELLNEX;PUT;Sep-26;19,00;25.4;41,55;;;1
15/09/26;CELLNEX;PUT;Sep-26;20,00;25.4;40,17;;;1
15/09/26;CELLNEX;PUT;Sep-26;21,00;25.4;38,79;;;19
15/09/26;CELLNEX;PUT;Sep-26;22,00;25.4;37,42;;;62
15/09/26;CELLNEX;PUT;Sep-26;23,00;25.4;36,04;;;23
15/09/26;CELLNEX;PUT;Sep-26;24,00;25.4;34,66;-0,03;;263
15/09/26;CELLNEX;PUT;Sep-26;25,00;25.4;33,28;-0,29;1;68
15/09/26;CELLNEX;PUT;Sep-26;26,00;25.4;31,94;-0,78;;46
15/09/26;CELLNEX;PUT;Sep-26;27,00;25.4;30,63;-0,99;;69
15/09/26;CELLNEX;PUT;Sep-26;28,00;25.4;29,32;-1,00;10;40
15/09/26;CELLNEX;PUT;Sep-26;29,00;25.4;28,01;-1,00;;28
15/09/26;CELLNEX;PUT;Sep-26;30,00;25.4;26,69;-1,00;;21
15/09/26;CELLNEX;PUT;Oct-26;22,00;25.4;32,48;-0,06;;1
15/09/26;CELLNEX;PUT;Oct-26;23,00;25.4;31,20;-0,12;1;11
15/09/26;CELLNEX;PUT;Oct-26;24,00;25.4;29,91;-0,24;;17
15/09/26;CELLNEX;PUT;Oct-26;25,00;25.4;28,62;-0,40;;4
15/09/26;CELLNEX;PUT;Oct-26;27,00;25.4;27,46;-0,76;;20
15/09/26;CELLNEX;PUT;Nov-26;22,00;25.4;32,29;-0,13;;11
15/09/26;CELLNEX;PUT;Nov-26;23,00;25.4;31,01;-0,20;;20
15/09/26;CELLNEX;PUT;Nov-26;27,00;25.4;27,73;-0,67;;20
15/09/26;CELLNEX;PUT;Dic-26;18,00;25.4;36,90;-0,02;;2.001
15/09/26;CELLNEX;PUT;Dic-26;20,00;25.4;34,46;-0,07;;20
15/09/26;CELLNEX;PUT;Dic-26;21,00;25.4;33,24;-0,11;;225
15/09/26;CELLNEX;PUT;Dic-26;22,00;25.4;32,02;-0,16;;129
15/09/26;CELLNEX;PUT;Dic-26;23,00;25.4;30,80;-0,23;284;405
15/09/26;CELLNEX;PUT;Dic-26;24,00;25.4;29,58;-0,31;;4.558
15/09/26;CELLNEX;PUT;Dic-26;25,00;25.4;28,36;-0,41;;63
15/09/26;CELLNEX;PUT;Dic-26;26,00;25.4;27,78;-0,53;;153
15/09/26;CELLNEX;PUT;Dic-26;27,00;25.4;27,64;-0,63;;84
15/09/26;CELLNEX;PUT;Dic-26;28,00;25.4;27,49;-0,73;;25
15/09/26;CELLNEX;PUT;Dic-26;29,00;25.4;27,35;-0,82;;3
15/09/26;CELLNEX;PUT;Dic-26;30,00;25.4;27,21;-0,89;;1
15/09/26;CELLNEX;PUT;Dic-26;32,00;25.4;26,92;-0,98;;26
15/09/26;CELLNEX;PUT;Dic-26;33,00;25.4;26,77;-1,00;;25
15/09/26;CELLNEX;PUT;Mar-27;20,00;25.4;32,92;-0,13;;1
15/09/26;CELLNEX;PUT;Mar-27;22,00;25.4;31,27;-0,23;;100
15/09/26;CELLNEX;PUT;Mar-27;23,00;25.4;30,44;-0,29;;53
15/09/26;CELLNEX;PUT;Mar-27;24,00;25.4;29,62;-0,36;;2
15/09/26;CELLNEX;PUT;Mar-27;25,00;25.4;28,79;-0,44;;85
15/09/26;CELLNEX;PUT;Mar-27;26,00;25.4;28,31;-0,52;;28
15/09/26;CELLNEX;PUT;Mar-27;27,00;25.4;28,06;-0,59;;117
15/09/26;CELLNEX;PUT;Mar-27;28,00;25.4;27,81;-0,67;;5
15/09/26;CELLNEX;PUT;Mar-27;30,00;25.4;27,31;-0,79;;9
15/09/26;CELLNEX;PUT;Mar-27;31,00;25.4;27,06;-0,84;;2
15/09/26;CELLNEX;PUT;Mar-27;32,00;25.4;26,81;-0,88;;10
15/09/26;CELLNEX;PUT;Mar-27;36,00;25.4;25,82;-0,97;;25
15/09/26;CELLNEX;PUT;Mar-27;37,00;25.4;25,57;-0,98;;25
15/09/26;CELLNEX;PUT;Jun-27;20,00;25.4;31,90;-0,16;;25
15/09/26;CELLNEX;PUT;Jun-27;20,50;25.4;31,58;-0,18;;10
15/09/26;CELLNEX;PUT;Jun-27;22,00;25.4;30,59;-0,25;;26
15/09/26;CELLNEX;PUT;Jun-27;23,00;25.4;29,93;-0,30;;25
15/09/26;CELLNEX;PUT;Jun-27;24,00;25.4;29,28;-0,36;;109
15/09/26;CELLNEX;PUT;Jun-27;25,00;25.4;28,62;-0,43;;25
15/09/26;CELLNEX;PUT;Jun-27;26,00;25.4;28,20;-0,49;;1.575
15/09/26;CELLNEX;PUT;Jun-27;27,00;25.4;27,94;-0,56;;10
15/09/26;CELLNEX;PUT;Jun-27;28,00;25.4;27,68;-0,62;;1
15/09/26;CELLNEX;PUT;Jun-27;29,00;25.4;27,42;-0,68;;1
15/09/26;CELLNEX;PUT;Jun-27;30,00;25.4;27,15;-0,74;;25
15/09/26;CELLNEX;PUT;Jun-27;31,00;25.4;26,89;-0,79;;75
15/09/26;CELLNEX;PUT;Jun-27;32,00;25.4;26,63;-0,83;;50
15/09/26;CELLNEX;PUT;Jun-27;33,00;25.4;26,37;-0,87;;50
15/09/26;CELLNEX;PUT;Jun-27;34,00;25.4;26,10;-0,90;;100
15/09/26;CELLNEX;PUT;Jun-27;35,00;25.4;25,84;-0,93;;100
15/09/26;CELLNEX;PUT;Jun-27;36,00;25.4;25,58;-0,95;;125
15/09/26;CELLNEX;PUT;Jun-27;37,00;25.4;25,32;-0,97;;100
15/09/26;CELLNEX;PUT;Jun-27;38,00;25.4;25,05;-0,98;;100
15/09/26;CELLNEX;PUT;Jun-27;39,00;25.4;24,79;-0,99;;25
15/09/26;CELLNEX;PUT;Sep-27;21,00;25.4;29,86;-0,22;;1
15/09/26;CELLNEX;PUT;Sep-27;24,00;25.4;28,17;-0,37;;3
15/09/26;CELLNEX;PUT;Sep-27;25,00;25.4;27,61;-0,43;;1
15/09/26;CELLNEX;PUT;Sep-27;36,00;25.4;24,18;-0,93;;25
15/09/26;CELLNEX;PUT;Sep-27;37,00;25.4;23,88;-0,95;;25
15/09/26;CELLNEX;PUT;Dic-27;21,00;25.4;29,16;-0,23;;1
15/09/26;CELLNEX;PUT;Dic-27;23,00;25.4;28,21;-0,32;;3
15/09/26;CELLNEX;PUT;Dic-27;30,00;25.4;25,81;-0,68;;75
15/09/26;CELLNEX;PUT;Dic-27;31,00;25.4;25,54;-0,73;;50
15/09/26;CELLNEX;PUT;Dic-27;32,00;25.4;25,26;-0,77;;26
15/09/26;CELLNEX;PUT;Dic-27;33,00;25.4;24,99;-0,81;;25
15/09/26;CELLNEX;PUT;Dic-27;34,00;25.4;24,71;-0,85;;25
15/09/26;CELLNEX;PUT;Mar-28;21,00;25.4;28,78;-0,24;;25
15/09/26;CELLNEX;PUT;Mar-28;22,00;25.4;28,37;-0,28;;100
15/09/26;CELLNEX;PUT;Mar-28;24,00;25.4;27,56;-0,37;;100
15/09/26;CELLNEX;PUT;Mar-28;25,00;25.4;27,15;-0,42;;2
15/09/26;CELLNEX;PUT;Jun-28;30,00;25.4;26,50;-0,63;;3
15/09/26;CELLNEX;CALL;Sep-26;28,00;25.4;31,46;;;25
15/09/26;CELLNEX;CALL;Sep-26;31,00;25.4;27,52;;;25
15/09/26;CELLNEX;CALL;Sep-26;32,00;25.4;26,21;;;25
15/09/26;CELLNEX;CALL;Sep-26;33,00;25.4;24,90;;;25
15/09/26;CELLNEX;CALL;Dic-26;28,00;25.4;29,24;0,30;;50
15/09/26;CELLNEX;CALL;Dic-26;29,00;25.4;29,10;0,22;;3
15/09/26;CELLNEX;CALL;Dic-26;32,00;25.4;28,67;0,07;;50
15/09/26;CELLNEX;CALL;Dic-26;35,00;25.4;28,23;0,02;;18
15/09/26;CELLNEX;CALL;Dic-30;30,00;25.4;30,21;0,45;;120
15/09/26;CELLNEX;PUT;Sep-26;25,00;25.4;33,28;-0,29;;10
15/09/26;CELLNEX;PUT;Dic-26;24,00;25.4;29,58;-0,31;;2
15/09/26;CELLNEX;PUT;Dic-26;45,00;25.4;25,04;-0,99;20;20
15/09/26;CELLNEX;PUT;Dic-26;46,00;25.4;24,90;-0,99;40;40
15/09/26;CELLNEX;PUT;Dic-26;47,00;25.4;24,75;-0,99;20;20
15/09/26;CELLNEX;PUT;Mar-27;24,00;25.4;29,62;-0,35;;2
15/09/26;CELLNEX;PUT;Mar-27;25,00;25.4;28,79;-0,43;;1
15/09/26;CELLNEX;PUT;Jun-27;23,00;25.4;29,93;-0,29;;2
15/09/26;CIE AUTOMOTIVE;CALL;Sep-26;23,00;25.25;20,67;1,00;;4
15/09/26;CIE AUTOMOTIVE;CALL;Sep-26;30,00;25.25;18,66;;;10
15/09/26;CIE AUTOMOTIVE;CALL;Sep-26;31,00;25.25;18,48;;;11
15/09/26;CIE AUTOMOTIVE;CALL;Sep-26;33,00;25.25;18,11;;;1
15/09/26;CIE AUTOMOTIVE;CALL;Dic-26;22,00;25.25;21,64;0,91;;4
15/09/26;CIE AUTOMOTIVE;CALL;Dic-26;26,00;25.25;19,98;0,43;;2
15/09/26;CIE AUTOMOTIVE;CALL;Dic-26;27,00;25.25;19,82;0,29;;6
15/09/26;CIE AUTOMOTIVE;CALL;Dic-26;31,00;25.25;19,19;0,02;;2
15/09/26;CIE AUTOMOTIVE;CALL;Mar-27;22,00;25.25;20,87;0,88;;1
15/09/26;CIE AUTOMOTIVE;CALL;Mar-27;24,00;25.25;20,11;0,69;;3
15/09/26;CIE AUTOMOTIVE;CALL;Mar-27;25,00;25.25;19,73;0,57;;2
15/09/26;CIE AUTOMOTIVE;CALL;Mar-27;29,00;25.25;19,23;0,17;;1
15/09/26;CIE AUTOMOTIVE;CALL;Mar-27;30,00;25.25;19,13;0,11;;2
15/09/26;CIE AUTOMOTIVE;CALL;Jun-27;29,00;25.25;19,10;0,23;;43
15/09/26;CIE AUTOMOTIVE;PUT;Sep-26;25,00;25.25;18,66;-0,27;;1
15/09/26;CIE AUTOMOTIVE;PUT;Sep-26;26,00;25.25;18,39;-0,96;;12
15/09/26;CIE AUTOMOTIVE;PUT;Sep-26;26,50;25.25;18,30;-1,00;;1
15/09/26;CIE AUTOMOTIVE;PUT;Oct-26;24,00;25.25;20,19;-0,18;;1
15/09/26;CIE AUTOMOTIVE;PUT;Nov-26;24,00;25.25;20,04;-0,25;;1
15/09/26;CIE AUTOMOTIVE;PUT;Dic-26;24,00;25.25;20,23;-0,28;;7
15/09/26;CIE AUTOMOTIVE;PUT;Dic-26;25,00;25.25;19,76;-0,42;;2
15/09/26;CIE AUTOMOTIVE;PUT;Dic-26;26,00;25.25;19,52;-0,58;;2
15/09/26;CIE AUTOMOTIVE;PUT;Mar-27;24,00;25.25;19,73;-0,36;;1
15/09/26;CIE AUTOMOTIVE;PUT;Mar-27;26,00;25.25;19,17;-0,59;;10
15/09/26;CIE AUTOMOTIVE;PUT;Mar-27;28,00;25.25;18,96;-0,79;;20
15/09/26;CIE AUTOMOTIVE;PUT;Jun-27;24,00;25.25;19,62;-0,36;;1
15/09/26;COLONIAL;CALL;Sep-26;5,25;5.09;19,88;0,04;;45
15/09/26;COLONIAL;CALL;Sep-26;5,75;5.09;19,52;;;20
15/09/26;COLONIAL;CALL;Nov-26;5,30;5.09;19,75;0,35;;4
15/09/26;COLONIAL;CALL;Dic-26;4,60;5.09;20,13;0,86;;65
15/09/26;COLONIAL;CALL;Dic-26;5,25;5.09;19,62;0,42;;5
15/09/26;COLONIAL;CALL;Dic-26;5,50;5.09;19,44;0,25;;5
15/09/26;COLONIAL;CALL;Dic-26;9,50;5.09;16,56;;;1
15/09/26;COLONIAL;CALL;Mar-27;5,50;5.09;18,81;0,34;;25
15/09/26;COLONIAL;CALL;Mar-27;5,75;5.09;18,65;0,23;;45
15/09/26;COLONIAL;CALL;Mar-27;6,00;5.09;18,48;0,14;;1
15/09/26;COLONIAL;CALL;Jun-27;5,25;5.09;19,51;0,51;;10
15/09/26;COLONIAL;PUT;Sep-26;4,70;5.09;20,32;;;1
15/09/26;COLONIAL;PUT;Sep-26;4,80;5.09;20,23;;;10
15/09/26;COLONIAL;PUT;Sep-26;5,00;5.09;20,04;-0,16;;219
15/09/26;COLONIAL;PUT;Sep-26;5,25;5.09;19,84;-0,96;;1
15/09/26;COLONIAL;PUT;Oct-26;5,00;5.09;18,85;-0,35;;1
15/09/26;COLONIAL;PUT;Oct-26;5,25;5.09;18,65;-0,70;;11
15/09/26;COLONIAL;PUT;Oct-26;5,30;5.09;18,62;-0,76;;2
15/09/26;COLONIAL;PUT;Nov-26;5,00;5.09;18,63;-0,38;;2
15/09/26;COLONIAL;PUT;Nov-26;5,25;5.09;18,43;-0,63;;8
15/09/26;COLONIAL;PUT;Nov-26;5,30;5.09;18,40;-0,68;;2
15/09/26;COLONIAL;PUT;Dic-26;4,00;5.09;19,43;-0,01;;1
15/09/26;COLONIAL;PUT;Dic-26;4,30;5.09;19,19;-0,03;;2.000
15/09/26;COLONIAL;PUT;Dic-26;4,80;5.09;18,80;-0,24;;2
15/09/26;COLONIAL;PUT;Dic-26;4,90;5.09;18,72;-0,31;;2
15/09/26;COLONIAL;PUT;Dic-26;5,00;5.09;18,64;-0,39;;132
15/09/26;COLONIAL;PUT;Dic-26;5,25;5.09;18,45;-0,60;;984
15/09/26;COLONIAL;PUT;Dic-26;5,50;5.09;18,27;-0,79;;106
15/09/26;COLONIAL;PUT;Mar-27;4,80;5.09;18,78;-0,28;;1
15/09/26;COLONIAL;PUT;Mar-27;5,00;5.09;18,68;-0,39;;141
15/09/26;COLONIAL;PUT;Mar-27;5,25;5.09;18,53;-0,55;;202
15/09/26;COLONIAL;PUT;Mar-27;5,50;5.09;18,36;-0,70;;304
15/09/26;COLONIAL;PUT;Mar-27;6,50;5.09;17,71;-1,00;;4
15/09/26;COLONIAL;PUT;Jun-27;5,00;5.09;19,88;-0,39;5;10
15/09/26;COLONIAL;PUT;Jun-27;5,30;5.09;19,70;-0,54;;253
15/09/26;COLONIAL;PUT;Jun-27;5,50;5.09;19,57;-0,63;;141
15/09/26;EBRO FOODS;CALL;Sep-26;18,50;18.3;14,16;0,20;;3
15/09/26;EBRO FOODS;CALL;Sep-26;19,00;18.3;12,57;;;3
15/09/26;EBRO FOODS;CALL;Mar-27;18,50;18.3;13,51;0,48;;1
15/09/26;EBRO FOODS;CALL;Jun-27;18,00;18.3;13,99;0,58;;1
15/09/26;EBRO FOODS;PUT;Sep-26;17,00;18.3;14,38;;;1
15/09/26;EBRO FOODS;PUT;Sep-26;17,50;18.3;13,96;;;1
15/09/26;EBRO FOODS;PUT;Sep-26;18,00;18.3;13,54;-0,09;;1
15/09/26;EBRO FOODS;PUT;Oct-26;17,00;18.3;13,92;-0,06;;1
15/09/26;EBRO FOODS;PUT;Dic-26;17,50;18.3;13,66;-0,28;;4
15/09/26;EBRO FOODS;PUT;Jun-27;18,00;18.3;13,42;-0,45;;8
15/09/26;ENAGAS;CALL;Sep-26;16,00;16.34;20,28;0,88;;7
15/09/26;ENAGAS;CALL;Sep-26;17,00;16.34;18,75;0,01;;4
15/09/26;ENAGAS;CALL;Sep-26;17,50;16.34;18,09;;;307
15/09/26;ENAGAS;CALL;Sep-26;18,00;16.34;17,43;;;46
15/09/26;ENAGAS;CALL;Sep-26;18,50;16.34;16,77;;;26
15/09/26;ENAGAS;CALL;Sep-26;19,00;16.34;16,10;;;1
15/09/26;ENAGAS;CALL;Oct-26;16,50;16.34;21,93;0,47;1;2
15/09/26;ENAGAS;CALL;Oct-26;17,00;16.34;21,26;0,28;;4
15/09/26;ENAGAS;CALL;Oct-26;18,00;16.34;19,94;0,05;;2
15/09/26;ENAGAS;CALL;Oct-26;19,00;16.34;18,61;;;1
15/09/26;ENAGAS;CALL;Nov-26;17,50;16.34;20,99;0,25;;1
15/09/26;ENAGAS;CALL;Nov-26;18,00;16.34;20,33;0,15;;6
15/09/26;ENAGAS;CALL;Dic-26;15,50;16.34;24,33;0,71;;25
15/09/26;ENAGAS;CALL;Dic-26;16,00;16.34;23,43;0,61;;417
15/09/26;ENAGAS;CALL;Dic-26;17,00;16.34;22,15;0,41;;30
15/09/26;ENAGAS;CALL;Dic-26;17,50;16.34;21,64;0,31;;38
15/09/26;ENAGAS;CALL;Dic-26;18,00;16.34;21,13;0,22;;88
15/09/26;ENAGAS;CALL;Dic-26;18,50;16.34;20,62;0,14;;60
15/09/26;ENAGAS;CALL;Dic-26;19,00;16.34;20,11;0,09;;146
15/09/26;ENAGAS;CALL;Dic-26;19,50;16.34;19,60;0,05;;123
15/09/26;ENAGAS;CALL;Dic-26;20,00;16.34;19,09;0,02;;27
15/09/26;ENAGAS;CALL;Mar-27;12,00;16.34;28,07;0,98;;1
15/09/26;ENAGAS;CALL;Mar-27;15,50;16.34;23,36;0,67;;301
15/09/26;ENAGAS;CALL;Mar-27;16,00;16.34;22,69;0,59;;32
15/09/26;ENAGAS;CALL;Mar-27;17,00;16.34;21,75;0,42;;56
15/09/26;ENAGAS;CALL;Mar-27;17,50;16.34;21,38;0,34;;34
15/09/26;ENAGAS;CALL;Mar-27;18,00;16.34;21,01;0,27;;142
15/09/26;ENAGAS;CALL;Mar-27;18,50;16.34;20,64;0,20;;1
15/09/26;ENAGAS;CALL;Mar-27;19,00;16.34;20,28;0,15;;63
15/09/26;ENAGAS;CALL;Mar-27;19,50;16.34;19,91;0,10;;10
15/09/26;ENAGAS;CALL;Mar-27;20,00;16.34;19,54;0,07;;98
15/09/26;ENAGAS;CALL;Jun-27;16,00;16.34;23,25;0,58;;10
15/09/26;ENAGAS;CALL;Jun-27;18,00;16.34;21,92;0,34;;26
15/09/26;ENAGAS;CALL;Jun-27;19,50;16.34;21,09;0,19;;2
15/09/26;ENAGAS;CALL;Jun-27;20,00;16.34;20,81;0,15;;5
15/09/26;ENAGAS;CALL;Sep-27;20,00;16.34;21,95;0,18;;29
15/09/26;ENAGAS;CALL;Sep-27;20,50;16.34;21,70;0,15;;2
15/09/26;ENAGAS;CALL;Dic-27;15,00;16.34;25,65;0,67;;1
15/09/26;ENAGAS;CALL;Dic-27;16,00;16.34;24,49;0,58;;26
15/09/26;ENAGAS;CALL;Dic-27;19,50;16.34;22,67;0,26;;2
15/09/26;ENAGAS;CALL;Dic-27;20,00;16.34;22,45;0,22;;1
15/09/26;ENAGAS;CALL;Dic-27;20,50;16.34;22,22;0,19;;1
15/09/26;ENAGAS;CALL;Dic-27;21,00;16.34;22,00;0,16;;10
15/09/26;ENAGAS;CALL;Jun-28;18,00;16.34;21,68;0,39;;1
15/09/26;ENAGAS;CALL;Dic-28;16,00;16.34;20,70;0,56;;1
15/09/26;ENAGAS;PUT;Sep-26;12,00;16.34;27,17;;;6
15/09/26;ENAGAS;PUT;Sep-26;12,50;16.34;26,21;;;12
15/09/26;ENAGAS;PUT;Sep-26;13,00;16.34;25,25;;;217
15/09/26;ENAGAS;PUT;Sep-26;13,50;16.34;24,30;;;27
15/09/26;ENAGAS;PUT;Sep-26;14,00;16.34;23,34;;;44
15/09/26;ENAGAS;PUT;Sep-26;14,50;16.34;22,38;;;1
15/09/26;ENAGAS;PUT;Sep-26;15,00;16.34;21,42;;;25
15/09/26;ENAGAS;PUT;Sep-26;15,50;16.34;20,46;;;45
15/09/26;ENAGAS;PUT;Sep-26;16,00;16.34;19,50;-0,11;16;25
15/09/26;ENAGAS;PUT;Sep-26;16,50;16.34;18,64;-0,71;;15
15/09/26;ENAGAS;PUT;Sep-26;16,75;16.34;18,31;-0,93;;22
15/09/26;ENAGAS;PUT;Sep-26;17,00;16.34;17,97;-1,00;;1
15/09/26;ENAGAS;PUT;Sep-26;17,50;16.34;17,31;-1,00;;3
15/09/26;ENAGAS;PUT;Sep-26;18,00;16.34;16,65;-1,00;;1
15/09/26;ENAGAS;PUT;Oct-26;15,50;16.34;23,55;-0,20;;1
15/09/26;ENAGAS;PUT;Oct-26;16,00;16.34;22,61;-0,35;;14
15/09/26;ENAGAS;PUT;Oct-26;16,50;16.34;21,76;-0,54;;5
15/09/26;ENAGAS;PUT;Oct-26;18,00;16.34;19,77;-0,97;;1
15/09/26;ENAGAS;PUT;Nov-26;15,00;16.34;25,53;-0,19;;3
15/09/26;ENAGAS;PUT;Nov-26;15,50;16.34;24,60;-0,28;;1
15/09/26;ENAGAS;PUT;Nov-26;16,00;16.34;23,66;-0,38;;27
15/09/26;ENAGAS;PUT;Nov-26;16,50;16.34;22,81;-0,51;;1
15/09/26;ENAGAS;PUT;Dic-26;12,50;16.34;31,90;-0,04;;2
15/09/26;ENAGAS;PUT;Dic-26;13,00;16.34;31,01;-0,06;;227
15/09/26;ENAGAS;PUT;Dic-26;13,50;16.34;30,11;-0,09;;51
15/09/26;ENAGAS;PUT;Dic-26;14,00;16.34;29,21;-0,12;;283
15/09/26;ENAGAS;PUT;Dic-26;14,50;16.34;28,31;-0,17;;126
15/09/26;ENAGAS;PUT;Dic-26;15,00;16.34;27,42;-0,23;;612
15/09/26;ENAGAS;PUT;Dic-26;15,50;16.34;26,52;-0,31;;38
15/09/26;ENAGAS;PUT;Dic-26;16,00;16.34;25,62;-0,40;;41
15/09/26;ENAGAS;PUT;Dic-26;16,50;16.34;24,85;-0,49;;25
15/09/26;ENAGAS;PUT;Dic-26;17,50;16.34;23,83;-0,69;;26
15/09/26;ENAGAS;PUT;Mar-27;12,00;16.34;26,54;-0,05;;1
15/09/26;ENAGAS;PUT;Mar-27;13,00;16.34;25,20;-0,10;;25
15/09/26;ENAGAS;PUT;Mar-27;14,00;16.34;23,85;-0,18;;234
15/09/26;ENAGAS;PUT;Mar-27;14,50;16.34;23,18;-0,23;;56
15/09/26;ENAGAS;PUT;Mar-27;15,00;16.34;22,50;-0,30;;40
15/09/26;ENAGAS;PUT;Mar-27;15,50;16.34;21,83;-0,37;;4
15/09/26;ENAGAS;PUT;Mar-27;16,00;16.34;21,16;-0,45;1;541
15/09/26;ENAGAS;PUT;Mar-27;16,50;16.34;20,58;-0,54;;27
15/09/26;ENAGAS;PUT;Mar-27;17,00;16.34;20,22;-0,63;;36
15/09/26;ENAGAS;PUT;Jun-27;17,00;16.34;20,39;-0,59;;52
15/09/26;ENAGAS;PUT;Jun-27;17,50;16.34;20,11;-0,66;;28
15/09/26;ENAGAS;PUT;Sep-27;12,50;16.34;25,76;-0,15;;470
15/09/26;ENAGAS;PUT;Sep-27;13,00;16.34;25,17;-0,19;;75
15/09/26;ENAGAS;PUT;Sep-27;13,50;16.34;24,58;-0,23;;1
15/09/26;ENAGAS;PUT;Sep-27;14,00;16.34;23,99;-0,27;;25
15/09/26;ENAGAS;PUT;Sep-27;17,00;16.34;20,88;-0,61;;25
15/09/26;ENAGAS;PUT;Dic-27;11,00;16.34;26,97;-0,08;;4.100
15/09/26;ENAGAS;PUT;Dic-27;14,00;16.34;23,48;-0,27;;1
15/09/26;ENAGAS;PUT;Mar-28;12,00;16.34;24,07;-0,15;;75
15/09/26;ENAGAS;PUT;Mar-28;14,50;16.34;21,37;-0,34;;173
15/09/26;ENAGAS;PUT;Mar-28;15,50;16.34;20,29;-0,44;;25
15/09/26;ENAGAS;PUT;Mar-28;16,00;16.34;19,75;-0,50;;50
15/09/26;ENAGAS;PUT;Mar-28;16,50;16.34;19,32;-0,55;;25
15/09/26;ENAGAS;PUT;Jun-28;15,00;16.34;19,78;-0,39;;10
15/09/26;ENAGAS;PUT;Jun-28;16,00;16.34;18,78;-0,49;;25
15/09/26;ENAGAS;PUT;Jun-28;16,50;16.34;18,39;-0,55;;25
15/09/26;ENAGAS;PUT;Jun-28;18,00;16.34;17,93;-0,70;;141
15/09/26;ENAGAS;CALL;Sep-26;12,50;16.34;26,99;1,00;;25
15/09/26;ENAGAS;CALL;Sep-26;13,50;16.34;25,08;1,00;;5
15/09/26;ENAGAS;CALL;Sep-26;14,00;16.34;24,12;1,00;;2
15/09/26;ENAGAS;CALL;Sep-26;17,00;16.34;18,75;0,01;;1
15/09/26;ENAGAS;CALL;Sep-26;17,50;16.34;18,09;;;1
15/09/26;ENAGAS;CALL;Sep-26;18,00;16.34;17,43;;;25
15/09/26;ENAGAS;CALL;Dic-26;16,50;16.34;22,66;0,51;;25
15/09/26;ENAGAS;CALL;Dic-26;17,00;16.34;22,15;0,40;;100
15/09/26;ENAGAS;CALL;Dic-26;17,50;16.34;21,64;0,30;;50
15/09/26;ENAGAS;CALL;Dic-26;18,00;16.34;21,13;0,22;;25
15/09/26;ENAGAS;CALL;Mar-27;19,00;16.34;20,28;0,15;125;125
15/09/26;ENAGAS;CALL;Jun-27;19,50;16.34;21,09;0,19;50;50
15/09/26;ENAGAS;PUT;Sep-26;11,00;16.34;29,09;;;1
15/09/26;ENAGAS;PUT;Sep-26;14,00;16.34;23,34;;;25
15/09/26;ENAGAS;PUT;Sep-26;15,50;16.34;20,46;;;25
15/09/26;ENAGAS;PUT;Sep-26;16,00;16.34;19,50;-0,11;;2
15/09/26;ENAGAS;PUT;Sep-26;17,00;16.34;17,97;-0,99;;25
15/09/26;ENAGAS;PUT;Nov-26;15,50;16.34;24,60;-0,27;;2
15/09/26;ENAGAS;PUT;Dic-26;13,00;16.34;31,01;-0,06;;25
15/09/26;ENAGAS;PUT;Dic-26;13,50;16.34;30,11;-0,09;;75
15/09/26;ENAGAS;PUT;Dic-26;14,00;16.34;29,21;-0,12;;25
15/09/26;ENAGAS;PUT;Dic-26;15,50;16.34;26,52;-0,30;;5
15/09/26;ENAGAS;PUT;Dic-26;16,50;16.34;24,85;-0,48;;10
15/09/26;ENAGAS;PUT;Mar-27;14,50;16.34;23,18;-0,23;;50
15/09/26;ENAGAS;PUT;Mar-27;15,00;16.34;22,50;-0,29;;1
15/09/26;ENAGAS;PUT;Mar-27;15,50;16.34;21,83;-0,36;;9
15/09/26;ENAGAS;PUT;Jun-27;15,50;16.34;21,80;-0,35;;6
15/09/26;ENCE;CALL;Mar-27;2,00;2.45;24,45;0,93;;13
15/09/26;ENCE;CALL;Mar-27;2,10;2.45;24,34;0,87;;4
15/09/26;ENCE;CALL;Jun-27;2,40;2.45;23,48;0,58;;10
15/09/26;ENCE;CALL;Mar-28;2,00;2.45;27,92;0,81;;4
15/09/26;ENCE;PUT;Sep-26;4,70;2.45;7,57;-1,00;;10
15/09/26;ENCE;PUT;Nov-26;2,50;2.45;15,59;-0,69;;8
15/09/26;ENCE;PUT;Jun-27;2,70;2.45;24,51;-0,67;;5
15/09/26;ENDESA;CALL;Sep-26;38,00;42.22;21,45;1,00;;1
15/09/26;ENDESA;CALL;Sep-26;40,00;42.22;19,51;1,00;1;1
15/09/26;ENDESA;CALL;Sep-26;41,00;42.22;18,53;0,96;;5
15/09/26;ENDESA;CALL;Sep-26;42,00;42.22;17,56;0,64;;2
15/09/26;ENDESA;CALL;Sep-26;43,00;42.22;17,25;0,12;;5
15/09/26;ENDESA;CALL;Oct-26;40,00;42.22;20,48;0,83;6;1
15/09/26;ENDESA;CALL;Oct-26;44,00;42.22;18,07;0,24;;1
15/09/26;ENDESA;CALL;Nov-26;44,00;42.22;18,88;0,34;;3
15/09/26;ENDESA;CALL;Dic-26;24,00;42.22;35,21;1,00;;2
15/09/26;ENDESA;CALL;Dic-26;35,00;42.22;25,57;0,94;;10
15/09/26;ENDESA;CALL;Dic-26;36,00;42.22;24,69;0,92;;10
15/09/26;ENDESA;CALL;Dic-26;37,00;42.22;23,81;0,89;;4
15/09/26;ENDESA;CALL;Dic-26;38,00;42.22;22,94;0,85;;4
15/09/26;ENDESA;CALL;Dic-26;40,00;42.22;21,19;0,73;;19
15/09/26;ENDESA;CALL;Dic-26;41,00;42.22;20,31;0,66;1;1
15/09/26;ENDESA;CALL;Dic-26;42,00;42.22;19,43;0,57;;1
15/09/26;ENDESA;CALL;Dic-26;43,00;42.22;19,17;0,47;;5
15/09/26;ENDESA;CALL;Dic-26;45,00;42.22;18,98;0,29;;11
15/09/26;ENDESA;CALL;Dic-26;46,00;42.22;18,88;0,22;;10
15/09/26;ENDESA;CALL;Dic-26;47,00;42.22;18,79;0,16;;20
15/09/26;ENDESA;CALL;Dic-26;48,00;42.22;18,69;0,11;;15
15/09/26;ENDESA;CALL;Mar-27;32,00;42.22;28,84;0,94;;1
15/09/26;ENDESA;CALL;Mar-27;34,00;42.22;27,10;0,91;;150
15/09/26;ENDESA;CALL;Mar-27;40,00;42.22;21,89;0,68;;1
15/09/26;ENDESA;CALL;Mar-27;41,00;42.22;21,02;0,62;;3
15/09/26;ENDESA;CALL;Mar-27;43,00;42.22;19,89;0,49;;5
15/09/26;ENDESA;CALL;Mar-27;44,00;42.22;19,81;0,42;;2
15/09/26;ENDESA;CALL;Mar-27;45,00;42.22;19,72;0,36;;1
15/09/26;ENDESA;CALL;Mar-27;50,00;42.22;19,28;0,13;;1
15/09/26;ENDESA;CALL;Mar-27;54,00;42.22;18,94;0,04;;38
15/09/26;ENDESA;CALL;Mar-27;56,00;42.22;18,76;0,02;;15
15/09/26;ENDESA;CALL;Jun-27;25,00;42.22;33,16;0,99;;1
15/09/26;ENDESA;CALL;Jun-27;27,00;42.22;31,66;0,97;;2
15/09/26;ENDESA;CALL;Jun-27;32,00;42.22;27,91;0,91;;294
15/09/26;ENDESA;CALL;Jun-27;33,00;42.22;27,16;0,89;;291
15/09/26;ENDESA;CALL;Jun-27;37,00;42.22;24,16;0,78;;1
15/09/26;ENDESA;CALL;Jun-27;38,00;42.22;23,41;0,75;;1
15/09/26;ENDESA;CALL;Jun-27;41,00;42.22;21,16;0,62;;2
15/09/26;ENDESA;CALL;Jun-27;42,00;42.22;20,41;0,57;;2
15/09/26;ENDESA;CALL;Jun-27;44,00;42.22;20,07;0,46;;40
15/09/26;ENDESA;CALL;Jun-27;46,00;42.22;19,88;0,36;;50
15/09/26;ENDESA;CALL;Jun-27;48,00;42.22;19,69;0,27;;5
15/09/26;ENDESA;CALL;Jun-27;54,00;42.22;19,12;0,09;;155
15/09/26;ENDESA;CALL;Jun-27;56,00;42.22;18,93;0,06;;410
15/09/26;ENDESA;CALL;Sep-27;43,00;42.22;21,13;0,52;;75
15/09/26;ENDESA;CALL;Sep-27;44,00;42.22;21,01;0,48;;150
15/09/26;ENDESA;CALL;Sep-27;45,00;42.22;20,89;0,43;;1
15/09/26;ENDESA;CALL;Sep-27;49,00;42.22;20,42;0,26;;7
15/09/26;ENDESA;CALL;Dic-27;29,00;42.22;29,75;0,93;;1
15/09/26;ENDESA;CALL;Dic-27;31,00;42.22;28,49;0,90;;1
15/09/26;ENDESA;CALL;Dic-27;34,00;42.22;26,59;0,83;;1
15/09/26;ENDESA;CALL;Dic-27;40,00;42.22;22,80;0,65;;26
15/09/26;ENDESA;CALL;Dic-27;50,00;42.22;20,60;0,27;;2
15/09/26;ENDESA;CALL;Dic-27;52,00;42.22;20,40;0,21;;1
15/09/26;ENDESA;CALL;Mar-28;40,00;42.22;22,68;0,64;;25
15/09/26;ENDESA;CALL;Mar-28;44,00;42.22;21,20;0,49;;20
15/09/26;ENDESA;CALL;Mar-28;45,00;42.22;21,11;0,45;;1.215
15/09/26;ENDESA;CALL;Mar-28;46,00;42.22;21,02;0,42;;85
15/09/26;ENDESA;CALL;Mar-28;47,00;42.22;20,93;0,38;;795
15/09/26;ENDESA;CALL;Mar-28;48,00;42.22;20,85;0,35;;290
15/09/26;ENDESA;CALL;Mar-28;49,00;42.22;20,76;0,32;;85
15/09/26;ENDESA;CALL;Mar-28;50,00;42.22;20,67;0,29;;75
15/09/26;ENDESA;CALL;Mar-28;56,00;42.22;20,15;0,15;;13
15/09/26;ENDESA;CALL;Jun-28;46,00;42.22;21,04;0,44;;10
15/09/26;ENDESA;PUT;Sep-26;25,00;42.22;34,89;;;4
15/09/26;ENDESA;PUT;Sep-26;27,00;42.22;32,95;;;445
15/09/26;ENDESA;PUT;Sep-26;28,00;42.22;31,98;;;19
15/09/26;ENDESA;PUT;Sep-26;29,00;42.22;31,01;;;148
15/09/26;ENDESA;PUT;Sep-26;30,00;42.22;30,04;;;147
15/09/26;ENDESA;PUT;Sep-26;31,00;42.22;29,07;;;146
15/09/26;ENDESA;PUT;Sep-26;34,00;42.22;26,15;;;10
15/09/26;ENDESA;PUT;Sep-26;35,00;42.22;25,18;;;25
15/09/26;ENDESA;PUT;Sep-26;36,00;42.22;24,21;;;50
15/09/26;ENDESA;PUT;Sep-26;37,00;42.22;23,24;;;30
15/09/26;ENDESA;PUT;Sep-26;38,00;42.22;22,27;;;15
15/09/26;ENDESA;PUT;Sep-26;40,00;42.22;20,33;;;7
15/09/26;ENDESA;PUT;Sep-26;41,00;42.22;19,35;-0,05;1;4
15/09/26;ENDESA;PUT;Sep-26;42,50;42.22;18,13;-0,65;;1
15/09/26;ENDESA;PUT;Sep-26;43,00;42.22;18,07;-0,87;;5
15/09/26;ENDESA;PUT;Oct-26;41,00;42.22;18,78;-0,28;;10
15/09/26;ENDESA;PUT;Dic-26;19,00;42.22;38,77;;;15
15/09/26;ENDESA;PUT;Dic-26;28,00;42.22;30,88;;;25
15/09/26;ENDESA;PUT;Dic-26;30,00;42.22;29,13;-0,01;;10
15/09/26;ENDESA;PUT;Dic-26;32,00;42.22;27,38;-0,02;;10
15/09/26;ENDESA;PUT;Dic-26;33,00;42.22;26,50;-0,03;;35
15/09/26;ENDESA;PUT;Dic-26;34,00;42.22;25,62;-0,04;;1
15/09/26;ENDESA;PUT;Dic-26;35,00;42.22;24,75;-0,05;;10
15/09/26;ENDESA;PUT;Dic-26;37,00;42.22;22,99;-0,11;;10
15/09/26;ENDESA;PUT;Dic-26;38,00;42.22;22,12;-0,15;;4
15/09/26;ENDESA;PUT;Dic-26;39,00;42.22;21,24;-0,20;;10
15/09/26;ENDESA;PUT;Dic-26;40,00;42.22;20,37;-0,27;;10
15/09/26;ENDESA;PUT;Mar-27;37,00;42.22;22,62;-0,19;;10
15/09/26;ENDESA;PUT;Mar-27;39,00;42.22;20,89;-0,28;;10
15/09/26;ENDESA;PUT;Jun-27;15,50;42.22;38,49;;;5
15/09/26;ENDESA;PUT;Jun-27;22,00;42.22;33,62;-0,01;;10
15/09/26;ENDESA;PUT;Jun-27;37,00;42.22;22,37;-0,21;;3
15/09/26;ENDESA;PUT;Jun-27;38,00;42.22;21,62;-0,25;;4
15/09/26;ENDESA;PUT;Dic-27;17,50;42.22;33,72;-0,01;;1
15/09/26;ENDESA;PUT;Dic-27;27,00;42.22;27,72;-0,06;;1
15/09/26;ENDESA;PUT;Dic-27;30,00;42.22;25,83;-0,10;;5
15/09/26;ENDESA;PUT;Dic-27;31,00;42.22;25,20;-0,11;;30
15/09/26;ENDESA;PUT;Dic-27;32,00;42.22;24,57;-0,13;;5
15/09/26;ENDESA;PUT;Dic-27;34,00;42.22;23,30;-0,18;;5
15/09/26;ENDESA;PUT;Dic-27;44,00;42.22;17,93;-0,57;;15
15/09/26;ENDESA;PUT;Mar-28;22,00;42.22;30,20;-0,03;;150
15/09/26;ENDESA;PUT;Mar-28;24,00;42.22;29,00;-0,04;;150
15/09/26;ENDESA;PUT;Mar-28;26,00;42.22;27,80;-0,06;;150
15/09/26;ENDESA;PUT;Mar-28;27,00;42.22;27,20;-0,07;;150
15/09/26;ENDESA;PUT;Mar-28;28,00;42.22;26,60;-0,08;;150
15/09/26;ENDESA;PUT;Jun-28;25,00;42.22;28,00;-0,06;;150
15/09/26;ENDESA;PUT;Jun-28;26,00;42.22;27,43;-0,07;;150
15/09/26;ENDESA;PUT;Jun-28;27,00;42.22;26,86;-0,08;;293
15/09/26;ENDESA;PUT;Jun-28;29,00;42.22;25,72;-0,10;;143
15/09/26;ENDESA;PUT;Jun-28;30,00;42.22;25,16;-0,12;;143
15/09/26;ENDESA;PUT;Jun-28;31,00;42.22;24,59;-0,14;;142
15/09/26;ENDESA;PUT;Jun-28;32,00;42.22;24,02;-0,16;;142
15/09/26;ENDESA;PUT;Jun-28;33,00;42.22;23,45;-0,18;;142
15/09/26;ENDESA;PUT;Dic-28;31,00;42.22;23,55;-0,16;;16
15/09/26;ENDESA;CALL;Sep-26;17,00;42.22;41,84;1,00;;25
15/09/26;ENDESA;CALL;Sep-26;34,00;42.22;25,33;1,00;;25
15/09/26;ENDESA;CALL;Sep-26;34,00;42.22;25,33;1,00;;25
15/09/26;ENDESA;CALL;Sep-26;42,00;42.22;17,56;0,64;;10
15/09/26;ENDESA;CALL;Sep-26;43,00;42.22;17,25;0,13;;1
15/09/26;ENDESA;CALL;Oct-26;42,00;42.22;18,53;0,56;;1
15/09/26;ENDESA;CALL;Oct-26;44,00;42.22;18,07;0,24;;2
15/09/26;ENDESA;CALL;Dic-26;33,00;42.22;27,32;0,96;;10
15/09/26;ENDESA;CALL;Dic-26;40,00;42.22;21,19;0,73;;10
15/09/26;ENDESA;CALL;Dic-26;42,00;42.22;19,43;0,56;;10
15/09/26;ENDESA;CALL;Mar-27;37,00;42.22;24,49;0,79;;10
15/09/26;ENDESA;PUT;Sep-26;24,00;42.22;35,86;;;25
15/09/26;ENDESA;PUT;Sep-26;25,00;42.22;34,89;;;25
15/09/26;ENDESA;PUT;Sep-26;26,00;42.22;33,92;;;25
15/09/26;ENDESA;PUT;Sep-26;26,00;42.22;33,92;;;25
15/09/26;ENDESA;PUT;Sep-26;32,00;42.22;28,09;;;10
15/09/26;ENDESA;PUT;Sep-26;34,00;42.22;26,15;;;25
15/09/26;ENDESA;PUT;Sep-26;35,00;42.22;25,18;;;25
15/09/26;ENDESA;PUT;Sep-26;35,00;42.22;25,18;;;50
15/09/26;ENDESA;PUT;Sep-26;36,00;42.22;24,21;;;25
15/09/26;ENDESA;PUT;Sep-26;37,00;42.22;23,24;;;50
15/09/26;ENDESA;PUT;Sep-26;39,00;42.22;21,30;;;10
15/09/26;ENDESA;PUT;Oct-26;40,00;42.22;19,76;-0,16;;10
15/09/26;ENDESA;PUT;Dic-26;32,00;42.22;27,38;-0,02;;8
15/09/26;ENDESA;PUT;Dic-26;36,00;42.22;23,87;-0,08;;10
15/09/26;ENDESA;PUT;Dic-26;39,00;42.22;21,24;-0,20;;30
15/09/26;FCC;CALL;Sep-26;10,50;10.6;16,18;0,75;;1
15/09/26;FCC;CALL;Jun-27;11,00;10.6;16,62;0,49;;1
15/09/26;FCC;CALL;Dic-27;16,50;10.6;18,06;0,01;;1
15/09/26;FCC;CALL;Jun-28;11,50;10.6;23,36;0,45;;200
15/09/26;FCC;PUT;Sep-26;11,00;10.6;18,56;-0,99;;1
15/09/26;FCC;PUT;Sep-26;11,50;10.6;17,16;-1,00;;1
15/09/26;FCC;PUT;Sep-26;12,00;10.6;15,76;-1,00;;3
15/09/26;FCC;PUT;Dic-26;10,50;10.6;20,05;-0,42;;20
15/09/26;FCC;PUT;Mar-27;9,50;10.6;21,58;-0,19;;257
15/09/26;FCC;PUT;Mar-27;10,00;10.6;21,09;-0,30;;250
15/09/26;FCC;PUT;Mar-27;10,50;10.6;20,61;-0,42;;482
15/09/26;FCC;PUT;Mar-27;11,00;10.6;19,77;-0,56;;224
15/09/26;FCC;PUT;Jun-27;10,50;10.6;21,63;-0,41;;9
15/09/26;FCC;PUT;Jun-27;11,50;10.6;20,59;-0,63;;3
15/09/26;FCC;PUT;Jun-27;12,00;10.6;20,04;-0,74;;417
15/09/26;FCC;PUT;Sep-27;11,00;10.6;23,05;-0,59;;226
15/09/26;FERROVIAL;CALL;Sep-26;47,00;47.22;30,62;0,57;;5
15/09/26;FERROVIAL;CALL;Sep-26;48,00;47.22;29,94;0,28;;4
15/09/26;FERROVIAL;CALL;Sep-26;49,00;47.22;29,39;0,09;;1
15/09/26;FERROVIAL;CALL;Sep-26;50,00;47.22;28,84;0,02;;53
15/09/26;FERROVIAL;CALL;Sep-26;52,00;47.22;27,74;;;35
15/09/26;FERROVIAL;CALL;Sep-26;53,00;47.22;27,19;;;4
15/09/26;FERROVIAL;CALL;Sep-26;54,00;47.22;26,64;;;56
15/09/26;FERROVIAL;CALL;Sep-26;56,00;47.22;25,54;;;61
15/09/26;FERROVIAL;CALL;Sep-26;57,00;47.22;24,98;;;6
15/09/26;FERROVIAL;CALL;Sep-26;58,00;47.22;24,43;;;2.060
15/09/26;FERROVIAL;CALL;Sep-26;60,00;47.22;23,33;;;92
15/09/26;FERROVIAL;CALL;Sep-26;62,00;47.22;22,23;;;104
15/09/26;FERROVIAL;CALL;Sep-26;64,00;47.22;21,13;;;10
15/09/26;FERROVIAL;CALL;Sep-26;66,00;47.22;20,03;;;25
15/09/26;FERROVIAL;CALL;Sep-26;74,00;47.22;15,62;;;75
15/09/26;FERROVIAL;CALL;Oct-26;54,00;47.22;23,98;0,03;;17
15/09/26;FERROVIAL;CALL;Oct-26;56,00;47.22;22,88;0,01;;9
15/09/26;FERROVIAL;CALL;Nov-26;56,00;47.22;23,65;0,05;;50
15/09/26;FERROVIAL;CALL;Nov-26;60,00;47.22;21,61;;;1
15/09/26;FERROVIAL;CALL;Dic-26;47,00;47.22;27,54;0,54;;1
15/09/26;FERROVIAL;CALL;Dic-26;50,00;47.22;26,31;0,35;;4.000
15/09/26;FERROVIAL;CALL;Dic-26;52,00;47.22;25,59;0,24;;26
15/09/26;FERROVIAL;CALL;Dic-26;54,00;47.22;24,87;0,15;;25
15/09/26;FERROVIAL;CALL;Dic-26;56,00;47.22;24,15;0,09;;54
15/09/26;FERROVIAL;CALL;Dic-26;58,00;47.22;23,43;0,05;;25
15/09/26;FERROVIAL;CALL;Dic-26;60,00;47.22;22,71;0,02;;3.025
15/09/26;FERROVIAL;CALL;Dic-26;64,00;47.22;21,27;;;5
15/09/26;FERROVIAL;CALL;Dic-26;66,00;47.22;20,55;;;5
15/09/26;FERROVIAL;CALL;Dic-26;68,00;47.22;19,83;;;235
15/09/26;FERROVIAL;CALL;Dic-26;70,00;47.22;19,11;;;25
15/09/26;FERROVIAL;CALL;Mar-27;45,00;47.22;27,58;0,64;;54
15/09/26;FERROVIAL;CALL;Mar-27;50,00;47.22;25,40;0,42;;102
15/09/26;FERROVIAL;CALL;Mar-27;52,00;47.22;25,02;0,33;;15
15/09/26;FERROVIAL;CALL;Mar-27;58,00;47.22;23,88;0,14;;25
15/09/26;FERROVIAL;CALL;Mar-27;62,00;47.22;23,11;0,06;;25
15/09/26;FERROVIAL;CALL;Sep-27;44,00;47.22;27,80;0,67;;25
15/09/26;FERROVIAL;CALL;Sep-27;50,00;47.22;25,61;0,48;;25
15/09/26;FERROVIAL;CALL;Sep-27;52,00;47.22;25,33;0,42;;25
15/09/26;FERROVIAL;CALL;Sep-27;56,00;47.22;24,76;0,31;;25
15/09/26;FERROVIAL;CALL;Dic-27;50,00;47.22;25,76;0,50;;25
15/09/26;FERROVIAL;CALL;Dic-27;60,00;47.22;24,56;0,25;;25
15/09/26;FERROVIAL;CALL;Dic-27;70,00;47.22;23,36;0,09;;25
15/09/26;FERROVIAL;CALL;Mar-28;52,00;47.22;25,51;0,47;;25
15/09/26;FERROVIAL;CALL;Mar-28;54,00;47.22;25,26;0,42;;50
15/09/26;FERROVIAL;CALL;Mar-28;60,00;47.22;24,50;0,28;;25
15/09/26;FERROVIAL;CALL;Mar-28;66,00;47.22;23,73;0,18;;25
15/09/26;FERROVIAL;CALL;Jun-28;50,00;47.22;25,87;0,53;;50
15/09/26;FERROVIAL;CALL;Jun-28;56,00;47.22;25,15;0,39;;50
15/09/26;FERROVIAL;CALL;Jun-28;58,00;47.22;24,91;0,35;;25
15/09/26;FERROVIAL;CALL;Dic-28;50,00;47.22;26,33;0,56;;3.000
15/09/26;FERROVIAL;PUT;Sep-26;36,00;47.22;42,85;;;25
15/09/26;FERROVIAL;PUT;Sep-26;42,00;47.22;35,99;;;25
15/09/26;FERROVIAL;PUT;Sep-26;45,00;47.22;32,56;-0,05;;25
15/09/26;FERROVIAL;PUT;Sep-26;46,00;47.22;31,42;-0,17;;1
15/09/26;FERROVIAL;PUT;Sep-26;47,00;47.22;30,27;-0,43;;28
15/09/26;FERROVIAL;PUT;Sep-26;48,00;47.22;29,59;-0,72;1;55
15/09/26;FERROVIAL;PUT;Sep-26;49,00;47.22;29,04;-0,92;2;25
15/09/26;FERROVIAL;PUT;Sep-26;50,00;47.22;28,49;-0,99;;51
15/09/26;FERROVIAL;PUT;Sep-26;52,00;47.22;27,39;-1,00;996;2.006
15/09/26;FERROVIAL;PUT;Sep-26;54,00;47.22;26,29;-1,00;;1.544
15/09/26;FERROVIAL;PUT;Sep-26;58,00;47.22;24,08;-1,00;15;35
15/09/26;FERROVIAL;PUT;Sep-26;64,00;47.22;20,78;-1,00;;25
15/09/26;FERROVIAL;PUT;Oct-26;44,00;47.22;29,98;-0,19;1;3
15/09/26;FERROVIAL;PUT;Oct-26;45,00;47.22;28,87;-0,26;;2
15/09/26;FERROVIAL;PUT;Oct-26;46,00;47.22;27,75;-0,35;;5
15/09/26;FERROVIAL;PUT;Oct-26;48,00;47.22;25,96;-0,56;;9
15/09/26;FERROVIAL;PUT;Oct-26;49,00;47.22;25,41;-0,67;;15
15/09/26;FERROVIAL;PUT;Nov-26;40,00;47.22;34,27;-0,12;1;1
15/09/26;FERROVIAL;PUT;Nov-26;43,00;47.22;30,95;-0,23;;7
15/09/26;FERROVIAL;PUT;Nov-26;44,00;47.22;29,84;-0,28;;1
15/09/26;FERROVIAL;PUT;Nov-26;46,00;47.22;27,62;-0,41;;2
15/09/26;FERROVIAL;PUT;Nov-26;58,00;47.22;20,79;-0,99;15;15
15/09/26;FERROVIAL;PUT;Dic-26;44,00;47.22;29,63;-0,30;;51
15/09/26;FERROVIAL;PUT;Dic-26;48,00;47.22;26,05;-0,54;;7
15/09/26;FERROVIAL;PUT;Dic-26;49,00;47.22;25,69;-0,60;;26
15/09/26;FERROVIAL;PUT;Dic-26;50,00;47.22;25,33;-0,67;;25
15/09/26;FERROVIAL;PUT;Dic-26;54,00;47.22;23,89;-0,87;;26
15/09/26;FERROVIAL;PUT;Dic-26;56,00;47.22;23,17;-0,93;;25
15/09/26;FERROVIAL;PUT;Dic-26;58,00;47.22;22,45;-0,97;;130
15/09/26;FERROVIAL;PUT;Dic-26;60,00;47.22;21,73;-0,99;;10
15/09/26;FERROVIAL;PUT;Dic-26;72,00;47.22;17,41;-1,00;;1
15/09/26;FERROVIAL;PUT;Mar-27;39,00;47.22;32,12;-0,17;;100
15/09/26;FERROVIAL;PUT;Mar-27;45,00;47.22;27,68;-0,37;;25
15/09/26;FERROVIAL;PUT;Mar-27;46,00;47.22;26,93;-0,41;;26
15/09/26;FERROVIAL;PUT;Mar-27;47,00;47.22;26,19;-0,46;;50
15/09/26;FERROVIAL;PUT;Mar-27;48,00;47.22;25,88;-0,50;;76
15/09/26;FERROVIAL;PUT;Mar-27;49,00;47.22;25,69;-0,55;;90
15/09/26;FERROVIAL;PUT;Mar-27;50,00;47.22;25,50;-0,60;;125
15/09/26;FERROVIAL;PUT;Mar-27;52,00;47.22;25,12;-0,69;;135
15/09/26;FERROVIAL;PUT;Mar-27;54,00;47.22;24,74;-0,77;;24
15/09/26;FERROVIAL;PUT;Mar-27;56,00;47.22;24,36;-0,84;;1
15/09/26;FERROVIAL;PUT;Mar-27;58,00;47.22;23,98;-0,90;;25
15/09/26;FERROVIAL;PUT;Jun-27;44,00;47.22;28,18;-0,33;;25
15/09/26;FERROVIAL;PUT;Jun-27;49,00;47.22;25,86;-0,52;;50
15/09/26;FERROVIAL;PUT;Jun-27;60,00;47.22;24,31;-0,88;;8
15/09/26;FERROVIAL;PUT;Sep-27;41,00;47.22;29,84;-0,26;;1
15/09/26;FERROVIAL;PUT;Sep-27;43,00;47.22;28,72;-0,31;1;1
15/09/26;FERROVIAL;PUT;Sep-27;44,00;47.22;28,17;-0,34;;51
15/09/26;FERROVIAL;PUT;Sep-27;45,00;47.22;27,61;-0,37;;25
15/09/26;FERROVIAL;PUT;Sep-27;47,00;47.22;26,49;-0,43;;25
15/09/26;FERROVIAL;PUT;Sep-27;48,00;47.22;26,26;-0,47;;50
15/09/26;FERROVIAL;PUT;Sep-27;49,00;47.22;26,12;-0,50;;25
15/09/26;FERROVIAL;PUT;Dic-27;35,00;47.22;32,48;-0,15;;1
15/09/26;FERROVIAL;PUT;Dic-27;39,00;47.22;30,39;-0,22;;25
15/09/26;FERROVIAL;PUT;Dic-27;40,00;47.22;29,87;-0,24;;25
15/09/26;FERROVIAL;PUT;Dic-27;45,00;47.22;27,26;-0,37;;25
15/09/26;FERROVIAL;PUT;Dic-27;54,00;47.22;25,29;-0,64;;525
15/09/26;FERROVIAL;PUT;Mar-28;58,00;47.22;24,64;-0,73;;1
15/09/26;FERROVIAL;PUT;Mar-28;60,00;47.22;24,39;-0,78;;3
15/09/26;FERROVIAL;PUT;Mar-28;62,00;47.22;24,13;-0,83;;26
15/09/26;FERROVIAL;PUT;Mar-28;64,00;47.22;23,88;-0,88;;25
15/09/26;FERROVIAL;PUT;Jun-28;44,00;47.22;27,30;-0,34;;25
15/09/26;FERROVIAL;PUT;Jun-28;45,00;47.22;26,87;-0,36;;25
15/09/26;FERROVIAL;PUT;Jun-28;46,00;47.22;26,44;-0,39;;25
15/09/26;FERROVIAL;PUT;Jun-28;48,00;47.22;25,82;-0,44;;25
15/09/26;FERROVIAL;PUT;Jun-28;49,00;47.22;25,70;-0,46;;25
15/09/26;FERROVIAL;PUT;Jun-28;50,00;47.22;25,58;-0,49;;25
15/09/26;FERROVIAL;PUT;Jun-28;52,00;47.22;25,34;-0,54;;25
15/09/26;FERROVIAL;PUT;Jun-28;54,00;47.22;25,10;-0,60;;26
15/09/26;FERROVIAL;PUT;Jun-28;56,00;47.22;24,86;-0,65;;25
15/09/26;FERROVIAL;PUT;Jun-28;58,00;47.22;24,62;-0,70;;26
15/09/26;FERROVIAL;PUT;Jun-28;64,00;47.22;23,90;-0,86;;75
15/09/26;FERROVIAL;CALL;Sep-26;60,00;47.22;23,33;;;70
15/09/26;FERROVIAL;CALL;Sep-26;60,00;47.22;23,33;;;226
15/09/26;FERROVIAL;CALL;Sep-26;62,00;47.22;22,23;;;452
15/09/26;FERROVIAL;CALL;Oct-26;52,00;47.22;25,08;0,11;;226
15/09/26;FERROVIAL;CALL;Oct-26;54,00;47.22;23,98;0,03;452;452
15/09/26;FERROVIAL;CALL;Dic-26;60,00;47.22;22,71;0,02;;60
15/09/26;FERROVIAL;CALL;Mar-27;62,00;47.22;23,11;0,06;;25
15/09/26;FERROVIAL;PUT;Sep-26;54,00;47.22;26,29;-1,00;;15
15/09/26;FERROVIAL;PUT;Sep-26;60,00;47.22;22,98;-1,00;;45
15/09/26;FERROVIAL;PUT;Sep-26;62,00;47.22;21,88;-1,00;;160
15/09/26;FERROVIAL;PUT;Sep-26;64,00;47.22;20,78;-1,00;;45
15/09/26;FERROVIAL;PUT;Oct-26;49,00;47.22;25,41;-0,67;;1
15/09/26;FERROVIAL;PUT;Dic-26;49,00;47.22;25,69;-0,59;;25
15/09/26;FERROVIAL;PUT;Dic-26;50,00;47.22;25,33;-0,65;;25
15/09/26;FERROVIAL;PUT;Mar-27;40,00;47.22;31,38;-0,19;;300
15/09/26;FLUIDRA;CALL;Sep-26;19,00;17.74;18,83;;;2
15/09/26;FLUIDRA;CALL;Sep-26;21,00;17.74;12,25;;;1
15/09/26;FLUIDRA;CALL;Sep-26;29,00;17.74;0,02;;;200
15/09/26;FLUIDRA;CALL;Dic-26;19,50;17.74;25,99;0,26;;1
15/09/26;FLUIDRA;CALL;Dic-26;24,00;17.74;25,23;0,01;;1
15/09/26;FLUIDRA;PUT;Sep-26;16,50;17.74;23,52;;;1
15/09/26;FLUIDRA;PUT;Sep-26;18,50;17.74;19,41;-1,00;;1
15/09/26;FLUIDRA;PUT;Oct-26;18,00;17.74;23,14;-0,56;;1
15/09/26;FLUIDRA;PUT;Oct-26;18,50;17.74;22,81;-0,72;;2
15/09/26;FLUIDRA;PUT;Dic-26;16,00;17.74;26,59;-0,23;;1
15/09/26;FLUIDRA;PUT;Dic-26;16,50;17.74;25,97;-0,30;1;1
15/09/26;FLUIDRA;PUT;Dic-26;17,00;17.74;25,35;-0,38;;325
15/09/26;FLUIDRA;PUT;Dic-26;17,50;17.74;24,73;-0,47;;25
15/09/26;FLUIDRA;PUT;Dic-26;18,00;17.74;24,39;-0,56;;625
15/09/26;FLUIDRA;PUT;Dic-26;18,50;17.74;24,30;-0,65;;1
15/09/26;FLUIDRA;PUT;Dic-26;19,00;17.74;24,22;-0,72;;185
15/09/26;FLUIDRA;PUT;Dic-26;21,00;17.74;23,88;-0,92;;7
15/09/26;FLUIDRA;PUT;Mar-27;17,50;17.74;25,97;-0,45;;19
15/09/26;FLUIDRA;PUT;Mar-27;21,00;17.74;25,52;-0,83;;14
15/09/26;FLUIDRA;PUT;Jun-27;27,00;17.74;25,81;-0,99;;11
15/09/26;FLUIDRA;PUT;Jun-27;28,00;17.74;25,75;-0,99;;11
15/09/26;GRIFOLS;CALL;Sep-26;6,75;9.67;39,96;1,00;;11
15/09/26;GRIFOLS;CALL;Sep-26;8,00;9.67;35,09;1,00;;8
15/09/26;GRIFOLS;CALL;Sep-26;9,00;9.67;31,20;0,99;;12
15/09/26;GRIFOLS;CALL;Sep-26;9,25;9.67;30,22;0,95;;102
15/09/26;GRIFOLS;CALL;Sep-26;9,50;9.67;29,25;0,75;;111
15/09/26;GRIFOLS;CALL;Sep-26;9,75;9.67;28,55;0,38;;11
15/09/26;GRIFOLS;CALL;Sep-26;10,00;9.67;28,40;0,10;;131
15/09/26;GRIFOLS;CALL;Sep-26;10,50;9.67;28,11;;;354
15/09/26;GRIFOLS;CALL;Sep-26;11,00;9.67;27,82;;;2
15/09/26;GRIFOLS;CALL;Sep-26;11,50;9.67;27,52;;;30
15/09/26;GRIFOLS;CALL;Sep-26;12,00;9.67;27,23;;;121
15/09/26;GRIFOLS;CALL;Sep-26;12,50;9.67;26,94;;;29
15/09/26;GRIFOLS;CALL;Oct-26;10,00;9.67;25,86;0,35;;15
15/09/26;GRIFOLS;CALL;Oct-26;10,25;9.67;25,75;0,24;;1
15/09/26;GRIFOLS;CALL;Oct-26;10,50;9.67;25,64;0,15;;1
15/09/26;GRIFOLS;CALL;Oct-26;11,00;9.67;25,41;0,05;;6
15/09/26;GRIFOLS;CALL;Oct-26;12,00;9.67;24,96;;;1
15/09/26;GRIFOLS;CALL;Nov-26;10,00;9.67;28,55;0,43;;112
15/09/26;GRIFOLS;CALL;Nov-26;10,50;9.67;28,34;0,28;;1
15/09/26;GRIFOLS;CALL;Nov-26;11,00;9.67;28,14;0,16;;2
15/09/26;GRIFOLS;CALL;Dic-26;7,75;9.67;35,19;0,93;;1
15/09/26;GRIFOLS;CALL;Dic-26;8,50;9.67;32,97;0,82;;26
15/09/26;GRIFOLS;CALL;Dic-26;8,75;9.67;32,23;0,78;;25
15/09/26;GRIFOLS;CALL;Dic-26;9,00;9.67;31,49;0,72;;56
15/09/26;GRIFOLS;CALL;Dic-26;9,25;9.67;30,74;0,66;;75
15/09/26;GRIFOLS;CALL;Dic-26;9,50;9.67;30,00;0,59;;267
15/09/26;GRIFOLS;CALL;Dic-26;9,75;9.67;29,48;0,52;;100
15/09/26;GRIFOLS;CALL;Dic-26;10,00;9.67;29,39;0,45;;177
15/09/26;GRIFOLS;CALL;Dic-26;10,50;9.67;29,22;0,32;;199
15/09/26;GRIFOLS;CALL;Dic-26;11,00;9.67;29,05;0,21;;321
15/09/26;GRIFOLS;CALL;Dic-26;11,50;9.67;28,88;0,13;;52
15/09/26;GRIFOLS;CALL;Dic-26;12,00;9.67;28,71;0,07;;68
15/09/26;GRIFOLS;CALL;Dic-26;12,50;9.67;28,53;0,04;;99
15/09/26;GRIFOLS;CALL;Dic-26;13,00;9.67;28,36;0,02;;1.307
15/09/26;GRIFOLS;CALL;Dic-26;13,50;9.67;28,19;0,01;;1.187
15/09/26;GRIFOLS;CALL;Dic-26;14,00;9.67;28,02;;;25
15/09/26;GRIFOLS;CALL;Dic-26;14,50;9.67;27,84;;;25
15/09/26;GRIFOLS;CALL;Dic-26;15,00;9.67;27,67;;;44
15/09/26;GRIFOLS;CALL;Dic-26;15,50;9.67;27,50;;;5
15/09/26;GRIFOLS;CALL;Dic-26;17,00;9.67;26,98;;;25
15/09/26;GRIFOLS;CALL;Dic-26;17,50;9.67;26,81;;;25
15/09/26;GRIFOLS;CALL;Mar-27;6,25;9.67;38,16;0,98;;3
15/09/26;GRIFOLS;CALL;Mar-27;7,00;9.67;36,58;0,94;;3
15/09/26;GRIFOLS;CALL;Mar-27;7,50;9.67;35,53;0,89;;41
15/09/26;GRIFOLS;CALL;Mar-27;8,00;9.67;34,47;0,83;4;
15/09/26;GRIFOLS;CALL;Mar-27;8,25;9.67;33,95;0,80;;5
15/09/26;GRIFOLS;CALL;Mar-27;8,50;9.67;33,42;0,76;;4
15/09/26;GRIFOLS;CALL;Mar-27;8,75;9.67;32,90;0,71;;201
15/09/26;GRIFOLS;CALL;Mar-27;9,00;9.67;32,37;0,67;;124
15/09/26;GRIFOLS;CALL;Mar-27;9,25;9.67;31,85;0,62;;127
15/09/26;GRIFOLS;CALL;Mar-27;9,50;9.67;31,32;0,57;;50
15/09/26;GRIFOLS;CALL;Mar-27;9,75;9.67;30,96;0,53;;107
15/09/26;GRIFOLS;CALL;Mar-27;10,00;9.67;30,92;0,48;;170
15/09/26;GRIFOLS;CALL;Mar-27;10,50;9.67;30,85;0,39;2;35
15/09/26;GRIFOLS;CALL;Mar-27;11,50;9.67;30,72;0,24;;11
15/09/26;GRIFOLS;CALL;Mar-27;12,00;9.67;30,65;0,18;;211
15/09/26;GRIFOLS;CALL;Mar-27;12,50;9.67;30,58;0,14;;70
15/09/26;GRIFOLS;CALL;Mar-27;13,00;9.67;30,51;0,10;;528
15/09/26;GRIFOLS;CALL;Mar-27;14,00;9.67;30,37;0,05;;70
15/09/26;GRIFOLS;CALL;Mar-27;16,00;9.67;30,10;0,01;;10
15/09/26;GRIFOLS;CALL;Jun-27;8,00;9.67;34,95;0,79;;6
15/09/26;GRIFOLS;CALL;Jun-27;8,25;9.67;34,50;0,76;;3
15/09/26;GRIFOLS;CALL;Jun-27;8,75;9.67;33,60;0,69;;2
15/09/26;GRIFOLS;CALL;Jun-27;9,00;9.67;33,15;0,66;;58
15/09/26;GRIFOLS;CALL;Jun-27;9,25;9.67;32,71;0,62;;53
15/09/26;GRIFOLS;CALL;Jun-27;9,50;9.67;32,26;0,58;;27
15/09/26;GRIFOLS;CALL;Jun-27;9,75;9.67;31,95;0,55;;25
15/09/26;GRIFOLS;CALL;Jun-27;10,00;9.67;31,93;0,51;;67
15/09/26;GRIFOLS;CALL;Jun-27;10,50;9.67;31,87;0,44;;5
15/09/26;GRIFOLS;CALL;Jun-27;11,00;9.67;31,82;0,38;;12
15/09/26;GRIFOLS;CALL;Jun-27;11,50;9.67;31,77;0,32;;10
15/09/26;GRIFOLS;CALL;Jun-27;12,00;9.67;31,72;0,26;;22
15/09/26;GRIFOLS;CALL;Jun-27;12,50;9.67;31,67;0,22;51;791
15/09/26;GRIFOLS;CALL;Jun-27;13,00;9.67;31,62;0,18;;20
15/09/26;GRIFOLS;CALL;Jun-27;14,00;9.67;31,51;0,11;;15
15/09/26;GRIFOLS;CALL;Jun-27;15,00;9.67;31,41;0,07;;50
15/09/26;GRIFOLS;CALL;Jun-27;16,00;9.67;31,30;0,04;;850
15/09/26;GRIFOLS;CALL;Sep-27;15,00;9.67;32,56;0,12;;10
15/09/26;GRIFOLS;CALL;Dic-27;8,00;9.67;35,86;0,76;;2
15/09/26;GRIFOLS;CALL;Dic-27;8,75;9.67;34,72;0,68;;15
15/09/26;GRIFOLS;CALL;Dic-27;11,00;9.67;33,24;0,44;;1
15/09/26;GRIFOLS;CALL;Dic-27;11,50;9.67;33,20;0,39;;5
15/09/26;GRIFOLS;CALL;Dic-27;12,00;9.67;33,17;0,35;;150
15/09/26;GRIFOLS;CALL;Dic-27;12,50;9.67;33,13;0,31;;100
15/09/26;GRIFOLS;CALL;Dic-27;15,00;9.67;32,96;0,15;;4
15/09/26;GRIFOLS;CALL;Mar-28;15,00;9.67;33,35;0,19;;3
15/09/26;GRIFOLS;CALL;Dic-28;9,00;9.67;32,72;0,66;;14
15/09/26;GRIFOLS;CALL;Dic-28;12,00;9.67;31,49;0,41;;1
15/09/26;GRIFOLS;CALL;Dic-28;15,50;9.67;30,88;0,21;;3
15/09/26;GRIFOLS;CALL;Dic-28;16,50;9.67;30,71;0,17;;2
15/09/26;GRIFOLS;CALL;Dic-28;17,50;9.67;30,54;0,14;;6
15/09/26;GRIFOLS;CALL;Dic-29;15,50;9.67;30,19;0,27;;3
15/09/26;GRIFOLS;PUT;Sep-26;6,50;9.67;43,78;;;10
15/09/26;GRIFOLS;PUT;Sep-26;7,25;9.67;40,85;;;4
15/09/26;GRIFOLS;PUT;Sep-26;7,75;9.67;38,91;;;3
15/09/26;GRIFOLS;PUT;Sep-26;8,00;9.67;37,93;;;31
15/09/26;GRIFOLS;PUT;Sep-26;8,25;9.67;36,96;;;24
15/09/26;GRIFOLS;PUT;Sep-26;8,50;9.67;35,98;;;142
15/09/26;GRIFOLS;PUT;Sep-26;8,75;9.67;35,01;;;71
15/09/26;GRIFOLS;PUT;Sep-26;9,00;9.67;34,04;-0,01;;115
15/09/26;GRIFOLS;PUT;Sep-26;9,25;9.67;33,06;-0,07;;112
15/09/26;GRIFOLS;PUT;Sep-26;9,50;9.67;32,09;-0,27;10;59
15/09/26;GRIFOLS;PUT;Sep-26;9,75;9.67;31,39;-0,61;;19
15/09/26;GRIFOLS;PUT;Sep-26;9,90;9.67;31,30;-0,80;;2
15/09/26;GRIFOLS;PUT;Sep-26;10,00;9.67;31,24;-0,88;15;67
15/09/26;GRIFOLS;PUT;Sep-26;10,50;9.67;30,95;-1,00;4;135
15/09/26;GRIFOLS;PUT;Sep-26;11,00;9.67;30,66;-1,00;;62
15/09/26;GRIFOLS;PUT;Sep-26;11,50;9.67;30,36;-1,00;;39
15/09/26;GRIFOLS;PUT;Sep-26;12,00;9.67;30,07;-1,00;;22
15/09/26;GRIFOLS;PUT;Sep-26;12,50;9.67;29,78;-1,00;;10
15/09/26;GRIFOLS;PUT;Oct-26;8,75;9.67;27,08;-0,09;;37
15/09/26;GRIFOLS;PUT;Oct-26;9,25;9.67;25,56;-0,26;;16
15/09/26;GRIFOLS;PUT;Oct-26;9,50;9.67;24,80;-0,38;;10
15/09/26;GRIFOLS;PUT;Oct-26;9,75;9.67;24,26;-0,53;10;10
15/09/26;GRIFOLS;PUT;Oct-26;10,00;9.67;24,15;-0,67;;20
15/09/26;GRIFOLS;PUT;Nov-26;8,75;9.67;27,86;-0,18;;30
15/09/26;GRIFOLS;PUT;Nov-26;9,50;9.67;25,61;-0,40;10;23
15/09/26;GRIFOLS;PUT;Nov-26;9,75;9.67;25,08;-0,50;;2
15/09/26;GRIFOLS;PUT;Nov-26;10,00;9.67;24,97;-0,60;;100
15/09/26;GRIFOLS;PUT;Dic-26;6,00;9.67;37,39;-0,01;;25
15/09/26;GRIFOLS;PUT;Dic-26;6,25;9.67;36,65;-0,01;;5
15/09/26;GRIFOLS;PUT;Dic-26;6,50;9.67;35,91;-0,01;;1
15/09/26;GRIFOLS;PUT;Dic-26;6,75;9.67;35,17;-0,02;;25
15/09/26;GRIFOLS;PUT;Dic-26;7,00;9.67;34,43;-0,03;;10
15/09/26;GRIFOLS;PUT;Dic-26;7,25;9.67;33,69;-0,05;;291
15/09/26;GRIFOLS;PUT;Dic-26;7,50;9.67;32,94;-0,06;;29
15/09/26;GRIFOLS;PUT;Dic-26;7,75;9.67;32,20;-0,09;;26
15/09/26;GRIFOLS;PUT;Dic-26;8,00;9.67;31,46;-0,12;;317
15/09/26;GRIFOLS;PUT;Dic-26;8,25;9.67;30,72;-0,16;;2
15/09/26;GRIFOLS;PUT;Dic-26;8,50;9.67;29,98;-0,20;;757
15/09/26;GRIFOLS;PUT;Dic-26;8,75;9.67;29,24;-0,25;20;32
15/09/26;GRIFOLS;PUT;Dic-26;9,00;9.67;28,50;-0,32;;221
15/09/26;GRIFOLS;PUT;Dic-26;9,25;9.67;27,75;-0,39;;141
15/09/26;GRIFOLS;PUT;Dic-26;9,50;9.67;27,01;-0,46;;448
15/09/26;GRIFOLS;PUT;Dic-26;9,75;9.67;26,49;-0,54;;14
15/09/26;GRIFOLS;PUT;Dic-26;10,00;9.67;26,40;-0,61;;1.722
15/09/26;GRIFOLS;PUT;Dic-26;10,50;9.67;26,23;-0,74;5;59
15/09/26;GRIFOLS;PUT;Dic-26;11,00;9.67;26,06;-0,84;7;326
15/09/26;GRIFOLS;PUT;Dic-26;11,50;9.67;25,89;-0,91;;28
15/09/26;GRIFOLS;PUT;Dic-26;12,00;9.67;25,72;-0,95;;1
15/09/26;GRIFOLS;PUT;Dic-26;12,50;9.67;25,54;-0,98;;1
15/09/26;GRIFOLS;PUT;Dic-26;13,00;9.67;25,37;-0,99;;10
15/09/26;GRIFOLS;PUT;Dic-26;13,50;9.67;25,20;-1,00;;113
15/09/26;GRIFOLS;PUT;Mar-27;6,25;9.67;37,64;-0,04;;50
15/09/26;GRIFOLS;PUT;Mar-27;6,50;9.67;37,11;-0,05;;17
15/09/26;GRIFOLS;PUT;Mar-27;6,75;9.67;36,58;-0,07;;250
15/09/26;GRIFOLS;PUT;Mar-27;7,00;9.67;36,06;-0,09;;163
15/09/26;GRIFOLS;PUT;Mar-27;7,25;9.67;35,53;-0,11;;76
15/09/26;GRIFOLS;PUT;Mar-27;7,50;9.67;35,01;-0,13;;770
15/09/26;GRIFOLS;PUT;Mar-27;7,75;9.67;34,48;-0,16;;146
15/09/26;GRIFOLS;PUT;Mar-27;8,00;9.67;33,95;-0,19;;127
15/09/26;GRIFOLS;PUT;Mar-27;8,25;9.67;33,43;-0,23;;5
15/09/26;GRIFOLS;PUT;Mar-27;8,50;9.67;32,90;-0,26;;13
15/09/26;GRIFOLS;PUT;Mar-27;8,75;9.67;32,38;-0,30;;3
15/09/26;GRIFOLS;PUT;Mar-27;9,00;9.67;31,85;-0,35;;1.128
15/09/26;GRIFOLS;PUT;Mar-27;9,25;9.67;31,33;-0,39;;2
15/09/26;GRIFOLS;PUT;Mar-27;9,75;9.67;30,44;-0,49;;1
15/09/26;GRIFOLS;PUT;Mar-27;10,00;9.67;30,40;-0,54;;15
15/09/26;GRIFOLS;PUT;Mar-27;10,50;9.67;30,33;-0,63;;14
15/09/26;GRIFOLS;PUT;Mar-27;11,00;9.67;30,27;-0,71;4;138
15/09/26;GRIFOLS;PUT;Mar-27;16,00;9.67;29,58;-1,00;;5
15/09/26;GRIFOLS;PUT;Jun-27;6,00;9.67;39,16;-0,06;;20
15/09/26;GRIFOLS;PUT;Jun-27;7,50;9.67;36,47;-0,17;;10
15/09/26;GRIFOLS;PUT;Jun-27;8,00;9.67;35,58;-0,22;;150
15/09/26;GRIFOLS;PUT;Jun-27;8,25;9.67;35,13;-0,25;;1
15/09/26;GRIFOLS;PUT;Jun-27;9,00;9.67;33,78;-0,35;;15
15/09/26;GRIFOLS;PUT;Jun-27;9,50;9.67;32,89;-0,43;1;1
15/09/26;GRIFOLS;PUT;Jun-27;10,00;9.67;32,56;-0,50;;848
15/09/26;GRIFOLS;PUT;Jun-27;10,50;9.67;32,50;-0,57;;7
15/09/26;GRIFOLS;PUT;Jun-27;11,00;9.67;32,45;-0,64;;3
15/09/26;GRIFOLS;PUT;Jun-27;11,50;9.67;32,40;-0,70;;7
15/09/26;GRIFOLS;PUT;Jun-27;12,00;9.67;32,35;-0,76;;206
15/09/26;GRIFOLS;PUT;Jun-27;12,50;9.67;32,30;-0,81;;402
15/09/26;GRIFOLS;PUT;Jun-27;13,00;9.67;32,25;-0,85;;195
15/09/26;GRIFOLS;PUT;Jun-27;13,50;9.67;32,19;-0,89;;25
15/09/26;GRIFOLS;PUT;Jun-27;15,50;9.67;31,99;-0,97;;142
15/09/26;GRIFOLS;PUT;Sep-27;13,00;9.67;33,82;-0,78;;7
15/09/26;GRIFOLS;PUT;Dic-27;8,25;9.67;37,10;-0,29;;1
15/09/26;GRIFOLS;PUT;Dic-27;8,50;9.67;36,72;-0,31;;5
15/09/26;GRIFOLS;PUT;Dic-27;8,75;9.67;36,34;-0,34;;3
15/09/26;GRIFOLS;PUT;Dic-27;10,50;9.67;34,89;-0,52;;242
15/09/26;GRIFOLS;PUT;Dic-27;11,00;9.67;34,86;-0,57;;228
15/09/26;GRIFOLS;PUT;Dic-27;11,50;9.67;34,82;-0,61;;30
15/09/26;GRIFOLS;PUT;Mar-28;9,50;9.67;35,86;-0,41;;268
15/09/26;GRIFOLS;PUT;Mar-28;10,00;9.67;35,60;-0,46;;260
15/09/26;GRIFOLS;PUT;Jun-28;6,00;9.67;39,78;-0,12;;26
15/09/26;GRIFOLS;PUT;Jun-28;8,25;9.67;36,75;-0,29;;2
15/09/26;GRIFOLS;PUT;Dic-28;6,50;9.67;37,66;-0,17;;25
15/09/26;GRIFOLS;PUT;Dic-28;7,00;9.67;37,04;-0,20;;1
15/09/26;GRIFOLS;PUT;Dic-28;8,00;9.67;35,80;-0,28;;4
15/09/26;GRIFOLS;PUT;Dic-28;9,75;9.67;33,72;-0,42;;1
15/09/26;GRIFOLS;PUT;Jun-29;8,50;9.67;34,07;-0,31;;2
15/09/26;GRIFOLS;PUT;Dic-29;8,50;9.67;33,26;-0,32;;3
15/09/26;GRIFOLS;PUT;Dic-29;9,75;9.67;32,28;-0,41;;1
15/09/26;GRIFOLS;PUT;Dic-30;10,00;9.67;31,50;-0,41;;15
15/09/26;GRIFOLS;CALL;Dic-26;10,00;9.67;29,39;0,41;;10
15/09/26;GRIFOLS;CALL;Dic-26;11,00;9.67;29,05;0,19;;10
15/09/26;GRIFOLS;CALL;Dic-26;11,50;9.67;28,88;0,12;;65
15/09/26;GRIFOLS;CALL;Dic-26;15,00;9.67;27,67;;;15
15/09/26;GRIFOLS;CALL;Jun-27;11,50;9.67;31,77;0,31;;50
15/09/26;GRIFOLS;CALL;Dic-27;11,50;9.67;33,20;0,36;;30
15/09/26;GRIFOLS;CALL;Jun-28;11,50;9.67;32,79;0,41;;60
15/09/26;GRIFOLS;PUT;Sep-26;9,00;9.67;34,04;-0,01;;10
15/09/26;GRIFOLS;PUT;Dic-26;9,50;9.67;27,01;-0,45;;10
15/09/26;GRIFOLS;PUT;Jun-27;9,00;9.67;33,78;-0,34;;1
15/09/26;HBX;CALL;Oct-26;8,25;7.12;29,52;0,05;;10
15/09/26;HBX;CALL;Dic-26;8,00;7.12;29,93;0,26;;10
15/09/26;HBX;CALL;Dic-26;8,25;7.12;29,77;0,20;;10
15/09/26;HBX;CALL;Mar-27;7,50;7.12;30,03;0,47;;10
15/09/26;HBX;CALL;Mar-27;7,75;7.12;29,86;0,41;;10
15/09/26;HBX;CALL;Mar-27;8,50;7.12;29,37;0,25;;10
15/09/26;HBX;CALL;Jun-27;6,75;7.12;29,02;0,66;;10
15/09/26;HBX;CALL;Jun-27;8,00;7.12;28,35;0,40;;10
15/09/26;HBX;CALL;Jun-27;8,50;7.12;28,02;0,30;;10
15/09/26;HBX;PUT;Dic-26;7,25;7.12;31,54;-0,50;;10
15/09/26;HBX;PUT;Jun-27;7,50;7.12;30,06;-0,51;;10
15/09/26;IAG;CALL;Sep-26;3,80;4.77;29,98;1,00;;10
15/09/26;IAG;CALL;Sep-26;4,00;4.77;29,53;1,00;;6
15/09/26;IAG;CALL;Sep-26;4,20;4.77;29,09;1,00;;11
15/09/26;IAG;CALL;Sep-26;4,40;4.77;28,64;1,00;;4
15/09/26;IAG;CALL;Sep-26;4,50;4.77;28,42;0,99;;14
15/09/26;IAG;CALL;Sep-26;4,60;4.77;28,19;0,93;;41
15/09/26;IAG;CALL;Sep-26;4,70;4.77;27,97;0,73;;6
15/09/26;IAG;CALL;Sep-26;4,80;4.77;27,75;0,41;;18
15/09/26;IAG;CALL;Sep-26;4,90;4.77;27,56;0,15;;192
15/09/26;IAG;CALL;Sep-26;5,00;4.77;27,36;0,03;;74
15/09/26;IAG;CALL;Sep-26;5,10;4.77;27,17;;;50
15/09/26;IAG;CALL;Sep-26;5,25;4.77;26,87;;;4.576
15/09/26;IAG;CALL;Sep-26;5,30;4.77;26,78;;;50
15/09/26;IAG;CALL;Sep-26;5,50;4.77;26,38;;;157
15/09/26;IAG;CALL;Sep-26;5,75;4.77;25,89;;;57
15/09/26;IAG;CALL;Sep-26;6,00;4.77;25,41;;;63
15/09/26;IAG;CALL;Sep-26;6,25;4.77;24,92;;;50
15/09/26;IAG;CALL;Oct-26;5,00;4.77;31,29;0,33;;13
15/09/26;IAG;CALL;Oct-26;5,25;4.77;30,80;0,16;;20
15/09/26;IAG;CALL;Nov-26;4,80;4.77;32,62;0,52;;66
15/09/26;IAG;CALL;Nov-26;5,00;4.77;32,23;0,41;;35
15/09/26;IAG;CALL;Dic-26;2,90;4.77;38,28;1,00;;1
15/09/26;IAG;CALL;Dic-26;3,00;4.77;38,03;1,00;;1
15/09/26;IAG;CALL;Dic-26;3,50;4.77;36,81;0,97;;1
15/09/26;IAG;CALL;Dic-26;4,00;4.77;35,59;0,87;;2
15/09/26;IAG;CALL;Dic-26;4,20;4.77;35,10;0,81;;10
15/09/26;IAG;CALL;Dic-26;4,30;4.77;34,85;0,77;;3
15/09/26;IAG;CALL;Dic-26;4,40;4.77;34,61;0,72;;3
15/09/26;IAG;CALL;Dic-26;4,50;4.77;34,36;0,68;;6
15/09/26;IAG;CALL;Dic-26;4,60;4.77;34,12;0,63;;2
15/09/26;IAG;CALL;Dic-26;4,80;4.77;33,64;0,53;;2
15/09/26;IAG;CALL;Dic-26;5,00;4.77;33,24;0,43;;801
15/09/26;IAG;CALL;Dic-26;5,25;4.77;32,73;0,31;50;679
15/09/26;IAG;CALL;Dic-26;5,30;4.77;32,63;0,29;;4
15/09/26;IAG;CALL;Dic-26;5,50;4.77;32,22;0,21;;1.591
15/09/26;IAG;CALL;Dic-26;5,75;4.77;31,72;0,14;;100
15/09/26;IAG;CALL;Dic-26;6,00;4.77;31,21;0,08;;10
15/09/26;IAG;CALL;Dic-26;6,25;4.77;30,70;0,05;;35
15/09/26;IAG;CALL;Mar-27;4,00;4.77;37,03;0,79;;12
15/09/26;IAG;CALL;Mar-27;4,10;4.77;36,85;0,77;;1
15/09/26;IAG;CALL;Mar-27;4,20;4.77;36,67;0,74;;6
15/09/26;IAG;CALL;Mar-27;4,30;4.77;36,49;0,71;;5
15/09/26;IAG;CALL;Mar-27;4,60;4.77;35,94;0,61;;1
15/09/26;IAG;CALL;Mar-27;4,70;4.77;35,76;0,58;;3
15/09/26;IAG;CALL;Mar-27;4,80;4.77;35,57;0,55;;152
15/09/26;IAG;CALL;Mar-27;5,00;4.77;35,13;0,48;;33
15/09/26;IAG;CALL;Mar-27;5,25;4.77;34,59;0,40;;2
15/09/26;IAG;CALL;Mar-27;5,50;4.77;34,05;0,33;;275
15/09/26;IAG;CALL;Mar-27;6,00;4.77;32,97;0,20;;1
15/09/26;IAG;CALL;Mar-27;6,25;4.77;32,43;0,15;;250
15/09/26;IAG;CALL;Mar-27;6,50;4.77;31,89;0,11;;150
15/09/26;IAG;CALL;Jun-27;2,00;4.77;37,87;1,00;;2
15/09/26;IAG;CALL;Jun-27;2,20;4.77;37,57;1,00;;25
15/09/26;IAG;CALL;Jun-27;2,30;4.77;37,43;1,00;;25
15/09/26;IAG;CALL;Jun-27;2,40;4.77;37,28;0,99;;25
15/09/26;IAG;CALL;Jun-27;3,00;4.77;36,40;0,95;;5
15/09/26;IAG;CALL;Jun-27;3,40;4.77;35,81;0,90;;1
15/09/26;IAG;CALL;Jun-27;4,00;4.77;34,93;0,78;;3
15/09/26;IAG;CALL;Jun-27;4,10;4.77;34,78;0,75;;2
15/09/26;IAG;CALL;Jun-27;4,40;4.77;34,34;0,68;;3
15/09/26;IAG;CALL;Jun-27;4,50;4.77;34,20;0,65;;1
15/09/26;IAG;CALL;Jun-27;4,90;4.77;33,59;0,54;;3
15/09/26;IAG;CALL;Jun-27;5,00;4.77;33,43;0,51;;2
15/09/26;IAG;CALL;Jun-27;5,25;4.77;33,03;0,44;;20
15/09/26;IAG;CALL;Jun-27;5,50;4.77;32,63;0,38;;1
15/09/26;IAG;CALL;Jun-27;6,25;4.77;31,42;0,21;;2
15/09/26;IAG;CALL;Jun-27;6,50;4.77;31,02;0,17;;1
15/09/26;IAG;CALL;Sep-27;4,40;4.77;33,09;0,67;;25
15/09/26;IAG;CALL;Sep-27;4,50;4.77;32,96;0,65;;25
15/09/26;IAG;CALL;Sep-27;4,80;4.77;32,56;0,57;;1
15/09/26;IAG;CALL;Sep-27;5,00;4.77;32,30;0,52;;1
15/09/26;IAG;CALL;Sep-27;5,25;4.77;31,96;0,46;;4
15/09/26;IAG;CALL;Dic-27;2,00;4.77;37,01;1,00;;25
15/09/26;IAG;CALL;Dic-27;2,10;4.77;36,89;1,00;;25
15/09/26;IAG;CALL;Dic-27;2,20;4.77;36,76;1,00;;25
15/09/26;IAG;CALL;Dic-27;2,30;4.77;36,64;0,99;;25
15/09/26;IAG;CALL;Dic-27;2,40;4.77;36,51;0,98;;25
15/09/26;IAG;CALL;Dic-27;3,70;4.77;34,88;0,82;;1
15/09/26;IAG;CALL;Dic-27;4,10;4.77;34,37;0,74;;25
15/09/26;IAG;CALL;Dic-27;4,50;4.77;33,87;0,65;;1
15/09/26;IAG;CALL;Dic-27;4,80;4.77;33,50;0,58;;2
15/09/26;IAG;CALL;Dic-27;4,90;4.77;33,39;0,56;;1
15/09/26;IAG;CALL;Dic-27;5,00;4.77;33,29;0,54;;4
15/09/26;IAG;CALL;Dic-27;5,25;4.77;33,03;0,48;;1
15/09/26;IAG;CALL;Dic-27;5,75;4.77;32,50;0,38;;4.000
15/09/26;IAG;CALL;Mar-28;6,00;4.77;32,94;0,37;;2
15/09/26;IAG;CALL;Jun-28;5,00;4.77;35,79;0,57;;1
15/09/26;IAG;PUT;Sep-26;2,20;4.77;34,96;;;3
15/09/26;IAG;PUT;Sep-26;2,50;4.77;34,29;;;65
15/09/26;IAG;PUT;Sep-26;3,20;4.77;32,72;;;50
15/09/26;IAG;PUT;Sep-26;3,30;4.77;32,50;;;15
15/09/26;IAG;PUT;Sep-26;3,50;4.77;32,05;;;17
15/09/26;IAG;PUT;Sep-26;3,90;4.77;31,16;;;5
15/09/26;IAG;PUT;Sep-26;4,00;4.77;30,93;;;205
15/09/26;IAG;PUT;Sep-26;4,10;4.77;30,71;;;224
15/09/26;IAG;PUT;Sep-26;4,20;4.77;30,49;;;2
15/09/26;IAG;PUT;Sep-26;4,40;4.77;30,04;;;21
15/09/26;IAG;PUT;Sep-26;4,50;4.77;29,82;-0,01;;68
15/09/26;IAG;PUT;Sep-26;4,70;4.77;29,37;-0,28;;22
15/09/26;IAG;PUT;Sep-26;4,80;4.77;29,15;-0,58;;112
15/09/26;IAG;PUT;Sep-26;4,90;4.77;28,96;-0,84;;110
15/09/26;IAG;PUT;Sep-26;5,00;4.77;28,76;-0,96;;107
15/09/26;IAG;PUT;Sep-26;5,25;4.77;28,27;-1,00;;10
15/09/26;IAG;PUT;Sep-26;5,30;4.77;28,18;-1,00;;10
15/09/26;IAG;PUT;Sep-26;5,50;4.77;27,78;-1,00;;13
15/09/26;IAG;PUT;Oct-26;4,20;4.77;33,90;-0,09;;150
15/09/26;IAG;PUT;Oct-26;4,50;4.77;33,14;-0,25;;20
15/09/26;IAG;PUT;Oct-26;4,70;4.77;32,64;-0,41;1;9
15/09/26;IAG;PUT;Oct-26;4,80;4.77;32,40;-0,50;;397
15/09/26;IAG;PUT;Oct-26;4,90;4.77;32,21;-0,59;;10
15/09/26;IAG;PUT;Dic-26;2,60;4.77;38,21;;;4
15/09/26;IAG;PUT;Dic-26;2,80;4.77;37,72;;;20
15/09/26;IAG;PUT;Dic-26;2,90;4.77;37,48;;;20
15/09/26;IAG;PUT;Dic-26;3,30;4.77;36,50;-0,02;;20
15/09/26;IAG;PUT;Dic-26;3,50;4.77;36,01;-0,04;;19
15/09/26;IAG;PUT;Dic-26;3,70;4.77;35,52;-0,07;;4
15/09/26;IAG;PUT;Dic-26;3,80;4.77;35,27;-0,09;;151
15/09/26;IAG;PUT;Dic-26;3,90;4.77;35,03;-0,12;;137
15/09/26;IAG;PUT;Dic-26;4,00;4.77;34,79;-0,15;;847
15/09/26;IAG;PUT;Dic-26;4,10;4.77;34,54;-0,18;;12
15/09/26;IAG;PUT;Dic-26;4,20;4.77;34,30;-0,22;;105
15/09/26;IAG;PUT;Dic-26;4,30;4.77;34,05;-0,26;;7
15/09/26;IAG;PUT;Dic-26;4,40;4.77;33,81;-0,30;;54
15/09/26;IAG;PUT;Dic-26;4,50;4.77;33,56;-0,34;;7
15/09/26;IAG;PUT;Dic-26;4,60;4.77;33,32;-0,39;;7
15/09/26;IAG;PUT;Dic-26;4,70;4.77;33,07;-0,44;;3
15/09/26;IAG;PUT;Dic-26;4,80;4.77;32,84;-0,49;8;12
15/09/26;IAG;PUT;Dic-26;4,90;4.77;32,64;-0,54;;6
15/09/26;IAG;PUT;Dic-26;5,00;4.77;32,44;-0,59;;160
15/09/26;IAG;PUT;Dic-26;5,25;4.77;31,93;-0,71;;11
15/09/26;IAG;PUT;Dic-26;5,50;4.77;31,42;-0,80;;1
15/09/26;IAG;PUT;Dic-26;5,75;4.77;30,92;-0,87;;1
15/09/26;IAG;PUT;Dic-26;6,00;4.77;30,41;-0,93;;100
15/09/26;IAG;PUT;Mar-27;3,20;4.77;36,05;-0,05;;40
15/09/26;IAG;PUT;Mar-27;3,50;4.77;35,51;-0,09;;17
15/09/26;IAG;PUT;Mar-27;3,70;4.77;35,15;-0,13;;20
15/09/26;IAG;PUT;Mar-27;4,00;4.77;34,60;-0,20;;4
15/09/26;IAG;PUT;Mar-27;4,10;4.77;34,42;-0,23;;1
15/09/26;IAG;PUT;Mar-27;4,40;4.77;33,87;-0,32;;20
15/09/26;IAG;PUT;Mar-27;4,60;4.77;33,51;-0,39;;25
15/09/26;IAG;PUT;Mar-27;4,70;4.77;33,33;-0,43;;255
15/09/26;IAG;PUT;Mar-27;4,80;4.77;33,14;-0,47;;2
15/09/26;IAG;PUT;Mar-27;5,00;4.77;32,70;-0,54;;13
15/09/26;IAG;PUT;Mar-27;5,25;4.77;32,16;-0,63;;3
15/09/26;IAG;PUT;Mar-27;5,50;4.77;31,62;-0,71;;6
15/09/26;IAG;PUT;Mar-27;5,75;4.77;31,08;-0,78;;1
15/09/26;IAG;PUT;Jun-27;3,50;4.77;34,65;-0,11;;30
15/09/26;IAG;PUT;Jun-27;3,70;4.77;34,36;-0,15;;25
15/09/26;IAG;PUT;Jun-27;4,00;4.77;33,92;-0,22;;3
15/09/26;IAG;PUT;Jun-27;4,10;4.77;33,77;-0,25;;2
15/09/26;IAG;PUT;Jun-27;4,40;4.77;33,33;-0,33;;3
15/09/26;IAG;PUT;Jun-27;4,50;4.77;33,19;-0,36;;1
15/09/26;IAG;PUT;Jun-27;5,00;4.77;32,42;-0,51;;7
15/09/26;IAG;PUT;Jun-27;5,25;4.77;32,02;-0,58;;1
15/09/26;IAG;PUT;Jun-27;5,50;4.77;31,62;-0,66;;2
15/09/26;IAG;PUT;Jun-27;6,00;4.77;30,82;-0,79;;2
15/09/26;IAG;PUT;Sep-27;3,20;4.77;34,17;-0,09;;5
15/09/26;IAG;PUT;Sep-27;4,50;4.77;32,44;-0,36;;2
15/09/26;IAG;PUT;Sep-27;4,80;4.77;32,04;-0,44;;1
15/09/26;IAG;PUT;Sep-27;5,00;4.77;31,78;-0,49;;1
15/09/26;IAG;PUT;Sep-27;5,25;4.77;31,44;-0,56;;2
15/09/26;IAG;PUT;Dic-27;3,20;4.77;34,92;-0,11;;15.000
15/09/26;IAG;PUT;Dic-27;3,50;4.77;34,54;-0,16;;20
15/09/26;IAG;PUT;Dic-27;4,00;4.77;33,91;-0,25;;18
15/09/26;IAG;PUT;Dic-27;4,60;4.77;33,16;-0,39;;25
15/09/26;IAG;PUT;Dic-27;4,80;4.77;32,91;-0,43;;2
15/09/26;IAG;PUT;Dic-27;4,90;4.77;32,80;-0,45;;4.001
15/09/26;IAG;PUT;Dic-27;5,00;4.77;32,70;-0,48;;4
15/09/26;IAG;PUT;Dic-27;5,25;4.77;32,44;-0,53;;3
15/09/26;IAG;PUT;Dic-27;5,50;4.77;32,18;-0,59;;1
15/09/26;IAG;PUT;Mar-28;3,50;4.77;34,76;-0,17;;25
15/09/26;IAG;PUT;Jun-28;4,20;4.77;35,08;-0,30;;25
15/09/26;IAG;PUT;Jun-28;4,40;4.77;34,90;-0,34;;25
15/09/26;IAG;CALL;Dic-29;3,40;4.77;40,99;0,72;;2
15/09/26;IAG;PUT;Sep-26;4,40;4.77;30,04;;;8
15/09/26;IBERDROLA;CALL;Sep-26;18,00;20.04;18,06;1,00;;30
15/09/26;IBERDROLA;CALL;Sep-26;19,00;20.04;16,78;1,00;;3
15/09/26;IBERDROLA;CALL;Sep-26;19,50;20.04;16,14;0,97;;5.000
15/09/26;IBERDROLA;CALL;Sep-26;20,00;20.04;15,50;0,56;1;322
15/09/26;IBERDROLA;CALL;Sep-26;20,25;20.04;15,43;0,24;;1
15/09/26;IBERDROLA;CALL;Sep-26;20,50;20.04;15,40;0,05;;6
15/09/26;IBERDROLA;CALL;Sep-26;20,75;20.04;15,38;0,01;;1
15/09/26;IBERDROLA;CALL;Sep-26;21,00;20.04;15,35;;;29.614
15/09/26;IBERDROLA;CALL;Sep-26;21,50;20.04;15,30;;;35
15/09/26;IBERDROLA;CALL;Sep-26;22,00;20.04;15,25;;;416
15/09/26;IBERDROLA;CALL;Sep-26;22,50;20.04;15,20;;;2.500
15/09/26;IBERDROLA;CALL;Oct-26;19,50;20.04;15,43;0,75;;7
15/09/26;IBERDROLA;CALL;Oct-26;20,00;20.04;14,79;0,55;;2
15/09/26;IBERDROLA;CALL;Oct-26;20,50;20.04;14,69;0,32;2;5.002
15/09/26;IBERDROLA;CALL;Oct-26;21,00;20.04;14,64;0,15;;10.001
15/09/26;IBERDROLA;CALL;Oct-26;22,00;20.04;14,54;0,02;;1
15/09/26;IBERDROLA;CALL;Nov-26;18,00;20.04;18,67;0,93;;3
15/09/26;IBERDROLA;CALL;Nov-26;21,00;20.04;15,96;0,28;;1
15/09/26;IBERDROLA;CALL;Dic-26;6,00;20.04;34,92;1,00;;25
15/09/26;IBERDROLA;CALL;Dic-26;14,50;20.04;23,75;1,00;;2
15/09/26;IBERDROLA;CALL;Dic-26;15,00;20.04;23,09;1,00;;4
15/09/26;IBERDROLA;CALL;Dic-26;16,00;20.04;21,78;0,98;;4
15/09/26;IBERDROLA;CALL;Dic-26;17,00;20.04;20,46;0,95;;6.500
15/09/26;IBERDROLA;CALL;Dic-26;17,50;20.04;19,81;0,93;;2
15/09/26;IBERDROLA;CALL;Dic-26;18,00;20.04;19,15;0,89;;6.001
15/09/26;IBERDROLA;CALL;Dic-26;18,50;20.04;18,49;0,83;;32
15/09/26;IBERDROLA;CALL;Dic-26;19,00;20.04;17,84;0,76;;343
15/09/26;IBERDROLA;CALL;Dic-26;19,50;20.04;17,18;0,67;;26.516
15/09/26;IBERDROLA;CALL;Dic-26;20,00;20.04;16,52;0,56;;7.515
15/09/26;IBERDROLA;CALL;Dic-26;20,50;20.04;16,41;0,44;12;18
15/09/26;IBERDROLA;CALL;Dic-26;21,00;20.04;16,34;0,33;6;311
15/09/26;IBERDROLA;CALL;Dic-26;21,50;20.04;16,28;0,23;;11
15/09/26;IBERDROLA;CALL;Dic-26;22,00;20.04;16,21;0,15;;143
15/09/26;IBERDROLA;CALL;Dic-26;22,50;20.04;16,14;0,10;;517
15/09/26;IBERDROLA;CALL;Dic-26;23,00;20.04;16,08;0,06;;105
15/09/26;IBERDROLA;CALL;Dic-26;23,50;20.04;16,01;0,03;;8
15/09/26;IBERDROLA;CALL;Dic-26;24,00;20.04;15,94;0,02;;1
15/09/26;IBERDROLA;CALL;Dic-26;25,00;20.04;15,81;;;1
15/09/26;IBERDROLA;CALL;Mar-27;12,00;20.04;26,54;1,00;;5
15/09/26;IBERDROLA;CALL;Mar-27;16,00;20.04;22,08;0,96;;10
15/09/26;IBERDROLA;CALL;Mar-27;16,50;20.04;21,53;0,94;;5
15/09/26;IBERDROLA;CALL;Mar-27;18,00;20.04;19,85;0,83;;4
15/09/26;IBERDROLA;CALL;Mar-27;19,50;20.04;18,18;0,63;;22
15/09/26;IBERDROLA;CALL;Mar-27;20,00;20.04;17,62;0,55;;100
15/09/26;IBERDROLA;CALL;Mar-27;20,50;20.04;17,45;0,47;;8
15/09/26;IBERDROLA;CALL;Mar-27;21,00;20.04;17,31;0,39;;501
15/09/26;IBERDROLA;CALL;Mar-27;22,00;20.04;17,03;0,24;;20
15/09/26;IBERDROLA;CALL;Mar-27;22,50;20.04;16,88;0,19;;4
15/09/26;IBERDROLA;CALL;Mar-27;23,00;20.04;16,74;0,14;;258
15/09/26;IBERDROLA;CALL;Mar-27;24,00;20.04;16,46;0,07;;10
15/09/26;IBERDROLA;CALL;Mar-27;26,00;20.04;15,89;0,01;;17
15/09/26;IBERDROLA;CALL;Jun-27;17,00;20.04;21,01;0,86;;100
15/09/26;IBERDROLA;CALL;Jun-27;17,50;20.04;20,52;0,82;;100
15/09/26;IBERDROLA;CALL;Jun-27;18,00;20.04;20,03;0,78;;1
15/09/26;IBERDROLA;CALL;Jun-27;18,50;20.04;19,54;0,73;;7
15/09/26;IBERDROLA;CALL;Jun-27;19,00;20.04;19,05;0,68;;5.500
15/09/26;IBERDROLA;CALL;Jun-27;19,50;20.04;18,56;0,62;;7
15/09/26;IBERDROLA;CALL;Jun-27;20,00;20.04;18,07;0,56;;100
15/09/26;IBERDROLA;CALL;Jun-27;20,50;20.04;17,91;0,49;;3
15/09/26;IBERDROLA;CALL;Jun-27;21,00;20.04;17,77;0,43;;1.005
15/09/26;IBERDROLA;CALL;Jun-27;22,00;20.04;17,51;0,32;;12
15/09/26;IBERDROLA;CALL;Jun-27;22,50;20.04;17,38;0,26;;1
15/09/26;IBERDROLA;CALL;Jun-27;23,00;20.04;17,24;0,22;;100
15/09/26;IBERDROLA;CALL;Jun-27;25,00;20.04;16,71;0,08;;150
15/09/26;IBERDROLA;CALL;Sep-27;16,50;20.04;21,54;0,87;;10.100
15/09/26;IBERDROLA;CALL;Sep-27;17,00;20.04;21,08;0,84;;100
15/09/26;IBERDROLA;CALL;Sep-27;17,50;20.04;20,62;0,80;;100
15/09/26;IBERDROLA;CALL;Sep-27;19,50;20.04;18,79;0,62;;155
15/09/26;IBERDROLA;CALL;Sep-27;22,00;20.04;17,81;0,34;;5
15/09/26;IBERDROLA;CALL;Dic-27;10,00;20.04;27,28;1,00;;30
15/09/26;IBERDROLA;CALL;Dic-27;13,00;20.04;24,69;0,98;;50
15/09/26;IBERDROLA;CALL;Dic-27;14,00;20.04;23,82;0,96;;5
15/09/26;IBERDROLA;CALL;Dic-27;15,00;20.04;22,96;0,92;;5
15/09/26;IBERDROLA;CALL;Dic-27;16,00;20.04;22,09;0,88;;26
15/09/26;IBERDROLA;CALL;Dic-27;16,50;20.04;21,66;0,85;;25
15/09/26;IBERDROLA;CALL;Dic-27;17,00;20.04;21,23;0,82;;7.530
15/09/26;IBERDROLA;CALL;Dic-27;17,50;20.04;20,80;0,78;;25
15/09/26;IBERDROLA;CALL;Dic-27;18,00;20.04;20,36;0,74;;10.005
15/09/26;IBERDROLA;CALL;Dic-27;18,50;20.04;19,93;0,70;;251
15/09/26;IBERDROLA;CALL;Dic-27;19,00;20.04;19,50;0,66;;157
15/09/26;IBERDROLA;CALL;Dic-27;19,50;20.04;19,07;0,61;;395
15/09/26;IBERDROLA;CALL;Dic-27;20,00;20.04;18,63;0,56;;13.210
15/09/26;IBERDROLA;CALL;Dic-27;21,00;20.04;18,39;0,46;;7.260
15/09/26;IBERDROLA;CALL;Dic-27;22,00;20.04;18,18;0,37;;5.004
15/09/26;IBERDROLA;CALL;Dic-27;23,00;20.04;17,96;0,28;;6
15/09/26;IBERDROLA;CALL;Dic-27;24,00;20.04;17,74;0,21;;2.757
15/09/26;IBERDROLA;CALL;Dic-27;25,00;20.04;17,53;0,15;;2.002
15/09/26;IBERDROLA;CALL;Mar-28;19,00;20.04;19,46;0,65;;1
15/09/26;IBERDROLA;CALL;Mar-28;20,00;20.04;18,63;0,56;;102
15/09/26;IBERDROLA;CALL;Mar-28;21,00;20.04;18,42;0,47;;6
15/09/26;IBERDROLA;CALL;Mar-28;26,00;20.04;17,51;0,13;;1
15/09/26;IBERDROLA;CALL;Jun-28;10,00;20.04;26,80;1,00;;5
15/09/26;IBERDROLA;CALL;Jun-28;20,00;20.04;18,81;0,56;;1
15/09/26;IBERDROLA;CALL;Jun-28;22,50;20.04;18,41;0,37;;7
15/09/26;IBERDROLA;CALL;Jun-28;28,00;20.04;17,59;0,09;;15
15/09/26;IBERDROLA;CALL;Dic-28;16,00;20.04;21,59;0,84;;5.000
15/09/26;IBERDROLA;CALL;Dic-28;18,00;20.04;20,16;0,71;;500
15/09/26;IBERDROLA;CALL;Dic-28;18,50;20.04;19,80;0,68;;25
15/09/26;IBERDROLA;CALL;Dic-28;19,00;20.04;19,44;0,64;;1
15/09/26;IBERDROLA;CALL;Dic-28;22,00;20.04;18,47;0,42;;1
15/09/26;IBERDROLA;CALL;Dic-28;23,00;20.04;18,36;0,35;;1
15/09/26;IBERDROLA;CALL;Dic-28;24,00;20.04;18,24;0,29;;15
15/09/26;IBERDROLA;CALL;Dic-28;25,00;20.04;18,12;0,24;;10
15/09/26;IBERDROLA;CALL;Dic-29;15,00;20.04;22,48;0,87;;1
15/09/26;IBERDROLA;CALL;Dic-29;18,00;20.04;20,49;0,69;;6.000
15/09/26;IBERDROLA;CALL;Dic-29;19,00;20.04;19,82;0,63;;25
15/09/26;IBERDROLA;CALL;Dic-29;21,50;20.04;19,03;0,48;;1
15/09/26;IBERDROLA;CALL;Dic-29;23,00;20.04;18,93;0,40;;3
15/09/26;IBERDROLA;CALL;Dic-29;25,00;20.04;18,80;0,30;;1
15/09/26;IBERDROLA;CALL;Jun-30;21,00;20.04;19,99;0,52;;1
15/09/26;IBERDROLA;CALL;Dic-30;18,00;20.04;21,94;0,68;;245
15/09/26;IBERDROLA;PUT;Sep-26;9,75;20.04;28,42;;;25
15/09/26;IBERDROLA;PUT;Sep-26;13,00;20.04;24,26;;;153
15/09/26;IBERDROLA;PUT;Sep-26;13,50;20.04;23,62;;;44
15/09/26;IBERDROLA;PUT;Sep-26;14,00;20.04;22,98;;;135
15/09/26;IBERDROLA;PUT;Sep-26;14,50;20.04;22,34;;;135
15/09/26;IBERDROLA;PUT;Sep-26;15,00;20.04;21,70;;;51
15/09/26;IBERDROLA;PUT;Sep-26;15,50;20.04;21,05;;;12
15/09/26;IBERDROLA;PUT;Sep-26;16,00;20.04;20,41;;;1
15/09/26;IBERDROLA;PUT;Sep-26;16,50;20.04;19,77;;;63
15/09/26;IBERDROLA;PUT;Sep-26;17,00;20.04;19,13;;;5.020
15/09/26;IBERDROLA;PUT;Sep-26;17,50;20.04;18,49;;;12
15/09/26;IBERDROLA;PUT;Sep-26;18,00;20.04;17,85;;;530
15/09/26;IBERDROLA;PUT;Sep-26;18,50;20.04;17,21;;;30.000
15/09/26;IBERDROLA;PUT;Sep-26;19,00;20.04;16,57;;;20.000
15/09/26;IBERDROLA;PUT;Sep-26;19,50;20.04;15,93;-0,03;;6.531
15/09/26;IBERDROLA;PUT;Sep-26;19,75;20.04;15,61;-0,15;;25
15/09/26;IBERDROLA;PUT;Sep-26;20,00;20.04;15,29;-0,44;;5.217
15/09/26;IBERDROLA;PUT;Sep-26;20,50;20.04;15,19;-0,95;1;255
15/09/26;IBERDROLA;PUT;Sep-26;21,00;20.04;15,14;-1,00;;2.513
15/09/26;IBERDROLA;PUT;Sep-26;21,50;20.04;15,09;-1,00;;2.503
15/09/26;IBERDROLA;PUT;Oct-26;19,00;20.04;15,92;-0,11;;5.014
15/09/26;IBERDROLA;PUT;Oct-26;19,50;20.04;15,28;-0,25;1;5
15/09/26;IBERDROLA;PUT;Oct-26;20,00;20.04;14,64;-0,46;;1
15/09/26;IBERDROLA;PUT;Oct-26;20,50;20.04;14,54;-0,69;;1
15/09/26;IBERDROLA;PUT;Nov-26;18,00;20.04;18,24;-0,07;;6
15/09/26;IBERDROLA;PUT;Nov-26;19,00;20.04;16,94;-0,20;;5
15/09/26;IBERDROLA;PUT;Nov-26;19,50;20.04;16,29;-0,32;;11
15/09/26;IBERDROLA;PUT;Dic-26;9,00;20.04;30,50;;;2.000
15/09/26;IBERDROLA;PUT;Dic-26;9,50;20.04;29,84;;;2
15/09/26;IBERDROLA;PUT;Dic-26;9,75;20.04;29,51;;;25
15/09/26;IBERDROLA;PUT;Dic-26;10,50;20.04;28,53;;;502
15/09/26;IBERDROLA;PUT;Dic-26;11,00;20.04;27,87;;;1.348
15/09/26;IBERDROLA;PUT;Dic-26;11,50;20.04;27,21;;;26
15/09/26;IBERDROLA;PUT;Dic-26;12,00;20.04;26,55;;;10.150
15/09/26;IBERDROLA;PUT;Dic-26;13,00;20.04;25,24;;;21
15/09/26;IBERDROLA;PUT;Dic-26;13,50;20.04;24,58;;;10.000
15/09/26;IBERDROLA;PUT;Dic-26;14,00;20.04;23,93;;;15.010
15/09/26;IBERDROLA;PUT;Dic-26;14,50;20.04;23,27;;;10
15/09/26;IBERDROLA;PUT;Dic-26;15,00;20.04;22,61;;;2
15/09/26;IBERDROLA;PUT;Dic-26;15,50;20.04;21,96;-0,01;;30
15/09/26;IBERDROLA;PUT;Dic-26;16,00;20.04;21,30;-0,01;;34.287
15/09/26;IBERDROLA;PUT;Dic-26;16,50;20.04;20,64;-0,02;;255
15/09/26;IBERDROLA;PUT;Dic-26;17,00;20.04;19,98;-0,04;;67.047
15/09/26;IBERDROLA;PUT;Dic-26;17,50;20.04;19,33;-0,07;;10.009
15/09/26;IBERDROLA;PUT;Dic-26;18,00;20.04;18,67;-0,11;;83.783
15/09/26;IBERDROLA;PUT;Dic-26;18,50;20.04;18,01;-0,16;;7.408
15/09/26;IBERDROLA;PUT;Dic-26;19,00;20.04;17,36;-0,24;;26
15/09/26;IBERDROLA;PUT;Dic-26;19,50;20.04;16,70;-0,34;;16.528
15/09/26;IBERDROLA;PUT;Dic-26;20,00;20.04;16,04;-0,45;;81.021
15/09/26;IBERDROLA;PUT;Dic-26;20,50;20.04;15,93;-0,58;;1
15/09/26;IBERDROLA;PUT;Dic-26;21,00;20.04;15,86;-0,70;;888
15/09/26;IBERDROLA;PUT;Dic-26;21,50;20.04;15,80;-0,81;;11
15/09/26;IBERDROLA;PUT;Dic-26;22,00;20.04;15,73;-0,90;;3
15/09/26;IBERDROLA;PUT;Mar-27;10,50;20.04;27,22;;;1
15/09/26;IBERDROLA;PUT;Mar-27;14,00;20.04;23,32;-0,01;;1
15/09/26;IBERDROLA;PUT;Mar-27;15,00;20.04;22,21;-0,03;;1
15/09/26;IBERDROLA;PUT;Mar-27;16,00;20.04;21,09;-0,06;;21
15/09/26;IBERDROLA;PUT;Mar-27;16,50;20.04;20,54;-0,08;;4
15/09/26;IBERDROLA;PUT;Mar-27;18,00;20.04;18,86;-0,20;;4
15/09/26;IBERDROLA;PUT;Mar-27;18,50;20.04;18,31;-0,26;;3
15/09/26;IBERDROLA;PUT;Mar-27;19,00;20.04;17,75;-0,32;;11
15/09/26;IBERDROLA;PUT;Mar-27;19,50;20.04;17,19;-0,40;;302
15/09/26;IBERDROLA;PUT;Mar-27;20,00;20.04;16,63;-0,48;;80
15/09/26;IBERDROLA;PUT;Mar-27;24,00;20.04;15,47;-0,96;;1
15/09/26;IBERDROLA;PUT;Jun-27;15,00;20.04;22,09;-0,05;;13
15/09/26;IBERDROLA;PUT;Jun-27;15,50;20.04;21,60;-0,07;;2
15/09/26;IBERDROLA;PUT;Jun-27;16,00;20.04;21,10;-0,09;;1.020
15/09/26;IBERDROLA;PUT;Jun-27;16,50;20.04;20,61;-0,12;;12
15/09/26;IBERDROLA;PUT;Jun-27;17,00;20.04;20,12;-0,15;;5.521
15/09/26;IBERDROLA;PUT;Jun-27;17,50;20.04;19,63;-0,18;;5
15/09/26;IBERDROLA;PUT;Jun-27;18,00;20.04;19,14;-0,23;;9
15/09/26;IBERDROLA;PUT;Jun-27;19,00;20.04;18,16;-0,33;;9
15/09/26;IBERDROLA;PUT;Jun-27;19,50;20.04;17,67;-0,40;;50
15/09/26;IBERDROLA;PUT;Jun-27;20,00;20.04;17,18;-0,47;;11.513
15/09/26;IBERDROLA;PUT;Jun-27;23,00;20.04;16,35;-0,85;;2
15/09/26;IBERDROLA;PUT;Sep-27;16,00;20.04;21,08;-0,13;;35.004
15/09/26;IBERDROLA;PUT;Sep-27;16,50;20.04;20,62;-0,16;;200
15/09/26;IBERDROLA;PUT;Sep-27;17,00;20.04;20,16;-0,19;;105
15/09/26;IBERDROLA;PUT;Sep-27;17,50;20.04;19,70;-0,23;;200
15/09/26;IBERDROLA;PUT;Sep-27;18,00;20.04;19,25;-0,28;;5.300
15/09/26;IBERDROLA;PUT;Sep-27;19,00;20.04;18,33;-0,38;;50
15/09/26;IBERDROLA;PUT;Sep-27;19,50;20.04;17,87;-0,43;;50
15/09/26;IBERDROLA;PUT;Sep-27;20,00;20.04;17,42;-0,49;;25
15/09/26;IBERDROLA;PUT;Sep-27;20,50;20.04;17,27;-0,55;;50
15/09/26;IBERDROLA;PUT;Dic-27;9,50;20.04;26,23;;;2.000
15/09/26;IBERDROLA;PUT;Dic-27;10,00;20.04;25,79;;;5
15/09/26;IBERDROLA;PUT;Dic-27;11,50;20.04;24,50;-0,02;;1.800
15/09/26;IBERDROLA;PUT;Dic-27;12,00;20.04;24,06;-0,02;;30.000
15/09/26;IBERDROLA;PUT;Dic-27;13,00;20.04;23,20;-0,04;;35.000
15/09/26;IBERDROLA;PUT;Dic-27;14,00;20.04;22,33;-0,06;;10.000
15/09/26;IBERDROLA;PUT;Dic-27;14,50;20.04;21,90;-0,08;;20.002
15/09/26;IBERDROLA;PUT;Dic-27;16,00;20.04;20,60;-0,14;;25.001
15/09/26;IBERDROLA;PUT;Dic-27;16,50;20.04;20,17;-0,17;;2.002
15/09/26;IBERDROLA;PUT;Dic-27;17,00;20.04;19,74;-0,20;;2.750
15/09/26;IBERDROLA;PUT;Dic-27;17,50;20.04;19,31;-0,24;;460
15/09/26;IBERDROLA;PUT;Dic-27;18,00;20.04;18,87;-0,28;;409
15/09/26;IBERDROLA;PUT;Dic-27;18,50;20.04;18,44;-0,33;;175
15/09/26;IBERDROLA;PUT;Dic-27;19,00;20.04;18,01;-0,37;;1.811
15/09/26;IBERDROLA;PUT;Dic-27;19,50;20.04;17,58;-0,43;;25
15/09/26;IBERDROLA;PUT;Dic-27;20,00;20.04;17,14;-0,48;;9.250
15/09/26;IBERDROLA;PUT;Dic-27;21,00;20.04;16,90;-0,59;;1.250
15/09/26;IBERDROLA;PUT;Dic-27;22,00;20.04;16,69;-0,69;;50
15/09/26;IBERDROLA;PUT;Mar-28;18,00;20.04;18,41;-0,29;;200
15/09/26;IBERDROLA;PUT;Jun-28;13,00;20.04;22,01;-0,05;;150
15/09/26;IBERDROLA;PUT;Jun-28;14,00;20.04;21,21;-0,08;;150
15/09/26;IBERDROLA;PUT;Dic-28;15,00;20.04;19,39;-0,14;;5.000
15/09/26;IBERDROLA;PUT;Dic-28;21,50;20.04;15,62;-0,61;;4.000
15/09/26;IBERDROLA;PUT;Dic-28;24,00;20.04;15,33;-0,79;;1
15/09/26;IBERDROLA;PUT;Dic-29;19,00;20.04;16,20;-0,40;;2
15/09/26;IBERDROLA;PUT;Dic-30;14,50;20.04;19,02;-0,17;;5
15/09/26;IBERDROLA;CALL;Sep-26;13,50;20.04;23,83;1,00;;150
15/09/26;IBERDROLA;CALL;Sep-26;14,00;20.04;23,19;1,00;;300
15/09/26;IBERDROLA;CALL;Sep-26;19,50;20.04;16,14;0,97;;2
15/09/26;IBERDROLA;CALL;Sep-26;20,00;20.04;15,50;0,56;;160
15/09/26;IBERDROLA;CALL;Sep-26;20,00;20.04;15,50;0,56;;10
15/09/26;IBERDROLA;CALL;Sep-26;20,50;20.04;15,40;0,06;;1
15/09/26;IBERDROLA;CALL;Sep-26;21,00;20.04;15,35;;;13
15/09/26;IBERDROLA;CALL;Sep-26;22,00;20.04;15,25;;;2.043
15/09/26;IBERDROLA;CALL;Oct-26;20,50;20.04;14,69;0,32;;2.041
15/09/26;IBERDROLA;CALL;Oct-26;21,00;20.04;14,64;0,15;;4.082
15/09/26;IBERDROLA;CALL;Dic-26;14,50;20.04;23,75;0,99;;510
15/09/26;IBERDROLA;CALL;Dic-26;18,00;20.04;19,15;0,88;;10
15/09/26;IBERDROLA;CALL;Dic-26;18,50;20.04;18,49;0,83;;200
15/09/26;IBERDROLA;CALL;Dic-26;19,00;20.04;17,84;0,75;;50
15/09/26;IBERDROLA;CALL;Dic-26;20,00;20.04;16,52;0,55;;10
15/09/26;IBERDROLA;CALL;Dic-26;20,50;20.04;16,41;0,44;;1
15/09/26;IBERDROLA;CALL;Dic-26;21,00;20.04;16,34;0,33;;14
15/09/26;IBERDROLA;CALL;Dic-26;22,00;20.04;16,21;0,16;;17
15/09/26;IBERDROLA;CALL;Jun-27;24,00;20.04;16,98;0,14;;5
15/09/26;IBERDROLA;CALL;Dic-27;12,00;20.04;25,55;0,94;;2.000
15/09/26;IBERDROLA;CALL;Dic-27;17,00;20.04;21,23;0,76;;2
15/09/26;IBERDROLA;CALL;Jun-30;21,00;20.04;19,99;0,46;;1
15/09/26;IBERDROLA;PUT;Sep-26;13,00;20.04;24,26;;;500
15/09/26;IBERDROLA;PUT;Sep-26;15,00;20.04;21,70;;;800
15/09/26;IBERDROLA;PUT;Sep-26;18,50;20.04;17,21;;;25
15/09/26;IBERDROLA;PUT;Sep-26;20,25;20.04;15,22;-0,77;;2
15/09/26;IBERDROLA;PUT;Sep-26;21,00;20.04;15,14;-1,00;;10
15/09/26;IBERDROLA;PUT;Dic-26;15,00;20.04;22,61;;;600
15/09/26;IBERDROLA;PUT;Dic-26;16,00;20.04;21,30;-0,01;;1
15/09/26;IBERDROLA;PUT;Dic-26;19,00;20.04;17,36;-0,23;;21
15/09/26;IBERDROLA;PUT;Dic-26;19,50;20.04;16,70;-0,33;;4
15/09/26;IBERDROLA;PUT;Dic-26;19,50;20.04;16,70;-0,33;;10
15/09/26;IBERDROLA;PUT;Dic-26;20,00;20.04;16,04;-0,44;;1
15/09/26;IBERDROLA;PUT;Dic-26;21,00;20.04;15,86;-0,67;;10
15/09/26;IBERDROLA;PUT;Dic-26;21,00;20.04;15,86;-0,67;;10
15/09/26;IBERDROLA;PUT;Dic-26;22,00;20.04;15,73;-0,84;;10
15/09/26;IBERDROLA;PUT;Dic-27;12,00;20.04;24,06;-0,02;;2.000
15/09/26;INDITEX;CALL;Sep-26;40,63;52.58;33,13;1,00;;25
15/09/26;INDITEX;CALL;Sep-26;41,60;52.58;32,37;1,00;;50
15/09/26;INDITEX;CALL;Sep-26;43,54;52.58;30,86;1,00;;50
15/09/26;INDITEX;CALL;Sep-26;44,49;52.58;30,12;1,00;;25
15/09/26;INDITEX;CALL;Sep-26;45,47;52.58;29,35;1,00;;75
15/09/26;INDITEX;CALL;Sep-26;46,44;52.58;28,60;1,00;;50
15/09/26;INDITEX;CALL;Sep-26;47,41;52.58;27,84;1,00;;50
15/09/26;INDITEX;CALL;Sep-26;48,38;52.58;27,09;1,00;;25
15/09/26;INDITEX;CALL;Sep-26;50,31;52.58;25,58;0,97;;25
15/09/26;INDITEX;CALL;Sep-26;52,25;52.58;24,07;0,62;;100
15/09/26;INDITEX;CALL;Sep-26;54,17;52.58;23,51;0,08;;374
15/09/26;INDITEX;CALL;Sep-26;56,11;52.58;23,14;;;1.751
15/09/26;INDITEX;CALL;Sep-26;58,05;52.58;22,77;;;517
15/09/26;INDITEX;CALL;Sep-26;59,00;52.58;22,59;;;100
15/09/26;INDITEX;CALL;Sep-26;59,99;52.58;22,40;;;233
15/09/26;INDITEX;CALL;Sep-26;61,92;52.58;22,03;;;25
15/09/26;INDITEX;CALL;Sep-26;65,78;52.58;21,30;;;10
15/09/26;INDITEX;CALL;Oct-26;61,92;52.58;19,30;;;3
15/09/26;INDITEX;CALL;Oct-26;63,85;52.58;18,95;;;100
15/09/26;INDITEX;CALL;Nov-26;56,11;52.58;21,37;0,25;3;11
15/09/26;INDITEX;CALL;Nov-26;61,92;52.58;20,37;0,03;;1
15/09/26;INDITEX;CALL;Nov-26;63,85;52.58;20,04;0,01;;1
15/09/26;INDITEX;CALL;Nov-26;65,78;52.58;19,71;;;100
15/09/26;INDITEX;CALL;Dic-26;35,80;52.58;35,90;0,99;;3
15/09/26;INDITEX;CALL;Dic-26;38,70;52.58;33,94;0,98;;1
15/09/26;INDITEX;CALL;Dic-26;39,67;52.58;33,28;0,97;;52
15/09/26;INDITEX;CALL;Dic-26;40,63;52.58;32,63;0,96;;25
15/09/26;INDITEX;CALL;Dic-26;44,49;52.58;30,01;0,89;;120
15/09/26;INDITEX;CALL;Dic-26;46,44;52.58;28,68;0,83;;26
15/09/26;INDITEX;CALL;Dic-26;47,41;52.58;28,03;0,79;;325
15/09/26;INDITEX;CALL;Dic-26;48,38;52.58;27,37;0,76;;400
15/09/26;INDITEX;CALL;Dic-26;50,31;52.58;26,06;0,66;;50
15/09/26;INDITEX;CALL;Dic-26;52,25;52.58;24,74;0,55;;31
15/09/26;INDITEX;CALL;Dic-26;54,17;52.58;24,24;0,43;;59
15/09/26;INDITEX;CALL;Dic-26;56,11;52.58;23,89;0,32;5;149
15/09/26;INDITEX;CALL;Dic-26;58,00;52.58;23,56;0,22;;750
15/09/26;INDITEX;CALL;Dic-26;58,05;52.58;23,55;0,22;;660
15/09/26;INDITEX;CALL;Dic-26;59,99;52.58;23,20;0,15;4;207
15/09/26;INDITEX;CALL;Dic-26;61,92;52.58;22,86;0,09;;253
15/09/26;INDITEX;CALL;Dic-26;63,85;52.58;22,52;0,05;;212
15/09/26;INDITEX;CALL;Dic-26;65,78;52.58;22,18;0,03;;18
15/09/26;INDITEX;CALL;Dic-26;67,72;52.58;21,83;0,01;;15
15/09/26;INDITEX;CALL;Dic-26;69,66;52.58;21,49;0,01;;10
15/09/26;INDITEX;CALL;Dic-26;71,60;52.58;21,14;;;3
15/09/26;INDITEX;CALL;Mar-27;52,25;52.58;25,35;0,57;;100
15/09/26;INDITEX;CALL;Mar-27;54,17;52.58;24,91;0,49;;3
15/09/26;INDITEX;CALL;Mar-27;59,99;52.58;24,02;0,26;4;4
15/09/26;INDITEX;CALL;Mar-27;63,85;52.58;23,44;0,15;;400
15/09/26;INDITEX;CALL;Mar-27;65,78;52.58;23,14;0,11;;300
15/09/26;INDITEX;CALL;Mar-27;67,72;52.58;22,85;0,08;;75
15/09/26;INDITEX;CALL;Mar-27;69,66;52.58;22,55;0,05;;25
15/09/26;INDITEX;CALL;Mar-27;71,60;52.58;22,26;0,03;;10
15/09/26;INDITEX;CALL;Mar-27;73,53;52.58;21,96;0,02;10;20
15/09/26;INDITEX;CALL;Jun-27;38,70;52.58;32,75;0,91;;150
15/09/26;INDITEX;CALL;Jun-27;45,47;52.58;29,36;0,78;;25
15/09/26;INDITEX;CALL;Jun-27;50,31;52.58;26,94;0,64;;25
15/09/26;INDITEX;CALL;Jun-27;54,17;52.58;25,53;0,51;;1
15/09/26;INDITEX;CALL;Jun-27;58,05;52.58;24,86;0,37;;150
15/09/26;INDITEX;CALL;Jun-27;59,99;52.58;24,53;0,31;;188
15/09/26;INDITEX;CALL;Jun-27;61,92;52.58;24,20;0,26;;100
15/09/26;INDITEX;CALL;Jun-27;69,66;52.58;22,88;0,10;;100
15/09/26;INDITEX;CALL;Jun-27;71,60;52.58;22,54;0,07;;25
15/09/26;INDITEX;CALL;Jun-27;73,53;52.58;22,21;0,05;;50
15/09/26;INDITEX;CALL;Sep-27;59,99;52.58;25,23;0,36;;25
15/09/26;INDITEX;CALL;Sep-27;63,85;52.58;24,67;0,26;;25
15/09/26;INDITEX;CALL;Sep-27;69,66;52.58;23,82;0,15;;1
15/09/26;INDITEX;CALL;Sep-27;71,60;52.58;23,54;0,12;;25
15/09/26;INDITEX;CALL;Dic-27;37,73;52.58;32,31;0,88;;25
15/09/26;INDITEX;CALL;Dic-27;38,70;52.58;31,95;0,87;;1
15/09/26;INDITEX;CALL;Dic-27;39,67;52.58;31,59;0,85;;1
15/09/26;INDITEX;CALL;Dic-27;43,54;52.58;30,14;0,78;;50
15/09/26;INDITEX;CALL;Dic-27;45,47;52.58;29,42;0,74;;25
15/09/26;INDITEX;CALL;Dic-27;47,41;52.58;28,69;0,70;;25
15/09/26;INDITEX;CALL;Dic-27;52,25;52.58;26,88;0,58;;25
15/09/26;INDITEX;CALL;Dic-27;54,17;52.58;26,54;0,53;;25
15/09/26;INDITEX;CALL;Dic-27;58,05;52.58;26,00;0,44;;3
15/09/26;INDITEX;CALL;Dic-27;59,99;52.58;25,73;0,39;;25
15/09/26;INDITEX;CALL;Dic-27;61,92;52.58;25,46;0,35;;175
15/09/26;INDITEX;CALL;Dic-27;63,85;52.58;25,19;0,30;;500
15/09/26;INDITEX;CALL;Dic-27;65,78;52.58;24,92;0,26;;10
15/09/26;INDITEX;CALL;Dic-27;71,60;52.58;24,11;0,16;;1
15/09/26;INDITEX;CALL;Mar-28;33,30;52.58;34,27;0,92;;2
15/09/26;INDITEX;CALL;Mar-28;52,89;52.58;27,13;0,58;;50
15/09/26;INDITEX;CALL;Mar-28;54,86;52.58;26,82;0,54;;75
15/09/26;INDITEX;CALL;Mar-28;56,81;52.58;26,51;0,49;;75
15/09/26;INDITEX;CALL;Mar-28;58,77;52.58;26,20;0,45;;50
15/09/26;INDITEX;CALL;Mar-28;60,73;52.58;25,89;0,40;;25
15/09/26;INDITEX;CALL;Mar-28;64,65;52.58;25,27;0,32;;25
15/09/26;INDITEX;CALL;Mar-28;66,60;52.58;24,96;0,28;;25
15/09/26;INDITEX;CALL;Mar-28;68,56;52.58;24,65;0,25;;25
15/09/26;INDITEX;CALL;Mar-28;70,53;52.58;24,34;0,22;;25
15/09/26;INDITEX;CALL;Mar-28;72,49;52.58;24,02;0,19;;25
15/09/26;INDITEX;CALL;Jun-28;42,12;52.58;31,13;0,79;;25
15/09/26;INDITEX;CALL;Jun-28;43,10;52.58;30,78;0,78;;25
15/09/26;INDITEX;CALL;Jun-28;56,81;52.58;26,73;0,50;;25
15/09/26;INDITEX;CALL;Jun-28;58,77;52.58;26,45;0,46;;50
15/09/26;INDITEX;CALL;Jun-28;66,60;52.58;25,31;0,31;;50
15/09/26;INDITEX;CALL;Jun-28;68,56;52.58;25,02;0,28;;25
15/09/26;INDITEX;CALL;Jun-28;70,53;52.58;24,73;0,24;;25
15/09/26;INDITEX;CALL;Jun-28;72,49;52.58;24,45;0,21;;25
15/09/26;INDITEX;CALL;Sep-28;34,61;52.58;33,54;0,89;;1
15/09/26;INDITEX;CALL;Dic-28;49,44;52.58;28,21;0,66;;2
15/09/26;INDITEX;CALL;Dic-28;67,24;52.58;25,58;0,34;;490
15/09/26;INDITEX;CALL;Dic-29;43,51;52.58;28,22;0,76;;220
15/09/26;INDITEX;PUT;Sep-26;35,80;52.58;37,33;;;1
15/09/26;INDITEX;PUT;Sep-26;36,76;52.58;36,59;;;27
15/09/26;INDITEX;PUT;Sep-26;38,70;52.58;35,07;;;25
15/09/26;INDITEX;PUT;Sep-26;39,67;52.58;34,32;;;26
15/09/26;INDITEX;PUT;Sep-26;40,63;52.58;33,57;;;28
15/09/26;INDITEX;PUT;Sep-26;41,60;52.58;32,81;;;240
15/09/26;INDITEX;PUT;Sep-26;42,57;52.58;32,06;;;300
15/09/26;INDITEX;PUT;Sep-26;43,54;52.58;31,30;;;25
15/09/26;INDITEX;PUT;Sep-26;44,49;52.58;30,56;;;51
15/09/26;INDITEX;PUT;Sep-26;45,47;52.58;29,79;;;51
15/09/26;INDITEX;PUT;Sep-26;46,44;52.58;29,04;;;75
15/09/26;INDITEX;PUT;Sep-26;47,41;52.58;28,28;;;30
15/09/26;INDITEX;PUT;Sep-26;48,38;52.58;27,53;;;82
15/09/26;INDITEX;PUT;Sep-26;50,31;52.58;26,02;-0,03;;101
15/09/26;INDITEX;PUT;Sep-26;52,00;52.58;24,70;-0,30;76;4.005
15/09/26;INDITEX;PUT;Sep-26;52,25;52.58;24,51;-0,38;;27
15/09/26;INDITEX;PUT;Sep-26;54,17;52.58;23,95;-0,91;;374
15/09/26;INDITEX;PUT;Sep-26;56,11;52.58;23,58;-1,00;1;1
15/09/26;INDITEX;PUT;Sep-26;58,05;52.58;23,21;-1,00;;501
15/09/26;INDITEX;PUT;Sep-26;59,99;52.58;22,84;-1,00;;6
15/09/26;INDITEX;PUT;Oct-26;47,41;52.58;25,13;-0,07;;2
15/09/26;INDITEX;PUT;Oct-26;48,38;52.58;24,38;-0,11;;2
15/09/26;INDITEX;PUT;Oct-26;50,00;52.58;23,14;-0,21;;7
15/09/26;INDITEX;PUT;Oct-26;50,31;52.58;22,90;-0,24;;2
15/09/26;INDITEX;PUT;Oct-26;52,25;52.58;21,41;-0,44;5;15
15/09/26;INDITEX;PUT;Oct-26;54,17;52.58;20,87;-0,67;;5
15/09/26;INDITEX;PUT;Oct-26;56,11;52.58;20,51;-0,86;;5
15/09/26;INDITEX;PUT;Nov-26;44,49;52.58;27,12;-0,07;;2
15/09/26;INDITEX;PUT;Nov-26;48,38;52.58;24,21;-0,20;;3
15/09/26;INDITEX;PUT;Nov-26;50,00;52.58;23,00;-0,30;;3
15/09/26;INDITEX;PUT;Nov-26;50,31;52.58;22,77;-0,32;;1
15/09/26;INDITEX;PUT;Nov-26;52,25;52.58;21,32;-0,47;1;1
15/09/26;INDITEX;PUT;Nov-26;54,17;52.58;20,80;-0,63;1;1
15/09/26;INDITEX;PUT;Dic-26;32,90;52.58;36,34;;;26
15/09/26;INDITEX;PUT;Dic-26;33,87;52.58;35,68;-0,01;;21
15/09/26;INDITEX;PUT;Dic-26;34,83;52.58;35,03;-0,01;;25
15/09/26;INDITEX;PUT;Dic-26;35,80;52.58;34,37;-0,01;;25
15/09/26;INDITEX;PUT;Dic-26;36,76;52.58;33,72;-0,01;;26
15/09/26;INDITEX;PUT;Dic-26;37,73;52.58;33,06;-0,02;;150
15/09/26;INDITEX;PUT;Dic-26;38,70;52.58;32,41;-0,03;;150
15/09/26;INDITEX;PUT;Dic-26;39,67;52.58;31,75;-0,03;;11
15/09/26;INDITEX;PUT;Dic-26;40,63;52.58;31,10;-0,04;;2
15/09/26;INDITEX;PUT;Dic-26;41,60;52.58;30,44;-0,06;;86
15/09/26;INDITEX;PUT;Dic-26;42,57;52.58;29,78;-0,07;;150
15/09/26;INDITEX;PUT;Dic-26;43,54;52.58;29,12;-0,09;;75
15/09/26;INDITEX;PUT;Dic-26;44,49;52.58;28,48;-0,11;;62
15/09/26;INDITEX;PUT;Dic-26;45,47;52.58;27,81;-0,14;;35
15/09/26;INDITEX;PUT;Dic-26;46,44;52.58;27,15;-0,17;;255
15/09/26;INDITEX;PUT;Dic-26;47,41;52.58;26,50;-0,20;;2.410
15/09/26;INDITEX;PUT;Dic-26;48,38;52.58;25,84;-0,24;;76
15/09/26;INDITEX;PUT;Dic-26;50,00;52.58;24,74;-0,32;;298
15/09/26;INDITEX;PUT;Dic-26;50,31;52.58;24,53;-0,34;;170
15/09/26;INDITEX;PUT;Dic-26;52,25;52.58;23,21;-0,46;;35
15/09/26;INDITEX;PUT;Dic-26;54,17;52.58;22,71;-0,59;;127
15/09/26;INDITEX;PUT;Dic-26;56,11;52.58;22,36;-0,71;;210
15/09/26;INDITEX;PUT;Dic-26;59,99;52.58;21,67;-0,89;;176
15/09/26;INDITEX;PUT;Mar-27;33,87;52.58;34,27;-0,03;;50
15/09/26;INDITEX;PUT;Mar-27;34,83;52.58;33,69;-0,03;;50
15/09/26;INDITEX;PUT;Mar-27;35,80;52.58;33,11;-0,04;;75
15/09/26;INDITEX;PUT;Mar-27;36,76;52.58;32,53;-0,05;;75
15/09/26;INDITEX;PUT;Mar-27;37,73;52.58;31,94;-0,05;;25
15/09/26;INDITEX;PUT;Mar-27;38,70;52.58;31,36;-0,07;;25
15/09/26;INDITEX;PUT;Mar-27;39,67;52.58;30,78;-0,08;;52
15/09/26;INDITEX;PUT;Mar-27;40,63;52.58;30,20;-0,09;;88
15/09/26;INDITEX;PUT;Mar-27;41,60;52.58;29,61;-0,11;;10
15/09/26;INDITEX;PUT;Mar-27;42,57;52.58;29,03;-0,13;;1
15/09/26;INDITEX;PUT;Mar-27;44,49;52.58;27,87;-0,17;;18
15/09/26;INDITEX;PUT;Mar-27;45,47;52.58;27,28;-0,19;;13
15/09/26;INDITEX;PUT;Mar-27;47,41;52.58;26,11;-0,25;;1
15/09/26;INDITEX;PUT;Mar-27;50,00;52.58;24,55;-0,35;;3.012
15/09/26;INDITEX;PUT;Mar-27;50,31;52.58;24,37;-0,36;300;402
15/09/26;INDITEX;PUT;Mar-27;52,25;52.58;23,20;-0,45;;200
15/09/26;INDITEX;PUT;Mar-27;54,17;52.58;22,76;-0,54;;5
15/09/26;INDITEX;PUT;Jun-27;26,12;52.58;36,65;-0,01;;1
15/09/26;INDITEX;PUT;Jun-27;30,96;52.58;34,23;-0,03;;150
15/09/26;INDITEX;PUT;Jun-27;33,87;52.58;32,77;-0,05;;200
15/09/26;INDITEX;PUT;Jun-27;34,83;52.58;32,29;-0,06;;180
15/09/26;INDITEX;PUT;Jun-27;36,76;52.58;31,32;-0,08;;25
15/09/26;INDITEX;PUT;Jun-27;38,70;52.58;30,35;-0,10;;150
15/09/26;INDITEX;PUT;Jun-27;39,67;52.58;29,87;-0,12;;101
15/09/26;INDITEX;PUT;Jun-27;41,60;52.58;28,90;-0,15;;176
15/09/26;INDITEX;PUT;Jun-27;42,57;52.58;28,41;-0,17;;150
15/09/26;INDITEX;PUT;Jun-27;43,54;52.58;27,93;-0,19;;150
15/09/26;INDITEX;PUT;Jun-27;44,49;52.58;27,45;-0,21;;50
15/09/26;INDITEX;PUT;Jun-27;46,44;52.58;26,48;-0,26;;25
15/09/26;INDITEX;PUT;Jun-27;47,41;52.58;25,99;-0,29;;153
15/09/26;INDITEX;PUT;Jun-27;48,38;52.58;25,50;-0,32;;150
15/09/26;INDITEX;PUT;Jun-27;50,00;52.58;24,69;-0,37;;10
15/09/26;INDITEX;PUT;Jun-27;50,31;52.58;24,54;-0,38;;3
15/09/26;INDITEX;PUT;Jun-27;52,25;52.58;23,57;-0,46;;150
15/09/26;INDITEX;PUT;Jun-27;56,11;52.58;22,80;-0,60;;25
15/09/26;INDITEX;PUT;Jun-27;65,78;52.58;21,14;-0,88;;1
15/09/26;INDITEX;PUT;Sep-27;43,54;52.58;27,67;-0,20;;25
15/09/26;INDITEX;PUT;Sep-27;44,49;52.58;27,27;-0,23;;25
15/09/26;INDITEX;PUT;Sep-27;45,47;52.58;26,85;-0,25;;25
15/09/26;INDITEX;PUT;Sep-27;46,44;52.58;26,44;-0,27;1;26
15/09/26;INDITEX;PUT;Sep-27;50,00;52.58;24,93;-0,37;;10
15/09/26;INDITEX;PUT;Sep-27;73,53;52.58;20,78;-0,97;;1
15/09/26;INDITEX;PUT;Dic-27;21,29;52.58;36,01;-0,01;;2
15/09/26;INDITEX;PUT;Dic-27;33,87;52.58;31,31;-0,07;;100
15/09/26;INDITEX;PUT;Dic-27;36,76;52.58;30,23;-0,11;;25
15/09/26;INDITEX;PUT;Dic-27;37,73;52.58;29,86;-0,12;;25
15/09/26;INDITEX;PUT;Dic-27;43,54;52.58;27,69;-0,22;;10
15/09/26;INDITEX;PUT;Dic-27;45,47;52.58;26,97;-0,26;;1.100
15/09/26;INDITEX;PUT;Dic-27;46,44;52.58;26,61;-0,28;;150
15/09/26;INDITEX;PUT;Dic-27;47,41;52.58;26,24;-0,30;;325
15/09/26;INDITEX;PUT;Dic-27;48,38;52.58;25,88;-0,33;;175
15/09/26;INDITEX;PUT;Dic-27;50,31;52.58;25,16;-0,38;;350
15/09/26;INDITEX;PUT;Dic-27;52,25;52.58;24,43;-0,44;;375
15/09/26;INDITEX;PUT;Dic-27;54,17;52.58;24,09;-0,49;;450
15/09/26;INDITEX;PUT;Dic-27;56,11;52.58;23,82;-0,55;;500
15/09/26;INDITEX;PUT;Dic-27;58,05;52.58;23,55;-0,61;;50
15/09/26;INDITEX;PUT;Dic-27;59,99;52.58;23,28;-0,66;;25
15/09/26;INDITEX;PUT;Mar-28;47,02;52.58;26,17;-0,30;;1
15/09/26;INDITEX;PUT;Jun-28;43,10;52.58;27,36;-0,23;;25
15/09/26;INDITEX;PUT;Jun-28;44,08;52.58;27,00;-0,25;;25
15/09/26;INDITEX;PUT;Jun-28;45,06;52.58;26,65;-0,26;;25
15/09/26;INDITEX;PUT;Jun-28;47,99;52.58;25,59;-0,32;;25
15/09/26;INDITEX;PUT;Dic-28;51,42;52.58;24,37;-0,40;;25
15/09/26;INDITEX;PUT;Dic-29;43,51;52.58;26,10;-0,25;;220
15/09/26;INDITEX;CALL;Sep-26;49,44;52.58;26,26;0,99;;5
15/09/26;INDITEX;CALL;Sep-26;53,39;52.58;23,66;0,25;;5
15/09/26;INDITEX;CALL;Sep-26;54,17;52.58;23,51;0,09;;6
15/09/26;INDITEX;CALL;Sep-26;56,11;52.58;23,14;;;6
15/09/26;INDITEX;CALL;Sep-26;57,35;52.58;22,90;;;5
15/09/26;INDITEX;CALL;Sep-26;59,99;52.58;22,40;;;7
15/09/26;INDITEX;CALL;Sep-26;61,30;52.58;22,15;;;944
15/09/26;INDITEX;CALL;Sep-26;63,28;52.58;21,78;;;1.888
15/09/26;INDITEX;CALL;Oct-26;54,17;52.58;20,73;0,33;2;2
15/09/26;INDITEX;CALL;Oct-26;61,30;52.58;19,42;;;5.945
15/09/26;INDITEX;CALL;Oct-26;63,85;52.58;18,95;;;1
15/09/26;INDITEX;CALL;Nov-26;63,85;52.58;20,04;0,01;;4
15/09/26;INDITEX;CALL;Dic-26;56,11;52.58;23,89;0,32;;26
15/09/26;INDITEX;CALL;Dic-26;58,05;52.58;23,55;0,22;;1
15/09/26;INDITEX;PUT;Sep-26;41,60;52.58;32,81;;;165
15/09/26;INDITEX;PUT;Sep-26;42,57;52.58;32,06;;;150
15/09/26;INDITEX;PUT;Sep-26;43,54;52.58;31,30;;;15
15/09/26;INDITEX;PUT;Sep-26;44,49;52.58;30,56;;;10
15/09/26;INDITEX;PUT;Sep-26;50,31;52.58;26,02;-0,03;;6
15/09/26;INDITEX;PUT;Sep-26;54,17;52.58;23,95;-0,91;1;6
15/09/26;INDITEX;PUT;Sep-26;55,37;52.58;23,72;-0,99;;5
15/09/26;INDITEX;PUT;Sep-26;56,11;52.58;23,58;-1,00;;3
15/09/26;INDITEX;PUT;Oct-26;51,42;52.58;22,05;-0,34;;5
15/09/26;INDITEX;PUT;Oct-26;56,11;52.58;20,51;-0,84;;1
15/09/26;INDITEX;PUT;Dic-26;42,57;52.58;29,78;-0,07;;140
15/09/26;INDITEX;PUT;Dic-26;46,44;52.58;27,15;-0,17;;1
15/09/26;INDITEX;PUT;Dic-26;54,17;52.58;22,71;-0,57;;23
15/09/26;INDITEX;PUT;Mar-27;42,57;52.58;29,03;-0,12;;1
15/09/26;INDITEX;PUT;Jun-27;54,17;52.58;23,13;-0,51;6;12
15/09/26;INDITEX;PUT;Dic-27;59,99;52.58;23,28;-0,61;;10
15/09/26;INDITEX;PUT;Dic-27;63,85;52.58;22,74;-0,70;3;
15/09/26;INDRA;CALL;Sep-26;18,00;61.52;67,96;1,00;;1
15/09/26;INDRA;CALL;Sep-26;26,00;61.52;63,88;1,00;;1
15/09/26;INDRA;CALL;Sep-26;37,00;61.52;58,28;1,00;;28
15/09/26;INDRA;CALL;Sep-26;50,00;61.52;51,66;1,00;;84
15/09/26;INDRA;CALL;Sep-26;52,00;61.52;50,64;1,00;;9
15/09/26;INDRA;CALL;Sep-26;54,00;61.52;49,62;1,00;;11
15/09/26;INDRA;CALL;Sep-26;56,00;61.52;48,60;0,98;;1
15/09/26;INDRA;CALL;Sep-26;58,00;61.52;47,58;0,92;;13
15/09/26;INDRA;CALL;Sep-26;60,00;61.52;46,56;0,73;;133
15/09/26;INDRA;CALL;Sep-26;62,00;61.52;45,53;0,44;3;29
15/09/26;INDRA;CALL;Sep-26;64,00;61.52;44,46;0,17;1;3
15/09/26;INDRA;CALL;Sep-26;66,00;61.52;43,39;0,04;;7
15/09/26;INDRA;CALL;Sep-26;68,00;61.52;42,31;;;7
15/09/26;INDRA;CALL;Sep-26;70,00;61.52;41,24;;;116
15/09/26;INDRA;CALL;Oct-26;62,00;61.52;40,57;0,50;;1
15/09/26;INDRA;CALL;Oct-26;66,00;61.52;40,27;0,30;;1
15/09/26;INDRA;CALL;Oct-26;68,00;61.52;40,12;0,22;;10
15/09/26;INDRA;CALL;Oct-26;70,00;61.52;39,97;0,15;;12
15/09/26;INDRA;CALL;Oct-26;74,00;61.52;39,66;0,06;;2
15/09/26;INDRA;CALL;Oct-26;86,00;61.52;38,75;;;4
15/09/26;INDRA;CALL;Nov-26;60,00;61.52;44,36;0,60;;1
15/09/26;INDRA;CALL;Nov-26;80,00;61.52;42,12;0,09;;5
15/09/26;INDRA;CALL;Dic-26;30,00;61.52;55,97;1,00;;25
15/09/26;INDRA;CALL;Dic-26;31,00;61.52;55,58;1,00;;25
15/09/26;INDRA;CALL;Dic-26;32,00;61.52;55,19;0,99;;25
15/09/26;INDRA;CALL;Dic-26;35,00;61.52;54,02;0,99;;25
15/09/26;INDRA;CALL;Dic-26;45,00;61.52;50,11;0,92;;21
15/09/26;INDRA;CALL;Dic-26;47,00;61.52;49,33;0,89;;4
15/09/26;INDRA;CALL;Dic-26;48,00;61.52;48,94;0,87;;5
15/09/26;INDRA;CALL;Dic-26;50,00;61.52;48,16;0,84;;5
15/09/26;INDRA;CALL;Dic-26;52,00;61.52;47,38;0,80;;3
15/09/26;INDRA;CALL;Dic-26;54,00;61.52;46,60;0,76;;130
15/09/26;INDRA;CALL;Dic-26;56,00;61.52;45,82;0,71;;50
15/09/26;INDRA;CALL;Dic-26;58,00;61.52;45,04;0,66;;82
15/09/26;INDRA;CALL;Dic-26;60,00;61.52;44,26;0,60;;196
15/09/26;INDRA;CALL;Dic-26;62,00;61.52;43,58;0,54;2;3
15/09/26;INDRA;CALL;Dic-26;64,00;61.52;43,20;0,48;;15
15/09/26;INDRA;CALL;Dic-26;66,00;61.52;42,82;0,43;;86
15/09/26;INDRA;CALL;Dic-26;68,00;61.52;42,44;0,37;;12
15/09/26;INDRA;CALL;Dic-26;70,00;61.52;42,06;0,32;;20
15/09/26;INDRA;CALL;Dic-26;74,00;61.52;41,30;0,23;;15
15/09/26;INDRA;CALL;Mar-27;49,00;61.52;46,71;0,81;;1
15/09/26;INDRA;CALL;Mar-27;60,00;61.52;42,30;0,61;;1
15/09/26;INDRA;CALL;Mar-27;62,00;61.52;41,64;0,57;;26
15/09/26;INDRA;CALL;Mar-27;64,00;61.52;41,42;0,53;2;2
15/09/26;INDRA;CALL;Mar-27;70,00;61.52;40,77;0,40;;11
15/09/26;INDRA;CALL;Jun-27;41,00;61.52;47,92;0,89;;6
15/09/26;INDRA;CALL;Jun-27;50,00;61.52;45,14;0,78;;1
15/09/26;INDRA;CALL;Jun-27;60,00;61.52;42,05;0,62;;3
15/09/26;INDRA;CALL;Jun-27;66,00;61.52;41,22;0,52;;1
15/09/26;INDRA;CALL;Jun-27;70,00;61.52;40,89;0,45;;11
15/09/26;INDRA;CALL;Sep-27;20,00;61.52;54,28;0,99;;1
15/09/26;INDRA;CALL;Sep-27;33,00;61.52;50,33;0,94;;2
15/09/26;INDRA;CALL;Sep-27;36,00;61.52;49,42;0,92;;1
15/09/26;INDRA;CALL;Sep-27;58,00;61.52;42,75;0,66;;1
15/09/26;INDRA;CALL;Dic-27;38,00;61.52;47,80;0,89;;1
15/09/26;INDRA;CALL;Sep-28;52,00;61.52;39,39;0,75;;25
15/09/26;INDRA;CALL;Dic-28;62,00;61.52;36,84;0,64;;25
15/09/26;INDRA;PUT;Sep-26;24,00;61.52;63,81;;;4
15/09/26;INDRA;PUT;Sep-26;26,00;61.52;62,79;;;4
15/09/26;INDRA;PUT;Sep-26;30,00;61.52;60,75;;;45
15/09/26;INDRA;PUT;Sep-26;31,00;61.52;60,24;;;50
15/09/26;INDRA;PUT;Sep-26;35,00;61.52;58,21;;;1
15/09/26;INDRA;PUT;Sep-26;36,00;61.52;57,70;;;2
15/09/26;INDRA;PUT;Sep-26;37,00;61.52;57,19;;;13
15/09/26;INDRA;PUT;Sep-26;39,00;61.52;56,17;;;4
15/09/26;INDRA;PUT;Sep-26;40,00;61.52;55,66;;;2
15/09/26;INDRA;PUT;Sep-26;41,00;61.52;55,15;;;20
15/09/26;INDRA;PUT;Sep-26;42,00;61.52;54,64;;;6
15/09/26;INDRA;PUT;Sep-26;43,00;61.52;54,13;;;95
15/09/26;INDRA;PUT;Sep-26;44,00;61.52;53,62;;;21
15/09/26;INDRA;PUT;Sep-26;45,00;61.52;53,11;;;2
15/09/26;INDRA;PUT;Sep-26;46,00;61.52;52,60;;;760
15/09/26;INDRA;PUT;Sep-26;47,00;61.52;52,10;;;1
15/09/26;INDRA;PUT;Sep-26;48,00;61.52;51,59;;;17
15/09/26;INDRA;PUT;Sep-26;49,00;61.52;51,08;;;2
15/09/26;INDRA;PUT;Sep-26;50,00;61.52;50,57;;;501
15/09/26;INDRA;PUT;Sep-26;52,00;61.52;49,55;;;77
15/09/26;INDRA;PUT;Sep-26;54,00;61.52;48,53;;;11
15/09/26;INDRA;PUT;Sep-26;56,00;61.52;47,51;-0,01;;17
15/09/26;INDRA;PUT;Sep-26;58,00;61.52;46,49;-0,08;2;12
15/09/26;INDRA;PUT;Sep-26;60,00;61.52;45,47;-0,26;3;112
15/09/26;INDRA;PUT;Sep-26;62,00;61.52;44,44;-0,57;;3
15/09/26;INDRA;PUT;Sep-26;64,00;61.52;43,37;-0,84;3;6
15/09/26;INDRA;PUT;Sep-26;66,00;61.52;42,30;-0,97;;3
15/09/26;INDRA;PUT;Oct-26;38,00;61.52;50,70;;;5
15/09/26;INDRA;PUT;Oct-26;44,00;61.52;48,13;-0,01;;1
15/09/26;INDRA;PUT;Oct-26;46,00;61.52;47,27;-0,01;;2
15/09/26;INDRA;PUT;Oct-26;47,00;61.52;46,85;-0,02;;1
15/09/26;INDRA;PUT;Oct-26;48,00;61.52;46,42;-0,03;;3
15/09/26;INDRA;PUT;Oct-26;50,00;61.52;45,56;-0,05;;4
15/09/26;INDRA;PUT;Oct-26;52,00;61.52;44,70;-0,09;;2
15/09/26;INDRA;PUT;Oct-26;54,00;61.52;43,85;-0,14;;7
15/09/26;INDRA;PUT;Oct-26;56,00;61.52;42,99;-0,21;;11
15/09/26;INDRA;PUT;Oct-26;58,00;61.52;42,14;-0,29;5;12
15/09/26;INDRA;PUT;Oct-26;60,00;61.52;41,28;-0,39;6;26
15/09/26;INDRA;PUT;Oct-26;64,00;61.52;40,44;-0,60;3;3
15/09/26;INDRA;PUT;Oct-26;72,00;61.52;39,84;-0,91;;3
15/09/26;INDRA;PUT;Nov-26;42,00;61.52;50,70;-0,03;;5
15/09/26;INDRA;PUT;Nov-26;47,00;61.52;48,59;-0,08;;1
15/09/26;INDRA;PUT;Nov-26;52,00;61.52;46,47;-0,17;;2
15/09/26;INDRA;PUT;Dic-26;28,00;61.52;55,41;;;1
15/09/26;INDRA;PUT;Dic-26;30,00;61.52;54,63;;;5
15/09/26;INDRA;PUT;Dic-26;31,00;61.52;54,24;;;1
15/09/26;INDRA;PUT;Dic-26;32,00;61.52;53,85;-0,01;;10
15/09/26;INDRA;PUT;Dic-26;35,00;61.52;52,68;-0,01;;1
15/09/26;INDRA;PUT;Dic-26;37,00;61.52;51,90;-0,02;;6
15/09/26;INDRA;PUT;Dic-26;38,00;61.52;51,51;-0,02;;1
15/09/26;INDRA;PUT;Dic-26;40,00;61.52;50,73;-0,03;;11
15/09/26;INDRA;PUT;Dic-26;42,00;61.52;49,95;-0,05;;10
15/09/26;INDRA;PUT;Dic-26;44,00;61.52;49,16;-0,07;;4
15/09/26;INDRA;PUT;Dic-26;45,00;61.52;48,77;-0,08;;2
15/09/26;INDRA;PUT;Dic-26;46,00;61.52;48,38;-0,09;;7
15/09/26;INDRA;PUT;Dic-26;47,00;61.52;47,99;-0,11;;8
15/09/26;INDRA;PUT;Dic-26;48,00;61.52;47,60;-0,12;;22
15/09/26;INDRA;PUT;Dic-26;50,00;61.52;46,82;-0,15;;50
15/09/26;INDRA;PUT;Dic-26;52,00;61.52;46,04;-0,20;;78
15/09/26;INDRA;PUT;Dic-26;54,00;61.52;45,26;-0,24;;101
15/09/26;INDRA;PUT;Dic-26;58,00;61.52;43,70;-0,34;;25
15/09/26;INDRA;PUT;Dic-26;60,00;61.52;42,92;-0,40;;50
15/09/26;INDRA;PUT;Dic-26;62,00;61.52;42,24;-0,46;;35
15/09/26;INDRA;PUT;Dic-26;70,00;61.52;40,72;-0,70;;1
15/09/26;INDRA;PUT;Mar-27;37,00;61.52;51,19;-0,05;;2
15/09/26;INDRA;PUT;Mar-27;39,00;61.52;50,39;-0,07;;1
15/09/26;INDRA;PUT;Mar-27;42,00;61.52;49,19;-0,10;;2
15/09/26;INDRA;PUT;Mar-27;43,00;61.52;48,79;-0,11;;1
15/09/26;INDRA;PUT;Mar-27;45,00;61.52;47,98;-0,13;;1
15/09/26;INDRA;PUT;Mar-27;49,00;61.52;46,38;-0,19;;10
15/09/26;INDRA;PUT;Mar-27;50,00;61.52;45,98;-0,20;;10
15/09/26;INDRA;PUT;Mar-27;52,00;61.52;45,18;-0,24;;1
15/09/26;INDRA;PUT;Mar-27;54,00;61.52;44,38;-0,27;;1
15/09/26;INDRA;PUT;Mar-27;60,00;61.52;41,97;-0,40;;3
15/09/26;INDRA;PUT;Jun-27;32,00;61.52;50,63;-0,04;;1
15/09/26;INDRA;PUT;Jun-27;50,00;61.52;45,07;-0,22;;1
15/09/26;INDRA;PUT;Jun-27;52,00;61.52;44,45;-0,25;;1
15/09/26;INDRA;PUT;Jun-27;58,00;61.52;42,60;-0,35;;10
15/09/26;INDRA;PUT;Jun-27;60,00;61.52;41,98;-0,39;;2
15/09/26;INDRA;PUT;Jun-27;62,00;61.52;41,47;-0,42;;3
15/09/26;INDRA;PUT;Sep-27;31,00;61.52;50,69;-0,05;;1
15/09/26;INDRA;PUT;Sep-27;33,00;61.52;50,08;-0,06;;1
15/09/26;INDRA;PUT;Sep-27;34,00;61.52;49,78;-0,07;;1
15/09/26;INDRA;PUT;Sep-27;36,00;61.52;49,17;-0,08;;1
15/09/26;INDRA;PUT;Sep-27;40,00;61.52;47,96;-0,12;;1
15/09/26;INDRA;PUT;Sep-27;45,00;61.52;46,44;-0,17;;15
15/09/26;INDRA;PUT;Dic-27;11,00;61.52;55,36;;;25
15/09/26;INDRA;PUT;Dic-27;38,00;61.52;47,46;-0,11;;1
15/09/26;INDRA;PUT;Dic-27;44,00;61.52;45,71;-0,17;;500
15/09/26;INDRA;PUT;Sep-28;47,00;61.52;39,90;-0,20;;25
15/09/26;INDRA;CALL;Dic-26;41,00;61.52;51,68;0,95;;5
15/09/26;INDRA;CALL;Dic-26;48,00;61.52;48,94;0,87;;5
15/09/26;INDRA;CALL;Dic-26;60,00;61.52;44,26;0,60;;100
15/09/26;INDRA;CALL;Dic-26;64,00;61.52;43,20;0,48;;5
15/09/26;INDRA;CALL;Dic-26;70,00;61.52;42,06;0,32;;5
15/09/26;INDRA;PUT;Sep-26;43,00;61.52;54,13;;;5
15/09/26;INDRA;PUT;Sep-26;56,00;61.52;47,51;-0,01;;5
15/09/26;INDRA;PUT;Dic-26;50,00;61.52;46,82;-0,15;;5
15/09/26;LABORAT. ROVI;CALL;Sep-26;60,00;57.85;20,74;0,03;5;5
15/09/26;LABORAT. ROVI;CALL;Sep-26;62,00;57.85;20,69;;7;3
15/09/26;LABORAT. ROVI;CALL;Sep-26;64,00;57.85;20,65;;;5
15/09/26;LABORAT. ROVI;CALL;Sep-26;66,00;57.85;20,60;;;2
15/09/26;LABORAT. ROVI;CALL;Sep-26;78,00;57.85;20,33;;;750
15/09/26;LABORAT. ROVI;CALL;Sep-26;88,00;57.85;20,10;;;1
15/09/26;LABORAT. ROVI;CALL;Sep-26;96,00;57.85;19,91;;;15
15/09/26;LABORAT. ROVI;CALL;Oct-26;58,00;57.85;23,00;0,51;;10
15/09/26;LABORAT. ROVI;CALL;Oct-26;62,00;57.85;22,77;0,17;;1
15/09/26;LABORAT. ROVI;CALL;Nov-26;60,00;57.85;25,80;0,41;5;5
15/09/26;LABORAT. ROVI;CALL;Dic-26;60,00;57.85;26,10;0,44;;4
15/09/26;LABORAT. ROVI;CALL;Dic-26;62,00;57.85;25,94;0,34;;15
15/09/26;LABORAT. ROVI;CALL;Dic-26;66,00;57.85;25,61;0,19;;751
15/09/26;LABORAT. ROVI;CALL;Dic-26;70,00;57.85;25,29;0,09;;9
15/09/26;LABORAT. ROVI;CALL;Dic-26;80,00;57.85;24,48;0,01;;15
15/09/26;LABORAT. ROVI;CALL;Dic-26;82,00;57.85;24,32;;;15
15/09/26;LABORAT. ROVI;CALL;Dic-26;84,00;57.85;24,16;;;15
15/09/26;LABORAT. ROVI;CALL;Dic-26;86,00;57.85;24,00;;;15
15/09/26;LABORAT. ROVI;CALL;Dic-26;88,00;57.85;23,84;;;14
15/09/26;LABORAT. ROVI;CALL;Dic-26;90,00;57.85;23,68;;;14
15/09/26;LABORAT. ROVI;CALL;Dic-26;92,00;57.85;23,52;;;5
15/09/26;LABORAT. ROVI;CALL;Dic-26;96,00;57.85;23,19;;;5
15/09/26;LABORAT. ROVI;CALL;Dic-26;100,00;57.85;22,87;;;5
15/09/26;LABORAT. ROVI;CALL;Mar-27;70,00;57.85;25,76;0,19;;2
15/09/26;LABORAT. ROVI;CALL;Mar-27;88,00;57.85;23,58;0,01;;10
15/09/26;LABORAT. ROVI;CALL;Jun-27;56,00;57.85;28,16;0,63;;18
15/09/26;LABORAT. ROVI;CALL;Jun-27;60,00;57.85;27,39;0,52;;1
15/09/26;LABORAT. ROVI;CALL;Jun-27;80,00;57.85;24,97;0,10;;16
15/09/26;LABORAT. ROVI;PUT;Sep-26;48,00;57.85;25,48;;;1
15/09/26;LABORAT. ROVI;PUT;Sep-26;50,00;57.85;24,58;;;1
15/09/26;LABORAT. ROVI;PUT;Sep-26;54,00;57.85;22,78;;;7
15/09/26;LABORAT. ROVI;PUT;Sep-26;56,00;57.85;21,88;-0,05;;11
15/09/26;LABORAT. ROVI;PUT;Sep-26;58,00;57.85;21,05;-0,55;;6
15/09/26;LABORAT. ROVI;PUT;Sep-26;60,00;57.85;21,00;-0,98;;9
15/09/26;LABORAT. ROVI;PUT;Sep-26;64,00;57.85;20,91;-1,00;;2
15/09/26;LABORAT. ROVI;PUT;Sep-26;70,00;57.85;20,77;-1,00;;1.500
15/09/26;LABORAT. ROVI;PUT;Oct-26;54,00;57.85;25,45;-0,16;;5
15/09/26;LABORAT. ROVI;PUT;Oct-26;58,00;57.85;23,64;-0,49;;5
15/09/26;LABORAT. ROVI;PUT;Oct-26;60,00;57.85;23,53;-0,69;;10
15/09/26;LABORAT. ROVI;PUT;Nov-26;52,00;57.85;28,90;-0,17;;1
15/09/26;LABORAT. ROVI;PUT;Nov-26;56,00;57.85;27,01;-0,36;10;10
15/09/26;LABORAT. ROVI;PUT;Dic-26;40,00;57.85;34,09;-0,01;;1
15/09/26;LABORAT. ROVI;PUT;Dic-26;50,00;57.85;29,77;-0,14;;2
15/09/26;LABORAT. ROVI;PUT;Dic-26;52,00;57.85;28,91;-0,20;;1
15/09/26;LABORAT. ROVI;PUT;Dic-26;54,00;57.85;28,04;-0,28;;6
15/09/26;LABORAT. ROVI;PUT;Dic-26;56,00;57.85;27,18;-0,37;;5
15/09/26;LABORAT. ROVI;PUT;Dic-26;58,00;57.85;26,37;-0,47;;7
15/09/26;LABORAT. ROVI;PUT;Dic-26;60,00;57.85;26,21;-0,57;;54
15/09/26;LABORAT. ROVI;PUT;Dic-26;62,00;57.85;26,05;-0,67;;1.500
15/09/26;LABORAT. ROVI;PUT;Dic-26;66,00;57.85;25,72;-0,83;;10
15/09/26;LABORAT. ROVI;PUT;Dic-26;68,00;57.85;25,56;-0,90;;65
15/09/26;LABORAT. ROVI;PUT;Dic-26;76,00;57.85;24,92;-1,00;;6
15/09/26;LABORAT. ROVI;PUT;Mar-27;50,00;57.85;29,65;-0,20;;2
15/09/26;LABORAT. ROVI;PUT;Mar-27;54,00;57.85;28,33;-0,31;;5
15/09/26;LABORAT. ROVI;PUT;Mar-27;56,00;57.85;27,68;-0,38;;6
15/09/26;LABORAT. ROVI;PUT;Mar-27;58,00;57.85;27,05;-0,45;;7
15/09/26;LABORAT. ROVI;PUT;Mar-27;60,00;57.85;26,81;-0,52;;8
15/09/26;LABORAT. ROVI;PUT;Mar-27;62,00;57.85;26,57;-0,59;;2
15/09/26;LABORAT. ROVI;PUT;Jun-27;43,00;57.85;31,81;-0,10;;10
15/09/26;LABORAT. ROVI;PUT;Jun-27;44,00;57.85;31,53;-0,12;;20
15/09/26;LABORAT. ROVI;PUT;Jun-27;45,00;57.85;31,25;-0,13;;5
15/09/26;LABORAT. ROVI;PUT;Jun-27;54,00;57.85;28,76;-0,32;;1
15/09/26;LABORAT. ROVI;PUT;Jun-27;58,00;57.85;27,68;-0,43;;1
15/09/26;LABORAT. ROVI;PUT;Jun-27;60,00;57.85;27,44;-0,49;;4
15/09/26;LABORAT. ROVI;PUT;Jun-27;70,00;57.85;26,23;-0,78;;1
15/09/26;LABORAT. ROVI;PUT;Mar-27;50,00;57.85;29,65;-0,19;;3
15/09/26;MAPFRE;CALL;Sep-26;3,90;4.41;19,20;1,00;;10
15/09/26;MAPFRE;CALL;Sep-26;4,00;4.41;19,17;1,00;;16
15/09/26;MAPFRE;CALL;Sep-26;4,10;4.41;19,13;1,00;;20
15/09/26;MAPFRE;CALL;Sep-26;4,20;4.41;19,09;1,00;;783
15/09/26;MAPFRE;CALL;Sep-26;4,30;4.41;19,05;0,93;;2
15/09/26;MAPFRE;CALL;Sep-26;4,40;4.41;19,01;0,57;;1
15/09/26;MAPFRE;CALL;Sep-26;4,50;4.41;18,94;0,13;;13
15/09/26;MAPFRE;CALL;Sep-26;4,70;4.41;18,77;;;15
15/09/26;MAPFRE;CALL;Oct-26;4,50;4.41;18,59;0,38;;1
15/09/26;MAPFRE;CALL;Oct-26;4,60;4.41;18,50;0,24;;10
15/09/26;MAPFRE;CALL;Nov-26;4,40;4.41;19,82;0,55;;3
15/09/26;MAPFRE;CALL;Nov-26;4,50;4.41;19,75;0,44;;1
15/09/26;MAPFRE;CALL;Nov-26;4,60;4.41;19,66;0,34;;20
15/09/26;MAPFRE;CALL;Dic-26;3,90;4.41;20,35;0,92;;5
15/09/26;MAPFRE;CALL;Dic-26;4,10;4.41;20,28;0,81;;35
15/09/26;MAPFRE;CALL;Dic-26;4,40;4.41;20,16;0,55;;10
15/09/26;MAPFRE;CALL;Dic-26;4,50;4.41;20,09;0,45;;13
15/09/26;MAPFRE;CALL;Mar-27;4,00;4.41;21,57;0,78;;1
15/09/26;MAPFRE;CALL;Mar-27;4,90;4.41;21,08;0,26;;15
15/09/26;MAPFRE;CALL;Jun-27;4,20;4.41;22,71;0,64;;7
15/09/26;MAPFRE;CALL;Jun-27;4,30;4.41;22,67;0,60;;8
15/09/26;MAPFRE;CALL;Jun-27;5,00;4.41;22,23;0,28;;1
15/09/26;MAPFRE;CALL;Dic-27;5,00;4.41;24,39;0,36;;5
15/09/26;MAPFRE;PUT;Sep-26;1,70;4.41;22,07;;;20
15/09/26;MAPFRE;PUT;Sep-26;3,20;4.41;21,51;;;2
15/09/26;MAPFRE;PUT;Sep-26;3,30;4.41;21,47;;;2
15/09/26;MAPFRE;PUT;Sep-26;3,60;4.41;21,36;;;5
15/09/26;MAPFRE;PUT;Sep-26;3,70;4.41;21,32;;;50
15/09/26;MAPFRE;PUT;Sep-26;5,00;4.41;20,56;-1,00;;9
15/09/26;MAPFRE;PUT;Oct-26;4,30;4.41;21,10;-0,32;;10
15/09/26;MAPFRE;PUT;Nov-26;4,50;4.41;21,66;-0,55;;1
15/09/26;MAPFRE;PUT;Dic-26;3,20;4.41;21,55;;;2
15/09/26;MAPFRE;PUT;Dic-26;3,60;4.41;21,40;-0,03;;3
15/09/26;MAPFRE;PUT;Dic-26;3,70;4.41;21,36;-0,06;;116
15/09/26;MAPFRE;PUT;Dic-26;3,80;4.41;21,32;-0,09;;20
15/09/26;MAPFRE;PUT;Dic-26;4,00;4.41;21,25;-0,20;;5
15/09/26;MAPFRE;PUT;Dic-26;4,10;4.41;21,21;-0,27;;2
15/09/26;MAPFRE;PUT;Dic-26;4,20;4.41;21,17;-0,35;;50
15/09/26;MAPFRE;PUT;Dic-26;4,30;4.41;21,13;-0,43;;6
15/09/26;MAPFRE;PUT;Dic-26;4,50;4.41;21,02;-0,60;;20
15/09/26;MAPFRE;PUT;Mar-27;3,50;4.41;20,82;-0,05;;4
15/09/26;MAPFRE;PUT;Mar-27;3,60;4.41;20,79;-0,08;;1
15/09/26;MAPFRE;PUT;Mar-27;3,70;4.41;20,75;-0,11;;5
15/09/26;MAPFRE;PUT;Mar-27;4,00;4.41;20,64;-0,24;;3.000
15/09/26;MAPFRE;PUT;Mar-27;4,40;4.41;20,48;-0,49;;1
15/09/26;MAPFRE;PUT;Dic-27;3,60;4.41;22,44;-0,20;;10
15/09/26;MELIA HOTELS;CALL;Sep-26;7,75;9.76;32,91;1,00;;5
15/09/26;MELIA HOTELS;CALL;Sep-26;8,00;9.76;32,41;1,00;;1.900
15/09/26;MELIA HOTELS;CALL;Sep-26;8,50;9.76;31,40;1,00;1;5
15/09/26;MELIA HOTELS;CALL;Sep-26;12,50;9.76;25,87;;;25
15/09/26;MELIA HOTELS;CALL;Dic-26;10,00;9.76;29,18;0,48;;20
15/09/26;MELIA HOTELS;CALL;Dic-26;11,00;9.76;28,22;0,24;;15
15/09/26;MELIA HOTELS;CALL;Dic-26;11,50;9.76;27,74;0,15;;3
15/09/26;MELIA HOTELS;CALL;Dic-26;13,00;9.76;26,31;0,02;;35
15/09/26;MELIA HOTELS;CALL;Mar-27;7,75;9.76;32,21;0,88;;8
15/09/26;MELIA HOTELS;CALL;Mar-27;8,75;9.76;30,77;0,75;;5
15/09/26;MELIA HOTELS;CALL;Mar-27;12,00;9.76;27,64;0,19;;400
15/09/26;MELIA HOTELS;CALL;Mar-27;12,50;9.76;27,27;0,14;;50
15/09/26;MELIA HOTELS;CALL;Jun-27;7,50;9.76;31,31;0,88;;5
15/09/26;MELIA HOTELS;CALL;Jun-27;7,75;9.76;31,03;0,86;;5
15/09/26;MELIA HOTELS;CALL;Sep-27;7,25;9.76;30,95;0,89;;5
15/09/26;MELIA HOTELS;CALL;Dic-27;7,00;9.76;30,74;0,90;;2
15/09/26;MELIA HOTELS;PUT;Sep-26;10,00;9.76;28,51;-0,83;;25
15/09/26;MELIA HOTELS;PUT;Sep-26;10,50;9.76;27,97;-1,00;;50
15/09/26;MELIA HOTELS;PUT;Sep-26;11,00;9.76;27,42;-1,00;;30
15/09/26;MELIA HOTELS;PUT;Oct-26;9,50;9.76;28,03;-0,35;;4
15/09/26;MELIA HOTELS;PUT;Dic-26;8,25;9.76;31,35;-0,12;;30
15/09/26;MELIA HOTELS;PUT;Dic-26;11,00;9.76;27,54;-0,79;;20
15/09/26;MELIA HOTELS;PUT;Mar-27;9,25;9.76;29,38;-0,34;;50
15/09/26;MELIA HOTELS;PUT;Mar-27;9,50;9.76;29,03;-0,39;;100
15/09/26;MELIA HOTELS;PUT;Mar-27;9,75;9.76;28,67;-0,44;;25
15/09/26;MELIA HOTELS;PUT;Mar-27;10,00;9.76;28,48;-0,49;;100
15/09/26;MELIA HOTELS;PUT;Mar-27;11,00;9.76;27,72;-0,69;;3
15/09/26;MELIA HOTELS;PUT;Jun-27;8,75;9.76;28,79;-0,27;;2
15/09/26;MERLIN;CALL;Sep-26;16,00;12.4;19,22;;;14.696
15/09/26;MERLIN;CALL;Sep-26;16,50;12.4;18,96;;;4.700
15/09/26;MERLIN;CALL;Oct-26;13,00;12.4;21,38;0,25;;10
15/09/26;MERLIN;CALL;Nov-26;11,00;12.4;24,89;0,89;;5
15/09/26;MERLIN;CALL;Nov-26;13,50;12.4;21,52;0,20;;5
15/09/26;MERLIN;CALL;Nov-26;14,00;12.4;21,25;0,11;;5
15/09/26;MERLIN;CALL;Nov-26;14,50;12.4;20,98;0,05;;5
15/09/26;MERLIN;CALL;Dic-26;16,50;12.4;20,64;;;14.693
15/09/26;MERLIN;CALL;Mar-27;14,50;12.4;22,80;0,19;;5
15/09/26;MERLIN;CALL;Mar-27;16,00;12.4;22,20;0,06;;3
15/09/26;MERLIN;CALL;Jun-27;13,50;12.4;23,02;0,37;;1
15/09/26;MERLIN;PUT;Sep-26;10,00;12.4;27,14;;;1
15/09/26;MERLIN;PUT;Sep-26;12,00;12.4;23,21;-0,06;;2
15/09/26;MERLIN;PUT;Sep-26;12,50;12.4;22,38;-0,65;;1
15/09/26;MERLIN;PUT;Sep-26;13,00;12.4;22,11;-1,00;;3
15/09/26;MERLIN;PUT;Sep-26;14,50;12.4;21,30;-1,00;;1
15/09/26;MERLIN;PUT;Sep-26;15,00;12.4;21,03;-1,00;;35
15/09/26;MERLIN;PUT;Oct-26;13,00;12.4;23,00;-0,74;;1
15/09/26;MERLIN;PUT;Oct-26;13,50;12.4;22,73;-0,90;;24
15/09/26;MERLIN;PUT;Oct-26;14,00;12.4;22,46;-0,98;;31
15/09/26;MERLIN;PUT;Oct-26;14,50;12.4;22,19;-1,00;;200
15/09/26;MERLIN;PUT;Nov-26;12,50;12.4;23,49;-0,50;;1
15/09/26;MERLIN;PUT;Nov-26;14,50;12.4;22,41;-0,97;;40
15/09/26;MERLIN;PUT;Dic-26;11,00;12.4;25,97;-0,19;;300
15/09/26;MERLIN;PUT;Dic-26;11,50;12.4;25,02;-0,28;;3
15/09/26;MERLIN;PUT;Dic-26;12,00;12.4;24,06;-0,40;;11
15/09/26;MERLIN;PUT;Dic-26;13,00;12.4;23,01;-0,67;;2
15/09/26;MERLIN;PUT;Dic-26;13,50;12.4;22,77;-0,78;;4
15/09/26;MERLIN;PUT;Dic-26;14,00;12.4;22,53;-0,87;;35
15/09/26;MERLIN;PUT;Mar-27;12,00;12.4;23,48;-0,41;;3
15/09/26;MERLIN;PUT;Mar-27;13,50;12.4;22,37;-0,70;;16
15/09/26;MERLIN;PUT;Jun-27;14,50;12.4;21,09;-0,80;;3
15/09/26;MERLIN;PUT;Jun-27;15,00;12.4;20,91;-0,85;;10
15/09/26;MERLIN;PUT;Dic-27;12,50;12.4;21,41;-0,49;;5.000
15/09/26;NATURGY;CALL;Sep-26;28,00;29.22;18,61;0,99;;1
15/09/26;NATURGY;CALL;Sep-26;29,00;29.22;17,54;0,69;;98
15/09/26;NATURGY;CALL;Sep-26;29,50;29.22;17,11;0,28;;3
15/09/26;NATURGY;CALL;Sep-26;30,00;29.22;16,78;0,04;;154
15/09/26;NATURGY;CALL;Sep-26;31,00;29.22;16,12;;;145
15/09/26;NATURGY;CALL;Oct-26;29,00;29.22;19,24;0,58;20;20
15/09/26;NATURGY;CALL;Oct-26;30,00;29.22;18,46;0,34;;1
15/09/26;NATURGY;CALL;Dic-26;27,00;29.22;21,87;0,82;;10
15/09/26;NATURGY;CALL;Dic-26;28,00;29.22;20,88;0,70;;24
15/09/26;NATURGY;CALL;Dic-26;29,00;29.22;19,89;0,55;;495
15/09/26;NATURGY;CALL;Dic-26;30,00;29.22;19,23;0,40;;297
15/09/26;NATURGY;CALL;Dic-26;31,00;29.22;18,65;0,25;;113
15/09/26;NATURGY;CALL;Dic-26;32,00;29.22;18,08;0,14;;7
15/09/26;NATURGY;CALL;Dic-26;35,00;29.22;16,37;0,01;;1
15/09/26;NATURGY;CALL;Mar-27;25,00;29.22;23,56;0,87;;2
15/09/26;NATURGY;CALL;Mar-27;26,00;29.22;22,79;0,81;;90
15/09/26;NATURGY;CALL;Mar-27;27,00;29.22;22,01;0,72;;2
15/09/26;NATURGY;CALL;Mar-27;28,00;29.22;21,24;0,63;;11
15/09/26;NATURGY;CALL;Mar-27;29,00;29.22;20,46;0,54;;200
15/09/26;NATURGY;CALL;Mar-27;30,00;29.22;19,95;0,44;;300
15/09/26;NATURGY;CALL;Mar-27;32,00;29.22;19,08;0,26;;1
15/09/26;NATURGY;CALL;Mar-27;33,00;29.22;18,65;0,19;;2
15/09/26;NATURGY;CALL;Jun-27;25,00;29.22;23,83;0,83;;385
15/09/26;NATURGY;CALL;Jun-27;26,00;29.22;23,16;0,77;;2
15/09/26;NATURGY;CALL;Jun-27;27,00;29.22;22,48;0,69;;2
15/09/26;NATURGY;CALL;Jun-27;30,00;29.22;20,68;0,45;2;136
15/09/26;NATURGY;CALL;Jun-27;32,00;29.22;19,88;0,30;;401
15/09/26;NATURGY;CALL;Jun-27;33,00;29.22;19,48;0,23;;2
15/09/26;NATURGY;CALL;Jun-27;35,00;29.22;18,68;0,13;;1
15/09/26;NATURGY;CALL;Dic-27;30,00;29.22;21,58;0,47;;1
15/09/26;NATURGY;PUT;Sep-26;18,00;29.22;28,94;;;10
15/09/26;NATURGY;PUT;Sep-26;19,00;29.22;27,87;;;25
15/09/26;NATURGY;PUT;Sep-26;19,50;29.22;27,33;;;25
15/09/26;NATURGY;PUT;Sep-26;20,00;29.22;26,80;;;26
15/09/26;NATURGY;PUT;Sep-26;21,00;29.22;25,72;;;28
15/09/26;NATURGY;PUT;Sep-26;22,00;29.22;24,65;;;27
15/09/26;NATURGY;PUT;Sep-26;23,00;29.22;23,58;;;30
15/09/26;NATURGY;PUT;Sep-26;24,00;29.22;22,51;;;210
15/09/26;NATURGY;PUT;Sep-26;25,00;29.22;21,44;;;23
15/09/26;NATURGY;PUT;Sep-26;26,00;29.22;20,36;;;3
15/09/26;NATURGY;PUT;Sep-26;27,00;29.22;19,29;;;62
15/09/26;NATURGY;PUT;Sep-26;28,00;29.22;18,22;;;31
15/09/26;NATURGY;PUT;Sep-26;29,00;29.22;17,15;-0,31;;162
15/09/26;NATURGY;PUT;Sep-26;29,50;29.22;16,72;-0,73;;1
15/09/26;NATURGY;PUT;Sep-26;30,00;29.22;16,39;-0,97;;13
15/09/26;NATURGY;PUT;Sep-26;31,00;29.22;15,73;-1,00;;3
15/09/26;NATURGY;PUT;Oct-26;24,00;29.22;22,51;;;2
15/09/26;NATURGY;PUT;Oct-26;28,00;29.22;18,13;-0,19;;14
15/09/26;NATURGY;PUT;Oct-26;29,00;29.22;17,03;-0,42;20;43
15/09/26;NATURGY;PUT;Nov-26;28,00;29.22;16,37;-0,34;;3
15/09/26;NATURGY;PUT;Nov-26;31,00;29.22;13,76;-0,90;;1
15/09/26;NATURGY;PUT;Dic-26;18,00;29.22;28,20;;;2
15/09/26;NATURGY;PUT;Dic-26;19,50;29.22;26,71;;;5
15/09/26;NATURGY;PUT;Dic-26;20,00;29.22;26,21;;;13
15/09/26;NATURGY;PUT;Dic-26;22,00;29.22;24,23;-0,01;;2
15/09/26;NATURGY;PUT;Dic-26;23,00;29.22;23,23;-0,02;;11
15/09/26;NATURGY;PUT;Dic-26;24,00;29.22;22,24;-0,05;;2.142
15/09/26;NATURGY;PUT;Dic-26;25,00;29.22;21,25;-0,09;;124
15/09/26;NATURGY;PUT;Dic-26;26,00;29.22;20,26;-0,15;;106
15/09/26;NATURGY;PUT;Dic-26;27,00;29.22;19,26;-0,24;;20
15/09/26;NATURGY;PUT;Dic-26;28,00;29.22;18,27;-0,37;;8
15/09/26;NATURGY;PUT;Dic-26;29,00;29.22;17,28;-0,52;;52
15/09/26;NATURGY;PUT;Dic-26;30,00;29.22;16,62;-0,68;;1
15/09/26;NATURGY;PUT;Dic-26;31,00;29.22;16,04;-0,82;;1
15/09/26;NATURGY;PUT;Dic-26;32,00;29.22;15,47;-0,92;;50
15/09/26;NATURGY;PUT;Mar-27;18,00;29.22;26,94;;;1
15/09/26;NATURGY;PUT;Mar-27;24,00;29.22;22,29;-0,10;;501
15/09/26;NATURGY;PUT;Mar-27;26,00;29.22;20,74;-0,21;;193
15/09/26;NATURGY;PUT;Mar-27;28,00;29.22;19,19;-0,38;;1
15/09/26;NATURGY;PUT;Jun-27;24,00;29.22;21,74;-0,16;;1
15/09/26;NATURGY;PUT;Jun-27;25,00;29.22;21,07;-0,21;;5
15/09/26;NATURGY;PUT;Jun-27;26,00;29.22;20,40;-0,27;;1
15/09/26;NATURGY;PUT;Jun-27;27,00;29.22;19,72;-0,34;;2
15/09/26;NATURGY;PUT;Jun-27;28,00;29.22;19,05;-0,43;;12
15/09/26;NATURGY;PUT;Jun-27;32,00;29.22;17,12;-0,77;;1
15/09/26;NATURGY;PUT;Sep-27;26,00;29.22;20,29;-0,31;;95
15/09/26;NATURGY;PUT;Dic-27;26,00;29.22;20,21;-0,34;;97
15/09/26;NATURGY;PUT;Jun-28;26,00;29.22;19,84;-0,37;;95
15/09/26;NATURGY;PUT;Dic-26;28,00;29.22;18,27;-0,36;;2
15/09/26;OBRASCON HUARTE;CALL;Sep-26;0,40;0.35;43,46;;;120
15/09/26;OBRASCON HUARTE;CALL;Sep-26;0,50;0.35;43,46;;;200
15/09/26;OBRASCON HUARTE;CALL;Dic-26;0,50;0.35;42,84;0,07;;1
15/09/26;OBRASCON HUARTE;CALL;Mar-27;0,40;0.35;44,58;0,42;;300
15/09/26;OBRASCON HUARTE;CALL;Jun-27;0,35;0.35;45,16;0,61;;1.000
15/09/26;OBRASCON HUARTE;CALL;Mar-28;0,50;0.35;43,82;0,38;;10
15/09/26;OBRASCON HUARTE;CALL;Mar-28;0,60;0.35;43,82;0,26;;50
15/09/26;OBRASCON HUARTE;CALL;Jun-28;0,35;0.35;43,63;0,65;;900
15/09/26;PHARMA MAR;CALL;Sep-26;78,00;76.15;41,08;0,27;;1
15/09/26;PHARMA MAR;CALL;Sep-26;84,00;76.15;38,50;;;4
15/09/26;PHARMA MAR;CALL;Sep-26;86,00;76.15;37,64;;;2
15/09/26;PHARMA MAR;CALL;Sep-26;92,00;76.15;35,07;;;4
15/09/26;PHARMA MAR;CALL;Sep-26;130,00;76.15;18,77;;;2
15/09/26;PHARMA MAR;CALL;Sep-26;135,00;76.15;16,62;;;4
15/09/26;PHARMA MAR;CALL;Sep-26;140,00;76.15;14,48;;;2
15/09/26;PHARMA MAR;CALL;Sep-26;150,00;76.15;10,19;;;4
15/09/26;PHARMA MAR;CALL;Dic-26;76,00;76.15;40,20;0,56;;1
15/09/26;PHARMA MAR;CALL;Dic-26;110,00;76.15;39,79;0,05;;1
15/09/26;PHARMA MAR;CALL;Mar-27;88,00;76.15;39,01;0,37;;1
15/09/26;PHARMA MAR;CALL;Mar-27;105,00;76.15;38,49;0,16;;5
15/09/26;PHARMA MAR;CALL;Jun-27;120,00;76.15;38,51;0,13;;6
15/09/26;PHARMA MAR;PUT;Sep-26;33,00;76.15;77,92;;;10
15/09/26;PHARMA MAR;PUT;Sep-26;36,00;76.15;75,55;;;5
15/09/26;PHARMA MAR;PUT;Sep-26;45,00;76.15;68,46;;;20
15/09/26;PHARMA MAR;PUT;Sep-26;46,00;76.15;67,68;;;9
15/09/26;PHARMA MAR;PUT;Sep-26;47,00;76.15;66,89;;;12
15/09/26;PHARMA MAR;PUT;Sep-26;60,00;76.15;56,64;;;6
15/09/26;PHARMA MAR;PUT;Sep-26;62,00;76.15;55,07;;;5
15/09/26;PHARMA MAR;PUT;Sep-26;66,00;76.15;51,92;;;3
15/09/26;PHARMA MAR;PUT;Sep-26;70,00;76.15;48,77;-0,03;;1
15/09/26;PHARMA MAR;PUT;Sep-26;82,00;76.15;41,41;-0,98;;6
15/09/26;PHARMA MAR;PUT;Sep-26;92,00;76.15;37,12;-1,00;;1
15/09/26;PHARMA MAR;PUT;Dic-26;29,00;76.15;75,26;;;5
15/09/26;PHARMA MAR;PUT;Dic-26;46,00;76.15;62,54;-0,04;;2
15/09/26;PHARMA MAR;PUT;Dic-26;48,00;76.15;61,04;-0,05;;1
15/09/26;PHARMA MAR;PUT;Dic-26;50,00;76.15;59,54;-0,06;;1
15/09/26;PHARMA MAR;PUT;Dic-26;60,00;76.15;52,06;-0,15;;2
15/09/26;PHARMA MAR;PUT;Dic-26;62,00;76.15;50,56;-0,17;;1
15/09/26;PHARMA MAR;PUT;Dic-26;70,00;76.15;44,57;-0,31;;1
15/09/26;PHARMA MAR;PUT;Dic-26;76,00;76.15;40,08;-0,45;;15
15/09/26;PHARMA MAR;PUT;Dic-26;78,00;76.15;39,95;-0,50;;10
15/09/26;PHARMA MAR;PUT;Mar-27;41,00;76.15;59,31;-0,04;;8
15/09/26;PHARMA MAR;PUT;Mar-27;43,00;76.15;58,22;-0,05;;3
15/09/26;PHARMA MAR;PUT;Mar-27;52,00;76.15;53,34;-0,11;;1
15/09/26;PHARMA MAR;PUT;Mar-27;60,00;76.15;49,00;-0,19;;1
15/09/26;PHARMA MAR;PUT;Mar-27;78,00;76.15;40,17;-0,46;;1
15/09/26;PHARMA MAR;PUT;Mar-27;80,00;76.15;40,11;-0,50;;2
15/09/26;PHARMA MAR;PUT;Mar-27;105,00;76.15;39,35;-0,86;;1
15/09/26;PHARMA MAR;PUT;Jun-27;39,00;76.15;55,89;-0,05;;3
15/09/26;PHARMA MAR;PUT;Jun-27;42,00;76.15;54,70;-0,06;;1
15/09/26;PHARMA MAR;PUT;Jun-27;44,00;76.15;53,92;-0,07;;3
15/09/26;PHARMA MAR;PUT;Jun-27;48,00;76.15;52,34;-0,10;;1
15/09/26;PHARMA MAR;PUT;Jun-27;60,00;76.15;47,61;-0,20;;1
15/09/26;PHARMA MAR;PUT;Jun-27;66,00;76.15;45,25;-0,27;;1
15/09/26;PHARMA MAR;PUT;Jun-27;70,00;76.15;43,67;-0,33;;2
15/09/26;PHARMA MAR;PUT;Jun-27;120,00;76.15;39,71;-0,91;;1
15/09/26;PUIG;CALL;Sep-26;11,00;17.11;37,93;1,00;;1
15/09/26;PUIG;CALL;Sep-26;14,50;17.11;34,86;1,00;;2
15/09/26;PUIG;CALL;Sep-26;16,00;17.11;33,54;0,99;;9
15/09/26;PUIG;CALL;Sep-26;16,50;17.11;33,10;0,89;;1
15/09/26;PUIG;CALL;Sep-26;17,00;17.11;32,67;0,59;;28
15/09/26;PUIG;CALL;Sep-26;17,50;17.11;31,83;0,22;;8.911
15/09/26;PUIG;CALL;Sep-26;18,00;17.11;30,89;0,04;;21
15/09/26;PUIG;CALL;Sep-26;18,50;17.11;29,94;;;17
15/09/26;PUIG;CALL;Sep-26;19,00;17.11;29,00;;;8
15/09/26;PUIG;CALL;Sep-26;19,50;17.11;28,05;;;2
15/09/26;PUIG;CALL;Sep-26;20,00;17.11;27,11;;;14
15/09/26;PUIG;CALL;Sep-26;21,00;17.11;25,22;;;8.553
15/09/26;PUIG;CALL;Oct-26;16,50;17.11;27,67;0,70;10;10
15/09/26;PUIG;CALL;Oct-26;17,00;17.11;27,27;0,56;20;25
15/09/26;PUIG;CALL;Oct-26;18,00;17.11;26,59;0,28;;5
15/09/26;PUIG;CALL;Oct-26;18,50;17.11;26,26;0,17;;6
15/09/26;PUIG;CALL;Oct-26;19,00;17.11;25,93;0,09;;5
15/09/26;PUIG;CALL;Nov-26;18,50;17.11;30,24;0,31;;10
15/09/26;PUIG;CALL;Nov-26;19,00;17.11;30,12;0,24;;2
15/09/26;PUIG;CALL;Dic-26;15,00;17.11;32,14;0,82;;3
15/09/26;PUIG;CALL;Dic-26;16,50;17.11;30,94;0,64;;2
15/09/26;PUIG;CALL;Dic-26;17,00;17.11;30,54;0,56;;10
15/09/26;PUIG;CALL;Dic-26;18,00;17.11;30,36;0,42;6;33
15/09/26;PUIG;CALL;Dic-26;18,50;17.11;30,31;0,35;;6
15/09/26;PUIG;CALL;Dic-26;19,00;17.11;30,27;0,29;;1
15/09/26;PUIG;CALL;Dic-26;19,50;17.11;30,22;0,23;;20
15/09/26;PUIG;CALL;Dic-26;21,00;17.11;30,07;0,11;;6
15/09/26;PUIG;CALL;Dic-26;22,00;17.11;29,97;0,06;;1
15/09/26;PUIG;CALL;Dic-26;23,00;17.11;29,88;0,03;;2
15/09/26;PUIG;CALL;Jun-27;11,00;17.11;33,86;0,96;;5
15/09/26;PUIG;CALL;Jun-27;15,50;17.11;31,05;0,72;;4
15/09/26;PUIG;CALL;Jun-27;16,00;17.11;30,74;0,68;;1
15/09/26;PUIG;CALL;Jun-27;16,50;17.11;30,43;0,64;;2
15/09/26;PUIG;CALL;Jun-27;17,50;17.11;29,93;0,55;;1
15/09/26;PUIG;PUT;Sep-26;12,00;17.11;39,12;;;5
15/09/26;PUIG;PUT;Sep-26;12,50;17.11;38,68;;;149
15/09/26;PUIG;PUT;Sep-26;13,00;17.11;38,24;;;22
15/09/26;PUIG;PUT;Sep-26;13,50;17.11;37,80;;;18
15/09/26;PUIG;PUT;Sep-26;14,00;17.11;37,37;;;42
15/09/26;PUIG;PUT;Sep-26;14,50;17.11;36,93;;;1
15/09/26;PUIG;PUT;Sep-26;15,00;17.11;36,49;;;8.347
15/09/26;PUIG;PUT;Sep-26;15,50;17.11;36,05;;;6
15/09/26;PUIG;PUT;Sep-26;16,00;17.11;35,61;-0,02;1;227
15/09/26;PUIG;PUT;Sep-26;16,50;17.11;35,17;-0,12;;26
15/09/26;PUIG;PUT;Sep-26;17,00;17.11;34,74;-0,41;;8
15/09/26;PUIG;PUT;Sep-26;17,50;17.11;33,90;-0,76;;9
15/09/26;PUIG;PUT;Sep-26;18,00;17.11;32,96;-0,96;;1
15/09/26;PUIG;PUT;Sep-26;18,50;17.11;32,01;-1,00;;10
15/09/26;PUIG;PUT;Oct-26;16,00;17.11;27,53;-0,18;;1
15/09/26;PUIG;PUT;Oct-26;16,50;17.11;27,13;-0,30;;3
15/09/26;PUIG;PUT;Oct-26;17,00;17.11;26,73;-0,44;;15
15/09/26;PUIG;PUT;Nov-26;14,50;17.11;31,82;-0,09;;5
15/09/26;PUIG;PUT;Nov-26;15,00;17.11;31,41;-0,14;;10
15/09/26;PUIG;PUT;Nov-26;15,50;17.11;31,00;-0,20;;10
15/09/26;PUIG;PUT;Nov-26;16,50;17.11;30,18;-0,35;;5
15/09/26;PUIG;PUT;Nov-26;18,00;17.11;29,47;-0,63;;5
15/09/26;PUIG;PUT;Dic-26;11,00;17.11;33,92;;;2
15/09/26;PUIG;PUT;Dic-26;12,00;17.11;33,12;-0,01;;500
15/09/26;PUIG;PUT;Dic-26;12,50;17.11;32,72;-0,02;;5
15/09/26;PUIG;PUT;Dic-26;13,00;17.11;32,32;-0,04;;3
15/09/26;PUIG;PUT;Dic-26;13,50;17.11;31,92;-0,06;;4
15/09/26;PUIG;PUT;Dic-26;14,00;17.11;31,52;-0,09;;47
15/09/26;PUIG;PUT;Dic-26;14,50;17.11;31,12;-0,12;;2.467
15/09/26;PUIG;PUT;Dic-26;15,00;17.11;30,73;-0,17;;26
15/09/26;PUIG;PUT;Dic-26;15,50;17.11;30,33;-0,23;;30
15/09/26;PUIG;PUT;Dic-26;16,00;17.11;29,93;-0,29;1;23
15/09/26;PUIG;PUT;Dic-26;16,50;17.11;29,53;-0,36;;6
15/09/26;PUIG;PUT;Dic-26;17,00;17.11;29,13;-0,44;;13
15/09/26;PUIG;PUT;Dic-26;17,50;17.11;29,00;-0,52;;10
15/09/26;PUIG;PUT;Dic-26;18,00;17.11;28,95;-0,60;;5
15/09/26;PUIG;PUT;Dic-26;21,00;17.11;28,66;-0,93;;6
15/09/26;PUIG;PUT;Mar-27;12,00;17.11;34,75;-0,05;;1
15/09/26;PUIG;PUT;Mar-27;13,00;17.11;34,01;-0,10;;1
15/09/26;PUIG;PUT;Mar-27;13,50;17.11;33,64;-0,12;;5
15/09/26;PUIG;PUT;Mar-27;14,00;17.11;33,27;-0,15;;2
15/09/26;PUIG;PUT;Mar-27;15,00;17.11;32,53;-0,23;;10
15/09/26;PUIG;PUT;Mar-27;15,50;17.11;32,16;-0,28;;7
15/09/26;PUIG;PUT;Mar-27;16,00;17.11;31,79;-0,32;;85
15/09/26;PUIG;PUT;Mar-27;16,50;17.11;31,42;-0,38;;274
15/09/26;PUIG;PUT;Mar-27;17,00;17.11;31,05;-0,43;;10
15/09/26;PUIG;PUT;Mar-27;18,00;17.11;30,97;-0,53;;4
15/09/26;PUIG;PUT;Jun-27;13,00;17.11;31,32;-0,13;1;1
15/09/26;PUIG;PUT;Jun-27;14,00;17.11;30,70;-0,19;;4
15/09/26;PUIG;PUT;Jun-27;15,00;17.11;30,08;-0,27;;5
15/09/26;PUIG;PUT;Jun-27;16,00;17.11;29,45;-0,36;;411
15/09/26;PUIG;PUT;Jun-27;16,50;17.11;29,14;-0,40;;2
15/09/26;PUIG;PUT;Jun-27;17,50;17.11;28,64;-0,49;;1
15/09/26;PUIG;PUT;Jun-27;21,00;17.11;27,55;-0,77;;20
15/09/26;PUIG;PUT;Sep-27;11,00;17.11;30,26;-0,05;;19
15/09/26;PUIG;PUT;Dic-27;15,00;17.11;27,33;-0,28;;4
15/09/26;PUIG;PUT;Dic-27;15,50;17.11;27,15;-0,31;;162
15/09/26;PUIG;PUT;Dic-27;16,00;17.11;26,96;-0,35;;156
15/09/26;PUIG;PUT;Dic-27;16,50;17.11;26,78;-0,39;;151
15/09/26;PUIG;PUT;Mar-28;17,50;17.11;25,88;-0,46;;143
15/09/26;REDEIA;CALL;Sep-26;15,00;14.83;16,56;0,23;;11
15/09/26;REDEIA;CALL;Sep-26;15,50;14.83;15,90;;;14
15/09/26;REDEIA;CALL;Sep-26;16,00;14.83;15,24;;;10
15/09/26;REDEIA;CALL;Sep-26;16,50;14.83;14,58;;;4
15/09/26;REDEIA;CALL;Sep-26;17,00;14.83;13,91;;;35
15/09/26;REDEIA;CALL;Sep-26;17,50;14.83;13,25;;;1
15/09/26;REDEIA;CALL;Sep-26;18,50;14.83;11,92;;;1
15/09/26;REDEIA;CALL;Nov-26;15,50;14.83;16,75;0,30;;1
15/09/26;REDEIA;CALL;Dic-26;14,00;14.83;18,68;0,77;;35
15/09/26;REDEIA;CALL;Dic-26;15,00;14.83;17,37;0,50;;30
15/09/26;REDEIA;CALL;Dic-26;15,50;14.83;16,81;0,35;;21
15/09/26;REDEIA;CALL;Dic-26;16,00;14.83;16,25;0,21;1;265
15/09/26;REDEIA;CALL;Dic-26;16,50;14.83;15,68;0,11;;43
15/09/26;REDEIA;CALL;Dic-26;17,00;14.83;15,12;0,05;;25
15/09/26;REDEIA;CALL;Dic-26;17,50;14.83;14,56;0,02;;26
15/09/26;REDEIA;CALL;Dic-26;18,00;14.83;14,00;;;2
15/09/26;REDEIA;CALL;Mar-27;13,50;14.83;19,66;0,80;;1
15/09/26;REDEIA;CALL;Mar-27;14,00;14.83;19,15;0,71;;20
15/09/26;REDEIA;CALL;Mar-27;15,50;14.83;17,65;0,40;;138
15/09/26;REDEIA;CALL;Mar-27;16,00;14.83;17,15;0,29;;206
15/09/26;REDEIA;CALL;Mar-27;16,50;14.83;16,66;0,20;;27
15/09/26;REDEIA;CALL;Mar-27;17,00;14.83;16,16;0,13;;6
15/09/26;REDEIA;CALL;Mar-27;17,50;14.83;15,67;0,08;127;10
15/09/26;REDEIA;CALL;Jun-27;14,00;14.83;19,63;0,68;;9
15/09/26;REDEIA;CALL;Jun-27;15,50;14.83;18,33;0,44;;10
15/09/26;REDEIA;CALL;Jun-27;16,00;14.83;17,86;0,36;;1
15/09/26;REDEIA;CALL;Jun-27;16,50;14.83;17,38;0,28;;2
15/09/26;REDEIA;CALL;Jun-27;17,00;14.83;16,91;0,21;;6
15/09/26;REDEIA;CALL;Jun-27;18,00;14.83;15,97;0,10;;1
15/09/26;REDEIA;CALL;Sep-27;15,50;14.83;18,43;0,45;;2
15/09/26;REDEIA;CALL;Dic-27;14,50;14.83;19,32;0,60;;278
15/09/26;REDEIA;CALL;Dic-27;18,00;14.83;15,99;0,14;;6
15/09/26;REDEIA;PUT;Sep-26;12,50;14.83;20,63;;;11
15/09/26;REDEIA;PUT;Sep-26;13,00;14.83;19,79;;;9
15/09/26;REDEIA;PUT;Sep-26;13,50;14.83;18,96;;;59
15/09/26;REDEIA;PUT;Sep-26;14,00;14.83;18,13;;;29
15/09/26;REDEIA;PUT;Sep-26;14,50;14.83;17,30;-0,07;;12
15/09/26;REDEIA;PUT;Sep-26;15,00;14.83;16,52;-0,77;6;43
15/09/26;REDEIA;PUT;Sep-26;15,50;14.83;15,86;-1,00;;13
15/09/26;REDEIA;PUT;Sep-26;16,50;14.83;14,54;-1,00;;1
15/09/26;REDEIA;PUT;Oct-26;14,00;14.83;17,10;-0,11;;1
15/09/26;REDEIA;PUT;Oct-26;14,50;14.83;16,33;-0,30;53;78
15/09/26;REDEIA;PUT;Oct-26;15,00;14.83;15,61;-0,58;;57
15/09/26;REDEIA;PUT;Oct-26;15,50;14.83;14,97;-0,84;;4
15/09/26;REDEIA;PUT;Oct-26;16,00;14.83;14,33;-0,99;;3
15/09/26;REDEIA;PUT;Nov-26;13,50;14.83;18,21;-0,10;;10
15/09/26;REDEIA;PUT;Nov-26;14,00;14.83;17,45;-0,19;;37
15/09/26;REDEIA;PUT;Nov-26;14,50;14.83;16,68;-0,34;;1
15/09/26;REDEIA;PUT;Nov-26;15,00;14.83;15,96;-0,54;;5
15/09/26;REDEIA;PUT;Dic-26;11,50;14.83;21,24;-0,01;;20
15/09/26;REDEIA;PUT;Dic-26;12,00;14.83;20,57;-0,02;;10
15/09/26;REDEIA;PUT;Dic-26;12,50;14.83;19,89;-0,04;;15
15/09/26;REDEIA;PUT;Dic-26;13,00;14.83;19,22;-0,07;;13
15/09/26;REDEIA;PUT;Dic-26;13,50;14.83;18,54;-0,14;;93
15/09/26;REDEIA;PUT;Dic-26;14,00;14.83;17,87;-0,23;;122
15/09/26;REDEIA;PUT;Dic-26;14,50;14.83;17,20;-0,36;1;184
15/09/26;REDEIA;PUT;Dic-26;15,00;14.83;16,56;-0,52;;82
15/09/26;REDEIA;PUT;Dic-26;15,50;14.83;16,00;-0,69;;4
15/09/26;REDEIA;PUT;Dic-26;16,00;14.83;15,44;-0,84;;8
15/09/26;REDEIA;PUT;Mar-27;11,50;14.83;20,02;-0,03;;1
15/09/26;REDEIA;PUT;Mar-27;12,00;14.83;19,51;-0,06;;8
15/09/26;REDEIA;PUT;Mar-27;12,50;14.83;19,01;-0,09;;8
15/09/26;REDEIA;PUT;Mar-27;13,00;14.83;18,50;-0,15;;101
15/09/26;REDEIA;PUT;Mar-27;13,50;14.83;18,00;-0,22;;23
15/09/26;REDEIA;PUT;Mar-27;14,00;14.83;17,49;-0,31;;162
15/09/26;REDEIA;PUT;Mar-27;14,50;14.83;16,98;-0,42;;7
15/09/26;REDEIA;PUT;Mar-27;15,00;14.83;16,48;-0,53;;6
15/09/26;REDEIA;PUT;Mar-27;15,50;14.83;15,99;-0,65;3;3
15/09/26;REDEIA;PUT;Mar-27;16,00;14.83;15,49;-0,76;;3
15/09/26;REDEIA;PUT;Mar-27;17,00;14.83;14,50;-0,92;;2
15/09/26;REDEIA;PUT;Jun-27;12,50;14.83;19,01;-0,13;;4
15/09/26;REDEIA;PUT;Jun-27;13,50;14.83;18,20;-0,25;;2
15/09/26;REDEIA;PUT;Jun-27;14,00;14.83;17,79;-0,32;;7
15/09/26;REDEIA;PUT;Jun-27;14,50;14.83;17,39;-0,41;3;56
15/09/26;REDEIA;PUT;Jun-27;15,00;14.83;16,96;-0,51;5;10
15/09/26;REDEIA;PUT;Jun-27;15,50;14.83;16,49;-0,61;;38
15/09/26;REDEIA;PUT;Jun-27;16,00;14.83;16,02;-0,71;;1
15/09/26;REDEIA;PUT;Sep-27;12,50;14.83;18,21;-0,19;;5
15/09/26;REDEIA;PUT;Dic-27;14,00;14.83;16,91;-0,40;;20
15/09/26;REDEIA;PUT;Dic-27;15,00;14.83;16,25;-0,56;;11
15/09/26;REDEIA;PUT;Dic-27;19,00;14.83;12,30;-0,99;;6
15/09/26;REDEIA;PUT;Dic-28;13,00;14.83;17,15;-0,33;;1
15/09/26;REDEIA;PUT;Sep-26;14,00;14.83;18,13;;;1
15/09/26;REDEIA;PUT;Sep-26;14,50;14.83;17,30;-0,07;;6
15/09/26;REDEIA;PUT;Sep-26;15,00;14.83;16,52;-0,77;;1
15/09/26;REDEIA;PUT;Dic-26;13,50;14.83;18,54;-0,13;;4
15/09/26;REDEIA;PUT;Dic-26;15,00;14.83;16,56;-0,50;;6
15/09/26;REDEIA;PUT;Mar-27;14,00;14.83;17,49;-0,30;;2
15/09/26;REDEIA;PUT;Mar-27;14,50;14.83;16,98;-0,40;;5
15/09/26;REDEIA;PUT;Jun-27;14,50;14.83;17,39;-0,38;;5
15/09/26;REPSOL;CALL;Sep-26;16,50;29.38;47,22;1,00;;4
15/09/26;REPSOL;CALL;Sep-26;18,00;29.38;46,11;1,00;;1
15/09/26;REPSOL;CALL;Sep-26;20,00;29.38;44,64;1,00;;17
15/09/26;REPSOL;CALL;Sep-26;20,50;29.38;44,27;1,00;;1
15/09/26;REPSOL;CALL;Sep-26;21,00;29.38;43,90;1,00;;161
15/09/26;REPSOL;CALL;Sep-26;22,00;29.38;43,16;1,00;10;11.888
15/09/26;REPSOL;CALL;Sep-26;23,00;29.38;42,43;1,00;;182
15/09/26;REPSOL;CALL;Sep-26;24,00;29.38;41,69;1,00;;137
15/09/26;REPSOL;CALL;Sep-26;25,00;29.38;40,95;1,00;;522
15/09/26;REPSOL;CALL;Sep-26;26,00;29.38;40,21;1,00;;168
15/09/26;REPSOL;CALL;Sep-26;27,00;29.38;39,48;0,99;4;191
15/09/26;REPSOL;CALL;Sep-26;28,00;29.38;38,74;0,92;8;173
15/09/26;REPSOL;CALL;Sep-26;29,00;29.38;38,00;0,65;;15
15/09/26;REPSOL;CALL;Sep-26;30,00;29.38;37,38;0,28;11;138
15/09/26;REPSOL;CALL;Sep-26;31,00;29.38;36,82;0,06;;101
15/09/26;REPSOL;CALL;Oct-26;23,00;29.38;39,15;0,99;;150
15/09/26;REPSOL;CALL;Oct-26;24,00;29.38;38,41;0,97;;150
15/09/26;REPSOL;CALL;Oct-26;25,00;29.38;37,67;0,94;;150
15/09/26;REPSOL;CALL;Oct-26;26,00;29.38;36,93;0,89;;150
15/09/26;REPSOL;CALL;Oct-26;27,00;29.38;36,20;0,81;4;20
15/09/26;REPSOL;CALL;Oct-26;28,00;29.38;35,46;0,70;;15
15/09/26;REPSOL;CALL;Oct-26;29,00;29.38;34,72;0,58;10;5.002
15/09/26;REPSOL;CALL;Oct-26;30,00;29.38;34,32;0,45;25;225
15/09/26;REPSOL;CALL;Oct-26;31,00;29.38;34,13;0,32;4.000;2.843
15/09/26;REPSOL;CALL;Oct-26;32,00;29.38;33,93;0,21;2;12
15/09/26;REPSOL;CALL;Oct-26;34,00;29.38;33,55;0,08;;43
15/09/26;REPSOL;CALL;Oct-26;35,00;29.38;33,36;0,04;;100
15/09/26;REPSOL;CALL;Nov-26;28,00;29.38;36,88;0,66;;5
15/09/26;REPSOL;CALL;Nov-26;30,00;29.38;35,53;0,49;;100
15/09/26;REPSOL;CALL;Nov-26;32,00;29.38;34,58;0,32;1;6
15/09/26;REPSOL;CALL;Nov-26;33,00;29.38;34,11;0,24;;150
15/09/26;REPSOL;CALL;Dic-26;12,00;29.38;46,17;1,00;;2
15/09/26;REPSOL;CALL;Dic-26;13,00;29.38;45,49;1,00;;10
15/09/26;REPSOL;CALL;Dic-26;15,00;29.38;44,13;1,00;;150
15/09/26;REPSOL;CALL;Dic-26;15,50;29.38;43,79;1,00;;160
15/09/26;REPSOL;CALL;Dic-26;16,00;29.38;43,45;1,00;;150
15/09/26;REPSOL;CALL;Dic-26;16,50;29.38;43,11;1,00;;150
15/09/26;REPSOL;CALL;Dic-26;17,00;29.38;42,77;1,00;;75
15/09/26;REPSOL;CALL;Dic-26;17,50;29.38;42,43;0,99;;48
15/09/26;REPSOL;CALL;Dic-26;18,00;29.38;42,09;0,99;;107
15/09/26;REPSOL;CALL;Dic-26;18,50;29.38;41,75;0,99;;354
15/09/26;REPSOL;CALL;Dic-26;19,00;29.38;41,41;0,99;;15
15/09/26;REPSOL;CALL;Dic-26;19,50;29.38;41,07;0,98;;101
15/09/26;REPSOL;CALL;Dic-26;20,00;29.38;40,73;0,98;;53
15/09/26;REPSOL;CALL;Dic-26;21,00;29.38;40,04;0,96;;7
15/09/26;REPSOL;CALL;Dic-26;22,00;29.38;39,36;0,94;;4.090
15/09/26;REPSOL;CALL;Dic-26;23,00;29.38;38,68;0,92;;12
15/09/26;REPSOL;CALL;Dic-26;24,00;29.38;38,00;0,88;;11.621
15/09/26;REPSOL;CALL;Dic-26;25,00;29.38;37,32;0,84;;78
15/09/26;REPSOL;CALL;Dic-26;26,00;29.38;36,64;0,78;;1.187
15/09/26;REPSOL;CALL;Dic-26;27,00;29.38;35,96;0,72;;13
15/09/26;REPSOL;CALL;Dic-26;28,00;29.38;35,28;0,65;;325
15/09/26;REPSOL;CALL;Dic-26;29,00;29.38;34,60;0,58;;41
15/09/26;REPSOL;CALL;Dic-26;30,00;29.38;34,10;0,50;;73
15/09/26;REPSOL;CALL;Dic-26;31,00;29.38;33,72;0,43;;31
15/09/26;REPSOL;CALL;Dic-26;32,00;29.38;33,33;0,35;10;22
15/09/26;REPSOL;CALL;Mar-27;14,50;29.38;44,06;1,00;;5
15/09/26;REPSOL;CALL;Mar-27;16,00;29.38;42,85;0,99;;15
15/09/26;REPSOL;CALL;Mar-27;16,50;29.38;42,45;0,99;;25
15/09/26;REPSOL;CALL;Mar-27;17,00;29.38;42,04;0,99;;2
15/09/26;REPSOL;CALL;Mar-27;17,50;29.38;41,64;0,98;;32
15/09/26;REPSOL;CALL;Mar-27;18,00;29.38;41,24;0,98;;55
15/09/26;REPSOL;CALL;Mar-27;18,50;29.38;40,83;0,97;;16
15/09/26;REPSOL;CALL;Mar-27;19,00;29.38;40,43;0,97;;35
15/09/26;REPSOL;CALL;Mar-27;19,50;29.38;40,03;0,96;;10
15/09/26;REPSOL;CALL;Mar-27;20,00;29.38;39,63;0,95;;20
15/09/26;REPSOL;CALL;Mar-27;22,00;29.38;38,01;0,91;;27
15/09/26;REPSOL;CALL;Mar-27;23,00;29.38;37,21;0,88;;4.000
15/09/26;REPSOL;CALL;Mar-27;24,00;29.38;36,40;0,84;;324
15/09/26;REPSOL;CALL;Mar-27;25,00;29.38;35,60;0,80;;175
15/09/26;REPSOL;CALL;Mar-27;26,00;29.38;34,79;0,75;;8
15/09/26;REPSOL;CALL;Mar-27;27,00;29.38;33,99;0,70;;29
15/09/26;REPSOL;CALL;Mar-27;28,00;29.38;33,18;0,64;;21
15/09/26;REPSOL;CALL;Mar-27;29,00;29.38;32,38;0,58;;2.015
15/09/26;REPSOL;CALL;Mar-27;30,00;29.38;32,01;0,51;4;6
15/09/26;REPSOL;CALL;Mar-27;31,00;29.38;31,90;0,45;;13
15/09/26;REPSOL;CALL;Mar-27;32,00;29.38;31,80;0,40;;180
15/09/26;REPSOL;CALL;Mar-27;33,00;29.38;31,70;0,34;;5
15/09/26;REPSOL;CALL;Jun-27;11,00;29.38;42,65;1,00;;1
15/09/26;REPSOL;CALL;Jun-27;15,00;29.38;40,11;0,99;;75
15/09/26;REPSOL;CALL;Jun-27;15,50;29.38;39,79;0,99;;50
15/09/26;REPSOL;CALL;Jun-27;16,50;29.38;39,15;0,98;;23
15/09/26;REPSOL;CALL;Jun-27;17,00;29.38;38,84;0,98;;1.019
15/09/26;REPSOL;CALL;Jun-27;17,50;29.38;38,52;0,97;;27
15/09/26;REPSOL;CALL;Jun-27;19,00;29.38;37,56;0,95;;1
15/09/26;REPSOL;CALL;Jun-27;19,50;29.38;37,25;0,94;;1
15/09/26;REPSOL;CALL;Jun-27;23,00;29.38;35,02;0,84;11;27
15/09/26;REPSOL;CALL;Jun-27;24,00;29.38;34,39;0,81;;2
15/09/26;REPSOL;CALL;Jun-27;25,00;29.38;33,75;0,77;;4
15/09/26;REPSOL;CALL;Jun-27;26,00;29.38;33,12;0,72;;8
15/09/26;REPSOL;CALL;Jun-27;27,00;29.38;32,48;0,68;;3
15/09/26;REPSOL;CALL;Jun-27;28,00;29.38;31,85;0,63;;100
15/09/26;REPSOL;CALL;Jun-27;30,00;29.38;30,93;0,53;;33
15/09/26;REPSOL;CALL;Jun-27;32,00;29.38;30,79;0,43;3;3
15/09/26;REPSOL;CALL;Sep-27;15,50;29.38;39,61;0,99;;1
15/09/26;REPSOL;CALL;Sep-27;18,00;29.38;38,08;0,96;;3.000
15/09/26;REPSOL;CALL;Sep-27;18,50;29.38;37,78;0,95;;3.000
15/09/26;REPSOL;CALL;Sep-27;20,00;29.38;36,86;0,92;;2.000
15/09/26;REPSOL;CALL;Sep-27;21,00;29.38;36,24;0,89;;6
15/09/26;REPSOL;CALL;Sep-27;22,00;29.38;35,63;0,86;;5
15/09/26;REPSOL;CALL;Sep-27;24,00;29.38;34,41;0,79;;17
15/09/26;REPSOL;CALL;Sep-27;27,00;29.38;32,57;0,67;;1
15/09/26;REPSOL;CALL;Dic-27;12,00;29.38;41,66;1,00;;2
15/09/26;REPSOL;CALL;Dic-27;14,00;29.38;40,39;0,99;;1.400
15/09/26;REPSOL;CALL;Dic-27;15,00;29.38;39,76;0,99;;149
15/09/26;REPSOL;CALL;Dic-27;15,50;29.38;39,44;0,98;;2
15/09/26;REPSOL;CALL;Dic-27;16,00;29.38;39,12;0,98;;3
15/09/26;REPSOL;CALL;Dic-27;16,50;29.38;38,80;0,97;;1.528
15/09/26;REPSOL;CALL;Dic-27;17,00;29.38;38,49;0,96;;24
15/09/26;REPSOL;CALL;Dic-27;17,50;29.38;38,17;0,95;;2
15/09/26;REPSOL;CALL;Dic-27;18,00;29.38;37,85;0,94;;3
15/09/26;REPSOL;CALL;Dic-27;19,50;29.38;36,90;0,91;;5
15/09/26;REPSOL;CALL;Dic-27;20,00;29.38;36,58;0,90;;10.000
15/09/26;REPSOL;CALL;Dic-27;23,00;29.38;34,67;0,81;;4
15/09/26;REPSOL;CALL;Dic-27;24,00;29.38;34,04;0,77;;5.000
15/09/26;REPSOL;CALL;Dic-27;25,00;29.38;33,40;0,74;;1
15/09/26;REPSOL;CALL;Dic-27;27,00;29.38;32,13;0,67;;20
15/09/26;REPSOL;CALL;Dic-27;30,00;29.38;30,61;0,55;;10.000
15/09/26;REPSOL;CALL;Dic-27;35,00;29.38;30,56;0,37;;1
15/09/26;REPSOL;CALL;Mar-28;16,50;29.38;37,90;0,97;;1
15/09/26;REPSOL;CALL;Mar-28;18,00;29.38;37,00;0,94;;1
15/09/26;REPSOL;CALL;Mar-28;19,00;29.38;36,40;0,92;;5
15/09/26;REPSOL;CALL;Mar-28;24,00;29.38;33,40;0,77;;6
15/09/26;REPSOL;CALL;Mar-28;25,00;29.38;32,79;0,74;;1.000
15/09/26;REPSOL;CALL;Mar-28;26,00;29.38;32,19;0,70;;2.000
15/09/26;REPSOL;CALL;Mar-28;27,00;29.38;31,59;0,66;;2.000
15/09/26;REPSOL;CALL;Mar-28;32,00;29.38;30,13;0,48;;5.000
15/09/26;REPSOL;CALL;Mar-28;33,00;29.38;30,12;0,44;;1.800
15/09/26;REPSOL;CALL;Jun-28;10,00;29.38;40,94;1,00;;10
15/09/26;REPSOL;CALL;Jun-28;19,00;29.38;36,04;0,91;;6
15/09/26;REPSOL;CALL;Jun-28;20,00;29.38;35,50;0,88;;10
15/09/26;REPSOL;CALL;Jun-28;22,00;29.38;34,41;0,82;;4
15/09/26;REPSOL;CALL;Jun-28;24,00;29.38;33,32;0,76;;2.500
15/09/26;REPSOL;CALL;Jun-28;32,00;29.38;30,30;0,49;;1.002
15/09/26;REPSOL;CALL;Jun-28;34,00;29.38;30,23;0,43;;1.000
15/09/26;REPSOL;CALL;Jun-28;36,00;29.38;30,16;0,37;;1.500
15/09/26;REPSOL;CALL;Sep-28;18,50;29.38;36,04;0,92;;1
15/09/26;REPSOL;CALL;Dic-28;16,00;29.38;36,67;0,97;;2.000
15/09/26;REPSOL;CALL;Dic-28;24,00;29.38;33,04;0,75;;1.520
15/09/26;REPSOL;CALL;Dic-28;27,00;29.38;31,68;0,66;;11
15/09/26;REPSOL;CALL;Dic-28;29,00;29.38;30,77;0,60;;8
15/09/26;REPSOL;CALL;Dic-28;34,00;29.38;30,44;0,46;;1
15/09/26;REPSOL;CALL;Dic-29;10,00;29.38;37,08;1,00;;200
15/09/26;REPSOL;CALL;Dic-29;11,50;29.38;36,60;1,00;;1
15/09/26;REPSOL;CALL;Dic-29;12,00;29.38;36,44;1,00;;1
15/09/26;REPSOL;CALL;Dic-29;12,50;29.38;36,28;1,00;;3
15/09/26;REPSOL;CALL;Dic-29;17,00;29.38;34,85;0,94;;25
15/09/26;REPSOL;CALL;Dic-30;22,00;29.38;32,88;0,79;;1.500
15/09/26;REPSOL;CALL;Dic-30;26,00;29.38;31,93;0,69;;3.000
15/09/26;REPSOL;PUT;Sep-26;6,75;29.38;53,89;;;2
15/09/26;REPSOL;PUT;Sep-26;10,50;29.38;51,12;;;9
15/09/26;REPSOL;PUT;Sep-26;11,00;29.38;50,75;;;30
15/09/26;REPSOL;PUT;Sep-26;11,50;29.38;50,39;;;51
15/09/26;REPSOL;PUT;Sep-26;12,00;29.38;50,02;;;295
15/09/26;REPSOL;PUT;Sep-26;12,50;29.38;49,65;;;80
15/09/26;REPSOL;PUT;Sep-26;13,00;29.38;49,28;;;119
15/09/26;REPSOL;PUT;Sep-26;13,50;29.38;48,91;;;12
15/09/26;REPSOL;PUT;Sep-26;14,00;29.38;48,54;;;143
15/09/26;REPSOL;PUT;Sep-26;14,50;29.38;48,17;;;277
15/09/26;REPSOL;PUT;Sep-26;15,00;29.38;47,80;;;35
15/09/26;REPSOL;PUT;Sep-26;15,50;29.38;47,44;;;6
15/09/26;REPSOL;PUT;Sep-26;16,00;29.38;47,07;;;10
15/09/26;REPSOL;PUT;Sep-26;16,50;29.38;46,70;;;200
15/09/26;REPSOL;PUT;Sep-26;17,00;29.38;46,33;;;654
15/09/26;REPSOL;PUT;Sep-26;17,50;29.38;45,96;;;204
15/09/26;REPSOL;PUT;Sep-26;18,00;29.38;45,59;;;15.360
15/09/26;REPSOL;PUT;Sep-26;18,50;29.38;45,22;;;211
15/09/26;REPSOL;PUT;Sep-26;19,00;29.38;44,85;;;14
15/09/26;REPSOL;PUT;Sep-26;19,50;29.38;44,49;;;104
15/09/26;REPSOL;PUT;Sep-26;20,00;29.38;44,12;;;8
15/09/26;REPSOL;PUT;Sep-26;20,50;29.38;43,75;;;5
15/09/26;REPSOL;PUT;Sep-26;21,00;29.38;43,38;;;1.504
15/09/26;REPSOL;PUT;Sep-26;22,00;29.38;42,64;;;1.105
15/09/26;REPSOL;PUT;Sep-26;23,00;29.38;41,91;;;200
15/09/26;REPSOL;PUT;Sep-26;24,00;29.38;41,17;;;47
15/09/26;REPSOL;PUT;Sep-26;25,00;29.38;40,43;;;413
15/09/26;REPSOL;PUT;Sep-26;26,00;29.38;39,69;;;168
15/09/26;REPSOL;PUT;Sep-26;26,50;29.38;39,32;;;5
15/09/26;REPSOL;PUT;Sep-26;27,00;29.38;38,96;-0,01;2;321
15/09/26;REPSOL;PUT;Sep-26;27,50;29.38;38,59;-0,03;10;12
15/09/26;REPSOL;PUT;Sep-26;28,00;29.38;38,22;-0,08;;25
15/09/26;REPSOL;PUT;Sep-26;28,50;29.38;37,85;-0,18;1;3
15/09/26;REPSOL;PUT;Sep-26;29,00;29.38;37,48;-0,34;;6
15/09/26;REPSOL;PUT;Sep-26;29,50;29.38;37,13;-0,54;;11
15/09/26;REPSOL;PUT;Oct-26;22,00;29.38;38,41;;;2
15/09/26;REPSOL;PUT;Oct-26;23,00;29.38;37,68;-0,01;;2
15/09/26;REPSOL;PUT;Oct-26;24,00;29.38;36,94;-0,03;;109
15/09/26;REPSOL;PUT;Oct-26;25,00;29.38;36,20;-0,06;;11
15/09/26;REPSOL;PUT;Oct-26;26,00;29.38;35,46;-0,11;;22
15/09/26;REPSOL;PUT;Oct-26;27,00;29.38;34,73;-0,18;50;176
15/09/26;REPSOL;PUT;Oct-26;28,00;29.38;33,99;-0,29;4.755;4.016
15/09/26;REPSOL;PUT;Oct-26;29,00;29.38;33,25;-0,42;2;6
15/09/26;REPSOL;PUT;Oct-26;30,00;29.38;32,85;-0,56;1;1
15/09/26;REPSOL;PUT;Oct-26;31,00;29.38;32,66;-0,69;20;20
15/09/26;REPSOL;PUT;Nov-26;24,00;29.38;37,12;-0,08;;567
15/09/26;REPSOL;PUT;Nov-26;25,00;29.38;36,36;-0,13;;10
15/09/26;REPSOL;PUT;Nov-26;26,00;29.38;35,60;-0,18;;6
15/09/26;REPSOL;PUT;Nov-26;37,00;29.38;29,40;-0,99;2;2
15/09/26;REPSOL;PUT;Dic-26;8,00;29.38;47,05;;;9.500
15/09/26;REPSOL;PUT;Dic-26;8,75;29.38;46,54;;;1
15/09/26;REPSOL;PUT;Dic-26;9,00;29.38;46,37;;;13.015
15/09/26;REPSOL;PUT;Dic-26;9,50;29.38;46,03;;;750
15/09/26;REPSOL;PUT;Dic-26;10,00;29.38;45,69;;;34.000
15/09/26;REPSOL;PUT;Dic-26;10,50;29.38;45,35;;;1.000
15/09/26;REPSOL;PUT;Dic-26;11,00;29.38;45,01;;;15.621
15/09/26;REPSOL;PUT;Dic-26;11,50;29.38;44,67;;;3.187
15/09/26;REPSOL;PUT;Dic-26;12,00;29.38;44,33;;;15.760
15/09/26;REPSOL;PUT;Dic-26;12,50;29.38;43,99;;;156
15/09/26;REPSOL;PUT;Dic-26;13,00;29.38;43,65;;;12.000
15/09/26;REPSOL;PUT;Dic-26;13,50;29.38;43,31;;;1
15/09/26;REPSOL;PUT;Dic-26;14,00;29.38;42,97;;;11.025
15/09/26;REPSOL;PUT;Dic-26;14,50;29.38;42,63;;;224
15/09/26;REPSOL;PUT;Dic-26;15,00;29.38;42,29;;;4.184
15/09/26;REPSOL;PUT;Dic-26;15,50;29.38;41,95;;;21.501
15/09/26;REPSOL;PUT;Dic-26;16,00;29.38;41,61;;;2.160
15/09/26;REPSOL;PUT;Dic-26;16,50;29.38;41,27;;;161
15/09/26;REPSOL;PUT;Dic-26;17,00;29.38;40,93;;;136
15/09/26;REPSOL;PUT;Dic-26;17,50;29.38;40,59;;;160
15/09/26;REPSOL;PUT;Dic-26;18,00;29.38;40,25;-0,01;;26
15/09/26;REPSOL;PUT;Dic-26;18,50;29.38;39,91;-0,01;;1
15/09/26;REPSOL;PUT;Dic-26;19,00;29.38;39,57;-0,01;;4.102
15/09/26;REPSOL;PUT;Dic-26;19,50;29.38;39,23;-0,01;;116
15/09/26;REPSOL;PUT;Dic-26;20,00;29.38;38,89;-0,02;;2.035
15/09/26;REPSOL;PUT;Dic-26;20,50;29.38;38,54;-0,02;;4
15/09/26;REPSOL;PUT;Dic-26;21,00;29.38;38,20;-0,03;;293
15/09/26;REPSOL;PUT;Dic-26;22,00;29.38;37,52;-0,05;;74
15/09/26;REPSOL;PUT;Dic-26;23,00;29.38;36,84;-0,08;;136
15/09/26;REPSOL;PUT;Dic-26;24,00;29.38;36,16;-0,11;1;47
15/09/26;REPSOL;PUT;Dic-26;25,00;29.38;35,48;-0,15;;18
15/09/26;REPSOL;PUT;Dic-26;26,00;29.38;34,80;-0,21;;5.032
15/09/26;REPSOL;PUT;Dic-26;27,00;29.38;34,12;-0,27;;184
15/09/26;REPSOL;PUT;Dic-26;28,00;29.38;33,44;-0,34;;824
15/09/26;REPSOL;PUT;Dic-26;33,00;29.38;31,10;-0,74;;10
15/09/26;REPSOL;PUT;Mar-27;7,25;29.38;48,28;;;4
15/09/26;REPSOL;PUT;Mar-27;8,00;29.38;47,67;;;1
15/09/26;REPSOL;PUT;Mar-27;10,00;29.38;46,06;;;245
15/09/26;REPSOL;PUT;Mar-27;11,50;29.38;44,85;;;216
15/09/26;REPSOL;PUT;Mar-27;12,00;29.38;44,45;;;210
15/09/26;REPSOL;PUT;Mar-27;12,50;29.38;44,05;;;401
15/09/26;REPSOL;PUT;Mar-27;13,50;29.38;43,24;;;4
15/09/26;REPSOL;PUT;Mar-27;14,00;29.38;42,84;-0,01;;55
15/09/26;REPSOL;PUT;Mar-27;14,50;29.38;42,44;-0,01;;100
15/09/26;REPSOL;PUT;Mar-27;15,00;29.38;42,03;-0,01;;140
15/09/26;REPSOL;PUT;Mar-27;15,50;29.38;41,63;-0,01;;250
15/09/26;REPSOL;PUT;Mar-27;16,00;29.38;41,23;-0,01;;754
15/09/26;REPSOL;PUT;Mar-27;16,50;29.38;40,83;-0,02;;25
15/09/26;REPSOL;PUT;Mar-27;17,00;29.38;40,42;-0,02;;75
15/09/26;REPSOL;PUT;Mar-27;18,00;29.38;39,62;-0,03;;20
15/09/26;REPSOL;PUT;Mar-27;18,50;29.38;39,21;-0,04;;6
15/09/26;REPSOL;PUT;Mar-27;19,00;29.38;38,81;-0,05;;250
15/09/26;REPSOL;PUT;Mar-27;20,00;29.38;38,01;-0,06;;300
15/09/26;REPSOL;PUT;Mar-27;20,50;29.38;37,60;-0,07;;150
15/09/26;REPSOL;PUT;Mar-27;21,00;29.38;37,20;-0,08;;210
15/09/26;REPSOL;PUT;Mar-27;22,00;29.38;36,39;-0,11;;22
15/09/26;REPSOL;PUT;Mar-27;23,00;29.38;35,59;-0,14;;10
15/09/26;REPSOL;PUT;Mar-27;24,00;29.38;34,78;-0,18;5;5
15/09/26;REPSOL;PUT;Mar-27;25,00;29.38;33,98;-0,22;;119
15/09/26;REPSOL;PUT;Mar-27;26,00;29.38;33,17;-0,27;;18
15/09/26;REPSOL;PUT;Mar-27;27,00;29.38;32,37;-0,33;;30
15/09/26;REPSOL;PUT;Mar-27;28,00;29.38;31,56;-0,38;;2
15/09/26;REPSOL;PUT;Mar-27;29,00;29.38;30,76;-0,45;;1
15/09/26;REPSOL;PUT;Mar-27;30,00;29.38;30,39;-0,51;1;1
15/09/26;REPSOL;PUT;Mar-27;31,00;29.38;30,28;-0,57;;1
15/09/26;REPSOL;PUT;Jun-27;8,00;29.38;43,46;;;25.000
15/09/26;REPSOL;PUT;Jun-27;9,50;29.38;42,51;;;40
15/09/26;REPSOL;PUT;Jun-27;10,00;29.38;42,19;;;10
15/09/26;REPSOL;PUT;Jun-27;10,50;29.38;41,88;;;2
15/09/26;REPSOL;PUT;Jun-27;11,50;29.38;41,24;;;80
15/09/26;REPSOL;PUT;Jun-27;12,00;29.38;40,92;;;210
15/09/26;REPSOL;PUT;Jun-27;12,50;29.38;40,60;;;200
15/09/26;REPSOL;PUT;Jun-27;13,00;29.38;40,29;-0,01;;5.010
15/09/26;REPSOL;PUT;Jun-27;13,50;29.38;39,97;-0,01;;183
15/09/26;REPSOL;PUT;Jun-27;14,00;29.38;39,65;-0,01;;38
15/09/26;REPSOL;PUT;Jun-27;14,50;29.38;39,33;-0,01;;20
15/09/26;REPSOL;PUT;Jun-27;15,00;29.38;39,02;-0,02;;20
15/09/26;REPSOL;PUT;Jun-27;16,00;29.38;38,38;-0,02;;95
15/09/26;REPSOL;PUT;Jun-27;18,00;29.38;37,11;-0,05;;50
15/09/26;REPSOL;PUT;Jun-27;19,50;29.38;36,16;-0,07;;100
15/09/26;REPSOL;PUT;Jun-27;20,00;29.38;35,84;-0,08;;30
15/09/26;REPSOL;PUT;Jun-27;21,00;29.38;35,20;-0,11;;2
15/09/26;REPSOL;PUT;Jun-27;22,00;29.38;34,57;-0,13;;2
15/09/26;REPSOL;PUT;Jun-27;23,00;29.38;33,93;-0,16;;2
15/09/26;REPSOL;PUT;Jun-27;24,00;29.38;33,30;-0,20;;1
15/09/26;REPSOL;PUT;Jun-27;25,00;29.38;32,66;-0,24;;2
15/09/26;REPSOL;PUT;Jun-27;26,00;29.38;32,03;-0,28;;2
15/09/26;REPSOL;PUT;Jun-27;28,00;29.38;30,76;-0,38;;10
15/09/26;REPSOL;PUT;Sep-27;10,50;29.38;41,32;;;100
15/09/26;REPSOL;PUT;Sep-27;11,00;29.38;41,01;;;101
15/09/26;REPSOL;PUT;Sep-27;11,50;29.38;40,70;-0,01;;100
15/09/26;REPSOL;PUT;Sep-27;12,00;29.38;40,40;-0,01;;104
15/09/26;REPSOL;PUT;Sep-27;14,00;29.38;39,17;-0,02;;25
15/09/26;REPSOL;PUT;Sep-27;14,50;29.38;38,87;-0,02;;420
15/09/26;REPSOL;PUT;Sep-27;15,00;29.38;38,56;-0,03;;2
15/09/26;REPSOL;PUT;Sep-27;15,50;29.38;38,25;-0,03;;159
15/09/26;REPSOL;PUT;Sep-27;18,00;29.38;36,72;-0,07;;1.000
15/09/26;REPSOL;PUT;Sep-27;19,00;29.38;36,11;-0,09;;5
15/09/26;REPSOL;PUT;Sep-27;24,00;29.38;33,05;-0,23;;1
15/09/26;REPSOL;PUT;Sep-27;25,00;29.38;32,43;-0,27;;1
15/09/26;REPSOL;PUT;Dic-27;7,75;29.38;42,03;;;234
15/09/26;REPSOL;PUT;Dic-27;8,00;29.38;41,87;;;23.000
15/09/26;REPSOL;PUT;Dic-27;8,50;29.38;41,56;;;8.000
15/09/26;REPSOL;PUT;Dic-27;9,00;29.38;41,24;;;7.000
15/09/26;REPSOL;PUT;Dic-27;9,75;29.38;40,76;;;62
15/09/26;REPSOL;PUT;Dic-27;10,00;29.38;40,60;;;11.028
15/09/26;REPSOL;PUT;Dic-27;10,50;29.38;40,29;-0,01;;12.938
15/09/26;REPSOL;PUT;Dic-27;11,00;29.38;39,97;-0,01;;27.620
15/09/26;REPSOL;PUT;Dic-27;12,00;29.38;39,33;-0,01;;1
15/09/26;REPSOL;PUT;Dic-27;12,50;29.38;39,01;-0,01;;25
15/09/26;REPSOL;PUT;Dic-27;13,00;29.38;38,70;-0,02;;266
15/09/26;REPSOL;PUT;Dic-27;14,00;29.38;38,06;-0,03;;15.000
15/09/26;REPSOL;PUT;Dic-27;14,50;29.38;37,74;-0,03;;7
15/09/26;REPSOL;PUT;Dic-27;15,00;29.38;37,43;-0,04;;7.001
15/09/26;REPSOL;PUT;Dic-27;16,00;29.38;36,79;-0,05;;30.000
15/09/26;REPSOL;PUT;Dic-27;16,50;29.38;36,47;-0,05;;1.525
15/09/26;REPSOL;PUT;Dic-27;17,00;29.38;36,16;-0,06;;25
15/09/26;REPSOL;PUT;Dic-27;18,00;29.38;35,52;-0,08;;101
15/09/26;REPSOL;PUT;Dic-27;19,00;29.38;34,88;-0,10;;3
15/09/26;REPSOL;PUT;Dic-27;20,00;29.38;34,25;-0,12;;13
15/09/26;REPSOL;PUT;Dic-27;21,00;29.38;33,61;-0,14;;50
15/09/26;REPSOL;PUT;Dic-27;22,00;29.38;32,98;-0,17;;20
15/09/26;REPSOL;PUT;Dic-27;23,00;29.38;32,34;-0,20;;9
15/09/26;REPSOL;PUT;Dic-27;24,00;29.38;31,71;-0,23;;510
15/09/26;REPSOL;PUT;Dic-27;25,00;29.38;31,07;-0,27;;1
15/09/26;REPSOL;PUT;Dic-27;26,00;29.38;30,44;-0,31;;3
15/09/26;REPSOL;PUT;Mar-28;12,00;29.38;37,38;-0,02;;1.000
15/09/26;REPSOL;PUT;Mar-28;13,50;29.38;36,48;-0,03;;1.000
15/09/26;REPSOL;PUT;Mar-28;18,00;29.38;33,77;-0,09;;151
15/09/26;REPSOL;PUT;Mar-28;21,00;29.38;31,97;-0,16;;120
15/09/26;REPSOL;PUT;Mar-28;22,00;29.38;31,37;-0,18;;114
15/09/26;REPSOL;PUT;Mar-28;26,00;29.38;28,96;-0,32;;25
15/09/26;REPSOL;PUT;Jun-28;18,00;29.38;33,00;-0,09;;4.000
15/09/26;REPSOL;PUT;Jun-28;19,50;29.38;32,18;-0,12;;1
15/09/26;REPSOL;PUT;Jun-28;20,00;29.38;31,91;-0,14;;3.000
15/09/26;REPSOL;PUT;Jun-28;21,00;29.38;31,36;-0,16;;120
15/09/26;REPSOL;PUT;Jun-28;22,00;29.38;30,82;-0,19;;6.500
15/09/26;REPSOL;PUT;Jun-28;23,00;29.38;30,27;-0,22;;107
15/09/26;REPSOL;PUT;Sep-28;18,00;29.38;32,53;-0,11;;300
15/09/26;REPSOL;PUT;Dic-28;9,00;29.38;35,89;-0,01;;40.500
15/09/26;REPSOL;PUT;Dic-28;10,00;29.38;35,44;-0,01;;10.000
15/09/26;REPSOL;PUT;Dic-28;11,50;29.38;34,75;-0,02;;1.000
15/09/26;REPSOL;PUT;Dic-28;14,50;29.38;33,39;-0,05;;1
15/09/26;REPSOL;PUT;Dic-28;15,00;29.38;33,17;-0,06;;30.250
15/09/26;REPSOL;PUT;Dic-28;18,00;29.38;31,80;-0,11;;1.000
15/09/26;REPSOL;PUT;Dic-28;19,50;29.38;31,12;-0,14;;1
15/09/26;REPSOL;PUT;Dic-28;23,00;29.38;29,54;-0,23;;1
15/09/26;REPSOL;PUT;Dic-28;24,00;29.38;29,08;-0,26;;1.524
15/09/26;REPSOL;PUT;Dic-28;26,00;29.38;28,17;-0,33;;9
15/09/26;REPSOL;PUT;Dic-28;36,00;29.38;26,41;-0,65;;5
15/09/26;REPSOL;PUT;Jun-29;11,00;29.38;33,64;-0,02;;140
15/09/26;REPSOL;PUT;Dic-29;7,75;29.38;33,34;-0,01;;30.000
15/09/26;REPSOL;PUT;Dic-29;8,00;29.38;33,26;-0,01;;17.000
15/09/26;REPSOL;PUT;Dic-29;11,00;29.38;32,31;-0,03;;20.000
15/09/26;REPSOL;PUT;Dic-29;11,50;29.38;32,15;-0,03;;17.000
15/09/26;REPSOL;PUT;Dic-29;12,50;29.38;31,83;-0,04;;800
15/09/26;REPSOL;PUT;Dic-29;28,00;29.38;26,91;-0,39;;25
15/09/26;REPSOL;PUT;Dic-30;14,00;29.38;30,01;-0,07;;3.000
15/09/26;REPSOL;PUT;Dic-30;18,50;29.38;28,94;-0,16;;3.000
15/09/26;REPSOL;CALL;Sep-26;14,00;29.38;49,06;1,00;;1
15/09/26;REPSOL;CALL;Sep-26;14,50;29.38;48,69;1,00;;1
15/09/26;REPSOL;CALL;Sep-26;22,00;29.38;43,16;1,00;;69
15/09/26;REPSOL;CALL;Sep-26;22,00;29.38;43,16;1,00;;10
15/09/26;REPSOL;CALL;Sep-26;23,00;29.38;42,43;1,00;;20
15/09/26;REPSOL;CALL;Sep-26;24,00;29.38;41,69;1,00;;1
15/09/26;REPSOL;CALL;Sep-26;24,00;29.38;41,69;1,00;;10
15/09/26;REPSOL;CALL;Sep-26;25,00;29.38;40,95;1,00;;10
15/09/26;REPSOL;CALL;Sep-26;26,00;29.38;40,21;1,00;;19
15/09/26;REPSOL;CALL;Sep-26;26,00;29.38;40,21;1,00;;10
15/09/26;REPSOL;CALL;Sep-26;27,00;29.38;39,48;0,99;5;20
15/09/26;REPSOL;CALL;Sep-26;28,00;29.38;38,74;0,92;;10
15/09/26;REPSOL;CALL;Sep-26;28,00;29.38;38,74;0,92;;20
15/09/26;REPSOL;CALL;Sep-26;29,00;29.38;38,00;0,65;;20
15/09/26;REPSOL;CALL;Sep-26;29,00;29.38;38,00;0,65;;8
15/09/26;REPSOL;CALL;Oct-26;20,00;29.38;41,36;1,00;;6
15/09/26;REPSOL;CALL;Oct-26;28,00;29.38;35,46;0,70;;6
15/09/26;REPSOL;CALL;Oct-26;29,00;29.38;34,72;0,58;;5
15/09/26;REPSOL;CALL;Oct-26;30,00;29.38;34,32;0,44;;3
15/09/26;REPSOL;CALL;Nov-26;29,00;29.38;36,12;0,57;;25
15/09/26;REPSOL;CALL;Nov-26;30,00;29.38;35,53;0,49;5;10
15/09/26;REPSOL;CALL;Dic-26;14,50;29.38;44,47;0,99;;1
15/09/26;REPSOL;CALL;Dic-26;15,00;29.38;44,13;0,99;;33
15/09/26;REPSOL;CALL;Dic-26;17,00;29.38;42,77;0,99;;7
15/09/26;REPSOL;CALL;Dic-26;18,00;29.38;42,09;0,99;;26
15/09/26;REPSOL;CALL;Dic-26;21,00;29.38;40,04;0,96;;10
15/09/26;REPSOL;CALL;Dic-26;23,00;29.38;38,68;0,91;;6
15/09/26;REPSOL;CALL;Dic-26;24,00;29.38;38,00;0,87;;98
15/09/26;REPSOL;CALL;Dic-26;24,00;29.38;38,00;0,87;;10
15/09/26;REPSOL;CALL;Dic-26;25,00;29.38;37,32;0,83;;17
15/09/26;REPSOL;CALL;Dic-26;26,00;29.38;36,64;0,78;;80
15/09/26;REPSOL;CALL;Dic-26;26,00;29.38;36,64;0,78;;20
15/09/26;REPSOL;CALL;Dic-26;27,00;29.38;35,96;0,72;;16
15/09/26;REPSOL;CALL;Dic-26;28,00;29.38;35,28;0,65;;20
15/09/26;REPSOL;CALL;Mar-27;22,00;29.38;38,01;0,87;;5
15/09/26;REPSOL;CALL;Mar-27;23,00;29.38;37,21;0,84;;1
15/09/26;REPSOL;CALL;Mar-27;24,00;29.38;36,40;0,80;;6
15/09/26;REPSOL;CALL;Mar-27;25,00;29.38;35,60;0,76;;5
15/09/26;REPSOL;CALL;Mar-27;26,00;29.38;34,79;0,72;;5
15/09/26;REPSOL;CALL;Jun-27;23,00;29.38;35,02;0,81;;4
15/09/26;REPSOL;CALL;Jun-27;28,00;29.38;31,85;0,61;;15
15/09/26;REPSOL;CALL;Dic-27;12,00;29.38;41,66;0,95;;15.000
15/09/26;REPSOL;CALL;Dic-27;16,00;29.38;39,12;0,91;;7
15/09/26;REPSOL;CALL;Dic-27;31,00;29.38;30,60;0,49;;6
15/09/26;REPSOL;CALL;Jun-28;26,00;29.38;32,23;0,65;;1
15/09/26;REPSOL;CALL;Dic-28;15,25;29.38;37,01;0,86;;750
15/09/26;REPSOL;CALL;Jun-29;26,00;29.38;32,36;0,62;;1
15/09/26;REPSOL;PUT;Sep-26;11,00;29.38;50,75;;;1.200
15/09/26;REPSOL;PUT;Sep-26;16,00;29.38;47,07;;;10
15/09/26;REPSOL;PUT;Sep-26;18,00;29.38;45,59;;;5
15/09/26;REPSOL;PUT;Sep-26;19,00;29.38;44,85;;;15
15/09/26;REPSOL;PUT;Sep-26;19,50;29.38;44,49;;;10
15/09/26;REPSOL;PUT;Sep-26;23,00;29.38;41,91;;;5
15/09/26;REPSOL;PUT;Sep-26;24,00;29.38;41,17;;;20
15/09/26;REPSOL;PUT;Sep-26;24,00;29.38;41,17;;;2
15/09/26;REPSOL;PUT;Sep-26;25,00;29.38;40,43;;;2
15/09/26;REPSOL;PUT;Sep-26;26,00;29.38;39,69;;;35
15/09/26;REPSOL;PUT;Sep-26;27,00;29.38;38,96;-0,01;;15
15/09/26;REPSOL;PUT;Sep-26;28,00;29.38;38,22;-0,08;;50
15/09/26;REPSOL;PUT;Sep-26;29,00;29.38;37,48;-0,34;;20
15/09/26;REPSOL;PUT;Sep-26;29,00;29.38;37,48;-0,34;;1
15/09/26;REPSOL;PUT;Oct-26;25,00;29.38;36,20;-0,06;;5
15/09/26;REPSOL;PUT;Oct-26;26,00;29.38;35,46;-0,11;;5
15/09/26;REPSOL;PUT;Oct-26;27,00;29.38;34,73;-0,18;;10
15/09/26;REPSOL;PUT;Oct-26;27,00;29.38;34,73;-0,18;;30
15/09/26;REPSOL;PUT;Nov-26;24,00;29.38;37,12;-0,08;;6
15/09/26;REPSOL;PUT;Nov-26;27,00;29.38;34,84;-0,25;5;5
15/09/26;REPSOL;PUT;Dic-26;11,00;29.38;45,01;;;1
15/09/26;REPSOL;PUT;Dic-26;13,50;29.38;43,31;;;150
15/09/26;REPSOL;PUT;Dic-26;14,50;29.38;42,63;;;150
15/09/26;REPSOL;PUT;Dic-26;15,00;29.38;42,29;;;1
15/09/26;REPSOL;PUT;Dic-26;15,50;29.38;41,95;;;450
15/09/26;REPSOL;PUT;Dic-26;17,00;29.38;40,93;;;154
15/09/26;REPSOL;PUT;Dic-26;18,00;29.38;40,25;-0,01;;7
15/09/26;REPSOL;PUT;Dic-26;20,00;29.38;38,89;-0,02;;20
15/09/26;REPSOL;PUT;Dic-26;21,00;29.38;38,20;-0,03;;10
15/09/26;REPSOL;PUT;Dic-26;22,00;29.38;37,52;-0,05;;10
15/09/26;REPSOL;PUT;Dic-26;22,00;29.38;37,52;-0,05;;15
15/09/26;REPSOL;PUT;Dic-26;24,00;29.38;36,16;-0,11;;36
15/09/26;REPSOL;PUT;Dic-26;25,00;29.38;35,48;-0,15;;30
15/09/26;REPSOL;PUT;Dic-26;26,00;29.38;34,80;-0,21;;40
15/09/26;REPSOL;PUT;Dic-26;30,00;29.38;32,26;-0,50;;10
15/09/26;REPSOL;PUT;Mar-27;11,50;29.38;44,85;;;1
15/09/26;REPSOL;PUT;Jun-27;24,00;29.38;33,30;-0,19;;5
15/09/26;REPSOL;PUT;Sep-27;17,00;29.38;37,33;-0,05;;5
15/09/26;REPSOL;PUT;Dic-28;15,25;29.38;33,05;-0,06;;750
15/09/26;SACYR;CALL;Nov-26;4,50;4.15;25,42;0,26;;80
15/09/26;SACYR;CALL;Dic-26;3,70;4.15;27,07;0,83;;10
15/09/26;SACYR;CALL;Dic-26;3,90;4.15;26,94;0,71;;25
15/09/26;SACYR;CALL;Dic-26;4,00;4.15;26,88;0,65;;5
15/09/26;SACYR;CALL;Dic-26;4,20;4.15;26,65;0,51;;20
15/09/26;SACYR;CALL;Dic-26;4,30;4.15;26,41;0,44;;43
15/09/26;SACYR;CALL;Dic-26;4,50;4.15;25,93;0,31;;10
15/09/26;SACYR;CALL;Dic-26;4,70;4.15;25,45;0,20;;10
15/09/26;SACYR;CALL;Dic-26;4,80;4.15;25,21;0,15;;10
15/09/26;SACYR;CALL;Dic-26;5,00;4.15;24,73;0,09;;30
15/09/26;SACYR;CALL;Mar-27;3,70;4.15;25,23;0,79;;10
15/09/26;SACYR;CALL;Mar-27;3,80;4.15;25,18;0,74;;10
15/09/26;SACYR;CALL;Mar-27;4,80;4.15;24,19;0,23;;20.000
15/09/26;SACYR;CALL;Jun-27;3,90;4.15;24,15;0,67;;25
15/09/26;SACYR;CALL;Jun-27;4,80;4.15;23,53;0,29;;10
15/09/26;SACYR;CALL;Jun-27;4,90;4.15;23,45;0,25;;20
15/09/26;SACYR;CALL;Jun-27;5,00;4.15;23,37;0,22;;10
15/09/26;SACYR;CALL;Dic-27;4,00;4.15;23,29;0,62;;25
15/09/26;SACYR;PUT;Sep-26;3,60;4.15;25,38;;;20
15/09/26;SACYR;PUT;Sep-26;4,30;4.15;25,16;-0,94;;5
15/09/26;SACYR;PUT;Sep-26;4,50;4.15;25,16;-1,00;;100
15/09/26;SACYR;PUT;Oct-26;4,50;4.15;23,42;-0,88;;100
15/09/26;SACYR;PUT;Dic-26;3,50;4.15;26,75;-0,09;;10
15/09/26;SACYR;PUT;Dic-26;4,50;4.15;25,48;-0,71;;1.000
15/09/26;SACYR;PUT;Dic-26;4,70;4.15;25,00;-0,83;;50
15/09/26;SACYR;PUT;Dic-26;5,00;4.15;24,28;-0,96;;100
15/09/26;SACYR;PUT;Mar-27;4,20;4.15;25,00;-0,50;;3
15/09/26;SACYR;PUT;Jun-27;3,40;4.15;24,58;-0,14;;20
15/09/26;SACYR;PUT;Jun-27;3,80;4.15;24,42;-0,29;;10
15/09/26;SACYR;PUT;Jun-27;3,90;4.15;24,38;-0,34;;10
15/09/26;SACYR;PUT;Jun-27;4,30;4.15;24,16;-0,53;;3
15/09/26;SACYR;PUT;Jun-27;4,50;4.15;24,00;-0,62;;1.000
15/09/26;SANTANDER;CALL;Sep-26;5,50;12.67;51,68;1,00;;15
15/09/26;SANTANDER;CALL;Sep-26;5,75;12.67;50,82;1,00;;1
15/09/26;SANTANDER;CALL;Sep-26;6,50;12.67;48,21;1,00;;11
15/09/26;SANTANDER;CALL;Sep-26;7,00;12.67;46,47;1,00;;4
15/09/26;SANTANDER;CALL;Sep-26;7,75;12.67;43,87;1,00;;30
15/09/26;SANTANDER;CALL;Sep-26;8,00;12.67;43,00;1,00;;100
15/09/26;SANTANDER;CALL;Sep-26;8,50;12.67;41,26;1,00;;458
15/09/26;SANTANDER;CALL;Sep-26;8,75;12.67;40,39;1,00;;3.200
15/09/26;SANTANDER;CALL;Sep-26;9,00;12.67;39,53;1,00;;1
15/09/26;SANTANDER;CALL;Sep-26;9,25;12.67;38,66;1,00;;9
15/09/26;SANTANDER;CALL;Sep-26;9,50;12.67;37,79;1,00;;13
15/09/26;SANTANDER;CALL;Sep-26;9,75;12.67;36,92;1,00;;5.031
15/09/26;SANTANDER;CALL;Sep-26;10,00;12.67;36,05;1,00;;59
15/09/26;SANTANDER;CALL;Sep-26;10,50;12.67;34,31;1,00;;151
15/09/26;SANTANDER;CALL;Sep-26;11,00;12.67;32,58;1,00;;23
15/09/26;SANTANDER;CALL;Sep-26;11,50;12.67;30,84;1,00;;13
15/09/26;SANTANDER;CALL;Sep-26;12,00;12.67;29,10;0,98;;11.011
15/09/26;SANTANDER;CALL;Sep-26;12,50;12.67;27,37;0,71;8;14
15/09/26;SANTANDER;CALL;Sep-26;12,75;12.67;26,70;0,40;1;6
15/09/26;SANTANDER;CALL;Sep-26;13,00;12.67;26,45;0,14;;10.064
15/09/26;SANTANDER;CALL;Sep-26;13,50;12.67;25,93;;;721
15/09/26;SANTANDER;CALL;Sep-26;14,00;12.67;25,42;;;10
15/09/26;SANTANDER;CALL;Sep-26;14,50;12.67;24,91;;;3
15/09/26;SANTANDER;CALL;Oct-26;8,75;12.67;39,55;1,00;;5
15/09/26;SANTANDER;CALL;Oct-26;11,00;12.67;32,03;0,94;;1
15/09/26;SANTANDER;CALL;Oct-26;11,50;12.67;30,36;0,88;;12
15/09/26;SANTANDER;CALL;Oct-26;12,50;12.67;27,01;0,59;;5
15/09/26;SANTANDER;CALL;Oct-26;13,00;12.67;26,13;0,39;;1.032
15/09/26;SANTANDER;CALL;Oct-26;13,50;12.67;25,63;0,21;;21
15/09/26;SANTANDER;CALL;Oct-26;14,00;12.67;25,13;0,10;;170
15/09/26;SANTANDER;CALL;Oct-26;14,50;12.67;24,63;0,03;;1
15/09/26;SANTANDER;CALL;Nov-26;11,00;12.67;34,62;0,87;;1
15/09/26;SANTANDER;CALL;Nov-26;13,00;12.67;28,82;0,44;;2
15/09/26;SANTANDER;CALL;Nov-26;13,50;12.67;28,35;0,31;;14
15/09/26;SANTANDER;CALL;Dic-26;3,00;12.67;61,56;1,00;;1
15/09/26;SANTANDER;CALL;Dic-26;4,00;12.67;58,30;1,00;;100
15/09/26;SANTANDER;CALL;Dic-26;4,50;12.67;56,67;1,00;;1
15/09/26;SANTANDER;CALL;Dic-26;4,80;12.67;55,69;1,00;;5.050
15/09/26;SANTANDER;CALL;Dic-26;4,90;12.67;55,36;1,00;;50
15/09/26;SANTANDER;CALL;Dic-26;5,00;12.67;55,04;1,00;;25
15/09/26;SANTANDER;CALL;Dic-26;5,25;12.67;54,22;1,00;;25
15/09/26;SANTANDER;CALL;Dic-26;5,75;12.67;52,59;1,00;;6
15/09/26;SANTANDER;CALL;Dic-26;6,00;12.67;51,77;1,00;;7
15/09/26;SANTANDER;CALL;Dic-26;6,50;12.67;50,14;1,00;;5
15/09/26;SANTANDER;CALL;Dic-26;7,00;12.67;48,51;1,00;;86
15/09/26;SANTANDER;CALL;Dic-26;7,50;12.67;46,88;1,00;;28
15/09/26;SANTANDER;CALL;Dic-26;7,75;12.67;46,06;1,00;;2
15/09/26;SANTANDER;CALL;Dic-26;8,00;12.67;45,25;0,99;;10.163
15/09/26;SANTANDER;CALL;Dic-26;8,25;12.67;44,43;0,99;;110
15/09/26;SANTANDER;CALL;Dic-26;8,50;12.67;43,62;0,99;;100
15/09/26;SANTANDER;CALL;Dic-26;8,75;12.67;42,80;0,98;;22
15/09/26;SANTANDER;CALL;Dic-26;9,00;12.67;41,98;0,97;;315
15/09/26;SANTANDER;CALL;Dic-26;9,25;12.67;41,17;0,96;;2
15/09/26;SANTANDER;CALL;Dic-26;9,50;12.67;40,35;0,95;;65
15/09/26;SANTANDER;CALL;Dic-26;9,75;12.67;39,54;0,94;;5
15/09/26;SANTANDER;CALL;Dic-26;10,00;12.67;38,72;0,92;;67
15/09/26;SANTANDER;CALL;Dic-26;10,50;12.67;37,09;0,88;;67
15/09/26;SANTANDER;CALL;Dic-26;11,00;12.67;35,46;0,82;;73
15/09/26;SANTANDER;CALL;Dic-26;11,50;12.67;33,83;0,75;;377
15/09/26;SANTANDER;CALL;Dic-26;12,00;12.67;32,19;0,66;;57
15/09/26;SANTANDER;CALL;Dic-26;12,50;12.67;30,56;0,56;;85.912
15/09/26;SANTANDER;CALL;Dic-26;13,00;12.67;29,71;0,45;;21.016
15/09/26;SANTANDER;CALL;Dic-26;13,50;12.67;29,25;0,35;;52
15/09/26;SANTANDER;CALL;Dic-26;14,00;12.67;28,79;0,26;;113
15/09/26;SANTANDER;CALL;Dic-26;14,50;12.67;28,33;0,19;;105
15/09/26;SANTANDER;CALL;Mar-27;4,60;12.67;53,52;1,00;;25
15/09/26;SANTANDER;CALL;Mar-27;4,70;12.67;53,23;1,00;;25
15/09/26;SANTANDER;CALL;Mar-27;4,80;12.67;52,94;1,00;;50
15/09/26;SANTANDER;CALL;Mar-27;4,90;12.67;52,66;1,00;;50
15/09/26;SANTANDER;CALL;Mar-27;5,00;12.67;52,37;1,00;;50
15/09/26;SANTANDER;CALL;Mar-27;5,25;12.67;51,65;1,00;;25
15/09/26;SANTANDER;CALL;Mar-27;6,00;12.67;49,50;1,00;;25
15/09/26;SANTANDER;CALL;Mar-27;6,25;12.67;48,78;1,00;;25
15/09/26;SANTANDER;CALL;Mar-27;7,50;12.67;45,20;0,97;;1
15/09/26;SANTANDER;CALL;Mar-27;8,00;12.67;43,76;0,96;;3
15/09/26;SANTANDER;CALL;Mar-27;9,25;12.67;40,18;0,90;;140
15/09/26;SANTANDER;CALL;Mar-27;9,50;12.67;39,46;0,88;;36
15/09/26;SANTANDER;CALL;Mar-27;10,00;12.67;38,03;0,85;;30
15/09/26;SANTANDER;CALL;Mar-27;11,00;12.67;35,16;0,76;;1.820
15/09/26;SANTANDER;CALL;Mar-27;11,50;12.67;33,72;0,70;;52
15/09/26;SANTANDER;CALL;Mar-27;12,00;12.67;32,29;0,64;1;6.615
15/09/26;SANTANDER;CALL;Mar-27;12,50;12.67;30,86;0,57;;52.506
15/09/26;SANTANDER;CALL;Mar-27;13,00;12.67;30,12;0,50;1;5.105
15/09/26;SANTANDER;CALL;Mar-27;13,50;12.67;29,72;0,43;;6.100
15/09/26;SANTANDER;CALL;Mar-27;14,00;12.67;29,33;0,36;;42
15/09/26;SANTANDER;CALL;Mar-27;14,50;12.67;28,93;0,30;;100
15/09/26;SANTANDER;CALL;Mar-27;15,00;12.67;28,54;0,24;2;122
15/09/26;SANTANDER;CALL;Mar-27;15,50;12.67;28,14;0,19;;26
15/09/26;SANTANDER;CALL;Mar-27;16,00;12.67;27,75;0,14;;13
15/09/26;SANTANDER;CALL;Jun-27;6,00;12.67;45,83;0,99;;25
15/09/26;SANTANDER;CALL;Jun-27;6,25;12.67;45,27;0,99;;25
15/09/26;SANTANDER;CALL;Jun-27;6,50;12.67;44,72;0,99;;25
15/09/26;SANTANDER;CALL;Jun-27;6,75;12.67;44,17;0,98;;25
15/09/26;SANTANDER;CALL;Jun-27;7,00;12.67;43,62;0,97;;25
15/09/26;SANTANDER;CALL;Jun-27;7,25;12.67;43,06;0,96;;25
15/09/26;SANTANDER;CALL;Jun-27;8,25;12.67;40,85;0,93;;5
15/09/26;SANTANDER;CALL;Jun-27;9,00;12.67;39,19;0,89;;6.000
15/09/26;SANTANDER;CALL;Jun-27;9,75;12.67;37,54;0,84;;1
15/09/26;SANTANDER;CALL;Jun-27;10,00;12.67;36,98;0,82;;5.030
15/09/26;SANTANDER;CALL;Jun-27;10,50;12.67;35,88;0,79;;103
15/09/26;SANTANDER;CALL;Jun-27;11,00;12.67;34,77;0,74;;15
15/09/26;SANTANDER;CALL;Jun-27;12,00;12.67;32,56;0,64;;5.000
15/09/26;SANTANDER;CALL;Jun-27;12,50;12.67;31,46;0,58;2;12
15/09/26;SANTANDER;CALL;Jun-27;13,00;12.67;30,85;0,52;;624
15/09/26;SANTANDER;CALL;Jun-27;13,50;12.67;30,50;0,46;;157
15/09/26;SANTANDER;CALL;Jun-27;15,00;12.67;29,43;0,30;;2.020
15/09/26;SANTANDER;CALL;Jun-27;16,00;12.67;28,72;0,21;;10
15/09/26;SANTANDER;CALL;Jun-27;16,50;12.67;28,37;0,17;;50
15/09/26;SANTANDER;CALL;Sep-27;9,00;12.67;38,16;0,87;;153
15/09/26;SANTANDER;CALL;Sep-27;10,00;12.67;36,29;0,81;;2
15/09/26;SANTANDER;CALL;Sep-27;12,00;12.67;32,55;0,64;;2
15/09/26;SANTANDER;CALL;Dic-27;2,30;12.67;49,58;1,00;;22
15/09/26;SANTANDER;CALL;Dic-27;4,20;12.67;46,27;1,00;;7.000
15/09/26;SANTANDER;CALL;Dic-27;4,90;12.67;45,06;1,00;;4
15/09/26;SANTANDER;CALL;Dic-27;5,00;12.67;44,89;1,00;;2
15/09/26;SANTANDER;CALL;Dic-27;5,25;12.67;44,45;1,00;;3
15/09/26;SANTANDER;CALL;Dic-27;5,50;12.67;44,02;0,99;;5
15/09/26;SANTANDER;CALL;Dic-27;7,00;12.67;41,41;0,95;;2.545
15/09/26;SANTANDER;CALL;Dic-27;7,50;12.67;40,54;0,93;;4
15/09/26;SANTANDER;CALL;Dic-27;8,00;12.67;39,67;0,91;;10
15/09/26;SANTANDER;CALL;Dic-27;8,50;12.67;38,81;0,89;;2
15/09/26;SANTANDER;CALL;Dic-27;9,00;12.67;37,94;0,86;;152
15/09/26;SANTANDER;CALL;Dic-27;9,25;12.67;37,50;0,84;;25
15/09/26;SANTANDER;CALL;Dic-27;10,00;12.67;36,20;0,80;;20
15/09/26;SANTANDER;CALL;Dic-27;10,50;12.67;35,33;0,76;;1
15/09/26;SANTANDER;CALL;Dic-27;11,00;12.67;34,46;0,73;;5.000
15/09/26;SANTANDER;CALL;Dic-27;11,50;12.67;33,60;0,69;;150
15/09/26;SANTANDER;CALL;Dic-27;12,00;12.67;32,73;0,64;;6
15/09/26;SANTANDER;CALL;Dic-27;14,00;12.67;30,66;0,46;;52.500
15/09/26;SANTANDER;CALL;Dic-27;14,50;12.67;30,32;0,42;;3.000
15/09/26;SANTANDER;CALL;Dic-27;15,00;12.67;29,97;0,38;;25.000
15/09/26;SANTANDER;CALL;Dic-27;15,50;12.67;29,63;0,34;;2
15/09/26;SANTANDER;CALL;Mar-28;8,75;12.67;37,98;0,86;;1
15/09/26;SANTANDER;CALL;Mar-28;9,00;12.67;37,58;0,85;;450
15/09/26;SANTANDER;CALL;Mar-28;9,25;12.67;37,17;0,83;;300
15/09/26;SANTANDER;CALL;Mar-28;9,50;12.67;36,77;0,82;;50
15/09/26;SANTANDER;CALL;Mar-28;9,75;12.67;36,37;0,80;;250
15/09/26;SANTANDER;CALL;Mar-28;10,00;12.67;35,97;0,79;;126
15/09/26;SANTANDER;CALL;Mar-28;12,00;12.67;32,76;0,64;;150
15/09/26;SANTANDER;CALL;Mar-28;12,50;12.67;31,96;0,60;;1
15/09/26;SANTANDER;CALL;Mar-28;13,50;12.67;31,14;0,52;;150
15/09/26;SANTANDER;CALL;Mar-28;14,00;12.67;30,81;0,48;;10.000
15/09/26;SANTANDER;CALL;Jun-28;6,00;12.67;41,89;0,97;;3
15/09/26;SANTANDER;CALL;Jun-28;7,75;12.67;39,32;0,90;;4
15/09/26;SANTANDER;CALL;Jun-28;9,50;12.67;36,74;0,81;;5
15/09/26;SANTANDER;CALL;Jun-28;10,00;12.67;36,00;0,78;;150
15/09/26;SANTANDER;CALL;Jun-28;12,50;12.67;32,31;0,61;;3
15/09/26;SANTANDER;CALL;Jun-28;15,50;12.67;30,35;0,39;;3.500
15/09/26;SANTANDER;CALL;Sep-28;13,00;12.67;32,14;0,58;;3
15/09/26;SANTANDER;CALL;Sep-28;15,50;12.67;30,69;0,41;;15
15/09/26;SANTANDER;CALL;Dic-28;8,50;12.67;38,05;0,86;;3.003
15/09/26;SANTANDER;CALL;Dic-28;9,00;12.67;37,41;0,83;;4
15/09/26;SANTANDER;CALL;Dic-28;12,00;12.67;33,54;0,65;;5.000
15/09/26;SANTANDER;CALL;Dic-28;12,50;12.67;32,89;0,62;;1
15/09/26;SANTANDER;CALL;Dic-28;13,00;12.67;32,50;0,58;;2
15/09/26;SANTANDER;PUT;Sep-26;4,00;12.67;60,39;;;2
15/09/26;SANTANDER;PUT;Sep-26;6,00;12.67;53,45;;;32.505
15/09/26;SANTANDER;PUT;Sep-26;6,75;12.67;50,84;;;103
15/09/26;SANTANDER;PUT;Sep-26;7,00;12.67;49,97;;;14.621
15/09/26;SANTANDER;PUT;Sep-26;7,50;12.67;48,24;;;160
15/09/26;SANTANDER;PUT;Sep-26;7,75;12.67;47,37;;;10.010
15/09/26;SANTANDER;PUT;Sep-26;8,00;12.67;46,50;;;10.209
15/09/26;SANTANDER;PUT;Sep-26;8,25;12.67;45,63;;;93
15/09/26;SANTANDER;PUT;Sep-26;8,50;12.67;44,76;;;5.001
15/09/26;SANTANDER;PUT;Sep-26;8,75;12.67;43,89;;;55
15/09/26;SANTANDER;PUT;Sep-26;9,00;12.67;43,03;;;133
15/09/26;SANTANDER;PUT;Sep-26;9,25;12.67;42,16;;;4.041
15/09/26;SANTANDER;PUT;Sep-26;9,50;12.67;41,29;;;690
15/09/26;SANTANDER;PUT;Sep-26;9,75;12.67;40,42;;;140
15/09/26;SANTANDER;PUT;Sep-26;10,00;12.67;39,55;;;13
15/09/26;SANTANDER;PUT;Sep-26;10,50;12.67;37,81;;;2.225
15/09/26;SANTANDER;PUT;Sep-26;11,00;12.67;36,08;;;129
15/09/26;SANTANDER;PUT;Sep-26;11,50;12.67;34,34;;;25.378
15/09/26;SANTANDER;PUT;Sep-26;12,00;12.67;32,60;-0,03;;921
15/09/26;SANTANDER;PUT;Sep-26;12,25;12.67;31,74;-0,12;;3
15/09/26;SANTANDER;PUT;Sep-26;12,50;12.67;30,87;-0,31;1;376
15/09/26;SANTANDER;PUT;Sep-26;12,75;12.67;30,20;-0,59;;16
15/09/26;SANTANDER;PUT;Sep-26;13,00;12.67;29,95;-0,83;;14
15/09/26;SANTANDER;PUT;Sep-26;13,25;12.67;29,69;-0,95;;15
15/09/26;SANTANDER;PUT;Oct-26;10,00;12.67;36,17;-0,01;;4
15/09/26;SANTANDER;PUT;Oct-26;11,00;12.67;32,83;-0,06;;186
15/09/26;SANTANDER;PUT;Oct-26;11,50;12.67;31,16;-0,13;;722
15/09/26;SANTANDER;PUT;Oct-26;12,00;12.67;29,49;-0,25;10;298
15/09/26;SANTANDER;PUT;Oct-26;12,50;12.67;27,81;-0,41;;73
15/09/26;SANTANDER;PUT;Oct-26;13,00;12.67;26,93;-0,61;;28
15/09/26;SANTANDER;PUT;Nov-26;10,50;12.67;35,26;-0,10;;20
15/09/26;SANTANDER;PUT;Nov-26;11,00;12.67;33,61;-0,16;;2
15/09/26;SANTANDER;PUT;Nov-26;11,50;12.67;31,97;-0,23;;202
15/09/26;SANTANDER;PUT;Nov-26;12,00;12.67;30,32;-0,34;;76
15/09/26;SANTANDER;PUT;Nov-26;12,50;12.67;28,68;-0,46;;12
15/09/26;SANTANDER;PUT;Nov-26;13,00;12.67;27,81;-0,59;;5
15/09/26;SANTANDER;PUT;Dic-26;2,50;12.67;61,50;;;40
15/09/26;SANTANDER;PUT;Dic-26;2,80;12.67;60,52;;;60.000
15/09/26;SANTANDER;PUT;Dic-26;3,20;12.67;59,21;;;10
15/09/26;SANTANDER;PUT;Dic-26;3,40;12.67;58,56;;;2
15/09/26;SANTANDER;PUT;Dic-26;3,50;12.67;58,23;;;5
15/09/26;SANTANDER;PUT;Dic-26;3,60;12.67;57,91;;;50.002
15/09/26;SANTANDER;PUT;Dic-26;4,00;12.67;56,60;;;25.007
15/09/26;SANTANDER;PUT;Dic-26;4,20;12.67;55,95;;;25
15/09/26;SANTANDER;PUT;Dic-26;4,30;12.67;55,62;;;15.000
15/09/26;SANTANDER;PUT;Dic-26;4,40;12.67;55,29;;;10.000
15/09/26;SANTANDER;PUT;Dic-26;4,60;12.67;54,64;;;80
15/09/26;SANTANDER;PUT;Dic-26;4,70;12.67;54,32;;;5
15/09/26;SANTANDER;PUT;Dic-26;4,80;12.67;53,99;;;15.000
15/09/26;SANTANDER;PUT;Dic-26;4,90;12.67;53,66;;;150
15/09/26;SANTANDER;PUT;Dic-26;5,00;12.67;53,34;;;20.400
15/09/26;SANTANDER;PUT;Dic-26;5,25;12.67;52,52;;;600
15/09/26;SANTANDER;PUT;Dic-26;6,00;12.67;50,07;;;5.019
15/09/26;SANTANDER;PUT;Dic-26;6,25;12.67;49,26;;;5
15/09/26;SANTANDER;PUT;Dic-26;6,50;12.67;48,44;;;155
15/09/26;SANTANDER;PUT;Dic-26;6,75;12.67;47,63;;;156
15/09/26;SANTANDER;PUT;Dic-26;7,00;12.67;46,81;;;10.171
15/09/26;SANTANDER;PUT;Dic-26;7,25;12.67;45,99;-0,01;;50
15/09/26;SANTANDER;PUT;Dic-26;7,50;12.67;45,18;-0,01;;18
15/09/26;SANTANDER;PUT;Dic-26;7,75;12.67;44,36;-0,01;;51
15/09/26;SANTANDER;PUT;Dic-26;8,00;12.67;43,55;-0,01;;34.888
15/09/26;SANTANDER;PUT;Dic-26;8,25;12.67;42,73;-0,02;;611
15/09/26;SANTANDER;PUT;Dic-26;8,50;12.67;41,92;-0,03;;15.882
15/09/26;SANTANDER;PUT;Dic-26;8,75;12.67;41,10;-0,03;;856
15/09/26;SANTANDER;PUT;Dic-26;9,00;12.67;40,28;-0,04;;5.090
15/09/26;SANTANDER;PUT;Dic-26;9,25;12.67;39,47;-0,05;;999
15/09/26;SANTANDER;PUT;Dic-26;9,50;12.67;38,65;-0,06;;34
15/09/26;SANTANDER;PUT;Dic-26;9,75;12.67;37,84;-0,08;;20
15/09/26;SANTANDER;PUT;Dic-26;10,00;12.67;37,02;-0,09;;90.011
15/09/26;SANTANDER;PUT;Dic-26;10,50;12.67;35,39;-0,14;;15.225
15/09/26;SANTANDER;PUT;Dic-26;11,00;12.67;33,76;-0,19;;1.170
15/09/26;SANTANDER;PUT;Dic-26;11,50;12.67;32,13;-0,26;;81
15/09/26;SANTANDER;PUT;Dic-26;12,00;12.67;30,49;-0,35;;10.251
15/09/26;SANTANDER;PUT;Dic-26;12,50;12.67;28,86;-0,45;;186
15/09/26;SANTANDER;PUT;Dic-26;13,00;12.67;28,01;-0,56;;5.018
15/09/26;SANTANDER;PUT;Dic-26;13,50;12.67;27,55;-0,67;;100
15/09/26;SANTANDER;PUT;Dic-26;14,00;12.67;27,09;-0,77;;112
15/09/26;SANTANDER;PUT;Dic-26;16,00;12.67;25,25;-0,97;;1
15/09/26;SANTANDER;PUT;Mar-27;5,25;12.67;49,67;;;470
15/09/26;SANTANDER;PUT;Mar-27;5,50;12.67;48,96;;;150
15/09/26;SANTANDER;PUT;Mar-27;6,00;12.67;47,52;-0,01;;150
15/09/26;SANTANDER;PUT;Mar-27;6,75;12.67;45,37;-0,02;;371
15/09/26;SANTANDER;PUT;Mar-27;7,00;12.67;44,65;-0,02;;1
15/09/26;SANTANDER;PUT;Mar-27;7,25;12.67;43,94;-0,03;;16.000
15/09/26;SANTANDER;PUT;Mar-27;8,00;12.67;41,78;-0,04;;100
15/09/26;SANTANDER;PUT;Mar-27;8,25;12.67;41,07;-0,05;;5.400
15/09/26;SANTANDER;PUT;Mar-27;8,50;12.67;40,35;-0,06;;100
15/09/26;SANTANDER;PUT;Mar-27;8,75;12.67;39,63;-0,07;;5
15/09/26;SANTANDER;PUT;Mar-27;9,00;12.67;38,92;-0,08;;40
15/09/26;SANTANDER;PUT;Mar-27;9,25;12.67;38,20;-0,10;;3
15/09/26;SANTANDER;PUT;Mar-27;9,50;12.67;37,48;-0,11;;52.500
15/09/26;SANTANDER;PUT;Mar-27;9,75;12.67;36,76;-0,13;;6.700
15/09/26;SANTANDER;PUT;Mar-27;10,00;12.67;36,05;-0,15;;25
15/09/26;SANTANDER;PUT;Mar-27;10,50;12.67;34,61;-0,19;;40
15/09/26;SANTANDER;PUT;Mar-27;11,00;12.67;33,18;-0,24;;9.547
15/09/26;SANTANDER;PUT;Mar-27;11,50;12.67;31,74;-0,30;;90
15/09/26;SANTANDER;PUT;Mar-27;12,00;12.67;30,31;-0,36;;457
15/09/26;SANTANDER;PUT;Mar-27;12,50;12.67;28,88;-0,44;;21
15/09/26;SANTANDER;PUT;Mar-27;13,00;12.67;28,14;-0,52;;14.500
15/09/26;SANTANDER;PUT;Mar-27;14,50;12.67;26,95;-0,75;;1
15/09/26;SANTANDER;PUT;Jun-27;3,00;12.67;51,19;;;15.000
15/09/26;SANTANDER;PUT;Jun-27;4,00;12.67;48,98;;;1
15/09/26;SANTANDER;PUT;Jun-27;5,50;12.67;45,66;-0,01;;42
15/09/26;SANTANDER;PUT;Jun-27;6,00;12.67;44,56;-0,02;;20.100
15/09/26;SANTANDER;PUT;Jun-27;7,00;12.67;42,35;-0,04;;5.155
15/09/26;SANTANDER;PUT;Jun-27;7,25;12.67;41,79;-0,04;;150
15/09/26;SANTANDER;PUT;Jun-27;7,50;12.67;41,24;-0,05;;813
15/09/26;SANTANDER;PUT;Jun-27;7,75;12.67;40,69;-0,06;;150
15/09/26;SANTANDER;PUT;Jun-27;8,00;12.67;40,13;-0,07;;6.000
15/09/26;SANTANDER;PUT;Jun-27;8,50;12.67;39,03;-0,09;;5.000
15/09/26;SANTANDER;PUT;Jun-27;8,75;12.67;38,48;-0,10;;10
15/09/26;SANTANDER;PUT;Jun-27;9,00;12.67;37,92;-0,12;;16.005
15/09/26;SANTANDER;PUT;Jun-27;9,50;12.67;36,82;-0,15;;5
15/09/26;SANTANDER;PUT;Jun-27;10,00;12.67;35,71;-0,18;;10.005
15/09/26;SANTANDER;PUT;Jun-27;10,50;12.67;34,61;-0,22;;9.114
15/09/26;SANTANDER;PUT;Jun-27;11,50;12.67;32,40;-0,32;;5.260
15/09/26;SANTANDER;PUT;Jun-27;12,00;12.67;31,29;-0,37;;5.025
15/09/26;SANTANDER;PUT;Jun-27;12,50;12.67;30,19;-0,43;;366
15/09/26;SANTANDER;PUT;Jun-27;13,00;12.67;29,58;-0,49;;17
15/09/26;SANTANDER;PUT;Sep-27;8,00;12.67;38,98;-0,08;;315
15/09/26;SANTANDER;PUT;Sep-27;9,50;12.67;36,18;-0,16;;263
15/09/26;SANTANDER;PUT;Sep-27;9,75;12.67;35,71;-0,18;;25
15/09/26;SANTANDER;PUT;Sep-27;10,00;12.67;35,24;-0,20;;5
15/09/26;SANTANDER;PUT;Sep-27;12,00;12.67;31,50;-0,37;;2
15/09/26;SANTANDER;PUT;Sep-27;13,00;12.67;30,02;-0,48;;3
15/09/26;SANTANDER;PUT;Dic-27;3,30;12.67;46,48;;;10
15/09/26;SANTANDER;PUT;Dic-27;3,50;12.67;46,13;;;10.040
15/09/26;SANTANDER;PUT;Dic-27;3,90;12.67;45,44;;;10
15/09/26;SANTANDER;PUT;Dic-27;4,00;12.67;45,26;-0,01;;42
15/09/26;SANTANDER;PUT;Dic-27;4,20;12.67;44,91;-0,01;;7.000
15/09/26;SANTANDER;PUT;Dic-27;4,40;12.67;44,57;-0,01;;51.025
15/09/26;SANTANDER;PUT;Dic-27;4,70;12.67;44,05;-0,01;;10
15/09/26;SANTANDER;PUT;Dic-27;5,25;12.67;43,09;-0,02;;11.500
15/09/26;SANTANDER;PUT;Dic-27;5,50;12.67;42,66;-0,02;;1
15/09/26;SANTANDER;PUT;Dic-27;5,75;12.67;42,22;-0,03;;50.000
15/09/26;SANTANDER;PUT;Dic-27;6,00;12.67;41,79;-0,03;;5.150
15/09/26;SANTANDER;PUT;Dic-27;6,25;12.67;41,35;-0,04;;150
15/09/26;SANTANDER;PUT;Dic-27;6,50;12.67;40,92;-0,05;;151
15/09/26;SANTANDER;PUT;Dic-27;6,75;12.67;40,49;-0,05;;150
15/09/26;SANTANDER;PUT;Dic-27;7,00;12.67;40,05;-0,06;;10.500
15/09/26;SANTANDER;PUT;Dic-27;7,25;12.67;39,62;-0,07;;325
15/09/26;SANTANDER;PUT;Dic-27;7,50;12.67;39,18;-0,08;;300
15/09/26;SANTANDER;PUT;Dic-27;7,75;12.67;38,75;-0,09;;5.000
15/09/26;SANTANDER;PUT;Dic-27;8,00;12.67;38,31;-0,10;;75
15/09/26;SANTANDER;PUT;Dic-27;8,50;12.67;37,45;-0,12;;10.003
15/09/26;SANTANDER;PUT;Dic-27;8,75;12.67;37,01;-0,14;;23
15/09/26;SANTANDER;PUT;Dic-27;9,00;12.67;36,58;-0,15;;4.000
15/09/26;SANTANDER;PUT;Dic-27;9,75;12.67;35,27;-0,20;;25.000
15/09/26;SANTANDER;PUT;Dic-27;10,00;12.67;34,84;-0,21;;40.176
15/09/26;SANTANDER;PUT;Dic-27;10,50;12.67;33,97;-0,25;;4.745
15/09/26;SANTANDER;PUT;Dic-27;11,00;12.67;33,10;-0,29;;30.002
15/09/26;SANTANDER;PUT;Dic-27;11,50;12.67;32,24;-0,33;;25
15/09/26;SANTANDER;PUT;Dic-27;12,00;12.67;31,37;-0,37;;302
15/09/26;SANTANDER;PUT;Dic-27;12,50;12.67;30,50;-0,42;;3.025
15/09/26;SANTANDER;PUT;Mar-28;9,00;12.67;35,64;-0,16;;3.150
15/09/26;SANTANDER;PUT;Mar-28;9,25;12.67;35,23;-0,17;;150
15/09/26;SANTANDER;PUT;Mar-28;9,75;12.67;34,43;-0,20;;5
15/09/26;SANTANDER;PUT;Mar-28;10,00;12.67;34,03;-0,22;;150
15/09/26;SANTANDER;PUT;Mar-28;10,50;12.67;33,23;-0,25;;387
15/09/26;SANTANDER;PUT;Mar-28;11,00;12.67;32,42;-0,29;;20.175
15/09/26;SANTANDER;PUT;Mar-28;12,00;12.67;30,82;-0,37;;150
15/09/26;SANTANDER;PUT;Mar-28;12,50;12.67;30,02;-0,41;;1
15/09/26;SANTANDER;PUT;Jun-28;5,00;12.67;40,94;-0,02;;10.000
15/09/26;SANTANDER;PUT;Jun-28;10,50;12.67;32,83;-0,26;;10.000
15/09/26;SANTANDER;PUT;Jun-28;11,00;12.67;32,10;-0,29;;381
15/09/26;SANTANDER;PUT;Jun-28;11,50;12.67;31,36;-0,33;;450
15/09/26;SANTANDER;PUT;Jun-28;12,00;12.67;30,62;-0,37;;602
15/09/26;SANTANDER;PUT;Jun-28;12,50;12.67;29,88;-0,41;;3.500
15/09/26;SANTANDER;PUT;Dic-28;4,20;12.67;40,19;-0,02;;10.000
15/09/26;SANTANDER;PUT;Dic-28;6,00;12.67;37,87;-0,06;;12.500
15/09/26;SANTANDER;PUT;Dic-28;8,00;12.67;35,29;-0,13;;15.500
15/09/26;SANTANDER;PUT;Dic-28;8,50;12.67;34,64;-0,15;;3.000
15/09/26;SANTANDER;PUT;Dic-28;9,00;12.67;34,00;-0,18;;5.000
15/09/26;SANTANDER;PUT;Dic-28;10,00;12.67;32,71;-0,24;;12.000
15/09/26;SANTANDER;PUT;Dic-29;3,90;12.67;38,65;-0,02;;3.250
15/09/26;SANTANDER;PUT;Dic-29;5,50;12.67;36,88;-0,06;;25.000
15/09/26;SANTANDER;PUT;Dic-29;8,00;12.67;34,12;-0,15;;11.000
15/09/26;SANTANDER;PUT;Dic-29;10,50;12.67;31,35;-0,27;;100
15/09/26;SANTANDER;PUT;Dic-30;6,00;12.67;35,47;-0,08;;10.000
15/09/26;SANTANDER;PUT;Dic-30;12,50;12.67;28,97;-0,38;;58
15/09/26;SANTANDER;PUT;Dic-30;13,00;12.67;28,66;-0,41;;185
15/09/26;SANTANDER;CALL;Sep-26;9,00;12.67;39,53;1,00;;10
15/09/26;SANTANDER;CALL;Sep-26;10,50;12.67;34,31;1,00;;40
15/09/26;SANTANDER;CALL;Sep-26;11,00;12.67;32,58;1,00;10;30
15/09/26;SANTANDER;CALL;Sep-26;11,00;12.67;32,58;1,00;;10
15/09/26;SANTANDER;CALL;Sep-26;11,50;12.67;30,84;1,00;;10
15/09/26;SANTANDER;CALL;Sep-26;11,50;12.67;30,84;1,00;;60
15/09/26;SANTANDER;CALL;Sep-26;12,00;12.67;29,10;0,98;10;4.000
15/09/26;SANTANDER;CALL;Sep-26;12,00;12.67;29,10;0,98;;20
15/09/26;SANTANDER;CALL;Sep-26;12,50;12.67;27,37;0,71;;20
15/09/26;SANTANDER;CALL;Sep-26;12,50;12.67;27,37;0,71;;10
15/09/26;SANTANDER;CALL;Sep-26;12,75;12.67;26,70;0,40;;20
15/09/26;SANTANDER;CALL;Sep-26;13,00;12.67;26,45;0,14;;10
15/09/26;SANTANDER;CALL;Sep-26;13,00;12.67;26,45;0,14;;4.560
15/09/26;SANTANDER;CALL;Sep-26;13,50;12.67;25,93;;;9.000
15/09/26;SANTANDER;CALL;Sep-26;13,50;12.67;25,93;;;50
15/09/26;SANTANDER;CALL;Oct-26;11,00;12.67;32,03;0,94;;40
15/09/26;SANTANDER;CALL;Oct-26;12,00;12.67;28,69;0,76;;32
15/09/26;SANTANDER;CALL;Oct-26;12,50;12.67;27,01;0,59;;20
15/09/26;SANTANDER;CALL;Oct-26;13,00;12.67;26,13;0,39;;82
15/09/26;SANTANDER;CALL;Oct-26;13,00;12.67;26,13;0,39;;52
15/09/26;SANTANDER;CALL;Oct-26;13,50;12.67;25,63;0,22;;4.596
15/09/26;SANTANDER;CALL;Oct-26;13,50;12.67;25,63;0,22;;10
15/09/26;SANTANDER;CALL;Oct-26;14,00;12.67;25,13;0,10;;48.139
15/09/26;SANTANDER;CALL;Nov-26;10,50;12.67;36,27;0,89;;1
15/09/26;SANTANDER;CALL;Nov-26;11,00;12.67;34,62;0,83;;1
15/09/26;SANTANDER;CALL;Nov-26;12,00;12.67;31,33;0,66;10;10
15/09/26;SANTANDER;CALL;Nov-26;12,50;12.67;29,69;0,54;10;10
15/09/26;SANTANDER;CALL;Nov-26;13,00;12.67;28,82;0,42;10;20
15/09/26;SANTANDER;CALL;Nov-26;13,00;12.67;28,82;0,42;;10
15/09/26;SANTANDER;CALL;Nov-26;13,50;12.67;28,35;0,30;;45
15/09/26;SANTANDER;CALL;Nov-26;13,50;12.67;28,35;0,30;;10
15/09/26;SANTANDER;CALL;Nov-26;14,00;12.67;27,88;0,20;;10
15/09/26;SANTANDER;CALL;Nov-26;14,00;12.67;27,88;0,20;;20
15/09/26;SANTANDER;CALL;Dic-26;6,50;12.67;50,14;0,99;;36
15/09/26;SANTANDER;CALL;Dic-26;8,00;12.67;45,25;0,97;;2
15/09/26;SANTANDER;CALL;Dic-26;8,50;12.67;43,62;0,96;;2
15/09/26;SANTANDER;CALL;Dic-26;8,75;12.67;42,80;0,96;;25
15/09/26;SANTANDER;CALL;Dic-26;9,00;12.67;41,98;0,95;;10
15/09/26;SANTANDER;CALL;Dic-26;10,00;12.67;38,72;0,89;;10
15/09/26;SANTANDER;CALL;Dic-26;10,50;12.67;37,09;0,85;;12
15/09/26;SANTANDER;CALL;Dic-26;12,00;12.67;32,19;0,65;;20
15/09/26;SANTANDER;CALL;Dic-26;12,50;12.67;30,56;0,55;;2
15/09/26;SANTANDER;CALL;Dic-26;13,50;12.67;29,25;0,35;;2
15/09/26;SANTANDER;CALL;Dic-26;14,00;12.67;28,79;0,26;;365
15/09/26;SANTANDER;CALL;Mar-27;4,00;12.67;55,24;0,99;;30
15/09/26;SANTANDER;CALL;Mar-27;5,00;12.67;52,37;0,98;;20
15/09/26;SANTANDER;CALL;Mar-27;10,00;12.67;38,03;0,83;;1
15/09/26;SANTANDER;CALL;Mar-27;12,50;12.67;30,86;0,56;;1
15/09/26;SANTANDER;CALL;Jun-27;15,00;12.67;29,43;0,29;;1
15/09/26;SANTANDER;CALL;Sep-27;11,00;12.67;34,42;0,71;;1
15/09/26;SANTANDER;CALL;Dic-27;14,00;12.67;30,66;0,44;;4
15/09/26;SANTANDER;CALL;Mar-28;14,00;12.67;30,81;0,46;;1
15/09/26;SANTANDER;CALL;Mar-28;14,50;12.67;30,48;0,42;;1
15/09/26;SANTANDER;CALL;Jun-28;14,50;12.67;30,96;0,43;;1
15/09/26;SANTANDER;CALL;Dic-28;6,00;12.67;41,28;0,87;;51
15/09/26;SANTANDER;CALL;Dic-28;7,00;12.67;39,99;0,84;;2
15/09/26;SANTANDER;PUT;Sep-26;6,25;12.67;52,58;;;1.700
15/09/26;SANTANDER;PUT;Sep-26;7,50;12.67;48,24;;;900
15/09/26;SANTANDER;PUT;Sep-26;8,25;12.67;45,63;;;50
15/09/26;SANTANDER;PUT;Sep-26;9,50;12.67;41,29;;;10
15/09/26;SANTANDER;PUT;Sep-26;10,50;12.67;37,81;;;30.010
15/09/26;SANTANDER;PUT;Sep-26;11,00;12.67;36,08;;;1
15/09/26;SANTANDER;PUT;Sep-26;11,50;12.67;34,34;;;11
15/09/26;SANTANDER;PUT;Sep-26;11,50;12.67;34,34;;;20
15/09/26;SANTANDER;PUT;Sep-26;12,00;12.67;32,60;-0,03;;20
15/09/26;SANTANDER;PUT;Sep-26;12,00;12.67;32,60;-0,03;;76
15/09/26;SANTANDER;PUT;Sep-26;12,50;12.67;30,87;-0,31;;50
15/09/26;SANTANDER;PUT;Sep-26;12,50;12.67;30,87;-0,31;;200
15/09/26;SANTANDER;PUT;Sep-26;12,75;12.67;30,20;-0,59;;30
15/09/26;SANTANDER;PUT;Sep-26;13,00;12.67;29,95;-0,82;;30
15/09/26;SANTANDER;PUT;Sep-26;13,00;12.67;29,95;-0,82;20;111
15/09/26;SANTANDER;PUT;Sep-26;13,50;12.67;29,43;-0,99;;20
15/09/26;SANTANDER;PUT;Sep-26;14,00;12.67;28,92;-1,00;;30
15/09/26;SANTANDER;PUT;Oct-26;11,00;12.67;32,83;-0,06;;2
15/09/26;SANTANDER;PUT;Oct-26;11,50;12.67;31,16;-0,13;;10
15/09/26;SANTANDER;PUT;Oct-26;11,50;12.67;31,16;-0,13;;10
15/09/26;SANTANDER;PUT;Oct-26;12,00;12.67;29,49;-0,24;;33
15/09/26;SANTANDER;PUT;Oct-26;12,50;12.67;27,81;-0,41;;50
15/09/26;SANTANDER;PUT;Oct-26;12,50;12.67;27,81;-0,41;;52
15/09/26;SANTANDER;PUT;Oct-26;13,00;12.67;26,93;-0,60;;101
15/09/26;SANTANDER;PUT;Oct-26;13,50;12.67;26,43;-0,77;;10
15/09/26;SANTANDER;PUT;Oct-26;14,50;12.67;25,43;-0,96;;20
15/09/26;SANTANDER;PUT;Oct-26;15,00;12.67;24,93;-0,99;;5
15/09/26;SANTANDER;PUT;Nov-26;11,50;12.67;31,97;-0,23;;20
15/09/26;SANTANDER;PUT;Nov-26;12,00;12.67;30,32;-0,33;;12
15/09/26;SANTANDER;PUT;Nov-26;12,00;12.67;30,32;-0,33;;21
15/09/26;SANTANDER;PUT;Nov-26;12,50;12.67;28,68;-0,45;;21
15/09/26;SANTANDER;PUT;Dic-26;6,75;12.67;47,63;;;2.800
15/09/26;SANTANDER;PUT;Dic-26;9,00;12.67;40,28;-0,04;;10
15/09/26;SANTANDER;PUT;Dic-26;9,75;12.67;37,84;-0,08;;26
15/09/26;SANTANDER;PUT;Dic-26;10,00;12.67;37,02;-0,09;;25
15/09/26;SANTANDER;PUT;Dic-26;10,50;12.67;35,39;-0,13;;4
15/09/26;SANTANDER;PUT;Dic-26;11,00;12.67;33,76;-0,19;;20
15/09/26;SANTANDER;PUT;Dic-26;11,00;12.67;33,76;-0,19;;10
15/09/26;SANTANDER;PUT;Dic-26;11,50;12.67;32,13;-0,26;;2
15/09/26;SANTANDER;PUT;Dic-26;12,00;12.67;30,49;-0,34;;26
15/09/26;SANTANDER;PUT;Dic-26;12,50;12.67;28,86;-0,44;;1
15/09/26;SANTANDER;PUT;Dic-26;13,00;12.67;28,01;-0,55;;1
15/09/26;SANTANDER;PUT;Mar-27;9,00;12.67;38,92;-0,08;;2
15/09/26;SANTANDER;PUT;Mar-27;12,50;12.67;28,88;-0,42;;1
15/09/26;SANTANDER;PUT;Jun-27;11,50;12.67;32,40;-0,31;;1
15/09/26;SANTANDER;PUT;Sep-27;12,00;12.67;31,50;-0,35;;1
15/09/26;SANTANDER;PUT;Dic-27;11,00;12.67;33,10;-0,27;;1
15/09/26;SANTANDER;PUT;Dic-29;10,50;12.67;31,35;-0,24;;60
15/09/26;SOLARIA;CALL;Sep-26;18,00;16.49;44,66;0,02;;25
15/09/26;SOLARIA;CALL;Oct-26;19,00;16.49;47,56;0,18;;8
15/09/26;SOLARIA;CALL;Nov-26;16,00;16.49;50,27;0,61;;3
15/09/26;SOLARIA;CALL;Dic-26;18,00;16.49;48,17;0,42;;9
15/09/26;SOLARIA;CALL;Jun-27;16,50;16.49;44,49;0,60;;4
15/09/26;SOLARIA;PUT;Sep-26;16,00;16.49;48,39;-0,24;;1.373
15/09/26;SOLARIA;PUT;Sep-26;16,50;16.49;47,34;-0,50;;3
15/09/26;SOLARIA;PUT;Sep-26;17,00;16.49;46,30;-0,76;;2
15/09/26;SOLARIA;PUT;Oct-26;15,00;16.49;52,40;-0,24;;4.000
15/09/26;SOLARIA;PUT;Nov-26;14,50;16.49;53,53;-0,24;;5
15/09/26;SOLARIA;PUT;Nov-26;16,00;16.49;50,32;-0,40;;3
15/09/26;SOLARIA;PUT;Dic-26;14,50;16.49;52,25;-0,26;;3
15/09/26;SOLARIA;PUT;Dic-26;18,00;16.49;48,17;-0,59;;5
15/09/26;SOLARIA;PUT;Dic-26;22,00;16.49;47,76;-0,86;;25
15/09/26;SOLARIA;PUT;Dic-26;23,00;16.49;47,66;-0,91;;20
15/09/26;SOLARIA;PUT;Dic-26;25,00;16.49;47,46;-0,97;;20
15/09/26;TECNICAS REUNIDAS;CALL;Sep-26;29,32;25.56;43,37;;;1
15/09/26;TECNICAS REUNIDAS;CALL;Sep-26;30,24;25.56;43,02;;;10
15/09/26;TECNICAS REUNIDAS;CALL;Sep-26;31,15;25.56;42,68;;;3
15/09/26;TECNICAS REUNIDAS;CALL;Sep-26;32,07;25.56;42,33;;;5
15/09/26;TECNICAS REUNIDAS;CALL;Sep-26;32,99;25.56;41,98;;;13
15/09/26;TECNICAS REUNIDAS;CALL;Sep-26;33,90;25.56;41,64;;;6
15/09/26;TECNICAS REUNIDAS;CALL;Sep-26;34,82;25.56;41,29;;;135
15/09/26;TECNICAS REUNIDAS;CALL;Sep-26;36,65;25.56;40,60;;;5
15/09/26;TECNICAS REUNIDAS;CALL;Oct-26;27,49;25.56;46,63;0,33;;5
15/09/26;TECNICAS REUNIDAS;CALL;Oct-26;29,32;25.56;45,70;0,17;;3
15/09/26;TECNICAS REUNIDAS;CALL;Oct-26;30,24;25.56;45,23;0,12;;3
15/09/26;TECNICAS REUNIDAS;CALL;Oct-26;34,82;25.56;42,90;0,01;;2
15/09/26;TECNICAS REUNIDAS;CALL;Oct-26;36,65;25.56;41,97;;;5
15/09/26;TECNICAS REUNIDAS;CALL;Nov-26;30,24;25.56;45,33;0,21;;3
15/09/26;TECNICAS REUNIDAS;CALL;Nov-26;32,99;25.56;43,89;0,09;5;5
15/09/26;TECNICAS REUNIDAS;CALL;Nov-26;33,90;25.56;43,42;0,07;;5
15/09/26;TECNICAS REUNIDAS;CALL;Nov-26;35,74;25.56;42,46;0,03;;5
15/09/26;TECNICAS REUNIDAS;CALL;Dic-26;27,49;25.56;50,27;0,42;;10
15/09/26;TECNICAS REUNIDAS;CALL;Dic-26;35,74;25.56;46,50;0,08;3;3
15/09/26;TECNICAS REUNIDAS;CALL;Dic-26;41,23;25.56;44,00;0,02;;5
15/09/26;TECNICAS REUNIDAS;CALL;Mar-27;20,00;25.56;59,09;0,79;;1
15/09/26;TECNICAS REUNIDAS;CALL;Mar-27;37,00;25.56;48,64;0,17;;1
15/09/26;TECNICAS REUNIDAS;CALL;Jun-27;29,00;25.56;47,98;0,46;;12
15/09/26;TECNICAS REUNIDAS;CALL;Mar-28;36,00;25.56;41,93;0,33;;20
15/09/26;TECNICAS REUNIDAS;CALL;Mar-28;37,00;25.56;41,92;0,31;;5
15/09/26;TECNICAS REUNIDAS;CALL;Mar-28;38,00;25.56;41,91;0,29;;20
15/09/26;TECNICAS REUNIDAS;PUT;Sep-26;18,33;25.56;53,86;;;5
15/09/26;TECNICAS REUNIDAS;PUT;Sep-26;19,24;25.56;52,19;;;5
15/09/26;TECNICAS REUNIDAS;PUT;Sep-26;22,91;25.56;45,44;;;5
15/09/26;TECNICAS REUNIDAS;PUT;Sep-26;24,74;25.56;42,08;-0,19;;1
15/09/26;TECNICAS REUNIDAS;PUT;Sep-26;25,66;25.56;40,53;-0,53;;10
15/09/26;TECNICAS REUNIDAS;PUT;Sep-26;27,49;25.56;39,84;-0,98;;9
15/09/26;TECNICAS REUNIDAS;PUT;Oct-26;20,16;25.56;50,17;-0,04;;5
15/09/26;TECNICAS REUNIDAS;PUT;Oct-26;23,82;25.56;43,44;-0,26;5;15
15/09/26;TECNICAS REUNIDAS;PUT;Oct-26;24,74;25.56;41,75;-0,37;;1
15/09/26;TECNICAS REUNIDAS;PUT;Nov-26;19,24;25.56;50,97;-0,10;;3
15/09/26;TECNICAS REUNIDAS;PUT;Nov-26;21,99;25.56;45,91;-0,23;2;2
15/09/26;TECNICAS REUNIDAS;PUT;Nov-26;25,66;25.56;39,30;-0,54;;1
15/09/26;TECNICAS REUNIDAS;PUT;Dic-26;18,33;25.56;51,70;-0,09;;2
15/09/26;TECNICAS REUNIDAS;PUT;Dic-26;20,16;25.56;48,59;-0,16;;2
15/09/26;TECNICAS REUNIDAS;PUT;Dic-26;21,07;25.56;47,05;-0,20;;5
15/09/26;TECNICAS REUNIDAS;PUT;Dic-26;26,57;25.56;38,98;-0,59;;9
15/09/26;TECNICAS REUNIDAS;PUT;Dic-26;27,49;25.56;38,56;-0,66;;10
15/09/26;TECNICAS REUNIDAS;PUT;Mar-27;16,00;25.56;54,31;-0,09;;1
15/09/26;TECNICAS REUNIDAS;PUT;Mar-27;30,00;25.56;39,93;-0,70;;5
15/09/26;TECNICAS REUNIDAS;PUT;Jun-27;18,00;25.56;48,88;-0,16;;3
15/09/26;TECNICAS REUNIDAS;PUT;Jun-27;32,00;25.56;39,10;-0,72;;2
15/09/26;TECNICAS REUNIDAS;PUT;Jun-28;18,50;25.56;41,49;-0,20;;5
15/09/26;TECNICAS REUNIDAS;PUT;Dic-26;26,00;25.56;39,24;-0,54;;5
15/09/26;TECNICAS REUNIDAS;PUT;Dic-26;27,00;25.56;38,78;-0,61;;5
15/09/26;TELEFONICA;CALL;Sep-26;2,20;3.69;27,72;1,00;;2
15/09/26;TELEFONICA;CALL;Sep-26;3,50;3.69;17,97;1,00;;14
15/09/26;TELEFONICA;CALL;Sep-26;3,60;3.69;17,22;0,94;;165
15/09/26;TELEFONICA;CALL;Sep-26;3,70;3.69;16,53;0,42;;126
15/09/26;TELEFONICA;CALL;Sep-26;3,80;3.69;16,25;0,02;;1.013
15/09/26;TELEFONICA;CALL;Sep-26;3,90;3.69;15,97;;;25
15/09/26;TELEFONICA;CALL;Sep-26;4,00;3.69;15,69;;;376
15/09/26;TELEFONICA;CALL;Sep-26;4,10;3.69;15,41;;;10.005
15/09/26;TELEFONICA;CALL;Sep-26;4,20;3.69;15,13;;;594
15/09/26;TELEFONICA;CALL;Sep-26;4,30;3.69;14,85;;;250
15/09/26;TELEFONICA;CALL;Sep-26;4,40;3.69;14,57;;;1.100
15/09/26;TELEFONICA;CALL;Sep-26;4,60;3.69;14,00;;;6
15/09/26;TELEFONICA;CALL;Oct-26;3,70;3.69;16,99;0,50;10.000;25.039
15/09/26;TELEFONICA;CALL;Oct-26;3,80;3.69;16,71;0,29;;92
15/09/26;TELEFONICA;CALL;Oct-26;3,90;3.69;16,43;0,14;;2
15/09/26;TELEFONICA;CALL;Nov-26;3,20;3.69;23,90;0,93;;1
15/09/26;TELEFONICA;CALL;Nov-26;3,70;3.69;20,21;0,52;;3
15/09/26;TELEFONICA;CALL;Nov-26;3,80;3.69;19,93;0,40;;15
15/09/26;TELEFONICA;CALL;Dic-26;2,90;3.69;26,76;0,97;;1
15/09/26;TELEFONICA;CALL;Dic-26;3,00;3.69;26,05;0,95;;10
15/09/26;TELEFONICA;CALL;Dic-26;3,20;3.69;24,64;0,90;;5
15/09/26;TELEFONICA;CALL;Dic-26;3,30;3.69;23,94;0,85;;10
15/09/26;TELEFONICA;CALL;Dic-26;3,40;3.69;23,23;0,79;;65
15/09/26;TELEFONICA;CALL;Dic-26;3,50;3.69;22,53;0,72;;195
15/09/26;TELEFONICA;CALL;Dic-26;3,60;3.69;21,82;0,63;;86.509
15/09/26;TELEFONICA;CALL;Dic-26;3,70;3.69;21,17;0,53;;1.969
15/09/26;TELEFONICA;CALL;Dic-26;3,80;3.69;20,89;0,43;;2.330
15/09/26;TELEFONICA;CALL;Dic-26;3,90;3.69;20,61;0,34;;657
15/09/26;TELEFONICA;CALL;Dic-26;4,00;3.69;20,33;0,25;;120.750
15/09/26;TELEFONICA;CALL;Dic-26;4,10;3.69;20,05;0,18;;570
15/09/26;TELEFONICA;CALL;Dic-26;4,20;3.69;19,77;0,12;;1.214
15/09/26;TELEFONICA;CALL;Dic-26;4,30;3.69;19,49;0,08;;511
15/09/26;TELEFONICA;CALL;Dic-26;4,40;3.69;19,21;0,05;;14
15/09/26;TELEFONICA;CALL;Dic-26;4,50;3.69;18,92;0,03;;43.670
15/09/26;TELEFONICA;CALL;Dic-26;4,60;3.69;18,64;0,01;;35.000
15/09/26;TELEFONICA;CALL;Dic-26;4,70;3.69;18,36;0,01;;20.010
15/09/26;TELEFONICA;CALL;Dic-26;4,90;3.69;17,80;;;8.004
15/09/26;TELEFONICA;CALL;Dic-26;5,00;3.69;17,52;;;771
15/09/26;TELEFONICA;CALL;Dic-26;5,25;3.69;16,82;;;8
15/09/26;TELEFONICA;CALL;Dic-26;5,50;3.69;16,12;;;2
15/09/26;TELEFONICA;CALL;Mar-27;2,20;3.69;29,00;1,00;;1
15/09/26;TELEFONICA;CALL;Mar-27;3,10;3.69;24,52;0,88;;30
15/09/26;TELEFONICA;CALL;Mar-27;3,20;3.69;24,03;0,84;;10
15/09/26;TELEFONICA;CALL;Mar-27;3,40;3.69;23,03;0,75;;1
15/09/26;TELEFONICA;CALL;Mar-27;3,50;3.69;22,53;0,69;;2
15/09/26;TELEFONICA;CALL;Mar-27;3,60;3.69;22,04;0,63;;52
15/09/26;TELEFONICA;CALL;Mar-27;3,70;3.69;21,57;0,56;;423
15/09/26;TELEFONICA;CALL;Mar-27;3,80;3.69;21,28;0,49;2;9
15/09/26;TELEFONICA;CALL;Mar-27;3,90;3.69;20,99;0,42;;5
15/09/26;TELEFONICA;CALL;Mar-27;4,00;3.69;20,70;0,35;;140
15/09/26;TELEFONICA;CALL;Mar-27;4,20;3.69;20,12;0,23;;70
15/09/26;TELEFONICA;CALL;Mar-27;4,30;3.69;19,83;0,18;;4
15/09/26;TELEFONICA;CALL;Mar-27;4,40;3.69;19,54;0,14;;5.000
15/09/26;TELEFONICA;CALL;Mar-27;4,60;3.69;18,96;0,07;;20.000
15/09/26;TELEFONICA;CALL;Mar-27;4,80;3.69;18,38;0,03;;25
15/09/26;TELEFONICA;CALL;Jun-27;2,00;3.69;28,71;1,00;;10
15/09/26;TELEFONICA;CALL;Jun-27;3,00;3.69;24,91;0,89;;5
15/09/26;TELEFONICA;CALL;Jun-27;3,50;3.69;23,01;0,69;;1
15/09/26;TELEFONICA;CALL;Jun-27;3,60;3.69;22,63;0,63;;100
15/09/26;TELEFONICA;CALL;Jun-27;3,80;3.69;22,03;0,52;;26
15/09/26;TELEFONICA;CALL;Jun-27;3,90;3.69;21,78;0,46;;14
15/09/26;TELEFONICA;CALL;Jun-27;4,00;3.69;21,54;0,40;;58
15/09/26;TELEFONICA;CALL;Jun-27;4,10;3.69;21,29;0,35;;4.028
15/09/26;TELEFONICA;CALL;Jun-27;4,20;3.69;21,05;0,30;;24.007
15/09/26;TELEFONICA;CALL;Jun-27;4,30;3.69;20,81;0,25;;100
15/09/26;TELEFONICA;CALL;Jun-27;4,40;3.69;20,56;0,21;;456
15/09/26;TELEFONICA;CALL;Jun-27;4,50;3.69;20,32;0,17;;6.700
15/09/26;TELEFONICA;CALL;Jun-27;4,70;3.69;19,83;0,11;;10
15/09/26;TELEFONICA;CALL;Jun-27;4,80;3.69;19,59;0,08;;150
15/09/26;TELEFONICA;CALL;Jun-27;4,90;3.69;19,34;0,06;;150
15/09/26;TELEFONICA;CALL;Jun-27;5,00;3.69;19,10;0,04;;150
15/09/26;TELEFONICA;CALL;Jun-27;5,50;3.69;17,88;0,01;;5
15/09/26;TELEFONICA;CALL;Jun-27;5,75;3.69;17,27;;;20
15/09/26;TELEFONICA;CALL;Sep-27;3,70;3.69;23,08;0,57;;31
15/09/26;TELEFONICA;CALL;Sep-27;3,80;3.69;22,84;0,52;;4
15/09/26;TELEFONICA;CALL;Sep-27;3,90;3.69;22,59;0,47;;150
15/09/26;TELEFONICA;CALL;Sep-27;4,60;3.69;20,88;0,17;;2
15/09/26;TELEFONICA;CALL;Sep-27;5,50;3.69;18,69;0,02;;22
15/09/26;TELEFONICA;CALL;Dic-27;2,30;3.69;28,02;0,98;;10
15/09/26;TELEFONICA;CALL;Dic-27;2,40;3.69;27,75;0,97;;10
15/09/26;TELEFONICA;CALL;Dic-27;2,50;3.69;27,48;0,96;;10
15/09/26;TELEFONICA;CALL;Dic-27;2,60;3.69;27,21;0,94;;10
15/09/26;TELEFONICA;CALL;Dic-27;2,70;3.69;26,94;0,93;;25
15/09/26;TELEFONICA;CALL;Dic-27;2,80;3.69;26,67;0,90;;15
15/09/26;TELEFONICA;CALL;Dic-27;2,90;3.69;26,40;0,88;;15
15/09/26;TELEFONICA;CALL;Dic-27;3,00;3.69;26,13;0,85;;3
15/09/26;TELEFONICA;CALL;Dic-27;3,10;3.69;25,85;0,81;;9
15/09/26;TELEFONICA;CALL;Dic-27;3,20;3.69;25,58;0,78;;750
15/09/26;TELEFONICA;CALL;Dic-27;3,50;3.69;24,77;0,66;;140
15/09/26;TELEFONICA;CALL;Dic-27;3,60;3.69;24,50;0,61;1;22
15/09/26;TELEFONICA;CALL;Dic-27;3,70;3.69;24,24;0,57;;10
15/09/26;TELEFONICA;CALL;Dic-27;3,80;3.69;24,03;0,53;;9.011
15/09/26;TELEFONICA;CALL;Dic-27;3,90;3.69;23,82;0,48;;1
15/09/26;TELEFONICA;CALL;Dic-27;4,00;3.69;23,61;0,44;;870
15/09/26;TELEFONICA;CALL;Dic-27;4,10;3.69;23,40;0,40;;102
15/09/26;TELEFONICA;CALL;Dic-27;4,20;3.69;23,20;0,36;;3
15/09/26;TELEFONICA;CALL;Dic-27;4,30;3.69;22,99;0,32;;36
15/09/26;TELEFONICA;CALL;Dic-27;4,40;3.69;22,78;0,29;;79
15/09/26;TELEFONICA;CALL;Dic-27;4,50;3.69;22,57;0,25;;139
15/09/26;TELEFONICA;CALL;Dic-27;4,60;3.69;22,36;0,22;;4.001
15/09/26;TELEFONICA;CALL;Dic-27;4,70;3.69;22,16;0,19;;30.150
15/09/26;TELEFONICA;CALL;Dic-27;5,00;3.69;21,53;0,12;;486
15/09/26;TELEFONICA;CALL;Dic-27;5,25;3.69;21,01;0,08;;167
15/09/26;TELEFONICA;CALL;Dic-27;5,50;3.69;20,49;0,05;;25
15/09/26;TELEFONICA;CALL;Dic-27;6,00;3.69;19,45;0,02;;21.105
15/09/26;TELEFONICA;CALL;Mar-28;2,10;3.69;28,76;0,99;;10
15/09/26;TELEFONICA;CALL;Mar-28;2,20;3.69;28,53;0,98;;10
15/09/26;TELEFONICA;CALL;Mar-28;2,30;3.69;28,29;0,97;;10
15/09/26;TELEFONICA;CALL;Mar-28;2,40;3.69;28,06;0,96;;10
15/09/26;TELEFONICA;CALL;Mar-28;2,50;3.69;27,82;0,95;;10
15/09/26;TELEFONICA;CALL;Mar-28;2,60;3.69;27,59;0,93;;10
15/09/26;TELEFONICA;CALL;Mar-28;2,70;3.69;27,35;0,91;;50
15/09/26;TELEFONICA;CALL;Mar-28;2,80;3.69;27,12;0,88;;15
15/09/26;TELEFONICA;CALL;Mar-28;2,90;3.69;26,88;0,85;;15
15/09/26;TELEFONICA;CALL;Mar-28;3,00;3.69;26,65;0,82;;20
15/09/26;TELEFONICA;CALL;Mar-28;3,10;3.69;26,41;0,79;;20
15/09/26;TELEFONICA;CALL;Mar-28;3,20;3.69;26,18;0,76;;27
15/09/26;TELEFONICA;CALL;Mar-28;3,30;3.69;25,94;0,72;;25
15/09/26;TELEFONICA;CALL;Mar-28;3,40;3.69;25,71;0,68;;521
15/09/26;TELEFONICA;CALL;Mar-28;3,50;3.69;25,47;0,65;;27
15/09/26;TELEFONICA;CALL;Mar-28;3,60;3.69;25,24;0,61;;26
15/09/26;TELEFONICA;CALL;Mar-28;3,70;3.69;25,01;0,57;;25
15/09/26;TELEFONICA;CALL;Mar-28;3,80;3.69;24,82;0,54;;1
15/09/26;TELEFONICA;CALL;Mar-28;4,00;3.69;24,44;0,46;;10
15/09/26;TELEFONICA;CALL;Mar-28;4,10;3.69;24,25;0,43;;1
15/09/26;TELEFONICA;CALL;Mar-28;4,50;3.69;23,49;0,30;;100
15/09/26;TELEFONICA;CALL;Mar-28;4,60;3.69;23,30;0,27;;1
15/09/26;TELEFONICA;CALL;Jun-28;4,00;3.69;24,79;0,48;;100
15/09/26;TELEFONICA;CALL;Jun-28;4,50;3.69;23,94;0,32;;2
15/09/26;TELEFONICA;CALL;Jun-28;4,60;3.69;23,76;0,30;;150
15/09/26;TELEFONICA;CALL;Jun-28;4,70;3.69;23,59;0,27;;175
15/09/26;TELEFONICA;CALL;Jun-28;5,00;3.69;23,08;0,20;;4
15/09/26;TELEFONICA;CALL;Sep-28;3,50;3.69;25,89;0,65;;30
15/09/26;TELEFONICA;CALL;Sep-28;4,00;3.69;25,07;0,49;;1
15/09/26;TELEFONICA;CALL;Dic-28;3,20;3.69;26,75;0,74;;25
15/09/26;TELEFONICA;CALL;Dic-28;3,50;3.69;26,27;0,64;;30
15/09/26;TELEFONICA;CALL;Dic-28;3,80;3.69;25,81;0,55;;3
15/09/26;TELEFONICA;CALL;Dic-28;4,00;3.69;25,54;0,49;;18
15/09/26;TELEFONICA;CALL;Dic-28;4,50;3.69;24,86;0,36;;55
15/09/26;TELEFONICA;CALL;Dic-28;4,80;3.69;24,45;0,29;;10
15/09/26;TELEFONICA;CALL;Dic-28;5,00;3.69;24,18;0,25;;65
15/09/26;TELEFONICA;CALL;Dic-28;5,25;3.69;23,84;0,20;;50
15/09/26;TELEFONICA;CALL;Jun-29;4,50;3.69;25,65;0,39;;5
15/09/26;TELEFONICA;CALL;Dic-29;3,40;3.69;27,36;0,67;;10
15/09/26;TELEFONICA;CALL;Dic-29;4,30;3.69;26,39;0,46;;1
15/09/26;TELEFONICA;CALL;Dic-29;4,50;3.69;26,17;0,42;;37
15/09/26;TELEFONICA;CALL;Dic-29;5,00;3.69;25,63;0,32;;543
15/09/26;TELEFONICA;CALL;Jun-30;5,75;3.69;25,32;0,24;;250
15/09/26;TELEFONICA;CALL;Dic-30;4,50;3.69;26,88;0,45;;3
15/09/26;TELEFONICA;CALL;Jun-31;4,40;3.69;27,21;0,48;;50
15/09/26;TELEFONICA;PUT;Sep-26;2,60;3.69;27,06;;;4
15/09/26;TELEFONICA;PUT;Sep-26;2,70;3.69;26,31;;;5
15/09/26;TELEFONICA;PUT;Sep-26;2,90;3.69;24,81;;;28
15/09/26;TELEFONICA;PUT;Sep-26;3,00;3.69;24,06;;;2
15/09/26;TELEFONICA;PUT;Sep-26;3,10;3.69;23,31;;;20
15/09/26;TELEFONICA;PUT;Sep-26;3,20;3.69;22,56;;;23
15/09/26;TELEFONICA;PUT;Sep-26;3,30;3.69;21,81;;;142
15/09/26;TELEFONICA;PUT;Sep-26;3,40;3.69;21,06;;;94
15/09/26;TELEFONICA;PUT;Sep-26;3,50;3.69;20,31;;;196
15/09/26;TELEFONICA;PUT;Sep-26;3,60;3.69;19,56;-0,08;;233
15/09/26;TELEFONICA;PUT;Sep-26;3,70;3.69;18,87;-0,57;;10.100
15/09/26;TELEFONICA;PUT;Sep-26;3,80;3.69;18,59;-0,97;;227
15/09/26;TELEFONICA;PUT;Sep-26;3,90;3.69;18,31;-1,00;;305
15/09/26;TELEFONICA;PUT;Sep-26;4,00;3.69;18,03;-1,00;;20
15/09/26;TELEFONICA;PUT;Sep-26;4,10;3.69;17,75;-1,00;;15
15/09/26;TELEFONICA;PUT;Sep-26;4,20;3.69;17,47;-1,00;;7
15/09/26;TELEFONICA;PUT;Sep-26;4,30;3.69;17,19;-1,00;;6
15/09/26;TELEFONICA;PUT;Oct-26;3,50;3.69;20,37;-0,17;;78
15/09/26;TELEFONICA;PUT;Oct-26;3,60;3.69;19,62;-0,32;;347
15/09/26;TELEFONICA;PUT;Oct-26;4,00;3.69;18,09;-0,95;;25
15/09/26;TELEFONICA;PUT;Nov-26;3,40;3.69;22,91;-0,18;;30
15/09/26;TELEFONICA;PUT;Nov-26;3,50;3.69;22,16;-0,26;;21
15/09/26;TELEFONICA;PUT;Nov-26;3,60;3.69;21,41;-0,36;;4
15/09/26;TELEFONICA;PUT;Nov-26;3,80;3.69;20,44;-0,61;;40
15/09/26;TELEFONICA;PUT;Dic-26;2,50;3.69;29,68;;;8
15/09/26;TELEFONICA;PUT;Dic-26;2,80;3.69;27,56;-0,02;;100
15/09/26;TELEFONICA;PUT;Dic-26;2,90;3.69;26,86;-0,03;;50
15/09/26;TELEFONICA;PUT;Dic-26;3,00;3.69;26,15;-0,05;;13
15/09/26;TELEFONICA;PUT;Dic-26;3,10;3.69;25,45;-0,07;;212
15/09/26;TELEFONICA;PUT;Dic-26;3,20;3.69;24,74;-0,11;;177
15/09/26;TELEFONICA;PUT;Dic-26;3,30;3.69;24,04;-0,15;;46
15/09/26;TELEFONICA;PUT;Dic-26;3,40;3.69;23,33;-0,22;;65.243
15/09/26;TELEFONICA;PUT;Dic-26;3,50;3.69;22,63;-0,29;;20.219
15/09/26;TELEFONICA;PUT;Dic-26;3,60;3.69;21,92;-0,38;;95.172
15/09/26;TELEFONICA;PUT;Dic-26;3,70;3.69;21,27;-0,47;;320
15/09/26;TELEFONICA;PUT;Dic-26;3,80;3.69;20,99;-0,58;;348
15/09/26;TELEFONICA;PUT;Dic-26;3,90;3.69;20,71;-0,68;;2.732
15/09/26;TELEFONICA;PUT;Dic-26;4,00;3.69;20,43;-0,77;;107.538
15/09/26;TELEFONICA;PUT;Dic-26;4,10;3.69;20,15;-0,85;;1
15/09/26;TELEFONICA;PUT;Dic-26;4,20;3.69;19,87;-0,92;;13
15/09/26;TELEFONICA;PUT;Dic-26;4,30;3.69;19,59;-0,97;;83
15/09/26;TELEFONICA;PUT;Dic-26;4,50;3.69;19,02;-1,00;;37.510
15/09/26;TELEFONICA;PUT;Dic-26;4,60;3.69;18,74;-1,00;;15.000
15/09/26;TELEFONICA;PUT;Mar-27;3,10;3.69;24,55;-0,13;;8
15/09/26;TELEFONICA;PUT;Mar-27;3,20;3.69;24,06;-0,16;;33
15/09/26;TELEFONICA;PUT;Mar-27;3,30;3.69;23,56;-0,21;;1
15/09/26;TELEFONICA;PUT;Mar-27;3,40;3.69;23,06;-0,26;;7
15/09/26;TELEFONICA;PUT;Mar-27;3,50;3.69;22,56;-0,32;;38
15/09/26;TELEFONICA;PUT;Mar-27;3,60;3.69;22,07;-0,38;;60
15/09/26;TELEFONICA;PUT;Mar-27;3,70;3.69;21,60;-0,46;;19
15/09/26;TELEFONICA;PUT;Mar-27;3,80;3.69;21,31;-0,53;;220
15/09/26;TELEFONICA;PUT;Mar-27;3,90;3.69;21,02;-0,60;;724
15/09/26;TELEFONICA;PUT;Mar-27;4,00;3.69;20,73;-0,68;;681
15/09/26;TELEFONICA;PUT;Mar-27;4,10;3.69;20,44;-0,75;;29
15/09/26;TELEFONICA;PUT;Mar-27;4,20;3.69;20,15;-0,82;;600
15/09/26;TELEFONICA;PUT;Mar-27;4,40;3.69;19,57;-0,93;;5.000
15/09/26;TELEFONICA;PUT;Mar-27;4,50;3.69;19,28;-0,98;;5
15/09/26;TELEFONICA;PUT;Mar-27;4,60;3.69;18,99;-1,00;;20.000
15/09/26;TELEFONICA;PUT;Jun-27;3,10;3.69;22,16;-0,19;;2
15/09/26;TELEFONICA;PUT;Jun-27;3,20;3.69;21,78;-0,23;;15
15/09/26;TELEFONICA;PUT;Jun-27;3,30;3.69;21,40;-0,28;;25
15/09/26;TELEFONICA;PUT;Jun-27;3,40;3.69;21,02;-0,33;;41
15/09/26;TELEFONICA;PUT;Jun-27;3,50;3.69;20,64;-0,39;;52
15/09/26;TELEFONICA;PUT;Jun-27;3,60;3.69;20,26;-0,45;;25.100
15/09/26;TELEFONICA;PUT;Jun-27;3,70;3.69;19,90;-0,52;;22
15/09/26;TELEFONICA;PUT;Jun-27;3,80;3.69;19,66;-0,58;;4.565
15/09/26;TELEFONICA;PUT;Jun-27;3,90;3.69;19,41;-0,64;;19
15/09/26;TELEFONICA;PUT;Jun-27;4,00;3.69;19,17;-0,70;;10
15/09/26;TELEFONICA;PUT;Jun-27;4,10;3.69;18,92;-0,75;;20
15/09/26;TELEFONICA;PUT;Jun-27;4,20;3.69;18,68;-0,80;;20
15/09/26;TELEFONICA;PUT;Jun-27;4,30;3.69;18,44;-0,84;;20
15/09/26;TELEFONICA;PUT;Jun-27;4,40;3.69;18,19;-0,88;;5
15/09/26;TELEFONICA;PUT;Jun-27;4,60;3.69;17,70;-0,93;;4
15/09/26;TELEFONICA;PUT;Jun-27;5,00;3.69;16,73;-0,98;;96
15/09/26;TELEFONICA;PUT;Jun-27;5,50;3.69;15,51;-1,00;;240
15/09/26;TELEFONICA;PUT;Sep-27;2,50;3.69;22,46;-0,04;;20
15/09/26;TELEFONICA;PUT;Sep-27;2,90;3.69;21,23;-0,12;;30
15/09/26;TELEFONICA;PUT;Sep-27;3,00;3.69;20,92;-0,15;;6
15/09/26;TELEFONICA;PUT;Sep-27;3,10;3.69;20,62;-0,19;;1
15/09/26;TELEFONICA;PUT;Sep-27;3,70;3.69;18,78;-0,51;;2
15/09/26;TELEFONICA;PUT;Sep-27;3,80;3.69;18,54;-0,57;;1
15/09/26;TELEFONICA;PUT;Sep-27;4,00;3.69;18,05;-0,68;;4
15/09/26;TELEFONICA;PUT;Sep-27;4,10;3.69;17,80;-0,73;;1
15/09/26;TELEFONICA;PUT;Sep-27;4,20;3.69;17,56;-0,78;;2
15/09/26;TELEFONICA;PUT;Sep-27;5,75;3.69;13,78;-1,00;;25
15/09/26;TELEFONICA;PUT;Dic-27;2,20;3.69;24,59;-0,02;;6.000
15/09/26;TELEFONICA;PUT;Dic-27;2,80;3.69;22,97;-0,12;;3
15/09/26;TELEFONICA;PUT;Dic-27;3,00;3.69;22,43;-0,18;;7.500
15/09/26;TELEFONICA;PUT;Dic-27;3,20;3.69;21,88;-0,26;;1
15/09/26;TELEFONICA;PUT;Dic-27;3,30;3.69;21,61;-0,30;;5
15/09/26;TELEFONICA;PUT;Dic-27;3,40;3.69;21,34;-0,34;;10
15/09/26;TELEFONICA;PUT;Dic-27;3,50;3.69;21,07;-0,39;;10
15/09/26;TELEFONICA;PUT;Dic-27;3,60;3.69;20,80;-0,44;;30.000
15/09/26;TELEFONICA;PUT;Dic-27;3,70;3.69;20,54;-0,49;;5
15/09/26;TELEFONICA;PUT;Dic-27;3,80;3.69;20,33;-0,54;;9.003
15/09/26;TELEFONICA;PUT;Dic-27;4,00;3.69;19,91;-0,64;;20.003
15/09/26;TELEFONICA;PUT;Dic-27;4,10;3.69;19,70;-0,68;;3
15/09/26;TELEFONICA;PUT;Dic-27;4,20;3.69;19,50;-0,73;;1
15/09/26;TELEFONICA;PUT;Dic-27;4,30;3.69;19,29;-0,77;;4
15/09/26;TELEFONICA;PUT;Dic-27;4,40;3.69;19,08;-0,81;;3
15/09/26;TELEFONICA;PUT;Dic-27;4,50;3.69;18,87;-0,84;;3
15/09/26;TELEFONICA;PUT;Dic-27;4,60;3.69;18,66;-0,87;;250
15/09/26;TELEFONICA;PUT;Dic-27;4,70;3.69;18,46;-0,90;;30.000
15/09/26;TELEFONICA;PUT;Dic-27;5,00;3.69;17,83;-0,95;;5
15/09/26;TELEFONICA;PUT;Dic-27;5,50;3.69;16,79;-0,99;;5
15/09/26;TELEFONICA;PUT;Mar-28;2,70;3.69;23,66;-0,11;;4
15/09/26;TELEFONICA;PUT;Mar-28;3,30;3.69;22,25;-0,30;;6
15/09/26;TELEFONICA;PUT;Mar-28;3,80;3.69;21,13;-0,52;;1
15/09/26;TELEFONICA;PUT;Mar-28;3,90;3.69;20,94;-0,57;;40
15/09/26;TELEFONICA;PUT;Mar-28;4,00;3.69;20,75;-0,61;;25
15/09/26;TELEFONICA;PUT;Mar-28;4,30;3.69;20,18;-0,73;;2
15/09/26;TELEFONICA;PUT;Mar-28;4,50;3.69;19,80;-0,80;;1
15/09/26;TELEFONICA;PUT;Mar-28;4,60;3.69;19,61;-0,84;;1
15/09/26;TELEFONICA;PUT;Mar-28;4,90;3.69;19,04;-0,91;2;2
15/09/26;TELEFONICA;PUT;Mar-28;5,25;3.69;18,38;-0,96;;4
15/09/26;TELEFONICA;PUT;Mar-28;5,50;3.69;17,90;-0,98;;17
15/09/26;TELEFONICA;PUT;Jun-28;3,60;3.69;21,81;-0,45;;3
15/09/26;TELEFONICA;PUT;Jun-28;4,10;3.69;20,92;-0,63;;25
15/09/26;TELEFONICA;PUT;Sep-28;4,00;3.69;21,37;-0,58;;25
15/09/26;TELEFONICA;PUT;Sep-28;4,20;3.69;21,06;-0,65;;25
15/09/26;TELEFONICA;PUT;Dic-28;3,00;3.69;23,20;-0,24;;20.000
15/09/26;TELEFONICA;PUT;Dic-28;3,50;3.69;22,39;-0,40;;5
15/09/26;TELEFONICA;PUT;Dic-28;4,80;3.69;20,57;-0,80;;50
15/09/26;TELEFONICA;PUT;Dic-29;3,50;3.69;22,90;-0,40;;150
15/09/26;TELEFONICA;CALL;Sep-26;3,50;3.69;17,97;1,00;;1
15/09/26;TELEFONICA;CALL;Sep-26;3,60;3.69;17,22;0,94;;2
15/09/26;TELEFONICA;CALL;Sep-26;3,90;3.69;15,97;;;85
15/09/26;TELEFONICA;CALL;Sep-26;4,00;3.69;15,69;;;32
15/09/26;TELEFONICA;CALL;Dic-26;3,70;3.69;21,17;0,53;;54
15/09/26;TELEFONICA;CALL;Dic-26;4,30;3.69;19,49;0,08;;27
15/09/26;TELEFONICA;CALL;Dic-26;5,25;3.69;16,82;;;190
15/09/26;TELEFONICA;CALL;Mar-27;3,80;3.69;21,28;0,48;;40
15/09/26;TELEFONICA;CALL;Sep-27;3,70;3.69;23,08;0,51;;10
15/09/26;TELEFONICA;PUT;Sep-26;3,30;3.69;21,81;;;5
15/09/26;TELEFONICA;PUT;Sep-26;3,80;3.69;18,59;-0,96;;10
15/09/26;TELEFONICA;PUT;Sep-26;4,00;3.69;18,03;-1,00;;700
15/09/26;TELEFONICA;PUT;Sep-26;4,30;3.69;17,19;-1,00;;100
15/09/26;TELEFONICA;PUT;Dic-26;3,40;3.69;23,33;-0,21;;4
15/09/26;TELEFONICA;PUT;Dic-26;3,80;3.69;20,99;-0,56;;50
15/09/26;TELEFONICA;PUT;Dic-26;3,90;3.69;20,71;-0,66;;10
15/09/26;TELEFONICA;PUT;Dic-26;4,20;3.69;19,87;-0,87;;50
15/09/26;TELEFONICA;PUT;Dic-26;4,30;3.69;19,59;-0,92;;5
15/09/26;TELEFONICA;PUT;Dic-26;4,40;3.69;19,31;-0,95;;5
15/09/26;TELEFONICA;PUT;Dic-26;7,50;3.69;11,07;-0,99;;5
15/09/26;TELEFONICA;PUT;Dic-26;9,50;3.69;11,07;-0,99;;50
15/09/26;TELEFONICA;PUT;Dic-26;11,00;3.69;11,07;-0,99;;52
15/09/26;TELEFONICA;PUT;Dic-26;12,00;3.69;11,07;-0,99;;361
15/09/26;TELEFONICA;PUT;Dic-26;16,50;3.69;11,07;-0,99;;14
15/09/26;TELEFONICA;PUT;Mar-27;3,20;3.69;24,06;-0,16;;800
15/09/26;TELEFONICA;PUT;Mar-27;3,40;3.69;23,06;-0,25;;1.000
15/09/26;TELEFONICA;PUT;Mar-27;3,60;3.69;22,07;-0,37;;1.200
15/09/26;TELEFONICA;PUT;Mar-27;3,80;3.69;21,31;-0,50;;40
15/09/26;TELEFONICA;PUT;Mar-27;7,75;3.69;11,07;-0,99;;750
15/09/26;TELEFONICA;PUT;Jun-27;4,90;3.69;16,97;-0,95;;5
15/09/26;TELEFONICA;PUT;Jun-27;5,50;3.69;15,51;-0,98;;585
15/09/26;UNICAJA;CALL;Sep-26;2,80;3.62;27,34;1,00;;7
15/09/26;UNICAJA;CALL;Sep-26;3,50;3.62;27,01;0,91;;160
15/09/26;UNICAJA;CALL;Dic-26;3,40;3.62;27,96;0,65;;68
15/09/26;UNICAJA;CALL;Dic-26;3,50;3.62;27,91;0,57;;80
15/09/26;UNICAJA;CALL;Mar-27;3,30;3.62;28,80;0,69;;3
15/09/26;UNICAJA;PUT;Sep-26;2,70;3.62;21,20;;;200
15/09/26;UNICAJA;PUT;Sep-26;3,00;3.62;21,06;;;25
15/09/26;UNICAJA;PUT;Sep-26;3,20;3.62;20,97;;;25
15/09/26;UNICAJA;PUT;Sep-26;3,40;3.62;20,88;;;25
15/09/26;UNICAJA;PUT;Sep-26;3,50;3.62;20,83;-0,04;;25
15/09/26;UNICAJA;PUT;Dic-26;2,30;3.62;22,45;;;5
15/09/26;UNICAJA;PUT;Dic-26;2,50;3.62;22,36;;;4
15/09/26;UNICAJA;PUT;Dic-26;4,00;3.62;21,49;-0,88;;30
15/09/26;VIDRALA;CALL;Sep-26;80,00;87.6;17,13;1,00;;1
15/09/26;VIDRALA;CALL;Dic-26;80,00;87.6;20,23;0,84;;1
15/09/26;VIDRALA;CALL;Dic-26;88,00;87.6;18,67;0,53;;4
15/09/26;VIDRALA;CALL;Dic-26;90,00;87.6;18,54;0,43;;1
15/09/26;VIDRALA;CALL;Mar-27;84,00;87.6;19,01;0,68;;1
15/09/26;VIDRALA;CALL;Mar-27;90,00;87.6;18,41;0,47;;15
15/09/26;VIDRALA;PUT;Sep-26;66,67;87.6;20,26;;;2
15/09/26;VIDRALA;PUT;Sep-26;74,29;87.6;18,64;;;1
15/09/26;VIDRALA;PUT;Sep-26;81,90;87.6;17,01;;;11
15/09/26;VIDRALA;PUT;Dic-26;60,00;87.6;24,89;;;1
15/09/26;VIDRALA;PUT;Dic-26;72,00;87.6;22,47;-0,03;;1
15/09/26;VIDRALA;PUT;Dic-26;74,00;87.6;22,06;-0,05;;3
15/09/26;VIDRALA;PUT;Dic-26;80,00;87.6;20,85;-0,17;;2
15/09/26;VIDRALA;PUT;Mar-27;58,00;87.6;21,64;;;1
15/09/26;VIDRALA;PUT;Mar-27;72,00;87.6;19,78;-0,08;;3
15/09/26;VIDRALA;PUT;Mar-27;76,00;87.6;19,24;-0,14;;10
15/09/26;VISCOFAN;CALL;Sep-26;45,20;54.9;28,63;1,00;;1
15/09/26;VISCOFAN;CALL;Sep-26;49,13;54.9;25,79;1,00;;1
15/09/26;VISCOFAN;CALL;Sep-26;53,06;54.9;22,95;0,95;;2
15/09/26;VISCOFAN;CALL;Sep-26;55,02;54.9;21,49;0,46;;5
15/09/26;VISCOFAN;CALL;Sep-26;56,99;54.9;19,40;0,02;;5
15/09/26;VISCOFAN;CALL;Sep-26;58,95;54.9;17,32;;;45
15/09/26;VISCOFAN;CALL;Sep-26;60,92;54.9;15,22;;;12
15/09/26;VISCOFAN;CALL;Sep-26;64,85;54.9;11,05;;;1
15/09/26;VISCOFAN;CALL;Oct-26;55,02;54.9;16,42;0,51;;1
15/09/26;VISCOFAN;CALL;Oct-26;60,92;54.9;15,77;0,01;;5
15/09/26;VISCOFAN;CALL;Dic-26;62,89;54.9;15,62;0,05;;2
15/09/26;VISCOFAN;CALL;Dic-26;64,85;54.9;15,49;0,02;;1
15/09/26;VISCOFAN;CALL;Mar-27;55,02;54.9;18,16;0,53;;1
15/09/26;VISCOFAN;CALL;Mar-27;56,99;54.9;17,91;0,40;;5
15/09/26;VISCOFAN;CALL;Mar-27;72,71;54.9;15,91;0,01;;1
15/09/26;VISCOFAN;CALL;Jun-27;60,92;54.9;17,83;0,26;;1
15/09/26;VISCOFAN;CALL;Jun-27;70,75;54.9;16,51;0,04;;5
15/09/26;VISCOFAN;PUT;Sep-26;40,29;54.9;33,90;;;1
15/09/26;VISCOFAN;PUT;Sep-26;42,25;54.9;32,48;;;3
15/09/26;VISCOFAN;PUT;Sep-26;43,23;54.9;31,77;;;3
15/09/26;VISCOFAN;PUT;Sep-26;44,22;54.9;31,06;;;4
15/09/26;VISCOFAN;PUT;Sep-26;45,20;54.9;30,35;;;2
15/09/26;VISCOFAN;PUT;Sep-26;46,18;54.9;29,64;;;4
15/09/26;VISCOFAN;PUT;Sep-26;47,16;54.9;28,93;;;4
15/09/26;VISCOFAN;PUT;Sep-26;49,13;54.9;27,51;;;12
15/09/26;VISCOFAN;PUT;Sep-26;51,09;54.9;26,09;;;6
15/09/26;VISCOFAN;PUT;Sep-26;53,06;54.9;24,67;-0,06;;36
15/09/26;VISCOFAN;PUT;Sep-26;55,02;54.9;23,21;-0,53;10;3
15/09/26;VISCOFAN;PUT;Sep-26;58,95;54.9;19,04;-1,00;;3
15/09/26;VISCOFAN;PUT;Oct-26;45,20;54.9;24,09;;;2
15/09/26;VISCOFAN;PUT;Oct-26;51,09;54.9;20,15;-0,10;1;3
15/09/26;VISCOFAN;PUT;Oct-26;53,06;54.9;18,84;-0,25;;7
15/09/26;VISCOFAN;PUT;Oct-26;55,02;54.9;17,60;-0,50;;2
15/09/26;VISCOFAN;PUT;Nov-26;51,09;54.9;21,45;-0,19;;2
15/09/26;VISCOFAN;PUT;Nov-26;55,02;54.9;18,85;-0,48;;10
15/09/26;VISCOFAN;PUT;Nov-26;56,99;54.9;18,71;-0,66;;10
15/09/26;VISCOFAN;PUT;Dic-26;40,29;54.9;30,38;-0,02;;2
15/09/26;VISCOFAN;PUT;Dic-26;42,25;54.9;29,00;-0,03;;1
15/09/26;VISCOFAN;PUT;Dic-26;43,23;54.9;28,31;-0,04;;1
15/09/26;VISCOFAN;PUT;Dic-26;44,22;54.9;27,61;-0,05;;12
15/09/26;VISCOFAN;PUT;Dic-26;45,20;54.9;26,92;-0,06;;1
15/09/26;VISCOFAN;PUT;Dic-26;47,16;54.9;25,54;-0,10;;2
15/09/26;VISCOFAN;PUT;Dic-26;48,15;54.9;24,84;-0,13;;1
15/09/26;VISCOFAN;PUT;Dic-26;49,13;54.9;24,15;-0,16;;5
15/09/26;VISCOFAN;PUT;Dic-26;51,09;54.9;22,77;-0,23;;9
15/09/26;VISCOFAN;PUT;Dic-26;53,06;54.9;21,39;-0,34;;12
15/09/26;VISCOFAN;PUT;Dic-26;55,02;54.9;20,08;-0,47;;2
15/09/26;VISCOFAN;PUT;Mar-27;44,22;54.9;21,84;-0,08;;1
15/09/26;VISCOFAN;PUT;Mar-27;48,15;54.9;19,53;-0,18;;2
15/09/26;VISCOFAN;PUT;Mar-27;49,13;54.9;18,95;-0,22;;7
15/09/26;VISCOFAN;PUT;Mar-27;51,09;54.9;17,79;-0,30;;12
15/09/26;VISCOFAN;PUT;Mar-27;53,06;54.9;16,63;-0,42;;7
15/09/26;VISCOFAN;PUT;Mar-27;55,02;54.9;15,53;-0,55;10;12
15/09/26;VISCOFAN;PUT;Mar-27;56,99;54.9;15,28;-0,68;;5
15/09/26;VISCOFAN;PUT;Jun-27;43,23;54.9;20,69;-0,09;1;1
15/09/26;VISCOFAN;PUT;Jun-27;44,22;54.9;20,21;-0,11;;2
15/09/26;VISCOFAN;PUT;Jun-27;45,20;54.9;19,74;-0,13;;5
15/09/26;VISCOFAN;PUT;Jun-27;47,16;54.9;18,80;-0,19;;2
15/09/26;VISCOFAN;PUT;Jun-27;51,09;54.9;16,92;-0,33;;2
15/09/26;VISCOFAN;PUT;Jun-27;53,06;54.9;15,97;-0,43;;3
15/09/26;VISCOFAN;PUT;Dic-27;44,22;54.9;19,03;-0,14;;1
15/09/26;VISCOFAN;PUT;Dic-28;44,22;54.9;18,11;-0,19;;1
