fecha_boletin;accion;tipo;fecha_vencimiento;strike;spot;volatilidad_cierre;delta_cierre;volumen_contratos;posicion_abierta
25/09/26;MINI IBEX-35;CALL;Oct-26;17.000;19700.1;26,92;0,99;;5
25/09/26;MINI IBEX-35;CALL;Oct-26;18.000;19700.1;22,42;0,95;;3
25/09/26;MINI IBEX-35;CALL;Oct-26;18.100;19700.1;21,97;0,95;;3
25/09/26;MINI IBEX-35;CALL;Oct-26;18.600;19700.1;19,72;0,89;;3
25/09/26;MINI IBEX-35;CALL;Oct-26;19.000;19700.1;17,92;0,80;;4
25/09/26;MINI IBEX-35;CALL;Oct-26;19.050;19700.1;17,69;0,79;;1
25/09/26;MINI IBEX-35;CALL;Oct-26;19.150;19700.1;17,24;0,76;;1
25/09/26;MINI IBEX-35;CALL;Oct-26;19.200;19700.1;17,02;0,74;;3
25/09/26;MINI IBEX-35;CALL;Oct-26;19.300;19700.1;16,57;0,70;;3
25/09/26;MINI IBEX-35;CALL;Oct-26;19.400;19700.1;16,12;0,66;;5
25/09/26;MINI IBEX-35;CALL;Oct-26;19.450;19700.1;15,89;0,64;;11
25/09/26;MINI IBEX-35;CALL;Oct-26;19.500;19700.1;15,67;0,61;3;2
25/09/26;MINI IBEX-35;CALL;Oct-26;19.550;19700.1;15,44;0,59;;11
25/09/26;MINI IBEX-35;CALL;Oct-26;19.600;19700.1;15,22;0,56;;8
25/09/26;MINI IBEX-35;CALL;Oct-26;19.650;19700.1;14,99;0,53;6;7
25/09/26;MINI IBEX-35;CALL;Oct-26;19.700;19700.1;14,77;0,51;4;5
25/09/26;MINI IBEX-35;CALL;Oct-26;19.750;19700.1;14,67;0,48;;1
25/09/26;MINI IBEX-35;CALL;Oct-26;19.800;19700.1;14,56;0,45;1;110
25/09/26;MINI IBEX-35;CALL;Oct-26;19.850;19700.1;14,46;0,42;;1
25/09/26;MINI IBEX-35;CALL;Oct-26;19.900;19700.1;14,36;0,39;1;11
25/09/26;MINI IBEX-35;CALL;Oct-26;19.950;19700.1;14,25;0,36;3;3
25/09/26;MINI IBEX-35;CALL;Oct-26;20.000;19700.1;14,15;0,33;5;26
25/09/26;MINI IBEX-35;CALL;Oct-26;20.050;19700.1;14,05;0,31;1;101
25/09/26;MINI IBEX-35;CALL;Oct-26;20.100;19700.1;13,94;0,28;1;105
25/09/26;MINI IBEX-35;CALL;Oct-26;20.150;19700.1;13,84;0,25;;12
25/09/26;MINI IBEX-35;CALL;Oct-26;20.200;19700.1;13,74;0,23;3;118
25/09/26;MINI IBEX-35;CALL;Oct-26;20.250;19700.1;13,63;0,21;1;12
25/09/26;MINI IBEX-35;CALL;Oct-26;20.300;19700.1;13,53;0,18;;8
25/09/26;MINI IBEX-35;CALL;Oct-26;20.350;19700.1;13,43;0,16;;1
25/09/26;MINI IBEX-35;CALL;Oct-26;20.400;19700.1;13,32;0,14;;3
25/09/26;MINI IBEX-35;CALL;Oct-26;20.450;19700.1;13,22;0,12;;2
25/09/26;MINI IBEX-35;CALL;Oct-26;20.500;19700.1;13,12;0,11;3;15
25/09/26;MINI IBEX-35;CALL;Oct-26;20.550;19700.1;13,01;0,09;;1
25/09/26;MINI IBEX-35;CALL;Oct-26;20.600;19700.1;12,91;0,08;35;106
25/09/26;MINI IBEX-35;CALL;Oct-26;20.650;19700.1;12,81;0,07;;106
25/09/26;MINI IBEX-35;CALL;Oct-26;20.700;19700.1;12,70;0,05;;115
25/09/26;MINI IBEX-35;CALL;Oct-26;20.750;19700.1;12,60;0,05;;100
25/09/26;MINI IBEX-35;CALL;Oct-26;20.800;19700.1;12,50;0,04;;12
25/09/26;MINI IBEX-35;CALL;Oct-26;20.900;19700.1;12,29;0,02;;1
25/09/26;MINI IBEX-35;CALL;Oct-26;21.000;19700.1;12,08;0,01;;11
25/09/26;MINI IBEX-35;CALL;Oct-26;21.100;19700.1;11,88;0,01;;4
25/09/26;MINI IBEX-35;CALL;Oct-26;21.200;19700.1;11,67;;;1
25/09/26;MINI IBEX-35;CALL;Oct-26;21.300;19700.1;11,47;;;5
25/09/26;MINI IBEX-35;CALL;Oct-26;21.400;19700.1;11,26;;;2
25/09/26;MINI IBEX-35;CALL;Oct-26;21.600;19700.1;10,85;;;2
25/09/26;MINI IBEX-35;CALL;Nov-26;19.200;19700.1;17,07;0,65;;1
25/09/26;MINI IBEX-35;CALL;Nov-26;19.300;19700.1;16,70;0,63;;1
25/09/26;MINI IBEX-35;CALL;Nov-26;19.500;19700.1;15,96;0,57;;1
25/09/26;MINI IBEX-35;CALL;Nov-26;19.700;19700.1;15,26;0,50;;4
25/09/26;MINI IBEX-35;CALL;Nov-26;19.900;19700.1;14,90;0,43;;2
25/09/26;MINI IBEX-35;CALL;Nov-26;19.950;19700.1;14,81;0,42;;3
25/09/26;MINI IBEX-35;CALL;Nov-26;20.000;19700.1;14,72;0,40;;10
25/09/26;MINI IBEX-35;CALL;Nov-26;20.100;19700.1;14,54;0,37;;1
25/09/26;MINI IBEX-35;CALL;Nov-26;20.150;19700.1;14,45;0,35;;5
25/09/26;MINI IBEX-35;CALL;Nov-26;20.200;19700.1;14,36;0,33;;3
25/09/26;MINI IBEX-35;CALL;Nov-26;20.300;19700.1;14,18;0,30;;4
25/09/26;MINI IBEX-35;CALL;Nov-26;20.400;19700.1;14,00;0,26;;2
25/09/26;MINI IBEX-35;CALL;Nov-26;20.500;19700.1;13,82;0,23;;1
25/09/26;MINI IBEX-35;CALL;Nov-26;20.600;19700.1;13,64;0,20;;6
25/09/26;MINI IBEX-35;CALL;Nov-26;20.700;19700.1;13,46;0,18;;11
25/09/26;MINI IBEX-35;CALL;Nov-26;20.800;19700.1;13,29;0,15;;20
25/09/26;MINI IBEX-35;CALL;Nov-26;20.900;19700.1;13,11;0,13;;3
25/09/26;MINI IBEX-35;CALL;Nov-26;21.000;19700.1;12,93;0,11;;12
25/09/26;MINI IBEX-35;CALL;Nov-26;21.200;19700.1;12,57;0,07;;2
25/09/26;MINI IBEX-35;CALL;Nov-26;21.250;19700.1;12,48;0,06;;1
25/09/26;MINI IBEX-35;CALL;Nov-26;21.400;19700.1;12,21;0,04;;1
25/09/26;MINI IBEX-35;CALL;Nov-26;22.100;19700.1;10,95;;;1
25/09/26;MINI IBEX-35;CALL;Dic-26;7.500;19700.1;54,76;0,99;;3
25/09/26;MINI IBEX-35;CALL;Dic-26;8.300;19700.1;52,20;0,99;;655
25/09/26;MINI IBEX-35;CALL;Dic-26;8.600;19700.1;51,24;0,99;;1.250
25/09/26;MINI IBEX-35;CALL;Dic-26;10.500;19700.1;45,16;0,99;;30
25/09/26;MINI IBEX-35;CALL;Dic-26;12.000;19700.1;40,36;0,99;;12
25/09/26;MINI IBEX-35;CALL;Dic-26;12.200;19700.1;39,72;0,99;;32
25/09/26;MINI IBEX-35;CALL;Dic-26;13.000;19700.1;37,16;0,99;;1
25/09/26;MINI IBEX-35;CALL;Dic-26;14.800;19700.1;31,39;0,97;;32
25/09/26;MINI IBEX-35;CALL;Dic-26;15.000;19700.1;30,75;0,97;;2
25/09/26;MINI IBEX-35;CALL;Dic-26;15.300;19700.1;29,79;0,96;;1
25/09/26;MINI IBEX-35;CALL;Dic-26;16.000;19700.1;27,55;0,94;;10
25/09/26;MINI IBEX-35;CALL;Dic-26;16.400;19700.1;26,27;0,93;;6.000
25/09/26;MINI IBEX-35;CALL;Dic-26;16.700;19700.1;25,31;0,91;;1.500
25/09/26;MINI IBEX-35;CALL;Dic-26;16.900;19700.1;24,67;0,90;;5
25/09/26;MINI IBEX-35;CALL;Dic-26;17.000;19700.1;24,35;0,90;;19
25/09/26;MINI IBEX-35;CALL;Dic-26;17.100;19700.1;24,03;0,89;;5
25/09/26;MINI IBEX-35;CALL;Dic-26;17.200;19700.1;23,71;0,89;;1
25/09/26;MINI IBEX-35;CALL;Dic-26;17.300;19700.1;23,39;0,88;;1
25/09/26;MINI IBEX-35;CALL;Dic-26;17.400;19700.1;23,07;0,87;;8
25/09/26;MINI IBEX-35;CALL;Dic-26;17.500;19700.1;22,75;0,86;;1.006
25/09/26;MINI IBEX-35;CALL;Dic-26;17.600;19700.1;22,43;0,86;;11
25/09/26;MINI IBEX-35;CALL;Dic-26;17.700;19700.1;22,11;0,85;;5.007
25/09/26;MINI IBEX-35;CALL;Dic-26;17.800;19700.1;21,79;0,84;;93
25/09/26;MINI IBEX-35;CALL;Dic-26;17.900;19700.1;21,47;0,83;;5.004
25/09/26;MINI IBEX-35;CALL;Dic-26;18.000;19700.1;21,15;0,82;;7
25/09/26;MINI IBEX-35;CALL;Dic-26;18.100;19700.1;20,83;0,81;;1
25/09/26;MINI IBEX-35;CALL;Dic-26;18.200;19700.1;20,51;0,79;;1
25/09/26;MINI IBEX-35;CALL;Dic-26;18.300;19700.1;20,19;0,78;;5
25/09/26;MINI IBEX-35;CALL;Dic-26;18.400;19700.1;19,87;0,77;;2
25/09/26;MINI IBEX-35;CALL;Dic-26;18.500;19700.1;19,55;0,75;;6.004
25/09/26;MINI IBEX-35;CALL;Dic-26;18.600;19700.1;19,23;0,74;;1
25/09/26;MINI IBEX-35;CALL;Dic-26;18.800;19700.1;18,59;0,71;;1
25/09/26;MINI IBEX-35;CALL;Dic-26;18.900;19700.1;18,27;0,69;;1
25/09/26;MINI IBEX-35;CALL;Dic-26;19.000;19700.1;17,95;0,67;;3
25/09/26;MINI IBEX-35;CALL;Dic-26;19.100;19700.1;17,63;0,65;;1
25/09/26;MINI IBEX-35;CALL;Dic-26;19.200;19700.1;17,31;0,63;;4
25/09/26;MINI IBEX-35;CALL;Dic-26;19.300;19700.1;16,99;0,61;;2
25/09/26;MINI IBEX-35;CALL;Dic-26;19.500;19700.1;16,35;0,56;;4.704
25/09/26;MINI IBEX-35;CALL;Dic-26;19.600;19700.1;16,03;0,53;;3
25/09/26;MINI IBEX-35;CALL;Dic-26;19.700;19700.1;15,74;0,51;;2
25/09/26;MINI IBEX-35;CALL;Dic-26;19.800;19700.1;15,58;0,48;;4
25/09/26;MINI IBEX-35;CALL;Dic-26;19.900;19700.1;15,42;0,45;;6
25/09/26;MINI IBEX-35;CALL;Dic-26;20.000;19700.1;15,26;0,43;1;20
25/09/26;MINI IBEX-35;CALL;Dic-26;20.100;19700.1;15,10;0,40;;12
25/09/26;MINI IBEX-35;CALL;Dic-26;20.200;19700.1;14,94;0,37;;11
25/09/26;MINI IBEX-35;CALL;Dic-26;20.300;19700.1;14,78;0,34;;4
25/09/26;MINI IBEX-35;CALL;Dic-26;20.400;19700.1;14,63;0,32;;9
25/09/26;MINI IBEX-35;CALL;Dic-26;20.500;19700.1;14,47;0,29;;6.005
25/09/26;MINI IBEX-35;CALL;Dic-26;20.550;19700.1;14,39;0,28;1;1
25/09/26;MINI IBEX-35;CALL;Dic-26;20.600;19700.1;14,31;0,26;;24
25/09/26;MINI IBEX-35;CALL;Dic-26;20.700;19700.1;14,15;0,24;;2
25/09/26;MINI IBEX-35;CALL;Dic-26;20.800;19700.1;13,99;0,22;;1
25/09/26;MINI IBEX-35;CALL;Dic-26;20.900;19700.1;13,83;0,19;;1
25/09/26;MINI IBEX-35;CALL;Dic-26;21.000;19700.1;13,67;0,17;;5.198
25/09/26;MINI IBEX-35;CALL;Dic-26;21.100;19700.1;13,51;0,15;;2
25/09/26;MINI IBEX-35;CALL;Dic-26;21.200;19700.1;13,35;0,13;;6
25/09/26;MINI IBEX-35;CALL;Dic-26;21.300;19700.1;13,19;0,11;1;11
25/09/26;MINI IBEX-35;CALL;Dic-26;21.700;19700.1;12,56;0,06;;2
25/09/26;MINI IBEX-35;CALL;Dic-26;21.900;19700.1;12,24;0,04;;1
25/09/26;MINI IBEX-35;CALL;Dic-26;22.000;19700.1;12,08;0,03;;3
25/09/26;MINI IBEX-35;CALL;Dic-26;22.200;19700.1;11,76;0,02;;4
25/09/26;MINI IBEX-35;CALL;Dic-26;22.300;19700.1;11,60;0,01;;2
25/09/26;MINI IBEX-35;CALL;Mar-27;12.600;19700.1;33,71;0,97;;1
25/09/26;MINI IBEX-35;CALL;Mar-27;13.000;19700.1;32,74;0,96;;2
25/09/26;MINI IBEX-35;CALL;Mar-27;13.500;19700.1;31,52;0,95;;3
25/09/26;MINI IBEX-35;CALL;Mar-27;13.900;19700.1;30,55;0,95;;3
25/09/26;MINI IBEX-35;CALL;Mar-27;14.000;19700.1;30,30;0,95;;1
25/09/26;MINI IBEX-35;CALL;Mar-27;14.100;19700.1;30,06;0,94;;1
25/09/26;MINI IBEX-35;CALL;Mar-27;15.000;19700.1;27,87;0,92;;5.000
25/09/26;MINI IBEX-35;CALL;Mar-27;15.300;19700.1;27,14;0,91;;3
25/09/26;MINI IBEX-35;CALL;Mar-27;17.000;19700.1;23,01;0,83;;2
25/09/26;MINI IBEX-35;CALL;Mar-27;17.900;19700.1;20,82;0,76;;1
25/09/26;MINI IBEX-35;CALL;Mar-27;18.000;19700.1;20,58;0,75;;750
25/09/26;MINI IBEX-35;CALL;Mar-27;18.500;19700.1;19,36;0,70;;2
25/09/26;MINI IBEX-35;CALL;Mar-27;18.800;19700.1;18,63;0,66;;2
25/09/26;MINI IBEX-35;CALL;Mar-27;18.900;19700.1;18,39;0,65;1;2
25/09/26;MINI IBEX-35;CALL;Mar-27;19.000;19700.1;18,14;0,63;;1
25/09/26;MINI IBEX-35;CALL;Mar-27;19.300;19700.1;17,42;0,59;;4
25/09/26;MINI IBEX-35;CALL;Mar-27;19.800;19700.1;16,27;0,50;;5
25/09/26;MINI IBEX-35;CALL;Mar-27;20.000;19700.1;16,01;0,47;;1
25/09/26;MINI IBEX-35;CALL;Mar-27;20.100;19700.1;15,89;0,45;;1
25/09/26;MINI IBEX-35;CALL;Mar-27;20.500;19700.1;15,37;0,38;;1
25/09/26;MINI IBEX-35;CALL;Mar-27;20.600;19700.1;15,24;0,36;;1
25/09/26;MINI IBEX-35;CALL;Mar-27;20.700;19700.1;15,12;0,34;;1
25/09/26;MINI IBEX-35;CALL;Mar-27;20.800;19700.1;14,99;0,32;;1
25/09/26;MINI IBEX-35;CALL;Mar-27;21.000;19700.1;14,73;0,29;;1
25/09/26;MINI IBEX-35;CALL;Mar-27;21.600;19700.1;13,96;0,19;;1
25/09/26;MINI IBEX-35;CALL;Mar-27;21.700;19700.1;13,83;0,17;;1
25/09/26;MINI IBEX-35;CALL;Mar-27;22.000;19700.1;13,45;0,13;;3
25/09/26;MINI IBEX-35;CALL;Mar-27;22.400;19700.1;12,93;0,09;;1
25/09/26;MINI IBEX-35;CALL;Mar-27;25.000;19700.1;9,60;;;5.000
25/09/26;MINI IBEX-35;CALL;Jun-27;18.500;19700.1;19,67;0,65;;2
25/09/26;MINI IBEX-35;CALL;Jun-27;19.000;19700.1;18,55;0,60;;2
25/09/26;MINI IBEX-35;CALL;Jun-27;19.200;19700.1;18,11;0,57;;6
25/09/26;MINI IBEX-35;CALL;Jun-27;19.500;19700.1;17,44;0,54;;1
25/09/26;MINI IBEX-35;CALL;Jun-27;22.000;19700.1;14,38;0,19;;1
25/09/26;MINI IBEX-35;CALL;Jun-27;24.000;19700.1;12,03;0,03;;3
25/09/26;MINI IBEX-35;CALL;Sep-27;19.800;19700.1;17,66;0,50;;1
25/09/26;MINI IBEX-35;CALL;Sep-27;23.000;19700.1;13,91;0,14;;3
25/09/26;MINI IBEX-35;CALL;Dic-27;14.000;19700.1;28,68;0,86;;2
25/09/26;MINI IBEX-35;CALL;Dic-27;16.200;19700.1;24,71;0,77;;32
25/09/26;MINI IBEX-35;CALL;Dic-27;16.300;19700.1;24,53;0,76;;96
25/09/26;MINI IBEX-35;CALL;Dic-27;16.400;19700.1;24,35;0,76;;32
25/09/26;MINI IBEX-35;CALL;Dic-27;16.500;19700.1;24,17;0,75;;32
25/09/26;MINI IBEX-35;CALL;Dic-27;16.700;19700.1;23,81;0,74;;32
25/09/26;MINI IBEX-35;CALL;Dic-27;17.600;19700.1;22,19;0,69;;32
25/09/26;MINI IBEX-35;CALL;Dic-27;19.400;19700.1;18,94;0,54;;6.750
25/09/26;MINI IBEX-35;CALL;Dic-27;19.500;19700.1;18,76;0,53;;4
25/09/26;MINI IBEX-35;CALL;Dic-27;20.500;19700.1;17,51;0,43;;1
25/09/26;MINI IBEX-35;CALL;Mar-28;18.400;19700.1;20,81;0,62;;32
25/09/26;MINI IBEX-35;CALL;Mar-28;18.500;19700.1;20,64;0,62;;32
25/09/26;MINI IBEX-35;CALL;Mar-28;18.600;19700.1;20,47;0,61;;32
25/09/26;MINI IBEX-35;CALL;Dic-28;16.800;19700.1;22,99;0,68;;1.800
25/09/26;MINI IBEX-35;CALL;Dic-29;20.600;19700.1;20,06;0,46;;1
25/09/26;MINI IBEX-35;PUT;Oct-26;16.400;19700.1;29,62;;;20
25/09/26;MINI IBEX-35;PUT;Oct-26;16.500;19700.1;29,17;-0,01;;121
25/09/26;MINI IBEX-35;PUT;Oct-26;16.900;19700.1;27,37;-0,01;;190
25/09/26;MINI IBEX-35;PUT;Oct-26;17.000;19700.1;26,92;-0,01;;1
25/09/26;MINI IBEX-35;PUT;Oct-26;17.300;19700.1;25,57;-0,02;;1
25/09/26;MINI IBEX-35;PUT;Oct-26;17.500;19700.1;24,67;-0,02;;2
25/09/26;MINI IBEX-35;PUT;Oct-26;17.600;19700.1;24,22;-0,03;;1
25/09/26;MINI IBEX-35;PUT;Oct-26;17.700;19700.1;23,77;-0,03;;2
25/09/26;MINI IBEX-35;PUT;Oct-26;17.800;19700.1;23,32;-0,03;;1
25/09/26;MINI IBEX-35;PUT;Oct-26;17.900;19700.1;22,87;-0,04;;2
25/09/26;MINI IBEX-35;PUT;Oct-26;17.950;19700.1;22,64;-0,04;;1
25/09/26;MINI IBEX-35;PUT;Oct-26;18.000;19700.1;22,42;-0,05;1;33
25/09/26;MINI IBEX-35;PUT;Oct-26;18.200;19700.1;21,52;-0,06;2;3
25/09/26;MINI IBEX-35;PUT;Oct-26;18.250;19700.1;21,29;-0,07;;2
25/09/26;MINI IBEX-35;PUT;Oct-26;18.300;19700.1;21,07;-0,07;;1
25/09/26;MINI IBEX-35;PUT;Oct-26;18.350;19700.1;20,84;-0,08;;1
25/09/26;MINI IBEX-35;PUT;Oct-26;18.400;19700.1;20,62;-0,08;;25
25/09/26;MINI IBEX-35;PUT;Oct-26;18.450;19700.1;20,39;-0,09;;1
25/09/26;MINI IBEX-35;PUT;Oct-26;18.500;19700.1;20,17;-0,09;1;33
25/09/26;MINI IBEX-35;PUT;Oct-26;18.550;19700.1;19,94;-0,10;;1
25/09/26;MINI IBEX-35;PUT;Oct-26;18.600;19700.1;19,72;-0,11;;11
25/09/26;MINI IBEX-35;PUT;Oct-26;18.650;19700.1;19,49;-0,12;1;2
25/09/26;MINI IBEX-35;PUT;Oct-26;18.700;19700.1;19,27;-0,13;;2
25/09/26;MINI IBEX-35;PUT;Oct-26;18.750;19700.1;19,04;-0,14;;1
25/09/26;MINI IBEX-35;PUT;Oct-26;18.800;19700.1;18,82;-0,15;2;6
25/09/26;MINI IBEX-35;PUT;Oct-26;18.900;19700.1;18,37;-0,17;2;9
25/09/26;MINI IBEX-35;PUT;Oct-26;18.950;19700.1;18,14;-0,18;;8
25/09/26;MINI IBEX-35;PUT;Oct-26;19.000;19700.1;17,92;-0,20;1;62
25/09/26;MINI IBEX-35;PUT;Oct-26;19.050;19700.1;17,69;-0,21;;1
25/09/26;MINI IBEX-35;PUT;Oct-26;19.100;19700.1;17,47;-0,23;;19
25/09/26;MINI IBEX-35;PUT;Oct-26;19.150;19700.1;17,24;-0,24;;5
25/09/26;MINI IBEX-35;PUT;Oct-26;19.200;19700.1;17,02;-0,26;;3
25/09/26;MINI IBEX-35;PUT;Oct-26;19.250;19700.1;16,79;-0,28;;12
25/09/26;MINI IBEX-35;PUT;Oct-26;19.300;19700.1;16,57;-0,30;;6
25/09/26;MINI IBEX-35;PUT;Oct-26;19.350;19700.1;16,34;-0,32;;12
25/09/26;MINI IBEX-35;PUT;Oct-26;19.400;19700.1;16,12;-0,34;10;13
25/09/26;MINI IBEX-35;PUT;Oct-26;19.450;19700.1;15,89;-0,36;;1
25/09/26;MINI IBEX-35;PUT;Oct-26;19.500;19700.1;15,67;-0,39;10;876
25/09/26;MINI IBEX-35;PUT;Oct-26;19.550;19700.1;15,44;-0,41;;101
25/09/26;MINI IBEX-35;PUT;Oct-26;19.600;19700.1;15,22;-0,44;1;10
25/09/26;MINI IBEX-35;PUT;Oct-26;19.650;19700.1;14,99;-0,46;1;3
25/09/26;MINI IBEX-35;PUT;Oct-26;19.700;19700.1;14,77;-0,49;;107
25/09/26;MINI IBEX-35;PUT;Oct-26;19.750;19700.1;14,67;-0,52;;100
25/09/26;MINI IBEX-35;PUT;Oct-26;19.800;19700.1;14,56;-0,55;3;16
25/09/26;MINI IBEX-35;PUT;Oct-26;19.850;19700.1;14,46;-0,58;;4
25/09/26;MINI IBEX-35;PUT;Oct-26;19.900;19700.1;14,36;-0,61;10;28
25/09/26;MINI IBEX-35;PUT;Oct-26;19.950;19700.1;14,25;-0,64;;3
25/09/26;MINI IBEX-35;PUT;Oct-26;20.000;19700.1;14,15;-0,66;1;26
25/09/26;MINI IBEX-35;PUT;Oct-26;20.100;19700.1;13,94;-0,72;;1
25/09/26;MINI IBEX-35;PUT;Oct-26;20.150;19700.1;13,84;-0,74;;8
25/09/26;MINI IBEX-35;PUT;Oct-26;20.200;19700.1;13,74;-0,77;;2
25/09/26;MINI IBEX-35;PUT;Oct-26;20.300;19700.1;13,53;-0,82;;1
25/09/26;MINI IBEX-35;PUT;Oct-26;20.500;19700.1;13,12;-0,89;;2
25/09/26;MINI IBEX-35;PUT;Oct-26;20.700;19700.1;12,70;-0,94;;1
25/09/26;MINI IBEX-35;PUT;Nov-26;16.600;19700.1;26,06;-0,04;;6
25/09/26;MINI IBEX-35;PUT;Nov-26;17.000;19700.1;24,57;-0,06;;2
25/09/26;MINI IBEX-35;PUT;Nov-26;17.300;19700.1;23,46;-0,07;;1
25/09/26;MINI IBEX-35;PUT;Nov-26;17.500;19700.1;22,72;-0,09;;20
25/09/26;MINI IBEX-35;PUT;Nov-26;17.700;19700.1;21,98;-0,10;;11
25/09/26;MINI IBEX-35;PUT;Nov-26;17.800;19700.1;21,61;-0,11;;2
25/09/26;MINI IBEX-35;PUT;Nov-26;17.900;19700.1;21,24;-0,12;1;3
25/09/26;MINI IBEX-35;PUT;Nov-26;18.000;19700.1;20,86;-0,13;4;33
25/09/26;MINI IBEX-35;PUT;Nov-26;18.100;19700.1;20,49;-0,14;;1
25/09/26;MINI IBEX-35;PUT;Nov-26;18.200;19700.1;20,12;-0,15;2;3
25/09/26;MINI IBEX-35;PUT;Nov-26;18.250;19700.1;19,94;-0,16;;10
25/09/26;MINI IBEX-35;PUT;Nov-26;18.300;19700.1;19,75;-0,17;2;3
25/09/26;MINI IBEX-35;PUT;Nov-26;18.350;19700.1;19,57;-0,17;;2
25/09/26;MINI IBEX-35;PUT;Nov-26;18.500;19700.1;19,01;-0,19;1;2
25/09/26;MINI IBEX-35;PUT;Nov-26;18.600;19700.1;18,64;-0,21;;1
25/09/26;MINI IBEX-35;PUT;Nov-26;18.700;19700.1;18,27;-0,23;;2
25/09/26;MINI IBEX-35;PUT;Nov-26;18.800;19700.1;17,90;-0,25;1;6
25/09/26;MINI IBEX-35;PUT;Nov-26;19.050;19700.1;16,97;-0,30;;1
25/09/26;MINI IBEX-35;PUT;Nov-26;19.100;19700.1;16,78;-0,31;1;2
25/09/26;MINI IBEX-35;PUT;Nov-26;19.200;19700.1;16,41;-0,34;;2
25/09/26;MINI IBEX-35;PUT;Nov-26;19.250;19700.1;16,23;-0,35;;1
25/09/26;MINI IBEX-35;PUT;Nov-26;19.300;19700.1;16,04;-0,37;;2
25/09/26;MINI IBEX-35;PUT;Nov-26;19.500;19700.1;15,30;-0,43;;1
25/09/26;MINI IBEX-35;PUT;Nov-26;19.600;19700.1;14,93;-0,46;;2
25/09/26;MINI IBEX-35;PUT;Nov-26;19.750;19700.1;14,51;-0,51;1;1
25/09/26;MINI IBEX-35;PUT;Nov-26;19.800;19700.1;14,42;-0,53;;1
25/09/26;MINI IBEX-35;PUT;Nov-26;19.900;19700.1;14,24;-0,57;;1
25/09/26;MINI IBEX-35;PUT;Nov-26;20.300;19700.1;13,52;-0,71;;1
25/09/26;MINI IBEX-35;PUT;Nov-26;20.700;19700.1;12,80;-0,83;;1
25/09/26;MINI IBEX-35;PUT;Dic-26;8.600;19700.1;50,15;;;1.250
25/09/26;MINI IBEX-35;PUT;Dic-26;10.900;19700.1;42,79;;;1
25/09/26;MINI IBEX-35;PUT;Dic-26;11.300;19700.1;41,51;;;1
25/09/26;MINI IBEX-35;PUT;Dic-26;11.500;19700.1;40,87;;;2
25/09/26;MINI IBEX-35;PUT;Dic-26;12.200;19700.1;38,63;;;2
25/09/26;MINI IBEX-35;PUT;Dic-26;12.300;19700.1;38,31;;;5
25/09/26;MINI IBEX-35;PUT;Dic-26;12.400;19700.1;37,99;;;1
25/09/26;MINI IBEX-35;PUT;Dic-26;12.500;19700.1;37,67;;;7
25/09/26;MINI IBEX-35;PUT;Dic-26;12.600;19700.1;37,35;-0,01;;6
25/09/26;MINI IBEX-35;PUT;Dic-26;12.900;19700.1;36,39;-0,01;;7
25/09/26;MINI IBEX-35;PUT;Dic-26;13.000;19700.1;36,07;-0,01;;7
25/09/26;MINI IBEX-35;PUT;Dic-26;13.100;19700.1;35,75;-0,01;;1
25/09/26;MINI IBEX-35;PUT;Dic-26;13.200;19700.1;35,43;-0,01;;1
25/09/26;MINI IBEX-35;PUT;Dic-26;13.500;19700.1;34,47;-0,01;;504
25/09/26;MINI IBEX-35;PUT;Dic-26;13.600;19700.1;34,15;-0,01;;5
25/09/26;MINI IBEX-35;PUT;Dic-26;13.700;19700.1;33,83;-0,01;;2
25/09/26;MINI IBEX-35;PUT;Dic-26;14.000;19700.1;32,87;-0,01;;1.034
25/09/26;MINI IBEX-35;PUT;Dic-26;14.200;19700.1;32,22;-0,01;;3
25/09/26;MINI IBEX-35;PUT;Dic-26;14.300;19700.1;31,90;-0,02;;1
25/09/26;MINI IBEX-35;PUT;Dic-26;14.400;19700.1;31,58;-0,02;;1
25/09/26;MINI IBEX-35;PUT;Dic-26;14.500;19700.1;31,26;-0,02;;1
25/09/26;MINI IBEX-35;PUT;Dic-26;14.600;19700.1;30,94;-0,02;;1
25/09/26;MINI IBEX-35;PUT;Dic-26;14.800;19700.1;30,30;-0,02;;1
25/09/26;MINI IBEX-35;PUT;Dic-26;14.900;19700.1;29,98;-0,02;;3
25/09/26;MINI IBEX-35;PUT;Dic-26;15.000;19700.1;29,66;-0,02;;18
25/09/26;MINI IBEX-35;PUT;Dic-26;15.200;19700.1;29,02;-0,03;;1
25/09/26;MINI IBEX-35;PUT;Dic-26;15.500;19700.1;28,06;-0,03;;28
25/09/26;MINI IBEX-35;PUT;Dic-26;15.600;19700.1;27,74;-0,04;;32
25/09/26;MINI IBEX-35;PUT;Dic-26;15.700;19700.1;27,42;-0,04;;4
25/09/26;MINI IBEX-35;PUT;Dic-26;15.800;19700.1;27,10;-0,04;;4
25/09/26;MINI IBEX-35;PUT;Dic-26;15.900;19700.1;26,78;-0,04;;1
25/09/26;MINI IBEX-35;PUT;Dic-26;16.000;19700.1;26,46;-0,05;;28
25/09/26;MINI IBEX-35;PUT;Dic-26;16.200;19700.1;25,82;-0,05;;1
25/09/26;MINI IBEX-35;PUT;Dic-26;16.300;19700.1;25,50;-0,06;;10
25/09/26;MINI IBEX-35;PUT;Dic-26;16.400;19700.1;25,18;-0,06;;6.000
25/09/26;MINI IBEX-35;PUT;Dic-26;16.500;19700.1;24,86;-0,06;;3
25/09/26;MINI IBEX-35;PUT;Dic-26;16.600;19700.1;24,54;-0,07;;2
25/09/26;MINI IBEX-35;PUT;Dic-26;16.700;19700.1;24,22;-0,07;;1.516
25/09/26;MINI IBEX-35;PUT;Dic-26;16.800;19700.1;23,90;-0,08;;11
25/09/26;MINI IBEX-35;PUT;Dic-26;16.900;19700.1;23,58;-0,08;1;5
25/09/26;MINI IBEX-35;PUT;Dic-26;17.000;19700.1;23,26;-0,09;6;30
25/09/26;MINI IBEX-35;PUT;Dic-26;17.100;19700.1;22,94;-0,09;;7
25/09/26;MINI IBEX-35;PUT;Dic-26;17.200;19700.1;22,62;-0,10;;105
25/09/26;MINI IBEX-35;PUT;Dic-26;17.300;19700.1;22,30;-0,10;;6
25/09/26;MINI IBEX-35;PUT;Dic-26;17.400;19700.1;21,98;-0,11;;6
25/09/26;MINI IBEX-35;PUT;Dic-26;17.500;19700.1;21,66;-0,12;3;1.031
25/09/26;MINI IBEX-35;PUT;Dic-26;17.600;19700.1;21,34;-0,13;;104
25/09/26;MINI IBEX-35;PUT;Dic-26;17.700;19700.1;21,02;-0,14;;5.011
25/09/26;MINI IBEX-35;PUT;Dic-26;17.800;19700.1;20,70;-0,14;;10
25/09/26;MINI IBEX-35;PUT;Dic-26;17.900;19700.1;20,38;-0,15;;5.026
25/09/26;MINI IBEX-35;PUT;Dic-26;18.000;19700.1;20,06;-0,17;;515
25/09/26;MINI IBEX-35;PUT;Dic-26;18.100;19700.1;19,74;-0,18;;6
25/09/26;MINI IBEX-35;PUT;Dic-26;18.200;19700.1;19,42;-0,19;;9
25/09/26;MINI IBEX-35;PUT;Dic-26;18.300;19700.1;19,10;-0,20;;11
25/09/26;MINI IBEX-35;PUT;Dic-26;18.400;19700.1;18,78;-0,21;;11
25/09/26;MINI IBEX-35;PUT;Dic-26;18.500;19700.1;18,46;-0,23;;213
25/09/26;MINI IBEX-35;PUT;Dic-26;18.700;19700.1;17,82;-0,26;;10
25/09/26;MINI IBEX-35;PUT;Dic-26;18.800;19700.1;17,50;-0,28;;8
25/09/26;MINI IBEX-35;PUT;Dic-26;18.900;19700.1;17,18;-0,30;;14
25/09/26;MINI IBEX-35;PUT;Dic-26;19.000;19700.1;16,86;-0,32;;11
25/09/26;MINI IBEX-35;PUT;Dic-26;19.100;19700.1;16,54;-0,34;1;3
25/09/26;MINI IBEX-35;PUT;Dic-26;19.200;19700.1;16,22;-0,36;;38
25/09/26;MINI IBEX-35;PUT;Dic-26;19.300;19700.1;15,90;-0,38;;5
25/09/26;MINI IBEX-35;PUT;Dic-26;19.400;19700.1;15,58;-0,41;;3
25/09/26;MINI IBEX-35;PUT;Dic-26;19.500;19700.1;15,26;-0,43;2;4.716
25/09/26;MINI IBEX-35;PUT;Dic-26;19.600;19700.1;14,94;-0,46;;6
25/09/26;MINI IBEX-35;PUT;Dic-26;19.650;19700.1;14,78;-0,47;;2
25/09/26;MINI IBEX-35;PUT;Dic-26;19.700;19700.1;14,65;-0,49;;1
25/09/26;MINI IBEX-35;PUT;Dic-26;19.800;19700.1;14,49;-0,52;;9
25/09/26;MINI IBEX-35;PUT;Dic-26;19.900;19700.1;14,33;-0,55;;1
25/09/26;MINI IBEX-35;PUT;Dic-26;20.000;19700.1;14,17;-0,58;;25
25/09/26;MINI IBEX-35;PUT;Dic-26;20.100;19700.1;14,01;-0,61;;11
25/09/26;MINI IBEX-35;PUT;Dic-26;20.500;19700.1;13,38;-0,72;;1
25/09/26;MINI IBEX-35;PUT;Mar-27;13.000;19700.1;30,81;-0,02;;3
25/09/26;MINI IBEX-35;PUT;Mar-27;13.800;19700.1;28,86;-0,03;;32
25/09/26;MINI IBEX-35;PUT;Mar-27;15.000;19700.1;25,94;-0,05;;5.000
25/09/26;MINI IBEX-35;PUT;Mar-27;15.200;19700.1;25,46;-0,06;;1
25/09/26;MINI IBEX-35;PUT;Mar-27;15.700;19700.1;24,24;-0,07;;1
25/09/26;MINI IBEX-35;PUT;Mar-27;16.500;19700.1;22,29;-0,11;;2
25/09/26;MINI IBEX-35;PUT;Mar-27;17.000;19700.1;21,08;-0,14;;2
25/09/26;MINI IBEX-35;PUT;Mar-27;17.500;19700.1;19,86;-0,17;;21
25/09/26;MINI IBEX-35;PUT;Mar-27;17.800;19700.1;19,13;-0,20;;1
25/09/26;MINI IBEX-35;PUT;Mar-27;18.000;19700.1;18,65;-0,22;;758
25/09/26;MINI IBEX-35;PUT;Mar-27;18.100;19700.1;18,40;-0,23;;5
25/09/26;MINI IBEX-35;PUT;Mar-27;18.200;19700.1;18,16;-0,24;;5
25/09/26;MINI IBEX-35;PUT;Mar-27;18.300;19700.1;17,92;-0,25;;5
25/09/26;MINI IBEX-35;PUT;Mar-27;18.400;19700.1;17,67;-0,26;;5
25/09/26;MINI IBEX-35;PUT;Mar-27;18.500;19700.1;17,43;-0,27;;3
25/09/26;MINI IBEX-35;PUT;Mar-27;18.600;19700.1;17,19;-0,29;;2
25/09/26;MINI IBEX-35;PUT;Mar-27;18.900;19700.1;16,46;-0,33;;3
25/09/26;MINI IBEX-35;PUT;Mar-27;19.100;19700.1;15,97;-0,36;;5
25/09/26;MINI IBEX-35;PUT;Mar-27;19.300;19700.1;15,49;-0,39;;6
25/09/26;MINI IBEX-35;PUT;Mar-27;19.500;19700.1;15,00;-0,43;;5
25/09/26;MINI IBEX-35;PUT;Mar-27;19.600;19700.1;14,76;-0,45;;5
25/09/26;MINI IBEX-35;PUT;Mar-27;19.800;19700.1;14,34;-0,49;;2
25/09/26;MINI IBEX-35;PUT;Mar-27;21.400;19700.1;12,29;-0,81;;1
25/09/26;MINI IBEX-35;PUT;Mar-27;21.600;19700.1;12,03;-0,84;;2
25/09/26;MINI IBEX-35;PUT;Mar-27;21.800;19700.1;11,77;-0,87;;1
25/09/26;MINI IBEX-35;PUT;Mar-27;21.900;19700.1;11,65;-0,88;;3
25/09/26;MINI IBEX-35;PUT;Mar-27;22.000;19700.1;11,52;-0,89;;2
25/09/26;MINI IBEX-35;PUT;Mar-27;22.900;19700.1;10,36;-0,97;;2
25/09/26;MINI IBEX-35;PUT;Mar-27;25.000;19700.1;7,67;-0,99;;5.000
25/09/26;MINI IBEX-35;PUT;Jun-27;13.000;19700.1;29,36;-0,04;;2
25/09/26;MINI IBEX-35;PUT;Jun-27;15.400;19700.1;24,02;-0,10;;6
25/09/26;MINI IBEX-35;PUT;Jun-27;16.000;19700.1;22,69;-0,12;;20
25/09/26;MINI IBEX-35;PUT;Jun-27;17.000;19700.1;20,46;-0,18;;1
25/09/26;MINI IBEX-35;PUT;Jun-27;18.000;19700.1;18,24;-0,26;;1
25/09/26;MINI IBEX-35;PUT;Jun-27;18.100;19700.1;18,02;-0,27;;1
25/09/26;MINI IBEX-35;PUT;Jun-27;18.500;19700.1;17,13;-0,31;;1
25/09/26;MINI IBEX-35;PUT;Jun-27;19.600;19700.1;14,68;-0,46;;5
25/09/26;MINI IBEX-35;PUT;Jun-27;19.700;19700.1;14,53;-0,48;;6
25/09/26;MINI IBEX-35;PUT;Jun-27;19.800;19700.1;14,42;-0,49;;5
25/09/26;MINI IBEX-35;PUT;Jun-27;19.900;19700.1;14,30;-0,51;;1
25/09/26;MINI IBEX-35;PUT;Jun-27;20.300;19700.1;13,83;-0,58;;1
25/09/26;MINI IBEX-35;PUT;Jun-27;23.300;19700.1;10,31;-0,95;;1
25/09/26;MINI IBEX-35;PUT;Jun-27;23.400;19700.1;10,20;-0,95;;2
25/09/26;MINI IBEX-35;PUT;Jun-27;24.200;19700.1;9,26;-0,97;;2
25/09/26;MINI IBEX-35;PUT;Sep-27;12.100;19700.1;29,68;-0,04;;32
25/09/26;MINI IBEX-35;PUT;Sep-27;12.200;19700.1;29,49;-0,04;;32
25/09/26;MINI IBEX-35;PUT;Sep-27;12.300;19700.1;29,29;-0,04;;32
25/09/26;MINI IBEX-35;PUT;Sep-27;12.400;19700.1;29,10;-0,04;;32
25/09/26;MINI IBEX-35;PUT;Sep-27;14.200;19700.1;25,58;-0,08;;32
25/09/26;MINI IBEX-35;PUT;Sep-27;15.500;19700.1;23,05;-0,12;;2
25/09/26;MINI IBEX-35;PUT;Sep-27;15.700;19700.1;22,65;-0,13;;1
25/09/26;MINI IBEX-35;PUT;Sep-27;23.000;19700.1;11,03;-0,89;;3
25/09/26;MINI IBEX-35;PUT;Dic-27;13.400;19700.1;26,20;-0,07;;250
25/09/26;MINI IBEX-35;PUT;Dic-27;14.700;19700.1;23,86;-0,11;;1
25/09/26;MINI IBEX-35;PUT;Dic-27;15.100;19700.1;23,14;-0,12;;2
25/09/26;MINI IBEX-35;PUT;Dic-27;15.400;19700.1;22,59;-0,13;;32
25/09/26;MINI IBEX-35;PUT;Dic-27;15.700;19700.1;22,05;-0,15;;32
25/09/26;MINI IBEX-35;PUT;Dic-27;15.800;19700.1;21,87;-0,15;;32
25/09/26;MINI IBEX-35;PUT;Dic-27;19.000;19700.1;16,10;-0,38;;1
25/09/26;MINI IBEX-35;PUT;Dic-27;19.300;19700.1;15,56;-0,42;;3
25/09/26;MINI IBEX-35;PUT;Dic-27;19.400;19700.1;15,38;-0,43;;6.751
25/09/26;MINI IBEX-35;PUT;Mar-28;19.800;19700.1;14,98;-0,46;;1
25/09/26;MINI IBEX-35;PUT;Jun-28;18.400;19700.1;16,93;-0,33;;64
25/09/26;MINI IBEX-35;PUT;Jun-28;18.500;19700.1;16,77;-0,34;;64
25/09/26;MINI IBEX-35;PUT;Jun-28;19.300;19700.1;15,46;-0,41;;32
25/09/26;MINI IBEX-35;PUT;Jun-28;20.000;19700.1;14,56;-0,48;;32
25/09/26;MINI IBEX-35;PUT;Sep-28;17.500;19700.1;18,04;-0,27;;2
25/09/26;MINI IBEX-35;PUT;Dic-28;16.800;19700.1;18,50;-0,23;;1.800
25/09/26;MINI IBEX-35;PUT;Jun-29;18.800;19700.1;16,81;-0,36;;1
25/09/26;MINI IBEX-35;PUT;Jun-31;18.400;19700.1;18,26;-0,32;;1
25/09/26;ACCIONA;CALL;Oct-26;200,00;213.8;37,48;0,79;;10
25/09/26;ACCIONA;CALL;Oct-26;210,00;213.8;35,44;0,61;;14
25/09/26;ACCIONA;CALL;Oct-26;220,00;213.8;34,34;0,39;;1
25/09/26;ACCIONA;CALL;Oct-26;230,00;213.8;33,83;0,20;;1
25/09/26;ACCIONA;CALL;Nov-26;230,00;213.8;34,17;0,33;;1
25/09/26;ACCIONA;CALL;Dic-26;210,00;213.8;35,99;0,59;;2
25/09/26;ACCIONA;CALL;Dic-26;220,00;213.8;35,03;0,48;;1
25/09/26;ACCIONA;CALL;Dic-26;230,00;213.8;34,55;0,38;;5
25/09/26;ACCIONA;CALL;Dic-26;260,00;213.8;33,10;0,13;;2
25/09/26;ACCIONA;CALL;Dic-26;280,00;213.8;32,13;0,05;;5
25/09/26;ACCIONA;CALL;Dic-26;320,00;213.8;30,20;;;5
25/09/26;ACCIONA;CALL;Mar-27;160,00;213.8;43,64;0,87;;1
25/09/26;ACCIONA;CALL;Mar-27;270,00;213.8;33,74;0,21;;5
25/09/26;ACCIONA;CALL;Mar-27;280,00;213.8;33,40;0,16;;5
25/09/26;ACCIONA;CALL;Mar-27;290,00;213.8;33,06;0,12;;5
25/09/26;ACCIONA;CALL;Jun-27;220,00;213.8;34,36;0,55;;1
25/09/26;ACCIONA;PUT;Oct-26;185,00;213.8;40,58;-0,06;;20
25/09/26;ACCIONA;PUT;Oct-26;195,00;213.8;38,54;-0,15;;10
25/09/26;ACCIONA;PUT;Oct-26;200,00;213.8;37,52;-0,21;;25
25/09/26;ACCIONA;PUT;Oct-26;210,00;213.8;35,48;-0,40;;5
25/09/26;ACCIONA;PUT;Oct-26;220,00;213.8;34,38;-0,62;;1
25/09/26;ACCIONA;PUT;Nov-26;180,00;213.8;41,51;-0,12;;61
25/09/26;ACCIONA;PUT;Nov-26;185,00;213.8;40,50;-0,16;;5
25/09/26;ACCIONA;PUT;Nov-26;190,00;213.8;39,48;-0,20;;1
25/09/26;ACCIONA;PUT;Dic-26;140,00;213.8;48,12;-0,02;;1
25/09/26;ACCIONA;PUT;Dic-26;155,00;213.8;45,50;-0,05;;1
25/09/26;ACCIONA;PUT;Dic-26;160,00;213.8;44,62;-0,07;;1
25/09/26;ACCIONA;PUT;Dic-26;170,00;213.8;42,88;-0,11;;60
25/09/26;ACCIONA;PUT;Dic-26;175,00;213.8;42,01;-0,13;;62
25/09/26;ACCIONA;PUT;Dic-26;195,00;213.8;38,51;-0,27;;15
25/09/26;ACCIONA;PUT;Dic-26;200,00;213.8;37,64;-0,31;;20
25/09/26;ACCIONA;PUT;Dic-26;210,00;213.8;35,89;-0,41;;8
25/09/26;ACCIONA;PUT;Mar-27;155,00;213.8;44,15;-0,11;;60
25/09/26;ACCIONA;PUT;Mar-27;170,00;213.8;41,93;-0,17;;2
25/09/26;ACCIONA;PUT;Mar-27;200,00;213.8;37,48;-0,34;;20
25/09/26;ACCIONA;PUT;Mar-27;210,00;213.8;36,00;-0,41;;5
25/09/26;ACCIONA;CALL;Nov-26;220,00;213.8;34,68;0,45;;3
25/09/26;ACCIONA ENERGIA;CALL;Dic-26;24,00;21.9;31,28;0,31;;3
25/09/26;ACCIONA ENERGIA;CALL;Dic-26;25,00;21.9;30,60;0,22;;1
25/09/26;ACCIONA ENERGIA;CALL;Dic-26;27,00;21.9;29,23;0,08;;1
25/09/26;ACCIONA ENERGIA;CALL;Dic-26;30,00;21.9;27,17;0,01;;1
25/09/26;ACCIONA ENERGIA;CALL;Dic-26;31,00;21.9;26,49;;;1
25/09/26;ACCIONA ENERGIA;PUT;Oct-26;20,50;21.9;34,61;-0,20;;5
25/09/26;ACCIONA ENERGIA;PUT;Oct-26;22,00;21.9;33,48;-0,50;;20
25/09/26;ACCIONA ENERGIA;PUT;Dic-26;18,00;21.9;38,09;-0,12;;2
25/09/26;ACCIONA ENERGIA;PUT;Dic-26;19,00;21.9;37,30;-0,18;;3
25/09/26;ACCIONA ENERGIA;PUT;Dic-26;20,00;21.9;36,50;-0,26;;1
25/09/26;ACCIONA ENERGIA;PUT;Dic-26;21,00;21.9;35,71;-0,36;;16
25/09/26;ACCIONA ENERGIA;PUT;Dic-26;23,00;21.9;34,25;-0,58;;2
25/09/26;ACCIONA ENERGIA;PUT;Jun-27;24,00;21.9;31,77;-0,57;;13
25/09/26;ACCIONA ENERGIA;PUT;Sep-27;19,00;21.9;32,15;-0,25;;3
25/09/26;ACERINOX;CALL;Oct-26;16,50;17.42;33,29;0,77;;3
25/09/26;ACERINOX;CALL;Oct-26;17,00;17.42;32,32;0,64;;7
25/09/26;ACERINOX;CALL;Oct-26;17,50;17.42;31,45;0,50;3;6
25/09/26;ACERINOX;CALL;Oct-26;18,00;17.42;31,05;0,35;;17
25/09/26;ACERINOX;CALL;Oct-26;18,50;17.42;30,66;0,22;;24
25/09/26;ACERINOX;CALL;Oct-26;19,00;17.42;30,27;0,13;1;10
25/09/26;ACERINOX;CALL;Oct-26;19,50;17.42;29,88;0,07;;10
25/09/26;ACERINOX;CALL;Nov-26;18,50;17.42;31,36;0,35;3;24
25/09/26;ACERINOX;CALL;Nov-26;19,00;17.42;31,02;0,27;10;20
25/09/26;ACERINOX;CALL;Nov-26;19,50;17.42;30,69;0,20;1;1
25/09/26;ACERINOX;CALL;Dic-26;6,00;17.42;49,32;1,00;;20
25/09/26;ACERINOX;CALL;Dic-26;9,75;17.42;43,36;1,00;;2
25/09/26;ACERINOX;CALL;Dic-26;11,00;17.42;41,38;0,99;;10
25/09/26;ACERINOX;CALL;Dic-26;13,00;17.42;38,20;0,96;;11
25/09/26;ACERINOX;CALL;Dic-26;13,50;17.42;37,41;0,94;;20
25/09/26;ACERINOX;CALL;Dic-26;14,00;17.42;36,61;0,91;;10
25/09/26;ACERINOX;CALL;Dic-26;14,50;17.42;35,82;0,88;;10
25/09/26;ACERINOX;CALL;Dic-26;15,00;17.42;35,02;0,84;;20
25/09/26;ACERINOX;CALL;Dic-26;16,00;17.42;33,44;0,74;;10
25/09/26;ACERINOX;CALL;Dic-26;16,50;17.42;32,64;0,68;;3
25/09/26;ACERINOX;CALL;Dic-26;17,00;17.42;31,85;0,61;;15
25/09/26;ACERINOX;CALL;Dic-26;17,50;17.42;31,15;0,53;;35
25/09/26;ACERINOX;CALL;Dic-26;18,00;17.42;30,96;0,46;;20
25/09/26;ACERINOX;CALL;Dic-26;18,50;17.42;30,77;0,39;;12
25/09/26;ACERINOX;CALL;Dic-26;19,00;17.42;30,58;0,32;4;24
25/09/26;ACERINOX;CALL;Dic-26;19,50;17.42;30,38;0,26;;21
25/09/26;ACERINOX;CALL;Dic-26;20,00;17.42;30,19;0,20;;12
25/09/26;ACERINOX;CALL;Dic-26;22,00;17.42;29,43;0,06;;1
25/09/26;ACERINOX;CALL;Dic-26;24,00;17.42;28,66;0,01;;51
25/09/26;ACERINOX;CALL;Mar-27;8,75;17.42;43,13;1,00;;1
25/09/26;ACERINOX;CALL;Mar-27;11,00;17.42;40,20;0,98;;15
25/09/26;ACERINOX;CALL;Mar-27;13,00;17.42;37,60;0,92;;1
25/09/26;ACERINOX;CALL;Mar-27;13,50;17.42;36,95;0,89;;5
25/09/26;ACERINOX;CALL;Mar-27;14,50;17.42;35,65;0,83;;150
25/09/26;ACERINOX;CALL;Mar-27;15,50;17.42;34,35;0,75;;150
25/09/26;ACERINOX;CALL;Mar-27;16,00;17.42;33,70;0,70;;150
25/09/26;ACERINOX;CALL;Mar-27;17,00;17.42;32,40;0,60;;150
25/09/26;ACERINOX;CALL;Mar-27;17,50;17.42;31,83;0,54;;100
25/09/26;ACERINOX;CALL;Mar-27;18,50;17.42;31,56;0,44;;50
25/09/26;ACERINOX;CALL;Mar-27;19,00;17.42;31,43;0,39;;25
25/09/26;ACERINOX;CALL;Jun-27;16,00;17.42;34,44;0,68;;1
25/09/26;ACERINOX;CALL;Jun-27;17,50;17.42;32,68;0,55;;4
25/09/26;ACERINOX;CALL;Sep-27;13,50;17.42;38,91;0,82;;5
25/09/26;ACERINOX;CALL;Sep-27;14,00;17.42;38,26;0,79;;1
25/09/26;ACERINOX;CALL;Sep-27;16,50;17.42;35,01;0,64;;150
25/09/26;ACERINOX;CALL;Sep-27;18,50;17.42;33,48;0,49;;1
25/09/26;ACERINOX;CALL;Dic-27;11,00;17.42;40,48;0,92;;10
25/09/26;ACERINOX;CALL;Dic-27;12,00;17.42;39,33;0,88;;1
25/09/26;ACERINOX;CALL;Dic-27;13,00;17.42;38,18;0,83;;10
25/09/26;ACERINOX;CALL;Jun-28;12,50;17.42;36,90;0,84;;10
25/09/26;ACERINOX;PUT;Oct-26;15,50;17.42;33,51;-0,07;;10
25/09/26;ACERINOX;PUT;Oct-26;16,00;17.42;32,54;-0,13;;5
25/09/26;ACERINOX;PUT;Oct-26;16,50;17.42;31,58;-0,22;;2
25/09/26;ACERINOX;PUT;Oct-26;17,00;17.42;30,61;-0,35;;21
25/09/26;ACERINOX;PUT;Oct-26;17,50;17.42;29,74;-0,51;;35
25/09/26;ACERINOX;PUT;Oct-26;18,00;17.42;29,34;-0,66;;3
25/09/26;ACERINOX;PUT;Nov-26;16,50;17.42;31,56;-0,30;10;32
25/09/26;ACERINOX;PUT;Nov-26;17,50;17.42;29,75;-0,48;;3
25/09/26;ACERINOX;PUT;Nov-26;18,00;17.42;29,41;-0,58;;1
25/09/26;ACERINOX;PUT;Dic-26;9,50;17.42;42,82;;;1
25/09/26;ACERINOX;PUT;Dic-26;9,75;17.42;42,42;;;1
25/09/26;ACERINOX;PUT;Dic-26;10,00;17.42;42,02;;;97
25/09/26;ACERINOX;PUT;Dic-26;10,50;17.42;41,23;;;35
25/09/26;ACERINOX;PUT;Dic-26;11,00;17.42;40,44;-0,01;;51
25/09/26;ACERINOX;PUT;Dic-26;11,50;17.42;39,64;-0,01;;25
25/09/26;ACERINOX;PUT;Dic-26;12,00;17.42;38,85;-0,02;;75
25/09/26;ACERINOX;PUT;Dic-26;12,50;17.42;38,05;-0,03;;145
25/09/26;ACERINOX;PUT;Dic-26;13,00;17.42;37,26;-0,04;;10
25/09/26;ACERINOX;PUT;Dic-26;13,50;17.42;36,47;-0,06;;45
25/09/26;ACERINOX;PUT;Dic-26;15,00;17.42;34,08;-0,15;;20
25/09/26;ACERINOX;PUT;Dic-26;15,50;17.42;33,29;-0,20;;28
25/09/26;ACERINOX;PUT;Dic-26;16,00;17.42;32,50;-0,26;4;4
25/09/26;ACERINOX;PUT;Dic-26;16,50;17.42;31,70;-0,32;;12
25/09/26;ACERINOX;PUT;Dic-26;17,00;17.42;30,91;-0,39;;33
25/09/26;ACERINOX;PUT;Dic-26;18,00;17.42;30,02;-0,55;;50
25/09/26;ACERINOX;PUT;Mar-27;8,00;17.42;42,55;;;2
25/09/26;ACERINOX;PUT;Mar-27;10,00;17.42;39,94;-0,02;;175
25/09/26;ACERINOX;PUT;Mar-27;10,50;17.42;39,29;-0,02;;60
25/09/26;ACERINOX;PUT;Mar-27;11,00;17.42;38,64;-0,03;;160
25/09/26;ACERINOX;PUT;Mar-27;11,50;17.42;37,99;-0,05;;126
25/09/26;ACERINOX;PUT;Mar-27;12,00;17.42;37,34;-0,06;;70
25/09/26;ACERINOX;PUT;Mar-27;13,50;17.42;35,39;-0,13;;7
25/09/26;ACERINOX;PUT;Mar-27;15,00;17.42;33,44;-0,23;;100
25/09/26;ACERINOX;PUT;Mar-27;15,50;17.42;32,79;-0,28;;11
25/09/26;ACERINOX;PUT;Mar-27;16,00;17.42;32,14;-0,32;;3
25/09/26;ACERINOX;PUT;Mar-27;17,00;17.42;30,84;-0,43;;10
25/09/26;ACERINOX;PUT;Jun-27;8,75;17.42;41,37;-0,02;;1
25/09/26;ACERINOX;PUT;Jun-27;10,00;17.42;39,84;-0,04;;243
25/09/26;ACERINOX;PUT;Jun-27;11,00;17.42;38,61;-0,06;;110
25/09/26;ACERINOX;PUT;Jun-27;15,00;17.42;33,71;-0,26;;10
25/09/26;ACERINOX;PUT;Sep-27;10,00;17.42;40,10;-0,06;;150
25/09/26;ACERINOX;PUT;Sep-27;10,50;17.42;39,45;-0,07;;150
25/09/26;ACERINOX;PUT;Sep-27;11,00;17.42;38,80;-0,09;;150
25/09/26;ACERINOX;PUT;Sep-27;11,50;17.42;38,15;-0,10;;150
25/09/26;ACERINOX;PUT;Sep-27;12,00;17.42;37,50;-0,12;;207
25/09/26;ACERINOX;PUT;Dic-27;12,00;17.42;36,18;-0,13;;150
25/09/26;ACERINOX;PUT;Mar-28;12,00;17.42;34,47;-0,14;;208
25/09/26;ACERINOX;PUT;Sep-28;18,00;17.42;29,08;-0,47;;138
25/09/26;ACS;CALL;Oct-26;96,00;93.6;34,61;0,40;;10
25/09/26;ACS;CALL;Oct-26;100,00;93.6;33,93;0,23;;6
25/09/26;ACS;CALL;Oct-26;110,00;93.6;32,22;0,02;;17
25/09/26;ACS;CALL;Oct-26;115,00;93.6;31,36;;;7
25/09/26;ACS;CALL;Oct-26;120,00;93.6;30,51;;;6
25/09/26;ACS;CALL;Oct-26;125,00;93.6;29,65;;;1
25/09/26;ACS;CALL;Oct-26;130,00;93.6;28,80;;;5
25/09/26;ACS;CALL;Oct-26;140,00;93.6;27,09;;;3
25/09/26;ACS;CALL;Nov-26;100,00;93.6;34,19;0,35;;1
25/09/26;ACS;CALL;Nov-26;110,00;93.6;33,48;0,13;;12
25/09/26;ACS;CALL;Nov-26;120,00;93.6;32,77;0,03;;1
25/09/26;ACS;CALL;Nov-26;125,00;93.6;32,41;0,01;;1
25/09/26;ACS;CALL;Dic-26;86,00;93.6;37,40;0,72;;1
25/09/26;ACS;CALL;Dic-26;90,00;93.6;36,15;0,64;;25
25/09/26;ACS;CALL;Dic-26;92,00;93.6;35,52;0,59;;25
25/09/26;ACS;CALL;Dic-26;100,00;93.6;34,91;0,39;;2
25/09/26;ACS;CALL;Dic-26;105,00;93.6;34,82;0,29;;2
25/09/26;ACS;CALL;Dic-26;110,00;93.6;34,73;0,20;;5
25/09/26;ACS;CALL;Dic-26;115,00;93.6;34,64;0,13;;83
25/09/26;ACS;CALL;Dic-26;120,00;93.6;34,55;0,08;;90
25/09/26;ACS;CALL;Dic-26;125,00;93.6;34,46;0,05;;86
25/09/26;ACS;CALL;Dic-26;130,00;93.6;34,37;0,03;;711
25/09/26;ACS;CALL;Dic-26;135,00;93.6;34,28;0,02;;4
25/09/26;ACS;CALL;Dic-26;140,00;93.6;34,19;0,01;;2
25/09/26;ACS;CALL;Dic-26;145,00;93.6;34,10;0,01;;9
25/09/26;ACS;CALL;Dic-26;150,00;93.6;34,02;;;80
25/09/26;ACS;CALL;Dic-26;155,00;93.6;33,93;;;15
25/09/26;ACS;CALL;Dic-26;160,00;93.6;33,84;;;15
25/09/26;ACS;CALL;Dic-26;165,00;93.6;33,75;;;25
25/09/26;ACS;CALL;Mar-27;92,00;93.6;35,79;0,59;;1
25/09/26;ACS;CALL;Mar-27;96,00;93.6;34,96;0,52;;1
25/09/26;ACS;CALL;Mar-27;100,00;93.6;34,25;0,45;;1
25/09/26;ACS;CALL;Mar-27;115,00;93.6;31,58;0,21;;5
25/09/26;ACS;CALL;Mar-27;140,00;93.6;27,13;0,02;;180
25/09/26;ACS;CALL;Mar-27;145,00;93.6;26,24;0,01;;5
25/09/26;ACS;CALL;Mar-27;150,00;93.6;25,35;0,01;;200
25/09/26;ACS;CALL;Mar-27;155,00;93.6;24,46;;;20
25/09/26;ACS;CALL;Mar-27;160,00;93.6;23,57;;;20
25/09/26;ACS;CALL;Mar-27;165,00;93.6;22,68;;;60
25/09/26;ACS;CALL;Jun-27;54,00;93.6;45,81;0,95;;1
25/09/26;ACS;CALL;Jun-27;56,00;93.6;45,27;0,94;;2
25/09/26;ACS;CALL;Jun-27;88,00;93.6;36,73;0,66;;1
25/09/26;ACS;CALL;Jun-27;92,00;93.6;35,66;0,60;;1
25/09/26;ACS;CALL;Jun-27;96,00;93.6;35,02;0,55;;25
25/09/26;ACS;CALL;Jun-27;100,00;93.6;34,68;0,49;;25
25/09/26;ACS;CALL;Jun-27;125,00;93.6;32,55;0,20;;16
25/09/26;ACS;CALL;Jun-27;165,00;93.6;29,13;0,02;;5
25/09/26;ACS;CALL;Sep-27;86,00;93.6;37,54;0,68;;25
25/09/26;ACS;CALL;Sep-27;105,00;93.6;35,09;0,45;;25
25/09/26;ACS;CALL;Dic-27;70,00;93.6;40,60;0,82;;60
25/09/26;ACS;CALL;Dic-27;88,00;93.6;36,44;0,65;;5
25/09/26;ACS;CALL;Dic-27;90,00;93.6;35,97;0,63;;5
25/09/26;ACS;CALL;Dic-27;94,00;93.6;35,13;0,59;;25
25/09/26;ACS;CALL;Dic-27;110,00;93.6;34,67;0,42;;250
25/09/26;ACS;CALL;Dic-27;130,00;93.6;34,10;0,26;;10
25/09/26;ACS;CALL;Mar-28;115,00;93.6;33,55;0,39;;1
25/09/26;ACS;PUT;Oct-26;84,00;93.6;36,60;-0,10;;11
25/09/26;ACS;PUT;Oct-26;88,00;93.6;35,24;-0,22;;2
25/09/26;ACS;PUT;Oct-26;90,00;93.6;34,57;-0,30;1;6
25/09/26;ACS;PUT;Oct-26;92,00;93.6;33,89;-0,40;;11
25/09/26;ACS;PUT;Oct-26;94,00;93.6;33,28;-0,50;;22
25/09/26;ACS;PUT;Oct-26;100,00;93.6;32,26;-0,79;;1
25/09/26;ACS;PUT;Nov-26;78,00;93.6;38,33;-0,10;;11
25/09/26;ACS;PUT;Nov-26;80,00;93.6;37,65;-0,12;;5
25/09/26;ACS;PUT;Nov-26;86,00;93.6;35,62;-0,24;;1
25/09/26;ACS;PUT;Nov-26;88,00;93.6;34,94;-0,29;;2
25/09/26;ACS;PUT;Nov-26;90,00;93.6;34,27;-0,35;;2
25/09/26;ACS;PUT;Nov-26;100,00;93.6;32,59;-0,67;;1
25/09/26;ACS;PUT;Nov-26;110,00;93.6;31,88;-0,90;;1
25/09/26;ACS;PUT;Dic-26;23,00;93.6;55,76;;;201
25/09/26;ACS;PUT;Dic-26;24,00;93.6;55,44;;;25
25/09/26;ACS;PUT;Dic-26;25,00;93.6;55,13;;;25
25/09/26;ACS;PUT;Dic-26;27,00;93.6;54,50;;;25
25/09/26;ACS;PUT;Dic-26;28,00;93.6;54,19;;;75
25/09/26;ACS;PUT;Dic-26;29,00;93.6;53,88;;;75
25/09/26;ACS;PUT;Dic-26;30,00;93.6;53,56;;;17
25/09/26;ACS;PUT;Dic-26;33,00;93.6;52,62;;;6
25/09/26;ACS;PUT;Dic-26;34,00;93.6;52,31;;;25
25/09/26;ACS;PUT;Dic-26;35,00;93.6;51,99;;;200
25/09/26;ACS;PUT;Dic-26;46,00;93.6;48,55;;;25
25/09/26;ACS;PUT;Dic-26;54,00;93.6;46,04;;;25
25/09/26;ACS;PUT;Dic-26;58,00;93.6;44,79;-0,01;;25
25/09/26;ACS;PUT;Dic-26;60,00;93.6;44,16;-0,01;;95
25/09/26;ACS;PUT;Dic-26;62,00;93.6;43,53;-0,02;;5
25/09/26;ACS;PUT;Dic-26;66,00;93.6;42,28;-0,03;;1
25/09/26;ACS;PUT;Dic-26;68,00;93.6;41,65;-0,04;;4
25/09/26;ACS;PUT;Dic-26;76,00;93.6;39,15;-0,11;;6
25/09/26;ACS;PUT;Dic-26;78,00;93.6;38,52;-0,14;;6
25/09/26;ACS;PUT;Dic-26;80,00;93.6;37,89;-0,16;;5
25/09/26;ACS;PUT;Dic-26;82,00;93.6;37,27;-0,20;;10
25/09/26;ACS;PUT;Dic-26;84,00;93.6;36,64;-0,23;;14
25/09/26;ACS;PUT;Dic-26;86,00;93.6;36,01;-0,27;;10
25/09/26;ACS;PUT;Dic-26;88,00;93.6;35,38;-0,32;;45
25/09/26;ACS;PUT;Dic-26;90,00;93.6;34,76;-0,36;;44
25/09/26;ACS;PUT;Dic-26;94,00;93.6;33,62;-0,47;;46
25/09/26;ACS;PUT;Dic-26;96,00;93.6;33,59;-0,52;;80
25/09/26;ACS;PUT;Dic-26;98,00;93.6;33,55;-0,57;;10
25/09/26;ACS;PUT;Dic-26;100,00;93.6;33,52;-0,62;;176
25/09/26;ACS;PUT;Dic-26;105,00;93.6;33,43;-0,73;;3
25/09/26;ACS;PUT;Dic-26;110,00;93.6;33,34;-0,83;;50
25/09/26;ACS;PUT;Dic-26;115,00;93.6;33,25;-0,90;;10
25/09/26;ACS;PUT;Dic-26;125,00;93.6;33,07;-0,99;5;
25/09/26;ACS;PUT;Mar-27;60,00;93.6;42,19;-0,05;;1
25/09/26;ACS;PUT;Mar-27;68,00;93.6;40,19;-0,09;;1
25/09/26;ACS;PUT;Mar-27;86,00;93.6;35,70;-0,31;;11
25/09/26;ACS;PUT;Mar-27;88,00;93.6;35,21;-0,35;;2
25/09/26;ACS;PUT;Mar-27;90,00;93.6;34,71;-0,38;;2
25/09/26;ACS;PUT;Mar-27;92,00;93.6;34,21;-0,42;;1
25/09/26;ACS;PUT;Mar-27;96,00;93.6;33,38;-0,49;;2
25/09/26;ACS;PUT;Mar-27;98,00;93.6;33,03;-0,53;;115
25/09/26;ACS;PUT;Mar-27;100,00;93.6;32,67;-0,56;;110
25/09/26;ACS;PUT;Mar-27;105,00;93.6;31,78;-0,66;;6
25/09/26;ACS;PUT;Mar-27;110,00;93.6;30,89;-0,74;;10
25/09/26;ACS;PUT;Jun-27;22,00;93.6;52,45;;;360
25/09/26;ACS;PUT;Jun-27;24,00;93.6;51,92;;;85
25/09/26;ACS;PUT;Jun-27;28,00;93.6;50,85;;;2
25/09/26;ACS;PUT;Jun-27;33,00;93.6;49,52;;;2
25/09/26;ACS;PUT;Jun-27;70,00;93.6;39,63;-0,14;;1
25/09/26;ACS;PUT;Jun-27;92,00;93.6;33,76;-0,41;;1
25/09/26;ACS;PUT;Jun-27;120,00;93.6;31,07;-0,80;;5
25/09/26;ACS;PUT;Jun-27;130,00;93.6;30,22;-0,90;;5
25/09/26;ACS;PUT;Sep-27;60,00;93.6;41,41;-0,10;;1
25/09/26;ACS;PUT;Sep-27;74,00;93.6;37,87;-0,21;;17
25/09/26;ACS;PUT;Sep-27;78,00;93.6;36,85;-0,25;;25
25/09/26;ACS;PUT;Sep-27;92,00;93.6;33,31;-0,42;;25
25/09/26;ACS;PUT;Dic-27;50,00;93.6;42,88;-0,06;;25
25/09/26;ACS;PUT;Dic-27;78,00;93.6;36,40;-0,25;;25
25/09/26;ACS;PUT;Dic-27;82,00;93.6;35,48;-0,30;;10
25/09/26;ACS;PUT;Dic-27;84,00;93.6;35,01;-0,32;;5
25/09/26;ACS;PUT;Dic-27;98,00;93.6;32,66;-0,48;;25
25/09/26;ACS;PUT;Dic-27;100,00;93.6;32,61;-0,51;;25
25/09/26;ACS;PUT;Dic-27;115,00;93.6;32,18;-0,66;;5
25/09/26;ACS;PUT;Mar-28;84,00;93.6;33,74;-0,31;;1
25/09/26;ACS;PUT;Jun-28;105,00;93.6;30,89;-0,54;;1
25/09/26;ACS;CALL;Dic-26;50,00;93.6;48,68;0,99;;1
25/09/26;AENA;CALL;Oct-26;25,00;25.88;24,32;0,74;;10
25/09/26;AENA;CALL;Oct-26;26,00;25.88;23,20;0,49;;501
25/09/26;AENA;CALL;Oct-26;27,00;25.88;22,48;0,23;;56
25/09/26;AENA;CALL;Oct-26;29,00;25.88;21,04;0,01;;10
25/09/26;AENA;CALL;Nov-26;27,00;25.88;22,30;0,35;;1
25/09/26;AENA;CALL;Dic-26;26,00;25.88;22,91;0,53;;3
25/09/26;AENA;CALL;Dic-26;27,00;25.88;22,36;0,39;;78
25/09/26;AENA;CALL;Dic-26;28,00;25.88;21,82;0,26;;1
25/09/26;AENA;CALL;Dic-26;29,00;25.88;21,28;0,16;;6
25/09/26;AENA;CALL;Mar-27;21,00;25.88;28,26;0,89;;6
25/09/26;AENA;CALL;Mar-27;26,00;25.88;23,43;0,55;;3
25/09/26;AENA;CALL;Mar-27;27,00;25.88;23,00;0,46;;30
25/09/26;AENA;CALL;Jun-27;25,00;25.88;24,07;0,64;;2
25/09/26;AENA;CALL;Jun-27;29,00;25.88;22,02;0,31;;150
25/09/26;AENA;CALL;Jun-27;34,00;25.88;20,03;0,05;;100
25/09/26;AENA;CALL;Dic-27;23,00;25.88;25,72;0,74;;16
25/09/26;AENA;CALL;Dic-27;25,00;25.88;24,33;0,62;;25
25/09/26;AENA;CALL;Dic-27;28,00;25.88;23,09;0,42;;25
25/09/26;AENA;PUT;Oct-26;23,00;25.88;26,07;-0,03;;301
25/09/26;AENA;PUT;Oct-26;24,00;25.88;24,89;-0,10;;15
25/09/26;AENA;PUT;Oct-26;25,00;25.88;23,72;-0,26;;4
25/09/26;AENA;PUT;Oct-26;26,00;25.88;22,60;-0,52;;1
25/09/26;AENA;PUT;Oct-26;27,00;25.88;21,88;-0,78;;1
25/09/26;AENA;PUT;Nov-26;23,00;25.88;25,91;-0,11;;5
25/09/26;AENA;PUT;Dic-26;18,00;25.88;30,85;-0,01;;2
25/09/26;AENA;PUT;Dic-26;19,00;25.88;29,80;-0,01;;3
25/09/26;AENA;PUT;Dic-26;19,50;25.88;29,27;-0,02;;12
25/09/26;AENA;PUT;Dic-26;20,00;25.88;28,74;-0,02;;4
25/09/26;AENA;PUT;Dic-26;21,00;25.88;27,68;-0,05;;4
25/09/26;AENA;PUT;Dic-26;22,00;25.88;26,63;-0,09;;1.428
25/09/26;AENA;PUT;Dic-26;23,00;25.88;25,57;-0,14;;2
25/09/26;AENA;PUT;Dic-26;24,00;25.88;24,52;-0,23;;2
25/09/26;AENA;PUT;Dic-26;25,00;25.88;23,46;-0,34;;39
25/09/26;AENA;PUT;Dic-26;26,00;25.88;22,47;-0,48;;5
25/09/26;AENA;PUT;Mar-27;18,00;25.88;30,11;-0,03;;2
25/09/26;AENA;PUT;Mar-27;20,00;25.88;28,16;-0,07;;500
25/09/26;AENA;PUT;Mar-27;20,50;25.88;27,67;-0,09;;1
25/09/26;AENA;PUT;Mar-27;21,00;25.88;27,18;-0,10;;9
25/09/26;AENA;PUT;Mar-27;22,00;25.88;26,20;-0,15;;6
25/09/26;AENA;PUT;Mar-27;23,00;25.88;25,22;-0,21;1;21
25/09/26;AENA;PUT;Mar-27;24,00;25.88;24,24;-0,28;;3
25/09/26;AENA;PUT;Mar-27;26,00;25.88;22,35;-0,46;;6
25/09/26;AENA;PUT;Mar-27;27,00;25.88;21,92;-0,57;;18
25/09/26;AENA;PUT;Jun-27;18,00;25.88;27,37;-0,06;;1
25/09/26;AENA;PUT;Jun-27;19,00;25.88;26,45;-0,09;;1
25/09/26;AENA;PUT;Jun-27;20,00;25.88;25,54;-0,12;;2
25/09/26;AENA;PUT;Jun-27;23,00;25.88;22,79;-0,29;;7
25/09/26;AENA;PUT;Jun-27;24,00;25.88;21,88;-0,37;;1
25/09/26;AENA;PUT;Jun-27;25,00;25.88;20,96;-0,45;;25
25/09/26;AENA;PUT;Jun-27;26,00;25.88;20,11;-0,55;;26
25/09/26;AENA;PUT;Jun-27;27,00;25.88;19,71;-0,64;;25
25/09/26;AENA;PUT;Sep-27;18,00;25.88;26,32;-0,07;;1
25/09/26;AENA;PUT;Sep-27;23,00;25.88;22,46;-0,30;;2
25/09/26;ALMIRALL;CALL;Dic-26;11,00;10.46;26,60;0,39;;3
25/09/26;ALMIRALL;CALL;Dic-26;12,00;10.46;26,53;0,17;;4
25/09/26;ALMIRALL;PUT;Dic-26;11,00;10.46;27,95;-0,61;;4
25/09/26;AMADEUS;CALL;Oct-26;48,00;53.48;33,22;0,92;;1
25/09/26;AMADEUS;CALL;Oct-26;54,00;53.48;28,93;0,47;;1
25/09/26;AMADEUS;CALL;Oct-26;56,00;53.48;28,56;0,27;;1
25/09/26;AMADEUS;CALL;Oct-26;58,00;53.48;28,20;0,13;3;45
25/09/26;AMADEUS;CALL;Oct-26;60,00;53.48;27,84;0,05;;5
25/09/26;AMADEUS;CALL;Oct-26;62,00;53.48;27,48;0,01;;992
25/09/26;AMADEUS;CALL;Oct-26;64,00;53.48;27,12;;;1.302
25/09/26;AMADEUS;CALL;Oct-26;66,00;53.48;26,76;;;2
25/09/26;AMADEUS;CALL;Nov-26;58,00;53.48;28,16;0,26;;1
25/09/26;AMADEUS;CALL;Nov-26;60,00;53.48;27,80;0,17;1;50
25/09/26;AMADEUS;CALL;Nov-26;64,00;53.48;27,08;0,05;;468
25/09/26;AMADEUS;CALL;Nov-26;66,00;53.48;26,72;0,03;;443
25/09/26;AMADEUS;CALL;Nov-26;68,00;53.48;26,36;0,01;;1
25/09/26;AMADEUS;CALL;Dic-26;38,00;53.48;39,84;0,97;;4
25/09/26;AMADEUS;CALL;Dic-26;39,00;53.48;39,11;0,97;;25
25/09/26;AMADEUS;CALL;Dic-26;40,00;53.48;38,38;0,95;;11
25/09/26;AMADEUS;CALL;Dic-26;45,00;53.48;34,73;0,87;;11
25/09/26;AMADEUS;CALL;Dic-26;49,00;53.48;31,82;0,75;;1
25/09/26;AMADEUS;CALL;Dic-26;50,00;53.48;31,09;0,71;;13
25/09/26;AMADEUS;CALL;Dic-26;52,00;53.48;29,63;0,62;;500
25/09/26;AMADEUS;CALL;Dic-26;54,00;53.48;28,49;0,52;;13
25/09/26;AMADEUS;CALL;Dic-26;56,00;53.48;28,27;0,41;;26
25/09/26;AMADEUS;CALL;Dic-26;58,00;53.48;28,04;0,31;;25
25/09/26;AMADEUS;CALL;Dic-26;60,00;53.48;27,82;0,23;1.115;1.117
25/09/26;AMADEUS;CALL;Dic-26;62,00;53.48;27,59;0,16;1;26
25/09/26;AMADEUS;CALL;Dic-26;64,00;53.48;27,37;0,10;;27
25/09/26;AMADEUS;CALL;Dic-26;66,00;53.48;27,15;0,07;22;73
25/09/26;AMADEUS;CALL;Dic-26;68,00;53.48;26,92;0,04;;25
25/09/26;AMADEUS;CALL;Dic-26;70,00;53.48;26,70;0,02;;1
25/09/26;AMADEUS;CALL;Dic-26;72,00;53.48;26,47;0,01;;28
25/09/26;AMADEUS;CALL;Dic-26;74,00;53.48;26,25;0,01;;6
25/09/26;AMADEUS;CALL;Dic-26;90,00;53.48;24,45;;;3
25/09/26;AMADEUS;CALL;Mar-27;40,00;53.48;37,06;0,91;;1
25/09/26;AMADEUS;CALL;Mar-27;52,00;53.48;29,58;0,61;;25
25/09/26;AMADEUS;CALL;Mar-27;54,00;53.48;28,62;0,53;;500
25/09/26;AMADEUS;CALL;Mar-27;56,00;53.48;28,46;0,45;;63
25/09/26;AMADEUS;CALL;Mar-27;58,00;53.48;28,29;0,38;;60
25/09/26;AMADEUS;CALL;Mar-27;60,00;53.48;28,13;0,32;;1
25/09/26;AMADEUS;CALL;Mar-27;62,00;53.48;27,97;0,26;;300
25/09/26;AMADEUS;CALL;Mar-27;64,00;53.48;27,81;0,21;;10
25/09/26;AMADEUS;CALL;Mar-27;66,00;53.48;27,65;0,16;;3
25/09/26;AMADEUS;CALL;Jun-27;40,00;53.48;35,94;0,87;;1
25/09/26;AMADEUS;CALL;Jun-27;48,00;53.48;31,70;0,72;;1
25/09/26;AMADEUS;CALL;Jun-27;50,00;53.48;30,64;0,66;;1
25/09/26;AMADEUS;CALL;Jun-27;52,00;53.48;29,58;0,61;;25
25/09/26;AMADEUS;CALL;Jun-27;58,00;53.48;28,29;0,43;;25
25/09/26;AMADEUS;CALL;Jun-27;60,00;53.48;28,07;0,38;;25
25/09/26;AMADEUS;CALL;Jun-27;62,00;53.48;27,84;0,32;;50
25/09/26;AMADEUS;CALL;Jun-27;64,00;53.48;27,62;0,27;;26
25/09/26;AMADEUS;CALL;Jun-27;66,00;53.48;27,40;0,23;;50
25/09/26;AMADEUS;CALL;Jun-27;68,00;53.48;27,17;0,19;;85
25/09/26;AMADEUS;CALL;Jun-27;72,00;53.48;26,72;0,13;;1
25/09/26;AMADEUS;CALL;Jun-27;82,00;53.48;25,60;0,03;10;10
25/09/26;AMADEUS;CALL;Sep-27;49,00;53.48;31,56;0,68;;5
25/09/26;AMADEUS;CALL;Sep-27;66,00;53.48;27,54;0,26;;26
25/09/26;AMADEUS;CALL;Dic-27;56,00;53.48;29,50;0,52;;25
25/09/26;AMADEUS;CALL;Dic-27;60,00;53.48;28,98;0,43;;25
25/09/26;AMADEUS;CALL;Dic-27;72,00;53.48;27,41;0,21;;6
25/09/26;AMADEUS;PUT;Oct-26;36,00;53.48;43,15;;;18
25/09/26;AMADEUS;PUT;Oct-26;39,00;53.48;40,85;;;2
25/09/26;AMADEUS;PUT;Oct-26;40,00;53.48;40,08;;;526
25/09/26;AMADEUS;PUT;Oct-26;45,00;53.48;36,25;-0,02;;1
25/09/26;AMADEUS;PUT;Oct-26;47,00;53.48;34,72;-0,05;;3
25/09/26;AMADEUS;PUT;Oct-26;48,00;53.48;33,95;-0,08;;4
25/09/26;AMADEUS;PUT;Oct-26;49,00;53.48;33,18;-0,12;;4
25/09/26;AMADEUS;PUT;Oct-26;50,00;53.48;32,42;-0,18;1;6
25/09/26;AMADEUS;PUT;Oct-26;52,00;53.48;30,88;-0,33;;8
25/09/26;AMADEUS;PUT;Oct-26;54,00;53.48;29,66;-0,53;;3
25/09/26;AMADEUS;PUT;Oct-26;58,00;53.48;28,93;-0,87;;10
25/09/26;AMADEUS;PUT;Oct-26;60,00;53.48;28,57;-0,96;;1
25/09/26;AMADEUS;PUT;Nov-26;44,00;53.48;35,55;-0,07;;1
25/09/26;AMADEUS;PUT;Nov-26;45,00;53.48;34,79;-0,09;1;1
25/09/26;AMADEUS;PUT;Nov-26;48,00;53.48;32,51;-0,17;;1
25/09/26;AMADEUS;PUT;Nov-26;49,00;53.48;31,75;-0,22;;1
25/09/26;AMADEUS;PUT;Nov-26;52,00;53.48;29,47;-0,37;5;10
25/09/26;AMADEUS;PUT;Nov-26;54,00;53.48;28,25;-0,50;;3
25/09/26;AMADEUS;PUT;Dic-26;38,00;53.48;39,22;-0,03;;54
25/09/26;AMADEUS;PUT;Dic-26;39,00;53.48;38,49;-0,03;;174
25/09/26;AMADEUS;PUT;Dic-26;40,00;53.48;37,76;-0,04;;103
25/09/26;AMADEUS;PUT;Dic-26;42,00;53.48;36,30;-0,07;;2
25/09/26;AMADEUS;PUT;Dic-26;43,00;53.48;35,57;-0,08;;56
25/09/26;AMADEUS;PUT;Dic-26;44,00;53.48;34,84;-0,10;;15
25/09/26;AMADEUS;PUT;Dic-26;45,00;53.48;34,11;-0,12;;78
25/09/26;AMADEUS;PUT;Dic-26;46,00;53.48;33,38;-0,15;;38
25/09/26;AMADEUS;PUT;Dic-26;47,00;53.48;32,66;-0,18;;100
25/09/26;AMADEUS;PUT;Dic-26;48,00;53.48;31,93;-0,21;;2.022
25/09/26;AMADEUS;PUT;Dic-26;49,00;53.48;31,20;-0,24;;15
25/09/26;AMADEUS;PUT;Dic-26;50,00;53.48;30,47;-0,29;;868
25/09/26;AMADEUS;PUT;Dic-26;52,00;53.48;29,01;-0,38;;539
25/09/26;AMADEUS;PUT;Dic-26;54,00;53.48;27,87;-0,49;30;122
25/09/26;AMADEUS;PUT;Dic-26;56,00;53.48;27,65;-0,60;;14
25/09/26;AMADEUS;PUT;Dic-26;58,00;53.48;27,42;-0,70;;1
25/09/26;AMADEUS;PUT;Dic-26;60,00;53.48;27,20;-0,80;;27
25/09/26;AMADEUS;PUT;Dic-26;62,00;53.48;26,97;-0,87;;3
25/09/26;AMADEUS;PUT;Dic-26;64,00;53.48;26,75;-0,93;;1
25/09/26;AMADEUS;PUT;Dic-26;68,00;53.48;26,30;-1,00;;25
25/09/26;AMADEUS;PUT;Dic-26;70,00;53.48;26,08;-1,00;;25
25/09/26;AMADEUS;PUT;Mar-27;38,00;53.48;36,73;-0,07;;116
25/09/26;AMADEUS;PUT;Mar-27;39,00;53.48;36,11;-0,08;;55
25/09/26;AMADEUS;PUT;Mar-27;40,00;53.48;35,48;-0,09;;3
25/09/26;AMADEUS;PUT;Mar-27;41,00;53.48;34,86;-0,11;;54
25/09/26;AMADEUS;PUT;Mar-27;42,00;53.48;34,24;-0,13;;2
25/09/26;AMADEUS;PUT;Mar-27;43,00;53.48;33,61;-0,15;80;80
25/09/26;AMADEUS;PUT;Mar-27;44,00;53.48;32,99;-0,17;;10
25/09/26;AMADEUS;PUT;Mar-27;45,00;53.48;32,37;-0,19;;7
25/09/26;AMADEUS;PUT;Mar-27;46,00;53.48;31,74;-0,21;;10
25/09/26;AMADEUS;PUT;Mar-27;47,00;53.48;31,12;-0,24;;13
25/09/26;AMADEUS;PUT;Mar-27;48,00;53.48;30,50;-0,27;;515
25/09/26;AMADEUS;PUT;Mar-27;49,00;53.48;29,87;-0,30;;15
25/09/26;AMADEUS;PUT;Mar-27;50,00;53.48;29,25;-0,33;;1
25/09/26;AMADEUS;PUT;Mar-27;52,00;53.48;28,00;-0,41;;3
25/09/26;AMADEUS;PUT;Mar-27;54,00;53.48;27,04;-0,49;;11
25/09/26;AMADEUS;PUT;Mar-27;62,00;53.48;26,39;-0,77;;1
25/09/26;AMADEUS;PUT;Jun-27;38,00;53.48;35,43;-0,10;;65
25/09/26;AMADEUS;PUT;Jun-27;39,00;53.48;34,90;-0,11;;10
25/09/26;AMADEUS;PUT;Jun-27;40,00;53.48;34,37;-0,12;;1.250
25/09/26;AMADEUS;PUT;Jun-27;42,00;53.48;33,31;-0,16;;25
25/09/26;AMADEUS;PUT;Jun-27;43,00;53.48;32,78;-0,17;;25
25/09/26;AMADEUS;PUT;Jun-27;44,00;53.48;32,25;-0,19;;3
25/09/26;AMADEUS;PUT;Jun-27;45,00;53.48;31,72;-0,21;;1
25/09/26;AMADEUS;PUT;Jun-27;46,00;53.48;31,19;-0,24;;26
25/09/26;AMADEUS;PUT;Jun-27;47,00;53.48;30,66;-0,26;;25
25/09/26;AMADEUS;PUT;Jun-27;48,00;53.48;30,13;-0,29;;53
25/09/26;AMADEUS;PUT;Jun-27;49,00;53.48;29,60;-0,31;;3
25/09/26;AMADEUS;PUT;Jun-27;50,00;53.48;29,07;-0,34;;24
25/09/26;AMADEUS;PUT;Jun-27;52,00;53.48;28,01;-0,40;;7
25/09/26;AMADEUS;PUT;Jun-27;54,00;53.48;27,17;-0,47;;17
25/09/26;AMADEUS;PUT;Jun-27;60,00;53.48;26,50;-0,66;;11
25/09/26;AMADEUS;PUT;Sep-27;48,00;53.48;29,43;-0,31;;2
25/09/26;AMADEUS;PUT;Sep-27;52,00;53.48;27,58;-0,42;;1
25/09/26;AMADEUS;PUT;Sep-27;54,00;53.48;26,82;-0,47;;12
25/09/26;AMADEUS;PUT;Dic-27;46,00;53.48;29,82;-0,27;;50
25/09/26;AMADEUS;PUT;Dic-27;47,00;53.48;29,41;-0,29;;25
25/09/26;AMADEUS;PUT;Dic-27;48,00;53.48;28,99;-0,31;;51
25/09/26;AMADEUS;PUT;Dic-27;50,00;53.48;28,17;-0,36;;7
25/09/26;AMADEUS;PUT;Dic-27;52,00;53.48;27,35;-0,41;;3
25/09/26;AMADEUS;PUT;Dic-27;58,00;53.48;26,15;-0,57;;1
25/09/26;AMADEUS;PUT;Mar-28;49,00;53.48;27,89;-0,34;;1
25/09/26;AMADEUS;PUT;Jun-28;46,00;53.48;28,53;-0,28;;2
25/09/26;AMADEUS;PUT;Jun-28;48,00;53.48;27,89;-0,32;;6
25/09/26;AMADEUS;PUT;Jun-28;56,00;53.48;25,86;-0,49;;1
25/09/26;AMADEUS;PUT;Jun-28;60,00;53.48;25,46;-0,58;;3
25/09/26;AMADEUS;PUT;Jun-28;62,00;53.48;25,26;-0,63;;3
25/09/26;AMADEUS;PUT;Jun-28;70,00;53.48;24,46;-0,78;;2
25/09/26;AMADEUS;PUT;Sep-28;46,00;53.48;28,06;-0,29;;2
25/09/26;AMADEUS;PUT;Dic-26;44,00;53.48;34,84;-0,10;;1
25/09/26;AMADEUS;PUT;Dic-26;46,00;53.48;33,38;-0,15;;1
25/09/26;AMADEUS;PUT;Dic-26;56,00;53.48;27,65;-0,59;;1
25/09/26;AMADEUS;PUT;Sep-27;60,00;53.48;25,88;-0,61;;1
25/09/26;ARCELORMITTAL;CALL;Oct-26;52,00;61.8;45,59;0,95;2;7
25/09/26;ARCELORMITTAL;CALL;Oct-26;54,00;61.8;44,75;0,91;;1
25/09/26;ARCELORMITTAL;CALL;Oct-26;64,00;61.8;40,16;0,38;1;54
25/09/26;ARCELORMITTAL;CALL;Oct-26;66,00;61.8;38,98;0,26;5;43
25/09/26;ARCELORMITTAL;CALL;Oct-26;68,00;61.8;37,79;0,16;;8
25/09/26;ARCELORMITTAL;CALL;Oct-26;70,00;61.8;36,60;0,09;1;40
25/09/26;ARCELORMITTAL;CALL;Oct-26;74,00;61.8;34,23;0,02;;3
25/09/26;ARCELORMITTAL;CALL;Nov-26;68,00;61.8;41,55;0,31;;1
25/09/26;ARCELORMITTAL;CALL;Nov-26;76,00;61.8;37,80;0,09;;1
25/09/26;ARCELORMITTAL;CALL;Dic-26;26,00;61.8;56,33;1,00;;4
25/09/26;ARCELORMITTAL;CALL;Dic-26;35,00;61.8;52,88;0,99;;3
25/09/26;ARCELORMITTAL;CALL;Dic-26;40,00;61.8;50,97;0,97;;2
25/09/26;ARCELORMITTAL;CALL;Dic-26;45,00;61.8;49,05;0,93;;10
25/09/26;ARCELORMITTAL;CALL;Dic-26;50,00;61.8;47,14;0,86;;149
25/09/26;ARCELORMITTAL;CALL;Dic-26;56,00;61.8;44,84;0,72;;1
25/09/26;ARCELORMITTAL;CALL;Dic-26;60,00;61.8;43,31;0,60;;10
25/09/26;ARCELORMITTAL;CALL;Dic-26;68,00;61.8;41,95;0,36;;54
25/09/26;ARCELORMITTAL;CALL;Dic-26;70,00;61.8;41,74;0,31;;36
25/09/26;ARCELORMITTAL;CALL;Dic-26;72,00;61.8;41,52;0,26;;53
25/09/26;ARCELORMITTAL;CALL;Dic-26;74,00;61.8;41,30;0,22;;5
25/09/26;ARCELORMITTAL;CALL;Dic-26;76,00;61.8;41,09;0,18;;30
25/09/26;ARCELORMITTAL;CALL;Dic-26;88,00;61.8;39,79;0,04;;25
25/09/26;ARCELORMITTAL;CALL;Jun-27;21,00;61.8;53,35;1,00;;3
25/09/26;ARCELORMITTAL;CALL;Dic-29;30,00;61.8;37,47;0,94;;1
25/09/26;ARCELORMITTAL;PUT;Oct-26;50,00;61.8;44,98;-0,02;;25
25/09/26;ARCELORMITTAL;PUT;Oct-26;56,00;61.8;42,46;-0,15;;1
25/09/26;ARCELORMITTAL;PUT;Oct-26;58,00;61.8;41,62;-0,24;;1
25/09/26;ARCELORMITTAL;PUT;Oct-26;60,00;61.8;40,78;-0,36;;69
25/09/26;ARCELORMITTAL;PUT;Oct-26;62,00;61.8;39,90;-0,49;2;11
25/09/26;ARCELORMITTAL;PUT;Nov-26;48,00;61.8;48,49;-0,08;;8
25/09/26;ARCELORMITTAL;PUT;Nov-26;56,00;61.8;45,29;-0,26;;1
25/09/26;ARCELORMITTAL;PUT;Nov-26;60,00;61.8;43,70;-0,39;2;3
25/09/26;ARCELORMITTAL;PUT;Nov-26;62,00;61.8;42,89;-0,47;;1
25/09/26;ARCELORMITTAL;PUT;Dic-26;34,00;61.8;52,16;-0,01;;5
25/09/26;ARCELORMITTAL;PUT;Dic-26;35,00;61.8;51,77;-0,01;;5
25/09/26;ARCELORMITTAL;PUT;Dic-26;36,00;61.8;51,39;-0,01;;5
25/09/26;ARCELORMITTAL;PUT;Dic-26;37,00;61.8;51,01;-0,01;;5
25/09/26;ARCELORMITTAL;PUT;Dic-26;39,00;61.8;50,24;-0,02;;1
25/09/26;ARCELORMITTAL;PUT;Dic-26;40,00;61.8;49,86;-0,03;;3
25/09/26;ARCELORMITTAL;PUT;Dic-26;45,00;61.8;47,94;-0,07;;32
25/09/26;ARCELORMITTAL;PUT;Dic-26;46,00;61.8;47,56;-0,08;;1
25/09/26;ARCELORMITTAL;PUT;Dic-26;49,00;61.8;46,41;-0,12;;50
25/09/26;ARCELORMITTAL;PUT;Dic-26;50,00;61.8;46,03;-0,14;;30
25/09/26;ARCELORMITTAL;PUT;Dic-26;52,00;61.8;45,26;-0,18;;10
25/09/26;ARCELORMITTAL;PUT;Dic-26;54,00;61.8;44,50;-0,23;;5
25/09/26;ARCELORMITTAL;PUT;Dic-26;60,00;61.8;42,20;-0,40;;115
25/09/26;ARCELORMITTAL;PUT;Dic-26;62,00;61.8;41,49;-0,46;;20
25/09/26;ARCELORMITTAL;PUT;Mar-27;36,00;61.8;47,33;-0,03;;5
25/09/26;ARCELORMITTAL;PUT;Mar-27;38,00;61.8;46,87;-0,05;;26
25/09/26;ARCELORMITTAL;PUT;Mar-27;40,00;61.8;46,41;-0,06;;50
25/09/26;ARCELORMITTAL;PUT;Dic-27;24,00;61.8;45,32;-0,01;;1
25/09/26;ARCELORMITTAL;PUT;Dic-30;44,00;61.8;34,23;-0,17;;1
25/09/26;ATRESMEDIA;CALL;Oct-26;5,25;5.84;25,43;0,96;;24
25/09/26;ATRESMEDIA;CALL;Oct-26;5,30;5.84;25,24;0,95;;2
25/09/26;ATRESMEDIA;CALL;Dic-26;5,25;5.84;25,72;0,85;;11
25/09/26;ATRESMEDIA;CALL;Dic-26;5,50;5.84;24,72;0,74;;6
25/09/26;ATRESMEDIA;CALL;Dic-26;5,75;5.84;23,72;0,60;;10
25/09/26;ATRESMEDIA;CALL;Dic-26;6,00;5.84;22,58;0,44;;2
25/09/26;ATRESMEDIA;CALL;Mar-27;3,40;5.84;28,08;1,00;;2
25/09/26;ATRESMEDIA;CALL;Mar-27;5,00;5.84;23,78;0,90;;32
25/09/26;ATRESMEDIA;CALL;Mar-27;5,50;5.84;22,44;0,70;;60
25/09/26;ATRESMEDIA;CALL;Mar-27;5,75;5.84;21,77;0,57;1;1
25/09/26;ATRESMEDIA;CALL;Sep-27;5,75;5.84;22,66;0,55;;1
25/09/26;ATRESMEDIA;PUT;Dic-26;4,50;5.84;26,64;-0,03;;18
25/09/26;ATRESMEDIA;PUT;Dic-26;5,00;5.84;24,65;-0,12;;3
25/09/26;ATRESMEDIA;PUT;Dic-26;5,50;5.84;22,65;-0,35;;25
25/09/26;ATRESMEDIA;PUT;Dic-26;6,00;5.84;20,51;-0,69;;20
25/09/26;ATRESMEDIA;PUT;Dic-26;6,50;5.84;18,09;-0,93;25;25
25/09/26;ATRESMEDIA;PUT;Mar-27;4,50;5.84;25,22;-0,07;;5
25/09/26;ATRESMEDIA;PUT;Mar-27;5,25;5.84;23,21;-0,27;25;25
25/09/26;ATRESMEDIA;PUT;Jun-27;4,00;5.84;27,13;-0,07;;5
25/09/26;ATRESMEDIA;PUT;Jun-27;4,50;5.84;26,22;-0,15;;2
25/09/26;ATRESMEDIA;PUT;Jun-27;4,60;5.84;26,03;-0,18;;2
25/09/26;B.SABADELL;CALL;Oct-26;3,59;3.76;26,16;0,78;;1
25/09/26;B.SABADELL;CALL;Oct-26;3,68;3.76;25,84;0,65;;1
25/09/26;B.SABADELL;CALL;Nov-26;3,68;3.76;27,18;0,61;;1
25/09/26;B.SABADELL;CALL;Nov-26;3,76;3.76;26,89;0,53;;9
25/09/26;B.SABADELL;CALL;Dic-26;2,48;3.76;30,20;1,00;;50
25/09/26;B.SABADELL;CALL;Dic-26;2,74;3.76;29,25;0,99;;28
25/09/26;B.SABADELL;CALL;Dic-26;2,99;3.76;28,34;0,96;;7
25/09/26;B.SABADELL;CALL;Dic-26;3,08;3.76;28,02;0,94;;664
25/09/26;B.SABADELL;CALL;Dic-26;3,25;3.76;27,40;0,89;;11
25/09/26;B.SABADELL;CALL;Dic-26;3,33;3.76;27,11;0,85;;10
25/09/26;B.SABADELL;CALL;Dic-26;3,50;3.76;26,49;0,75;;10
25/09/26;B.SABADELL;CALL;Dic-26;3,59;3.76;26,16;0,68;;41
25/09/26;B.SABADELL;CALL;Dic-26;3,68;3.76;25,83;0,61;;25
25/09/26;B.SABADELL;CALL;Dic-26;3,85;3.76;25,26;0,46;;40
25/09/26;B.SABADELL;CALL;Mar-27;2,22;3.76;30,96;1,00;;20
25/09/26;B.SABADELL;CALL;Mar-27;2,74;3.76;29,53;0,97;;10
25/09/26;B.SABADELL;CALL;Mar-27;2,91;3.76;29,07;0,94;;38
25/09/26;B.SABADELL;CALL;Mar-27;3,16;3.76;28,38;0,86;;80
25/09/26;B.SABADELL;CALL;Mar-27;3,33;3.76;27,91;0,78;;2
25/09/26;B.SABADELL;CALL;Mar-27;3,42;3.76;27,66;0,74;;9
25/09/26;B.SABADELL;CALL;Mar-27;3,50;3.76;27,44;0,69;;3
25/09/26;B.SABADELL;CALL;Mar-27;3,59;3.76;27,19;0,64;;50
25/09/26;B.SABADELL;CALL;Mar-27;3,68;3.76;26,95;0,58;;11
25/09/26;B.SABADELL;CALL;Mar-27;3,93;3.76;26,26;0,43;;100
25/09/26;B.SABADELL;CALL;Mar-27;4,02;3.76;26,01;0,38;;1
25/09/26;B.SABADELL;CALL;Jun-27;2,99;3.76;30,89;0,88;;6
25/09/26;B.SABADELL;CALL;Jun-27;3,33;3.76;30,08;0,74;;90
25/09/26;B.SABADELL;CALL;Jun-27;3,50;3.76;29,67;0,66;;4
25/09/26;B.SABADELL;CALL;Jun-27;3,59;3.76;29,46;0,62;;2
25/09/26;B.SABADELL;CALL;Jun-27;3,68;3.76;29,24;0,57;;4
25/09/26;B.SABADELL;CALL;Jun-27;3,76;3.76;29,05;0,54;;4
25/09/26;B.SABADELL;CALL;Jun-27;3,93;3.76;28,61;0,46;;1
25/09/26;B.SABADELL;CALL;Jun-27;4,02;3.76;28,38;0,42;;11
25/09/26;B.SABADELL;PUT;Nov-26;3,42;3.76;24,95;-0,15;;5
25/09/26;B.SABADELL;PUT;Dic-26;2,48;3.76;29,29;;;411
25/09/26;B.SABADELL;PUT;Dic-26;2,56;3.76;29,00;;;10
25/09/26;B.SABADELL;PUT;Dic-26;2,65;3.76;28,67;;;10
25/09/26;B.SABADELL;PUT;Dic-26;2,74;3.76;28,34;-0,01;;20
25/09/26;B.SABADELL;PUT;Dic-26;2,82;3.76;28,05;-0,01;;21
25/09/26;B.SABADELL;PUT;Dic-26;2,91;3.76;27,73;-0,02;;2
25/09/26;B.SABADELL;PUT;Dic-26;2,99;3.76;27,43;-0,03;;10
25/09/26;B.SABADELL;PUT;Dic-26;3,08;3.76;27,11;-0,05;;52
25/09/26;B.SABADELL;PUT;Dic-26;3,16;3.76;26,82;-0,07;;60
25/09/26;B.SABADELL;PUT;Dic-26;3,42;3.76;25,87;-0,20;;40
25/09/26;B.SABADELL;PUT;Dic-26;3,50;3.76;25,58;-0,25;;52
25/09/26;B.SABADELL;PUT;Dic-26;3,59;3.76;25,25;-0,32;5;5
25/09/26;B.SABADELL;PUT;Dic-26;3,68;3.76;24,92;-0,40;;40
25/09/26;B.SABADELL;PUT;Mar-27;2,48;3.76;28,33;-0,01;;1
25/09/26;B.SABADELL;PUT;Mar-27;2,65;3.76;27,86;-0,03;;20
25/09/26;B.SABADELL;PUT;Mar-27;2,82;3.76;27,39;-0,06;;113
25/09/26;B.SABADELL;PUT;Mar-27;2,99;3.76;26,93;-0,10;;205
25/09/26;B.SABADELL;PUT;Mar-27;3,08;3.76;26,68;-0,13;;200
25/09/26;B.SABADELL;PUT;Mar-27;3,33;3.76;25,99;-0,24;;141
25/09/26;B.SABADELL;PUT;Mar-27;3,42;3.76;25,74;-0,29;;3
25/09/26;B.SABADELL;PUT;Mar-27;3,59;3.76;25,27;-0,39;;180
25/09/26;B.SABADELL;PUT;Jun-27;2,74;3.76;27,88;-0,09;;5
25/09/26;B.SABADELL;PUT;Jun-27;2,99;3.76;27,28;-0,16;;5
25/09/26;B.SABADELL;PUT;Sep-27;2,39;3.76;28,78;-0,05;;5
25/09/26;B.SABADELL;PUT;Sep-27;3,08;3.76;27,25;-0,22;;5
25/09/26;B.SABADELL;PUT;Dic-27;2,74;3.76;27,96;-0,14;;1.538
25/09/26;B.SABADELL;PUT;Dic-27;2,82;3.76;27,80;-0,16;;3.026
25/09/26;B.SABADELL;PUT;Dic-27;2,99;3.76;27,45;-0,21;;5
25/09/26;B.SABADELL;PUT;Mar-28;2,56;3.76;29,74;-0,12;;830
25/09/26;B.SABADELL;PUT;Mar-28;2,74;3.76;29,43;-0,17;;769
25/09/26;B.SABADELL;PUT;Mar-28;2,82;3.76;29,30;-0,19;;758
25/09/26;B.SABADELL;PUT;Mar-28;2,91;3.76;29,15;-0,21;;742
25/09/26;B.SABADELL;PUT;Dic-26;2,48;3.76;29,29;;;10
25/09/26;BANKINTER;CALL;Oct-26;15,00;16.63;26,99;0,95;;10
25/09/26;BANKINTER;CALL;Oct-26;17,00;16.63;23,41;0,37;;11
25/09/26;BANKINTER;CALL;Oct-26;17,50;16.63;23,25;0,20;;10
25/09/26;BANKINTER;CALL;Dic-26;13,50;16.63;30,23;0,95;;11
25/09/26;BANKINTER;CALL;Dic-26;14,00;16.63;29,24;0,93;;2
25/09/26;BANKINTER;CALL;Dic-26;15,00;16.63;27,25;0,83;;10
25/09/26;BANKINTER;CALL;Dic-26;15,50;16.63;26,26;0,76;;10
25/09/26;BANKINTER;CALL;Dic-26;16,00;16.63;25,27;0,67;;40
25/09/26;BANKINTER;CALL;Dic-26;17,00;16.63;23,91;0,45;;110
25/09/26;BANKINTER;CALL;Mar-27;15,00;16.63;27,69;0,75;;21
25/09/26;BANKINTER;CALL;Mar-27;16,50;16.63;25,25;0,54;;100
25/09/26;BANKINTER;CALL;Mar-27;17,00;16.63;24,94;0,47;;100
25/09/26;BANKINTER;CALL;Jun-27;14,50;16.63;28,87;0,76;;1
25/09/26;BANKINTER;CALL;Jun-27;15,50;16.63;27,47;0,66;;1
25/09/26;BANKINTER;CALL;Jun-27;16,00;16.63;26,76;0,60;;25
25/09/26;BANKINTER;CALL;Jun-27;16,50;16.63;26,06;0,55;;1
25/09/26;BANKINTER;CALL;Dic-27;14,50;16.63;28,11;0,72;;3
25/09/26;BANKINTER;CALL;Dic-27;15,50;16.63;27,02;0,64;;1
25/09/26;BANKINTER;CALL;Dic-27;17,00;16.63;25,72;0,52;;25
25/09/26;BANKINTER;PUT;Oct-26;14,50;16.63;27,99;-0,02;;10
25/09/26;BANKINTER;PUT;Oct-26;15,50;16.63;25,86;-0,12;;1
25/09/26;BANKINTER;PUT;Oct-26;16,00;16.63;24,80;-0,24;;30
25/09/26;BANKINTER;PUT;Oct-26;16,50;16.63;23,74;-0,43;;25
25/09/26;BANKINTER;PUT;Nov-26;15,00;16.63;26,47;-0,14;;12
25/09/26;BANKINTER;PUT;Dic-26;7,25;16.63;41,51;;;1
25/09/26;BANKINTER;PUT;Dic-26;11,00;16.63;34,07;-0,01;;1
25/09/26;BANKINTER;PUT;Dic-26;12,00;16.63;32,09;-0,02;;1.020
25/09/26;BANKINTER;PUT;Dic-26;12,50;16.63;31,10;-0,03;;114
25/09/26;BANKINTER;PUT;Dic-26;13,00;16.63;30,10;-0,05;;20
25/09/26;BANKINTER;PUT;Dic-26;13,50;16.63;29,11;-0,07;;3.360
25/09/26;BANKINTER;PUT;Dic-26;14,00;16.63;28,12;-0,11;;25
25/09/26;BANKINTER;PUT;Dic-26;15,00;16.63;26,13;-0,22;;5
25/09/26;BANKINTER;PUT;Dic-26;16,00;16.63;24,15;-0,40;;26
25/09/26;BANKINTER;PUT;Dic-26;17,00;16.63;22,79;-0,61;;10
25/09/26;BANKINTER;PUT;Mar-27;13,50;16.63;28,08;-0,13;;1.008
25/09/26;BANKINTER;PUT;Mar-27;15,50;16.63;24,83;-0,33;;75
25/09/26;BANKINTER;PUT;Jun-27;11,00;16.63;30,89;-0,05;;222
25/09/26;BANKINTER;PUT;Jun-27;12,50;16.63;28,78;-0,11;;3
25/09/26;BANKINTER;PUT;Jun-27;13,50;16.63;27,38;-0,17;;1.000
25/09/26;BANKINTER;PUT;Dic-27;10,50;16.63;28,69;-0,06;;1.000
25/09/26;BANKINTER;PUT;Dic-27;11,00;16.63;28,15;-0,08;;50
25/09/26;BANKINTER;PUT;Dic-27;15,00;16.63;23,82;-0,34;;25
25/09/26;BANKINTER;PUT;Mar-28;13,00;16.63;26,86;-0,20;;194
25/09/26;BANKINTER;PUT;Mar-28;14,00;16.63;25,96;-0,26;;175
25/09/26;BBVA;CALL;Oct-26;25,00;25.2;24,90;0,57;;26
25/09/26;BBVA;CALL;Oct-26;25,50;25.2;24,44;0,41;;2
25/09/26;BBVA;CALL;Oct-26;26,00;25.2;24,28;0,27;;165
25/09/26;BBVA;CALL;Oct-26;27,00;25.2;23,94;0,09;;110
25/09/26;BBVA;CALL;Nov-26;25,00;25.2;28,80;0,52;;12
25/09/26;BBVA;CALL;Nov-26;26,00;25.2;28,19;0,37;;41
25/09/26;BBVA;CALL;Nov-26;28,00;25.2;27,55;0,15;;18
25/09/26;BBVA;CALL;Dic-26;13,00;25.2;50,28;1,00;;25
25/09/26;BBVA;CALL;Dic-26;15,00;25.2;46,63;1,00;;30
25/09/26;BBVA;CALL;Dic-26;16,00;25.2;44,80;1,00;;3.960
25/09/26;BBVA;CALL;Dic-26;16,50;25.2;43,89;1,00;;50
25/09/26;BBVA;CALL;Dic-26;17,00;25.2;42,98;1,00;;4.311
25/09/26;BBVA;CALL;Dic-26;17,50;25.2;42,07;1,00;;650
25/09/26;BBVA;CALL;Dic-26;18,00;25.2;41,15;1,00;;159
25/09/26;BBVA;CALL;Dic-26;18,50;25.2;40,24;0,99;;8
25/09/26;BBVA;CALL;Dic-26;19,00;25.2;39,33;0,99;;2.502
25/09/26;BBVA;CALL;Dic-26;19,50;25.2;38,41;0,97;;3
25/09/26;BBVA;CALL;Dic-26;20,00;25.2;37,50;0,96;10;152
25/09/26;BBVA;CALL;Dic-26;21,00;25.2;35,68;0,91;;3.518
25/09/26;BBVA;CALL;Dic-26;22,00;25.2;33,85;0,83;;22
25/09/26;BBVA;CALL;Dic-26;23,00;25.2;32,03;0,74;;211
25/09/26;BBVA;CALL;Dic-26;24,00;25.2;30,20;0,64;;11
25/09/26;BBVA;CALL;Dic-26;25,00;25.2;28,38;0,52;;276
25/09/26;BBVA;CALL;Dic-26;26,00;25.2;27,77;0,41;20;295
25/09/26;BBVA;CALL;Dic-26;27,00;25.2;27,46;0,30;;172
25/09/26;BBVA;CALL;Dic-26;28,00;25.2;27,16;0,21;;22
25/09/26;BBVA;CALL;Dic-26;30,00;25.2;26,55;0,08;;10
25/09/26;BBVA;CALL;Dic-26;31,00;25.2;26,25;0,05;;10
25/09/26;BBVA;CALL;Mar-27;9,50;25.2;50,90;1,00;;25
25/09/26;BBVA;CALL;Mar-27;12,00;25.2;47,33;1,00;;25
25/09/26;BBVA;CALL;Mar-27;13,00;25.2;45,90;1,00;;1
25/09/26;BBVA;CALL;Mar-27;15,50;25.2;42,33;0,99;;5
25/09/26;BBVA;CALL;Mar-27;16,00;25.2;41,61;0,99;;905
25/09/26;BBVA;CALL;Mar-27;16,50;25.2;40,90;0,98;;250
25/09/26;BBVA;CALL;Mar-27;17,50;25.2;39,47;0,94;;40
25/09/26;BBVA;CALL;Mar-27;18,00;25.2;38,76;0,92;;101
25/09/26;BBVA;CALL;Mar-27;19,00;25.2;37,33;0,89;;109
25/09/26;BBVA;CALL;Mar-27;20,00;25.2;35,90;0,85;;3.053
25/09/26;BBVA;CALL;Mar-27;20,50;25.2;35,18;0,83;1;2
25/09/26;BBVA;CALL;Mar-27;21,50;25.2;33,76;0,78;;4.000
25/09/26;BBVA;CALL;Mar-27;22,00;25.2;33,04;0,76;;4.055
25/09/26;BBVA;CALL;Mar-27;23,00;25.2;31,61;0,70;;150
25/09/26;BBVA;CALL;Mar-27;24,00;25.2;30,18;0,63;;381
25/09/26;BBVA;CALL;Mar-27;25,00;25.2;28,76;0,55;;11.721
25/09/26;BBVA;CALL;Mar-27;26,00;25.2;28,29;0,47;;500
25/09/26;BBVA;CALL;Mar-27;27,00;25.2;28,07;0,39;;500
25/09/26;BBVA;CALL;Mar-27;28,00;25.2;27,84;0,32;;200
25/09/26;BBVA;CALL;Jun-27;12,00;25.2;48,13;1,00;;150
25/09/26;BBVA;CALL;Jun-27;12,50;25.2;47,42;1,00;;25
25/09/26;BBVA;CALL;Jun-27;13,00;25.2;46,72;1,00;;1
25/09/26;BBVA;CALL;Jun-27;15,00;25.2;43,89;0,98;;3
25/09/26;BBVA;CALL;Jun-27;17,00;25.2;41,06;0,92;;6.000
25/09/26;BBVA;CALL;Jun-27;20,00;25.2;36,81;0,83;;150
25/09/26;BBVA;CALL;Jun-27;21,00;25.2;35,39;0,78;;2.600
25/09/26;BBVA;CALL;Jun-27;22,00;25.2;33,98;0,74;;3.150
25/09/26;BBVA;CALL;Jun-27;23,00;25.2;32,56;0,68;;29
25/09/26;BBVA;CALL;Jun-27;24,00;25.2;31,15;0,62;;30
25/09/26;BBVA;CALL;Jun-27;25,00;25.2;29,73;0,56;;1.760
25/09/26;BBVA;CALL;Jun-27;26,00;25.2;29,25;0,49;;15
25/09/26;BBVA;CALL;Jun-27;27,00;25.2;29,00;0,42;;3.022
25/09/26;BBVA;CALL;Jun-27;28,00;25.2;28,75;0,36;1;11
25/09/26;BBVA;CALL;Jun-27;29,00;25.2;28,49;0,30;;10
25/09/26;BBVA;CALL;Sep-27;11,50;25.2;47,25;1,00;;150
25/09/26;BBVA;CALL;Sep-27;12,00;25.2;46,61;1,00;;150
25/09/26;BBVA;CALL;Sep-27;15,00;25.2;42,76;0,95;;2
25/09/26;BBVA;CALL;Sep-27;20,00;25.2;36,34;0,80;;1
25/09/26;BBVA;CALL;Sep-27;22,00;25.2;33,78;0,72;;1
25/09/26;BBVA;CALL;Sep-27;24,00;25.2;31,21;0,62;;11
25/09/26;BBVA;CALL;Dic-27;11,00;25.2;46,52;1,00;;150
25/09/26;BBVA;CALL;Dic-27;11,50;25.2;45,95;1,00;;26
25/09/26;BBVA;CALL;Dic-27;13,50;25.2;43,70;1,00;;150
25/09/26;BBVA;CALL;Dic-27;15,00;25.2;42,02;0,94;;75
25/09/26;BBVA;CALL;Dic-27;16,00;25.2;40,89;0,92;;6.000
25/09/26;BBVA;CALL;Dic-27;17,00;25.2;39,77;0,89;;150
25/09/26;BBVA;CALL;Dic-27;17,50;25.2;39,21;0,88;;100
25/09/26;BBVA;CALL;Dic-27;18,00;25.2;38,65;0,86;;1
25/09/26;BBVA;CALL;Dic-27;20,00;25.2;36,40;0,79;;150
25/09/26;BBVA;CALL;Dic-27;25,00;25.2;30,77;0,56;;4.002
25/09/26;BBVA;CALL;Dic-27;26,00;25.2;30,26;0,51;;100
25/09/26;BBVA;CALL;Mar-28;17,00;25.2;38,95;0,88;;600
25/09/26;BBVA;CALL;Mar-28;17,50;25.2;38,45;0,86;;300
25/09/26;BBVA;CALL;Mar-28;18,00;25.2;37,95;0,85;;300
25/09/26;BBVA;CALL;Mar-28;21,00;25.2;34,93;0,74;;350
25/09/26;BBVA;CALL;Jun-28;10,00;25.2;47,05;1,00;;1
25/09/26;BBVA;CALL;Jun-28;17,00;25.2;40,10;0,87;;750
25/09/26;BBVA;CALL;Jun-28;17,50;25.2;39,61;0,85;;600
25/09/26;BBVA;CALL;Jun-28;18,00;25.2;39,11;0,84;;575
25/09/26;BBVA;CALL;Jun-28;18,50;25.2;38,62;0,82;;3
25/09/26;BBVA;CALL;Jun-28;19,00;25.2;38,12;0,80;;50
25/09/26;BBVA;CALL;Jun-28;19,50;25.2;37,62;0,79;;100
25/09/26;BBVA;CALL;Jun-28;20,00;25.2;37,13;0,77;;125
25/09/26;BBVA;CALL;Jun-28;21,00;25.2;36,14;0,73;;525
25/09/26;BBVA;CALL;Jun-28;22,00;25.2;35,14;0,70;;4.450
25/09/26;BBVA;CALL;Jun-28;23,00;25.2;34,15;0,66;;150
25/09/26;BBVA;CALL;Jun-28;24,00;25.2;33,16;0,62;;300
25/09/26;BBVA;CALL;Jun-28;25,00;25.2;32,17;0,58;;1.000
25/09/26;BBVA;CALL;Sep-28;24,00;25.2;34,02;0,62;;1
25/09/26;BBVA;CALL;Dic-29;15,00;25.2;40,33;0,91;;50
25/09/26;BBVA;PUT;Oct-26;19,00;25.2;34,96;;;1
25/09/26;BBVA;PUT;Oct-26;20,00;25.2;33,18;;;6
25/09/26;BBVA;PUT;Oct-26;20,50;25.2;32,28;-0,01;;10
25/09/26;BBVA;PUT;Oct-26;21,00;25.2;31,39;-0,01;;10
25/09/26;BBVA;PUT;Oct-26;22,00;25.2;29,60;-0,04;;141
25/09/26;BBVA;PUT;Oct-26;23,00;25.2;27,82;-0,12;2;175
25/09/26;BBVA;PUT;Oct-26;24,00;25.2;26,03;-0,28;;55
25/09/26;BBVA;PUT;Oct-26;24,50;25.2;25,14;-0,40;;2
25/09/26;BBVA;PUT;Oct-26;25,00;25.2;24,25;-0,53;;14
25/09/26;BBVA;PUT;Oct-26;26,00;25.2;23,63;-0,78;;64
25/09/26;BBVA;PUT;Oct-26;27,00;25.2;23,29;-0,93;;2
25/09/26;BBVA;PUT;Nov-26;22,00;25.2;32,55;-0,15;;31
25/09/26;BBVA;PUT;Nov-26;23,00;25.2;30,74;-0,24;;170
25/09/26;BBVA;PUT;Nov-26;24,00;25.2;28,92;-0,35;;10
25/09/26;BBVA;PUT;Nov-26;27,00;25.2;26,18;-0,78;;50
25/09/26;BBVA;PUT;Dic-26;5,75;25.2;61,76;;;150
25/09/26;BBVA;PUT;Dic-26;6,00;25.2;61,31;;;10.150
25/09/26;BBVA;PUT;Dic-26;6,25;25.2;60,85;;;150
25/09/26;BBVA;PUT;Dic-26;6,50;25.2;60,39;;;13.250
25/09/26;BBVA;PUT;Dic-26;6,75;25.2;59,94;;;450
25/09/26;BBVA;PUT;Dic-26;7,00;25.2;59,48;;;300
25/09/26;BBVA;PUT;Dic-26;7,25;25.2;59,03;;;600
25/09/26;BBVA;PUT;Dic-26;7,50;25.2;58,57;;;450
25/09/26;BBVA;PUT;Dic-26;7,75;25.2;58,11;;;451
25/09/26;BBVA;PUT;Dic-26;8,00;25.2;57,66;;;18.450
25/09/26;BBVA;PUT;Dic-26;8,25;25.2;57,20;;;15
25/09/26;BBVA;PUT;Dic-26;8,50;25.2;56,74;;;25.000
25/09/26;BBVA;PUT;Dic-26;8,75;25.2;56,29;;;311
25/09/26;BBVA;PUT;Dic-26;9,00;25.2;55,83;;;14.933
25/09/26;BBVA;PUT;Dic-26;9,25;25.2;55,38;;;75
25/09/26;BBVA;PUT;Dic-26;9,50;25.2;54,92;;;76
25/09/26;BBVA;PUT;Dic-26;9,75;25.2;54,46;;;200
25/09/26;BBVA;PUT;Dic-26;10,00;25.2;54,01;;;226
25/09/26;BBVA;PUT;Dic-26;10,50;25.2;53,09;;;300
25/09/26;BBVA;PUT;Dic-26;11,00;25.2;52,18;;;481
25/09/26;BBVA;PUT;Dic-26;11,50;25.2;51,27;;;1
25/09/26;BBVA;PUT;Dic-26;12,00;25.2;50,36;;;8.410
25/09/26;BBVA;PUT;Dic-26;12,50;25.2;49,44;;;250
25/09/26;BBVA;PUT;Dic-26;13,00;25.2;48,53;;;42.101
25/09/26;BBVA;PUT;Dic-26;13,50;25.2;47,62;;;400
25/09/26;BBVA;PUT;Dic-26;14,00;25.2;46,70;;;706
25/09/26;BBVA;PUT;Dic-26;14,50;25.2;45,79;;;300
25/09/26;BBVA;PUT;Dic-26;15,00;25.2;44,88;-0,01;;3.772
25/09/26;BBVA;PUT;Dic-26;15,50;25.2;43,97;-0,01;;12
25/09/26;BBVA;PUT;Dic-26;16,00;25.2;43,05;-0,01;;92
25/09/26;BBVA;PUT;Dic-26;16,50;25.2;42,14;-0,02;;520
25/09/26;BBVA;PUT;Dic-26;17,00;25.2;41,23;-0,02;;8.736
25/09/26;BBVA;PUT;Dic-26;17,50;25.2;40,32;-0,03;;124
25/09/26;BBVA;PUT;Dic-26;18,00;25.2;39,40;-0,03;;20.159
25/09/26;BBVA;PUT;Dic-26;18,50;25.2;38,49;-0,04;;105
25/09/26;BBVA;PUT;Dic-26;19,00;25.2;37,58;-0,05;;13.517
25/09/26;BBVA;PUT;Dic-26;20,00;25.2;35,75;-0,09;;10.513
25/09/26;BBVA;PUT;Dic-26;20,50;25.2;34,84;-0,10;;6
25/09/26;BBVA;PUT;Dic-26;21,00;25.2;33,93;-0,13;;12.145
25/09/26;BBVA;PUT;Dic-26;22,00;25.2;32,10;-0,19;;1.005
25/09/26;BBVA;PUT;Dic-26;23,00;25.2;30,28;-0,27;;601
25/09/26;BBVA;PUT;Dic-26;24,00;25.2;28,45;-0,37;;581
25/09/26;BBVA;PUT;Dic-26;25,00;25.2;26,63;-0,49;;51
25/09/26;BBVA;PUT;Dic-26;28,00;25.2;25,41;-0,83;;55
25/09/26;BBVA;PUT;Mar-27;8,50;25.2;50,85;;;25
25/09/26;BBVA;PUT;Mar-27;8,75;25.2;50,49;;;25
25/09/26;BBVA;PUT;Mar-27;9,00;25.2;50,13;;;25
25/09/26;BBVA;PUT;Mar-27;9,25;25.2;49,78;;;25
25/09/26;BBVA;PUT;Mar-27;9,50;25.2;49,42;;;30
25/09/26;BBVA;PUT;Mar-27;9,75;25.2;49,06;;;25
25/09/26;BBVA;PUT;Mar-27;10,50;25.2;47,99;;;175
25/09/26;BBVA;PUT;Mar-27;11,00;25.2;47,28;;;175
25/09/26;BBVA;PUT;Mar-27;11,50;25.2;46,56;;;32.250
25/09/26;BBVA;PUT;Mar-27;12,00;25.2;45,85;-0,01;;40
25/09/26;BBVA;PUT;Mar-27;12,50;25.2;45,13;-0,01;;30
25/09/26;BBVA;PUT;Mar-27;13,00;25.2;44,42;-0,01;;40
25/09/26;BBVA;PUT;Mar-27;13,50;25.2;43,70;-0,01;;20
25/09/26;BBVA;PUT;Mar-27;14,00;25.2;42,99;-0,02;;30
25/09/26;BBVA;PUT;Mar-27;15,00;25.2;41,56;-0,03;;220
25/09/26;BBVA;PUT;Mar-27;16,00;25.2;40,13;-0,04;;5.500
25/09/26;BBVA;PUT;Mar-27;16,50;25.2;39,42;-0,05;;450
25/09/26;BBVA;PUT;Mar-27;17,00;25.2;38,70;-0,06;;2.360
25/09/26;BBVA;PUT;Mar-27;17,50;25.2;37,99;-0,07;;4.260
25/09/26;BBVA;PUT;Mar-27;18,00;25.2;37,28;-0,08;;100
25/09/26;BBVA;PUT;Mar-27;18,50;25.2;36,56;-0,09;;10
25/09/26;BBVA;PUT;Mar-27;19,00;25.2;35,85;-0,11;;2.400
25/09/26;BBVA;PUT;Mar-27;19,50;25.2;35,13;-0,12;;3.810
25/09/26;BBVA;PUT;Mar-27;20,00;25.2;34,42;-0,14;;6.310
25/09/26;BBVA;PUT;Mar-27;20,50;25.2;33,70;-0,16;;20
25/09/26;BBVA;PUT;Mar-27;21,00;25.2;32,99;-0,19;;381
25/09/26;BBVA;PUT;Mar-27;22,00;25.2;31,56;-0,24;;12.645
25/09/26;BBVA;PUT;Mar-27;23,00;25.2;30,13;-0,30;;8.150
25/09/26;BBVA;PUT;Mar-27;24,00;25.2;28,70;-0,38;;1
25/09/26;BBVA;PUT;Mar-27;25,00;25.2;27,28;-0,46;;11.500
25/09/26;BBVA;PUT;Jun-27;4,30;25.2;56,09;;;1
25/09/26;BBVA;PUT;Jun-27;4,50;25.2;55,81;;;1
25/09/26;BBVA;PUT;Jun-27;4,90;25.2;55,24;;;150
25/09/26;BBVA;PUT;Jun-27;5,00;25.2;55,10;;;300
25/09/26;BBVA;PUT;Jun-27;5,25;25.2;54,75;;;298
25/09/26;BBVA;PUT;Jun-27;7,00;25.2;52,27;;;2
25/09/26;BBVA;PUT;Jun-27;8,00;25.2;50,85;;;1
25/09/26;BBVA;PUT;Jun-27;8,25;25.2;50,50;;;7
25/09/26;BBVA;PUT;Jun-27;9,00;25.2;49,44;;;7.000
25/09/26;BBVA;PUT;Jun-27;9,75;25.2;48,38;-0,01;;175
25/09/26;BBVA;PUT;Jun-27;10,00;25.2;48,02;-0,01;;10.000
25/09/26;BBVA;PUT;Jun-27;11,00;25.2;46,61;-0,01;;75
25/09/26;BBVA;PUT;Jun-27;12,00;25.2;45,19;-0,02;;20
25/09/26;BBVA;PUT;Jun-27;12,50;25.2;44,48;-0,02;;197
25/09/26;BBVA;PUT;Jun-27;13,00;25.2;43,78;-0,03;;1.126
25/09/26;BBVA;PUT;Jun-27;13,50;25.2;43,07;-0,04;;190
25/09/26;BBVA;PUT;Jun-27;14,00;25.2;42,36;-0,04;;33
25/09/26;BBVA;PUT;Jun-27;14,50;25.2;41,65;-0,05;;400
25/09/26;BBVA;PUT;Jun-27;15,00;25.2;40,95;-0,06;;2.610
25/09/26;BBVA;PUT;Jun-27;15,50;25.2;40,24;-0,07;;21
25/09/26;BBVA;PUT;Jun-27;16,00;25.2;39,53;-0,08;;3
25/09/26;BBVA;PUT;Jun-27;16,50;25.2;38,82;-0,09;;250
25/09/26;BBVA;PUT;Jun-27;17,00;25.2;38,12;-0,10;;151
25/09/26;BBVA;PUT;Jun-27;17,50;25.2;37,41;-0,11;;150
25/09/26;BBVA;PUT;Jun-27;18,00;25.2;36,70;-0,13;;160
25/09/26;BBVA;PUT;Jun-27;18,50;25.2;35,99;-0,14;;2
25/09/26;BBVA;PUT;Jun-27;19,00;25.2;35,29;-0,16;;152
25/09/26;BBVA;PUT;Jun-27;20,00;25.2;33,87;-0,20;;2.628
25/09/26;BBVA;PUT;Jun-27;21,00;25.2;32,45;-0,24;;75
25/09/26;BBVA;PUT;Jun-27;22,00;25.2;31,04;-0,29;;5
25/09/26;BBVA;PUT;Jun-27;23,00;25.2;29,62;-0,35;;1.180
25/09/26;BBVA;PUT;Jun-27;24,00;25.2;28,21;-0,42;;91
25/09/26;BBVA;PUT;Jun-27;25,00;25.2;26,79;-0,49;10;40
25/09/26;BBVA;PUT;Jun-27;26,00;25.2;26,31;-0,56;;10
25/09/26;BBVA;PUT;Sep-27;7,75;25.2;49,28;;;10
25/09/26;BBVA;PUT;Sep-27;16,00;25.2;38,69;-0,09;;309
25/09/26;BBVA;PUT;Sep-27;16,50;25.2;38,05;-0,10;;10
25/09/26;BBVA;PUT;Sep-27;17,00;25.2;37,41;-0,12;;379
25/09/26;BBVA;PUT;Sep-27;17,50;25.2;36,77;-0,13;;150
25/09/26;BBVA;PUT;Sep-27;18,00;25.2;36,13;-0,14;;150
25/09/26;BBVA;PUT;Sep-27;20,00;25.2;33,56;-0,21;;2.075
25/09/26;BBVA;PUT;Sep-27;22,00;25.2;31,00;-0,30;;2.501
25/09/26;BBVA;PUT;Sep-27;24,00;25.2;28,43;-0,41;1.500;1.500
25/09/26;BBVA;PUT;Dic-27;4,40;25.2;50,60;;;1
25/09/26;BBVA;PUT;Dic-27;4,90;25.2;50,03;;;150
25/09/26;BBVA;PUT;Dic-27;5,00;25.2;49,92;;;150
25/09/26;BBVA;PUT;Dic-27;6,50;25.2;48,24;;;10
25/09/26;BBVA;PUT;Dic-27;7,00;25.2;47,67;;;150
25/09/26;BBVA;PUT;Dic-27;7,25;25.2;47,39;;;150
25/09/26;BBVA;PUT;Dic-27;7,75;25.2;46,83;-0,01;;1
25/09/26;BBVA;PUT;Dic-27;8,25;25.2;46,27;-0,01;;150
25/09/26;BBVA;PUT;Dic-27;8,50;25.2;45,99;-0,01;;6.150
25/09/26;BBVA;PUT;Dic-27;8,75;25.2;45,71;-0,01;;1
25/09/26;BBVA;PUT;Dic-27;9,00;25.2;45,42;-0,01;;7.650
25/09/26;BBVA;PUT;Dic-27;9,25;25.2;45,14;-0,01;;150
25/09/26;BBVA;PUT;Dic-27;9,50;25.2;44,86;-0,02;;250
25/09/26;BBVA;PUT;Dic-27;9,75;25.2;44,58;-0,02;;150
25/09/26;BBVA;PUT;Dic-27;10,00;25.2;44,30;-0,02;;407
25/09/26;BBVA;PUT;Dic-27;10,50;25.2;43,74;-0,02;;300
25/09/26;BBVA;PUT;Dic-27;11,00;25.2;43,18;-0,03;;5.304
25/09/26;BBVA;PUT;Dic-27;12,00;25.2;42,05;-0,04;;3.300
25/09/26;BBVA;PUT;Dic-27;12,50;25.2;41,49;-0,04;;300
25/09/26;BBVA;PUT;Dic-27;13,00;25.2;40,93;-0,05;;10.000
25/09/26;BBVA;PUT;Dic-27;13,50;25.2;40,36;-0,06;;150
25/09/26;BBVA;PUT;Dic-27;14,00;25.2;39,80;-0,07;;150
25/09/26;BBVA;PUT;Dic-27;15,00;25.2;38,68;-0,09;;3
25/09/26;BBVA;PUT;Dic-27;16,00;25.2;37,55;-0,11;;15.000
25/09/26;BBVA;PUT;Dic-27;16,50;25.2;36,99;-0,12;;174
25/09/26;BBVA;PUT;Dic-27;17,00;25.2;36,43;-0,13;;8.500
25/09/26;BBVA;PUT;Dic-27;17,50;25.2;35,87;-0,15;;292
25/09/26;BBVA;PUT;Dic-27;18,00;25.2;35,31;-0,16;;150
25/09/26;BBVA;PUT;Dic-27;20,00;25.2;33,06;-0,23;;4.000
25/09/26;BBVA;PUT;Dic-27;21,00;25.2;31,93;-0,27;;150
25/09/26;BBVA;PUT;Dic-27;22,00;25.2;30,81;-0,31;;10.302
25/09/26;BBVA;PUT;Dic-27;23,00;25.2;29,68;-0,36;;300
25/09/26;BBVA;PUT;Dic-27;25,00;25.2;27,43;-0,47;;1
25/09/26;BBVA;PUT;Mar-28;15,00;25.2;37,23;-0,09;;150
25/09/26;BBVA;PUT;Mar-28;15,50;25.2;36,73;-0,10;;150
25/09/26;BBVA;PUT;Mar-28;18,00;25.2;34,22;-0,17;;26
25/09/26;BBVA;PUT;Mar-28;20,00;25.2;32,21;-0,23;;150
25/09/26;BBVA;PUT;Mar-28;21,00;25.2;31,20;-0,27;;150
25/09/26;BBVA;PUT;Mar-28;22,00;25.2;30,20;-0,31;;150
25/09/26;BBVA;PUT;Mar-28;23,00;25.2;29,19;-0,36;;150
25/09/26;BBVA;PUT;Jun-28;15,00;25.2;36,50;-0,11;;2.000
25/09/26;BBVA;PUT;Jun-28;15,50;25.2;36,00;-0,12;;1
25/09/26;BBVA;PUT;Jun-28;18,00;25.2;33,52;-0,19;;1.250
25/09/26;BBVA;PUT;Jun-28;19,00;25.2;32,53;-0,22;;4.450
25/09/26;BBVA;PUT;Jun-28;20,00;25.2;31,54;-0,25;;3.300
25/09/26;BBVA;PUT;Jun-28;21,00;25.2;30,55;-0,29;;750
25/09/26;BBVA;PUT;Jun-28;22,00;25.2;29,55;-0,33;;2.350
25/09/26;BBVA;PUT;Jun-28;23,00;25.2;28,56;-0,38;;1.500
25/09/26;BBVA;PUT;Sep-28;25,00;25.2;26,25;-0,46;;100
25/09/26;BBVA;PUT;Dic-28;12,00;25.2;36,44;-0,06;;3.500
25/09/26;BBVA;PUT;Dic-28;12,50;25.2;36,05;-0,07;;1.500
25/09/26;BBVA;PUT;Dic-28;16,00;25.2;33,37;-0,14;;17
25/09/26;BBVA;PUT;Dic-28;16,50;25.2;32,98;-0,15;;9
25/09/26;BBVA;PUT;Dic-28;18,50;25.2;31,45;-0,21;;3
25/09/26;BBVA;PUT;Dic-28;20,00;25.2;30,30;-0,26;;90
25/09/26;BBVA;PUT;Dic-28;25,00;25.2;26,46;-0,46;;2
25/09/26;BBVA;PUT;Jun-29;16,00;25.2;32,29;-0,16;;1.250
25/09/26;BBVA;PUT;Dic-29;12,50;25.2;33,05;-0,08;;3.000
25/09/26;BBVA;PUT;Dic-29;20,00;25.2;29,28;-0,28;;6
25/09/26;BBVA;PUT;Dic-29;25,00;25.2;26,77;-0,45;;152
25/09/26;BBVA;PUT;Dic-30;20,50;25.2;28,54;-0,31;;1.500
25/09/26;BBVA;CALL;Oct-26;21,00;25.2;32,04;0,99;;144
25/09/26;BBVA;CALL;Oct-26;22,00;25.2;30,25;0,95;;20
25/09/26;BBVA;CALL;Oct-26;23,00;25.2;28,47;0,87;;10
25/09/26;BBVA;CALL;Oct-26;23,00;25.2;28,47;0,87;;10
25/09/26;BBVA;CALL;Oct-26;24,00;25.2;26,68;0,71;;76
25/09/26;BBVA;CALL;Oct-26;25,00;25.2;24,90;0,47;;10
25/09/26;BBVA;CALL;Oct-26;25,00;25.2;24,90;0,47;;10
25/09/26;BBVA;CALL;Oct-26;26,00;25.2;24,28;0,23;;1.709
25/09/26;BBVA;CALL;Oct-26;26,00;25.2;24,28;0,23;;50
25/09/26;BBVA;CALL;Oct-26;27,00;25.2;23,94;0,08;;7.008
25/09/26;BBVA;CALL;Nov-26;24,00;25.2;30,61;0,64;;5
25/09/26;BBVA;CALL;Nov-26;25,00;25.2;28,80;0,51;;25
25/09/26;BBVA;CALL;Nov-26;26,00;25.2;28,19;0,37;5;10
25/09/26;BBVA;CALL;Nov-26;26,00;25.2;28,19;0,37;;20
25/09/26;BBVA;CALL;Nov-26;27,00;25.2;27,87;0,25;;10
25/09/26;BBVA;CALL;Nov-26;28,00;25.2;27,55;0,15;;15
25/09/26;BBVA;CALL;Dic-26;17,00;25.2;42,98;0,97;;10
25/09/26;BBVA;CALL;Dic-26;19,00;25.2;39,33;0,93;;10
25/09/26;BBVA;CALL;Dic-26;19,50;25.2;38,41;0,92;;10
25/09/26;BBVA;CALL;Dic-26;21,00;25.2;35,68;0,86;;10
25/09/26;BBVA;CALL;Dic-26;22,00;25.2;33,85;0,80;;10
25/09/26;BBVA;CALL;Dic-26;23,00;25.2;32,03;0,72;;10
25/09/26;BBVA;CALL;Dic-26;23,00;25.2;32,03;0,72;;1
25/09/26;BBVA;CALL;Dic-26;24,00;25.2;30,20;0,63;;10
25/09/26;BBVA;CALL;Dic-26;24,00;25.2;30,20;0,63;;4
25/09/26;BBVA;CALL;Dic-26;25,00;25.2;28,38;0,52;;6
25/09/26;BBVA;CALL;Dic-26;26,00;25.2;27,77;0,40;;4
25/09/26;BBVA;CALL;Dic-26;27,00;25.2;27,46;0,30;;6
25/09/26;BBVA;CALL;Dic-26;29,00;25.2;26,85;0,14;;8
25/09/26;BBVA;CALL;Dic-26;32,00;25.2;25,94;0,03;;10
25/09/26;BBVA;CALL;Mar-27;19,00;25.2;37,33;0,87;;200
25/09/26;BBVA;CALL;Mar-27;19,00;25.2;37,33;0,87;;200
25/09/26;BBVA;CALL;Mar-27;19,50;25.2;36,61;0,86;;20
25/09/26;BBVA;CALL;Mar-27;23,00;25.2;31,61;0,69;;8
25/09/26;BBVA;CALL;Mar-27;24,00;25.2;30,18;0,62;;4
25/09/26;BBVA;CALL;Mar-27;25,00;25.2;28,76;0,54;;4
25/09/26;BBVA;CALL;Mar-27;26,00;25.2;28,29;0,46;;3
25/09/26;BBVA;CALL;Mar-27;27,00;25.2;28,07;0,39;;5
25/09/26;BBVA;CALL;Mar-27;28,00;25.2;27,84;0,32;;2
25/09/26;BBVA;CALL;Mar-27;32,00;25.2;26,94;0,12;;28
25/09/26;BBVA;CALL;Mar-27;33,00;25.2;26,72;0,08;;6
25/09/26;BBVA;CALL;Jun-27;30,00;25.2;28,24;0,24;;5
25/09/26;BBVA;PUT;Oct-26;22,00;25.2;29,60;-0,04;;20
25/09/26;BBVA;PUT;Oct-26;23,00;25.2;27,82;-0,12;;77
25/09/26;BBVA;PUT;Oct-26;24,00;25.2;26,03;-0,28;;10
25/09/26;BBVA;PUT;Oct-26;24,00;25.2;26,03;-0,28;;50
25/09/26;BBVA;PUT;Oct-26;24,50;25.2;25,14;-0,40;10;20
25/09/26;BBVA;PUT;Oct-26;25,00;25.2;24,25;-0,53;10;20
25/09/26;BBVA;PUT;Oct-26;25,00;25.2;24,25;-0,53;;50
25/09/26;BBVA;PUT;Oct-26;26,00;25.2;23,63;-0,78;;15
25/09/26;BBVA;PUT;Nov-26;23,00;25.2;30,74;-0,24;;20
25/09/26;BBVA;PUT;Nov-26;24,00;25.2;28,92;-0,35;;10
25/09/26;BBVA;PUT;Nov-26;24,00;25.2;28,92;-0,35;;44
25/09/26;BBVA;PUT;Nov-26;25,00;25.2;27,11;-0,49;;15
25/09/26;BBVA;PUT;Dic-26;7,25;25.2;59,03;;;150
25/09/26;BBVA;PUT;Dic-26;8,50;25.2;56,74;;;150
25/09/26;BBVA;PUT;Dic-26;8,75;25.2;56,29;;;150
25/09/26;BBVA;PUT;Dic-26;9,00;25.2;55,83;;;150
25/09/26;BBVA;PUT;Dic-26;10,00;25.2;54,01;;;40
25/09/26;BBVA;PUT;Dic-26;15,50;25.2;43,97;-0,01;;5
25/09/26;BBVA;PUT;Dic-26;16,50;25.2;42,14;-0,02;;10
25/09/26;BBVA;PUT;Dic-26;17,00;25.2;41,23;-0,02;;23
25/09/26;BBVA;PUT;Dic-26;17,50;25.2;40,32;-0,03;;16
25/09/26;BBVA;PUT;Dic-26;21,00;25.2;33,93;-0,13;;16
25/09/26;BBVA;PUT;Dic-26;22,00;25.2;32,10;-0,19;;4
25/09/26;BBVA;PUT;Dic-26;23,00;25.2;30,28;-0,26;;6
25/09/26;BBVA;PUT;Dic-26;32,00;25.2;24,19;-0,98;;25
25/09/26;BBVA;PUT;Mar-27;10,00;25.2;48,70;;;150
25/09/26;BBVA;PUT;Mar-27;14,50;25.2;42,28;-0,02;;10
25/09/26;BBVA;PUT;Mar-27;17,00;25.2;38,70;-0,06;;50
25/09/26;BBVA;PUT;Mar-27;18,00;25.2;37,28;-0,08;;1
25/09/26;BBVA;PUT;Mar-27;20,00;25.2;34,42;-0,14;;5
25/09/26;BBVA;PUT;Jun-27;22,00;25.2;31,04;-0,28;;70
25/09/26;BBVA;PUT;Jun-27;27,00;25.2;26,06;-0,60;;7
25/09/26;CAIXABANK;CALL;Oct-26;12,50;13.23;24,49;0,84;;3
25/09/26;CAIXABANK;CALL;Oct-26;13,00;13.23;22,75;0,64;;80
25/09/26;CAIXABANK;CALL;Oct-26;13,25;13.23;21,95;0,51;;92
25/09/26;CAIXABANK;CALL;Oct-26;13,50;13.23;21,76;0,37;2;22
25/09/26;CAIXABANK;CALL;Nov-26;12,50;13.23;25,21;0,76;;1
25/09/26;CAIXABANK;CALL;Nov-26;13,00;13.23;23,47;0,61;;1
25/09/26;CAIXABANK;CALL;Nov-26;14,50;13.23;21,73;0,13;;45
25/09/26;CAIXABANK;CALL;Dic-26;7,00;13.23;45,43;1,00;;7.500
25/09/26;CAIXABANK;CALL;Dic-26;9,25;13.23;37,44;0,99;;1
25/09/26;CAIXABANK;CALL;Dic-26;10,50;13.23;32,99;0,96;;1.134
25/09/26;CAIXABANK;CALL;Dic-26;11,00;13.23;31,22;0,93;;20
25/09/26;CAIXABANK;CALL;Dic-26;11,50;13.23;29,44;0,88;;6.000
25/09/26;CAIXABANK;CALL;Dic-26;12,00;13.23;27,66;0,81;;1
25/09/26;CAIXABANK;CALL;Dic-26;12,50;13.23;25,89;0,71;;430
25/09/26;CAIXABANK;CALL;Dic-26;13,00;13.23;24,11;0,58;;2
25/09/26;CAIXABANK;CALL;Dic-26;14,00;13.23;22,72;0,30;;3
25/09/26;CAIXABANK;CALL;Mar-27;9,50;13.23;34,70;0,95;;1
25/09/26;CAIXABANK;CALL;Mar-27;10,50;13.23;31,76;0,89;;14
25/09/26;CAIXABANK;CALL;Mar-27;12,50;13.23;25,86;0,65;;21
25/09/26;CAIXABANK;CALL;Mar-27;13,00;13.23;24,38;0,57;;400
25/09/26;CAIXABANK;CALL;Mar-27;14,00;13.23;23,08;0,39;;3
25/09/26;CAIXABANK;CALL;Jun-27;9,75;13.23;32,82;0,92;;150
25/09/26;CAIXABANK;CALL;Jun-27;10,00;13.23;32,21;0,90;;150
25/09/26;CAIXABANK;CALL;Jun-27;10,50;13.23;31,00;0,86;;150
25/09/26;CAIXABANK;CALL;Jun-27;11,00;13.23;29,79;0,82;;150
25/09/26;CAIXABANK;CALL;Jun-27;12,00;13.23;27,37;0,71;;1
25/09/26;CAIXABANK;CALL;Jun-27;13,00;13.23;24,95;0,57;;25
25/09/26;CAIXABANK;CALL;Jun-27;14,50;13.23;23,41;0,34;;1
25/09/26;CAIXABANK;CALL;Sep-27;13,50;13.23;25,19;0,51;;5
25/09/26;CAIXABANK;CALL;Sep-27;15,00;13.23;24,17;0,33;;6
25/09/26;CAIXABANK;CALL;Dic-27;10,50;13.23;31,64;0,81;;20
25/09/26;CAIXABANK;CALL;Dic-27;11,00;13.23;30,65;0,77;;1
25/09/26;CAIXABANK;CALL;Dic-27;11,50;13.23;29,67;0,73;;1
25/09/26;CAIXABANK;CALL;Jun-28;10,00;13.23;33,06;0,83;;150
25/09/26;CAIXABANK;CALL;Jun-28;10,50;13.23;32,27;0,79;;300
25/09/26;CAIXABANK;CALL;Jun-28;11,00;13.23;31,47;0,75;;1.250
25/09/26;CAIXABANK;CALL;Jun-28;11,50;13.23;30,68;0,71;;150
25/09/26;CAIXABANK;PUT;Oct-26;12,50;13.23;24,09;-0,15;;15
25/09/26;CAIXABANK;PUT;Oct-26;13,00;13.23;22,35;-0,36;;10
25/09/26;CAIXABANK;PUT;Oct-26;14,00;13.23;20,98;-0,87;10;14
25/09/26;CAIXABANK;PUT;Nov-26;11,00;13.23;30,20;-0,06;;500
25/09/26;CAIXABANK;PUT;Nov-26;12,00;13.23;26,72;-0,19;;500
25/09/26;CAIXABANK;PUT;Nov-26;14,00;13.23;21,87;-0,78;;1
25/09/26;CAIXABANK;PUT;Dic-26;5,25;13.23;50,60;;;75
25/09/26;CAIXABANK;PUT;Dic-26;6,75;13.23;45,27;;;3
25/09/26;CAIXABANK;PUT;Dic-26;7,25;13.23;43,49;;;1
25/09/26;CAIXABANK;PUT;Dic-26;8,00;13.23;40,83;;;100
25/09/26;CAIXABANK;PUT;Dic-26;8,25;13.23;39,94;-0,01;;100
25/09/26;CAIXABANK;PUT;Dic-26;8,50;13.23;39,05;-0,01;;102
25/09/26;CAIXABANK;PUT;Dic-26;8,75;13.23;38,16;-0,01;;10
25/09/26;CAIXABANK;PUT;Dic-26;9,00;13.23;37,28;-0,01;;11
25/09/26;CAIXABANK;PUT;Dic-26;9,50;13.23;35,50;-0,02;;2
25/09/26;CAIXABANK;PUT;Dic-26;10,00;13.23;33,72;-0,04;;76
25/09/26;CAIXABANK;PUT;Dic-26;10,50;13.23;31,94;-0,06;;1.030
25/09/26;CAIXABANK;PUT;Dic-26;11,00;13.23;30,17;-0,10;;40
25/09/26;CAIXABANK;PUT;Dic-26;11,50;13.23;28,39;-0,15;;6.008
25/09/26;CAIXABANK;PUT;Dic-26;12,00;13.23;26,61;-0,23;;5
25/09/26;CAIXABANK;PUT;Dic-26;12,50;13.23;24,84;-0,33;;10
25/09/26;CAIXABANK;PUT;Dic-26;13,00;13.23;23,06;-0,45;;42
25/09/26;CAIXABANK;PUT;Dic-26;14,00;13.23;21,67;-0,73;;1
25/09/26;CAIXABANK;PUT;Mar-27;6,00;13.23;44,44;;;7.675
25/09/26;CAIXABANK;PUT;Mar-27;6,50;13.23;42,96;-0,01;;29.800
25/09/26;CAIXABANK;PUT;Mar-27;8,00;13.23;38,54;-0,02;;1
25/09/26;CAIXABANK;PUT;Mar-27;8,75;13.23;36,33;-0,04;;350
25/09/26;CAIXABANK;PUT;Mar-27;9,75;13.23;33,38;-0,08;;5
25/09/26;CAIXABANK;PUT;Mar-27;10,00;13.23;32,64;-0,09;;32
25/09/26;CAIXABANK;PUT;Mar-27;11,50;13.23;28,22;-0,21;;10
25/09/26;CAIXABANK;PUT;Mar-27;12,00;13.23;26,74;-0,28;;150
25/09/26;CAIXABANK;PUT;Mar-27;12,50;13.23;25,27;-0,35;;8
25/09/26;CAIXABANK;PUT;Jun-27;7,75;13.23;36,58;-0,04;;8.200
25/09/26;CAIXABANK;PUT;Jun-27;10,00;13.23;31,13;-0,14;;4.025
25/09/26;CAIXABANK;PUT;Jun-27;10,50;13.23;29,92;-0,18;;175
25/09/26;CAIXABANK;PUT;Jun-27;11,00;13.23;28,71;-0,22;;25
25/09/26;CAIXABANK;PUT;Jun-27;11,50;13.23;27,50;-0,27;;25
25/09/26;CAIXABANK;PUT;Jun-27;12,00;13.23;26,29;-0,33;;25
25/09/26;CAIXABANK;PUT;Jun-27;12,50;13.23;25,08;-0,40;;151
25/09/26;CAIXABANK;PUT;Jun-27;13,00;13.23;23,87;-0,48;;50
25/09/26;CAIXABANK;PUT;Dic-27;3,50;13.23;41,98;;;1
25/09/26;CAIXABANK;PUT;Dic-27;4,20;13.23;40,60;;;1
25/09/26;CAIXABANK;PUT;Dic-27;5,50;13.23;38,05;-0,01;;160
25/09/26;CAIXABANK;PUT;Dic-27;5,75;13.23;37,56;-0,02;;1
25/09/26;CAIXABANK;PUT;Dic-27;6,00;13.23;37,06;-0,02;;150
25/09/26;CAIXABANK;PUT;Dic-27;8,00;13.23;33,13;-0,07;;150
25/09/26;CAIXABANK;PUT;Dic-27;8,25;13.23;32,64;-0,08;;225
25/09/26;CAIXABANK;PUT;Dic-27;8,50;13.23;32,15;-0,09;;150
25/09/26;CAIXABANK;PUT;Dic-27;8,75;13.23;31,66;-0,10;;150
25/09/26;CAIXABANK;PUT;Dic-27;9,00;13.23;31,17;-0,11;;150
25/09/26;CAIXABANK;PUT;Dic-27;9,25;13.23;30,67;-0,12;;300
25/09/26;CAIXABANK;PUT;Dic-27;9,50;13.23;30,18;-0,14;;300
25/09/26;CAIXABANK;PUT;Dic-27;9,75;13.23;29,69;-0,16;;300
25/09/26;CAIXABANK;PUT;Dic-27;10,00;13.23;29,20;-0,17;;300
25/09/26;CAIXABANK;PUT;Jun-28;8,50;13.23;30,73;-0,11;;150
25/09/26;CAIXABANK;PUT;Jun-28;9,00;13.23;29,94;-0,14;;150
25/09/26;CAIXABANK;PUT;Jun-28;9,25;13.23;29,54;-0,15;;150
25/09/26;CAIXABANK;PUT;Jun-28;9,50;13.23;29,14;-0,17;;300
25/09/26;CAIXABANK;PUT;Jun-28;9,75;13.23;28,75;-0,18;;150
25/09/26;CAIXABANK;PUT;Jun-28;10,00;13.23;28,35;-0,20;;150
25/09/26;CAIXABANK;PUT;Dic-28;4,50;13.23;35,29;-0,01;;15.000
25/09/26;CAIXABANK;PUT;Dic-28;8,75;13.23;30,04;-0,14;;450
25/09/26;CAIXABANK;PUT;Dic-29;5,00;13.23;32,64;-0,03;;16.000
25/09/26;CAIXABANK;CALL;Dic-26;9,00;13.23;38,33;0,98;;10
25/09/26;CAIXABANK;CALL;Dic-26;11,00;13.23;31,22;0,89;;10
25/09/26;CAIXABANK;CALL;Dic-26;12,00;13.23;27,66;0,76;;10
25/09/26;CAIXABANK;CALL;Dic-26;12,50;13.23;25,89;0,67;;10
25/09/26;CELLNEX;CALL;Oct-26;25,00;23.99;28,44;0,29;;10
25/09/26;CELLNEX;CALL;Oct-26;26,00;23.99;27,94;0,13;;1
25/09/26;CELLNEX;CALL;Oct-26;27,00;23.99;27,44;0,04;;38
25/09/26;CELLNEX;CALL;Nov-26;27,00;23.99;27,76;0,16;;10
25/09/26;CELLNEX;CALL;Nov-26;28,00;23.99;27,42;0,09;;8
25/09/26;CELLNEX;CALL;Dic-26;18,00;23.99;36,71;0,96;;2
25/09/26;CELLNEX;CALL;Dic-26;20,00;23.99;34,13;0,89;;1
25/09/26;CELLNEX;CALL;Dic-26;21,00;23.99;32,83;0,83;;1
25/09/26;CELLNEX;CALL;Dic-26;24,00;23.99;28,97;0,54;;11
25/09/26;CELLNEX;CALL;Dic-26;25,00;23.99;28,55;0,42;;47
25/09/26;CELLNEX;CALL;Dic-26;26,00;23.99;28,13;0,31;;25
25/09/26;CELLNEX;CALL;Dic-26;27,00;23.99;27,72;0,22;;25
25/09/26;CELLNEX;CALL;Dic-26;28,00;23.99;27,30;0,14;;76
25/09/26;CELLNEX;CALL;Dic-26;29,00;23.99;26,88;0,09;;2.060
25/09/26;CELLNEX;CALL;Dic-26;30,00;23.99;26,46;0,05;;143
25/09/26;CELLNEX;CALL;Dic-26;31,00;23.99;26,05;0,03;;110
25/09/26;CELLNEX;CALL;Dic-26;32,00;23.99;25,63;0,01;;218
25/09/26;CELLNEX;CALL;Dic-26;33,00;23.99;25,21;0,01;;120
25/09/26;CELLNEX;CALL;Dic-26;34,00;23.99;24,80;;;190
25/09/26;CELLNEX;CALL;Dic-26;35,00;23.99;24,38;;;115
25/09/26;CELLNEX;CALL;Dic-26;36,00;23.99;23,96;;;85
25/09/26;CELLNEX;CALL;Dic-26;37,00;23.99;23,55;;;50
25/09/26;CELLNEX;CALL;Dic-26;38,00;23.99;23,13;;;25
25/09/26;CELLNEX;CALL;Dic-26;39,00;23.99;22,71;;;25
25/09/26;CELLNEX;CALL;Dic-26;40,00;23.99;22,30;;;125
25/09/26;CELLNEX;CALL;Dic-26;42,00;23.99;21,46;;;25
25/09/26;CELLNEX;CALL;Dic-26;44,00;23.99;20,63;;;25
25/09/26;CELLNEX;CALL;Dic-26;45,00;23.99;20,21;;;25
25/09/26;CELLNEX;CALL;Dic-26;46,00;23.99;19,80;;;25
25/09/26;CELLNEX;CALL;Mar-27;20,00;23.99;33,06;0,84;;33
25/09/26;CELLNEX;CALL;Mar-27;22,00;23.99;31,37;0,71;;4
25/09/26;CELLNEX;CALL;Mar-27;25,00;23.99;29,27;0,46;;50
25/09/26;CELLNEX;CALL;Mar-27;26,00;23.99;28,87;0,38;;26
25/09/26;CELLNEX;CALL;Mar-27;27,00;23.99;28,47;0,31;;25
25/09/26;CELLNEX;CALL;Mar-27;28,00;23.99;28,06;0,24;5;56
25/09/26;CELLNEX;CALL;Mar-27;29,00;23.99;27,66;0,18;;1
25/09/26;CELLNEX;CALL;Mar-27;30,00;23.99;27,26;0,14;;317
25/09/26;CELLNEX;CALL;Mar-27;31,00;23.99;26,86;0,10;;75
25/09/26;CELLNEX;CALL;Mar-27;32,00;23.99;26,45;0,07;;120
25/09/26;CELLNEX;CALL;Mar-27;33,00;23.99;26,05;0,05;;51
25/09/26;CELLNEX;CALL;Mar-27;34,00;23.99;25,65;0,03;;25
25/09/26;CELLNEX;CALL;Mar-27;35,00;23.99;25,24;0,02;;25
25/09/26;CELLNEX;CALL;Jun-27;20,00;23.99;32,75;0,80;;6
25/09/26;CELLNEX;CALL;Jun-27;25,00;23.99;29,65;0,49;;4
25/09/26;CELLNEX;CALL;Jun-27;27,00;23.99;28,90;0,37;1;1
25/09/26;CELLNEX;CALL;Jun-27;28,00;23.99;28,53;0,31;;100
25/09/26;CELLNEX;CALL;Jun-27;29,00;23.99;28,15;0,26;;100
25/09/26;CELLNEX;CALL;Jun-27;30,00;23.99;27,78;0,21;;125
25/09/26;CELLNEX;CALL;Jun-27;31,00;23.99;27,40;0,17;;150
25/09/26;CELLNEX;CALL;Jun-27;32,00;23.99;27,02;0,13;;100
25/09/26;CELLNEX;CALL;Jun-27;33,00;23.99;26,65;0,10;;112
25/09/26;CELLNEX;CALL;Jun-27;34,00;23.99;26,27;0,08;;175
25/09/26;CELLNEX;CALL;Jun-27;35,00;23.99;25,90;0,06;;150
25/09/26;CELLNEX;CALL;Jun-27;36,00;23.99;25,52;0,04;;125
25/09/26;CELLNEX;CALL;Jun-27;37,00;23.99;25,15;0,03;;125
25/09/26;CELLNEX;CALL;Jun-27;38,00;23.99;24,77;0,02;;75
25/09/26;CELLNEX;CALL;Jun-27;39,00;23.99;24,40;0,01;;75
25/09/26;CELLNEX;CALL;Jun-27;40,00;23.99;24,02;0,01;;50
25/09/26;CELLNEX;CALL;Jun-27;41,00;23.99;23,65;0,01;;50
25/09/26;CELLNEX;CALL;Jun-27;42,00;23.99;23,27;;;50
25/09/26;CELLNEX;CALL;Jun-27;43,00;23.99;22,90;;;50
25/09/26;CELLNEX;CALL;Jun-27;44,00;23.99;22,52;;;50
25/09/26;CELLNEX;CALL;Jun-27;45,00;23.99;22,15;;;50
25/09/26;CELLNEX;CALL;Jun-27;46,00;23.99;21,77;;;50
25/09/26;CELLNEX;CALL;Jun-27;49,00;23.99;21,12;;;50
25/09/26;CELLNEX;CALL;Jun-27;50,00;23.99;21,12;;;411
25/09/26;CELLNEX;CALL;Sep-27;25,00;23.99;29,80;0,51;;1
25/09/26;CELLNEX;CALL;Sep-27;34,00;23.99;26,42;0,11;;20
25/09/26;CELLNEX;CALL;Sep-27;35,00;23.99;26,05;0,09;;100
25/09/26;CELLNEX;CALL;Sep-27;36,00;23.99;25,67;0,07;;75
25/09/26;CELLNEX;CALL;Sep-27;37,00;23.99;25,30;0,05;;75
25/09/26;CELLNEX;CALL;Sep-27;41,00;23.99;23,80;0,01;;50
25/09/26;CELLNEX;CALL;Dic-27;25,00;23.99;30,21;0,52;;25
25/09/26;CELLNEX;CALL;Dic-27;26,00;23.99;29,88;0,47;;5
25/09/26;CELLNEX;CALL;Dic-27;27,00;23.99;29,55;0,43;;2.500
25/09/26;CELLNEX;CALL;Dic-27;28,00;23.99;29,21;0,38;;7
25/09/26;CELLNEX;CALL;Dic-27;29,00;23.99;28,88;0,34;;1
25/09/26;CELLNEX;CALL;Dic-27;30,00;23.99;28,55;0,29;;115
25/09/26;CELLNEX;CALL;Dic-27;31,00;23.99;28,21;0,26;;75
25/09/26;CELLNEX;CALL;Dic-27;32,00;23.99;27,88;0,22;;51
25/09/26;CELLNEX;CALL;Dic-27;33,00;23.99;27,55;0,19;;25
25/09/26;CELLNEX;CALL;Dic-27;34,00;23.99;27,21;0,16;;74
25/09/26;CELLNEX;CALL;Dic-27;35,00;23.99;26,88;0,13;;50
25/09/26;CELLNEX;CALL;Dic-27;37,00;23.99;26,21;0,09;;25
25/09/26;CELLNEX;CALL;Dic-27;38,00;23.99;25,88;0,07;;570
25/09/26;CELLNEX;CALL;Dic-27;40,00;23.99;25,21;0,04;;48
25/09/26;CELLNEX;CALL;Dic-27;44,00;23.99;23,88;0,01;;25
25/09/26;CELLNEX;CALL;Mar-28;26,00;23.99;30,34;0,49;;3
25/09/26;CELLNEX;CALL;Mar-28;29,00;23.99;29,47;0,36;;11
25/09/26;CELLNEX;CALL;Jun-28;26,00;23.99;30,34;0,50;;4
25/09/26;CELLNEX;CALL;Dic-29;40,00;23.99;29,11;0,23;;1.260
25/09/26;CELLNEX;PUT;Oct-26;22,00;23.99;31,17;-0,11;;1
25/09/26;CELLNEX;PUT;Oct-26;23,00;23.99;29,81;-0,26;;11
25/09/26;CELLNEX;PUT;Oct-26;24,00;23.99;28,45;-0,48;;44
25/09/26;CELLNEX;PUT;Oct-26;25,00;23.99;27,95;-0,72;;4
25/09/26;CELLNEX;PUT;Nov-26;22,00;23.99;30,95;-0,21;;17
25/09/26;CELLNEX;PUT;Nov-26;23,00;23.99;29,59;-0,33;8;38
25/09/26;CELLNEX;PUT;Nov-26;24,00;23.99;28,24;-0,47;2;2
25/09/26;CELLNEX;PUT;Dic-26;18,00;23.99;35,72;-0,04;;2.001
25/09/26;CELLNEX;PUT;Dic-26;20,00;23.99;33,14;-0,10;;20
25/09/26;CELLNEX;PUT;Dic-26;21,00;23.99;31,84;-0,16;;225
25/09/26;CELLNEX;PUT;Dic-26;22,00;23.99;30,55;-0,24;;129
25/09/26;CELLNEX;PUT;Dic-26;23,00;23.99;29,26;-0,34;;405
25/09/26;CELLNEX;PUT;Dic-26;24,00;23.99;27,98;-0,46;1;4.563
25/09/26;CELLNEX;PUT;Dic-26;25,00;23.99;27,56;-0,59;;84
25/09/26;CELLNEX;PUT;Dic-26;26,00;23.99;27,14;-0,71;;154
25/09/26;CELLNEX;PUT;Dic-26;27,00;23.99;26,73;-0,81;;68
25/09/26;CELLNEX;PUT;Dic-26;28,00;23.99;26,31;-0,89;;25
25/09/26;CELLNEX;PUT;Dic-26;29,00;23.99;25,89;-0,95;;3
25/09/26;CELLNEX;PUT;Dic-26;30,00;23.99;25,47;-0,99;;1
25/09/26;CELLNEX;PUT;Dic-26;32,00;23.99;24,64;-1,00;;26
25/09/26;CELLNEX;PUT;Mar-27;19,50;23.99;32,30;-0,15;;15
25/09/26;CELLNEX;PUT;Mar-27;20,00;23.99;31,87;-0,18;;1
25/09/26;CELLNEX;PUT;Mar-27;22,00;23.99;30,18;-0,31;;100
25/09/26;CELLNEX;PUT;Mar-27;23,00;23.99;29,33;-0,39;;53
25/09/26;CELLNEX;PUT;Mar-27;24,00;23.99;28,49;-0,48;;2
25/09/26;CELLNEX;PUT;Mar-27;25,00;23.99;28,08;-0,56;;86
25/09/26;CELLNEX;PUT;Mar-27;26,00;23.99;27,68;-0,64;;28
25/09/26;CELLNEX;PUT;Mar-27;27,00;23.99;27,28;-0,72;;117
25/09/26;CELLNEX;PUT;Mar-27;28,00;23.99;26,87;-0,79;;5
25/09/26;CELLNEX;PUT;Mar-27;30,00;23.99;26,07;-0,89;;9
25/09/26;CELLNEX;PUT;Mar-27;31,00;23.99;25,67;-0,93;;2
25/09/26;CELLNEX;PUT;Mar-27;32,00;23.99;25,26;-0,95;;10
25/09/26;CELLNEX;PUT;Mar-27;36,00;23.99;23,65;-1,00;;25
25/09/26;CELLNEX;PUT;Mar-27;37,00;23.99;23,25;-1,00;;25
25/09/26;CELLNEX;PUT;Jun-27;19,50;23.99;31,48;-0,18;10;30
25/09/26;CELLNEX;PUT;Jun-27;20,00;23.99;31,14;-0,21;;25
25/09/26;CELLNEX;PUT;Jun-27;20,50;23.99;30,80;-0,23;;10
25/09/26;CELLNEX;PUT;Jun-27;22,00;23.99;29,77;-0,32;;26
25/09/26;CELLNEX;PUT;Jun-27;23,00;23.99;29,09;-0,39;;25
25/09/26;CELLNEX;PUT;Jun-27;24,00;23.99;28,42;-0,46;;109
25/09/26;CELLNEX;PUT;Jun-27;25,00;23.99;28,04;-0,53;;27
25/09/26;CELLNEX;PUT;Jun-27;26,00;23.99;27,67;-0,60;;1.575
25/09/26;CELLNEX;PUT;Jun-27;27,00;23.99;27,29;-0,67;;80
25/09/26;CELLNEX;PUT;Jun-27;28,00;23.99;26,92;-0,73;;1
25/09/26;CELLNEX;PUT;Jun-27;29,00;23.99;26,54;-0,79;;1
25/09/26;CELLNEX;PUT;Jun-27;30,00;23.99;26,17;-0,84;;25
25/09/26;CELLNEX;PUT;Jun-27;31,00;23.99;25,79;-0,88;;75
25/09/26;CELLNEX;PUT;Jun-27;32,00;23.99;25,41;-0,92;;50
25/09/26;CELLNEX;PUT;Jun-27;33,00;23.99;25,04;-0,94;;50
25/09/26;CELLNEX;PUT;Jun-27;34,00;23.99;24,66;-0,96;;100
25/09/26;CELLNEX;PUT;Jun-27;35,00;23.99;24,29;-0,98;;100
25/09/26;CELLNEX;PUT;Jun-27;36,00;23.99;23,91;-0,99;;125
25/09/26;CELLNEX;PUT;Jun-27;37,00;23.99;23,54;-0,99;;100
25/09/26;CELLNEX;PUT;Jun-27;38,00;23.99;23,16;-1,00;;100
25/09/26;CELLNEX;PUT;Jun-27;39,00;23.99;22,79;-1,00;;25
25/09/26;CELLNEX;PUT;Sep-27;21,00;23.99;29,14;-0,28;;1
25/09/26;CELLNEX;PUT;Sep-27;22,00;23.99;28,56;-0,34;;3
25/09/26;CELLNEX;PUT;Sep-27;24,00;23.99;27,40;-0,46;;3
25/09/26;CELLNEX;PUT;Sep-27;25,00;23.99;27,02;-0,52;;3
25/09/26;CELLNEX;PUT;Sep-27;27,00;23.99;26,27;-0,64;2;2
25/09/26;CELLNEX;PUT;Sep-27;36,00;23.99;22,89;-0,97;;25
25/09/26;CELLNEX;PUT;Sep-27;37,00;23.99;22,52;-0,98;;25
25/09/26;CELLNEX;PUT;Dic-27;21,00;23.99;28,54;-0,29;;1
25/09/26;CELLNEX;PUT;Dic-27;23,00;23.99;27,57;-0,39;;3
25/09/26;CELLNEX;PUT;Dic-27;30,00;23.99;25,09;-0,77;;75
25/09/26;CELLNEX;PUT;Dic-27;31,00;23.99;24,75;-0,81;;50
25/09/26;CELLNEX;PUT;Dic-27;32,00;23.99;24,42;-0,85;;26
25/09/26;CELLNEX;PUT;Dic-27;33,00;23.99;24,09;-0,89;;25
25/09/26;CELLNEX;PUT;Dic-27;34,00;23.99;23,75;-0,92;;25
25/09/26;CELLNEX;PUT;Mar-28;21,00;23.99;28,25;-0,30;;25
25/09/26;CELLNEX;PUT;Mar-28;22,00;23.99;27,83;-0,35;;100
25/09/26;CELLNEX;PUT;Mar-28;24,00;23.99;27,00;-0,45;;100
25/09/26;CELLNEX;PUT;Mar-28;25,00;23.99;26,71;-0,50;;2
25/09/26;CELLNEX;PUT;Jun-28;30,00;23.99;25,94;-0,71;;3
25/09/26;CELLNEX;CALL;Dic-26;28,00;23.99;27,30;0,14;;50
25/09/26;CELLNEX;CALL;Dic-26;29,00;23.99;26,88;0,09;;3
25/09/26;CELLNEX;CALL;Dic-26;32,00;23.99;25,63;0,01;;50
25/09/26;CELLNEX;CALL;Dic-26;35,00;23.99;24,38;;;18
25/09/26;CELLNEX;CALL;Dic-30;30,00;23.99;30,09;0,41;;120
25/09/26;CELLNEX;PUT;Oct-26;25,00;23.99;27,95;-0,71;;3
25/09/26;CELLNEX;PUT;Dic-26;24,00;23.99;27,98;-0,45;;2
25/09/26;CELLNEX;PUT;Dic-26;45,00;23.99;19,22;-0,99;;20
25/09/26;CELLNEX;PUT;Dic-26;46,00;23.99;18,81;-0,99;;40
25/09/26;CELLNEX;PUT;Dic-26;47,00;23.99;18,39;-0,99;;20
25/09/26;CELLNEX;PUT;Mar-27;24,00;23.99;28,49;-0,46;;2
25/09/26;CELLNEX;PUT;Mar-27;25,00;23.99;28,08;-0,55;;1
25/09/26;CELLNEX;PUT;Jun-27;23,00;23.99;29,09;-0,37;;2
25/09/26;CIE AUTOMOTIVE;CALL;Oct-26;26,00;25.7;19,76;0,42;;5
25/09/26;CIE AUTOMOTIVE;CALL;Nov-26;23,00;25.7;21,51;0,92;;1
25/09/26;CIE AUTOMOTIVE;CALL;Nov-26;26,00;25.7;20,13;0,48;;15
25/09/26;CIE AUTOMOTIVE;CALL;Dic-26;22,00;25.7;21,56;0,95;;4
25/09/26;CIE AUTOMOTIVE;CALL;Dic-26;26,00;25.7;19,78;0,50;;2
25/09/26;CIE AUTOMOTIVE;CALL;Dic-26;27,00;25.7;19,63;0,34;1;6
25/09/26;CIE AUTOMOTIVE;CALL;Dic-26;31,00;25.7;19,01;0,03;;2
25/09/26;CIE AUTOMOTIVE;CALL;Mar-27;22,00;25.7;20,86;0,91;;1
25/09/26;CIE AUTOMOTIVE;CALL;Mar-27;24,00;25.7;20,11;0,74;;3
25/09/26;CIE AUTOMOTIVE;CALL;Mar-27;25,00;25.7;19,73;0,62;;2
25/09/26;CIE AUTOMOTIVE;CALL;Mar-27;29,00;25.7;19,13;0,19;;1
25/09/26;CIE AUTOMOTIVE;CALL;Mar-27;30,00;25.7;19,02;0,13;;2
25/09/26;CIE AUTOMOTIVE;CALL;Jun-27;29,00;25.7;19,03;0,26;;43
25/09/26;CIE AUTOMOTIVE;CALL;Sep-27;31,00;25.7;19,33;0,18;;2
25/09/26;CIE AUTOMOTIVE;PUT;Oct-26;24,00;25.7;19,90;-0,07;;1
25/09/26;CIE AUTOMOTIVE;PUT;Oct-26;26,00;25.7;19,00;-0,58;;10
25/09/26;CIE AUTOMOTIVE;PUT;Oct-26;28,00;25.7;18,61;-0,99;;8
25/09/26;CIE AUTOMOTIVE;PUT;Nov-26;24,00;25.7;20,15;-0,17;;1
25/09/26;CIE AUTOMOTIVE;PUT;Dic-26;24,00;25.7;20,50;-0,21;;6
25/09/26;CIE AUTOMOTIVE;PUT;Dic-26;25,00;25.7;20,04;-0,35;;3
25/09/26;CIE AUTOMOTIVE;PUT;Dic-26;26,00;25.7;19,66;-0,51;;2
25/09/26;CIE AUTOMOTIVE;PUT;Mar-27;24,00;25.7;19,90;-0,31;;1
25/09/26;CIE AUTOMOTIVE;PUT;Mar-27;26,00;25.7;19,23;-0,54;;10
25/09/26;CIE AUTOMOTIVE;PUT;Mar-27;28,00;25.7;19,02;-0,75;;20
25/09/26;CIE AUTOMOTIVE;PUT;Jun-27;24,00;25.7;19,76;-0,32;;1
25/09/26;COLONIAL;CALL;Nov-26;5,00;5.02;19,80;0,56;;5
25/09/26;COLONIAL;CALL;Nov-26;5,30;5.02;19,58;0,27;;4
25/09/26;COLONIAL;CALL;Dic-26;4,60;5.02;20,01;0,85;;65
25/09/26;COLONIAL;CALL;Dic-26;5,25;5.02;19,48;0,36;;5
25/09/26;COLONIAL;CALL;Dic-26;5,50;5.02;19,30;0,19;;5
25/09/26;COLONIAL;CALL;Dic-26;9,50;5.02;16,38;;;1
25/09/26;COLONIAL;CALL;Mar-27;5,50;5.02;18,68;0,30;;25
25/09/26;COLONIAL;CALL;Mar-27;5,75;5.02;18,52;0,19;;45
25/09/26;COLONIAL;CALL;Mar-27;6,00;5.02;18,35;0,11;;1
25/09/26;COLONIAL;CALL;Jun-27;5,25;5.02;19,45;0,48;;10
25/09/26;COLONIAL;PUT;Oct-26;5,00;5.02;18,54;-0,45;;1
25/09/26;COLONIAL;PUT;Oct-26;5,25;5.02;18,35;-0,84;;11
25/09/26;COLONIAL;PUT;Oct-26;5,30;5.02;18,32;-0,89;;2
25/09/26;COLONIAL;PUT;Nov-26;5,00;5.02;18,38;-0,45;;2
25/09/26;COLONIAL;PUT;Nov-26;5,25;5.02;18,19;-0,72;;8
25/09/26;COLONIAL;PUT;Nov-26;5,30;5.02;18,16;-0,76;;2
25/09/26;COLONIAL;PUT;Dic-26;4,00;5.02;19,34;-0,01;;1
25/09/26;COLONIAL;PUT;Dic-26;4,30;5.02;19,08;-0,04;;2.000
25/09/26;COLONIAL;PUT;Dic-26;4,80;5.02;18,65;-0,28;;2
25/09/26;COLONIAL;PUT;Dic-26;4,90;5.02;18,56;-0,36;;2
25/09/26;COLONIAL;PUT;Dic-26;5,00;5.02;18,48;-0,45;;132
25/09/26;COLONIAL;PUT;Dic-26;5,25;5.02;18,29;-0,67;;985
25/09/26;COLONIAL;PUT;Dic-26;5,50;5.02;18,11;-0,86;;106
25/09/26;COLONIAL;PUT;Mar-27;4,60;5.02;18,50;-0,20;;100
25/09/26;COLONIAL;PUT;Mar-27;4,80;5.02;18,40;-0,31;;1
25/09/26;COLONIAL;PUT;Mar-27;5,00;5.02;18,29;-0,44;;141
25/09/26;COLONIAL;PUT;Mar-27;5,25;5.02;18,13;-0,60;;202
25/09/26;COLONIAL;PUT;Mar-27;5,50;5.02;17,96;-0,75;;304
25/09/26;COLONIAL;PUT;Jun-27;5,00;5.02;19,42;-0,43;;10
25/09/26;COLONIAL;PUT;Jun-27;5,30;5.02;19,22;-0,58;;253
25/09/26;COLONIAL;PUT;Jun-27;5,50;5.02;19,09;-0,68;;141
25/09/26;EBRO FOODS;CALL;Nov-26;18,50;18.26;13,53;0,35;;1
25/09/26;EBRO FOODS;CALL;Dic-26;18,50;18.26;13,34;0,39;;1
25/09/26;EBRO FOODS;CALL;Mar-27;18,50;18.26;12,93;0,46;;1
25/09/26;EBRO FOODS;CALL;Jun-27;18,00;18.26;13,60;0,57;;1
25/09/26;EBRO FOODS;PUT;Oct-26;17,00;18.26;13,61;-0,03;;1
25/09/26;EBRO FOODS;PUT;Dic-26;17,50;18.26;13,36;-0,29;;4
25/09/26;EBRO FOODS;PUT;Jun-27;18,00;18.26;13,08;-0,46;;8
25/09/26;ENAGAS;CALL;Oct-26;16,50;16.62;22,53;0,57;;2
25/09/26;ENAGAS;CALL;Oct-26;17,00;16.62;21,81;0,35;;13
25/09/26;ENAGAS;CALL;Oct-26;17,50;16.62;21,16;0,17;;9
25/09/26;ENAGAS;CALL;Oct-26;18,00;16.62;20,51;0,06;;7
25/09/26;ENAGAS;CALL;Oct-26;19,00;16.62;19,21;;;1
25/09/26;ENAGAS;CALL;Nov-26;17,50;16.62;21,19;0,30;;1
25/09/26;ENAGAS;CALL;Nov-26;18,00;16.62;20,56;0,19;2;11
25/09/26;ENAGAS;CALL;Dic-26;15,50;16.62;24,51;0,76;;25
25/09/26;ENAGAS;CALL;Dic-26;16,00;16.62;23,62;0,67;;419
25/09/26;ENAGAS;CALL;Dic-26;17,00;16.62;22,12;0,46;;63
25/09/26;ENAGAS;CALL;Dic-26;17,50;16.62;21,58;0,35;;48
25/09/26;ENAGAS;CALL;Dic-26;18,00;16.62;21,04;0,25;;88
25/09/26;ENAGAS;CALL;Dic-26;18,50;16.62;20,49;0,16;;60
25/09/26;ENAGAS;CALL;Dic-26;19,00;16.62;19,95;0,10;;146
25/09/26;ENAGAS;CALL;Dic-26;19,50;16.62;19,41;0,05;;123
25/09/26;ENAGAS;CALL;Dic-26;20,00;16.62;18,87;0,03;;27
25/09/26;ENAGAS;CALL;Mar-27;15,50;16.62;22,90;0,72;;301
25/09/26;ENAGAS;CALL;Mar-27;16,00;16.62;22,25;0,64;;32
25/09/26;ENAGAS;CALL;Mar-27;17,00;16.62;21,17;0,46;;56
25/09/26;ENAGAS;CALL;Mar-27;17,50;16.62;20,82;0,37;;134
25/09/26;ENAGAS;CALL;Mar-27;18,00;16.62;20,47;0,29;;240
25/09/26;ENAGAS;CALL;Mar-27;18,50;16.62;20,12;0,22;;3
25/09/26;ENAGAS;CALL;Mar-27;19,00;16.62;19,77;0,16;;63
25/09/26;ENAGAS;CALL;Mar-27;19,50;16.62;19,42;0,12;;10
25/09/26;ENAGAS;CALL;Mar-27;20,00;16.62;19,07;0,08;;98
25/09/26;ENAGAS;CALL;Jun-27;16,00;16.62;22,98;0,61;;10
25/09/26;ENAGAS;CALL;Jun-27;16,50;16.62;22,37;0,55;;5
25/09/26;ENAGAS;CALL;Jun-27;18,00;16.62;21,39;0,36;;26
25/09/26;ENAGAS;CALL;Jun-27;19,50;16.62;20,49;0,20;;2
25/09/26;ENAGAS;CALL;Jun-27;20,00;16.62;20,19;0,16;;5
25/09/26;ENAGAS;CALL;Sep-27;20,00;16.62;21,58;0,19;;29
25/09/26;ENAGAS;CALL;Sep-27;20,50;16.62;21,32;0,16;;2
25/09/26;ENAGAS;CALL;Dic-27;15,00;16.62;25,58;0,70;;1
25/09/26;ENAGAS;CALL;Dic-27;16,00;16.62;24,44;0,60;;26
25/09/26;ENAGAS;CALL;Dic-27;19,50;16.62;22,52;0,27;;2
25/09/26;ENAGAS;CALL;Dic-27;20,00;16.62;22,31;0,24;;1
25/09/26;ENAGAS;CALL;Dic-27;20,50;16.62;22,10;0,20;;1
25/09/26;ENAGAS;CALL;Dic-27;21,00;16.62;21,89;0,17;;10
25/09/26;ENAGAS;CALL;Jun-28;18,00;16.62;21,49;0,41;;1
25/09/26;ENAGAS;CALL;Dic-28;16,00;16.62;20,64;0,59;;1
25/09/26;ENAGAS;PUT;Oct-26;15,50;16.62;24,80;-0,11;;1
25/09/26;ENAGAS;PUT;Oct-26;16,00;16.62;23,87;-0,24;;24
25/09/26;ENAGAS;PUT;Oct-26;16,50;16.62;22,95;-0,43;;19
25/09/26;ENAGAS;PUT;Oct-26;17,00;16.62;22,23;-0,65;;12
25/09/26;ENAGAS;PUT;Oct-26;18,00;16.62;20,93;-0,95;;1
25/09/26;ENAGAS;PUT;Nov-26;15,00;16.62;26,11;-0,14;;3
25/09/26;ENAGAS;PUT;Nov-26;15,50;16.62;25,19;-0,22;;1
25/09/26;ENAGAS;PUT;Nov-26;16,00;16.62;24,26;-0,32;;44
25/09/26;ENAGAS;PUT;Nov-26;16,50;16.62;23,34;-0,44;;1
25/09/26;ENAGAS;PUT;Dic-26;12,50;16.62;32,36;-0,03;;2
25/09/26;ENAGAS;PUT;Dic-26;13,00;16.62;31,48;-0,04;;227
25/09/26;ENAGAS;PUT;Dic-26;13,50;16.62;30,60;-0,06;;51
25/09/26;ENAGAS;PUT;Dic-26;14,00;16.62;29,71;-0,10;;280
25/09/26;ENAGAS;PUT;Dic-26;14,50;16.62;28,83;-0,14;;126
25/09/26;ENAGAS;PUT;Dic-26;15,00;16.62;27,95;-0,19;;611
25/09/26;ENAGAS;PUT;Dic-26;15,50;16.62;27,07;-0,26;;38
25/09/26;ENAGAS;PUT;Dic-26;16,00;16.62;26,18;-0,34;;41
25/09/26;ENAGAS;PUT;Dic-26;16,50;16.62;25,30;-0,44;24;62
25/09/26;ENAGAS;PUT;Dic-26;17,00;16.62;24,68;-0,54;;26
25/09/26;ENAGAS;PUT;Dic-26;17,50;16.62;24,14;-0,64;;26
25/09/26;ENAGAS;PUT;Mar-27;12,00;16.62;26,41;-0,04;;1
25/09/26;ENAGAS;PUT;Mar-27;13,00;16.62;25,11;-0,08;;25
25/09/26;ENAGAS;PUT;Mar-27;14,00;16.62;23,81;-0,15;;234
25/09/26;ENAGAS;PUT;Mar-27;14,50;16.62;23,15;-0,20;;56
25/09/26;ENAGAS;PUT;Mar-27;15,00;16.62;22,50;-0,26;;40
25/09/26;ENAGAS;PUT;Mar-27;15,50;16.62;21,85;-0,33;;4
25/09/26;ENAGAS;PUT;Mar-27;16,00;16.62;21,20;-0,41;;541
25/09/26;ENAGAS;PUT;Mar-27;16,50;16.62;20,55;-0,50;;27
25/09/26;ENAGAS;PUT;Mar-27;17,00;16.62;20,12;-0,59;;36
25/09/26;ENAGAS;PUT;Jun-27;15,00;16.62;22,46;-0,28;;5
25/09/26;ENAGAS;PUT;Jun-27;16,50;16.62;20,63;-0,48;;5
25/09/26;ENAGAS;PUT;Jun-27;17,00;16.62;20,25;-0,55;;52
25/09/26;ENAGAS;PUT;Jun-27;17,50;16.62;19,95;-0,62;;28
25/09/26;ENAGAS;PUT;Sep-27;12,50;16.62;25,73;-0,13;;470
25/09/26;ENAGAS;PUT;Sep-27;13,00;16.62;25,15;-0,17;;75
25/09/26;ENAGAS;PUT;Sep-27;13,50;16.62;24,57;-0,20;;1
25/09/26;ENAGAS;PUT;Sep-27;14,00;16.62;23,99;-0,25;;25
25/09/26;ENAGAS;PUT;Sep-27;17,00;16.62;20,74;-0,58;;25
25/09/26;ENAGAS;PUT;Dic-27;11,00;16.62;26,99;-0,07;;4.100
25/09/26;ENAGAS;PUT;Dic-27;14,00;16.62;23,57;-0,25;;1
25/09/26;ENAGAS;PUT;Mar-28;12,00;16.62;24,10;-0,13;;75
25/09/26;ENAGAS;PUT;Mar-28;14,50;16.62;21,44;-0,32;;173
25/09/26;ENAGAS;PUT;Mar-28;15,50;16.62;20,38;-0,42;;25
25/09/26;ENAGAS;PUT;Mar-28;16,00;16.62;19,85;-0,47;;50
25/09/26;ENAGAS;PUT;Mar-28;16,50;16.62;19,32;-0,52;;25
25/09/26;ENAGAS;PUT;Jun-28;15,00;16.62;19,87;-0,36;;10
25/09/26;ENAGAS;PUT;Jun-28;16,00;16.62;18,87;-0,46;;25
25/09/26;ENAGAS;PUT;Jun-28;16,50;16.62;18,37;-0,52;;25
25/09/26;ENAGAS;PUT;Jun-28;18,00;16.62;17,86;-0,67;;141
25/09/26;ENAGAS;CALL;Dic-26;16,50;16.62;22,74;0,57;;25
25/09/26;ENAGAS;CALL;Dic-26;17,00;16.62;22,12;0,46;;125
25/09/26;ENAGAS;CALL;Dic-26;17,50;16.62;21,58;0,35;;50
25/09/26;ENAGAS;CALL;Dic-26;18,00;16.62;21,04;0,25;;25
25/09/26;ENAGAS;CALL;Mar-27;19,00;16.62;19,77;0,16;;125
25/09/26;ENAGAS;CALL;Jun-27;19,50;16.62;20,49;0,20;;50
25/09/26;ENAGAS;PUT;Oct-26;16,50;16.62;22,95;-0,43;;5
25/09/26;ENAGAS;PUT;Oct-26;17,00;16.62;22,23;-0,64;;15
25/09/26;ENAGAS;PUT;Nov-26;15,50;16.62;25,19;-0,21;;2
25/09/26;ENAGAS;PUT;Dic-26;13,00;16.62;31,48;-0,04;;25
25/09/26;ENAGAS;PUT;Dic-26;13,50;16.62;30,60;-0,06;;75
25/09/26;ENAGAS;PUT;Dic-26;14,00;16.62;29,71;-0,09;;25
25/09/26;ENAGAS;PUT;Dic-26;15,50;16.62;27,07;-0,26;;5
25/09/26;ENAGAS;PUT;Dic-26;16,50;16.62;25,30;-0,43;;10
25/09/26;ENAGAS;PUT;Dic-26;17,00;16.62;24,68;-0,53;;10
25/09/26;ENAGAS;PUT;Mar-27;14,50;16.62;23,15;-0,19;;50
25/09/26;ENAGAS;PUT;Mar-27;15,00;16.62;22,50;-0,25;;1
25/09/26;ENAGAS;PUT;Mar-27;15,50;16.62;21,85;-0,32;;9
25/09/26;ENAGAS;PUT;Jun-27;15,50;16.62;21,85;-0,32;;6
25/09/26;ENCE;CALL;Mar-27;2,00;2.42;24,27;0,93;;13
25/09/26;ENCE;CALL;Mar-27;2,10;2.42;24,16;0,85;;4
25/09/26;ENCE;CALL;Jun-27;2,40;2.42;23,34;0,55;;10
25/09/26;ENCE;CALL;Mar-28;2,00;2.42;27,92;0,79;;4
25/09/26;ENCE;PUT;Nov-26;2,50;2.42;15,18;-0,80;;8
25/09/26;ENCE;PUT;Jun-27;2,70;2.42;24,70;-0,70;;5
25/09/26;ENDESA;CALL;Oct-26;43,00;42.18;17,44;0,34;10;12
25/09/26;ENDESA;CALL;Oct-26;44,00;42.18;17,31;0,17;1;3
25/09/26;ENDESA;CALL;Nov-26;44,00;42.18;18,61;0,31;;3
25/09/26;ENDESA;CALL;Nov-26;45,00;42.18;18,47;0,21;;1
25/09/26;ENDESA;CALL;Dic-26;24,00;42.18;34,30;1,00;;2
25/09/26;ENDESA;CALL;Dic-26;35,00;42.18;25,00;0,95;;10
25/09/26;ENDESA;CALL;Dic-26;36,00;42.18;24,16;0,93;;10
25/09/26;ENDESA;CALL;Dic-26;37,00;42.18;23,31;0,90;;4
25/09/26;ENDESA;CALL;Dic-26;38,00;42.18;22,46;0,86;;4
25/09/26;ENDESA;CALL;Dic-26;39,00;42.18;21,62;0,80;;10
25/09/26;ENDESA;CALL;Dic-26;40,00;42.18;20,77;0,74;;19
25/09/26;ENDESA;CALL;Dic-26;41,00;42.18;19,93;0,66;;1
25/09/26;ENDESA;CALL;Dic-26;42,00;42.18;19,08;0,56;;6
25/09/26;ENDESA;CALL;Dic-26;43,00;42.18;18,86;0,46;;5
25/09/26;ENDESA;CALL;Dic-26;44,00;42.18;18,77;0,36;10;10
25/09/26;ENDESA;CALL;Dic-26;45,00;42.18;18,68;0,27;;16
25/09/26;ENDESA;CALL;Dic-26;46,00;42.18;18,60;0,20;;10
25/09/26;ENDESA;CALL;Dic-26;47,00;42.18;18,51;0,13;;20
25/09/26;ENDESA;CALL;Dic-26;48,00;42.18;18,42;0,09;;15
25/09/26;ENDESA;CALL;Mar-27;32,00;42.18;28,09;0,95;;1
25/09/26;ENDESA;CALL;Mar-27;34,00;42.18;26,40;0,92;;150
25/09/26;ENDESA;CALL;Mar-27;40,00;42.18;21,32;0,69;;1
25/09/26;ENDESA;CALL;Mar-27;41,00;42.18;20,48;0,62;;3
25/09/26;ENDESA;CALL;Mar-27;43,00;42.18;19,42;0,48;;5
25/09/26;ENDESA;CALL;Mar-27;44,00;42.18;19,34;0,41;;2
25/09/26;ENDESA;CALL;Mar-27;45,00;42.18;19,26;0,34;;1
25/09/26;ENDESA;CALL;Mar-27;50,00;42.18;18,86;0,11;;1
25/09/26;ENDESA;CALL;Mar-27;54,00;42.18;18,55;0,03;;38
25/09/26;ENDESA;CALL;Mar-27;56,00;42.18;18,39;0,01;;15
25/09/26;ENDESA;CALL;Jun-27;25,00;42.18;32,20;0,99;;1
25/09/26;ENDESA;CALL;Jun-27;27,00;42.18;30,75;0,98;;2
25/09/26;ENDESA;CALL;Jun-27;32,00;42.18;27,11;0,92;;294
25/09/26;ENDESA;CALL;Jun-27;33,00;42.18;26,38;0,89;;291
25/09/26;ENDESA;CALL;Jun-27;37,00;42.18;23,48;0,79;;1
25/09/26;ENDESA;CALL;Jun-27;38,00;42.18;22,75;0,75;;1
25/09/26;ENDESA;CALL;Jun-27;41,00;42.18;20,57;0,62;;2
25/09/26;ENDESA;CALL;Jun-27;42,00;42.18;19,84;0,56;;2
25/09/26;ENDESA;CALL;Jun-27;44,00;42.18;19,55;0,45;;40
25/09/26;ENDESA;CALL;Jun-27;46,00;42.18;19,38;0,35;;50
25/09/26;ENDESA;CALL;Jun-27;48,00;42.18;19,20;0,26;;5
25/09/26;ENDESA;CALL;Jun-27;54,00;42.18;18,68;0,08;;155
25/09/26;ENDESA;CALL;Jun-27;56,00;42.18;18,51;0,05;;410
25/09/26;ENDESA;CALL;Sep-27;43,00;42.18;20,50;0,52;;75
25/09/26;ENDESA;CALL;Sep-27;44,00;42.18;20,39;0,47;;150
25/09/26;ENDESA;CALL;Sep-27;45,00;42.18;20,28;0,42;;1
25/09/26;ENDESA;CALL;Sep-27;49,00;42.18;19,84;0,25;;7
25/09/26;ENDESA;CALL;Dic-27;29,00;42.18;29,06;0,94;;1
25/09/26;ENDESA;CALL;Dic-27;31,00;42.18;27,84;0,90;;1
25/09/26;ENDESA;CALL;Dic-27;34,00;42.18;26,02;0,84;;1
25/09/26;ENDESA;CALL;Dic-27;40,00;42.18;22,37;0,65;;26
25/09/26;ENDESA;CALL;Dic-27;50,00;42.18;20,30;0,26;;2
25/09/26;ENDESA;CALL;Mar-28;40,00;42.18;22,41;0,64;;25
25/09/26;ENDESA;CALL;Mar-28;44,00;42.18;20,99;0,49;;20
25/09/26;ENDESA;CALL;Mar-28;45,00;42.18;20,90;0,45;;1.215
25/09/26;ENDESA;CALL;Mar-28;46,00;42.18;20,82;0,41;;85
25/09/26;ENDESA;CALL;Mar-28;47,00;42.18;20,73;0,38;;795
25/09/26;ENDESA;CALL;Mar-28;48,00;42.18;20,64;0,34;;290
25/09/26;ENDESA;CALL;Mar-28;49,00;42.18;20,56;0,31;;85
25/09/26;ENDESA;CALL;Mar-28;50,00;42.18;20,47;0,28;;75
25/09/26;ENDESA;CALL;Mar-28;56,00;42.18;19,95;0,14;;45
25/09/26;ENDESA;CALL;Jun-28;46,00;42.18;20,95;0,43;;10
25/09/26;ENDESA;PUT;Oct-26;40,00;42.18;19,53;-0,12;;1
25/09/26;ENDESA;PUT;Oct-26;41,00;42.18;18,58;-0,25;;10
25/09/26;ENDESA;PUT;Oct-26;43,00;42.18;17,34;-0,66;;1
25/09/26;ENDESA;PUT;Dic-26;19,00;42.18;38,18;;;15
25/09/26;ENDESA;PUT;Dic-26;28,00;42.18;30,57;;;25
25/09/26;ENDESA;PUT;Dic-26;30,00;42.18;28,88;-0,01;;10
25/09/26;ENDESA;PUT;Dic-26;32,00;42.18;27,19;-0,01;;10
25/09/26;ENDESA;PUT;Dic-26;33,00;42.18;26,34;-0,02;;35
25/09/26;ENDESA;PUT;Dic-26;34,00;42.18;25,50;-0,03;;1
25/09/26;ENDESA;PUT;Dic-26;35,00;42.18;24,65;-0,05;;10
25/09/26;ENDESA;PUT;Dic-26;37,00;42.18;22,96;-0,10;;10
25/09/26;ENDESA;PUT;Dic-26;38,00;42.18;22,11;-0,14;;4
25/09/26;ENDESA;PUT;Dic-26;39,00;42.18;21,27;-0,19;;10
25/09/26;ENDESA;PUT;Dic-26;40,00;42.18;20,42;-0,26;;160
25/09/26;ENDESA;PUT;Mar-27;37,00;42.18;22,44;-0,18;;10
25/09/26;ENDESA;PUT;Mar-27;39,00;42.18;20,75;-0,27;;10
25/09/26;ENDESA;PUT;Jun-27;15,50;42.18;37,92;;;5
25/09/26;ENDESA;PUT;Jun-27;22,00;42.18;33,19;-0,01;;10
25/09/26;ENDESA;PUT;Jun-27;33,00;42.18;25,19;-0,10;;3
25/09/26;ENDESA;PUT;Jun-27;37,00;42.18;22,29;-0,21;;3
25/09/26;ENDESA;PUT;Jun-27;38,00;42.18;21,56;-0,25;;4
25/09/26;ENDESA;PUT;Dic-27;17,50;42.18;33,25;;;1
25/09/26;ENDESA;PUT;Dic-27;27,00;42.18;27,47;-0,05;;1
25/09/26;ENDESA;PUT;Dic-27;30,00;42.18;25,64;-0,09;;5
25/09/26;ENDESA;PUT;Dic-27;31,00;42.18;25,03;-0,11;;30
25/09/26;ENDESA;PUT;Dic-27;32,00;42.18;24,42;-0,13;;5
25/09/26;ENDESA;PUT;Dic-27;34,00;42.18;23,21;-0,18;;5
25/09/26;ENDESA;PUT;Dic-27;44,00;42.18;18,06;-0,58;;15
25/09/26;ENDESA;PUT;Mar-28;22,00;42.18;29,86;-0,03;;150
25/09/26;ENDESA;PUT;Mar-28;24,00;42.18;28,71;-0,04;;150
25/09/26;ENDESA;PUT;Mar-28;26,00;42.18;27,55;-0,06;;150
25/09/26;ENDESA;PUT;Mar-28;27,00;42.18;26,98;-0,07;;150
25/09/26;ENDESA;PUT;Mar-28;28,00;42.18;26,40;-0,08;;150
25/09/26;ENDESA;PUT;Jun-28;25,00;42.18;27,74;-0,05;;150
25/09/26;ENDESA;PUT;Jun-28;26,00;42.18;27,19;-0,06;;150
25/09/26;ENDESA;PUT;Jun-28;27,00;42.18;26,65;-0,07;;293
25/09/26;ENDESA;PUT;Jun-28;29,00;42.18;25,56;-0,10;;143
25/09/26;ENDESA;PUT;Jun-28;30,00;42.18;25,01;-0,12;;143
25/09/26;ENDESA;PUT;Jun-28;31,00;42.18;24,47;-0,13;;142
25/09/26;ENDESA;PUT;Jun-28;32,00;42.18;23,92;-0,15;;142
25/09/26;ENDESA;PUT;Jun-28;33,00;42.18;23,38;-0,18;;142
25/09/26;ENDESA;PUT;Dic-28;31,00;42.18;23,30;-0,16;;16
25/09/26;ENDESA;CALL;Oct-26;42,00;42.18;17,72;0,56;;1
25/09/26;ENDESA;CALL;Oct-26;44,00;42.18;17,31;0,17;;2
25/09/26;ENDESA;CALL;Nov-26;46,00;42.18;18,34;0,13;;3
25/09/26;ENDESA;CALL;Dic-26;33,00;42.18;26,69;0,97;;10
25/09/26;ENDESA;CALL;Dic-26;40,00;42.18;20,77;0,73;;10
25/09/26;ENDESA;CALL;Dic-26;42,00;42.18;19,08;0,56;;10
25/09/26;ENDESA;CALL;Mar-27;37,00;42.18;23,86;0,80;;10
25/09/26;ENDESA;PUT;Oct-26;40,00;42.18;19,53;-0,12;;10
25/09/26;ENDESA;PUT;Nov-26;41,00;42.18;19,32;-0,32;10;10
25/09/26;ENDESA;PUT;Dic-26;32,00;42.18;27,19;-0,01;;8
25/09/26;ENDESA;PUT;Dic-26;36,00;42.18;23,81;-0,07;;10
25/09/26;ENDESA;PUT;Dic-26;39,00;42.18;21,27;-0,19;;30
25/09/26;FCC;CALL;Jun-27;11,00;10.72;16,86;0,52;;1
25/09/26;FCC;CALL;Dic-27;16,50;10.72;17,45;0,01;;1
25/09/26;FCC;CALL;Jun-28;11,50;10.72;22,96;0,47;;200
25/09/26;FCC;PUT;Dic-26;10,50;10.72;19,06;-0,37;;20
25/09/26;FCC;PUT;Dic-26;11,00;10.72;17,88;-0,59;;3
25/09/26;FCC;PUT;Mar-27;9,50;10.72;19,52;-0,15;;257
25/09/26;FCC;PUT;Mar-27;10,00;10.72;19,11;-0,25;;250
25/09/26;FCC;PUT;Mar-27;10,50;10.72;18,71;-0,38;;482
25/09/26;FCC;PUT;Mar-27;11,00;10.72;18,03;-0,54;;224
25/09/26;FCC;PUT;Jun-27;10,50;10.72;19,32;-0,39;;9
25/09/26;FCC;PUT;Jun-27;11,50;10.72;18,34;-0,63;;3
25/09/26;FCC;PUT;Jun-27;12,00;10.72;17,77;-0,76;;417
25/09/26;FCC;PUT;Sep-27;11,00;10.72;19,89;-0,60;;226
25/09/26;FERROVIAL;CALL;Oct-26;48,00;48.56;28,46;0,59;;2.000
25/09/26;FERROVIAL;CALL;Oct-26;49,00;48.56;27,62;0,47;;4
25/09/26;FERROVIAL;CALL;Oct-26;50,00;48.56;27,09;0,35;;4
25/09/26;FERROVIAL;CALL;Oct-26;54,00;48.56;24,97;0,04;;4
25/09/26;FERROVIAL;CALL;Oct-26;56,00;48.56;23,92;0,01;;9
25/09/26;FERROVIAL;CALL;Nov-26;56,00;48.56;24,37;0,07;;50
25/09/26;FERROVIAL;CALL;Nov-26;60,00;48.56;22,28;0,01;;1
25/09/26;FERROVIAL;CALL;Dic-26;45,00;48.56;30,82;0,73;;8
25/09/26;FERROVIAL;CALL;Dic-26;47,00;48.56;28,83;0,62;;1
25/09/26;FERROVIAL;CALL;Dic-26;50,00;48.56;26,77;0,43;;4.000
25/09/26;FERROVIAL;CALL;Dic-26;52,00;48.56;26,05;0,31;;26
25/09/26;FERROVIAL;CALL;Dic-26;54,00;48.56;25,34;0,20;;25
25/09/26;FERROVIAL;CALL;Dic-26;56,00;48.56;24,62;0,12;;54
25/09/26;FERROVIAL;CALL;Dic-26;58,00;48.56;23,91;0,06;;26
25/09/26;FERROVIAL;CALL;Dic-26;60,00;48.56;23,20;0,03;;3.025
25/09/26;FERROVIAL;CALL;Dic-26;64,00;48.56;21,77;;;5
25/09/26;FERROVIAL;CALL;Dic-26;66,00;48.56;21,05;;;5
25/09/26;FERROVIAL;CALL;Dic-26;68,00;48.56;20,34;;;235
25/09/26;FERROVIAL;CALL;Dic-26;70,00;48.56;19,63;;;25
25/09/26;FERROVIAL;CALL;Mar-27;45,00;48.56;28,00;0,69;;54
25/09/26;FERROVIAL;CALL;Mar-27;50,00;48.56;25,21;0,48;;102
25/09/26;FERROVIAL;CALL;Mar-27;52,00;48.56;24,87;0,39;;15
25/09/26;FERROVIAL;CALL;Mar-27;58,00;48.56;23,84;0,16;;25
25/09/26;FERROVIAL;CALL;Mar-27;62,00;48.56;23,15;0,08;;25
25/09/26;FERROVIAL;CALL;Jun-27;58,00;48.56;23,95;0,23;;1
25/09/26;FERROVIAL;CALL;Sep-27;44,00;48.56;28,02;0,71;;25
25/09/26;FERROVIAL;CALL;Sep-27;50,00;48.56;25,38;0,53;;25
25/09/26;FERROVIAL;CALL;Sep-27;52,00;48.56;25,11;0,46;;25
25/09/26;FERROVIAL;CALL;Sep-27;56,00;48.56;24,56;0,34;;25
25/09/26;FERROVIAL;CALL;Dic-27;50,00;48.56;25,52;0,54;;25
25/09/26;FERROVIAL;CALL;Dic-27;60,00;48.56;24,15;0,27;;25
25/09/26;FERROVIAL;CALL;Dic-27;70,00;48.56;22,78;0,10;;25
25/09/26;FERROVIAL;CALL;Mar-28;52,00;48.56;25,36;0,50;;25
25/09/26;FERROVIAL;CALL;Mar-28;54,00;48.56;25,10;0,45;;50
25/09/26;FERROVIAL;CALL;Mar-28;60,00;48.56;24,32;0,31;;25
25/09/26;FERROVIAL;CALL;Mar-28;66,00;48.56;23,54;0,19;;25
25/09/26;FERROVIAL;CALL;Mar-28;68,00;48.56;23,27;0,16;1;1
25/09/26;FERROVIAL;CALL;Jun-28;50,00;48.56;25,73;0,57;;50
25/09/26;FERROVIAL;CALL;Jun-28;56,00;48.56;24,99;0,42;;50
25/09/26;FERROVIAL;CALL;Jun-28;58,00;48.56;24,74;0,38;;25
25/09/26;FERROVIAL;CALL;Dic-28;50,00;48.56;26,16;0,58;;3.000
25/09/26;FERROVIAL;PUT;Oct-26;44,00;48.56;31,65;-0,09;;3
25/09/26;FERROVIAL;PUT;Oct-26;45,00;48.56;30,56;-0,14;;4
25/09/26;FERROVIAL;PUT;Oct-26;46,00;48.56;29,46;-0,21;;5
25/09/26;FERROVIAL;PUT;Oct-26;47,00;48.56;28,37;-0,30;;50
25/09/26;FERROVIAL;PUT;Oct-26;48,00;48.56;27,28;-0,41;;10
25/09/26;FERROVIAL;PUT;Oct-26;49,00;48.56;26,44;-0,54;;17
25/09/26;FERROVIAL;PUT;Nov-26;40,00;48.56;35,79;-0,08;;1
25/09/26;FERROVIAL;PUT;Nov-26;41,00;48.56;34,71;-0,10;;4
25/09/26;FERROVIAL;PUT;Nov-26;43,00;48.56;32,54;-0,17;;7
25/09/26;FERROVIAL;PUT;Nov-26;44,00;48.56;31,46;-0,21;;1
25/09/26;FERROVIAL;PUT;Nov-26;46,00;48.56;29,29;-0,32;;2
25/09/26;FERROVIAL;PUT;Nov-26;58,00;48.56;21,59;-0,99;;15
25/09/26;FERROVIAL;PUT;Dic-26;43,00;48.56;32,02;-0,20;;2
25/09/26;FERROVIAL;PUT;Dic-26;44,00;48.56;31,03;-0,24;;51
25/09/26;FERROVIAL;PUT;Dic-26;45,00;48.56;30,03;-0,29;;2
25/09/26;FERROVIAL;PUT;Dic-26;48,00;48.56;27,05;-0,46;;7
25/09/26;FERROVIAL;PUT;Dic-26;49,00;48.56;26,33;-0,52;;26
25/09/26;FERROVIAL;PUT;Dic-26;50,00;48.56;25,98;-0,59;;25
25/09/26;FERROVIAL;PUT;Dic-26;54,00;48.56;24,55;-0,82;;26
25/09/26;FERROVIAL;PUT;Dic-26;56,00;48.56;23,83;-0,90;;25
25/09/26;FERROVIAL;PUT;Dic-26;58,00;48.56;23,12;-0,95;;130
25/09/26;FERROVIAL;PUT;Dic-26;60,00;48.56;22,41;-0,98;;10
25/09/26;FERROVIAL;PUT;Dic-26;72,00;48.56;18,12;-1,00;;1
25/09/26;FERROVIAL;PUT;Mar-27;39,00;48.56;32,58;-0,14;;100
25/09/26;FERROVIAL;PUT;Mar-27;45,00;48.56;28,30;-0,31;;25
25/09/26;FERROVIAL;PUT;Mar-27;46,00;48.56;27,59;-0,35;;25
25/09/26;FERROVIAL;PUT;Mar-27;47,00;48.56;26,87;-0,40;;50
25/09/26;FERROVIAL;PUT;Mar-27;48,00;48.56;26,16;-0,44;;76
25/09/26;FERROVIAL;PUT;Mar-27;49,00;48.56;25,68;-0,49;;90
25/09/26;FERROVIAL;PUT;Mar-27;50,00;48.56;25,51;-0,54;;125
25/09/26;FERROVIAL;PUT;Mar-27;52,00;48.56;25,17;-0,63;;135
25/09/26;FERROVIAL;PUT;Mar-27;54,00;48.56;24,83;-0,72;;24
25/09/26;FERROVIAL;PUT;Mar-27;56,00;48.56;24,48;-0,80;;1
25/09/26;FERROVIAL;PUT;Mar-27;58,00;48.56;24,14;-0,87;;25
25/09/26;FERROVIAL;PUT;Jun-27;44,00;48.56;28,56;-0,29;;25
25/09/26;FERROVIAL;PUT;Jun-27;49,00;48.56;25,68;-0,47;;50
25/09/26;FERROVIAL;PUT;Jun-27;60,00;48.56;24,17;-0,86;;8
25/09/26;FERROVIAL;PUT;Sep-27;41,00;48.56;30,16;-0,23;;1
25/09/26;FERROVIAL;PUT;Sep-27;43,00;48.56;29,09;-0,28;;1
25/09/26;FERROVIAL;PUT;Sep-27;44,00;48.56;28,55;-0,30;;51
25/09/26;FERROVIAL;PUT;Sep-27;45,00;48.56;28,02;-0,33;;25
25/09/26;FERROVIAL;PUT;Sep-27;47,00;48.56;26,95;-0,39;;25
25/09/26;FERROVIAL;PUT;Sep-27;48,00;48.56;26,41;-0,42;;50
25/09/26;FERROVIAL;PUT;Sep-27;49,00;48.56;26,05;-0,45;;25
25/09/26;FERROVIAL;PUT;Dic-27;35,00;48.56;32,67;-0,13;;1
25/09/26;FERROVIAL;PUT;Dic-27;39,00;48.56;30,67;-0,20;;25
25/09/26;FERROVIAL;PUT;Dic-27;40,00;48.56;30,17;-0,22;;25
25/09/26;FERROVIAL;PUT;Dic-27;45,00;48.56;27,66;-0,33;;25
25/09/26;FERROVIAL;PUT;Dic-27;54,00;48.56;25,13;-0,60;;525
25/09/26;FERROVIAL;PUT;Mar-28;58,00;48.56;24,59;-0,69;;1
25/09/26;FERROVIAL;PUT;Mar-28;60,00;48.56;24,33;-0,74;;3
25/09/26;FERROVIAL;PUT;Mar-28;62,00;48.56;24,07;-0,80;;26
25/09/26;FERROVIAL;PUT;Mar-28;64,00;48.56;23,81;-0,85;;25
25/09/26;FERROVIAL;PUT;Jun-28;44,00;48.56;27,64;-0,31;;25
25/09/26;FERROVIAL;PUT;Jun-28;45,00;48.56;27,23;-0,33;;25
25/09/26;FERROVIAL;PUT;Jun-28;46,00;48.56;26,81;-0,35;;25
25/09/26;FERROVIAL;PUT;Jun-28;48,00;48.56;25,99;-0,40;;25
25/09/26;FERROVIAL;PUT;Jun-28;49,00;48.56;25,71;-0,43;;25
25/09/26;FERROVIAL;PUT;Jun-28;50,00;48.56;25,58;-0,46;;25
25/09/26;FERROVIAL;PUT;Jun-28;52,00;48.56;25,33;-0,51;;25
25/09/26;FERROVIAL;PUT;Jun-28;54,00;48.56;25,09;-0,56;;26
25/09/26;FERROVIAL;PUT;Jun-28;56,00;48.56;24,84;-0,61;;25
25/09/26;FERROVIAL;PUT;Jun-28;58,00;48.56;24,59;-0,67;;26
25/09/26;FERROVIAL;PUT;Jun-28;64,00;48.56;23,85;-0,82;;75
25/09/26;FERROVIAL;PUT;Dic-28;44,00;48.56;26,87;-0,31;;2.500
25/09/26;FERROVIAL;PUT;Dic-28;46,00;48.56;26,21;-0,35;;25
25/09/26;FERROVIAL;PUT;Dic-28;47,00;48.56;25,88;-0,37;;25
25/09/26;FERROVIAL;PUT;Dic-28;48,00;48.56;25,55;-0,40;;25
25/09/26;FERROVIAL;PUT;Dic-28;49,00;48.56;25,33;-0,42;;25
25/09/26;FERROVIAL;PUT;Dic-28;50,00;48.56;25,23;-0,44;;25
25/09/26;FERROVIAL;CALL;Oct-26;52,00;48.56;26,03;0,15;;226
25/09/26;FERROVIAL;CALL;Oct-26;54,00;48.56;24,97;0,04;;452
25/09/26;FERROVIAL;CALL;Dic-26;60,00;48.56;23,20;0,03;;60
25/09/26;FERROVIAL;CALL;Mar-27;62,00;48.56;23,15;0,08;;25
25/09/26;FERROVIAL;PUT;Oct-26;49,00;48.56;26,44;-0,53;;1
25/09/26;FERROVIAL;PUT;Dic-26;49,00;48.56;26,33;-0,51;;25
25/09/26;FERROVIAL;PUT;Dic-26;50,00;48.56;25,98;-0,58;;25
25/09/26;FERROVIAL;PUT;Mar-27;40,00;48.56;31,87;-0,16;;300
25/09/26;FLUIDRA;CALL;Nov-26;15,00;17.94;28,67;0,95;;3
25/09/26;FLUIDRA;CALL;Nov-26;18,50;17.94;24,84;0,41;;10
25/09/26;FLUIDRA;CALL;Dic-26;19,00;17.94;25,44;0,35;;2
25/09/26;FLUIDRA;CALL;Dic-26;19,50;17.94;25,18;0,26;;1
25/09/26;FLUIDRA;CALL;Dic-26;24,00;17.94;22,84;;;1
25/09/26;FLUIDRA;PUT;Oct-26;17,50;17.94;23,76;-0,31;;10
25/09/26;FLUIDRA;PUT;Oct-26;18,00;17.94;23,20;-0,51;;1
25/09/26;FLUIDRA;PUT;Oct-26;18,50;17.94;23,19;-0,70;;2
25/09/26;FLUIDRA;PUT;Dic-26;16,00;17.94;26,75;-0,20;;1
25/09/26;FLUIDRA;PUT;Dic-26;16,50;17.94;26,14;-0,27;;1
25/09/26;FLUIDRA;PUT;Dic-26;17,00;17.94;25,52;-0,35;;326
25/09/26;FLUIDRA;PUT;Dic-26;17,50;17.94;24,91;-0,44;;25
25/09/26;FLUIDRA;PUT;Dic-26;18,00;17.94;24,34;-0,53;;625
25/09/26;FLUIDRA;PUT;Dic-26;18,50;17.94;24,08;-0,63;;2
25/09/26;FLUIDRA;PUT;Dic-26;19,00;17.94;23,82;-0,71;;185
25/09/26;FLUIDRA;PUT;Dic-26;21,00;17.94;22,78;-0,93;;7
25/09/26;FLUIDRA;PUT;Mar-27;17,50;17.94;26,17;-0,43;;19
25/09/26;FLUIDRA;PUT;Mar-27;21,00;17.94;24,33;-0,83;;14
25/09/26;FLUIDRA;PUT;Jun-27;27,00;17.94;22,84;-1,00;;11
25/09/26;FLUIDRA;PUT;Jun-27;28,00;17.94;22,45;-1,00;;11
25/09/26;GRIFOLS;CALL;Oct-26;7,00;9.59;35,08;1,00;;2
25/09/26;GRIFOLS;CALL;Oct-26;9,75;9.59;27,37;0,42;;14
25/09/26;GRIFOLS;CALL;Oct-26;10,00;9.59;27,28;0,28;;15
25/09/26;GRIFOLS;CALL;Oct-26;10,25;9.59;27,19;0,17;;1
25/09/26;GRIFOLS;CALL;Oct-26;10,50;9.59;27,11;0,09;;1
25/09/26;GRIFOLS;CALL;Oct-26;11,00;9.59;26,93;0,02;;6
25/09/26;GRIFOLS;CALL;Oct-26;12,00;9.59;26,58;;;1
25/09/26;GRIFOLS;CALL;Nov-26;9,75;9.59;30,99;0,48;;2
25/09/26;GRIFOLS;CALL;Nov-26;10,00;9.59;30,91;0,40;;119
25/09/26;GRIFOLS;CALL;Nov-26;10,50;9.59;30,76;0,26;6;17
25/09/26;GRIFOLS;CALL;Nov-26;11,00;9.59;30,60;0,15;;2
25/09/26;GRIFOLS;CALL;Dic-26;7,75;9.59;37,39;0,92;;1
25/09/26;GRIFOLS;CALL;Dic-26;8,50;9.59;35,17;0,81;;26
25/09/26;GRIFOLS;CALL;Dic-26;8,75;9.59;34,43;0,76;;31
25/09/26;GRIFOLS;CALL;Dic-26;9,00;9.59;33,69;0,70;;56
25/09/26;GRIFOLS;CALL;Dic-26;9,25;9.59;32,96;0,64;;75
25/09/26;GRIFOLS;CALL;Dic-26;9,50;9.59;32,22;0,57;;267
25/09/26;GRIFOLS;CALL;Dic-26;9,75;9.59;31,91;0,50;;100
25/09/26;GRIFOLS;CALL;Dic-26;10,00;9.59;31,86;0,43;;187
25/09/26;GRIFOLS;CALL;Dic-26;10,50;9.59;31,75;0,30;;227
25/09/26;GRIFOLS;CALL;Dic-26;11,00;9.59;31,65;0,20;;341
25/09/26;GRIFOLS;CALL;Dic-26;11,50;9.59;31,54;0,13;;52
25/09/26;GRIFOLS;CALL;Dic-26;12,00;9.59;31,44;0,07;;68
25/09/26;GRIFOLS;CALL;Dic-26;12,50;9.59;31,33;0,04;;99
25/09/26;GRIFOLS;CALL;Dic-26;13,00;9.59;31,23;0,02;;1.307
25/09/26;GRIFOLS;CALL;Dic-26;13,50;9.59;31,13;0,01;;1.187
25/09/26;GRIFOLS;CALL;Dic-26;14,00;9.59;31,02;0,01;;25
25/09/26;GRIFOLS;CALL;Dic-26;14,50;9.59;30,92;;;25
25/09/26;GRIFOLS;CALL;Dic-26;15,00;9.59;30,81;;;44
25/09/26;GRIFOLS;CALL;Dic-26;15,50;9.59;30,71;;;5
25/09/26;GRIFOLS;CALL;Dic-26;17,00;9.59;30,40;;;25
25/09/26;GRIFOLS;CALL;Dic-26;17,50;9.59;30,29;;;25
25/09/26;GRIFOLS;CALL;Mar-27;6,25;9.59;39,47;0,98;;3
25/09/26;GRIFOLS;CALL;Mar-27;7,00;9.59;37,94;0,93;;3
25/09/26;GRIFOLS;CALL;Mar-27;7,50;9.59;36,91;0,88;;41
25/09/26;GRIFOLS;CALL;Mar-27;8,25;9.59;35,38;0,78;;5
25/09/26;GRIFOLS;CALL;Mar-27;8,50;9.59;34,86;0,74;;4
25/09/26;GRIFOLS;CALL;Mar-27;8,75;9.59;34,35;0,70;;201
25/09/26;GRIFOLS;CALL;Mar-27;9,00;9.59;33,84;0,65;;124
25/09/26;GRIFOLS;CALL;Mar-27;9,25;9.59;33,33;0,61;;127
25/09/26;GRIFOLS;CALL;Mar-27;9,50;9.59;32,81;0,56;;76
25/09/26;GRIFOLS;CALL;Mar-27;9,75;9.59;32,51;0,51;;107
25/09/26;GRIFOLS;CALL;Mar-27;10,00;9.59;32,34;0,46;;170
25/09/26;GRIFOLS;CALL;Mar-27;10,50;9.59;31,99;0,38;;35
25/09/26;GRIFOLS;CALL;Mar-27;11,00;9.59;31,64;0,30;;1
25/09/26;GRIFOLS;CALL;Mar-27;11,50;9.59;31,30;0,23;;12
25/09/26;GRIFOLS;CALL;Mar-27;12,00;9.59;30,95;0,17;;211
25/09/26;GRIFOLS;CALL;Mar-27;12,50;9.59;30,60;0,12;;70
25/09/26;GRIFOLS;CALL;Mar-27;13,00;9.59;30,25;0,09;;538
25/09/26;GRIFOLS;CALL;Mar-27;14,00;9.59;29,56;0,04;;140
25/09/26;GRIFOLS;CALL;Mar-27;16,00;9.59;28,17;0,01;;10
25/09/26;GRIFOLS;CALL;Jun-27;8,00;9.59;35,92;0,78;;6
25/09/26;GRIFOLS;CALL;Jun-27;8,25;9.59;35,48;0,74;;3
25/09/26;GRIFOLS;CALL;Jun-27;8,75;9.59;34,60;0,68;;2
25/09/26;GRIFOLS;CALL;Jun-27;9,00;9.59;34,15;0,64;;64
25/09/26;GRIFOLS;CALL;Jun-27;9,25;9.59;33,71;0,61;;53
25/09/26;GRIFOLS;CALL;Jun-27;9,50;9.59;33,27;0,57;;27
25/09/26;GRIFOLS;CALL;Jun-27;9,75;9.59;32,99;0,54;;25
25/09/26;GRIFOLS;CALL;Jun-27;10,00;9.59;32,80;0,50;;77
25/09/26;GRIFOLS;CALL;Jun-27;10,50;9.59;32,44;0,43;;10
25/09/26;GRIFOLS;CALL;Jun-27;11,00;9.59;32,07;0,36;;12
25/09/26;GRIFOLS;CALL;Jun-27;11,50;9.59;31,71;0,30;;10
25/09/26;GRIFOLS;CALL;Jun-27;12,00;9.59;31,34;0,24;;23
25/09/26;GRIFOLS;CALL;Jun-27;12,50;9.59;30,98;0,20;;1.191
25/09/26;GRIFOLS;CALL;Jun-27;13,00;9.59;30,61;0,15;;20
25/09/26;GRIFOLS;CALL;Jun-27;14,00;9.59;29,89;0,09;;16
25/09/26;GRIFOLS;CALL;Jun-27;15,00;9.59;29,16;0,05;;50
25/09/26;GRIFOLS;CALL;Jun-27;16,00;9.59;28,43;0,02;;850
25/09/26;GRIFOLS;CALL;Sep-27;15,00;9.59;29,66;0,08;;10
25/09/26;GRIFOLS;CALL;Dic-27;8,00;9.59;36,41;0,75;;2
25/09/26;GRIFOLS;CALL;Dic-27;8,75;9.59;35,29;0,67;;15
25/09/26;GRIFOLS;CALL;Dic-27;11,00;9.59;33,15;0,42;;1
25/09/26;GRIFOLS;CALL;Dic-27;11,50;9.59;32,84;0,37;;5
25/09/26;GRIFOLS;CALL;Dic-27;12,00;9.59;32,53;0,33;;150
25/09/26;GRIFOLS;CALL;Dic-27;12,50;9.59;32,21;0,28;;100
25/09/26;GRIFOLS;CALL;Dic-27;15,00;9.59;30,65;0,12;;13
25/09/26;GRIFOLS;CALL;Mar-28;15,00;9.59;31,50;0,16;;3
25/09/26;GRIFOLS;CALL;Dic-28;7,25;9.59;35,14;0,80;;10
25/09/26;GRIFOLS;CALL;Dic-28;9,00;9.59;33,01;0,65;;14
25/09/26;GRIFOLS;CALL;Dic-28;12,00;9.59;31,20;0,40;;1
25/09/26;GRIFOLS;CALL;Dic-28;15,50;9.59;29,62;0,19;;3
25/09/26;GRIFOLS;CALL;Dic-28;16,50;9.59;29,17;0,14;;2
25/09/26;GRIFOLS;CALL;Dic-28;17,50;9.59;28,72;0,11;;6
25/09/26;GRIFOLS;CALL;Dic-29;15,50;9.59;29,17;0,25;;3
25/09/26;GRIFOLS;PUT;Oct-26;8,75;9.59;27,47;-0,07;;37
25/09/26;GRIFOLS;PUT;Oct-26;9,25;9.59;26,00;-0,26;;17
25/09/26;GRIFOLS;PUT;Oct-26;9,50;9.59;25,26;-0,42;;10
25/09/26;GRIFOLS;PUT;Oct-26;9,75;9.59;24,93;-0,59;;10
25/09/26;GRIFOLS;PUT;Oct-26;10,00;9.59;24,84;-0,74;;20
25/09/26;GRIFOLS;PUT;Oct-26;10,25;9.59;24,75;-0,86;;15
25/09/26;GRIFOLS;PUT;Nov-26;8,25;9.59;30,89;-0,09;;2
25/09/26;GRIFOLS;PUT;Nov-26;8,50;9.59;30,14;-0,13;;3
25/09/26;GRIFOLS;PUT;Nov-26;8,75;9.59;29,39;-0,19;;34
25/09/26;GRIFOLS;PUT;Nov-26;9,00;9.59;28,64;-0,26;;2
25/09/26;GRIFOLS;PUT;Nov-26;9,50;9.59;27,15;-0,43;;27
25/09/26;GRIFOLS;PUT;Nov-26;9,75;9.59;26,82;-0,53;;2
25/09/26;GRIFOLS;PUT;Nov-26;10,00;9.59;26,74;-0,63;;100
25/09/26;GRIFOLS;PUT;Dic-26;6,00;9.59;39,18;-0,01;;25
25/09/26;GRIFOLS;PUT;Dic-26;6,25;9.59;38,45;-0,01;;5
25/09/26;GRIFOLS;PUT;Dic-26;6,50;9.59;37,71;-0,01;;1
25/09/26;GRIFOLS;PUT;Dic-26;6,75;9.59;36,97;-0,02;;25
25/09/26;GRIFOLS;PUT;Dic-26;7,00;9.59;36,23;-0,03;;10
25/09/26;GRIFOLS;PUT;Dic-26;7,25;9.59;35,49;-0,05;;291
25/09/26;GRIFOLS;PUT;Dic-26;7,50;9.59;34,75;-0,07;;29
25/09/26;GRIFOLS;PUT;Dic-26;7,75;9.59;34,02;-0,10;;26
25/09/26;GRIFOLS;PUT;Dic-26;8,00;9.59;33,28;-0,13;;317
25/09/26;GRIFOLS;PUT;Dic-26;8,25;9.59;32,54;-0,17;;2
25/09/26;GRIFOLS;PUT;Dic-26;8,50;9.59;31,80;-0,22;;757
25/09/26;GRIFOLS;PUT;Dic-26;8,75;9.59;31,06;-0,27;;31
25/09/26;GRIFOLS;PUT;Dic-26;9,00;9.59;30,32;-0,34;;326
25/09/26;GRIFOLS;PUT;Dic-26;9,25;9.59;29,59;-0,41;;111
25/09/26;GRIFOLS;PUT;Dic-26;9,50;9.59;28,85;-0,48;2;510
25/09/26;GRIFOLS;PUT;Dic-26;9,75;9.59;28,54;-0,56;1;22
25/09/26;GRIFOLS;PUT;Dic-26;10,00;9.59;28,49;-0,63;;1.722
25/09/26;GRIFOLS;PUT;Dic-26;10,50;9.59;28,38;-0,76;;79
25/09/26;GRIFOLS;PUT;Dic-26;11,00;9.59;28,28;-0,85;;438
25/09/26;GRIFOLS;PUT;Dic-26;11,50;9.59;28,17;-0,92;;28
25/09/26;GRIFOLS;PUT;Dic-26;12,00;9.59;28,07;-0,96;;1
25/09/26;GRIFOLS;PUT;Dic-26;12,50;9.59;27,96;-0,98;;1
25/09/26;GRIFOLS;PUT;Dic-26;13,00;9.59;27,86;-0,99;;10
25/09/26;GRIFOLS;PUT;Dic-26;13,50;9.59;27,76;-1,00;;113
25/09/26;GRIFOLS;PUT;Mar-27;6,25;9.59;38,38;-0,04;;50
25/09/26;GRIFOLS;PUT;Mar-27;6,50;9.59;37,87;-0,06;;17
25/09/26;GRIFOLS;PUT;Mar-27;6,75;9.59;37,36;-0,07;;250
25/09/26;GRIFOLS;PUT;Mar-27;7,00;9.59;36,85;-0,09;;163
25/09/26;GRIFOLS;PUT;Mar-27;7,25;9.59;36,33;-0,11;;76
25/09/26;GRIFOLS;PUT;Mar-27;7,50;9.59;35,82;-0,14;;770
25/09/26;GRIFOLS;PUT;Mar-27;7,75;9.59;35,31;-0,17;;146
25/09/26;GRIFOLS;PUT;Mar-27;8,00;9.59;34,80;-0,20;;127
25/09/26;GRIFOLS;PUT;Mar-27;8,25;9.59;34,29;-0,24;;5
25/09/26;GRIFOLS;PUT;Mar-27;8,50;9.59;33,77;-0,28;;13
25/09/26;GRIFOLS;PUT;Mar-27;8,75;9.59;33,26;-0,32;;3
25/09/26;GRIFOLS;PUT;Mar-27;9,00;9.59;32,75;-0,36;;1.128
25/09/26;GRIFOLS;PUT;Mar-27;9,25;9.59;32,24;-0,41;;2
25/09/26;GRIFOLS;PUT;Mar-27;9,75;9.59;31,42;-0,51;;1
25/09/26;GRIFOLS;PUT;Mar-27;10,00;9.59;31,25;-0,56;;15
25/09/26;GRIFOLS;PUT;Mar-27;10,50;9.59;30,90;-0,65;;14
25/09/26;GRIFOLS;PUT;Mar-27;11,00;9.59;30,55;-0,73;;138
25/09/26;GRIFOLS;PUT;Mar-27;16,00;9.59;27,08;-1,00;;5
25/09/26;GRIFOLS;PUT;Jun-27;6,00;9.59;39,66;-0,06;;20
25/09/26;GRIFOLS;PUT;Jun-27;7,50;9.59;37,00;-0,18;;10
25/09/26;GRIFOLS;PUT;Jun-27;8,00;9.59;36,11;-0,23;;170
25/09/26;GRIFOLS;PUT;Jun-27;8,25;9.59;35,67;-0,26;;1
25/09/26;GRIFOLS;PUT;Jun-27;9,00;9.59;34,34;-0,36;;20
25/09/26;GRIFOLS;PUT;Jun-27;9,50;9.59;33,46;-0,44;;111
25/09/26;GRIFOLS;PUT;Jun-27;10,00;9.59;32,99;-0,51;;858
25/09/26;GRIFOLS;PUT;Jun-27;10,50;9.59;32,63;-0,59;;7
25/09/26;GRIFOLS;PUT;Jun-27;11,00;9.59;32,26;-0,66;;3
25/09/26;GRIFOLS;PUT;Jun-27;11,50;9.59;31,90;-0,73;;7
25/09/26;GRIFOLS;PUT;Jun-27;12,00;9.59;31,53;-0,79;;206
25/09/26;GRIFOLS;PUT;Jun-27;12,50;9.59;31,17;-0,84;;402
25/09/26;GRIFOLS;PUT;Jun-27;13,00;9.59;30,80;-0,88;;195
25/09/26;GRIFOLS;PUT;Jun-27;13,50;9.59;30,44;-0,92;;25
25/09/26;GRIFOLS;PUT;Jun-27;15,50;9.59;28,98;-0,99;;142
25/09/26;GRIFOLS;PUT;Sep-27;13,00;9.59;31,99;-0,82;;8
25/09/26;GRIFOLS;PUT;Dic-27;8,25;9.59;37,41;-0,30;;1
25/09/26;GRIFOLS;PUT;Dic-27;8,50;9.59;37,03;-0,32;;5
25/09/26;GRIFOLS;PUT;Dic-27;8,75;9.59;36,66;-0,35;;3
25/09/26;GRIFOLS;PUT;Dic-27;10,50;9.59;34,83;-0,53;;242
25/09/26;GRIFOLS;PUT;Dic-27;11,00;9.59;34,52;-0,58;;228
25/09/26;GRIFOLS;PUT;Dic-27;11,50;9.59;34,21;-0,63;;30
25/09/26;GRIFOLS;PUT;Mar-28;9,50;9.59;36,14;-0,42;;268
25/09/26;GRIFOLS;PUT;Mar-28;10,00;9.59;35,80;-0,46;;260
25/09/26;GRIFOLS;PUT;Jun-28;6,00;9.59;40,04;-0,13;;26
25/09/26;GRIFOLS;PUT;Jun-28;8,25;9.59;36,99;-0,30;;2
25/09/26;GRIFOLS;PUT;Dic-28;6,50;9.59;37,73;-0,17;;25
25/09/26;GRIFOLS;PUT;Dic-28;7,00;9.59;37,12;-0,21;;1
25/09/26;GRIFOLS;PUT;Dic-28;8,00;9.59;35,91;-0,28;;4
25/09/26;GRIFOLS;PUT;Dic-28;9,75;9.59;33,90;-0,42;;1
25/09/26;GRIFOLS;PUT;Jun-29;8,50;9.59;34,30;-0,32;;2
25/09/26;GRIFOLS;PUT;Dic-29;8,50;9.59;33,43;-0,32;;3
25/09/26;GRIFOLS;PUT;Dic-29;9,75;9.59;32,43;-0,41;;1
25/09/26;GRIFOLS;PUT;Dic-30;10,00;9.59;31,57;-0,42;;15
25/09/26;GRIFOLS;CALL;Dic-26;10,00;9.59;31,86;0,39;;10
25/09/26;GRIFOLS;CALL;Dic-26;11,00;9.59;31,65;0,18;;10
25/09/26;GRIFOLS;CALL;Dic-26;11,50;9.59;31,54;0,11;;65
25/09/26;GRIFOLS;CALL;Dic-26;15,00;9.59;30,81;;;15
25/09/26;GRIFOLS;CALL;Jun-27;11,50;9.59;31,71;0,30;;50
25/09/26;GRIFOLS;CALL;Dic-27;11,50;9.59;32,84;0,35;;30
25/09/26;GRIFOLS;CALL;Jun-28;11,50;9.59;32,63;0,40;;60
25/09/26;GRIFOLS;PUT;Dic-26;9,50;9.59;28,85;-0,48;;10
25/09/26;GRIFOLS;PUT;Jun-27;9,00;9.59;34,34;-0,35;;1
25/09/26;HBX;CALL;Oct-26;8,25;7.25;29,61;0,04;;10
25/09/26;HBX;CALL;Dic-26;8,00;7.25;30,05;0,28;;10
25/09/26;HBX;CALL;Dic-26;8,25;7.25;29,89;0,21;;10
25/09/26;HBX;CALL;Mar-27;7,50;7.25;30,12;0,50;;10
25/09/26;HBX;CALL;Mar-27;7,75;7.25;29,95;0,44;;10
25/09/26;HBX;CALL;Mar-27;8,50;7.25;29,47;0,27;;10
25/09/26;HBX;CALL;Jun-27;6,75;7.25;28,99;0,69;;10
25/09/26;HBX;CALL;Jun-27;8,00;7.25;28,39;0,42;;10
25/09/26;HBX;CALL;Jun-27;8,50;7.25;28,07;0,32;;10
25/09/26;HBX;PUT;Dic-26;7,25;7.25;31,71;-0,46;;10
25/09/26;HBX;PUT;Jun-27;7,50;7.25;30,13;-0,48;;10
25/09/26;IAG;CALL;Oct-26;4,70;5.07;31,11;0,86;;100
25/09/26;IAG;CALL;Oct-26;5,00;5.07;30,34;0,60;;18
25/09/26;IAG;CALL;Oct-26;5,25;5.07;29,81;0,33;;20
25/09/26;IAG;CALL;Oct-26;5,30;5.07;29,71;0,28;;1
25/09/26;IAG;CALL;Nov-26;4,80;5.07;32,17;0,70;;66
25/09/26;IAG;CALL;Nov-26;5,00;5.07;31,64;0,58;;35
25/09/26;IAG;CALL;Nov-26;5,30;5.07;31,02;0,39;;45
25/09/26;IAG;CALL;Nov-26;5,50;5.07;30,64;0,28;;88
25/09/26;IAG;CALL;Dic-26;2,90;5.07;37,74;1,00;;1
25/09/26;IAG;CALL;Dic-26;3,00;5.07;37,49;1,00;;1
25/09/26;IAG;CALL;Dic-26;3,50;5.07;36,28;0,99;;1
25/09/26;IAG;CALL;Dic-26;4,00;5.07;35,06;0,95;;2
25/09/26;IAG;CALL;Dic-26;4,20;5.07;34,57;0,90;;10
25/09/26;IAG;CALL;Dic-26;4,30;5.07;34,33;0,88;;3
25/09/26;IAG;CALL;Dic-26;4,40;5.07;34,09;0,84;;3
25/09/26;IAG;CALL;Dic-26;4,50;5.07;33,84;0,81;;6
25/09/26;IAG;CALL;Dic-26;4,60;5.07;33,60;0,77;;2
25/09/26;IAG;CALL;Dic-26;4,80;5.07;33,11;0,68;;2
25/09/26;IAG;CALL;Dic-26;4,90;5.07;32,87;0,62;;23
25/09/26;IAG;CALL;Dic-26;5,00;5.07;32,63;0,57;;811
25/09/26;IAG;CALL;Dic-26;5,25;5.07;32,10;0,44;;679
25/09/26;IAG;CALL;Dic-26;5,30;5.07;32,00;0,42;;4
25/09/26;IAG;CALL;Dic-26;5,50;5.07;31,61;0,32;2;1.636
25/09/26;IAG;CALL;Dic-26;5,75;5.07;31,11;0,22;;100
25/09/26;IAG;CALL;Dic-26;6,00;5.07;30,62;0,14;;10
25/09/26;IAG;CALL;Dic-26;6,25;5.07;30,13;0,08;;35
25/09/26;IAG;CALL;Mar-27;4,00;5.07;36,89;0,86;;12
25/09/26;IAG;CALL;Mar-27;4,10;5.07;36,71;0,84;;1
25/09/26;IAG;CALL;Mar-27;4,20;5.07;36,53;0,81;;6
25/09/26;IAG;CALL;Mar-27;4,30;5.07;36,35;0,79;;5
25/09/26;IAG;CALL;Mar-27;4,60;5.07;35,82;0,70;;1
25/09/26;IAG;CALL;Mar-27;4,70;5.07;35,64;0,67;;3
25/09/26;IAG;CALL;Mar-27;4,80;5.07;35,47;0,64;;151
25/09/26;IAG;CALL;Mar-27;5,00;5.07;35,11;0,57;;33
25/09/26;IAG;CALL;Mar-27;5,25;5.07;34,61;0,49;;2
25/09/26;IAG;CALL;Mar-27;5,50;5.07;34,08;0,42;;275
25/09/26;IAG;CALL;Mar-27;5,75;5.07;33,55;0,34;;50
25/09/26;IAG;CALL;Mar-27;6,00;5.07;33,03;0,27;;1
25/09/26;IAG;CALL;Mar-27;6,25;5.07;32,50;0,21;;250
25/09/26;IAG;CALL;Mar-27;6,50;5.07;31,98;0,16;;150
25/09/26;IAG;CALL;Jun-27;2,00;5.07;37,68;1,00;;2
25/09/26;IAG;CALL;Jun-27;2,20;5.07;37,39;1,00;;25
25/09/26;IAG;CALL;Jun-27;2,30;5.07;37,25;1,00;;25
25/09/26;IAG;CALL;Jun-27;2,40;5.07;37,10;1,00;;25
25/09/26;IAG;CALL;Jun-27;3,00;5.07;36,23;0,97;;5
25/09/26;IAG;CALL;Jun-27;3,40;5.07;35,65;0,93;;1
25/09/26;IAG;CALL;Jun-27;4,00;5.07;34,79;0,84;;3
25/09/26;IAG;CALL;Jun-27;4,10;5.07;34,64;0,82;;2
25/09/26;IAG;CALL;Jun-27;4,40;5.07;34,21;0,75;;3
25/09/26;IAG;CALL;Jun-27;4,50;5.07;34,06;0,72;;1
25/09/26;IAG;CALL;Jun-27;4,90;5.07;33,48;0,62;;3
25/09/26;IAG;CALL;Jun-27;5,00;5.07;33,34;0,59;;2
25/09/26;IAG;CALL;Jun-27;5,25;5.07;32,96;0,52;;19
25/09/26;IAG;CALL;Jun-27;5,50;5.07;32,59;0,45;;1
25/09/26;IAG;CALL;Jun-27;6,25;5.07;31,45;0,27;;2
25/09/26;IAG;CALL;Jun-27;6,50;5.07;31,07;0,22;;1
25/09/26;IAG;CALL;Sep-27;4,40;5.07;32,95;0,74;;25
25/09/26;IAG;CALL;Sep-27;4,50;5.07;32,83;0,72;;25
25/09/26;IAG;CALL;Sep-27;4,80;5.07;32,45;0,64;;1
25/09/26;IAG;CALL;Sep-27;5,00;5.07;32,20;0,59;;1
25/09/26;IAG;CALL;Sep-27;5,25;5.07;31,88;0,53;;5
25/09/26;IAG;CALL;Dic-27;2,00;5.07;36,99;1,00;;25
25/09/26;IAG;CALL;Dic-27;2,10;5.07;36,87;1,00;;25
25/09/26;IAG;CALL;Dic-27;2,20;5.07;36,74;1,00;;25
25/09/26;IAG;CALL;Dic-27;2,30;5.07;36,62;1,00;;25
25/09/26;IAG;CALL;Dic-27;2,40;5.07;36,49;0,99;;25
25/09/26;IAG;CALL;Dic-27;3,70;5.07;34,87;0,86;;1
25/09/26;IAG;CALL;Dic-27;4,10;5.07;34,37;0,79;;25
25/09/26;IAG;CALL;Dic-27;4,50;5.07;33,87;0,71;;1
25/09/26;IAG;CALL;Dic-27;4,80;5.07;33,49;0,64;;2
25/09/26;IAG;CALL;Dic-27;4,90;5.07;33,37;0,62;;1
25/09/26;IAG;CALL;Dic-27;5,00;5.07;33,24;0,60;;4
25/09/26;IAG;CALL;Dic-27;5,25;5.07;32,98;0,55;;2
25/09/26;IAG;CALL;Dic-27;5,75;5.07;32,49;0,44;;4.000
25/09/26;IAG;CALL;Mar-28;6,00;5.07;32,84;0,42;;2
25/09/26;IAG;CALL;Jun-28;5,00;5.07;35,77;0,62;;1
25/09/26;IAG;PUT;Oct-26;4,20;5.07;33,59;-0,01;;150
25/09/26;IAG;PUT;Oct-26;4,50;5.07;32,82;-0,06;;20
25/09/26;IAG;PUT;Oct-26;4,70;5.07;32,30;-0,15;;9
25/09/26;IAG;PUT;Oct-26;4,80;5.07;32,05;-0,22;;800
25/09/26;IAG;PUT;Oct-26;4,90;5.07;31,79;-0,31;;10
25/09/26;IAG;PUT;Nov-26;4,80;5.07;33,08;-0,31;;1
25/09/26;IAG;PUT;Dic-26;2,60;5.07;37,71;;;4
25/09/26;IAG;PUT;Dic-26;2,80;5.07;37,22;;;20
25/09/26;IAG;PUT;Dic-26;2,90;5.07;36,98;;;20
25/09/26;IAG;PUT;Dic-26;3,30;5.07;36,00;-0,01;;20
25/09/26;IAG;PUT;Dic-26;3,50;5.07;35,52;-0,01;;19
25/09/26;IAG;PUT;Dic-26;3,70;5.07;35,03;-0,03;;4
25/09/26;IAG;PUT;Dic-26;3,80;5.07;34,79;-0,04;;151
25/09/26;IAG;PUT;Dic-26;3,90;5.07;34,54;-0,05;;137
25/09/26;IAG;PUT;Dic-26;4,00;5.07;34,30;-0,07;;847
25/09/26;IAG;PUT;Dic-26;4,10;5.07;34,06;-0,09;;12
25/09/26;IAG;PUT;Dic-26;4,20;5.07;33,81;-0,11;;105
25/09/26;IAG;PUT;Dic-26;4,30;5.07;33,57;-0,14;;7
25/09/26;IAG;PUT;Dic-26;4,40;5.07;33,33;-0,18;;54
25/09/26;IAG;PUT;Dic-26;4,50;5.07;33,08;-0,21;;7
25/09/26;IAG;PUT;Dic-26;4,60;5.07;32,84;-0,25;;7
25/09/26;IAG;PUT;Dic-26;4,70;5.07;32,60;-0,30;;3
25/09/26;IAG;PUT;Dic-26;4,80;5.07;32,35;-0,35;;8
25/09/26;IAG;PUT;Dic-26;4,90;5.07;32,11;-0,40;;6
25/09/26;IAG;PUT;Dic-26;5,00;5.07;31,87;-0,45;;160
25/09/26;IAG;PUT;Dic-26;5,25;5.07;31,34;-0,58;;34
25/09/26;IAG;PUT;Dic-26;5,50;5.07;30,85;-0,70;;16
25/09/26;IAG;PUT;Dic-26;5,75;5.07;30,35;-0,80;;1
25/09/26;IAG;PUT;Dic-26;6,00;5.07;29,86;-0,88;;100
25/09/26;IAG;PUT;Mar-27;3,20;5.07;35,85;-0,02;;40
25/09/26;IAG;PUT;Mar-27;3,50;5.07;35,31;-0,05;;17
25/09/26;IAG;PUT;Mar-27;3,70;5.07;34,96;-0,08;;20
25/09/26;IAG;PUT;Mar-27;4,00;5.07;34,43;-0,13;;4
25/09/26;IAG;PUT;Mar-27;4,10;5.07;34,25;-0,15;;1
25/09/26;IAG;PUT;Mar-27;4,40;5.07;33,72;-0,23;;20
25/09/26;IAG;PUT;Mar-27;4,60;5.07;33,36;-0,30;;25
25/09/26;IAG;PUT;Mar-27;4,70;5.07;33,18;-0,33;;255
25/09/26;IAG;PUT;Mar-27;4,80;5.07;33,01;-0,36;;2
25/09/26;IAG;PUT;Mar-27;5,00;5.07;32,65;-0,43;;13
25/09/26;IAG;PUT;Mar-27;5,25;5.07;32,15;-0,52;;3
25/09/26;IAG;PUT;Mar-27;5,50;5.07;31,62;-0,61;;6
25/09/26;IAG;PUT;Mar-27;5,75;5.07;31,09;-0,69;;1
25/09/26;IAG;PUT;Jun-27;3,50;5.07;34,55;-0,08;;30
25/09/26;IAG;PUT;Jun-27;3,70;5.07;34,26;-0,11;;25
25/09/26;IAG;PUT;Jun-27;4,00;5.07;33,83;-0,16;;3
25/09/26;IAG;PUT;Jun-27;4,10;5.07;33,68;-0,18;;2
25/09/26;IAG;PUT;Jun-27;4,40;5.07;33,25;-0,25;;3
25/09/26;IAG;PUT;Jun-27;4,50;5.07;33,10;-0,28;;1
25/09/26;IAG;PUT;Jun-27;5,00;5.07;32,38;-0,42;;7
25/09/26;IAG;PUT;Jun-27;5,25;5.07;32,00;-0,49;;2
25/09/26;IAG;PUT;Jun-27;5,50;5.07;31,63;-0,57;;3
25/09/26;IAG;PUT;Jun-27;6,00;5.07;30,87;-0,71;;2
25/09/26;IAG;PUT;Sep-27;3,20;5.07;33,98;-0,06;;5
25/09/26;IAG;PUT;Sep-27;4,50;5.07;32,36;-0,29;;2
25/09/26;IAG;PUT;Sep-27;4,80;5.07;31,98;-0,37;;1
25/09/26;IAG;PUT;Sep-27;5,00;5.07;31,73;-0,42;;1
25/09/26;IAG;PUT;Sep-27;5,25;5.07;31,41;-0,48;;3
25/09/26;IAG;PUT;Sep-27;5,50;5.07;31,08;-0,54;;1
25/09/26;IAG;PUT;Dic-27;3,20;5.07;34,92;-0,08;;15.000
25/09/26;IAG;PUT;Dic-27;3,50;5.07;34,55;-0,12;;20
25/09/26;IAG;PUT;Dic-27;4,00;5.07;33,92;-0,20;;26
25/09/26;IAG;PUT;Dic-27;4,60;5.07;33,17;-0,32;;25
25/09/26;IAG;PUT;Dic-27;4,80;5.07;32,92;-0,37;;2
25/09/26;IAG;PUT;Dic-27;4,90;5.07;32,80;-0,39;;4.001
25/09/26;IAG;PUT;Dic-27;5,00;5.07;32,67;-0,41;;4
25/09/26;IAG;PUT;Dic-27;5,25;5.07;32,41;-0,47;;4
25/09/26;IAG;PUT;Dic-27;5,50;5.07;32,16;-0,52;;2
25/09/26;IAG;PUT;Mar-28;3,50;5.07;34,79;-0,13;;25
25/09/26;IAG;PUT;Mar-28;5,00;5.07;33,12;-0,40;;1
25/09/26;IAG;PUT;Jun-28;4,20;5.07;35,07;-0,25;;25
25/09/26;IAG;PUT;Jun-28;4,40;5.07;34,90;-0,29;;25
25/09/26;IAG;CALL;Dic-29;3,40;5.07;41,13;0,74;;2
25/09/26;IBERDROLA;CALL;Oct-26;19,50;20.33;16,25;0,87;11;9
25/09/26;IBERDROLA;CALL;Oct-26;20,00;20.33;15,60;0,69;;2
25/09/26;IBERDROLA;CALL;Oct-26;20,50;20.33;15,15;0,43;;5.008
25/09/26;IBERDROLA;CALL;Oct-26;21,00;20.33;15,10;0,20;;10.001
25/09/26;IBERDROLA;CALL;Oct-26;22,00;20.33;15,01;0,02;;1
25/09/26;IBERDROLA;CALL;Nov-26;18,00;20.33;19,05;0,96;;3
25/09/26;IBERDROLA;CALL;Nov-26;19,00;20.33;17,79;0,85;;1
25/09/26;IBERDROLA;CALL;Nov-26;20,00;20.33;16,53;0,63;;1
25/09/26;IBERDROLA;CALL;Nov-26;21,00;20.33;16,08;0,34;;1
25/09/26;IBERDROLA;CALL;Nov-26;21,50;20.33;16,05;0,21;;1
25/09/26;IBERDROLA;CALL;Nov-26;22,00;20.33;16,03;0,12;;52
25/09/26;IBERDROLA;CALL;Dic-26;6,00;20.33;35,12;1,00;;25
25/09/26;IBERDROLA;CALL;Dic-26;14,50;20.33;24,11;1,00;;2
25/09/26;IBERDROLA;CALL;Dic-26;15,00;20.33;23,46;1,00;;4
25/09/26;IBERDROLA;CALL;Dic-26;16,00;20.33;22,17;0,99;;4
25/09/26;IBERDROLA;CALL;Dic-26;17,00;20.33;20,87;0,97;;6.500
25/09/26;IBERDROLA;CALL;Dic-26;17,50;20.33;20,23;0,95;;2
25/09/26;IBERDROLA;CALL;Dic-26;18,00;20.33;19,58;0,92;;6.001
25/09/26;IBERDROLA;CALL;Dic-26;18,50;20.33;18,93;0,87;;32
25/09/26;IBERDROLA;CALL;Dic-26;19,00;20.33;18,28;0,81;;343
25/09/26;IBERDROLA;CALL;Dic-26;19,50;20.33;17,64;0,73;;26.516
25/09/26;IBERDROLA;CALL;Dic-26;20,00;20.33;16,99;0,62;;7.515
25/09/26;IBERDROLA;CALL;Dic-26;20,50;20.33;16,54;0,50;;41
25/09/26;IBERDROLA;CALL;Dic-26;21,00;20.33;16,48;0,38;;314
25/09/26;IBERDROLA;CALL;Dic-26;21,50;20.33;16,43;0,28;;11
25/09/26;IBERDROLA;CALL;Dic-26;22,00;20.33;16,37;0,19;;142
25/09/26;IBERDROLA;CALL;Dic-26;22,50;20.33;16,31;0,12;;517
25/09/26;IBERDROLA;CALL;Dic-26;23,00;20.33;16,25;0,07;;105
25/09/26;IBERDROLA;CALL;Dic-26;23,50;20.33;16,20;0,04;;6
25/09/26;IBERDROLA;CALL;Dic-26;24,00;20.33;16,14;0,02;;1
25/09/26;IBERDROLA;CALL;Dic-26;25,00;20.33;16,02;;;1
25/09/26;IBERDROLA;CALL;Mar-27;12,00;20.33;26,50;1,00;;5
25/09/26;IBERDROLA;CALL;Mar-27;16,00;20.33;22,18;0,97;;10
25/09/26;IBERDROLA;CALL;Mar-27;16,50;20.33;21,63;0,95;;5
25/09/26;IBERDROLA;CALL;Mar-27;18,00;20.33;20,01;0,86;;4
25/09/26;IBERDROLA;CALL;Mar-27;19,50;20.33;18,39;0,67;;22
25/09/26;IBERDROLA;CALL;Mar-27;20,00;20.33;17,85;0,60;;102
25/09/26;IBERDROLA;CALL;Mar-27;20,50;20.33;17,45;0,51;;8
25/09/26;IBERDROLA;CALL;Mar-27;21,00;20.33;17,31;0,43;3;517
25/09/26;IBERDROLA;CALL;Mar-27;22,00;20.33;17,05;0,27;;20
25/09/26;IBERDROLA;CALL;Mar-27;22,50;20.33;16,92;0,21;;4
25/09/26;IBERDROLA;CALL;Mar-27;23,00;20.33;16,79;0,16;;258
25/09/26;IBERDROLA;CALL;Mar-27;24,00;20.33;16,53;0,08;;10
25/09/26;IBERDROLA;CALL;Mar-27;26,00;20.33;16,00;0,01;;17
25/09/26;IBERDROLA;CALL;Jun-27;17,00;20.33;21,15;0,87;;100
25/09/26;IBERDROLA;CALL;Jun-27;17,50;20.33;20,67;0,84;;100
25/09/26;IBERDROLA;CALL;Jun-27;18,00;20.33;20,20;0,80;;1
25/09/26;IBERDROLA;CALL;Jun-27;18,50;20.33;19,72;0,75;;7
25/09/26;IBERDROLA;CALL;Jun-27;19,00;20.33;19,24;0,70;;5.500
25/09/26;IBERDROLA;CALL;Jun-27;19,50;20.33;18,77;0,65;;7
25/09/26;IBERDROLA;CALL;Jun-27;20,00;20.33;18,29;0,59;;105
25/09/26;IBERDROLA;CALL;Jun-27;20,50;20.33;17,94;0,53;;3
25/09/26;IBERDROLA;CALL;Jun-27;21,00;20.33;17,83;0,46;;1.018
25/09/26;IBERDROLA;CALL;Jun-27;22,00;20.33;17,60;0,34;;16
25/09/26;IBERDROLA;CALL;Jun-27;22,50;20.33;17,48;0,29;;1
25/09/26;IBERDROLA;CALL;Jun-27;23,00;20.33;17,37;0,24;;100
25/09/26;IBERDROLA;CALL;Jun-27;24,00;20.33;17,14;0,16;;2
25/09/26;IBERDROLA;CALL;Jun-27;25,00;20.33;16,91;0,10;;150
25/09/26;IBERDROLA;CALL;Sep-27;10,50;20.33;26,95;1,00;;3
25/09/26;IBERDROLA;CALL;Sep-27;16,50;20.33;21,64;0,89;;10.100
25/09/26;IBERDROLA;CALL;Sep-27;17,00;20.33;21,20;0,86;;100
25/09/26;IBERDROLA;CALL;Sep-27;17,50;20.33;20,76;0,82;;100
25/09/26;IBERDROLA;CALL;Sep-27;19,50;20.33;18,98;0,65;;155
25/09/26;IBERDROLA;CALL;Sep-27;20,50;20.33;18,21;0,53;;1
25/09/26;IBERDROLA;CALL;Sep-27;22,00;20.33;17,87;0,37;;5
25/09/26;IBERDROLA;CALL;Dic-27;10,00;20.33;27,37;1,00;;30
25/09/26;IBERDROLA;CALL;Dic-27;13,00;20.33;24,81;0,99;;50
25/09/26;IBERDROLA;CALL;Dic-27;14,00;20.33;23,96;0,97;;5
25/09/26;IBERDROLA;CALL;Dic-27;15,00;20.33;23,10;0,94;;5
25/09/26;IBERDROLA;CALL;Dic-27;16,00;20.33;22,25;0,89;;26
25/09/26;IBERDROLA;CALL;Dic-27;16,50;20.33;21,83;0,86;;25
25/09/26;IBERDROLA;CALL;Dic-27;17,00;20.33;21,40;0,83;;7.530
25/09/26;IBERDROLA;CALL;Dic-27;17,50;20.33;20,97;0,80;;25
25/09/26;IBERDROLA;CALL;Dic-27;18,00;20.33;20,55;0,76;;10.005
25/09/26;IBERDROLA;CALL;Dic-27;18,50;20.33;20,12;0,72;;251
25/09/26;IBERDROLA;CALL;Dic-27;19,00;20.33;19,69;0,68;;157
25/09/26;IBERDROLA;CALL;Dic-27;19,50;20.33;19,27;0,63;;395
25/09/26;IBERDROLA;CALL;Dic-27;20,00;20.33;18,84;0,58;;13.211
25/09/26;IBERDROLA;CALL;Dic-27;21,00;20.33;18,42;0,48;;7.260
25/09/26;IBERDROLA;CALL;Dic-27;22,00;20.33;18,20;0,39;;5.004
25/09/26;IBERDROLA;CALL;Dic-27;23,00;20.33;17,99;0,30;;6
25/09/26;IBERDROLA;CALL;Dic-27;24,00;20.33;17,78;0,23;;2.757
25/09/26;IBERDROLA;CALL;Dic-27;25,00;20.33;17,56;0,17;;2.002
25/09/26;IBERDROLA;CALL;Mar-28;19,00;20.33;19,63;0,67;;1
25/09/26;IBERDROLA;CALL;Mar-28;20,00;20.33;18,83;0,58;;102
25/09/26;IBERDROLA;CALL;Mar-28;21,00;20.33;18,41;0,49;;6
25/09/26;IBERDROLA;CALL;Mar-28;26,00;20.33;17,26;0,13;;1
25/09/26;IBERDROLA;CALL;Jun-28;10,00;20.33;26,70;1,00;;5
25/09/26;IBERDROLA;CALL;Jun-28;20,00;20.33;18,99;0,58;;1
25/09/26;IBERDROLA;CALL;Jun-28;20,50;20.33;18,71;0,54;;1
25/09/26;IBERDROLA;CALL;Jun-28;22,50;20.33;18,31;0,39;;7
25/09/26;IBERDROLA;CALL;Jun-28;28,00;20.33;17,23;0,10;;15
25/09/26;IBERDROLA;CALL;Sep-28;19,50;20.33;19,57;0,62;25;75
25/09/26;IBERDROLA;CALL;Dic-28;16,00;20.33;21,71;0,85;;5.000
25/09/26;IBERDROLA;CALL;Dic-28;18,00;20.33;20,30;0,73;;500
25/09/26;IBERDROLA;CALL;Dic-28;18,50;20.33;19,95;0,69;;25
25/09/26;IBERDROLA;CALL;Dic-28;19,00;20.33;19,60;0,66;;1
25/09/26;IBERDROLA;CALL;Dic-28;22,00;20.33;18,39;0,44;;1
25/09/26;IBERDROLA;CALL;Dic-28;23,00;20.33;18,22;0,37;;1
25/09/26;IBERDROLA;CALL;Dic-28;24,00;20.33;18,06;0,31;;15
25/09/26;IBERDROLA;CALL;Dic-28;25,00;20.33;17,89;0,26;;10
25/09/26;IBERDROLA;CALL;Dic-29;15,00;20.33;22,33;0,88;;1
25/09/26;IBERDROLA;CALL;Dic-29;18,00;20.33;20,36;0,71;;6.000
25/09/26;IBERDROLA;CALL;Dic-29;19,00;20.33;19,70;0,65;;25
25/09/26;IBERDROLA;CALL;Dic-29;21,50;20.33;18,70;0,50;;1
25/09/26;IBERDROLA;CALL;Dic-29;23,00;20.33;18,52;0,41;;3
25/09/26;IBERDROLA;CALL;Dic-29;25,00;20.33;18,29;0,31;;1
25/09/26;IBERDROLA;CALL;Jun-30;21,00;20.33;19,73;0,54;;1
25/09/26;IBERDROLA;CALL;Dic-30;18,00;20.33;21,90;0,70;;245
25/09/26;IBERDROLA;PUT;Oct-26;19,00;20.33;17,95;-0,05;;5.013
25/09/26;IBERDROLA;PUT;Oct-26;19,50;20.33;17,31;-0,15;;31
25/09/26;IBERDROLA;PUT;Oct-26;20,00;20.33;16,66;-0,32;1;23
25/09/26;IBERDROLA;PUT;Oct-26;20,25;20.33;16,33;-0,44;;2
25/09/26;IBERDROLA;PUT;Oct-26;20,50;20.33;16,21;-0,57;1;1
25/09/26;IBERDROLA;PUT;Oct-26;21,50;20.33;16,11;-0,94;;1
25/09/26;IBERDROLA;PUT;Nov-26;18,00;20.33;18,83;-0,04;;6
25/09/26;IBERDROLA;PUT;Nov-26;19,00;20.33;17,57;-0,14;;19
25/09/26;IBERDROLA;PUT;Nov-26;19,50;20.33;16,94;-0,24;;23
25/09/26;IBERDROLA;PUT;Nov-26;20,00;20.33;16,31;-0,37;;25.010
25/09/26;IBERDROLA;PUT;Dic-26;9,00;20.33;30,85;;;2.000
25/09/26;IBERDROLA;PUT;Dic-26;9,50;20.33;30,20;;;2
25/09/26;IBERDROLA;PUT;Dic-26;9,75;20.33;29,87;;;25
25/09/26;IBERDROLA;PUT;Dic-26;10,50;20.33;28,90;;;502
25/09/26;IBERDROLA;PUT;Dic-26;11,00;20.33;28,26;;;1.348
25/09/26;IBERDROLA;PUT;Dic-26;11,50;20.33;27,61;;;26
25/09/26;IBERDROLA;PUT;Dic-26;12,00;20.33;26,96;;;10.150
25/09/26;IBERDROLA;PUT;Dic-26;13,00;20.33;25,66;;;21
25/09/26;IBERDROLA;PUT;Dic-26;13,50;20.33;25,02;;;10.000
25/09/26;IBERDROLA;PUT;Dic-26;14,00;20.33;24,37;;;15.010
25/09/26;IBERDROLA;PUT;Dic-26;14,50;20.33;23,72;;;10
25/09/26;IBERDROLA;PUT;Dic-26;15,00;20.33;23,07;;;2
25/09/26;IBERDROLA;PUT;Dic-26;15,50;20.33;22,43;;;30
25/09/26;IBERDROLA;PUT;Dic-26;16,00;20.33;21,78;-0,01;;34.287
25/09/26;IBERDROLA;PUT;Dic-26;16,50;20.33;21,13;-0,02;;255
25/09/26;IBERDROLA;PUT;Dic-26;17,00;20.33;20,48;-0,03;;67.047
25/09/26;IBERDROLA;PUT;Dic-26;17,50;20.33;19,84;-0,05;;10.009
25/09/26;IBERDROLA;PUT;Dic-26;18,00;20.33;19,19;-0,08;;83.783
25/09/26;IBERDROLA;PUT;Dic-26;18,50;20.33;18,54;-0,12;;7.410
25/09/26;IBERDROLA;PUT;Dic-26;19,00;20.33;17,89;-0,19;2.000;2.025
25/09/26;IBERDROLA;PUT;Dic-26;19,50;20.33;17,25;-0,27;;16.528
25/09/26;IBERDROLA;PUT;Dic-26;20,00;20.33;16,60;-0,38;;85.022
25/09/26;IBERDROLA;PUT;Dic-26;20,50;20.33;16,15;-0,51;;1
25/09/26;IBERDROLA;PUT;Dic-26;21,00;20.33;16,09;-0,64;;888
25/09/26;IBERDROLA;PUT;Dic-26;21,50;20.33;16,04;-0,75;;11
25/09/26;IBERDROLA;PUT;Dic-26;22,00;20.33;15,98;-0,85;;3
25/09/26;IBERDROLA;PUT;Mar-27;10,50;20.33;27,02;;;1
25/09/26;IBERDROLA;PUT;Mar-27;14,00;20.33;23,23;-0,01;;1
25/09/26;IBERDROLA;PUT;Mar-27;15,00;20.33;22,15;-0,02;;1
25/09/26;IBERDROLA;PUT;Mar-27;16,00;20.33;21,07;-0,04;;21
25/09/26;IBERDROLA;PUT;Mar-27;16,50;20.33;20,52;-0,06;;4
25/09/26;IBERDROLA;PUT;Mar-27;18,00;20.33;18,90;-0,16;;4
25/09/26;IBERDROLA;PUT;Mar-27;18,50;20.33;18,36;-0,22;;3
25/09/26;IBERDROLA;PUT;Mar-27;19,00;20.33;17,82;-0,28;;5.011
25/09/26;IBERDROLA;PUT;Mar-27;19,50;20.33;17,28;-0,35;;306
25/09/26;IBERDROLA;PUT;Mar-27;20,00;20.33;16,74;-0,44;;80
25/09/26;IBERDROLA;PUT;Mar-27;24,00;20.33;15,42;-0,95;;1
25/09/26;IBERDROLA;PUT;Jun-27;15,00;20.33;22,01;-0,04;;13
25/09/26;IBERDROLA;PUT;Jun-27;15,50;20.33;21,53;-0,06;;2
25/09/26;IBERDROLA;PUT;Jun-27;16,00;20.33;21,06;-0,07;;1.020
25/09/26;IBERDROLA;PUT;Jun-27;16,50;20.33;20,58;-0,10;;12
25/09/26;IBERDROLA;PUT;Jun-27;17,00;20.33;20,11;-0,13;;5.521
25/09/26;IBERDROLA;PUT;Jun-27;17,50;20.33;19,63;-0,16;;5
25/09/26;IBERDROLA;PUT;Jun-27;18,00;20.33;19,16;-0,20;;19
25/09/26;IBERDROLA;PUT;Jun-27;18,50;20.33;18,68;-0,25;;5
25/09/26;IBERDROLA;PUT;Jun-27;19,00;20.33;18,20;-0,30;;9
25/09/26;IBERDROLA;PUT;Jun-27;19,50;20.33;17,73;-0,36;;50
25/09/26;IBERDROLA;PUT;Jun-27;20,00;20.33;17,25;-0,43;;14.023
25/09/26;IBERDROLA;PUT;Jun-27;21,00;20.33;16,79;-0,57;;5
25/09/26;IBERDROLA;PUT;Jun-27;23,00;20.33;16,33;-0,82;;2
25/09/26;IBERDROLA;PUT;Sep-27;16,00;20.33;21,03;-0,12;;35.004
25/09/26;IBERDROLA;PUT;Sep-27;16,50;20.33;20,59;-0,14;;200
25/09/26;IBERDROLA;PUT;Sep-27;17,00;20.33;20,15;-0,17;;105
25/09/26;IBERDROLA;PUT;Sep-27;17,50;20.33;19,71;-0,21;;200
25/09/26;IBERDROLA;PUT;Sep-27;18,00;20.33;19,26;-0,25;;5.300
25/09/26;IBERDROLA;PUT;Sep-27;19,00;20.33;18,38;-0,35;;50
25/09/26;IBERDROLA;PUT;Sep-27;19,50;20.33;17,93;-0,40;1.500;3.050
25/09/26;IBERDROLA;PUT;Sep-27;20,00;20.33;17,49;-0,46;;27
25/09/26;IBERDROLA;PUT;Sep-27;20,50;20.33;17,16;-0,52;;50
25/09/26;IBERDROLA;PUT;Dic-27;9,50;20.33;26,19;;;2.000
25/09/26;IBERDROLA;PUT;Dic-27;10,00;20.33;25,77;;;5
25/09/26;IBERDROLA;PUT;Dic-27;11,50;20.33;24,49;-0,01;;1.800
25/09/26;IBERDROLA;PUT;Dic-27;12,00;20.33;24,06;-0,02;;30.000
25/09/26;IBERDROLA;PUT;Dic-27;13,00;20.33;23,21;-0,03;;35.000
25/09/26;IBERDROLA;PUT;Dic-27;14,00;20.33;22,36;-0,05;;10.000
25/09/26;IBERDROLA;PUT;Dic-27;14,50;20.33;21,93;-0,07;;20.002
25/09/26;IBERDROLA;PUT;Dic-27;16,00;20.33;20,65;-0,13;;25.001
25/09/26;IBERDROLA;PUT;Dic-27;16,50;20.33;20,23;-0,15;;2.002
25/09/26;IBERDROLA;PUT;Dic-27;17,00;20.33;19,80;-0,18;;2.750
25/09/26;IBERDROLA;PUT;Dic-27;17,50;20.33;19,37;-0,22;;460
25/09/26;IBERDROLA;PUT;Dic-27;18,00;20.33;18,95;-0,26;;409
25/09/26;IBERDROLA;PUT;Dic-27;18,50;20.33;18,52;-0,30;;175
25/09/26;IBERDROLA;PUT;Dic-27;19,00;20.33;18,09;-0,35;;1.811
25/09/26;IBERDROLA;PUT;Dic-27;19,50;20.33;17,67;-0,40;;25
25/09/26;IBERDROLA;PUT;Dic-27;20,00;20.33;17,24;-0,45;;9.250
25/09/26;IBERDROLA;PUT;Dic-27;21,00;20.33;16,82;-0,56;;1.250
25/09/26;IBERDROLA;PUT;Dic-27;22,00;20.33;16,60;-0,67;;50
25/09/26;IBERDROLA;PUT;Mar-28;18,00;20.33;18,44;-0,27;;200
25/09/26;IBERDROLA;PUT;Jun-28;13,00;20.33;21,91;-0,04;;150
25/09/26;IBERDROLA;PUT;Jun-28;14,00;20.33;21,14;-0,07;;150
25/09/26;IBERDROLA;PUT;Dic-28;15,00;20.33;19,44;-0,12;;5.000
25/09/26;IBERDROLA;PUT;Dic-28;21,50;20.33;15,49;-0,59;;4.000
25/09/26;IBERDROLA;PUT;Dic-28;24,00;20.33;15,08;-0,77;;1
25/09/26;IBERDROLA;PUT;Dic-29;19,00;20.33;16,18;-0,38;;2
25/09/26;IBERDROLA;PUT;Dic-30;14,50;20.33;18,99;-0,16;;5
25/09/26;IBERDROLA;CALL;Oct-26;20,50;20.33;15,15;0,43;;2.041
25/09/26;IBERDROLA;CALL;Oct-26;21,00;20.33;15,10;0,20;;4.082
25/09/26;IBERDROLA;CALL;Nov-26;20,50;20.33;16,10;0,48;;1
25/09/26;IBERDROLA;CALL;Nov-26;21,00;20.33;16,08;0,34;;4
25/09/26;IBERDROLA;CALL;Dic-26;14,00;20.33;24,76;0,99;;150
25/09/26;IBERDROLA;CALL;Dic-26;14,50;20.33;24,11;0,99;;810
25/09/26;IBERDROLA;CALL;Dic-26;18,00;20.33;19,58;0,91;;10
25/09/26;IBERDROLA;CALL;Dic-26;18,50;20.33;18,93;0,87;;200
25/09/26;IBERDROLA;CALL;Dic-26;19,00;20.33;18,28;0,81;;50
25/09/26;IBERDROLA;CALL;Dic-26;20,00;20.33;16,99;0,62;;10
25/09/26;IBERDROLA;CALL;Dic-26;20,50;20.33;16,54;0,50;1;1
25/09/26;IBERDROLA;CALL;Dic-26;21,00;20.33;16,48;0,38;;15
25/09/26;IBERDROLA;CALL;Dic-26;22,00;20.33;16,37;0,19;;17
25/09/26;IBERDROLA;CALL;Mar-27;20,50;20.33;17,45;0,49;;1
25/09/26;IBERDROLA;CALL;Mar-27;21,00;20.33;17,31;0,41;;10
25/09/26;IBERDROLA;CALL;Mar-27;24,00;20.33;16,53;0,08;;10
25/09/26;IBERDROLA;CALL;Jun-27;24,00;20.33;17,14;0,15;;5
25/09/26;IBERDROLA;CALL;Dic-27;12,00;20.33;25,66;0,94;;2.000
25/09/26;IBERDROLA;CALL;Dic-27;17,00;20.33;21,40;0,78;;2
25/09/26;IBERDROLA;CALL;Jun-30;21,00;20.33;19,73;0,47;;1
25/09/26;IBERDROLA;PUT;Oct-26;20,25;20.33;16,33;-0,44;;1
25/09/26;IBERDROLA;PUT;Dic-26;15,00;20.33;23,07;;;600
25/09/26;IBERDROLA;PUT;Dic-26;16,00;20.33;21,78;-0,01;;1
25/09/26;IBERDROLA;PUT;Dic-26;19,00;20.33;17,89;-0,18;;21
25/09/26;IBERDROLA;PUT;Dic-26;19,50;20.33;17,25;-0,27;;4
25/09/26;IBERDROLA;PUT;Dic-26;19,50;20.33;17,25;-0,27;;10
25/09/26;IBERDROLA;PUT;Dic-26;20,00;20.33;16,60;-0,37;;6
25/09/26;IBERDROLA;PUT;Dic-26;21,00;20.33;16,09;-0,62;;10
25/09/26;IBERDROLA;PUT;Dic-26;21,00;20.33;16,09;-0,62;;10
25/09/26;IBERDROLA;PUT;Dic-26;22,00;20.33;15,98;-0,81;;10
25/09/26;IBERDROLA;PUT;Dic-27;12,00;20.33;24,06;-0,02;;2.000
25/09/26;INDITEX;CALL;Oct-26;52,25;53.26;21,20;0,67;;3
25/09/26;INDITEX;CALL;Oct-26;56,11;53.26;19,92;0,15;;1
25/09/26;INDITEX;CALL;Oct-26;61,92;53.26;18,87;;;3
25/09/26;INDITEX;CALL;Oct-26;63,85;53.26;18,52;;;100
25/09/26;INDITEX;CALL;Nov-26;54,17;53.26;21,12;0,43;;1
25/09/26;INDITEX;CALL;Nov-26;56,11;53.26;20,81;0,27;;32
25/09/26;INDITEX;CALL;Nov-26;63,85;53.26;19,60;0,01;;1
25/09/26;INDITEX;CALL;Nov-26;65,78;53.26;19,30;;;100
25/09/26;INDITEX;CALL;Dic-26;35,80;53.26;36,18;1,00;;3
25/09/26;INDITEX;CALL;Dic-26;38,70;53.26;34,24;0,99;;1
25/09/26;INDITEX;CALL;Dic-26;39,67;53.26;33,59;0,98;;50
25/09/26;INDITEX;CALL;Dic-26;40,63;53.26;32,95;0,98;;25
25/09/26;INDITEX;CALL;Dic-26;44,49;53.26;30,36;0,92;;120
25/09/26;INDITEX;CALL;Dic-26;46,44;53.26;29,06;0,86;;26
25/09/26;INDITEX;CALL;Dic-26;47,41;53.26;28,41;0,83;;325
25/09/26;INDITEX;CALL;Dic-26;48,38;53.26;27,76;0,79;;400
25/09/26;INDITEX;CALL;Dic-26;50,00;53.26;26,67;0,71;;2
25/09/26;INDITEX;CALL;Dic-26;50,31;53.26;26,47;0,70;;50
25/09/26;INDITEX;CALL;Dic-26;52,25;53.26;25,17;0,59;;31
25/09/26;INDITEX;CALL;Dic-26;54,17;53.26;24,34;0,47;;57
25/09/26;INDITEX;CALL;Dic-26;56,11;53.26;24,01;0,35;;149
25/09/26;INDITEX;CALL;Dic-26;58,00;53.26;23,69;0,24;;750
25/09/26;INDITEX;CALL;Dic-26;58,05;53.26;23,68;0,24;;660
25/09/26;INDITEX;CALL;Dic-26;59,99;53.26;23,35;0,16;;207
25/09/26;INDITEX;CALL;Dic-26;61,92;53.26;23,03;0,09;;253
25/09/26;INDITEX;CALL;Dic-26;63,85;53.26;22,70;0,05;;212
25/09/26;INDITEX;CALL;Dic-26;65,78;53.26;22,37;0,03;;18
25/09/26;INDITEX;CALL;Dic-26;67,72;53.26;22,05;0,01;;15
25/09/26;INDITEX;CALL;Dic-26;69,66;53.26;21,72;0,01;;10
25/09/26;INDITEX;CALL;Dic-26;71,60;53.26;21,39;;;3
25/09/26;INDITEX;CALL;Mar-27;52,25;53.26;25,49;0,59;;100
25/09/26;INDITEX;CALL;Mar-27;54,17;53.26;24,77;0,51;;3
25/09/26;INDITEX;CALL;Mar-27;58,05;53.26;24,21;0,35;;100
25/09/26;INDITEX;CALL;Mar-27;59,99;53.26;23,93;0,28;;4
25/09/26;INDITEX;CALL;Mar-27;63,85;53.26;23,38;0,16;;410
25/09/26;INDITEX;CALL;Mar-27;65,78;53.26;23,10;0,12;;300
25/09/26;INDITEX;CALL;Mar-27;67,72;53.26;22,82;0,08;;75
25/09/26;INDITEX;CALL;Mar-27;69,66;53.26;22,54;0,05;;25
25/09/26;INDITEX;CALL;Mar-27;71,60;53.26;22,26;0,04;;10
25/09/26;INDITEX;CALL;Mar-27;73,53;53.26;21,98;0,02;;20
25/09/26;INDITEX;CALL;Jun-27;38,70;53.26;33,02;0,91;;150
25/09/26;INDITEX;CALL;Jun-27;45,47;53.26;29,71;0,79;;25
25/09/26;INDITEX;CALL;Jun-27;50,31;53.26;27,35;0,66;;25
25/09/26;INDITEX;CALL;Jun-27;54,17;53.26;25,76;0,53;;1
25/09/26;INDITEX;CALL;Jun-27;58,05;53.26;25,10;0,39;;150
25/09/26;INDITEX;CALL;Jun-27;59,99;53.26;24,77;0,33;;188
25/09/26;INDITEX;CALL;Jun-27;61,92;53.26;24,45;0,27;;100
25/09/26;INDITEX;CALL;Jun-27;69,66;53.26;23,14;0,10;;100
25/09/26;INDITEX;CALL;Jun-27;71,60;53.26;22,81;0,08;;25
25/09/26;INDITEX;CALL;Jun-27;73,53;53.26;22,48;0,06;;50
25/09/26;INDITEX;CALL;Sep-27;54,17;53.26;26,34;0,54;;1
25/09/26;INDITEX;CALL;Sep-27;59,99;53.26;25,47;0,37;;25
25/09/26;INDITEX;CALL;Sep-27;63,85;53.26;24,89;0,28;;25
25/09/26;INDITEX;CALL;Sep-27;69,66;53.26;24,02;0,16;;1
25/09/26;INDITEX;CALL;Sep-27;71,60;53.26;23,73;0,13;;25
25/09/26;INDITEX;CALL;Dic-27;37,73;53.26;32,09;0,89;;25
25/09/26;INDITEX;CALL;Dic-27;38,70;53.26;31,75;0,88;;1
25/09/26;INDITEX;CALL;Dic-27;39,67;53.26;31,41;0,86;;1
25/09/26;INDITEX;CALL;Dic-27;43,54;53.26;30,06;0,79;;50
25/09/26;INDITEX;CALL;Dic-27;45,47;53.26;29,38;0,75;;25
25/09/26;INDITEX;CALL;Dic-27;47,41;53.26;28,70;0,71;;25
25/09/26;INDITEX;CALL;Dic-27;52,25;53.26;27,00;0,60;;25
25/09/26;INDITEX;CALL;Dic-27;54,17;53.26;26,53;0,55;;25
25/09/26;INDITEX;CALL;Dic-27;58,05;53.26;26,02;0,45;;3
25/09/26;INDITEX;CALL;Dic-27;59,99;53.26;25,77;0,40;;25
25/09/26;INDITEX;CALL;Dic-27;61,92;53.26;25,51;0,36;;175
25/09/26;INDITEX;CALL;Dic-27;63,85;53.26;25,26;0,32;;500
25/09/26;INDITEX;CALL;Dic-27;65,78;53.26;25,00;0,27;;10
25/09/26;INDITEX;CALL;Dic-27;71,60;53.26;24,24;0,17;;1
25/09/26;INDITEX;CALL;Mar-28;33,30;53.26;34,15;0,92;1;2
25/09/26;INDITEX;CALL;Mar-28;52,89;53.26;27,28;0,59;;50
25/09/26;INDITEX;CALL;Mar-28;54,86;53.26;26,90;0,55;;75
25/09/26;INDITEX;CALL;Mar-28;56,81;53.26;26,59;0,50;;75
25/09/26;INDITEX;CALL;Mar-28;58,77;53.26;26,29;0,46;;50
25/09/26;INDITEX;CALL;Mar-28;60,73;53.26;25,98;0,42;;25
25/09/26;INDITEX;CALL;Mar-28;64,65;53.26;25,37;0,34;;25
25/09/26;INDITEX;CALL;Mar-28;66,60;53.26;25,06;0,30;;25
25/09/26;INDITEX;CALL;Mar-28;68,56;53.26;24,76;0,26;;25
25/09/26;INDITEX;CALL;Mar-28;70,53;53.26;24,45;0,23;;25
25/09/26;INDITEX;CALL;Mar-28;72,49;53.26;24,14;0,20;;25
25/09/26;INDITEX;CALL;Jun-28;42,12;53.26;31,14;0,80;;25
25/09/26;INDITEX;CALL;Jun-28;43,10;53.26;30,81;0,79;;25
25/09/26;INDITEX;CALL;Jun-28;56,81;53.26;26,80;0,52;;25
25/09/26;INDITEX;CALL;Jun-28;58,77;53.26;26,52;0,48;;50
25/09/26;INDITEX;CALL;Jun-28;66,60;53.26;25,39;0,32;;50
25/09/26;INDITEX;CALL;Jun-28;68,56;53.26;25,11;0,29;;25
25/09/26;INDITEX;CALL;Jun-28;70,53;53.26;24,82;0,26;;25
25/09/26;INDITEX;CALL;Jun-28;72,49;53.26;24,54;0,22;;25
25/09/26;INDITEX;CALL;Sep-28;34,61;53.26;33,43;0,89;;1
25/09/26;INDITEX;CALL;Dic-28;49,44;53.26;28,34;0,67;;2
25/09/26;INDITEX;CALL;Dic-28;67,24;53.26;25,56;0,36;;490
25/09/26;INDITEX;CALL;Dic-29;43,51;53.26;28,45;0,76;;220
25/09/26;INDITEX;PUT;Oct-26;47,41;53.26;24,93;-0,02;;3
25/09/26;INDITEX;PUT;Oct-26;48,38;53.26;24,20;-0,04;;3
25/09/26;INDITEX;PUT;Oct-26;50,00;53.26;22,97;-0,11;1;7
25/09/26;INDITEX;PUT;Oct-26;50,31;53.26;22,73;-0,14;;3
25/09/26;INDITEX;PUT;Oct-26;52,25;53.26;21,26;-0,34;;15
25/09/26;INDITEX;PUT;Oct-26;54,17;53.26;20,33;-0,62;;6
25/09/26;INDITEX;PUT;Oct-26;56,11;53.26;19,98;-0,86;;5
25/09/26;INDITEX;PUT;Nov-26;44,49;53.26;26,76;-0,04;;2
25/09/26;INDITEX;PUT;Nov-26;48,38;53.26;23,86;-0,15;;4
25/09/26;INDITEX;PUT;Nov-26;50,00;53.26;22,66;-0,24;;8
25/09/26;INDITEX;PUT;Nov-26;50,31;53.26;22,43;-0,25;;1
25/09/26;INDITEX;PUT;Nov-26;52,25;53.26;20,98;-0,41;;3
25/09/26;INDITEX;PUT;Nov-26;54,17;53.26;20,09;-0,59;;1
25/09/26;INDITEX;PUT;Dic-26;32,90;53.26;36,47;;;26
25/09/26;INDITEX;PUT;Dic-26;33,87;53.26;35,82;;;21
25/09/26;INDITEX;PUT;Dic-26;34,83;53.26;35,18;;;25
25/09/26;INDITEX;PUT;Dic-26;35,80;53.26;34,53;-0,01;;25
25/09/26;INDITEX;PUT;Dic-26;36,76;53.26;33,89;-0,01;;26
25/09/26;INDITEX;PUT;Dic-26;37,73;53.26;33,24;-0,01;;150
25/09/26;INDITEX;PUT;Dic-26;38,70;53.26;32,59;-0,02;;150
25/09/26;INDITEX;PUT;Dic-26;39,67;53.26;31,94;-0,02;;11
25/09/26;INDITEX;PUT;Dic-26;40,63;53.26;31,30;-0,03;;2
25/09/26;INDITEX;PUT;Dic-26;41,60;53.26;30,65;-0,04;;86
25/09/26;INDITEX;PUT;Dic-26;42,57;53.26;30,00;-0,05;;150
25/09/26;INDITEX;PUT;Dic-26;43,54;53.26;29,35;-0,07;;75
25/09/26;INDITEX;PUT;Dic-26;44,49;53.26;28,71;-0,09;;62
25/09/26;INDITEX;PUT;Dic-26;45,47;53.26;28,06;-0,11;;35
25/09/26;INDITEX;PUT;Dic-26;46,44;53.26;27,41;-0,14;90;345
25/09/26;INDITEX;PUT;Dic-26;47,41;53.26;26,76;-0,17;;2.410
25/09/26;INDITEX;PUT;Dic-26;48,38;53.26;26,11;-0,21;;78
25/09/26;INDITEX;PUT;Dic-26;50,00;53.26;25,02;-0,28;1;298
25/09/26;INDITEX;PUT;Dic-26;50,31;53.26;24,82;-0,30;;170
25/09/26;INDITEX;PUT;Dic-26;52,25;53.26;23,52;-0,42;;35
25/09/26;INDITEX;PUT;Dic-26;54,17;53.26;22,69;-0,55;;127
25/09/26;INDITEX;PUT;Dic-26;56,11;53.26;22,36;-0,68;;210
25/09/26;INDITEX;PUT;Dic-26;59,99;53.26;21,70;-0,88;;176
25/09/26;INDITEX;PUT;Mar-27;33,87;53.26;34,32;-0,02;;50
25/09/26;INDITEX;PUT;Mar-27;34,83;53.26;33,75;-0,03;;50
25/09/26;INDITEX;PUT;Mar-27;35,80;53.26;33,18;-0,03;;75
25/09/26;INDITEX;PUT;Mar-27;36,76;53.26;32,62;-0,04;;75
25/09/26;INDITEX;PUT;Mar-27;37,73;53.26;32,05;-0,05;;25
25/09/26;INDITEX;PUT;Mar-27;38,70;53.26;31,48;-0,05;;25
25/09/26;INDITEX;PUT;Mar-27;39,67;53.26;30,91;-0,07;;52
25/09/26;INDITEX;PUT;Mar-27;40,63;53.26;30,34;-0,08;;88
25/09/26;INDITEX;PUT;Mar-27;41,60;53.26;29,77;-0,09;;10
25/09/26;INDITEX;PUT;Mar-27;42,57;53.26;29,20;-0,11;;1
25/09/26;INDITEX;PUT;Mar-27;44,49;53.26;28,07;-0,15;;18
25/09/26;INDITEX;PUT;Mar-27;45,47;53.26;27,49;-0,17;;13
25/09/26;INDITEX;PUT;Mar-27;47,41;53.26;26,35;-0,23;;1
25/09/26;INDITEX;PUT;Mar-27;50,00;53.26;24,83;-0,32;;3.012
25/09/26;INDITEX;PUT;Mar-27;50,31;53.26;24,65;-0,33;;402
25/09/26;INDITEX;PUT;Mar-27;52,25;53.26;23,50;-0,41;;200
25/09/26;INDITEX;PUT;Mar-27;54,17;53.26;22,78;-0,51;;5
25/09/26;INDITEX;PUT;Jun-27;26,12;53.26;36,63;-0,01;;1
25/09/26;INDITEX;PUT;Jun-27;30,96;53.26;34,27;-0,02;;150
25/09/26;INDITEX;PUT;Jun-27;33,87;53.26;32,85;-0,04;;200
25/09/26;INDITEX;PUT;Jun-27;34,83;53.26;32,38;-0,05;;180
25/09/26;INDITEX;PUT;Jun-27;36,76;53.26;31,43;-0,07;;25
25/09/26;INDITEX;PUT;Jun-27;38,70;53.26;30,49;-0,09;;150
25/09/26;INDITEX;PUT;Jun-27;39,67;53.26;30,01;-0,10;;101
25/09/26;INDITEX;PUT;Jun-27;41,60;53.26;29,07;-0,14;;176
25/09/26;INDITEX;PUT;Jun-27;42,57;53.26;28,60;-0,15;;150
25/09/26;INDITEX;PUT;Jun-27;43,54;53.26;28,13;-0,17;;150
25/09/26;INDITEX;PUT;Jun-27;44,49;53.26;27,66;-0,20;;50
25/09/26;INDITEX;PUT;Jun-27;46,44;53.26;26,71;-0,24;;25
25/09/26;INDITEX;PUT;Jun-27;47,41;53.26;26,24;-0,27;;153
25/09/26;INDITEX;PUT;Jun-27;48,38;53.26;25,76;-0,30;;150
25/09/26;INDITEX;PUT;Jun-27;50,00;53.26;24,97;-0,35;;10
25/09/26;INDITEX;PUT;Jun-27;50,31;53.26;24,82;-0,36;;3
25/09/26;INDITEX;PUT;Jun-27;52,25;53.26;23,87;-0,43;;150
25/09/26;INDITEX;PUT;Jun-27;56,11;53.26;22,90;-0,58;;25
25/09/26;INDITEX;PUT;Jun-27;65,78;53.26;21,26;-0,87;;1
25/09/26;INDITEX;PUT;Sep-27;43,54;53.26;27,89;-0,19;;25
25/09/26;INDITEX;PUT;Sep-27;44,49;53.26;27,51;-0,21;;25
25/09/26;INDITEX;PUT;Sep-27;45,47;53.26;27,11;-0,23;;25
25/09/26;INDITEX;PUT;Sep-27;46,44;53.26;26,71;-0,26;;26
25/09/26;INDITEX;PUT;Sep-27;50,00;53.26;25,27;-0,35;;10
25/09/26;INDITEX;PUT;Sep-27;73,53;53.26;20,90;-0,97;;1
25/09/26;INDITEX;PUT;Dic-27;21,29;53.26;35,45;;;2
25/09/26;INDITEX;PUT;Dic-27;33,87;53.26;31,05;-0,07;;100
25/09/26;INDITEX;PUT;Dic-27;36,76;53.26;30,03;-0,10;;25
25/09/26;INDITEX;PUT;Dic-27;37,73;53.26;29,69;-0,11;;25
25/09/26;INDITEX;PUT;Dic-27;39,67;53.26;29,01;-0,14;;1
25/09/26;INDITEX;PUT;Dic-27;43,54;53.26;27,66;-0,20;;10
25/09/26;INDITEX;PUT;Dic-27;45,47;53.26;26,98;-0,24;;1.100
25/09/26;INDITEX;PUT;Dic-27;46,44;53.26;26,64;-0,27;;150
25/09/26;INDITEX;PUT;Dic-27;47,41;53.26;26,30;-0,29;;325
25/09/26;INDITEX;PUT;Dic-27;48,38;53.26;25,96;-0,31;;175
25/09/26;INDITEX;PUT;Dic-27;50,31;53.26;25,28;-0,36;;352
25/09/26;INDITEX;PUT;Dic-27;52,25;53.26;24,60;-0,42;;375
25/09/26;INDITEX;PUT;Dic-27;54,17;53.26;24,13;-0,47;;450
25/09/26;INDITEX;PUT;Dic-27;56,11;53.26;23,88;-0,53;;500
25/09/26;INDITEX;PUT;Dic-27;58,05;53.26;23,62;-0,59;;50
25/09/26;INDITEX;PUT;Dic-27;59,99;53.26;23,37;-0,64;;25
25/09/26;INDITEX;PUT;Mar-28;47,02;53.26;26,36;-0,28;;1
25/09/26;INDITEX;PUT;Jun-28;43,10;53.26;27,45;-0,22;;25
25/09/26;INDITEX;PUT;Jun-28;44,08;53.26;27,11;-0,23;;25
25/09/26;INDITEX;PUT;Jun-28;45,06;53.26;26,77;-0,25;;25
25/09/26;INDITEX;PUT;Jun-28;47,99;53.26;25,76;-0,31;;25
25/09/26;INDITEX;PUT;Dic-28;51,42;53.26;24,56;-0,38;;25
25/09/26;INDITEX;PUT;Dic-29;43,51;53.26;26,24;-0,24;;220
25/09/26;INDITEX;CALL;Oct-26;61,30;53.26;18,98;;;5.945
25/09/26;INDITEX;CALL;Oct-26;63,85;53.26;18,52;;;1
25/09/26;INDITEX;CALL;Nov-26;63,85;53.26;19,60;0,01;;4
25/09/26;INDITEX;CALL;Dic-26;54,17;53.26;24,34;0,46;;2
25/09/26;INDITEX;CALL;Dic-26;56,11;53.26;24,01;0,34;15;15
25/09/26;INDITEX;CALL;Dic-26;58,05;53.26;23,68;0,24;7;8
25/09/26;INDITEX;PUT;Oct-26;51,42;53.26;21,89;-0,24;;5
25/09/26;INDITEX;PUT;Oct-26;52,25;53.26;21,26;-0,33;;2
25/09/26;INDITEX;PUT;Oct-26;54,17;53.26;20,33;-0,61;;3
25/09/26;INDITEX;PUT;Oct-26;56,11;53.26;19,98;-0,85;;1
25/09/26;INDITEX;PUT;Nov-26;52,25;53.26;20,98;-0,40;;1
25/09/26;INDITEX;PUT;Dic-26;42,57;53.26;30,00;-0,05;;140
25/09/26;INDITEX;PUT;Dic-26;46,44;53.26;27,41;-0,13;;1
25/09/26;INDITEX;PUT;Dic-26;54,17;53.26;22,69;-0,54;;23
25/09/26;INDITEX;PUT;Mar-27;42,57;53.26;29,20;-0,11;;1
25/09/26;INDITEX;PUT;Jun-27;54,17;53.26;23,23;-0,49;;12
25/09/26;INDITEX;PUT;Dic-27;59,99;53.26;23,37;-0,59;;10
25/09/26;INDRA;CALL;Oct-26;60,00;61.72;41,58;0,64;;129
25/09/26;INDRA;CALL;Oct-26;62,00;61.72;40,77;0,51;;22
25/09/26;INDRA;CALL;Oct-26;64,00;61.72;40,31;0,38;;4
25/09/26;INDRA;CALL;Oct-26;66,00;61.72;39,86;0,26;;16
25/09/26;INDRA;CALL;Oct-26;68,00;61.72;39,41;0,17;;12
25/09/26;INDRA;CALL;Oct-26;70,00;61.72;38,95;0,10;;12
25/09/26;INDRA;CALL;Oct-26;72,00;61.72;38,50;0,05;;8
25/09/26;INDRA;CALL;Oct-26;74,00;61.72;38,04;0,03;;8
25/09/26;INDRA;CALL;Oct-26;86,00;61.72;35,32;;;4
25/09/26;INDRA;CALL;Nov-26;60,00;61.72;42,82;0,61;;1
25/09/26;INDRA;CALL;Nov-26;70,00;61.72;40,72;0,25;5;5
25/09/26;INDRA;CALL;Nov-26;78,00;61.72;39,38;0,08;;2
25/09/26;INDRA;CALL;Nov-26;80,00;61.72;39,05;0,05;;5
25/09/26;INDRA;CALL;Dic-26;30,00;61.72;53,51;1,00;;25
25/09/26;INDRA;CALL;Dic-26;31,00;61.72;53,14;1,00;;25
25/09/26;INDRA;CALL;Dic-26;32,00;61.72;52,77;1,00;;25
25/09/26;INDRA;CALL;Dic-26;35,00;61.72;51,67;0,99;;25
25/09/26;INDRA;CALL;Dic-26;45,00;61.72;48,00;0,93;;21
25/09/26;INDRA;CALL;Dic-26;47,00;61.72;47,27;0,91;;4
25/09/26;INDRA;CALL;Dic-26;48,00;61.72;46,90;0,90;;5
25/09/26;INDRA;CALL;Dic-26;50,00;61.72;46,16;0,86;;5
25/09/26;INDRA;CALL;Dic-26;52,00;61.72;45,43;0,82;;3
25/09/26;INDRA;CALL;Dic-26;54,00;61.72;44,70;0,77;;130
25/09/26;INDRA;CALL;Dic-26;56,00;61.72;43,96;0,72;;50
25/09/26;INDRA;CALL;Dic-26;58,00;61.72;43,23;0,67;;82
25/09/26;INDRA;CALL;Dic-26;60,00;61.72;42,49;0,61;;196
25/09/26;INDRA;CALL;Dic-26;62,00;61.72;41,85;0,54;;4
25/09/26;INDRA;CALL;Dic-26;64,00;61.72;41,80;0,48;;14
25/09/26;INDRA;CALL;Dic-26;66,00;61.72;41,74;0,42;;87
25/09/26;INDRA;CALL;Dic-26;68,00;61.72;41,69;0,36;;12
25/09/26;INDRA;CALL;Dic-26;70,00;61.72;41,64;0,31;;20
25/09/26;INDRA;CALL;Dic-26;72,00;61.72;41,58;0,26;;1
25/09/26;INDRA;CALL;Dic-26;74,00;61.72;41,53;0,22;;15
25/09/26;INDRA;CALL;Mar-27;38,00;61.72;50,23;0,95;;28
25/09/26;INDRA;CALL;Mar-27;49,00;61.72;46,13;0,82;;1
25/09/26;INDRA;CALL;Mar-27;60,00;61.72;42,03;0,61;;1
25/09/26;INDRA;CALL;Mar-27;62,00;61.72;41,31;0,57;;26
25/09/26;INDRA;CALL;Mar-27;64,00;61.72;40,77;0,52;;2
25/09/26;INDRA;CALL;Mar-27;70,00;61.72;39,15;0,39;;11
25/09/26;INDRA;CALL;Jun-27;41,00;61.72;47,22;0,90;;6
25/09/26;INDRA;CALL;Jun-27;50,00;61.72;44,55;0,79;;1
25/09/26;INDRA;CALL;Jun-27;60,00;61.72;41,58;0,62;;3
25/09/26;INDRA;CALL;Jun-27;66,00;61.72;40,52;0,52;;1
25/09/26;INDRA;CALL;Jun-27;70,00;61.72;40,00;0,45;;11
25/09/26;INDRA;CALL;Sep-27;20,00;61.72;52,91;0,99;;1
25/09/26;INDRA;CALL;Sep-27;33,00;61.72;49,33;0,94;;2
25/09/26;INDRA;CALL;Sep-27;36,00;61.72;48,50;0,92;;1
25/09/26;INDRA;CALL;Sep-27;58,00;61.72;42,44;0,66;;1
25/09/26;INDRA;CALL;Dic-27;38,00;61.72;47,88;0,89;;1
25/09/26;INDRA;CALL;Sep-28;52,00;61.72;39,31;0,75;;25
25/09/26;INDRA;CALL;Dic-28;62,00;61.72;36,73;0,65;;25
25/09/26;INDRA;PUT;Oct-26;38,00;61.72;49,82;;;5
25/09/26;INDRA;PUT;Oct-26;44,00;61.72;47,19;;;1
25/09/26;INDRA;PUT;Oct-26;46,00;61.72;46,32;;;2
25/09/26;INDRA;PUT;Oct-26;47,00;61.72;45,88;-0,01;;1
25/09/26;INDRA;PUT;Oct-26;48,00;61.72;45,44;-0,01;;3
25/09/26;INDRA;PUT;Oct-26;50,00;61.72;44,57;-0,02;;4
25/09/26;INDRA;PUT;Oct-26;52,00;61.72;43,69;-0,04;;1
25/09/26;INDRA;PUT;Oct-26;54,00;61.72;42,82;-0,09;;12
25/09/26;INDRA;PUT;Oct-26;56,00;61.72;41,94;-0,15;;11
25/09/26;INDRA;PUT;Oct-26;58,00;61.72;41,07;-0,25;;49
25/09/26;INDRA;PUT;Oct-26;60,00;61.72;40,19;-0,36;;26
25/09/26;INDRA;PUT;Oct-26;62,00;61.72;39,38;-0,50;;16
25/09/26;INDRA;PUT;Oct-26;64,00;61.72;38,92;-0,63;;3
25/09/26;INDRA;PUT;Oct-26;72,00;61.72;37,11;-0,96;;3
25/09/26;INDRA;PUT;Nov-26;42,00;61.72;49,87;-0,02;;5
25/09/26;INDRA;PUT;Nov-26;47,00;61.72;47,82;-0,06;;1
25/09/26;INDRA;PUT;Nov-26;50,00;61.72;46,59;-0,10;;5
25/09/26;INDRA;PUT;Nov-26;52,00;61.72;45,77;-0,14;;2
25/09/26;INDRA;PUT;Nov-26;58,00;61.72;43,31;-0,32;;3
25/09/26;INDRA;PUT;Dic-26;28,00;61.72;53,96;;;1
25/09/26;INDRA;PUT;Dic-26;30,00;61.72;53,23;;;5
25/09/26;INDRA;PUT;Dic-26;31,00;61.72;52,86;;;1
25/09/26;INDRA;PUT;Dic-26;32,00;61.72;52,49;;;10
25/09/26;INDRA;PUT;Dic-26;35,00;61.72;51,39;-0,01;;1
25/09/26;INDRA;PUT;Dic-26;37,00;61.72;50,66;-0,01;;6
25/09/26;INDRA;PUT;Dic-26;38,00;61.72;50,29;-0,02;;1
25/09/26;INDRA;PUT;Dic-26;40,00;61.72;49,56;-0,02;;11
25/09/26;INDRA;PUT;Dic-26;42,00;61.72;48,82;-0,04;;10
25/09/26;INDRA;PUT;Dic-26;44,00;61.72;48,09;-0,05;;4
25/09/26;INDRA;PUT;Dic-26;45,00;61.72;47,72;-0,06;;2
25/09/26;INDRA;PUT;Dic-26;46,00;61.72;47,35;-0,08;;7
25/09/26;INDRA;PUT;Dic-26;47,00;61.72;46,99;-0,09;;9
25/09/26;INDRA;PUT;Dic-26;48,00;61.72;46,62;-0,10;;22
25/09/26;INDRA;PUT;Dic-26;50,00;61.72;45,88;-0,14;;50
25/09/26;INDRA;PUT;Dic-26;52,00;61.72;45,15;-0,18;;78
25/09/26;INDRA;PUT;Dic-26;54,00;61.72;44,42;-0,23;;126
25/09/26;INDRA;PUT;Dic-26;58,00;61.72;42,95;-0,33;;25
25/09/26;INDRA;PUT;Dic-26;60,00;61.72;42,21;-0,40;;50
25/09/26;INDRA;PUT;Dic-26;62,00;61.72;41,57;-0,46;;35
25/09/26;INDRA;PUT;Dic-26;70,00;61.72;41,36;-0,70;;1
25/09/26;INDRA;PUT;Mar-27;37,00;61.72;50,39;-0,05;;2
25/09/26;INDRA;PUT;Mar-27;39,00;61.72;49,65;-0,06;;1
25/09/26;INDRA;PUT;Mar-27;42,00;61.72;48,53;-0,09;;2
25/09/26;INDRA;PUT;Mar-27;43,00;61.72;48,16;-0,10;;1
25/09/26;INDRA;PUT;Mar-27;45,00;61.72;47,41;-0,12;;1
25/09/26;INDRA;PUT;Mar-27;49,00;61.72;45,92;-0,18;;10
25/09/26;INDRA;PUT;Mar-27;50,00;61.72;45,55;-0,20;;10
25/09/26;INDRA;PUT;Mar-27;52,00;61.72;44,80;-0,23;;1
25/09/26;INDRA;PUT;Mar-27;54,00;61.72;44,06;-0,27;;1
25/09/26;INDRA;PUT;Mar-27;60,00;61.72;41,82;-0,39;;3
25/09/26;INDRA;PUT;Jun-27;32,00;61.72;49,86;-0,04;;1
25/09/26;INDRA;PUT;Jun-27;50,00;61.72;44,51;-0,22;;1
25/09/26;INDRA;PUT;Jun-27;52,00;61.72;43,92;-0,25;;1
25/09/26;INDRA;PUT;Jun-27;58,00;61.72;42,13;-0,35;;12
25/09/26;INDRA;PUT;Jun-27;60,00;61.72;41,54;-0,38;;4
25/09/26;INDRA;PUT;Jun-27;62,00;61.72;40,99;-0,42;;3
25/09/26;INDRA;PUT;Sep-27;31,00;61.72;49,75;-0,05;;1
25/09/26;INDRA;PUT;Sep-27;33,00;61.72;49,20;-0,06;;1
25/09/26;INDRA;PUT;Sep-27;34,00;61.72;48,93;-0,06;;1
25/09/26;INDRA;PUT;Sep-27;36,00;61.72;48,37;-0,08;;1
25/09/26;INDRA;PUT;Sep-27;40,00;61.72;47,27;-0,11;;1
25/09/26;INDRA;PUT;Sep-27;45,00;61.72;45,90;-0,17;;15
25/09/26;INDRA;PUT;Sep-27;56,00;61.72;42,87;-0,31;;1
25/09/26;INDRA;PUT;Dic-27;11,00;61.72;55,60;;;25
25/09/26;INDRA;PUT;Dic-27;38,00;61.72;47,58;-0,11;;1
25/09/26;INDRA;PUT;Dic-27;44,00;61.72;45,79;-0,17;;500
25/09/26;INDRA;PUT;Sep-28;47,00;61.72;39,85;-0,20;;25
25/09/26;INDRA;CALL;Dic-26;41,00;61.72;49,47;0,96;;5
25/09/26;INDRA;CALL;Dic-26;48,00;61.72;46,90;0,89;;5
25/09/26;INDRA;CALL;Dic-26;60,00;61.72;42,49;0,60;;100
25/09/26;INDRA;CALL;Dic-26;64,00;61.72;41,80;0,48;;5
25/09/26;INDRA;CALL;Dic-26;70,00;61.72;41,64;0,31;;5
25/09/26;INDRA;PUT;Dic-26;50,00;61.72;45,88;-0,14;;5
25/09/26;LABORAT. ROVI;CALL;Oct-26;58,00;59.15;23,29;0,66;;10
25/09/26;LABORAT. ROVI;CALL;Oct-26;60,00;59.15;22,72;0,42;;1
25/09/26;LABORAT. ROVI;CALL;Oct-26;62,00;59.15;22,59;0,21;;2
25/09/26;LABORAT. ROVI;CALL;Nov-26;60,00;59.15;26,27;0,48;;5
25/09/26;LABORAT. ROVI;CALL;Nov-26;62,00;59.15;26,16;0,36;;1
25/09/26;LABORAT. ROVI;CALL;Nov-26;64,00;59.15;26,05;0,25;;1
25/09/26;LABORAT. ROVI;CALL;Dic-26;60,00;59.15;26,19;0,50;;4
25/09/26;LABORAT. ROVI;CALL;Dic-26;62,00;59.15;26,04;0,40;;15
25/09/26;LABORAT. ROVI;CALL;Dic-26;66,00;59.15;25,72;0,22;;751
25/09/26;LABORAT. ROVI;CALL;Dic-26;70,00;59.15;25,40;0,10;;9
25/09/26;LABORAT. ROVI;CALL;Dic-26;80,00;59.15;24,62;0,01;;15
25/09/26;LABORAT. ROVI;CALL;Dic-26;82,00;59.15;24,46;;;15
25/09/26;LABORAT. ROVI;CALL;Dic-26;84,00;59.15;24,30;;;15
25/09/26;LABORAT. ROVI;CALL;Dic-26;86,00;59.15;24,14;;;15
25/09/26;LABORAT. ROVI;CALL;Dic-26;88,00;59.15;23,98;;;14
25/09/26;LABORAT. ROVI;CALL;Dic-26;90,00;59.15;23,83;;;14
25/09/26;LABORAT. ROVI;CALL;Dic-26;92,00;59.15;23,67;;;5
25/09/26;LABORAT. ROVI;CALL;Dic-26;96,00;59.15;23,35;;;5
25/09/26;LABORAT. ROVI;CALL;Dic-26;100,00;59.15;23,04;;;5
25/09/26;LABORAT. ROVI;CALL;Mar-27;70,00;59.15;25,89;0,22;;2
25/09/26;LABORAT. ROVI;CALL;Mar-27;88,00;59.15;23,66;0,01;;10
25/09/26;LABORAT. ROVI;CALL;Jun-27;56,00;59.15;28,48;0,67;;18
25/09/26;LABORAT. ROVI;CALL;Jun-27;60,00;59.15;27,54;0,56;;1
25/09/26;LABORAT. ROVI;CALL;Jun-27;80,00;59.15;25,07;0,11;;16
25/09/26;LABORAT. ROVI;PUT;Oct-26;54,00;59.15;25,88;-0,06;;5
25/09/26;LABORAT. ROVI;PUT;Oct-26;58,00;59.15;24,05;-0,35;;20
25/09/26;LABORAT. ROVI;PUT;Nov-26;52,00;59.15;29,95;-0,12;;1
25/09/26;LABORAT. ROVI;PUT;Nov-26;56,00;59.15;28,11;-0,28;;10
25/09/26;LABORAT. ROVI;PUT;Dic-26;40,00;59.15;34,60;-0,01;;1
25/09/26;LABORAT. ROVI;PUT;Dic-26;50,00;59.15;30,43;-0,10;;2
25/09/26;LABORAT. ROVI;PUT;Dic-26;52,00;59.15;29,59;-0,16;;1
25/09/26;LABORAT. ROVI;PUT;Dic-26;54,00;59.15;28,76;-0,22;;7
25/09/26;LABORAT. ROVI;PUT;Dic-26;56,00;59.15;27,92;-0,31;1;6
25/09/26;LABORAT. ROVI;PUT;Dic-26;58,00;59.15;27,09;-0,40;;7
25/09/26;LABORAT. ROVI;PUT;Dic-26;60,00;59.15;26,54;-0,51;1;55
25/09/26;LABORAT. ROVI;PUT;Dic-26;62,00;59.15;26,39;-0,61;;1.500
25/09/26;LABORAT. ROVI;PUT;Dic-26;66,00;59.15;26,07;-0,79;;10
25/09/26;LABORAT. ROVI;PUT;Dic-26;68,00;59.15;25,91;-0,87;;65
25/09/26;LABORAT. ROVI;PUT;Mar-27;50,00;59.15;30,00;-0,17;;2
25/09/26;LABORAT. ROVI;PUT;Mar-27;54,00;59.15;28,74;-0,27;;5
25/09/26;LABORAT. ROVI;PUT;Mar-27;56,00;59.15;28,10;-0,33;;6
25/09/26;LABORAT. ROVI;PUT;Mar-27;58,00;59.15;27,47;-0,40;;7
25/09/26;LABORAT. ROVI;PUT;Mar-27;60,00;59.15;27,00;-0,48;;8
25/09/26;LABORAT. ROVI;PUT;Mar-27;62,00;59.15;26,76;-0,55;;2
25/09/26;LABORAT. ROVI;PUT;Jun-27;43,00;59.15;31,98;-0,08;;10
25/09/26;LABORAT. ROVI;PUT;Jun-27;44,00;59.15;31,71;-0,10;;20
25/09/26;LABORAT. ROVI;PUT;Jun-27;45,00;59.15;31,45;-0,11;;5
25/09/26;LABORAT. ROVI;PUT;Jun-27;54,00;59.15;29,06;-0,29;;1
25/09/26;LABORAT. ROVI;PUT;Jun-27;58,00;59.15;28,00;-0,40;;1
25/09/26;LABORAT. ROVI;PUT;Jun-27;60,00;59.15;27,59;-0,46;;14
25/09/26;LABORAT. ROVI;PUT;Jun-27;70,00;59.15;26,35;-0,74;;1
25/09/26;LABORAT. ROVI;PUT;Mar-27;50,00;59.15;30,00;-0,16;;3
25/09/26;MAPFRE;CALL;Oct-26;4,50;4.34;18,14;0,23;;1
25/09/26;MAPFRE;CALL;Oct-26;4,60;4.34;18,05;0,10;;10
25/09/26;MAPFRE;CALL;Nov-26;4,40;4.34;19,58;0,47;;3
25/09/26;MAPFRE;CALL;Nov-26;4,50;4.34;19,50;0,36;;1
25/09/26;MAPFRE;CALL;Nov-26;4,60;4.34;19,41;0,25;;20
25/09/26;MAPFRE;CALL;Dic-26;3,90;4.34;20,17;0,91;;5
25/09/26;MAPFRE;CALL;Dic-26;4,10;4.34;20,09;0,77;;35
25/09/26;MAPFRE;CALL;Dic-26;4,40;4.34;19,95;0,47;;10
25/09/26;MAPFRE;CALL;Dic-26;4,50;4.34;19,87;0,37;;13
25/09/26;MAPFRE;CALL;Mar-27;4,00;4.34;20,96;0,75;;1
25/09/26;MAPFRE;CALL;Mar-27;4,30;4.34;20,85;0,55;;1
25/09/26;MAPFRE;CALL;Mar-27;4,90;4.34;20,45;0,21;;30
25/09/26;MAPFRE;CALL;Jun-27;4,20;4.34;22,00;0,61;;7
25/09/26;MAPFRE;CALL;Jun-27;4,30;4.34;21,96;0,56;;8
25/09/26;MAPFRE;CALL;Jun-27;4,50;4.34;21,84;0,46;;2
25/09/26;MAPFRE;CALL;Jun-27;4,60;4.34;21,78;0,41;;1
25/09/26;MAPFRE;CALL;Jun-27;5,00;4.34;21,54;0,24;;1
25/09/26;MAPFRE;CALL;Dic-27;5,00;4.34;24,03;0,32;;5
25/09/26;MAPFRE;PUT;Oct-26;4,30;4.34;21,02;-0,40;;14
25/09/26;MAPFRE;PUT;Nov-26;4,50;4.34;21,65;-0,64;;1
25/09/26;MAPFRE;PUT;Dic-26;3,20;4.34;21,46;;;2
25/09/26;MAPFRE;PUT;Dic-26;3,60;4.34;21,31;-0,04;;3
25/09/26;MAPFRE;PUT;Dic-26;3,70;4.34;21,27;-0,07;;116
25/09/26;MAPFRE;PUT;Dic-26;3,80;4.34;21,23;-0,11;;20
25/09/26;MAPFRE;PUT;Dic-26;4,00;4.34;21,15;-0,23;;5
25/09/26;MAPFRE;PUT;Dic-26;4,10;4.34;21,11;-0,31;;2
25/09/26;MAPFRE;PUT;Dic-26;4,20;4.34;21,08;-0,40;;50
25/09/26;MAPFRE;PUT;Dic-26;4,30;4.34;21,04;-0,49;;11
25/09/26;MAPFRE;PUT;Dic-26;4,50;4.34;20,89;-0,67;;20
25/09/26;MAPFRE;PUT;Mar-27;3,50;4.34;20,44;-0,06;;4
25/09/26;MAPFRE;PUT;Mar-27;3,60;4.34;20,41;-0,09;;1
25/09/26;MAPFRE;PUT;Mar-27;3,70;4.34;20,37;-0,12;;5
25/09/26;MAPFRE;PUT;Mar-27;4,00;4.34;20,25;-0,28;;3.000
25/09/26;MAPFRE;PUT;Mar-27;4,40;4.34;20,08;-0,54;;1
25/09/26;MAPFRE;PUT;Dic-27;3,60;4.34;22,23;-0,22;;10
25/09/26;MELIA HOTELS;CALL;Dic-26;10,00;9.99;29,48;0,54;;20
25/09/26;MELIA HOTELS;CALL;Dic-26;11,00;9.99;28,58;0,28;;15
25/09/26;MELIA HOTELS;CALL;Dic-26;11,50;9.99;28,13;0,18;;3
25/09/26;MELIA HOTELS;CALL;Dic-26;13,00;9.99;26,78;0,03;;35
25/09/26;MELIA HOTELS;CALL;Mar-27;7,75;9.99;32,58;0,90;;8
25/09/26;MELIA HOTELS;CALL;Mar-27;8,75;9.99;31,18;0,78;;5
25/09/26;MELIA HOTELS;CALL;Mar-27;10,00;9.99;29,43;0,56;;1.900
25/09/26;MELIA HOTELS;CALL;Mar-27;12,00;9.99;27,96;0,22;;400
25/09/26;MELIA HOTELS;CALL;Mar-27;12,50;9.99;27,60;0,16;;50
25/09/26;MELIA HOTELS;CALL;Jun-27;7,50;9.99;31,55;0,90;;5
25/09/26;MELIA HOTELS;CALL;Jun-27;7,75;9.99;31,29;0,88;;5
25/09/26;MELIA HOTELS;CALL;Sep-27;7,25;9.99;31,19;0,91;;5
25/09/26;MELIA HOTELS;CALL;Dic-27;7,00;9.99;30,93;0,91;;2
25/09/26;MELIA HOTELS;PUT;Oct-26;9,50;9.99;28,36;-0,22;;4
25/09/26;MELIA HOTELS;PUT;Dic-26;8,25;9.99;31,87;-0,09;;30
25/09/26;MELIA HOTELS;PUT;Dic-26;11,00;9.99;28,00;-0,74;;20
25/09/26;MELIA HOTELS;PUT;Mar-27;9,25;9.99;30,05;-0,30;;50
25/09/26;MELIA HOTELS;PUT;Mar-27;9,50;9.99;29,70;-0,35;;100
25/09/26;MELIA HOTELS;PUT;Mar-27;9,75;9.99;29,35;-0,40;;25
25/09/26;MELIA HOTELS;PUT;Mar-27;10,00;9.99;29,00;-0,45;;100
25/09/26;MELIA HOTELS;PUT;Mar-27;11,00;9.99;28,27;-0,65;;23
25/09/26;MELIA HOTELS;PUT;Jun-27;8,75;9.99;29,42;-0,24;;2
25/09/26;MERLIN;CALL;Oct-26;13,00;12.26;21,48;0,14;;10
25/09/26;MERLIN;CALL;Nov-26;11,00;12.26;24,91;0,88;;5
25/09/26;MERLIN;CALL;Nov-26;13,50;12.26;21,64;0,15;;5
25/09/26;MERLIN;CALL;Nov-26;14,00;12.26;21,36;0,07;;5
25/09/26;MERLIN;CALL;Nov-26;14,50;12.26;21,09;0,03;;5
25/09/26;MERLIN;CALL;Dic-26;16,50;12.26;20,73;;;14.693
25/09/26;MERLIN;CALL;Mar-27;14,50;12.26;22,94;0,16;;5
25/09/26;MERLIN;CALL;Mar-27;16,00;12.26;22,32;0,05;;3
25/09/26;MERLIN;CALL;Jun-27;13,50;12.26;23,04;0,34;;1
25/09/26;MERLIN;PUT;Oct-26;11,50;12.26;25,43;-0,14;;12
25/09/26;MERLIN;PUT;Oct-26;12,00;12.26;24,40;-0,34;1;1
25/09/26;MERLIN;PUT;Oct-26;13,00;12.26;23,46;-0,85;;1
25/09/26;MERLIN;PUT;Oct-26;13,50;12.26;23,19;-0,97;;24
25/09/26;MERLIN;PUT;Oct-26;14,00;12.26;22,91;-1,00;;31
25/09/26;MERLIN;PUT;Oct-26;14,50;12.26;22,64;-1,00;;200
25/09/26;MERLIN;PUT;Nov-26;11,50;12.26;25,55;-0,24;;1
25/09/26;MERLIN;PUT;Nov-26;12,00;12.26;24,52;-0,38;;11
25/09/26;MERLIN;PUT;Nov-26;12,50;12.26;23,85;-0,55;;1
25/09/26;MERLIN;PUT;Nov-26;14,50;12.26;22,76;-0,99;;25
25/09/26;MERLIN;PUT;Dic-26;11,00;12.26;26,07;-0,20;;300
25/09/26;MERLIN;PUT;Dic-26;11,50;12.26;25,08;-0,31;;3
25/09/26;MERLIN;PUT;Dic-26;12,00;12.26;24,09;-0,44;;111
25/09/26;MERLIN;PUT;Dic-26;13,00;12.26;23,21;-0,72;;2
25/09/26;MERLIN;PUT;Dic-26;13,50;12.26;22,96;-0,82;;4
25/09/26;MERLIN;PUT;Dic-26;14,00;12.26;22,72;-0,90;;35
25/09/26;MERLIN;PUT;Mar-27;12,00;12.26;23,48;-0,43;;3
25/09/26;MERLIN;PUT;Mar-27;13,50;12.26;22,52;-0,74;;16
25/09/26;MERLIN;PUT;Jun-27;14,50;12.26;20,99;-0,83;;43
25/09/26;MERLIN;PUT;Jun-27;15,00;12.26;20,80;-0,87;;10
25/09/26;MERLIN;PUT;Dic-27;12,50;12.26;21,49;-0,52;;5.000
25/09/26;NATURGY;CALL;Oct-26;29,00;29.1;19,00;0,55;;20
25/09/26;NATURGY;CALL;Oct-26;30,00;29.1;18,12;0,26;;2
25/09/26;NATURGY;CALL;Oct-26;30,50;29.1;17,69;0,15;;1
25/09/26;NATURGY;CALL;Nov-26;30,00;29.1;18,23;0,33;;4
25/09/26;NATURGY;CALL;Dic-26;27,00;29.1;21,72;0,82;;10
25/09/26;NATURGY;CALL;Dic-26;28,00;29.1;20,65;0,69;;4
25/09/26;NATURGY;CALL;Dic-26;29,00;29.1;19,59;0,53;;495
25/09/26;NATURGY;CALL;Dic-26;30,00;29.1;18,84;0,35;;317
25/09/26;NATURGY;CALL;Dic-26;31,00;29.1;18,13;0,21;;113
25/09/26;NATURGY;CALL;Dic-26;32,00;29.1;17,42;0,10;;8
25/09/26;NATURGY;CALL;Dic-26;35,00;29.1;15,29;;;1
25/09/26;NATURGY;CALL;Mar-27;25,00;29.1;23,09;0,88;;2
25/09/26;NATURGY;CALL;Mar-27;26,00;29.1;22,28;0,81;;90
25/09/26;NATURGY;CALL;Mar-27;27,00;29.1;21,47;0,72;;2
25/09/26;NATURGY;CALL;Mar-27;28,00;29.1;20,65;0,62;;11
25/09/26;NATURGY;CALL;Mar-27;29,00;29.1;19,84;0,52;;200
25/09/26;NATURGY;CALL;Mar-27;30,00;29.1;19,29;0,41;;300
25/09/26;NATURGY;CALL;Mar-27;32,00;29.1;18,23;0,23;;1
25/09/26;NATURGY;CALL;Mar-27;33,00;29.1;17,71;0,15;;2
25/09/26;NATURGY;CALL;Jun-27;25,00;29.1;23,28;0,84;;385
25/09/26;NATURGY;CALL;Jun-27;26,00;29.1;22,59;0,76;;2
25/09/26;NATURGY;CALL;Jun-27;27,00;29.1;21,89;0,69;;2
25/09/26;NATURGY;CALL;Jun-27;30,00;29.1;20,04;0,43;;136
25/09/26;NATURGY;CALL;Jun-27;32,00;29.1;19,19;0,27;;401
25/09/26;NATURGY;CALL;Jun-27;33,00;29.1;18,77;0,21;;2
25/09/26;NATURGY;CALL;Jun-27;35,00;29.1;17,92;0,10;;1
25/09/26;NATURGY;CALL;Sep-27;35,00;29.1;18,99;0,15;;1
25/09/26;NATURGY;CALL;Dic-27;30,00;29.1;21,12;0,45;;1
25/09/26;NATURGY;CALL;Dic-27;33,00;29.1;20,12;0,27;;1
25/09/26;NATURGY;PUT;Oct-26;24,00;29.1;23,05;;;2
25/09/26;NATURGY;PUT;Oct-26;28,00;29.1;18,24;-0,18;;15
25/09/26;NATURGY;PUT;Oct-26;29,00;29.1;17,04;-0,45;;45
25/09/26;NATURGY;PUT;Oct-26;29,50;29.1;16,58;-0,62;;1
25/09/26;NATURGY;PUT;Oct-26;30,00;29.1;16,16;-0,78;;20
25/09/26;NATURGY;PUT;Nov-26;28,00;29.1;14,99;-0,35;;6
25/09/26;NATURGY;PUT;Nov-26;31,00;29.1;12,04;-0,96;;1
25/09/26;NATURGY;PUT;Dic-26;18,00;29.1;28,17;;;2
25/09/26;NATURGY;PUT;Dic-26;19,50;29.1;26,58;;;5
25/09/26;NATURGY;PUT;Dic-26;20,00;29.1;26,04;;;13
25/09/26;NATURGY;PUT;Dic-26;22,00;29.1;23,91;-0,01;;2
25/09/26;NATURGY;PUT;Dic-26;23,00;29.1;22,85;-0,02;;10
25/09/26;NATURGY;PUT;Dic-26;24,00;29.1;21,78;-0,04;;2.142
25/09/26;NATURGY;PUT;Dic-26;25,00;29.1;20,72;-0,08;;124
25/09/26;NATURGY;PUT;Dic-26;26,00;29.1;19,65;-0,14;2;104
25/09/26;NATURGY;PUT;Dic-26;27,00;29.1;18,59;-0,24;;20
25/09/26;NATURGY;PUT;Dic-26;28,00;29.1;17,52;-0,38;;16
25/09/26;NATURGY;PUT;Dic-26;29,00;29.1;16,46;-0,55;;52
25/09/26;NATURGY;PUT;Dic-26;30,00;29.1;15,71;-0,73;;1
25/09/26;NATURGY;PUT;Dic-26;31,00;29.1;15,00;-0,87;;1
25/09/26;NATURGY;PUT;Dic-26;32,00;29.1;14,29;-0,96;;50
25/09/26;NATURGY;PUT;Mar-27;18,00;29.1;26,89;;;1
25/09/26;NATURGY;PUT;Mar-27;24,00;29.1;22,01;-0,10;;501
25/09/26;NATURGY;PUT;Mar-27;26,00;29.1;20,38;-0,21;;193
25/09/26;NATURGY;PUT;Mar-27;28,00;29.1;18,75;-0,39;;1
25/09/26;NATURGY;PUT;Jun-27;24,00;29.1;21,48;-0,16;;1
25/09/26;NATURGY;PUT;Jun-27;25,00;29.1;20,78;-0,21;;5
25/09/26;NATURGY;PUT;Jun-27;26,00;29.1;20,09;-0,28;;1
25/09/26;NATURGY;PUT;Jun-27;27,00;29.1;19,39;-0,35;;2
25/09/26;NATURGY;PUT;Jun-27;28,00;29.1;18,69;-0,44;;12
25/09/26;NATURGY;PUT;Jun-27;32,00;29.1;16,69;-0,79;;1
25/09/26;NATURGY;PUT;Sep-27;26,00;29.1;20,03;-0,32;;95
25/09/26;NATURGY;PUT;Dic-27;26,00;29.1;19,98;-0,35;;97
25/09/26;NATURGY;PUT;Jun-28;26,00;29.1;19,65;-0,37;;95
25/09/26;NATURGY;PUT;Dic-26;28,00;29.1;17,52;-0,37;;2
25/09/26;OBRASCON HUARTE;CALL;Oct-26;0,35;0.37;43,77;0,70;;5
25/09/26;OBRASCON HUARTE;CALL;Oct-26;0,40;0.37;43,69;0,23;;100
25/09/26;OBRASCON HUARTE;CALL;Dic-26;0,50;0.37;42,75;0,09;;1
25/09/26;OBRASCON HUARTE;CALL;Mar-27;0,40;0.37;44,64;0,47;;300
25/09/26;OBRASCON HUARTE;CALL;Jun-27;0,35;0.37;45,29;0,65;;1.000
25/09/26;OBRASCON HUARTE;CALL;Mar-28;0,50;0.37;43,82;0,41;;10
25/09/26;OBRASCON HUARTE;CALL;Mar-28;0,60;0.37;43,82;0,28;;50
25/09/26;OBRASCON HUARTE;CALL;Jun-28;0,35;0.37;43,70;0,68;;900
25/09/26;PHARMA MAR;CALL;Dic-26;76,00;73.95;40,22;0,49;;1
25/09/26;PHARMA MAR;CALL;Dic-26;110,00;73.95;36,69;0,02;;1
25/09/26;PHARMA MAR;CALL;Mar-27;88,00;73.95;38,48;0,32;;1
25/09/26;PHARMA MAR;CALL;Jun-27;120,00;73.95;37,22;0,10;;6
25/09/26;PHARMA MAR;PUT;Dic-26;29,00;73.95;77,24;;;5
25/09/26;PHARMA MAR;PUT;Dic-26;46,00;73.95;62,98;-0,04;;2
25/09/26;PHARMA MAR;PUT;Dic-26;48,00;73.95;61,31;-0,05;;1
25/09/26;PHARMA MAR;PUT;Dic-26;50,00;73.95;59,63;-0,06;;1
25/09/26;PHARMA MAR;PUT;Dic-26;60,00;73.95;51,25;-0,16;;2
25/09/26;PHARMA MAR;PUT;Dic-26;70,00;73.95;42,86;-0,35;;2
25/09/26;PHARMA MAR;PUT;Dic-26;76,00;73.95;39,34;-0,51;;15
25/09/26;PHARMA MAR;PUT;Dic-26;78,00;73.95;39,13;-0,57;;10
25/09/26;PHARMA MAR;PUT;Mar-27;41,00;73.95;60,23;-0,05;;8
25/09/26;PHARMA MAR;PUT;Mar-27;43,00;73.95;59,00;-0,06;;3
25/09/26;PHARMA MAR;PUT;Mar-27;52,00;73.95;53,49;-0,12;;1
25/09/26;PHARMA MAR;PUT;Mar-27;60,00;73.95;48,58;-0,21;;1
25/09/26;PHARMA MAR;PUT;Mar-27;78,00;73.95;39,74;-0,51;;1
25/09/26;PHARMA MAR;PUT;Mar-27;80,00;73.95;39,59;-0,55;;2
25/09/26;PHARMA MAR;PUT;Mar-27;105,00;73.95;37,79;-0,91;;1
25/09/26;PHARMA MAR;PUT;Jun-27;37,00;73.95;58,05;-0,05;;2
25/09/26;PHARMA MAR;PUT;Jun-27;39,00;73.95;57,13;-0,06;;3
25/09/26;PHARMA MAR;PUT;Jun-27;42,00;73.95;55,75;-0,07;;1
25/09/26;PHARMA MAR;PUT;Jun-27;44,00;73.95;54,83;-0,08;;3
25/09/26;PHARMA MAR;PUT;Jun-27;48,00;73.95;52,99;-0,11;;1
25/09/26;PHARMA MAR;PUT;Jun-27;60,00;73.95;47,47;-0,22;;1
25/09/26;PHARMA MAR;PUT;Jun-27;66,00;73.95;44,72;-0,30;;1
25/09/26;PHARMA MAR;PUT;Jun-27;70,00;73.95;42,88;-0,35;;2
25/09/26;PHARMA MAR;PUT;Jun-27;120,00;73.95;38,15;-0,96;;1
25/09/26;PHARMA MAR;PUT;Sep-27;60,00;73.95;46,44;-0,24;;2
25/09/26;PUIG;CALL;Oct-26;16,50;17.84;26,67;0,90;;10
25/09/26;PUIG;CALL;Oct-26;17,00;17.84;26,24;0,79;;25
25/09/26;PUIG;CALL;Oct-26;18,00;17.84;25,40;0,46;;8
25/09/26;PUIG;CALL;Oct-26;18,50;17.84;25,04;0,29;1;5
25/09/26;PUIG;CALL;Oct-26;19,00;17.84;24,67;0,16;;5
25/09/26;PUIG;CALL;Nov-26;17,00;17.84;31,26;0,69;;6
25/09/26;PUIG;CALL;Nov-26;17,50;17.84;30,81;0,60;;5
25/09/26;PUIG;CALL;Nov-26;18,00;17.84;30,43;0,51;;7
25/09/26;PUIG;CALL;Nov-26;18,50;17.84;30,16;0,41;;20
25/09/26;PUIG;CALL;Nov-26;19,00;17.84;29,90;0,33;7;9
25/09/26;PUIG;CALL;Nov-26;19,50;17.84;29,64;0,25;;1
25/09/26;PUIG;CALL;Dic-26;15,00;17.84;33,01;0,89;;3
25/09/26;PUIG;CALL;Dic-26;16,50;17.84;31,70;0,73;;7
25/09/26;PUIG;CALL;Dic-26;17,00;17.84;31,26;0,67;;11
25/09/26;PUIG;CALL;Dic-26;18,00;17.84;30,44;0,52;;37
25/09/26;PUIG;CALL;Dic-26;18,50;17.84;30,20;0,45;;5
25/09/26;PUIG;CALL;Dic-26;19,00;17.84;29,96;0,37;;101
25/09/26;PUIG;CALL;Dic-26;21,00;17.84;28,98;0,14;;6
25/09/26;PUIG;CALL;Dic-26;22,00;17.84;28,50;0,08;;1
25/09/26;PUIG;CALL;Dic-26;23,00;17.84;28,01;0,04;;2
25/09/26;PUIG;CALL;Mar-27;18,50;17.84;33,52;0,51;;2
25/09/26;PUIG;CALL;Mar-27;19,00;17.84;33,42;0,46;5;5
25/09/26;PUIG;CALL;Mar-27;19,50;17.84;33,33;0,42;;10
25/09/26;PUIG;CALL;Jun-27;11,00;17.84;35,80;0,97;;5
25/09/26;PUIG;CALL;Jun-27;15,50;17.84;32,69;0,77;;4
25/09/26;PUIG;CALL;Jun-27;16,00;17.84;32,34;0,73;;1
25/09/26;PUIG;CALL;Jun-27;16,50;17.84;32,00;0,69;;2
25/09/26;PUIG;CALL;Jun-27;17,50;17.84;31,31;0,61;;1
25/09/26;PUIG;CALL;Jun-27;19,50;17.84;30,95;0,44;;10
25/09/26;PUIG;PUT;Oct-26;16,00;17.84;26,91;-0,04;;3
25/09/26;PUIG;PUT;Oct-26;16,50;17.84;26,48;-0,10;;4
25/09/26;PUIG;PUT;Oct-26;17,00;17.84;26,05;-0,21;;15
25/09/26;PUIG;PUT;Oct-26;18,00;17.84;25,21;-0,54;;10
25/09/26;PUIG;PUT;Oct-26;18,50;17.84;24,85;-0,72;10;10
25/09/26;PUIG;PUT;Nov-26;14,50;17.84;32,78;-0,04;;5
25/09/26;PUIG;PUT;Nov-26;15,00;17.84;32,33;-0,07;;10
25/09/26;PUIG;PUT;Nov-26;15,50;17.84;31,88;-0,11;;10
25/09/26;PUIG;PUT;Nov-26;16,50;17.84;30,98;-0,23;;7
25/09/26;PUIG;PUT;Nov-26;18,00;17.84;29,70;-0,50;;5
25/09/26;PUIG;PUT;Nov-26;18,50;17.84;29,43;-0,59;;5
25/09/26;PUIG;PUT;Dic-26;11,00;17.84;35,12;;;2
25/09/26;PUIG;PUT;Dic-26;12,00;17.84;34,24;-0,01;;500
25/09/26;PUIG;PUT;Dic-26;12,50;17.84;33,80;-0,01;;5
25/09/26;PUIG;PUT;Dic-26;13,00;17.84;33,36;-0,02;;3
25/09/26;PUIG;PUT;Dic-26;13,50;17.84;32,92;-0,03;;4
25/09/26;PUIG;PUT;Dic-26;14,00;17.84;32,48;-0,05;;47
25/09/26;PUIG;PUT;Dic-26;14,50;17.84;32,04;-0,07;;2.467
25/09/26;PUIG;PUT;Dic-26;15,00;17.84;31,60;-0,10;;26
25/09/26;PUIG;PUT;Dic-26;15,50;17.84;31,16;-0,15;;30
25/09/26;PUIG;PUT;Dic-26;16,00;17.84;30,73;-0,20;;13
25/09/26;PUIG;PUT;Dic-26;16,50;17.84;30,29;-0,26;;8
25/09/26;PUIG;PUT;Dic-26;17,00;17.84;29,85;-0,33;;15
25/09/26;PUIG;PUT;Dic-26;17,50;17.84;29,41;-0,41;;14
25/09/26;PUIG;PUT;Dic-26;18,00;17.84;29,03;-0,49;;5
25/09/26;PUIG;PUT;Dic-26;21,00;17.84;27,57;-0,89;;6
25/09/26;PUIG;PUT;Mar-27;12,00;17.84;37,27;-0,04;;1
25/09/26;PUIG;PUT;Mar-27;13,00;17.84;36,45;-0,08;;1
25/09/26;PUIG;PUT;Mar-27;13,50;17.84;36,04;-0,10;;5
25/09/26;PUIG;PUT;Mar-27;14,00;17.84;35,63;-0,13;;2
25/09/26;PUIG;PUT;Mar-27;15,00;17.84;34,80;-0,19;;2
25/09/26;PUIG;PUT;Mar-27;15,50;17.84;34,39;-0,23;;7
25/09/26;PUIG;PUT;Mar-27;16,00;17.84;33,98;-0,27;;87
25/09/26;PUIG;PUT;Mar-27;16,50;17.84;33,57;-0,31;;274
25/09/26;PUIG;PUT;Mar-27;17,00;17.84;33,16;-0,36;10;
25/09/26;PUIG;PUT;Mar-27;18,00;17.84;32,44;-0,46;;4
25/09/26;PUIG;PUT;Jun-27;13,00;17.84;33,62;-0,11;;1
25/09/26;PUIG;PUT;Jun-27;14,00;17.84;32,92;-0,16;;4
25/09/26;PUIG;PUT;Jun-27;15,00;17.84;32,23;-0,23;;5
25/09/26;PUIG;PUT;Jun-27;16,00;17.84;31,54;-0,30;;411
25/09/26;PUIG;PUT;Jun-27;16,50;17.84;31,20;-0,34;;2
25/09/26;PUIG;PUT;Jun-27;17,50;17.84;30,51;-0,43;;1
25/09/26;PUIG;PUT;Jun-27;21,00;17.84;30,03;-0,70;;20
25/09/26;PUIG;PUT;Sep-27;11,00;17.84;32,62;-0,05;;19
25/09/26;PUIG;PUT;Dic-27;15,00;17.84;29,00;-0,24;;4
25/09/26;PUIG;PUT;Dic-27;15,50;17.84;28,79;-0,27;;162
25/09/26;PUIG;PUT;Dic-27;16,00;17.84;28,57;-0,30;;156
25/09/26;PUIG;PUT;Dic-27;16,50;17.84;28,36;-0,34;;151
25/09/26;PUIG;PUT;Mar-28;17,50;17.84;27,12;-0,41;;143
25/09/26;REDEIA;CALL;Nov-26;15,50;14.96;17,00;0,33;;1
25/09/26;REDEIA;CALL;Dic-26;11,00;14.96;22,76;1,00;;1
25/09/26;REDEIA;CALL;Dic-26;14,00;14.96;18,68;0,80;;35
25/09/26;REDEIA;CALL;Dic-26;14,50;14.96;18,01;0,68;5;5
25/09/26;REDEIA;CALL;Dic-26;15,00;14.96;17,34;0,53;;32
25/09/26;REDEIA;CALL;Dic-26;15,50;14.96;16,79;0,37;;31
25/09/26;REDEIA;CALL;Dic-26;16,00;14.96;16,24;0,23;;265
25/09/26;REDEIA;CALL;Dic-26;16,50;14.96;15,70;0,12;;58
25/09/26;REDEIA;CALL;Dic-26;17,00;14.96;15,15;0,05;;25
25/09/26;REDEIA;CALL;Dic-26;17,50;14.96;14,61;0,02;;26
25/09/26;REDEIA;CALL;Dic-26;18,00;14.96;14,06;;;2
25/09/26;REDEIA;CALL;Mar-27;13,50;14.96;19,78;0,82;;1
25/09/26;REDEIA;CALL;Mar-27;14,00;14.96;19,26;0,74;;20
25/09/26;REDEIA;CALL;Mar-27;15,50;14.96;17,77;0,42;;138
25/09/26;REDEIA;CALL;Mar-27;16,00;14.96;17,31;0,31;;206
25/09/26;REDEIA;CALL;Mar-27;16,50;14.96;16,84;0,22;;27
25/09/26;REDEIA;CALL;Mar-27;17,00;14.96;16,37;0,14;;6
25/09/26;REDEIA;CALL;Mar-27;17,50;14.96;15,90;0,08;;10
25/09/26;REDEIA;CALL;Jun-27;14,00;14.96;19,58;0,70;1;10
25/09/26;REDEIA;CALL;Jun-27;15,50;14.96;18,32;0,46;;10
25/09/26;REDEIA;CALL;Jun-27;16,00;14.96;17,91;0,38;;1
25/09/26;REDEIA;CALL;Jun-27;16,50;14.96;17,50;0,30;;2
25/09/26;REDEIA;CALL;Jun-27;17,00;14.96;17,09;0,23;3;6
25/09/26;REDEIA;CALL;Jun-27;18,00;14.96;16,26;0,11;;1
25/09/26;REDEIA;CALL;Sep-27;15,50;14.96;18,67;0,46;;4
25/09/26;REDEIA;CALL;Dic-27;14,50;14.96;19,41;0,61;;278
25/09/26;REDEIA;CALL;Dic-27;18,00;14.96;16,62;0,16;;6
25/09/26;REDEIA;CALL;Dic-27;22,00;14.96;13,33;;5;5
25/09/26;REDEIA;PUT;Oct-26;14,00;14.96;18,73;-0,06;;1
25/09/26;REDEIA;PUT;Oct-26;14,50;14.96;17,95;-0,22;;78
25/09/26;REDEIA;PUT;Oct-26;15,00;14.96;17,18;-0,51;;79
25/09/26;REDEIA;PUT;Oct-26;15,50;14.96;16,62;-0,81;;4
25/09/26;REDEIA;PUT;Oct-26;16,00;14.96;16,05;-0,98;;3
25/09/26;REDEIA;PUT;Nov-26;13,50;14.96;18,87;-0,07;;10
25/09/26;REDEIA;PUT;Nov-26;14,00;14.96;18,09;-0,16;1;38
25/09/26;REDEIA;PUT;Nov-26;14,50;14.96;17,31;-0,30;1;2
25/09/26;REDEIA;PUT;Nov-26;15,00;14.96;16,54;-0,49;;6
25/09/26;REDEIA;PUT;Dic-26;11,50;14.96;21,78;;;20
25/09/26;REDEIA;PUT;Dic-26;12,00;14.96;21,10;-0,01;;10
25/09/26;REDEIA;PUT;Dic-26;12,50;14.96;20,42;-0,03;;15
25/09/26;REDEIA;PUT;Dic-26;13,00;14.96;19,74;-0,06;;13
25/09/26;REDEIA;PUT;Dic-26;13,50;14.96;19,06;-0,11;;93
25/09/26;REDEIA;PUT;Dic-26;14,00;14.96;18,38;-0,20;;122
25/09/26;REDEIA;PUT;Dic-26;14,50;14.96;17,71;-0,32;;184
25/09/26;REDEIA;PUT;Dic-26;15,00;14.96;17,04;-0,48;;85
25/09/26;REDEIA;PUT;Dic-26;15,50;14.96;16,49;-0,65;;4
25/09/26;REDEIA;PUT;Dic-26;16,00;14.96;15,94;-0,81;;8
25/09/26;REDEIA;PUT;Mar-27;11,50;14.96;20,20;-0,03;;1
25/09/26;REDEIA;PUT;Mar-27;12,00;14.96;19,68;-0,05;;8
25/09/26;REDEIA;PUT;Mar-27;12,50;14.96;19,17;-0,08;;8
25/09/26;REDEIA;PUT;Mar-27;13,00;14.96;18,66;-0,13;;101
25/09/26;REDEIA;PUT;Mar-27;13,50;14.96;18,15;-0,20;;24
25/09/26;REDEIA;PUT;Mar-27;14,00;14.96;17,63;-0,28;;192
25/09/26;REDEIA;PUT;Mar-27;14,50;14.96;17,12;-0,39;;7
25/09/26;REDEIA;PUT;Mar-27;15,00;14.96;16,61;-0,50;;6
25/09/26;REDEIA;PUT;Mar-27;15,50;14.96;16,14;-0,62;;3
25/09/26;REDEIA;PUT;Mar-27;16,00;14.96;15,68;-0,74;;3
25/09/26;REDEIA;PUT;Jun-27;12,50;14.96;19,07;-0,11;;4
25/09/26;REDEIA;PUT;Jun-27;13,50;14.96;18,23;-0,23;;2
25/09/26;REDEIA;PUT;Jun-27;14,00;14.96;17,80;-0,30;;7
25/09/26;REDEIA;PUT;Jun-27;14,50;14.96;17,38;-0,39;;56
25/09/26;REDEIA;PUT;Jun-27;15,00;14.96;16,96;-0,48;;10
25/09/26;REDEIA;PUT;Jun-27;15,50;14.96;16,54;-0,59;;38
25/09/26;REDEIA;PUT;Jun-27;16,00;14.96;16,13;-0,69;;1
25/09/26;REDEIA;PUT;Sep-27;12,50;14.96;18,35;-0,18;;5
25/09/26;REDEIA;PUT;Sep-27;15,00;14.96;16,57;-0,55;1;11
25/09/26;REDEIA;PUT;Sep-27;19,50;14.96;13,16;-0,99;;1
25/09/26;REDEIA;PUT;Dic-27;14,00;14.96;16,96;-0,39;;20
25/09/26;REDEIA;PUT;Dic-27;15,00;14.96;16,35;-0,54;;11
25/09/26;REDEIA;PUT;Dic-27;19,00;14.96;13,05;-0,98;;6
25/09/26;REDEIA;PUT;Dic-28;13,00;14.96;17,17;-0,32;;1
25/09/26;REDEIA;PUT;Dic-26;13,50;14.96;19,06;-0,11;;4
25/09/26;REDEIA;PUT;Dic-26;14,50;14.96;17,71;-0,31;;4
25/09/26;REDEIA;PUT;Dic-26;15,00;14.96;17,04;-0,47;;6
25/09/26;REDEIA;PUT;Mar-27;14,00;14.96;17,63;-0,27;;2
25/09/26;REDEIA;PUT;Mar-27;14,50;14.96;17,12;-0,37;;5
25/09/26;REDEIA;PUT;Jun-27;14,50;14.96;17,38;-0,36;;5
25/09/26;REPSOL;CALL;Oct-26;23,00;30.75;43,37;1,00;;300
25/09/26;REPSOL;CALL;Oct-26;24,00;30.75;42,58;0,99;;300
25/09/26;REPSOL;CALL;Oct-26;25,00;30.75;41,79;0,98;;300
25/09/26;REPSOL;CALL;Oct-26;26,00;30.75;41,00;0,96;;150
25/09/26;REPSOL;CALL;Oct-26;27,00;30.75;40,21;0,92;;20
25/09/26;REPSOL;CALL;Oct-26;28,00;30.75;39,42;0,85;;17
25/09/26;REPSOL;CALL;Oct-26;29,00;30.75;38,62;0,76;;5.002
25/09/26;REPSOL;CALL;Oct-26;30,00;30.75;37,83;0,63;;254
25/09/26;REPSOL;CALL;Oct-26;31,00;30.75;37,17;0,49;;179
25/09/26;REPSOL;CALL;Oct-26;32,00;30.75;36,89;0,35;99;3.647
25/09/26;REPSOL;CALL;Oct-26;33,00;30.75;36,61;0,23;10;159
25/09/26;REPSOL;CALL;Oct-26;34,00;30.75;36,32;0,14;;53
25/09/26;REPSOL;CALL;Oct-26;35,00;30.75;36,04;0,08;;100
25/09/26;REPSOL;CALL;Nov-26;23,00;30.75;42,90;0,97;;150
25/09/26;REPSOL;CALL;Nov-26;25,00;30.75;41,37;0,92;;150
25/09/26;REPSOL;CALL;Nov-26;28,00;30.75;39,06;0,76;;5
25/09/26;REPSOL;CALL;Nov-26;30,00;30.75;37,52;0,61;5;100
25/09/26;REPSOL;CALL;Nov-26;31,00;30.75;36,86;0,52;;4
25/09/26;REPSOL;CALL;Nov-26;32,00;30.75;36,53;0,43;25;43
25/09/26;REPSOL;CALL;Nov-26;33,00;30.75;36,21;0,35;;152
25/09/26;REPSOL;CALL;Nov-26;34,00;30.75;35,88;0,27;;28
25/09/26;REPSOL;CALL;Nov-26;35,00;30.75;35,56;0,20;;2
25/09/26;REPSOL;CALL;Dic-26;12,00;30.75;48,93;1,00;;2
25/09/26;REPSOL;CALL;Dic-26;13,00;30.75;48,25;1,00;;10
25/09/26;REPSOL;CALL;Dic-26;15,00;30.75;46,89;1,00;;150
25/09/26;REPSOL;CALL;Dic-26;15,50;30.75;46,54;1,00;;160
25/09/26;REPSOL;CALL;Dic-26;16,00;30.75;46,20;1,00;;150
25/09/26;REPSOL;CALL;Dic-26;16,50;30.75;45,86;1,00;;150
25/09/26;REPSOL;CALL;Dic-26;17,00;30.75;45,52;1,00;;75
25/09/26;REPSOL;CALL;Dic-26;17,50;30.75;45,18;1,00;;48
25/09/26;REPSOL;CALL;Dic-26;18,00;30.75;44,84;1,00;;107
25/09/26;REPSOL;CALL;Dic-26;18,50;30.75;44,50;0,99;;354
25/09/26;REPSOL;CALL;Dic-26;19,00;30.75;44,15;0,99;;15
25/09/26;REPSOL;CALL;Dic-26;19,50;30.75;43,81;0,99;;101
25/09/26;REPSOL;CALL;Dic-26;20,00;30.75;43,47;0,99;1;52
25/09/26;REPSOL;CALL;Dic-26;20,50;30.75;43,13;0,98;;2
25/09/26;REPSOL;CALL;Dic-26;21,00;30.75;42,79;0,98;;7
25/09/26;REPSOL;CALL;Dic-26;22,00;30.75;42,11;0,96;27;4.063
25/09/26;REPSOL;CALL;Dic-26;23,00;30.75;41,42;0,94;;12
25/09/26;REPSOL;CALL;Dic-26;24,00;30.75;40,74;0,92;;11.619
25/09/26;REPSOL;CALL;Dic-26;25,00;30.75;40,06;0,88;7;78
25/09/26;REPSOL;CALL;Dic-26;26,00;30.75;39,37;0,84;;1.177
25/09/26;REPSOL;CALL;Dic-26;27,00;30.75;38,69;0,79;;13
25/09/26;REPSOL;CALL;Dic-26;28,00;30.75;38,01;0,74;;325
25/09/26;REPSOL;CALL;Dic-26;29,00;30.75;37,33;0,67;;41
25/09/26;REPSOL;CALL;Dic-26;30,00;30.75;36,64;0,60;10;155
25/09/26;REPSOL;CALL;Dic-26;31,00;30.75;36,05;0,53;;124
25/09/26;REPSOL;CALL;Dic-26;32,00;30.75;35,74;0,46;2;1.574
25/09/26;REPSOL;CALL;Dic-26;33,00;30.75;35,42;0,39;1;39
25/09/26;REPSOL;CALL;Dic-26;34,00;30.75;35,11;0,32;;9
25/09/26;REPSOL;CALL;Dic-26;35,00;30.75;34,79;0,26;;106
25/09/26;REPSOL;CALL;Dic-26;38,00;30.75;33,85;0,12;20;173
25/09/26;REPSOL;CALL;Mar-27;14,50;30.75;45,58;1,00;;5
25/09/26;REPSOL;CALL;Mar-27;16,00;30.75;44,41;1,00;;15
25/09/26;REPSOL;CALL;Mar-27;16,50;30.75;44,02;0,99;;25
25/09/26;REPSOL;CALL;Mar-27;17,00;30.75;43,63;0,99;;2
25/09/26;REPSOL;CALL;Mar-27;17,50;30.75;43,24;0,99;;32
25/09/26;REPSOL;CALL;Mar-27;18,00;30.75;42,85;0,99;;55
25/09/26;REPSOL;CALL;Mar-27;18,50;30.75;42,46;0,98;;16
25/09/26;REPSOL;CALL;Mar-27;19,00;30.75;42,07;0,98;;35
25/09/26;REPSOL;CALL;Mar-27;19,50;30.75;41,68;0,97;;10
25/09/26;REPSOL;CALL;Mar-27;20,00;30.75;41,29;0,97;;20
25/09/26;REPSOL;CALL;Mar-27;22,00;30.75;39,73;0,93;;27
25/09/26;REPSOL;CALL;Mar-27;23,00;30.75;38,95;0,91;;4.000
25/09/26;REPSOL;CALL;Mar-27;24,00;30.75;38,17;0,88;;324
25/09/26;REPSOL;CALL;Mar-27;25,00;30.75;37,39;0,84;;176
25/09/26;REPSOL;CALL;Mar-27;26,00;30.75;36,61;0,80;;7
25/09/26;REPSOL;CALL;Mar-27;27,00;30.75;35,83;0,76;;29
25/09/26;REPSOL;CALL;Mar-27;28,00;30.75;35,05;0,71;;21
25/09/26;REPSOL;CALL;Mar-27;29,00;30.75;34,27;0,65;;2.015
25/09/26;REPSOL;CALL;Mar-27;30,00;30.75;33,49;0,60;;12
25/09/26;REPSOL;CALL;Mar-27;31,00;30.75;32,85;0,54;;35
25/09/26;REPSOL;CALL;Mar-27;32,00;30.75;32,64;0,48;;181
25/09/26;REPSOL;CALL;Mar-27;33,00;30.75;32,44;0,42;;5
25/09/26;REPSOL;CALL;Mar-27;34,00;30.75;32,23;0,37;;2
25/09/26;REPSOL;CALL;Mar-27;35,00;30.75;32,02;0,32;1;2
25/09/26;REPSOL;CALL;Jun-27;11,00;30.75;42,37;1,00;;1
25/09/26;REPSOL;CALL;Jun-27;15,00;30.75;40,16;1,00;;75
25/09/26;REPSOL;CALL;Jun-27;15,50;30.75;39,88;1,00;;50
25/09/26;REPSOL;CALL;Jun-27;16,50;30.75;39,33;0,99;;23
25/09/26;REPSOL;CALL;Jun-27;17,00;30.75;39,05;0,99;;1.019
25/09/26;REPSOL;CALL;Jun-27;17,50;30.75;38,78;0,98;;27
25/09/26;REPSOL;CALL;Jun-27;19,00;30.75;37,95;0,97;;1
25/09/26;REPSOL;CALL;Jun-27;19,50;30.75;37,67;0,96;;1
25/09/26;REPSOL;CALL;Jun-27;23,00;30.75;35,73;0,88;;27
25/09/26;REPSOL;CALL;Jun-27;24,00;30.75;35,18;0,85;;2
25/09/26;REPSOL;CALL;Jun-27;25,00;30.75;34,63;0,81;;4
25/09/26;REPSOL;CALL;Jun-27;26,00;30.75;34,08;0,77;2;8
25/09/26;REPSOL;CALL;Jun-27;27,00;30.75;33,52;0,73;;3
25/09/26;REPSOL;CALL;Jun-27;28,00;30.75;32,97;0,69;;100
25/09/26;REPSOL;CALL;Jun-27;30,00;30.75;31,86;0,60;;35
25/09/26;REPSOL;CALL;Jun-27;32,00;30.75;31,27;0,50;;10
25/09/26;REPSOL;CALL;Jun-27;36,00;30.75;30,71;0,33;15;15
25/09/26;REPSOL;CALL;Sep-27;15,50;30.75;39,25;0,99;;1
25/09/26;REPSOL;CALL;Sep-27;18,00;30.75;37,98;0,97;;3.000
25/09/26;REPSOL;CALL;Sep-27;18,50;30.75;37,72;0,97;;3.000
25/09/26;REPSOL;CALL;Sep-27;20,00;30.75;36,96;0,94;;2.000
25/09/26;REPSOL;CALL;Sep-27;21,00;30.75;36,45;0,92;;6
25/09/26;REPSOL;CALL;Sep-27;22,00;30.75;35,94;0,89;;5
25/09/26;REPSOL;CALL;Sep-27;24,00;30.75;34,92;0,83;;17
25/09/26;REPSOL;CALL;Sep-27;27,00;30.75;33,39;0,72;;1
25/09/26;REPSOL;CALL;Sep-27;32,00;30.75;31,36;0,51;;2
25/09/26;REPSOL;CALL;Sep-27;33,00;30.75;31,26;0,47;;1
25/09/26;REPSOL;CALL;Dic-27;12,00;30.75;41,58;1,00;;2
25/09/26;REPSOL;CALL;Dic-27;14,00;30.75;40,47;1,00;;1.400
25/09/26;REPSOL;CALL;Dic-27;15,00;30.75;39,92;0,99;;149
25/09/26;REPSOL;CALL;Dic-27;15,50;30.75;39,64;0,99;;2
25/09/26;REPSOL;CALL;Dic-27;16,00;30.75;39,36;0,99;;3
25/09/26;REPSOL;CALL;Dic-27;16,50;30.75;39,09;0,98;;1.528
25/09/26;REPSOL;CALL;Dic-27;17,00;30.75;38,81;0,97;;24
25/09/26;REPSOL;CALL;Dic-27;17,50;30.75;38,54;0,97;;2
25/09/26;REPSOL;CALL;Dic-27;18,00;30.75;38,26;0,96;;3
25/09/26;REPSOL;CALL;Dic-27;19,50;30.75;37,43;0,93;;5
25/09/26;REPSOL;CALL;Dic-27;20,00;30.75;37,15;0,92;;10.000
25/09/26;REPSOL;CALL;Dic-27;23,00;30.75;35,49;0,84;;4
25/09/26;REPSOL;CALL;Dic-27;24,00;30.75;34,94;0,81;;5.000
25/09/26;REPSOL;CALL;Dic-27;25,00;30.75;34,39;0,78;;1
25/09/26;REPSOL;CALL;Dic-27;27,00;30.75;33,28;0,71;;20
25/09/26;REPSOL;CALL;Dic-27;30,00;30.75;31,62;0,60;;10.000
25/09/26;REPSOL;CALL;Dic-27;33,00;30.75;31,06;0,49;;1
25/09/26;REPSOL;CALL;Dic-27;34,00;30.75;31,00;0,45;1;1
25/09/26;REPSOL;CALL;Dic-27;35,00;30.75;30,93;0,42;;1
25/09/26;REPSOL;CALL;Mar-28;16,50;30.75;38,43;0,98;;1
25/09/26;REPSOL;CALL;Mar-28;18,00;30.75;37,62;0,96;;1
25/09/26;REPSOL;CALL;Mar-28;19,00;30.75;37,08;0,94;;5
25/09/26;REPSOL;CALL;Mar-28;22,00;30.75;35,45;0,86;;5
25/09/26;REPSOL;CALL;Mar-28;24,00;30.75;34,37;0,80;;6
25/09/26;REPSOL;CALL;Mar-28;25,00;30.75;33,83;0,77;;1.000
25/09/26;REPSOL;CALL;Mar-28;26,00;30.75;33,28;0,74;;2.000
25/09/26;REPSOL;CALL;Mar-28;27,00;30.75;32,74;0,71;;2.000
25/09/26;REPSOL;CALL;Mar-28;32,00;30.75;30,64;0,53;;5.000
25/09/26;REPSOL;CALL;Mar-28;33,00;30.75;30,59;0,49;;1.800
25/09/26;REPSOL;CALL;Jun-28;10,00;30.75;40,98;1,00;;10
25/09/26;REPSOL;CALL;Jun-28;19,00;30.75;36,59;0,92;;6
25/09/26;REPSOL;CALL;Jun-28;20,00;30.75;36,10;0,90;;10
25/09/26;REPSOL;CALL;Jun-28;22,00;30.75;35,13;0,85;;4
25/09/26;REPSOL;CALL;Jun-28;24,00;30.75;34,15;0,79;;2.500
25/09/26;REPSOL;CALL;Jun-28;30,00;30.75;31,23;0,61;;200
25/09/26;REPSOL;CALL;Jun-28;32,00;30.75;30,77;0,54;;1.000
25/09/26;REPSOL;CALL;Jun-28;34,00;30.75;30,61;0,48;;1.000
25/09/26;REPSOL;CALL;Jun-28;36,00;30.75;30,46;0,42;;1.500
25/09/26;REPSOL;CALL;Sep-28;18,50;30.75;36,46;0,94;;1
25/09/26;REPSOL;CALL;Sep-28;38,00;30.75;30,39;0,38;;2.000
25/09/26;REPSOL;CALL;Dic-28;16,00;30.75;36,89;0,98;;2.000
25/09/26;REPSOL;CALL;Dic-28;24,00;30.75;33,68;0,78;;1.520
25/09/26;REPSOL;CALL;Dic-28;27,00;30.75;32,47;0,70;;11
25/09/26;REPSOL;CALL;Dic-28;29,00;30.75;31,67;0,64;;8
25/09/26;REPSOL;CALL;Dic-28;31,00;30.75;30,95;0,58;11;11
25/09/26;REPSOL;CALL;Dic-28;34,00;30.75;30,72;0,50;;1
25/09/26;REPSOL;CALL;Dic-29;10,00;30.75;36,82;1,00;;200
25/09/26;REPSOL;CALL;Dic-29;11,50;30.75;36,40;1,00;;1
25/09/26;REPSOL;CALL;Dic-29;12,00;30.75;36,25;1,00;;1
25/09/26;REPSOL;CALL;Dic-29;12,50;30.75;36,11;1,00;;3
25/09/26;REPSOL;CALL;Dic-29;17,00;30.75;34,85;0,96;;25
25/09/26;REPSOL;CALL;Dic-29;35,00;30.75;30,88;0,51;;1
25/09/26;REPSOL;CALL;Dic-30;22,00;30.75;33,05;0,82;;1.500
25/09/26;REPSOL;CALL;Dic-30;26,00;30.75;32,18;0,72;;3.000
25/09/26;REPSOL;PUT;Oct-26;22,00;30.75;41,99;;;2
25/09/26;REPSOL;PUT;Oct-26;23,00;30.75;41,20;;;2
25/09/26;REPSOL;PUT;Oct-26;24,00;30.75;40,41;;;108
25/09/26;REPSOL;PUT;Oct-26;25,00;30.75;39,62;-0,01;;11
25/09/26;REPSOL;PUT;Oct-26;26,00;30.75;38,83;-0,03;;19
25/09/26;REPSOL;PUT;Oct-26;27,00;30.75;38,04;-0,07;;197
25/09/26;REPSOL;PUT;Oct-26;28,00;30.75;37,25;-0,14;1;4.016
25/09/26;REPSOL;PUT;Oct-26;29,00;30.75;36,45;-0,23;1;19
25/09/26;REPSOL;PUT;Oct-26;30,00;30.75;35,66;-0,36;6;56
25/09/26;REPSOL;PUT;Oct-26;31,00;30.75;35,00;-0,52;;3
25/09/26;REPSOL;PUT;Oct-26;35,00;30.75;33,87;-0,95;5;5
25/09/26;REPSOL;PUT;Oct-26;39,00;30.75;32,74;-1,00;;10
25/09/26;REPSOL;PUT;Nov-26;24,00;30.75;39,05;-0,04;;586
25/09/26;REPSOL;PUT;Nov-26;25,00;30.75;38,28;-0,07;;12
25/09/26;REPSOL;PUT;Nov-26;26,00;30.75;37,51;-0,11;;12
25/09/26;REPSOL;PUT;Nov-26;27,00;30.75;36,74;-0,16;;15
25/09/26;REPSOL;PUT;Nov-26;29,00;30.75;35,20;-0,30;;1
25/09/26;REPSOL;PUT;Nov-26;30,00;30.75;34,43;-0,39;10;10
25/09/26;REPSOL;PUT;Nov-26;37,00;30.75;31,82;-0,93;;2
25/09/26;REPSOL;PUT;Dic-26;8,00;30.75;49,76;;;9.500
25/09/26;REPSOL;PUT;Dic-26;8,75;30.75;49,24;;;1
25/09/26;REPSOL;PUT;Dic-26;9,00;30.75;49,07;;;13.015
25/09/26;REPSOL;PUT;Dic-26;9,50;30.75;48,73;;;750
25/09/26;REPSOL;PUT;Dic-26;10,00;30.75;48,39;;;34.000
25/09/26;REPSOL;PUT;Dic-26;10,50;30.75;48,05;;;1.000
25/09/26;REPSOL;PUT;Dic-26;11,00;30.75;47,71;;;15.621
25/09/26;REPSOL;PUT;Dic-26;11,50;30.75;47,37;;;3.187
25/09/26;REPSOL;PUT;Dic-26;12,00;30.75;47,02;;;15.760
25/09/26;REPSOL;PUT;Dic-26;12,50;30.75;46,68;;;156
25/09/26;REPSOL;PUT;Dic-26;13,00;30.75;46,34;;;12.000
25/09/26;REPSOL;PUT;Dic-26;13,50;30.75;46,00;;;1
25/09/26;REPSOL;PUT;Dic-26;14,00;30.75;45,66;;;11.025
25/09/26;REPSOL;PUT;Dic-26;14,50;30.75;45,32;;;224
25/09/26;REPSOL;PUT;Dic-26;15,00;30.75;44,98;;;4.184
25/09/26;REPSOL;PUT;Dic-26;15,50;30.75;44,63;;;21.501
25/09/26;REPSOL;PUT;Dic-26;16,00;30.75;44,29;;;2.160
25/09/26;REPSOL;PUT;Dic-26;16,50;30.75;43,95;;;161
25/09/26;REPSOL;PUT;Dic-26;17,00;30.75;43,61;;;136
25/09/26;REPSOL;PUT;Dic-26;17,50;30.75;43,27;;;160
25/09/26;REPSOL;PUT;Dic-26;18,00;30.75;42,93;;;26
25/09/26;REPSOL;PUT;Dic-26;18,50;30.75;42,59;;;1
25/09/26;REPSOL;PUT;Dic-26;19,00;30.75;42,24;-0,01;;4.102
25/09/26;REPSOL;PUT;Dic-26;19,50;30.75;41,90;-0,01;;116
25/09/26;REPSOL;PUT;Dic-26;20,00;30.75;41,56;-0,01;;2.035
25/09/26;REPSOL;PUT;Dic-26;20,50;30.75;41,22;-0,01;;4
25/09/26;REPSOL;PUT;Dic-26;21,00;30.75;40,88;-0,02;;293
25/09/26;REPSOL;PUT;Dic-26;22,00;30.75;40,20;-0,03;;74
25/09/26;REPSOL;PUT;Dic-26;23,00;30.75;39,51;-0,05;;136
25/09/26;REPSOL;PUT;Dic-26;24,00;30.75;38,83;-0,07;15;61
25/09/26;REPSOL;PUT;Dic-26;25,00;30.75;38,15;-0,10;;26
25/09/26;REPSOL;PUT;Dic-26;26,00;30.75;37,46;-0,15;5;5.038
25/09/26;REPSOL;PUT;Dic-26;27,00;30.75;36,78;-0,20;3;178
25/09/26;REPSOL;PUT;Dic-26;28,00;30.75;36,10;-0,26;10;824
25/09/26;REPSOL;PUT;Dic-26;29,00;30.75;35,42;-0,32;7;9
25/09/26;REPSOL;PUT;Dic-26;30,00;30.75;34,73;-0,40;;501
25/09/26;REPSOL;PUT;Dic-26;33,00;30.75;33,51;-0,63;;10
25/09/26;REPSOL;PUT;Mar-27;7,25;30.75;49,30;;;4
25/09/26;REPSOL;PUT;Mar-27;8,00;30.75;48,72;;;1
25/09/26;REPSOL;PUT;Mar-27;10,00;30.75;47,16;;;245
25/09/26;REPSOL;PUT;Mar-27;11,50;30.75;45,98;;;216
25/09/26;REPSOL;PUT;Mar-27;12,00;30.75;45,59;;;210
25/09/26;REPSOL;PUT;Mar-27;12,50;30.75;45,20;;;401
25/09/26;REPSOL;PUT;Mar-27;13,50;30.75;44,42;;;4
25/09/26;REPSOL;PUT;Mar-27;14,00;30.75;44,03;;;55
25/09/26;REPSOL;PUT;Mar-27;14,50;30.75;43,64;;;100
25/09/26;REPSOL;PUT;Mar-27;15,00;30.75;43,25;-0,01;;140
25/09/26;REPSOL;PUT;Mar-27;15,50;30.75;42,86;-0,01;;250
25/09/26;REPSOL;PUT;Mar-27;16,00;30.75;42,47;-0,01;;754
25/09/26;REPSOL;PUT;Mar-27;16,50;30.75;42,08;-0,01;;25
25/09/26;REPSOL;PUT;Mar-27;17,00;30.75;41,69;-0,01;;75
25/09/26;REPSOL;PUT;Mar-27;18,00;30.75;40,91;-0,02;;20
25/09/26;REPSOL;PUT;Mar-27;18,50;30.75;40,52;-0,03;;6
25/09/26;REPSOL;PUT;Mar-27;19,00;30.75;40,13;-0,03;;250
25/09/26;REPSOL;PUT;Mar-27;20,00;30.75;39,35;-0,05;;300
25/09/26;REPSOL;PUT;Mar-27;20,50;30.75;38,96;-0,05;;150
25/09/26;REPSOL;PUT;Mar-27;21,00;30.75;38,57;-0,06;;210
25/09/26;REPSOL;PUT;Mar-27;22,00;30.75;37,79;-0,08;;106
25/09/26;REPSOL;PUT;Mar-27;23,00;30.75;37,01;-0,11;;12
25/09/26;REPSOL;PUT;Mar-27;24,00;30.75;36,23;-0,14;;15
25/09/26;REPSOL;PUT;Mar-27;25,00;30.75;35,45;-0,17;3;116
25/09/26;REPSOL;PUT;Mar-27;26,00;30.75;34,67;-0,21;;18
25/09/26;REPSOL;PUT;Mar-27;27,00;30.75;33,89;-0,26;;21
25/09/26;REPSOL;PUT;Mar-27;28,00;30.75;33,11;-0,31;;2
25/09/26;REPSOL;PUT;Mar-27;29,00;30.75;32,33;-0,37;;150
25/09/26;REPSOL;PUT;Mar-27;30,00;30.75;31,55;-0,43;;2
25/09/26;REPSOL;PUT;Mar-27;31,00;30.75;30,91;-0,49;;1
25/09/26;REPSOL;PUT;Jun-27;8,00;30.75;42,53;;;25.000
25/09/26;REPSOL;PUT;Jun-27;9,50;30.75;41,70;;;40
25/09/26;REPSOL;PUT;Jun-27;10,00;30.75;41,42;;;10
25/09/26;REPSOL;PUT;Jun-27;10,50;30.75;41,15;;;2
25/09/26;REPSOL;PUT;Jun-27;11,50;30.75;40,59;;;80
25/09/26;REPSOL;PUT;Jun-27;12,00;30.75;40,32;;;210
25/09/26;REPSOL;PUT;Jun-27;12,50;30.75;40,04;;;200
25/09/26;REPSOL;PUT;Jun-27;13,00;30.75;39,76;;;5.010
25/09/26;REPSOL;PUT;Jun-27;13,50;30.75;39,49;;;183
25/09/26;REPSOL;PUT;Jun-27;14,00;30.75;39,21;-0,01;;38
25/09/26;REPSOL;PUT;Jun-27;14,50;30.75;38,93;-0,01;;20
25/09/26;REPSOL;PUT;Jun-27;15,00;30.75;38,66;-0,01;;20
25/09/26;REPSOL;PUT;Jun-27;16,00;30.75;38,10;-0,01;;95
25/09/26;REPSOL;PUT;Jun-27;18,00;30.75;37,00;-0,03;;50
25/09/26;REPSOL;PUT;Jun-27;19,50;30.75;36,17;-0,05;;100
25/09/26;REPSOL;PUT;Jun-27;20,00;30.75;35,89;-0,06;;30
25/09/26;REPSOL;PUT;Jun-27;21,00;30.75;35,34;-0,08;;2
25/09/26;REPSOL;PUT;Jun-27;22,00;30.75;34,79;-0,10;;2
25/09/26;REPSOL;PUT;Jun-27;23,00;30.75;34,23;-0,13;;12
25/09/26;REPSOL;PUT;Jun-27;24,00;30.75;33,68;-0,16;;1
25/09/26;REPSOL;PUT;Jun-27;25,00;30.75;33,13;-0,19;7;8
25/09/26;REPSOL;PUT;Jun-27;26,00;30.75;32,58;-0,23;;2
25/09/26;REPSOL;PUT;Jun-27;27,00;30.75;32,02;-0,27;;10
25/09/26;REPSOL;PUT;Jun-27;30,00;30.75;30,36;-0,42;;10
25/09/26;REPSOL;PUT;Jun-27;32,00;30.75;29,77;-0,52;;1
25/09/26;REPSOL;PUT;Sep-27;10,50;30.75;39,83;;;100
25/09/26;REPSOL;PUT;Sep-27;11,00;30.75;39,57;;;101
25/09/26;REPSOL;PUT;Sep-27;11,50;30.75;39,32;;;100
25/09/26;REPSOL;PUT;Sep-27;12,00;30.75;39,06;;;104
25/09/26;REPSOL;PUT;Sep-27;14,00;30.75;38,04;-0,01;;25
25/09/26;REPSOL;PUT;Sep-27;14,50;30.75;37,79;-0,02;;420
25/09/26;REPSOL;PUT;Sep-27;15,00;30.75;37,53;-0,02;;2
25/09/26;REPSOL;PUT;Sep-27;15,50;30.75;37,28;-0,02;;159
25/09/26;REPSOL;PUT;Sep-27;18,00;30.75;36,01;-0,05;;1.000
25/09/26;REPSOL;PUT;Sep-27;19,00;30.75;35,50;-0,07;;5
25/09/26;REPSOL;PUT;Sep-27;24,00;30.75;32,95;-0,19;;1
25/09/26;REPSOL;PUT;Sep-27;25,00;30.75;32,44;-0,22;;1
25/09/26;REPSOL;PUT;Sep-27;30,00;30.75;29,89;-0,43;10;10
25/09/26;REPSOL;PUT;Dic-27;7,75;30.75;41,10;;;234
25/09/26;REPSOL;PUT;Dic-27;8,00;30.75;40,96;;;23.000
25/09/26;REPSOL;PUT;Dic-27;8,50;30.75;40,68;;;8.000
25/09/26;REPSOL;PUT;Dic-27;9,00;30.75;40,40;;;7.000
25/09/26;REPSOL;PUT;Dic-27;9,75;30.75;39,99;;;62
25/09/26;REPSOL;PUT;Dic-27;10,00;30.75;39,85;;;11.028
25/09/26;REPSOL;PUT;Dic-27;10,50;30.75;39,58;;;12.938
25/09/26;REPSOL;PUT;Dic-27;11,00;30.75;39,30;;;27.620
25/09/26;REPSOL;PUT;Dic-27;12,00;30.75;38,75;-0,01;;1
25/09/26;REPSOL;PUT;Dic-27;12,50;30.75;38,47;-0,01;;25
25/09/26;REPSOL;PUT;Dic-27;13,00;30.75;38,19;-0,01;;266
25/09/26;REPSOL;PUT;Dic-27;14,00;30.75;37,64;-0,02;;15.000
25/09/26;REPSOL;PUT;Dic-27;14,50;30.75;37,36;-0,02;;7
25/09/26;REPSOL;PUT;Dic-27;15,00;30.75;37,09;-0,03;;7.001
25/09/26;REPSOL;PUT;Dic-27;16,00;30.75;36,53;-0,04;;30.000
25/09/26;REPSOL;PUT;Dic-27;16,50;30.75;36,26;-0,04;;1.525
25/09/26;REPSOL;PUT;Dic-27;17,00;30.75;35,98;-0,05;;25
25/09/26;REPSOL;PUT;Dic-27;18,00;30.75;35,43;-0,06;;101
25/09/26;REPSOL;PUT;Dic-27;19,00;30.75;34,88;-0,08;;3
25/09/26;REPSOL;PUT;Dic-27;20,00;30.75;34,32;-0,10;10;45
25/09/26;REPSOL;PUT;Dic-27;21,00;30.75;33,77;-0,12;;50
25/09/26;REPSOL;PUT;Dic-27;22,00;30.75;33,22;-0,14;;2.020
25/09/26;REPSOL;PUT;Dic-27;23,00;30.75;32,66;-0,17;;9
25/09/26;REPSOL;PUT;Dic-27;24,00;30.75;32,11;-0,20;;510
25/09/26;REPSOL;PUT;Dic-27;25,00;30.75;31,56;-0,23;;1
25/09/26;REPSOL;PUT;Dic-27;26,00;30.75;31,01;-0,26;;3
25/09/26;REPSOL;PUT;Dic-27;28,00;30.75;29,90;-0,34;;2
25/09/26;REPSOL;PUT;Mar-28;12,00;30.75;37,28;-0,01;;1.000
25/09/26;REPSOL;PUT;Mar-28;13,50;30.75;36,47;-0,02;;1.000
25/09/26;REPSOL;PUT;Mar-28;18,00;30.75;34,03;-0,07;;151
25/09/26;REPSOL;PUT;Mar-28;21,00;30.75;32,40;-0,13;;120
25/09/26;REPSOL;PUT;Mar-28;22,00;30.75;31,86;-0,15;;114
25/09/26;REPSOL;PUT;Mar-28;26,00;30.75;29,69;-0,27;;25
25/09/26;REPSOL;PUT;Jun-28;18,00;30.75;33,19;-0,08;;4.000
25/09/26;REPSOL;PUT;Jun-28;19,50;30.75;32,46;-0,10;;1
25/09/26;REPSOL;PUT;Jun-28;20,00;30.75;32,21;-0,11;;3.000
25/09/26;REPSOL;PUT;Jun-28;21,00;30.75;31,73;-0,14;;120
25/09/26;REPSOL;PUT;Jun-28;22,00;30.75;31,24;-0,16;;6.500
25/09/26;REPSOL;PUT;Jun-28;23,00;30.75;30,75;-0,18;;107
25/09/26;REPSOL;PUT;Sep-28;18,00;30.75;32,67;-0,09;;300
25/09/26;REPSOL;PUT;Sep-28;29,00;30.75;27,78;-0,38;;86
25/09/26;REPSOL;PUT;Dic-28;9,00;30.75;35,49;;;40.500
25/09/26;REPSOL;PUT;Dic-28;10,00;30.75;35,09;-0,01;;10.000
25/09/26;REPSOL;PUT;Dic-28;11,50;30.75;34,49;-0,02;;1.000
25/09/26;REPSOL;PUT;Dic-28;14,50;30.75;33,29;-0,04;;1
25/09/26;REPSOL;PUT;Dic-28;15,00;30.75;33,09;-0,05;;30.250
25/09/26;REPSOL;PUT;Dic-28;18,00;30.75;31,88;-0,09;;1.000
25/09/26;REPSOL;PUT;Dic-28;19,50;30.75;31,28;-0,12;;1
25/09/26;REPSOL;PUT;Dic-28;23,00;30.75;29,88;-0,20;;1
25/09/26;REPSOL;PUT;Dic-28;24,00;30.75;29,48;-0,23;;1.528
25/09/26;REPSOL;PUT;Dic-28;26,00;30.75;28,68;-0,29;;9
25/09/26;REPSOL;PUT;Dic-28;36,00;30.75;26,37;-0,60;;10
25/09/26;REPSOL;PUT;Dic-28;38,00;30.75;26,22;-0,66;;1
25/09/26;REPSOL;PUT;Jun-29;11,00;30.75;33,29;-0,02;;140
25/09/26;REPSOL;PUT;Dic-29;7,75;30.75;32,85;;;30.000
25/09/26;REPSOL;PUT;Dic-29;8,00;30.75;32,78;-0,01;;17.000
25/09/26;REPSOL;PUT;Dic-29;11,00;30.75;31,94;-0,02;;20.000
25/09/26;REPSOL;PUT;Dic-29;11,50;30.75;31,80;-0,02;;17.000
25/09/26;REPSOL;PUT;Dic-29;12,50;30.75;31,51;-0,03;;800
25/09/26;REPSOL;PUT;Dic-29;28,00;30.75;27,15;-0,35;;25
25/09/26;REPSOL;PUT;Dic-30;14,00;30.75;29,91;-0,06;;3.000
25/09/26;REPSOL;PUT;Dic-30;18,50;30.75;28,94;-0,13;;3.000
25/09/26;REPSOL;CALL;Oct-26;20,00;30.75;45,75;1,00;;6
25/09/26;REPSOL;CALL;Oct-26;23,00;30.75;43,37;1,00;;20
25/09/26;REPSOL;CALL;Oct-26;28,00;30.75;39,42;0,85;;6
25/09/26;REPSOL;CALL;Oct-26;29,00;30.75;38,62;0,75;;10
25/09/26;REPSOL;CALL;Oct-26;30,00;30.75;37,83;0,63;;3
25/09/26;REPSOL;CALL;Oct-26;30,00;30.75;37,83;0,63;;20
25/09/26;REPSOL;CALL;Oct-26;31,00;30.75;37,17;0,49;;10
25/09/26;REPSOL;CALL;Oct-26;31,00;30.75;37,17;0,49;;5
25/09/26;REPSOL;CALL;Oct-26;32,00;30.75;36,89;0,35;;33
25/09/26;REPSOL;CALL;Oct-26;32,00;30.75;36,89;0,35;10;10
25/09/26;REPSOL;CALL;Oct-26;33,00;30.75;36,61;0,23;;10
25/09/26;REPSOL;CALL;Nov-26;27,00;30.75;39,83;0,82;;10
25/09/26;REPSOL;CALL;Nov-26;29,00;30.75;38,29;0,68;;25
25/09/26;REPSOL;CALL;Nov-26;30,00;30.75;37,52;0,60;;10
25/09/26;REPSOL;CALL;Nov-26;30,00;30.75;37,52;0,60;;10
25/09/26;REPSOL;CALL;Nov-26;32,00;30.75;36,53;0,43;;10
25/09/26;REPSOL;CALL;Nov-26;33,00;30.75;36,21;0,34;;1
25/09/26;REPSOL;CALL;Nov-26;34,00;30.75;35,88;0,27;;10
25/09/26;REPSOL;CALL;Dic-26;14,50;30.75;47,23;0,99;;1
25/09/26;REPSOL;CALL;Dic-26;15,00;30.75;46,89;0,99;;33
25/09/26;REPSOL;CALL;Dic-26;17,00;30.75;45,52;0,99;;7
25/09/26;REPSOL;CALL;Dic-26;18,00;30.75;44,84;0,99;;26
25/09/26;REPSOL;CALL;Dic-26;21,00;30.75;42,79;0,97;;10
25/09/26;REPSOL;CALL;Dic-26;22,00;30.75;42,11;0,96;;37
25/09/26;REPSOL;CALL;Dic-26;23,00;30.75;41,42;0,94;;6
25/09/26;REPSOL;CALL;Dic-26;24,00;30.75;40,74;0,91;;131
25/09/26;REPSOL;CALL;Dic-26;24,00;30.75;40,74;0,91;;10
25/09/26;REPSOL;CALL;Dic-26;25,00;30.75;40,06;0,88;;17
25/09/26;REPSOL;CALL;Dic-26;26,00;30.75;39,37;0,84;;80
25/09/26;REPSOL;CALL;Dic-26;26,00;30.75;39,37;0,84;;20
25/09/26;REPSOL;CALL;Dic-26;27,00;30.75;38,69;0,79;;20
25/09/26;REPSOL;CALL;Dic-26;28,00;30.75;38,01;0,73;1;1
25/09/26;REPSOL;CALL;Dic-26;28,00;30.75;38,01;0,73;10;10
25/09/26;REPSOL;CALL;Dic-26;30,00;30.75;36,64;0,60;;7
25/09/26;REPSOL;CALL;Dic-26;31,00;30.75;36,05;0,53;;32
25/09/26;REPSOL;CALL;Dic-26;34,00;30.75;35,11;0,32;;6
25/09/26;REPSOL;CALL;Dic-26;36,00;30.75;34,48;0,20;;300
25/09/26;REPSOL;CALL;Mar-27;22,00;30.75;39,73;0,90;;5
25/09/26;REPSOL;CALL;Mar-27;23,00;30.75;38,95;0,87;;1
25/09/26;REPSOL;CALL;Mar-27;24,00;30.75;38,17;0,84;;6
25/09/26;REPSOL;CALL;Mar-27;25,00;30.75;37,39;0,81;;5
25/09/26;REPSOL;CALL;Mar-27;26,00;30.75;36,61;0,77;;5
25/09/26;REPSOL;CALL;Jun-27;23,00;30.75;35,73;0,85;1;5
25/09/26;REPSOL;CALL;Jun-27;28,00;30.75;32,97;0,67;;15
25/09/26;REPSOL;CALL;Dic-27;12,00;30.75;41,58;0,95;;15.000
25/09/26;REPSOL;CALL;Dic-27;16,00;30.75;39,36;0,92;;7
25/09/26;REPSOL;CALL;Dic-27;31,00;30.75;31,19;0,54;;6
25/09/26;REPSOL;CALL;Jun-28;26,00;30.75;33,18;0,69;;1
25/09/26;REPSOL;CALL;Dic-28;15,25;30.75;37,19;0,87;;750
25/09/26;REPSOL;CALL;Jun-29;26,00;30.75;32,74;0,65;;1
25/09/26;REPSOL;PUT;Oct-26;25,00;30.75;39,62;-0,01;;5
25/09/26;REPSOL;PUT;Oct-26;26,00;30.75;38,83;-0,03;;5
25/09/26;REPSOL;PUT;Oct-26;27,00;30.75;38,04;-0,07;;8
25/09/26;REPSOL;PUT;Oct-26;27,00;30.75;38,04;-0,07;;30
25/09/26;REPSOL;PUT;Oct-26;28,00;30.75;37,25;-0,13;;1
25/09/26;REPSOL;PUT;Oct-26;30,00;30.75;35,66;-0,36;20;20
25/09/26;REPSOL;PUT;Nov-26;24,00;30.75;39,05;-0,04;;6
25/09/26;REPSOL;PUT;Nov-26;26,00;30.75;37,51;-0,11;;10
25/09/26;REPSOL;PUT;Nov-26;27,00;30.75;36,74;-0,16;;5
25/09/26;REPSOL;PUT;Nov-26;30,00;30.75;34,43;-0,39;;10
25/09/26;REPSOL;PUT;Dic-26;11,00;30.75;47,71;;;1
25/09/26;REPSOL;PUT;Dic-26;13,50;30.75;46,00;;;150
25/09/26;REPSOL;PUT;Dic-26;14,50;30.75;45,32;;;150
25/09/26;REPSOL;PUT;Dic-26;15,00;30.75;44,98;;;1
25/09/26;REPSOL;PUT;Dic-26;15,50;30.75;44,63;;;450
25/09/26;REPSOL;PUT;Dic-26;17,00;30.75;43,61;;;154
25/09/26;REPSOL;PUT;Dic-26;18,00;30.75;42,93;;;7
25/09/26;REPSOL;PUT;Dic-26;20,00;30.75;41,56;-0,01;;20
25/09/26;REPSOL;PUT;Dic-26;21,00;30.75;40,88;-0,02;;10
25/09/26;REPSOL;PUT;Dic-26;22,00;30.75;40,20;-0,03;;10
25/09/26;REPSOL;PUT;Dic-26;22,00;30.75;40,20;-0,03;;15
25/09/26;REPSOL;PUT;Dic-26;24,00;30.75;38,83;-0,07;;36
25/09/26;REPSOL;PUT;Dic-26;25,00;30.75;38,15;-0,11;;30
25/09/26;REPSOL;PUT;Dic-26;26,00;30.75;37,46;-0,15;;40
25/09/26;REPSOL;PUT;Dic-26;30,00;30.75;34,73;-0,39;;10
25/09/26;REPSOL;PUT;Mar-27;11,50;30.75;45,98;;;1
25/09/26;REPSOL;PUT;Jun-27;24,00;30.75;33,68;-0,15;;5
25/09/26;REPSOL;PUT;Jun-27;27,00;30.75;32,02;-0,26;;1
25/09/26;REPSOL;PUT;Sep-27;17,00;30.75;36,52;-0,04;;5
25/09/26;REPSOL;PUT;Dic-28;15,25;30.75;32,99;-0,05;;750
25/09/26;REPSOL;PUT;Dic-28;21,00;30.75;30,68;-0,14;;15
25/09/26;SACYR;CALL;Nov-26;4,50;4.04;25,38;0,16;;80
25/09/26;SACYR;CALL;Dic-26;3,70;4.04;27,51;0,78;10;
25/09/26;SACYR;CALL;Dic-26;3,90;4.04;27,37;0,65;;25
25/09/26;SACYR;CALL;Dic-26;4,00;4.04;27,31;0,57;;5
25/09/26;SACYR;CALL;Dic-26;4,20;4.04;26,89;0,43;;20
25/09/26;SACYR;CALL;Dic-26;4,30;4.04;26,64;0,36;;43
25/09/26;SACYR;CALL;Dic-26;4,50;4.04;26,15;0,23;;10
25/09/26;SACYR;CALL;Dic-26;4,70;4.04;25,65;0,13;;10
25/09/26;SACYR;CALL;Dic-26;4,80;4.04;25,40;0,10;;10
25/09/26;SACYR;CALL;Dic-26;5,00;4.04;24,91;0,05;;30
25/09/26;SACYR;CALL;Mar-27;3,70;4.04;25,60;0,74;;10
25/09/26;SACYR;CALL;Mar-27;3,80;4.04;25,54;0,69;;10
25/09/26;SACYR;CALL;Mar-27;4,80;4.04;24,52;0,18;;20.000
25/09/26;SACYR;CALL;Jun-27;3,90;4.04;24,38;0,62;;25
25/09/26;SACYR;CALL;Jun-27;4,80;4.04;23,69;0,24;;10
25/09/26;SACYR;CALL;Jun-27;4,90;4.04;23,61;0,21;;20
25/09/26;SACYR;CALL;Jun-27;5,00;4.04;23,53;0,18;;10
25/09/26;SACYR;CALL;Dic-27;4,00;4.04;23,41;0,57;;25
25/09/26;SACYR;PUT;Oct-26;4,50;4.04;22,49;-0,99;;100
25/09/26;SACYR;PUT;Dic-26;3,50;4.04;27,44;-0,12;;10
25/09/26;SACYR;PUT;Dic-26;4,00;4.04;27,11;-0,43;;10
25/09/26;SACYR;PUT;Dic-26;4,30;4.04;26,44;-0,66;;5
25/09/26;SACYR;PUT;Dic-26;4,50;4.04;25,95;-0,79;;1.000
25/09/26;SACYR;PUT;Dic-26;4,70;4.04;25,45;-0,89;;50
25/09/26;SACYR;PUT;Dic-26;5,00;4.04;24,71;-0,99;;100
25/09/26;SACYR;PUT;Mar-27;4,20;4.04;25,31;-0,56;;3
25/09/26;SACYR;PUT;Jun-27;3,40;4.04;24,80;-0,17;;20
25/09/26;SACYR;PUT;Jun-27;3,80;4.04;24,64;-0,34;;10
25/09/26;SACYR;PUT;Jun-27;3,90;4.04;24,60;-0,39;;10
25/09/26;SACYR;PUT;Jun-27;4,30;4.04;24,33;-0,58;;3
25/09/26;SACYR;PUT;Jun-27;4,50;4.04;24,16;-0,67;;1.100
25/09/26;SACYR;PUT;Sep-27;3,70;4.04;24,04;-0,34;10;10
25/09/26;SANTANDER;CALL;Oct-26;8,75;12.57;40,13;1,00;;10
25/09/26;SANTANDER;CALL;Oct-26;11,00;12.57;32,50;0,96;;1
25/09/26;SANTANDER;CALL;Oct-26;11,50;12.57;30,80;0,90;;12
25/09/26;SANTANDER;CALL;Oct-26;12,50;12.57;27,40;0,56;8.000;8.006
25/09/26;SANTANDER;CALL;Oct-26;12,75;12.57;26,98;0,44;5;5
25/09/26;SANTANDER;CALL;Oct-26;13,00;12.57;26,73;0,32;20;1.047
25/09/26;SANTANDER;CALL;Oct-26;13,25;12.57;26,48;0,22;;8
25/09/26;SANTANDER;CALL;Oct-26;13,50;12.57;26,23;0,14;;21
25/09/26;SANTANDER;CALL;Oct-26;14,00;12.57;25,72;0,05;;170
25/09/26;SANTANDER;CALL;Oct-26;14,50;12.57;25,22;0,01;;1
25/09/26;SANTANDER;CALL;Nov-26;11,00;12.57;34,76;0,87;;2
25/09/26;SANTANDER;CALL;Nov-26;11,50;12.57;33,06;0,79;;6
25/09/26;SANTANDER;CALL;Nov-26;12,50;12.57;29,66;0,54;3;9
25/09/26;SANTANDER;CALL;Nov-26;13,00;12.57;29,00;0,40;;3
25/09/26;SANTANDER;CALL;Nov-26;13,50;12.57;28,51;0,27;;24
25/09/26;SANTANDER;CALL;Nov-26;14,00;12.57;28,02;0,16;;98
25/09/26;SANTANDER;CALL;Dic-26;3,00;12.57;62,01;1,00;;1
25/09/26;SANTANDER;CALL;Dic-26;4,00;12.57;58,64;1,00;;100
25/09/26;SANTANDER;CALL;Dic-26;4,50;12.57;56,96;1,00;;1
25/09/26;SANTANDER;CALL;Dic-26;4,80;12.57;55,95;1,00;;5.050
25/09/26;SANTANDER;CALL;Dic-26;4,90;12.57;55,61;1,00;;50
25/09/26;SANTANDER;CALL;Dic-26;5,00;12.57;55,28;1,00;;25
25/09/26;SANTANDER;CALL;Dic-26;5,25;12.57;54,44;1,00;;25
25/09/26;SANTANDER;CALL;Dic-26;5,75;12.57;52,75;1,00;;6
25/09/26;SANTANDER;CALL;Dic-26;6,00;12.57;51,91;1,00;;7
25/09/26;SANTANDER;CALL;Dic-26;6,50;12.57;50,23;1,00;;5
25/09/26;SANTANDER;CALL;Dic-26;7,00;12.57;48,54;1,00;;86
25/09/26;SANTANDER;CALL;Dic-26;7,50;12.57;46,86;1,00;;28
25/09/26;SANTANDER;CALL;Dic-26;7,75;12.57;46,02;1,00;;2
25/09/26;SANTANDER;CALL;Dic-26;8,00;12.57;45,18;1,00;;10.163
25/09/26;SANTANDER;CALL;Dic-26;8,25;12.57;44,33;0,99;;110
25/09/26;SANTANDER;CALL;Dic-26;8,50;12.57;43,49;0,99;;100
25/09/26;SANTANDER;CALL;Dic-26;8,75;12.57;42,65;0,99;;22
25/09/26;SANTANDER;CALL;Dic-26;9,00;12.57;41,81;0,98;;315
25/09/26;SANTANDER;CALL;Dic-26;9,25;12.57;40,97;0,97;;2
25/09/26;SANTANDER;CALL;Dic-26;9,50;12.57;40,12;0,96;;65
25/09/26;SANTANDER;CALL;Dic-26;9,75;12.57;39,28;0,95;;5
25/09/26;SANTANDER;CALL;Dic-26;10,00;12.57;38,44;0,93;;67
25/09/26;SANTANDER;CALL;Dic-26;10,50;12.57;36,76;0,88;;67
25/09/26;SANTANDER;CALL;Dic-26;11,00;12.57;35,07;0,82;;58
25/09/26;SANTANDER;CALL;Dic-26;11,50;12.57;33,39;0,74;;378
25/09/26;SANTANDER;CALL;Dic-26;12,00;12.57;31,71;0,65;;57
25/09/26;SANTANDER;CALL;Dic-26;12,50;12.57;30,02;0,54;;80.162
25/09/26;SANTANDER;CALL;Dic-26;13,00;12.57;29,37;0,42;;26.033
25/09/26;SANTANDER;CALL;Dic-26;13,50;12.57;28,89;0,32;;52
25/09/26;SANTANDER;CALL;Dic-26;14,00;12.57;28,42;0,22;;113
25/09/26;SANTANDER;CALL;Dic-26;14,50;12.57;27,94;0,15;;113
25/09/26;SANTANDER;CALL;Mar-27;4,60;12.57;53,96;1,00;;25
25/09/26;SANTANDER;CALL;Mar-27;4,70;12.57;53,67;1,00;;25
25/09/26;SANTANDER;CALL;Mar-27;4,80;12.57;53,37;1,00;;50
25/09/26;SANTANDER;CALL;Mar-27;4,90;12.57;53,07;1,00;;50
25/09/26;SANTANDER;CALL;Mar-27;5,00;12.57;52,77;1,00;;50
25/09/26;SANTANDER;CALL;Mar-27;5,25;12.57;52,02;1,00;;25
25/09/26;SANTANDER;CALL;Mar-27;6,00;12.57;49,77;1,00;;25
25/09/26;SANTANDER;CALL;Mar-27;6,25;12.57;49,02;1,00;;25
25/09/26;SANTANDER;CALL;Mar-27;7,50;12.57;45,28;0,98;;1
25/09/26;SANTANDER;CALL;Mar-27;8,00;12.57;43,78;0,96;;3
25/09/26;SANTANDER;CALL;Mar-27;9,25;12.57;40,03;0,90;;140
25/09/26;SANTANDER;CALL;Mar-27;9,50;12.57;39,28;0,88;;36
25/09/26;SANTANDER;CALL;Mar-27;10,00;12.57;37,79;0,84;;30
25/09/26;SANTANDER;CALL;Mar-27;11,00;12.57;34,79;0,75;;1.820
25/09/26;SANTANDER;CALL;Mar-27;11,50;12.57;33,29;0,69;;52
25/09/26;SANTANDER;CALL;Mar-27;12,00;12.57;31,79;0,63;;6.615
25/09/26;SANTANDER;CALL;Mar-27;12,50;12.57;30,30;0,56;;52.506
25/09/26;SANTANDER;CALL;Mar-27;13,00;12.57;29,72;0,48;;30.105
25/09/26;SANTANDER;CALL;Mar-27;13,50;12.57;29,29;0,41;;6.100
25/09/26;SANTANDER;CALL;Mar-27;14,00;12.57;28,87;0,33;;43
25/09/26;SANTANDER;CALL;Mar-27;14,50;12.57;28,44;0,27;;100
25/09/26;SANTANDER;CALL;Mar-27;15,00;12.57;28,02;0,21;;122
25/09/26;SANTANDER;CALL;Mar-27;15,50;12.57;27,60;0,16;;26
25/09/26;SANTANDER;CALL;Mar-27;16,00;12.57;27,17;0,12;;13
25/09/26;SANTANDER;CALL;Jun-27;6,00;12.57;46,38;0,99;;25
25/09/26;SANTANDER;CALL;Jun-27;6,25;12.57;45,79;0,99;;25
25/09/26;SANTANDER;CALL;Jun-27;6,50;12.57;45,20;0,99;;25
25/09/26;SANTANDER;CALL;Jun-27;6,75;12.57;44,61;0,98;;25
25/09/26;SANTANDER;CALL;Jun-27;7,00;12.57;44,02;0,97;;25
25/09/26;SANTANDER;CALL;Jun-27;7,25;12.57;43,43;0,96;;25
25/09/26;SANTANDER;CALL;Jun-27;8,25;12.57;41,07;0,92;;5
25/09/26;SANTANDER;CALL;Jun-27;9,00;12.57;39,30;0,89;;6.000
25/09/26;SANTANDER;CALL;Jun-27;9,75;12.57;37,53;0,84;;1
25/09/26;SANTANDER;CALL;Jun-27;10,00;12.57;36,94;0,82;;5.030
25/09/26;SANTANDER;CALL;Jun-27;10,50;12.57;35,76;0,78;;100
25/09/26;SANTANDER;CALL;Jun-27;11,00;12.57;34,58;0,73;;19
25/09/26;SANTANDER;CALL;Jun-27;12,00;12.57;32,22;0,63;;5.000
25/09/26;SANTANDER;CALL;Jun-27;12,50;12.57;31,04;0,57;;7.507
25/09/26;SANTANDER;CALL;Jun-27;13,00;12.57;30,53;0,51;;624
25/09/26;SANTANDER;CALL;Jun-27;13,50;12.57;30,13;0,45;;157
25/09/26;SANTANDER;CALL;Jun-27;14,00;12.57;29,73;0,39;;5.001
25/09/26;SANTANDER;CALL;Jun-27;15,00;12.57;28,94;0,28;;2.020
25/09/26;SANTANDER;CALL;Jun-27;16,00;12.57;28,14;0,19;;10
25/09/26;SANTANDER;CALL;Jun-27;16,50;12.57;27,75;0,15;;50
25/09/26;SANTANDER;CALL;Sep-27;9,00;12.57;38,29;0,86;;153
25/09/26;SANTANDER;CALL;Sep-27;10,00;12.57;36,27;0,80;;2
25/09/26;SANTANDER;CALL;Sep-27;10,50;12.57;35,27;0,76;;30
25/09/26;SANTANDER;CALL;Sep-27;11,50;12.57;33,25;0,68;;15
25/09/26;SANTANDER;CALL;Sep-27;12,00;12.57;32,24;0,63;;2
25/09/26;SANTANDER;CALL;Sep-27;12,50;12.57;31,24;0,58;;1.500
25/09/26;SANTANDER;CALL;Dic-27;2,30;12.57;50,43;1,00;;22
25/09/26;SANTANDER;CALL;Dic-27;4,20;12.57;46,91;1,00;;7.000
25/09/26;SANTANDER;CALL;Dic-27;4,90;12.57;45,61;1,00;;4
25/09/26;SANTANDER;CALL;Dic-27;5,00;12.57;45,42;1,00;;2
25/09/26;SANTANDER;CALL;Dic-27;5,25;12.57;44,96;1,00;;3
25/09/26;SANTANDER;CALL;Dic-27;5,50;12.57;44,50;0,99;;5
25/09/26;SANTANDER;CALL;Dic-27;7,00;12.57;41,71;0,95;;2.545
25/09/26;SANTANDER;CALL;Dic-27;7,50;12.57;40,78;0,93;;4
25/09/26;SANTANDER;CALL;Dic-27;8,00;12.57;39,86;0,91;;10
25/09/26;SANTANDER;CALL;Dic-27;8,50;12.57;38,93;0,88;;2
25/09/26;SANTANDER;CALL;Dic-27;9,00;12.57;38,00;0,85;;152
25/09/26;SANTANDER;CALL;Dic-27;9,25;12.57;37,54;0,84;;25
25/09/26;SANTANDER;CALL;Dic-27;10,00;12.57;36,14;0,79;;20
25/09/26;SANTANDER;CALL;Dic-27;10,50;12.57;35,22;0,76;;1
25/09/26;SANTANDER;CALL;Dic-27;11,00;12.57;34,29;0,72;;5.000
25/09/26;SANTANDER;CALL;Dic-27;11,50;12.57;33,36;0,68;;150
25/09/26;SANTANDER;CALL;Dic-27;12,00;12.57;32,43;0,63;;6
25/09/26;SANTANDER;CALL;Dic-27;14,00;12.57;30,39;0,45;;52.500
25/09/26;SANTANDER;CALL;Dic-27;14,50;12.57;30,04;0,40;;3.000
25/09/26;SANTANDER;CALL;Dic-27;15,00;12.57;29,70;0,36;;25.000
25/09/26;SANTANDER;CALL;Dic-27;15,50;12.57;29,35;0,32;;2
25/09/26;SANTANDER;CALL;Mar-28;8,75;12.57;37,98;0,86;;1
25/09/26;SANTANDER;CALL;Mar-28;9,00;12.57;37,55;0,84;;450
25/09/26;SANTANDER;CALL;Mar-28;9,25;12.57;37,13;0,83;;300
25/09/26;SANTANDER;CALL;Mar-28;9,50;12.57;36,70;0,81;;50
25/09/26;SANTANDER;CALL;Mar-28;9,75;12.57;36,28;0,80;;250
25/09/26;SANTANDER;CALL;Mar-28;10,00;12.57;35,85;0,78;;126
25/09/26;SANTANDER;CALL;Mar-28;12,00;12.57;32,46;0,63;;150
25/09/26;SANTANDER;CALL;Mar-28;12,50;12.57;31,61;0,59;;1
25/09/26;SANTANDER;CALL;Mar-28;13,50;12.57;30,85;0,51;;150
25/09/26;SANTANDER;CALL;Mar-28;14,00;12.57;30,51;0,47;;10.001
25/09/26;SANTANDER;CALL;Jun-28;6,00;12.57;42,16;0,97;;3
25/09/26;SANTANDER;CALL;Jun-28;7,75;12.57;39,42;0,90;;4
25/09/26;SANTANDER;CALL;Jun-28;9,50;12.57;36,69;0,81;;5
25/09/26;SANTANDER;CALL;Jun-28;10,00;12.57;35,90;0,78;;150
25/09/26;SANTANDER;CALL;Jun-28;12,50;12.57;31,99;0,60;;3
25/09/26;SANTANDER;CALL;Jun-28;15,50;12.57;30,02;0,38;;3.500
25/09/26;SANTANDER;CALL;Sep-28;13,00;12.57;31,89;0,57;;3
25/09/26;SANTANDER;CALL;Sep-28;15,50;12.57;30,36;0,40;;15
25/09/26;SANTANDER;CALL;Dic-28;8,50;12.57;38,02;0,85;;3.003
25/09/26;SANTANDER;CALL;Dic-28;9,00;12.57;37,34;0,83;;4
25/09/26;SANTANDER;CALL;Dic-28;12,00;12.57;33,28;0,64;;5.000
25/09/26;SANTANDER;CALL;Dic-28;12,50;12.57;32,61;0,61;;1
25/09/26;SANTANDER;CALL;Dic-28;13,00;12.57;32,27;0,58;;2
25/09/26;SANTANDER;PUT;Oct-26;10,00;12.57;36,75;;;4
25/09/26;SANTANDER;PUT;Oct-26;11,00;12.57;33,36;-0,04;;186
25/09/26;SANTANDER;PUT;Oct-26;11,50;12.57;31,66;-0,11;;737
25/09/26;SANTANDER;PUT;Oct-26;12,00;12.57;29,96;-0,24;;10.017
25/09/26;SANTANDER;PUT;Oct-26;12,50;12.57;28,26;-0,45;;373
25/09/26;SANTANDER;PUT;Oct-26;12,75;12.57;27,84;-0,56;;1
25/09/26;SANTANDER;PUT;Oct-26;13,00;12.57;27,59;-0,68;1;28
25/09/26;SANTANDER;PUT;Oct-26;13,25;12.57;27,34;-0,78;;5
25/09/26;SANTANDER;PUT;Oct-26;13,50;12.57;27,09;-0,86;;5
25/09/26;SANTANDER;PUT;Nov-26;10,50;12.57;35,57;-0,10;;20
25/09/26;SANTANDER;PUT;Nov-26;11,00;12.57;33,88;-0,16;;48
25/09/26;SANTANDER;PUT;Nov-26;11,50;12.57;32,18;-0,24;100;911
25/09/26;SANTANDER;PUT;Nov-26;12,00;12.57;30,48;-0,35;50;681
25/09/26;SANTANDER;PUT;Nov-26;12,50;12.57;28,78;-0,49;;17
25/09/26;SANTANDER;PUT;Nov-26;13,00;12.57;28,12;-0,63;;5
25/09/26;SANTANDER;PUT;Dic-26;2,50;12.57;62,35;;;40
25/09/26;SANTANDER;PUT;Dic-26;2,80;12.57;61,33;;;60.000
25/09/26;SANTANDER;PUT;Dic-26;3,20;12.57;59,99;;;10
25/09/26;SANTANDER;PUT;Dic-26;3,40;12.57;59,31;;;2
25/09/26;SANTANDER;PUT;Dic-26;3,50;12.57;58,98;;;5
25/09/26;SANTANDER;PUT;Dic-26;3,60;12.57;58,64;;;50.002
25/09/26;SANTANDER;PUT;Dic-26;4,00;12.57;57,29;;;25.007
25/09/26;SANTANDER;PUT;Dic-26;4,20;12.57;56,62;;;25
25/09/26;SANTANDER;PUT;Dic-26;4,30;12.57;56,28;;;15.000
25/09/26;SANTANDER;PUT;Dic-26;4,40;12.57;55,95;;;10.000
25/09/26;SANTANDER;PUT;Dic-26;4,60;12.57;55,27;;;80
25/09/26;SANTANDER;PUT;Dic-26;4,70;12.57;54,94;;;5
25/09/26;SANTANDER;PUT;Dic-26;4,80;12.57;54,60;;;15.000
25/09/26;SANTANDER;PUT;Dic-26;4,90;12.57;54,26;;;150
25/09/26;SANTANDER;PUT;Dic-26;5,00;12.57;53,93;;;20.400
25/09/26;SANTANDER;PUT;Dic-26;5,25;12.57;53,09;;;600
25/09/26;SANTANDER;PUT;Dic-26;6,00;12.57;50,56;;;5.019
25/09/26;SANTANDER;PUT;Dic-26;6,25;12.57;49,72;;;5
25/09/26;SANTANDER;PUT;Dic-26;6,50;12.57;48,88;;;155
25/09/26;SANTANDER;PUT;Dic-26;6,75;12.57;48,03;;;156
25/09/26;SANTANDER;PUT;Dic-26;7,00;12.57;47,19;;;10.171
25/09/26;SANTANDER;PUT;Dic-26;7,25;12.57;46,35;-0,01;;50
25/09/26;SANTANDER;PUT;Dic-26;7,50;12.57;45,51;-0,01;;18
25/09/26;SANTANDER;PUT;Dic-26;7,75;12.57;44,67;-0,01;;51
25/09/26;SANTANDER;PUT;Dic-26;8,00;12.57;43,83;-0,01;;34.888
25/09/26;SANTANDER;PUT;Dic-26;8,25;12.57;42,98;-0,02;;611
25/09/26;SANTANDER;PUT;Dic-26;8,50;12.57;42,14;-0,02;;15.882
25/09/26;SANTANDER;PUT;Dic-26;8,75;12.57;41,30;-0,03;;856
25/09/26;SANTANDER;PUT;Dic-26;9,00;12.57;40,46;-0,04;;5.090
25/09/26;SANTANDER;PUT;Dic-26;9,25;12.57;39,62;-0,05;;999
25/09/26;SANTANDER;PUT;Dic-26;9,50;12.57;38,77;-0,06;;34
25/09/26;SANTANDER;PUT;Dic-26;9,75;12.57;37,93;-0,07;;20
25/09/26;SANTANDER;PUT;Dic-26;10,00;12.57;37,09;-0,09;;90.011
25/09/26;SANTANDER;PUT;Dic-26;10,50;12.57;35,41;-0,13;;15.210
25/09/26;SANTANDER;PUT;Dic-26;11,00;12.57;33,72;-0,19;;1.240
25/09/26;SANTANDER;PUT;Dic-26;11,50;12.57;32,04;-0,27;5;82
25/09/26;SANTANDER;PUT;Dic-26;12,00;12.57;30,36;-0,36;5;10.241
25/09/26;SANTANDER;PUT;Dic-26;12,50;12.57;28,67;-0,48;5;179
25/09/26;SANTANDER;PUT;Dic-26;13,00;12.57;28,02;-0,59;;5.023
25/09/26;SANTANDER;PUT;Dic-26;13,50;12.57;27,54;-0,71;;100
25/09/26;SANTANDER;PUT;Dic-26;14,00;12.57;27,07;-0,80;;112
25/09/26;SANTANDER;PUT;Dic-26;16,00;12.57;25,16;-0,99;;1
25/09/26;SANTANDER;PUT;Mar-27;5,25;12.57;50,51;;;470
25/09/26;SANTANDER;PUT;Mar-27;5,50;12.57;49,76;;;150
25/09/26;SANTANDER;PUT;Mar-27;6,00;12.57;48,26;-0,01;;150
25/09/26;SANTANDER;PUT;Mar-27;6,75;12.57;46,01;-0,02;;371
25/09/26;SANTANDER;PUT;Mar-27;7,00;12.57;45,26;-0,02;;1
25/09/26;SANTANDER;PUT;Mar-27;7,25;12.57;44,52;-0,03;;16.000
25/09/26;SANTANDER;PUT;Mar-27;8,00;12.57;42,27;-0,05;;100
25/09/26;SANTANDER;PUT;Mar-27;8,25;12.57;41,52;-0,05;;5.400
25/09/26;SANTANDER;PUT;Mar-27;8,50;12.57;40,77;-0,06;;100
25/09/26;SANTANDER;PUT;Mar-27;8,75;12.57;40,02;-0,07;;5
25/09/26;SANTANDER;PUT;Mar-27;9,00;12.57;39,27;-0,09;;40
25/09/26;SANTANDER;PUT;Mar-27;9,25;12.57;38,52;-0,10;;3
25/09/26;SANTANDER;PUT;Mar-27;9,50;12.57;37,77;-0,12;;52.500
25/09/26;SANTANDER;PUT;Mar-27;9,75;12.57;37,02;-0,13;;6.700
25/09/26;SANTANDER;PUT;Mar-27;10,00;12.57;36,28;-0,15;;85
25/09/26;SANTANDER;PUT;Mar-27;10,50;12.57;34,78;-0,19;30;55
25/09/26;SANTANDER;PUT;Mar-27;11,00;12.57;33,28;-0,24;;9.549
25/09/26;SANTANDER;PUT;Mar-27;11,50;12.57;31,78;-0,31;25;90
25/09/26;SANTANDER;PUT;Mar-27;12,00;12.57;30,28;-0,38;;457
25/09/26;SANTANDER;PUT;Mar-27;12,50;12.57;28,79;-0,45;23;29
25/09/26;SANTANDER;PUT;Mar-27;13,00;12.57;28,21;-0,54;;14.500
25/09/26;SANTANDER;PUT;Mar-27;14,50;12.57;26,93;-0,77;;1
25/09/26;SANTANDER;PUT;Jun-27;3,00;12.57;52,55;;;15.000
25/09/26;SANTANDER;PUT;Jun-27;4,00;12.57;50,19;;;1
25/09/26;SANTANDER;PUT;Jun-27;5,50;12.57;46,65;-0,01;;42
25/09/26;SANTANDER;PUT;Jun-27;6,00;12.57;45,47;-0,02;;20.100
25/09/26;SANTANDER;PUT;Jun-27;7,00;12.57;43,11;-0,04;;5.155
25/09/26;SANTANDER;PUT;Jun-27;7,25;12.57;42,52;-0,05;;150
25/09/26;SANTANDER;PUT;Jun-27;7,50;12.57;41,93;-0,05;;813
25/09/26;SANTANDER;PUT;Jun-27;7,75;12.57;41,34;-0,06;;150
25/09/26;SANTANDER;PUT;Jun-27;8,00;12.57;40,75;-0,07;;6.000
25/09/26;SANTANDER;PUT;Jun-27;8,50;12.57;39,57;-0,09;;5.000
25/09/26;SANTANDER;PUT;Jun-27;8,75;12.57;38,98;-0,11;;10
25/09/26;SANTANDER;PUT;Jun-27;9,00;12.57;38,39;-0,12;5;16.000
25/09/26;SANTANDER;PUT;Jun-27;9,50;12.57;37,21;-0,15;;5
25/09/26;SANTANDER;PUT;Jun-27;10,00;12.57;36,03;-0,19;;10.000
25/09/26;SANTANDER;PUT;Jun-27;10,50;12.57;34,85;-0,23;;9.114
25/09/26;SANTANDER;PUT;Jun-27;11,50;12.57;32,49;-0,33;;5.260
25/09/26;SANTANDER;PUT;Jun-27;12,00;12.57;31,31;-0,38;;10.025
25/09/26;SANTANDER;PUT;Jun-27;12,50;12.57;30,13;-0,45;;371
25/09/26;SANTANDER;PUT;Jun-27;13,00;12.57;29,62;-0,51;;27
25/09/26;SANTANDER;PUT;Sep-27;8,00;12.57;39,57;-0,09;;315
25/09/26;SANTANDER;PUT;Sep-27;9,50;12.57;36,55;-0,17;;263
25/09/26;SANTANDER;PUT;Sep-27;9,75;12.57;36,05;-0,18;;25
25/09/26;SANTANDER;PUT;Sep-27;10,00;12.57;35,54;-0,20;;5
25/09/26;SANTANDER;PUT;Sep-27;12,00;12.57;31,51;-0,38;3.500;3.502
25/09/26;SANTANDER;PUT;Sep-27;12,50;12.57;30,51;-0,43;;1.500
25/09/26;SANTANDER;PUT;Sep-27;13,00;12.57;30,05;-0,49;;3
25/09/26;SANTANDER;PUT;Dic-27;3,30;12.57;47,47;;;10
25/09/26;SANTANDER;PUT;Dic-27;3,50;12.57;47,10;;;10.040
25/09/26;SANTANDER;PUT;Dic-27;3,90;12.57;46,36;-0,01;;10
25/09/26;SANTANDER;PUT;Dic-27;4,00;12.57;46,17;-0,01;;42
25/09/26;SANTANDER;PUT;Dic-27;4,20;12.57;45,80;-0,01;;7.000
25/09/26;SANTANDER;PUT;Dic-27;4,40;12.57;45,43;-0,01;;51.025
25/09/26;SANTANDER;PUT;Dic-27;4,70;12.57;44,87;-0,01;;10
25/09/26;SANTANDER;PUT;Dic-27;5,25;12.57;43,85;-0,02;;11.500
25/09/26;SANTANDER;PUT;Dic-27;5,50;12.57;43,39;-0,02;;1
25/09/26;SANTANDER;PUT;Dic-27;5,75;12.57;42,92;-0,03;;50.000
25/09/26;SANTANDER;PUT;Dic-27;6,00;12.57;42,46;-0,04;;5.150
25/09/26;SANTANDER;PUT;Dic-27;6,25;12.57;41,99;-0,04;;150
25/09/26;SANTANDER;PUT;Dic-27;6,50;12.57;41,53;-0,05;;151
25/09/26;SANTANDER;PUT;Dic-27;6,75;12.57;41,07;-0,06;;150
25/09/26;SANTANDER;PUT;Dic-27;7,00;12.57;40,60;-0,06;;10.505
25/09/26;SANTANDER;PUT;Dic-27;7,25;12.57;40,14;-0,07;;325
25/09/26;SANTANDER;PUT;Dic-27;7,50;12.57;39,67;-0,08;;300
25/09/26;SANTANDER;PUT;Dic-27;7,75;12.57;39,21;-0,09;;5.000
25/09/26;SANTANDER;PUT;Dic-27;8,00;12.57;38,75;-0,10;;75
25/09/26;SANTANDER;PUT;Dic-27;8,50;12.57;37,82;-0,13;;10.003
25/09/26;SANTANDER;PUT;Dic-27;8,75;12.57;37,35;-0,14;;23
25/09/26;SANTANDER;PUT;Dic-27;9,00;12.57;36,89;-0,16;;4.000
25/09/26;SANTANDER;PUT;Dic-27;9,75;12.57;35,50;-0,20;;25.000
25/09/26;SANTANDER;PUT;Dic-27;10,00;12.57;35,03;-0,22;;40.176
25/09/26;SANTANDER;PUT;Dic-27;10,50;12.57;34,11;-0,26;;4.745
25/09/26;SANTANDER;PUT;Dic-27;11,00;12.57;33,18;-0,30;;30.005
25/09/26;SANTANDER;PUT;Dic-27;11,50;12.57;32,25;-0,34;;25
25/09/26;SANTANDER;PUT;Dic-27;12,00;12.57;31,32;-0,38;;302
25/09/26;SANTANDER;PUT;Dic-27;12,50;12.57;30,39;-0,43;;3.025
25/09/26;SANTANDER;PUT;Mar-28;9,00;12.57;35,82;-0,16;;3.150
25/09/26;SANTANDER;PUT;Mar-28;9,25;12.57;35,40;-0,18;;150
25/09/26;SANTANDER;PUT;Mar-28;9,75;12.57;34,55;-0,21;;5
25/09/26;SANTANDER;PUT;Mar-28;10,00;12.57;34,12;-0,22;;150
25/09/26;SANTANDER;PUT;Mar-28;10,50;12.57;33,28;-0,26;;387
25/09/26;SANTANDER;PUT;Mar-28;11,00;12.57;32,43;-0,30;;20.175
25/09/26;SANTANDER;PUT;Mar-28;12,00;12.57;30,73;-0,38;;150
25/09/26;SANTANDER;PUT;Mar-28;12,50;12.57;29,88;-0,42;;1
25/09/26;SANTANDER;PUT;Jun-28;5,00;12.57;41,49;-0,02;;10.000
25/09/26;SANTANDER;PUT;Jun-28;10,50;12.57;32,88;-0,26;;10.000
25/09/26;SANTANDER;PUT;Jun-28;11,00;12.57;32,10;-0,30;;381
25/09/26;SANTANDER;PUT;Jun-28;11,50;12.57;31,32;-0,34;;450
25/09/26;SANTANDER;PUT;Jun-28;12,00;12.57;30,53;-0,38;;602
25/09/26;SANTANDER;PUT;Jun-28;12,50;12.57;29,75;-0,42;;3.500
25/09/26;SANTANDER;PUT;Dic-28;4,20;12.57;40,58;-0,02;;10.000
25/09/26;SANTANDER;PUT;Dic-28;6,00;12.57;38,15;-0,06;;12.500
25/09/26;SANTANDER;PUT;Dic-28;8,00;12.57;35,44;-0,13;;15.500
25/09/26;SANTANDER;PUT;Dic-28;8,50;12.57;34,77;-0,16;;3.000
25/09/26;SANTANDER;PUT;Dic-28;9,00;12.57;34,09;-0,18;;5.000
25/09/26;SANTANDER;PUT;Dic-28;10,00;12.57;32,74;-0,24;;12.000
25/09/26;SANTANDER;PUT;Dic-29;3,90;12.57;38,83;-0,02;;3.250
25/09/26;SANTANDER;PUT;Dic-29;5,50;12.57;37,00;-0,06;;25.000
25/09/26;SANTANDER;PUT;Dic-29;8,00;12.57;34,15;-0,15;;11.000
25/09/26;SANTANDER;PUT;Dic-29;10,50;12.57;31,30;-0,28;;100
25/09/26;SANTANDER;PUT;Dic-30;6,00;12.57;35,40;-0,09;;10.000
25/09/26;SANTANDER;PUT;Dic-30;12,50;12.57;28,85;-0,39;;58
25/09/26;SANTANDER;PUT;Dic-30;13,00;12.57;28,60;-0,41;;185
25/09/26;SANTANDER;CALL;Oct-26;11,00;12.57;32,50;0,96;;40
25/09/26;SANTANDER;CALL;Oct-26;12,00;12.57;29,10;0,76;;52
25/09/26;SANTANDER;CALL;Oct-26;12,50;12.57;27,40;0,56;;40
25/09/26;SANTANDER;CALL;Oct-26;13,00;12.57;26,73;0,32;;92
25/09/26;SANTANDER;CALL;Oct-26;13,00;12.57;26,73;0,32;;62
25/09/26;SANTANDER;CALL;Oct-26;13,50;12.57;26,23;0,14;;4.596
25/09/26;SANTANDER;CALL;Oct-26;13,50;12.57;26,23;0,14;;10
25/09/26;SANTANDER;CALL;Oct-26;14,00;12.57;25,72;0,05;;48.139
25/09/26;SANTANDER;CALL;Nov-26;10,50;12.57;36,45;0,90;;1
25/09/26;SANTANDER;CALL;Nov-26;11,00;12.57;34,76;0,84;;1
25/09/26;SANTANDER;CALL;Nov-26;12,00;12.57;31,36;0,65;;20
25/09/26;SANTANDER;CALL;Nov-26;12,50;12.57;29,66;0,52;;10
25/09/26;SANTANDER;CALL;Nov-26;13,00;12.57;29,00;0,38;;40
25/09/26;SANTANDER;CALL;Nov-26;13,00;12.57;29,00;0,38;;20
25/09/26;SANTANDER;CALL;Nov-26;13,50;12.57;28,51;0,26;;45
25/09/26;SANTANDER;CALL;Nov-26;13,50;12.57;28,51;0,26;;40
25/09/26;SANTANDER;CALL;Nov-26;14,00;12.57;28,02;0,16;;10
25/09/26;SANTANDER;CALL;Nov-26;14,00;12.57;28,02;0,16;;20
25/09/26;SANTANDER;CALL;Dic-26;5,50;12.57;53,59;0,99;;15
25/09/26;SANTANDER;CALL;Dic-26;6,50;12.57;50,23;0,99;;36
25/09/26;SANTANDER;CALL;Dic-26;8,00;12.57;45,18;0,98;;2
25/09/26;SANTANDER;CALL;Dic-26;8,50;12.57;43,49;0,97;;2
25/09/26;SANTANDER;CALL;Dic-26;8,75;12.57;42,65;0,96;;25
25/09/26;SANTANDER;CALL;Dic-26;9,00;12.57;41,81;0,95;;10
25/09/26;SANTANDER;CALL;Dic-26;10,50;12.57;36,76;0,85;;12
25/09/26;SANTANDER;CALL;Dic-26;12,00;12.57;31,71;0,63;;20
25/09/26;SANTANDER;CALL;Dic-26;12,50;12.57;30,02;0,53;;2
25/09/26;SANTANDER;CALL;Dic-26;13,50;12.57;28,89;0,31;;2
25/09/26;SANTANDER;CALL;Dic-26;14,00;12.57;28,42;0,22;;365
25/09/26;SANTANDER;CALL;Mar-27;4,00;12.57;55,76;0,99;;30
25/09/26;SANTANDER;CALL;Mar-27;5,00;12.57;52,77;0,98;;20
25/09/26;SANTANDER;CALL;Mar-27;10,00;12.57;37,79;0,83;;1
25/09/26;SANTANDER;CALL;Mar-27;12,50;12.57;30,30;0,55;;1
25/09/26;SANTANDER;CALL;Jun-27;14,00;12.57;29,73;0,38;;1
25/09/26;SANTANDER;CALL;Jun-27;15,00;12.57;28,94;0,27;;1
25/09/26;SANTANDER;CALL;Sep-27;11,00;12.57;34,26;0,70;;1
25/09/26;SANTANDER;CALL;Sep-27;13,50;12.57;30,43;0,46;;1
25/09/26;SANTANDER;CALL;Dic-27;14,00;12.57;30,39;0,42;;4
25/09/26;SANTANDER;CALL;Mar-28;14,00;12.57;30,51;0,45;;1
25/09/26;SANTANDER;CALL;Mar-28;14,50;12.57;30,16;0,41;;1
25/09/26;SANTANDER;CALL;Jun-28;14,50;12.57;30,65;0,42;;1
25/09/26;SANTANDER;CALL;Dic-28;6,00;12.57;41,40;0,87;50;1
25/09/26;SANTANDER;CALL;Dic-28;7,00;12.57;40,04;0,84;2;2
25/09/26;SANTANDER;PUT;Oct-26;11,00;12.57;33,36;-0,04;;2
25/09/26;SANTANDER;PUT;Oct-26;11,50;12.57;31,66;-0,11;;10
25/09/26;SANTANDER;PUT;Oct-26;11,50;12.57;31,66;-0,11;;10
25/09/26;SANTANDER;PUT;Oct-26;12,00;12.57;29,96;-0,24;;33
25/09/26;SANTANDER;PUT;Oct-26;12,50;12.57;28,26;-0,44;;52
25/09/26;SANTANDER;PUT;Oct-26;12,50;12.57;28,26;-0,44;;52
25/09/26;SANTANDER;PUT;Oct-26;13,00;12.57;27,59;-0,67;;101
25/09/26;SANTANDER;PUT;Oct-26;13,50;12.57;27,09;-0,85;;10
25/09/26;SANTANDER;PUT;Oct-26;14,50;12.57;26,08;-0,99;;20
25/09/26;SANTANDER;PUT;Oct-26;15,00;12.57;25,57;-1,00;;10
25/09/26;SANTANDER;PUT;Nov-26;11,00;12.57;33,88;-0,16;;2
25/09/26;SANTANDER;PUT;Nov-26;11,50;12.57;32,18;-0,24;;20
25/09/26;SANTANDER;PUT;Nov-26;12,00;12.57;30,48;-0,35;;12
25/09/26;SANTANDER;PUT;Nov-26;12,00;12.57;30,48;-0,35;;62
25/09/26;SANTANDER;PUT;Nov-26;12,50;12.57;28,78;-0,48;;32
25/09/26;SANTANDER;PUT;Nov-26;13,00;12.57;28,12;-0,62;;20
25/09/26;SANTANDER;PUT;Nov-26;15,50;12.57;25,67;-0,98;;5
25/09/26;SANTANDER;PUT;Dic-26;6,75;12.57;48,03;;;2.800
25/09/26;SANTANDER;PUT;Dic-26;9,00;12.57;40,46;-0,04;;10
25/09/26;SANTANDER;PUT;Dic-26;9,75;12.57;37,93;-0,07;;26
25/09/26;SANTANDER;PUT;Dic-26;10,00;12.57;37,09;-0,09;;25
25/09/26;SANTANDER;PUT;Dic-26;10,50;12.57;35,41;-0,13;;10
25/09/26;SANTANDER;PUT;Dic-26;11,00;12.57;33,72;-0,19;;20
25/09/26;SANTANDER;PUT;Dic-26;11,00;12.57;33,72;-0,19;;10
25/09/26;SANTANDER;PUT;Dic-26;11,50;12.57;32,04;-0,27;;2
25/09/26;SANTANDER;PUT;Dic-26;12,00;12.57;30,36;-0,36;;27
25/09/26;SANTANDER;PUT;Dic-26;12,50;12.57;28,67;-0,47;;2
25/09/26;SANTANDER;PUT;Dic-26;13,00;12.57;28,02;-0,58;;1
25/09/26;SANTANDER;PUT;Dic-26;16,00;12.57;25,16;-0,97;;10
25/09/26;SANTANDER;PUT;Mar-27;9,00;12.57;39,27;-0,09;;2
25/09/26;SANTANDER;PUT;Mar-27;12,00;12.57;30,28;-0,36;;1
25/09/26;SANTANDER;PUT;Mar-27;12,50;12.57;28,79;-0,44;;2
25/09/26;SANTANDER;PUT;Mar-27;16,50;12.57;25,24;-0,91;5;5
25/09/26;SANTANDER;PUT;Jun-27;11,50;12.57;32,49;-0,32;;1
25/09/26;SANTANDER;PUT;Jun-27;12,00;12.57;31,31;-0,37;;1
25/09/26;SANTANDER;PUT;Sep-27;12,00;12.57;31,51;-0,36;;1
25/09/26;SANTANDER;PUT;Dic-27;11,00;12.57;33,18;-0,28;;1
25/09/26;SANTANDER;PUT;Dic-29;10,50;12.57;31,30;-0,25;;60
25/09/26;SOLARIA;CALL;Oct-26;16,00;16.49;54,30;0,62;3;3
25/09/26;SOLARIA;CALL;Oct-26;19,00;16.49;51,40;0,14;;8
25/09/26;SOLARIA;CALL;Nov-26;16,00;16.49;54,29;0,60;;3
25/09/26;SOLARIA;CALL;Dic-26;18,00;16.49;50,16;0,41;;9
25/09/26;SOLARIA;CALL;Dic-26;20,00;16.49;49,11;0,25;;4
25/09/26;SOLARIA;PUT;Oct-26;15,00;16.49;56,45;-0,22;4.000;4.000
25/09/26;SOLARIA;PUT;Nov-26;14,50;16.49;57,56;-0,24;;5
25/09/26;SOLARIA;PUT;Nov-26;15,00;16.49;56,46;-0,29;;5
25/09/26;SOLARIA;PUT;Nov-26;16,00;16.49;54,26;-0,40;;3
25/09/26;SOLARIA;PUT;Dic-26;14,00;16.49;55,87;-0,22;;1
25/09/26;SOLARIA;PUT;Dic-26;14,50;16.49;54,87;-0,26;;8
25/09/26;SOLARIA;PUT;Dic-26;18,00;16.49;50,10;-0,59;;5
25/09/26;SOLARIA;PUT;Dic-26;22,00;16.49;48,00;-0,88;;25
25/09/26;SOLARIA;PUT;Mar-27;14,00;16.49;51,48;-0,25;;5
25/09/26;SOLARIA;PUT;Jun-27;24,00;16.49;45,75;-0,79;;20
25/09/26;SOLARIA;PUT;Jun-27;26,00;16.49;45,55;-0,86;;20
25/09/26;TECNICAS REUNIDAS;CALL;Oct-26;27,49;26.42;46,44;0,39;;8
25/09/26;TECNICAS REUNIDAS;CALL;Oct-26;28,41;26.42;45,83;0,28;;10
25/09/26;TECNICAS REUNIDAS;CALL;Oct-26;29,32;26.42;45,22;0,19;;13
25/09/26;TECNICAS REUNIDAS;CALL;Oct-26;30,24;26.42;44,61;0,12;;19
25/09/26;TECNICAS REUNIDAS;CALL;Oct-26;34,82;26.42;41,54;;;2
25/09/26;TECNICAS REUNIDAS;CALL;Oct-26;36,65;26.42;40,32;;;5
25/09/26;TECNICAS REUNIDAS;CALL;Nov-26;30,24;26.42;44,74;0,24;;10
25/09/26;TECNICAS REUNIDAS;CALL;Nov-26;32,07;26.42;43,51;0,14;;4
25/09/26;TECNICAS REUNIDAS;CALL;Nov-26;32,99;26.42;42,90;0,10;;5
25/09/26;TECNICAS REUNIDAS;CALL;Nov-26;33,90;26.42;42,29;0,07;;5
25/09/26;TECNICAS REUNIDAS;CALL;Nov-26;35,74;26.42;41,06;0,03;;5
25/09/26;TECNICAS REUNIDAS;CALL;Dic-26;27,49;26.42;50,71;0,47;;10
25/09/26;TECNICAS REUNIDAS;CALL;Dic-26;35,74;26.42;45,81;0,09;;3
25/09/26;TECNICAS REUNIDAS;CALL;Dic-26;41,23;26.42;42,56;0,01;;5
25/09/26;TECNICAS REUNIDAS;CALL;Mar-27;37,00;26.42;48,22;0,19;;1
25/09/26;TECNICAS REUNIDAS;CALL;Jun-27;26,00;26.42;49,53;0,59;;4
25/09/26;TECNICAS REUNIDAS;CALL;Jun-27;29,00;26.42;48,39;0,49;;12
25/09/26;TECNICAS REUNIDAS;CALL;Mar-28;36,00;26.42;41,63;0,35;;20
25/09/26;TECNICAS REUNIDAS;CALL;Mar-28;37,00;26.42;41,56;0,33;;5
25/09/26;TECNICAS REUNIDAS;CALL;Mar-28;38,00;26.42;41,48;0,31;;20
25/09/26;TECNICAS REUNIDAS;PUT;Oct-26;20,16;26.42;51,04;-0,01;;5
25/09/26;TECNICAS REUNIDAS;PUT;Oct-26;23,82;26.42;44,25;-0,15;;15
25/09/26;TECNICAS REUNIDAS;PUT;Oct-26;24,74;26.42;42,55;-0,24;;1
25/09/26;TECNICAS REUNIDAS;PUT;Nov-26;19,24;26.42;51,45;-0,06;;3
25/09/26;TECNICAS REUNIDAS;PUT;Nov-26;21,99;26.42;46,35;-0,17;;2
25/09/26;TECNICAS REUNIDAS;PUT;Nov-26;24,74;26.42;41,25;-0,37;;2
25/09/26;TECNICAS REUNIDAS;PUT;Nov-26;25,66;26.42;39,54;-0,46;;1
25/09/26;TECNICAS REUNIDAS;PUT;Dic-26;18,33;26.42;52,39;-0,07;;2
25/09/26;TECNICAS REUNIDAS;PUT;Dic-26;20,16;26.42;49,29;-0,12;;2
25/09/26;TECNICAS REUNIDAS;PUT;Dic-26;21,07;26.42;47,75;-0,16;;5
25/09/26;TECNICAS REUNIDAS;PUT;Dic-26;22,91;26.42;44,64;-0,25;;2
25/09/26;TECNICAS REUNIDAS;PUT;Dic-26;26,57;26.42;38,62;-0,53;;10
25/09/26;TECNICAS REUNIDAS;PUT;Dic-26;27,49;26.42;38,08;-0,60;;10
25/09/26;TECNICAS REUNIDAS;PUT;Mar-27;16,00;26.42;55,45;-0,07;;1
25/09/26;TECNICAS REUNIDAS;PUT;Mar-27;30,00;26.42;39,64;-0,66;;5
25/09/26;TECNICAS REUNIDAS;PUT;Jun-27;18,00;26.42;49,90;-0,14;;3
25/09/26;TECNICAS REUNIDAS;PUT;Jun-27;32,00;26.42;38,72;-0,69;;2
25/09/26;TECNICAS REUNIDAS;PUT;Sep-27;24,00;26.42;41,40;-0,34;;4
25/09/26;TECNICAS REUNIDAS;PUT;Sep-27;28,00;26.42;38,78;-0,50;;1
25/09/26;TECNICAS REUNIDAS;PUT;Jun-28;18,50;26.42;42,12;-0,18;;5
25/09/26;TECNICAS REUNIDAS;PUT;Dic-26;26,00;26.42;39,42;-0,47;;5
25/09/26;TECNICAS REUNIDAS;PUT;Dic-26;27,00;26.42;38,37;-0,56;;5
25/09/26;TELEFONICA;CALL;Oct-26;3,40;3.45;18,82;0,64;;1
25/09/26;TELEFONICA;CALL;Oct-26;3,50;3.45;18,27;0,39;;10
25/09/26;TELEFONICA;CALL;Oct-26;3,60;3.45;17,97;0,17;;2
25/09/26;TELEFONICA;CALL;Oct-26;3,70;3.45;17,67;0,05;;25.039
25/09/26;TELEFONICA;CALL;Oct-26;3,80;3.45;17,38;0,01;;92
25/09/26;TELEFONICA;CALL;Oct-26;3,90;3.45;17,08;;;2
25/09/26;TELEFONICA;CALL;Nov-26;3,20;3.45;24,89;0,80;;1
25/09/26;TELEFONICA;CALL;Nov-26;3,50;3.45;22,70;0,47;;11
25/09/26;TELEFONICA;CALL;Nov-26;3,70;3.45;22,14;0,23;;68
25/09/26;TELEFONICA;CALL;Nov-26;3,80;3.45;21,86;0,15;;7.000
25/09/26;TELEFONICA;CALL;Nov-26;4,00;3.45;21,30;0,05;;88
25/09/26;TELEFONICA;CALL;Dic-26;2,80;3.45;28,78;0,95;2.000;2.000
25/09/26;TELEFONICA;CALL;Dic-26;2,90;3.45;28,02;0,92;;1
25/09/26;TELEFONICA;CALL;Dic-26;3,00;3.45;27,25;0,88;;9
25/09/26;TELEFONICA;CALL;Dic-26;3,20;3.45;25,72;0,76;;5
25/09/26;TELEFONICA;CALL;Dic-26;3,30;3.45;24,96;0,68;;10
25/09/26;TELEFONICA;CALL;Dic-26;3,40;3.45;24,20;0,59;;65
25/09/26;TELEFONICA;CALL;Dic-26;3,50;3.45;23,68;0,49;6;194
25/09/26;TELEFONICA;CALL;Dic-26;3,60;3.45;23,39;0,39;;86.509
25/09/26;TELEFONICA;CALL;Dic-26;3,70;3.45;23,10;0,30;;1.959
25/09/26;TELEFONICA;CALL;Dic-26;3,80;3.45;22,81;0,22;;2.330
25/09/26;TELEFONICA;CALL;Dic-26;3,90;3.45;22,52;0,15;1;1.057
25/09/26;TELEFONICA;CALL;Dic-26;4,00;3.45;22,23;0,10;;120.750
25/09/26;TELEFONICA;CALL;Dic-26;4,10;3.45;21,94;0,06;;570
25/09/26;TELEFONICA;CALL;Dic-26;4,20;3.45;21,65;0,04;;1.214
25/09/26;TELEFONICA;CALL;Dic-26;4,30;3.45;21,36;0,02;;511
25/09/26;TELEFONICA;CALL;Dic-26;4,40;3.45;21,07;0,01;;14
25/09/26;TELEFONICA;CALL;Dic-26;4,50;3.45;20,78;;;43.670
25/09/26;TELEFONICA;CALL;Dic-26;4,60;3.45;20,49;;;35.000
25/09/26;TELEFONICA;CALL;Dic-26;4,70;3.45;20,20;;;20.010
25/09/26;TELEFONICA;CALL;Dic-26;4,90;3.45;19,62;;;8.004
25/09/26;TELEFONICA;CALL;Dic-26;5,00;3.45;19,33;;;771
25/09/26;TELEFONICA;CALL;Dic-26;5,25;3.45;18,60;;;8
25/09/26;TELEFONICA;CALL;Dic-26;5,50;3.45;17,88;;;2
25/09/26;TELEFONICA;CALL;Mar-27;2,20;3.45;30,35;0,99;;1
25/09/26;TELEFONICA;CALL;Mar-27;3,10;3.45;25,47;0,78;;30
25/09/26;TELEFONICA;CALL;Mar-27;3,20;3.45;24,93;0,72;;10
25/09/26;TELEFONICA;CALL;Mar-27;3,40;3.45;23,85;0,60;;1
25/09/26;TELEFONICA;CALL;Mar-27;3,50;3.45;23,43;0,53;;2
25/09/26;TELEFONICA;CALL;Mar-27;3,60;3.45;23,12;0,46;;56
25/09/26;TELEFONICA;CALL;Mar-27;3,70;3.45;22,81;0,39;;523
25/09/26;TELEFONICA;CALL;Mar-27;3,80;3.45;22,50;0,32;;295
25/09/26;TELEFONICA;CALL;Mar-27;4,00;3.45;21,88;0,21;;140
25/09/26;TELEFONICA;CALL;Mar-27;4,20;3.45;21,26;0,12;;70
25/09/26;TELEFONICA;CALL;Mar-27;4,30;3.45;20,95;0,09;;4
25/09/26;TELEFONICA;CALL;Mar-27;4,40;3.45;20,64;0,06;;5.000
25/09/26;TELEFONICA;CALL;Mar-27;4,60;3.45;20,03;0,03;;20.000
25/09/26;TELEFONICA;CALL;Mar-27;4,80;3.45;19,41;0,01;;25
25/09/26;TELEFONICA;CALL;Jun-27;2,00;3.45;29,97;0,99;;10
25/09/26;TELEFONICA;CALL;Jun-27;3,00;3.45;25,81;0,81;;5
25/09/26;TELEFONICA;CALL;Jun-27;3,50;3.45;23,79;0,55;;1
25/09/26;TELEFONICA;CALL;Jun-27;3,60;3.45;23,48;0,49;;100
25/09/26;TELEFONICA;CALL;Jun-27;3,80;3.45;22,86;0,38;;26
25/09/26;TELEFONICA;CALL;Jun-27;3,90;3.45;22,55;0,32;;14
25/09/26;TELEFONICA;CALL;Jun-27;4,00;3.45;22,24;0,27;;58
25/09/26;TELEFONICA;CALL;Jun-27;4,10;3.45;21,93;0,22;;4.028
25/09/26;TELEFONICA;CALL;Jun-27;4,20;3.45;21,62;0,18;;24.007
25/09/26;TELEFONICA;CALL;Jun-27;4,30;3.45;21,31;0,14;;102
25/09/26;TELEFONICA;CALL;Jun-27;4,40;3.45;21,00;0,11;;456
25/09/26;TELEFONICA;CALL;Jun-27;4,50;3.45;20,70;0,08;;6.700
25/09/26;TELEFONICA;CALL;Jun-27;4,70;3.45;20,08;0,04;;10
25/09/26;TELEFONICA;CALL;Jun-27;4,80;3.45;19,77;0,03;;150
25/09/26;TELEFONICA;CALL;Jun-27;4,90;3.45;19,46;0,02;;150
25/09/26;TELEFONICA;CALL;Jun-27;5,00;3.45;19,15;0,01;;150
25/09/26;TELEFONICA;CALL;Jun-27;5,50;3.45;17,60;;;5
25/09/26;TELEFONICA;CALL;Jun-27;5,75;3.45;16,83;;;20
25/09/26;TELEFONICA;CALL;Sep-27;3,00;3.45;26,07;0,79;4;4
25/09/26;TELEFONICA;CALL;Sep-27;3,30;3.45;25,05;0,66;;10
25/09/26;TELEFONICA;CALL;Sep-27;3,60;3.45;24,15;0,50;;10
25/09/26;TELEFONICA;CALL;Sep-27;3,70;3.45;23,89;0,45;;31
25/09/26;TELEFONICA;CALL;Sep-27;3,80;3.45;23,63;0,39;;4
25/09/26;TELEFONICA;CALL;Sep-27;3,90;3.45;23,37;0,35;;150
25/09/26;TELEFONICA;CALL;Sep-27;4,60;3.45;21,54;0,10;;2
25/09/26;TELEFONICA;CALL;Sep-27;5,50;3.45;19,19;0,01;;22
25/09/26;TELEFONICA;CALL;Dic-27;2,30;3.45;28,85;0,96;;10
25/09/26;TELEFONICA;CALL;Dic-27;2,40;3.45;28,55;0,95;;10
25/09/26;TELEFONICA;CALL;Dic-27;2,50;3.45;28,25;0,93;;10
25/09/26;TELEFONICA;CALL;Dic-27;2,60;3.45;27,95;0,90;;10
25/09/26;TELEFONICA;CALL;Dic-27;2,70;3.45;27,65;0,88;;25
25/09/26;TELEFONICA;CALL;Dic-27;2,80;3.45;27,35;0,84;;15
25/09/26;TELEFONICA;CALL;Dic-27;2,90;3.45;27,05;0,81;;15
25/09/26;TELEFONICA;CALL;Dic-27;3,00;3.45;26,75;0,77;;3
25/09/26;TELEFONICA;CALL;Dic-27;3,10;3.45;26,45;0,73;;10
25/09/26;TELEFONICA;CALL;Dic-27;3,20;3.45;26,15;0,69;;750
25/09/26;TELEFONICA;CALL;Dic-27;3,50;3.45;25,29;0,55;;142
25/09/26;TELEFONICA;CALL;Dic-27;3,60;3.45;25,07;0,50;;21
25/09/26;TELEFONICA;CALL;Dic-27;3,70;3.45;24,85;0,46;;6
25/09/26;TELEFONICA;CALL;Dic-27;3,80;3.45;24,63;0,42;2;9.013
25/09/26;TELEFONICA;CALL;Dic-27;3,90;3.45;24,40;0,38;;1
25/09/26;TELEFONICA;CALL;Dic-27;4,00;3.45;24,18;0,34;;870
25/09/26;TELEFONICA;CALL;Dic-27;4,10;3.45;23,96;0,30;;102
25/09/26;TELEFONICA;CALL;Dic-27;4,20;3.45;23,74;0,26;;3
25/09/26;TELEFONICA;CALL;Dic-27;4,30;3.45;23,52;0,23;;36
25/09/26;TELEFONICA;CALL;Dic-27;4,40;3.45;23,29;0,20;;79
25/09/26;TELEFONICA;CALL;Dic-27;4,50;3.45;23,07;0,17;;139
25/09/26;TELEFONICA;CALL;Dic-27;4,60;3.45;22,85;0,15;;4.001
25/09/26;TELEFONICA;CALL;Dic-27;4,70;3.45;22,63;0,13;;30.150
25/09/26;TELEFONICA;CALL;Dic-27;5,00;3.45;21,96;0,07;;486
25/09/26;TELEFONICA;CALL;Dic-27;5,25;3.45;21,40;0,04;;167
25/09/26;TELEFONICA;CALL;Dic-27;5,50;3.45;20,85;0,02;;25
25/09/26;TELEFONICA;CALL;Dic-27;6,00;3.45;19,74;0,01;;21.105
25/09/26;TELEFONICA;CALL;Mar-28;2,10;3.45;29,52;0,98;;10
25/09/26;TELEFONICA;CALL;Mar-28;2,20;3.45;29,26;0,96;;10
25/09/26;TELEFONICA;CALL;Mar-28;2,30;3.45;29,00;0,95;;10
25/09/26;TELEFONICA;CALL;Mar-28;2,40;3.45;28,74;0,93;;10
25/09/26;TELEFONICA;CALL;Mar-28;2,50;3.45;28,47;0,91;;10
25/09/26;TELEFONICA;CALL;Mar-28;2,60;3.45;28,21;0,88;;10
25/09/26;TELEFONICA;CALL;Mar-28;2,70;3.45;27,95;0,85;;50
25/09/26;TELEFONICA;CALL;Mar-28;2,80;3.45;27,69;0,82;;15
25/09/26;TELEFONICA;CALL;Mar-28;2,90;3.45;27,43;0,79;;15
25/09/26;TELEFONICA;CALL;Mar-28;3,00;3.45;27,17;0,75;;20
25/09/26;TELEFONICA;CALL;Mar-28;3,10;3.45;26,91;0,71;;20
25/09/26;TELEFONICA;CALL;Mar-28;3,20;3.45;26,65;0,67;;27
25/09/26;TELEFONICA;CALL;Mar-28;3,30;3.45;26,39;0,63;;25
25/09/26;TELEFONICA;CALL;Mar-28;3,40;3.45;26,13;0,60;;521
25/09/26;TELEFONICA;CALL;Mar-28;3,50;3.45;25,89;0,55;;35
25/09/26;TELEFONICA;CALL;Mar-28;3,60;3.45;25,69;0,52;;26
25/09/26;TELEFONICA;CALL;Mar-28;3,70;3.45;25,49;0,48;;25
25/09/26;TELEFONICA;CALL;Mar-28;3,80;3.45;25,29;0,44;;1
25/09/26;TELEFONICA;CALL;Mar-28;4,00;3.45;24,88;0,37;;10
25/09/26;TELEFONICA;CALL;Mar-28;4,10;3.45;24,68;0,34;;1
25/09/26;TELEFONICA;CALL;Mar-28;4,50;3.45;23,86;0,22;;100
25/09/26;TELEFONICA;CALL;Mar-28;4,60;3.45;23,66;0,19;;1
25/09/26;TELEFONICA;CALL;Jun-28;4,00;3.45;25,20;0,39;;100
25/09/26;TELEFONICA;CALL;Jun-28;4,50;3.45;24,33;0,25;;27
25/09/26;TELEFONICA;CALL;Jun-28;4,60;3.45;24,16;0,22;;150
25/09/26;TELEFONICA;CALL;Jun-28;4,70;3.45;23,98;0,20;;175
25/09/26;TELEFONICA;CALL;Jun-28;5,00;3.45;23,46;0,14;;4
25/09/26;TELEFONICA;CALL;Sep-28;3,50;3.45;26,19;0,57;;30
25/09/26;TELEFONICA;CALL;Sep-28;4,00;3.45;25,37;0,40;;1
25/09/26;TELEFONICA;CALL;Dic-28;2,90;3.45;27,55;0,77;;25
25/09/26;TELEFONICA;CALL;Dic-28;3,00;3.45;27,38;0,73;25;50
25/09/26;TELEFONICA;CALL;Dic-28;3,10;3.45;27,21;0,70;25;50
25/09/26;TELEFONICA;CALL;Dic-28;3,20;3.45;27,03;0,67;;25
25/09/26;TELEFONICA;CALL;Dic-28;3,50;3.45;26,52;0,57;;30
25/09/26;TELEFONICA;CALL;Dic-28;3,60;3.45;26,38;0,54;;50
25/09/26;TELEFONICA;CALL;Dic-28;3,70;3.45;26,23;0,51;;5
25/09/26;TELEFONICA;CALL;Dic-28;3,80;3.45;26,09;0,47;;23
25/09/26;TELEFONICA;CALL;Dic-28;4,00;3.45;25,80;0,42;;18
25/09/26;TELEFONICA;CALL;Dic-28;4,50;3.45;25,07;0,29;;55
25/09/26;TELEFONICA;CALL;Dic-28;4,80;3.45;24,64;0,22;;10
25/09/26;TELEFONICA;CALL;Dic-28;5,00;3.45;24,35;0,19;;65
25/09/26;TELEFONICA;CALL;Dic-28;5,25;3.45;23,99;0,15;;50
25/09/26;TELEFONICA;CALL;Jun-29;4,50;3.45;25,77;0,33;;5
25/09/26;TELEFONICA;CALL;Dic-29;3,40;3.45;27,52;0,61;;10
25/09/26;TELEFONICA;CALL;Dic-29;4,30;3.45;26,47;0,40;;1
25/09/26;TELEFONICA;CALL;Dic-29;4,50;3.45;26,24;0,35;;37
25/09/26;TELEFONICA;CALL;Dic-29;5,00;3.45;25,66;0,26;;543
25/09/26;TELEFONICA;CALL;Jun-30;5,75;3.45;25,27;0,19;;400
25/09/26;TELEFONICA;CALL;Dic-30;4,50;3.45;26,90;0,40;;3
25/09/26;TELEFONICA;CALL;Jun-31;4,40;3.45;27,24;0,43;;50
25/09/26;TELEFONICA;PUT;Oct-26;3,20;3.45;22,04;-0,07;;10
25/09/26;TELEFONICA;PUT;Oct-26;3,30;3.45;21,23;-0,18;;10
25/09/26;TELEFONICA;PUT;Oct-26;3,40;3.45;20,42;-0,37;;13
25/09/26;TELEFONICA;PUT;Oct-26;3,50;3.45;19,87;-0,61;;82
25/09/26;TELEFONICA;PUT;Oct-26;3,60;3.45;19,57;-0,81;;20.849
25/09/26;TELEFONICA;PUT;Oct-26;3,70;3.45;19,27;-0,94;;30
25/09/26;TELEFONICA;PUT;Oct-26;3,80;3.45;18,98;-1,00;;8
25/09/26;TELEFONICA;PUT;Oct-26;3,90;3.45;18,68;-1,00;;12
25/09/26;TELEFONICA;PUT;Oct-26;4,00;3.45;18,38;-1,00;;30
25/09/26;TELEFONICA;PUT;Nov-26;3,20;3.45;24,64;-0,20;13;13
25/09/26;TELEFONICA;PUT;Nov-26;3,30;3.45;23,82;-0,29;;20
25/09/26;TELEFONICA;PUT;Nov-26;3,40;3.45;22,99;-0,41;;34
25/09/26;TELEFONICA;PUT;Nov-26;3,50;3.45;22,45;-0,54;;126
25/09/26;TELEFONICA;PUT;Nov-26;3,60;3.45;22,17;-0,67;;4
25/09/26;TELEFONICA;PUT;Nov-26;3,70;3.45;21,89;-0,78;;25
25/09/26;TELEFONICA;PUT;Nov-26;3,80;3.45;21,61;-0,88;;45
25/09/26;TELEFONICA;PUT;Dic-26;2,50;3.45;30,34;-0,01;;8
25/09/26;TELEFONICA;PUT;Dic-26;2,80;3.45;28,05;-0,05;;100
25/09/26;TELEFONICA;PUT;Dic-26;2,90;3.45;27,29;-0,08;;50
25/09/26;TELEFONICA;PUT;Dic-26;3,00;3.45;26,52;-0,12;;23
25/09/26;TELEFONICA;PUT;Dic-26;3,10;3.45;25,76;-0,17;;200
25/09/26;TELEFONICA;PUT;Dic-26;3,20;3.45;24,99;-0,24;;177
25/09/26;TELEFONICA;PUT;Dic-26;3,30;3.45;24,23;-0,32;;47
25/09/26;TELEFONICA;PUT;Dic-26;3,40;3.45;23,47;-0,41;;65.267
25/09/26;TELEFONICA;PUT;Dic-26;3,50;3.45;22,95;-0,52;;20.219
25/09/26;TELEFONICA;PUT;Dic-26;3,60;3.45;22,66;-0,62;;95.174
25/09/26;TELEFONICA;PUT;Dic-26;3,70;3.45;22,37;-0,72;;320
25/09/26;TELEFONICA;PUT;Dic-26;3,80;3.45;22,08;-0,81;;348
25/09/26;TELEFONICA;PUT;Dic-26;3,90;3.45;21,79;-0,89;;2.733
25/09/26;TELEFONICA;PUT;Dic-26;4,00;3.45;21,50;-0,94;;107.538
25/09/26;TELEFONICA;PUT;Dic-26;4,10;3.45;21,21;-0,99;;9
25/09/26;TELEFONICA;PUT;Dic-26;4,20;3.45;20,92;-1,00;;8
25/09/26;TELEFONICA;PUT;Dic-26;4,30;3.45;20,63;-1,00;;83
25/09/26;TELEFONICA;PUT;Dic-26;4,50;3.45;20,05;-1,00;;37.510
25/09/26;TELEFONICA;PUT;Dic-26;4,60;3.45;19,76;-1,00;;15.000
25/09/26;TELEFONICA;PUT;Mar-27;3,10;3.45;25,75;-0,23;;13
25/09/26;TELEFONICA;PUT;Mar-27;3,20;3.45;25,21;-0,28;;33
25/09/26;TELEFONICA;PUT;Mar-27;3,30;3.45;24,67;-0,35;5;6
25/09/26;TELEFONICA;PUT;Mar-27;3,40;3.45;24,13;-0,41;;11
25/09/26;TELEFONICA;PUT;Mar-27;3,50;3.45;23,71;-0,48;;78
25/09/26;TELEFONICA;PUT;Mar-27;3,60;3.45;23,40;-0,56;;50
25/09/26;TELEFONICA;PUT;Mar-27;3,70;3.45;23,09;-0,63;;19
25/09/26;TELEFONICA;PUT;Mar-27;3,80;3.45;22,78;-0,70;;220
25/09/26;TELEFONICA;PUT;Mar-27;3,90;3.45;22,47;-0,77;;724
25/09/26;TELEFONICA;PUT;Mar-27;4,00;3.45;22,16;-0,83;;681
25/09/26;TELEFONICA;PUT;Mar-27;4,10;3.45;21,85;-0,89;;29
25/09/26;TELEFONICA;PUT;Mar-27;4,20;3.45;21,54;-0,94;;600
25/09/26;TELEFONICA;PUT;Mar-27;4,50;3.45;20,62;-1,00;;20
25/09/26;TELEFONICA;PUT;Mar-27;4,60;3.45;20,31;-1,00;;20.000
25/09/26;TELEFONICA;PUT;Mar-27;6,00;3.45;15,98;-1,00;;20
25/09/26;TELEFONICA;PUT;Jun-27;3,10;3.45;23,40;-0,30;;2
25/09/26;TELEFONICA;PUT;Jun-27;3,20;3.45;22,98;-0,36;;25
25/09/26;TELEFONICA;PUT;Jun-27;3,30;3.45;22,57;-0,42;;25
25/09/26;TELEFONICA;PUT;Jun-27;3,40;3.45;22,15;-0,48;;41
25/09/26;TELEFONICA;PUT;Jun-27;3,50;3.45;21,79;-0,54;;52
25/09/26;TELEFONICA;PUT;Jun-27;3,60;3.45;21,48;-0,60;;25.100
25/09/26;TELEFONICA;PUT;Jun-27;3,70;3.45;21,17;-0,66;;22
25/09/26;TELEFONICA;PUT;Jun-27;3,80;3.45;20,86;-0,72;;4.565
25/09/26;TELEFONICA;PUT;Jun-27;3,90;3.45;20,55;-0,77;;19
25/09/26;TELEFONICA;PUT;Jun-27;4,00;3.45;20,24;-0,82;;10
25/09/26;TELEFONICA;PUT;Jun-27;4,10;3.45;19,93;-0,86;;20
25/09/26;TELEFONICA;PUT;Jun-27;4,20;3.45;19,62;-0,89;;20
25/09/26;TELEFONICA;PUT;Jun-27;4,30;3.45;19,31;-0,92;;20
25/09/26;TELEFONICA;PUT;Jun-27;4,40;3.45;19,00;-0,94;;5
25/09/26;TELEFONICA;PUT;Jun-27;4,60;3.45;18,39;-0,97;;4
25/09/26;TELEFONICA;PUT;Jun-27;5,00;3.45;17,15;-1,00;;96
25/09/26;TELEFONICA;PUT;Jun-27;5,50;3.45;15,60;-1,00;;240
25/09/26;TELEFONICA;PUT;Sep-27;2,50;3.45;23,88;-0,08;;20
25/09/26;TELEFONICA;PUT;Sep-27;2,90;3.45;22,52;-0,21;;33
25/09/26;TELEFONICA;PUT;Sep-27;3,00;3.45;22,19;-0,26;;6
25/09/26;TELEFONICA;PUT;Sep-27;3,10;3.45;21,85;-0,31;;1
25/09/26;TELEFONICA;PUT;Sep-27;3,20;3.45;21,51;-0,36;;5
25/09/26;TELEFONICA;PUT;Sep-27;3,40;3.45;20,83;-0,47;;55
25/09/26;TELEFONICA;PUT;Sep-27;3,70;3.45;20,01;-0,65;;2
25/09/26;TELEFONICA;PUT;Sep-27;3,80;3.45;19,75;-0,70;;1
25/09/26;TELEFONICA;PUT;Sep-27;4,00;3.45;19,23;-0,79;;4
25/09/26;TELEFONICA;PUT;Sep-27;4,10;3.45;18,97;-0,84;;21
25/09/26;TELEFONICA;PUT;Sep-27;4,20;3.45;18,71;-0,87;;2
25/09/26;TELEFONICA;PUT;Sep-27;5,75;3.45;14,66;-1,00;;25
25/09/26;TELEFONICA;PUT;Dic-27;2,20;3.45;25,72;-0,04;;6.000
25/09/26;TELEFONICA;PUT;Dic-27;2,80;3.45;23,92;-0,19;;15
25/09/26;TELEFONICA;PUT;Dic-27;3,00;3.45;23,32;-0,27;;7.500
25/09/26;TELEFONICA;PUT;Dic-27;3,20;3.45;22,72;-0,36;;1
25/09/26;TELEFONICA;PUT;Dic-27;3,30;3.45;22,42;-0,41;;5
25/09/26;TELEFONICA;PUT;Dic-27;3,40;3.45;22,12;-0,46;;10
25/09/26;TELEFONICA;PUT;Dic-27;3,50;3.45;21,86;-0,51;;10
25/09/26;TELEFONICA;PUT;Dic-27;3,60;3.45;21,64;-0,56;;30.000
25/09/26;TELEFONICA;PUT;Dic-27;3,70;3.45;21,42;-0,61;;5
25/09/26;TELEFONICA;PUT;Dic-27;3,80;3.45;21,20;-0,66;;9.003
25/09/26;TELEFONICA;PUT;Dic-27;4,00;3.45;20,75;-0,75;;20.003
25/09/26;TELEFONICA;PUT;Dic-27;4,10;3.45;20,53;-0,79;;3
25/09/26;TELEFONICA;PUT;Dic-27;4,20;3.45;20,31;-0,82;;1
25/09/26;TELEFONICA;PUT;Dic-27;4,30;3.45;20,09;-0,85;;4
25/09/26;TELEFONICA;PUT;Dic-27;4,40;3.45;19,86;-0,88;;3
25/09/26;TELEFONICA;PUT;Dic-27;4,50;3.45;19,64;-0,91;;3
25/09/26;TELEFONICA;PUT;Dic-27;4,60;3.45;19,42;-0,93;;250
25/09/26;TELEFONICA;PUT;Dic-27;4,70;3.45;19,20;-0,94;;30.000
25/09/26;TELEFONICA;PUT;Dic-27;5,00;3.45;18,53;-0,98;;5
25/09/26;TELEFONICA;PUT;Dic-27;5,50;3.45;17,42;-1,00;;5
25/09/26;TELEFONICA;PUT;Mar-28;2,70;3.45;24,45;-0,17;;4
25/09/26;TELEFONICA;PUT;Mar-28;3,30;3.45;22,89;-0,40;;6
25/09/26;TELEFONICA;PUT;Mar-28;3,60;3.45;22,19;-0,54;;10
25/09/26;TELEFONICA;PUT;Mar-28;3,80;3.45;21,79;-0,63;;1
25/09/26;TELEFONICA;PUT;Mar-28;3,90;3.45;21,58;-0,68;;40
25/09/26;TELEFONICA;PUT;Mar-28;4,00;3.45;21,38;-0,72;;25
25/09/26;TELEFONICA;PUT;Mar-28;4,30;3.45;20,77;-0,82;;2
25/09/26;TELEFONICA;PUT;Mar-28;4,50;3.45;20,36;-0,88;;1
25/09/26;TELEFONICA;PUT;Mar-28;4,60;3.45;20,16;-0,90;;1
25/09/26;TELEFONICA;PUT;Mar-28;4,90;3.45;19,55;-0,95;;2
25/09/26;TELEFONICA;PUT;Mar-28;5,25;3.45;18,84;-0,98;;4
25/09/26;TELEFONICA;PUT;Mar-28;5,50;3.45;18,33;-0,99;;17
25/09/26;TELEFONICA;PUT;Jun-28;3,60;3.45;22,36;-0,54;;3
25/09/26;TELEFONICA;PUT;Jun-28;4,10;3.45;21,49;-0,72;;25
25/09/26;TELEFONICA;PUT;Sep-28;4,00;3.45;21,80;-0,67;;25
25/09/26;TELEFONICA;PUT;Sep-28;4,20;3.45;21,47;-0,73;;25
25/09/26;TELEFONICA;PUT;Dic-28;3,00;3.45;23,62;-0,31;;20.000
25/09/26;TELEFONICA;PUT;Dic-28;3,40;3.45;22,92;-0,45;;3
25/09/26;TELEFONICA;PUT;Dic-28;3,50;3.45;22,76;-0,49;;5
25/09/26;TELEFONICA;PUT;Dic-28;4,80;3.45;20,88;-0,86;;50
25/09/26;TELEFONICA;PUT;Dic-29;3,50;3.45;23,14;-0,47;;150
25/09/26;TELEFONICA;CALL;Dic-26;3,70;3.45;23,10;0,30;;54
25/09/26;TELEFONICA;CALL;Dic-26;4,30;3.45;21,36;0,02;;27
25/09/26;TELEFONICA;CALL;Dic-26;5,25;3.45;18,60;;;190
25/09/26;TELEFONICA;CALL;Mar-27;3,80;3.45;22,50;0,32;;40
25/09/26;TELEFONICA;CALL;Sep-27;3,70;3.45;23,89;0,39;;10
25/09/26;TELEFONICA;PUT;Dic-26;3,40;3.45;23,47;-0,41;;4
25/09/26;TELEFONICA;PUT;Dic-26;3,50;3.45;22,95;-0,51;50;50
25/09/26;TELEFONICA;PUT;Dic-26;3,80;3.45;22,08;-0,78;;50
25/09/26;TELEFONICA;PUT;Dic-26;3,90;3.45;21,79;-0,85;;10
25/09/26;TELEFONICA;PUT;Dic-26;4,20;3.45;20,92;-0,96;;50
25/09/26;TELEFONICA;PUT;Dic-26;4,30;3.45;20,63;-0,98;;5
25/09/26;TELEFONICA;PUT;Dic-26;4,40;3.45;20,34;-0,99;;5
25/09/26;TELEFONICA;PUT;Dic-26;7,50;3.45;13,20;-0,99;;5
25/09/26;TELEFONICA;PUT;Dic-26;9,50;3.45;13,20;-0,99;;50
25/09/26;TELEFONICA;PUT;Dic-26;11,00;3.45;13,20;-0,99;;52
25/09/26;TELEFONICA;PUT;Dic-26;12,00;3.45;13,20;-0,99;;361
25/09/26;TELEFONICA;PUT;Dic-26;16,50;3.45;13,20;-0,99;;14
25/09/26;TELEFONICA;PUT;Mar-27;3,20;3.45;25,21;-0,28;;800
25/09/26;TELEFONICA;PUT;Mar-27;3,40;3.45;24,13;-0,40;;1.000
25/09/26;TELEFONICA;PUT;Mar-27;3,60;3.45;23,40;-0,53;;1.200
25/09/26;TELEFONICA;PUT;Mar-27;3,80;3.45;22,78;-0,67;;40
25/09/26;TELEFONICA;PUT;Mar-27;7,75;3.45;13,31;-0,99;;750
25/09/26;TELEFONICA;PUT;Jun-27;4,90;3.45;17,46;-0,97;;5
25/09/26;TELEFONICA;PUT;Jun-27;5,50;3.45;15,60;-0,98;;585
25/09/26;TELEFONICA;PUT;Sep-27;3,00;3.45;22,19;-0,24;;4
25/09/26;TELEFONICA;PUT;Dic-27;3,40;3.45;22,12;-0,42;;20
25/09/26;UNICAJA;CALL;Nov-26;3,50;3.63;28,23;0,66;;3
25/09/26;UNICAJA;CALL;Dic-26;3,40;3.63;27,97;0,72;;68
25/09/26;UNICAJA;CALL;Dic-26;3,50;3.63;27,93;0,65;;80
25/09/26;UNICAJA;CALL;Mar-27;3,30;3.63;28,82;0,74;;3
25/09/26;UNICAJA;PUT;Nov-26;3,70;3.63;21,72;-0,57;;3
25/09/26;UNICAJA;PUT;Dic-26;2,30;3.63;22,49;;;5
25/09/26;UNICAJA;PUT;Dic-26;2,50;3.63;22,40;;;4
25/09/26;UNICAJA;PUT;Dic-26;4,00;3.63;21,54;-0,82;;30
25/09/26;VIDRALA;CALL;Dic-26;80,00;88.4;20,99;0,86;;1
25/09/26;VIDRALA;CALL;Dic-26;88,00;88.4;19,09;0,56;;4
25/09/26;VIDRALA;CALL;Dic-26;90,00;88.4;18,88;0,47;;1
25/09/26;VIDRALA;CALL;Mar-27;84,00;88.4;19,26;0,71;;1
25/09/26;VIDRALA;CALL;Mar-27;90,00;88.4;18,43;0,49;;15
25/09/26;VIDRALA;PUT;Dic-26;60,00;88.4;26,24;;;1
25/09/26;VIDRALA;PUT;Dic-26;72,00;88.4;23,39;-0,03;;1
25/09/26;VIDRALA;PUT;Dic-26;74,00;88.4;22,91;-0,04;;3
25/09/26;VIDRALA;PUT;Dic-26;80,00;88.4;21,49;-0,14;;2
25/09/26;VIDRALA;PUT;Mar-27;58,00;88.4;22,70;;;1
25/09/26;VIDRALA;PUT;Mar-27;72,00;88.4;20,32;-0,07;;3
25/09/26;VIDRALA;PUT;Mar-27;76,00;88.4;19,64;-0,13;;10
25/09/26;VISCOFAN;CALL;Oct-26;55,02;53.7;16,18;0,29;;5
25/09/26;VISCOFAN;CALL;Oct-26;60,92;53.7;14,57;;;5
25/09/26;VISCOFAN;CALL;Nov-26;56,99;53.7;15,89;0,20;;4
25/09/26;VISCOFAN;CALL;Dic-26;62,89;53.7;14,88;0,02;;2
25/09/26;VISCOFAN;CALL;Dic-26;64,85;53.7;14,71;0,01;;1
25/09/26;VISCOFAN;CALL;Mar-27;55,02;53.7;18,11;0,44;;1
25/09/26;VISCOFAN;CALL;Mar-27;56,99;53.7;18,09;0,32;;1
25/09/26;VISCOFAN;CALL;Mar-27;72,71;53.7;17,89;0,01;;1
25/09/26;VISCOFAN;CALL;Jun-27;70,75;53.7;17,80;0,03;;5
25/09/26;VISCOFAN;CALL;Sep-27;60,92;53.7;18,58;0,26;;4
25/09/26;VISCOFAN;PUT;Oct-26;45,20;53.7;24,17;;;2
25/09/26;VISCOFAN;PUT;Oct-26;51,09;53.7;19,45;-0,13;;3
25/09/26;VISCOFAN;PUT;Oct-26;53,06;53.7;17,87;-0,37;;9
25/09/26;VISCOFAN;PUT;Oct-26;55,02;53.7;17,00;-0,71;;2
25/09/26;VISCOFAN;PUT;Nov-26;51,09;53.7;21,78;-0,25;;3
25/09/26;VISCOFAN;PUT;Nov-26;53,06;53.7;20,16;-0,41;;2
25/09/26;VISCOFAN;PUT;Nov-26;55,02;53.7;19,41;-0,60;;10
25/09/26;VISCOFAN;PUT;Nov-26;56,99;53.7;19,08;-0,78;;10
25/09/26;VISCOFAN;PUT;Dic-26;40,29;53.7;32,28;-0,02;;2
25/09/26;VISCOFAN;PUT;Dic-26;42,25;53.7;30,62;-0,04;;1
25/09/26;VISCOFAN;PUT;Dic-26;43,23;53.7;29,78;-0,05;;1
25/09/26;VISCOFAN;PUT;Dic-26;44,22;53.7;28,94;-0,07;;12
25/09/26;VISCOFAN;PUT;Dic-26;45,20;53.7;28,11;-0,08;;1
25/09/26;VISCOFAN;PUT;Dic-26;47,16;53.7;26,44;-0,13;;2
25/09/26;VISCOFAN;PUT;Dic-26;48,15;53.7;25,60;-0,16;;1
25/09/26;VISCOFAN;PUT;Dic-26;49,13;53.7;24,77;-0,20;;5
25/09/26;VISCOFAN;PUT;Dic-26;51,09;53.7;23,10;-0,29;;11
25/09/26;VISCOFAN;PUT;Dic-26;53,06;53.7;21,42;-0,42;;13
25/09/26;VISCOFAN;PUT;Dic-26;55,02;53.7;20,77;-0,56;;2
25/09/26;VISCOFAN;PUT;Mar-27;44,22;53.7;21,92;-0,10;;1
25/09/26;VISCOFAN;PUT;Mar-27;48,15;53.7;19,33;-0,22;;2
25/09/26;VISCOFAN;PUT;Mar-27;49,13;53.7;18,69;-0,27;;7
25/09/26;VISCOFAN;PUT;Mar-27;51,09;53.7;17,40;-0,37;;13
25/09/26;VISCOFAN;PUT;Mar-27;53,06;53.7;16,10;-0,50;;7
25/09/26;VISCOFAN;PUT;Mar-27;55,02;53.7;15,66;-0,64;;12
25/09/26;VISCOFAN;PUT;Mar-27;56,99;53.7;15,64;-0,76;;5
25/09/26;VISCOFAN;PUT;Jun-27;43,23;53.7;20,68;-0,12;;3
25/09/26;VISCOFAN;PUT;Jun-27;44,22;53.7;20,16;-0,14;;2
25/09/26;VISCOFAN;PUT;Jun-27;45,20;53.7;19,65;-0,16;;5
25/09/26;VISCOFAN;PUT;Jun-27;47,16;53.7;18,63;-0,22;;2
25/09/26;VISCOFAN;PUT;Jun-27;51,09;53.7;16,58;-0,39;;2
25/09/26;VISCOFAN;PUT;Jun-27;53,06;53.7;15,55;-0,50;;3
25/09/26;VISCOFAN;PUT;Sep-27;43,23;53.7;19,85;-0,13;1;1
25/09/26;VISCOFAN;PUT;Dic-27;44,22;53.7;19,07;-0,16;;1
25/09/26;VISCOFAN;PUT;Dic-28;44,22;53.7;18,17;-0,22;;1
